Goal_10;199186;0.0;0.5;134697;70208.6113;0.4711535266842424;0;0.0
Goal_9;199186;0.0;0.4444444444444444;132964;45148.312000000005;0.44444615092078177;342;0.0
Goal_8;199186;0.0;0.38888888888888884;134152;161499.0933;0.4159355347711045;3600;0.016428791420096515
Goal_1;199186;0.0;0.0;134049;158773.61549999996;0.41600309646448963;3600;0.010046785765207573
Goal_2;199186;0.0;0.05555555555555555;134196;163984.0661;0.4157046344245935;3600;0.008614780617562861
Goal_6;199186;0.0;0.2777777777777778;134004;159470.21429999996;0.4158129973995516;3600;0.011225493681892134
Goal_3;199186;0.0;0.1111111111111111;134080;160745.4795;0.41583400262391185;3600;0.009372957412410447
Goal_7;199186;0.0;0.3333333333333333;134127;161285.3088;0.4158843095055263;3600;0.015566275630989949
Goal_5;199186;0.0;0.2222222222222222;134176;162998.8308;0.4157907678113761;3600;0.010716792267438444
Goal_4;199186;0.0;0.16666666666666666;134248;165115.55659999998;0.41571287800082496;3600;0.011320707416403267
Goal_11;199186;208594.90970000002;0.0;135245;208978.7468;0.41346387862483375;3600;0.009740202455521721
Goal_20;199186;208594.90970000002;0.5;138437;208609.10009999995;0.48586090665462744;0;0.0
Goal_12;199186;208594.90970000002;0.05555555555555555;135183;208656.33729999996;0.41325199813217817;3600;0.009997641732933545
Goal_13;199186;208594.90970000002;0.1111111111111111;135198;208807.46569999994;0.4133211670399607;3600;0.010221373098787855
Goal_14;199186;208594.90970000002;0.16666666666666666;135324;209940.1165;0.4136018077521957;3600;0.011118884869447144
Goal_15;199186;208594.90970000002;0.2222222222222222;135152;208593.38299999997;0.41319449772000344;3600;0.011761992953630198
Goal_19;199186;208594.90970000002;0.4444444444444444;137834;208594.46949999998;0.44444438198495423;3600;0.002854248685150819
Goal_17;199186;208594.90970000002;0.3333333333333333;135180;208757.57970000003;0.41322865017676236;3600;0.014857586399153057
Goal_18;199186;208594.90970000002;0.38888888888888884;135134;208621.32559999998;0.41305451404440835;3600;0.018558482776842265
Goal_16;199186;208594.90970000002;0.2777777777777778;135192;208636.88050000003;0.4132853783293637;3600;0.012685451878129148
Goal_22;199186;417189.81940000004;0.05555555555555555;139057;373444.9617;0.41548467473364187;3600;0.012585656362969324
Goal_30;199186;417189.81940000004;0.5;142771;417189.6324000001;0.4942408819217796;0;0.0
Goal_21;199186;417189.81940000004;0.0;138972;371690.58780000004;0.4152019956973047;3600;0.012321206744445149
Goal_23;199186;417189.81940000004;0.1111111111111111;139162;377148.64050000004;0.41574620443428156;3600;0.012510590833777892
Goal_24;199186;417189.81940000004;0.16666666666666666;139115;376507.1436999999;0.4155907441848311;3600;0.012706624494029413
Goal_26;199186;417189.81940000004;0.2777777777777778;139096;377185.97070000006;0.4155430024541009;3600;0.015872220269602166
Goal_25;199186;417189.81940000004;0.2222222222222222;139108;376329.9616;0.4155767082303571;3600;0.014327745843418508
Goal_27;199186;417189.81940000004;0.3333333333333333;139108;376590.3254;0.4156222440811518;3600;0.01820987424004054
Goal_28;199186;417189.81940000004;0.38888888888888884;139273;383271.19740000006;0.4160894248165475;3600;0.022117909311161952
Goal_29;199186;417189.81940000004;0.4444444444444444;142207;417189.5334;0.44444423651885384;3600;0.0024666409021652075
Goal_32;199186;625784.7291000001;0.05555555555555555;139408;388140.8323;0.41653545343503046;3600;0.009695647635493205
Goal_40;199186;625784.7291000001;0.5;146691;625768.0956;0.49683536297220265;0;0.0
Goal_31;199186;625784.7291000001;0.0;139482;390397.20619999996;0.41673752504073297;3600;0.009592971542566994
Goal_33;199186;625784.7291000001;0.1111111111111111;139223;381111.33220000006;0.41594831549089273;3600;0.01071784870730627
Goal_34;199186;625784.7291000001;0.16666666666666666;139136;375570.4934;0.4156854628521782;3600;0.010667806340942889
Goal_35;199186;625784.7291000001;0.2222222222222222;139472;388419.1918;0.4167347904108159;3600;0.011376608090421902
Goal_37;199186;625784.7291000001;0.3333333333333333;139190;379253.25509999995;0.41585926373666077;3600;0.016331650020229942
Goal_36;199186;625784.7291000001;0.2777777777777778;139076;374549.78329999995;0.4156125525640516;3600;0.013688717195479075
Goal_38;199186;625784.7291000001;0.38888888888888884;139204;380305.7059000001;0.41586006685751425;3600;0.024103232501161295
Goal_42;199186;834379.6388000001;0.05555555555555555;138953;381289.23089999997;0.4151938138886586;3600;0.010799035803658414
Goal_41;199186;834379.6388000001;0.0;139054;386706.34140000003;0.41546707241115427;3600;0.009226777725029913
Goal_39;199186;625784.7291000001;0.4444444444444444;144437;592349.0375999999;0.44444412357147506;3600;0.009258615216511905
Goal_50;199186;834379.6388000001;0.5;148230;758745.9465;0.4937273776051702;0;0.0
Goal_43;199186;834379.6388000001;0.1111111111111111;139453;400569.7202999999;0.41665556542752785;3600;0.010230445440862313
Goal_44;199186;834379.6388000001;0.16666666666666666;139472;401652.93659999996;0.41670445759042324;3600;0.010511663618144148
Goal_45;199186;834379.6388000001;0.2222222222222222;139493;402732.6160000001;0.4167999573678547;3600;0.011801560091526556
Goal_46;199186;834379.6388000001;0.2777777777777778;139097;387875.2436;0.41558419952468123;3600;0.01703120841597295
Goal_48;199186;834379.6388000001;0.38888888888888884;138772;374675.8248;0.41469538603086675;3600;0.01872216337367558
Goal_47;199186;834379.6388000001;0.3333333333333333;139555;404360.6871999999;0.41699284142763343;3600;0.01462336020126616
Goal_49;199186;834379.6388000001;0.4444444444444444;144438;581848.4852000001;0.4444462677015908;3600;0.0045248422509335815
Goal_60;199186;1042974.5485;0.5;148230;758745.9465;0.4937273776051702;0;0.0
Goal_54;199186;1042974.5485;0.16666666666666666;139159;389624.9035000001;0.4157318832612317;3600;0.012640986744148746
Goal_51;199186;1042974.5485;0.0;139443;400431.92929999984;0.4166302884628123;3600;0.008927190954164603
Goal_53;199186;1042974.5485;0.1111111111111111;138989;383258.9001;0.41525037536219267;3600;0.013349800681468205
Goal_52;199186;1042974.5485;0.05555555555555555;139337;396852.33200000005;0.41631278829292884;3600;0.009843969246582379
Goal_55;199186;1042974.5485;0.2222222222222222;139115;387109.5351;0.415625552825253;3600;0.015035752190676637
Goal_56;199186;1042974.5485;0.2777777777777778;139295;395257.5078;0.4161849976332452;3600;0.016972616957637687
Goal_57;199186;1042974.5485;0.3333333333333333;139358;396897.87740000006;0.4163708607781382;3600;0.014308395048933002
Goal_58;199186;1042974.5485;0.38888888888888884;139446;401123.58989999996;0.4166484027856211;3600;0.018574400014388395
Goal_59;199186;1042974.5485;0.4444444444444444;144437;582856.3434;0.4444452829498195;3600;0.006000375869165218
Goal_61;199186;1251569.4582000002;0.0;139242;403242.2698;0.41602266666577287;3600;0.009139624811383773
Goal_70;199186;1251569.4582000002;0.5;148230;760299.7473;0.4937273776051702;0;0.0
Goal_63;199186;1251569.4582000002;0.1111111111111111;139191;401456.7597;0.4158236494363281;3600;0.012173931254656965
Goal_65;199186;1251569.4582000002;0.2222222222222222;139181;400217.0432999999;0.4158055928983461;3600;0.013091502022244964
Goal_64;199186;1251569.4582000002;0.16666666666666666;139238;403808.8322;0.4159816992204441;3600;0.010890471070914587
Goal_62;199186;1251569.4582000002;0.05555555555555555;139259;404682.51960000006;0.4160608684046716;3600;0.012800114037037728
Goal_66;199186;1251569.4582000002;0.2777777777777778;139213;403000.5883;0.4159007912390795;3600;0.011245871988591937
Goal_67;199186;1251569.4582000002;0.3333333333333333;138964;393346.4342;0.4152132933473986;3600;0.01863558615214855
Goal_69;199186;1251569.4582000002;0.4444444444444444;144434;599244.7742;0.4444437016487351;3600;0.004675928623402006
Goal_68;199186;1251569.4582000002;0.38888888888888884;139247;404447.1059;0.4160027714588816;3600;0.01565725099226427
Goal_71;199186;1460164.3679000002;0.0;139242;403242.2698;0.41602266666577287;3600;0.009139834854644745
Goal_80;199186;1460164.3679000002;0.5;148230;760299.7473;0.4937273776051702;0;0.0
Goal_72;199186;1460164.3679000002;0.05555555555555555;139259;404682.51960000006;0.4160608684046716;3600;0.012799796123665188
Goal_73;199186;1460164.3679000002;0.1111111111111111;139190;401327.9359;0.41582474879379716;3600;0.012195640372378986
Goal_75;199186;1460164.3679000002;0.2222222222222222;139181;400217.0432999999;0.4158055928983461;3600;0.01309684578740591
Goal_74;199186;1460164.3679000002;0.16666666666666666;139238;403808.8322;0.4159816992204441;3600;0.010893367191625494
Goal_76;199186;1460164.3679000002;0.2777777777777778;139213;403000.5883;0.4159007912390795;3600;0.011248513927639297
Goal_77;199186;1460164.3679000002;0.3333333333333333;138964;393346.4342;0.4152132933473986;3600;0.018615689647468858
Goal_78;199186;1460164.3679000002;0.38888888888888884;139247;404447.1059;0.4160027714588816;3600;0.015662459544531108
Goal_79;199186;1460164.3679000002;0.4444444444444444;144434;599244.7742;0.4444437016487351;3600;0.004681682638956352
Goal_82;199186;1668759.2776000001;0.05555555555555555;139259;404682.51960000006;0.4160608684046716;3600;0.012799796123665188
Goal_81;199186;1668759.2776000001;0.0;139242;403242.2698;0.41602266666577287;3600;0.00913437716554811
Goal_90;199186;1668759.2776000001;0.5;148230;760299.7473;0.4937273776051702;0;0.0
Goal_83;199186;1668759.2776000001;0.1111111111111111;139191;401456.7597;0.4158236494363281;3600;0.012172937145140273
Goal_84;199186;1668759.2776000001;0.16666666666666666;139238;403808.8322;0.4159816992204441;3600;0.010890943528792362
Goal_85;199186;1668759.2776000001;0.2222222222222222;139181;400217.0432999999;0.4158055928983461;3600;0.013095075489749928
Goal_86;199186;1668759.2776000001;0.2777777777777778;139213;403000.5883;0.4159007912390795;3600;0.011247280822501054
Goal_87;199186;1668759.2776000001;0.3333333333333333;138964;393346.4342;0.4152132933473986;3600;0.018624702466232008
Goal_88;199186;1668759.2776000001;0.38888888888888884;139247;404447.1059;0.4160027714588816;3600;0.015657374849376314
Goal_89;199186;1668759.2776000001;0.4444444444444444;144434;599244.7742;0.4444437016487351;3600;0.0046854597703064734
Goal_100;199186;1877354.1873;0.5;148230;760299.7473;0.4937273776051702;0;0.0
Goal_91;199186;1877354.1873;0.0;139242;403242.2698;0.41602266666577287;3600;0.009137092728697045
Goal_92;199186;1877354.1873;0.05555555555555555;139258;404714.7613000001;0.4160571971159322;3600;0.01278303446117916
Goal_93;199186;1877354.1873;0.1111111111111111;139191;401456.7597;0.4158236494363281;3600;0.012178355180086867
Goal_94;199186;1877354.1873;0.16666666666666666;139238;403808.8322;0.4159816992204441;3600;0.01087474657939001
Goal_95;199186;1877354.1873;0.2222222222222222;139181;400217.0432999999;0.4158055928983461;3600;0.013096812615284425
Goal_96;199186;1877354.1873;0.2777777777777778;139213;403000.5883;0.4159007912390795;3600;0.011249890110720692
Goal_97;199186;1877354.1873;0.3333333333333333;138964;393346.4342;0.4152132933473986;3600;0.018618478397157256
Goal_98;199186;1877354.1873;0.38888888888888884;139247;404447.1059;0.4160027714588816;3600;0.015660703132740796
Goal_99;199186;1877354.1873;0.4444444444444444;144434;599244.7742;0.4444437016487351;3600;0.004686225657670644
Goal_110;191360;0.0;0.5;134697;70208.6113;0.4711535266842424;0;0.0
Goal_109;191360;0.0;0.4444444444444444;132969;45254.7479;0.4444455183669432;212;1.8696445404091956E-9
Goal_101;191360;0.0;0.0;134180;164601.8654;0.41558407929515473;3600;0.00984836566391818
Goal_102;191360;0.0;0.05555555555555555;134057;158630.60979999998;0.4160449105628747;3600;0.008185926933162635
Goal_103;191360;0.0;0.1111111111111111;134192;164006.8645;0.41570523043692703;3600;0.010213225305242563
Goal_104;191360;0.0;0.16666666666666666;134104;160598.99229999998;0.41591266282356737;3600;0.008500377466714762
Goal_105;191360;0.0;0.2222222222222222;134295;167217.45109999998;0.41556225981755857;3600;0.010603651986186874
Goal_107;191360;0.0;0.3333333333333333;134240;165177.97520000002;0.41568014466052094;3600;0.012760645950872795
Goal_108;191360;0.0;0.38888888888888884;134057;158597.8047;0.4160619792068022;3600;0.021155888728731143
Goal_106;191360;0.0;0.2777777777777778;134070;158711.1696;0.41608625857240245;3600;0.013376669969586415
Goal_120;191360;208594.90970000002;0.5;138437;208609.10009999995;0.48586090665462744;0;0.0
Goal_111;191360;208594.90970000002;0.0;135139;209001.3083;0.41303699525186355;3600;0.00879295029916238
Goal_112;191360;208594.90970000002;0.05555555555555555;135186;208613.72139999998;0.41320822246731664;3600;0.009099162505707274
Goal_113;191360;208594.90970000002;0.1111111111111111;135200;208663.87529999993;0.413326654871753;3600;0.01128762294378557
Goal_115;191360;208594.90970000002;0.2222222222222222;135414;211745.64229999998;0.4136608039473245;3600;0.013566625946081948
Goal_114;191360;208594.90970000002;0.16666666666666666;135122;208564.44819999998;0.4131638351789534;3600;0.011480454429935092
Goal_116;191360;208594.90970000002;0.2777777777777778;135366;209495.8177;0.4137852806680863;3600;0.014596180877297032
Goal_117;191360;208594.90970000002;0.3333333333333333;135166;208783.3297;0.4132101871739735;3600;0.016904717085072064
Goal_118;191360;208594.90970000002;0.38888888888888884;135244;208611.86390000003;0.41347298979778346;3600;0.020750060664183726
Goal_121;191360;417189.81940000004;0.0;138988;372257.68860000005;0.41525291636838435;3600;0.012976484971453777
Goal_119;191360;208594.90970000002;0.4444444444444444;137836;208606.47919999997;0.44444416570075834;3600;0.0032791741550913813
Goal_130;191360;417189.81940000004;0.5;142771;417189.6324000001;0.4942408819217796;0;0.0
Goal_122;191360;417189.81940000004;0.05555555555555555;139047;374390.617;0.4154205897254854;3600;0.012915710910571478
Goal_123;191360;417189.81940000004;0.1111111111111111;138998;372043.75730000006;0.41529884633633585;3600;0.012986490460198596
Goal_124;191360;417189.81940000004;0.16666666666666666;139069;375230.7134;0.41547698975170677;3600;0.014343154330072432
Goal_125;191360;417189.81940000004;0.2222222222222222;139102;377547.2612;0.4155847396116833;3600;0.014815094479792184
Goal_126;191360;417189.81940000004;0.2777777777777778;139160;378434.4941;0.4157540075657158;3600;0.01724246449405036
Goal_127;191360;417189.81940000004;0.3333333333333333;139251;382904.03060000006;0.41603369827590664;3600;0.020506752792088943
Goal_128;191360;417189.81940000004;0.38888888888888884;138990;372337.79050000006;0.41526709390971234;3600;0.025353062304456137
Goal_129;191360;417189.81940000004;0.4444444444444444;142223;417189.4845;0.44444284258664774;3600;0.0015841165950194966
Goal_131;191360;625784.7291000001;0.0;139420;388116.7614;0.41654718914469485;3600;0.010433428127013183
Goal_132;191360;625784.7291000001;0.05555555555555555;139079;376649.70680000004;0.4155178510025635;3600;0.01490926535646719
Goal_140;191360;625784.7291000001;0.5;146691;625768.0956;0.49683536297220265;0;0.0
Goal_133;191360;625784.7291000001;0.1111111111111111;139482;389743.3600000001;0.41678715827482316;3600;0.01111769930425518
Goal_134;191360;625784.7291000001;0.16666666666666666;139368;385963.22330000007;0.4164314312354725;3600;0.011298881125017545
Goal_135;191360;625784.7291000001;0.2222222222222222;139454;389568.61410000006;0.41667192795596675;3600;0.012076681792643072
Goal_136;191360;625784.7291000001;0.2777777777777778;139451;387014.76190000004;0.41665335741079046;3600;0.013744888820601129
Goal_137;191360;625784.7291000001;0.3333333333333333;139467;389021.1801;0.41668509102256013;3600;0.016504532979303196
Goal_138;191360;625784.7291000001;0.38888888888888884;139338;383805.9567000001;0.41629102218853753;3600;0.020341571141312593
Goal_139;191360;625784.7291000001;0.4444444444444444;144404;581840.3944999999;0.44444694320369926;3600;0.01151864234749747
Goal_150;191360;834379.6388000001;0.5;148230;758745.9465;0.4937273776051702;0;0.0
Goal_143;191360;834379.6388000001;0.1111111111111111;139405;397653.8614;0.4164918070583786;3600;0.010923729388631969
Goal_141;191360;834379.6388000001;0.0;139444;401000.05619999993;0.41663889225237555;3600;0.010179886556678673
Goal_142;191360;834379.6388000001;0.05555555555555555;139217;392685.4149;0.4159704729964577;3600;0.015567358362982515
Goal_144;191360;834379.6388000001;0.16666666666666666;139201;390942.73339999985;0.41586823149859753;3600;0.01612124182475144
Goal_145;191360;834379.6388000001;0.2222222222222222;139415;400793.0454;0.41654319271428175;3600;0.01174185524981831
Goal_146;191360;834379.6388000001;0.2777777777777778;139449;400686.6387000001;0.41668642788188803;3600;0.013959292010523507
Goal_147;191360;834379.6388000001;0.3333333333333333;139388;398915.9111000001;0.41646374300646416;3600;0.01811917994769773
Goal_148;191360;834379.6388000001;0.38888888888888884;139216;393172.30759999994;0.4159424797705945;3600;0.02239996467425344
Goal_149;191360;834379.6388000001;0.4444444444444444;144437;582501.2348;0.4444434592936878;3600;0.00508557986281731
Goal_160;191360;1042974.5485;0.5;148230;758745.9465;0.4937273776051702;0;0.0
Goal_151;191360;1042974.5485;0.0;139097;388542.15099999995;0.4155708014386673;3600;0.013340784191381629
Goal_153;191360;1042974.5485;0.1111111111111111;139321;397138.69959999993;0.41623378389490906;3600;0.015535065458939004
Goal_154;191360;1042974.5485;0.16666666666666666;138936;382468.39149999997;0.41514696457414346;3600;0.015307240903394222
Goal_152;191360;1042974.5485;0.05555555555555555;139192;391207.709;0.4158465201380052;3600;0.015257160393300433
Goal_155;191360;1042974.5485;0.2222222222222222;139172;389696.5694;0.41577244561434185;3600;0.01587916508446008
Goal_156;191360;1042974.5485;0.2777777777777778;139095;386999.11129999993;0.41553679314172215;3600;0.01732376213061074
Goal_157;191360;1042974.5485;0.3333333333333333;139430;400542.21679999994;0.41658405258253095;3600;0.015441301545882543
Goal_158;191360;1042974.5485;0.38888888888888884;139443;399707.67019999993;0.416617391946069;3600;0.02145498571404296
Goal_159;191360;1042974.5485;0.4444444444444444;144435;583162.5456000001;0.44444405161709893;3600;0.006835400521113306
Goal_170;191360;1251569.4582000002;0.5;148230;760299.7473;0.4937273776051702;0;0.0
Goal_161;191360;1251569.4582000002;0.0;138716;383627.6112;0.41454912735024035;3600;0.012782779793282639
Goal_162;191360;1251569.4582000002;0.05555555555555555;139025;395629.60569999996;0.4153843831439078;3600;0.0127828754527034
Goal_164;191360;1251569.4582000002;0.16666666666666666;139226;402751.9515;0.41595206675888496;3600;0.01054795911812319
Goal_163;191360;1251569.4582000002;0.1111111111111111;139261;404420.2346000001;0.4160509977733498;3600;0.012176145501470831
Goal_165;191360;1251569.4582000002;0.2222222222222222;139157;400723.8106;0.4157329432259294;3600;0.017050416312760185
Goal_166;191360;1251569.4582000002;0.2777777777777778;139113;400156.0459000001;0.4156437847411764;3600;0.018666009643439837
Goal_167;191360;1251569.4582000002;0.3333333333333333;139124;399013.79099999997;0.41563191020364854;3600;0.022014621913040287
Goal_168;191360;1251569.4582000002;0.38888888888888884;139269;406476.2247000001;0.4161519056348411;3600;0.019100036584530748
Goal_169;191360;1251569.4582000002;0.4444444444444444;144434;598656.0634000001;0.4444434726385596;3600;0.004750704630788192
Goal_171;191360;1460164.3679000002;0.0;138716;383627.6112;0.41454912735024035;3600;0.012776565942429086
Goal_180;191360;1460164.3679000002;0.5;148230;760299.7473;0.4937273776051702;0;0.0
Goal_172;191360;1460164.3679000002;0.05555555555555555;139025;395629.60569999996;0.4153843831439078;3600;0.012726585940781573
Goal_173;191360;1460164.3679000002;0.1111111111111111;139261;404420.2346000001;0.4160509977733498;3600;0.012174551813291056
Goal_174;191360;1460164.3679000002;0.16666666666666666;139226;402751.9515;0.41595206675888496;3600;0.0105524035380861
Goal_175;191360;1460164.3679000002;0.2222222222222222;139158;401647.8423000001;0.4157419072210574;3600;0.01707770723939694
Goal_176;191360;1460164.3679000002;0.2777777777777778;139113;400156.0459000001;0.4156437847411764;3600;0.018666164582266873
Goal_177;191360;1460164.3679000002;0.3333333333333333;139124;399013.79099999997;0.41563191020364854;3600;0.022014745991075876
Goal_178;191360;1460164.3679000002;0.38888888888888884;139269;406476.2247000001;0.4161519056348411;3600;0.019088958383874765
Goal_179;191360;1460164.3679000002;0.4444444444444444;144434;598656.0634000001;0.4444434726385596;3600;0.004755505153522519
Goal_190;191360;1668759.2776000001;0.5;148230;760299.7473;0.4937273776051702;0;0.0
Goal_181;191360;1668759.2776000001;0.0;138716;383627.6112;0.41454912735024035;3600;0.012780387791861528
Goal_182;191360;1668759.2776000001;0.05555555555555555;139025;395629.60569999996;0.4153843831439078;3600;0.012732722941230385
Goal_183;191360;1668759.2776000001;0.1111111111111111;139261;404420.2346000001;0.4160509977733498;3600;0.01216594858030806
Goal_184;191360;1668759.2776000001;0.16666666666666666;139226;402751.9515;0.41595206675888496;3600;0.010550952693654102
Goal_185;191360;1668759.2776000001;0.2222222222222222;139158;401647.8423000001;0.4157419072210574;3600;0.017076157425674386
Goal_186;191360;1668759.2776000001;0.2777777777777778;139113;400156.0459000001;0.4156437847411764;3600;0.018664456615069627
Goal_187;191360;1668759.2776000001;0.3333333333333333;139124;399013.79099999997;0.41563191020364854;3600;0.02201115863411405
Goal_188;191360;1668759.2776000001;0.38888888888888884;139269;406476.2247000001;0.4161519056348411;3600;0.01909617660964508
Goal_189;191360;1668759.2776000001;0.4444444444444444;144434;598656.0634000001;0.4444434726385596;3600;0.004754237715338711
Goal_200;191360;1877354.1873;0.5;148230;760299.7473;0.4937273776051702;0;0.0
Goal_191;191360;1877354.1873;0.0;138716;383627.6112;0.41454912735024035;3600;0.012782996775661838
Goal_192;191360;1877354.1873;0.05555555555555555;139025;395629.60569999996;0.4153843831439078;3600;0.012762815282228663
Goal_193;191360;1877354.1873;0.1111111111111111;139261;404420.2346000001;0.4160509977733498;3600;0.012164127676680615
Goal_194;191360;1877354.1873;0.16666666666666666;139226;402751.9515;0.41595206675888496;3600;0.010557433636986252
Goal_195;191360;1877354.1873;0.2222222222222222;139157;400723.8106;0.4157329432259294;3600;0.017052069139938043
Goal_197;191360;1877354.1873;0.3333333333333333;139124;399013.79099999997;0.41563191020364854;3600;0.02201183852213249
Goal_196;191360;1877354.1873;0.2777777777777778;139113;400156.0459000001;0.4156437847411764;3600;0.018669055106952017
Goal_198;191360;1877354.1873;0.38888888888888884;139269;406476.2247000001;0.4161519056348411;3600;0.0190838744615709
Goal_199;191360;1877354.1873;0.4444444444444444;144434;598656.0634000001;0.4444434726385596;3600;0.004745754257871171
Goal_210;183534;0.0;0.5;134697;70208.6113;0.4711535266842424;0;0.0
Goal_201;183534;0.0;0.0;134174;163444.90209999998;0.4157196867629987;3600;0.008206036827469147
Goal_202;183534;0.0;0.05555555555555555;134291;168356.7322;0.41540407193258033;3600;0.010207236518110657
Goal_209;183534;0.0;0.4444444444444444;132970;45276.11290000001;0.4444451745497047;376;1.0750956551018038E-7
Goal_204;183534;0.0;0.16666666666666666;134095;159328.43149999995;0.4160588512910515;3600;0.01144207957018071
Goal_203;183534;0.0;0.1111111111111111;134344;170440.85510000002;0.4152809482827444;3600;0.012229394661430072
Goal_205;183534;0.0;0.2222222222222222;134278;166869.9116;0.4155666655990026;3600;0.010800095372512229
Goal_206;183534;0.0;0.2777777777777778;134106;160385.7232;0.41595572869960895;3600;0.012414468187277542
Goal_207;183534;0.0;0.3333333333333333;134013;156756.93050000002;0.41618140208878857;3600;0.014864430261957608
Goal_208;183534;0.0;0.38888888888888884;134156;162397.58729999998;0.4158052669667393;3600;0.021698373341574696
Goal_220;183534;208594.90970000002;0.5;138437;208609.10009999995;0.48586090665462744;0;0.0
Goal_211;183534;208594.90970000002;0.0;135225;209482.8963;0.41330712483140947;3600;0.010574945094667079
Goal_212;183534;208594.90970000002;0.05555555555555555;135146;208583.272;0.41314067694116186;3600;0.010713991403808548
Goal_213;183534;208594.90970000002;0.1111111111111111;135210;208825.5117;0.41333381676498654;3600;0.011947573447086066
Goal_214;183534;208594.90970000002;0.16666666666666666;135203;208595.1385;0.41351589118572024;3600;0.012594549279394924
Goal_215;183534;208594.90970000002;0.2222222222222222;135202;208597.38619999998;0.41338665179218365;3600;0.01372062342520853
Goal_216;183534;208594.90970000002;0.2777777777777778;135353;209316.7783;0.41374942893481576;3600;0.015786962735369357
Goal_217;183534;208594.90970000002;0.3333333333333333;135228;208700.2321;0.4136314494549956;3600;0.020377551319431586
Goal_218;183534;208594.90970000002;0.38888888888888884;135297;208609.41409999997;0.4136265832370553;3600;0.02475129468480808
Goal_219;183534;208594.90970000002;0.4444444444444444;137834;208603.841;0.444444957022582;3600;0.0032620019415743533
Goal_230;183534;417189.81940000004;0.5;142771;417189.6324000001;0.4942408819217796;0;0.0
Goal_221;183534;417189.81940000004;0.0;139066;375191.60409999994;0.41545113439747444;3600;0.013339735178828405
Goal_222;183534;417189.81940000004;0.05555555555555555;139095;376319.3517;0.415548589823235;3600;0.013798291124186521
Goal_223;183534;417189.81940000004;0.1111111111111111;139076;374837.0427;0.41548612753187397;3600;0.013947941450045864
Goal_224;183534;417189.81940000004;0.16666666666666666;139077;374227.7547;0.4155170869778034;3600;0.015029893174352282
Goal_225;183534;417189.81940000004;0.2222222222222222;139108;375753.88979999995;0.4155866307021436;3600;0.01640855817022452
Goal_227;183534;417189.81940000004;0.3333333333333333;139124;376927.4673;0.4156469995425739;3600;0.022421546232348585
Goal_226;183534;417189.81940000004;0.2777777777777778;139214;381442.59670000005;0.4159153101885434;3600;0.019377973547829188
Goal_228;183534;417189.81940000004;0.38888888888888884;139089;375835.0408;0.4155091251236209;3600;0.02961036343033128
Goal_229;183534;417189.81940000004;0.4444444444444444;142209;417171.79050000006;0.4444381150791784;3600;0.003504163047795739
Goal_240;183534;625784.7291000001;0.5;146691;625768.0956;0.49683536297220265;0;0.0
Goal_231;183534;625784.7291000001;0.0;139446;388935.1317000001;0.4166567153368707;3600;0.011171579066603548
Goal_232;183534;625784.7291000001;0.05555555555555555;139349;385739.5386;0.41643062060302194;3600;0.011914577292687877
Goal_233;183534;625784.7291000001;0.1111111111111111;139260;382351.1290000001;0.4160992552143508;3600;0.011778969046810774
Goal_234;183534;625784.7291000001;0.16666666666666666;139070;375804.4602;0.4154842000390587;3600;0.012596083226388572
Goal_235;183534;625784.7291000001;0.2222222222222222;139348;385103.76149999996;0.4163292634037602;3600;0.014016980659516676
Goal_236;183534;625784.7291000001;0.2777777777777778;139465;390072.2656;0.41669773017398115;3600;0.01515654744131774
Goal_237;183534;625784.7291000001;0.3333333333333333;139166;380117.38639999996;0.41577576372461916;3600;0.018057577969119002
Goal_238;183534;625784.7291000001;0.38888888888888884;139442;389310.2630999999;0.4166308822728159;3600;0.0232038892630761
Goal_239;183534;625784.7291000001;0.4444444444444444;144427;588167.5030999999;0.44444387255290174;3600;0.014146050336852676
Goal_250;183534;834379.6388000001;0.5;148230;758745.9465;0.4937273776051702;0;0.0
Goal_241;183534;834379.6388000001;0.0;139113;388996.0818;0.4156267494981251;3600;0.01131521266998279
Goal_242;183534;834379.6388000001;0.05555555555555555;139458;401248.4684;0.4167029604362685;3600;0.011401298635474766
Goal_243;183534;834379.6388000001;0.1111111111111111;139245;393667.8135;0.41601479656814294;3600;0.011336036467533943
Goal_244;183534;834379.6388000001;0.16666666666666666;139299;396044.5723000001;0.41616105477161086;3600;0.011895363530516435
Goal_245;183534;834379.6388000001;0.2222222222222222;139418;399616.45380000013;0.41655630700527185;3600;0.013285201029262369
Goal_246;183534;834379.6388000001;0.2777777777777778;139429;401077.40420000005;0.4165941481978692;3600;0.01542950331286662
Goal_247;183534;834379.6388000001;0.3333333333333333;139450;400296.6045;0.4166634438902439;3600;0.018759491084839677
Goal_248;183534;834379.6388000001;0.38888888888888884;139253;393214.1023000001;0.4160206195374496;3600;0.024173968776554616
Goal_249;183534;834379.6388000001;0.4444444444444444;144431;582683.4142000001;0.4444443420261786;3600;0.006535265855459677
Goal_260;183534;1042974.5485;0.5;148230;758745.9465;0.4937273776051702;0;0.0
Goal_251;183534;1042974.5485;0.0;139148;390133.8664000001;0.41571356657960823;3600;0.01488452550388703
Goal_252;183534;1042974.5485;0.05555555555555555;139368;396044.06210000004;0.4163803960208181;3600;0.015726941073030715
Goal_253;183534;1042974.5485;0.1111111111111111;139319;396291.4187;0.41623986386486994;3600;0.016199618240220495
Goal_254;183534;1042974.5485;0.16666666666666666;139181;391077.68549999996;0.4158084301023551;3600;0.01435623983553385
Goal_255;183534;1042974.5485;0.2222222222222222;139316;396466.8616;0.41624752768054146;3600;0.017418923223722686
Goal_256;183534;1042974.5485;0.2777777777777778;139124;387210.03969999996;0.41565696236614025;3600;0.01965664928901934
Goal_257;183534;1042974.5485;0.3333333333333333;139400;399485.7734;0.416498383359827;3600;0.01704591757271241
Goal_258;183534;1042974.5485;0.38888888888888884;139458;401986.91170000006;0.4166875940743094;3600;0.0237505769465896
Goal_259;183534;1042974.5485;0.4444444444444444;144435;583974.9759;0.4444451259783628;3600;0.008517792703328843
Goal_270;183534;1251569.4582000002;0.5;148230;760299.7473;0.4937273776051702;0;0.0
Goal_261;183534;1251569.4582000002;0.0;139218;403248.22159999993;0.4159252209814696;3600;0.013970320518609667
Goal_262;183534;1251569.4582000002;0.05555555555555555;139249;403568.6464;0.4160229550129164;3600;0.01563338801007264
Goal_263;183534;1251569.4582000002;0.1111111111111111;138977;392916.3819000001;0.4152627244155164;3600;0.015691539146845034
Goal_264;183534;1251569.4582000002;0.16666666666666666;139163;400173.32759999996;0.4157489455052883;3600;0.016574678230362294
Goal_265;183534;1251569.4582000002;0.2222222222222222;139227;401370.2907;0.41599392067400504;3600;0.017123275689944893
Goal_266;183534;1251569.4582000002;0.2777777777777778;139012;394190.7454000001;0.41531383264403077;3600;0.015345842051482235
Goal_267;183534;1251569.4582000002;0.3333333333333333;139234;402750.15670000005;0.4159554886836587;3600;0.020741577520466053
Goal_268;183534;1251569.4582000002;0.38888888888888884;139068;396534.64040000003;0.41547005290992123;3600;0.020824109718612423
Goal_269;183534;1251569.4582000002;0.4444444444444444;144438;597753.9608;0.4444468318863122;3600;0.005355604894162903
Goal_280;183534;1460164.3679000002;0.5;148230;760299.7473;0.4937273776051702;0;0.0
Goal_271;183534;1460164.3679000002;0.0;139218;403248.22159999993;0.4159252209814696;3600;0.013970015005626538
Goal_272;183534;1460164.3679000002;0.05555555555555555;139249;403568.6464;0.4160229550129164;3600;0.015633522518856725
Goal_273;183534;1460164.3679000002;0.1111111111111111;138977;392916.3819000001;0.4152627244155164;3600;0.015688805232790055
Goal_274;183534;1460164.3679000002;0.16666666666666666;139160;399855.9211;0.4157441400321702;3600;0.016596095718380013
Goal_275;183534;1460164.3679000002;0.2222222222222222;139227;401370.2907;0.41599392067400504;3600;0.017110182870893994
Goal_276;183534;1460164.3679000002;0.2777777777777778;139012;394190.7454000001;0.41531383264403077;3600;0.015360640212366725
Goal_277;183534;1460164.3679000002;0.3333333333333333;139234;402750.15670000005;0.4159554886836587;3600;0.02072307965911805
Goal_278;183534;1460164.3679000002;0.38888888888888884;139063;396486.1557;0.4154543964002876;3600;0.02078583553489026
Goal_279;183534;1460164.3679000002;0.4444444444444444;144438;597753.9608;0.4444468318863122;3600;0.005356331910966951
Goal_290;183534;1668759.2776000001;0.5;148230;760299.7473;0.4937273776051702;0;0.0
Goal_281;183534;1668759.2776000001;0.0;139218;403248.22159999993;0.4159252209814696;3600;0.013981571098046323
Goal_282;183534;1668759.2776000001;0.05555555555555555;139249;403568.6464;0.4160229550129164;3600;0.015627847154868278
Goal_283;183534;1668759.2776000001;0.1111111111111111;138977;392916.3819000001;0.4152627244155164;3600;0.015687456955073967
Goal_284;183534;1668759.2776000001;0.16666666666666666;139160;399855.9211;0.4157441400321702;3600;0.016593634889904646
Goal_285;183534;1668759.2776000001;0.2222222222222222;139227;401370.2907;0.41599392067400504;3600;0.017128284287774506
Goal_286;183534;1668759.2776000001;0.2777777777777778;139012;394190.7454000001;0.41531383264403077;3600;0.015340294435967404
Goal_287;183534;1668759.2776000001;0.3333333333333333;139234;402750.15670000005;0.4159554886836587;3600;0.02071570440920556
Goal_288;183534;1668759.2776000001;0.38888888888888884;139067;396647.0488;0.4154699853393239;3600;0.020844295257899072
Goal_289;183534;1668759.2776000001;0.4444444444444444;144438;597753.9608;0.4444468318863122;3600;0.0053547671102348055
Goal_300;183534;1877354.1873;0.5;148230;760299.7473;0.4937273776051702;0;0.0
Goal_291;183534;1877354.1873;0.0;139218;403248.22159999993;0.4159252209814696;3600;0.013981840324808833
Goal_292;183534;1877354.1873;0.05555555555555555;139249;403568.6464;0.4160229550129164;3600;0.01563926728537569
Goal_293;183534;1877354.1873;0.1111111111111111;138977;392916.3819000001;0.4152627244155164;3600;0.01569389197425605
Goal_294;183534;1877354.1873;0.16666666666666666;139160;399855.9211;0.4157441400321702;3600;0.01659285216912297
Goal_295;183534;1877354.1873;0.2222222222222222;139234;401709.6764;0.4160131581044733;3600;0.017088897834108253
Goal_296;183534;1877354.1873;0.2777777777777778;139012;394190.7454000001;0.41531383264403077;3600;0.015331933673929243
Goal_297;183534;1877354.1873;0.3333333333333333;139234;402750.15670000005;0.4159554886836587;3600;0.020733879586039474
Goal_298;183534;1877354.1873;0.38888888888888884;139063;396486.1557;0.4154543964002876;3600;0.020805089292393896
Goal_299;183534;1877354.1873;0.4444444444444444;144438;597753.9608;0.4444468318863122;3600;0.005356291661885528
Goal_310;175708;0.0;0.5;134697;70208.6113;0.4711535266842424;0;0.0
Goal_301;175708;0.0;0.0;134053;158062.4001;0.41612022447578256;3600;0.010418757295853403
Goal_302;175708;0.0;0.05555555555555555;134200;163985.3155;0.4157360998533539;3600;0.011285396725750456
Goal_303;175708;0.0;0.1111111111111111;134145;161207.20889999997;0.41595487885979265;3600;0.008853054333373194
Goal_309;175708;0.0;0.4444444444444444;132976;45402.512;0.4444454140380341;443;0.0
Goal_304;175708;0.0;0.16666666666666666;134075;159680.89419999998;0.41595388231044883;3600;0.012483367333536917
Goal_305;175708;0.0;0.2222222222222222;134155;161716.17969999995;0.41592724894115235;3600;0.014366653406344104
Goal_306;175708;0.0;0.2777777777777778;134009;157765.94120000003;0.4160429523552581;3600;0.015707773811088007
Goal_307;175708;0.0;0.3333333333333333;134108;160024.3179;0.41600323196939654;3600;0.017314726060198453
Goal_308;175708;0.0;0.38888888888888884;134202;165024.7151;0.4155815079845537;3600;0.022568496823617494
Goal_320;175708;208594.90970000002;0.5;138437;208609.10009999995;0.48586090665462744;0;0.0
Goal_311;175708;208594.90970000002;0.0;135200;208613.46750000003;0.4133246141248639;3600;0.012224667041030316
Goal_312;175708;208594.90970000002;0.05555555555555555;135235;208640.87029999998;0.41343269008707556;3600;0.01223422712358043
Goal_313;175708;208594.90970000002;0.1111111111111111;135273;208643.11430000002;0.41357136917162046;3600;0.012564554272693361
Goal_314;175708;208594.90970000002;0.16666666666666666;135234;208619.5815;0.413407432907087;3600;0.012641666731805291
Goal_315;175708;208594.90970000002;0.2222222222222222;135135;208932.67810000002;0.41312301376835736;3600;0.013750962428377657
Goal_316;175708;208594.90970000002;0.2777777777777778;135082;209522.6167;0.41281845012921764;3600;0.015124256014319062
Goal_317;175708;208594.90970000002;0.3333333333333333;135272;209872.74799999996;0.41345711659749135;3600;0.02133206992342825
Goal_318;175708;208594.90970000002;0.38888888888888884;135269;209486.74319999994;0.4135492989291466;3600;0.03037940916020763
Goal_319;175708;208594.90970000002;0.4444444444444444;137834;208611.73429999998;0.4444444051865984;3600;0.0037029796405765513
Goal_330;175708;417189.81940000004;0.5;142771;417189.6324000001;0.4942408819217796;0;0.0
Goal_321;175708;417189.81940000004;0.0;139058;374632.6295;0.41545410943400446;3600;0.014673398203399008
Goal_322;175708;417189.81940000004;0.05555555555555555;139153;377254.50200000004;0.4157151769405462;3600;0.014744380587428928
Goal_323;175708;417189.81940000004;0.1111111111111111;139154;376945.31570000004;0.415713732523299;3600;0.015130683784835704
Goal_324;175708;417189.81940000004;0.16666666666666666;139103;377244.8335;0.4156267803541836;3600;0.016559330955350966
Goal_325;175708;417189.81940000004;0.2222222222222222;139007;371099.2665000001;0.415325276506578;3600;0.01793632845541667
Goal_326;175708;417189.81940000004;0.2777777777777778;139103;376162.56619999994;0.4155735693389123;3600;0.020572295220836364
Goal_327;175708;417189.81940000004;0.3333333333333333;139089;376192.8611999999;0.41552385921331036;3600;0.02518671069366881
Goal_328;175708;417189.81940000004;0.38888888888888884;139170;378275.53799999994;0.415755700146891;3600;0.03408164720011641
Goal_329;175708;417189.81940000004;0.4444444444444444;142219;417189.1718;0.444441459646004;3600;0.0030945775247348847
Goal_340;175708;625784.7291000001;0.5;146691;625768.0956;0.49683536297220265;0;0.0
Goal_331;175708;625784.7291000001;0.0;139331;386772.58420000004;0.41631876356693204;3600;0.012396256018376248
Goal_332;175708;625784.7291000001;0.05555555555555555;139403;387701.59;0.41654103562202494;3600;0.01224166600793135
Goal_333;175708;625784.7291000001;0.1111111111111111;139401;389299.9277;0.41651723593569356;3600;0.012912480403450098
Goal_334;175708;625784.7291000001;0.16666666666666666;139270;383376.4562000001;0.41615745970480045;3600;0.013112053646696277
Goal_335;175708;625784.7291000001;0.2222222222222222;139445;388368.1777;0.41665242835291694;3600;0.014637046078281936
Goal_336;175708;625784.7291000001;0.2777777777777778;139457;390006.2450000001;0.41669288049731945;3600;0.017042279523930337
Goal_337;175708;625784.7291000001;0.3333333333333333;139460;390309.32240000006;0.41672066771224936;3600;0.02126955188837586
Goal_338;175708;625784.7291000001;0.38888888888888884;138970;371446.3092;0.41519624122388643;3600;0.025900584891500315
Goal_339;175708;625784.7291000001;0.4444444444444444;144422;577150.4021;0.4444466140317875;3600;0.016880616755645943
Goal_350;175708;834379.6388000001;0.5;148230;758745.9465;0.4937273776051702;0;0.0
Goal_341;175708;834379.6388000001;0.0;139336;396815.66409999994;0.41629558797702865;3600;0.011468628894819028
Goal_342;175708;834379.6388000001;0.05555555555555555;139461;401412.9766000001;0.41669282360361004;3600;0.011755651038734487
Goal_343;175708;834379.6388000001;0.1111111111111111;139491;402572.8597999999;0.4167741797536166;3600;0.012119938383664187
Goal_344;175708;834379.6388000001;0.16666666666666666;139436;401029.05269999994;0.416599467394254;3600;0.016976296387511764
Goal_345;175708;834379.6388000001;0.2222222222222222;139413;399388.2567999999;0.41652867431196566;3601;0.013458228155259495
Goal_346;175708;834379.6388000001;0.2777777777777778;139426;401264.88539999997;0.4165940891782656;3600;0.016866464678828175
Goal_347;175708;834379.6388000001;0.3333333333333333;139086;387982.6917;0.4155306176732819;3600;0.018810268595967312
Goal_348;175708;834379.6388000001;0.38888888888888884;139517;402353.2271000001;0.4168634593297992;3600;0.026086251893203027
Goal_349;175708;834379.6388000001;0.4444444444444444;144438;581937.4280999998;0.444446587836639;3600;0.008208087736229023
Goal_360;175708;1042974.5485;0.5;148230;758745.9465;0.4937273776051702;0;0.0
Goal_351;175708;1042974.5485;0.0;139102;387638.5217;0.41560814051978623;3600;0.016928380871820366
Goal_352;175708;1042974.5485;0.05555555555555555;138975;383815.2709;0.41521409199497916;3600;0.017116417586829795
Goal_353;175708;1042974.5485;0.1111111111111111;139193;390600.75659999996;0.4158437550522787;3600;0.016874986758560518
Goal_354;175708;1042974.5485;0.16666666666666666;139049;386527.8533000001;0.4154064922011183;3600;0.016899595351769645
Goal_355;175708;1042974.5485;0.2222222222222222;139165;390594.25169999996;0.4157624207012485;3600;0.013981358570240902
Goal_356;175708;1042974.5485;0.2777777777777778;139321;395187.91679999995;0.4162460234891409;3600;0.021383945863298313
Goal_357;175708;1042974.5485;0.3333333333333333;139465;400103.7674;0.41670548469962976;3600;0.021018897628556372
Goal_358;175708;1042974.5485;0.38888888888888884;139413;400632.2705;0.416535835584443;3600;0.02882787891483375
Goal_359;175708;1042974.5485;0.4444444444444444;144433;583207.6066;0.4444432578829005;3600;0.010499961069100207
Goal_370;175708;1251569.4582000002;0.5;148230;756379.3846999999;0.4937273776051702;0;0.0
Goal_361;175708;1251569.4582000002;0.0;139192;400012.7441;0.41586447259439935;3600;0.01648803596045323
Goal_362;175708;1251569.4582000002;0.05555555555555555;139297;403705.25220000005;0.41615793061964307;3600;0.01232950714698759
Goal_363;175708;1251569.4582000002;0.1111111111111111;138824;386503.0686000001;0.41480806282754773;3600;0.011455446196094518
Goal_364;175708;1251569.4582000002;0.16666666666666666;139355;406153.6995000001;0.4163277611531069;3600;0.016534137753706313
Goal_365;175708;1251569.4582000002;0.2222222222222222;139062;394020.95720000006;0.41547311402650866;3600;0.020405996487210077
Goal_366;175708;1251569.4582000002;0.2777777777777778;138848;386752.6744;0.41485341973377793;3600;0.02279225397338085
Goal_367;175708;1251569.4582000002;0.3333333333333333;139013;390289.2834000001;0.4153207169205783;3600;0.017660680035749863
Goal_368;175708;1251569.4582000002;0.38888888888888884;139163;398803.39800000004;0.4157839632498906;3600;0.039235916582699426
Goal_369;175708;1251569.4582000002;0.4444444444444444;144437;596047.4635000001;0.44444710658972914;3600;0.0072102499512807505
Goal_380;175708;1460164.3679000002;0.5;148230;756379.3846999999;0.4937273776051702;0;0.0
Goal_371;175708;1460164.3679000002;0.0;139192;400012.7441;0.41586447259439935;3600;0.016496491537524565
Goal_372;175708;1460164.3679000002;0.05555555555555555;139297;403705.25220000005;0.41615793061964307;3600;0.012350704088628702
Goal_373;175708;1460164.3679000002;0.1111111111111111;138824;386503.0686000001;0.41480806282754773;3600;0.011460542428541508
Goal_374;175708;1460164.3679000002;0.16666666666666666;139355;406153.6995000001;0.4163277611531069;3600;0.01652462391925223
Goal_375;175708;1460164.3679000002;0.2222222222222222;139062;394020.95720000006;0.41547311402650866;3600;0.020408097245138455
Goal_376;175708;1460164.3679000002;0.2777777777777778;138848;386752.6744;0.41485341973377793;3600;0.022795063283799964
Goal_377;175708;1460164.3679000002;0.3333333333333333;139013;390289.2834000001;0.4153207169205783;3600;0.017658752599618934
Goal_378;175708;1460164.3679000002;0.38888888888888884;139163;398803.39800000004;0.4157839632498906;3600;0.03924186633745361
Goal_379;175708;1460164.3679000002;0.4444444444444444;144437;596047.4635000001;0.44444710658972914;3600;0.007211306427070697
Goal_390;175708;1668759.2776000001;0.5;148230;756379.3846999999;0.4937273776051702;0;0.0
Goal_381;175708;1668759.2776000001;0.0;139192;400012.7441;0.41586447259439935;3600;0.016497003252227634
Goal_382;175708;1668759.2776000001;0.05555555555555555;139297;403705.25220000005;0.41615793061964307;3600;0.012363152176089758
Goal_383;175708;1668759.2776000001;0.1111111111111111;138824;386503.0686000001;0.41480806282754773;3600;0.011455787834747109
Goal_384;175708;1668759.2776000001;0.16666666666666666;139355;406153.6995000001;0.4163277611531069;3600;0.016533503450772463
Goal_385;175708;1668759.2776000001;0.2222222222222222;139062;394020.95720000006;0.41547311402650866;3600;0.02040544367695673
Goal_386;175708;1668759.2776000001;0.2777777777777778;138848;386752.6744;0.41485341973377793;3600;0.022796626376866996
Goal_387;175708;1668759.2776000001;0.3333333333333333;139013;390289.2834000001;0.4153207169205783;3600;0.0176607881415626
Goal_388;175708;1668759.2776000001;0.38888888888888884;139163;398803.39800000004;0.4157839632498906;3600;0.039235659894097
Goal_389;175708;1668759.2776000001;0.4444444444444444;144437;596047.4635000001;0.44444710658972914;3600;0.007202380311257916
Goal_400;175708;1877354.1873;0.5;148230;756379.3846999999;0.4937273776051702;0;0.0
Goal_391;175708;1877354.1873;0.0;139192;400012.7441;0.41586447259439935;3600;0.01649877354895049
Goal_392;175708;1877354.1873;0.05555555555555555;139297;403705.25220000005;0.41615793061964307;3600;0.01236534032040077
Goal_393;175708;1877354.1873;0.1111111111111111;138824;386503.0686000001;0.41480806282754773;3600;0.01145131317524381
Goal_394;175708;1877354.1873;0.16666666666666666;139355;406153.6995000001;0.4163277611531069;3600;0.016530648739481953
Goal_395;175708;1877354.1873;0.2222222222222222;139062;394020.95720000006;0.41547311402650866;3600;0.02040486620595215
Goal_396;175708;1877354.1873;0.2777777777777778;138848;386752.6744;0.41485341973377793;3600;0.02279675597487608
Goal_397;175708;1877354.1873;0.3333333333333333;139013;390289.2834000001;0.4153207169205783;3600;0.017659767646458924
Goal_398;175708;1877354.1873;0.38888888888888884;139163;398803.39800000004;0.4157839632498906;3600;0.03924193750271651
Goal_399;175708;1877354.1873;0.4444444444444444;144437;596047.4635000001;0.44444710658972914;3600;0.007205063481204698
Goal_410;167882;0.0;0.5;134697;70208.6113;0.4711535266842424;0;0.0
Goal_401;167882;0.0;0.0;134091;159450.1983;0.4160297334669254;3600;0.013332807078384355
Goal_402;167882;0.0;0.05555555555555555;134267;166412.7068;0.41558658153365063;3600;0.011579303168236256
Goal_403;167882;0.0;0.1111111111111111;134284;166835.09199999998;0.4155969181378316;3600;0.009710014512058862
Goal_409;167882;0.0;0.4444444444444444;132966;45191.7096;0.4444453988189974;432;0.0
Goal_404;167882;0.0;0.16666666666666666;134308;167939.8753;0.41551742660844915;3600;0.012060596569325214
Goal_405;167882;0.0;0.2222222222222222;134253;166474.35919999998;0.4155373617450435;3600;0.011866193843996889
Goal_406;167882;0.0;0.2777777777777778;134035;157660.97139999998;0.41611699759060683;3600;0.014426498739645402
Goal_407;167882;0.0;0.3333333333333333;134251;166881.27569999997;0.4154828194585085;3600;0.018351181282733497
Goal_408;167882;0.0;0.38888888888888884;134126;160216.3326;0.4160295548810793;3600;0.022786617819147762
Goal_420;167882;208594.90970000002;0.5;138437;208609.10009999995;0.48586090665462744;0;0.0
Goal_411;167882;208594.90970000002;0.0;135192;208583.14300000004;0.4132769935582932;3600;0.012994569061165074
Goal_412;167882;208594.90970000002;0.05555555555555555;135145;208637.53729999997;0.4132736614020583;3600;0.013345279126001077
Goal_413;167882;208594.90970000002;0.1111111111111111;135201;208830.36469999995;0.4133216938466442;3600;0.012606333485825664
Goal_414;167882;208594.90970000002;0.16666666666666666;135185;208583.05479999995;0.4132155359910793;3600;0.013658060233679973
Goal_415;167882;208594.90970000002;0.2222222222222222;135253;209090.9352;0.41338427793627835;3600;0.016713346583864513
Goal_416;167882;208594.90970000002;0.2777777777777778;135197;208596.15389999998;0.41339405933417517;3601;0.019176929713448386
Goal_418;167882;208594.90970000002;0.38888888888888884;135265;208712.32609999995;0.41348419723047625;3600;0.03299157260485015
Goal_417;167882;208594.90970000002;0.3333333333333333;135143;208794.90000000002;0.4131792843001912;3600;0.023950337988502515
Goal_419;167882;208594.90970000002;0.4444444444444444;137836;208609.98259999996;0.4444440616414776;3600;0.004854759161419571
Goal_430;167882;417189.81940000004;0.5;142771;417189.6324000001;0.4942408819217796;0;0.0
Goal_421;167882;417189.81940000004;0.0;139180;379953.97109999997;0.41580561713718645;3600;0.015830218684780285
Goal_422;167882;417189.81940000004;0.05555555555555555;139043;374350.78599999996;0.41539117678161297;3600;0.015935337757085066
Goal_423;167882;417189.81940000004;0.1111111111111111;138961;370346.4716000001;0.41516312482340356;3600;0.016276115922800514
Goal_424;167882;417189.81940000004;0.16666666666666666;139100;377076.81380000006;0.41556831921821435;3600;0.01837241419446545
Goal_425;167882;417189.81940000004;0.2222222222222222;139021;372447.8669000001;0.41531953802645905;3601;0.01974089959113503
Goal_426;167882;417189.81940000004;0.2777777777777778;139198;380731.32220000005;0.41586019138958097;3600;0.02328919289410782
Goal_427;167882;417189.81940000004;0.3333333333333333;139074;375501.3239;0.41548945651792335;3600;0.028871034714244403
Goal_428;167882;417189.81940000004;0.38888888888888884;139219;380810.6928999999;0.4159335969996484;3600;0.04233636824097572
Goal_429;167882;417189.81940000004;0.4444444444444444;142217;417188.95709999994;0.44444229573987326;3600;0.004998767073460835
Goal_440;167882;625784.7291000001;0.5;146691;625768.0956;0.49683536297220265;0;0.0
Goal_431;167882;625784.7291000001;0.0;139235;381254.3581;0.41597715779267636;3600;0.01211191935367193
Goal_432;167882;625784.7291000001;0.05555555555555555;139335;385432.76139999996;0.41632649763959606;3600;0.012632726139371608
Goal_433;167882;625784.7291000001;0.1111111111111111;139417;388540.47640000004;0.4165441631512288;3600;0.012710021259829693
Goal_434;167882;625784.7291000001;0.16666666666666666;139436;389757.4099000001;0.4165989231706378;3600;0.014363461679007733
Goal_435;167882;625784.7291000001;0.2222222222222222;139096;376242.4783000001;0.4155592927477342;3600;0.015724665176412533
Goal_436;167882;625784.7291000001;0.2777777777777778;139499;391355.9354;0.41682592045342043;3600;0.019380897928109063
Goal_437;167882;625784.7291000001;0.3333333333333333;139127;377286.1625999999;0.41569620542814784;3600;0.023664767772774667
Goal_438;167882;625784.7291000001;0.38888888888888884;139376;386335.9199000001;0.4164139431776766;3600;0.03353059620982724
Goal_439;167882;625784.7291000001;0.4444444444444444;144409;576790.4349;0.4444451291155621;3600;0.02372054213193858
Goal_441;167882;834379.6388000001;0.0;139444;401186.6463000001;0.4166398468874564;3600;0.01275948696493686
Goal_450;167882;834379.6388000001;0.5;148230;758745.9465;0.4937273776051702;0;0.0
Goal_442;167882;834379.6388000001;0.05555555555555555;139442;401527.77160000004;0.41665762502085973;3600;0.012772558396664599
Goal_443;167882;834379.6388000001;0.1111111111111111;139368;397689.50560000003;0.4164257049790566;3600;0.013594884206180461
Goal_444;167882;834379.6388000001;0.16666666666666666;139438;401259.8438999999;0.41660170533709634;3600;0.013901501643052134
Goal_445;167882;834379.6388000001;0.2222222222222222;139416;400481.4663000001;0.4165430703524529;3600;0.015946684564231085
Goal_446;167882;834379.6388000001;0.2777777777777778;139214;392108.0639;0.4159370077645858;3600;0.018230600126507936
Goal_447;167882;834379.6388000001;0.3333333333333333;139084;386899.95410000003;0.4155303891851331;3600;0.017913573056223597
Goal_448;167882;834379.6388000001;0.38888888888888884;138977;383708.86319999996;0.4152306303539313;3600;0.03328127787752574
Goal_449;167882;834379.6388000001;0.4444444444444444;144440;583540.4962;0.4444461899302186;3600;0.010762432235988372
Goal_460;167882;1042974.5485;0.5;148230;758745.9465;0.4937273776051702;0;0.0
Goal_451;167882;1042974.5485;0.0;138991;383990.0319;0.41525944982221163;3600;0.01735711122746043
Goal_452;167882;1042974.5485;0.05555555555555555;139138;389683.5107;0.41566906040795865;3600;0.015468642689688984
Goal_453;167882;1042974.5485;0.1111111111111111;139112;387370.7807;0.4155968302316026;3600;0.01908530999834248
Goal_454;167882;1042974.5485;0.16666666666666666;139151;389631.32320000004;0.4157062343537257;3600;0.019724437659047325
Goal_455;167882;1042974.5485;0.2222222222222222;139223;392103.9170000001;0.4159524304880773;3600;0.021127439120386896
Goal_456;167882;1042974.5485;0.2777777777777778;139182;390050.5088;0.4158135932197086;3600;0.026312825992978364
Goal_457;167882;1042974.5485;0.3333333333333333;138976;382735.8338;0.41521135048159563;3600;0.023863156391838825
Goal_458;167882;1042974.5485;0.38888888888888884;139392;398255.4210000001;0.4164713180716617;3600;0.03483686842836956
Goal_459;167882;1042974.5485;0.4444444444444444;144434;581462.1308;0.44444456749352024;3600;0.01259106697547366
Goal_470;167882;1251569.4582000002;0.5;148230;756379.3846999999;0.4937273776051702;0;0.0
Goal_461;167882;1251569.4582000002;0.0;139447;410171.1283999999;0.41666310032232295;3600;0.012096461314784332
Goal_462;167882;1251569.4582000002;0.05555555555555555;139291;403947.2899000001;0.41616007278590506;3600;0.012144106281912733
Goal_463;167882;1251569.4582000002;0.1111111111111111;138968;390944.33420000004;0.4152218313037634;3600;0.019261758567975018
Goal_464;167882;1251569.4582000002;0.16666666666666666;139310;405202.1763;0.4162247021664667;3600;0.020036714445694513
Goal_465;167882;1251569.4582000002;0.2222222222222222;139110;397365.3889;0.4156351590084473;3600;0.020508688023341635
Goal_466;167882;1251569.4582000002;0.2777777777777778;139319;404745.2968;0.4162559794371754;3600;0.025552624646023845
Goal_467;167882;1251569.4582000002;0.3333333333333333;139134;398310.0345;0.4156586841084076;3600;0.021229086179305467
Goal_468;167882;1251569.4582000002;0.38888888888888884;139284;404182.81110000005;0.4161451761264864;3600;0.0487590153962509
Goal_469;167882;1251569.4582000002;0.4444444444444444;144437;595451.0043;0.44444938824845087;3600;0.010287023773453672
Goal_480;167882;1460164.3679000002;0.5;148230;756379.3846999999;0.4937273776051702;0;0.0
Goal_471;167882;1460164.3679000002;0.0;139447;410171.1283999999;0.41666310032232295;3600;0.012095249069115927
Goal_472;167882;1460164.3679000002;0.05555555555555555;139291;403947.2899000001;0.41616007278590506;3600;0.012147874726474632
Goal_473;167882;1460164.3679000002;0.1111111111111111;138968;390944.33420000004;0.4152218313037634;3600;0.01926152275989313
Goal_474;167882;1460164.3679000002;0.16666666666666666;139310;405202.1763;0.4162247021664667;3600;0.020036362911912846
Goal_475;167882;1460164.3679000002;0.2222222222222222;139110;397365.3889;0.4156351590084473;3600;0.020514651257296446
Goal_476;167882;1460164.3679000002;0.2777777777777778;139319;404745.2968;0.4162559794371754;3600;0.025539721586509228
Goal_477;167882;1460164.3679000002;0.3333333333333333;139134;398310.0345;0.4156586841084076;3600;0.02122697778212635
Goal_478;167882;1460164.3679000002;0.38888888888888884;139283;404106.4635;0.416142218076608;3600;0.0487515941373239
Goal_479;167882;1460164.3679000002;0.4444444444444444;144437;595451.0043;0.44444938824845087;3600;0.010288257110334868
Goal_490;167882;1668759.2776000001;0.5;148230;756379.3846999999;0.4937273776051702;0;0.0
Goal_481;167882;1668759.2776000001;0.0;139447;410171.1283999999;0.41666310032232295;3600;0.012090150108107902
Goal_482;167882;1668759.2776000001;0.05555555555555555;139291;403947.2899000001;0.41616007278590506;3600;0.012149903276794766
Goal_483;167882;1668759.2776000001;0.1111111111111111;138965;390394.0347000001;0.4152217431758646;3600;0.019301962397110836
Goal_484;167882;1668759.2776000001;0.16666666666666666;139310;405202.1763;0.4162247021664667;3600;0.020027424409340116
Goal_485;167882;1668759.2776000001;0.2222222222222222;139110;397365.3889;0.4156351590084473;3600;0.020505875983071884
Goal_486;167882;1668759.2776000001;0.2777777777777778;139319;404745.2968;0.4162559794371754;3600;0.02554649156672395
Goal_487;167882;1668759.2776000001;0.3333333333333333;139134;398310.0345;0.4156586841084076;3600;0.021224571156465557
Goal_488;167882;1668759.2776000001;0.38888888888888884;139284;404182.81110000005;0.4161451761264864;3601;0.04875512667132589
Goal_489;167882;1668759.2776000001;0.4444444444444444;144437;595451.0043;0.44444938824845087;3600;0.010288895738054752
Goal_500;167882;1877354.1873;0.5;148230;756379.3846999999;0.4937273776051702;0;0.0
Goal_491;167882;1877354.1873;0.0;139447;410171.1283999999;0.41666310032232295;3600;0.012098565784054476
Goal_492;167882;1877354.1873;0.05555555555555555;139291;403947.2899000001;0.41616007278590506;3600;0.012151749064736239
Goal_493;167882;1877354.1873;0.1111111111111111;138965;390394.0347000001;0.4152217431758646;3600;0.019302173208267513
Goal_494;167882;1877354.1873;0.16666666666666666;139310;405202.1763;0.4162247021664667;3600;0.020039263336184596
Goal_495;167882;1877354.1873;0.2222222222222222;139110;397365.3889;0.4156351590084473;3600;0.02050571822169081
Goal_496;167882;1877354.1873;0.2777777777777778;139319;404745.2968;0.4162559794371754;3600;0.025538889896122262
Goal_497;167882;1877354.1873;0.3333333333333333;139134;398310.0345;0.4156586841084076;3600;0.021228058165304334
Goal_498;167882;1877354.1873;0.38888888888888884;139283;404106.4635;0.416142218076608;3600;0.04873349150790116
Goal_499;167882;1877354.1873;0.4444444444444444;144437;595451.0043;0.44444938824845087;3600;0.010277922847252362
Goal_510;160056;0.0;0.5;134697;70208.6113;0.4711535266842424;0;0.0
Goal_501;160056;0.0;0.0;134153;162753.72999999998;0.4157599265099156;3600;0.009804011745957074
Goal_502;160056;0.0;0.05555555555555555;134104;160236.6171;0.4159634910468613;3600;0.013018590255435517
Goal_509;160056;0.0;0.4444444444444444;132976;45402.31580000001;0.4444456061283161;361;0.0
Goal_503;160056;0.0;0.1111111111111111;134201;164341.83349999998;0.4156714984468028;3600;0.012939513428344443
Goal_504;160056;0.0;0.16666666666666666;134136;161219.1875;0.41591943705951173;3600;0.015567077521773222
Goal_505;160056;0.0;0.2222222222222222;134143;161296.7739;0.41592031701422144;3600;0.015577743912457045
Goal_506;160056;0.0;0.2777777777777778;134071;159518.44619999998;0.4159620050967204;3600;0.014555269729887951
Goal_507;160056;0.0;0.3333333333333333;134268;166096.68769999998;0.41563995555513944;3600;0.02055896956269292
Goal_508;160056;0.0;0.38888888888888884;134060;158686.86559999996;0.4160390764911209;3600;0.025631858830549244
Goal_520;160056;208594.90970000002;0.5;138437;208609.10009999995;0.48586090665462744;0;0.0
Goal_511;160056;208594.90970000002;0.0;135102;208582.57960000003;0.41306044664078395;3600;0.013293099724554015
Goal_512;160056;208594.90970000002;0.05555555555555555;135217;208686.54299999998;0.41336619919827255;3600;0.013923728504398077
Goal_513;160056;208594.90970000002;0.1111111111111111;135307;208599.12469999996;0.41383075396069463;3600;0.016519092278626253
Goal_514;160056;208594.90970000002;0.16666666666666666;135236;208602.85639999996;0.4135171299762105;3601;0.01621327686875113
Goal_515;160056;208594.90970000002;0.2222222222222222;135186;208612.99169999996;0.41329024399633335;3600;0.017675120658650793
Goal_516;160056;208594.90970000002;0.2777777777777778;135449;209169.34079999998;0.4141354779686405;3600;0.022238624776544726
Goal_517;160056;208594.90970000002;0.3333333333333333;135216;208592.8117;0.41336862687376663;3600;0.026496600813204554
Goal_518;160056;208594.90970000002;0.38888888888888884;135240;208589.04020000002;0.413474745733246;3600;0.04015558673497618
Goal_519;160056;208594.90970000002;0.4444444444444444;137831;208614.63279999996;0.44444441895002706;3600;0.00557558763066649
Goal_530;160056;417189.81940000004;0.5;142771;417189.6324000001;0.4942408819217796;0;0.0
Goal_521;160056;417189.81940000004;0.0;139188;380086.30600000004;0.41582245304672183;3600;0.017254619243768095
Goal_522;160056;417189.81940000004;0.05555555555555555;139024;372761.7131;0.41533552730950285;3600;0.016799908443791367
Goal_523;160056;417189.81940000004;0.1111111111111111;139043;374478.7236;0.41538766960622325;3600;0.01819919811448201
Goal_524;160056;417189.81940000004;0.16666666666666666;139417;389894.82009999995;0.4165443498083133;3600;0.019597945598751783
Goal_525;160056;417189.81940000004;0.2222222222222222;139136;379217.5397;0.4156794496413604;3600;0.021789976895421875
Goal_526;160056;417189.81940000004;0.2777777777777778;139076;375462.6288;0.4155355729344247;3600;0.02669148280475282
Goal_527;160056;417189.81940000004;0.3333333333333333;139123;377694.35880000005;0.41562643377450864;3600;0.033521102683036326
Goal_528;160056;417189.81940000004;0.38888888888888884;139177;378465.7826;0.415813326957097;3600;0.052806110848598944
Goal_529;160056;417189.81940000004;0.4444444444444444;142216;417185.2447;0.444443374317542;3600;0.007636152238991965
Goal_540;160056;625784.7291000001;0.5;146691;625768.0956;0.49683536297220265;0;0.0
Goal_531;160056;625784.7291000001;0.0;139423;389409.3051;0.4165635164510361;3600;0.013437802450546236
Goal_532;160056;625784.7291000001;0.05555555555555555;139396;386223.3206000001;0.4165140112062839;3600;0.013231105539282433
Goal_533;160056;625784.7291000001;0.1111111111111111;139106;376911.95160000003;0.4155975523405492;3600;0.014860512838566955
Goal_534;160056;625784.7291000001;0.16666666666666666;139402;387783.18660000013;0.4165071603576254;3600;0.01611799395283652
Goal_535;160056;625784.7291000001;0.2222222222222222;139453;390520.73270000005;0.41666255402732577;3600;0.018326706037185905
Goal_536;160056;625784.7291000001;0.2777777777777778;139268;380991.8940999999;0.41608371257236143;3600;0.020938643130020015
Goal_537;160056;625784.7291000001;0.3333333333333333;139293;384684.9646;0.4162090916249713;3600;0.02796835889494392
Goal_538;160056;625784.7291000001;0.38888888888888884;139531;391792.72000000015;0.41694048873708117;3600;0.04485757424947623
Goal_539;160056;625784.7291000001;0.4444444444444444;144431;579267.7372999999;0.4444453502618974;3600;0.03494737388046295
Goal_550;160056;834379.6388000001;0.5;148230;758745.9465;0.4937273776051702;0;0.0
Goal_541;160056;834379.6388000001;0.0;139321;397015.90280000016;0.41625383023947293;3600;0.017787804087399557
Goal_542;160056;834379.6388000001;0.05555555555555555;139435;400291.9449;0.41660966348197537;3600;0.014043872533413456
Goal_543;160056;834379.6388000001;0.1111111111111111;139282;395847.8303;0.41615111447191905;3600;0.013892756527894077
Goal_544;160056;834379.6388000001;0.16666666666666666;139321;396071.0574;0.4162721861272778;3600;0.015945849488098567
Goal_545;160056;834379.6388000001;0.2222222222222222;139441;400675.27040000004;0.4166121142000817;3600;0.017072764735490846
Goal_546;160056;834379.6388000001;0.2777777777777778;139309;397208.4992;0.41624107698586327;3600;0.020495484240471377
Goal_547;160056;834379.6388000001;0.3333333333333333;139108;388312.49689999997;0.4156083030949417;3600;0.03247201073577987
Goal_548;160056;834379.6388000001;0.38888888888888884;139396;400320.328;0.4164830403507221;3600;0.044271131189653264
Goal_549;160056;834379.6388000001;0.4444444444444444;144434;582568.6006;0.44444390249229826;3600;0.017949901091207192
Goal_560;160056;1042974.5485;0.5;148230;758745.9465;0.4937273776051702;0;0.0
Goal_551;160056;1042974.5485;0.0;139204;390866.8685000001;0.4158693171559138;3600;0.01690485656012803
Goal_552;160056;1042974.5485;0.05555555555555555;139021;384184.13539999997;0.4153353083098943;3600;0.02000141464439653
Goal_553;160056;1042974.5485;0.1111111111111111;139302;395783.2204000001;0.41620064357033004;3600;0.019453267654770654
Goal_554;160056;1042974.5485;0.16666666666666666;139136;390471.77249999996;0.4157177955622243;3600;0.022454516286314324
Goal_555;160056;1042974.5485;0.2222222222222222;139384;398083.1980999999;0.4164513080763197;3600;0.025523804410438427
Goal_556;160056;1042974.5485;0.2777777777777778;139094;386238.96009999997;0.4155592684319677;3600;0.030008196539563426
Goal_557;160056;1042974.5485;0.3333333333333333;139468;401729.2203;0.41669795215692096;3600;0.028279342447526046
Goal_558;160056;1042974.5485;0.38888888888888884;139576;405997.6429;0.41708981116923877;3600;0.043455903753137355
Goal_559;160056;1042974.5485;0.4444444444444444;144437;581187.5025000001;0.44444714031615634;3600;0.017773836829594238
Goal_570;160056;1251569.4582000002;0.5;148230;756379.3846999999;0.4937273776051702;0;0.0
Goal_561;160056;1251569.4582000002;0.0;138959;393548.65510000003;0.41518922489661586;3600;0.019956579937745172
Goal_562;160056;1251569.4582000002;0.05555555555555555;139238;401481.1729;0.41597504686548575;3600;0.01938374557822005
Goal_563;160056;1251569.4582000002;0.1111111111111111;139290;403574.8029;0.4161631953463523;3600;0.02044537746093104
Goal_564;160056;1251569.4582000002;0.16666666666666666;139177;399413.7887000001;0.41580967820876336;3600;0.020185345261699867
Goal_565;160056;1251569.4582000002;0.2222222222222222;139059;395415.12169999984;0.4154499238814309;3600;0.024899642902421238
Goal_566;160056;1251569.4582000002;0.2777777777777778;139090;395527.21119999996;0.415540324840391;3600;0.030574706466730082
Goal_567;160056;1251569.4582000002;0.3333333333333333;139243;401910.3894;0.4160547424118298;3600;0.037668890566852756
Goal_568;160056;1251569.4582000002;0.38888888888888884;139325;405093.84570000006;0.4162735429768252;3600;0.03709839907029575
Goal_569;160056;1251569.4582000002;0.4444444444444444;144433;596722.6392999998;0.4444452411806424;3600;0.016698690100821093
Goal_580;160056;1460164.3679000002;0.5;148230;756379.3846999999;0.4937273776051702;0;0.0
Goal_571;160056;1460164.3679000002;0.0;138959;393548.65510000003;0.41518922489661586;3600;0.019952784947150515
Goal_572;160056;1460164.3679000002;0.05555555555555555;139238;401481.1729;0.41597504686548575;3600;0.019382558774838386
Goal_573;160056;1460164.3679000002;0.1111111111111111;139290;403574.8029;0.4161631953463523;3600;0.020454709945158127
Goal_574;160056;1460164.3679000002;0.16666666666666666;139177;399413.7887000001;0.41580967820876336;3600;0.02019484928196561
Goal_575;160056;1460164.3679000002;0.2222222222222222;139059;395415.12169999984;0.4154499238814309;3600;0.024903087763357184
Goal_576;160056;1460164.3679000002;0.2777777777777778;139090;395527.21119999996;0.415540324840391;3600;0.030571948127426765
Goal_577;160056;1460164.3679000002;0.3333333333333333;139243;401910.3894;0.4160547424118298;3600;0.03766787174270932
Goal_578;160056;1460164.3679000002;0.38888888888888884;139325;405093.84570000006;0.4162735429768252;3600;0.037093359704412916
Goal_579;160056;1460164.3679000002;0.4444444444444444;144433;596722.6392999998;0.4444452411806424;3600;0.016704112473615217
Goal_590;160056;1668759.2776000001;0.5;148230;756379.3846999999;0.4937273776051702;0;0.0
Goal_581;160056;1668759.2776000001;0.0;138959;393548.65510000003;0.41518922489661586;3600;0.01995528449820953
Goal_582;160056;1668759.2776000001;0.05555555555555555;139238;401481.1729;0.41597504686548575;3600;0.01938111127766802
Goal_583;160056;1668759.2776000001;0.1111111111111111;139290;403574.8029;0.4161631953463523;3600;0.020453726943619344
Goal_584;160056;1668759.2776000001;0.16666666666666666;139177;399413.7887000001;0.41580967820876336;3600;0.020182864837534103
Goal_585;160056;1668759.2776000001;0.2222222222222222;139059;395415.12169999984;0.4154499238814309;3600;0.024898269766660763
Goal_586;160056;1668759.2776000001;0.2777777777777778;139090;395527.21119999996;0.415540324840391;3600;0.030567606445597705
Goal_587;160056;1668759.2776000001;0.3333333333333333;139243;401910.3894;0.4160547424118298;3600;0.03765908447469793
Goal_588;160056;1668759.2776000001;0.38888888888888884;139325;405093.84570000006;0.4162735429768252;3600;0.03706597192579603
Goal_589;160056;1668759.2776000001;0.4444444444444444;144433;596722.6392999998;0.4444452411806424;3600;0.016705480293360622
Goal_600;160056;1877354.1873;0.5;148230;756379.3846999999;0.4937273776051702;0;0.0
Goal_591;160056;1877354.1873;0.0;138959;393548.65510000003;0.41518922489661586;3600;0.019957396632349033
Goal_592;160056;1877354.1873;0.05555555555555555;139238;401481.1729;0.41597504686548575;3600;0.01938154911500822
Goal_593;160056;1877354.1873;0.1111111111111111;139290;403574.8029;0.4161631953463523;3600;0.02045407004983963
Goal_594;160056;1877354.1873;0.16666666666666666;139177;399413.7887000001;0.41580967820876336;3600;0.02018913112562158
Goal_595;160056;1877354.1873;0.2222222222222222;139059;395415.12169999984;0.4154499238814309;3600;0.024899642902421238
Goal_596;160056;1877354.1873;0.2777777777777778;139090;395527.21119999996;0.415540324840391;3600;0.030560647845154262
Goal_597;160056;1877354.1873;0.3333333333333333;139243;401910.3894;0.4160547424118298;3600;0.037659461366101925
Goal_598;160056;1877354.1873;0.38888888888888884;139325;405093.84570000006;0.4162735429768252;3600;0.03709771876632139
Goal_599;160056;1877354.1873;0.4444444444444444;144433;596722.6392999998;0.4444452411806424;3600;0.01670498254603198
Goal_610;152230;0.0;0.5;134697;70208.6113;0.4711535266842424;0;0.0
Goal_601;152230;0.0;0.0;134119;161354.98669999998;0.41584259469965984;3600;0.01464526211786589
Goal_609;152230;0.0;0.4444444444444444;132973;45338.794400000006;0.4444456496445119;322;0.0
Goal_602;152230;0.0;0.05555555555555555;134078;158127.7539;0.4161827256342468;3600;0.011582428073991893
Goal_603;152230;0.0;0.1111111111111111;134238;166000.24939999997;0.41555660010335543;3600;0.013761974708293127
Goal_604;152230;0.0;0.16666666666666666;134218;164799.1248;0.4156677218764337;3600;0.012445153849748394
Goal_605;152230;0.0;0.2222222222222222;134129;161506.10880000002;0.4158631174210067;3600;0.01425052323571447
Goal_606;152230;0.0;0.2777777777777778;134198;163622.5109;0.41576452820598964;3600;0.01585895306800036
Goal_607;152230;0.0;0.3333333333333333;134117;161470.79770000002;0.4158321940054101;3600;0.026192155020057284
Goal_608;152230;0.0;0.38888888888888884;134074;158269.89629999996;0.4161468957409813;3600;0.0305256530765025
Goal_620;152230;208594.90970000002;0.5;138437;208609.10009999995;0.48586090665462744;0;0.0
Goal_611;152230;208594.90970000002;0.0;135252;208599.1357;0.41349252266010783;3600;0.014243683726266602
Goal_612;152230;208594.90970000002;0.05555555555555555;135251;208580.629;0.4134781639959673;3600;0.015124488602728473
Goal_613;152230;208594.90970000002;0.1111111111111111;135203;208636.2297;0.41329412640407054;3600;0.0159799227176041
Goal_614;152230;208594.90970000002;0.16666666666666666;135159;208675.07869999998;0.41311466179080036;3600;0.017180216801098862
Goal_615;152230;208594.90970000002;0.2222222222222222;135097;208604.8912;0.41298895971758903;3600;0.01761471369066324
Goal_616;152230;208594.90970000002;0.2777777777777778;135114;209316.08930000002;0.41296219972042747;3600;0.023756977855671203
Goal_617;152230;208594.90970000002;0.3333333333333333;135239;208649.565;0.41367269956265895;3600;0.032766210066068446
Goal_618;152230;208594.90970000002;0.38888888888888884;135324;211322.97400000002;0.4133705000338046;3600;0.05527639754132332
Goal_619;152230;208594.90970000002;0.4444444444444444;137836;208596.29959999997;0.44444389525548894;3600;0.005106066589363501
Goal_630;152230;417189.81940000004;0.5;142771;417188.4396;0.4944853167119672;0;0.0
Goal_621;152230;417189.81940000004;0.0;139106;377534.36870000005;0.4156279705352018;3600;0.019105006314262072
Goal_622;152230;417189.81940000004;0.05555555555555555;138933;370533.8665;0.41510925898306644;3600;0.019366209071530992
Goal_623;152230;417189.81940000004;0.1111111111111111;139210;380855.2357000001;0.41595531677482456;3600;0.020963699062347033
Goal_624;152230;417189.81940000004;0.16666666666666666;139076;375312.2565000001;0.4154741740616224;3600;0.020938806028921966
Goal_625;152230;417189.81940000004;0.2222222222222222;139003;376052.54250000004;0.4154422311951873;3600;0.02528381298855413
Goal_626;152230;417189.81940000004;0.2777777777777778;138791;364609.0127000001;0.4147107536229138;3600;0.029314688606639522
Goal_627;152230;417189.81940000004;0.3333333333333333;139030;374108.3607000001;0.4153525286063132;3600;0.040617102576544835
Goal_628;152230;417189.81940000004;0.38888888888888884;139093;376281.51330000005;0.41554196383095293;3600;0.07202429970922881
Goal_629;152230;417189.81940000004;0.4444444444444444;142228;417188.72140000004;0.44444418230029925;3600;0.008229758314662243
Goal_640;152230;625784.7291000001;0.5;146691;625768.0956;0.49683536297220265;0;0.0
Goal_631;152230;625784.7291000001;0.0;139049;372937.1240999999;0.41542635222783375;3600;0.0159361621995833
Goal_632;152230;625784.7291000001;0.05555555555555555;139446;389950.37580000004;0.41666283763565637;3600;0.015297074518389651
Goal_633;152230;625784.7291000001;0.1111111111111111;139353;386612.0080000001;0.4163622917797908;3600;0.01739218042639425
Goal_634;152230;625784.7291000001;0.16666666666666666;139523;391323.5443;0.4168877934528926;3600;0.017593406792182537
Goal_635;152230;625784.7291000001;0.2222222222222222;138688;362404.1157;0.41452495738533907;3600;0.02144982773481182
Goal_636;152230;625784.7291000001;0.2777777777777778;139387;385832.7004000001;0.41643954734191235;3600;0.02288208215888354
Goal_637;152230;625784.7291000001;0.3333333333333333;139396;387239.7708;0.4164937061020483;3600;0.033426067386876285
Goal_638;152230;625784.7291000001;0.38888888888888884;139224;381906.8752000001;0.41597363319556657;3600;0.05529695896841544
Goal_639;152230;625784.7291000001;0.4444444444444444;144435;585074.3200999999;0.44444487095455787;3600;0.052541446581823595
Goal_650;152230;834379.6388000001;0.5;148230;736513.634;0.4937273776051702;0;0.0
Goal_641;152230;834379.6388000001;0.0;139361;394551.65959999996;0.41639465016080013;3600;0.014416994944238828
Goal_642;152230;834379.6388000001;0.05555555555555555;139377;397563.28969999996;0.4164521980681788;3600;0.015415243452089262
Goal_643;152230;834379.6388000001;0.1111111111111111;139442;397683.38390000013;0.4166108088133372;3600;0.016432511995125722
Goal_644;152230;834379.6388000001;0.16666666666666666;139042;382053.96350000007;0.41541898901809915;3600;0.024532592648585937
Goal_645;152230;834379.6388000001;0.2222222222222222;139470;399610.92699999997;0.41672864026922035;3600;0.021630680981192252
Goal_646;152230;834379.6388000001;0.2777777777777778;139464;398499.0555000001;0.4166907884277891;3600;0.02515491504102437
Goal_647;152230;834379.6388000001;0.3333333333333333;139407;396332.45369999995;0.41650452544580013;3600;0.033603046895191974
Goal_648;152230;834379.6388000001;0.38888888888888884;139180;388532.1967;0.4157956143630607;3600;0.05743115716838409
Goal_649;152230;834379.6388000001;0.4444444444444444;144432;581435.9597;0.44444475008165674;3600;0.043452684196099406
Goal_660;152230;1042974.5485;0.5;148230;736513.634;0.4937273776051702;0;0.0
Goal_651;152230;1042974.5485;0.0;139208;390254.1295;0.415911648197669;3600;0.021220212284737174
Goal_652;152230;1042974.5485;0.05555555555555555;139184;389021.7682000001;0.41582590434646516;3600;0.014843719039720427
Goal_653;152230;1042974.5485;0.1111111111111111;139445;398727.89760000014;0.4166551216066146;3600;0.016040392574072287
Goal_654;152230;1042974.5485;0.16666666666666666;139078;384628.6594;0.41550318738614317;3600;0.017041549622887665
Goal_655;152230;1042974.5485;0.2222222222222222;139450;397225.8605;0.4166506925427909;3600;0.020032301564496424
Goal_656;152230;1042974.5485;0.2777777777777778;139289;392547.2375000001;0.41612112791750117;3600;0.02829004962519508
Goal_657;152230;1042974.5485;0.3333333333333333;139265;390575.73860000004;0.41605400472412174;3600;0.03160377143135286
Goal_658;152230;1042974.5485;0.38888888888888884;139169;387991.2158000001;0.41579222536819277;3600;0.05888419223445218
Goal_659;152230;1042974.5485;0.4444444444444444;144436;578805.719;0.44444373039702834;3600;0.053466259831736494
Goal_670;152230;1251569.4582000002;0.5;148230;765059.6574;0.4937273776051702;0;0.0
Goal_661;152230;1251569.4582000002;0.0;139563;418151.01529999997;0.4170363148728824;3600;0.013757550699506182
Goal_662;152230;1251569.4582000002;0.05555555555555555;139283;407554.7936000001;0.41611081708097797;3600;0.019899335112062606
Goal_663;152230;1251569.4582000002;0.1111111111111111;139270;407674.2681;0.41609113533342634;3600;0.014937905343297463
Goal_664;152230;1251569.4582000002;0.16666666666666666;139364;410095.9519999999;0.4163512501662261;3600;0.013756100035316127
Goal_665;152230;1251569.4582000002;0.2222222222222222;139232;405455.1712000001;0.4159610966252035;3600;0.019834319586800167
Goal_666;152230;1251569.4582000002;0.2777777777777778;139028;398274.2957000001;0.4153862658126423;3600;0.029132731656508398
Goal_667;152230;1251569.4582000002;0.3333333333333333;139009;396716.5117;0.4153164756566657;3600;0.03796094100590983
Goal_668;152230;1251569.4582000002;0.38888888888888884;139183;404587.3628;0.4158259131079965;3600;0.06700804974931052
Goal_669;152230;1251569.4582000002;0.4444444444444444;144436;599539.7707;0.44444507834062413;3601;0.029143762066527624
Goal_680;152230;1460164.3679000002;0.5;148230;765059.6574;0.4937273776051702;0;0.0
Goal_671;152230;1460164.3679000002;0.0;139563;418151.01529999997;0.4170363148728824;3600;0.013751995494660217
Goal_672;152230;1460164.3679000002;0.05555555555555555;139283;407554.7936000001;0.41611081708097797;3600;0.019902845845817817
Goal_673;152230;1460164.3679000002;0.1111111111111111;139270;407674.2681;0.41609113533342634;3600;0.014937986790821417
Goal_674;152230;1460164.3679000002;0.16666666666666666;139361;409997.5865999999;0.4163440554757145;3600;0.013772928145914555
Goal_676;152230;1460164.3679000002;0.2777777777777778;139028;398274.2957000001;0.4153862658126423;3600;0.029130070442729222
Goal_675;152230;1460164.3679000002;0.2222222222222222;139232;405455.1712000001;0.4159610966252035;3600;0.019781379328120095
Goal_677;152230;1460164.3679000002;0.3333333333333333;139009;396716.5117;0.4153164756566657;3600;0.037944175785158234
Goal_678;152230;1460164.3679000002;0.38888888888888884;139183;404587.3628;0.4158259131079965;3600;0.06693911250493884
Goal_679;152230;1460164.3679000002;0.4444444444444444;144436;599539.7707;0.44444507834062413;3600;0.029150111713519947
Goal_690;152230;1668759.2776000001;0.5;148230;765059.6574;0.4937273776051702;0;0.0
Goal_681;152230;1668759.2776000001;0.0;139563;418151.01529999997;0.4170363148728824;3600;0.013754598416655932
Goal_682;152230;1668759.2776000001;0.05555555555555555;139283;407554.7936000001;0.41611081708097797;3600;0.019904664021933156
Goal_683;152230;1668759.2776000001;0.1111111111111111;139270;407674.2681;0.41609113533342634;3600;0.014940633986149228
Goal_684;152230;1668759.2776000001;0.16666666666666666;139361;409997.5865999999;0.4163440554757145;3600;0.013772053798332665
Goal_685;152230;1668759.2776000001;0.2222222222222222;139232;405455.1712000001;0.4159610966252035;3600;0.019854097328995624
Goal_687;152230;1668759.2776000001;0.3333333333333333;139009;396716.5117;0.4153164756566657;3600;0.037932026170807875
Goal_686;152230;1668759.2776000001;0.2777777777777778;139042;398740.7794000001;0.415426492212766;3600;0.029109129465287046
Goal_688;152230;1668759.2776000001;0.38888888888888884;139183;404587.3628;0.4158259131079965;3600;0.06698961498400215
Goal_689;152230;1668759.2776000001;0.4444444444444444;144436;599539.7707;0.44444507834062413;3600;0.029122823722549193
Goal_700;152230;1877354.1873;0.5;148230;765059.6574;0.4937273776051702;0;0.0
Goal_691;152230;1877354.1873;0.0;139563;418151.01529999997;0.4170363148728824;3600;0.013755168169293805
Goal_692;152230;1877354.1873;0.05555555555555555;139283;407554.7936000001;0.41611081708097797;3600;0.019890981956360607
Goal_693;152230;1877354.1873;0.1111111111111111;139270;407674.2681;0.41609113533342634;3600;0.014924057877045163
Goal_694;152230;1877354.1873;0.16666666666666666;139361;409997.5865999999;0.4163440554757145;3600;0.013772343588587064
Goal_695;152230;1877354.1873;0.2222222222222222;139232;405455.1712000001;0.4159610966252035;3600;0.019849799238465565
Goal_696;152230;1877354.1873;0.2777777777777778;139028;398274.2957000001;0.4153862658126423;3600;0.02914435107256669
Goal_697;152230;1877354.1873;0.3333333333333333;139009;396716.5117;0.4153164756566657;3600;0.037944443163912364
Goal_698;152230;1877354.1873;0.38888888888888884;139183;404587.3628;0.4158259131079965;3600;0.06697561976503161
Goal_699;152230;1877354.1873;0.4444444444444444;144436;599539.7707;0.44444507834062413;3600;0.02911946961129553
Goal_710;144404;0.0;0.5;134697;70208.6113;0.4711535266842424;0;0.0
Goal_709;144404;0.0;0.4444444444444444;132975;45380.28850000001;0.4444465887510418;217;0.0
Goal_701;144404;0.0;0.0;134092;159062.04760000002;0.41611523709961074;3600;0.01288130458434337
Goal_702;144404;0.0;0.05555555555555555;134150;161723.76119999998;0.41589761673130293;3600;0.012112520499764547
Goal_703;144404;0.0;0.1111111111111111;134261;166348.49949999995;0.4155803708722198;3600;0.014810530081937345
Goal_704;144404;0.0;0.16666666666666666;134151;164638.28119999997;0.4155235725866299;3600;0.014340516973654828
Goal_705;144404;0.0;0.2222222222222222;134246;166319.16449999998;0.4155583452222499;3600;0.016237681827504215
Goal_706;144404;0.0;0.2777777777777778;134135;161939.8401;0.41583986360514136;3600;0.0201213918672363
Goal_707;144404;0.0;0.3333333333333333;134054;159373.6742;0.41596989231481624;3600;0.03011900236126964
Goal_708;144404;0.0;0.38888888888888884;134288;166898.72079999998;0.41561690623299663;3600;0.046136768993781295
Goal_720;144404;208594.90970000002;0.5;138437;208609.10009999995;0.48586090665462744;0;0.0
Goal_711;144404;208594.90970000002;0.0;135066;208700.48049999998;0.4128974765532148;3600;0.014894289379055159
Goal_712;144404;208594.90970000002;0.05555555555555555;135136;208689.0819;0.4131256500827486;3600;0.015132160361170426
Goal_713;144404;208594.90970000002;0.1111111111111111;135124;209373.83479999998;0.4129917733558305;3600;0.016444612742334365
Goal_714;144404;208594.90970000002;0.16666666666666666;135256;208601.09020000004;0.4134726833443218;3600;0.018492037237150045
Goal_715;144404;208594.90970000002;0.2222222222222222;135141;208616.4225;0.41316956188656045;3600;0.02259710183978157
Goal_716;144404;208594.90970000002;0.2777777777777778;135115;209053.9148;0.4129610341541752;3600;0.024290694516415547
Goal_717;144404;208594.90970000002;0.3333333333333333;135240;208779.839;0.41346450639152266;3600;0.039810258606621046
Goal_718;144404;208594.90970000002;0.38888888888888884;135310;208832.79889999997;0.4135959120363425;3600;0.07507420821184438
Goal_719;144404;208594.90970000002;0.4444444444444444;137837;208592.971;0.44444236670592263;3600;0.009493436978423656
Goal_730;144404;417189.81940000004;0.5;142771;417188.4396;0.4944853167119672;0;0.0
Goal_721;144404;417189.81940000004;0.0;138978;371832.0246;0.4152140147100514;3600;0.020998954368624916
Goal_722;144404;417189.81940000004;0.05555555555555555;138921;370089.9565;0.41505358850560703;3600;0.021499519706851804
Goal_723;144404;417189.81940000004;0.1111111111111111;138993;372834.6215;0.41523771704564555;3600;0.022583470371407052
Goal_724;144404;417189.81940000004;0.16666666666666666;138913;371526.55620000005;0.4150656111457104;3600;0.02352750244165613
Goal_725;144404;417189.81940000004;0.2222222222222222;138969;371132.1369;0.41521548467289143;3600;0.027375881242832526
Goal_726;144404;417189.81940000004;0.2777777777777778;139104;376270.9733;0.41559490282241374;3600;0.035514863047988135
Goal_727;144404;417189.81940000004;0.3333333333333333;138948;371480.62030000007;0.4151215737288796;3600;0.05098481226106355
Goal_728;144404;417189.81940000004;0.38888888888888884;138975;372841.1520000001;0.4151959533659198;3600;0.11148247512659337
Goal_729;144404;417189.81940000004;0.4444444444444444;142226;417179.03219999996;0.44444447246576724;3600;0.05226472199873193
Goal_740;144404;625784.7291000001;0.5;144404;556050.3538000002;0.4929095968838324;0;0.0
Goal_731;144404;625784.7291000001;0.0;139519;391813.5360000001;0.41694745950426426;3600;0.016901664985141323
Goal_739;144404;625784.7291000001;0.4444444444444444;144404;606296.5499;0.4444442001000405;105;0.0
Goal_732;144404;625784.7291000001;0.05555555555555555;139244;382573.3081;0.416070323552819;3600;0.01692119135243635
Goal_733;144404;625784.7291000001;0.1111111111111111;139151;377672.2848;0.41573088534280284;3600;0.016460853550187764
Goal_734;144404;625784.7291000001;0.16666666666666666;139148;379546.0587;0.4157776671661825;3600;0.017971255847749217
Goal_735;144404;625784.7291000001;0.2222222222222222;139097;376448.0822;0.4155510498202773;3600;0.02042013134553543
Goal_736;144404;625784.7291000001;0.2777777777777778;139147;378696.4127000001;0.4157112459837803;3600;0.027189530826152514
Goal_737;144404;625784.7291000001;0.3333333333333333;139071;375914.37340000004;0.41556903103921683;3600;0.04441830247781048
Goal_738;144404;625784.7291000001;0.38888888888888884;139215;381600.91130000004;0.4159385113112626;3600;0.09580122972188045
Goal_750;144404;834379.6388000001;0.5;144404;556050.3538000002;0.4929095968838324;0;0.0
Goal_741;144404;834379.6388000001;0.0;139192;388387.54660000006;0.4158619444139914;3600;0.015415602560958612
Goal_742;144404;834379.6388000001;0.05555555555555555;139198;388975.5679;0.415916028362384;3600;0.016770360615798226
Goal_743;144404;834379.6388000001;0.1111111111111111;139080;384748.82360000006;0.41555072940274645;3600;0.017707878840023526
Goal_744;144404;834379.6388000001;0.16666666666666666;139238;390858.29990000004;0.4160493993626854;3600;0.0202107748432329
Goal_745;144404;834379.6388000001;0.2222222222222222;139263;390981.0495000001;0.41611978946346834;3600;0.024352790263185868
Goal_746;144404;834379.6388000001;0.2777777777777778;139260;392701.4745;0.4160684399352905;3600;0.027521565418697876
Goal_747;144404;834379.6388000001;0.3333333333333333;138878;375255.67759999994;0.4150751904143398;3600;0.04097379150804658
Goal_748;144404;834379.6388000001;0.38888888888888884;139084;384420.5253999999;0.41554233789619166;3600;0.08497414975618342
Goal_749;144404;834379.6388000001;0.4444444444444444;144401;659938.2220999998;0.44444681824705123;3600;1.0
Goal_760;144404;1042974.5485;0.5;144404;556050.3538000002;0.4929095968838324;0;0.0
Goal_751;144404;1042974.5485;0.0;139161;387425.2965;0.4157776672876038;3600;0.01773926410232831
Goal_752;144404;1042974.5485;0.05555555555555555;139202;389004.9006;0.41591778320922423;3600;0.017489029265830593
Goal_753;144404;1042974.5485;0.1111111111111111;139159;387955.99770000007;0.41577894751706146;3600;0.016798765867575675
Goal_754;144404;1042974.5485;0.16666666666666666;139212;388648.8122;0.4159051569070333;3600;0.018719796150591734
Goal_759;144404;1042974.5485;0.4444444444444444;144406;598893.1251000001;0.4444226367523238;2687;0.0
Goal_755;144404;1042974.5485;0.2222222222222222;139153;388129.02770000004;0.4157223722451995;3600;0.020829814641281946
Goal_756;144404;1042974.5485;0.2777777777777778;139114;386062.3547;0.4156082415191637;3600;0.02772220415278352
Goal_757;144404;1042974.5485;0.3333333333333333;139333;394134.7709000001;0.4163410520984766;3600;0.04143510408734573
Goal_758;144404;1042974.5485;0.38888888888888884;138909;379392.0179;0.41503664957646774;3600;0.09169173497786111
Goal_770;144404;1251569.4582000002;0.5;144404;624654.0367999999;0.49245823407905437;0;0.0
Goal_769;144404;1251569.4582000002;0.4444444444444444;144404;600750.1909;0.4444407029036972;101;0.0
Goal_761;144404;1251569.4582000002;0.0;139207;403411.17300000007;0.4159793761497952;3600;0.023007086974925088
Goal_762;144404;1251569.4582000002;0.05555555555555555;139104;400975.4610000001;0.415621920919622;3600;0.023104228529841266
Goal_763;144404;1251569.4582000002;0.1111111111111111;139084;399878.58509999997;0.4155041114934224;3600;0.023024885511747396
Goal_764;144404;1251569.4582000002;0.16666666666666666;139339;410733.17440000013;0.41644545393097876;3600;0.026606132307655857
Goal_765;144404;1251569.4582000002;0.2222222222222222;139229;404520.69789999997;0.4159921955011604;3600;0.02960464308876378
Goal_766;144404;1251569.4582000002;0.2777777777777778;139069;401852.8805;0.41560562811202123;3600;0.03956613383277333
Goal_767;144404;1251569.4582000002;0.3333333333333333;139211;405313.8458;0.41598332722596226;3600;0.05733499806370569
Goal_768;144404;1251569.4582000002;0.38888888888888884;139200;404088.03060000006;0.4158722565074775;3600;0.11629665531580555
Goal_780;144404;1460164.3679000002;0.5;144404;624654.0367999999;0.49245823407905437;0;0.0
Goal_779;144404;1460164.3679000002;0.4444444444444444;144404;600750.1909;0.4444407029036972;107;0.0
Goal_771;144404;1460164.3679000002;0.0;139207;403411.17300000007;0.4159793761497952;3600;0.02300049463023394
Goal_772;144404;1460164.3679000002;0.05555555555555555;139104;400975.4610000001;0.415621920919622;3600;0.023131192888331157
Goal_773;144404;1460164.3679000002;0.1111111111111111;139084;399878.58509999997;0.4155041114934224;3600;0.023029757415955872
Goal_774;144404;1460164.3679000002;0.16666666666666666;139339;410733.17440000013;0.41644545393097876;3600;0.02660908702478923
Goal_775;144404;1460164.3679000002;0.2222222222222222;139229;404348.9358999999;0.4160065502353805;3600;0.02969323628115203
Goal_776;144404;1460164.3679000002;0.2777777777777778;139069;401852.8805;0.41560562811202123;3600;0.03958943657849601
Goal_777;144404;1460164.3679000002;0.3333333333333333;139211;405313.8458;0.41598332722596226;3600;0.05737120068495702
Goal_789;144404;1668759.2776000001;0.4444444444444444;144404;600750.1909;0.4444407029036972;111;0.0
Goal_790;144404;1668759.2776000001;0.5;144404;624654.0367999999;0.49245823407905437;0;0.0
Goal_778;144404;1460164.3679000002;0.38888888888888884;139198;403991.8312;0.4158664353150058;3600;0.1161097389986923
Goal_781;144404;1668759.2776000001;0.0;139207;403411.17300000007;0.4159793761497952;3600;0.022999834890134175
Goal_782;144404;1668759.2776000001;0.05555555555555555;139104;400975.4610000001;0.415621920919622;3600;0.02312715903684785
Goal_783;144404;1668759.2776000001;0.1111111111111111;139084;399878.58509999997;0.4155041114934224;3600;0.023022297526946952
Goal_784;144404;1668759.2776000001;0.16666666666666666;139339;410733.17440000013;0.41644545393097876;3600;0.026598643159020788
Goal_785;144404;1668759.2776000001;0.2222222222222222;139229;404520.69789999997;0.4159921955011604;3600;0.029603556084401735
Goal_786;144404;1668759.2776000001;0.2777777777777778;139069;401852.8805;0.41560562811202123;3600;0.03959167060740714
Goal_787;144404;1668759.2776000001;0.3333333333333333;139211;405313.8458;0.41598332722596226;3600;0.057378283199166706
Goal_788;144404;1668759.2776000001;0.38888888888888884;139198;403991.8312;0.4158664353150058;3600;0.11622351637729747
Goal_800;144404;1877354.1873;0.5;144404;624654.0367999999;0.49245823407905437;0;0.0
Goal_799;144404;1877354.1873;0.4444444444444444;144404;600750.1909;0.4444407029036972;108;0.0
Goal_791;144404;1877354.1873;0.0;139207;403411.17300000007;0.4159793761497952;3600;0.023004625755868004
Goal_792;144404;1877354.1873;0.05555555555555555;139104;400975.4610000001;0.415621920919622;3600;0.02311566314998736
Goal_793;144404;1877354.1873;0.1111111111111111;139084;399878.58509999997;0.4155041114934224;3600;0.02303125635490181
Goal_794;144404;1877354.1873;0.16666666666666666;139339;410733.17440000013;0.41644545393097876;3600;0.02660703148045193
Goal_795;144404;1877354.1873;0.2222222222222222;139229;404348.9358999999;0.4160065502353805;3600;0.02969323628115203
Goal_796;144404;1877354.1873;0.2777777777777778;139069;401852.8805;0.41560562811202123;3600;0.03959672079942084
Goal_797;144404;1877354.1873;0.3333333333333333;139211;405313.8458;0.41598332722596226;3600;0.05738139163359369
Goal_798;144404;1877354.1873;0.38888888888888884;139198;403991.8312;0.4158664353150058;3600;0.11624982599880583
Goal_810;136578;0.0;0.5;134697;70208.6113;0.4711535266842424;0;0.0
Goal_801;136578;0.0;0.0;134060;163875.71129999997;0.4154284552379403;3600;0.016377354581851643
Goal_809;136578;0.0;0.4444444444444444;132975;45381.5628;0.4444455274787085;122;0.0
Goal_802;136578;0.0;0.05555555555555555;134145;162635.40339999995;0.41575034422108625;3600;0.01797021322996138
Goal_803;136578;0.0;0.1111111111111111;134033;157251.87879999998;0.41617455634262296;3600;0.021697341532749676
Goal_804;136578;0.0;0.16666666666666666;134167;163531.64419999998;0.41568529234032375;3600;0.020642841038438803
Goal_805;136578;0.0;0.2222222222222222;134055;159153.46559999997;0.41597356217141673;3600;0.025578870622972417
Goal_806;136578;0.0;0.2777777777777778;134068;159145.05939999997;0.41601184715974365;3600;0.030210308865704638
Goal_807;136578;0.0;0.3333333333333333;133993;157172.6937;0.4160865289843705;3600;0.04388219458059203
Goal_819;136578;208594.90970000002;0.4444444444444444;136578;208583.73160000006;0.4409773451429851;4;0.0
Goal_820;136578;208594.90970000002;0.5;136578;159328.5006;0.48598104085065813;0;0.0
Goal_808;136578;0.0;0.38888888888888884;134230;164482.61479999998;0.4157596401263737;3600;0.06847394197161745
Goal_811;136578;208594.90970000002;0.0;135202;208579.5591;0.41325030220951736;3600;0.012947056718295847
Goal_812;136578;208594.90970000002;0.05555555555555555;135129;208609.87720000002;0.4130227191565942;3600;0.01313332351049526
Goal_813;136578;208594.90970000002;0.1111111111111111;135093;208585.60420000003;0.4129677658969949;3600;0.014664743795345315
Goal_814;136578;208594.90970000002;0.16666666666666666;135174;208613.69220000005;0.41321072729870084;3600;0.016275118237902925
Goal_815;136578;208594.90970000002;0.2222222222222222;135153;208595.6039;0.4131111846739467;3600;0.017917612888060323
Goal_816;136578;208594.90970000002;0.2777777777777778;135168;208591.1531;0.4131589401707806;3600;0.023761152420590462
Goal_817;136578;208594.90970000002;0.3333333333333333;135193;208696.13009999998;0.41324070397515567;3600;0.03693667551733143
Goal_829;136578;417189.81940000004;0.4444444444444444;138069;333375.4215999999;0.44444309536343163;0;0.0
Goal_830;136578;417189.81940000004;0.5;136578;159328.5006;0.48598104085065813;0;0.0
Goal_818;136578;208594.90970000002;0.38888888888888884;135159;208601.69580000002;0.413132104733145;3600;0.09648137117891985
Goal_821;136578;417189.81940000004;0.0;136578;287665.67339999997;0.41122158349575494;3600;8.507636733339092E-4
Goal_822;136578;417189.81940000004;0.05555555555555555;136580;287611.60939999996;0.4112265150925102;3600;0.0031406040710939428
Goal_823;136578;417189.81940000004;0.1111111111111111;136578;286767.2367;0.411219720695618;3600;0.002413533356375647
Goal_824;136578;417189.81940000004;0.16666666666666666;136579;288195.5856;0.4112362871639791;3600;0.0037904075602596247
Goal_825;136578;417189.81940000004;0.2222222222222222;136578;287638.7479;0.41121254272855273;3600;0.0015736938542752483
Goal_826;136578;417189.81940000004;0.2777777777777778;136577;286324.4709;0.41126735036062406;3600;0.010429374391001436
Goal_827;136578;417189.81940000004;0.3333333333333333;136578;287726.93989999994;0.41121488668979106;3600;0.016288823300333193
Goal_839;136578;625784.7291000001;0.4444444444444444;138976;357999.3813;0.4443890884210884;0;0.0
Goal_840;136578;625784.7291000001;0.5;136578;159328.5006;0.48598104085065813;0;0.0
Goal_828;136578;417189.81940000004;0.38888888888888884;136578;287456.99140000006;0.41121834893994214;3600;0.03915397776712258
Goal_831;136578;625784.7291000001;0.0;136612;290363.2635;0.4112819227896372;3600;0.004622375054509994
Goal_832;136578;625784.7291000001;0.05555555555555555;136581;290342.4035;0.4112724315172662;3600;0.005257509470814504
Goal_833;136578;625784.7291000001;0.1111111111111111;136578;287652.8783;0.411229336624154;3600;0.0051866335804231865
Goal_834;136578;625784.7291000001;0.16666666666666666;136578;288200.9765;0.4112167379491339;3600;0.003741465078097063
Goal_835;136578;625784.7291000001;0.2222222222222222;136587;289510.7667999999;0.41125477398540167;3600;0.00790266468700646
Goal_836;136578;625784.7291000001;0.2777777777777778;136579;287269.7847;0.41124935993936296;3600;0.013117662119555293
Goal_837;136578;625784.7291000001;0.3333333333333333;136581;287184.26199999993;0.41122673326351306;3600;0.016399594836459846
Goal_849;136578;834379.6388000001;0.4444444444444444;138976;357999.3813;0.4443890884210884;0;0.0
Goal_850;136578;834379.6388000001;0.5;136578;159328.5006;0.48598104085065813;0;0.0
Goal_838;136578;625784.7291000001;0.38888888888888884;136578;288030.18510000006;0.4112147433200492;3600;0.044915743432159885
Goal_841;136578;834379.6388000001;0.0;136578;295289.06959999993;0.41121769335226216;3600;0.001445895810692528
Goal_842;136578;834379.6388000001;0.05555555555555555;136596;289238.68080000003;0.41127016983187814;3600;0.0042518306254224515
Goal_843;136578;834379.6388000001;0.1111111111111111;136582;287869.2307;0.41121760675720587;3600;0.001502804281006046
Goal_844;136578;834379.6388000001;0.16666666666666666;136578;288114.8997;0.41122701081478014;3600;0.009307243717415353
Goal_845;136578;834379.6388000001;0.2222222222222222;136581;287928.8683;0.4112376722626962;3600;0.008955252507611354
Goal_846;136578;834379.6388000001;0.2777777777777778;136578;288920.5839;0.4112277670772007;3600;0.011158897789378489
Goal_847;136578;834379.6388000001;0.3333333333333333;136578;288903.5204;0.41122540262482404;3601;0.018114644690287965
Goal_859;136578;1042974.5485;0.4444444444444444;138976;357999.3813;0.4443890884210884;0;0.0
Goal_860;136578;1042974.5485;0.5;136578;159328.5006;0.48598104085065813;0;0.0
Goal_848;136578;834379.6388000001;0.38888888888888884;136578;287374.7722;0.41121780091725446;3600;0.034301751018153234
Goal_851;136578;1042974.5485;0.0;136581;297719.4284;0.41125211409272805;3600;0.00820301105779986
Goal_852;136578;1042974.5485;0.05555555555555555;136578;287937.9619;0.411235446589682;3600;0.005817704082958786
Goal_853;136578;1042974.5485;0.1111111111111111;136579;288229.52369999996;0.41121482848518665;3600;0.0010080558056163426
Goal_854;136578;1042974.5485;0.16666666666666666;136585;287717.3833;0.4112340233645105;3600;0.008077238666703491
Goal_855;136578;1042974.5485;0.2222222222222222;136579;287585.68669999996;0.41124654231027025;3600;0.0062199046936829
Goal_856;136578;1042974.5485;0.2777777777777778;136578;287764.24919999996;0.41122391099213884;3600;0.007223140108230527
Goal_857;136578;1042974.5485;0.3333333333333333;136578;287423.57359999995;0.41123334369805564;3600;0.012580992713015101
Goal_869;136578;1251569.4582000002;0.4444444444444444;136605;358936.11269999994;0.44444389667105055;0;0.0
Goal_870;136578;1251569.4582000002;0.5;136578;335593.8019;0.4912471482037804;0;0.0
Goal_858;136578;1042974.5485;0.38888888888888884;136578;288155.52310000005;0.411227145628982;3600;0.039706602624750245
Goal_861;136578;1251569.4582000002;0.0;136580;309014.8883;0.41123189359514806;3600;0.004099922627975138
Goal_862;136578;1251569.4582000002;0.05555555555555555;136578;308554.24359999987;0.4112328611976987;3600;0.0029421949764896686
Goal_863;136578;1251569.4582000002;0.1111111111111111;136581;308398.19399999996;0.4112310638652125;3600;0.003962140573371648
Goal_864;136578;1251569.4582000002;0.16666666666666666;136578;308862.6103;0.4112201356678191;3600;0.0023130157727403178
Goal_865;136578;1251569.4582000002;0.2222222222222222;136578;308592.9653;0.41122970920979673;3600;0.004432729564853429
Goal_866;136578;1251569.4582000002;0.2777777777777778;136579;308462.10719999997;0.41124281644750615;3600;0.008756915971792206
Goal_867;136578;1251569.4582000002;0.3333333333333333;136578;307223.9056;0.4112283713540131;3600;0.008026706032219324
Goal_879;136578;1460164.3679000002;0.4444444444444444;136605;358936.11269999994;0.44444389667105055;0;0.0
Goal_880;136578;1460164.3679000002;0.5;136578;335593.8019;0.4912471482037804;0;0.0
Goal_868;136578;1251569.4582000002;0.38888888888888884;136578;308457.43600000005;0.41121198804299336;3600;0.03639364516530275
Goal_871;136578;1460164.3679000002;0.0;136580;309014.8883;0.41123189359514806;3600;0.004099658187144111
Goal_872;136578;1460164.3679000002;0.05555555555555555;136578;308554.24359999987;0.4112328611976987;3600;0.002946267730757195
Goal_873;136578;1460164.3679000002;0.1111111111111111;136581;308398.19399999996;0.4112310638652125;3600;0.003960272655735453
Goal_874;136578;1460164.3679000002;0.16666666666666666;136578;308862.6103;0.4112201356678191;3601;0.002312091260234122
Goal_875;136578;1460164.3679000002;0.2222222222222222;136578;308592.9653;0.41122970920979673;3600;0.004440321372743896
Goal_876;136578;1460164.3679000002;0.2777777777777778;136579;308462.10719999997;0.41124281644750615;3600;0.008757612514761853
Goal_877;136578;1460164.3679000002;0.3333333333333333;136578;307223.9056;0.4112283713540131;3600;0.008027289866748465
Goal_889;136578;1668759.2776000001;0.4444444444444444;136605;358936.11269999994;0.44444389667105055;0;0.0
Goal_890;136578;1668759.2776000001;0.5;136578;335593.8019;0.4912471482037804;0;0.0
Goal_878;136578;1460164.3679000002;0.38888888888888884;136578;308457.43600000005;0.41121198804299336;3600;0.03639458854636543
Goal_881;136578;1668759.2776000001;0.0;136580;309014.8883;0.41123189359514806;3600;0.004098982632345633
Goal_882;136578;1668759.2776000001;0.05555555555555555;136578;308554.24359999987;0.4112328611976987;3600;0.0029458305385363227
Goal_883;136578;1668759.2776000001;0.1111111111111111;136581;308398.19399999996;0.4112310638652125;3600;0.003962187293672322
Goal_884;136578;1668759.2776000001;0.16666666666666666;136578;308862.6103;0.4112201356678191;3600;0.0023120755542738575
Goal_885;136578;1668759.2776000001;0.2222222222222222;136578;308592.9653;0.41122970920979673;3600;0.00444201286928112
Goal_886;136578;1668759.2776000001;0.2777777777777778;136579;308462.10719999997;0.41124281644750615;3600;0.008757453606230437
Goal_887;136578;1668759.2776000001;0.3333333333333333;136578;307223.9056;0.4112283713540131;3600;0.008028012302898048
Goal_899;136578;1877354.1873;0.4444444444444444;136605;358936.11269999994;0.44444389667105055;0;0.0
Goal_900;136578;1877354.1873;0.5;136578;335593.8019;0.4912471482037804;0;0.0
Goal_888;136578;1668759.2776000001;0.38888888888888884;136578;308457.43600000005;0.41121198804299336;3600;0.03639835201984475
Goal_891;136578;1877354.1873;0.0;136580;309014.8883;0.41123189359514806;3600;0.004099442369433826
Goal_892;136578;1877354.1873;0.05555555555555555;136578;308554.24359999987;0.4112328611976987;3600;0.0029472499569702677
Goal_893;136578;1877354.1873;0.1111111111111111;136581;308398.19399999996;0.4112310638652125;3600;0.003961290911770379
Goal_894;136578;1877354.1873;0.16666666666666666;136578;308862.6103;0.4112201356678191;3600;0.002312522135912498
Goal_895;136578;1877354.1873;0.2222222222222222;136578;308592.9653;0.41122970920979673;3601;0.0044430181510858036
Goal_896;136578;1877354.1873;0.2777777777777778;136579;308462.10719999997;0.41124281644750615;3600;0.008757394295434985
Goal_897;136578;1877354.1873;0.3333333333333333;136578;307223.9056;0.4112283713540131;3600;0.008025426476684971
Goal_909;128752;0.0;0.4444444444444444;128752;0.0;0.44424819203369453;0;0.0
Goal_910;128752;0.0;0.5;128752;0.0;0.44424819203369453;0;0.0
Goal_898;136578;1877354.1873;0.38888888888888884;136578;308457.43600000005;0.41121198804299336;3600;0.03639439241479039
Goal_901;128752;0.0;0.0;131863;87443.4859;0.4222133413020759;3600;0.01321088658017656
Goal_902;128752;0.0;0.05555555555555555;131784;83827.5314;0.4226963556907839;3600;0.012326260604963593
Goal_903;128752;0.0;0.1111111111111111;131779;83609.2627;0.42271250522985215;3600;0.011309121019228032
Goal_904;128752;0.0;0.16666666666666666;131779;84664.26110000002;0.4225913290948687;3600;0.012589298145779767
Goal_905;128752;0.0;0.2222222222222222;131756;82288.5709;0.42287447859928234;3600;0.01429644566954183
Goal_906;128752;0.0;0.2777777777777778;131801;84402.23980000001;0.42259807378161485;3600;0.019963193975531243
Goal_907;128752;0.0;0.3333333333333333;131838;85978.65809999999;0.4224122695909309;3600;0.030341472713969767
Goal_919;128752;208594.90970000002;0.4444444444444444;128752;0.0;0.44424819203369453;0;0.0
Goal_920;128752;208594.90970000002;0.5;128752;0.0;0.44424819203369453;0;0.0
Goal_908;128752;0.0;0.38888888888888884;131821;85901.7971;0.4224216212915833;3600;0.0641986432721686
Goal_911;128752;208594.90970000002;0.0;134702;208590.43540000002;0.412464648462907;3600;0.012234101932301324
Goal_912;128752;208594.90970000002;0.05555555555555555;134652;208597.99960000004;0.41249668070742046;3600;0.012662137077771907
Goal_913;128752;208594.90970000002;0.1111111111111111;134634;208578.77049999998;0.41260735908536983;3600;0.014043724419345226
Goal_914;128752;208594.90970000002;0.16666666666666666;134683;208564.38239999997;0.41254472470916403;3600;0.015206611291199658
Goal_915;128752;208594.90970000002;0.2222222222222222;134679;208594.5532;0.4125213973407899;3600;0.017725026971634906
Goal_916;128752;208594.90970000002;0.2777777777777778;134666;208608.9497;0.4124776715640873;3600;0.02134558318561469
Goal_917;128752;208594.90970000002;0.3333333333333333;134694;208589.89700000003;0.4124706822657962;3600;0.06856403132587582
Goal_929;128752;417189.81940000004;0.4444444444444444;128752;0.0;0.44424819203369453;0;0.0
Goal_930;128752;417189.81940000004;0.5;128752;0.0;0.44424819203369453;0;0.0
Goal_918;128752;208594.90970000002;0.38888888888888884;134627;208158.5459;0.41258055861541726;3601;0.11246509632191598
Goal_921;128752;417189.81940000004;0.0;136239;275601.0481;0.41112030579759057;3600;0.006412613746210755
Goal_922;128752;417189.81940000004;0.05555555555555555;136152;272632.60099999997;0.4111120280495114;3600;0.015006996730637084
Goal_923;128752;417189.81940000004;0.1111111111111111;136124;271648.74159999995;0.4111130242663512;3600;0.0034979407143171746
Goal_924;128752;417189.81940000004;0.16666666666666666;136139;272061.2361999999;0.4111121336683834;3600;8.349015279570297E-5
Goal_925;128752;417189.81940000004;0.2222222222222222;136125;271838.53519999987;0.4111125025975476;3600;1.380395943622775E-4
Goal_926;128752;417189.81940000004;0.2777777777777778;136151;272548.41969999997;0.4111120484655116;3600;4.7071022052595486E-4
Goal_927;128752;417189.81940000004;0.3333333333333333;136151;272643.59449999995;0.4111121622391461;3600;0.0014346394130162316
Goal_939;128752;625784.7291000001;0.4444444444444444;128752;0.0;0.44424819203369453;0;0.0
Goal_940;128752;625784.7291000001;0.5;128752;0.0;0.44424819203369453;0;0.0
Goal_928;128752;417189.81940000004;0.38888888888888884;136136;272100.9997;0.411112102412439;3600;8.859997379576635E-5
Goal_931;128752;625784.7291000001;0.0;136178;273471.0557999999;0.4111134936517054;3600;0.0021151783586429744
Goal_932;128752;625784.7291000001;0.05555555555555555;136110;271149.7202;0.4111128333232275;3600;0.001466289336832935
Goal_933;128752;625784.7291000001;0.1111111111111111;136134;272222.54929999996;0.4111122993136159;3600;9.818542273773991E-5
Goal_934;128752;625784.7291000001;0.16666666666666666;136137;272218.46979999996;0.4111117980385939;3600;6.247232685121237E-4
Goal_935;128752;625784.7291000001;0.2222222222222222;136141;272315.0111;0.41111172110274097;3600;6.009894297613827E-5
Goal_936;128752;625784.7291000001;0.2777777777777778;136155;272832.5072;0.41111217417675094;3600;0.022818089010779405
Goal_937;128752;625784.7291000001;0.3333333333333333;136142;272425.20569999993;0.41111195655014304;3600;2.817991762719277E-4
Goal_949;128752;834379.6388000001;0.4444444444444444;128752;0.0;0.44424819203369453;0;0.0
Goal_950;128752;834379.6388000001;0.5;128752;0.0;0.44424819203369453;0;0.0
Goal_938;128752;625784.7291000001;0.38888888888888884;136202;274271.67850000004;0.41111552005825236;3600;0.0073399761668928
Goal_941;128752;834379.6388000001;0.0;136135;281335.3199;0.4111126008018423;3600;2.7443858536103217E-4
Goal_942;128752;834379.6388000001;0.05555555555555555;136151;281936.272;0.41111276929053286;3600;0.004498435556979557
Goal_943;128752;834379.6388000001;0.1111111111111111;136080;279078.52619999996;0.4111194156178298;3600;0.0028965483910664727
Goal_944;128752;834379.6388000001;0.16666666666666666;136131;281282.2155;0.4111116745928264;3600;1.1302164710811753E-4
Goal_945;128752;834379.6388000001;0.2222222222222222;136127;281344.92649999994;0.41111181734147884;3600;0.002107023713383393
Goal_946;128752;834379.6388000001;0.2777777777777778;136080;278988.78740000003;0.4111156440467894;3600;0.005992143780233767
Goal_947;128752;834379.6388000001;0.3333333333333333;136148;281878.27579999994;0.41111222126326774;3600;7.387001698930473E-4
Goal_959;128752;1042974.5485;0.4444444444444444;128752;0.0;0.44424819203369453;0;0.0
Goal_960;128752;1042974.5485;0.5;128752;0.0;0.44424819203369453;0;0.0
Goal_948;128752;834379.6388000001;0.38888888888888884;136136;281542.78349999996;0.4111120623099764;3600;0.0016143273843872393
Goal_951;128752;1042974.5485;0.0;136110;280282.5882;0.41111540094356147;3600;0.016524148579781767
Goal_952;128752;1042974.5485;0.05555555555555555;136125;281211.43439999997;0.4111119422221542;3600;3.793534968757376E-5
Goal_953;128752;1042974.5485;0.1111111111111111;136133;281464.0791999999;0.4111129860268957;3600;7.557149887630132E-5
Goal_954;128752;1042974.5485;0.16666666666666666;136121;280928.4349;0.4111122611399611;3600;1.9767762153438418E-4
Goal_955;128752;1042974.5485;0.2222222222222222;136125;281212.9651;0.4111120605642114;3600;0.002259632209450632
Goal_956;128752;1042974.5485;0.2777777777777778;136013;276328.8951;0.4111235138534124;3600;0.015158304347290324
Goal_957;128752;1042974.5485;0.3333333333333333;136146;281779.6204999999;0.4111119898565467;3600;3.9830419660947543E-4
Goal_969;128752;1251569.4582000002;0.4444444444444444;128752;0.0;0.44424819203369453;0;0.0
Goal_970;128752;1251569.4582000002;0.5;128752;0.0;0.44424819203369453;0;0.0
Goal_958;128752;1042974.5485;0.38888888888888884;136145;281922.3801;0.41111272335938;3600;0.001457416451411983
Goal_961;128752;1251569.4582000002;0.0;136149;290174.6498;0.4111121370115329;3600;0.004774621734647355
Goal_962;128752;1251569.4582000002;0.05555555555555555;136115;288855.462;0.41111218874385885;3600;0.0052038336848137315
Goal_963;128752;1251569.4582000002;0.1111111111111111;136135;289566.9257;0.4111118923065635;3600;0.003397286565728996
Goal_964;128752;1251569.4582000002;0.16666666666666666;136155;290156.77749999997;0.411112245508385;3600;0.006551553447136288
Goal_965;128752;1251569.4582000002;0.2222222222222222;136141;289750.32109999994;0.4111125571170829;3600;0.0041460906786634786
Goal_966;128752;1251569.4582000002;0.2777777777777778;136145;289970.7852;0.4111116859066176;3600;0.005513739928607917
Goal_967;128752;1251569.4582000002;0.3333333333333333;136135;289537.37440000003;0.4111116890739761;3600;0.0015624576695950152
Goal_979;128752;1460164.3679000002;0.4444444444444444;128752;0.0;0.44424819203369453;0;0.0
Goal_980;128752;1460164.3679000002;0.5;128752;0.0;0.44424819203369453;0;0.0
Goal_968;128752;1251569.4582000002;0.38888888888888884;136148;290005.7639;0.41111199167559526;3600;0.016756403663027816
Goal_971;128752;1460164.3679000002;0.0;136149;290174.6498;0.4111121370115329;3600;0.004774717057669523
Goal_972;128752;1460164.3679000002;0.05555555555555555;136115;288855.462;0.41111218874385885;3600;0.005203844176626019
Goal_973;128752;1460164.3679000002;0.1111111111111111;136135;289566.9257;0.4111118923065635;3600;0.0033972660061457236
Goal_974;128752;1460164.3679000002;0.16666666666666666;136155;290156.77749999997;0.411112245508385;3600;0.006551574399395895
Goal_975;128752;1460164.3679000002;0.2222222222222222;136141;289750.32109999994;0.4111125571170829;3600;0.004146013627450617
Goal_976;128752;1460164.3679000002;0.2777777777777778;136145;289970.7852;0.4111116859066176;3600;0.005514541628657016
Goal_977;128752;1460164.3679000002;0.3333333333333333;136135;289537.37440000003;0.4111116890739761;3600;0.001568448038121542
Goal_989;128752;1668759.2776000001;0.4444444444444444;128752;0.0;0.44424819203369453;0;0.0
Goal_990;128752;1668759.2776000001;0.5;128752;0.0;0.44424819203369453;0;0.0
Goal_978;128752;1460164.3679000002;0.38888888888888884;136148;290005.7639;0.41111199167559526;3600;0.01675591740835736
Goal_981;128752;1668759.2776000001;0.0;136149;290174.6498;0.4111121370115329;3600;0.00477441027617478
Goal_982;128752;1668759.2776000001;0.05555555555555555;136115;288855.462;0.41111218874385885;3600;0.005204302956124826
Goal_983;128752;1668759.2776000001;0.1111111111111111;136135;289566.9257;0.4111118923065635;3600;0.003396954585664089
Goal_984;128752;1668759.2776000001;0.16666666666666666;136155;290156.77749999997;0.411112245508385;3600;0.00655154157668506
Goal_985;128752;1668759.2776000001;0.2222222222222222;136141;289750.32109999994;0.4111125571170829;3600;0.004146210531998066
Goal_986;128752;1668759.2776000001;0.2777777777777778;136145;289970.7852;0.4111116859066176;3600;0.00551498710602227
Goal_987;128752;1668759.2776000001;0.3333333333333333;136135;289537.37440000003;0.4111116890739761;3600;0.0015763505220867877
Goal_999;128752;1877354.1873;0.4444444444444444;128752;0.0;0.44424819203369453;0;0.0
Goal_1000;128752;1877354.1873;0.5;128752;0.0;0.44424819203369453;0;0.0
Goal_988;128752;1668759.2776000001;0.38888888888888884;136148;290005.7639;0.41111199167559526;3600;0.016754380665806652
Goal_991;128752;1877354.1873;0.0;136149;290174.6498;0.4111121370115329;3600;0.0047747131835706134
Goal_992;128752;1877354.1873;0.05555555555555555;136115;288855.462;0.41111218874385885;3600;0.005203776524104379
Goal_993;128752;1877354.1873;0.1111111111111111;136135;289566.9257;0.4111118923065635;3600;0.003397145434935247
Goal_994;128752;1877354.1873;0.16666666666666666;136155;290156.77749999997;0.411112245508385;3600;0.006551553447136288
Goal_995;128752;1877354.1873;0.2222222222222222;136141;289750.32109999994;0.4111125571170829;3600;0.004146151023306879
Goal_996;128752;1877354.1873;0.2777777777777778;136145;289970.7852;0.4111116859066176;3600;0.005513420217835922
Goal_997;128752;1877354.1873;0.3333333333333333;136135;289537.37440000003;0.4111116890739761;3600;0.001565180661383585
Goal_998;128752;1877354.1873;0.38888888888888884;136148;290005.7639;0.41111199167559526;3600;0.016754338704615103
