Meta_4;229303;0.0;0.16666666666666666;226477;2395390.3464;0.16665524044116847;4;3.5765971802471643E-16
Meta_5;229303;0.0;0.2222222222222222;226477;2395384.5544000003;0.16738476588127724;0;0.0
Meta_6;229303;0.0;0.2777777777777778;226477;2395384.5544000003;0.16738476588127724;0;0.0
Meta_7;229303;0.0;0.3333333333333333;226477;2395384.5544000003;0.16738476588127724;0;0.0
Meta_8;229303;0.0;0.38888888888888884;226477;2395384.5544000003;0.16738476588127724;0;0.0
Meta_9;229303;0.0;0.4444444444444444;226477;2395384.5544000003;0.16738476588127724;0;0.0
Meta_10;229303;0.0;0.5;226477;2395384.5544000003;0.16738476588127724;0;0.0
Meta_14;229303;327063.5630666669;0.16666666666666666;226477;2395390.3464;0.16665524044116847;2;0.0
Meta_15;229303;327063.5630666669;0.2222222222222222;226477;2395384.5544000003;0.16738476588127724;1;0.0
Meta_16;229303;327063.5630666669;0.2777777777777778;226477;2395384.5544000003;0.16738476588127724;1;0.0
Meta_17;229303;327063.5630666669;0.3333333333333333;226477;2395384.5544000003;0.16738476588127724;1;0.0
Meta_18;229303;327063.5630666669;0.38888888888888884;226477;2395384.5544000003;0.16738476588127724;1;0.0
Meta_19;229303;327063.5630666669;0.4444444444444444;226477;2395384.5544000003;0.16738476588127724;0;0.0
Meta_20;229303;327063.5630666669;0.5;226477;2395384.5544000003;0.16738476588127724;1;0.0
Meta_24;229303;654127.1261333338;0.16666666666666666;226477;2395390.3464;0.16665524044116847;2;0.0
Meta_25;229303;654127.1261333338;0.2222222222222222;226477;2395384.5544000003;0.16738476588127724;1;0.0
Meta_26;229303;654127.1261333338;0.2777777777777778;226477;2395384.5544000003;0.16738476588127724;1;0.0
Meta_27;229303;654127.1261333338;0.3333333333333333;226477;2395384.5544000003;0.16738476588127724;1;0.0
Meta_28;229303;654127.1261333338;0.38888888888888884;226477;2395384.5544000003;0.16738476588127724;0;8.185484889944048E-14
Meta_29;229303;654127.1261333338;0.4444444444444444;226477;2395384.5544000003;0.16738476588127724;0;8.185484889944048E-14
Meta_30;229303;654127.1261333338;0.5;226477;2395384.5544000003;0.16738476588127724;0;8.185484889944048E-14
Meta_1;229303;0.0;0.0;227995;2516354.4221000005;0.03417667996911929;3600;0.011256096449893284
Meta_2;229303;0.0;0.05555555555555555;228228;2516801.9797000014;0.05562006767233648;3600;0.0020294004086134527
Meta_3;229303;0.0;0.1111111111111111;227509;2455766.712100001;0.1111132816909261;3600;7.930941356979966E-5
Meta_34;229303;981190.6892000006;0.16666666666666666;226477;2395390.3464;0.16665524044116847;2;0.0
Meta_35;229303;981190.6892000006;0.2222222222222222;226477;2395384.5544000003;0.16738476588127724;1;0.0
Meta_36;229303;981190.6892000006;0.2777777777777778;226477;2395384.5544000003;0.16738476588127724;1;0.0
Meta_37;229303;981190.6892000006;0.3333333333333333;226477;2395384.5544000003;0.16738476588127724;0;0.0
Meta_38;229303;981190.6892000006;0.38888888888888884;226477;2395384.5544000003;0.16738476588127724;0;1.0177839729929332E-13
Meta_39;229303;981190.6892000006;0.4444444444444444;226477;2395384.5544000003;0.16738476588127724;0;1.0177839729929332E-13
Meta_40;229303;981190.6892000006;0.5;226477;2395384.5544000003;0.16738476588127724;0;1.0177839729929332E-13
Meta_11;229303;327063.5630666669;0.0;228151;2524875.261700001;0.03264046792083565;3600;0.009368470102157847
Meta_12;229303;327063.5630666669;0.05555555555555555;228153;2512142.8130000005;0.055649884758190014;3600;0.0020811952688104237
Meta_13;229303;327063.5630666669;0.1111111111111111;227500;2455261.4355000006;0.11111464342949408;3600;1.0331678933523099E-4
Meta_44;229303;1308254.2522666676;0.16666666666666666;226477;2395390.3464;0.16665524044116847;2;0.0
Meta_45;229303;1308254.2522666676;0.2222222222222222;226477;2395384.5544000003;0.16738476588127724;1;0.0
Meta_46;229303;1308254.2522666676;0.2777777777777778;226477;2395384.5544000003;0.16738476588127724;1;0.0
Meta_47;229303;1308254.2522666676;0.3333333333333333;226477;2395384.5544000003;0.16738476588127724;0;0.0
Meta_48;229303;1308254.2522666676;0.38888888888888884;226477;2395384.5544000003;0.16738476588127724;0;1.2904596574411924E-13
Meta_49;229303;1308254.2522666676;0.4444444444444444;226477;2395384.5544000003;0.16738476588127724;0;1.2904596574411924E-13
Meta_50;229303;1308254.2522666676;0.5;226477;2395384.5544000003;0.16738476588127724;0;1.2904596574411924E-13
Meta_21;229303;654127.1261333338;0.0;228166;2526153.6924;0.03217175599954699;3600;0.011760792725003228
Meta_22;229303;654127.1261333338;0.05555555555555555;228080;2508256.8813000005;0.05556311913732773;3600;0.001160366881617945
Meta_23;229303;654127.1261333338;0.1111111111111111;227519;2456342.417300001;0.11111470392331403;3600;1.1671708080256917E-4
Meta_54;229303;1635317.8153333345;0.16666666666666666;226477;2395390.3464;0.16665524044116847;2;0.0
Meta_55;229303;1635317.8153333345;0.2222222222222222;226477;2395384.5544000003;0.16738476588127724;1;0.0
Meta_56;229303;1635317.8153333345;0.2777777777777778;226477;2395384.5544000003;0.16738476588127724;1;0.0
Meta_57;229303;1635317.8153333345;0.3333333333333333;226477;2395384.5544000003;0.16738476588127724;0;0.0
Meta_58;229303;1635317.8153333345;0.38888888888888884;226477;2395384.5544000003;0.16738476588127724;0;2.0927947003244755E-13
Meta_59;229303;1635317.8153333345;0.4444444444444444;226477;2395384.5544000003;0.16738476588127724;0;2.0927947003244755E-13
Meta_60;229303;1635317.8153333345;0.5;226477;2395384.5544000003;0.16738476588127724;0;2.0927947003244755E-13
Meta_31;229303;981190.6892000006;0.0;228156;2526029.1752000004;0.03194124913118029;3600;0.014975936640759687
Meta_32;229303;981190.6892000006;0.05555555555555555;228214;2515705.891500001;0.05556076533531073;3600;0.0023514915574306184
Meta_33;229303;981190.6892000006;0.1111111111111111;227510;2455828.8873000005;0.11111434636559894;3600;1.3613242361575767E-4
Meta_64;229303;1962381.3784000012;0.16666666666666666;226477;2395390.3464;0.16665524044116847;1;0.0
Meta_65;229303;1962381.3784000012;0.2222222222222222;226477;2395384.5544000003;0.16738476588127724;1;0.0
Meta_66;229303;1962381.3784000012;0.2777777777777778;226477;2395384.5544000003;0.16738476588127724;1;0.0
Meta_67;229303;1962381.3784000012;0.3333333333333333;226477;2395384.5544000003;0.16738476588127724;0;3.7260210720975347E-13
Meta_68;229303;1962381.3784000012;0.38888888888888884;226477;2395384.5544000003;0.16738476588127724;0;4.0347540454458545E-13
Meta_69;229303;1962381.3784000012;0.4444444444444444;226477;2395384.5544000003;0.16738476588127724;0;4.0347540454458545E-13
Meta_70;229303;1962381.3784000012;0.5;226477;2395384.5544000003;0.16738476588127724;0;4.0347540454458545E-13
Meta_41;229303;1308254.2522666676;0.0;228154;2525642.758500001;0.03192130083308737;3600;0.016546764082808228
Meta_42;229303;1308254.2522666676;0.05555555555555555;228155;2512384.002500001;0.05556341569911032;3600;0.0015953038020320666
Meta_43;229303;1308254.2522666676;0.1111111111111111;227518;2456282.1501;0.1111098071391331;3600;1.728935409068506E-4
Meta_74;229303;2289444.941466668;0.16666666666666666;226477;2395390.3464;0.16665524044116847;2;0.0
Meta_75;229303;2289444.941466668;0.2222222222222222;226477;2395384.5544000003;0.16738476588127724;1;0.0
Meta_76;229303;2289444.941466668;0.2777777777777778;226477;2395384.5544000003;0.16738476588127724;1;0.0
Meta_77;229303;2289444.941466668;0.3333333333333333;226477;2395384.5544000003;0.16738476588127724;0;9.3905518752258E-13
Meta_78;229303;2289444.941466668;0.38888888888888884;226477;2395384.5544000003;0.16738476588127724;0;1.0080716459532702E-12
Meta_79;229303;2289444.941466668;0.4444444444444444;226477;2395384.5544000003;0.16738476588127724;0;1.0080716459532702E-12
Meta_80;229303;2289444.941466668;0.5;226477;2395384.5544000003;0.16738476588127724;0;1.0080716459532702E-12
Meta_51;229303;1635317.8153333345;0.0;228142;2524850.1620000005;0.0320120548224286;3600;0.020470497881310275
Meta_82;229303;2616508.504533335;0.05555555555555555;228252;2547495.754900001;0.05501246400760155;2;0.0
Meta_83;229303;2616508.504533335;0.1111111111111111;228252;2616506.1427000016;0.10203838025377446;0;0.0
Meta_84;229303;2616508.504533335;0.16666666666666666;228252;2616506.1427000016;0.10203838025377446;0;0.0
Meta_85;229303;2616508.504533335;0.2222222222222222;228252;2616506.1427000016;0.10203838025377446;0;0.0
Meta_86;229303;2616508.504533335;0.2777777777777778;228252;2616506.1427000016;0.10203838025377446;0;0.0
Meta_87;229303;2616508.504533335;0.3333333333333333;228252;2616505.4572;0.09278603186333677;0;0.0
Meta_88;229303;2616508.504533335;0.38888888888888884;228252;2616469.017000002;0.10059495027473472;1;0.0
Meta_89;229303;2616508.504533335;0.4444444444444444;228252;2616469.017000002;0.10059495027473472;1;0.0
Meta_90;229303;2616508.504533335;0.5;228252;2616469.017000002;0.10059495027473472;1;0.0
Meta_52;229303;1635317.8153333345;0.05555555555555555;228151;2512284.8245000015;0.055563513720100204;3600;0.0049418508150763304
Meta_92;229303;2943572.067600002;0.05555555555555555;228252;2777705.5174000002;0.054278401499562264;2;0.0
Meta_93;229303;2943572.067600002;0.1111111111111111;228252;2799171.0336;0.10182251071651822;0;0.0
Meta_94;229303;2943572.067600002;0.16666666666666666;228252;2799171.0336;0.10182251071651822;0;0.0
Meta_95;229303;2943572.067600002;0.2222222222222222;228252;2799171.0336;0.10182251071651822;0;0.0
Meta_96;229303;2943572.067600002;0.2777777777777778;228252;2799171.0336;0.10182251071651822;0;0.0
Meta_97;229303;2943572.067600002;0.3333333333333333;228252;2902133.0091000004;0.10256013586312801;0;0.0
Meta_98;229303;2943572.067600002;0.38888888888888884;228252;2899266.880000001;0.11578967162139393;0;0.0
Meta_99;229303;2943572.067600002;0.4444444444444444;228252;2899266.880000001;0.11578967162139393;0;0.0
Meta_100;229303;2943572.067600002;0.5;228252;2899266.880000001;0.11578967162139393;0;0.0
Meta_53;229303;1635317.8153333345;0.1111111111111111;227517;2456223.7373000006;0.11110966486405788;3600;2.3208435683984724E-4
Meta_61;229303;1962381.3784000012;0.0;228066;2520918.0739;0.032257248703238296;3600;0.03934140892248786
Meta_62;229303;1962381.3784000012;0.05555555555555555;228202;2515037.163600001;0.05556417550935082;3600;0.006728692285950862
Meta_63;229303;1962381.3784000012;0.1111111111111111;227523;2456574.8244000007;0.1111143873490239;3600;5.46398376046307E-4
Meta_71;229303;2289444.941466668;0.0;228080;2523074.7353000008;0.03180803319660673;3600;0.07777813312199644
Meta_72;229303;2289444.941466668;0.05555555555555555;228201;2514892.4286000007;0.055590603916231676;3600;0.010474711517706516
Meta_107;219366;0.0;0.3333333333333333;219366;2026627.7173000001;0.2864936210427504;0;0.0
Meta_108;219366;0.0;0.38888888888888884;219366;2026627.7173000001;0.2864936210427504;0;0.0
Meta_109;219366;0.0;0.4444444444444444;219366;2026627.7173000001;0.2864936210427504;0;0.0
Meta_110;219366;0.0;0.5;219366;2026627.7173000001;0.2864936210427504;0;0.0
Meta_73;229303;2289444.941466668;0.1111111111111111;227509;2455766.6665000007;0.11111493320190734;3600;0.001311850774576593
Meta_106;219366;0.0;0.2777777777777778;219366;2026896.8514;0.27778070817981476;700;4.801334041706123E-8
Meta_81;229303;2616508.504533335;0.0;228252;2600922.058900001;0.031595848076775096;3600;0.28884078227255156
Meta_91;229303;2943572.067600002;0.0;228252;2700894.2533;0.03174365838713765;3600;0.1738695720231614
Meta_101;219366;0.0;0.0;219525;2206023.880900001;0.08653626228597;3600;0.0960058481671583
Meta_102;219366;0.0;0.05555555555555555;219307;2179541.071;0.09952107738795499;3601;0.09535880805574673
Meta_117;219366;327063.5630666669;0.3333333333333333;219366;2026627.7173000001;0.2864936210427504;0;0.0
Meta_118;219366;327063.5630666669;0.38888888888888884;219366;2026627.7173000001;0.2864936210427504;0;0.0
Meta_119;219366;327063.5630666669;0.4444444444444444;219366;2026627.7173000001;0.2864936210427504;0;0.0
Meta_120;219366;327063.5630666669;0.5;219366;2026627.7173000001;0.2864936210427504;0;0.0
Meta_103;219366;0.0;0.1111111111111111;219304;2148268.5006999997;0.1232961597436151;3600;0.061798017577354564
Meta_116;219366;327063.5630666669;0.2777777777777778;219366;2026897.0576;0.277778829691379;455;1.3435529823162511E-16
Meta_104;219366;0.0;0.16666666666666666;219366;2113319.0429000007;0.16666651133764473;3600;0.02738186416189723
Meta_105;219366;0.0;0.2222222222222222;219366;2049205.5894;0.22222231453926813;3600;0.007234315482379719
Meta_111;219366;327063.5630666669;0.0;219366;2227026.9508999996;0.06629292969283337;3600;0.08594336225209777
Meta_112;219366;327063.5630666669;0.05555555555555555;219366;2182080.0227999995;0.0999035789835312;3600;0.11429296602105248
Meta_127;219366;654127.1261333338;0.3333333333333333;219366;2026627.7173000001;0.2864936210427504;0;0.0
Meta_128;219366;654127.1261333338;0.38888888888888884;219366;2026627.7173000001;0.2864936210427504;0;0.0
Meta_129;219366;654127.1261333338;0.4444444444444444;219366;2026627.7173000001;0.2864936210427504;0;0.0
Meta_130;219366;654127.1261333338;0.5;219366;2026627.7173000001;0.2864936210427504;0;0.0
Meta_126;219366;654127.1261333338;0.2777777777777778;219366;2026896.9731;0.2777796963701646;198;7.218981400161163E-8
Meta_113;219366;327063.5630666669;0.1111111111111111;219352;2155023.6631000005;0.12796116479585276;3600;0.08924449006207112
Meta_114;219366;327063.5630666669;0.16666666666666666;219366;2090792.0940000003;0.1666692164058123;3600;0.019622198273230654
Meta_115;219366;327063.5630666669;0.2222222222222222;219366;2049387.8315000003;0.22222917197800507;3600;0.008487759573738346
Meta_121;219366;654127.1261333338;0.0;219366;2198568.757400001;0.08334697350847792;3600;0.12174026581182107
Meta_122;219366;654127.1261333338;0.05555555555555555;219366;2183560.1274;0.10324831615505584;3600;0.14575816958940174
Meta_137;219366;981190.6892000006;0.3333333333333333;219366;2026627.7173000001;0.2864936210427504;0;0.0
Meta_138;219366;981190.6892000006;0.38888888888888884;219366;2026627.7173000001;0.2864936210427504;0;0.0
Meta_139;219366;981190.6892000006;0.4444444444444444;219366;2026627.7173000001;0.2864936210427504;0;0.0
Meta_140;219366;981190.6892000006;0.5;219366;2026627.7173000001;0.2864936210427504;0;0.0
Meta_123;219366;654127.1261333338;0.1111111111111111;219366;2162066.8405999998;0.11183657184319376;3600;0.051853438784741884
Meta_124;219366;654127.1261333338;0.16666666666666666;219366;2092042.0346999997;0.16667436773582886;3600;0.025030770344111358
Meta_125;219366;654127.1261333338;0.2222222222222222;219366;2046708.1270000008;0.2222211990501343;3600;0.00818642440623212
Meta_131;219366;981190.6892000006;0.0;219369;2204617.6317;0.08066931859304416;3604;0.14707065841700723
Meta_132;219366;981190.6892000006;0.05555555555555555;219366;2184122.8477000003;0.09853312741141466;3603;0.161443382282225
Meta_133;219366;981190.6892000006;0.1111111111111111;219463;2155727.566600001;0.12472765367702517;3600;0.12017005825807489
Meta_147;219366;1308254.2522666676;0.3333333333333333;219366;2026627.7173000001;0.2864936210427504;0;0.0
Meta_148;219366;1308254.2522666676;0.38888888888888884;219366;2026627.7173000001;0.2864936210427504;0;2.557625457889647E-13
Meta_149;219366;1308254.2522666676;0.4444444444444444;219366;2026627.7173000001;0.2864936210427504;0;2.544908861455143E-13
Meta_150;219366;1308254.2522666676;0.5;219366;2026627.7173000001;0.2864936210427504;0;2.544908861455143E-13
Meta_146;219366;1308254.2522666676;0.2777777777777778;219366;2026897.0881999996;0.27777890915118203;243;3.1779574592923085E-16
Meta_134;219366;981190.6892000006;0.16666666666666666;219366;2094770.3887000002;0.1666691867879959;3600;0.034923480144702715
Meta_135;219366;981190.6892000006;0.2222222222222222;219366;2047027.985;0.22222855906840572;3600;0.011505115077350378
Meta_136;219366;981190.6892000006;0.2777777777777778;219366;2026898.0661999998;0.2777767198107883;3600;1.4703806018422433E-4
Meta_141;219366;1308254.2522666676;0.0;219366;2196600.728599999;0.08673766893483241;3600;0.20760173799204915
Meta_142;219366;1308254.2522666676;0.05555555555555555;219367;2203146.6614;0.09264411496233022;3600;0.20930420829813
Meta_157;219366;1635317.8153333345;0.3333333333333333;219366;2026627.7173000001;0.2864936210427504;0;0.0
Meta_158;219366;1635317.8153333345;0.38888888888888884;219366;2026627.7173000001;0.2864936210427504;0;4.701169251166513E-13
Meta_159;219366;1635317.8153333345;0.4444444444444444;219366;2026627.7173000001;0.2864936210427504;0;4.701169251166513E-13
Meta_160;219366;1635317.8153333345;0.5;219366;2026627.7173000001;0.2864936210427504;0;4.701169251166513E-13
Meta_143;219366;1308254.2522666676;0.1111111111111111;221645;2256700.9332999997;0.11399696507814003;3600;0.1928696704918601
Meta_144;219366;1308254.2522666676;0.16666666666666666;219366;2095466.5461;0.16673653446400377;3600;0.05106155608267654
Meta_145;219366;1308254.2522666676;0.2222222222222222;219366;2046976.5966999999;0.22222402510304737;3600;0.015848003519831406
Meta_156;219366;1635317.8153333345;0.2777777777777778;219366;2026897.0881999996;0.27777890915118203;1868;0.0
Meta_151;219366;1635317.8153333345;0.0;219366;2200753.015900001;0.08208472829256892;3605;0.280249180284304
Meta_152;219366;1635317.8153333345;0.05555555555555555;219366;2191269.9028000003;0.09020612971554509;3600;0.27427485780521504
Meta_167;219366;1962381.3784000012;0.3333333333333333;219366;2026627.7173000001;0.2864936210427504;0;0.0
Meta_168;219366;1962381.3784000012;0.38888888888888884;219366;2026627.7173000001;0.2864936210427504;0;3.4752423378065954E-12
Meta_169;219366;1962381.3784000012;0.4444444444444444;219366;2026627.7173000001;0.2864936210427504;0;3.489683633801828E-12
Meta_170;219366;1962381.3784000012;0.5;219366;2026627.7173000001;0.2864936210427504;0;3.489683633801828E-12
Meta_153;219366;1635317.8153333345;0.1111111111111111;219366;2159295.588799999;0.11892820670033707;3600;0.2065492962127338
Meta_154;219366;1635317.8153333345;0.16666666666666666;219366;2092377.1862999995;0.16667040781578574;3600;0.07982158978427954
Meta_173;219366;2289444.941466668;0.1111111111111111;219449;2273404.7967;0.10342211924732882;610;0.0
Meta_174;219366;2289444.941466668;0.16666666666666666;219366;2289444.7675999994;0.16659175798151743;153;0.0
Meta_155;219366;1635317.8153333345;0.2222222222222222;219366;2047263.7885000005;0.22222220778730592;3600;0.030274553610168283
Meta_175;219366;2289444.941466668;0.2222222222222222;219949;2289441.170700001;0.2163619459620388;92;0.0
Meta_177;219366;2289444.941466668;0.3333333333333333;219366;2289122.2105000005;0.3135516927825049;2;0.0
Meta_178;219366;2289444.941466668;0.38888888888888884;219366;2287719.155600001;0.3266833908234236;1;0.0
Meta_179;219366;2289444.941466668;0.4444444444444444;219366;2287719.155600001;0.3266833908234236;0;0.0
Meta_180;219366;2289444.941466668;0.5;219366;2287719.155600001;0.3266833908234236;0;0.0
Meta_176;219366;2289444.941466668;0.2777777777777778;219459;2284381.648;0.27527827949108047;32;0.0
Meta_161;219366;1962381.3784000012;0.0;219366;2201495.947099999;0.08001556142362921;3600;0.4941892637526313
Meta_183;219366;2616508.504533335;0.1111111111111111;222149;2602459.3606000002;0.11071390527749876;36;0.0
Meta_184;219366;2616508.504533335;0.16666666666666666;222044;2484523.968200001;0.16638533034864977;50;0.0
Meta_185;219366;2616508.504533335;0.2222222222222222;220673;2592372.563900001;0.21930167325290717;3;0.0
Meta_186;219366;2616508.504533335;0.2777777777777778;219386;2560531.011200001;0.2777004060878192;14;0.0
Meta_187;219366;2616508.504533335;0.3333333333333333;219479;2482957.4346000017;0.3332811158060754;12;0.0
Meta_188;219366;2616508.504533335;0.38888888888888884;219366;2595184.5330000008;0.34106176967472757;0;0.0
Meta_189;219366;2616508.504533335;0.4444444444444444;219366;2595184.5330000008;0.34106176967472757;0;0.0
Meta_190;219366;2616508.504533335;0.5;219366;2595184.5330000008;0.34106176967472757;0;0.0
Meta_162;219366;1962381.3784000012;0.05555555555555555;219367;2194305.5386;0.09470488131872384;3600;0.5667337202603281
Meta_163;219366;1962381.3784000012;0.1111111111111111;219366;2157435.7597;0.12272018601038333;3600;0.5219652992600813
Meta_193;219366;2943572.067600002;0.1111111111111111;222821;2783043.5429000007;0.11111280830190498;47;0.0
Meta_194;219366;2943572.067600002;0.16666666666666666;219977;2673724.315000002;0.16664655368099404;120;0.0
Meta_195;219366;2943572.067600002;0.2222222222222222;219595;2717218.0298000006;0.2179001576623119;180;0.0
Meta_196;219366;2943572.067600002;0.2777777777777778;220046;2627332.8452000003;0.2777759525862807;4;0.0
Meta_197;219366;2943572.067600002;0.3333333333333333;220604;2659686.3699;0.32430647295674336;9;0.0
Meta_198;219366;2943572.067600002;0.38888888888888884;219366;2595184.5330000008;0.34106176967472757;0;0.0
Meta_199;219366;2943572.067600002;0.4444444444444444;219366;2595184.5330000008;0.34106176967472757;0;0.0
Meta_200;219366;2943572.067600002;0.5;219366;2595184.5330000008;0.34106176967472757;0;0.0
Meta_164;219366;1962381.3784000012;0.16666666666666666;219365;2094843.9780000001;0.1666672668019971;3600;0.2958316549782844
Meta_165;219366;1962381.3784000012;0.2222222222222222;219360;2049021.7277000004;0.22222233760732352;3600;0.17398240338270718
Meta_166;219366;1962381.3784000012;0.2777777777777778;219366;2026897.7125000004;0.277775746906384;3600;0.0018520245134853127
Meta_171;219366;2289444.941466668;0.0;219504;2288811.5313000004;0.06396452641590498;3600;1.0
Meta_172;219366;2289444.941466668;0.05555555555555555;219501;2288554.1925000004;0.0951974784423664;3600;1.0
Meta_181;219366;2616508.504533335;0.0;228153;2591009.3260000004;0.035687753327191374;3600;1.0
Meta_182;219366;2616508.504533335;0.05555555555555555;222740;2603232.0315000014;0.06374437361301855;3600;1.0
Meta_191;219366;2943572.067600002;0.0;228192;2778247.963400001;0.033903920982124455;3600;1.0
Meta_209;209430;0.0;0.4444444444444444;209430;1619410.7510000002;0.4275443935952963;0;0.0
Meta_210;209430;0.0;0.5;209430;1619410.7510000002;0.4275443935952963;0;0.0
Meta_192;219366;2943572.067600002;0.05555555555555555;223054;2668431.9014999988;0.05639367889565298;3600;1.0
Meta_201;209430;0.0;0.0;209430;1942789.5867999995;0.09827075169529197;3603;0.13669241343319555
Meta_202;209430;0.0;0.05555555555555555;209438;1910425.7203999998;0.12002705637868746;3600;0.16496215706226142
Meta_203;209430;0.0;0.1111111111111111;209430;1855912.5833000008;0.16213425993119435;3611;0.19614989850388495
Meta_204;209430;0.0;0.16666666666666666;213200;1954114.9915999994;0.17607827097275938;3616;0.15726897505134632
Meta_205;209430;0.0;0.2222222222222222;209430;1782138.2513000006;0.2224743154408042;3600;0.06075044653562503
Meta_206;209430;0.0;0.2777777777777778;209430;1720647.5201000005;0.27776402707162545;3600;0.04575009252189559
Meta_207;209430;0.0;0.3333333333333333;209430;1644345.4203;0.3333333597352513;3600;0.01055580018159965
Meta_219;209430;327063.5630666669;0.4444444444444444;209430;1619410.7510000002;0.4275443935952963;0;0.0
Meta_208;209430;0.0;0.38888888888888884;209430;1623239.7306000008;0.38888523590507357;3600;0.0017660872783035236
Meta_220;209430;327063.5630666669;0.5;209430;1619410.7510000002;0.4275443935952963;0;0.0
Meta_211;209430;327063.5630666669;0.0;209522;1925651.0912000008;0.10706365915497543;3609;0.18296378235565144
Meta_212;209430;327063.5630666669;0.05555555555555555;209545;1883135.3524999996;0.13593263624317803;3605;0.2263772939184246
Meta_213;209430;327063.5630666669;0.1111111111111111;209452;1869138.4602000003;0.1439950161784863;3600;0.16459696436364063
Meta_214;209430;327063.5630666669;0.16666666666666666;209415;1826595.9394999992;0.16777604164591914;3601;0.0670310507137859
Meta_215;209430;327063.5630666669;0.2222222222222222;209430;1780314.5754000007;0.22223636488420775;3611;0.07103061772067677
Meta_216;209430;327063.5630666669;0.2777777777777778;209430;1683172.4499999995;0.27777679099825386;3600;0.024965487221937272
Meta_217;209430;327063.5630666669;0.3333333333333333;209430;1642157.969;0.33333392543944595;3600;0.008950726333130102
Meta_229;209430;654127.1261333338;0.4444444444444444;209430;1619410.7510000002;0.4275443935952963;0;0.0
Meta_230;209430;654127.1261333338;0.5;209430;1619410.7510000002;0.4275443935952963;0;0.0
Meta_218;209430;327063.5630666669;0.38888888888888884;209430;1623314.714000001;0.38888979884294417;3600;0.0022260851242773424
Meta_221;209430;654127.1261333338;0.0;209520;1932988.6759;0.10144288594463137;3600;0.21646280481234068
Meta_222;209430;654127.1261333338;0.05555555555555555;209434;1886532.2917999998;0.13261227045328414;3604;0.2637700578608083
Meta_223;209430;654127.1261333338;0.1111111111111111;209454;1914598.5436;0.11402528651248883;3600;0.10607494804988075
Meta_224;209430;654127.1261333338;0.16666666666666666;209585;1826175.8644999994;0.17305185883311383;3605;0.11888728403893684
Meta_225;209430;654127.1261333338;0.2222222222222222;209430;1780242.5995;0.22311607911717404;3600;0.0977616435839938
Meta_226;209430;654127.1261333338;0.2777777777777778;209430;1685109.1796000008;0.2778239215596467;3600;0.03472084762259015
Meta_227;209430;654127.1261333338;0.3333333333333333;209430;1643199.2332;0.33332997063265163;3600;0.01403599941768681
Meta_239;209430;981190.6892000006;0.4444444444444444;209430;1619410.7510000002;0.4275443935952963;0;2.2347202835262135E-13
Meta_240;209430;981190.6892000006;0.5;209430;1619410.7510000002;0.4275443935952963;0;2.2347202835262135E-13
Meta_228;209430;654127.1261333338;0.38888888888888884;209430;1623311.9761000006;0.38888922271937904;3600;0.0023932172545168746
Meta_231;209430;981190.6892000006;0.0;209475;1909486.2717000006;0.11320590158191386;3600;0.29438397610840883
Meta_232;209430;981190.6892000006;0.05555555555555555;209432;1910015.1090999988;0.11874751482641285;3600;0.2673969505868867
Meta_234;209430;981190.6892000006;0.16666666666666666;209430;1819254.4990000008;0.18699493264618183;3601;0.28091286447157854
Meta_233;209430;981190.6892000006;0.1111111111111111;209522;1863103.2523000005;0.14961376142769214;3611;0.2853941219628891
Meta_235;209430;981190.6892000006;0.2222222222222222;209393;1778492.5129000007;0.22299799155030584;3609;0.136945369649635
Meta_236;209430;981190.6892000006;0.2777777777777778;209425;1711947.6236;0.2777796461750118;3605;0.0965201378378958
Meta_237;209430;981190.6892000006;0.3333333333333333;209430;1642607.9701999999;0.3333306826511111;3600;0.019333334369088913
Meta_249;209430;1308254.2522666676;0.4444444444444444;209430;1619410.7510000002;0.4275443935952963;0;4.842411617040105E-13
Meta_250;209430;1308254.2522666676;0.5;209430;1619410.7510000002;0.4275443935952963;0;4.842411617040105E-13
Meta_238;209430;981190.6892000006;0.38888888888888884;209430;1623800.0390000006;0.388886050249388;3600;0.0063050615324346405
Meta_241;209430;1308254.2522666676;0.0;209551;1912961.086499999;0.11137581248780004;3600;0.39713399846532693
Meta_242;209430;1308254.2522666676;0.05555555555555555;209430;1887563.9321999997;0.12740859347515926;3611;0.4252200335989292
Meta_243;209430;1308254.2522666676;0.1111111111111111;209384;1869944.2708000008;0.14418232624616886;3600;0.3970214210069883
Meta_244;209430;1308254.2522666676;0.16666666666666666;209496;1833033.9932000008;0.16666591767439237;3600;0.18293357133498148
Meta_245;209430;1308254.2522666676;0.2222222222222222;209245;1761078.6230000001;0.22229320521769982;3600;0.19958797235120745
Meta_246;209430;1308254.2522666676;0.2777777777777778;209472;1697748.4557999999;0.27777919531775713;3600;0.13801589853297902
Meta_258;209430;1635317.8153333345;0.38888888888888884;209430;1635290.1553000002;0.3887552530613953;74;0.0
Meta_259;209430;1635317.8153333345;0.4444444444444444;209430;1635311.5546000001;0.4394990234872834;0;0.0
Meta_260;209430;1635317.8153333345;0.5;209430;1635311.5546000001;0.4394990234872834;0;0.0
Meta_247;209430;1308254.2522666676;0.3333333333333333;209430;1642225.805;0.3333571939900361;3600;0.04054979262228426
Meta_248;209430;1308254.2522666676;0.38888888888888884;209430;1623103.2803000004;0.38888843721297084;3600;0.007975207294974649
Meta_251;209430;1635317.8153333345;0.0;209751;1933597.499800001;0.10967464639397716;3600;0.6169593024133906
Meta_252;209430;1635317.8153333345;0.05555555555555555;209497;1908847.0945999997;0.11808480570279536;3600;0.6017412309699922
Meta_253;209430;1635317.8153333345;0.1111111111111111;209566;1911149.0643999998;0.123423485184308;3604;0.5403727843868481
Meta_266;209430;1962381.3784000012;0.2777777777777778;209430;1957263.1399000005;0.2777707987728452;71;0.0
Meta_267;209430;1962381.3784000012;0.3333333333333333;209477;1907763.5900999992;0.3328441515986089;22;0.0
Meta_265;209430;1962381.3784000012;0.2222222222222222;209468;1944731.4169999997;0.2187278904479891;232;0.0
Meta_269;209430;1962381.3784000012;0.4444444444444444;209430;1962378.2665000013;0.44150634769048935;0;0.0
Meta_270;209430;1962381.3784000012;0.5;209430;1962378.2665000013;0.44150634769048935;0;0.0
Meta_254;209430;1635317.8153333345;0.16666666666666666;209430;1825883.1545;0.17416322110949267;3608;0.6012045649255184
Meta_268;209430;1962381.3784000012;0.38888888888888884;209443;1946663.6322999995;0.38315734986737693;68;0.0
Meta_255;209430;1635317.8153333345;0.2222222222222222;209130;1759436.6965;0.22671525367375994;3600;0.7319723601367533
Meta_274;209430;2289444.941466668;0.16666666666666666;210649;2253660.7040000013;0.1666643550266138;72;0.0
Meta_275;209430;2289444.941466668;0.2222222222222222;209430;2289428.1810999997;0.22219729197714108;86;0.0
Meta_276;209430;2289444.941466668;0.2777777777777778;211869;2197239.2018999993;0.27675797821344794;24;0.0
Meta_277;209430;2289444.941466668;0.3333333333333333;210631;2252754.5472;0.3331205844497753;20;0.0
Meta_278;209430;2289444.941466668;0.38888888888888884;209430;2192678.5970000005;0.38762218281146016;8;0.0
Meta_279;209430;2289444.941466668;0.4444444444444444;209440;2270134.901100001;0.44056373535783544;1;0.0
Meta_280;209430;2289444.941466668;0.5;209430;2261981.852900001;0.4455444994765363;0;0.0
Meta_264;209430;1962381.3784000012;0.16666666666666666;209540;1962155.7675;0.16661980728368442;763;0.0
Meta_256;209430;1635317.8153333345;0.2777777777777778;209430;1688577.4823000005;0.27777701256302484;3600;0.6937544561560024
Meta_283;209430;2616508.504533335;0.1111111111111111;225416;2616045.2953;0.11109640115942063;131;0.0
Meta_284;209430;2616508.504533335;0.16666666666666666;215980;2575875.1700999998;0.16658676813466256;26;0.0
Meta_285;209430;2616508.504533335;0.2222222222222222;209612;2094213.3857999998;0.22175436728930667;62;0.0
Meta_286;209430;2616508.504533335;0.2777777777777778;213650;2585600.071199999;0.26674476656629875;22;0.0
Meta_287;209430;2616508.504533335;0.3333333333333333;209432;2252268.8339;0.3333178651030348;34;0.0
Meta_288;209430;2616508.504533335;0.38888888888888884;209434;2240483.319600001;0.3886637959180822;9;0.0
Meta_289;209430;2616508.504533335;0.4444444444444444;209440;2314468.364200001;0.44056373535783544;1;0.0
Meta_290;209430;2616508.504533335;0.5;209430;2261981.852900001;0.4455444994765363;0;0.0
Meta_257;209430;1635317.8153333345;0.3333333333333333;209430;1642981.1866;0.33332393185086356;3600;1.0
Meta_261;209430;1962381.3784000012;0.0;210592;1964995.0958999998;0.12281865476432298;3611;1.0
Meta_293;209430;2943572.067600002;0.1111111111111111;227146;2819845.8373000016;0.09333013361215164;145;0.0
Meta_294;209430;2943572.067600002;0.16666666666666666;215333;2529139.9678;0.1666563705650472;23;0.0
Meta_295;209430;2943572.067600002;0.2222222222222222;209430;2249209.7586000008;0.2222207336099405;62;0.0
Meta_296;209430;2943572.067600002;0.2777777777777778;213654;2452878.0325000007;0.2775174282222249;21;0.0
Meta_297;209430;2943572.067600002;0.3333333333333333;209430;2301331.9354000003;0.33332775005156295;78;0.0
Meta_298;209430;2943572.067600002;0.38888888888888884;209431;2307714.1246999996;0.3882847781208151;21;0.0
Meta_299;209430;2943572.067600002;0.4444444444444444;209440;2314468.364200001;0.44056373535783544;1;0.0
Meta_300;209430;2943572.067600002;0.5;209430;2261981.852900001;0.4455444994765363;0;0.0
Meta_262;209430;1962381.3784000012;0.05555555555555555;210057;1958251.3303000003;0.12371415992535421;3600;1.0
Meta_263;209430;1962381.3784000012;0.1111111111111111;210659;1961158.4790999999;0.13457072939180514;3600;1.0
Meta_271;209430;2289444.941466668;0.0;221565;2289378.349600001;0.09132192532204356;3600;1.0
Meta_272;209430;2289444.941466668;0.05555555555555555;217020;2251002.9575;0.0897464775304741;3600;1.0
Meta_273;209430;2289444.941466668;0.1111111111111111;212285;2210576.0045;0.1114372947608644;3600;1.0
Meta_281;209430;2616508.504533335;0.0;227457;2598517.0217000004;0.033588663696499536;3600;1.0
Meta_282;209430;2616508.504533335;0.05555555555555555;222306;2535220.8415;0.05605788763253721;3600;1.0
Meta_291;209430;2943572.067600002;0.0;226799;2858824.4821;0.03348130380575226;3600;1.0
Meta_292;209430;2943572.067600002;0.05555555555555555;224088;2796116.768199999;0.09455247595887702;3600;1.0
Meta_310;199493;0.0;0.5;199493;1295358.3482000001;0.46908067981537754;0;1.7630768846279909E-16
Meta_301;199493;0.0;0.0;201415;1711326.2876999993;0.12649155523265285;3601;0.1574301376755656
Meta_302;199493;0.0;0.05555555555555555;200829;1701470.8637;0.1308956213179197;3600;0.17254263284462237
Meta_303;199493;0.0;0.1111111111111111;199624;1619772.9721;0.15883208526414716;3600;0.21195832866695016
Meta_304;199493;0.0;0.16666666666666666;199496;1561885.974;0.17403435099012896;3600;0.09619724859265873
Meta_305;199493;0.0;0.2222222222222222;199577;1533745.3180000002;0.22222637237933132;3600;0.07878375469716543
Meta_306;199493;0.0;0.2777777777777778;199493;1418224.9038;0.27777887428837156;3603;0.03527225615531257
Meta_307;199493;0.0;0.3333333333333333;199493;1356986.5273;0.3333335254450355;3600;0.009417107841206512
Meta_308;199493;0.0;0.38888888888888884;199493;1318292.3693;0.38888880357504363;3600;0.0020432424968320163
Meta_309;199493;0.0;0.4444444444444444;199493;1298020.0683000004;0.4444450373924103;3600;1.2986789573679727E-4
Meta_320;199493;327063.5630666669;0.5;199493;1295358.3482000001;0.46908067981537754;0;7.60647261286195E-14
Meta_311;199493;327063.5630666669;0.0;199763;1679523.7619999996;0.1491734952958497;3600;0.24127829721572078
Meta_312;199493;327063.5630666669;0.05555555555555555;200100;1666600.6468;0.13864780271910432;3600;0.2141611793565888
Meta_313;199493;327063.5630666669;0.1111111111111111;199780;1609183.3072;0.1599951518724033;3600;0.25495066124189875
Meta_314;199493;327063.5630666669;0.16666666666666666;199497;1570519.3470999997;0.18190133994807947;3600;0.17202051688695041
Meta_315;199493;327063.5630666669;0.2222222222222222;199493;1486634.9837999996;0.22222350514033062;3600;0.06334132590152315
Meta_316;199493;327063.5630666669;0.2777777777777778;199494;1412041.9774000002;0.2777855774073824;3600;0.040276757641152836
Meta_317;199493;327063.5630666669;0.3333333333333333;199493;1352644.8503000003;0.3333347332086539;3600;0.008058067907579838
Meta_318;199493;327063.5630666669;0.38888888888888884;199493;1318270.8753000004;0.3888899964226439;3600;0.0024076262894180116
Meta_319;199493;327063.5630666669;0.4444444444444444;199493;1298029.7753;0.44444653278223756;3600;3.106153017665415E-4
Meta_330;199493;654127.1261333338;0.5;199493;1295358.3482000001;0.46908067981537754;0;1.2821800649660127E-13
Meta_321;199493;654127.1261333338;0.0;200146;1670588.9973999998;0.1429103955202241;3609;0.26485335149013406
Meta_322;199493;654127.1261333338;0.05555555555555555;200001;1680485.3315;0.13115688020943697;3600;0.24291852408658263
Meta_323;199493;654127.1261333338;0.1111111111111111;199499;1597950.9392000001;0.15941858458308833;3605;0.3108646322344489
Meta_324;199493;654127.1261333338;0.16666666666666666;199493;1567626.5718999992;0.17977239967689715;3600;0.20829369847619383
Meta_325;199493;654127.1261333338;0.2222222222222222;199550;1528701.272;0.22223719253954613;3606;0.13227337531848582
Meta_326;199493;654127.1261333338;0.2777777777777778;199493;1406278.2797000008;0.2777795121558847;3600;0.05027170252222765
Meta_327;199493;654127.1261333338;0.3333333333333333;199493;1352692.4896999998;0.33333318362594727;3600;0.011705378053408067
Meta_328;199493;654127.1261333338;0.38888888888888884;199493;1318236.8802000005;0.38888932461994036;3600;0.0034140938980174117
Meta_329;199493;654127.1261333338;0.4444444444444444;199493;1298026.8135000004;0.4444439962495212;3600;4.3977044142391616E-4
Meta_340;199493;981190.6892000006;0.5;199493;1295358.3482000001;0.46908067981537754;0;3.338480692562444E-13
Meta_331;199493;981190.6892000006;0.0;201018;1686879.1683000005;0.13605373422285383;3600;0.31730806637138087
Meta_332;199493;981190.6892000006;0.05555555555555555;200180;1672757.0154999997;0.135456025111265;3600;0.3307178404574647
Meta_333;199493;981190.6892000006;0.1111111111111111;199687;1599883.9867999998;0.1727748747045545;3600;0.48086605401902727
Meta_334;199493;981190.6892000006;0.16666666666666666;199497;1574916.5091;0.18269943408653835;3600;0.3378059772525904
Meta_335;199493;981190.6892000006;0.2222222222222222;199464;1500329.4903999998;0.22222223133498664;3600;0.1704817594286182
Meta_336;199493;981190.6892000006;0.2777777777777778;199493;1408269.4215999995;0.2777795494366595;3600;0.0923852338324482
Meta_337;199493;981190.6892000006;0.3333333333333333;199493;1352703.4482000002;0.33333414630859365;3600;0.02042813250328644
Meta_338;199493;981190.6892000006;0.38888888888888884;199493;1318251.5967;0.38888976512254614;3600;0.008474690842437752
Meta_339;199493;981190.6892000006;0.4444444444444444;199493;1298019.5527000003;0.4444455236306456;3600;8.356082393897112E-4
Meta_350;199493;1308254.2522666676;0.5;199493;1307954.7611000002;0.4852832424120082;0;0.0
Meta_349;199493;1308254.2522666676;0.4444444444444444;199510;1308035.1977000004;0.4444254421722076;10;0.0
Meta_341;199493;1308254.2522666676;0.0;200572;1681278.8493999997;0.13253800893403322;3600;0.41770493866845854
Meta_342;199493;1308254.2522666676;0.05555555555555555;200095;1693057.1220000002;0.1308771439403561;3600;0.4652646579726557
Meta_343;199493;1308254.2522666676;0.1111111111111111;199820;1612712.3035;0.15912875401729612;3600;0.6422677711735779
Meta_344;199493;1308254.2522666676;0.16666666666666666;199494;1572424.1119;0.16692137810285093;3600;0.3927337310724604
Meta_345;199493;1308254.2522666676;0.2222222222222222;199533;1505335.0273;0.2282232564554512;3600;0.6046863559027318
Meta_357;199493;1635317.8153333345;0.3333333333333333;199582;1568494.4809;0.3332455133437543;21;0.0
Meta_358;199493;1635317.8153333345;0.38888888888888884;199494;1627420.2421999995;0.38888587870180447;5;0.0
Meta_359;199493;1635317.8153333345;0.4444444444444444;199493;1612469.3223000003;0.44444294699870723;4;0.0
Meta_360;199493;1635317.8153333345;0.5;199493;1609708.2092000004;0.48250976050048267;0;0.0
Meta_346;199493;1308254.2522666676;0.2777777777777778;199493;1417886.0086999997;0.27777905429502564;3605;0.46450271177772795
Meta_347;199493;1308254.2522666676;0.3333333333333333;199493;1353556.0966000003;0.33333403705839315;3600;0.38053366083015794
Meta_355;199493;1635317.8153333345;0.2222222222222222;199493;1624644.5476000002;0.22222051438353155;2012;0.0
Meta_356;199493;1635317.8153333345;0.2777777777777778;199494;1635311.6691;0.27777231724073376;1473;0.0
Meta_365;199493;1962381.3784000012;0.2222222222222222;199680;1955877.5897000001;0.22168162139139208;357;0.0
Meta_364;199493;1962381.3784000012;0.16666666666666666;203282;1954566.0916000004;0.16666282355648715;612;0.0
Meta_367;199493;1962381.3784000012;0.3333333333333333;200513;1962377.8888999997;0.3325041034601707;5;0.0
Meta_368;199493;1962381.3784000012;0.38888888888888884;204494;1915607.7779000006;0.3888888282548536;31;0.0
Meta_369;199493;1962381.3784000012;0.4444444444444444;200592;1913650.4529000004;0.44443814760010897;2;0.0
Meta_370;199493;1962381.3784000012;0.5;199493;1917088.798600001;0.4781821242821938;0;0.0
Meta_348;199493;1308254.2522666676;0.38888888888888884;199493;1318167.6138;0.388861990296438;3600;0.47754371400765994
Meta_351;199493;1635317.8153333345;0.0;199569;1642792.6288999997;0.15219805998088917;3603;0.7319997106888588
Meta_352;199493;1635317.8153333345;0.05555555555555555;201911;1722780.571;0.12935748248229506;3600;0.8153880034384037
Meta_374;199493;2289444.941466668;0.16666666666666666;208897;2289207.4655999998;0.16633698232230312;91;0.0
Meta_375;199493;2289444.941466668;0.2222222222222222;210631;2267140.6876000003;0.22221299216842205;135;0.0
Meta_353;199493;1635317.8153333345;0.1111111111111111;199810;1659344.9618999995;0.15433866117647013;3602;1.0
Meta_376;199493;2289444.941466668;0.2777777777777778;204641;2281958.2232999997;0.2767669357965549;26;0.0
Meta_377;199493;2289444.941466668;0.3333333333333333;207132;2232130.9758000006;0.3329638674746676;3;0.0
Meta_379;199493;2289444.941466668;0.4444444444444444;199958;1941292.1734;0.44436642976435353;1;0.0
Meta_380;199493;2289444.941466668;0.5;199493;1917088.798600001;0.4781821242821938;0;0.0
Meta_378;199493;2289444.941466668;0.38888888888888884;201096;1961989.4538999998;0.3886862258058514;20;0.0
Meta_354;199493;1635317.8153333345;0.16666666666666666;200321;1641367.094199999;0.18307388890872306;3614;1.0
Meta_366;199493;1962381.3784000012;0.2777777777777778;199494;1960713.4587;0.27777249603278703;1211;0.0
Meta_384;199493;2616508.504533335;0.16666666666666666;210492;2426614.0535000004;0.16666760170356662;91;0.0
Meta_385;199493;2616508.504533335;0.2222222222222222;210878;2546278.4709000005;0.22222182409610372;22;0.0
Meta_383;199493;2616508.504533335;0.1111111111111111;220553;2535082.1685999995;0.11109536145447438;732;0.0
Meta_386;199493;2616508.504533335;0.2777777777777778;204494;2097124.1592999997;0.2774974120081695;181;0.0
Meta_388;199493;2616508.504533335;0.38888888888888884;203725;2144205.478800001;0.38840324294880635;7;0.0
Meta_389;199493;2616508.504533335;0.4444444444444444;199958;1941292.1734;0.44436642976435353;1;0.0
Meta_390;199493;2616508.504533335;0.5;199493;1917088.798600001;0.4781821242821938;0;0.0
Meta_387;199493;2616508.504533335;0.3333333333333333;200508;1795720.0234;0.3330990528188259;41;0.0
Meta_373;199493;2289444.941466668;0.1111111111111111;214001;2257649.6565000005;0.11088196910367555;1121;0.0
Meta_393;199493;2943572.067600002;0.1111111111111111;216955;2657570.3053;0.11100448335766541;459;0.0
Meta_394;199493;2943572.067600002;0.16666666666666666;211139;2411491.0347;0.14740722465023995;200;0.0
Meta_361;199493;1962381.3784000012;0.0;210179;1952245.1828000008;0.11980863818606599;3605;1.0
Meta_395;199493;2943572.067600002;0.2222222222222222;208121;2284886.015400001;0.2184316449617917;80;0.0
Meta_362;199493;1962381.3784000012;0.05555555555555555;208304;1961325.502999999;0.11294036850945414;3600;1.0
Meta_398;199493;2943572.067600002;0.38888888888888884;216506;2555800.068500001;0.3194713754810382;29;0.0
Meta_399;199493;2943572.067600002;0.4444444444444444;199958;1941292.1734;0.44436642976435353;2;0.0
Meta_397;199493;2943572.067600002;0.3333333333333333;205666;2189297.343;0.3298187141454529;54;0.0
Meta_400;199493;2943572.067600002;0.5;199493;1917088.798600001;0.4781821242821938;0;0.0
Meta_396;199493;2943572.067600002;0.2777777777777778;202959;2148434.1841;0.27770847016985095;129;0.0
Meta_363;199493;1962381.3784000012;0.1111111111111111;207964;1949498.4707000002;0.12277703511126938;3600;1.0
Meta_371;199493;2289444.941466668;0.0;220294;2289420.4911;0.07731661664870093;3600;1.0
Meta_372;199493;2289444.941466668;0.05555555555555555;216111;2263135.5760000004;0.09427269634878262;3600;1.0
Meta_381;199493;2616508.504533335;0.0;228243;2571320.885800001;0.03512991278817544;3600;1.0
Meta_382;199493;2616508.504533335;0.05555555555555555;223442;2494712.6867;0.056151824585112003;3600;1.0
Meta_391;199493;2943572.067600002;0.0;228153;2708982.534700001;0.033425634639688236;3600;0.9797593234359724
Meta_392;199493;2943572.067600002;0.05555555555555555;226602;2843847.0095;0.07729844702588749;3600;1.0
Meta_410;189557;0.0;0.5;189557;1016501.0439999999;0.48129230420713465;0;0.0
Meta_401;189557;0.0;0.0;196143;1555825.9677999998;0.15579492409959445;3600;0.20788645175908152
Meta_402;189557;0.0;0.05555555555555555;192782;1460548.5198;0.1697637161671302;3601;0.224567088514515
Meta_403;189557;0.0;0.1111111111111111;194267;1511428.7117000006;0.15812450593627353;3600;0.2303364130506847
Meta_404;189557;0.0;0.16666666666666666;190015;1333275.3497999997;0.19517358686538577;3600;0.2262239481782772
Meta_405;189557;0.0;0.2222222222222222;190744;1301071.8885000004;0.2277533415060956;3614;0.1477625075142058
Meta_406;189557;0.0;0.2777777777777778;189559;1154904.0978999995;0.2777836058562233;3600;0.04361714074060013
Meta_407;189557;0.0;0.3333333333333333;189557;1087838.5592;0.3333371600508165;3600;0.020810444375443857
Meta_408;189557;0.0;0.38888888888888884;189557;1043725.3002000004;0.3888889854304862;3600;0.006055736955983305
Meta_409;189557;0.0;0.4444444444444444;189557;1020617.7288999999;0.44444477689259104;3600;3.848362018305916E-4
Meta_420;189557;327063.5630666669;0.5;189557;1016501.0439999999;0.48129230420713465;0;7.453303532818592E-14
Meta_411;189557;327063.5630666669;0.0;195594;1535204.3567000001;0.15819897132955588;3601;0.24407255892374913
Meta_412;189557;327063.5630666669;0.05555555555555555;195027;1530621.8634000001;0.15648476091428823;3604;0.247792465319046
Meta_413;189557;327063.5630666669;0.1111111111111111;193955;1499231.7150000003;0.1665723334243445;3610;0.3073084324453064
Meta_414;189557;327063.5630666669;0.16666666666666666;191089;1349729.3040000002;0.19647666833532085;3600;0.3007937411212004
Meta_415;189557;327063.5630666669;0.2222222222222222;189557;1241131.6730000002;0.23649997682427423;3618;0.22783733551375052
Meta_416;189557;327063.5630666669;0.2777777777777778;189557;1149996.9022;0.2777802284362239;3600;0.056102164082168324
Meta_417;189557;327063.5630666669;0.3333333333333333;189557;1084860.8646999998;0.3333339162659267;3600;0.025967660167846685
Meta_418;189557;327063.5630666669;0.38888888888888884;189557;1043629.1526000001;0.3888897862268293;3600;0.008880356968912638
Meta_419;189557;327063.5630666669;0.4444444444444444;189557;1020644.2774999999;0.4444458723729114;3600;7.201148149974429E-4
Meta_430;189557;654127.1261333338;0.5;189557;1016501.0439999999;0.48129230420713465;0;1.7977525005567084E-13
Meta_421;189557;654127.1261333338;0.0;195304;1546909.9775000005;0.1506660309536308;3608;0.2733474554898959
Meta_422;189557;654127.1261333338;0.05555555555555555;190026;1393714.1160999995;0.18305043564231213;3600;0.34858889270255905
Meta_423;189557;654127.1261333338;0.1111111111111111;195452;1539028.8875000002;0.1566020541519613;3600;0.36611206184082573
Meta_424;189557;654127.1261333338;0.16666666666666666;189557;1307278.0733000003;0.1994741204410826;3600;0.39425644773793384
Meta_425;189557;654127.1261333338;0.2222222222222222;189561;1271168.5086;0.22404472342662154;3611;0.20204408301479065
Meta_426;189557;654127.1261333338;0.2777777777777778;189557;1144565.271799999;0.2777785478830163;3600;0.08281895068115767
Meta_427;189557;654127.1261333338;0.3333333333333333;189557;1083999.0747999994;0.3333338483443639;3600;0.043483047767232115
Meta_428;189557;654127.1261333338;0.38888888888888884;189557;1043769.5125000002;0.38888952472979843;3600;0.016506359775968638
Meta_429;189557;654127.1261333338;0.4444444444444444;189557;1020634.4837999997;0.4444444337435579;3600;0.0012898373096771679
Meta_440;189557;981190.6892000006;0.5;189557;1016501.0439999999;0.48129230420713465;0;2.080622468387255E-12
Meta_431;189557;981190.6892000006;0.0;193880;1503155.4118000006;0.171636476800008;3600;0.41691383785554265
Meta_432;189557;981190.6892000006;0.05555555555555555;189817;1382806.9782999994;0.17923171452513315;3600;0.4207014707628011
Meta_433;189557;981190.6892000006;0.1111111111111111;194548;1516717.7515999998;0.17112709581603547;3600;0.5544517975794346
Meta_434;189557;981190.6892000006;0.16666666666666666;189557;1313171.7922999992;0.20097938199844512;3600;0.6105142477092149
Meta_435;189557;981190.6892000006;0.2222222222222222;189641;1269739.1754;0.228475561016693;3611;0.49609924936504823
Meta_436;189557;981190.6892000006;0.2777777777777778;189557;1161324.3756000001;0.27779328903508843;3600;0.3196251371301085
Meta_447;189557;1308254.2522666676;0.3333333333333333;189689;1251298.3731999998;0.33333013234688297;63;0.0
Meta_448;189557;1308254.2522666676;0.38888888888888884;191629;1303119.7756;0.38888901072473403;102;0.0
Meta_449;189557;1308254.2522666676;0.4444444444444444;189557;1302639.3549;0.4443190196509769;3;0.0
Meta_450;189557;1308254.2522666676;0.5;189557;1284066.5116000003;0.4929705381202506;1;0.0
Meta_437;189557;981190.6892000006;0.3333333333333333;189557;1083187.6454999996;0.33335304209780714;3600;0.17045198153520966
Meta_446;189557;1308254.2522666676;0.2777777777777778;189886;1300587.9656;0.2777657100253511;558;0.0
Meta_438;189557;981190.6892000006;0.38888888888888884;189557;1043673.6325999998;0.38888949942479045;3600;0.09788679699676339
Meta_439;189557;981190.6892000006;0.4444444444444444;189557;1020622.6693999997;0.4444456937977186;3600;0.011154000329616413
Meta_455;189557;1635317.8153333345;0.2222222222222222;190471;1634647.2654;0.222219757929095;214;0.0
Meta_441;189557;1308254.2522666676;0.0;194189;1498236.3653000002;0.1612167788768732;3600;0.5027084023485225
Meta_442;189557;1308254.2522666676;0.05555555555555555;197243;1591300.5433000003;0.1370188644160349;3603;0.5144724649297748
Meta_458;189557;1635317.8153333345;0.38888888888888884;189557;1475578.2050000008;0.3883346661104662;3;0.0
Meta_456;189557;1635317.8153333345;0.2777777777777778;189585;1547483.8432999996;0.277777899145143;100;0.0
Meta_459;189557;1635317.8153333345;0.4444444444444444;189963;1579685.0188;0.44274437002519834;2;0.0
Meta_460;189557;1635317.8153333345;0.5;189557;1550426.5486000006;0.4939172726969568;0;0.0
Meta_457;189557;1635317.8153333345;0.3333333333333333;193966;1635053.7808000008;0.3333251922817077;144;0.0
Meta_454;189557;1635317.8153333345;0.16666666666666666;197914;1631437.5207000002;0.16598683988357577;1197;0.0
Meta_443;189557;1308254.2522666676;0.1111111111111111;190995;1418008.8522999997;0.17696943276501162;3604;0.8201301458948456
Meta_444;189557;1308254.2522666676;0.16666666666666666;189558;1308051.1200999995;0.20462293496098571;3600;1.0
Meta_465;189557;1962381.3784000012;0.2222222222222222;202589;1951668.3919000006;0.22222125777294308;98;0.0
Meta_464;189557;1962381.3784000012;0.16666666666666666;201253;1907310.3106000004;0.166641265227521;195;0.0
Meta_467;189557;1962381.3784000012;0.3333333333333333;199908;1936351.5385999992;0.3333186889373988;8;0.0
Meta_468;189557;1962381.3784000012;0.38888888888888884;189557;1543344.4072999998;0.3885447618997564;3;0.0
Meta_469;189557;1962381.3784000012;0.4444444444444444;189600;1453851.7310000004;0.44346364873261107;3;0.0
Meta_470;189557;1962381.3784000012;0.5;189557;1550426.5486000006;0.4939172726969568;0;0.0
Meta_466;189557;1962381.3784000012;0.2777777777777778;195760;1795022.2082999998;0.2777771591381788;256;0.0
Meta_445;189557;1308254.2522666676;0.2222222222222222;190012;1319157.8462;0.22222746413532796;3600;1.0
Meta_474;189557;2289444.941466668;0.16666666666666666;213754;2289429.0398;0.16236148706171097;63;0.0
Meta_451;189557;1635317.8153333345;0.0;200926;1702222.9090000011;0.13375551033408592;3600;0.6833498006126667
Meta_475;189557;2289444.941466668;0.2222222222222222;206163;2105117.489400001;0.22130460181994924;172;0.0
Meta_477;189557;2289444.941466668;0.3333333333333333;201610;2092720.3248000005;0.3320753768967272;4;0.0
Meta_478;189557;2289444.941466668;0.38888888888888884;189557;1510241.547;0.3885447618997564;2;0.0
Meta_479;189557;2289444.941466668;0.4444444444444444;189615;1538683.7712;0.44435399758692046;3;0.0
Meta_480;189557;2289444.941466668;0.5;189557;1550426.5486000006;0.4939172726969568;0;0.0
Meta_476;189557;2289444.941466668;0.2777777777777778;209887;2275259.1969000003;0.27747795540661496;78;0.0
Meta_452;189557;1635317.8153333345;0.05555555555555555;202268;1738289.5025999998;0.12110595776419919;3604;0.7754787187006489
Meta_453;189557;1635317.8153333345;0.1111111111111111;198403;1635278.5852;0.1471972601122415;3607;1.0
Meta_483;189557;2616508.504533335;0.1111111111111111;213418;2321777.5973;0.11054748886480208;571;0.0
Meta_485;189557;2616508.504533335;0.2222222222222222;208212;2209523.7895000004;0.21239689800578687;311;0.0
Meta_486;189557;2616508.504533335;0.2777777777777778;224427;2616500.6006000005;0.1462422844270986;51;0.0
Meta_487;189557;2616508.504533335;0.3333333333333333;195350;1748453.3461000004;0.3311409318360825;116;0.0
Meta_488;189557;2616508.504533335;0.38888888888888884;193696;1704130.617;0.37296557729776975;55;0.0
Meta_489;189557;2616508.504533335;0.4444444444444444;189730;1761278.1582000002;0.44428068620932704;2;0.0
Meta_490;189557;2616508.504533335;0.5;189557;1550426.5486000006;0.4939172726969568;0;0.0
Meta_484;189557;2616508.504533335;0.16666666666666666;213450;2616495.5483;0.16639570562156836;1238;0.0
Meta_461;189557;1962381.3784000012;0.0;211070;2000287.5318;0.09257518967121976;3600;0.9761617263824818
Meta_462;189557;1962381.3784000012;0.05555555555555555;208901;1962369.8078999992;0.12912597207421816;3600;1.0
Meta_494;189557;2943572.067600002;0.16666666666666666;207954;2204302.9225000003;0.16666512040197204;56;0.0
Meta_463;189557;1962381.3784000012;0.1111111111111111;204031;1929205.200799999;0.13712320796047195;3600;1.0
Meta_496;189557;2943572.067600002;0.2777777777777778;200267;2135698.8309000004;0.2777779584672827;143;0.0
Meta_495;189557;2943572.067600002;0.2222222222222222;221985;2763123.7311000004;0.17774548668717052;262;0.0
Meta_498;189557;2943572.067600002;0.38888888888888884;202462;2109169.4858;0.3888887653477555;63;0.0
Meta_499;189557;2943572.067600002;0.4444444444444444;189730;1761278.1582000002;0.44428068620932704;3;0.0
Meta_500;189557;2943572.067600002;0.5;189557;1550426.5486000006;0.4939172726969568;0;0.0
Meta_497;189557;2943572.067600002;0.3333333333333333;207572;2124321.9606000003;0.33137504846397386;153;0.0
Meta_472;189557;2289444.941466668;0.05555555555555555;217957;2253639.5291;0.0837182163855883;3600;1.0
Meta_471;189557;2289444.941466668;0.0;220173;2276782.257400001;0.08593323544971965;3600;1.0
Meta_473;189557;2289444.941466668;0.1111111111111111;210123;2231310.3628000002;0.18619233926497328;3600;1.0
Meta_493;189557;2943572.067600002;0.1111111111111111;225503;2850645.7845;0.10498675443184759;1356;0.0
Meta_481;189557;2616508.504533335;0.0;228179;2575303.9058000008;0.035029571064139974;3600;1.0
Meta_482;189557;2616508.504533335;0.05555555555555555;224980;2546983.8697999995;0.07269912662144844;3600;1.0
Meta_491;189557;2943572.067600002;0.0;228053;2852948.5653999997;0.032570913178114516;3600;1.0
Meta_492;189557;2943572.067600002;0.05555555555555555;225107;2787604.2659999994;0.05995827186552669;3600;1.0
Meta_510;179620;0.0;0.5;179620;754301.6769999997;0.49738799862718786;0;1.5138613837533045E-16
Meta_501;179620;0.0;0.0;194688;1515404.5242999995;0.1650649313989908;3600;0.22093755620667518
Meta_502;179620;0.0;0.05555555555555555;194379;1496110.6612999996;0.16884748460107368;3600;0.23755801929222084
Meta_503;179620;0.0;0.1111111111111111;195001;1518328.6257999993;0.16603120785002382;3600;0.2708570619906785
Meta_504;179620;0.0;0.16666666666666666;187783;1311064.3874000001;0.1825694141982104;3606;0.24291536650455905
Meta_505;179620;0.0;0.2222222222222222;179580;1000256.5806999997;0.2465032181114738;3600;0.28162372484925075
Meta_506;179620;0.0;0.2777777777777778;180016;946464.8774999997;0.27777986033498614;3600;0.09674423159862132
Meta_507;179620;0.0;0.3333333333333333;179620;839101.3032999999;0.33333642545955555;3607;0.037990671743795744
Meta_508;179620;0.0;0.38888888888888884;179620;785856.9154;0.38888922315329966;3600;0.010737321078342106
Meta_509;179620;0.0;0.4444444444444444;179620;761371.1647999997;0.44444419139541225;3600;0.0018083724284107758
Meta_520;179620;327063.5630666669;0.5;179620;754301.6769999997;0.49738799862718786;0;6.681918953799399E-16
Meta_511;179620;327063.5630666669;0.0;189897;1385278.4456999993;0.17650269552897463;3600;0.24749132477245442
Meta_512;179620;327063.5630666669;0.05555555555555555;193572;1484101.4753000003;0.16913324469820476;3603;0.2762463492030491
Meta_513;179620;327063.5630666669;0.1111111111111111;191361;1419614.0797000001;0.17598874384424207;3600;0.322586897281345
Meta_514;179620;327063.5630666669;0.16666666666666666;182513;1175404.0795000002;0.20722086413620644;3602;0.3757165016544887
Meta_515;179620;327063.5630666669;0.2222222222222222;180615;1042882.5582000001;0.23864636946618867;3600;0.3372715052669856
Meta_516;179620;327063.5630666669;0.2777777777777778;180082;957974.2602999997;0.27776522606629067;3600;0.1652545323710788
Meta_517;179620;327063.5630666669;0.3333333333333333;179620;832647.1354999999;0.33333255839836334;3600;0.0513696741859777
Meta_518;179620;327063.5630666669;0.38888888888888884;179620;785579.3557999998;0.388889097766867;3600;0.017577652638637784
Meta_519;179620;327063.5630666669;0.4444444444444444;179620;761338.3350999999;0.4444447575239077;3600;0.003182496631569041
Meta_530;179620;654127.1261333338;0.5;179620;754301.6769999997;0.49738799862718786;0;4.538300301150484E-13
Meta_521;179620;654127.1261333338;0.0;185880;1261547.9789;0.1991839787527259;3601;0.34117936901795687
Meta_522;179620;654127.1261333338;0.05555555555555555;195144;1522436.6937999998;0.16404023730730466;3600;0.33440684905971696
Meta_523;179620;654127.1261333338;0.1111111111111111;191759;1433446.5829000003;0.18279615401935534;3600;0.4416913880651259
Meta_524;179620;654127.1261333338;0.16666666666666666;186244;1266085.775;0.1963453701849254;3600;0.49838684165197006
Meta_525;179620;654127.1261333338;0.2222222222222222;180645;1045807.1878999999;0.24110019935813282;3602;0.5518014649254984
Meta_526;179620;654127.1261333338;0.2777777777777778;179620;937915.9472;0.27908392400858234;3619;0.3405415331131786
Meta_527;179620;654127.1261333338;0.3333333333333333;179620;831239.5638;0.33333928359985837;3600;0.13691636329247697
Meta_538;179620;981190.6892000006;0.38888888888888884;179622;981185.0305999999;0.3888866913462377;60;0.0
Meta_536;179620;981190.6892000006;0.2777777777777778;179660;981047.2986999997;0.27774785273437336;233;0.0
Meta_540;179620;981190.6892000006;0.5;179620;981186.5202999999;0.49646310940684657;0;0.0
Meta_539;179620;981190.6892000006;0.4444444444444444;179751;977485.4856000001;0.44339966614463844;28;0.0
Meta_528;179620;654127.1261333338;0.38888888888888884;179620;785527.2990999998;0.38889604306127024;3600;0.06457545448666481
Meta_537;179620;981190.6892000006;0.3333333333333333;179642;977228.2470000002;0.33333441805426933;622;0.0
Meta_529;179620;654127.1261333338;0.4444444444444444;179620;761362.6406999999;0.4444454062091083;3600;0.014471673427975859
Meta_531;179620;981190.6892000006;0.0;195413;1527827.281700001;0.15682769589013337;3603;0.37156142687785726
Meta_546;179620;1308254.2522666676;0.2777777777777778;183975;1272141.8130000003;0.2772020346759641;70;0.0
Meta_547;179620;1308254.2522666676;0.3333333333333333;185166;1289587.6264;0.3333079482027194;84;0.0
Meta_548;179620;1308254.2522666676;0.38888888888888884;179644;1307521.5525;0.3888894838623668;10;0.0
Meta_549;179620;1308254.2522666676;0.4444444444444444;179620;1162017.3855999995;0.44374499125132155;3;0.0
Meta_550;179620;1308254.2522666676;0.5;179620;1187987.9563000002;0.4981449343618629;0;0.0
Meta_532;179620;981190.6892000006;0.05555555555555555;194269;1502513.439899999;0.16249912547700418;3600;0.41388356353204625
Meta_533;179620;981190.6892000006;0.1111111111111111;193449;1486236.5400000005;0.16455835824041667;3600;0.5478260512241332
Meta_534;179620;981190.6892000006;0.16666666666666666;192528;1439931.5784999994;0.16984291081485456;3600;0.7370892092420609
Meta_535;179620;981190.6892000006;0.2222222222222222;181423;1086814.3794;0.23755769555782585;3600;1.0
Meta_555;179620;1635317.8153333345;0.2222222222222222;191864;1493058.3591999998;0.22047367814414365;126;0.0
Meta_556;179620;1635317.8153333345;0.2777777777777778;191342;1539763.9967000007;0.2645634075282495;50;0.0
Meta_557;179620;1635317.8153333345;0.3333333333333333;187611;1632366.5742999993;0.33286570567051554;236;0.0
Meta_558;179620;1635317.8153333345;0.38888888888888884;187123;1627333.0303000002;0.3855369453128856;50;0.0
Meta_559;179620;1635317.8153333345;0.4444444444444444;180463;1242220.2939;0.4444199540320881;3;0.0
Meta_560;179620;1635317.8153333345;0.5;179620;1187987.9563000002;0.4981449343618629;0;0.0
Meta_541;179620;1308254.2522666676;0.0;198115;1612818.0868999998;0.16237784384430595;3600;0.5484385782768159
Meta_542;179620;1308254.2522666676;0.05555555555555555;193570;1476976.0288999998;0.176928859719522;3600;0.6303208782442815
Meta_543;179620;1308254.2522666676;0.1111111111111111;196023;1553196.5524999998;0.14850764098907027;3603;0.8353487681906832
Meta_544;179620;1308254.2522666676;0.16666666666666666;188042;1321827.1754;0.1939885810187627;3600;1.0
Meta_565;179620;1962381.3784000012;0.2222222222222222;192259;1461841.004499999;0.2215481321725618;62;0.0
Meta_566;179620;1962381.3784000012;0.2777777777777778;201136;1928276.0180999995;0.2777786508078975;92;0.0
Meta_567;179620;1962381.3784000012;0.3333333333333333;202175;1909230.3876000002;0.32890387883546907;87;0.0
Meta_568;179620;1962381.3784000012;0.38888888888888884;188045;1864543.6106999987;0.388786261880339;37;0.0
Meta_569;179620;1962381.3784000012;0.4444444444444444;187839;1640353.6283999998;0.4442685184626013;12;0.0
Meta_570;179620;1962381.3784000012;0.5;179620;1187987.9563000002;0.4981449343618629;0;0.0
Meta_545;179620;1308254.2522666676;0.2222222222222222;186006;1308251.7205000003;0.24631590249319363;3600;1.0
Meta_564;179620;1962381.3784000012;0.16666666666666666;203484;1946217.2503000004;0.16654387680717164;666;0.0
Meta_551;179620;1635317.8153333345;0.0;200346;1689725.0575999997;0.14253272605298842;3600;0.7309546332082509
Meta_552;179620;1635317.8153333345;0.05555555555555555;202894;1768368.643;0.11686271034505322;3604;0.8101866376327493
Meta_575;179620;2289444.941466668;0.2222222222222222;224489;2289437.6470000003;0.20302549973074813;14;0.0
Meta_576;179620;2289444.941466668;0.2777777777777778;200293;2078567.0483000004;0.27772663894802924;30;0.0
Meta_577;179620;2289444.941466668;0.3333333333333333;204260;2097671.6133999997;0.3294187625891891;56;0.0
Meta_578;179620;2289444.941466668;0.38888888888888884;196614;1855598.8905000004;0.3888895067722186;6;0.0
Meta_579;179620;2289444.941466668;0.4444444444444444;186488;1591429.8205999995;0.4426945985474693;11;0.0
Meta_580;179620;2289444.941466668;0.5;179620;1187987.9563000002;0.4981449343618629;0;0.0
Meta_553;179620;1635317.8153333345;0.1111111111111111;197458;1625460.8572999996;0.17817516404403075;3612;1.0
Meta_554;179620;1635317.8153333345;0.16666666666666666;197580;1635317.4855999998;0.16927030966066453;3600;1.0
Meta_583;179620;2616508.504533335;0.1111111111111111;220043;2612482.6624;0.1110629754965134;393;0.0
Meta_584;179620;2616508.504533335;0.16666666666666666;223775;2574039.600000001;0.16521514781848046;21;0.0
Meta_561;179620;1962381.3784000012;0.0;209386;1960803.4886999994;0.1278202601809841;3600;1.0
Meta_574;179620;2289444.941466668;0.16666666666666666;207263;2171936.6406;0.16665701635282815;2424;0.0
Meta_586;179620;2616508.504533335;0.2777777777777778;205554;2207669.7567999996;0.2766239640310291;40;0.0
Meta_588;179620;2616508.504533335;0.38888888888888884;196370;1880071.0291999995;0.38856674992401086;3;0.0
Meta_587;179620;2616508.504533335;0.3333333333333333;201502;1994827.7059;0.32991740516106044;27;0.0
Meta_590;179620;2616508.504533335;0.5;179620;1187987.9563000002;0.4981449343618629;0;0.0
Meta_589;179620;2616508.504533335;0.4444444444444444;186550;1598026.6801999991;0.4412640056261902;15;0.0
Meta_585;179620;2616508.504533335;0.2222222222222222;210442;2307181.9703000006;0.2217395005581006;166;0.0
Meta_593;179620;2943572.067600002;0.1111111111111111;221433;2647371.6624000003;0.11094344802625328;10;0.0
Meta_594;179620;2943572.067600002;0.16666666666666666;204988;2193413.0627999995;0.16665931797121594;70;0.0
Meta_595;179620;2943572.067600002;0.2222222222222222;208130;2325105.6973000006;0.22222278304576953;6;0.0
Meta_596;179620;2943572.067600002;0.2777777777777778;211047;2572790.0197999985;0.2771933356473966;24;0.0
Meta_562;179620;1962381.3784000012;0.05555555555555555;208190;1962377.2558999998;0.13185563415125706;3600;1.0
Meta_563;179620;1962381.3784000012;0.1111111111111111;209703;1966449.0039;0.12607846643505202;3600;1.0
Meta_597;179620;2943572.067600002;0.3333333333333333;206266;2175912.8389000003;0.3284525623946129;53;0.0
Meta_598;179620;2943572.067600002;0.38888888888888884;198472;1850004.9757999994;0.3848257306405063;11;0.0
Meta_600;179620;2943572.067600002;0.5;179620;1187987.9563000002;0.4981449343618629;0;0.0
Meta_599;179620;2943572.067600002;0.4444444444444444;184895;1571558.4917000004;0.4408232828906205;14;0.0
Meta_571;179620;2289444.941466668;0.0;220927;2292053.5188;0.07916829005700163;3604;1.0
Meta_572;179620;2289444.941466668;0.05555555555555555;213809;2221536.7518;0.1094702480750658;3600;1.0
Meta_573;179620;2289444.941466668;0.1111111111111111;206265;2171599.8043;0.13309600891633722;3600;1.0
Meta_592;179620;2943572.067600002;0.05555555555555555;227779;2760642.1344000003;0.05446504410595321;1331;0.0
Meta_581;179620;2616508.504533335;0.0;228193;2565450.3680000002;0.031841868212231395;3600;0.9809469877880316
Meta_582;179620;2616508.504533335;0.05555555555555555;226440;2530020.1731000002;0.06880101667341575;3600;1.0
Meta_591;179620;2943572.067600002;0.0;227702;2872119.5439999998;0.033377074688151306;3600;1.0
Meta_610;169684;0.0;0.5;169684;512204.5027999999;0.4958715160182791;0;0.0
Meta_602;169684;0.0;0.05555555555555555;190052;1389018.7940000002;0.18508530991990946;3600;0.2512663437157002
Meta_601;169684;0.0;0.0;194979;1519265.6736;0.16440477642640677;3605;0.22029423785126362
Meta_603;169684;0.0;0.1111111111111111;195035;1527440.3505999995;0.1545328402253981;3601;0.24121143672698178
Meta_604;169684;0.0;0.16666666666666666;183843;1209980.4475000002;0.19980058912658932;3600;0.3543233336921626
Meta_605;169684;0.0;0.2222222222222222;187185;1280804.2617000001;0.22222812842139372;3600;0.4286441906956485
Meta_606;169684;0.0;0.2777777777777778;169684;733940.5130999997;0.27777789238688555;3600;0.15208957323119063
Meta_607;169684;0.0;0.3333333333333333;169684;603428.7633999997;0.33333374062142634;3600;0.06304330239464755
Meta_608;169684;0.0;0.38888888888888884;169684;549104.3509;0.38888884921861766;3600;0.014045639183183897
Meta_609;169684;0.0;0.4444444444444444;169684;521501.80269999994;0.4444454879028679;3600;0.00538846335953481
Meta_620;169684;327063.5630666669;0.5;169684;512204.5027999999;0.4958715160182791;1;6.167777813785543E-16
Meta_611;169684;327063.5630666669;0.0;187782;1356258.6672999999;0.1823770519206802;3609;0.257573311383306
Meta_612;169684;327063.5630666669;0.05555555555555555;193493;1484330.9629;0.16438560759319285;3600;0.2591856769391251
Meta_614;169684;327063.5630666669;0.16666666666666666;197035;1563508.7116000003;0.16690470164482893;3600;0.47122526132045683
Meta_613;169684;327063.5630666669;0.1111111111111111;192922;1459851.5456;0.17126705762943467;3615;0.32654876407051114
Meta_615;169684;327063.5630666669;0.2222222222222222;173636;907056.3954;0.242399217946319;3600;0.5090985897657668
Meta_616;169684;327063.5630666669;0.2777777777777778;171290;764895.2344;0.2793318308360153;3602;0.36069091740657955
Meta_617;169684;327063.5630666669;0.3333333333333333;169684;606764.4889000001;0.3334256196373959;3600;0.11646683894071468
Meta_628;169684;654127.1261333338;0.38888888888888884;169709;654038.8944;0.38865142251268037;37;0.0
Meta_629;169684;654127.1261333338;0.4444444444444444;169709;641296.3177;0.4444348174264714;2;0.0
Meta_630;169684;654127.1261333338;0.5;169684;654124.0403999999;0.49234791147546325;0;0.0
Meta_627;169684;654127.1261333338;0.3333333333333333;169693;653818.5621000001;0.33331095251881376;190;0.0
Meta_618;169684;327063.5630666669;0.38888888888888884;169684;549373.5305999998;0.38888744833187866;3600;0.043627953735877224
Meta_619;169684;327063.5630666669;0.4444444444444444;169684;521364.9604;0.44444547424042635;3600;0.011886903038387162
Meta_621;169684;654127.1261333338;0.0;195060;1532914.0646000002;0.1586726137395893;3604;0.2986158121948847
Meta_622;169684;654127.1261333338;0.05555555555555555;186300;1281317.2555000002;0.19493344589405007;3605;0.35464103952434933
Meta_636;169684;981190.6892000006;0.2777777777777778;173299;961663.0638000004;0.27777502960818135;50;0.0
Meta_623;169684;654127.1261333338;0.1111111111111111;191660;1425747.7730999999;0.17876650583181095;3606;0.4298740198961554
Meta_624;169684;654127.1261333338;0.16666666666666666;183399;1189396.5745999997;0.19958744905670353;3601;0.6092841287761919
Meta_638;169684;981190.6892000006;0.38888888888888884;170694;929902.0296000004;0.38888916770851767;3;0.0
Meta_640;169684;981190.6892000006;0.5;169684;919660.6432000003;0.49233973964210404;0;0.0
Meta_639;169684;981190.6892000006;0.4444444444444444;169685;911835.8229000004;0.44337973237412115;3;0.0
Meta_625;169684;654127.1261333338;0.2222222222222222;181024;1093597.2495;0.23229374645103856;3600;0.7834773255781193
Meta_637;169684;981190.6892000006;0.3333333333333333;169954;924686.1689999995;0.33325601287784834;165;0.0
Meta_626;169684;654127.1261333338;0.2777777777777778;171885;773653.9829;0.2822861268020475;3600;1.0
Meta_631;169684;981190.6892000006;0.0;196099;1548819.0301999997;0.14766040497778965;3600;0.3369681688292113
Meta_632;169684;981190.6892000006;0.05555555555555555;194264;1509442.1265999996;0.15416966385535902;3600;0.3811080429689507
Meta_646;169684;1308254.2522666676;0.2777777777777778;183061;1292716.3186999992;0.2668967506610986;129;0.0
Meta_648;169684;1308254.2522666676;0.38888888888888884;185552;1266743.0196;0.3886841207218029;7;0.0
Meta_649;169684;1308254.2522666676;0.4444444444444444;171654;949423.4705;0.4424118108534763;3;0.0
Meta_650;169684;1308254.2522666676;0.5;169684;919660.6432000003;0.49233973964210404;0;0.0
Meta_633;169684;981190.6892000006;0.1111111111111111;192172;1437482.9637999993;0.17437437699317201;3600;0.5628572906024244
Meta_647;169684;1308254.2522666676;0.3333333333333333;182904;1308137.2735000004;0.3333103365839849;249;0.0
Meta_634;169684;981190.6892000006;0.16666666666666666;183302;1190612.0333000002;0.2087717353120821;3603;0.7878782910133489
Meta_635;169684;981190.6892000006;0.2222222222222222;179371;1056391.3298000004;0.24430539299314194;3600;1.0
Meta_641;169684;1308254.2522666676;0.0;191066;1421961.7644000002;0.17629723092330143;3602;0.5368445205926711
Meta_642;169684;1308254.2522666676;0.05555555555555555;194653;1515357.9502;0.162748992598075;3600;0.5887673228301697
Meta_643;169684;1308254.2522666676;0.1111111111111111;193257;1482245.9214999997;0.16837323058575904;3600;0.8613816360846605
Meta_658;169684;1635317.8153333345;0.38888888888888884;180945;1188723.6017;0.3887928314302797;7;0.0
Meta_644;169684;1308254.2522666676;0.16666666666666666;188399;1305275.9232000003;0.2140039270349882;3600;1.0
Meta_660;169684;1635317.8153333345;0.5;169684;919660.6432000003;0.49233973964210404;0;0.0
Meta_659;169684;1635317.8153333345;0.4444444444444444;170451;935269.8378000001;0.44429800849104556;15;0.0
Meta_657;169684;1635317.8153333345;0.3333333333333333;188903;1632297.2774999994;0.3331081069583703;141;0.0
Meta_645;169684;1308254.2522666676;0.2222222222222222;185616;1293788.8047999996;0.22230134753211048;3600;1.0
Meta_655;169684;1635317.8153333345;0.2222222222222222;194826;1632405.0742000004;0.22222198881838037;2092;0.0
Meta_665;169684;1962381.3784000012;0.2222222222222222;194601;1590902.868;0.22206528666285463;126;0.0
Meta_654;169684;1635317.8153333345;0.16666666666666666;198494;1634991.7206000008;0.16589777146168289;2439;0.0
Meta_667;169684;1962381.3784000012;0.3333333333333333;201231;1916186.3031;0.33332816424322076;86;0.0
Meta_656;169684;1635317.8153333345;0.2777777777777778;192286;1499288.4349;0.277767032577154;1051;0.0
Meta_651;169684;1635317.8153333345;0.0;202077;1741289.1316000002;0.12637433892261496;3600;0.7023014661152739
Meta_670;169684;1962381.3784000012;0.5;169684;919660.6432000003;0.49233973964210404;0;0.0
Meta_669;169684;1962381.3784000012;0.4444444444444444;169737;941469.5186000002;0.44034609342604364;7;0.0
Meta_668;169684;1962381.3784000012;0.38888888888888884;196346;1609309.3627999995;0.38888634960757174;48;0.0
Meta_652;169684;1635317.8153333345;0.05555555555555555;199698;1660768.6168;0.13957034864030088;3600;0.8381795503621374
Meta_666;169684;1962381.3784000012;0.2777777777777778;193126;1921475.6233000006;0.27777868492821495;212;0.0
Meta_653;169684;1635317.8153333345;0.1111111111111111;197388;1635296.412199999;0.17610679653778333;3622;1.0
Meta_675;169684;2289444.941466668;0.2222222222222222;208846;2141983.4322999995;0.2221167845397564;87;0.0
Meta_677;169684;2289444.941466668;0.3333333333333333;202459;2036347.5097999999;0.3322513521863643;3;0.0
Meta_676;169684;2289444.941466668;0.2777777777777778;203846;2226689.8553;0.27732911627417717;39;0.0
Meta_679;169684;2289444.941466668;0.4444444444444444;169744;911978.6531000002;0.4431628751395182;4;0.0
Meta_680;169684;2289444.941466668;0.5;169684;919660.6432000003;0.49233973964210404;0;0.0
Meta_678;169684;2289444.941466668;0.38888888888888884;192468;1953496.5653000001;0.3885393509005507;43;0.0
Meta_674;169684;2289444.941466668;0.16666666666666666;207504;2211311.867100001;0.16664311016812206;214;0.0
Meta_664;169684;1962381.3784000012;0.16666666666666666;206559;1921599.2797;0.16666068522476113;705;0.0
Meta_684;169684;2616508.504533335;0.16666666666666666;204843;2029378.7215000005;0.16666825670831636;77;0.0
Meta_685;169684;2616508.504533335;0.2222222222222222;210356;2526755.7867000005;0.21571968193211583;123;0.0
Meta_686;169684;2616508.504533335;0.2777777777777778;210857;2397862.6858999995;0.27561713483226064;79;0.0
Meta_687;169684;2616508.504533335;0.3333333333333333;200668;1990524.6434000009;0.32641898771381433;30;0.0
Meta_688;169684;2616508.504533335;0.38888888888888884;196576;1757816.6090999998;0.38888709130913823;27;0.0
Meta_689;169684;2616508.504533335;0.4444444444444444;170082;910345.4111000003;0.4430788577796154;2;0.0
Meta_690;169684;2616508.504533335;0.5;169684;919660.6432000003;0.49233973964210404;0;0.0
Meta_673;169684;2289444.941466668;0.1111111111111111;212614;2248077.468699999;0.11111003106298036;1980;0.0
Meta_662;169684;1962381.3784000012;0.05555555555555555;208663;1962378.7277;0.13358339233969224;3600;1.0
Meta_661;169684;1962381.3784000012;0.0;210387;1962075.1915000004;0.12263925888515308;3608;1.0
Meta_694;169684;2943572.067600002;0.16666666666666666;212757;2568105.8761;0.1663530049709649;77;0.0
Meta_663;169684;1962381.3784000012;0.1111111111111111;206855;1961757.6004999997;0.12476504132280737;3600;1.0
Meta_696;169684;2943572.067600002;0.2777777777777778;225697;2943563.704199999;0.12994110547583734;151;0.0
Meta_695;169684;2943572.067600002;0.2222222222222222;201739;2164468.9939;0.22138092103804927;191;0.0
Meta_697;169684;2943572.067600002;0.3333333333333333;202164;2150389.256299999;0.3331052640688317;28;0.0
Meta_699;169684;2943572.067600002;0.4444444444444444;170082;910345.4111000003;0.4430788577796154;2;0.0
Meta_700;169684;2943572.067600002;0.5;169684;919660.6432000003;0.49233973964210404;0;0.0
Meta_698;169684;2943572.067600002;0.38888888888888884;199164;2011272.7445999999;0.37227626009516157;35;0.0
Meta_693;169684;2943572.067600002;0.1111111111111111;216376;2545937.989900001;0.1110514780626272;437;0.0
Meta_671;169684;2289444.941466668;0.0;221362;2293717.4897000003;0.0791529054934715;3600;1.0
Meta_672;169684;2289444.941466668;0.05555555555555555;211066;2248722.7718;0.1057601983842919;3600;1.0
Meta_683;169684;2616508.504533335;0.1111111111111111;213991;2437473.5382;0.11104657547848182;3468;0.0
Meta_681;169684;2616508.504533335;0.0;228197;2611015.149300001;0.03283101336704045;3600;1.0
Meta_682;169684;2616508.504533335;0.05555555555555555;218373;2585846.0545000015;0.08665686609519214;3600;1.0
Meta_691;169684;2943572.067600002;0.0;227240;2786549.0799000002;0.030709386921084242;3600;1.0
Meta_692;169684;2943572.067600002;0.05555555555555555;226338;2866809.6520000002;0.0744542895561285;3600;1.0
Meta_710;159747;0.0;0.5;159747;301941.0626;0.4773736907210478;0;0.0
Meta_701;159747;0.0;0.0;194566;1520656.9800000004;0.1624026312095409;3600;0.21503747396335157
Meta_702;159747;0.0;0.05555555555555555;191088;1405257.8994999994;0.17711869214702133;3600;0.23095048143742578
Meta_703;159747;0.0;0.1111111111111111;192727;1465258.9537000002;0.16090268200441005;3613;0.2328033632548421
Meta_704;159747;0.0;0.16666666666666666;184507;1227950.4421000003;0.20218542797382702;3600;0.29711394822952775
Meta_705;159747;0.0;0.2222222222222222;175728;967882.3455999997;0.23715666988973072;3600;0.3896397778902688
Meta_706;159747;0.0;0.2777777777777778;165420;670248.8782000002;0.28052713259144973;3615;0.3436683911768346
Meta_707;159747;0.0;0.3333333333333333;159844;398581.9531;0.33333494800091257;3600;0.08685525784078844
Meta_708;159747;0.0;0.38888888888888884;159747;332828.7509;0.3888887025696021;3600;0.022283050850167102
Meta_719;159747;327063.5630666669;0.4444444444444444;159747;326771.7459;0.44438685745820083;5;0.0
Meta_720;159747;327063.5630666669;0.5;159747;327060.5115;0.47052523146886804;1;0.0
Meta_709;159747;0.0;0.4444444444444444;159747;304572.35719999997;0.44444491248748913;3600;4.535035167973904E-4
Meta_711;159747;327063.5630666669;0.0;190856;1410691.3281;0.17489225258277322;3607;0.25170233943474757
Meta_712;159747;327063.5630666669;0.05555555555555555;192587;1461432.7642999995;0.16303056472660069;3600;0.24577984568310268
Meta_713;159747;327063.5630666669;0.1111111111111111;192993;1459668.6154000002;0.17604527314625806;3612;0.3456981192666162
Meta_714;159747;327063.5630666669;0.16666666666666666;186347;1259154.7172000003;0.19309529997697944;3604;0.44875050161252394
Meta_715;159747;327063.5630666669;0.2222222222222222;176310;980411.6988999998;0.23379286860338236;3600;0.5273806339075165
Meta_716;159747;327063.5630666669;0.2777777777777778;161790;547960.3534;0.2969410473412786;3615;0.7345571901984669
Meta_727;159747;654127.1261333338;0.3333333333333333;160070;573560.6370000002;0.3329277689404153;39;0.0
Meta_728;159747;654127.1261333338;0.38888888888888884;165904;642189.4711999999;0.3888348724743554;20;0.0
Meta_730;159747;654127.1261333338;0.5;159747;654119.3128;0.45988382257517924;0;0.0
Meta_729;159747;654127.1261333338;0.4444444444444444;160005;589303.4898999999;0.4444445371497741;5;0.0
Meta_717;159747;327063.5630666669;0.3333333333333333;159747;398617.5561000001;0.33333500110648256;3600;0.4815046929647562
Meta_718;159747;327063.5630666669;0.38888888888888884;159747;335979.9954;0.3888882485328553;3600;1.0
Meta_721;159747;654127.1261333338;0.0;194121;1499104.6744000001;0.16122759737951167;3600;0.29268796195863517
Meta_722;159747;654127.1261333338;0.05555555555555555;194287;1503103.9146;0.16565464745815373;3600;0.33281367186160676
Meta_723;159747;654127.1261333338;0.1111111111111111;193480;1480033.2451000006;0.16565565624687142;3600;0.39771158131411627
Meta_737;159747;981190.6892000006;0.3333333333333333;169776;979805.7041;0.3333306812464912;112;0.0
Meta_738;159747;981190.6892000006;0.38888888888888884;160511;701655.2033;0.3887684265346303;8;0.0
Meta_739;159747;981190.6892000006;0.4444444444444444;159750;681983.6335999997;0.44442820067112715;2;0.0
Meta_740;159747;981190.6892000006;0.5;159747;700403.8195;0.4606629068698321;0;0.0
Meta_724;159747;654127.1261333338;0.16666666666666666;181634;1152996.2726999994;0.21025135186763952;3600;0.5049524582215115
Meta_725;159747;654127.1261333338;0.2222222222222222;174740;928899.2188999999;0.24353161160091608;3601;0.8749998575930029
Meta_726;159747;654127.1261333338;0.2777777777777778;165368;708246.8032000002;0.2842852416464242;3605;1.0
Meta_736;159747;981190.6892000006;0.2777777777777778;175898;979693.1620999998;0.2777643255590962;2689;0.0
Meta_745;159747;1308254.2522666676;0.2222222222222222;184870;1301065.7646;0.22222048585946522;272;0.0
Meta_731;159747;981190.6892000006;0.0;196508;1565813.3794000007;0.15944445969039767;3604;0.39398688282090144
Meta_732;159747;981190.6892000006;0.05555555555555555;194716;1521397.2029999997;0.15637284347416994;3600;0.39728999905814155
Meta_748;159747;1308254.2522666676;0.38888888888888884;164005;776391.7773000003;0.3888774527430752;21;0.0
Meta_749;159747;1308254.2522666676;0.4444444444444444;159750;684733.0518999997;0.44442820067112715;3;0.0
Meta_750;159747;1308254.2522666676;0.5;159747;700403.8195;0.4606629068698321;0;0.0
Meta_747;159747;1308254.2522666676;0.3333333333333333;173755;1205359.8367999995;0.3329310908712632;55;0.0
Meta_746;159747;1308254.2522666676;0.2777777777777778;181074;1307424.9242000007;0.2777786170450118;93;0.0
Meta_733;159747;981190.6892000006;0.1111111111111111;192829;1465581.9118000004;0.17264153177562883;3612;0.5376709788581405
Meta_734;159747;981190.6892000006;0.16666666666666666;183837;1191566.7523999994;0.20973218391684703;3600;0.7964219461442834
Meta_735;159747;981190.6892000006;0.2222222222222222;177545;1021664.5879000003;0.2432598018146024;3600;1.0
Meta_755;159747;1635317.8153333345;0.2222222222222222;196185;1624323.5583000006;0.22187264337717771;99;0.0
Meta_757;159747;1635317.8153333345;0.3333333333333333;189636;1635290.3355999999;0.3329623589049583;39;0.0
Meta_758;159747;1635317.8153333345;0.38888888888888884;161577;679184.4467999999;0.38695542005973077;10;0.0
Meta_759;159747;1635317.8153333345;0.4444444444444444;159750;684733.0518999997;0.44442820067112715;3;0.0
Meta_760;159747;1635317.8153333345;0.5;159747;700403.8195;0.4606629068698321;0;0.0
Meta_756;159747;1635317.8153333345;0.2777777777777778;190936;1562178.9873999993;0.277770723670986;116;0.0
Meta_741;159747;1308254.2522666676;0.0;196303;1556083.0443000004;0.15078084575787568;3600;0.49243543810789975
Meta_742;159747;1308254.2522666676;0.05555555555555555;189240;1363339.7326000002;0.18716330939211312;3600;0.6119910659949773
Meta_743;159747;1308254.2522666676;0.1111111111111111;192085;1458048.2933000005;0.17544726459299467;3600;0.8381350618641197
Meta_765;159747;1962381.3784000012;0.2222222222222222;201132;1778598.3193000003;0.22217192918917447;60;0.0
Meta_766;159747;1962381.3784000012;0.2777777777777778;202253;1838624.4255000004;0.2762334003645193;45;0.0
Meta_744;159747;1308254.2522666676;0.16666666666666666;186837;1306440.1398;0.21707533629245407;3602;1.0
Meta_767;159747;1962381.3784000012;0.3333333333333333;198350;1936471.0633000003;0.33316028009075455;55;0.0
Meta_769;159747;1962381.3784000012;0.4444444444444444;159750;684733.0518999997;0.44442820067112715;3;0.0
Meta_770;159747;1962381.3784000012;0.5;159747;700403.8195;0.4606629068698321;0;0.0
Meta_768;159747;1962381.3784000012;0.38888888888888884;162148;677198.3611;0.388874156939102;63;0.0
Meta_751;159747;1635317.8153333345;0.0;202907;1757828.1914000001;0.12364152600172346;3600;0.7070940668409285
Meta_752;159747;1635317.8153333345;0.05555555555555555;201771;1720799.9667999998;0.12751330638304348;3600;0.7778917837057253
Meta_753;159747;1635317.8153333345;0.1111111111111111;199455;1652636.163900001;0.1891603622084013;3616;1.0
Meta_754;159747;1635317.8153333345;0.16666666666666666;196785;1635314.1137999992;0.17277614933631286;3600;1.0
Meta_776;159747;2289444.941466668;0.2777777777777778;211264;2285212.1359;0.27540240728118587;71;0.0
Meta_774;159747;2289444.941466668;0.16666666666666666;209418;2289438.4665999995;0.16630225486005995;157;0.0
Meta_778;159747;2289444.941466668;0.38888888888888884;160208;688054.4066000003;0.38501494511417095;17;0.0
Meta_777;159747;2289444.941466668;0.3333333333333333;194521;1779926.3964999993;0.33193256197943216;33;0.0
Meta_779;159747;2289444.941466668;0.4444444444444444;159750;684733.0518999997;0.44442820067112715;3;0.0
Meta_780;159747;2289444.941466668;0.5;159747;700403.8195;0.4606629068698321;0;0.0
Meta_764;159747;1962381.3784000012;0.16666666666666666;201999;1912813.9385000002;0.16664510496137394;1058;0.0
Meta_761;159747;1962381.3784000012;0.0;213759;2074811.5211000005;0.07714193797256137;3600;1.0
Meta_762;159747;1962381.3784000012;0.05555555555555555;211183;2014958.0097;0.128889905947977;3600;1.0
Meta_785;159747;2616508.504533335;0.2222222222222222;209109;2402137.3655000017;0.22222036644467413;30;0.0
Meta_784;159747;2616508.504533335;0.16666666666666666;215691;2390250.334;0.1666695513000313;73;0.0
Meta_787;159747;2616508.504533335;0.3333333333333333;201639;2240165.098500001;0.3197780811146801;14;0.0
Meta_786;159747;2616508.504533335;0.2777777777777778;207196;2381910.576400001;0.27672286209976027;79;0.0
Meta_788;159747;2616508.504533335;0.38888888888888884;166152;812108.5003999999;0.3888483341525857;22;0.0
Meta_790;159747;2616508.504533335;0.5;159747;700403.8195;0.4606629068698321;0;0.0
Meta_789;159747;2616508.504533335;0.4444444444444444;159750;684733.0518999997;0.44442820067112715;3;0.0
Meta_775;159747;2289444.941466668;0.2222222222222222;207414;2289396.5046999995;0.22221016782541772;713;0.0
Meta_792;159747;2943572.067600002;0.05555555555555555;227917;2806968.7762000016;0.04675732482789634;727;0.0
Meta_793;159747;2943572.067600002;0.1111111111111111;216946;2468566.0343000004;0.11107211327860898;339;0.0
Meta_795;159747;2943572.067600002;0.2222222222222222;209466;2295643.2836000007;0.22221880473640665;20;0.0
Meta_796;159747;2943572.067600002;0.2777777777777778;211747;2748107.6581999995;0.27708770153518275;65;0.0
Meta_794;159747;2943572.067600002;0.16666666666666666;214531;2463506.519900001;0.16660604809454163;118;0.0
Meta_797;159747;2943572.067600002;0.3333333333333333;197979;1901360.7469999995;0.33331309003582926;36;0.0
Meta_799;159747;2943572.067600002;0.4444444444444444;159750;684733.0518999997;0.44442820067112715;2;0.0
Meta_800;159747;2943572.067600002;0.5;159747;700403.8195;0.4606629068698321;0;0.0
Meta_798;159747;2943572.067600002;0.38888888888888884;184595;1512489.4267000007;0.3887478967470361;26;0.0
Meta_773;159747;2289444.941466668;0.1111111111111111;213750;2224051.9708000002;0.11106747762113008;1311;0.0
Meta_763;159747;1962381.3784000012;0.1111111111111111;208304;1956421.2388000006;0.11620583851594256;3600;1.0
Meta_771;159747;2289444.941466668;0.0;220736;2296728.7703000004;0.07445827552473884;3600;1.0
Meta_772;159747;2289444.941466668;0.05555555555555555;221513;2299252.2796000014;0.08857857180999693;3600;1.0
Meta_781;159747;2616508.504533335;0.0;211062;2379384.9326000004;0.12416082081029954;3600;1.0
Meta_782;159747;2616508.504533335;0.05555555555555555;224927;2540428.5386999995;0.06710883688450053;3600;1.0
Meta_783;159747;2616508.504533335;0.1111111111111111;221482;2570602.6826000004;0.12564104375377563;3600;1.0
Meta_809;149811;0.0;0.4444444444444444;149811;120741.9963;0.4398040821291841;0;0.0
Meta_810;149811;0.0;0.5;149811;120741.9963;0.4398040821291841;0;0.0
Meta_791;159747;2943572.067600002;0.0;228075;2813642.6710000015;0.035345457276585356;3600;1.0
Meta_802;149811;0.0;0.05555555555555555;195423;1520306.5525999996;0.16215501872044902;3600;0.22527310978316745
Meta_801;149811;0.0;0.0;193022;1475745.930500001;0.15996829827228162;3602;0.19110794920134094
Meta_803;149811;0.0;0.1111111111111111;191397;1420853.9579000007;0.16964157753084896;3604;0.2452342495975742
Meta_804;149811;0.0;0.16666666666666666;183764;1203309.6860999996;0.202610754912968;3600;0.28827563979835363
Meta_805;149811;0.0;0.2222222222222222;175923;962879.2309999997;0.24011040661593883;3600;0.42356594367973627
Meta_806;149811;0.0;0.2777777777777778;162216;586498.2354;0.2867800306022036;3600;0.36614812049727563
Meta_818;149811;327063.5630666669;0.38888888888888884;153310;326970.0502999999;0.388546031363299;62;0.0
Meta_819;149811;327063.5630666669;0.4444444444444444;151668;268092.61999999994;0.44442532235975063;3;0.0
Meta_820;149811;327063.5630666669;0.5;149811;319005.0343;0.4470579333811629;0;0.0
Meta_807;149811;0.0;0.3333333333333333;152375;291650.65549999994;0.3356386814616586;3600;0.5734597783156056
Meta_808;149811;0.0;0.38888888888888884;149811;147854.78740000003;0.38888578412927294;3600;0.13316488665655737
Meta_811;149811;327063.5630666669;0.0;196030;1550681.7847;0.15243804516723886;3600;0.2328606970853639
Meta_812;149811;327063.5630666669;0.05555555555555555;193682;1483128.9553999994;0.16595782371024528;3600;0.26546542066697876
Meta_813;149811;327063.5630666669;0.1111111111111111;191939;1433677.0362000002;0.17378872190560068;3600;0.3263663199655905
Meta_814;149811;327063.5630666669;0.16666666666666666;183633;1196621.0893;0.21073153701589656;3608;0.5000961561029237
Meta_815;149811;327063.5630666669;0.2222222222222222;175132;949106.3548000001;0.23630078899004633;3600;0.5406482855905139
Meta_828;149811;654127.1261333338;0.38888888888888884;152379;371996.37450000003;0.3887851948637223;47;0.0
Meta_829;149811;654127.1261333338;0.4444444444444444;149815;300486.4424;0.4419756696278995;20;0.0
Meta_830;149811;654127.1261333338;0.5;149811;319005.0343;0.4470579333811629;0;0.0
Meta_827;149811;654127.1261333338;0.3333333333333333;161564;652498.9763999999;0.3325507049826045;118;0.0
Meta_816;149811;327063.5630666669;0.2777777777777778;160613;555066.9543999999;0.2910108873065421;3600;0.6924701046917627
Meta_817;149811;327063.5630666669;0.3333333333333333;152978;326650.5585;0.33768033768145006;3600;1.0
Meta_821;149811;654127.1261333338;0.0;195369;1537517.3591000002;0.15176126580535934;3600;0.27450439808532523
Meta_822;149811;654127.1261333338;0.05555555555555555;194863;1522820.0905;0.15683233487398357;3607;0.30746704794948343
Meta_823;149811;654127.1261333338;0.1111111111111111;192913;1465069.9183000003;0.16477490378864643;3609;0.3856733031772975
Meta_837;149811;981190.6892000006;0.3333333333333333;175546;959557.0604;0.3329379214801299;29;0.0
Meta_824;149811;654127.1261333338;0.16666666666666666;185626;1255342.5950999998;0.19634725121321134;3600;0.49012745735082597
Meta_839;149811;981190.6892000006;0.4444444444444444;154858;680612.7476;0.4406988182792212;6;0.0
Meta_840;149811;981190.6892000006;0.5;149811;319005.0343;0.4470579333811629;0;0.0
Meta_838;149811;981190.6892000006;0.38888888888888884;149814;317929.2336;0.38827521767434925;22;0.0
Meta_825;149811;654127.1261333338;0.2222222222222222;176684;983459.0629999998;0.23373105750600015;3607;0.859912752952055
Meta_836;149811;981190.6892000006;0.2777777777777778;173609;980567.7439000001;0.27777878256087385;313;0.0
Meta_826;149811;654127.1261333338;0.2777777777777778;167511;743226.0859999998;0.27792943947407256;3605;1.0
Meta_831;149811;981190.6892000006;0.0;193686;1472799.3520000004;0.166765046378508;3607;0.3820040056125158
Meta_832;149811;981190.6892000006;0.05555555555555555;194000;1502546.6419000002;0.16100489393300998;3614;0.4080588426418719
Meta_847;149811;1308254.2522666676;0.3333333333333333;184188;1308124.9962;0.33318718668503694;16;0.0
Meta_848;149811;1308254.2522666676;0.38888888888888884;154507;443626.7456999999;0.3875835558927293;24;0.0
Meta_849;149811;1308254.2522666676;0.4444444444444444;150459;298438.3279;0.4441318207691824;11;0.0
Meta_850;149811;1308254.2522666676;0.5;149811;319005.0343;0.4470579333811629;0;0.0
Meta_846;149811;1308254.2522666676;0.2777777777777778;179298;1199511.4470000004;0.27777567850777524;133;0.0
Meta_833;149811;981190.6892000006;0.1111111111111111;193946;1499345.3209000002;0.167519362391707;3600;0.5637369101079537
Meta_834;149811;981190.6892000006;0.16666666666666666;184712;1227853.2218000004;0.19860392851220499;3600;0.7121840936385314
Meta_835;149811;981190.6892000006;0.2222222222222222;172770;976851.5774000001;0.24994307698303406;3600;1.0
Meta_855;149811;1635317.8153333345;0.2222222222222222;196669;1603411.5894000002;0.22214468040576765;101;0.0
Meta_856;149811;1635317.8153333345;0.2777777777777778;189435;1606109.2981000005;0.277773312876174;54;0.0
Meta_857;149811;1635317.8153333345;0.3333333333333333;190268;1635301.9674;0.3330429031870341;11;0.0
Meta_858;149811;1635317.8153333345;0.38888888888888884;154886;468121.00909999997;0.38848334169641685;27;0.0
Meta_859;149811;1635317.8153333345;0.4444444444444444;152075;369741.22740000003;0.4442913814759975;10;0.0
Meta_860;149811;1635317.8153333345;0.5;149811;319005.0343;0.4470579333811629;0;0.0
Meta_842;149811;1308254.2522666676;0.05555555555555555;196489;1572623.7449999992;0.14715981823918;3600;0.5433709332759853
Meta_841;149811;1308254.2522666676;0.0;189374;1363375.2098000005;0.1868344212458207;3614;0.5604683077927043
Meta_843;149811;1308254.2522666676;0.1111111111111111;195342;1535640.9385999995;0.15895420044838696;3600;0.8102996759043071
Meta_844;149811;1308254.2522666676;0.16666666666666666;189527;1361422.8901999993;0.1919649146629315;3600;1.0
Meta_865;149811;1962381.3784000012;0.2222222222222222;202474;1924069.6133000003;0.22218105117631476;225;0.0
Meta_845;149811;1308254.2522666676;0.2222222222222222;186029;1300276.7551999995;0.22222105159222974;3145;0.0
Meta_867;149811;1962381.3784000012;0.3333333333333333;176643;1097731.8991000005;0.3326991029258729;19;0.0
Meta_866;149811;1962381.3784000012;0.2777777777777778;199026;1796426.1907000015;0.2777368186287727;76;0.0
Meta_869;149811;1962381.3784000012;0.4444444444444444;156293;690891.3938;0.44442604708639094;6;0.0
Meta_870;149811;1962381.3784000012;0.5;149811;319005.0343;0.4470579333811629;0;0.0
Meta_868;149811;1962381.3784000012;0.38888888888888884;150255;314626.5961000001;0.38885590727161146;22;0.0
Meta_851;149811;1635317.8153333345;0.0;199798;1662765.3022999996;0.1415073806101824;3600;0.7125950423458921
Meta_852;149811;1635317.8153333345;0.05555555555555555;199152;1635523.3619999995;0.1488818729217221;3607;0.8595597815484133
Meta_874;149811;2289444.941466668;0.16666666666666666;214438;2288834.5813;0.16545793540026468;201;0.0
Meta_875;149811;2289444.941466668;0.2222222222222222;203804;2289431.6118;0.22222140044362687;294;0.0
Meta_853;149811;1635317.8153333345;0.1111111111111111;199111;1635864.8046000004;0.15826108830456803;3600;1.0
Meta_877;149811;2289444.941466668;0.3333333333333333;182815;1402702.0019000007;0.3333290413392937;49;0.0
Meta_876;149811;2289444.941466668;0.2777777777777778;204093;2160780.1720000003;0.27772835382922023;77;0.0
Meta_879;149811;2289444.941466668;0.4444444444444444;154413;483716.8565;0.4444332685514578;6;0.0
Meta_880;149811;2289444.941466668;0.5;149811;319005.0343;0.4470579333811629;0;0.0
Meta_878;149811;2289444.941466668;0.38888888888888884;149887;297749.02899999986;0.38888542888340416;30;0.0
Meta_854;149811;1635317.8153333345;0.16666666666666666;204212;1842776.1799;0.18103591483092699;3600;1.0
Meta_883;149811;2616508.504533335;0.1111111111111111;214561;2360368.2507;0.11034770926795083;231;0.0
Meta_884;149811;2616508.504533335;0.16666666666666666;218380;2473545.863800001;0.16665958918114226;4;0.0
Meta_885;149811;2616508.504533335;0.2222222222222222;205557;2328996.4681999995;0.22221723705384933;40;0.0
Meta_886;149811;2616508.504533335;0.2777777777777778;208815;2373246.6822999995;0.2769237989586911;20;0.0
Meta_861;149811;1962381.3784000012;0.0;210721;1967425.5314999998;0.11974780931744003;3600;1.0
Meta_887;149811;2616508.504533335;0.3333333333333333;201477;1994880.0893;0.3332439409454882;12;0.0
Meta_889;149811;2616508.504533335;0.4444444444444444;151963;398634.03969999996;0.444342280593982;6;0.0
Meta_890;149811;2616508.504533335;0.5;149811;319005.0343;0.4470579333811629;0;0.0
Meta_888;149811;2616508.504533335;0.38888888888888884;155017;447597.9096000001;0.38888896145086144;32;0.0
Meta_863;149811;1962381.3784000012;0.1111111111111111;208932;1964756.3031999997;0.12935665395521362;3600;1.0
Meta_862;149811;1962381.3784000012;0.05555555555555555;210372;1961623.7672000008;0.12480771138344311;3611;1.0
Meta_894;149811;2943572.067600002;0.16666666666666666;224480;2659293.8029000005;0.16499053323672547;3;0.0
Meta_895;149811;2943572.067600002;0.2222222222222222;208993;2465351.6038999986;0.21805783324899108;37;0.0
Meta_896;149811;2943572.067600002;0.2777777777777778;200835;2139111.4437000006;0.277628755573226;41;0.0
Meta_897;149811;2943572.067600002;0.3333333333333333;179129;1281671.9262999995;0.33313665248393215;12;0.0
Meta_864;149811;1962381.3784000012;0.16666666666666666;205830;1918575.6819999996;0.20735945987518048;3600;1.0
Meta_899;149811;2943572.067600002;0.4444444444444444;149825;278465.8623;0.44097581041960016;6;0.0
Meta_900;149811;2943572.067600002;0.5;149811;319005.0343;0.4470579333811629;0;0.0
Meta_898;149811;2943572.067600002;0.38888888888888884;155017;447597.9096000001;0.38888896145086144;30;0.0
Meta_893;149811;2943572.067600002;0.1111111111111111;225578;2759407.136600001;0.10883146988489648;418;0.0
Meta_871;149811;2289444.941466668;0.0;221384;2292948.4098000005;0.0808448154688529;3600;1.0
Meta_872;149811;2289444.941466668;0.05555555555555555;220199;2283253.772300001;0.08690022155300654;3600;1.0
Meta_873;149811;2289444.941466668;0.1111111111111111;212578;2227090.503;0.11371809832711498;3600;1.0
Meta_881;149811;2616508.504533335;0.0;220823;2547481.1859000004;0.13142074646451593;3600;1.0
Meta_882;149811;2616508.504533335;0.05555555555555555;212080;2431943.7253;0.13841337219780464;3600;1.0
Meta_908;139875;0.0;0.38888888888888884;139911;611.1764999999999;0.38888890243087076;7;0.0
Meta_909;139875;0.0;0.4444444444444444;139875;0.0;0.38932803238558394;0;0.0
Meta_910;139875;0.0;0.5;139875;0.0;0.38932803238558394;0;0.0
Meta_891;149811;2943572.067600002;0.0;226222;2781440.7399000004;0.03282143514165444;3600;1.0
Meta_892;149811;2943572.067600002;0.05555555555555555;219847;2792707.3548999997;0.081861535574617;3600;1.0
Meta_901;139875;0.0;0.0;195260;1518777.8318000003;0.16829694360837258;3603;0.23197153274827614
Meta_902;139875;0.0;0.05555555555555555;196588;1564343.0599999996;0.1591544717878007;3600;0.23232383287808192
Meta_903;139875;0.0;0.1111111111111111;191566;1440591.0569;0.17166090707042675;3606;0.2603203309632827
Meta_904;139875;0.0;0.16666666666666666;184395;1245008.2895999998;0.19166967989251332;3600;0.2555876470011689
Meta_905;139875;0.0;0.2222222222222222;172064;876017.3546000005;0.24932223135610332;3600;0.4371691923163507
Meta_918;139875;327063.5630666669;0.38888888888888884;140148;5716.12;0.38872672030540883;1;0.0
Meta_919;139875;327063.5630666669;0.4444444444444444;139875;0.0;0.38932803238558394;0;0.0
Meta_920;139875;327063.5630666669;0.5;139875;0.0;0.38932803238558394;0;0.0
Meta_906;139875;0.0;0.2777777777777778;162441;595665.7137000002;0.2835664087650062;3600;0.3314347633280776
Meta_907;139875;0.0;0.3333333333333333;153498;340329.34659999993;0.3333340616064034;3600;0.8738949981007442
Meta_911;139875;327063.5630666669;0.0;195209;1528100.7495999993;0.1526114180205857;3600;0.22266032485524526
Meta_912;139875;327063.5630666669;0.05555555555555555;196994;1586911.6037;0.1540927708642125;3606;0.2679642282121674
Meta_913;139875;327063.5630666669;0.1111111111111111;194993;1527192.4165999996;0.15634185701427294;3601;0.30182095567153333
Meta_914;139875;327063.5630666669;0.16666666666666666;193912;1474220.0361000001;0.17465939278059728;3603;0.4668348240967474
Meta_915;139875;327063.5630666669;0.2222222222222222;172462;887177.392;0.24076726194180867;3600;0.5385517013484539
Meta_928;139875;654127.1261333338;0.38888888888888884;140148;5716.12;0.38872672030540883;1;0.0
Meta_929;139875;654127.1261333338;0.4444444444444444;139875;0.0;0.38932803238558394;0;0.0
Meta_930;139875;654127.1261333338;0.5;139875;0.0;0.38932803238558394;0;0.0
Meta_916;139875;327063.5630666669;0.2777777777777778;163411;610748.4980999999;0.2892237791792801;3600;0.7135726213768296
Meta_917;139875;327063.5630666669;0.3333333333333333;157662;445999.0513000001;0.3334026275266306;3600;1.0
Meta_921;139875;654127.1261333338;0.0;194002;1501458.060000001;0.16158362039321914;3600;0.2951686477195131
Meta_927;139875;654127.1261333338;0.3333333333333333;160097;644221.5705000004;0.33306940265567525;483;0.0
Meta_922;139875;654127.1261333338;0.05555555555555555;197242;1591659.7178000002;0.1635662738362713;3600;0.36408455286627955
Meta_936;139875;981190.6892000006;0.2777777777777778;175936;963039.1004;0.2777643132664335;568;0.0
Meta_923;139875;654127.1261333338;0.1111111111111111;189760;1385905.1855;0.17926548471195794;3600;0.4132047572444497
Meta_938;139875;981190.6892000006;0.38888888888888884;140148;5716.12;0.38872672030540883;1;0.0
Meta_939;139875;981190.6892000006;0.4444444444444444;139875;0.0;0.38932803238558394;0;0.0
Meta_940;139875;981190.6892000006;0.5;139875;0.0;0.38932803238558394;0;0.0
Meta_924;139875;654127.1261333338;0.16666666666666666;187988;1305941.5191999995;0.18697182125209796;3600;0.6052580367381991
Meta_937;139875;981190.6892000006;0.3333333333333333;159186;561095.5997000001;0.33332248420320293;802;0.0
Meta_925;139875;654127.1261333338;0.2222222222222222;175132;958440.9333999995;0.23673266455503894;3600;0.7379880087857454
Meta_926;139875;654127.1261333338;0.2777777777777778;166513;684978.7086999998;0.27795146970251483;3600;1.0
Meta_931;139875;981190.6892000006;0.0;194893;1523139.7821000002;0.16092729148359147;3600;0.38503009182294357
Meta_946;139875;1308254.2522666676;0.2777777777777778;185335;1234220.1032;0.27439890273055684;121;0.0
Meta_932;139875;981190.6892000006;0.05555555555555555;196617;1573861.9821;0.14231701125021595;3600;0.3615324267933002
Meta_948;139875;1308254.2522666676;0.38888888888888884;140148;5716.12;0.38872672030540883;1;0.0
Meta_949;139875;1308254.2522666676;0.4444444444444444;139875;0.0;0.38932803238558394;0;0.0
Meta_950;139875;1308254.2522666676;0.5;139875;0.0;0.38932803238558394;0;0.0
Meta_947;139875;1308254.2522666676;0.3333333333333333;169795;968023.8681999996;0.33333155255250074;285;0.0
Meta_933;139875;981190.6892000006;0.1111111111111111;195739;1541423.5946000002;0.15027624393502773;3600;0.4800354925730261
Meta_934;139875;981190.6892000006;0.16666666666666666;188913;1350178.2294999994;0.17513395682483365;3604;0.7061532224636845
Meta_935;139875;981190.6892000006;0.2222222222222222;174937;954695.6539000002;0.24906426169566823;3607;1.0
Meta_955;139875;1635317.8153333345;0.2222222222222222;194159;1617737.4272;0.22222220213454075;194;0.0
Meta_956;139875;1635317.8153333345;0.2777777777777778;194548;1584779.7986000003;0.2769011858079099;34;0.0
Meta_957;139875;1635317.8153333345;0.3333333333333333;170682;1008832.4800000001;0.33143912859775054;329;0.0
Meta_958;139875;1635317.8153333345;0.38888888888888884;140148;5716.12;0.38872672030540883;1;0.0
Meta_959;139875;1635317.8153333345;0.4444444444444444;139875;0.0;0.38932803238558394;0;0.0
Meta_960;139875;1635317.8153333345;0.5;139875;0.0;0.38932803238558394;0;0.0
Meta_941;139875;1308254.2522666676;0.0;194705;1517448.7256999991;0.16803135197817742;3604;0.5198810933086281
Meta_942;139875;1308254.2522666676;0.05555555555555555;190062;1383853.0503999998;0.1828353702951589;3600;0.5814205199403375
Meta_943;139875;1308254.2522666676;0.1111111111111111;194941;1526502.5468999997;0.15383912354650672;3600;0.8381006250835875
Meta_944;139875;1308254.2522666676;0.16666666666666666;189199;1353206.9516;0.19473331508235356;3600;1.0
Meta_945;139875;1308254.2522666676;0.2222222222222222;186458;1326156.0031999997;0.23537910415909755;3600;1.0
Meta_966;139875;1962381.3784000012;0.2777777777777778;195838;1936713.265400001;0.2755796710587221;23;0.0
Meta_965;139875;1962381.3784000012;0.2222222222222222;199761;1960227.7792999994;0.22221501219705844;144;0.0
Meta_968;139875;1962381.3784000012;0.38888888888888884;140148;5716.12;0.38872672030540883;1;0.0
Meta_969;139875;1962381.3784000012;0.4444444444444444;139875;0.0;0.38932803238558394;0;0.0
Meta_970;139875;1962381.3784000012;0.5;139875;0.0;0.38932803238558394;0;0.0
Meta_967;139875;1962381.3784000012;0.3333333333333333;192556;1733819.2786999992;0.325941183690014;117;0.0
Meta_964;139875;1962381.3784000012;0.16666666666666666;203401;1889245.9703000002;0.1666175980593005;661;0.0
Meta_973;139875;2289444.941466668;0.1111111111111111;215422;2251127.5631;0.1111020800288007;673;0.0
Meta_951;139875;1635317.8153333345;0.0;202443;1741141.6421;0.12371733157277948;3608;0.6626576431212098
Meta_952;139875;1635317.8153333345;0.05555555555555555;201470;1718053.8045999995;0.1374606431355035;3600;0.8413673677119866
Meta_975;139875;2289444.941466668;0.2222222222222222;205446;2169121.533800001;0.2221616640520234;114;0.0
Meta_953;139875;1635317.8153333345;0.1111111111111111;198399;1638925.9241;0.15024395257814846;3600;1.0
Meta_978;139875;2289444.941466668;0.38888888888888884;140148;5716.12;0.38872672030540883;1;0.0
Meta_979;139875;2289444.941466668;0.4444444444444444;139875;0.0;0.38932803238558394;0;0.0
Meta_980;139875;2289444.941466668;0.5;139875;0.0;0.38932803238558394;0;0.0
Meta_954;139875;1635317.8153333345;0.16666666666666666;198592;1631652.3256;0.16674922402779974;3600;1.0
Meta_976;139875;2289444.941466668;0.2777777777777778;206036;2273513.1721000005;0.2777794709452372;76;0.0
Meta_977;139875;2289444.941466668;0.3333333333333333;171229;1106298.1374000004;0.32775385187981915;140;0.0
Meta_984;139875;2616508.504533335;0.16666666666666666;217055;2546128.3649000013;0.16657040984515217;153;0.0
Meta_974;139875;2289444.941466668;0.16666666666666666;208948;2107854.3351;0.1665214257228352;568;0.0
Meta_985;139875;2616508.504533335;0.2222222222222222;211166;2395771.3534000004;0.22217835485066006;67;0.0
Meta_986;139875;2616508.504533335;0.2777777777777778;202247;2233227.8216000004;0.27771158983283567;75;0.0
Meta_988;139875;2616508.504533335;0.38888888888888884;140148;5716.12;0.38872672030540883;1;0.0
Meta_989;139875;2616508.504533335;0.4444444444444444;139875;0.0;0.38932803238558394;0;0.0
Meta_990;139875;2616508.504533335;0.5;139875;0.0;0.38932803238558394;0;0.0
Meta_987;139875;2616508.504533335;0.3333333333333333;175625;1313597.0434;0.33330320433519756;156;0.0
Meta_961;139875;1962381.3784000012;0.0;210641;1969199.7687000008;0.11609988558798841;3600;1.0
Meta_983;139875;2616508.504533335;0.1111111111111111;215283;2357753.252;0.11072614464135476;646;0.0
Meta_993;139875;2943572.067600002;0.1111111111111111;220054;2879461.9343000003;0.11069467065149007;293;0.0
Meta_995;139875;2943572.067600002;0.2222222222222222;213720;2542452.6166000003;0.22201370841199605;31;0.0
Meta_996;139875;2943572.067600002;0.2777777777777778;216875;2655086.9673999995;0.2743174905847693;72;0.0
Meta_997;139875;2943572.067600002;0.3333333333333333;172184;1112650.4681999998;0.333312395033497;104;0.0
Meta_998;139875;2943572.067600002;0.38888888888888884;140148;5716.12;0.38872672030540883;1;0.0
Meta_999;139875;2943572.067600002;0.4444444444444444;139875;0.0;0.38932803238558394;0;0.0
Meta_1000;139875;2943572.067600002;0.5;139875;0.0;0.38932803238558394;0;0.0
Meta_962;139875;1962381.3784000012;0.05555555555555555;210769;1967452.2925000002;0.12023660153693051;3600;1.0
Meta_963;139875;1962381.3784000012;0.1111111111111111;205542;1929847.7351999998;0.13832718957821452;3600;1.0
Meta_971;139875;2289444.941466668;0.0;221174;2297843.0240000007;0.07643601656706676;3600;1.0
Meta_972;139875;2289444.941466668;0.05555555555555555;220060;2287969.0176999993;0.09233920733335957;3600;1.0
Meta_981;139875;2616508.504533335;0.0;228212;2535973.5637000008;0.033887463349995865;3600;1.0
Meta_982;139875;2616508.504533335;0.05555555555555555;219865;2442371.3606999996;0.0889371253684254;3600;1.0
Meta_991;139875;2943572.067600002;0.0;228237;2895184.620500001;0.038009289937950184;3600;1.0
Meta_992;139875;2943572.067600002;0.05555555555555555;228026;2798629.7462000004;0.0570129364172398;3600;1.0
Meta_994;139875;2943572.067600002;0.16666666666666666;219700;2729825.6353000007;0.18613955585286177;3600;1.0
