Meta_7;3750690;0.0;0.3333333333333333;3125875;1.5954729473599996E7;0.2917374772703016;13;0.0
Meta_8;3750690;0.0;0.38888888888888884;3125875;1.5954729473599996E7;0.2917374772703016;15;0.0
Meta_9;3750690;0.0;0.4444444444444444;3125875;1.5954729473599996E7;0.2917374772703016;19;0.0
Meta_10;3750690;0.0;0.5;3125875;1.5954729473599996E7;0.2917374772703016;21;0.0
Meta_1;3750690;0.0;0.0;3118887;1.631478570829999E7;0.24406282596487838;3601;0.13645652755889964
Meta_2;3750690;0.0;0.05555555555555555;3119321;1.6321442340899993E7;0.24444112924343697;3601;0.13955768494554696
Meta_3;3750690;0.0;0.1111111111111111;3121253;1.6409717505799998E7;0.2453591950459736;3601;0.14935378083801487
Meta_17;3750690;7638363.871911117;0.3333333333333333;3125875;1.5954729473599996E7;0.2917374772703016;21;0.0
Meta_18;3750690;7638363.871911117;0.38888888888888884;3125875;1.5954729473599996E7;0.2917374772703016;15;0.0
Meta_4;3750690;0.0;0.16666666666666666;3089101;1.4919288155300003E7;0.2682341875030233;3602;0.2693790655027889
Meta_19;3750690;7638363.871911117;0.4444444444444444;3125875;1.5954729473599996E7;0.2917374772703016;15;0.0
Meta_20;3750690;7638363.871911117;0.5;3125875;1.5954729473599996E7;0.2917374772703016;13;0.0
Meta_5;3750690;0.0;0.2222222222222222;3134231;1.6880322265899986E7;0.23064964893584;3601;0.038153767406266595
Meta_6;3750690;0.0;0.2777777777777778;3125908;1.5966397678499997E7;0.27777785150279855;3601;1.8718016754380856E-4
Meta_11;3750690;7638363.871911117;0.0;3120599;1.6425367320899988E7;0.2447305536287073;3601;0.1528986637092208
Meta_12;3750690;7638363.871911117;0.05555555555555555;3120724;1.642938911369999E7;0.24491176296992273;3602;0.15630625897896885
Meta_13;3750690;7638363.871911117;0.1111111111111111;3121134;1.6412216931500003E7;0.24524685155363918;3601;0.16639087209446982
Meta_27;3750690;1.5276727743822234E7;0.3333333333333333;3125875;1.5954729473599996E7;0.2917374772703016;22;0.0
Meta_28;3750690;1.5276727743822234E7;0.38888888888888884;3125875;1.5954729473599996E7;0.2917374772703016;19;0.0
Meta_29;3750690;1.5276727743822234E7;0.4444444444444444;3125875;1.5954729473599996E7;0.2917374772703016;22;0.0
Meta_30;3750690;1.5276727743822234E7;0.5;3125875;1.5954729473599996E7;0.2917374772703016;16;0.0
Meta_14;3750690;7638363.871911117;0.16666666666666666;3091640;1.5063332833700007E7;0.2685293835482382;3602;0.3017855377098696
Meta_15;3750690;7638363.871911117;0.2222222222222222;3135746;1.6751087158699986E7;0.2371116844956695;3602;0.06694952274319395
Meta_16;3750690;7638363.871911117;0.2777777777777778;3125839;1.5969257881099997E7;0.27827194990850906;3601;0.003109438541622421
Meta_21;3750690;1.5276727743822234E7;0.0;3121688;1.6404163919500006E7;0.24556498012644798;3602;0.17230132163295356
Meta_22;3750690;1.5276727743822234E7;0.05555555555555555;3121688;1.6404163919500006E7;0.24556498012644798;3602;0.17605585162300819
Meta_36;3750690;2.291509161573335E7;0.2777777777777778;3172054;2.2915089618000016E7;0.2601937637020753;13;0.0
Meta_37;3750690;2.291509161573335E7;0.3333333333333333;3172054;2.2915089618000016E7;0.2601937637020753;13;0.0
Meta_38;3750690;2.291509161573335E7;0.38888888888888884;3172054;2.2915089618000016E7;0.2601937637020753;17;0.0
Meta_23;3750690;1.5276727743822234E7;0.1111111111111111;3120036;1.6300730631999988E7;0.24556334292543958;3601;0.1882241141174205
Meta_24;3750690;1.5276727743822234E7;0.16666666666666666;3094858;1.5276694171899999E7;0.26824595921028216;3602;0.3414205100376569
Meta_39;3750690;2.291509161573335E7;0.4444444444444444;3172054;2.2915089618000016E7;0.2601937637020753;18;0.0
Meta_40;3750690;2.291509161573335E7;0.5;3172054;2.2915089618000016E7;0.2601937637020753;19;0.0
Meta_25;3750690;1.5276727743822234E7;0.2222222222222222;3131738;1.6385838143199991E7;0.24171145126391552;3602;0.0987301052941181
Meta_26;3750690;1.5276727743822234E7;0.2777777777777778;3126376;1.5998316506199997E7;0.2777700607202558;3602;4.010784628353914E-4
Meta_35;3750690;2.291509161573335E7;0.2222222222222222;3172054;2.2648309782299984E7;0.22202576731088716;1526;0.0
Meta_46;3750690;3.0553455487644468E7;0.2777777777777778;3172054;2.4064486337500025E7;0.2598822240865982;20;0.0
Meta_47;3750690;3.0553455487644468E7;0.3333333333333333;3172054;2.4064486337500025E7;0.2598822240865982;13;0.0
Meta_48;3750690;3.0553455487644468E7;0.38888888888888884;3172054;2.4064486337500025E7;0.2598822240865982;18;0.0
Meta_49;3750690;3.0553455487644468E7;0.4444444444444444;3172054;2.4064486337500025E7;0.2598822240865982;14;0.0
Meta_50;3750690;3.0553455487644468E7;0.5;3172054;2.4064486337500025E7;0.2598822240865982;22;0.0
Meta_31;3750690;2.291509161573335E7;0.0;3158913;2.135919859809999E7;0.241235794411587;3602;0.17603470287506223
Meta_32;3750690;2.291509161573335E7;0.05555555555555555;3156323;2.1537347075600002E7;0.2380889866526931;3601;0.17281479819245482
Meta_33;3750690;2.291509161573335E7;0.1111111111111111;3152697;2.267203745009999E7;0.2347719421786732;3602;0.178536089345489
Meta_34;3750690;2.291509161573335E7;0.16666666666666666;3138730;2.1783672289299984E7;0.25853673430883417;3602;0.32915948745599916
Meta_41;3750690;3.0553455487644468E7;0.0;3156931;2.285912118659998E7;0.23855129865077093;3601;0.1697105693863015
Meta_42;3750690;3.0553455487644468E7;0.05555555555555555;3158607;2.2942837031899974E7;0.24101529286949466;3602;0.17973361216079417
Meta_43;3750690;3.0553455487644468E7;0.1111111111111111;3158932;2.288046439989998E7;0.24116681846655902;3601;0.19346239152891045
Meta_56;3750690;3.819181935955559E7;0.2777777777777778;3172054;2.4040855290400017E7;0.2598822240865982;21;0.0
Meta_57;3750690;3.819181935955559E7;0.3333333333333333;3172054;2.4040855290400017E7;0.2598822240865982;23;0.0
Meta_58;3750690;3.819181935955559E7;0.38888888888888884;3172054;2.4040855290400017E7;0.2598822240865982;21;0.0
Meta_59;3750690;3.819181935955559E7;0.4444444444444444;3172054;2.4040855290400017E7;0.2598822240865982;20;0.0
Meta_60;3750690;3.819181935955559E7;0.5;3172054;2.4040855290400017E7;0.2598822240865982;19;0.0
Meta_44;3750690;3.0553455487644468E7;0.16666666666666666;3138784;2.1797809111999977E7;0.25778468102589064;3602;0.3269183614540446
Meta_45;3750690;3.0553455487644468E7;0.2222222222222222;3171987;2.329458789719999E7;0.22295325713359074;3602;0.004406656609741217
Meta_51;3750690;3.819181935955559E7;0.0;3154324;2.2828057660899993E7;0.2355731358936713;3602;0.16302057679638682
Meta_66;3750690;4.58301832314667E7;0.2777777777777778;3172054;2.402537646200002E7;0.2598822240865982;26;0.0
Meta_67;3750690;4.58301832314667E7;0.3333333333333333;3172054;2.402537646200002E7;0.2598822240865982;24;0.0
Meta_68;3750690;4.58301832314667E7;0.38888888888888884;3172054;2.402537646200002E7;0.2598822240865982;16;0.0
Meta_69;3750690;4.58301832314667E7;0.4444444444444444;3172054;2.402537646200002E7;0.2598822240865982;26;0.0
Meta_70;3750690;4.58301832314667E7;0.5;3172054;2.402537646200002E7;0.2598822240865982;18;0.0
Meta_52;3750690;3.819181935955559E7;0.05555555555555555;3156239;2.2740229671099987E7;0.23807035046164746;3602;0.17282789887176866
Meta_53;3750690;3.819181935955559E7;0.1111111111111111;3157418;2.277881028869999E7;0.240053498207996;3601;0.19123409212805892
Meta_54;3750690;3.819181935955559E7;0.16666666666666666;3138618;2.1878014765400007E7;0.2587751556392935;3602;0.3299379171357173
Meta_55;3750690;3.819181935955559E7;0.2222222222222222;3171833;2.3064274510099992E7;0.2224162409608391;3602;0.0015249243278759855
Meta_61;3750690;4.58301832314667E7;0.0;3158877;2.298992468349999E7;0.24167132263292232;3602;0.177342789536635
Meta_62;3750690;4.58301832314667E7;0.05555555555555555;3158830;2.2909650810499974E7;0.24131969078948054;3602;0.18046454760537167
Meta_63;3750690;4.58301832314667E7;0.1111111111111111;3156758;2.291321367679999E7;0.23850334935191533;3602;0.18688026977959232
Meta_76;3750690;5.346854710337782E7;0.2777777777777778;3172054;2.402537646200002E7;0.2598822240865982;19;0.0
Meta_77;3750690;5.346854710337782E7;0.3333333333333333;3172054;2.402537646200002E7;0.2598822240865982;27;0.0
Meta_78;3750690;5.346854710337782E7;0.38888888888888884;3172054;2.402537646200002E7;0.2598822240865982;21;0.0
Meta_79;3750690;5.346854710337782E7;0.4444444444444444;3172054;2.402537646200002E7;0.2598822240865982;20;0.0
Meta_80;3750690;5.346854710337782E7;0.5;3172054;2.402537646200002E7;0.2598822240865982;17;0.0
Meta_64;3750690;4.58301832314667E7;0.16666666666666666;3138737;2.207674057499999E7;0.2576789097112454;3601;0.32664292537698186
Meta_65;3750690;4.58301832314667E7;0.2222222222222222;3172054;2.4678428308900006E7;0.2237561658974522;3603;0.009000654257231292
Meta_71;3750690;5.346854710337782E7;0.0;3156843;2.289634717719998E7;0.23844128250895816;3602;0.16945683285333113
Meta_86;3750690;6.1106910975288935E7;0.2777777777777778;3172054;2.402537646200002E7;0.2598822240865982;12;0.0
Meta_87;3750690;6.1106910975288935E7;0.3333333333333333;3172054;2.402537646200002E7;0.2598822240865982;15;0.0
Meta_88;3750690;6.1106910975288935E7;0.38888888888888884;3172054;2.402537646200002E7;0.2598822240865982;20;0.0
Meta_89;3750690;6.1106910975288935E7;0.4444444444444444;3172054;2.402537646200002E7;0.2598822240865982;17;0.0
Meta_90;3750690;6.1106910975288935E7;0.5;3172054;2.402537646200002E7;0.2598822240865982;12;0.0
Meta_72;3750690;5.346854710337782E7;0.05555555555555555;3158905;2.294972165179999E7;0.2409175693962286;3601;0.17919986258655185
Meta_73;3750690;5.346854710337782E7;0.1111111111111111;3158901;2.2451159424000014E7;0.2401147310357231;3601;0.19015228672073556
Meta_74;3750690;5.346854710337782E7;0.16666666666666666;3138530;2.18253073158E7;0.2573417870386307;3602;0.32580687226949473
Meta_75;3750690;5.346854710337782E7;0.2222222222222222;3171684;2.4648063359700017E7;0.22380467112615404;3602;0.00991088201020555
Meta_81;3750690;6.1106910975288935E7;0.0;3159001;2.3390379209299985E7;0.2434630566828748;3602;0.1680831138776226
Meta_82;3750690;6.1106910975288935E7;0.05555555555555555;3159001;2.3390379209299985E7;0.2434630566828748;3602;0.1719775647977002
Meta_83;3750690;6.1106910975288935E7;0.1111111111111111;3159043;2.3015810006899994E7;0.2436517661363329;3601;0.18537981365593695
Meta_96;3750690;6.874527484720005E7;0.2777777777777778;3172054;2.402537646200002E7;0.2598822240865982;12;0.0
Meta_97;3750690;6.874527484720005E7;0.3333333333333333;3172054;2.402537646200002E7;0.2598822240865982;14;0.0
Meta_84;3750690;6.1106910975288935E7;0.16666666666666666;3134784;2.2574804037799995E7;0.2645401050372803;3601;0.328174072670825
Meta_98;3750690;6.874527484720005E7;0.38888888888888884;3172054;2.402537646200002E7;0.2598822240865982;13;0.0
Meta_85;3750690;6.1106910975288935E7;0.2222222222222222;3171684;2.4648063359700017E7;0.22380467112615404;3601;0.00991088201020555
Meta_99;3750690;6.874527484720005E7;0.4444444444444444;3172054;2.402537646200002E7;0.2598822240865982;14;0.0
Meta_100;3750690;6.874527484720005E7;0.5;3172054;2.402537646200002E7;0.2598822240865982;13;0.0
Meta_91;3750690;6.874527484720005E7;0.0;3159001;2.3390379209299985E7;0.2434630566828748;3601;0.1680831138776226
Meta_92;3750690;6.874527484720005E7;0.05555555555555555;3159001;2.3390379209299985E7;0.2434630566828748;3601;0.1719775647977002
Meta_107;3617396;0.0;0.3333333333333333;3125875;1.5954729473599996E7;0.2917374772703016;29;0.0
Meta_108;3617396;0.0;0.38888888888888884;3125875;1.5954729473599996E7;0.2917374772703016;30;0.0
Meta_109;3617396;0.0;0.4444444444444444;3125875;1.5954729473599996E7;0.2917374772703016;25;0.0
Meta_110;3617396;0.0;0.5;3125875;1.5954729473599996E7;0.2917374772703016;30;0.0
Meta_93;3750690;6.874527484720005E7;0.1111111111111111;3159043;2.3015810006899994E7;0.2436517661363329;3601;0.18537981365593695
Meta_94;3750690;6.874527484720005E7;0.16666666666666666;3134784;2.2574804037799995E7;0.2645401050372803;3601;0.328174072670825
Meta_95;3750690;6.874527484720005E7;0.2222222222222222;3171684;2.4648063359700017E7;0.22380467112615404;3601;0.00991088201020555
Meta_101;3617396;0.0;0.0;3119903;1.6334058340299994E7;0.24514737907338882;3601;0.15345266130817184
Meta_102;3617396;0.0;0.05555555555555555;3119903;1.6334058340299994E7;0.24514737907338882;3602;0.1564376038577509
Meta_103;3617396;0.0;0.1111111111111111;3121060;1.6417352459799998E7;0.24531908497344454;3601;0.16681322289006967
Meta_104;3617396;0.0;0.16666666666666666;3091650;1.5061694058700008E7;0.2685146621318742;3601;0.3019207926416362
Meta_105;3617396;0.0;0.2222222222222222;3134896;1.6769769595299985E7;0.2342079480809902;3601;0.056328575185586385
Meta_117;3617396;7638363.871911117;0.3333333333333333;3125875;1.5954729473599996E7;0.2917374772703016;18;0.0
Meta_118;3617396;7638363.871911117;0.38888888888888884;3125875;1.5954729473599996E7;0.2917374772703016;18;0.0
Meta_119;3617396;7638363.871911117;0.4444444444444444;3125875;1.5954729473599996E7;0.2917374772703016;18;0.0
Meta_120;3617396;7638363.871911117;0.5;3125875;1.5954729473599996E7;0.2917374772703016;19;0.0
Meta_106;3617396;0.0;0.2777777777777778;3128348;1.6151505721499993E7;0.2784845849363455;3601;0.005130085976603313
Meta_111;3617396;7638363.871911117;0.0;3122173;1.647359165239999E7;0.2446726587712478;3602;0.17055556027898008
Meta_112;3617396;7638363.871911117;0.05555555555555555;3121971;1.6473016075799989E7;0.2441121468111494;3601;0.17282508645435063
Meta_113;3617396;7638363.871911117;0.1111111111111111;3121052;1.6409429993800007E7;0.24524388780902154;3601;0.18824230141217058
Meta_127;3617396;1.5276727743822234E7;0.3333333333333333;3125875;1.5954729473599996E7;0.2917374772703016;25;0.0
Meta_128;3617396;1.5276727743822234E7;0.38888888888888884;3125875;1.5954729473599996E7;0.2917374772703016;31;0.0
Meta_129;3617396;1.5276727743822234E7;0.4444444444444444;3125875;1.5954729473599996E7;0.2917374772703016;27;0.0
Meta_114;3617396;7638363.871911117;0.16666666666666666;3090165;1.4978093994099999E7;0.26815253170622866;3601;0.3411688552400557
Meta_130;3617396;1.5276727743822234E7;0.5;3125875;1.5954729473599996E7;0.2917374772703016;22;0.0
Meta_115;3617396;7638363.871911117;0.2222222222222222;3131076;1.6381080768699989E7;0.23866581485563623;3601;0.08503625333451867
Meta_116;3617396;7638363.871911117;0.2777777777777778;3130078;1.6232367094699997E7;0.27786700616884924;3601;0.0015640986017023523
Meta_121;3617396;1.5276727743822234E7;0.0;3119854;1.6360258410499977E7;0.24427305123592868;3602;0.1926454750177825
Meta_122;3617396;1.5276727743822234E7;0.05555555555555555;3119854;1.6360258410499977E7;0.24427305123592868;3601;0.1974484019827901
Meta_123;3617396;1.5276727743822234E7;0.1111111111111111;3121083;1.63743886389E7;0.24551257184010555;3601;0.21665774085913758
Meta_136;3617396;2.291509161573335E7;0.2777777777777778;3172054;2.2915088312500026E7;0.25530628085952495;317;0.0
Meta_137;3617396;2.291509161573335E7;0.3333333333333333;3172054;2.2915088312500026E7;0.25530628085952495;342;0.0
Meta_138;3617396;2.291509161573335E7;0.38888888888888884;3172054;2.2915088312500026E7;0.25530628085952495;316;0.0
Meta_139;3617396;2.291509161573335E7;0.4444444444444444;3172054;2.2915088312500026E7;0.25530628085952495;324;0.0
Meta_140;3617396;2.291509161573335E7;0.5;3172054;2.2915088312500026E7;0.25530628085952495;326;0.0
Meta_124;3617396;1.5276727743822234E7;0.16666666666666666;3094953;1.5276699825099997E7;0.268314641587962;3602;0.39434203026103226
Meta_125;3617396;1.5276727743822234E7;0.2222222222222222;3132682;1.6490848284099994E7;0.23781459834452903;3602;0.10053834313028386
Meta_126;3617396;1.5276727743822234E7;0.2777777777777778;3123525;1.5911864840899989E7;0.27894345551611655;3602;0.012927570939320319
Meta_131;3617396;2.291509161573335E7;0.0;3157258;2.201517706549998E7;0.23838674216039643;3602;0.1940769736195804
Meta_132;3617396;2.291509161573335E7;0.05555555555555555;3158917;2.279323291659998E7;0.24081540340780005;3601;0.20597115387798054
Meta_146;3617396;3.0553455487644468E7;0.2777777777777778;3172054;2.378593129510003E7;0.25376808864644107;14;0.0
Meta_147;3617396;3.0553455487644468E7;0.3333333333333333;3172054;2.378593129510003E7;0.25376808864644107;14;0.0
Meta_148;3617396;3.0553455487644468E7;0.38888888888888884;3172054;2.378593129510003E7;0.25376808864644107;13;0.0
Meta_149;3617396;3.0553455487644468E7;0.4444444444444444;3172054;2.378593129510003E7;0.25376808864644107;15;0.0
Meta_150;3617396;3.0553455487644468E7;0.5;3172054;2.378593129510003E7;0.25376808864644107;15;0.0
Meta_133;3617396;2.291509161573335E7;0.1111111111111111;3158795;2.2309501793599986E7;0.24091413636389353;3602;0.22451881435213417
Meta_134;3617396;2.291509161573335E7;0.16666666666666666;3138822;2.186454325459999E7;0.2581554038419612;3602;0.3842297123496228
Meta_135;3617396;2.291509161573335E7;0.2222222222222222;3171847;2.2444457967799988E7;0.22328421438507765;3601;0.008552467339332898
Meta_141;3617396;3.0553455487644468E7;0.0;3158926;2.2285204127200007E7;0.24221880225642614;3602;0.20513967873881708
Meta_156;3617396;3.819181935955559E7;0.2777777777777778;3172054;2.3764188335500028E7;0.25376808864644107;22;0.0
Meta_157;3617396;3.819181935955559E7;0.3333333333333333;3172054;2.3764188335500028E7;0.25376808864644107;20;0.0
Meta_158;3617396;3.819181935955559E7;0.38888888888888884;3172054;2.3764188335500028E7;0.25376808864644107;22;0.0
Meta_159;3617396;3.819181935955559E7;0.4444444444444444;3172054;2.3764188335500028E7;0.25376808864644107;23;0.0
Meta_160;3617396;3.819181935955559E7;0.5;3172054;2.3764188335500028E7;0.25376808864644107;20;0.0
Meta_142;3617396;3.0553455487644468E7;0.05555555555555555;3155413;2.25616798297E7;0.2389978366302047;3602;0.20307794477043836
Meta_143;3617396;3.0553455487644468E7;0.1111111111111111;3155803;2.264861370659999E7;0.2389226608182556;3601;0.22033056325755815
Meta_144;3617396;3.0553455487644468E7;0.16666666666666666;3138719;2.1780764079399984E7;0.2581116696741295;3602;0.3841738883668719
Meta_145;3617396;3.0553455487644468E7;0.2222222222222222;3172015;2.3941319997900017E7;0.22280917811298903;3601;0.0045725269556140796
Meta_151;3617396;3.819181935955559E7;0.0;3153223;2.2650218642699987E7;0.23531631309350468;3603;0.18760967885326066
Meta_152;3617396;3.819181935955559E7;0.05555555555555555;3158916;2.2867139082999993E7;0.242073020549583;3602;0.210158082818007
Meta_166;3617396;4.58301832314667E7;0.2777777777777778;3172054;2.3764188335500028E7;0.25376808864644107;18;0.0
Meta_167;3617396;4.58301832314667E7;0.3333333333333333;3172054;2.3764188335500028E7;0.25376808864644107;18;0.0
Meta_169;3617396;4.58301832314667E7;0.4444444444444444;3172054;2.3764188335500028E7;0.25376808864644107;16;0.0
Meta_168;3617396;4.58301832314667E7;0.38888888888888884;3172054;2.3764188335500028E7;0.25376808864644107;27;0.0
Meta_170;3617396;4.58301832314667E7;0.5;3172054;2.3764188335500028E7;0.25376808864644107;16;0.0
Meta_153;3617396;3.819181935955559E7;0.1111111111111111;3158922;2.318684936009998E7;0.24106127356664694;3601;0.22491877887578166
Meta_154;3617396;3.819181935955559E7;0.16666666666666666;3138693;2.1830661921499994E7;0.2582788422801146;3601;0.38471954789566104
Meta_155;3617396;3.819181935955559E7;0.2222222222222222;3172022;2.34881414154E7;0.2260757708140617;3601;0.029005559142605854
Meta_161;3617396;4.58301832314667E7;0.0;3156237;2.3229290254099987E7;0.2384572899325075;3602;0.19522871972674447
Meta_176;3617396;5.346854710337782E7;0.2777777777777778;3172054;2.3764188335500028E7;0.25376808864644107;20;0.0
Meta_177;3617396;5.346854710337782E7;0.3333333333333333;3172054;2.3764188335500028E7;0.25376808864644107;15;0.0
Meta_178;3617396;5.346854710337782E7;0.38888888888888884;3172054;2.3764188335500028E7;0.25376808864644107;20;0.0
Meta_179;3617396;5.346854710337782E7;0.4444444444444444;3172054;2.3764188335500028E7;0.25376808864644107;19;0.0
Meta_162;3617396;4.58301832314667E7;0.05555555555555555;3156206;2.339783426859999E7;0.23774301654982408;3602;0.1981552657238343
Meta_180;3617396;5.346854710337782E7;0.5;3172054;2.3764188335500028E7;0.25376808864644107;17;0.0
Meta_165;3617396;4.58301832314667E7;0.2222222222222222;3172054;2.4176643087799996E7;0.2222229155971329;2119;0.0
Meta_163;3617396;4.58301832314667E7;0.1111111111111111;3155057;2.2705071226199977E7;0.23851236136528026;3602;0.21959540762041013
Meta_164;3617396;4.58301832314667E7;0.16666666666666666;3138675;2.1949297157299984E7;0.25875959321027986;3601;0.38624064476881104
Meta_171;3617396;5.346854710337782E7;0.0;3156237;2.3229290254099987E7;0.2384572899325075;3602;0.19522871972674447
Meta_172;3617396;5.346854710337782E7;0.05555555555555555;3156365;2.3286161383299995E7;0.2378107093694917;3602;0.19823648176305786
Meta_186;3617396;6.1106910975288935E7;0.2777777777777778;3172054;2.3764188335500028E7;0.25376808864644107;20;0.0
Meta_187;3617396;6.1106910975288935E7;0.3333333333333333;3172054;2.3764188335500028E7;0.25376808864644107;12;0.0
Meta_188;3617396;6.1106910975288935E7;0.38888888888888884;3172054;2.3764188335500028E7;0.25376808864644107;13;0.0
Meta_189;3617396;6.1106910975288935E7;0.4444444444444444;3172054;2.3764188335500028E7;0.25376808864644107;14;0.0
Meta_190;3617396;6.1106910975288935E7;0.5;3172054;2.3764188335500028E7;0.25376808864644107;13;0.0
Meta_173;3617396;5.346854710337782E7;0.1111111111111111;3154735;2.261090322949998E7;0.23790383420310934;3601;0.21774297464766468
Meta_174;3617396;5.346854710337782E7;0.16666666666666666;3138746;2.1984332747199994E7;0.25816343326371755;3601;0.3843151143649278
Meta_175;3617396;5.346854710337782E7;0.2222222222222222;3172054;2.579081945760001E7;0.22430620754449093;3601;0.015798607003566084
Meta_181;3617396;6.1106910975288935E7;0.0;3159012;2.3056244633199997E7;0.24366374102834398;3601;0.19325515902031126
Meta_182;3617396;6.1106910975288935E7;0.05555555555555555;3159012;2.3056244633199997E7;0.24366374102834398;3601;0.19839914970980874
Meta_196;3617396;6.874527484720005E7;0.2777777777777778;3172054;2.3764188335500028E7;0.25376808864644107;12;0.0
Meta_197;3617396;6.874527484720005E7;0.3333333333333333;3172054;2.3764188335500028E7;0.25376808864644107;11;0.0
Meta_198;3617396;6.874527484720005E7;0.38888888888888884;3172054;2.3764188335500028E7;0.25376808864644107;15;0.0
Meta_199;3617396;6.874527484720005E7;0.4444444444444444;3172054;2.3764188335500028E7;0.25376808864644107;16;0.0
Meta_200;3617396;6.874527484720005E7;0.5;3172054;2.3764188335500028E7;0.25376808864644107;11;0.0
Meta_183;3617396;6.1106910975288935E7;0.1111111111111111;3159045;2.2954627908899996E7;0.24364810943787013;3602;0.2155153400797964
Meta_184;3617396;6.1106910975288935E7;0.16666666666666666;3138955;2.2129689371500008E7;0.263182427597403;3602;0.37485541150971663
Meta_185;3617396;6.1106910975288935E7;0.2222222222222222;3172054;2.5276045460100017E7;0.22381329829082713;3603;0.012093920018722533
Meta_191;3617396;6.874527484720005E7;0.0;3159012;2.3056244633199997E7;0.24366374102834398;3601;0.19325515902031126
Meta_192;3617396;6.874527484720005E7;0.05555555555555555;3159012;2.3056244633199997E7;0.24366374102834398;3601;0.19839914970980874
Meta_207;3484102;0.0;0.3333333333333333;3125875;1.5954729473599996E7;0.2917374772703016;19;0.0
Meta_208;3484102;0.0;0.38888888888888884;3125875;1.5954729473599996E7;0.2917374772703016;21;0.0
Meta_209;3484102;0.0;0.4444444444444444;3125875;1.5954729473599996E7;0.2917374772703016;20;0.0
Meta_210;3484102;0.0;0.5;3125875;1.5954729473599996E7;0.2917374772703016;27;0.0
Meta_194;3617396;6.874527484720005E7;0.16666666666666666;3138955;2.2129689371500008E7;0.263182427597403;3601;0.37485541150971663
Meta_193;3617396;6.874527484720005E7;0.1111111111111111;3159045;2.2954627908899996E7;0.24364810943787013;3602;0.2155153400797964
Meta_195;3617396;6.874527484720005E7;0.2222222222222222;3171828;2.567836889739999E7;0.2229775893333716;3604;0.006268944012006785
Meta_201;3484102;0.0;0.0;3119149;1.6319797899199998E7;0.2445475019574942;3601;0.17058231745380073
Meta_202;3484102;0.0;0.05555555555555555;3119202;1.6320424883899998E7;0.24459604071214197;3601;0.17442072507870826
Meta_203;3484102;0.0;0.1111111111111111;3121053;1.6413718262500003E7;0.2452423667021427;3601;0.1884344924776728
Meta_217;3484102;7638363.871911117;0.3333333333333333;3125875;1.5954729473599996E7;0.2917374772703016;28;0.0
Meta_218;3484102;7638363.871911117;0.38888888888888884;3125875;1.5954729473599996E7;0.2917374772703016;31;0.0
Meta_219;3484102;7638363.871911117;0.4444444444444444;3125875;1.5954729473599996E7;0.2917374772703016;38;0.0
Meta_220;3484102;7638363.871911117;0.5;3125875;1.5954729473599996E7;0.2917374772703016;22;0.0
Meta_204;3484102;0.0;0.16666666666666666;3089957;1.5039560060300013E7;0.26764444696373474;3601;0.3408860075204864
Meta_205;3484102;0.0;0.2222222222222222;3139035;1.6888261747699995E7;0.23699178640602203;3601;0.07813534390648656
Meta_206;3484102;0.0;0.2777777777777778;3132977;1.6434708626099985E7;0.28257138679739013;3602;0.03327439972355768
Meta_211;3484102;7638363.871911117;0.0;3121678;1.6465863722299993E7;0.2418980253280866;3602;0.18550765372824188
Meta_212;3484102;7638363.871911117;0.05555555555555555;3121678;1.6465863722299993E7;0.2418980253280866;3602;0.190179769554926
Meta_213;3484102;7638363.871911117;0.1111111111111111;3120918;1.64052247017E7;0.2450593827051186;3602;0.2161114524247047
Meta_214;3484102;7638363.871911117;0.16666666666666666;3089983;1.4966280276299998E7;0.2681226979040558;3601;0.3939343142156219
Meta_227;3484102;1.5276727743822234E7;0.3333333333333333;3125875;1.5954729473599996E7;0.2917374772703016;28;0.0
Meta_228;3484102;1.5276727743822234E7;0.38888888888888884;3125875;1.5954729473599996E7;0.2917374772703016;20;0.0
Meta_229;3484102;1.5276727743822234E7;0.4444444444444444;3125875;1.5954729473599996E7;0.2917374772703016;27;0.0
Meta_230;3484102;1.5276727743822234E7;0.5;3125875;1.5954729473599996E7;0.2917374772703016;24;0.0
Meta_215;3484102;7638363.871911117;0.2222222222222222;3136095;1.683191406929998E7;0.23461156086771517;3602;0.0857872841745546
Meta_216;3484102;7638363.871911117;0.2777777777777778;3127907;1.6207357652499996E7;0.2689533297236461;3604;0.004658705359934271
Meta_221;3484102;1.5276727743822234E7;0.0;3122333;1.6448670765599988E7;0.245143500352279;3606;0.22530759728047062
Meta_222;3484102;1.5276727743822234E7;0.05555555555555555;3122333;1.6448670765599988E7;0.245143500352279;3605;0.2318219267721078
Meta_236;3484102;2.291509161573335E7;0.2777777777777778;3172054;2.2915084180500027E7;0.25529744274235466;17;0.0
Meta_237;3484102;2.291509161573335E7;0.3333333333333333;3172054;2.2915084180500027E7;0.25529744274235466;15;0.0
Meta_238;3484102;2.291509161573335E7;0.38888888888888884;3172054;2.2915084180500027E7;0.25529744274235466;23;0.0
Meta_239;3484102;2.291509161573335E7;0.4444444444444444;3172054;2.2915084180500027E7;0.25529744274235466;24;0.0
Meta_240;3484102;2.291509161573335E7;0.5;3172054;2.2915084180500027E7;0.25529744274235466;14;0.0
Meta_223;3484102;1.5276727743822234E7;0.1111111111111111;3121316;1.6432175673199998E7;0.24144816286753876;3602;0.24053699006666965
Meta_224;3484102;1.5276727743822234E7;0.16666666666666666;3095131;1.5276706275499998E7;0.26826907238027026;3603;0.46619828696385507
Meta_225;3484102;1.5276727743822234E7;0.2222222222222222;3136047;1.6886725214599997E7;0.2301219706128645;3601;0.07991782336399572
Meta_226;3484102;1.5276727743822234E7;0.2777777777777778;3125917;1.6015825452999989E7;0.2782604957306024;3601;0.008256364732460848
Meta_231;3484102;2.291509161573335E7;0.0;3158279;2.2595150442300007E7;0.23983133722059438;3602;0.23227387028961238
Meta_232;3484102;2.291509161573335E7;0.05555555555555555;3158915;2.2828330701099996E7;0.2410262313027605;3602;0.24351569192592581
Meta_246;3484102;3.0553455487644468E7;0.2777777777777778;3172054;2.379938017190003E7;0.25374805703727477;15;0.0
Meta_247;3484102;3.0553455487644468E7;0.3333333333333333;3172054;2.379938017190003E7;0.25374805703727477;19;0.0
Meta_248;3484102;3.0553455487644468E7;0.38888888888888884;3172054;2.379938017190003E7;0.25374805703727477;19;0.0
Meta_249;3484102;3.0553455487644468E7;0.4444444444444444;3172054;2.379938017190003E7;0.25374805703727477;21;0.0
Meta_250;3484102;3.0553455487644468E7;0.5;3172054;2.379938017190003E7;0.25374805703727477;22;0.0
Meta_233;3484102;2.291509161573335E7;0.1111111111111111;3153254;2.2194475591199975E7;0.2349380072529045;3601;0.2507022653006226
Meta_234;3484102;2.291509161573335E7;0.16666666666666666;3138726;2.190445076009997E7;0.25812112000807064;3601;0.46374091033057385
Meta_235;3484102;2.291509161573335E7;0.2222222222222222;3172054;2.2545161817399997E7;0.2259205194917958;3601;0.0392024641042691
Meta_241;3484102;3.0553455487644468E7;0.0;3158914;2.2706957114899997E7;0.24155211693450085;3601;0.23796020178049954
Meta_256;3484102;3.819181935955559E7;0.2777777777777778;3172054;2.377763721230003E7;0.25374805703727477;19;0.0
Meta_257;3484102;3.819181935955559E7;0.3333333333333333;3172054;2.377763721230003E7;0.25374805703727477;17;0.0
Meta_258;3484102;3.819181935955559E7;0.38888888888888884;3172054;2.377763721230003E7;0.25374805703727477;17;0.0
Meta_259;3484102;3.819181935955559E7;0.4444444444444444;3172054;2.377763721230003E7;0.25374805703727477;15;0.0
Meta_260;3484102;3.819181935955559E7;0.5;3172054;2.377763721230003E7;0.25374805703727477;15;0.0
Meta_242;3484102;3.0553455487644468E7;0.05555555555555555;3158911;2.2832011118599985E7;0.240992763010732;3602;0.24339642107408757
Meta_243;3484102;3.0553455487644468E7;0.1111111111111111;3157325;2.291888888779998E7;0.2405580390786136;3602;0.2689327880164727
Meta_244;3484102;3.0553455487644468E7;0.16666666666666666;3138650;2.1926175487099987E7;0.2585853042375244;3602;0.4653342631256309
Meta_245;3484102;3.0553455487644468E7;0.2222222222222222;3171778;2.449043053890001E7;0.2267195461467851;3601;0.04815419057875066
Meta_251;3484102;3.819181935955559E7;0.0;3155894;2.2778305482100006E7;0.23825713166187484;3601;0.2288619559175414
Meta_252;3484102;3.819181935955559E7;0.05555555555555555;3158871;2.292008907399997E7;0.2410684085739187;3602;0.24372025873122394
Meta_266;3484102;4.58301832314667E7;0.2777777777777778;3172054;2.377763721230003E7;0.25374805703727477;14;0.0
Meta_267;3484102;4.58301832314667E7;0.3333333333333333;3172054;2.377763721230003E7;0.25374805703727477;17;0.0
Meta_268;3484102;4.58301832314667E7;0.38888888888888884;3172054;2.377763721230003E7;0.25374805703727477;18;0.0
Meta_269;3484102;4.58301832314667E7;0.4444444444444444;3172054;2.377763721230003E7;0.25374805703727477;17;0.0
Meta_270;3484102;4.58301832314667E7;0.5;3172054;2.377763721230003E7;0.25374805703727477;23;0.0
Meta_253;3484102;3.819181935955559E7;0.1111111111111111;3158929;2.273807010149999E7;0.24033412590591288;3601;0.2662960157025325
Meta_254;3484102;3.819181935955559E7;0.16666666666666666;3138678;2.1767530253499985E7;0.2587893571511028;3601;0.46598184120369396
Meta_255;3484102;3.819181935955559E7;0.2222222222222222;3172006;2.4466908813700013E7;0.22919093342665764;3601;0.07201032754192026
Meta_261;3484102;4.58301832314667E7;0.0;3156177;2.2791045215E7;0.2389635682027068;3601;0.23118245443800564
Meta_276;3484102;5.346854710337782E7;0.2777777777777778;3172054;2.377763721230003E7;0.25374805703727477;17;0.0
Meta_277;3484102;5.346854710337782E7;0.3333333333333333;3172054;2.377763721230003E7;0.25374805703727477;19;0.0
Meta_278;3484102;5.346854710337782E7;0.38888888888888884;3172054;2.377763721230003E7;0.25374805703727477;20;0.0
Meta_279;3484102;5.346854710337782E7;0.4444444444444444;3172054;2.377763721230003E7;0.25374805703727477;26;0.0
Meta_280;3484102;5.346854710337782E7;0.5;3172054;2.377763721230003E7;0.25374805703727477;26;0.0
Meta_262;3484102;4.58301832314667E7;0.05555555555555555;3158876;2.2981288477999967E7;0.24106775484537213;3602;0.24371275485188557
Meta_263;3484102;4.58301832314667E7;0.1111111111111111;3158921;2.2717373891999997E7;0.2408615009960151;3601;0.2684201015301675
Meta_264;3484102;4.58301832314667E7;0.16666666666666666;3138508;2.251400969709999E7;0.25827242435876974;3602;0.4644216881980737
Meta_265;3484102;4.58301832314667E7;0.2222222222222222;3172054;2.4446684665199995E7;0.22222612769224628;3602;4.272409910135046E-5
Meta_271;3484102;5.346854710337782E7;0.0;3158885;2.2811832953099992E7;0.24092258149861914;3601;0.23568281553921097
Meta_272;3484102;5.346854710337782E7;0.05555555555555555;3154021;2.2569964958599992E7;0.23682753616613286;3601;0.23272378299171448
Meta_286;3484102;6.1106910975288935E7;0.2777777777777778;3172054;2.377763721230003E7;0.25374805703727477;16;0.0
Meta_287;3484102;6.1106910975288935E7;0.3333333333333333;3172054;2.377763721230003E7;0.25374805703727477;16;0.0
Meta_288;3484102;6.1106910975288935E7;0.38888888888888884;3172054;2.377763721230003E7;0.25374805703727477;16;0.0
Meta_289;3484102;6.1106910975288935E7;0.4444444444444444;3172054;2.377763721230003E7;0.25374805703727477;16;0.0
Meta_290;3484102;6.1106910975288935E7;0.5;3172054;2.377763721230003E7;0.25374805703727477;19;0.0
Meta_273;3484102;5.346854710337782E7;0.1111111111111111;3158920;2.26906670322E7;0.24128140959914554;3601;0.2700982764606715
Meta_274;3484102;5.346854710337782E7;0.16666666666666666;3138736;2.1654671503999975E7;0.2581345600459807;3602;0.46377628273655985
Meta_275;3484102;5.346854710337782E7;0.2222222222222222;3172054;2.4772942349099994E7;0.22330966406487116;3603;0.011786553629236264
Meta_281;3484102;6.1106910975288935E7;0.0;3159035;2.2970381461199988E7;0.2436675698796877;3602;0.22621770918731746
Meta_296;3484102;6.874527484720005E7;0.2777777777777778;3172054;2.377763721230003E7;0.25374805703727477;14;0.0
Meta_297;3484102;6.874527484720005E7;0.3333333333333333;3172054;2.377763721230003E7;0.25374805703727477;14;0.0
Meta_298;3484102;6.874527484720005E7;0.38888888888888884;3172054;2.377763721230003E7;0.25374805703727477;19;0.0
Meta_299;3484102;6.874527484720005E7;0.4444444444444444;3172054;2.377763721230003E7;0.25374805703727477;13;0.0
Meta_300;3484102;6.874527484720005E7;0.5;3172054;2.377763721230003E7;0.25374805703727477;12;0.0
Meta_282;3484102;6.1106910975288935E7;0.05555555555555555;3159035;2.2970381461199988E7;0.2436675698796877;3602;0.23329873968576237
Meta_283;3484102;6.1106910975288935E7;0.1111111111111111;3159046;2.348453595779999E7;0.24364899923971367;3601;0.2573753510433658
Meta_284;3484102;6.1106910975288935E7;0.16666666666666666;3138967;2.2098539092000008E7;0.2641868676884761;3602;0.4534697499437459
Meta_285;3484102;6.1106910975288935E7;0.2222222222222222;3171703;2.549575175260001E7;0.2225790666355779;3603;0.005007031802858558
Meta_291;3484102;6.874527484720005E7;0.0;3159035;2.2970381461199988E7;0.2436675698796877;3601;0.22621770918731746
Meta_292;3484102;6.874527484720005E7;0.05555555555555555;3159035;2.2970381461199988E7;0.2436675698796877;3601;0.23329873968576237
Meta_307;3350809;0.0;0.3333333333333333;3125875;1.5954729473599996E7;0.2917374772703016;27;0.0
Meta_308;3350809;0.0;0.38888888888888884;3125875;1.5954729473599996E7;0.2917374772703016;27;0.0
Meta_309;3350809;0.0;0.4444444444444444;3125875;1.5954729473599996E7;0.2917374772703016;19;0.0
Meta_310;3350809;0.0;0.5;3125875;1.5954729473599996E7;0.2917374772703016;27;0.0
Meta_293;3484102;6.874527484720005E7;0.1111111111111111;3159046;2.348453595779999E7;0.24364899923971367;3601;0.2573753510433658
Meta_294;3484102;6.874527484720005E7;0.16666666666666666;3138967;2.2098539092000008E7;0.2641868676884761;3601;0.4534697499437459
Meta_295;3484102;6.874527484720005E7;0.2222222222222222;3172054;2.546548949630002E7;0.22272779919566266;3603;0.005507611307816941
Meta_301;3350809;0.0;0.0;3119830;1.6338732148299992E7;0.24485056523316803;3602;0.19456913978786733
Meta_302;3350809;0.0;0.05555555555555555;3119830;1.6338732148299992E7;0.24485056523316803;3601;0.1994182327833388
Meta_303;3350809;0.0;0.1111111111111111;3120639;1.63981535528E7;0.24520293716008237;3601;0.21691116989268047
Meta_317;3350809;7638363.871911117;0.3333333333333333;3125875;1.5954729473599996E7;0.2917374772703016;16;0.0
Meta_318;3350809;7638363.871911117;0.38888888888888884;3125875;1.5954729473599996E7;0.2917374772703016;21;0.0
Meta_319;3350809;7638363.871911117;0.4444444444444444;3125875;1.5954729473599996E7;0.2917374772703016;19;0.0
Meta_320;3350809;7638363.871911117;0.5;3125875;1.5954729473599996E7;0.2917374772703016;16;0.0
Meta_304;3350809;0.0;0.16666666666666666;3090107;1.4976763839199997E7;0.2681410158719036;3601;0.3943646874341818
Meta_305;3350809;0.0;0.2222222222222222;3135522;1.6647619459299995E7;0.23544195118825512;3601;0.08652149961832159
Meta_306;3350809;0.0;0.2777777777777778;3125301;1.6022541611399993E7;0.27832295968193266;3601;0.008064605854978603
Meta_311;3350809;7638363.871911117;0.0;3122720;1.6490939858199993E7;0.24539114358318026;3602;0.22682294225279634
Meta_312;3350809;7638363.871911117;0.05555555555555555;3122720;1.6490939858199993E7;0.24539114358318026;3602;0.23337672199278156
Meta_313;3350809;7638363.871911117;0.1111111111111111;3121063;1.6411857048599998E7;0.24534862545564665;3603;0.2556522594836715
Meta_327;3350809;1.5276727743822234E7;0.3333333333333333;3125875;1.5954729473599996E7;0.2917374772703016;23;0.0
Meta_328;3350809;1.5276727743822234E7;0.38888888888888884;3125875;1.5954729473599996E7;0.2917374772703016;34;0.0
Meta_329;3350809;1.5276727743822234E7;0.4444444444444444;3125875;1.5954729473599996E7;0.2917374772703016;28;0.0
Meta_330;3350809;1.5276727743822234E7;0.5;3125875;1.5954729473599996E7;0.2917374772703016;25;0.0
Meta_314;3350809;7638363.871911117;0.16666666666666666;3087676;1.4936778899599995E7;0.2687165934672278;3602;0.4692529079313412
Meta_315;3350809;7638363.871911117;0.2222222222222222;3134658;1.6617283057299992E7;0.2371742319572529;3601;0.1277751848329934
Meta_316;3350809;7638363.871911117;0.2777777777777778;3125667;1.595226483849999E7;0.27779715206651096;3602;6.707737610197253E-4
Meta_321;3350809;1.5276727743822234E7;0.0;3120750;1.6362206451399986E7;0.24503089507844822;3602;0.2672233542982603
Meta_322;3350809;1.5276727743822234E7;0.05555555555555555;3120820;1.6379797842799986E7;0.24433030230370748;3601;0.2739166953000481
Meta_336;3350809;2.291509161573335E7;0.2777777777777778;3172054;2.2915084180500027E7;0.25529744274235466;20;0.0
Meta_323;3350809;1.5276727743822234E7;0.1111111111111111;3122783;1.6458476606500003E7;0.24580360216368097;3602;0.3112279606878163
Meta_337;3350809;2.291509161573335E7;0.3333333333333333;3172054;2.2915084180500027E7;0.25529744274235466;24;0.0
Meta_338;3350809;2.291509161573335E7;0.38888888888888884;3172054;2.2915084180500027E7;0.25529744274235466;15;0.0
Meta_339;3350809;2.291509161573335E7;0.4444444444444444;3172054;2.2915084180500027E7;0.25529744274235466;22;0.0
Meta_340;3350809;2.291509161573335E7;0.5;3172054;2.2915084180500027E7;0.25529744274235466;15;0.0
Meta_324;3350809;1.5276727743822234E7;0.16666666666666666;3095257;1.5276796451799996E7;0.268261668309371;3602;0.5704953675751588
Meta_325;3350809;1.5276727743822234E7;0.2222222222222222;3130480;1.6374372778299993E7;0.23838073407797014;3602;0.19774594071228535
Meta_326;3350809;1.5276727743822234E7;0.2777777777777778;3127287;1.605301073089999E7;0.278550486508604;3602;0.014964933233481515
Meta_331;3350809;2.291509161573335E7;0.0;3157119;2.171901786860001E7;0.23842618093092535;3602;0.27651733723865785
Meta_346;3350809;3.0553455487644468E7;0.2777777777777778;3172054;2.377763721230003E7;0.25374805703727477;16;0.0
Meta_347;3350809;3.0553455487644468E7;0.3333333333333333;3172054;2.377763721230003E7;0.25374805703727477;16;0.0
Meta_348;3350809;3.0553455487644468E7;0.38888888888888884;3172054;2.377763721230003E7;0.25374805703727477;15;0.0
Meta_349;3350809;3.0553455487644468E7;0.4444444444444444;3172054;2.377763721230003E7;0.25374805703727477;15;0.0
Meta_350;3350809;3.0553455487644468E7;0.5;3172054;2.377763721230003E7;0.25374805703727477;20;0.0
Meta_332;3350809;2.291509161573335E7;0.05555555555555555;3152036;2.248750740079998E7;0.2336334411239643;3602;0.2725733250258544
Meta_333;3350809;2.291509161573335E7;0.1111111111111111;3158165;2.2878910731199984E7;0.2411848849331527;3601;0.3367397406660646
Meta_334;3350809;2.291509161573335E7;0.16666666666666666;3138726;2.1815189350199975E7;0.2587429370778392;3601;0.5868171339364376
Meta_335;3350809;2.291509161573335E7;0.2222222222222222;3172054;2.2705721639200017E7;0.22758837969083234;3601;0.09398407862129281
Meta_341;3350809;3.0553455487644468E7;0.0;3157791;2.3175174117599994E7;0.2363941396245928;3602;0.2671133065282144
Meta_342;3350809;3.0553455487644468E7;0.05555555555555555;3158767;2.2825810205199983E7;0.2406945153919245;3602;0.29510412639237305
Meta_356;3350809;3.819181935955559E7;0.2777777777777778;3172054;2.377763721230003E7;0.25374805703727477;19;0.0
Meta_357;3350809;3.819181935955559E7;0.3333333333333333;3172054;2.377763721230003E7;0.25374805703727477;23;0.0
Meta_358;3350809;3.819181935955559E7;0.38888888888888884;3172054;2.377763721230003E7;0.25374805703727477;18;0.0
Meta_359;3350809;3.819181935955559E7;0.4444444444444444;3172054;2.377763721230003E7;0.25374805703727477;23;0.0
Meta_360;3350809;3.819181935955559E7;0.5;3172054;2.377763721230003E7;0.25374805703727477;17;0.0
Meta_343;3350809;3.0553455487644468E7;0.1111111111111111;3158928;2.290338638089999E7;0.2411906296575813;3601;0.33582759353521563
Meta_344;3350809;3.0553455487644468E7;0.16666666666666666;3138719;2.1891728512799982E7;0.2585265850867519;3602;0.5861292053407298
Meta_345;3350809;3.0553455487644468E7;0.2222222222222222;3171781;2.26585782636E7;0.22522813532697555;3601;0.056006960796935935
Meta_351;3350809;3.819181935955559E7;0.0;3158807;2.3114723279599972E7;0.24219782340692952;3602;0.2902889987970198
Meta_366;3350809;4.58301832314667E7;0.2777777777777778;3172054;2.377763721230003E7;0.25374805703727477;18;0.0
Meta_367;3350809;4.58301832314667E7;0.3333333333333333;3172054;2.377763721230003E7;0.25374805703727477;17;0.0
Meta_368;3350809;4.58301832314667E7;0.38888888888888884;3172054;2.377763721230003E7;0.25374805703727477;22;0.0
Meta_369;3350809;4.58301832314667E7;0.4444444444444444;3172054;2.377763721230003E7;0.25374805703727477;24;0.0
Meta_370;3350809;4.58301832314667E7;0.5;3172054;2.377763721230003E7;0.25374805703727477;21;0.0
Meta_352;3350809;3.819181935955559E7;0.05555555555555555;3158833;2.317998996069999E7;0.2423847912451925;3602;0.3021653854026173
Meta_353;3350809;3.819181935955559E7;0.1111111111111111;3156959;2.2650830748599987E7;0.2400899318694024;3602;0.3332529135366357
Meta_354;3350809;3.819181935955559E7;0.16666666666666666;3138744;2.18736048668E7;0.25805273560067477;3602;0.5845836288456092
Meta_355;3350809;3.819181935955559E7;0.2222222222222222;3171919;2.3730493269499987E7;0.22325104028239456;3601;0.020041731355039654
Meta_362;3350809;4.58301832314667E7;0.05555555555555555;3158906;2.304709683E7;0.24169756148454027;3602;0.2991921679658544
Meta_361;3350809;4.58301832314667E7;0.0;3158869;2.2771363914100006E7;0.240109261516479;3601;0.2815687816886433
Meta_377;3350809;5.346854710337782E7;0.3333333333333333;3172054;2.377763721230003E7;0.25374805703727477;15;0.0
Meta_376;3350809;5.346854710337782E7;0.2777777777777778;3172054;2.377763721230003E7;0.25374805703727477;17;0.0
Meta_378;3350809;5.346854710337782E7;0.38888888888888884;3172054;2.377763721230003E7;0.25374805703727477;18;0.0
Meta_379;3350809;5.346854710337782E7;0.4444444444444444;3172054;2.377763721230003E7;0.25374805703727477;17;0.0
Meta_380;3350809;5.346854710337782E7;0.5;3172054;2.377763721230003E7;0.25374805703727477;15;0.0
Meta_363;3350809;4.58301832314667E7;0.1111111111111111;3156105;2.2514648630599994E7;0.23945078398751213;3601;0.3314012441006827
Meta_364;3350809;4.58301832314667E7;0.16666666666666666;3138776;2.155061751289998E7;0.25784950193175393;3601;0.5839006531388605
Meta_365;3350809;4.58301832314667E7;0.2222222222222222;3172054;2.44920609682E7;0.22416830130500817;3603;0.03598970196974421
Meta_371;3350809;5.346854710337782E7;0.0;3159035;2.3045594435799986E7;0.24367126517089535;3601;0.2727877480360631
Meta_386;3350809;6.1106910975288935E7;0.2777777777777778;3172054;2.377763721230003E7;0.25374805703727477;10;0.0
Meta_387;3350809;6.1106910975288935E7;0.3333333333333333;3172054;2.377763721230003E7;0.25374805703727477;11;0.0
Meta_372;3350809;5.346854710337782E7;0.05555555555555555;3159036;2.277454624689999E7;0.24367211859504093;3602;0.2831444965486816
Meta_388;3350809;6.1106910975288935E7;0.38888888888888884;3172054;2.377763721230003E7;0.25374805703727477;13;0.0
Meta_390;3350809;6.1106910975288935E7;0.5;3172054;2.377763721230003E7;0.25374805703727477;10;0.0
Meta_389;3350809;6.1106910975288935E7;0.4444444444444444;3172054;2.377763721230003E7;0.25374805703727477;18;0.0
Meta_373;3350809;5.346854710337782E7;0.1111111111111111;3159058;2.2830318019799985E7;0.24362279022891048;3602;0.3192822747581993
Meta_374;3350809;5.346854710337782E7;0.16666666666666666;3138732;2.16691593799E7;0.25808590959536726;3601;0.5847001795296362
Meta_375;3350809;5.346854710337782E7;0.2222222222222222;3172054;2.5911290232999995E7;0.22249051477692688;3603;0.005066476787428448
Meta_381;3350809;6.1106910975288935E7;0.0;3159009;2.306291829689999E7;0.2436711277069744;3602;0.27281694409810153
Meta_382;3350809;6.1106910975288935E7;0.05555555555555555;3159009;2.2971235235299986E7;0.24364517396833496;3601;0.28306798984428677
Meta_396;3350809;6.874527484720005E7;0.2777777777777778;3172054;2.377763721230003E7;0.25374805703727477;16;0.0
Meta_397;3350809;6.874527484720005E7;0.3333333333333333;3172054;2.377763721230003E7;0.25374805703727477;12;0.0
Meta_398;3350809;6.874527484720005E7;0.38888888888888884;3172054;2.377763721230003E7;0.25374805703727477;13;0.0
Meta_399;3350809;6.874527484720005E7;0.4444444444444444;3172054;2.377763721230003E7;0.25374805703727477;11;0.0
Meta_400;3350809;6.874527484720005E7;0.5;3172054;2.377763721230003E7;0.25374805703727477;11;0.0
Meta_383;3350809;6.1106910975288935E7;0.1111111111111111;3159058;2.2830318019799985E7;0.24362279022891048;3601;0.3192822747581993
Meta_384;3350809;6.1106910975288935E7;0.16666666666666666;3138954;2.2088851081200007E7;0.2631810613907034;3602;0.5631847588922108
Meta_385;3350809;6.1106910975288935E7;0.2222222222222222;3172054;2.5911290232999995E7;0.22249051477692688;3602;0.005066476787428448
Meta_391;3350809;6.874527484720005E7;0.0;3159009;2.306291829689999E7;0.2436711277069744;3601;0.27281694409810153
Meta_392;3350809;6.874527484720005E7;0.05555555555555555;3159009;2.2971235235299986E7;0.24364517396833496;3601;0.28306798984428677
Meta_407;3217515;0.0;0.3333333333333333;3125875;1.5954729473599996E7;0.2917374772703016;21;0.0
Meta_408;3217515;0.0;0.38888888888888884;3125875;1.5954729473599996E7;0.2917374772703016;23;0.0
Meta_409;3217515;0.0;0.4444444444444444;3125875;1.5954729473599996E7;0.2917374772703016;28;0.0
Meta_410;3217515;0.0;0.5;3125875;1.5954729473599996E7;0.2917374772703016;21;0.0
Meta_393;3350809;6.874527484720005E7;0.1111111111111111;3159058;2.2830318019799985E7;0.24362279022891048;3601;0.3192822747581993
Meta_394;3350809;6.874527484720005E7;0.16666666666666666;3138954;2.2088851081200007E7;0.2631810613907034;3601;0.5631847588922108
Meta_395;3350809;6.874527484720005E7;0.2222222222222222;3172054;2.5399569282400005E7;0.22306623101469897;3603;0.015894855606071172
Meta_401;3217515;0.0;0.0;3119105;1.6310354483399995E7;0.24495489588888492;3601;0.22595406671081603
Meta_402;3217515;0.0;0.05555555555555555;3119056;1.6309123213499993E7;0.2447758646767441;3601;0.23189187159066327
Meta_403;3217515;0.0;0.1111111111111111;3120260;1.6341671572999993E7;0.2455397594785198;3602;0.25620406209238783
Meta_417;3217515;7638363.871911117;0.3333333333333333;3125875;1.5954729473599996E7;0.2917374772703016;31;0.0
Meta_418;3217515;7638363.871911117;0.38888888888888884;3125875;1.5954729473599996E7;0.2917374772703016;21;0.0
Meta_419;3217515;7638363.871911117;0.4444444444444444;3125875;1.5954729473599996E7;0.2917374772703016;32;0.0
Meta_420;3217515;7638363.871911117;0.5;3125875;1.5954729473599996E7;0.2917374772703016;35;0.0
Meta_404;3217515;0.0;0.16666666666666666;3090005;1.4974984889800008E7;0.2680210728077138;3601;0.4664124305798574
Meta_405;3217515;0.0;0.2222222222222222;3130928;1.636119780599999E7;0.24190906568322257;3601;0.161063699309741
Meta_406;3217515;0.0;0.2777777777777778;3125302;1.6022557011899993E7;0.2783238413275517;3601;0.010957644920749986
Meta_411;3217515;7638363.871911117;0.0;3122693;1.6489254229099989E7;0.2454135676491042;3602;0.2694295416911518
Meta_412;3217515;7638363.871911117;0.05555555555555555;3122693;1.6489254229099989E7;0.2454135676491042;3602;0.27872303114180164
Meta_413;3217515;7638363.871911117;0.1111111111111111;3120983;1.6407376017700007E7;0.24507099561913082;3601;0.30977216710561484
Meta_427;3217515;1.5276727743822234E7;0.3333333333333333;3125875;1.5954729473599996E7;0.2917374772703016;15;0.0
Meta_428;3217515;1.5276727743822234E7;0.38888888888888884;3125875;1.5954729473599996E7;0.2917374772703016;15;0.0
Meta_429;3217515;1.5276727743822234E7;0.4444444444444444;3125875;1.5954729473599996E7;0.2917374772703016;13;0.0
Meta_430;3217515;1.5276727743822234E7;0.5;3125875;1.5954729473599996E7;0.2917374772703016;22;0.0
Meta_414;3217515;7638363.871911117;0.16666666666666666;3089560;1.4963566962900003E7;0.2675010788390598;3602;0.5692467281140138
Meta_415;3217515;7638363.871911117;0.2222222222222222;3135167;1.6762568547899999E7;0.23264751930292618;3602;0.1441468154019841
Meta_416;3217515;7638363.871911117;0.2777777777777778;3128506;1.6159990686899995E7;0.27932890513408576;3601;0.031079691422447965
Meta_422;3217515;1.5276727743822234E7;0.05555555555555555;3121345;1.638003382249998E7;0.24527531015306744;3601;0.3438249765693552
Meta_421;3217515;1.5276727743822234E7;0.0;3121345;1.638003382249998E7;0.24527531015306744;3602;0.3297079776127496
Meta_436;3217515;2.291509161573335E7;0.2777777777777778;3172054;2.2915084180500027E7;0.25529744274235466;17;0.0
Meta_437;3217515;2.291509161573335E7;0.3333333333333333;3172054;2.2915084180500027E7;0.25529744274235466;20;0.0
Meta_438;3217515;2.291509161573335E7;0.38888888888888884;3172054;2.2915084180500027E7;0.25529744274235466;19;0.0
Meta_439;3217515;2.291509161573335E7;0.4444444444444444;3172054;2.2915084180500027E7;0.25529744274235466;23;0.0
Meta_440;3217515;2.291509161573335E7;0.5;3172054;2.2915084180500027E7;0.25529744274235466;17;0.0
Meta_423;3217515;1.5276727743822234E7;0.1111111111111111;3121235;1.6380164858700003E7;0.24565030480621486;3601;0.39635425265207747
Meta_424;3217515;1.5276727743822234E7;0.16666666666666666;3095255;1.52767180977E7;0.2683646548866535;3602;0.7354394581271534
Meta_425;3217515;1.5276727743822234E7;0.2222222222222222;3134001;1.6802932178699993E7;0.22956072609507278;3602;0.2277422355298841
Meta_426;3217515;1.5276727743822234E7;0.2777777777777778;3125570;1.5973902020599997E7;0.2780801864008615;3601;0.018313591783084653
Meta_431;3217515;2.291509161573335E7;0.0;3158379;2.2801889392999988E7;0.24082720665443919;3602;0.36040827526436364
Meta_446;3217515;3.0553455487644468E7;0.2777777777777778;3172054;2.3796234439100027E7;0.25374805703727477;20;0.0
Meta_447;3217515;3.0553455487644468E7;0.3333333333333333;3172054;2.3796234439100027E7;0.25374805703727477;14;0.0
Meta_448;3217515;3.0553455487644468E7;0.38888888888888884;3172054;2.3796234439100027E7;0.25374805703727477;15;0.0
Meta_449;3217515;3.0553455487644468E7;0.4444444444444444;3172054;2.3796234439100027E7;0.25374805703727477;18;0.0
Meta_435;3217515;2.291509161573335E7;0.2222222222222222;3172054;2.214866283049999E7;0.2220754370163071;2386;0.0
Meta_450;3217515;3.0553455487644468E7;0.5;3172054;2.3796234439100027E7;0.25374805703727477;19;0.0
Meta_432;3217515;2.291509161573335E7;0.05555555555555555;3158919;2.2590427951999962E7;0.2410092218549785;3601;0.3783479856863081
Meta_433;3217515;2.291509161573335E7;0.1111111111111111;3158861;2.2354460105800007E7;0.24080062957910195;3601;0.44296975483527234
Meta_434;3217515;2.291509161573335E7;0.16666666666666666;3138783;2.2881124662899982E7;0.2582709473444486;3602;0.7917594682990448
Meta_441;3217515;3.0553455487644468E7;0.0;3158338;2.2905626795899987E7;0.24141530435875277;3603;0.3632090040971323
Meta_456;3217515;3.819181935955559E7;0.2777777777777778;3172054;2.3796234439100027E7;0.25374805703727477;19;0.0
Meta_457;3217515;3.819181935955559E7;0.3333333333333333;3172054;2.3796234439100027E7;0.25374805703727477;16;0.0
Meta_458;3217515;3.819181935955559E7;0.38888888888888884;3172054;2.3796234439100027E7;0.25374805703727477;18;0.0
Meta_459;3217515;3.819181935955559E7;0.4444444444444444;3172054;2.3796234439100027E7;0.25374805703727477;22;0.0
Meta_460;3217515;3.819181935955559E7;0.5;3172054;2.3796234439100027E7;0.25374805703727477;18;0.0
Meta_442;3217515;3.0553455487644468E7;0.05555555555555555;3158915;2.2775273287999988E7;0.24023176765422433;3601;0.3746170716969863
Meta_443;3217515;3.0553455487644468E7;0.1111111111111111;3158846;2.281519386559998E7;0.2396869931868874;3601;0.4373390075179296
Meta_444;3217515;3.0553455487644468E7;0.16666666666666666;3138774;2.1837606789299987E7;0.25839989272691866;3602;0.7920466423814222
Meta_445;3217515;3.0553455487644468E7;0.2222222222222222;3171987;2.3219828428599987E7;0.22228543791088776;3602;0.006183713644072959
Meta_451;3217515;3.819181935955559E7;0.0;3158915;2.3032622972099986E7;0.24138869545252;3601;0.3623590137770468
Meta_452;3217515;3.819181935955559E7;0.05555555555555555;3158913;2.298085917299999E7;0.2407520112972517;3602;0.3771233494500364
Meta_466;3217515;4.58301832314667E7;0.2777777777777778;3172054;2.3796234439100027E7;0.25374805703727477;16;0.0
Meta_467;3217515;4.58301832314667E7;0.3333333333333333;3172054;2.3796234439100027E7;0.25374805703727477;16;0.0
Meta_468;3217515;4.58301832314667E7;0.38888888888888884;3172054;2.3796234439100027E7;0.25374805703727477;16;0.0
Meta_469;3217515;4.58301832314667E7;0.4444444444444444;3172054;2.3796234439100027E7;0.25374805703727477;14;0.0
Meta_470;3217515;4.58301832314667E7;0.5;3172054;2.3796234439100027E7;0.25374805703727477;16;0.0
Meta_453;3217515;3.819181935955559E7;0.1111111111111111;3158923;2.2741966464399986E7;0.2407754478935862;3602;0.4427585009942155
Meta_455;3217515;3.819181935955559E7;0.2222222222222222;3172054;2.3149415558999978E7;0.2222210265739541;3540;0.0
Meta_454;3217515;3.819181935955559E7;0.16666666666666666;3138685;2.168840851539998E7;0.25836259231227826;3601;0.7920139511501473
Meta_461;3217515;4.58301832314667E7;0.0;3159029;2.2754388003899977E7;0.24366150681020682;3601;0.3434081426848083
Meta_476;3217515;5.346854710337782E7;0.2777777777777778;3172054;2.3796234439100027E7;0.25374805703727477;14;0.0
Meta_477;3217515;5.346854710337782E7;0.3333333333333333;3172054;2.3796234439100027E7;0.25374805703727477;17;0.0
Meta_478;3217515;5.346854710337782E7;0.38888888888888884;3172054;2.3796234439100027E7;0.25374805703727477;16;0.0
Meta_479;3217515;5.346854710337782E7;0.4444444444444444;3172054;2.3796234439100027E7;0.25374805703727477;20;0.0
Meta_480;3217515;5.346854710337782E7;0.5;3172054;2.3796234439100027E7;0.25374805703727477;16;0.0
Meta_462;3217515;4.58301832314667E7;0.05555555555555555;3159029;2.2754388003899977E7;0.24366150681020682;3602;0.3599956180206741
Meta_463;3217515;4.58301832314667E7;0.1111111111111111;3159044;2.264668852119998E7;0.24364720828942252;3602;0.4208701922034321
Meta_464;3217515;4.58301832314667E7;0.16666666666666666;3138681;2.16470844645E7;0.2575698178088547;3603;0.7902738755110129
Meta_465;3217515;4.58301832314667E7;0.2222222222222222;3172029;2.4693648005199987E7;0.22236874531033698;3603;0.01142318310536753
Meta_471;3217515;5.346854710337782E7;0.0;3159030;2.3172743879199993E7;0.2436772389762283;3601;0.3434810167016697
Meta_472;3217515;5.346854710337782E7;0.05555555555555555;3159012;2.3006937871099986E7;0.24365859506828036;3601;0.3600046567038837
Meta_486;3217515;6.1106910975288935E7;0.2777777777777778;3172054;2.3796234439100027E7;0.25374805703727477;11;0.0
Meta_487;3217515;6.1106910975288935E7;0.3333333333333333;3172054;2.3796234439100027E7;0.25374805703727477;14;0.0
Meta_488;3217515;6.1106910975288935E7;0.38888888888888884;3172054;2.3796234439100027E7;0.25374805703727477;14;0.0
Meta_489;3217515;6.1106910975288935E7;0.4444444444444444;3172054;2.3796234439100027E7;0.25374805703727477;16;0.0
Meta_490;3217515;6.1106910975288935E7;0.5;3172054;2.3796234439100027E7;0.25374805703727477;13;0.0
Meta_473;3217515;5.346854710337782E7;0.1111111111111111;3159043;2.3019206600399993E7;0.2436510574599488;3602;0.42088122658276855
Meta_474;3217515;5.346854710337782E7;0.16666666666666666;3138954;2.2126065042500008E7;0.26318097735718915;3602;0.7521142788066412
Meta_475;3217515;5.346854710337782E7;0.2222222222222222;3171936;2.5203219674200002E7;0.22508135331631765;3603;0.17945798383768355
Meta_481;3217515;6.1106910975288935E7;0.0;3159030;2.3172743879199993E7;0.2436772389762283;3601;0.3434810167016697
Meta_496;3217515;6.874527484720005E7;0.2777777777777778;3172054;2.3796234439100027E7;0.25374805703727477;17;0.0
Meta_497;3217515;6.874527484720005E7;0.3333333333333333;3172054;2.3796234439100027E7;0.25374805703727477;10;0.0
Meta_498;3217515;6.874527484720005E7;0.38888888888888884;3172054;2.3796234439100027E7;0.25374805703727477;14;0.0
Meta_499;3217515;6.874527484720005E7;0.4444444444444444;3172054;2.3796234439100027E7;0.25374805703727477;11;0.0
Meta_500;3217515;6.874527484720005E7;0.5;3172054;2.3796234439100027E7;0.25374805703727477;14;0.0
Meta_482;3217515;6.1106910975288935E7;0.05555555555555555;3159012;2.3006937871099986E7;0.24365859506828036;3601;0.3600046567038837
Meta_483;3217515;6.1106910975288935E7;0.1111111111111111;3159043;2.3019206600399993E7;0.2436510574599488;3601;0.42088122658276855
Meta_484;3217515;6.1106910975288935E7;0.16666666666666666;3138954;2.2126065042500008E7;0.26318097735718915;3601;0.7521142788066412
Meta_485;3217515;6.1106910975288935E7;0.2222222222222222;3171936;2.5203219674200002E7;0.22508135331631765;3603;0.17945798383768355
Meta_491;3217515;6.874527484720005E7;0.0;3159030;2.3172743879199993E7;0.2436772389762283;3602;0.3434810167016697
Meta_492;3217515;6.874527484720005E7;0.05555555555555555;3159012;2.3006937871099986E7;0.24365859506828036;3601;0.3600046567038837
Meta_507;3084222;0.0;0.3333333333333333;3084222;1.3721902848700002E7;0.3327624769741298;16;0.0
Meta_508;3084222;0.0;0.38888888888888884;3084222;1.3721902848700002E7;0.3327624769741298;20;0.0
Meta_509;3084222;0.0;0.4444444444444444;3084222;1.3721902848700002E7;0.3327624769741298;23;0.0
Meta_510;3084222;0.0;0.5;3084222;1.3721902848700002E7;0.3327624769741298;16;0.0
Meta_493;3217515;6.874527484720005E7;0.1111111111111111;3159043;2.3019206600399993E7;0.2436510574599488;3602;0.42088122658276855
Meta_494;3217515;6.874527484720005E7;0.16666666666666666;3138954;2.2126065042500008E7;0.26318097735718915;3601;0.7521142788066412
Meta_495;3217515;6.874527484720005E7;0.2222222222222222;3171936;2.5203219674200002E7;0.22508135331631765;3603;0.17945798383768355
Meta_501;3084222;0.0;0.0;3084052;1.4486886009099998E7;0.2452878400273287;3601;0.26684746100744766
Meta_502;3084222;0.0;0.05555555555555555;3084218;1.4499887724100001E7;0.2452718323760304;3601;0.27601450736060873
Meta_503;3084222;0.0;0.1111111111111111;3084222;1.4497868637300001E7;0.24555042815790873;3601;0.30886628510926833
Meta_517;3084222;7638363.871911117;0.3333333333333333;3084222;1.3721902848700002E7;0.3327624769741298;19;0.0
Meta_518;3084222;7638363.871911117;0.38888888888888884;3084222;1.3721902848700002E7;0.3327624769741298;15;0.0
Meta_519;3084222;7638363.871911117;0.4444444444444444;3084222;1.3721902848700002E7;0.3327624769741298;18;0.0
Meta_520;3084222;7638363.871911117;0.5;3084222;1.3721902848700002E7;0.3327624769741298;18;0.0
Meta_504;3084222;0.0;0.16666666666666666;3084275;1.4644609754899994E7;0.2693558044019751;3601;0.5751803767855268
Meta_505;3084222;0.0;0.2222222222222222;3084222;1.3930666986299992E7;0.2547263217363507;3601;0.33368134980360403
Meta_506;3084222;0.0;0.2777777777777778;3084222;1.3893249386699991E7;0.28278249307789505;3601;0.09275475275735853
Meta_511;3084222;7638363.871911117;0.0;3084230;1.4504983925299987E7;0.2451104875127192;3602;0.32709922746847164
Meta_512;3084222;7638363.871911117;0.05555555555555555;3084401;1.4505785100699987E7;0.2452966775019287;3602;0.34186596994853913
Meta_513;3084222;7638363.871911117;0.1111111111111111;3084222;1.44969808827E7;0.24541699886065632;3603;0.3922208334809691
Meta_514;3084222;7638363.871911117;0.16666666666666666;3084222;1.465492016589999E7;0.26935938463023473;3602;0.7390610766155286
Meta_528;3084222;1.5276727743822234E7;0.38888888888888884;3084222;1.5276184861399999E7;0.36544904227165925;24;0.0
Meta_529;3084222;1.5276727743822234E7;0.4444444444444444;3084222;1.5276184861399999E7;0.36544904227165925;25;0.0
Meta_530;3084222;1.5276727743822234E7;0.5;3084222;1.5276184861399999E7;0.36544904227165925;16;0.0
Meta_515;3084222;7638363.871911117;0.2222222222222222;3084100;1.3909146388E7;0.258381931667305;3601;0.555030830491371
Meta_516;3084222;7638363.871911117;0.2777777777777778;3082376;1.3713916808699999E7;0.28407568123968574;3601;0.21354979212580602
Meta_521;3084222;1.5276727743822234E7;0.0;3084222;1.5276723145499988E7;0.24420728919542145;3601;0.4158418174362579
Meta_522;3084222;1.5276727743822234E7;0.05555555555555555;3084222;1.5276837448199987E7;0.24397387704949539;3602;0.43740649812512805
Meta_523;3084222;1.5276727743822234E7;0.1111111111111111;3084222;1.5276792804899985E7;0.24385156285217813;3602;0.5225433149317085
Meta_527;3084222;1.5276727743822234E7;0.3333333333333333;3084222;1.5276624733300004E7;0.3333288877085247;2170;0.0
Meta_524;3084222;1.5276727743822234E7;0.16666666666666666;3084019;1.5248927153399998E7;0.26369345072311634;3601;1.0
Meta_538;3084222;2.291509161573335E7;0.38888888888888884;3084222;1.99339619526E7;0.3886197288739497;20;0.0
Meta_539;3084222;2.291509161573335E7;0.4444444444444444;3084222;1.99339619526E7;0.3886197288739497;20;0.0
Meta_540;3084222;2.291509161573335E7;0.5;3084222;1.99339619526E7;0.3886197288739497;19;0.0
Meta_525;3084222;1.5276727743822234E7;0.2222222222222222;3084222;1.5276755536900008E7;0.24251355086200632;3602;1.0
Meta_526;3084222;1.5276727743822234E7;0.2777777777777778;3084222;1.529372997809999E7;0.2913681467521321;3602;1.0
Meta_531;3084222;2.291509161573335E7;0.0;3085582;1.98094363754E7;0.25015229220032864;3601;0.45064275064114095
Meta_532;3084222;2.291509161573335E7;0.05555555555555555;3084506;2.03669083759E7;0.24929801532911997;3601;0.4702605867706036
Meta_533;3084222;2.291509161573335E7;0.1111111111111111;3084225;2.007758836369999E7;0.250362460132678;3601;0.5623391436226364
Meta_534;3084222;2.291509161573335E7;0.16666666666666666;3084221;1.8922013240999978E7;0.26621644298661684;3601;1.0
Meta_535;3084222;2.291509161573335E7;0.2222222222222222;3084222;1.9321176122600004E7;0.25116251818853724;3601;1.0
Meta_548;3084222;3.0553455487644468E7;0.38888888888888884;3084222;1.99339619526E7;0.3886197288739497;19;0.0
Meta_549;3084222;3.0553455487644468E7;0.4444444444444444;3084222;1.99339619526E7;0.3886197288739497;19;0.0
Meta_550;3084222;3.0553455487644468E7;0.5;3084222;1.99339619526E7;0.3886197288739497;18;0.0
Meta_536;3084222;2.291509161573335E7;0.2777777777777778;3084220;1.8865289824999984E7;0.2924820053104309;3602;1.0
Meta_537;3084222;2.291509161573335E7;0.3333333333333333;3089841;2.0121754149199978E7;0.33499680835400325;3602;1.0
Meta_541;3084222;3.0553455487644468E7;0.0;3084008;2.022105594739998E7;0.24088876337055584;3601;0.40783844541660347
Meta_542;3084222;3.0553455487644468E7;0.05555555555555555;3084233;2.0621164654800013E7;0.24913944973209468;3602;0.46956002631340343
Meta_543;3084222;3.0553455487644468E7;0.1111111111111111;3084222;1.961510082999998E7;0.25084153086211197;3601;0.5644312517142893
Meta_547;3084222;3.0553455487644468E7;0.3333333333333333;3084222;1.977125434979998E7;0.3333339866077476;1837;0.0
Meta_544;3084222;3.0553455487644468E7;0.16666666666666666;3090218;1.9848060279200017E7;0.2628621913915837;3602;1.0
Meta_558;3084222;3.819181935955559E7;0.38888888888888884;3084222;1.99339619526E7;0.3886197288739497;17;0.0
Meta_559;3084222;3.819181935955559E7;0.4444444444444444;3084222;1.99339619526E7;0.3886197288739497;18;0.0
Meta_560;3084222;3.819181935955559E7;0.5;3084222;1.99339619526E7;0.3886197288739497;15;0.0
Meta_545;3084222;3.0553455487644468E7;0.2222222222222222;3085695;1.95746863977E7;0.24943503934185504;3602;1.0
Meta_546;3084222;3.0553455487644468E7;0.2777777777777778;3084220;1.8865289824999984E7;0.2924820053104309;3602;1.0
Meta_551;3084222;3.819181935955559E7;0.0;3098553;2.0937812230399996E7;0.24800224601581142;3602;0.44102100347179574
Meta_552;3084222;3.819181935955559E7;0.05555555555555555;3084228;2.0218903307099987E7;0.25044553220034227;3602;0.47536331490896877
Meta_553;3084222;3.819181935955559E7;0.1111111111111111;3084226;2.008601789919999E7;0.2513263787351457;3602;0.5665468157805017
Meta_554;3084222;3.819181935955559E7;0.16666666666666666;3095209;2.0709103162899964E7;0.2658164529298994;3602;1.0
Meta_555;3084222;3.819181935955559E7;0.2222222222222222;3084221;1.9503059239799976E7;0.25164338845827466;3602;1.0
Meta_568;3084222;4.58301832314667E7;0.38888888888888884;3084222;1.99339619526E7;0.3886197288739497;18;0.0
Meta_569;3084222;4.58301832314667E7;0.4444444444444444;3084222;1.99339619526E7;0.3886197288739497;15;0.0
Meta_570;3084222;4.58301832314667E7;0.5;3084222;1.99339619526E7;0.3886197288739497;16;0.0
Meta_556;3084222;3.819181935955559E7;0.2777777777777778;3084220;1.8865289824999984E7;0.2924820053104309;3601;1.0
Meta_557;3084222;3.819181935955559E7;0.3333333333333333;3084391;1.91713213147E7;0.3476824606856288;3601;1.0
Meta_561;3084222;4.58301832314667E7;0.0;3084222;1.996706800689998E7;0.2496230445354296;3601;0.44829008336185194
Meta_562;3084222;4.58301832314667E7;0.05555555555555555;3084222;2.0709160850699976E7;0.24595249165861643;3601;0.4549578415058455
Meta_563;3084222;4.58301832314667E7;0.1111111111111111;3087457;1.9892018531599984E7;0.25246197509854407;3601;0.5712943836200334
Meta_564;3084222;4.58301832314667E7;0.16666666666666666;3084222;2.043047613789999E7;0.26803950896622086;3601;1.0
Meta_565;3084222;4.58301832314667E7;0.2222222222222222;3084222;2.0226357707999997E7;0.25313447617312623;3602;1.0
Meta_578;3084222;5.346854710337782E7;0.38888888888888884;3084222;1.99339619526E7;0.3886197288739497;15;0.0
Meta_566;3084222;4.58301832314667E7;0.2777777777777778;3085971;2.0879635669399995E7;0.2849483302668227;3601;1.0
Meta_579;3084222;5.346854710337782E7;0.4444444444444444;3084222;1.99339619526E7;0.3886197288739497;14;0.0
Meta_580;3084222;5.346854710337782E7;0.5;3084222;1.99339619526E7;0.3886197288739497;17;0.0
Meta_567;3084222;4.58301832314667E7;0.3333333333333333;3084222;1.9368269908499993E7;0.3368451716056334;3601;1.0
Meta_571;3084222;5.346854710337782E7;0.0;3085918;2.0209103464299977E7;0.24824708798337336;3602;0.44216421250396193
Meta_576;3084222;5.346854710337782E7;0.2777777777777778;3096505;2.0899571680899993E7;0.2777777964091095;2218;0.0
Meta_572;3084222;5.346854710337782E7;0.05555555555555555;3084301;2.0133305264700003E7;0.24957925525384425;3602;0.4715235920586305
Meta_573;3084222;5.346854710337782E7;0.1111111111111111;3105251;2.082071978039998E7;0.25014096792985396;3602;0.5614103117607091
Meta_574;3084222;5.346854710337782E7;0.16666666666666666;3084222;2.061805016600001E7;0.26890446941684065;3601;1.0
Meta_588;3084222;6.1106910975288935E7;0.38888888888888884;3084222;1.99339619526E7;0.3886197288739497;16;0.0
Meta_589;3084222;6.1106910975288935E7;0.4444444444444444;3084222;1.99339619526E7;0.3886197288739497;14;0.0
Meta_590;3084222;6.1106910975288935E7;0.5;3084222;1.99339619526E7;0.3886197288739497;15;0.0
Meta_575;3084222;5.346854710337782E7;0.2222222222222222;3085023;1.9539346810699984E7;0.24966183274194642;3602;1.0
Meta_587;3084222;6.1106910975288935E7;0.3333333333333333;3084291;2.055103687769999E7;0.333224404459473;1337;0.0
Meta_577;3084222;5.346854710337782E7;0.3333333333333333;3085100;1.923798671019999E7;0.3418752845654899;3601;1.0
Meta_586;3084222;6.1106910975288935E7;0.2777777777777778;3096505;2.0899571680899993E7;0.2777777964091095;2119;0.0
Meta_581;3084222;6.1106910975288935E7;0.0;3084222;2.0488722213999998E7;0.2429896982024017;3601;0.4085234445948049
Meta_582;3084222;6.1106910975288935E7;0.05555555555555555;3084287;2.116597308499998E7;0.2494416422958373;3602;0.4617602624134217
Meta_583;3084222;6.1106910975288935E7;0.1111111111111111;3088229;2.1173714358700022E7;0.2503350309352693;3604;0.5515433413869378
Meta_598;3084222;6.874527484720005E7;0.38888888888888884;3084222;1.99339619526E7;0.3886197288739497;15;0.0
Meta_599;3084222;6.874527484720005E7;0.4444444444444444;3084222;1.99339619526E7;0.3886197288739497;16;0.0
Meta_600;3084222;6.874527484720005E7;0.5;3084222;1.99339619526E7;0.3886197288739497;15;0.0
Meta_584;3084222;6.1106910975288935E7;0.16666666666666666;3084207;2.090461918560003E7;0.2587774197717747;3602;1.0
Meta_585;3084222;6.1106910975288935E7;0.2222222222222222;3115000;2.1698015539699998E7;0.2397426345185246;3602;1.0
Meta_597;3084222;6.874527484720005E7;0.3333333333333333;3084291;2.055103687769999E7;0.333224404459473;1400;0.0
Meta_591;3084222;6.874527484720005E7;0.0;3084222;2.05027359658E7;0.24264994558649203;3605;0.40686459551183785
Meta_596;3084222;6.874527484720005E7;0.2777777777777778;3096505;2.0899571680899993E7;0.2777777964091095;2009;0.0
Meta_592;3084222;6.874527484720005E7;0.05555555555555555;3084288;2.116601108609998E7;0.24944354168132266;3602;0.4617688870589344
Meta_593;3084222;6.874527484720005E7;0.1111111111111111;3084222;2.0798065318899993E7;0.24978606683371574;3603;0.5490883446290663
Meta_594;3084222;6.874527484720005E7;0.16666666666666666;3084207;2.090461918560003E7;0.2587774197717747;3602;1.0
Meta_609;2950928;0.0;0.4444444444444444;2950928;8089018.3006;0.44047768756224726;17;0.0
Meta_610;2950928;0.0;0.5;2950928;8089018.3006;0.44047768756224726;15;0.0
Meta_595;3084222;6.874527484720005E7;0.2222222222222222;3115000;2.1698015539699998E7;0.2397426345185246;3601;1.0
Meta_601;2950928;0.0;0.0;2950928;1.0073018880299995E7;0.24475578257336023;3601;0.2859662815543294
Meta_602;2950928;0.0;0.05555555555555555;2950928;1.0073018880299995E7;0.24475578257336023;3602;0.2970579435366845
Meta_603;2950928;0.0;0.1111111111111111;2950984;1.0014056983999996E7;0.25047144070509086;3602;0.36069652361603205
Meta_604;2950928;0.0;0.16666666666666666;2950928;1.01684718485E7;0.24621882370148604;3602;0.41504166445363805
Meta_605;2950928;0.0;0.2222222222222222;2950928;8557301.349999988;0.31523295629633724;3602;0.7210662621489358
Meta_606;2950928;0.0;0.2777777777777778;2950928;8546126.984600006;0.3290799937301877;3602;0.629766109906326
Meta_607;2950928;0.0;0.3333333333333333;2951703;8312919.7799999975;0.3657320602542493;3602;0.5561864134412117
Meta_619;2950928;7638363.871911117;0.4444444444444444;2950928;8089018.3006;0.44047768756224726;17;0.0
Meta_620;2950928;7638363.871911117;0.5;2950928;8089018.3006;0.44047768756224726;24;0.0
Meta_608;2950928;0.0;0.38888888888888884;2950927;8229035.444200002;0.4200768898840704;3602;0.5829874306202744
Meta_611;2950928;7638363.871911117;0.0;2950973;1.001457236849999E7;0.2503983906258411;3604;0.38637558521867377
Meta_612;2950928;7638363.871911117;0.05555555555555555;2950973;1.001457236849999E7;0.2503983906258411;3603;0.40473628767157827
Meta_613;2950928;7638363.871911117;0.1111111111111111;2950928;1.0008729571799995E7;0.25058899470610296;3602;0.4727672841372472
Meta_614;2950928;7638363.871911117;0.16666666666666666;2950932;1.0173074393300008E7;0.2460549806977591;3602;0.6000358626574306
Meta_615;2950928;7638363.871911117;0.2222222222222222;2553645;57143.5858;0.4402785731041188;3602;0.9892752354020578
Meta_616;2950928;7638363.871911117;0.2777777777777778;2950928;8271838.272999995;0.3546694440257831;3602;0.9712114130456252
Meta_617;2950928;7638363.871911117;0.3333333333333333;2950928;8151721.486200005;0.39486515468438327;3604;0.9746861720915077
Meta_618;2950928;7638363.871911117;0.38888888888888884;2950928;8392168.533300001;0.40639777974230223;3601;0.9348551554477451
Meta_630;2950928;1.5276727743822234E7;0.5;2950928;1.3849242501600001E7;0.4749172563089168;24;0.0
Meta_629;2950928;1.5276727743822234E7;0.4444444444444444;2950928;1.3912610194000004E7;0.44444438888523075;401;0.0
Meta_621;2950928;1.5276727743822234E7;0.0;3004113;1.5298362949200002E7;0.2460943543201712;3602;0.432189245536999
Meta_622;2950928;1.5276727743822234E7;0.05555555555555555;3003560;1.5271070958300008E7;0.24530872328209125;3602;0.45122860981007545
Meta_623;2950928;1.5276727743822234E7;0.1111111111111111;3004429;1.5276925828100009E7;0.2454919447292699;3601;0.5393143639947723
Meta_624;2950928;1.5276727743822234E7;0.16666666666666666;3003691;1.5278653130200015E7;0.2445925758605748;3601;0.7880337065981966
Meta_625;2950928;1.5276727743822234E7;0.2222222222222222;2995376;1.5275751539200006E7;0.25074788717288216;3603;1.0
Meta_626;2950928;1.5276727743822234E7;0.2777777777777778;2985432;1.5508525147500014E7;0.2794316735128393;3601;1.0
Meta_627;2950928;1.5276727743822234E7;0.3333333333333333;2952386;1.4425864175299995E7;0.3359092908747662;3602;1.0
Meta_628;2950928;1.5276727743822234E7;0.38888888888888884;2950928;1.3942103067000005E7;0.39023426240571457;3601;1.0
Meta_639;2950928;2.291509161573335E7;0.4444444444444444;2953238;1.4036644973099997E7;0.4444452873014037;515;0.0
Meta_640;2950928;2.291509161573335E7;0.5;2950928;1.3849242501600001E7;0.4749172563089168;25;0.0
Meta_638;2950928;2.291509161573335E7;0.38888888888888884;2950930;1.4122192649200005E7;0.38879074496718885;1085;0.0
Meta_631;2950928;2.291509161573335E7;0.0;3088781;2.013199495569999E7;0.24807438755470484;3602;0.44150095011840135
Meta_632;2950928;2.291509161573335E7;0.05555555555555555;3061362;1.9248995153499987E7;0.24539812853795093;3602;0.4524436627727703
Meta_633;2950928;2.291509161573335E7;0.1111111111111111;3074789;2.0110248290299974E7;0.2497318774801249;3601;0.5596804593749174
Meta_634;2950928;2.291509161573335E7;0.16666666666666666;3104448;2.09621278418E7;0.24692666712298497;3601;0.7967770704840421
Meta_635;2950928;2.291509161573335E7;0.2222222222222222;3078713;1.9264409058E7;0.240736942587584;3602;1.0
Meta_636;2950928;2.291509161573335E7;0.2777777777777778;2993120;1.5529368127700005E7;0.27787392113767556;3602;1.0
Meta_637;2950928;2.291509161573335E7;0.3333333333333333;2953759;1.434849473489999E7;0.3333344335053445;2655;0.0
Meta_650;2950928;3.0553455487644468E7;0.5;2950928;1.3849242501600001E7;0.4749172563089168;15;0.0
Meta_649;2950928;3.0553455487644468E7;0.4444444444444444;2953238;1.4036644973099997E7;0.4444452873014037;499;0.0
Meta_648;2950928;3.0553455487644468E7;0.38888888888888884;2951167;1.4003965472799998E7;0.38888733316897967;771;0.0
Meta_646;2950928;3.0553455487644468E7;0.2777777777777778;2970478;1.4692768884300012E7;0.2777788901470184;2675;0.0
Meta_641;2950928;3.0553455487644468E7;0.0;3080361;2.0240423696699988E7;0.25002688547041735;3602;0.45019354510236353
Meta_642;2950928;3.0553455487644468E7;0.05555555555555555;3078656;1.9618762544099975E7;0.247159365122585;3602;0.46059243742087286
Meta_643;2950928;3.0553455487644468E7;0.1111111111111111;3069335;1.999883149209999E7;0.25459954573275617;3602;0.5802868745037443
Meta_644;2950928;3.0553455487644468E7;0.16666666666666666;3076280;1.9995539632499997E7;0.24696719428204353;3602;0.7968514205970868
Meta_645;2950928;3.0553455487644468E7;0.2222222222222222;3021878;1.6707313158699999E7;0.2507272896261907;3602;1.0
Meta_647;2950928;3.0553455487644468E7;0.3333333333333333;2950928;1.3406819849600011E7;0.3359338735434076;3602;1.0
Meta_660;2950928;3.819181935955559E7;0.5;2950928;1.3849242501600001E7;0.4749172563089168;17;0.0
Meta_659;2950928;3.819181935955559E7;0.4444444444444444;2953238;1.4036644973099997E7;0.4444452873014037;548;0.0
Meta_658;2950928;3.819181935955559E7;0.38888888888888884;2951167;1.4003965472799998E7;0.38888733316897967;806;0.0
Meta_651;2950928;3.819181935955559E7;0.0;3075978;1.9756081388499983E7;0.2560880336802649;3603;0.47592651758132154
Meta_652;2950928;3.819181935955559E7;0.05555555555555555;3069163;1.977657486140001E7;0.24589060727011217;3602;0.4547347878781804
Meta_653;2950928;3.819181935955559E7;0.1111111111111111;3088022;2.0651052200799994E7;0.25458822024173433;3603;0.5802406995891781
Meta_654;2950928;3.819181935955559E7;0.16666666666666666;3108144;2.1479046975699995E7;0.24494370592270803;3601;0.7906066186808298
Meta_655;2950928;3.819181935955559E7;0.2222222222222222;3072264;1.936915680079999E7;0.24769505127531322;3602;1.0
Meta_656;2950928;3.819181935955559E7;0.2777777777777778;2992072;1.5665574972799998E7;0.28094552751268725;3601;1.0
Meta_657;2950928;3.819181935955559E7;0.3333333333333333;2950928;1.3406819849600011E7;0.3359338735434076;3601;1.0
Meta_670;2950928;4.58301832314667E7;0.5;2950928;1.3849242501600001E7;0.4749172563089168;17;0.0
Meta_669;2950928;4.58301832314667E7;0.4444444444444444;2953238;1.4036644973099997E7;0.4444452873014037;477;0.0
Meta_661;2950928;4.58301832314667E7;0.0;3081045;1.97016858375E7;0.24650099984803858;3601;0.4343463717122672
Meta_662;2950928;4.58301832314667E7;0.05555555555555555;3061044;1.9399290159700006E7;0.2515867488428926;3601;0.48041744784305795
Meta_663;2950928;4.58301832314667E7;0.1111111111111111;3083025;2.0271175751000006E7;0.25135100854108894;3602;0.5667132185141524
Meta_664;2950928;4.58301832314667E7;0.16666666666666666;3095755;2.0332543652399983E7;0.2447140492713796;3604;0.7899469486262546
Meta_665;2950928;4.58301832314667E7;0.2222222222222222;3052982;1.8257996367600013E7;0.25296650163972256;3602;1.0
Meta_666;2950928;4.58301832314667E7;0.2777777777777778;3002252;1.6268777056899996E7;0.30839890628359107;3601;1.0
Meta_667;2950928;4.58301832314667E7;0.3333333333333333;2950928;1.5797631579899987E7;0.3333124088269143;2628;0.0
Meta_679;2950928;5.346854710337782E7;0.4444444444444444;2950977;1.3949867710899998E7;0.44444446519135833;505;0.0
Meta_680;2950928;5.346854710337782E7;0.5;2950928;1.3849242501600001E7;0.4749172563089168;12;0.0
Meta_668;2950928;4.58301832314667E7;0.38888888888888884;2950930;1.549098277459999E7;0.3886820304945896;3083;0.0
Meta_678;2950928;5.346854710337782E7;0.38888888888888884;2951167;1.4003965472799998E7;0.38888733316897967;693;0.0
Meta_671;2950928;5.346854710337782E7;0.0;3079516;1.968520639149997E7;0.23928728369594046;3604;0.39972060472244875
Meta_672;2950928;5.346854710337782E7;0.05555555555555555;3082042;1.9813519064300004E7;0.24562091307895179;3601;0.4534789607686061
Meta_673;2950928;5.346854710337782E7;0.1111111111111111;3061948;1.9427360531499993E7;0.2535733373129248;3602;0.5760697163295055
Meta_674;2950928;5.346854710337782E7;0.16666666666666666;3099761;2.0648455423099987E7;0.24762512392025293;3601;0.7988238535134782
Meta_675;2950928;5.346854710337782E7;0.2222222222222222;3099959;2.1613345216799993E7;0.2592971645222039;3601;1.0
Meta_676;2950928;5.346854710337782E7;0.2777777777777778;2993418;1.7590282641199995E7;0.28281343760132205;3602;1.0
Meta_688;2950928;6.1106910975288935E7;0.38888888888888884;2951167;1.4003965472799998E7;0.38888733316897967;730;0.0
Meta_677;2950928;5.346854710337782E7;0.3333333333333333;2952093;1.5754446192099998E7;0.3331613349628091;3450;0.0
Meta_690;2950928;6.1106910975288935E7;0.5;2950928;1.3849242501600001E7;0.4749172563089168;16;0.0
Meta_689;2950928;6.1106910975288935E7;0.4444444444444444;2950977;1.3949867710899998E7;0.44444446519135833;466;0.0
Meta_681;2950928;6.1106910975288935E7;0.0;3080495;2.088079880129998E7;0.2582835708029413;3604;0.47662012710848994
Meta_682;2950928;6.1106910975288935E7;0.05555555555555555;3063163;2.044214164629997E7;0.25372590404470663;3603;0.4806738585322504
Meta_683;2950928;6.1106910975288935E7;0.1111111111111111;3088983;2.1270373328500003E7;0.24228210123461727;3604;0.5130722629719188
Meta_684;2950928;6.1106910975288935E7;0.16666666666666666;3080388;2.1149299960399993E7;0.2486086938801289;3601;0.7859176920494445
Meta_685;2950928;6.1106910975288935E7;0.2222222222222222;3066571;1.9541233643699974E7;0.2430578716876064;3602;1.0
Meta_687;2950928;6.1106910975288935E7;0.3333333333333333;2952093;1.5754446192099998E7;0.3331613349628091;3381;0.0
Meta_686;2950928;6.1106910975288935E7;0.2777777777777778;2993418;1.7590282641199995E7;0.28281343760132205;3601;1.0
Meta_700;2950928;6.874527484720005E7;0.5;2950928;1.3849242501600001E7;0.4749172563089168;17;0.0
Meta_699;2950928;6.874527484720005E7;0.4444444444444444;2950928;1.3985775038400007E7;0.44444460623291565;525;0.0
Meta_691;2950928;6.874527484720005E7;0.0;3089866;2.0806378327400014E7;0.25215063345915284;3603;0.4509396503119797
Meta_692;2950928;6.874527484720005E7;0.05555555555555555;3063163;2.044214164629997E7;0.25372590404470663;3603;0.4806738585322504
Meta_693;2950928;6.874527484720005E7;0.1111111111111111;3078768;2.0634784325900007E7;0.24343265365298813;3603;0.5188725809990474
Meta_695;2950928;6.874527484720005E7;0.2222222222222222;3097207;2.2879477283600003E7;0.2439819943983421;3601;1.0
Meta_694;2950928;6.874527484720005E7;0.16666666666666666;3066769;2.0336114958599996E7;0.24909158893075503;3604;0.7876355423069317
Meta_696;2950928;6.874527484720005E7;0.2777777777777778;2993418;1.7590282641199995E7;0.28281343760132205;3602;1.0
Meta_698;2950928;6.874527484720005E7;0.38888888888888884;2951781;1.688256307169998E7;0.38888890026541634;3392;0.0
Meta_697;2950928;6.874527484720005E7;0.3333333333333333;2952093;1.5754446192099998E7;0.3331613349628091;3601;0.0
Meta_710;2817635;0.0;0.5;2817635;4300197.732899999;0.49086395051110965;19;0.0
Meta_701;2817635;0.0;0.0;2832244;7657354.718099994;0.2585849578994573;3601;0.3352213766235853
Meta_702;2817635;0.0;0.05555555555555555;2832660;7645477.314699995;0.25861491493304933;3601;0.34789113666452015
Meta_703;2817635;0.0;0.1111111111111111;2831712;7640191.013899992;0.25881235292006366;3601;0.39350576247441943
Meta_704;2817635;0.0;0.16666666666666666;2822100;7303868.145800004;0.261768824659137;3602;0.5222587253067582
Meta_705;2817635;0.0;0.2222222222222222;2817637;6268901.062700002;0.2708121297745537;3601;0.6290930248128624
Meta_706;2817635;0.0;0.2777777777777778;2817635;5221680.112199999;0.3146635765574099;3601;0.6512807640970208
Meta_707;2817635;0.0;0.3333333333333333;2817850;4811277.035299998;0.35668506710032954;3602;0.6045615648786934
Meta_708;2817635;0.0;0.38888888888888884;2809902;4335305.8509;0.4130345041558633;3602;0.6685940359923014
Meta_709;2817635;0.0;0.4444444444444444;2817531;4354277.881899998;0.4462001296844927;3602;0.14490120071457313
Meta_719;2817635;7638363.871911117;0.4444444444444444;2818466;7509369.1894000005;0.44444415432227735;866;0.0
Meta_711;2817635;7638363.871911117;0.0;2832641;7638382.242799998;0.2594015145399198;3602;0.4259788862516107
Meta_720;2817635;7638363.871911117;0.5;2817635;7638358.515099996;0.4887638352445841;776;0.0
Meta_712;2817635;7638363.871911117;0.05555555555555555;2832662;7640558.178799995;0.2593337091019512;3601;0.4461700706974043
Meta_713;2817635;7638363.871911117;0.1111111111111111;2832707;7638386.839999998;0.25966882593964197;3602;0.5231507650808312
Meta_714;2817635;7638363.871911117;0.16666666666666666;2834466;7739286.771499991;0.26187116723322457;3602;0.7244626879029754
Meta_715;2817635;7638363.871911117;0.2222222222222222;2847131;8560613.892399998;0.2611008387910161;3602;1.0
Meta_716;2817635;7638363.871911117;0.2777777777777778;2830996;7937888.8544999985;0.2942028656563054;3601;1.0
Meta_718;2817635;7638363.871911117;0.38888888888888884;2817635;7676780.744099996;0.3974153686740079;3602;1.0
Meta_717;2817635;7638363.871911117;0.3333333333333333;2817910;7638094.039099997;0.3668742899087022;3601;1.0
Meta_730;2817635;1.5276727743822234E7;0.5;2817635;8303454.323499997;0.48838087694671123;795;0.0
Meta_721;2817635;1.5276727743822234E7;0.0;3004893;1.5202467918800015E7;0.2444967229385639;3602;0.42443780424433475
Meta_722;2817635;1.5276727743822234E7;0.05555555555555555;2993217;1.4862441994700016E7;0.24693138049666175;3602;0.4589631723671054
Meta_723;2817635;1.5276727743822234E7;0.1111111111111111;3006230;1.5276788135000015E7;0.24541317628988388;3604;0.5394843735943096
Meta_724;2817635;1.5276727743822234E7;0.16666666666666666;3010571;1.5281708526800005E7;0.2424144895604459;3601;0.7840135372448879
Meta_727;2817635;1.5276727743822234E7;0.3333333333333333;2894184;1.2349043242900003E7;0.33333254466859474;2772;0.0
Meta_725;2817635;1.5276727743822234E7;0.2222222222222222;2985989;1.527671466679999E7;0.26038481886563686;3601;1.0
Meta_726;2817635;1.5276727743822234E7;0.2777777777777778;2980842;1.5253979823099997E7;0.27822112481154493;3602;1.0
Meta_729;2817635;1.5276727743822234E7;0.4444444444444444;2847016;1.0851314637600003E7;0.44300067336335636;2872;0.0
Meta_728;2817635;1.5276727743822234E7;0.38888888888888884;2867123;1.0321252745800003E7;0.3928190850754017;3601;1.0
Meta_736;2817635;2.291509161573335E7;0.2777777777777778;2931076;1.3192452364600006E7;0.2777773067531079;1562;0.0
Meta_739;2817635;2.291509161573335E7;0.4444444444444444;2817635;8530372.44;0.44444378831075965;835;0.0
Meta_740;2817635;2.291509161573335E7;0.5;2817635;8303454.323499997;0.48838087694671123;744;0.0
Meta_737;2817635;2.291509161573335E7;0.3333333333333333;2818230;9018728.465500006;0.3333336950694982;1994;0.0
Meta_731;2817635;2.291509161573335E7;0.0;3083020;1.9984247859399986E7;0.2507485453435178;3602;0.45355760939056217
Meta_732;2817635;2.291509161573335E7;0.05555555555555555;3088622;2.0517444655799996E7;0.2506249326536536;3601;0.4764285982519613
Meta_733;2817635;2.291509161573335E7;0.1111111111111111;3083393;2.0263225370699987E7;0.2494588856670847;3602;0.5589868351728285
Meta_734;2817635;2.291509161573335E7;0.16666666666666666;3077459;1.957422920369999E7;0.24810139641252102;3601;0.8039578141769851
Meta_735;2817635;2.291509161573335E7;0.2222222222222222;3168735;2.2911362191499997E7;0.23160579784305452;3601;1.0
Meta_749;2817635;3.0553455487644468E7;0.4444444444444444;2819134;8420242.516099995;0.44443586109635613;823;0.0
Meta_746;2817635;3.0553455487644468E7;0.2777777777777778;2926620;1.2878915813900007E7;0.2777751307985759;1592;0.0
Meta_738;2817635;2.291509161573335E7;0.38888888888888884;2867123;1.0321252745800003E7;0.3928190850754017;3602;1.0
Meta_747;2817635;3.0553455487644468E7;0.3333333333333333;2836925;8943340.3084;0.33333413105025483;1764;0.0
Meta_750;2817635;3.0553455487644468E7;0.5;2817635;8303454.323499997;0.48838087694671123;801;0.0
Meta_741;2817635;3.0553455487644468E7;0.0;3079996;2.00908466309E7;0.25230482073456095;3602;0.46026804360709445
Meta_742;2817635;3.0553455487644468E7;0.05555555555555555;3079996;2.00908466309E7;0.25230482073456095;3602;0.48372107029686856
Meta_743;2817635;3.0553455487644468E7;0.1111111111111111;3077577;2.0038204675400004E7;0.24896524230607833;3601;0.5567987214306113
Meta_744;2817635;3.0553455487644468E7;0.16666666666666666;3088925;2.0857177796299968E7;0.24936994981549718;3602;0.8077079494929498
Meta_745;2817635;3.0553455487644468E7;0.2222222222222222;2955367;1.4271283417499995E7;0.2587451802648349;3601;1.0
Meta_759;2817635;3.819181935955559E7;0.4444444444444444;2819134;8420242.516099995;0.44443586109635613;665;0.0
Meta_748;2817635;3.0553455487644468E7;0.38888888888888884;2867123;1.0321252745800003E7;0.3928190850754017;3601;1.0
Meta_760;2817635;3.819181935955559E7;0.5;2817635;8303454.323499997;0.48838087694671123;737;0.0
Meta_751;2817635;3.819181935955559E7;0.0;3077865;2.0274580689299982E7;0.25222898383972336;3601;0.45994343579728825
Meta_752;2817635;3.819181935955559E7;0.05555555555555555;3080032;2.0102910533299983E7;0.24607918580361435;3601;0.45584690060620287
Meta_753;2817635;3.819181935955559E7;0.1111111111111111;3081830;2.0138956570499998E7;0.24896107730882003;3601;0.5567827705932814
Meta_757;2817635;3.819181935955559E7;0.3333333333333333;2818508;8258577.8309999965;0.33333339498272724;2759;0.0
Meta_754;2817635;3.819181935955559E7;0.16666666666666666;3087462;2.0343036305099986E7;0.24959497756799837;3602;0.8083333147861895
Meta_755;2817635;3.819181935955559E7;0.2222222222222222;2990292;1.6738189774699995E7;0.2594246514881893;3601;1.0
Meta_756;2817635;3.819181935955559E7;0.2777777777777778;2938674;1.3331006903300012E7;0.2783233562202926;3603;1.0
Meta_758;2817635;3.819181935955559E7;0.38888888888888884;2867123;1.0321252745800003E7;0.3928190850754017;3602;1.0
Meta_769;2817635;4.58301832314667E7;0.4444444444444444;2819134;8420242.516099995;0.44443586109635613;730;0.0
Meta_770;2817635;4.58301832314667E7;0.5;2817635;8303454.323499997;0.48838087694671123;849;0.0
Meta_761;2817635;4.58301832314667E7;0.0;3102910;2.124466438489999E7;0.250837705568367;3601;0.45393594341923493
Meta_762;2817635;4.58301832314667E7;0.05555555555555555;3102862;2.143821048669999E7;0.2505887145458973;3601;0.4762588098028978
Meta_767;2817635;4.58301832314667E7;0.3333333333333333;3003883;1.6392255303899987E7;0.3327074563979719;2752;0.0
Meta_763;2817635;4.58301832314667E7;0.1111111111111111;3072985;1.9584411969499987E7;0.2544414851865239;3601;0.580120404955485
Meta_764;2817635;4.58301832314667E7;0.16666666666666666;3076189;1.976003727529997E7;0.2498308598327833;3602;0.8089858907745024
Meta_765;2817635;4.58301832314667E7;0.2222222222222222;3063725;1.836388968029999E7;0.24806305399485526;3601;1.0
Meta_766;2817635;4.58301832314667E7;0.2777777777777778;2934355;1.3171011560800008E7;0.2792216797516935;3603;1.0
Meta_768;2817635;4.58301832314667E7;0.38888888888888884;2867123;1.0321252745800003E7;0.3928190850754017;3601;1.0
Meta_779;2817635;5.346854710337782E7;0.4444444444444444;2819134;8420242.516099995;0.44443586109635613;740;0.0
Meta_776;2817635;5.346854710337782E7;0.2777777777777778;2958880;1.4192535516500002E7;0.2777795379931063;1140;0.0
Meta_777;2817635;5.346854710337782E7;0.3333333333333333;2827346;9160737.90530001;0.3333328701558234;1121;0.0
Meta_780;2817635;5.346854710337782E7;0.5;2817635;8303454.323499997;0.48838087694671123;715;0.0
Meta_771;2817635;5.346854710337782E7;0.0;3089531;2.084880780709998E7;0.25036875902945377;3601;0.45188844473726425
Meta_772;2817635;5.346854710337782E7;0.05555555555555555;3088448;2.0795117108599976E7;0.25061595419885196;3601;0.4763785465651129
Meta_773;2817635;5.346854710337782E7;0.1111111111111111;3081871;2.046530386959999E7;0.2480920886229942;3602;0.5528894234394057
Meta_774;2817635;5.346854710337782E7;0.16666666666666666;3086426;1.995488538639998E7;0.2494761589334351;3602;0.808004092687589
Meta_775;2817635;5.346854710337782E7;0.2222222222222222;2972786;1.5528172388599997E7;0.26512285887223586;3602;1.0
Meta_787;2817635;6.1106910975288935E7;0.3333333333333333;2879194;1.1685742914000005E7;0.3331507687675432;1035;0.0
Meta_778;2817635;5.346854710337782E7;0.38888888888888884;2867123;1.0321252745800003E7;0.3928190850754017;3602;1.0
Meta_789;2817635;6.1106910975288935E7;0.4444444444444444;2819134;8420242.516099995;0.44443586109635613;785;0.0
Meta_790;2817635;6.1106910975288935E7;0.5;2817635;8303454.323499997;0.48838087694671123;717;0.0
Meta_781;2817635;6.1106910975288935E7;0.0;3074829;2.027000945920001E7;0.25855438281890086;3604;0.47787816590734894
Meta_782;2817635;6.1106910975288935E7;0.05555555555555555;3074829;2.027000945920001E7;0.25855438281890086;3605;0.5010093024059403
Meta_783;2817635;6.1106910975288935E7;0.1111111111111111;3106755;2.1921571666500006E7;0.25182940107095897;3603;0.5586553108580832
Meta_784;2817635;6.1106910975288935E7;0.16666666666666666;3113447;2.1973610935200006E7;0.24958268207228138;3604;0.7922452726331907
Meta_785;2817635;6.1106910975288935E7;0.2222222222222222;3015233;1.7732181288E7;0.2537170134496119;3601;1.0
Meta_786;2817635;6.1106910975288935E7;0.2777777777777778;2940169;1.4759062991300015E7;0.2813779864832987;3601;1.0
Meta_797;2817635;6.874527484720005E7;0.3333333333333333;2908778;1.3130224080000008E7;0.33319754194988727;1209;0.0
Meta_799;2817635;6.874527484720005E7;0.4444444444444444;2819134;8420242.516099995;0.44443586109635613;775;0.0
Meta_788;2817635;6.1106910975288935E7;0.38888888888888884;2867123;1.0321252745800003E7;0.3928190850754017;3601;1.0
Meta_800;2817635;6.874527484720005E7;0.5;2817635;8303454.323499997;0.48838087694671123;731;0.0
Meta_791;2817635;6.874527484720005E7;0.0;3074829;2.027000945920001E7;0.25855438281890086;3605;0.4778781659073487
Meta_792;2817635;6.874527484720005E7;0.05555555555555555;3026789;1.8288571356399998E7;0.2541028242665161;3603;0.48248743152185464
Meta_793;2817635;6.874527484720005E7;0.1111111111111111;3107186;2.1890033089399997E7;0.24391736675673467;3604;0.5219402435651327
Meta_794;2817635;6.874527484720005E7;0.16666666666666666;3113724;2.19879136708E7;0.24962350534212846;3603;0.792367872588136
Meta_795;2817635;6.874527484720005E7;0.2222222222222222;3029996;1.775318667979998E7;0.2638870680126511;3602;1.0
Meta_796;2817635;6.874527484720005E7;0.2777777777777778;2941232;1.4464718929500012E7;0.2813882750314693;3601;1.0
Meta_798;2817635;6.874527484720005E7;0.38888888888888884;2819868;1.0208245435199996E7;0.38885879895092185;3375;0.0
Meta_810;2684341;0.0;0.5;2684341;1521482.9929999998;0.48055415222568776;18;0.0
Meta_801;2684341;0.0;0.0;2834257;7695260.208099997;0.2535488657296065;3601;0.314197040266234
Meta_802;2684341;0.0;0.05555555555555555;2834257;7695125.302599996;0.25354955264255474;3602;0.32653755196867545
Meta_803;2684341;0.0;0.1111111111111111;2833424;7653006.7554999925;0.25383423439083197;3602;0.37059153155927843
Meta_804;2684341;0.0;0.16666666666666666;2825340;7482670.233599996;0.25516828192487356;3602;0.4728437395798359
Meta_805;2684341;0.0;0.2222222222222222;2714409;4354133.440800004;0.29327047345853924;3602;0.7885268051571906
Meta_806;2684341;0.0;0.2777777777777778;2684340;2635109.085000001;0.3364392303346266;3602;0.8581860929527523
Meta_807;2684341;0.0;0.3333333333333333;2684341;2200351.6234;0.36281309201050094;3602;0.8201026288984005
Meta_808;2684341;0.0;0.38888888888888884;2684341;1706771.3105;0.4072542445061358;3602;0.7936334961737268
Meta_809;2684341;0.0;0.4444444444444444;2684341;1560861.1720000003;0.4448556040715467;3601;0.10322129989910418
Meta_820;2684341;7638363.871911117;0.5;2684341;3265090.325499999;0.4769944446601765;15;0.0
Meta_811;2684341;7638363.871911117;0.0;2833942;7656241.180599995;0.2580308917420201;3601;0.4200516439075705
Meta_812;2684341;7638363.871911117;0.05555555555555555;2833194;7638436.5602999935;0.2584846864875185;3602;0.44216221912087045
Meta_813;2684341;7638363.871911117;0.1111111111111111;2832752;7638536.074599997;0.2629929007805732;3602;0.5387609455164948
Meta_818;2684341;7638363.871911117;0.38888888888888884;2758726;6875836.143800002;0.3888892026005011;2174;0.0
Meta_814;2684341;7638363.871911117;0.16666666666666666;2835659;7757213.938699989;0.2571111280723202;3602;0.7104146851230422
Meta_815;2684341;7638363.871911117;0.2222222222222222;2853346;8738262.105199993;0.26325398247059884;3603;1.0
Meta_816;2684341;7638363.871911117;0.2777777777777778;2786287;7638361.860400003;0.32340068028278873;3602;1.0
Meta_817;2684341;7638363.871911117;0.3333333333333333;2764358;7498294.301000006;0.3467398309407942;3601;1.0
Meta_819;2684341;7638363.871911117;0.4444444444444444;2802156;7638590.984;0.3849878012917695;3601;1.0
Meta_830;2684341;1.5276727743822234E7;0.5;2684341;3265090.325499999;0.4769944446601765;15;0.0
Meta_821;2684341;1.5276727743822234E7;0.0;3006465;1.5267412530900013E7;0.24390868656088302;3603;0.42183353620174724
Meta_822;2684341;1.5276727743822234E7;0.05555555555555555;3006539;1.5276739842700016E7;0.24341295256890622;3603;0.44252860586391096
Meta_829;2684341;1.5276727743822234E7;0.4444444444444444;2713868;5334631.708699999;0.4410306153755906;1869;0.0
Meta_823;2684341;1.5276727743822234E7;0.1111111111111111;3006895;1.5276804431900002E7;0.2448507347598736;3603;0.5368195851856842
Meta_824;2684341;1.5276727743822234E7;0.16666666666666666;3004548;1.527671827210001E7;0.24323587447695413;3601;0.7868716354226616
Meta_825;2684341;1.5276727743822234E7;0.2222222222222222;2957475;1.4130181196800007E7;0.2595563928810509;3601;1.0
Meta_826;2684341;1.5276727743822234E7;0.2777777777777778;2876377;1.2219581060200015E7;0.2923307849606359;3601;1.0
Meta_827;2684341;1.5276727743822234E7;0.3333333333333333;2911867;1.2725739423100002E7;0.3514900999336717;3601;1.0
Meta_828;2684341;1.5276727743822234E7;0.38888888888888884;2753342;6679283.562899994;0.4050057979506237;3602;1.0
Meta_840;2684341;2.291509161573335E7;0.5;2684341;3265090.325499999;0.4769944446601765;19;0.0
Meta_831;2684341;2.291509161573335E7;0.0;3092434;2.027638767939999E7;0.24923092554100507;3603;0.4470685239932058
Meta_832;2684341;2.291509161573335E7;0.05555555555555555;3072823;1.955273002420001E7;0.2519021882797251;3602;0.48218686809301237
Meta_839;2684341;2.291509161573335E7;0.4444444444444444;2896938;1.142582508550001E7;0.34675453945004864;1263;0.0
Meta_833;2684341;2.291509161573335E7;0.1111111111111111;3104411;2.0974443622399986E7;0.2484776345923563;3604;0.5548163004964157
Meta_834;2684341;2.291509161573335E7;0.16666666666666666;3069213;1.944050373380001E7;0.2517036952546649;3601;0.8133574449233015
Meta_835;2684341;2.291509161573335E7;0.2222222222222222;3054610;1.8278717916699998E7;0.2553051808920401;3601;1.0
Meta_836;2684341;2.291509161573335E7;0.2777777777777778;2871592;1.213716703570001E7;0.29464866014629576;3601;1.0
Meta_837;2684341;2.291509161573335E7;0.3333333333333333;2836346;8992609.171400003;0.3420635119514663;3601;1.0
Meta_838;2684341;2.291509161573335E7;0.38888888888888884;2751760;6372550.984999997;0.39056558829335386;3602;1.0
Meta_850;2684341;3.0553455487644468E7;0.5;2684341;3265090.325499999;0.4769944446601765;17;0.0
Meta_841;2684341;3.0553455487644468E7;0.0;3078044;1.96771104485E7;0.2529653134570682;3601;0.4632733313703912
Meta_849;2684341;3.0553455487644468E7;0.4444444444444444;2896938;1.142582508550001E7;0.34675453945004864;1331;0.0
Meta_842;2684341;3.0553455487644468E7;0.05555555555555555;3078044;1.96771104485E7;0.2529653134570682;3601;0.4867501437063557
Meta_843;2684341;3.0553455487644468E7;0.1111111111111111;3108717;2.086380549609999E7;0.23730767523400684;3601;0.49987657290159626
Meta_844;2684341;3.0553455487644468E7;0.16666666666666666;3075829;1.9675671038800005E7;0.25874887238753974;3601;0.8304910825681605
Meta_845;2684341;3.0553455487644468E7;0.2222222222222222;2937774;1.4070706314399987E7;0.2951879871638352;3601;1.0
Meta_846;2684341;3.0553455487644468E7;0.2777777777777778;2871592;1.213716703570001E7;0.29464866014629576;3601;1.0
Meta_847;2684341;3.0553455487644468E7;0.3333333333333333;2829368;8678313.914200004;0.35200576992933685;3602;1.0
Meta_848;2684341;3.0553455487644468E7;0.38888888888888884;2771626;7979059.9064;0.4075988593678696;3602;1.0
Meta_860;2684341;3.819181935955559E7;0.5;2684341;3265090.325499999;0.4769944446601765;18;0.0
Meta_851;2684341;3.819181935955559E7;0.0;3077934;2.0444232794499997E7;0.24076129075904829;3601;0.4074817302120515
Meta_852;2684341;3.819181935955559E7;0.05555555555555555;3066976;1.984841380759998E7;0.2532279174955409;3601;0.48786783508654397
Meta_859;2684341;3.819181935955559E7;0.4444444444444444;2896938;1.142582508550001E7;0.34675453945004864;1277;0.0
Meta_853;2684341;3.819181935955559E7;0.1111111111111111;3091040;2.03617276485E7;0.25125324185226733;3601;0.5669516121765291
Meta_854;2684341;3.819181935955559E7;0.16666666666666666;3107229;2.0834356350600004E7;0.2567522497423668;3601;0.825918688201097
Meta_855;2684341;3.819181935955559E7;0.2222222222222222;3050779;1.8528121650299992E7;0.24266115878851235;3601;1.0
Meta_856;2684341;3.819181935955559E7;0.2777777777777778;2871592;1.213716703570001E7;0.29464866014629576;3601;1.0
Meta_857;2684341;3.819181935955559E7;0.3333333333333333;2909411;1.2153505167399999E7;0.3440186399909042;3601;1.0
Meta_869;2684341;4.58301832314667E7;0.4444444444444444;3172054;2.436195323009999E7;0.2470656674570603;818;0.0
Meta_870;2684341;4.58301832314667E7;0.5;2684341;3265090.325499999;0.4769944446601765;19;0.0
Meta_858;2684341;3.819181935955559E7;0.38888888888888884;2796660;8356002.041900003;0.38888900195459275;3566;0.0
Meta_861;2684341;4.58301832314667E7;0.0;3078106;1.978463636309998E7;0.2501160553358049;3601;0.45097522454770356
Meta_862;2684341;4.58301832314667E7;0.05555555555555555;3094157;2.0605799688699972E7;0.24809873782115893;3602;0.46534407437844466
Meta_868;2684341;4.58301832314667E7;0.38888888888888884;2705881;4650926.277200002;0.3888867376023112;2231;0.0
Meta_863;2684341;4.58301832314667E7;0.1111111111111111;3077587;2.0031084426999982E7;0.2494227005163841;3601;0.5588152376861896
Meta_864;2684341;4.58301832314667E7;0.16666666666666666;3060801;1.929949035660001E7;0.251644339246256;3602;0.8132025410027216
Meta_865;2684341;4.58301832314667E7;0.2222222222222222;3032700;1.712528022140001E7;0.2537352105347808;3602;1.0
Meta_867;2684341;4.58301832314667E7;0.3333333333333333;2863862;1.16724943115E7;0.33333380646173827;3358;0.0
Meta_866;2684341;4.58301832314667E7;0.2777777777777778;2871592;1.213716703570001E7;0.29464866014629576;3601;1.0
Meta_880;2684341;5.346854710337782E7;0.5;2684341;3265090.325499999;0.4769944446601765;15;0.0
Meta_879;2684341;5.346854710337782E7;0.4444444444444444;2934252;1.59770873956E7;0.3268725616124823;1256;0.0
Meta_871;2684341;5.346854710337782E7;0.0;3089810;2.0625873110999987E7;0.24879296986297697;3602;0.4451202450619043
Meta_872;2684341;5.346854710337782E7;0.05555555555555555;3088664;2.0091336005099993E7;0.25143200308032515;3601;0.48014890905072033
Meta_873;2684341;5.346854710337782E7;0.1111111111111111;3077037;1.9889380490200005E7;0.2503486547768814;3601;0.562871865927916
Meta_874;2684341;5.346854710337782E7;0.16666666666666666;3092200;2.0244703638000004E7;0.25641462669935156;3601;0.8274341973286301
Meta_875;2684341;5.346854710337782E7;0.2222222222222222;2944973;1.3710246464199996E7;0.2458874375870174;3601;1.0
Meta_876;2684341;5.346854710337782E7;0.2777777777777778;3005178;1.775432848129999E7;0.29583617389552397;3602;1.0
Meta_877;2684341;5.346854710337782E7;0.3333333333333333;2849354;1.0254682482099997E7;0.36219970835522775;3602;1.0
Meta_878;2684341;5.346854710337782E7;0.38888888888888884;2750413;6599971.239500003;0.3894140403106035;3602;1.0
Meta_890;2684341;6.1106910975288935E7;0.5;2684341;3265090.325499999;0.4769944446601765;15;0.0
Meta_881;2684341;6.1106910975288935E7;0.0;3073028;2.0800458701399993E7;0.24902263513194395;3606;0.4374217555782358
Meta_889;2684341;6.1106910975288935E7;0.4444444444444444;2934252;1.59770873956E7;0.3268725616124823;1173;0.0
Meta_882;2684341;6.1106910975288935E7;0.05555555555555555;3077591;2.10796000785E7;0.24913810792376206;3604;0.4608593650101902
Meta_888;2684341;6.1106910975288935E7;0.38888888888888884;2730625;6381550.159800001;0.38888756039032296;1560;0.0
Meta_883;2684341;6.1106910975288935E7;0.1111111111111111;3068023;2.0472262378000006E7;0.24812848935322313;3603;0.5420532166689553
Meta_884;2684341;6.1106910975288935E7;0.16666666666666666;3087728;2.095323604899999E7;0.2503793147087857;3604;0.7966774950068768
Meta_885;2684341;6.1106910975288935E7;0.2222222222222222;2933394;1.3777736154400008E7;0.2588747144446124;3601;1.0
Meta_886;2684341;6.1106910975288935E7;0.2777777777777778;2919383;1.4341074602999998E7;0.29593607531801025;3601;1.0
Meta_887;2684341;6.1106910975288935E7;0.3333333333333333;2849354;1.0254682482099997E7;0.36219970835522775;3601;1.0
Meta_900;2684341;6.874527484720005E7;0.5;2684341;3265090.325499999;0.4769944446601765;15;0.0
Meta_891;2684341;6.874527484720005E7;0.0;3073028;2.0800458701399993E7;0.24902263513194395;3604;0.4374217555782358
Meta_899;2684341;6.874527484720005E7;0.4444444444444444;2934252;1.59770873956E7;0.3268725616124823;1181;0.0
Meta_892;2684341;6.874527484720005E7;0.05555555555555555;3044990;1.9335567009299986E7;0.24887352193220852;3602;0.4596521334329573
Meta_898;2684341;6.874527484720005E7;0.38888888888888884;2730625;6381550.159800001;0.38888756039032296;1870;0.0
Meta_893;2684341;6.874527484720005E7;0.1111111111111111;3066934;2.0829650853200007E7;0.24988746721603536;3601;0.5500607241243263
Meta_895;2684341;6.874527484720005E7;0.2222222222222222;2940383;1.3485523369500013E7;0.2519479258040972;3601;1.0
Meta_894;2684341;6.874527484720005E7;0.16666666666666666;3111694;2.16473514796E7;0.24495276148033454;3605;0.7798343037805269
Meta_896;2684341;6.874527484720005E7;0.2777777777777778;2883289;1.2484875144300004E7;0.29123494480149376;3602;1.0
Meta_909;2551048;0.0;0.4444444444444444;2551048;0.0;0.4402897674826242;21;0.0
Meta_910;2551048;0.0;0.5;2551048;0.0;0.4402897674826242;16;0.0
Meta_897;2684341;6.874527484720005E7;0.3333333333333333;2849354;1.0254682482099997E7;0.36219970835522775;3601;1.0
Meta_901;2551048;0.0;0.0;2833498;7658050.5279;0.2536852647914625;3602;0.31407213650167787
Meta_902;2551048;0.0;0.05555555555555555;2833498;7658050.5279;0.2536852647914625;3602;0.3264097023098445
Meta_903;2551048;0.0;0.1111111111111111;2833430;7651199.702499995;0.2538936226995558;3601;0.37082592402726366
Meta_904;2551048;0.0;0.16666666666666666;2825674;7485731.441999995;0.2556624185844243;3602;0.4753848473176794
Meta_905;2551048;0.0;0.2222222222222222;2713502;4351882.725700004;0.2933035571709024;3602;0.788547941769034
Meta_906;2551048;0.0;0.2777777777777778;2675179;3125616.268999999;0.3215564125888793;3602;0.8367766864166416
Meta_907;2551048;0.0;0.3333333333333333;2617672;1563550.3908999986;0.3580783792103567;3601;0.8492230633217497
Meta_908;2551048;0.0;0.38888888888888884;2577305;507479.8030999999;0.4157669857222097;3602;0.9866090891494604
Meta_919;2551048;7638363.871911117;0.4444444444444444;2551048;0.0;0.4402897674826242;16;0.0
Meta_920;2551048;7638363.871911117;0.5;2551048;0.0;0.4402897674826242;17;0.0
Meta_911;2551048;7638363.871911117;0.0;2834460;7642249.423599992;0.2578476527513161;3602;0.4191434135364972
Meta_912;2551048;7638363.871911117;0.05555555555555555;2835072;7657580.076699991;0.2573857754303772;3602;0.43774158159240995
Meta_913;2551048;7638363.871911117;0.1111111111111111;2833717;7638322.250099992;0.2600279300609128;3602;0.5245499422762082
Meta_914;2551048;7638363.871911117;0.16666666666666666;2839241;7841893.736799998;0.25777974504116313;3602;0.7081083001119769
Meta_915;2551048;7638363.871911117;0.2222222222222222;2805431;7638316.404900004;0.2851327011009289;3602;1.0
Meta_917;2551048;7638363.871911117;0.3333333333333333;2794969;7083496.693800003;0.33332080862519053;3201;0.0
Meta_916;2551048;7638363.871911117;0.2777777777777778;2811126;7622340.456800007;0.2896351796241187;3601;1.0
Meta_929;2551048;1.5276727743822234E7;0.4444444444444444;2551048;0.0;0.4402897674826242;19;0.0
Meta_930;2551048;1.5276727743822234E7;0.5;2551048;0.0;0.4402897674826242;18;0.0
Meta_918;2551048;7638363.871911117;0.38888888888888884;2686749;4262915.570600001;0.38913473423868394;3602;1.0
Meta_921;2551048;1.5276727743822234E7;0.0;3006694;1.5290501766399993E7;0.2443179257861617;3601;0.4241012366625334
Meta_922;2551048;1.5276727743822234E7;0.05555555555555555;3006867;1.5287907583099991E7;0.2451482193217697;3602;0.45109491399603874
Meta_923;2551048;1.5276727743822234E7;0.1111111111111111;3006146;1.5276793728400003E7;0.24495716874221454;3601;0.5363286741089067
Meta_924;2551048;1.5276727743822234E7;0.16666666666666666;2999475;1.5276616460900003E7;0.2450272648573534;3603;0.7808193015426174
Meta_925;2551048;1.5276727743822234E7;0.2222222222222222;2986175;1.5276722197200006E7;0.25558256554024883;3601;1.0
Meta_928;2551048;1.5276727743822234E7;0.38888888888888884;2684127;4045739.6535999975;0.38888761727902393;2977;0.0
Meta_927;2551048;1.5276727743822234E7;0.3333333333333333;2818520;8598370.2102;0.33330820993237864;3458;0.0
Meta_926;2551048;1.5276727743822234E7;0.2777777777777778;2867470;1.2591493223800013E7;0.3012888950087031;3601;1.0
Meta_939;2551048;2.291509161573335E7;0.4444444444444444;2551048;0.0;0.4402897674826242;12;0.0
Meta_940;2551048;2.291509161573335E7;0.5;2551048;0.0;0.4402897674826242;17;0.0
Meta_931;2551048;2.291509161573335E7;0.0;3067909;1.9664413231499985E7;0.24591453354355186;3602;0.4320315249898256
Meta_932;2551048;2.291509161573335E7;0.05555555555555555;3068115;1.9973569116999988E7;0.24553720145939234;3602;0.4535012973888841
Meta_933;2551048;2.291509161573335E7;0.1111111111111111;3070036;1.962193134569999E7;0.2503254357670343;3603;0.5623210759187831
Meta_934;2551048;2.291509161573335E7;0.16666666666666666;3057343;1.9659576672899988E7;0.25551512613532523;3601;0.8120271612439237
Meta_935;2551048;2.291509161573335E7;0.2222222222222222;3068982;1.9672363198900018E7;0.2540953672432718;3602;1.0
Meta_936;2551048;2.291509161573335E7;0.2777777777777778;2860361;1.0067245725200007E7;0.29105255279699344;3602;1.0
Meta_937;2551048;2.291509161573335E7;0.3333333333333333;2867681;1.2561688183600005E7;0.33783486545852914;3601;1.0
Meta_949;2551048;3.0553455487644468E7;0.4444444444444444;2551048;0.0;0.4402897674826242;16;0.0
Meta_950;2551048;3.0553455487644468E7;0.5;2551048;0.0;0.4402897674826242;11;0.0
Meta_938;2551048;2.291509161573335E7;0.38888888888888884;2661662;3499760.8840000015;0.3903764965703887;3602;1.0
Meta_941;2551048;3.0553455487644468E7;0.0;3079722;1.9846943792E7;0.24834191801011773;3601;0.44319323668648875
Meta_942;2551048;3.0553455487644468E7;0.05555555555555555;3078856;1.98192754529E7;0.24861670689464668;3601;0.4677815283318306
Meta_943;2551048;3.0553455487644468E7;0.1111111111111111;3091687;2.04349077257E7;0.25137679927912965;3601;0.5668739656106373
Meta_944;2551048;3.0553455487644468E7;0.16666666666666666;3058224;1.9532294053099986E7;0.26052980190358443;3601;0.8241583334455014
Meta_945;2551048;3.0553455487644468E7;0.2222222222222222;3018904;1.7647598801900007E7;0.25510355202711976;3601;1.0
Meta_946;2551048;3.0553455487644468E7;0.2777777777777778;2867470;1.2591493223800013E7;0.3012888950087031;3601;1.0
Meta_947;2551048;3.0553455487644468E7;0.3333333333333333;2851440;1.1714254841899997E7;0.33527950689568403;3602;1.0
Meta_948;2551048;3.0553455487644468E7;0.38888888888888884;2661656;3499681.4754000013;0.3903982398473555;3602;1.0
Meta_959;2551048;3.819181935955559E7;0.4444444444444444;2551048;0.0;0.4402897674826242;14;0.0
Meta_960;2551048;3.819181935955559E7;0.5;2551048;0.0;0.4402897674826242;18;0.0
Meta_957;2551048;3.819181935955559E7;0.3333333333333333;2822628;1.0826886086699996E7;0.33333210501405797;930;0.0
Meta_951;2551048;3.819181935955559E7;0.0;3077863;1.9694152671699997E7;0.24900742284302646;3601;0.4461661810826544
Meta_952;2551048;3.819181935955559E7;0.05555555555555555;3079331;2.021633656350001E7;0.2424420426926617;3602;0.4388057146656133
Meta_953;2551048;3.819181935955559E7;0.1111111111111111;3075984;2.0084961038299993E7;0.24954371761555372;3604;0.5589075187019907
Meta_954;2551048;3.819181935955559E7;0.16666666666666666;3058224;1.9532294053099986E7;0.26052980190358443;3602;0.8241583334454965
Meta_955;2551048;3.819181935955559E7;0.2222222222222222;2963375;1.4567133857800007E7;0.26256215724198156;3602;1.0
Meta_956;2551048;3.819181935955559E7;0.2777777777777778;2867470;1.2591493223800013E7;0.3012888950087031;3602;1.0
Meta_969;2551048;4.58301832314667E7;0.4444444444444444;2551048;0.0;0.4402897674826242;15;0.0
Meta_970;2551048;4.58301832314667E7;0.5;2551048;0.0;0.4402897674826242;15;0.0
Meta_958;2551048;3.819181935955559E7;0.38888888888888884;2661656;3499681.4754000013;0.3903982398473555;3602;1.0
Meta_961;2551048;4.58301832314667E7;0.0;3068110;1.9585498484800007E7;0.24733241843862652;3601;0.4386391404988887
Meta_962;2551048;4.58301832314667E7;0.05555555555555555;3068916;1.960780065250001E7;0.24684199667790188;3601;0.45969169905012963
Meta_963;2551048;4.58301832314667E7;0.1111111111111111;3051783;1.91115821293E7;0.25112727370483906;3601;0.5657913771439587
Meta_964;2551048;4.58301832314667E7;0.16666666666666666;3058224;1.9532294053099986E7;0.26052980190358443;3601;0.8241583334454968
Meta_965;2551048;4.58301832314667E7;0.2222222222222222;2963373;1.4567193870200006E7;0.262563520855329;3601;1.0
Meta_966;2551048;4.58301832314667E7;0.2777777777777778;2867470;1.2591493223800013E7;0.3012888950087031;3602;1.0
Meta_967;2551048;4.58301832314667E7;0.3333333333333333;2842371;1.1389751115999999E7;0.3381201305049038;3601;1.0
Meta_979;2551048;5.346854710337782E7;0.4444444444444444;2551048;0.0;0.4402897674826242;15;0.0
Meta_980;2551048;5.346854710337782E7;0.5;2551048;0.0;0.4402897674826242;13;0.0
Meta_968;2551048;4.58301832314667E7;0.38888888888888884;2661662;3499760.8840000015;0.3903764965703887;3601;1.0
Meta_971;2551048;5.346854710337782E7;0.0;3073086;1.9822521550799992E7;0.2477969756082622;3601;0.44074156228924266
Meta_972;2551048;5.346854710337782E7;0.05555555555555555;3076200;2.00399578038E7;0.2471068577844657;3602;0.4609112067518642
Meta_973;2551048;5.346854710337782E7;0.1111111111111111;3078880;1.9834003632299993E7;0.24914992230921862;3601;0.5571656495860317
Meta_974;2551048;5.346854710337782E7;0.16666666666666666;3058224;1.9532294053099986E7;0.26052980190358443;3602;0.8241633658241595
Meta_975;2551048;5.346854710337782E7;0.2222222222222222;3020149;1.7582394296999995E7;0.257474490308664;3602;1.0
Meta_976;2551048;5.346854710337782E7;0.2777777777777778;2928625;1.4763959812299995E7;0.27777401277631963;3565;0.0
Meta_978;2551048;5.346854710337782E7;0.38888888888888884;2714219;5008400.457600002;0.3888232647825049;3063;0.0
Meta_989;2551048;6.1106910975288935E7;0.4444444444444444;2551048;0.0;0.4402897674826242;11;0.0
Meta_987;2551048;6.1106910975288935E7;0.3333333333333333;2818338;1.0747477654700002E7;0.33333465273212215;867;0.0
Meta_990;2551048;6.1106910975288935E7;0.5;2551048;0.0;0.4402897674826242;15;0.0
Meta_977;2551048;5.346854710337782E7;0.3333333333333333;2842371;1.1389751115999999E7;0.3381201305049038;3602;1.0
Meta_981;2551048;6.1106910975288935E7;0.0;3076142;2.05499718295E7;0.24450730302087254;3602;0.4164831486610908
Meta_982;2551048;6.1106910975288935E7;0.05555555555555555;3075974;2.0490711358699992E7;0.24811299115442934;3603;0.45619172601190555
Meta_983;2551048;6.1106910975288935E7;0.1111111111111111;3100604;2.1489289656800006E7;0.24929992990357952;3603;0.546988199417842
Meta_984;2551048;6.1106910975288935E7;0.16666666666666666;3095369;2.160906405890002E7;0.24890288850339742;3602;0.7773842465790906
Meta_986;2551048;6.1106910975288935E7;0.2777777777777778;2928625;1.4763959812299995E7;0.27777401277631963;3553;0.0
Meta_985;2551048;6.1106910975288935E7;0.2222222222222222;2951042;1.5660968995300017E7;0.2824984721995044;3601;1.0
Meta_999;2551048;6.874527484720005E7;0.4444444444444444;2551048;0.0;0.4402897674826242;15;0.0
Meta_1000;2551048;6.874527484720005E7;0.5;2551048;0.0;0.4402897674826242;15;0.0
Meta_988;2551048;6.1106910975288935E7;0.38888888888888884;2704896;5409544.906300004;0.3993155963805183;3602;1.0
Meta_991;2551048;6.874527484720005E7;0.0;3079779;2.0677086986300007E7;0.24292092729663975;3602;0.4088370415283406
Meta_992;2551048;6.874527484720005E7;0.05555555555555555;3095003;2.103209421590001E7;0.24425966583543743;3602;0.4379552734318213
Meta_993;2551048;6.874527484720005E7;0.1111111111111111;3114408;2.2156227930100005E7;0.24983986187274934;3602;0.5494152978232612
Meta_994;2551048;6.874527484720005E7;0.16666666666666666;3095369;2.160906405890002E7;0.24890288850339742;3602;0.7773842465790906
Meta_995;2551048;6.874527484720005E7;0.2222222222222222;2951042;1.5660968995300017E7;0.2824984721995044;3601;1.0
Meta_996;2551048;6.874527484720005E7;0.2777777777777778;2904021;1.296907404009999E7;0.27815852368032945;3601;1.0
Meta_997;2551048;6.874527484720005E7;0.3333333333333333;2810768;1.0555270823999995E7;0.33420424850364794;3601;1.0
Meta_998;2551048;6.874527484720005E7;0.38888888888888884;2704896;5409544.906300004;0.3993155963805183;3601;1.0
