Meta_1;458326;0.0;0.0;422665;1884183.6821702004;0.3549148276252875;3600;0.43383367816566704
Meta_10;458326;0.0;0.5;433103;1194230.0284133637;0.4714934807211401;5;0.0
Meta_100;458326;9430280.723766267;0.5;457707;6454051.20145179;0.37319851247397484;3600;1.0
Meta_1000;311742;9430280.723766267;0.5;311742;664809.02759317;0.47270383971195923;1;0.0
Meta_101;442038;0.0;0.0;415080;1383615.419072638;0.35982284080943727;3600;0.4512142604377013
Meta_102;442038;0.0;0.05555555555555555;409845;1006102.8008482913;0.37372688163288226;3600;0.48690116185051124
Meta_103;442038;0.0;0.1111111111111111;416833;1505077.7793110756;0.3517583831338266;3600;0.4731466068948519
Meta_104;442038;0.0;0.16666666666666666;426893;1845016.2306727315;0.34813875634117175;3600;0.4968840042573466
Meta_105;442038;0.0;0.2222222222222222;414074;1176761.04575637;0.36935740103798054;3600;0.5650672620933835
Meta_106;442038;0.0;0.2777777777777778;418483;1334271.9843145746;0.3573181247665613;3600;0.48524393043728886
Meta_107;442038;0.0;0.3333333333333333;422205;1443130.815055386;0.36074557855714434;3600;0.39291114260490156
Meta_108;442038;0.0;0.38888888888888884;423687;1140717.9115152003;0.3888999246660435;3600;0.12479268037779075
Meta_109;442038;0.0;0.4444444444444444;433353;1226434.6928784098;0.444441111428116;3600;0.0026124962907930847
Meta_11;458326;1047808.969307363;0.0;412160;1256043.96731345;0.35991505384666783;3600;0.48270020237349914
Meta_110;442038;0.0;0.5;433103;1194230.0284133637;0.4714934807210811;19;0.0
Meta_111;442038;1047808.969307363;0.0;418497;1474946.8921276892;0.3534028810304883;3600;0.4753346577726929
Meta_112;442038;1047808.969307363;0.05555555555555555;425636;1793308.5905956975;0.3530249811793059;3600;0.533985664739338
Meta_113;442038;1047808.969307363;0.1111111111111111;413287;1261627.44674586;0.35781264543490304;3600;0.535540631952375
Meta_114;442038;1047808.969307363;0.16666666666666666;421610;1899395.6372534554;0.3435578289954955;3600;0.5737244934217147
Meta_115;442038;1047808.969307363;0.2222222222222222;423748;1720770.2681498437;0.35098244624539904;3600;0.6595182941367929
Meta_116;442038;1047808.969307363;0.2777777777777778;422338;1531587.3383179351;0.3599669034491935;3600;0.6736423936539183
Meta_117;442038;1047808.969307363;0.3333333333333333;423217;1529542.9896808665;0.356838017989856;3600;0.562965050591267
Meta_118;442038;1047808.969307363;0.38888888888888884;428881;1308746.6430762752;0.38889179264063417;3600;0.20329201701105887
Meta_119;442038;1047808.969307363;0.4444444444444444;433688;1239860.149206902;0.44444422788270427;3600;0.005565746967521017
Meta_12;458326;1047808.969307363;0.05555555555555555;419034;1743108.6140446544;0.3497342728087267;3600;0.48134673523538485
Meta_120;442038;1047808.969307363;0.5;433103;1194230.0284133637;0.4714934807210811;18;2.1632333081107893E-16
Meta_121;442038;2095617.938614726;0.0;421471;2107525.0278175;0.334974047751453;3600;0.5735413714585085
Meta_122;442038;2095617.938614726;0.05555555555555555;417395;2091104.6341497472;0.34229089281122804;3600;0.6009948928248473
Meta_123;442038;2095617.938614726;0.1111111111111111;429177;2093920.1453585953;0.345303484265038;3600;0.6319079773646847
Meta_124;442038;2095617.938614726;0.16666666666666666;425099;2185385.466471027;0.33577257169395136;3600;0.7027490449478356
Meta_125;442038;2095617.938614726;0.2222222222222222;430444;2095177.522272685;0.36494940359435224;3600;0.82833484263052
Meta_126;442038;2095617.938614726;0.2777777777777778;424781;2163295.778435616;0.3425958196688062;3600;0.8903516258812627
Meta_127;442038;2095617.938614726;0.3333333333333333;432836;2111532.6770307734;0.34997806495643596;3600;1.0
Meta_128;442038;2095617.938614726;0.38888888888888884;439701;2089875.2039204154;0.3888841830116413;3600;1.0
Meta_129;442038;2095617.938614726;0.4444444444444444;442038;2095549.0016941796;0.4369600316566624;9;0.0
Meta_13;458326;1047808.969307363;0.1111111111111111;419058;1876493.824836185;0.34175975276218395;3600;0.49885870011293104
Meta_130;442038;2095617.938614726;0.5;442038;2070131.8391934081;0.4444289123436411;7;0.0
Meta_131;442038;3143426.907922089;0.0;428163;3141962.145245547;0.3302876656065474;3600;0.639910707595207
Meta_132;442038;3143426.907922089;0.05555555555555555;416982;3141520.193738929;0.33706421534631287;3600;0.7018587883812764
Meta_133;442038;3143426.907922089;0.1111111111111111;420739;3143658.0931153395;0.3166712054233628;3600;0.7192251637556019
Meta_134;442038;3143426.907922089;0.16666666666666666;433673;3145512.150879268;0.3218502926075101;3600;0.7841860870545037
Meta_135;442038;3143426.907922089;0.2222222222222222;428094;3095542.093954052;0.32662564896339935;3600;1.0
Meta_136;442038;3143426.907922089;0.2777777777777778;429128;3143252.716970183;0.33231077309364826;3600;1.0
Meta_137;442038;3143426.907922089;0.3333333333333333;441181;3143307.5518878223;0.3425262273720627;3600;1.0
Meta_138;442038;3143426.907922089;0.38888888888888884;442039;3103227.62125264;0.3888831566194717;354;0.0
Meta_139;442038;3143426.907922089;0.4444444444444444;442038;3143445.190906481;0.42984178404401374;10;0.0
Meta_14;458326;1047808.969307363;0.16666666666666666;418418;1449697.6229894164;0.35631167286956367;3600;0.5526524782780234
Meta_140;442038;3143426.907922089;0.5;442038;3126223.1865136307;0.4355499179177517;13;0.0
Meta_141;442038;4191235.877229452;0.0;427472;3870261.870904782;0.3376018935583065;3600;0.6791374635961626
Meta_142;442038;4191235.877229452;0.05555555555555555;437224;4185745.7603033916;0.321136310393226;3600;0.5908485344942274
Meta_143;442038;4191235.877229452;0.1111111111111111;425349;4214300.116606717;0.31790869563748086;3600;0.7900891982790974
Meta_144;442038;4191235.877229452;0.16666666666666666;442007;4191246.065044858;0.3246390743911364;3600;0.9956362614347695
Meta_145;442038;4191235.877229452;0.2222222222222222;438392;4180428.0477939574;0.33315716180383653;3600;1.0
Meta_146;442038;4191235.877229452;0.2777777777777778;434323;4064521.8756007478;0.3296274954094738;3600;1.0
Meta_147;442038;4191235.877229452;0.3333333333333333;440644;4115366.9507857794;0.33548732626273114;3600;1.0
Meta_148;442038;4191235.877229452;0.38888888888888884;442038;3878828.744073376;0.387934061080476;191;0.0
Meta_149;442038;4191235.877229452;0.4444444444444444;442038;4191212.102350594;0.437632754283714;10;0.0
Meta_15;458326;1047808.969307363;0.2222222222222222;423984;1598940.0850647418;0.35499200559580674;3600;0.5713921373984521
Meta_150;442038;4191235.877229452;0.5;442038;3445879.9803933837;0.4290108454934412;9;0.0
Meta_151;442038;5239044.846536815;0.0;432340;5190092.076107405;0.3148959126255934;3600;0.625882659712346
Meta_152;442038;5239044.846536815;0.05555555555555555;429306;4526745.428441;0.30726422135782333;3600;0.6480522684942538
Meta_153;442038;5239044.846536815;0.1111111111111111;429656;5232131.508228282;0.32520911676449304;3600;0.789647783822197
Meta_154;442038;5239044.846536815;0.16666666666666666;442038;4971291.763222617;0.3178345142272215;3600;0.9233220517257763
Meta_155;442038;5239044.846536815;0.2222222222222222;431757;4525707.6237687655;0.32605187419489584;3600;1.0
Meta_156;442038;5239044.846536815;0.2777777777777778;428922;4157500.058243849;0.32835516089557515;3600;1.0
Meta_157;442038;5239044.846536815;0.3333333333333333;439168;4764517.374923162;0.33804573258149023;3600;1.0
Meta_158;442038;5239044.846536815;0.38888888888888884;442254;4581600.211507877;0.3872246661270398;85;0.0
Meta_159;442038;5239044.846536815;0.4444444444444444;442038;3197035.3693548637;0.42906553996276614;8;0.0
Meta_16;458326;1047808.969307363;0.2777777777777778;426551;1877908.3961986292;0.348274989148416;3600;0.5253061358517259
Meta_160;442038;5239044.846536815;0.5;442038;5211990.409004815;0.43721119380959217;9;0.0
Meta_161;442038;6286853.815844178;0.0;437483;4656294.568806394;0.33059041899077685;3600;0.6815987879000576
Meta_162;442038;6286853.815844178;0.05555555555555555;432784;4531188.578584212;0.32340629670658094;3600;0.6541708730422445
Meta_163;442038;6286853.815844178;0.1111111111111111;430976;5609193.258573009;0.3228351996139884;3600;0.8396241470638577
Meta_164;442038;6286853.815844178;0.16666666666666666;442038;5615083.177189547;0.3202266658910204;3600;0.9239505520488015
Meta_165;442038;6286853.815844178;0.2222222222222222;442038;5614508.012533622;0.31744135151573516;3600;1.0
Meta_166;442038;6286853.815844178;0.2777777777777778;423884;3885142.516722569;0.3272583531732214;3600;1.0
Meta_167;442038;6286853.815844178;0.3333333333333333;442038;4834477.241720805;0.3333346323975148;483;0.0
Meta_168;442038;6286853.815844178;0.38888888888888884;442141;4584609.374686927;0.38888142090280864;131;0.0
Meta_169;442038;6286853.815844178;0.4444444444444444;442038;3851063.7517865878;0.44248115994326753;7;0.0
Meta_17;458326;1047808.969307363;0.3333333333333333;418507;1522888.069529613;0.356675906485364;3600;0.4721676344484564
Meta_170;442038;6286853.815844178;0.5;442038;6161885.654319703;0.4448290840322325;4;0.0
Meta_171;442038;7334662.785151541;0.0;430720;5271350.914921595;0.31780024161061127;3600;0.6365319678506377
Meta_172;442038;7334662.785151541;0.05555555555555555;436375;4866454.7684215605;0.3385369175697904;3600;0.7217513603257126
Meta_173;442038;7334662.785151541;0.1111111111111111;439715;5530868.404875971;0.31715794854692836;3600;0.7177708775196543
Meta_174;442038;7334662.785151541;0.16666666666666666;442038;6379827.34818608;0.3215273117418943;3600;0.9390914458324797
Meta_175;442038;7334662.785151541;0.2222222222222222;442038;5891342.483776648;0.3189022392862137;3600;1.0
Meta_176;442038;7334662.785151541;0.2777777777777778;426857;6627083.429840572;0.3283919181525166;3600;1.0
Meta_177;442038;7334662.785151541;0.3333333333333333;442044;4939155.541820777;0.3333036770542824;140;0.0
Meta_178;442038;7334662.785151541;0.38888888888888884;442512;7164917.255921134;0.3888829909636041;23;0.0
Meta_179;442038;7334662.785151541;0.4444444444444444;442611;4536571.489851501;0.4318321665192266;9;0.0
Meta_18;458326;1047808.969307363;0.38888888888888884;427303;1263323.6515683052;0.3888833263255736;3600;0.11700581364037585
Meta_180;442038;7334662.785151541;0.5;442038;4147642.8819975117;0.43202071389723606;4;0.0
Meta_181;442038;8382471.754458904;0.0;435844;4902706.461719491;0.33284674329138414;3600;0.6478047898107402
Meta_182;442038;8382471.754458904;0.05555555555555555;435266;8227758.528319647;0.3230469149412029;3600;0.6473709920380342
Meta_183;442038;8382471.754458904;0.1111111111111111;442036;4623643.962548576;0.33144310649592845;3600;0.7569989002980901
Meta_184;442038;8382471.754458904;0.16666666666666666;441256;5431319.3581563225;0.3138844704416179;3600;0.9133566876843203
Meta_185;442038;8382471.754458904;0.2222222222222222;442038;5140037.007950487;0.31790549575308985;3600;1.0
Meta_186;442038;8382471.754458904;0.2777777777777778;433452;6321723.565321747;0.3288720168151576;3600;1.0
Meta_187;442038;8382471.754458904;0.3333333333333333;442042;4951529.976682428;0.33333236453014004;298;0.0
Meta_188;442038;8382471.754458904;0.38888888888888884;442112;4863245.076843786;0.3888081158212608;48;0.0
Meta_189;442038;8382471.754458904;0.4444444444444444;442038;5482157.927695559;0.4408873029365635;4;0.0
Meta_19;458326;1047808.969307363;0.4444444444444444;433404;1228525.4533580535;0.4444454078288592;3600;0.0035858020025164856
Meta_190;442038;8382471.754458904;0.5;442038;6042823.702959274;0.433360940907505;5;0.0
Meta_191;442038;9430280.723766267;0.0;434177;3975241.2462676903;0.3291614506483532;3600;0.6398550312539207
Meta_192;442038;9430280.723766267;0.05555555555555555;433664;6191321.625856748;0.3333383446245675;3600;0.6767058037879017
Meta_193;442038;9430280.723766267;0.1111111111111111;431294;6778960.375878239;0.33186886390852943;3600;0.767069617277891
Meta_194;442038;9430280.723766267;0.16666666666666666;442037;5157957.661528584;0.3184299915703663;3600;0.8005055827307739
Meta_195;442038;9430280.723766267;0.2222222222222222;440750;7937575.0464596525;0.32515900918911134;3600;1.0
Meta_196;442038;9430280.723766267;0.2777777777777778;430653;3899799.15090474;0.32374345516278785;3600;1.0
Meta_197;442038;9430280.723766267;0.3333333333333333;442038;5428640.286925082;0.33333389791848306;201;0.0
Meta_198;442038;9430280.723766267;0.38888888888888884;442040;5328224.695784782;0.388760952731216;93;0.0
Meta_199;442038;9430280.723766267;0.4444444444444444;442038;7514084.155130315;0.4302893594065158;8;0.0
Meta_2;458326;0.0;0.05555555555555555;421454;2079952.2103091169;0.33673120496745035;3600;0.40741497409211846
Meta_20;458326;1047808.969307363;0.5;433103;1194230.0284133637;0.4714934807210817;8;0.0
Meta_200;442038;9430280.723766267;0.5;442038;3333275.5748344134;0.4430026367751708;12;0.0
Meta_201;425751;0.0;0.0;415115;1756708.2191097636;0.3417025789862267;3600;0.4947109147684703
Meta_202;425751;0.0;0.05555555555555555;425748;2210702.7564237136;0.34230324341665225;3600;0.5132097703612257
Meta_203;425751;0.0;0.1111111111111111;423708;1974882.509110326;0.3420414342904169;3600;0.513257502829942
Meta_204;425751;0.0;0.16666666666666666;413140;1450116.0781469592;0.352918696944056;3600;0.5751598239189927
Meta_205;425751;0.0;0.2222222222222222;421455;1620197.6593288758;0.34826906903359073;3600;0.5922459581018497
Meta_206;425751;0.0;0.2777777777777778;425744;1756222.8053100382;0.35310756535049626;3600;0.5895176795475429
Meta_207;425751;0.0;0.3333333333333333;420191;1466450.8734101565;0.3551859901609644;3600;0.4810501342788788
Meta_208;425751;0.0;0.38888888888888884;423680;1127486.84574896;0.3888885899578765;3600;0.13435554284868026
Meta_209;425751;0.0;0.4444444444444444;425751;947857.9301432365;0.44444417299706374;3600;0.00455573675450643
Meta_21;458326;2095617.938614726;0.0;425428;2062811.8421288505;0.34389569643456874;3600;0.5128509652377944
Meta_210;425751;0.0;0.5;425751;924745.062455377;0.48315426110371723;9;0.0
Meta_211;425751;1047808.969307363;0.0;414680;1254931.3440853136;0.3625305775010123;3600;0.6092061712119085
Meta_212;425751;1047808.969307363;0.05555555555555555;408007;1114384.0333970673;0.3688488452142266;3600;0.6307680030975947
Meta_213;425751;1047808.969307363;0.1111111111111111;422405;2029332.9773388838;0.34124172246097634;3600;0.6214756520194976
Meta_214;425751;1047808.969307363;0.16666666666666666;425384;2027004.5220533067;0.34027012675298346;3600;0.6841134943278104
Meta_215;425751;1047808.969307363;0.2222222222222222;421335;1506428.3283034107;0.35318236028421257;3600;0.7499599232379696
Meta_216;425751;1047808.969307363;0.2777777777777778;421714;1451970.8085501792;0.36024211874667683;3600;0.8015154929111183
Meta_217;425751;1047808.969307363;0.3333333333333333;423331;1538315.4018232257;0.35907688019979017;3600;0.9299654593505154
Meta_218;425751;1047808.969307363;0.38888888888888884;425729;1190645.0101598862;0.3888896980275916;3600;1.0
Meta_219;425751;1047808.969307363;0.4444444444444444;425751;1046651.0273234114;0.44338102355343273;138;0.0
Meta_22;458326;2095617.938614726;0.05555555555555555;419470;2092260.2852250317;0.34246225667704183;3600;0.528091256670816
Meta_220;425751;1047808.969307363;0.5;425751;1046034.861363901;0.478795212662617;11;0.0
Meta_221;425751;2095617.938614726;0.0;425531;2093733.7487305885;0.3502064482761635;3600;0.6922875167776694
Meta_222;425751;2095617.938614726;0.05555555555555555;408809;2095588.1494075474;0.3582573768869084;3600;0.7342848656519236
Meta_223;425751;2095617.938614726;0.1111111111111111;421359;2338622.8048638036;0.33061956328342645;3600;0.7503680453612881
Meta_224;425751;2095617.938614726;0.16666666666666666;420554;2219555.2146506896;0.3373060364600444;3600;0.8503138145251108
Meta_225;425751;2095617.938614726;0.2222222222222222;424907;2095869.1568261073;0.3348311703337026;3600;1.0
Meta_226;425751;2095617.938614726;0.2777777777777778;424441;2095643.9807949464;0.34031851162273613;3600;1.0
Meta_227;425751;2095617.938614726;0.3333333333333333;423340;2095616.4392039736;0.34586717568280023;3600;1.0
Meta_228;425751;2095617.938614726;0.38888888888888884;425761;2089671.913752182;0.3888893042710371;222;0.0
Meta_229;425751;2095617.938614726;0.4444444444444444;426318;2095370.9392879643;0.4441013293115941;10;0.0
Meta_23;458326;2095617.938614726;0.1111111111111111;420768;2095351.2841005742;0.34512311913233745;3600;0.5640183599750301
Meta_230;425751;2095617.938614726;0.5;425751;2080628.055195031;0.4633101993462815;8;0.0
Meta_231;425751;3143426.907922089;0.0;420881;3143386.5667586713;0.3225885987425307;3600;0.734080619310151
Meta_232;425751;3143426.907922089;0.05555555555555555;425418;3143417.4524176456;0.3253693482699225;3600;0.7494266769406116
Meta_233;425751;3143426.907922089;0.1111111111111111;416611;3142900.63546603;0.3354176353273985;3600;0.8620936751136471
Meta_234;425751;3143426.907922089;0.16666666666666666;424348;3143380.6964119566;0.3203199706313631;3600;1.0
Meta_235;425751;3143426.907922089;0.2222222222222222;425687;3143465.475316586;0.3182185093609032;3600;1.0
Meta_236;425751;3143426.907922089;0.2777777777777778;425751;3078109.4106754763;0.3228317183893818;3600;1.0
Meta_237;425751;3143426.907922089;0.3333333333333333;425754;3140571.7901698365;0.3333314920280452;1240;0.0
Meta_238;425751;3143426.907922089;0.38888888888888884;425887;3138564.5770690944;0.38836342556641695;77;0.0
Meta_239;425751;3143426.907922089;0.4444444444444444;425751;2869124.666536188;0.44328324101764033;11;0.0
Meta_24;458326;2095617.938614726;0.16666666666666666;421019;2095608.9036305773;0.3427609808047818;3600;0.5912595634582748
Meta_240;425751;3143426.907922089;0.5;425751;3141570.0224558013;0.47150604449413425;6;0.0
Meta_241;425751;4191235.877229452;0.0;423662;3912688.3369026626;0.3234048053656399;3600;0.783767225864282
Meta_242;425751;4191235.877229452;0.05555555555555555;423711;4161894.5365297343;0.3126819710776834;3600;0.8361790510804363
Meta_243;425751;4191235.877229452;0.1111111111111111;425751;4187195.79743787;0.3160153964045413;3600;0.9978846531037284
Meta_244;425751;4191235.877229452;0.16666666666666666;425751;4153460.6655234173;0.32064090406761536;3600;1.0
Meta_245;425751;4191235.877229452;0.2222222222222222;425751;3878712.0630499464;0.3249318677792493;3600;1.0
Meta_246;425751;4191235.877229452;0.2777777777777778;425751;4106969.258539285;0.3085360944199865;3600;1.0
Meta_247;425751;4191235.877229452;0.3333333333333333;425752;4042385.458378495;0.3333331640600177;1719;0.0
Meta_248;425751;4191235.877229452;0.38888888888888884;427087;4190011.128968958;0.38888423220531315;66;0.0
Meta_249;425751;4191235.877229452;0.4444444444444444;425751;3104684.6693850723;0.4435260017280766;10;0.0
Meta_25;458326;2095617.938614726;0.2222222222222222;425006;2366824.510377086;0.3326867445499382;3600;0.661224884233586
Meta_250;425751;4191235.877229452;0.5;425751;3514689.325126046;0.48192366226396594;4;0.0
Meta_251;425751;5239044.846536815;0.0;425766;5151000.90853661;0.3136196485340503;3600;0.6975777614631327
Meta_252;425751;5239044.846536815;0.05555555555555555;425751;5041728.944287058;0.3049546027447805;3600;0.7295991019844038
Meta_253;425751;5239044.846536815;0.1111111111111111;425712;3840021.2514456636;0.3295970066679349;3600;1.0
Meta_254;425751;5239044.846536815;0.16666666666666666;425750;4815568.273354025;0.3042522204911356;3600;1.0
Meta_255;425751;5239044.846536815;0.2222222222222222;425751;5181720.852850043;0.3005466027851213;3600;1.0
Meta_256;425751;5239044.846536815;0.2777777777777778;425751;4344511.086792417;0.309435543535714;3600;1.0
Meta_257;425751;5239044.846536815;0.3333333333333333;425761;4506196.160000938;0.3333095794947969;1143;0.0
Meta_258;425751;5239044.846536815;0.38888888888888884;425751;3538296.586530871;0.3888619251132726;38;0.0
Meta_259;425751;5239044.846536815;0.4444444444444444;425751;3332492.42076002;0.4431181466006251;9;0.0
Meta_26;458326;2095617.938614726;0.2777777777777778;428876;2064196.3583646317;0.35560874325885894;3600;0.7920706067883682
Meta_260;425751;5239044.846536815;0.5;425751;3235803.3057436217;0.47996471439670957;2;0.0
Meta_261;425751;6286853.815844178;0.0;423220;4678261.591983467;0.3014172198405321;3600;0.6920357534146323
Meta_262;425751;6286853.815844178;0.05555555555555555;425692;4944584.247969981;0.3053182647671493;3600;0.7915592801329906
Meta_263;425751;6286853.815844178;0.1111111111111111;425144;4908747.105344703;0.3024313454442464;3600;0.8127658745608142
Meta_264;425751;6286853.815844178;0.16666666666666666;425751;4617015.115092368;0.3081839182475084;3600;1.0
Meta_265;425751;6286853.815844178;0.2222222222222222;425751;5132191.40495985;0.2961430511619773;3600;1.0
Meta_266;425751;6286853.815844178;0.2777777777777778;425751;5063463.789368092;0.3007066326453177;3600;1.0
Meta_267;425751;6286853.815844178;0.3333333333333333;425769;4477338.05321156;0.33333034872522543;126;0.0
Meta_268;425751;6286853.815844178;0.38888888888888884;426155;4018178.998615147;0.3888761776197471;40;0.0
Meta_269;425751;6286853.815844178;0.4444444444444444;425751;3723372.625796228;0.4444446960959574;11;0.0
Meta_27;458326;2095617.938614726;0.3333333333333333;436656;2167622.6753985444;0.3560822259293811;3600;0.7198568616874362
Meta_270;425751;6286853.815844178;0.5;425751;3359414.1525108228;0.4724602925065264;8;0.0
Meta_271;425751;7334662.785151541;0.0;425751;5596570.895516356;0.3024137583539307;3600;0.6449121101058266
Meta_272;425751;7334662.785151541;0.05555555555555555;425806;4789690.395332454;0.3046660691201323;3600;0.7756179440040019
Meta_273;425751;7334662.785151541;0.1111111111111111;425751;5704334.053218816;0.30163557462488283;3600;0.8581892118115495
Meta_274;425751;7334662.785151541;0.16666666666666666;425751;5535125.036338436;0.3085193429012646;3600;1.0
Meta_275;425751;7334662.785151541;0.2222222222222222;425602;7141634.948661458;0.2972246809422485;3600;1.0
Meta_276;425751;7334662.785151541;0.2777777777777778;425751;4907669.144449166;0.31196858221998214;3600;1.0
Meta_277;425751;7334662.785151541;0.3333333333333333;425794;3971229.288928275;0.3332909714801699;184;0.0
Meta_278;425751;7334662.785151541;0.38888888888888884;427118;4711348.683452872;0.3887173789977547;44;0.0
Meta_279;425751;7334662.785151541;0.4444444444444444;431036;4989758.347886581;0.44430655529657076;15;0.0
Meta_28;458326;2095617.938614726;0.38888888888888884;443511;2112550.6084206626;0.3888862377554353;3600;0.3116228517009628
Meta_280;425751;7334662.785151541;0.5;425751;3027134.3799326634;0.47695826426320276;3;0.0
Meta_281;425751;8382471.754458904;0.0;425751;5597568.239147845;0.30623912320423596;3600;0.6479314888251992
Meta_282;425751;8382471.754458904;0.05555555555555555;425751;5314317.764768659;0.30913241645090755;3600;0.7834413405036376
Meta_283;425751;8382471.754458904;0.1111111111111111;425754;5424493.150174346;0.3078795229765936;3600;0.8273218934284856
Meta_284;425751;8382471.754458904;0.16666666666666666;425751;5566646.975092597;0.3018132544276146;3600;1.0
Meta_285;425751;8382471.754458904;0.2222222222222222;425751;4588289.660695316;0.31963800705363987;3600;1.0
Meta_286;425751;8382471.754458904;0.2777777777777778;425751;5237941.749127101;0.29494395358123837;3600;1.0
Meta_287;425751;8382471.754458904;0.3333333333333333;426076;4401333.685813127;0.33332838081707605;122;0.0
Meta_288;425751;8382471.754458904;0.38888888888888884;425751;2949932.054471496;0.3888899795747046;52;0.0
Meta_289;425751;8382471.754458904;0.4444444444444444;425755;2225333.144393395;0.4444365648892716;9;0.0
Meta_29;458326;2095617.938614726;0.4444444444444444;448030;2095601.6522743267;0.4269444627061339;10;0.0
Meta_290;425751;8382471.754458904;0.5;425751;2304816.3889186056;0.4749856918235098;7;0.0
Meta_291;425751;9430280.723766267;0.0;425751;6876937.31200301;0.3054504894397065;3600;0.6805861224131874
Meta_292;425751;9430280.723766267;0.05555555555555555;425802;5308581.623351514;0.31223587766342326;3600;0.7684846368465841
Meta_293;425751;9430280.723766267;0.1111111111111111;425428;5183864.466334377;0.3052761850387984;3600;0.8267592452489703
Meta_294;425751;9430280.723766267;0.16666666666666666;425751;6256301.912844134;0.29344573667052104;3600;1.0
Meta_295;425751;9430280.723766267;0.2222222222222222;425751;8144567.66051784;0.2960735147286686;3600;1.0
Meta_296;425751;9430280.723766267;0.2777777777777778;425751;5274358.873141631;0.30955805981196505;3600;1.0
Meta_297;425751;9430280.723766267;0.3333333333333333;425752;4495989.6710098265;0.33333346446165185;175;0.0
Meta_298;425751;9430280.723766267;0.38888888888888884;425751;3152203.66478471;0.3888862380254041;55;0.0
Meta_299;425751;9430280.723766267;0.4444444444444444;425755;2225333.144393395;0.4444365648892716;8;0.0
Meta_3;458326;0.0;0.1111111111111111;417067;1635535.7849550645;0.34653433151135216;3600;0.44244379268704165
Meta_30;458326;2095617.938614726;0.5;448030;2095610.380151338;0.42693952513876837;10;0.0
Meta_300;425751;9430280.723766267;0.5;425751;2536878.1759407027;0.4749328738575125;6;0.0
Meta_301;409464;0.0;0.0;408914;1138012.3935872014;0.3652781874386363;3600;0.5650994622411201
Meta_302;409464;0.0;0.05555555555555555;409464;1556657.696644099;0.34061471170920876;3600;0.5428885717528236
Meta_303;409464;0.0;0.1111111111111111;404012;799475.6622881173;0.3863700719257733;3600;0.6532782846084122
Meta_304;409464;0.0;0.16666666666666666;409464;1843389.0976948005;0.330847947709926;3600;0.6584385218761484
Meta_305;409464;0.0;0.2222222222222222;409406;1483071.1881723301;0.3508717874014496;3600;0.743170899400864
Meta_306;409464;0.0;0.2777777777777778;409462;1235960.2553841502;0.36071733946206025;3600;0.7366311316191142
Meta_307;409464;0.0;0.3333333333333333;409227;972849.4609377626;0.37730494062984626;3600;0.700888938335312
Meta_308;409464;0.0;0.38888888888888884;409464;824714.2036826687;0.3888865555650056;3600;0.3573494847296575
Meta_309;409464;0.0;0.4444444444444444;409464;515659.2171756938;0.44444465659217225;3600;0.10776152837896998
Meta_31;458326;3143426.907922089;0.0;420939;3142283.7311619595;0.3353224919233777;3600;0.6042789022161955
Meta_310;409464;0.0;0.5;409464;435889.67307413986;0.49414474353507865;7;0.0
Meta_311;409464;1047808.969307363;0.0;410259;1628601.5009707918;0.3472878292732624;3600;0.6734224201666874
Meta_312;409464;1047808.969307363;0.05555555555555555;409462;1305929.036141135;0.35466492032057156;3600;0.6942873025117285
Meta_313;409464;1047808.969307363;0.1111111111111111;409476;1161411.0246997965;0.3628674465317248;3600;0.7388225076616898
Meta_314;409464;1047808.969307363;0.16666666666666666;409464;1592749.4059804555;0.34177887289544623;3600;0.9459929242643574
Meta_315;409464;1047808.969307363;0.2222222222222222;409464;1087526.7669899948;0.36771527292464556;3600;1.0
Meta_316;409464;1047808.969307363;0.2777777777777778;409464;1797393.9494301735;0.33055537472627494;3600;1.0
Meta_317;409464;1047808.969307363;0.3333333333333333;409464;1352119.3644997862;0.3584140602409088;3600;1.0
Meta_318;409464;1047808.969307363;0.38888888888888884;409482;1047231.956511602;0.38854848694657856;138;0.0
Meta_319;409464;1047808.969307363;0.4444444444444444;409585;1043196.82579427;0.444441645553794;17;0.0
Meta_32;458326;3143426.907922089;0.05555555555555555;418719;3062740.963414828;0.32981287841475887;3600;0.6002655739495268
Meta_320;409464;1047808.969307363;0.5;409464;987313.6556362438;0.49029022057382116;4;0.0
Meta_321;409464;2095617.938614726;0.0;409466;2045365.7428696102;0.35289258130196943;3600;0.8107949076908171
Meta_322;409464;2095617.938614726;0.05555555555555555;409398;2094155.1311357336;0.34709843979895055;3600;0.8331934527852675
Meta_323;409464;2095617.938614726;0.1111111111111111;409465;2095613.5650374894;0.33686997250741796;3600;0.9803649635322749
Meta_324;409464;2095617.938614726;0.16666666666666666;409464;2095605.7633784814;0.33552511224303666;3600;1.0
Meta_325;409464;2095617.938614726;0.2222222222222222;409464;2095631.424560588;0.3242097575736011;3600;1.0
Meta_326;409464;2095617.938614726;0.2777777777777778;409520;2069821.4107201544;0.3333181399288544;3600;1.0
Meta_327;409464;2095617.938614726;0.3333333333333333;409459;2095987.8532052299;0.33347193862133234;3600;1.0
Meta_328;409464;2095617.938614726;0.38888888888888884;409482;2049529.76435188;0.38888889451003716;66;0.0
Meta_329;409464;2095617.938614726;0.4444444444444444;410022;1906206.7330087265;0.44442105927663594;11;0.0
Meta_33;458326;3143426.907922089;0.1111111111111111;423432;3143158.935020814;0.3300616474460203;3600;0.625592144234292
Meta_330;409464;2095617.938614726;0.5;409464;2075358.8841311787;0.4901037722606973;3;0.0
Meta_331;409464;3143426.907922089;0.0;403798;3169721.7132881833;0.29086901437078927;3600;0.7977969220073581
Meta_332;409464;3143426.907922089;0.05555555555555555;409528;3142764.8698066366;0.2952300342805163;3600;0.8630959987480655
Meta_333;409464;3143426.907922089;0.1111111111111111;409462;3133372.7476679324;0.31783507735146105;3600;1.0
Meta_334;409464;3143426.907922089;0.16666666666666666;409464;3143421.2250894243;0.31201901667553583;3600;1.0
Meta_335;409464;3143426.907922089;0.2222222222222222;409464;3091641.376874309;0.320436054093791;3600;1.0
Meta_336;409464;3143426.907922089;0.2777777777777778;409464;3142769.763272004;0.3090270763835452;3600;1.0
Meta_337;409464;3143426.907922089;0.3333333333333333;409751;3064679.9195740335;0.3331060440071524;1003;0.0
Meta_338;409464;3143426.907922089;0.38888888888888884;409897;2321355.489013246;0.38646782784195205;24;0.0
Meta_339;409464;3143426.907922089;0.4444444444444444;409549;2350839.3914971375;0.4425854870948082;15;0.0
Meta_34;458326;3143426.907922089;0.16666666666666666;429033;3120233.2121393634;0.3301890420768124;3600;0.7265118934334224
Meta_340;409464;3143426.907922089;0.5;409464;2118583.591161113;0.48795423167029034;4;0.0
Meta_341;409464;4191235.877229452;0.0;409469;4186281.5571095766;0.285830292580149;3600;0.7650898078418236
Meta_342;409464;4191235.877229452;0.05555555555555555;409464;3375957.6638123253;0.31998171948785614;3600;0.8988085120781991
Meta_343;409464;4191235.877229452;0.1111111111111111;409464;4191203.7173995995;0.28808421470934403;3600;1.0
Meta_344;409464;4191235.877229452;0.16666666666666666;409039;4186264.798810994;0.2855589485425524;3600;1.0
Meta_345;409464;4191235.877229452;0.2222222222222222;409464;4128517.007028927;0.2950612765926356;3600;1.0
Meta_346;409464;4191235.877229452;0.2777777777777778;409474;4116103.2406991846;0.2902394550120724;3600;1.0
Meta_347;409464;4191235.877229452;0.3333333333333333;409749;4164861.6713691736;0.3332734279164792;74;0.0
Meta_348;409464;4191235.877229452;0.38888888888888884;409467;2972433.814982207;0.388889760400878;39;0.0
Meta_349;409464;4191235.877229452;0.4444444444444444;409605;1852299.0866735342;0.44424318423590364;13;0.0
Meta_35;458326;3143426.907922089;0.2222222222222222;431530;3127129.2003552304;0.3317675109167618;3600;0.8241473216863985
Meta_350;409464;4191235.877229452;0.5;409487;1285449.7485841266;0.48898998434758373;4;0.0
Meta_351;409464;5239044.846536815;0.0;410053;5127351.537366344;0.2873583760680982;3600;0.803378361345098
Meta_352;409464;5239044.846536815;0.05555555555555555;409464;4933893.3486727;0.27575860112101436;3600;0.8255300809942958
Meta_353;409464;5239044.846536815;0.1111111111111111;409461;5219842.495425788;0.27843755558841277;3600;1.0
Meta_354;409464;5239044.846536815;0.16666666666666666;409464;4806001.530311194;0.2951216260187521;3600;1.0
Meta_355;409464;5239044.846536815;0.2222222222222222;409464;5238551.435047345;0.30951500620088573;3600;1.0
Meta_356;409464;5239044.846536815;0.2777777777777778;409464;4585285.689678514;0.28265163479332944;3600;1.0
Meta_357;409464;5239044.846536815;0.3333333333333333;409848;4399643.289573527;0.3332201185625943;299;0.0
Meta_358;409464;5239044.846536815;0.38888888888888884;409548;3508283.624559721;0.38842309189515495;37;0.0
Meta_359;409464;5239044.846536815;0.4444444444444444;409464;2027337.5937755085;0.4443761599829389;12;0.0
Meta_36;458326;3143426.907922089;0.2777777777777778;437680;3131141.9606520054;0.3358793590828523;3600;0.8425737837926129
Meta_360;409464;5239044.846536815;0.5;409464;2152081.6093234606;0.4930540197376445;9;0.0
Meta_361;409464;6286853.815844178;0.0;409464;5037891.745616029;0.2858697216510032;3600;0.8001445893061688
Meta_362;409464;6286853.815844178;0.05555555555555555;408713;5185479.42635654;0.27977801080278114;3600;0.7716628870811678
Meta_363;409464;6286853.815844178;0.1111111111111111;409464;5529043.221250055;0.2750993327509239;3600;1.0
Meta_364;409464;6286853.815844178;0.16666666666666666;409464;5132814.294034383;0.2892441811748338;3600;1.0
Meta_365;409464;6286853.815844178;0.2222222222222222;409464;4670796.481802731;0.291082899949924;3600;1.0
Meta_366;409464;6286853.815844178;0.2777777777777778;409464;5032492.156675494;0.28029346249623327;3600;1.0
Meta_367;409464;6286853.815844178;0.3333333333333333;410048;3233199.214755362;0.3333187641386111;115;0.0
Meta_368;409464;6286853.815844178;0.38888888888888884;410287;3751409.2568399757;0.3878065456052927;34;0.0
Meta_369;409464;6286853.815844178;0.4444444444444444;415647;2322018.513673549;0.4444323591210865;11;0.0
Meta_37;458326;3143426.907922089;0.3333333333333333;439050;3084609.7962910193;0.3365359623650228;3600;0.9512060444669759
Meta_370;409464;6286853.815844178;0.5;409464;2289428.4469681475;0.4908079149733067;3;0.0
Meta_371;409464;7334662.785151541;0.0;405839;4890387.275035174;0.27201373843704313;3600;0.8466376435549865
Meta_372;409464;7334662.785151541;0.05555555555555555;409470;6739015.558903274;0.2811003523462921;3600;0.8628517680865143
Meta_373;409464;7334662.785151541;0.1111111111111111;407892;5278248.950220707;0.2795214481206973;3600;1.0
Meta_374;409464;7334662.785151541;0.16666666666666666;409464;6994955.103106255;0.2838273652770457;3600;1.0
Meta_375;409464;7334662.785151541;0.2222222222222222;409464;4756282.824564966;0.28627578440683965;3600;1.0
Meta_376;409464;7334662.785151541;0.2777777777777778;409464;7334662.481949276;0.31603694786021636;3600;1.0
Meta_377;409464;7334662.785151541;0.3333333333333333;409491;7001866.079679562;0.3332262053945275;200;0.0
Meta_378;409464;7334662.785151541;0.38888888888888884;409464;4122971.08952596;0.38881116705704305;31;0.0
Meta_379;409464;7334662.785151541;0.4444444444444444;409464;2345156.363073492;0.44434389839344934;14;0.0
Meta_38;458326;3143426.907922089;0.38888888888888884;455113;3143401.716872973;0.388874279017236;3600;0.1439574928591647
Meta_380;409464;7334662.785151541;0.5;409464;1927047.984252942;0.49323858136565146;3;0.0
Meta_381;409464;8382471.754458904;0.0;409461;5614342.045685533;0.28023724101945247;3600;0.7933008907712722
Meta_382;409464;8382471.754458904;0.05555555555555555;409464;5565590.983629762;0.28120450313213097;3600;0.8490146695507942
Meta_383;409464;8382471.754458904;0.1111111111111111;409464;5851203.9899150655;0.27594648954149226;3600;1.0
Meta_384;409464;8382471.754458904;0.16666666666666666;409464;5224188.278319431;0.27876728515828986;3600;1.0
Meta_385;409464;8382471.754458904;0.2222222222222222;409465;5122438.891102928;0.28830186186789897;3600;1.0
Meta_386;409464;8382471.754458904;0.2777777777777778;409464;4566799.493213854;0.3072567469378619;3600;1.0
Meta_387;409464;8382471.754458904;0.3333333333333333;409564;5234416.153995633;0.33313427854202626;169;0.0
Meta_388;409464;8382471.754458904;0.38888888888888884;409565;3004375.1738870945;0.38888993836784375;15;0.0
Meta_389;409464;8382471.754458904;0.4444444444444444;409464;3200032.8863869305;0.44432109703556394;12;0.0
Meta_39;458326;3143426.907922089;0.4444444444444444;455579;3143417.100223973;0.403370663614789;138;0.0
Meta_390;409464;8382471.754458904;0.5;409464;1772482.2549785257;0.4912691840369966;3;0.0
Meta_391;409464;9430280.723766267;0.0;409464;6619830.837362267;0.2956391357931888;3600;0.8428852470411972
Meta_392;409464;9430280.723766267;0.05555555555555555;409460;6934090.244038934;0.2695384995165121;3600;0.7937930941976699
Meta_393;409464;9430280.723766267;0.1111111111111111;409464;4677704.3101769015;0.2979727774568753;3600;1.0
Meta_394;409464;9430280.723766267;0.16666666666666666;409464;7279741.727298425;0.2684666954992208;3600;1.0
Meta_395;409464;9430280.723766267;0.2222222222222222;409464;5826386.084939223;0.2828467909507432;3600;1.0
Meta_396;409464;9430280.723766267;0.2777777777777778;409464;6605895.81980847;0.3116225411624153;3600;1.0
Meta_397;409464;9430280.723766267;0.3333333333333333;409621;3284972.0848563095;0.33295914901262097;180;0.0
Meta_398;409464;9430280.723766267;0.38888888888888884;409658;4091462.129136884;0.38888928996494526;65;0.0
Meta_399;409464;9430280.723766267;0.4444444444444444;409464;3199989.2853562054;0.44432109703556394;11;0.0
Meta_4;458326;0.0;0.16666666666666666;428737;2004256.101793587;0.3502332116090766;3600;0.4670551725789772
Meta_40;458326;3143426.907922089;0.5;455579;3143419.8774747197;0.4033684812083769;998;0.0
Meta_400;409464;9430280.723766267;0.5;409464;1673532.243318233;0.49349233543268173;5;0.0
Meta_401;393177;0.0;0.0;393232;1076424.901974875;0.35692251669958547;3600;0.6592891410939354
Meta_402;393177;0.0;0.05555555555555555;393181;675520.3301489555;0.3940393363146061;3600;0.7133383697723352
Meta_403;393177;0.0;0.1111111111111111;394555;1064025.1348577645;0.3641986067299852;3600;0.7230835695779426
Meta_404;393177;0.0;0.16666666666666666;393676;1572130.1779672387;0.33306247704676323;3600;0.7912796708320919
Meta_405;393177;0.0;0.2222222222222222;392872;1749177.6701460425;0.32457672141256694;3600;0.8309863794382382
Meta_406;393177;0.0;0.2777777777777778;393609;983321.5008317763;0.36727768467257393;3600;0.8612499966615083
Meta_407;393177;0.0;0.3333333333333333;393177;989143.0740269222;0.3620686679544093;3600;0.8134053521660916
Meta_408;393177;0.0;0.38888888888888884;393207;751961.9469164201;0.39230358856909436;3600;0.7746264365252339
Meta_409;393177;0.0;0.4444444444444444;393183;213450.43551220626;0.44444497880759654;3600;0.2955080356597133
Meta_41;458326;4191235.877229452;0.0;431445;4168628.3087113523;0.31103529362627885;3600;0.5305924185674568
Meta_410;393177;0.0;0.5;393177;99046.9351;0.4921932800013266;4;0.0
Meta_411;393177;1047808.969307363;0.0;393177;1127756.6610936124;0.35202980264172096;3600;0.7807657865243307
Meta_412;393177;1047808.969307363;0.05555555555555555;393206;1279228.4463313501;0.34928989246530945;3600;0.8175428025214948
Meta_413;393177;1047808.969307363;0.1111111111111111;393116;1155003.5980292386;0.3541618031668403;3600;0.8830201342432508
Meta_414;393177;1047808.969307363;0.16666666666666666;393452;1148054.2224477401;0.3552895305647846;3600;1.0
Meta_415;393177;1047808.969307363;0.2222222222222222;393179;1645141.9272027484;0.327997547039376;3600;1.0
Meta_416;393177;1047808.969307363;0.2777777777777778;393177;1220454.1869627913;0.3480824319649305;3600;1.0
Meta_417;393177;1047808.969307363;0.3333333333333333;395817;1366686.6878967367;0.3443454904480012;3600;1.0
Meta_418;393177;1047808.969307363;0.38888888888888884;393221;1041650.1782822127;0.3888897069160767;68;0.0
Meta_419;393177;1047808.969307363;0.4444444444444444;394689;996507.7784638925;0.4444332082242357;30;0.0
Meta_42;458326;4191235.877229452;0.05555555555555555;429569;4140219.984752443;0.3316605519103495;3600;0.6112056944843254
Meta_420;393177;1047808.969307363;0.5;393177;1031175.2059035549;0.492968479683125;5;0.0
Meta_421;393177;2095617.938614726;0.0;393177;2083863.8262280414;0.31705739979068465;3600;0.8790875425803978
Meta_422;393177;2095617.938614726;0.05555555555555555;393185;2175815.9818467656;0.3023270678436404;3600;0.8555325381632163
Meta_423;393177;2095617.938614726;0.1111111111111111;393222;2095618.804655329;0.32066807200643255;3600;1.0
Meta_424;393177;2095617.938614726;0.16666666666666666;393177;2066489.8144749757;0.32484121632650703;3600;1.0
Meta_425;393177;2095617.938614726;0.2222222222222222;393209;2095629.6539640268;0.3192104256164956;3600;1.0
Meta_426;393177;2095617.938614726;0.2777777777777778;394458;2079998.505072861;0.32749894439461696;3600;1.0
Meta_427;393177;2095617.938614726;0.3333333333333333;393876;2093432.3404550545;0.3333336660397579;388;0.0
Meta_428;393177;2095617.938614726;0.38888888888888884;393227;1751690.667094026;0.3888481421937794;42;0.0
Meta_429;393177;2095617.938614726;0.4444444444444444;393177;1761790.3277468854;0.44443973881396204;12;0.0
Meta_43;458326;4191235.877229452;0.1111111111111111;437643;4191200.2054749527;0.31997220155646444;3600;0.6298022903899839
Meta_430;393177;2095617.938614726;0.5;393177;1854470.7022097104;0.4954240144113171;1;0.0
Meta_431;393177;3143426.907922089;0.0;392401;3143358.3666599425;0.2838887784255971;3600;0.8658304172649521
Meta_432;393177;3143426.907922089;0.05555555555555555;393180;3130970.3493946716;0.29170493244574697;3600;0.9014099761900338
Meta_433;393177;3143426.907922089;0.1111111111111111;393177;3063813.2322708424;0.3060194564067133;3600;1.0
Meta_434;393177;3143426.907922089;0.16666666666666666;394073;3143415.8103678515;0.3099004487639589;3600;1.0
Meta_435;393177;3143426.907922089;0.2222222222222222;393177;3143418.8282703534;0.28307910398442926;3600;1.0
Meta_436;393177;3143426.907922089;0.2777777777777778;393177;3059081.634977071;0.3304777523448792;3600;1.0
Meta_437;393177;3143426.907922089;0.3333333333333333;393396;3089891.994872771;0.3330341675965311;116;0.0
Meta_438;393177;3143426.907922089;0.38888888888888884;395750;2488444.0229472;0.3888889235372289;23;0.0
Meta_439;393177;3143426.907922089;0.4444444444444444;393205;2372511.542093876;0.4441872043006551;8;0.0
Meta_44;458326;4191235.877229452;0.16666666666666666;441858;4191400.646357472;0.3289469360396492;3600;0.7324537707832159
Meta_440;393177;3143426.907922089;0.5;393177;1659038.9146478216;0.49661579491595825;1;0.0
Meta_441;393177;4191235.877229452;0.0;393398;4150983.061147335;0.27964121849241746;3600;0.8539350510314402
Meta_442;393177;4191235.877229452;0.05555555555555555;393177;4177819.6430524564;0.26288074982694926;3600;0.8691057352891243
Meta_443;393177;4191235.877229452;0.1111111111111111;393177;4154763.487421232;0.27462614052971795;3600;1.0
Meta_444;393177;4191235.877229452;0.16666666666666666;393177;4191112.099792564;0.27261359269817015;3600;1.0
Meta_445;393177;4191235.877229452;0.2222222222222222;393177;4191200.9187805993;0.2698125814601172;3600;1.0
Meta_446;393177;4191235.877229452;0.2777777777777778;393177;3464075.3380471105;0.3214690285519152;3600;1.0
Meta_447;393177;4191235.877229452;0.3333333333333333;393191;3803103.450878228;0.33331679045287543;120;0.0
Meta_448;393177;4191235.877229452;0.38888888888888884;394745;3089320.9509676322;0.3886939250557054;43;0.0
Meta_449;393177;4191235.877229452;0.4444444444444444;393177;2235559.1012722827;0.4443676333176098;12;0.0
Meta_45;458326;4191235.877229452;0.2222222222222222;441582;4034487.11976642;0.32100371766722924;3600;0.7833521245619093
Meta_450;393177;4191235.877229452;0.5;393177;1080732.55558097;0.49610410898137675;2;0.0
Meta_451;393177;5239044.846536815;0.0;391905;5166154.031622028;0.24335086909561224;3600;0.8091949783167086
Meta_452;393177;5239044.846536815;0.05555555555555555;393177;5144042.616668914;0.25393444784987934;3600;0.8334733500278243
Meta_453;393177;5239044.846536815;0.1111111111111111;393177;4013111.284214618;0.29991315958115766;3600;1.0
Meta_454;393177;5239044.846536815;0.16666666666666666;391590;5214353.762167022;0.25257257345424616;3600;1.0
Meta_455;393177;5239044.846536815;0.2222222222222222;393178;4501198.824629184;0.26804377163897514;3600;1.0
Meta_456;393177;5239044.846536815;0.2777777777777778;393177;3567028.352440739;0.31042536665157416;3600;1.0
Meta_457;393177;5239044.846536815;0.3333333333333333;398502;4850186.99969505;0.33332562711520397;56;0.0
Meta_458;393177;5239044.846536815;0.38888888888888884;393321;3200296.2748565753;0.38866163399200737;42;0.0
Meta_459;393177;5239044.846536815;0.4444444444444444;393919;2431628.4629198643;0.44425548898850703;11;0.0
Meta_46;458326;4191235.877229452;0.2777777777777778;438883;4178403.794763387;0.3288817889443909;3600;1.0
Meta_460;393177;5239044.846536815;0.5;393177;1905148.3990296018;0.4948910515167914;1;0.0
Meta_461;393177;6286853.815844178;0.0;389256;5658431.443633778;0.23457992798183575;3600;0.7903361759492357
Meta_462;393177;6286853.815844178;0.05555555555555555;393185;6232876.862017445;0.24129820340188304;3600;0.821314529332869
Meta_463;393177;6286853.815844178;0.1111111111111111;389858;5388850.4516124185;0.24529841934881882;3600;1.0
Meta_464;393177;6286853.815844178;0.16666666666666666;393180;5673828.007491595;0.2566763229215745;3600;1.0
Meta_465;393177;6286853.815844178;0.2222222222222222;393177;5366509.7797973445;0.25392983423554366;3600;1.0
Meta_466;393177;6286853.815844178;0.2777777777777778;393178;3534409.4732369008;0.31528990426737097;3600;1.0
Meta_467;393177;6286853.815844178;0.3333333333333333;393263;6122916.513887497;0.3333344702760872;48;0.0
Meta_468;393177;6286853.815844178;0.38888888888888884;393177;5079845.1946295025;0.38888848392556025;29;0.0
Meta_469;393177;6286853.815844178;0.4444444444444444;394112;1631145.3430065613;0.4442678367177767;11;0.0
Meta_47;458326;4191235.877229452;0.3333333333333333;450110;4189275.9807919045;0.33409118939738164;3600;1.0
Meta_470;393177;6286853.815844178;0.5;395747;1611191.5613815761;0.4981742354271665;4;0.0
Meta_471;393177;7334662.785151541;0.0;393177;5147394.649655869;0.258678198216586;3600;0.8100660826086884
Meta_472;393177;7334662.785151541;0.05555555555555555;393177;5309617.470729105;0.2593186065335546;3600;0.8626830899336401
Meta_473;393177;7334662.785151541;0.1111111111111111;393177;5575764.09272712;0.24109958967382714;3600;1.0
Meta_474;393177;7334662.785151541;0.16666666666666666;393220;4009642.370272586;0.2801542007327006;3600;1.0
Meta_475;393177;7334662.785151541;0.2222222222222222;393177;4450325.503739243;0.2611490311380007;3600;1.0
Meta_476;393177;7334662.785151541;0.2777777777777778;393177;4987500.81786267;0.27773914873227884;412;0.0
Meta_477;393177;7334662.785151541;0.3333333333333333;393181;6627612.95963938;0.3333324042667305;85;0.0
Meta_478;393177;7334662.785151541;0.38888888888888884;393181;3378037.0889592315;0.38888937161188936;20;0.0
Meta_479;393177;7334662.785151541;0.4444444444444444;393221;3036984.573006741;0.4435598340250854;19;0.0
Meta_48;458326;4191235.877229452;0.38888888888888884;457707;4191219.8588228626;0.3784485172267848;3600;1.0
Meta_480;393177;7334662.785151541;0.5;393177;2129840.996766564;0.4929187826587151;1;0.0
Meta_481;393177;8382471.754458904;0.0;393117;6036574.316397287;0.2414765261623555;3600;0.7833377764728423
Meta_482;393177;8382471.754458904;0.05555555555555555;393169;5488154.179678307;0.2599170777974033;3600;0.8727770309681064
Meta_483;393177;8382471.754458904;0.1111111111111111;393177;5405450.250717506;0.26457652358404304;3600;1.0
Meta_484;393177;8382471.754458904;0.16666666666666666;393106;6264244.266847944;0.25442881044443416;3600;1.0
Meta_485;393177;8382471.754458904;0.2222222222222222;393177;4886286.07363119;0.27103474322972926;3600;1.0
Meta_486;393177;8382471.754458904;0.2777777777777778;393177;7353303.185505265;0.27761013694324416;1561;0.0
Meta_487;393177;8382471.754458904;0.3333333333333333;393182;4211102.003009635;0.33330736748255757;65;0.0
Meta_488;393177;8382471.754458904;0.38888888888888884;393317;3392842.8060732475;0.3888897516425059;48;0.0
Meta_489;393177;8382471.754458904;0.4444444444444444;393195;1655182.1728552524;0.44400980696833975;25;0.0
Meta_49;458326;4191235.877229452;0.4444444444444444;457961;4178832.031921902;0.3837474814480636;3600;1.0
Meta_490;393177;8382471.754458904;0.5;393177;2129840.996766564;0.4929187826587151;1;0.0
Meta_491;393177;9430280.723766267;0.0;392489;7037255.368608525;0.25152669202047023;3600;0.8015543648519897
Meta_492;393177;9430280.723766267;0.05555555555555555;393177;6595574.081388792;0.24060456477843914;3600;0.8158024395450759
Meta_493;393177;9430280.723766267;0.1111111111111111;393177;6741698.760652396;0.24440614651024747;3600;1.0
Meta_494;393177;9430280.723766267;0.16666666666666666;393175;5597524.440242466;0.27251373416992997;3600;1.0
Meta_495;393177;9430280.723766267;0.2222222222222222;393177;6001103.730776505;0.30331494981593937;3600;1.0
Meta_496;393177;9430280.723766267;0.2777777777777778;393179;3390658.741031658;0.31383002629602313;3600;1.0
Meta_497;393177;9430280.723766267;0.3333333333333333;393212;3099204.355673189;0.3333328055586173;147;0.0
Meta_498;393177;9430280.723766267;0.38888888888888884;397380;3403697.3956025923;0.3888890308022691;40;0.0
Meta_499;393177;9430280.723766267;0.4444444444444444;393195;1655182.1728552524;0.44400980696833975;22;0.0
Meta_5;458326;0.0;0.2222222222222222;428265;1866434.0864190853;0.3545624653635861;3600;0.4766948265579688
Meta_50;458326;4191235.877229452;0.5;457609;4185564.876131346;0.3821261096816624;3600;1.0
Meta_500;393177;9430280.723766267;0.5;393177;2129840.996766564;0.4929187826587151;2;0.0
Meta_501;376890;0.0;0.0;377371;1457571.3105794326;0.3227934878483271;3600;0.7323990479311645
Meta_502;376890;0.0;0.05555555555555555;378111;1090879.7657010201;0.35572873081929435;3600;0.7816053136941034
Meta_503;376890;0.0;0.1111111111111111;377814;1407412.8328422948;0.3363262994336517;3600;0.8292228208204396
Meta_504;376890;0.0;0.16666666666666666;376897;747380.8611430379;0.38679714105249674;3600;0.8997689633249977
Meta_505;376890;0.0;0.2222222222222222;377712;1184787.8571169341;0.3403696617123194;3600;0.9063043166005235
Meta_506;376890;0.0;0.2777777777777778;378886;1199758.2707528665;0.34870092816408127;3600;0.9321733685341922
Meta_507;376890;0.0;0.3333333333333333;376891;863068.699670954;0.37925804896064746;3600;0.9940788143841741
Meta_508;376890;0.0;0.38888888888888884;377045;673445.9906495302;0.3888926838982967;3600;1.0
Meta_509;376890;0.0;0.4444444444444444;377050;149589.24594377397;0.4444444883193041;3600;1.0
Meta_51;458326;5239044.846536815;0.0;436225;4974244.165152574;0.3112749994689126;3600;0.5331679671101229
Meta_510;376890;0.0;0.5;377028;0.0;0.4816178482300007;10;0.0
Meta_511;376890;1047808.969307363;0.0;377815;1047902.8434899276;0.36861669004926384;3600;0.9020238769337459
Meta_512;376890;1047808.969307363;0.05555555555555555;376884;1045822.4464989221;0.3739401103484642;3600;0.9235270517161783
Meta_513;376890;1047808.969307363;0.1111111111111111;376890;1448955.0943933993;0.33630235636713113;3600;1.0
Meta_514;376890;1047808.969307363;0.16666666666666666;376912;1466937.0174015786;0.3291545840828138;3600;1.0
Meta_515;376890;1047808.969307363;0.2222222222222222;377019;1049854.4955084817;0.36909259346781303;3600;1.0
Meta_516;376890;1047808.969307363;0.2777777777777778;377618;1096572.2705680972;0.3590689904056105;3600;1.0
Meta_517;376890;1047808.969307363;0.3333333333333333;379406;1349404.1034437295;0.33336695237660646;3600;1.0
Meta_518;376890;1047808.969307363;0.38888888888888884;378230;1044275.1395350478;0.38886764435541143;91;0.0
Meta_519;376890;1047808.969307363;0.4444444444444444;376890;1024668.7940384729;0.4443603702128483;12;0.0
Meta_52;458326;5239044.846536815;0.05555555555555555;428589;5108223.794431744;0.3380484827165911;3600;0.6127077612979283
Meta_520;376890;1047808.969307363;0.5;377268;1039632.7185419118;0.48534154177733874;2;0.0
Meta_521;376890;2095617.938614726;0.0;376894;2095607.9968807457;0.29165369540148517;3600;0.8580590719366037
Meta_522;376890;2095617.938614726;0.05555555555555555;376986;2095285.4392993206;0.29454848706845543;3600;0.9010793512740333
Meta_523;376890;2095617.938614726;0.1111111111111111;376907;2094090.006952471;0.31151754700006007;3600;1.0
Meta_524;376890;2095617.938614726;0.16666666666666666;376890;2073747.520987327;0.3436583897359919;3600;1.0
Meta_525;376890;2095617.938614726;0.2222222222222222;376961;2078596.958158323;0.35164035540421357;3600;1.0
Meta_526;376890;2095617.938614726;0.2777777777777778;376541;2146047.1676915856;0.30219254633274184;3600;1.0
Meta_527;376890;2095617.938614726;0.3333333333333333;377224;2022913.4717728822;0.33333399790514007;544;0.0
Meta_528;376890;2095617.938614726;0.38888888888888884;376890;1957830.8742761333;0.3880774352225666;43;0.0
Meta_529;376890;2095617.938614726;0.4444444444444444;380913;1281695.108831585;0.44443869333945;9;0.0
Meta_53;458326;5239044.846536815;0.1111111111111111;435765;4855093.014234958;0.3338278873460858;3600;0.6761631725864506
Meta_530;376890;2095617.938614726;0.5;376890;1844689.6515081564;0.49073988012792724;1;0.0
Meta_531;376890;3143426.907922089;0.0;375860;3138672.8669744083;0.26340665501333205;3600;0.8312486802302117
Meta_532;376890;3143426.907922089;0.05555555555555555;376933;3131543.3358019753;0.28460098970112185;3600;0.8902959548715705
Meta_533;376890;3143426.907922089;0.1111111111111111;377039;3138446.336987511;0.30082794248410205;3600;1.0
Meta_534;376890;3143426.907922089;0.16666666666666666;376890;3142036.8513278;0.2685228986248019;3600;1.0
Meta_535;376890;3143426.907922089;0.2222222222222222;376907;3135304.9397234973;0.2803102230597203;3600;1.0
Meta_536;376890;3143426.907922089;0.2777777777777778;376888;3143449.2863408867;0.27936878206061755;3600;1.0
Meta_537;376890;3143426.907922089;0.3333333333333333;376891;3025693.9500718825;0.33093178193179257;84;0.0
Meta_538;376890;3143426.907922089;0.38888888888888884;380701;2953117.989895967;0.38888826781273267;17;0.0
Meta_539;376890;3143426.907922089;0.4444444444444444;376903;1643079.2428223072;0.44444510552072347;10;0.0
Meta_54;458326;5239044.846536815;0.16666666666666666;427726;4631019.14238972;0.3340965364163526;3600;0.7864840247306947
Meta_540;376890;3143426.907922089;0.5;376890;1844689.6515081564;0.49073988012792724;1;0.0
Meta_541;376890;4191235.877229452;0.0;376892;3949292.3582899636;0.2763803348615171;3600;0.8674389070433226
Meta_542;376890;4191235.877229452;0.05555555555555555;376890;4191237.20792025;0.2785517588447785;3600;0.8845896627899892
Meta_543;376890;4191235.877229452;0.1111111111111111;376890;4178882.392102158;0.2689147512365076;3600;1.0
Meta_544;376890;4191235.877229452;0.16666666666666666;376890;4172912.9837277494;0.2596975704596894;3600;1.0
Meta_545;376890;4191235.877229452;0.2222222222222222;376849;4111727.313570339;0.2623935733230555;3600;1.0
Meta_546;376890;4191235.877229452;0.2777777777777778;379152;4128808.705732599;0.27777780501245275;1649;0.0
Meta_547;376890;4191235.877229452;0.3333333333333333;376907;4120179.2222847817;0.33333333613074545;98;0.0
Meta_548;376890;4191235.877229452;0.38888888888888884;376890;3747613.885359522;0.38876658571847944;15;0.0
Meta_549;376890;4191235.877229452;0.4444444444444444;377070;1721507.8178341612;0.4444453413159008;12;0.0
Meta_55;458326;5239044.846536815;0.2222222222222222;439913;5167803.14940111;0.32413180233521066;3600;0.8254771410889583
Meta_550;376890;4191235.877229452;0.5;376890;1844689.6515081564;0.49073988012792724;1;0.0
Meta_551;376890;5239044.846536815;0.0;376095;5143075.312917304;0.2148222488644817;3600;0.7469200355135417
Meta_552;376890;5239044.846536815;0.05555555555555555;375107;5181812.82777649;0.2383682687501111;3600;0.8605842301679766
Meta_553;376890;5239044.846536815;0.1111111111111111;376892;5237124.258862532;0.21924467857615396;3600;1.0
Meta_554;376890;5239044.846536815;0.16666666666666666;376890;5003652.532578956;0.22234081615179127;3600;1.0
Meta_555;376890;5239044.846536815;0.2222222222222222;376890;4869834.214276476;0.2598107899203865;3600;1.0
Meta_556;376890;5239044.846536815;0.2777777777777778;376924;4644413.485949457;0.2777792214325255;854;0.0
Meta_557;376890;5239044.846536815;0.3333333333333333;376893;4772661.436342408;0.33333323803828807;34;0.0
Meta_558;376890;5239044.846536815;0.38888888888888884;378385;3593048.1746594496;0.3888873863296246;34;0.0
Meta_559;376890;5239044.846536815;0.4444444444444444;376890;2043567.0435211991;0.4444449993204661;9;0.0
Meta_56;458326;5239044.846536815;0.2777777777777778;446689;5236865.062589863;0.32367168123763346;3600;1.0
Meta_560;376890;5239044.846536815;0.5;376890;1844689.6515081564;0.49073988012792724;1;0.0
Meta_561;376890;6286853.815844178;0.0;376890;5488865.9416883495;0.22726932069857347;3600;0.785603271439517
Meta_562;376890;6286853.815844178;0.05555555555555555;376897;6271375.781173601;0.25998215091616933;3600;0.8652730772122603
Meta_563;376890;6286853.815844178;0.1111111111111111;376672;4224759.052525703;0.2958290848295613;3600;1.0
Meta_564;376890;6286853.815844178;0.16666666666666666;376495;5315704.679899114;0.22191345941897403;3600;1.0
Meta_565;376890;6286853.815844178;0.2222222222222222;376890;4587284.019940262;0.23954681450575482;3600;1.0
Meta_566;376890;6286853.815844178;0.2777777777777778;377853;4932897.496871809;0.2777779861351624;458;0.0
Meta_567;376890;6286853.815844178;0.3333333333333333;376890;3751433.6695927605;0.3330054221796579;60;0.0
Meta_568;376890;6286853.815844178;0.38888888888888884;376947;3460678.7991202995;0.38888573342666494;26;0.0
Meta_569;376890;6286853.815844178;0.4444444444444444;377275;2535570.4758714065;0.4444447829040433;8;0.0
Meta_57;458326;5239044.846536815;0.3333333333333333;446791;4917597.949447529;0.3341564541097363;3600;1.0
Meta_570;376890;6286853.815844178;0.5;376890;1844689.6515081564;0.49073988012792724;1;0.0
Meta_571;376890;7334662.785151541;0.0;376890;6438812.315905236;0.23516840436138248;3600;0.8219358255165516
Meta_572;376890;7334662.785151541;0.05555555555555555;375411;7207407.841438538;0.21321507042516066;3600;0.7635083846535994
Meta_573;376890;7334662.785151541;0.1111111111111111;377939;5211615.802336287;0.25319958551594623;3600;1.0
Meta_574;376890;7334662.785151541;0.16666666666666666;373968;5702649.004786995;0.23341988063925034;3600;1.0
Meta_575;376890;7334662.785151541;0.2222222222222222;376890;4355319.795952037;0.2518716627295317;3600;1.0
Meta_576;376890;7334662.785151541;0.2777777777777778;376918;3931988.117543914;0.27777355428006684;345;0.0
Meta_577;376890;7334662.785151541;0.3333333333333333;382319;3864802.70285049;0.33333415096912133;41;0.0
Meta_578;376890;7334662.785151541;0.38888888888888884;383201;2550723.2280630525;0.3888884146190839;14;0.0
Meta_579;376890;7334662.785151541;0.4444444444444444;377124;1497850.8015938138;0.4444438467640873;6;0.0
Meta_58;458326;5239044.846536815;0.38888888888888884;458326;5228300.732015086;0.37510269554094644;1795;0.0
Meta_580;376890;7334662.785151541;0.5;376890;1844689.6515081564;0.49073988012792724;1;0.0
Meta_581;376890;8382471.754458904;0.0;376885;7309866.878301199;0.2507731936046208;3600;0.8132230141849736
Meta_582;376890;8382471.754458904;0.05555555555555555;376890;6879742.197984358;0.24834679414882196;3600;0.8651036665844868
Meta_583;376890;8382471.754458904;0.1111111111111111;376890;4648991.577373118;0.24545934228082245;3600;1.0
Meta_584;376890;8382471.754458904;0.16666666666666666;376890;5668667.634206014;0.2187683231522724;3600;1.0
Meta_585;376890;8382471.754458904;0.2222222222222222;376890;5535262.775884728;0.23116102603217853;3600;1.0
Meta_586;376890;8382471.754458904;0.2777777777777778;376890;4877612.339287375;0.27777887905521476;267;0.0
Meta_587;376890;8382471.754458904;0.3333333333333333;380404;5713836.975176978;0.33333098510691045;33;0.0
Meta_588;376890;8382471.754458904;0.38888888888888884;383201;2550723.2280630525;0.3888884146190839;14;0.0
Meta_589;376890;8382471.754458904;0.4444444444444444;376890;1645870.2503678522;0.4444429160095231;11;0.0
Meta_59;458326;5239044.846536815;0.4444444444444444;457939;5239021.3868463775;0.37508926208317533;3600;1.0
Meta_590;376890;8382471.754458904;0.5;376890;1844689.6515081564;0.49073988012792724;1;0.0
Meta_591;376890;9430280.723766267;0.0;376609;5018616.996379762;0.23621219770450902;3600;0.799024911565287
Meta_592;376890;9430280.723766267;0.05555555555555555;376890;5731432.529338042;0.21851616847277786;3600;0.738425047418783
Meta_593;376890;9430280.723766267;0.1111111111111111;376890;6642148.843578747;0.21754849719501362;3600;1.0
Meta_594;376890;9430280.723766267;0.16666666666666666;376889;5932561.259377062;0.23840063604372744;3600;1.0
Meta_595;376890;9430280.723766267;0.2222222222222222;376890;5872736.03165939;0.2723580492921995;3600;1.0
Meta_596;376890;9430280.723766267;0.2777777777777778;376907;4182172.8753335597;0.31714260873828565;3600;1.0
Meta_597;376890;9430280.723766267;0.3333333333333333;380235;4784476.07492495;0.333333344476438;42;0.0
Meta_598;376890;9430280.723766267;0.38888888888888884;380856;2416915.1847055103;0.3888834254922047;14;0.0
Meta_599;376890;9430280.723766267;0.4444444444444444;377020;1269221.0067364378;0.4443598224306146;9;0.0
Meta_6;458326;0.0;0.2777777777777778;424801;1781221.451506719;0.3507616499810629;3600;0.43652910226279074
Meta_60;458326;5239044.846536815;0.5;458326;5233811.667239326;0.3830448666547988;102;0.0
Meta_600;376890;9430280.723766267;0.5;376890;1844689.6515081564;0.49073988012792724;1;0.0
Meta_601;360603;0.0;0.0;362112;997602.9178504944;0.35047687630149477;3600;0.8170019568238837
Meta_602;360603;0.0;0.05555555555555555;360750;980823.275125515;0.3551857781729521;3600;0.8391169109745729
Meta_603;360603;0.0;0.1111111111111111;360603;866508.8234002554;0.353676535066139;3600;0.878884407324527
Meta_604;360603;0.0;0.16666666666666666;364607;1550746.2983564655;0.32654280204407815;3600;0.9322347639229214
Meta_605;360603;0.0;0.2222222222222222;360603;2147438.9918296756;0.27977288440559533;3600;0.94325270583632
Meta_606;360603;0.0;0.2777777777777778;362891;1213744.9417098728;0.3560394761102677;3600;0.9912978011053432
Meta_607;360603;0.0;0.3333333333333333;360690;927370.7272740441;0.3599893799908592;3600;1.0
Meta_608;360603;0.0;0.38888888888888884;360632;684818.1809301078;0.3888955096572425;3600;1.0
Meta_609;360603;0.0;0.4444444444444444;360603;43346.623922968174;0.4444448222228215;3600;1.0
Meta_61;458326;6286853.815844178;0.0;438547;5391334.861355958;0.32506030952665543;3600;0.5378251741261062
Meta_610;360603;0.0;0.5;361621;0.0;0.48303602975239873;1;0.0
Meta_611;360603;1047808.969307363;0.0;360603;1949970.0901316132;0.2827760021089048;3600;0.8608532857695761
Meta_612;360603;1047808.969307363;0.05555555555555555;360595;1730489.505312988;0.2917720594477146;3600;0.9206771641233268
Meta_613;360603;1047808.969307363;0.1111111111111111;360603;1666389.0775203377;0.2998578883118428;3600;1.0
Meta_614;360603;1047808.969307363;0.16666666666666666;360420;1090015.9318182874;0.3676020438849447;3600;1.0
Meta_615;360603;1047808.969307363;0.2222222222222222;361017;1549853.864324101;0.311529670559848;3600;1.0
Meta_616;360603;1047808.969307363;0.2777777777777778;360988;1267014.598998275;0.35438562293199183;3600;1.0
Meta_617;360603;1047808.969307363;0.3333333333333333;360634;1047574.4036672405;0.37489569947459667;3600;1.0
Meta_618;360603;1047808.969307363;0.38888888888888884;366823;1043714.5589121551;0.38802288930838874;59;0.0
Meta_619;360603;1047808.969307363;0.4444444444444444;360694;935698.7209460443;0.44443128504884155;32;0.0
Meta_62;458326;6286853.815844178;0.05555555555555555;431122;5853527.490036824;0.32924059673246303;3600;0.5730983180164196
Meta_620;360603;1047808.969307363;0.5;360603;854281.9870931699;0.49037955344935663;1;0.0
Meta_621;360603;2095617.938614726;0.0;360650;2102272.2329787593;0.2791985723687221;3600;0.8442235116933521
Meta_622;360603;2095617.938614726;0.05555555555555555;360452;2350993.4542065477;0.2635777223318921;3600;0.8836359366044919
Meta_623;360603;2095617.938614726;0.1111111111111111;361720;2095565.7064459375;0.29552013478812306;3600;1.0
Meta_624;360603;2095617.938614726;0.16666666666666666;360612;2081918.7517284313;0.30767714636279964;3600;1.0
Meta_625;360603;2095617.938614726;0.2222222222222222;361177;2095599.6845012724;0.3272276425897725;3600;1.0
Meta_626;360603;2095617.938614726;0.2777777777777778;361416;2066208.7749294178;0.34416207483089856;3600;1.0
Meta_627;360603;2095617.938614726;0.3333333333333333;361635;2092041.0043746454;0.3332957006382048;92;0.0
Meta_628;360603;2095617.938614726;0.38888888888888884;360603;1995677.2177309946;0.3887991917756836;60;0.0
Meta_629;360603;2095617.938614726;0.4444444444444444;366730;1049402.445822988;0.4444441124764654;10;0.0
Meta_63;458326;6286853.815844178;0.1111111111111111;443482;5378372.330613515;0.3199786569407835;3600;0.6075820202329051
Meta_630;360603;2095617.938614726;0.5;360603;888955.8139931698;0.4905596924536401;2;0.0
Meta_631;360603;3143426.907922089;0.0;360603;3303184.512899101;0.2517947049851099;3600;0.8376938589069163
Meta_632;360603;3143426.907922089;0.05555555555555555;360602;3143321.8214660203;0.2645934094179551;3600;0.8854214736739129
Meta_633;360603;3143426.907922089;0.1111111111111111;360784;3143326.577007398;0.298920099655526;3600;1.0
Meta_634;360603;3143426.907922089;0.16666666666666666;360609;3059979.4914546176;0.3280688902439497;3600;1.0
Meta_635;360603;3143426.907922089;0.2222222222222222;360609;3025847.4944047285;0.28327463048283363;3600;1.0
Meta_636;360603;3143426.907922089;0.2777777777777778;360603;3062110.4311263724;0.3171362031066569;3600;1.0
Meta_637;360603;3143426.907922089;0.3333333333333333;360604;2837278.591727156;0.3351896475222925;3600;1.0
Meta_638;360603;3143426.907922089;0.38888888888888884;362873;2939216.271439222;0.38888924686371434;12;0.0
Meta_639;360603;3143426.907922089;0.4444444444444444;360605;1566787.0749006683;0.444370626501664;7;0.0
Meta_64;458326;6286853.815844178;0.16666666666666666;442639;5405609.755276942;0.3199690662748509;3600;0.6724512617874623
Meta_640;360603;3143426.907922089;0.5;360603;854281.9870931699;0.49037955344935663;1;0.0
Meta_641;360603;4191235.877229452;0.0;360466;4191233.6320653176;0.21125389720537732;3600;0.7375069830275776
Meta_642;360603;4191235.877229452;0.05555555555555555;360603;4189932.6335659833;0.21787493239597455;3600;0.8145332806620921
Meta_643;360603;4191235.877229452;0.1111111111111111;360604;4143294.8609026293;0.24349444222620706;3600;1.0
Meta_644;360603;4191235.877229452;0.16666666666666666;360611;4149136.220416247;0.27328305001287817;3600;1.0
Meta_645;360603;4191235.877229452;0.2222222222222222;360603;3750057.519537775;0.2724188358272204;3600;1.0
Meta_646;360603;4191235.877229452;0.2777777777777778;360614;2781283.5879568295;0.33079858175503757;3600;1.0
Meta_647;360603;4191235.877229452;0.3333333333333333;361387;3404608.5388505114;0.33333254426680764;125;0.0
Meta_648;360603;4191235.877229452;0.38888888888888884;362268;2213124.0887450515;0.38861719190873295;50;0.0
Meta_649;360603;4191235.877229452;0.4444444444444444;363091;1447386.3943653193;0.44346024089102093;3;0.0
Meta_65;458326;6286853.815844178;0.2222222222222222;429576;3858250.5228014514;0.3321606852357283;3600;0.855757527507958
Meta_650;360603;4191235.877229452;0.5;360603;854281.9870931699;0.49037955344935663;0;0.0
Meta_651;360603;5239044.846536815;0.0;360603;5210358.604962655;0.1813296575177589;3600;0.6063480745802633
Meta_652;360603;5239044.846536815;0.05555555555555555;360604;5166252.676234385;0.1869030134510469;3600;0.7248035119542489
Meta_653;360603;5239044.846536815;0.1111111111111111;360607;5228321.730714134;0.1987220711053149;3600;1.0
Meta_654;360603;5239044.846536815;0.16666666666666666;360603;5050194.299675494;0.19671544478606645;3600;1.0
Meta_655;360603;5239044.846536815;0.2222222222222222;360606;3667380.896425276;0.33040455759467163;3600;1.0
Meta_656;360603;5239044.846536815;0.2777777777777778;360625;4089352.9235712285;0.2777769125468919;193;0.0
Meta_657;360603;5239044.846536815;0.3333333333333333;360603;4390075.312569809;0.33333272642511946;40;0.0
Meta_658;360603;5239044.846536815;0.38888888888888884;364639;3854115.5064550787;0.3888886715660918;14;0.0
Meta_659;360603;5239044.846536815;0.4444444444444444;360825;1114962.1429942094;0.44186465730953806;5;0.0
Meta_66;458326;6286853.815844178;0.2777777777777778;444277;6196468.159469231;0.32433103747006603;3600;1.0
Meta_660;360603;5239044.846536815;0.5;360603;854281.9870931699;0.49037955344935663;0;0.0
Meta_661;360603;6286853.815844178;0.0;360603;5747230.856281728;0.18451509323712284;3600;0.6517359114990148
Meta_662;360603;6286853.815844178;0.05555555555555555;359677;5696502.90661148;0.2230411604996309;3600;0.838768683540543
Meta_663;360603;6286853.815844178;0.1111111111111111;360929;6042747.784364306;0.2116400529690289;3600;1.0
Meta_664;360603;6286853.815844178;0.16666666666666666;360603;5926115.731959474;0.19740157138439854;3600;1.0
Meta_665;360603;6286853.815844178;0.2222222222222222;362139;4549763.183029934;0.3111535066113647;3600;1.0
Meta_666;360603;6286853.815844178;0.2777777777777778;360632;2999883.401548122;0.33152147152362954;3600;1.0
Meta_667;360603;6286853.815844178;0.3333333333333333;360608;3562205.77101572;0.3333334197448629;75;0.0
Meta_668;360603;6286853.815844178;0.38888888888888884;360613;3965621.057492941;0.38883663329598706;6;0.0
Meta_669;360603;6286853.815844178;0.4444444444444444;360689;1412750.995836175;0.44444539959528784;4;0.0
Meta_67;458326;6286853.815844178;0.3333333333333333;445847;6203517.408824878;0.33333336228670346;3600;1.0
Meta_670;360603;6286853.815844178;0.5;360603;854281.9870931699;0.49037955344935663;0;0.0
Meta_671;360603;7334662.785151541;0.0;360608;6444479.500317681;0.1967217014351265;3600;0.6977208623220565
Meta_672;360603;7334662.785151541;0.05555555555555555;354807;7334101.802946175;0.17965605555599787;3600;0.7461749803109816
Meta_673;360603;7334662.785151541;0.1111111111111111;360603;6141129.291457121;0.17947006146261613;3600;1.0
Meta_674;360603;7334662.785151541;0.16666666666666666;360603;6137157.124908594;0.1964389888054605;3600;1.0
Meta_675;360603;7334662.785151541;0.2222222222222222;360639;4868535.295698268;0.31055609620092095;3600;1.0
Meta_676;360603;7334662.785151541;0.2777777777777778;360603;5927202.173214474;0.277779475511091;2205;0.0
Meta_677;360603;7334662.785151541;0.3333333333333333;360636;5190079.902719849;0.33274157210347377;1617;0.0
Meta_678;360603;7334662.785151541;0.38888888888888884;360603;2913643.945839236;0.38874608774170966;14;0.0
Meta_679;360603;7334662.785151541;0.4444444444444444;367160;1104599.1856806725;0.44438830071956575;9;0.0
Meta_68;458326;6286853.815844178;0.38888888888888884;457961;6223973.141571205;0.37634832503420645;3600;1.0
Meta_680;360603;7334662.785151541;0.5;360603;854281.9870931699;0.49037955344935663;0;0.0
Meta_681;360603;8382471.754458904;0.0;358927;6134284.920821322;0.19763415751009109;3600;0.7218788754189924
Meta_682;360603;8382471.754458904;0.05555555555555555;356606;6776949.940838341;0.1715068988154477;3600;0.7201245671131423
Meta_683;360603;8382471.754458904;0.1111111111111111;361493;8337891.9604761405;0.31492769314987;3600;1.0
Meta_684;360603;8382471.754458904;0.16666666666666666;360603;5348018.852436889;0.2279052006705;3600;1.0
Meta_685;360603;8382471.754458904;0.2222222222222222;360853;7758607.501413207;0.22222390803748862;372;0.0
Meta_686;360603;8382471.754458904;0.2777777777777778;367412;3739721.65990581;0.27777919641706417;86;0.0
Meta_687;360603;8382471.754458904;0.3333333333333333;362802;3458788.057473032;0.3333343063146953;70;0.0
Meta_688;360603;8382471.754458904;0.38888888888888884;361549;2861957.6712283147;0.388889097752048;10;0.0
Meta_689;360603;8382471.754458904;0.4444444444444444;360941;1204202.5069236488;0.4415038359514684;5;0.0
Meta_69;458326;6286853.815844178;0.4444444444444444;458326;5528849.140093007;0.37979274565871235;1433;0.0
Meta_690;360603;8382471.754458904;0.5;360603;854281.9870931699;0.49037955344935663;0;0.0
Meta_691;360603;9430280.723766267;0.0;360611;7138471.904326932;0.18328366761952108;3600;0.6381960743871674
Meta_692;360603;9430280.723766267;0.05555555555555555;361263;7036012.969775737;0.21708193784605495;3600;0.8074654498788764
Meta_693;360603;9430280.723766267;0.1111111111111111;360618;2874652.1963018025;0.3207201408835595;3600;1.0
Meta_694;360603;9430280.723766267;0.16666666666666666;360605;7141455.287812179;0.2228279597259307;3600;1.0
Meta_695;360603;9430280.723766267;0.2222222222222222;360603;4647802.803584877;0.2550454659428994;3600;1.0
Meta_696;360603;9430280.723766267;0.2777777777777778;360617;2709332.652148424;0.34077188912262746;3600;1.0
Meta_697;360603;9430280.723766267;0.3333333333333333;360608;5801165.356547271;0.33333362765473545;40;0.0
Meta_698;360603;9430280.723766267;0.38888888888888884;360731;2556642.7782493867;0.38887860130993285;19;0.0
Meta_699;360603;9430280.723766267;0.4444444444444444;360941;1204202.5069236488;0.4415038359514684;5;0.0
Meta_7;458326;0.0;0.3333333333333333;422588;1378227.5299136078;0.3647005075830261;3600;0.3229119863813425
Meta_70;458326;6286853.815844178;0.5;458326;5434786.239560701;0.38081474059446396;1305;0.0
Meta_700;360603;9430280.723766267;0.5;360603;854281.9870931699;0.49037955344935663;0;0.0
Meta_701;344316;0.0;0.0;344324;975008.857490368;0.3651164350656787;3600;0.8736061181480642
Meta_702;344316;0.0;0.05555555555555555;344326;1998549.0745088242;0.27054260948997766;3600;0.855278786105802
Meta_703;344316;0.0;0.1111111111111111;343080;2227524.6112243827;0.26356838893773527;3600;0.9080725227464616
Meta_704;344316;0.0;0.16666666666666666;344316;2113482.2949419497;0.2537909953119572;3600;0.9346332714831108
Meta_705;344316;0.0;0.2222222222222222;344317;1312628.434863247;0.30943186085605356;3600;0.9998167761065013
Meta_706;344316;0.0;0.2777777777777778;344660;1077495.4135695924;0.3496507674117647;3600;1.0
Meta_707;344316;0.0;0.3333333333333333;345059;1012560.1737053703;0.34450486831675003;3600;1.0
Meta_708;344316;0.0;0.38888888888888884;344316;516757.80176463607;0.388887776462063;3600;1.0
Meta_709;344316;0.0;0.4444444444444444;346743;0.0;0.44312071285195676;181;0.0
Meta_71;458326;7334662.785151541;0.0;433928;7320511.788076667;0.31041329347310637;3600;0.5039081875078406
Meta_710;344316;0.0;0.5;344592;0.0;0.4825016300026974;1;0.0
Meta_711;344316;1047808.969307363;0.0;344316;1699692.7090175017;0.2794709689224398;3600;0.9114375788228493
Meta_712;344316;1047808.969307363;0.05555555555555555;344543;1053186.5234118667;0.36585961693703656;3600;0.9557426990790481
Meta_713;344316;1047808.969307363;0.1111111111111111;347566;1159116.5337526323;0.3440525996466415;3600;1.0
Meta_714;344316;1047808.969307363;0.16666666666666666;350016;1143821.3033585288;0.3450569238199085;3600;1.0
Meta_715;344316;1047808.969307363;0.2222222222222222;344344;1047787.9315011596;0.36618530018627826;3600;1.0
Meta_716;344316;1047808.969307363;0.2777777777777778;344325;1066570.5537797702;0.3690249024997649;3600;1.0
Meta_717;344316;1047808.969307363;0.3333333333333333;344333;1096762.9739110912;0.3521136129263928;3600;1.0
Meta_718;344316;1047808.969307363;0.38888888888888884;352949;1015598.172714144;0.3888881970026043;76;0.0
Meta_719;344316;1047808.969307363;0.4444444444444444;344316;774241.8855277813;0.4444257650337417;5;0.0
Meta_72;458326;7334662.785151541;0.05555555555555555;442971;5734051.535127016;0.31960204325652564;3600;0.48512244289644696
Meta_720;344316;1047808.969307363;0.5;344316;392176.84050000005;0.4862593527987832;2;0.0
Meta_721;344316;2095617.938614726;0.0;344640;2135788.765307343;0.25540235602820116;3600;0.8419894270653157
Meta_722;344316;2095617.938614726;0.05555555555555555;344449;2095552.1284831131;0.27131680462304336;3600;0.9287946300461094
Meta_723;344316;2095617.938614726;0.1111111111111111;344339;2042445.6953680615;0.30571959661295794;3600;1.0
Meta_724;344316;2095617.938614726;0.16666666666666666;344898;2094387.6936830166;0.31977575012956194;3600;1.0
Meta_725;344316;2095617.938614726;0.2222222222222222;344634;2018548.756651136;0.3225730316613895;3600;1.0
Meta_726;344316;2095617.938614726;0.2777777777777778;344415;2095128.3818176165;0.2777749719302666;147;0.0
Meta_727;344316;2095617.938614726;0.3333333333333333;344547;1987814.952186375;0.3333324666942869;226;0.0
Meta_728;344316;2095617.938614726;0.38888888888888884;347807;1505920.5514668284;0.38888964925364966;58;0.0
Meta_729;344316;2095617.938614726;0.4444444444444444;344336;1033177.2639317383;0.4444138472677274;4;0.0
Meta_73;458326;7334662.785151541;0.1111111111111111;440676;5752552.98227118;0.33623495279095694;3600;0.6858477302380033
Meta_730;344316;2095617.938614726;0.5;344316;2095635.7793281474;0.46985314223112756;2;0.0
Meta_732;344316;3143426.907922089;0.05555555555555555;344364;3142065.6281406363;0.2227250846956208;3600;0.8287568049165828
Meta_733;344316;3143426.907922089;0.1111111111111111;344562;3143165.995558505;0.25944283076546215;3600;1.0
Meta_734;344316;3143426.907922089;0.16666666666666666;344318;3141980.8860428673;0.2492518288260414;3600;1.0
Meta_735;344316;3143426.907922089;0.2222222222222222;344318;3122131.8891376867;0.30826689525850787;3600;1.0
Meta_736;344316;3143426.907922089;0.2777777777777778;345489;3042983.077993408;0.3200190407636539;3600;1.0
Meta_737;344316;3143426.907922089;0.3333333333333333;344321;3140832.8211829076;0.33331460570121124;34;0.0
Meta_738;344316;3143426.907922089;0.38888888888888884;346702;2811300.8165689176;0.38888892096165223;14;0.0
Meta_739;344316;3143426.907922089;0.4444444444444444;344484;1452945.9490602962;0.4444379991880786;6;0.0
Meta_74;458326;7334662.785151541;0.16666666666666666;444971;5977216.587878598;0.32813072549934125;3600;0.7238726244905722
Meta_740;344316;3143426.907922089;0.5;344316;2303083.121737818;0.4662730010202213;2;0.0
Meta_741;344316;4191235.877229452;0.0;344681;4119712.2466359152;0.21379271946560885;3600;0.7707910221107689
Meta_742;344316;4191235.877229452;0.05555555555555555;344316;4178527.6890990883;0.21468455150344065;3600;0.8176200819304477
Meta_743;344316;4191235.877229452;0.1111111111111111;344684;4138006.1171686826;0.186519222623028;3600;1.0
Meta_744;344316;4191235.877229452;0.16666666666666666;344318;4190047.861952698;0.18161086999465403;3600;1.0
Meta_745;344316;4191235.877229452;0.2222222222222222;344344;3345098.5056051975;0.31634210291741044;3600;1.0
Meta_746;344316;4191235.877229452;0.2777777777777778;346373;3885515.455766778;0.27775751972635515;70;0.0
Meta_747;344316;4191235.877229452;0.3333333333333333;351016;3129735.2313690167;0.33333347247111267;37;0.0
Meta_748;344316;4191235.877229452;0.38888888888888884;346122;2149864.3050538977;0.38850992982752425;32;0.0
Meta_749;344316;4191235.877229452;0.4444444444444444;344320;1047850.2403798549;0.4438977351630961;5;0.0
Meta_75;458326;7334662.785151541;0.2222222222222222;439399;5613578.792719943;0.31807044858988337;3600;0.7752883930853017
Meta_750;344316;4191235.877229452;0.5;344316;2303083.121737818;0.4662730010202213;2;0.0
Meta_752;344316;5239044.846536815;0.05555555555555555;344316;5236430.988560684;0.16858330666257862;3600;0.6515937097208659
Meta_753;344316;5239044.846536815;0.1111111111111111;344316;4933988.834466268;0.1844618552187605;3600;1.0
Meta_754;344316;5239044.846536815;0.16666666666666666;344341;4199686.904758748;0.2451328277847577;3600;1.0
Meta_755;344316;5239044.846536815;0.2222222222222222;345908;4655954.445026139;0.22222125485702043;1857;0.0
Meta_756;344316;5239044.846536815;0.2777777777777778;344317;3482875.127994249;0.3544955614630128;3600;1.0
Meta_757;344316;5239044.846536815;0.3333333333333333;344316;5097818.44813006;0.3321743354752958;23;0.0
Meta_758;344316;5239044.846536815;0.38888888888888884;365204;2856662.9169243537;0.38823391494679654;27;0.0
Meta_759;344316;5239044.846536815;0.4444444444444444;344453;1588303.4273192207;0.4444413923498765;6;0.0
Meta_76;458326;7334662.785151541;0.2777777777777778;449818;5627857.012892785;0.32911142628862033;3600;1.0
Meta_760;344316;5239044.846536815;0.5;344316;2303083.121737818;0.4662730010202213;2;0.0
Meta_763;344316;6286853.815844178;0.1111111111111111;344318;4913637.830267143;0.18945997996246194;3600;1.0
Meta_764;344316;6286853.815844178;0.16666666666666666;344880;4842099.012207507;0.2057020063238182;3600;1.0
Meta_765;344316;6286853.815844178;0.2222222222222222;344318;4252830.174117996;0.2602037277562149;3600;1.0
Meta_766;344316;6286853.815844178;0.2777777777777778;344476;4110305.893314823;0.27770714799801766;149;0.0
Meta_767;344316;6286853.815844178;0.3333333333333333;348173;5520576.714903521;0.3333333302674379;33;0.0
Meta_768;344316;6286853.815844178;0.38888888888888884;357817;3218108.108042832;0.3888882659724921;17;0.0
Meta_769;344316;6286853.815844178;0.4444444444444444;344453;1588303.4273192207;0.4444413923498765;7;0.0
Meta_77;458326;7334662.785151541;0.3333333333333333;451044;5378762.110513372;0.33583521203419797;3600;1.0
Meta_770;344316;6286853.815844178;0.5;344316;2303083.121737818;0.4662730010202213;1;0.0
Meta_771;344316;7334662.785151541;0.0;344338;5560121.082216091;0.1826077297302412;3600;0.6811767715181609
Meta_772;344316;7334662.785151541;0.05555555555555555;344444;6873404.080445237;0.16706101310597002;3600;0.6440933967171768
Meta_773;344316;7334662.785151541;0.1111111111111111;345465;6048564.753728118;0.17187514692585806;3600;1.0
Meta_774;344316;7334662.785151541;0.16666666666666666;344953;6453042.303154228;0.17708562396303934;3600;1.0
Meta_775;344316;7334662.785151541;0.2222222222222222;344532;4424866.214220689;0.22221593309362542;313;0.0
Meta_776;344316;7334662.785151541;0.2777777777777778;344386;5444174.519030003;0.2777782174996163;94;0.0
Meta_777;344316;7334662.785151541;0.3333333333333333;344553;2924674.620519165;0.33333336612298264;121;0.0
Meta_778;344316;7334662.785151541;0.38888888888888884;352835;2214462.592688961;0.3888889565135249;16;0.0
Meta_779;344316;7334662.785151541;0.4444444444444444;344317;1600233.2995575042;0.44439636818385797;6;0.0
Meta_78;458326;7334662.785151541;0.38888888888888884;458326;6117184.108277759;0.37239587321106277;212;0.0
Meta_780;344316;7334662.785151541;0.5;344316;2543376.3376169843;0.4695328208614676;1;0.0
Meta_781;344316;8382471.754458904;0.0;344318;7024891.121764414;0.17058323872144435;3600;0.6395356549171982
Meta_782;344316;8382471.754458904;0.05555555555555555;351427;7216980.613991116;0.18804947782592946;3600;0.7516644827406846
Meta_783;344316;8382471.754458904;0.1111111111111111;344829;3919518.3964999802;0.2563374850489857;3600;1.0
Meta_784;344316;8382471.754458904;0.16666666666666666;344317;3727374.507573377;0.31181544671732153;3600;1.0
Meta_785;344316;8382471.754458904;0.2222222222222222;344321;5511281.507164819;0.22217025380939806;115;0.0
Meta_786;344316;8382471.754458904;0.2777777777777778;349837;5590250.862797178;0.2777780948013587;52;0.0
Meta_787;344316;8382471.754458904;0.3333333333333333;347721;3043482.774019232;0.33329736865107135;192;0.0
Meta_788;344316;8382471.754458904;0.38888888888888884;366206;3467701.8164661764;0.3861289351478077;24;0.0
Meta_789;344316;8382471.754458904;0.4444444444444444;344317;1600233.2995575042;0.44439636818385797;6;0.0
Meta_79;458326;7334662.785151541;0.4444444444444444;458326;5739454.758473871;0.3753279042409722;706;0.0
Meta_790;344316;8382471.754458904;0.5;344316;787333.21139317;0.4857035176385198;0;0.0
Meta_791;344316;9430280.723766267;0.0;347554;6662448.658326647;0.1656457678483356;3600;0.617726986041304
Meta_792;344316;9430280.723766267;0.05555555555555555;344825;5646452.1848456;0.17040104760304095;3600;0.685265005306742
Meta_793;344316;9430280.723766267;0.1111111111111111;344316;6113944.524787473;0.17780875107776098;3600;1.0
Meta_794;344316;9430280.723766267;0.16666666666666666;344555;6111101.097315402;0.1680474839741831;3600;1.0
Meta_795;344316;9430280.723766267;0.2222222222222222;356984;3396986.035012921;0.31672347415915597;3600;1.0
Meta_796;344316;9430280.723766267;0.2777777777777778;344995;5373247.992989392;0.2777482540044566;2075;0.0
Meta_797;344316;9430280.723766267;0.3333333333333333;344319;5025226.007959028;0.333307650555801;90;0.0
Meta_798;344316;9430280.723766267;0.38888888888888884;344320;3185130.0664921147;0.38763942170599425;23;0.0
Meta_799;344316;9430280.723766267;0.4444444444444444;344317;1600233.2995575042;0.44439636818385797;7;0.0
Meta_8;458326;0.0;0.38888888888888884;426960;1235597.8685219286;0.3888890975377016;3600;0.06617335565815749
Meta_80;458326;7334662.785151541;0.5;458326;6703381.442326816;0.37760358743465267;103;0.0
Meta_800;344316;9430280.723766267;0.5;344316;787333.21139317;0.4857035176385198;0;0.0
Meta_801;328029;0.0;0.0;327845;2303880.6065678755;0.2214522611861467;3600;0.7758767114520565
Meta_802;328029;0.0;0.05555555555555555;328127;1607734.46288121;0.2715139224840212;3600;0.8212979541840966
Meta_803;328029;0.0;0.1111111111111111;328030;1564689.0814507161;0.2740635490440481;3600;0.8956231743610743
Meta_804;328029;0.0;0.16666666666666666;328421;1537324.348727091;0.29693300014560164;3600;0.9866772619177858
Meta_805;328029;0.0;0.2222222222222222;330631;1879409.3149915028;0.2693324868597673;3600;1.0
Meta_806;328029;0.0;0.2777777777777778;328887;1226030.1514469301;0.3150863532874262;3600;1.0
Meta_807;328029;0.0;0.3333333333333333;331286;895542.2503405033;0.36195533875239627;3600;1.0
Meta_808;328029;0.0;0.38888888888888884;333891;563180.2265528094;0.3888841831491146;3600;1.0
Meta_809;328029;0.0;0.4444444444444444;331771;0.0;0.44442070193746513;1935;0.0
Meta_81;458326;8382471.754458904;0.0;433702;5597957.241121372;0.31059036010146207;3600;0.5215822901509599
Meta_810;328029;0.0;0.5;329968;0.0;0.48250163000269747;0;0.0
Meta_811;328029;1047808.969307363;0.0;328079;1606810.8876148488;0.28961080425952496;3600;0.899821761858969
Meta_812;328029;1047808.969307363;0.05555555555555555;328519;1844644.8379213624;0.2705962426737365;3600;0.9160429208307839
Meta_813;328029;1047808.969307363;0.1111111111111111;328029;2263284.4961707275;0.2297937666186391;3600;1.0
Meta_814;328029;1047808.969307363;0.16666666666666666;328109;1691322.9222574409;0.28465387172167794;3600;1.0
Meta_815;328029;1047808.969307363;0.2222222222222222;329775;1152933.973163667;0.350518268193104;3600;1.0
Meta_816;328029;1047808.969307363;0.2777777777777778;329440;1049742.3665792234;0.353920323834737;3600;1.0
Meta_817;328029;1047808.969307363;0.3333333333333333;328524;1047830.2773676313;0.35989614032068334;3600;1.0
Meta_818;328029;1047808.969307363;0.38888888888888884;352975;1039939.4542046514;0.3888180799842527;45;0.0
Meta_819;328029;1047808.969307363;0.4444444444444444;344712;1026878.3497756508;0.44329591222861214;5;0.0
Meta_82;458326;8382471.754458904;0.05555555555555555;432375;7096205.193637752;0.33086844233477136;3600;0.5859064604105299
Meta_820;328029;1047808.969307363;0.5;328029;599080.8826;0.48251452892971347;0;0.0
Meta_821;328029;2095617.938614726;0.0;345909;2095543.850238734;0.3281503824795053;3600;0.9101620180630601
Meta_822;328029;2095617.938614726;0.05555555555555555;328469;2095255.1329005559;0.3204160281401302;3600;0.9354680209803242
Meta_823;328029;2095617.938614726;0.1111111111111111;328029;2095627.124545696;0.2558733291282364;3600;1.0
Meta_824;328029;2095617.938614726;0.16666666666666666;327978;2210594.729604383;0.2342803572005977;3600;1.0
Meta_825;328029;2095617.938614726;0.2222222222222222;328328;2095614.6627846314;0.24142418093242754;3600;1.0
Meta_826;328029;2095617.938614726;0.2777777777777778;328029;2095628.4103018537;0.2799708004857847;3600;1.0
Meta_827;328029;2095617.938614726;0.3333333333333333;329586;2005130.549210037;0.33328999382227065;26;0.0
Meta_828;328029;2095617.938614726;0.38888888888888884;339030;1634295.8940266462;0.3888864079089979;26;0.0
Meta_829;328029;2095617.938614726;0.4444444444444444;328220;1479195.3172403704;0.444438707334443;7;0.0
Meta_83;458326;8382471.754458904;0.1111111111111111;439151;4731538.51925109;0.32488069637317224;3600;0.6369630611249029
Meta_830;328029;2095617.938614726;0.5;328029;599080.8826;0.48251452892971347;0;0.0
Meta_831;328029;3143426.907922089;0.0;327701;3146830.123008883;0.20039168905886076;3600;0.7347199759299515
Meta_832;328029;3143426.907922089;0.05555555555555555;326455;3143974.1923107225;0.2108862624572409;3600;0.8319188994903399
Meta_833;328029;3143426.907922089;0.1111111111111111;329730;3143443.651289515;0.18412518325808286;3600;1.0
Meta_834;328029;3143426.907922089;0.16666666666666666;329490;3106599.9382631117;0.23259540236743206;3600;1.0
Meta_835;328029;3143426.907922089;0.2222222222222222;328455;3143286.6236157753;0.2484185399518816;3600;1.0
Meta_836;328029;3143426.907922089;0.2777777777777778;334081;3092530.7830908676;0.27777818963167505;67;0.0
Meta_837;328029;3143426.907922089;0.3333333333333333;340427;2482227.577662462;0.3333215503751194;34;0.0
Meta_838;328029;3143426.907922089;0.38888888888888884;342465;1447800.6287317057;0.38840023669960755;16;0.0
Meta_839;328029;3143426.907922089;0.4444444444444444;331273;1375275.9048956523;0.44392468021208176;11;0.0
Meta_84;458326;8382471.754458904;0.16666666666666666;431212;4477023.494387771;0.33012212282740266;3600;0.7609730528613597
Meta_840;328029;3143426.907922089;0.5;328029;599080.8826;0.48251452892971347;0;0.0
Meta_841;328029;4191235.877229452;0.0;329080;4108920.450397027;0.20913771143548945;3600;0.773229377024883
Meta_842;328029;4191235.877229452;0.05555555555555555;328388;4146670.432410146;0.22492382492003343;3600;0.8459167833859513
Meta_843;328029;4191235.877229452;0.1111111111111111;338123;3886724.5335338614;0.28598070750781607;3600;1.0
Meta_844;328029;4191235.877229452;0.16666666666666666;328298;4191095.222732775;0.22810627526149727;3600;1.0
Meta_845;328029;4191235.877229452;0.2222222222222222;328996;4040758.437777839;0.2221873576040321;318;0.0
Meta_846;328029;4191235.877229452;0.2777777777777778;330537;3271970.465062453;0.2777783840276261;106;0.0
Meta_847;328029;4191235.877229452;0.3333333333333333;342017;3233229.4958275724;0.3333179447166344;32;0.0
Meta_848;328029;4191235.877229452;0.38888888888888884;331745;1333717.6600090507;0.38719295982072527;21;0.0
Meta_849;328029;4191235.877229452;0.4444444444444444;328507;1324057.0105286937;0.4444437843371645;3;0.0
Meta_85;458326;8382471.754458904;0.2222222222222222;433887;7041013.663087407;0.3329900868073475;3600;0.8562114008043867
Meta_850;328029;4191235.877229452;0.5;328029;599080.8826;0.48251452892971347;0;0.0
Meta_851;328029;5239044.846536815;0.0;330382;5239048.510420274;0.1900381247937649;3600;0.7113982290201945
Meta_852;328029;5239044.846536815;0.05555555555555555;332914;5234797.606104164;0.17150653135011962;3600;0.7249702950211758
Meta_853;328029;5239044.846536815;0.1111111111111111;332278;5024332.587457388;0.19750615546818187;3600;1.0
Meta_854;328029;5239044.846536815;0.16666666666666666;340633;3389323.8675453993;0.33875103218899644;3600;1.0
Meta_855;328029;5239044.846536815;0.2222222222222222;331569;4489997.428928949;0.22222272515960062;156;0.0
Meta_856;328029;5239044.846536815;0.2777777777777778;328226;3795368.2915128344;0.3324174754170868;3600;1.0
Meta_857;328029;5239044.846536815;0.3333333333333333;328142;2547016.648159813;0.3333329759011241;108;0.0
Meta_858;328029;5239044.846536815;0.38888888888888884;332925;3381147.295641533;0.3888889850626932;27;0.0
Meta_859;328029;5239044.846536815;0.4444444444444444;328507;1324057.0105286937;0.4444437843371645;3;0.0
Meta_86;458326;8382471.754458904;0.2777777777777778;438785;6893508.762298324;0.3214509747386176;3600;1.0
Meta_860;328029;5239044.846536815;0.5;328029;599080.8826;0.48251452892971347;0;0.0
Meta_861;328029;6286853.815844178;0.0;340039;6200122.682296341;0.1729414242312469;3600;0.6241711438928741
Meta_862;328029;6286853.815844178;0.05555555555555555;328029;4407868.488057761;0.2601060393350229;3600;0.8935027242635756
Meta_863;328029;6286853.815844178;0.1111111111111111;328049;3663021.907574136;0.2934247729561417;3600;1.0
Meta_864;328029;6286853.815844178;0.16666666666666666;329343;4491324.968065364;0.19060943215692017;3600;1.0
Meta_865;328029;6286853.815844178;0.2222222222222222;348454;3874647.3237442668;0.3090040381984593;3600;1.0
Meta_866;328029;6286853.815844178;0.2777777777777778;339804;4036395.056843021;0.27762813777267703;223;0.0
Meta_867;328029;6286853.815844178;0.3333333333333333;334869;3238796.982487631;0.33333375548949007;58;0.0
Meta_868;328029;6286853.815844178;0.38888888888888884;339975;1591341.0753650079;0.38888845575704706;23;0.0
Meta_869;328029;6286853.815844178;0.4444444444444444;328507;1324057.0105286937;0.4444437843371645;3;0.0
Meta_87;458326;8382471.754458904;0.3333333333333333;448467;6872760.395567512;0.33333601626793524;3600;1.0
Meta_870;328029;6286853.815844178;0.5;328029;599080.8826;0.48251452892971347;0;0.0
Meta_871;328029;7334662.785151541;0.0;328029;5862143.170046651;0.178659642155236;3600;0.6591105783636491
Meta_872;328029;7334662.785151541;0.05555555555555555;334287;4961159.279148844;0.18812876886379476;3600;0.7678868196165586
Meta_873;328029;7334662.785151541;0.1111111111111111;333892;6008507.335872237;0.1800585652432594;3600;1.0
Meta_874;328029;7334662.785151541;0.16666666666666666;331053;5566611.335264867;0.1911033054109235;3600;1.0
Meta_875;328029;7334662.785151541;0.2222222222222222;336834;4017445.4359480203;0.269090954342146;3600;1.0
Meta_876;328029;7334662.785151541;0.2777777777777778;328042;3964130.9963777713;0.2906618188402952;3600;1.0
Meta_877;328029;7334662.785151541;0.3333333333333333;328029;3997293.290114971;0.332950791117257;7;0.0
Meta_878;328029;7334662.785151541;0.38888888888888884;340426;1571218.3146971765;0.3888881263527862;6;0.0
Meta_879;328029;7334662.785151541;0.4444444444444444;328507;1324057.0105286937;0.4444437843371645;3;0.0
Meta_88;458326;8382471.754458904;0.38888888888888884;458326;6031092.79582406;0.3806525818492905;3296;0.0
Meta_880;328029;7334662.785151541;0.5;328029;599080.8826;0.48251452892971347;0;0.0
Meta_881;328029;8382471.754458904;0.0;344918;6362596.36420739;0.16731235263815802;3600;0.6017797832510875
Meta_882;328029;8382471.754458904;0.05555555555555555;330010;5073463.655900395;0.20099184907665701;3600;0.8111418339878904
Meta_883;328029;8382471.754458904;0.1111111111111111;345638;7472518.072977604;0.16955778468011903;3600;1.0
Meta_884;328029;8382471.754458904;0.16666666666666666;331954;6867937.27678293;0.17299284231245782;3600;1.0
Meta_885;328029;8382471.754458904;0.2222222222222222;331331;5108333.936461458;0.22213377801083933;887;0.0
Meta_886;328029;8382471.754458904;0.2777777777777778;343930;4784249.557993888;0.27777818136083365;707;0.0
Meta_887;328029;8382471.754458904;0.3333333333333333;335403;4314318.855732935;0.3333341639582615;21;0.0
Meta_888;328029;8382471.754458904;0.38888888888888884;340100;1790208.0203985728;0.38888835649201126;26;0.0
Meta_889;328029;8382471.754458904;0.4444444444444444;328507;1324057.0105286937;0.4444437843371645;3;0.0
Meta_89;458326;8382471.754458904;0.4444444444444444;458326;7245348.447954908;0.3777253399809914;190;0.0
Meta_890;328029;8382471.754458904;0.5;328029;599080.8826;0.48251452892971347;0;0.0
Meta_891;328029;9430280.723766267;0.0;337825;7210536.3986786865;0.16830256534732072;3600;0.6067118652109156
Meta_892;328029;9430280.723766267;0.05555555555555555;344521;4831583.756674655;0.17420151345034252;3600;0.7289233917545613
Meta_893;328029;9430280.723766267;0.1111111111111111;335082;6006229.343599378;0.17174370414537565;3600;1.0
Meta_894;328029;9430280.723766267;0.16666666666666666;343805;6419752.054483478;0.16829477880172594;3600;1.0
Meta_895;328029;9430280.723766267;0.2222222222222222;329783;5231551.673668201;0.22216550979140343;435;0.0
Meta_896;328029;9430280.723766267;0.2777777777777778;328219;5021910.715541577;0.2777679855137743;95;0.0
Meta_897;328029;9430280.723766267;0.3333333333333333;328071;4884819.117710012;0.3333345840145521;56;0.0
Meta_898;328029;9430280.723766267;0.38888888888888884;329273;1729280.757197926;0.388759360194101;17;0.0
Meta_899;328029;9430280.723766267;0.4444444444444444;328507;1324057.0105286937;0.4444437843371645;3;0.0
Meta_9;458326;0.0;0.4444444444444444;433665;1239005.746002163;0.4444438851505737;3600;0.0018090243508519527
Meta_90;458326;8382471.754458904;0.5;458326;5189853.52526038;0.38104393702657885;158;0.0
Meta_900;328029;9430280.723766267;0.5;328029;599080.8826;0.48251452892971347;0;0.0
Meta_901;311742;0.0;0.0;311742;2150902.3922835984;0.2158052647013781;3600;0.7916058765572126
Meta_902;311742;0.0;0.05555555555555555;311742;2651278.7164158626;0.25288635259472725;3600;0.8361225683657314
Meta_903;311742;0.0;0.1111111111111111;313083;1985268.9486951085;0.22510166728659325;3600;0.9637483414539812
Meta_904;311742;0.0;0.16666666666666666;279127;166518.28446461202;0.3041240524737432;3600;0.9920947364623743
Meta_905;311742;0.0;0.2222222222222222;312157;1610250.2625523908;0.27984067570198556;3600;1.0
Meta_906;311742;0.0;0.2777777777777778;311745;718536.0855464034;0.35546091839292726;3600;1.0
Meta_907;311742;0.0;0.3333333333333333;322067;1019458.403057805;0.34785753816745624;3600;1.0
Meta_908;311742;0.0;0.38888888888888884;311742;147272.041581328;0.38888878205486616;3600;1.0
Meta_909;311742;0.0;0.4444444444444444;315056;0.0;0.4425382539475771;120;0.0
Meta_91;458326;9430280.723766267;0.0;444990;8032555.033726184;0.32048588928717;3600;0.5010157405509037
Meta_910;311742;0.0;0.5;314608;0.0;0.47589759345970095;0;0.0
Meta_911;311742;1047808.969307363;0.0;311651;2089412.2424119087;0.2130182836921479;3600;0.8093592395922151
Meta_912;311742;1047808.969307363;0.05555555555555555;311742;1552250.489299232;0.2667524710883896;3600;0.9302499235832471
Meta_913;311742;1047808.969307363;0.1111111111111111;311742;2016790.5587114743;0.2269976865517487;3600;1.0
Meta_914;311742;1047808.969307363;0.16666666666666666;312146;1656046.589604735;0.2506266297641714;3600;1.0
Meta_915;311742;1047808.969307363;0.2222222222222222;313036;1047819.5404540469;0.3595242785103038;3600;1.0
Meta_916;311742;1047808.969307363;0.2777777777777778;312586;1047824.2172433967;0.36676966613273393;3600;1.0
Meta_917;311742;1047808.969307363;0.3333333333333333;315588;1063703.591084637;0.35731824786154054;3600;1.0
Meta_918;311742;1047808.969307363;0.38888888888888884;314155;1047574.4931933436;0.3887666226409759;82;0.0
Meta_919;311742;1047808.969307363;0.4444444444444444;326929;971118.9445650345;0.444019850934057;5;0.0
Meta_92;458326;9430280.723766267;0.05555555555555555;428955;7359340.911460136;0.3212041174328835;3600;0.5757158410567901
Meta_920;311742;1047808.969307363;0.5;311742;664809.02759317;0.47270383971195923;0;0.0
Meta_921;311742;2095617.938614726;0.0;312663;2105751.441285989;0.2589068390052363;3600;0.8648174540072185
Meta_922;311742;2095617.938614726;0.05555555555555555;312920;2089598.5759330688;0.248064741781728;3600;0.903043797248526
Meta_923;311742;2095617.938614726;0.1111111111111111;312617;2095632.0615086192;0.2825702355281444;3600;1.0
Meta_924;311742;2095617.938614726;0.16666666666666666;312019;2107685.761004381;0.23539411780649766;3600;1.0
Meta_925;311742;2095617.938614726;0.2222222222222222;319181;2093843.6212418128;0.28958721554519495;3600;1.0
Meta_926;311742;2095617.938614726;0.2777777777777778;312350;2094398.8681466624;0.2777786542046284;1331;0.0
Meta_927;311742;2095617.938614726;0.3333333333333333;321693;2072525.454014145;0.3333335455295817;32;0.0
Meta_928;311742;2095617.938614726;0.38888888888888884;316382;2030258.3188838274;0.38856832871319763;99;0.0
Meta_929;311742;2095617.938614726;0.4444444444444444;327306;1613933.8192701864;0.44381160344639076;5;0.0
Meta_93;458326;9430280.723766267;0.1111111111111111;435459;5952950.138697324;0.3192170825453462;3600;0.6444393201159968
Meta_930;311742;2095617.938614726;0.5;311742;664809.02759317;0.47270383971195923;0;0.0
Meta_931;311742;3143426.907922089;0.0;311742;3173774.661287198;0.21500542340610618;3600;0.7767317926558535
Meta_932;311742;3143426.907922089;0.05555555555555555;314212;3143076.016442395;0.21809381118813123;3600;0.8341470299840965
Meta_933;311742;3143426.907922089;0.1111111111111111;313705;3142786.961165514;0.1923474156160569;3600;1.0
Meta_934;311742;3143426.907922089;0.16666666666666666;314425;3143402.2495564497;0.2426520070350555;3600;1.0
Meta_935;311742;3143426.907922089;0.2222222222222222;311755;3082237.042181389;0.22222356674876276;121;0.0
Meta_936;311742;3143426.907922089;0.2777777777777778;311742;2012744.4304065178;0.33437434457542226;3600;1.0
Meta_937;311742;3143426.907922089;0.3333333333333333;341228;3067654.4359900956;0.33331862064302864;101;0.0
Meta_938;311742;3143426.907922089;0.38888888888888884;333618;2729096.348763223;0.3888751004725718;94;0.0
Meta_939;311742;3143426.907922089;0.4444444444444444;321516;1625684.3922152093;0.44406572191634713;6;0.0
Meta_94;458326;9430280.723766267;0.16666666666666666;444130;5181839.600461318;0.32427654562071256;3600;0.7132742194213457
Meta_940;311742;3143426.907922089;0.5;311742;664809.02759317;0.47270383971195923;0;0.0
Meta_941;311742;4191235.877229452;0.0;323136;4191002.0288815144;0.2003456270294801;3600;0.8030533069121998
Meta_942;311742;4191235.877229452;0.05555555555555555;321722;4161908.57199756;0.20679570569890138;3600;0.815218928407654
Meta_943;311742;4191235.877229452;0.1111111111111111;330075;4155818.995261627;0.17523663441869386;3600;1.0
Meta_944;311742;4191235.877229452;0.16666666666666666;314740;3617398.2172233067;0.242103726458849;3600;1.0
Meta_945;311742;4191235.877229452;0.2222222222222222;312959;4158531.662206452;0.22220462517445438;83;0.0
Meta_946;311742;4191235.877229452;0.2777777777777778;311980;4032388.4561524624;0.30844230763957725;3600;1.0
Meta_947;311742;4191235.877229452;0.3333333333333333;296353;2132261.4881000156;0.3333305110440382;3600;1.0
Meta_948;311742;4191235.877229452;0.38888888888888884;312440;2131344.686666583;0.3888894490500092;71;0.0
Meta_949;311742;4191235.877229452;0.4444444444444444;316900;997178.4011798745;0.444284777785566;5;0.0
Meta_95;458326;9430280.723766267;0.2222222222222222;441175;6522331.605348852;0.3158208554642675;3600;0.7812850122864825
Meta_950;311742;4191235.877229452;0.5;311742;664809.02759317;0.47270383971195923;0;0.0
Meta_951;311742;5239044.846536815;0.0;333201;5211026.675197501;0.1929159347231788;3600;0.7184981556748661
Meta_952;311742;5239044.846536815;0.05555555555555555;326159;5146666.695213946;0.18022727207915368;3600;0.7492090726710612
Meta_953;311742;5239044.846536815;0.1111111111111111;336404;5230559.054374173;0.17112078676280282;3600;1.0
Meta_954;311742;5239044.846536815;0.16666666666666666;312219;3322583.312388927;0.3166863155433499;3600;1.0
Meta_955;311742;5239044.846536815;0.2222222222222222;334444;3750940.2646299535;0.22198768457794527;46;0.0
Meta_956;311742;5239044.846536815;0.2777777777777778;341158;3579992.758754719;0.32184446578619336;3600;1.0
Meta_957;311742;5239044.846536815;0.3333333333333333;291009;2800345.3932809723;0.33333322727305686;3600;1.0
Meta_958;311742;5239044.846536815;0.38888888888888884;312957;2594847.26839686;0.3888773891088636;23;0.0
Meta_959;311742;5239044.846536815;0.4444444444444444;316337;939163.7912032902;0.44349009542555423;5;0.0
Meta_96;458326;9430280.723766267;0.2777777777777778;442185;5609004.678737287;0.3256290529799175;3600;1.0
Meta_960;311742;5239044.846536815;0.5;311742;664809.02759317;0.47270383971195923;0;0.0
Meta_961;311742;6286853.815844178;0.0;338738;5757082.337355635;0.1702018105578765;3600;0.6882221674846921
Meta_962;311742;6286853.815844178;0.05555555555555555;324554;5402439.99069313;0.1815706858410144;3600;0.752974939371534
Meta_963;311742;6286853.815844178;0.1111111111111111;312940;3683553.0514343907;0.31861559927375765;3600;1.0
Meta_964;311742;6286853.815844178;0.16666666666666666;323196;5494204.304671837;0.17754616185229882;3600;1.0
Meta_965;311742;6286853.815844178;0.2222222222222222;312956;4188527.0346930614;0.23487170204346788;3600;1.0
Meta_966;311742;6286853.815844178;0.2777777777777778;315998;3715674.170284352;0.29300035064180696;3600;1.0
Meta_967;311742;6286853.815844178;0.3333333333333333;312008;3000527.357545567;0.33422205001616917;3600;1.0
Meta_968;311742;6286853.815844178;0.38888888888888884;330722;4209552.416858927;0.36377813759602606;17;0.0
Meta_969;311742;6286853.815844178;0.4444444444444444;318928;1515794.589426131;0.444186649102815;2;0.0
Meta_97;458326;9430280.723766267;0.3333333333333333;451514;7936173.218175905;0.3333342402981971;3600;1.0
Meta_970;311742;6286853.815844178;0.5;311742;664809.02759317;0.47270383971195923;0;0.0
Meta_971;311742;7334662.785151541;0.0;343257;6569783.568013766;0.16470766349935284;3600;0.612948614336632
Meta_972;311742;7334662.785151541;0.05555555555555555;327701;5527565.076251174;0.18247080666902565;3600;0.7559065987886233
Meta_973;311742;7334662.785151541;0.1111111111111111;326333;6276680.767448402;0.18915465295009384;3600;1.0
Meta_974;311742;7334662.785151541;0.16666666666666666;337744;5780561.344923585;0.1702226174511234;3600;1.0
Meta_975;311742;7334662.785151541;0.2222222222222222;313657;3122918.477828664;0.2964320911218257;3600;1.0
Meta_976;311742;7334662.785151541;0.2777777777777778;311742;3313155.287991324;0.276088039656765;3486;0.0
Meta_977;311742;7334662.785151541;0.3333333333333333;312880;3774365.8439372308;0.3331810176185024;44;0.0
Meta_978;311742;7334662.785151541;0.38888888888888884;311764;515173.71795625956;0.3887483336704489;23;0.0
Meta_979;311742;7334662.785151541;0.4444444444444444;318928;1515794.589426131;0.444186649102815;2;0.0
Meta_98;458326;9430280.723766267;0.38888888888888884;458326;6387820.142016913;0.37412634300537584;993;0.0
Meta_980;311742;7334662.785151541;0.5;311742;664809.02759317;0.47270383971195923;0;0.0
Meta_981;311742;8382471.754458904;0.0;314067;5305435.461948779;0.1952607585353135;3600;0.752805542628651
Meta_982;311742;8382471.754458904;0.05555555555555555;334698;5764386.387175072;0.1818190745297374;3600;0.7539730279150632
Meta_983;311742;8382471.754458904;0.1111111111111111;347141;7612905.940265735;0.16969826170691527;3600;1.0
Meta_984;311742;8382471.754458904;0.16666666666666666;312391;4792874.234064677;0.21354276142467135;3600;1.0
Meta_985;311742;8382471.754458904;0.2222222222222222;320898;4533884.031626387;0.222224400938473;1561;0.0
Meta_986;311742;8382471.754458904;0.2777777777777778;312108;3844033.4201819724;0.2912859943653874;3600;1.0
Meta_987;311742;8382471.754458904;0.3333333333333333;345917;4914907.58058755;0.3322876694955058;28;0.0
Meta_988;311742;8382471.754458904;0.38888888888888884;313043;2812752.1258060043;0.3886803689753797;18;0.0
Meta_989;311742;8382471.754458904;0.4444444444444444;318928;1515794.589426131;0.444186649102815;2;0.0
Meta_99;458326;9430280.723766267;0.4444444444444444;458326;7126865.508955396;0.3751258635893889;853;0.0
Meta_990;311742;8382471.754458904;0.5;311742;664809.02759317;0.47270383971195923;0;0.0
Meta_991;311742;9430280.723766267;0.0;311932;4448661.681282499;0.2662266038061774;3600;0.8779872641120732
Meta_992;311742;9430280.723766267;0.05555555555555555;333093;5787796.450977835;0.18243331491880166;3600;0.7557960056056242
Meta_993;311742;9430280.723766267;0.1111111111111111;346819;6976314.852408916;0.16510824653918518;3600;1.0
Meta_994;311742;9430280.723766267;0.16666666666666666;344839;6426237.1209509205;0.1666666989297016;3416;0.0
Meta_995;311742;9430280.723766267;0.2222222222222222;311818;4280507.722902122;0.22222291552300344;1693;0.0
Meta_996;311742;9430280.723766267;0.2777777777777778;312338;3469370.616204848;0.3153346654634498;3600;1.0
Meta_997;311742;9430280.723766267;0.3333333333333333;319053;3643370.627340034;0.33252394255763046;67;0.0
Meta_998;311742;9430280.723766267;0.38888888888888884;313043;2812752.1258060043;0.3886803689753797;19;0.0
Meta_999;311742;9430280.723766267;0.4444444444444444;318928;1515794.589426131;0.444186649102815;2;0.0
Meta_751;344316;5239044.846536815;0.0;344783;5237945.369237612;0.17563124087858425;3600;0.6448997560817434
Meta_762;344316;6286853.815844178;0.05555555555555555;345248;5191567.659440733;0.2095517680653325;3600;0.8156053843921922
Meta_731;344316;3143426.907922089;0.0;344997;3142812.520013901;0.2631940069704892;3600;0.8485803283840839
Meta_761;344316;6286853.815844178;0.0;346216;6099189.751112675;0.1747048617456116;3600;0.6516800477287225
