
Gurobi 11.0.3 (linux64, Java) logging started qui 18 dez 2025 19:16:44 -03

Set parameter WLSAccessID
Set parameter WLSSecret
Set parameter LicenseID to value 2566693
Academic license 2566693 - for non-commercial use only - registered to ja___@ufv.br
Set parameter NonConvex to value 2
Set parameter TimeLimit to value 3600
Set parameter LogToConsole to value 0
Set parameter MIPGap to value 4.7478399160473358e-08
Set parameter Threads to value 1
Set parameter NodefileDir to value "/home/ps12398/gp-momulap/goalProgrammingMarcos/"
Set parameter NodefileStart to value 0.1
Gurobi Optimizer version 11.0.3 build v11.0.3rc0 (linux64)

CPU model: Intel(R) Xeon(R) CPU           X5650  @ 2.67GHz, instruction set [SSE2]
Thread count: 12 physical cores, 24 logical processors, using up to 1 threads

Academic license 2566693 - for non-commercial use only - registered to ja___@ufv.br
Optimize a model with 62101 rows, 41913 columns and 208058 nonzeros
Model fingerprint: 0x5c5de724
Model has 149 quadratic constraints
Variable types: 20886 continuous, 21027 integer (144 binary)
Coefficient statistics:
  Matrix range     [7e-03, 6e+06]
  QMatrix range    [7e-03, 1e+05]
  QLMatrix range   [1e+00, 1e+05]
  Objective range  [1e+00, 4e+07]
  Bounds range     [1e+00, 1e+08]
  RHS range        [1e+00, 7e+06]
  QRHS range       [1e-02, 1e-02]
Presolve removed 61160 rows and 40894 columns
Presolve time: 0.14s
Presolved: 2243 rows, 1411 columns, 69462 nonzeros
Presolved model has 2 SOS constraint(s)
Presolved model has 144 bilinear constraint(s)

Solving non-convex MIQCP

Variable types: 561 continuous, 850 integer (146 binary)
Found heuristic solution: objective 1.401542e+07

Root relaxation: objective 0.000000e+00, 521 iterations, 0.02 seconds (0.01 work units)

    Nodes    |    Current Node    |     Objective Bounds      |     Work
 Expl Unexpl |  Obj  Depth IntInf | Incumbent    BestBd   Gap | It/Node Time

     0     0    0.00000    0  182 1.4015e+07    0.00000   100%     -    0s
H    0     0                    1.386136e+07    0.00000   100%     -    0s
     0     0    0.00000    0  377 1.3861e+07    0.00000   100%     -    0s
     0     0    0.00000    0  337 1.3861e+07    0.00000   100%     -    1s
     0     0    0.00000    0  322 1.3861e+07    0.00000   100%     -    1s
     0     0    0.00000    0  351 1.3861e+07    0.00000   100%     -    1s
     0     0    0.00000    0  325 1.3861e+07    0.00000   100%     -    2s
H    0     0                    7361867.5874    0.00000   100%     -    2s
     0     2    0.00000    0  325 7361867.59    0.00000   100%     -    3s
   106   108 76055.9533   70  259 7361867.59    0.00000   100%   128    5s
H  182   182                    7094109.7806    0.00000   100%   109    6s
H  208   208                    7091626.4669    0.00000   100%   103    7s
H  224   224                    7088873.3418    0.00000   100%  97.5    7s
H  243   243                    6584247.4573    0.00000   100%  92.9    7s
H  260   260                    6036657.4931    0.00000   100%  90.0    8s
H  390   390                    5919159.7626    0.00000   100%  65.8    9s
   552   554 4656101.80  433  155 5919159.76    0.00000   100%  51.8   10s
H  822   822                    5683099.2501    0.00000   100%  44.2   11s
H 1046  1046                    5314546.4657    0.00000   100%  43.8   13s
  1196  1198 5046858.87 1045  144 5314546.47    0.00000   100%  43.6   15s
H 1657  1657                    5177537.6643    0.00000   100%  43.0   17s
H 1697  1584                    5061833.5583    0.00000   100%  44.3   19s
  1699  1585 5046856.43 1035  245 5061833.56    0.00000   100%  44.2   20s
H 1704  1509                    5029073.0199    0.00000   100%  44.1   23s
  1710  1513 4687666.14  487  186 5029073.02    0.00000   100%  43.9   25s
  1723  1524    0.00000   18  330 5029073.02    0.00000   100%  53.8   30s
  1773  1557 96623.5724   43  266 5029073.02    0.00000   100%  54.3   35s
  1814  1585    0.00000   64  252 5029073.02    0.00000   100%  53.8   40s
H 1843  1525                    4930937.1330    0.00000   100%  53.5   43s
  1856  1536    0.00000   85  253 4930937.13    0.00000   100%  53.3   45s
H 1895  1488                    4930752.0595    0.00000   100%  52.8   49s
  1897  1491    0.00000  105  236 4930752.06    0.00000   100%  52.8   50s
H 1932  1444                    4859979.8656    0.00000   100%  52.2   52s
H 1973  1406                    4697043.4886    0.00000   100%  51.8   53s
H 2025  1378                    4634873.3090    0.00000   100%  50.8   54s
H 2041  1331                    3779533.6143    0.00000   100%  50.7   54s
  2077  1357 1042396.20  195  186 3779533.61    0.00000   100%  50.8   55s
H 2129  1334                    3567376.4910    0.00000   100%  50.1   55s
H 2155  1298                    3517320.1339    0.00000   100%  49.6   56s
H 2181  1264                    3508955.5779    0.00000   100%  49.1   56s
H 2233  1251                    3475866.6502    0.00000   100%  48.0   56s
H 2259  1223                    3212013.1077    0.00000   100%  47.5   57s
H 2415  1283                    2982432.3200    0.00000   100%  44.8   58s
H 2519  1312                    2978461.6346    0.00000   100%  43.2   59s
  2577  1352 1122488.12  445  184 2978461.63    0.00000   100%  42.3   60s
H 2597  1325                    2954130.2252    0.00000   100%  42.1   60s
H 2763  1398                    2839436.7534    0.00000   100%  40.0   61s
H 3122  1603                    2650046.6494    0.00000   100%  36.3   63s
  3617  1935 1125216.52  965  181 2650046.65    0.00000   100%  32.4   65s
H 3727  2014                    2597520.7801    0.00000   100%  31.6   65s
H 4753  3040                    2591441.5358    0.00000   100%  26.3   68s
H 4988  3275                    2542385.9523    0.00000   100%  25.3   69s
  5276  3565 1250420.52 1795  166 2542385.95    0.00000   100%  24.2   70s
H 5412  3699                    2542384.4351    0.00000   100%  23.8   70s
H 5712  3995                    2420707.7783    0.00000   100%  23.0   72s
H 6124  4407                    2313464.7298    0.00000   100%  22.3   73s
  6575  4860 1287538.23 2444  164 2313464.73    0.00000   100%  21.6   75s
H 7201  5484                    2286050.0178    0.00000   100%  20.7   77s
  7687  5972 1288795.66 3000  164 2286050.02    0.00000   100%  20.2   80s
H 7781  6064                    2236792.6478    0.00000   100%  20.0   80s
  8831  7116 1288229.18 3572  163 2236792.65    0.00000   100%  18.3   85s
 10062  8345 1291347.51 4188  159 2236792.65    0.00000   100%  16.4   90s
 11257  9538 1353833.80 4785  153 2236792.65    0.00000   100%  15.0   95s
H11612  9891                    2236792.2864    0.00000   100%  14.6   96s
H11684  9963                    2189962.7000    0.00000   100%  14.5   96s
H11791 10070                    2167964.3962    0.00000   100%  14.4   97s
H12387 10666                    2163587.6374    0.00000   100%  13.8   99s
 12418 10699 1353825.44 5366  155 2163587.64    0.00000   100%  13.8  100s
H13387 11666                    2163514.8558    0.00000   100%  13.0  103s
H13477 11756                    2142760.1743    0.00000   100%  12.9  104s
 13619 11900 1355457.96 5966  153 2142760.17    0.00000   100%  12.8  105s
H14458 12737                    2142195.7143    0.00000   100%  12.3  108s
 14728 13009 1355648.93 6521  153 2142195.71    0.00000   100%  12.2  110s
 16138 14417 1361142.68 7226  150 2142195.71    0.00000   100%  11.3  115s
H16488 14765                    2135096.3719    0.00000   100%  11.1  116s
H17489 15766                    2127801.6152    0.00000   100%  10.6  120s
H17666 15943                    2127791.6044    0.00000   100%  10.5  121s
H18358 16635                    2122461.8049    0.00000   100%  10.2  124s
H18359 16636                    2117167.4706    0.00000   100%  10.2  124s
 18452 16731 1361142.68 8383  150 2117167.47    0.00000   100%  10.2  125s
H19360 17581                    2106735.2734    0.00000   100%  10.1  129s
 19469 17644 infeasible 8763      2106735.27    0.00000   100%  10.3  130s
H19799 17774                    1689225.6021    0.00000   100%  10.6  133s
 19927 17872 177395.604  129  226 1689225.60    0.00000   100%  10.8  135s
H20627 18570                    1676511.3257    0.00000   100%  10.7  137s
H21117 19060                    1663964.4917    0.00000   100%  10.6  139s
 21251 19196 724329.067  791  177 1663964.49    0.00000   100%  10.6  140s
H21406 19349                    1663340.2043    0.00000   100%  10.6  140s
H21651 19594                    1663340.0886    0.00000   100%  10.5  142s
H22221 20164                    1663332.0917    0.00000   100%  10.7  145s
H22673 20610                    1629322.8554    0.00000   100%  10.7  147s
H23132 21069                    1615007.8065    0.00000   100%  10.7  149s
 23310 21249 730754.124 1820  178 1615007.81    0.00000   100%  10.7  150s
H24132 22059                    1549368.2023    0.00000   100%  10.8  154s
H24220 22132                    1530900.4143    0.00000   100%  10.8  154s
 24239 22149 824657.254 2284  175 1530900.41    0.00000   100%  10.9  155s
H24870 22631                    1447577.2109    0.00000   100%  11.0  160s
H24871 22534                    1423884.0773    0.00000   100%  11.0  160s
H25113 22710                    1399573.2786    0.00000   100%  11.2  161s
H25739 23311                    1391200.0075    0.00000   100%  11.8  165s
H26097 23579                    1373584.5354    0.00000   100%  12.1  166s
H26453 15545                    1349440.2253    0.00000   100%  12.4  167s
 27261 16355 1204694.54 3794  175 1349440.23    0.00000   100%  13.0  170s
H27874 16846                    1349417.1887    0.00000   100%  14.1  174s
 27929 16903 1302178.98  362  166 1349417.19    0.00000   100%  14.2  175s
H28018 16990                    1349416.6063    0.00000   100%  14.4  175s
H28197 17165                    1335503.5232    0.00000   100%  14.6  176s
H28266 17234                    1335503.5196    0.00000   100%  14.7  177s
H28804 17772                    1335438.7268    0.00000   100%  15.5  179s
 28827 17797 1288034.62  811  163 1335438.73    0.00000   100%  15.5  180s
H29088 18056                    1335384.5231    0.00000   100%  15.8  181s
H29181 18149                    1332618.2750    0.00000   100%  16.0  182s
H29423 18391                    1327648.7424    0.00000   100%  16.3  183s
 29736 18706 1289471.83 1266  163 1327648.74    0.00000   100%  16.7  185s
H29874 18801                    1315500.9422    0.00000   100%  16.9  186s
H30197 19120                    1314815.7151    0.00000   100%  16.9  188s
 30618 19543 760969.155  518  167 1314815.72    0.00000   100%  16.8  190s
H31389 20308                    1314815.3346    0.00000   100%  16.5  192s
 32244 21165 769940.857 1331  160 1314815.33    0.00000   100%  16.1  195s
H32718 21637                    1313941.4291    0.00000   100%  15.9  196s
H33305 22224                    1313941.0205    0.00000   100%  15.6  198s
H33332 22249                    1311921.5377    0.00000   100%  15.6  199s
H33517 22434                    1311845.6207    0.00000   100%  15.5  199s
 33566 22485 769967.934 1992  160 1311845.62    0.00000   100%  15.5  200s
H33572 22487                    1311812.0246    0.00000   100%  15.5  200s
H35051 23966                    1311811.4423    0.00000   100%  14.9  204s
 35172 24089 770017.783 2795  162 1311811.44    0.00000   100%  14.9  205s
H36094 23842                    1295902.2784    0.00000   100%  14.5  207s
H36128 23876                    1295900.4409    0.00000   100%  14.5  207s
H36854 24586                    1295342.9242    0.00000   100%  14.3  209s
 37087 24821 770077.221 3753  160 1295342.92    0.00000   100%  14.2  210s
H37854 25586                    1295341.5665    0.00000   100%  14.0  211s
 39082 26816 770130.396 4750  160 1295341.57    0.00000   100%  13.6  215s
H39181 24836                    1290797.0107    0.00000   100%  13.5  215s
H39900 25555                    1290795.6530    0.00000   100%  13.3  217s
H40084 21521                    1283154.1399    0.00000   100%  13.3  219s
H40110 21241                    1277729.7088    0.00000   100%  13.3  219s
 40256 21389 773216.068 5337  160 1277729.71    0.00000   100%  13.3  220s
 42174 23167 999534.648  676  169 1277729.71    0.00000   100%  13.2  225s
H43391 24376                    1276066.5995    0.00000   100%  13.1  227s
H43964 24825                    1276036.7662    0.00000   100%  13.2  230s
H44368 25179                    1272461.6210    0.00000   100%  13.3  231s
H44563 25367                    1270746.1233    0.00000   100%  13.4  232s
 45154 25944 1086062.56  695  164 1270746.12    0.00000   100%  13.4  235s
H45181 25968                    1269887.5118    0.00000   100%  13.4  235s
H46181 26838                    1268658.4148    0.00000   100%  13.8  239s
H46220 26875                    1268624.8036    0.00000   100%  13.8  239s
 46327 26984 974522.647  214  177 1268624.80    0.00000   100%  13.8  240s
H47738 28339                    1267384.4787    0.00000   100%  13.9  245s
H47778 28379                    1267228.1996    0.00000   100%  13.9  245s
H47947 28500                    1267228.1764    0.00000   100%  14.1  246s
H48258 28811                    1266786.1309    0.00000   100%  14.1  247s
H48273 28820                    1257073.7928    0.00000   100%  14.1  248s
H48422 28902                    1255605.5157    0.00000   100%  14.3  249s
H48480 28916                    1255591.9517    0.00000   100%  14.4  250s
H48642 29078                    1255577.3047    0.00000   100%  14.4  250s
H48832 29244                    1255517.1060    0.00000   100%  14.5  252s
H49457 29837                    1252502.2420    0.00000   100%  14.6  254s
 49747 30111 infeasible  572      1252502.24    0.00000   100%  14.6  255s
H49792 30144                    1252463.0145    0.00000   100%  14.6  255s
H50792 31144                    1252462.9788    0.00000   100%  14.6  258s
H50897 31249                    1252385.2374    0.00000   100%  14.6  259s
 51261 31615 942352.445 1431  171 1252385.24    0.00000   100%  14.6  260s
H51563 31915                    1252362.4200    0.00000   100%  14.5  260s
H52063 32415                    1251627.0204    0.00000   100%  14.5  261s
H52655 33007                    1251622.5774    0.00000   100%  14.5  263s
H52969 32339                    1240135.3561    0.00000   100%  14.5  264s
 53027 32399 945247.857 2191  172 1240135.36    0.00000   100%  14.5  265s
H53130 32498                    1239998.9770    0.00000   100%  14.5  265s
H53206 32550                    1239997.9964    0.00000   100%  14.5  266s
H53494 32730                    1239974.9316    0.00000   100%  14.7  269s
 53631 32869 947319.934 2467  167 1239974.93    0.00000   100%  14.7  270s
H53673 32909                    1239937.9071    0.00000   100%  14.7  270s
 54414 33406 767814.826  128  213 1239937.91    0.00000   100%  14.9  275s
H54592 33527                    1229702.0987    0.00000   100%  15.0  277s
 54770 33614 infeasible  156      1229702.10    0.00000   100%  15.2  280s
H55081 33885                    1229699.5976    0.00000   100%  15.3  282s
 55439 34245 364797.484  735  207 1229699.60    0.00000   100%  15.3  285s
H55490 34294                    1229576.2760    0.00000   100%  15.2  285s
H55957 34679                    1229411.0728    0.00000   100%  15.4  287s
 56458 35158 1129036.12  417  172 1229411.07    0.00000   100%  15.4  290s
H56729 35427                    1229388.6992    0.00000   100%  15.4  291s
H56966 35664                    1229332.2762    0.00000   100%  15.4  292s
 57299 35943    0.00000  121  228 1229332.28    0.00000   100%  15.5  295s
 58063 36619 infeasible  536      1229332.28    0.00000   100%  15.6  300s
H58337 36782                    1228447.3245    0.00000   100%  15.8  303s
 58424 36835 infeasible  144      1228447.32    0.00000   100%  16.0  305s
H58548 36926                    1227818.7616    0.00000   100%  16.0  306s
 58916 37180 669407.890  134  199 1227818.76    0.00000   100%  16.2  310s
H58933 37193                    1227362.3826    0.00000   100%  16.2  310s
H59463 37701                    1227175.7604    0.00000   100%  16.1  313s
 59662 37874 5995.63119  119  228 1227175.76    0.00000   100%  16.2  315s
 60367 38579 988031.919  491  165 1227175.76    0.00000   100%  16.2  320s
H60461 38667                    1217915.9569    0.00000   100%  16.2  320s
 61248 39314 1069962.18  526  169 1217915.96    0.00000   100%  16.3  325s
H61531 39417                    1214190.4376    0.00000   100%  16.7  329s
 61583 39463 899318.864  147  196 1214190.44    0.00000   100%  16.8  330s
 62107 39848 infeasible  251      1214190.44    0.00000   100%  17.0  335s
 62472 40079 700370.743  153  202 1214190.44    0.00000   100%  17.3  340s
 63066 40571 infeasible  155      1214190.44    0.00000   100%  17.4  345s
H63200 40638                    1212766.6259    0.00000   100%  17.5  346s
H63281 40703                    1212766.0148    0.00000   100%  17.5  347s
H63338 40712                    1212763.6074    0.00000   100%  17.6  348s
H63390 40764                    1212119.6431    0.00000   100%  17.6  349s
 63418 40794 994507.554  212  177 1212119.64    0.00000   100%  17.6  350s
H63686 41060                    1211355.6674    0.00000   100%  17.6  351s
 64178 41436 infeasible  866      1211355.67    0.00000   100%  17.7  355s
 64391 41535 303526.584  128  209 1211355.67    0.00000   100%  17.9  360s
H64508 41611                    1211094.6912    0.00000   100%  18.0  362s
H64602 41683                    1210303.0626    0.00000   100%  18.1  363s
 64788 41847 835863.849  213  179 1210303.06    0.00000   100%  18.1  365s
H65255 42186                    1210296.1067    0.00000   100%  18.3  369s
 65294 42192 infeasible  136      1210296.11    0.00000   100%  18.4  370s
H65363 42219                    1209476.8976    0.00000   100%  18.5  371s
H65491 42320                    1208072.0475    0.00000   100%  18.5  373s
 65825 42648 1064422.98  533  165 1208072.05    0.00000   100%  18.5  375s
H66300 43033                    1204864.7744    0.00000   100%  18.6  377s
H66551 43172                    1204783.8684    0.00000   100%  18.9  379s
 66608 43205 infeasible  135      1204783.87    0.00000   100%  18.9  380s
H66657 43215                    1204783.8661    0.00000   100%  19.0  380s
H66938 43487                    1201777.2955    0.00000   100%  19.0  382s
 67308 43651 infeasible  193      1201777.30    0.00000   100%  19.3  385s
H67447 43706                    1201774.7624    0.00000   100%  19.4  385s
H67777 43914                    1201773.9246    0.00000   100%  19.6  388s
 68019 44034 885852.202  181  179 1201773.92    0.00000   100%  19.8  390s
H68432 44329                    1201663.0042    0.00000   100%  19.9  391s
H68709 44476                    1201646.5894    0.00000   100%  20.3  394s
 68811 44560 970506.760  182  181 1201646.59    0.00000   100%  20.3  395s
H69348 44886                    1201220.5278    0.00000   100%  20.7  398s
H69425 44903                    1201220.4014    0.00000   100%  20.8  399s
 69499 44917 infeasible  291      1201220.40    0.00000   100%  20.9  400s
 70084 45177 infeasible  190      1201220.40    0.00000   100%  21.3  405s
H70425 45475                    1201219.5704    0.00000   100%  21.4  406s
H70482 45512                    1201147.0416    0.00000   100%  21.4  407s
H70649 45625                    1201147.0387    0.00000   100%  21.5  408s
 70969 45843 infeasible  170      1201147.04    0.00000   100%  21.6  410s
H71243 46001                    1201116.1363    0.00000   100%  21.7  411s
H71749 46363                    1200973.8634    0.00000   100%  21.9  414s
 71912 46460 infeasible  179      1200973.86    0.00000   100%  22.0  415s
H72209 46511                    1200353.0190    0.00000   100%  22.3  417s
H72399 46559                    1200193.6602    0.00000   100%  22.5  419s
 72425 46571 810505.609  141  196 1200193.66    0.00000   100%  22.6  420s
H73031 46947                    1199802.4450    0.00000   100%  22.9  423s
H73231 47129                    1199544.2900    0.00000   100%  23.0  424s
 73341 47241 1023122.08  269  169 1199544.29    0.00000   100%  22.9  425s
H74289 48041                    1199432.6288    0.00000   100%  23.0  429s
 74455 48163 429729.402  132  202 1199432.63    0.00000   100%  23.0  430s
H74657 48311                    1199397.8582    0.00000   100%  23.1  431s
 75523 49062 261228.397  132  210 1199397.86    0.00000   100%  23.3  435s
H75541 49060                    1199371.3207    0.00000   100%  23.3  435s
H75580 49050                    1185134.8487    0.00000   100%  23.3  436s
H75669 49073                    1183404.7443    0.00000   100%  23.4  437s
 76330 49598 179968.606  126  219 1183404.74    0.00000   100%  23.6  440s
H76455 49647                    1183349.9710    0.00000   100%  23.7  441s
H77641 50744                    1182677.8053    0.00000   100%  23.6  444s
 77646 50744    0.00000  125  215 1182677.81    0.00000   100%  23.6  445s
H78641 51600                    1180472.6047    0.00000   100%  23.6  449s
 79013 51974 918088.698  903  158 1180472.60    0.00000   100%  23.5  450s
H79427 52216                    1178699.2915    0.00000   100%  23.7  452s
H79893 52568                    1178688.3407    0.00000   100%  23.8  455s
H80011 52606                    1178613.4486    0.00000   100%  24.0  456s
H80037 52617                    1177306.8557    0.00000   100%  24.0  456s
H80482 52860                    1175822.5791    0.00000   100%  24.3  459s
 80542 52898 598252.755  152  192 1175822.58    0.00000   100%  24.3  460s
H80709 53047                    1175822.5052    0.00000   100%  24.3  461s
H81176 53237                    1164426.8654    0.00000   100%  24.6  463s
 81425 53424 873033.445  146  188 1164426.87    0.00000   100%  24.7  465s
H81506 53471                    1163093.8127    0.00000   100%  24.7  465s
H81986 53725                    1163069.0478    0.00000   100%  25.0  469s
H82165 53884                    1162693.2617    0.00000   100%  25.0  470s
H82655 54231                    1162693.2040    0.00000   100%  25.2  472s
H82835 54285                    1162572.2544    0.00000   100%  25.4  474s
 82892 54320 infeasible  161      1162572.25    0.00000   100%  25.4  475s
H82922 54311                    1159789.5135    0.00000   100%  25.5  475s
H83156 54235                    1152830.4760    0.00000   100%  25.7  477s
H83159 54234                    1152820.7172    0.00000   100%  25.7  477s
H83248 54269                    1152812.8270    0.00000   100%  25.8  479s
H83316 54317                    1152700.0271    0.00000   100%  25.8  479s
 83473 54438 infeasible  326      1152700.03    0.00000   100%  25.9  480s
H84328 55116                    1151871.9014    0.00000   100%  26.0  484s
 84393 55145    0.00000  128  216 1151871.90    0.00000   100%  26.1  485s
H84402 55152                    1151862.1067    0.00000   100%  26.1  485s
H84686 55261                    1147451.3977    0.00000   100%  26.3  487s
H84858 55352                    1147451.3956    0.00000   100%  26.4  488s
H84942 55412                    1145736.0333    0.00000   100%  26.4  489s
 85064 55452 infeasible  216      1145736.03    0.00000   100%  26.5  490s
H85148 55496                    1145735.9831    0.00000   100%  26.6  490s
H85514 55745                    1144505.1285    0.00000   100%  26.7  493s
 85722 55815 622787.336  136  204 1144505.13    0.00000   100%  26.9  496s
H85833 55906                    1144496.2828    0.00000   100%  26.9  497s
 86328 56187 902001.226  175  181 1144496.28    0.00000   100%  27.2  500s
H87281 56718                    1144373.8570    0.00000   100%  27.6  504s
 87315 56726 infeasible  411      1144373.86    0.00000   100%  27.6  505s
H87578 56779                    1144373.8559    0.00000   100%  27.9  507s
H87623 56788                    1144131.8165    0.00000   100%  27.9  507s
H87682 56799                    1143678.8979    0.00000   100%  28.0  508s
H87788 56818                    1143133.5538    0.00000   100%  28.0  509s
H87791 56817                    1143133.5287    0.00000   100%  28.1  509s
 87815 56823 infeasible  611      1143133.53    0.00000   100%  28.1  510s
H87922 56844                    1142569.9264    0.00000   100%  28.2  510s
H88377 56935                    1142482.7072    0.00000   100%  28.5  514s
H88496 56953                    1139892.9038    0.00000   100%  28.6  515s
H88618 56978                    1139423.8639    0.00000   100%  28.7  516s
H88681 56986                    1136535.2232    0.00000   100%  28.7  516s
H88816 52167                    1079322.8729    0.00000   100%  28.9  517s
H88947 52135                    1077022.1056    0.00000   100%  29.0  519s
 89029 52165 775679.144  126  187 1077022.11    0.00000   100%  29.0  520s
H89334 51958                    1073608.0988    0.00000   100%  29.2  522s
H89627 48298                    1048029.3235    0.00000   100%  29.1  524s
 89632 48305 789079.636  358  171 1048029.32    0.00000   100%  29.1  525s
H89737 48330                    1047048.0128    0.00000   100%  29.1  526s
H90794 49375                    1046887.7857    0.00000   100%  28.9  529s
 90856 49439 843834.477 1303  167 1046887.79    0.00000   100%  28.9  530s
H91144 49297                    1044754.3468    0.00000   100%  28.8  530s
H92293 50318                    1044746.6777    0.00000   100%  28.6  533s
 92668 50611 infeasible 2355      1044746.68    0.00000   100%  28.5  535s
H93206 50355                    1042019.3330    0.00000   100%  28.8  538s
 93502 50547 infeasible  139      1042019.33    0.00000   100%  28.8  540s
H93736 50452                    1039383.5526    0.00000   100%  29.0  542s
H94078 50685                    1039266.6317    0.00000   100%  29.1  544s
H94160 50668                    1038800.0981    0.00000   100%  29.1  544s
 94166 50676 702916.543  149  190 1038800.10    0.00000   100%  29.1  545s
H94377 50807                    1038792.1208    0.00000   100%  29.2  546s
H94683 50947                    1038615.9535    0.00000   100%  29.4  549s
 94776 50993 49769.6664  130  233 1038615.95    0.00000   100%  29.5  550s
H94871 51013                    1038034.2424    0.00000   100%  29.5  550s
H95608 50653                    1031127.5674    0.00000   100%  29.6  555s
H95656 50585                    1029994.9314    0.00000   100%  29.7  555s
 95989 50768 126767.712  125  222 1029994.93    0.00000   100%  29.9  560s
H96004 50661                    1028846.4000    0.00000   100%  29.9  560s
H96073 50553                    1027723.1111    0.00000   100%  30.0  561s
H96102 50452                    1026642.1474    0.00000   100%  30.1  561s
H96392 50592                    1026589.9816    0.00000   100%  30.1  564s
H96427 50591                    1026589.9573    0.00000   100%  30.2  564s
 96497 50621 19606.5468  136  210 1026589.96    0.00000   100%  30.2  565s
 96907 50807 294733.969  139  211 1026589.96    0.00000   100%  30.5  570s
H97428 51305                    1026552.3603    0.00000   100%  30.4  572s
H97696 51449                    1026497.2863    0.00000   100%  30.6  574s
 97697 51452 565801.792  146  189 1026497.29    0.00000   100%  30.6  575s
H97722 51442                    1026187.2181    0.00000   100%  30.6  575s
H97748 51233                    1024659.4149    0.00000   100%  30.6  575s
H98016 51501                    1024659.4115    0.00000   100%  30.5  576s
H98150 51617                    1024589.2076    0.00000   100%  30.5  577s
H98821 52288                    1024589.0284    0.00000   100%  30.4  578s
 99286 52755 746376.101 1617  166 1024589.03    0.00000   100%  30.3  580s
H99518 52903                    1024313.9529    0.00000   100%  30.2  580s
H100628 53811                    1022936.6075    0.00000   100%  30.0  584s
 100845 54030 764524.873 2573  160 1022936.61    0.00000   100%  29.9  585s
 101899 54874 919183.735  143  197 1022936.61    0.00000   100%  30.0  590s
H101940 54676                    1021224.5831    0.00000   100%  30.0  590s
H102019 54693                    1020839.2997    0.00000   100%  30.1  591s
H102099 54719                    1020838.3248    0.00000   100%  30.1  592s
 102317 54786    0.00000  125  229 1020838.32    0.00000   100%  30.4  595s
H102329 54790                    1020770.6921    0.00000   100%  30.4  595s
H102355 54790                    1020770.6920    0.00000   100%  30.4  595s
H102385 54800                    1020751.1556    0.00000   100%  30.4  596s
H102866 55078                    1020073.9512    0.00000   100%  30.6  600s
H103247 55337                    1020008.7174    0.00000   100%  30.6  602s
H103451 55407                    1019659.5380    0.00000   100%  30.8  604s
 103526 55460 645547.839  141  204 1019659.54    0.00000   100%  30.8  605s
H103529 55461                    1019659.5378    0.00000   100%  30.8  605s
H103555 55472                    1019555.5475    0.00000   100%  30.8  605s
H103589 55486                    1019551.6150    0.00000   100%  30.8  605s
H103680 55499                    1019378.8975    0.00000   100%  30.9  606s
 104000 55678 803204.529  150  202 1019378.90    0.00000   100%  31.1  610s
H104127 55680                    1019015.5489    0.00000   100%  31.2  611s
H104224 55731                    1019015.2928    0.00000   100%  31.3  612s
 104473 55858 848301.592  172  185 1019015.29    0.00000   100%  31.4  615s
H104832 56021                    1018854.7099    0.00000   100%  31.5  617s
 105038 56112 infeasible  131      1018854.71    0.00000   100%  31.7  620s
H105094 56101                    1018692.0334    0.00000   100%  31.7  620s
H105285 56093                    1017523.0897    0.00000   100%  31.9  622s
H105346 56099                    1017056.9761    0.00000   100%  31.9  623s
 105505 56168 infeasible  141      1017056.98    0.00000   100%  32.0  625s
H105716 56262                    1016984.9650    0.00000   100%  32.1  626s
H105838 56298                    1016936.4711    0.00000   100%  32.2  628s
 106003 56357 infeasible  191      1016936.47    0.00000   100%  32.3  630s
H106168 56332                    1016542.8482    0.00000   100%  32.4  632s
 107092 57218 862172.190 1112  165 1016542.85    0.00000   100%  32.3  635s
H107675 57453                    1015948.3533    0.00000   100%  32.5  639s
 107709 57471 957769.073  143  192 1015948.35    0.00000   100%  32.5  640s
H107727 57384                    1015605.4083    0.00000   100%  32.5  640s
H107999 57320                    1014483.1998    0.00000   100%  32.7  642s
H108098 57382                    1014409.6393    0.00000   100%  32.7  643s
 108255 57473 748785.627  186  174 1014409.64    0.00000   100%  32.8  645s
H108471 56989                    1010013.9171    0.00000   100%  32.8  646s
H108726 57038                    1009937.9853    0.00000   100%  33.1  649s
 108741 57055 851423.729  144  190 1009937.99    0.00000   100%  33.1  650s
H108905 57160                    1009909.3765    0.00000   100%  33.1  651s
H109562 57629                    1009110.4193    0.00000   100%  33.1  654s
 109725 57774 152674.423  122  220 1009110.42    0.00000   100%  33.1  655s
H109767 57775                    1009089.6234    0.00000   100%  33.1  655s
H109895 57772                    1008917.2194    0.00000   100%  33.2  656s
H110012 57810                    1008900.6930    0.00000   100%  33.3  657s
H110039 57755                    1008174.1949    0.00000   100%  33.3  658s
H110099 57783                    1008171.0331    0.00000   100%  33.3  659s
 110183 57833 906142.032  135  205 1008171.03    0.00000   100%  33.4  660s
H110223 57844                    1008089.1936    0.00000   100%  33.4  660s
H110405 57927                    1007997.4654    0.00000   100%  33.5  662s
H110459 57943                    1007932.0106    0.00000   100%  33.6  663s
H110485 57955                    1007890.0120    0.00000   100%  33.6  663s
H110536 57940                    1007520.8845    0.00000   100%  33.6  664s
H110678 58046                    1007520.8844    0.00000   100%  33.6  665s
H110878 58142                    1007464.1184    0.00000   100%  33.7  666s
H110987 58191                    1007463.4700    0.00000   100%  33.7  668s
 111226 58380 640322.164  230  172 1007463.47    0.00000   100%  33.7  670s
H113015 60007                    1007242.8219    0.00000   100%  33.4  674s
 113034 60014 714607.541  138  196 1007242.82    0.00000   100%  33.4  675s
H113043 60003                    1007179.2043    0.00000   100%  33.4  675s
H113145 60063                    1007179.2042    0.00000   100%  33.4  675s
H113306 60065                    1006946.6372    0.00000   100%  33.5  677s
H113582 60146                    1006651.9838    0.00000   100%  33.6  680s
 113992 60295 infeasible  137      1006651.98    0.00000   100%  33.9  685s
H114082 60320                    1006424.3839    0.00000   100%  33.9  685s
H114422 60369                    1005768.2749    0.00000   100%  34.0  689s
 114454 60376 789400.132  123  207 1005768.27    0.00000   100%  34.1  690s
H114623 60040                    1005672.5209    0.00000   100%  34.2  691s
H114731 60058                    1005565.4315    0.00000   100%  34.3  693s
H114785 59993                    1004817.8665    0.00000   100%  34.3  694s
 114843 60015 980029.901  140  200 1004817.87    0.00000   100%  34.3  695s
 115606 60526 813892.300  532  164 1004817.87    0.00000   100%  34.4  700s
 117219 62091 848857.434 2103  159 1004817.87    0.00000   100%  34.0  705s
H118112 62566                    1003090.4915    0.00000   100%  33.8  707s
 118382 62711     cutoff  158      1003090.49    0.00000   100%  33.9  710s
H118422 62638                    1002532.1891    0.00000   100%  33.9  710s
H118554 62672                    1002405.8728    0.00000   100%  34.0  712s
 118742 62751 infeasible  138      1002405.87    0.00000   100%  34.2  715s
H118798 62741                    1002245.6266    0.00000   100%  34.2  715s
H118888 62717                    1001901.4525    0.00000   100%  34.3  717s
H119048 62799                    1001901.3866    0.00000   100%  34.4  719s
 119137 62843 infeasible  142      1001901.39    0.00000   100%  34.4  720s
H119322 62938                    1001827.4431    0.00000   100%  34.4  722s
H119348 62941                    1001769.1714    0.00000   100%  34.4  722s
 119586 63068 626409.257  146  195 1001769.17    0.00000   100%  34.5  725s
H119765 63138                    1001710.0250    0.00000   100%  34.6  727s
H119892 63166                    1001709.9947    0.00000   100%  34.7  729s
H119934 63175                    1001698.2906    0.00000   100%  34.7  729s
 119938 63175    0.00000  132  227 1001698.29    0.00000   100%  34.7  730s
H120715 63737                    1001695.5473    0.00000   100%  34.7  734s
H120816 63777                    1001265.2583    0.00000   100%  34.7  735s
H121462 64374                    1001017.6115    0.00000   100%  34.5  737s
H121663 64461                    1000982.7548    0.00000   100%  34.6  739s
 121735 64500 99949.9151  133  232 1000982.75    0.00000   100%  34.7  740s
H121740 64499                    1000954.7773    0.00000   100%  34.7  740s
H121895 64559                    1000875.1408    0.00000   100%  34.7  741s
H121937 64405                    1000395.3119    0.00000   100%  34.7  742s
H122107 64469                    1000393.3921    0.00000   100%  34.8  744s
 122138 64488 infeasible  123      1000393.39    0.00000   100%  34.8  745s
H122419 64599                    1000335.3397    0.00000   100%  35.1  749s
H122482 64604                    1000249.8171    0.00000   100%  35.1  749s
 122513 64622 infeasible  142      1000249.82    0.00000   100%  35.1  750s
H122523 64406                    1000080.8019    0.00000   100%  35.1  750s
H122670 64465                    1000047.6567    0.00000   100%  35.2  752s
H122822 64378                    999425.26538    0.00000   100%  35.2  754s
 123021 64463 infeasible  146      999425.265    0.00000   100%  35.2  755s
H123359 64682                    999425.23905    0.00000   100%  35.3  757s
 124313 65590 863658.098 1174  164 999425.239    0.00000   100%  35.0  760s
H124528 65681                    999411.71384    0.00000   100%  35.1  762s
 124907 65980 776368.689  170  188 999411.714    0.00000   100%  35.1  765s
H125114 65904                    998464.67122    0.00000   100%  35.2  767s
H125138 65920                    998417.18128    0.00000   100%  35.2  767s
H125300 65947                    998119.83303    0.00000   100%  35.3  768s
 125412 66009 428739.330  138  223 998119.833    0.00000   100%  35.3  770s
 125737 66112 473480.856  132  223 998119.833    0.00000   100%  35.6  775s
H125763 66117                    998113.56004    0.00000   100%  35.6  775s
H125816 66132                    998111.42222    0.00000   100%  35.7  776s
 126093 66277 521826.140  135  211 998111.422    0.00000   100%  35.9  780s
H126172 66291                    998085.03030    0.00000   100%  36.0  781s
H126292 66306                    997632.49817    0.00000   100%  36.0  783s
H126293 66301                    997581.24123    0.00000   100%  36.0  783s
H126319 66313                    997581.23913    0.00000   100%  36.0  784s
 126385 66353 infeasible  146      997581.239    0.00000   100%  36.0  785s
 126831 66530 156175.721  131  226 997581.239    0.00000   100%  36.4  790s
H126942 66570                    997546.61195    0.00000   100%  36.4  791s
H127010 66599                    997492.33156    0.00000   100%  36.5  792s
H127140 66668                    997456.10130    0.00000   100%  36.5  793s
 127390 66852 816340.979  242  168 997456.101    0.00000   100%  36.5  795s
 127401 66863 818312.177  253  169 997456.101    0.00000   100%  36.5  817s
H127441 66901                    997454.54593    0.00000   100%  36.5  818s
 127810 67272 836093.358  662  166 997454.546    0.00000   100%  36.4  820s
H127948 67342                    997189.34711    0.00000   100%  36.4  820s
H128027 67358                    997082.61544    0.00000   100%  36.4  821s
 128351 67528    0.00000  133  226 997082.615    0.00000   100%  36.4  825s
 129112 68227 785702.803  158  194 997082.615    0.00000   100%  36.3  830s
 129557 68495 infeasible  144      997082.615    0.00000   100%  36.3  835s
 129806 68586 infeasible  133      997082.615    0.00000   100%  36.5  840s
H129836 68510                    996591.16161    0.00000   100%  36.5  840s
H129888 68538                    996591.14959    0.00000   100%  36.6  841s
H130007 68542                    996512.32677    0.00000   100%  36.6  843s
 130092 68586 809213.942  134  209 996512.327    0.00000   100%  36.6  845s
H130350 68642                    996244.90888    0.00000   100%  36.7  849s
 130364 68655 infeasible  131      996244.909    0.00000   100%  36.7  850s
H130572 68711                    996151.25234    0.00000   100%  36.8  852s
H130619 68727                    996127.99009    0.00000   100%  36.8  853s
H130726 68794                    996072.22109    0.00000   100%  36.8  854s
 130737 68803 128268.867  124  228 996072.221    0.00000   100%  36.8  855s
H130956 68904                    996071.20634    0.00000   100%  36.9  857s
H131055 68959                    996049.56015    0.00000   100%  37.0  858s
H131137 68992                    996020.60709    0.00000   100%  37.0  859s
H131163 69001                    995946.24493    0.00000   100%  37.0  859s
 131191 69019 823991.652  143  192 995946.245    0.00000   100%  37.0  860s
H131595 69241                    995935.66699    0.00000   100%  37.1  864s
 131689 69281 872852.673  137  207 995935.667    0.00000   100%  37.1  865s
H131855 69430                    995921.10986    0.00000   100%  37.1  865s
 132382 69728 856898.324  152  198 995921.110    0.00000   100%  37.1  870s
H132773 69909                    995907.43073    0.00000   100%  37.3  874s
H132821 69923                    995803.77665    0.00000   100%  37.3  874s
 132826 69930 104391.059  134  225 995803.777    0.00000   100%  37.3  875s
 133253 70125 880043.613  157  202 995803.777    0.00000   100%  37.5  880s
H133342 70152                    995803.54260    0.00000   100%  37.5  881s
H133395 70169                    995779.21843    0.00000   100%  37.6  881s
H133475 70162                    995266.70493    0.00000   100%  37.6  882s
 133717 70292    0.00000  130  220 995266.705    0.00000   100%  37.7  885s
H134016 70480                    995250.81450    0.00000   100%  37.8  888s
 134255 70664 552666.693  146  202 995250.815    0.00000   100%  37.8  890s
H134335 70696                    995181.39366    0.00000   100%  37.8  890s
H134588 70798                    995176.01559    0.00000   100%  37.9  894s
H134727 70927                    995175.99736    0.00000   100%  37.9  895s
 135217 71139 infeasible  135      995175.997    0.00000   100%  38.1  900s
H135233 71139                    995175.96464    0.00000   100%  38.1  900s
 136005 71758 850155.754  700  182 995175.965    0.00000   100%  38.1  905s
H136159 71809                    994993.96512    0.00000   100%  38.2  906s
H136342 71938                    994957.65364    0.00000   100%  38.3  908s
 136483 72081 808656.667  259  164 994957.654    0.00000   100%  38.2  910s
H136510 72106                    994957.62066    0.00000   100%  38.2  910s
 138006 73538 infeasible  128      994957.621    0.00000   100%  37.9  915s
H138167 73591                    994875.30322    0.00000   100%  38.0  917s
 138465 73805 783142.342  238  171 994875.303    0.00000   100%  38.0  920s
H138711 74049                    994872.89214    0.00000   100%  38.0  920s
 139724 74968 677148.956  127  206 994872.892    0.00000   100%  37.8  925s
H140110 75135                    994852.35937    0.00000   100%  38.1  929s
 140120 75135  467.93577  125  223 994852.359    0.00000   100%  38.1  930s
H140222 75183                    994841.74180    0.00000   100%  38.1  931s
H140372 75217                    994783.65499    0.00000   100%  38.1  932s
H140420 75217                    994783.65489    0.00000   100%  38.2  932s
 140650 75219 infeasible  288      994783.655    0.00000   100%  38.2  935s
H140752 74822                    991089.62714    0.00000   100%  38.2  935s
 141311 75225 698102.450  244  168 991089.627    0.00000   100%  38.3  940s
H141540 74990                    987973.88519    0.00000   100%  38.3  942s
H141618 74989                    986826.09663    0.00000   100%  38.3  943s
 141846 75116 602743.929  154  178 986826.097    0.00000   100%  38.3  945s
H142011 75172                    986818.48581    0.00000   100%  38.4  946s
H142208 75062                    984346.54307    0.00000   100%  38.6  949s
 142226 75070 148555.891  118  229 984346.543    0.00000   100%  38.6  950s
H142325 74796                    982270.44258    0.00000   100%  38.6  951s
H142395 74686                    981471.39866    0.00000   100%  38.7  951s
H142626 74842                    981471.34073    0.00000   100%  38.7  953s
H142653 74618                    980197.29537    0.00000   100%  38.7  953s
H142679 74631                    980193.47516    0.00000   100%  38.7  953s
H142708 74612                    980016.08529    0.00000   100%  38.7  955s
H142890 73631                    969462.29173    0.00000   100%  38.8  957s
H143260 73958                    969414.04597    0.00000   100%  38.8  960s
H144352 74937                    967843.15500    0.00000   100%  38.5  963s
H144571 75079                    966840.29391    0.00000   100%  38.4  964s
H144708 75012                    964524.21877    0.00000   100%  38.4  964s
 144868 75174 697219.939 1095  175 964524.219    0.00000   100%  38.4  965s
H145024 75175                    964443.48784    0.00000   100%  38.4  966s
H145078 74957                    961155.30018    0.00000   100%  38.4  966s
H145176 74961                    960762.55879    0.00000   100%  38.4  968s
 145345 75030    0.00000  135  233 960762.559    0.00000   100%  38.5  970s
H145476 74809                    957449.98773    0.00000   100%  38.5  971s
H145558 74540                    951735.82782    0.00000   100%  38.6  972s
 145703 74595 infeasible  157      951735.828    0.00000   100%  38.6  975s
H145853 74630                    951388.26187    0.00000   100%  38.7  977s
H145972 74694                    951388.26177    0.00000   100%  38.7  979s
 145990 74700 infeasible  134      951388.262    0.00000   100%  38.7  980s
H146008 74694                    951381.94502    0.00000   100%  38.7  980s
H146141 74623                    949119.23715    0.00000   100%  38.8  984s
 146184 74632 267408.612  120  216 949119.237    0.00000   100%  38.9  985s
H146272 74659                    949119.18509    0.00000   100%  38.9  986s
H146301 74634                    948599.84520    0.00000   100%  39.0  987s
H146385 74602                    947780.58532    0.00000   100%  39.0  989s
 146462 74635 518462.967  126  219 947780.585    0.00000   100%  39.0  990s
H146515 74313                    947021.49815    0.00000   100%  39.1  991s
H146577 74332                    947016.85820    0.00000   100%  39.1  994s
 146593 74331 417523.590  132  224 947016.858    0.00000   100%  39.2  995s
H146629 73655                    945729.00957    0.00000   100%  39.2  995s
H146755 73672                    945669.81898    0.00000   100%  39.3  998s
 146910 73788 831122.506  186  178 945669.819    0.00000   100%  39.3 1000s
 147254 73948 infeasible  145      945669.819    0.00000   100%  39.3 1005s
H147294 73950                    945649.11217    0.00000   100%  39.3 1006s
H147396 73998                    945601.71918    0.00000   100%  39.4 1008s
 147483 74034 603591.208  131  211 945601.719    0.00000   100%  39.5 1010s
H147575 74040                    945504.22492    0.00000   100%  39.5 1013s
 147681 74066 317933.816  130  216 945504.225    0.00000   100%  39.6 1015s
H147778 73943                    944893.29346    0.00000   100%  39.6 1017s
H147865 70125                    938623.31404    0.00000   100%  39.7 1019s
 147896 70147 377785.951  122  228 938623.314    0.00000   100%  39.7 1020s
H148041 70226                    938605.68107    0.00000   100%  39.8 1022s
 148173 70265 34792.1107  129  230 938605.681    0.00000   100%  39.8 1025s
 148482 70418 556304.772  130  217 938605.681    0.00000   100%  39.9 1030s
H148969 70848                    938212.51810    0.00000   100%  39.8 1035s
H149157 70799                    937632.36396    0.00000   100%  39.9 1038s
 149279 70845 840541.003  158  187 937632.364    0.00000   100%  40.0 1040s
 150080 71619 766772.591  864  170 937632.364    0.00000   100%  39.8 1045s
 151186 72701 812863.923 1910  167 937632.364    0.00000   100%  39.5 1050s
H151431 72779                    937632.32328    0.00000   100%  39.6 1055s
 151647 72896 665394.672  136  206 937632.323    0.00000   100%  39.7 1060s
 152091 73108 884304.959  139  217 937632.323    0.00000   100%  39.9 1065s
 152862 73632 infeasible  299      937632.323    0.00000   100%  39.9 1070s
 154462 75178 785623.412 1471  152 937632.323    0.00000   100%  39.5 1075s
H154828 74903                    935635.39582    0.00000   100%  39.6 1078s
H154854 74768                    934065.92134    0.00000   100%  39.7 1078s
 154915 74784 718432.394  130  211 934065.921    0.00000   100%  39.8 1080s
H155117 74838                    933834.67199    0.00000   100%  39.9 1083s
H155270 74920                    933824.24242    0.00000   100%  39.9 1085s
H155595 75052                    933751.64104    0.00000   100%  40.2 1090s
H155621 75053                    933676.32299    0.00000   100%  40.2 1090s
H155729 75103                    933675.24704    0.00000   100%  40.3 1091s
H155758 75117                    933627.59650    0.00000   100%  40.3 1092s
H155829 75023                    932078.21166    0.00000   100%  40.3 1093s
 155987 75093 16730.9976  124  244 932078.212    0.00000   100%  40.4 1095s
H156053 75084                    931482.75701    0.00000   100%  40.4 1095s
H156233 75165                    931474.06256    0.00000   100%  40.5 1098s
H156271 74875                    930624.49375    0.00000   100%  40.5 1099s
 156319 74901    0.00000  116  237 930624.494    0.00000   100%  40.6 1100s
H156451 74819                    929016.79578    0.00000   100%  40.6 1101s
H156514 74848                    928967.08892    0.00000   100%  40.6 1102s
H156631 74735                    928440.79816    0.00000   100%  40.6 1103s
 156720 74738 813225.024  197  175 928440.798    0.00000   100%  40.7 1105s
H156801 74600                    926800.53006    0.00000   100%  40.7 1105s
H156857 74628                    926677.93324    0.00000   100%  40.7 1106s
H156944 74602                    925502.92174    0.00000   100%  40.7 1107s
 157789 75449 668986.200  988  171 925502.922    0.00000   100%  40.5 1110s
H158137 75749                    925187.46515    0.00000   100%  40.4 1110s
H159167 76775                    925134.89452    0.00000   100%  40.2 1113s
 159408 76974 357032.115  125  218 925134.895    0.00000   100%  40.1 1115s
H159616 77079                    924845.28620    0.00000   100%  40.2 1117s
H159716 77001                    923078.91460    0.00000   100%  40.2 1118s
 160636 77921 741609.267 1052  162 923078.915    0.00000   100%  40.0 1120s
H161140 78406                    923051.22505    0.00000   100%  39.9 1121s
 161556 78627 919610.202  160  191 923051.225    0.00000   100%  39.9 1125s
 161945 78770 infeasible  127      923051.225    0.00000   100%  40.1 1130s
H162004 78785                    922944.04456    0.00000   100%  40.2 1131s
 162417 78978 458850.745  131  218 922944.045    0.00000   100%  40.3 1135s
 162766 79171 774422.996  176  181 922944.045    0.00000   100%  40.4 1140s
H163133 79306                    922781.50543    0.00000   100%  40.5 1143s
 163214 79346 861248.706  148  207 922781.505    0.00000   100%  40.6 1145s
H163217 79328                    922691.99733    0.00000   100%  40.6 1145s
H163375 79392                    922634.34692    0.00000   100%  40.6 1147s
 163634 79458 infeasible  202      922634.347    0.00000   100%  40.7 1150s
H163712 79394                    922045.27432    0.00000   100%  40.8 1150s
H163749 79405                    922039.91041    0.00000   100%  40.8 1151s
H163855 79441                    921996.46852    0.00000   100%  40.8 1152s
H163949 79485                    921823.66611    0.00000   100%  40.9 1153s
H163987 79470                    921569.77066    0.00000   100%  40.9 1154s
 164051 79517 507364.097  144  217 921569.771    0.00000   100%  40.9 1155s
H164226 79577                    921539.45246    0.00000   100%  41.0 1157s
 164434 79651 434953.590  131  218 921539.452    0.00000   100%  41.1 1160s
H164748 79707                    921506.32687    0.00000   100%  41.3 1164s
 164797 79723 729474.128  128  222 921506.327    0.00000   100%  41.4 1165s
 165116 79836 181194.447  124  221 921506.327    0.00000   100%  41.6 1170s
H165242 79872                    921481.77614    0.00000   100%  41.7 1171s
H165324 79882                    921459.75837    0.00000   100%  41.8 1172s
H165350 79878                    921346.42773    0.00000   100%  41.8 1173s
 165436 79900 338664.010  127  221 921346.428    0.00000   100%  41.9 1175s
H165483 79923                    921346.40803    0.00000   100%  41.9 1175s
H165564 79945                    921321.82797    0.00000   100%  42.0 1176s
H165647 79963                    921196.92973    0.00000   100%  42.0 1178s
 165781 80011 infeasible  140      921196.930    0.00000   100%  42.1 1180s
H165943 80053                    921192.71048    0.00000   100%  42.2 1182s
H166021 80098                    921182.30464    0.00000   100%  42.2 1183s
H166073 80126                    921166.70934    0.00000   100%  42.3 1184s
 166165 80159 406017.856  124  215 921166.709    0.00000   100%  42.3 1185s
H166207 80163                    921160.44352    0.00000   100%  42.3 1185s
H166413 80252                    921144.61054    0.00000   100%  42.4 1188s
 166513 80260 538009.459  136  221 921144.611    0.00000   100%  42.5 1190s
H166701 80319                    921143.94301    0.00000   100%  42.6 1192s
 166863 80393 561209.564  122  213 921143.943    0.00000   100%  42.7 1195s
H167121 80486                    921021.34778    0.00000   100%  42.9 1199s
 167161 80520 384732.235  127  228 921021.348    0.00000   100%  42.9 1200s
H167360 80589                    921013.58986    0.00000   100%  43.1 1202s
 167531 80665 8651.67725  127  221 921013.590    0.00000   100%  43.1 1205s
H167747 80741                    920994.87321    0.00000   100%  43.2 1208s
 167853 80771 425000.286  130  212 920994.873    0.00000   100%  43.3 1210s
H168010 80762                    920573.35340    0.00000   100%  43.4 1212s
H168091 80728                    920159.72299    0.00000   100%  43.5 1214s
 168166 80762    0.00000  108  237 920159.723    0.00000   100%  43.5 1215s
H168287 80835                    920155.93420    0.00000   100%  43.6 1217s
H168494 80986                    919944.90126    0.00000   100%  43.6 1218s
 168687 81181 831097.674  485  181 919944.901    0.00000   100%  43.5 1220s
H168792 81282                    919925.67531    0.00000   100%  43.5 1220s
H169221 81628                    919914.14284    0.00000   100%  43.5 1224s
 169285 81671 infeasible  141      919914.143    0.00000   100%  43.6 1225s
H169382 81711                    919789.37126    0.00000   100%  43.6 1226s
 169636 81809 722093.927  118  221 919789.371    0.00000   100%  43.7 1230s
H169980 81892                    919123.44030    0.00000   100%  43.9 1234s
 169993 81907 759741.007  237  176 919123.440    0.00000   100%  43.9 1235s
H170021 81929                    919100.57680    0.00000   100%  43.9 1235s
 170627 82537 765863.356  871  176 919100.577    0.00000   100%  43.7 1240s
H170632 82539                    919094.00658    0.00000   100%  43.7 1240s
 171934 83843 836257.312 2097  173 919094.007    0.00000   100%  43.4 1245s
H171987 83884                    919055.35354    0.00000   100%  43.4 1245s
H172559 84452                    919046.55309    0.00000   100%  43.3 1246s
 173681 85464     cutoff  121      919046.553    0.00000   100%  43.1 1250s
H174037 85625                    919024.87689    0.00000   100%  43.2 1254s
H174111 85655                    919013.97773    0.00000   100%  43.3 1254s
 174119 85661 infeasible  135      919013.978    0.00000   100%  43.3 1255s
H174433 85765                    919013.90861    0.00000   100%  43.5 1259s
 174465 85767 19519.8882  125  228 919013.909    0.00000   100%  43.5 1260s
H174488 85768                    918997.51359    0.00000   100%  43.5 1260s
H174546 85740                    918627.91992    0.00000   100%  43.5 1261s
 174854 85894 infeasible  132      918627.920    0.00000   100%  43.6 1265s
H175021 85980                    918608.17517    0.00000   100%  43.7 1267s
H175242 86066                    918537.99013    0.00000   100%  43.8 1269s
 175295 86087 infeasible  128      918537.990    0.00000   100%  43.8 1270s
H175298 86055                    918208.19117    0.00000   100%  43.8 1270s
H175328 86031                    917948.63685    0.00000   100%  43.8 1270s
H175383 86030                    917929.15441    0.00000   100%  43.8 1271s
H175410 86002                    917424.75853    0.00000   100%  43.9 1272s
 175617 86075 762929.270  158  180 917424.759    0.00000   100%  44.0 1275s
H175888 86095                    917379.06477    0.00000   100%  44.1 1278s
 176033 86149 199876.112  135  232 917379.065    0.00000   100%  44.2 1280s
H176045 86153                    917294.29774    0.00000   100%  44.2 1280s
 176497 86331 424587.048  129  217 917294.298    0.00000   100%  44.3 1285s
H176590 86376                    917204.99270    0.00000   100%  44.3 1286s
H176867 86480                    917204.85787    0.00000   100%  44.4 1289s
 176932 86522 813765.279  142  198 917204.858    0.00000   100%  44.4 1290s
H176998 86551                    917113.95759    0.00000   100%  44.4 1290s
H177032 86553                    917086.72755    0.00000   100%  44.5 1292s
H177058 86564                    917075.74188    0.00000   100%  44.5 1292s
H177084 86574                    917075.61272    0.00000   100%  44.5 1292s
H177162 86600                    917007.33503    0.00000   100%  44.6 1294s
 177256 86630 736355.607  129  206 917007.335    0.00000   100%  44.6 1295s
H177326 86638                    916982.37722    0.00000   100%  44.6 1295s
H177405 86680                    916982.32481    0.00000   100%  44.7 1296s
H177510 86736                    916977.81226    0.00000   100%  44.7 1298s
H177586 86768                    916757.67002    0.00000   100%  44.7 1299s
 177646 86792 infeasible  124      916757.670    0.00000   100%  44.8 1300s
H177666 86785                    916740.04807    0.00000   100%  44.8 1300s
H177803 86817                    916714.37846    0.00000   100%  44.9 1302s
H177857 86829                    916674.63723    0.00000   100%  44.9 1303s
 177999 86889 190729.459  131  224 916674.637    0.00000   100%  45.0 1305s
H178024 86894                    916673.29330    0.00000   100%  45.0 1305s
 178461 87193 infeasible  137      916673.293    0.00000   100%  45.0 1310s
H178683 87229                    916605.03497    0.00000   100%  45.2 1313s
 178832 87299 648372.805  137  214 916605.035    0.00000   100%  45.2 1315s
H178944 87350                    916564.88139    0.00000   100%  45.3 1316s
 179154 87433 244073.672  121  223 916564.881    0.00000   100%  45.4 1320s
H179183 87435                    916514.06999    0.00000   100%  45.5 1320s
H179448 87564                    916506.32359    0.00000   100%  45.5 1323s
 179525 87579 infeasible  121      916506.324    0.00000   100%  45.6 1325s
H179537 87582                    916487.58647    0.00000   100%  45.6 1325s
 179821 87689 764242.054  138  206 916487.586    0.00000   100%  45.8 1330s
H179872 87695                    916484.25132    0.00000   100%  45.9 1331s
H180138 87834                    916470.61572    0.00000   100%  45.9 1334s
 180155 87839 679955.338  124  224 916470.616    0.00000   100%  45.9 1335s
H180274 87856                    916290.81533    0.00000   100%  46.0 1337s
 180447 87915 580599.552  125  220 916290.815    0.00000   100%  46.2 1340s
H180618 87988                    916290.80682    0.00000   100%  46.3 1342s
H180644 88000                    916287.51949    0.00000   100%  46.3 1342s
H180742 88023                    916222.25114    0.00000   100%  46.3 1344s
H180838 88047                    916158.24057    0.00000   100%  46.3 1344s
 180866 88056 infeasible  180      916158.241    0.00000   100%  46.3 1345s
H181045 88109                    916045.37212    0.00000   100%  46.4 1347s
H181143 88148                    916030.77837    0.00000   100%  46.5 1348s
 181251 88194 77343.9560  124  240 916030.778    0.00000   100%  46.6 1350s
 181689 88400 881034.316  132  218 916030.778    0.00000   100%  46.6 1355s
H181693 88394                    915950.99655    0.00000   100%  46.6 1355s
H181865 88488                    915925.66962    0.00000   100%  46.6 1357s
 182012 88540 38844.9400  120  223 915925.670    0.00000   100%  46.7 1360s
H182120 88581                    915890.62227    0.00000   100%  46.8 1362s
H182235 88618                    915766.65252    0.00000   100%  46.9 1365s
H182322 88678                    915766.63472    0.00000   100%  46.9 1365s
H182524 88772                    915750.98995    0.00000   100%  47.0 1368s
 182669 88824 624440.336  124  223 915750.990    0.00000   100%  47.0 1370s
 183090 88992 348570.071  114  230 915750.990    0.00000   100%  47.2 1375s
 183528 89226 798351.379  149  179 915750.990    0.00000   100%  47.2 1380s
H183680 89289                    915741.69043    0.00000   100%  47.3 1382s
H183889 89390                    915726.23562    0.00000   100%  47.3 1384s
 183947 89427 729393.492  129  219 915726.236    0.00000   100%  47.3 1385s
H184044 89442                    915658.05676    0.00000   100%  47.4 1386s
 184325 89586 348874.425  120  220 915658.057    0.00000   100%  47.5 1390s
 184602 89637 180145.599  114  229 915658.057    0.00000   100%  47.8 1395s
H184787 89702                    915640.34586    0.00000   100%  47.9 1397s
H184815 89711                    915613.87169    0.00000   100%  47.9 1398s
H184846 89728                    915608.04549    0.00000   100%  47.9 1398s
 184927 89769 8796.12622  123  229 915608.045    0.00000   100%  48.0 1400s
H184977 89796                    915522.95026    0.00000   100%  48.0 1400s
 185321 89909 infeasible  124      915522.950    0.00000   100%  48.1 1405s
H185404 89922                    915518.10396    0.00000   100%  48.2 1406s
H185430 89940                    915511.90083    0.00000   100%  48.2 1407s
 185607 90016 514190.961  131  224 915511.901    0.00000   100%  48.4 1410s
 185935 90172 845844.222  142  219 915511.901    0.00000   100%  48.5 1415s
 186390 90373 infeasible  143      915511.901    0.00000   100%  48.6 1420s
H186448 90385                    915510.68353    0.00000   100%  48.6 1421s
H186480 90397                    915422.18932    0.00000   100%  48.6 1421s
H186724 90499                    915415.64895    0.00000   100%  48.7 1424s
 186726 90501 640204.213  134  214 915415.649    0.00000   100%  48.7 1425s
 187047 90586 722419.117  126  214 915415.649    0.00000   100%  48.9 1430s
 187500 90854 579834.619  151  185 915415.649    0.00000   100%  48.9 1435s
 187818 90975 354759.582  121  223 915415.649    0.00000   100%  49.1 1440s
H187879 90979                    915394.71563    0.00000   100%  49.1 1441s
 188180 91086 202419.698  126  231 915394.716    0.00000   100%  49.2 1445s
 188603 91258 846192.973  142  213 915394.716    0.00000   100%  49.4 1450s
 188960 91384 49723.6362  120  235 915394.716    0.00000   100%  49.5 1455s
 189488 91805 infeasible  472      915394.716    0.00000   100%  49.5 1460s
H189666 91864                    915393.76910    0.00000   100%  49.5 1461s
 190196 92362 757319.591  516  167 915393.769    0.00000   100%  49.4 1465s
H190953 93117                    915346.57415    0.00000   100%  49.3 1468s
H191033 93197                    915346.56976    0.00000   100%  49.2 1469s
H191034 93194                    915301.28251    0.00000   100%  49.2 1469s
 191114 93276 758031.876 1430  167 915301.283    0.00000   100%  49.2 1470s
H191636 93728                    915292.82340    0.00000   100%  49.1 1473s
 191775 93810 infeasible  135      915292.823    0.00000   100%  49.2 1475s
H191776 93809                    915272.75252    0.00000   100%  49.2 1475s
H191793 93819                    915267.66782    0.00000   100%  49.2 1475s
H191955 93866                    915267.53715    0.00000   100%  49.2 1477s
 192218 94113 707813.824  280  170 915267.537    0.00000   100%  49.2 1480s
H192372 94265                    915267.52719    0.00000   100%  49.1 1480s
H193222 95113                    915221.83203    0.00000   100%  48.9 1483s
H193617 95502                    915173.72138    0.00000   100%  48.8 1484s
 193904 95791 746613.692 1856  159 915173.721    0.00000   100%  48.8 1485s
H194322 96207                    915167.37900    0.00000   100%  48.7 1486s
H195001 96772                    915167.36928    0.00000   100%  48.6 1489s
 195015 96784 infeasible  126      915167.369    0.00000   100%  48.6 1490s
H195224 96835                    915165.17212    0.00000   100%  48.7 1493s
 195315 96856 infeasible  137      915165.172    0.00000   100%  48.8 1495s
H195356 96862                    915155.94784    0.00000   100%  48.8 1495s
H195465 96886                    915137.22650    0.00000   100%  48.9 1497s
 195667 96991 infeasible  135      915137.226    0.00000   100%  49.0 1500s
H195907 97107                    915115.97565    0.00000   100%  49.1 1503s
H196075 97217                    915115.31557    0.00000   100%  49.1 1505s
H196487 97341                    915106.53111    0.00000   100%  49.1 1508s
 196778 97448 infeasible  447      915106.531    0.00000   100%  49.1 1510s
H196946 97510                    915090.40733    0.00000   100%  49.1 1510s
 197393 97739 607504.328  116  214 915090.407    0.00000   100%  49.0 1515s
 198716 98912 569535.603  620  166 915090.407    0.00000   100%  48.8 1520s
 200377 100573 622547.179 1451  166 915090.407    0.00000   100%  48.5 1525s
 201728 101774 101829.575  117  224 915090.407    0.00000   100%  48.2 1530s
H202135 101991                    915089.64651    0.00000   100%  48.3 1534s
 202214 102032 348655.948  114  227 915089.647    0.00000   100%  48.3 1535s
Created node file directory '/home/ps12398/gp-momulap/goalProgrammingMarcos//grbnodes1'
 202998 102712 644017.869  589  163 915089.647    0.00000   100%  48.2 1540s
H203511 103223                    915089.59725    0.00000   100%  48.1 1542s
 204340 104034 infeasible 1807      915089.597    0.00000   100%  47.9 1545s
H204679 104291                    915046.48098    0.00000   100%  47.9 1547s
H204797 104393                    915046.48089    0.00000   100%  47.9 1548s
H204828 104418                    914913.62679    0.00000   100%  47.9 1548s
 205006 104564 infeasible  176      914913.627    0.00000   100%  47.9 1550s
 205315 104587 infeasible  178      914913.627    0.00000   100%  47.9 1555s
 205741 104803 595519.728  130  188 914913.627    0.00000   100%  47.9 1560s
H205828 104886                    913875.70682    0.00000   100%  47.9 1560s
H205948 104982                    913866.91386    0.00000   100%  47.9 1561s
 206221 105059    0.00000  115  227 913866.914    0.00000   100%  47.9 1565s
H206556 105182                    913863.24230    0.00000   100%  47.9 1569s
 206582 105190 infeasible  150      913863.242    0.00000   100%  47.9 1570s
 206969 105274 infeasible  158      913863.242    0.00000   100%  47.9 1575s
 207433 105418 714165.883  130  192 913863.242    0.00000   100%  47.9 1581s
 207657 105439 infeasible  130      913863.242    0.00000   100%  48.0 1585s
H207881 105451                    913801.77486    0.00000   100%  48.1 1589s
 207893 105449 infeasible  134      913801.775    0.00000   100%  48.1 1590s
 208410 105758 infeasible  229      913801.775    0.00000   100%  48.1 1595s
 208815 105983 554153.820  121  212 913801.775    0.00000   100%  48.1 1600s
H208960 106083                    913545.76189    0.00000   100%  48.1 1602s
 209134 106175 685737.494  141  201 913545.762    0.00000   100%  48.2 1605s
 209373 106236 infeasible  157      913545.762    0.00000   100%  48.2 1610s
H209423 106240                    913535.41943    0.00000   100%  48.2 1610s
H209477 106246                    913530.14386    0.00000   100%  48.2 1611s
H209638 106279                    913468.45770    0.00000   100%  48.2 1613s
H209686 106299                    913418.79921    0.00000   100%  48.2 1614s
 209722 106301 infeasible  144      913418.799    0.00000   100%  48.2 1615s
H209922 106314                    913402.33917    0.00000   100%  48.3 1617s
H210136 106374                    913362.50208    0.00000   100%  48.3 1619s
 210146 106374     cutoff  127      913362.502    0.00000   100%  48.3 1620s
 210380 106396 infeasible  156      913362.502    0.00000   100%  48.3 1625s
H210832 106818                    913320.72410    0.00000   100%  48.2 1628s
H210932 106878                    912812.50831    0.00000   100%  48.2 1629s
H210959 106905                    912783.46546    0.00000   100%  48.2 1630s
H211449 107205                    912783.00835    0.00000   100%  48.2 1633s
 211495 107233 785959.386  236  174 912783.008    0.00000   100%  48.2 1635s
H211926 107588                    912760.63481    0.00000   100%  48.1 1637s
 212206 107730 infeasible  290      912760.635    0.00000   100%  48.1 1640s
H212415 107887                    912758.16375    0.00000   100%  48.1 1642s
 212598 107928 infeasible  203      912758.164    0.00000   100%  48.2 1645s
H212770 107946                    912757.22422    0.00000   100%  48.2 1646s
H212850 107966                    912748.71686    0.00000   100%  48.2 1647s
 213081 107971 infeasible  157      912748.717    0.00000   100%  48.2 1650s
H213405 108021                    912695.34057    0.00000   100%  48.2 1654s
 213480 108022 infeasible  175      912695.341    0.00000   100%  48.3 1655s
H213794 108076                    912689.47983    0.00000   100%  48.3 1658s
 213814 108092 327302.510  125  189 912689.480    0.00000   100%  48.3 1661s
H213857 108125                    912666.01630    0.00000   100%  48.3 1662s
 214117 108283 711916.636  143  182 912666.016    0.00000   100%  48.2 1665s
H214389 108379                    912646.81020    0.00000   100%  48.2 1668s
 214566 108434 infeasible  168      912646.810    0.00000   100%  48.2 1670s
H214691 108487                    912646.77857    0.00000   100%  48.2 1672s
H214814 108508                    912401.35660    0.00000   100%  48.2 1673s
 214862 108510 768819.216  124  208 912401.357    0.00000   100%  48.2 1675s
H215310 108617                    912395.92108    0.00000   100%  48.3 1679s
H215337 108616                    912374.64489    0.00000   100%  48.3 1680s
H215494 108627                    912374.63071    0.00000   100%  48.3 1683s
 215614 108681 788301.875  141  200 912374.631    0.00000   100%  48.3 1685s
 215978 108793 infeasible  195      912374.631    0.00000   100%  48.4 1690s
H216122 108825                    912346.18272    0.00000   100%  48.4 1692s
H216234 108849                    912345.52104    0.00000   100%  48.4 1693s
 216343 108852 835792.672  235  188 912345.521    0.00000   100%  48.5 1695s
 216641 108870 528398.007  149  177 912345.521    0.00000   100%  48.5 1700s
 217090 108903 592638.022  194  175 912345.521    0.00000   100%  48.6 1705s
H217120 108903                    912345.27409    0.00000   100%  48.6 1706s
H217227 108898                    912286.09197    0.00000   100%  48.6 1707s
 217427 108900 infeasible  196      912286.092    0.00000   100%  48.6 1710s
H217730 108901                    912278.78819    0.00000   100%  48.6 1714s
 217767 108900 infeasible  197      912278.788    0.00000   100%  48.6 1715s
H217812 108899                    912278.68832    0.00000   100%  48.6 1715s
H217922 108937                    912278.63929    0.00000   100%  48.6 1717s
 218056 109073 664673.563  168  173 912278.639    0.00000   100%  48.6 1720s
 218550 109273 infeasible  251      912278.639    0.00000   100%  48.6 1725s
 218851 109314 infeasible  139      912278.639    0.00000   100%  48.7 1730s
H218928 109325                    912272.71068    0.00000   100%  48.7 1731s
H219045 109332                    912247.78360    0.00000   100%  48.7 1732s
 219191 109364 765209.138  158  189 912247.784    0.00000   100%  48.7 1735s
H219292 109362                    912242.12243    0.00000   100%  48.8 1737s
 219432 109364 infeasible  118      912242.122    0.00000   100%  48.9 1740s
 219688 109416 infeasible  164      912242.122    0.00000   100%  49.0 1745s
 219998 109495 664095.463  118  204 912242.122    0.00000   100%  49.1 1750s
 220239 109496 761884.273  131  185 912242.122    0.00000   100%  49.2 1755s
H220249 109496                    912232.86541    0.00000   100%  49.2 1755s
H220465 109508                    912225.11580    0.00000   100%  49.2 1759s
 220530 109519 infeasible  121      912225.116    0.00000   100%  49.3 1760s
H220690 109514                    912219.27306    0.00000   100%  49.4 1763s
 220790 109518 462568.773  119  203 912219.273    0.00000   100%  49.4 1765s
 220976 109526 878013.082  125  199 912219.273    0.00000   100%  49.5 1770s
 221144 109528 838404.176  132  191 912219.273    0.00000   100%  49.6 1775s
 221336 109601 733913.700  120  204 912219.273    0.00000   100%  49.6 1780s
H221498 109571                    912197.38388    0.00000   100%  49.7 1784s
 221525 109579 497627.170  117  192 912197.384    0.00000   100%  49.7 1785s
 221746 109586 640798.612  117  206 912197.384    0.00000   100%  49.8 1790s
 221913 109593 572017.536  113  218 912197.384    0.00000   100%  49.9 1795s
 222205 109606 792948.678  137  194 912197.384    0.00000   100%  50.0 1800s
 222450 109630 600776.021  118  201 912197.384    0.00000   100%  50.1 1805s
H222562 109632                    912196.83902    0.00000   100%  50.2 1808s
 222623 109649 851340.781  127  196 912196.839    0.00000   100%  50.2 1810s
 222763 109745 383893.550  112  207 912196.839    0.00000   100%  50.3 1815s
 223007 109913 396921.777  127  185 912196.839    0.00000   100%  50.4 1820s
H223168 110058                    912194.26046    0.00000   100%  50.4 1821s
 223501 110337 825686.739  158  180 912194.260    0.00000   100%  50.4 1825s
H223766 110534                    912139.28867    0.00000   100%  50.3 1827s
 224119 110813 infeasible  188      912139.289    0.00000   100%  50.3 1830s
 224534 110847 infeasible  138      912139.289    0.00000   100%  50.4 1835s
 224818 110927 infeasible  154      912139.289    0.00000   100%  50.5 1840s
 225122 110963 infeasible  132      912139.289    0.00000   100%  50.5 1845s
H225422 110971                    912137.44596    0.00000   100%  50.6 1849s
 225483 110986 792173.907  126  198 912137.446    0.00000   100%  50.6 1850s
 225795 111104 infeasible  166      912137.446    0.00000   100%  50.6 1855s
H225970 111169                    912128.72812    0.00000   100%  50.6 1858s
 226129 111186 infeasible  139      912128.728    0.00000   100%  50.7 1860s
H226252 111193                    912122.73164    0.00000   100%  50.7 1862s
 226521 111195 623218.169  122  207 912122.732    0.00000   100%  50.8 1865s
H226522 111194                    912095.20102    0.00000   100%  50.8 1865s
H226785 111261                    912071.64281    0.00000   100%  50.8 1867s
 227183 111393 775294.356  190  170 912071.643    0.00000   100%  50.8 1870s
H227787 111937                    912069.21530    0.00000   100%  50.7 1873s
 227984 111988 infeasible  242      912069.215    0.00000   100%  50.7 1875s
 228592 112156 775111.199  179  185 912069.215    0.00000   100%  50.7 1880s
 229257 112369 infeasible  172      912069.215    0.00000   100%  50.7 1885s
 229877 112499 infeasible  178      912069.215    0.00000   100%  50.8 1890s
 230452 112500 773811.635  189  178 912069.215    0.00000   100%  50.8 1895s
H230871 112509                    912007.11017    0.00000   100%  50.9 1898s
 231096 112532 773724.322  147  188 912007.110    0.00000   100%  50.9 1900s
H231128 112534                    912006.23606    0.00000   100%  50.9 1900s
H231428 112628                    911994.93122    0.00000   100%  50.9 1902s
 231640 112840 456823.961  207  177 911994.931    0.00000   100%  50.9 1905s
 232297 113497 472531.225  612  167 911994.931    0.00000   100%  50.7 1910s
H232774 113972                    911989.77145    0.00000   100%  50.6 1913s
 232797 113997 478623.814  973  168 911989.771    0.00000   100%  50.6 1915s
H233393 114567                    911941.69616    0.00000   100%  50.5 1917s
H233559 114633                    911941.43639    0.00000   100%  50.5 1919s
 233569 114637 infeasible 1313      911941.436    0.00000   100%  50.5 1920s
 234155 114991 infeasible  150      911941.436    0.00000   100%  50.5 1925s
 234775 115203 infeasible  165      911941.436    0.00000   100%  50.5 1930s
 234980 115198 579916.722  114  207 911941.436    0.00000   100%  50.6 1935s
 235327 115296 infeasible  154      911941.436    0.00000   100%  50.7 1940s
 235570 115307 170338.060  115  223 911941.436    0.00000   100%  50.7 1945s
 235871 115383 801293.369  177  185 911941.436    0.00000   100%  50.8 1950s
H235921 115393                    911938.16228    0.00000   100%  50.9 1951s
 236208 115530 infeasible  186      911938.162    0.00000   100%  50.9 1955s
H236210 115528                    911930.26725    0.00000   100%  50.9 1955s
 236562 115690 683875.042  165  176 911930.267    0.00000   100%  50.9 1960s
 237210 116334 732813.690  373  156 911930.267    0.00000   100%  50.8 1965s
H237211 116333                    911768.08349    0.00000   100%  50.8 1965s
H237385 116499                    911768.07012    0.00000   100%  50.8 1966s
H237463 116539                    911717.13887    0.00000   100%  50.8 1967s
 237640 116566 infeasible  169      911717.139    0.00000   100%  50.9 1970s
H237670 116562                    911709.95401    0.00000   100%  50.9 1970s
H237813 116605                    911709.83531    0.00000   100%  50.9 1972s
 237868 116610 775594.424  187  184 911709.835    0.00000   100%  50.9 1975s
H237999 116620                    911679.80500    0.00000   100%  51.0 1977s
 238139 116625 414013.339  117  204 911679.805    0.00000   100%  51.0 1980s
H238314 116675                    911662.98037    0.00000   100%  51.1 1983s
 238430 116695 759865.007  141  181 911662.980    0.00000   100%  51.1 1985s
 238641 116708 infeasible  172      911662.980    0.00000   100%  51.2 1990s
 238826 116747 infeasible  133      911662.980    0.00000   100%  51.3 1995s
 239255 116826 infeasible  138      911662.980    0.00000   100%  51.3 2000s
H239462 116919                    910739.24392    0.00000   100%  51.3 2003s
H239562 117007                    910717.46672    0.00000   100%  51.3 2004s
 239583 117008 infeasible  136      910717.467    0.00000   100%  51.3 2005s
 239902 117001 infeasible  136      910717.467    0.00000   100%  51.4 2010s
H239920 117003                    910484.86170    0.00000   100%  51.4 2010s
H240079 117012                    909173.79457    0.00000   100%  51.4 2013s
 240151 117034 885712.547  140  197 909173.795    0.00000   100%  51.4 2015s
H240268 117079                    909040.11001    0.00000   100%  51.4 2016s
H240467 117078                    909040.10992    0.00000   100%  51.5 2020s
H240527 117076                    909034.19827    0.00000   100%  51.5 2021s
 240748 117122 572926.142  119  199 909034.198    0.00000   100%  51.5 2025s
H240822 117143                    909034.19463    0.00000   100%  51.6 2026s
 240965 117109 648840.329  119  192 909034.195    0.00000   100%  51.6 2030s
 241146 117148 853839.703  122  191 909034.195    0.00000   100%  51.7 2035s
H241291 117154                    908997.68291    0.00000   100%  51.8 2038s
 241361 117176 779339.107  142  195 908997.683    0.00000   100%  51.8 2040s
 241631 117230 771685.516  155  184 908997.683    0.00000   100%  51.8 2045s
H241729 117250                    908997.67444    0.00000   100%  51.8 2045s
 241958 117479 489956.017  164  176 908997.674    0.00000   100%  51.8 2050s
 242633 118088 infeasible  243      908997.674    0.00000   100%  51.7 2055s
H242669 118104                    908984.73359    0.00000   100%  51.7 2055s
H242723 118150                    908975.53721    0.00000   100%  51.7 2056s
 243055 118328 629578.988  301  167 908975.537    0.00000   100%  51.7 2060s
H243319 118410                    908971.90556    0.00000   100%  51.7 2062s
 243430 118415 774294.348  123  199 908971.906    0.00000   100%  51.7 2065s
 243715 118441 infeasible  127      908971.906    0.00000   100%  51.8 2070s
 243961 118490 830078.090  139  180 908971.906    0.00000   100%  51.9 2075s
 244226 118517     cutoff  125      908971.906    0.00000   100%  51.9 2080s
 244409 118627 147612.732  120  210 908971.906    0.00000   100%  52.0 2085s
H244491 118697                    908964.22349    0.00000   100%  52.0 2086s
 244871 118961 760144.329  157  178 908964.223    0.00000   100%  51.9 2090s
 245271 119071 789715.932  176  178 908964.223    0.00000   100%  52.0 2095s
H245497 119124                    908853.39802    0.00000   100%  52.0 2099s
 245564 119131 infeasible  193      908853.398    0.00000   100%  52.0 2100s
H245691 119128                    908802.57017    0.00000   100%  52.0 2101s
 245923 119272 444825.452  128  198 908802.570    0.00000   100%  52.0 2105s
 246839 120170 746867.964  561  174 908802.570    0.00000   100%  51.8 2110s
 247212 120222     cutoff  125      908802.570    0.00000   100%  51.8 2115s
H247294 120233                    908793.37044    0.00000   100%  51.8 2116s
 247545 120250 infeasible  127      908793.370    0.00000   100%  51.9 2120s
 248010 120422 704562.297  175  170 908793.370    0.00000   100%  51.9 2125s
 248303 120487 infeasible  114      908793.370    0.00000   100%  51.9 2130s
 248556 120536 859528.244  137  187 908793.370    0.00000   100%  51.9 2135s
 248867 120591 683479.340  116  207 908793.370    0.00000   100%  52.0 2140s
 249051 120687 358681.980  125  208 908793.370    0.00000   100%  52.1 2145s
 249364 120908 infeasible  140      908793.370    0.00000   100%  52.1 2150s
 249907 121235 484016.126  196  169 908793.370    0.00000   100%  52.0 2155s
H250920 122246                    908766.03656    0.00000   100%  51.8 2158s
H251771 123097                    908763.64638    0.00000   100%  51.7 2160s
 252555 123871 561095.667 2588  157 908763.646    0.00000   100%  51.5 2165s
H252798 124112                    908763.12388    0.00000   100%  51.5 2166s
 253368 124684 564466.357 3023  155 908763.124    0.00000   100%  51.3 2170s
 254404 125444 840320.425  135  193 908763.124    0.00000   100%  51.2 2175s
 255526 126524 861704.316  659  154 908763.124    0.00000   100%  51.0 2180s
 256672 127670 846082.328 1232  153 908763.124    0.00000   100%  50.8 2185s
H257289 128285                    908758.01696    0.00000   100%  50.6 2187s
 257800 128798 846082.705 1796  153 908758.017    0.00000   100%  50.6 2190s
 259108 130106 846082.705 2450  153 908758.017    0.00000   100%  50.3 2196s
 260648 131646 846082.705 3220  153 908758.017    0.00000   100%  50.0 2200s
 262520 133518 846082.705 4156  153 908758.017    0.00000   100%  49.7 2205s
 264006 135004 841463.727 4899  153 908758.017    0.00000   100%  49.4 2210s
 264774 135772 841463.727 5283  153 908758.017    0.00000   100%  49.3 2215s
 266311 137209 865767.368 6003  153 908758.017    0.00000   100%  49.0 2220s
H266665 137411                    908757.30674    0.00000   100%  49.0 2222s
H266959 137490                    908754.05011    0.00000   100%  49.0 2224s
 266998 137493 infeasible  161      908754.050    0.00000   100%  49.0 2225s
H267083 137488                    908752.31351    0.00000   100%  49.0 2226s
 267399 137586 761615.936  161  180 908752.314    0.00000   100%  49.1 2230s
H267826 137720                    908748.02071    0.00000   100%  49.1 2233s
H267930 137798                    908734.58686    0.00000   100%  49.2 2235s
H268311 137931                    908621.70275    0.00000   100%  49.2 2239s
 268333 137925 infeasible  146      908621.703    0.00000   100%  49.2 2240s
H268384 137924                    908621.67545    0.00000   100%  49.3 2240s
H268622 137922                    908619.07009    0.00000   100%  49.4 2244s
H268622 137922                    908558.15511    0.00000   100%  49.4 2244s
 268650 137928 infeasible  131      908558.155    0.00000   100%  49.4 2245s
H268812 137943                    908558.00585    0.00000   100%  49.5 2247s
 269038 137949 infeasible  138      908558.006    0.00000   100%  49.5 2250s
H269088 137949                    908554.83864    0.00000   100%  49.5 2250s
H269116 137949                    908554.83692    0.00000   100%  49.5 2251s
 269492 137990 infeasible  141      908554.837    0.00000   100%  49.6 2255s
 269951 138035 infeasible  165      908554.837    0.00000   100%  49.7 2260s
 270350 138111     cutoff  153      908554.837    0.00000   100%  49.7 2265s
H270545 138136                    908548.50571    0.00000   100%  49.7 2267s
 270786 138154 infeasible  132      908548.506    0.00000   100%  49.8 2270s
 271191 138196 747089.943  135  212 908548.506    0.00000   100%  49.9 2275s
H271301 138198                    908515.74358    0.00000   100%  49.9 2276s
H271456 138202                    908510.72307    0.00000   100%  50.0 2278s
 271508 138200 infeasible  133      908510.723    0.00000   100%  50.0 2280s
 271766 138257 infeasible  136      908510.723    0.00000   100%  50.2 2285s
 272241 138352 593495.406  146  190 908510.723    0.00000   100%  50.3 2290s
 272630 138482 610420.035  124  210 908510.723    0.00000   100%  50.4 2295s
H272659 138478                    908509.05866    0.00000   100%  50.4 2295s
H272746 138479                    908507.91787    0.00000   100%  50.5 2297s
 272858 138481 171371.249  104  232 908507.918    0.00000   100%  50.6 2300s
 273270 138591 651176.856  125  214 908507.918    0.00000   100%  50.7 2305s
H273496 138595                    908476.82176    0.00000   100%  50.7 2308s
 273636 138609     cutoff  142      908476.822    0.00000   100%  50.7 2310s
H273644 138609                    908475.25966    0.00000   100%  50.7 2310s
 274005 138794 infeasible  120      908475.260    0.00000   100%  50.9 2315s
H274393 138829                    908420.59173    0.00000   100%  51.0 2320s
H274570 138840                    908417.60570    0.00000   100%  51.2 2323s
 274680 138856 250495.431  140  210 908417.606    0.00000   100%  51.2 2325s
H274880 138893                    908401.36637    0.00000   100%  51.2 2327s
 275001 138895 394183.603  129  223 908401.366    0.00000   100%  51.3 2330s
H275054 138902                    908375.42909    0.00000   100%  51.4 2331s
 275350 138926 infeasible  135      908375.429    0.00000   100%  51.4 2335s
 275738 138955 infeasible  127      908375.429    0.00000   100%  51.5 2340s
H276030 139013                    908369.86945    0.00000   100%  51.7 2344s
 276036 139013 847364.353  126  196 908369.869    0.00000   100%  51.7 2345s
 276352 139092 825249.056  185  174 908369.869    0.00000   100%  51.9 2350s
H276651 139108                    908361.21013    0.00000   100%  51.9 2353s
H276707 139110                    908266.65863    0.00000   100%  51.9 2354s
 276711 139114 infeasible  133      908266.659    0.00000   100%  51.9 2355s
 277015 139107 infeasible  129      908266.659    0.00000   100%  52.1 2360s
H277050 139114                    908241.20472    0.00000   100%  52.1 2360s
H277106 139116                    908193.35503    0.00000   100%  52.1 2361s
H277191 139118                    908169.07622    0.00000   100%  52.1 2362s
 277316 139127 705300.402  136  209 908169.076    0.00000   100%  52.1 2365s
H277321 139126                    908151.49090    0.00000   100%  52.1 2365s
 277715 139166 759306.362  178  172 908151.491    0.00000   100%  52.2 2370s
H277892 139198                    908150.67757    0.00000   100%  52.2 2371s
 278167 139229 857543.543  140  188 908150.678    0.00000   100%  52.3 2375s
 278441 139241 645464.277  126  209 908150.678    0.00000   100%  52.4 2380s
 278758 139243 infeasible  114      908150.678    0.00000   100%  52.6 2385s
H278801 139240                    908147.40921    0.00000   100%  52.6 2386s
H278906 139243                    908134.22440    0.00000   100%  52.7 2387s
H278984 139264                    908106.82141    0.00000   100%  52.7 2388s
 279111 139309 840359.318  159  178 908106.821    0.00000   100%  52.7 2390s
H279192 139340                    908102.67187    0.00000   100%  52.7 2391s
H279330 139370                    907988.56492    0.00000   100%  52.7 2393s
 279494 139411 infeasible  127      907988.565    0.00000   100%  52.7 2395s
 279709 139558 672690.444  137  186 907988.565    0.00000   100%  52.8 2401s
 280068 139638 671241.266  123  207 907988.565    0.00000   100%  52.8 2405s
H280275 139639                    907897.83575    0.00000   100%  52.9 2409s
 280295 139645 742634.562  130  199 907897.836    0.00000   100%  52.9 2410s
 280582 139645 infeasible  141      907897.836    0.00000   100%  53.0 2415s
 280867 139652 infeasible  123      907897.836    0.00000   100%  53.2 2420s
 281168 139663 552543.884  131  208 907897.836    0.00000   100%  53.4 2425s
 281421 139703 8082.29343  116  242 907897.836    0.00000   100%  53.4 2430s
 281836 139840 730375.703  131  189 907897.836    0.00000   100%  53.5 2435s
 282303 139870 735845.290  131  211 907897.836    0.00000   100%  53.6 2440s
 282666 139873 239734.984  129  220 907897.836    0.00000   100%  53.8 2445s
 282991 139882 infeasible  132      907897.836    0.00000   100%  53.9 2450s
 283256 139899 337756.834  132  205 907897.836    0.00000   100%  54.0 2455s
 283588 139931 580514.647  126  214 907897.836    0.00000   100%  54.1 2460s
H283805 139931                    907893.55316    0.00000   100%  54.2 2463s
 283885 139933 635553.193  120  207 907893.553    0.00000   100%  54.3 2465s
H284095 139963                    907890.70467    0.00000   100%  54.3 2469s
 284121 139956 445934.160  125  219 907890.705    0.00000   100%  54.4 2470s
H284225 139969                    907890.44801    0.00000   100%  54.4 2472s
H284333 139980                    907843.98079    0.00000   100%  54.4 2473s
 284473 139988 407497.187  134  210 907843.981    0.00000   100%  54.4 2475s
 284817 140008 842912.384  128  212 907843.981    0.00000   100%  54.6 2480s
H284880 140022                    907830.76066    0.00000   100%  54.6 2480s
 285223 140110 585305.269  137  211 907830.761    0.00000   100%  54.6 2485s
H285426 140175                    907816.41658    0.00000   100%  54.6 2487s
 285598 140174 infeasible  161      907816.417    0.00000   100%  54.6 2490s
H285617 140159                    907811.30460    0.00000   100%  54.6 2490s
H285780 140184                    907800.24083    0.00000   100%  54.7 2493s
 286028 140190 814918.448  143  208 907800.241    0.00000   100%  54.7 2495s
H286286 140208                    907796.55909    0.00000   100%  54.7 2497s
H286312 140206                    907787.82072    0.00000   100%  54.7 2498s
 286398 140208 843937.766  129  223 907787.821    0.00000   100%  54.8 2500s
H286493 140222                    907777.21455    0.00000   100%  54.8 2501s
 286861 140348 734198.427  136  195 907777.215    0.00000   100%  54.9 2505s
 287358 140375 infeasible  133      907777.215    0.00000   100%  54.9 2510s
 287819 140387 874693.194  129  210 907777.215    0.00000   100%  55.0 2515s
 288354 140537 infeasible  131      907777.215    0.00000   100%  55.1 2520s
H288587 140634                    907776.18879    0.00000   100%  55.1 2524s
H288644 140665                    907755.47021    0.00000   100%  55.1 2524s
 288660 140667 infeasible  243      907755.470    0.00000   100%  55.1 2525s
 289076 140708 infeasible  139      907755.470    0.00000   100%  55.2 2530s
H289316 140713                    907755.46091    0.00000   100%  55.2 2533s
 289391 140719 724702.309  136  219 907755.461    0.00000   100%  55.2 2535s
H289449 140720                    907737.58879    0.00000   100%  55.2 2537s
 289634 140725 11574.8671  123  239 907737.589    0.00000   100%  55.2 2540s
 289933 140767 767695.324  157  197 907737.589    0.00000   100%  55.3 2545s
 290075 140797 771005.609  215  185 907737.589    0.00000   100%  55.3 2550s
H290158 140818                    907717.94014    0.00000   100%  55.3 2553s
 290213 140843 771615.557  284  179 907717.940    0.00000   100%  55.3 2555s
 290466 140863 724374.722  132  216 907717.940    0.00000   100%  55.3 2560s
 290785 140878 infeasible  150      907717.940    0.00000   100%  55.3 2565s
 290997 140941 886750.446  119  205 907717.940    0.00000   100%  55.4 2570s
 291219 140938 875915.236  142  188 907717.940    0.00000   100%  55.4 2575s
 291501 140954 infeasible  155      907717.940    0.00000   100%  55.4 2580s
 291716 140961 742461.273  133  222 907717.940    0.00000   100%  55.5 2585s
 291879 140965 157324.752  107  237 907717.940    0.00000   100%  55.6 2590s
 292069 140995 infeasible  121      907717.940    0.00000   100%  55.7 2595s
H292220 141010                    907712.75864    0.00000   100%  55.7 2598s
 292258 141007 infeasible  122      907712.759    0.00000   100%  55.7 2600s
H292434 141005                    907711.59382    0.00000   100%  55.8 2603s
 292462 141009 infeasible  117      907711.594    0.00000   100%  55.8 2605s
H292598 141012                    907698.08088    0.00000   100%  55.9 2608s
 292653 141014 887817.105  119  228 907698.081    0.00000   100%  55.9 2610s
 292832 141018 749907.516  119  212 907698.081    0.00000   100%  56.0 2615s
 293001 141045 572877.742  112  222 907698.081    0.00000   100%  56.1 2620s
 293193 141093 infeasible  118      907698.081    0.00000   100%  56.2 2625s
H293218 141089                    907694.23251    0.00000   100%  56.2 2625s
 293375 141078 678855.870  138  211 907694.233    0.00000   100%  56.2 2630s
H293513 141081                    907676.79285    0.00000   100%  56.3 2633s
 293584 141094 infeasible  123      907676.793    0.00000   100%  56.3 2635s
 293726 141089 infeasible  132      907676.793    0.00000   100%  56.3 2640s
 293848 141094 721493.606  134  221 907676.793    0.00000   100%  56.4 2645s
H294022 141126                    907669.90490    0.00000   100%  56.5 2649s
 294024 141130 559577.833  126  215 907669.905    0.00000   100%  56.5 2650s
 294210 141127 562875.678  120  207 907669.905    0.00000   100%  56.6 2655s
 294427 141140 718802.641  137  201 907669.905    0.00000   100%  56.7 2660s
 294632 141163 839629.202  140  204 907669.905    0.00000   100%  56.8 2665s
 294795 141163 infeasible  145      907669.905    0.00000   100%  56.8 2670s
 295062 141260 661450.991  139  207 907669.905    0.00000   100%  56.8 2675s
 295347 141311 infeasible  177      907669.905    0.00000   100%  56.8 2680s
 295713 141347 infeasible  128      907669.905    0.00000   100%  56.9 2685s
 295932 141356 infeasible  132      907669.905    0.00000   100%  56.9 2690s
 296124 141369 604377.124  133  211 907669.905    0.00000   100%  57.1 2695s
 296326 141388 781394.638  136  214 907669.905    0.00000   100%  57.1 2700s
 296543 141434 764516.536  157  175 907669.905    0.00000   100%  57.1 2705s
 296765 141509 889993.414  253  175 907669.905    0.00000   100%  57.1 2710s
 297070 141536 762787.534  149  194 907669.905    0.00000   100%  57.1 2715s
 297258 141558 infeasible  134      907669.905    0.00000   100%  57.2 2720s
 297500 141608 759306.913  145  197 907669.905    0.00000   100%  57.2 2725s
 297815 141710 infeasible  183      907669.905    0.00000   100%  57.2 2730s
 298085 141720 812266.655  148  182 907669.905    0.00000   100%  57.2 2735s
 298318 141725 278218.567  120  217 907669.905    0.00000   100%  57.3 2740s
 298509 141725 384241.681  125  221 907669.905    0.00000   100%  57.4 2745s
 298726 141746 890058.757  140  209 907669.905    0.00000   100%  57.4 2751s
 298901 141778 infeasible  139      907669.905    0.00000   100%  57.5 2755s
 299168 141885 738061.519  258  166 907669.905    0.00000   100%  57.5 2760s
 299784 142393 753224.429  126  204 907669.905    0.00000   100%  57.5 2765s
 300018 142461 759430.194  151  189 907669.905    0.00000   100%  57.5 2770s
 300298 142490 681118.695  130  216 907669.905    0.00000   100%  57.5 2775s
 300494 142493 770425.239  130  203 907669.905    0.00000   100%  57.6 2780s
 300801 142771 676721.826  247  170 907669.905    0.00000   100%  57.6 2785s
 301868 143838 687463.129 1153  169 907669.905    0.00000   100%  57.4 2790s
 302957 144926 717061.901 2150  165 907669.905    0.00000   100%  57.2 2795s
 304147 145980 infeasible  147      907669.905    0.00000   100%  57.0 2800s
 304687 146092 822402.413  187  172 907669.905    0.00000   100%  57.1 2805s
H304829 146116                    904289.32478    0.00000   100%  57.1 2806s
H305004 146114                    903594.58130    0.00000   100%  57.1 2808s
H305006 146116                    903592.65267    0.00000   100%  57.1 2808s
 305102 146122 721800.153  130  220 903592.653    0.00000   100%  57.1 2810s
H305122 146118                    903503.67461    0.00000   100%  57.1 2810s
H305215 146117                    902187.46613    0.00000   100%  57.1 2811s
H305478 146120                    901898.84881    0.00000   100%  57.3 2814s
 305482 146126 659656.898  128  216 901898.849    0.00000   100%  57.3 2815s
H305533 146121                    901890.06249    0.00000   100%  57.3 2816s
H305574 146118                    901781.77082    0.00000   100%  57.3 2816s
H305618 146127                    901305.16796    0.00000   100%  57.3 2817s
 305831 146140 632951.252  141  205 901305.168    0.00000   100%  57.3 2820s
H305939 146140                    901014.69879    0.00000   100%  57.4 2821s
H305942 146143                    900798.48121    0.00000   100%  57.4 2822s
 306112 146137 infeasible  130      900798.481    0.00000   100%  57.5 2825s
H306206 146182                    900177.16148    0.00000   100%  57.5 2826s
H306258 146195                    899471.62202    0.00000   100%  57.6 2827s
H306284 146194                    899317.68577    0.00000   100%  57.6 2828s
 306434 146249 infeasible  179      899317.686    0.00000   100%  57.6 2830s
H306630 146245                    896207.19499    0.00000   100%  57.6 2831s
H306636 146244                    894781.99251    0.00000   100%  57.6 2831s
H306837 146277                    894749.70081    0.00000   100%  57.6 2833s
H306863 146282                    894747.98437    0.00000   100%  57.6 2834s
 306931 146282 806831.050  133  218 894747.984    0.00000   100%  57.6 2835s
H306970 146294                    892979.63903    0.00000   100%  57.6 2835s
H307000 146290                    892671.53491    0.00000   100%  57.6 2836s
 307191 146305 96006.1832  128  223 892671.535    0.00000   100%  57.7 2842s
H307250 146334                    892553.30784    0.00000   100%  57.7 2842s
 307600 146628 infeasible  227      892553.308    0.00000   100%  57.7 2845s
H307641 146665                    891306.41347    0.00000   100%  57.7 2845s
H307694 146712                    888860.09758    0.00000   100%  57.6 2845s
H307720 146734                    887696.50805    0.00000   100%  57.6 2846s
H307778 146784                    880500.95521    0.00000   100%  57.6 2847s
H308053 146841                    880492.97923    0.00000   100%  57.6 2849s
 308113 146824 703235.711  133  215 880492.979    0.00000   100%  57.7 2850s
H308235 146826                    879171.67615    0.00000   100%  57.7 2852s
H308289 146824                    879160.25065    0.00000   100%  57.8 2854s
H308317 146822                    879004.84474    0.00000   100%  57.8 2854s
 308345 146821 578576.149  123  209 879004.845    0.00000   100%  57.8 2855s
H308398 146837                    878473.40815    0.00000   100%  57.8 2856s
H308451 146840                    878395.33476    0.00000   100%  57.8 2856s
H308503 146832                    877984.72790    0.00000   100%  57.9 2858s
 308610 146841    0.00000  104  238 877984.728    0.00000   100%  57.9 2860s
 308902 146926 infeasible  117      877984.728    0.00000   100%  57.9 2865s
H308939 140913                    871720.30694    0.00000   100%  58.0 2865s
H308965 140925                    871353.73925    0.00000   100%  58.0 2866s
H309231 140934                    869867.32393    0.00000   100%  58.1 2869s
 309290 140937 499927.177  131  211 869867.324    0.00000   100%  58.1 2870s
H309369 140955                    869856.91874    0.00000   100%  58.1 2871s
H309395 140959                    869848.61590    0.00000   100%  58.1 2871s
H309822 141229                    869701.91593    0.00000   100%  58.0 2875s
H310267 141252                    869674.58458    0.00000   100%  58.2 2880s
H310375 141252                    868871.19245    0.00000   100%  58.2 2881s
 310599 141271 13128.5280  121  217 868871.192    0.00000   100%  58.3 2885s
H310794 141348                    868833.83709    0.00000   100%  58.4 2888s
H310902 141345                    868600.63838    0.00000   100%  58.4 2889s
 310964 141347 833389.314  138  218 868600.638    0.00000   100%  58.4 2890s
H310980 141347                    868600.62143    0.00000   100%  58.4 2890s
H311058 141389                    868452.64566    0.00000   100%  58.4 2891s
H311169 141397                    868410.03358    0.00000   100%  58.4 2892s
 311370 141432 infeasible  129      868410.034    0.00000   100%  58.4 2895s
H311471 141479                    868407.28313    0.00000   100%  58.4 2895s
H311621 141485                    868208.24358    0.00000   100%  58.4 2897s
H311733 141487                    867896.17492    0.00000   100%  58.4 2898s
 311962 141574 infeasible  213      867896.175    0.00000   100%  58.4 2900s
 312547 141671 infeasible  205      867896.175    0.00000   100%  58.4 2905s
H312677 141671                    867861.86467    0.00000   100%  58.4 2906s
 313009 141713 169483.594  128  232 867861.865    0.00000   100%  58.4 2910s
H313021 141717                    867461.95324    0.00000   100%  58.4 2910s
H313149 141732                    866212.60446    0.00000   100%  58.5 2912s
H313181 141718                    864836.18857    0.00000   100%  58.5 2913s
 313318 141766     cutoff  132      864836.189    0.00000   100%  58.5 2915s
H313378 141742                    864831.62780    0.00000   100%  58.5 2916s
H313515 141760                    864831.59564    0.00000   100%  58.5 2917s
H313589 141762                    864407.05418    0.00000   100%  58.5 2918s
 313692 141786 717260.219  160  186 864407.054    0.00000   100%  58.6 2920s
 313979 141786 infeasible  133      864407.054    0.00000   100%  58.6 2925s
H314223 141794                    864232.47389    0.00000   100%  58.7 2928s
 314331 141813 infeasible  142      864232.474    0.00000   100%  58.7 2930s
H314359 141811                    864195.85071    0.00000   100%  58.7 2930s
 314824 141918     cutoff  139      864195.851    0.00000   100%  58.7 2935s
H314898 141908                    864037.23739    0.00000   100%  58.7 2936s
H314925 141907                    863480.33457    0.00000   100%  58.7 2936s
H315108 141928                    862952.43209    0.00000   100%  58.8 2939s
 315164 141926 174953.808  131  231 862952.432    0.00000   100%  58.8 2940s
H315426 141984                    862944.22554    0.00000   100%  58.8 2942s
H315478 141977                    862093.40955    0.00000   100%  58.8 2942s
H315504 142003                    862088.78062    0.00000   100%  58.8 2943s
H315530 142004                    862079.80213    0.00000   100%  58.8 2943s
H315582 142010                    861494.20595    0.00000   100%  58.8 2944s
 315666 142013     cutoff  134      861494.206    0.00000   100%  58.8 2945s
H315716 142013                    861387.00650    0.00000   100%  58.8 2945s
H316019 142025                    859878.96364    0.00000   100%  58.9 2949s
 316073 142076 674071.077  142  193 859878.964    0.00000   100%  58.9 2950s
H316211 142111                    859871.60085    0.00000   100%  58.9 2951s
H316269 142126                    859716.10687    0.00000   100%  58.9 2952s
 316469 142146 214079.472  121  241 859716.107    0.00000   100%  58.9 2955s
H316493 142154                    859003.12348    0.00000   100%  58.9 2955s
H316583 142150                    858460.57857    0.00000   100%  58.9 2956s
H316630 142146                    858424.63915    0.00000   100%  58.9 2957s
H316656 142148                    858313.81519    0.00000   100%  59.0 2958s
H316750 142157                    857472.63657    0.00000   100%  59.0 2959s
 316766 142169 254737.977  121  221 857472.637    0.00000   100%  59.0 2960s
H316972 142214                    857173.28651    0.00000   100%  59.0 2962s
H317097 142216                    857110.83676    0.00000   100%  59.0 2965s
H317097 142216                    857085.08432    0.00000   100%  59.0 2965s
H317129 142213                    857053.89793    0.00000   100%  59.1 2966s
H317156 142214                    856609.11760    0.00000   100%  59.1 2966s
H317226 142215                    856542.12495    0.00000   100%  59.1 2968s
H317416 142340                    856541.96227    0.00000   100%  59.1 2969s
 317467 142384     cutoff  172      856541.962    0.00000   100%  59.1 2970s
H317489 142402                    856494.75061    0.00000   100%  59.1 2970s
H317597 142506                    856362.52617    0.00000   100%  59.1 2971s
H317906 142701                    856204.23065    0.00000   100%  59.1 2973s
 318104 142706 infeasible  132      856204.231    0.00000   100%  59.1 2975s
H318201 142704                    855733.38264    0.00000   100%  59.1 2977s
H318202 142705                    855306.67874    0.00000   100%  59.1 2977s
H318228 142707                    855306.59196    0.00000   100%  59.1 2977s
H318266 142708                    855302.74034    0.00000   100%  59.2 2978s
 318358 142711 143765.084  114  224 855302.740    0.00000   100%  59.2 2980s
H318507 142756                    855166.06357    0.00000   100%  59.3 2982s
H318628 142746                    855125.69382    0.00000   100%  59.4 2984s
 318662 142743 infeasible  124      855125.694    0.00000   100%  59.4 2985s
H318711 142746                    855102.80675    0.00000   100%  59.4 2986s
H318728 142742                    855048.28249    0.00000   100%  59.4 2986s
H318738 142743                    855007.16291    0.00000   100%  59.4 2987s
 319000 142779 752561.033  132  221 855007.163    0.00000   100%  59.4 2990s
H319074 142772                    854893.77772    0.00000   100%  59.4 2992s
H319223 142807                    854848.73546    0.00000   100%  59.5 2995s
H319285 142803                    854831.85445    0.00000   100%  59.5 2996s
 319540 142813 327188.473  124  214 854831.854    0.00000   100%  59.6 3000s
H319558 142829                    854826.09066    0.00000   100%  59.6 3000s
H319736 142834                    854800.78342    0.00000   100%  59.6 3001s
H319880 142836                    853707.05568    0.00000   100%  59.6 3003s
H319997 142832                    853705.36796    0.00000   100%  59.6 3004s
 320081 142850 723304.210  121  209 853705.368    0.00000   100%  59.6 3005s
 320492 143045 684093.860  135  186 853705.368    0.00000   100%  59.8 3010s
H320543 143050                    853611.03726    0.00000   100%  59.8 3011s
H320573 143044                    853595.12482    0.00000   100%  59.8 3011s
H320784 143050                    853584.02550    0.00000   100%  59.8 3014s
 320806 143047 337968.460  123  208 853584.025    0.00000   100%  59.9 3015s
H320989 143077                    853539.49923    0.00000   100%  59.9 3016s
H321161 143075                    853489.22180    0.00000   100%  60.0 3019s
 321165 143074 486322.332  119  218 853489.222    0.00000   100%  60.0 3020s
H321214 143072                    853485.74997    0.00000   100%  60.0 3021s
H321264 143071                    853404.86897    0.00000   100%  60.0 3022s
H321353 143071                    853402.97538    0.00000   100%  60.1 3023s
 321427 143089 infeasible  133      853402.975    0.00000   100%  60.1 3025s
H321579 143123                    853389.26114    0.00000   100%  60.1 3027s
H321649 143122                    853336.65957    0.00000   100%  60.1 3028s
H321678 143120                    853154.74835    0.00000   100%  60.2 3028s
 321762 143131 723167.259  123  205 853154.748    0.00000   100%  60.2 3030s
H321890 143129                    853125.46185    0.00000   100%  60.2 3031s
H321916 143131                    853092.74402    0.00000   100%  60.2 3032s
H321942 143131                    853089.19910    0.00000   100%  60.2 3033s
 322037 143187    0.00000  103  238 853089.199    0.00000   100%  60.2 3035s
H322053 143199                    853079.92193    0.00000   100%  60.2 3035s
H322118 143248                    853066.65239    0.00000   100%  60.2 3036s
H322307 143313                    853065.52041    0.00000   100%  60.3 3039s
H322364 143320                    853059.14523    0.00000   100%  60.3 3040s
 322910 143494 728257.119  138  186 853059.145    0.00000   100%  60.3 3045s
H323207 143531                    853012.00084    0.00000   100%  60.3 3047s
H323233 143532                    852908.97695    0.00000   100%  60.3 3047s
H323239 143530                    852904.00256    0.00000   100%  60.3 3048s
H323259 143528                    852877.97137    0.00000   100%  60.3 3048s
H323370 143533                    852664.12602    0.00000   100%  60.3 3049s
 323408 143533 799002.391  161  171 852664.126    0.00000   100%  60.3 3050s
H323435 143534                    852653.95340    0.00000   100%  60.3 3050s
 323887 143563 363934.572  113  224 852653.953    0.00000   100%  60.4 3055s
H324108 143570                    852530.07705    0.00000   100%  60.4 3058s
H324272 143636                    852528.17450    0.00000   100%  60.4 3060s
H324381 143633                    852526.94193    0.00000   100%  60.4 3061s
H324384 143630                    852422.24635    0.00000   100%  60.4 3061s
H324610 143642                    852277.10657    0.00000   100%  60.4 3063s
 324750 143732 810044.307  130  189 852277.107    0.00000   100%  60.4 3065s
H324774 143726                    852274.45911    0.00000   100%  60.4 3065s
H324832 143717                    852204.49488    0.00000   100%  60.4 3066s
 325190 143830 703963.736  173  171 852204.495    0.00000   100%  60.4 3070s
H325282 143836                    852191.90193    0.00000   100%  60.4 3070s
H325444 143885                    852179.02438    0.00000   100%  60.4 3072s
H325662 137903                    847632.67088    0.00000   100%  60.4 3074s
 325736 137910 687851.935  127  193 847632.671    0.00000   100%  60.4 3075s
H325770 137908                    847593.07955    0.00000   100%  60.4 3075s
H326022 137986                    847260.22954    0.00000   100%  60.4 3078s
H326160 138007                    847190.57986    0.00000   100%  60.4 3079s
 326190 138011 infeasible  167      847190.580    0.00000   100%  60.4 3080s
H326528 138268                    847150.33262    0.00000   100%  60.4 3084s
 326641 138323 infeasible  171      847150.333    0.00000   100%  60.4 3085s
H326740 138336                    847139.02003    0.00000   100%  60.4 3086s
 326951 138425 532318.865  118  192 847139.020    0.00000   100%  60.5 3090s
H326979 138445                    847134.34426    0.00000   100%  60.5 3090s
H327072 138462                    847122.61014    0.00000   100%  60.5 3091s
 327476 138518 780890.811  159  174 847122.610    0.00000   100%  60.5 3095s
H327560 138516                    847118.89282    0.00000   100%  60.5 3096s
H327765 138517                    846974.37049    0.00000   100%  60.5 3097s
H327940 138516                    846970.64476    0.00000   100%  60.5 3099s
H327945 138517                    846962.63858    0.00000   100%  60.5 3099s
 327979 138517 741160.842  165  175 846962.639    0.00000   100%  60.5 3100s
H328318 138514                    846915.10599    0.00000   100%  60.5 3103s
H328395 138535                    846911.38427    0.00000   100%  60.5 3104s
 328463 138541 718387.831  145  187 846911.384    0.00000   100%  60.5 3105s
 328941 138721 699423.373  155  183 846911.384    0.00000   100%  60.5 3110s
H328990 138728                    846869.02826    0.00000   100%  60.5 3110s
H329139 138729                    846869.02813    0.00000   100%  60.5 3113s
 329166 138730 703716.211  167  194 846869.028    0.00000   100%  60.5 3115s
H329192 138728                    846853.74238    0.00000   100%  60.5 3115s
 329856 138962 705811.187  132  180 846853.742    0.00000   100%  60.5 3120s
H330143 139009                    846841.08698    0.00000   100%  60.5 3122s
 330357 139023 771563.492  173  180 846841.087    0.00000   100%  60.5 3125s
H330393 139017                    846815.60503    0.00000   100%  60.5 3125s
H330474 139026                    846814.53327    0.00000   100%  60.5 3126s
H330478 139024                    846787.72614    0.00000   100%  60.5 3126s
H330538 139022                    846783.94154    0.00000   100%  60.5 3127s
 330845 139098 795891.307  148  176 846783.942    0.00000   100%  60.5 3130s
H330967 139090                    846699.54774    0.00000   100%  60.5 3131s
 331356 139154 782356.654  149  180 846699.548    0.00000   100%  60.5 3135s
H331589 139162                    846684.96529    0.00000   100%  60.6 3138s
H331677 139167                    846684.93679    0.00000   100%  60.6 3139s
H331703 139162                    846678.64935    0.00000   100%  60.6 3140s
H331869 139178                    846502.35317    0.00000   100%  60.6 3141s
H331972 139181                    846502.04708    0.00000   100%  60.6 3143s
 332085 139179 711547.337  125  205 846502.047    0.00000   100%  60.7 3145s
H332214 139205                    846219.93917    0.00000   100%  60.7 3146s
H332240 139220                    846197.04762    0.00000   100%  60.7 3147s
H332364 139265                    846178.99904    0.00000   100%  60.8 3149s
 332392 139277 803872.311  141  185 846178.999    0.00000   100%  60.8 3150s
 332714 139345 615260.601  170  180 846178.999    0.00000   100%  60.8 3155s
 333159 139450 690603.974  125  224 846178.999    0.00000   100%  60.9 3160s
 333599 139494 677543.260  114  215 846178.999    0.00000   100%  60.9 3165s
 334049 139617 657110.041  126  209 846178.999    0.00000   100%  61.0 3170s
H334369 139622                    846177.93787    0.00000   100%  61.0 3174s
 334451 139693 484542.969  155  191 846177.938    0.00000   100%  61.0 3175s
H334504 139744                    846146.80513    0.00000   100%  61.0 3175s
H334897 140137                    846142.26503    0.00000   100%  61.0 3177s
 335345 140499 576307.183  734  164 846142.265    0.00000   100%  60.9 3180s
H335516 140572                    846124.13616    0.00000   100%  60.9 3181s
H335538 140582                    846091.64329    0.00000   100%  60.9 3181s
H335722 140750                    846090.13815    0.00000   100%  60.9 3182s
 336036 140986 601690.648  921  166 846090.138    0.00000   100%  60.9 3185s
H336401 141070                    846076.58330    0.00000   100%  60.9 3188s
H336483 141074                    846075.06515    0.00000   100%  60.9 3190s
H336833 141083                    846062.21474    0.00000   100%  61.0 3194s
 336885 141085 718167.912  134  210 846062.215    0.00000   100%  61.0 3195s
H337125 141144                    846054.07470    0.00000   100%  61.0 3198s
H337184 141166                    846050.35329    0.00000   100%  61.0 3199s
 337225 141174     cutoff  135      846050.353    0.00000   100%  61.0 3200s
H337236 141174                    846027.02185    0.00000   100%  61.0 3200s
H337265 141167                    846020.05827    0.00000   100%  61.1 3200s
H337371 141183                    846020.05166    0.00000   100%  61.1 3202s
H337688 141221                    846019.90070    0.00000   100%  61.1 3204s
 337693 141226 570104.571  138  198 846019.901    0.00000   100%  61.1 3205s
H337761 141220                    846011.99997    0.00000   100%  61.1 3205s
 338186 141274 449818.992  127  217 846012.000    0.00000   100%  61.1 3210s
 338524 141309 691700.922  135  201 846012.000    0.00000   100%  61.2 3215s
 338891 141541 808815.147  127  211 846012.000    0.00000   100%  61.2 3220s
H339218 141584                    846010.81329    0.00000   100%  61.2 3224s
 339271 141590 690815.009  137  224 846010.813    0.00000   100%  61.3 3225s
H339403 141589                    845999.71840    0.00000   100%  61.3 3229s
 339466 141598 735805.048  133  208 845999.718    0.00000   100%  61.3 3230s
H339508 141597                    845970.39364    0.00000   100%  61.3 3230s
H339588 141595                    845970.39270    0.00000   100%  61.3 3231s
H339870 141611                    845965.04019    0.00000   100%  61.3 3234s
 339935 141613 687844.161  135  201 845965.040    0.00000   100%  61.3 3235s
 340272 141662 597785.342  131  195 845965.040    0.00000   100%  61.4 3240s
 340751 141790 579205.831  133  214 845965.040    0.00000   100%  61.4 3245s
H340870 141804                    845951.27127    0.00000   100%  61.5 3246s
 341128 141812 infeasible  151      845951.271    0.00000   100%  61.5 3250s
 341519 141840 infeasible  137      845951.271    0.00000   100%  61.6 3255s
 341951 141899 infeasible  141      845951.271    0.00000   100%  61.7 3260s
 342366 141927 infeasible  131      845951.271    0.00000   100%  61.8 3265s
 342725 141991 761945.706  133  200 845951.271    0.00000   100%  61.8 3270s
 343086 142025 758791.319  154  194 845951.271    0.00000   100%  62.0 3275s
H343101 142022                    845944.77674    0.00000   100%  62.0 3275s
H343127 142033                    845915.41630    0.00000   100%  62.0 3276s
 343440 142252 735051.213  198  172 845915.416    0.00000   100%  61.9 3280s
H343535 142251                    845914.09553    0.00000   100%  61.9 3281s
H343665 142317                    845911.00961    0.00000   100%  61.9 3282s
H343743 142335                    845906.62347    0.00000   100%  61.9 3283s
 343830 142343 505179.188  118  212 845906.623    0.00000   100%  62.0 3285s
H343912 142348                    845905.50989    0.00000   100%  62.0 3286s
H343966 142345                    845903.53683    0.00000   100%  62.0 3287s
 344160 142381 infeasible  130      845903.537    0.00000   100%  62.0 3290s
H344346 142380                    845892.40629    0.00000   100%  62.0 3292s
 344451 142419 710828.618  130  203 845892.406    0.00000   100%  62.0 3295s
 344752 142412 infeasible  119      845892.406    0.00000   100%  62.1 3300s
 345102 142430 387526.388  130  204 845892.406    0.00000   100%  62.1 3305s
 345401 142462 841056.415  119  208 845892.406    0.00000   100%  62.2 3310s
H345779 142521                    845881.90090    0.00000   100%  62.2 3314s
 345805 142543 765479.517  141  209 845881.901    0.00000   100%  62.2 3315s
 345997 142524 infeasible  132      845881.901    0.00000   100%  62.3 3320s
 346183 142525 811604.988  128  210 845881.901    0.00000   100%  62.3 3325s
 346410 142551     cutoff  150      845881.901    0.00000   100%  62.4 3330s
 346638 142554 818546.143  141  218 845881.901    0.00000   100%  62.4 3335s
 346798 142560 210686.548  116  227 845881.901    0.00000   100%  62.5 3340s
H346851 142565                    845854.88372    0.00000   100%  62.5 3341s
 346981 142570 infeasible  140      845854.884    0.00000   100%  62.5 3345s
 347284 142580 infeasible  131      845854.884    0.00000   100%  62.5 3350s
 347547 142581 infeasible  131      845854.884    0.00000   100%  62.6 3355s
 347849 142607 infeasible  145      845854.884    0.00000   100%  62.6 3360s
H347960 142642                    845851.04944    0.00000   100%  62.6 3362s
 348158 142659     cutoff  134      845851.049    0.00000   100%  62.6 3365s
 348436 142748 498672.488  130  212 845851.049    0.00000   100%  62.7 3370s
 348649 142777 598232.627  122  220 845851.049    0.00000   100%  62.7 3375s
H348856 142789                    845825.53263    0.00000   100%  62.7 3378s
 348946 142814 infeasible  136      845825.533    0.00000   100%  62.7 3380s
 349165 142823 65291.6839  123  236 845825.533    0.00000   100%  62.8 3385s
 349443 142889 771596.006  139  170 845825.533    0.00000   100%  62.8 3390s
 349739 142956 724555.917  183  169 845825.533    0.00000   100%  62.8 3395s
 350081 143029 793696.521  133  206 845825.533    0.00000   100%  62.8 3400s
 350333 143040 757295.053  140  204 845825.533    0.00000   100%  62.8 3405s
 350562 143048 727292.060  131  226 845825.533    0.00000   100%  62.9 3410s
 350808 143059 843220.773  124  222 845825.533    0.00000   100%  63.0 3415s
 350969 143119 633381.961  121  217 845825.533    0.00000   100%  63.0 3420s
 351195 143112 706154.939  125  193 845825.533    0.00000   100%  63.0 3425s
 351449 143132 696398.473  123  206 845825.533    0.00000   100%  63.0 3430s
 351653 143142 infeasible  116      845825.533    0.00000   100%  63.1 3435s
 351917 143249 797640.152  132  188 845825.533    0.00000   100%  63.2 3440s
 352173 143285 784738.761  110  217 845825.533    0.00000   100%  63.2 3445s
 352382 143286 20508.9316  112  229 845825.533    0.00000   100%  63.3 3450s
 352566 143351 infeasible  132      845825.533    0.00000   100%  63.3 3455s
 352771 143419 795969.445  154  180 845825.533    0.00000   100%  63.3 3460s
H352898 143424                    845817.43518    0.00000   100%  63.3 3463s
H352910 143436                    845813.78572    0.00000   100%  63.3 3464s
 352966 143430 infeasible  126      845813.786    0.00000   100%  63.3 3465s
 353171 143460 infeasible  139      845813.786    0.00000   100%  63.4 3470s
H353433 143520                    845792.16232    0.00000   100%  63.4 3475s
H353603 143509                    845788.72923    0.00000   100%  63.4 3478s
 353726 143526 infeasible  143      845788.729    0.00000   100%  63.4 3480s
 353936 143560 550227.322  130  219 845788.729    0.00000   100%  63.4 3485s
 354121 143564 610150.322  129  203 845788.729    0.00000   100%  63.5 3490s
H354145 143563                    845786.28026    0.00000   100%  63.5 3491s
 354421 143596     cutoff  150      845786.280    0.00000   100%  63.5 3495s
 354635 143594 661337.000  120  206 845786.280    0.00000   100%  63.6 3500s
H354719 143601                    845784.53262    0.00000   100%  63.6 3502s
 354903 143604 687063.134  136  203 845784.533    0.00000   100%  63.6 3505s
H355158 143617                    845763.76023    0.00000   100%  63.6 3508s
 355212 143641 798648.648  136  211 845763.760    0.00000   100%  63.6 3510s
 355433 143643 787370.393  124  218 845763.760    0.00000   100%  63.6 3515s
 355701 143648 710502.512  133  203 845763.760    0.00000   100%  63.7 3520s
 355967 143647 784033.952  130  209 845763.760    0.00000   100%  63.7 3525s
 356255 143681 653385.174  120  203 845763.760    0.00000   100%  63.8 3530s
H356445 143707                    845752.28486    0.00000   100%  63.9 3534s
 356455 143708 infeasible  131      845752.285    0.00000   100%  63.9 3535s
 356659 143711 620792.480  124  212 845752.285    0.00000   100%  63.9 3540s
H356861 143708                    845745.20372    0.00000   100%  64.0 3544s
 356875 143707 121203.179  123  234 845745.204    0.00000   100%  64.0 3545s
H357007 143721                    845732.45065    0.00000   100%  64.0 3548s
H357087 143726                    845730.12262    0.00000   100%  64.1 3550s
H357169 143723                    845707.34565    0.00000   100%  64.1 3553s
 357255 143747 691584.287  150  179 845707.346    0.00000   100%  64.1 3555s
 357526 143805 678262.953  179  167 845707.346    0.00000   100%  64.1 3560s
 357745 143841    0.00000  114  238 845707.346    0.00000   100%  64.1 3565s
 358006 143925 49024.9183  122  212 845707.346    0.00000   100%  64.1 3570s
H358086 143942                    845690.95327    0.00000   100%  64.2 3571s
H358140 143959                    845690.95319    0.00000   100%  64.2 3572s
 358249 143970 668631.211  127  212 845690.953    0.00000   100%  64.3 3575s
H358329 143956                    845690.90900    0.00000   100%  64.3 3577s
H358435 143958                    845678.35159    0.00000   100%  64.3 3579s
 358442 143961 757570.272  135  215 845678.352    0.00000   100%  64.4 3580s
H358461 143956                    845675.32607    0.00000   100%  64.4 3580s
H358488 143953                    845665.95929    0.00000   100%  64.4 3581s
 358713 144004 771694.463  161  180 845665.959    0.00000   100%  64.4 3585s
H358890 144022                    845665.56640    0.00000   100%  64.4 3589s
 358938 144036 infeasible  152      845665.566    0.00000   100%  64.4 3590s
 359338 144211 infeasible  160      845665.566    0.00000   100%  64.4 3595s
H359415 144216                    845664.94293    0.00000   100%  64.4 3597s
 359585 144264 756899.954  141  177 845664.943    0.00000   100%  64.4 3600s

Cutting planes:
  Implied bound: 22
  MIR: 64
  Flow cover: 6
  RLT: 11

Explored 359586 nodes (23155149 simplex iterations) in 3600.06 seconds (1283.14 work units)
Thread count was 1 (of 24 available processors)

Solution count 10: 845665 845666 845666 ... 845732

Time limit reached
Best objective 8.456649429318e+05, best bound 0.000000000000e+00, gap 100.0000%
