
Gurobi 11.0.3 (linux64, Java) logging started qui 18 dez 2025 15:45:42 -03

Set parameter WLSAccessID
Set parameter WLSSecret
Set parameter LicenseID to value 2566693
Academic license 2566693 - for non-commercial use only - registered to ja___@ufv.br
Set parameter NonConvex to value 2
Set parameter TimeLimit to value 3600
Set parameter LogToConsole to value 0
Set parameter MIPGap to value 4.7478399160473358e-08
Set parameter Threads to value 1
Set parameter NodefileDir to value "/home/ps12398/gp-momulap/goalProgrammingMarcos/"
Set parameter NodefileStart to value 0.1
Gurobi Optimizer version 11.0.3 build v11.0.3rc0 (linux64)

CPU model: Intel(R) Xeon(R) CPU           X5650  @ 2.67GHz, instruction set [SSE2]
Thread count: 12 physical cores, 24 logical processors, using up to 1 threads

Academic license 2566693 - for non-commercial use only - registered to ja___@ufv.br
Optimize a model with 62101 rows, 41913 columns and 208058 nonzeros
Model fingerprint: 0xdb010530
Model has 149 quadratic constraints
Variable types: 20886 continuous, 21027 integer (144 binary)
Coefficient statistics:
  Matrix range     [7e-03, 6e+06]
  QMatrix range    [7e-03, 1e+05]
  QLMatrix range   [1e+00, 1e+05]
  Objective range  [1e+00, 4e+07]
  Bounds range     [1e+00, 1e+08]
  RHS range        [1e+00, 7e+06]
  QRHS range       [3e-02, 3e-02]
Presolve removed 61160 rows and 40894 columns
Presolve time: 0.14s
Presolved: 2243 rows, 1411 columns, 69462 nonzeros
Presolved model has 2 SOS constraint(s)
Presolved model has 144 bilinear constraint(s)

Solving non-convex MIQCP

Variable types: 561 continuous, 850 integer (146 binary)
Found heuristic solution: objective 1.471765e+07

Root relaxation: objective 0.000000e+00, 518 iterations, 0.02 seconds (0.01 work units)

    Nodes    |    Current Node    |     Objective Bounds      |     Work
 Expl Unexpl |  Obj  Depth IntInf | Incumbent    BestBd   Gap | It/Node Time

     0     0    0.00000    0  196 1.4718e+07    0.00000   100%     -    0s
     0     0    0.00000    0  373 1.4718e+07    0.00000   100%     -    0s
     0     0    0.00000    0  302 1.4718e+07    0.00000   100%     -    1s
     0     0    0.00000    0  274 1.4718e+07    0.00000   100%     -    1s
     0     0    0.00000    0  298 1.4718e+07    0.00000   100%     -    1s
     0     0    0.00000    0  295 1.4718e+07    0.00000   100%     -    2s
H    0     0                    8106919.4750    0.00000   100%     -    3s
     0     2    0.00000    0  295 8106919.47    0.00000   100%     -    3s
H   26    26                    8074320.8592    0.00000   100%  60.5    3s
H  108   108                    7931709.6495    0.00000   100%  38.9    4s
H  182   181                    7894962.2619    0.00000   100%  35.8    4s
   210   211 885307.092  150  214 7894962.26    0.00000   100%  31.2    5s
H  260   259                    7176278.6152    0.00000   100%  25.4    5s
H  824   823                    6413782.0236    0.00000   100%  19.4    8s
H 1071  1070                    5772690.7632    0.00000   100%  16.6    9s
H 1265  1264                    5682289.9737    0.00000   100%  15.1    9s
  1280  1281 3388756.57 1159  151 5682289.97    0.00000   100%  15.0   10s
H 1427  1426                    5446653.6989    0.00000   100%  14.3   10s
H 1660  1659                    5402278.2988    0.00000   100%  12.9   11s
H 1661  1660                    5400244.5152    0.00000   100%  13.1   12s
H 1986  1985                    5120331.3902    0.00000   100%  11.9   13s
H 2453  2452                    5028313.6509    0.00000   100%   9.8   15s
H 2552  2424                    5015380.3960    0.00000   100%   9.5   16s
H 2559  2306                    4820557.0424    0.00000   100%   9.5   20s
  2579  2322    0.00000   22  268 4820557.04    0.00000   100%  13.2   25s
H 2590  2212                    4768517.4263    0.00000   100%  13.7   27s
  2602  2222    0.00000   33  284 4768517.43    0.00000   100%  14.1   30s
  2640  2247    0.00000   52  332 4768517.43    0.00000   100%  14.3   35s
H 2642  2137                    4750935.0632    0.00000   100%  14.3   35s
H 2668  2049                    4700673.0592    0.00000   100%  14.4   39s
  2671  2053    0.00000   68  327 4700673.06    0.00000   100%  14.4   40s
H 2694  1967                    4533315.1610    0.00000   100%  14.4   43s
  2703  1975 119253.469   84  289 4533315.16    0.00000   100%  14.4   45s
H 2720  1891                    4481391.0759    0.00000   100%  14.5   47s
  2738  1905 243742.421  101  297 4481391.08    0.00000   100%  14.6   50s
H 2746  1818                    4481120.8082    0.00000   100%  14.6   51s
H 2772  1750                    4479467.4601    0.00000   100%  14.9   54s
  2775  1754 288492.437  120  282 4479467.46    0.00000   100%  14.9   55s
H 2798  1687                    4334573.9884    0.00000   100%  15.1   58s
  2819  1703 465421.884  142  251 4334573.99    0.00000   100%  15.2   60s
H 2824  1627                    4330801.2622    0.00000   100%  15.3   60s
H 2850  1571                    4328430.6834    0.00000   100%  15.8   63s
  2877  1591 670826.812  171  226 4328430.68    0.00000   100%  16.1   65s
  2933  1617 928115.083  199  227 4328430.68    0.00000   100%  16.7   70s
H 2980  1575                    4328264.5557    0.00000   100%  16.9   74s
  2984  1580 995857.922  224  205 4328264.56    0.00000   100%  16.8   75s
  3040  1617 995879.814  252  202 4328264.56    0.00000   100%  16.5   80s
H 3085  1567                    4325332.2390    0.00000   100%  16.9   83s
  3096  1576 1335682.90  280  197 4325332.24    0.00000   100%  16.9   85s
H 3111  1522                    4246983.6535    0.00000   100%  16.9   87s
  3138  1542 1284316.84  301  181 4246983.65    0.00000   100%  16.7   90s
  3185  1574 1451894.95  325  169 4246983.65    0.00000   100%  16.7   95s
  3217  1595 1451758.24  341  169 4246983.65    0.00000   100%  16.5  100s
H 3241  1549                    4174265.9053    0.00000   100%  16.7  103s
  3250  1557 1512288.53  357  175 4174265.91    0.00000   100%  16.7  105s
H 3267  1510                    4105606.5574    0.00000   100%  16.7  108s
  3280  1519 1704399.49  372  179 4105606.56    0.00000   100%  16.7  110s
  3309  1538 1678106.53  387  171 4105606.56    0.00000   100%  16.6  115s
  3340  1559 1794865.51  402  170 4105606.56    0.00000   100%  16.6  120s
H 3371  1524                    4100478.5641    0.00000   100%  16.8  124s
  3374  1528 2270572.00  419  186 4100478.56    0.00000   100%  16.7  125s
H 3397  1490                    4068439.2731    0.00000   100%  16.7  128s
  3408  1499 2304791.27  436  185 4068439.27    0.00000   100%  16.6  130s
  3441  1521 2275994.93  453  177 4068439.27    0.00000   100%  16.5  135s
  3474  1543 2375318.99  469  178 4068439.27    0.00000   100%  16.4  140s
H 3475  1494                    4067705.2404    0.00000   100%  16.4  140s
  3508  1518 2342602.67  486  179 4067705.24    0.00000   100%  16.3  145s
H 3527  1483                    4067697.6113    0.00000   100%  16.3  147s
  3542  1495 2278856.96  503  178 4067697.61    0.00000   100%  16.2  150s
H 3553  1456                    4066091.9562    0.00000   100%  16.2  151s
  3578  1475 2279431.02  521  178 4066091.96    0.00000   100%  16.1  155s
H 3590  1438                    4024879.3059    0.00000   100%  16.0  157s
H 3605  1408                    4021817.0218    0.00000   100%  16.0  159s
  3611  1414 2282658.78  538  173 4021817.02    0.00000   100%  16.0  160s
H 3631  1388                    3942901.3175    0.00000   100%  15.9  163s
  3646  1400 2427875.31  555  186 3942901.32    0.00000   100%  15.8  165s
H 3683  1387                    3859877.2159    0.00000   100%  15.7  169s
  3692  1395 2387826.83  578  186 3859877.22    0.00000   100%  15.7  170s
H 3709  1371                    3857489.1765    0.00000   100%  15.6  172s
  3732  1388 2446217.11  598  178 3857489.18    0.00000   100%  15.5  175s
H 3761  1374                    3857264.8733    0.00000   100%  15.4  179s
  3766  1379 2583021.09  615  176 3857264.87    0.00000   100%  15.4  180s
  3804  1404 2588355.29  634  173 3857264.87    0.00000   100%  15.3  185s
  3839  1428 2570655.93  652  168 3857264.87    0.00000   100%  15.2  190s
H 3865  1412                    3852531.4483    0.00000   100%  15.1  193s
  3876  1421 2588808.03  670  173 3852531.45    0.00000   100%  15.1  195s
H 3891  1400                    3780268.7308    0.00000   100%  15.0  197s
  3912  1416 2590352.75  688  169 3780268.73    0.00000   100%  15.0  200s
  3949  1441 2697379.33  707  169 3780268.73    0.00000   100%  14.8  205s
H 3969  1425                    3768515.3926    0.00000   100%  14.9  208s
  3982  1436 2869923.92  723  168 3768515.39    0.00000   100%  15.1  210s
  4020  1461 3485719.96  742  163 3768515.39    0.00000   100%  15.0  215s
  4054  1484 3552458.20  759  163 3768515.39    0.00000   100%  14.9  220s
  4091  1509 3555024.29  778  162 3768515.39    0.00000   100%  14.8  225s
  4153  1511 3686146.49  786  158 3768515.39    0.00000   100%  14.7  230s
  4173  1519    0.00000   26  283 3768515.39    0.00000   100%  15.0  235s
H 4179  1523                    3768048.3279    0.00000   100%  15.0  237s
  4185  1531    0.00000   32  296 3768048.33    0.00000   100%  15.2  240s
  4198  1544    0.00000   39  301 3768048.33    0.00000   100%  15.6  245s
  4208  1554    0.00000   44  295 3768048.33    0.00000   100%  15.9  250s
  4218  1564    0.00000   49  316 3768048.33    0.00000   100%  16.4  255s
  4227  1573 42496.8253   53  313 3768048.33    0.00000   100%  16.7  260s
  4238  1584 85129.4125   59  313 3768048.33    0.00000   100%  16.7  265s
  4249  1595 128156.294   64  303 3768048.33    0.00000   100%  16.7  270s
  4263  1609 352290.125   71  284 3768048.33    0.00000   100%  16.9  275s
  4272  1618 406490.776   76  276 3768048.33    0.00000   100%  16.9  280s
  4279  1625 412861.827   79  270 3768048.33    0.00000   100%  16.9  285s
H 4283  1627                    3762703.1206    0.00000   100%  16.9  287s
  4287  1633 395588.335   83  270 3762703.12    0.00000   100%  16.9  290s
  4305  1651 457985.999   92  263 3762703.12    0.00000   100%  16.9  295s
  4321  1667 559040.712  100  255 3762703.12    0.00000   100%  17.2  300s
  4349  1695 875967.431  114  261 3762703.12    0.00000   100%  17.4  305s
H 4361  1705                    3762447.7940    0.00000   100%  17.4  307s
  4379  1725 649214.041  129  244 3762447.79    0.00000   100%  17.3  310s
  4405  1751 699106.441  142  239 3762447.79    0.00000   100%  17.5  315s
  4426  1772 740039.807  153  234 3762447.79    0.00000   100%  17.7  320s
  4453  1799 740819.861  166  231 3762447.79    0.00000   100%  17.6  325s
  4479  1825 858002.792  179  224 3762447.79    0.00000   100%  17.8  330s
  4502  1848 952167.509  191  210 3762447.79    0.00000   100%  17.8  335s
  4528  1874 1051842.23  204  207 3762447.79    0.00000   100%  17.8  340s
  4562  1908 1117241.69  221  211 3762447.79    0.00000   100%  17.9  345s
H 4569  1913                    3760449.7370    0.00000   100%  17.9  346s
  4592  1938 1186677.03  236  213 3760449.74    0.00000   100%  17.8  350s
  4614  1960 1205113.34  247  199 3760449.74    0.00000   100%  17.8  355s
  4630  1976 1256300.51  255  201 3760449.74    0.00000   100%  18.0  360s
  4641  1987 1205113.34  260  201 3760449.74    0.00000   100%  17.9  365s
  4653  1999 1320034.57  266  205 3760449.74    0.00000   100%  18.1  370s
  4668  2014 1320034.57  274  204 3760449.74    0.00000   100%  18.1  375s
H 4673  2017                    3756902.9765    0.00000   100%  18.1  376s
  4687  2033 1355407.62  283  196 3756902.98    0.00000   100%  18.1  380s
  4706  2052 1320038.51  293  197 3756902.98    0.00000   100%  18.1  385s
  4738  2084 1362756.43  309  198 3756902.98    0.00000   100%  18.5  390s
  4795  2141 1928135.52  337  185 3756902.98    0.00000   100%  18.6  395s
  4841  2187 1528583.12  360  184 3756902.98    0.00000   100%  18.8  400s
  4892  2238 2485567.28  386  186 3756902.98    0.00000   100%  19.2  405s
  4940  2286 2608032.52  410  186 3756902.98    0.00000   100%  19.3  410s
  4989  2335 2622338.17  434  184 3756902.98    0.00000   100%  19.1  415s
  5050  2396 2719754.62  465  184 3756902.98    0.00000   100%  19.0  420s
  5107  2453 2808473.95  493  177 3756902.98    0.00000   100%  19.2  425s
  5167  2513 2879398.46  523  177 3756902.98    0.00000   100%  19.5  430s
  5211  2557 2982149.01  545  174 3756902.98    0.00000   100%  19.5  435s
  5245  2591 3032266.56  562  176 3756902.98    0.00000   100%  19.4  440s
  5293  2639 3069483.29  586  181 3756902.98    0.00000   100%  19.4  445s
  5352  2698 3086498.73  616  176 3756902.98    0.00000   100%  19.3  450s
H 5401  2745                    3753598.4068    0.00000   100%  19.6  453s
  5421  2767 3127433.80  650  166 3753598.41    0.00000   100%  19.8  455s
H 5453  2797                    3753247.0202    0.00000   100%  20.0  457s
H 5479  2823                    3745711.5626    0.00000   100%  20.1  459s
  5483  2829 3371405.36  681  179 3745711.56    0.00000   100%  20.2  460s
H 5505  2849                    3745617.8724    0.00000   100%  20.3  462s
  5539  2885 3448097.85  709  180 3745617.87    0.00000   100%  20.4  465s
  5598  2944 3502619.32  739  182 3745617.87    0.00000   100%  20.5  470s
  5661  3007 3648471.59  770  173 3745617.87    0.00000   100%  20.7  475s
  5735  3073 3707087.96  805  175 3745617.87    0.00000   100%  20.9  480s
H 5766  3070                    3745198.8506    0.00000   100%  21.0  481s
H 5780  3068                    3745019.9588    0.00000   100%  21.1  482s
H 5792  3068                    3743842.9630    0.00000   100%  21.3  483s
  5801  3079    0.00000   32  290 3743842.96    0.00000   100%  21.8  485s
H 5818  3094                    3741781.3719    0.00000   100%  22.2  489s
  5822  3100    0.00000   42  307 3741781.37    0.00000   100%  22.3  490s
  5847  3125 43969.0438   55  305 3741781.37    0.00000   100%  22.9  495s
  5911  3189 301633.942   87  237 3741781.37    0.00000   100%  23.2  500s
  5982  3260 345857.631  122  197 3741781.37    0.00000   100%  23.9  505s
  6032  3310 420394.042  147  193 3741781.37    0.00000   100%  23.8  510s
  6087  3365 421005.110  175  196 3741781.37    0.00000   100%  23.6  515s
  6143  3421 572252.269  203  185 3741781.37    0.00000   100%  23.6  520s
  6217  3495 676244.090  240  182 3741781.37    0.00000   100%  23.6  525s
H 6231  3505                    3684868.0946    0.00000   100%  23.5  525s
H 6234  3164                    3271015.6720    0.00000   100%  23.5  526s
H 6260  3086                    3108981.1587    0.00000   100%  23.5  526s
H 6286  3111                    3108879.8658    0.00000   100%  23.4  527s
H 6312  3082                    3079991.9662    0.00000   100%  23.3  527s
H 6338  2888                    2816173.4256    0.00000   100%  23.3  527s
H 6390  2826                    2705260.3471    0.00000   100%  23.1  528s
H 6442  2122                    2264131.2668    0.00000   100%  22.9  529s
H 6455  2135                    2244752.3591    0.00000   100%  22.9  529s
H 6468  2146                    2229221.2625    0.00000   100%  22.8  529s
H 6494  2170                    2187991.5504    0.00000   100%  22.8  530s
H 6520  2196                    2187973.4214    0.00000   100%  22.7  530s
H 6546  2208                    2106550.5627    0.00000   100%  22.6  530s
H 6598  2258                    2073937.7357    0.00000   100%  22.4  531s
H 6624  2284                    2071917.9224    0.00000   100%  22.4  531s
H 6650  2308                    2039354.6068    0.00000   100%  22.3  531s
H 6676  2332                    2028547.7654    0.00000   100%  22.3  532s
H 6728  2384                    2027728.8510    0.00000   100%  22.2  532s
H 6756  2382                    1873008.0432    0.00000   100%  22.1  533s
H 6806  2418                    1817184.3563    0.00000   100%  22.1  533s
H 6808  2420                    1816623.8448    0.00000   100%  22.1  534s
H 6835  2413                    1793037.5450    0.00000   100%  22.2  534s
  6852  2422 1261124.37  557  170 1793037.55    0.00000   100%  22.1  535s
H 6965  2515                    1774645.1082    0.00000   100%  21.9  536s
H 6991  2537                    1763419.6597    0.00000   100%  21.8  536s
H 7017  2563                    1759279.8014    0.00000   100%  21.8  537s
H 7043  2589                    1759051.1940    0.00000   100%  21.7  537s
H 7076  2622                    1744999.9343    0.00000   100%  21.6  537s
H 7199  2742                    1738734.1974    0.00000   100%  21.4  538s
H 7251  2794                    1730540.8909    0.00000   100%  21.3  539s
H 7277  2820                    1723618.7822    0.00000   100%  21.2  539s
H 7303  2802                    1673185.7825    0.00000   100%  21.1  540s
H 7407  2902                    1671374.8992    0.00000   100%  20.9  541s
H 7433  2924                    1671349.8006    0.00000   100%  20.9  541s
H 7511  2977                    1661174.9339    0.00000   100%  20.7  542s
H 7537  2997                    1604014.0372    0.00000   100%  20.7  542s
H 7589  3047                    1596438.9699    0.00000   100%  20.6  543s
H 7719  3175                    1595817.6612    0.00000   100%  20.3  544s
H 7823  3275                    1594807.3243    0.00000   100%  20.1  545s
H 7901  3319                    1588160.0403    0.00000   100%  20.5  546s
H 8031  3449                    1584047.5649    0.00000   100%  22.0  547s
H 8057  3470                    1570810.6713    0.00000   100%  22.1  547s
H 8109  3522                    1568123.1555    0.00000   100%  22.5  548s
H 8135  3548                    1564972.4834    0.00000   100%  22.7  548s
H 8187  3600                    1564967.4886    0.00000   100%  22.6  549s
H 8213  3626                    1564893.7875    0.00000   100%  22.6  549s
  8239  3654 1395669.35  207  188 1564893.79    0.00000   100%  22.5  550s
H 8265  3678                    1564522.5359    0.00000   100%  22.5  550s
H 8317  3730                    1564277.1399    0.00000   100%  22.6  551s
H 8343  3756                    1561723.2506    0.00000   100%  22.6  551s
H 8500  3893                    1550533.1433    0.00000   100%  23.6  553s
H 8604  3997                    1550053.5358    0.00000   100%  23.9  555s
H 8708  4101                    1550025.7369    0.00000   100%  24.3  556s
H 8734  4125                    1547191.6751    0.00000   100%  24.4  556s
H 8995  4364                    1545421.6139    0.00000   100%  23.9  559s
H 9021  4384                    1538579.3635    0.00000   100%  23.8  559s
  9025  4390 949084.956  352  181 1538579.36    0.00000   100%  23.8  560s
H 9047  4409                    1537861.9082    0.00000   100%  23.7  560s
H 9156  4515                    1533219.7472    0.00000   100%  23.5  561s
H 9177  4527                    1532428.3804    0.00000   100%  23.5  561s
H 9281  4630                    1532312.8977    0.00000   100%  23.3  563s
H 9359  4695                    1527245.5663    0.00000   100%  23.1  565s
H 9385  4721                    1527162.4981    0.00000   100%  23.1  565s
H 9437  4773                    1526623.3291    0.00000   100%  23.0  566s
H 9463  4797                    1524927.5178    0.00000   100%  22.9  567s
H 9489  4823                    1524493.3772    0.00000   100%  22.9  567s
H 9515  4849                    1521881.8639    0.00000   100%  22.8  568s
H 9567  4899                    1517973.1876    0.00000   100%  22.7  569s
H 9593  4925                    1517458.9934    0.00000   100%  22.7  570s
H 9645  4969                    1512897.9967    0.00000   100%  22.6  570s
H 9723  5039                    1509770.5652    0.00000   100%  22.4  572s
  9874  5192 1002623.61  776  182 1509770.57    0.00000   100%  22.1  575s
H 9957  5273                    1509755.9878    0.00000   100%  22.0  576s
H10009  5325                    1504672.9269    0.00000   100%  21.9  577s
H10020  5336                    1504060.5081    0.00000   100%  21.9  578s
H10035  5351                    1502522.7190    0.00000   100%  21.9  578s
H10087  5403                    1502522.7107    0.00000   100%  21.8  579s
 10139  5457 950651.776  909  182 1502522.71    0.00000   100%  21.7  580s
H10191  5504                    1499872.3862    0.00000   100%  21.6  581s
H10217  5529                    1498529.9554    0.00000   100%  21.5  581s
H10269  5581                    1498510.7386    0.00000   100%  21.5  582s
H10295  5605                    1495941.8364    0.00000   100%  21.4  583s
H10373  5683                    1495351.1296    0.00000   100%  21.3  584s
 10425  5737 950899.557 1052  182 1495351.13    0.00000   100%  21.2  585s
H10451  5753                    1491934.2701    0.00000   100%  21.2  585s
H10503  5787                    1488030.3900    0.00000   100%  21.1  586s
H10529  5813                    1485946.1367    0.00000   100%  21.0  586s
H10695  5979                    1485942.1402    0.00000   100%  20.7  589s
H10711  5995                    1484631.8125    0.00000   100%  20.7  589s
 10714  6000 1009532.63 1196  183 1484631.81    0.00000   100%  20.7  590s
H10737  6021                    1484191.6363    0.00000   100%  20.7  590s
H10763  6047                    1483337.7975    0.00000   100%  20.6  591s
H10815  6099                    1483320.5562    0.00000   100%  20.5  592s
 10997  6283 957807.906 1338  184 1483320.56    0.00000   100%  20.2  595s
 11356  6642 961107.081 1517  181 1483320.56    0.00000   100%  19.8  600s
H11491  6775                    1483025.1427    0.00000   100%  19.6  601s
H11595  6879                    1482211.4649    0.00000   100%  19.5  603s
H11621  6905                    1481757.3923    0.00000   100%  19.4  604s
H11647  6931                    1479602.5208    0.00000   100%  19.4  604s
 11667  6953 962686.012 1673  181 1479602.52    0.00000   100%  19.4  605s
H11829  7113                    1478814.4728    0.00000   100%  19.2  607s
H11883  7167                    1477870.9314    0.00000   100%  19.1  608s
H11907  7191                    1477768.1806    0.00000   100%  19.0  608s
H11933  7217                    1476959.8631    0.00000   100%  19.0  609s
 11991  7277 964075.853 1835  179 1476959.86    0.00000   100%  18.9  610s
H12063  7347                    1476761.3040    0.00000   100%  18.8  611s
H12115  7399                    1476761.2966    0.00000   100%  18.8  611s
H12271  7555                    1476634.5131    0.00000   100%  18.5  614s
H12297  7581                    1476479.3899    0.00000   100%  18.5  614s
H12323  7607                    1476024.4562    0.00000   100%  18.5  614s
 12326  7612 965409.489 2002  179 1476024.46    0.00000   100%  18.5  615s
H12375  7657                    1475694.7901    0.00000   100%  18.5  615s
H12480  7737                    1475594.7636    0.00000   100%  19.1  617s
H12532  7789                    1475185.4950    0.00000   100%  19.2  617s
H12584  7841                    1472916.6810    0.00000   100%  19.3  618s
H12662  7919                    1472475.8665    0.00000   100%  19.4  619s
H12688  7939                    1472475.8230    0.00000   100%  19.5  619s
H12714  7961                    1465739.2677    0.00000   100%  19.5  619s
 12723  7964 infeasible  198      1465739.27    0.00000   100%  19.6  620s
H12796  7999                    1465423.3975    0.00000   100%  20.1  620s
H12822  8025                    1465107.5373    0.00000   100%  20.4  621s
H12900  8103                    1463017.0276    0.00000   100%  21.0  622s
H13111  8276                    1463017.0269    0.00000   100%  21.6  624s
 13136  8279 infeasible  190      1463017.03    0.00000   100%  21.7  625s
H13195  8308                    1462932.8036    0.00000   100%  22.3  625s
H13247  8360                    1462632.7764    0.00000   100%  22.7  626s
H13354  8459                    1462540.7013    0.00000   100%  23.3  627s
H13380  8479                    1460699.3251    0.00000   100%  23.6  628s
H13458  8557                    1460161.2645    0.00000   100%  24.0  629s
H13484  8583                    1460156.3926    0.00000   100%  24.1  630s
H13718  8797                    1460119.1596    0.00000   100%  24.9  632s
H13796  8873                    1460053.3489    0.00000   100%  24.8  633s
H13822  8899                    1460043.6046    0.00000   100%  24.8  633s
H13890  8967                    1459844.8034    0.00000   100%  24.7  634s
 13971  9050 1381748.40  472  177 1459844.80    0.00000   100%  24.5  635s
H13978  9055                    1459272.6268    0.00000   100%  24.5  635s
H14134  9207                    1457944.4427    0.00000   100%  24.3  636s
H14342  9415                    1457484.0217    0.00000   100%  23.9  636s
H14420  9493                    1457478.8924    0.00000   100%  23.8  637s
H14472  9545                    1457177.4719    0.00000   100%  23.7  637s
H14524  9597                    1456989.8877    0.00000   100%  23.7  638s
H14732  9805                    1456795.4244    0.00000   100%  23.3  639s
H14758  9831                    1456787.9335    0.00000   100%  23.3  639s
H14784  9857                    1456787.8947    0.00000   100%  23.3  640s
H14810  9883                    1456785.7451    0.00000   100%  23.2  640s
H14863  9932                    1456772.2168    0.00000   100%  23.2  640s
H14894  9925                    1456546.5769    0.00000   100%  23.3  641s
H14920  9951                    1456457.5836    0.00000   100%  23.5  641s
H14946  9977                    1456422.3445    0.00000   100%  23.8  641s
H15001 10028                    1453833.0992    0.00000   100%  24.1  648s
H15024 10037                    1453263.9009    0.00000   100%  24.1  649s
 15087 10102 540928.267  137  205 1453263.90    0.00000   100%  24.3  650s
H15154 10165                    1453091.8667    0.00000   100%  24.2  650s
H15258 10267                    1452602.4718    0.00000   100%  24.1  651s
H15284 10293                    1452564.3232    0.00000   100%  24.0  652s
H15336 10345                    1452510.5379    0.00000   100%  24.0  652s
H15388 10397                    1452289.5595    0.00000   100%  23.9  653s
H15440 10449                    1452143.1755    0.00000   100%  23.8  653s
H15466 10475                    1452043.9424    0.00000   100%  23.8  654s
H15492 10481                    1451706.8484    0.00000   100%  23.7  654s
H15544 10533                    1451640.7387    0.00000   100%  23.7  654s
H15570 10559                    1451600.3648    0.00000   100%  23.6  655s
H15596 10585                    1451307.3128    0.00000   100%  23.6  655s
H15648 10636                    1451185.5340    0.00000   100%  23.5  655s
H15726 10714                    1451168.9065    0.00000   100%  23.4  656s
H15752 10739                    1450939.5085    0.00000   100%  23.4  656s
 16116 11105 682002.976 1053  176 1450939.51    0.00000   100%  22.9  660s
H16454 11441                    1450799.9376    0.00000   100%  22.4  662s
H16480 11467                    1450769.9578    0.00000   100%  22.4  662s
H16558 11545                    1450765.0757    0.00000   100%  22.3  663s
 16703 11692 693208.548 1612  178 1450765.08    0.00000   100%  22.1  665s
H16740 11727                    1450565.9304    0.00000   100%  22.1  665s
 17731 12714 793176.731 2369  159 1450565.93    0.00000   100%  21.0  670s
H18938 13915                    1449874.1247    0.00000   100%  19.7  674s
 18943 13922 793771.831 3581  159 1449874.12    0.00000   100%  19.7  675s
H19431 14408                    1449841.0322    0.00000   100%  19.2  676s
 20072 15051 794359.589 4710  158 1449841.03    0.00000   100%  18.6  680s
H20188 15165                    1449464.0828    0.00000   100%  18.5  681s
 20998 15977 794840.890 5636  158 1449464.08    0.00000   100%  17.9  685s
H21080 16055                    1449226.6779    0.00000   100%  17.8  685s
H21134 16109                    1449160.2941    0.00000   100%  17.8  685s
H21295 16270                    1449142.8300    0.00000   100%  17.6  686s
 21938 16915 795286.511 6576  158 1449142.83    0.00000   100%  17.1  690s
H22258 17233                    1449021.0511    0.00000   100%  16.9  691s
H22757 17732                    1449020.9634    0.00000   100%  16.6  694s
 22915 17892 795745.201 7553  158 1449020.96    0.00000   100%  16.5  695s
H23725 18700                    1448797.3633    0.00000   100%  15.9  698s
 23995 18972 798328.534 8631  158 1448797.36    0.00000   100%  15.8  700s
H24304 19171                    1448731.9916    0.00000   100%  15.9  701s
 24751 19562 876920.211  241  180 1448731.99    0.00000   100%  16.4  705s
H25332 20137                    1448731.9551    0.00000   100%  16.1  708s
H25358 20163                    1448512.4270    0.00000   100%  16.1  708s
 25516 20323 1006767.08  817  155 1448512.43    0.00000   100%  16.0  710s
H26089 20893                    1448358.9864    0.00000   100%  15.7  712s
 26493 21299 1086865.37 1681  150 1448358.99    0.00000   100%  15.5  715s
H26687 21490                    1448268.2848    0.00000   100%  15.4  716s
 27277 21994 272609.591   71  258 1448268.28    0.00000   100%  15.6  720s
H27378 22093                    1448258.6434    0.00000   100%  15.8  721s
H27473 22159                    1448157.5750    0.00000   100%  16.3  722s
 27764 22430 819881.393  125  177 1448157.57    0.00000   100%  17.1  725s
H28637 23171                    1448151.2433    0.00000   100%  17.2  730s
H28719 23249                    1448147.1583    0.00000   100%  17.1  730s
H29205 23723                    1448069.6472    0.00000   100%  16.9  732s
H29313 23831                    1448062.7730    0.00000   100%  16.9  733s
H29325 23843                    1448050.1933    0.00000   100%  16.8  733s
 29615 24135 1202402.02 1622  144 1448050.19    0.00000   100%  16.7  735s
H29988 24481                    1447877.5626    0.00000   100%  16.6  736s
H30214 24697                    1447776.7157    0.00000   100%  16.5  739s
H30215 24698                    1447574.2041    0.00000   100%  16.5  739s
 30424 24871 1228415.67 2355  145 1447574.20    0.00000   100%  16.4  740s
H30939 25372                    1447562.6468    0.00000   100%  16.2  742s
H31020 25449                    1447521.9818    0.00000   100%  16.2  742s
H31627 26018                    1447269.9360    0.00000   100%  16.0  744s
 31729 26122 1230877.33 3621  145 1447269.94    0.00000   100%  16.0  745s
H32535 26912                    1447264.2931    0.00000   100%  15.7  748s
H32646 27021                    1446764.7573    0.00000   100%  15.6  748s
 33029 27406 1231497.55 4913  148 1446764.76    0.00000   100%  15.5  750s
 34491 28868 1232083.81 6375  147 1446764.76    0.00000   100%  14.9  755s
 35285 29542 1014338.23  428  174 1446764.76    0.00000   100%  15.0  760s
H35925 30180                    1446546.7466    0.00000   100%  14.8  762s
H36419 30650                    1446207.6143    0.00000   100%  14.7  764s
 36480 30713 1188552.67 1485  160 1446207.61    0.00000   100%  14.6  765s
H36814 31021                    1446025.9708    0.00000   100%  14.6  766s
H37299 31504                    1446023.5574    0.00000   100%  14.4  769s
H37453 31658                    1446017.8712    0.00000   100%  14.3  769s
 37506 31713 1241624.01 2454  154 1446017.87    0.00000   100%  14.3  770s
 38559 32766 1261341.38 3386  153 1446017.87    0.00000   100%  14.0  775s
H38560 32765                    1445897.2552    0.00000   100%  14.0  775s
H38667 32872                    1445872.8057    0.00000   100%  13.9  775s
 39612 33819 1286764.71 4282  152 1445872.81    0.00000   100%  13.6  780s
H40175 34090                    1445827.9601    0.00000   100%  14.0  783s
 40356 34141 1297782.66 4737  151 1445827.96    0.00000   100%  14.2  786s
H40409 34166                    1445525.9730    0.00000   100%  14.2  787s
H40435 34178                    1445432.2319    0.00000   100%  14.2  787s
 41326 35037 1334678.87 5442  149 1445432.23    0.00000   100%  14.0  790s
H42628 36311                    1445432.1171    0.00000   100%  13.7  792s
 43423 37086 339801.415  112  213 1445432.12    0.00000   100%  13.6  795s
H43424 37085                    1445294.6003    0.00000   100%  13.6  795s
H44340 37901                    1445258.7890    0.00000   100%  13.7  798s
 44752 38227 154322.354   82  235 1445258.79    0.00000   100%  13.8  800s
H45427 38875                    1445252.7216    0.00000   100%  14.0  806s
H45541 38989                    1445222.7674    0.00000   100%  14.0  807s
H45789 39237                    1445211.3248    0.00000   100%  14.0  809s
 46117 39563 1279118.83  731  152 1445211.32    0.00000   100%  14.0  810s
H47048 40484                    1445149.4555    0.00000   100%  14.0  813s
 47615 41053 1269201.65 1480  152 1445149.46    0.00000   100%  14.0  815s
H48048 41424                    1445146.3209    0.00000   100%  14.1  816s
H49378 42658                    1445134.2548    0.00000   100%  13.9  819s
 49431 42685 infeasible 2388      1445134.25    0.00000   100%  13.9  820s
H49535 42739                    1445134.2116    0.00000   100%  14.0  820s
H49750 42898                    1445102.7061    0.00000   100%  14.3  821s
H50294 43434                    1445095.9571    0.00000   100%  14.4  823s
 50498 43640 706972.153  695  188 1445095.96    0.00000   100%  14.3  825s
 52765 45907 749063.003 2949  174 1445095.96    0.00000   100%  13.8  830s
 55157 48299 750946.041 5341  174 1445095.96    0.00000   100%  13.2  835s
 56472 49614 754185.259 6649  178 1445095.96    0.00000   100%  12.9  840s
H58554 51694                    1445095.3081    0.00000   100%  12.5  845s
H59212 52352                    1445084.2988    0.00000   100%  12.6  847s
 59818 52869 1130450.91 8833  166 1445084.30    0.00000   100%  13.1  850s
 60507 53282 infeasible  122      1445084.30    0.00000   100%  14.1  855s
 60991 53650 301260.070   90  227 1445084.30    0.00000   100%  14.9  860s
H61122 53743                    1444931.6441    0.00000   100%  15.0  861s
H61406 53957                    1444931.6439    0.00000   100%  15.5  863s
H61510 54061                    1444878.1131    0.00000   100%  15.7  864s
 61605 54148 infeasible  211      1444878.11    0.00000   100%  15.7  865s
H61703 54205                    1444867.1680    0.00000   100%  15.8  865s
 62393 54749 1131.59348   80  238 1444867.17    0.00000   100%  16.5  870s
 63256 55462 1016914.83  434  155 1444867.17    0.00000   100%  16.9  875s
 65098 56994 1089378.79 2033  153 1444867.17    0.00000   100%  16.6  880s
H65868 57738                    1444840.2634    0.00000   100%  16.5  883s
 66832 58704 1135617.71 3708  148 1444840.26    0.00000   100%  16.3  885s
H66868 58738                    1444829.4200    0.00000   100%  16.3  885s
 69000 60748 941304.827  127  233 1444829.42    0.00000   100%  15.9  890s
H69756 61334                    1444666.3518    0.00000   100%  16.5  894s
 69793 61367 1389848.07  122  205 1444666.35    0.00000   100%  16.5  895s
H70049 61545                    1444662.5781    0.00000   100%  16.9  898s
H70099 61570                    1444622.7337    0.00000   100%  17.0  898s
H70201 61666                    1444619.9573    0.00000   100%  17.1  899s
 70207 61674 1184278.07  128  198 1444619.96    0.00000   100%  17.1  900s
 70782 62089 1344367.86  129  206 1444619.96    0.00000   100%  17.7  906s
H70837 62124                    1444608.2564    0.00000   100%  17.8  906s
H70889 62176                    1444595.5647    0.00000   100%  17.8  907s
H70915 62196                    1444591.0069    0.00000   100%  17.9  907s
H71183 62416                    1444538.7686    0.00000   100%  18.3  910s
H71209 62442                    1444538.7684    0.00000   100%  18.3  910s
H71288 62494                    1444521.3871    0.00000   100%  18.3  910s
H71436 62585                    1444317.3447    0.00000   100%  18.6  912s
H71640 62769                    1444195.9353    0.00000   100%  18.7  914s
 71806 62893 infeasible  137      1444195.94    0.00000   100%  18.8  915s
 72360 63344 426243.118   92  272 1444195.94    0.00000   100%  19.3  920s
H72750 63624                    1444047.0451    0.00000   100%  19.8  923s
 72915 63747 infeasible  116      1444047.05    0.00000   100%  19.9  925s
H72935 63747                    1444047.0450    0.00000   100%  20.0  925s
H72987 63799                    1444047.0330    0.00000   100%  20.0  925s
H73061 63873                    1444040.7306    0.00000   100%  20.0  926s
H73140 63948                    1444040.6705    0.00000   100%  20.0  926s
 73839 64505 253280.660  107  232 1444040.67    0.00000   100%  20.1  930s
H73848 64512                    1443969.5136    0.00000   100%  20.1  930s
H74478 65023                    1443959.2028    0.00000   100%  20.4  934s
 74500 65047 871439.374  135  204 1443959.20    0.00000   100%  20.4  935s
H74673 65217                    1443930.3614    0.00000   100%  20.4  935s
H74717 65261                    1443924.9708    0.00000   100%  20.4  935s
 75975 66521 1263757.44 1610  166 1443924.97    0.00000   100%  20.1  940s
H77838 68381                    1443892.0327    0.00000   100%  19.6  943s
 78431 68976 1264383.14 4066  166 1443892.03    0.00000   100%  19.5  945s
H78838 69381                    1443843.6014    0.00000   100%  19.4  945s
H79683 70226                    1443843.6012    0.00000   100%  19.2  947s
 80574 71119 1373797.33 6209  179 1443843.60    0.00000   100%  19.0  950s
H80685 71150                    1443246.0203    0.00000   100%  19.0  950s
 81631 72044 303211.762   85  236 1443246.02    0.00000   100%  19.0  955s
H82258 72607                    1443218.5760    0.00000   100%  19.1  957s
H82360 72666                    1443050.8926    0.00000   100%  19.2  958s
 82581 72880 974209.352  159  202 1443050.89    0.00000   100%  19.5  960s
 84900 75199 1070429.64 2469  168 1443050.89    0.00000   100%  19.0  965s
H86022 76319                    1443039.4503    0.00000   100%  18.7  968s
 86528 76827 1070429.64 4097  168 1443039.45    0.00000   100%  18.6  970s
H87022 77311                    1440122.8246    0.00000   100%  18.5  971s
 89247 79538 1134043.50 6768  158 1440122.82    0.00000   100%  18.1  975s
H90808 81097                    1439908.0935    0.00000   100%  17.8  978s
 91073 81364 1137636.19 8585  163 1439908.09    0.00000   100%  17.8  980s
H91808 81989                    1439864.1832    0.00000   100%  17.9  983s
 92723 82902 1203650.79 1060  166 1439864.18    0.00000   100%  17.7  985s
H92862 83039                    1439863.8855    0.00000   100%  17.7  985s
H93112 83287                    1439851.5724    0.00000   100%  17.6  985s
H93860 84021                    1438535.1034    0.00000   100%  17.5  986s
H94240 84401                    1438513.5661    0.00000   100%  17.4  987s
H94834 84963                    1438111.6068    0.00000   100%  17.3  988s
 95074 85157 926545.376  103  236 1438111.61    0.00000   100%  17.4  990s
H95295 85350                    1438078.3333    0.00000   100%  17.5  991s
H96164 86191                    1438033.9924    0.00000   100%  17.4  994s
H96228 86254                    1437981.3471    0.00000   100%  17.4  994s
 96299 86327 1348448.79 1049  163 1437981.35    0.00000   100%  17.4  995s
H97712 87738                    1437471.3007    0.00000   100%  17.1  997s
 99156 89184 1349808.54 3906  163 1437471.30    0.00000   100%  16.9 1000s
H99261 89285                    1437187.0130    0.00000   100%  16.9 1000s
H99633 89657                    1437181.5970    0.00000   100%  16.8 1001s
 101078 91064 715110.916  112  238 1437181.60    0.00000   100%  16.7 1005s
 101369 91283 489030.887  125  204 1437181.60    0.00000   100%  16.8 1010s
H101695 91581                    1437165.1558    0.00000   100%  16.9 1011s
H101931 91797                    1437052.1351    0.00000   100%  16.9 1012s
H102383 92010                    1436854.5511    0.00000   100%  17.0 1013s
 102802 92367 1034445.30   98  240 1436854.55    0.00000   100%  17.0 1015s
H103100 92617                    1436854.5510    0.00000   100%  17.1 1016s
H103372 92841                    1436843.4501    0.00000   100%  17.2 1017s
 104386 93857 1242772.47  669  160 1436843.45    0.00000   100%  17.0 1020s
 105467 94525 415355.934   76  243 1436843.45    0.00000   100%  17.2 1025s
H105661 94669                    1436817.9080    0.00000   100%  17.4 1026s
 106279 95249 1335142.61  434  172 1436817.91    0.00000   100%  17.6 1030s
 108086 96974 infeasible  110      1436817.91    0.00000   100%  17.5 1035s
 108748 97495 1197825.74  116  202 1436817.91    0.00000   100%  17.9 1040s
H108944 97642                    1436797.7042    0.00000   100%  18.0 1042s
H109124 97805                    1436514.5514    0.00000   100%  18.1 1043s
 109874 98557 923394.453  929  170 1436514.55    0.00000   100%  18.0 1045s
H110125 98806                    1436502.1518    0.00000   100%  17.9 1046s
H110471 99152                    1436342.4989    0.00000   100%  17.9 1046s
H111350 100031                    1436237.2259    0.00000   100%  17.8 1053s
H111351 100032                    1436230.7033    0.00000   100%  17.8 1053s
H111377 100058                    1436219.7660    0.00000   100%  17.7 1053s
H111403 100084                    1436213.6639    0.00000   100%  17.7 1054s
 111731 100414 924662.687 2786  170 1436213.66    0.00000   100%  17.7 1055s
H111846 100527                    1436136.4641    0.00000   100%  17.7 1055s
 113775 102458 926048.359 4830  170 1436136.46    0.00000   100%  17.4 1060s
H114210 102891                    1436126.0931    0.00000   100%  17.3 1061s
H114946 103627                    1436126.0831    0.00000   100%  17.2 1062s
H115277 103942                    1436101.7413    0.00000   100%  17.2 1063s
 115898 104555 1338250.48 6929  162 1436101.74    0.00000   100%  17.1 1065s
H117128 105783                    1436067.1075    0.00000   100%  16.9 1068s
 117762 106375 31259.9651   83  239 1436067.11    0.00000   100%  16.9 1070s
H117845 106418                    1436019.2469    0.00000   100%  16.9 1070s
H118968 107499                    1435905.5641    0.00000   100%  16.9 1073s
H119178 107648                    1435879.6691    0.00000   100%  17.0 1074s
 119278 107722 1379947.64  152  184 1435879.67    0.00000   100%  17.1 1075s
 120669 109069 1174763.16  997  151 1435879.67    0.00000   100%  17.2 1080s
H121492 109890                    1435854.3371    0.00000   100%  17.2 1083s
H121837 110199                    1435849.2492    0.00000   100%  17.2 1084s
H122140 110500                    1435818.3580    0.00000   100%  17.1 1085s
H124032 112198                    1435652.6492    0.00000   100%  17.0 1090s
H124488 112472                    1435639.4069    0.00000   100%  17.2 1092s
H124600 112558                    1435622.9791    0.00000   100%  17.3 1093s
 125321 113215 954122.518  646  182 1435622.98    0.00000   100%  17.3 1095s
 127381 115275 1096895.54 2706  171 1435622.98    0.00000   100%  17.0 1100s
H129050 116942                    1435489.4642    0.00000   100%  16.8 1103s
Created node file directory '/home/ps12398/gp-momulap/goalProgrammingMarcos//grbnodes2'
 129270 117164 1155561.56 4595  157 1435489.46    0.00000   100%  16.8 1106s
 131075 118969 1159335.69 6400  156 1435489.46    0.00000   100%  16.6 1110s
H131865 119757                    1435481.4162    0.00000   100%  16.5 1112s
 132787 120677 1163447.77 8110  157 1435481.42    0.00000   100%  16.4 1115s
H133607 121432                    1435469.2873    0.00000   100%  16.4 1117s
H133843 121650                    1435469.2817    0.00000   100%  16.5 1118s
 133995 121772 767955.675  137  193 1435469.28    0.00000   100%  16.6 1120s
H134835 122610                    1435340.7854    0.00000   100%  16.5 1122s
H135107 122882                    1435340.7394    0.00000   100%  16.5 1123s
 135952 123721 1231745.49 1929  146 1435340.74    0.00000   100%  16.4 1125s
 136389 123996 infeasible 2176      1435340.74    0.00000   100%  16.5 1130s
H136706 124283                    1435305.4586    0.00000   100%  16.5 1133s
 137105 124684 1259427.78 2872  146 1435305.46    0.00000   100%  16.5 1135s
 138296 125768 696718.835   91  265 1435305.46    0.00000   100%  16.5 1140s
 138812 126158     cutoff  139      1435305.46    0.00000   100%  16.8 1145s
 139301 126551 484792.898  121  219 1435305.46    0.00000   100%  17.0 1150s
 139780 126944    0.00000   71  243 1435305.46    0.00000   100%  17.1 1155s
H140115 127234                    1435294.7552    0.00000   100%  17.3 1159s
 140122 127243 1158580.68  150  188 1435294.76    0.00000   100%  17.3 1160s
H140212 127327                    1435287.6369    0.00000   100%  17.3 1160s
 141042 128145 1377329.40  607  169 1435287.64    0.00000   100%  17.3 1165s
H141250 128301                    1435285.2650    0.00000   100%  17.3 1166s
 141433 128378 infeasible  781      1435285.27    0.00000   100%  17.4 1170s
H141523 128416                    1435285.1381    0.00000   100%  17.4 1171s
 141745 128512 infeasible  915      1435285.14    0.00000   100%  17.6 1175s
H141782 128527                    1435277.7765    0.00000   100%  17.6 1177s
H141808 128539                    1435271.3120    0.00000   100%  17.6 1178s
H141834 128551                    1435235.7141    0.00000   100%  17.6 1178s
 141972 128655 infeasible 1022      1435235.71    0.00000   100%  17.7 1180s
H142831 129468                    1435233.1465    0.00000   100%  17.6 1183s
 142998 129637 1376285.16 1059  171 1435233.15    0.00000   100%  17.6 1187s
H143831 130468                    1434919.2057    0.00000   100%  17.5 1189s
H143865 130502                    1434919.2056    0.00000   100%  17.5 1189s
 143902 130541 1376323.23 1963  171 1434919.21    0.00000   100%  17.5 1190s
 145400 132039 1376323.23 3461  171 1434919.21    0.00000   100%  17.3 1195s
H146251 132888                    1434918.9376    0.00000   100%  17.2 1197s
 146811 133450 1376323.23 4872  170 1434918.94    0.00000   100%  17.2 1200s
H146849 133486                    1434888.1086    0.00000   100%  17.2 1202s
H147075 133712                    1434878.7449    0.00000   100%  17.2 1203s
 147661 134300 1380387.41 5722  169 1434878.74    0.00000   100%  17.1 1205s
 148204 134716 317919.160  105  231 1434878.74    0.00000   100%  17.3 1210s
 148610 135005 1395335.82  115  208 1434878.74    0.00000   100%  17.5 1215s
H148884 135231                    1434834.0935    0.00000   100%  17.6 1218s
 149003 135313 1328610.18  118  224 1434834.09    0.00000   100%  17.7 1220s
 149086 135380 170976.243   93  228 1434834.09    0.00000   100%  17.7 1225s
H149117 135409                    1434813.1209    0.00000   100%  17.8 1225s
H149243 135533                    1434813.0917    0.00000   100%  17.8 1227s
H149565 135817                    1434767.3730    0.00000   100%  17.8 1229s
H149659 135907                    1434746.5485    0.00000   100%  17.8 1230s
 150092 136201 1022247.41  238  183 1434746.55    0.00000   100%  17.9 1235s
H151106 137213                    1434735.9952    0.00000   100%  17.8 1239s
 151324 137433 1123802.31 1470  170 1434736.00    0.00000   100%  17.8 1240s
H151919 138026                    1434724.0514    0.00000   100%  17.7 1246s
H151920 138027                    1434724.0513    0.00000   100%  17.7 1246s
H151998 138105                    1434709.4908    0.00000   100%  17.7 1247s
H152024 138131                    1434674.8400    0.00000   100%  17.7 1248s
 152621 138723 1218710.29 2764  155 1434674.84    0.00000   100%  17.7 1250s
 154471 140561 1239102.01 4608  151 1434674.84    0.00000   100%  17.5 1255s
H154698 140696                    1434634.0498    0.00000   100%  17.6 1258s
 154816 140789 163434.393  104  221 1434634.05    0.00000   100%  17.7 1260s
 155089 141060 1188544.19  276  176 1434634.05    0.00000   100%  17.7 1265s
 155674 141524 infeasible  135      1434634.05    0.00000   100%  18.0 1270s
H155699 141543                    1434632.8023    0.00000   100%  18.0 1271s
 156064 141850 870349.013  110  197 1434632.80    0.00000   100%  18.2 1275s
 156564 142208 602591.513  108  214 1434632.80    0.00000   100%  18.4 1280s
 156988 142530 575970.293  120  213 1434632.80    0.00000   100%  18.6 1285s
H156991 142531                    1434622.3064    0.00000   100%  18.6 1286s
 157276 142751 7397.98549   76  253 1434622.31    0.00000   100%  18.7 1290s
H157544 142919                    1434577.1375    0.00000   100%  18.8 1293s
H157633 142981                    1434577.0888    0.00000   100%  18.9 1294s
 157677 143027 615920.538  124  191 1434577.09    0.00000   100%  18.9 1295s
 158520 143742 888361.074  545  175 1434577.09    0.00000   100%  18.9 1300s
 159498 144658 1163729.39 1034  159 1434577.09    0.00000   100%  18.9 1305s
 159957 145029 950205.322  213  185 1434577.09    0.00000   100%  19.0 1310s
 161481 146553 950205.322 1737  185 1434577.09    0.00000   100%  18.8 1315s
 161822 146894 950812.603 2013  186 1434577.09    0.00000   100%  18.8 1320s
H162061 147131                    1434499.7592    0.00000   100%  18.7 1328s
H162114 147184                    1434473.1121    0.00000   100%  18.7 1328s
H162166 147236                    1434439.2197    0.00000   100%  18.7 1329s
H162270 147340                    1434434.8126    0.00000   100%  18.7 1329s
 162285 147357 1006109.66 2332  183 1434434.81    0.00000   100%  18.7 1330s
H162322 147392                    1434406.4452    0.00000   100%  18.7 1330s
 163526 148598 1006751.54 3573  183 1434406.45    0.00000   100%  18.6 1335s
H164870 149940                    1434400.5065    0.00000   100%  18.4 1338s
 165389 150461 1007696.17 5390  183 1434400.51    0.00000   100%  18.4 1340s
H165871 150941                    1434385.2768    0.00000   100%  18.3 1341s
H166871 151941                    1434385.2282    0.00000   100%  18.2 1345s
H167132 152202                    1434352.6505    0.00000   100%  18.2 1350s
H167185 152255                    1434352.6018    0.00000   100%  18.2 1351s
 167948 153008 1193087.12 7801  171 1434352.60    0.00000   100%  18.1 1357s
 168735 153795 1214463.69 8351  169 1434352.60    0.00000   100%  18.1 1360s
 169504 154451 155930.083   84  247 1434352.60    0.00000   100%  18.1 1365s
 170020 154779 374340.925  107  218 1434352.60    0.00000   100%  18.3 1370s
H170063 154820                    1434276.4707    0.00000   100%  18.3 1370s
 170497 155144 infeasible  118      1434276.47    0.00000   100%  18.5 1375s
H170904 155422                    1434245.0570    0.00000   100%  18.7 1379s
 170918 155438 1117140.34  151  193 1434245.06    0.00000   100%  18.7 1380s
H171904 156422                    1434244.9775    0.00000   100%  18.6 1383s
 172159 156679 1243997.31 1281  173 1434244.98    0.00000   100%  18.6 1385s
H173358 157873                    1434240.2326    0.00000   100%  18.5 1389s
 173409 157926 1262892.26 2522  165 1434240.23    0.00000   100%  18.5 1390s
 174210 158727 1270063.76 3192  168 1434240.23    0.00000   100%  18.4 1396s
 175136 159595 1192875.71  299  170 1434240.23    0.00000   100%  18.4 1400s
 176785 161224 1360159.69 1937  159 1434240.23    0.00000   100%  18.2 1405s
 177274 161501 1347931.99  120  219 1434240.23    0.00000   100%  18.3 1419s
 177310 161524 1315249.51  117  238 1434240.23    0.00000   100%  18.4 1420s
 177675 161774 1202471.51  113  220 1434240.23    0.00000   100%  18.5 1425s
H177704 161771                    1434200.3475    0.00000   100%  18.6 1426s
H177966 161983                    1434179.6452    0.00000   100%  18.6 1429s
 177999 162018 1084475.33  151  177 1434179.65    0.00000   100%  18.6 1430s
 179550 163531 1238924.43 1546  160 1434179.65    0.00000   100%  18.5 1435s
H180037 164016                    1434139.6339    0.00000   100%  18.5 1436s
 180427 164408 1244689.14 2419  159 1434139.63    0.00000   100%  18.4 1441s
H181365 165332                    1434132.4274    0.00000   100%  18.3 1444s
 181495 165464 1258086.52 3463  155 1434132.43    0.00000   100%  18.3 1445s
H182114 165962                    1434119.6388    0.00000   100%  18.4 1448s
 182321 166108 infeasible  192      1434119.64    0.00000   100%  18.4 1450s
 182565 166134     cutoff  273      1434119.64    0.00000   100%  18.5 1455s
H182602 166137                    1434119.5804    0.00000   100%  18.5 1455s
 183355 166737 1354550.17  644  170 1434119.58    0.00000   100%  18.6 1460s
H183867 167247                    1434099.6177    0.00000   100%  18.5 1461s
H184003 167383                    1434090.9181    0.00000   100%  18.5 1462s
H184109 167489                    1434089.8720    0.00000   100%  18.5 1463s
 184652 168034 1355662.65 1941  164 1434089.87    0.00000   100%  18.4 1465s
H185372 168752                    1434069.6913    0.00000   100%  18.4 1467s
H185731 169111                    1434030.2804    0.00000   100%  18.3 1469s
 185917 169299 1356344.68 3206  164 1434030.28    0.00000   100%  18.3 1470s
 186990 170372 1357917.55 4279  164 1434030.28    0.00000   100%  18.2 1477s
 187416 170798 1358276.52 4705  164 1434030.28    0.00000   100%  18.2 1480s
 188388 171704 1293295.48  411  167 1434030.28    0.00000   100%  18.1 1485s
H188887 172177                    1434017.2046    0.00000   100%  18.1 1486s
 189506 172692 926724.605  418  175 1434017.20    0.00000   100%  18.2 1490s
 191013 174193 1032287.69 1799  168 1434017.20    0.00000   100%  18.1 1495s
H192239 175389                    1434014.5410    0.00000   100%  18.0 1499s
 192311 175463 1147948.18 2679  156 1434014.54    0.00000   100%  18.0 1500s
H192487 175637                    1434005.4043    0.00000   100%  18.0 1504s
H192488 175638                    1433984.5737    0.00000   100%  18.0 1505s
 192937 176089 1157008.16 2987  155 1433984.57    0.00000   100%  17.9 1510s
 194153 177239 1172067.63 3530  152 1433984.57    0.00000   100%  17.9 1515s
 194752 177666 432422.954   95  264 1433984.57    0.00000   100%  18.0 1520s
 196509 179286 infeasible 1599      1433984.57    0.00000   100%  17.9 1525s
 197201 179864 1320126.79  347  178 1433984.57    0.00000   100%  18.0 1530s
H197260 179921                    1433954.0186    0.00000   100%  18.0 1530s
H197558 180219                    1433952.9824    0.00000   100%  18.0 1535s
 198481 181144 1241330.43  987  163 1433952.98    0.00000   100%  18.0 1542s
H198558 181219                    1432065.8662    0.00000   100%  18.0 1542s
 199263 181926 1243430.44 1378  160 1432065.87    0.00000   100%  17.9 1545s
 200461 183080 1083559.87  116  205 1432065.87    0.00000   100%  17.9 1550s
 200920 183372 infeasible  110      1432065.87    0.00000   100%  18.0 1555s
 201775 184165 1132339.42  708  169 1432065.87    0.00000   100%  18.1 1560s
 202629 185019 1132339.42 1562  169 1432065.87    0.00000   100%  18.0 1565s
 203839 186229 1132339.42 2772  169 1432065.87    0.00000   100%  17.9 1570s
 205206 187596 1132339.42 4139  169 1432065.87    0.00000   100%  17.8 1576s
H205835 188223                    1432054.6468    0.00000   100%  17.8 1578s
 206185 188575 1132339.42 5118  169 1432054.65    0.00000   100%  17.7 1580s
H206835 189223                    1431622.4276    0.00000   100%  17.7 1581s
H207509 189897                    1431611.2245    0.00000   100%  17.6 1584s
 207700 190090 1144607.01 6627  161 1431611.22    0.00000   100%  17.6 1586s
H207790 190178                    1431611.1577    0.00000   100%  17.6 1587s
H208062 190450                    1431585.9317    0.00000   100%  17.6 1589s
 208375 190737 1166288.84 7245  160 1431585.93    0.00000   100%  17.6 1590s
 209844 192178 1224896.66 8418  160 1431585.93    0.00000   100%  17.5 1595s
H210310 192630                    1431585.7291    0.00000   100%  17.5 1596s
H210457 192697                    1431583.6847    0.00000   100%  17.5 1597s
H210483 192709                    1431569.4562    0.00000   100%  17.5 1597s
 210723 192839 1121344.43  112  236 1431569.46    0.00000   100%  17.5 1600s
H210831 192897                    1431539.6601    0.00000   100%  17.6 1601s
H211029 193038                    1430713.7797    0.00000   100%  17.7 1604s
 211116 193092 infeasible  138      1430713.78    0.00000   100%  17.7 1605s
H211176 193120                    1430551.6586    0.00000   100%  17.8 1606s
H211365 193253                    1430551.5252    0.00000   100%  17.8 1607s
 211561 193387 1326038.36  120  233 1430551.53    0.00000   100%  17.9 1610s
 211905 193592 1310178.52  130  200 1430551.53    0.00000   100%  18.0 1618s
 212384 194057 1211011.95  556  168 1430551.53    0.00000   100%  18.0 1620s
H212949 194620                    1430539.6357    0.00000   100%  17.9 1623s
H213112 194783                    1430526.9395    0.00000   100%  17.9 1624s
 213488 195161 1359331.60 1660  166 1430526.94    0.00000   100%  17.9 1625s
 215053 196644 908914.236  120  202 1430526.94    0.00000   100%  17.8 1630s
H216378 197957                    1430498.8178    0.00000   100%  17.7 1633s
 217069 198632 141377.480   97  232 1430498.82    0.00000   100%  17.7 1635s
H217092 198653                    1430494.7441    0.00000   100%  17.7 1635s
H217270 198727                    1430477.0478    0.00000   100%  17.7 1636s
H217582 198771                    1430446.9486    0.00000   100%  17.8 1639s
 217585 198776 141377.480   93  240 1430446.95    0.00000   100%  17.8 1640s
H217808 198982                    1430446.5517    0.00000   100%  17.8 1641s
 217843 199019 1288500.17  192  180 1430446.55    0.00000   100%  17.8 1645s
H218022 199136                    1430406.0497    0.00000   100%  17.9 1646s
H218177 199203                    1430398.4874    0.00000   100%  17.9 1648s
 218423 199225 infeasible  479      1430398.49    0.00000   100%  18.0 1650s
 219127 199599 1128393.30  392  169 1430398.49    0.00000   100%  18.1 1655s
H219128 199598                    1430393.0188    0.00000   100%  18.1 1655s
 219817 200289 1197132.98 1082  164 1430393.02    0.00000   100%  18.1 1660s
H220299 200769                    1430391.9181    0.00000   100%  18.0 1661s
H220482 200952                    1430342.9457    0.00000   100%  18.0 1662s
 221404 201874 1268772.43 2668  159 1430342.95    0.00000   100%  17.9 1665s
 222326 202686 1322177.85  221  154 1430342.95    0.00000   100%  18.0 1670s
H222627 202889                    1430237.7153    0.00000   100%  18.0 1672s
 222913 203149 1185097.12  253  168 1430237.72    0.00000   100%  18.1 1675s
H222914 203148                    1430217.7626    0.00000   100%  18.1 1675s
 224319 204555 1205490.65 1488  167 1430217.76    0.00000   100%  18.0 1680s
 225600 205836 1226995.44 2758  164 1430217.76    0.00000   100%  17.9 1686s
H225625 205859                    1429952.8161    0.00000   100%  17.9 1686s
 226796 207032 1240802.50 3950  161 1429952.82    0.00000   100%  17.8 1690s
H227196 207420                    1429952.8160    0.00000   100%  17.8 1691s
 227984 208102 1345962.23 4886  157 1429952.82    0.00000   100%  17.8 1695s
H228032 208128                    1429952.7587    0.00000   100%  17.8 1695s
H228462 208532                    1429951.6580    0.00000   100%  17.8 1697s
 229189 209261 1255229.48 1181  177 1429951.66    0.00000   100%  17.7 1700s
 229971 209817 268628.902   92  223 1429951.66    0.00000   100%  17.8 1705s
 230476 210206 1096354.69  139  187 1429951.66    0.00000   100%  17.9 1710s
 231198 210928 1173173.29  500  167 1429951.66    0.00000   100%  17.9 1715s
H231585 211313                    1429950.0076    0.00000   100%  17.8 1717s
 232254 211984 1150689.18 1028  169 1429950.01    0.00000   100%  17.8 1720s
H232585 212313                    1428472.3866    0.00000   100%  17.8 1721s
 233055 212783 1250197.02 1429  179 1428472.39    0.00000   100%  17.8 1725s
H233254 212860                    1428194.4278    0.00000   100%  17.8 1727s
H233458 212860                    1428157.2625    0.00000   100%  17.9 1729s
 233520 212862 1197859.40 1661  158 1428157.26    0.00000   100%  17.9 1730s
H233608 212860                    1428065.6539    0.00000   100%  17.9 1731s
H233834 212872                    1428047.5987    0.00000   100%  18.0 1733s
 234064 212896 infeasible 1932      1428047.60    0.00000   100%  18.0 1735s
H234503 213073                    1427800.1242    0.00000   100%  18.0 1738s
 234678 213074 infeasible 2238      1427800.12    0.00000   100%  18.1 1740s
H234739 213073                    1427784.1813    0.00000   100%  18.1 1740s
H235189 213073                    1427667.8718    0.00000   100%  18.2 1744s
 235217 213075 1269050.68 2508  150 1427667.87    0.00000   100%  18.2 1745s
 235784 213074 infeasible 2791      1427667.87    0.00000   100%  18.3 1750s
H236261 213083                    1426872.5669    0.00000   100%  18.4 1754s
 236293 213085 1272043.90 3046  150 1426872.57    0.00000   100%  18.4 1755s
 236742 213088 infeasible 3270      1426872.57    0.00000   100%  18.5 1760s
H236891 213087                    1426658.1944    0.00000   100%  18.5 1761s
H236961 213087                    1426658.1942    0.00000   100%  18.6 1762s
H237123 213087                    1426529.6065    0.00000   100%  18.6 1765s
H237277 213087                    1426529.2399    0.00000   100%  18.6 1766s
H237423 213087                    1426529.1692    0.00000   100%  18.6 1768s
 237577 213089 1272758.09 3688  148 1426529.17    0.00000   100%  18.7 1770s
H237633 213087                    1426507.7960    0.00000   100%  18.7 1770s
 238055 213271 1272981.28 3927  148 1426507.80    0.00000   100%  18.7 1775s
H238233 213359                    1426474.1397    0.00000   100%  18.7 1778s
H238325 213405                    1426281.4684    0.00000   100%  18.7 1779s
 238454 213470 infeasible 4126      1426281.47    0.00000   100%  18.8 1780s
H239162 213822                    1426260.7639    0.00000   100%  18.8 1784s
 239211 213847 1276727.63 4505  148 1426260.76    0.00000   100%  18.8 1785s
 239882 214160 infeasible 4840      1426260.76    0.00000   100%  18.9 1790s
 240357 214391 1278455.33 5078  147 1426260.76    0.00000   100%  18.9 1795s
H240893 214673                    1426248.8703    0.00000   100%  18.9 1799s
 240926 214692 infeasible 5362      1426248.87    0.00000   100%  18.9 1800s
H241277 214877                    1426239.0260    0.00000   100%  19.0 1803s
 241492 214976 1329937.72 5645  176 1426239.03    0.00000   100%  19.0 1805s
 241891 215069 430032.000   93  242 1426239.03    0.00000   100%  19.1 1810s
H242277 215399                    1426238.9643    0.00000   100%  19.1 1814s
 242457 215581 1328456.75  494  180 1426238.96    0.00000   100%  19.1 1815s
H242813 215933                    1426216.9464    0.00000   100%  19.1 1817s
 242899 215986 603241.816  102  233 1426216.95    0.00000   100%  19.1 1823s
H242939 216002                    1426216.9379    0.00000   100%  19.1 1823s
 243017 216064 429923.598  105  210 1426216.94    0.00000   100%  19.1 1825s
 243198 216224 449726.565  125  210 1426216.94    0.00000   100%  19.2 1830s
H244000 217024                    1426169.8475    0.00000   100%  19.2 1834s
 244176 217202 1009924.17  709  164 1426169.85    0.00000   100%  19.2 1835s
 245436 218448 20607.2031  105  238 1426169.85    0.00000   100%  19.1 1840s
H245730 218686                    1426163.5340    0.00000   100%  19.1 1841s
 246271 219151 infeasible  483      1426163.53    0.00000   100%  19.1 1845s
H246431 219288                    1426160.7357    0.00000   100%  19.1 1846s
 246712 219462 infeasible  150      1426160.74    0.00000   100%  19.2 1850s
H246724 219470                    1426094.6840    0.00000   100%  19.2 1850s
 248177 220925 1341181.83 1550  173 1426094.68    0.00000   100%  19.1 1855s
 249169 221917 1343861.74 2542  170 1426094.68    0.00000   100%  19.1 1860s
 249991 222679 1051095.14  458  180 1426094.68    0.00000   100%  19.1 1867s
 250794 223482 1117274.41 1191  161 1426094.68    0.00000   100%  19.0 1870s
H252181 224867                    1425979.4931    0.00000   100%  18.9 1875s
H252699 225385                    1425943.8746    0.00000   100%  18.9 1877s
H253340 36856                    820602.63780    0.00000   100%  18.8 1883s
H253376 35908                    799029.61782    0.00000   100%  18.8 1884s
H253402 18818                    718301.69834    0.00000   100%  18.8 1884s
 253427 18828 1131.59348   95  237 718301.698    0.00000   100%  18.8 1885s
H253514 18316                    699868.72351    0.00000   100%  18.9 1886s
H253577 18098                    691506.90812    0.00000   100%  18.9 1887s
H253644 15701                    652904.44200    0.00000   100%  18.9 1888s
 253756 15762 504924.884  108  207 652904.442    0.00000   100%  19.0 1890s
H253914 15076                    625665.39589    0.00000   100%  19.0 1891s
H254000 14717                    615875.26747    0.00000   100%  19.1 1893s
 254141 14801 294247.440   97  244 615875.267    0.00000   100%  19.1 1895s
H254301 14423                    593300.94818    0.00000   100%  19.2 1897s
 254462 14494 285480.127   85  257 593300.948    0.00000   100%  19.3 1900s
H254654 12924                    514391.54961    0.00000   100%  19.4 1902s
H254712 12858                    508847.46067    0.00000   100%  19.4 1903s
H254795 12580                    489522.06151    0.00000   100%  19.4 1904s
H254903 12296                    474657.48537    0.00000   100%  19.5 1905s
H255070 12300                    471659.36398    0.00000   100%  19.6 1906s
H255169 11961                    452829.18013    0.00000   100%  19.6 1908s
H255195 11468                    434127.86461    0.00000   100%  19.6 1908s
H255269 11503                    434065.02267    0.00000   100%  19.7 1909s
 255319 11527 infeasible  107      434065.023    0.00000   100%  19.7 1910s
H255367 10290                    387762.21619    0.00000   100%  19.7 1910s
H255504 10344                    387121.15813    0.00000   100%  19.8 1912s
H255531 10320                    385389.31098    0.00000   100%  19.8 1912s
H255674 10337                    381734.29932    0.00000   100%  19.9 1914s
H255700 10165                    368319.58732    0.00000   100%  19.9 1914s
 255714 10165 166084.029  103  233 368319.587    0.00000   100%  19.9 1915s
H255756 10151                    366892.74529    0.00000   100%  19.9 1915s
H255782 10155                    365207.56328    0.00000   100%  19.9 1916s
H255868 10185                    365171.55469    0.00000   100%  20.0 1917s
 256053 10242 infeasible  109      365171.555    0.00000   100%  20.1 1920s
H256285 10216                    365086.75397    0.00000   100%  20.4 1924s
 256299 10214 infeasible   67      365086.754    0.00000   100%  20.5 1925s
H256311 10214                    365086.75393    0.00000   100%  20.5 1925s
H256441 10269                    362790.48332    0.00000   100%  20.6 1927s
H256519 10300                    362790.39456    0.00000   100%  20.6 1928s
H256597  7323                    255407.05152    0.00000   100%  20.7 1929s
 256618  7346    0.00000   52  273 255407.052    0.00000   100%  20.7 1930s
H256728  7398                    255369.72516    0.00000   100%  20.7 1931s
H256728  7397                    255224.61720    0.00000   100%  20.7 1931s
H256784  7406                    253651.37158    0.00000   100%  20.8 1932s
H256810  7384                    251620.97276    0.00000   100%  20.8 1933s
H256836  7388                    251073.95780    0.00000   100%  20.8 1933s
H256862  7390                    249001.02118    0.00000   100%  20.8 1933s
H256888  7385                    246288.13111    0.00000   100%  20.8 1934s
 256940  7417 111910.134   83  311 246288.131    0.00000   100%  20.9 1935s
H256966  7414                    245359.14731    0.00000   100%  20.9 1935s
H257045  7452                    244454.49748    0.00000   100%  20.9 1936s
H257072  7365                    235575.98006    0.00000   100%  21.0 1937s
 257254  7443 34600.7462   66  287 235575.980    0.00000   100%  21.1 1940s
H257312  7438                    231859.37440    0.00000   100%  21.1 1940s
H257365  7456                    231293.55001    0.00000   100%  21.2 1941s
H257493  7470                    230354.58409    0.00000   100%  21.3 1943s
H257552  7436                    225597.20747    0.00000   100%  21.3 1944s
 257590  7452 infeasible   67      225597.207    0.00000   100%  21.3 1945s
H257753  7526                    225597.19549    0.00000   100%  21.5 1947s
H257807  7498                    220047.83394    0.00000   100%  21.5 1947s
H257833  7515                    219775.82079    0.00000   100%  21.5 1948s
H257859  7523                    219775.82077    0.00000   100%  21.5 1948s
H257921  7532                    219587.84238    0.00000   100%  21.6 1949s
 257922  7533 infeasible   79      219587.842    0.00000   100%  21.6 1950s
H257997  7564                    219547.53583    0.00000   100%  21.7 1950s
H258109  7577                    217844.92152    0.00000   100%  21.8 1952s
H258156  7557                    216068.42983    0.00000   100%  21.8 1953s
H258234  7544                    213254.55713    0.00000   100%  21.9 1954s
 258261  7549 infeasible   73      213254.557    0.00000   100%  21.9 1955s
H258276  7520                    210980.99088    0.00000   100%  21.9 1955s
H258312  7469                    208263.65864    0.00000   100%  22.0 1955s
H258411  7342                    195999.57481    0.00000   100%  22.0 1968s
 258461  7356    0.00000   63  288 195999.575    0.00000   100%  22.1 1970s
H258500  7359                    195900.36948    0.00000   100%  22.1 1971s
H258526  7351                    195687.25677    0.00000   100%  22.1 1971s
H258552  7358                    194812.07185    0.00000   100%  22.2 1971s
H258578  7358                    194602.55990    0.00000   100%  22.2 1972s
H258682  7395                    194593.93518    0.00000   100%  22.3 1974s
H258708  7405                    194583.38464    0.00000   100%  22.3 1974s
 258733  7416 infeasible   71      194583.385    0.00000   100%  22.3 1975s
H258760  7417                    194563.77740    0.00000   100%  22.3 1975s
H258920  7456                    194353.42555    0.00000   100%  22.5 1978s
 259014  7494    0.00000   63  279 194353.426    0.00000   100%  22.6 1980s
H259102  7511                    194114.61376    0.00000   100%  22.7 1981s
H259129  7521                    193887.02754    0.00000   100%  22.7 1981s
H259155  7527                    193887.02160    0.00000   100%  22.7 1982s
H259233  7537                    193573.37748    0.00000   100%  22.8 1983s
H259285  7541                    193513.91674    0.00000   100%  22.9 1985s
H259311  7539                    193222.86761    0.00000   100%  22.9 1985s
H259392  7509                    190525.13201    0.00000   100%  23.0 1987s
H259418  7513                    190508.72827    0.00000   100%  23.0 1987s
H259444  7522                    189986.29679    0.00000   100%  23.0 1988s
H259471  7518                    188623.01255    0.00000   100%  23.0 1988s
H259497  7532                    188620.79534    0.00000   100%  23.1 1989s
 259567  7570 infeasible   47      188620.795    0.00000   100%  23.1 1990s
H259577  7569                    188601.91154    0.00000   100%  23.1 1990s
H259629  7609                    188150.86206    0.00000   100%  23.2 1990s
H259709  7664                    188120.48822    0.00000   100%  23.2 1991s
H259761  7676                    187005.68733    0.00000   100%  23.2 1992s
H259868  7735                    187005.60725    0.00000   100%  23.3 1994s
H259894  7759                    186992.92355    0.00000   100%  23.3 1994s
 259963  7803 infeasible  125      186992.924    0.00000   100%  23.3 1995s
H259969  7802                    186867.33168    0.00000   100%  23.3 1995s
H260112  7870                    186756.28535    0.00000   100%  23.4 1997s
H260138  7875                    186719.36619    0.00000   100%  23.5 1997s
 260297  7900 infeasible  108      186719.366    0.00000   100%  23.6 2000s
H260325  7901                    186630.02915    0.00000   100%  23.6 2000s
H260378  7896                    185832.56366    0.00000   100%  23.6 2001s
 260590  7975 1230.23906  102  227 185832.564    0.00000   100%  23.8 2005s
H260652  7992                    185764.12899    0.00000   100%  23.8 2005s
 260987  8092 122749.604  120  229 185764.129    0.00000   100%  24.0 2010s
H261071  8118                    185732.70311    0.00000   100%  24.0 2011s
H261238  8155                    185649.81072    0.00000   100%  24.2 2014s
H261254  8154                    185629.18165    0.00000   100%  24.2 2015s
H261367  8178                    185603.26919    0.00000   100%  24.3 2017s
H261436  8188                    185239.84159    0.00000   100%  24.3 2018s
H261462  8172                    184368.45560    0.00000   100%  24.3 2018s
H261479  8184                    183741.75087    0.00000   100%  24.3 2019s
H261488  8193                    183711.23001    0.00000   100%  24.3 2019s
H261506  8174                    182421.89710    0.00000   100%  24.4 2020s
H261581  8188                    182320.28089    0.00000   100%  24.4 2021s
H261608  8186                    182305.17555    0.00000   100%  24.4 2022s
H261666  8189                    182251.17736    0.00000   100%  24.5 2023s
 261757  8207 94784.8445  102  226 182251.177    0.00000   100%  24.5 2025s
H261888  8199                    181856.89271    0.00000   100%  24.6 2027s
H261940  8206                    181856.63095    0.00000   100%  24.7 2028s
H261966  8199                    181483.38779    0.00000   100%  24.7 2028s
H261992  8207                    181483.37326    0.00000   100%  24.7 2029s
 262015  8210    0.00000  113  237 181483.373    0.00000   100%  24.7 2030s
H262095  8214                    181309.55028    0.00000   100%  24.8 2032s
H262206  8245                    181307.55020    0.00000   100%  24.9 2034s
 262252  8248    0.00000  102  232 181307.550    0.00000   100%  24.9 2035s
H262310  8237                    180844.53754    0.00000   100%  24.9 2036s
H262350  8232                    180540.64411    0.00000   100%  24.9 2036s
H262386  8222                    180345.79676    0.00000   100%  25.0 2037s
H262497  8243                    179800.85132    0.00000   100%  25.0 2039s
H262580  8250                    178693.65082    0.00000   100%  25.1 2040s
H262591  8238                    178206.53339    0.00000   100%  25.1 2040s
H262679  8239                    177263.01791    0.00000   100%  25.1 2042s
H262705  8237                    177255.14640    0.00000   100%  25.2 2042s
H262759  8241                    177239.72591    0.00000   100%  25.2 2044s
 262786  8251 108241.656  103  236 177239.726    0.00000   100%  25.2 2045s
H262811  8246                    177239.72319    0.00000   100%  25.3 2045s
H262919  8269                    177238.16552    0.00000   100%  25.3 2047s
H262980  8286                    177225.92468    0.00000   100%  25.4 2049s
 263014  8293 infeasible  107      177225.925    0.00000   100%  25.4 2050s
H263084  8302                    177021.47238    0.00000   100%  25.4 2051s
H263112  8307                    176902.60808    0.00000   100%  25.5 2052s
H263213  8322                    176738.98549    0.00000   100%  25.5 2054s
 263260  8329 infeasible  100      176738.985    0.00000   100%  25.6 2055s
H263327  8343                    176645.81261    0.00000   100%  25.6 2056s
H263353  8330                    176137.31430    0.00000   100%  25.7 2057s
 263483  8349 48468.8484  102  242 176137.314    0.00000   100%  25.8 2061s
H263551  8309                    175692.28778    0.00000   100%  25.8 2062s
H263629  8326                    175488.38011    0.00000   100%  25.9 2064s
H263655  8325                    175306.04985    0.00000   100%  25.9 2064s
 263672  8332 infeasible  102      175306.050    0.00000   100%  25.9 2065s
H263707  8333                    175306.03436    0.00000   100%  25.9 2065s
H263735  8329                    175182.32146    0.00000   100%  26.0 2065s
H263761  8318                    174649.51756    0.00000   100%  26.0 2066s
H263789  8315                    174579.58348    0.00000   100%  26.0 2066s
H263848  8323                    174573.29890    0.00000   100%  26.0 2067s
 263991  8331    0.00000   93  247 174573.299    0.00000   100%  26.1 2070s
H264050  8320                    174431.09662    0.00000   100%  26.2 2071s
H264146  8334                    174144.60833    0.00000   100%  26.2 2072s
H264289  8344                    174129.60973    0.00000   100%  26.3 2074s
 264293  8350    0.00000   93  234 174129.610    0.00000   100%  26.3 2075s
H264349  8326                    173914.91564    0.00000   100%  26.4 2076s
H264384  8326                    173641.45968    0.00000   100%  26.4 2076s
H264450  8320                    173583.31950    0.00000   100%  26.5 2078s
 264542  8325    0.00000   93  233 173583.320    0.00000   100%  26.5 2080s
H264707  8359                    173514.01542    0.00000   100%  26.7 2083s
 264780  8366 infeasible   88      173514.015    0.00000   100%  26.7 2085s
H265046  8422                    173499.88010    0.00000   100%  26.9 2089s
 265063  8431 infeasible   93      173499.880    0.00000   100%  27.0 2090s
H265098  8438                    173447.87095    0.00000   100%  27.0 2090s
H265245  8466                    173381.92079    0.00000   100%  27.1 2092s
 265410  8509 infeasible  105      173381.921    0.00000   100%  27.1 2095s
H265425  8501                    173074.34502    0.00000   100%  27.2 2095s
H265451  8503                    173074.31244    0.00000   100%  27.2 2096s
H265515  8495                    172567.31482    0.00000   100%  27.2 2097s
H265543  8497                    172534.75275    0.00000   100%  27.3 2098s
H265602  8502                    172473.49665    0.00000   100%  27.3 2099s
H265640  8503                    172463.85372    0.00000   100%  27.3 2100s
H265650  8252                    164926.86399    0.00000   100%  27.4 2100s
H265782  8242                    164919.55020    0.00000   100%  27.5 2103s
H265823  8237                    164710.55511    0.00000   100%  27.5 2104s
 265844  8240    0.00000   88  242 164710.555    0.00000   100%  27.5 2105s
H265893  8251                    164689.19670    0.00000   100%  27.6 2105s
H265921  8247                    164675.09585    0.00000   100%  27.6 2106s
H266002  8256                    164446.29066    0.00000   100%  27.7 2108s
H266093  8265                    164107.51914    0.00000   100%  27.8 2110s
H266155  8267                    164047.78849    0.00000   100%  27.8 2111s
H266260  8281                    164008.49466    0.00000   100%  27.9 2113s
H266290  8279                    163993.58243    0.00000   100%  28.0 2114s
 266308  8281 infeasible   94      163993.582    0.00000   100%  28.0 2115s
H266316  8279                    163993.48598    0.00000   100%  28.0 2115s
H266344  8287                    163962.38754    0.00000   100%  28.0 2115s
H266545  8360                    163804.31357    0.00000   100%  28.1 2119s
 266555  8364 78938.2537  105  231 163804.314    0.00000   100%  28.2 2120s
H266581  8364                    163784.98980    0.00000   100%  28.2 2121s
 266774  8381 10205.1241  104  229 163784.990    0.00000   100%  28.3 2125s
H266780  8383                    163751.36733    0.00000   100%  28.3 2125s
H266887  8399                    163728.61088    0.00000   100%  28.4 2127s
 267000  8408    0.00000   98  248 163728.611    0.00000   100%  28.5 2130s
H267027  8409                    163700.15826    0.00000   100%  28.5 2130s
H267053  8407                    163616.66675    0.00000   100%  28.5 2131s
H267080  8414                    163585.75650    0.00000   100%  28.5 2131s
H267190  8419                    163492.34149    0.00000   100%  28.6 2134s
 267247  8420 44459.9392  101  238 163492.341    0.00000   100%  28.7 2135s
H267274  8411                    163442.28320    0.00000   100%  28.7 2135s
H267383  8405                    163387.57603    0.00000   100%  28.8 2138s
H267465  8409                    163354.49512    0.00000   100%  28.9 2139s
 267466  8412    0.00000   96  234 163354.495    0.00000   100%  28.9 2140s
H267492  8414                    163266.19889    0.00000   100%  28.9 2140s
H267518  8405                    163159.63188    0.00000   100%  28.9 2141s
H267570  8411                    163099.98928    0.00000   100%  29.0 2142s
H267596  8412                    163080.71142    0.00000   100%  29.0 2143s
 267662  8401    0.00000   92  254 163080.711    0.00000   100%  29.1 2145s
 267882  8417 69947.2675   85  241 163080.711    0.00000   100%  29.3 2150s
 268151  8476 infeasible   84      163080.711    0.00000   100%  29.5 2155s
 268306  8443 8785.76859   88  242 163080.711    0.00000   100%  29.7 2160s
H268325  8433                    162932.85489    0.00000   100%  29.7 2160s
 268511  8454    0.00000   94  227 162932.855    0.00000   100%  29.9 2165s
H268563  8452                    162916.99545    0.00000   100%  29.9 2167s
 268662  8426 58468.1861   89  265 162916.995    0.00000   100%  30.1 2170s
H268818  8373                    162897.71759    0.00000   100%  30.3 2173s
 268863  8363 infeasible  100      162897.718    0.00000   100%  30.3 2175s
H269072  8409                    162877.20100    0.00000   100%  30.5 2178s
 269163  8415 infeasible   99      162877.201    0.00000   100%  30.5 2180s
 269459  8482 infeasible  110      162877.201    0.00000   100%  30.7 2185s
H269582  8462                    162824.01588    0.00000   100%  30.9 2188s
 269637  8466 infeasible   84      162824.016    0.00000   100%  31.0 2190s
H269714  8469                    162809.14900    0.00000   100%  31.1 2192s
H269740  8451                    162775.69616    0.00000   100%  31.2 2193s
H269800  8418                    162757.03188    0.00000   100%  31.3 2195s
H269904  8403                    162738.08917    0.00000   100%  31.4 2198s
 269960  8399 infeasible   93      162738.089    0.00000   100%  31.5 2200s
H270060  8349                    162687.24626    0.00000   100%  31.6 2203s
 270142  8331 infeasible   86      162687.246    0.00000   100%  31.7 2205s
 270381  8331 51528.3118   78  263 162687.246    0.00000   100%  32.0 2210s
H270461  8346                    162668.81269    0.00000   100%  32.1 2211s
H270487  8349                    162655.84407    0.00000   100%  32.1 2212s
H270543  8361                    162653.32106    0.00000   100%  32.1 2213s
 270616  8335 infeasible   96      162653.321    0.00000   100%  32.2 2215s
H270797  8338                    162589.52927    0.00000   100%  32.4 2219s
H270823  8350                    162589.50309    0.00000   100%  32.4 2219s
 270830  8355 40096.3647   72  262 162589.503    0.00000   100%  32.5 2220s
H270913  8302                    162584.37709    0.00000   100%  32.6 2222s
 271022  8245 69298.7119   39  377 162584.377    0.00000   100%  32.7 2225s
H271025  8237                    162581.21610    0.00000   100%  32.7 2225s
H271051  8240                    162561.78743    0.00000   100%  32.8 2225s
H271156  8253                    162540.11405    0.00000   100%  32.9 2228s
 271176  8257 infeasible   46      162540.114    0.00000   100%  32.9 2230s
H271182  8241                    162522.29074    0.00000   100%  33.0 2230s
H271210  8241                    162315.16867    0.00000   100%  33.0 2230s
H271250  8255                    162313.81651    0.00000   100%  33.0 2231s
H271262  8251                    162313.79310    0.00000   100%  33.1 2232s
H271288  8260                    162285.31821    0.00000   100%  33.1 2232s
H271349  8252                    162255.25709    0.00000   100%  33.2 2234s
 271419  8263 infeasible   71      162255.257    0.00000   100%  33.2 2235s
 271717  8329 infeasible   60      162255.257    0.00000   100%  33.4 2240s
H271960  8452                    162210.95630    0.00000   100%  33.6 2244s
 271996  8484 17389.5387   94  226 162210.956    0.00000   100%  33.6 2245s
H272277  8643                    162209.99583    0.00000   100%  33.7 2249s
 272283  8650 32732.2820   43  274 162209.996    0.00000   100%  33.7 2250s
 272559  8801 79073.4437  102  271 162209.996    0.00000   100%  33.9 2255s
H272617  8735                    161370.89965    0.00000   100%  34.0 2256s
 272824  8837    0.00000   56  271 161370.900    0.00000   100%  34.1 2260s
H272906  8869                    161368.87584    0.00000   100%  34.2 2261s
 273105  8951 infeasible   92      161368.876    0.00000   100%  34.3 2265s
 273380  9100 infeasible   67      161368.876    0.00000   100%  34.4 2270s
H273512  8972                    161336.48930    0.00000   100%  34.6 2273s
H273552  8942                    161275.07734    0.00000   100%  34.7 2274s
H273552  8942                    161266.51805    0.00000   100%  34.7 2274s
 273561  8939 infeasible   47      161266.518    0.00000   100%  34.8 2275s
H273578  8923                    161147.62260    0.00000   100%  34.8 2275s
H273604  8929                    160984.14302    0.00000   100%  34.8 2276s
H273635  8950                    160975.64960    0.00000   100%  34.8 2278s
H273656  8971                    160917.25888    0.00000   100%  34.8 2279s
 273683  8990 125988.407   74  258 160917.259    0.00000   100%  34.8 2280s
H273717  8975                    160848.18154    0.00000   100%  34.9 2281s
H273762  8951                    160086.47178    0.00000   100%  34.9 2282s
H273901  8964                    160086.45364    0.00000   100%  35.0 2285s
H273953  8970                    160045.90231    0.00000   100%  35.1 2286s
 274111  8968 infeasible   99      160045.902    0.00000   100%  35.2 2290s
 274294  8976    0.00000   96  234 160045.902    0.00000   100%  35.4 2295s
H274431  8986                    159967.90983    0.00000   100%  35.5 2298s
H274462  8985                    159945.40197    0.00000   100%  35.6 2299s
 274480  8982 infeasible  101      159945.402    0.00000   100%  35.6 2300s
H274514  8980                    159858.28111    0.00000   100%  35.6 2301s
H274515  8973                    159668.78547    0.00000   100%  35.6 2301s
 274656  8974 infeasible   96      159668.785    0.00000   100%  35.8 2305s
H274724  8962                    159664.73065    0.00000   100%  35.9 2306s
H274777  8982                    159253.96855    0.00000   100%  35.9 2308s
 274837  8981 infeasible   97      159253.969    0.00000   100%  36.0 2310s
H274855  8981                    159242.61435    0.00000   100%  36.0 2310s
H274912  8978                    159223.45932    0.00000   100%  36.0 2311s
H275043  8975                    159074.09043    0.00000   100%  36.1 2314s
 275053  8977    0.00000   97  239 159074.090    0.00000   100%  36.2 2315s
H275127  8979                    159018.56323    0.00000   100%  36.2 2316s
H275183  8972                    159018.55880    0.00000   100%  36.3 2318s
H275211  8980                    158918.44433    0.00000   100%  36.3 2319s
H275238  8976                    158860.56568    0.00000   100%  36.3 2320s
H275294  8978                    158844.64719    0.00000   100%  36.3 2321s
H275321  8973                    158844.63107    0.00000   100%  36.4 2322s
 275438  8986    0.00000   88  233 158844.631    0.00000   100%  36.5 2325s
 275636  9011 infeasible   97      158844.631    0.00000   100%  36.7 2330s
H275729  9013                    158812.91826    0.00000   100%  36.8 2332s
 275833  9029    0.00000   97  217 158812.918    0.00000   100%  36.9 2335s
H275921  9037                    158810.00920    0.00000   100%  36.9 2336s
H275947  9040                    158670.80647    0.00000   100%  36.9 2337s
 276069  9028     cutoff  102      158670.806    0.00000   100%  37.0 2340s
H276216  9047                    158472.73819    0.00000   100%  37.2 2343s
 276300  9051    0.00000   91  229 158472.738    0.00000   100%  37.2 2345s
H276465  9051                    158404.36493    0.00000   100%  37.4 2349s
 276506  9054 infeasible  106      158404.365    0.00000   100%  37.4 2350s
 276725  9060 infeasible   85      158404.365    0.00000   100%  37.6 2355s
H276798  9051                    158208.67179    0.00000   100%  37.7 2357s
 276851  9053 infeasible   98      158208.672    0.00000   100%  37.7 2360s
H276932  9062                    158195.33087    0.00000   100%  37.8 2363s
 276974  9060    0.00000   98  239 158195.331    0.00000   100%  37.8 2365s
H277069  9057                    158169.16235    0.00000   100%  37.9 2368s
 277109  9054 infeasible   93      158169.162    0.00000   100%  37.9 2370s
H277228  9046                    157913.51362    0.00000   100%  38.0 2374s
 277230  9048    0.00000   94  227 157913.514    0.00000   100%  38.0 2375s
 277358  9056    0.00000   93  238 157913.514    0.00000   100%  38.2 2380s
 277480  9069     cutoff   97      157913.514    0.00000   100%  38.3 2385s
H277550  9071                    157872.21063    0.00000   100%  38.4 2387s
H277576  9073                    157869.86036    0.00000   100%  38.4 2389s
H277604  9060                    157811.06395    0.00000   100%  38.4 2390s
H277630  9060                    157808.52867    0.00000   100%  38.4 2391s
H277682  9045                    157758.05508    0.00000   100%  38.5 2393s
 277715  9047    0.00000   89  230 157758.055    0.00000   100%  38.5 2395s
H277791  9052                    157733.50226    0.00000   100%  38.6 2397s
 277855  9060 infeasible   96      157733.502    0.00000   100%  38.6 2400s
H277875  9055                    157700.46519    0.00000   100%  38.7 2400s
H277948  9049                    157334.34768    0.00000   100%  38.7 2404s
H277957  9048                    157334.34224    0.00000   100%  38.7 2404s
 277964  9049 infeasible   96      157334.342    0.00000   100%  38.7 2405s
H277983  9044                    157332.44920    0.00000   100%  38.8 2406s
H278037  9035                    157171.25292    0.00000   100%  38.8 2408s
H278064  9032                    157032.73084    0.00000   100%  38.9 2409s
 278070  9036    0.00000  100  236 157032.731    0.00000   100%  38.9 2410s
 278188  9024 infeasible  102      157032.731    0.00000   100%  39.0 2415s
H278231  9019                    157026.71362    0.00000   100%  39.0 2418s
 278259  9013    0.00000   95  234 157026.714    0.00000   100%  39.1 2420s
H278286  9009                    156973.31070    0.00000   100%  39.1 2421s
 278370  9016 infeasible   94      156973.311    0.00000   100%  39.2 2425s
 278485  9011    0.00000   94  231 156973.311    0.00000   100%  39.3 2430s
H278552  9010                    156816.98209    0.00000   100%  39.4 2432s
 278614  9003 infeasible   97      156816.982    0.00000   100%  39.4 2435s
H278630  8996                    156802.61026    0.00000   100%  39.5 2435s
 278699  9003    0.00000   97  220 156802.610    0.00000   100%  39.5 2441s
 278787  9005 infeasible   99      156802.610    0.00000   100%  39.6 2445s
 278901  9009    0.00000   97  234 156802.610    0.00000   100%  39.8 2450s
 279022  9002    0.00000   88  229 156802.610    0.00000   100%  39.9 2455s
 279140  8993 infeasible   98      156802.610    0.00000   100%  40.1 2460s
H279172  8991                    156802.61024    0.00000   100%  40.1 2461s
H279231  8992                    156776.13478    0.00000   100%  40.2 2463s
 279270  8997    0.00000   94  240 156776.135    0.00000   100%  40.2 2465s
H279284  8989                    156765.58495    0.00000   100%  40.2 2465s
H279337  8989                    156718.21224    0.00000   100%  40.2 2467s
 279392  8988    0.00000   87  236 156718.212    0.00000   100%  40.3 2470s
H279473  8977                    156717.45082    0.00000   100%  40.4 2474s
 279523  8982    0.00000   99  229 156717.451    0.00000   100%  40.5 2475s
H279528  8978                    156707.75914    0.00000   100%  40.5 2475s
H279554  8977                    156689.00141    0.00000   100%  40.5 2476s
H279581  8973                    156669.58852    0.00000   100%  40.5 2476s
H279607  8973                    156669.57006    0.00000   100%  40.5 2477s
 279719  8986 infeasible   94      156669.570    0.00000   100%  40.7 2480s
H279770  8985                    156651.44607    0.00000   100%  40.7 2481s
H279851  8983                    156643.74681    0.00000   100%  40.8 2483s
 279930  8985    0.00000   96  242 156643.747    0.00000   100%  40.9 2485s
 280146  8981    0.00000   92  240 156643.747    0.00000   100%  41.1 2490s
H280172  8983                    156640.61438    0.00000   100%  41.1 2490s
H280224  8996                    156635.86923    0.00000   100%  41.2 2492s
 280329  9022    0.00000   84  231 156635.869    0.00000   100%  41.3 2495s
 280518  9049    0.00000   92  237 156635.869    0.00000   100%  41.5 2500s
 280708  9042    0.00000   91  233 156635.869    0.00000   100%  41.7 2505s
H280732  9044                    156635.64032    0.00000   100%  41.7 2505s
H280811  9050                    156632.84974    0.00000   100%  41.8 2507s
H280837  9044                    156519.67246    0.00000   100%  41.8 2508s
 280885  9047    0.00000   89  238 156519.672    0.00000   100%  41.9 2510s
H280987  9046                    156350.00629    0.00000   100%  42.0 2512s
H281026  9064                    156321.43392    0.00000   100%  42.0 2513s
 281075  9076    0.00000   84  222 156321.434    0.00000   100%  42.1 2515s
H281131  9090                    156307.21476    0.00000   100%  42.1 2516s
H281240  9086                    156300.39804    0.00000   100%  42.2 2518s
 281284  9092    0.00000   89  237 156300.398    0.00000   100%  42.3 2520s
H281324  9090                    156291.82663    0.00000   100%  42.3 2521s
H281407  9081                    156281.37407    0.00000   100%  42.5 2523s
 281438  9080    0.00000   83  239 156281.374    0.00000   100%  42.5 2525s
 281642  9097 infeasible   92      156281.374    0.00000   100%  42.7 2530s
 281812  9090     cutoff   95      156281.374    0.00000   100%  42.9 2535s
H281881  9087                    156241.01996    0.00000   100%  43.0 2537s
 281963  9082    0.00000   95  234 156241.020    0.00000   100%  43.1 2540s
 282159  9095 infeasible   92      156241.020    0.00000   100%  43.3 2545s
 282355  9100    0.00000   92  235 156241.020    0.00000   100%  43.5 2550s
 282534  9078    0.00000   95  238 156241.020    0.00000   100%  43.8 2555s
 282716  9079 1001.67162   93  245 156241.020    0.00000   100%  44.0 2560s
 282898  9075 infeasible   94      156241.020    0.00000   100%  44.2 2565s
 283096  9071 infeasible   92      156241.020    0.00000   100%  44.4 2570s
H283104  9067                    156197.51743    0.00000   100%  44.4 2570s
H283235  9087                    156194.57309    0.00000   100%  44.5 2573s
 283271  9076    0.00000   91  245 156194.573    0.00000   100%  44.6 2575s
H283297  9074                    156141.67266    0.00000   100%  44.6 2575s
H283330  9057                    156014.26808    0.00000   100%  44.6 2576s
H283387  9051                    156001.66125    0.00000   100%  44.7 2578s
H283439  9037                    155996.70677    0.00000   100%  44.8 2580s
 283637  9038    0.00000   97  251 155996.707    0.00000   100%  45.0 2585s
H283681  9034                    155977.62101    0.00000   100%  45.0 2586s
 283770  9026    0.00000   92  232 155977.621    0.00000   100%  45.1 2590s
 283919  9016    0.00000   95  253 155977.621    0.00000   100%  45.3 2595s
H284028  9010                    155930.43290    0.00000   100%  45.4 2598s
H284081  8987                    155899.63790    0.00000   100%  45.5 2600s
H284108  8998                    155887.06874    0.00000   100%  45.5 2600s
 284267  8988    0.00000   87  254 155887.069    0.00000   100%  45.7 2605s
 284451  9001    0.00000   92  243 155887.069    0.00000   100%  45.9 2610s
 284599  8998    0.00000   93  237 155887.069    0.00000   100%  46.1 2615s
 284747  8987 infeasible   91      155887.069    0.00000   100%  46.3 2620s
 284925  8979    0.00000   94  241 155887.069    0.00000   100%  46.5 2625s
 285115  8982    0.00000   81  245 155887.069    0.00000   100%  46.7 2630s
 285345  8982    0.00000   86  234 155887.069    0.00000   100%  46.9 2635s
 285547  8989    0.00000   85  227 155887.069    0.00000   100%  47.1 2640s
H285633  8993                    155859.33370    0.00000   100%  47.2 2642s
 285751  8978  424.76528   92  233 155859.334    0.00000   100%  47.3 2645s
 285973  8973 infeasible   95      155859.334    0.00000   100%  47.5 2650s
H286052  8948                    155842.91416    0.00000   100%  47.6 2652s
H286085  8939                    155829.57480    0.00000   100%  47.6 2653s
H286111  8940                    155815.92559    0.00000   100%  47.7 2653s
H286137  8940                    155745.54757    0.00000   100%  47.7 2654s
 286144  8938 128331.195   93  259 155745.548    0.00000   100%  47.7 2655s
 286342  8928 91730.3295   89  252 155745.548    0.00000   100%  47.9 2660s
 286544  8931    0.00000   92  232 155745.548    0.00000   100%  48.1 2665s
H286574  8931                    155737.98613    0.00000   100%  48.1 2665s
H286601  8930                    155731.06192    0.00000   100%  48.1 2666s
H286655  8940                    155704.45248    0.00000   100%  48.1 2667s
 286740  8945 104315.342   97  246 155704.452    0.00000   100%  48.2 2670s
 286943  8948 infeasible  101      155704.452    0.00000   100%  48.4 2675s
H287083  8944                    155702.38152    0.00000   100%  48.5 2678s
 287140  8938 142530.269  100  242 155702.382    0.00000   100%  48.6 2680s
H287274  8944                    155697.37054    0.00000   100%  48.7 2684s
 287305  8940 141066.590  102  248 155697.371    0.00000   100%  48.7 2685s
H287357  8937                    155686.28768    0.00000   100%  48.8 2686s
H287412  8940                    155660.57920    0.00000   100%  48.8 2688s
 287514  8939    0.00000   93  228 155660.579    0.00000   100%  48.9 2690s
 287713  8937    0.00000   84  238 155660.579    0.00000   100%  49.1 2695s
 287952  8947    0.00000   84  247 155660.579    0.00000   100%  49.3 2700s
 288141  8958 29506.4616   95  252 155660.579    0.00000   100%  49.4 2705s
 288397  8974 infeasible   98      155660.579    0.00000   100%  49.7 2710s
H288401  8974                    155658.40085    0.00000   100%  49.7 2710s
 288628  8957    0.00000   87  238 155658.401    0.00000   100%  49.9 2715s
 288841  8953    0.00000   94  242 155658.401    0.00000   100%  50.1 2721s
 288985  8936 infeasible   91      155658.401    0.00000   100%  50.2 2725s
H289034  8927                    155655.75389    0.00000   100%  50.3 2726s
H289060  8925                    155655.74180    0.00000   100%  50.3 2727s
H289088  8919                    155630.10362    0.00000   100%  50.3 2728s
H289145  8921                    155620.23661    0.00000   100%  50.4 2729s
 289157  8918    0.00000   94  238 155620.237    0.00000   100%  50.4 2730s
 289380  8924 infeasible   80      155620.237    0.00000   100%  50.6 2735s
H289395  8925                    155618.71810    0.00000   100%  50.6 2735s
 289563  8932    0.00000   97  237 155618.718    0.00000   100%  50.7 2740s
 289774  8938 infeasible   90      155618.718    0.00000   100%  50.9 2745s
H289935  8929                    155584.44197    0.00000   100%  51.1 2749s
 289962  8939    0.00000   84  235 155584.442    0.00000   100%  51.1 2750s
 290137  8932    0.00000   85  230 155584.442    0.00000   100%  51.3 2755s
 290358  8953 infeasible   90      155584.442    0.00000   100%  51.5 2760s
 290557  8968    0.00000   91  243 155584.442    0.00000   100%  51.7 2765s
 290752  8969    0.00000   80  255 155584.442    0.00000   100%  51.8 2770s
 290958  8986    0.00000   87  247 155584.442    0.00000   100%  52.0 2775s
 291186  9007    0.00000   86  255 155584.442    0.00000   100%  52.3 2780s
 291402  9032    0.00000   91  244 155584.442    0.00000   100%  52.4 2785s
 291654  9038 infeasible   85      155584.442    0.00000   100%  52.7 2790s
 291849  9040 85489.1045   91  296 155584.442    0.00000   100%  52.8 2795s
 292125  9055 90723.7068   82  282 155584.442    0.00000   100%  53.0 2800s
 292291  9054    0.00000   85  244 155584.442    0.00000   100%  53.1 2805s
 292515  9060    0.00000   92  256 155584.442    0.00000   100%  53.3 2810s
H292739  9049                    155008.39740    0.00000   100%  53.5 2814s
 292741  9049 infeasible   81      155008.397    0.00000   100%  53.5 2815s
H292771  9033                    154743.68659    0.00000   100%  53.6 2815s
H292827  9022                    154740.04610    0.00000   100%  53.6 2817s
 292958  9027    0.00000   80  244 154740.046    0.00000   100%  53.7 2820s
H293037  9018                    154653.83057    0.00000   100%  53.8 2821s
 293151  9003 infeasible   71      154653.831    0.00000   100%  53.9 2825s
H293170  8997                    154621.58413    0.00000   100%  53.9 2825s
 293370  8998 7562.47504   92  242 154621.584    0.00000   100%  54.1 2830s
 293562  9006 infeasible   87      154621.584    0.00000   100%  54.3 2835s
 293772  8971 infeasible   80      154621.584    0.00000   100%  54.6 2840s
 293916  8987 5914.42911   87  233 154621.584    0.00000   100%  54.7 2845s
 294108  8957    0.00000   86  232 154621.584    0.00000   100%  54.9 2850s
H294262  8980                    154560.49171    0.00000   100%  55.0 2853s
 294320  8986    0.00000   82  251 154560.492    0.00000   100%  55.1 2855s
H294396  8990                    154546.41263    0.00000   100%  55.1 2856s
 294547  9002    0.00000   88  225 154546.413    0.00000   100%  55.2 2860s
H294582  9000                    154545.02090    0.00000   100%  55.3 2861s
H294634  9026                    154536.28748    0.00000   100%  55.3 2862s
 294713  9029 116432.683   95  238 154536.287    0.00000   100%  55.4 2865s
 294885  9052 58920.4351  119  217 154536.287    0.00000   100%  55.5 2870s
H294981  9060                    154534.78931    0.00000   100%  55.5 2872s
H295035  9069                    154533.89271    0.00000   100%  55.5 2873s
 295129  9067 114113.955  115  229 154533.893    0.00000   100%  55.5 2875s
 295402  9114 60386.4556  109  251 154533.893    0.00000   100%  55.6 2880s
 295655  9128 88829.7734  109  242 154533.893    0.00000   100%  55.7 2885s
 295850  9107    0.00000   89  255 154533.893    0.00000   100%  55.8 2890s
 296023  9132    0.00000   85  242 154533.893    0.00000   100%  56.0 2895s
H296159  9152                    154526.31895    0.00000   100%  56.1 2898s
 296229  9158 115921.044   85  278 154526.319    0.00000   100%  56.2 2900s
 296417  9179    0.00000   83  240 154526.319    0.00000   100%  56.3 2905s
 296631  9226    0.00000   83  240 154526.319    0.00000   100%  56.5 2910s
H296788  9243                    154524.88169    0.00000   100%  56.7 2913s
 296836  9252 infeasible   92      154524.882    0.00000   100%  56.7 2915s
H296840  9250                    154507.03792    0.00000   100%  56.7 2915s
H296892  9250                    154505.23494    0.00000   100%  56.8 2916s
H296972  9235                    154503.74039    0.00000   100%  56.9 2918s
 297010  9237     cutoff   90      154503.740    0.00000   100%  56.9 2920s
 297224  9272 infeasible  101      154503.740    0.00000   100%  57.1 2925s
 297333  9281 infeasible  100      154503.740    0.00000   100%  57.2 2930s
H297387  9276                    154473.33071    0.00000   100%  57.2 2932s
 297450  9270 infeasible   95      154473.331    0.00000   100%  57.3 2935s
 297591  9289    0.00000   83  240 154473.331    0.00000   100%  57.5 2940s
 297701  9296 17191.6392   93  260 154473.331    0.00000   100%  57.6 2945s
H297748  9293                    154368.22062    0.00000   100%  57.6 2947s
 297841  9301 infeasible   90      154368.221    0.00000   100%  57.7 2950s
 297953  9314    0.00000   81  249 154368.221    0.00000   100%  57.8 2955s
H298024  9285                    154065.01728    0.00000   100%  57.9 2958s
 298072  9276 infeasible   92      154065.017    0.00000   100%  58.0 2960s
 298205  9275 infeasible   91      154065.017    0.00000   100%  58.1 2965s
 298348  9263 8774.79651   82  244 154065.017    0.00000   100%  58.2 2970s
H298414  9259                    154027.29000    0.00000   100%  58.3 2972s
 298476  9261 13552.6295   92  248 154027.290    0.00000   100%  58.4 2975s
H298522  9246                    153864.39131    0.00000   100%  58.4 2977s
 298586  9245 infeasible   84      153864.391    0.00000   100%  58.5 2980s
 298724  9255    0.00000   86  248 153864.391    0.00000   100%  58.6 2985s
H298770  9231                    153822.13448    0.00000   100%  58.7 2987s
H298822  9245                    153822.11932    0.00000   100%  58.7 2988s
 298861  9246 17549.4814   91  262 153822.119    0.00000   100%  58.8 2990s
H298927  9239                    153809.13832    0.00000   100%  58.8 2992s
H298958  9242                    153805.28062    0.00000   100%  58.9 2993s
 298984  9242    0.00000   82  258 153805.281    0.00000   100%  58.9 2998s
 299025  9243    0.00000   88  252 153805.281    0.00000   100%  58.9 3000s
H299066  9238                    153719.23298    0.00000   100%  59.0 3002s
H299092  9240                    153719.23115    0.00000   100%  59.0 3003s
 299153  9185 infeasible   86      153719.231    0.00000   100%  59.1 3005s
 299296  9068 infeasible   41      153719.231    0.00000   100%  59.3 3010s
H299312  9058                    153609.58984    0.00000   100%  59.3 3011s
 299413  9085 141563.843   56  357 153609.590    0.00000   100%  59.4 3015s
H299421  9077                    153600.16943    0.00000   100%  59.4 3015s
H299473  9083                    153525.18443    0.00000   100%  59.4 3017s
H299499  9093                    153519.08927    0.00000   100%  59.4 3017s
 299540  9100 115885.087   71  304 153519.089    0.00000   100%  59.5 3020s
H299554  9094                    153406.18480    0.00000   100%  59.5 3020s
H299580  9098                    153324.78518    0.00000   100%  59.5 3021s
H299609  9106                    153280.03105    0.00000   100%  59.6 3022s
H299635  9106                    153277.35101    0.00000   100%  59.6 3024s
 299639  9110 infeasible   48      153277.351    0.00000   100%  59.6 3025s
 299792  9159    0.00000   46  274 153277.351    0.00000   100%  59.7 3030s
 299930  9221 59278.6220   96  248 153277.351    0.00000   100%  59.8 3035s
 300058  9263 4416.07584  102  245 153277.351    0.00000   100%  59.9 3040s
 300211  9260    0.00000   40  315 153277.351    0.00000   100%  60.0 3045s
 300334  9325 104373.430   43  370 153277.351    0.00000   100%  60.1 3050s
 300480  9389    0.00000   33  310 153277.351    0.00000   100%  60.2 3055s
H300584  9417                    153277.05359    0.00000   100%  60.3 3057s
 300627  9420    0.00000   59  306 153277.054    0.00000   100%  60.3 3060s
H300718  9439                    153258.82035    0.00000   100%  60.4 3062s
 300791  9455 infeasible   45      153258.820    0.00000   100%  60.5 3065s
H300797  9453                    153148.49135    0.00000   100%  60.5 3065s
 300932  9529    0.00000   44  321 153148.491    0.00000   100%  60.6 3070s
 301120  9660 infeasible   69      153148.491    0.00000   100%  60.7 3075s
 301225  9706 35069.9239   92  248 153148.491    0.00000   100%  60.8 3080s
 301356  9756 22718.9530   92  264 153148.491    0.00000   100%  60.9 3085s
 301506  9825 37368.4705   92  244 153148.491    0.00000   100%  61.0 3090s
H301613  9866                    153036.06657    0.00000   100%  61.0 3093s
 301671  9882 8947.83494   90  249 153036.067    0.00000   100%  61.1 3095s
H301721  9907                    152975.64879    0.00000   100%  61.1 3096s
 301830  9969 103180.816  116  233 152975.649    0.00000   100%  61.1 3100s
 301985 10034    0.00000   87  242 152975.649    0.00000   100%  61.2 3105s
H301988 10035                    152972.85760    0.00000   100%  61.2 3105s
H302014 10051                    152964.03253    0.00000   100%  61.2 3105s
H302094 10081                    152940.25345    0.00000   100%  61.2 3109s
 302110 10098 66217.0657  105  232 152940.253    0.00000   100%  61.2 3110s
 302172 10118    0.00000   89  232 152940.253    0.00000   100%  61.2 3115s
 302320 10189 infeasible  110      152940.253    0.00000   100%  61.3 3120s
H302358 10191                    152782.50372    0.00000   100%  61.3 3121s
H302384 10201                    152782.42019    0.00000   100%  61.3 3122s
H302410 10221                    152781.01684    0.00000   100%  61.3 3122s
H302464 10239                    152762.91103    0.00000   100%  61.3 3125s
 302613 10165    0.00000   29  270 152762.911    0.00000   100%  61.5 3130s
 302707 10163 7065.11147   43  378 152762.911    0.00000   100%  61.6 3135s
H302733 10171                    152743.24031    0.00000   100%  61.6 3135s
H302812 10195                    152708.93510    0.00000   100%  61.7 3139s
 302815 10200    0.00000   35  281 152708.935    0.00000   100%  61.7 3140s
H302928 10242                    152690.60925    0.00000   100%  61.8 3144s
 302949 10257 infeasible   49      152690.609    0.00000   100%  61.8 3145s
 303011 10272    0.00000   46  349 152690.609    0.00000   100%  61.9 3150s
 303095 10313 infeasible   42      152690.609    0.00000   100%  62.0 3155s
 303218 10349    0.00000   33  311 152690.609    0.00000   100%  62.1 3160s
 303304 10384 30307.2305   46  348 152690.609    0.00000   100%  62.2 3165s
 303409 10444    0.00000   46  305 152690.609    0.00000   100%  62.2 3170s
H303424 10441                    152194.30778    0.00000   100%  62.3 3170s
H303450 10453                    152190.41254    0.00000   100%  62.3 3171s
H303476 10466                    152153.35060    0.00000   100%  62.3 3172s
 303533 10491 139583.385   43  384 152153.351    0.00000   100%  62.4 3175s
 303664 10547 infeasible   44      152153.351    0.00000   100%  62.5 3180s
 303765 10578    0.00000   40  318 152153.351    0.00000   100%  62.6 3185s
 303902 10629    0.00000   39  354 152153.351    0.00000   100%  62.7 3190s
 304025 10690    0.00000   37  299 152153.351    0.00000   100%  62.8 3195s
H304056 10704                    152108.28062    0.00000   100%  62.8 3214s
 304069 10705    0.00000   34  276 152108.281    0.00000   100%  62.8 3215s
H304108 10721                    152108.16622    0.00000   100%  62.8 3217s
 304165 10741    0.00000   37  287 152108.166    0.00000   100%  62.9 3220s
H304207 10753                    152075.85820    0.00000   100%  62.9 3223s
 304252 10767    0.00000   37  309 152075.858    0.00000   100%  63.0 3225s
H304299 10777                    152045.75207    0.00000   100%  63.0 3227s
 304347 10785    0.00000   32  282 152045.752    0.00000   100%  63.0 3230s
 304441 10808 infeasible   43      152045.752    0.00000   100%  63.1 3235s
H304456 10786                    151938.20915    0.00000   100%  63.1 3235s
H304482 10793                    151917.61928    0.00000   100%  63.2 3236s
 304556 10810 infeasible   46      151917.619    0.00000   100%  63.3 3240s
H304560 10808                    151816.84373    0.00000   100%  63.3 3240s
H304615 10806                    151816.14233    0.00000   100%  63.4 3242s
 304685 10826 infeasible   53      151816.142    0.00000   100%  63.4 3245s
H304782 10888                    151355.57301    0.00000   100%  63.5 3249s
 304795 10893    0.00000   28  267 151355.573    0.00000   100%  63.5 3250s
 304889 10922 infeasible   43      151355.573    0.00000   100%  63.6 3255s
H304957 10942                    151330.47970    0.00000   100%  63.7 3258s
 304998 10985    0.00000   69  271 151330.480    0.00000   100%  63.7 3260s
 305084 11031    0.00000   76  256 151330.480    0.00000   100%  63.8 3265s
 305161 11046 infeasible   81      151330.480    0.00000   100%  63.9 3270s
 305243 11035 infeasible   80      151330.480    0.00000   100%  64.0 3275s
 305349 11042 infeasible   52      151330.480    0.00000   100%  64.1 3280s
 305438 11052 infeasible   40      151330.480    0.00000   100%  64.2 3285s
 305535 11065    0.00000   61  292 151330.480    0.00000   100%  64.3 3290s
 305739 11119    0.00000   64  277 151330.480    0.00000   100%  64.5 3295s
 305912 11140 82985.9739   68  344 151330.480    0.00000   100%  64.6 3300s
 306044 11133 infeasible   67      151330.480    0.00000   100%  64.7 3305s
H306115 11160                    151323.40322    0.00000   100%  64.8 3308s
H306141 11168                    151316.15722    0.00000   100%  64.8 3309s
 306144 11171 infeasible   41      151316.157    0.00000   100%  64.8 3310s
H306193 11185                    151307.97643    0.00000   100%  64.8 3312s
 306264 11222    0.00000   39  300 151307.976    0.00000   100%  64.9 3315s
 306409 11321    0.00000   59  261 151307.976    0.00000   100%  65.0 3320s
 306535 11410 27038.5588  103  219 151307.976    0.00000   100%  65.0 3325s
 306670 11485 24845.5178   85  241 151307.976    0.00000   100%  65.1 3330s
H306796 11505                    151288.25901    0.00000   100%  65.2 3333s
 306866 11504 infeasible   62      151288.259    0.00000   100%  65.2 3335s
H306905 11506                    151283.75406    0.00000   100%  65.3 3336s
H306959 11527                    151280.44034    0.00000   100%  65.3 3337s
 307042 11544 110383.289   68  302 151280.440    0.00000   100%  65.4 3340s
H307115 11558                    151234.73155    0.00000   100%  65.5 3342s
H307150 11558                    151234.72238    0.00000   100%  65.6 3343s
H307176 11573                    151224.13021    0.00000   100%  65.6 3344s
 307203 11573 infeasible   69      151224.130    0.00000   100%  65.6 3345s
H307285 11575                    151200.04161    0.00000   100%  65.7 3348s
 307349 11585 5105.51311   78  269 151200.042    0.00000   100%  65.8 3350s
 307497 11602 infeasible   39      151200.042    0.00000   100%  66.0 3355s
 307683 11636 infeasible   75      151200.042    0.00000   100%  66.2 3360s
H307715 11654                    151200.04157    0.00000   100%  66.2 3360s
H307819 11669                    151200.04151    0.00000   100%  66.3 3364s
 307846 11680 4149.86938   60  261 151200.042    0.00000   100%  66.3 3365s
H307872 11696                    151187.42214    0.00000   100%  66.4 3365s
 307969 11705 infeasible   69      151187.422    0.00000   100%  66.5 3370s
 308065 11702 15391.6305   67  265 151187.422    0.00000   100%  66.6 3375s
 308189 11712 infeasible   66      151187.422    0.00000   100%  66.8 3380s
 308290 11704 infeasible   68      151187.422    0.00000   100%  66.9 3385s
 308382 11718    0.00000   35  316 151187.422    0.00000   100%  67.0 3390s
 308485 11742 infeasible   55      151187.422    0.00000   100%  67.2 3395s
 308670 11892    0.00000   81  230 151187.422    0.00000   100%  67.2 3400s
 308753 11930 infeasible  113      151187.422    0.00000   100%  67.3 3405s
H308799 11955                    151176.78493    0.00000   100%  67.3 3407s
H308851 11979                    151172.96926    0.00000   100%  67.3 3409s
 308875 11990 infeasible  122      151172.969    0.00000   100%  67.3 3410s
 308981 12012 96097.1377  122  225 151172.969    0.00000   100%  67.3 3415s
 309113 12034  104.21972  125  215 151172.969    0.00000   100%  67.3 3420s
H309127 12031                    151143.29728    0.00000   100%  67.4 3424s
 309139 12039 64842.3622  127  215 151143.297    0.00000   100%  67.4 3425s
 309337 12075 60297.4377  125  216 151143.297    0.00000   100%  67.4 3430s
H309429 12089                    151117.56734    0.00000   100%  67.4 3432s
 309507 12121 55323.2669  123  209 151117.567    0.00000   100%  67.4 3435s
 309697 12203 infeasible  162      151117.567    0.00000   100%  67.4 3440s
 309823 12281 81864.4770  173  204 151117.567    0.00000   100%  67.4 3445s
H309859 12283                    151104.18468    0.00000   100%  67.4 3445s
H309989 12338                    151082.17287    0.00000   100%  67.4 3448s
 310015 12336 2633.89117  114  229 151082.173    0.00000   100%  67.4 3450s
 310167 12371 35795.6108  115  224 151082.173    0.00000   100%  67.5 3455s
H310174 12373                    151049.39398    0.00000   100%  67.5 3455s
H310229 12381                    151041.95346    0.00000   100%  67.5 3456s
 310321 12395 70841.3731  116  224 151041.953    0.00000   100%  67.5 3460s
H310330 12391                    151007.51419    0.00000   100%  67.5 3460s
 310439 12437 107273.955  120  235 151007.514    0.00000   100%  67.6 3466s
 310526 12462 43317.2219  114  242 151007.514    0.00000   100%  67.6 3470s
 310684 12495 73116.5568  120  212 151007.514    0.00000   100%  67.6 3475s
H310714 12496                    150954.80985    0.00000   100%  67.6 3476s
H310742 12494                    150951.53773    0.00000   100%  67.7 3477s
 310835 12521 infeasible  135      150951.538    0.00000   100%  67.7 3480s
 310978 12482 infeasible  112      150951.538    0.00000   100%  67.8 3485s
 311128 12376 infeasible   40      150951.538    0.00000   100%  67.9 3490s
 311222 12384 infeasible   41      150951.538    0.00000   100%  68.0 3495s
H311242 12383                    150875.82283    0.00000   100%  68.0 3496s
 311334 12411 infeasible   42      150875.823    0.00000   100%  68.1 3500s
 311446 12459    0.00000   35  296 150875.823    0.00000   100%  68.2 3505s
 311574 12500    0.00000   39  293 150875.823    0.00000   100%  68.3 3510s
 311690 12545    0.00000   44  269 150875.823    0.00000   100%  68.5 3515s
 311805 12555 40049.5072   42  372 150875.823    0.00000   100%  68.6 3520s
 311959 12582 infeasible   60      150875.823    0.00000   100%  68.7 3525s
 312094 12659 5313.44809   57  276 150875.823    0.00000   100%  68.8 3530s
 312242 12716 infeasible   50      150875.823    0.00000   100%  68.9 3535s
 312372 12756 infeasible   48      150875.823    0.00000   100%  69.0 3540s
 312496 12774 infeasible   46      150875.823    0.00000   100%  69.1 3545s
 312627 12822    0.00000   46  291 150875.823    0.00000   100%  69.3 3550s
 312731 12830 infeasible   49      150875.823    0.00000   100%  69.4 3555s
 312869 12913 10108.4962  111  234 150875.823    0.00000   100%  69.4 3560s
 313019 12957    0.00000   82  247 150875.823    0.00000   100%  69.5 3565s
H313095 12977                    150875.82282    0.00000   100%  69.6 3567s
 313138 12980 infeasible  101      150875.823    0.00000   100%  69.6 3570s
 313254 12977    0.00000   96  243 150875.823    0.00000   100%  69.8 3575s
H313273 12972                    150875.79944    0.00000   100%  69.8 3575s
 313391 13015 16713.1051  104  233 150875.799    0.00000   100%  69.8 3580s
 313506 13022 3842.10423   94  244 150875.799    0.00000   100%  70.0 3585s
H313581 13020                    150871.37836    0.00000   100%  70.1 3589s
 313594 13031 72674.6178   97  252 150871.378    0.00000   100%  70.1 3590s
 313743 13073    0.00000   89  253 150871.378    0.00000   100%  70.2 3595s
H313764 13077                    150870.31872    0.00000   100%  70.2 3595s
 313897 13107 4901.67517   96  252 150870.319    0.00000   100%  70.3 3600s

Cutting planes:
  Gomory: 4
  Implied bound: 21
  MIR: 60
  StrongCG: 1
  Flow cover: 12
  RLT: 1

Explored 313898 nodes (22061220 simplex iterations) in 3600.17 seconds (1273.74 work units)
Thread count was 1 (of 24 available processors)

Solution count 10: 150870 150871 150876 ... 151082

Time limit reached
Best objective 1.508703187164e+05, best bound 0.000000000000e+00, gap 100.0000%
