
Gurobi 11.0.3 (linux64, Java) logging started qui 18 dez 2025 15:23:06 -03

Set parameter WLSAccessID
Set parameter WLSSecret
Set parameter LicenseID to value 2566693
Academic license 2566693 - for non-commercial use only - registered to ja___@ufv.br
Set parameter NonConvex to value 2
Set parameter TimeLimit to value 3600
Set parameter LogToConsole to value 0
Set parameter MIPGap to value 4.7478399160473358e-08
Set parameter Threads to value 1
Set parameter NodefileDir to value "/home/ps12398/gp-momulap/goalProgrammingMarcos/"
Set parameter NodefileStart to value 0.1
Gurobi Optimizer version 11.0.3 build v11.0.3rc0 (linux64)

CPU model: Intel(R) Xeon(R) CPU           X5650  @ 2.67GHz, instruction set [SSE2]
Thread count: 12 physical cores, 24 logical processors, using up to 1 threads

Academic license 2566693 - for non-commercial use only - registered to ja___@ufv.br
Optimize a model with 62101 rows, 41913 columns and 208058 nonzeros
Model fingerprint: 0xe8aaf914
Model has 149 quadratic constraints
Variable types: 20886 continuous, 21027 integer (144 binary)
Coefficient statistics:
  Matrix range     [7e-03, 6e+06]
  QMatrix range    [7e-03, 1e+05]
  QLMatrix range   [1e+00, 1e+05]
  Objective range  [1e+00, 4e+07]
  Bounds range     [1e+00, 1e+08]
  RHS range        [1e+00, 5e+06]
Presolve removed 61160 rows and 40894 columns
Presolve time: 0.14s
Presolved: 2243 rows, 1411 columns, 69462 nonzeros
Presolved model has 2 SOS constraint(s)
Presolved model has 144 bilinear constraint(s)

Solving non-convex MIQCP

Variable types: 561 continuous, 850 integer (146 binary)
Found heuristic solution: objective 1.500815e+07

Root relaxation: objective 0.000000e+00, 260 iterations, 0.01 seconds (0.01 work units)

    Nodes    |    Current Node    |     Objective Bounds      |     Work
 Expl Unexpl |  Obj  Depth IntInf | Incumbent    BestBd   Gap | It/Node Time

     0     0    0.00000    0  270 1.5008e+07    0.00000   100%     -    0s
     0     0 216781.187    0  345 1.5008e+07 216781.187  98.6%     -    0s
H    0     0                    8810986.5189 219105.714  97.5%     -    0s
     0     0 253820.767    0  397 8810986.52 253820.767  97.1%     -    0s
H    0     0                    7633878.7778 258634.764  96.6%     -    0s
     0     0 258634.764    0  396 7633878.78 258634.764  96.6%     -    0s
     0     0 258634.764    0  454 7633878.78 258634.764  96.6%     -    1s
     0     0 258634.764    0  455 7633878.78 258634.764  96.6%     -    1s
     0     0 258634.764    0  458 7633878.78 258634.764  96.6%     -    1s
     0     0 258634.764    0  457 7633878.78 258634.764  96.6%     -    1s
H    0     0                    7480383.4069 258634.764  96.5%     -    2s
     0     2 259508.258    0  439 7480383.41 259508.258  96.5%     -    2s
   903   905 2307200.22  849  220 7480383.41 351346.891  95.3%   7.8    5s
H 1386  1386                    7335226.2428 351346.891  95.2%   6.1    6s
H 1775  1775                    7173403.0455 351346.891  95.1%   5.0    8s
  2194  2196 4356373.92 2088  163 7173403.05 351346.891  95.1%   6.3   10s
H 2563  2431                    7113498.8881 351346.891  95.1%   5.8   14s
  2571  2436 2309439.93 1141  338 7113498.89 351346.891  95.1%   5.7   15s
  2593  2451 3087779.27  157  322 7113498.89 351346.891  95.1%   5.7   20s
H 2593  2328                    7112892.9833 351346.891  95.1%   5.7   20s
  2621  2349 502383.180   25  417 7112892.98 351346.891  95.1%   7.5   25s
  2662  2376 681496.801   45  362 7112892.98 351346.891  95.1%   7.9   30s
H 2672  2264                    7069257.4609 351346.891  95.0%   8.0   31s
H 2698  2170                    7022561.2571 351346.891  95.0%   8.2   35s
  2733  2195 1324248.44   81  281 7022561.26 351346.891  95.0%   8.6   40s
  2775  2223 1581030.34  102  268 7022561.26 351346.891  95.0%   8.6   45s
  2812  2248 1915827.60  120  250 7022561.26 351346.891  95.0%   8.6   50s
H 2817  2143                    6557532.0014 351346.891  94.6%   8.6   50s
  2850  2167 2506901.77  139  221 6557532.00 351346.891  94.6%   8.7   55s
H 2854  2067                    6497355.0697 351346.891  94.6%   8.7   55s
  2887  2091 2941039.00  158  204 6497355.07 351346.891  94.6%   8.8   60s
  2925  2116 2941759.67  177  197 6497355.07 351346.891  94.6%   8.9   65s
H 2932  2024                    6385198.7671 351346.891  94.5%   8.9   66s
H 2958  1950                    6133387.0244 351346.891  94.3%   8.9   69s
  2959  1953 2942514.75  194  190 6133387.02 351346.891  94.3%   9.0   70s
  2994  1976 2942979.66  211  189 6133387.02 351346.891  94.3%   9.5   75s
  3030  2000 2943099.64  229  184 6133387.02 351346.891  94.3%  10.0   80s
  3069  2026 4848201.72  249  199 6133387.02 351346.891  94.3%  10.6   85s
  3109  2053 5016059.31  269  194 6133387.02 351346.891  94.3%  10.7   90s
  3147  2078 5073561.74  288  187 6133387.02 351346.891  94.3%  11.7   95s
  3187  2105 5033556.29  308  173 6133387.02 351346.891  94.3%  11.9  100s
H 3188  2018                    6109721.5157 351346.891  94.2%  11.9  100s
  3233  2050 5381000.09  331  181 6109721.52 351346.891  94.2%  12.2  105s
H 3244  1973                    6074764.5743 351346.891  94.2%  12.4  106s
  3269  1992 5418320.36  349  173 6074764.57 351346.891  94.2%  12.5  110s
  3305  2016 5622631.12  367  173 6074764.57 351346.891  94.2%  13.0  115s
H 3322  1947                    6069043.3333 351346.891  94.2%  13.0  117s
  3342  1962 5819464.82  385  171 6069043.33 351346.891  94.2%  13.2  120s
H 3374  1909                    6018033.5435 351346.891  94.2%  13.6  124s
  3377  1913 5751966.60  403  162 6018033.54 351346.891  94.2%  13.6  125s
  3419  1941 5885610.98  424  161 6018033.54 351346.891  94.2%  13.6  130s
H 3458  1894                    5952198.6005 351346.891  94.1%  13.8  134s
  3460  1895 5754054.45  444  153 5952198.60 351346.891  94.1%  13.8  135s
  3513  1900 5760487.16  471  158 5952198.60 351346.891  94.1%  14.5  140s
H 3531  1842                    5926662.8208 351346.891  94.1%  14.5  142s
  3557  1852 5767254.16  493  153 5926662.82 351346.891  94.1%  14.5  145s
H 3583  1761                    5820288.7408 351346.891  94.0%  14.7  148s
  3605  1764 601258.966   20  425 5820288.74 351346.891  94.0%  15.1  150s
  3651  1794 911201.798   43  387 5820288.74 351346.891  94.0%  15.3  155s
  3694  1823 1109259.79   65  335 5820288.74 351346.891  94.0%  15.3  160s
  3734  1850 1389640.19   85  300 5820288.74 351346.891  94.0%  15.4  165s
  3772  1875 1594538.56  104  281 5820288.74 351346.891  94.0%  15.5  170s
  3809  1900 1872103.79  122  269 5820288.74 351346.891  94.0%  15.5  175s
H 3817  1825                    5819388.0613 351346.891  94.0%  15.5  176s
  3844  1845 1915004.60  140  253 5819388.06 351346.891  94.0%  15.5  180s
  3886  1873 2345473.12  161  233 5819388.06 351346.891  94.0%  16.5  185s
  3924  1898 2520523.88  180  219 5819388.06 351346.891  94.0%  16.5  190s
  3965  1926 2580922.13  200  202 5819388.06 351346.891  94.0%  16.7  195s
H 3973  1871                    5819306.5778 351346.891  94.0%  16.6  196s
  3999  1890 2581351.86  217  209 5819306.58 351346.891  94.0%  16.7  200s
  4036  1915 3761205.54  236  202 5819306.58 351346.891  94.0%  17.3  205s
  4077  1942 3896505.12  256  183 5819306.58 351346.891  94.0%  17.5  210s
H 4103  1904                    5808838.5970 351346.891  94.0%  17.4  213s
  4113  1912 3903523.54  274  179 5808838.60 351346.891  94.0%  17.4  215s
  4173  1952 4296501.37  304  180 5808838.60 351346.891  94.0%  17.7  220s
  4245  2000 3903341.32  340  156 5808838.60 351346.891  94.0%  18.1  225s
  4310  2044 4553959.27  373  170 5808838.60 351346.891  94.0%  18.2  230s
H 4363  2015                    5785178.4172 351346.891  93.9%  18.0  234s
  4371  2022 4553977.90  403  163 5785178.42 351346.891  93.9%  18.0  235s
H 4415  2001                    5782595.1396 351346.891  93.9%  17.9  238s
  4438  2018 4832129.86  437  170 5782595.14 351346.891  93.9%  17.9  240s
H 4441  1972                    5782533.8965 351346.891  93.9%  17.9  240s
  4496  2011 4563154.85  466  144 5782533.90 351346.891  93.9%  18.3  245s
H 4545  1997                    5781539.3033 351346.891  93.9%  18.7  249s
  4558  2008 4563154.85  497  144 5781539.30 351346.891  93.9%  18.7  250s
H 4584  1834                    5646356.9558 351346.891  93.8%  18.9  252s
H 4593  1756                    5432621.5679 351346.891  93.5%  19.0  253s
H 4597  1681                    5376653.1359 351346.891  93.5%  19.0  254s
  4611  1692 5047299.48  523  166 5376653.14 351346.891  93.5%  19.1  255s
H 4623  1669                    5366941.6616 351346.891  93.5%  19.2  256s
H 4674  1720                    5366363.8244 351346.891  93.5%  19.5  260s
H 4675  1721                    5353598.1759 351346.891  93.4%  19.5  260s
H 4701  1747                    5353223.4766 351346.891  93.4%  19.6  262s
H 4719  1735                    5176682.3872 351346.891  93.2%  19.7  264s
  4732  1750 4563405.21  584  144 5176682.39 351346.891  93.2%  19.8  265s
H 4773  1563                    5022313.6544 351346.891  93.0%  20.1  268s
  4808  1560 4563747.01  622  144 5022313.65 351346.891  93.0%  21.0  270s
  4924  1560 4564123.71  680  144 5022313.65 351346.891  93.0%  24.3  275s
H 4966  1556                    5021712.4188 351346.891  93.0%  25.7  277s
  5030  1558 4571373.53  733  145 5021712.42 351346.891  93.0%  27.1  280s
H 5052  1518                    4942677.2893 351346.891  92.9%  27.5  281s
  5154  1520 4571767.41  795  145 4942677.29 351346.891  92.9%  28.3  285s
H 5176  1518                    4942026.8818 351346.891  92.9%  28.5  286s
H 5202  1514                    4918692.0241 351346.891  92.9%  28.7  287s
H 5244  1504                    4886592.4032 351346.891  92.8%  29.0  289s
  5259  1513 4572084.70  847  144 4886592.40 351346.891  92.8%  29.0  290s
H 5286  1520                    4872906.8174 351346.891  92.8%  29.1  291s
  5356  1558 4577139.08  896  144 4872906.82 351346.891  92.8%  29.2  295s
  5447  1627 4579354.92  941  145 4872906.82 351346.891  92.8%  29.2  300s
H 5499  1629                    4806813.7541 351346.891  92.7%  29.2  303s
  5524  1654 4578756.97  980  144 4806813.75 351346.891  92.7%  29.2  305s
H 5525  1653                    4785283.7835 351346.891  92.7%  29.2  305s
H 5556  1664                    4726252.4962 351346.891  92.6%  29.3  307s
  5602  1712 4578888.09 1019  144 4726252.50 351346.891  92.6%  29.3  310s
H 5674  1728                    4617939.9030 351346.891  92.4%  29.2  314s
  5688  1722 448302.516   14  437 4617939.90 351346.891  92.4%  29.4  315s
H 5749  1781                    4616027.8797 351346.891  92.4%  30.8  319s
  5767  1801 477819.626   54  288 4616027.88 351346.891  92.4%  31.4  320s
  5833  1867 700459.399   87  243 4616027.88 351346.891  92.4%  32.5  325s
H 5852  1884                    4615921.4105 351346.891  92.4%  32.5  326s
H 5857  1257                    4428232.7039 351346.891  92.1%  32.5  327s
H 5881  1035                    3089736.2271 351346.891  88.6%  32.4  327s
H 5904  1020                    2961090.1313 351346.891  88.1%  32.3  327s
H 5935   923                    2663982.1822 351346.891  86.8%  32.2  328s
H 5990   970                    2628894.0295 351346.891  86.6%  31.9  329s
  6016   998 1310675.68  178  170 2628894.03 351346.891  86.6%  31.8  330s
H 6335  1303                    2620120.1256 351346.891  86.6%  30.4  333s
  6600  1570 1323647.24  470  162 2620120.13 351346.891  86.6%  29.3  335s
  7473  2443 1417608.75  907  154 2620120.13 351346.891  86.6%  26.3  340s
  8637  3607 1418521.35 1489  154 2620120.13 351346.891  86.6%  23.1  345s
H 8640  3520                    2499430.0148 351346.891  85.9%  23.1  345s
H 8977  3857                    2499399.8514 351346.891  85.9%  22.4  347s
H 9581  4459                    2489311.8226 351346.891  85.9%  21.2  350s
H10581  5459                    2489311.7757 351346.891  85.9%  19.5  354s
 10654  5534 1444572.67 2497  153 2489311.78 351346.891  85.9%  19.4  355s
H10783  5661                    2485111.6313 351346.891  85.9%  19.2  355s
H10796  5667                    2464808.3958 351346.891  85.7%  19.1  356s
H11568  6434                    2441428.3301 351346.891  85.6%  18.1  359s
 11758  6626 1440654.51 3049  153 2441428.33 351346.891  85.6%  17.8  360s
H12058  6924                    2441426.0864 351346.891  85.6%  17.5  361s
H12910  7776                    2441358.4993 351346.891  85.6%  16.5  364s
 12964  7832 1436639.45 3652  153 2441358.50 351346.891  85.6%  16.4  365s
H12968  7834                    2440353.8030 351346.891  85.6%  16.4  365s
H13968  8828                    2413013.3998 351346.891  85.4%  15.5  369s
 14060  8922 1433185.85 4200  156 2413013.40 351346.891  85.4%  15.4  370s
 15186 10048 1429636.88 4763  157 2413013.40 351346.891  85.4%  14.5  375s
 16210 11072 1426745.69 5275  156 2413013.40 351346.891  85.4%  13.8  380s
H16980 11840                    2412780.9920 351346.891  85.4%  13.3  384s
 17076 11938 1425244.28 5708  160 2412780.99 351346.891  85.4%  13.2  385s
H17980 12840                    2412780.9916 351346.891  85.4%  12.7  389s
 18088 12950 1469423.54 6214  147 2412780.99 351346.891  85.4%  12.7  390s
H18622 13482                    2412771.8137 351346.891  85.4%  12.4  392s
H18884 13742                    2409734.0537 351346.891  85.4%  12.2  393s
H18963 13819                    2399604.1919 351346.891  85.4%  12.2  393s
 19232 14090 1459080.28 6786  148 2399604.19 351346.891  85.4%  12.0  395s
H19963 14819                    2392558.1092 351346.891  85.3%  11.7  398s
H20067 14903                    2392558.1085 351346.891  85.3%  11.7  399s
H20240 15033                    2340610.5225 351346.891  85.0%  11.7  400s
H20626 15302                    2313492.2640 351346.891  84.8%  12.4  403s
 20694 15370 1096214.91  111  236 2313492.26 351346.891  84.8%  12.9  405s
H20700 15374                    2313444.1266 351346.891  84.8%  12.9  405s
H21020 15613                    2290492.1972 351346.891  84.7%  13.9  409s
 21066 15659 662294.177  132  235 2290492.20 351346.891  84.7%  13.9  410s
H21424 16015                    2289146.7499 351346.891  84.7%  13.8  412s
H21851 16442                    2289039.6605 351346.891  84.7%  13.6  414s
 22045 16638 931430.318  622  178 2289039.66 351346.891  84.7%  13.5  415s
 23311 17904 945030.476 1255  175 2289039.66 351346.891  84.7%  12.9  420s
 24448 19041 985623.901 1823  162 2289039.66 351346.891  84.7%  12.7  425s
H24449 19012                    2225191.5788 351346.891  84.2%  12.7  425s
H24625 19053                    2210861.5158 351346.891  84.1%  12.6  426s
H25071 19499                    2200411.4877 351346.891  84.0%  12.4  429s
 25286 19716 985572.405 2242  162 2200411.49 351346.891  84.0%  12.3  430s
H25988 20416                    2200325.6374 351346.891  84.0%  12.2  432s
 26351 20781 1019019.54 2775  154 2200325.64 351346.891  84.0%  12.7  435s
H26988 21416                    2200325.6347 351346.891  84.0%  13.1  438s
 27233 21663 1020733.95 3216  154 2200325.63 351346.891  84.0%  13.2  440s
 28081 22511 1021783.34 3640  153 2200325.63 351346.891  84.0%  13.6  445s
H28250 22678                    2199988.8149 351346.891  84.0%  13.7  446s
H28378 22805                    2198099.8134 351346.891  84.0%  13.7  447s
 28872 23301 1369047.70 4035  165 2198099.81 351346.891  84.0%  13.8  450s
H29056 23434                    2180196.4993 351346.891  83.9%  13.9  451s
H29372 23738                    2180103.5684 351346.891  83.9%  14.0  453s
H29560 23874                    2168975.1740 351346.891  83.8%  14.0  454s
 29588 23904 1404537.29 4393  164 2168975.17 351346.891  83.8%  14.0  455s
H29833 24141                    2118394.6685 351346.891  83.4%  14.1  458s
H29912 24216                    2102015.5807 351346.891  83.3%  14.1  459s
 29977 24283 1023085.42 4588  154 2102015.58 351346.891  83.3%  14.1  460s
H30863 25167                    2090193.0065 351346.891  83.2%  14.3  464s
 30888 25194 1390351.33 5043  164 2090193.01 351346.891  83.2%  14.4  465s
H31863 26167                    2090144.7877 351346.891  83.2%  14.8  470s
H32156 26460                    2088763.7408 351346.891  83.2%  14.9  471s
 32803 27109 1033003.80 6001  154 2088763.74 351346.891  83.2%  15.2  475s
H32998 27293                    2063257.1091 351346.891  83.0%  15.3  476s
 33682 27979 1447107.36 6440  164 2063257.11 351346.891  83.0%  15.6  480s
 34634 28931 1431429.24 6916  163 2063257.11 351346.891  83.0%  15.9  485s
H35384 29679                    2058732.4746 351346.891  82.9%  16.2  489s
 35394 29691 1450519.98 7296  164 2058732.47 351346.891  82.9%  16.2  490s
H35862 30149                    2023038.7233 351346.891  82.6%  16.4  492s
 36284 30573 1452293.67 7741  164 2023038.72 351346.891  82.6%  16.5  495s
H36862 31149                    2023038.7198 351346.891  82.6%  16.7  498s
H37036 31323                    2020217.5762 351346.891  82.6%  16.8  499s
 37065 31354 1041684.65 8132  153 2020217.58 351346.891  82.6%  16.8  500s
H37143 31430                    2020205.7887 351346.891  82.6%  16.8  500s
H37902 32186                    2017764.4236 351346.891  82.6%  17.1  505s
 38746 33006 1667270.99 8734  165 2017764.42 351346.891  82.6%  17.1  510s
H38902 33140                    2014989.7431 351346.891  82.6%  17.1  511s
H38928 33149                    2002291.8036 351346.891  82.5%  17.1  511s
 39342 33533 523941.963   82  272 2002291.80 351346.891  82.5%  17.5  515s
H39382 33571                    2000900.6136 351346.891  82.4%  17.6  516s
 39634 33802 874008.698  103  246 2000900.61 351346.891  82.4%  18.3  520s
H39975 34112                    1992432.2105 351346.891  82.4%  18.4  525s
H40054 34189                    1991695.0376 351346.891  82.4%  18.4  526s
 40756 34891 1394429.34  663  150 1991695.04 351346.891  82.4%  18.2  530s
 41963 36098 1394903.95 1267  149 1991695.04 351346.891  82.4%  17.8  535s
 42612 36713 804891.647   80  267 1991695.04 351346.891  82.4%  18.1  540s
 43896 37997 1684804.69  802  157 1991695.04 351346.891  82.4%  17.8  545s
 45046 39147 1694327.65 1467  155 1991695.04 351346.891  82.4%  17.4  550s
 46265 40366 1698955.10 2221  153 1991695.04 351346.891  82.4%  17.0  555s
 47631 41732 1699825.39 3257  157 1991695.04 351346.891  82.4%  16.6  560s
 49499 43600 1706087.49 5124  158 1991695.04 351346.891  82.4%  16.0  565s
H50166 44265                    1991051.0824 351346.891  82.4%  15.9  567s
H50322 44367                    1989571.7160 351346.891  82.3%  15.9  569s
 50361 44408 616760.110   54  276 1989571.72 351346.891  82.3%  16.0  570s
 51935 45966 1528530.56 1420  172 1989571.72 351346.891  82.3%  15.8  575s
 54055 48076 1581412.24 3480  166 1989571.72 351346.891  82.3%  15.2  580s
 55197 49218 1601607.10 4621  167 1989571.72 351346.891  82.3%  14.9  585s
H55555 49574                    1989312.6047 351346.891  82.3%  14.8  586s
 56886 50907 1629193.55 6310  166 1989312.60 351346.891  82.3%  14.5  590s
H57432 51437                    1983018.7473 351346.891  82.3%  14.4  591s
 58884 52869 1689848.29 8083  152 1983018.75 351346.891  82.3%  14.1  595s
 60106 54053 1690699.12  359  180 1983018.75 351346.891  82.3%  14.2  600s
 61448 55387 1741295.98 1651  165 1983018.75 351346.891  82.3%  13.9  605s
 63043 56982 1762559.57 3244  164 1983018.75 351346.891  82.3%  13.6  610s
H64689 58626                    1982411.5190 351346.891  82.3%  13.3  614s
 64754 58693 1786944.59 4894  161 1982411.52 351346.891  82.3%  13.3  615s
H65331 59214                    1981490.9399 351346.891  82.3%  13.2  618s
 65984 59869 1802708.58 6014  160 1981490.94 351346.891  82.3%  13.1  620s
 67774 61659 1804285.89 7804  162 1981490.94 351346.891  82.3%  12.8  625s
H68891 62697                    1970732.8259 351346.891  82.2%  12.7  629s
 68971 62733 1820633.92 8732  166 1970732.83 351346.891  82.2%  12.7  630s
 69844 63576 1070624.27  697  176 1970732.83 351346.891  82.2%  12.9  635s
H69891 63621                    1970732.8254 351346.891  82.2%  12.9  635s
 71458 65190 1181840.35 2257  166 1970732.83 351346.891  82.2%  12.6  640s
H73501 67231                    1970132.3341 351346.891  82.2%  12.3  644s
 73832 67564 1196995.81 4612  164 1970132.33 351346.891  82.2%  12.3  645s
H75387 69112                    1967820.4884 351346.891  82.1%  12.1  650s
 76872 70599 1207694.60 7645  164 1967820.49 351346.891  82.1%  11.9  655s
H77472 71197                    1966165.6195 351346.891  82.1%  11.8  657s
 78417 72126     cutoff 8737      1966165.62 351346.891  82.1%  11.7  660s
 79076 72545 457486.902   34  364 1966165.62 351346.891  82.1%  11.9  665s
H79116 72578                    1958505.9772 351346.891  82.1%  12.0  666s
H79562 72993                    1922036.6184 351346.891  81.7%  12.1  669s
 79641 73072 1772266.72  311  158 1922036.62 351346.891  81.7%  12.1  670s
H80410 73784                    1917558.8243 351346.891  81.7%  12.0  673s
 80625 74001 1809583.15 1125  160 1917558.82 351346.891  81.7%  12.0  675s
H81305 74667                    1916832.1100 351346.891  81.7%  11.9  676s
H81506 74864                    1916827.9261 351346.891  81.7%  11.9  677s
 81735 75007 759789.991   63  297 1916827.93 351346.891  81.7%  12.1  680s
H82287 75543                    1911542.5807 351346.891  81.6%  12.2  683s
 82675 75933 1414710.53  870  172 1911542.58 351346.891  81.6%  12.1  685s
H83287 76543                    1911542.5762 351346.891  81.6%  12.0  687s
 84117 77369 1544363.95 2248  170 1911542.58 351346.891  81.6%  12.0  690s
 85614 78866 1578837.86 3686  155 1911542.58 351346.891  81.6%  11.8  695s
 86431 79665 1624855.50 3919  153 1911542.58 351346.891  81.6%  11.7  700s
 87424 80656 1687286.00 4185  147 1911542.58 351346.891  81.6%  11.6  705s
 88576 81808 1626871.49 4537  153 1911542.58 351346.891  81.6%  11.5  710s
 89732 82964 1689218.21 4867  147 1911542.58 351346.891  81.6%  11.4  715s
 90685 83917 1619002.70 5137  150 1911542.58 351346.891  81.6%  11.3  720s
 91632 84864 1619655.82 5409  148 1911542.58 351346.891  81.6%  11.2  725s
 92686 85918 1691232.22 5711  147 1911542.58 351346.891  81.6%  11.1  730s
 93757 86989 1643074.73 6050  152 1911542.58 351346.891  81.6%  11.0  735s
 94681 87811 1717843.91  126  219 1911542.58 351346.891  81.6%  11.1  740s
H94802 87912                    1911420.9700 351346.891  81.6%  11.3  742s
 95429 88533 1606998.64  555  174 1911420.97 351346.891  81.6%  11.3  745s
H95756 88856                    1909221.3518 351346.891  81.6%  11.2  747s
H95783 88883                    1907082.5139 351346.891  81.6%  11.2  748s
 96612 89714 1631892.07 1738  173 1907082.51 351346.891  81.6%  11.2  750s
 97993 91051     cutoff 3017      1907082.51 351346.891  81.6%  11.1  755s
 98583 91547 1016006.64   69  244 1907082.51 364011.235  80.9%  11.3  760s
 99255 92151 809221.202   86  255 1907082.51 369106.546  80.6%  11.7  765s
 99724 92540 557224.157   26  412 1907082.51 369115.512  80.6%  12.1  770s
 100171 92918     cutoff  104      1907082.51 369125.418  80.6%  12.5  775s
 100687 93347 605929.872   32  398 1907082.51 369294.496  80.6%  12.9  780s
 101167 93769     cutoff  105      1907082.51 370003.014  80.6%  13.2  785s
 101632 94156 1821439.30  103  278 1907082.51 370003.014  80.6%  13.6  790s
 101994 94466 1079629.00   90  284 1907082.51 370003.014  80.6%  14.1  795s
 103290 95760 1630153.21 1325  182 1907082.51 370003.014  80.6%  14.0  800s
 104958 97413 1787395.15 2736  154 1907082.51 370003.014  80.6%  13.8  805s
 106995 99450 1787787.47 4750  152 1907082.51 370003.014  80.6%  13.5  810s
 108159 100613 1796072.72 5551  150 1907082.51 370003.014  80.6%  13.4  815s
 108230 100684 1796537.05 5599  150 1907082.51 370003.014  80.6%  13.4  820s
 108770 101103     cutoff  185      1907082.51 370003.014  80.6%  13.6  825s
 109219 101472 789259.949   73  269 1907082.51 370003.014  80.6%  13.9  830s
 109676 101855 1284919.72   78  237 1907082.51 370003.014  80.6%  14.3  835s
Created node file directory '/home/ps12398/gp-momulap/goalProgrammingMarcos//grbnodes0'
 109921 102046 760877.159   39  276 1907082.51 370006.055  80.6%  14.5  842s
 110135 102232 1067656.05   32  400 1907082.51 372652.400  80.5%  14.7  845s
 110597 102632 1220709.44   59  274 1907082.51 374847.910  80.3%  15.0  850s
 111001 102924 1710939.87   66  316 1907082.51 374915.318  80.3%  15.2  855s
 111418 103259 1084680.72   66  242 1907082.51 375157.162  80.3%  15.6  860s
 111807 103557     cutoff  130      1907082.51 375408.249  80.3%  16.1  865s
 112299 103958 1429519.19  101  248 1907082.51 375464.500  80.3%  16.4  870s
 112741 104292 891658.534   36  364 1907082.51 375554.569  80.3%  16.7  875s
 113195 104677     cutoff  122      1907082.51 376264.479  80.3%  17.1  880s
 113760 105141 infeasible  164      1907082.51 376270.516  80.3%  17.3  885s
 114177 105466 920798.797   43  384 1907082.51 376406.682  80.3%  17.6  890s
 114752 105956 787858.476   71  270 1907082.51 377710.849  80.2%  17.8  895s
 115274 106388 1717818.05  110  223 1907082.51 378508.699  80.2%  18.1  900s
 115713 106721 1613886.01   93  272 1907082.51 379734.090  80.1%  18.3  905s
 116146 107055 1367709.30   38  274 1907082.51 382051.591  80.0%  18.7  910s
 116636 107468 1561668.71   56  350 1907082.51 383091.599  79.9%  19.0  918s
 116765 107565 461475.499   27  410 1907082.51 383146.051  79.9%  19.1  920s
 117204 107927 1374412.37   59  335 1907082.51 384649.680  79.8%  19.4  925s
 117649 108310 1642691.41   98  284 1907082.51 385505.913  79.8%  19.7  930s
 118459 109058 520258.943   24  417 1907082.51 385667.197  79.8%  19.8  935s
 118879 109407     cutoff  109      1907082.51 386619.637  79.7%  20.1  940s
 119320 109786 1077447.17  106  240 1907082.51 386778.061  79.7%  20.5  945s
 119771 110163 1708807.44   98  242 1907082.51 386778.367  79.7%  20.7  950s
 120116 110456 732150.087   32  410 1907082.51 386806.178  79.7%  21.1  955s
 120652 110936 1578020.65  103  235 1907082.51 388059.075  79.7%  21.4  960s
 121109 111280 1779201.92  119  215 1907082.51 388492.681  79.6%  21.7  965s
 121607 111697 601979.494   31  321 1907082.51 388496.249  79.6%  22.0  970s
 122135 112157 1671440.55  293  162 1907082.51 388496.249  79.6%  22.1  975s
 122513 112535 1671695.69  482  161 1907082.51 388496.249  79.6%  22.0  980s
 122869 112799 1682149.14  655  158 1907082.51 388496.249  79.6%  22.1  987s
 123068 112986 1684944.51  754  157 1907082.51 388496.249  79.6%  22.1  990s
 123424 113332 1686726.87  932  158 1907082.51 388496.249  79.6%  22.1  995s
 123716 113504 1241870.86   88  243 1907082.51 388496.249  79.6%  22.3 1000s
 123948 113689 1036086.45   48  354 1907082.51 388502.412  79.6%  22.4 1005s
 124166 113883 1397661.76   89  255 1907082.51 388544.551  79.6%  22.5 1010s
 124518 114177 1295135.56   88  240 1907082.51 388634.781  79.6%  22.8 1015s
 124931 114519 1554417.15   98  244 1907082.51 388655.448  79.6%  23.0 1020s
 125200 114756 613971.619   43  282 1907082.51 388667.497  79.6%  23.2 1025s
 125534 115047     cutoff   65      1907082.51 388676.024  79.6%  23.3 1030s
 125942 115386 1609228.86  110  232 1907082.51 388708.907  79.6%  23.6 1035s
 126385 115733 607876.711   34  276 1907082.51 388803.367  79.6%  23.9 1040s
 127194 116502 1816266.32  612  161 1907082.51 388803.367  79.6%  24.0 1045s
GRBaddnodefile failed

Cutting planes:
  Implied bound: 41
  MIR: 251
  StrongCG: 1
  Flow cover: 180
  RLT: 76
Could not delete nodefile
Could not delete nodefile
Could not delete nodefile
Could not delete nodefile

Explored 127626 nodes (3049731 simplex iterations) in 1050.14 seconds (256.70 work units)
Thread count was 1 (of 24 available processors)

Solution count 2: 1.90708e+06 1.90708e+06 

Solve interrupted (error code 10019)
Best objective 1.907082513924e+06, best bound 3.888033668973e+05, gap 79.6127%

Gurobi 11.0.3 (linux64, Java) logging started seg 22 dez 2025 09:51:54 -03

Set parameter WLSAccessID
Set parameter WLSSecret
Set parameter LicenseID to value 2566693
Academic license 2566693 - for non-commercial use only - registered to ja___@ufv.br
Set parameter NonConvex to value 2
Set parameter TimeLimit to value 3600
Set parameter LogToConsole to value 0
Set parameter MIPGap to value 4.7478399160473358e-08
Set parameter Threads to value 1
Set parameter NodefileDir to value "/home/ps12398/gp-momulap/goalProgrammingMarcos/"
Set parameter NodefileStart to value 0.1
Gurobi Optimizer version 11.0.3 build v11.0.3rc0 (linux64)

CPU model: Intel(R) Xeon(R) CPU           X5650  @ 2.67GHz, instruction set [SSE2]
Thread count: 12 physical cores, 24 logical processors, using up to 1 threads

Academic license 2566693 - for non-commercial use only - registered to ja___@ufv.br
Optimize a model with 62101 rows, 41913 columns and 208058 nonzeros
Model fingerprint: 0xe8aaf914
Model has 149 quadratic constraints
Variable types: 20886 continuous, 21027 integer (144 binary)
Coefficient statistics:
  Matrix range     [7e-03, 6e+06]
  QMatrix range    [7e-03, 1e+05]
  QLMatrix range   [1e+00, 1e+05]
  Objective range  [1e+00, 4e+07]
  Bounds range     [1e+00, 1e+08]
  RHS range        [1e+00, 5e+06]
Presolve removed 61160 rows and 40894 columns
Presolve time: 0.12s
Presolved: 2243 rows, 1411 columns, 69462 nonzeros
Presolved model has 2 SOS constraint(s)
Presolved model has 144 bilinear constraint(s)

Solving non-convex MIQCP

Variable types: 561 continuous, 850 integer (146 binary)
Found heuristic solution: objective 1.500815e+07

Root relaxation: objective 0.000000e+00, 260 iterations, 0.05 seconds (0.01 work units)

    Nodes    |    Current Node    |     Objective Bounds      |     Work
 Expl Unexpl |  Obj  Depth IntInf | Incumbent    BestBd   Gap | It/Node Time

     0     0    0.00000    0  270 1.5008e+07    0.00000   100%     -    0s
     0     0 216781.187    0  345 1.5008e+07 216781.187  98.6%     -    1s
H    0     0                    8810986.5189 219105.714  97.5%     -    1s
     0     0 253820.767    0  397 8810986.52 253820.767  97.1%     -    1s
H    0     0                    7633878.7778 258634.764  96.6%     -    1s
     0     0 258634.764    0  396 7633878.78 258634.764  96.6%     -    1s
     0     0 258634.764    0  454 7633878.78 258634.764  96.6%     -    1s
     0     0 258634.764    0  455 7633878.78 258634.764  96.6%     -    2s
     0     0 258634.764    0  458 7633878.78 258634.764  96.6%     -    2s
     0     0 258634.764    0  457 7633878.78 258634.764  96.6%     -    3s
H    0     0                    7480383.4069 258634.764  96.5%     -    3s
     0     2 259508.258    0  439 7480383.41 259508.258  96.5%     -    3s
   345   347 2307196.28  293  222 7480383.41 351346.891  95.3%  18.9    5s
   853   855 2307200.22  799  220 7480383.41 351346.891  95.3%   8.2   10s
  1038  1040 2307200.22  984  220 7480383.41 351346.891  95.3%   6.9   15s
  1151  1153 3395262.07 1094  213 7480383.41 351346.891  95.3%   6.8   20s
  1265  1267 2309439.10 1205  207 7480383.41 351346.891  95.3%   6.6   25s
  1366  1368 2309439.10 1306  207 7480383.41 351346.891  95.3%   6.2   30s
H 1386  1386                    7335226.2428 351346.891  95.2%   6.1   33s
  1416  1418 2309439.10 1356  207 7335226.24 351346.891  95.2%   6.0   35s
  1489  1491 2309439.10 1429  207 7335226.24 351346.891  95.2%   5.8   40s
  1622  1624 2309439.10 1562  207 7335226.24 351346.891  95.2%   5.4   46s
H 1775  1775                    7173403.0455 351346.891  95.1%   5.0   49s
  1847  1849 2309439.10 1787  207 7173403.05 351346.891  95.1%   4.8   50s
  2555  2555 2456965.49  117  307 7173403.05 351346.891  95.1%   5.8   55s

Gurobi 11.0.3 (linux64, Java) logging started seg 22 dez 2025 09:55:44 -03

Set parameter WLSAccessID
Set parameter WLSSecret
Set parameter LicenseID to value 2566693
Academic license 2566693 - for non-commercial use only - registered to ja___@ufv.br
Set parameter NonConvex to value 2
Set parameter TimeLimit to value 3600
Set parameter LogToConsole to value 0
Set parameter MIPGap to value 4.7478399160473358e-08
Set parameter Threads to value 1
Set parameter NodefileDir to value "/home/ps12398/gp-momulap/goalProgrammingMarcos/"
Set parameter NodefileStart to value 0.1
Gurobi Optimizer version 11.0.3 build v11.0.3rc0 (linux64)

CPU model: Intel(R) Xeon(R) CPU           X5650  @ 2.67GHz, instruction set [SSE2]
Thread count: 12 physical cores, 24 logical processors, using up to 1 threads

Academic license 2566693 - for non-commercial use only - registered to ja___@ufv.br
Optimize a model with 62101 rows, 41913 columns and 208058 nonzeros
Model fingerprint: 0xe8aaf914
Model has 149 quadratic constraints
Variable types: 20886 continuous, 21027 integer (144 binary)
Coefficient statistics:
  Matrix range     [7e-03, 6e+06]
  QMatrix range    [7e-03, 1e+05]
  QLMatrix range   [1e+00, 1e+05]
  Objective range  [1e+00, 4e+07]
  Bounds range     [1e+00, 1e+08]
  RHS range        [1e+00, 5e+06]
Presolve removed 61160 rows and 40894 columns
Presolve time: 0.10s
Presolved: 2243 rows, 1411 columns, 69462 nonzeros
Presolved model has 2 SOS constraint(s)
Presolved model has 144 bilinear constraint(s)

Solving non-convex MIQCP

Variable types: 561 continuous, 850 integer (146 binary)
Found heuristic solution: objective 1.500815e+07

Root relaxation: objective 0.000000e+00, 260 iterations, 0.01 seconds (0.01 work units)

    Nodes    |    Current Node    |     Objective Bounds      |     Work
 Expl Unexpl |  Obj  Depth IntInf | Incumbent    BestBd   Gap | It/Node Time

     0     0    0.00000    0  270 1.5008e+07    0.00000   100%     -    0s
     0     0 216781.187    0  345 1.5008e+07 216781.187  98.6%     -    0s
H    0     0                    8810986.5189 219105.714  97.5%     -    0s
     0     0 253820.767    0  397 8810986.52 253820.767  97.1%     -    0s
H    0     0                    7633878.7778 258634.764  96.6%     -    0s
     0     0 258634.764    0  396 7633878.78 258634.764  96.6%     -    0s
     0     0 258634.764    0  454 7633878.78 258634.764  96.6%     -    1s
     0     0 258634.764    0  455 7633878.78 258634.764  96.6%     -    1s
     0     0 258634.764    0  458 7633878.78 258634.764  96.6%     -    1s
     0     0 258634.764    0  457 7633878.78 258634.764  96.6%     -    2s
H    0     0                    7480383.4069 258634.764  96.5%     -    2s
     0     2 259508.258    0  439 7480383.41 259508.258  96.5%     -    2s
   317   319 2307196.28  265  222 7480383.41 351346.891  95.3%  20.4    5s
   685   687 2307200.22  631  220 7480383.41 351346.891  95.3%  10.0   10s
   838   840 2307200.22  784  220 7480383.41 351346.891  95.3%   8.4   15s
   948   950 2307200.22  894  220 7480383.41 351346.891  95.3%   7.5   20s
  1074  1076 2307200.22 1020  220 7480383.41 351346.891  95.3%   6.7   25s
  1162  1164 3416535.82 1103  232 7480383.41 351346.891  95.3%   7.1   30s
  1265  1267 2309439.10 1205  207 7480383.41 351346.891  95.3%   6.6   35s
  1366  1368 2309439.10 1306  207 7480383.41 351346.891  95.3%   6.2   40s
H 1386  1386                    7335226.2428 351346.891  95.2%   6.1   43s
  1416  1418 2309439.10 1356  207 7335226.24 351346.891  95.2%   6.0   45s
H 1775  1775                    7173403.0455 351346.891  95.1%   5.0   46s

Gurobi 11.0.3 (linux64, Java) logging started seg 22 dez 2025 11:15:44 -03

Set parameter WLSAccessID
Set parameter WLSSecret
Set parameter LicenseID to value 2566693
Academic license 2566693 - for non-commercial use only - registered to ja___@ufv.br
Set parameter NonConvex to value 2
Set parameter TimeLimit to value 3600
Set parameter LogToConsole to value 0
Set parameter MIPGap to value 4.7478399160473358e-08
Set parameter Threads to value 2
Set parameter Cuts to value 1
Set parameter NodefileDir to value "/home/ps12398/gp-momulap/goalProgrammingMarcos/"
Set parameter NodefileStart to value 0.1
Gurobi Optimizer version 11.0.3 build v11.0.3rc0 (linux64)

CPU model: Intel(R) Xeon(R) CPU           X5650  @ 2.67GHz, instruction set [SSE2]
Thread count: 12 physical cores, 24 logical processors, using up to 2 threads

Academic license 2566693 - for non-commercial use only - registered to ja___@ufv.br
Optimize a model with 62101 rows, 41913 columns and 208058 nonzeros
Model fingerprint: 0xe8aaf914
Model has 149 quadratic constraints
Variable types: 20886 continuous, 21027 integer (144 binary)
Coefficient statistics:
  Matrix range     [7e-03, 6e+06]
  QMatrix range    [7e-03, 1e+05]
  QLMatrix range   [1e+00, 1e+05]
  Objective range  [1e+00, 4e+07]
  Bounds range     [1e+00, 1e+08]
  RHS range        [1e+00, 5e+06]
Presolve removed 61160 rows and 40894 columns
Presolve time: 1.20s
Presolved: 2243 rows, 1411 columns, 69462 nonzeros
Presolved model has 2 SOS constraint(s)
Presolved model has 144 bilinear constraint(s)

Solving non-convex MIQCP

Variable types: 561 continuous, 850 integer (146 binary)
Found heuristic solution: objective 1.500815e+07

Root simplex log...

Iteration    Objective       Primal Inf.    Dual Inf.      Time
       0    0.0000000e+00   5.460938e+03   0.000000e+00      9s
     260    0.0000000e+00   0.000000e+00   0.000000e+00      9s

Root relaxation: objective 0.000000e+00, 260 iterations, 0.28 seconds (0.01 work units)
Total elapsed time = 9.32s (DegenMoves)

    Nodes    |    Current Node    |     Objective Bounds      |     Work
 Expl Unexpl |  Obj  Depth IntInf | Incumbent    BestBd   Gap | It/Node Time

     0     0    0.00000    0  270 1.5008e+07    0.00000   100%     -    9s
     0     0 216781.187    0  345 1.5008e+07 216781.187  98.6%     -   12s
H    0     0                    8810986.5189 219105.714  97.5%     -   12s
     0     0 253820.767    0  397 8810986.52 253820.767  97.1%     -   15s
H    0     0                    7633878.7778 258634.764  96.6%     -   16s

Gurobi 11.0.3 (linux64, Java) logging started seg 22 dez 2025 11:38:18 -03

Set parameter WLSAccessID
Set parameter WLSSecret
Set parameter LicenseID to value 2566693
Academic license 2566693 - for non-commercial use only - registered to ja___@ufv.br
Set parameter NonConvex to value 2
Set parameter TimeLimit to value 3600
Set parameter LogToConsole to value 0
Set parameter MIPGap to value 4.7478399160473358e-08
Set parameter Threads to value 2
Set parameter Cuts to value 1
Set parameter NodefileDir to value "/home/ps12398/gp-momulap/goalProgrammingMarcos/"
Set parameter NodefileStart to value 0.1
Gurobi Optimizer version 11.0.3 build v11.0.3rc0 (linux64)

CPU model: Intel(R) Xeon(R) CPU           X5650  @ 2.67GHz, instruction set [SSE2]
Thread count: 12 physical cores, 24 logical processors, using up to 2 threads

Academic license 2566693 - for non-commercial use only - registered to ja___@ufv.br
Optimize a model with 62101 rows, 41913 columns and 208058 nonzeros
Model fingerprint: 0xe8aaf914
Model has 149 quadratic constraints
Variable types: 20886 continuous, 21027 integer (144 binary)
Coefficient statistics:
  Matrix range     [7e-03, 6e+06]
  QMatrix range    [7e-03, 1e+05]
  QLMatrix range   [1e+00, 1e+05]
  Objective range  [1e+00, 4e+07]
  Bounds range     [1e+00, 1e+08]
  RHS range        [1e+00, 5e+06]
Presolve removed 61160 rows and 40894 columns
Presolve time: 0.20s
Presolved: 2243 rows, 1411 columns, 69462 nonzeros
Presolved model has 2 SOS constraint(s)
Presolved model has 144 bilinear constraint(s)

Solving non-convex MIQCP

Variable types: 561 continuous, 850 integer (146 binary)
Found heuristic solution: objective 1.500815e+07

Root relaxation: objective 0.000000e+00, 260 iterations, 0.02 seconds (0.01 work units)

    Nodes    |    Current Node    |     Objective Bounds      |     Work
 Expl Unexpl |  Obj  Depth IntInf | Incumbent    BestBd   Gap | It/Node Time

     0     0    0.00000    0  270 1.5008e+07    0.00000   100%     -    0s
     0     0 216781.187    0  345 1.5008e+07 216781.187  98.6%     -    1s
H    0     0                    8810986.5189 219105.714  97.5%     -    1s
     0     0 253820.767    0  397 8810986.52 253820.767  97.1%     -    1s
H    0     0                    7633878.7778 258634.764  96.6%     -    1s
     0     0 258634.764    0  396 7633878.78 258634.764  96.6%     -    1s
     0     0 258634.764    0  454 7633878.78 258634.764  96.6%     -    1s
     0     0 258634.764    0  455 7633878.78 258634.764  96.6%     -    2s
     0     0 258634.764    0  458 7633878.78 258634.764  96.6%     -    2s
     0     0 258634.764    0  457 7633878.78 258634.764  96.6%     -    5s
H    0     0                    7480383.4069 258634.764  96.5%     -    8s
     0     2 258634.764    0  439 7480383.41 258634.764  96.5%     -    8s
    23    30 463417.930   11  408 7480383.41 376609.157  95.0%  53.5   10s
H   29    34                    7468810.3561 376609.157  95.0%  46.3   12s
H   29    34                    7370928.7145 376609.157  94.9%  46.3   12s
    86   102 690671.333   37  360 7370928.71 376609.157  94.9%  26.8   15s
   140   157 1013538.85   55  333 7370928.71 376609.157  94.9%  24.9   20s
   174   190 1174228.11   64  309 7370928.71 376609.157  94.9%  24.0   25s

Gurobi 11.0.3 (linux64, Java) logging started seg 22 dez 2025 11:55:46 -03

Set parameter WLSAccessID
Set parameter WLSSecret
Set parameter LicenseID to value 2566693
Academic license 2566693 - for non-commercial use only - registered to ja___@ufv.br
Set parameter NonConvex to value 2
Set parameter TimeLimit to value 3600
Set parameter LogToConsole to value 0
Set parameter MIPGap to value 4.7478399160473358e-08
Set parameter Threads to value 2
Set parameter Cuts to value 1
Set parameter NodefileDir to value "/home/ps12398/gp-momulap/goalProgrammingMarcos/"
Set parameter NodefileStart to value 0.1
Gurobi Optimizer version 11.0.3 build v11.0.3rc0 (linux64)

CPU model: Intel(R) Xeon(R) CPU           X5650  @ 2.67GHz, instruction set [SSE2]
Thread count: 12 physical cores, 24 logical processors, using up to 2 threads

Academic license 2566693 - for non-commercial use only - registered to ja___@ufv.br
Optimize a model with 62101 rows, 41913 columns and 208058 nonzeros
Model fingerprint: 0xe8aaf914
Model has 149 quadratic constraints
Variable types: 20886 continuous, 21027 integer (144 binary)
Coefficient statistics:
  Matrix range     [7e-03, 6e+06]
  QMatrix range    [7e-03, 1e+05]
  QLMatrix range   [1e+00, 1e+05]
  Objective range  [1e+00, 4e+07]
  Bounds range     [1e+00, 1e+08]
  RHS range        [1e+00, 5e+06]
Presolve removed 61160 rows and 40894 columns
Presolve time: 0.22s
Presolved: 2243 rows, 1411 columns, 69462 nonzeros
Presolved model has 2 SOS constraint(s)
Presolved model has 144 bilinear constraint(s)

Solving non-convex MIQCP

Variable types: 561 continuous, 850 integer (146 binary)
Found heuristic solution: objective 1.500815e+07

Root relaxation: objective 0.000000e+00, 260 iterations, 0.02 seconds (0.01 work units)

    Nodes    |    Current Node    |     Objective Bounds      |     Work
 Expl Unexpl |  Obj  Depth IntInf | Incumbent    BestBd   Gap | It/Node Time

     0     0    0.00000    0  270 1.5008e+07    0.00000   100%     -    0s
     0     0 216781.187    0  345 1.5008e+07 216781.187  98.6%     -    1s
H    0     0                    8810986.5189 219105.714  97.5%     -    1s
     0     0 253820.767    0  397 8810986.52 253820.767  97.1%     -    1s
H    0     0                    7633878.7778 258634.764  96.6%     -    1s
     0     0 258634.764    0  396 7633878.78 258634.764  96.6%     -    1s
     0     0 258634.764    0  454 7633878.78 258634.764  96.6%     -    1s
     0     0 258634.764    0  455 7633878.78 258634.764  96.6%     -    1s
     0     0 258634.764    0  458 7633878.78 258634.764  96.6%     -    2s
     0     0 258634.764    0  457 7633878.78 258634.764  96.6%     -    4s
H    0     0                    7480383.4069 258634.764  96.5%     -    5s
     0     2 258634.764    0  439 7480383.41 258634.764  96.5%     -    6s
H   29    34                    7468810.3561 376609.157  95.0%  46.3    9s
H   29    34                    7370928.7145 376609.157  94.9%  46.3    9s
    41    52 517857.094   19  392 7370928.71 376609.157  94.9%  37.4   10s
   132   141 1111609.31   54  326 7370928.71 376609.157  94.9%  24.2   15s
   172   175 1225743.47   64  313 7370928.71 376609.157  94.9%  24.1   20s

Gurobi 11.0.3 (linux64, Java) logging started ter 23 dez 2025 11:36:30 -03

Set parameter WLSAccessID
Set parameter WLSSecret
Set parameter LicenseID to value 2566693
Academic license 2566693 - for non-commercial use only - registered to ja___@ufv.br
Set parameter NonConvex to value 2
Set parameter TimeLimit to value 3600
Set parameter LogToConsole to value 0
Set parameter MIPGap to value 4.7478399160473358e-08
Set parameter Threads to value 2
Set parameter Cuts to value 1
Set parameter NodefileDir to value "/home/ps12398/gp-momulap/goalProgrammingMarcos/"
Set parameter NodefileStart to value 0.1
Gurobi Optimizer version 11.0.3 build v11.0.3rc0 (linux64)

CPU model: Intel(R) Xeon(R) CPU           X5650  @ 2.67GHz, instruction set [SSE2]
Thread count: 12 physical cores, 24 logical processors, using up to 2 threads

Academic license 2566693 - for non-commercial use only - registered to ja___@ufv.br
Optimize a model with 62101 rows, 41913 columns and 208058 nonzeros
Model fingerprint: 0xe8aaf914
Model has 149 quadratic constraints
Variable types: 20886 continuous, 21027 integer (144 binary)
Coefficient statistics:
  Matrix range     [7e-03, 6e+06]
  QMatrix range    [7e-03, 1e+05]
  QLMatrix range   [1e+00, 1e+05]
  Objective range  [1e+00, 4e+07]
  Bounds range     [1e+00, 1e+08]
  RHS range        [1e+00, 5e+06]
Presolve removed 61160 rows and 40894 columns
Presolve time: 0.15s
Presolved: 2243 rows, 1411 columns, 69462 nonzeros
Presolved model has 2 SOS constraint(s)
Presolved model has 144 bilinear constraint(s)

Solving non-convex MIQCP

Variable types: 561 continuous, 850 integer (146 binary)
Found heuristic solution: objective 1.500815e+07

Root relaxation: objective 0.000000e+00, 260 iterations, 0.01 seconds (0.01 work units)

    Nodes    |    Current Node    |     Objective Bounds      |     Work
 Expl Unexpl |  Obj  Depth IntInf | Incumbent    BestBd   Gap | It/Node Time

     0     0    0.00000    0  270 1.5008e+07    0.00000   100%     -    0s
     0     0 216781.187    0  345 1.5008e+07 216781.187  98.6%     -    0s
H    0     0                    8810986.5189 219105.714  97.5%     -    0s
     0     0 253820.767    0  397 8810986.52 253820.767  97.1%     -    0s
H    0     0                    7633878.7778 258634.764  96.6%     -    0s
     0     0 258634.764    0  396 7633878.78 258634.764  96.6%     -    0s
     0     0 258634.764    0  454 7633878.78 258634.764  96.6%     -    1s
     0     0 258634.764    0  455 7633878.78 258634.764  96.6%     -    1s
     0     0 258634.764    0  458 7633878.78 258634.764  96.6%     -    1s
     0     0 258634.764    0  457 7633878.78 258634.764  96.6%     -    2s
H    0     0                    7480383.4069 258634.764  96.5%     -    2s
     0     2 258634.764    0  439 7480383.41 258634.764  96.5%     -    2s
H   29    34                    7468810.3561 376609.157  95.0%  46.3    2s
H   29    34                    7370928.7145 376609.157  94.9%  46.3    2s
H  274   283                    7206728.4141 376609.157  94.8%  22.6    3s
H  543   557                    7200012.1006 376609.157  94.8%  17.1    4s
   979  1042 2125298.89  410  222 7200012.10 376609.157  94.8%  10.0    5s
H 1291  1294                    6956968.8833 376609.157  94.6%   7.8    5s
H 2330  2412                    6956968.8632 376609.157  94.6%   4.8    8s
H 3052  3077                    6629712.5723 376609.157  94.3%   3.9    9s
  3218  3349 2125300.11 1572  221 6629712.57 376609.157  94.3%   3.7   10s
  3663  3657 2125298.89  517  328 6629712.57 376609.157  94.3%   3.4   16s
  3728  3706 644348.048   29  412 6629712.57 376609.157  94.3%   5.5   20s
  3810  3761 1007871.60   49  350 6629712.57 376609.157  94.3%   6.0   25s
  3880  3813 1244174.97   66  314 6629712.57 376609.157  94.3%   6.2   30s
  3962  3872 1749634.17   87  282 6629712.57 376609.157  94.3%   6.6   35s
  4031  3918 2036234.42  106  265 6629712.57 376609.157  94.3%   6.9   40s
H 4036  3732                    6439219.4012 376609.157  94.2%   6.9   40s
H 4069  3581                    6433260.3206 376609.157  94.1%   7.0   43s
H 4077  3413                    6427445.6285 376609.157  94.1%   7.0   43s
  4099  3442 2214048.78  123  246 6427445.63 376609.157  94.1%   7.0   45s
H 4103  3284                    6188835.3956 376609.157  93.9%   7.0   45s
  4152  3327 2395163.61  135  225 6188835.40 376609.157  93.9%   7.2   50s
H 4175  3187                    6105588.2754 376609.157  93.8%   7.2   51s
  4256  3256 2401335.20  163  207 6105588.28 376609.157  93.8%   7.3   56s
  4365  3327 2401305.51  197  201 6105588.28 376609.157  93.8%   7.3   61s
H 4382  3181                    6085665.9123 376609.157  93.8%   7.3   61s
  4426  3224 2490810.14  214  199 6085665.91 376609.157  93.8%   7.4   65s
  4482  3264 2490810.33  229  197 6085665.91 376609.157  93.8%   7.9   70s
H 4513  3147                    5985956.0294 376609.157  93.7%   8.0   72s
  4541  3174 3733305.82  244  185 5985956.03 376609.157  93.7%   8.4   75s
H 4615  3094                    5970927.4077 376609.157  93.7%   8.9   79s
  4650  3119 3786183.41  273  175 5970927.41 376609.157  93.7%   9.0   81s
H 4657  2995                    5962856.9208 376609.157  93.7%   9.0   82s
  4727  3053 3902732.87  293  184 5962856.92 376609.157  93.7%   9.3   87s
  4768  3080 3903866.34  303  180 5962856.92 376609.157  93.7%   9.4   90s
H 4789  2958                    5901152.4632 376609.157  93.6%   9.5   90s
H 4827  2878                    5878309.9726 376609.157  93.6%   9.7   93s
  4852  2921 3902732.87  325  170 5878309.97 376609.157  93.6%   9.8   97s
  4903  2951 3904565.82  338  166 5878309.97 376609.157  93.6%   9.8  100s
H 4949  2832                    5821959.8265 376609.157  93.5%  10.2  100s
  4950  2884 4209786.55  351  186 5821959.83 376609.157  93.5%  10.2  105s
  5061  2959 4214320.55  381  179 5821959.83 376609.157  93.5%  10.5  112s
  5115  2999 4248686.28  396  175 5821959.83 376609.157  93.5%  10.7  116s
  5173  3040 4486969.16  412  188 5821959.83 376609.157  93.5%  11.1  120s
H 5233  2979                    5695385.0160 376609.157  93.4%  11.3  124s
  5291  3026 4561778.03  441  174 5695385.02 376609.157  93.4%  11.5  129s
H 5326  2920                    5694531.4128 376609.157  93.4%  11.5  129s
  5357  2980 4495669.23  459  164 5694531.41 376609.157  93.4%  11.5  134s
H 5395  2877                    5678847.0164 376609.157  93.4%  11.6  134s
  5427  2936 4497085.08  478  166 5678847.02 376609.157  93.4%  11.6  139s
  5497  2987 4499781.06  496  159 5678847.02 376609.157  93.4%  11.9  144s
H 5571  2954                    5675310.7111 376609.157  93.4%  12.3  149s
  5647  3011 4773289.43  533  180 5675310.71 376609.157  93.4%  12.7  154s
H 5667  2923                    5669257.7216 376609.157  93.4%  12.6  154s
H 5729  2923                    5620591.1552 376609.157  93.3%  12.7  160s
H 5779  2834                    5574706.3110 376609.157  93.2%  12.7  160s
H 5826  2839                    5569516.1970 376609.157  93.2%  12.6  166s
H 5917  2840                    5566126.9700 376609.157  93.2%  12.7  172s
H 5966  2761                    5548131.0757 376609.157  93.2%  12.7  172s
  6013  2836 4879803.94  627  174 5548131.08 376609.157  93.2%  12.7  178s
  6104  2903 4869921.62  649  150 5548131.08 376609.157  93.2%  12.9  184s
H 6150  2828                    5547830.1259 376609.157  93.2%  13.3  184s
  6201  2911 4996236.64  672  174 5547830.13 376609.157  93.2%  13.3  191s
  6301  2987 4940100.49  699  159 5547830.13 376609.157  93.2%  13.6  198s
H 6358  2912                    5547781.4457 376609.157  93.2%  13.7  198s
  6410  3025 5211176.94  727  176 5547781.45 376609.157  93.2%  13.7  205s
H 6548  3018                    5486842.7487 376609.157  93.1%  13.6  212s
  6675  3082 468724.877   37  312 5486842.75 376609.157  93.1%  14.7  218s
H 6745  3077                    5482541.6203 376609.157  93.1%  15.6  218s
H 6798  3321                    5470369.0156 376609.157  93.1%  16.3  225s
H 6844  3301                    5318136.7737 376609.157  92.9%  16.9  225s
H 6891  2083                    4733985.5780 376609.157  92.0%  17.2  225s
H 7042  2755                    4729919.4742 376609.157  92.0%  18.4  228s
H 7088  1608                    2313010.9253 376609.157  83.7%  18.3  228s
H 7279  1517                    2243109.5037 376609.157  83.2%  17.9  228s
H 7718  2320                    2210796.7694 376609.157  83.0%  17.7  231s
H 7976  2307                    2154957.1997 376609.157  82.5%  17.3  231s
H 8979  3277                    2137288.8586 376609.157  82.4%  15.6  234s
  9504  4333 768237.169  770  162 2137288.86 376609.157  82.4%  14.8  237s
 10560  5164 768237.169 1007  161 2137288.86 376609.157  82.4%  13.6  240s
 12786  7126 897875.183 1542  150 2137288.86 376609.157  82.4%  11.6  246s
H12961  7126                    2135602.6901 376609.157  82.4%  11.5  246s
 13976  8334 876981.523 1873  147 2135602.69 376609.157  82.4%  10.8  250s
 15774  9908 932155.619 2360  145 2135602.69 376609.157  82.4%   9.8  255s
H15955  9904                    2111549.6666 376609.157  82.2%   9.8  255s
 17543 11697 950385.160 2830  144 2111549.67 376609.157  82.2%   9.1  261s
H17658 11695                    2099214.5491 376609.157  82.1%   9.1  261s
H17755 11695                    2096814.6059 376609.157  82.0%   9.1  261s
 18736 12608 757290.982   34  286 2096814.61 388007.320  81.5%   9.1  265s
H18949 12795                    2076295.0965 388007.320  81.3%   9.3  266s
 19762 13737 1394644.63  129  220 2076295.10 388007.320  81.3%   9.7  270s
H20091 14114                    2076061.3613 388007.320  81.3%   9.6  272s
 20749 14709 1776963.11  366  200 2076061.36 388007.320  81.3%   9.4  275s
 22171 15903 1811359.08  671  175 2076061.36 388007.320  81.3%   9.4  280s
 23315 16373     cutoff  985      2076061.36 388007.320  81.3%  10.6  285s
 23900 16834 459731.747   35  304 2076061.36 389713.306  81.2%  13.4  290s
 24490 17341     cutoff  189      2076061.36 389939.538  81.2%  15.4  295s
 24852 17893 1610592.18  110  212 2076061.36 389939.538  81.2%  16.8  300s
H25437 17953                    1980832.8253 389996.948  80.3%  17.4  303s
 25562 18088 1052212.85  100  250 1980832.83 389996.948  80.3%  17.7  305s
 26186 18614 1171349.30  110  220 1980832.83 428523.691  78.4%  19.9  310s
H26475 18962                    1927294.7453 428523.691  77.8%  20.4  312s
 27059 19297 658885.352   79  262 1927294.75 436314.911  77.4%  21.3  315s
 27637 20049 695140.427   68  274 1927294.75 439248.431  77.2%  22.1  320s
H27662 20020                    1926017.2945 439248.431  77.2%  22.2  320s
H28740 20861                    1922857.2324 439248.519  77.2%  22.5  326s
 29518 21357 792911.983   62  299 1922857.23 439249.537  77.2%  23.3  330s
H29835 21611                    1922857.2308 439251.807  77.2%  24.0  333s
H29865 21488                    1883896.3031 439251.807  76.7%  24.1  333s
 30091 21676 1466018.49   88  272 1883896.30 439253.325  76.7%  24.7  335s
H30363 21577                    1845715.0867 439253.776  76.2%  25.5  338s
 30547 21741 823386.368  104  243 1845715.09 439253.776  76.2%  25.6  340s
H31467 22668                    1845715.0186 439253.776  76.2%  25.4  344s
 31732 23045 1549842.07  317  151 1845715.02 439253.776  76.2%  25.3  346s
 32917 24101 1576581.24  689  151 1845715.02 439253.776  76.2%  24.8  350s
 34223 25234     cutoff  957      1845715.02 439253.776  76.2%  24.3  355s
H34649 25071                    1825019.5199 439253.776  75.9%  24.4  356s
 35075 25449 466514.323   52  253 1825019.52 439255.113  75.9%  25.4  360s
 35713 25974 1760192.66  114  232 1825019.52 439353.360  75.9%  27.0  365s
H35760 25974                    1825019.5192 439353.360  75.9%  27.1  365s
 36478 26643 642705.260   33  318 1825019.52 439531.431  75.9%  28.1  370s
H36840 26723                    1816810.6283 439570.765  75.8%  28.5  372s
 37674 27387 1755164.28   93  255 1816810.63 439570.765  75.8%  28.2  375s
H37848 27587                    1816810.6271 439571.497  75.8%  28.3  376s
H37871 27479                    1802826.6426 439571.497  75.6%  28.3  376s
 38493 27836 1135869.76  108  257 1802826.64 440642.062  75.6%  28.9  380s
H39217 27654                    1751112.8676 440678.228  74.8%  29.0  384s
 39551 28026 622220.631   31  307 1751112.87 441607.875  74.8%  28.9  385s
H40222 28514                    1739318.6924 441607.875  74.6%  28.7  388s
 40764 28811 1678333.07  118  217 1739318.69 441607.875  74.6%  28.8  390s
H41304 29190                    1739318.6682 441607.875  74.6%  29.5  394s
 41411 29321 1357284.07   59  261 1739318.67 441607.875  74.6%  29.7  395s
 41940 29729 1065279.15   51  313 1739318.67 441843.251  74.6%  30.9  400s
H42348 26802                    1709039.5947 441843.251  74.1%  31.3  403s
 42611 27134 703050.176   61  309 1709039.59 446514.788  73.9%  31.5  405s
H43528 27681                    1709039.5898 446514.788  73.9%  31.8  409s
 43695 27884 1422443.39  104  237 1709039.59 446514.788  73.9%  32.1  410s
 44641 29010 infeasible  114      1709039.59 446514.788  73.9%  32.6  415s
 45857 29824 496329.566   85  293 1709039.59 446514.788  73.9%  32.4  420s
 47051 31262 1521660.84  760  161 1709039.59 446514.788  73.9%  32.1  425s
 48022 32129 1527992.25 1548  168 1709039.59 446514.788  73.9%  31.7  430s
 49272 33305 1550500.14 2366  158 1709039.59 446514.788  73.9%  31.4  435s
 50084 33816 716179.119   67  295 1709039.59 450367.957  73.6%  31.7  440s
 50719 34356 infeasible  110      1709039.59 451010.631  73.6%  32.4  445s
 51584 35091 752739.080   33  355 1709039.59 452074.948  73.5%  33.2  450s
 52172 35541     cutoff  135      1709039.59 452074.948  73.5%  33.9  455s
 53029 36286 470585.879   47  286 1709039.59 452622.140  73.5%  34.2  460s
 53662 36936 996003.893  101  249 1709039.59 452622.140  73.5%  34.8  465s
 55023 38043 1239995.79   43  292 1709039.59 452622.140  73.5%  34.4  470s
 55937 38856 777655.292   41  320 1709039.59 452720.503  73.5%  34.8  475s
 56183 38957 624476.991   52  301 1709039.59 452720.503  73.5%  34.9  480s
 56696 39473 486892.730   50  315 1709039.59 453126.479  73.5%  35.4  485s
 57797 40546     cutoff  123      1709039.59 453224.842  73.5%  35.5  491s
 58497 41272 1385110.21  163  188 1709039.59 453224.842  73.5%  35.6  495s
 60358 42822 1633760.09 1446  161 1709039.59 453224.842  73.5%  35.0  500s
 61072 43361 infeasible  113      1709039.59 453329.632  73.5%  35.4  505s
 61797 43914 491068.101   48  311 1709039.59 453459.615  73.5%  35.8  510s
 62702 44710     cutoff  258      1709039.59 453735.684  73.5%  36.2  515s
 63702 45765     cutoff  162      1709039.59 453735.684  73.5%  36.1  521s
 65142 46974 501583.091   67  302 1709039.59 453735.684  73.5%  35.6  525s
 66492 48446 1310603.66  539  161 1709039.59 453735.684  73.5%  35.4  530s
 68345 50012 1351255.07 1008  158 1709039.59 453735.684  73.5%  34.7  535s
 69378 51000 1358232.96 1341  155 1709039.59 453735.684  73.5%  34.9  540s
 70459 52059 1360873.70 1684  155 1709039.59 453735.684  73.5%  34.9  546s
 71346 52921 1375369.06 1979  158 1709039.59 453735.684  73.5%  34.9  550s
 72793 54208 1428683.14 2265  155 1709039.59 453735.684  73.5%  34.5  555s
 73902 55155 1432080.56 2682  152 1709039.59 453735.684  73.5%  34.4  560s
 74847 55674 1460796.98 3051  150 1709039.59 453735.684  73.5%  34.5  565s
 75609 56356 1529079.92 3308  155 1709039.59 453735.684  73.5%  34.8  570s
 77289 57888 1536683.87 3521  156 1709039.59 453735.684  73.5%  34.2  575s
 78953 59335 1530810.29 3727  155 1709039.59 453735.684  73.5%  33.7  580s
 80957 60866 1553155.37 3948  151 1709039.59 453735.684  73.5%  33.1  585s
 81839 61507 1549811.36 4242  148 1709039.59 453735.684  73.5%  33.3  590s
 82741 62400 1553083.21 4649  150 1709039.59 453735.684  73.5%  33.2  595s
 84038 63643 1552684.06 5185  146 1709039.59 453735.684  73.5%  33.0  600s
 84948 64199 672759.747   81  277 1709039.59 454338.310  73.4%  33.2  605s
H85044 64096                    1699965.5413 454338.310  73.3%  33.2  605s
 85395 64464 1086871.17   69  306 1699965.54 454358.587  73.3%  33.4  610s
H85587 64523                    1694325.7483 454358.587  73.2%  33.5  612s
 85781 64747 501016.631   68  294 1694325.75 454422.559  73.2%  33.7  615s
H85962 64775                    1691836.3897 454422.559  73.1%  34.0  617s
H86020 64807                    1691058.2663 454422.559  73.1%  34.0  618s
H86083 63850                    1679289.5524 454438.277  72.9%  34.1  619s
 86129 63922 1062137.98   66  293 1679289.55 454438.277  72.9%  34.1  620s
 86781 64563 1473741.97  142  194 1679289.55 454438.277  72.9%  34.4  626s
H87275 64805                    1678947.5710 454438.277  72.9%  34.3  628s
 87383 64919 1166700.73   79  304 1678947.57 454438.277  72.9%  34.5  630s
H87467 61037                    1645173.7928 454438.277  72.4%  34.6  630s
 87847 61629 513546.967   62  295 1645173.79 454438.277  72.4%  35.0  636s
H88554 53526                    1577918.1465 454438.277  71.2%  34.9  638s
 89235 54268 1343966.40  108  213 1577918.15 454438.277  71.2%  34.7  641s
H89583 53751                    1571663.0552 454438.277  71.1%  34.6  643s
 89909 53988 1440212.01  132  216 1571663.06 454438.277  71.1%  34.6  647s
 90513 54325 848342.803  107  235 1571663.06 454438.277  71.1%  34.7  650s
 91207 54856 1510239.75  186  195 1571663.06 454438.277  71.1%  34.9  655s
H91377 51876                    1558034.2579 454438.277  70.8%  35.0  656s
 91820 52414 820857.980  100  236 1558034.26 454438.277  70.8%  35.2  661s
 92386 52707     cutoff  120      1558034.26 454438.277  70.8%  35.4  665s
H92418 48155                    1541048.9418 454438.277  70.5%  35.4  665s
 92897 48599 645214.447   58  294 1541048.94 454438.277  70.5%  36.0  670s
 93629 49246 486035.641   67  310 1541048.94 454438.277  70.5%  36.2  676s
H94258 44880                    1521620.2943 454438.277  70.1%  36.4  679s
 94337 44927     cutoff   72      1521620.29 454438.277  70.1%  36.5  681s
 94799 45319 1376929.95   84  265 1521620.29 454438.277  70.1%  37.0  685s
H95265 44284                    1506820.3588 454438.277  69.8%  37.2  689s
 95409 44440 915009.380   49  303 1506820.36 454438.277  69.8%  37.2  690s
 96375 45128 479758.649   46  331 1506820.36 454438.277  69.8%  37.4  696s
H96423 44991                    1504844.8030 454438.277  69.8%  37.4  696s
H96448 44867                    1503446.3935 454438.277  69.8%  37.4  696s
 96811 45199 499584.219   62  297 1503446.39 454438.277  69.8%  37.5  700s
 97406 45663     cutoff  177      1503446.39 454438.277  69.8%  37.8  706s
 98024 46184     cutoff  166      1503446.39 454438.277  69.8%  38.0  711s
H98454 46326                    1495476.3562 454438.277  69.6%  38.4  715s
 98982 46784 601719.361   56  292 1495476.36 454438.277  69.6%  38.8  720s
H99499 47168                    1495476.3559 454438.277  69.6%  38.9  723s
H99579 47168                    1495427.4378 454438.277  69.6%  39.0  723s
 99648 47253 782283.292   54  289 1495427.44 454438.277  69.6%  39.0  725s
H99981 47409                    1493791.9661 454438.277  69.6%  39.5  729s
 100107 47493 1390555.41  100  243 1493791.97 454438.277  69.6%  39.5  730s
 100597 47897 789687.058  102  244 1493791.97 454438.277  69.6%  39.8  735s
H101245 48359                    1493791.9652 454438.277  69.6%  40.0  739s
 101330 48499 488903.388   49  352 1493791.97 454438.277  69.6%  40.0  741s
 101768 48823 1286259.04  117  225 1493791.97 454438.277  69.6%  40.3  745s
 102150 49016 1388542.00  151  196 1493791.97 454438.277  69.6%  40.4  751s
H102182 48794                    1488494.9152 454438.277  69.5%  40.4  751s
H102215 48751                    1486768.1901 454438.277  69.4%  40.5  751s
 102477 49022 934437.418   77  282 1486768.19 454438.277  69.4%  40.7  755s
 102949 49464 1114820.27  110  229 1486768.19 454438.277  69.4%  41.1  760s
H103434 49720                    1484863.2167 454580.637  69.4%  41.4  764s
 103559 49807 1079584.40   81  270 1484863.22 454948.878  69.4%  41.4  765s
 104129 50254 1099826.04   45  285 1484863.22 455305.806  69.3%  41.7  771s
H104318 50375                    1484440.5523 455781.885  69.3%  41.8  772s
H104696 49898                    1467834.4854 455839.905  68.9%  42.1  776s
 105199 50326 968124.665  109  227 1467834.49 455856.265  68.9%  42.3  780s
H105278 50128                    1462999.3734 455856.265  68.8%  42.3  780s
 105863 50704 498027.765   52  326 1462999.37 456603.437  68.8%  42.6  785s
H106173 50827                    1458243.2052 456723.833  68.7%  42.8  787s
H106681 51071                    1458119.8499 457182.801  68.6%  43.0  791s
H106732 51064                    1457912.0660 457182.801  68.6%  43.1  791s
 107004 51417 579012.534   84  265 1457912.07 457228.172  68.6%  43.4  795s
H107307 51494                    1457367.6869 457283.865  68.6%  43.5  796s
 107566 51786 1450384.00  102  248 1457367.69 457283.865  68.6%  43.7  800s
H108404 52345                    1452352.5492 457283.865  68.5%  43.9  806s
H109405 53220                    1452352.4518 457283.865  68.5%  43.8  811s
 110037 53640     cutoff  107      1452352.45 457486.902  68.5%  43.9  815s
H110162 53584                    1451014.5211 457486.902  68.5%  43.9  815s
 110537 54043 689014.961   18  471 1451014.52 457687.140  68.5%  44.1  820s
H111285 54067                    1442176.3804 457722.449  68.3%  44.4  825s
H111559 54228                    1439991.7854 457722.449  68.2%  44.5  828s
 111918 54590 459207.720   29  319 1439991.79 457722.449  68.2%  44.6  831s
H111922 54495                    1438686.1623 457722.449  68.2%  44.6  831s
H112075 54402                    1437762.5143 457722.449  68.2%  44.6  831s
 112568 54876 837243.823   91  265 1437762.51 457722.449  68.2%  44.8  835s
 113276 55478     cutoff  102      1437762.51 457722.449  68.2%  45.2  841s
 113791 55947 1367909.40  116  221 1437762.51 457736.120  68.2%  45.4  845s
H113977 56091                    1437741.8661 457736.120  68.2%  45.5  847s
H114085 56072                    1437570.6366 457736.120  68.2%  45.5  847s
 114380 56463 1423230.76   96  234 1437570.64 457736.120  68.2%  45.6  850s
H115324 56709                    1433603.4701 457788.204  68.1%  45.7  855s
 116218 57937 1128753.08  515  178 1433603.47 457788.204  68.1%  45.7  862s
 117309 58761 1285399.42 1425  172 1433603.47 457788.204  68.1%  45.5  865s
H118792 59792                    1433581.9006 457788.204  68.1%  45.2  869s
 118873 60374 1345964.98 2573  166 1433581.90 457788.204  68.1%  45.2  871s
H119922 60662                    1433329.6505 457918.509  68.1%  45.1  874s
 119959 60753     cutoff  104      1433329.65 457918.509  68.1%  45.2  876s
 120575 61226     cutoff  109      1433329.65 457918.509  68.1%  45.4  880s
 121023 61591 683592.064   92  241 1433329.65 457918.509  68.1%  45.7  885s
 121706 62044 473178.760   61  308 1433329.65 457918.509  68.1%  45.9  890s
 122018 62255     cutoff   99      1433329.65 457918.509  68.1%  46.3  895s
H122101 62154                    1432634.2157 457918.509  68.0%  46.3  895s
 122622 62524 infeasible  105      1432634.22 458089.802  68.0%  46.5  900s
H122729 61778                    1425351.0080 458089.802  67.9%  46.6  901s
 123040 62037     cutoff   72      1425351.01 458089.802  67.9%  46.8  905s
H123047 61966                    1424625.2953 458089.802  67.8%  46.8  905s
 123515 62349 477344.562   63  296 1424625.30 458089.802  67.8%  47.1  910s
 124102 62804     cutoff   95      1424625.30 458089.802  67.8%  47.4  915s
 124649 63227 1236375.59  101  229 1424625.30 458089.802  67.8%  47.9  920s
 125192 63772 461021.522   51  317 1424625.30 458089.802  67.8%  48.0  925s
 125814 64140 1154872.13  111  215 1424625.30 458089.802  67.8%  48.3  930s
 126188 64495 483809.015   60  302 1424625.30 458089.802  67.8%  48.6  935s
H126571 64531                    1421032.5891 458226.788  67.8%  48.7  938s
 126957 64845 1080655.37   65  292 1421032.59 458252.105  67.8%  48.7  941s
 127552 65456 477678.662   46  300 1421032.59 458292.543  67.7%  48.9  945s
H127851 65515                    1419689.0661 458292.543  67.7%  48.9  946s
 128374 65948 644273.287   36  325 1419689.07 458379.935  67.7%  49.0  950s
 128672 66173     cutoff   63      1419689.07 458379.935  67.7%  49.3  955s
H129327 66562                    1417530.5312 458379.935  67.7%  49.3  959s
 129684 67127 502336.324   62  290 1417530.53 458379.935  67.7%  49.3  961s
H130852 67631                    1416307.3895 458379.935  67.6%  49.1  965s
 131257 67944 662977.595   57  295 1416307.39 458379.935  67.6%  49.3  970s
 131895 68603 522919.981   58  305 1416307.39 458379.935  67.6%  49.5  975s
H132015 68357                    1410455.0499 458379.935  67.5%  49.5  975s
H132630 68357                    1404215.9259 458379.935  67.4%  49.4  979s
 132675 68453 1059179.28   46  330 1404215.93 458379.935  67.4%  49.5  980s
 133294 68966 infeasible  103      1404215.93 458379.935  67.4%  49.9  986s
H133688 69217                    1403704.5371 458379.935  67.3%  50.1  989s
H133746 68688                    1400419.3727 458379.935  67.3%  50.1  989s
 133812 68802 1257732.64   95  251 1400419.37 458379.935  67.3%  50.2  991s
H133961 68900                    1400166.5270 458425.256  67.3%  50.2  992s
 134271 69155 793856.506   77  274 1400166.53 458731.127  67.2%  50.3  995s
 134885 69694 649465.240   57  306 1400166.53 458731.127  67.2%  50.5 1000s
H135093 68607                    1392592.4877 458731.127  67.1%  50.5 1000s
 135554 68959 1214542.46   87  251 1392592.49 458731.127  67.1%  50.8 1005s
H135570 68375                    1387412.8444 458731.127  66.9%  50.8 1005s
 136181 69319 959174.645  131  198 1387412.84 458731.127  66.9%  51.1 1012s
H137082 69719                    1386459.4494 458731.127  66.9%  50.8 1014s
H137148 69347                    1378788.2242 458731.127  66.7%  50.8 1015s
 138264 70564 1163729.53 1429  154 1378788.22 458731.127  66.7%  50.6 1021s
 140602 72859 1228666.77 3416  157 1378788.22 458731.127  66.7%  50.0 1025s
H140663 71341                    1366239.1082 458731.127  66.4%  49.9 1025s
 142377 73002 1282580.69 4981  151 1366239.11 458731.127  66.4%  49.5 1030s
 143732 74178 1052547.82   90  255 1366239.11 458926.218  66.4%  49.2 1035s
 145757 76182 1233031.68   75  258 1366239.11 459066.277  66.4%  48.7 1040s
H147403 77608                    1366172.9971 459066.277  66.4%  48.3 1043s
 148079 78278 506913.646   85  273 1366173.00 459066.277  66.4%  48.1 1045s
 149973 80093 1245504.95   85  257 1366173.00 459066.277  66.4%  47.6 1050s
H150594 80231                    1363702.7766 459066.277  66.3%  47.5 1052s
 151721 81337 949281.245   91  231 1363702.78 459066.277  66.3%  47.2 1055s
H151747 80249                    1354064.2552 459066.277  66.1%  47.2 1055s
 153248 81477     cutoff   95      1354064.26 459066.277  66.1%  46.9 1060s
 153951 82007 505659.945   57  311 1354064.26 459207.720  66.1%  47.0 1065s
 154581 82695 951253.568   78  267 1354064.26 459207.720  66.1%  47.2 1070s
 155269 83065 812564.230   64  270 1354064.26 459207.720  66.1%  47.3 1076s
H155440 82799                    1349183.0468 459207.720  66.0%  47.3 1078s
 155645 83024 501842.709   60  306 1349183.05 459207.720  66.0%  47.4 1080s
 157047 84554 1133404.62 1110  189 1349183.05 459207.720  66.0%  47.1 1085s
 158506 85879 1133609.30 2409  193 1349183.05 459207.720  66.0%  46.9 1090s
H159253 86279                    1348319.1202 459207.720  65.9%  46.7 1092s
 159856 87087 1133625.36 3550  193 1348319.12 459207.720  65.9%  46.6 1095s
H160330 87285                    1348319.1201 459207.720  65.9%  46.5 1097s
 160676 87564 961858.199   90  246 1348319.12 459207.720  65.9%  46.6 1100s
H160923 87640                    1347212.3220 459207.720  65.9%  46.7 1102s
 161241 87847 1279645.88   78  286 1347212.32 459207.720  65.9%  46.8 1105s
 161827 88333 1245736.73   74  250 1347212.32 459252.875  65.9%  47.0 1110s
 162415 88797 792811.104   83  249 1347212.32 459252.875  65.9%  47.2 1115s
 162871 89176     cutoff   97      1347212.32 459332.194  65.9%  47.4 1120s
H163009 88994                    1343955.8803 459332.194  65.8%  47.4 1121s
H163315 89182                    1343073.6398 459437.790  65.8%  47.5 1124s
 163390 89266 909877.107   49  323 1343073.64 459437.790  65.8%  47.5 1125s
 163851 89578     cutoff   74      1343073.64 459533.005  65.8%  47.8 1130s
 165432 91442 1043586.19  618  162 1343073.64 459533.005  65.8%  47.6 1135s
 166492 91967 590998.304   78  304 1343073.64 459535.347  65.8%  47.5 1140s
 167113 92467 472426.464   73  272 1343073.64 459535.347  65.8%  47.7 1145s
 167746 92945 485326.788   76  294 1343073.64 459535.347  65.8%  47.9 1150s
H167772 92844                    1341676.8519 459535.347  65.7%  48.0 1150s
H168087 93131                    1341583.4456 459535.347  65.7%  48.0 1153s
 168290 93342 535047.536   71  307 1341583.45 459535.347  65.7%  48.1 1155s
 168833 93764 768071.885   50  328 1341583.45 459535.347  65.7%  48.2 1160s
 169210 94032 922230.175   66  287 1341583.45 459535.347  65.7%  48.3 1168s
H169225 93760                    1337886.5223 459535.347  65.7%  48.3 1168s
 169317 93918     cutoff  105      1337886.52 459535.347  65.7%  48.3 1170s
 169812 94279 785672.947   54  300 1337886.52 459731.747  65.6%  48.5 1175s
 170247 94643 1114368.71   98  236 1337886.52 459731.747  65.6%  48.6 1180s
 170700 95039     cutoff   95      1337886.52 459831.439  65.6%  48.8 1185s
 171116 95324 498488.596   48  328 1337886.52 460039.686  65.6%  49.1 1190s
 171714 95824 483025.237   63  296 1337886.52 460039.686  65.6%  49.3 1195s
 172403 96305 481312.345   64  293 1337886.52 460039.686  65.6%  49.5 1201s
 172897 97006     cutoff  111      1337886.52 460039.686  65.6%  49.6 1205s
 174258 98369 628026.193   74  268 1337886.52 460039.686  65.6%  49.4 1211s
 175644 99647 1065258.10   68  297 1337886.52 460039.686  65.6%  49.1 1216s
 176781 100523 490652.024   71  306 1337886.52 460039.686  65.6%  48.9 1220s
 177587 101062 1168693.65  105  224 1337886.52 460039.686  65.6%  48.9 1225s
 178271 101630 555222.733  107  235 1337886.52 460039.686  65.6%  49.1 1231s
H178353 101630                    1337880.9261 460039.686  65.6%  49.1 1231s
 178634 101847 1061399.58   66  296 1337880.93 460039.686  65.6%  49.3 1235s
 179174 102276 466430.402   44  343 1337880.93 460039.686  65.6%  49.5 1240s
 179750 102678 1224559.49   91  261 1337880.93 460039.686  65.6%  49.7 1245s
 180314 103194 467182.697   56  299 1337880.93 460039.686  65.6%  49.9 1250s
 180789 103601 1070195.81  108  219 1337880.93 460039.686  65.6%  50.1 1255s
 181406 104092 474913.722   48  309 1337880.93 460039.686  65.6%  50.3 1260s
H181601 104164                    1337706.6909 460039.686  65.6%  50.3 1261s
H181663 104218                    1336853.8490 460039.686  65.6%  50.4 1262s
 182141 104578 1133488.56  115  227 1336853.85 460110.370  65.6%  50.5 1265s
H182258 104654                    1336683.9597 460110.370  65.6%  50.5 1266s
H182311 104635                    1336454.2924 460110.370  65.6%  50.5 1266s
 182662 104954 762047.733   76  274 1336454.29 460334.648  65.6%  50.6 1270s
Created node file directory '/home/ps12398/gp-momulap/goalProgrammingMarcos//grbnodes12'
 183123 105386 1210371.63   92  260 1336454.29 460334.648  65.6%  50.7 1276s
 183505 105635 1094519.33   90  263 1336454.29 460335.494  65.6%  50.8 1280s
 183988 106099 509990.653   79  276 1336454.29 460418.621  65.5%  51.0 1285s
H184334 106301                    1336389.4721 460434.339  65.5%  51.1 1287s
 184768 106745 1180701.11  106  226 1336389.47 460434.339  65.5%  51.1 1291s
 185228 107027 677776.420   72  291 1336389.47 460434.339  65.5%  51.2 1295s
H185469 107145                    1334887.9612 460434.339  65.5%  51.3 1297s
 185803 107400     cutoff  110      1334887.96 460434.339  65.5%  51.4 1300s
H185977 107461                    1333574.6473 460434.339  65.5%  51.5 1302s
 186240 107822 1101081.18  101  239 1333574.65 460434.339  65.5%  51.7 1306s
 186794 108288     cutoff   97      1333574.65 460434.339  65.5%  51.8 1310s
 187343 108943     cutoff  107      1333574.65 460434.339  65.5%  51.9 1315s
 188548 110333 1129401.24  110  232 1333574.65 460434.339  65.5%  51.7 1321s
H189522 110682                    1332627.7667 460434.339  65.4%  51.7 1326s
 189946 111071 503881.640   63  288 1332627.77 460434.339  65.4%  51.8 1332s
 190515 111401     cutoff  110      1332627.77 460434.339  65.4%  51.9 1335s
H190651 111556                    1332627.7628 460434.339  65.4%  51.9 1337s
 190820 111725 1329478.67  104  238 1332627.76 460434.339  65.4%  52.0 1343s
H191043 111725                    1328492.8112 460434.339  65.3%  52.0 1343s
 191044 111973 486153.552   47  357 1328492.81 460434.339  65.3%  52.0 1345s
H191431 112137                    1328075.1554 460434.339  65.3%  52.1 1347s
H191536 112897                    1327721.5247 460434.339  65.3%  52.1 1350s
 193165 114364 999094.971 1363  183 1327721.52 460434.339  65.3%  51.7 1356s
H193706 114364                    1327711.0170 460434.339  65.3%  51.6 1356s
 194419 115542 1183303.57 2410  171 1327711.02 460434.339  65.3%  51.5 1361s
H195532 116099                    1327711.0167 460434.339  65.3%  51.3 1363s
 195663 116547 1240075.52 3376  168 1327711.02 460434.339  65.3%  51.3 1365s
H196661 117051                    1324872.7731 460434.339  65.2%  51.3 1371s
H196779 117150                    1324805.5118 460434.339  65.2%  51.4 1375s
H196817 117150                    1324801.8541 460434.339  65.2%  51.4 1375s
 197739 118565 1186376.19  624  184 1324801.85 460434.339  65.2%  51.3 1381s
 198837 119009 496651.433   79  280 1324801.85 460434.339  65.2%  51.2 1385s
 199417 119381 478769.973   64  321 1324801.85 460434.339  65.2%  51.3 1390s
H199666 119541                    1322454.7423 460434.339  65.2%  51.4 1393s
 199931 119847 482024.748   47  313 1322454.74 460434.339  65.2%  51.5 1396s
 200510 120637 647999.372   56  316 1322454.74 460434.339  65.2%  51.5 1400s
 202213 122319 810631.747   56  341 1322454.74 460434.339  65.2%  51.2 1405s
 203059 122585 1075892.32   71  291 1322454.74 460434.339  65.2%  51.3 1410s
H203115 122585                    1322454.6816 460434.339  65.2%  51.3 1410s
 203654 123161     cutoff  104      1322454.68 460434.339  65.2%  51.4 1416s
 203953 123293     cutoff  112      1322454.68 460434.339  65.2%  51.5 1421s
H204039 123385                    1322315.1397 460434.339  65.2%  51.5 1422s
 204427 123753 1116045.04   83  247 1322315.14 460434.339  65.2%  51.6 1425s
 205060 124122 510630.550   60  268 1322315.14 460434.339  65.2%  51.7 1430s
H205087 124122                    1319578.8162 460434.339  65.1%  51.8 1430s
H205316 124421                    1319575.5469 460434.339  65.1%  51.9 1434s
 205494 124534 996531.447  103  257 1319575.55 460434.339  65.1%  51.9 1436s
 205889 124824 533667.979   57  318 1319575.55 460434.339  65.1%  52.0 1440s
H205915 124824                    1318507.7354 460434.339  65.1%  52.0 1440s
 206505 125035     cutoff  105      1318507.74 460434.339  65.1%  52.0 1445s
 207066 125187 infeasible  123      1318507.74 460434.339  65.1%  52.1 1450s
 207420 125391 1085432.26   99  263 1318507.74 460434.339  65.1%  52.3 1455s
H207688 125490                    1318063.8535 460434.339  65.1%  52.4 1459s
H207803 125490                    1317593.2948 460434.339  65.1%  52.4 1459s
 207845 125554 827186.968   73  296 1317593.29 460434.339  65.1%  52.4 1460s
 208477 126196     cutoff  101      1317593.29 460434.339  65.1%  52.5 1466s
H208890 126422                    1317593.2575 460434.339  65.1%  52.5 1468s
 209146 126544 662338.472   58  304 1317593.26 460434.339  65.1%  52.5 1470s
H209618 126741                    1317176.1258 460434.339  65.0%  52.6 1474s
 209710 126826 816700.076   64  283 1317176.13 460434.339  65.0%  52.6 1476s
 210075 126942 1112650.85   82  280 1317176.13 460434.339  65.0%  52.8 1480s
 210338 127059 1113172.95   88  277 1317176.13 460434.339  65.0%  53.0 1485s
H210726 127387                    1317009.3382 460434.339  65.0%  53.0 1490s
H211146 127441                    1317000.5641 460434.339  65.0%  53.1 1494s
H211182 127441                    1316496.4615 460434.339  65.0%  53.2 1494s
 211235 127471     cutoff   92      1316496.46 460434.339  65.0%  53.2 1495s
H211479 127510                    1315457.2198 460434.339  65.0%  53.4 1499s
 211552 127633     cutoff  115      1315457.22 460434.339  65.0%  53.4 1501s
 212020 127785 infeasible  115      1315457.22 460434.339  65.0%  53.6 1506s
H212392 128024                    1315188.1146 460434.339  65.0%  53.7 1510s
 212552 128207 815974.888   99  240 1315188.11 460434.339  65.0%  53.8 1516s
 213135 128307 1238822.23  107  236 1315188.11 460434.339  65.0%  53.8 1520s
H213252 128307                    1314765.7460 460434.339  65.0%  53.8 1520s
H213476 128411                    1314645.4818 460434.339  65.0%  53.9 1524s
 213618 128453     cutoff   95      1314645.48 460434.339  65.0%  53.9 1526s
 213976 128906 713060.497   99  244 1314645.48 460434.339  65.0%  54.0 1530s
H214334 129034                    1314566.1091 460434.339  65.0%  54.0 1533s
 214568 129091 1224676.94  117  222 1314566.11 460434.339  65.0%  54.0 1536s
 215017 129626 485071.193   70  307 1314566.11 460434.339  65.0%  54.1 1540s
H215573 130524                    1314564.1846 460434.339  65.0%  54.0 1543s
 216491 131192 625603.919   55  329 1314564.18 460434.339  65.0%  53.8 1545s
 217802 132458 472773.911   57  305 1314564.18 460434.339  65.0%  53.6 1551s
 219043 133648 927329.876   71  294 1314564.18 460434.339  65.0%  53.4 1556s
 219637 134136 1243764.81   78  273 1314564.18 460434.339  65.0%  53.3 1561s
 220361 134219 1243665.97   86  274 1314564.18 460434.339  65.0%  53.3 1565s
 220628 134328 1249662.03   89  279 1314564.18 460434.339  65.0%  53.5 1570s
H220838 134377                    1314537.7713 460434.339  65.0%  53.6 1571s
 221060 134634 527338.138   83  254 1314537.77 460434.339  65.0%  53.7 1576s
 221721 135034 1071334.92  125  207 1314537.77 460434.339  65.0%  53.7 1580s
 222137 135090 482833.577   72  300 1314537.77 460434.339  65.0%  53.7 1585s
 222466 135135 958909.232   78  289 1314537.77 460434.339  65.0%  53.8 1591s
 222882 135369     cutoff  105      1314537.77 460434.339  65.0%  53.9 1596s
 223525 135721 521959.651   69  299 1314537.77 460434.339  65.0%  54.0 1601s
 224220 136442 1019108.96  136  197 1314537.77 460434.339  65.0%  53.9 1605s
 224980 136616 infeasible  108      1314537.77 460434.339  65.0%  54.0 1610s
H225316 136660                    1313321.2944 460434.339  64.9%  54.1 1613s
 225359 136705 1243594.36  103  250 1313321.29 460434.339  64.9%  54.1 1615s
H225751 136828                    1313186.1736 460434.339  64.9%  54.3 1619s
 225846 136850 1198294.48   98  238 1313186.17 460434.339  64.9%  54.3 1621s
 226186 137234 790728.191   60  306 1313186.17 460434.339  64.9%  54.5 1625s
 226753 137582 1220285.79   70  300 1313186.17 460434.339  64.9%  54.6 1633s
H226764 137582                    1313183.1016 460434.339  64.9%  54.6 1633s
 226877 137729 1213149.53   69  317 1313183.10 460434.339  64.9%  54.7 1635s
 227389 137947 1216445.00   84  275 1313183.10 460434.339  64.9%  54.8 1640s
 227710 138016 1075933.09   85  253 1313183.10 460434.339  64.9%  55.0 1645s
 228048 138147     cutoff  112      1313183.10 460434.339  64.9%  55.2 1652s
H228344 138207                    1312891.0878 460434.339  64.9%  55.2 1654s
 228423 138235     cutoff  121      1312891.09 460434.339  64.9%  55.2 1656s
 228848 138394     cutoff  108      1312891.09 460434.339  64.9%  55.3 1660s
 229424 138845 509538.534   69  297 1312891.09 460434.339  64.9%  55.4 1665s
H229555 138845                    1312327.6429 460434.339  64.9%  55.4 1665s
H230508 139353                    1312238.8315 460434.339  64.9%  55.3 1669s
 230553 139471     cutoff  142      1312238.83 460434.339  64.9%  55.3 1671s
 231033 139584 493205.624   73  296 1312238.83 460434.339  64.9%  55.3 1675s
 231528 139661 1022709.79  104  244 1312238.83 460434.339  64.9%  55.4 1680s
H231608 139661                    1312238.8229 460434.339  64.9%  55.4 1680s
 231974 139721 586777.462   79  267 1312238.82 460434.339  64.9%  55.6 1686s
 232465 139871 481158.121   54  295 1312238.82 460434.339  64.9%  55.6 1691s
H232814 139903                    1311802.9742 460434.339  64.9%  55.7 1693s
 232846 140032     cutoff  114      1311802.97 460434.339  64.9%  55.7 1695s
 233738 141200 1037313.51  300  183 1311802.97 460434.339  64.9%  55.7 1702s
 234323 141725 1047414.42  818  182 1311802.97 460434.339  64.9%  55.6 1706s
H234853 141725                    1311802.9729 460434.339  64.9%  55.5 1706s
 235456 142701 1088268.18 1670  174 1311802.97 460434.339  64.9%  55.4 1711s
 236647 143690 1162312.42 2345  156 1311802.97 460434.339  64.9%  55.2 1716s
 237291 143842 1223726.99  108  247 1311802.97 460434.339  64.9%  55.2 1721s
 237640 143888 472426.464   39  347 1311802.97 460434.339  64.9%  55.3 1726s
H237734 144002                    1311802.8260 460434.339  64.9%  55.4 1728s
H237956 144068                    1311784.4154 460434.339  64.9%  55.4 1730s
 238632 144410 1275067.54  131  217 1311784.42 460434.339  64.9%  55.4 1735s
 239106 144469     cutoff  108      1311784.42 460434.339  64.9%  55.5 1741s
 239515 144549 666161.152   71  293 1311784.42 460434.339  64.9%  55.7 1746s
H239606 144632                    1311708.1501 460434.339  64.9%  55.7 1748s
 239733 144652 959867.233   78  279 1311708.15 460434.339  64.9%  55.7 1753s
H239781 144652                    1310339.0959 460434.339  64.9%  55.7 1753s
 239782 144708 959867.233   80  282 1310339.10 460434.339  64.9%  55.7 1755s
H239844 144708                    1310306.6507 460434.339  64.9%  55.8 1755s
 240157 144807 965006.755   83  254 1310306.65 460434.339  64.9%  55.9 1760s
H240282 144851                    1309961.3893 460434.339  64.9%  56.0 1762s
 240488 144871 1236548.29   93  245 1309961.39 460434.339  64.9%  56.1 1766s
 240859 144911 1239164.75   92  259 1309961.39 460434.339  64.9%  56.2 1770s
H241128 144995                    1309950.8533 460434.339  64.9%  56.2 1772s
 241519 145416 1030165.16   88  264 1309950.85 460434.339  64.9%  56.2 1776s
 242188 145806 1265859.06   96  259 1309950.85 460434.339  64.9%  56.2 1781s
H242290 145806                    1309950.8466 460434.339  64.9%  56.2 1781s
 242609 145854 1264801.07   95  271 1309950.85 460434.339  64.9%  56.4 1786s
 243107 145960 953325.594   78  260 1309950.85 460434.339  64.9%  56.5 1791s
H243270 146009                    1309717.5820 460434.339  64.8%  56.6 1793s
 243322 146117 infeasible   86      1309717.58 460434.339  64.8%  56.7 1795s
H243323 146117                    1309597.4884 460434.339  64.8%  56.7 1795s
H243515 146157                    1309554.3130 460434.339  64.8%  56.8 1798s
 243560 146231     cutoff  105      1309554.31 460434.339  64.8%  56.8 1800s
 243926 146435 655536.184   88  256 1309554.31 460434.339  64.8%  57.2 1806s
H244103 146656                    1309552.8090 460434.339  64.8%  57.3 1809s
H244268 146656                    1309326.7805 460434.339  64.8%  57.3 1809s
 244350 146901 819148.585   86  257 1309326.78 460434.339  64.8%  57.3 1811s
H244650 147034                    1309179.6806 460434.339  64.8%  57.3 1814s
H244798 147034                    1308827.0318 460434.339  64.8%  57.3 1814s
 244913 147119 1100257.38   89  250 1308827.03 460434.339  64.8%  57.3 1817s
 245140 147107 1124943.75   92  254 1308827.03 460434.339  64.8%  57.4 1820s
 245726 147181     cutoff   97      1308827.03 460434.339  64.8%  57.5 1826s
 245995 147305 472426.464   43  328 1308827.03 460434.339  64.8%  57.7 1831s
 246493 147611 908503.930  107  237 1308827.03 460434.339  64.8%  57.8 1835s
 247202 148078 1125369.20  104  226 1308827.03 460434.339  64.8%  57.8 1840s
H247544 148130                    1308761.8731 460434.339  64.8%  57.9 1845s
 247960 148324     cutoff  103      1308761.87 460434.339  64.8%  58.0 1850s
 248559 148526 961170.366   95  244 1308761.87 460434.339  64.8%  58.2 1857s
 248836 148579 466330.710   48  313 1308761.87 460434.339  64.8%  58.2 1860s
H249189 148584                    1308693.3296 460434.339  64.8%  58.3 1863s
 249359 148869 487506.696   61  306 1308693.33 460434.339  64.8%  58.3 1865s
H250296 150078                    1308653.4253 460434.339  64.8%  58.3 1873s
 251126 150796 1134739.38 1025  186 1308653.43 460434.339  64.8%  58.1 1876s
 251882 151435 1140848.36 1661  183 1308653.43 460434.339  64.8%  58.0 1880s
 253182 152512 1228265.98 2814  183 1308653.43 460434.339  64.8%  57.9 1885s
 254200 152795 910229.710   91  258 1308653.43 460434.339  64.8%  57.8 1891s
 254876 153052     cutoff  107      1308653.43 460434.339  64.8%  57.9 1896s
 255585 153595 1064286.39   65  269 1308653.43 460434.339  64.8%  58.0 1901s
 255984 153779 1060324.18   71  300 1308653.43 460434.339  64.8%  58.1 1905s
 256462 153983     cutoff   82      1308653.43 460434.339  64.8%  58.3 1910s
 256872 154194 infeasible   95      1308653.43 460434.339  64.8%  58.5 1915s
 257423 154425 infeasible   91      1308653.43 460434.339  64.8%  58.6 1920s
 258295 155240 803311.495   91  241 1308653.43 460434.339  64.8%  58.6 1928s
H258649 155294                    1308158.9101 460434.339  64.8%  58.6 1931s
 259292 155514 479075.130   46  305 1308158.91 460434.339  64.8%  58.7 1935s
H259786 155800                    1308158.9074 460434.339  64.8%  58.9 1941s
 260140 155911 955876.924   66  291 1308158.91 460434.339  64.8%  59.1 1946s
 260387 156003 938286.239   71  288 1308158.91 460434.339  64.8%  59.3 1950s
 260779 156344     cutoff   82      1308158.91 460434.339  64.8%  59.5 1955s
H261366 156743                    1308090.7583 460434.339  64.8%  59.5 1958s
 261473 157370 901323.252   98  230 1308090.76 460434.339  64.8%  59.5 1960s
 262627 158220 935221.608  100  223 1308090.76 460434.339  64.8%  59.4 1965s
 263741 158796 infeasible  112      1308090.76 460434.339  64.8%  59.3 1971s
H264090 158793                    1308030.3452 460434.339  64.8%  59.4 1973s
 264363 158926 711390.892   95  259 1308030.35 460434.339  64.8%  59.4 1975s
 264874 159123 1215161.03  120  208 1308030.35 460434.339  64.8%  59.5 1980s
 265507 159286 858282.683   83  258 1308030.35 460434.339  64.8%  59.6 1986s
 266005 159296     cutoff   95      1308030.35 460434.339  64.8%  59.7 1991s
H266046 159296                    1307972.1741 460434.339  64.8%  59.7 1991s
H266156 159296                    1307611.4531 460434.339  64.8%  59.8 1994s
 266157 159303 1156710.93   93  238 1307611.45 460434.339  64.8%  59.8 1996s
 266609 159384 1089179.24   90  259 1307611.45 460434.339  64.8%  60.0 2000s
H266791 159481                    1307074.7800 460434.339  64.8%  60.0 2002s
H267024 159576                    1307023.4438 460434.339  64.8%  60.1 2006s
 267417 159987 618480.929   63  298 1307023.44 460434.339  64.8%  60.3 2012s
 267774 160231 774781.437   72  291 1307023.44 460434.339  64.8%  60.4 2016s
 268097 160454 1075184.05   79  285 1307023.44 460434.339  64.8%  60.6 2020s
 268461 160710 1229213.49   92  266 1307023.44 460434.339  64.8%  60.8 2025s
 268835 160851     cutoff  105      1307023.44 460434.339  64.8%  61.0 2030s
 269441 161749 918578.566  194  190 1307023.44 460434.339  64.8%  61.1 2037s
H269928 161749                    1306827.9352 460434.339  64.8%  61.0 2037s
 269955 162339 1033482.37  499  177 1306827.94 460434.339  64.8%  61.0 2040s
 271168 163350 1053480.77 1479  160 1306827.94 460434.339  64.8%  60.8 2045s
 272372 164591 1056668.88 2519  150 1306827.94 460434.339  64.8%  60.6 2050s
 273912 165303 infeasible 3410      1306827.94 460434.339  64.8%  60.4 2055s
 274491 165517 1111479.75  106  235 1306827.94 460434.339  64.8%  60.5 2061s
H274746 165623                    1306481.2768 460434.339  64.8%  60.6 2064s
 274892 165770 1098710.86   96  248 1306481.28 460434.339  64.8%  60.6 2065s
 275469 166007 1074540.92   67  294 1306481.28 460434.339  64.8%  60.7 2070s
 275944 166145 1241432.64   97  265 1306481.28 460434.339  64.8%  60.9 2075s
 276062 166163 1241432.64   99  264 1306481.28 460434.339  64.8%  60.9 2080s
H276442 166320                    1306478.4778 460434.339  64.8%  61.1 2084s
 276571 166480 488147.848   79  301 1306478.48 460434.339  64.8%  61.1 2086s
 276817 166614 712382.274  103  243 1306478.48 460434.339  64.8%  61.1 2090s
 277411 166789 1291524.29  117  219 1306478.48 460434.339  64.8%  61.2 2095s
H277605 166830                    1306467.0312 460434.339  64.8%  61.3 2097s
H277645 166851                    1306320.1260 460434.339  64.8%  61.3 2099s
 277782 166897     cutoff  109      1306320.13 460434.339  64.8%  61.3 2100s
 278389 167105     cutoff  114      1306320.13 460434.339  64.8%  61.3 2105s
 279072 167479 1245207.53   88  276 1306320.13 460434.339  64.8%  61.4 2111s
 279443 167650     cutoff  114      1306320.13 460434.339  64.8%  61.6 2116s
 279995 168222 953630.050  107  219 1306320.13 460434.339  64.8%  61.6 2120s
H280122 168220                    1306159.2923 460434.339  64.7%  61.6 2120s
 280754 168438     cutoff  122      1306159.29 460434.339  64.7%  61.7 2126s
 281100 168587 infeasible  109      1306159.29 460434.339  64.7%  61.9 2131s
 281646 168850     cutoff  121      1306159.29 460434.339  64.7%  61.9 2136s
 281992 169078 821638.935   94  250 1306159.29 460434.339  64.7%  62.0 2140s
 282514 169386 1044194.98  110  230 1306159.29 460434.339  64.7%  62.0 2145s
 283112 169747     cutoff  134      1306159.29 460434.339  64.7%  62.1 2150s
 283622 169948 1207167.73  110  233 1306159.29 460434.339  64.7%  62.2 2155s
H283873 170033                    1306094.0875 460434.339  64.7%  62.2 2157s
 284142 170245 infeasible  113      1306094.09 460434.339  64.7%  62.3 2160s
 284598 170389 1200797.79   99  234 1306094.09 460434.339  64.7%  62.4 2165s
 284992 170666     cutoff   96      1306094.09 460434.339  64.7%  62.6 2171s
 285226 170877 702822.829   52  316 1306094.09 460434.339  64.7%  62.6 2175s
 285951 171192 infeasible  103      1306094.09 460434.339  64.7%  62.6 2181s
 286397 171327 762303.109   57  307 1306094.09 460434.339  64.7%  62.8 2187s
 286768 171456 1271434.21  105  262 1306094.09 460434.339  64.7%  62.8 2191s
 287191 171617     cutoff  118      1306094.09 460434.339  64.7%  62.9 2195s
 287638 171826 738843.120   95  229 1306094.09 460434.339  64.7%  62.9 2200s
H287985 171995                    1306087.8095 460434.339  64.7%  63.0 2203s
 288020 172237 1098197.81  130  207 1306087.81 460434.339  64.7%  63.0 2206s
 288721 172309 1201940.19  100  259 1306087.81 460434.339  64.7%  63.0 2211s
 289164 172437     cutoff  107      1306087.81 460434.339  64.7%  63.1 2216s
 289510 172556 933893.174   58  304 1306087.81 460434.339  64.7%  63.2 2220s
 290011 172860 939889.237   61  310 1306087.81 460434.339  64.7%  63.4 2226s
H290231 172882                    1306076.9566 460434.339  64.7%  63.4 2229s
 290362 173058     cutoff   69      1306076.96 460434.339  64.7%  63.4 2231s
 290751 173254 1093166.38   76  268 1306076.96 460434.339  64.7%  63.5 2235s
 291207 173428 1106026.83   78  267 1306076.96 460434.339  64.7%  63.7 2242s
 291408 173469     cutoff   82      1306076.96 460434.339  64.7%  63.8 2245s
 291678 173608 infeasible  100      1306076.96 460434.339  64.7%  63.9 2250s
 292256 173829 467182.697   65  298 1306076.96 460434.339  64.7%  64.1 2256s
 292798 173915 503943.202   57  313 1306076.96 460434.339  64.7%  64.1 2263s
 292913 174149     cutoff   98      1306076.96 460434.339  64.7%  64.2 2266s
 293605 174391     cutoff   98      1306076.96 460434.339  64.7%  64.2 2271s
 294121 174519 1141329.88  101  221 1306076.96 460434.339  64.7%  64.2 2276s
 294538 174613 infeasible  102      1306076.96 460434.339  64.7%  64.3 2281s
 295025 174687     cutoff  111      1306076.96 460434.339  64.7%  64.3 2286s
H295026 174687                    1305987.1397 460434.339  64.7%  64.3 2286s
H295157 174687                    1305641.9127 460434.339  64.7%  64.4 2286s
 295543 175069 1236166.78   92  276 1305641.91 460434.339  64.7%  64.4 2291s
 295949 175218 1232013.46  101  237 1305641.91 460434.339  64.7%  64.5 2295s
H296142 175326                    1305641.8410 460434.339  64.7%  64.6 2298s
 296233 175689 478450.715   63  302 1305641.84 460434.339  64.7%  64.6 2301s
 296682 176382 1123670.35  117  205 1305641.84 460434.339  64.7%  64.6 2305s
H297595 176892                    1305168.5216 460434.339  64.7%  64.5 2308s
 298063 177582 466330.710   40  368 1305168.52 460434.339  64.7%  64.4 2313s
 298787 178420 1219827.86  127  204 1305168.52 460434.339  64.7%  64.3 2316s
 300181 179476 480909.785   56  321 1305168.52 460434.339  64.7%  64.0 2322s
 300757 180008 972508.215  107  234 1305168.52 460434.339  64.7%  63.9 2325s
 302102 180990     cutoff   90      1305168.52 460434.339  64.7%  63.7 2331s
 302801 181688 498799.126   50  302 1305168.52 460434.339  64.7%  63.7 2336s
 303546 182468 934745.161   60  294 1305168.52 460434.339  64.7%  63.6 2343s
 303942 182847 1082026.24   61  310 1305168.52 460434.339  64.7%  63.6 2345s
H304067 182847                    1304976.6609 460434.339  64.7%  63.6 2345s
 304715 183565 1232708.71   72  273 1304976.66 460434.339  64.7%  63.5 2350s
H305296 183737                    1304961.6509 460434.339  64.7%  63.5 2353s
H305461 183784                    1304958.3252 460434.339  64.7%  63.6 2354s
 305483 183855 1255564.79   79  237 1304958.33 460434.339  64.7%  63.6 2356s
H305722 183885                    1304911.4438 460434.339  64.7%  63.7 2359s
 305750 183867 infeasible   83      1304911.44 460434.339  64.7%  63.7 2360s
 306219 184135 1215883.96   87  274 1304911.44 460434.339  64.7%  63.9 2366s
 306702 184292     cutoff  106      1304911.44 460434.339  64.7%  64.0 2371s
H307028 184509                    1304909.5265 460434.339  64.7%  64.0 2372s
 307410 184888 952557.321  101  251 1304909.53 460434.339  64.7%  64.0 2375s
 308001 185183 672669.190   66  297 1304909.53 460434.339  64.7%  64.0 2380s
H308268 185291                    1304772.2952 460434.339  64.7%  64.1 2387s
 308416 185382 1133577.38   85  279 1304772.30 460434.339  64.7%  64.2 2390s
 308911 185577 1201292.48  100  260 1304772.30 460434.339  64.7%  64.3 2395s
 309326 185661     cutoff   99      1304772.30 460434.339  64.7%  64.4 2400s
H309573 185658                    1304703.3154 460434.339  64.7%  64.5 2402s
 309823 185748 infeasible   94      1304703.32 460434.339  64.7%  64.5 2405s
 310284 186111 1231767.08   90  282 1304703.32 460434.339  64.7%  64.7 2410s
H310568 186187                    1304681.1530 460434.339  64.7%  64.8 2413s
H310599 186187                    1304643.3386 460434.339  64.7%  64.9 2413s
 310675 186191 642224.044   68  303 1304643.34 460434.339  64.7%  64.9 2415s
 311281 186532 966903.871   85  278 1304643.34 460434.339  64.7%  65.0 2420s
H311691 186797                    1304571.9539 460434.339  64.7%  65.1 2424s
 311817 186830     cutoff  101      1304571.95 460434.339  64.7%  65.2 2426s
 312187 186976 1139123.33   90  267 1304571.95 460434.339  64.7%  65.3 2431s
 312426 187087 632966.246   87  250 1304571.95 460434.339  64.7%  65.5 2436s
 312678 187403 704845.197   88  284 1304571.95 460434.339  64.7%  65.7 2440s
H312951 187431                    1304571.9432 460434.339  64.7%  65.7 2442s
 313276 187542     cutoff  121      1304571.94 460434.339  64.7%  65.8 2445s
 313818 187715 infeasible  108      1304571.94 460434.339  64.7%  65.9 2451s
H313911 187715                    1304567.8333 460434.339  64.7%  66.0 2451s
 314069 187866     cutoff  116      1304567.83 460434.339  64.7%  66.1 2455s
H314277 187982                    1304553.1691 460434.339  64.7%  66.1 2457s
 314724 188110     cutoff   99      1304553.17 460434.339  64.7%  66.2 2461s
 315194 188288 1055831.47   55  320 1304553.17 460434.339  64.7%  66.4 2466s
 315575 188453 1301370.29  123  223 1304553.17 460434.339  64.7%  66.5 2470s
 316148 188691     cutoff  115      1304553.17 460434.339  64.7%  66.7 2476s
H316309 188753                    1304544.2359 460434.339  64.7%  66.7 2478s
 316504 188807 977896.718   92  273 1304544.24 460434.339  64.7%  66.7 2480s
 317065 189686     cutoff   99      1304544.24 460434.339  64.7%  66.8 2487s
 317623 190093     cutoff   98      1304544.24 460434.339  64.7%  66.8 2490s
H317650 190093                    1304543.6800 460434.339  64.7%  66.8 2490s
 318678 190883     cutoff   95      1304543.68 460434.339  64.7%  66.6 2495s
 319500 191776 637404.361   82  294 1304543.68 460434.339  64.7%  66.5 2500s
 320527 192684     cutoff  116      1304543.68 460434.339  64.7%  66.4 2506s
 321576 193321     cutoff  109      1304543.68 460434.339  64.7%  66.2 2510s
 322155 193482     cutoff   73      1304543.68 460434.339  64.7%  66.3 2515s
 322635 193810 1231082.12  112  247 1304543.68 460434.339  64.7%  66.3 2520s
 323152 193922     cutoff  117      1304543.68 460434.339  64.7%  66.3 2526s
 323583 194067     cutoff  105      1304543.68 460434.339  64.7%  66.4 2530s
H323584 194067                    1304543.4349 460434.339  64.7%  66.4 2530s
H323948 194211                    1304543.2052 460434.339  64.7%  66.4 2534s
 324090 194211     cutoff   93      1304543.21 460434.339  64.7%  66.4 2535s
 324471 194483 1206086.80   57  299 1304543.21 460434.339  64.7%  66.5 2540s
H324770 194634                    1304543.2024 460434.339  64.7%  66.5 2543s
 325082 194716 1115526.59  102  241 1304543.20 460434.339  64.7%  66.6 2546s
 325555 194872 1248929.04   91  244 1304543.20 460434.339  64.7%  66.6 2551s
H325788 195059                    1304536.8074 460434.339  64.7%  66.7 2553s
 325878 195234 1086655.06   84  293 1304536.81 460434.339  64.7%  66.7 2555s
 326163 195347 1050094.23   83  281 1304536.81 460434.339  64.7%  66.8 2560s
 326671 195535     cutoff   98      1304536.81 460434.339  64.7%  67.0 2566s
H326830 195634                    1304536.7949 460434.339  64.7%  67.1 2569s
 326976 195694 1158024.01  114  208 1304536.79 460434.339  64.7%  67.1 2571s
 327379 195780     cutoff   89      1304536.79 460434.339  64.7%  67.3 2575s
H327700 195898                    1304536.4831 460434.339  64.7%  67.3 2578s
 327784 196419 474445.332   94  260 1304536.48 460434.339  64.7%  67.3 2581s
 329119 197759 964379.464  504  173 1304536.48 460434.339  64.7%  67.1 2588s
 329871 198385 1003505.78  959  164 1304536.48 460434.339  64.7%  67.0 2591s
 330832 198478 1215977.05  108  236 1304536.48 460434.339  64.7%  66.9 2595s
 331436 198652 1150137.20  127  198 1304536.48 460434.339  64.7%  67.0 2601s
H331502 198652                    1304303.3306 460434.339  64.7%  67.0 2601s
H331503 198752                    1304280.3262 460434.339  64.7%  67.0 2603s
 331683 198805 1153739.58  133  215 1304280.33 460434.339  64.7%  67.0 2605s
 332363 199113 1060965.13  113  223 1304280.33 460434.339  64.7%  67.2 2611s
 332795 199644 893185.302  115  234 1304280.33 460434.339  64.7%  67.3 2616s
 333640 200386 1137608.13  479  189 1304280.33 460434.339  64.7%  67.1 2620s
 334470 200539     cutoff  714      1304280.33 460434.339  64.7%  67.1 2625s
 335020 200774 1204934.90  102  272 1304280.33 460434.339  64.7%  67.2 2630s
 335598 201132 1104920.76  100  255 1304280.33 460434.339  64.7%  67.4 2636s
H335763 201338                    1304262.3567 460434.339  64.7%  67.5 2639s
 336019 201510 981369.641  119  216 1304262.36 460434.339  64.7%  67.5 2641s
 336484 201701     cutoff  119      1304262.36 460434.339  64.7%  67.6 2645s
H336950 201737                    1304216.2330 460434.339  64.7%  67.6 2646s
 337488 202004 504675.580   55  348 1304216.23 460434.339  64.7%  67.6 2651s
 337902 202173 514478.803   66  285 1304216.23 460434.339  64.7%  67.6 2655s
 338575 202720 1121493.29   80  272 1304216.23 460434.339  64.7%  67.7 2660s
 339130 202998 1124966.43   94  266 1304216.23 460434.339  64.7%  67.9 2665s
 339590 203163 1133816.41  112  238 1304216.23 460434.339  64.7%  68.0 2670s
 340267 203379     cutoff   89      1304216.23 460434.339  64.7%  68.1 2675s
 340696 203504 968028.008   87  258 1304216.23 460434.339  64.7%  68.2 2680s
 340889 203508 1224046.02   99  245 1304216.23 460434.339  64.7%  68.2 2685s
 341418 204039 1078169.47  102  234 1304216.23 460434.339  64.7%  68.2 2690s
 342138 204214 1197187.62  100  241 1304216.23 460434.339  64.7%  68.2 2695s
 342468 204351     cutoff   95      1304216.23 460434.339  64.7%  68.4 2700s
 343041 204462 infeasible   98      1304216.23 460434.339  64.7%  68.4 2705s
H343217 204539                    1304215.9927 460434.339  64.7%  68.5 2707s
 343718 204737     cutoff  113      1304215.99 460434.339  64.7%  68.5 2710s
 344437 205218 632263.485   57  295 1304215.99 460434.339  64.7%  68.6 2716s
H344849 205436                    1304215.8593 460434.339  64.7%  68.7 2719s
 344930 205476 1074106.74   67  287 1304215.86 460434.339  64.7%  68.7 2721s
 345354 205759 1075137.35   74  261 1304215.86 460434.339  64.7%  68.9 2726s
 345853 205947     cutoff   87      1304215.86 460434.339  64.7%  69.0 2730s
 346352 206339 685875.271   95  252 1304215.86 460434.339  64.7%  69.1 2737s
 346886 206655 1141340.61  108  235 1304215.86 460434.339  64.7%  69.1 2742s
 347450 206806 524909.116   82  274 1304215.86 460434.339  64.7%  69.1 2746s
 348064 206958     cutoff  117      1304215.86 460434.339  64.7%  69.2 2751s
 348558 207133     cutoff  108      1304215.86 460434.339  64.7%  69.2 2755s
H349217 207353                    1304140.5849 460434.339  64.7%  69.3 2760s
 349855 207415 1060557.14   90  240 1304140.58 460434.339  64.7%  69.4 2765s
H350118 207463                    1304133.0145 460434.339  64.7%  69.5 2769s
 350202 207521 739998.607   85  246 1304133.01 460434.339  64.7%  69.5 2771s
 350584 207570 1006474.39   88  240 1304133.01 460434.339  64.7%  69.5 2775s
H351040 207990                    1303662.2392 460434.339  64.7%  69.5 2779s
 351313 208101 1300764.75  131  208 1303662.24 460434.339  64.7%  69.5 2780s
 351944 208319 515775.961   58  335 1303662.24 460434.339  64.7%  69.5 2786s
 352361 208522 1212944.83  106  241 1303662.24 460434.339  64.7%  69.6 2790s
H352575 208597                    1303655.6849 460434.339  64.7%  69.7 2792s
H352641 208705                    1303588.9976 460434.339  64.7%  69.7 2794s
 352702 208806 675430.415   90  267 1303589.00 460434.339  64.7%  69.7 2796s
 353047 209128 992253.738  106  241 1303589.00 460434.339  64.7%  69.8 2800s
 353586 209330 629379.576   59  322 1303589.00 460434.339  64.7%  69.9 2805s
H353727 209350                    1303588.9175 460434.339  64.7%  69.9 2807s
 354065 209566     cutoff  202      1303588.92 460434.339  64.7%  70.0 2810s
 354511 209759 infeasible  106      1303588.92 460434.339  64.7%  70.1 2816s
 355053 209880 1105727.25  113  229 1303588.92 460434.339  64.7%  70.1 2821s
 355526 210173 628571.358   72  298 1303588.92 460434.339  64.7%  70.2 2826s
 356019 210636 1079825.14  131  206 1303588.92 460434.339  64.7%  70.2 2830s
 356413 211040 1245867.35  327  189 1303588.92 460434.339  64.7%  70.1 2835s
 357417 211479 1258943.54  983  183 1303588.92 460434.339  64.7%  70.0 2840s
 357836 211659 1065170.84   80  276 1303588.92 460434.339  64.7%  70.1 2845s
 358314 211706 1156141.13   93  253 1303588.92 460434.339  64.7%  70.2 2850s
 358817 211879 1107470.95   91  254 1303588.92 460434.339  64.7%  70.2 2856s
 359349 211970 1249318.96  108  251 1303588.92 460434.339  64.7%  70.3 2861s
 359822 212479 665823.135  104  254 1303588.92 460434.339  64.7%  70.3 2866s
 360372 213209 1124547.87  190  183 1303588.92 460434.339  64.7%  70.3 2871s
 361573 213640     cutoff  201      1303588.92 460434.339  64.7%  70.2 2876s
 362387 213930     cutoff  211      1303588.92 460434.339  64.7%  70.2 2881s
 362838 213999     cutoff   95      1303588.92 460434.339  64.7%  70.3 2886s
 363189 213998     cutoff   98      1303588.92 460434.339  64.7%  70.4 2890s
 363735 214202 infeasible   95      1303588.92 460434.339  64.7%  70.5 2896s
 364585 215200 infeasible  178      1303588.92 460523.706  64.7%  70.5 2902s
 365646 216185 532551.414   69  304 1303588.92 460723.793  64.7%  70.4 2906s
 366685 216669 1108000.90   99  266 1303588.92 460723.793  64.7%  70.2 2910s
H366699 216669                    1303562.6083 460723.793  64.7%  70.2 2910s
H366706 216669                    1303387.1382 460723.793  64.7%  70.3 2910s
H366758 216704                    1303379.7722 460723.793  64.7%  70.2 2913s
H366759 216704                    1303217.5270 460723.793  64.6%  70.2 2913s
H366792 216704                    1303075.0734 460723.793  64.6%  70.3 2913s
 366813 216731 infeasible  100      1303075.07 460723.793  64.6%  70.2 2915s
H366818 216731                    1302646.3590 460723.793  64.6%  70.2 2915s
H366889 216750                    1302502.3067 460723.793  64.6%  70.3 2918s
H366936 216771                    1302500.6972 460723.793  64.6%  70.2 2920s
H366944 216771                    1302500.5659 460723.793  64.6%  70.2 2920s
H366951 216771                    1302498.9516 460723.793  64.6%  70.3 2921s
H366965 216771                    1302498.8112 460723.793  64.6%  70.3 2921s
H367031 216794                    1302497.6509 460723.793  64.6%  70.3 2923s
H367055 216794                    1302302.1652 460723.793  64.6%  70.3 2923s
 367063 216850 460723.793   38  363 1302302.17 460723.793  64.6%  70.2 2926s
H367087 216850                    1302279.6759 460723.793  64.6%  70.3 2926s
H367096 216850                    1302276.7758 460723.793  64.6%  70.3 2926s
H367104 216850                    1302173.8822 460723.793  64.6%  70.2 2926s
H367107 216850                    1301973.4716 460723.793  64.6%  70.2 2926s
H367131 216901                    1301938.1764 460841.851  64.6%  70.2 2929s
H367156 216901                    1301905.6645 460841.851  64.6%  70.2 2929s
H367178 216901                    1301844.2933 460841.851  64.6%  70.2 2929s
 367188 216948 968349.583   44  375 1301844.29 460841.851  64.6%  70.2 2931s
H367189 216948                    1301843.1384 460841.851  64.6%  70.2 2931s
H367190 216948                    1301842.1561 460841.851  64.6%  70.2 2931s
H367193 216948                    1301841.2303 460841.851  64.6%  70.2 2931s
H367199 216948                    1301833.5110 460841.851  64.6%  70.2 2931s
H367235 216948                    1301831.3719 460841.851  64.6%  70.2 2931s
H367238 216948                    1301788.3597 460841.851  64.6%  70.2 2931s
H367260 216995                    1301759.4893 460841.851  64.6%  70.2 2934s
H367270 216994                    1301658.2757 460841.851  64.6%  70.2 2934s
 367302 217038 753591.520   44  346 1301658.28 460841.851  64.6%  70.2 2937s
H367305 217038                    1301649.2118 460841.851  64.6%  70.2 2937s
H367307 217038                    1301629.3134 460841.851  64.6%  70.2 2937s
H367330 217038                    1301629.3132 460841.851  64.6%  70.2 2937s
H367350 217038                    1301629.3129 460841.851  64.6%  70.2 2937s
 367852 217678 761477.568   52  330 1301629.31 460841.851  64.6%  70.2 2942s
 368372 217889 762198.490   62  316 1301629.31 460841.851  64.6%  70.2 2945s
H368828 217989                    1300956.4927 460841.851  64.6%  70.3 2952s
 368944 218082 1225498.78   78  285 1300956.49 460841.851  64.6%  70.4 2955s
H369069 218106                    1300942.6276 460841.851  64.6%  70.4 2956s
 369398 218237     cutoff   95      1300942.63 460841.851  64.6%  70.6 2961s
 369959 218491 913670.298   32  356 1300942.63 460841.851  64.6%  70.6 2965s
 370424 218642     cutoff   84      1300942.63 460841.851  64.6%  70.8 2971s
 370787 218832 936766.830   97  228 1300942.63 460841.851  64.6%  70.9 2975s
 371093 219033 1006002.98  101  237 1300942.63 460841.851  64.6%  71.0 2981s
 371367 219252 1180896.57  106  228 1300942.63 460841.851  64.6%  71.2 2985s
 371796 219333 infeasible  107      1300942.63 460841.851  64.6%  71.2 2990s
 372239 219405 629578.600   45  296 1300942.63 460841.851  64.6%  71.3 2995s
H372369 219405                    1300938.2876 460841.851  64.6%  71.3 2995s
H372573 219569                    1300847.7910 460841.851  64.6%  71.3 2998s
 372755 219797 615785.324   29  353 1300847.79 460896.911  64.6%  71.4 3001s
 373299 220178     cutoff   60      1300847.79 460896.911  64.6%  71.4 3006s
 373703 220239 infeasible   90      1300847.79 460896.911  64.6%  71.6 3011s
H373947 220350                    1300830.6590 460896.911  64.6%  71.7 3014s
 374071 220480 618071.998   41  307 1300830.66 460896.911  64.6%  71.7 3016s
 374521 220656 1138377.04   98  261 1300830.66 460896.911  64.6%  71.8 3020s
H375056 221272                    1300782.9696 460896.911  64.6%  71.8 3026s
 375715 221616 1246707.11  108  224 1300782.97 460896.911  64.6%  71.8 3030s
H376144 221683                    1300768.5188 460896.911  64.6%  71.9 3033s
 376145 221761 1236534.66   99  237 1300768.52 460896.911  64.6%  71.9 3035s
 376930 222050     cutoff   72      1300768.52 460896.911  64.6%  72.0 3041s
 377290 222104 1264257.53   76  242 1300768.52 460896.911  64.6%  72.1 3046s
H377730 222404                    1300712.9484 460896.911  64.6%  72.2 3053s
 377811 222516     cutoff   79      1300712.95 460896.911  64.6%  72.2 3055s
H377830 222516                    1300625.2485 460896.911  64.6%  72.2 3055s
 378269 222678 631681.174   39  321 1300625.25 460896.911  64.6%  72.2 3061s
 378902 222869     cutoff   92      1300625.25 460896.911  64.6%  72.3 3066s
 379174 223111 615610.032   79  275 1300625.25 460896.911  64.6%  72.3 3070s
H379678 223377                    1300625.1096 460896.911  64.6%  72.4 3074s
 379772 223521 1214161.19   44  313 1300625.11 460896.911  64.6%  72.4 3075s
 380190 223721 1211135.89   62  287 1300625.11 460896.911  64.6%  72.5 3080s
 380632 223990 470790.914   47  311 1300625.11 460896.911  64.6%  72.6 3085s
 381168 224373 1072463.61   94  244 1300625.11 460896.911  64.6%  72.7 3092s
 381466 224537     cutoff   87      1300625.11 460944.940  64.6%  72.8 3096s
 381730 224540     cutoff   84      1300625.11 460944.940  64.6%  72.9 3100s
 382468 225082 519229.137   67  299 1300625.11 460944.940  64.6%  72.9 3106s
 382925 225418 648297.386   78  281 1300625.11 460944.940  64.6%  72.9 3111s
 383871 226330 1163419.29  517  163 1300625.11 460944.940  64.6%  72.9 3115s
 385117 226824     cutoff  113      1300625.11 461021.522  64.6%  72.8 3121s
 385650 226958 829206.036   99  243 1300625.11 461021.522  64.6%  72.9 3126s
 386191 227057 1271955.05  100  254 1300625.11 461021.522  64.6%  73.0 3131s
 386698 227131 1128367.97   99  252 1300625.11 461021.522  64.6%  73.1 3135s
 387176 227437 1110178.88  100  243 1300625.11 461021.522  64.6%  73.2 3141s
 387773 227606 973641.354   72  239 1300625.11 461021.522  64.6%  73.3 3146s
 388206 227828 980886.502   80  253 1300625.11 461021.522  64.6%  73.4 3151s
 388623 227956 981871.904   80  257 1300625.11 461021.522  64.6%  73.5 3155s
 388938 228101 1125190.93   80  257 1300625.11 461033.970  64.6%  73.6 3160s
 389222 228145     cutoff  110      1300625.11 461186.635  64.5%  73.7 3166s
 389660 228502 518920.018   63  302 1300625.11 461186.635  64.5%  73.7 3170s
 390617 229112 1300442.39  113  222 1300625.11 461186.635  64.5%  73.6 3176s
 391120 229167     cutoff  100      1300625.11 461186.635  64.5%  73.6 3181s
 391447 229306 1287543.77   76  256 1300625.11 461186.635  64.5%  73.7 3185s
 391806 229422     cutoff   77      1300625.11 461186.635  64.5%  73.8 3190s
 392190 229496 infeasible  102      1300625.11 461186.635  64.5%  73.9 3196s
H392199 229496                    1300606.9982 461186.635  64.5%  73.9 3196s
H392227 229496                    1300479.1838 461186.635  64.5%  73.9 3196s
H392267 229495                    1300477.5864 461186.635  64.5%  74.0 3199s
H392275 229495                    1300460.9336 461186.635  64.5%  74.0 3199s
 392329 229595     cutoff  101      1300460.93 461228.132  64.5%  74.0 3201s
 392799 229634 1255707.00   90  261 1300460.93 461228.132  64.5%  74.0 3205s
H393104 229655                    1300434.1193 461228.132  64.5%  74.0 3208s
 393200 229665 1292282.76   90  273 1300434.12 461228.132  64.5%  74.0 3210s
H393612 230016                    1300272.1589 461232.499  64.5%  74.1 3214s
 393788 230206 1132853.68   89  260 1300272.16 461232.499  64.5%  74.1 3216s
H394018 230295                    1300240.9345 461232.499  64.5%  74.1 3219s
 394183 230379 731608.947   30  382 1300240.93 461232.499  64.5%  74.1 3221s
H394407 230379                    1300240.8754 461232.499  64.5%  74.1 3223s
H394484 230358                    1300199.5039 461232.499  64.5%  74.1 3224s
 394589 230324 1206168.52   88  265 1300199.50 461232.499  64.5%  74.2 3226s
 394883 230478 1060931.97   56  291 1300199.50 461289.678  64.5%  74.2 3230s
 395254 230606 1208283.70   80  265 1300199.50 461289.678  64.5%  74.4 3235s
H395314 230606                    1300185.7735 461296.751  64.5%  74.4 3235s
 395752 230748 1166548.76   94  250 1300185.77 461296.751  64.5%  74.4 3241s
 396069 231134 659967.717   68  280 1300185.77 461346.190  64.5%  74.5 3245s
H396731 231555                    1300148.5251 461346.190  64.5%  74.5 3249s
 396828 231684 1134103.23   90  245 1300148.53 461346.190  64.5%  74.5 3251s
 397178 231726 640523.629   51  383 1300148.53 461346.190  64.5%  74.5 3255s
 397653 231748 infeasible   81      1300148.53 461346.190  64.5%  74.6 3261s
 397894 231830 1203212.42   80  246 1300148.53 461346.190  64.5%  74.7 3265s
 398470 232091 infeasible   90      1300148.53 461346.190  64.5%  74.8 3270s
 398910 232218 infeasible  100      1300148.53 461346.190  64.5%  74.9 3276s
 399121 232240 1261427.87  101  249 1300148.53 461346.190  64.5%  75.0 3284s
H399208 232240                    1300139.4959 461346.190  64.5%  75.0 3284s
 399209 232275 1140732.99   98  228 1300139.50 461346.190  64.5%  75.0 3286s
 399478 232330 1075268.36   86  231 1300139.50 461346.190  64.5%  75.1 3290s
 399882 232550 1237501.30   91  249 1300139.50 461346.190  64.5%  75.2 3296s
 400369 232699     cutoff   88      1300139.50 461346.190  64.5%  75.3 3301s
 400725 232697     cutoff   89      1300139.50 461346.190  64.5%  75.3 3305s
 401283 232823 1227456.49   86  281 1300139.50 461346.190  64.5%  75.4 3311s
 401691 233305 915217.734   90  248 1300139.50 461346.190  64.5%  75.5 3315s
 402246 233471 929851.584   79  252 1300139.50 461346.190  64.5%  75.6 3321s
 402580 233542 1172567.94   91  236 1300139.50 461346.190  64.5%  75.6 3326s
 402918 233554 infeasible   82      1300139.50 461346.190  64.5%  75.7 3330s
 403406 233744 infeasible   91      1300139.50 461346.190  64.5%  75.8 3336s
H403477 233744                    1300134.8543 461346.190  64.5%  75.8 3336s
 403686 233809 1145779.56   88  236 1300134.85 461346.190  64.5%  75.9 3340s
 404156 234206 476584.479   47  316 1300134.85 461346.190  64.5%  76.0 3346s
H404306 234206                    1300113.2372 461346.190  64.5%  76.0 3346s
 404774 234549 1017406.47   96  249 1300113.24 461346.190  64.5%  76.0 3351s
 405129 234679 1123827.15  102  228 1300113.24 461346.190  64.5%  76.1 3355s
 405422 234685     cutoff  106      1300113.24 461346.190  64.5%  76.1 3360s
 405797 234766 1227745.10   86  269 1300113.24 461411.547  64.5%  76.3 3366s
H405853 234766                    1300083.2604 461411.547  64.5%  76.3 3366s
 406092 234974 669538.249   66  284 1300083.26 461411.547  64.5%  76.4 3370s
 406706 235454 681058.900   89  260 1300083.26 461411.547  64.5%  76.5 3377s
 407226 235731 1132525.92  101  246 1300083.26 461411.547  64.5%  76.5 3381s
 407696 235802     cutoff  101      1300083.26 461411.547  64.5%  76.6 3386s
 408057 235982 1208910.74   98  250 1300083.26 461411.547  64.5%  76.7 3390s
 408676 236096 1179137.47   96  240 1300083.26 461411.547  64.5%  76.8 3397s
 409030 236092 1013336.54   92  250 1300083.26 461411.547  64.5%  76.9 3403s
H409071 236091                    1299925.6967 461411.547  64.5%  76.9 3403s
 409072 236357 infeasible   96      1299925.70 461411.547  64.5%  76.9 3405s
 409724 236591 1080415.52   84  280 1299925.70 461411.547  64.5%  77.0 3411s
 410089 236648 infeasible   87      1299925.70 461411.547  64.5%  77.1 3416s
H410092 236648                    1299665.5251 461411.547  64.5%  77.1 3416s
 410519 236789     cutoff   85      1299665.53 461411.547  64.5%  77.1 3421s
 411006 236873     cutoff   89      1299665.53 461411.547  64.5%  77.2 3425s
 411317 237322 504966.520   83  274 1299665.53 461411.547  64.5%  77.2 3430s
 412093 237480 1013265.07   94  262 1299665.53 461411.547  64.5%  77.3 3436s
 412440 237704     cutoff  104      1299665.53 461411.547  64.5%  77.3 3441s
 413047 237829 infeasible   73      1299665.53 461411.547  64.5%  77.4 3446s
 413454 237891 1155066.83   89  252 1299665.53 461411.547  64.5%  77.4 3450s
 413931 237936     cutoff   87      1299665.53 461411.547  64.5%  77.6 3456s
 414337 238099 1097501.81   88  257 1299665.53 461411.547  64.5%  77.6 3461s
 414878 238201 1165813.09   89  255 1299665.53 461411.547  64.5%  77.7 3465s
 415128 238359 483892.048   84  280 1299665.53 461411.547  64.5%  77.7 3470s
 415592 239207 1096375.49  157  209 1299665.53 461411.547  64.5%  77.8 3476s
 416789 239673 1179549.97  986  187 1299665.53 461411.547  64.5%  77.6 3481s
 417392 239675 1046027.27   98  248 1299665.53 461411.547  64.5%  77.6 3485s
 417881 239793 1242946.10  103  244 1299665.53 461411.547  64.5%  77.7 3490s
 418368 239896 1278543.91  103  243 1299665.53 461411.547  64.5%  77.9 3496s
 418742 240068     cutoff   91      1299665.53 461411.547  64.5%  78.0 3500s
 419452 240417 774483.226  101  248 1299665.53 461411.547  64.5%  78.0 3506s
 419892 240554 1121042.00  129  210 1299665.53 461411.547  64.5%  78.1 3511s
 420503 240669 infeasible  119      1299665.53 461411.547  64.5%  78.1 3516s
 420989 240758 989542.850  122  239 1299665.53 461411.547  64.5%  78.1 3520s
 421430 240824 765372.726   95  252 1299665.53 461411.547  64.5%  78.2 3525s
 422108 241025     cutoff   86      1299665.53 461411.547  64.5%  78.3 3531s
 422532 241114     cutoff  108      1299665.53 461411.547  64.5%  78.3 3535s
H422716 241121                    1299664.7295 461411.547  64.5%  78.4 3538s
H422767 241155                    1299660.7661 461411.547  64.5%  78.4 3541s
H422795 241155                    1299657.8203 461411.547  64.5%  78.4 3541s
H422809 241155                    1299644.9140 461411.547  64.5%  78.4 3541s
H422815 241155                    1299626.3096 461411.547  64.5%  78.4 3541s
H422816 241155                    1299587.2205 461411.547  64.5%  78.4 3541s
H422817 241155                    1299474.7865 461411.547  64.5%  78.4 3541s
 423056 241437 887259.397  108  225 1299474.79 461411.547  64.5%  78.4 3545s
 423558 241480     cutoff  100      1299474.79 461411.547  64.5%  78.5 3551s
 423932 241601 498687.040   65  305 1299474.79 461411.547  64.5%  78.5 3555s
H423996 241601                    1299460.7697 461411.547  64.5%  78.6 3555s
 424343 241772 701476.555   71  304 1299460.77 461411.547  64.5%  78.7 3560s
H424447 241838                    1299460.4952 461411.547  64.5%  78.7 3563s
H424559 241915                    1299446.5800 461411.547  64.5%  78.8 3565s
 424820 242028 946390.270   81  279 1299446.58 461411.547  64.5%  78.8 3572s
H424865 242028                    1299423.1502 461411.547  64.5%  78.8 3572s
 424917 242088     cutoff   83      1299423.15 461411.547  64.5%  78.9 3575s
 425419 242483 1222821.37  103  235 1299423.15 461411.547  64.5%  79.0 3581s
 425862 242786 474558.528   55  306 1299423.15 461411.547  64.5%  79.0 3585s
H426228 242899                    1299412.9498 461411.547  64.5%  79.1 3587s
 426560 243003     cutoff   94      1299412.95 461411.547  64.5%  79.1 3591s
H426741 243087                    1299383.9211 461411.547  64.5%  79.1 3593s
 426927 243149 485307.303   44  324 1299383.92 461411.547  64.5%  79.2 3595s
 427357 243262 infeasible  113      1299383.92 461411.547  64.5%  79.2 3600s

Cutting planes:
  Implied bound: 44
  MIR: 273
  Flow cover: 258
  RLT: 93

Explored 427523 nodes (33870862 simplex iterations) in 3600.08 seconds (1643.54 work units)
Thread count was 2 (of 24 available processors)

Solution count 10: 1.29938e+06 1.29941e+06 1.29942e+06 ... 1.29964e+06

Time limit reached
Best objective 1.299383921080e+06, best bound 4.614115473190e+05, gap 64.4900%
