
Gurobi 11.0.3 (linux64, Java) logging started qui 18 dez 2025 20:54:10 -03

Set parameter WLSAccessID
Set parameter WLSSecret
Set parameter LicenseID to value 2566693
Academic license 2566693 - for non-commercial use only - registered to ja___@ufv.br
Set parameter NonConvex to value 2
Set parameter TimeLimit to value 3600
Set parameter LogToConsole to value 0
Set parameter MIPGap to value 4.7478399160473358e-08
Set parameter Threads to value 1
Set parameter NodefileDir to value "/home/ps12398/gp-momulap/goalProgrammingMarcos/"
Set parameter NodefileStart to value 0.1
Gurobi Optimizer version 11.0.3 build v11.0.3rc0 (linux64)

CPU model: Intel(R) Xeon(R) CPU           X5650  @ 2.67GHz, instruction set [SSE2]
Thread count: 12 physical cores, 24 logical processors, using up to 1 threads

Academic license 2566693 - for non-commercial use only - registered to ja___@ufv.br
Optimize a model with 62101 rows, 41913 columns and 208058 nonzeros
Model fingerprint: 0x6f077001
Model has 149 quadratic constraints
Variable types: 20886 continuous, 21027 integer (144 binary)
Coefficient statistics:
  Matrix range     [7e-03, 6e+06]
  QMatrix range    [7e-03, 1e+05]
  QLMatrix range   [1e+00, 1e+05]
  Objective range  [1e+00, 4e+07]
  Bounds range     [1e+00, 1e+08]
  RHS range        [1e+00, 1e+06]
  QRHS range       [3e-02, 3e-02]
Presolve removed 61160 rows and 40894 columns
Presolve time: 0.14s
Presolved: 2243 rows, 1411 columns, 69462 nonzeros
Presolved model has 2 SOS constraint(s)
Presolved model has 144 bilinear constraint(s)

Solving non-convex MIQCP

Variable types: 561 continuous, 850 integer (146 binary)
Found heuristic solution: objective 1.331318e+07

Root relaxation: objective 0.000000e+00, 504 iterations, 0.02 seconds (0.01 work units)

    Nodes    |    Current Node    |     Objective Bounds      |     Work
 Expl Unexpl |  Obj  Depth IntInf | Incumbent    BestBd   Gap | It/Node Time

     0     0    0.00000    0  223 1.3313e+07    0.00000   100%     -    0s
     0     0    0.00000    0  375 1.3313e+07    0.00000   100%     -    0s
H    0     0                    1.069311e+07    0.00000   100%     -    0s
     0     0    0.00000    0  375 1.0693e+07    0.00000   100%     -    0s
     0     0    0.00000    0  305 1.0693e+07    0.00000   100%     -    1s
H    0     0                    9422067.6022    0.00000   100%     -    1s
     0     0    0.00000    0  307 9422067.60    0.00000   100%     -    1s
     0     0    0.00000    0  297 9422067.60    0.00000   100%     -    1s
     0     0    0.00000    0  312 9422067.60    0.00000   100%     -    2s
H    0     0                    7004075.3056    0.00000   100%     -    2s
     0     2    0.00000    0  296 7004075.31    0.00000   100%     -    3s
H  104   104                    6771512.3225    0.00000   100%  73.2    4s
H  156   156                    6692956.0383    0.00000   100%  66.1    4s
   200   202 2167391.19  129  200 6692956.04    0.00000   100%  61.8    5s
H  729   729                    6661834.4778    0.00000   100%  19.7    6s
H  756   756                    6614731.8534    0.00000   100%  19.1    6s
H  793   793                    6382635.0773    0.00000   100%  18.3    7s
H 1053  1053                    6229591.1290    0.00000   100%  14.9    8s
  1339  1341 3042059.04 1195  174 6229591.13    0.00000   100%  12.5   10s
H 1503  1503                    5846925.5679    0.00000   100%  11.7   11s
H 2217  2217                    5700853.2798    0.00000   100%   9.4   13s
H 2238  2238                    5700847.8997    0.00000   100%   9.4   13s
H 2244  2244                    5632770.1264    0.00000   100%   9.4   13s
  2551  2552 2942537.80  353  294 5632770.13    0.00000   100%   9.0   15s
  2563  2560 3121406.51 2193  136 5632770.13    0.00000   100%   8.9   20s
H 2590  2449                    5578929.8799    0.00000   100%  14.1   24s
  2593  2453    0.00000   28  293 5578929.88    0.00000   100%  14.1   25s
H 2616  2344                    5575227.1454    0.00000   100%  14.2   28s
  2637  2360    0.00000   50  272 5575227.15    0.00000   100%  14.2   30s
H 2668  2264                    5574092.9308    0.00000   100%  14.3   33s
H 2672  2157                    5403170.3927    0.00000   100%  14.3   34s
  2678  2163    0.00000   70  244 5403170.39    0.00000   100%  14.3   35s
  2727  2195 652949.115   95  268 5403170.39    0.00000   100%  15.5   40s
H 2780  2124                    5314428.7001    0.00000   100%  16.3   44s
  2788  2131 120372.970  125  226 5314428.70    0.00000   100%  16.3   45s
H 2807  2043                    5308821.8625    0.00000   100%  16.3   47s
H 2824  1960                    5240925.3814    0.00000   100%  16.4   48s
  2838  1971 716762.336  150  204 5240925.38    0.00000   100%  16.5   50s
H 2850  1887                    5240694.3985    0.00000   100%  16.6   51s
H 2862  1810                    5108963.8954    0.00000   100%  16.9   52s
H 2876  1739                    5102700.8328    0.00000   100%  16.8   52s
H 2902  1679                    5043162.6185    0.00000   100%  16.7   52s
H 2914  1615                    5012378.7710    0.00000   100%  16.6   52s
H 2928  1554                    4961596.5345    0.00000   100%  16.5   52s
H 2942  1498                    4494320.8010    0.00000   100%  16.5   53s
H 2969  1454                    4332238.9167    0.00000   100%  16.3   54s
H 2979  1400                    4326230.8544    0.00000   100%  16.3   54s
H 2980  1345                    4013682.9292    0.00000   100%  16.3   54s
  2991  1354 1808454.31  227  167 4013682.93    0.00000   100%  16.2   55s
H 3032  1326                    4004248.8914    0.00000   100%  16.0   55s
H 3110  1327                    3967413.9672    0.00000   100%  15.7   56s
H 3136  1296                    3966469.7803    0.00000   100%  15.5   56s
H 3162  1267                    3964842.4546    0.00000   100%  15.4   56s
H 3188  1241                    3964823.5235    0.00000   100%  15.3   57s
H 3214  1217                    3940307.6946    0.00000   100%  15.2   57s
H 3344  1264                    3867869.6663    0.00000   100%  14.7   58s
H 3370  1244                    3848147.1194    0.00000   100%  14.6   59s
H 3422  1243                    3847162.7145    0.00000   100%  14.4   59s
  3464  1273 2302701.25  463  184 3847162.71    0.00000   100%  14.8   60s
H 3500  1262                    3844064.3578    0.00000   100%  15.0   60s
H 3509  1236                    3639234.8568    0.00000   100%  15.1   61s
H 3833  1421                    3612047.8626    0.00000   100%  14.0   63s
  4106  1605 1937648.06  784  158 3612047.86    0.00000   100%  13.2   65s
H 4400  1836                    3589039.4963    0.00000   100%  12.4   66s
H 4930  2366                    3589037.1010    0.00000   100%  11.2   68s
H 5018  2454                    3496702.3713    0.00000   100%  11.1   69s
H 5021  2457                    3421467.8115    0.00000   100%  11.1   69s
  5048  2486 1902957.35 1255  160 3421467.81    0.00000   100%  11.0   70s
H 5712  3148                    3418193.9127    0.00000   100%   9.9   72s
H 5723  3159                    3417644.0752    0.00000   100%   9.9   72s
H 5777  3213                    3415516.4012    0.00000   100%   9.9   73s
  6292  3730 1909134.86 1877  158 3415516.40    0.00000   100%   9.2   75s
H 6305  3741                    3407818.2212    0.00000   100%   9.2   75s
H 6884  4320                    3402969.4145    0.00000   100%   9.3   78s
H 7015  4451                    3364593.8895    0.00000   100%   9.5   80s
H 7154  4590                    3358127.9089    0.00000   100%   9.8   81s
H 7155  4591                    3357469.2998    0.00000   100%   9.8   82s
H 7316  4752                    3352234.3131    0.00000   100%  10.2   83s
H 7394  4830                    3351568.5821    0.00000   100%  10.4   84s
  7508  4946 2470540.35 2485  184 3351568.58    0.00000   100%  10.7   85s
H 7586  5022                    3348850.8404    0.00000   100%  10.9   86s
H 7649  5085                    3341809.1313    0.00000   100%  11.0   87s
  8254  5692 2539105.02 2858  182 3341809.13    0.00000   100%  11.9   90s
H 8290  5726                    3340979.6195    0.00000   100%  12.0   90s
H 8443  5879                    3331984.1015    0.00000   100%  12.7   92s
H 8546  5982                    3331636.5699    0.00000   100%  12.9   93s
  8750  6188 2639510.86 3106  182 3331636.57    0.00000   100%  13.6   95s
H 8950  6386                    3331636.5696    0.00000   100%  13.6   95s
H 9030  6466                    3330228.4741    0.00000   100%  13.5   96s
H 9470  6906                    3258750.5077    0.00000   100%  13.4   98s
H 9658  7094                    3255651.0706    0.00000   100%  13.7  100s
H 9908  7344                    3255649.1409    0.00000   100%  14.2  101s
H 9928  7364                    3250536.3887    0.00000   100%  14.2  102s
H 9934  7370                    3248386.7403    0.00000   100%  14.2  102s
H10152  7588                    3247032.4647    0.00000   100%  14.7  104s
 10222  7660 2028436.77 3842  154 3247032.46    0.00000   100%  14.8  105s
H11152  8588                    3246976.0011    0.00000   100%  15.0  109s
 11256  8694 2021582.35 4359  153 3246976.00    0.00000   100%  14.9  110s
H11298  8734                    3246969.2923    0.00000   100%  14.9  110s
H11332  8768                    3244412.3936    0.00000   100%  14.8  110s
H11413  8849                    3239357.6619    0.00000   100%  14.8  111s
H12304  9740                    3237821.4931    0.00000   100%  14.0  115s
H12331  9767                    3237757.0473    0.00000   100%  13.9  115s
H13276 10712                    3233864.4573    0.00000   100%  13.3  119s
 13536 10974 2074525.60 5499  155 3233864.46    0.00000   100%  13.1  120s
H13762 11198                    3232305.1420    0.00000   100%  13.2  121s
H13774 11210                    3176687.4631    0.00000   100%  13.2  122s
H14626 12062                    3175705.3669    0.00000   100%  12.9  125s
H14665 12101                    3173736.5774    0.00000   100%  12.9  126s
H15328 12764                    3143627.6418    0.00000   100%  12.8  130s
H15382 12818                    3137011.7784    0.00000   100%  13.0  131s
H15435 12871                    3130684.3716    0.00000   100%  13.1  132s
H15714 13150                    3127465.3691    0.00000   100%  13.8  135s
H15841 13269                    3123393.1823    0.00000   100%  14.1  136s
H16300 13722                    3118206.1548    0.00000   100%  13.9  138s
H16342 13764                    3115630.5582    0.00000   100%  13.9  138s
H16570 13990                    3112731.1410    0.00000   100%  13.7  139s
 16928 14350 2248697.85 7195  144 3112731.14    0.00000   100%  13.4  140s
H17427 14763                    3112665.6708    0.00000   100%  13.4  141s
H17639 14905                    3112656.1884    0.00000   100%  13.7  143s
 18030 15216 2260269.07 7746  144 3112656.19    0.00000   100%  13.8  145s
H18031 15215                    3112498.8133    0.00000   100%  13.8  145s
H18246 15414                    3112146.8519    0.00000   100%  13.8  146s
H18298 15456                    3112145.6070    0.00000   100%  13.8  147s
 18638 15546     cutoff 8050      3112145.61    0.00000   100%  14.4  150s
H18757 15543                    3111378.1626    0.00000   100%  14.6  151s
H18911 15531                    3110134.6738    0.00000   100%  14.9  153s
 19042 15532     cutoff 8252      3110134.67    0.00000   100%  15.2  155s
H19057 15531                    3110113.4882    0.00000   100%  15.2  155s
H19201 15405                    3085262.6700    0.00000   100%  15.5  157s
H19219 15405                    3085221.3122    0.00000   100%  15.5  157s
H19414 15496                    3081661.6532    0.00000   100%  15.7  159s
H19550 15582                    3079744.8020    0.00000   100%  15.7  160s
H19657 15689                    3079494.8577    0.00000   100%  15.7  161s
H20169 16151                    3079359.2065    0.00000   100%  15.5  164s
H20198 16164                    3077649.9169    0.00000   100%  15.5  164s
 20207 16173 2292621.69 8762  145 3077649.92    0.00000   100%  15.5  165s
H20739 16449                    3077638.7310    0.00000   100%  16.4  170s
H21539 17249                    3077614.7827    0.00000   100%  15.9  173s
H21748 17174                    2882289.7671    0.00000   100%  15.7  174s
 21865 17293 2122158.36  686  171 2882289.77    0.00000   100%  15.7  175s
H22063 17489                    2882288.8556    0.00000   100%  15.5  175s
H22181 17607                    2875363.5227    0.00000   100%  15.5  176s
H22504 17924                    2865041.0137    0.00000   100%  15.3  178s
H22883 18303                    2861564.8163    0.00000   100%  15.0  180s
H23314 18734                    2859874.6820    0.00000   100%  14.8  182s
 23982 19404 2114401.34 1745  170 2859874.68    0.00000   100%  14.4  185s
H24049 19465                    2858448.2171    0.00000   100%  14.4  185s
H24097 19513                    2853490.3119    0.00000   100%  14.4  186s
H24718 20134                    2853483.9333    0.00000   100%  14.1  189s
 24777 20195 2136983.77 2142  171 2853483.93    0.00000   100%  14.0  190s
H24988 20404                    2851409.4793    0.00000   100%  14.0  191s
H25154 20570                    2845563.9590    0.00000   100%  13.9  193s
 25749 21167 2139650.42 2628  171 2845563.96    0.00000   100%  13.6  195s
H26099 21515                    2844084.3835    0.00000   100%  13.5  196s
H26640 22056                    2842017.8074    0.00000   100%  13.3  198s
H26673 22089                    2842015.6152    0.00000   100%  13.3  198s
 26906 22324 2144310.17 3207  170 2842015.62    0.00000   100%  13.2  200s
H27065 22481                    2839305.7365    0.00000   100%  13.2  201s
H27685 23101                    2839289.9873    0.00000   100%  13.0  203s
H27731 23147                    2839249.0737    0.00000   100%  13.0  203s
 28110 23528 2168135.23 3809  166 2839249.07    0.00000   100%  13.1  205s
H28191 23607                    2835302.6963    0.00000   100%  13.1  205s
H28209 23625                    2835116.7152    0.00000   100%  13.1  206s
H28218 23634                    2835083.4614    0.00000   100%  13.1  206s
 28671 24089 2210211.25 4089  165 2835083.46    0.00000   100%  13.4  210s
H29150 24566                    2835082.1808    0.00000   100%  13.3  211s
 29591 25009 2268877.34 4549  181 2835082.18    0.00000   100%  13.5  215s
H30150 25566                    2835031.9548    0.00000   100%  13.4  217s
H30241 25657                    2833866.1673    0.00000   100%  13.4  219s
 30365 25783 2292684.96 4936  176 2833866.17    0.00000   100%  13.3  220s
H31071 26487                    2833833.2469    0.00000   100%  13.1  222s
H31305 26721                    2833821.7794    0.00000   100%  13.2  223s
H31619 27023                    2832890.7798    0.00000   100%  13.1  225s
 32729 27975     cutoff 6118      2832890.78    0.00000   100%  13.0  230s
H32904 28062                    2831705.8480    0.00000   100%  13.1  231s
H33167 28131                    2831693.9637    0.00000   100%  13.3  233s
 33279 28133 2518789.68 6393  163 2831693.96    0.00000   100%  13.5  235s
H33331 28113                    2804549.5649    0.00000   100%  13.5  236s
H33404 28120                    2801558.7862    0.00000   100%  13.7  237s
H33417 28133                    2792749.5508    0.00000   100%  13.7  238s
 33611 28327 1340235.78  177  183 2792749.55    0.00000   100%  13.8  240s
H34187 28861                    2757056.1869    0.00000   100%  13.7  242s
H34377 29051                    2757055.2753    0.00000   100%  13.6  243s
H34430 29100                    2720393.6396    0.00000   100%  13.6  243s
 34978 29650 1620625.71  860  173 2720393.64    0.00000   100%  13.5  245s
H35121 29789                    2718826.5082    0.00000   100%  13.4  245s
H35286 29952                    2718105.6430    0.00000   100%  13.4  246s
H35705 30371                    2718070.7833    0.00000   100%  13.3  247s
 36720 31388 1617944.91 1731  173 2718070.78    0.00000   100%  13.1  250s
H36792 31456                    2716888.0157    0.00000   100%  13.1  250s
H37096 31696                    2716270.4732    0.00000   100%  13.2  251s
H37122 31722                    2716269.5616    0.00000   100%  13.2  251s
H37148 31698                    2712446.5789    0.00000   100%  13.2  251s
H37662 32212                    2711962.4954    0.00000   100%  13.4  254s
 37886 32438 1915237.10 2314  192 2711962.50    0.00000   100%  13.5  255s
H37985 32505                    2701312.5550    0.00000   100%  13.5  255s
H38687 33197                    2694206.8903    0.00000   100%  13.7  258s
 39470 33982 1647202.68 3106  173 2694206.89    0.00000   100%  13.4  260s
H39516 34024                    2693495.9940    0.00000   100%  13.4  260s
H39997 34501                    2687851.0329    0.00000   100%  13.3  261s
H40383 34887                    2686032.7061    0.00000   100%  13.2  263s
 40968 35474 1684300.13 3855  167 2686032.71    0.00000   100%  13.2  265s
H41735 36237                    2684141.9186    0.00000   100%  13.0  266s
H42491 36991                    2683731.0010    0.00000   100%  13.0  268s
H42517 37017                    2683730.0894    0.00000   100%  13.0  268s
H42622 37122                    2683396.4654    0.00000   100%  13.0  269s
 42776 37278 1769489.61 4759  163 2683396.47    0.00000   100%  13.0  270s
H43384 37884                    2683395.5539    0.00000   100%  13.0  271s
 44589 39091 1742810.16 5666  165 2683395.55    0.00000   100%  12.8  275s
H44758 39250                    2681202.6862    0.00000   100%  12.8  275s
 46080 40574 1775707.79 6411  165 2681202.69    0.00000   100%  12.6  280s
 48398 42892 2333819.63 7570  185 2681202.69    0.00000   100%  12.2  285s
H49653 44145                    2681202.6514    0.00000   100%  12.1  288s
 50180 44674 1825787.52 8461  166 2681202.65    0.00000   100%  12.0  290s
H50592 45080                    2680296.5345    0.00000   100%  12.0  292s
H51592 46080                    2680284.7215    0.00000   100%  11.8  294s
 51740 46230 2456362.75 8818  184 2680284.72    0.00000   100%  11.8  295s
H52376 46864                    2679249.4755    0.00000   100%  11.8  296s
H52818 47306                    2679090.5978    0.00000   100%  11.9  298s
 52974 47464 32087.5890   96  247 2679090.60    0.00000   100%  12.0  300s
H53047 47535                    2678892.6358    0.00000   100%  12.0  301s
H53109 47563                    2675188.3090    0.00000   100%  12.1  301s
H53110 47560                    2673310.3095    0.00000   100%  12.1  302s
H53712 48162                    2672928.3999    0.00000   100%  12.1  303s
H53987 48437                    2672519.8864    0.00000   100%  12.1  304s
 54141 48593 2121239.32  679  162 2672519.89    0.00000   100%  12.0  305s
H54246 48692                    2670636.7981    0.00000   100%  12.0  305s
H54760 49206                    2670450.0461    0.00000   100%  12.1  307s
H55041 49487                    2670450.0331    0.00000   100%  12.2  308s
 55569 50017 2168887.52 1393  162 2670450.03    0.00000   100%  12.1  310s
H56041 50487                    2670261.0250    0.00000   100%  12.0  311s
H56042 50488                    2670248.5975    0.00000   100%  12.0  311s
H56071 50517                    2670218.5805    0.00000   100%  12.0  311s
H56201 50647                    2670204.9471    0.00000   100%  12.0  312s
H57274 51720                    2668813.9441    0.00000   100%  11.8  315s
H57765 52181                    2666458.0371    0.00000   100%  11.7  316s
H58459 52874                    2666446.1635    0.00000   100%  11.6  318s
 59099 53516 2167507.54 3158  162 2666446.16    0.00000   100%  11.5  320s
H59603 54009                    2666077.7567    0.00000   100%  11.4  321s
 60640 55048 2181518.38 3929  159 2666077.76    0.00000   100%  11.4  325s
H60667 55042                    2664793.8852    0.00000   100%  11.4  325s
H61293 55665                    2664664.4780    0.00000   100%  11.4  327s
H61984 56340                    2663954.5045    0.00000   100%  11.3  329s
H62338 56660                    2663499.0838    0.00000   100%  11.2  330s
H63034 57350                    2663456.8683    0.00000   100%  11.1  331s
H63806 58121                    2663453.8572    0.00000   100%  11.1  334s
H63870 58184                    2663440.4892    0.00000   100%  11.1  334s
 63919 58235 2240460.40 5568  155 2663440.49    0.00000   100%  11.1  335s
H64645 58957                    2663405.2640    0.00000   100%  11.0  337s
 65479 59733 2241528.88 6348  153 2663405.26    0.00000   100%  11.0  340s
H65562 59695                    2662547.7637    0.00000   100%  11.0  340s
H65680 59691                    2661269.9576    0.00000   100%  11.0  341s
 67027 61010 2337632.89 7122  151 2661269.96    0.00000   100%  10.9  345s
H67949 61918                    2660961.4259    0.00000   100%  10.8  347s
 68891 62862 2341259.67 8054  151 2660961.43    0.00000   100%  10.7  350s
H69066 63035                    2660952.9174    0.00000   100%  10.7  351s
H69628 63597                    2660950.3889    0.00000   100%  10.7  352s
H70518 64411                    2659433.8605    0.00000   100%  10.6  355s
H71210 64932                    2659363.1731    0.00000   100%  10.8  359s
 71396 65120 1416966.86  300  177 2659363.17    0.00000   100%  10.8  360s
H71546 64867                    2641231.7152    0.00000   100%  10.8  360s
H72456 65744                    2632993.7782    0.00000   100%  10.7  363s
H72533 65821                    2632211.1113    0.00000   100%  10.7  363s
H72924 66212                    2631971.7917    0.00000   100%  10.7  365s
H73746 67032                    2630501.0044    0.00000   100%  10.7  367s
H74746 68032                    2628458.5889    0.00000   100%  10.6  370s
H74822 68108                    2627203.2599    0.00000   100%  10.6  370s
H75026 68312                    2626864.8103    0.00000   100%  10.6  371s
H75789 68963                    2620002.0032    0.00000   100%  10.6  373s
H75853 69021                    2616000.8148    0.00000   100%  10.6  375s
H75854 69016                    2607430.5880    0.00000   100%  10.6  375s
H76431 69593                    2607305.8183    0.00000   100%  10.8  378s
 77126 70290 2188450.22 3165  173 2607305.82    0.00000   100%  10.7  380s
H77523 70685                    2607270.3793    0.00000   100%  10.8  382s
H78308 71470                    2606824.4209    0.00000   100%  10.7  384s
 78766 71930 1743143.31 3985  159 2606824.42    0.00000   100%  10.7  385s
H78832 71994                    2606765.3969    0.00000   100%  10.7  385s
H79061 72223                    2606599.1697    0.00000   100%  10.7  386s
H79297 72459                    2606013.0846    0.00000   100%  10.7  387s
H79325 72483                    2603581.7043    0.00000   100%  10.7  388s
H79840 72996                    2602502.2591    0.00000   100%  10.7  389s
 79932 73090 2300329.21 4568  166 2602502.26    0.00000   100%  10.7  390s
H80185 73341                    2602473.3275    0.00000   100%  10.7  391s
 80976 74134 2465586.30 5090  169 2602473.33    0.00000   100%  10.7  395s
H81614 74770                    2602372.0042    0.00000   100%  10.7  397s
 82154 75312 2330578.82 5679  152 2602372.00    0.00000   100%  10.8  400s
H82270 75426                    2602346.6338    0.00000   100%  10.9  400s
H83210 76064                    2602177.7333    0.00000   100%  11.1  405s
 84719 76785     cutoff 6961      2602177.73    0.00000   100%  11.4  410s
H84848 76882                    2602080.6988    0.00000   100%  11.5  411s
H85253 77279                    2601362.8118    0.00000   100%  11.5  413s
H85254 77280                    2601362.7026    0.00000   100%  11.5  413s
H85578 77600                    2601109.3311    0.00000   100%  11.5  415s
H85729 77741                    2600554.0336    0.00000   100%  11.5  416s
H86202 78212                    2600446.4875    0.00000   100%  11.4  418s
 86990 79002 1594654.62 1191  168 2600446.49    0.00000   100%  11.4  420s
H87202 79212                    2600428.6059    0.00000   100%  11.4  420s
H87208 79218                    2600423.8163    0.00000   100%  11.4  420s
H87662 79672                    2600183.4658    0.00000   100%  11.3  421s
H89066 81074                    2598965.0175    0.00000   100%  11.2  425s
H90066 82074                    2598964.7810    0.00000   100%  11.1  427s
 91066 83076 1874811.16 3229  173 2598964.78    0.00000   100%  11.0  430s
H91067 83065                    2598139.6387    0.00000   100%  11.0  430s
 92359 84359 2340197.68 3876  186 2598139.64    0.00000   100%  11.1  435s
H92568 84566                    2598053.4885    0.00000   100%  11.1  436s
 92965 84839 1908675.33 4179  162 2598053.49    0.00000   100%  11.4  440s
H93017 84863                    2598046.6333    0.00000   100%  11.5  441s
H93205 84957                    2597394.6903    0.00000   100%  11.7  443s
H93265 84987                    2597354.5203    0.00000   100%  11.7  444s
 93309 85011 1910110.39 4351  162 2597354.52    0.00000   100%  11.8  445s
H93417 85063                    2594529.4456    0.00000   100%  11.9  446s
 93804 85246     cutoff 4598      2594529.45    0.00000   100%  12.1  450s
H94113 85487                    2592226.4369    0.00000   100%  12.2  451s
 94819 86009 1972759.74 5106  160 2592226.44    0.00000   100%  12.3  455s
H95426 86528                    2591806.8892    0.00000   100%  12.3  458s
H95520 86602                    2588892.9674    0.00000   100%  12.3  459s
 95535 86619 2003691.47  378  179 2588892.97    0.00000   100%  12.3  460s
H95738 86820                    2588807.5851    0.00000   100%  12.3  462s
H95764 86846                    2588807.5071    0.00000   100%  12.3  462s
 96014 87098 1998144.51  618  178 2588807.51    0.00000   100%  12.3  465s
H96137 87213                    2587856.4668    0.00000   100%  12.2  467s
H96440 87516                    2587838.9807    0.00000   100%  12.2  470s
H96795 87870                    2586727.5990    0.00000   100%  12.2  471s
 97107 88184 2012626.27 1164  177 2586727.60    0.00000   100%  12.2  475s
 97497 88574 2290923.07 1359  185 2586727.60    0.00000   100%  12.1  480s
H97505 88577                    2585804.7576    0.00000   100%  12.1  480s
H97735 88807                    2585419.7831    0.00000   100%  12.1  483s
H97856 88928                    2584844.3656    0.00000   100%  12.1  485s
H97896 88968                    2584833.0353    0.00000   100%  12.1  485s
 98173 89247 2017448.81 1697  177 2584833.04    0.00000   100%  12.1  490s
 98468 89542 2016197.41 1845  176 2584833.04    0.00000   100%  12.1  495s
H98478 89528                    2583638.7731    0.00000   100%  12.1  495s
 98763 89815 2020127.78 1992  177 2583638.77    0.00000   100%  12.0  500s
 99071 90123 2021797.79 2146  177 2583638.77    0.00000   100%  12.0  505s
H99097 90147                    2583618.9773    0.00000   100%  12.0  505s
 99410 90462 2022850.58 2316  177 2583618.98    0.00000   100%  12.0  510s
H99431 90473                    2583259.1738    0.00000   100%  12.0  510s
H99449 90478                    2582604.0170    0.00000   100%  12.0  510s
H99474 90472                    2580148.4234    0.00000   100%  12.0  511s
H99730 90669                    2579912.1702    0.00000   100%  12.0  514s
H99773 90139                    2554298.9746    0.00000   100%  12.0  514s
 99780 90148 1807329.45  185  178 2554298.97    0.00000   100%  12.0  515s
H100084 90450                    2554052.6142    0.00000   100%  12.0  517s
H100502 90868                    2553261.8826    0.00000   100%  12.0  519s
H100519 90885                    2553261.8588    0.00000   100%  12.0  519s
H100529 90895                    2553186.5052    0.00000   100%  12.0  520s
H100932 91298                    2553184.9484    0.00000   100%  12.0  522s
 101369 91737 1829674.59  980  175 2553184.95    0.00000   100%  11.9  525s
H102352 92706                    2553132.4442    0.00000   100%  11.9  527s
H102378 92732                    2553043.6757    0.00000   100%  11.9  528s
H102795 93147                    2553026.5233    0.00000   100%  11.8  529s
 102822 93176 2028253.76 1706  166 2553026.52    0.00000   100%  11.8  530s
H103144 93496                    2553016.5176    0.00000   100%  11.8  531s
 104358 94646 2139329.46 2474  160 2553016.52    0.00000   100%  11.7  535s
H104681 94933                    2552763.8872    0.00000   100%  11.7  536s
H104898 95064                    2552497.2001    0.00000   100%  11.8  537s
 105402 95366 2157515.94 2996  157 2552497.20    0.00000   100%  11.8  540s
 106284 96068 2156805.20 3437  157 2552497.20    0.00000   100%  11.9  545s
H106918 96700                    2552494.8319    0.00000   100%  11.8  547s
 107627 97359 2212770.30 4108  152 2552494.83    0.00000   100%  11.8  550s
 108760 98378 2270441.30 4672  156 2552494.83    0.00000   100%  11.7  555s
H109055 98601                    2552258.4979    0.00000   100%  11.8  559s
 109172 98720 1760791.53  165  175 2552258.50    0.00000   100%  11.8  560s
H109768 99314                    2551925.9376    0.00000   100%  11.8  563s
H109971 99517                    2551677.9753    0.00000   100%  11.8  564s
 110321 99869 1844038.61 1171  161 2551677.98    0.00000   100%  11.7  565s
H111000 100546                    2551670.7021    0.00000   100%  11.7  566s
H111446 100992                    2551661.0718    0.00000   100%  11.6  569s
 111457 101005 1861827.97 2307  163 2551661.07    0.00000   100%  11.6  570s
H112473 102015                    2550147.0759    0.00000   100%  11.6  573s
 112958 102496 1890240.89 3779  159 2550147.08    0.00000   100%  11.5  575s
H114465 103999                    2549779.3257    0.00000   100%  11.4  580s
H115465 104999                    2549767.3732    0.00000   100%  11.3  583s
 115774 105310 1951764.76 6440  157 2549767.37    0.00000   100%  11.3  585s
H116017 105551                    2549724.3664    0.00000   100%  11.3  586s
H116502 106036                    2549628.0417    0.00000   100%  11.3  590s
H117502 107036                    2549627.9645    0.00000   100%  11.2  593s
Created node file directory '/home/ps12398/gp-momulap/goalProgrammingMarcos//grbnodes1'
 117882 107418 1974065.87 8528  158 2549627.96    0.00000   100%  11.2  602s
 118420 107882     cutoff 8817      2549627.96    0.00000   100%  11.2  605s
 118874 108268 1720958.06  254  175 2549627.96    0.00000   100%  11.3  610s
 120400 109794 1784930.64 1215  168 2549627.96    0.00000   100%  11.1  615s
 122030 111424 1804465.24 2845  164 2549627.96    0.00000   100%  11.0  620s
 124320 113714 1896790.27 5058  165 2549627.96    0.00000   100%  10.9  625s
H124761 114153                    2549625.5254    0.00000   100%  10.8  625s
 126423 115761     cutoff 6956      2549625.53    0.00000   100%  10.8  630s
 128370 117654 2102927.45 8828  152 2549625.53    0.00000   100%  10.6  635s
H128657 117729                    2549152.0010    0.00000   100%  10.8  636s
H128856 117928                    2548733.9856    0.00000   100%  10.8  638s
H129144 118216                    2548539.4574    0.00000   100%  10.8  639s
H129333 118405                    2548171.3120    0.00000   100%  10.8  640s
H129968 119040                    2547944.8279    0.00000   100%  10.7  641s
H129969 119041                    2547826.8312    0.00000   100%  10.7  641s
H130487 119559                    2547424.6098    0.00000   100%  10.7  643s
 131442 120470 2316150.65 2318  166 2547424.61    0.00000   100%  10.7  645s
H131487 120513                    2545653.3432    0.00000   100%  10.7  645s
H131529 120555                    2545506.8637    0.00000   100%  10.7  645s
H132220 121244                    2545276.6857    0.00000   100%  10.6  647s
H132735 121603                    2545063.3112    0.00000   100%  10.7  650s
H132819 121663                    2545063.2738    0.00000   100%  10.8  651s
H132870 121714                    2544580.0192    0.00000   100%  10.8  651s
H132999 121843                    2544576.5422    0.00000   100%  10.8  652s
 133056 121902 2064557.33  172  175 2544576.54    0.00000   100%  10.8  659s
 133356 122202 2083650.35  453  174 2544576.54    0.00000   100%  10.8  660s
H134076 122780                    2544437.8569    0.00000   100%  10.8  663s
 134199 122827 204516.119  110  227 2544437.86    0.00000   100%  10.8  665s
H134829 123455                    2541422.9082    0.00000   100%  10.9  667s
H135116 123742                    2533920.6775    0.00000   100%  10.8  668s
 135780 124408 2070415.86 1452  168 2533920.68    0.00000   100%  10.8  670s
H136521 125101                    2532646.7741    0.00000   100%  10.8  671s
H137334 125900                    2528512.4886    0.00000   100%  10.7  674s
H137396 125958                    2526566.3130    0.00000   100%  10.7  674s
 137550 126102 2310184.60 3042  163 2526566.31    0.00000   100%  10.7  675s
H138248 126782                    2526082.2924    0.00000   100%  10.7  676s
H138536 127066                    2521889.8544    0.00000   100%  10.7  677s
 139207 127735 2375048.03 4464  159 2521889.85    0.00000   100%  10.6  683s
H139230 127756                    2521001.0491    0.00000   100%  10.6  683s
H139551 128075                    2520107.1488    0.00000   100%  10.6  684s
 139674 128200 2404091.42 4918  156 2520107.15    0.00000   100%  10.6  685s
H140333 128823                    2520067.8379    0.00000   100%  10.6  687s
 141231 129723 2041157.03  790  178 2520067.84    0.00000   100%  10.6  690s
H141333 129823                    2519696.9152    0.00000   100%  10.6  690s
H141776 130266                    2519681.5817    0.00000   100%  10.5  693s
 142303 130785 2336848.09 1817  175 2519681.58    0.00000   100%  10.5  695s
H142907 131359                    2519557.6717    0.00000   100%  10.5  696s
H143557 131965                    2519536.0506    0.00000   100%  10.5  698s
 144154 132564 2277185.67  911  176 2519536.05    0.00000   100%  10.5  700s
H144801 133209                    2519477.6557    0.00000   100%  10.4  701s
H145492 133862                    2519477.5213    0.00000   100%  10.4  703s
 145625 133997 2001727.50  168  176 2519477.52    0.00000   100%  10.4  706s
H145773 134109                    2519030.4926    0.00000   100%  10.5  707s
 146430 134716 2323557.31  340  165 2519030.49    0.00000   100%  10.5  710s
H146456 134740                    2519030.3763    0.00000   100%  10.5  710s
H146847 135039                    2518551.7245    0.00000   100%  10.5  713s
H146874 135066                    2518483.1011    0.00000   100%  10.5  714s
 147090 135284 2365047.52  670  161 2518483.10    0.00000   100%  10.5  715s
H147874 136066                    2518479.8022    0.00000   100%  10.5  716s
H147901 136093                    2518446.1912    0.00000   100%  10.5  716s
 148574 136702 365765.562  190  238 2518446.19    0.00000   100%  10.5  720s
 149433 137027 103275.071  113  225 2518446.19    0.00000   100%  10.7  725s
H149821 137406                    2517526.1198    0.00000   100%  10.7  726s
H150086 137671                    2517524.4126    0.00000   100%  10.7  728s
H150262 137847                    2517519.9379    0.00000   100%  10.7  729s
 150474 138061 111683.340  430  229 2517519.94    0.00000   100%  10.7  730s
H150500 138083                    2517392.6475    0.00000   100%  10.7  730s
H151500 139071                    2516174.2992    0.00000   100%  10.7  733s
H151824 139359                    2512654.0631    0.00000   100%  10.7  734s
 151918 139455 2173692.39 1289  165 2512654.06    0.00000   100%  10.7  735s
H151919 139454                    2512646.7289    0.00000   100%  10.7  736s
 152470 140007 2184864.53 1700  164 2512646.73    0.00000   100%  10.7  741s
H153797 141332                    2512183.2546    0.00000   100%  10.6  743s
 154791 142328 2243762.99 3749  159 2512183.25    0.00000   100%  10.5  745s
H154797 142332                    2512170.7722    0.00000   100%  10.5  745s
H155542 143075                    2512099.8361    0.00000   100%  10.5  746s
 157060 144593 2284329.10 5940  157 2512099.84    0.00000   100%  10.4  750s
H158458 145987                    2510482.1993    0.00000   100%  10.3  753s
 159218 146739 2352757.17 7876  153 2510482.20    0.00000   100%  10.3  755s
 159792 147311 2354108.24 8397  153 2510482.20    0.00000   100%  10.3  763s
 160234 147753 2360294.04 8839  154 2510482.20    0.00000   100%  10.2  765s
H160479 147922                    2510473.1392    0.00000   100%  10.3  767s
 160631 148026    0.00000   81  259 2510473.14    0.00000   100%  10.3  770s
H160889 148256                    2505661.9135    0.00000   100%  10.4  774s
 161016 148347 1183650.24  137  213 2505661.91    0.00000   100%  10.4  775s
H161179 148456                    2503833.7748    0.00000   100%  10.4  777s
 161509 148706 1869121.12  239  182 2503833.77    0.00000   100%  10.5  780s
H161848 148941                    2503600.3946    0.00000   100%  10.5  783s
 162060 149155 1114084.97  249  201 2503600.39    0.00000   100%  10.5  787s
H162113 149206                    2503600.3659    0.00000   100%  10.5  788s
 162569 149664 2088373.72  586  165 2503600.37    0.00000   100%  10.5  790s
H162855 149948                    2503541.1120    0.00000   100%  10.5  791s
H163360 150407                    2503489.5052    0.00000   100%  10.5  792s
 164097 151144 2235797.35 1704  158 2503489.51    0.00000   100%  10.5  795s
H164360 151353                    2502692.8938    0.00000   100%  10.5  796s
H164375 151358                    2502471.1691    0.00000   100%  10.5  796s
H164739 151558                    2502458.2589    0.00000   100%  10.5  798s
H164774 151583                    2502435.9757    0.00000   100%  10.5  799s
 164973 151766 2404614.46 2229  156 2502435.98    0.00000   100%  10.5  800s
 165108 151901 2407922.03 2364  156 2502435.98    0.00000   100%  10.5  805s
 165735 152370 120089.531  113  229 2502435.98    0.00000   100%  10.6  810s
H166209 152808                    2502428.8790    0.00000   100%  10.6  813s
H166276 152875                    2502427.0994    0.00000   100%  10.6  814s
H166457 153056                    2502308.7269    0.00000   100%  10.6  815s
 167133 153734 1881730.20  603  170 2502308.73    0.00000   100%  10.5  820s
H167158 153757                    2502127.9217    0.00000   100%  10.5  820s
H167772 154371                    2501695.9277    0.00000   100%  10.5  823s
 168355 154956 1890300.30 1214  171 2501695.93    0.00000   100%  10.5  825s
 169755 156356 1905475.37 1914  171 2501695.93    0.00000   100%  10.4  830s
 170345 156772    0.00000  107  248 2501695.93    0.00000   100%  10.5  835s
 171059 157458 2019516.00  407  170 2501695.93    0.00000   100%  10.5  840s
H171247 157644                    2501090.8355    0.00000   100%  10.5  841s
 171597 157996 2024374.70  692  171 2501090.84    0.00000   100%  10.5  847s
H171983 158380                    2500197.8296    0.00000   100%  10.5  848s
 172202 158561 2260159.75 1031  161 2500197.83    0.00000   100%  10.5  850s
 173801 160140 2308848.15 2516  149 2500197.83    0.00000   100%  10.4  855s
H173831 160166                    2499687.6689    0.00000   100%  10.4  855s
 174280 160505 infeasible  168      2499687.67    0.00000   100%  10.5  860s
H174795 160907                    2499103.4541    0.00000   100%  10.5  864s
 174799 160913 585896.096  122  236 2499103.45    0.00000   100%  10.5  865s
H174868 160962                    2498806.5116    0.00000   100%  10.5  865s
H175004 161069                    2498622.8984    0.00000   100%  10.6  867s
H175169 161176                    2498618.8381    0.00000   100%  10.6  869s
 175237 161204 infeasible  175      2498618.84    0.00000   100%  10.6  870s
H175246 161209                    2496025.4145    0.00000   100%  10.6  870s
H175360 161323                    2495138.2269    0.00000   100%  10.6  872s
 175846 161811 2273443.58  443  161 2495138.23    0.00000   100%  10.6  875s
H176405 162300                    2494312.8317    0.00000   100%  10.6  877s
 176641 162480 1785378.37  142  189 2494312.83    0.00000   100%  10.7  880s
 177273 162880 2307215.38  454  165 2494312.83    0.00000   100%  10.7  887s
H177365 162926                    2494190.5292    0.00000   100%  10.8  889s
 177417 162954 2314095.84  526  163 2494190.53    0.00000   100%  10.8  890s
H178125 163556                    2494190.4949    0.00000   100%  10.8  893s
 178320 163655 infeasible  977      2494190.49    0.00000   100%  10.8  895s
H178562 163741                    2494162.7648    0.00000   100%  10.9  898s
 178764 163807 infeasible 1194      2494162.76    0.00000   100%  11.0  900s
 178947 163926 774887.464  130  215 2494162.76    0.00000   100%  11.0  905s
H179024 163963                    2494111.8380    0.00000   100%  11.0  906s
H179132 163975                    2494111.8262    0.00000   100%  11.1  908s
 179243 163990 2420830.68  224  176 2494111.83    0.00000   100%  11.1  910s
H179323 164012                    2493925.5392    0.00000   100%  11.2  912s
 179674 164295 1853754.53  137  189 2493925.54    0.00000   100%  11.2  915s
H179864 164441                    2493232.1915    0.00000   100%  11.2  917s
 180058 164596 2179265.59  135  188 2493232.19    0.00000   100%  11.3  920s
 180872 165397 1674444.71  717  169 2493232.19    0.00000   100%  11.3  925s
H181867 166390                    2492700.9462    0.00000   100%  11.2  929s
 182062 166587 1702940.78 1789  168 2492700.95    0.00000   100%  11.2  930s
H182867 167390                    2490807.4810    0.00000   100%  11.1  934s
 183153 167678 1722868.05 2880  168 2490807.48    0.00000   100%  11.1  935s
H183568 168091                    2490807.4807    0.00000   100%  11.1  936s
 184445 168970 1743455.29 4172  168 2490807.48    0.00000   100%  11.1  940s
 185411 169936 1754577.50 5138  168 2490807.48    0.00000   100%  11.0  945s
 185728 170253 1758093.27 5455  168 2490807.48    0.00000   100%  11.0  950s
H185760 170283                    2490806.4461    0.00000   100%  11.0  950s
 186923 171448 1771697.79 6650  168 2490806.45    0.00000   100%  10.9  955s
 188074 172599 1794819.20 7798  166 2490806.45    0.00000   100%  10.9  960s
 189160 173685 1842371.02 8829  157 2490806.45    0.00000   100%  10.8  965s
 189755 174276 2334805.71 8840  170 2490806.45    0.00000   100%  10.8  974s
 189806 174327 2367322.02 8839  173 2490806.45    0.00000   100%  10.8  975s
H190225 174692                    2490617.8518    0.00000   100%  10.9  978s
 190443 174878 2300837.32 8840  176 2490617.85    0.00000   100%  10.9  980s
 191197 175474 851398.146  119  224 2490617.85    0.00000   100%  10.9  985s
H191844 176037                    2490570.2135    0.00000   100%  10.9  988s
 192197 176296 2424670.64  205  173 2490570.21    0.00000   100%  11.0  990s
H192437 176481                    2490024.5028    0.00000   100%  11.0  991s
H192486 176500                    2490016.6820    0.00000   100%  11.0  993s
H192538 176552                    2487988.6341    0.00000   100%  11.0  994s
 192696 176712 1997670.01  217  160 2487988.63    0.00000   100%  11.0  995s
H193538 177552                    2487988.6008    0.00000   100%  11.0  997s
H193681 177695                    2487780.1599    0.00000   100%  11.0  997s
H194028 177862                    2487087.6646    0.00000   100%  11.1 1000s
H194338 177972                    2487047.2089    0.00000   100%  11.2 1002s
 195003 178535 infeasible 1370      2487047.21    0.00000   100%  11.2 1005s
H195052 178570                    2487045.4293    0.00000   100%  11.2 1005s
H195778 179222                    2486836.4313    0.00000   100%  11.2 1008s
 196303 179631 2142085.41 2020  154 2486836.43    0.00000   100%  11.2 1010s
H196479 179805                    2486828.7493    0.00000   100%  11.2 1010s
H196568 179894                    2486822.1837    0.00000   100%  11.2 1011s
H197033 180195                    2486547.7026    0.00000   100%  11.2 1013s
 197344 180292     cutoff 2539      2486547.70    0.00000   100%  11.3 1015s
H197663 180401                    2486412.2759    0.00000   100%  11.3 1017s
H197939 180495                    2486392.5790    0.00000   100%  11.4 1018s
H198211 180713                    2486324.6673    0.00000   100%  11.4 1019s
 198290 180792 2206402.58 3012  152 2486324.67    0.00000   100%  11.4 1020s
 198757 181245 2172741.83 3246  154 2486324.67    0.00000   100%  11.4 1025s
 199533 181907 2219381.94 3633  150 2486324.67    0.00000   100%  11.4 1030s
H199580 181922                    2486291.4870    0.00000   100%  11.4 1030s
 200394 182582 2215792.05 4064  150 2486291.49    0.00000   100%  11.4 1035s
H200790 182870                    2486123.2015    0.00000   100%  11.4 1037s
 201141 183043     cutoff 4437      2486123.20    0.00000   100%  11.5 1040s
 201935 183493     cutoff 4834      2486123.20    0.00000   100%  11.6 1045s
H202628 183986                    2439095.8184    0.00000   100%  11.6 1049s
 202679 184033 2245173.25 5205  149 2439095.82    0.00000   100%  11.6 1050s
H202764 184106                    2438780.2915    0.00000   100%  11.6 1050s
H202765 184107                    2396061.2934    0.00000   100%  11.6 1050s
H202818 184152                    2378249.9151    0.00000   100%  11.6 1051s
H202872 184172                    2376186.3131    0.00000   100%  11.6 1051s
H202926 184226                    2376185.6760    0.00000   100%  11.6 1052s
 203402 184676 574812.561  117  232 2376185.68    0.00000   100%  11.7 1055s
H203444 184716                    2353834.2837    0.00000   100%  11.7 1055s
H204352 185602                    2352926.6408    0.00000   100%  11.6 1058s
 204919 186153 2240917.70 1327  174 2352926.64    0.00000   100%  11.6 1060s
H205402 180603                    2342891.0087    0.00000   100%  11.6 1061s
H205790 174902                    2313075.7745    0.00000   100%  11.7 1065s
H206023 175080                    2313075.7648    0.00000   100%  11.7 1066s
H206394 175373                    2306712.1263    0.00000   100%  11.7 1069s
 206472 175421 2163502.77  180  186 2306712.13    0.00000   100%  11.7 1070s
H206530 175445                    2305306.6927    0.00000   100%  11.7 1070s
H206587 175486                    2305285.4013    0.00000   100%  11.8 1071s
H206614 175507                    2297674.0873    0.00000   100%  11.8 1071s
 206774 175669 1895041.07  185  181 2297674.09    0.00000   100%  11.8 1075s
H207077 169941                    2281319.9513    0.00000   100%  11.8 1076s
H207547 170399                    2272788.2929    0.00000   100%  11.7 1078s
 207744 170556 2065278.39  886  162 2272788.29    0.00000   100%  11.7 1080s
H208351 165124                    2268295.2546    0.00000   100%  11.7 1081s
H209351 166124                    2268276.7572    0.00000   100%  11.7 1083s
 209931 166706 2133753.48 3006  161 2268276.76    0.00000   100%  11.7 1085s
H210016 166787                    2267921.1398    0.00000   100%  11.7 1085s
 212434 169199 2166439.25 5398  155 2267921.14    0.00000   100%  11.5 1090s
 213158 169923 2176175.84 6003  152 2267921.14    0.00000   100%  11.5 1096s
H213495 170258                    2267195.2375    0.00000   100%  11.5 1097s
H214112 170693                    2267146.2576    0.00000   100%  11.6 1100s
H214203 170712                    2267122.1724    0.00000   100%  11.6 1100s
H214257 170724                    2264578.1702    0.00000   100%  11.6 1101s
H214292 170755                    2264497.3239    0.00000   100%  11.6 1102s
 214627 170909 2183383.97  190  184 2264497.32    0.00000   100%  11.7 1105s
H214794 171005                    2264364.5892    0.00000   100%  11.7 1106s
H215248 171265                    2262869.7261    0.00000   100%  11.8 1109s
H215262 171271                    2257724.4160    0.00000   100%  11.8 1109s
 215307 171298 infeasible  405      2257724.42    0.00000   100%  11.8 1110s
H215512 171439                    2256942.4641    0.00000   100%  11.8 1112s
H215870 171755                    2252282.3051    0.00000   100%  11.8 1113s
H215978 171863                    2248510.6015    0.00000   100%  11.9 1114s
 216049 171936 1029251.04  133  195 2248510.60    0.00000   100%  11.9 1115s
H216202 172087                    2248488.9304    0.00000   100%  11.9 1116s
H216848 172655                    2246235.2527    0.00000   100%  11.9 1118s
H216954 172749                    2246148.8812    0.00000   100%  11.9 1119s
H216982 172767                    2246053.6353    0.00000   100%  11.9 1119s
 217060 172822 infeasible  147      2246053.64    0.00000   100%  11.9 1120s
H217097 166821                    2242448.2318    0.00000   100%  11.9 1120s
H217479 167099                    2242325.5392    0.00000   100%  12.0 1124s
 217596 167199 2129807.32  171  169 2242325.54    0.00000   100%  12.0 1125s
H217732 167253                    2241919.8825    0.00000   100%  12.0 1126s
 218448 167971 1798317.97  640  177 2241919.88    0.00000   100%  12.0 1130s
H218792 168313                    2241842.2912    0.00000   100%  12.0 1130s
 220352 169875 1900220.61 2523  172 2241842.29    0.00000   100%  11.9 1135s
H220777 170298                    2241826.8170    0.00000   100%  11.9 1135s
H221335 170762                    2241822.5128    0.00000   100%  12.0 1137s
 221935 171302 1763873.50  313  177 2241822.51    0.00000   100%  12.0 1140s
H222402 165740                    2241027.2347    0.00000   100%  12.0 1141s
H222997 166331                    2238907.6839    0.00000   100%  11.9 1144s
 223110 166386 1951354.66  901  163 2238907.68    0.00000   100%  12.0 1145s
H224562 167690                    2238906.1799    0.00000   100%  11.9 1148s
 225147 168231     cutoff 1919      2238906.18    0.00000   100%  11.9 1150s
H225724 168654                    2238627.5060    0.00000   100%  12.0 1152s
 226030 168954 2041674.10 2360  156 2238627.51    0.00000   100%  12.0 1156s
H226514 169426                    2237095.9377    0.00000   100%  12.0 1158s
H226935 169723                    2232465.2402    0.00000   100%  12.0 1159s
 226963 169737     cutoff 2826      2232465.24    0.00000   100%  12.0 1160s
H227085 169825                    2232372.4617    0.00000   100%  12.0 1160s
H227486 170114                    2232370.9577    0.00000   100%  12.0 1162s
 227957 170463 2078581.46 3323  154 2232370.96    0.00000   100%  12.1 1165s
H227985 170481                    2231993.1767    0.00000   100%  12.1 1167s
 228663 170967 2079629.48 3676  154 2231993.18    0.00000   100%  12.1 1170s
 230003 171949 2081879.76 4346  155 2231993.18    0.00000   100%  12.2 1175s
H230194 172086                    2231951.7144    0.00000   100%  12.2 1175s
 231043 172737 2094263.78 4866  162 2231951.71    0.00000   100%  12.3 1180s
 231995 173509 2120876.40 5342  154 2231951.71    0.00000   100%  12.3 1185s
 232982 174320 2134492.67 5836  152 2231951.71    0.00000   100%  12.4 1190s
H233312 174484                    2226852.0647    0.00000   100%  12.4 1194s
 233510 174620 458813.497  112  225 2226852.06    0.00000   100%  12.5 1195s
 233605 174703 1997505.55  136  183 2226852.06    0.00000   100%  12.5 1200s
H233615 174699                    2226605.7844    0.00000   100%  12.5 1200s
H233876 174918                    2226604.3444    0.00000   100%  12.5 1202s
H233928 174939                    2226118.9180    0.00000   100%  12.5 1203s
 234221 175234 2086560.78  244  189 2226118.92    0.00000   100%  12.5 1205s
H234299 175258                    2226117.4140    0.00000   100%  12.5 1205s
H234467 175372                    2226074.1718    0.00000   100%  12.6 1208s
 234632 175489     cutoff  141      2226074.17    0.00000   100%  12.6 1210s
H234854 175661                    2223766.5105    0.00000   100%  12.6 1212s
H234966 175743                    2223765.0065    0.00000   100%  12.6 1214s
 235045 175813 445533.937  115  221 2223765.01    0.00000   100%  12.6 1215s
H235102 175868                    2223698.3182    0.00000   100%  12.6 1216s
 235691 176422 810162.290  120  220 2223698.32    0.00000   100%  12.7 1220s
H235823 176505                    2223399.9836    0.00000   100%  12.7 1222s
H235888 176544                    2223398.4796    0.00000   100%  12.7 1223s
 236005 176607 649657.403  115  217 2223398.48    0.00000   100%  12.7 1225s
 236490 177034 2048873.66  246  156 2223398.48    0.00000   100%  12.7 1230s
H237715 178251                    2222995.2321    0.00000   100%  12.7 1235s
 238846 179384 2101699.09 2125  167 2222995.23    0.00000   100%  12.6 1240s
H239365 179901                    2222993.7281    0.00000   100%  12.6 1244s
H239682 180216                    2221853.4587    0.00000   100%  12.6 1245s
H241222 181756                    2221851.9547    0.00000   100%  12.5 1247s
H241406 181940                    2220915.7891    0.00000   100%  12.5 1248s
 241817 182347 2180249.90 4850  159 2220915.79    0.00000   100%  12.5 1250s
H242022 182466                    2220303.2198    0.00000   100%  12.5 1251s
H242313 182689                    2220205.0703    0.00000   100%  12.6 1253s
H242542 182855                    2220015.7596    0.00000   100%  12.6 1254s
H242555 182860                    2219883.4285    0.00000   100%  12.6 1254s
 242568 182875 1400703.31  128  206 2219883.43    0.00000   100%  12.6 1255s
H242655 182948                    2219387.4746    0.00000   100%  12.6 1255s
H243198 183491                    2219385.9706    0.00000   100%  12.6 1258s
H243380 183673                    2219181.3634    0.00000   100%  12.6 1259s
 243731 184026 1724046.67  674  168 2219181.36    0.00000   100%  12.6 1260s
H244831 185124                    2219060.7350    0.00000   100%  12.5 1262s
H245208 185431                    2219059.2310    0.00000   100%  12.5 1263s
H245245 185468                    2218435.7955    0.00000   100%  12.5 1264s
 245642 185867 1790916.11 1629  165 2218435.80    0.00000   100%  12.5 1265s
H246299 186500                    2218434.4699    0.00000   100%  12.5 1269s
 246325 186528 1828842.50 1971  167 2218434.47    0.00000   100%  12.5 1270s
H246903 186930                    2218184.8753    0.00000   100%  12.5 1273s
 247131 187096 1916724.33 2373  158 2218184.88    0.00000   100%  12.6 1275s
 247782 187579 1930926.57 2698  159 2218184.88    0.00000   100%  12.6 1280s
 248269 187936 1929940.36 2942  161 2218184.88    0.00000   100%  12.6 1287s
H248611 188192                    2217815.1972    0.00000   100%  12.6 1289s
 248615 188196 1932482.04 3115  159 2217815.20    0.00000   100%  12.6 1290s
H248957 188450                    2217813.6931    0.00000   100%  12.6 1291s
H249143 188586                    2217320.6954    0.00000   100%  12.7 1293s
 249391 188774 1938113.49 3503  160 2217320.70    0.00000   100%  12.7 1295s
H249537 188878                    2216559.1276    0.00000   100%  12.7 1296s
H250061 189184                    2216557.6236    0.00000   100%  12.7 1299s
H250087 189190                    2216442.9999    0.00000   100%  12.7 1300s
H250285 189248                    2216441.4959    0.00000   100%  12.8 1301s
H250441 189310                    2215532.9606    0.00000   100%  12.8 1303s
H250627 189414                    2214921.6368    0.00000   100%  12.8 1305s
 251325 189872 1960054.15 4470  156 2214921.64    0.00000   100%  12.9 1310s
H251695 190096                    2214792.1424    0.00000   100%  13.0 1313s
H251901 190218                    2214790.6384    0.00000   100%  13.0 1314s
 251915 190232 1963228.94 4765  156 2214790.64    0.00000   100%  13.0 1315s
H251927 190238                    2214684.3946    0.00000   100%  13.0 1315s
H252069 190318                    2214619.5145    0.00000   100%  13.0 1317s
H252171 190378                    2214595.2661    0.00000   100%  13.0 1318s
 252289 190422 1967367.37 4948  158 2214595.27    0.00000   100%  13.1 1320s
H252314 190425                    2214593.7621    0.00000   100%  13.1 1320s
 252893 190962 infeasible 5249      2214593.76    0.00000   100%  13.1 1325s
H253159 191200                    2213553.0628    0.00000   100%  13.1 1327s
 253465 191508 2035900.14 5535  152 2213553.06    0.00000   100%  13.1 1330s
H253706 191733                    2213388.1151    0.00000   100%  13.1 1331s
 253935 191810 infeasible 5770      2213388.12    0.00000   100%  13.1 1335s
H254136 191889                    2213159.7598    0.00000   100%  13.1 1338s
 254185 191932 2046702.51 5895  148 2213159.76    0.00000   100%  13.1 1343s
 254278 191957 229796.627  108  227 2213159.76    0.00000   100%  13.2 1345s
H254544 192221                    2212697.6921    0.00000   100%  13.2 1350s
 255519 193198 1866496.80  841  169 2212697.69    0.00000   100%  13.2 1355s
H256934 194611                    2212631.8614    0.00000   100%  13.1 1359s
 257443 195122 1912849.57 1818  169 2212631.86    0.00000   100%  13.1 1360s
H257494 195171                    2212631.8058    0.00000   100%  13.1 1360s
H257606 195283                    2212504.6226    0.00000   100%  13.1 1360s
 258800 196425 1926147.87 2365  165 2212504.62    0.00000   100%  13.0 1365s
H258995 196618                    2212106.6269    0.00000   100%  13.0 1365s
 259969 197594 1991811.81 3514  162 2212106.63    0.00000   100%  13.0 1370s
H260092 197715                    2211319.6168    0.00000   100%  13.0 1370s
 261904 199383 2029241.33  138  186 2211319.62    0.00000   100%  13.0 1375s
H261966 187351                    2185650.9937    0.00000   100%  13.0 1375s
H262017 187389                    2184028.9865    0.00000   100%  13.0 1375s
H262069 187417                    2183507.4273    0.00000   100%  13.0 1376s
H262257 187533                    2183141.0818    0.00000   100%  13.0 1378s
H262264 187540                    2183112.3445    0.00000   100%  13.0 1378s
 262508 187664 303127.842  118  239 2183112.34    0.00000   100%  13.0 1380s
H262658 187812                    2181708.8930    0.00000   100%  13.0 1381s
 263485 188551 2126807.35  180  192 2181708.89    0.00000   100%  13.0 1385s
H263658 188649                    2181699.8952    0.00000   100%  13.1 1387s
H263830 188780                    2181549.1690    0.00000   100%  13.1 1388s
H263856 188806                    2181509.2519    0.00000   100%  13.1 1388s
 264139 188989 288592.268  113  221 2181509.25    0.00000   100%  13.1 1390s
 266118 190935 1726518.56 1229  172 2181509.25    0.00000   100%  13.1 1395s
 267077 191894 1776119.14 1716  166 2181509.25    0.00000   100%  13.0 1400s
 268556 193373 1780749.69 2580  169 2181509.25    0.00000   100%  13.0 1405s
H269626 194429                    2181445.0438    0.00000   100%  13.0 1408s
 270680 195485 2023780.86 4360  148 2181445.04    0.00000   100%  12.9 1410s
H271583 196211                    2181197.4241    0.00000   100%  13.0 1414s
 271681 196311 2002412.85  282  184 2181197.42    0.00000   100%  13.0 1415s
 272455 196749 524620.444  114  222 2181197.42    0.00000   100%  13.1 1420s
H273654 197944                    2181057.8537    0.00000   100%  13.0 1424s
 273738 198030 1579902.70 1190  162 2181057.85    0.00000   100%  13.0 1425s
H274261 198551                    2181057.8391    0.00000   100%  13.0 1430s
H275342 199632                    2180592.3656    0.00000   100%  12.9 1432s
 276900 201190 1755715.99 4086  152 2180592.37    0.00000   100%  12.9 1435s
H278725 203013                    2179967.1279    0.00000   100%  12.8 1438s
 279946 204236 1782876.97 6937  150 2179967.13    0.00000   100%  12.8 1440s
 280416 204706 1788269.64 7404  149 2179967.13    0.00000   100%  12.7 1445s
H281724 205896                    2179646.1717    0.00000   100%  12.7 1449s
 281782 205937 1136784.77  136  209 2179646.17    0.00000   100%  12.7 1450s
H282069 206128                    2179567.8663    0.00000   100%  12.8 1452s
H282122 206163                    2178293.2786    0.00000   100%  12.8 1452s
 282494 206494 257265.629  117  231 2178293.28    0.00000   100%  12.8 1455s
H283270 207187                    2177708.6954    0.00000   100%  12.8 1459s
 283339 207252 infeasible  148      2177708.70    0.00000   100%  12.8 1460s
H283518 207397                    2177688.5746    0.00000   100%  12.9 1461s
H283802 207617                    2177642.8062    0.00000   100%  12.9 1465s
H284729 208526                    2177642.8059    0.00000   100%  12.9 1468s
 285641 209440 1797136.99 1391  157 2177642.81    0.00000   100%  12.9 1470s
 286458 210257 1805791.80 2010  157 2177642.81    0.00000   100%  12.9 1475s
 288022 211821 1829065.99 3186  160 2177642.81    0.00000   100%  12.8 1480s
H288840 212635                    2177491.2150    0.00000   100%  12.8 1481s
 289959 213756 1863564.00 5045  156 2177491.21    0.00000   100%  12.7 1485s
H290754 214529                    2177471.5775    0.00000   100%  12.7 1486s
 292222 215985 1981823.07 7170  153 2177471.58    0.00000   100%  12.7 1490s
H292690 216269                    2177471.3461    0.00000   100%  12.8 1494s
 292750 216299 199043.261  111  231 2177471.35    0.00000   100%  12.8 1495s
 293126 216608 1916108.54  164  176 2177471.35    0.00000   100%  12.8 1501s
 293911 217299 1393977.01  127  203 2177471.35    0.00000   100%  12.8 1506s
 294309 217581 138038.945   95  250 2177471.35    0.00000   100%  12.9 1510s
 295716 218890 1883055.50  775  163 2177471.35    0.00000   100%  12.9 1515s
H296480 219638                    2177364.6731    0.00000   100%  12.9 1518s
H296744 219900                    2177312.6899    0.00000   100%  12.9 1519s
 296941 220099 2155227.15 1384  175 2177312.69    0.00000   100%  12.9 1520s
H298140 221294                    2177251.9592    0.00000   100%  12.9 1524s
 298262 221418 1905505.63 2045  160 2177251.96    0.00000   100%  12.9 1525s
 298982 222134 1908510.77 2405  160 2177251.96    0.00000   100%  12.9 1531s
H299140 222290                    2177240.9343    0.00000   100%  12.8 1532s
H299855 223001                    2177224.9541    0.00000   100%  12.8 1534s
 299975 223123 1948132.02 2901  160 2177224.95    0.00000   100%  12.8 1535s
H300483 223627                    2177201.2985    0.00000   100%  12.8 1536s
H301066 224206                    2177193.2504    0.00000   100%  12.8 1538s
 301720 224848 1921508.03 3774  161 2177193.25    0.00000   100%  12.8 1540s
 303003 225719 infeasible 4415      2177193.25    0.00000   100%  12.8 1545s
 303905 226261 1944435.71 4866  162 2177193.25    0.00000   100%  12.9 1550s
H304180 226424                    2177188.6933    0.00000   100%  12.9 1554s
 304207 226441 infeasible 5017      2177188.69    0.00000   100%  12.9 1555s
 305047 226945 infeasible 5437      2177188.69    0.00000   100%  13.0 1560s
H305180 227016                    2177166.6929    0.00000   100%  13.0 1560s
H305816 227445                    2177154.8767    0.00000   100%  13.0 1563s
 306381 227872 2082225.19 6100  148 2177154.88    0.00000   100%  13.0 1565s
 306676 228019     cutoff 6247      2177154.88    0.00000   100%  13.1 1570s
H306817 228088                    2177153.3637    0.00000   100%  13.1 1571s
 307591 228478 2083468.42 6705  148 2177153.36    0.00000   100%  13.1 1575s
H307916 228643                    2177140.6231    0.00000   100%  13.1 1576s
 309125 229852 2085081.97 7472  147 2177140.62    0.00000   100%  13.1 1581s
H309755 230052                    2177113.2083    0.00000   100%  13.1 1584s
 309894 230053     cutoff 7856      2177113.21    0.00000   100%  13.2 1585s
H310095 230052                    2177103.5780    0.00000   100%  13.2 1586s
H310173 230052                    2176993.1956    0.00000   100%  13.2 1586s
H310407 230052                    2176966.6487    0.00000   100%  13.2 1588s
H310583 230052                    2176903.3788    0.00000   100%  13.3 1589s
 310629 230054 2097955.56 8224  148 2176903.38    0.00000   100%  13.3 1590s
H310793 230118                    2176903.3766    0.00000   100%  13.3 1591s
H311141 230154                    2176898.7487    0.00000   100%  13.3 1593s
 311288 230293 2161238.91  160  193 2176898.75    0.00000   100%  13.3 1595s
H311618 230528                    2176838.5931    0.00000   100%  13.4 1597s
 311967 230707 1227275.08  133  195 2176838.59    0.00000   100%  13.4 1600s
H312687 231385                    2176838.5804    0.00000   100%  13.4 1601s
H312794 231406                    2176724.9238    0.00000   100%  13.4 1602s
H312908 231476                    2176622.0195    0.00000   100%  13.4 1603s
 313214 231702 1261488.44  136  196 2176622.02    0.00000   100%  13.4 1605s
H313267 231753                    2176622.0152    0.00000   100%  13.4 1605s
 314690 233178 1949602.80  896  167 2176622.02    0.00000   100%  13.4 1610s
 315384 233862 2034576.81 1234  169 2176622.02    0.00000   100%  13.3 1615s
H315738 234200                    2176284.0508    0.00000   100%  13.3 1615s
H316045 234364                    2176214.1621    0.00000   100%  13.4 1618s
H316251 234514                    2176158.2668    0.00000   100%  13.4 1619s
 316321 234546    0.00000  110  238 2176158.27    0.00000   100%  13.4 1620s
 317216 235267 6911.01651  112  236 2176158.27    0.00000   100%  13.5 1625s
H317932 235905                    2176044.4737    0.00000   100%  13.5 1628s
 318160 236051    0.00000   72  269 2176044.47    0.00000   100%  13.5 1630s
H318418 236250                    2175273.4746    0.00000   100%  13.5 1632s
H318727 236531                    2175273.4556    0.00000   100%  13.5 1634s
 318788 236594 1803671.44  169  175 2175273.46    0.00000   100%  13.5 1635s
 319267 236946 188884.758   88  268 2175273.46    0.00000   100%  13.6 1640s
 320082 237596 2144512.98  226  186 2175273.46    0.00000   100%  13.6 1645s
 321489 239003 2027329.92 1083  178 2175273.46    0.00000   100%  13.6 1650s
H321713 239223                    2175124.9041    0.00000   100%  13.6 1650s
 322646 240015 119243.391  107  242 2175124.90    0.00000   100%  13.6 1655s
H322992 240281                    2175124.6419    0.00000   100%  13.6 1658s
 323341 240615 1401097.30  298  189 2175124.64    0.00000   100%  13.6 1660s
H324391 241663                    2175123.1200    0.00000   100%  13.6 1663s
 325104 242378 1538450.12 1899  172 2175123.12    0.00000   100%  13.6 1665s
 326880 244154 1590600.72 3281  166 2175123.12    0.00000   100%  13.5 1670s
H327798 245070                    2175093.0659    0.00000   100%  13.5 1672s
H329142 246414                    2175085.7932    0.00000   100%  13.4 1674s
 329355 246627 1778411.90 5701  152 2175085.79    0.00000   100%  13.4 1675s
H329484 246746                    2174960.4834    0.00000   100%  13.4 1677s
 331107 248371 1791212.58 6401  150 2174960.48    0.00000   100%  13.4 1680s
H332951 250087                    2174931.2821    0.00000   100%  13.3 1684s
 332995 250085 301379.739   91  249 2174931.28    0.00000   100%  13.3 1685s
 333727 250579 2028928.16  183  183 2174931.28    0.00000   100%  13.4 1690s
H334065 250879                    2174863.5878    0.00000   100%  13.4 1692s
H334480 251294                    2174837.1922    0.00000   100%  13.4 1694s
 334601 251417 1874512.38  783  183 2174837.19    0.00000   100%  13.4 1695s
H335278 252092                    2174818.2136    0.00000   100%  13.4 1699s
 335387 252203 1897911.49 1569  183 2174818.21    0.00000   100%  13.4 1700s
H337293 254107                    2174797.0859    0.00000   100%  13.3 1703s
 337790 254602 2045914.28 3839  182 2174797.09    0.00000   100%  13.3 1705s
H338194 254825                    2174773.9941    0.00000   100%  13.3 1707s
 338568 255025 1573437.53  143  185 2174773.99    0.00000   100%  13.3 1710s
H339301 255598                    2174627.6616    0.00000   100%  13.3 1712s
 339601 255810 1966876.06  660  158 2174627.66    0.00000   100%  13.4 1715s
H339683 255874                    2174621.2413    0.00000   100%  13.4 1715s
 341264 257155     cutoff 1491      2174621.24    0.00000   100%  13.4 1720s
 342202 257867     cutoff 1960      2174621.24    0.00000   100%  13.4 1725s
 343236 258641     cutoff 2477      2174621.24    0.00000   100%  13.4 1730s
 344203 259352 2026340.26 2961  153 2174621.24    0.00000   100%  13.4 1735s
H344366 259465                    2174620.1572    0.00000   100%  13.4 1736s
 344848 259789 2067106.92 3283  160 2174620.16    0.00000   100%  13.5 1740s
H345246 260161                    2174610.8621    0.00000   100%  13.4 1741s
H346229 261008                    2174587.2375    0.00000   100%  13.5 1744s
 346322 261031     cutoff 4020      2174587.24    0.00000   100%  13.5 1745s
H346499 261060                    2174582.5222    0.00000   100%  13.5 1746s
H346955 261192                    2174582.4854    0.00000   100%  13.6 1750s
H347401 261392                    2174556.1231    0.00000   100%  13.6 1753s
 347560 261433     cutoff 4639      2174556.12    0.00000   100%  13.7 1755s
H347849 261444                    2174551.2893    0.00000   100%  13.7 1757s
 348038 261445     cutoff 4878      2174551.29    0.00000   100%  13.8 1760s
 348558 261445 2103616.76 5138  168 2174551.29    0.00000   100%  13.9 1765s
H349433 262245                    2174536.9143    0.00000   100%  13.9 1770s
 349693 262507 1873261.19  745  160 2174536.91    0.00000   100%  13.9 1775s
H350960 263772                    2174520.8181    0.00000   100%  13.8 1778s
 351598 264412 1918895.99 2257  157 2174520.82    0.00000   100%  13.8 1780s
 353723 266537 1947052.78 4301  154 2174520.82    0.00000   100%  13.7 1785s
H354364 267174                    2174516.5007    0.00000   100%  13.7 1786s
 355334 268146 1963553.87 5856  155 2174516.50    0.00000   100%  13.7 1790s
 356823 269635 1981768.69 7315  155 2174516.50    0.00000   100%  13.7 1798s
 357421 270233 1996077.37 7898  155 2174516.50    0.00000   100%  13.7 1800s
 358683 271493     cutoff 8855      2174516.50    0.00000   100%  13.7 1805s
 359177 271737 2072994.17  411  168 2174516.50    0.00000   100%  13.7 1810s
H359446 271879                    2174401.6662    0.00000   100%  13.7 1814s
 359576 271981 1792783.65  144  188 2174401.67    0.00000   100%  13.7 1815s
 360415 272706     cutoff  879      2174401.67    0.00000   100%  13.7 1820s
H360741 272770                    2174347.9171    0.00000   100%  13.7 1822s
H360883 272855                    2174327.4302    0.00000   100%  13.8 1824s
 360898 272872 679267.949  108  228 2174327.43    0.00000   100%  13.8 1825s
H361136 273082                    2174325.0359    0.00000   100%  13.8 1828s
 361460 273404 1955938.61  464  174 2174325.04    0.00000   100%  13.8 1830s
 362206 273990 2027172.75  203  167 2174325.04    0.00000   100%  13.8 1835s
H362221 273993                    2174301.8675    0.00000   100%  13.8 1835s
H362436 274071                    2174265.1593    0.00000   100%  13.8 1838s
 362570 274131 327961.675  113  223 2174265.16    0.00000   100%  13.8 1840s
H362749 274308                    2174232.9811    0.00000   100%  13.8 1845s
 363856 275417 1998338.69  756  168 2174232.98    0.00000   100%  13.8 1850s
 364529 276018 1975942.18  146  181 2174232.98    0.00000   100%  13.8 1855s
 365358 276743 infeasible  827      2174232.98    0.00000   100%  13.8 1860s
 366398 277667 1815901.94  340  179 2174232.98    0.00000   100%  13.8 1865s
 367610 278833 2103619.56  898  184 2174232.98    0.00000   100%  13.8 1870s
 368414 279581 2020078.15  527  169 2174232.98    0.00000   100%  13.8 1875s
 369482 280639 2086476.92 1558  181 2174232.98    0.00000   100%  13.8 1881s
H369623 280758                    2174198.4497    0.00000   100%  13.8 1882s
 369785 280864    0.00000   87  248 2174198.45    0.00000   100%  13.8 1885s
H369859 280909                    2174187.1037    0.00000   100%  13.8 1886s
 370059 281062 142351.282   91  264 2174187.10    0.00000   100%  13.8 1890s
H370073 281074                    2174131.5572    0.00000   100%  13.8 1890s
H370277 281243                    2174131.5079    0.00000   100%  13.8 1893s
 370415 281363 1067970.89  111  217 2174131.51    0.00000   100%  13.9 1895s
H370643 281547                    2174080.5455    0.00000   100%  13.9 1899s
 370717 281607 1457559.36  120  208 2174080.55    0.00000   100%  13.9 1900s
 371025 281825 648666.110  118  215 2174080.55    0.00000   100%  13.9 1905s
 371476 282252 1939700.51  155  171 2174080.55    0.00000   100%  13.9 1910s
H371896 282507                    2174062.0991    0.00000   100%  14.0 1915s
H371952 282546                    2174043.0014    0.00000   100%  14.0 1916s
 372254 282741 129321.438   85  280 2174043.00    0.00000   100%  14.0 1920s
H372847 283166                    2174038.4080    0.00000   100%  14.0 1923s
 373097 283354 1790786.93  506  162 2174038.41    0.00000   100%  14.0 1925s
H374780 284971                    2174027.5075    0.00000   100%  14.0 1929s
 374883 285076 1821872.77 1399  159 2174027.51    0.00000   100%  14.0 1930s
 375075 285268 1823235.31 1495  159 2174027.51    0.00000   100%  14.0 1935s
H375993 285906                    2173935.5240    0.00000   100%  14.0 1939s
 376251 286036 1840303.20 2083  158 2173935.52    0.00000   100%  14.0 1940s
H376581 286250                    2173931.0470    0.00000   100%  14.1 1941s
H376813 286394                    2173913.5744    0.00000   100%  14.1 1942s
 377243 286654 1849529.61 2579  155 2173913.57    0.00000   100%  14.1 1945s
H377576 286855                    2173888.7135    0.00000   100%  14.1 1946s
 378132 287131     cutoff 3023      2173888.71    0.00000   100%  14.1 1950s
 378939 287520 1923822.20 3420  150 2173888.71    0.00000   100%  14.2 1955s
H379167 287518                    2173888.7133    0.00000   100%  14.2 1956s
 379690 287751     cutoff 3795      2173888.71    0.00000   100%  14.3 1960s
 380237 288002 1928163.10 4069  151 2173888.71    0.00000   100%  14.3 1965s
 380775 288090 1995522.32 4338  150 2173888.71    0.00000   100%  14.4 1970s
H381093 288088                    2173886.8232    0.00000   100%  14.5 1973s
 381287 288090 2000541.28 4594  149 2173886.82    0.00000   100%  14.6 1975s
 381796 288089 infeasible 4848      2173886.82    0.00000   100%  14.7 1980s
H382191 288132                    2173853.9508    0.00000   100%  14.8 1984s
 382316 288143 infeasible 5108      2173853.95    0.00000   100%  14.8 1985s
H382441 288184                    2173833.6919    0.00000   100%  14.8 1985s
H382597 288256                    2173819.9984    0.00000   100%  14.8 1987s
 382960 288405 infeasible 5430      2173820.00    0.00000   100%  14.9 1990s
 383498 288547 infeasible 5699      2173820.00    0.00000   100%  15.0 1995s
H383647 288546                    2173793.4941    0.00000   100%  15.0 1997s
H383895 288546                    2173790.2840    0.00000   100%  15.1 1999s
H383921 288546                    2173776.9439    0.00000   100%  15.1 1999s
 383940 288547 infeasible 5920      2173776.94    0.00000   100%  15.1 2000s
 384486 288547 infeasible 6193      2173776.94    0.00000   100%  15.2 2005s
 385013 288548 2086045.70 6457  152 2173776.94    0.00000   100%  15.3 2010s
 385433 288548 2088204.17 6667  152 2173776.94    0.00000   100%  15.4 2015s
 385970 288547 infeasible 6935      2173776.94    0.00000   100%  15.6 2020s
 386497 288548 2093953.91 7199  151 2173776.94    0.00000   100%  15.7 2025s
H386695 288546                    2173773.0934    0.00000   100%  15.7 2027s
H386825 288546                    2173772.5421    0.00000   100%  15.8 2028s
 387032 288547 infeasible 7466      2173772.54    0.00000   100%  15.8 2030s
H387291 288546                    2173749.5973    0.00000   100%  15.9 2032s
 387591 288548 2099592.62 7746  150 2173749.60    0.00000   100%  16.0 2035s
 388094 288547 infeasible 7997      2173749.60    0.00000   100%  16.1 2040s
 388738 288691 infeasible 8319      2173749.60    0.00000   100%  16.1 2045s
 389374 288785 infeasible 8637      2173749.60    0.00000   100%  16.2 2050s
H389385 288784                    2173748.0648    0.00000   100%  16.2 2050s
H389713 288784                    2173713.8715    0.00000   100%  16.3 2052s
 389984 288975    0.00000   86  243 2173713.87    0.00000   100%  16.3 2055s
 390529 289368    0.00000   97  256 2173713.87    0.00000   100%  16.3 2060s
H390725 289505                    2173698.6773    0.00000   100%  16.3 2061s
 391108 289802 2023473.36  303  176 2173698.68    0.00000   100%  16.4 2065s
H391461 290071                    2173696.2565    0.00000   100%  16.4 2067s
 391750 290362 1881245.02  603  174 2173696.26    0.00000   100%  16.4 2070s
 391893 290505 1881995.01  746  173 2173696.26    0.00000   100%  16.3 2075s
 392368 290848 53164.0378  104  250 2173696.26    0.00000   100%  16.3 2080s
 392872 291304 1716590.70  229  175 2173696.26    0.00000   100%  16.3 2085s
 393321 291725 2015032.00  592  162 2173696.26    0.00000   100%  16.3 2090s
 394141 292545 2069523.68 1366  163 2173696.26    0.00000   100%  16.3 2095s
H394978 293348                    2173649.0851    0.00000   100%  16.3 2099s
 394979 293351    0.00000  108  244 2173649.09    0.00000   100%  16.3 2100s
H395032 293402                    2173621.8375    0.00000   100%  16.3 2101s
 395333 293683 1930393.27  384  170 2173621.84    0.00000   100%  16.3 2106s
 395818 294152     cutoff  862      2173621.84    0.00000   100%  16.3 2110s
 396540 294774 92573.6652  115  250 2173621.84    0.00000   100%  16.3 2115s
 397296 295514 1761001.22  462  174 2173621.84    0.00000   100%  16.3 2121s
 397889 295973 1934318.51  757  158 2173621.84    0.00000   100%  16.3 2125s
 399464 297548 1943016.16 1545  161 2173621.84    0.00000   100%  16.3 2130s
 400708 298792 1945727.34 2167  161 2173621.84    0.00000   100%  16.2 2135s
 401390 299210 1776446.20  184  170 2173621.84    0.00000   100%  16.3 2140s
 402073 299893 1790851.63  867  166 2173621.84    0.00000   100%  16.2 2145s
 402845 300665 2019017.56 1639  160 2173621.84    0.00000   100%  16.2 2150s
 404238 302022 1844409.47  526  158 2173621.84    0.00000   100%  16.2 2155s
 405021 302787 1960601.06 1099  155 2173621.84    0.00000   100%  16.2 2160s
H405502 303266                    2173621.8373    0.00000   100%  16.2 2163s
 405742 303508 1994826.47 1741  150 2173621.84    0.00000   100%  16.1 2165s
 407013 304767 2046458.59 3000  149 2173621.84    0.00000   100%  16.1 2170s
H407181 304933                    2173618.7694    0.00000   100%  16.1 2171s
 407557 305232 1820621.60  196  167 2173618.77    0.00000   100%  16.1 2175s
 408172 305773 2042264.87  420  175 2173618.77    0.00000   100%  16.1 2180s
 409096 306501 infeasible  720      2173618.77    0.00000   100%  16.1 2185s
 409675 306935 1505561.10  284  166 2173618.77    0.00000   100%  16.1 2190s
H409924 307182                    2173559.4172    0.00000   100%  16.1 2190s
 410764 308024 1530126.44 1207  164 2173559.42    0.00000   100%  16.1 2195s
 411384 308644 1533733.88 1683  164 2173559.42    0.00000   100%  16.1 2200s
 413139 310399 1660207.36 3030  158 2173559.42    0.00000   100%  16.0 2205s
 414874 312134 1708425.53 4701  154 2173559.42    0.00000   100%  16.0 2210s
 416573 313833 1732611.17 6400  155 2173559.42    0.00000   100%  15.9 2215s
 417240 314500 1742008.66 7067  155 2173559.42    0.00000   100%  15.9 2220s
H418579 315835                    2173556.5968    0.00000   100%  15.8 2224s
 418830 316088 1773476.80 8630  155 2173556.60    0.00000   100%  15.8 2225s
 419425 316476 2111093.10  178  194 2173556.60    0.00000   100%  15.9 2230s
 420026 316967 9378.54952  111  253 2173556.60    0.00000   100%  15.9 2235s
 421359 318292 2061323.51 1440  173 2173556.60    0.00000   100%  15.8 2240s
H421392 318323                    2173551.0532    0.00000   100%  15.8 2240s
H422169 319038                    2173519.2157    0.00000   100%  15.8 2243s
 422465 319206 286862.271  114  239 2173519.22    0.00000   100%  15.8 2245s
 423611 320350 1922410.10 1113  181 2173519.22    0.00000   100%  15.8 2250s
 423951 320690 1929438.55 1450  180 2173519.22    0.00000   100%  15.8 2255s
 424889 321538 2021937.93  305  181 2173519.22    0.00000   100%  15.8 2260s
H425200 321809                    2173511.3949    0.00000   100%  15.8 2261s
 425541 321890 infeasible  232      2173511.39    0.00000   100%  15.8 2265s
 426333 322588 infeasible  820      2173511.39    0.00000   100%  15.8 2270s
 427854 324039 1878710.10 1310  168 2173511.39    0.00000   100%  15.7 2275s
 429727 325912 1978502.55 3183  160 2173511.39    0.00000   100%  15.7 2280s
 430308 326407 1961508.00  204  167 2173511.39    0.00000   100%  15.7 2287s
 430672 326651     cutoff  339      2173511.39    0.00000   100%  15.7 2290s
 431278 327201 1460738.71  487  174 2173511.39    0.00000   100%  15.7 2295s
 432718 328641 1619751.92 1524  171 2173511.39    0.00000   100%  15.7 2300s
 434176 330099 1647835.98 2549  163 2173511.39    0.00000   100%  15.6 2305s
H434571 330492                    2173496.1633    0.00000   100%  15.6 2306s
 435300 331223 1678695.76 3246  162 2173496.16    0.00000   100%  15.6 2310s
 436237 332152 1693959.84 4087  158 2173496.16    0.00000   100%  15.6 2315s
 436381 332286 1697472.92 4224  160 2173496.16    0.00000   100%  15.6 2321s
 437627 333518     cutoff 5443      2173496.16    0.00000   100%  15.5 2325s
 438931 334722 1757906.96 6637  152 2173496.16    0.00000   100%  15.5 2330s
 440477 336256 1779641.10 8152  150 2173496.16    0.00000   100%  15.5 2335s
 441567 337288 1817227.09 8862  155 2173496.16    0.00000   100%  15.4 2340s
H441635 337300                    2173446.5900    0.00000   100%  15.5 2341s
 442274 337693 infeasible  254      2173446.59    0.00000   100%  15.5 2345s
 442945 338214 2021389.11  360  163 2173446.59    0.00000   100%  15.5 2353s
H443133 338396                    2173444.2016    0.00000   100%  15.5 2354s
 443185 338424 2022369.93  510  163 2173444.20    0.00000   100%  15.5 2355s
 443629 338730 1212078.84  134  204 2173444.20    0.00000   100%  15.5 2360s
H443705 338800                    2173436.0750    0.00000   100%  15.5 2361s
 444843 339940 1725681.15 1277  175 2173436.07    0.00000   100%  15.5 2365s
 446203 341246 1910984.94 2332  155 2173436.07    0.00000   100%  15.5 2370s
 448956 343953 2012319.46 4849  150 2173436.07    0.00000   100%  15.4 2375s
 449155 344150 2014538.99 5007  148 2173436.07    0.00000   100%  15.4 2380s
 450118 345034     cutoff  194      2173436.07    0.00000   100%  15.4 2385s
 450920 345649 1503162.01  155  186 2173436.07    0.00000   100%  15.4 2390s
H451448 346175                    2173431.4124    0.00000   100%  15.4 2393s
 452160 346703     cutoff  775      2173431.41    0.00000   100%  15.4 2395s
H453059 347238                    2173425.0353    0.00000   100%  15.5 2398s
 453351 347444 1897552.83 1371  165 2173425.04    0.00000   100%  15.5 2400s
H454348 348303                    2173423.6440    0.00000   100%  15.5 2403s
 454788 348659 1929597.23 2089  162 2173423.64    0.00000   100%  15.5 2405s
H455071 348814                    2173412.0013    0.00000   100%  15.5 2406s
 455730 349201 1938523.02 2560  161 2173412.00    0.00000   100%  15.5 2412s
 456106 349563 1952775.14 2748  160 2173412.00    0.00000   100%  15.5 2415s
 456627 350016 1961657.18 3009  161 2173412.00    0.00000   100%  15.5 2420s
 457324 350597 1996096.68 3357  161 2173412.00    0.00000   100%  15.5 2425s
 457747 350728 1972886.42 3569  161 2173412.00    0.00000   100%  15.6 2430s
 458202 350991 1996636.84 3796  161 2173412.00    0.00000   100%  15.7 2435s
 458923 351652 1983353.53 4157  161 2173412.00    0.00000   100%  15.7 2440s
 459551 352150 2046770.50 4470  165 2173412.00    0.00000   100%  15.7 2445s
 460092 352645 2044412.20 4741  159 2173412.00    0.00000   100%  15.7 2450s
 460588 352933 2049530.28 4989  160 2173412.00    0.00000   100%  15.8 2455s
 461030 353159 2052391.85 5210  160 2173412.00    0.00000   100%  15.8 2460s
 461256 353179 2053945.32 5323  160 2173412.00    0.00000   100%  15.9 2465s
 461657 353214 infeasible 5523      2173412.00    0.00000   100%  16.0 2470s
H461776 353221                    2173365.1764    0.00000   100%  16.0 2470s
 462195 353258     cutoff 5792      2173365.18    0.00000   100%  16.1 2475s
 462674 353295 2063768.89 6032  160 2173365.18    0.00000   100%  16.2 2480s
 463265 353380 infeasible 6327      2173365.18    0.00000   100%  16.3 2485s
 463827 353506 infeasible 6599      2173365.18    0.00000   100%  16.5 2490s
H464118 353751                    2173355.7449    0.00000   100%  16.5 2492s
 464552 354175 2011392.64  545  159 2173355.74    0.00000   100%  16.5 2495s
 465270 354843    0.00000  104  247 2173355.74    0.00000   100%  16.5 2500s
 465387 354958 1875289.78  191  189 2173355.74    0.00000   100%  16.5 2505s
 465935 355326 2066489.64  188  176 2173355.74    0.00000   100%  16.5 2510s
 466454 355765 1967539.84  387  164 2173355.74    0.00000   100%  16.5 2515s
 468219 357474 1407874.06 1456  181 2173355.74    0.00000   100%  16.5 2520s
 469907 359162 1601035.48 2593  170 2173355.74    0.00000   100%  16.4 2525s
 471398 360647 1625748.41 3748  162 2173355.74    0.00000   100%  16.4 2530s
 471986 361231 1659037.40 4332  154 2173355.74    0.00000   100%  16.4 2536s
 473654 362893 1687730.28 5983  152 2173355.74    0.00000   100%  16.3 2540s
 476306 365545 1748947.76 8572  155 2173355.74    0.00000   100%  16.2 2545s
H476478 365715                    2173134.8923    0.00000   100%  16.2 2546s
H476481 365718                    2173075.8662    0.00000   100%  16.2 2546s
H476493 365730                    2173041.1691    0.00000   100%  16.2 2547s
H476520 365757                    2173032.9551    0.00000   100%  16.2 2547s
H476527 365764                    2172994.4149    0.00000   100%  16.2 2548s
H476532 365769                    2172922.8037    0.00000   100%  16.2 2548s
H476544 365781                    2172903.6914    0.00000   100%  16.2 2548s
H476569 365806                    2172902.4390    0.00000   100%  16.2 2549s
H476570 365807                    2172887.7264    0.00000   100%  16.2 2549s
 476574 365813 1754137.43 8838  154 2172887.73    0.00000   100%  16.2 2550s
H476599 365836                    2172840.1089    0.00000   100%  16.2 2550s
H476603 365840                    2172781.8813    0.00000   100%  16.2 2550s
H476620 365853                    2172778.6902    0.00000   100%  16.2 2551s
H476634 365867                    2172778.3371    0.00000   100%  16.2 2551s
H476638 365871                    2172739.2906    0.00000   100%  16.2 2552s
H476640 365873                    2172738.6884    0.00000   100%  16.2 2552s
H476647 365880                    2172659.1647    0.00000   100%  16.2 2552s
H476650 365883                    2172654.5630    0.00000   100%  16.2 2552s
H476652 365885                    2172630.8626    0.00000   100%  16.2 2552s
H476654 365885                    2172630.1345    0.00000   100%  16.2 2552s
H476664 365893                    2172629.7226    0.00000   100%  16.2 2553s
H476668 365897                    2172600.1881    0.00000   100%  16.2 2553s
H476678 365907                    2172576.3316    0.00000   100%  16.2 2553s
H476681 365910                    2172572.8831    0.00000   100%  16.2 2553s
H476695 365922                    2172537.9340    0.00000   100%  16.2 2554s
H476697 365922                    2172494.5031    0.00000   100%  16.2 2554s
H476698 365923                    2172478.0238    0.00000   100%  16.2 2554s
H476700 365925                    2172470.0616    0.00000   100%  16.2 2554s
H476704 365929                    2172461.9040    0.00000   100%  16.2 2554s
H476708 365933                    2172436.9515    0.00000   100%  16.2 2554s
 476726 365945 1768740.74 8854  154 2172436.95    0.00000   100%  16.2 2555s
H476743 365952                    2172408.6405    0.00000   100%  16.2 2555s
H476760 365949                    2172330.2836    0.00000   100%  16.2 2555s
H476763 365948                    2172330.2790    0.00000   100%  16.2 2556s
H476778 365961                    2172324.3026    0.00000   100%  16.2 2556s
H476780 365963                    2172323.2132    0.00000   100%  16.2 2556s
H476788 365971                    2172302.6633    0.00000   100%  16.2 2556s
H476796 365979                    2172299.7314    0.00000   100%  16.2 2557s
H476808 365991                    2172297.3235    0.00000   100%  16.2 2557s
H476834 366009                    2172293.5622    0.00000   100%  16.2 2558s
H476869 366028                    2172292.8086    0.00000   100%  16.2 2559s
H476870 366029                    2172292.7737    0.00000   100%  16.2 2559s
H476872 366031                    2172220.2516    0.00000   100%  16.2 2559s
 476897 366058 1762050.15 8853  155 2172220.25    0.00000   100%  16.2 2560s
H476902 366061                    2172188.0695    0.00000   100%  16.2 2560s
 476903 366064 1761893.04 8853  153 2172188.07    0.00000   100%  16.2 2565s
H476904 366063                    2172098.8298    0.00000   100%  16.2 2565s
H476926 366077                    2171941.6925    0.00000   100%  16.2 2566s
H477241 366160                    2171807.8011    0.00000   100%  16.3 2568s
 477377 366248 2139458.30  242  192 2171807.80    0.00000   100%  16.3 2570s
 478325 367105 2001435.56  936  162 2171807.80    0.00000   100%  16.3 2575s
 479995 368691 1952184.96  625  177 2171807.80    0.00000   100%  16.2 2580s
 481106 369560 2010281.43  371  162 2171807.80    0.00000   100%  16.2 2585s
 481981 370287 2097530.53  808  156 2171807.80    0.00000   100%  16.3 2590s
 483132 371273 1681264.61  289  178 2171807.80    0.00000   100%  16.3 2595s
 484619 372760 1802582.13 1125  172 2171807.80    0.00000   100%  16.2 2600s
 486104 374129 2020927.61 1822  162 2171807.80    0.00000   100%  16.2 2605s
H486455 374436                    2171804.9991    0.00000   100%  16.2 2606s
H486582 374533                    2171714.6340    0.00000   100%  16.2 2608s
 486714 374620 325761.105  114  233 2171714.63    0.00000   100%  16.2 2610s
H486956 374762                    2171700.6896    0.00000   100%  16.3 2611s
H487133 374871                    2171668.4009    0.00000   100%  16.3 2613s
 487789 375485 107733.941  106  236 2171668.40    0.00000   100%  16.3 2615s
H487835 375517                    2171646.7798    0.00000   100%  16.3 2615s
H488274 375827                    2171621.4030    0.00000   100%  16.3 2618s
 488395 375901    0.00000  104  245 2171621.40    0.00000   100%  16.3 2620s
 488899 376260 infeasible  131      2171621.40    0.00000   100%  16.4 2625s
H489274 358352                    2141783.2883    0.00000   100%  16.4 2629s
H489277 358351                    2139857.3436    0.00000   100%  16.4 2629s
 489328 358392 796412.495  117  220 2139857.34    0.00000   100%  16.4 2630s
H489467 358500                    2138135.5329    0.00000   100%  16.4 2631s
H489672 358676                    2137957.1944    0.00000   100%  16.4 2633s
 489950 358870    0.00000  104  249 2137957.19    0.00000   100%  16.4 2635s
H490254 359021                    2137770.4259    0.00000   100%  16.5 2636s
 490750 359477 1401468.26  123  207 2137770.43    0.00000   100%  16.4 2641s
H490827 359494                    2136783.0415    0.00000   100%  16.4 2642s
H491033 359673                    2136515.8115    0.00000   100%  16.5 2643s
 491639 360211 2082253.78  420  177 2136515.81    0.00000   100%  16.4 2645s
H491753 360249                    2131616.0643    0.00000   100%  16.4 2646s
 493075 361523 1652081.50 1001  163 2131616.06    0.00000   100%  16.4 2650s
H493337 361783                    2131605.5415    0.00000   100%  16.4 2650s
H494217 362663                    2131329.1711    0.00000   100%  16.4 2652s
 494358 362783     cutoff 2225      2131329.17    0.00000   100%  16.4 2655s
H494399 356744                    2130454.6976    0.00000   100%  16.4 2655s
 494666 356917     cutoff  229      2130454.70    0.00000   100%  16.4 2660s
 495464 357589 1862215.07  591  169 2130454.70    0.00000   100%  16.4 2665s
H495586 357664                    2128150.7914    0.00000   100%  16.4 2666s
 496353 358381 1764587.46  145  174 2128150.79    0.00000   100%  16.4 2670s
 496908 358761 98461.8836  104  246 2128150.79    0.00000   100%  16.4 2675s
H496958 358809                    2127461.3150    0.00000   100%  16.4 2676s
 497447 359300 1579966.15  374  179 2127461.32    0.00000   100%  16.4 2681s
 498149 360002 1647541.39  725  172 2127461.32    0.00000   100%  16.4 2685s
H498313 360164                    2127183.5000    0.00000   100%  16.4 2686s
H498943 360794                    2126435.6724    0.00000   100%  16.4 2689s
H498958 360809                    2125920.2159    0.00000   100%  16.4 2689s
 499012 360865 1694405.27 1156  175 2125920.22    0.00000   100%  16.4 2690s
 499958 361811 1662722.75 1629  172 2125920.22    0.00000   100%  16.4 2695s
H500194 362045                    2124007.5758    0.00000   100%  16.4 2696s
 500963 362816 1661507.12 2132  171 2124007.58    0.00000   100%  16.4 2700s
H501188 363039                    2124007.5393    0.00000   100%  16.4 2701s
H501189 357009                    2120789.6494    0.00000   100%  16.4 2702s
 501546 357368 1847940.64 2423  184 2120789.65    0.00000   100%  16.4 2705s
H501741 357561                    2120636.8370    0.00000   100%  16.4 2707s
 501979 357801 1668071.81 2640  174 2120636.84    0.00000   100%  16.4 2710s
H502135 357955                    2120582.6217    0.00000   100%  16.4 2711s
 502708 358530 1886055.43 3004  184 2120582.62    0.00000   100%  16.4 2715s
 502775 358597 1676616.47 3038  171 2120582.62    0.00000   100%  16.4 2720s
H503019 358839                    2120556.8774    0.00000   100%  16.4 2722s
H503123 358943                    2119448.1425    0.00000   100%  16.4 2724s
 503238 359060 1889745.64 3269  184 2119448.14    0.00000   100%  16.4 2725s
H503568 359388                    2119139.4543    0.00000   100%  16.4 2728s
H503620 359440                    2119098.3738    0.00000   100%  16.4 2729s
 503734 359556 1893181.54 3517  185 2119098.37    0.00000   100%  16.4 2730s
H503764 359584                    2118989.2825    0.00000   100%  16.4 2730s
H503898 359718                    2118985.5018    0.00000   100%  16.4 2731s
H504086 359906                    2118931.4849    0.00000   100%  16.4 2733s
H504141 359961                    2118931.4727    0.00000   100%  16.4 2734s
 504210 360032 1691881.15 3755  169 2118931.47    0.00000   100%  16.4 2735s
H504626 360446                    2118928.8402    0.00000   100%  16.5 2738s
 504779 360601 1941448.93 4040  182 2118928.84    0.00000   100%  16.5 2740s
H504894 360666                    2118922.3623    0.00000   100%  16.5 2741s
H505098 360808                    2118858.6293    0.00000   100%  16.5 2744s
 505337 361049 1909275.79  437  182 2118858.63    0.00000   100%  16.5 2745s
H505873 361583                    2118556.4042    0.00000   100%  16.5 2747s
H506345 362021                    2118430.6092    0.00000   100%  16.4 2749s
 506388 362044 203354.733  111  227 2118430.61    0.00000   100%  16.5 2750s
H506574 362198                    2118355.5439    0.00000   100%  16.5 2751s
 506901 362473 1972146.69  545  158 2118355.54    0.00000   100%  16.5 2755s
H506917 362473                    2118306.6535    0.00000   100%  16.5 2756s
 507686 363154 1360903.21  691  176 2118306.65    0.00000   100%  16.5 2760s
 508702 364170 1388752.42 1694  171 2118306.65    0.00000   100%  16.4 2766s
 509787 365255 1413166.29 2773  163 2118306.65    0.00000   100%  16.4 2770s
H510642 366108                    2118282.7949    0.00000   100%  16.4 2772s
H510956 366422                    2117835.3995    0.00000   100%  16.4 2774s
 511067 366535 1552217.57 3874  170 2117835.40    0.00000   100%  16.4 2775s
H511282 366748                    2117024.2682    0.00000   100%  16.4 2776s
H511410 366876                    2117024.2339    0.00000   100%  16.4 2777s
 511972 367440 1470044.97 4582  162 2117024.23    0.00000   100%  16.4 2780s
 512946 368390 1771225.21 5390  169 2117024.23    0.00000   100%  16.3 2785s
 513660 368941 168869.435  114  233 2117024.23    0.00000   100%  16.4 2790s
H514624 369903                    2116505.4066    0.00000   100%  16.3 2794s
 514877 370158 1805551.56 1331  176 2116505.41    0.00000   100%  16.3 2795s
H515391 370670                    2116447.4910    0.00000   100%  16.3 2796s
H515417 370696                    2115971.1424    0.00000   100%  16.3 2797s
 516219 371500 1932421.69 2673  162 2115971.14    0.00000   100%  16.3 2804s
 516354 371635 1942538.33 2808  162 2115971.14    0.00000   100%  16.3 2805s
H516922 372201                    2115649.3597    0.00000   100%  16.3 2807s
H517043 372318                    2115378.6521    0.00000   100%  16.3 2810s
 517913 373088 412960.710  113  230 2115378.65    0.00000   100%  16.3 2815s
H518043 373208                    2115110.1762    0.00000   100%  16.3 2816s
H518252 373367                    2115108.4308    0.00000   100%  16.3 2817s
H518358 373443                    2115101.1582    0.00000   100%  16.3 2818s
 518975 374058 1929550.97  801  175 2115101.16    0.00000   100%  16.3 2820s
H519847 374928                    2115091.9840    0.00000   100%  16.2 2822s
H520045 375073                    2115090.5604    0.00000   100%  16.2 2824s
 520150 375180 1396860.85  182  179 2115090.56    0.00000   100%  16.2 2825s
 521535 376489 512062.740  111  234 2115090.56    0.00000   100%  16.2 2830s
H521889 376715                    2115084.9846    0.00000   100%  16.2 2833s
H522065 376813                    2114477.1687    0.00000   100%  16.2 2835s
 522429 377139 1202794.07  121  213 2114477.17    0.00000   100%  16.2 2840s
 522869 377447    0.00000  104  237 2114477.17    0.00000   100%  16.2 2845s
 523640 378164 1770871.17  614  178 2114477.17    0.00000   100%  16.2 2850s
H523755 378277                    2114275.8156    0.00000   100%  16.2 2850s
H524502 379024                    2114096.0038    0.00000   100%  16.2 2853s
 525080 379604 1874104.27 1953  169 2114096.00    0.00000   100%  16.2 2855s
H525252 379774                    2113851.4499    0.00000   100%  16.2 2855s
H525289 379811                    2113681.4582    0.00000   100%  16.2 2856s
H525757 380279                    2113680.2204    0.00000   100%  16.2 2858s
 526125 380649 1882404.73 2994  170 2113680.22    0.00000   100%  16.2 2860s
H526714 381236                    2113673.2924    0.00000   100%  16.1 2862s
 527185 381677 1936001.45 3984  166 2113673.29    0.00000   100%  16.1 2865s
 528110 382462 1965789.83 4643  161 2113673.29    0.00000   100%  16.1 2870s
 528526 382676 infeasible  180      2113673.29    0.00000   100%  16.2 2875s
H528691 382786                    2113654.2186    0.00000   100%  16.2 2877s
 528791 382888 1479086.59  208  174 2113654.22    0.00000   100%  16.2 2881s
H529239 383250                    2113614.8634    0.00000   100%  16.2 2885s
 530278 384273 1656876.47  611  169 2113614.86    0.00000   100%  16.2 2890s
H530304 384297                    2113611.0537    0.00000   100%  16.2 2890s
H530775 378737                    2113287.2262    0.00000   100%  16.2 2893s
 531253 379217 1646998.83 1462  166 2113287.23    0.00000   100%  16.2 2895s
H531776 379724                    2113277.0570    0.00000   100%  16.1 2898s
 532256 380206 1746331.07 2280  160 2113277.06    0.00000   100%  16.1 2900s
H532257 380205                    2113240.8475    0.00000   100%  16.1 2901s
 532978 380818 1736690.28  177  183 2113240.85    0.00000   100%  16.1 2905s
 533652 381260 1947527.39  514  159 2113240.85    0.00000   100%  16.2 2910s
 534608 382152 2048598.73  962  186 2113240.85    0.00000   100%  16.1 2915s
 534893 382409 1851945.62  245  172 2113240.85    0.00000   100%  16.1 2920s
 535435 382777 infeasible  143      2113240.85    0.00000   100%  16.1 2925s
H535445 382775                    2113211.9238    0.00000   100%  16.2 2925s
H535570 382882                    2113073.5744    0.00000   100%  16.2 2926s
 535817 383057 infeasible  131      2113073.57    0.00000   100%  16.2 2930s
 536608 383749 1294096.45  597  188 2113073.57    0.00000   100%  16.2 2935s
 537409 384536 1739387.36 1184  163 2113073.57    0.00000   100%  16.2 2940s
 538936 386011 1837721.31 2609  154 2113073.57    0.00000   100%  16.1 2945s
H540234 387305                    2112659.8439    0.00000   100%  16.1 2949s
 540402 387475 1860048.15 4069  154 2112659.84    0.00000   100%  16.1 2950s
H540653 387724                    2112656.6590    0.00000   100%  16.1 2951s
 541095 388168 1870689.15 4759  152 2112656.66    0.00000   100%  16.1 2957s
H541653 388724                    2112633.9979    0.00000   100%  16.1 2959s
 541846 388919 1884822.16 5423  152 2112634.00    0.00000   100%  16.0 2960s
H542175 389226                    2112625.9968    0.00000   100%  16.0 2961s
 542437 389468 1285541.74  135  191 2112626.00    0.00000   100%  16.0 2965s
 543175 390026 1808934.02  169  177 2112626.00    0.00000   100%  16.1 2970s
 543689 390357 1503912.60  136  187 2112626.00    0.00000   100%  16.1 2975s
 544692 391360 1641065.67  638  171 2112626.00    0.00000   100%  16.1 2980s
 545686 392332 1709733.60 1135  160 2112626.00    0.00000   100%  16.1 2985s
H546013 392657                    2112554.3699    0.00000   100%  16.0 2986s
H546201 392845                    2112551.5108    0.00000   100%  16.0 2988s
H546468 393112                    2112548.8100    0.00000   100%  16.0 2989s
 546601 393247 1721178.85 1592  155 2112548.81    0.00000   100%  16.0 2992s
 547469 394115 1724500.43 2026  154 2112548.81    0.00000   100%  16.0 2995s
 548927 395389 1759241.96 2754  152 2112548.81    0.00000   100%  16.0 3000s
H549256 395620                    2112468.3998    0.00000   100%  16.0 3001s
H549801 396113                    2112242.1681    0.00000   100%  16.0 3003s
H550105 396381                    2112241.8812    0.00000   100%  16.0 3005s
H550282 396512                    2112204.0556    0.00000   100%  16.0 3005s
H550986 396946                    2112192.4193    0.00000   100%  16.0 3009s
 551006 396958 1799239.47 3794  148 2112192.42    0.00000   100%  16.1 3010s
H551146 397026                    2112175.5220    0.00000   100%  16.1 3011s
H551417 397283                    2112153.2498    0.00000   100%  16.1 3013s
 551796 397468     cutoff 4188      2112153.25    0.00000   100%  16.1 3015s
H551829 397483                    2112146.8365    0.00000   100%  16.1 3015s
 552555 397857 1810045.23 4568  149 2112146.84    0.00000   100%  16.1 3020s
 553225 398203 2022988.17 4888  153 2112146.84    0.00000   100%  16.2 3025s
H553558 398288                    2112123.5260    0.00000   100%  16.2 3027s
 553813 398323 1942329.93  142  183 2112123.53    0.00000   100%  16.2 3030s
H554538 399020                    2112087.0093    0.00000   100%  16.2 3034s
 554844 399328 1667165.57  815  175 2112087.01    0.00000   100%  16.2 3035s
 555135 399619 1743509.26 1029  168 2112087.01    0.00000   100%  16.2 3040s
H555538 400020                    2112085.7512    0.00000   100%  16.2 3041s
 556808 401292 2048708.49 2543  176 2112085.75    0.00000   100%  16.2 3045s
 558098 402508 1783989.43 3618  155 2112085.75    0.00000   100%  16.1 3050s
H560868 405256                    2111905.7245    0.00000   100%  16.1 3054s
 560933 405323 1872160.78 6402  153 2111905.72    0.00000   100%  16.1 3055s
H561150 405538                    2111905.7231    0.00000   100%  16.1 3055s
 561621 406011 1874799.82 7085  153 2111905.72    0.00000   100%  16.1 3061s
 562762 407152 1879207.43 8226  153 2111905.72    0.00000   100%  16.0 3065s
H562814 407202                    2111904.1133    0.00000   100%  16.0 3065s
 564059 408125 1597730.81  143  188 2111904.11    0.00000   100%  16.0 3070s
 564932 408739 977880.497  129  216 2111904.11    0.00000   100%  16.1 3075s
H566716 410519                    2111807.8229    0.00000   100%  16.0 3079s
 566872 410677 1879238.58 1979  171 2111807.82    0.00000   100%  16.0 3080s
 567382 411187 1885157.76 2489  171 2111807.82    0.00000   100%  16.0 3085s
H567468 411271                    2111807.7853    0.00000   100%  16.0 3085s
H568160 411943                    2111791.5987    0.00000   100%  16.0 3088s
 569103 412872     cutoff 4085      2111791.60    0.00000   100%  16.0 3090s
H569151 412918                    2111652.9598    0.00000   100%  16.0 3090s
H569574 413234                    2111648.3953    0.00000   100%  16.0 3093s
H569796 413390                    2111553.7193    0.00000   100%  16.0 3095s
H570662 414102                    2111520.2834    0.00000   100%  16.0 3099s
 570679 414105 1539393.04  516  167 2111520.28    0.00000   100%  16.0 3100s
 571348 414278     cutoff  849      2111520.28    0.00000   100%  16.1 3105s
H571413 414281                    2111513.1872    0.00000   100%  16.1 3105s
 572006 414462 1675621.77 1177  157 2111513.19    0.00000   100%  16.1 3110s
H572026 414464                    2111507.1434    0.00000   100%  16.1 3110s
H572456 414504                    2111431.5717    0.00000   100%  16.2 3114s
 572461 414505     cutoff 1404      2111431.57    0.00000   100%  16.2 3115s
 572697 414509     cutoff 1522      2111431.57    0.00000   100%  16.2 3120s
 572890 414514 infeasible 1618      2111431.57    0.00000   100%  16.3 3125s
H572946 414516                    2111410.8581    0.00000   100%  16.3 3126s
 573195 414529 infeasible 1770      2111410.86    0.00000   100%  16.3 3130s
 573503 414537 infeasible 1924      2111410.86    0.00000   100%  16.4 3135s
H573678 414542                    2111409.3573    0.00000   100%  16.4 3139s
 573701 414545 infeasible 2023      2111409.36    0.00000   100%  16.4 3140s
 573941 414563 infeasible 2143      2111409.36    0.00000   100%  16.5 3145s
 574158 414570 1751431.99 2252  152 2111409.36    0.00000   100%  16.5 3150s
H574274 414576                    2111408.6248    0.00000   100%  16.5 3152s
 574389 414581 infeasible 2367      2111408.62    0.00000   100%  16.6 3155s
 574605 414591 infeasible 2475      2111408.62    0.00000   100%  16.6 3160s
 574826 414614 1757263.12 2586  149 2111408.62    0.00000   100%  16.6 3165s
 575070 414660 1758951.19 2708  151 2111408.62    0.00000   100%  16.7 3170s
H575262 414660                    2111376.6621    0.00000   100%  16.7 3174s
 575275 414661 infeasible 2810      2111376.66    0.00000   100%  16.7 3175s
H575420 414664                    2111354.1913    0.00000   100%  16.8 3178s
 575504 414666 1763293.72 2925  150 2111354.19    0.00000   100%  16.8 3180s
 575735 414667 infeasible 3040      2111354.19    0.00000   100%  16.8 3185s
 575976 414674 infeasible 3161      2111354.19    0.00000   100%  16.9 3190s
H576029 414677                    2111324.3285    0.00000   100%  16.9 3191s
H576067 414683                    2111318.0504    0.00000   100%  16.9 3192s
 576171 414709 infeasible 3258      2111318.05    0.00000   100%  16.9 3195s
 576557 414947 1808139.80 3451  150 2111318.05    0.00000   100%  16.9 3200s
 576909 415095 infeasible 3627      2111318.05    0.00000   100%  17.0 3205s
 577155 415163 infeasible 3750      2111318.05    0.00000   100%  17.0 3210s
 577557 415439 infeasible 3951      2111318.05    0.00000   100%  17.0 3215s
 577897 415621 1859787.91 4121  149 2111318.05    0.00000   100%  17.1 3221s
 578261 415807 infeasible 4303      2111318.05    0.00000   100%  17.1 3225s
 578642 415892 1837926.39 4494  150 2111318.05    0.00000   100%  17.1 3230s
 578869 415891 infeasible 4607      2111318.05    0.00000   100%  17.2 3235s
 579114 415904 1843687.04 4730  150 2111318.05    0.00000   100%  17.2 3240s
 579517 416125 infeasible 4931      2111318.05    0.00000   100%  17.2 3245s
H579824 416174                    2111304.8417    0.00000   100%  17.3 3250s
 579841 416191 1938952.75 5093  154 2111304.84    0.00000   100%  17.3 3255s
 580389 416697 infeasible 5367      2111304.84    0.00000   100%  17.3 3260s
 580785 416863 2004352.09 5565  148 2111304.84    0.00000   100%  17.3 3265s
 581155 416863 2005793.11 5750  145 2111304.84    0.00000   100%  17.3 3270s
H581267 416861                    2111289.9761    0.00000   100%  17.4 3271s
 581594 416862 infeasible 5969      2111289.98    0.00000   100%  17.4 3275s
H582098 417144                    2111284.6047    0.00000   100%  17.4 3280s
 582843 417829 infeasible 6565      2111284.60    0.00000   100%  17.4 3285s
 582997 417953     cutoff  248      2111284.60    0.00000   100%  17.4 3290s
 583695 418607 1581188.01  611  180 2111284.60    0.00000   100%  17.4 3295s
 584429 419341 1590396.90 1345  176 2111284.60    0.00000   100%  17.3 3300s
 585155 419975 514292.493  119  218 2111284.60    0.00000   100%  17.3 3305s
 586212 421012 1600794.64  970  174 2111284.60    0.00000   100%  17.3 3310s
 587221 421969 1857643.30 1780  158 2111284.60    0.00000   100%  17.3 3315s
 587390 422138 1857508.04 1819  158 2111284.60    0.00000   100%  17.3 3321s
 587900 422606 1881763.48 2110  155 2111284.60    0.00000   100%  17.3 3325s
 588398 422982 2028043.62 2513  160 2111284.60    0.00000   100%  17.3 3330s
 588872 423155 1845324.78  167  183 2111284.60    0.00000   100%  17.3 3335s
 589608 423841 1960765.59  595  179 2111284.60    0.00000   100%  17.3 3340s
H589825 423960                    2111276.4087    0.00000   100%  17.3 3342s
 590086 424193     cutoff  140      2111276.41    0.00000   100%  17.3 3345s
 591319 425384 1878718.24 1060  169 2111276.41    0.00000   100%  17.3 3350s
 592640 426705 1908064.44 2381  166 2111276.41    0.00000   100%  17.3 3355s
 593506 427527     cutoff 3226      2111276.41    0.00000   100%  17.3 3360s
 594323 428164 1702691.85  141  184 2111276.41    0.00000   100%  17.3 3365s
H594641 428364                    2111271.2585    0.00000   100%  17.3 3368s
 594860 428535 1148573.61  131  195 2111271.26    0.00000   100%  17.3 3370s
 595156 428805 1343611.32  184  185 2111271.26    0.00000   100%  17.3 3375s
H595641 429288                    2111262.9278    0.00000   100%  17.3 3377s
H596000 429647                    2111262.8741    0.00000   100%  17.3 3379s
 596265 429914 1582157.93 1145  160 2111262.87    0.00000   100%  17.3 3380s
 597792 431431 1670895.80 2613  151 2111262.87    0.00000   100%  17.2 3385s
 599019 432658 1687163.91 3839  152 2111262.87    0.00000   100%  17.2 3390s
 601234 434873 1717275.01 6051  154 2111262.87    0.00000   100%  17.1 3395s
 601478 435117 1720216.16 6295  151 2111262.87    0.00000   100%  17.1 3401s
 602535 436174 1734965.72 7351  152 2111262.87    0.00000   100%  17.1 3405s
 603522 437161 1767482.62 8328  151 2111262.87    0.00000   100%  17.1 3410s
 605126 438724     cutoff 1075      2111262.87    0.00000   100%  17.1 3415s
 605760 439291 1386408.50  364  178 2111262.87    0.00000   100%  17.1 3420s
H605978 439507                    2111197.3708    0.00000   100%  17.1 3421s
 606790 440321 1423433.11  879  176 2111197.37    0.00000   100%  17.1 3430s
H607039 440568                    2111146.2594    0.00000   100%  17.1 3433s
H607186 440715                    2111136.2417    0.00000   100%  17.1 3435s
 607612 440997     cutoff 1290      2111136.24    0.00000   100%  17.1 3440s
H608081 441288                    2111129.4912    0.00000   100%  17.1 3444s
 608112 441303     cutoff 1539      2111129.49    0.00000   100%  17.1 3445s
 608332 441381     cutoff 1649      2111129.49    0.00000   100%  17.1 3450s
 608924 441661 1691592.50 1945  158 2111129.49    0.00000   100%  17.2 3455s
 609527 442088 1688358.82 2247  159 2111129.49    0.00000   100%  17.2 3460s
 610066 442483     cutoff 2516      2111129.49    0.00000   100%  17.2 3465s
 610462 442711     cutoff 2714      2111129.49    0.00000   100%  17.2 3470s
 610994 442951     cutoff 2980      2111129.49    0.00000   100%  17.2 3475s
 611349 443076 1734480.60 3158  158 2111129.49    0.00000   100%  17.3 3480s
 611766 443231     cutoff 3366      2111129.49    0.00000   100%  17.3 3485s
 612152 443385     cutoff 3559      2111129.49    0.00000   100%  17.3 3490s
 612512 443473 1758267.12 3739  157 2111129.49    0.00000   100%  17.4 3495s
H612827 443576                    2111101.4793    0.00000   100%  17.4 3498s
 613165 443892 1758191.75 4066  156 2111101.48    0.00000   100%  17.4 3500s
 613684 444319 1785260.29 4325  156 2111101.48    0.00000   100%  17.4 3505s
 614190 444687     cutoff 4578      2111101.48    0.00000   100%  17.4 3510s
 614714 444891     cutoff 4840      2111101.48    0.00000   100%  17.4 3515s
H614991 444890                    2111096.3343    0.00000   100%  17.5 3519s
 615102 444951     cutoff 5034      2111096.33    0.00000   100%  17.5 3520s
H615427 445112                    2111067.9691    0.00000   100%  17.5 3523s
 615630 445241 1788422.92 5298  155 2111067.97    0.00000   100%  17.5 3525s
H615916 445241                    2111067.2106    0.00000   100%  17.5 3529s
 615943 445244 1789663.91 5455  155 2111067.21    0.00000   100%  17.5 3530s
 616252 445243     cutoff 5609      2111067.21    0.00000   100%  17.6 3535s
H616363 445242                    2111066.1518    0.00000   100%  17.6 3536s
 616622 445243     cutoff 5794      2111066.15    0.00000   100%  17.6 3540s
 617258 445615     cutoff 6112      2111066.15    0.00000   100%  17.7 3545s
 617320 445663 1815411.05 6143  156 2111066.15    0.00000   100%  17.7 3550s
 617785 445936 1810441.28 6376  156 2111066.15    0.00000   100%  17.7 3555s
 618379 446378 1816391.49 6673  152 2111066.15    0.00000   100%  17.7 3560s
 618684 446535     cutoff 6825      2111066.15    0.00000   100%  17.7 3565s
H618989 446672                    2111065.5053    0.00000   100%  17.8 3568s
 619232 446911 1839675.14 7099  154 2111065.51    0.00000   100%  17.8 3570s
 619786 447267 1849462.81 7376  151 2111065.51    0.00000   100%  17.8 3575s
 620222 447630 2044515.23  181  184 2111065.51    0.00000   100%  17.8 3580s
 620565 447902 2059847.81  165  181 2111065.51    0.00000   100%  17.8 3585s
 620916 448163 1985921.58  153  182 2111065.51    0.00000   100%  17.8 3590s
 621267 448488 1201024.89  297  177 2111065.51    0.00000   100%  17.8 3595s
 621753 448974 1210770.91  777  176 2111065.51    0.00000   100%  17.8 3600s

Cutting planes:
  Gomory: 2
  Implied bound: 29
  MIR: 55
  Flow cover: 9
  RLT: 5

Explored 621754 nodes (11057996 simplex iterations) in 3600.07 seconds (981.18 work units)
Thread count was 1 (of 24 available processors)

Solution count 10: 2.11107e+06 2.11107e+06 2.11107e+06 ... 2.1112e+06

Time limit reached
Best objective 2.111065505320e+06, best bound 0.000000000000e+00, gap 100.0000%
