
Gurobi 11.0.3 (linux64, Java) logging started qui 18 dez 2025 12:45:31 -03

Set parameter WLSAccessID
Set parameter WLSSecret
Set parameter LicenseID to value 2566693
Academic license 2566693 - for non-commercial use only - registered to ja___@ufv.br
Set parameter NonConvex to value 2
Set parameter TimeLimit to value 3600
Set parameter LogToConsole to value 0
Set parameter MIPGap to value 4.7478399160473358e-08
Set parameter Threads to value 1
Set parameter NodefileDir to value "/scratch"
Set parameter NodefileStart to value 0.5
Gurobi Optimizer version 11.0.3 build v11.0.3rc0 (linux64)

CPU model: Intel(R) Xeon(R) CPU           X5650  @ 2.67GHz, instruction set [SSE2]
Thread count: 12 physical cores, 24 logical processors, using up to 1 threads

Academic license 2566693 - for non-commercial use only - registered to ja___@ufv.br
Optimize a model with 62101 rows, 41913 columns and 208058 nonzeros
Model fingerprint: 0x50f5be84
Model has 149 quadratic constraints
Variable types: 20886 continuous, 21027 integer (144 binary)
Coefficient statistics:
  Matrix range     [7e-03, 6e+06]
  QMatrix range    [7e-03, 1e+05]
  QLMatrix range   [1e+00, 1e+05]
  Objective range  [1e+00, 4e+07]
  Bounds range     [1e+00, 1e+08]
  RHS range        [1e+00, 7e+06]
  QRHS range       [1e-02, 1e-02]
Presolve removed 61160 rows and 40894 columns
Presolve time: 0.16s
Presolved: 2243 rows, 1411 columns, 69462 nonzeros
Presolved model has 2 SOS constraint(s)
Presolved model has 144 bilinear constraint(s)

Solving non-convex MIQCP

Variable types: 561 continuous, 850 integer (146 binary)
Found heuristic solution: objective 1.541989e+07

Root relaxation: objective 0.000000e+00, 497 iterations, 0.02 seconds (0.01 work units)

    Nodes    |    Current Node    |     Objective Bounds      |     Work
 Expl Unexpl |  Obj  Depth IntInf | Incumbent    BestBd   Gap | It/Node Time

     0     0    0.00000    0  177 1.5420e+07    0.00000   100%     -    0s
H    0     0                    1.490917e+07    0.00000   100%     -    0s
     0     0    0.00000    0  382 1.4909e+07    0.00000   100%     -    1s
     0     0    0.00000    0  257 1.4909e+07    0.00000   100%     -    1s
     0     0    0.00000    0  272 1.4909e+07    0.00000   100%     -    1s
     0     0    0.00000    0  312 1.4909e+07    0.00000   100%     -    1s
     0     0    0.00000    0  308 1.4909e+07    0.00000   100%     -    2s
     0     2    0.00000    0  289 1.4909e+07    0.00000   100%     -    3s
H  108   108                    1.227536e+07    0.00000   100%  53.4    4s
H  130   130                    1.225419e+07    0.00000   100%  52.4    4s
H  156   156                    1.198638e+07    0.00000   100%  61.8    4s
   162   164 1765557.16  116  202 1.1986e+07    0.00000   100%  66.1    5s
H  182   182                    1.134111e+07    0.00000   100%  74.0    5s
H  208   208                    1.128321e+07    0.00000   100%  71.2    5s
H  234   234                    1.126919e+07    0.00000   100%  63.3    5s
H  260   260                    9401471.9041    0.00000   100%  57.0    6s
H  312   312                    9399807.5555    0.00000   100%  47.6    6s
H  338   338                    9110459.6715    0.00000   100%  43.9    6s
H  952   952                    8989019.1147    0.00000   100%  18.9    8s
H  994   994                    6342256.7464    0.00000   100%  18.2    9s
H 1193  1193                    6255800.2972    0.00000   100%  15.5    9s
  1265  1267 3699682.78 1177  144 6255800.30    0.00000   100%  14.8   10s
H 1860  1860                    6020727.4797    0.00000   100%  10.7   11s
H 2349  2349                    5916398.0159    0.00000   100%   9.0   13s
  2553  2553 3699990.95 1934  139 5916398.02    0.00000   100%   8.4   15s
H 2559  2429                    5803431.5656    0.00000   100%   8.4   18s
  2565  2433 3699990.95 1967  192 5803431.57    0.00000   100%   8.4   21s
H 2566  2312                    5538036.8673    0.00000   100%  13.1   23s
  2585  2327    0.00000   23  275 5538036.87    0.00000   100%  14.3   25s
H 2592  2213                    5292381.1506    0.00000   100%  14.7   25s
  2620  2234    0.00000   40  289 5292381.15    0.00000   100%  15.9   30s
  2644  2250    0.00000   52  274 5292381.15    0.00000   100%  16.8   35s
  2693  2283 22946.5973   77  256 5292381.15    0.00000   100%  18.3   40s
H 2696  2173                    5065605.6999    0.00000   100%  18.3   40s
H 2722  2085                    5058398.8000    0.00000   100%  18.5   42s
H 2728  1990                    5051860.9795    0.00000   100%  18.5   42s
  2764  2016 836694.037  112  225 5051860.98    0.00000   100%  18.6   45s
H 2774  1926                    5051860.9024    0.00000   100%  18.5   45s
H 2800  1854                    4976937.3135    0.00000   100%  18.6   48s
  2825  1873 577344.300  143  228 4976937.31    0.00000   100%  18.6   50s
H 2826  1786                    4928370.5855    0.00000   100%  18.6   50s
H 2852  1723                    4868122.0924    0.00000   100%  18.5   52s
H 2878  1663                    4827723.2026    0.00000   100%  18.6   54s
  2881  1667 900239.299  171  208 4827723.20    0.00000   100%  18.6   55s
H 2904  1607                    4643145.5430    0.00000   100%  18.9   57s
H 2930  1555                    4643145.5073    0.00000   100%  19.5   59s
  2932  1558 1387041.23  196  190 4643145.51    0.00000   100%  19.7   60s
H 2956  1507                    4627874.6217    0.00000   100%  19.8   62s
  2987  1526 1255580.81  224  188 4627874.62    0.00000   100%  19.7   65s
  3052  1569 1410611.32  256  172 4627874.62    0.00000   100%  19.5   70s
H 3060  1509                    4613237.7425    0.00000   100%  19.4   70s
H 3108  1475                    4064588.1552    0.00000   100%  19.4   71s
H 3133  1436                    3926346.1497    0.00000   100%  19.3   72s
H 3138  1385                    3616642.3477    0.00000   100%  19.3   72s
H 3164  1352                    3420386.3038    0.00000   100%  19.2   73s
H 3242  1356                    2647740.2554    0.00000   100%  19.0   75s
H 3268  1327                    2537237.2036    0.00000   100%  19.0   75s
H 3347  1330                    2517828.2499    0.00000   100%  18.7   76s
H 3373  1306                    2510341.6704    0.00000   100%  18.6   76s
H 3619  1430                    2450163.1180    0.00000   100%  17.7   79s
  3650  1453 1626471.88  555  167 2450163.12    0.00000   100%  17.6   80s
H 3700  1447                    2427212.5748    0.00000   100%  17.5   80s
H 4241  1770                    2427210.1162    0.00000   100%  16.0   83s
H 4318  1787                    2420207.7549    0.00000   100%  15.8   84s
  4479  1897 1628007.60  970  160 2420207.75    0.00000   100%  15.4   85s
H 4700  2116                    2420198.1125    0.00000   100%  14.9   86s
H 4856  2272                    2381071.0226    0.00000   100%  14.6   87s
H 5024  2440                    2381059.6107    0.00000   100%  14.2   88s
H 5419  2835                    2375803.7306    0.00000   100%  13.6   90s
H 6023  3435                    2375750.9720    0.00000   100%  13.1   93s
H 6402  3814                    2344811.5755    0.00000   100%  12.7   94s
  6423  3837 1727155.26 1942  146 2344811.58    0.00000   100%  12.7   95s
H 6645  4025                    2344811.5753    0.00000   100%  12.9   97s
H 6674  4054                    2309040.7239    0.00000   100%  13.1   98s
  6877  4257 1725439.93  204  190 2309040.72    0.00000   100%  14.1  100s
H 6900  4278                    2306149.8677    0.00000   100%  14.1  100s
H 7105  4446                    2305927.4611    0.00000   100%  15.0  102s
H 7177  4518                    2262759.9437    0.00000   100%  15.2  103s
  7423  4766 987630.737  274  180 2262759.94    0.00000   100%  15.7  105s
H 8090  5431                    2245273.8236    0.00000   100%  15.2  108s
H 8285  5626                    2245273.8136    0.00000   100%  15.0  109s
  8381  5724 996766.669  753  181 2245273.81    0.00000   100%  14.9  110s
H 8623  5964                    2240755.2386    0.00000   100%  14.7  111s
  9491  6834 990904.085 1308  180 2240755.24    0.00000   100%  13.8  115s
H 9623  6964                    2231459.5333    0.00000   100%  13.7  115s
H 9791  7132                    2218209.4883    0.00000   100%  13.6  116s
H10468  7807                    2218207.3306    0.00000   100%  13.2  120s
H11053  8392                    2207587.4373    0.00000   100%  12.8  122s
H11360  8699                    2207586.1120    0.00000   100%  12.6  124s
H11515  8854                    2207185.6530    0.00000   100%  12.5  124s
 11530  8871 1240217.91 2327  175 2207185.65    0.00000   100%  12.5  125s
H11780  9119                    2207165.4316    0.00000   100%  12.3  126s
H12304  9641                    2207165.3004    0.00000   100%  12.0  128s
H12615  9920                    2189405.8096    0.00000   100%  12.0  130s
H12954 10259                    2189398.5026    0.00000   100%  11.8  131s
H13322 10627                    2179535.7499    0.00000   100%  11.5  133s
H13386 10691                    2179438.6254    0.00000   100%  11.5  133s
H13643 10909                    2153749.3392    0.00000   100%  11.6  135s
 14507 11775 1212501.03  510  178 2153749.34    0.00000   100%  11.8  140s
H14590 11856                    2148114.9902    0.00000   100%  11.7  142s
H14808 12074                    2147758.7879    0.00000   100%  11.6  143s
H14929 12195                    2147176.1328    0.00000   100%  11.6  143s
H15021 12284                    2137672.4421    0.00000   100%  11.5  144s
 15247 12512 1441894.34  880  162 2137672.44    0.00000   100%  11.4  145s
H15357 12618                    2137509.5020    0.00000   100%  11.4  145s
H16011 13132                    2137482.8816    0.00000   100%  11.4  148s
H16260 13297                    2136937.1608    0.00000   100%  11.5  149s
 16538 13481     cutoff 1525      2136937.16    0.00000   100%  11.6  150s
H16593 13516                    2135223.2563    0.00000   100%  11.6  150s
H17593 14252                    2129880.5699    0.00000   100%  11.8  154s
 17674 14319 1460408.79 2093  160 2129880.57    0.00000   100%  11.8  155s
H18495 14982                    2129815.0119    0.00000   100%  11.9  158s
 19043 15532 1538462.16 2778  154 2129815.01    0.00000   100%  11.7  160s
H19714 16115                    2129814.9838    0.00000   100%  11.7  164s
 19740 16137 infeasible 3126      2129814.98    0.00000   100%  11.7  165s
H20008 16349                    2118090.1349    0.00000   100%  11.7  166s
 20964 17123 infeasible 3738      2118090.13    0.00000   100%  11.8  170s
H21039 17196                    2116742.7457    0.00000   100%  11.8  170s
H21465 17618                    2110796.6193    0.00000   100%  11.6  171s
H22036 18157                    2110794.0545    0.00000   100%  11.6  174s
 22232 18341 1588810.14 4372  151 2110794.05    0.00000   100%  11.6  175s
H22732 18839                    2109794.4485    0.00000   100%  11.4  177s
H23085 19192                    2109794.4262    0.00000   100%  11.3  178s
 23436 19533 1615160.28 4974  150 2109794.43    0.00000   100%  11.2  180s
H23463 19558                    2107164.6029    0.00000   100%  11.2  180s
H23775 19754                    2107162.6231    0.00000   100%  11.5  183s
H23776 19755                    2107109.0704    0.00000   100%  11.5  183s
H23827 19806                    2106093.3090    0.00000   100%  11.6  184s
 23877 19838    0.00000   98  240 2106093.31    0.00000   100%  11.8  185s
H24130 20085                    2096772.2487    0.00000   100%  11.9  186s
 24732 20689 1445304.19  526  156 2096772.25    0.00000   100%  11.9  190s
H25068 21023                    2094120.4559    0.00000   100%  11.9  191s
H26059 22006                    2092573.2972    0.00000   100%  11.7  194s
 26145 22094 1611996.40 1232  150 2092573.30    0.00000   100%  11.7  195s
H26668 22590                    2083036.2916    0.00000   100%  11.7  197s
H26801 22671                    2082901.3655    0.00000   100%  12.1  199s
H26817 22681                    2082239.7003    0.00000   100%  12.2  199s
 26869 22717 1992966.79  204  148 2082239.70    0.00000   100%  12.3  200s
 27375 23223 1993504.52  457  149 2082239.70    0.00000   100%  13.8  205s
H27463 23303                    2070511.4725    0.00000   100%  14.0  206s
H27810 23650                    2068535.4760    0.00000   100%  15.0  210s
H28050 23890                    2065037.8952    0.00000   100%  15.7  212s
H28076 23916                    2064342.6762    0.00000   100%  15.8  213s
 28277 24119 1993504.52  908  148 2064342.68    0.00000   100%  16.3  215s
H28499 24179                    1999413.4064    0.00000   100%  17.0  217s
H28527 24189                    1999413.2803    0.00000   100%  17.0  218s
H28566 24228                    1998847.6924    0.00000   100%  17.1  218s
 28716 24380 1166824.41  189  171 1998847.69    0.00000   100%  17.2  220s
H29295 24955                    1997826.9616    0.00000   100%  16.9  222s
H29803 19510                    1627514.6233    0.00000   100%  16.8  226s
H29843 19376                    1621221.1169    0.00000   100%  16.7  226s
H29869 19402                    1621221.0985    0.00000   100%  16.7  227s
H30455 19988                    1620150.9799    0.00000   100%  16.5  229s
 30648 20183 1267154.69 1725  144 1620150.98    0.00000   100%  16.5  230s
H31475 15924                    1538683.2777    0.00000   100%  16.2  232s
 32159 16610 1350134.20 2772  161 1538683.28    0.00000   100%  16.0  235s
H32188 15864                    1470653.0186    0.00000   100%  16.0  235s
H32375 15810                    1463863.6198    0.00000   100%  16.4  237s
 32552 15939 153974.838  113  225 1463863.62    0.00000   100%  17.0  240s
H33388 14582                    1454776.8381    0.00000   100%  16.8  244s
 33657 14853 1167188.12 1059  156 1454776.84    0.00000   100%  16.7  245s
H34388 15582                    1454776.8295    0.00000   100%  16.5  247s
H34389 15583                    1454776.7228    0.00000   100%  16.5  247s
 34874 16070 1185100.34 1796  146 1454776.72    0.00000   100%  16.3  251s
H35451 16510                    1450857.9130    0.00000   100%  16.1  254s
 35752 16809 1198816.55 2359  173 1450857.91    0.00000   100%  16.0  255s
H35944 16980                    1450748.9337    0.00000   100%  16.0  255s
H36292 14919                    1364545.9967    0.00000   100%  15.9  257s
H36979 15600                    1363201.3895    0.00000   100%  15.7  259s
 37022 15645 1202254.04 2734  146 1363201.39    0.00000   100%  15.7  260s
H37181 15787                    1358985.1427    0.00000   100%  15.7  261s
H37388 15487                    1325597.1643    0.00000   100%  15.9  263s
 37458 15545 896081.147  131  188 1325597.16    0.00000   100%  16.1  265s
H37499 15581                    1324524.0871    0.00000   100%  16.2  266s
H37576 15589                    1313765.4567    0.00000   100%  16.4  267s
H37629 15642                    1313749.0407    0.00000   100%  16.5  268s
 37733 15743 1079669.79  184  168 1313749.04    0.00000   100%  16.5  270s
H37823 15248                    1272665.7904    0.00000   100%  16.5  270s
H37959 15307                    1270651.8955    0.00000   100%  16.5  272s
 38367 15717 1096189.69  794  167 1270651.90    0.00000   100%  16.4  275s
H38439 13341                    1244666.1790    0.00000   100%  16.3  275s
H38551 13380                    1243340.6079    0.00000   100%  16.5  277s
 39046 13870 1019601.64  568  167 1243340.61    0.00000   100%  16.4  280s
H39634 14456                    1243340.6066    0.00000   100%  16.3  282s
 40013 14837 1055524.47 1410  180 1243340.61    0.00000   100%  16.2  285s
H40068 14814                    1241848.9645    0.00000   100%  16.2  285s
H40513 15259                    1241825.8292    0.00000   100%  16.1  286s
H40659 15403                    1241468.1884    0.00000   100%  16.1  287s
 41520 16266 1143171.89 2880  171 1241468.19    0.00000   100%  15.8  290s
H41944 16685                    1241156.2558    0.00000   100%  15.7  291s
 42701 17444 1151214.95 4061  169 1241156.26    0.00000   100%  15.5  295s
H42944 17685                    1241147.1211    0.00000   100%  15.5  296s
H43135 17820                    1241147.1204    0.00000   100%  15.5  297s
 43266 17905 262141.345  110  228 1241147.12    0.00000   100%  15.8  300s
 43469 18008 579666.429  119  200 1241147.12    0.00000   100%  16.3  305s
H43517 18054                    1241125.9527    0.00000   100%  16.4  305s
H43544 17307                    1239089.0095    0.00000   100%  16.4  306s
H43554 17101                    1238525.3448    0.00000   100%  16.5  306s
H43636 17134                    1238318.8922    0.00000   100%  16.7  308s
H43702 17163                    1238317.8120    0.00000   100%  16.8  309s
 43722 17169 infeasible  109      1238317.81    0.00000   100%  16.9  310s
H43732 17167                    1238306.1413    0.00000   100%  16.9  310s
H43786 17185                    1238003.1965    0.00000   100%  17.1  311s
H43812 17203                    1238001.0609    0.00000   100%  17.1  312s
H43851 17178                    1231073.7811    0.00000   100%  17.2  313s
 43938 17207 infeasible  116      1231073.78    0.00000   100%  17.4  315s
H44142 17340                    1230603.0962    0.00000   100%  18.0  318s
H44225 17392                    1230565.7388    0.00000   100%  18.1  319s
 44233 17392 6958.60016   95  239 1230565.74    0.00000   100%  18.2  320s
H44347 17456                    1229490.2640    0.00000   100%  18.4  323s
H44456 17498                    1229319.7834    0.00000   100%  18.7  325s
H44549 17521                    1228257.1505    0.00000   100%  19.0  327s
H44672 17596                    1227884.4008    0.00000   100%  19.2  329s
 44701 17607 600882.513  117  209 1227884.40    0.00000   100%  19.3  330s
H44758 17614                    1227707.5322    0.00000   100%  19.4  332s
 44895 17651 288834.757  104  222 1227707.53    0.00000   100%  19.7  335s
 45092 17752 infeasible  160      1227707.53    0.00000   100%  20.0  340s
H45256 17781                    1223723.5931    0.00000   100%  20.4  342s
 45455 17966 1031518.89  167  174 1223723.59    0.00000   100%  20.5  345s
H45539 18047                    1222731.4562    0.00000   100%  20.5  346s
H45886 18334                    1222549.3743    0.00000   100%  20.7  349s
 45951 18401 968649.250  276  171 1222549.37    0.00000   100%  20.7  350s
H46521 18950                    1221725.6387    0.00000   100%  20.5  353s
 46969 19400 982163.693  785  169 1221725.64    0.00000   100%  20.4  355s
H47099 19528                    1221677.0109    0.00000   100%  20.3  355s
H47964 20325                    1219913.6144    0.00000   100%  20.1  359s
 48212 20575 1025336.50 1407  166 1219913.61    0.00000   100%  20.0  360s
H48960 21321                    1219869.8305    0.00000   100%  19.8  363s
 49436 21799 1036491.23 2019  165 1219869.83    0.00000   100%  19.7  365s
H49960 22282                    1219781.5425    0.00000   100%  19.6  368s
 50087 22411 1125677.41 2344  166 1219781.54    0.00000   100%  19.7  371s
H50133 22455                    1219756.6256    0.00000   100%  19.7  371s
H50297 22619                    1219736.8860    0.00000   100%  19.7  372s
H50695 23015                    1219233.6791    0.00000   100%  19.8  374s
 50745 23067 1047889.69 2673  164 1219233.68    0.00000   100%  19.8  375s
 51618 23940 1043240.48 3110  164 1219233.68    0.00000   100%  19.8  380s
H51695 24015                    1219147.2856    0.00000   100%  19.8  380s
H51933 24243                    1218862.0256    0.00000   100%  19.8  381s
H52233 24543                    1218831.8801    0.00000   100%  19.8  383s
 52563 24875 1048713.97 3582  163 1218831.88    0.00000   100%  19.8  385s
 53595 25907 1049181.89 4098  164 1218831.88    0.00000   100%  19.6  390s
H53681 25990                    1218752.4378    0.00000   100%  19.6  390s
H53726 26035                    1218678.7145    0.00000   100%  19.6  390s
H54257 26566                    1218650.0716    0.00000   100%  19.5  392s
 55101 27412 1049864.71 4851  164 1218650.07    0.00000   100%  19.4  395s
H55211 27520                    1218344.0009    0.00000   100%  19.4  396s
H55237 27546                    1218309.8896    0.00000   100%  19.4  396s
H56307 28616                    1218304.9267    0.00000   100%  19.3  399s
 56493 28804 1050495.85 5547  164 1218304.93    0.00000   100%  19.3  400s
H57396 29705                    1218255.6920    0.00000   100%  19.2  402s
H58039 30348                    1218237.9999    0.00000   100%  19.1  403s
 58485 30796 1051399.03 6543  164 1218238.00    0.00000   100%  19.0  405s
H58761 31070                    1218236.8751    0.00000   100%  19.0  405s
H59806 32015                    1218204.1757    0.00000   100%  19.1  410s
H59902 32053                    1218202.5159    0.00000   100%  19.3  411s
H59928 22068                    1110088.8084    0.00000   100%  19.3  411s
H60009 22099                    1109840.2960    0.00000   100%  19.5  413s
H60177 22221                    1109837.2889    0.00000   100%  19.7  414s
 60209 22253 infeasible  171      1109837.29    0.00000   100%  19.7  415s
H60388 22300                    1109174.7090    0.00000   100%  20.0  418s
H60414 22029                    1101474.4097    0.00000   100%  20.1  419s
 60435 22040 717662.311  112  212 1101474.41    0.00000   100%  20.1  420s
 60775 22154 infeasible  159      1101474.41    0.00000   100%  20.5  425s
H60915 22206                    1100380.8826    0.00000   100%  20.7  427s
H61039 22241                    1099271.5469    0.00000   100%  20.9  429s
 61110 22266 503255.158  114  215 1099271.55    0.00000   100%  21.0  430s
 61405 22422 903397.983  127  211 1099271.55    0.00000   100%  21.4  435s
H61417 22429                    1099138.5496    0.00000   100%  21.4  435s
H61469 22435                    1099136.3636    0.00000   100%  21.5  436s
H61571 22463                    1099125.0588    0.00000   100%  21.7  438s
 61652 22516 896633.656  128  220 1099125.06    0.00000   100%  21.8  440s
H61731 22514                    1096514.5804    0.00000   100%  21.9  441s
 61925 22620 359515.481  107  230 1096514.58    0.00000   100%  22.3  445s
H62166 22755                    1096359.3215    0.00000   100%  22.6  448s
 62222 22781    0.00000   86  247 1096359.32    0.00000   100%  22.8  450s
H62250 22104                    1092899.0396    0.00000   100%  22.8  450s
H62410 22130                    1092566.4955    0.00000   100%  23.1  452s
H62436 22145                    1092539.3856    0.00000   100%  23.1  453s
H62463 21888                    1086971.1451    0.00000   100%  23.2  454s
 62516 21910     cutoff  102      1086971.15    0.00000   100%  23.3  455s
H62537 21913                    1086953.8584    0.00000   100%  23.3  455s
 62763 22042 565399.306  101  223 1086953.86    0.00000   100%  23.7  460s
H62764 22041                    1086952.2586    0.00000   100%  23.7  460s
H62780 21994                    1086567.8345    0.00000   100%  23.7  461s
H62883 22015                    1086289.0305    0.00000   100%  23.9  462s
 63096 22117 infeasible  109      1086289.03    0.00000   100%  24.2  465s
H63159 22140                    1086289.0231    0.00000   100%  24.3  466s
H63281 21974                    1084563.2603    0.00000   100%  24.5  468s
 63390 22009 infeasible  106      1084563.26    0.00000   100%  24.6  470s
H63391 22000                    1084487.6304    0.00000   100%  24.6  470s
H63457 21995                    1084221.5528    0.00000   100%  24.7  471s
H63570 22048                    1084213.9094    0.00000   100%  24.9  473s
 63662 22090    0.00000   88  249 1084213.91    0.00000   100%  25.0  475s
H63770 22069                    1083138.6273    0.00000   100%  25.2  476s
H63842 22094                    1083042.9953    0.00000   100%  25.3  478s
H63868 22103                    1083012.4283    0.00000   100%  25.4  479s
 63942 22135 infeasible  117      1083012.43    0.00000   100%  25.5  480s
H63976 22157                    1082943.9039    0.00000   100%  25.5  480s
 64218 22291 1035095.36  146  173 1082943.90    0.00000   100%  25.8  485s
 64502 22402 1066493.75  101  237 1082943.90    0.00000   100%  26.2  490s
H64654 22457                    1082929.9873    0.00000   100%  26.4  492s
 64820 22554 infeasible  113      1082929.99    0.00000   100%  26.7  495s
H64866 22579                    1082928.6299    0.00000   100%  26.7  495s
H65093 22677                    1082802.5579    0.00000   100%  27.1  499s
 65096 22678 968821.920  107  204 1082802.56    0.00000   100%  27.1  500s
H65322 22783                    1082770.7338    0.00000   100%  27.5  504s
 65336 22791 infeasible  113      1082770.73    0.00000   100%  27.5  505s
H65348 22794                    1082578.9501    0.00000   100%  27.5  505s
H65469 22840                    1081277.3882    0.00000   100%  27.7  507s
H65538 22865                    1081252.1277    0.00000   100%  27.9  508s
 65597 22894 920175.136  105  196 1081252.13    0.00000   100%  27.9  510s
H65611 22894                    1081119.8250    0.00000   100%  28.0  510s
H65651 22920                    1081025.2104    0.00000   100%  28.0  510s
 65889 23030     cutoff  109      1081025.21    0.00000   100%  28.3  515s
H65925 23040                    1081018.4450    0.00000   100%  28.4  516s
H66034 23131                    1081013.7410    0.00000   100%  28.4  518s
 66130 23176 infeasible  111      1081013.74    0.00000   100%  28.5  520s
 66368 23305 914136.966  108  218 1081013.74    0.00000   100%  28.8  525s
H66503 23354                    1080892.0875    0.00000   100%  29.0  527s
H66644 23457                    1080889.5889    0.00000   100%  29.1  529s
H66676 23489                    1080787.0234    0.00000   100%  29.1  529s
 66703 23518 775822.027  189  177 1080787.02    0.00000   100%  29.1  530s
H66892 23705                    1080782.0646    0.00000   100%  29.0  531s
 67459 24274 859584.617  732  171 1080782.06    0.00000   100%  28.8  535s
 68389 25200 901135.951 1593  169 1080782.06    0.00000   100%  28.5  540s
H68629 25399                    1080670.8994    0.00000   100%  28.5  541s
H68672 25390                    1080391.8818    0.00000   100%  28.6  542s
 68828 25476 1069126.78  115  201 1080391.88    0.00000   100%  28.8  545s
H68985 25521                    1080178.7318    0.00000   100%  29.0  547s
H69011 25522                    1080111.4922    0.00000   100%  29.0  547s
H69037 25532                    1080094.3725    0.00000   100%  29.1  548s
 69107 25554 78157.8935  104  241 1080094.37    0.00000   100%  29.3  550s
H69125 25570                    1080090.9465    0.00000   100%  29.3  550s
H69201 25636                    1080045.5368    0.00000   100%  29.3  552s
H69294 25699                    1080009.6674    0.00000   100%  29.4  553s
H69400 25754                    1079981.3748    0.00000   100%  29.5  555s
H69452 25758                    1079981.3601    0.00000   100%  29.6  556s
H69531 25786                    1079858.4333    0.00000   100%  29.8  557s
 69664 25851 821739.466  115  180 1079858.43    0.00000   100%  30.0  560s
H69761 25891                    1079610.7330    0.00000   100%  30.1  561s
H69866 25934                    1079588.6736    0.00000   100%  30.3  563s
 69948 25960    0.00000   96  231 1079588.67    0.00000   100%  30.4  565s
H70002 25974                    1079492.3367    0.00000   100%  30.5  566s
H70041 26005                    1079476.2118    0.00000   100%  30.5  567s
H70084 26005                    1078449.9324    0.00000   100%  30.6  568s
H70093 26006                    1078442.0612    0.00000   100%  30.6  568s
H70111 26012                    1078441.8505    0.00000   100%  30.7  569s
H70119 26016                    1078364.3963    0.00000   100%  30.7  569s
 70142 26035 575739.034  109  225 1078364.40    0.00000   100%  30.7  570s
H70353 26108                    1078362.1128    0.00000   100%  31.0  573s
 70374 26123 578089.664  109  224 1078362.11    0.00000   100%  31.0  575s
H70458 26156                    1078289.4877    0.00000   100%  31.1  576s
H70575 26195                    1078267.5277    0.00000   100%  31.3  578s
H70621 26222                    1078232.5554    0.00000   100%  31.4  579s
 70652 26229 75673.2713   95  234 1078232.56    0.00000   100%  31.5  580s
H70668 26240                    1078200.1000    0.00000   100%  31.5  580s
H70813 26299                    1078193.2650    0.00000   100%  31.6  582s
H70867 26325                    1078157.5875    0.00000   100%  31.7  583s
H70913 26347                    1078014.9574    0.00000   100%  31.7  584s
 70919 26351 infeasible  105      1078014.96    0.00000   100%  31.7  585s
H70940 26354                    1077996.9645    0.00000   100%  31.8  585s
 71243 26509 660775.996  133  197 1077996.96    0.00000   100%  32.2  590s
H71796 27060                    1077944.5619    0.00000   100%  32.0  593s
 72272 27538 901356.402 1057  173 1077944.56    0.00000   100%  31.8  595s
H72784 28028                    1077943.8863    0.00000   100%  31.6  597s
 72923 28073 1043459.47  113  211 1077943.89    0.00000   100%  31.9  600s
H73082 28168                    1077868.3215    0.00000   100%  32.1  602s
H73091 28171                    1077868.1494    0.00000   100%  32.1  603s
H73182 28194                    1077862.9326    0.00000   100%  32.2  604s
 73192 28198 infeasible  116      1077862.93    0.00000   100%  32.3  605s
H73274 28222                    1077859.5266    0.00000   100%  32.4  607s
 73420 28330 565306.294  117  202 1077859.53    0.00000   100%  32.5  610s
H73543 28385                    1077842.4344    0.00000   100%  32.7  611s
 73721 28443 infeasible  118      1077842.43    0.00000   100%  32.9  615s
H73747 28449                    1077841.9764    0.00000   100%  33.0  615s
H73800 28474                    1077822.0769    0.00000   100%  33.0  617s
 73931 28512 907531.445  121  186 1077822.08    0.00000   100%  33.2  620s
H74076 28570                    1077641.3705    0.00000   100%  33.4  623s
 74192 28603 1067258.42  112  237 1077641.37    0.00000   100%  33.6  625s
H74279 28632                    1077641.3650    0.00000   100%  33.8  627s
H74360 28672                    1077640.8312    0.00000   100%  33.9  628s
 74442 28719 921094.006  138  168 1077640.83    0.00000   100%  34.0  630s
 74777 28886 1062167.85  107  199 1077640.83    0.00000   100%  34.4  635s
H74892 28912                    1077456.0248    0.00000   100%  34.6  637s
H74939 28937                    1077455.5813    0.00000   100%  34.7  637s
H74968 28943                    1077444.8012    0.00000   100%  34.7  638s
 75032 28977 883327.900  103  202 1077444.80    0.00000   100%  34.8  640s
H75081 29010                    1077436.0723    0.00000   100%  34.9  640s
H75255 29110                    1077430.7738    0.00000   100%  35.1  643s
 75298 29153 511009.904  133  191 1077430.77    0.00000   100%  35.1  645s
 75512 29367 732137.751  293  172 1077430.77    0.00000   100%  35.0  650s
 77106 30961 763772.822 1878  166 1077430.77    0.00000   100%  34.4  655s
H77579 31432                    1077415.5769    0.00000   100%  34.2  656s
H78359 32212                    1077373.6494    0.00000   100%  34.0  659s
 78446 32301 772179.253 3218  168 1077373.65    0.00000   100%  33.9  660s
H79425 33278                    1077369.2337    0.00000   100%  33.6  663s
 79724 33579 870467.062 4466  163 1077369.23    0.00000   100%  33.5  665s
H79933 33786                    1077293.4229    0.00000   100%  33.4  665s
H80705 34558                    1077293.3981    0.00000   100%  33.1  669s
 80931 34786 914796.735 5639  158 1077293.40    0.00000   100%  33.0  670s
H81893 35746                    1077293.3835    0.00000   100%  32.7  672s
 82688 36543 920596.096 7396  158 1077293.38    0.00000   100%  32.4  675s
 83980 37835 924782.820 8658  154 1077293.38    0.00000   100%  31.9  680s
H84236 38041                    1077266.7842    0.00000   100%  32.0  682s
 84419 38099 1054327.09  104  240 1077266.78    0.00000   100%  32.2  685s
H84451 38081                    1077016.6577    0.00000   100%  32.3  685s
H84522 38123                    1077014.0607    0.00000   100%  32.3  686s
H84575 38165                    1077012.9950    0.00000   100%  32.3  687s
H84711 38244                    1076990.2597    0.00000   100%  32.4  688s
 84830 38299 89907.3029   96  250 1076990.26    0.00000   100%  32.5  690s
H84888 38335                    1076988.6393    0.00000   100%  32.6  691s
H84992 38379                    1076905.4211    0.00000   100%  32.6  693s
 85114 38418 infeasible  111      1076905.42    0.00000   100%  32.8  695s
H85193 38439                    1076721.1061    0.00000   100%  32.9  696s
H85354 38453                    1076525.0940    0.00000   100%  33.1  700s
 85653 38609 942759.560  132  213 1076525.09    0.00000   100%  33.3  705s
H86031 38811                    1076520.2269    0.00000   100%  33.6  710s
H86183 38853                    1076213.1071    0.00000   100%  33.7  712s
 86325 38910 309831.065  114  221 1076213.11    0.00000   100%  33.9  715s
H86372 38797                    1075233.7336    0.00000   100%  34.0  716s
H86398 38744                    1074819.0417    0.00000   100%  34.0  716s
H86450 38710                    1074391.3315    0.00000   100%  34.0  717s
H86529 38749                    1074346.1338    0.00000   100%  34.1  719s
 86555 38767 656930.226  118  205 1074346.13    0.00000   100%  34.1  720s
H86607 38736                    1073803.2752    0.00000   100%  34.2  721s
H86757 38753                    1073147.3167    0.00000   100%  34.2  723s
H86835 38763                    1073085.6045    0.00000   100%  34.3  724s
 86852 38767    0.00000  102  234 1073085.60    0.00000   100%  34.3  725s
H86861 38637                    1072192.9493    0.00000   100%  34.3  725s
H87117 38719                    1071883.7652    0.00000   100%  34.6  729s
 87143 38745 455521.251  115  223 1071883.77    0.00000   100%  34.6  730s
H87542 39086                    1071567.7161    0.00000   100%  34.6  733s
H87828 39372                    1071567.4337    0.00000   100%  34.5  734s
H87829 39360                    1071487.2954    0.00000   100%  34.5  735s
H88125 39629                    1071323.5295    0.00000   100%  34.4  736s
H88233 39733                    1071315.6045    0.00000   100%  34.4  737s
 88856 40358 930407.054 1458  167 1071315.60    0.00000   100%  34.2  740s
 89497 40797 919476.889  139  176 1071315.60    0.00000   100%  34.3  745s
H89638 40659                    1070072.5870    0.00000   100%  34.5  748s
 89715 40691 449638.411  115  223 1070072.59    0.00000   100%  34.6  750s
H89801 40429                    1068248.7033    0.00000   100%  34.7  752s
H89827 40418                    1068049.3221    0.00000   100%  34.7  753s
H89853 40405                    1067993.9207    0.00000   100%  34.8  754s
 89880 40412 948901.542  115  223 1067993.92    0.00000   100%  34.8  755s
H89950 40279                    1066947.7667    0.00000   100%  34.9  756s
H90022 40290                    1066864.9901    0.00000   100%  35.0  758s
H90079 40313                    1066748.0140    0.00000   100%  35.0  759s
 90121 40339 infeasible  144      1066748.01    0.00000   100%  35.1  760s
H90304 40395                    1066724.0563    0.00000   100%  35.3  764s
 90320 40409 445796.739  119  221 1066724.06    0.00000   100%  35.3  765s
H90330 40390                    1066609.8171    0.00000   100%  35.3  765s
H90341 40377                    1066500.7214    0.00000   100%  35.3  765s
 90542 40437 1039906.29  115  241 1066500.72    0.00000   100%  35.6  770s
H90596 40459                    1066499.1721    0.00000   100%  35.6  771s
H90654 40464                    1066429.0176    0.00000   100%  35.7  772s
 90692 40483 infeasible  112      1066429.02    0.00000   100%  35.7  775s
H90760 40415                    1065970.9516    0.00000   100%  35.8  776s
H90816 40427                    1065948.6984    0.00000   100%  35.9  778s
H90842 40392                    1065678.7005    0.00000   100%  36.0  778s
H90869 40394                    1065661.8396    0.00000   100%  36.0  779s
H90898 40398                    1065661.5938    0.00000   100%  36.0  780s
H90971 40433                    1065643.8587    0.00000   100%  36.1  781s
H90999 40417                    1065513.7937    0.00000   100%  36.1  782s
 91123 40471     cutoff  128      1065513.79    0.00000   100%  36.3  785s
H91197 40447                    1065149.7461    0.00000   100%  36.4  786s
H91280 40481                    1065144.1844    0.00000   100%  36.5  788s
H91332 40483                    1065027.3401    0.00000   100%  36.6  789s
 91348 40493 infeasible  139      1065027.34    0.00000   100%  36.6  790s
H91358 40451                    1064847.4962    0.00000   100%  36.6  790s
H91495 40522                    1064830.3704    0.00000   100%  36.8  794s
 91541 40558 981429.816  117  212 1064830.37    0.00000   100%  36.8  795s
H91554 24669                    935476.55857    0.00000   100%  36.8  795s
H91668 24711                    935476.02599    0.00000   100%  36.9  798s
H91725 24721                    935377.85473    0.00000   100%  37.1  800s
H91792 24763                    935154.88943    0.00000   100%  37.1  801s
 91958 24831 infeasible  111      935154.889    0.00000   100%  37.3  805s
H91980 24829                    934988.69637    0.00000   100%  37.3  805s
H92058 19866                    907992.34019    0.00000   100%  37.5  807s
H92084 19868                    907979.05828    0.00000   100%  37.5  808s
H92110 19661                    906252.86264    0.00000   100%  37.6  809s
H92162 19359                    903141.90000    0.00000   100%  37.6  810s
H92193 18606                    899631.39026    0.00000   100%  37.6  811s
H92354 17229                    883152.20614    0.00000   100%  37.8  814s
 92359 17228 19097.5013  102  230 883152.206    0.00000   100%  37.8  815s
H92496 17326                    882999.92122    0.00000   100%  37.9  817s
H92522 17279                    882336.96716    0.00000   100%  37.9  817s
H92548 17256                    881819.78499    0.00000   100%  37.9  818s
 92639 17307 770279.627  107  239 881819.785    0.00000   100%  38.0  820s
H92711 17314                    881600.78690    0.00000   100%  38.1  821s
H92787 17311                    881394.85782    0.00000   100%  38.3  823s
 92862 17330 880154.924  108  259 881394.858    0.00000   100%  38.4  825s
H92966 17379                    881270.08101    0.00000   100%  38.6  827s
H92995 17359                    880735.94627    0.00000   100%  38.6  827s
H93022 17361                    880712.61108    0.00000   100%  38.6  828s
H93050 17361                    880645.59120    0.00000   100%  38.7  829s
 93064 17365 infeasible  108      880645.591    0.00000   100%  38.8  830s
 93262 17442 183192.378  104  239 880645.591    0.00000   100%  39.0  835s
H93288 17457                    880489.08393    0.00000   100%  39.0  835s
H93314 17477                    880471.83329    0.00000   100%  39.0  835s
H93341 17483                    880394.52402    0.00000   100%  39.1  836s
H93419 17132                    875969.75414    0.00000   100%  39.1  838s
 93468 17151 infeasible  108      875969.754    0.00000   100%  39.2  840s
H93471 16908                    872410.85878    0.00000   100%  39.2  840s
H93498 16902                    872372.32029    0.00000   100%  39.2  840s
H93593 16953                    872371.44748    0.00000   100%  39.4  843s
 93645 16963 709923.518  104  239 872371.447    0.00000   100%  39.5  845s
H93705 16979                    872299.50340    0.00000   100%  39.6  847s
H93757 16964                    871870.10790    0.00000   100%  39.6  849s
 93801 17002 372642.794  117  217 871870.108    0.00000   100%  39.7  850s
H93840 16872                    870073.07496    0.00000   100%  39.8  851s
H93894 16879                    869828.87992    0.00000   100%  39.8  852s
 93988 16890 infeasible  112      869828.880    0.00000   100%  40.0  855s
H93998 16845                    869388.56929    0.00000   100%  40.0  855s
 94127 16884 infeasible  107      869388.569    0.00000   100%  40.1  860s
H94136 16858                    868969.92017    0.00000   100%  40.2  860s
H94243 16899                    868969.66300    0.00000   100%  40.3  863s
 94323 16919 661218.976  118  201 868969.663    0.00000   100%  40.4  865s
H94380 16615                    864137.21906    0.00000   100%  40.5  866s
H94432 16620                    864004.66420    0.00000   100%  40.6  868s
H94458 16638                    863985.37502    0.00000   100%  40.6  868s
H94484 16649                    863935.49101    0.00000   100%  40.6  869s
 94504 16657 infeasible  109      863935.491    0.00000   100%  40.6  870s
H94616 16684                    863867.41389    0.00000   100%  40.8  872s
 94704 16696 170012.639  111  219 863867.414    0.00000   100%  40.9  875s
H94722 16699                    863814.49422    0.00000   100%  40.9  875s
H94748 16693                    863250.20237    0.00000   100%  41.0  876s
H94774 16694                    863126.23784    0.00000   100%  41.0  877s
 94881 16747 258491.912  115  217 863126.238    0.00000   100%  41.1  880s
H94907 16765                    863003.78929    0.00000   100%  41.1  880s
H94985 16775                    862926.02312    0.00000   100%  41.3  882s
H95063 16778                    862838.69549    0.00000   100%  41.4  884s
 95116 16809 81608.7576  104  237 862838.695    0.00000   100%  41.4  885s
H95171 16829                    862771.79747    0.00000   100%  41.5  886s
 95342 16904 666873.491  111  190 862771.797    0.00000   100%  41.7  890s
H95387 16914                    862757.39252    0.00000   100%  41.8  891s
H95413 16918                    862675.27719    0.00000   100%  41.8  892s
H95495 16940                    862486.32654    0.00000   100%  41.9  895s
H95525 16458                    858799.73554    0.00000   100%  42.0  895s
H95577 16270                    857221.20517    0.00000   100%  42.0  897s
 95681 16308 130728.508   93  227 857221.205    0.00000   100%  42.1  900s
H95707 16260                    855959.80221    0.00000   100%  42.2  900s
H95787 16265                    855136.96128    0.00000   100%  42.2  903s
H95813 16267                    855118.50957    0.00000   100%  42.3  904s
 95840 16280 486518.000  101  218 855118.510    0.00000   100%  42.3  905s
H95894 16279                    854892.56386    0.00000   100%  42.4  906s
H95920 16284                    854815.90605    0.00000   100%  42.4  907s
H95946 16269                    854397.49537    0.00000   100%  42.4  908s
H95975 16272                    854332.18488    0.00000   100%  42.5  908s
H95976 16272                    854329.22553    0.00000   100%  42.5  908s
 96045 16293 infeasible  105      854329.226    0.00000   100%  42.5  910s
H96068 16126                    851185.81368    0.00000   100%  42.6  910s
H96099 16115                    850756.53000    0.00000   100%  42.6  911s
 96255 16153    0.00000  109  234 850756.530    0.00000   100%  42.8  915s
H96256 16151                    850723.76414    0.00000   100%  42.8  915s
H96283 16138                    850396.62549    0.00000   100%  42.8  916s
H96302 16140                    850272.29997    0.00000   100%  42.9  916s
H96423 16177                    849663.37208    0.00000   100%  43.0  918s
H96475 16184                    849562.03518    0.00000   100%  43.1  919s
 96482 16189 infeasible  111      849562.035    0.00000   100%  43.1  920s
H96501 16190                    849545.72211    0.00000   100%  43.1  920s
H96527 16154                    848319.12182    0.00000   100%  43.2  921s
H96635 16209                    847897.42526    0.00000   100%  43.2  923s
H96662 16214                    847886.54428    0.00000   100%  43.3  923s
H96689 16213                    847803.00726    0.00000   100%  43.3  924s
 96702 16222 infeasible   95      847803.007    0.00000   100%  43.3  925s
H96754 16235                    847771.56379    0.00000   100%  43.4  926s
H96792 16243                    847559.63401    0.00000   100%  43.5  926s
H96881 16254                    847544.58766    0.00000   100%  43.6  929s
 96938 16278 infeasible  120      847544.588    0.00000   100%  43.6  930s
H96971 16285                    847493.22511    0.00000   100%  43.7  930s
H97094 16314                    846547.91979    0.00000   100%  43.8  933s
H97180 16317                    845375.35669    0.00000   100%  43.8  934s
 97191 16324 666021.833  116  200 845375.357    0.00000   100%  43.8  935s
H97362 16355                    844922.34088    0.00000   100%  44.0  939s
H97409 16368                    844922.13015    0.00000   100%  44.1  940s
H97506 16430                    844824.13034    0.00000   100%  44.1  941s
H97640 16454                    844580.52666    0.00000   100%  44.3  944s
 97646 16454 infeasible  112      844580.527    0.00000   100%  44.3  945s
H97668 16456                    844572.89174    0.00000   100%  44.3  945s
H97724 16475                    844506.19000    0.00000   100%  44.4  947s
 97798 16497 809590.812  124  213 844506.190    0.00000   100%  44.5  950s
H97868 16507                    844497.48805    0.00000   100%  44.6  951s
 98008 16549 649753.025  126  198 844497.488    0.00000   100%  44.7  955s
H98125 16615                    844487.04635    0.00000   100%  44.8  957s
H98234 16661                    844453.53381    0.00000   100%  44.9  960s
H98380 16705                    844405.67377    0.00000   100%  45.0  963s
 98441 16734 253073.046  113  215 844405.674    0.00000   100%  45.1  965s
H98460 16742                    844322.97812    0.00000   100%  45.1  965s
H98486 16757                    844272.37715    0.00000   100%  45.1  966s
H98512 16778                    844048.94096    0.00000   100%  45.1  966s
H98549 16811                    844048.88397    0.00000   100%  45.1  967s
H98575 16825                    843578.28765    0.00000   100%  45.1  967s
 98669 16845 777081.655  119  212 843578.288    0.00000   100%  45.2  970s
H98678 16839                    843569.40006    0.00000   100%  45.2  970s
 98863 16915 infeasible  115      843569.400    0.00000   100%  45.5  975s
 99052 16996 infeasible  104      843569.400    0.00000   100%  45.6  980s
 99314 17091 infeasible  117      843569.400    0.00000   100%  45.9  985s
 99515 17124 165708.456   94  247 843569.400    0.00000   100%  46.2  990s
H99593 17141                    843566.21107    0.00000   100%  46.3  992s
H99673 17159                    843493.48921    0.00000   100%  46.4  994s
 99701 17177 426776.922  111  221 843493.489    0.00000   100%  46.4  995s
H99810 17213                    843486.23061    0.00000   100%  46.5  997s
 99918 17253 325022.477  112  212 843486.231    0.00000   100%  46.6 1000s
 100102 17305 infeasible  104      843486.231    0.00000   100%  46.8 1005s
 100305 17350 737446.462  118  200 843486.231    0.00000   100%  47.1 1010s
H100539 17446                    843471.18274    0.00000   100%  47.3 1015s
H100568 17438                    843185.16566    0.00000   100%  47.4 1015s
H100620 17463                    843043.82192    0.00000   100%  47.4 1016s
H100646 17489                    843043.22489    0.00000   100%  47.4 1017s
H100751 17547                    842978.80983    0.00000   100%  47.5 1019s
 100786 17558 infeasible  107      842978.810    0.00000   100%  47.5 1020s
H100801 17532                    842349.93517    0.00000   100%  47.5 1025s
H100830 17542                    842328.03474    0.00000   100%  47.6 1026s
H100934 17572                    842326.67382    0.00000   100%  47.7 1029s
H100988 17596                    842274.97507    0.00000   100%  47.7 1029s
 100993 17603 464797.049  109  222 842274.975    0.00000   100%  47.7 1030s
H101014 17601                    842014.99989    0.00000   100%  47.7 1030s
H101172 17646                    841982.33694    0.00000   100%  47.9 1033s
H101224 17657                    841887.68786    0.00000   100%  48.0 1035s
H101277 17669                    841667.07235    0.00000   100%  48.0 1036s
 101412 17730 infeasible  107      841667.072    0.00000   100%  48.1 1040s
H101417 17727                    841656.21028    0.00000   100%  48.2 1040s
H101445 17737                    841515.90605    0.00000   100%  48.2 1041s
 101626 17831 762927.249  117  194 841515.906    0.00000   100%  48.3 1045s
H101720 17869                    841512.30473    0.00000   100%  48.4 1047s
H101757 17873                    841503.77823    0.00000   100%  48.5 1048s
H101812 17889                    841498.99864    0.00000   100%  48.5 1050s
H101978 17958                    841467.67911    0.00000   100%  48.6 1053s
 102048 17972 561659.985  101  216 841467.679    0.00000   100%  48.7 1055s
 102271 18077 261615.867  117  224 841467.679    0.00000   100%  48.9 1060s
 102466 18134 infeasible  109      841467.679    0.00000   100%  49.1 1065s
H102483 18127                    840883.76574    0.00000   100%  49.1 1065s
 102667 18185 750884.826   92  212 840883.766    0.00000   100%  49.3 1070s
H102818 18225                    840883.02980    0.00000   100%  49.5 1074s
H102844 18235                    840869.74627    0.00000   100%  49.5 1074s
 102848 18237     cutoff  111      840869.746    0.00000   100%  49.5 1075s
H103094 18310                    840841.13967    0.00000   100%  49.8 1080s
H103198 18333                    840826.67897    0.00000   100%  49.9 1082s
 103283 18346 infeasible  112      840826.679    0.00000   100%  50.0 1085s
H103318 18356                    840286.26763    0.00000   100%  50.1 1086s
 103466 18410 73530.0642  102  232 840286.268    0.00000   100%  50.2 1090s
H103587 18452                    840279.51640    0.00000   100%  50.3 1093s
 103634 18457 infeasible   97      840279.516    0.00000   100%  50.4 1095s
H103640 18461                    840254.31869    0.00000   100%  50.4 1095s
H103666 18475                    840244.95231    0.00000   100%  50.4 1095s
 103813 18519 693407.523  118  199 840244.952    0.00000   100%  50.5 1100s
H104006 18581                    840127.01885    0.00000   100%  50.7 1104s
 104036 18597 653429.453  122  203 840127.019    0.00000   100%  50.8 1105s
H104146 18619                    840123.47837    0.00000   100%  50.9 1108s
 104251 18665 infeasible  115      840123.478    0.00000   100%  51.0 1110s
H104274 18662                    840112.89249    0.00000   100%  51.0 1110s
H104313 18672                    840112.84682    0.00000   100%  51.1 1112s
 104449 18698 807005.768   99  235 840112.847    0.00000   100%  51.2 1115s
 104648 18792 infeasible  104      840112.847    0.00000   100%  51.4 1120s
H104676 18797                    840110.70422    0.00000   100%  51.4 1121s
H104702 18801                    840096.47448    0.00000   100%  51.5 1122s
H104814 18825                    840090.12048    0.00000   100%  51.6 1125s
H104926 18855                    840059.55134    0.00000   100%  51.8 1127s
H104980 18879                    839814.87623    0.00000   100%  51.8 1129s
 105030 18889 infeasible  107      839814.876    0.00000   100%  51.9 1130s
 105258 18957 infeasible  114      839814.876    0.00000   100%  52.2 1135s
 105518 19032 784152.219  110  208 839814.876    0.00000   100%  52.3 1140s
H105616 19050                    839780.97952    0.00000   100%  52.5 1143s
 105680 19062 infeasible  106      839780.980    0.00000   100%  52.5 1145s
H105745 19087                    839776.33420    0.00000   100%  52.6 1146s
 105873 19135 570460.645   97  217 839776.334    0.00000   100%  52.7 1151s
H105885 19137                    839774.70804    0.00000   100%  52.7 1151s
H105938 19169                    839769.92691    0.00000   100%  52.7 1152s
 106020 19223    0.00000   75  259 839769.927    0.00000   100%  52.8 1155s
H106044 19230                    839768.83986    0.00000   100%  52.8 1155s
H106070 19240                    839760.09647    0.00000   100%  52.8 1156s
 106204 19295 infeasible  106      839760.096    0.00000   100%  53.0 1160s
H106206 19293                    839759.58921    0.00000   100%  53.0 1160s
H106232 19295                    839755.03200    0.00000   100%  53.0 1160s
 106492 19450 infeasible  117      839755.032    0.00000   100%  53.1 1165s
H106568 19477                    839741.20745    0.00000   100%  53.2 1166s
H106686 19513                    839711.27160    0.00000   100%  53.3 1169s
H106712 19523                    839688.30968    0.00000   100%  53.3 1170s
H106780 19542                    839605.49609    0.00000   100%  53.3 1171s
H106905 19637                    839589.23282    0.00000   100%  53.4 1173s
 106979 19656 infeasible  108      839589.233    0.00000   100%  53.5 1175s
 107188 19724 186291.943   99  239 839589.233    0.00000   100%  53.7 1180s
 107424 19809 500526.427  101  224 839589.233    0.00000   100%  54.0 1185s
 107593 19865 137601.693  100  219 839589.233    0.00000   100%  54.1 1190s
H107678 19892                    839551.23510    0.00000   100%  54.2 1193s
 107773 19926 118041.510  100  235 839551.235    0.00000   100%  54.3 1195s
H107848 19959                    839550.19794    0.00000   100%  54.3 1199s
 107868 19961 553411.205   99  236 839550.198    0.00000   100%  54.4 1200s
 108051 19996 infeasible  112      839550.198    0.00000   100%  54.6 1205s
H108087 20002                    839546.63266    0.00000   100%  54.6 1206s
H108202 20047                    839440.66335    0.00000   100%  54.6 1209s
 108239 20074 infeasible  104      839440.663    0.00000   100%  54.7 1210s
H108283 20080                    839413.11527    0.00000   100%  54.7 1211s
H108421 20117                    839403.40479    0.00000   100%  54.8 1215s
H108449 20133                    839403.17127    0.00000   100%  54.8 1215s
 108635 20173 687486.769  114  191 839403.171    0.00000   100%  55.0 1220s
 108854 20281 infeasible   96      839403.171    0.00000   100%  55.2 1225s
 109061 20376 635823.049  105  229 839403.171    0.00000   100%  55.3 1230s
 109290 20489 infeasible   78      839403.171    0.00000   100%  55.5 1235s
H109320 20515                    839354.79064    0.00000   100%  55.5 1235s
H109346 20524                    839341.19513    0.00000   100%  55.5 1236s
H109398 20550                    839321.87246    0.00000   100%  55.6 1237s
 109508 20584 infeasible  103      839321.872    0.00000   100%  55.7 1240s
H109611 20638                    839310.14398    0.00000   100%  55.7 1243s
 109676 20665 799210.427   87  255 839310.144    0.00000   100%  55.8 1245s
H109709 20677                    839273.43806    0.00000   100%  55.8 1245s
H109835 20776                    839265.85259    0.00000   100%  55.8 1247s
 109919 20834 691207.459  107  194 839265.853    0.00000   100%  55.9 1250s
H110079 20922                    839250.85073    0.00000   100%  56.1 1253s
H110106 20927                    839250.57362    0.00000   100%  56.1 1254s
 110132 20937 567041.282   94  229 839250.574    0.00000   100%  56.1 1255s
H110237 20988                    839222.60310    0.00000   100%  56.2 1257s
H110263 20992                    839191.36693    0.00000   100%  56.2 1258s
H110343 21052                    839183.61260    0.00000   100%  56.3 1260s
H110512 21112                    839181.02676    0.00000   100%  56.4 1263s
H110515 21111                    839180.76197    0.00000   100%  56.4 1264s
 110568 21138 602763.224   89  255 839180.762    0.00000   100%  56.4 1265s
 110825 21290 788608.217  129  189 839180.762    0.00000   100%  56.6 1270s
 110992 21371 600712.870  106  204 839180.762    0.00000   100%  56.7 1275s
H111027 21381                    839161.94272    0.00000   100%  56.7 1275s
 111173 21437 infeasible  108      839161.943    0.00000   100%  56.8 1280s
 111354 21520 640468.368  104  211 839161.943    0.00000   100%  57.0 1285s
H111449 21557                    839087.33032    0.00000   100%  57.1 1286s
H111505 21563                    839070.67329    0.00000   100%  57.1 1287s
 111635 21625 654607.431  114  201 839070.673    0.00000   100%  57.2 1290s
H111739 21647                    839064.05678    0.00000   100%  57.3 1292s
 111940 21804 756959.685  148  196 839064.057    0.00000   100%  57.4 1295s
H111993 21852                    839041.26704    0.00000   100%  57.4 1296s
 112374 22199 259857.939  101  239 839041.267    0.00000   100%  57.3 1300s
 112682 22310 641415.186   94  244 839041.267    0.00000   100%  57.5 1305s
H112840 22373                    839038.52280    0.00000   100%  57.6 1307s
 113025 22450 820156.180   95  231 839038.523    0.00000   100%  57.8 1310s
 113311 22589    0.00000   89  251 839038.523    0.00000   100%  58.1 1315s
H113395 22627                    839036.88846    0.00000   100%  58.1 1316s
H113494 22648                    839035.14041    0.00000   100%  58.3 1318s
 113563 22677 382792.550   96  236 839035.140    0.00000   100%  58.4 1320s
 113785 22780 467204.704   94  225 839035.140    0.00000   100%  58.6 1325s
 113989 22885 infeasible  105      839035.140    0.00000   100%  58.7 1330s
H114025 22891                    839031.39084    0.00000   100%  58.8 1330s
 114175 22934 162760.540   89  239 839031.391    0.00000   100%  59.0 1335s
H114183 22937                    839015.14872    0.00000   100%  59.0 1335s
H114210 22937                    838990.62331    0.00000   100%  59.0 1335s
H114236 22959                    838990.60195    0.00000   100%  59.0 1336s
H114288 22989                    838987.56432    0.00000   100%  59.1 1337s
 114381 23026     cutoff  104      838987.564    0.00000   100%  59.1 1340s
H114419 23036                    838907.12641    0.00000   100%  59.2 1340s
H114590 23096                    838905.00037    0.00000   100%  59.3 1344s
 114617 23116 565303.873  111  219 838905.000    0.00000   100%  59.3 1345s
H114760 23169                    838900.80887    0.00000   100%  59.5 1349s
 114773 23180 infeasible  108      838900.809    0.00000   100%  59.5 1350s
H114864 23186                    838748.88585    0.00000   100%  59.6 1352s
 114988 23244 infeasible  131      838748.886    0.00000   100%  59.7 1355s
H115051 23261                    838747.65034    0.00000   100%  59.8 1356s
H115130 23304                    838743.12813    0.00000   100%  59.8 1358s
 115240 23406 588707.130  162  183 838743.128    0.00000   100%  59.8 1360s
 115444 23520 infeasible   94      838743.128    0.00000   100%  59.9 1365s
H115550 23562                    838714.87272    0.00000   100%  60.0 1367s
 115628 23582 761282.290  106  230 838714.873    0.00000   100%  60.1 1370s
 115845 23667 721537.477   94  224 838714.873    0.00000   100%  60.3 1375s
 116019 23725 655659.076   89  229 838714.873    0.00000   100%  60.5 1380s
 116188 23816 591893.818  114  199 838714.873    0.00000   100%  60.6 1386s
 116380 23917 715663.260  111  222 838714.873    0.00000   100%  60.7 1390s
 116550 23983 646088.266   97  234 838714.873    0.00000   100%  60.9 1395s
H116635 24011                    838698.63591    0.00000   100%  60.9 1397s
H116653 24025                    838698.62007    0.00000   100%  60.9 1398s
 116767 24091 459914.447  113  203 838698.620    0.00000   100%  61.0 1400s
 116956 24192 infeasible  102      838698.620    0.00000   100%  61.1 1405s
H117053 24230                    838696.44341    0.00000   100%  61.1 1406s
H117177 24270                    838660.84984    0.00000   100%  61.3 1410s
 117383 24384 676900.652  130  194 838660.850    0.00000   100%  61.4 1415s
 117594 24438 infeasible   94      838660.850    0.00000   100%  61.6 1420s
 117753 24521 816316.284  104  259 838660.850    0.00000   100%  61.7 1425s
 117969 24642 667635.909  113  198 838660.850    0.00000   100%  61.8 1430s
 118213 24762 266614.213  103  223 838660.850    0.00000   100%  62.0 1435s
 118462 24897 infeasible  108      838660.850    0.00000   100%  62.1 1440s
 118671 24984 733239.096  109  228 838660.850    0.00000   100%  62.3 1445s
 118996 25253 619130.327  208  176 838660.850    0.00000   100%  62.3 1450s
H119115 25364                    838317.87869    0.00000   100%  62.2 1452s
 119276 25527 619941.222  488  176 838317.879    0.00000   100%  62.2 1455s
H119452 25699                    838229.09187    0.00000   100%  62.1 1457s
 119600 25849 620879.544  812  176 838229.092    0.00000   100%  62.0 1460s
 120005 26254 622052.922 1217  176 838229.092    0.00000   100%  61.9 1465s
 120452 26701 624450.810 1664  174 838229.092    0.00000   100%  61.7 1470s
H120600 26845                    838201.01897    0.00000   100%  61.6 1472s
 120769 27016 626320.382 1981  174 838201.019    0.00000   100%  61.5 1475s
H120779 27024                    838191.60911    0.00000   100%  61.5 1475s
H120888 27133                    838186.85217    0.00000   100%  61.5 1477s
H120964 27209                    838160.22736    0.00000   100%  61.4 1478s
 121046 27293 628063.440 2258  174 838160.227    0.00000   100%  61.4 1480s
H121260 27505                    838156.04131    0.00000   100%  61.3 1484s
 121274 27521 629498.731 2486  174 838156.041    0.00000   100%  61.3 1485s
H121303 27546                    838146.95012    0.00000   100%  61.3 1485s
H121463 27706                    838146.48931    0.00000   100%  61.2 1488s
 121598 27843 631539.450 2810  174 838146.489    0.00000   100%  61.2 1490s
 121895 28140 633549.132 3107  173 838146.489    0.00000   100%  61.0 1495s
H121950 28186                    838089.28242    0.00000   100%  61.0 1495s
H122004 28240                    838089.28234    0.00000   100%  61.0 1496s
 122224 28462 635929.497 3435  174 838089.282    0.00000   100%  60.9 1500s
H122379 28615                    838088.40996    0.00000   100%  60.8 1502s
 122516 28754 637866.836 3727  174 838088.410    0.00000   100%  60.8 1505s
 122813 29051 639848.148 4024  174 838088.410    0.00000   100%  60.7 1510s
H122947 29174                    838025.22675    0.00000   100%  60.6 1512s
 123108 29337 641836.412 4319  173 838025.227    0.00000   100%  60.5 1515s
H123165 29390                    838007.59590    0.00000   100%  60.5 1516s
H123218 29424                    837956.45925    0.00000   100%  60.5 1517s
H123245 29410                    837834.68613    0.00000   100%  60.5 1518s
 123339 29506 643378.982 4550  173 837834.686    0.00000   100%  60.5 1520s
 123873 30040 646922.622 5084  172 837834.686    0.00000   100%  60.2 1525s
 124911 31078 691560.337 6068  169 837834.686    0.00000   100%  59.8 1530s
H124993 31066                    837779.94035    0.00000   100%  59.9 1531s
H125081 31098                    837779.62031    0.00000   100%  59.9 1534s
 125107 31110 458420.079  101  224 837779.620    0.00000   100%  60.0 1535s
 125325 31189 218716.895  101  236 837779.620    0.00000   100%  60.2 1540s
H125339 31191                    837724.66522    0.00000   100%  60.2 1540s
 125482 31256 723540.831  114  217 837724.665    0.00000   100%  60.3 1545s
H125565 31289                    837720.35086    0.00000   100%  60.4 1547s
H125607 31316                    837670.84343    0.00000   100%  60.4 1548s
 125652 31325 infeasible  109      837670.843    0.00000   100%  60.5 1550s
H125676 31324                    837666.13707    0.00000   100%  60.5 1550s
H125774 31365                    837629.89236    0.00000   100%  60.6 1553s
 125910 31464 infeasible  125      837629.892    0.00000   100%  60.6 1555s
H125977 31499                    837610.05923    0.00000   100%  60.6 1556s
H126066 31566                    837610.00327    0.00000   100%  60.6 1558s
 126140 31600 infeasible  197      837610.003    0.00000   100%  60.7 1560s
H126163 31599                    837598.98401    0.00000   100%  60.7 1563s
 126195 31601 689356.084  203  185 837598.984    0.00000   100%  60.7 1565s
H126223 31599                    837595.58096    0.00000   100%  60.7 1566s
 126385 31601 infeasible  244      837595.581    0.00000   100%  60.8 1570s
H126497 31642                    837585.48738    0.00000   100%  60.9 1571s
H126568 31675                    837528.29946    0.00000   100%  60.9 1573s
 126655 31715 168090.174   99  236 837528.299    0.00000   100%  61.0 1575s
H126861 31850                    837528.11253    0.00000   100%  61.0 1577s
H126914 31875                    837491.55667    0.00000   100%  61.1 1578s
 126987 31942 infeasible  116      837491.557    0.00000   100%  61.1 1580s
H127216 32123                    837455.73840    0.00000   100%  61.0 1581s
 127350 32178 infeasible  104      837455.738    0.00000   100%  61.1 1585s
H127431 32213                    837455.41098    0.00000   100%  61.2 1587s
H127471 32213                    837412.65046    0.00000   100%  61.3 1588s
H127554 32274                    837412.41788    0.00000   100%  61.3 1590s
H127650 32316                    837395.08650    0.00000   100%  61.4 1592s
 127850 32514 630737.369  204  173 837395.086    0.00000   100%  61.3 1595s
 128369 33001 535134.684  107  208 837395.086    0.00000   100%  61.1 1600s
 128640 33113     cutoff  112      837395.086    0.00000   100%  61.3 1605s
H128693 33148                    837388.35272    0.00000   100%  61.3 1606s
H128720 33156                    837370.68108    0.00000   100%  61.4 1607s
 128871 33220     cutoff  125      837370.681    0.00000   100%  61.5 1610s
H129074 33299                    837280.75463    0.00000   100%  61.6 1614s
 129116 33317 638856.204  128  210 837280.755    0.00000   100%  61.6 1615s
H129213 33352                    837274.04916    0.00000   100%  61.7 1617s
 129350 33422 infeasible  100      837274.049    0.00000   100%  61.8 1620s
H129399 33424                    837252.96044    0.00000   100%  61.9 1621s
H129444 33422                    837252.33984    0.00000   100%  61.9 1623s
H129527 33477                    837238.21533    0.00000   100%  62.0 1624s
 129554 33490 428445.547  107  220 837238.215    0.00000   100%  62.0 1625s
H129728 33575                    837236.63486    0.00000   100%  62.0 1628s
 129797 33610 infeasible  115      837236.635    0.00000   100%  62.1 1630s
H129807 33605                    837203.44791    0.00000   100%  62.1 1630s
H129835 33621                    837200.42544    0.00000   100%  62.1 1630s
 129978 33691 146989.118  100  232 837200.425    0.00000   100%  62.2 1635s
H130226 33848                    837185.88557    0.00000   100%  62.3 1639s
 130250 33874 788971.358  169  182 837185.886    0.00000   100%  62.3 1640s
 130480 33962 641893.235  124  208 837185.886    0.00000   100%  62.4 1645s
H130584 33992                    837154.32043    0.00000   100%  62.5 1647s
 130675 34020  216.48611  100  253 837154.320    0.00000   100%  62.6 1650s
 130947 34188 514931.709  106  210 837154.320    0.00000   100%  62.6 1655s
H130993 34207                    837112.49501    0.00000   100%  62.7 1656s
H131085 34246                    837112.12773    0.00000   100%  62.7 1658s
 131164 34289 737665.082   99  246 837112.128    0.00000   100%  62.8 1660s
H131295 34333                    837111.59486    0.00000   100%  62.9 1664s
 131305 34341 725850.147  111  220 837111.595    0.00000   100%  62.9 1665s
 131528 34417 665557.688  103  211 837111.595    0.00000   100%  63.1 1670s
H131655 34474                    837102.18610    0.00000   100%  63.2 1673s
H131704 34489                    837098.30649    0.00000   100%  63.2 1674s
 131733 34500    0.00000   89  241 837098.306    0.00000   100%  63.2 1675s
 131924 34604 511649.571  109  206 837098.306    0.00000   100%  63.3 1680s
H131989 34630                    837090.62966    0.00000   100%  63.4 1681s
H132145 34742                    837075.77980    0.00000   100%  63.4 1685s
 132408 34950 infeasible  107      837075.780    0.00000   100%  63.4 1690s
 132632 35031 2959.63170   96  236 837075.780    0.00000   100%  63.5 1695s
 132862 35144 441387.907  109  207 837075.780    0.00000   100%  63.6 1700s
H133017 35181                    837075.77710    0.00000   100%  63.8 1704s
 133057 35207 infeasible  111      837075.777    0.00000   100%  63.8 1705s
H133170 35252                    837073.43448    0.00000   100%  63.9 1708s
 133282 35338 594968.353  106  214 837073.434    0.00000   100%  63.9 1710s
H133456 35423                    837062.54544    0.00000   100%  64.0 1713s
 133601 35528 740671.737  199  172 837062.545    0.00000   100%  64.0 1715s
H133976 35738                    837055.40376    0.00000   100%  64.0 1719s
 133993 35741 814500.050  110  232 837055.404    0.00000   100%  64.1 1720s
 134169 35814 726896.529   94  230 837055.404    0.00000   100%  64.2 1725s
 134394 35895 653346.734   91  232 837055.404    0.00000   100%  64.4 1730s
 134563 35961 infeasible  106      837055.404    0.00000   100%  64.5 1735s
 134738 36044 686464.858  109  212 837055.404    0.00000   100%  64.6 1740s
H134853 36090                    837051.65510    0.00000   100%  64.7 1743s
H134879 36097                    837018.43780    0.00000   100%  64.7 1743s
 134930 36120 568513.497  104  235 837018.438    0.00000   100%  64.8 1745s
 135125 36227 84166.0884   98  227 837018.438    0.00000   100%  64.9 1750s
 135288 36300 7743.50272   92  255 837018.438    0.00000   100%  65.0 1755s
H135341 36316                    837006.99026    0.00000   100%  65.0 1757s
 135492 36393 infeasible  113      837006.990    0.00000   100%  65.1 1760s
 135646 36464 infeasible  112      837006.990    0.00000   100%  65.2 1765s
H135663 36465                    837003.72060    0.00000   100%  65.3 1765s
 135880 36578 infeasible  107      837003.721    0.00000   100%  65.4 1770s
H136139 36752                    836998.10115    0.00000   100%  65.4 1773s
 136174 36763 149862.491   98  237 836998.101    0.00000   100%  65.5 1775s
H136282 36797                    836990.25081    0.00000   100%  65.6 1777s
 136334 36817 infeasible  101      836990.251    0.00000   100%  65.6 1780s
 136527 36913 672566.661  109  209 836990.251    0.00000   100%  65.7 1785s
 136788 37024 infeasible   92      836990.251    0.00000   100%  65.8 1790s
 137013 37095 infeasible  117      836990.251    0.00000   100%  66.0 1795s
 137186 37155 657374.452   83  247 836990.251    0.00000   100%  66.0 1800s
 137319 37250 654249.973  113  204 836990.251    0.00000   100%  66.1 1805s
 137519 37336 infeasible   92      836990.251    0.00000   100%  66.2 1810s
 137702 37397 729899.331   92  264 836990.251    0.00000   100%  66.3 1815s
H137742 37408                    836988.64882    0.00000   100%  66.3 1816s
H137768 37413                    836979.78476    0.00000   100%  66.3 1817s
H137794 37419                    836975.30877    0.00000   100%  66.3 1817s
 137870 37446 466691.320   95  245 836975.309    0.00000   100%  66.4 1820s
 138077 37515 infeasible  108      836975.309    0.00000   100%  66.5 1825s
 138282 37607 98260.1641   89  234 836975.309    0.00000   100%  66.6 1830s
 138520 37732 140529.779   86  231 836975.309    0.00000   100%  66.7 1835s
H138584 37750                    836953.77947    0.00000   100%  66.8 1836s
 138728 37806 infeasible  106      836953.779    0.00000   100%  66.9 1840s
 138920 37860 235007.734   93  228 836953.779    0.00000   100%  67.0 1845s
 139176 37932 infeasible  111      836953.779    0.00000   100%  67.1 1850s
 139436 38073 786671.578  112  228 836953.779    0.00000   100%  67.2 1855s
H139441 38068                    836953.68765    0.00000   100%  67.2 1855s
H139467 38076                    836948.54329    0.00000   100%  67.2 1856s
 139580 38105 325557.670   96  240 836948.543    0.00000   100%  67.3 1860s
H139695 38142                    836946.75459    0.00000   100%  67.4 1862s
 139801 38168 infeasible  106      836946.755    0.00000   100%  67.4 1865s
H139904 38207                    836945.83522    0.00000   100%  67.5 1868s
 139975 38234 803791.944  106  248 836945.835    0.00000   100%  67.5 1870s
 140146 38306 154509.565   90  241 836945.835    0.00000   100%  67.6 1875s
H140250 38354                    836942.24873    0.00000   100%  67.6 1876s
 140376 38390 infeasible  103      836942.249    0.00000   100%  67.7 1880s
 140590 38474 164385.926   90  223 836942.249    0.00000   100%  67.8 1885s
 140819 38565 infeasible   86      836942.249    0.00000   100%  67.9 1890s
 141083 38663 infeasible  102      836942.249    0.00000   100%  68.1 1895s
 141377 38759 459424.365  100  236 836942.249    0.00000   100%  68.2 1900s
H141567 38805                    836940.39019    0.00000   100%  68.4 1903s
 141717 38877 410253.200   97  236 836940.390    0.00000   100%  68.4 1905s
 142040 39000 661727.472  106  221 836940.390    0.00000   100%  68.5 1910s
 142332 39078 644525.011   86  216 836940.390    0.00000   100%  68.7 1915s
 142625 39221 597241.970  103  213 836940.390    0.00000   100%  68.9 1920s
 142788 39268 220870.885   90  257 836940.390    0.00000   100%  69.0 1925s
 142972 39330 infeasible   90      836940.390    0.00000   100%  69.1 1930s
 143234 39477    0.00000   84  244 836940.390    0.00000   100%  69.2 1935s
H143305 39496                    836939.70951    0.00000   100%  69.3 1936s
 143463 39570 infeasible  121      836939.710    0.00000   100%  69.4 1940s
 143661 39632 159529.569   90  242 836939.710    0.00000   100%  69.5 1945s
 144133 40096 740234.527  326  180 836939.710    0.00000   100%  69.4 1950s
 144769 40732 682611.501  644  174 836939.710    0.00000   100%  69.2 1955s
 145309 41197 360512.710  107  213 836939.710    0.00000   100%  69.0 1960s
 145493 41251 451500.684   99  212 836939.710    0.00000   100%  69.1 1965s
 145729 41391 80143.3640   95  235 836939.710    0.00000   100%  69.2 1970s
 145951 41479 781121.578  104  212 836939.710    0.00000   100%  69.3 1975s
 146211 41637 679555.930   97  234 836939.710    0.00000   100%  69.4 1980s
 146433 41716     cutoff   92      836939.710    0.00000   100%  69.5 1985s
 146608 41797 147908.711   98  236 836939.710    0.00000   100%  69.6 1990s
 146849 41862 infeasible   90      836939.710    0.00000   100%  69.7 1995s
 147004 41917 infeasible   96      836939.710    0.00000   100%  69.8 2000s
 147203 41942    0.00000   86  263 836939.710    0.00000   100%  69.9 2005s
 147434 42033 infeasible  114      836939.710    0.00000   100%  70.0 2010s
 147696 42131 644338.476   98  212 836939.710    0.00000   100%  70.2 2015s
 147891 42201 611237.327  108  206 836939.710    0.00000   100%  70.3 2020s
 148041 42243 infeasible  103      836939.710    0.00000   100%  70.4 2025s
H148316 42395                    836904.59502    0.00000   100%  70.4 2029s
 148328 42393    0.00000   91  248 836904.595    0.00000   100%  70.5 2030s
H148369 42408                    836901.73228    0.00000   100%  70.5 2030s
H148395 42416                    836899.40250    0.00000   100%  70.5 2031s
H148474 42427                    836899.03911    0.00000   100%  70.5 2034s
 148507 42449 686285.229  108  207 836899.039    0.00000   100%  70.5 2035s
H148526 42450                    836891.69003    0.00000   100%  70.6 2035s
 148694 42509 445281.204  120  211 836891.690    0.00000   100%  70.7 2040s
 148909 42573 751145.183  105  205 836891.690    0.00000   100%  70.8 2045s
 149182 42690 723097.543  105  242 836891.690    0.00000   100%  71.0 2050s
H149351 42746                    836889.99311    0.00000   100%  71.1 2054s
 149382 42751 infeasible  126      836889.993    0.00000   100%  71.1 2055s
 149579 42807 752853.616  113  234 836889.993    0.00000   100%  71.3 2060s
 149749 42911 infeasible  116      836889.993    0.00000   100%  71.3 2065s
 149944 42964 infeasible   95      836889.993    0.00000   100%  71.5 2070s
H149978 42972                    836885.22762    0.00000   100%  71.5 2071s
 150166 43040 infeasible  100      836885.228    0.00000   100%  71.6 2075s
H150341 43098                    836874.68240    0.00000   100%  71.7 2078s
 150404 43109 144281.361   95  221 836874.682    0.00000   100%  71.7 2080s
 150585 43148 infeasible  106      836874.682    0.00000   100%  71.8 2085s
 150857 43274     cutoff  109      836874.682    0.00000   100%  71.9 2090s
 151078 43369 663653.149  105  229 836874.682    0.00000   100%  72.0 2095s
 151288 43450 340266.058   98  235 836874.682    0.00000   100%  72.1 2100s
H151430 43503                    836860.54156    0.00000   100%  72.1 2104s
 151487 43548 infeasible  108      836860.542    0.00000   100%  72.1 2105s
H151655 43588                    836850.66118    0.00000   100%  72.3 2109s
 151682 43605 372507.706   96  240 836850.661    0.00000   100%  72.3 2110s
 151911 43692 infeasible   99      836850.661    0.00000   100%  72.4 2115s
 152092 43794     cutoff   96      836850.661    0.00000   100%  72.5 2120s
 152278 43856 134317.364   83  231 836850.661    0.00000   100%  72.6 2125s
 152471 43959 91765.7981   90  263 836850.661    0.00000   100%  72.6 2130s
H152600 44024                    836847.78197    0.00000   100%  72.7 2132s
H152637 44029                    836844.93134    0.00000   100%  72.7 2134s
 152672 44038 infeasible   95      836844.931    0.00000   100%  72.8 2135s
H152801 44077                    836821.47516    0.00000   100%  72.8 2138s
 152871 44131 426364.657   90  252 836821.475    0.00000   100%  72.8 2140s
 153173 44308 111327.891   95  243 836821.475    0.00000   100%  72.9 2145s
 153536 44483 198615.927   91  256 836821.475    0.00000   100%  73.0 2150s
 153832 44632 infeasible  102      836821.475    0.00000   100%  73.1 2155s
 154189 44748 539758.547  116  201 836821.475    0.00000   100%  73.3 2160s
 154433 44814 infeasible   92      836821.475    0.00000   100%  73.5 2165s
 154735 44960 infeasible   94      836821.475    0.00000   100%  73.7 2170s
 155055 45093 639138.799  110  191 836821.475    0.00000   100%  73.8 2175s
 155451 45283 800748.955  102  213 836821.475    0.00000   100%  74.0 2180s
 155790 45442 infeasible  107      836821.475    0.00000   100%  74.1 2185s
 156077 45556 756382.391   98  228 836821.475    0.00000   100%  74.3 2190s
 156270 45619 690409.861   86  228 836821.475    0.00000   100%  74.5 2195s
 156461 45730 188789.426   99  230 836821.475    0.00000   100%  74.6 2200s
 156594 45790 infeasible   97      836821.475    0.00000   100%  74.6 2205s
 156801 45871 infeasible   98      836821.475    0.00000   100%  74.7 2210s
 157032 45989 infeasible   94      836821.475    0.00000   100%  74.8 2215s
 157339 46077 infeasible   93      836821.475    0.00000   100%  75.1 2220s
 157724 46242 276614.574   93  231 836821.475    0.00000   100%  75.2 2225s
 158087 46402 infeasible  106      836821.475    0.00000   100%  75.4 2230s
 158416 46547     cutoff  103      836821.475    0.00000   100%  75.5 2235s
 158780 46713 infeasible  111      836821.475    0.00000   100%  75.7 2240s
 159157 46834 612605.254   90  231 836821.475    0.00000   100%  75.8 2245s
 159457 46931 infeasible  105      836821.475    0.00000   100%  76.0 2250s
 159738 47026 infeasible  109      836821.475    0.00000   100%  76.2 2255s
 159909 47061 759412.162  105  247 836821.475    0.00000   100%  76.3 2260s
 160177 47169 718964.958  107  231 836821.475    0.00000   100%  76.4 2265s
 160394 47250 infeasible  103      836821.475    0.00000   100%  76.4 2270s
 160656 47348 733180.347  105  205 836821.475    0.00000   100%  76.5 2275s
 160876 47410     cutoff  121      836821.475    0.00000   100%  76.7 2280s
 161078 47470 355935.574  108  226 836821.475    0.00000   100%  76.8 2285s
 161332 47608 613018.298  142  187 836821.475    0.00000   100%  76.8 2290s
 161554 47666 infeasible  100      836821.475    0.00000   100%  76.9 2295s
 161742 47728 650235.900  109  223 836821.475    0.00000   100%  77.0 2300s
 161938 47771 infeasible  104      836821.475    0.00000   100%  77.1 2305s
 162188 47885 486931.996  105  214 836821.475    0.00000   100%  77.2 2310s
 162396 47958 infeasible  105      836821.475    0.00000   100%  77.2 2315s
 162612 48025 533369.938  104  203 836821.475    0.00000   100%  77.4 2320s
 162828 48124 infeasible  113      836821.475    0.00000   100%  77.4 2325s
 163038 48187 183322.242   94  254 836821.475    0.00000   100%  77.5 2330s
 163280 48313 679208.618  143  187 836821.475    0.00000   100%  77.6 2335s
 163562 48409 infeasible  105      836821.475    0.00000   100%  77.7 2340s
 163814 48554 619146.899  161  192 836821.475    0.00000   100%  77.7 2345s
 164081 48657 infeasible  103      836821.475    0.00000   100%  77.8 2350s
 164320 48765 infeasible  122      836821.475    0.00000   100%  77.9 2355s
 164542 48836 388418.396  102  229 836821.475    0.00000   100%  78.0 2360s
 164775 48914 749061.800   97  225 836821.475    0.00000   100%  78.1 2365s
 164968 48970 infeasible  104      836821.475    0.00000   100%  78.2 2370s
 165180 49062 infeasible  106      836821.475    0.00000   100%  78.3 2375s
 165267 49097 555769.956   94  218 836821.475    0.00000   100%  78.4 2380s
 165347 49123 399177.630   92  254 836821.475    0.00000   100%  78.4 2385s
 165438 49146 131187.041   89  268 836821.475    0.00000   100%  78.4 2390s
 165523 49189 267311.031   94  235 836821.475    0.00000   100%  78.5 2395s
 165702 49276 762788.109  105  247 836821.475    0.00000   100%  78.6 2400s
 165939 49353 264904.644   89  227 836821.475    0.00000   100%  78.7 2405s
 166154 49439 infeasible   98      836821.475    0.00000   100%  78.8 2410s
 166359 49521     cutoff   96      836821.475    0.00000   100%  78.9 2415s
 166600 49596 547329.034   96  225 836821.475    0.00000   100%  79.0 2420s
 166732 49659 672666.959  106  205 836821.475    0.00000   100%  79.1 2430s
 166876 49713 229762.573   89  251 836821.475    0.00000   100%  79.1 2435s
 167127 49792 794617.425  110  245 836821.475    0.00000   100%  79.2 2440s
 167376 49897 521241.688   94  203 836821.475    0.00000   100%  79.3 2445s
 167580 49978 12279.3840   91  244 836821.475    0.00000   100%  79.4 2450s
 167794 50066 485601.554   95  216 836821.475    0.00000   100%  79.4 2455s
 167991 50127 infeasible   93      836821.475    0.00000   100%  79.6 2460s
 168280 50278 infeasible  122      836821.475    0.00000   100%  79.6 2465s
 168493 50360 50132.4396   91  238 836821.475    0.00000   100%  79.7 2470s
 168688 50451 258459.552  101  239 836821.475    0.00000   100%  79.8 2475s
 168915 50532 118728.473   96  224 836821.475    0.00000   100%  79.9 2480s
 169166 50624    0.00000   89  246 836821.475    0.00000   100%  80.0 2485s
 169329 50691 infeasible   95      836821.475    0.00000   100%  80.0 2490s
 169498 50742 infeasible   87      836821.475    0.00000   100%  80.1 2495s
 169743 50835    0.00000   85  232 836821.475    0.00000   100%  80.2 2500s
 169923 50947 635959.745  112  195 836821.475    0.00000   100%  80.2 2505s
 170188 51033 645915.347   91  213 836821.475    0.00000   100%  80.3 2510s
 170423 51172    0.00000   89  234 836821.475    0.00000   100%  80.4 2515s
 170627 51251 750977.732  109  237 836821.475    0.00000   100%  80.5 2520s
 170840 51345 744381.985  106  206 836821.475    0.00000   100%  80.6 2525s
 171050 51396 778425.252  103  240 836821.475    0.00000   100%  80.7 2530s
 171247 51458 686074.985  110  222 836821.475    0.00000   100%  80.7 2535s
 171451 51540 infeasible   99      836821.475    0.00000   100%  80.8 2540s
 171638 51597 infeasible  103      836821.475    0.00000   100%  80.9 2545s
 171808 51691 595320.850  108  210 836821.475    0.00000   100%  80.9 2550s
 171967 51746    0.00000   85  244 836821.475    0.00000   100%  81.0 2555s
 172242 51875 infeasible   98      836821.475    0.00000   100%  81.1 2560s
 172473 51950 585398.073  107  217 836821.475    0.00000   100%  81.2 2565s
 172674 52029 infeasible  107      836821.475    0.00000   100%  81.2 2570s
 172881 52082 161678.240   98  222 836821.475    0.00000   100%  81.3 2575s
 173115 52150 300812.207   95  231 836821.475    0.00000   100%  81.4 2580s
 173325 52219    0.00000   89  221 836821.475    0.00000   100%  81.4 2585s
 173573 52309 299665.245   90  219 836821.475    0.00000   100%  81.5 2590s
 173755 52349 585343.682  103  213 836821.475    0.00000   100%  81.6 2595s
 174039 52414 infeasible  110      836821.475    0.00000   100%  81.7 2600s
 174373 52512 830266.052  111  243 836821.475    0.00000   100%  81.8 2605s
 174703 52610 763797.799  108  231 836821.475    0.00000   100%  81.9 2610s
 175063 52723 686790.394  114  206 836821.475    0.00000   100%  82.0 2615s
 175331 52817 315823.906   96  228 836821.475    0.00000   100%  82.1 2620s
 175668 52918 130139.735   95  219 836821.475    0.00000   100%  82.2 2625s
 175987 53020 568033.380  113  206 836821.475    0.00000   100%  82.3 2630s
 176346 53158 infeasible  109      836821.475    0.00000   100%  82.4 2635s
 176641 53247 232069.982  102  214 836821.475    0.00000   100%  82.6 2640s
 176876 53302 813634.864  103  252 836821.475    0.00000   100%  82.7 2645s
 177202 53416 54795.4259   96  234 836821.475    0.00000   100%  82.8 2650s
 177573 53515 818817.857  107  216 836821.475    0.00000   100%  82.9 2655s
 177928 53660 infeasible  107      836821.475    0.00000   100%  83.0 2660s
 178259 53751    0.00000   93  228 836821.475    0.00000   100%  83.2 2665s
 178560 53854 649578.652   92  258 836821.475    0.00000   100%  83.3 2670s
 178909 53956 751784.057  102  225 836821.475    0.00000   100%  83.5 2675s
 179219 54061 811816.935  115  216 836821.475    0.00000   100%  83.6 2680s
 179562 54201 infeasible  106      836821.475    0.00000   100%  83.7 2685s
 179890 54280 422148.083  109  225 836821.475    0.00000   100%  83.8 2690s
 180154 54355 647421.444   98  185 836821.475    0.00000   100%  83.9 2695s
 180487 54493 554789.698  116  199 836821.475    0.00000   100%  83.9 2700s
 180789 54587 676796.580  123  200 836821.475    0.00000   100%  84.0 2705s
 180942 54639     cutoff  115      836821.475    0.00000   100%  84.1 2710s
 181152 54722 infeasible  110      836821.475    0.00000   100%  84.2 2715s
 181401 54788 93399.2951  110  222 836821.475    0.00000   100%  84.3 2720s
 181639 54866 63043.6731   90  258 836821.475    0.00000   100%  84.4 2725s
 181817 54932 623351.984  116  205 836821.475    0.00000   100%  84.5 2730s
 182036 55004 834961.877  120  221 836821.475    0.00000   100%  84.5 2735s
 182436 55105 infeasible  101      836821.475    0.00000   100%  84.6 2740s
 182755 55258 471100.924  106  229 836821.475    0.00000   100%  84.7 2745s
 183094 55350 674532.410  101  234 836821.475    0.00000   100%  84.8 2750s
 183375 55415 infeasible  111      836821.475    0.00000   100%  84.8 2755s
 183734 55515 538145.397  105  213 836821.475    0.00000   100%  84.9 2760s
 184096 55637 infeasible  112      836821.475    0.00000   100%  85.0 2765s
 184349 55736 456435.118  108  214 836821.475    0.00000   100%  85.1 2770s
 184642 55815 539287.514  107  210 836821.475    0.00000   100%  85.2 2775s
 184960 55915 infeasible  107      836821.475    0.00000   100%  85.3 2780s
 185239 56015 746343.684  113  230 836821.475    0.00000   100%  85.4 2785s
 185609 56235 infeasible  148      836821.475    0.00000   100%  85.4 2790s
 186037 56397 infeasible  107      836821.475    0.00000   100%  85.5 2795s
 186390 56566 521416.511  130  201 836821.475    0.00000   100%  85.6 2800s
 186764 56674 infeasible  106      836821.475    0.00000   100%  85.7 2805s
 187022 56802 746208.745  118  226 836821.475    0.00000   100%  85.7 2810s
 187298 56917 infeasible  113      836821.475    0.00000   100%  85.8 2815s
 187684 57081 158482.621  103  224 836821.475    0.00000   100%  85.9 2820s
 188017 57230 223716.467  101  235 836821.475    0.00000   100%  86.0 2825s
 188353 57405 762876.301  153  183 836821.475    0.00000   100%  86.0 2830s
 188683 57486 infeasible  117      836821.475    0.00000   100%  86.2 2835s
 189002 57565 infeasible   99      836821.475    0.00000   100%  86.3 2840s
 189459 57773 infeasible  117      836821.475    0.00000   100%  86.3 2845s
 189772 57892 811310.892  117  223 836821.475    0.00000   100%  86.4 2850s
 190101 58011 619531.498  112  213 836821.475    0.00000   100%  86.5 2855s
H190295 58117                    836817.40708    0.00000   100%  86.5 2857s
 190449 58178 769233.433  109  214 836817.407    0.00000   100%  86.6 2860s
 190824 58318 153526.136  104  235 836817.407    0.00000   100%  86.8 2865s
 191164 58446 infeasible  111      836817.407    0.00000   100%  86.9 2870s
 191481 58583 812676.098  112  194 836817.407    0.00000   100%  87.0 2875s
 191804 58735 infeasible  112      836817.407    0.00000   100%  87.0 2880s
 192128 58852 620152.974  112  188 836817.407    0.00000   100%  87.1 2885s
 192443 58937 527879.136   87  245 836817.407    0.00000   100%  87.3 2890s
 192784 59060 infeasible  118      836817.407    0.00000   100%  87.4 2895s
 193131 59202 823002.073  104  218 836817.407    0.00000   100%  87.5 2900s
 193489 59323    0.00000   91  256 836817.407    0.00000   100%  87.6 2905s
 193896 59509 19448.3156   94  251 836817.407    0.00000   100%  87.7 2910s
 194291 59684 577550.539   95  227 836817.407    0.00000   100%  87.9 2915s
H194293 59684                    836815.60005    0.00000   100%  87.9 2915s
H194372 59700                    836809.85420    0.00000   100%  87.9 2916s
H194533 59752                    836807.89842    0.00000   100%  87.9 2919s
 194566 59763 infeasible  102      836807.898    0.00000   100%  88.0 2920s
H194675 59778                    836805.30347    0.00000   100%  88.0 2921s
H194779 59805                    836798.68920    0.00000   100%  88.1 2923s
H194805 59807                    836786.52294    0.00000   100%  88.1 2924s
 194878 59830    0.00000   84  234 836786.523    0.00000   100%  88.1 2925s
H195068 59888                    836786.01329    0.00000   100%  88.2 2928s
H195094 59887                    836785.88256    0.00000   100%  88.2 2928s
 195175 59898 infeasible  114      836785.883    0.00000   100%  88.2 2930s
 195519 59988 infeasible  107      836785.883    0.00000   100%  88.3 2935s
H195822 60084                    836784.65368    0.00000   100%  88.4 2939s
 195852 60091 infeasible   96      836784.654    0.00000   100%  88.4 2940s
H195912 60105                    836782.79514    0.00000   100%  88.4 2940s
H196162 60202                    836776.87247    0.00000   100%  88.5 2944s
 196190 60210 256892.008  103  233 836776.872    0.00000   100%  88.5 2945s
 196479 60291 38904.6412   87  240 836776.872    0.00000   100%  88.7 2950s
H196553 60323                    836773.47001    0.00000   100%  88.7 2950s
 196803 60405 715207.728  103  242 836773.470    0.00000   100%  88.8 2955s
 197142 60530    0.00000   91  248 836773.470    0.00000   100%  88.9 2960s
H197378 60670                    836766.44768    0.00000   100%  89.0 2964s
 197406 60690 722723.864  107  195 836766.448    0.00000   100%  89.0 2965s
H197489 60707                    836756.94781    0.00000   100%  89.0 2966s
 197723 60746 134945.466   98  228 836756.948    0.00000   100%  89.1 2970s
H197733 60750                    836754.63755    0.00000   100%  89.1 2970s
H198021 60873                    836752.95885    0.00000   100%  89.2 2974s
H198047 60873                    836750.10822    0.00000   100%  89.2 2974s
H198073 60881                    836723.83299    0.00000   100%  89.2 2975s
 198462 61034 451706.388  102  224 836723.833    0.00000   100%  89.3 2980s
 198873 61225    0.00000   90  237 836723.833    0.00000   100%  89.4 2985s
 199287 61390 262312.048   86  244 836723.833    0.00000   100%  89.4 2990s
 199611 61507 303461.436   97  228 836723.833    0.00000   100%  89.5 2995s
 199951 61627 infeasible  106      836723.833    0.00000   100%  89.7 3000s
 200258 61771 576595.743  125  201 836723.833    0.00000   100%  89.8 3005s
 200527 61838 274579.179  102  226 836723.833    0.00000   100%  89.9 3010s
 200899 61982 infeasible  113      836723.833    0.00000   100%  90.0 3015s
 201269 62163 765028.673  114  213 836723.833    0.00000   100%  90.0 3020s
 201630 62299 677608.236  120  199 836723.833    0.00000   100%  90.1 3025s
H201977 62455                    836712.37043    0.00000   100%  90.2 3029s
 202032 62504 600114.893  133  184 836712.370    0.00000   100%  90.2 3030s
 202271 62716 infeasible  214      836712.370    0.00000   100%  90.1 3035s
 202510 62796 731189.655   96  251 836712.370    0.00000   100%  90.2 3040s
 202709 62853 265742.974  100  228 836712.370    0.00000   100%  90.2 3045s
 202936 62926 655854.557  111  208 836712.370    0.00000   100%  90.3 3050s
 203197 63032    0.00000   97  254 836712.370    0.00000   100%  90.4 3055s
 203461 63142    0.00000   94  247 836712.370    0.00000   100%  90.5 3060s
 203707 63217 687233.632   99  233 836712.370    0.00000   100%  90.5 3065s
 203925 63284 infeasible  102      836712.370    0.00000   100%  90.6 3070s
 204162 63402 infeasible  108      836712.370    0.00000   100%  90.7 3075s
 204392 63467 416918.959  101  228 836712.370    0.00000   100%  90.8 3080s
 204658 63555 260699.221  105  229 836712.370    0.00000   100%  90.9 3085s
 204857 63613 26917.9211   96  237 836712.370    0.00000   100%  90.9 3090s
 205058 63686 infeasible  113      836712.370    0.00000   100%  91.0 3095s
 205256 63766 infeasible  112      836712.370    0.00000   100%  91.1 3100s
 205428 63805 infeasible   97      836712.370    0.00000   100%  91.2 3105s
 205705 63900 infeasible  110      836712.370    0.00000   100%  91.2 3110s
 205960 64020 832388.145  110  207 836712.370    0.00000   100%  91.3 3115s
 206235 64149 infeasible  129      836712.370    0.00000   100%  91.4 3120s
 206425 64232 infeasible  114      836712.370    0.00000   100%  91.4 3125s
 206636 64308 279319.321  105  217 836712.370    0.00000   100%  91.5 3130s
 206867 64373 infeasible  105      836712.370    0.00000   100%  91.6 3135s
 207130 64462 809616.085  104  235 836712.370    0.00000   100%  91.6 3140s
 207308 64528 672687.703  102  221 836712.370    0.00000   100%  91.7 3145s
 207541 64580 infeasible  101      836712.370    0.00000   100%  91.8 3150s
 207752 64658 253993.264  107  232 836712.370    0.00000   100%  91.8 3155s
 207956 64701 598171.350   98  232 836712.370    0.00000   100%  91.9 3160s
 208166 64791 227330.835  105  229 836712.370    0.00000   100%  91.9 3165s
 208376 64856 155268.639  101  221 836712.370    0.00000   100%  92.0 3170s
 208661 65005 742752.385  103  234 836712.370    0.00000   100%  92.0 3175s
 209004 65118 631616.577  106  233 836712.370    0.00000   100%  92.1 3180s
 209330 65171     cutoff  100      836712.370    0.00000   100%  92.3 3185s
 209664 65265 infeasible  108      836712.370    0.00000   100%  92.4 3190s
 210071 65403 607958.467  121  200 836712.370    0.00000   100%  92.5 3195s
 210418 65464 infeasible  104      836712.370    0.00000   100%  92.6 3200s
 210691 65549    0.00000   86  251 836712.370    0.00000   100%  92.7 3205s
 211096 65749     cutoff  116      836712.370    0.00000   100%  92.8 3210s
 211461 65865 127382.879   89  249 836712.370    0.00000   100%  92.9 3215s
 211791 65964 418300.056  107  227 836712.370    0.00000   100%  93.0 3220s
 212109 66063    0.00000   90  238 836712.370    0.00000   100%  93.1 3225s
 212379 66187 147017.355   92  230 836712.370    0.00000   100%  93.1 3230s
 212723 66273 infeasible  121      836712.370    0.00000   100%  93.2 3235s
 213109 66419    0.00000   92  248 836712.370    0.00000   100%  93.3 3240s
 213510 66539    0.00000   90  241 836712.370    0.00000   100%  93.3 3245s
 213753 66617 infeasible  108      836712.370    0.00000   100%  93.4 3250s
 213976 66672 349790.282   95  230 836712.370    0.00000   100%  93.5 3255s
 214189 66751 276960.335   89  234 836712.370    0.00000   100%  93.6 3260s
 214357 66823 800657.438  100  240 836712.370    0.00000   100%  93.6 3265s
 214440 66836 685978.661  101  209 836712.370    0.00000   100%  93.7 3270s
 214636 66882 infeasible  109      836712.370    0.00000   100%  93.7 3275s
 214907 66976 300840.783   92  236 836712.370    0.00000   100%  93.8 3280s
 215097 67023 infeasible   95      836712.370    0.00000   100%  93.8 3285s
 215312 67107 108486.214  101  236 836712.370    0.00000   100%  93.9 3290s
 215505 67138 infeasible  116      836712.370    0.00000   100%  93.9 3295s
 215726 67184 84384.3739  103  238 836712.370    0.00000   100%  93.9 3300s
 215889 67190 304291.088   96  226 836712.370    0.00000   100%  94.0 3305s
 216086 67232 infeasible  109      836712.370    0.00000   100%  94.0 3310s
 216314 67310 523439.470  116  208 836712.370    0.00000   100%  94.1 3315s
 216496 67378 642765.456  117  205 836712.370    0.00000   100%  94.1 3320s
 216694 67426 infeasible   95      836712.370    0.00000   100%  94.1 3325s
 216954 67508 164460.555  105  222 836712.370    0.00000   100%  94.1 3330s
 217160 67579 746027.762  103  228 836712.370    0.00000   100%  94.2 3335s
 217367 67666 infeasible  110      836712.370    0.00000   100%  94.2 3340s
 217450 67682 642854.029  109  212 836712.370    0.00000   100%  94.2 3345s
 217672 67754 525081.350  102  233 836712.370    0.00000   100%  94.3 3350s
 217874 67782 infeasible  105      836712.370    0.00000   100%  94.3 3355s
 218060 67820 146142.223  100  242 836712.370    0.00000   100%  94.4 3360s
 218272 67898 infeasible  108      836712.370    0.00000   100%  94.4 3365s
 218522 67963 435070.098  103  239 836712.370    0.00000   100%  94.5 3370s
 218739 68006 297376.407   92  226 836712.370    0.00000   100%  94.5 3375s
 218971 68065 infeasible  107      836712.370    0.00000   100%  94.5 3380s
 219171 68101    0.00000   92  230 836712.370    0.00000   100%  94.6 3385s
 219399 68191 infeasible  108      836712.370    0.00000   100%  94.6 3390s
 219585 68231 infeasible  103      836712.370    0.00000   100%  94.7 3395s
 219806 68300 688840.711   98  228 836712.370    0.00000   100%  94.7 3400s
 220030 68351 94135.1099   99  234 836712.370    0.00000   100%  94.7 3405s
 220224 68417 132348.610   93  231 836712.370    0.00000   100%  94.8 3410s
 220418 68546 747546.580  106  240 836712.370    0.00000   100%  94.8 3415s
 220582 68595 672127.760  111  191 836712.370    0.00000   100%  94.9 3420s
 220812 68690 infeasible  105      836712.370    0.00000   100%  94.9 3425s
 221039 68804 647645.759  108  208 836712.370    0.00000   100%  95.0 3430s
 221266 68887 infeasible  103      836712.370    0.00000   100%  95.0 3435s
 221508 68994 539849.009  115  200 836712.370    0.00000   100%  95.1 3440s
 221699 69055 infeasible   97      836712.370    0.00000   100%  95.2 3445s
 221922 69128 353758.601   98  234 836712.370    0.00000   100%  95.2 3450s
 222104 69187 452487.686   87  251 836712.370    0.00000   100%  95.3 3455s
 222267 69229 502514.724  103  216 836712.370    0.00000   100%  95.4 3460s
 222431 69305 infeasible   98      836712.370    0.00000   100%  95.4 3465s
 222521 69329 669431.136   96  218 836712.370    0.00000   100%  95.4 3470s
 222681 69357 140103.928   85  250 836712.370    0.00000   100%  95.5 3475s
 222886 69433 725948.056  103  196 836712.370    0.00000   100%  95.6 3480s
 223153 69572 686935.471   99  229 836712.370    0.00000   100%  95.6 3485s
 223395 69660 638970.639  109  183 836712.370    0.00000   100%  95.6 3490s
 223640 69753 747850.650  113  232 836712.370    0.00000   100%  95.7 3495s
 223876 69817 infeasible  109      836712.370    0.00000   100%  95.7 3500s
 224078 69871 30197.7167   94  239 836712.370    0.00000   100%  95.7 3505s
 224365 70050 624321.471  146  191 836712.370    0.00000   100%  95.7 3510s
 224544 70107 763673.857   94  241 836712.370    0.00000   100%  95.7 3515s
 224796 70200 infeasible   96      836712.370    0.00000   100%  95.8 3520s
 224984 70248 infeasible  103      836712.370    0.00000   100%  95.9 3525s
 225215 70348 464796.615   97  216 836712.370    0.00000   100%  95.9 3530s
 225424 70395 1738.68554   83  235 836712.370    0.00000   100%  95.9 3535s
 225626 70484 555530.785   88  253 836712.370    0.00000   100%  96.0 3540s
 225871 70565 349949.025   96  222 836712.370    0.00000   100%  96.0 3545s
 226088 70646 infeasible  107      836712.370    0.00000   100%  96.0 3550s
 226263 70709    0.00000   90  240 836712.370    0.00000   100%  96.0 3555s
 226501 70809 infeasible   96      836712.370    0.00000   100%  96.0 3560s
 226741 70865 253421.188   96  225 836712.370    0.00000   100%  96.1 3565s
 227037 70973 infeasible  124      836712.370    0.00000   100%  96.1 3570s
 227388 71066 infeasible  107      836712.370    0.00000   100%  96.2 3575s
 227677 71140 infeasible  108      836712.370    0.00000   100%  96.2 3580s
 227936 71197 infeasible  104      836712.370    0.00000   100%  96.2 3585s
 228299 71319 453820.903  101  205 836712.370    0.00000   100%  96.3 3590s
 228554 71382 9884.24743   92  253 836712.370    0.00000   100%  96.4 3595s

Cutting planes:
  Gomory: 14
  Implied bound: 24
  MIR: 60
  StrongCG: 1
  Flow cover: 12
  RLT: 5

Explored 228886 nodes (22082338 simplex iterations) in 3600.08 seconds (1087.69 work units)
Thread count was 1 (of 24 available processors)

Solution count 10: 836712 836724 836750 ... 836783

Time limit reached
Best objective 8.367123704333e+05, best bound 0.000000000000e+00, gap 100.0000%
