
Gurobi 11.0.3 (linux64, Java) logging started qui 18 dez 2025 12:38:23 -03

Set parameter WLSAccessID
Set parameter WLSSecret
Set parameter LicenseID to value 2566693
Academic license 2566693 - for non-commercial use only - registered to ja___@ufv.br
Set parameter NonConvex to value 2
Set parameter TimeLimit to value 3600
Set parameter LogToConsole to value 0
Set parameter MIPGap to value 4.7478399160473358e-08
Set parameter Threads to value 1
Set parameter NodefileDir to value "/scratch"
Set parameter NodefileStart to value 0.5
Gurobi Optimizer version 11.0.3 build v11.0.3rc0 (linux64)

CPU model: Intel(R) Xeon(R) CPU           X5650  @ 2.67GHz, instruction set [SSE2]
Thread count: 12 physical cores, 24 logical processors, using up to 1 threads

Academic license 2566693 - for non-commercial use only - registered to ja___@ufv.br
Optimize a model with 62101 rows, 41913 columns and 208058 nonzeros
Model fingerprint: 0x76482d41
Model has 149 quadratic constraints
Variable types: 20886 continuous, 21027 integer (144 binary)
Coefficient statistics:
  Matrix range     [7e-03, 6e+06]
  QMatrix range    [7e-03, 1e+05]
  QLMatrix range   [1e+00, 1e+05]
  Objective range  [1e+00, 4e+07]
  Bounds range     [1e+00, 1e+08]
  RHS range        [1e+00, 6e+06]
  QRHS range       [3e-02, 3e-02]
Presolve removed 61160 rows and 40894 columns
Presolve time: 0.15s
Presolved: 2243 rows, 1411 columns, 69462 nonzeros
Presolved model has 2 SOS constraint(s)
Presolved model has 144 bilinear constraint(s)

Solving non-convex MIQCP

Variable types: 561 continuous, 850 integer (146 binary)
Found heuristic solution: objective 1.541989e+07

Root relaxation: objective 0.000000e+00, 497 iterations, 0.02 seconds (0.01 work units)

    Nodes    |    Current Node    |     Objective Bounds      |     Work
 Expl Unexpl |  Obj  Depth IntInf | Incumbent    BestBd   Gap | It/Node Time

     0     0    0.00000    0  177 1.5420e+07    0.00000   100%     -    0s
     0     0    0.00000    0  371 1.5420e+07    0.00000   100%     -    0s
H    0     0                    8241389.3155    0.00000   100%     -    0s
     0     0    0.00000    0  343 8241389.32    0.00000   100%     -    1s
     0     0    0.00000    0  351 8241389.32    0.00000   100%     -    1s
     0     0    0.00000    0  318 8241389.32    0.00000   100%     -    1s
     0     0    0.00000    0  315 8241389.32    0.00000   100%     -    2s
     0     2    0.00000    0  300 8241389.32    0.00000   100%     -    2s
H  208   208                    8229442.2044    0.00000   100%  70.5    4s
   216   218 2979253.06  156  189 8229442.20    0.00000   100%  67.9    5s
H  260   260                    7982450.1350    0.00000   100%  56.6    5s
H  338   338                    7639871.8711    0.00000   100%  43.7    6s
H  516   516                    7618834.2523    0.00000   100%  29.0    6s
H  640   640                    7617509.4436    0.00000   100%  28.7    7s
  1164  1166 4382323.97 1061  179 7617509.44    0.00000   100%  20.1   10s
H 1242  1242                    7336263.6866    0.00000   100%  19.0   10s
H 1296  1296                    7325007.7892    0.00000   100%  18.7   10s
H 1362  1362                    6575600.5558    0.00000   100%  18.2   11s
H 1431  1431                    6264103.9420    0.00000   100%  17.3   12s
  2186  2188 4539958.49 2045  146 6264103.94    0.00000   100%  11.8   15s
H 2528  2528                    6141430.8834    0.00000   100%  10.4   16s
H 2555  2427                    6044564.0580    0.00000   100%  10.3   18s
H 2559  2307                    5821259.4088    0.00000   100%  10.3   20s
  2572  2318    0.00000   14  249 5821259.41    0.00000   100%  14.5   25s
H 2618  2231                    5810083.0700    0.00000   100%  16.1   29s
  2623  2236    0.00000   40  286 5810083.07    0.00000   100%  16.2   30s
  2675  2271 27054.6678   66  301 5810083.07    0.00000   100%  19.2   35s
H 2722  2190                    5766438.4785    0.00000   100%  19.6   38s
  2732  2199 163761.083   94  264 5766438.48    0.00000   100%  19.6   40s
H 2748  2103                    5460599.0270    0.00000   100%  19.7   41s
H 2774  2021                    5411312.5445    0.00000   100%  19.9   43s
  2785  2030 187434.841  121  260 5411312.54    0.00000   100%  20.2   45s
H 2826  1961                    5400423.2517    0.00000   100%  20.8   49s
  2834  1969 320442.184  145  245 5400423.25    0.00000   100%  20.9   50s
H 2852  1889                    5304903.3702    0.00000   100%  21.0   51s
  2884  1912 548941.525  170  236 5304903.37    0.00000   100%  21.4   55s
H 2904  1838                    5269609.7540    0.00000   100%  21.6   56s
H 2930  1775                    5181890.5565    0.00000   100%  21.8   59s
  2934  1779 1361084.33  195  214 5181890.56    0.00000   100%  22.0   60s
  2979  1809 1507172.43  218  198 5181890.56    0.00000   100%  22.0   65s
H 2982  1732                    5031966.6680    0.00000   100%  22.0   65s
H 3008  1677                    4983146.0507    0.00000   100%  22.6   69s
  3017  1685 1616909.57  237  185 4983146.05    0.00000   100%  22.8   70s
H 3034  1625                    4903125.1515    0.00000   100%  23.0   72s
  3059  1644 1664039.18  258  174 4903125.15    0.00000   100%  23.0   75s
H 3060  1576                    4817307.2140    0.00000   100%  23.0   75s
  3086  1596 1750905.54  271  173 4817307.21    0.00000   100%  23.0   80s
H 3112  1548                    4804589.9013    0.00000   100%  23.1   84s
  3114  1551 1859436.35  285  171 4804589.90    0.00000   100%  23.2   85s
  3156  1579 1866549.38  306  159 4804589.90    0.00000   100%  23.3   90s
H 3164  1524                    4795532.9581    0.00000   100%  23.2   90s
H 3174  1473                    4788065.6940    0.00000   100%  23.2   91s
H 3190  1431                    4325000.2765    0.00000   100%  23.3   92s
H 3214  1396                    3865419.0866    0.00000   100%  23.4   92s
H 3216  1348                    3859460.4245    0.00000   100%  23.4   92s
H 3295  1355                    3822530.1681    0.00000   100%  23.6   93s
H 3349  1347                    3821395.8386    0.00000   100%  23.7   94s
H 3372  1321                    3436404.7040    0.00000   100%  23.7   95s
H 3398  1299                    3346116.5516    0.00000   100%  23.8   95s
H 3424  1279                    3248785.5828    0.00000   100%  23.8   96s
H 3450  1260                    3230045.6634    0.00000   100%  23.8   97s
H 3538  1285                    3207853.6837    0.00000   100%  24.1   98s
H 3691  1355                    3200283.0934    0.00000   100%  25.1  100s
H 4316  1748                    3148614.0162    0.00000   100%  26.7  105s
H 4456  1888                    3062228.1240    0.00000   100%  27.4  106s
H 4519  1951                    3029959.4030    0.00000   100%  27.7  106s
H 4644  2076                    2927852.2865    0.00000   100%  28.1  108s
H 4672  2102                    2904975.4071    0.00000   100%  28.1  109s
  4757  2189 1933255.95 1107  151 2904975.41    0.00000   100%  28.4  110s
H 4965  2395                    2876657.6105    0.00000   100%  27.8  111s
  5536  2968 1933446.28 1496  147 2876657.61    0.00000   100%  25.7  115s
H 5806  3236                    2876308.4904    0.00000   100%  24.8  116s
H 5887  3317                    2876308.4608    0.00000   100%  24.5  117s
H 5987  3417                    2854115.5019    0.00000   100%  24.2  118s
  6477  3909 1933435.31 1967  145 2854115.50    0.00000   100%  22.9  120s
H 6987  4414                    2854114.7538    0.00000   100%  22.0  122s
H 7048  4433                    2854114.7534    0.00000   100%  22.7  124s
  7085  4472    0.00000   34  241 2854114.75    0.00000   100%  22.8  125s
H 7092  4477                    2822063.9656    0.00000   100%  22.8  125s
H 7128  4513                    2805523.0697    0.00000   100%  23.0  126s
  7385  4772 749285.206  184  211 2805523.07    0.00000   100%  23.0  130s
H 7566  4950                    2742745.7448    0.00000   100%  23.0  132s
H 7804  5186                    2742336.4813    0.00000   100%  23.1  134s
  7960  5342 2034154.60  472  180 2742336.48    0.00000   100%  23.2  135s
H 8020  5394                    2732864.1170    0.00000   100%  23.2  136s
H 8046  5418                    2717126.7045    0.00000   100%  23.1  137s
  8152  5500    0.00000   48  258 2717126.70    0.00000   100%  23.4  140s
H 8592  5936                    2686651.3993    0.00000   100%  23.5  144s
  8606  5952 577670.120  275  189 2686651.40    0.00000   100%  23.5  145s
H 8969  6313                    2681404.6509    0.00000   100%  22.8  147s
H 9077  6419                    2669097.9327    0.00000   100%  22.6  148s
  9212  6556 704421.345  578  184 2669097.93    0.00000   100%  22.3  150s
H 9780  7122                    2652086.7822    0.00000   100%  21.3  154s
  9932  7276 706154.812  938  185 2652086.78    0.00000   100%  21.1  155s
 10780  8124 704900.992 1362  184 2652086.78    0.00000   100%  20.2  160s
H10854  8196                    2647947.6206    0.00000   100%  20.1  160s
 11491  8835 705298.011 1718  184 2647947.62    0.00000   100%  19.6  165s
H11596  8934                    2633311.4161    0.00000   100%  19.6  165s
H11864  9196                    2630607.4076    0.00000   100%  19.5  167s
H12030  9355                    2627935.3562    0.00000   100%  19.5  169s
 12155  9482 708272.415 2050  185 2627935.36    0.00000   100%  19.6  170s
H12196  9420                    2551000.9205    0.00000   100%  19.6  170s
 12952 10174 786506.258 2448  172 2551000.92    0.00000   100%  18.8  175s
 13602 10820 939994.297 2773  164 2551000.92    0.00000   100%  18.1  180s
H13606 10822                    2550314.3085    0.00000   100%  18.1  180s
H13801 11017                    2545596.2269    0.00000   100%  17.9  183s
 13866 11084 940725.297 2905  164 2545596.23    0.00000   100%  17.9  185s
 14130 11348 941456.545 3037  164 2545596.23    0.00000   100%  17.6  190s
H14183 11397                    2507825.0806    0.00000   100%  17.6  191s
H14369 11583                    2491924.6547    0.00000   100%  17.4  195s
 14650 11866 885997.585 3297  164 2491924.65    0.00000   100%  17.1  200s
H15001  9014                    1925153.2440    0.00000   100%  16.8  205s
H15002  9011                    1912825.5469    0.00000   100%  16.8  205s
H15045  8998                    1898714.1925    0.00000   100%  16.8  206s
 15611  9566 888712.419 3778  163 1898714.19    0.00000   100%  16.4  210s
H15746  9057                    1829768.3526    0.00000   100%  16.3  211s
H16154  9464                    1815602.7112    0.00000   100%  16.0  213s
H16286  9590                    1809955.2594    0.00000   100%  16.0  215s
H16746 10027                    1807343.7682    0.00000   100%  15.7  219s
 16855 10110 1650397.77 4391  156 1807343.77    0.00000   100%  15.6  220s
H16910 10163                    1806410.7245    0.00000   100%  15.6  220s
 17423 10668 1620970.19 4675  162 1806410.72    0.00000   100%  15.3  225s
H17920 11158                    1804990.6233    0.00000   100%  15.0  228s
 18179 11415 1625074.37 5053  160 1804990.62    0.00000   100%  14.8  230s
H18502 11736                    1802611.2434    0.00000   100%  14.6  232s
 18999 12229 1625630.94 5463  154 1802611.24    0.00000   100%  14.3  235s
H19827 12705                    1801659.3621    0.00000   100%  14.3  240s
H19965 12837                    1794583.9957    0.00000   100%  14.5  242s
 20072 12942 1621489.17  206  169 1794584.00    0.00000   100%  14.5  245s
H20073 12937                    1790919.1129    0.00000   100%  14.5  245s
H20598 13419                    1781269.9710    0.00000   100%  14.5  248s
 20765 13588 940865.271  132  190 1781269.97    0.00000   100%  14.9  250s
H20814 13635                    1778562.8969    0.00000   100%  14.9  250s
H21326 14147                    1777602.6032    0.00000   100%  14.7  252s
H22053 14874                    1759356.0419    0.00000   100%  14.5  254s
 22425 15248 999931.768  962  179 1759356.04    0.00000   100%  14.3  255s
H22454 15275                    1756673.8520    0.00000   100%  14.3  255s
H23243 16062                    1754535.5866    0.00000   100%  14.1  257s
H23299 16118                    1752253.7522    0.00000   100%  14.1  257s
H23659 16478                    1751697.8739    0.00000   100%  14.0  258s
 24237 17058 1265934.74 1868  166 1751697.87    0.00000   100%  13.9  260s
H24455 17274                    1751381.5348    0.00000   100%  13.9  260s
H25144 17929                    1746290.9232    0.00000   100%  13.6  264s
 25377 18164 1354700.19 2438  166 1746290.92    0.00000   100%  13.5  265s
H26300 19085                    1746137.0934    0.00000   100%  13.3  267s
H27041 19792                    1738728.2002    0.00000   100%  13.2  269s
 27172 19925 1349045.48 3336  163 1738728.20    0.00000   100%  13.2  270s
H27405 20156                    1738704.6156    0.00000   100%  13.2  270s
H27831 20578                    1734307.1283    0.00000   100%  13.2  272s
H28166 20912                    1732514.7255    0.00000   100%  13.1  273s
H28388 21132                    1729742.8918    0.00000   100%  13.1  274s
H28535 21279                    1729657.1317    0.00000   100%  13.1  275s
 30066 22810 1401375.56 4783  160 1729657.13    0.00000   100%  13.0  280s
H30214 22956                    1726145.7472    0.00000   100%  13.0  281s
H31299 24041                    1724470.6328    0.00000   100%  12.8  284s
 31447 24191 1483715.30 5473  155 1724470.63    0.00000   100%  12.7  285s
H31745 24487                    1724058.2597    0.00000   100%  12.6  285s
 32959 25636    0.00000   67  231 1724058.26    0.00000   100%  12.7  290s
H34017 26682                    1721993.8920    0.00000   100%  12.7  294s
 34226 26893 1215016.33  701  155 1721993.89    0.00000   100%  12.7  295s
 35310 27960 257712.396   98  219 1721993.89    0.00000   100%  12.6  300s
 36446 28946 infeasible  665      1721993.89    0.00000   100%  12.9  305s
H37167 29193                    1713931.1675    0.00000   100%  13.1  308s
 37504 29332 infeasible 1194      1713931.17    0.00000   100%  13.2  310s
H37507 29331                    1713518.2166    0.00000   100%  13.2  310s
H37721 29399                    1713510.4217    0.00000   100%  13.2  311s
H37760 29412                    1713274.0434    0.00000   100%  13.3  311s
H38146 29538                    1712566.8881    0.00000   100%  13.3  314s
H38209 29559                    1712566.8702    0.00000   100%  13.3  314s
 38293 29589 1422148.96 1589  163 1712566.87    0.00000   100%  13.3  315s
H38577 29681                    1711858.7865    0.00000   100%  13.4  316s
 39095 29855 1430282.19 1990  161 1711858.79    0.00000   100%  13.4  320s
H39299 29919                    1711857.4078    0.00000   100%  13.4  321s
H39411 29957                    1711840.8129    0.00000   100%  13.4  321s
 39952 30138 infeasible 2418      1711840.81    0.00000   100%  13.5  325s
H40169 30202                    1703521.2036    0.00000   100%  13.5  326s
H40375 30262                    1702673.1102    0.00000   100%  13.5  328s
H40401 30264                    1702657.5576    0.00000   100%  13.5  328s
 40720 30371 1450631.53 2802  165 1702657.56    0.00000   100%  13.5  330s
H40807 30400                    1702057.1358    0.00000   100%  13.6  330s
 41677 30972 1475667.13 3281  161 1702057.14    0.00000   100%  13.5  335s
H42577 31624                    1701570.4473    0.00000   100%  13.4  339s
H42667 31684                    1700109.3282    0.00000   100%  13.4  340s
H42694 31702                    1695749.2862    0.00000   100%  13.4  340s
H42881 31827                    1695697.6586    0.00000   100%  13.4  341s
H43025 31923                    1695681.6914    0.00000   100%  13.4  341s
H43467 32191                    1695681.6863    0.00000   100%  13.4  344s
H43545 32215                    1694235.3323    0.00000   100%  13.4  344s
 43549 32217 1541461.87 4217  161 1694235.33    0.00000   100%  13.4  345s
H43872 32480                    1694219.0679    0.00000   100%  13.5  347s
H44093 32641                    1694215.9806    0.00000   100%  13.8  349s
 44139 32689 920375.574  125  199 1694215.98    0.00000   100%  13.9  350s
H44666 33204                    1694215.9680    0.00000   100%  13.9  351s
H45294 33830                    1691134.9002    0.00000   100%  13.8  353s
H45298 33834                    1691083.7562    0.00000   100%  13.8  354s
 45427 33965 1471019.59 1124  155 1691083.76    0.00000   100%  13.8  355s
H46250 34718                    1690120.6102    0.00000   100%  14.3  358s
 46689 35155 1620053.45  607  163 1690120.61    0.00000   100%  14.2  360s
H46931 35371                    1690120.5520    0.00000   100%  14.3  361s
H47550 35990                    1689882.1855    0.00000   100%  14.2  363s
H47632 36072                    1689882.1844    0.00000   100%  14.2  363s
 48596 37038 1113233.34 1687  159 1689882.18    0.00000   100%  14.0  365s
H48615 37055                    1687366.0338    0.00000   100%  14.0  365s
 50498 38938 1121197.38 3584  156 1687366.03    0.00000   100%  13.6  370s
H50525 38963                    1687306.5947    0.00000   100%  13.6  370s
H50551 38989                    1686493.5064    0.00000   100%  13.6  370s
H50767 39205                    1686231.5793    0.00000   100%  13.6  371s
H51804 40152                    1686230.7171    0.00000   100%  13.5  374s
H51818 40166                    1685741.4223    0.00000   100%  13.5  374s
H51845 40193                    1685599.8088    0.00000   100%  13.6  374s
 51847 40197    0.00000   89  238 1685599.81    0.00000   100%  13.6  375s
H51872 40220                    1685516.3132    0.00000   100%  13.6  375s
H52127 40472                    1683021.4910    0.00000   100%  13.7  376s
H53127 41472                    1682979.3645    0.00000   100%  13.7  378s
 53698 42040 1342168.51 1672  157 1682979.36    0.00000   100%  13.6  380s
H53933 42121                    1682863.5487    0.00000   100%  13.8  381s
H54089 42277                    1682013.5022    0.00000   100%  13.9  382s
H54339 42525                    1682000.1178    0.00000   100%  14.0  383s
H54905 43049                    1681629.8941    0.00000   100%  13.9  385s
H55284 43388                    1681333.7870    0.00000   100%  14.1  387s
H55569 23168                    1297657.4656    0.00000   100%  14.1  390s
H55597 23176                    1297568.1573    0.00000   100%  14.2  391s
H55623 20026                    1181563.9694    0.00000   100%  14.2  391s
H55952 20233                    1176398.4662    0.00000   100%  14.4  393s
H56071 15381                    1094241.5325    0.00000   100%  14.6  395s
H56241 15437                    1086184.3238    0.00000   100%  14.8  397s
 56901 16075 752096.181  414  174 1086184.32    0.00000   100%  14.9  400s
H56957 16096                    1083553.4128    0.00000   100%  14.9  400s
H57177 16310                    1083434.8987    0.00000   100%  14.8  401s
H57563 16674                    1082821.9624    0.00000   100%  14.8  403s
H57589 16686                    1082581.8303    0.00000   100%  14.8  403s
H57771 16805                    1068708.5687    0.00000   100%  14.8  404s
 58107 17143 849566.664 1009  167 1068708.57    0.00000   100%  14.7  405s
H58327 16179                    1029049.6367    0.00000   100%  14.8  405s
H58494 16278                    1029034.6445    0.00000   100%  14.9  407s
 59086 16828 infeasible  479      1029034.64    0.00000   100%  15.2  410s
H59089 16814                    1028721.0264    0.00000   100%  15.2  410s
H59306 16926                    1028706.0240    0.00000   100%  15.6  413s
H59398 17000                    1028560.3994    0.00000   100%  15.7  413s
 59480 17042 840298.711  114  183 1028560.40    0.00000   100%  15.8  415s
H59598 16230                    1009012.9305    0.00000   100%  16.0  416s
H59654 14627                    993205.81986    0.00000   100%  16.1  417s
H59777 14103                    952146.24509    0.00000   100%  16.1  418s
 59951 14244 20171.5461   86  236 952146.245    0.00000   100%  16.2  420s
H60048 13875                    943796.43666    0.00000   100%  16.4  421s
H60356 13123                    926236.27521    0.00000   100%  16.5  423s
H60469 13188                    925397.55902    0.00000   100%  16.7  424s
 60521 13221    0.00000   77  234 925397.559    0.00000   100%  16.7  425s
H60548 13201                    921284.68143    0.00000   100%  16.8  425s
H60575 13196                    918421.13150    0.00000   100%  16.8  426s
 60641 13241    0.00000   80  235 918421.131    0.00000   100%  16.9  430s
H60719 13317                    917959.35630    0.00000   100%  16.9  430s
H60772 13056                    902862.75096    0.00000   100%  17.0  432s
H60844 11416                    880119.76740    0.00000   100%  17.1  433s
 60947 11460 infeasible  103      880119.767    0.00000   100%  17.2  435s
H60957 11387                    873749.75432    0.00000   100%  17.3  435s
H61096 11453                    873746.76253    0.00000   100%  17.5  438s
H61148 11496                    872877.14710    0.00000   100%  17.5  438s
 61264 11536 319075.111   95  224 872877.147    0.00000   100%  17.6  440s
H61380 11588                    869852.07934    0.00000   100%  17.8  441s
H61546 11473                    855332.71109    0.00000   100%  18.0  443s
 61614 11513 36352.4294   76  229 855332.711    0.00000   100%  18.1  445s
H61687 11518                    854213.40060    0.00000   100%  18.2  446s
H61853 11578                    853727.22891    0.00000   100%  18.4  448s
H61966 11582                    852332.23812    0.00000   100%  18.6  450s
H62083 11594                    850838.13404    0.00000   100%  18.7  451s
H62150 11485                    845098.95036    0.00000   100%  18.8  453s
 62278 11527 737115.177  107  204 845098.950    0.00000   100%  19.0  455s
H62290 11526                    845068.40280    0.00000   100%  19.0  455s
H62350 11559                    845065.61444    0.00000   100%  19.1  456s
 62575 11705 681426.271  102  237 845065.614    0.00000   100%  19.4  460s
H62655 11705                    844609.01836    0.00000   100%  19.6  461s
H62681 11718                    844523.43755    0.00000   100%  19.6  462s
H62707 11722                    844523.36143    0.00000   100%  19.6  462s
 62826 11810    0.00000   71  244 844523.361    0.00000   100%  19.8  465s
H62866 11774                    842836.59553    0.00000   100%  19.8  465s
H62944 11715                    838510.72129    0.00000   100%  19.9  467s
 63033 11758 infeasible  111      838510.721    0.00000   100%  20.0  470s
H63200 11843                    837353.35079    0.00000   100%  20.3  473s
 63298 11909 510898.186   91  228 837353.351    0.00000   100%  20.4  475s
H63401 11947                    837138.00359    0.00000   100%  20.5  476s
H63514 12020                    837137.68759    0.00000   100%  20.7  479s
 63565 12043 366606.504   93  225 837137.688    0.00000   100%  20.8  480s
 63807 12163 594925.545  107  204 837137.688    0.00000   100%  21.3  485s
H63868 12085                    833471.10268    0.00000   100%  21.4  486s
H63888 12087                    833470.16544    0.00000   100%  21.4  487s
H64022 12125                    829659.18623    0.00000   100%  21.6  489s
 64048 12136 infeasible  105      829659.186    0.00000   100%  21.6  490s
H64217 12272                    829111.91501    0.00000   100%  21.7  492s
 64358 12349 489180.468  109  206 829111.915    0.00000   100%  21.8  495s
H64397 12366                    829058.34239    0.00000   100%  21.9  495s
H64424 12385                    829005.79421    0.00000   100%  21.9  496s
H64501 12418                    828993.46970    0.00000   100%  22.0  498s
 64612 12513 infeasible  159      828993.470    0.00000   100%  22.1  500s
H64616 12506                    828672.36629    0.00000   100%  22.1  500s
H64680 12548                    828569.58073    0.00000   100%  22.2  501s
H64832 12661                    828569.58065    0.00000   100%  22.3  504s
 64899 12698 409340.726   96  220 828569.581    0.00000   100%  22.4  505s
H64967 12735                    828285.33911    0.00000   100%  22.5  506s
H65092 12820                    827881.99048    0.00000   100%  22.6  509s
 65115 12845 431414.336  107  201 827881.990    0.00000   100%  22.6  510s
H65145 12842                    826035.29809    0.00000   100%  22.7  511s
H65254 12889                    825815.89580    0.00000   100%  22.9  513s
H65283 12908                    825787.35413    0.00000   100%  23.0  514s
 65307 12930 infeasible  117      825787.354    0.00000   100%  23.0  515s
H65336 12927                    825784.86549    0.00000   100%  23.1  515s
H65411 10692                    768230.60741    0.00000   100%  23.2  517s
 65535 10756 infeasible  118      768230.607    0.00000   100%  23.4  520s
H65707  9980                    715220.07906    0.00000   100%  23.7  523s
 65711  9984 559849.725  111  209 715220.079    0.00000   100%  23.7  527s
H65733  9983                    715215.30805    0.00000   100%  23.8  527s
H65759  6305                    696967.51213    0.00000   100%  23.8  528s
H65841  6328                    696150.32705    0.00000   100%  24.0  530s
H65999  6373                    696062.19260    0.00000   100%  24.3  533s
H66025  6335                    686331.50581    0.00000   100%  24.4  534s
H66051  6345                    686304.00426    0.00000   100%  24.4  534s
 66056  6344 infeasible  108      686304.004    0.00000   100%  24.4  535s
H66103  6359                    685755.82367    0.00000   100%  24.5  536s
H66155  6317                    675783.97891    0.00000   100%  24.6  537s
H66308  6142                    654111.91401    0.00000   100%  24.8  540s
H66404  6185                    654064.35614    0.00000   100%  25.0  542s
H66504  6211                    653918.68485    0.00000   100%  25.2  544s
H66533  6220                    653901.25497    0.00000   100%  25.3  544s
 66539  6220 infeasible  106      653901.255    0.00000   100%  25.3  545s
H66562  6235                    653887.24306    0.00000   100%  25.3  545s
H66588  6217                    647153.81417    0.00000   100%  25.4  546s
 66802  6325 473228.639  107  217 647153.814    0.00000   100%  25.7  550s
H66895  6367                    647116.94328    0.00000   100%  25.8  553s
 66958  6402 infeasible   93      647116.943    0.00000   100%  25.9  555s
H67128  6474                    640596.30818    0.00000   100%  26.2  559s
 67164  6506 infeasible   99      640596.308    0.00000   100%  26.2  560s
H67372  6666                    640592.36972    0.00000   100%  26.4  563s
 67418  6684 infeasible  103      640592.370    0.00000   100%  26.5  565s
H67554  6746                    639811.37745    0.00000   100%  26.7  568s
H67608  6773                    639360.92069    0.00000   100%  26.9  569s
 67616  6775 514841.645  103  229 639360.921    0.00000   100%  26.9  570s
 67862  6928 infeasible  101      639360.921    0.00000   100%  27.2  575s
 68066  7043 infeasible   96      639360.921    0.00000   100%  27.5  580s
 68271  7134     cutoff  101      639360.921    0.00000   100%  27.9  585s
 68475  7236 infeasible   98      639360.921    0.00000   100%  28.2  590s
H68623  7287                    638137.29080    0.00000   100%  28.4  593s
H68664  7300                    637927.18039    0.00000   100%  28.4  594s
 68681  7312 132442.683   82  267 637927.180    0.00000   100%  28.5  595s
H68908  7414                    637874.85788    0.00000   100%  28.7  600s
H69044  7470                    634201.15250    0.00000   100%  28.9  602s
 69120  7491 507456.341   98  228 634201.152    0.00000   100%  29.0  605s
H69149  7497                    633218.67540    0.00000   100%  29.1  606s
 69340  7642 403909.645  107  233 633218.675    0.00000   100%  29.3  610s
H69371  7634                    631589.74833    0.00000   100%  29.4  611s
H69475  7687                    631589.72837    0.00000   100%  29.6  613s
H69537  7705                    628224.96590    0.00000   100%  29.6  615s
 69706  7790 371461.215   91  240 628224.966    0.00000   100%  29.9  620s
H69754  7789                    628196.57218    0.00000   100%  30.0  621s
H69868  7872                    627983.40491    0.00000   100%  30.2  624s
 69913  7889 48069.6827   69  229 627983.405    0.00000   100%  30.3  625s
H70000  7939                    627730.28830    0.00000   100%  30.4  627s
 70080  7977 350371.324   75  256 627730.288    0.00000   100%  30.6  630s
H70104  7982                    627656.79487    0.00000   100%  30.6  631s
H70156  8005                    627656.76612    0.00000   100%  30.7  634s
 70157  8008 229088.167   73  259 627656.766    0.00000   100%  30.7  635s
H70208  8034                    627485.33105    0.00000   100%  30.8  637s
 70284  8068 307519.314   80  260 627485.331    0.00000   100%  31.0  640s
 70387  8123 350046.235   81  265 627485.331    0.00000   100%  31.2  645s
H70470  8139                    627419.56952    0.00000   100%  31.3  649s
 70501  8164 24627.8791   67  240 627419.570    0.00000   100%  31.4  650s
H70627  8238                    627368.81780    0.00000   100%  31.6  653s
H70679  8269                    625591.83995    0.00000   100%  31.6  654s
 70691  8277 infeasible   99      625591.840    0.00000   100%  31.6  655s
H70731  8299                    625395.06844    0.00000   100%  31.6  656s
 70870  8400 24134.5530   71  238 625395.068    0.00000   100%  31.8  660s
 71069  8522 553633.894  101  231 625395.068    0.00000   100%  32.0  665s
H71149  8528                    620013.05204    0.00000   100%  32.1  667s
H71175  8552                    619141.67153    0.00000   100%  32.1  668s
 71221  8558 infeasible   97      619141.672    0.00000   100%  32.3  670s
H71308  8607                    618926.18781    0.00000   100%  32.3  671s
 71453  8718 130907.383   63  262 618926.188    0.00000   100%  32.4  675s
 71549  8772 332289.995   74  256 618926.188    0.00000   100%  32.6  680s
H71615  8784                    618926.13878    0.00000   100%  32.7  683s
 71634  8793 239448.281   78  264 618926.139    0.00000   100%  32.7  685s
 71702  8833 455719.322   85  275 618926.139    0.00000   100%  32.8  690s
H71719  8827                    616812.68601    0.00000   100%  32.9  691s
H71746  8834                    616812.63811    0.00000   100%  32.9  693s
H71772  8842                    616806.66716    0.00000   100%  33.0  695s
H71824  8832                    615254.71412    0.00000   100%  33.1  698s
 71878  8852 253686.326   91  242 615254.714    0.00000   100%  33.2  700s
H71960  8859                    615252.05256    0.00000   100%  33.4  702s
 72045  8866 304557.000   72  260 615252.053    0.00000   100%  33.6  705s
H72102  8889                    615199.07587    0.00000   100%  33.7  708s
H72128  8883                    615057.40880    0.00000   100%  33.8  709s
 72129  8886 405117.314   82  265 615057.409    0.00000   100%  33.8  710s
H72261  8911                    612711.00805    0.00000   100%  34.0  715s
H72367  8949                    612298.69674    0.00000   100%  34.2  718s
 72453  9012 428505.658   95  246 612298.697    0.00000   100%  34.3  720s
H72471  8999                    611561.54041    0.00000   100%  34.3  721s
 72583  9059 364859.511   72  263 611561.540    0.00000   100%  34.5  725s
 72676  9085 infeasible   88      611561.540    0.00000   100%  34.7  730s
H72735  9088                    610084.42292    0.00000   100%  34.8  732s
 72802  9117 infeasible   82      610084.423    0.00000   100%  34.9  735s
H72899  9166                    610042.92056    0.00000   100%  35.1  738s
 72931  9174 364222.634   75  266 610042.921    0.00000   100%  35.1  740s
H72980  9189                    609105.77823    0.00000   100%  35.2  742s
 73053  9203 140828.239   68  270 609105.778    0.00000   100%  35.4  745s
H73062  9206                    608364.05155    0.00000   100%  35.4  745s
H73095  9212                    608295.99103    0.00000   100%  35.5  746s
H73114  9211                    608239.12196    0.00000   100%  35.5  747s
H73140  9221                    608238.58101    0.00000   100%  35.5  747s
 73231  9281 infeasible   97      608238.581    0.00000   100%  35.6  750s
H73247  9272                    607347.69535    0.00000   100%  35.7  750s
 73391  9315 infeasible   85      607347.695    0.00000   100%  35.9  755s
H73412  9318                    607347.68994    0.00000   100%  35.9  755s
H73490  9383                    607335.41663    0.00000   100%  36.0  757s
 73585  9451 518908.401   91  258 607335.417    0.00000   100%  36.1  760s
H73672  9490                    607318.28568    0.00000   100%  36.2  762s
 73763  9514 infeasible   93      607318.286    0.00000   100%  36.4  765s
H73854  9513                    605989.10921    0.00000   100%  36.6  769s
 73880  9514 462116.494   75  279 605989.109    0.00000   100%  36.7  770s
H73985  9522                    605874.43841    0.00000   100%  36.9  773s
H74011  9538                    604627.19568    0.00000   100%  36.9  774s
 74033  9552 379897.655   96  210 604627.196    0.00000   100%  37.0  775s
H74141  9613                    604047.58347    0.00000   100%  37.1  777s
 74244  9651 448193.799   99  209 604047.583    0.00000   100%  37.3  780s
H74249  9648                    604044.68602    0.00000   100%  37.3  780s
H74301  9662                    603942.79033    0.00000   100%  37.4  782s
 74391  9703 infeasible   97      603942.790    0.00000   100%  37.6  785s
H74437  9723                    603927.22893    0.00000   100%  37.7  786s
H74515  9763                    603911.75160    0.00000   100%  37.8  788s
 74541  9771 451006.522   93  216 603911.752    0.00000   100%  37.9  790s
H74569  9770                    603797.04819    0.00000   100%  37.9  790s
H74621  9786                    603753.20876    0.00000   100%  38.0  792s
H74647  9798                    603720.04839    0.00000   100%  38.0  793s
 74719  9855 409411.431   82  259 603720.048    0.00000   100%  38.1  795s
H74751  9873                    603666.98522    0.00000   100%  38.1  795s
H74829  9931                    603655.69709    0.00000   100%  38.2  797s
 74930  9995 infeasible  103      603655.697    0.00000   100%  38.3  800s
H74988 10013                    603645.38736    0.00000   100%  38.4  802s
H75014 10019                    603551.86168    0.00000   100%  38.4  803s
H75040 10026                    603551.81948    0.00000   100%  38.5  804s
 75063 10036    0.00000   53  228 603551.819    0.00000   100%  38.6  805s
H75066 10030                    602647.60102    0.00000   100%  38.6  805s
H75170 10110                    602646.27631    0.00000   100%  38.7  808s
H75196 10130                    601979.92459    0.00000   100%  38.7  809s
 75226 10143    0.00000   65  230 601979.925    0.00000   100%  38.7  810s
 75426 10216 infeasible   99      601979.925    0.00000   100%  39.1  815s
 75580 10227 infeasible   95      601979.925    0.00000   100%  39.4  820s
H75618 10227                    600648.83991    0.00000   100%  39.4  821s
 75761 10345 519399.041  164  190 600648.840    0.00000   100%  39.5  825s
H75805 10371                    600406.31721    0.00000   100%  39.5  825s
 75962 10479 548352.878  157  197 600406.317    0.00000   100%  39.6  830s
H75988 10484                    599928.98021    0.00000   100%  39.6  830s
H76014 10498                    599733.71168    0.00000   100%  39.6  831s
 76160 10599 infeasible   96      599733.712    0.00000   100%  39.7  835s
H76253 10660                    599732.72214    0.00000   100%  39.8  837s
H76331 10708                    599728.90187    0.00000   100%  39.8  839s
 76334 10710 infeasible  137      599728.902    0.00000   100%  39.8  840s
H76357 10723                    599671.60674    0.00000   100%  39.9  840s
H76643 10996                    599249.20290    0.00000   100%  39.8  845s
H76695 11048                    599247.21364    0.00000   100%  39.8  845s
H76827 11141                    599108.41443    0.00000   100%  39.8  848s
 76903 11166 533076.416  113  208 599108.414    0.00000   100%  39.9  850s
 77131 11364 525314.790  177  186 599108.414    0.00000   100%  40.0  855s
H77374 11524                    598994.44449    0.00000   100%  40.1  859s
 77403 11535 416160.987  103  212 598994.444    0.00000   100%  40.1  860s
 77613 11597 infeasible  111      598994.444    0.00000   100%  40.4  865s
 77809 11700 438263.045  119  204 598994.444    0.00000   100%  40.6  870s
H77842 11731                    598959.76614    0.00000   100%  40.6  870s
 78106 11966 429859.544  193  187 598959.766    0.00000   100%  40.6  875s
 78574 12429 501279.568  427  186 598959.766    0.00000   100%  40.5  880s
H78754 12607                    598959.22705    0.00000   100%  40.4  883s
 78865 12718 501111.526  573  185 598959.227    0.00000   100%  40.4  885s
 79322 13171 523006.856  801  178 598959.227    0.00000   100%  40.2  890s
H79646 13493                    598931.84744    0.00000   100%  40.1  894s
 79738 13587 523006.856 1009  178 598931.847    0.00000   100%  40.1  895s
 80096 13889 infeasible  112      598931.847    0.00000   100%  40.1  900s
H80243 13949                    598902.10613    0.00000   100%  40.3  904s
 80263 13953     cutoff  113      598902.106    0.00000   100%  40.3  905s
 80467 14016 441322.610  102  219 598902.106    0.00000   100%  40.6  910s
H80539 14053                    598844.84143    0.00000   100%  40.7  912s
 80667 14123    0.00000   84  231 598844.841    0.00000   100%  40.8  915s
H80681 14133                    598614.01705    0.00000   100%  40.8  915s
H80777 14184                    598596.27066    0.00000   100%  40.9  917s
H80816 14215                    597706.17397    0.00000   100%  40.9  918s
H80926 14244                    591716.86719    0.00000   100%  40.9  927s
H80958 14235                    590760.31073    0.00000   100%  41.0  928s
 81005 14268 503342.658  100  216 590760.311    0.00000   100%  41.1  930s
H81011 14262                    590460.81741    0.00000   100%  41.1  930s
H81142 14337                    590428.43064    0.00000   100%  41.2  934s
H81168 13388                    531981.27999    0.00000   100%  41.2  935s
H81220 13314                    530053.51062    0.00000   100%  41.3  936s
H81350 13405                    530053.46337    0.00000   100%  41.4  938s
 81403 13436 86345.1589   45  300 530053.463    0.00000   100%  41.4  940s
H81585 12426                    521659.81890    0.00000   100%  41.6  945s
H81611 12447                    521472.39737    0.00000   100%  41.6  946s
H81692 12483                    520128.97525    0.00000   100%  41.7  947s
H81692 12390                    514268.90422    0.00000   100%  41.7  947s
 81775 12417    0.00000   48  246 514268.904    0.00000   100%  41.8  950s
H81842 12467                    513684.17732    0.00000   100%  41.8  951s
H81974 12548                    513684.17682    0.00000   100%  41.9  953s
 82029 12583 451071.100   82  262 513684.177    0.00000   100%  42.0  955s
H82084 12602                    513446.09181    0.00000   100%  42.1  956s
 82220 12675 419170.457   84  238 513446.092    0.00000   100%  42.2  960s
H82439 12786                    512163.53977    0.00000   100%  42.4  963s
 82488 12821 151928.685   69  281 512163.540    0.00000   100%  42.4  965s
H82492 12823                    512137.36431    0.00000   100%  42.4  965s
H82544 12858                    511926.57369    0.00000   100%  42.4  966s
 82718 12942 446729.264   97  222 511926.574    0.00000   100%  42.7  970s
H82758 12885                    507935.36857    0.00000   100%  42.7  971s
H82847 12865                    505287.68861    0.00000   100%  42.9  974s
H82873 12862                    504348.20282    0.00000   100%  42.9  975s
 83103 12968 infeasible   88      504348.203    0.00000   100%  43.1  980s
H83113 12973                    504266.09728    0.00000   100%  43.2  980s
 83279 13052 infeasible  104      504266.097    0.00000   100%  43.4  985s
 83518 13169 359789.010   90  258 504266.097    0.00000   100%  43.6  990s
H83633 13201                    503787.24089    0.00000   100%  43.8  993s
 83698 13235 267374.664   88  247 503787.241    0.00000   100%  43.9  995s
H83714 13202                    503239.54026    0.00000   100%  43.9  995s
H83751 13199                    502899.85825    0.00000   100%  44.0  997s
H83808 13199                    502899.85820    0.00000   100%  44.1  998s
H83860 13246                    502728.14677    0.00000   100%  44.1  999s
 83895 13260 infeasible   93      502728.147    0.00000   100%  44.1 1000s
H83913 13227                    502011.24096    0.00000   100%  44.2 1000s
H84042 13225                    501926.84604    0.00000   100%  44.4 1004s
 84059 13244 32194.0692   76  226 501926.846    0.00000   100%  44.4 1005s
H84264 13380                    501926.84590    0.00000   100%  44.6 1008s
H84335 13408                    501607.28056    0.00000   100%  44.7 1010s
H84384 13413                    501555.85052    0.00000   100%  44.7 1012s
 84548 13480 infeasible   92      501555.851    0.00000   100%  44.9 1015s
 84740 13513 infeasible   92      501555.851    0.00000   100%  45.2 1020s
 84892 13606 infeasible   95      501555.851    0.00000   100%  45.3 1025s
H85004 13667                    501219.11230    0.00000   100%  45.4 1027s
H85039 13631                    500426.97836    0.00000   100%  45.5 1028s
 85123 13703 285142.098   83  255 500426.978    0.00000   100%  45.5 1030s
H85129 13621                    498952.20358    0.00000   100%  45.5 1030s
 85336 13722 100959.538   83  248 498952.204    0.00000   100%  45.7 1035s
 85529 13802 infeasible   97      498952.204    0.00000   100%  46.0 1040s
 85749 13873 243817.674   88  248 498952.204    0.00000   100%  46.3 1045s
 85916 13921 347565.268   90  215 498952.204    0.00000   100%  46.5 1050s
H85997 13717                    496047.01332    0.00000   100%  46.6 1069s
 86000 13718    0.00000   83  221 496047.013    0.00000   100%  46.7 1070s
 86163 13766 infeasible   99      496047.013    0.00000   100%  46.9 1075s
 86346 13812 infeasible   95      496047.013    0.00000   100%  47.2 1080s
 86496 13864 infeasible   92      496047.013    0.00000   100%  47.4 1085s
H86538 13758                    493639.75925    0.00000   100%  47.4 1086s
H86644 13790                    493542.88153    0.00000   100%  47.6 1088s
H86670 13788                    493503.07909    0.00000   100%  47.6 1089s
 86698 13792 337208.621   90  227 493503.079    0.00000   100%  47.6 1090s
 86860 13820 infeasible   91      493503.079    0.00000   100%  47.8 1095s
H86888 13819                    493497.37984    0.00000   100%  47.9 1096s
 87005 13835 infeasible   93      493497.380    0.00000   100%  48.1 1100s
H87098 13862                    493439.04659    0.00000   100%  48.2 1102s
H87124 13870                    493397.29779    0.00000   100%  48.2 1103s
H87150 13896                    493376.38325    0.00000   100%  48.2 1104s
 87153 13901    0.00000   71  261 493376.383    0.00000   100%  48.2 1105s
H87176 13922                    493364.23752    0.00000   100%  48.2 1105s
H87280 13947                    493223.10753    0.00000   100%  48.3 1108s
 87348 13988 296772.370   83  254 493223.108    0.00000   100%  48.4 1110s
 87527 14054    0.00000   55  236 493223.108    0.00000   100%  48.6 1115s
H87551 14073                    493100.34298    0.00000   100%  48.6 1115s
 87699 14156    0.00000   74  244 493100.343    0.00000   100%  48.8 1120s
H87813 14198                    493094.71949    0.00000   100%  48.9 1122s
 87905 14238 infeasible   88      493094.719    0.00000   100%  49.1 1125s
H88075 14353                    493022.25346    0.00000   100%  49.2 1128s
 88149 14371 infeasible   94      493022.253    0.00000   100%  49.3 1130s
H88180 14393                    492902.27402    0.00000   100%  49.3 1130s
H88206 14415                    492820.69671    0.00000   100%  49.3 1131s
H88232 14420                    492686.16947    0.00000   100%  49.3 1131s
H88286 14446                    492667.77857    0.00000   100%  49.4 1133s
H88338 14478                    492663.60835    0.00000   100%  49.4 1134s
 88370 14512 417583.642   90  216 492663.608    0.00000   100%  49.5 1135s
H88390 14474                    491438.68783    0.00000   100%  49.5 1136s
H88431 14491                    491422.14855    0.00000   100%  49.5 1137s
 88543 14539 342536.179   86  214 491422.149    0.00000   100%  49.7 1140s
H88548 14536                    491422.14077    0.00000   100%  49.7 1140s
H88574 14541                    491338.45379    0.00000   100%  49.7 1141s
H88602 14550                    491327.14278    0.00000   100%  49.8 1141s
H88734 14615                    491209.92419    0.00000   100%  49.9 1144s
 88762 14645 339194.051   95  218 491209.924    0.00000   100%  49.9 1145s
 88970 14728 296975.112   92  214 491209.924    0.00000   100%  50.1 1150s
H89022 14728                    490842.87921    0.00000   100%  50.2 1151s
H89049 14721                    490429.86015    0.00000   100%  50.2 1152s
 89130 14755 245853.121   85  227 490429.860    0.00000   100%  50.3 1155s
H89208 14783                    490418.74162    0.00000   100%  50.5 1157s
H89287 14824                    490367.63913    0.00000   100%  50.6 1159s
 89311 14826    0.00000   78  239 490367.639    0.00000   100%  50.6 1160s
 89474 14885 235175.237   87  227 490367.639    0.00000   100%  50.8 1165s
H89551 14928                    490364.33831    0.00000   100%  50.9 1166s
H89603 14957                    490329.04427    0.00000   100%  50.9 1167s
H89655 14978                    490280.73386    0.00000   100%  51.0 1168s
H89666 14975                    490276.50692    0.00000   100%  51.0 1169s
H89682 14981                    490098.40942    0.00000   100%  51.0 1169s
 89699 14994 66803.1962   85  217 490098.409    0.00000   100%  51.0 1170s
H89710 14996                    490098.40937    0.00000   100%  51.0 1170s
 89893 15066 96877.8203   86  223 490098.409    0.00000   100%  51.3 1175s
H89981 15106                    490086.09945    0.00000   100%  51.3 1177s
 90094 15149 309341.536   90  221 490086.099    0.00000   100%  51.5 1180s
H90230 15190                    490081.59044    0.00000   100%  51.7 1183s
H90283 15219                    489899.36265    0.00000   100%  51.7 1184s
 90285 15221 infeasible   97      489899.363    0.00000   100%  51.7 1185s
H90311 15225                    489899.13665    0.00000   100%  51.8 1185s
H90445 15263                    489504.78870    0.00000   100%  51.9 1189s
 90471 15261 97833.3087   86  245 489504.789    0.00000   100%  52.0 1190s
 90665 15345    0.00000   55  277 489504.789    0.00000   100%  52.2 1195s
H90715 15379                    489501.42120    0.00000   100%  52.2 1196s
 90884 15447 340740.061   72  279 489501.421    0.00000   100%  52.4 1200s
 91068 15493 257717.126   82  242 489501.421    0.00000   100%  52.7 1208s
 91106 15494 infeasible   72      489501.421    0.00000   100%  52.8 1210s
H91118 15480                    488890.70118    0.00000   100%  52.8 1210s
H91248 15555                    488890.66887    0.00000   100%  52.9 1214s
H91274 15538                    487276.24401    0.00000   100%  52.9 1214s
 91287 15549 infeasible   98      487276.244    0.00000   100%  52.9 1215s
H91382 15565                    487271.99111    0.00000   100%  53.1 1218s
H91408 15567                    487247.34337    0.00000   100%  53.2 1218s
 91460 15593 51734.7168   81  232 487247.343    0.00000   100%  53.2 1220s
H91512 15615                    487243.06428    0.00000   100%  53.3 1221s
H91539 15619                    487193.79775    0.00000   100%  53.3 1222s
H91621 15626                    487090.99154    0.00000   100%  53.4 1224s
H91621 15626                    487078.98229    0.00000   100%  53.4 1224s
 91648 15638 infeasible   94      487078.982    0.00000   100%  53.5 1225s
H91700 15649                    486892.81378    0.00000   100%  53.6 1226s
H91754 15670                    486889.80358    0.00000   100%  53.7 1228s
 91807 15702 403980.135   94  211 486889.804    0.00000   100%  53.7 1230s
H91833 15709                    486826.22038    0.00000   100%  53.7 1230s
H91859 15713                    486810.37098    0.00000   100%  53.8 1231s
H91911 15744                    486810.14109    0.00000   100%  53.8 1233s
H91964 15767                    486780.17925    0.00000   100%  53.9 1234s
 92006 15785 351791.071   99  208 486780.179    0.00000   100%  53.9 1235s
H92016 15785                    486780.17920    0.00000   100%  53.9 1235s
H92151 15808                    486755.51962    0.00000   100%  54.1 1238s
 92203 15825 407436.795  108  212 486755.520    0.00000   100%  54.1 1240s
H92204 15824                    486733.32915    0.00000   100%  54.1 1240s
H92256 15836                    486728.62146    0.00000   100%  54.2 1242s
 92439 15940 infeasible  103      486728.621    0.00000   100%  54.4 1245s
H92468 15963                    486725.42153    0.00000   100%  54.4 1245s
H92546 16001                    486659.28800    0.00000   100%  54.4 1247s
H92678 16083                    486449.89690    0.00000   100%  54.5 1249s
 92730 16106 366909.019   86  256 486449.897    0.00000   100%  54.6 1250s
H92809 16144                    486174.85783    0.00000   100%  54.7 1251s
H92835 16147                    486156.93083    0.00000   100%  54.7 1251s
H92863 16169                    485831.63364    0.00000   100%  54.7 1252s
H92965 16230                    485827.82332    0.00000   100%  54.8 1253s
H93021 16260                    485813.35594    0.00000   100%  54.8 1254s
 93048 16273 405934.070   99  220 485813.356    0.00000   100%  54.9 1255s
H93126 16310                    485707.57087    0.00000   100%  54.9 1256s
H93183 16306                    484162.96352    0.00000   100%  55.0 1256s
H93263 16329                    483617.32392    0.00000   100%  55.0 1258s
H93290 16352                    483614.59584    0.00000   100%  55.1 1258s
 93374 16387 318145.236   86  215 483614.596    0.00000   100%  55.1 1260s
H93481 16441                    483613.69052    0.00000   100%  55.3 1261s
 93722 16549 34196.4130   82  261 483613.691    0.00000   100%  55.4 1265s
H93824 16610                    483580.53332    0.00000   100%  55.5 1266s
H93841 16617                    483577.84781    0.00000   100%  55.5 1267s
 93981 16684 102853.881   90  236 483577.848    0.00000   100%  55.6 1270s
H94033 16681                    483478.19952    0.00000   100%  55.7 1271s
H94085 16696                    483371.58078    0.00000   100%  55.8 1272s
H94137 16727                    483371.58073    0.00000   100%  55.8 1273s
H94163 16752                    483247.48218    0.00000   100%  55.8 1273s
 94198 16787 155221.682   87  239 483247.482    0.00000   100%  55.8 1275s
H94227 16801                    483235.61467    0.00000   100%  55.8 1275s
H94321 16837                    481999.12216    0.00000   100%  55.8 1277s
H94347 16846                    481948.73661    0.00000   100%  55.9 1277s
H94373 16861                    481890.06377    0.00000   100%  55.9 1278s
 94458 16902 infeasible   86      481890.064    0.00000   100%  56.0 1280s
H94646 16979                    481851.57853    0.00000   100%  56.1 1283s
 94714 17010 271730.860   65  295 481851.579    0.00000   100%  56.2 1285s
H94777 17044                    481766.97225    0.00000   100%  56.3 1286s
H94803 17057                    481745.44481    0.00000   100%  56.3 1286s
H94881 17107                    481678.72362    0.00000   100%  56.4 1288s
 95024 17185 infeasible   75      481678.724    0.00000   100%  56.5 1290s
H95096 17211                    481639.86660    0.00000   100%  56.5 1291s
H95174 17239                    481452.57687    0.00000   100%  56.6 1293s
H95226 17228                    479454.87371    0.00000   100%  56.7 1294s
 95262 17252 infeasible   90      479454.874    0.00000   100%  56.7 1295s
 95484 17299 infeasible   76      479454.874    0.00000   100%  57.0 1300s
H95489 17296                    479448.99414    0.00000   100%  57.0 1300s
H95689 17381                    479420.09794    0.00000   100%  57.2 1304s
H95769 17446                    479418.31196    0.00000   100%  57.2 1305s
H95850 17505                    479415.50711    0.00000   100%  57.2 1306s
H95993 17587                    479266.69616    0.00000   100%  57.3 1308s
H96047 17606                    479265.50895    0.00000   100%  57.4 1309s
 96081 17630 111662.410   76  234 479265.509    0.00000   100%  57.4 1310s
H96099 17635                    479185.49188    0.00000   100%  57.4 1310s
H96139 17654                    478906.24795    0.00000   100%  57.4 1321s
H96194 17663                    478764.07942    0.00000   100%  57.5 1323s
 96238 17674 270385.861   72  252 478764.079    0.00000   100%  57.6 1325s
 96425 17703 infeasible   90      478764.079    0.00000   100%  57.8 1330s
H96624 17721                    478685.52470    0.00000   100%  58.0 1334s
 96637 17724 infeasible   86      478685.525    0.00000   100%  58.1 1335s
H96780 17795                    478614.01306    0.00000   100%  58.2 1337s
H96834 17805                    478559.47699    0.00000   100%  58.2 1338s
H96861 17810                    478559.47694    0.00000   100%  58.3 1339s
 96890 17807 335881.646   81  270 478559.477    0.00000   100%  58.3 1340s
H96943 17839                    478544.04871    0.00000   100%  58.3 1340s
H97024 17866                    478540.07514    0.00000   100%  58.4 1342s
H97077 17869                    478531.33581    0.00000   100%  58.5 1344s
 97103 17870 414186.457   71  305 478531.336    0.00000   100%  58.5 1345s
H97213 17899                    478504.90094    0.00000   100%  58.7 1347s
H97292 17958                    478450.19517    0.00000   100%  58.7 1348s
 97386 18012 infeasible   87      478450.195    0.00000   100%  58.7 1350s
H97475 18083                    478318.18537    0.00000   100%  58.7 1351s
 97605 18167 321355.904   59  289 478318.185    0.00000   100%  58.9 1355s
H97632 18172                    478308.84233    0.00000   100%  58.9 1356s
 97876 18345 172204.729   70  246 478308.842    0.00000   100%  59.0 1360s
H98031 18432                    478294.64449    0.00000   100%  59.1 1362s
H98123 18472                    478287.37532    0.00000   100%  59.1 1364s
 98165 18503 111330.856   80  264 478287.375    0.00000   100%  59.2 1365s
H98293 18575                    477991.24918    0.00000   100%  59.2 1367s
 98453 18638 292939.726   50  278 477991.249    0.00000   100%  59.4 1370s
H98479 18644                    477987.83524    0.00000   100%  59.4 1370s
H98611 18689                    477958.56872    0.00000   100%  59.5 1373s
 98670 18715 376925.324   69  275 477958.569    0.00000   100%  59.6 1375s
H98747 18744                    477893.58801    0.00000   100%  59.6 1376s
 98930 18790 238077.395   73  292 477893.588    0.00000   100%  59.8 1380s
H98935 18785                    477821.65880    0.00000   100%  59.8 1380s
H98961 18790                    477821.46556    0.00000   100%  59.9 1380s
H99093 18823                    477801.89884    0.00000   100%  60.0 1383s
 99178 18866 203446.571   71  258 477801.899    0.00000   100%  60.1 1385s
H99433 19007                    477799.61536    0.00000   100%  60.3 1389s
 99459 19014 284228.687   75  248 477799.615    0.00000   100%  60.3 1390s
H99591 19067                    477794.01957    0.00000   100%  60.4 1392s
H99671 19102                    477754.98236    0.00000   100%  60.5 1394s
H99697 19113                    477754.53103    0.00000   100%  60.5 1395s
H99880 19230                    477750.00945    0.00000   100%  60.5 1398s
 99978 19293 322058.361   87  240 477750.009    0.00000   100%  60.6 1400s
H100011 19297                    477734.58518    0.00000   100%  60.6 1401s
H100064 19319                    477729.26792    0.00000   100%  60.7 1401s
H100116 19345                    477686.15165    0.00000   100%  60.7 1402s
H100169 19368                    477642.19019    0.00000   100%  60.7 1403s
 100246 19400 109843.798   56  274 477642.190    0.00000   100%  60.8 1405s
H100354 19468                    477512.43494    0.00000   100%  60.8 1407s
H100381 19475                    477512.28252    0.00000   100%  60.9 1407s
H100407 19501                    477499.30890    0.00000   100%  60.9 1408s
H100461 19522                    477326.26130    0.00000   100%  60.9 1409s
H100515 19554                    477307.76185    0.00000   100%  61.0 1409s
 100553 19594    0.00000   85  234 477307.762    0.00000   100%  61.0 1410s
H100593 19632                    477290.58061    0.00000   100%  60.9 1411s
H100619 19637                    477289.96611    0.00000   100%  61.0 1411s
 100744 19678 404382.884  125  210 477289.966    0.00000   100%  61.0 1415s
 101015 19808 184543.598  120  201 477289.966    0.00000   100%  61.2 1420s
H101063 19850                    477288.61536    0.00000   100%  61.1 1421s
H101115 19902                    477282.76401    0.00000   100%  61.1 1422s
 101193 19982 409507.468  295  199 477282.764    0.00000   100%  61.1 1425s
H101210 19996                    477257.75476    0.00000   100%  61.1 1426s
 101314 20102 409718.185  416  198 477257.755    0.00000   100%  61.0 1430s
H101349 20133                    477123.96938    0.00000   100%  61.0 1431s
H101375 20150                    477080.72340    0.00000   100%  61.0 1432s
 101452 20161 117563.517  118  199 477080.723    0.00000   100%  61.0 1435s
H101455 20162                    477080.72335    0.00000   100%  61.0 1435s
H101533 20230                    476991.09478    0.00000   100%  61.0 1437s
H101641 20270                    476988.57072    0.00000   100%  61.0 1440s
H101669 20292                    476695.24615    0.00000   100%  61.0 1440s
H101719 20341                    476639.14597    0.00000   100%  61.0 1440s
H102005 20624                    476582.34886    0.00000   100%  60.8 1444s
 102057 20678 389675.023  540  177 476582.349    0.00000   100%  60.8 1445s
H102319 20900                    476577.62699    0.00000   100%  60.7 1447s
 102450 20955 294166.422  134  197 476577.627    0.00000   100%  60.8 1450s
 102755 21101 360286.730  117  204 476577.627    0.00000   100%  60.9 1455s
H102903 21137                    476459.03059    0.00000   100%  61.0 1457s
H103006 21156                    476392.82962    0.00000   100%  61.1 1458s
 103180 21257     cutoff  193      476392.830    0.00000   100%  61.1 1460s
H103333 21323                    476388.83430    0.00000   100%  61.1 1461s
 103548 21402 infeasible  125      476388.834    0.00000   100%  61.2 1465s
H103971 21658                    476323.97505    0.00000   100%  61.3 1469s
 103980 21659 infeasible  113      476323.975    0.00000   100%  61.3 1470s
H104024 21689                    476323.85993    0.00000   100%  61.4 1470s
 104493 21866 409917.564  125  203 476323.860    0.00000   100%  61.5 1475s
H104622 21891                    476296.30526    0.00000   100%  61.5 1477s
H104664 21897                    476229.90193    0.00000   100%  61.6 1477s
 104847 21971 infeasible  137      476229.902    0.00000   100%  61.6 1480s
H104964 22014                    476227.57348    0.00000   100%  61.7 1481s
H105056 22030                    476164.54467    0.00000   100%  61.7 1482s
 105211 22053 283407.564  120  189 476164.545    0.00000   100%  61.8 1485s
H105235 22059                    476124.88751    0.00000   100%  61.8 1485s
H105273 22069                    476059.76196    0.00000   100%  61.9 1486s
H105607 22306                    476038.97926    0.00000   100%  61.8 1489s
 105672 22317 441060.437  222  187 476038.979    0.00000   100%  61.9 1490s
H105886 22331                    476030.51321    0.00000   100%  62.0 1493s
 106014 22343 infeasible  261      476030.513    0.00000   100%  62.1 1495s
H106156 22343                    475990.51565    0.00000   100%  62.3 1497s
H106266 22355                    475989.39828    0.00000   100%  62.3 1499s
 106281 22360 452662.488  290  190 475989.398    0.00000   100%  62.3 1500s
 106647 22380 infeasible  331      475989.398    0.00000   100%  62.6 1505s
 106939 22416 infeasible  373      475989.398    0.00000   100%  62.8 1510s
 107409 22642 infeasible  118      475989.398    0.00000   100%  62.9 1515s
H107521 22710                    475952.65787    0.00000   100%  62.9 1516s
 107871 22844    0.00000   60  267 475952.658    0.00000   100%  63.0 1520s
 108168 22993 infeasible   95      475952.658    0.00000   100%  63.2 1525s
 108515 23154 327963.667   92  239 475952.658    0.00000   100%  63.4 1530s
 108841 23278 354770.495   95  230 475952.658    0.00000   100%  63.7 1535s
 109112 23334 infeasible   97      475952.658    0.00000   100%  63.9 1540s
H109283 23391                    475770.42691    0.00000   100%  64.1 1543s
 109367 23412 438803.838   97  227 475770.427    0.00000   100%  64.1 1545s
H109605 23494                    475768.15301    0.00000   100%  64.4 1549s
 109614 23493    0.00000   89  234 475768.153    0.00000   100%  64.4 1550s
H109684 23505                    475715.29767    0.00000   100%  64.4 1551s
H109736 23518                    475669.33013    0.00000   100%  64.5 1552s
 109878 23546 infeasible   99      475669.330    0.00000   100%  64.7 1555s
 110170 23614 infeasible   96      475669.330    0.00000   100%  65.0 1560s
H110263 23642                    475654.50841    0.00000   100%  65.1 1561s
 110459 23698 164148.239   92  223 475654.508    0.00000   100%  65.3 1565s
H110496 23701                    475652.41077    0.00000   100%  65.3 1565s
H110553 23729                    475650.42467    0.00000   100%  65.3 1567s
H110630 23735                    475592.44154    0.00000   100%  65.5 1569s
 110694 23746 infeasible   94      475592.442    0.00000   100%  65.5 1570s
H110789 23784                    475591.97221    0.00000   100%  65.6 1571s
H110816 23798                    475588.71610    0.00000   100%  65.6 1572s
H110933 23837                    475588.67972    0.00000   100%  65.8 1574s
 110961 23838 266289.622   88  246 475588.680    0.00000   100%  65.8 1575s
H111165 23928                    475585.99141    0.00000   100%  65.9 1578s
 111212 23941 infeasible   89      475585.991    0.00000   100%  66.0 1580s
H111354 24001                    475563.08433    0.00000   100%  66.1 1590s
H111379 24014                    475525.28674    0.00000   100%  66.1 1590s
H111405 24030                    475525.28669    0.00000   100%  66.1 1591s
 111603 24082 infeasible   88      475525.287    0.00000   100%  66.3 1595s
H111879 24205                    475485.27177    0.00000   100%  66.5 1598s
 111969 24227    0.00000   71  236 475485.272    0.00000   100%  66.6 1600s
 112283 24355 infeasible   85      475485.272    0.00000   100%  66.8 1605s
 112592 24455 198660.863   73  271 475485.272    0.00000   100%  67.0 1610s
 112915 24614 130533.572   94  218 475485.272    0.00000   100%  67.2 1615s
H113090 24689                    475453.48787    0.00000   100%  67.3 1617s
H113142 24715                    475453.48783    0.00000   100%  67.3 1618s
H113194 24752                    475306.27634    0.00000   100%  67.3 1618s
 113327 24826 362885.762   92  223 475306.276    0.00000   100%  67.4 1620s
 113610 24945 421995.129   92  247 475306.276    0.00000   100%  67.6 1625s
H113754 25000                    475288.24157    0.00000   100%  67.6 1627s
H113780 25006                    475279.00580    0.00000   100%  67.7 1627s
 113942 25094     cutoff   95      475279.006    0.00000   100%  67.8 1630s
H114070 25124                    475258.44145    0.00000   100%  67.9 1632s
H114122 25140                    475239.68333    0.00000   100%  67.9 1633s
 114226 25165 383375.829   93  219 475239.683    0.00000   100%  68.0 1635s
H114361 25211                    475239.09690    0.00000   100%  68.1 1637s
 114506 25236 infeasible   93      475239.097    0.00000   100%  68.3 1640s
H114633 25269                    475218.61337    0.00000   100%  68.3 1641s
 114836 25350 456235.287   92  232 475218.613    0.00000   100%  68.4 1645s
 115186 25533 172972.411   73  243 475218.613    0.00000   100%  68.6 1650s
 115548 25649    0.00000   86  235 475218.613    0.00000   100%  68.8 1655s
H115601 25677                    475203.65014    0.00000   100%  68.9 1656s
H115628 25673                    474848.40748    0.00000   100%  68.9 1656s
H115735 25690                    474793.46720    0.00000   100%  69.0 1658s
H115762 25690                    474793.44039    0.00000   100%  69.0 1658s
 115819 25704 infeasible   98      474793.440    0.00000   100%  69.0 1660s
 116139 25752 63361.5995   70  274 474793.440    0.00000   100%  69.2 1665s
H116352 25827                    474786.51439    0.00000   100%  69.3 1668s
 116425 25844 278490.262   98  228 474786.514    0.00000   100%  69.4 1671s
H116487 25849                    474780.41393    0.00000   100%  69.4 1672s
H116565 25887                    474777.52857    0.00000   100%  69.5 1674s
 116604 25913 26707.0592   67  239 474777.529    0.00000   100%  69.5 1675s
H116881 26028                    474735.82480    0.00000   100%  69.6 1678s
 116968 26043 282024.982   98  222 474735.825    0.00000   100%  69.6 1680s
 117270 26093 159636.391   92  224 474735.825    0.00000   100%  69.8 1685s
 117602 26179 infeasible   94      474735.825    0.00000   100%  70.1 1690s
H117665 26187                    474733.05918    0.00000   100%  70.1 1691s
 117918 26262 infeasible   91      474733.059    0.00000   100%  70.3 1695s
H117989 26286                    474675.68750    0.00000   100%  70.3 1696s
H118140 26330                    474671.59821    0.00000   100%  70.4 1699s
 118195 26347 304292.357   99  211 474671.598    0.00000   100%  70.4 1700s
H118505 26410                    474558.61623    0.00000   100%  70.6 1704s
 118540 26424 infeasible   94      474558.616    0.00000   100%  70.6 1705s
H118648 26461                    474558.61618    0.00000   100%  70.7 1707s
 118829 26541 376598.430   92  226 474558.616    0.00000   100%  70.8 1710s
H118944 26592                    474557.03531    0.00000   100%  70.9 1712s
H119011 26657                    474540.57293    0.00000   100%  70.9 1713s
 119142 26735 infeasible   95      474540.573    0.00000   100%  71.0 1715s
 119370 26797 397623.826  104  216 474540.573    0.00000   100%  71.2 1720s
 119543 26832 infeasible   97      474540.573    0.00000   100%  71.3 1725s
 119745 26892     cutoff   91      474540.573    0.00000   100%  71.5 1730s
 119994 27006 59858.0301   81  235 474540.573    0.00000   100%  71.6 1735s
H120187 27050                    474537.80556    0.00000   100%  71.8 1740s
H120395 27213                    474504.78335    0.00000   100%  71.9 1743s
H120436 27238                    474468.75908    0.00000   100%  71.9 1744s
 120482 27258 infeasible   88      474468.759    0.00000   100%  71.9 1745s
 120875 27467 47987.3292   70  226 474468.759    0.00000   100%  72.1 1750s
H121094 27586                    474466.94159    0.00000   100%  72.2 1753s
 121216 27661 406553.059  109  213 474466.942    0.00000   100%  72.3 1755s
 121496 27800    0.00000   85  220 474466.942    0.00000   100%  72.5 1762s
 121632 27863 308767.823   97  218 474466.942    0.00000   100%  72.5 1765s
H121721 27890                    474415.02399    0.00000   100%  72.6 1766s
H121810 27935                    474407.15599    0.00000   100%  72.7 1768s
H121865 27945                    474407.15472    0.00000   100%  72.7 1769s
 121914 27968 121382.119   92  221 474407.155    0.00000   100%  72.8 1770s
 122091 27932 infeasible   69      474407.155    0.00000   100%  73.1 1775s
H122145 27946                    474401.89938    0.00000   100%  73.1 1776s
H122275 27981                    474399.74113    0.00000   100%  73.2 1778s
 122342 28015 infeasible  100      474399.741    0.00000   100%  73.3 1780s
 122623 28154    0.00000   76  231 474399.741    0.00000   100%  73.5 1785s
H122760 28208                    474375.91483    0.00000   100%  73.6 1787s
 122895 28263 261858.161   91  230 474375.915    0.00000   100%  73.7 1790s
H123089 28295                    474315.66192    0.00000   100%  73.9 1794s
 123143 28321 289474.250   94  214 474315.662    0.00000   100%  73.9 1795s
H123228 28349                    474314.47645    0.00000   100%  74.0 1796s
H123427 28423                    474264.54027    0.00000   100%  74.1 1799s
 123443 28431 infeasible   95      474264.540    0.00000   100%  74.2 1800s
H123662 28525                    474260.91056    0.00000   100%  74.3 1803s
 123739 28532 infeasible   91      474260.911    0.00000   100%  74.4 1805s
H123761 28547                    474235.25499    0.00000   100%  74.4 1805s
 124016 28647    0.00000   64  243 474235.255    0.00000   100%  74.6 1810s
 124290 28728 infeasible   83      474235.255    0.00000   100%  74.8 1815s
 124546 28810 343724.538  100  230 474235.255    0.00000   100%  75.0 1820s
 124847 28949 342776.732   84  230 474235.255    0.00000   100%  75.2 1825s
 125165 29091 infeasible   84      474235.255    0.00000   100%  75.4 1830s
 125523 29314 325629.072   75  226 474235.255    0.00000   100%  75.5 1835s
 125866 29459 341684.204   75  235 474235.255    0.00000   100%  75.7 1840s
 126157 29593 infeasible   88      474235.255    0.00000   100%  75.9 1845s
 126433 29701 392856.425  104  220 474235.255    0.00000   100%  76.1 1850s
 126671 29844 414726.377   91  221 474235.255    0.00000   100%  76.2 1855s
 126976 29919 370547.426   83  252 474235.255    0.00000   100%  76.4 1860s
 127302 30060 infeasible   97      474235.255    0.00000   100%  76.6 1865s
 127621 30178 infeasible   75      474235.255    0.00000   100%  76.8 1870s
 127893 30289 348432.061  102  228 474235.255    0.00000   100%  77.0 1875s
 128220 30413 107120.329   93  229 474235.255    0.00000   100%  77.1 1880s
 128555 30515 277315.853   99  212 474235.255    0.00000   100%  77.3 1885s
 128831 30663 250648.120   88  227 474235.255    0.00000   100%  77.4 1890s
 129113 30765     cutoff   84      474235.255    0.00000   100%  77.6 1895s
 129448 30956 307935.736   84  235 474235.255    0.00000   100%  77.7 1900s
 129750 31080 389274.403   84  250 474235.255    0.00000   100%  77.9 1905s
 130061 31194 infeasible   93      474235.255    0.00000   100%  78.1 1910s
 130346 31290 infeasible   96      474235.255    0.00000   100%  78.3 1915s
 130670 31391 infeasible   92      474235.255    0.00000   100%  78.4 1920s
 130971 31501 393777.691  115  206 474235.255    0.00000   100%  78.5 1925s
 131245 31612    0.00000   72  220 474235.255    0.00000   100%  78.7 1930s
 131628 31874 227624.050  152  195 474235.255    0.00000   100%  78.7 1935s
 131658 31900 infeasible  167      474235.255    0.00000   100%  78.7 1940s
 132021 32154 404801.883  349  183 474235.255    0.00000   100%  78.6 1945s
 132473 32380 405382.417  575  183 474235.255    0.00000   100%  78.4 1950s
 133111 32688 406172.754  894  182 474235.255    0.00000   100%  78.2 1955s
 133662 32939     cutoff  115      474235.255    0.00000   100%  78.1 1960s
 134028 33151     cutoff  105      474235.255    0.00000   100%  78.1 1965s
H134089 33186                    474232.77988    0.00000   100%  78.1 1966s
 134257 33257 370888.126   92  223 474232.780    0.00000   100%  78.3 1970s
 134559 33406 169753.447   99  198 474232.780    0.00000   100%  78.4 1975s
 135106 33953 288787.624  493  196 474232.780    0.00000   100%  78.1 1980s
 135513 34360 257602.535  774  193 474232.780    0.00000   100%  77.9 1985s
 135981 34828 259452.513 1142  195 474232.780    0.00000   100%  77.7 1990s
 136550 35397 265732.514 1566  189 474232.780    0.00000   100%  77.4 1995s
 136711 35558 263235.380 1683  190 474232.780    0.00000   100%  77.3 2000s
 137150 35881 391533.937  146  195 474232.780    0.00000   100%  77.2 2005s
 137732 36397     cutoff  118      474232.780    0.00000   100%  76.9 2010s
 138270 36822 367680.041  212  189 474232.780    0.00000   100%  76.8 2015s
 138826 37156 infeasible  113      474232.780    0.00000   100%  76.7 2020s
 139490 37793 316361.872  542  173 474232.780    0.00000   100%  76.4 2025s
 140206 38489 325223.556  989  160 474232.780    0.00000   100%  76.1 2030s
 140857 38917 infeasible  126      474232.780    0.00000   100%  76.0 2035s
 141333 39219 273733.867  146  196 474232.780    0.00000   100%  76.0 2040s
 141780 39654 314598.843  365  182 474232.780    0.00000   100%  75.7 2046s
 142226 39957 191638.633  191  189 474232.780    0.00000   100%  75.7 2050s
 142788 40224 263868.676  156  192 474232.780    0.00000   100%  75.7 2055s
 143367 40606     cutoff  113      474232.780    0.00000   100%  75.7 2060s
 144247 41228 278821.023  416  177 474232.780    0.00000   100%  75.4 2065s
 145213 42194 282056.410 1207  174 474232.780    0.00000   100%  75.0 2070s
 146086 43067 313429.792 1781  168 474232.780    0.00000   100%  74.6 2075s
 146535 43516 314300.219 2132  170 474232.780    0.00000   100%  74.4 2080s
 146666 43647 314567.703 2240  170 474232.780    0.00000   100%  74.3 2085s
 146832 43813 317337.195 2362  169 474232.780    0.00000   100%  74.2 2090s
 147168 44042 169847.236  106  202 474232.780    0.00000   100%  74.2 2095s
 147806 44364 139825.871  145  203 474232.780    0.00000   100%  74.2 2100s
 148531 44965 infeasible  340      474232.780    0.00000   100%  74.0 2105s
 149043 45285 296679.658  172  182 474232.780    0.00000   100%  74.0 2110s
H149392 45578                    474204.26995    0.00000   100%  73.9 2112s
H149418 45587                    473938.70011    0.00000   100%  73.9 2112s
H149538 45649                    473926.54532    0.00000   100%  73.9 2114s
 149613 45650 infeasible  456      473926.545    0.00000   100%  73.9 2115s
H149732 45647                    473921.28921    0.00000   100%  73.9 2116s
H149836 45689                    473920.50627    0.00000   100%  74.0 2118s
 150066 45883 429748.194  102  213 473920.506    0.00000   100%  73.9 2120s
H150373 46025                    473847.87546    0.00000   100%  74.0 2124s
 150389 46041     cutoff  123      473847.875    0.00000   100%  74.0 2125s
H150401 46037                    473847.79752    0.00000   100%  74.0 2125s
 150726 46139 416562.968  123  199 473847.798    0.00000   100%  74.1 2130s
 151232 46419 206202.861  105  207 473847.798    0.00000   100%  74.1 2135s
 151713 46700 270583.496  106  200 473847.798    0.00000   100%  74.2 2140s
H151716 46688                    473542.05323    0.00000   100%  74.2 2140s
H151768 46700                    473514.30333    0.00000   100%  74.2 2141s
 152003 46798 401937.689  157  196 473514.303    0.00000   100%  74.2 2145s
 152725 47405 281454.718  461  192 473514.303    0.00000   100%  74.1 2150s
H152745 47423                    473514.22700    0.00000   100%  74.1 2150s
H153114 47738                    473504.54581    0.00000   100%  74.0 2152s
 153532 48071 infeasible  166      473504.546    0.00000   100%  73.9 2155s
H154214 48648                    473391.74180    0.00000   100%  73.7 2159s
 154331 48767 390582.014  714  181 473391.742    0.00000   100%  73.6 2160s
 154856 49096 255931.208   95  205 473391.742    0.00000   100%  73.7 2165s
 155225 49370 314500.843  151  203 473391.742    0.00000   100%  73.6 2170s
 155694 49678 infeasible  109      473391.742    0.00000   100%  73.6 2175s
H155981 49783                    473391.54195    0.00000   100%  73.8 2179s
 156008 49792 368589.068   98  215 473391.542    0.00000   100%  73.8 2180s
 156396 49957    0.00000   99  212 473391.542    0.00000   100%  74.0 2185s
H156529 50015                    473391.27665    0.00000   100%  74.0 2186s
 156779 50157 250259.906  125  193 473391.277    0.00000   100%  74.0 2190s
H156780 50155                    473370.63751    0.00000   100%  74.0 2190s
H156995 50251                    473356.14998    0.00000   100%  74.0 2203s
 157047 50273 332998.075  104  200 473356.150    0.00000   100%  74.0 2205s
 157236 50327 162654.811  108  191 473356.150    0.00000   100%  74.0 2210s
 157743 50830 386775.430  564  180 473356.150    0.00000   100%  73.8 2215s
H158115 51200                    473341.08211    0.00000   100%  73.7 2217s
 158673 51760 402720.660 1486  179 473341.082    0.00000   100%  73.4 2220s
H158797 51792                    473340.44164    0.00000   100%  73.5 2223s
 158953 51864 356658.887  104  201 473340.442    0.00000   100%  73.5 2225s
H159008 51870                    473297.55039    0.00000   100%  73.5 2226s
H159060 51889                    473297.55034    0.00000   100%  73.5 2227s
 159195 51967 infeasible   99      473297.550    0.00000   100%  73.6 2230s
 159502 52094 infeasible  104      473297.550    0.00000   100%  73.7 2235s
 159793 52211 306707.719  107  200 473297.550    0.00000   100%  73.7 2240s
 160048 52265 202254.242  103  203 473297.550    0.00000   100%  73.9 2245s
H160061 52260                    473251.91238    0.00000   100%  73.9 2245s
 160286 52355 infeasible  107      473251.912    0.00000   100%  73.9 2250s
 160506 52382 infeasible  107      473251.912    0.00000   100%  74.1 2255s
 160783 52456 infeasible   98      473251.912    0.00000   100%  74.2 2260s
H160863 52511                    473247.63848    0.00000   100%  74.2 2261s
 160989 52533 infeasible   95      473247.638    0.00000   100%  74.3 2265s
 161255 52664 infeasible  105      473247.638    0.00000   100%  74.3 2270s
 161512 52768 403191.046  101  245 473247.638    0.00000   100%  74.4 2275s
H161707 52807                    473236.22311    0.00000   100%  74.5 2279s
H161734 52816                    473228.91993    0.00000   100%  74.5 2279s
 161771 52837     cutoff  103      473228.920    0.00000   100%  74.6 2280s
 162041 52952 64176.2848   84  206 473228.920    0.00000   100%  74.6 2285s
 162103 52990     cutoff  108      473228.920    0.00000   100%  74.7 2290s
H162225 53042                    473130.32361    0.00000   100%  74.7 2292s
 162364 53105 infeasible   95      473130.324    0.00000   100%  74.7 2295s
 162587 53166 infeasible   98      473130.324    0.00000   100%  74.8 2300s
 162850 53248 infeasible  111      473130.324    0.00000   100%  74.9 2305s
 163175 53346 197707.309   94  227 473130.324    0.00000   100%  75.0 2310s
 163463 53428 infeasible  103      473130.324    0.00000   100%  75.1 2315s
 163765 53542 infeasible  108      473130.324    0.00000   100%  75.2 2320s
 163983 53618    0.00000   82  217 473130.324    0.00000   100%  75.2 2325s
 164214 53720 381632.419  103  224 473130.324    0.00000   100%  75.3 2330s
 164381 53764 infeasible   94      473130.324    0.00000   100%  75.4 2335s
 164600 53825    0.00000   93  214 473130.324    0.00000   100%  75.5 2340s
H164715 53870                    473118.30877    0.00000   100%  75.5 2344s
 164774 53909     cutoff  108      473118.309    0.00000   100%  75.5 2345s
 165054 54105 382399.534  163  199 473118.309    0.00000   100%  75.5 2350s
 165273 54142 190226.131   97  205 473118.309    0.00000   100%  75.6 2355s
H165470 54218                    473115.47448    0.00000   100%  75.7 2360s
H165677 54285                    473078.64944    0.00000   100%  75.7 2364s
 165680 54290 102889.701  104  202 473078.649    0.00000   100%  75.7 2365s
 165870 54327 144950.453   91  227 473078.649    0.00000   100%  75.8 2370s
 166123 54419 128412.804  103  193 473078.649    0.00000   100%  75.9 2375s
H166166 54458                    473073.04884    0.00000   100%  75.9 2375s
 166342 54523 387308.743  112  203 473073.049    0.00000   100%  75.9 2380s
H166511 54638                    472992.87013    0.00000   100%  75.9 2383s
 166594 54659 infeasible  110      472992.870    0.00000   100%  76.0 2385s
H166614 54663                    472964.88595    0.00000   100%  76.0 2385s
H166695 54720                    472922.02342    0.00000   100%  76.0 2387s
H166739 54763                    472906.88554    0.00000   100%  76.0 2387s
 166869 54888 325503.234  271  190 472906.886    0.00000   100%  75.9 2390s
 167135 55001 253910.297  117  194 472906.886    0.00000   100%  76.0 2395s
H167137 55000                    472892.97148    0.00000   100%  76.0 2400s
H167298 55061                    472778.16104    0.00000   100%  76.0 2403s
H167350 55085                    472737.10740    0.00000   100%  76.0 2405s
 167586 55209 444525.037  112  208 472737.107    0.00000   100%  76.0 2410s
 167793 55270 359750.851  105  219 472737.107    0.00000   100%  76.1 2415s
H167942 55308                    472727.00199    0.00000   100%  76.2 2417s
 168059 55359    0.00000   92  215 472727.002    0.00000   100%  76.2 2420s
H168254 55418                    472620.24873    0.00000   100%  76.3 2424s
 168278 55430 181353.523  106  196 472620.249    0.00000   100%  76.3 2425s
H168428 55465                    472610.18146    0.00000   100%  76.3 2428s
 168493 55468 14246.9519  100  208 472610.181    0.00000   100%  76.4 2430s
 168708 55567 infeasible  140      472610.181    0.00000   100%  76.4 2435s
H168841 55597                    472401.45194    0.00000   100%  76.4 2437s
 168926 55626 242393.100   97  228 472401.452    0.00000   100%  76.4 2440s
H168951 55629                    472387.56735    0.00000   100%  76.4 2441s
 169125 55707 infeasible  109      472387.567    0.00000   100%  76.5 2445s
 169330 55776 417876.140   99  222 472387.567    0.00000   100%  76.5 2450s
H169357 55779                    472385.71606    0.00000   100%  76.5 2451s
 169483 55803 287556.457  109  201 472385.716    0.00000   100%  76.6 2455s
 169674 55747 infeasible   82      472385.716    0.00000   100%  76.7 2460s
 169802 55626 infeasible   84      472385.716    0.00000   100%  76.8 2465s
 169910 55544 infeasible   86      472385.716    0.00000   100%  76.9 2470s
H169971 55493                    472378.29936    0.00000   100%  77.0 2472s
 170034 55439 infeasible   77      472378.299    0.00000   100%  77.1 2475s
 170130 55362 infeasible   81      472378.299    0.00000   100%  77.2 2480s
 170181 55339 infeasible   90      472378.299    0.00000   100%  77.3 2485s
H170198 55318                    472290.85413    0.00000   100%  77.3 2486s
 170282 55282 357923.793   74  263 472290.854    0.00000   100%  77.4 2490s
 170385 55244 438076.506   57  312 472290.854    0.00000   100%  77.5 2495s
H170520 55257                    472283.98034    0.00000   100%  77.6 2500s
 170721 55307 infeasible   89      472283.980    0.00000   100%  77.7 2505s
H170764 55324                    472281.17793    0.00000   100%  77.7 2506s
 170895 55364 170947.942   87  217 472281.178    0.00000   100%  77.7 2510s
H170921 55378                    472227.38237    0.00000   100%  77.7 2511s
H170947 55400                    472227.34656    0.00000   100%  77.7 2512s
 171041 55415 150475.873   83  238 472227.347    0.00000   100%  77.8 2515s
H171130 55419                    472197.65592    0.00000   100%  77.8 2517s
 171232 55451 244554.520   86  208 472197.656    0.00000   100%  77.9 2520s
 171403 55474 232713.935   89  212 472197.656    0.00000   100%  77.9 2525s
 171630 55550 infeasible   94      472197.656    0.00000   100%  78.0 2530s
 171820 55609    0.00000   82  208 472197.656    0.00000   100%  78.1 2535s
H171872 55613                    472191.58095    0.00000   100%  78.2 2536s
H171924 55632                    472188.41038    0.00000   100%  78.2 2537s
H171952 55639                    472188.03884    0.00000   100%  78.2 2538s
H172005 55661                    472186.46003    0.00000   100%  78.2 2540s
 172195 55715     cutoff   93      472186.460    0.00000   100%  78.3 2545s
 172320 55745 291246.360   90  198 472186.460    0.00000   100%  78.4 2550s
 172463 55765 214564.281   82  245 472186.460    0.00000   100%  78.5 2555s
 172559 55721 infeasible   83      472186.460    0.00000   100%  78.6 2560s
H172621 55733                    472132.23805    0.00000   100%  78.6 2563s
 172657 55751 160232.888   89  245 472132.238    0.00000   100%  78.6 2565s
H172676 55754                    472132.09274    0.00000   100%  78.6 2566s
H172728 55782                    472106.09724    0.00000   100%  78.7 2567s
H172754 55794                    472105.08176    0.00000   100%  78.7 2569s
H172780 55802                    472100.32872    0.00000   100%  78.7 2570s
 172910 55861    0.00000  104  205 472100.329    0.00000   100%  78.7 2575s
H173040 55985                    472099.16307    0.00000   100%  78.7 2578s
H173170 56099                    472052.83377    0.00000   100%  78.6 2580s
H173196 56117                    472052.32310    0.00000   100%  78.6 2580s
H173247 56136                    472029.37049    0.00000   100%  78.6 2582s
H173248 56134                    471985.83545    0.00000   100%  78.6 2582s
H173274 56136                    471963.99571    0.00000   100%  78.6 2584s
 173301 56141 407566.986  284  174 471963.996    0.00000   100%  78.6 2590s
 173561 56375 223847.755  250  180 471963.996    0.00000   100%  78.6 2595s
H173665 56477                    471937.59782    0.00000   100%  78.5 2597s
H173815 56626                    471904.59039    0.00000   100%  78.4 2600s
 174138 56951 311468.218  681  174 471904.590    0.00000   100%  78.3 2605s
H174189 57000                    471903.23769    0.00000   100%  78.3 2605s
H174221 57032                    471894.91307    0.00000   100%  78.3 2606s
H174516 57327                    471892.50700    0.00000   100%  78.1 2609s
 174597 57410 322472.374 1129  173 471892.507    0.00000   100%  78.1 2610s
 175002 57815 377020.597 1460  172 471892.507    0.00000   100%  77.9 2615s
H175057 57868                    471883.03228    0.00000   100%  77.9 2615s
H175246 58057                    471882.27920    0.00000   100%  77.8 2619s
 175272 58085 382226.368 1730  173 471882.279    0.00000   100%  77.8 2620s
 175542 58349 393754.579 1992  173 471882.279    0.00000   100%  77.7 2625s
 175934 58638 357222.314  124  201 471882.279    0.00000   100%  77.6 2630s
H176177 58708                    471786.57423    0.00000   100%  77.7 2634s
 176191 58712 infeasible  209      471786.574    0.00000   100%  77.7 2635s
 176462 58773 infeasible  325      471786.574    0.00000   100%  77.8 2640s
 176671 58838 52992.3795  117  212 471786.574    0.00000   100%  77.8 2645s
 177029 59063 200364.314  149  184 471786.574    0.00000   100%  77.8 2650s
H177082 59114                    471775.99273    0.00000   100%  77.8 2650s
 177279 59313 208479.306  325  185 471775.993    0.00000   100%  77.7 2655s
 178000 60034 243141.726 1012  187 471775.993    0.00000   100%  77.4 2660s
 178663 60588 272395.686  123  195 471775.993    0.00000   100%  77.3 2665s
 179066 60858 301815.448  252  178 471775.993    0.00000   100%  77.3 2670s
H179436 61181                    471764.47895    0.00000   100%  77.2 2673s
 179551 61264 262404.947  186  181 471764.479    0.00000   100%  77.2 2675s
 179904 61529 318035.119  150  185 471764.479    0.00000   100%  77.1 2680s
H180245 61693                    471740.49509    0.00000   100%  77.0 2683s
 180343 61720 230884.823  115  211 471740.495    0.00000   100%  77.1 2685s
 180474 61719 339073.630   81  273 471740.495    0.00000   100%  77.1 2690s
 180627 61828 57668.0421   58  294 471740.495    0.00000   100%  77.1 2695s
 180771 61923    0.00000   78  247 471740.495    0.00000   100%  77.2 2700s
 180945 62056 182009.375   84  235 471740.495    0.00000   100%  77.2 2705s
H181096 62140                    471740.06915    0.00000   100%  77.2 2709s
 181103 62148 298329.143   84  242 471740.069    0.00000   100%  77.2 2710s
H181202 62204                    471710.34180    0.00000   100%  77.3 2713s
 181284 62255 452163.465   89  264 471710.342    0.00000   100%  77.3 2715s
H181371 62310                    471710.30061    0.00000   100%  77.3 2717s
 181511 62412 290685.801   86  243 471710.301    0.00000   100%  77.3 2720s
 181805 62621    0.00000   84  215 471710.301    0.00000   100%  77.4 2725s
 182062 62792 94518.0009   80  241 471710.301    0.00000   100%  77.4 2730s
 182329 62975 56201.8538   60  242 471710.301    0.00000   100%  77.5 2735s
 182350 62996 342389.142   81  228 471710.301    0.00000   100%  77.5 2740s
H182408 63025                    471709.79454    0.00000   100%  77.5 2742s
 182529 63095 infeasible   96      471709.795    0.00000   100%  77.5 2745s
H182789 63268                    471706.98917    0.00000   100%  77.6 2749s
 182806 63287 54236.9452   70  262 471706.989    0.00000   100%  77.6 2750s
 183093 63452 371289.239   83  287 471706.989    0.00000   100%  77.7 2755s
H183116 63462                    471697.26678    0.00000   100%  77.7 2755s
H183229 63543                    471621.00087    0.00000   100%  77.7 2758s
 183354 63635 infeasible   93      471621.001    0.00000   100%  77.7 2760s
 183625 63814 54615.9998   76  244 471621.001    0.00000   100%  77.8 2765s
 183885 64002    0.00000   65  241 471621.001    0.00000   100%  77.8 2770s
 184138 64185 infeasible  104      471621.001    0.00000   100%  77.9 2775s
H184235 64212                    471620.87354    0.00000   100%  77.9 2777s
 184393 64310    0.00000   81  248 471620.874    0.00000   100%  77.9 2780s
 184647 64482 298456.062   94  236 471620.874    0.00000   100%  78.0 2785s
 184885 64633 54122.6737   62  247 471620.874    0.00000   100%  78.0 2790s
H185003 64699                    471616.40412    0.00000   100%  78.1 2792s
 185111 64777    0.00000   70  232 471616.404    0.00000   100%  78.1 2795s
 185320 64894 infeasible   95      471616.404    0.00000   100%  78.1 2800s
H185388 64924                    471613.86839    0.00000   100%  78.2 2801s
 185563 65026 infeasible  108      471613.868    0.00000   100%  78.2 2805s
 185769 65134    0.00000   52  223 471613.868    0.00000   100%  78.3 2810s
 186059 65315 260619.917   87  239 471613.868    0.00000   100%  78.3 2815s
 186286 65462 463687.947   96  247 471613.868    0.00000   100%  78.4 2820s
 186474 65539 384707.658   96  238 471613.868    0.00000   100%  78.5 2825s
 186667 65656    0.00000   74  228 471613.868    0.00000   100%  78.6 2830s
 186870 65751    0.00000   54  231 471613.868    0.00000   100%  78.6 2835s
 187118 65914 211099.267   89  215 471613.868    0.00000   100%  78.7 2840s
 187340 66074 infeasible  103      471613.868    0.00000   100%  78.7 2845s
H187421 66111                    471579.85457    0.00000   100%  78.8 2861s
H187432 66113                    471547.28602    0.00000   100%  78.8 2861s
 187566 66171    0.00000   99  240 471547.286    0.00000   100%  78.8 2865s
 187801 66345 60760.4200  100  235 471547.286    0.00000   100%  78.9 2870s
 188030 66462 infeasible  104      471547.286    0.00000   100%  79.0 2875s
 188247 66563 199788.824   80  225 471547.286    0.00000   100%  79.0 2880s
H188249 66563                    471526.59493    0.00000   100%  79.0 2880s
 188458 66660 infeasible  116      471526.595    0.00000   100%  79.1 2885s
H188594 66715                    471525.44605    0.00000   100%  79.2 2888s
 188661 66769 58460.5520   82  240 471525.446    0.00000   100%  79.2 2890s
 188912 66917 205795.961   89  222 471525.446    0.00000   100%  79.3 2895s
 189154 67062 189717.767   97  228 471525.446    0.00000   100%  79.4 2900s
 189466 67251    0.00000   81  241 471525.446    0.00000   100%  79.5 2905s
 189784 67424 infeasible   91      471525.446    0.00000   100%  79.5 2910s
 190117 67645    0.00000   64  245 471525.446    0.00000   100%  79.6 2915s
 190419 67844    0.00000   71  247 471525.446    0.00000   100%  79.6 2920s
 190712 68031 115029.204   90  213 471525.446    0.00000   100%  79.7 2925s
H190901 68125                    471520.97663    0.00000   100%  79.8 2929s
 190910 68124 infeasible   95      471520.977    0.00000   100%  79.8 2930s
 191142 68275 infeasible  102      471520.977    0.00000   100%  79.8 2935s
 191406 68407     cutoff  101      471520.977    0.00000   100%  79.9 2940s
 191630 68510 329531.344  107  223 471520.977    0.00000   100%  80.0 2945s
 191820 68587 68591.9513   77  226 471520.977    0.00000   100%  80.0 2950s
 192037 68705 157149.261   92  246 471520.977    0.00000   100%  80.1 2955s
 192279 68833    0.00000   80  262 471520.977    0.00000   100%  80.2 2960s
 192458 68923 105846.376   96  213 471520.977    0.00000   100%  80.2 2965s
 192492 68953 311532.888   99  208 471520.977    0.00000   100%  80.2 2970s
 192704 69028 206636.096   83  251 471520.977    0.00000   100%  80.3 2975s
 192892 69105 infeasible  103      471520.977    0.00000   100%  80.4 2980s
 193104 69202    0.00000   66  225 471520.977    0.00000   100%  80.4 2985s
 193344 69357     cutoff  102      471520.977    0.00000   100%  80.5 2990s
 193539 69431 262720.647  107  214 471520.977    0.00000   100%  80.5 2995s
H193671 69500                    471519.88235    0.00000   100%  80.5 2998s
 193708 69514 366597.181   79  238 471519.882    0.00000   100%  80.6 3000s
 193927 69665 infeasible   94      471519.882    0.00000   100%  80.6 3005s
 194115 69781 309571.995  110  223 471519.882    0.00000   100%  80.7 3010s
 194283 69871 32625.3010   99  227 471519.882    0.00000   100%  80.7 3015s
 194477 69965 442195.412  109  215 471519.882    0.00000   100%  80.8 3020s
H194604 70007                    471519.20133    0.00000   100%  80.9 3024s
 194660 70031 infeasible  119      471519.201    0.00000   100%  80.9 3025s
H194839 70073                    471519.14150    0.00000   100%  80.9 3029s
 194877 70113 251383.675  128  197 471519.141    0.00000   100%  80.9 3030s
H194966 70139                    471516.53186    0.00000   100%  80.9 3032s
 195061 70161    0.00000   89  212 471516.532    0.00000   100%  81.0 3035s
 195223 70240 248654.561  109  201 471516.532    0.00000   100%  81.0 3040s
 195418 70291 1280.66627  101  213 471516.532    0.00000   100%  81.1 3045s
 195635 70408 257186.906  169  217 471516.532    0.00000   100%  81.1 3050s
H195759 70506                    471515.06545    0.00000   100%  81.1 3053s
 195847 70536 73633.5574  104  205 471515.065    0.00000   100%  81.1 3055s
 196133 70692 187599.644  110  190 471515.065    0.00000   100%  81.2 3060s
 196572 71051 261394.094  114  188 471515.065    0.00000   100%  81.1 3065s
 196759 71130 219350.316  108  203 471515.065    0.00000   100%  81.1 3070s
H196824 71142                    471503.09121    0.00000   100%  81.1 3072s
 196934 71190 infeasible  121      471503.091    0.00000   100%  81.2 3075s
 197125 71226 188071.571  102  215 471503.091    0.00000   100%  81.2 3080s
 197306 71296 infeasible   73      471503.091    0.00000   100%  81.3 3085s
H197390 71335                    471490.67631    0.00000   100%  81.3 3087s
 197501 71408 83974.2387   87  235 471490.676    0.00000   100%  81.4 3090s
 197581 71457 413451.871   89  232 471490.676    0.00000   100%  81.4 3095s
 197764 71552 400591.123   97  225 471490.676    0.00000   100%  81.5 3100s
H197926 71665                    471486.20688    0.00000   100%  81.5 3104s
 197975 71702 79823.1754   78  241 471486.207    0.00000   100%  81.5 3105s
H197980 71702                    471437.36692    0.00000   100%  81.5 3105s
 198173 71824    0.00000   83  232 471437.367    0.00000   100%  81.5 3110s
 198378 71908 76415.3455   83  232 471437.367    0.00000   100%  81.6 3115s
 198572 71993 infeasible   98      471437.367    0.00000   100%  81.7 3120s
H198748 72052                    471437.15753    0.00000   100%  81.7 3125s
 198936 72154    0.00000   79  280 471437.158    0.00000   100%  81.8 3130s
H199141 72307                    471433.43311    0.00000   100%  81.8 3134s
 199144 72308 infeasible   81      471433.433    0.00000   100%  81.8 3135s
 199333 72355 infeasible  113      471433.433    0.00000   100%  81.9 3140s
 199487 72437    0.00000   57  252 471433.433    0.00000   100%  81.9 3145s
 199668 72518 infeasible   95      471433.433    0.00000   100%  81.9 3150s
 199774 72563 235561.353   86  237 471433.433    0.00000   100%  82.0 3155s
H199855 72587                    471431.15229    0.00000   100%  82.0 3158s
 199887 72598 212868.425   86  245 471431.152    0.00000   100%  82.0 3160s
 199993 72635 318686.544   97  240 471431.152    0.00000   100%  82.0 3165s
 200083 72679 424191.534   80  292 471431.152    0.00000   100%  82.1 3170s
 200204 72701    0.00000   92  246 471431.152    0.00000   100%  82.1 3175s
H200306 72731                    471429.72585    0.00000   100%  82.2 3178s
 200375 72760 458616.683  100  249 471429.726    0.00000   100%  82.2 3180s
H200566 72895                    471427.51654    0.00000   100%  82.2 3184s
 200570 72898 403006.058   87  262 471427.517    0.00000   100%  82.2 3185s
 200755 72979 infeasible   87      471427.517    0.00000   100%  82.3 3190s
 200904 73076 90317.1166   93  245 471427.517    0.00000   100%  82.3 3195s
H201037 73135                    471423.68294    0.00000   100%  82.3 3199s
 201071 73157    0.00000   65  248 471423.683    0.00000   100%  82.3 3200s
H201119 73181                    471413.08454    0.00000   100%  82.3 3201s
 201258 73283 421446.616   81  233 471413.085    0.00000   100%  82.3 3205s
 201473 73430 31713.4102   96  266 471413.085    0.00000   100%  82.4 3210s
 201623 73518    0.00000   58  254 471413.085    0.00000   100%  82.4 3215s
 201807 73621 infeasible   84      471413.085    0.00000   100%  82.4 3220s
 201958 73661 338387.585   98  223 471413.085    0.00000   100%  82.5 3225s
 202098 73712 204729.006   81  247 471413.085    0.00000   100%  82.5 3230s
 202226 73746 infeasible   74      471413.085    0.00000   100%  82.6 3235s
 202381 73835 10813.8204   63  264 471413.085    0.00000   100%  82.6 3240s
 202555 73907 159647.326   81  239 471413.085    0.00000   100%  82.6 3245s
 202634 73953 102821.470   74  257 471413.085    0.00000   100%  82.6 3267s
 202674 73973 259796.248   90  240 471413.085    0.00000   100%  82.6 3270s
H202771 73991                    471401.23906    0.00000   100%  82.7 3273s
 202810 74015 21799.2973   66  259 471401.239    0.00000   100%  82.7 3275s
 202919 74064 414637.205  100  247 471401.239    0.00000   100%  82.7 3280s
 203068 74115 107085.222   91  267 471401.239    0.00000   100%  82.8 3285s
 203214 74183 281480.987   82  247 471401.239    0.00000   100%  82.8 3290s
 203319 74241 166442.627   74  255 471401.239    0.00000   100%  82.8 3295s
 203454 74333 infeasible   91      471401.239    0.00000   100%  82.8 3300s
 203572 74399 infeasible   63      471401.239    0.00000   100%  82.9 3305s
 203771 74509 31629.1091   68  261 471401.239    0.00000   100%  82.9 3310s
 203969 74639 393321.732   83  260 471401.239    0.00000   100%  82.9 3315s
 204203 74794 19410.0939   67  262 471401.239    0.00000   100%  82.9 3320s
 204433 74943 infeasible   89      471401.239    0.00000   100%  82.9 3325s
 204623 75033    0.00000   73  241 471401.239    0.00000   100%  83.0 3330s
 204771 75094 49058.7038   82  248 471401.239    0.00000   100%  83.0 3335s
 204904 75105 infeasible   85      471401.239    0.00000   100%  83.1 3340s
 205039 75180 infeasible   94      471401.239    0.00000   100%  83.1 3345s
 205213 75272 391853.247   86  237 471401.239    0.00000   100%  83.2 3350s
 205370 75331 328197.693   69  297 471401.239    0.00000   100%  83.2 3355s
H205475 75372                    471397.59334    0.00000   100%  83.3 3358s
 205522 75385 53146.3072   85  283 471397.593    0.00000   100%  83.3 3360s
 205640 75440    0.00000   88  243 471397.593    0.00000   100%  83.3 3365s
 205802 75539 170238.570   67  247 471397.593    0.00000   100%  83.3 3370s
H205895 75589                    471395.99833    0.00000   100%  83.4 3372s
 205950 75628 186014.500   84  245 471395.998    0.00000   100%  83.4 3375s
 206086 75675    0.00000   66  251 471395.998    0.00000   100%  83.4 3380s
 206226 75751 14221.1378   61  259 471395.998    0.00000   100%  83.4 3385s
 206429 75891 298637.565   99  248 471395.998    0.00000   100%  83.4 3390s
 206656 76018 infeasible   98      471395.998    0.00000   100%  83.5 3395s
 206808 76100    0.00000   84  224 471395.998    0.00000   100%  83.5 3400s
 207004 76206 62606.5463   55  288 471395.998    0.00000   100%  83.5 3405s
 207171 76265 405263.290   67  296 471395.998    0.00000   100%  83.6 3410s
 207331 76309 461092.525   98  235 471395.998    0.00000   100%  83.6 3415s
 207449 76351 261401.213   77  241 471395.998    0.00000   100%  83.7 3420s
H207503 76376                    471394.79815    0.00000   100%  83.7 3422s
 207545 76389 421543.957   85  273 471394.798    0.00000   100%  83.7 3425s
 207676 76452    0.00000   84  240 471394.798    0.00000   100%  83.8 3430s
 207710 76458    0.00000   62  251 471394.798    0.00000   100%  83.8 3439s
 207714 76462    0.00000   66  238 471394.798    0.00000   100%  83.8 3440s
 207874 76540 117540.523   65  235 471394.798    0.00000   100%  83.8 3445s
 208055 76618 95551.9112   92  261 471394.798    0.00000   100%  83.8 3450s
H208224 76675                    471391.35424    0.00000   100%  83.9 3455s
 208329 76744 infeasible   97      471391.354    0.00000   100%  83.9 3460s
 208505 76836 462072.285   82  277 471391.354    0.00000   100%  83.9 3465s
 208661 76935 18600.3242   86  246 471391.354    0.00000   100%  84.0 3470s
 208853 77020 infeasible   88      471391.354    0.00000   100%  84.0 3475s
 209079 77168    0.00000   86  239 471391.354    0.00000   100%  84.0 3480s
H209218 77230                    471360.99874    0.00000   100%  84.1 3484s
 209238 77232    0.00000   94  238 471360.999    0.00000   100%  84.1 3485s
 209370 77302 253711.206   78  249 471360.999    0.00000   100%  84.1 3490s
 209484 77379     cutoff   90      471360.999    0.00000   100%  84.1 3495s
 209597 77432 391512.800   92  244 471360.999    0.00000   100%  84.1 3500s
 209763 77499 41613.5622   66  256 471360.999    0.00000   100%  84.2 3505s
 209880 77564 infeasible   68      471360.999    0.00000   100%  84.2 3510s
 210040 77653 283869.869   83  258 471360.999    0.00000   100%  84.2 3515s
 210196 77708    0.00000   80  239 471360.999    0.00000   100%  84.3 3520s
 210331 77768 120393.769   85  258 471360.999    0.00000   100%  84.3 3525s
 210491 77846     cutoff   97      471360.999    0.00000   100%  84.3 3530s
 210674 77909 437694.476   83  284 471360.999    0.00000   100%  84.4 3535s
 210792 77929 270826.169   89  228 471360.999    0.00000   100%  84.4 3540s
 210905 77951 196691.976   76  252 471360.999    0.00000   100%  84.5 3545s
 211032 78000 infeasible   88      471360.999    0.00000   100%  84.5 3550s
 211182 78045 304912.491   97  247 471360.999    0.00000   100%  84.6 3555s
 211338 78087 283242.620   93  249 471360.999    0.00000   100%  84.6 3560s
 211473 78131     cutoff   92      471360.999    0.00000   100%  84.7 3565s
 211585 78178 356641.045   91  235 471360.999    0.00000   100%  84.7 3570s
 211710 78237    0.00000   85  237 471360.999    0.00000   100%  84.7 3575s
 211878 78316 429815.514   94  249 471360.999    0.00000   100%  84.8 3580s
 212081 78437    0.00000   64  245 471360.999    0.00000   100%  84.8 3585s
 212221 78520    0.00000   62  235 471360.999    0.00000   100%  84.8 3590s
H212266 78543                    471355.53584    0.00000   100%  84.8 3591s
 212344 78591    0.00000   59  257 471355.536    0.00000   100%  84.8 3595s

Cutting planes:
  Gomory: 3
  Implied bound: 21
  MIR: 88
  Flow cover: 46
  RLT: 6
  Relax-and-lift: 2

Explored 212506 nodes (18030535 simplex iterations) in 3600.11 seconds (1199.53 work units)
Thread count was 1 (of 24 available processors)

Solution count 10: 471356 471361 471391 ... 471428

Time limit reached
Best objective 4.713555358390e+05, best bound 0.000000000000e+00, gap 100.0000%
