
Gurobi 11.0.3 (linux64, Java) logging started qui 18 dez 2025 18:09:37 -03

Set parameter WLSAccessID
Set parameter WLSSecret
Set parameter LicenseID to value 2566693
Academic license 2566693 - for non-commercial use only - registered to ja___@ufv.br
Set parameter NonConvex to value 2
Set parameter TimeLimit to value 3600
Set parameter LogToConsole to value 0
Set parameter MIPGap to value 4.7478399160473358e-08
Set parameter Threads to value 1
Set parameter NodefileDir to value "/home/ps12398/gp-momulap/goalProgrammingMarcos/"
Set parameter NodefileStart to value 0.1
Gurobi Optimizer version 11.0.3 build v11.0.3rc0 (linux64)

CPU model: Intel(R) Xeon(R) CPU           X5650  @ 2.67GHz, instruction set [SSE2]
Thread count: 12 physical cores, 24 logical processors, using up to 1 threads

Academic license 2566693 - for non-commercial use only - registered to ja___@ufv.br
Optimize a model with 62101 rows, 41913 columns and 208058 nonzeros
Model fingerprint: 0x8b78d7a6
Model has 149 quadratic constraints
Variable types: 20886 continuous, 21027 integer (144 binary)
Coefficient statistics:
  Matrix range     [7e-03, 6e+06]
  QMatrix range    [7e-03, 1e+05]
  QLMatrix range   [1e+00, 1e+05]
  Objective range  [1e+00, 4e+07]
  Bounds range     [1e+00, 1e+08]
  RHS range        [1e+00, 3e+06]
  QRHS range       [5e-02, 5e-02]
Presolve removed 61160 rows and 40894 columns
Presolve time: 0.13s
Presolved: 2243 rows, 1411 columns, 69462 nonzeros
Presolved model has 2 SOS constraint(s)
Presolved model has 144 bilinear constraint(s)

Solving non-convex MIQCP

Variable types: 561 continuous, 850 integer (146 binary)
Found heuristic solution: objective 1.401542e+07

Root relaxation: objective 0.000000e+00, 490 iterations, 0.02 seconds (0.01 work units)

    Nodes    |    Current Node    |     Objective Bounds      |     Work
 Expl Unexpl |  Obj  Depth IntInf | Incumbent    BestBd   Gap | It/Node Time

     0     0    0.00000    0  180 1.4015e+07    0.00000   100%     -    0s
     0     0    0.00000    0  341 1.4015e+07    0.00000   100%     -    0s
     0     0    0.00000    0  293 1.4015e+07    0.00000   100%     -    1s
     0     0    0.00000    0  298 1.4015e+07    0.00000   100%     -    1s
     0     0    0.00000    0  282 1.4015e+07    0.00000   100%     -    1s
     0     0    0.00000    0  261 1.4015e+07    0.00000   100%     -    2s
H    0     0                    1.015611e+07    0.00000   100%     -    2s
     0     2    0.00000    0  222 1.0156e+07    0.00000   100%     -    2s
H   26    26                    8594630.2659    0.00000   100%  45.5    2s
H   27    27                    8547190.9412    0.00000   100%  49.7    3s
H   52    52                    8040470.6707    0.00000   100%  79.3    3s
H   78    78                    7597303.6489    0.00000   100%  85.5    3s
H  104   104                    7583894.4895    0.00000   100%  88.4    4s
H  106   106                    6981719.3073    0.00000   100%  86.9    4s
   118   120    0.00000   83  213 6981719.31    0.00000   100%  88.1    5s
H  130   130                    6679419.9784    0.00000   100%  88.3    5s
H  540   540                    4946848.0817    0.00000   100%  42.8    7s
H  567   567                    4277484.3018    0.00000   100%  40.9    8s
H  621   621                    4101914.5143    0.00000   100%  37.8    9s
H  700   700                    4096983.2844    0.00000   100%  34.0    9s
   820   822 2606343.65  713  144 4096983.28    0.00000   100%  29.7   10s
H  994   994                    3978432.0341    0.00000   100%  25.3   10s
H 1557  1557                    3953424.5986    0.00000   100%  17.4   12s
H 1747  1747                    3808098.6551    0.00000   100%  15.7   13s
H 1748  1748                    3808082.3186    0.00000   100%  15.7   13s
  2260  2262 3447438.84 2141  168 3808082.32    0.00000   100%  12.5   15s
  2443  2421 3421426.28 1546  175 3808082.32    0.00000   100%  12.2   20s
H 2450  2304                    3656829.3288    0.00000   100%  16.3   23s
  2464  2315    0.00000   17  224 3656829.33    0.00000   100%  16.7   25s
  2492  2334    0.00000   31  223 3656829.33    0.00000   100%  17.4   30s
H 2502  2223                    3567288.8877    0.00000   100%  17.5   31s
  2515  2233    0.00000   43  247 3567288.89    0.00000   100%  17.8   35s
  2540  2250    0.00000   55  228 3567288.89    0.00000   100%  18.6   40s
  2564  2266    0.00000   67  222 3567288.89    0.00000   100%  19.6   45s
  2585  2280    0.00000   78  217 3567288.89    0.00000   100%  20.3   50s
  2607  2295    0.00000   89  218 3567288.89    0.00000   100%  21.1   55s
  2635  2313    0.00000  103  199 3567288.89    0.00000   100%  22.5   60s
  2663  2332 240231.625  117  193 3567288.89    0.00000   100%  23.7   65s
H 2684  2235                    3541205.8931    0.00000   100%  24.1   68s
  2695  2244 424150.224  133  198 3541205.89    0.00000   100%  24.1   70s
  2724  2264 815593.491  147  166 3541205.89    0.00000   100%  24.2   75s
  2774  2297 813362.010  172  158 3541205.89    0.00000   100%  23.8   80s
H 2792  2203                    3489362.6700    0.00000   100%  23.7   81s
H 2801  2110                    3057826.4895    0.00000   100%  23.6   81s
H 2814  2025                    3029561.1866    0.00000   100%  23.6   81s
H 2828  1944                    3000807.5815    0.00000   100%  23.4   82s
H 2855  1877                    2984190.8067    0.00000   100%  23.2   83s
H 2882  1815                    2955651.8875    0.00000   100%  23.1   83s
H 2909  1756                    2843718.3783    0.00000   100%  22.9   84s
H 2936  1701                    2843716.2496    0.00000   100%  22.7   85s
H 2944  1637                    2785398.7276    0.00000   100%  22.7   85s
H 2963  1584                    2662715.3366    0.00000   100%  22.6   86s
H 2979  1533                    2662167.1999    0.00000   100%  22.6   86s
H 2996  1485                    2589577.2718    0.00000   100%  22.7   87s
H 3074  1480                    2527281.4150    0.00000   100%  23.2   89s
H 3100  1444                    2524171.8842    0.00000   100%  23.3   89s
  3108  1452 971716.807  339  176 2524171.88    0.00000   100%  23.3   90s
H 3152  1428                    2419491.8124    0.00000   100%  23.5   91s
H 3178  1397                    2319374.5287    0.00000   100%  23.7   91s
H 3256  1403                    2127249.5603    0.00000   100%  23.9   92s
H 3282  1377                    1841381.4166    0.00000   100%  24.0   93s
H 3308  1353                    1741369.6843    0.00000   100%  24.3   94s
H 3386  1366                    1544039.3961    0.00000   100%  25.0   95s
H 3412  1345                    1513894.0506    0.00000   100%  25.2   95s
H 3516  1380                    1493195.2522    0.00000   100%  26.5   97s
H 3542  1363                    1487135.8609    0.00000   100%  26.6   97s
H 3646  1400                    1366627.7859    0.00000   100%  27.3   99s
  3758  1477 1047579.82  664  182 1366627.79    0.00000   100%  27.9  100s
H 3802  1474                    1366627.7583    0.00000   100%  28.1  100s
H 3854  1480                    1362137.3254    0.00000   100%  27.8  101s
  4086  1638 1051313.37  828  187 1362137.33    0.00000   100%  31.5  105s
H 4230  1780                    1335265.3817    0.00000   100%  34.0  107s
  4438  1990 1105996.80 1004  182 1335265.38    0.00000   100%  36.2  110s
H 4742  2292                    1332410.1430    0.00000   100%  38.8  113s
  4874  2426 1110346.58 1222  181 1332410.14    0.00000   100%  40.1  115s
H 5090  2640                    1300549.8764    0.00000   100%  41.8  118s
  5222  2774 836108.305 1396  158 1300549.88    0.00000   100%  42.9  120s
H 5346  2896                    1278753.7918    0.00000   100%  43.2  121s
H 5366  2916                    1278720.0405    0.00000   100%  43.2  122s
  5702  3150 infeasible 1636      1278720.04    0.00000   100%  43.0  125s
H 5895  3267                    1277828.7935    0.00000   100%  43.3  127s
  6186  3460 infeasible 1878      1277828.79    0.00000   100%  43.7  130s
H 6446  3678                    1254255.1411    0.00000   100%  42.8  132s
  6794  4022 850202.768 2182  152 1254255.14    0.00000   100%  41.0  135s
H 6923  4131                    1254255.0660    0.00000   100%  40.7  135s
H 7354  4360                    1215096.4934    0.00000   100%  40.3  139s
  7443  4385 infeasible 2505      1215096.49    0.00000   100%  40.3  140s
H 7646  4384                    1212913.4669    0.00000   100%  40.9  142s
  7839  4389 infeasible 2703      1212913.47    0.00000   100%  41.4  145s
H 8024  4388                    1211541.3189    0.00000   100%  41.9  147s
  8212  4390 870897.533 2890  159 1211541.32    0.00000   100%  42.6  150s
H 8306  4388                    1190329.1780    0.00000   100%  42.8  151s
H 8334  4388                    1184654.9120    0.00000   100%  42.8  152s
  8531  4393 872021.514 3049  160 1184654.91    0.00000   100%  43.3  155s
H 8542  4390                    1183806.9080    0.00000   100%  43.3  155s
H 8726  4448                    1183806.7039    0.00000   100%  43.5  158s
  8849  4513 872753.370 3208  160 1183806.70    0.00000   100%  43.3  160s
H 9130  4738                    1183531.5498    0.00000   100%  43.3  164s
  9185  4795 924558.680  195  162 1183531.55    0.00000   100%  43.0  165s
H 9705  5207                    1178327.9427    0.00000   100%  42.3  170s
H 9726  5208                    1167984.5971    0.00000   100%  42.5  170s
 10289  5551 990154.304  746  156 1167984.60    0.00000   100%  41.8  175s
H10405  5617                    1141579.0274    0.00000   100%  41.6  176s
H10677  5787                    1135995.3964    0.00000   100%  41.3  178s
 10878  5936 999076.528 1040  164 1135995.40    0.00000   100%  40.8  180s
H11329  6067                    1119936.2260    0.00000   100%  40.4  184s
 11428  6074 1032773.42 1308  157 1119936.23    0.00000   100%  40.4  185s
H11526  6072                    1119936.1973    0.00000   100%  40.3  186s
H11680  5726                    1097779.2282    0.00000   100%  40.3  188s
 11745  5787 822895.032  135  168 1097779.23    0.00000   100%  40.7  190s
H11866  5906                    1097778.8753    0.00000   100%  40.6  191s
 12129  6126 911480.057  182  160 1097778.88    0.00000   100%  41.1  195s
 12497  6414 860812.698  366  145 1097778.88    0.00000   100%  42.3  200s
H12774  6303                    1074444.6142    0.00000   100%  43.0  203s
 12916  6311 862181.418  575  146 1074444.61    0.00000   100%  43.1  205s
H13112  6317                    1074444.5790    0.00000   100%  43.8  207s
 13352  6335 872335.482  792  145 1074444.58    0.00000   100%  44.6  210s
 13961  6336 873600.688 1097  146 1074444.58    0.00000   100%  45.1  215s
H14095  5828                    1036733.2378    0.00000   100%  45.4  216s
H14234  5827                    1034413.3701    0.00000   100%  45.7  218s
 14364  5891 886295.000 1297  148 1034413.37    0.00000   100%  45.6  220s
 14745  6084 312089.295  115  201 1034413.37    0.00000   100%  46.1  225s
H14841  6174                    1033256.5877    0.00000   100%  46.1  226s
H14872  6196                    1032765.3106    0.00000   100%  46.1  227s
 15113  6377 919421.728  299  173 1032765.31    0.00000   100%  45.8  230s
H15351  6456                    1026455.1709    0.00000   100%  45.5  231s
 15882  6883 infeasible  680      1026455.17    0.00000   100%  45.1  235s
H16034  6889                    1025155.9150    0.00000   100%  44.9  236s
 16528  7081 826380.429  133  178 1025155.91    0.00000   100%  44.9  240s
 16970  7359 937640.011  217  153 1025155.91    0.00000   100%  45.0  245s
H17469  7392                    1024069.5215    0.00000   100%  45.6  249s
 17523  7394 945957.816  493  147 1024069.52    0.00000   100%  45.8  250s
H17713  7270                    999464.94391    0.00000   100%  46.3  252s
 18044  7516 919119.623  315  150 999464.944    0.00000   100%  46.1  255s
H18341  7760                    999063.93965    0.00000   100%  45.5  257s
H18552  7937                    996888.67773    0.00000   100%  45.0  259s
 18781  8168 920022.294 1034  150 996888.678    0.00000   100%  44.5  260s
H19232  8616                    996833.77872    0.00000   100%  43.5  261s
H19422  8794                    996833.73568    0.00000   100%  43.2  262s
 19600  8946 934075.624  191  169 996833.736    0.00000   100%  43.2  265s
H19692  9008                    996833.69174    0.00000   100%  43.3  266s
H19923  8117                    979475.51349    0.00000   100%  43.7  269s
 19938  8124 224068.632  109  201 979475.513    0.00000   100%  43.9  270s
 20576  8638 infeasible  531      979475.513    0.00000   100%  43.4  275s
H20610  8616                    975377.57243    0.00000   100%  43.4  275s
H21046  8926                    975370.69188    0.00000   100%  43.2  280s
H21397  9177                    975370.65505    0.00000   100%  43.4  283s
 21537  9303 834196.295  128  174 975370.655    0.00000   100%  43.5  285s
H21591  9343                    975310.84968    0.00000   100%  43.4  285s
H21685  9353                    974483.61695    0.00000   100%  43.5  286s
H21809  9391                    973697.48601    0.00000   100%  44.1  288s
 22109  9581 913415.323  223  158 973697.486    0.00000   100%  44.1  290s
H22259  9603                    968511.70706    0.00000   100%  44.2  291s
 22884 10120 917083.455  141  184 968511.707    0.00000   100%  44.0  295s
H22896 10113                    968126.37643    0.00000   100%  44.0  295s
H23070 10012                    963615.46833    0.00000   100%  44.1  296s
H23093 10027                    963596.31644    0.00000   100%  44.2  297s
 23391 10239 905992.498  278  159 963596.316    0.00000   100%  44.5  300s
H23763 10607                    963393.80476    0.00000   100%  43.8  301s
 24310 10967 847871.066  126  189 963393.805    0.00000   100%  44.5  305s
H25061 11369                    961668.21052    0.00000   100%  45.0  310s
H25145 11407                    960043.99590    0.00000   100%  45.2  311s
 25535 11685 907226.143  200  153 960043.996    0.00000   100%  45.7  315s
H25824 11912                    960009.22111    0.00000   100%  45.8  316s
H26299 12371                    960001.16217    0.00000   100%  45.1  318s
 26491 12531 680728.089  140  171 960001.162    0.00000   100%  45.1  320s
H26546 12584                    960000.36312    0.00000   100%  45.1  320s
H26680 12718                    959904.02896    0.00000   100%  44.9  321s
H26977 13005                    959272.81765    0.00000   100%  44.5  322s
 27532 13144 738145.894  657  145 959272.818    0.00000   100%  44.5  325s
H27775 13111                    954389.86692    0.00000   100%  44.7  326s
H28284 13134                    952791.22166    0.00000   100%  45.0  328s
 28747 13599 744767.744 1265  144 952791.222    0.00000   100%  44.4  330s
H29109 13576                    945507.97880    0.00000   100%  44.5  331s
 29765 13858 782201.485 1773  146 945507.979    0.00000   100%  44.6  335s
H30216 14138                    945398.62310    0.00000   100%  44.9  339s
H30329 11183                    915887.60139    0.00000   100%  44.8  339s
 30332 11182 infeasible  259      915887.601    0.00000   100%  44.8  340s
H30639 11245                    913002.86366    0.00000   100%  44.6  341s
H31032 11505                    911831.84141    0.00000   100%  44.7  344s
 31182 11589 infeasible  175      911831.841    0.00000   100%  44.8  345s
 31991 12180 144967.131  120  200 911831.841    0.00000   100%  45.0  350s
H32187 11395                    905323.05433    0.00000   100%  45.1  351s
 33024 12020 infeasible  217      905323.054    0.00000   100%  44.5  355s
H33108 12086                    905308.55828    0.00000   100%  44.5  355s
 33744 12376 infeasible  367      905308.558    0.00000   100%  44.6  360s
H34108 12382                    905308.51135    0.00000   100%  44.6  361s
H34117 12371                    905214.74924    0.00000   100%  44.6  362s
 34687 12381 827802.113  837  147 905214.749    0.00000   100%  44.7  365s
H34824 12380                    905214.74915    0.00000   100%  44.7  365s
H34877 12361                    905098.73433    0.00000   100%  44.7  366s
H35117 11014                    887453.57690    0.00000   100%  44.7  367s
 35342 11188 476043.626  123  201 887453.577    0.00000   100%  44.9  370s
H35402 11190                    886556.71107    0.00000   100%  45.0  370s
H35428  3875                    779706.93976    0.00000   100%  45.0  371s
 35726  4007 163576.299  116  210 779706.940    0.00000   100%  45.8  375s
H35813  4042                    779621.78061    0.00000   100%  46.2  376s
H35822  4041                    779621.77860    0.00000   100%  46.2  376s
H35848  4054                    778519.83477    0.00000   100%  46.3  376s
H35986  4088                    775520.49247    0.00000   100%  46.7  378s
 36141  4191 infeasible  131      775520.492    0.00000   100%  47.1  380s
H36361  3873                    754207.13635    0.00000   100%  48.1  383s
 36507  3944 infeasible  119      754207.136    0.00000   100%  48.4  385s
H36587  3962                    753524.85581    0.00000   100%  48.7  385s
H36613  3956                    751906.73617    0.00000   100%  48.7  386s
H36788  4020                    751906.67897    0.00000   100%  49.2  388s
 36922  4106 infeasible  136      751906.679    0.00000   100%  49.4  390s
H37300  4039                    751059.53079    0.00000   100%  50.1  394s
 37323  4041 580751.145  127  189 751059.531    0.00000   100%  50.1  395s
H37654  4260                    749587.35718    0.00000   100%  50.1  396s
H37725  4287                    749587.35604    0.00000   100%  50.4  398s
 37875  4345    0.00000  115  207 749587.356    0.00000   100%  50.8  400s
H37895  4363                    749567.68990    0.00000   100%  50.8  400s
H38146  4511                    748958.40008    0.00000   100%  51.2  402s
 38614  4860 604388.556  127  188 748958.400    0.00000   100%  51.1  405s
H38660  4872                    748777.37010    0.00000   100%  51.1  405s
H38844  4935                    747420.94939    0.00000   100%  51.5  408s
 39041  5014 580246.806  121  191 747420.949    0.00000   100%  51.9  410s
H39212  4969                    744503.00503    0.00000   100%  52.3  412s
 39400  5068 627269.933  118  192 744503.005    0.00000   100%  52.7  415s
H39663  5110                    744244.16880    0.00000   100%  53.3  418s
 39759  5168 275708.428  122  195 744244.169    0.00000   100%  53.6  420s
H39827  5202                    744244.16872    0.00000   100%  53.7  420s
 40517  5688 115895.108  121  190 744244.169    0.00000   100%  53.6  425s
 40883  5851 677616.452  142  198 744244.169    0.00000   100%  54.0  430s
H40925  5861                    744215.46498    0.00000   100%  54.0  430s
 41656  6394 700702.862  570  203 744215.465    0.00000   100%  53.9  435s
H41925  6637                    744111.56251    0.00000   100%  53.6  436s
H41998  6663                    744111.56243    0.00000   100%  53.7  436s
H42107  6610                    742529.83726    0.00000   100%  53.9  437s
H42142  6616                    742300.50127    0.00000   100%  54.0  438s
 42385  6764 697229.294  171  196 742300.501    0.00000   100%  54.1  440s
 42742  6829 294614.251  128  199 742300.501    0.00000   100%  54.9  445s
H42872  6889                    742238.49396    0.00000   100%  54.9  445s
H43262  7108                    741896.06065    0.00000   100%  55.2  448s
H43395  7199                    741847.25067    0.00000   100%  55.2  449s
 43443  7239 infeasible  185      741847.251    0.00000   100%  55.2  450s
H43456  7242                    741769.55762    0.00000   100%  55.2  450s
H43747  7377                    741711.71772    0.00000   100%  55.2  452s
H43900  7446                    741711.71765    0.00000   100%  55.1  453s
H43926  7460                    741711.69414    0.00000   100%  55.1  454s
 44117  7579 697852.137  341  155 741711.694    0.00000   100%  55.0  455s
H44926  8168                    741653.49841    0.00000   100%  54.5  458s
H44941  8173                    741640.81407    0.00000   100%  54.6  458s
 45040  8224 263495.558  122  203 741640.814    0.00000   100%  54.8  460s
H45249  8360                    741507.37604    0.00000   100%  55.2  462s
H45504  8465                    741301.63777    0.00000   100%  55.2  465s
H45642  8504                    740356.76286    0.00000   100%  55.5  466s
H45876  8631                    740290.48601    0.00000   100%  55.6  468s
 45998  8700 676558.591  141  200 740290.486    0.00000   100%  55.8  470s
H46438  8905                    740185.48909    0.00000   100%  56.0  474s
 46493  8942 684553.241  167  180 740185.489    0.00000   100%  56.0  475s
H46832  9187                    740181.97364    0.00000   100%  55.7  476s
H47334  9528                    740181.95697    0.00000   100%  55.7  480s
H47668  9707                    740071.97934    0.00000   100%  56.0  483s
H47753  9764                    740071.97927    0.00000   100%  56.0  484s
 47827  9790 676845.757  135  205 740071.979    0.00000   100%  56.2  485s
H48148  9989                    740061.59899    0.00000   100%  56.4  488s
H48179 10005                    739553.09032    0.00000   100%  56.4  489s
 48233 10029 434022.721  120  191 739553.090    0.00000   100%  56.5  490s
H48424 10107                    739509.05298    0.00000   100%  56.7  492s
H48478 10125                    739489.24758    0.00000   100%  56.6  492s
H48505 10134                    739086.81913    0.00000   100%  56.6  492s
H48884 10341                    739042.75431    0.00000   100%  56.2  494s
 49045 10504 687450.268  642  200 739042.754    0.00000   100%  56.1  495s
H49597 11002                    738794.80658    0.00000   100%  55.6  496s
 49894 11116 581828.024  128  197 738794.807    0.00000   100%  55.9  500s
H49977 11155                    738794.75384    0.00000   100%  56.1  501s
 50259 11258 689262.290  141  207 738794.754    0.00000   100%  56.8  505s
H50654 11597                    738794.38839    0.00000   100%  56.5  507s
 51194 12031 700539.538  284  204 738794.388    0.00000   100%  56.2  510s
 52315 13006 693806.829  154  203 738794.388    0.00000   100%  55.6  515s
 53334 13830 infeasible  131      738794.388    0.00000   100%  55.3  520s
H53539 13907                    738740.55134    0.00000   100%  55.9  523s
H53566 13914                    738740.48345    0.00000   100%  56.1  523s
 53658 13938 632016.032  123  193 738740.483    0.00000   100%  56.3  525s
H53746 13968                    738494.60823    0.00000   100%  56.5  526s
H53772 13966                    738101.27000    0.00000   100%  56.5  526s
 54035 14037 infeasible  123      738101.270    0.00000   100%  57.1  530s
H54095 14067                    738100.30968    0.00000   100%  57.2  530s
 54856 14620 690849.907  122  208 738100.310    0.00000   100%  56.9  535s
H54874 14635                    737830.74929    0.00000   100%  56.9  535s
H55943 15690                    737355.20527    0.00000   100%  55.8  538s
 56103 15762 infeasible  125      737355.205    0.00000   100%  56.1  540s
H56543 15997                    737340.06329    0.00000   100%  56.3  543s
 56740 16054 86219.3967  114  207 737340.063    0.00000   100%  56.4  545s
H56792 16079                    737141.22197    0.00000   100%  56.5  545s
 57436 16419 infeasible  371      737141.222    0.00000   100%  56.6  550s
H57962 16617                    736535.32870    0.00000   100%  56.5  553s
 58273 16722 infeasible  653      736535.329    0.00000   100%  56.5  555s
H58376 16755                    736535.27678    0.00000   100%  56.5  555s
 59198 17201 694864.587  392  200 736535.277    0.00000   100%  56.3  560s
H59783 17674                    736056.72222    0.00000   100%  56.0  562s
 60060 17811 697646.912  172  199 736056.722    0.00000   100%  56.2  565s
 61040 18371 infeasible  296      736056.722    0.00000   100%  55.8  570s
 61994 19101 552596.000  117  199 736056.722    0.00000   100%  55.7  575s
H62146 19137                    735976.30479    0.00000   100%  56.0  577s
H62240 19191                    735974.67328    0.00000   100%  56.2  578s
 62347 19217 432972.776  123  187 735974.673    0.00000   100%  56.4  580s
H62480 19248                    735965.53262    0.00000   100%  56.6  582s
H62640 19329                    735735.24095    0.00000   100%  56.9  584s
 62703 19346 infeasible  128      735735.241    0.00000   100%  57.0  585s
H62897 19399                    735443.03321    0.00000   100%  57.4  587s
H63046 19439                    735430.55403    0.00000   100%  57.7  589s
 63076 19459 655830.410  135  192 735430.554    0.00000   100%  57.7  590s
H63182 19488                    735293.12932    0.00000   100%  57.8  591s
H63389 19567                    735293.10451    0.00000   100%  58.1  593s
 63515 19619 infeasible  122      735293.105    0.00000   100%  58.3  595s
H63806 19703                    735103.96049    0.00000   100%  58.9  598s
 63901 19727 140858.610  116  194 735103.960    0.00000   100%  59.0  600s
H64021 19770                    735098.99355    0.00000   100%  59.2  601s
 64265 19867 598152.673  118  203 735098.994    0.00000   100%  59.6  605s
 64697 20048 696419.815  177  192 735098.994    0.00000   100%  60.2  610s
 65137 20206 480736.053  117  202 735098.994    0.00000   100%  60.8  615s
 65577 20360    0.00000  110  201 735098.994    0.00000   100%  61.5  620s
 66287 20854 695156.699  466  193 735098.994    0.00000   100%  61.4  625s
H66309 20862                    734887.22179    0.00000   100%  61.4  625s
H67102 21251                    734864.43933    0.00000   100%  61.3  630s
H67226 21285                    734725.78318    0.00000   100%  61.5  631s
H67376 21323                    734677.03365    0.00000   100%  61.8  633s
 67492 21364 282873.855  120  198 734677.034    0.00000   100%  62.0  635s
H67770 21445                    734672.49192    0.00000   100%  62.5  638s
 67875 21488 infeasible  154      734672.492    0.00000   100%  62.6  640s
H68072 21565                    734626.11775    0.00000   100%  62.9  642s
H68308 21679                    734273.76024    0.00000   100%  62.9  644s
 68344 21717 683604.335  199  213 734273.760    0.00000   100%  62.9  645s
 69496 22489 695440.561  822  192 734273.760    0.00000   100%  62.1  650s
H69555 22513                    734203.96445    0.00000   100%  62.1  651s
 69798 22580 81581.2884  115  198 734203.964    0.00000   100%  62.3  655s
H69826 22588                    734198.71927    0.00000   100%  62.4  655s
H69962 22643                    734125.78499    0.00000   100%  62.7  659s
 69983 22648 infeasible  120      734125.785    0.00000   100%  62.7  660s
H70095 22676                    733970.51543    0.00000   100%  62.9  662s
 70190 22714 433477.115  114  211 733970.515    0.00000   100%  63.1  665s
 70419 22796 infeasible  119      733970.515    0.00000   100%  63.5  670s
H70488 22825                    733960.89000    0.00000   100%  63.6  672s
 70635 22897 469439.919  111  217 733960.890    0.00000   100%  63.9  675s
 70786 22958 282757.045  115  207 733960.890    0.00000   100%  64.1  680s
H70813 22979                    733813.95583    0.00000   100%  64.1  681s
 70979 23050 infeasible  125      733813.956    0.00000   100%  64.3  685s
H71077 23072                    733787.75308    0.00000   100%  64.5  687s
 71207 23130 600479.715  126  201 733787.753    0.00000   100%  64.6  690s
 71416 23202    0.00000  104  210 733787.753    0.00000   100%  65.0  695s
H71469 23237                    733767.86589    0.00000   100%  65.0  696s
H71598 23270                    733764.48808    0.00000   100%  65.2  699s
 71630 23288 374955.521  114  201 733764.488    0.00000   100%  65.2  700s
 71934 23460 686709.580  217  207 733764.488    0.00000   100%  65.3  705s
H72672 23994                    733683.26339    0.00000   100%  64.8  709s
 72778 24102 689020.968  701  197 733683.263    0.00000   100%  64.7  710s
H72786 24108                    733669.82522    0.00000   100%  64.7  710s
H73281 24429                    733665.66057    0.00000   100%  64.4  714s
 73421 24501 690923.239 1048  198 733665.661    0.00000   100%  64.3  715s
 74067 24869 683591.208  243  205 733665.661    0.00000   100%  64.0  720s
H74745 25515                    733544.86470    0.00000   100%  63.5  724s
H74763 25513                    733491.64273    0.00000   100%  63.5  725s
H74910 25555                    733491.64266    0.00000   100%  63.7  727s
 74985 25579 150047.712  111  191 733491.643    0.00000   100%  63.9  730s
H75063 25609                    733106.67988    0.00000   100%  64.0  732s
 75347 25798    0.00000  110  206 733106.680    0.00000   100%  63.9  735s
H75450 25835                    732875.75351    0.00000   100%  64.0  737s
 75613 25901 infeasible  124      732875.754    0.00000   100%  64.2  740s
H75655 25926                    732448.38142    0.00000   100%  64.3  741s
H75802 26029                    732225.37954    0.00000   100%  64.3  744s
 75858 26049 602655.183  127  184 732225.380    0.00000   100%  64.4  745s
H76027 26131                    732161.68276    0.00000   100%  64.6  749s
 76054 26140 561707.208  119  198 732161.683    0.00000   100%  64.6  750s
H76236 26203                    732141.57093    0.00000   100%  64.8  752s
 76588 26547 691486.539  382  208 732141.571    0.00000   100%  64.5  755s
 77015 26760 692573.872  588  208 732141.571    0.00000   100%  64.6  760s
H77237 26826                    731952.14305    0.00000   100%  64.6  763s
 77396 26885 infeasible  734      731952.143    0.00000   100%  64.6  765s
 77803 27016 infeasible  130      731952.143    0.00000   100%  64.8  770s
H77893 27012                    731282.66076    0.00000   100%  64.9  771s
H78002 27051                    731282.64499    0.00000   100%  65.1  773s
 78087 27094 301999.119  120  200 731282.645    0.00000   100%  65.1  775s
H78123 27112                    731282.62133    0.00000   100%  65.2  776s
H78276 27170                    731276.93411    0.00000   100%  65.4  779s
 78321 27202 145745.533  111  210 731276.934    0.00000   100%  65.5  780s
 78753 27545 581938.303  215  171 731276.934    0.00000   100%  65.3  785s
 79266 27944 273765.067  117  204 731276.934    0.00000   100%  65.1  790s
H79281 27947                    731271.69103    0.00000   100%  65.1  790s
H79410 27989                    731082.29475    0.00000   100%  65.3  793s
 79479 28038 120825.822  126  208 731082.295    0.00000   100%  65.3  795s
H79898 28389                    731067.93048    0.00000   100%  65.1  799s
 79932 28397 77904.8152  104  202 731067.930    0.00000   100%  65.2  800s
H79986 28431                    731046.93086    0.00000   100%  65.3  802s
 80145 28478 678815.918  114  205 731046.931    0.00000   100%  65.5  805s
 80341 28560 83116.6055  106  204 731046.931    0.00000   100%  65.8  810s
H80603 28667                    731042.45570    0.00000   100%  66.1  815s
H80749 28720                    731036.06884    0.00000   100%  66.4  817s
 80963 28817 375016.813  120  183 731036.069    0.00000   100%  66.7  820s
H81311 28946                    731030.85563    0.00000   100%  67.2  825s
 81649 29039 infeasible  120      731030.856    0.00000   100%  67.8  830s
 82018 29171 329526.152  109  205 731030.856    0.00000   100%  68.3  835s
 82351 29274 270641.160  115  208 731030.856    0.00000   100%  68.9  840s
H82452 29317                    730890.87463    0.00000   100%  69.0  841s
 82721 29405 infeasible  124      730890.875    0.00000   100%  69.4  845s
H82955 29495                    730890.82886    0.00000   100%  69.8  848s
H83062 29552                    730779.65594    0.00000   100%  69.9  849s
 83097 29563 83510.8728  114  196 730779.656    0.00000   100%  70.0  850s
H83170 29576                    730773.19559    0.00000   100%  70.1  851s
H83419 29667                    730738.70816    0.00000   100%  70.5  854s
 83471 29677 infeasible  124      730738.708    0.00000   100%  70.6  855s
 83814 29785 133857.771  112  196 730738.708    0.00000   100%  71.1  860s
 84202 29946 infeasible  126      730738.708    0.00000   100%  71.7  865s
 84544 30090 infeasible  121      730738.708    0.00000   100%  72.1  870s
 84932 30217 214794.332  113  203 730738.708    0.00000   100%  72.7  875s
 85247 30326 692674.095  125  202 730738.708    0.00000   100%  73.2  880s
 85635 30431    0.00000  100  208 730738.708    0.00000   100%  73.7  885s
 85979 30566 400943.323  114  190 730738.708    0.00000   100%  74.2  890s
 86237 30646 405536.781  112  192 730738.708    0.00000   100%  74.6  895s
 86624 30800 infeasible  119      730738.708    0.00000   100%  75.1  900s
H86707 30813                    730696.88638    0.00000   100%  75.2  901s
H86882 30871                    730696.87347    0.00000   100%  75.4  903s
 87042 30923 471624.036  111  204 730696.873    0.00000   100%  75.5  905s
 87458 31094 568836.185  112  200 730696.873    0.00000   100%  75.9  910s
H87795 31199                    730620.81088    0.00000   100%  76.3  914s
 87839 31216 infeasible  118      730620.811    0.00000   100%  76.4  915s
H87903 31222                    730609.15343    0.00000   100%  76.4  916s
H87946 31233                    730598.66432    0.00000   100%  76.5  916s
 88167 31327 589554.087  115  195 730598.664    0.00000   100%  76.7  920s
H88212 31354                    730579.43783    0.00000   100%  76.8  920s
H88348 31393                    730435.98213    0.00000   100%  77.0  922s
 88525 31460 128099.029  111  192 730435.982    0.00000   100%  77.2  925s
H88674 31505                    730435.96699    0.00000   100%  77.5  927s
H88772 31542                    730369.86719    0.00000   100%  77.6  929s
 88785 31552 476695.020  114  194 730369.867    0.00000   100%  77.6  930s
 89137 31671    0.00000  106  211 730369.867    0.00000   100%  78.1  935s
H89262 31710                    730184.85453    0.00000   100%  78.3  937s
H89275 31713                    730173.76370    0.00000   100%  78.3  938s
 89424 31753 213389.760  108  203 730173.764    0.00000   100%  78.5  940s
 89817 31889 622782.886  113  192 730173.764    0.00000   100%  79.0  945s
H89991 31985                    730158.69691    0.00000   100%  79.1  947s
 90263 32147 509040.465  119  201 730158.697    0.00000   100%  79.2  950s
 90428 32209    0.00000   98  213 730158.697    0.00000   100%  79.4  955s
H90521 32241                    730072.33751    0.00000   100%  79.5  957s
 90655 32295 infeasible  119      730072.338    0.00000   100%  79.7  960s
 90893 32390 691203.840  149  202 730072.338    0.00000   100%  79.8  965s
 91284 32591 infeasible  294      730072.338    0.00000   100%  79.7  970s
H91523 32608                    729960.49179    0.00000   100%  79.8  974s
 91585 32622 infeasible  370      729960.492    0.00000   100%  79.8  975s
 91948 32631 infeasible  494      729960.492    0.00000   100%  80.0  980s
H91999 32627                    729875.99087    0.00000   100%  80.0  981s
H92164 32694                    729851.76222    0.00000   100%  80.2  984s
 92203 32696    0.00000  100  215 729851.762    0.00000   100%  80.2  985s
 92445 32779 508048.370  115  196 729851.762    0.00000   100%  80.6  990s
 92673 32847 228675.224  110  204 729851.762    0.00000   100%  80.8  995s
 92923 32942 infeasible  115      729851.762    0.00000   100%  81.2 1000s
H93099 33003                    729820.21982    0.00000   100%  81.4 1004s
 93113 33019 530602.544  114  196 729820.220    0.00000   100%  81.4 1005s
H93263 33068                    729809.31022    0.00000   100%  81.6 1008s
 93352 33106    0.00000  112  210 729809.310    0.00000   100%  81.7 1010s
 93532 33181 infeasible  121      729809.310    0.00000   100%  82.0 1015s
 93795 33259 404842.558  117  191 729809.310    0.00000   100%  82.3 1020s
 94033 33354 528651.390  124  180 729809.310    0.00000   100%  82.6 1025s
H94157 33394                    729785.95963    0.00000   100%  82.7 1028s
 94191 33416 265026.649  110  188 729785.960    0.00000   100%  82.7 1030s
 94388 33494    0.00000   92  221 729785.960    0.00000   100%  82.9 1035s
H94504 33594                    729784.36171    0.00000   100%  83.0 1037s
 94756 33790 679116.522  269  181 729784.362    0.00000   100%  82.8 1040s
 95010 33906 528058.554  106  209 729784.362    0.00000   100%  82.9 1045s
 95301 34054 237602.012  108  199 729784.362    0.00000   100%  83.0 1050s
 95523 34141 709048.719  112  207 729784.362    0.00000   100%  83.3 1055s
 95703 34203 infeasible  117      729784.362    0.00000   100%  83.5 1060s
 95933 34293 576922.763  117  193 729784.362    0.00000   100%  83.8 1065s
 96125 34352 519925.417  113  198 729784.362    0.00000   100%  84.0 1070s
 96284 34447 infeasible  121      729784.362    0.00000   100%  84.1 1075s
 96539 34538    0.00000  105  213 729784.362    0.00000   100%  84.4 1080s
H96620 34586                    729776.09991    0.00000   100%  84.5 1082s
 96758 34640    0.00000   97  232 729776.100    0.00000   100%  84.6 1085s
H96785 34656                    729749.71177    0.00000   100%  84.6 1085s
 96945 34736 500327.346  114  202 729749.712    0.00000   100%  84.8 1090s
H97005 34746                    729738.05085    0.00000   100%  84.9 1092s
 97131 34796 infeasible  117      729738.051    0.00000   100%  85.0 1095s
 97309 34882 588930.811  117  201 729738.051    0.00000   100%  85.2 1100s
 97545 34963 494081.743  110  203 729738.051    0.00000   100%  85.4 1105s
 97783 35033 infeasible  116      729738.051    0.00000   100%  85.6 1110s
H97836 35044                    729680.05407    0.00000   100%  85.7 1111s
 98027 35108 172610.723  110  199 729680.054    0.00000   100%  85.9 1115s
H98037 35116                    729650.35103    0.00000   100%  85.9 1115s
H98054 34286                    709595.44245    0.00000   100%  85.9 1115s
H98117 33472                    702111.93712    0.00000   100%  86.0 1117s
 98246 33521 infeasible  116      702111.937    0.00000   100%  86.1 1120s
 98509 33612 infeasible  111      702111.937    0.00000   100%  86.3 1125s
 98712 33685 82861.2490  109  190 702111.937    0.00000   100%  86.5 1130s
H98911 27397                    696025.87479    0.00000   100%  86.8 1135s
H98937 27320                    695947.57687    0.00000   100%  86.8 1135s
H98990 24146                    692547.76229    0.00000   100%  86.9 1136s
 99144 24210 603636.295  119  190 692547.762    0.00000   100%  87.0 1140s
H99374 19132                    687139.80744    0.00000   100%  87.1 1144s
 99393 19134 infeasible  117      687139.807    0.00000   100%  87.1 1145s
H99553 19200                    687122.14602    0.00000   100%  87.2 1149s
 99602 19218 infeasible  118      687122.146    0.00000   100%  87.3 1150s
H99610 18670                    684969.79588    0.00000   100%  87.3 1150s
 99805 18746 520934.095  113  203 684969.796    0.00000   100%  87.5 1155s
 100049 18838 infeasible  122      684969.796    0.00000   100%  87.7 1160s
H100086 18852                    684962.12944    0.00000   100%  87.7 1160s
H100138 18721                    684561.76954    0.00000   100%  87.8 1162s
 100287 18767 147009.137  106  210 684561.770    0.00000   100%  87.9 1165s
H100407 18836                    684560.52707    0.00000   100%  88.1 1168s
 100463 18874 512116.281  105  214 684560.527    0.00000   100%  88.1 1170s
H100475 17840                    683151.25528    0.00000   100%  88.1 1170s
 100764 17982 infeasible  214      683151.255    0.00000   100%  88.2 1175s
H100885 17997                    682334.25453    0.00000   100%  88.2 1177s
 101211 18287 infeasible  382      682334.255    0.00000   100%  88.0 1180s
H101418 17390                    672988.53507    0.00000   100%  88.0 1183s
 101536 17420 623757.986  223  155 672988.535    0.00000   100%  88.0 1185s
H101543 17419                    672988.53500    0.00000   100%  88.0 1185s
H102026 17832                    672544.39019    0.00000   100%  87.7 1190s
H102108 17914                    672544.36706    0.00000   100%  87.7 1190s
H102385 18062                    672499.74193    0.00000   100%  87.7 1194s
H102411 18070                    672486.01947    0.00000   100%  87.7 1194s
 102414 18075 585443.843  109  207 672486.019    0.00000   100%  87.7 1195s
H102705 18182                    666456.92328    0.00000   100%  87.7 1200s
 103705 19178 618250.303 1109  155 666456.923    0.00000   100%  86.9 1205s
H104526 19987                    665412.54318    0.00000   100%  86.3 1209s
 104715 20178 618761.980 2119  156 665412.543    0.00000   100%  86.1 1210s
H104823 20250                    665411.60235    0.00000   100%  86.1 1211s
H104916 20238                    662229.65665    0.00000   100%  86.1 1213s
H105070 20349                    662211.76754    0.00000   100%  86.1 1215s
H105530 20800                    661674.87983    0.00000   100%  85.7 1218s
 105702 20912 286707.424  104  214 661674.880    0.00000   100%  85.7 1220s
H106092 21164                    659150.65198    0.00000   100%  85.8 1224s
H106208 21243                    658676.34913    0.00000   100%  85.7 1225s
H106775 21736                    658186.46336    0.00000   100%  85.4 1228s
 107438 22349 83746.0996  103  207 658186.463    0.00000   100%  84.9 1230s
H107675 22361                    651929.08018    0.00000   100%  85.1 1232s
H107729 22402                    651924.23957    0.00000   100%  85.1 1233s
H107918 22591                    651921.57733    0.00000   100%  84.9 1234s
H108296 22968                    651906.10335    0.00000   100%  84.6 1235s
H108297 22962                    651332.56965    0.00000   100%  84.6 1235s
H108898 23523                    651332.54319    0.00000   100%  84.2 1238s
 109837 24426 615644.663 2203  177 651332.543    0.00000   100%  83.5 1240s
H109958 24478                    649898.49287    0.00000   100%  83.5 1241s
 110958 25476 602064.810 1188  193 649898.493    0.00000   100%  82.8 1245s
H111021 25523                    648897.69995    0.00000   100%  82.7 1245s
H111732 26129                    648448.17116    0.00000   100%  82.3 1249s
 112233 26540 609708.066  658  181 648448.171    0.00000   100%  81.9 1250s
 113908 27752 602671.751  185  189 648448.171    0.00000   100%  81.0 1255s
H114011 27848                    647901.51619    0.00000   100%  81.0 1255s
H115015 28770                    647701.41303    0.00000   100%  80.5 1260s
H115407 29135                    647484.45991    0.00000   100%  80.3 1261s
 115890 29459 383749.082  108  200 647484.460    0.00000   100%  80.2 1265s
H116173 29578                    645102.00755    0.00000   100%  80.2 1268s
 116499 29827 570967.118  321  147 645102.008    0.00000   100%  80.1 1270s
H117043 30174                    645041.31070    0.00000   100%  80.0 1273s
H117044 30175                    645041.25677    0.00000   100%  80.0 1274s
 117125 30200 412723.277  115  200 645041.257    0.00000   100%  80.1 1275s
H117141 30195                    644653.45607    0.00000   100%  80.1 1275s
H117256 30238                    644630.02203    0.00000   100%  80.2 1276s
 117536 30339 514656.594  112  194 644630.022    0.00000   100%  80.4 1280s
H117606 30343                    644619.86725    0.00000   100%  80.5 1281s
 117791 30409 367451.273  110  205 644619.867    0.00000   100%  80.8 1285s
 118138 30532 infeasible  109      644619.867    0.00000   100%  81.1 1290s
H118280 30588                    644576.81176    0.00000   100%  81.2 1291s
H118415 30640                    643532.25721    0.00000   100%  81.3 1294s
 118471 30659 543796.698  116  183 643532.257    0.00000   100%  81.4 1295s
H119001 31012                    643431.42536    0.00000   100%  81.4 1300s
H119026 31011                    643431.40737    0.00000   100%  81.4 1300s
H119138 31051                    643316.38397    0.00000   100%  81.6 1302s
H119219 31079                    642894.09393    0.00000   100%  81.6 1304s
 119411 31209 162791.482  109  204 642894.094    0.00000   100%  81.5 1305s
H119470 31232                    642443.04620    0.00000   100%  81.6 1306s
H119848 31504                    642020.43660    0.00000   100%  81.5 1309s
H119907 31514                    642016.63873    0.00000   100%  81.6 1310s
 120739 32195 231075.348  114  194 642016.639    0.00000   100%  81.3 1315s
H120804 32171                    640100.94211    0.00000   100%  81.3 1315s
H121018 32250                    640027.50824    0.00000   100%  81.4 1318s
H121133 32317                    640027.45459    0.00000   100%  81.5 1319s
H121159 32338                    639707.14124    0.00000   100%  81.5 1320s
H121354 32477                    639602.36582    0.00000   100%  81.4 1321s
 121642 32655 581576.485  180  178 639602.366    0.00000   100%  81.4 1325s
 122224 33030 586922.733  223  170 639602.366    0.00000   100%  81.4 1330s
 123036 33686 601702.361  800  185 639602.366    0.00000   100%  81.0 1335s
H123327 33815                    638980.85449    0.00000   100%  81.2 1340s
H123512 33998                    638980.79145    0.00000   100%  81.1 1341s
 123924 34278 291811.391  115  209 638980.791    0.00000   100%  81.0 1345s
 124261 34492 579934.064  334  166 638980.791    0.00000   100%  81.0 1350s
 124978 35129 infeasible  186      638980.791    0.00000   100%  80.6 1355s
H125125 35205                    637520.82439    0.00000   100%  80.6 1357s
 125425 35403 380503.854  120  183 637520.824    0.00000   100%  80.5 1360s
H125703 35581                    637505.07518    0.00000   100%  80.5 1362s
 125982 35771 infeasible  178      637505.075    0.00000   100%  80.5 1365s
H126223 35858                    637502.70675    0.00000   100%  80.5 1368s
H126552 36029                    637146.03516    0.00000   100%  80.5 1370s
H127204 36489                    637146.03358    0.00000   100%  80.4 1374s
 127222 36503 583292.982  193  160 637146.034    0.00000   100%  80.4 1375s
 127862 36909 599502.862  211  193 637146.034    0.00000   100%  80.4 1380s
H128474 37392                    637141.66564    0.00000   100%  80.2 1383s
 128586 37458 536518.165  129  183 637141.666    0.00000   100%  80.2 1385s
H128929 37692                    637117.20662    0.00000   100%  80.2 1387s
 129292 37927 581422.221  209  167 637117.207    0.00000   100%  80.1 1390s
H129318 37937                    637117.17481    0.00000   100%  80.1 1390s
 129861 38316 539118.657  133  174 637117.175    0.00000   100%  80.1 1395s
H129896 38345                    636807.34058    0.00000   100%  80.0 1395s
H130336 38698                    636290.42477    0.00000   100%  79.8 1396s
 131030 39336 583058.105  625  162 636290.425    0.00000   100%  79.6 1400s
 131855 40029 79663.6325  110  202 636290.425    0.00000   100%  79.3 1405s
H132339 40371                    636252.96932    0.00000   100%  79.3 1408s
 132550 40420 580397.573  321  159 636252.969    0.00000   100%  79.3 1410s
H132577 40445                    636252.94570    0.00000   100%  79.2 1410s
H133048 40751                    636239.47889    0.00000   100%  79.3 1414s
 133058 40761 infeasible  164      636239.479    0.00000   100%  79.3 1415s
H133590 41178                    636211.92637    0.00000   100%  79.1 1419s
 133640 41188 481611.099  119  187 636211.926    0.00000   100%  79.1 1420s
H133754 41245                    636017.78216    0.00000   100%  79.1 1421s
H134053 41449                    636011.80834    0.00000   100%  79.1 1423s
H134053 41449                    635902.59977    0.00000   100%  79.1 1423s
H134181 41556                    635865.63166    0.00000   100%  79.1 1425s
 134833 42010 586042.021  153  187 635865.632    0.00000   100%  79.0 1430s
 135259 42179 576745.558  140  182 635865.632    0.00000   100%  79.1 1435s
H135353 41357                    624570.20779    0.00000   100%  79.0 1435s
 136128 42058 575204.813  772  160 624570.208    0.00000   100%  78.7 1440s
H136353 41858                    622278.07184    0.00000   100%  78.6 1440s
H136741 41907                    620933.52994    0.00000   100%  78.4 1442s
H136773 41901                    620806.74067    0.00000   100%  78.4 1443s
 136883 41927 530378.864  127  180 620806.741    0.00000   100%  78.5 1445s
H136950 41973                    620625.90098    0.00000   100%  78.5 1445s
 137372 42093 531765.853  139  178 620625.901    0.00000   100%  78.5 1450s
 137744 42365 557425.216  177  174 620625.901    0.00000   100%  78.5 1455s
H138015 42501                    620625.78163    0.00000   100%  78.5 1459s
 138107 42580 569118.584  190  164 620625.782    0.00000   100%  78.5 1460s
 138442 42805 384559.382  117  188 620625.782    0.00000   100%  78.4 1465s
 138900 43121 575394.067  475  159 620625.782    0.00000   100%  78.3 1470s
 139445 43562 575550.912  942  159 620625.782    0.00000   100%  78.0 1475s
H139660 43731                    620443.12092    0.00000   100%  78.0 1477s
 139939 43902 infeasible  175      620443.121    0.00000   100%  77.9 1480s
H139961 43900                    620442.92502    0.00000   100%  77.9 1480s
 140287 43902 infeasible  349      620442.925    0.00000   100%  77.9 1485s
 140640 43901 infeasible  526      620442.925    0.00000   100%  78.0 1490s
H140961 43900                    620391.32153    0.00000   100%  78.0 1494s
 140989 43902 582019.476  700  191 620391.322    0.00000   100%  78.0 1495s
H141101 43900                    620391.19575    0.00000   100%  78.0 1496s
H141209 43900                    620391.11793    0.00000   100%  78.0 1498s
 141365 43902 582092.197  888  190 620391.118    0.00000   100%  78.0 1500s
 141721 43902 582146.339 1066  190 620391.118    0.00000   100%  78.1 1505s
 142064 43901 infeasible 1238      620391.118    0.00000   100%  78.1 1510s
 142392 43901 infeasible 1402      620391.118    0.00000   100%  78.1 1515s
H142415 43873                    619488.12279    0.00000   100%  78.1 1515s
H142675 42212                    617822.23124    0.00000   100%  78.1 1518s
 142713 42226    0.00000  106  208 617822.231    0.00000   100%  78.1 1520s
H143194 42532                    617650.63256    0.00000   100%  78.0 1524s
 143273 42573 563653.372  293  145 617650.633    0.00000   100%  78.0 1525s
 143650 42622 infeasible  481      617650.633    0.00000   100%  78.0 1530s
H143851 42438                    616787.86275    0.00000   100%  78.0 1532s
 143952 42509 526415.553  125  186 616787.863    0.00000   100%  78.1 1535s
H144119 42345                    615978.92864    0.00000   100%  78.1 1537s
 144304 42421 infeasible  115      615978.929    0.00000   100%  78.1 1540s
H144372 42159                    615483.62555    0.00000   100%  78.1 1542s
 144462 42202 225442.171  108  206 615483.626    0.00000   100%  78.2 1545s
H144639 42003                    615063.32771    0.00000   100%  78.3 1549s
H144691 42013                    614700.14489    0.00000   100%  78.3 1550s
H144854 42109                    614566.85584    0.00000   100%  78.3 1552s
H144924 41677                    613097.47959    0.00000   100%  78.3 1553s
 145013 41746 infeasible  138      613097.480    0.00000   100%  78.3 1555s
 145258 41879 433628.848  110  196 613097.480    0.00000   100%  78.3 1560s
 145476 41978 74977.4049  102  211 613097.480    0.00000   100%  78.4 1565s
H145581 41941                    611571.14644    0.00000   100%  78.4 1568s
 145662 41982 229589.607  102  207 611571.146    0.00000   100%  78.5 1570s
H146119 42385                    611570.75592    0.00000   100%  78.4 1574s
 146260 42504 199956.494  109  196 611570.756    0.00000   100%  78.4 1575s
H146515 42665                    611559.37015    0.00000   100%  78.4 1578s
 146559 42688    0.00000  104  193 611559.370    0.00000   100%  78.4 1580s
H146730 42757                    611528.88032    0.00000   100%  78.5 1582s
 146860 42839 infeasible  111      611528.880    0.00000   100%  78.5 1585s
H146893 42769                    610722.27963    0.00000   100%  78.5 1586s
H147060 42817                    610692.04535    0.00000   100%  78.6 1590s
 147221 42865 538881.857  112  196 610692.045    0.00000   100%  78.8 1595s
 147369 42894    0.00000  108  217 610692.045    0.00000   100%  78.9 1600s
H147513 42937                    610661.95260    0.00000   100%  79.0 1604s
 147567 42966 450563.816  114  189 610661.953    0.00000   100%  79.0 1605s
 147786 43076 439178.491  110  196 610661.953    0.00000   100%  79.1 1610s
 148026 43199 563312.811  178  192 610661.953    0.00000   100%  79.2 1615s
H148200 43221                    610520.89439    0.00000   100%  79.2 1617s
 148355 43303 539414.332  130  176 610520.894    0.00000   100%  79.2 1620s
H148510 43387                    610487.88526    0.00000   100%  79.2 1622s
 148664 43440 infeasible  109      610487.885    0.00000   100%  79.3 1625s
 148832 43498 330589.107  106  216 610487.885    0.00000   100%  79.5 1630s
 149011 43535    0.00000  103  208 610487.885    0.00000   100%  79.6 1635s
H149145 43466                    610330.54083    0.00000   100%  79.7 1638s
 149233 43483 1240.45277  104  209 610330.541    0.00000   100%  79.8 1640s
 149490 43662 2615.87661  155  195 610330.541    0.00000   100%  79.9 1645s
H149654 43727                    610274.79855    0.00000   100%  79.8 1647s
H149842 43878                    610273.55602    0.00000   100%  79.7 1649s
 149869 43905 290646.081  220  181 610273.556    0.00000   100%  79.7 1650s
H150090 44061                    610270.72075    0.00000   100%  79.7 1653s
 150225 44154 407320.757  163  183 610270.721    0.00000   100%  79.7 1655s
 150479 44300 365314.933  211  192 610270.721    0.00000   100%  79.6 1660s
H150936 44250                    610033.79547    0.00000   100%  79.4 1665s
 151424 44648 500947.608  292  168 610033.795    0.00000   100%  79.3 1670s
H151589 44761                    610028.54755    0.00000   100%  79.3 1671s
H151943 45057                    610028.51608    0.00000   100%  79.2 1675s
 152407 45391 524277.132  381  148 610028.516    0.00000   100%  79.0 1680s
 152943 45713 226585.205  173  168 610028.516    0.00000   100%  78.9 1685s
H153243 45718                    609937.85681    0.00000   100%  78.9 1689s
 153252 45721 348114.644  328  146 609937.857    0.00000   100%  78.9 1690s
H153392 45382                    609752.07320    0.00000   100%  78.9 1692s
 153583 45383 infeasible  493      609752.073    0.00000   100%  79.0 1695s
 153918 45402 352350.051  661  146 609752.073    0.00000   100%  79.0 1700s
 154234 45416 352657.245  819  146 609752.073    0.00000   100%  79.0 1705s
 154641 45461 infeasible 1022      609752.073    0.00000   100%  79.0 1710s
H154734 45174                    609594.57584    0.00000   100%  79.0 1711s
 155114 45234 infeasible 1258      609594.576    0.00000   100%  78.9 1715s
H155226 45193                    609565.75119    0.00000   100%  78.9 1716s
 155507 45196 366398.908 1455  146 609565.751    0.00000   100%  78.9 1720s
H155925 45165                    609552.62891    0.00000   100%  78.9 1724s
 155979 45167 367214.337 1690  145 609552.629    0.00000   100%  78.9 1725s
H156220 44876                    609247.15131    0.00000   100%  78.9 1728s
 156396 44878 367743.720 1899  145 609247.151    0.00000   100%  78.9 1730s
 156883 44877 infeasible 2142      609247.151    0.00000   100%  78.8 1735s
H156942 44874                    609235.04638    0.00000   100%  78.8 1736s
 157235 44875 infeasible 2318      609235.046    0.00000   100%  78.8 1740s
H157422 44874                    609234.31542    0.00000   100%  78.8 1742s
H157425 44868                    609057.07811    0.00000   100%  78.8 1742s
 157621 44874 infeasible 2511      609057.078    0.00000   100%  78.7 1745s
H157754 44873                    609054.15030    0.00000   100%  78.7 1747s
 157952 44875 370953.049 2677  148 609054.150    0.00000   100%  78.7 1750s
 158316 44875 371567.734 2859  149 609054.150    0.00000   100%  78.7 1755s
 158650 44875 372084.009 3026  147 609054.150    0.00000   100%  78.7 1760s
 159048 44881 375541.944 3225  155 609054.150    0.00000   100%  78.7 1765s
H159265 44897                    609007.10346    0.00000   100%  78.7 1767s
 159469 44915 395916.616 3433  146 609007.103    0.00000   100%  78.7 1770s
 159849 44923 infeasible 3623      609007.103    0.00000   100%  78.7 1775s
 160248 44924 398023.387 3823  145 609007.103    0.00000   100%  78.7 1780s
 160679 44923 infeasible 4038      609007.103    0.00000   100%  78.6 1785s
 161044 44924 409627.194 4221  146 609007.103    0.00000   100%  78.6 1790s
 161478 44954 infeasible 4437      609007.103    0.00000   100%  78.5 1795s
 161897 44955 425688.101 4647  146 609007.103    0.00000   100%  78.5 1800s
H162077 44952                    608940.55328    0.00000   100%  78.5 1802s
H162143 44952                    608938.58165    0.00000   100%  78.5 1803s
 162233 44954 425861.216 4815  146 608938.582    0.00000   100%  78.5 1805s
 162616 44953 426049.463 5006  146 608938.582    0.00000   100%  78.4 1810s
 162937 44954 426212.250 5167  146 608938.582    0.00000   100%  78.4 1815s
H163143 44609                    608048.56424    0.00000   100%  78.4 1818s
 163297 44611 426401.629 5347  145 608048.564    0.00000   100%  78.4 1820s
 163658 44610 infeasible 5527      608048.564    0.00000   100%  78.3 1825s
H163941 44575                    607991.04373    0.00000   100%  78.3 1829s
 164025 44577 426772.721 5711  147 607991.044    0.00000   100%  78.3 1830s
 164412 44576 infeasible 5904      607991.044    0.00000   100%  78.3 1835s
H164677 44545                    607928.13240    0.00000   100%  78.3 1838s
 164809 44547 427331.314 6103  149 607928.132    0.00000   100%  78.3 1840s
H164841 44526                    607821.66024    0.00000   100%  78.3 1840s
H165033 44525                    607820.16090    0.00000   100%  78.2 1842s
 165242 44526 infeasible 6319      607820.161    0.00000   100%  78.2 1845s
 165638 44550 infeasible 6516      607820.161    0.00000   100%  78.2 1850s
 166086 44550 infeasible 6740      607820.161    0.00000   100%  78.1 1855s
H166441 44524                    607749.28624    0.00000   100%  78.1 1859s
 166498 44525 infeasible 6946      607749.286    0.00000   100%  78.1 1860s
 166854 44525 infeasible 7124      607749.286    0.00000   100%  78.1 1865s
H167005 44523                    607747.92589    0.00000   100%  78.1 1866s
H167039 44504                    607705.60280    0.00000   100%  78.0 1867s
 167179 44506 429454.375 7287  145 607705.603    0.00000   100%  78.0 1870s
H167375 44501                    607695.60258    0.00000   100%  78.0 1872s
H167549 44488                    607664.08767    0.00000   100%  78.0 1875s
H168012 44560                    607635.86959    0.00000   100%  77.9 1880s
 168396 44762 558049.828  299  153 607635.870    0.00000   100%  77.9 1885s
 168838 44962 422917.464  235  155 607635.870    0.00000   100%  77.8 1890s
H168919 45026                    607608.95172    0.00000   100%  77.7 1891s
H169055 45130                    607512.18550    0.00000   100%  77.7 1892s
H169179 45164                    607366.73741    0.00000   100%  77.6 1893s
 169327 45300 infeasible  236      607366.737    0.00000   100%  77.6 1895s
H169957 45862                    607365.28372    0.00000   100%  77.4 1899s
 169975 45882 502910.448  814  156 607365.284    0.00000   100%  77.4 1900s
H170678 46471                    607237.67596    0.00000   100%  77.1 1905s
 171146 46727 409033.580  163  161 607237.676    0.00000   100%  77.0 1910s
 171597 47048 528251.849  220  158 607237.676    0.00000   100%  76.9 1915s
 171935 47246 519278.025  228  159 607237.676    0.00000   100%  76.9 1920s
 172387 47418 504775.365  140  187 607237.676    0.00000   100%  76.8 1925s
 172754 47717 509935.206  177  181 607237.676    0.00000   100%  76.8 1930s
 173052 47914 343118.160  204  164 607237.676    0.00000   100%  76.8 1935s
H173580 48368                    607236.86717    0.00000   100%  76.6 1939s
 173593 48383 513631.095  235  165 607236.867    0.00000   100%  76.6 1940s
H173782 48529                    607198.97186    0.00000   100%  76.6 1942s
 174032 48649 infeasible  302      607198.972    0.00000   100%  76.6 1945s
 174453 48676 564325.112  525  179 607198.972    0.00000   100%  76.5 1950s
H174537 48678                    607198.95549    0.00000   100%  76.5 1951s
 174865 48702 564492.388  744  179 607198.955    0.00000   100%  76.4 1955s
 175267 48728 564674.965  958  179 607198.955    0.00000   100%  76.4 1960s
 175630 48811 569674.580 1181  179 607198.955    0.00000   100%  76.3 1965s
H176074 49006                    607163.30342    0.00000   100%  76.2 1969s
 176099 49033 481592.278  263  167 607163.303    0.00000   100%  76.2 1970s
 176687 49583 infeasible  169      607163.303    0.00000   100%  76.0 1975s
 177223 49933 549116.405  394  164 607163.303    0.00000   100%  75.8 1980s
H177292 49985                    607121.17575    0.00000   100%  75.8 1981s
 177805 50500 549955.504  976  162 607121.176    0.00000   100%  75.6 1985s
H178076 50769                    607118.31262    0.00000   100%  75.5 1987s
 178327 51022 558056.089 1498  161 607118.313    0.00000   100%  75.4 1990s
H178644 51231                    607116.99267    0.00000   100%  75.3 1994s
 178774 51363 344868.540  171  172 607116.993    0.00000   100%  75.2 1995s
H178833 51420                    607116.67500    0.00000   100%  75.2 1996s
H178873 51458                    607102.92594    0.00000   100%  75.2 1996s
 179278 51701 infeasible  425      607102.926    0.00000   100%  75.1 2000s
 179853 52072 204228.403  149  169 607102.926    0.00000   100%  75.0 2005s
 180294 52331 513095.805  177  158 607102.926    0.00000   100%  75.0 2010s
 180756 52691 316463.302  151  171 607102.926    0.00000   100%  74.9 2015s
 181200 53041 509051.659  314  160 607102.926    0.00000   100%  74.8 2020s
 181915 53700 520906.968  171  166 607102.926    0.00000   100%  74.5 2025s
 182360 54069 569341.686  328  146 607102.926    0.00000   100%  74.4 2036s
H182413 54087                    607054.38905    0.00000   100%  74.4 2037s
H182439 54095                    607042.95398    0.00000   100%  74.4 2038s
 182571 54175 infeasible  491      607042.954    0.00000   100%  74.3 2040s
H182624 53959                    606727.63211    0.00000   100%  74.3 2040s
 183039 54328 391534.495  481  146 606727.632    0.00000   100%  74.2 2045s
H183345 54620                    606719.82829    0.00000   100%  74.1 2047s
 183655 54906 401168.665 1009  147 606719.828    0.00000   100%  74.0 2050s
H184323 55554                    606716.71412    0.00000   100%  73.7 2052s
 184818 56027 infeasible 2130      606716.714    0.00000   100%  73.5 2055s
H185269 56157                    606690.56788    0.00000   100%  73.4 2058s
 185364 56208 427805.385  207  157 606690.568    0.00000   100%  73.4 2060s
 185890 56568 510387.375  169  183 606690.568    0.00000   100%  73.3 2065s
H186345 56851                    606642.52687    0.00000   100%  73.3 2069s
 186472 56958 489037.121  212  167 606642.527    0.00000   100%  73.2 2070s
H186810 57208                    606618.33410    0.00000   100%  73.2 2071s
 187623 57915 385480.839  648  146 606618.334    0.00000   100%  72.9 2075s
 189074 59122 infeasible 1913      606618.334    0.00000   100%  72.5 2080s
 190185 59455 493606.237 2538  148 606618.334    0.00000   100%  72.3 2085s
H190242 59450                    606605.09485    0.00000   100%  72.2 2085s
H190478 59450                    606605.02673    0.00000   100%  72.2 2087s
 190969 59465 495742.485 2937  149 606605.027    0.00000   100%  72.1 2090s
H191059 59385                    606334.99598    0.00000   100%  72.1 2091s
H191325 59407                    606334.38640    0.00000   100%  72.1 2092s
H191569 59412                    606253.58584    0.00000   100%  72.0 2094s
 191687 59420 infeasible 3324      606253.586    0.00000   100%  72.0 2095s
H191978 59457                    606247.95866    0.00000   100%  72.0 2096s
H192407 59565                    606157.00160    0.00000   100%  71.9 2099s
 192499 59599 504651.056 3820  148 606157.002    0.00000   100%  71.9 2100s
 193407 60057 510025.173 4503  149 606157.002    0.00000   100%  71.7 2105s
H193702 60236                    606151.58496    0.00000   100%  71.6 2106s
 194683 60969 infeasible  332      606151.585    0.00000   100%  71.3 2110s
H194871 61113                    606138.24873    0.00000   100%  71.3 2111s
 195677 61765 89936.0883  130  175 606138.249    0.00000   100%  71.1 2115s
H196628 62433                    606123.15166    0.00000   100%  70.9 2118s
H197017 62736                    606120.18830    0.00000   100%  70.8 2120s
H198017 62769                    603426.00370    0.00000   100%  70.6 2124s
 198122 62838 infeasible 2169      603426.004    0.00000   100%  70.5 2125s
H199243 63695                    603424.02975    0.00000   100%  70.2 2129s
 199440 63874 509797.725 3345  145 603424.030    0.00000   100%  70.2 2130s
H199733 64016                    603363.41850    0.00000   100%  70.1 2131s
 200816 64841 525645.545 4535  144 603363.418    0.00000   100%  69.8 2135s
H201685 65561                    603353.84905    0.00000   100%  69.6 2138s
 202208 65890 infeasible 5758      603353.849    0.00000   100%  69.5 2140s
H202346 65948                    603342.97473    0.00000   100%  69.4 2141s
H203346 64831                    599112.57054    0.00000   100%  69.1 2143s
 203818 65301 347803.176 1574  156 599112.571    0.00000   100%  69.0 2145s
 205862 67301 397462.233 3596  148 599112.571    0.00000   100%  68.3 2150s
 207032 67859 417232.585 4460  145 599112.571    0.00000   100%  68.0 2155s
H207769 68089                    599088.39333    0.00000   100%  67.9 2159s
 207927 68143 infeasible 5057      599088.393    0.00000   100%  67.9 2160s
H208769 67810                    597108.63404    0.00000   100%  67.6 2161s
 209769 68574 520387.970 6754  155 597108.634    0.00000   100%  67.4 2165s
H209778 67937                    595288.80347    0.00000   100%  67.4 2165s
H210293 68276                    595147.95954    0.00000   100%  67.3 2167s
 210410 68291 infeasible  159      595147.960    0.00000   100%  67.4 2170s
H210414 68269                    595001.20212    0.00000   100%  67.4 2170s
H210527 68261                    594654.72373    0.00000   100%  67.5 2172s
H210593 68285                    594654.67942    0.00000   100%  67.5 2173s
 210717 68303 infeasible  164      594654.679    0.00000   100%  67.6 2175s
 211036 68386 232840.700  178  189 594654.679    0.00000   100%  67.8 2180s
H211133 68392                    594639.14622    0.00000   100%  67.9 2181s
H211278 68423                    594624.56834    0.00000   100%  68.0 2184s
 211354 68431 infeasible  156      594624.568    0.00000   100%  68.0 2185s
H211490 68426                    594116.06425    0.00000   100%  68.1 2187s
 211695 68471 infeasible  163      594116.064    0.00000   100%  68.2 2190s
H211716 68424                    593782.98315    0.00000   100%  68.2 2190s
H211885 68445                    593782.98167    0.00000   100%  68.4 2193s
H211903 68443                    593782.24756    0.00000   100%  68.4 2194s
H211937 68432                    593711.85699    0.00000   100%  68.4 2194s
 211939 68432 infeasible  148      593711.857    0.00000   100%  68.4 2195s
 212259 68484 71060.9728  160  180 593711.857    0.00000   100%  68.6 2200s
H212415 68447                    593583.75927    0.00000   100%  68.7 2203s
 212515 68449 71713.3732  143  175 593583.759    0.00000   100%  68.8 2205s
H212790 67932                    590300.39179    0.00000   100%  69.0 2214s
H212819 67941                    590300.39164    0.00000   100%  69.0 2214s
 212822 67946    0.00000  159  178 590300.392    0.00000   100%  69.0 2215s
 213113 67957 7506.41461  153  175 590300.392    0.00000   100%  69.3 2220s
H213177 67932                    590292.49962    0.00000   100%  69.4 2221s
H213335 67971                    590025.80135    0.00000   100%  69.4 2223s
H213362 67966                    590013.75067    0.00000   100%  69.5 2223s
 213423 67973    0.00000  155  185 590013.751    0.00000   100%  69.5 2225s
 213719 67983 infeasible  159      590013.751    0.00000   100%  69.8 2230s
H213826 68000                    590008.94445    0.00000   100%  69.8 2232s
 213950 68006 5996.03653  161  184 590008.944    0.00000   100%  69.9 2235s
H213988 68017                    589996.37143    0.00000   100%  70.0 2235s
 214160 68027 infeasible  169      589996.371    0.00000   100%  70.1 2240s
 214357 68026 155344.852  164  182 589996.371    0.00000   100%  70.3 2245s
H214414 68024                    589969.32211    0.00000   100%  70.3 2246s
 214527 68019 5620.76314  159  185 589969.322    0.00000   100%  70.4 2250s
 214697 68013 54797.7758  158  176 589969.322    0.00000   100%  70.6 2255s
H214710 68012                    589923.19496    0.00000   100%  70.6 2255s
H214933 68007                    589923.17055    0.00000   100%  70.8 2259s
 214968 68010 infeasible  160      589923.171    0.00000   100%  70.8 2260s
H215043 68006                    589882.55399    0.00000   100%  70.8 2261s
H215089 68008                    589882.34827    0.00000   100%  70.9 2262s
H215239 68010                    589832.49610    0.00000   100%  71.0 2264s
 215252 68007 7224.67240  154  190 589832.496    0.00000   100%  71.0 2265s
H215375 68017                    589737.20792    0.00000   100%  71.1 2267s
H215511 68036                    589720.44077    0.00000   100%  71.2 2268s
 215593 68036    0.00000  134  182 589720.441    0.00000   100%  71.2 2270s
H215620 68036                    589518.27766    0.00000   100%  71.2 2270s
H215760 68023                    589318.37692    0.00000   100%  71.3 2272s
H215813 68028                    589318.33017    0.00000   100%  71.4 2273s
H215868 68035                    589306.99300    0.00000   100%  71.4 2275s
 216169 68078 infeasible  160      589306.993    0.00000   100%  71.7 2280s
H216301 67944                    588881.31081    0.00000   100%  71.8 2282s
 216444 67945 infeasible  158      588881.311    0.00000   100%  71.9 2285s
H216567 67946                    588866.57785    0.00000   100%  72.0 2287s
 216738 67939 infeasible  153      588866.578    0.00000   100%  72.1 2290s
 217070 67955 116735.631  157  183 588866.578    0.00000   100%  72.4 2295s
 217374 67959  985.83488  157  180 588866.578    0.00000   100%  72.6 2300s
 217653 67956    0.00000  164  178 588866.578    0.00000   100%  72.8 2305s
H217670 67946                    588819.39008    0.00000   100%  72.8 2305s
H217696 67943                    588773.25673    0.00000   100%  72.9 2306s
H217861 67945                    588701.67998    0.00000   100%  73.0 2311s
H217933 67949                    588701.11086    0.00000   100%  73.0 2312s
H218013 67939                    588417.43989    0.00000   100%  73.1 2314s
H218040 67930                    588408.31052    0.00000   100%  73.1 2315s
H218333 67951                    588354.50910    0.00000   100%  73.3 2320s
 218623 67975 infeasible  162      588354.509    0.00000   100%  73.5 2325s
H218655 67945                    588171.00443    0.00000   100%  73.6 2325s
H218682 67944                    588170.96080    0.00000   100%  73.6 2326s
 218881 67955 infeasible  156      588170.961    0.00000   100%  73.8 2330s
H219043 67997                    588160.80105    0.00000   100%  73.9 2332s
H219095 68001                    588123.55286    0.00000   100%  73.9 2333s
H219149 68014                    588088.40545    0.00000   100%  73.9 2333s
 219223 68036 8923.35985  150  185 588088.405    0.00000   100%  74.0 2335s
H219232 68034                    588083.61888    0.00000   100%  74.0 2335s
 219504 68056 infeasible  148      588083.619    0.00000   100%  74.2 2340s
H219583 68015                    587964.53466    0.00000   100%  74.2 2341s
 219767 68025 infeasible  140      587964.535    0.00000   100%  74.4 2345s
H219911 68021                    587948.03427    0.00000   100%  74.5 2347s
 220045 68033 infeasible  145      587948.034    0.00000   100%  74.6 2350s
 220280 68024 1144.43340  142  178 587948.034    0.00000   100%  74.8 2355s
 220553 68009 20604.7822  142  183 587948.034    0.00000   100%  75.1 2360s
 220827 68055 21445.3589  135  187 587948.034    0.00000   100%  75.3 2365s
H220900 68030                    587824.71873    0.00000   100%  75.4 2366s
 221117 68037 4619.94996  148  193 587824.719    0.00000   100%  75.5 2370s
H221392 68019                    587575.93855    0.00000   100%  75.8 2375s
H221710 68015                    587451.31172    0.00000   100%  76.0 2379s
 221737 68020    0.00000  146  180 587451.312    0.00000   100%  76.0 2380s
H221840 68034                    587352.27782    0.00000   100%  76.0 2381s
 222037 68053 8131.74754  164  184 587352.278    0.00000   100%  76.2 2385s
H222099 68041                    587277.20687    0.00000   100%  76.2 2386s
 222333 68079 infeasible  158      587277.207    0.00000   100%  76.4 2390s
H222366 68072                    587277.19287    0.00000   100%  76.4 2390s
H222392 68070                    587277.14905    0.00000   100%  76.4 2391s
 222646 68058    0.00000  169  185 587277.149    0.00000   100%  76.6 2395s
H222738 68033                    587177.30010    0.00000   100%  76.7 2397s
 222907 68044  192.88020  159  181 587177.300    0.00000   100%  76.8 2400s
H222956 68043                    587177.27765    0.00000   100%  76.9 2401s
H223105 68044                    587108.49841    0.00000   100%  77.0 2403s
 223169 68054    0.00000  156  181 587108.498    0.00000   100%  77.0 2405s
H223394 68057                    587080.33272    0.00000   100%  77.2 2408s
 223463 68064 infeasible  159      587080.333    0.00000   100%  77.2 2410s
H223547 68062                    587080.32365    0.00000   100%  77.3 2411s
H223673 68064                    587000.68318    0.00000   100%  77.4 2413s
H223778 68068                    586968.31378    0.00000   100%  77.4 2414s
 223788 68072 22690.0160  158  180 586968.314    0.00000   100%  77.4 2415s
H223873 68082                    586966.47810    0.00000   100%  77.5 2416s
 224116 68129 infeasible  156      586966.478    0.00000   100%  77.6 2420s
 224387 68134    0.00000  145  177 586966.478    0.00000   100%  77.8 2425s
H224492 68115                    586937.77965    0.00000   100%  77.9 2427s
 224655 68128    0.00000  155  190 586937.780    0.00000   100%  78.0 2430s
 224937 68134 55255.2785  170  185 586937.780    0.00000   100%  78.2 2435s
H225213 68106                    586927.10442    0.00000   100%  78.5 2439s
 225215 68106 infeasible  156      586927.104    0.00000   100%  78.5 2440s
H225433 68105                    586904.42108    0.00000   100%  78.6 2443s
 225496 68102 infeasible  154      586904.421    0.00000   100%  78.7 2445s
H225670 68129                    586896.62968    0.00000   100%  78.8 2447s
 225797 68126 1369.12024  152  184 586896.630    0.00000   100%  78.9 2450s
H225955 68142                    586888.67641    0.00000   100%  79.0 2452s
 226102 68167    0.00000  157  178 586888.676    0.00000   100%  79.1 2455s
H226194 68131                    586840.75062    0.00000   100%  79.2 2456s
 226379 68150    0.00000  155  180 586840.751    0.00000   100%  79.3 2460s
H226572 68154                    586838.27817    0.00000   100%  79.5 2464s
 226614 68162 34526.7230  162  187 586838.278    0.00000   100%  79.5 2465s
 226899 68171 54171.6758  155  178 586838.278    0.00000   100%  79.7 2470s
 227238 68214 172161.548  171  172 586838.278    0.00000   100%  79.9 2475s
H227291 68120                    586515.28984    0.00000   100%  80.0 2476s
H227317 68113                    586419.33133    0.00000   100%  80.0 2476s
H227371 68117                    586404.86017    0.00000   100%  80.0 2477s
 227489 68129 44414.7561  152  186 586404.860    0.00000   100%  80.1 2480s
 227794 68154    0.00000  156  185 586404.860    0.00000   100%  80.3 2485s
H227959 68166                    586392.77824    0.00000   100%  80.4 2487s
 228024 68163 infeasible  151      586392.778    0.00000   100%  80.5 2490s
H228143 68160                    586338.72944    0.00000   100%  80.6 2491s
 228332 68191  713.99090  182  178 586338.729    0.00000   100%  80.7 2495s
H228598 68197                    586332.06622    0.00000   100%  80.9 2499s
 228632 68193    0.00000  148  185 586332.066    0.00000   100%  80.9 2500s
 228912 68215    0.00000  157  181 586332.066    0.00000   100%  81.1 2505s
 229216 68221 3380.77524  145  184 586332.066    0.00000   100%  81.3 2510s
 229511 68226 infeasible  160      586332.066    0.00000   100%  81.5 2515s
H229598 67892                    585687.28903    0.00000   100%  81.6 2516s
 229769 67889    0.00000  150  177 585687.289    0.00000   100%  81.7 2520s
 230059 67899 infeasible  153      585687.289    0.00000   100%  81.9 2525s
H230130 67870                    585637.80585    0.00000   100%  82.0 2526s
H230249 67881                    585637.42728    0.00000   100%  82.0 2528s
H230283 67859                    585615.82345    0.00000   100%  82.1 2529s
 230307 67879 infeasible  152      585615.823    0.00000   100%  82.1 2530s
 230603 67883 infeasible  161      585615.823    0.00000   100%  82.3 2535s
H230644 67873                    585608.87407    0.00000   100%  82.3 2535s
H230857 67886                    585608.84174    0.00000   100%  82.5 2539s
 230884 67887    0.00000  142  183 585608.842    0.00000   100%  82.5 2540s
H230964 67879                    585603.49313    0.00000   100%  82.6 2541s
H231009 67885                    585594.56572    0.00000   100%  82.6 2542s
 231199 67931 infeasible  165      585594.566    0.00000   100%  82.7 2545s
H231383 58547                    570225.30913    0.00000   100%  82.8 2548s
H231411 56649                    564309.30953    0.00000   100%  82.9 2548s
H231495 56597                    564139.25191    0.00000   100%  82.9 2550s
 231738 56618    0.00000  160  185 564139.252    0.00000   100%  83.1 2555s
H231876 56607                    564126.57536    0.00000   100%  83.2 2557s
H231914 56581                    564098.95426    0.00000   100%  83.3 2558s
H231989 56524                    564050.16817    0.00000   100%  83.3 2560s
H232094 55706                    561945.68214    0.00000   100%  83.4 2562s
H232192 55660                    561777.36214    0.00000   100%  83.5 2563s
 232252 55650 101314.749  153  192 561777.362    0.00000   100%  83.6 2565s
H232310 54945                    558989.60305    0.00000   100%  83.6 2566s
H232378 54235                    555771.67488    0.00000   100%  83.6 2567s
H232510 54233                    555671.73930    0.00000   100%  83.7 2570s
H232653 54214                    555475.63596    0.00000   100%  83.8 2572s
 232759 54188 100745.939  153  195 555475.636    0.00000   100%  83.9 2575s
H232860 53902                    554059.09153    0.00000   100%  84.0 2576s
 233053 53901 1696.87670  142  186 554059.092    0.00000   100%  84.1 2580s
H233263 53790                    553809.98533    0.00000   100%  84.3 2583s
H233289 53726                    553591.09737    0.00000   100%  84.3 2584s
 233316 53723    0.00000  159  183 553591.097    0.00000   100%  84.3 2585s
H233341 53508                    552640.50220    0.00000   100%  84.4 2585s
H233449 53484                    552640.48926    0.00000   100%  84.5 2587s
H233512 53402                    552190.56748    0.00000   100%  84.5 2589s
 233546 53398 145111.337  156  178 552190.567    0.00000   100%  84.5 2590s
H233744 50852                    546998.22179    0.00000   100%  84.7 2593s
H233849 50483                    545892.58416    0.00000   100%  84.7 2595s
H234115 50469                    545581.66889    0.00000   100%  84.9 2599s
 234124 50468 106334.750  150  179 545581.669    0.00000   100%  84.9 2600s
H234391 50473                    545548.60899    0.00000   100%  85.1 2604s
H234406 50472                    545464.62468    0.00000   100%  85.1 2604s
H234418 50428                    545313.49842    0.00000   100%  85.1 2604s
 234420 50428 infeasible  162      545313.498    0.00000   100%  85.1 2605s
H234474 49878                    543349.04221    0.00000   100%  85.1 2606s
H234559 49728                    542831.78481    0.00000   100%  85.2 2607s
H234654 49674                    542717.44238    0.00000   100%  85.2 2609s
 234702 49690 26604.3148  150  177 542717.442    0.00000   100%  85.3 2610s
H234835 49664                    542712.65109    0.00000   100%  85.4 2612s
H234883 49571                    542353.17363    0.00000   100%  85.4 2614s
 234955 49577 infeasible  140      542353.174    0.00000   100%  85.5 2615s
H235020 49314                    541420.10952    0.00000   100%  85.5 2616s
H235046 48851                    539493.52601    0.00000   100%  85.5 2616s
H235074 48844                    539477.39398    0.00000   100%  85.5 2617s
H235153 48853                    539465.55945    0.00000   100%  85.6 2618s
H235179 48788                    539232.08907    0.00000   100%  85.6 2618s
 235255 48806 1480.54441  149  179 539232.089    0.00000   100%  85.6 2620s
H235264 48785                    539155.84109    0.00000   100%  85.7 2620s
 235542 48815 54973.3856  164  184 539155.841    0.00000   100%  85.8 2625s
 235833 48834 infeasible  160      539155.841    0.00000   100%  86.0 2630s
 236109 48842 infeasible  147      539155.841    0.00000   100%  86.2 2635s
H236134 48607                    538263.74417    0.00000   100%  86.2 2635s
H236289 48513                    537935.46421    0.00000   100%  86.3 2638s
 236398 48512 infeasible  150      537935.464    0.00000   100%  86.4 2640s
H236689 48372                    537207.05156    0.00000   100%  86.5 2644s
 236729 48388 22986.5879  163  173 537207.052    0.00000   100%  86.5 2645s
H236881 48374                    537207.03775    0.00000   100%  86.6 2647s
H236956 48326                    537025.26568    0.00000   100%  86.7 2649s
 237019 48335 infeasible  148      537025.266    0.00000   100%  86.7 2650s
H237175 48334                    536979.33189    0.00000   100%  86.8 2652s
H237203 48315                    536924.86525    0.00000   100%  86.8 2653s
H237256 48219                    536678.97183    0.00000   100%  86.8 2654s
 237295 48230 infeasible  160      536678.972    0.00000   100%  86.9 2655s
H237321 48220                    536678.96270    0.00000   100%  86.9 2655s
 237577 48216 infeasible  141      536678.963    0.00000   100%  87.1 2660s
H237645 48203                    536656.13533    0.00000   100%  87.1 2661s
H237831 48126                    536444.11490    0.00000   100%  87.2 2664s
 237881 48130 infeasible  153      536444.115    0.00000   100%  87.2 2665s
H238145 47766                    535480.85255    0.00000   100%  87.4 2673s
 238223 47770  227.93210  162  182 535480.853    0.00000   100%  87.4 2675s
H238307 47772                    535480.83687    0.00000   100%  87.5 2676s
H238440 47789                    535480.51206    0.00000   100%  87.5 2678s
H238467 47739                    535378.92241    0.00000   100%  87.6 2679s
 238521 47753    0.00000  173  176 535378.922    0.00000   100%  87.6 2680s
H238610 47732                    535279.70330    0.00000   100%  87.6 2681s
 238776 47734    0.00000  160  174 535279.703    0.00000   100%  87.7 2685s
H238793 47722                    535240.78299    0.00000   100%  87.7 2685s
H238900 47608                    534511.21456    0.00000   100%  87.8 2687s
H238957 47609                    534506.69652    0.00000   100%  87.8 2688s
 239066 47606 infeasible  166      534506.697    0.00000   100%  87.9 2690s
H239175 47600                    534473.03298    0.00000   100%  88.0 2692s
 239318 47623    0.00000  181  185 534473.033    0.00000   100%  88.0 2695s
H239506 47605                    534459.64051    0.00000   100%  88.2 2698s
H239532 47604                    534426.16646    0.00000   100%  88.2 2698s
 239618 47614 infeasible  165      534426.166    0.00000   100%  88.2 2700s
 239919 47605 2801.23722  174  184 534426.166    0.00000   100%  88.4 2705s
H240001 47587                    534422.99999    0.00000   100%  88.5 2707s
 240164 47556 1036.62031  164  188 534423.000    0.00000   100%  88.6 2710s
H240460 47546                    534262.86787    0.00000   100%  88.7 2715s
H240543 47400                    533859.44287    0.00000   100%  88.8 2716s
H240646 47404                    533811.23830    0.00000   100%  88.9 2718s
 240741 47421 infeasible  144      533811.238    0.00000   100%  88.9 2720s
H240815 47383                    533744.75545    0.00000   100%  89.0 2721s
H240867 47301                    533254.37326    0.00000   100%  89.0 2722s
H240945 47290                    533203.23084    0.00000   100%  89.0 2724s
 241019 47292 infeasible  148      533203.231    0.00000   100%  89.1 2725s
H241302 47092                    532533.32323    0.00000   100%  89.3 2729s
 241326 47098 infeasible  161      532533.323    0.00000   100%  89.3 2730s
H241465 47091                    532533.28489    0.00000   100%  89.4 2732s
 241587 47099 infeasible  150      532533.285    0.00000   100%  89.5 2735s
H241782 47024                    532212.19573    0.00000   100%  89.6 2738s
 241865 47051 infeasible  170      532212.196    0.00000   100%  89.6 2740s
 242182 47100 1568.25582  161  178 532212.196    0.00000   100%  89.8 2745s
H242209 47093                    532210.97008    0.00000   100%  89.8 2745s
H242309 47083                    532198.18060    0.00000   100%  89.9 2747s
 242436 47080    0.00000  154  182 532198.181    0.00000   100%  89.9 2750s
 242704 47096 31419.9222  160  187 532198.181    0.00000   100%  90.1 2755s
H242793 47097                    532188.99897    0.00000   100%  90.2 2756s
 243012 47126 infeasible  170      532188.999    0.00000   100%  90.3 2760s
H243085 47116                    532164.83696    0.00000   100%  90.3 2761s
H243183 47111                    532122.51266    0.00000   100%  90.4 2763s
 243265 47117 infeasible  173      532122.513    0.00000   100%  90.4 2765s
H243479 47115                    532122.11078    0.00000   100%  90.6 2769s
 243542 47138    0.00000  158  189 532122.111    0.00000   100%  90.6 2770s
H243683 47161                    532098.43705    0.00000   100%  90.7 2772s
 243795 47167 1059.17952  171  175 532098.437    0.00000   100%  90.7 2775s
H243798 47164                    532098.00485    0.00000   100%  90.7 2775s
 244089 47147 infeasible  175      532098.005    0.00000   100%  91.0 2780s
H244199 47169                    532093.62399    0.00000   100%  91.0 2781s
 244351 47151 infeasible  157      532093.624    0.00000   100%  91.1 2785s
H244384 47129                    532014.30088    0.00000   100%  91.1 2785s
H244517 47128                    531939.49615    0.00000   100%  91.2 2787s
H244624 47131                    531939.47932    0.00000   100%  91.3 2790s
H244650 47131                    531932.35616    0.00000   100%  91.3 2791s
 244880 47147 53770.9133  169  187 531932.356    0.00000   100%  91.4 2795s
H244892 46874                    531180.70512    0.00000   100%  91.4 2795s
 245168 46892 infeasible  164      531180.705    0.00000   100%  91.6 2800s
H245228 46880                    531088.83487    0.00000   100%  91.6 2801s
H245363 46883                    531075.98999    0.00000   100%  91.7 2803s
 245422 46884    0.00000  167  186 531075.990    0.00000   100%  91.7 2805s
 245705 46883    0.00000  172  185 531075.990    0.00000   100%  91.9 2810s
 245936 46896 infeasible  174      531075.990    0.00000   100%  92.0 2815s
H246155 46745                    530665.07725    0.00000   100%  92.2 2819s
 246208 46768 21905.1118  171  181 530665.077    0.00000   100%  92.2 2820s
 246481 46773    0.00000  174  179 530665.077    0.00000   100%  92.4 2825s
H246688 46757                    530660.07425    0.00000   100%  92.5 2828s
H246714 46752                    530642.54695    0.00000   100%  92.5 2829s
 246759 46749 infeasible  185      530642.547    0.00000   100%  92.6 2830s
H246767 46737                    530631.90533    0.00000   100%  92.6 2830s
H246794 46701                    530433.05730    0.00000   100%  92.6 2830s
H246822 46580                    530102.78741    0.00000   100%  92.6 2831s
H246849 46219                    528785.53804    0.00000   100%  92.6 2832s
 246963 46227 infeasible  158      528785.538    0.00000   100%  92.7 2835s
H247140 46214                    528770.28572    0.00000   100%  92.8 2838s
 247221 46227 infeasible  161      528770.286    0.00000   100%  92.8 2840s
H247408 46203                    528726.62126    0.00000   100%  93.0 2843s
H247435 46164                    528658.94080    0.00000   100%  93.0 2844s
H247461 46120                    528591.00347    0.00000   100%  93.0 2845s
H247551 46122                    528590.92733    0.00000   100%  93.1 2847s
 247685 46126 54652.4233  158  191 528590.927    0.00000   100%  93.1 2850s
 247996 46163 infeasible  181      528590.927    0.00000   100%  93.3 2855s
 248254 46153 infeasible  161      528590.927    0.00000   100%  93.5 2860s
H248290 46146                    528579.25279    0.00000   100%  93.5 2865s
H248394 46136                    528575.21100    0.00000   100%  93.6 2867s
H248421 46110                    528519.79855    0.00000   100%  93.6 2868s
 248518 46137    0.00000  161  168 528519.799    0.00000   100%  93.6 2870s
H248659 46094                    528399.23040    0.00000   100%  93.7 2872s
 248809 46102    0.00000  159  177 528399.230    0.00000   100%  93.8 2875s
H249006 46070                    528312.99787    0.00000   100%  93.9 2878s
 249111 46073 infeasible  143      528312.998    0.00000   100%  94.0 2880s
 249396 46102 infeasible  152      528312.998    0.00000   100%  94.2 2885s
 249678 46098    0.00000  143  177 528312.998    0.00000   100%  94.3 2890s
 249953 46109    0.00000  154  177 528312.998    0.00000   100%  94.5 2895s
H249979 46124                    528310.97768    0.00000   100%  94.5 2895s
H250010 46127                    528309.42703    0.00000   100%  94.5 2896s
 250171 46112 infeasible  145      528309.427    0.00000   100%  94.7 2900s
H250222 46108                    528294.97696    0.00000   100%  94.7 2901s
H250248 46118                    528294.82333    0.00000   100%  94.7 2901s
 250447 46141 infeasible  165      528294.823    0.00000   100%  94.8 2905s
H250674 46160                    528273.20644    0.00000   100%  94.9 2908s
 250772 46164 infeasible  178      528273.206    0.00000   100%  94.9 2910s
H250860 46156                    528263.10206    0.00000   100%  95.0 2911s
H250887 46136                    528229.37893    0.00000   100%  95.0 2912s
 251066 46129 infeasible  171      528229.379    0.00000   100%  95.1 2915s
H251369 46124                    528205.98134    0.00000   100%  95.2 2920s
 251691 46148    0.00000  164  187 528205.981    0.00000   100%  95.4 2925s
H251799 46125                    528185.48694    0.00000   100%  95.4 2927s
H251826 46124                    528185.48469    0.00000   100%  95.5 2927s
 251907 46119 55127.9450  168  178 528185.485    0.00000   100%  95.5 2930s
H251933 46115                    528181.50957    0.00000   100%  95.5 2930s
H251959 46107                    528134.89399    0.00000   100%  95.5 2931s
H251985 46101                    528134.83998    0.00000   100%  95.5 2932s
H252038 46087                    528092.41760    0.00000   100%  95.6 2933s
H252038 46055                    528015.44409    0.00000   100%  95.6 2933s
 252117 46060 infeasible  167      528015.444    0.00000   100%  95.6 2935s
H252356 46045                    527996.37279    0.00000   100%  95.7 2939s
 252395 46066 infeasible  163      527996.373    0.00000   100%  95.8 2940s
H252459 46043                    527962.11894    0.00000   100%  95.8 2941s
H252710 46046                    527923.75403    0.00000   100%  95.9 2945s
 252996 46062 infeasible  141      527923.754    0.00000   100%  96.1 2950s
H253245 46061                    527923.62432    0.00000   100%  96.2 2954s
 253299 46057    0.00000  159  189 527923.624    0.00000   100%  96.3 2955s
H253362 45968                    527635.57056    0.00000   100%  96.3 2958s
H253403 45969                    527635.28111    0.00000   100%  96.3 2959s
 253407 45969 infeasible  139      527635.281    0.00000   100%  96.3 2960s
H253646 45970                    527633.22660    0.00000   100%  96.4 2964s
 253673 45973    0.00000  140  182 527633.227    0.00000   100%  96.5 2965s
H253769 45952                    527615.91228    0.00000   100%  96.5 2966s
 253929 45946 infeasible  149      527615.912    0.00000   100%  96.6 2970s
H253978 45937                    527610.51356    0.00000   100%  96.6 2971s
 254187 45956  995.68042  153  184 527610.514    0.00000   100%  96.8 2975s
H254405 45956                    527605.69295    0.00000   100%  96.9 2979s
 254475 45966 infeasible  162      527605.693    0.00000   100%  96.9 2980s
 254757 45982 infeasible  164      527605.693    0.00000   100%  97.1 2985s
 255038 45979    0.00000  149  182 527605.693    0.00000   100%  97.3 2990s
H255175 45949                    527566.00209    0.00000   100%  97.3 2992s
 255351 45989 55473.7991  170  182 527566.002    0.00000   100%  97.4 2995s
H255569 45972                    527558.34303    0.00000   100%  97.5 2998s
 255633 45976 infeasible  159      527558.343    0.00000   100%  97.6 3000s
H255736 45972                    527545.91186    0.00000   100%  97.6 3002s
H255789 45972                    527545.83164    0.00000   100%  97.7 3002s
H255868 45924                    527483.63434    0.00000   100%  97.7 3004s
 255890 45926 infeasible  151      527483.634    0.00000   100%  97.7 3005s
H256110 45854                    527406.17348    0.00000   100%  97.9 3009s
 256143 45851    0.00000  134  194 527406.173    0.00000   100%  97.9 3010s
H256218 45858                    527400.31377    0.00000   100%  97.9 3011s
H256287 45854                    527370.29841    0.00000   100%  97.9 3013s
 256386 45855 11189.9863  141  177 527370.298    0.00000   100%  98.0 3015s
H256470 45805                    527305.93993    0.00000   100%  98.0 3017s
 256634 45823    0.00000  143  188 527305.940    0.00000   100%  98.1 3020s
 256950 45857    0.00000  144  182 527305.940    0.00000   100%  98.2 3025s
 257234 45923 infeasible  153      527305.940    0.00000   100%  98.3 3030s
H257452 45935                    527301.84881    0.00000   100%  98.4 3033s
 257543 45942 infeasible  155      527301.849    0.00000   100%  98.5 3035s
H257776 45935                    527289.21757    0.00000   100%  98.6 3039s
 257830 45947 125149.820  165  180 527289.218    0.00000   100%  98.6 3040s
H258095 45955                    527281.74105    0.00000   100%  98.7 3044s
H258123 45722                    526702.52629    0.00000   100%  98.8 3045s
H258229 45687                    526523.65792    0.00000   100%  98.8 3047s
 258425 45731 38907.4443  160  178 526523.658    0.00000   100%  98.9 3050s
H258567 45715                    526523.64880    0.00000   100%  99.0 3053s
H258570 45602                    526301.08517    0.00000   100%  99.0 3053s
 258678 45594 infeasible  142      526301.085    0.00000   100%  99.0 3055s
H258706 45600                    526294.33502    0.00000   100%  99.0 3055s
H258792 45594                    526281.64929    0.00000   100%  99.1 3057s
H258885 45574                    526266.11499    0.00000   100%  99.1 3058s
 258954 45573 infeasible  144      526266.115    0.00000   100%  99.2 3060s
H258987 45414                    526174.23931    0.00000   100%  99.2 3060s
 259228 45413 infeasible  165      526174.239    0.00000   100%  99.3 3065s
H259258 44996                    525943.79064    0.00000   100%  99.3 3065s
H259295 44980                    525941.83162    0.00000   100%  99.4 3066s
H259338 44902                    525894.12436    0.00000   100%  99.4 3067s
H259393 44799                    525840.11091    0.00000   100%  99.4 3068s
 259465 44803 infeasible  153      525840.111    0.00000   100%  99.4 3070s
H259474 44784                    525831.62148    0.00000   100%  99.4 3070s
H259762 43278                    524590.79465    0.00000   100%   100 3074s
 259770 43278 infeasible  166      524590.795    0.00000   100%   100 3075s
H259923 43010                    524142.36502    0.00000   100%   100 3078s
 260020 43011    0.00000  165  183 524142.365    0.00000   100%   100 3080s
H260238 42997                    524130.84139    0.00000   100%   100 3084s
 260258 42995 16574.9255  160  194 524130.841    0.00000   100%   100 3085s
H260502 42858                    523518.46089    0.00000   100%   100 3089s
 260525 42857 infeasible  157      523518.461    0.00000   100%   100 3090s
H260586 42852                    523478.59988    0.00000   100%   100 3091s
 260782 42846    0.00000  143  183 523478.600    0.00000   100%   100 3095s
 261058 42840    0.00000  148  191 523478.600    0.00000   100%   100 3100s
H261157 42827                    523423.27079    0.00000   100%   100 3101s
 261322 42840 62003.3124  149  177 523423.271    0.00000   100%   100 3105s
H261461 42841                    523422.87699    0.00000   100%   101 3107s
H261599 42831                    523422.58373    0.00000   100%   101 3109s
 261632 42834 infeasible  155      523422.584    0.00000   100%   101 3110s
 261915 42843  311.91619  159  183 523422.584    0.00000   100%   101 3115s
 262180 42824 infeasible  153      523422.584    0.00000   100%   101 3120s
 262472 42820   42.32495  145  187 523422.584    0.00000   100%   101 3125s
 262771 42807 90001.2738  149  189 523422.584    0.00000   100%   101 3130s
 263067 42803 infeasible  151      523422.584    0.00000   100%   101 3135s
 263340 42808 10700.5926  147  183 523422.584    0.00000   100%   102 3140s
 263572 42804 50920.4831  145  186 523422.584    0.00000   100%   102 3145s
 263851 42753 infeasible  164      523422.584    0.00000   100%   102 3150s
 264123 42729 infeasible  158      523422.584    0.00000   100%   102 3155s
 264397 42701 4621.41016  146  177 523422.584    0.00000   100%   102 3160s
 264671 42727 infeasible  162      523422.584    0.00000   100%   102 3165s
 264978 42710 2049.66654  151  191 523422.584    0.00000   100%   102 3170s
 265220 42692 21683.0756  158  180 523422.584    0.00000   100%   103 3175s
 265470 42676 infeasible  150      523422.584    0.00000   100%   103 3180s
 265775 42709 infeasible  146      523422.584    0.00000   100%   103 3185s
H265835 42709                    523385.56166    0.00000   100%   103 3186s
H265913 42711                    523385.45109    0.00000   100%   103 3187s
H265940 42709                    523374.47796    0.00000   100%   103 3187s
H266021 42724                    523373.64797    0.00000   100%   103 3189s
 266042 42727 infeasible  153      523373.648    0.00000   100%   103 3190s
 266289 42740 32571.5950  154  179 523373.648    0.00000   100%   103 3195s
H266474 42743                    523371.20169    0.00000   100%   103 3198s
 266560 42751    0.00000  151  191 523371.202    0.00000   100%   103 3200s
H266643 42743                    523359.40878    0.00000   100%   103 3201s
 266847 42759    0.00000  149  192 523359.409    0.00000   100%   103 3205s
H266995 42767                    523359.40858    0.00000   100%   103 3207s
H267051 42777                    523350.32399    0.00000   100%   103 3209s
H267077 42768                    523335.30876    0.00000   100%   103 3209s
 267081 42770 infeasible  149      523335.309    0.00000   100%   103 3210s
H267129 42738                    523157.97551    0.00000   100%   103 3211s
H267235 42736                    523120.88823    0.00000   100%   104 3214s
 267267 42748 infeasible  167      523120.888    0.00000   100%   104 3215s
H267340 42741                    523071.03903    0.00000   100%   104 3218s
 267398 42741    0.00000  147  187 523071.039    0.00000   100%   104 3220s
 267559 42750 54571.6723  147  184 523071.039    0.00000   100%   104 3225s
 267727 42752 infeasible  150      523071.039    0.00000   100%   104 3230s
 267908 42757 infeasible  153      523071.039    0.00000   100%   104 3235s
 268079 42772 infeasible  145      523071.039    0.00000   100%   104 3240s
H268124 42773                    523062.58358    0.00000   100%   104 3241s
H268257 42634                    522350.22806    0.00000   100%   104 3243s
 268309 42638 infeasible  126      522350.228    0.00000   100%   104 3245s
 268486 42653    0.00000  145  186 522350.228    0.00000   100%   104 3250s
H268554 42638                    522338.55788    0.00000   100%   104 3252s
 268627 42631 8412.88548  157  187 522338.558    0.00000   100%   104 3255s
H268792 42603                    522257.25830    0.00000   100%   104 3259s
 268818 42601 infeasible  156      522257.258    0.00000   100%   104 3260s
H268953 42600                    522247.56878    0.00000   100%   104 3263s
H268980 42585                    522129.90226    0.00000   100%   104 3264s
 268995 42590    0.00000  137  190 522129.902    0.00000   100%   104 3265s
H269006 42595                    522129.86746    0.00000   100%   104 3265s
 269173 42594 infeasible  146      522129.867    0.00000   100%   104 3270s
H269249 42594                    522053.61025    0.00000   100%   105 3272s
H269302 42588                    522004.56398    0.00000   100%   105 3274s
 269332 42588 infeasible  139      522004.564    0.00000   100%   105 3275s
H269467 42572                    521998.62101    0.00000   100%   105 3279s
H269485 42572                    521998.53081    0.00000   100%   105 3279s
 269496 42577 44765.4204  166  186 521998.531    0.00000   100%   105 3280s
 269687 42584 2928.58437  141  182 521998.531    0.00000   100%   105 3285s
 269878 42585 infeasible  147      521998.531    0.00000   100%   105 3290s
 270077 42582    0.00000  140  183 521998.531    0.00000   100%   105 3295s
 270245 42550    0.00000  133  185 521998.531    0.00000   100%   105 3300s
H270366 42549                    521992.66800    0.00000   100%   105 3303s
 270419 42548    0.00000  119  185 521992.668    0.00000   100%   105 3305s
H270581 42576                    521980.89818    0.00000   100%   105 3309s
 270589 42574 infeasible  135      521980.898    0.00000   100%   105 3310s
H270744 42583                    521955.45364    0.00000   100%   105 3315s
H270797 42580                    521955.44622    0.00000   100%   105 3316s
 270907 42600 infeasible  133      521955.446    0.00000   100%   105 3320s
H270964 42599                    521955.11841    0.00000   100%   105 3321s
 271057 42602    0.00000  138  189 521955.118    0.00000   100%   105 3325s
H271096 42595                    521934.23132    0.00000   100%   105 3326s
H271123 42590                    521934.05859    0.00000   100%   105 3327s
 271216 42589    0.00000  148  182 521934.059    0.00000   100%   106 3330s
H271363 42576                    521753.49269    0.00000   100%   106 3334s
 271383 42574 infeasible  152      521753.493    0.00000   100%   106 3335s
H271445 42562                    521688.63818    0.00000   100%   106 3337s
H271502 42563                    521675.95791    0.00000   100%   106 3339s
 271536 42563    0.00000  135  187 521675.958    0.00000   100%   106 3340s
 271747 42576 55505.1541  147  187 521675.958    0.00000   100%   106 3345s
 271933 42584 infeasible  171      521675.958    0.00000   100%   106 3350s
H272050 42575                    521675.62473    0.00000   100%   106 3353s
H272113 42574                    521674.93911    0.00000   100%   106 3354s
 272123 42578 infeasible  158      521674.939    0.00000   100%   106 3355s
H272129 42578                    521629.50309    0.00000   100%   106 3355s
H272238 42562                    521558.03253    0.00000   100%   106 3358s
 272298 42564    0.00000  149  185 521558.033    0.00000   100%   106 3360s
 272474 42558    0.00000  150  188 521558.033    0.00000   100%   106 3365s
H272662 42524                    521558.02820    0.00000   100%   106 3370s
H272688 42518                    521554.39996    0.00000   100%   106 3370s
 272837 42533    0.00000  154  181 521554.400    0.00000   100%   106 3375s
 272978 42534    0.00000  161  186 521554.400    0.00000   100%   106 3380s
 273177 42537 35247.2609  151  183 521554.400    0.00000   100%   106 3385s
H273264 42524                    521529.90991    0.00000   100%   106 3387s
 273361 42515 29397.4021  145  180 521529.910    0.00000   100%   107 3390s
H273426 42502                    521529.84689    0.00000   100%   107 3392s
H273484 42495                    521514.85957    0.00000   100%   107 3394s
 273512 42497 2102.11022  153  190 521514.860    0.00000   100%   107 3395s
H273648 42494                    521514.39836    0.00000   100%   107 3400s
H273718 42490                    521497.10499    0.00000   100%   107 3402s
 273816 42478 54214.3418  162  178 521497.105    0.00000   100%   107 3405s
 274006 42472 54735.1801  164  192 521497.105    0.00000   100%   107 3410s
H274098 42460                    521479.68752    0.00000   100%   107 3412s
 274180 42440    0.00000  150  195 521479.688    0.00000   100%   107 3415s
 274334 42432 116126.479  155  180 521479.688    0.00000   100%   107 3420s
H274385 42399                    521417.22366    0.00000   100%   107 3421s
 274509 42387  798.43310  139  187 521417.224    0.00000   100%   107 3425s
H274590 42369                    521407.96170    0.00000   100%   107 3427s
 274696 42365 infeasible  156      521407.962    0.00000   100%   107 3430s
H274753 42350                    521407.91539    0.00000   100%   107 3432s
 274843 42350 54468.4468  143  180 521407.915    0.00000   100%   107 3435s
H275028 42327                    521405.28542    0.00000   100%   107 3439s
 275036 42327 infeasible  133      521405.285    0.00000   100%   107 3440s
 275204 42333    0.00000  142  182 521405.285    0.00000   100%   108 3445s
 275376 42337    0.00000  145  178 521405.285    0.00000   100%   108 3450s
 275556 42337 infeasible  147      521405.285    0.00000   100%   108 3455s
H275594 42279                    520950.89363    0.00000   100%   108 3456s
 275742 42249    0.00000  155  183 520950.894    0.00000   100%   108 3460s
H275756 42240                    520929.15146    0.00000   100%   108 3460s
H275784 42229                    520860.62863    0.00000   100%   108 3462s
 275884 42219 infeasible  153      520860.629    0.00000   100%   108 3465s
 276047 42222 55680.3154  165  178 520860.629    0.00000   100%   108 3470s
H276113 42218                    520854.14346    0.00000   100%   108 3471s
 276215 42224 infeasible  165      520854.143    0.00000   100%   108 3475s
H276223 42216                    520781.08199    0.00000   100%   108 3475s
H276249 42213                    520778.74588    0.00000   100%   108 3476s
 276357 42215    0.00000  150  183 520778.746    0.00000   100%   108 3480s
 276567 42221 12065.9863  149  183 520778.746    0.00000   100%   108 3485s
 276764 42214    0.00000  148  187 520778.746    0.00000   100%   108 3490s
 276933 42207 1794.58661  157  192 520778.746    0.00000   100%   108 3495s
 277110 42200    0.00000  140  193 520778.746    0.00000   100%   109 3500s
H277147 42196                    520751.79289    0.00000   100%   109 3501s
H277199 42199                    520746.78707    0.00000   100%   109 3502s
 277270 42208 34930.9679  160  185 520746.787    0.00000   100%   109 3505s
H277461 42185                    520474.61618    0.00000   100%   109 3510s
H277489 42179                    520464.37829    0.00000   100%   109 3511s
H277489 42176                    520443.02621    0.00000   100%   109 3511s
H277517 42136                    520135.36746    0.00000   100%   109 3512s
 277601 42134 51114.6038  153  178 520135.367    0.00000   100%   109 3515s
 277795 42118 infeasible  162      520135.367    0.00000   100%   109 3520s
 277985 42086 6959.08309  156  191 520135.367    0.00000   100%   109 3525s
H278159 42011                    520018.43302    0.00000   100%   109 3529s
 278172 42010    0.00000  156  188 520018.433    0.00000   100%   109 3530s
H278239 41999                    520011.84979    0.00000   100%   109 3532s
 278348 42004 2690.64279  154  196 520011.850    0.00000   100%   109 3535s
H278412 41992                    520001.31175    0.00000   100%   109 3537s
 278471 41989 100363.761  136  184 520001.312    0.00000   100%   109 3540s
H278563 41983                    519996.58327    0.00000   100%   109 3542s
H278592 41974                    519973.88370    0.00000   100%   109 3543s
 278637 41969 54745.4990  154  184 519973.884    0.00000   100%   109 3545s
H278700 41946                    519958.50966    0.00000   100%   109 3546s
H278728 41932                    519917.30398    0.00000   100%   109 3549s
 278747 41933 52681.0829  141  184 519917.304    0.00000   100%   109 3550s
 278934 41924    0.00000  148  175 519917.304    0.00000   100%   109 3555s
 279103 41917 53437.8554  148  186 519917.304    0.00000   100%   109 3560s
 279270 41904    0.00000  147  188 519917.304    0.00000   100%   110 3565s
H279381 41887                    519904.01406    0.00000   100%   110 3568s
H279408 41886                    519895.87927    0.00000   100%   110 3569s
H279434 41874                    519829.28890    0.00000   100%   110 3570s
H279547 41805                    519417.30057    0.00000   100%   110 3572s
H279626 41808                    519405.60881    0.00000   100%   110 3574s
 279654 41810 21473.1201  156  199 519405.609    0.00000   100%   110 3575s
 279779 41791 1603.63466  143  183 519405.609    0.00000   100%   110 3580s
 279964 41796  894.75428  162  184 519405.609    0.00000   100%   110 3585s
H280054 41791                    519391.93283    0.00000   100%   110 3587s
 280157 41776    0.00000  148  187 519391.933    0.00000   100%   110 3590s
H280274 41769                    519359.14647    0.00000   100%   110 3593s
H280302 41769                    519354.30621    0.00000   100%   110 3594s
 280328 41769    0.00000  127  184 519354.306    0.00000   100%   110 3595s
 280485 41782    0.00000  135  187 519354.306    0.00000   100%   110 3600s

Cutting planes:
  Gomory: 3
  Implied bound: 26
  MIR: 85
  StrongCG: 1
  Flow cover: 43
  RLT: 27

Explored 280486 nodes (30894109 simplex iterations) in 3600.11 seconds (1330.57 work units)
Thread count was 1 (of 24 available processors)

Solution count 10: 519354 519359 519392 ... 519959

Time limit reached
Best objective 5.193543062069e+05, best bound 0.000000000000e+00, gap 100.0000%
