
Gurobi 11.0.3 (linux64, Java) logging started qui 18 dez 2025 14:51:55 -03

Set parameter WLSAccessID
Set parameter WLSSecret
Set parameter LicenseID to value 2566693
Academic license 2566693 - for non-commercial use only - registered to ja___@ufv.br
Set parameter NonConvex to value 2
Set parameter TimeLimit to value 3600
Set parameter LogToConsole to value 0
Set parameter MIPGap to value 4.7478399160473358e-08
Set parameter Threads to value 1
Set parameter NodefileDir to value "/scratch"
Set parameter NodefileStart to value 0.5
Gurobi Optimizer version 11.0.3 build v11.0.3rc0 (linux64)

CPU model: Intel(R) Xeon(R) CPU           X5650  @ 2.67GHz, instruction set [SSE2]
Thread count: 12 physical cores, 24 logical processors, using up to 1 threads

Academic license 2566693 - for non-commercial use only - registered to ja___@ufv.br
Optimize a model with 62101 rows, 41913 columns and 208058 nonzeros
Model fingerprint: 0x75dcc861
Model has 149 quadratic constraints
Variable types: 20886 continuous, 21027 integer (144 binary)
Coefficient statistics:
  Matrix range     [7e-03, 6e+06]
  QMatrix range    [7e-03, 1e+05]
  QLMatrix range   [1e+00, 1e+05]
  Objective range  [1e+00, 4e+07]
  Bounds range     [1e+00, 1e+08]
  RHS range        [1e+00, 4e+06]
  QRHS range       [1e-02, 1e-02]
Presolve removed 61160 rows and 40894 columns
Presolve time: 0.14s
Presolved: 2243 rows, 1411 columns, 69462 nonzeros
Presolved model has 2 SOS constraint(s)
Presolved model has 144 bilinear constraint(s)

Solving non-convex MIQCP

Variable types: 561 continuous, 850 integer (146 binary)
Found heuristic solution: objective 1.471765e+07

Root relaxation: objective 0.000000e+00, 532 iterations, 0.02 seconds (0.01 work units)

    Nodes    |    Current Node    |     Objective Bounds      |     Work
 Expl Unexpl |  Obj  Depth IntInf | Incumbent    BestBd   Gap | It/Node Time

     0     0    0.00000    0  217 1.4718e+07    0.00000   100%     -    0s
H    0     0                    9590826.0556    0.00000   100%     -    0s
     0     0    0.00000    0  386 9590826.06    0.00000   100%     -    0s
     0     0    0.00000    0  325 9590826.06    0.00000   100%     -    1s
     0     0    0.00000    0  334 9590826.06    0.00000   100%     -    1s
     0     0    0.00000    0  302 9590826.06    0.00000   100%     -    1s
     0     0    0.00000    0  302 9590826.06    0.00000   100%     -    2s
H    0     0                    7268932.6475    0.00000   100%     -    2s
     0     2    0.00000    0  302 7268932.65    0.00000   100%     -    2s
H   52    52                    7181027.2596    0.00000   100%  91.5    3s
H  182   182                    6781453.8244    0.00000   100%   108    4s
   187   189 4455877.81  139  186 6781453.82    0.00000   100%   109    5s
H  208   208                    6421520.2559    0.00000   100%   111    5s
H  234   234                    6421519.8929    0.00000   100%  99.4    6s
H  260   260                    6397435.3877    0.00000   100%  89.5    6s
H  579   579                    6308299.2253    0.00000   100%  47.3    8s
H  689   689                    6115931.7148    0.00000   100%  43.6    8s
H  694   694                    6115931.6948    0.00000   100%  43.6    8s
H  720   720                    6096684.8987    0.00000   100%  43.6    9s
   841   843 5389565.37  699  150 6096684.90    0.00000   100%  42.2   10s
H  945   945                    6096684.8908    0.00000   100%  43.9   11s
H 1363  1363                    6082437.1796    0.00000   100%  44.8   14s
H 1482  1482                    5869301.3634    0.00000   100%  42.0   14s
  1497  1499 5572338.77 1311  150 5869301.36    0.00000   100%  42.0   15s
H 1698  1698                    5789709.4940    0.00000   100%  41.3   16s
H 1734  1734                    5778235.0029    0.00000   100%  41.4   16s
H 1779  1773                    5705463.4962    0.00000   100%  41.8   16s
H 1793  1681                    5285655.9462    0.00000   100%  42.2   18s
  1798  1684 5285655.95 1343  234 5285655.95    0.00000   100%  42.0   20s
H 1804  1603                    5027209.8281    0.00000   100%  41.9   23s
  1808  1606 4557388.94  264  189 5027209.83    0.00000   100%  41.8   26s
  1835  1626 43873.7530   25  317 5027209.83    0.00000   100%  50.5   30s
H 1861  1561                    5022090.7831    0.00000   100%  51.0   34s
  1865  1566 84447.2205   40  305 5022090.78    0.00000   100%  51.3   35s
H 1887  1501                    4991766.2362    0.00000   100%  51.0   39s
  1891  1506 306190.891   53  291 4991766.24    0.00000   100%  50.9   40s
  1927  1530 643405.675   71  268 4991766.24    0.00000   100%  50.4   45s
H 1986  1494                    4990495.5191    0.00000   100%  49.9   50s
  2036  1530 928921.787  126  253 4990495.52    0.00000   100%  49.7   55s
  2101  1573 1955491.49  158  236 4990495.52    0.00000   100%  49.4   60s
H 2106  1505                    4792732.9754    0.00000   100%  49.4   61s
H 2121  1450                    4737289.8012    0.00000   100%  49.9   63s
  2136  1462 1916334.87  176  235 4737289.80    0.00000   100%  50.0   65s
H 2147  1405                    4734850.8424    0.00000   100%  49.8   66s
H 2173  1363                    4631364.4203    0.00000   100%  49.4   68s
  2185  1373 2889949.69  200  231 4631364.42    0.00000   100%  49.6   70s
H 2199  1324                    4608999.5721    0.00000   100%  49.6   72s
  2224  1343 3535605.37  220  223 4608999.57    0.00000   100%  49.9   75s
H 2251  1305                    4601972.6326    0.00000   100%  50.0   78s
  2263  1315 4225451.77  239  213 4601972.63    0.00000   100%  49.8   80s
H 2278  1270                    4600780.7429    0.00000   100%  49.7   83s
  2295  1266    0.00000   20  314 4600780.74    0.00000   100%  50.0   85s
H 2304  1221                    4556063.7813    0.00000   100%  50.0   86s
  2325  1237 76193.1064   35  295 4556063.78    0.00000   100%  50.0   90s
H 2330  1193                    4554293.1118    0.00000   100%  49.9   91s
H 2356  1166                    4548720.7168    0.00000   100%  49.8   95s
H 2382  1142                    4548715.9068    0.00000   100%  49.7   98s
  2400  1156 113832.099   73  284 4548715.91    0.00000   100%  49.7  100s
H 2408  1120                    4507361.6461    0.00000   100%  49.6  101s
H 2434  1099                    4506844.7968    0.00000   100%  49.5  104s
  2440  1105 149159.269   93  265 4506844.80    0.00000   100%  49.5  105s
H 2460  1081                    4498116.2015    0.00000   100%  49.4  107s
  2486  1101 365006.638  116  224 4498116.20    0.00000   100%  49.2  110s
  2537  1135 372668.956  141  222 4498116.20    0.00000   100%  49.0  115s
H 2538  1099                    4494112.5998    0.00000   100%  49.0  115s
H 2564  1085                    4465415.2730    0.00000   100%  48.6  117s
  2588  1103 439137.899  167  209 4465415.27    0.00000   100%  48.2  120s
H 2590  1072                    4465414.4032    0.00000   100%  48.2  120s
H 2615  1060                    4463576.6540    0.00000   100%  47.9  123s
H 2668  1033                    4193892.3895    0.00000   100%  47.2  124s
H 2694  1019                    3971320.1939    0.00000   100%  46.8  125s
H 2746  1022                    3726353.7887    0.00000   100%  46.1  126s
H 2798  1034                    3725084.3538    0.00000   100%  45.3  127s
H 2862  1048                    3319742.3182    0.00000   100%  44.4  128s
  2973  1118 infeasible  359      3319742.32    0.00000   100%  43.4  130s
H 3084  1165                    3067637.0534    0.00000   100%  42.5  132s
H 3110  1191                    3036076.0065    0.00000   100%  42.1  132s
  3538  1619 1355147.71  642  180 3036076.01    0.00000   100%  37.3  135s
H 3597  1676                    3031643.6945    0.00000   100%  36.7  135s
H 4158  2208                    3021797.8110    0.00000   100%  32.4  139s
  4250  2302 1520488.54  999  163 3021797.81    0.00000   100%  31.8  140s
H 4536  2586                    3020994.6283    0.00000   100%  29.9  142s
H 4617  2667                    3020694.6534    0.00000   100%  29.4  143s
H 4806  2856                    3020446.1336    0.00000   100%  28.3  145s
  5806  3858 1521314.05 1777  163 3020446.13    0.00000   100%  23.9  150s
H 5959  3999                    2854337.6350    0.00000   100%  23.7  151s
H 6075  4101                    2851841.6117    0.00000   100%  23.7  152s
H 6237  4233                    2849234.1318    0.00000   100%  23.4  154s
  6298  4264    0.00000   38  262 2849234.13    0.00000   100%  23.9  155s
H 6561  4525                    2849141.0040    0.00000   100%  26.0  160s
H 6588  4552                    2815135.9759    0.00000   100%  26.0  160s
H 6600  4561                    2687501.8456    0.00000   100%  26.2  161s
H 6696  4630                    2374150.7878    0.00000   100%  27.1  163s
H 6723  4657                    2371687.4610    0.00000   100%  27.1  163s
H 6750  4678                    2292332.3936    0.00000   100%  27.4  164s
H 6750  4678                    2285743.8141    0.00000   100%  27.4  165s
H 6937  4833                    2271835.9571    0.00000   100%  27.5  169s
H 6940  4836                    2270065.4601    0.00000   100%  27.5  169s
  6979  4875 2219091.79  379  151 2270065.46    0.00000   100%  27.5  170s
H 6994  4884                    2262161.4155    0.00000   100%  27.4  170s
H 7071  4917                    2261080.6818    0.00000   100%  27.8  172s
  7194  5042 963174.441  130  184 2261080.68    0.00000   100%  28.8  175s
H 7320  5158                    2260282.7413    0.00000   100%  29.4  176s
H 7618  5439                    2193411.1917    0.00000   100%  30.3  179s
  7763  5586 1495166.65  414  156 2193411.19    0.00000   100%  30.6  180s
H 7951  5772                    2180549.4186    0.00000   100%  31.2  181s
H 8349  5665                    1703441.6084    0.00000   100%  32.0  183s
H 8363  5644                    1697921.2707    0.00000   100%  32.0  183s
H 8469  5749                    1697206.8757    0.00000   100%  32.2  184s
H 8472  5735                    1675192.1357    0.00000   100%  32.2  184s
  8509  5774 1039057.05  121  211 1675192.14    0.00000   100%  32.3  185s
H 8533  5683                    1649370.2863    0.00000   100%  32.5  185s
H 8634  5609                    1569250.6146    0.00000   100%  33.6  187s
H 8951  5821                    1537354.9243    0.00000   100%  35.1  189s
  9015  5863 102929.101   82  234 1537354.92    0.00000   100%  35.4  190s
H 9116  5901                    1526739.2581    0.00000   100%  36.1  191s
H 9326  4106                    1519885.9648    0.00000   100%  37.2  193s
H 9349  4121                    1517511.7584    0.00000   100%  37.4  193s
H 9463  4189                    1515659.3361    0.00000   100%  38.3  195s
H 9624  4240                    1502286.1884    0.00000   100%  39.3  197s
H 9654  3757                    1468637.1667    0.00000   100%  39.6  198s
H 9787  3742                    1467400.6866    0.00000   100%  40.5  199s
  9792  3741 258767.252   72  249 1467400.69    0.00000   100%  40.6  200s
H 9820  3751                    1466408.7531    0.00000   100%  40.8  200s
H 9980  3645                    1452938.7930    0.00000   100%  41.4  202s
H10094  3710                    1450814.7535    0.00000   100%  42.5  203s
H10094  3705                    1443782.0198    0.00000   100%  42.5  204s
H10149  3726                    1440593.4122    0.00000   100%  42.7  204s
 10181  3749    0.00000   76  271 1440593.41    0.00000   100%  42.8  205s
H10340  3474                    1399969.0354    0.00000   100%  43.8  207s
H10480  3538                    1397497.5460    0.00000   100%  44.6  209s
 10528  3563 infeasible   63      1397497.55    0.00000   100%  45.0  210s
H10532  3559                    1396832.3142    0.00000   100%  45.0  210s
H10665  3605                    1396475.0581    0.00000   100%  45.8  212s
H10717  3605                    1395165.0646    0.00000   100%  46.2  214s
H10719  3583                    1392912.9910    0.00000   100%  46.3  214s
 10753  3599 infeasible   97      1392912.99    0.00000   100%  46.6  215s
H10960  3719                    1392467.8103    0.00000   100%  47.9  217s
H10986  3733                    1392430.4831    0.00000   100%  48.1  218s
H11012  3693                    1378682.7214    0.00000   100%  48.3  218s
H11076  3689                    1362627.4912    0.00000   100%  48.7  219s
 11086  3691 2708.27792   81  277 1362627.49    0.00000   100%  49.0  220s
H11141  3721                    1361911.2185    0.00000   100%  49.2  220s
H11167  3734                    1361025.5038    0.00000   100%  49.2  221s
H11320  3825                    1361022.7690    0.00000   100%  49.6  223s
H11422  3859                    1360153.9358    0.00000   100%  50.0  224s
 11426  3859 1110871.23  101  199 1360153.94    0.00000   100%  50.1  225s
H11448  3867                    1358852.8140    0.00000   100%  50.1  225s
H11500  3898                    1358636.4583    0.00000   100%  50.3  226s
H11526  3896                    1357406.0986    0.00000   100%  50.4  226s
H11604  3814                    1354519.4013    0.00000   100%  51.5  228s
H11630  3747                    1347739.9405    0.00000   100%  51.6  229s
 11652  3751 1247469.68   79  222 1347739.94    0.00000   100%  51.7  230s
H11657  3750                    1347714.9011    0.00000   100%  51.7  230s
H11689  3607                    1322972.5186    0.00000   100%  51.8  230s
H11902  3767                    1322967.2331    0.00000   100%  52.6  232s
H12017  3816                    1321217.2342    0.00000   100%  53.3  234s
 12043  3844 622354.710   98  261 1321217.23    0.00000   100%  53.4  235s
H12363  4055                    1321211.6233    0.00000   100%  54.3  238s
H12420  4096                    1321043.9870    0.00000   100%  54.4  239s
 12484  4138 infeasible   93      1321043.99    0.00000   100%  54.9  240s
H12607  4243                    1320965.6805    0.00000   100%  55.0  241s
H12881  4493                    1319129.9911    0.00000   100%  55.0  244s
 13006  4618 1257646.05  333  180 1319129.99    0.00000   100%  55.3  245s
H13009  4618                    1316928.0821    0.00000   100%  55.3  245s
H13237  4726                    1316927.7639    0.00000   100%  56.3  247s
H13356  4787                    1316334.6671    0.00000   100%  56.6  249s
H13382  4776                    1311512.1634    0.00000   100%  57.0  249s
 13390  4786 80417.6875   93  232 1311512.16    0.00000   100%  57.0  250s
H13492  4838                    1311502.2007    0.00000   100%  57.5  251s
H13614  4877                    1311408.8863    0.00000   100%  58.3  253s
H13666  4883                    1311405.4683    0.00000   100%  58.7  254s
H13667  4884                    1310756.7094    0.00000   100%  58.7  254s
H13723  4896                    1308107.5143    0.00000   100%  58.9  255s
H13782  4915                    1308097.8405    0.00000   100%  59.4  256s
H13885  4939                    1308097.0181    0.00000   100%  60.0  257s
 14069  5009 386481.831   99  228 1308097.02    0.00000   100%  61.1  260s
H14084  5010                    1308097.0175    0.00000   100%  61.2  260s
H14250  5084                    1307965.9509    0.00000   100%  62.2  263s
H14276  5102                    1307700.6727    0.00000   100%  62.2  264s
 14309  5125 875678.156  108  198 1307700.67    0.00000   100%  62.2  265s
H14507  5168                    1304761.8736    0.00000   100%  63.5  267s
H14536  5169                    1304632.3347    0.00000   100%  63.6  268s
 14706  5284 1086206.84   82  228 1304632.33    0.00000   100%  63.9  270s
H14758  5311                    1304552.1090    0.00000   100%  64.1  271s
H15002  5546                    1299987.0236    0.00000   100%  63.8  274s
 15136  5682 886622.949  394  177 1299987.02    0.00000   100%  63.4  275s
H15910  6453                    1299833.1678    0.00000   100%  62.6  277s
H16139  6678                    1298886.3310    0.00000   100%  63.0  279s
 16296  6837 927809.981 1543  166 1298886.33    0.00000   100%  63.3  280s
H16435  6963                    1298448.5666    0.00000   100%  63.6  280s
H16575  7100                    1298405.0008    0.00000   100%  63.8  281s
H16856  7369                    1298239.6964    0.00000   100%  64.2  283s
H16940  7409                    1293512.9129    0.00000   100%  64.4  283s
H17004  7473                    1293481.5059    0.00000   100%  64.5  284s
H17176  7643                    1293189.8088    0.00000   100%  64.6  285s
H17269  7736                    1293179.3966    0.00000   100%  64.7  285s
H18148  8614                    1292899.8026    0.00000   100%  64.8  290s
H18239  8704                    1292660.1194    0.00000   100%  64.6  290s
H18499  8964                    1292625.4736    0.00000   100%  64.1  291s
H18756  9221                    1292491.2707    0.00000   100%  63.9  292s
H18877  9339                    1291573.4902    0.00000   100%  63.8  293s
H18922  9384                    1291270.3137    0.00000   100%  63.7  293s
H19227  9689                    1291261.3329    0.00000   100%  63.4  295s
H19255  9717                    1291208.4239    0.00000   100%  63.4  295s
H19984 10446                    1290967.1665    0.00000   100%  62.0  298s
 20213 10677 1057636.62 5266  153 1290967.17    0.00000   100%  61.8  300s
H20941 11375                    1278267.5186    0.00000   100%  61.2  302s
H21441 11875                    1278111.5657    0.00000   100%  62.0  305s
H22020 12454                    1277893.0996    0.00000   100%  62.8  308s
 22335 12771 1097393.08 6983  152 1277893.10    0.00000   100%  63.3  310s
H22576 13010                    1277893.0737    0.00000   100%  63.4  311s
 23260 13628 1205989.57  221  171 1277893.07    0.00000   100%  63.6  315s
H23420 13710                    1277813.8822    0.00000   100%  63.9  316s
 23989 14271 787084.980  352  177 1277813.88    0.00000   100%  63.7  320s
H24304 14584                    1276690.8187    0.00000   100%  63.1  321s
H24666 14946                    1276414.2359    0.00000   100%  62.9  323s
H24822 15101                    1275916.2778    0.00000   100%  63.1  324s
 24828 15109 788410.818  772  171 1275916.28    0.00000   100%  63.1  325s
H25144 15421                    1275155.7613    0.00000   100%  63.0  329s
 25327 15604 819207.428 1021  169 1275155.76    0.00000   100%  62.9  330s
H25401 15676                    1275150.7109    0.00000   100%  62.8  330s
H25719 15994                    1275149.8100    0.00000   100%  62.4  331s
H26001 16275                    1273995.8354    0.00000   100%  62.1  333s
 26283 16553 833743.967 1498  162 1273995.84    0.00000   100%  61.8  335s
H27025 17291                    1273992.3855    0.00000   100%  60.6  337s
H27052 17318                    1273866.8699    0.00000   100%  60.5  337s
H27168 17433                    1273276.8764    0.00000   100%  60.4  338s
H27262 17527                    1273212.5437    0.00000   100%  60.3  338s
H27356 17621                    1272793.7998    0.00000   100%  60.1  339s
 27564 17831 915907.013 2139  155 1272793.80    0.00000   100%  59.9  340s
H28447 18712                    1272713.1366    0.00000   100%  58.8  343s
H28710 18975                    1272501.5612    0.00000   100%  58.7  344s
 28757 19024 918488.068 2735  161 1272501.56    0.00000   100%  58.7  345s
H28836 19101                    1272306.4035    0.00000   100%  58.7  345s
H29599 19864                    1272286.9799    0.00000   100%  58.3  349s
 29649 19916 930552.738 3181  154 1272286.98    0.00000   100%  58.3  350s
H30107 20294                    1271944.0132    0.00000   100%  58.2  352s
H30140 20312                    1271711.9223    0.00000   100%  58.2  352s
H30206 20374                    1271705.3016    0.00000   100%  58.2  353s
H30215 20383                    1271659.1070    0.00000   100%  58.2  355s
H30630 20675                    1271645.9802    0.00000   100%  58.4  358s
 31250 21297 904651.449  559  176 1271645.98    0.00000   100%  58.1  360s
H31279 21324                    1271597.4939    0.00000   100%  58.1  360s
H31632 21677                    1271436.8145    0.00000   100%  58.0  361s
H31706 21751                    1271229.6077    0.00000   100%  58.0  361s
H31906 21951                    1271126.2323    0.00000   100%  57.7  362s
H32186 22231                    1270762.8960    0.00000   100%  57.7  363s
 32420 22467 960969.544 1642  166 1270762.90    0.00000   100%  57.7  365s
H33186 23228                    1269620.6613    0.00000   100%  57.3  369s
 33469 23513 1005699.65 2437  157 1269620.66    0.00000   100%  56.9  370s
H33583 23625                    1269620.5427    0.00000   100%  56.8  370s
H33833 23869                    1269487.3946    0.00000   100%  56.8  371s
H34068 24104                    1269487.3930    0.00000   100%  56.8  373s
H34149 24185                    1269416.6665    0.00000   100%  56.8  373s
H34285 24321                    1269043.2327    0.00000   100%  56.9  374s
 34393 24431 1071367.53 3171  156 1269043.23    0.00000   100%  56.9  375s
H34501 24537                    1268926.0741    0.00000   100%  56.8  375s
H34560 24590                    1267229.5864    0.00000   100%  56.8  376s
H34862 24786                    1265918.7886    0.00000   100%  57.1  379s
 34891 24793 infeasible  143      1265918.79    0.00000   100%  57.2  380s
H34999 24855                    1265917.2881    0.00000   100%  57.3  381s
H35151 24930                    1265245.5426    0.00000   100%  57.8  383s
H35223 24984                    1265179.1351    0.00000   100%  57.8  383s
 35286 25011 1036784.51  104  213 1265179.14    0.00000   100%  58.2  385s
H35416 25088                    1265132.6085    0.00000   100%  58.4  386s
 35892 25500 859948.895  119  192 1265132.61    0.00000   100%  58.5  390s
H36290 25819                    1264912.9276    0.00000   100%  58.5  393s
 36822 26317 833500.492  135  207 1264912.93    0.00000   100%  57.9  395s
 37313 26661 1140992.20  267  161 1264912.93    0.00000   100%  58.4  400s
H38270 27614                    1264819.4594    0.00000   100%  58.1  404s
 38474 27820 1200196.83  957  158 1264819.46    0.00000   100%  58.1  405s
H38664 28008                    1264814.4039    0.00000   100%  58.0  406s
H39113 28457                    1264807.3138    0.00000   100%  58.0  407s
 39488 28726 1217010.11 1726  152 1264807.31    0.00000   100%  58.0  410s
H39758 28812                    1264508.3776    0.00000   100%  58.4  413s
H39809 28829                    1264294.6409    0.00000   100%  58.5  414s
 39847 28843 infeasible 1963      1264294.64    0.00000   100%  58.6  415s
H39909 28862                    1264099.9183    0.00000   100%  58.7  415s
H39936 28871                    1264055.0290    0.00000   100%  58.7  416s
H39978 28885                    1264047.7876    0.00000   100%  58.8  416s
H40107 28928                    1263995.8489    0.00000   100%  59.2  418s
H40134 26928                    1155336.0456    0.00000   100%  59.2  418s
 40259 27037 1118741.12  220  170 1155336.05    0.00000   100%  59.2  420s
H40337 27098                    1155249.9628    0.00000   100%  59.2  420s
 41169 27897 568797.319  670  183 1155249.96    0.00000   100%  58.4  425s
H41238 27964                    1155249.5963    0.00000   100%  58.3  425s
H41383 28107                    1155071.0477    0.00000   100%  58.2  426s
H42043 28765                    1154213.7427    0.00000   100%  57.4  428s
H42089 28810                    1154202.5954    0.00000   100%  57.3  428s
 42791 29514 868994.954 1465  170 1154202.60    0.00000   100%  56.4  430s
H43039 29757                    1153504.4617    0.00000   100%  56.2  431s
H43638 30356                    1153431.0511    0.00000   100%  55.5  432s
 44794 31514 934763.199 3237  164 1153431.05    0.00000   100%  54.2  435s
H44905 31622                    1153151.3351    0.00000   100%  54.1  435s
H45429 32137                    1152450.2169    0.00000   100%  53.5  437s
 46437 33145 966840.831 4357  159 1152450.22    0.00000   100%  52.4  440s
H46568 33178                    1152210.3467    0.00000   100%  52.6  441s
 47032 33489 infeasible  168      1152210.35    0.00000   100%  53.0  445s
H47041 33489                    1151718.8859    0.00000   100%  53.0  445s
H47338 33742                    1151718.4959    0.00000   100%  52.9  447s
H47457 33810                    1151717.8644    0.00000   100%  53.0  448s
H47495 33836                    1151659.3760    0.00000   100%  53.0  449s
H47573 33890                    1151637.2047    0.00000   100%  52.9  450s
H47648 33933                    1151514.3035    0.00000   100%  53.0  450s
H47719 33970                    1151514.2843    0.00000   100%  53.2  451s
H47841 34045                    1151108.1513    0.00000   100%  53.4  453s
 47931 34108 803152.423  120  201 1151108.15    0.00000   100%  53.5  455s
H48569 34622                    1151032.5818    0.00000   100%  53.7  458s
H48597 34626                    1150756.5458    0.00000   100%  53.7  459s
 48666 34662 841459.732  103  264 1150756.55    0.00000   100%  53.8  460s
H48960 34832                    1150637.2633    0.00000   100%  54.2  464s
H48986 34851                    1150397.7962    0.00000   100%  54.2  464s
H49000 34864                    1150079.8824    0.00000   100%  54.2  464s
 49013 34875 1009744.24  151  171 1150079.88    0.00000   100%  54.2  465s
H49397 35160                    1148140.4824    0.00000   100%  54.3  468s
H49540 35303                    1148096.2715    0.00000   100%  54.2  469s
 49668 35433 905273.987  576  166 1148096.27    0.00000   100%  54.1  470s
H49929 35692                    1148010.0390    0.00000   100%  54.0  471s
 50499 36264 917217.290 1407  169 1148010.04    0.00000   100%  53.9  475s
H50500 36252                    1146095.4560    0.00000   100%  53.9  475s
H50788 36540                    1146092.9173    0.00000   100%  53.9  476s
 51630 37384 932879.864 2538  165 1146092.92    0.00000   100%  53.7  480s
H51786 37528                    1145825.9372    0.00000   100%  53.7  481s
H52467 38150                    1145467.8571    0.00000   100%  53.9  484s
 52476 38153 1111059.65  133  189 1145467.86    0.00000   100%  53.9  485s
H52696 38239                    1145168.9279    0.00000   100%  54.3  488s
H52772 38304                    1144999.9412    0.00000   100%  54.3  489s
 52826 38360 808580.477  215  167 1144999.94    0.00000   100%  54.3  490s
H53990 39521                    1144949.6428    0.00000   100%  54.0  494s
 54033 39566 813850.418 1415  169 1144949.64    0.00000   100%  54.0  495s
H54434 39965                    1144935.6640    0.00000   100%  54.1  497s
H54466 39994                    1144823.2440    0.00000   100%  54.2  498s
H54883 40352                    1144673.3700    0.00000   100%  54.3  499s
 54912 40383 819885.540 2293  169 1144673.37    0.00000   100%  54.3  500s
H55074 40537                    1144658.8943    0.00000   100%  54.3  500s
 55671 41136 847515.177 3013  168 1144658.89    0.00000   100%  54.3  505s
H55870 40784                    1143292.0112    0.00000   100%  54.4  506s
 56678 41594 892830.172 4020  168 1143292.01    0.00000   100%  54.8  510s
H57218 42080                    1143176.8615    0.00000   100%  55.0  513s
 57473 42337 932351.800 4805  162 1143176.86    0.00000   100%  55.1  515s
H57724 42506                    1142366.8395    0.00000   100%  55.2  516s
H57957 42734                    1142220.9559    0.00000   100%  55.2  517s
H58302 43077                    1142128.4226    0.00000   100%  55.1  519s
H58328 43100                    1142102.1603    0.00000   100%  55.1  520s
H58904 43676                    1142066.2914    0.00000   100%  55.1  522s
 59077 43731 288071.071  109  228 1142066.29    0.00000   100%  55.3  525s
H59079 43630                    1141877.6720    0.00000   100%  55.3  525s
H59138 43653                    1141731.3698    0.00000   100%  55.4  525s
H59164 43662                    1141716.3032    0.00000   100%  55.4  526s
 59704 44115 996780.617  593  178 1141716.30    0.00000   100%  55.2  530s
H59922 44267                    1141701.3124    0.00000   100%  55.2  531s
H60014 44318                    1141696.8259    0.00000   100%  55.2  532s
 60201 44432 910329.603  119  189 1141696.83    0.00000   100%  55.5  535s
H60414 44534                    1141525.0862    0.00000   100%  55.6  537s
H60642 44645                    1141398.8494    0.00000   100%  55.6  539s
H60678 44655                    1141392.5584    0.00000   100%  55.7  539s
 60705 44664 657838.401  106  223 1141392.56    0.00000   100%  55.7  540s
H60760 44714                    1141378.3764    0.00000   100%  55.7  541s
 61029 44822 1005196.60   98  236 1141378.38    0.00000   100%  56.1  545s
 61803 45562 496902.521  723  188 1141378.38    0.00000   100%  55.7  550s
 63345 47056 944409.483 1889  168 1141378.38    0.00000   100%  54.6  555s
H63529 47099                    1141104.8954    0.00000   100%  54.7  556s
H63777 47226                    1141097.0257    0.00000   100%  54.9  559s
 63787 47226 infeasible  177      1141097.03    0.00000   100%  54.9  560s
H63991 47231                    1140578.4826    0.00000   100%  55.0  562s
 64350 47538 559467.884  227  179 1140578.48    0.00000   100%  54.9  565s
 65817 48961 726685.517 1459  167 1140578.48    0.00000   100%  53.9  570s
H66662 49798                    1140569.8598    0.00000   100%  53.2  572s
H66916 49988                    1140549.3706    0.00000   100%  53.1  573s
H66998 50014                    1140504.3255    0.00000   100%  53.2  573s
 67136 50096 841000.470 2345  155 1140504.33    0.00000   100%  53.1  575s
H67572 50430                    1140124.0893    0.00000   100%  53.0  577s
H67625 50465                    1140124.0703    0.00000   100%  52.9  578s
H68070 50876                    1138699.7763    0.00000   100%  52.6  579s
 68335 51143 849066.065 3483  155 1138699.78    0.00000   100%  52.4  580s
H68865 51641                    1138699.7351    0.00000   100%  52.1  581s
 70131 52867 864094.498 5243  155 1138699.74    0.00000   100%  51.3  585s
 71978 54714 878172.754 7090  156 1138699.74    0.00000   100%  50.0  590s
 73929 56571 943626.256 8853  155 1138699.74    0.00000   100%  49.0  595s
 74281 56719 173690.065  103  237 1138699.74    0.00000   100%  49.4  600s
H74482 56826                    1138695.2186    0.00000   100%  49.6  603s
 74775 57091 853659.821  154  174 1138695.22    0.00000   100%  49.6  605s
H74917 57172                    1138661.4043    0.00000   100%  49.7  606s
H75118 57321                    1138659.7908    0.00000   100%  49.8  608s
H75208 57363                    1138471.7278    0.00000   100%  49.9  609s
 75216 57361 infeasible  153      1138471.73    0.00000   100%  49.9  610s
H75262 57384                    1138430.4513    0.00000   100%  49.9  610s
 75689 57678 722541.399  135  175 1138430.45    0.00000   100%  50.2  615s
H75915 57808                    1138299.9932    0.00000   100%  50.4  617s
H76061 57875                    1138226.0846    0.00000   100%  50.5  619s
H76093 57907                    1138170.9495    0.00000   100%  50.5  619s
 76097 57911 infeasible  144      1138170.95    0.00000   100%  50.5  620s
H76187 57951                    1138138.3931    0.00000   100%  50.6  621s
 76420 58052 infeasible  108      1138138.39    0.00000   100%  50.9  625s
 76734 58228 699299.079  118  227 1138138.39    0.00000   100%  51.2  630s
H76945 58310                    1138132.2362    0.00000   100%  51.5  632s
H76998 58337                    1138079.7874    0.00000   100%  51.5  633s
 77081 58392 infeasible  149      1138079.79    0.00000   100%  51.6  635s
H78211 59408                    1138021.1481    0.00000   100%  51.3  640s
 80491 61690 840702.063 3279  170 1138021.15    0.00000   100%  50.0  645s
H81607 62800                    1137937.3458    0.00000   100%  49.4  648s
 82356 63543 874501.109 5135  175 1137937.35    0.00000   100%  49.0  650s
 84575 65762 905368.289 7354  167 1137937.35    0.00000   100%  47.8  655s
H85582 66767                    1137872.0174    0.00000   100%  47.3  657s
 85996 67181 932248.878 8774  159 1137872.02    0.00000   100%  47.1  660s
H85997 67180                    1137666.8289    0.00000   100%  47.1  660s
H86475 67553                    1137629.9545    0.00000   100%  47.1  663s
H86513 67573                    1137628.5209    0.00000   100%  47.1  663s
 86627 67637 262227.096  115  245 1137628.52    0.00000   100%  47.2  665s
H86984 67839                    1137568.3400    0.00000   100%  47.5  668s
 87059 67867 infeasible  111      1137568.34    0.00000   100%  47.6  670s
 87405 68021 infeasible  130      1137568.34    0.00000   100%  48.0  675s
H87529 68063                    1137259.9722    0.00000   100%  48.2  677s
H87633 68133                    1137259.8601    0.00000   100%  48.3  678s
 87736 68214 282934.833  119  233 1137259.86    0.00000   100%  48.3  680s
H87737 68213                    1137211.8766    0.00000   100%  48.3  680s
H87763 68237                    1137205.9520    0.00000   100%  48.3  680s
H87955 68333                    1136831.9874    0.00000   100%  48.5  683s
 88130 68448 479613.134  125  208 1136831.99    0.00000   100%  48.6  685s
H88484 68648                    1136823.7094    0.00000   100%  48.9  689s
 88537 68675 infeasible  118      1136823.71    0.00000   100%  48.9  690s
H88713 68751                    1136753.0422    0.00000   100%  49.2  693s
H88848 68830                    1136590.4191    0.00000   100%  49.3  695s
H89038 68912                    1136539.3390    0.00000   100%  49.4  697s
 89159 68940 1159.10704   92  235 1136539.34    0.00000   100%  49.6  700s
H89354 69037                    1136538.0927    0.00000   100%  49.7  703s
H89440 69071                    1136529.5651    0.00000   100%  49.8  704s
 89474 69089 799221.224   98  264 1136529.57    0.00000   100%  49.8  705s
H89536 69107                    1136529.5560    0.00000   100%  49.9  705s
 89783 69206 290153.212   94  224 1136529.56    0.00000   100%  50.1  710s
 90015 69311 237570.300  102  243 1136529.56    0.00000   100%  50.5  715s
H90117 69377                    1136526.9074    0.00000   100%  50.5  716s
 90344 69467 923645.406  123  194 1136526.91    0.00000   100%  50.7  720s
 90753 69715 715750.956  129  193 1136526.91    0.00000   100%  51.1  725s
 91067 69886 189711.276  106  259 1136526.91    0.00000   100%  51.3  730s
H91117 69911                    1136524.6086    0.00000   100%  51.3  731s
 91528 70167 948902.170  181  167 1136524.61    0.00000   100%  51.5  735s
 93015 71654 963023.921 1668  168 1136524.61    0.00000   100%  51.3  740s
H93167 71796                    1136446.9943    0.00000   100%  51.3  741s
H93302 71923                    1136138.9495    0.00000   100%  51.3  742s
H93437 72058                    1136136.4785    0.00000   100%  51.3  743s
 93938 72561 980723.303 2585  166 1136136.48    0.00000   100%  51.3  745s
H94223 72844                    1136005.7401    0.00000   100%  51.3  746s
H94358 72979                    1135960.4539    0.00000   100%  51.3  747s
 94734 73343 989656.222 3368  170 1135960.45    0.00000   100%  51.4  750s
H94815 73390                    1135879.1272    0.00000   100%  51.4  750s
H94906 73443                    1135831.7372    0.00000   100%  51.5  752s
 95165 73582 650000.550  121  212 1135831.74    0.00000   100%  51.6  755s
H95174 73581                    1135821.8080    0.00000   100%  51.6  755s
H95625 73986                    1135785.8889    0.00000   100%  51.7  758s
H95651 74012                    1135738.7033    0.00000   100%  51.7  758s
 96138 74501 986298.400 1006  168 1135738.70    0.00000   100%  51.6  761s
H96165 74526                    1135737.5747    0.00000   100%  51.6  761s
H96594 74955                    1135721.2122    0.00000   100%  51.7  763s
 96792 75106 162144.365  111  256 1135721.21    0.00000   100%  51.8  765s
H97107 75289                    1135693.1070    0.00000   100%  52.0  768s
 97299 75375 infeasible   95      1135693.11    0.00000   100%  52.1  770s
H97510 75506                    1135673.9127    0.00000   100%  52.3  773s
 97628 75576 959773.189  128  197 1135673.91    0.00000   100%  52.4  775s
 98041 75757 infeasible  131      1135673.91    0.00000   100%  52.7  780s
 98512 76034 942198.873  111  236 1135673.91    0.00000   100%  53.0  785s
 98909 76213    0.00000   91  248 1135673.91    0.00000   100%  53.3  790s
 99261 76362 1116701.33  110  237 1135673.91    0.00000   100%  53.6  795s
 99729 76678 infeasible  183      1135673.91    0.00000   100%  53.7  800s
H100242 77151                    1135612.0106    0.00000   100%  53.6  803s
 100406 77317 639589.085  565  176 1135612.01    0.00000   100%  53.5  805s
H100577 77486                    1135608.4667    0.00000   100%  53.5  805s
H100930 77838                    1135540.3269    0.00000   100%  53.4  807s
H101463 78347                    1135523.1183    0.00000   100%  53.2  809s
 101563 78449 642177.699 1679  177 1135523.12    0.00000   100%  53.1  810s
 104008 80894 654910.340 4120  174 1135523.12    0.00000   100%  52.1  815s
H104143 81027                    1135522.6637    0.00000   100%  52.0  815s
 105933 82819 684822.436 6022  174 1135522.66    0.00000   100%  51.3  820s
H107419 84303                    1135507.4617    0.00000   100%  50.7  824s
H107754 84638                    1135500.3459    0.00000   100%  50.6  825s
 109661 86543 809292.879 8844  166 1135500.35    0.00000   100%  49.9  830s
 110418 87133 1022292.01  105  199 1135500.35    0.00000   100%  49.9  835s
H110573 87226                    1135496.4836    0.00000   100%  50.0  836s
 110814 87364 19197.3030   99  228 1135496.48    0.00000   100%  50.1  840s
H110963 87451                    1135490.3765    0.00000   100%  50.2  841s
 111245 87578 infeasible  111      1135490.38    0.00000   100%  50.4  845s
H111340 87624                    1135468.7513    0.00000   100%  50.5  846s
H111366 87636                    1135394.2708    0.00000   100%  50.5  848s
 111494 87686 5303.36374  105  246 1135394.27    0.00000   100%  50.6  850s
 111941 87886 infeasible  128      1135394.27    0.00000   100%  50.9  855s
H112031 87919                    1135367.2403    0.00000   100%  51.0  856s
 112270 88059 infeasible  120      1135367.24    0.00000   100%  51.1  860s
 112621 88159 935311.912  109  248 1135367.24    0.00000   100%  51.5  865s
H112665 88168                    1135354.1592    0.00000   100%  51.6  865s
 112963 88328 886334.771  122  189 1135354.16    0.00000   100%  51.8  870s
 113233 88431 666820.067  123  213 1135354.16    0.00000   100%  52.0  875s
 113590 88609 infeasible  128      1135354.16    0.00000   100%  52.4  880s
 114087 88971 646758.617  246  191 1135354.16    0.00000   100%  52.5  885s
 115334 90218 743760.292 1362  181 1135354.16    0.00000   100%  52.0  890s
 116423 91307 817694.152 2428  176 1135354.16    0.00000   100%  51.6  895s
 117371 92111 892964.088 3191  171 1135354.16    0.00000   100%  51.5  900s
 119234 93974 940589.866 5036  169 1135354.16    0.00000   100%  50.7  905s
 120464 95070 11792.5154  108  233 1135354.16    0.00000   100%  50.5  910s
 120963 95349 979909.342  113  206 1135354.16    0.00000   100%  50.7  915s
H121253 95537                    1135337.9006    0.00000   100%  50.9  918s
 121388 95608 776311.935  120  228 1135337.90    0.00000   100%  51.0  920s
 121671 95765 infeasible  115      1135337.90    0.00000   100%  51.1  925s
 122192 96081 1115936.47  166  172 1135337.90    0.00000   100%  51.4  930s
 122527 96227 964455.723  109  232 1135337.90    0.00000   100%  51.6  935s
H122579 96234                    1135331.1885    0.00000   100%  51.6  935s
H122735 96315                    1135331.1859    0.00000   100%  51.7  938s
H122847 96401                    1135292.0694    0.00000   100%  51.8  938s
 122921 96457 infeasible  124      1135292.07    0.00000   100%  51.8  940s
 123258 96646 46813.6192  102  231 1135292.07    0.00000   100%  52.0  945s
H123449 96777                    1135266.8529    0.00000   100%  52.1  947s
 123653 96885 infeasible  111      1135266.85    0.00000   100%  52.2  950s
H124198 97336                    1135261.9708    0.00000   100%  52.2  954s
 124206 97336 infeasible  130      1135261.97    0.00000   100%  52.2  955s
H124250 97364                    1135260.0438    0.00000   100%  52.3  955s
H124490 97508                    1135255.3672    0.00000   100%  52.4  958s
 124615 97575    0.00000   90  266 1135255.37    0.00000   100%  52.4  960s
 125015 97772 infeasible  136      1135255.37    0.00000   100%  52.7  965s
 125328 97928 66643.0610  101  255 1135255.37    0.00000   100%  52.9  970s
H125655 98088                    1135251.9130    0.00000   100%  53.0  974s
 125691 98110    0.00000   93  266 1135251.91    0.00000   100%  53.0  975s
 126026 98263 infeasible  116      1135251.91    0.00000   100%  53.3  980s
H126194 98314                    1135248.3016    0.00000   100%  53.4  982s
H126331 98361                    1135241.6061    0.00000   100%  53.5  984s
 126374 98374 infeasible  120      1135241.61    0.00000   100%  53.5  985s
H126496 98409                    1135241.2268    0.00000   100%  53.6  987s
H126690 98488                    1135239.0538    0.00000   100%  53.7  990s
H126960 98652                    1135239.0439    0.00000   100%  53.9  993s
 127066 98692 infeasible  120      1135239.04    0.00000   100%  53.9  995s
 127460 98906 infeasible  117      1135239.04    0.00000   100%  54.2 1000s
 127748 99080 718542.992  124  203 1135239.04    0.00000   100%  54.3 1005s
 128188 99340 761467.012  154  176 1135239.04    0.00000   100%  54.5 1010s
H128809 99959                    1135231.5248    0.00000   100%  54.4 1013s
H128810 99960                    1135228.9014    0.00000   100%  54.4 1013s
 129028 100180 910820.660  994  159 1135228.90    0.00000   100%  54.4 1015s
 130456 101608 914880.313 2422  159 1135228.90    0.00000   100%  54.0 1020s
 131638 102790 918574.284 3604  158 1135228.90    0.00000   100%  53.7 1025s
 133000 104150 946663.248 4965  161 1135228.90    0.00000   100%  53.4 1030s
H133901 105049                    1135225.8952    0.00000   100%  53.4 1033s
H134150 105298                    1135132.0092    0.00000   100%  53.3 1034s
 134155 105305 971119.145 6120  161 1135132.01    0.00000   100%  53.3 1035s
 134936 105834     cutoff 6656      1135132.01    0.00000   100%  53.5 1040s
 135641 106513 985307.483  733  163 1135132.01    0.00000   100%  53.8 1045s
 136618 107482 1059551.21 1641  165 1135132.01    0.00000   100%  54.0 1050s
 137041 107753 153486.088  104  267 1135132.01    0.00000   100%  54.2 1055s
 137312 107909 1092300.34  153  175 1135132.01    0.00000   100%  54.3 1060s
 138145 108647 740706.764  547  173 1135132.01    0.00000   100%  54.2 1065s
 140014 110516 765818.043 2412  168 1135132.01    0.00000   100%  53.5 1070s
 141684 112186 791049.172 4082  167 1135132.01    0.00000   100%  53.0 1075s
H141735 112235                    1135130.2714    0.00000   100%  53.0 1075s
H142215 112715                    1135118.2947    0.00000   100%  52.8 1077s
 143142 113644 813106.635 5539  167 1135118.29    0.00000   100%  52.6 1080s
H144907 115407                    1135105.4067    0.00000   100%  52.0 1084s
 144929 115431 836773.397 7324  166 1135105.41    0.00000   100%  52.0 1085s
H144997 115497                    1135089.7898    0.00000   100%  52.0 1085s
H145200 115700                    1135089.7835    0.00000   100%  52.0 1086s
 146450 116952 854478.203 8843  167 1135089.78    0.00000   100%  51.6 1090s
H146785 117160                    1135085.8537    0.00000   100%  51.6 1092s
 146874 117223 infeasible  152      1135085.85    0.00000   100%  51.6 1095s
H147472 117696                    1135085.2467    0.00000   100%  51.8 1099s
 147591 117765 infeasible  135      1135085.25    0.00000   100%  51.8 1100s
H147620 117788                    1135078.1582    0.00000   100%  51.8 1100s
H148137 118069                    1135073.3862    0.00000   100%  52.1 1105s
 148557 118263 1130163.92  109  245 1135073.39    0.00000   100%  52.3 1110s
H148594 118270                    1135072.0163    0.00000   100%  52.3 1110s
 148891 118387 infeasible  133      1135072.02    0.00000   100%  52.5 1115s
 149204 118529 889438.804  112  234 1135072.02    0.00000   100%  52.7 1120s
 149584 118706 13736.1628   99  236 1135072.02    0.00000   100%  52.9 1125s
 149944 118855 1035117.20  117  222 1135072.02    0.00000   100%  53.1 1130s
 150168 118943    0.00000   95  235 1135072.02    0.00000   100%  53.2 1135s
 150526 119088 infeasible  114      1135072.02    0.00000   100%  53.4 1140s
H150662 119149                    1135067.2860    0.00000   100%  53.5 1143s
H150688 119164                    1135067.1313    0.00000   100%  53.5 1143s
H150804 119221                    1135066.3725    0.00000   100%  53.5 1145s
 151147 119379 886740.852  111  248 1135066.37    0.00000   100%  53.7 1150s
H151190 119390                    1135057.1119    0.00000   100%  53.7 1150s
H151367 119491                    1135054.6665    0.00000   100%  53.8 1152s
 151523 119559    0.00000   99  259 1135054.67    0.00000   100%  53.9 1155s
 151922 119793 799428.747  121  222 1135054.67    0.00000   100%  54.0 1160s
 152294 120000 864400.453  130  208 1135054.67    0.00000   100%  54.2 1165s
 152605 120150 919333.836  115  206 1135054.67    0.00000   100%  54.4 1170s
 152878 120292 infeasible  127      1135054.67    0.00000   100%  54.5 1175s
 153232 120454 246995.100  135  228 1135054.67    0.00000   100%  54.6 1180s
 154332 121548 637016.423 1185  185 1135054.67    0.00000   100%  54.3 1185s
H155282 122496                    1135047.0650    0.00000   100%  54.1 1189s
 155390 122606 646774.781 2242  183 1135047.06    0.00000   100%  54.0 1190s
 156993 124209 702138.575 3723  176 1135047.06    0.00000   100%  53.5 1196s
 158104 125320 823349.452 4523  164 1135047.06    0.00000   100%  53.2 1200s
 160603 127819 838681.422 7017  162 1135047.06    0.00000   100%  52.5 1205s
 162505 129721 1005627.81 8859  170 1135047.06    0.00000   100%  52.0 1210s
 163214 130158 751167.717  119  185 1135047.06    0.00000   100%  52.1 1215s
H163637 130505                    1135046.5146    0.00000   100%  52.1 1217s
 164028 130802     cutoff  144      1135046.51    0.00000   100%  52.2 1220s
 164494 131080 733545.770  129  194 1135046.51    0.00000   100%  52.3 1225s
 165014 131476 930932.331  344  164 1135046.51    0.00000   100%  52.4 1230s
 165879 132341 934077.840 1209  164 1135046.51    0.00000   100%  52.4 1235s
H166067 132428                    1135044.9800    0.00000   100%  52.5 1237s
 166359 132607 infeasible  121      1135044.98    0.00000   100%  52.7 1240s
H166596 132832                    1135030.2415    0.00000   100%  52.6 1242s
 167136 133368 967553.880  847  167 1135030.24    0.00000   100%  52.5 1245s
H168326 134556                    1135030.2269    0.00000   100%  52.5 1249s
 168434 134666 987337.846 2145  162 1135030.23    0.00000   100%  52.5 1250s
H169059 135162                    1135019.2497    0.00000   100%  52.5 1254s
 169109 135180 728781.314  104  208 1135019.25    0.00000   100%  52.5 1255s
 169528 135420 1088438.46  137  195 1135019.25    0.00000   100%  52.7 1260s
 170944 136817 664579.034 1206  169 1135019.25    0.00000   100%  52.4 1265s
 172276 138149 684530.912 2535  168 1135019.25    0.00000   100%  52.0 1270s
 174406 140249 724495.535 4615  165 1135019.25    0.00000   100%  51.5 1275s
 175817 141480 745012.187 5780  162 1135019.25    0.00000   100%  51.2 1280s
 176520 142057 1002746.19  449  173 1135019.25    0.00000   100%  51.2 1285s
 176963 142194 1003369.55  637  173 1135019.25    0.00000   100%  51.3 1290s
 177277 142290 336939.664  116  233 1135019.25    0.00000   100%  51.5 1296s
 177569 142465 infeasible  118      1135019.25    0.00000   100%  51.6 1300s
 178495 143309 675775.077  837  164 1135019.25    0.00000   100%  51.7 1305s
 179129 143943 682147.405 1471  162 1135019.25    0.00000   100%  51.9 1310s
 179807 144621 688965.011 2149  162 1135019.25    0.00000   100%  52.2 1315s
 180412 145226 695048.461 2754  164 1135019.25    0.00000   100%  52.4 1320s
 181066 145880 721832.788 3408  164 1135019.25    0.00000   100%  52.6 1325s
 181467 146281 734316.674 3809  162 1135019.25    0.00000   100%  52.8 1330s
 181582 146396 738169.204 3924  164 1135019.25    0.00000   100%  52.8 1335s
 181879 146693 749779.404 4221  162 1135019.25    0.00000   100%  52.9 1340s
 182354 147168 769957.873 4696  164 1135019.25    0.00000   100%  53.1 1345s
 182998 147812 797547.070 5340  162 1135019.25    0.00000   100%  53.3 1350s
H183098 147909                    1135000.9428    0.00000   100%  53.3 1351s
 183617 148430 824879.611 5959  162 1135000.94    0.00000   100%  53.5 1355s
 184401 149214 863603.273 6743  163 1135000.94    0.00000   100%  53.6 1360s
 185270 150083 913724.735 7612  163 1135000.94    0.00000   100%  53.7 1365s
 186160 150930 975641.616 8461  156 1135000.94    0.00000   100%  53.7 1370s
 187020 151686 828843.016  434  163 1135000.94    0.00000   100%  53.8 1375s
 187553 152219 832473.470  967  163 1135000.94    0.00000   100%  53.9 1380s
 188432 153098 836555.177 1845  162 1135000.94    0.00000   100%  54.0 1385s
 189135 153801 841509.220 2548  162 1135000.94    0.00000   100%  54.0 1390s
 190022 154688 862592.888 3435  164 1135000.94    0.00000   100%  54.1 1395s
 190898 155564 889573.851 4311  163 1135000.94    0.00000   100%  54.3 1400s
 191905 156571 930203.451 5318  163 1135000.94    0.00000   100%  54.4 1405s
 192708 157374 964342.849 6121  163 1135000.94    0.00000   100%  54.4 1410s
 193274 157701 97839.6566  111  237 1135000.94    0.00000   100%  54.6 1415s
 193665 157969 729327.353  135  193 1135000.94    0.00000   100%  54.7 1420s
 194472 158764 920653.518  893  170 1135000.94    0.00000   100%  54.8 1425s
 195470 159762 928088.598 1886  170 1135000.94    0.00000   100%  54.7 1430s
 196631 160923 938619.832 3029  157 1135000.94    0.00000   100%  54.7 1435s
 197383 161643     cutoff 3674      1135000.94    0.00000   100%  54.8 1440s
 198359 162614 956669.068 4641  161 1135000.94    0.00000   100%  54.7 1445s
 199339 163594 962078.861 5621  160 1135000.94    0.00000   100%  54.7 1450s
 199852 163927 infeasible  115      1135000.94    0.00000   100%  54.8 1455s
 200342 164203 886470.301  120  197 1135000.94    0.00000   100%  54.9 1460s
 201142 164906 927190.073  774  168 1135000.94    0.00000   100%  54.9 1465s
 202008 165772 933962.584 1640  168 1135000.94    0.00000   100%  54.9 1470s
 202632 166396 939354.727 2264  167 1135000.94    0.00000   100%  54.9 1475s
 203418 167182 955774.067 3050  168 1135000.94    0.00000   100%  54.9 1480s
 204383 168077 978424.473 3952  160 1135000.94    0.00000   100%  54.9 1485s
 204742 168232 626329.430   99  239 1135000.94    0.00000   100%  55.1 1490s
 205221 168530 infeasible  209      1135000.94    0.00000   100%  55.2 1495s
 205760 168948 1031782.11  288  167 1135000.94    0.00000   100%  55.2 1500s
 206758 169766 988680.005  150  176 1135000.94    0.00000   100%  55.3 1505s
 207092 169872 infeasible  160      1135000.94    0.00000   100%  55.5 1510s
 207525 170083 1061471.65  108  226 1135000.94    0.00000   100%  55.6 1515s
 208121 170605 949991.037  542  170 1135000.94    0.00000   100%  55.6 1520s
 209379 171863 971791.222 1800  169 1135000.94    0.00000   100%  55.3 1525s
 210366 172850 984697.221 2787  169 1135000.94    0.00000   100%  55.1 1530s
 211272 173704 1057274.84 3646  172 1135000.94    0.00000   100%  54.9 1535s
 212083 174409 infeasible  148      1135000.94    0.00000   100%  54.8 1540s
 212890 175192 792471.101  777  161 1135000.94    0.00000   100%  54.7 1545s
 213807 176109 818190.708 1694  161 1135000.94    0.00000   100%  54.7 1550s
H214692 176990                    1134804.4202    0.00000   100%  54.6 1554s
 214788 177088 866920.443 2675  163 1134804.42    0.00000   100%  54.6 1555s
 215676 177976 921273.324 3562  163 1134804.42    0.00000   100%  54.6 1560s
 216348 178509 588734.616  103  233 1134804.42    0.00000   100%  54.7 1565s
H216756 178751                    1134792.2549    0.00000   100%  54.8 1569s
 216795 178782 infeasible  127      1134792.25    0.00000   100%  54.8 1570s
H217213 179111                    1134745.1235    0.00000   100%  54.9 1573s
 217413 179313 971078.710  573  175 1134745.12    0.00000   100%  54.9 1575s
 217909 179581 1023036.66  127  187 1134745.12    0.00000   100%  55.0 1580s
H218051 179649                    1134744.2964    0.00000   100%  55.0 1581s
H218167 179717                    1134434.9212    0.00000   100%  55.1 1583s
H218221 179739                    1134421.0933    0.00000   100%  55.1 1584s
 218250 179744 infeasible  131      1134421.09    0.00000   100%  55.1 1585s
 218596 179895 563779.574  113  238 1134421.09    0.00000   100%  55.2 1590s
H218693 179961                    1134401.7805    0.00000   100%  55.2 1591s
 218914 180060 801027.310  102  240 1134401.78    0.00000   100%  55.3 1595s
H219224 180249                    1134363.8886    0.00000   100%  55.4 1599s
 219311 180338 1069738.75  250  175 1134363.89    0.00000   100%  55.4 1600s
 219732 180624 929375.281  164  177 1134363.89    0.00000   100%  55.6 1605s
H220006 180763                    1134363.8597    0.00000   100%  55.6 1608s
 220170 180863 655148.451  121  198 1134363.86    0.00000   100%  55.7 1610s
H220355 180930                    1134363.7777    0.00000   100%  55.7 1613s
 220465 180969 958815.108  110  225 1134363.78    0.00000   100%  55.8 1615s
 220814 181117 747313.626  111  265 1134363.78    0.00000   100%  56.0 1620s
 221182 181272 infeasible  113      1134363.78    0.00000   100%  56.1 1625s
 221539 181379 infeasible  117      1134363.78    0.00000   100%  56.2 1630s
 221850 181503 955878.847  110  234 1134363.78    0.00000   100%  56.4 1635s
 222200 181638 infeasible  121      1134363.78    0.00000   100%  56.5 1640s
 222665 181870 infeasible  158      1134363.78    0.00000   100%  56.6 1645s
 223007 182062 588305.926  119  204 1134363.78    0.00000   100%  56.7 1650s
H223234 182234                    1134358.5704    0.00000   100%  56.8 1653s
 223492 182494 983880.536  377  162 1134358.57    0.00000   100%  56.8 1655s
 224074 182990 505210.674  153  195 1134358.57    0.00000   100%  56.9 1660s
 224487 183229 769301.666  112  223 1134358.57    0.00000   100%  57.0 1665s
 224850 183420 980114.108  113  267 1134358.57    0.00000   100%  57.0 1670s
H225142 183584                    1134357.0565    0.00000   100%  57.1 1674s
 225168 183612 213940.149  124  221 1134357.06    0.00000   100%  57.1 1675s
H225388 183744                    1134356.0058    0.00000   100%  57.1 1678s
H225431 183755                    1134349.3616    0.00000   100%  57.2 1679s
H225457 183781                    1134346.9020    0.00000   100%  57.2 1679s
 225499 183809 570292.278  119  206 1134346.90    0.00000   100%  57.2 1680s
H225755 183930                    1134340.8998    0.00000   100%  57.3 1683s
H225781 183956                    1134339.5484    0.00000   100%  57.3 1683s
H225847 184022                    1134339.2887    0.00000   100%  57.2 1684s
 225917 184094 517324.753  190  185 1134339.29    0.00000   100%  57.2 1685s
 227399 185576 583694.907 1623  182 1134339.29    0.00000   100%  56.9 1690s
H227494 185669                    1134335.4770    0.00000   100%  56.9 1690s
 229165 187342 614487.645 3216  172 1134335.48    0.00000   100%  56.5 1695s
 231327 189504 642569.991 5378  170 1134335.48    0.00000   100%  56.1 1700s
H232790 190869                    1134334.4659    0.00000   100%  55.8 1705s
 233854 191851 737984.626 7142  162 1134334.47    0.00000   100%  55.6 1710s
 236392 194385 846063.349 8833  163 1134334.47    0.00000   100%  55.0 1715s
 237762 195699 786217.143  104  242 1134334.47    0.00000   100%  54.8 1720s
 238129 195921 927439.031  180  161 1134334.47    0.00000   100%  54.9 1726s
 238500 196142 1050850.45  118  195 1134334.47    0.00000   100%  55.0 1730s
H238733 196207                    1134330.5589    0.00000   100%  55.1 1733s
 238814 196248 911661.735  115  222 1134330.56    0.00000   100%  55.2 1735s
 239206 196441 943864.946  113  215 1134330.56    0.00000   100%  55.3 1740s
H239590 196725                    1134283.7118    0.00000   100%  55.3 1743s
H239671 196806                    1134269.8437    0.00000   100%  55.4 1744s
 239783 196920 1039668.06  445  165 1134269.84    0.00000   100%  55.4 1745s
H239914 197049                    1134263.3411    0.00000   100%  55.4 1746s
H240084 197219                    1134263.3346    0.00000   100%  55.4 1747s
 240773 197908 1071364.03 1434  160 1134263.33    0.00000   100%  55.3 1750s
 242143 199278 1076204.47 2804  162 1134263.33    0.00000   100%  55.2 1755s
H242539 199672                    1134260.8952    0.00000   100%  55.2 1756s
H242726 199859                    1134249.4261    0.00000   100%  55.2 1758s
 243137 200272 1096679.30 3798  160 1134249.43    0.00000   100%  55.2 1760s
 243915 200949 1108285.41  132  190 1134249.43    0.00000   100%  55.3 1765s
 244347 201180 20493.2938  110  240 1134249.43    0.00000   100%  55.4 1770s
 244738 201334    0.00000  103  223 1134249.43    0.00000   100%  55.5 1775s
 245113 201511 577755.761  133  202 1134249.43    0.00000   100%  55.6 1780s
 245490 201656 184119.724  112  230 1134249.43    0.00000   100%  55.7 1785s
 246194 202283 870412.498  648  163 1134249.43    0.00000   100%  55.8 1790s
 247634 203723 888680.286 2088  164 1134249.43    0.00000   100%  55.6 1795s
 248630 204719 977872.285 3084  163 1134249.43    0.00000   100%  55.4 1800s
H248786 204873                    1134248.8468    0.00000   100%  55.4 1800s
 249585 205660 1031827.59 4027  166 1134248.85    0.00000   100%  55.3 1805s
 250204 206067 629206.860  191  178 1134248.85    0.00000   100%  55.4 1810s
 251064 206755 812754.026  547  169 1134248.85    0.00000   100%  55.3 1815s
H251394 206659                    1121907.3605    0.00000   100%  55.3 1818s
H251542 206730                    1121511.3688    0.00000   100%  55.3 1819s
H251543 206731                    1121438.0286    0.00000   100%  55.3 1820s
H251678 206791                    1121430.6358    0.00000   100%  55.3 1821s
H251962 206913                    1120448.9659    0.00000   100%  55.3 1824s
 251990 206929 921989.621  984  164 1120448.97    0.00000   100%  55.3 1825s
H252258 207061                    1120442.8115    0.00000   100%  55.2 1829s
 252313 207090 infeasible 1145      1120442.81    0.00000   100%  55.2 1830s
 252659 207270 930810.749 1318  163 1120442.81    0.00000   100%  55.2 1835s
H252686 207276                    1120243.2653    0.00000   100%  55.2 1835s
H252714 207288                    1120193.4140    0.00000   100%  55.2 1836s
H252740 207302                    1120193.3723    0.00000   100%  55.2 1837s
H252792 207328                    1120185.3047    0.00000   100%  55.2 1837s
H252908 207359                    1119486.8619    0.00000   100%  55.2 1840s
 253126 207507 950710.248 1552  158 1119486.86    0.00000   100%  55.2 1845s
H253153 207520                    1119485.9865    0.00000   100%  55.2 1845s
 253337 207586 infeasible 1657      1119485.99    0.00000   100%  55.2 1850s
H253398 207611                    1119448.2058    0.00000   100%  55.2 1852s
H253424 207611                    1119314.4581    0.00000   100%  55.2 1852s
H253450 207616                    1119257.5849    0.00000   100%  55.2 1852s
H253476 207628                    1119227.7583    0.00000   100%  55.2 1853s
 253583 207673 infeasible 1780      1119227.76    0.00000   100%  55.1 1855s
H253626 207641                    1118915.9608    0.00000   100%  55.1 1855s
 253949 207776 infeasible 1963      1118915.96    0.00000   100%  55.1 1860s
H253974 207780                    1118858.2181    0.00000   100%  55.1 1861s
H254078 207812                    1118515.0370    0.00000   100%  55.1 1863s
 254194 207872 967031.616 2085  160 1118515.04    0.00000   100%  55.1 1865s
H254262 207903                    1118293.3994    0.00000   100%  55.1 1866s
H254320 207931                    1118289.7348    0.00000   100%  55.1 1867s
 254509 208026 infeasible 2242      1118289.73    0.00000   100%  55.1 1870s
H254761 194587                    1021812.5210    0.00000   100%  55.1 1875s
H254883 194655                    1021812.5053    0.00000   100%  55.1 1876s
H255116 194686                    1020277.0036    0.00000   100%  55.2 1879s
 255166 194710 213478.888  117  249 1020277.00    0.00000   100%  55.2 1880s
H255201 194728                    1020179.6011    0.00000   100%  55.2 1880s
H255491 194798                    1018048.4793    0.00000   100%  55.2 1885s
H255724 194659                    1014709.1989    0.00000   100%  55.3 1889s
 255738 194673 infeasible  130      1014709.20    0.00000   100%  55.3 1890s
H255751 194631                    1014114.7467    0.00000   100%  55.3 1890s
H255959 194728                    1012686.8643    0.00000   100%  55.3 1892s
H256094 194842                    1012403.6759    0.00000   100%  55.3 1894s
 256126 194870 infeasible  337      1012403.68    0.00000   100%  55.3 1895s
 256298 194910 infeasible  127      1012403.68    0.00000   100%  55.3 1900s
H256403 194948                    1012269.8558    0.00000   100%  55.4 1902s
H256507 195050                    1012198.7889    0.00000   100%  55.4 1904s
H256545 194962                    1010375.3684    0.00000   100%  55.3 1904s
 256571 194990 832986.146  277  172 1010375.37    0.00000   100%  55.3 1905s
 257414 195833 846689.573 1120  172 1010375.37    0.00000   100%  55.2 1910s
H257824 196221                    1010199.7107    0.00000   100%  55.1 1911s
 258413 196812 852188.465 2119  171 1010199.71    0.00000   100%  55.0 1915s
H258466 196859                    1010145.6507    0.00000   100%  55.0 1916s
H259368 197609                    1007963.2544    0.00000   100%  54.8 1918s
 259870 198113 860699.538 3576  170 1007963.25    0.00000   100%  54.7 1920s
H259882 198105                    1007790.9817    0.00000   100%  54.7 1920s
H260140 198254                    1007724.6278    0.00000   100%  54.7 1922s
 260345 198369 infeasible  125      1007724.63    0.00000   100%  54.7 1925s
H260561 198540                    1007724.3177    0.00000   100%  54.8 1928s
H260613 198531                    1007138.0979    0.00000   100%  54.8 1928s
H260681 198598                    1007130.9586    0.00000   100%  54.8 1929s
 260713 198632 817096.986  392  165 1007130.96    0.00000   100%  54.8 1930s
H260975 198854                    1006907.8154    0.00000   100%  54.8 1932s
 261322 199203 821699.598 1001  164 1006907.82    0.00000   100%  54.8 1935s
H261350 198401                    1005224.0180    0.00000   100%  54.8 1935s
H261558 198542                    1005161.0870    0.00000   100%  54.8 1938s
H261648 197564                    999850.36712    0.00000   100%  54.8 1938s
 261785 197703 824692.290 1464  163 999850.367    0.00000   100%  54.8 1940s
H261892 197781                    999450.76719    0.00000   100%  54.8 1940s
H261893 197719                    998572.93700    0.00000   100%  54.8 1941s
H262186 198011                    998569.27410    0.00000   100%  54.8 1944s
 262371 198198 830783.818 2050  162 998569.274    0.00000   100%  54.8 1945s
H262449 198274                    998568.76752    0.00000   100%  54.8 1945s
H262733 198521                    998507.25676    0.00000   100%  54.8 1948s
 262847 198555 infeasible  122      998507.257    0.00000   100%  54.8 1950s
H262886 198574                    998414.73251    0.00000   100%  54.8 1950s
H263162 198754                    998182.27249    0.00000   100%  54.8 1955s
 263484 199066 849889.548  413  172 998182.272    0.00000   100%  54.8 1960s
 263952 199464    0.00000   97  259 998182.272    0.00000   100%  54.9 1965s
 264251 199645 infeasible  124      998182.272    0.00000   100%  55.0 1970s
 264605 199834 infeasible  152      998182.272    0.00000   100%  55.1 1975s
H264792 199913                    998077.60965    0.00000   100%  55.1 1978s
 264887 199948 575239.500  111  265 998077.610    0.00000   100%  55.1 1980s
 265196 200143 498182.778  130  214 998077.610    0.00000   100%  55.2 1985s
 265539 200406 643481.928  294  172 998077.610    0.00000   100%  55.2 1990s
H265610 200453                    997967.83249    0.00000   100%  55.2 1991s
 266296 201097 667108.405  953  171 997967.832    0.00000   100%  55.1 1995s
 267108 201833 683340.547 1673  167 997967.832    0.00000   100%  55.0 2000s
H267362 201979                    997704.40620    0.00000   100%  54.9 2002s
H267515 202131                    997698.93131    0.00000   100%  54.9 2003s
H267809 202408                    997592.04529    0.00000   100%  54.8 2004s
H267869 202377                    997307.53910    0.00000   100%  54.8 2004s
 267888 202398 974503.231 2352  181 997307.539    0.00000   100%  54.8 2005s
H268462 202878                    997036.63120    0.00000   100%  54.7 2007s
H268557 202844                    996669.77177    0.00000   100%  54.7 2009s
 268787 203076 773164.004 3065  160 996669.772    0.00000   100%  54.7 2010s
H268876 203062                    996097.18743    0.00000   100%  54.7 2010s
H269645 203706                    995714.21160    0.00000   100%  54.5 2014s
 269772 203835 816379.020 3969  156 995714.212    0.00000   100%  54.5 2015s
H270678 204738                    995709.07267    0.00000   100%  54.3 2019s
 270955 205017 822615.752 5135  157 995709.073    0.00000   100%  54.3 2020s
H271678 205738                    995709.06472    0.00000   100%  54.2 2022s
 272158 206210 838142.045 6234  155 995709.065    0.00000   100%  54.1 2025s
H272447 206449                    995707.60042    0.00000   100%  54.1 2027s
H272554 206542                    995622.39152    0.00000   100%  54.0 2028s
H272655 206627                    995622.39142    0.00000   100%  54.0 2029s
 272769 206741 858011.909 6786  159 995622.391    0.00000   100%  54.0 2030s
H273655 207617                    995608.83756    0.00000   100%  53.8 2034s
 273786 207750 869210.099 7796  158 995608.838    0.00000   100%  53.8 2035s
 275153 209093 807071.325  397  173 995608.838    0.00000   100%  53.7 2040s
H275662 209315                    994758.28692    0.00000   100%  53.6 2043s
 276155 209810 836901.314 1399  169 994758.287    0.00000   100%  53.5 2045s
H276401 209921                    994653.80270    0.00000   100%  53.6 2049s
 276422 209938 infeasible  131      994653.803    0.00000   100%  53.6 2050s
H276427 209930                    994452.89753    0.00000   100%  53.6 2050s
 276662 210050     cutoff  128      994452.898    0.00000   100%  53.7 2055s
H276674 210057                    994443.96130    0.00000   100%  53.7 2055s
 276838 210130 843556.347  125  196 994443.961    0.00000   100%  53.7 2061s
H276839 210128                    994433.84101    0.00000   100%  53.7 2061s
 276990 210181 infeasible  116      994433.841    0.00000   100%  53.8 2065s
H277104 210218                    993901.94647    0.00000   100%  53.8 2066s
H277260 210263                    993704.64460    0.00000   100%  53.8 2069s
 277305 210282 70983.3970  108  235 993704.645    0.00000   100%  53.8 2070s
 277519 210360 infeasible  112      993704.645    0.00000   100%  53.9 2075s
H277673 210452                    993704.58003    0.00000   100%  53.9 2077s
H277699 210466                    993704.47003    0.00000   100%  53.9 2077s
 277792 210497 716501.365   99  213 993704.470    0.00000   100%  54.0 2080s
H277805 210508                    993698.16753    0.00000   100%  54.0 2080s
H277953 210555                    993496.48316    0.00000   100%  54.0 2084s
H278005 210578                    993400.31454    0.00000   100%  54.0 2085s
H278293 210587                    993059.05599    0.00000   100%  54.1 2090s
 278570 210728 516400.738  119  199 993059.056    0.00000   100%  54.1 2095s
H278638 210692                    992924.62968    0.00000   100%  54.1 2096s
 278699 210717 306263.232  105  235 992924.630    0.00000   100%  54.2 2100s
H278778 210719                    992889.48462    0.00000   100%  54.2 2101s
 278950 210767    0.00000  102  229 992889.485    0.00000   100%  54.2 2105s
H279282 210578                    992157.06019    0.00000   100%  54.3 2110s
 279543 210700 686121.992  109  238 992157.060    0.00000   100%  54.4 2115s
 279779 210831 765303.486  110  236 992157.060    0.00000   100%  54.4 2120s
H280001 210933                    992132.10541    0.00000   100%  54.5 2124s
H280047 210919                    991802.12699    0.00000   100%  54.5 2125s
H280140 210945                    991737.68525    0.00000   100%  54.5 2126s
H280242 211011                    991321.83129    0.00000   100%  54.6 2129s
 280280 211013 infeasible  120      991321.831    0.00000   100%  54.6 2130s
 280533 211104 878209.405  110  229 991321.831    0.00000   100%  54.6 2135s
 280750 211174 831888.957  103  273 991321.831    0.00000   100%  54.7 2140s
H280802 211164                    990957.44822    0.00000   100%  54.7 2141s
 280922 211228    0.00000   89  248 990957.448    0.00000   100%  54.8 2145s
 281139 211357 67373.3377  106  227 990957.448    0.00000   100%  54.8 2150s
H281227 211401                    990947.70916    0.00000   100%  54.8 2151s
H281359 211480                    990852.02265    0.00000   100%  54.9 2154s
 281386 211509 180088.350  117  236 990852.023    0.00000   100%  54.9 2155s
H281437 211534                    990849.16466    0.00000   100%  54.9 2156s
H281489 211546                    990406.04561    0.00000   100%  54.9 2157s
 281593 211599 181406.357  118  232 990406.046    0.00000   100%  54.9 2160s
H281658 211611                    990333.66279    0.00000   100%  54.9 2162s
H281729 211652                    990308.56430    0.00000   100%  55.0 2164s
 281739 211660 436388.480  122  225 990308.564    0.00000   100%  55.0 2165s
 281935 211712 725221.682  124  197 990308.564    0.00000   100%  55.0 2170s
H282032 211721                    990239.10688    0.00000   100%  55.1 2174s
 282062 211729 415228.949  107  264 990239.107    0.00000   100%  55.1 2175s
 282215 211788 144471.102  110  222 990239.107    0.00000   100%  55.1 2180s
 282447 211923 161618.998  103  240 990239.107    0.00000   100%  55.2 2185s
 282623 212010 618128.020  118  191 990239.107    0.00000   100%  55.3 2190s
H282815 212103                    990178.89490    0.00000   100%  55.3 2194s
 282828 212106 31825.2483   95  233 990178.895    0.00000   100%  55.3 2195s
H282914 212140                    990178.23948    0.00000   100%  55.3 2197s
 283006 212206 620380.276  135  197 990178.239    0.00000   100%  55.3 2200s
H283055 212217                    990151.29404    0.00000   100%  55.3 2201s
 283291 212317 827085.723  103  207 990151.294    0.00000   100%  55.4 2205s
H283411 212376                    990143.04711    0.00000   100%  55.4 2207s
 283535 212448 240030.854  101  232 990143.047    0.00000   100%  55.5 2210s
H283615 212466                    990110.21192    0.00000   100%  55.5 2211s
 283729 212525 infeasible  121      990110.212    0.00000   100%  55.5 2215s
H283812 212555                    989986.67304    0.00000   100%  55.5 2218s
 283878 212599    0.00000  106  265 989986.673    0.00000   100%  55.5 2220s
H283890 212608                    989970.21858    0.00000   100%  55.6 2220s
H283916 212611                    989558.60145    0.00000   100%  55.6 2220s
H283997 212647                    989543.91688    0.00000   100%  55.6 2221s
 284157 212721 624749.956  114  206 989543.917    0.00000   100%  55.6 2225s
H284338 212791                    989513.03752    0.00000   100%  55.7 2229s
 284339 212794 42693.6282  109  253 989513.038    0.00000   100%  55.7 2230s
H284444 212808                    989347.70288    0.00000   100%  55.7 2232s
H284522 212850                    989331.88056    0.00000   100%  55.7 2235s
 284783 212979 55117.6901  109  243 989331.881    0.00000   100%  55.8 2240s
 285087 213177 555163.213  211  183 989331.881    0.00000   100%  55.8 2245s
H285121 213195                    989279.65281    0.00000   100%  55.8 2245s
H285147 212148                    988040.09098    0.00000   100%  55.8 2246s
 285474 212357 infeasible  137      988040.091    0.00000   100%  55.8 2250s
H285708 211965                    987606.41368    0.00000   100%  55.9 2254s
 285732 211972    0.00000   98  225 987606.414    0.00000   100%  55.9 2255s
H285841 211900                    987475.79900    0.00000   100%  55.9 2257s
H285921 211052                    986765.51288    0.00000   100%  55.9 2258s
H285963 210297                    985762.06973    0.00000   100%  55.9 2260s
H286189 208999                    984740.99912    0.00000   100%  56.0 2265s
 286408 209103 657540.838  125  224 984740.999    0.00000   100%  56.1 2270s
H286432 207996                    983528.21472    0.00000   100%  56.1 2270s
 286677 208136 207131.059  107  250 983528.215    0.00000   100%  56.2 2275s
 286930 208254 26080.9345  106  262 983528.215    0.00000   100%  56.2 2280s
H287037 208307                    983524.56987    0.00000   100%  56.2 2282s
H287063 208320                    983508.86195    0.00000   100%  56.2 2283s
H287115 208335                    983508.84380    0.00000   100%  56.3 2283s
 287192 208364 737793.042  118  218 983508.844    0.00000   100%  56.3 2285s
H287339 208093                    983082.04560    0.00000   100%  56.3 2288s
 287446 208135 150637.834  111  235 983082.046    0.00000   100%  56.4 2290s
H287641 208019                    982804.84718    0.00000   100%  56.4 2294s
 287679 208041 35261.3688  112  247 982804.847    0.00000   100%  56.4 2295s
H287925 207948                    982498.08419    0.00000   100%  56.4 2299s
 287964 207975 104581.283  117  232 982498.084    0.00000   100%  56.5 2300s
H287977 207919                    982424.72158    0.00000   100%  56.5 2300s
H288003 207404                    981653.80394    0.00000   100%  56.5 2301s
 288178 207505 825675.244  131  190 981653.804    0.00000   100%  56.5 2305s
 288385 207607 542847.035  129  192 981653.804    0.00000   100%  56.6 2310s
H288477 207639                    981653.75480    0.00000   100%  56.6 2313s
 288579 207683 147507.811  108  227 981653.755    0.00000   100%  56.6 2315s
H288687 207743                    981652.59332    0.00000   100%  56.6 2317s
 288842 207842 809489.033  124  190 981652.593    0.00000   100%  56.7 2320s
H288903 207862                    981650.42015    0.00000   100%  56.7 2321s
 289147 207997 infeasible  117      981650.420    0.00000   100%  56.7 2325s
H289188 207495                    980733.74906    0.00000   100%  56.7 2326s
H289236 207366                    980437.13533    0.00000   100%  56.8 2326s
 289457 207489 811447.860  131  180 980437.135    0.00000   100%  56.8 2330s
H289500 207409                    980320.28554    0.00000   100%  56.8 2331s
 289693 207497 32253.4101  117  234 980320.286    0.00000   100%  56.8 2335s
H289824 207557                    980311.35180    0.00000   100%  56.9 2337s
H289944 207107                    979653.85208    0.00000   100%  56.9 2339s
 289991 207138 infeasible  131      979653.852    0.00000   100%  56.9 2340s
H289996 207074                    979545.79141    0.00000   100%  56.9 2340s
 290195 207167 infeasible  129      979545.791    0.00000   100%  57.0 2345s
H290306 207187                    979507.10411    0.00000   100%  57.0 2346s
 290442 207255 infeasible  123      979507.104    0.00000   100%  57.0 2350s
H290662 207263                    979350.35484    0.00000   100%  57.1 2354s
 290668 207263    0.00000  106  225 979350.355    0.00000   100%  57.1 2355s
H290866 207350                    979345.13369    0.00000   100%  57.1 2357s
H290991 207293                    979132.09569    0.00000   100%  57.2 2359s
 290992 207296 103766.362  120  230 979132.096    0.00000   100%  57.2 2360s
 291248 207443 infeasible  126      979132.096    0.00000   100%  57.2 2365s
 291452 207521 145324.752  104  219 979132.096    0.00000   100%  57.3 2370s
H291486 207083                    978558.19965    0.00000   100%  57.3 2370s
H291738 206975                    978190.99937    0.00000   100%  57.3 2374s
 291754 206977 145847.290  107  232 978190.999    0.00000   100%  57.3 2375s
H291764 206912                    978066.56570    0.00000   100%  57.3 2376s
H291843 206912                    978033.11376    0.00000   100%  57.3 2377s
H291944 206912                    978003.60778    0.00000   100%  57.4 2379s
 291971 206937 infeasible  130      978003.608    0.00000   100%  57.4 2380s
H292088 206948                    977935.55214    0.00000   100%  57.4 2383s
 292158 206981 592092.775  116  200 977935.552    0.00000   100%  57.4 2385s
H292211 207003                    977932.16108    0.00000   100%  57.5 2386s
 292362 207075 829158.040  136  180 977932.161    0.00000   100%  57.5 2390s
 292602 207204 547539.473  130  203 977932.161    0.00000   100%  57.6 2395s
H292824 206265                    976463.91854    0.00000   100%  57.6 2399s
 292874 206299 infeasible  119      976463.919    0.00000   100%  57.6 2400s
H292935 206247                    976379.57458    0.00000   100%  57.6 2401s
 293111 206315 infeasible  124      976379.575    0.00000   100%  57.6 2405s
H293352 206391                    976351.07637    0.00000   100%  57.7 2410s
H293513 206385                    976249.55760    0.00000   100%  57.8 2414s
 293590 206414 infeasible  122      976249.558    0.00000   100%  57.8 2415s
H293731 206474                    976226.37097    0.00000   100%  57.8 2417s
H293825 206522                    976221.06349    0.00000   100%  57.8 2418s
 293880 206559 208272.047  121  220 976221.063    0.00000   100%  57.8 2420s
H293966 206603                    976221.05350    0.00000   100%  57.8 2423s
 294086 206653 771561.613  122  236 976221.054    0.00000   100%  57.9 2425s
 294402 206775 infeasible  126      976221.054    0.00000   100%  57.9 2430s
H294452 206789                    976218.56493    0.00000   100%  57.9 2430s
H294478 206753                    976112.23026    0.00000   100%  57.9 2431s
 294738 206875 infeasible  131      976112.230    0.00000   100%  58.0 2435s
H294811 206873                    976071.47491    0.00000   100%  58.0 2437s
H294869 206879                    976024.87906    0.00000   100%  58.0 2438s
 294960 206912 316705.970  114  212 976024.879    0.00000   100%  58.0 2440s
 295201 207058 2279.03980  104  228 976024.879    0.00000   100%  58.1 2445s
H295355 206919                    975645.36049    0.00000   100%  58.1 2448s
 295396 206929    0.00000  102  224 975645.360    0.00000   100%  58.1 2450s
H295628 207005                    975563.58426    0.00000   100%  58.2 2453s
 295754 207082 880231.594  142  191 975563.584    0.00000   100%  58.2 2455s
H295791 206972                    975332.68315    0.00000   100%  58.2 2456s
H295981 207037                    975263.18460    0.00000   100%  58.3 2459s
H296046 207032                    975128.66769    0.00000   100%  58.3 2460s
H296183 207020                    974940.56836    0.00000   100%  58.3 2463s
 296270 207053 82917.8672  112  229 974940.568    0.00000   100%  58.3 2465s
 296499 207156 714525.171  118  207 974940.568    0.00000   100%  58.4 2470s
H296503 207153                    974938.23249    0.00000   100%  58.4 2470s
H296641 207185                    974885.28576    0.00000   100%  58.4 2472s
H296693 207189                    974868.61252    0.00000   100%  58.4 2473s
H296719 207113                    974662.36673    0.00000   100%  58.4 2473s
 296771 207149 infeasible  120      974662.367    0.00000   100%  58.4 2475s
H296930 207097                    974283.00960    0.00000   100%  58.4 2477s
H296958 207119                    974283.00950    0.00000   100%  58.4 2478s
H296984 207096                    974193.83277    0.00000   100%  58.5 2478s
 297050 207125 650123.896  127  202 974193.833    0.00000   100%  58.5 2480s
H297228 207211                    974188.62802    0.00000   100%  58.5 2484s
 297309 207238 215277.998  118  220 974188.628    0.00000   100%  58.5 2485s
 297571 207375 321289.125  115  242 974188.628    0.00000   100%  58.5 2490s
H297651 207395                    974184.80768    0.00000   100%  58.6 2491s
H297752 207427                    974174.65816    0.00000   100%  58.6 2494s
H297794 207385                    974052.05464    0.00000   100%  58.6 2495s
H297902 207207                    973711.55411    0.00000   100%  58.6 2497s
H298035 207271                    973669.57481    0.00000   100%  58.7 2499s
 298061 207285 796984.771  117  207 973669.575    0.00000   100%  58.7 2500s
H298088 207267                    973549.20499    0.00000   100%  58.7 2500s
 298288 207346 infeasible  130      973549.205    0.00000   100%  58.7 2505s
H298459 207425                    973516.68528    0.00000   100%  58.8 2509s
 298487 207441 infeasible  127      973516.685    0.00000   100%  58.8 2510s
H298623 207476                    973451.86776    0.00000   100%  58.8 2512s
H298721 207515                    973448.46918    0.00000   100%  58.8 2514s
 298751 207539 561495.938  117  218 973448.469    0.00000   100%  58.8 2515s
H298816 207560                    973445.62197    0.00000   100%  58.9 2516s
H298866 207552                    973343.68513    0.00000   100%  58.9 2517s
H298919 207340                    972684.90629    0.00000   100%  58.9 2519s
 298967 207356 1225.28108   98  236 972684.906    0.00000   100%  58.9 2520s
H299170 207474                    972684.74718    0.00000   100%  58.9 2525s
H299242 207514                    972671.30956    0.00000   100%  58.9 2525s
H299380 207553                    972651.51295    0.00000   100%  58.9 2528s
 299549 207627 946430.978  117  225 972651.513    0.00000   100%  59.0 2530s
H299610 207629                    972623.67393    0.00000   100%  59.0 2531s
 299915 207772 infeasible  119      972623.674    0.00000   100%  59.0 2535s
H299958 207797                    972623.67383    0.00000   100%  59.1 2535s
 300187 207897 infeasible  117      972623.674    0.00000   100%  59.1 2540s
H300199 207661                    971908.51022    0.00000   100%  59.1 2540s
 300413 207756 754777.125  120  218 971908.510    0.00000   100%  59.1 2545s
H300470 207788                    971908.48421    0.00000   100%  59.2 2546s
H300527 207814                    971895.86361    0.00000   100%  59.2 2547s
H300565 207796                    971854.98567    0.00000   100%  59.2 2548s
H300588 207774                    971805.96663    0.00000   100%  59.2 2549s
 300615 207795 34717.1019  108  221 971805.967    0.00000   100%  59.2 2550s
H300805 207620                    971266.00287    0.00000   100%  59.2 2554s
 300814 207621 infeasible  117      971266.003    0.00000   100%  59.2 2555s
 301067 207750 infeasible  135      971266.003    0.00000   100%  59.3 2560s
H301087 207721                    971238.86079    0.00000   100%  59.3 2560s
 301324 207830 57546.5832  112  244 971238.861    0.00000   100%  59.4 2565s
 301583 207950 172523.901  105  249 971238.861    0.00000   100%  59.4 2570s
H301637 207968                    971230.67285    0.00000   100%  59.4 2571s
H301763 207905                    971066.48792    0.00000   100%  59.4 2573s
H301830 207946                    971059.54139    0.00000   100%  59.4 2574s
 301860 207972 infeasible  138      971059.541    0.00000   100%  59.4 2575s
H301981 207967                    970984.63013    0.00000   100%  59.5 2577s
H302008 207970                    970982.94717    0.00000   100%  59.5 2578s
H302081 208015                    970978.86465    0.00000   100%  59.5 2579s
 302108 208032 infeasible  121      970978.865    0.00000   100%  59.5 2580s
H302109 207957                    970880.70632    0.00000   100%  59.5 2580s
 302452 208115 930470.559  123  193 970880.706    0.00000   100%  59.6 2585s
 302862 208313 infeasible  131      970880.706    0.00000   100%  59.7 2590s
H303055 208156                    970638.07779    0.00000   100%  59.7 2592s
H303215 208255                    970638.07769    0.00000   100%  59.8 2594s
 303247 208263 145963.929  109  227 970638.078    0.00000   100%  59.8 2595s
H303290 208287                    970636.66555    0.00000   100%  59.8 2595s
 303546 208381 infeasible  109      970636.666    0.00000   100%  59.9 2600s
 303945 208584 infeasible  125      970636.666    0.00000   100%  59.9 2605s
H304055 208595                    970526.87653    0.00000   100%  60.0 2607s
 304252 208686 infeasible  129      970526.877    0.00000   100%  60.0 2610s
H304355 208738                    970526.87643    0.00000   100%  60.0 2611s
H304669 208871                    970525.93274    0.00000   100%  60.1 2614s
 304714 208889 infeasible  126      970525.933    0.00000   100%  60.1 2615s
H304966 209022                    970514.16203    0.00000   100%  60.1 2619s
 305006 209041 353499.229  123  225 970514.162    0.00000   100%  60.2 2620s
H305072 209059                    970473.86917    0.00000   100%  60.2 2620s
H305125 209094                    970471.08176    0.00000   100%  60.2 2621s
 305263 209160 490522.240  131  207 970471.082    0.00000   100%  60.2 2625s
 305507 209281 367117.787  126  230 970471.082    0.00000   100%  60.3 2630s
H305750 209362                    970444.21788    0.00000   100%  60.3 2634s
 305772 209376 712492.953  124  173 970444.218    0.00000   100%  60.3 2635s
H305803 209338                    970298.54378    0.00000   100%  60.3 2636s
H305941 209403                    970275.18147    0.00000   100%  60.4 2639s
 305983 209426 298607.829  104  221 970275.181    0.00000   100%  60.4 2640s
 306261 209582 777274.196  119  188 970275.181    0.00000   100%  60.4 2645s
 306558 209722 869591.292  120  231 970275.181    0.00000   100%  60.5 2650s
 306818 209865 504453.398  129  209 970275.181    0.00000   100%  60.5 2655s
 307044 210000 263728.738  113  224 970275.181    0.00000   100%  60.6 2660s
 307239 210073 infeasible  125      970275.181    0.00000   100%  60.6 2665s
H307274 210083                    970271.35452    0.00000   100%  60.6 2665s
 307517 210172 486261.585  123  206 970271.355    0.00000   100%  60.7 2670s
 307785 210293 625070.719  120  225 970271.355    0.00000   100%  60.7 2675s
 308052 210454 305223.304  121  229 970271.355    0.00000   100%  60.8 2680s
H308067 210457                    970256.44004    0.00000   100%  60.8 2680s
H308242 210546                    970242.71806    0.00000   100%  60.8 2684s
 308350 210625 infeasible  134      970242.718    0.00000   100%  60.8 2685s
H308632 210740                    970225.36700    0.00000   100%  60.8 2690s
 308854 210860 957986.756  119  213 970225.367    0.00000   100%  60.9 2695s
H308873 210850                    970196.26739    0.00000   100%  60.9 2695s
H309097 210948                    970190.89676    0.00000   100%  60.9 2699s
 309111 210958 infeasible  105      970190.897    0.00000   100%  61.0 2700s
H309178 210988                    970157.47742    0.00000   100%  61.0 2703s
H309259 211033                    970125.41147    0.00000   100%  61.0 2705s
 309628 211204 521463.289  114  222 970125.411    0.00000   100%  61.0 2710s
H309968 211368                    970125.32922    0.00000   100%  61.1 2714s
 310011 211411 648813.734  132  184 970125.329    0.00000   100%  61.1 2715s
 310633 211947 infeasible  378      970125.329    0.00000   100%  61.0 2720s
H310803 211970                    969989.85709    0.00000   100%  61.0 2724s
 310884 212023 808655.281  136  168 969989.857    0.00000   100%  61.1 2725s
 311118 212149 922101.102  137  186 969989.857    0.00000   100%  61.1 2730s
H311119 212141                    969981.23851    0.00000   100%  61.1 2730s
H311236 212183                    969916.03328    0.00000   100%  61.1 2731s
 311397 212309 573722.351  131  194 969916.033    0.00000   100%  61.2 2735s
H311467 212334                    969891.10673    0.00000   100%  61.2 2736s
 311622 212409 290069.817  119  235 969891.107    0.00000   100%  61.2 2740s
 311897 212546 infeasible  186      969891.107    0.00000   100%  61.2 2745s
 312176 212739 773535.753  260  168 969891.107    0.00000   100%  61.3 2750s
 312675 213238 779625.820  759  167 969891.107    0.00000   100%  61.3 2755s
 313379 213942 783988.205 1463  167 969891.107    0.00000   100%  61.3 2760s
 314019 214582 794631.780 2103  167 969891.107    0.00000   100%  61.4 2765s
H314197 214758                    969888.53647    0.00000   100%  61.4 2767s
H314354 214807                    969598.28059    0.00000   100%  61.4 2769s
 314398 214853 800684.919 2482  166 969598.281    0.00000   100%  61.4 2770s
 315099 215554 811868.323 3183  166 969598.281    0.00000   100%  61.4 2775s
 315362 215718 480653.900  142  194 969598.281    0.00000   100%  61.4 2780s
 315611 215829 infeasible  231      969598.281    0.00000   100%  61.4 2785s
H315715 215843                    969597.25566    0.00000   100%  61.5 2789s
H315742 215838                    969580.35945    0.00000   100%  61.5 2790s
 316030 216000 783949.379  138  171 969580.359    0.00000   100%  61.5 2795s
H316075 215961                    969520.93744    0.00000   100%  61.5 2796s
 316257 216082 968639.552  114  224 969520.937    0.00000   100%  61.5 2800s
 316537 216236     cutoff  136      969520.937    0.00000   100%  61.6 2805s
 316736 216358 863381.718  128  183 969520.937    0.00000   100%  61.6 2810s
 317004 216487 673650.111  127  201 969520.937    0.00000   100%  61.7 2815s
H317100 216535                    969514.29740    0.00000   100%  61.7 2817s
 317263 216627 713279.613  100  202 969514.297    0.00000   100%  61.8 2820s
 317543 216807 821985.520  151  168 969514.297    0.00000   100%  61.8 2825s
H317596 216795                    969499.82486    0.00000   100%  61.8 2825s
 317804 216883 infeasible  117      969499.825    0.00000   100%  61.8 2830s
H318041 217007                    969469.72225    0.00000   100%  61.9 2834s
H318070 216995                    969446.04463    0.00000   100%  61.9 2835s
H318191 217063                    969432.58535    0.00000   100%  61.9 2836s
H318424 217277                    969431.08370    0.00000   100%  61.9 2840s
 319268 218113 788635.085  854  171 969431.084    0.00000   100%  61.7 2845s
 319841 218544 699271.534  109  210 969431.084    0.00000   100%  61.7 2850s
H320046 218648                    969418.68428    0.00000   100%  61.8 2854s
 320079 218667 infeasible  155      969418.684    0.00000   100%  61.8 2855s
 320357 218815 infeasible  139      969418.684    0.00000   100%  61.8 2860s
H320648 218945                    969394.28716    0.00000   100%  61.9 2865s
 321105 219238 319104.881  112  224 969394.287    0.00000   100%  61.9 2870s
 321497 219456    0.00000   98  271 969394.287    0.00000   100%  62.0 2875s
H321544 219442                    969271.72941    0.00000   100%  62.0 2875s
 321947 219729 700768.445  101  221 969271.729    0.00000   100%  62.0 2880s
H322247 219862                    969192.59561    0.00000   100%  62.1 2883s
 322335 219902 967420.366  164  177 969192.596    0.00000   100%  62.1 2885s
H322419 219925                    969191.03132    0.00000   100%  62.1 2886s
H322502 219942                    969185.30704    0.00000   100%  62.1 2887s
H322636 220027                    969051.35849    0.00000   100%  62.1 2888s
H322850 220188                    969031.18914    0.00000   100%  62.1 2890s
H323264 220485                    969022.29578    0.00000   100%  62.2 2894s
 323271 220494 938758.506  218  180 969022.296    0.00000   100%  62.2 2895s
H323290 220506                    969009.69328    0.00000   100%  62.2 2895s
 323499 220605 811983.196  132  189 969009.693    0.00000   100%  62.2 2900s
H323500 220566                    968908.63075    0.00000   100%  62.2 2900s
H323619 220616                    968890.04221    0.00000   100%  62.3 2902s
H323636 220626                    968872.25831    0.00000   100%  62.3 2903s
H323645 220454                    968433.98326    0.00000   100%  62.3 2903s
H323685 220265                    968193.95619    0.00000   100%  62.3 2904s
 323748 220287 infeasible  107      968193.956    0.00000   100%  62.3 2905s
 324030 220427 161653.373  115  237 968193.956    0.00000   100%  62.3 2910s
H324042 220395                    968124.68322    0.00000   100%  62.4 2910s
 324267 220542    0.00000   92  244 968124.683    0.00000   100%  62.4 2915s
 324416 220621     cutoff  114      968124.683    0.00000   100%  62.4 2920s
H324587 220695                    968114.91787    0.00000   100%  62.4 2923s
 324720 220744 41654.2964  110  228 968114.918    0.00000   100%  62.5 2925s
H325009 220862                    968086.50753    0.00000   100%  62.5 2929s
H325061 220858                    968046.54003    0.00000   100%  62.5 2929s
 325073 220870 696982.616  123  196 968046.540    0.00000   100%  62.5 2930s
H325113 220882                    968042.06555    0.00000   100%  62.6 2930s
H325139 220867                    967993.07575    0.00000   100%  62.6 2931s
H325445 221025                    967950.06443    0.00000   100%  62.6 2934s
 325533 221111 768947.621  189  188 967950.064    0.00000   100%  62.6 2935s
H325812 221073                    967711.07431    0.00000   100%  62.7 2939s
 325858 221089 infeasible  121      967711.074    0.00000   100%  62.7 2940s
H325922 221092                    967703.80484    0.00000   100%  62.7 2941s
 326138 221204 759793.525  132  194 967703.805    0.00000   100%  62.7 2945s
 326446 221331 infeasible  104      967703.805    0.00000   100%  62.8 2950s
 326637 221390 906692.923  118  209 967703.805    0.00000   100%  62.8 2955s
 326872 221478 infeasible  114      967703.805    0.00000   100%  62.9 2960s
 327076 221576 57968.5572  109  258 967703.805    0.00000   100%  62.9 2965s
H327125 221609                    967701.78419    0.00000   100%  62.9 2965s
 327304 221722 infeasible  120      967701.784    0.00000   100%  63.0 2970s
 327483 221790 763994.873  105  236 967701.784    0.00000   100%  63.0 2975s
 327728 221985 633395.060  205  189 967701.784    0.00000   100%  63.0 2980s
 328375 222632 690755.286  814  177 967701.784    0.00000   100%  62.9 2985s
 329433 223690 708685.416 1835  176 967701.784    0.00000   100%  62.7 2990s
 330961 225218 749357.508 3221  167 967701.784    0.00000   100%  62.5 2995s
H331532 225719                    967592.94316    0.00000   100%  62.4 2996s
H331736 225923                    967592.94306    0.00000   100%  62.3 2997s
H332279 226464                    967591.69923    0.00000   100%  62.3 2999s
 332472 226659 788291.304 4714  166 967591.699    0.00000   100%  62.2 3000s
 333284 227393 695087.200  125  216 967591.699    0.00000   100%  62.1 3005s
H333457 227443                    967572.44934    0.00000   100%  62.2 3010s
 333636 227492 642525.544  115  223 967572.449    0.00000   100%  62.2 3015s
 333940 227668 infeasible  120      967572.449    0.00000   100%  62.3 3020s
H334098 227760                    967571.59821    0.00000   100%  62.3 3023s
 334175 227793 890354.394  141  172 967571.598    0.00000   100%  62.3 3025s
 334428 227916 infeasible  245      967571.598    0.00000   100%  62.3 3030s
H334617 227985                    967568.94635    0.00000   100%  62.4 3034s
 334661 228029 900430.530  117  202 967568.946    0.00000   100%  62.4 3035s
 334930 228168 31098.7318  102  231 967568.946    0.00000   100%  62.4 3040s
 335452 228602 infeasible  108      967568.946    0.00000   100%  62.4 3045s
 335722 228738 186599.844   99  237 967568.946    0.00000   100%  62.4 3050s
 336176 228975 889550.457  125  177 967568.946    0.00000   100%  62.5 3055s
 336540 229182 744438.708  108  263 967568.946    0.00000   100%  62.6 3060s
H336554 227815                    965244.62669    0.00000   100%  62.6 3060s
H336802 227825                    965069.94200    0.00000   100%  62.6 3063s
H336857 227876                    965069.94190    0.00000   100%  62.6 3064s
 336898 227887 695990.825  126  202 965069.942    0.00000   100%  62.6 3065s
H337079 227965                    965066.69887    0.00000   100%  62.6 3066s
 337343 228115 197265.936  107  249 965066.699    0.00000   100%  62.7 3070s
 337631 228198 infeasible   96      965066.699    0.00000   100%  62.8 3075s
 338036 228364 188030.310  104  233 965066.699    0.00000   100%  62.9 3080s
H338194 228421                    965017.24079    0.00000   100%  62.9 3082s
H338272 228225                    964197.54265    0.00000   100%  62.9 3083s
 338376 228271 141781.182  105  225 964197.543    0.00000   100%  62.9 3085s
H338428 228295                    964161.10860    0.00000   100%  62.9 3085s
H338496 227520                    962735.25443    0.00000   100%  63.0 3087s
H338626 227563                    962730.70504    0.00000   100%  63.0 3088s
 338719 227596 470685.689  113  220 962730.705    0.00000   100%  63.0 3090s
H338909 224844                    958891.83660    0.00000   100%  63.0 3092s
H338935 224645                    958576.62833    0.00000   100%  63.0 3093s
H338976 224652                    958576.62823    0.00000   100%  63.0 3093s
H338992 223995                    957748.01908    0.00000   100%  63.0 3093s
H339005 223998                    957744.03921    0.00000   100%  63.0 3094s
 339021 224012 577864.458  122  210 957744.039    0.00000   100%  63.0 3095s
H339074 223891                    957617.09530    0.00000   100%  63.0 3095s
H339120 223913                    957617.07893    0.00000   100%  63.1 3096s
 339429 224085 infeasible  115      957617.079    0.00000   100%  63.1 3100s
H339711 224200                    957612.53356    0.00000   100%  63.2 3105s
H340078 224399                    957593.91313    0.00000   100%  63.2 3108s
 340163 224432 infeasible  115      957593.913    0.00000   100%  63.2 3110s
H340184 224061                    957152.24788    0.00000   100%  63.2 3110s
H340244 223962                    957008.64070    0.00000   100%  63.3 3111s
H340398 223573                    956484.34126    0.00000   100%  63.3 3113s
 340491 223622 57354.8320  115  234 956484.341    0.00000   100%  63.3 3115s
H340633 223681                    956472.77270    0.00000   100%  63.3 3116s
H340793 223744                    956457.00678    0.00000   100%  63.4 3118s
H340914 223699                    956296.72522    0.00000   100%  63.4 3119s
 340922 223707 522628.178  116  227 956296.725    0.00000   100%  63.4 3120s
 341249 223881 809061.319  175  162 956296.725    0.00000   100%  63.5 3125s
H341428 223765                    956046.50125    0.00000   100%  63.5 3127s
H341454 223781                    956046.50116    0.00000   100%  63.5 3128s
 341599 223856 32186.0224  102  222 956046.501    0.00000   100%  63.6 3130s
H341915 222440                    953759.96983    0.00000   100%  63.6 3134s
 341930 222453 529137.820  123  205 953759.970    0.00000   100%  63.6 3135s
H341990 222475                    953755.71001    0.00000   100%  63.6 3136s
H342352 222657                    953740.45847    0.00000   100%  63.7 3140s
H342510 222028                    952833.76930    0.00000   100%  63.7 3142s
H342634 222108                    952833.58688    0.00000   100%  63.7 3143s
H342691 222050                    952757.49920    0.00000   100%  63.7 3144s
 342797 222096 74556.7149  113  259 952757.499    0.00000   100%  63.8 3145s
H342919 222159                    952754.95110    0.00000   100%  63.8 3147s
H342999 222204                    952735.25777    0.00000   100%  63.8 3148s
 343198 222325 102838.171  129  226 952735.258    0.00000   100%  63.8 3150s
H343435 222469                    952698.31590    0.00000   100%  63.8 3152s
H343606 222555                    952661.84081    0.00000   100%  63.8 3154s
 343710 222603 818177.221  129  194 952661.841    0.00000   100%  63.9 3155s
H343782 222555                    952577.96226    0.00000   100%  63.9 3156s
H343926 222602                    952572.67960    0.00000   100%  63.9 3158s
H344001 222600                    952538.51273    0.00000   100%  63.9 3158s
 344113 222624 740634.204   98  276 952538.513    0.00000   100%  63.9 3160s
H344281 222699                    952531.21619    0.00000   100%  64.0 3162s
 344548 222848    0.00000  103  222 952531.216    0.00000   100%  64.0 3165s
H344588 222862                    952515.46134    0.00000   100%  64.0 3165s
H344614 222754                    952394.98349    0.00000   100%  64.0 3165s
H344640 222669                    952287.22434    0.00000   100%  64.0 3167s
H344847 222720                    952225.78236    0.00000   100%  64.1 3169s
 344866 222729 148651.326  109  223 952225.782    0.00000   100%  64.1 3170s
H345149 222843                    952180.90017    0.00000   100%  64.1 3174s
 345248 222888 infeasible  126      952180.900    0.00000   100%  64.1 3175s
H345288 222914                    952180.89504    0.00000   100%  64.1 3176s
H345545 222841                    951937.38969    0.00000   100%  64.2 3178s
 345660 222920 infeasible  135      951937.390    0.00000   100%  64.2 3180s
H345712 222948                    951937.35900    0.00000   100%  64.2 3181s
H346029 223054                    951881.79246    0.00000   100%  64.2 3184s
 346049 223076 240395.152  123  221 951881.792    0.00000   100%  64.2 3185s
 346526 223324 infeasible  133      951881.792    0.00000   100%  64.3 3190s
H346553 223333                    951881.63428    0.00000   100%  64.3 3190s
H346624 223253                    951767.98570    0.00000   100%  64.3 3191s
 346974 223464 49163.1911  112  233 951767.986    0.00000   100%  64.4 3195s
H346992 223380                    951657.06426    0.00000   100%  64.4 3195s
H347249 223506                    951652.92843    0.00000   100%  64.4 3198s
 347382 223550 72847.8981  116  241 951652.928    0.00000   100%  64.4 3200s
H347445 223571                    951652.44225    0.00000   100%  64.5 3200s
H347602 223391                    951424.87821    0.00000   100%  64.5 3204s
 347703 223415 infeasible  171      951424.878    0.00000   100%  64.5 3205s
H347719 223220                    951277.03101    0.00000   100%  64.5 3205s
 348203 223556 713120.747  261  186 951277.031    0.00000   100%  64.5 3210s
H348231 223554                    951277.03091    0.00000   100%  64.5 3210s
 348582 223761 26370.3419  113  220 951277.031    0.00000   100%  64.6 3215s
H348836 223911                    951273.48891    0.00000   100%  64.6 3217s
 349049 224017 infeasible  122      951273.489    0.00000   100%  64.7 3220s
H349051 224016                    951272.90826    0.00000   100%  64.7 3220s
 349398 224188 760102.608  116  215 951272.908    0.00000   100%  64.7 3225s
H349488 222308                    948786.79695    0.00000   100%  64.7 3226s
 349609 222354 151600.910  107  220 948786.797    0.00000   100%  64.8 3230s
H349621 222358                    948774.27699    0.00000   100%  64.8 3230s
 349694 222402 770342.724  125  193 948774.277    0.00000   100%  64.8 3235s
H349857 222474                    948739.28424    0.00000   100%  64.8 3238s
 349948 222528 180931.270  109  233 948739.284    0.00000   100%  64.8 3240s
H350175 222612                    948738.84205    0.00000   100%  64.9 3244s
 350221 222624 infeasible  118      948738.842    0.00000   100%  64.9 3245s
H350260 222637                    948700.70942    0.00000   100%  64.9 3245s
 350549 222759 infeasible  116      948700.709    0.00000   100%  64.9 3250s
H350660 222792                    948662.68457    0.00000   100%  65.0 3252s
 350853 222949 563894.615  185  186 948662.685    0.00000   100%  65.0 3255s
H351018 223030                    948659.27027    0.00000   100%  65.0 3258s
 351217 223229 429815.939  270  180 948659.270    0.00000   100%  65.0 3260s
H352018 224018                    948622.78823    0.00000   100%  64.8 3264s
H352080 224080                    948619.59302    0.00000   100%  64.8 3264s
 352168 224170 468307.976 1154  176 948619.593    0.00000   100%  64.8 3265s
H353051 225013                    948502.13927    0.00000   100%  64.7 3268s
 353129 225049 infeasible 2060      948502.139    0.00000   100%  64.7 3270s
H353189 225073                    948493.29357    0.00000   100%  64.7 3271s
H354150 226029                    948484.69967    0.00000   100%  64.5 3274s
 354184 226065 525682.029 3072  172 948484.700    0.00000   100%  64.5 3275s
 354993 226874 542742.698 3879  174 948484.700    0.00000   100%  64.4 3280s
 356616 228497 564946.828 5498  169 948484.700    0.00000   100%  64.1 3285s
 357832 229681 652179.347 6498  169 948484.700    0.00000   100%  63.9 3290s
H358412 230256                    948470.16488    0.00000   100%  63.8 3292s
 358865 230711 693265.959 7037  166 948470.165    0.00000   100%  63.8 3295s
H359166 231001                    948403.53866    0.00000   100%  63.7 3297s
 359836 231673 792227.045 7920  164 948403.539    0.00000   100%  63.6 3301s
H359896 231602                    948054.67568    0.00000   100%  63.6 3301s
 360805 232503 infeasible 8853      948054.676    0.00000   100%  63.5 3305s
H360966 232557                    948049.43937    0.00000   100%  63.5 3307s
H361052 232610                    948046.54104    0.00000   100%  63.5 3308s
H361187 232378                    947287.09203    0.00000   100%  63.5 3309s
 361199 232390 740875.925  114  199 947287.092    0.00000   100%  63.5 3310s
H361218 232396                    947282.98123    0.00000   100%  63.5 3310s
H361356 232490                    947279.79436    0.00000   100%  63.5 3312s
H361436 232537                    947277.38228    0.00000   100%  63.5 3313s
H361438 232539                    947277.38217    0.00000   100%  63.5 3314s
 361515 232584     cutoff  135      947277.382    0.00000   100%  63.5 3315s
 361734 232694 743276.454  127  191 947277.382    0.00000   100%  63.6 3320s
 361896 232738 286880.465  103  227 947277.382    0.00000   100%  63.6 3325s
 362145 232861     cutoff  138      947277.382    0.00000   100%  63.6 3330s
 362411 233010 748452.744  128  184 947277.382    0.00000   100%  63.7 3335s
H362474 233020                    947234.82321    0.00000   100%  63.7 3336s
 362633 233069 140104.032  102  221 947234.823    0.00000   100%  63.7 3340s
H362819 233108                    947101.86728    0.00000   100%  63.8 3343s
 362893 233144    0.00000  102  251 947101.867    0.00000   100%  63.8 3345s
H362968 233188                    947098.11919    0.00000   100%  63.8 3346s
 363123 233261 688727.492   98  230 947098.119    0.00000   100%  63.8 3350s
H363174 233272                    947093.46177    0.00000   100%  63.8 3351s
H363201 233271                    947028.78591    0.00000   100%  63.8 3352s
 363361 233360 890377.361  134  191 947028.786    0.00000   100%  63.9 3355s
 363615 233478     cutoff  142      947028.786    0.00000   100%  63.9 3360s
H363854 233579                    947027.44739    0.00000   100%  63.9 3364s
 363884 233595 infeasible  125      947027.447    0.00000   100%  63.9 3365s
H363949 233411                    946635.15556    0.00000   100%  63.9 3366s
 364060 233472 infeasible  103      946635.156    0.00000   100%  64.0 3370s
H364150 233520                    946635.05088    0.00000   100%  64.0 3371s
 364314 233617 779010.109  135  177 946635.051    0.00000   100%  64.0 3375s
H364360 233623                    946625.47235    0.00000   100%  64.0 3376s
 364530 233722 133351.276  115  225 946625.472    0.00000   100%  64.1 3380s
H364646 233658                    946461.45528    0.00000   100%  64.1 3382s
 364724 233685 147123.310  108  222 946461.455    0.00000   100%  64.1 3385s
H364819 233719                    946435.06940    0.00000   100%  64.1 3387s
 364908 233773 875799.925  134  189 946435.069    0.00000   100%  64.1 3391s
H364936 233774                    946429.76245    0.00000   100%  64.1 3391s
H364962 233771                    946414.78063    0.00000   100%  64.1 3392s
H365067 233789                    946381.00394    0.00000   100%  64.2 3393s
 365138 233822 552634.468  115  219 946381.004    0.00000   100%  64.2 3395s
H365376 233888                    946350.08680    0.00000   100%  64.2 3398s
 365428 233908 895882.431  102  264 946350.087    0.00000   100%  64.2 3400s
 365689 234027 930991.457  133  195 946350.087    0.00000   100%  64.3 3405s
 365895 234147 818965.443  140  186 946350.087    0.00000   100%  64.3 3410s
H366061 234208                    946333.98186    0.00000   100%  64.3 3414s
 366076 234219 infeasible  140      946333.982    0.00000   100%  64.4 3415s
 366377 234386 infeasible  109      946333.982    0.00000   100%  64.4 3420s
H366417 234409                    946329.05164    0.00000   100%  64.4 3420s
H366642 234500                    946317.44456    0.00000   100%  64.4 3425s
 366875 234639 250567.040  134  221 946317.445    0.00000   100%  64.5 3430s
H366957 234626                    946220.71523    0.00000   100%  64.5 3431s
H367033 234660                    946220.71513    0.00000   100%  64.5 3432s
H367100 234694                    946203.96142    0.00000   100%  64.5 3434s
 367104 234700 561195.249  137  186 946203.961    0.00000   100%  64.5 3435s
 367405 234842 829166.879  126  206 946203.961    0.00000   100%  64.6 3440s
H367538 234855                    946132.74441    0.00000   100%  64.6 3444s
 367614 234893 102964.188  115  226 946132.744    0.00000   100%  64.6 3445s
H367723 234945                    946120.93735    0.00000   100%  64.6 3447s
H367781 234991                    946111.03554    0.00000   100%  64.6 3447s
 367902 235042 378045.173  118  217 946111.036    0.00000   100%  64.6 3450s
H367955 234982                    945975.46473    0.00000   100%  64.6 3451s
H368010 235002                    945972.24848    0.00000   100%  64.6 3452s
 368119 235068 636712.402  127  222 945972.248    0.00000   100%  64.7 3455s
H368193 235098                    945972.24794    0.00000   100%  64.7 3457s
 368333 235182 774963.498  116  201 945972.248    0.00000   100%  64.7 3460s
 368611 235338 infeasible  143      945972.248    0.00000   100%  64.7 3465s
H368691 235408                    945967.77539    0.00000   100%  64.7 3465s
H368737 235425                    945951.91553    0.00000   100%  64.7 3467s
H368767 235413                    945891.98694    0.00000   100%  64.7 3468s
 368874 235466 infeasible  129      945891.987    0.00000   100%  64.8 3470s
 369144 235613 790343.554  118  239 945891.987    0.00000   100%  64.8 3475s
H369166 235585                    945801.57949    0.00000   100%  64.8 3475s
 369393 235689 infeasible  115      945801.579    0.00000   100%  64.9 3480s
 369671 235786 infeasible  131      945801.579    0.00000   100%  64.9 3485s
H369714 235808                    945795.44877    0.00000   100%  64.9 3486s
H369851 235877                    945791.58059    0.00000   100%  64.9 3488s
 369880 235886 390305.881  112  228 945791.581    0.00000   100%  64.9 3490s
H370032 235963                    945787.45756    0.00000   100%  64.9 3494s
 370049 235980 434359.406  128  204 945787.458    0.00000   100%  65.0 3495s
H370183 236017                    945785.00505    0.00000   100%  65.0 3497s
 370303 236054 243363.140  104  238 945785.005    0.00000   100%  65.0 3500s
 370816 236470 276598.093  108  247 945785.005    0.00000   100%  65.0 3505s
H370949 236520                    945741.91157    0.00000   100%  65.0 3508s
 371111 236602 100143.622  114  240 945741.912    0.00000   100%  65.0 3510s
 371412 236802 33363.4777   95  234 945741.912    0.00000   100%  65.1 3515s
 371653 236936 430467.276  111  224 945741.912    0.00000   100%  65.1 3520s
H371852 237011                    945735.79728    0.00000   100%  65.1 3524s
 371888 237017 infeasible  121      945735.797    0.00000   100%  65.1 3525s
 372190 237159 757363.364  118  207 945735.797    0.00000   100%  65.2 3530s
 372450 237241 infeasible  120      945735.797    0.00000   100%  65.2 3535s
 372598 237282 662201.966  124  199 945735.797    0.00000   100%  65.2 3540s
H372805 237349                    945697.26818    0.00000   100%  65.3 3542s
 372880 237383 895260.108  132  196 945697.268    0.00000   100%  65.3 3545s
H372882 237343                    945631.05805    0.00000   100%  65.3 3545s
H372933 237316                    945543.24847    0.00000   100%  65.3 3546s
H372968 237291                    945472.33140    0.00000   100%  65.3 3547s
H373015 237316                    945472.33130    0.00000   100%  65.3 3547s
 373120 237353 760610.879  126  198 945472.331    0.00000   100%  65.3 3550s
 373325 237430    0.00000   99  241 945472.331    0.00000   100%  65.4 3555s
 373490 237496 892781.858  130  231 945472.331    0.00000   100%  65.4 3560s
 373725 237606 758030.360  118  213 945472.331    0.00000   100%  65.5 3565s
 373962 237719 infeasible  127      945472.331    0.00000   100%  65.5 3570s
 374155 237830 589926.331  106  212 945472.331    0.00000   100%  65.5 3575s
 374371 237956 764327.164  108  199 945472.331    0.00000   100%  65.6 3580s
 374622 238092    0.00000   93  247 945472.331    0.00000   100%  65.6 3585s
H374639 238107                    945471.60021    0.00000   100%  65.6 3585s
 374862 238206 infeasible  105      945471.600    0.00000   100%  65.7 3590s
 375050 238315 710100.949  135  187 945471.600    0.00000   100%  65.7 3596s
H375161 238405                    945429.62097    0.00000   100%  65.7 3597s

Cutting planes:
  Gomory: 18
  Implied bound: 31
  MIR: 53
  StrongCG: 1
  Flow cover: 10
  RLT: 9

Explored 375546 nodes (24656345 simplex iterations) in 3600.07 seconds (1255.25 work units)
Thread count was 1 (of 24 available processors)

Solution count 10: 945430 945472 945472 ... 945785

Time limit reached
Best objective 9.454296209653e+05, best bound 0.000000000000e+00, gap 100.0000%
