
Gurobi 11.0.3 (linux64, Java) logging started qui 18 dez 2025 15:45:15 -03

Set parameter WLSAccessID
Set parameter WLSSecret
Set parameter LicenseID to value 2566693
Academic license 2566693 - for non-commercial use only - registered to ja___@ufv.br
Set parameter NonConvex to value 2
Set parameter TimeLimit to value 3600
Set parameter LogToConsole to value 0
Set parameter MIPGap to value 4.7478399160473358e-08
Set parameter Threads to value 1
Set parameter NodefileDir to value "/home/ps12398/gp-momulap/goalProgrammingMarcos/"
Set parameter NodefileStart to value 0.1
Gurobi Optimizer version 11.0.3 build v11.0.3rc0 (linux64)

CPU model: Intel(R) Xeon(R) CPU           X5650  @ 2.67GHz, instruction set [SSE2]
Thread count: 12 physical cores, 24 logical processors, using up to 1 threads

Academic license 2566693 - for non-commercial use only - registered to ja___@ufv.br
Optimize a model with 62101 rows, 41913 columns and 208058 nonzeros
Model fingerprint: 0xd21891e2
Model has 149 quadratic constraints
Variable types: 20886 continuous, 21027 integer (144 binary)
Coefficient statistics:
  Matrix range     [7e-03, 6e+06]
  QMatrix range    [7e-03, 1e+05]
  QLMatrix range   [1e+00, 1e+05]
  Objective range  [1e+00, 4e+07]
  Bounds range     [1e+00, 1e+08]
  RHS range        [1e+00, 7e+06]
  QRHS range       [1e-02, 1e-02]
Presolve removed 61160 rows and 40894 columns
Presolve time: 0.14s
Presolved: 2243 rows, 1411 columns, 69462 nonzeros
Presolved model has 2 SOS constraint(s)
Presolved model has 144 bilinear constraint(s)

Solving non-convex MIQCP

Variable types: 561 continuous, 850 integer (146 binary)
Found heuristic solution: objective 1.471765e+07

Root relaxation: objective 0.000000e+00, 532 iterations, 0.02 seconds (0.01 work units)

    Nodes    |    Current Node    |     Objective Bounds      |     Work
 Expl Unexpl |  Obj  Depth IntInf | Incumbent    BestBd   Gap | It/Node Time

     0     0    0.00000    0  217 1.4718e+07    0.00000   100%     -    0s
H    0     0                    9590826.0556    0.00000   100%     -    0s
     0     0    0.00000    0  386 9590826.06    0.00000   100%     -    0s
     0     0    0.00000    0  325 9590826.06    0.00000   100%     -    1s
     0     0    0.00000    0  334 9590826.06    0.00000   100%     -    1s
     0     0    0.00000    0  336 9590826.06    0.00000   100%     -    1s
     0     0    0.00000    0  323 9590826.06    0.00000   100%     -    2s
     0     2    0.00000    0  293 9590826.06    0.00000   100%     -    2s
H   26    26                    8992150.2985    0.00000   100%   105    3s
H  130   130                    8291155.9636    0.00000   100%  80.1    4s
   189   191 1290910.22  118  191 8291155.96    0.00000   100%  78.1    5s
H  208   208                    6998346.2634    0.00000   100%  72.4    5s
H  234   234                    6945894.6724    0.00000   100%  66.8    6s
H  708   708                    4772947.4295    0.00000   100%  36.2    8s
H  836   836                    4313892.6520    0.00000   100%  34.8    9s
   928   930 1816523.98  751  149 4313892.65    0.00000   100%  34.7   10s
H  973   973                    4076453.4431    0.00000   100%  35.2   10s
H 1064  1064                    4062251.9753    0.00000   100%  36.0   11s
H 1444  1444                    4061143.5025    0.00000   100%  35.3   13s
H 1521  1521                    3804300.1871    0.00000   100%  35.7   14s
H 1557  1557                    3804298.8996    0.00000   100%  35.9   15s
H 1847  1847                    3681216.5718    0.00000   100%  37.3   16s
H 1981  1981                    3517405.9905    0.00000   100%  38.6   17s
H 2078  2078                    3464921.3674    0.00000   100%  39.2   19s
  2209  2211 3175971.89 1969  164 3464921.37    0.00000   100%  38.2   20s
  2558  2557 1770894.68  449  168 3464921.37    0.00000   100%  33.4   25s
H 2559  2429                    3447149.6520    0.00000   100%  33.4   26s
  2565  2435    0.00000   16  307 3447149.65    0.00000   100%  38.2   30s
  2572  2440    0.00000   19  346 3447149.65    0.00000   100%  38.5   35s
  2580  2445    0.00000   23  300 3447149.65    0.00000   100%  38.5   40s
  2588  2451    0.00000   27  297 3447149.65    0.00000   100%  38.6   45s
  2596  2456    0.00000   31  276 3447149.65    0.00000   100%  39.0   50s
  2608  2464    0.00000   37  258 3447149.65    0.00000   100%  39.1   55s
  2624  2475    0.00000   45  249 3447149.65    0.00000   100%  39.1   60s
  2648  2491    0.00000   57  263 3447149.65    0.00000   100%  39.1   65s
  2686  2516    0.00000   76  247 3447149.65    0.00000   100%  39.8   70s
  2725  2542    0.00000   96  235 3447149.65    0.00000   100%  40.5   75s
H 2798  2467                    3447149.5093    0.00000   100%  43.4   80s
H 2876  2403                    3393268.8913    0.00000   100%  44.0   85s
  2945  2443 1155087.01  206  197 3393268.89    0.00000   100%  44.0   90s
H 2980  2341                    3393253.8310    0.00000   100%  44.7   93s
H 2996  2239                    3393252.8335    0.00000   100%  44.9   95s
H 3006  2146                    3381722.8508    0.00000   100%  44.7   96s
  3034  2159 2020814.31  250  175 3381722.85    0.00000   100%  45.0  100s
H 3058  2077                    3299541.4532    0.00000   100%  45.1  102s
H 3084  1992                    3296541.5479    0.00000   100%  45.1  105s
  3126  2018 2286069.69  296  169 3296541.55    0.00000   100%  45.1  110s
  3168  2036 2346054.66  317  159 3296541.55    0.00000   100%  45.1  115s
  3212  2052 2355230.45  338  162 3296541.55    0.00000   100%  45.2  120s
  3253  2071 2387104.42  358  161 3296541.55    0.00000   100%  44.9  125s
  3292  2091 2377179.82  377  174 3296541.55    0.00000   100%  44.6  130s
H 3345  2003                    3292096.2718    0.00000   100%  44.3  134s
  3358  2014 583165.697  128  221 3292096.27    0.00000   100%  44.7  135s
  3398  2041 1014580.58  148  186 3292096.27    0.00000   100%  44.9  140s
  3441  2069 1002126.82  169  181 3292096.27    0.00000   100%  44.5  145s
  3485  2099 1066269.82  191  173 3292096.27    0.00000   100%  44.4  150s
H 3528  2036                    3291610.3608    0.00000   100%  44.0  154s
  3535  2037 1258043.88  216  163 3291610.36    0.00000   100%  43.9  155s
H 3580  1989                    3290620.3767    0.00000   100%  43.4  159s
  3586  1995 1251458.95  242  160 3290620.38    0.00000   100%  43.3  160s
H 3606  1933                    3290083.9998    0.00000   100%  43.1  162s
  3641  1951 1430419.87  269  161 3290084.00    0.00000   100%  42.8  165s
H 3703  1896                    3130920.8308    0.00000   100%  42.4  170s
  3745  1926 1461381.56  321  161 3130920.83    0.00000   100%  42.2  175s
  3790  1956 1461534.16  344  161 3130920.83    0.00000   100%  42.0  180s
H 3814  1901                    3106757.1115    0.00000   100%  41.8  182s
  3837  1918 1463431.65  367  163 3106757.11    0.00000   100%  41.7  185s
H 3840  1855                    3100219.9833    0.00000   100%  41.6  185s
H 3866  1814                    3086244.8264    0.00000   100%  41.5  188s
  3877  1823 1463578.70  387  163 3086244.83    0.00000   100%  41.5  190s
  3922  1853 1463743.09  409  162 3086244.83    0.00000   100%  41.3  195s
  3969  1884 1463917.11  433  166 3086244.83    0.00000   100%  41.1  200s
H 3970  1826                    3086138.9335    0.00000   100%  41.1  200s
  4009  1854 1464062.74  453  163 3086138.93    0.00000   100%  40.9  205s
H 4022  1805                    3086034.9742    0.00000   100%  40.8  206s
H 4048  1772                    3084721.1284    0.00000   100%  40.7  209s
  4050  1775 1464220.91  473  162 3084721.13    0.00000   100%  40.7  210s
H 4074  1740                    3060724.2367    0.00000   100%  40.6  212s
H 4081  1699                    3048027.2034    0.00000   100%  40.6  213s
  4094  1710 1464391.90  495  163 3048027.20    0.00000   100%  40.5  215s
H 4100  1668                    3039642.5942    0.00000   100%  40.5  215s
  4140  1696 1828055.67  518  157 3039642.59    0.00000   100%  40.3  220s
H 4152  1661                    2998054.8128    0.00000   100%  40.3  221s
  4187  1687 1464741.28  542  162 2998054.81    0.00000   100%  40.1  225s
  4237  1720 1464921.25  567  163 2998054.81    0.00000   100%  39.9  230s
H 4256  1688                    2995105.2817    0.00000   100%  39.8  231s
H 4270  1659                    2963937.6826    0.00000   100%  39.7  233s
  4287  1672 1725756.05  592  158 2963937.68    0.00000   100%  39.6  235s
H 4308  1648                    2927077.7278    0.00000   100%  39.4  237s
  4339  1671 1761929.44  618  155 2927077.73    0.00000   100%  39.1  240s
H 4351  1644                    2927027.2650    0.00000   100%  39.0  241s
H 4360  1612                    2915651.8138    0.00000   100%  38.9  242s
  4408  1623 279387.361  126  216 2915651.81    0.00000   100%  39.1  245s
  4436  1651 1086054.32  140  201 2915651.81    0.00000   100%  39.8  250s
H 4467  1680                    2912204.7070    0.00000   100%  39.6  254s
  4476  1691 1276069.17  160  182 2912204.71    0.00000   100%  39.6  255s
  4528  1743 1379823.90  186  173 2912204.71    0.00000   100%  39.2  260s
  4574  1789 1380434.35  209  171 2912204.71    0.00000   100%  38.9  265s
H 4623  1836                    2907649.3588    0.00000   100%  38.6  270s
  4663  1878 1403684.88  253  166 2907649.36    0.00000   100%  38.3  275s
H 4701  1914                    2905968.2764    0.00000   100%  38.0  279s
  4703  1918 1403684.88  273  166 2905968.28    0.00000   100%  38.0  280s
  4744  1959 1403421.07  294  168 2905968.28    0.00000   100%  37.7  285s
  4784  1999 1403421.07  314  168 2905968.28    0.00000   100%  37.4  290s
  4826  2041 1403332.06  335  169 2905968.28    0.00000   100%  37.1  295s
  4866  2081 1403422.54  355  168 2905968.28    0.00000   100%  36.8  300s
  4910  2125 1403422.54  377  168 2905968.28    0.00000   100%  36.5  305s
H 4935  2148                    2905959.2864    0.00000   100%  36.3  308s
  4951  2166 1403332.06  397  169 2905959.29    0.00000   100%  36.2  310s
H 4987  2200                    2899360.1121    0.00000   100%  36.0  314s
  4989  2204 1403686.35  416  166 2899360.11    0.00000   100%  35.9  315s
H 5013  2226                    2899221.0177    0.00000   100%  35.8  318s
  5027  2242 1403332.06  435  169 2899221.02    0.00000   100%  35.7  320s
  5067  2282 1403332.06  455  169 2899221.02    0.00000   100%  35.4  325s
  5105  2320 1403686.35  474  166 2899221.02    0.00000   100%  35.2  330s
  5145  2360 1465587.82  494  173 2899221.02    0.00000   100%  35.0  335s
  5194  2409 1521824.05  519  169 2899221.02    0.00000   100%  34.7  340s
  5241  2456 1522090.81  542  172 2899221.02    0.00000   100%  34.4  345s
H 5247  2460                    2897436.4492    0.00000   100%  34.3  346s
  5281  2496 1522090.81  562  172 2897436.45    0.00000   100%  34.1  350s
H 5299  2512                    2897285.6256    0.00000   100%  34.0  352s
  5325  2540 1522090.81  584  172 2897285.63    0.00000   100%  33.9  355s
  5375  2590 1521827.14  609  169 2897285.63    0.00000   100%  33.6  360s
  5423  2638 1521827.96  633  169 2897285.63    0.00000   100%  33.3  365s
H 5429  2642                    2897168.1107    0.00000   100%  33.2  365s
H 5455  2668                    2897126.4252    0.00000   100%  33.1  368s
  5466  2681 1521726.61  655  170 2897126.43    0.00000   100%  33.0  370s
H 5507  2720                    2896116.5059    0.00000   100%  32.8  375s
H 5533  2746                    2869926.0540    0.00000   100%  32.7  378s
  5550  2765 1521726.61  697  170 2869926.05    0.00000   100%  32.6  380s
H 5559  2772                    2867298.4882    0.00000   100%  32.5  381s
H 5585  2798                    2867294.4783    0.00000   100%  32.4  384s
  5591  2806 1522091.11  717  169 2867294.48    0.00000   100%  32.3  385s
H 5611  2824                    2866579.6189    0.00000   100%  32.2  387s
  5633  2848 1521855.69  738  167 2866579.62    0.00000   100%  32.1  390s
H 5637  2850                    2860690.6777    0.00000   100%  32.1  390s
H 5663  2876                    2852456.2264    0.00000   100%  32.0  393s
  5673  2888 1521863.87  758  167 2852456.23    0.00000   100%  31.9  395s
H 5689  2902                    2851601.3699    0.00000   100%  31.8  397s
  5712  2927 1521727.36  778  167 2851601.37    0.00000   100%  31.7  400s
H 5715  2928                    2849819.3399    0.00000   100%  31.7  400s
H 5741  2954                    2849779.3201    0.00000   100%  31.6  403s
  5754  2969 1521727.36  799  166 2849779.32    0.00000   100%  31.5  405s
H 5767  2980                    2849128.9314    0.00000   100%  31.4  406s
  5796  3011 1521727.36  820  167 2849128.93    0.00000   100%  31.3  410s
H 5819  3032                    2848948.6880    0.00000   100%  31.2  413s
  5836  3051 1521748.98  840  166 2848948.69    0.00000   100%  31.1  415s
H 5845  3058                    2848305.1090    0.00000   100%  31.0  416s
H 5871  3084                    2848163.8463    0.00000   100%  30.9  419s
  5876  3091 1521796.52  860  166 2848163.85    0.00000   100%  30.9  420s
  5921  3136 1539820.58  882  176 2848163.85    0.00000   100%  30.7  425s
H 5923  3136                    2844236.8288    0.00000   100%  30.7  425s
  5958  3173 1521944.15  901  165 2844236.83    0.00000   100%  30.5  430s
H 5976  3175                    2844039.4220    0.00000   100%  30.5  431s
H 6002  3195                    2844023.4577    0.00000   100%  30.4  434s
  6009  3204 1713301.89  926  164 2844023.46    0.00000   100%  30.4  435s
  6054  3249 1686486.87  949  165 2844023.46    0.00000   100%  30.2  440s
H 6080  3273                    2843901.0077    0.00000   100%  30.1  443s
  6097  3292 1713227.85  970  164 2843901.01    0.00000   100%  30.0  445s
H 6108  3301                    2843164.4341    0.00000   100%  30.0  446s
  6135  3330 1741263.87  989  161 2843164.43    0.00000   100%  29.8  450s
H 6158  3351                    2842951.9148    0.00000   100%  29.7  452s
  6177  3372 1713160.54 1010  164 2842951.91    0.00000   100%  29.6  455s
  6216  3411 1686486.87 1030  164 2842951.91    0.00000   100%  29.5  460s
  6260  3455 1686486.87 1052  164 2842951.91    0.00000   100%  29.3  465s
  6303  3498 1741263.87 1073  161 2842951.91    0.00000   100%  29.1  470s
H 6340  3533                    2842471.7785    0.00000   100%  28.9  473s
H 6366  3559                    2840383.6960    0.00000   100%  28.8  474s
  6367  3562 1741263.87 1105  161 2840383.70    0.00000   100%  28.8  475s
H 6418  3611                    2840030.6914    0.00000   100%  28.6  478s
H 6444  3637                    2839330.7986    0.00000   100%  28.5  480s
H 6522  3701                    2838215.5477    0.00000   100%  28.3  484s
  6524  3705 1742813.75 1184  158 2838215.55    0.00000   100%  28.3  485s
H 6574  3747                    2837259.6756    0.00000   100%  28.1  488s
H 6600  3773                    2835939.6323    0.00000   100%  28.0  490s
H 6626  3799                    2798209.7532    0.00000   100%  27.9  492s
  6676  3847 1918462.09 1260  152 2798209.75    0.00000   100%  27.8  495s
H 6704  3873                    2798123.8164    0.00000   100%  27.7  496s
  6756  3927 1919901.90 1300  150 2798123.82    0.00000   100%  27.5  500s
  6836  4007 1921391.83 1340  152 2798123.82    0.00000   100%  27.2  505s
H 6886  4055                    2792487.3401    0.00000   100%  27.0  508s
H 6912  4081                    2792487.2967    0.00000   100%  26.9  509s
  6915  4086 1967924.07 1379  150 2792487.30    0.00000   100%  26.9  510s
  6988  4159 1923654.18 1416  149 2792487.30    0.00000   100%  26.7  515s
  7063  4234 1968482.57 1453  150 2792487.30    0.00000   100%  26.4  520s
  7135  4306 1925144.61 1489  146 2792487.30    0.00000   100%  26.1  525s
H 7172  4341                    2792464.6627    0.00000   100%  26.0  527s
  7214  4385 1925573.25 1529  144 2792464.66    0.00000   100%  25.9  530s
  7299  4470 1925629.11 1571  145 2792464.66    0.00000   100%  25.6  535s
H 7328  4497                    2786147.4136    0.00000   100%  25.5  537s
  7372  4543 1925573.25 1608  144 2786147.41    0.00000   100%  25.3  540s
H 7380  4549                    2785630.1526    0.00000   100%  25.3  540s
  7442  4613 1925573.25 1643  144 2785630.15    0.00000   100%  25.1  545s
  7520  4691 1925573.25 1682  144 2785630.15    0.00000   100%  24.9  550s
  7590  4761 1925573.25 1717  144 2785630.15    0.00000   100%  24.7  555s
  7664  4835 1925573.25 1754  144 2785630.15    0.00000   100%  24.4  560s
  7739  4910 1925629.11 1791  145 2785630.15    0.00000   100%  24.2  565s
H 7744  4913                    2782539.7788    0.00000   100%  24.2  565s
H 7770  4939                    2779470.8853    0.00000   100%  24.1  567s
  7802  4973 1925573.25 1823  144 2779470.89    0.00000   100%  24.0  570s
H 7848  5017                    2778570.7856    0.00000   100%  23.9  573s
  7875  5046 1925629.11 1859  145 2778570.79    0.00000   100%  23.8  575s
H 7952  5121                    2778557.2542    0.00000   100%  23.6  580s
  8021  5192 1925573.99 1932  144 2778557.25    0.00000   100%  23.4  585s
H 8056  5225                    2778557.2468    0.00000   100%  23.3  587s
H 8082  5251                    2777739.4963    0.00000   100%  23.3  589s
  8095  5266 1925629.11 1969  145 2777739.50    0.00000   100%  23.2  590s
  8169  5340 1925573.99 2006  144 2777739.50    0.00000   100%  23.0  595s
  8244  5415 1925573.25 2044  144 2777739.50    0.00000   100%  22.8  600s
H 8264  5433                    2775930.1791    0.00000   100%  22.8  601s
H 8290  5459                    2735915.0972    0.00000   100%  22.7  603s
H 8316  5485                    2707473.4813    0.00000   100%  22.6  605s
H 8368  5537                    2707368.4471    0.00000   100%  22.5  607s
  8412  5583 1925573.25 2128  144 2707368.45    0.00000   100%  22.4  610s
H 8420  5589                    2707228.1997    0.00000   100%  22.4  610s
H 8446  5615                    2707215.6093    0.00000   100%  22.3  612s
  8502  5673 1925573.25 2173  144 2707215.61    0.00000   100%  22.2  615s
H 8576  5745                    2707124.3168    0.00000   100%  22.0  618s
  8598  5769 1925573.25 2221  144 2707124.32    0.00000   100%  21.9  620s
H 8628  5797                    2705558.4870    0.00000   100%  21.9  621s
H 8654  5823                    2705547.7793    0.00000   100%  21.8  623s
H 8680  5849                    2704438.3234    0.00000   100%  21.8  624s
  8682  5853 1925573.25 2263  144 2704438.32    0.00000   100%  21.8  625s
  8762  5933 1925575.44 2303  145 2704438.32    0.00000   100%  21.6  630s
  8835  6006 1925580.91 2339  144 2704438.32    0.00000   100%  21.4  635s
  8916  6087 1925579.27 2380  145 2704438.32    0.00000   100%  21.2  640s
  8997  6168 1981156.28 2420  148 2704438.32    0.00000   100%  21.1  645s
H 9044  6213                    2702943.3223    0.00000   100%  21.0  648s
  9076  6247 1925579.27 2460  145 2702943.32    0.00000   100%  20.9  650s
  9157  6328 1981156.28 2500  148 2702943.32    0.00000   100%  20.7  655s
H 9226  6395                    2702724.1823    0.00000   100%  20.6  659s
  9236  6407 1925579.27 2540  145 2702724.18    0.00000   100%  20.6  660s
  9319  6490 1925580.91 2581  144 2702724.18    0.00000   100%  20.4  665s
  9397  6568 1981156.28 2620  148 2702724.18    0.00000   100%  20.3  670s
H 9434  6603                    2695126.0365    0.00000   100%  20.2  672s
  9478  6649 1925579.27 2661  145 2695126.04    0.00000   100%  20.1  675s
H 9512  6681                    2693447.3262    0.00000   100%  20.1  677s
  9558  6729 1925579.27 2701  145 2693447.33    0.00000   100%  20.0  680s
  9632  6803 1925579.27 2738  145 2693447.33    0.00000   100%  19.8  685s
  9710  6881 1925579.27 2777  145 2693447.33    0.00000   100%  19.7  690s
H 9746  6915                    2693331.9780    0.00000   100%  19.6  692s
  9784  6955 1925579.27 2814  145 2693331.98    0.00000   100%  19.6  695s
H 9850  7019                    2693105.5351    0.00000   100%  19.5  699s
  9859  7030 1925580.91 2851  144 2693105.54    0.00000   100%  19.4  700s
  9935  7106 1925580.91 2889  144 2693105.54    0.00000   100%  19.3  705s
H 9980  7149                    2693105.4774    0.00000   100%  19.2  708s
H10006  7175                    2692430.1402    0.00000   100%  19.2  710s
H10032  7201                    2692430.0521    0.00000   100%  19.1  711s
 10080  7251 1925579.27 2962  145 2692430.05    0.00000   100%  19.1  715s
H10084  7253                    2689052.9584    0.00000   100%  19.0  715s
H10110  7279                    2688414.7305    0.00000   100%  19.0  717s
 10151  7322 1925580.91 2997  144 2688414.73    0.00000   100%  18.9  720s
H10162  7331                    2688404.6319    0.00000   100%  18.9  720s
H10188  7357                    2687467.9224    0.00000   100%  18.9  722s
H10214  7383                    2686221.6622    0.00000   100%  18.8  724s
 10222  7393 1925579.27 3033  145 2686221.66    0.00000   100%  18.8  725s
H10292  7461                    2686210.8419    0.00000   100%  18.7  729s
 10293  7464 1925580.79 3068  146 2686210.84    0.00000   100%  18.7  730s
H10318  7487                    2686165.9553    0.00000   100%  18.6  731s
H10344  7513                    2686102.4614    0.00000   100%  18.6  733s
 10368  7539 1925579.27 3106  145 2686102.46    0.00000   100%  18.6  735s
H10396  7565                    2685944.7582    0.00000   100%  18.5  737s
 10439  7610 1925580.91 3141  144 2685944.76    0.00000   100%  18.4  740s
 10516  7687 1925579.27 3180  145 2685944.76    0.00000   100%  18.3  745s
H10552  7721                    2685483.8966    0.00000   100%  18.3  747s
H10578  7747                    2681390.8834    0.00000   100%  18.2  749s
 10581  7752 1925580.79 3212  146 2681390.88    0.00000   100%  18.2  750s
 10664  7835 1925579.27 3254  145 2681390.88    0.00000   100%  18.1  755s
H10708  7877                    2681360.3208    0.00000   100%  18.0  757s
 10745  7916 1925580.79 3294  146 2681360.32    0.00000   100%  18.0  760s
 10832  8003 1925579.27 3338  145 2681360.32    0.00000   100%  17.8  765s
H10864  8033                    2677241.6962    0.00000   100%  17.8  767s
H10890  8059                    2676901.8495    0.00000   100%  17.7  769s
 10904  8075 1925579.27 3374  145 2676901.85    0.00000   100%  17.7  770s
H10916  8085                    2676867.9698    0.00000   100%  17.7  770s
H10968  8137                    2675917.5684    0.00000   100%  17.6  774s
 10984  8155 1925579.27 3414  145 2675917.57    0.00000   100%  17.6  775s
H11046  8215                    2675917.5262    0.00000   100%  17.5  779s
 11063  8234 1925580.91 3453  144 2675917.53    0.00000   100%  17.5  780s
 11143  8314 1925580.91 3493  144 2675917.53    0.00000   100%  17.4  785s
 11229  8400 1925580.79 3536  146 2675917.53    0.00000   100%  17.2  790s
 11315  8486 1925580.91 3579  144 2675917.53    0.00000   100%  17.1  795s
H11358  8527                    2675917.5142    0.00000   100%  17.1  797s
 11396  8567 1925579.27 3620  145 2675917.51    0.00000   100%  17.0  800s
H11410  8579                    2675909.1524    0.00000   100%  17.0  800s
 11480  8651 1925579.27 3662  145 2675909.15    0.00000   100%  16.9  805s
 11558  8729 1925579.27 3701  145 2675909.15    0.00000   100%  16.8  810s
H11592  8761                    2675047.3830    0.00000   100%  16.7  812s
 11639  8810 1925580.91 3741  144 2675047.38    0.00000   100%  16.7  815s
H11670  8839                    2675020.6107    0.00000   100%  16.6  817s
H11696  8865                    2675003.5072    0.00000   100%  16.6  818s
 11721  8892 1925580.79 3782  146 2675003.51    0.00000   100%  16.6  820s
 11803  8974 1925580.91 3823  144 2675003.51    0.00000   100%  16.5  825s
 11887  9058 1925580.91 3865  144 2675003.51    0.00000   100%  16.3  830s
H11904  9073                    2674953.1026    0.00000   100%  16.3  831s
H11940  9109                    2674782.3844    0.00000   100%  16.3  833s
 11988  9107 71017.1042  120  245 2674782.38    0.00000   100%  16.5  835s
H12012  9129                    2674782.3404    0.00000   100%  16.7  836s
 12072  9182 880720.312  130  218 2674782.34    0.00000   100%  17.0  840s
H12142  9250                    2674753.0327    0.00000   100%  17.1  843s
 12181  9289 1758133.23  185  147 2674753.03    0.00000   100%  17.1  845s
H12209  9315                    2672982.1323    0.00000   100%  17.1  845s
H12220  9319                    2494923.7920    0.00000   100%  17.1  846s
H12240  9283                    2386196.2225    0.00000   100%  17.1  846s
H12402  9261                    2124792.3263    0.00000   100%  17.6  848s
H12402  9184                    1992248.2140    0.00000   100%  17.6  848s
H12428  8381                    1946013.3191    0.00000   100%  17.5  848s
H12454  3866                    1863307.9047    0.00000   100%  17.5  849s
 12491  3888 870962.388  122  245 1863307.90    0.00000   100%  17.9  850s
H12506  3710                    1823331.9410    0.00000   100%  18.0  850s
H12532  3620                    1769408.9119    0.00000   100%  18.0  850s
H12537  2828                    1677473.8429    0.00000   100%  18.0  851s
H12584  2853                    1676423.8276    0.00000   100%  18.3  851s
H12636  2817                    1588521.2925    0.00000   100%  19.1  853s
H12714  2851                    1568921.9714    0.00000   100%  19.9  854s
 12745  2884 1359901.17  110  181 1568921.97    0.00000   100%  20.4  855s
H12809  2944                    1567530.2005    0.00000   100%  20.9  855s
H12979  3092                    1564895.1182    0.00000   100%  21.2  857s
H13083  1949                    1449206.9479    0.00000   100%  21.7  858s
H13106  1372                    1401105.8569    0.00000   100%  22.1  859s
H13109  1375                    1401104.7099    0.00000   100%  22.1  859s
H13135  1373                    1393130.0162    0.00000   100%  22.4  859s
 13155  1391 1022889.71  141  231 1393130.02    0.00000   100%  22.9  860s
H13187  1403                    1393128.6819    0.00000   100%  23.0  860s
H13214  1424                    1392551.0343    0.00000   100%  23.5  861s
H13266  1363                    1376192.1821    0.00000   100%  24.0  861s
H13397  1431                    1358480.6491    0.00000   100%  26.3  864s
H13404  1388                    1331566.9826    0.00000   100%  26.3  864s
 13449  1423 18722.9800  104  247 1331566.98    0.00000   100%  26.7  865s
H13517  1415                    1311532.8413    0.00000   100%  27.3  866s
H13580  1437                    1302808.5572    0.00000   100%  27.8  867s
H13737  1492                    1301804.8187    0.00000   100%  29.5  869s
 13775  1518     cutoff  142      1301804.82    0.00000   100%  29.7  870s
H13867  1562                    1301793.4602    0.00000   100%  30.7  871s
H13895  1539                    1275973.8452    0.00000   100%  30.9  871s
H13947  1343                    1200045.8763    0.00000   100%  31.2  872s
H13973  1354                    1200045.2769    0.00000   100%  31.3  873s
 14057  1380 1036116.01  124  216 1200045.28    0.00000   100%  32.6  875s
H14130  1388                    1185473.9137    0.00000   100%  33.3  876s
H14183  1405                    1185473.3143    0.00000   100%  34.1  877s
 14316  1473 1000840.47  120  240 1185473.31    0.00000   100%  35.7  880s
H14420  1485                    1156266.0436    0.00000   100%  36.5  881s
H14447  1500                    1154546.5496    0.00000   100%  36.6  882s
H14473  1493                    1151971.5591    0.00000   100%  37.1  883s
H14499  1507                    1151971.4050    0.00000   100%  37.3  883s
H14551  1522                    1143053.1224    0.00000   100%  38.1  884s
H14577  1527                    1139532.3726    0.00000   100%  38.6  885s
H14603  1541                    1139518.7869    0.00000   100%  38.8  886s
 14825  1659 182554.758  108  244 1139518.79    0.00000   100%  41.1  890s
H14869  1677                    1135127.8874    0.00000   100%  41.5  890s
H14973  1724                    1124201.5563    0.00000   100%  42.5  892s
H15054  1772                    1116448.1284    0.00000   100%  43.0  893s
H15109  1805                    1116420.9552    0.00000   100%  43.6  894s
 15155  1836     cutoff  119      1116420.96    0.00000   100%  43.7  895s
H15239  1874                    1115721.1256    0.00000   100%  44.2  896s
H15266  1890                    1114796.3906    0.00000   100%  44.3  896s
H15402  1934                    1112132.8189    0.00000   100%  45.5  898s
H15456  1958                    1111515.4136    0.00000   100%  46.0  899s
 15482  1986 18722.9800   99  242 1111515.41    0.00000   100%  46.1  900s
H15508  2010                    1111515.3619    0.00000   100%  46.3  900s
H15534  2028                    1111456.8015    0.00000   100%  46.6  901s
 15821  2217 227206.804  110  221 1111456.80    0.00000   100%  48.4  905s
H16106  2455                    1111456.8014    0.00000   100%  47.8  908s
H16110  2452                    1107589.8600    0.00000   100%  47.7  908s
 16170  2478     cutoff  116      1107589.86    0.00000   100%  48.4  910s
H16214  2501                    1105735.6798    0.00000   100%  48.8  910s
H16240  2520                    1104447.8131    0.00000   100%  49.0  911s
H16266  2540                    1103999.1472    0.00000   100%  49.0  911s
H16449  2654                    1098566.4974    0.00000   100%  49.8  914s
 16466  2673 151555.349   68  249 1098566.50    0.00000   100%  49.9  915s
H16475  2680                    1098562.2567    0.00000   100%  49.9  915s
H16660  2829                    1098077.9492    0.00000   100%  50.2  917s
H16792  2884                    1094418.1798    0.00000   100%  50.4  918s
 16870  2962 451402.005  115  200 1094418.18    0.00000   100%  50.5  920s
H17000  3090                    1093202.6506    0.00000   100%  50.2  921s
H17078  3168                    1093183.1980    0.00000   100%  50.0  921s
H17494  3579                    1089358.7188    0.00000   100%  48.9  923s
H17572  3657                    1088224.9328    0.00000   100%  48.7  924s
H17754  3839                    1087893.1685    0.00000   100%  48.2  925s
H18118  4203                    1087856.3872    0.00000   100%  47.3  927s
H18191  4276                    1087723.1269    0.00000   100%  47.2  928s
H18248  4333                    1087723.1268    0.00000   100%  47.1  928s
H18430  4514                    1084925.5451    0.00000   100%  46.6  929s
H18456  4540                    1084898.1731    0.00000   100%  46.6  930s
H18488  4572                    1084849.7619    0.00000   100%  46.5  930s
H18758  4842                    1084577.2000    0.00000   100%  45.8  932s
H18794  4878                    1084576.4506    0.00000   100%  45.8  932s
H18976  5059                    1082616.8700    0.00000   100%  45.3  934s
H19002  5083                    1080819.3877    0.00000   100%  45.3  934s
 19113  5196 824522.173 1316  178 1080819.39    0.00000   100%  45.0  935s
H19158  5236                    1078899.6628    0.00000   100%  44.9  935s
H19756  5834                    1078426.1291    0.00000   100%  43.6  940s
H19808  5886                    1077449.2515    0.00000   100%  43.5  940s
H20172  6248                    1076475.6511    0.00000   100%  42.7  942s
H20276  6348                    1073749.8928    0.00000   100%  42.5  943s
H20302  6371                    1073282.8791    0.00000   100%  42.5  943s
H20405  6473                    1073214.9565    0.00000   100%  42.3  944s
H20432  6497                    1073164.4733    0.00000   100%  42.3  944s
H20458  6489                    1072572.1045    0.00000   100%  42.3  944s
 20464  6497 168384.070   75  241 1072572.10    0.00000   100%  42.3  945s
H20642  6600                    1072270.8498    0.00000   100%  43.4  948s
H20818  6724                    1072154.7918    0.00000   100%  43.7  949s
 20846  6736 4290.41696   50  248 1072154.79    0.00000   100%  43.7  950s
 21198  6945 18722.9800   83  235 1072154.79    0.00000   100%  45.6  955s
H21323  7028                    1072128.5059    0.00000   100%  46.1  956s
H21458  7111                    1071131.5649    0.00000   100%  46.8  958s
H21485  7116                    1071036.4591    0.00000   100%  46.8  959s
 21521  7130 infeasible  131      1071036.46    0.00000   100%  47.1  960s
H21955  7492                    1069260.3352    0.00000   100%  46.8  963s
H21997  7495                    1065024.2327    0.00000   100%  46.9  964s
H22033  7527                    1064465.4836    0.00000   100%  47.0  964s
 22085  7551 18722.9800   56  241 1064465.48    0.00000   100%  47.1  965s
H22190  7635                    1064370.8100    0.00000   100%  47.3  966s
H22215  7629                    1063581.3518    0.00000   100%  47.4  966s
H22380  7718                    1063578.3285    0.00000   100%  48.3  969s
H22406  7734                    1063577.7086    0.00000   100%  48.4  969s
 22434  7764 747695.911   56  226 1063577.71    0.00000   100%  48.4  970s
H22458  7774                    1063321.3182    0.00000   100%  48.6  970s
 22787  7987    0.00000   50  266 1063321.32    0.00000   100%  49.3  975s
H23091  8204                    1063255.0365    0.00000   100%  49.7  979s
H23118  8205                    1060473.0182    0.00000   100%  50.0  980s
H23352  8418                    1060242.5893    0.00000   100%  50.2  983s
H23548  8614                    1060231.0649    0.00000   100%  49.9  984s
H23560  8625                    1059717.6677    0.00000   100%  49.8  985s
H23656  8711                    1059168.0997    0.00000   100%  49.7  986s
H23690  8743                    1058616.7302    0.00000   100%  49.6  986s
H23719  8739                    1058525.4936    0.00000   100%  49.7  987s
H23746  8762                    1058293.1580    0.00000   100%  49.7  987s
H23772  8788                    1058222.9028    0.00000   100%  49.7  988s
H23824  8805                    1051734.0295    0.00000   100%  49.8  988s
H23845  8797                    1048996.7406    0.00000   100%  49.9  989s
 23928  8870 882159.840  130  179 1048996.74    0.00000   100%  50.0  990s
H24170  9038                    1041736.8755    0.00000   100%  50.2  992s
H24191  9059                    1041736.8074    0.00000   100%  50.3  992s
H24243  9107                    1041736.7684    0.00000   100%  50.4  993s
H24305  9164                    1040164.9021    0.00000   100%  50.3  995s
H24321  9180                    1040159.5357    0.00000   100%  50.3  995s
H24581  9416                    1035831.4188    0.00000   100%  49.8  999s
 24642  9479 867077.275  310  182 1035831.42    0.00000   100%  49.7 1000s
H24728  9559                    1031302.8341    0.00000   100%  49.5 1002s
H24763  9589                    1028224.0696    0.00000   100%  49.5 1002s
H24789  9614                    1027312.6791    0.00000   100%  49.4 1003s
H24867  9686                    1027286.0830    0.00000   100%  49.3 1004s
 24895  9694 infeasible  435      1027286.08    0.00000   100%  49.3 1005s
H25024  9693                    1027001.4272    0.00000   100%  49.5 1007s
H25098  9693                    1027001.4166    0.00000   100%  49.7 1008s
H25102  9693                    1026785.8353    0.00000   100%  49.8 1008s
H25126  9693                    1026715.2007    0.00000   100%  49.8 1009s
H25128  9692                    1026428.3599    0.00000   100%  49.8 1009s
 25191  9693 infeasible  583      1026428.36    0.00000   100%  50.0 1010s
H25466  9684                    1020673.6905    0.00000   100%  50.6 1014s
 25515  9727 583138.293  106  205 1020673.69    0.00000   100%  50.6 1015s
H25544  9748                    1020673.6689    0.00000   100%  50.6 1015s
H25571  9753                    1020361.5373    0.00000   100%  50.6 1015s
H25754  9879                    1019808.6029    0.00000   100%  50.8 1017s
H25806  9927                    1019741.0687    0.00000   100%  50.9 1018s
H25832  9947                    1019741.0686    0.00000   100%  51.0 1018s
H25884  9979                    1017127.9610    0.00000   100%  51.1 1019s
 25925 10018 59971.9340  100  224 1017127.96    0.00000   100%  51.3 1020s
H26041 10098                    1017124.2314    0.00000   100%  51.7 1023s
H26119 10148                    1017078.1585    0.00000   100%  51.9 1024s
H26146  9755                    931971.52492    0.00000   100%  52.1 1025s
H26223  9521                    905656.94871    0.00000   100%  52.4 1026s
 26403  9608 258456.831   93  235 905656.949    0.00000   100%  53.3 1030s
H26699  9629                    898186.85911    0.00000   100%  54.0 1034s
H26751  9660                    898026.63681    0.00000   100%  54.0 1034s
 26767  9676 662066.853  114  200 898026.637    0.00000   100%  54.0 1035s
H26884  9581                    889994.31627    0.00000   100%  54.6 1037s
H27015  9660                    889873.86219    0.00000   100%  55.0 1039s
 27047  9672 767145.747   56  264 889873.862    0.00000   100%  55.2 1040s
H27067  9650                    885033.00802    0.00000   100%  55.3 1040s
H27145  9578                    879528.27661    0.00000   100%  55.5 1041s
H27171  9258                    870405.37099    0.00000   100%  55.6 1042s
H27182  9255                    869801.28729    0.00000   100%  55.6 1042s
H27197  9270                    869786.01045    0.00000   100%  55.6 1042s
H27223  9289                    869577.81768    0.00000   100%  55.6 1043s
H27249  9291                    869335.15795    0.00000   100%  55.6 1043s
H27275  9317                    869335.15786    0.00000   100%  55.7 1044s
H27301  9174                    866590.50620    0.00000   100%  55.7 1044s
H27327  9200                    866590.47494    0.00000   100%  55.8 1044s
 27344  9219 144362.269  124  211 866590.475    0.00000   100%  55.7 1045s
H27431  9248                    865950.62700    0.00000   100%  55.8 1046s
H27457  9245                    863088.54104    0.00000   100%  55.8 1047s
H27483  9247                    861145.85490    0.00000   100%  55.8 1047s
H27509  9249                    861145.18516    0.00000   100%  55.9 1047s
H27535  9233                    858279.75870    0.00000   100%  55.9 1048s
H27561  9243                    858279.74863    0.00000   100%  56.0 1048s
H27639  9258                    858005.34802    0.00000   100%  56.1 1049s
 27649  9262 251170.428  239  198 858005.348    0.00000   100%  56.1 1050s
H27827  9125                    851347.93556    0.00000   100%  56.4 1052s
H27853  9131                    851347.63793    0.00000   100%  56.4 1053s
H27864  9124                    851017.01173    0.00000   100%  56.5 1053s
 27951  9141 infeasible  360      851017.012    0.00000   100%  56.6 1055s
H27959  9119                    850278.00967    0.00000   100%  56.6 1055s
H27985  9119                    849749.53432    0.00000   100%  56.6 1055s
H28063  9170                    848953.23322    0.00000   100%  56.5 1056s
H28115  9220                    848887.35427    0.00000   100%  56.4 1056s
H28141  9194                    847493.10938    0.00000   100%  56.3 1057s
H28167  9186                    846540.79705    0.00000   100%  56.3 1057s
H28193  9133                    844166.21296    0.00000   100%  56.2 1057s
H28273  9150                    843176.12719    0.00000   100%  56.3 1058s
H28378  9017                    838216.21967    0.00000   100%  56.3 1060s
H28430  8920                    835617.52105    0.00000   100%  56.3 1060s
H28534  8881                    833021.58312    0.00000   100%  56.2 1061s
H28652  8947                    832550.06384    0.00000   100%  56.5 1063s
H28706  8729                    826781.72908    0.00000   100%  56.4 1064s
H28718  8696                    823398.70103    0.00000   100%  56.4 1064s
H28744  8704                    820536.57429    0.00000   100%  56.5 1064s
 28761  8719 infeasible  103      820536.574    0.00000   100%  56.5 1065s
H28771  8667                    816225.42527    0.00000   100%  56.5 1065s
H28797  8667                    815864.11974    0.00000   100%  56.5 1065s
H28823  8690                    815394.19886    0.00000   100%  56.5 1065s
H28849  8714                    815012.81132    0.00000   100%  56.5 1066s
H29006  8838                    814906.30425    0.00000   100%  56.3 1067s
H29085  8899                    814619.83672    0.00000   100%  56.4 1068s
H29139  8880                    808235.72296    0.00000   100%  56.4 1069s
H29165  8891                    807853.44554    0.00000   100%  56.4 1070s
H29191  8917                    807853.43003    0.00000   100%  56.5 1070s
H29324  8975                    803547.59038    0.00000   100%  56.7 1072s
H29457  9042                    803405.71480    0.00000   100%  57.2 1074s
H29483  9043                    799176.23131    0.00000   100%  57.2 1074s
 29492  9054 561395.246  130  190 799176.231    0.00000   100%  57.2 1075s
H29690  9149                    795468.96144    0.00000   100%  57.4 1077s
H29775  9196                    795360.24585    0.00000   100%  57.8 1079s
 29799  9212 643583.604   98  212 795360.246    0.00000   100%  57.8 1080s
H29802  9209                    795338.14515    0.00000   100%  57.8 1080s
H29854  9246                    794873.98861    0.00000   100%  58.0 1081s
H29906  9241                    791809.16048    0.00000   100%  58.2 1082s
H29986  9289                    791807.53979    0.00000   100%  58.5 1084s
 30025  9307 56785.2735   76  249 791807.540    0.00000   100%  58.7 1085s
H30038  9317                    791415.60608    0.00000   100%  58.7 1085s
H30067  9334                    791209.37445    0.00000   100%  58.7 1085s
H30093  9354                    791198.65849    0.00000   100%  58.7 1086s
H30145  9389                    791015.40260    0.00000   100%  58.8 1086s
H30200  9345                    788830.07701    0.00000   100%  59.4 1087s
H30226  9370                    788672.77775    0.00000   100%  59.5 1088s
H30252  9341                    787200.66011    0.00000   100%  59.5 1088s
H30304  9393                    787200.54446    0.00000   100%  59.6 1089s
 30346  9435 403908.140  117  184 787200.544    0.00000   100%  59.6 1090s
H30382  9308                    781117.23769    0.00000   100%  59.6 1090s
H30460  9373                    780271.12055    0.00000   100%  59.4 1091s
H30512  9424                    780000.38456    0.00000   100%  59.3 1091s
H30536  9446                    779581.95581    0.00000   100%  59.3 1092s
H30590  9499                    779357.70225    0.00000   100%  59.2 1092s
H30746  9654                    779215.86191    0.00000   100%  58.9 1093s
H30772  9678                    779215.86042    0.00000   100%  58.9 1094s
H30824  9721                    776560.91454    0.00000   100%  58.8 1094s
H30850  9744                    775700.32430    0.00000   100%  58.7 1094s
 30887  9783 514787.857  388  171 775700.324    0.00000   100%  58.7 1095s
H30902  9795                    775288.51672    0.00000   100%  58.7 1095s
H31110  9988                    773611.44203    0.00000   100%  58.3 1097s
H31130 10008                    773219.48254    0.00000   100%  58.3 1097s
H31162 10040                    773217.88644    0.00000   100%  58.2 1097s
H31188 10066                    773198.41263    0.00000   100%  58.2 1098s
H31214 10091                    773062.75102    0.00000   100%  58.2 1098s
H31454 10331                    772378.46132    0.00000   100%  57.7 1099s
 31496 10375 519097.059  692  173 772378.461    0.00000   100%  57.7 1100s
H31589 10466                    772335.33260    0.00000   100%  57.5 1100s
H31590 10467                    772335.33252    0.00000   100%  57.5 1100s
H32076 10951                    772294.99861    0.00000   100%  56.6 1103s
 32320 11089     cutoff 1104      772294.999    0.00000   100%  56.4 1105s
H32410 11128                    771394.92468    0.00000   100%  56.3 1105s
 33200 11782 579931.512 1544  169 771394.925    0.00000   100%  55.4 1110s
H33743 12187                    771380.64148    0.00000   100%  55.3 1113s
 33880 12295 619259.693  147  195 771380.641    0.00000   100%  55.3 1115s
H33923 12308                    771240.65908    0.00000   100%  55.2 1115s
H33955 12311                    770807.52479    0.00000   100%  55.3 1116s
H34015 12338                    770690.36359    0.00000   100%  55.6 1117s
H34113 12396                    769769.04750    0.00000   100%  55.9 1118s
 34219 12458     cutoff   92      769769.047    0.00000   100%  56.1 1120s
H34224 12455                    769768.75161    0.00000   100%  56.2 1120s
H34254 12461                    769514.12462    0.00000   100%  56.3 1121s
H34402 12542                    768468.70868    0.00000   100%  56.5 1122s
H34443 12567                    768468.68971    0.00000   100%  56.7 1123s
 34513 12605     cutoff   78      768468.690    0.00000   100%  57.1 1125s
 34813 12713 infeasible   98      768468.690    0.00000   100%  58.4 1130s
H34897 12760                    768317.57650    0.00000   100%  58.5 1133s
H34923 12770                    768112.25474    0.00000   100%  58.7 1133s
 35031 12858 741862.118  161  198 768112.255    0.00000   100%  58.6 1135s
H35207 12978                    767071.22261    0.00000   100%  58.8 1137s
H35259 13028                    767022.64643    0.00000   100%  58.8 1138s
H35357 13121                    765956.01377    0.00000   100%  58.6 1138s
 35453 13161 25005.6108   66  274 765956.014    0.00000   100%  58.7 1140s
 35809 13361 152692.518   65  268 765956.014    0.00000   100%  59.7 1145s
H35828 13375                    765763.18091    0.00000   100%  59.7 1145s
H35858 13378                    764019.74279    0.00000   100%  59.9 1146s
H35920 13417                    764019.69386    0.00000   100%  60.1 1147s
H35931 13424                    763839.40040    0.00000   100%  60.1 1147s
H36115 13548                    763834.42455    0.00000   100%  60.1 1150s
H36290 13637                    763770.51641    0.00000   100%  60.3 1152s
H36399 13692                    763753.35250    0.00000   100%  60.6 1153s
H36540 13779                    762764.20662    0.00000   100%  60.7 1155s
H36606 13811                    762764.20592    0.00000   100%  60.9 1156s
H36658 13837                    762504.23902    0.00000   100%  61.1 1157s
H36756 13866                    761783.67471    0.00000   100%  61.6 1159s
H36789 13889                    761772.30139    0.00000   100%  61.6 1159s
 36811 13901 603407.404  115  202 761772.301    0.00000   100%  61.6 1160s
H36923 13939                    761772.28950    0.00000   100%  62.2 1163s
H37000 13980                    761567.00674    0.00000   100%  62.6 1165s
H37093 14040                    761566.98455    0.00000   100%  62.7 1166s
 37329 14174 544789.789   82  214 761566.985    0.00000   100%  63.5 1170s
H37334 14175                    760704.32612    0.00000   100%  63.5 1170s
H37516 14278                    760701.36069    0.00000   100%  64.4 1174s
 37554 14300 infeasible  109      760701.361    0.00000   100%  64.6 1175s
H37591 14305                    760519.85228    0.00000   100%  64.7 1175s
H37738 14378                    760362.05658    0.00000   100%  65.1 1177s
H37779 14395                    760122.42221    0.00000   100%  65.3 1178s
H37805 14373                    756286.85642    0.00000   100%  65.4 1179s
 37843 14393 507362.974   90  200 756286.856    0.00000   100%  65.6 1180s
H37859 14331                    752854.92537    0.00000   100%  65.6 1180s
H37946 14378                    752691.18897    0.00000   100%  66.0 1181s
H37972 14378                    752231.87941    0.00000   100%  66.1 1182s
H38071 14437                    752164.92352    0.00000   100%  66.3 1183s
H38178 14492                    751971.85064    0.00000   100%  66.4 1184s
 38183 14497 infeasible   73      751971.851    0.00000   100%  66.4 1185s
H38231 14521                    751848.24328    0.00000   100%  66.5 1186s
H38271 14549                    751841.13390    0.00000   100%  66.7 1186s
H38317 14581                    751781.97541    0.00000   100%  67.0 1187s
H38367 14568                    748800.96024    0.00000   100%  67.4 1189s
 38383 14570 infeasible   94      748800.960    0.00000   100%  67.5 1190s
H38433 14586                    748591.29118    0.00000   100%  67.8 1190s
H38461 14608                    748583.84222    0.00000   100%  67.8 1191s
H38487 14578                    747103.01044    0.00000   100%  67.9 1192s
H38513 14587                    747026.72178    0.00000   100%  68.0 1192s
H38539 14599                    746902.02647    0.00000   100%  68.1 1193s
 38696 14690 394718.896  101  232 746902.026    0.00000   100%  68.2 1195s
H38723 14648                    746654.44459    0.00000   100%  68.2 1195s
H38787 14688                    746637.27373    0.00000   100%  68.4 1196s
 38993 14771 110839.495   85  231 746637.274    0.00000   100%  69.1 1200s
H39214 14904                    746633.99509    0.00000   100%  69.4 1203s
H39240 14910                    746465.14079    0.00000   100%  69.4 1203s
H39323 14945                    746315.62069    0.00000   100%  69.6 1204s
 39334 14954 228952.039  101  232 746315.621    0.00000   100%  69.7 1205s
H39437 14981                    746106.27658    0.00000   100%  69.8 1206s
H39512 15033                    746050.28054    0.00000   100%  69.9 1207s
H39623 15070                    746050.25169    0.00000   100%  70.1 1209s
 39677 15090 12290.8040   84  245 746050.252    0.00000   100%  70.1 1210s
H39696 15081                    745440.50204    0.00000   100%  70.2 1210s
H39896 15175                    745372.44461    0.00000   100%  70.5 1213s
H39942 15192                    744844.90771    0.00000   100%  70.7 1214s
 39943 15195 12290.8040   88  232 744844.908    0.00000   100%  70.7 1215s
H40006 15220                    744838.41896    0.00000   100%  70.9 1216s
H40032 15246                    744815.08748    0.00000   100%  70.9 1216s
H40185 15303                    744795.94048    0.00000   100%  71.5 1219s
 40228 15317 384185.323   80  220 744795.940    0.00000   100%  71.6 1220s
H40312 15355                    744791.64377    0.00000   100%  72.0 1221s
H40331 15366                    744777.16771    0.00000   100%  72.1 1222s
H40390 15390                    744515.31847    0.00000   100%  72.1 1223s
H40447 15423                    744492.78235    0.00000   100%  72.3 1223s
H40501 15445                    744492.77415    0.00000   100%  72.4 1224s
 40512 15444 infeasible   97      744492.774    0.00000   100%  72.5 1225s
H40528 15444                    744466.79758    0.00000   100%  72.5 1225s
H40554 15458                    744466.79750    0.00000   100%  72.6 1225s
H40686 15531                    743931.74825    0.00000   100%  72.8 1227s
H40738 15558                    743806.27972    0.00000   100%  72.9 1228s
H40764 15578                    743805.54192    0.00000   100%  73.0 1229s
H40790 15580                    743692.08414    0.00000   100%  73.1 1229s
 40808 15596 infeasible   89      743692.084    0.00000   100%  73.2 1230s
H40872 15611                    743689.94224    0.00000   100%  73.5 1231s
H41016 15684                    743670.38216    0.00000   100%  74.1 1234s
 41035 15693 587762.552  100  187 743670.382    0.00000   100%  74.1 1235s
H41042 15688                    743648.74370    0.00000   100%  74.2 1235s
H41188 15769                    743484.93896    0.00000   100%  74.1 1237s
H41576 16107                    743292.53122    0.00000   100%  73.5 1239s
 41617 16149 555625.033  386  173 743292.531    0.00000   100%  73.5 1240s
H41812 16342                    743291.58739    0.00000   100%  73.1 1241s
H42242 16770                    743291.58511    0.00000   100%  72.4 1244s
 42393 16923 580328.084  888  172 743291.585    0.00000   100%  72.2 1245s
H42491 17019                    743268.03807    0.00000   100%  72.0 1245s
H42570 17097                    742969.34987    0.00000   100%  71.9 1246s
H42754 17256                    741305.32484    0.00000   100%  71.6 1248s
H42862 17364                    741165.85987    0.00000   100%  71.4 1249s
 42975 17475 594149.464 1306  167 741165.860    0.00000   100%  71.2 1250s
H43213 17708                    740732.46094    0.00000   100%  70.8 1251s
 43568 17888 459413.924  100  203 740732.461    0.00000   100%  71.1 1255s
H43645 17908                    740732.43549    0.00000   100%  71.3 1256s
H43672 17919                    738373.07753    0.00000   100%  71.3 1256s
 43914 18011 infeasible  104      738373.078    0.00000   100%  71.5 1260s
H43986 18044                    738371.72456    0.00000   100%  71.6 1260s
H44262 18192                    738364.27784    0.00000   100%  72.1 1264s
 44281 18211     cutoff  109      738364.278    0.00000   100%  72.1 1265s
H44289 18207                    738331.56758    0.00000   100%  72.1 1265s
H44316 18222                    738330.21132    0.00000   100%  72.1 1265s
H44343 18226                    738177.22554    0.00000   100%  72.2 1266s
H44369 18240                    738155.43240    0.00000   100%  72.2 1266s
 44571 18321 62353.3473   97  239 738155.432    0.00000   100%  72.6 1270s
H44760 18409                    738081.69987    0.00000   100%  73.0 1272s
 44908 18473 395679.530  101  223 738081.700    0.00000   100%  73.2 1275s
H44921 18480                    737866.40796    0.00000   100%  73.2 1275s
H44952 18495                    737865.26635    0.00000   100%  73.3 1276s
H45107 18563                    737865.24776    0.00000   100%  73.8 1279s
 45118 18568 infeasible   99      737865.248    0.00000   100%  73.8 1280s
H45159 18570                    737820.19052    0.00000   100%  74.0 1280s
H45187 18578                    737672.02504    0.00000   100%  74.1 1281s
H45214 18597                    737644.21872    0.00000   100%  74.2 1282s
H45319 18662                    737329.77725    0.00000   100%  74.2 1284s
H45346 18669                    737329.77085    0.00000   100%  74.2 1284s
H45372 18673                    737328.48745    0.00000   100%  74.3 1284s
 45374 18677 160268.505   74  250 737328.487    0.00000   100%  74.3 1285s
H45595 18813                    737321.05702    0.00000   100%  74.5 1288s
H45648 18832                    737314.90637    0.00000   100%  74.8 1289s
H45677 18833                    736999.03352    0.00000   100%  74.9 1289s
 45683 18833 infeasible  102      736999.034    0.00000   100%  74.9 1290s
H45756 18870                    736778.17073    0.00000   100%  75.1 1291s
H45915 18953                    736732.54211    0.00000   100%  75.5 1294s
 45953 18965 infeasible   96      736732.542    0.00000   100%  75.6 1295s
 46275 19091 infeasible   93      736732.542    0.00000   100%  76.2 1300s
H46296 19100                    736731.72982    0.00000   100%  76.3 1300s
H46323 19115                    736664.85264    0.00000   100%  76.3 1300s
H46499 19163                    736624.17863    0.00000   100%  76.8 1304s
 46553 19179 180947.677   95  244 736624.179    0.00000   100%  76.9 1305s
H46633 19189                    736563.80053    0.00000   100%  77.2 1306s
H46713 19231                    736452.28058    0.00000   100%  77.4 1308s
 46801 19267 273284.405   99  227 736452.281    0.00000   100%  77.8 1310s
 47146 19423 162803.565   96  245 736452.281    0.00000   100%  78.2 1315s
H47230 19449                    736383.54404    0.00000   100%  78.3 1316s
H47292 19473                    735626.77988    0.00000   100%  78.4 1317s
H47369 19503                    735572.60235    0.00000   100%  78.5 1318s
H47459 19537                    735552.36137    0.00000   100%  78.6 1319s
 47491 19559 infeasible  107      735552.361    0.00000   100%  78.6 1320s
H47798 19655                    735053.39284    0.00000   100%  79.2 1325s
H47892 19694                    735052.72298    0.00000   100%  79.4 1326s
H48059 19763                    734963.35632    0.00000   100%  79.8 1329s
 48075 19769 280111.029  101  209 734963.356    0.00000   100%  79.9 1330s
H48405 19934                    734956.15148    0.00000   100%  79.9 1333s
 48504 19982 146230.537   93  237 734956.151    0.00000   100%  80.1 1335s
H48565 20007                    734783.77556    0.00000   100%  80.3 1336s
H48630 20018                    734783.75999    0.00000   100%  80.4 1337s
H48693 20021                    734783.75975    0.00000   100%  80.6 1338s
 48759 20040 infeasible   98      734783.760    0.00000   100%  80.8 1340s
H48828 20055                    734422.26700    0.00000   100%  81.0 1341s
H48983 20110                    734420.61498    0.00000   100%  81.4 1344s
 49033 20129 448002.315   91  216 734420.615    0.00000   100%  81.5 1345s
H49061 20141                    734419.55969    0.00000   100%  81.5 1345s
H49148 20160                    733744.92898    0.00000   100%  81.8 1347s
H49264 20192                    733711.38664    0.00000   100%  82.2 1349s
 49304 20196 infeasible   97      733711.387    0.00000   100%  82.3 1350s
H49427 20207                    733688.04199    0.00000   100%  82.7 1352s
H49503 20231                    733688.04192    0.00000   100%  82.9 1353s
H49536 20250                    733667.46415    0.00000   100%  82.9 1354s
 49563 20259 179104.443   96  229 733667.464    0.00000   100%  83.0 1355s
H49644 20281                    733348.88797    0.00000   100%  83.2 1356s
 49839 20332 infeasible  106      733348.888    0.00000   100%  83.5 1360s
H50090 20411                    733332.39240    0.00000   100%  84.0 1364s
 50116 20419 149795.757   78  251 733332.392    0.00000   100%  84.0 1365s
 50535 20661 440211.392  100  209 733332.392    0.00000   100%  84.1 1370s
H50619 20701                    733326.69099    0.00000   100%  84.1 1371s
 50867 20813 infeasible  102      733326.691    0.00000   100%  84.6 1375s
H50877 20813                    733320.52435    0.00000   100%  84.7 1375s
H51190 20934                    732880.96226    0.00000   100%  85.0 1380s
H51221 20931                    732849.88168    0.00000   100%  85.1 1380s
H51497 21073                    732750.23321    0.00000   100%  85.6 1385s
 51758 21202 26360.0654   83  241 732750.233    0.00000   100%  86.0 1390s
H51784 21222                    732734.33862    0.00000   100%  86.0 1390s
 52046 21354 254643.213   88  243 732734.339    0.00000   100%  86.4 1395s
H52176 21406                    732723.70042    0.00000   100%  86.8 1398s
 52238 21432 231216.937   82  239 732723.700    0.00000   100%  87.1 1400s
H52415 21493                    732510.80989    0.00000   100%  87.5 1403s
 52501 21541 infeasible   84      732510.810    0.00000   100%  87.7 1405s
 52781 21713 207999.848   81  251 732510.810    0.00000   100%  88.2 1410s
H52810 21740                    732506.81623    0.00000   100%  88.2 1410s
H53170 22096                    732337.59814    0.00000   100%  87.7 1413s
H53410 22336                    732312.59637    0.00000   100%  87.3 1415s
H54029 22954                    732305.37295    0.00000   100%  86.3 1418s
H54132 23057                    732305.28127    0.00000   100%  86.2 1419s
 54189 23116 494186.183  785  182 732305.281    0.00000   100%  86.1 1420s
H54222 23114                    732164.10697    0.00000   100%  86.1 1420s
H54275 23135                    732162.75466    0.00000   100%  86.2 1422s
H54354 23191                    732148.36763    0.00000   100%  86.3 1423s
 54443 23248 infeasible   86      732148.368    0.00000   100%  86.4 1425s
H54593 23312                    732031.68749    0.00000   100%  86.6 1427s
H54619 23328                    731992.64882    0.00000   100%  86.6 1427s
H54652 23349                    731992.63173    0.00000   100%  86.6 1428s
H54749 23388                    731990.70078    0.00000   100%  86.7 1429s
 54750 23391    0.00000   80  251 731990.701    0.00000   100%  86.7 1430s
H54961 23469                    731990.12112    0.00000   100%  87.3 1434s
 55003 23487 386444.737   87  217 731990.121    0.00000   100%  87.4 1435s
H55100 23526                    731949.69876    0.00000   100%  87.6 1437s
 55212 23557 infeasible   92      731949.699    0.00000   100%  87.9 1440s
H55320 23581                    731932.32860    0.00000   100%  88.2 1442s
 55494 23649 16270.9993   87  252 731932.329    0.00000   100%  88.5 1445s
 55779 23769 319210.896   97  215 731932.329    0.00000   100%  89.1 1450s
H55852 23798                    731917.06524    0.00000   100%  89.2 1450s
H55984 23843                    731913.99894    0.00000   100%  89.6 1453s
 56065 23855 infeasible   86      731913.999    0.00000   100%  89.8 1455s
H56092 23866                    731884.51459    0.00000   100%  89.9 1455s
H56118 23874                    731884.49313    0.00000   100%  90.0 1456s
 56300 23921 infeasible   92      731884.493    0.00000   100%  90.4 1460s
 56532 24055 infeasible   85      731884.493    0.00000   100%  90.9 1465s
H56601 24084                    731865.85830    0.00000   100%  91.0 1467s
H56737 24164                    731848.46442    0.00000   100%  91.2 1470s
 56979 24255 688062.557   90  218 731848.464    0.00000   100%  91.7 1475s
H57034 24265                    731802.85644    0.00000   100%  91.8 1476s
H57180 24322                    731799.33482    0.00000   100%  92.0 1479s
 57225 24339    0.00000   66  244 731799.335    0.00000   100%  92.1 1480s
H57320 24383                    731449.15775    0.00000   100%  92.4 1482s
 57451 24438 497496.165   83  237 731449.158    0.00000   100%  92.6 1485s
 57872 24679 infeasible   96      731449.158    0.00000   100%  92.7 1490s
H58176 24839                    731445.94644    0.00000   100%  93.2 1494s
 58195 24858 559949.595   83  210 731445.946    0.00000   100%  93.2 1495s
 58405 24917 680802.539   99  221 731445.946    0.00000   100%  93.7 1500s
H58424 24918                    731431.53206    0.00000   100%  93.8 1500s
 58877 25233 infeasible   87      731431.532    0.00000   100%  93.7 1505s
H58911 25239                    731113.65582    0.00000   100%  93.8 1505s
H58995 25254                    730267.28912    0.00000   100%  93.9 1507s
H59185 25433                    730246.87993    0.00000   100%  93.8 1509s
 59342 25592 548001.891  328  183 730246.880    0.00000   100%  93.6 1510s
H59453 25699                    730237.34917    0.00000   100%  93.4 1510s
 60144 26384 569816.726  910  179 730237.349    0.00000   100%  92.4 1515s
 60454 26591 644794.219   92  233 730237.349    0.00000   100%  92.2 1520s
 60755 26725 25005.6108   74  244 730237.349    0.00000   100%  92.6 1525s
 60981 26845 infeasible   83      730237.349    0.00000   100%  93.0 1530s
H61140 26908                    730206.67602    0.00000   100%  93.5 1533s
H61151 26907                    730200.94096    0.00000   100%  93.5 1533s
H61205 26927                    730191.71065    0.00000   100%  93.6 1534s
 61209 26931 365566.053   88  201 730191.711    0.00000   100%  93.6 1535s
 61396 26992 infeasible   88      730191.711    0.00000   100%  94.0 1540s
H61495 27030                    730177.23346    0.00000   100%  94.2 1541s
 61666 27097 infeasible   88      730177.233    0.00000   100%  94.5 1545s
H61963 27194                    730176.68858    0.00000   100%  94.8 1550s
 62231 27282 infeasible   99      730176.689    0.00000   100%  95.2 1555s
H62366 27325                    730171.42433    0.00000   100%  95.4 1557s
H62445 27348                    730151.70305    0.00000   100%  95.5 1558s
H62471 27363                    730144.11994    0.00000   100%  95.5 1559s
H62498 27370                    730117.00547    0.00000   100%  95.6 1559s
 62499 27373 722580.481   93  207 730117.005    0.00000   100%  95.6 1560s
 62761 27454 518775.727   92  211 730117.005    0.00000   100%  96.2 1565s
H62768 27451                    730103.23589    0.00000   100%  96.2 1565s
H62839 27467                    730100.29634    0.00000   100%  96.3 1567s
 62983 27564 infeasible   88      730100.296    0.00000   100%  96.4 1570s
 63208 27624 320134.575   91  223 730100.296    0.00000   100%  96.8 1575s
 63634 27867 570781.808  269  176 730100.296    0.00000   100%  96.4 1580s
H63961 28027                    729997.54519    0.00000   100%  96.0 1584s
 64121 28109 571273.207  513  181 729997.545    0.00000   100%  95.8 1585s
H64409 28251                    729891.33048    0.00000   100%  95.5 1588s
 64606 28352 573859.155  755  176 729891.330    0.00000   100%  95.3 1590s
H64799 28423                    729889.60370    0.00000   100%  95.5 1593s
H64825 28433                    729874.60197    0.00000   100%  95.5 1594s
 64856 28450 168952.863   83  249 729874.602    0.00000   100%  95.6 1595s
 65046 28522    0.00000   70  241 729874.602    0.00000   100%  96.1 1600s
H65219 28592                    729864.82337    0.00000   100%  96.5 1604s
 65229 28604 122396.218   88  231 729864.823    0.00000   100%  96.5 1605s
H65272 28624                    729864.62035    0.00000   100%  96.5 1605s
 65437 28712 172286.695   85  238 729864.620    0.00000   100%  96.6 1610s
 65600 28777 8568.65798   72  242 729864.620    0.00000   100%  96.9 1615s
 65743 28828 infeasible   81      729864.620    0.00000   100%  97.3 1620s
H65770 28848                    729768.77371    0.00000   100%  97.3 1620s
H65796 28864                    729768.77364    0.00000   100%  97.3 1621s
H65822 28874                    729755.00788    0.00000   100%  97.3 1622s
 65937 28934     cutoff   92      729755.008    0.00000   100%  97.4 1625s
H66058 28999                    729692.59508    0.00000   100%  97.5 1627s
 66131 29029 infeasible   75      729692.595    0.00000   100%  97.7 1630s
H66216 29053                    729685.65712    0.00000   100%  97.9 1633s
H66242 29063                    729683.56292    0.00000   100%  98.0 1634s
 66255 29066 197670.701   77  245 729683.563    0.00000   100%  98.1 1635s
H66320 29088                    729533.16552    0.00000   100%  98.2 1637s
 66385 29115 infeasible   79      729533.166    0.00000   100%  98.4 1640s
H66503 29166                    729531.00035    0.00000   100%  98.7 1644s
 66532 29174 infeasible   81      729531.000    0.00000   100%  98.7 1645s
H66561 29191                    729522.82300    0.00000   100%  98.8 1646s
 66694 29258 25005.6108   83  262 729522.823    0.00000   100%  98.9 1650s
H66747 29297                    729428.14222    0.00000   100%  98.9 1651s
H66782 29322                    729338.28782    0.00000   100%  98.9 1652s
H66892 29365                    729315.81993    0.00000   100%  98.9 1655s
H66945 29393                    729308.62531    0.00000   100%  99.0 1656s
 67087 29470 470214.610   89  223 729308.625    0.00000   100%  99.2 1660s
H67190 29499                    729289.50464    0.00000   100%  99.3 1663s
H67263 29524                    729289.50087    0.00000   100%  99.3 1664s
 67303 29556 52075.2095   79  238 729289.501    0.00000   100%  99.4 1665s
 67471 29625 infeasible   90      729289.501    0.00000   100%   100 1670s
 67657 29708     cutoff   89      729289.501    0.00000   100%   100 1675s
H67805 29754                    729285.17160    0.00000   100%   100 1679s
 67807 29758 398095.237   83  238 729285.172    0.00000   100%   100 1680s
 67955 29780 9646.85059   70  248 729285.172    0.00000   100%   101 1685s
H68016 29821                    729273.19412    0.00000   100%   101 1686s
H68042 29836                    729249.21656    0.00000   100%   101 1687s
H68094 29847                    729229.44940    0.00000   100%   101 1689s
H68120 29873                    729213.04641    0.00000   100%   101 1689s
 68131 29881 580320.287  100  205 729213.046    0.00000   100%   101 1690s
H68241 29921                    729055.02368    0.00000   100%   101 1693s
 68294 29952 229130.914   77  247 729055.024    0.00000   100%   101 1695s
 68429 29977 8568.65798   71  250 729055.024    0.00000   100%   102 1700s
 68634 30093 454026.025   90  199 729055.024    0.00000   100%   102 1705s
H68704 30119                    729009.55804    0.00000   100%   102 1707s
 68810 30152 infeasible   89      729009.558    0.00000   100%   102 1710s
 68873 30184 173038.850   85  246 729009.558    0.00000   100%   102 1715s
H68943 30207                    729002.78164    0.00000   100%   103 1717s
 69023 30241 infeasible   88      729002.782    0.00000   100%   103 1720s
 69167 30290 156601.897   74  250 729002.782    0.00000   100%   103 1725s
 69298 30341 8568.65798   80  250 729002.782    0.00000   100%   104 1730s
 69469 30425 192196.447   93  235 729002.782    0.00000   100%   104 1735s
 69685 30549 187076.818   79  237 729002.782    0.00000   100%   104 1740s
 69868 30648 300390.212   84  248 729002.782    0.00000   100%   104 1745s
 70026 30704 661494.411   97  215 729002.782    0.00000   100%   105 1750s
 70204 30796 229078.470   85  238 729002.782    0.00000   100%   105 1755s
 70403 30916 516330.329   84  208 729002.782    0.00000   100%   105 1760s
 70613 31025 54506.2474   92  216 729002.782    0.00000   100%   105 1765s
H70872 31183                    729001.51868    0.00000   100%   105 1770s
 71013 31269 182100.259   89  226 729001.519    0.00000   100%   105 1775s
 71213 31401 38716.8419   80  238 729001.519    0.00000   100%   105 1780s
 71396 31522 552183.534  101  189 729001.519    0.00000   100%   105 1785s
 71630 31656 infeasible   73      729001.519    0.00000   100%   105 1790s
H71678 31688                    729000.49518    0.00000   100%   105 1791s
H71733 31727                    728998.31064    0.00000   100%   105 1792s
 71877 31831 224476.717   77  237 728998.311    0.00000   100%   105 1795s
H71885 31831                    728967.32089    0.00000   100%   105 1795s
 72010 31892 25005.6108   81  249 728967.321    0.00000   100%   105 1800s
 72178 31989 infeasible   84      728967.321    0.00000   100%   105 1805s
 72359 32076 infeasible   88      728967.321    0.00000   100%   106 1810s
 72586 32235 infeasible   91      728967.321    0.00000   100%   106 1815s
 72885 32414 578198.917  154  182 728967.321    0.00000   100%   106 1820s
H72978 32481                    728944.45394    0.00000   100%   106 1821s
 73245 32658 infeasible   89      728944.454    0.00000   100%   106 1825s
H73578 32902                    728018.49627    0.00000   100%   106 1829s
 73649 32938 infeasible  108      728018.496    0.00000   100%   106 1830s
H73734 33015                    727995.50026    0.00000   100%   106 1831s
H73826 33051                    727983.25605    0.00000   100%   106 1832s
 74046 33200 334378.750  100  234 727983.256    0.00000   100%   106 1835s
 75044 33948 557951.585  845  190 727983.256    0.00000   100%   105 1840s
H75439 34220                    727927.84333    0.00000   100%   104 1843s
H75541 34274                    727849.10976    0.00000   100%   104 1844s
 75611 34288 181676.248   74  253 727849.110    0.00000   100%   104 1845s
H75831 34420                    727848.22638    0.00000   100%   104 1848s
 75869 34448 541198.557   94  190 727848.226    0.00000   100%   104 1850s
 76278 34703 422212.536  106  200 727848.226    0.00000   100%   104 1855s
 76693 34961 infeasible   90      727848.226    0.00000   100%   104 1860s
 76911 35069 331414.621   83  231 727848.226    0.00000   100%   104 1865s
 77225 35324 317498.739  190  186 727848.226    0.00000   100%   104 1870s
 77507 35500 526437.835  330  179 727848.226    0.00000   100%   104 1875s
 77819 35660 544154.177  488  177 727848.226    0.00000   100%   103 1880s
H77845 35671                    727807.69808    0.00000   100%   103 1880s
H78029 35747                    727798.62412    0.00000   100%   103 1884s
 78097 35783 696316.463  616  182 727798.624    0.00000   100%   103 1885s
H78134 35800                    727795.02643    0.00000   100%   103 1885s
 78438 35953 44006.5769   83  256 727795.026    0.00000   100%   103 1890s
 78764 36199 263206.902  208  190 727795.026    0.00000   100%   103 1895s
 79088 36523 288392.903  532  193 727795.026    0.00000   100%   102 1900s
 79358 36793 315625.184  802  190 727795.026    0.00000   100%   102 1905s
 79682 37117 317516.379 1126  190 727795.026    0.00000   100%   102 1910s
H79788 37221                    727787.17998    0.00000   100%   101 1911s
H79926 37359                    727784.00497    0.00000   100%   101 1912s
 80195 37630 320474.804 1639  187 727784.005    0.00000   100%   101 1915s
 80510 37945 322340.886 1954  191 727784.005    0.00000   100%   101 1921s
 80735 38170 323894.619 2179  191 727784.005    0.00000   100%   100 1925s
 81193 38627 362796.814 2637  186 727784.005    0.00000   100%   100 1930s
H81734 39164                    727782.63721    0.00000   100%  99.1 1933s
H81787 39217                    727781.75018    0.00000   100%  99.0 1933s
 81969 39401 368971.066 3412  182 727781.750    0.00000   100%  98.8 1935s
H82679 40106                    727707.87744    0.00000   100%  98.0 1939s
 82732 40161 464563.409 4174  175 727707.877    0.00000   100%  97.9 1940s
H82952 40353                    727693.30231    0.00000   100%  97.7 1942s
 83437 40840 426747.314  652  188 727693.302    0.00000   100%  97.2 1945s
H84138 41533                    727673.33580    0.00000   100%  96.4 1948s
H84166 41561                    727673.33235    0.00000   100%  96.3 1949s
 84284 41681 512951.026 1307  173 727673.332    0.00000   100%  96.2 1950s
 84970 42367 528045.289 1656  178 727673.332    0.00000   100%  95.5 1955s
 85349 42746 530910.394 1904  179 727673.332    0.00000   100%  95.1 1960s
 85658 43043 566628.500 2071  166 727673.332    0.00000   100%  94.8 1965s
H85678 43033                    727665.27435    0.00000   100%  94.7 1965s
H85808 43101                    727659.48888    0.00000   100%  94.7 1966s
H86002 43255                    727659.22874    0.00000   100%  94.6 1969s
 86072 43282     cutoff  154      727659.229    0.00000   100%  94.6 1970s
H86208 43354                    727654.50592    0.00000   100%  94.7 1972s
 86374 43460 524192.136  110  192 727654.506    0.00000   100%  94.9 1975s
 86819 43811 419637.350  191  183 727654.506    0.00000   100%  94.8 1980s
H86863 43845                    727650.61193    0.00000   100%  94.8 1980s
H87449 44413                    727630.84202    0.00000   100%  94.2 1984s
H87557 44521                    727628.94526    0.00000   100%  94.1 1985s
H88124 45087                    727615.01952    0.00000   100%  93.5 1988s
 88394 45341 524014.095  977  162 727615.020    0.00000   100%  93.2 1990s
H88493 45384                    727607.13599    0.00000   100%  93.2 1991s
 88713 45504     cutoff  109      727607.136    0.00000   100%  93.5 1995s
H88922 45585                    727546.30593    0.00000   100%  93.7 1998s
 88994 45615 325726.524   71  223 727546.306    0.00000   100%  93.8 2000s
H89028 45639                    727536.25979    0.00000   100%  93.9 2000s
 89252 45701 178982.298   90  233 727536.260    0.00000   100%  94.2 2005s
H89509 45767                    727498.38166    0.00000   100%  94.6 2010s
H89561 45790                    727495.19741    0.00000   100%  94.7 2011s
H89673 45843                    727482.03307    0.00000   100%  94.8 2013s
H89699 45849                    727480.15344    0.00000   100%  94.8 2013s
H89700 45850                    727479.62180    0.00000   100%  94.8 2014s
 89733 45853 328976.865   65  226 727479.622    0.00000   100%  94.9 2015s
H89834 45913                    727472.77972    0.00000   100%  95.0 2016s
 89979 45986    0.00000   84  250 727472.780    0.00000   100%  95.2 2020s
 90276 46091 402739.954   88  220 727472.780    0.00000   100%  95.5 2025s
H90452 46152                    727429.14945    0.00000   100%  95.7 2028s
H90456 46156                    727429.14938    0.00000   100%  95.7 2028s
 90524 46178 infeasible  100      727429.149    0.00000   100%  95.8 2030s
 90751 46270 infeasible   97      727429.149    0.00000   100%  96.1 2035s
 91006 46388     cutoff  102      727429.149    0.00000   100%  96.4 2040s
H91252 46538                    727425.43758    0.00000   100%  96.7 2043s
 91356 46618 550588.223  116  187 727425.438    0.00000   100%  96.7 2045s
H91434 46659                    727419.58713    0.00000   100%  96.8 2046s
 91825 47033 522539.192  284  180 727419.587    0.00000   100%  96.5 2050s
H92260 47097                    727419.58703    0.00000   100%  96.2 2054s
 92406 47191     cutoff  574      727419.587    0.00000   100%  96.1 2055s
H92732 47211                    727389.83593    0.00000   100%  95.9 2058s
 92871 47222 577453.799  807  175 727389.836    0.00000   100%  95.8 2060s
H93253 47283                    727388.55141    0.00000   100%  95.8 2064s
H93279 47285                    727347.54216    0.00000   100%  95.9 2064s
 93289 47293 162667.490   91  245 727347.542    0.00000   100%  95.9 2065s
H93308 47303                    727330.33947    0.00000   100%  95.9 2065s
H93521 47402                    727323.94766    0.00000   100%  96.1 2069s
 93609 47488 561450.835  134  183 727323.948    0.00000   100%  96.1 2070s
 93911 47591 infeasible  100      727323.948    0.00000   100%  96.4 2075s
H94184 47724                    727289.69920    0.00000   100%  96.7 2079s
 94225 47742 172286.695   69  264 727289.699    0.00000   100%  96.7 2080s
 94477 47870 504060.919   94  240 727289.699    0.00000   100%  97.0 2085s
 94681 47860 infeasible   91      727289.699    0.00000   100%  97.4 2090s
 94927 47964 548021.620   94  228 727289.699    0.00000   100%  97.6 2095s
H95143 48099                    727288.88156    0.00000   100%  97.7 2098s
H95273 48175                    727286.43978    0.00000   100%  97.7 2099s
 95280 48183 698105.267  106  209 727286.440    0.00000   100%  97.7 2100s
H95377 48237                    727273.50799    0.00000   100%  97.8 2101s
H95588 48362                    727272.52606    0.00000   100%  97.8 2104s
 95625 48385 30657.7056   79  244 727272.526    0.00000   100%  97.8 2105s
H95773 48475                    727271.64417    0.00000   100%  97.9 2108s
 95859 48508 145478.381   89  231 727271.644    0.00000   100%  98.0 2110s
H95891 48510                    727265.90007    0.00000   100%  98.0 2111s
 96110 48563 infeasible  107      727265.900    0.00000   100%  98.3 2115s
 96349 48680 231952.596  104  227 727265.900    0.00000   100%  98.5 2120s
 96629 48806 693003.522   98  215 727265.900    0.00000   100%  98.7 2125s
 96915 48964    0.00000  102  242 727265.900    0.00000   100%  99.0 2130s
H97085 49017                    727255.58603    0.00000   100%  99.2 2133s
H97141 49029                    727242.25973    0.00000   100%  99.3 2134s
 97193 49041 556775.483  108  198 727242.260    0.00000   100%  99.4 2135s
 97462 49144 172286.695   93  240 727242.260    0.00000   100%   100 2140s
H97497 49148                    727239.37167    0.00000   100%   100 2141s
H97587 49185                    727230.67217    0.00000   100%   100 2142s
 97709 49229    0.00000   71  255 727230.672    0.00000   100%   100 2145s
 97964 49344 infeasible   95      727230.672    0.00000   100%   100 2150s
 98131 49410 6169.67259   79  244 727230.672    0.00000   100%   100 2155s
 98350 49503 44369.1724   94  236 727230.672    0.00000   100%   101 2160s
H98495 49576                    727225.04141    0.00000   100%   101 2163s
 98547 49595 150162.112   80  242 727225.041    0.00000   100%   101 2165s
H98655 49644                    727218.31368    0.00000   100%   101 2167s
H98681 49658                    727213.94630    0.00000   100%   101 2169s
 98718 49685 540501.504  102  205 727213.946    0.00000   100%   101 2170s
H98763 49704                    727213.93177    0.00000   100%   101 2171s
 98921 49778 infeasible  102      727213.932    0.00000   100%   101 2175s
 99115 49837 infeasible  105      727213.932    0.00000   100%   101 2180s
 99275 49877 infeasible  106      727213.932    0.00000   100%   101 2185s
H99303 49873                    727212.46592    0.00000   100%   101 2186s
 99384 49880 44116.6969   95  230 727212.466    0.00000   100%   102 2190s
 99519 49905 265595.350   94  228 727212.466    0.00000   100%   102 2195s
 99668 49918 infeasible  105      727212.466    0.00000   100%   102 2200s
 99823 49957 infeasible   95      727212.466    0.00000   100%   102 2205s
 99972 50011 43262.2178   91  237 727212.466    0.00000   100%   103 2210s
 100197 50108 355840.996  101  230 727212.466    0.00000   100%   103 2215s
 100365 50173 104307.099  100  224 727212.466    0.00000   100%   103 2220s
 100481 50199 infeasible  104      727212.466    0.00000   100%   103 2225s
H100526 50216                    727204.78577    0.00000   100%   103 2226s
 100660 50284 397743.210  101  222 727204.786    0.00000   100%   103 2230s
H100712 50303                    727186.65957    0.00000   100%   103 2232s
 100798 50325 43828.4754   96  233 727186.660    0.00000   100%   103 2237s
 100871 50340 infeasible  103      727186.660    0.00000   100%   103 2240s
 101045 50400 infeasible   96      727186.660    0.00000   100%   104 2245s
 101213 50442 infeasible  103      727186.660    0.00000   100%   104 2250s
 101405 50517 43828.4754   88  240 727186.660    0.00000   100%   104 2255s
 101572 50592 357392.440   97  228 727186.660    0.00000   100%   104 2260s
 101776 50688 402543.024  113  204 727186.660    0.00000   100%   104 2265s
 101937 50751 488276.036  109  201 727186.660    0.00000   100%   104 2270s
 102132 50824 418835.485   96  211 727186.660    0.00000   100%   105 2275s
 102311 50945 557949.437  117  196 727186.660    0.00000   100%   105 2280s
 102520 51003 172286.695   78  252 727186.660    0.00000   100%   105 2285s
 102693 51094 infeasible  103      727186.660    0.00000   100%   105 2290s
H102862 51156                    727182.07679    0.00000   100%   105 2293s
 102905 51179 infeasible   96      727182.077    0.00000   100%   105 2295s
H102967 51208                    727173.30140    0.00000   100%   105 2296s
H103073 51262                    727154.52542    0.00000   100%   105 2298s
 103110 51273    0.00000   81  247 727154.525    0.00000   100%   105 2300s
 103282 51354 55793.2202  102  229 727154.525    0.00000   100%   105 2305s
H103365 51380                    727153.45517    0.00000   100%   105 2307s
 103462 51397 419398.126  103  194 727153.455    0.00000   100%   105 2310s
H103498 51416                    727148.85583    0.00000   100%   105 2311s
H103524 51428                    727148.83834    0.00000   100%   105 2312s
 103643 51495 8568.65798   81  252 727148.838    0.00000   100%   105 2315s
 103814 51587 542291.659   96  206 727148.838    0.00000   100%   105 2320s
 104032 51680 716735.903  112  201 727148.838    0.00000   100%   106 2325s
 104217 51755 575034.002   96  212 727148.838    0.00000   100%   106 2330s
 104376 51812    0.00000   85  242 727148.838    0.00000   100%   106 2335s
 104557 51895 389135.463  100  224 727148.838    0.00000   100%   106 2340s
 104729 51944 168204.290   99  245 727148.838    0.00000   100%   106 2345s
 104893 52005 infeasible  103      727148.838    0.00000   100%   106 2350s
 105083 52068 infeasible  110      727148.838    0.00000   100%   107 2355s
 105305 52174 348243.235   94  247 727148.838    0.00000   100%   107 2360s
H105378 52183                    727138.23525    0.00000   100%   107 2363s
 105416 52197 574513.978   96  215 727138.235    0.00000   100%   107 2365s
H105430 52197                    727138.23518    0.00000   100%   107 2365s
H105482 52215                    727137.04001    0.00000   100%   107 2368s
 105527 52228     cutoff   99      727137.040    0.00000   100%   107 2370s
H105531 52224                    727122.77178    0.00000   100%   107 2370s
H105588 52237                    727115.18516    0.00000   100%   107 2372s
 105670 52287 139412.789   90  245 727115.185    0.00000   100%   107 2375s
 105784 52331 infeasible   99      727115.185    0.00000   100%   107 2380s
 105869 52350 155849.742   95  232 727115.185    0.00000   100%   108 2387s
 105947 52380 184133.606   91  239 727115.185    0.00000   100%   108 2390s
 106214 52480 infeasible  104      727115.185    0.00000   100%   108 2395s
H106249 52489                    727114.03689    0.00000   100%   108 2395s
 106466 52581 infeasible   99      727114.037    0.00000   100%   108 2400s
 106718 52686 710063.583  105  222 727114.037    0.00000   100%   108 2405s
H106745 52697                    727101.18127    0.00000   100%   108 2405s
 106988 52801 infeasible  103      727101.181    0.00000   100%   108 2410s
H107007 52804                    727100.58752    0.00000   100%   108 2410s
 107234 52891     cutoff   96      727100.588    0.00000   100%   108 2415s
 107598 53102     cutoff  108      727100.588    0.00000   100%   108 2420s
H107732 53160                    727094.65435    0.00000   100%   109 2422s
 107906 53251 350120.917  100  239 727094.654    0.00000   100%   109 2425s
H107942 53276                    727093.94288    0.00000   100%   109 2425s
H108048 53341                    727090.71297    0.00000   100%   109 2427s
 108158 53399 103465.332   94  240 727090.713    0.00000   100%   109 2430s
H108284 53468                    727090.31961    0.00000   100%   109 2432s
 108450 53574 429863.731  105  203 727090.320    0.00000   100%   109 2435s
H108493 53586                    727089.41201    0.00000   100%   109 2435s
 108750 53729 218559.529   98  235 727089.412    0.00000   100%   109 2440s
 108937 53785 474070.547   99  216 727089.412    0.00000   100%   109 2445s
 109166 53886 infeasible  111      727089.412    0.00000   100%   109 2450s
 109514 54108     cutoff  243      727089.412    0.00000   100%   109 2455s
H109520 54108                    727086.04667    0.00000   100%   109 2455s
H109568 54138                    727078.23104    0.00000   100%   109 2455s
 110002 54494 579837.113  368  172 727078.231    0.00000   100%   109 2460s
H110622 55110                    726861.79647    0.00000   100%   108 2464s
 110672 55122 infeasible  100      726861.796    0.00000   100%   108 2465s
 110922 55265 188723.647  114  225 726861.796    0.00000   100%   108 2470s
H111093 55350                    726861.30905    0.00000   100%   108 2473s
 111154 55375 infeasible   97      726861.309    0.00000   100%   109 2475s
H111304 55462                    726858.14115    0.00000   100%   109 2477s
 111413 55520 34419.0081  101  240 726858.141    0.00000   100%   109 2480s
H111467 55548                    726857.49333    0.00000   100%   109 2481s
H111555 55597                    726854.05002    0.00000   100%   109 2482s
 111714 55663 329505.101  106  219 726854.050    0.00000   100%   109 2485s
H111731 55668                    726854.04101    0.00000   100%   109 2485s
 111952 55774 infeasible   88      726854.041    0.00000   100%   109 2490s
H112030 55812                    726834.29893    0.00000   100%   109 2491s
 112231 55883    0.00000   84  237 726834.299    0.00000   100%   109 2495s
 112570 56066 infeasible  123      726834.299    0.00000   100%   109 2500s
 112815 56184 226024.132  111  228 726834.299    0.00000   100%   109 2505s
 113077 56295 180519.693   99  253 726834.299    0.00000   100%   110 2510s
 113367 56437 481853.703  113  240 726834.299    0.00000   100%   110 2515s
H113500 56494                    726823.33646    0.00000   100%   110 2517s
 113635 56566 491853.130  111  184 726823.336    0.00000   100%   110 2520s
H113648 56565                    726814.14261    0.00000   100%   110 2520s
H113764 56596                    726813.24860    0.00000   100%   110 2523s
 113870 56642 infeasible  117      726813.249    0.00000   100%   110 2525s
 114172 56773 188723.647   97  230 726813.249    0.00000   100%   110 2530s
H114384 56859                    726808.79286    0.00000   100%   110 2533s
 114447 56898 40850.2362  105  229 726808.793    0.00000   100%   110 2535s
H114464 56913                    726808.15058    0.00000   100%   110 2535s
 114775 57074 216555.111  104  224 726808.151    0.00000   100%   110 2540s
 115077 57197 207354.551  111  235 726808.151    0.00000   100%   111 2545s
H115207 57250                    726800.93287    0.00000   100%   111 2547s
 115325 57317 711436.295  110  208 726800.933    0.00000   100%   111 2550s
 115621 57445 518895.928  113  212 726800.933    0.00000   100%   111 2555s
 115845 57557 174387.355  107  237 726800.933    0.00000   100%   111 2560s
 116090 57692 464836.709  101  199 726800.933    0.00000   100%   111 2565s
 116442 57863 246825.714  106  218 726800.933    0.00000   100%   111 2570s
 116687 57978 139946.369   97  243 726800.933    0.00000   100%   111 2575s
H116781 58021                    726800.01860    0.00000   100%   111 2576s
 116971 58097 infeasible  109      726800.019    0.00000   100%   111 2580s
 117329 58253 41020.0723  105  229 726800.019    0.00000   100%   111 2585s
 118023 58704 infeasible   99      726800.019    0.00000   100%   111 2590s
 118364 58860 infeasible  112      726800.019    0.00000   100%   111 2595s
 118578 58935 533246.475  111  201 726800.019    0.00000   100%   111 2600s
 118732 59057 449142.440  175  186 726800.019    0.00000   100%   111 2605s
H118955 59220                    726798.59363    0.00000   100%   111 2607s
 119217 59484 476013.651  517  185 726798.594    0.00000   100%   111 2610s
H119218 59483                    726796.56700    0.00000   100%   111 2610s
 119673 59940 477216.294  825  178 726796.567    0.00000   100%   110 2615s
H119727 59992                    726793.49741    0.00000   100%   110 2616s
H119728 59993                    726793.48575    0.00000   100%   110 2616s
 120267 60502 577557.208 1176  172 726793.486    0.00000   100%   110 2620s
 120570 60671 428297.907  111  199 726793.486    0.00000   100%   110 2625s
 120713 60732 infeasible  117      726793.486    0.00000   100%   110 2630s
H120735 60738                    726768.32906    0.00000   100%   110 2631s
 120844 60792 230005.493  105  221 726768.329    0.00000   100%   110 2635s
H120903 60811                    726748.17286    0.00000   100%   110 2637s
H120984 60852                    726740.56258    0.00000   100%   110 2639s
 121054 60885 418835.485   99  207 726740.563    0.00000   100%   110 2640s
H121081 60887                    726727.03142    0.00000   100%   110 2641s
H121084 60886                    726724.39836    0.00000   100%   110 2645s
 121253 60973 172286.695  101  232 726724.398    0.00000   100%   110 2650s
 121428 61048 172465.562  101  241 726724.398    0.00000   100%   110 2655s
 121662 61170 540252.539  139  183 726724.398    0.00000   100%   110 2660s
 121894 61320 89654.0490  107  222 726724.398    0.00000   100%   110 2665s
 122149 61426 infeasible  121      726724.398    0.00000   100%   110 2670s
 122395 61522 577835.478  106  195 726724.398    0.00000   100%   110 2675s
H122456 61551                    726722.34367    0.00000   100%   110 2676s
H122568 61661                    726708.81281    0.00000   100%   110 2678s
 122709 61804 502043.157  224  177 726708.813    0.00000   100%   110 2680s
 123181 62276 520800.842  553  171 726708.813    0.00000   100%   109 2685s
 123803 62898 688822.418  945  175 726708.813    0.00000   100%   109 2690s
 124055 63024 139412.789  100  229 726708.813    0.00000   100%   109 2695s
H124105 63048                    726699.46705    0.00000   100%   109 2696s
 124217 63107 8568.65798   98  235 726699.467    0.00000   100%   109 2700s
 124422 63229 457561.428  104  199 726699.467    0.00000   100%   109 2705s
H124645 63393                    726698.42982    0.00000   100%   109 2708s
 124651 63393 178352.287  103  215 726698.430    0.00000   100%   109 2710s
 124871 63500 500685.078  122  189 726698.430    0.00000   100%   109 2715s
 125115 63629 70506.7714  103  216 726698.430    0.00000   100%   109 2720s
 125325 63743     cutoff  121      726698.430    0.00000   100%   109 2725s
 125488 63818 391634.270  105  204 726698.430    0.00000   100%   109 2730s
 125618 63867     cutoff  110      726698.430    0.00000   100%   109 2735s
 125802 63925 172286.695   97  242 726698.430    0.00000   100%   109 2740s
 125995 64004 334057.836  106  234 726698.430    0.00000   100%   109 2745s
 126183 64066 infeasible  112      726698.430    0.00000   100%   109 2750s
 126369 64149 infeasible  107      726698.430    0.00000   100%   110 2755s
 126549 64188 infeasible  111      726698.430    0.00000   100%   110 2760s
 126694 64233 164223.085   93  250 726698.430    0.00000   100%   110 2765s
 126867 64296    0.00000   90  236 726698.430    0.00000   100%   110 2770s
H127118 64391                    726697.52204    0.00000   100%   110 2774s
 127131 64398     cutoff  108      726697.522    0.00000   100%   110 2775s
 127375 64482 infeasible  109      726697.522    0.00000   100%   110 2780s
H127389 64478                    726662.78014    0.00000   100%   110 2780s
 127560 64564 139412.789  106  225 726662.780    0.00000   100%   110 2786s
 127673 64607 174229.857  102  232 726662.780    0.00000   100%   110 2790s
 127835 64670 139412.789  101  234 726662.780    0.00000   100%   110 2795s
 128141 64919 578514.988  300  173 726662.780    0.00000   100%   110 2800s
 128542 65199 305499.063  107  223 726662.780    0.00000   100%   110 2805s
 128775 65319 559380.806  114  195 726662.780    0.00000   100%   110 2810s
 128972 65374 470471.028  106  213 726662.780    0.00000   100%   110 2815s
 129127 65435 22606.6254  101  238 726662.780    0.00000   100%   110 2820s
 129380 65559 570410.677  122  194 726662.780    0.00000   100%   110 2825s
 129586 65633 172286.695   99  236 726662.780    0.00000   100%   110 2830s
 129796 65727 468184.734  120  190 726662.780    0.00000   100%   110 2835s
H129997 65858                    726633.41780    0.00000   100%   110 2839s
 130071 65893 infeasible  104      726633.418    0.00000   100%   110 2840s
H130109 65913                    726633.39751    0.00000   100%   110 2840s
H130132 65922                    726583.53663    0.00000   100%   110 2841s
H130147 65927                    726578.57800    0.00000   100%   110 2841s
 130279 65966 20088.1228  101  225 726578.578    0.00000   100%   110 2845s
H130464 66045                    726547.11375    0.00000   100%   110 2849s
 130515 66070 341270.435   98  240 726547.114    0.00000   100%   110 2850s
 130716 66168 474276.534  103  195 726547.114    0.00000   100%   110 2855s
 130911 66260 infeasible  112      726547.114    0.00000   100%   110 2860s
H130962 66281                    726544.89199    0.00000   100%   110 2860s
 131114 66362 163545.876  101  234 726544.892    0.00000   100%   110 2865s
 131271 66409 infeasible  103      726544.892    0.00000   100%   111 2870s
 131460 66478 286693.873  107  247 726544.892    0.00000   100%   111 2875s
 131549 66508 577428.451  109  217 726544.892    0.00000   100%   111 2880s
H131636 66519                    726542.07704    0.00000   100%   111 2882s
 131708 66523 305435.067  105  240 726542.077    0.00000   100%   111 2885s
H131847 66598                    726541.71614    0.00000   100%   111 2889s
 131872 66625 513228.537  153  180 726541.716    0.00000   100%   111 2890s
 132039 66670 552127.338  105  223 726541.716    0.00000   100%   111 2895s
 132252 66797 501312.512  119  197 726541.716    0.00000   100%   111 2900s
 132544 66923 198503.458  109  223 726541.716    0.00000   100%   111 2905s
H132638 66949                    726540.93084    0.00000   100%   111 2907s
 132831 67021 38143.5983  105  222 726540.931    0.00000   100%   111 2910s
 133132 67132    0.00000   96  235 726540.931    0.00000   100%   111 2915s
H133251 67199                    726529.06233    0.00000   100%   111 2917s
 133355 67242 infeasible  108      726529.062    0.00000   100%   111 2920s
 133615 67351 718543.394  116  208 726529.062    0.00000   100%   111 2925s
 133902 67449     cutoff  127      726529.062    0.00000   100%   111 2930s
 134061 67503 475812.103  107  221 726529.062    0.00000   100%   111 2935s
 134209 67545    0.00000   96  244 726529.062    0.00000   100%   111 2941s
 134330 67586 infeasible  108      726529.062    0.00000   100%   111 2945s
 134547 67671    0.00000   89  244 726529.062    0.00000   100%   111 2950s
 134674 67704 16192.9327  102  236 726529.062    0.00000   100%   111 2955s
 134848 67751 infeasible  107      726529.062    0.00000   100%   112 2960s
 135021 67789 439386.310  113  220 726529.062    0.00000   100%   112 2965s
 135198 67825 480313.888  108  216 726529.062    0.00000   100%   112 2970s
 135488 67946 162229.012   95  249 726529.062    0.00000   100%   112 2975s
 135679 68035 695802.998  108  210 726529.062    0.00000   100%   112 2980s
H135746 68061                    726528.69407    0.00000   100%   112 2982s
 135874 68087 25005.6108  101  251 726528.694    0.00000   100%   112 2985s
H135976 68117                    726528.49017    0.00000   100%   112 2986s
H136057 68132                    726526.82527    0.00000   100%   112 2989s
 136109 68157 31141.1397  102  225 726526.825    0.00000   100%   112 2990s
H136375 68302                    726519.80611    0.00000   100%   112 2994s
 136400 68306     cutoff  107      726519.806    0.00000   100%   112 2995s
H136674 68433                    726519.72615    0.00000   100%   112 2999s
 136705 68437 649163.697  104  221 726519.726    0.00000   100%   112 3000s
 136994 68524     cutoff  106      726519.726    0.00000   100%   112 3005s
H137126 68568                    726519.42002    0.00000   100%   112 3007s
 137329 68657 544666.347  113  191 726519.420    0.00000   100%   113 3010s
 137643 68777 195119.545  100  237 726519.420    0.00000   100%   113 3015s
 138003 68967 151998.530  100  230 726519.420    0.00000   100%   113 3020s
H138356 69106                    726517.76337    0.00000   100%   113 3025s
 138714 69253 556430.166  120  185 726517.763    0.00000   100%   113 3030s
 139071 69419 292759.465   99  227 726517.763    0.00000   100%   113 3035s
 139361 69555 341009.059   93  255 726517.763    0.00000   100%   113 3040s
 139729 69719 708285.721  127  200 726517.763    0.00000   100%   113 3045s
 140021 69819    0.00000   91  242 726517.763    0.00000   100%   113 3050s
 140285 69912 infeasible  104      726517.763    0.00000   100%   113 3055s
H140364 69926                    726514.25443    0.00000   100%   113 3056s
H140446 69949                    726506.30868    0.00000   100%   113 3058s
H140499 69949                    726506.29675    0.00000   100%   113 3059s
 140517 69952 infeasible  105      726506.297    0.00000   100%   113 3060s
H140577 69960                    726503.87690    0.00000   100%   113 3061s
 140729 69997     cutoff  106      726503.877    0.00000   100%   113 3065s
 140963 70042 670891.815  104  231 726503.877    0.00000   100%   114 3070s
 141237 70130 44724.4256   99  238 726503.877    0.00000   100%   114 3075s
 141390 70160     cutoff  103      726503.877    0.00000   100%   114 3080s
 141663 70241 468749.546  104  200 726503.877    0.00000   100%   114 3085s
 141955 70363 417426.639   84  214 726503.877    0.00000   100%   114 3090s
 142246 70467     cutoff  114      726503.877    0.00000   100%   114 3095s
 142523 70558 infeasible  104      726503.877    0.00000   100%   114 3100s
 142835 70686 38774.2055   97  249 726503.877    0.00000   100%   115 3105s
 143081 70790 infeasible  104      726503.877    0.00000   100%   115 3110s
 143352 70888 566070.262  131  200 726503.877    0.00000   100%   115 3115s
 143631 71009 221744.472   94  230 726503.877    0.00000   100%   115 3120s
 143826 71066 178074.551   83  254 726503.877    0.00000   100%   115 3125s
 144105 71215 206501.932   94  238 726503.877    0.00000   100%   115 3130s
H144324 71330                    726501.91033    0.00000   100%   115 3134s
 144371 71365 161915.334   82  237 726501.910    0.00000   100%   115 3135s
 144611 71463 179989.036   84  259 726501.910    0.00000   100%   116 3140s
 144922 71647 480929.663  152  178 726501.910    0.00000   100%   116 3145s
 145297 71900 22606.6254   69  248 726501.910    0.00000   100%   116 3150s
 145581 72027 544039.771   92  195 726501.910    0.00000   100%   116 3155s
H145634 72026                    726499.27854    0.00000   100%   116 3156s
 145846 72168 63796.1091   90  239 726499.279    0.00000   100%   116 3160s
 146388 72686 458046.468  361  180 726499.279    0.00000   100%   116 3165s
 146888 73178 488647.426  612  174 726499.279    0.00000   100%   115 3170s
 147333 73620 516592.610  834  171 726499.279    0.00000   100%   115 3175s
 147821 73970 507883.152  130  176 726499.279    0.00000   100%   115 3180s
H147984 74128                    726487.82042    0.00000   100%   115 3181s
 148594 74612 481505.240  103  200 726487.820    0.00000   100%   114 3185s
H148802 74703                    726440.86714    0.00000   100%   114 3188s
 148925 74777 308620.400   88  226 726440.867    0.00000   100%   114 3190s
H148967 74801                    726440.58188    0.00000   100%   114 3190s
 149186 74852 186324.662   85  233 726440.582    0.00000   100%   114 3195s
 149409 74939 568254.221   85  224 726440.582    0.00000   100%   114 3200s
H149568 74993                    726435.91899    0.00000   100%   115 3203s
 149652 75045 717902.401  121  195 726435.919    0.00000   100%   115 3205s
 149939 75161 155849.742   77  245 726435.919    0.00000   100%   115 3210s
H150016 75207                    726432.39517    0.00000   100%   115 3211s
 150269 75344 7595.16347   83  244 726432.395    0.00000   100%   115 3215s
H150380 75410                    726217.39060    0.00000   100%   115 3217s
H150501 75484                    726213.04148    0.00000   100%   115 3218s
 150740 75665 644647.022  192  195 726213.041    0.00000   100%   115 3220s
H150982 75788                    726210.83804    0.00000   100%   115 3223s
H151002 75790                    726204.97068    0.00000   100%   115 3224s
 151046 75818 infeasible  108      726204.971    0.00000   100%   115 3225s
 151330 75969 253077.693   91  228 726204.971    0.00000   100%   115 3230s
 151568 76127 365638.989   94  249 726204.971    0.00000   100%   115 3235s
 151731 76174 infeasible   94      726204.971    0.00000   100%   115 3240s
 151994 76305 333772.637   91  252 726204.971    0.00000   100%   115 3245s
 152339 76544 549676.903  253  166 726204.971    0.00000   100%   115 3250s
H152706 76804                    726198.64435    0.00000   100%   115 3254s
 152758 76825 539316.419   87  225 726198.644    0.00000   100%   115 3255s
H152918 76884                    726175.99658    0.00000   100%   115 3258s
H152939 76887                    726153.94570    0.00000   100%   115 3259s
H152944 76886                    726151.07981    0.00000   100%   115 3259s
 152973 76905 319567.778   84  250 726151.080    0.00000   100%   115 3260s
H153100 76977                    726150.15324    0.00000   100%   115 3262s
H153130 76997                    726146.62985    0.00000   100%   115 3263s
 153240 77050 667345.880   74  236 726146.630    0.00000   100%   115 3265s
H153413 77134                    726146.07375    0.00000   100%   115 3268s
 153522 77168 infeasible   98      726146.074    0.00000   100%   115 3270s
 153741 77263 356589.890   88  254 726146.074    0.00000   100%   115 3275s
H153760 77268                    726140.11309    0.00000   100%   116 3275s
H153864 77303                    726140.07108    0.00000   100%   116 3277s
 154040 77431 535598.238  128  185 726140.071    0.00000   100%   116 3280s
 154476 77675 511751.712  101  207 726140.071    0.00000   100%   116 3285s
 155136 78300 566541.505  464  179 726140.071    0.00000   100%   115 3290s
 156285 79266 448292.782  668  175 726140.071    0.00000   100%   114 3295s
H156717 79695                    726138.31665    0.00000   100%   114 3298s
 156933 79913 500692.377 1316  167 726138.317    0.00000   100%   114 3300s
 158017 80796 577317.405  440  151 726138.317    0.00000   100%   113 3305s
 158634 81285 554182.751  324  165 726138.317    0.00000   100%   113 3310s
 159450 82024 551601.486  177  177 726138.317    0.00000   100%   112 3315s
 160282 82406 infeasible  399      726138.317    0.00000   100%   112 3320s
 160847 82441     cutoff  540      726138.317    0.00000   100%   112 3325s
 161425 82479 infeasible  701      726138.317    0.00000   100%   112 3330s
 161808 82508 711425.523  800  182 726138.317    0.00000   100%   111 3335s
 162226 82657 235596.908  106  219 726138.317    0.00000   100%   111 3340s
 162865 83296 553682.654  745  177 726138.317    0.00000   100%   111 3345s
 163551 83931 426855.897  276  168 726138.317    0.00000   100%   111 3350s
 164442 84822 482308.344  721  166 726138.317    0.00000   100%   110 3355s
 165583 85963 475366.944 1292  163 726138.317    0.00000   100%   109 3360s
Created node file directory '/home/ps12398/gp-momulap/goalProgrammingMarcos//grbnodes4'
 166553 86933 475695.062 1777  162 726138.317    0.00000   100%   109 3365s
 166989 87369 476831.555 1995  163 726138.317    0.00000   100%   108 3370s
 167717 88097 550017.788 2359  158 726138.317    0.00000   100%   108 3375s
 168176 88436 571871.243   99  199 726138.317    0.00000   100%   108 3380s
 168448 88566 245543.436   98  241 726138.317    0.00000   100%   108 3385s
 168596 88609 694416.164  117  197 726138.317    0.00000   100%   108 3390s
 168784 88709 386551.394  121  197 726138.317    0.00000   100%   108 3395s
 168945 88804 630351.246  153  193 726138.317    0.00000   100%   107 3400s
 169097 88859 305599.905  112  184 726138.317    0.00000   100%   107 3405s
H169116 88866                    725785.38072    0.00000   100%   107 3406s
H169132 88868                    725766.89647    0.00000   100%   107 3406s
 169208 88866 50033.0621   75  234 725766.896    0.00000   100%   107 3410s
 169272 88909 534960.368  121  185 725766.896    0.00000   100%   107 3415s
H169338 88922                    725472.45434    0.00000   100%   107 3419s
H169339 88923                    725290.08077    0.00000   100%   107 3419s
H169340 88924                    724999.43798    0.00000   100%   107 3419s
H169345 88925                    724858.83284    0.00000   100%   107 3419s
 169348 88928 infeasible  103      724858.833    0.00000   100%   107 3420s
 169438 88957 646012.022  117  189 724858.833    0.00000   100%   107 3425s
 169527 88967 417549.075  109  189 724858.833    0.00000   100%   107 3430s
H169528 88966                    724857.03478    0.00000   100%   107 3430s
 169588 88990 543912.819   65  233 724857.035    0.00000   100%   107 3435s
 169648 89033    0.00000   65  291 724857.035    0.00000   100%   107 3440s
 169716 89077 657557.199   74  223 724857.035    0.00000   100%   107 3445s
 169839 89113 infeasible   78      724857.035    0.00000   100%   108 3450s
 169950 89143 657041.752   77  245 724857.035    0.00000   100%   108 3455s
H169973 89144                    724856.75695    0.00000   100%   108 3455s
 170067 89148 infeasible   83      724856.757    0.00000   100%   108 3460s
 170260 89186 544789.789  102  198 724856.757    0.00000   100%   108 3465s
 170530 89335 654435.867  175  171 724856.757    0.00000   100%   108 3470s
H170585 89336                    724825.36631    0.00000   100%   108 3471s
H170664 89385                    724821.87174    0.00000   100%   108 3472s
H170673 89392                    724810.02136    0.00000   100%   108 3473s
H170727 89428                    724804.89018    0.00000   100%   108 3474s
 170731 89432 infeasible   97      724804.890    0.00000   100%   108 3475s
H170919 89436                    724749.59249    0.00000   100%   108 3478s
H171008 89461                    724741.39337    0.00000   100%   108 3479s
 171021 89464 125273.302   92  236 724741.393    0.00000   100%   108 3480s
 171372 89517 478911.957   92  245 724741.393    0.00000   100%   108 3485s
 171784 89664 542338.725  112  184 724741.393    0.00000   100%   108 3490s
 172231 89812 573745.442  156  173 724741.393    0.00000   100%   108 3495s
 172504 89957 190824.304   83  234 724741.393    0.00000   100%   108 3500s
 172735 90099 349367.706   94  241 724741.393    0.00000   100%   108 3505s
H172814 90120                    724739.09373    0.00000   100%   108 3507s
 172944 90130 573352.139  102  209 724739.094    0.00000   100%   108 3510s
 173249 90286 552168.543  132  185 724739.094    0.00000   100%   108 3515s
H173414 90341                    724738.30432    0.00000   100%   108 3516s
 173546 90342 infeasible   94      724738.304    0.00000   100%   108 3520s
 173725 90344 708665.628   99  225 724738.304    0.00000   100%   109 3525s
H173973 90421                    724716.90942    0.00000   100%   109 3528s
 174136 90522 576513.881  173  175 724716.909    0.00000   100%   109 3530s
H174396 90563                    724714.24646    0.00000   100%   109 3535s
H174564 90565                    724660.15204    0.00000   100%   109 3538s
H174672 90607                    724659.02132    0.00000   100%   109 3540s
 175134 90909 540110.304  352  181 724659.021    0.00000   100%   108 3545s
 175869 91579 infeasible  105      724659.021    0.00000   100%   108 3550s
H175894 91577                    724619.08884    0.00000   100%   108 3550s
H175922 91575                    724616.25165    0.00000   100%   108 3550s
 176118 91575 infeasible  106      724616.252    0.00000   100%   108 3555s
H176141 91594                    724502.45929    0.00000   100%   108 3555s
H176353 91604                    724482.69444    0.00000   100%   108 3559s
H176379 91628                    724480.06995    0.00000   100%   108 3559s
H176432 91660                    724479.15981    0.00000   100%   108 3560s
H176484 91682                    724472.58662    0.00000   100%   108 3560s
H176552 91677                    724469.74400    0.00000   100%   108 3561s
 176868 91945 555274.376  155  178 724469.744    0.00000   100%   108 3565s
 177357 92261 infeasible  128      724469.744    0.00000   100%   108 3570s
H177521 92272                    724462.93624    0.00000   100%   108 3572s
H177530 92273                    724395.28178    0.00000   100%   108 3572s
 177694 92274     cutoff  102      724395.282    0.00000   100%   108 3575s
H177719 92273                    724354.05147    0.00000   100%   108 3575s
H177769 92315                    724353.15653    0.00000   100%   108 3577s
H177835 92314                    724353.14333    0.00000   100%   108 3577s
 178048 92399 567927.577  111  194 724353.143    0.00000   100%   108 3580s
H178383 92475                    724345.73363    0.00000   100%   108 3584s
 178399 92476 593077.412  115  193 724345.734    0.00000   100%   108 3585s
 178621 92509 570466.906   95  206 724345.734    0.00000   100%   108 3590s
 178841 92673 377443.100  138  192 724345.734    0.00000   100%   108 3595s
 179115 92933 495600.862  221  182 724345.734    0.00000   100%   108 3600s

Cutting planes:
  Implied bound: 29
  MIR: 61
  Flow cover: 13
  RLT: 2

Explored 179116 nodes (19328949 simplex iterations) in 3600.13 seconds (1290.74 work units)
Thread count was 1 (of 24 available processors)

Solution count 10: 724346 724353 724354 ... 724483

Time limit reached
Best objective 7.243457336290e+05, best bound 0.000000000000e+00, gap 100.0000%
