
Gurobi 11.0.3 (linux64, Java) logging started qui 18 dez 2025 12:23:15 -03

Set parameter WLSAccessID
Set parameter WLSSecret
Set parameter LicenseID to value 2566693
Academic license 2566693 - for non-commercial use only - registered to ja___@ufv.br
Set parameter NonConvex to value 2
Set parameter TimeLimit to value 3600
Set parameter LogToConsole to value 0
Set parameter MIPGap to value 4.7478399160473358e-08
Set parameter Threads to value 1
Set parameter NodefileDir to value "/scratch"
Set parameter NodefileStart to value 0.5
Gurobi Optimizer version 11.0.3 build v11.0.3rc0 (linux64)

CPU model: Intel(R) Xeon(R) CPU           X5650  @ 2.67GHz, instruction set [SSE2]
Thread count: 12 physical cores, 24 logical processors, using up to 1 threads

Academic license 2566693 - for non-commercial use only - registered to ja___@ufv.br
Optimize a model with 62101 rows, 41913 columns and 208058 nonzeros
Model fingerprint: 0xf315cc9d
Model has 149 quadratic constraints
Variable types: 20886 continuous, 21027 integer (144 binary)
Coefficient statistics:
  Matrix range     [7e-03, 6e+06]
  QMatrix range    [7e-03, 1e+05]
  QLMatrix range   [1e+00, 1e+05]
  Objective range  [1e+00, 4e+07]
  Bounds range     [1e+00, 1e+08]
  RHS range        [1e+00, 5e+06]
  QRHS range       [1e-02, 1e-02]
Presolve removed 61160 rows and 40894 columns
Presolve time: 0.14s
Presolved: 2243 rows, 1411 columns, 69462 nonzeros
Presolved model has 2 SOS constraint(s)
Presolved model has 144 bilinear constraint(s)

Solving non-convex MIQCP

Variable types: 561 continuous, 850 integer (146 binary)
Found heuristic solution: objective 1.541989e+07

Root relaxation: objective 0.000000e+00, 497 iterations, 0.02 seconds (0.01 work units)

    Nodes    |    Current Node    |     Objective Bounds      |     Work
 Expl Unexpl |  Obj  Depth IntInf | Incumbent    BestBd   Gap | It/Node Time

     0     0    0.00000    0  177 1.5420e+07    0.00000   100%     -    0s
H    0     0                    1.490917e+07    0.00000   100%     -    0s
     0     0    0.00000    0  382 1.4909e+07    0.00000   100%     -    0s
     0     0    0.00000    0  268 1.4909e+07    0.00000   100%     -    1s
     0     0    0.00000    0  265 1.4909e+07    0.00000   100%     -    1s
     0     0    0.00000    0  273 1.4909e+07    0.00000   100%     -    1s
     0     0    0.00000    0  273 1.4909e+07    0.00000   100%     -    2s
     0     2    0.00000    0  273 1.4909e+07    0.00000   100%     -    2s
H   52    52                    1.469959e+07    0.00000   100%  60.6    3s
H   81    81                    1.029527e+07    0.00000   100%  61.7    4s
H  104   104                    9570575.7720    0.00000   100%  52.8    4s
H  156   156                    7863177.2181    0.00000   100%  58.9    5s
H  972   972                    7844630.9412    0.00000   100%  18.1    8s
  1307  1309 3651221.99 1219  197 7844630.94    0.00000   100%  14.8   10s
H 1459  1459                    7224256.3887    0.00000   100%  13.7   10s
H 1460  1460                    6399607.9755    0.00000   100%  13.7   10s
H 1790  1790                    6399602.5699    0.00000   100%  14.4   12s
H 1944  1944                    6004124.9878    0.00000   100%  14.0   12s
  2551  2552 3520516.93  371  294 6004124.99    0.00000   100%  11.7   15s
  2563  2560 5144698.94 2177  223 6004124.99    0.00000   100%  11.7   20s
H 2566  2433                    5893062.7878    0.00000   100%  16.5   22s
  2580  2444    0.00000   20  349 5893062.79    0.00000   100%  17.5   25s
H 2592  2328                    5811405.0403    0.00000   100%  18.0   27s
  2606  2340 125402.090   33  342 5811405.04    0.00000   100%  18.3   30s
H 2618  2230                    5678778.5644    0.00000   100%  18.3   33s
  2625  2236 174921.294   43  344 5678778.56    0.00000   100%  18.4   35s
H 2644  2137                    5658998.1177    0.00000   100%  19.1   37s
  2674  2159 593893.071   67  311 5658998.12    0.00000   100%  19.5   40s
H 2696  2068                    5611899.6129    0.00000   100%  21.0   42s
H 2722  1985                    5608783.2157    0.00000   100%  22.4   44s
  2723  1988 650581.889   92  289 5608783.22    0.00000   100%  22.5   45s
H 2748  1908                    5538719.4691    0.00000   100%  23.0   47s
H 2774  1837                    5538718.5316    0.00000   100%  22.9   49s
  2784  1845 775555.439  122  280 5538718.53    0.00000   100%  22.9   50s
  2836  1880 1050726.48  148  244 5538718.53    0.00000   100%  23.2   55s
H 2852  1803                    5384267.0395    0.00000   100%  23.1   56s
  2892  1831 1459736.26  176  221 5384267.04    0.00000   100%  23.2   60s
H 2930  1771                    5342166.4602    0.00000   100%  23.3   62s
H 2956  1712                    5332356.4015    0.00000   100%  23.5   64s
  2957  1715 1418652.55  209  225 5332356.40    0.00000   100%  23.5   65s
H 2982  1656                    5326460.1146    0.00000   100%  23.5   67s
  3008  1676 1623253.74  235  196 5326460.11    0.00000   100%  23.7   70s
H 3034  1621                    5249502.9896    0.00000   100%  23.7   72s
H 3038  1558                    5200442.3508    0.00000   100%  23.7   72s
H 3052  1505                    4295558.4202    0.00000   100%  23.7   73s
H 3060  1450                    4184656.5986    0.00000   100%  23.8   73s
H 3086  1402                    3917576.3686    0.00000   100%  24.1   74s
  3109  1417 2134597.49  285  175 3917576.37    0.00000   100%  24.2   75s
H 3164  1396                    3917571.1199    0.00000   100%  24.2   75s
H 3190  1362                    3822907.6522    0.00000   100%  24.3   76s
H 3268  1358                    3665712.1447    0.00000   100%  24.8   77s
  3404  1451 3458131.32  433  172 3665712.14    0.00000   100%  24.0   80s
H 3528  1439                    3498583.3827    0.00000   100%  24.9   83s
  3601  1490 204866.151   95  248 3498583.38    0.00000   100%  25.5   85s
H 3658  1482                    3498582.0435    0.00000   100%  25.7   86s
H 3736  1492                    3495089.3315    0.00000   100%  26.3   87s
H 3974  1536                    3086282.3175    0.00000   100%  27.0   89s
H 3985  1506                    3085939.0837    0.00000   100%  27.0   89s
  4038  1543 1374285.76  313  194 3085939.08    0.00000   100%  27.8   90s
H 4221  1619                    3052250.5465    0.00000   100%  28.6   91s
H 4244  1601                    3032335.4444    0.00000   100%  28.7   92s
H 4273  1588                    3031432.3580    0.00000   100%  28.8   93s
  4357  1646 1573033.73  473  169 3031432.36    0.00000   100%  29.3   95s
H 4452  1731                    3029278.6838    0.00000   100%  29.8   97s
H 4460  1739                    3027697.5692    0.00000   100%  29.8   97s
  4551  1832 1589264.38  570  169 3027697.57    0.00000   100%  30.1  100s
H 4568  1845                    3027213.7533    0.00000   100%  30.1  100s
  4935  2100 2629362.31  762  144 3027213.75    0.00000   100%  32.7  105s
H 5080  2177                    3027213.7431    0.00000   100%  33.6  106s
H 5221  2290                    3023052.7212    0.00000   100%  34.6  108s
H 5242  2218                    2868726.8934    0.00000   100%  34.6  109s
H 5332  2288                    2672438.5711    0.00000   100%  35.0  110s
H 5499  2114                    2375915.4749    0.00000   100%  35.5  113s
H 5551  2166                    2375915.3852    0.00000   100%  35.8  114s
  5568  2185 1417742.43  311  154 2375915.39    0.00000   100%  35.8  115s
H 5593  2199                    2287364.6210    0.00000   100%  36.0  115s
H 5821  2427                    2286990.9361    0.00000   100%  36.4  118s
H 5873  2479                    2286634.8699    0.00000   100%  36.2  119s
H 5877  2380                    2001695.4150    0.00000   100%  36.2  120s
H 6167  2670                    1946783.7751    0.00000   100%  35.6  125s
H 6714  3217                    1945703.4891    0.00000   100%  33.7  129s
H 6715  3218                    1945703.3762    0.00000   100%  33.7  129s
H 6767  3270                    1945702.4978    0.00000   100%  33.5  129s
H 6793  3296                    1936875.7725    0.00000   100%  33.4  130s
H 7227  3671                    1931335.8567    0.00000   100%  33.2  134s
  7279  3725 1203937.18  131  177 1931335.86    0.00000   100%  33.6  135s
H 7631  4069                    1931332.7132    0.00000   100%  33.9  137s
H 7683  4117                    1930069.4916    0.00000   100%  34.0  138s
  7861  4277 1774156.53  415  146 1930069.49    0.00000   100%  34.4  140s
H 8101  4504                    1898804.9186    0.00000   100%  34.1  141s
H 8238  4601                    1885122.8603    0.00000   100%  34.6  144s
  8372  4737 973361.794  201  175 1885122.86    0.00000   100%  34.9  145s
H 9009  5372                    1885122.7487    0.00000   100%  35.1  149s
  9025  5390 1212240.45  527  169 1885122.75    0.00000   100%  35.1  150s
H 9422  5750                    1802132.8115    0.00000   100%  35.0  152s
  9858  6188 1342612.11  944  156 1802132.81    0.00000   100%  35.1  155s
H 9868  6192                    1796575.1589    0.00000   100%  35.1  155s
H 9989  6309                    1794301.3416    0.00000   100%  35.1  156s
H10041  6355                    1794301.2915    0.00000   100%  35.2  157s
 10220  6446 1562368.65   81  232 1794301.29    0.00000   100%  36.7  160s
H10287  6405                    1785384.0564    0.00000   100%  37.5  162s
H10313  6431                    1784686.1728    0.00000   100%  37.5  163s
 10390  6470 83649.6464   78  253 1784686.17    0.00000   100%  38.4  165s
H10641  6168                    1762896.3190    0.00000   100%  38.8  167s
H10720  6243                    1760326.7003    0.00000   100%  38.7  168s
 11019  6544 1175070.84  402  164 1760326.70    0.00000   100%  38.4  170s
H11677  7180                    1747127.7061    0.00000   100%  37.6  173s
 12131  7636 1280690.96 1105  163 1747127.71    0.00000   100%  36.7  175s
H12555  8054                    1728638.0495    0.00000   100%  36.3  177s
 13069  8570 1300246.24 1914  156 1728638.05    0.00000   100%  35.8  180s
H13096  8595                    1727715.0115    0.00000   100%  35.8  180s
 13396  8897 1305117.80 2241  158 1727715.01    0.00000   100%  36.3  185s
H13994  9491                    1716016.6142    0.00000   100%  36.0  188s
H14395  9890                    1714273.7715    0.00000   100%  35.6  190s
H14589 10076                    1710164.0614    0.00000   100%  35.7  192s
H14836 10295                    1708698.1083    0.00000   100%  35.8  194s
 14886 10309 638842.664   89  217 1708698.11    0.00000   100%  35.9  195s
H15508 10916                    1704941.8882    0.00000   100%  35.9  198s
 15838 11248 1244547.49  973  176 1704941.89    0.00000   100%  35.6  200s
H16023 11431                    1704215.6696    0.00000   100%  35.6  201s
 16678 12088 1274473.41 1794  169 1704215.67    0.00000   100%  35.3  205s
H16831 11590                    1655104.9198    0.00000   100%  35.3  206s
 17554 12315 1277679.30 2668  169 1655104.92    0.00000   100%  35.0  210s
H17690 11043                    1575266.1347    0.00000   100%  35.0  211s
 18428 11783 1303927.94 3502  167 1575266.13    0.00000   100%  34.7  215s
H18690 12041                    1575116.4414    0.00000   100%  34.7  216s
H18971 12320                    1573435.2478    0.00000   100%  34.7  218s
 19256 12607 1326507.69 4330  167 1573435.25    0.00000   100%  34.7  220s
H19686 12958                    1559094.8506    0.00000   100%  34.5  224s
 19831 13105 1341623.76 4656  167 1559094.85    0.00000   100%  34.4  225s
H20368 13623                    1551881.4916    0.00000   100%  34.9  228s
 20568 13825 1403794.27 5181  163 1551881.49    0.00000   100%  35.2  230s
H20623 13873                    1548267.6958    0.00000   100%  35.2  230s
 20851 13953 infeasible  138      1548267.70    0.00000   100%  36.3  235s
H20903 13961                    1547912.6687    0.00000   100%  36.8  236s
H21074 14106                    1537459.4551    0.00000   100%  37.0  238s
 21326 14360 1112835.73  366  169 1537459.46    0.00000   100%  37.2  240s
H21327 14359                    1537057.9594    0.00000   100%  37.2  240s
H21586 14613                    1535676.4014    0.00000   100%  37.2  242s
 22069 15098 1194929.80 1079  164 1535676.40    0.00000   100%  36.9  245s
H22653 15680                    1535385.8345    0.00000   100%  36.3  247s
 23100 16129 1222063.94 2110  162 1535385.83    0.00000   100%  36.0  250s
H23314 16339                    1530777.7932    0.00000   100%  36.0  251s
H23413 16438                    1528895.0179    0.00000   100%  35.9  252s
 24034 17061 1241993.48 3044  163 1528895.02    0.00000   100%  35.7  255s
H24060 17085                    1528894.9362    0.00000   100%  35.7  255s
H24323 17348                    1528861.8886    0.00000   100%  36.2  258s
 24541 17552 1378056.61 3203  170 1528861.89    0.00000   100%  36.6  260s
H24730 17644                    1519469.4234    0.00000   100%  36.9  266s
H24743 17655                    1517904.6331    0.00000   100%  36.9  267s
 24900 17767 infeasible  103      1517904.63    0.00000   100%  37.5  270s
H24985 17811                    1517780.9161    0.00000   100%  38.0  271s
 25160 17901 30842.2412   56  258 1517780.92    0.00000   100%  38.8  275s
H25238 17973                    1512259.6596    0.00000   100%  39.0  276s
H25504 18195                    1511880.1667    0.00000   100%  39.4  279s
 25515 18208 1185414.47  118  185 1511880.17    0.00000   100%  39.5  280s
H25659 18305                    1511848.6606    0.00000   100%  39.8  281s
H25737 18357                    1510773.1535    0.00000   100%  40.1  283s
 25858 18446 1157639.24   86  216 1510773.15    0.00000   100%  40.4  285s
H26061 18605                    1510703.1255    0.00000   100%  41.1  289s
 26097 18625 587692.538   54  249 1510703.13    0.00000   100%  41.2  290s
H26254 18758                    1508565.7068    0.00000   100%  41.5  293s
 26363 18842 28658.4441   49  262 1508565.71    0.00000   100%  41.7  295s
H26469 18923                    1508492.6184    0.00000   100%  41.9  297s
H26551 19005                    1508485.9100    0.00000   100%  41.9  298s
 26633 19071 1355756.11   92  234 1508485.91    0.00000   100%  42.0  300s
H26795 19176                    1496214.4221    0.00000   100%  42.4  303s
 26914 19273 178864.816   53  287 1496214.42    0.00000   100%  42.7  305s
H27076 19428                    1494593.9751    0.00000   100%  43.1  307s
 27215 19526 70060.4299   59  276 1494593.98    0.00000   100%  43.3  310s
H27256 19565                    1494576.5549    0.00000   100%  43.4  310s
 27488 19751 1089184.77  162  196 1494576.55    0.00000   100%  43.9  315s
 28213 20372 1133334.90   80  201 1494576.55    0.00000   100%  44.3  320s
 28451 20530 infeasible  102      1494576.55    0.00000   100%  45.0  325s
 28699 20694 202816.903   75  250 1494576.55    0.00000   100%  45.8  330s
H28836 20810                    1494576.5548    0.00000   100%  46.2  333s
H28863 20817                    1492807.0809    0.00000   100%  46.2  334s
 28903 20841     cutoff  121      1492807.08    0.00000   100%  46.5  335s
H29075 20968                    1492669.2770    0.00000   100%  46.9  337s
H29184 21028                    1488100.7556    0.00000   100%  47.0  339s
 29197 21038 179857.299   56  273 1488100.76    0.00000   100%  47.1  340s
H29358 21142                    1488100.2111    0.00000   100%  47.5  342s
H29428 21188                    1483449.8387    0.00000   100%  47.6  344s
 29454 21202 1346643.74   87  212 1483449.84    0.00000   100%  47.6  345s
H29583 21300                    1483420.5417    0.00000   100%  47.9  347s
H29671 21384                    1483218.7245    0.00000   100%  48.0  348s
 29783 21498 1286147.27  244  179 1483218.72    0.00000   100%  48.1  350s
H29828 21541                    1483182.1689    0.00000   100%  48.1  351s
H30076 21785                    1482592.7251    0.00000   100%  47.8  353s
 30494 22205 1366494.23  888  172 1482592.73    0.00000   100%  47.3  355s
H30954 22660                    1480794.2692    0.00000   100%  47.0  358s
 31160 22864     cutoff 1522      1480794.27    0.00000   100%  47.0  360s
H31318 23016                    1480631.2008    0.00000   100%  47.1  361s
 31789 23489 1383477.23 2134  167 1480631.20    0.00000   100%  47.0  365s
H32131 23829                    1480630.6563    0.00000   100%  46.7  366s
 32803 24503 1386490.46 3148  168 1480630.66    0.00000   100%  46.4  370s
H33398 25067                    1480627.8293    0.00000   100%  46.2  373s
H33424 25080                    1480615.7591    0.00000   100%  46.2  374s
 33456 25102 infeasible   88      1480615.76    0.00000   100%  46.4  375s
H33461 25099                    1479430.9813    0.00000   100%  46.4  375s
H33675 25245                    1478652.6706    0.00000   100%  46.9  380s
H33892 25382                    1477440.8081    0.00000   100%  47.3  384s
 33954 25446 962841.718  105  205 1477440.81    0.00000   100%  47.4  385s
H34871 26357                    1472176.9555    0.00000   100%  47.0  390s
H35162 26643                    1471698.3127    0.00000   100%  46.9  393s
 35298 26726 1351533.30   61  299 1471698.31    0.00000   100%  47.1  395s
H35364 26766                    1471696.1640    0.00000   100%  47.2  396s
 35503 26852 965093.202   67  229 1471696.16    0.00000   100%  47.6  400s
H35517 26854                    1470561.6782    0.00000   100%  47.6  400s
H35571 26887                    1469654.3174    0.00000   100%  47.7  402s
H35571 26881                    1469190.6088    0.00000   100%  47.7  403s
 35659 26958 1363779.56  123  210 1469190.61    0.00000   100%  47.9  405s
H35679 26960                    1468960.3427    0.00000   100%  48.0  405s
H35706 26987                    1468938.9381    0.00000   100%  48.0  406s
 35797 27040 316968.494   56  231 1468938.94    0.00000   100%  48.3  410s
H35883 27122                    1468858.9305    0.00000   100%  48.4  412s
 36005 27216 84620.3829   83  247 1468858.93    0.00000   100%  48.7  415s
H36223 27385                    1468548.4061    0.00000   100%  49.0  419s
 36256 27418     cutoff   93      1468548.41    0.00000   100%  49.0  420s
H36303 27427                    1468548.3895    0.00000   100%  49.3  421s
H36345 27329                    1426555.8020    0.00000   100%  49.3  422s
 36459 27421 321563.597   83  227 1426555.80    0.00000   100%  49.5  425s
H36472 27308                    1418267.2014    0.00000   100%  49.5  425s
H36574 27322                    1415254.4865    0.00000   100%  49.7  427s
 36671 27373 1297812.21   94  216 1415254.49    0.00000   100%  50.0  430s
H36866 27453                    1413312.0432    0.00000   100%  50.3  433s
 36939 27505 infeasible   94      1413312.04    0.00000   100%  50.5  435s
H37022 27540                    1412127.9115    0.00000   100%  50.6  437s
 37145 27623 22035.2729   76  235 1412127.91    0.00000   100%  50.9  440s
H37152 27626                    1411951.4768    0.00000   100%  50.9  440s
H37233 27703                    1411951.4767    0.00000   100%  51.0  442s
H37253 27723                    1411868.5945    0.00000   100%  51.0  442s
H37547 27993                    1411866.5038    0.00000   100%  51.0  444s
 37581 28029 1236367.17  345  168 1411866.50    0.00000   100%  50.9  445s
H38065 28510                    1411515.3876    0.00000   100%  51.0  449s
 38175 28622 1237789.23  939  165 1411515.39    0.00000   100%  50.9  450s
H38685 29125                    1410939.4551    0.00000   100%  50.4  453s
 38998 29440 1242259.95 1762  168 1410939.46    0.00000   100%  50.3  455s
H39049 29489                    1410939.4500    0.00000   100%  50.3  455s
H39395 29827                    1410590.3699    0.00000   100%  50.1  458s
 39754 30178 infeasible 2496      1410590.37    0.00000   100%  49.9  460s
H39802 30144                    1408167.6063    0.00000   100%  50.1  461s
 39943 30252 21442.3325   76  238 1408167.61    0.00000   100%  50.2  467s
H39954 30261                    1408167.5677    0.00000   100%  50.3  467s
 40053 30329     cutoff  102      1408167.57    0.00000   100%  50.4  470s
H40065 30327                    1408111.5318    0.00000   100%  50.5  471s
H40148 30372                    1408109.6350    0.00000   100%  50.7  473s
H40164 30386                    1408109.6118    0.00000   100%  50.7  474s
 40215 30427 1155300.43  105  220 1408109.61    0.00000   100%  50.7  475s
H40216 30183                    1401403.4483    0.00000   100%  50.7  475s
H40308 30252                    1401336.5288    0.00000   100%  50.9  477s
 40462 30364 1100007.84  105  205 1401336.53    0.00000   100%  51.2  480s
H40501 30397                    1401334.1165    0.00000   100%  51.4  480s
H40579 30442                    1401330.6459    0.00000   100%  51.5  483s
 40643 30479     cutoff   87      1401330.65    0.00000   100%  51.7  485s
 40904 30638 1312011.73   81  210 1401330.65    0.00000   100%  52.2  490s
H40912 30637                    1401311.9042    0.00000   100%  52.2  490s
H40956 30651                    1401309.4919    0.00000   100%  52.3  491s
H40993 30688                    1401265.2469    0.00000   100%  52.3  492s
H41008 30699                    1401262.8346    0.00000   100%  52.4  492s
 41075 30736 infeasible   77      1401262.83    0.00000   100%  52.7  495s
H41076 30727                    1400743.1014    0.00000   100%  52.7  495s
H41186 30808                    1400740.6891    0.00000   100%  52.9  497s
 41341 30924 1317492.59   85  232 1400740.69    0.00000   100%  53.1  500s
H41511 31021                    1400436.2917    0.00000   100%  53.4  503s
 41542 31047 1268580.44  118  203 1400436.29    0.00000   100%  53.4  505s
H41705 31132                    1400436.2876    0.00000   100%  53.6  507s
H41706 31107                    1399585.8851    0.00000   100%  53.6  507s
 41829 31210 infeasible  101      1399585.89    0.00000   100%  53.8  510s
H41951 31258                    1399538.7708    0.00000   100%  54.2  514s
 41984 31291 infeasible   73      1399538.77    0.00000   100%  54.2  515s
H42118 31360                    1399477.2590    0.00000   100%  54.5  518s
 42194 31408 infeasible   76      1399477.26    0.00000   100%  54.7  520s
H42422 31558                    1398673.9023    0.00000   100%  55.0  524s
 42444 31570 945667.113   67  260 1398673.90    0.00000   100%  55.1  525s
 42558 31633 infeasible   71      1398673.90    0.00000   100%  55.6  530s
H42742 31587                    1398014.5108    0.00000   100%  55.9  534s
 42757 31588 701381.731   47  268 1398014.51    0.00000   100%  55.9  535s
H42783 31574                    1397878.3227    0.00000   100%  56.0  535s
H42796 31587                    1397876.1187    0.00000   100%  56.0  536s
H42879 31621                    1396328.6739    0.00000   100%  56.1  538s
H42880 31622                    1396326.4699    0.00000   100%  56.1  538s
H42932 31634                    1395595.4421    0.00000   100%  56.1  538s
H42958 31633                    1395440.1951    0.00000   100%  56.1  539s
 42972 31641 28134.7899   52  253 1395440.20    0.00000   100%  56.2  540s
H42984 31611                    1394950.2486    0.00000   100%  56.2  541s
H43120 31721                    1394950.2341    0.00000   100%  56.3  543s
 43257 31832 424347.281   86  241 1394950.23    0.00000   100%  56.4  545s
H43291 31843                    1394949.6896    0.00000   100%  56.5  546s
 43456 31946 1246507.73   85  188 1394949.69    0.00000   100%  56.9  550s
H43477 31942                    1394851.5883    0.00000   100%  57.0  551s
H43531 31968                    1394851.0438    0.00000   100%  57.1  552s
 43668 32036 743173.538   80  250 1394851.04    0.00000   100%  57.5  555s
H43765 32073                    1394539.6269    0.00000   100%  57.8  557s
H43804 32087                    1394531.9673    0.00000   100%  57.9  558s
 43843 32120 315986.038   81  241 1394531.97    0.00000   100%  58.0  560s
H43869 32143                    1394510.7018    0.00000   100%  58.0  561s
 44063 32273 22035.2729   55  267 1394510.70    0.00000   100%  58.4  565s
H44105 32313                    1394510.1574    0.00000   100%  58.4  565s
 44304 32452 177314.668   59  267 1394510.16    0.00000   100%  58.8  570s
H44467 32522                    1394510.1572    0.00000   100%  59.2  574s
 44493 32550 318719.549   73  259 1394510.16    0.00000   100%  59.3  575s
 44737 32720 315875.500   52  226 1394510.16    0.00000   100%  59.5  580s
H44982 32786                    1393717.2595    0.00000   100%  59.7  582s
H45008 32794                    1393717.2288    0.00000   100%  59.7  583s
H45035 32803                    1393717.2287    0.00000   100%  59.7  584s
 45054 32812 1304467.59  267  174 1393717.23    0.00000   100%  59.7  585s
H45350 32864                    1393341.2632    0.00000   100%  60.3  589s
 45364 32870     cutoff  473      1393341.26    0.00000   100%  60.3  590s
H45467 32897                    1393197.6843    0.00000   100%  60.5  591s
H45607 32943                    1393197.6840    0.00000   100%  60.6  593s
 45764 32998 1304467.59  740  173 1393197.68    0.00000   100%  60.8  595s
H45817 33013                    1393197.1395    0.00000   100%  60.9  595s
H46068 33025                    1393188.0932    0.00000   100%  61.2  599s
 46084 33027 1304467.59  915  174 1393188.09    0.00000   100%  61.2  600s
H46096 33023                    1393144.9769    0.00000   100%  61.2  600s
H46376 33009                    1392993.8303    0.00000   100%  61.6  604s
H46432 32972                    1392656.5762    0.00000   100%  61.6  605s
H46532 33045                    1392656.0317    0.00000   100%  61.7  606s
 46711 33195 288330.834   90  257 1392656.03    0.00000   100%  61.8  610s
H46865 33257                    1392189.4921    0.00000   100%  62.1  615s
H46872 33252                    1392000.5298    0.00000   100%  62.1  615s
H46898 33268                    1391998.4173    0.00000   100%  62.1  616s
 47094 33359 87063.1082   74  242 1391998.42    0.00000   100%  62.5  620s
 47315 33462 1007811.16   87  241 1391998.42    0.00000   100%  63.1  625s
H47322 33467                    1391997.8708    0.00000   100%  63.1  625s
H47392 33491                    1391831.2124    0.00000   100%  63.3  627s
H47392 33491                    1391828.0227    0.00000   100%  63.3  627s
 47530 33575 infeasible   72      1391828.02    0.00000   100%  63.5  630s
 47758 33730 716013.550   78  245 1391828.02    0.00000   100%  63.9  635s
H47869 33781                    1391798.0963    0.00000   100%  64.2  639s
 47909 33808 21442.3325   67  239 1391798.10    0.00000   100%  64.3  640s
H48046 33891                    1391794.8936    0.00000   100%  64.6  643s
H48072 33898                    1391703.0523    0.00000   100%  64.7  644s
 48103 33914 378756.234   66  256 1391703.05    0.00000   100%  64.7  645s
 48285 34025 infeasible   73      1391703.05    0.00000   100%  65.1  650s
H48344 34063                    1391699.8497    0.00000   100%  65.1  651s
 48495 34165 1069382.38  102  213 1391699.85    0.00000   100%  65.3  655s
 48708 34237 infeasible  102      1391699.85    0.00000   100%  65.9  660s
 48892 34311 infeasible   86      1391699.85    0.00000   100%  66.2  665s
 49120 34449 16431.7643   74  261 1391699.85    0.00000   100%  66.6  670s
H49328 34575                    1391609.9167    0.00000   100%  66.8  673s
 49375 34604 infeasible  113      1391609.92    0.00000   100%  67.0  675s
H49434 34611                    1391143.6989    0.00000   100%  67.0  676s
H49460 34627                    1391141.7197    0.00000   100%  67.0  677s
H49526 34656                    1391136.6335    0.00000   100%  67.1  679s
H49557 34663                    1391136.6333    0.00000   100%  67.2  680s
 49791 34836 1047397.71   80  261 1391136.63    0.00000   100%  67.4  685s
H49884 34910                    1391074.4858    0.00000   100%  67.5  687s
H49996 34973                    1391071.2833    0.00000   100%  67.5  689s
 50020 34991    0.00000   59  274 1391071.28    0.00000   100%  67.5  690s
H50085 34957                    1390056.1830    0.00000   100%  67.7  694s
 50105 34979 976278.662   68  232 1390056.18    0.00000   100%  67.7  695s
 50349 35132 204258.695   76  257 1390056.18    0.00000   100%  68.0  700s
H50361 35130                    1389922.6535    0.00000   100%  68.1  700s
H50387 35154                    1389922.4480    0.00000   100%  68.1  701s
 50532 35219 infeasible   71      1389922.45    0.00000   100%  68.4  705s
 50749 35334     cutoff   90      1389922.45    0.00000   100%  68.8  710s
 50916 35427 833176.777   72  220 1389922.45    0.00000   100%  69.3  715s
 51104 35573 infeasible   94      1389922.45    0.00000   100%  69.3  720s
H51126 35584                    1389897.4410    0.00000   100%  69.4  720s
 51328 35715 1280527.79   79  262 1389897.44    0.00000   100%  69.6  725s
 51526 35814 1207251.10   77  212 1389897.44    0.00000   100%  70.1  730s
 51691 35922 1213349.26   65  219 1389897.44    0.00000   100%  70.4  735s
 51909 36062 480308.392   64  268 1389897.44    0.00000   100%  70.5  740s
H51990 36129                    1389891.8532    0.00000   100%  70.5  741s
 52144 36234 788823.708  102  238 1389891.85    0.00000   100%  70.7  745s
H52274 36286                    1389631.2533    0.00000   100%  70.9  748s
 52333 36327 infeasible   96      1389631.25    0.00000   100%  71.0  750s
 52481 36361 182576.682   61  271 1389631.25    0.00000   100%  71.4  755s
H52588 36425                    1389613.9603    0.00000   100%  71.5  757s
H52614 36450                    1389609.4926    0.00000   100%  71.5  757s
 52746 36558 355944.122   90  253 1389609.49    0.00000   100%  71.7  760s
 52906 36642    0.00000   78  250 1389609.49    0.00000   100%  72.0  765s
 53005 36660 infeasible   76      1389609.49    0.00000   100%  72.3  770s
 53191 36770 infeasible   90      1389609.49    0.00000   100%  72.6  775s
H53314 36799                    1389586.7291    0.00000   100%  72.9  779s
 53361 36822 infeasible   89      1389586.73    0.00000   100%  73.0  780s
H53471 29187                    1306065.7191    0.00000   100%  73.2  783s
 53519 29221 266262.020   87  253 1306065.72    0.00000   100%  73.2  785s
H53526 28349                    1300762.7659    0.00000   100%  73.2  785s
H53614 28290                    1300084.1065    0.00000   100%  73.4  787s
H53651 28261                    1299615.1384    0.00000   100%  73.6  790s
 53808 28328 1059101.81   89  255 1299615.14    0.00000   100%  74.0  795s
H53811 27783                    1294171.7725    0.00000   100%  74.1  795s
H53973 26817                    1285417.1000    0.00000   100%  74.4  800s
H54000 26795                    1285317.1725    0.00000   100%  74.5  801s
H54122 26890                    1285294.3436    0.00000   100%  74.6  803s
 54186 26916 infeasible   69      1285294.34    0.00000   100%  74.8  805s
H54188 26774                    1284326.5572    0.00000   100%  74.8  805s
H54246 26160                    1280845.8961    0.00000   100%  74.8  806s
 54391 26246 infeasible   96      1280845.90    0.00000   100%  75.1  810s
H54464 26267                    1280845.8148    0.00000   100%  75.3  812s
 54558 26324 575897.275  107  255 1280845.81    0.00000   100%  75.4  815s
H54569 26308                    1280737.7364    0.00000   100%  75.4  815s
 54736 26376     cutoff   88      1280737.74    0.00000   100%  75.8  820s
H54783 25623                    1276585.9172    0.00000   100%  75.9  821s
H54809 25634                    1276531.0524    0.00000   100%  75.9  822s
 54889 25664 infeasible   97      1276531.05    0.00000   100%  76.1  825s
H54942 25612                    1276318.4824    0.00000   100%  76.3  827s
H55047 25628                    1276249.5204    0.00000   100%  76.5  829s
 55049 25632 717576.559   82  226 1276249.52    0.00000   100%  76.5  830s
H55073 24337                    1271725.8876    0.00000   100%  76.6  830s
H55153 24369                    1271706.9932    0.00000   100%  76.8  834s
 55156 24374 888005.963   86  233 1271706.99    0.00000   100%  76.8  835s
H55234 24338                    1269548.5546    0.00000   100%  77.0  837s
H55261 24351                    1269548.5341    0.00000   100%  77.1  838s
 55279 24351     cutoff   98      1269548.53    0.00000   100%  77.1  840s
H55313 24264                    1267834.6709    0.00000   100%  77.3  842s
H55339 24268                    1267785.6111    0.00000   100%  77.3  843s
H55391 24134                    1265461.5366    0.00000   100%  77.4  844s
 55412 24153 992224.867   97  254 1265461.54    0.00000   100%  77.4  845s
H55417 24152                    1265461.5137    0.00000   100%  77.5  845s
H55522 24205                    1265422.1483    0.00000   100%  77.6  849s
H55548 23183                    1257712.2205    0.00000   100%  77.7  849s
 55554 23185 infeasible   95      1257712.22    0.00000   100%  77.7  850s
H55574 23164                    1257700.6020    0.00000   100%  77.8  851s
H55628 23153                    1257383.2848    0.00000   100%  77.9  853s
H55679 23161                    1257197.8117    0.00000   100%  78.0  854s
 55680 23164 912494.147   94  269 1257197.81    0.00000   100%  78.1  855s
H55757 23160                    1256978.8624    0.00000   100%  78.3  857s
H55792 23172                    1256978.8595    0.00000   100%  78.4  858s
 55825 23182 691746.142   79  254 1256978.86    0.00000   100%  78.5  860s
H55873 23210                    1256957.3708    0.00000   100%  78.6  861s
 56004 23297 infeasible   73      1256957.37    0.00000   100%  78.9  865s
H56137 23306                    1256747.7830    0.00000   100%  79.3  869s
 56146 23308 594120.638   78  252 1256747.78    0.00000   100%  79.3  870s
H56203 23239                    1255252.6637    0.00000   100%  79.5  871s
H56324 23302                    1255181.1778    0.00000   100%  79.7  874s
 56338 23310 118742.799   69  256 1255181.18    0.00000   100%  79.8  875s
H56455 23369                    1255125.5045    0.00000   100%  79.9  878s
 56508 23398 infeasible  101      1255125.50    0.00000   100%  80.0  880s
H56665 23477                    1255107.6910    0.00000   100%  80.2  884s
 56698 23494 19174.5439   74  271 1255107.69    0.00000   100%  80.3  885s
H56743 23525                    1255081.7715    0.00000   100%  80.3  886s
H56769 23520                    1254864.0363    0.00000   100%  80.4  887s
H56854 23565                    1254862.5438    0.00000   100%  80.5  889s
 56912 23580 1050919.34   83  222 1254862.54    0.00000   100%  80.6  890s
H56939 23331                    1253026.8050    0.00000   100%  80.7  890s
H57026 23377                    1253021.8647    0.00000   100%  80.9  892s
H57075 23404                    1253021.8580    0.00000   100%  80.9  892s
H57163 23416                    1252827.0475    0.00000   100%  81.1  894s
H57190 23428                    1252823.0151    0.00000   100%  81.2  895s
H57243 23451                    1252803.6288    0.00000   100%  81.3  896s
H57430 23565                    1252796.3133    0.00000   100%  81.5  899s
H57456 23536                    1252277.5164    0.00000   100%  81.6  900s
H57603 23631                    1252277.4974    0.00000   100%  81.8  902s
H57629 23212                    1250906.3539    0.00000   100%  81.8  902s
 57735 23276 infeasible  109      1250906.35    0.00000   100%  82.0  905s
H57902 23324                    1250904.9781    0.00000   100%  82.4  910s
H57956 23119                    1250257.5736    0.00000   100%  82.5  912s
 58112 23185 infeasible  102      1250257.57    0.00000   100%  82.8  915s
H58189 23218                    1250254.9190    0.00000   100%  83.0  916s
H58216 23224                    1250240.0645    0.00000   100%  83.1  917s
H58269 23230                    1250151.5370    0.00000   100%  83.2  918s
 58339 23260 infeasible   88      1250151.54    0.00000   100%  83.3  920s
H58457 23279                    1250094.5829    0.00000   100%  83.7  922s
H58592 23318                    1250085.7024    0.00000   100%  84.0  925s
H58777 23344                    1249688.7914    0.00000   100%  84.3  928s
 58831 23354    0.00000   78  271 1249688.79    0.00000   100%  84.4  930s
H58973 23402                    1249685.9644    0.00000   100%  84.7  932s
H58989 23416                    1249660.8950    0.00000   100%  84.7  933s
H59015 23416                    1249534.0598    0.00000   100%  84.8  933s
H59071 23437                    1249429.4141    0.00000   100%  84.9  934s
 59084 23439 infeasible   86      1249429.41    0.00000   100%  84.9  935s
H59097 23450                    1249426.4199    0.00000   100%  84.9  935s
H59201 23521                    1249422.8317    0.00000   100%  85.0  936s
 59317 23548 infeasible   87      1249422.83    0.00000   100%  85.4  940s
H59335 23545                    1249397.1487    0.00000   100%  85.5  941s
H59442 23577                    1249396.8501    0.00000   100%  85.8  943s
 59503 23606     cutoff   86      1249396.85    0.00000   100%  85.9  945s
H59626 23640                    1248991.9104    0.00000   100%  86.2  947s
H59744 23658                    1248448.2514    0.00000   100%  86.5  949s
 59747 23659 137875.491   73  275 1248448.25    0.00000   100%  86.5  950s
H59941 23730                    1248090.6366    0.00000   100%  86.9  954s
 59981 23742     cutoff   86      1248090.64    0.00000   100%  87.0  955s
H60049 23776                    1248081.1985    0.00000   100%  87.1  956s
 60227 23888 977698.285   92  269 1248081.20    0.00000   100%  87.3  960s
H60314 23923                    1248068.5034    0.00000   100%  87.4  962s
H60367 23944                    1248056.2752    0.00000   100%  87.5  963s
 60471 24014 774008.088   98  254 1248056.28    0.00000   100%  87.7  965s
H60497 24002                    1247916.4226    0.00000   100%  87.8  965s
H60523 24028                    1247916.4076    0.00000   100%  87.8  966s
H60578 24019                    1247315.0520    0.00000   100%  87.9  967s
 60713 24106 324174.142   81  262 1247315.05    0.00000   100%  88.1  970s
H60765 24140                    1247294.7281    0.00000   100%  88.1  971s
 60965 24292 554910.269   91  218 1247294.73    0.00000   100%  88.3  975s
 61290 24476     cutoff   84      1247294.73    0.00000   100%  88.7  980s
H61582 24641                    1247268.5174    0.00000   100%  89.0  984s
 61599 24650 198033.622   52  227 1247268.52    0.00000   100%  89.0  985s
H61926 24887                    1247224.9969    0.00000   100%  89.2  990s
H62004 24888                    1246916.9723    0.00000   100%  89.3  991s
H62063 24918                    1246670.9742    0.00000   100%  89.3  992s
 62199 25000 1004043.82   82  251 1246670.97    0.00000   100%  89.5  995s
H62214 24987                    1246344.2835    0.00000   100%  89.6  995s
H62266 25031                    1246229.5473    0.00000   100%  89.5  996s
H62345 25084                    1246174.9889    0.00000   100%  89.6  997s
 62580 25241 446569.339   82  243 1246174.99    0.00000   100%  89.7 1000s
H62824 25386                    1245885.8206    0.00000   100%  89.9 1003s
 62986 25530 24428.0961   45  257 1245885.82    0.00000   100%  89.8 1005s
H63067 25607                    1245885.7944    0.00000   100%  89.8 1005s
H63153 25660                    1245880.4070    0.00000   100%  89.8 1007s
 63284 25756 1200269.90   93  249 1245880.41    0.00000   100%  89.8 1010s
H63336 25755                    1245729.6157    0.00000   100%  90.0 1011s
 63501 25838 infeasible   92      1245729.62    0.00000   100%  90.1 1015s
H63580 25875                    1245729.6135    0.00000   100%  90.2 1016s
H63691 22658                    1223178.1414    0.00000   100%  90.4 1019s
 63728 22691 1054063.74   84  239 1223178.14    0.00000   100%  90.4 1020s
 63885 22739     cutoff   84      1223178.14    0.00000   100%  90.7 1025s
H63887 22730                    1223137.5559    0.00000   100%  90.7 1025s
H63914 22700                    1222836.6548    0.00000   100%  90.7 1026s
H63967 22715                    1222813.6848    0.00000   100%  90.8 1027s
 64061 22797 1171840.26   82  235 1222813.68    0.00000   100%  90.8 1030s
H64072 22785                    1222792.2919    0.00000   100%  90.9 1030s
H64157 21563                    1213841.9967    0.00000   100%  91.0 1033s
 64241 21611 203036.328   76  256 1213842.00    0.00000   100%  91.1 1035s
H64338 21682                    1213841.9945    0.00000   100%  91.2 1037s
H64364 21682                    1213644.9179    0.00000   100%  91.2 1037s
 64413 21694     cutoff   83      1213644.92    0.00000   100%  91.4 1040s
H64596 21469                    1209551.0695    0.00000   100%  91.6 1044s
 64620 21468 179261.290   68  255 1209551.07    0.00000   100%  91.6 1045s
 64800 21546 716604.702   78  230 1209551.07    0.00000   100%  92.0 1050s
 65012 21649 1154162.62   91  217 1209551.07    0.00000   100%  92.2 1055s
H65066 21332                    1203436.9927    0.00000   100%  92.4 1057s
H65118 21318                    1203033.2184    0.00000   100%  92.5 1059s
 65158 21354 872229.477   89  219 1203033.22    0.00000   100%  92.5 1060s
H65170 21346                    1202692.7191    0.00000   100%  92.5 1060s
H65259 21379                    1202382.9272    0.00000   100%  92.5 1062s
 65298 21400 742067.514   71  253 1202382.93    0.00000   100%  92.6 1065s
H65311 21102                    1195612.0018    0.00000   100%  92.6 1066s
 65467 21160 infeasible   65      1195612.00    0.00000   100%  92.8 1070s
H65576 21200                    1195003.4641    0.00000   100%  92.9 1072s
H65656 21212                    1193914.8312    0.00000   100%  92.8 1074s
 65666 21214 infeasible   99      1193914.83    0.00000   100%  92.9 1075s
H65708 21135                    1192564.9585    0.00000   100%  93.0 1076s
H65787 21141                    1192068.7209    0.00000   100%  93.1 1079s
H65839 21166                    1191733.6938    0.00000   100%  93.0 1080s
H65865 20750                    1185407.3614    0.00000   100%  93.0 1080s
H65893 20758                    1185403.5077    0.00000   100%  93.0 1081s
H65945 20770                    1184977.7260    0.00000   100%  93.1 1083s
 65997 20812 740437.820   77  225 1184977.73    0.00000   100%  93.2 1085s
H66103 20875                    1184977.6907    0.00000   100%  93.3 1088s
 66157 20907 infeasible   81      1184977.69    0.00000   100%  93.3 1090s
H66239 20885                    1183745.4109    0.00000   100%  93.5 1093s
 66291 20925 667016.828   83  275 1183745.41    0.00000   100%  93.6 1095s
H66326 20931                    1183744.9681    0.00000   100%  93.6 1096s
 66496 21025 infeasible   83      1183744.97    0.00000   100%  93.8 1100s
H66674 21125                    1183698.2896    0.00000   100%  94.0 1103s
 66713 21152 763773.955   79  232 1183698.29    0.00000   100%  94.0 1105s
H66781 21187                    1183510.6016    0.00000   100%  94.1 1106s
H66809 21189                    1183452.0208    0.00000   100%  94.1 1108s
 66837 21197 321437.714   69  248 1183452.02    0.00000   100%  94.2 1110s
H66915 21252                    1183446.7924    0.00000   100%  94.2 1111s
H66969 21262                    1183419.6564    0.00000   100%  94.4 1113s
 67014 21299 548666.429   77  260 1183419.66    0.00000   100%  94.4 1115s
H67231 21317                    1182263.8433    0.00000   100%  94.7 1119s
 67233 21317     cutoff   83      1182263.84    0.00000   100%  94.7 1120s
H67236 21223                    1181162.9261    0.00000   100%  94.7 1120s
H67394 21295                    1181162.9260    0.00000   100%  94.9 1124s
 67415 21299 152888.575   74  257 1181162.93    0.00000   100%  94.9 1125s
H67474 21300                    1180171.2518    0.00000   100%  95.0 1127s
 67576 21356 infeasible   73      1180171.25    0.00000   100%  95.2 1130s
H67740 21453                    1180166.4452    0.00000   100%  95.3 1133s
 67796 21481 13691.5445   66  259 1180166.45    0.00000   100%  95.4 1135s
H67818 21457                    1178072.9393    0.00000   100%  95.4 1136s
H67950 21529                    1177900.4742    0.00000   100%  95.4 1138s
 67980 21538 783563.620   55  248 1177900.47    0.00000   100%  95.5 1140s
 68220 21697 infeasible   89      1177900.47    0.00000   100%  95.7 1145s
H68227 21610                    1175733.2995    0.00000   100%  95.7 1145s
H68253 21481                    1174519.7814    0.00000   100%  95.7 1146s
H68287 21480                    1174369.7401    0.00000   100%  95.7 1147s
 68378 21496     cutoff   81      1174369.74    0.00000   100%  96.0 1150s
 68588 21590 972395.440   66  239 1174369.74    0.00000   100%  96.2 1155s
 68805 21743 853497.232   83  219 1174369.74    0.00000   100%  96.3 1160s
H68847 21702                    1173957.4387    0.00000   100%  96.4 1161s
H68986 21792                    1173821.2298    0.00000   100%  96.4 1164s
 69006 21812 367146.180   70  261 1173821.23    0.00000   100%  96.4 1165s
H69164 21852                    1173309.6487    0.00000   100%  96.5 1169s
 69178 21860 infeasible   81      1173309.65    0.00000   100%  96.6 1170s
H69364 21967                    1173163.8487    0.00000   100%  96.7 1174s
 69408 21995 infeasible   83      1173163.85    0.00000   100%  96.7 1175s
H69447 21843                    1170759.4784    0.00000   100%  96.7 1176s
 69599 21937    0.00000   65  270 1170759.48    0.00000   100%  96.8 1180s
H69707 21988                    1170759.4783    0.00000   100%  96.9 1182s
H69822 22050                    1170674.6941    0.00000   100%  97.1 1185s
H69915 22090                    1170596.6879    0.00000   100%  97.2 1188s
H69987 22130                    1170596.6263    0.00000   100%  97.3 1190s
H70086 22156                    1170380.5414    0.00000   100%  97.4 1192s
 70201 22235 184220.192   62  261 1170380.54    0.00000   100%  97.5 1195s
H70323 22266                    1170065.2362    0.00000   100%  97.6 1198s
 70370 22287     cutoff   81      1170065.24    0.00000   100%  97.6 1200s
 70593 22405     cutoff   80      1170065.24    0.00000   100%  97.9 1205s
H70688 22423                    1170054.5253    0.00000   100%  98.1 1207s
H70714 22424                    1170054.2420    0.00000   100%  98.2 1207s
 70853 22510 172578.060   67  246 1170054.24    0.00000   100%  98.3 1210s
H70923 22493                    1168309.8170    0.00000   100%  98.3 1211s
 71184 22676 1119834.22   89  232 1168309.82    0.00000   100%  98.4 1215s
H71391 22784                    1168085.3256    0.00000   100%  98.5 1218s
H71490 22823                    1167928.7273    0.00000   100%  98.6 1220s
H71802 23062                    1167917.2735    0.00000   100%  98.7 1225s
H71931 23127                    1167916.4089    0.00000   100%  98.8 1228s
 72053 23193 357014.513   69  273 1167916.41    0.00000   100%  98.9 1230s
H72156 23253                    1167675.0521    0.00000   100%  99.0 1231s
H72281 23347                    1167675.0457    0.00000   100%  99.0 1232s
H72375 23398                    1167650.6362    0.00000   100%  99.1 1234s
 72377 23400 infeasible   69      1167650.64    0.00000   100%  99.1 1235s
H72488 23411                    1165515.6764    0.00000   100%  99.3 1238s
H72526 23419                    1165222.0055    0.00000   100%  99.3 1239s
 72557 23440 874781.808   72  248 1165222.01    0.00000   100%  99.4 1240s
H72731 23528                    1165218.1785    0.00000   100%   100 1244s
 72787 23586 281512.866   86  263 1165218.18    0.00000   100%   100 1245s
H72852 23617                    1165178.4230    0.00000   100%   100 1246s
 73135 23803     cutoff   92      1165178.42    0.00000   100%   100 1250s
H73138 23804                    1165173.8548    0.00000   100%   100 1250s
H73198 23843                    1165155.2708    0.00000   100%   100 1251s
H73265 23879                    1165129.7603    0.00000   100%   100 1252s
H73389 23929                    1163982.1458    0.00000   100%   100 1253s
H73496 24016                    1163955.8672    0.00000   100%   100 1255s
H73604 24077                    1163479.8411    0.00000   100%   100 1257s
H73740 24137                    1163304.5299    0.00000   100%   100 1259s
 73793 24166 infeasible   79      1163304.53    0.00000   100%   100 1260s
H73824 24170                    1163301.3167    0.00000   100%   100 1261s
H73903 24224                    1163143.3658    0.00000   100%   100 1262s
 74072 24270 1144219.84   83  228 1163143.37    0.00000   100%   101 1265s
H74084 24272                    1163143.1093    0.00000   100%   101 1265s
H74162 24309                    1163143.0968    0.00000   100%   101 1267s
 74403 24483 20321.2407   65  246 1163143.10    0.00000   100%   101 1270s
H74575 24557                    1163131.9786    0.00000   100%   101 1273s
H74629 24599                    1163131.7895    0.00000   100%   101 1274s
 74670 24628    0.00000   79  260 1163131.79    0.00000   100%   101 1275s
H74734 24655                    1163130.5090    0.00000   100%   101 1276s
H74789 24662                    1162973.4774    0.00000   100%   101 1277s
H74835 24660                    1162949.4032    0.00000   100%   101 1279s
H74868 24664                    1162949.4024    0.00000   100%   101 1279s
 74879 24663     cutoff   87      1162949.40    0.00000   100%   101 1280s
H75000 24703                    1162946.9901    0.00000   100%   102 1283s
 75109 24757 infeasible   87      1162946.99    0.00000   100%   102 1285s
H75237 24825                    1162931.1699    0.00000   100%   102 1287s
H75289 24844                    1162878.0473    0.00000   100%   102 1288s
H75341 24866                    1162838.7867    0.00000   100%   102 1289s
 75373 24882 321462.088   68  260 1162838.79    0.00000   100%   102 1290s
H75393 24899                    1162604.0198    0.00000   100%   102 1290s
H75551 24949                    1162445.7553    0.00000   100%   102 1294s
 75567 24965 639969.660   80  256 1162445.76    0.00000   100%   102 1295s
H75759 25055                    1162443.3535    0.00000   100%   103 1298s
H75798 25052                    1162182.9233    0.00000   100%   103 1299s
 75840 25087     cutoff   83      1162182.92    0.00000   100%   103 1300s
H75979 25128                    1161979.6564    0.00000   100%   103 1302s
H76005 25140                    1161979.6431    0.00000   100%   103 1303s
 76073 25164 infeasible   79      1161979.64    0.00000   100%   103 1305s
 76381 25334     cutoff   79      1161979.64    0.00000   100%   103 1310s
H76428 25332                    1161333.0746    0.00000   100%   103 1311s
 76627 25433 530971.480   75  241 1161333.07    0.00000   100%   104 1315s
H76642 25434                    1161328.0873    0.00000   100%   104 1315s
H76720 25445                    1161135.5777    0.00000   100%   104 1316s
H76800 25485                    1161126.5026    0.00000   100%   104 1318s
 76896 25520     cutoff   81      1161126.50    0.00000   100%   104 1320s
H76960 25527                    1160977.0818    0.00000   100%   104 1321s
H76986 25553                    1160937.4060    0.00000   100%   104 1321s
H77064 25587                    1160937.2795    0.00000   100%   104 1322s
 77161 25613 159358.221   81  293 1160937.28    0.00000   100%   104 1325s
H77353 25696                    1160823.6941    0.00000   100%   105 1328s
 77475 25745 324688.055   73  270 1160823.69    0.00000   100%   105 1330s
H77607 25783                    1160797.3906    0.00000   100%   105 1332s
H77615 25791                    1160797.3688    0.00000   100%   105 1333s
 77738 25861 infeasible   73      1160797.37    0.00000   100%   105 1335s
H77771 25870                    1160306.7877    0.00000   100%   105 1336s
H77849 25907                    1160305.1979    0.00000   100%   105 1338s
H77875 25918                    1159987.2986    0.00000   100%   105 1338s
H77902 25927                    1159708.1081    0.00000   100%   105 1339s
 77917 25931 217566.475   54  296 1159708.11    0.00000   100%   105 1340s
H77954 25966                    1159600.8935    0.00000   100%   105 1340s
 78100 26059 402992.314   75  237 1159600.89    0.00000   100%   105 1345s
H78112 26068                    1159597.9946    0.00000   100%   105 1345s
H78138 26066                    1159570.1034    0.00000   100%   105 1346s
 78294 26168 585905.938   76  247 1159570.10    0.00000   100%   105 1350s
 78442 26267 989323.865   87  215 1159570.10    0.00000   100%   105 1355s
 78664 26388 1038991.66   71  242 1159570.10    0.00000   100%   106 1360s
H78681 26394                    1159480.6368    0.00000   100%   106 1360s
 78842 26483 772983.267   75  265 1159480.64    0.00000   100%   106 1365s
H78948 26551                    1159473.2070    0.00000   100%   106 1367s
 79016 26569 infeasible   74      1159473.21    0.00000   100%   106 1370s
H79052 26590                    1159199.7307    0.00000   100%   106 1370s
 79206 26648 918918.771   84  267 1159199.73    0.00000   100%   106 1375s
H79368 26708                    1157803.2091    0.00000   100%   106 1378s
H79424 26726                    1157745.9169    0.00000   100%   106 1379s
 79497 26781 infeasible   99      1157745.92    0.00000   100%   106 1380s
H79606 26833                    1157545.8038    0.00000   100%   106 1381s
H79702 26889                    1157533.9806    0.00000   100%   106 1383s
 79807 26930 641803.286   78  255 1157533.98    0.00000   100%   107 1385s
H79938 26990                    1157469.1998    0.00000   100%   107 1388s
 80007 27019 689456.386   80  235 1157469.20    0.00000   100%   107 1390s
H80012 27022                    1157461.7217    0.00000   100%   107 1390s
H80252 27174                    1157443.8949    0.00000   100%   107 1393s
H80278 27191                    1157308.2809    0.00000   100%   107 1394s
 80305 27204 649004.639   97  227 1157308.28    0.00000   100%   107 1395s
H80330 27209                    1157299.0562    0.00000   100%   107 1395s
 80513 27278 221238.945   60  295 1157299.06    0.00000   100%   107 1401s
H80648 27371                    1157050.5821    0.00000   100%   107 1403s
 80724 27428     cutoff   79      1157050.58    0.00000   100%   107 1405s
H80784 27457                    1157037.6655    0.00000   100%   107 1405s
H80947 27514                    1156979.3248    0.00000   100%   108 1409s
 80999 27548 1000309.72   82  230 1156979.32    0.00000   100%   108 1410s
H81019 27543                    1156957.4058    0.00000   100%   108 1410s
 81302 27682 infeasible   98      1156957.41    0.00000   100%   108 1415s
 81660 27917 14221.7238   64  250 1156957.41    0.00000   100%   108 1420s
 81979 28095    0.00000   63  267 1156957.41    0.00000   100%   108 1425s
H82016 28110                    1156934.1920    0.00000   100%   108 1425s
H82250 28213                    1156928.8315    0.00000   100%   109 1430s
 82527 28375 1074228.58   76  215 1156928.83    0.00000   100%   109 1435s
 82756 28457 445810.185   75  264 1156928.83    0.00000   100%   109 1440s
H82915 28518                    1156923.9986    0.00000   100%   110 1443s
H83027 28527                    1156339.1521    0.00000   100%   110 1445s
H83241 28606                    1156338.5292    0.00000   100%   110 1449s
 83278 28628 937757.382   83  281 1156338.53    0.00000   100%   110 1450s
 83570 28783 518007.351   84  248 1156338.53    0.00000   100%   110 1455s
 83858 28883     cutoff   79      1156338.53    0.00000   100%   110 1460s
H84021 28935                    1156188.8705    0.00000   100%   111 1463s
 84125 28993 infeasible   80      1156188.87    0.00000   100%   111 1465s
H84185 29007                    1156184.8208    0.00000   100%   111 1466s
 84373 29076 861226.217   92  282 1156184.82    0.00000   100%   111 1470s
 84676 29196 98047.2543   63  261 1156184.82    0.00000   100%   111 1475s
 84949 29349 100392.453   74  264 1156184.82    0.00000   100%   111 1480s
 85319 29559 481768.233   85  252 1156184.82    0.00000   100%   112 1485s
 85610 29698 1152015.74   86  229 1156184.82    0.00000   100%   112 1490s
 85850 29848 17493.3608   67  233 1156184.82    0.00000   100%   112 1495s
 86149 30013 infeasible  114      1156184.82    0.00000   100%   112 1500s
H86268 30043                    1156160.9257    0.00000   100%   112 1502s
 86432 30133 infeasible  100      1156160.93    0.00000   100%   112 1505s
 86717 30282 523102.449   79  225 1156160.93    0.00000   100%   113 1510s
H86932 30368                    1156155.6807    0.00000   100%   113 1514s
 86986 30420 585369.749   83  242 1156155.68    0.00000   100%   113 1515s
 87252 30570    0.00000   60  277 1156155.68    0.00000   100%   113 1520s
H87464 30669                    1156151.9434    0.00000   100%   113 1524s
 87499 30694 infeasible   91      1156151.94    0.00000   100%   113 1525s
H87516 30701                    1156032.0628    0.00000   100%   113 1525s
H87781 30838                    1155902.9836    0.00000   100%   114 1530s
H87807 30846                    1155902.8794    0.00000   100%   114 1530s
H87808 30847                    1155896.4710    0.00000   100%   114 1530s
H87834 30868                    1155879.6495    0.00000   100%   114 1531s
 88036 30969 infeasible   97      1155879.65    0.00000   100%   114 1535s
H88081 31002                    1155868.0758    0.00000   100%   114 1535s
H88111 31021                    1155836.0480    0.00000   100%   114 1536s
 88371 31159 410282.987   60  237 1155836.05    0.00000   100%   114 1540s
 88687 31334 196532.038   77  258 1155836.05    0.00000   100%   114 1545s
 88960 31441     cutoff   88      1155836.05    0.00000   100%   114 1550s
H89142 31516                    1155817.8165    0.00000   100%   115 1554s
H89168 31532                    1155794.6924    0.00000   100%   115 1554s
 89188 31541 158479.830   62  256 1155794.69    0.00000   100%   115 1555s
H89205 31555                    1155765.5500    0.00000   100%   115 1555s
H89353 31642                    1155760.2767    0.00000   100%   115 1558s
 89431 31688 949408.952   99  250 1155760.28    0.00000   100%   115 1560s
 89725 31833 158479.830   64  270 1155760.28    0.00000   100%   115 1565s
H90021 32003                    1155699.8010    0.00000   100%   115 1569s
 90073 32037 872372.455   77  219 1155699.80    0.00000   100%   115 1570s
H90246 32110                    1155676.6565    0.00000   100%   115 1572s
H90360 32171                    1155660.0281    0.00000   100%   115 1574s
 90420 32202 infeasible   73      1155660.03    0.00000   100%   115 1575s
 90655 32350 156980.832   60  267 1155660.03    0.00000   100%   115 1580s
H90757 32425                    1155643.0786    0.00000   100%   115 1582s
H90838 32480                    1155566.5623    0.00000   100%   115 1583s
 90961 32552 872702.051   83  225 1155566.56    0.00000   100%   115 1585s
H90975 32548                    1155556.4380    0.00000   100%   115 1585s
 91205 32621 568101.431   71  240 1155556.44    0.00000   100%   116 1590s
H91416 32722                    1155554.7899    0.00000   100%   116 1594s
 91457 32761     cutoff   83      1155554.79    0.00000   100%   116 1595s
 91766 32912 965995.016   64  252 1155554.79    0.00000   100%   116 1600s
 92109 33065 664252.460   81  241 1155554.79    0.00000   100%   116 1605s
H92277 33149                    1155553.4541    0.00000   100%   117 1607s
 92407 33220 13691.5445   60  257 1155553.45    0.00000   100%   117 1610s
H92433 33242                    1155545.8044    0.00000   100%   117 1610s
 92571 33311     cutoff   82      1155545.80    0.00000   100%   117 1615s
H92575 33309                    1155539.3246    0.00000   100%   117 1615s
 92826 33452 infeasible   63      1155539.32    0.00000   100%   117 1620s
H92909 33482                    1155536.4986    0.00000   100%   117 1621s
 93094 33613 184052.680   84  253 1155536.50    0.00000   100%   117 1625s
 93429 33786 965823.440   70  235 1155536.50    0.00000   100%   117 1630s
 93690 33899 981024.609   99  235 1155536.50    0.00000   100%   117 1635s
 93867 34014 1026396.96   97  230 1155536.50    0.00000   100%   117 1640s
H93947 34048                    1155472.8800    0.00000   100%   117 1642s
 94059 34110 1045521.40   87  224 1155472.88    0.00000   100%   118 1645s
H94177 34160                    1155469.1978    0.00000   100%   118 1648s
 94191 34162 624022.944   68  226 1155469.20    0.00000   100%   118 1650s
H94280 34209                    1155448.6263    0.00000   100%   118 1652s
H94332 34241                    1155444.8820    0.00000   100%   118 1654s
 94364 34261 16523.6997   59  267 1155444.88    0.00000   100%   118 1655s
 94605 34426 127462.100   76  274 1155444.88    0.00000   100%   118 1660s
H94618 34432                    1155423.1631    0.00000   100%   118 1660s
 94814 34531 infeasible   68      1155423.16    0.00000   100%   118 1665s
H94930 34564                    1155361.5208    0.00000   100%   118 1669s
H94970 34598                    1155360.2830    0.00000   100%   118 1669s
 94971 34601 1105077.36   95  245 1155360.28    0.00000   100%   118 1670s
H95000 34594                    1155150.1467    0.00000   100%   118 1671s
 95135 34677 671233.710   89  245 1155150.15    0.00000   100%   118 1675s
 95284 34740 16523.6997   53  256 1155150.15    0.00000   100%   118 1680s
 95571 34937     cutoff   95      1155150.15    0.00000   100%   118 1685s
 95715 34988 212829.516   69  249 1155150.15    0.00000   100%   118 1690s
H95825 35037                    1155148.7233    0.00000   100%   119 1694s
 95837 35039 1093087.21   89  215 1155148.72    0.00000   100%   119 1695s
H95934 35101                    1155146.5900    0.00000   100%   119 1696s
 96123 35191 215631.078   62  264 1155146.59    0.00000   100%   119 1700s
H96169 35233                    1155137.4755    0.00000   100%   119 1700s
H96293 35315                    1155119.6584    0.00000   100%   119 1702s
 96422 35399 401282.702   49  262 1155119.66    0.00000   100%   119 1705s
H96532 35474                    1154981.7279    0.00000   100%   119 1706s
 96718 35542 203721.719   72  250 1154981.73    0.00000   100%   119 1710s
 96985 35692 60903.4429   73  249 1154981.73    0.00000   100%   119 1715s
 97195 35828 772203.363   81  235 1154981.73    0.00000   100%   119 1720s
 97396 35952 1056872.50  100  246 1154981.73    0.00000   100%   119 1725s
H97605 36095                    1154971.8719    0.00000   100%   119 1730s
H97722 36168                    1154925.6776    0.00000   100%   119 1733s
 97820 36234 129969.332   69  248 1154925.68    0.00000   100%   119 1735s
H98002 36328                    1154825.4621    0.00000   100%   119 1740s
H98076 36370                    1154825.0849    0.00000   100%   119 1742s
 98155 36361 infeasible   84      1154825.08    0.00000   100%   119 1745s
H98315 36438                    1154782.3741    0.00000   100%   119 1749s
 98373 36494 infeasible   87      1154782.37    0.00000   100%   119 1750s
H98384 36486                    1154771.9039    0.00000   100%   119 1751s
 98526 36567 995738.977   73  222 1154771.90    0.00000   100%   119 1755s
 98730 36704 370118.044   69  256 1154771.90    0.00000   100%   119 1760s
 98922 36812 926967.450  100  225 1154771.90    0.00000   100%   120 1765s
 99138 36969 1080235.14   90  210 1154771.90    0.00000   100%   120 1770s
H99139 36968                    1154771.8915    0.00000   100%   120 1770s
 99245 36999 1028855.65   60  229 1154771.89    0.00000   100%   120 1775s
 99429 37106 1012380.14  107  206 1154771.89    0.00000   100%   120 1780s
 99623 37215 infeasible   93      1154771.89    0.00000   100%   120 1785s
 99797 37337 28888.3109   77  238 1154771.89    0.00000   100%   120 1790s
 99998 37455 134866.941   51  266 1154771.89    0.00000   100%   120 1795s
 100229 37599 134866.941   64  263 1154771.89    0.00000   100%   120 1800s
 100400 37672 884525.301   86  258 1154771.89    0.00000   100%   120 1805s
 100599 37755 158479.830   71  257 1154771.89    0.00000   100%   120 1810s
H100741 37822                    1154767.9448    0.00000   100%   120 1813s
 100799 37865 826423.489   90  251 1154767.94    0.00000   100%   120 1817s
 100891 37931 912264.596   87  209 1154767.94    0.00000   100%   120 1820s
 101074 38042 1075302.75   67  237 1154767.94    0.00000   100%   120 1825s
H101207 38139                    1154748.2819    0.00000   100%   120 1828s
 101254 38162     cutoff   88      1154748.28    0.00000   100%   120 1830s
H101358 38229                    1154739.3544    0.00000   100%   120 1833s
H101363 38234                    1154726.3231    0.00000   100%   120 1833s
 101413 38258     cutoff   77      1154726.32    0.00000   100%   120 1835s
 101617 38367 27507.8458   63  252 1154726.32    0.00000   100%   121 1840s
H101626 38372                    1154699.0183    0.00000   100%   121 1840s
 101750 38437 infeasible   76      1154699.02    0.00000   100%   121 1845s
H101883 38511                    1154697.3497    0.00000   100%   121 1849s
 101912 38542 953983.773   97  203 1154697.35    0.00000   100%   121 1850s
 102107 38650 infeasible   86      1154697.35    0.00000   100%   121 1855s
 102253 38698 infeasible   76      1154697.35    0.00000   100%   121 1860s
 102421 38768 271613.894   78  256 1154697.35    0.00000   100%   121 1865s
 102555 38841     cutoff   82      1154697.35    0.00000   100%   121 1870s
 102743 38945 685405.304   85  230 1154697.35    0.00000   100%   121 1875s
 102917 39000 374804.898   81  237 1154697.35    0.00000   100%   121 1880s
 103053 39052 667328.435   82  231 1154697.35    0.00000   100%   121 1885s
H103074 39053                    1154692.2663    0.00000   100%   121 1885s
H103260 39153                    1154682.9129    0.00000   100%   122 1889s
 103266 39161 216988.263   58  297 1154682.91    0.00000   100%   122 1890s
H103469 39328                    1154677.9537    0.00000   100%   121 1894s
 103495 39342 infeasible   93      1154677.95    0.00000   100%   121 1895s
 103648 39401 490249.574   73  251 1154677.95    0.00000   100%   122 1900s
H103773 39440                    1154669.0363    0.00000   100%   122 1904s
 103794 39451 899343.473   75  235 1154669.04    0.00000   100%   122 1905s
 103965 39554 759311.790   87  264 1154669.04    0.00000   100%   122 1910s
 104188 39633 1077751.98   89  274 1154669.04    0.00000   100%   122 1915s
 104391 39744 176561.427   74  249 1154669.04    0.00000   100%   122 1920s
 104614 39884     cutoff   72      1154669.04    0.00000   100%   122 1925s
H104707 39937                    1154481.2193    0.00000   100%   122 1928s
 104799 39990 infeasible   66      1154481.22    0.00000   100%   122 1930s
H104920 40040                    1154479.8350    0.00000   100%   122 1933s
 105010 40088     cutoff   87      1154479.84    0.00000   100%   122 1935s
H105208 40198                    1154471.3985    0.00000   100%   122 1940s
H105306 40242                    1154467.5047    0.00000   100%   122 1942s
 105391 40287 252316.014   74  255 1154467.50    0.00000   100%   122 1945s
 105568 40368 741010.697   63  253 1154467.50    0.00000   100%   122 1950s
H105621 40399                    1154459.9715    0.00000   100%   122 1951s
 105750 40466 832586.241   67  231 1154459.97    0.00000   100%   122 1955s
 105904 40563 965653.661   96  229 1154459.97    0.00000   100%   123 1960s
 106083 40673     cutoff   80      1154459.97    0.00000   100%   123 1965s
 106267 40785 796368.566   91  243 1154459.97    0.00000   100%   123 1970s
 106493 40924 infeasible   96      1154459.97    0.00000   100%   123 1975s
H106549 40938                    1154449.7347    0.00000   100%   123 1977s
 106679 41012 infeasible   91      1154449.73    0.00000   100%   123 1980s
 106887 41122 966278.104   91  242 1154449.73    0.00000   100%   123 1985s
 107071 41196 268548.721   76  262 1154449.73    0.00000   100%   123 1990s
 107252 41273 infeasible   72      1154449.73    0.00000   100%   123 1995s
 107432 41389     cutoff   85      1154449.73    0.00000   100%   123 2000s
H107579 41448                    1154446.7066    0.00000   100%   123 2004s
 107582 41449 5054.75856   54  275 1154446.71    0.00000   100%   123 2005s
 107766 41545 835263.052   58  248 1154446.71    0.00000   100%   123 2010s
H107871 41605                    1154444.2056    0.00000   100%   123 2013s
 108002 41722 infeasible   94      1154444.21    0.00000   100%   123 2015s
H108157 41785                    1154423.0823    0.00000   100%   123 2019s
 108194 41808     cutoff   94      1154423.08    0.00000   100%   123 2020s
 108384 41894 191313.713   74  265 1154423.08    0.00000   100%   123 2025s
 108565 42000 859264.281   78  230 1154423.08    0.00000   100%   123 2030s
 108763 42139 1116998.64  101  213 1154423.08    0.00000   100%   123 2035s
H108899 42227                    1154420.3039    0.00000   100%   123 2037s
 108985 42280 71817.8465   46  309 1154420.30    0.00000   100%   123 2040s
H109216 42432                    1154417.0126    0.00000   100%   123 2044s
 109247 42451     cutoff   78      1154417.01    0.00000   100%   124 2045s
H109450 42597                    1154389.8564    0.00000   100%   124 2049s
 109487 42626 532183.021   56  237 1154389.86    0.00000   100%   124 2050s
 109714 42793 infeasible   69      1154389.86    0.00000   100%   123 2055s
H109740 42802                    1154374.9527    0.00000   100%   124 2056s
H109886 42916                    1154366.8477    0.00000   100%   123 2058s
 109941 42961 883316.041   85  222 1154366.85    0.00000   100%   123 2060s
H110025 43020                    1154344.5853    0.00000   100%   123 2061s
 110175 43098 972599.700   55  251 1154344.59    0.00000   100%   123 2065s
H110210 43117                    1154344.5829    0.00000   100%   123 2065s
 110342 43209 1117433.73   89  200 1154344.58    0.00000   100%   123 2070s
H110366 43223                    1154344.5753    0.00000   100%   123 2070s
 110487 43305 626054.933   63  213 1154344.58    0.00000   100%   124 2075s
H110501 43317                    1154342.9210    0.00000   100%   124 2076s
 110670 43435 405469.942   63  236 1154342.92    0.00000   100%   124 2080s
H110941 43675                    1154325.4756    0.00000   100%   124 2085s
H111124 43854                    1154320.5751    0.00000   100%   123 2087s
 111438 44124 997546.546  447  168 1154320.58    0.00000   100%   123 2090s
H111713 44303                    1154298.4276    0.00000   100%   123 2092s
 111945 44439 infeasible   93      1154298.43    0.00000   100%   123 2095s
 112111 44544 472292.837   77  268 1154298.43    0.00000   100%   123 2100s
 112304 44661     cutoff   88      1154298.43    0.00000   100%   123 2105s
 112450 44759 1131057.85   81  259 1154298.43    0.00000   100%   123 2110s
 112590 44836 16523.6997   54  285 1154298.43    0.00000   100%   123 2115s
 112762 44959 317811.555   49  233 1154298.43    0.00000   100%   123 2120s
 112971 45097 750721.778   71  247 1154298.43    0.00000   100%   123 2125s
 113136 45180 infeasible   68      1154298.43    0.00000   100%   123 2130s
H113248 45252                    1154251.9737    0.00000   100%   123 2133s
 113306 45299 1008722.78   77  285 1154251.97    0.00000   100%   123 2135s
H113495 45431                    1154231.3930    0.00000   100%   123 2138s
 113558 45494 infeasible   73      1154231.39    0.00000   100%   123 2140s
 113847 45710 infeasible  118      1154231.39    0.00000   100%   123 2145s
 114292 45907     cutoff  274      1154231.39    0.00000   100%   123 2150s
 114570 46004 745456.445   78  219 1154231.39    0.00000   100%   123 2155s
 114860 46192 1058146.12   97  220 1154231.39    0.00000   100%   123 2160s
 115162 46370 1001033.90   72  255 1154231.39    0.00000   100%   124 2165s
H115253 46416                    1154212.7302    0.00000   100%   124 2167s
H115285 46441                    1154210.2687    0.00000   100%   124 2167s
 115444 46532 1003970.31  102  247 1154210.27    0.00000   100%   124 2170s
 115719 46672 178949.532   77  266 1154210.27    0.00000   100%   124 2175s
H116010 46824                    1154162.0723    0.00000   100%   124 2179s
 116011 46824 infeasible   85      1154162.07    0.00000   100%   124 2180s
H116036 46847                    1154159.8152    0.00000   100%   124 2181s
 116218 46973 723474.110   61  240 1154159.82    0.00000   100%   124 2185s
 116420 47068 infeasible  111      1154159.82    0.00000   100%   124 2190s
 116708 47277 292822.155   67  253 1154159.82    0.00000   100%   124 2195s
H116925 47438                    1154157.4826    0.00000   100%   124 2198s
H117064 47543                    1154127.9015    0.00000   100%   124 2199s
 117114 47595 808717.183  107  240 1154127.90    0.00000   100%   124 2200s
 117443 47805 271936.416   76  253 1154127.90    0.00000   100%   124 2205s
H117595 47901                    1154079.9547    0.00000   100%   124 2208s
 117661 47969 801695.012   84  249 1154079.95    0.00000   100%   124 2210s
 117847 48080 396623.848   83  265 1154079.95    0.00000   100%   124 2215s
H117997 48167                    1154077.1002    0.00000   100%   124 2218s
 118042 48196 1085809.89   91  234 1154077.10    0.00000   100%   124 2220s
 118207 48264 323499.652   70  277 1154077.10    0.00000   100%   124 2225s
 118377 48331 820127.873   43  311 1154077.10    0.00000   100%   124 2230s
 118525 48371 infeasible   83      1154077.10    0.00000   100%   124 2235s
H118672 48444                    1154072.4939    0.00000   100%   124 2238s
 118719 48481 infeasible   74      1154072.49    0.00000   100%   124 2240s
 118844 48532 321900.903   62  253 1154072.49    0.00000   100%   124 2245s
 118972 48612 982363.366   76  291 1154072.49    0.00000   100%   125 2250s
 119116 48685 195639.890   47  269 1154072.49    0.00000   100%   125 2255s
 119270 48799 796660.509   98  199 1154072.49    0.00000   100%   125 2260s
 119456 48897 infeasible   89      1154072.49    0.00000   100%   125 2265s
 119621 48973 165852.782   76  260 1154072.49    0.00000   100%   125 2270s
 119792 49066 44028.6634   72  235 1154072.49    0.00000   100%   125 2275s
 119988 49166 infeasible   76      1154072.49    0.00000   100%   125 2280s
 120192 49303 242492.708   65  253 1154072.49    0.00000   100%   125 2285s
 120413 49453 323339.728   80  223 1154072.49    0.00000   100%   125 2290s
 120644 49615 913088.482   72  270 1154072.49    0.00000   100%   125 2295s
 120877 49761 785395.474   51  257 1154072.49    0.00000   100%   125 2300s
 121057 49871 111947.698   43  252 1154072.49    0.00000   100%   125 2305s
 121132 49934 880690.843  106  246 1154072.49    0.00000   100%   125 2310s
 121327 50028 infeasible   79      1154072.49    0.00000   100%   125 2315s
 121484 50115 180141.589   49  247 1154072.49    0.00000   100%   125 2320s
 121642 50217 833338.976   82  235 1154072.49    0.00000   100%   125 2325s
 121828 50307 319907.952   67  253 1154072.49    0.00000   100%   125 2330s
 122022 50435 598158.739   83  238 1154072.49    0.00000   100%   125 2335s
 122164 50473 319501.659   67  259 1154072.49    0.00000   100%   126 2340s
 122405 50640 infeasible   64      1154072.49    0.00000   100%   126 2345s
 122576 50746 infeasible   91      1154072.49    0.00000   100%   125 2350s
 122775 50880 1057850.28   92  262 1154072.49    0.00000   100%   126 2355s
 122964 50987 192566.769   81  263 1154072.49    0.00000   100%   126 2360s
 123125 51055 1116192.91   93  228 1154072.49    0.00000   100%   126 2365s
 123308 51148 417139.175   76  216 1154072.49    0.00000   100%   126 2370s
 123519 51265 413371.328   78  246 1154072.49    0.00000   100%   126 2375s
 123698 51369     cutoff   85      1154072.49    0.00000   100%   126 2380s
 123878 51476     cutoff   88      1154072.49    0.00000   100%   126 2385s
 124035 51556 412839.373   72  257 1154072.49    0.00000   100%   126 2390s
 124174 51628 infeasible   67      1154072.49    0.00000   100%   126 2395s
 124418 51795 919172.504   96  219 1154072.49    0.00000   100%   126 2400s
 124582 51903 973503.326   80  228 1154072.49    0.00000   100%   126 2405s
 124773 52010 319938.427   68  241 1154072.49    0.00000   100%   126 2410s
 124954 52088 136544.369   61  277 1154072.49    0.00000   100%   126 2415s
 125341 52407 infeasible   77      1154072.49    0.00000   100%   126 2420s
 125545 52538 701249.026   79  236 1154072.49    0.00000   100%   126 2425s
 125705 52608 1064088.15   82  251 1154072.49    0.00000   100%   126 2430s
 125885 52662 infeasible   87      1154072.49    0.00000   100%   126 2435s
 126064 52757 636627.165   92  266 1154072.49    0.00000   100%   126 2440s
 126154 52808 699233.344   85  217 1154072.49    0.00000   100%   126 2447s
 126239 52856 128470.334   74  245 1154072.49    0.00000   100%   126 2450s
 126422 52947     cutoff   86      1154072.49    0.00000   100%   127 2455s
 126642 53100 380860.565   89  253 1154072.49    0.00000   100%   127 2460s
 126799 53163 176475.633   68  264 1154072.49    0.00000   100%   127 2465s
H126851 53179                    1154070.1489    0.00000   100%   127 2466s
 126968 53235    0.00000   45  301 1154070.15    0.00000   100%   127 2470s
 127151 53333 181640.587   65  269 1154070.15    0.00000   100%   127 2475s
 127333 53421 349045.941   73  240 1154070.15    0.00000   100%   127 2480s
 127487 53521 19723.8032   59  286 1154070.15    0.00000   100%   127 2485s
H127543 53554                    1154069.5929    0.00000   100%   127 2486s
H127595 53579                    1154069.5138    0.00000   100%   127 2488s
 127662 53624 163501.767   52  270 1154069.51    0.00000   100%   127 2490s
 127812 53693    0.00000   75  251 1154069.51    0.00000   100%   127 2495s
 127945 53742     cutoff   86      1154069.51    0.00000   100%   127 2500s
 128092 53806     cutoff   90      1154069.51    0.00000   100%   127 2505s
 128307 53903     cutoff   84      1154069.51    0.00000   100%   127 2510s
 128522 54032 infeasible   91      1154069.51    0.00000   100%   127 2515s
H128708 54166                    1154063.4018    0.00000   100%   127 2519s
 128744 54190 22833.0594   56  270 1154063.40    0.00000   100%   127 2520s
H128786 54226                    1154047.9587    0.00000   100%   127 2520s
 128936 54315 821361.488   83  218 1154047.96    0.00000   100%   127 2525s
 129129 54437    0.00000   52  273 1154047.96    0.00000   100%   127 2530s
 129354 54582 763692.568   81  233 1154047.96    0.00000   100%   127 2535s
H129394 54586                    1154047.6038    0.00000   100%   128 2536s
 129525 54643     cutoff   84      1154047.60    0.00000   100%   128 2540s
 129665 54698 925397.069   58  249 1154047.60    0.00000   100%   128 2545s
 129810 54783 204516.537   73  269 1154047.60    0.00000   100%   128 2550s
 130004 54896 22833.0594   52  261 1154047.60    0.00000   100%   128 2555s
 130196 55005 1014078.85   96  258 1154047.60    0.00000   100%   128 2560s
 130400 55131 127707.222   60  259 1154047.60    0.00000   100%   128 2565s
 130553 55232 966369.334   62  251 1154047.60    0.00000   100%   128 2570s
 130722 55326 337909.108   63  259 1154047.60    0.00000   100%   128 2575s
 130927 55447 5054.75856   56  274 1154047.60    0.00000   100%   128 2580s
 131165 55613     cutoff   94      1154047.60    0.00000   100%   128 2585s
 131305 55686    0.00000   78  251 1154047.60    0.00000   100%   128 2590s
 131477 55755 735230.235   80  232 1154047.60    0.00000   100%   128 2595s
 131645 55827 infeasible   76      1154047.60    0.00000   100%   128 2600s
 131842 55931 161488.380   75  250 1154047.60    0.00000   100%   128 2605s
 132045 56025 145728.856   73  233 1154047.60    0.00000   100%   128 2610s
 132231 56145 484486.730   87  247 1154047.60    0.00000   100%   128 2615s
 132419 56274 967233.743  101  244 1154047.60    0.00000   100%   128 2620s
 132587 56350 13691.5445   64  248 1154047.60    0.00000   100%   128 2625s
 132779 56458 145728.856   55  256 1154047.60    0.00000   100%   128 2630s
 132981 56571 705941.824   74  213 1154047.60    0.00000   100%   128 2635s
H133105 56633                    1153987.1791    0.00000   100%   128 2639s
 133132 56654 221588.732   57  272 1153987.18    0.00000   100%   128 2640s
 133300 56770 infeasible   90      1153987.18    0.00000   100%   128 2645s
H133370 56798                    1153986.0332    0.00000   100%   128 2647s
 133512 56899 1010427.83   57  235 1153986.03    0.00000   100%   128 2650s
 133719 57016 750130.791   84  215 1153986.03    0.00000   100%   128 2655s
 133952 57166 974058.336   97  240 1153986.03    0.00000   100%   128 2660s
 134197 57355 119317.507   70  267 1153986.03    0.00000   100%   128 2665s
 134345 57446 infeasible   73      1153986.03    0.00000   100%   128 2670s
 134468 57511 471469.905   60  266 1153986.03    0.00000   100%   128 2675s
 134714 57676 341014.349   74  263 1153986.03    0.00000   100%   128 2680s
 134907 57831 633381.259   90  202 1153986.03    0.00000   100%   128 2685s
 135160 58002     cutoff  126      1153986.03    0.00000   100%   128 2690s
 135394 58149 infeasible   82      1153986.03    0.00000   100%   128 2695s
 135569 58262 980976.860  101  243 1153986.03    0.00000   100%   128 2700s
 135755 58402 786822.656   88  256 1153986.03    0.00000   100%   128 2705s
 135927 58448 120248.765   72  272 1153986.03    0.00000   100%   129 2710s
 136122 58582    0.00000   71  262 1153986.03    0.00000   100%   129 2715s
 136296 58641 938248.235   84  206 1153986.03    0.00000   100%   129 2720s
 136436 58723 infeasible   96      1153986.03    0.00000   100%   129 2725s
H136569 58812                    1153966.3481    0.00000   100%   129 2729s
 136593 58818     cutoff   88      1153966.35    0.00000   100%   129 2730s
 136779 58918 905064.953   81  200 1153966.35    0.00000   100%   129 2735s
 136950 58985 445321.653   73  227 1153966.35    0.00000   100%   129 2740s
 137102 59054 982995.939   95  224 1153966.35    0.00000   100%   129 2745s
 137290 59141 33287.5986   71  253 1153966.35    0.00000   100%   129 2750s
 137485 59256 infeasible   90      1153966.35    0.00000   100%   129 2755s
 137651 59334     cutoff   88      1153966.35    0.00000   100%   130 2760s
 137800 59371 957534.023   77  223 1153966.35    0.00000   100%   130 2765s
 137982 59483     cutoff   92      1153966.35    0.00000   100%   130 2770s
H138090 59527                    1153914.4723    0.00000   100%   130 2773s
H138116 59538                    1153905.4160    0.00000   100%   130 2774s
 138151 59549     cutoff   83      1153905.42    0.00000   100%   130 2775s
 138335 59620 infeasible   73      1153905.42    0.00000   100%   130 2780s
 138564 59748     cutoff   81      1153905.42    0.00000   100%   130 2785s
 138731 59822 975952.546   95  234 1153905.42    0.00000   100%   130 2790s
 138907 59890 infeasible   89      1153905.42    0.00000   100%   130 2795s
H139058 59963                    1153892.0026    0.00000   100%   130 2798s
 139129 60004     cutoff   80      1153892.00    0.00000   100%   130 2800s
 139291 60039 infeasible   72      1153892.00    0.00000   100%   130 2805s
H139486 60115                    1153881.9911    0.00000   100%   130 2810s
 139636 60197 1083557.84   87  247 1153881.99    0.00000   100%   131 2815s
H139677 60205                    1153872.9895    0.00000   100%   131 2816s
 139785 60239     cutoff   84      1153872.99    0.00000   100%   131 2820s
 139957 60321 119600.918   68  286 1153872.99    0.00000   100%   131 2825s
 140130 60377 175175.416   77  282 1153872.99    0.00000   100%   131 2830s
H140310 60479                    1153866.2618    0.00000   100%   131 2835s
 140514 60574 728368.310   86  249 1153866.26    0.00000   100%   131 2840s
 140715 60637 infeasible   88      1153866.26    0.00000   100%   131 2845s
 140913 60731 infeasible   84      1153866.26    0.00000   100%   131 2850s
H141027 60781                    1153848.0568    0.00000   100%   131 2853s
 141068 60800 infeasible   89      1153848.06    0.00000   100%   131 2855s
 141206 60856 602084.453   82  262 1153848.06    0.00000   100%   131 2860s
 141356 60903 135512.472   74  265 1153848.06    0.00000   100%   131 2865s
H141464 60972                    1153840.8474    0.00000   100%   132 2870s
 141627 61054 549995.083   84  276 1153840.85    0.00000   100%   132 2875s
 141798 61123 961619.357   88  255 1153840.85    0.00000   100%   132 2880s
 141994 61223 infeasible   91      1153840.85    0.00000   100%   132 2885s
 142169 61284 129969.332   68  270 1153840.85    0.00000   100%   132 2890s
 142364 61390     cutoff   81      1153840.85    0.00000   100%   132 2895s
 142517 61451 150211.138   78  293 1153840.85    0.00000   100%   132 2900s
 142691 61549 910437.057   96  245 1153840.85    0.00000   100%   132 2905s
 142865 61600 infeasible   92      1153840.85    0.00000   100%   132 2910s
H142901 61610                    1153807.4756    0.00000   100%   132 2911s
 143048 61671 120126.055   75  272 1153807.48    0.00000   100%   132 2915s
 143212 61743 infeasible  105      1153807.48    0.00000   100%   132 2920s
 143389 61824 infeasible   88      1153807.48    0.00000   100%   132 2925s
 143542 61892 infeasible   74      1153807.48    0.00000   100%   132 2930s
H143620 61920                    1153793.1377    0.00000   100%   132 2932s
 143676 61920 874344.612   91  235 1153793.14    0.00000   100%   132 2935s
 143813 61953     cutoff   84      1153793.14    0.00000   100%   133 2940s
H143841 61962                    1153788.3354    0.00000   100%   133 2941s
 143957 62017 978735.469   82  209 1153788.34    0.00000   100%   133 2945s
 144141 62121 infeasible   69      1153788.34    0.00000   100%   133 2950s
 144315 62218 265994.089   79  260 1153788.34    0.00000   100%   133 2955s
 144500 62279 infeasible   75      1153788.34    0.00000   100%   133 2960s
H144592 62343                    1153780.5888    0.00000   100%   133 2962s
H144644 62373                    1153777.3990    0.00000   100%   133 2963s
 144769 62453    0.00000   68  243 1153777.40    0.00000   100%   133 2965s
 145073 62581 infeasible   74      1153777.40    0.00000   100%   133 2970s
 145367 62698 733978.408   75  230 1153777.40    0.00000   100%   133 2975s
 145609 62794 904979.264   87  247 1153777.40    0.00000   100%   133 2980s
 145901 62934 21442.3325   75  239 1153777.40    0.00000   100%   133 2985s
 146171 63029 812480.897   77  230 1153777.40    0.00000   100%   134 2990s
 146439 63124 957363.787   90  241 1153777.40    0.00000   100%   134 2995s
H146461 63120                    1153768.0697    0.00000   100%   134 2996s
 146643 63225    0.00000   70  261 1153768.07    0.00000   100%   134 3000s
H146803 63270                    1153765.4457    0.00000   100%   134 3002s
 146928 63348 1052952.40   93  234 1153765.45    0.00000   100%   134 3005s
 147184 63440     cutoff   82      1153765.45    0.00000   100%   134 3010s
H147207 63455                    1153760.0740    0.00000   100%   134 3010s
 147436 63554 988789.290   81  224 1153760.07    0.00000   100%   134 3015s
 147724 63694 129969.332   74  248 1153760.07    0.00000   100%   134 3020s
 147988 63809 infeasible   90      1153760.07    0.00000   100%   134 3025s
 148257 63959 920867.526   87  235 1153760.07    0.00000   100%   135 3030s
 148541 64065 infeasible   90      1153760.07    0.00000   100%   135 3035s
 148810 64155 236620.482   71  257 1153760.07    0.00000   100%   135 3040s
 149053 64271     cutoff   80      1153760.07    0.00000   100%   135 3045s
 149352 64445 infeasible   92      1153760.07    0.00000   100%   135 3050s
H149499 64501                    1153757.0543    0.00000   100%   135 3053s
 149570 64531     cutoff   86      1153757.05    0.00000   100%   135 3055s
 149869 64666 874569.511   78  215 1153757.05    0.00000   100%   135 3060s
 150134 64815 119768.820   71  284 1153757.05    0.00000   100%   135 3065s
H150362 64913                    1153750.0399    0.00000   100%   135 3069s
 150406 64927 1011510.18   84  228 1153750.04    0.00000   100%   135 3070s
 150680 65062 808239.630   84  259 1153750.04    0.00000   100%   136 3075s
 150969 65185 infeasible   89      1153750.04    0.00000   100%   136 3080s
H151153 65268                    1153747.4275    0.00000   100%   136 3083s
 151252 65317 20690.7450   71  268 1153747.43    0.00000   100%   136 3085s
 151485 65420 infeasible   90      1153747.43    0.00000   100%   136 3090s
H151599 65455                    1153744.6500    0.00000   100%   136 3094s
 151664 65484     cutoff   93      1153744.65    0.00000   100%   136 3095s
 151914 65597 921605.979   83  267 1153744.65    0.00000   100%   136 3100s
H151944 65613                    1153742.3945    0.00000   100%   136 3100s
 152166 65710 347764.127   75  242 1153742.39    0.00000   100%   136 3105s
 152462 65852 793418.150   80  226 1153742.39    0.00000   100%   136 3110s
 152705 65937     cutoff   87      1153742.39    0.00000   100%   136 3115s
 152955 66021 1130610.72   86  254 1153742.39    0.00000   100%   136 3120s
H152981 66037                    1153736.4762    0.00000   100%   136 3120s
 153219 66123 140882.034   74  260 1153736.48    0.00000   100%   137 3125s
H153375 66196                    1153736.4685    0.00000   100%   137 3127s
 153544 66260 962541.491   92  245 1153736.47    0.00000   100%   137 3130s
 153854 66397 infeasible   94      1153736.47    0.00000   100%   137 3135s
 154194 66613 infeasible   90      1153736.47    0.00000   100%   137 3140s
 154416 66665 369936.321   76  270 1153736.47    0.00000   100%   137 3145s
 154684 66793 infeasible   94      1153736.47    0.00000   100%   137 3150s
 155001 66993 1030439.99   84  279 1153736.47    0.00000   100%   137 3155s
 155259 67094 786718.455   80  227 1153736.47    0.00000   100%   137 3160s
 155547 67233 655507.477   77  227 1153736.47    0.00000   100%   137 3165s
H155855 67375                    1153731.3883    0.00000   100%   137 3170s
 156132 67493 1115189.90   96  246 1153731.39    0.00000   100%   138 3175s
 156364 67617 129969.332   59  267 1153731.39    0.00000   100%   138 3180s
 156563 67712 infeasible   70      1153731.39    0.00000   100%   138 3185s
 156745 67822     cutoff   83      1153731.39    0.00000   100%   138 3190s
H156856 67871                    1153729.0800    0.00000   100%   138 3191s
 157047 67950 infeasible   91      1153729.08    0.00000   100%   138 3195s
H157220 68070                    1153716.7623    0.00000   100%   138 3197s
 157431 68215     cutoff   90      1153716.76    0.00000   100%   138 3200s
 157667 68292     cutoff   80      1153716.76    0.00000   100%   138 3205s
H157806 68340                    1153713.4414    0.00000   100%   138 3207s
H157884 68376                    1153695.9831    0.00000   100%   138 3209s
 157927 68407 666268.414   76  215 1153695.98    0.00000   100%   138 3210s
 158230 68539    0.00000   64  253 1153695.98    0.00000   100%   138 3215s
 158473 68637 129969.332   78  245 1153695.98    0.00000   100%   138 3220s
 158796 68810 infeasible   93      1153695.98    0.00000   100%   138 3225s
 159051 68956 infeasible   81      1153695.98    0.00000   100%   138 3230s
 159296 69079 811251.389   69  246 1153695.98    0.00000   100%   138 3235s
 159628 69269 617351.870   72  264 1153695.98    0.00000   100%   138 3240s
 159952 69413 infeasible   89      1153695.98    0.00000   100%   138 3245s
 160303 69647 infeasible   97      1153695.98    0.00000   100%   138 3250s
 160562 69761     cutoff   90      1153695.98    0.00000   100%   139 3255s
 160904 69919 infeasible   91      1153695.98    0.00000   100%   139 3260s
 161184 70034 944780.246   87  276 1153695.98    0.00000   100%   139 3265s
 161481 70176     cutoff   89      1153695.98    0.00000   100%   139 3270s
 161718 70303 infeasible   91      1153695.98    0.00000   100%   139 3275s
 162033 70463 752518.949   87  279 1153695.98    0.00000   100%   139 3280s
 162316 70588 infeasible   98      1153695.98    0.00000   100%   139 3285s
 162592 70750 infeasible  114      1153695.98    0.00000   100%   139 3290s
 162850 70838 infeasible   95      1153695.98    0.00000   100%   139 3295s
 163028 70934 242663.878   81  246 1153695.98    0.00000   100%   139 3300s
 163228 71030 1106719.87   90  251 1153695.98    0.00000   100%   139 3305s
 163447 71144 infeasible   90      1153695.98    0.00000   100%   139 3310s
 163643 71226 999067.872   83  216 1153695.98    0.00000   100%   139 3315s
H163658 71208                    1153447.9776    0.00000   100%   139 3315s
 163824 71278     cutoff   91      1153447.98    0.00000   100%   139 3320s
H163978 71332                    1153347.6053    0.00000   100%   139 3325s
H164122 71261                    1149742.3497    0.00000   100%   139 3329s
 164149 71285 890572.092   84  254 1149742.35    0.00000   100%   139 3330s
H164162 71228                    1148673.3303    0.00000   100%   139 3330s
H164311 71324                    1148661.5033    0.00000   100%   139 3334s
H164336 71329                    1148625.4778    0.00000   100%   139 3334s
 164338 71333 310539.233   81  252 1148625.48    0.00000   100%   139 3335s
 164594 71459 243786.577   83  253 1148625.48    0.00000   100%   139 3340s
H164657 71494                    1148615.3506    0.00000   100%   139 3341s
H164683 71478                    1148292.5291    0.00000   100%   139 3342s
H164761 71535                    1147906.7122    0.00000   100%   139 3344s
 164785 71541 129969.332   67  267 1147906.71    0.00000   100%   140 3345s
H164787 71541                    1147906.5831    0.00000   100%   140 3345s
 164919 71614 145728.856   55  263 1147906.58    0.00000   100%   140 3350s
H165136 71687                    1145859.1470    0.00000   100%   140 3355s
H165137 71688                    1145859.0921    0.00000   100%   140 3355s
 165357 71839 178987.193   77  245 1145859.09    0.00000   100%   139 3360s
 165574 71981 infeasible   95      1145859.09    0.00000   100%   139 3365s
 165782 72163 infeasible  102      1145859.09    0.00000   100%   139 3370s
H165794 72153                    1145780.5016    0.00000   100%   139 3370s
H165846 72165                    1145177.4528    0.00000   100%   139 3372s
 165931 72191 infeasible   60      1145177.45    0.00000   100%   139 3375s
 166180 72346 193061.843   58  289 1145177.45    0.00000   100%   139 3380s
H166300 72435                    1145162.3042    0.00000   100%   139 3381s
 166430 72518 145728.856   58  259 1145162.30    0.00000   100%   139 3385s
H166474 72560                    1145135.0244    0.00000   100%   139 3387s
 166658 72669 infeasible   65      1145135.02    0.00000   100%   139 3390s
 166784 72756 892210.469   87  217 1145135.02    0.00000   100%   139 3395s
H166892 72792                    1145128.4873    0.00000   100%   139 3398s
 166956 72829 infeasible   98      1145128.49    0.00000   100%   139 3400s
H167004 72834                    1144371.1940    0.00000   100%   139 3401s
H167109 72893                    1144370.4850    0.00000   100%   139 3404s
 167130 72896 infeasible   77      1144370.48    0.00000   100%   139 3405s
H167136 72900                    1144370.4302    0.00000   100%   139 3405s
H167316 73008                    1144202.1079    0.00000   100%   139 3409s
 167344 73029 793009.833   58  236 1144202.11    0.00000   100%   139 3410s
H167355 73027                    1144185.9086    0.00000   100%   139 3410s
 167490 73093 infeasible   62      1144185.91    0.00000   100%   139 3415s
 167644 73148     cutoff   89      1144185.91    0.00000   100%   140 3420s
H167808 73234                    1144103.3105    0.00000   100%   140 3423s
 167911 73292 26906.1747   72  242 1144103.31    0.00000   100%   140 3425s
H168025 73347                    1144097.5811    0.00000   100%   140 3428s
 168128 73411 1090993.13   88  230 1144097.58    0.00000   100%   140 3430s
H168294 73500                    1144094.6884    0.00000   100%   140 3433s
 168373 73557 1016899.06   90  238 1144094.69    0.00000   100%   140 3435s
 168601 73683 413811.887   76  232 1144094.69    0.00000   100%   140 3440s
 168788 73803 717746.134   93  227 1144094.69    0.00000   100%   140 3445s
 168941 73883 1024364.86   62  240 1144094.69    0.00000   100%   140 3450s
H168962 73896                    1144092.7635    0.00000   100%   140 3450s
 169195 74050 130801.215   50  268 1144092.76    0.00000   100%   140 3455s
H169306 74118                    1144063.8559    0.00000   100%   140 3457s
 169383 74171 884961.589   76  237 1144063.86    0.00000   100%   140 3460s
 169552 74222     cutoff   72      1144063.86    0.00000   100%   140 3465s
 169769 74358 914551.233   99  194 1144063.86    0.00000   100%   140 3470s
H169862 74423                    1144053.1078    0.00000   100%   140 3471s
H170020 74523                    1144050.7285    0.00000   100%   140 3474s
 170026 74529 390778.358   60  281 1144050.73    0.00000   100%   140 3475s
H170067 74555                    1144046.0483    0.00000   100%   140 3475s
 170339 74764 199037.161   68  272 1144046.05    0.00000   100%   140 3480s
H170514 74863                    1143569.3419    0.00000   100%   140 3484s
 170532 74865     cutoff  100      1143569.34    0.00000   100%   140 3485s
H170557 74874                    1143563.2587    0.00000   100%   140 3485s
H170736 74998                    1143475.8149    0.00000   100%   140 3489s
 170785 75045 1001203.38   70  289 1143475.81    0.00000   100%   140 3490s
H170803 75051                    1143475.8082    0.00000   100%   140 3490s
 170931 75126    0.00000   44  279 1143475.81    0.00000   100%   140 3495s
 171151 75289 136449.598   79  270 1143475.81    0.00000   100%   140 3500s
 171388 75435 infeasible   91      1143475.81    0.00000   100%   140 3505s
H171475 75458                    1143474.8149    0.00000   100%   140 3507s
 171527 75458 infeasible   93      1143474.81    0.00000   100%   140 3510s
 171688 75540 1067727.93  109  196 1143474.81    0.00000   100%   140 3515s
 171875 75672 117085.591   45  308 1143474.81    0.00000   100%   140 3520s
 172165 75873 infeasible   86      1143474.81    0.00000   100%   140 3525s
H172284 75902                    1143471.7825    0.00000   100%   140 3529s
 172327 75931 infeasible   90      1143471.78    0.00000   100%   140 3530s
H172334 75928                    1143455.7262    0.00000   100%   140 3530s
H172554 76106                    1143444.1267    0.00000   100%   140 3534s
 172580 76121 31349.2902   53  258 1143444.13    0.00000   100%   140 3535s
 172744 76229 185867.669   50  299 1143444.13    0.00000   100%   139 3540s
 172973 76392 24080.6841   57  262 1143444.13    0.00000   100%   139 3545s
 173181 76523 264127.752   60  269 1143444.13    0.00000   100%   139 3550s
 173392 76652 960649.212   83  226 1143444.13    0.00000   100%   139 3555s
H173606 76798                    1143441.2986    0.00000   100%   139 3559s
 173608 76800     cutoff  103      1143441.30    0.00000   100%   139 3560s
 173797 76906     cutoff   84      1143441.30    0.00000   100%   139 3565s
 174047 77061     cutoff   84      1143441.30    0.00000   100%   139 3570s
H174111 77103                    1143435.8444    0.00000   100%   139 3571s
 174294 77223 infeasible   91      1143435.84    0.00000   100%   139 3575s
 174458 77322 264799.763   72  268 1143435.84    0.00000   100%   139 3580s
 174630 77392 611989.661   83  259 1143435.84    0.00000   100%   139 3585s
 174794 77428 infeasible   68      1143435.84    0.00000   100%   139 3590s
 174988 77543     cutoff   74      1143435.84    0.00000   100%   139 3595s

Cutting planes:
  Implied bound: 20
  MIR: 68
  Flow cover: 20
  RLT: 3
  Relax-and-lift: 2

Explored 175121 nodes (24431545 simplex iterations) in 3600.26 seconds (1195.91 work units)
Thread count was 1 (of 24 available processors)

Solution count 10: 1.14344e+06 1.14344e+06 1.14344e+06 ... 1.14357e+06

Time limit reached
Best objective 1.143435844369e+06, best bound 0.000000000000e+00, gap 100.0000%
