
Gurobi 11.0.3 (linux64, Java) logging started qui 18 dez 2025 15:25:10 -03

Set parameter WLSAccessID
Set parameter WLSSecret
Set parameter LicenseID to value 2566693
Academic license 2566693 - for non-commercial use only - registered to ja___@ufv.br
Set parameter NonConvex to value 2
Set parameter TimeLimit to value 3600
Set parameter LogToConsole to value 0
Set parameter MIPGap to value 4.7478399160473358e-08
Set parameter Threads to value 1
Set parameter NodefileDir to value "/home/ps12398/gp-momulap/goalProgrammingMarcos/"
Set parameter NodefileStart to value 0.1
Gurobi Optimizer version 11.0.3 build v11.0.3rc0 (linux64)

CPU model: Intel(R) Xeon(R) CPU           X5650  @ 2.67GHz, instruction set [SSE2]
Thread count: 12 physical cores, 24 logical processors, using up to 1 threads

Academic license 2566693 - for non-commercial use only - registered to ja___@ufv.br
Optimize a model with 62101 rows, 41913 columns and 208058 nonzeros
Model fingerprint: 0xb0fb7874
Model has 149 quadratic constraints
Variable types: 20886 continuous, 21027 integer (144 binary)
Coefficient statistics:
  Matrix range     [7e-03, 6e+06]
  QMatrix range    [7e-03, 1e+05]
  QLMatrix range   [1e+00, 1e+05]
  Objective range  [1e+00, 4e+07]
  Bounds range     [1e+00, 1e+08]
  RHS range        [1e+00, 5e+06]
  QRHS range       [3e-02, 3e-02]
Presolve removed 61160 rows and 40894 columns
Presolve time: 0.14s
Presolved: 2243 rows, 1411 columns, 69462 nonzeros
Presolved model has 2 SOS constraint(s)
Presolved model has 144 bilinear constraint(s)

Solving non-convex MIQCP

Variable types: 561 continuous, 850 integer (146 binary)
Found heuristic solution: objective 1.471765e+07

Root relaxation: objective 0.000000e+00, 518 iterations, 0.02 seconds (0.01 work units)

    Nodes    |    Current Node    |     Objective Bounds      |     Work
 Expl Unexpl |  Obj  Depth IntInf | Incumbent    BestBd   Gap | It/Node Time

     0     0    0.00000    0  196 1.4718e+07    0.00000   100%     -    0s
     0     0    0.00000    0  373 1.4718e+07    0.00000   100%     -    0s
     0     0    0.00000    0  308 1.4718e+07    0.00000   100%     -    1s
     0     0    0.00000    0  308 1.4718e+07    0.00000   100%     -    1s
     0     0    0.00000    0  300 1.4718e+07    0.00000   100%     -    1s
     0     0    0.00000    0  297 1.4718e+07    0.00000   100%     -    2s
H    0     0                    1.169380e+07    0.00000   100%     -    2s
H    0     0                    7302662.8979    0.00000   100%     -    2s
     0     2    0.00000    0  281 7302662.90    0.00000   100%     -    2s
H   78    78                    7070550.2213    0.00000   100%  52.0    3s
H  130   130                    6918460.1631    0.00000   100%  54.4    4s
H  208   208                    6619811.3948    0.00000   100%  64.2    4s
   216   218 3441518.96  136  188 6619811.39    0.00000   100%  62.8    5s
H  234   234                    6401030.5454    0.00000   100%  59.0    5s
H  260   260                    6371169.1029    0.00000   100%  56.5    5s
H  286   286                    6227268.3235    0.00000   100%  51.9    5s
H  420   420                    6045665.1979    0.00000   100%  39.8    6s
  1233  1235 4260142.14 1067  144 6045665.20    0.00000   100%  23.6   10s
H 1328  1328                    5897754.9967    0.00000   100%  22.1   10s
H 1620  1620                    5815802.3100    0.00000   100%  18.4   10s
H 1863  1863                    5619246.3133    0.00000   100%  16.3   11s
H 2550  2551                    5549174.3981    0.00000   100%  12.4   14s
H 2552  2425                    5474726.1439    0.00000   100%  12.4   15s
  2565  2433 4260152.20 1889  214 5474726.14    0.00000   100%  12.4   21s
H 2566  2312                    5368494.6517    0.00000   100%  16.1   23s
  2573  2319    0.00000   18  330 5368494.65    0.00000   100%  16.3   25s
H 2592  2213                    5300340.8859    0.00000   100%  17.1   28s
  2599  2220    0.00000   31  312 5300340.89    0.00000   100%  17.6   30s
  2625  2237    0.00000   44  291 5300340.89    0.00000   100%  18.7   35s
  2649  2253    0.00000   56  304 5300340.89    0.00000   100%  19.1   40s
  2675  2271 99805.1868   69  320 5300340.89    0.00000   100%  19.4   45s
  2706  2291 242196.983   84  301 5300340.89    0.00000   100%  19.5   50s
H 2722  2190                    5300340.2522    0.00000   100%  19.5   52s
  2742  2205 383196.498  102  286 5300340.25    0.00000   100%  19.4   55s
  2769  2223 421844.435  116  273 5300340.25    0.00000   100%  19.3   60s
H 2774  2120                    5299392.7948    0.00000   100%  19.3   61s
  2793  2134 550027.202  128  261 5299392.79    0.00000   100%  19.3   65s
H 2800  2038                    5299392.7943    0.00000   100%  19.2   66s
  2822  2055 962969.812  142  247 5299392.79    0.00000   100%  19.2   70s
H 2826  1961                    5249616.6775    0.00000   100%  19.2   71s
  2841  1973 1050233.72  152  242 5249616.68    0.00000   100%  19.1   75s
H 2852  1889                    5218526.5444    0.00000   100%  19.1   77s
  2872  1904 1343369.40  167  229 5218526.54    0.00000   100%  19.1   80s
H 2878  1821                    5185072.1016    0.00000   100%  19.0   80s
H 2904  1757                    5014803.9452    0.00000   100%  19.0   85s
  2934  1779 2022333.79  198  225 5014803.95    0.00000   100%  19.2   90s
H 2956  1715                    4989611.4589    0.00000   100%  19.4   93s
H 2958  1643                    4945839.8367    0.00000   100%  19.4   94s
  2962  1648 1402453.92  212  210 4945839.84    0.00000   100%  19.4   95s
H 2982  1590                    4945827.1935    0.00000   100%  19.3   98s
  2990  1598 1422695.19  226  210 4945827.19    0.00000   100%  19.5  100s
  3017  1616 1404012.47  240  206 4945827.19    0.00000   100%  19.6  105s
  3050  1638 1547673.05  256  193 4945827.19    0.00000   100%  19.8  110s
H 3060  1576                    4942385.6812    0.00000   100%  20.0  112s
  3079  1591 2759816.73  271  200 4942385.68    0.00000   100%  20.2  115s
H 3086  1531                    4934807.1533    0.00000   100%  20.2  116s
  3108  1547 2846191.05  285  186 4934807.15    0.00000   100%  20.2  120s
  3138  1567 2860551.63  300  183 4934807.15    0.00000   100%  20.5  125s
H 3164  1524                    4933776.8593    0.00000   100%  20.8  129s
  3165  1526 2940567.83  314  184 4933776.86    0.00000   100%  20.8  130s
  3195  1546 3085108.30  329  176 4933776.86    0.00000   100%  21.1  135s
  3228  1568 3146585.99  345  170 4933776.86    0.00000   100%  21.3  140s
  3260  1590 3186098.53  361  164 4933776.86    0.00000   100%  21.4  145s
  3291  1610 3227548.81  377  157 4933776.86    0.00000   100%  21.5  150s
  3323  1632 3221459.56  393  158 4933776.86    0.00000   100%  21.7  155s
H 3346  1588                    4858351.3499    0.00000   100%  22.0  158s
  3356  1597 3320222.69  409  164 4858351.35    0.00000   100%  22.0  160s
  3394  1622 3662639.33  428  158 4858351.35    0.00000   100%  22.4  165s
H 3398  1569                    4816764.1673    0.00000   100%  22.5  166s
H 3424  1535                    4807314.2369    0.00000   100%  22.7  169s
  3427  1539 3703324.81  445  159 4807314.24    0.00000   100%  22.8  170s
H 3450  1504                    4806234.8781    0.00000   100%  22.8  173s
  3465  1516 3761829.18  464  162 4806234.88    0.00000   100%  22.8  175s
  3505  1543 3823729.54  484  162 4806234.88    0.00000   100%  23.1  180s
  3541  1567 3990005.71  502  167 4806234.88    0.00000   100%  23.4  185s
  3575  1590 4014849.70  519  165 4806234.88    0.00000   100%  23.2  190s
  3606  1610 4041877.82  534  167 4806234.88    0.00000   100%  23.0  195s
H 3632  1580                    4803220.9130    0.00000   100%  22.9  199s
  3637  1585 4015306.93  550  167 4803220.91    0.00000   100%  22.9  200s
H 3658  1553                    4803220.1473    0.00000   100%  22.8  203s
  3668  1562 4101995.85  565  168 4803220.15    0.00000   100%  22.8  205s
H 3684  1529                    4795275.4814    0.00000   100%  22.7  207s
  3699  1541 4018895.26  581  165 4795275.48    0.00000   100%  22.6  210s
  3732  1563 4017119.03  597  167 4795275.48    0.00000   100%  22.5  215s
H 3736  1524                    4793761.1124    0.00000   100%  22.5  215s
H 3762  1504                    4782021.7295    0.00000   100%  22.3  219s
  3763  1507 4017760.77  613  167 4782021.73    0.00000   100%  22.3  220s
  3799  1531 4018489.32  631  165 4782021.73    0.00000   100%  22.2  225s
  3837  1556 4018956.35  650  163 4782021.73    0.00000   100%  22.0  230s
  3873  1580 4289871.72  668  164 4782021.73    0.00000   100%  21.9  235s
  3913  1607 4254269.25  688  161 4782021.73    0.00000   100%  21.9  240s
  3953  1634 4254273.48  708  161 4782021.73    0.00000   100%  21.9  245s
  3991  1659 4254277.56  727  161 4782021.73    0.00000   100%  22.0  250s
  4028  1684 4292969.38  745  161 4782021.73    0.00000   100%  22.0  255s
  4067  1710 4254284.50  765  161 4782021.73    0.00000   100%  22.0  260s
  4105  1735 4254288.59  784  161 4782021.73    0.00000   100%  22.0  265s
  4144  1761 4378724.81  803  158 4782021.73    0.00000   100%  22.1  270s
H 4178  1746                    4772185.1533    0.00000   100%  22.1  274s
  4182  1750 4463401.09  822  161 4772185.15    0.00000   100%  22.1  275s
H 4204  1729                    4761292.6294    0.00000   100%  22.0  278s
  4218  1740 4678543.05  840  164 4761292.63    0.00000   100%  22.1  280s
H 4256  1712                    4746391.3441    0.00000   100%  22.1  284s
  4261  1709    0.00000   25  321 4746391.34    0.00000   100%  22.2  285s
H 4282  1691                    4745891.3469    0.00000   100%  22.2  289s
  4285  1695    0.00000   37  313 4745891.35    0.00000   100%  22.2  290s
  4304  1712 181194.441   47  341 4745891.35    0.00000   100%  22.4  295s
H 4308  1678                    4568086.0982    0.00000   100%  22.4  296s
  4322  1694 361794.285   56  310 4568086.10    0.00000   100%  22.4  300s
H 4334  1704                    4568075.6454    0.00000   100%  22.3  303s
  4343  1715 478230.089   66  295 4568075.65    0.00000   100%  22.3  305s
  4361  1733 755530.542   75  285 4568075.65    0.00000   100%  22.3  310s
  4380  1752 760987.907   85  269 4568075.65    0.00000   100%  22.3  315s
  4410  1782 919250.688  100  270 4568075.65    0.00000   100%  22.2  320s
H 4412  1782                    4555294.4239    0.00000   100%  22.3  320s
  4438  1810 959201.236  114  254 4555294.42    0.00000   100%  22.2  325s
H 4464  1834                    4550461.5490    0.00000   100%  22.1  330s
  4488  1860 1182943.63  139  232 4550461.55    0.00000   100%  22.2  335s
H 4490  1858                    4541798.4042    0.00000   100%  22.2  335s
  4524  1894 1234170.61  157  219 4541798.40    0.00000   100%  22.2  340s
  4555  1925 1254270.32  172  215 4541798.40    0.00000   100%  22.2  345s
  4582  1952 1309457.98  186  203 4541798.40    0.00000   100%  22.2  350s
  4606  1976 1371441.22  198  194 4541798.40    0.00000   100%  22.3  355s
  4636  2006 1438783.09  213  183 4541798.40    0.00000   100%  22.4  360s
  4668  2038 1477874.19  229  187 4541798.40    0.00000   100%  22.5  365s
H 4672  2040                    4541797.5163    0.00000   100%  22.5  366s
  4696  2066 1637451.87  243  184 4541797.52    0.00000   100%  22.7  370s
  4727  2097 1687901.31  258  181 4541797.52    0.00000   100%  22.8  375s
  4758  2128 1703668.20  274  173 4541797.52    0.00000   100%  22.8  380s
  4788  2158 3009767.31  289  184 4541797.52    0.00000   100%  22.9  385s
  4820  2190 2084251.15  305  178 4541797.52    0.00000   100%  23.3  390s
  4851  2221 3012307.97  320  185 4541797.52    0.00000   100%  23.5  395s
  4879  2249 2098948.70  334  172 4541797.52    0.00000   100%  23.6  400s
  4906  2274 2729015.14  348  175 4541797.52    0.00000   100%  23.8  405s
H 4932  2298                    4541797.0266    0.00000   100%  23.7  409s
  4934  2302 2729288.57  362  172 4541797.03    0.00000   100%  23.7  410s
H 4958  2324                    4520558.7652    0.00000   100%  23.8  414s
  4965  2333 3309965.70  377  176 4520558.77    0.00000   100%  23.9  415s
  4995  2363 3078003.40  392  170 4520558.77    0.00000   100%  23.9  420s
  5023  2391 3347829.39  406  171 4520558.77    0.00000   100%  24.0  425s
  5050  2418 3298728.07  420  166 4520558.77    0.00000   100%  24.1  430s
H 5062  2428                    4518387.9748    0.00000   100%  24.1  432s
  5078  2446 3572765.08  434  179 4518387.97    0.00000   100%  24.2  435s
  5106  2474 3589517.52  448  175 4518387.97    0.00000   100%  24.1  440s
  5134  2502 3727950.44  462  176 4518387.97    0.00000   100%  24.2  445s
  5163  2531 3921396.36  476  178 4518387.97    0.00000   100%  24.2  450s
H 5192  2558                    4513741.9945    0.00000   100%  24.1  454s
  5194  2562 3914659.54  492  177 4513741.99    0.00000   100%  24.1  455s
H 5213  2579                    4513730.0869    0.00000   100%  24.1  458s
  5219  2587 4269200.47  504  172 4513730.09    0.00000   100%  24.1  460s
H 5244  2610                    4513665.6760    0.00000   100%  24.0  465s
H 5270  2636                    4513608.5534    0.00000   100%  23.9  469s
  5274  2642 4281079.33  532  168 4513608.55    0.00000   100%  23.9  470s
H 5296  2662                    4513430.9208    0.00000   100%  23.8  474s
  5300  2668 4300925.85  545  165 4513430.92    0.00000   100%  23.8  475s
  5325  2693 4343946.74  557  164 4513430.92    0.00000   100%  23.7  480s
H 5348  2714                    4513430.8980    0.00000   100%  23.6  484s
  5349  2717 4351373.00  569  165 4513430.90    0.00000   100%  23.6  485s
H 5374  2740                    4513430.4956    0.00000   100%  23.5  489s
  5378  2746 4347761.94  584  163 4513430.50    0.00000   100%  23.5  490s
H 5400  2766                    4513430.0101    0.00000   100%  23.4  493s
  5408  2776 4376720.95  599  159 4513430.01    0.00000   100%  23.4  495s
H 5426  2792                    4513429.8786    0.00000   100%  23.3  498s
  5438  2806 4391538.91  614  157 4513429.88    0.00000   100%  23.3  500s
H 5452  2818                    4513001.5996    0.00000   100%  23.2  502s
  5464  2832 4401229.16  627  160 4513001.60    0.00000   100%  23.2  505s
  5488  2856 4403798.43  639  157 4513001.60    0.00000   100%  23.1  510s
H 5504  2870                    4511290.9669    0.00000   100%  23.1  513s
  5513  2881 4429617.26  651  163 4511290.97    0.00000   100%  23.1  515s
H 5530  2896                    4509611.0182    0.00000   100%  23.0  518s
  5538  2906 4420376.95  664  157 4509611.02    0.00000   100%  23.0  520s
H 5556  2921                    4500839.1369    0.00000   100%  23.0  522s
H 5564  2929                    4495253.8430    0.00000   100%  23.0  524s
  5569  2936 4472633.31  679  164 4495253.84    0.00000   100%  23.0  525s
  5599  2964 4446419.26  694  164 4495253.84    0.00000   100%  22.9  530s
H 5608  2971                    4495252.8635    0.00000   100%  22.9  531s
  5630  2991 4444917.97  710  160 4495252.86    0.00000   100%  22.8  535s
H 5634  2993                    4495250.5365    0.00000   100%  22.8  536s
  5656  3017 4454396.97  723  152 4495250.54    0.00000   100%  22.8  540s
  5707  3020    0.00000   27  328 4495250.54    0.00000   100%  22.9  545s
  5725  3038    0.00000   36  297 4495250.54    0.00000   100%  22.9  550s
  5743  3056    0.00000   45  292 4495250.54    0.00000   100%  23.0  555s
  5765  3078    0.00000   56  296 4495250.54    0.00000   100%  23.0  560s
  5782  3095    0.00000   64  282 4495250.54    0.00000   100%  23.0  565s
H 5791  3102                    4488702.6600    0.00000   100%  23.1  567s
  5810  3123 360491.071   78  304 4488702.66    0.00000   100%  23.1  570s
H 5817  3128                    4486318.7940    0.00000   100%  23.1  571s
  5837  3150 469183.106   92  277 4486318.79    0.00000   100%  23.1  575s
H 5843  3154                    4484909.1866    0.00000   100%  23.1  576s
  5864  3177 581473.295  105  255 4484909.19    0.00000   100%  23.1  580s
H 5869  3174                    4481225.3890    0.00000   100%  23.0  580s
  5891  3198 784145.477  119  243 4481225.39    0.00000   100%  23.1  585s
H 5895  3200                    4481208.6329    0.00000   100%  23.1  586s
  5913  3220 813674.332  130  238 4481208.63    0.00000   100%  23.1  590s
  5939  3246 890224.090  143  229 4481208.63    0.00000   100%  23.0  595s
H 5947  3244                    4476053.8878    0.00000   100%  23.1  596s
  5967  3266 1074462.39  157  218 4476053.89    0.00000   100%  23.1  600s
H 5973  3260                    4472387.6511    0.00000   100%  23.1  601s
  5995  3284 1347491.84  171  207 4472387.65    0.00000   100%  23.1  605s
  6024  3313 1349332.52  185  203 4472387.65    0.00000   100%  23.0  610s
H 6025  3312                    4472064.0054    0.00000   100%  23.0  610s
H 6051  3334                    4470906.8039    0.00000   100%  23.0  615s
  6080  3365 1705230.07  213  199 4470906.80    0.00000   100%  22.9  620s
  6107  3392 1744036.41  227  196 4470906.80    0.00000   100%  22.9  625s
H 6129  3395                    4466086.1120    0.00000   100%  22.8  628s
  6135  3403 1918007.08  241  194 4466086.11    0.00000   100%  22.9  630s
  6156  3424 2835242.28  251  177 4466086.11    0.00000   100%  23.0  635s
H 6181  3437                    4461633.0275    0.00000   100%  23.0  640s
  6205  3463 2930826.66  276  181 4461633.03    0.00000   100%  23.1  645s
  6229  3487 2962873.38  288  179 4461633.03    0.00000   100%  23.2  650s
  6254  3512 3019811.58  300  179 4461633.03    0.00000   100%  23.3  655s
H 6259  3512                    4460032.8743    0.00000   100%  23.3  656s
  6278  3533 3294034.77  312  177 4460032.87    0.00000   100%  23.5  660s
  6303  3558 3276778.69  325  168 4460032.87    0.00000   100%  23.7  665s
  6332  3587 3676224.47  339  160 4460032.87    0.00000   100%  23.8  670s
  6360  3615 3694377.39  353  159 4460032.87    0.00000   100%  23.9  675s
H 6389  3637                    4456376.7868    0.00000   100%  24.1  680s
H 6402  3616                    4448776.7863    0.00000   100%  24.1  683s
  6413  3629 3697974.84  380  147 4448776.79    0.00000   100%  24.2  685s
H 6415  3549                    4424631.6616    0.00000   100%  24.2  685s
H 6429  3551                    4422462.9852    0.00000   100%  24.3  688s
  6439  3563 3877988.27  393  159 4422462.99    0.00000   100%  24.3  690s
  6477  3601 3862027.82  412  152 4422462.99    0.00000   100%  24.4  695s
  6512  3636 4024573.90  429  152 4422462.99    0.00000   100%  24.5  700s
  6547  3671 4058218.27  447  155 4422462.99    0.00000   100%  24.6  705s
H 6571  3673                    4418229.4005    0.00000   100%  24.7  708s
  6579  3683 4100621.79  463  144 4418229.40    0.00000   100%  24.7  710s
H 6597  3699                    4418229.3318    0.00000   100%  24.8  712s
  6611  3713 4260459.39  478  151 4418229.33    0.00000   100%  24.9  715s
  6642  3744 4100621.79  494  144 4418229.33    0.00000   100%  25.2  720s
  6673  3775 4260654.41  509  146 4418229.33    0.00000   100%  25.5  725s
H 6701  3801                    4418210.8327    0.00000   100%  25.7  730s
H 6727  3759                    4393467.5881    0.00000   100%  26.0  734s
  6732  3766 4100621.79  539  144 4393467.59    0.00000   100%  26.1  735s
H 6753  3751                    4378586.3582    0.00000   100%  26.3  738s
  6765  3764 4260654.41  555  163 4378586.36    0.00000   100%  26.4  740s
  6799  3798 4220444.56  572  148 4378586.36    0.00000   100%  26.8  745s
H 6805  3770                    4364783.3184    0.00000   100%  26.9  745s
H 6831  3796                    4364652.9404    0.00000   100%  27.2  750s
  6864  3831 4100621.79  605  144 4364652.94    0.00000   100%  27.7  755s
  6895  3862 4221516.51  620  162 4364652.94    0.00000   100%  28.1  760s
  6929  3896 4260654.41  637  163 4364652.94    0.00000   100%  28.6  765s
H 6961  3926                    4364632.8528    0.00000   100%  29.0  770s
H 6969  3934                    4364509.7641    0.00000   100%  29.1  771s
H 6987  3937                    4361242.1716    0.00000   100%  29.3  774s
  6990  3942 4100621.79  668  144 4361242.17    0.00000   100%  29.4  775s
  7022  3974 4100621.79  684  144 4361242.17    0.00000   100%  29.8  780s
H 7039  3986                    4359931.2808    0.00000   100%  30.0  782s
  7052  4001 4100621.79  699  144 4359931.28    0.00000   100%  30.2  785s
  7084  4033 4100621.79  715  144 4359931.28    0.00000   100%  30.6  790s
H 7091  4032                    4359331.7169    0.00000   100%  30.7  791s
  7113  4056 4260654.41  729  166 4359331.72    0.00000   100%  31.0  795s
H 7117  4058                    4359328.8872    0.00000   100%  31.1  795s
H 7131  4072                    4359327.9994    0.00000   100%  31.2  798s
H 7143  4076                    4358012.3137    0.00000   100%  31.4  800s
H 7169  4102                    4357008.0089    0.00000   100%  31.7  804s
  7174  4109 4100621.79  760  144 4357008.01    0.00000   100%  31.8  805s
H 7195  4128                    4356877.7243    0.00000   100%  32.0  808s
  7204  4139 4100621.79  775  144 4356877.72    0.00000   100%  32.1  810s
H 7212  4143                    4356277.3918    0.00000   100%  32.2  811s
H 7221  4138                    4353940.2527    0.00000   100%  32.3  813s
  7234  4153 4100621.79  790  144 4353940.25    0.00000   100%  32.5  815s
H 7247  4152                    4343921.8059    0.00000   100%  32.7  817s
  7268  4175 4100621.79  807  144 4343921.81    0.00000   100%  33.0  820s
  7299  4206 4226027.64  822  165 4343921.81    0.00000   100%  33.4  825s
  7333  4239 4249793.97  839  177 4343921.81    0.00000   100%  33.9  830s
H 7351  4214                    4332601.9468    0.00000   100%  34.1  832s
  7368  4233 4100621.79  857  144 4332601.95    0.00000   100%  34.3  835s
H 7377  4193                    4303423.1670    0.00000   100%  34.4  836s
H 7403  4206                    4299573.3788    0.00000   100%  34.8  840s
  7436  4221 4100621.79  891  144 4299573.38    0.00000   100%  35.4  845s
H 7456  4227                    4299572.9449    0.00000   100%  35.7  848s
  7475  4236 4249126.71  910  172 4299572.94    0.00000   100%  36.0  850s
H 7482  4236                    4299570.7651    0.00000   100%  36.1  850s
H 7508  4248                    4299541.8362    0.00000   100%  36.5  852s
  7536  4263 4100621.79  941  144 4299541.84    0.00000   100%  36.9  855s
H 7586  4275                    4296784.5188    0.00000   100%  37.3  859s
  7600  4285 4100621.79  973  144 4296784.52    0.00000   100%  37.4  860s
H 7612  4289                    4296218.8868    0.00000   100%  37.5  860s
H 7638  4299                    4294331.2171    0.00000   100%  37.7  862s
  7666  4315 4100621.79 1006  144 4294331.22    0.00000   100%  38.0  865s
H 7682  3807                    4258984.8228    0.00000   100%  38.1  866s
H 7716  3825                    4257777.1540    0.00000   100%  38.5  869s
  7723  3830 4100621.79 1034  147 4257777.15    0.00000   100%  38.6  870s
H 7742  3837                    4255895.3240    0.00000   100%  38.7  871s
H 7768  3750                    4251158.7910    0.00000   100%  39.0  873s
  7784  3766 4100621.79 1065  144 4251158.79    0.00000   100%  39.1  875s
H 7794  3659                    4231587.2641    0.00000   100%  39.1  876s
  7841  3672    0.00000   56  273 4231587.26    0.00000   100%  39.4  880s
H 7846  3566                    4224504.2571    0.00000   100%  39.4  880s
  7874  3596 45561.8449   72  279 4224504.26    0.00000   100%  39.3  885s
H 7898  3573                    4223496.3815    0.00000   100%  39.3  888s
  7908  3585 319166.153   89  242 4223496.38    0.00000   100%  39.3  890s
H 7924  3374                    4218169.8008    0.00000   100%  39.3  894s
  7931  3383 319543.213  101  238 4218169.80    0.00000   100%  39.3  895s
H 7976  3408                    4162721.5331    0.00000   100%  39.2  898s
  7993  3427 624299.965  132  206 4162721.53    0.00000   100%  39.2  900s
H 8002  3434                    4162718.4293    0.00000   100%  39.3  900s
H 8028  3457                    4136962.8558    0.00000   100%  39.2  902s
H 8054  3483                    4136176.4727    0.00000   100%  39.2  903s
  8065  3496 781158.438  168  200 4136176.47    0.00000   100%  39.2  905s
H 8132  3317                    4091883.0255    0.00000   100%  39.0  909s
  8149  3336 1125616.27  210  184 4091883.03    0.00000   100%  38.9  910s
H 8158  3341                    4087433.9419    0.00000   100%  38.9  910s
H 8184  3367                    4086122.2194    0.00000   100%  38.8  912s
H 8210  3393                    4086016.0547    0.00000   100%  38.8  913s
  8231  3416 1199057.07  251  172 4086016.05    0.00000   100%  38.8  915s
H 8236  3417                    4085154.2783    0.00000   100%  38.8  915s
H 8262  3441                    4081773.5615    0.00000   100%  38.8  916s
H 8288  3467                    4078830.6736    0.00000   100%  38.9  918s
H 8314  3493                    4078812.1386    0.00000   100%  38.9  919s
  8318  3499 1199064.20  294  171 4078812.14    0.00000   100%  38.9  920s
H 8366  3539                    4071006.6249    0.00000   100%  39.0  922s
  8402  3577 1199064.35  336  171 4071006.62    0.00000   100%  39.1  925s
H 8470  3643                    4070698.5512    0.00000   100%  39.2  929s
  8485  3660 1199064.51  378  169 4070698.55    0.00000   100%  39.2  930s
H 8496  3669                    4070521.3132    0.00000   100%  39.2  930s
H 8522  3695                    4070495.2798    0.00000   100%  39.3  932s
H 8548  3721                    4065103.2299    0.00000   100%  39.3  933s
H 8574  3747                    4064926.9377    0.00000   100%  39.3  935s
H 8600  3773                    4063898.1755    0.00000   100%  39.4  936s
H 8626  3799                    4063897.8602    0.00000   100%  39.4  937s
H 8652  3825                    4063875.9775    0.00000   100%  39.5  939s
  8664  3839 1218134.64  467  167 4063875.98    0.00000   100%  39.4  940s
H 8674  3791                    4056445.2521    0.00000   100%  39.4  940s
H 8678  3519                    3930183.9109    0.00000   100%  39.4  940s
H 8782  3245                    3622951.1109    0.00000   100%  39.3  942s
H 8834  3297                    3621649.3498    0.00000   100%  39.2  943s
H 8886  3137                    3267465.3496    0.00000   100%  39.4  944s
H 8938  3189                    3263076.3566    0.00000   100%  39.3  944s
  8976  3229 1833217.50  623  181 3263076.36    0.00000   100%  39.2  945s
H 9120  2873                    2754562.8952    0.00000   100%  39.2  946s
H 9146  2873                    2737059.3286    0.00000   100%  39.1  946s
H 9250  2977                    2737059.2106    0.00000   100%  38.7  947s
H 9302  3021                    2610140.7845    0.00000   100%  38.6  948s
H 9380  3085                    2423289.1548    0.00000   100%  38.3  948s
H 9406  3095                    2423274.6768    0.00000   100%  38.3  949s
H 9432  3113                    2416319.6267    0.00000   100%  38.2  949s
H 9458  3121                    2416164.4038    0.00000   100%  38.2  949s
  9515  3140 infeasible  887      2416164.40    0.00000   100%  38.1  950s
H 9536  3137                    2401575.9285    0.00000   100%  38.1  950s
H 9588  3125                    2286706.3969    0.00000   100%  38.0  950s
H 9718  3247                    2267216.8912    0.00000   100%  37.8  952s
H 9823  3328                    2202761.8743    0.00000   100%  37.9  953s
H 9926  3337                    2091033.8507    0.00000   100%  37.8  954s
  9985  3398 853755.450  260  165 2091033.85    0.00000   100%  37.7  955s
H10004  3407                    2088289.7247    0.00000   100%  37.7  955s
H10030  3419                    2052232.9134    0.00000   100%  37.7  955s
H10056  3445                    2039421.9712    0.00000   100%  37.7  956s
H10134  3513                    1997661.6856    0.00000   100%  37.7  957s
H10160  3539                    1997659.1290    0.00000   100%  37.7  957s
H10186  3565                    1995786.1845    0.00000   100%  37.7  957s
H10264  3643                    1995786.1840    0.00000   100%  37.6  958s
H10290  3663                    1975173.8526    0.00000   100%  37.6  958s
H10394  3747                    1975172.0175    0.00000   100%  37.7  959s
 10428  3771 1905921.61  467  171 1975172.02    0.00000   100%  37.8  960s
H10550  3865                    1970435.7372    0.00000   100%  37.8  961s
H10628  3937                    1950798.7827    0.00000   100%  37.6  962s
H10654  3961                    1943471.1850    0.00000   100%  37.6  962s
H10680  3969                    1911121.5727    0.00000   100%  37.6  962s
H10706  3850                    1817001.7739    0.00000   100%  37.5  963s
H10717  3857                    1813993.7702    0.00000   100%  37.5  963s
H10758  3894                    1809374.2711    0.00000   100%  37.6  963s
H10862  3972                    1808964.0984    0.00000   100%  37.7  964s
 10868  3980 566167.422   89  250 1808964.10    0.00000   100%  37.7  965s
H10888  3998                    1808964.0982    0.00000   100%  37.6  965s
H10940  4049                    1803612.8427    0.00000   100%  37.6  965s
H10966  4064                    1801292.3037    0.00000   100%  37.6  966s
H10992  4021                    1798280.2656    0.00000   100%  37.5  966s
H11014  3881                    1775441.0828    0.00000   100%  37.5  966s
H11044  3908                    1767145.6885    0.00000   100%  37.4  967s
H11070  3923                    1764224.6469    0.00000   100%  37.4  967s
H11096  3938                    1762297.1389    0.00000   100%  37.4  967s
H11122  3935                    1760288.3786    0.00000   100%  37.4  968s
H11226  3853                    1743413.8638    0.00000   100%  37.4  968s
H11278  3882                    1735796.7165    0.00000   100%  37.5  969s
H11304  3908                    1730830.8904    0.00000   100%  37.5  969s
H11330  3934                    1730830.6280    0.00000   100%  37.5  970s
H11382  3934                    1712611.5191    0.00000   100%  37.3  970s
H11393  3945                    1712485.7613    0.00000   100%  37.3  970s
H11434  3986                    1711227.3042    0.00000   100%  37.1  971s
H11460  4010                    1710020.4401    0.00000   100%  37.1  971s
H11538  4062                    1703296.0255    0.00000   100%  36.8  972s
H11642  4147                    1697593.5706    0.00000   100%  36.5  973s
H11772  4277                    1697133.9905    0.00000   100%  36.7  974s
 11922  4429 1262572.10  616  157 1697133.99    0.00000   100%  36.9  975s
H11933  4438                    1697133.9865    0.00000   100%  37.0  975s
H11980  4485                    1697122.7685    0.00000   100%  37.0  975s
H12084  4589                    1695763.7535    0.00000   100%  37.1  977s
H12188  4689                    1691331.7957    0.00000   100%  37.3  978s
H12214  4682                    1663269.2198    0.00000   100%  37.3  978s
H12266  4728                    1658313.0631    0.00000   100%  37.4  978s
H12292  4752                    1657925.0167    0.00000   100%  37.4  979s
H12344  4785                    1645305.2361    0.00000   100%  37.5  980s
H12370  4811                    1645101.2465    0.00000   100%  37.5  980s
H12419  4834                    1641985.0669    0.00000   100%  37.5  980s
H12422  4749                    1571120.5236    0.00000   100%  37.6  981s
H12448  4775                    1570666.0048    0.00000   100%  37.6  981s
H12474  4801                    1570096.5812    0.00000   100%  37.6  981s
H12500  4817                    1564364.3570    0.00000   100%  37.7  982s
H12526  4843                    1564359.6970    0.00000   100%  37.7  982s
H12578  4895                    1562742.1140    0.00000   100%  37.8  982s
H12630  4823                    1528314.5948    0.00000   100%  37.8  983s
 12730  4925 1269476.02 1020  157 1528314.59    0.00000   100%  38.2  985s
H12734  4925                    1524012.2838    0.00000   100%  38.3  985s
H12760  4941                    1522268.7622    0.00000   100%  38.4  985s
H12786  4967                    1522266.2501    0.00000   100%  38.5  985s
H12812  4977                    1518035.9127    0.00000   100%  38.6  986s
H12838  5003                    1514515.8562    0.00000   100%  38.7  986s
H13028  5161                    1507066.1834    0.00000   100%  39.0  988s
H13132  5237                    1507065.8250    0.00000   100%  39.0  989s
 13173  5252    0.00000   65  288 1507065.83    0.00000   100%  39.1  990s
H13367  5442                    1506675.9130    0.00000   100%  39.3  992s
H13393  5466                    1506672.0715    0.00000   100%  39.3  992s
H13394  5466                    1505451.1357    0.00000   100%  39.3  993s
H13604  5643                    1504022.4721    0.00000   100%  39.2  994s
 13623  5664 1229465.98  157  183 1504022.47    0.00000   100%  39.2  995s
H13630  5669                    1503071.8528    0.00000   100%  39.2  995s
H13665  5704                    1502996.2046    0.00000   100%  39.1  995s
H13708  5747                    1502996.1735    0.00000   100%  39.1  996s
H13736  5769                    1502616.2608    0.00000   100%  39.2  996s
H13763  5786                    1501450.3108    0.00000   100%  39.4  996s
H13816  5807                    1501262.6163    0.00000   100%  39.6  997s
H13894  5885                    1501172.8770    0.00000   100%  39.6  998s
H13972  5945                    1488410.4290    0.00000   100%  39.6  999s
 13991  5966 1096352.75  149  195 1488410.43    0.00000   100%  39.5 1000s
H14102  6072                    1487165.5618    0.00000   100%  39.3 1001s
H14128  6098                    1487165.3117    0.00000   100%  39.4 1001s
H14154  6121                    1485013.1891    0.00000   100%  39.4 1002s
H14232  6192                    1483581.8138    0.00000   100%  39.2 1002s
 14445  6365 640518.811  108  226 1483581.81    0.00000   100%  39.3 1005s
H14630  6524                    1483563.2096    0.00000   100%  39.5 1007s
H14656  6550                    1483112.5903    0.00000   100%  39.5 1007s
H14734  6623                    1481498.2235    0.00000   100%  39.4 1008s
H14786  6675                    1481456.9754    0.00000   100%  39.3 1009s
 14918  6809 1246732.66  303  164 1481456.98    0.00000   100%  39.1 1010s
H14942  6829                    1479991.4459    0.00000   100%  39.0 1010s
H14968  6855                    1479513.1442    0.00000   100%  38.9 1010s
H15020  6907                    1479461.0119    0.00000   100%  38.8 1011s
H15098  6985                    1479448.8547    0.00000   100%  38.7 1011s
H15124  6999                    1477877.6059    0.00000   100%  38.6 1012s
H15150  7016                    1477583.7812    0.00000   100%  38.6 1012s
H15202  7066                    1477110.6063    0.00000   100%  38.5 1012s
H15228  7066                    1475982.9342    0.00000   100%  38.4 1013s
H15254  7074                    1475790.6180    0.00000   100%  38.3 1013s
H15306  7058                    1471789.7386    0.00000   100%  38.2 1013s
H15332  7084                    1471431.3786    0.00000   100%  38.2 1014s
H15384  7132                    1471263.4028    0.00000   100%  38.1 1014s
 15405  7150 1315081.76  763  164 1471263.40    0.00000   100%  38.2 1015s
H15436  7170                    1470622.4858    0.00000   100%  38.3 1015s
H15462  7182                    1468493.2538    0.00000   100%  38.4 1015s
H15488  7193                    1468445.3911    0.00000   100%  38.5 1016s
H15571  7220                    1468318.4897    0.00000   100%  38.7 1017s
H15680  7329                    1468170.7259    0.00000   100%  38.7 1018s
H15779  7420                    1465018.3800    0.00000   100%  38.7 1019s
H15805  7444                    1463943.8953    0.00000   100%  38.7 1020s
H16195  7812                    1463943.8563    0.00000   100%  38.7 1022s
H16221  7837                    1463459.2590    0.00000   100%  38.6 1023s
H16325  7941                    1463074.5514    0.00000   100%  38.7 1024s
H16351  7967                    1463065.1635    0.00000   100%  38.6 1024s
 16355  7973 896909.418  159  192 1463065.16    0.00000   100%  38.6 1025s
H16377  7993                    1463043.7780    0.00000   100%  38.6 1025s
H16429  8043                    1462574.3817    0.00000   100%  38.5 1025s
H16507  8121                    1462382.3377    0.00000   100%  38.4 1026s
H16559  8172                    1462332.9669    0.00000   100%  38.3 1027s
H16585  8198                    1462332.9609    0.00000   100%  38.2 1027s
H16611  8224                    1462310.5517    0.00000   100%  38.2 1027s
H16637  8250                    1462265.8713    0.00000   100%  38.1 1028s
H16663  8275                    1462015.1460    0.00000   100%  38.1 1028s
H16741  8351                    1461945.5399    0.00000   100%  38.0 1029s
H16767  8375                    1461334.8753    0.00000   100%  37.9 1029s
H16793  8401                    1461161.8351    0.00000   100%  37.9 1029s
 16814  8424 1005460.81  378  163 1461161.84    0.00000   100%  37.9 1030s
H16819  8427                    1460170.6802    0.00000   100%  37.9 1030s
H17157  8765                    1460152.1339    0.00000   100%  37.3 1032s
H17469  9077                    1460150.9593    0.00000   100%  36.8 1034s
H17495  9103                    1460138.1883    0.00000   100%  36.8 1035s
H17521  9127                    1456517.7227    0.00000   100%  36.8 1035s
H17599  9148                    1436230.1063    0.00000   100%  36.6 1036s
H17625  9161                    1430109.2980    0.00000   100%  36.6 1036s
H17651  9187                    1430062.5307    0.00000   100%  36.6 1036s
H17807  9340                    1428832.0285    0.00000   100%  36.3 1038s
H17885  9418                    1428822.4096    0.00000   100%  36.2 1038s
H17937  9468                    1427162.4071    0.00000   100%  36.1 1039s
H17963  9494                    1427031.9436    0.00000   100%  36.1 1039s
 18029  9562 1025524.71 1491  154 1427031.94    0.00000   100%  36.0 1040s
H18197  9724                    1425581.6572    0.00000   100%  35.7 1041s
H18249  9776                    1425169.0598    0.00000   100%  35.7 1041s
H18275  9785                    1421468.3525    0.00000   100%  35.6 1042s
H18379  9889                    1421468.2199    0.00000   100%  35.5 1042s
H18483  9989                    1420917.1394    0.00000   100%  35.3 1043s
H18509 10015                    1420885.6454    0.00000   100%  35.3 1043s
H18561 10067                    1420885.6362    0.00000   100%  35.2 1044s
 18650 10158 1029566.43 2111  154 1420885.64    0.00000   100%  35.1 1045s
H19185 10691                    1420212.7266    0.00000   100%  34.3 1049s
H19211 10717                    1420212.7124    0.00000   100%  34.3 1049s
H19263 10767                    1419872.0603    0.00000   100%  34.2 1050s
H19289 10793                    1419867.1390    0.00000   100%  34.2 1050s
H19315 10806                    1419098.3736    0.00000   100%  34.1 1050s
H19341 10826                    1418107.6649    0.00000   100%  34.1 1050s
H19523 11006                    1417670.1421    0.00000   100%  33.8 1052s
H19601 11050                    1415598.1866    0.00000   100%  33.7 1052s
H19627 11073                    1414840.8819    0.00000   100%  33.7 1053s
H19705 11151                    1414840.8150    0.00000   100%  33.6 1054s
 19757 11205 1036805.67 3217  154 1414840.82    0.00000   100%  33.5 1055s
H19939 11385                    1414700.8901    0.00000   100%  33.3 1056s
H19965 11411                    1414699.6610    0.00000   100%  33.3 1056s
H19991 11425                    1413785.3681    0.00000   100%  33.2 1057s
H20199 11628                    1413325.5249    0.00000   100%  33.0 1058s
H20251 11674                    1412681.0897    0.00000   100%  33.0 1059s
H20277 11699                    1412436.8380    0.00000   100%  32.9 1059s
H20297 11719                    1412436.8378    0.00000   100%  32.9 1059s
H20303 11725                    1412299.2709    0.00000   100%  32.9 1059s
H20329 11751                    1412042.9203    0.00000   100%  32.8 1060s
H20407 11829                    1412042.8883    0.00000   100%  32.7 1060s
H20485 11907                    1411697.4091    0.00000   100%  32.6 1061s
 21042 12462 1077575.37 4266  150 1411697.41    0.00000   100%  31.9 1065s
H21485 12899                    1410925.3931    0.00000   100%  31.4 1067s
H21700 13109                    1409862.6108    0.00000   100%  31.1 1068s
H21956 13365                    1409853.0148    0.00000   100%  30.8 1069s
 21971 13382 1080555.53 5184  150 1409853.01    0.00000   100%  30.8 1070s
H22372 13769                    1409241.7559    0.00000   100%  30.4 1071s
H22783 14171                    1408786.7456    0.00000   100%  29.9 1073s
H22897 14285                    1408778.1707    0.00000   100%  29.8 1074s
 23051 14441 1083922.81 6253  150 1408778.17    0.00000   100%  29.7 1075s
H23079 14465                    1408230.9680    0.00000   100%  29.6 1075s
H23343 14729                    1408226.6579    0.00000   100%  29.4 1076s
H23770 15156                    1408059.3667    0.00000   100%  28.9 1078s
 24070 15458 1088250.86 7265  150 1408059.37    0.00000   100%  28.6 1080s
H24320 15706                    1408049.4142    0.00000   100%  28.4 1081s
H24546 15932                    1407747.2127    0.00000   100%  28.2 1082s
H24732 16101                    1406214.5169    0.00000   100%  28.0 1084s
 24861 16232 1092113.96 8047  150 1406214.52    0.00000   100%  27.9 1085s
H25225 16554                    1406093.8672    0.00000   100%  28.0 1087s
 25660 16991 994786.259  624  179 1406093.87    0.00000   100%  27.6 1090s
H26225 17554                    1406089.5760    0.00000   100%  27.1 1093s
 26485 17816 1001830.00 1449  174 1406089.58    0.00000   100%  26.8 1095s
 27453 18784 1014152.90 2369  166 1406089.58    0.00000   100%  26.0 1100s
H27561 18890                    1406078.3253    0.00000   100%  25.9 1100s
 28344 19665 1127057.60 3154  162 1406078.33    0.00000   100%  25.4 1105s
H28426 19743                    1405894.5353    0.00000   100%  25.3 1105s
H28802 20116                    1405758.0822    0.00000   100%  25.1 1107s
 29181 20497 1201633.94 3932  159 1405758.08    0.00000   100%  24.8 1110s
H29506 20820                    1405753.1528    0.00000   100%  24.6 1111s
H29687 21001                    1405747.9037    0.00000   100%  24.5 1112s
 29883 21199 1204459.43 4631  160 1405747.90    0.00000   100%  24.4 1115s
H30075 21389                    1405710.2013    0.00000   100%  24.2 1116s
H30302 21616                    1405525.9102    0.00000   100%  24.1 1117s
H30531 21843                    1405518.3440    0.00000   100%  24.0 1119s
H30639 21931                    1405518.3401    0.00000   100%  24.0 1119s
H30720 22012                    1404842.0489    0.00000   100%  23.9 1120s
H31093 22330                    1404602.9834    0.00000   100%  23.8 1122s
 31342 22541 1241773.98  131  208 1404602.98    0.00000   100%  24.1 1125s
H31343 22540                    1404428.1834    0.00000   100%  24.1 1125s
H31806 22905                    1404424.5397    0.00000   100%  24.7 1129s
 31889 22970 277695.481   91  233 1404424.54    0.00000   100%  24.8 1130s
H32005 23065                    1404265.6342    0.00000   100%  24.9 1130s
H32136 23171                    1403942.6354    0.00000   100%  25.1 1132s
H32216 23234                    1403466.8641    0.00000   100%  25.2 1133s
H32238 23240                    1403466.7997    0.00000   100%  25.2 1133s
 32424 23371 66563.5908   64  273 1403466.80    0.00000   100%  25.4 1135s
H32540 23460                    1403264.8713    0.00000   100%  25.5 1136s
H32568 23464                    1403264.8711    0.00000   100%  25.7 1136s
H32572 23436                    1402341.5103    0.00000   100%  25.7 1137s
 32921 23747 1178888.71  201  164 1402341.51    0.00000   100%  26.0 1140s
H33082 23860                    1401724.9298    0.00000   100%  26.0 1141s
H33191 23951                    1401723.6137    0.00000   100%  26.1 1142s
 33469 24205 505311.649   90  230 1401723.61    0.00000   100%  26.0 1145s
H33470 24204                    1401719.6747    0.00000   100%  26.0 1145s
 33954 24574 1255534.96   95  255 1401719.67    0.00000   100%  26.5 1150s
 34435 24934 49755.7699   66  257 1401719.67    0.00000   100%  27.1 1155s
H34474 24971                    1401599.9521    0.00000   100%  27.1 1155s
H34874 25286                    1401390.0896    0.00000   100%  27.4 1159s
 34956 25350 290041.301   80  251 1401390.09    0.00000   100%  27.4 1160s
 35596 25900 1019362.19  183  182 1401390.09    0.00000   100%  27.8 1165s
H35605 25907                    1401378.5315    0.00000   100%  27.8 1165s
 36309 26609 1212336.86  539  177 1401378.53    0.00000   100%  27.6 1170s
H36578 26787                    1400593.5342    0.00000   100%  27.9 1172s
 36902 27032 289534.266   85  254 1400593.53    0.00000   100%  28.1 1175s
H37022 27131                    1400587.8640    0.00000   100%  28.1 1176s
H37411 27441                    1400587.8399    0.00000   100%  28.3 1179s
 37497 27495 1328395.62  111  204 1400587.84    0.00000   100%  28.5 1180s
H37536 27528                    1400579.3703    0.00000   100%  28.5 1180s
H37590 27545                    1400462.7421    0.00000   100%  28.7 1181s
 37972 27829 1217236.71  118  208 1400462.74    0.00000   100%  29.1 1185s
H38155 27972                    1399961.6080    0.00000   100%  29.3 1186s
H38362 28131                    1399953.3074    0.00000   100%  29.4 1188s
H38611 28380                    1399860.8403    0.00000   100%  29.3 1189s
 38620 28391 730727.296  290  182 1399860.84    0.00000   100%  29.3 1190s
H38663 28432                    1399860.8145    0.00000   100%  29.3 1190s
 39098 28869 805698.159  759  174 1399860.81    0.00000   100%  29.1 1195s
 39622 29393 837553.912 1193  165 1399860.81    0.00000   100%  28.9 1200s
 39944 29715 891695.790 1444  159 1399860.81    0.00000   100%  28.8 1206s
H40023 29790                    1399662.0423    0.00000   100%  28.8 1207s
 40243 30012 943048.572 1686  154 1399662.04    0.00000   100%  28.7 1210s
H40378 30143                    1399456.2659    0.00000   100%  28.7 1211s
 40756 30523 947718.520 2110  151 1399456.27    0.00000   100%  28.5 1215s
H41026 30791                    1399415.0955    0.00000   100%  28.4 1217s
 41296 31063 950036.744 2497  151 1399415.10    0.00000   100%  28.3 1220s
H41762 31526                    1399211.7305    0.00000   100%  28.1 1224s
 41811 31577 951313.417 2923  148 1399211.73    0.00000   100%  28.1 1225s
H41941 31700                    1399163.9062    0.00000   100%  28.0 1226s
 42484 32245 951874.246 3394  148 1399163.91    0.00000   100%  27.7 1230s
H42941 32700                    1399163.8652    0.00000   100%  27.5 1232s
 43294 33055 978253.503 4074  146 1399163.87    0.00000   100%  27.3 1235s
H43736 33495                    1398964.4793    0.00000   100%  27.1 1237s
H44131 33888                    1398945.7834    0.00000   100%  26.9 1239s
 44159 33918 1003056.09 4885  148 1398945.78    0.00000   100%  26.9 1240s
H44932 34634                    1398834.0745    0.00000   100%  26.7 1244s
H44958 34631                    1398824.3803    0.00000   100%  26.8 1244s
 44969 34644 429536.739   78  255 1398824.38    0.00000   100%  26.8 1245s
 45403 34927 33268.8018   73  261 1398824.38    0.00000   100%  27.3 1250s
H45654 35144                    1398787.2038    0.00000   100%  27.4 1252s
 45982 35381 1320553.83  133  216 1398787.20    0.00000   100%  27.6 1255s
H46061 35439                    1398765.5107    0.00000   100%  27.7 1255s
H46241 35555                    1398644.4668    0.00000   100%  27.8 1257s
H46484 35728                    1398636.7951    0.00000   100%  28.0 1259s
 46588 35811 980442.139  103  200 1398636.80    0.00000   100%  28.2 1260s
H46612 35822                    1398507.7492    0.00000   100%  28.2 1260s
H46730 35878                    1398460.0970    0.00000   100%  28.5 1261s
H46808 35952                    1398460.0969    0.00000   100%  28.5 1262s
H46886 36011                    1398457.6352    0.00000   100%  28.5 1263s
 47069 36169 700990.412  131  218 1398457.64    0.00000   100%  28.6 1265s
H47124 36206                    1398340.0778    0.00000   100%  28.7 1265s
H47150 36232                    1398325.2025    0.00000   100%  28.7 1265s
 47558 36560 141121.693   73  268 1398325.20    0.00000   100%  29.0 1270s
H48072 36940                    1398203.6452    0.00000   100%  29.3 1274s
 48179 37029 382853.181   92  246 1398203.65    0.00000   100%  29.3 1275s
H48261 37093                    1398199.4222    0.00000   100%  29.3 1275s
H48639 37405                    1398185.6239    0.00000   100%  29.6 1279s
H48684 37442                    1398126.2158    0.00000   100%  29.7 1279s
H48721 37473                    1397905.8794    0.00000   100%  29.7 1279s
 48747 37501 1174685.81  101  222 1397905.88    0.00000   100%  29.7 1280s
H48856 37570                    1397905.8793    0.00000   100%  29.8 1281s
H48892 37606                    1397901.6460    0.00000   100%  29.8 1281s
H49281 37901                    1397825.5926    0.00000   100%  30.0 1284s
 49316 37938 867627.698  107  220 1397825.59    0.00000   100%  30.0 1285s
H49499 38080                    1397255.8598    0.00000   100%  30.1 1286s
 50023 38554 1237667.56  424  157 1397255.86    0.00000   100%  30.2 1290s
H50087 38607                    1397223.4714    0.00000   100%  30.2 1291s
H50287 38710                    1397112.1649    0.00000   100%  30.3 1292s
H50639 38980                    1397012.2649    0.00000   100%  30.4 1294s
 50649 38980 infeasible  148      1397012.26    0.00000   100%  30.4 1295s
H51006 39226                    1397002.7145    0.00000   100%  30.7 1298s
H51136 39321                    1397002.0003    0.00000   100%  30.7 1299s
 51220 39389 505013.669   91  207 1397002.00    0.00000   100%  30.8 1300s
H51449 39560                    1396866.4693    0.00000   100%  30.9 1302s
H51620 39729                    1396856.8878    0.00000   100%  30.9 1303s
 51784 39836 168558.670   71  262 1396856.89    0.00000   100%  31.1 1305s
H51918 39942                    1396856.8119    0.00000   100%  31.2 1306s
 52191 40148 782549.039   88  270 1396856.81    0.00000   100%  31.4 1310s
H52402 40286                    1396849.1682    0.00000   100%  31.6 1314s
 52450 40336 497779.618  101  228 1396849.17    0.00000   100%  31.6 1315s
H52510 40378                    1396810.8863    0.00000   100%  31.6 1316s
H52517 40377                    1396810.8862    0.00000   100%  31.6 1316s
H52536 40396                    1396806.7727    0.00000   100%  31.6 1317s
 52671 40480 infeasible  113      1396806.77    0.00000   100%  31.7 1320s
H52876 40633                    1396100.2862    0.00000   100%  31.8 1324s
 52928 40663 1105439.80  115  224 1396100.29    0.00000   100%  31.9 1325s
H53111 40790                    1396100.2567    0.00000   100%  31.9 1327s
H53137 40816                    1396078.5156    0.00000   100%  31.9 1327s
 53234 40904 711071.623  100  239 1396078.52    0.00000   100%  32.0 1330s
H53241 40909                    1396075.8998    0.00000   100%  32.0 1330s
H53293 40950                    1395982.8663    0.00000   100%  32.0 1331s
H53319 40976                    1395750.6087    0.00000   100%  32.0 1331s
H53397 41041                    1395145.5603    0.00000   100%  32.1 1333s
H53424 41038                    1395139.0522    0.00000   100%  32.1 1334s
H53449 41054                    1395119.0226    0.00000   100%  32.1 1334s
 53456 41063 792981.876   94  236 1395119.02    0.00000   100%  32.1 1335s
H53478 41073                    1395078.7497    0.00000   100%  32.1 1335s
H53556 41151                    1394990.1263    0.00000   100%  32.1 1337s
 53839 41354 1234390.79  130  200 1394990.13    0.00000   100%  32.3 1340s
H53922 41403                    1394841.2817    0.00000   100%  32.3 1341s
 54216 41638 182314.685   81  229 1394841.28    0.00000   100%  32.4 1345s
 54710 41985 9615.94211   69  266 1394841.28    0.00000   100%  32.6 1350s
 55112 42291 1385422.23  154  193 1394841.28    0.00000   100%  32.7 1355s
H55265 42379                    1394785.9848    0.00000   100%  32.9 1357s
 55491 42565 infeasible  120      1394785.98    0.00000   100%  32.9 1360s
H55686 42683                    1394325.0206    0.00000   100%  33.0 1362s
H55894 42855                    1392948.6263    0.00000   100%  33.1 1364s
 55955 42904 243667.080   97  236 1392948.63    0.00000   100%  33.1 1365s
H56276 43138                    1392921.2098    0.00000   100%  33.3 1368s
 56374 43200 infeasible  105      1392921.21    0.00000   100%  33.4 1370s
H56406 43219                    1392909.1510    0.00000   100%  33.4 1370s
H56739 43490                    1392892.9724    0.00000   100%  33.6 1374s
 56761 43514 977616.157  108  219 1392892.97    0.00000   100%  33.6 1375s
H56765 43514                    1392469.2633    0.00000   100%  33.6 1375s
 56975 43651 infeasible  105      1392469.26    0.00000   100%  33.7 1380s
H56980 43651                    1392451.0332    0.00000   100%  33.7 1380s
H57063 43699                    1392391.5419    0.00000   100%  33.8 1382s
H57089 43719                    1392022.3161    0.00000   100%  33.8 1383s
H57117 43743                    1392014.6998    0.00000   100%  33.8 1383s
 57169 43789 1019195.78  105  228 1392014.70    0.00000   100%  33.8 1385s
H57247 43844                    1391897.9314    0.00000   100%  33.8 1386s
 57433 43980     cutoff  130      1391897.93    0.00000   100%  33.9 1390s
H57484 44017                    1391336.7296    0.00000   100%  33.9 1390s
H57826 44266                    1391336.7292    0.00000   100%  34.0 1394s
 57860 44281 infeasible  108      1391336.73    0.00000   100%  34.1 1395s
H58218 44521                    1391335.6165    0.00000   100%  34.3 1399s
H58246 44529                    1391316.6195    0.00000   100%  34.3 1399s
 58289 44574 908141.737  115  220 1391316.62    0.00000   100%  34.3 1400s
H58319 44579                    1391297.6450    0.00000   100%  34.4 1400s
H58512 44725                    1391015.7512    0.00000   100%  34.4 1403s
 58589 44790 614917.545   87  253 1391015.75    0.00000   100%  34.5 1405s
 58999 45102 402970.333   88  239 1391015.75    0.00000   100%  34.6 1410s
H59036 45123                    1390898.6598    0.00000   100%  34.7 1410s
H59107 45174                    1390893.3485    0.00000   100%  34.7 1411s
 59362 45369 315895.199   75  270 1390893.35    0.00000   100%  34.8 1415s
H59408 45413                    1390886.1586    0.00000   100%  34.8 1415s
H59624 45546                    1390580.7918    0.00000   100%  34.9 1418s
 59711 45576 infeasible  102      1390580.79    0.00000   100%  35.0 1420s
H60074 45829                    1390572.6711    0.00000   100%  35.1 1424s
 60078 45829     cutoff  106      1390572.67    0.00000   100%  35.1 1425s
H60308 45993                    1390536.2194    0.00000   100%  35.3 1428s
H60334 46019                    1390530.6991    0.00000   100%  35.3 1428s
H60389 46043                    1390518.1383    0.00000   100%  35.3 1429s
 60417 46066 1277315.45  107  237 1390518.14    0.00000   100%  35.3 1430s
H60493 46114                    1390495.2149    0.00000   100%  35.4 1431s
 60726 46291 1240003.45  113  217 1390495.21    0.00000   100%  35.5 1435s
H60782 46328                    1390478.6151    0.00000   100%  35.5 1436s
H60843 46361                    1390459.9732    0.00000   100%  35.6 1437s
H60992 46472                    1390459.9481    0.00000   100%  35.6 1439s
H61018 46487                    1390431.2131    0.00000   100%  35.6 1439s
 61022 46493 207183.814   69  268 1390431.21    0.00000   100%  35.6 1440s
H61044 46513                    1390346.3436    0.00000   100%  35.6 1440s
H61070 46523                    1390343.6353    0.00000   100%  35.7 1440s
H61118 46571                    1390341.3493    0.00000   100%  35.6 1441s
 61405 46733 339406.752   82  245 1390341.35    0.00000   100%  35.9 1445s
H61595 46906                    1390341.3002    0.00000   100%  35.9 1447s
H62004 47315                    1390333.2285    0.00000   100%  35.7 1449s
 62162 47474 1366124.86  586  177 1390333.23    0.00000   100%  35.7 1450s
H62453 47680                    1390298.8445    0.00000   100%  35.7 1452s
H62494 47707                    1390149.1928    0.00000   100%  35.8 1452s
 62630 47809 160675.380   75  249 1390149.19    0.00000   100%  35.8 1455s
H62991 48086                    1390136.3727    0.00000   100%  35.9 1458s
 63178 48218     cutoff  144      1390136.37    0.00000   100%  35.9 1460s
H63179 48217                    1390107.7243    0.00000   100%  35.9 1460s
H63449 48413                    1390086.2599    0.00000   100%  36.0 1463s
H63519 48461                    1389973.1859    0.00000   100%  36.0 1464s
 63527 48471 222115.535   75  241 1389973.19    0.00000   100%  36.0 1465s
 63994 48814 234683.102   65  276 1389973.19    0.00000   100%  36.1 1470s
H64123 48917                    1389972.5391    0.00000   100%  36.1 1471s
 64412 49134 643514.630   90  241 1389972.54    0.00000   100%  36.2 1475s
H64439 49155                    1389812.2183    0.00000   100%  36.2 1475s
H64608 49258                    1389758.1259    0.00000   100%  36.3 1477s
H64765 49367                    1389746.7782    0.00000   100%  36.4 1479s
 64799 49399 1246750.79   93  264 1389746.78    0.00000   100%  36.4 1480s
H65233 49725                    1389742.6140    0.00000   100%  36.5 1484s
 65299 49779 1141344.05   93  244 1389742.61    0.00000   100%  36.5 1488s
H65353 49815                    1389692.1090    0.00000   100%  36.5 1489s
 65382 49829 1197437.43  127  192 1389692.11    0.00000   100%  36.5 1490s
H65512 49917                    1389634.5354    0.00000   100%  36.5 1492s
H65559 49952                    1389633.1291    0.00000   100%  36.6 1493s
H65564 49957                    1389603.5696    0.00000   100%  36.6 1493s
 65664 50043 659964.214   91  248 1389603.57    0.00000   100%  36.6 1495s
H65794 50135                    1389524.7572    0.00000   100%  36.6 1496s
H65855 50171                    1389524.7571    0.00000   100%  36.7 1497s
 66050 50319 151440.926   70  255 1389524.76    0.00000   100%  36.7 1500s
H66377 50578                    1389317.5402    0.00000   100%  36.8 1503s
 66545 50706 323277.143   81  250 1389317.54    0.00000   100%  36.8 1505s
H66932 50979                    1389313.5904    0.00000   100%  37.0 1509s
 66949 50984 66807.2178   66  289 1389313.59    0.00000   100%  37.0 1510s
H67304 51271                    1389205.4046    0.00000   100%  37.0 1513s
H67354 51317                    1389205.4045    0.00000   100%  37.0 1513s
H67432 51369                    1389191.5135    0.00000   100%  37.0 1514s
 67455 51372 1131222.28  125  207 1389191.51    0.00000   100%  37.1 1515s
 67829 51674 1165463.47  125  201 1389191.51    0.00000   100%  37.1 1520s
H67875 51689                    1389183.5823    0.00000   100%  37.1 1520s
H68005 51802                    1389151.9201    0.00000   100%  37.1 1523s
H68085 51861                    1389137.4689    0.00000   100%  37.1 1524s
 68137 51903 442546.919  100  219 1389137.47    0.00000   100%  37.1 1525s
H68479 52164                    1389131.1477    0.00000   100%  37.2 1528s
 68615 52255 576306.114   87  237 1389131.15    0.00000   100%  37.3 1530s
H68886 52458                    1389084.9636    0.00000   100%  37.3 1534s
H68889 52461                    1389079.4030    0.00000   100%  37.3 1534s
 68923 52497 950452.209  102  222 1389079.40    0.00000   100%  37.3 1535s
H69016 52559                    1388855.7152    0.00000   100%  37.4 1537s
H69042 52585                    1388849.0255    0.00000   100%  37.4 1537s
H69068 52611                    1388824.5599    0.00000   100%  37.4 1537s
 69254 52755 infeasible  139      1388824.56    0.00000   100%  37.4 1540s
 69729 53130 653343.565  120  207 1388824.56    0.00000   100%  37.5 1545s
H69926 53325                    1388790.4943    0.00000   100%  37.4 1547s
H69985 53384                    1388790.1896    0.00000   100%  37.4 1548s
 70138 53539 878687.841  355  172 1388790.19    0.00000   100%  37.3 1550s
H70310 53709                    1388783.1493    0.00000   100%  37.3 1551s
 70621 54022 1027498.14  711  170 1388783.15    0.00000   100%  37.2 1555s
H70675 54074                    1388777.1028    0.00000   100%  37.1 1555s
H70892 54291                    1388748.5605    0.00000   100%  37.0 1556s
 71416 54807 1293484.39 1331  170 1388748.56    0.00000   100%  36.9 1560s
H71486 54875                    1388748.2921    0.00000   100%  36.9 1560s
 72475 55860 1316702.51 2358  155 1388748.29    0.00000   100%  36.5 1565s
 73002 56244 1317914.35  146  194 1388748.29    0.00000   100%  36.6 1570s
H73261 56428                    1388725.8271    0.00000   100%  36.6 1573s
H73382 56515                    1388701.9493    0.00000   100%  36.7 1574s
 73408 56543 281493.763   91  256 1388701.95    0.00000   100%  36.6 1575s
H73435 56568                    1388698.2447    0.00000   100%  36.6 1575s
H73674 56782                    1388657.5147    0.00000   100%  36.6 1578s
 73820 56895 1217340.58  104  225 1388657.51    0.00000   100%  36.7 1580s
H74293 57212                    1388652.7578    0.00000   100%  36.9 1585s
 75090 57916 1242367.62  649  163 1388652.76    0.00000   100%  36.7 1590s
H75288 58046                    1388650.1506    0.00000   100%  36.7 1591s
H75557 58183                    1388641.0515    0.00000   100%  36.7 1594s
 75559 58187 1200877.78   90  238 1388641.05    0.00000   100%  36.7 1595s
H75916 58427                    1388611.3818    0.00000   100%  36.8 1598s
 76021 58508 1014089.52   95  238 1388611.38    0.00000   100%  36.9 1600s
H76258 58692                    1388544.8744    0.00000   100%  37.0 1602s
H76337 58748                    1388539.6062    0.00000   100%  37.0 1603s
H76363 58759                    1388530.5181    0.00000   100%  37.0 1603s
H76435 58809                    1388480.0504    0.00000   100%  37.0 1604s
 76487 58848 687350.113   84  245 1388480.05    0.00000   100%  37.0 1605s
H76877 59143                    1388415.2438    0.00000   100%  37.1 1609s
 76884 59148 infeasible  110      1388415.24    0.00000   100%  37.1 1610s
H77070 59269                    1388402.0411    0.00000   100%  37.2 1613s
 77148 59329 258990.217  100  225 1388402.04    0.00000   100%  37.3 1615s
H77280 59395                    1388395.8099    0.00000   100%  37.3 1616s
 77601 59620 1008949.53  107  231 1388395.81    0.00000   100%  37.4 1620s
 78093 60034     cutoff  231      1388395.81    0.00000   100%  37.4 1625s
H78403 60254                    1388379.2858    0.00000   100%  37.6 1628s
 78561 60376 1300712.45  118  256 1388379.29    0.00000   100%  37.6 1630s
H78664 60448                    1388378.3033    0.00000   100%  37.6 1631s
H78819 60590                    1388370.8116    0.00000   100%  37.6 1633s
 79013 60724 67796.9256   60  304 1388370.81    0.00000   100%  37.7 1635s
H79256 60881                    1388355.6296    0.00000   100%  37.8 1638s
 79467 61008 661314.283   72  302 1388355.63    0.00000   100%  37.9 1640s
H79529 61056                    1388346.4035    0.00000   100%  37.9 1640s
H79679 61173                    1388307.3469    0.00000   100%  37.9 1642s
 79954 61379 1062828.00  118  205 1388307.35    0.00000   100%  38.0 1645s
 80438 61786 1136032.80  103  206 1388307.35    0.00000   100%  38.1 1650s
H80469 61789                    1388302.2064    0.00000   100%  38.1 1650s
 80512 61822 367296.942   81  256 1388302.21    0.00000   100%  38.1 1655s
H80839 62072                    1388300.8310    0.00000   100%  38.2 1659s
 80868 62103 839704.663   90  253 1388300.83    0.00000   100%  38.2 1660s
H80917 62130                    1388294.3784    0.00000   100%  38.2 1660s
H81047 62217                    1388293.7748    0.00000   100%  38.3 1662s
H81073 62223                    1388200.3422    0.00000   100%  38.3 1662s
H81177 62284                    1388196.2057    0.00000   100%  38.4 1664s
 81229 62329 1141358.99  101  242 1388196.21    0.00000   100%  38.4 1665s
H81436 62463                    1388170.7744    0.00000   100%  38.5 1667s
H81566 62565                    1388162.2458    0.00000   100%  38.5 1668s
 81704 62658 679546.502   70  304 1388162.25    0.00000   100%  38.6 1670s
 82220 62996 infeasible   97      1388162.25    0.00000   100%  38.7 1675s
 82493 63198 296870.408   80  251 1388162.25    0.00000   100%  38.8 1680s
 82709 63369 60955.4204   63  293 1388162.25    0.00000   100%  38.9 1685s
 82976 63577 infeasible  101      1388162.25    0.00000   100%  38.9 1690s
H83193 63735                    1388113.6797    0.00000   100%  38.9 1693s
H83219 63761                    1388072.8135    0.00000   100%  38.9 1694s
 83251 63785 1268488.03  100  268 1388072.81    0.00000   100%  38.9 1695s
 83507 63986 1083549.42  122  213 1388072.81    0.00000   100%  39.0 1700s
 83764 64172 229351.790  105  229 1388072.81    0.00000   100%  39.0 1705s
H83778 64182                    1388056.1436    0.00000   100%  39.0 1705s
 83976 64305 854068.257  105  222 1388056.14    0.00000   100%  39.0 1710s
 84217 64484 1230999.89  100  229 1388056.14    0.00000   100%  39.1 1715s
 84596 64800 1192156.62  269  181 1388056.14    0.00000   100%  39.0 1720s
 85156 65309 1222429.12  120  209 1388056.14    0.00000   100%  38.9 1725s
 85320 65412 473891.905  111  227 1388056.14    0.00000   100%  39.0 1730s
 85583 65589 297511.340   72  293 1388056.14    0.00000   100%  39.0 1735s
 85799 65755 797406.096   92  230 1388056.14    0.00000   100%  39.1 1740s
 86062 65942 991925.418  101  227 1388056.14    0.00000   100%  39.1 1745s
 86360 66174 392504.172   86  264 1388056.14    0.00000   100%  39.2 1750s
H86436 66228                    1388053.4300    0.00000   100%  39.2 1751s
 86697 66449 1143622.10   99  227 1388053.43    0.00000   100%  39.2 1755s
 86989 66657 infeasible   93      1388053.43    0.00000   100%  39.2 1760s
 87210 66807 476289.260   89  253 1388053.43    0.00000   100%  39.3 1765s
 87457 66996 658890.717  102  217 1388053.43    0.00000   100%  39.4 1770s
 87827 67317 1243614.12  315  169 1388053.43    0.00000   100%  39.3 1775s
 88286 67776 1243614.12  774  171 1388053.43    0.00000   100%  39.1 1780s
H88709 68197                    1388048.0108    0.00000   100%  39.0 1784s
 88785 68275 1243614.12 1272  171 1388048.01    0.00000   100%  38.9 1785s
 89112 68519 infeasible  136      1388048.01    0.00000   100%  39.0 1790s
H89234 68586                    1388017.9027    0.00000   100%  39.1 1793s
 89348 68670 infeasible  110      1388017.90    0.00000   100%  39.1 1795s
H89378 68679                    1387892.9980    0.00000   100%  39.1 1795s
 89645 68867    0.00000   67  278 1387893.00    0.00000   100%  39.2 1800s
H89682 68902                    1387886.7208    0.00000   100%  39.2 1800s
H89796 68997                    1387806.5688    0.00000   100%  39.2 1803s
H89840 69030                    1387796.8234    0.00000   100%  39.2 1804s
 89909 69071 infeasible  106      1387796.82    0.00000   100%  39.2 1805s
 90199 69273 infeasible   93      1387796.82    0.00000   100%  39.3 1810s
H90474 69473                    1387772.6073    0.00000   100%  39.3 1814s
 90512 69511 859790.930   93  232 1387772.61    0.00000   100%  39.3 1815s
 90655 69614 68977.8986   66  286 1387772.61    0.00000   100%  39.4 1823s
 90720 69663 754260.492   76  251 1387772.61    0.00000   100%  39.4 1825s
 90946 69806 671304.549   80  249 1387772.61    0.00000   100%  39.5 1830s
H91038 69872                    1387737.1915    0.00000   100%  39.5 1832s
 91200 70016 infeasible   85      1387737.19    0.00000   100%  39.5 1835s
 91491 70209 1142926.68  125  207 1387737.19    0.00000   100%  39.6 1840s
 91710 70375 995962.603  109  212 1387737.19    0.00000   100%  39.6 1845s
 91953 70551 231680.961   83  241 1387737.19    0.00000   100%  39.7 1850s
 92224 70747 448132.652   78  271 1387737.19    0.00000   100%  39.7 1855s
 92528 70959 1232293.63  106  231 1387737.19    0.00000   100%  39.8 1860s
 92742 71090 87376.8895   60  295 1387737.19    0.00000   100%  39.9 1865s
 92984 71276 664978.067   86  242 1387737.19    0.00000   100%  40.0 1870s
 93246 71452 1219316.29   91  227 1387737.19    0.00000   100%  40.0 1875s
 93532 71665 711461.720  107  223 1387737.19    0.00000   100%  40.0 1880s
 93764 71834 487832.923   83  245 1387737.19    0.00000   100%  40.1 1885s
 94032 72026 infeasible  108      1387737.19    0.00000   100%  40.2 1890s
 94277 72243 590828.858   97  234 1387737.19    0.00000   100%  40.2 1895s
H94292 72256                    1387736.7139    0.00000   100%  40.2 1895s
H94422 72349                    1387707.3142    0.00000   100%  40.2 1898s
 94512 72400    0.00000   63  281 1387707.31    0.00000   100%  40.3 1900s
H94635 72496                    1387701.2774    0.00000   100%  40.3 1902s
 94777 72598 320779.842   73  288 1387701.28    0.00000   100%  40.3 1905s
 95079 72840 1218041.77  107  221 1387701.28    0.00000   100%  40.4 1910s
 95410 73091 infeasible   88      1387701.28    0.00000   100%  40.4 1915s
 95653 73263 infeasible  112      1387701.28    0.00000   100%  40.5 1920s
 95805 73386 infeasible  107      1387701.28    0.00000   100%  40.5 1925s
 96033 73548 991775.297  102  235 1387701.28    0.00000   100%  40.6 1930s
H96199 73669                    1387676.3261    0.00000   100%  40.6 1933s
H96225 73681                    1387676.2744    0.00000   100%  40.6 1934s
 96278 73731 1183567.85  111  220 1387676.27    0.00000   100%  40.6 1935s
H96331 73762                    1387669.6664    0.00000   100%  40.7 1936s
H96384 73807                    1387661.4149    0.00000   100%  40.7 1937s
H96468 73891                    1387661.3437    0.00000   100%  40.7 1939s
 96499 73922 1125345.62  128  210 1387661.34    0.00000   100%  40.7 1940s
H96549 73941                    1387656.6360    0.00000   100%  40.7 1941s
 96658 73997 1153674.16   88  231 1387656.64    0.00000   100%  40.8 1945s
H96745 74050                    1387645.5063    0.00000   100%  40.8 1947s
H96873 74128                    1387645.4613    0.00000   100%  40.8 1949s
 96875 74131 1319665.96  109  223 1387645.46    0.00000   100%  40.8 1950s
 97154 74329 751892.634  106  212 1387645.46    0.00000   100%  40.9 1955s
 97392 74509 884966.805   91  240 1387645.46    0.00000   100%  40.9 1960s
H97651 74713                    1387638.8377    0.00000   100%  41.0 1964s
 97654 74718 1106634.66  106  221 1387638.84    0.00000   100%  41.0 1965s
H97723 74752                    1387562.0660    0.00000   100%  41.0 1966s
 97924 74914 1298977.03  124  223 1387562.07    0.00000   100%  41.0 1970s
 98132 75052 1110137.45   98  220 1387562.07    0.00000   100%  41.1 1975s
H98198 75099                    1387559.9973    0.00000   100%  41.1 1976s
H98360 75211                    1387532.9705    0.00000   100%  41.1 1978s
 98428 75252 infeasible  109      1387532.97    0.00000   100%  41.1 1980s
 98698 75463 1006682.74   87  247 1387532.97    0.00000   100%  41.2 1985s
 98944 75668 809752.579  105  210 1387532.97    0.00000   100%  41.2 1990s
 99209 75861 783540.546   79  247 1387532.97    0.00000   100%  41.3 1995s
H99218 75864                    1387472.1464    0.00000   100%  41.3 1995s
 99504 76048 5909.66651   66  281 1387472.15    0.00000   100%  41.3 2000s
 99817 76277 997808.543  128  190 1387472.15    0.00000   100%  41.3 2005s
H99899 76355                    1387472.1137    0.00000   100%  41.3 2006s
H99979 76420                    1387472.0094    0.00000   100%  41.3 2007s
 100148 76548 infeasible  125      1387472.01    0.00000   100%  41.3 2010s
H100393 76684                    1387471.3687    0.00000   100%  41.4 2014s
 100420 76704    0.00000   55  330 1387471.37    0.00000   100%  41.4 2015s
H100559 76807                    1387470.4107    0.00000   100%  41.4 2017s
 100690 76907 41015.8400   64  292 1387470.41    0.00000   100%  41.5 2020s
 100862 77065 infeasible  120      1387470.41    0.00000   100%  41.5 2025s
H101013 77156                    1387467.3652    0.00000   100%  41.5 2028s
 101080 77211 200193.471   72  263 1387467.37    0.00000   100%  41.5 2030s
 101374 77451 851550.791   84  232 1387467.37    0.00000   100%  41.5 2035s
H101448 77505                    1387459.9873    0.00000   100%  41.6 2036s
 101645 77668 1158273.21  110  205 1387459.99    0.00000   100%  41.6 2040s
 101916 77860 623812.611   89  239 1387459.99    0.00000   100%  41.6 2045s
 102107 77999 1230201.19  104  227 1387459.99    0.00000   100%  41.7 2050s
H102156 78021                    1387454.6738    0.00000   100%  41.7 2051s
 102419 78238 1000845.05  118  220 1387454.67    0.00000   100%  41.7 2055s
H102457 78272                    1387419.6023    0.00000   100%  41.7 2055s
 102647 78396 1050281.90   87  263 1387419.60    0.00000   100%  41.8 2060s
Created node file directory '/home/ps12398/gp-momulap/goalProgrammingMarcos//grbnodes0'
 102727 78444 1310349.80  113  218 1387419.60    0.00000   100%  41.8 2065s
 103003 78634 236322.378   65  285 1387419.60    0.00000   100%  41.9 2070s
 103289 78869 1231317.93  112  236 1387419.60    0.00000   100%  41.9 2075s
 103450 78990 1077534.70   99  224 1387419.60    0.00000   100%  42.0 2080s
 103688 79147 437336.812   76  260 1387419.60    0.00000   100%  42.0 2085s
 104017 79394 693545.898   85  238 1387419.60    0.00000   100%  42.0 2090s
 104275 79571 1293205.42  112  231 1387419.60    0.00000   100%  42.1 2095s
 104529 79759 482636.422  104  227 1387419.60    0.00000   100%  42.2 2100s
H104741 79893                    1387408.5654    0.00000   100%  42.2 2103s
 104808 79962 1111325.03   96  228 1387408.57    0.00000   100%  42.2 2105s
 105120 80220 infeasible  214      1387408.57    0.00000   100%  42.3 2110s
H105242 80276                    1387399.6371    0.00000   100%  42.3 2112s
H105379 80363                    1387393.6170    0.00000   100%  42.3 2114s
 105399 80368 11554.3640   58  294 1387393.62    0.00000   100%  42.3 2115s
 105649 80562 62846.7542   57  297 1387393.62    0.00000   100%  42.4 2120s
H105683 80594                    1387385.9473    0.00000   100%  42.3 2120s
 105868 80747 487998.800   82  253 1387385.95    0.00000   100%  42.4 2125s
H106048 80883                    1387377.8442    0.00000   100%  42.4 2128s
 106123 80930 486688.733   63  278 1387377.84    0.00000   100%  42.4 2130s
 106449 81178 infeasible  115      1387377.84    0.00000   100%  42.4 2135s
 106679 81359 infeasible  103      1387377.84    0.00000   100%  42.4 2140s
 106959 81568 infeasible  102      1387377.84    0.00000   100%  42.5 2145s
H107143 81688                    1387373.3359    0.00000   100%  42.5 2148s
 107286 81803 675231.894   89  252 1387373.34    0.00000   100%  42.6 2150s
 107460 81934 1326315.88  107  247 1387373.34    0.00000   100%  42.6 2155s
H107506 81963                    1387368.8925    0.00000   100%  42.6 2155s
 107756 82142 infeasible   93      1387368.89    0.00000   100%  42.6 2160s
 108084 82376    0.00000   67  280 1387368.89    0.00000   100%  42.7 2165s
H108373 82589                    1387368.5868    0.00000   100%  42.7 2169s
 108412 82616 560820.916   80  246 1387368.59    0.00000   100%  42.7 2170s
H108458 82643                    1387363.6891    0.00000   100%  42.7 2170s
 108654 82784 227730.767   76  273 1387363.69    0.00000   100%  42.8 2175s
H108790 82883                    1387359.4700    0.00000   100%  42.8 2177s
H108917 82955                    1387359.4441    0.00000   100%  42.8 2180s
H109061 83059                    1387315.4961    0.00000   100%  42.9 2182s
 109218 83166 infeasible   97      1387315.50    0.00000   100%  42.9 2185s
 109347 83257 156466.857   74  283 1387315.50    0.00000   100%  43.0 2190s
 109589 83421 516121.504   82  255 1387315.50    0.00000   100%  43.0 2195s
 109966 83738 872260.927  223  183 1387315.50    0.00000   100%  43.0 2200s
H110174 83934                    1387312.6705    0.00000   100%  42.9 2201s
 110670 84422 1178409.45  827  167 1387312.67    0.00000   100%  42.8 2205s
H110886 84636                    1387301.8362    0.00000   100%  42.7 2206s
 111264 85016 1181231.98 1420  167 1387301.84    0.00000   100%  42.6 2210s
 111939 85687 1192421.09 2043  157 1387301.84    0.00000   100%  42.3 2215s
 112965 86701 1243468.58 2963  155 1387301.84    0.00000   100%  42.0 2220s
H113758 87492                    1387299.7251    0.00000   100%  41.7 2223s
 114207 87943 1257930.63 4200  155 1387299.73    0.00000   100%  41.6 2225s
H114758 88490                    1387271.7821    0.00000   100%  41.4 2226s
H114981 88713                    1387264.5735    0.00000   100%  41.3 2227s
 115209 88860 446629.372   78  239 1387264.57    0.00000   100%  41.4 2230s
 115641 89144    0.00000   57  280 1387264.57    0.00000   100%  41.4 2235s
H116011 89443                    1387256.3308    0.00000   100%  41.5 2243s
 116092 89500 776084.227   74  253 1387256.33    0.00000   100%  41.5 2245s
 116451 89769 infeasible  113      1387256.33    0.00000   100%  41.5 2250s
H116796 90042                    1387255.3524    0.00000   100%  41.6 2254s
 116851 90089 498511.614   80  262 1387255.35    0.00000   100%  41.6 2255s
 117195 90318 1273499.35   97  236 1387255.35    0.00000   100%  41.6 2260s
 117593 90599 1385555.20  109  250 1387255.35    0.00000   100%  41.7 2265s
 117735 90698 642417.109   81  245 1387255.35    0.00000   100%  41.8 2270s
H117796 90731                    1386358.1117    0.00000   100%  41.8 2271s
H117942 90850                    1386353.8471    0.00000   100%  41.8 2272s
 118119 91009 881432.362  143  197 1386353.85    0.00000   100%  41.8 2275s
H118143 91031                    1386350.2715    0.00000   100%  41.8 2275s
 118593 91404 828243.198   96  228 1386350.27    0.00000   100%  41.8 2280s
H118607 91416                    1386011.3498    0.00000   100%  41.8 2280s
H118986 91689                    1386002.9894    0.00000   100%  41.9 2284s
 119069 91758 613000.459   86  239 1386002.99    0.00000   100%  41.9 2285s
H119221 91879                    1386001.8103    0.00000   100%  41.9 2286s
H119401 92003                    1385997.8343    0.00000   100%  41.9 2288s
 119508 92081 810824.442   88  248 1385997.83    0.00000   100%  42.0 2290s
H119603 92144                    1385993.9238    0.00000   100%  42.0 2290s
 119932 92409 1045044.76   94  215 1385993.92    0.00000   100%  42.0 2295s
H120257 92654                    1385972.4403    0.00000   100%  42.0 2298s
H120283 92680                    1385961.4431    0.00000   100%  42.0 2298s
H120405 92770                    1385961.4429    0.00000   100%  42.1 2299s
 120443 92802 486311.975   83  245 1385961.44    0.00000   100%  42.1 2300s
 120875 93104 1137219.72   93  252 1385961.44    0.00000   100%  42.1 2305s
 121165 93344 1312352.53  159  188 1385961.44    0.00000   100%  42.1 2310s
 121560 93561 494943.609   75  259 1385961.44    0.00000   100%  42.2 2315s
H121718 93675                    1385950.5780    0.00000   100%  42.2 2317s
 121929 93842 1326715.80  128  210 1385950.58    0.00000   100%  42.2 2320s
H122355 94180                    1385884.7608    0.00000   100%  42.3 2324s
 122381 94200 1319568.37  100  263 1385884.76    0.00000   100%  42.3 2325s
H122552 94341                    1385882.1633    0.00000   100%  42.3 2326s
H122731 94459                    1385878.2085    0.00000   100%  42.3 2328s
 122885 94572 910393.449  103  238 1385878.21    0.00000   100%  42.3 2330s
 123136 94708 656553.034   76  256 1385878.21    0.00000   100%  42.4 2335s
H123397 94880                    1385867.4974    0.00000   100%  42.5 2338s
H123449 94916                    1385853.5438    0.00000   100%  42.5 2339s
H123528 94990                    1385709.0614    0.00000   100%  42.5 2340s
H123538 94993                    1385706.6008    0.00000   100%  42.5 2340s
H123646 95101                    1385706.4998    0.00000   100%  42.5 2341s
H123926 95363                    1385706.4287    0.00000   100%  42.4 2344s
 123970 95383 172502.780   66  287 1385706.43    0.00000   100%  42.4 2345s
H124101 95466                    1385697.2397    0.00000   100%  42.4 2346s
 124488 95767 1007127.63   89  250 1385697.24    0.00000   100%  42.5 2350s
H124553 95817                    1385696.6381    0.00000   100%  42.5 2350s
 124978 96133 1288968.42  103  241 1385696.64    0.00000   100%  42.6 2355s
 125419 96445 1067089.81  115  214 1385696.64    0.00000   100%  42.6 2360s
H125620 96609                    1385691.7429    0.00000   100%  42.6 2362s
 125869 96791 71281.3083   66  290 1385691.74    0.00000   100%  42.7 2365s
H126157 96988                    1385688.7961    0.00000   100%  42.8 2370s
H126210 97041                    1385679.9513    0.00000   100%  42.7 2370s
H126341 97160                    1385589.0267    0.00000   100%  42.7 2371s
 126686 97401 813177.412   83  253 1385589.03    0.00000   100%  42.8 2375s
 127296 97854 1367855.26  376  185 1385589.03    0.00000   100%  42.8 2380s
H127602 98099                    1385584.6298    0.00000   100%  42.8 2382s
 127793 98254 618362.614   76  271 1385584.63    0.00000   100%  42.8 2385s
 128198 98551 1342033.45  136  227 1385584.63    0.00000   100%  42.9 2390s
 128656 98926 979476.925   93  240 1385584.63    0.00000   100%  42.9 2395s
 129071 99207 infeasible  101      1385584.63    0.00000   100%  43.0 2400s
 129610 99617 infeasible  120      1385584.63    0.00000   100%  43.1 2405s
H129965 99865                    1385582.1735    0.00000   100%  43.1 2408s
 130047 99931 426027.696   68  257 1385582.17    0.00000   100%  43.1 2410s
H130073 99955                    1385556.5048    0.00000   100%  43.1 2410s
 130259 100093 infeasible  104      1385556.50    0.00000   100%  43.2 2415s
H130422 100169                    1385552.1077    0.00000   100%  43.3 2417s
H130474 100205                    1385551.0142    0.00000   100%  43.3 2418s
 130607 100310 471397.070   77  249 1385551.01    0.00000   100%  43.3 2420s
H130812 100469                    1385546.1067    0.00000   100%  43.3 2422s
H130922 100579                    1385537.7390    0.00000   100%  43.3 2424s
 131007 100662 1070258.54  130  198 1385537.74    0.00000   100%  43.3 2425s
H131228 100851                    1385461.4918    0.00000   100%  43.3 2428s
H131245 100860                    1385461.4917    0.00000   100%  43.3 2428s
H131298 100851                    1385458.8623    0.00000   100%  43.3 2429s
 131350 100870 811774.214   92  234 1385458.86    0.00000   100%  43.3 2430s
H131508 100953                    1385363.3936    0.00000   100%  43.4 2432s
H131621 100983                    1385363.3315    0.00000   100%  43.4 2434s
 131650 100982 infeasible   96      1385363.33    0.00000   100%  43.5 2435s
 131979 101153 1207479.38  112  233 1385363.33    0.00000   100%  43.6 2440s
H132155 101221                    1385356.7773    0.00000   100%  43.6 2442s
 132273 101255 1283755.99  104  228 1385356.78    0.00000   100%  43.7 2445s
 132590 101374 364912.265   89  239 1385356.78    0.00000   100%  43.9 2450s
H132613 101395                    1385341.8998    0.00000   100%  43.9 2450s
 133278 102047 1138719.10  316  168 1385341.90    0.00000   100%  43.8 2455s
H133589 102352                    1385332.7041    0.00000   100%  43.7 2456s
 133969 102616 679870.895   68  272 1385332.70    0.00000   100%  43.7 2460s
 134475 102954 infeasible   91      1385332.70    0.00000   100%  43.7 2465s
H134677 103008                    1385331.1228    0.00000   100%  43.8 2467s
 134774 103017 infeasible   96      1385331.12    0.00000   100%  43.9 2470s
 135038 103103 infeasible   97      1385331.12    0.00000   100%  44.1 2475s
 135359 103217 infeasible  122      1385331.12    0.00000   100%  44.2 2480s
 135621 103252 63464.0671   62  290 1385331.12    0.00000   100%  44.3 2485s
 135953 103584 768101.671   93  248 1385331.12    0.00000   100%  44.3 2490s
H136116 103734                    1385328.2403    0.00000   100%  44.3 2492s
H136272 103787                    1385264.1365    0.00000   100%  44.4 2494s
 136293 103790 1225763.87  104  222 1385264.14    0.00000   100%  44.4 2495s
H136302 103787                    1385238.5015    0.00000   100%  44.4 2499s
 136323 103792 1229076.25  109  214 1385238.50    0.00000   100%  44.4 2500s
H136585 103905                    1385217.5119    0.00000   100%  44.6 2504s
 136611 103905 1269389.52  108  274 1385217.51    0.00000   100%  44.6 2505s
 137200 104233 infeasible  104      1385217.51    0.00000   100%  44.7 2510s
 137561 104307 infeasible  118      1385217.51    0.00000   100%  44.8 2515s
H137586 104306                    1385131.4770    0.00000   100%  44.9 2515s
H137677 104353                    1385129.3204    0.00000   100%  44.9 2516s
 137940 104453 356069.986   66  280 1385129.32    0.00000   100%  45.0 2520s
 138326 104782 872416.714  159  182 1385129.32    0.00000   100%  45.0 2525s
 138923 105369 1047988.03  352  165 1385129.32    0.00000   100%  44.9 2531s
 139684 106098 1143087.23  802  156 1385129.32    0.00000   100%  44.7 2535s
H140700 107100                    1385127.3552    0.00000   100%  44.4 2538s
 141373 107775 1152718.36 2476  155 1385127.36    0.00000   100%  44.2 2540s
H141374 107774                    1385121.3537    0.00000   100%  44.2 2540s
H142374 108774                    1382261.7154    0.00000   100%  44.0 2542s
H142487 108887                    1382252.6722    0.00000   100%  43.9 2542s
 143645 110047 1158486.05 4747  155 1382252.67    0.00000   100%  43.6 2545s
 145619 112019 1167093.92 6718  154 1382252.67    0.00000   100%  43.1 2550s
 147153 113553 1171787.93 8252  155 1382252.67    0.00000   100%  42.7 2555s
H148014 114202                    1382249.1517    0.00000   100%  42.7 2559s
H148041 114198                    1382208.9914    0.00000   100%  42.7 2559s
 148067 114221 785442.061   79  268 1382208.99    0.00000   100%  42.7 2560s
 148377 114316 1171118.30   98  233 1382208.99    0.00000   100%  42.8 2565s
H148587 114324                    1382206.1132    0.00000   100%  43.0 2569s
H148639 114376                    1382205.1892    0.00000   100%  43.0 2570s
H148847 114580                    1380583.5970    0.00000   100%  43.0 2571s
 148915 114650 898018.254   78  233 1380583.60    0.00000   100%  43.0 2578s
H148951 114684                    1380572.1620    0.00000   100%  43.0 2579s
H149081 114812                    1380159.3086    0.00000   100%  43.0 2580s
H149177 114890                    1380148.7102    0.00000   100%  43.0 2581s
H149345 114958                    1380146.3758    0.00000   100%  43.0 2583s
H149374 114961                    1380121.0504    0.00000   100%  43.0 2583s
 149454 114971 1073947.33   94  223 1380121.05    0.00000   100%  43.1 2585s
 149810 115036 181234.344   69  276 1380121.05    0.00000   100%  43.2 2590s
H150030 115114                    1380120.3665    0.00000   100%  43.2 2593s
 150177 115172 infeasible  122      1380120.37    0.00000   100%  43.3 2595s
H150188 115171                    1380106.8229    0.00000   100%  43.3 2595s
H150371 115301                    1379776.8276    0.00000   100%  43.4 2598s
H150449 115379                    1379766.4073    0.00000   100%  43.4 2599s
 150457 115389 795211.558  112  200 1379766.41    0.00000   100%  43.4 2600s
 150874 115690 1008059.50  122  206 1379766.41    0.00000   100%  43.4 2605s
 151265 115815 1327625.02  116  234 1379766.41    0.00000   100%  43.5 2610s
H151377 115871                    1379757.6274    0.00000   100%  43.5 2611s
 151515 115931 1027321.68  106  255 1379757.63    0.00000   100%  43.5 2615s
H151666 116002                    1379755.0645    0.00000   100%  43.6 2618s
 151805 116040 628049.774   78  242 1379755.06    0.00000   100%  43.6 2620s
H151832 116063                    1379742.3572    0.00000   100%  43.6 2620s
 152184 116318 303823.509   64  299 1379742.36    0.00000   100%  43.7 2625s
H152594 116713                    1379735.9343    0.00000   100%  43.7 2628s
 152777 116777 1267597.87   99  275 1379735.93    0.00000   100%  43.7 2630s
H153107 116888                    1379713.5716    0.00000   100%  43.8 2634s
 153264 117047 670167.836   94  240 1379713.57    0.00000   100%  43.8 2635s
H153528 117217                    1379713.5502    0.00000   100%  43.8 2637s
 153633 117278 1261503.56  109  214 1379713.55    0.00000   100%  43.9 2640s
H153656 117277                    1379705.5787    0.00000   100%  43.9 2640s
H153894 117354                    1379683.8593    0.00000   100%  44.0 2644s
 153925 117351 infeasible  115      1379683.86    0.00000   100%  44.0 2645s
 154157 117394 1245114.65   99  245 1379683.86    0.00000   100%  44.1 2650s
 154447 117473 infeasible  102      1379683.86    0.00000   100%  44.3 2655s
 154745 117533 infeasible  122      1379683.86    0.00000   100%  44.5 2660s
 154987 117595 292635.646   72  282 1379683.86    0.00000   100%  44.6 2665s
H155153 117640                    1379672.1671    0.00000   100%  44.6 2668s
 155248 117679 302390.959   67  281 1379672.17    0.00000   100%  44.6 2670s
H155311 117740                    1379657.9923    0.00000   100%  44.6 2671s
 155386 117817 701452.063   76  268 1379657.99    0.00000   100%  44.6 2675s
 155708 118103 1212721.28   92  243 1379657.99    0.00000   100%  44.6 2680s
 155984 118196 infeasible  101      1379657.99    0.00000   100%  44.7 2685s
 156263 118336 926356.943  103  222 1379657.99    0.00000   100%  44.8 2690s
 156455 118475 1303215.48  119  252 1379657.99    0.00000   100%  44.8 2695s
 156598 118481 336539.911   72  263 1379657.99    0.00000   100%  44.9 2700s
H156834 118606                    1379593.9696    0.00000   100%  44.9 2705s
H157069 118699                    1379573.7428    0.00000   100%  45.0 2710s
H157121 118743                    1379566.8261    0.00000   100%  45.1 2710s
 157345 118827 97486.7289   59  281 1379566.83    0.00000   100%  45.1 2715s
H157486 118861                    1379562.4753    0.00000   100%  45.2 2716s
 157678 118920 1080635.88   93  238 1379562.48    0.00000   100%  45.3 2720s
H157698 118927                    1379550.7954    0.00000   100%  45.3 2720s
 158101 119303 836052.343  196  184 1379550.80    0.00000   100%  45.3 2725s
H158284 119484                    1379549.0706    0.00000   100%  45.2 2727s
 158569 119771 919346.712  435  157 1379549.07    0.00000   100%  45.2 2730s
H159284 120483                    1377524.9902    0.00000   100%  45.0 2733s
H159499 120697                    1376651.5458    0.00000   100%  44.9 2734s
 159569 120769 935910.772 1349  155 1376651.55    0.00000   100%  44.9 2735s
H160632 121830                    1376628.3185    0.00000   100%  44.6 2739s
 160778 121978 936883.380 2558  155 1376628.32    0.00000   100%  44.6 2740s
H161168 122302                    1376611.8933    0.00000   100%  44.5 2742s
 161483 122585 879484.259   75  274 1376611.89    0.00000   100%  44.5 2745s
H161591 122691                    1376602.8276    0.00000   100%  44.5 2745s
H161643 122730                    1376523.3945    0.00000   100%  44.5 2746s
H161657 122742                    1376502.0614    0.00000   100%  44.5 2751s
H161829 122758                    1376497.3906    0.00000   100%  44.6 2754s
 161845 122758 1222392.06   90  262 1376497.39    0.00000   100%  44.6 2755s
H161856 122757                    1376470.8670    0.00000   100%  44.6 2755s
H161989 122798                    1376436.3481    0.00000   100%  44.6 2756s
H162250 122956                    1376431.5655    0.00000   100%  44.7 2760s
H162329 122971                    1376426.1570    0.00000   100%  44.7 2760s
H162435 123045                    1376422.8992    0.00000   100%  44.7 2762s
 162813 123255 infeasible  103      1376422.90    0.00000   100%  44.7 2765s
H162941 123296                    1376422.6702    0.00000   100%  44.8 2766s
H163162 123348                    1376386.5361    0.00000   100%  44.9 2769s
 163243 123419 1318281.19  135  203 1376386.54    0.00000   100%  44.9 2770s
 163742 123826 1250515.93  113  257 1376386.54    0.00000   100%  44.9 2776s
 164010 123889 infeasible  104      1376386.54    0.00000   100%  45.0 2780s
H164162 123893                    1375927.4801    0.00000   100%  45.1 2782s
 164355 123940 1274939.24  109  234 1375927.48    0.00000   100%  45.3 2785s
H164415 123969                    1375927.3773    0.00000   100%  45.3 2785s
H164572 124069                    1375923.0351    0.00000   100%  45.3 2787s
H164682 124088                    1375916.7558    0.00000   100%  45.4 2789s
 164727 124088 194593.396   63  295 1375916.76    0.00000   100%  45.4 2790s
H164761 124116                    1375916.7214    0.00000   100%  45.4 2790s
H164876 124145                    1375916.7098    0.00000   100%  45.4 2792s
 165077 124217 1169523.59  112  210 1375916.71    0.00000   100%  45.6 2795s
H165146 124213                    1375904.0936    0.00000   100%  45.6 2796s
 165331 124247 1213602.12   98  234 1375904.09    0.00000   100%  45.7 2800s
 165649 124372 infeasible  117      1375904.09    0.00000   100%  45.8 2805s
H165740 124373                    1375888.0410    0.00000   100%  45.8 2806s
H165818 124451                    1375888.0383    0.00000   100%  45.8 2807s
H165870 124503                    1375869.7189    0.00000   100%  45.8 2808s
 165991 124620 1154502.08   98  226 1375869.72    0.00000   100%  45.8 2810s
 166300 124755 419414.837   72  277 1375869.72    0.00000   100%  45.9 2815s
H166520 124868                    1375868.7237    0.00000   100%  46.0 2817s
 166689 124919 1251597.16  111  230 1375868.72    0.00000   100%  46.0 2820s
 166916 125004 336907.772   67  284 1375868.72    0.00000   100%  46.1 2825s
H167308 125342                    1375788.3555    0.00000   100%  46.1 2829s
H167334 125354                    1375788.3554    0.00000   100%  46.1 2829s
 167338 125360 1185929.22   94  256 1375788.36    0.00000   100%  46.1 2830s
 167717 125475 1243758.53  113  218 1375788.36    0.00000   100%  46.3 2835s
H167731 125475                    1375771.9908    0.00000   100%  46.3 2835s
 168036 125577 infeasible  105      1375771.99    0.00000   100%  46.4 2840s
 168528 125995 1306406.91  114  251 1375771.99    0.00000   100%  46.4 2845s
 168781 126022 1308853.15  112  229 1375771.99    0.00000   100%  46.6 2850s
H168903 126058                    1375766.2219    0.00000   100%  46.6 2852s
H169059 126121                    1375748.1609    0.00000   100%  46.7 2854s
 169065 126129 1032171.38  104  223 1375748.16    0.00000   100%  46.7 2855s
 169347 126192 1338265.22  106  265 1375748.16    0.00000   100%  46.8 2860s
H169564 126251                    1375739.0897    0.00000   100%  46.9 2863s
H169590 126256                    1375714.3027    0.00000   100%  47.0 2864s
 169638 126278 230909.929   63  286 1375714.30    0.00000   100%  47.0 2865s
 170067 126596 1332966.77   85  299 1375714.30    0.00000   100%  47.0 2870s
 170366 126669 1317906.83  106  221 1375714.30    0.00000   100%  47.1 2875s
H170590 126818                    1374514.8242    0.00000   100%  47.1 2877s
H170700 126926                    1374514.4255    0.00000   100%  47.1 2879s
 170733 126959 1089551.23   99  227 1374514.43    0.00000   100%  47.2 2880s
H171001 127060                    1374510.8383    0.00000   100%  47.2 2884s
 171056 127091 1045572.46   92  244 1374510.84    0.00000   100%  47.2 2885s
H171065 127094                    1374468.9427    0.00000   100%  47.2 2885s
H171219 127127                    1374467.7612    0.00000   100%  47.3 2887s
H171290 127161                    1374463.8662    0.00000   100%  47.3 2888s
 171368 127169 infeasible  108      1374463.87    0.00000   100%  47.4 2890s
 171706 127238 1239567.73   99  256 1374463.87    0.00000   100%  47.5 2895s
 172068 127493 603039.034   68  282 1374463.87    0.00000   100%  47.5 2900s
H172120 127543                    1374462.6846    0.00000   100%  47.5 2900s
H172146 127569                    1374446.3511    0.00000   100%  47.5 2901s
H172506 127765                    1374446.3406    0.00000   100%  47.6 2904s
 172519 127764 1354879.38  110  231 1374446.34    0.00000   100%  47.6 2905s
H172773 127904                    1374446.2860    0.00000   100%  47.7 2908s
 172871 127976 infeasible  110      1374446.29    0.00000   100%  47.7 2910s
H172900 127979                    1374408.7032    0.00000   100%  47.7 2910s
 173119 128090 infeasible   98      1374408.70    0.00000   100%  47.8 2915s
 173317 128136 1226687.74  106  215 1374408.70    0.00000   100%  47.8 2920s
 173548 128210 infeasible  105      1374408.70    0.00000   100%  47.9 2925s
 173710 128245 1331321.43   99  261 1374408.70    0.00000   100%  48.0 2930s
H173854 128315                    1374315.6970    0.00000   100%  48.1 2932s
H173880 128311                    1374315.6431    0.00000   100%  48.1 2933s
H173909 128312                    1374309.4819    0.00000   100%  48.1 2934s
 173957 128340 669234.323   87  240 1374309.48    0.00000   100%  48.1 2935s
H173961 128342                    1374296.7775    0.00000   100%  48.1 2935s
 174244 128437 infeasible  101      1374296.78    0.00000   100%  48.2 2940s
 174560 128701 688376.239   94  224 1374296.78    0.00000   100%  48.2 2945s
H174784 128899                    1374265.7868    0.00000   100%  48.2 2949s
 174833 128927 1169631.76  109  217 1374265.79    0.00000   100%  48.2 2950s
H174966 128903                    1374260.9046    0.00000   100%  48.3 2952s
H175177 128966                    1374220.6449    0.00000   100%  48.4 2954s
 175186 128977 1055296.51  105  206 1374220.64    0.00000   100%  48.4 2955s
 175496 129053 1113480.80   99  217 1374220.64    0.00000   100%  48.5 2960s
H175625 129065                    1374212.3134    0.00000   100%  48.5 2961s
 175895 129167 infeasible  130      1374212.31    0.00000   100%  48.5 2965s
H176152 129252                    1374153.5526    0.00000   100%  48.6 2968s
 176230 129255 infeasible  120      1374153.55    0.00000   100%  48.7 2970s
H176233 129252                    1374141.5492    0.00000   100%  48.7 2970s
H176523 129419                    1374136.7735    0.00000   100%  48.7 2974s
 176576 129474 438448.407   89  231 1374136.77    0.00000   100%  48.7 2975s
 176872 129770 936990.052  177  192 1374136.77    0.00000   100%  48.7 2980s
 177134 130030 1133846.53  240  183 1374136.77    0.00000   100%  48.7 2985s
 177504 130251 1180959.94  278  179 1374136.77    0.00000   100%  48.7 2990s
H177524 130251                    1374006.5408    0.00000   100%  48.7 2990s
H177634 130259                    1374004.8104    0.00000   100%  48.7 2992s
H177715 130295                    1373978.7987    0.00000   100%  48.8 2993s
 177749 130305 1309844.42  114  227 1373978.80    0.00000   100%  48.8 2995s
 178109 130617 1228209.22   89  237 1373978.80    0.00000   100%  48.8 3000s
 178401 130675 infeasible   98      1373978.80    0.00000   100%  48.9 3005s
H178479 130678                    1373959.6980    0.00000   100%  48.9 3007s
 178658 130805 infeasible  103      1373959.70    0.00000   100%  48.9 3010s
 178849 130835 1052880.74   93  223 1373959.70    0.00000   100%  49.0 3015s
 179149 130897 1292163.75  111  213 1373959.70    0.00000   100%  49.1 3020s
 179452 130946 1308883.63  153  220 1373959.70    0.00000   100%  49.3 3025s
 179711 130953 669490.286   74  274 1373959.70    0.00000   100%  49.4 3030s
 180076 131026 infeasible   88      1373959.70    0.00000   100%  49.5 3035s
H180123 131038                    1373946.2474    0.00000   100%  49.5 3035s
 180513 131415 912203.039  113  221 1373946.25    0.00000   100%  49.5 3040s
H180774 131653                    1373942.1312    0.00000   100%  49.5 3043s
H180888 131713                    1373828.5145    0.00000   100%  49.5 3044s
 180926 131749 1268245.71   94  274 1373828.51    0.00000   100%  49.5 3045s
 181237 131788 infeasible  115      1373828.51    0.00000   100%  49.6 3050s
H181367 131813                    1373788.0269    0.00000   100%  49.7 3052s
H181505 131888                    1373685.2719    0.00000   100%  49.7 3053s
 181685 132070 851388.508   79  264 1373685.27    0.00000   100%  49.7 3055s
 182052 132292 1225884.54   98  230 1373685.27    0.00000   100%  49.7 3060s
H182080 132296                    1373676.0609    0.00000   100%  49.7 3060s
H182218 132312                    1373504.7263    0.00000   100%  49.8 3062s
H182256 132336                    1373496.9363    0.00000   100%  49.8 3062s
H182320 132353                    1373432.5156    0.00000   100%  49.8 3064s
 182366 132358 infeasible  113      1373432.52    0.00000   100%  49.8 3065s
H182372 132355                    1373400.3261    0.00000   100%  49.8 3065s
H182525 132427                    1371662.9570    0.00000   100%  49.9 3067s
H182606 132430                    1371600.6736    0.00000   100%  49.9 3069s
 182658 132460 1269159.02   94  254 1371600.67    0.00000   100%  50.0 3070s
 183201 132873 infeasible  112      1371600.67    0.00000   100%  50.0 3075s
H183310 132883                    1371569.7707    0.00000   100%  50.0 3076s
H183336 132909                    1371563.7277    0.00000   100%  50.0 3076s
H183388 132940                    1371545.1383    0.00000   100%  50.0 3077s
H183442 132962                    1371065.5313    0.00000   100%  50.0 3077s
H183523 132969                    1370943.0734    0.00000   100%  50.1 3078s
 183622 132989 954045.117   82  251 1370943.07    0.00000   100%  50.1 3080s
H183800 133029                    1370942.3626    0.00000   100%  50.1 3082s
 184007 133070 1147936.93  100  227 1370942.36    0.00000   100%  50.2 3085s
H184112 133083                    1370941.0366    0.00000   100%  50.2 3086s
H184208 133118                    1370932.0455    0.00000   100%  50.3 3088s
H184283 133161                    1370869.2012    0.00000   100%  50.3 3089s
H184311 133185                    1370366.4681    0.00000   100%  50.3 3089s
 184332 133185 infeasible   94      1370366.47    0.00000   100%  50.3 3090s
H184399 133238                    1370147.9923    0.00000   100%  50.3 3090s
H184541 133239                    1370138.0423    0.00000   100%  50.4 3093s
H184567 133239                    1370130.0299    0.00000   100%  50.4 3093s
H184612 133263                    1370122.0766    0.00000   100%  50.4 3095s
H184619 133270                    1370082.2964    0.00000   100%  50.4 3095s
H184641 133268                    1370082.2963    0.00000   100%  50.4 3095s
H184698 133274                    1370079.9018    0.00000   100%  50.5 3096s
H184750 133271                    1370064.7188    0.00000   100%  50.5 3097s
 184922 133398 485699.993   85  261 1370064.72    0.00000   100%  50.5 3100s
 185320 133738 1128688.91  127  220 1370064.72    0.00000   100%  50.5 3105s
H185346 133748                    1369943.0607    0.00000   100%  50.5 3105s
H185653 133854                    1369873.8567    0.00000   100%  50.5 3108s
H185732 133874                    1369861.8067    0.00000   100%  50.6 3110s
 186053 133981 1300449.37  101  255 1369861.81    0.00000   100%  50.7 3115s
H186080 133982                    1369772.9356    0.00000   100%  50.7 3115s
H186210 134021                    1369769.2617    0.00000   100%  50.7 3117s
H186420 134050                    1369716.5368    0.00000   100%  50.8 3119s
 186424 134050 infeasible   86      1369716.54    0.00000   100%  50.8 3120s
H186576 134200                    1369697.2969    0.00000   100%  50.8 3121s
H186694 134302                    1369661.3241    0.00000   100%  50.8 3122s
H186947 134445                    1369661.2584    0.00000   100%  50.8 3124s
 186965 134463 1273447.14  122  219 1369661.26    0.00000   100%  50.8 3125s
H187052 134480                    1369622.9833    0.00000   100%  50.8 3127s
 187125 134555 640485.117   93  234 1369622.98    0.00000   100%  50.8 3130s
H187260 134684                    1369575.9430    0.00000   100%  50.8 3133s
 187336 134762 1093128.05  151  188 1369575.94    0.00000   100%  50.8 3135s
H187625 135049                    1369575.1493    0.00000   100%  50.7 3137s
 187755 135171 1238213.73  190  192 1369575.15    0.00000   100%  50.7 3140s
H187761 135173                    1369573.7046    0.00000   100%  50.7 3140s
 187988 135258 1299320.49  100  267 1369573.70    0.00000   100%  50.8 3145s
H188022 135256                    1369506.7336    0.00000   100%  50.8 3145s
 188192 135310 1289809.07  117  222 1369506.73    0.00000   100%  50.8 3150s
 188401 135381 1275461.01  145  205 1369506.73    0.00000   100%  50.9 3155s
H188504 135424                    1369500.1765    0.00000   100%  50.9 3157s
H188530 135439                    1369477.4547    0.00000   100%  50.9 3158s
H188559 135439                    1369473.8390    0.00000   100%  50.9 3159s
 188595 135436 infeasible  112      1369473.84    0.00000   100%  51.0 3160s
H188793 135505                    1369339.2467    0.00000   100%  51.0 3163s
H188872 135506                    1369321.0559    0.00000   100%  51.0 3164s
 188874 135506 infeasible   98      1369321.06    0.00000   100%  51.0 3165s
H188924 135531                    1368747.4812    0.00000   100%  51.0 3165s
H189092 135589                    1368739.1565    0.00000   100%  51.1 3168s
 189145 135594 infeasible  106      1368739.16    0.00000   100%  51.1 3170s
 189529 135935 infeasible   83      1368739.16    0.00000   100%  51.1 3175s
 189833 136080 1168045.70   89  261 1368739.16    0.00000   100%  51.1 3180s
 190106 136248 1001771.45  100  225 1368739.16    0.00000   100%  51.1 3185s
 190301 136330 1281676.52  128  237 1368739.16    0.00000   100%  51.2 3190s
H190458 136340                    1368736.1752    0.00000   100%  51.2 3194s
H190484 136351                    1368685.9607    0.00000   100%  51.2 3195s
H190617 136416                    1368682.0179    0.00000   100%  51.3 3197s
 190803 136600 1221857.98  285  184 1368682.02    0.00000   100%  51.2 3200s
H190999 136794                    1368678.7954    0.00000   100%  51.2 3203s
 191164 136889 1295799.02  608  172 1368678.80    0.00000   100%  51.1 3205s
 191721 137084 1323118.33  984  175 1368678.80    0.00000   100%  51.1 3210s
H191828 137103                    1368674.6770    0.00000   100%  51.1 3211s
H192088 137209                    1368665.5628    0.00000   100%  51.1 3215s
H192166 137205                    1368649.7386    0.00000   100%  51.1 3216s
 192375 137210 1333246.59 1187  176 1368649.74    0.00000   100%  51.1 3220s
H192511 137206                    1368449.9850    0.00000   100%  51.1 3222s
 192679 137280 528460.323   90  262 1368449.99    0.00000   100%  51.1 3225s
 193143 137417 infeasible   94      1368449.99    0.00000   100%  51.2 3230s
H193203 137415                    1368318.7266    0.00000   100%  51.2 3230s
H193365 137475                    1368318.7161    0.00000   100%  51.2 3232s
H193368 137474                    1368304.9634    0.00000   100%  51.2 3232s
 193630 137645 945988.785   86  230 1368304.96    0.00000   100%  51.3 3235s
H193770 137781                    1368279.0448    0.00000   100%  51.3 3237s
H193955 137850                    1368228.4435    0.00000   100%  51.3 3240s
H194432 138303                    1368218.1251    0.00000   100%  51.3 3243s
 194571 138376 1252911.75   83  293 1368218.13    0.00000   100%  51.3 3245s
H194734 138419                    1368210.5236    0.00000   100%  51.3 3247s
 194968 138482 infeasible   99      1368210.52    0.00000   100%  51.4 3250s
H195042 138496                    1368205.5556    0.00000   100%  51.4 3250s
H195098 138523                    1368194.3008    0.00000   100%  51.4 3251s
H195266 138602                    1368194.2028    0.00000   100%  51.4 3253s
 195426 138640 infeasible   99      1368194.20    0.00000   100%  51.5 3255s
H195773 138732                    1368192.5595    0.00000   100%  51.6 3259s
 195829 138751 654378.114   76  248 1368192.56    0.00000   100%  51.6 3260s
H195946 138866                    1368173.6381    0.00000   100%  51.6 3261s
H196110 138992                    1368172.1024    0.00000   100%  51.6 3264s
 196136 138997 1292795.29  119  239 1368172.10    0.00000   100%  51.6 3265s
H196608 139280                    1368166.4039    0.00000   100%  51.7 3270s
H196734 139404                    1368164.0263    0.00000   100%  51.6 3271s
H196844 139482                    1368160.1416    0.00000   100%  51.6 3271s
H196854 139488                    1368160.0730    0.00000   100%  51.6 3272s
H196881 139492                    1368094.0765    0.00000   100%  51.6 3272s
 197039 139584 1341715.92   90  275 1368094.08    0.00000   100%  51.7 3275s
H197160 139601                    1368071.1607    0.00000   100%  51.7 3284s
 197161 139604 1186704.96   94  239 1368071.16    0.00000   100%  51.7 3285s
 197373 139681 1278683.10   91  254 1368071.16    0.00000   100%  51.7 3290s
H197399 139687                    1368065.4067    0.00000   100%  51.8 3290s
H197425 139713                    1368065.3787    0.00000   100%  51.8 3291s
H197556 139768                    1368055.6004    0.00000   100%  51.8 3293s
H197582 139771                    1368029.3567    0.00000   100%  51.8 3294s
 197634 139784 1358459.09  111  235 1368029.36    0.00000   100%  51.8 3295s
 197900 139851 1286003.66  108  245 1368029.36    0.00000   100%  51.9 3300s
 198287 140145 827827.262  103  232 1368029.36    0.00000   100%  51.9 3305s
H198498 140348                    1368025.5294    0.00000   100%  51.9 3307s
H198624 140430                    1368012.4157    0.00000   100%  51.9 3309s
 198672 140454 infeasible  100      1368012.42    0.00000   100%  52.0 3310s
 198931 140528 1228546.54   99  249 1368012.42    0.00000   100%  52.0 3315s
 199153 140657 38145.4037   62  299 1368012.42    0.00000   100%  52.1 3321s
 199431 140935 1031058.19   85  278 1368012.42    0.00000   100%  52.0 3325s
 199793 141229 1112466.07   97  251 1368012.42    0.00000   100%  52.1 3330s
 200056 141312 infeasible  108      1368012.42    0.00000   100%  52.1 3335s
 200344 141355 86364.8685   60  294 1368012.42    0.00000   100%  52.2 3340s
 200549 141447 1123960.33  116  212 1368012.42    0.00000   100%  52.2 3345s
 200757 141486    0.00000   59  313 1368012.42    0.00000   100%  52.3 3350s
H200889 141583                    1368007.9431    0.00000   100%  52.3 3352s
 200988 141613 571173.048   72  283 1368007.94    0.00000   100%  52.3 3355s
H201284 141769                    1367990.3309    0.00000   100%  52.3 3358s
 201339 141789 infeasible  101      1367990.33    0.00000   100%  52.3 3360s
 201551 141828 infeasible  104      1367990.33    0.00000   100%  52.4 3365s
 201740 141862 infeasible  105      1367990.33    0.00000   100%  52.5 3370s
H201810 141863                    1367896.8954    0.00000   100%  52.6 3371s
 201920 141901 1311857.30  107  244 1367896.90    0.00000   100%  52.6 3375s
H202097 141961                    1367893.3523    0.00000   100%  52.7 3378s
H202123 141987                    1367882.5418    0.00000   100%  52.7 3379s
 202153 141997 infeasible  126      1367882.54    0.00000   100%  52.7 3380s
H202206 142004                    1364020.8001    0.00000   100%  52.7 3381s
 202330 142045 1294674.23  149  201 1364020.80    0.00000   100%  52.7 3385s
 202674 142198 infeasible  242      1364020.80    0.00000   100%  52.7 3390s
H202758 142212                    1361899.8606    0.00000   100%  52.7 3391s
H202852 142284                    1361898.2873    0.00000   100%  52.7 3393s
 202932 142366 424291.163   70  285 1361898.29    0.00000   100%  52.7 3395s
 203232 142534 1171682.95   87  253 1361898.29    0.00000   100%  52.8 3400s
H203389 142565                    1361888.3243    0.00000   100%  52.8 3402s
 203452 142572 1243960.23  105  245 1361888.32    0.00000   100%  52.8 3405s
 203672 142652 infeasible  110      1361888.32    0.00000   100%  52.9 3410s
H203680 142658                    1361851.0218    0.00000   100%  52.9 3410s
H203889 142865                    1361850.6958    0.00000   100%  52.9 3414s
 203897 142875 1060996.32  111  204 1361850.70    0.00000   100%  52.9 3415s
H204089 143060                    1361844.4707    0.00000   100%  52.9 3418s
 204152 143089 infeasible  163      1361844.47    0.00000   100%  52.9 3420s
 204304 143132 infeasible  113      1361844.47    0.00000   100%  53.0 3425s
 204504 143241 1285100.84  138  210 1361844.47    0.00000   100%  53.0 3430s
 204798 143348 1239739.08  100  266 1361844.47    0.00000   100%  53.0 3435s
 205045 143420 infeasible   98      1361844.47    0.00000   100%  53.0 3440s
H205066 143415                    1361843.7854    0.00000   100%  53.0 3440s
H205201 143442                    1361745.6969    0.00000   100%  53.1 3444s
 205280 143490 infeasible  110      1361745.70    0.00000   100%  53.1 3445s
H205282 143488                    1361742.9326    0.00000   100%  53.1 3445s
H205463 143577                    1361739.8182    0.00000   100%  53.1 3448s
H205518 143576                    1361719.2055    0.00000   100%  53.1 3449s
 205546 143606 1184190.17   98  229 1361719.21    0.00000   100%  53.1 3450s
 205768 143662 infeasible  108      1361719.21    0.00000   100%  53.2 3455s
H205895 143736                    1361676.5860    0.00000   100%  53.2 3456s
H206053 143894                    1361673.0654    0.00000   100%  53.2 3457s
H206196 144037                    1361667.2612    0.00000   100%  53.2 3458s
 206326 144105 infeasible  120      1361667.26    0.00000   100%  53.2 3460s
H206436 144131                    1361661.6718    0.00000   100%  53.2 3461s
H206540 144180                    1361661.1025    0.00000   100%  53.2 3463s
H206567 144180                    1361635.4869    0.00000   100%  53.3 3464s
H206615 144180                    1361419.7865    0.00000   100%  53.3 3465s
 206938 144263 1270174.57  102  229 1361419.79    0.00000   100%  53.4 3470s
 207302 144409 587022.999   88  248 1361419.79    0.00000   100%  53.5 3475s
 207526 144462 infeasible  101      1361419.79    0.00000   100%  53.6 3480s
 207885 144700 1207947.16  103  227 1361419.79    0.00000   100%  53.7 3485s
 208332 144831 826234.848   91  239 1361419.79    0.00000   100%  53.8 3490s
 208736 144956 1296672.54   98  263 1361419.79    0.00000   100%  53.8 3495s
 209039 145050 1296118.77  122  225 1361419.79    0.00000   100%  54.0 3500s
 209390 145173 1273756.67  102  249 1361419.79    0.00000   100%  54.0 3505s
 209837 145513 1245757.16   99  261 1361419.79    0.00000   100%  54.1 3510s
 210247 145737 762056.965   71  295 1361419.79    0.00000   100%  54.1 3515s
H210665 146055                    1361418.2354    0.00000   100%  54.1 3519s
 210672 146060 1208928.57   87  271 1361418.24    0.00000   100%  54.1 3520s
 210922 146195 1300650.45  130  232 1361418.24    0.00000   100%  54.1 3525s
 211116 146219 1289107.29  133  205 1361418.24    0.00000   100%  54.2 3530s
 211381 146309 infeasible   99      1361418.24    0.00000   100%  54.3 3535s
 211583 146353    0.00000   57  306 1361418.24    0.00000   100%  54.3 3540s
H211666 146399                    1361403.4392    0.00000   100%  54.3 3541s
H211758 146426                    1361392.7209    0.00000   100%  54.4 3543s
 211809 146430 infeasible   95      1361392.72    0.00000   100%  54.4 3545s
H211997 146514                    1361363.3499    0.00000   100%  54.4 3548s
 212085 146604 817867.329   94  252 1361363.35    0.00000   100%  54.4 3550s
 212283 146796 1172236.18  134  199 1361363.35    0.00000   100%  54.4 3555s
H212284 146795                    1361352.6430    0.00000   100%  54.4 3555s
 212373 146825 1162844.22  143  203 1361352.64    0.00000   100%  54.4 3562s
H212389 146834                    1361251.5817    0.00000   100%  54.4 3563s
H212416 146845                    1361251.3323    0.00000   100%  54.4 3563s
 212466 146866 851855.128   91  251 1361251.33    0.00000   100%  54.4 3565s
H212468 146866                    1361245.5166    0.00000   100%  54.4 3565s
H212574 146915                    1361158.6416    0.00000   100%  54.4 3567s
H212600 146941                    1361158.6414    0.00000   100%  54.4 3568s
 212689 146998 686941.959   84  248 1361158.64    0.00000   100%  54.4 3570s
H212942 147089                    1361148.6736    0.00000   100%  54.5 3575s
 213280 147427 955943.525   85  256 1361148.67    0.00000   100%  54.4 3580s
 213568 147657 1236900.02   98  275 1361148.67    0.00000   100%  54.4 3585s
H213830 147738                    1361139.3686    0.00000   100%  54.5 3589s
 213832 147740 1240976.76  103  274 1361139.37    0.00000   100%  54.5 3590s
H213962 147765                    1361138.0054    0.00000   100%  54.5 3592s
 214134 147859 1170180.73  103  213 1361138.01    0.00000   100%  54.5 3595s

Cutting planes:
  Gomory: 2
  Implied bound: 29
  MIR: 78
  Flow cover: 36
  RLT: 11
  Relax-and-lift: 1

Explored 214358 nodes (11705039 simplex iterations) in 3600.09 seconds (1104.91 work units)
Thread count was 1 (of 24 available processors)

Solution count 10: 1.36114e+06 1.36114e+06 1.36115e+06 ... 1.36136e+06

Time limit reached
Best objective 1.361138005356e+06, best bound 0.000000000000e+00, gap 100.0000%
