Goal_10;235306;0.0;0.5;212618;1638994.2388999993;0.46870748106477716;21;0.0
Goal_1;235306;0.0;0.0;190808;1246121.3799;0.2929870151206817;3600;0.2585515475349406
Goal_2;235306;0.0;0.05555555555555555;189315;1259098.6528000007;0.28211283129405434;3600;0.25643337088738277
Goal_8;235306;0.0;0.38888888888888884;217561;1960017.9568999999;0.38888757870774954;3600;0.01774378479860205
Goal_6;235306;0.0;0.2777777777777778;205125;1846407.2968;0.28032114450126255;3600;0.11613807663533757
Goal_3;235306;0.0;0.1111111111111111;190017;1209980.3365999998;0.2902822192397035;3600;0.2705210117097947
Goal_4;235306;0.0;0.16666666666666666;197889;1560733.4130000004;0.2769832158008789;3600;0.24617390756590418
Goal_5;235306;0.0;0.2222222222222222;196168;1534044.7638;0.27865505435338783;3600;0.23881943969395708
Goal_7;235306;0.0;0.3333333333333333;207132;1669958.6182;0.3333345560533241;3600;0.06797729962875758
Goal_9;235306;0.0;0.4444444444444444;213997;1711134.5460999992;0.444444921046886;3600;8.353576716215206E-5
Goal_11;235306;986505.7727888891;0.0;194357;1443786.4865999995;0.2789794502634539;3600;0.2697570050085938
Goal_20;235306;986505.7727888891;0.5;212618;1638994.2388999993;0.4687074810648135;23;4.010502469611947E-14
Goal_17;235306;986505.7727888891;0.3333333333333333;205716;1582907.312;0.33815177089654114;3600;0.12445879840563279
Goal_16;235306;986505.7727888891;0.2777777777777778;192204;1228438.5929000005;0.294377211192731;3600;0.2364985672809799
Goal_21;235306;1973011.5455777782;0.0;204394;1972863.8662999999;0.2740249857697961;3600;0.3368139999961647
Goal_22;235306;1973011.5455777782;0.05555555555555555;201294;1980573.0030000005;0.2574840099695914;3600;0.3287208706652246
Goal_18;235306;986505.7727888891;0.38888888888888884;214166;1774893.8030999994;0.38888552509329866;3600;0.014259751046184956
Goal_14;235306;986505.7727888891;0.16666666666666666;197589;1584926.7353;0.27370195679021564;3600;0.3058441256932285
Goal_15;235306;986505.7727888891;0.2222222222222222;195556;1444182.3859999992;0.2855979092688189;3600;0.32329658065544514
Goal_13;235306;986505.7727888891;0.1111111111111111;197977;1642906.159;0.2862930692216352;3600;0.29574473130639245
Goal_12;235306;986505.7727888891;0.05555555555555555;191200;1375137.5514000005;0.2768065665798677;3600;0.29219680539371656
Goal_19;235306;986505.7727888891;0.4444444444444444;213980;1710296.2968999995;0.4444451178058547;3600;2.3936307325527173E-4
Goal_30;235306;1973011.5455777782;0.5;218994;1973046.5951999994;0.4334221471304509;22;1.4756174060148585E-15
Goal_29;235306;1973011.5455777782;0.4444444444444444;218994;1973046.5951999994;0.4334221471304517;22;1.0731762952835313E-15
Goal_24;235306;1973011.5455777782;0.16666666666666666;199726;1973009.6439;0.2699949335997519;3600;0.4772966283494019
Goal_23;235306;1973011.5455777782;0.1111111111111111;200813;1963520.9194999994;0.28800926612346445;3600;0.45584328999258883
Goal_25;235306;1973011.5455777782;0.2222222222222222;204399;1972820.9760999994;0.2844037527191473;3600;0.5439057773931117
Goal_27;235306;1973011.5455777782;0.3333333333333333;217216;2159470.762400002;0.33333319241551274;3600;0.23541034063544505
Goal_31;235306;2959517.3183666673;0.0;219278;2960335.1132999985;0.24805224710585938;3600;0.33957488806483455
Goal_26;235306;1973011.5455777782;0.2777777777777778;206526;1978100.5546999997;0.2887683482553509;3600;0.37116916617338147
Goal_28;235306;1973011.5455777782;0.38888888888888884;218263;1986409.7172999987;0.3888889994687926;3600;0.05767595521790562
Goal_32;235306;2959517.3183666673;0.05555555555555555;217033;2959339.1638000007;0.25526535785858073;3600;0.39308549468889453
Goal_33;235306;2959517.3183666673;0.1111111111111111;211905;2955265.1008999995;0.24588395169971794;3600;0.49700990382363175
Goal_34;235306;2959517.3183666673;0.16666666666666666;210152;2937728.751899999;0.24970017268647668;3600;0.6172857594752094
Goal_40;235306;2959517.3183666673;0.5;231177;2959534.763699997;0.34045752927015516;64;5.268911475149438E-13
Goal_39;235306;2959517.3183666673;0.4444444444444444;231177;2959534.763699997;0.34045752927015516;65;0.0
Goal_38;235306;2959517.3183666673;0.38888888888888884;231177;2959534.763699997;0.34045752927015516;123;1.6997770738286973E-13
Goal_47;235306;3946023.0911555565;0.3333333333333333;235227;3932125.5773999984;0.27861578172553475;97;0.0
Goal_48;235306;3946023.0911555565;0.38888888888888884;235227;3946021.616799998;0.27861578172553475;69;0.0
Goal_49;235306;3946023.0911555565;0.4444444444444444;235227;3936356.0136999986;0.2786157817255347;96;0.0
Goal_50;235306;3946023.0911555565;0.5;235227;3946021.333899998;0.2786157817255338;64;0.0
Goal_37;235306;2959517.3183666673;0.3333333333333333;230684;2959492.7979999976;0.3334759118916577;3600;0.11069161120989301
Goal_35;235306;2959517.3183666673;0.2222222222222222;220171;2959508.783199998;0.25701191278716273;3600;0.6410435735290902
Goal_36;235306;2959517.3183666673;0.2777777777777778;225607;2943370.462799999;0.2824218350546857;3600;0.5175220895509497
Goal_42;235306;3946023.0911555565;0.05555555555555555;231895;3935941.243400001;0.25085759415864056;3600;0.27817100681379847
Goal_41;235306;3946023.0911555565;0.0;232264;3789075.7816999992;0.26091336782345514;3600;0.319020033649011
Goal_43;235306;3946023.0911555565;0.1111111111111111;231208;3946071.550099999;0.24976410711216743;3600;0.3347741408007638
Goal_44;235306;3946023.0911555565;0.16666666666666666;229548;3901727.5913000004;0.2432079589207731;3600;0.4904823052732762
Goal_46;235306;3946023.0911555565;0.2777777777777778;235107;3929602.8772999984;0.27791660742224855;3600;0.6569266789794936
Goal_45;235306;3946023.0911555565;0.2222222222222222;231652;3849336.6960000005;0.25754094037672354;3600;0.8536105410628667
Goal_58;235306;4932528.863944446;0.38888888888888884;235306;4774945.6095;0.2647939808560427;110;0.0
Goal_57;235306;4932528.863944446;0.3333333333333333;235306;4892657.008500002;0.2647995537665033;126;0.0
Goal_60;235306;4932528.863944446;0.5;235306;4879709.178100002;0.26490398177476365;115;0.0
Goal_59;235306;4932528.863944446;0.4444444444444444;235306;4704154.757900002;0.2647662229706868;164;0.0
Goal_56;235306;4932528.863944446;0.2777777777777778;235306;4665288.649500001;0.2652571262531876;395;0.0
Goal_51;235306;4932528.863944446;0.0;232681;4682961.069000002;0.2529301068893214;3600;0.29721848126830297
Goal_66;235306;5919034.6367333345;0.2777777777777778;235306;4972547.927100004;0.2649992360829443;125;0.0
Goal_67;235306;5919034.6367333345;0.3333333333333333;235306;5217126.915800002;0.2647995537665033;124;0.0
Goal_68;235306;5919034.6367333345;0.38888888888888884;235306;5286440.279900002;0.26476133914682054;234;0.0
Goal_69;235306;5919034.6367333345;0.4444444444444444;235306;5105983.924200003;0.26476817635206373;406;0.0
Goal_70;235306;5919034.6367333345;0.5;235306;4827979.556500003;0.2647994368044572;245;0.0
Goal_52;235306;4932528.863944446;0.05555555555555555;230099;4196571.646900001;0.24446345737443717;3600;0.30415910778819616
Goal_53;235306;4932528.863944446;0.1111111111111111;231967;4358138.249600001;0.2510272840088186;3600;0.3360070525282819
Goal_54;235306;4932528.863944446;0.16666666666666666;231488;4331114.6523;0.25003163724528016;3600;0.5153583625248107
Goal_55;235306;4932528.863944446;0.2222222222222222;229722;4122339.167000001;0.24839607418303414;3600;0.9137063295555937
Goal_61;235306;5919034.6367333345;0.0;232273;4848194.0227000015;0.25181168285364164;3600;0.2791197015900966
Goal_62;235306;5919034.6367333345;0.05555555555555555;233705;5339787.4055;0.2560599983249933;3600;0.324609046834025
Goal_63;235306;5919034.6367333345;0.1111111111111111;233669;4898969.219900001;0.25593998526730144;3600;0.3349736921926434
Goal_64;235306;5919034.6367333345;0.16666666666666666;233486;5858309.267300006;0.25669018110747904;3600;0.46725497072922334
Goal_79;235306;6905540.409522224;0.4444444444444444;235306;5339724.817400003;0.2650311116022121;119;0.0
Goal_77;235306;6905540.409522224;0.3333333333333333;235306;4956672.324900004;0.2648177883188719;208;0.0
Goal_65;235306;5919034.6367333345;0.2222222222222222;233982;4695510.859000002;0.2534433814873422;3600;0.9021744105728755
Goal_78;235306;6905540.409522224;0.38888888888888884;235306;5451385.818200003;0.26480469371697124;266;0.0
Goal_80;235306;6905540.409522224;0.5;235306;6741197.264100001;0.26479388017502514;107;0.0
Goal_76;235306;6905540.409522224;0.2777777777777778;235306;4670741.922200002;0.26490349983651945;603;0.0
Goal_71;235306;6905540.409522224;0.0;231232;4413484.766300003;0.24756861966275956;3600;0.3121836236154853
Goal_86;235306;7892046.182311113;0.2777777777777778;235306;4747983.790100003;0.2647924380494879;873;0.0
Goal_87;235306;7892046.182311113;0.3333333333333333;235306;4690136.935100001;0.26476461539466467;890;0.0
Goal_88;235306;7892046.182311113;0.38888888888888884;235306;4765928.766100002;0.2647752732802078;139;0.0
Goal_73;235306;6905540.409522224;0.1111111111111111;232491;4259819.142000001;0.2539656117931611;3600;0.3685653761723375
Goal_72;235306;6905540.409522224;0.05555555555555555;232319;4145208.363199998;0.25196904399488246;3600;0.31066713043303146
Goal_74;235306;6905540.409522224;0.16666666666666666;231486;4372168.9746;0.25002723991381515;3600;0.5068924747933393
Goal_75;235306;6905540.409522224;0.2222222222222222;233517;4632759.288300004;0.25548116351076844;3600;0.9385106141111409
Goal_89;235306;7892046.182311113;0.4444444444444444;235306;7025018.129900001;0.2647995537665033;195;0.0
Goal_90;235306;7892046.182311113;0.5;235306;5262058.0891;0.26475823478980454;146;0.0
Goal_81;235306;7892046.182311113;0.0;234748;7709000.7126;0.25587319385868545;3600;0.2212647106572796
Goal_82;235306;7892046.182311113;0.05555555555555555;232609;4548508.3056;0.2529074666679351;3600;0.3125731205849417
Goal_83;235306;7892046.182311113;0.1111111111111111;233034;4722563.4407;0.25095334824254345;3600;0.3369840153667808
Goal_84;235306;7892046.182311113;0.16666666666666666;232486;4983237.042199999;0.24798889425515097;3600;0.47649770220975796
Goal_97;235306;8878551.955100002;0.3333333333333333;235306;4755510.863900002;0.26478640082136834;117;0.0
Goal_98;235306;8878551.955100002;0.38888888888888884;235306;5126340.230900002;0.2648648577048528;152;0.0
Goal_100;235306;8878551.955100002;0.5;235306;4934945.421200003;0.26492372490991367;131;0.0
Goal_99;235306;8878551.955100002;0.4444444444444444;235306;5175864.903600004;0.26476526448570525;217;0.0
Goal_96;235306;8878551.955100002;0.2777777777777778;235306;5329728.742100004;0.26475686017631045;343;0.0
Goal_85;235306;7892046.182311113;0.2222222222222222;231644;4746944.346300003;0.24557101241338108;3600;0.917180231872504
Goal_91;235306;8878551.955100002;0.0;230913;4672924.7753;0.24383673717419443;3600;0.27758406082399
Goal_92;235306;8878551.955100002;0.05555555555555555;233287;4664863.1428000005;0.2546723692693925;3600;0.32151885610279624
Goal_93;235306;8878551.955100002;0.1111111111111111;232588;4027870.2069999985;0.2601079305049549;3600;0.4107468538190992
Goal_94;235306;8878551.955100002;0.16666666666666666;234151;4942256.991300002;0.26175280553047;3600;0.5268754649419236
Goal_95;235306;8878551.955100002;0.2222222222222222;234584;8612577.9315;0.25529602911470917;3600;0.9161458713416628
Goal_110;222372;0.0;0.5;212618;1638994.2388999993;0.4687074810648122;21;0.0
Goal_101;222372;0.0;0.0;191702;1226371.2706000004;0.28981460279621135;3600;0.2778730806906639
Goal_102;222372;0.0;0.05555555555555555;191109;1222894.2241;0.29355577046177433;3600;0.29269180562737285
Goal_103;222372;0.0;0.1111111111111111;190454;1215569.6125;0.29414540389048216;3600;0.31860121935762314
Goal_104;222372;0.0;0.16666666666666666;194252;1458251.9786999996;0.2810364536682027;3600;0.3104170678489606
Goal_105;222372;0.0;0.2222222222222222;200209;1639230.2902999993;0.2797643925215021;3600;0.271527411479802
Goal_106;222372;0.0;0.2777777777777778;213252;2156980.6347999997;0.29418974237855633;3600;0.16690884309073825
Goal_107;222372;0.0;0.3333333333333333;208775;1716157.5862000005;0.33334336194249736;3600;0.0672300789537122
Goal_108;222372;0.0;0.38888888888888884;216950;1957829.0886;0.3888903319046219;3600;0.03570964528695347
Goal_109;222372;0.0;0.4444444444444444;214007;1711626.9619999994;0.4444444598068575;3600;6.87463427778659E-5
Goal_120;222372;986505.7727888891;0.5;212618;1638994.2388999993;0.4687074810648135;21;7.658044613676812E-16
Goal_111;222372;986505.7727888891;0.0;189800;1194629.1263000001;0.2942151132481737;3600;0.36005779708761343
Goal_112;222372;986505.7727888891;0.05555555555555555;204127;1893282.0626000003;0.273754543811386;3600;0.3083030163518996
Goal_113;222372;986505.7727888891;0.1111111111111111;199546;1844628.6661999999;0.2597238540313207;3600;0.3220732875402744
Goal_114;222372;986505.7727888891;0.16666666666666666;205634;2021764.6334000002;0.2755877281321594;3600;0.39170552740671727
Goal_115;222372;986505.7727888891;0.2222222222222222;195138;1464363.0285999998;0.2822725558209742;3600;0.40817895588830144
Goal_116;222372;986505.7727888891;0.2777777777777778;192239;1263818.4808999998;0.2872977616987133;3600;0.28086754376402423
Goal_118;222372;986505.7727888891;0.38888888888888884;217931;1973443.9056999993;0.38889376931159864;3600;0.03836145085913811
Goal_117;222372;986505.7727888891;0.3333333333333333;195461;1205272.4748;0.3333256219824079;3600;0.19166231282111115
Goal_119;222372;986505.7727888891;0.4444444444444444;214027;1712627.4071999993;0.44444419688402376;3600;1.36955401721675E-4
Goal_129;222372;1973011.5455777782;0.4444444444444444;218994;1973046.5951999994;0.4334221471304509;20;5.990990414088853E-15
Goal_130;222372;1973011.5455777782;0.5;218994;1973046.5951999994;0.4334221471304509;23;5.990990414088876E-15
Goal_121;222372;1973011.5455777782;0.0;200190;1986028.4836000006;0.26455392745999173;3600;0.42112435396346126
Goal_122;222372;1973011.5455777782;0.05555555555555555;205278;1978897.5584000002;0.273844812765392;3600;0.40917903788604026
Goal_123;222372;1973011.5455777782;0.1111111111111111;200552;1975745.2492999998;0.2904171800670856;3600;0.56604174962261
Goal_124;222372;1973011.5455777782;0.16666666666666666;200076;1962596.4989999998;0.28848175892873473;3600;0.6350128836708446
Goal_125;222372;1973011.5455777782;0.2222222222222222;203366;1972649.0781999999;0.28278708677124326;3600;0.7669281229923421
Goal_126;222372;1973011.5455777782;0.2777777777777778;208774;1981076.9504999998;0.3009138184192786;3600;0.7172413693563617
Goal_127;222372;1973011.5455777782;0.3333333333333333;216774;2113302.2392000016;0.33333787249680036;3600;0.5689539421892409
Goal_139;222372;2959517.3183666673;0.4444444444444444;222372;2836469.5596999973;0.4214959507840525;32;0.0
Goal_140;222372;2959517.3183666673;0.5;222372;2949069.6371999984;0.42508331642031394;14;0.0
Goal_138;222372;2959517.3183666673;0.38888888888888884;223009;2919136.470699997;0.3884788025242593;141;0.0
Goal_137;222372;2959517.3183666673;0.3333333333333333;222372;2958637.7450000006;0.3333338002953545;646;0.0
Goal_128;222372;1973011.5455777782;0.38888888888888884;218608;2014623.9126999995;0.3888888026089868;3600;0.26267188515373835
Goal_131;222372;2959517.3183666673;0.0;215253;2929697.2994;0.25015963389759877;3600;0.5918996802397278
Goal_132;222372;2959517.3183666673;0.05555555555555555;217986;2959451.2001000005;0.2514800385152534;3600;0.5812139946785938
Goal_133;222372;2959517.3183666673;0.1111111111111111;217969;2981228.076;0.2528155955260313;3600;0.6340017748017467
Goal_134;222372;2959517.3183666673;0.16666666666666666;220220;2959628.378099999;0.25738363781543305;3600;1.0
Goal_147;222372;3946023.0911555565;0.3333333333333333;222375;3770415.0305000013;0.33317859088991386;127;0.0
Goal_149;222372;3946023.0911555565;0.4444444444444444;222372;3823487.436200002;0.4108357448812692;38;0.0
Goal_150;222372;3946023.0911555565;0.5;222372;3536993.895999999;0.41290117328777504;39;0.0
Goal_148;222372;3946023.0911555565;0.38888888888888884;222372;3274167.5358999986;0.38869897060839687;195;0.0
Goal_135;222372;2959517.3183666673;0.2222222222222222;219678;2959667.5314999986;0.2504554019106138;3600;1.0
Goal_136;222372;2959517.3183666673;0.2777777777777778;222372;2958598.598099999;0.27934454681474835;3600;1.0
Goal_141;222372;3946023.0911555565;0.0;222372;3848261.8655000017;0.24491838127945934;3600;0.6376191992732986
Goal_142;222372;3946023.0911555565;0.05555555555555555;222372;3751331.2080000006;0.2427812506328773;3600;0.6696994414914267
Goal_143;222372;3946023.0911555565;0.1111111111111111;222372;3943126.610800001;0.23768794450070155;3600;0.8674790279610763
Goal_157;222372;4932528.863944446;0.3333333333333333;222372;3896076.6031000004;0.3331127662174529;116;0.0
Goal_156;222372;4932528.863944446;0.2777777777777778;222372;3593949.3471999997;0.27777324196999553;647;0.0
Goal_159;222372;4932528.863944446;0.4444444444444444;222372;4031602.654600001;0.3949692812190101;42;0.0
Goal_158;222372;4932528.863944446;0.38888888888888884;223128;4072322.4898000015;0.38883429934123726;116;0.0
Goal_160;222372;4932528.863944446;0.5;222372;4932518.948400005;0.413302023187748;37;0.0
Goal_144;222372;3946023.0911555565;0.16666666666666666;222372;3773349.3626000034;0.23058997988306554;3600;1.0
Goal_145;222372;3946023.0911555565;0.2222222222222222;222296;3876882.7593999994;0.248990685285119;3600;1.0
Goal_146;222372;3946023.0911555565;0.2777777777777778;220344;3464363.355599998;0.2778647304080051;3600;1.0
Goal_151;222372;4932528.863944446;0.0;222372;4248857.2041;0.23274793062336332;3600;0.4801118600460534
Goal_152;222372;4932528.863944446;0.05555555555555555;219884;3761429.6449999986;0.24309280137742809;3600;0.6476842164838104
Goal_167;222372;5919034.6367333345;0.3333333333333333;222372;5468732.482700002;0.3333333095848953;186;0.0
Goal_153;222372;4932528.863944446;0.1111111111111111;220666;3867415.2467000023;0.2405056063350354;3600;0.8228164617110965
Goal_169;222372;5919034.6367333345;0.4444444444444444;222372;3990100.556900001;0.40498125686490766;35;0.0
Goal_154;222372;4932528.863944446;0.16666666666666666;222375;3894878.3200999997;0.23741894205869052;3600;1.0
Goal_168;222372;5919034.6367333345;0.38888888888888884;223384;3539340.079599999;0.38553285939449544;127;0.0
Goal_170;222372;5919034.6367333345;0.5;222372;3809120.715600001;0.4275267771722042;45;0.0
Goal_155;222372;4932528.863944446;0.2222222222222222;217308;3768365.6512000007;0.24559216158329128;3600;1.0
Goal_166;222372;5919034.6367333345;0.2777777777777778;222372;5820023.7052000025;0.27777339712048144;583;0.0
Goal_161;222372;5919034.6367333345;0.0;222372;4588607.5565;0.23471466854776554;3600;0.5804246032251584
Goal_162;222372;5919034.6367333345;0.05555555555555555;222372;4245955.962800001;0.2339804864282292;3600;0.6358989206394816
Goal_177;222372;6905540.409522224;0.3333333333333333;222373;4105522.5942000034;0.33159461868376877;353;0.0
Goal_178;222372;6905540.409522224;0.38888888888888884;222372;4191842.6457000016;0.3746347380959653;91;0.0
Goal_179;222372;6905540.409522224;0.4444444444444444;222372;3896868.863699999;0.4101608828401008;11;0.0
Goal_180;222372;6905540.409522224;0.5;222372;6237106.528600002;0.4252224228228479;9;0.0
Goal_163;222372;5919034.6367333345;0.1111111111111111;221481;3421614.289299999;0.2488246691061298;3600;0.8252071950663844
Goal_164;222372;5919034.6367333345;0.16666666666666666;222373;3881245.044199999;0.25200571104342623;3600;1.0
Goal_165;222372;5919034.6367333345;0.2222222222222222;221961;3830197.408000001;0.24887141893187298;3600;1.0
Goal_171;222372;6905540.409522224;0.0;222374;4028347.2427999997;0.2409566587184315;3600;0.5969981795965618
Goal_172;222372;6905540.409522224;0.05555555555555555;222372;4199669.208;0.23586976610974866;3600;0.6493354589931478
Goal_173;222372;6905540.409522224;0.1111111111111111;222372;4010003.740599999;0.23587934081846812;3600;0.7738592753176514
Goal_174;222372;6905540.409522224;0.16666666666666666;222372;4020189.723600001;0.24841014524599173;3600;1.0
Goal_187;222372;7892046.182311113;0.3333333333333333;222403;4253802.277200002;0.33332237214982263;186;0.0
Goal_189;222372;7892046.182311113;0.4444444444444444;222372;3896868.863699999;0.4101608828401008;9;0.0
Goal_190;222372;7892046.182311113;0.5;222372;6237106.528600002;0.4252224228228479;10;0.0
Goal_175;222372;6905540.409522224;0.2222222222222222;221934;3964009.9697999987;0.24446093653237336;3600;1.0
Goal_188;222372;7892046.182311113;0.38888888888888884;222376;4137768.5705000013;0.38883856370766084;136;0.0
Goal_176;222372;6905540.409522224;0.2777777777777778;222309;3837450.6358000003;0.27777772039491644;3600;1.0
Goal_181;222372;7892046.182311113;0.0;222372;4045637.327099999;0.24358384604033054;3600;0.6234115061929473
Goal_182;222372;7892046.182311113;0.05555555555555555;222387;4331708.293500002;0.2402319580891602;3600;0.6477378779333675
Goal_183;222372;7892046.182311113;0.1111111111111111;222386;6518097.654700004;0.24363274766506507;3600;0.8109660504580533
Goal_184;222372;7892046.182311113;0.16666666666666666;222372;6091086.116699998;0.23975833630913573;3600;1.0
Goal_198;222372;8878551.955100002;0.38888888888888884;222384;4462251.161100001;0.3888889253504381;124;0.0
Goal_199;222372;8878551.955100002;0.4444444444444444;222372;3896868.863699999;0.4101608828401008;12;0.0
Goal_196;222372;8878551.955100002;0.2777777777777778;222400;6220837.407000001;0.2777454758936256;173;0.0
Goal_200;222372;8878551.955100002;0.5;222372;6237106.528600002;0.4252224228228479;8;0.0
Goal_197;222372;8878551.955100002;0.3333333333333333;222372;6526594.985499999;0.33330154188202427;165;0.0
Goal_185;222372;7892046.182311113;0.2222222222222222;219382;3604180.3140999987;0.25249234451894287;3600;1.0
Goal_186;222372;7892046.182311113;0.2777777777777778;221135;3798822.2247;0.2777796638986056;3600;1.0
Goal_191;222372;8878551.955100002;0.0;222373;4378213.718099999;0.23158075429623792;3600;0.5666397484271614
Goal_192;222372;8878551.955100002;0.05555555555555555;222678;3866158.9277999992;0.24618586732253234;3600;0.7054784951487387
Goal_193;222372;8878551.955100002;0.1111111111111111;222284;3733298.8698999984;0.23548381551009223;3600;0.6546658280489958
Goal_194;222372;8878551.955100002;0.16666666666666666;222237;4021954.803500001;0.2370673444428498;3600;1.0
Goal_195;222372;8878551.955100002;0.2222222222222222;222378;3583304.251800001;0.24272001274490573;3600;1.0
Goal_210;209439;0.0;0.5;209439;1483614.2545999996;0.47740147593541304;19;0.0
Goal_201;209439;0.0;0.0;190201;1322179.2313;0.28540778625688257;3600;0.33411587010859267
Goal_202;209439;0.0;0.05555555555555555;188764;1100685.1215000004;0.2978807023011048;3600;0.3523688373223637
Goal_203;209439;0.0;0.1111111111111111;197936;1552034.5533999999;0.2818299503977037;3600;0.3300110688712748
Goal_204;209439;0.0;0.16666666666666666;198770;1694527.9370999993;0.291252595116598;3600;0.3854122729060365
Goal_205;209439;0.0;0.2222222222222222;194213;1467239.3763;0.273774699056783;3600;0.35210826155032005
Goal_206;209439;0.0;0.2777777777777778;195008;1396319.2969000004;0.28923562515380635;3600;0.2535165644693908
Goal_207;209439;0.0;0.3333333333333333;203706;1514446.1813999997;0.33342933145278125;3600;0.12043997119646054
Goal_208;209439;0.0;0.38888888888888884;209439;1573682.3491999998;0.3888840980463443;3600;0.03683217386045601
Goal_209;209439;0.0;0.4444444444444444;209439;1492183.3839;0.4444434840835572;3600;0.002107393614831426
Goal_220;209439;986505.7727888891;0.5;209439;1483614.2545999996;0.47740147593541304;20;7.42719860047933E-13
Goal_211;209439;986505.7727888891;0.0;192758;1304463.7974000003;0.2948664337212019;3600;0.4123798274997646
Goal_212;209439;986505.7727888891;0.05555555555555555;195010;1550813.6981000004;0.26939211988723255;3600;0.39424676298684663
Goal_213;209439;986505.7727888891;0.1111111111111111;194908;1588863.5295;0.27653198296296366;3600;0.45057536874631376
Goal_214;209439;986505.7727888891;0.16666666666666666;193451;1519597.2014000001;0.2693869914014387;3600;0.5156573569051239
Goal_215;209439;986505.7727888891;0.2222222222222222;193962;1425609.0015000002;0.2754494663571582;3600;0.5378549184989877
Goal_216;209439;986505.7727888891;0.2777777777777778;189575;1083530.3445999997;0.30050207007045415;3600;0.49527489117600787
Goal_217;209439;986505.7727888891;0.3333333333333333;205802;1582424.4488;0.3339596766885091;3600;0.21709120619533284
Goal_218;209439;986505.7727888891;0.38888888888888884;209444;1588006.4111;0.3888889112618584;3600;0.10041295665493731
Goal_219;209439;986505.7727888891;0.4444444444444444;209439;1491730.8403000003;0.4444453584686968;3600;0.002865919041231409
Goal_230;209439;1973011.5455777782;0.5;209549;1973010.9459;0.45036998735108935;45;0.0
Goal_229;209439;1973011.5455777782;0.4444444444444444;209439;1941426.5244999994;0.4431490746695784;74;0.0
Goal_228;209439;1973011.5455777782;0.38888888888888884;209695;1958903.3505999998;0.38816361516522063;375;0.0
Goal_221;209439;1973011.5455777782;0.0;204073;1978789.1348;0.27233429894743694;3600;0.532652757008657
Goal_222;209439;1973011.5455777782;0.05555555555555555;209438;2312572.8724000007;0.25590701132155735;3600;0.47812236829045873
Goal_227;209439;1973011.5455777782;0.3333333333333333;209451;1972501.3107000014;0.3333161431322106;2419;0.0
Goal_236;209439;2959517.3183666673;0.2777777777777778;209574;2894798.482300001;0.27762004689098513;337;0.0
Goal_223;209439;1973011.5455777782;0.1111111111111111;201358;1975508.7773;0.26154597011771386;3600;0.6414539710715403
Goal_224;209439;1973011.5455777782;0.16666666666666666;204793;1973010.6196999997;0.28681544143808524;3600;1.0
Goal_225;209439;1973011.5455777782;0.2222222222222222;203674;1973136.7685999998;0.2910017375949347;3600;1.0
Goal_240;209439;2959517.3183666673;0.5;209439;2959517.2995;0.4826432895933886;22;0.0
Goal_239;209439;2959517.3183666673;0.4444444444444444;209439;2931353.7688;0.44431500627311565;48;0.0
Goal_238;209439;2959517.3183666673;0.38888888888888884;209455;2758359.135899998;0.38883873093476673;126;0.0
Goal_237;209439;2959517.3183666673;0.3333333333333333;209653;2898982.7852999996;0.3327204493554517;455;0.0
Goal_226;209439;1973011.5455777782;0.2777777777777778;204625;1976549.670799999;0.2823495528527644;3600;1.0
Goal_231;209439;2959517.3183666673;0.0;209439;2950557.051;0.23461426650030387;3600;0.5854232307079476
Goal_232;209439;2959517.3183666673;0.05555555555555555;209432;2959663.0658;0.24743781064987225;3600;0.6702718163972602
Goal_247;209439;3946023.0911555565;0.3333333333333333;209636;3901618.3828;0.33323653824343424;217;0.0
Goal_233;209439;2959517.3183666673;0.1111111111111111;209436;2959694.8924;0.24862143441274606;3600;0.8645278147091746
Goal_249;209439;3946023.0911555565;0.4444444444444444;217718;3439676.0202999986;0.44139699422292983;47;0.0
Goal_250;209439;3946023.0911555565;0.5;209439;3400627.5607999996;0.48241819667826263;11;0.0
Goal_248;209439;3946023.0911555565;0.38888888888888884;210657;3104033.4187999987;0.3876900381463374;122;0.0
Goal_234;209439;2959517.3183666673;0.16666666666666666;209408;2927785.3120999993;0.25977376025063853;3600;1.0
Goal_235;209439;2959517.3183666673;0.2222222222222222;209180;2959239.7094000014;0.2592796913789791;3600;1.0
Goal_246;209439;3946023.0911555565;0.2777777777777778;209501;3416563.776400002;0.27777872823176813;2687;0.0
Goal_241;209439;3946023.0911555565;0.0;209439;3345355.362199999;0.25187393948588616;3600;0.7136506044334329
Goal_242;209439;3946023.0911555565;0.05555555555555555;209440;3602316.3445;0.24678479763324063;3600;0.7740308036622705
Goal_243;209439;3946023.0911555565;0.1111111111111111;209439;3390830.6974999993;0.23442676006969942;3600;0.9155829653039429
Goal_244;209439;3946023.0911555565;0.16666666666666666;209439;3117485.8354999996;0.25346496357228804;3600;1.0
Goal_259;209439;4932528.863944446;0.4444444444444444;209439;3341296.8507000017;0.44069650055426024;44;0.0
Goal_258;209439;4932528.863944446;0.38888888888888884;209695;4932091.728400005;0.38888873390855655;67;0.0
Goal_260;209439;4932528.863944446;0.5;209439;2792280.8521999996;0.4803611970962661;32;0.0
Goal_257;209439;4932528.863944446;0.3333333333333333;209558;3210928.6966;0.33320568204911066;386;0.0
Goal_245;209439;3946023.0911555565;0.2222222222222222;208284;2827513.4072;0.2520297441798104;3600;1.0
Goal_251;209439;4932528.863944446;0.0;209439;3945406.729699999;0.24820417756002294;3600;0.7498726879171116
Goal_252;209439;4932528.863944446;0.05555555555555555;209439;4929076.5024999995;0.22358909948199465;3600;0.673994307815521
Goal_266;209439;5919034.6367333345;0.2777777777777778;209595;3545201.0595;0.27777568790556134;235;0.0
Goal_253;209439;4932528.863944446;0.1111111111111111;209439;3688692.144400001;0.23948528350180037;3600;0.9305052487539722
Goal_268;209439;5919034.6367333345;0.38888888888888884;209823;5446797.2446000045;0.38850558034620425;67;0.0
Goal_267;209439;5919034.6367333345;0.3333333333333333;209443;3595977.8759;0.3330643780408872;111;0.0
Goal_269;209439;5919034.6367333345;0.4444444444444444;209439;3341296.8507000017;0.44069650055426024;46;0.0
Goal_270;209439;5919034.6367333345;0.5;209439;3089080.7297999994;0.47961545458616445;9;0.0
Goal_256;209439;4932528.863944446;0.2777777777777778;209439;3082670.1636000015;0.27776192657631166;1771;0.0
Goal_254;209439;4932528.863944446;0.16666666666666666;209410;3562389.116300001;0.25121837354469384;3600;1.0
Goal_255;209439;4932528.863944446;0.2222222222222222;209372;3650704.0227;0.25211152259744973;3600;1.0
Goal_261;209439;5919034.6367333345;0.0;209439;3847637.122199999;0.23560050293157447;3600;0.667960091758273
Goal_262;209439;5919034.6367333345;0.05555555555555555;209443;4129029.9217000008;0.2223135416848406;3600;0.6957449396369515
Goal_277;209439;6905540.409522224;0.3333333333333333;209994;6151904.382000003;0.3333126995056733;120;0.0
Goal_263;209439;5919034.6367333345;0.1111111111111111;209476;4040765.0278;0.26007088883847723;3600;0.9475465093225895
Goal_278;209439;6905540.409522224;0.38888888888888884;209439;6637038.142799997;0.3888692032641629;134;0.0
Goal_276;209439;6905540.409522224;0.2777777777777778;211444;3818330.701300001;0.27777777375359597;275;0.0
Goal_264;209439;5919034.6367333345;0.16666666666666666;209428;3533741.8255;0.25858556869236105;3600;1.0
Goal_280;209439;6905540.409522224;0.5;209439;3089080.7297999994;0.47961545458616445;6;0.0
Goal_279;209439;6905540.409522224;0.4444444444444444;209439;3341296.8507000017;0.44069650055426024;46;0.0
Goal_265;209439;5919034.6367333345;0.2222222222222222;208421;2838487.4849000005;0.2576549072011553;3600;1.0
Goal_272;209439;6905540.409522224;0.05555555555555555;209429;3734589.499600002;0.24285523546077112;3600;0.777553023084124
Goal_271;209439;6905540.409522224;0.0;209440;5926220.804499999;0.22614783454327592;3600;0.6870908857692626
Goal_287;209439;7892046.182311113;0.3333333333333333;209444;3616557.2583999992;0.3333299122584478;103;0.0
Goal_288;209439;7892046.182311113;0.38888888888888884;210241;6931864.250200003;0.3878853316759102;73;0.0
Goal_289;209439;7892046.182311113;0.4444444444444444;209439;3341296.8507000017;0.44069650055426024;47;0.0
Goal_290;209439;7892046.182311113;0.5;209439;3089080.7297999994;0.47961545458616445;8;0.0
Goal_273;209439;6905540.409522224;0.1111111111111111;209439;5289999.695099997;0.23671560153255974;3600;0.8741339027443493
Goal_274;209439;6905540.409522224;0.16666666666666666;209304;3443249.8460000004;0.24824520037209408;3600;1.0
Goal_275;209439;6905540.409522224;0.2222222222222222;208258;2940270.187200001;0.2767691322077778;3600;1.0
Goal_286;209439;7892046.182311113;0.2777777777777778;209439;3427376.8331000004;0.2777770548561631;2527;0.0
Goal_281;209439;7892046.182311113;0.0;209441;3883827.4348;0.22832332210492678;3600;0.6945406428814201
Goal_282;209439;7892046.182311113;0.05555555555555555;209434;3619050.100300002;0.2551507853156925;3600;0.8045144221178616
Goal_283;209439;7892046.182311113;0.1111111111111111;209439;3759328.5171999983;0.21835606472514354;3600;0.8693535888012636
Goal_284;209439;7892046.182311113;0.16666666666666666;209449;3095136.7424999983;0.2586604146174209;3600;1.0
Goal_299;209439;8878551.955100002;0.4444444444444444;209439;3341296.8507000017;0.44069650055426024;49;0.0
Goal_298;209439;8878551.955100002;0.38888888888888884;212050;7000547.015500004;0.3888756497095031;69;0.0
Goal_300;209439;8878551.955100002;0.5;209439;3089080.7297999994;0.47961545458616445;8;0.0
Goal_297;209439;8878551.955100002;0.3333333333333333;215865;4095876.1284999996;0.33099219023433546;257;0.0
Goal_285;209439;7892046.182311113;0.2222222222222222;209439;5632300.154600003;0.2557320740359753;3600;1.0
Goal_291;209439;8878551.955100002;0.0;209443;3857631.789899997;0.24723057506548296;3600;0.7342386556056194
Goal_292;209439;8878551.955100002;0.05555555555555555;209594;3758021.7213999974;0.2230541385573684;3600;0.7406714071842304
Goal_293;209439;8878551.955100002;0.1111111111111111;209439;3912625.203999999;0.2335141919255899;3600;0.8703535507626312
Goal_296;209439;8878551.955100002;0.2777777777777778;209440;6991354.670699999;0.2777783752772891;2004;0.0
Goal_294;209439;8878551.955100002;0.16666666666666666;209441;3283928.9086;0.25206237708133405;3600;1.0
Goal_295;209439;8878551.955100002;0.2222222222222222;208490;5989088.3349;0.27764427318974344;3600;1.0
Goal_310;196506;0.0;0.5;196506;910494.8629000001;0.49799736621369833;22;0.0
Goal_301;196506;0.0;0.0;188315;1133667.1048000003;0.30070485020579635;3600;0.42506412694389667
Goal_302;196506;0.0;0.05555555555555555;188088;1144234.2199999997;0.2937226946799833;3600;0.4238486028654792
Goal_303;196506;0.0;0.1111111111111111;188766;1190373.8484000002;0.2894667301934512;3600;0.419625822776217
Goal_304;196506;0.0;0.16666666666666666;185145;1025392.8674000002;0.29496549542526523;3600;0.49107749354980973
Goal_305;196506;0.0;0.2222222222222222;195843;1611715.8101999988;0.27041063620800704;3600;0.4431248856646154
Goal_306;196506;0.0;0.2777777777777778;196296;1288585.4904000005;0.32045990110107825;3600;0.423835178236978
Goal_307;196506;0.0;0.3333333333333333;192357;1027711.1287000004;0.33332912689433397;3600;0.1780478488975009
Goal_308;196506;0.0;0.38888888888888884;196473;1055842.3129;0.3888909576218544;3600;0.08843279526601538
Goal_319;196506;986505.7727888891;0.4444444444444444;196506;986497.6815000002;0.44437641206871586;333;0.0
Goal_320;196506;986505.7727888891;0.5;196506;986505.7725;0.49764129240991156;47;0.0
Goal_309;196506;0.0;0.4444444444444444;196506;951375.4541999997;0.4444447690175884;3600;0.023183608961635266
Goal_311;196506;986505.7727888891;0.0;196506;1616830.1081999997;0.2772225598261257;3600;0.5074563782956251
Goal_312;196506;986505.7727888891;0.05555555555555555;195958;1533160.7821999996;0.2985927153867043;3600;0.5655282467602868
Goal_313;196506;986505.7727888891;0.1111111111111111;196449;1558679.1143999991;0.28615442477277936;3600;0.6049784048918897
Goal_314;196506;986505.7727888891;0.16666666666666666;196506;1512984.5264;0.2852476308848595;3600;0.7134704539917741
Goal_315;196506;986505.7727888891;0.2222222222222222;196215;1468089.0978999995;0.28286287135098964;3600;0.7951039622301231
Goal_327;196506;1973011.5455777782;0.3333333333333333;196900;1972973.3632999999;0.33333134984821305;278;0.0
Goal_328;196506;1973011.5455777782;0.38888888888888884;196514;1959879.6639999992;0.3888563583508111;234;0.0
Goal_316;196506;986505.7727888891;0.2777777777777778;193696;1228147.9688000006;0.30187521904766695;3600;0.8262608550712407
Goal_330;196506;1973011.5455777782;0.5;196506;1943479.0232999995;0.49770238182637144;9;0.0
Goal_329;196506;1973011.5455777782;0.4444444444444444;196517;1855980.7257000003;0.44444369105339626;115;0.0
Goal_317;196506;986505.7727888891;0.3333333333333333;195525;1194700.8475000001;0.33333809304468776;3600;0.843734407711431
Goal_318;196506;986505.7727888891;0.38888888888888884;196506;1049581.342499999;0.3888718502821645;3600;1.0
Goal_321;196506;1973011.5455777782;0.0;196455;1974699.6098000004;0.25910988923708983;3600;0.7086843803649508
Goal_322;196506;1973011.5455777782;0.05555555555555555;196506;1973034.8178999992;0.2630721187531658;3600;0.7465800968054064
Goal_336;196506;2959517.3183666673;0.2777777777777778;196506;2770109.9577999995;0.27753200577757153;289;0.0
Goal_337;196506;2959517.3183666673;0.3333333333333333;201165;2670568.3368;0.33220112985682415;259;0.0
Goal_323;196506;1973011.5455777782;0.1111111111111111;196506;1973006.7739000001;0.2538968281072066;3600;0.9928357506479056
Goal_324;196506;1973011.5455777782;0.16666666666666666;196474;1953339.055599999;0.26696660655735854;3600;1.0
Goal_325;196506;1973011.5455777782;0.2222222222222222;196361;1922924.071;0.2858764440514504;3600;1.0
Goal_340;196506;2959517.3183666673;0.5;196506;2246506.0881;0.49651969322673983;6;0.0
Goal_339;196506;2959517.3183666673;0.4444444444444444;196619;2243396.426699999;0.44444380408611356;66;0.0
Goal_338;196506;2959517.3183666673;0.38888888888888884;196507;2539237.2173000006;0.3886906722489606;141;0.0
Goal_326;196506;1973011.5455777782;0.2777777777777778;196393;1972965.9549999998;0.27840083865530857;3600;1.0
Goal_331;196506;2959517.3183666673;0.0;196506;2959515.3913999996;0.2502368840157001;3600;0.7991098398886771
Goal_332;196506;2959517.3183666673;0.05555555555555555;196455;2964334.3899;0.24553455171951924;3600;0.7717624041908445
Goal_333;196506;2959517.3183666673;0.1111111111111111;196507;2875583.7096000016;0.23410314743094698;3600;0.9125173448429709
Goal_334;196506;2959517.3183666673;0.16666666666666666;196484;2887233.5061999997;0.2586700638207043;3600;1.0
Goal_349;196506;3946023.0911555565;0.4444444444444444;207466;3154001.184000001;0.443827919962179;44;0.0
Goal_350;196506;3946023.0911555565;0.5;196506;2246506.0881;0.49651969322673983;5;0.0
Goal_346;196506;3946023.0911555565;0.2777777777777778;196526;3517041.767800002;0.27736228529124723;202;0.0
Goal_348;196506;3946023.0911555565;0.38888888888888884;196683;3353186.452000002;0.3888691257321278;272;0.0
Goal_347;196506;3946023.0911555565;0.3333333333333333;200117;3289996.7278999984;0.3331088464818895;391;0.0
Goal_335;196506;2959517.3183666673;0.2222222222222222;196504;2895409.3923;0.24863403984883148;3600;1.0
Goal_341;196506;3946023.0911555565;0.0;196506;3660921.749000001;0.223783027061107;3600;0.6832861760982494
Goal_342;196506;3946023.0911555565;0.05555555555555555;196506;3942271.629000002;0.20029825789623149;3600;0.6484578135899051
Goal_343;196506;3946023.0911555565;0.1111111111111111;196506;3908796.770100002;0.20360540148220685;3600;0.9740491598802309
Goal_344;196506;3946023.0911555565;0.16666666666666666;196506;3533813.931200001;0.20861043721228456;3600;1.0
Goal_359;196506;4932528.863944446;0.4444444444444444;196512;3435340.8822000017;0.44442157722835696;54;0.0
Goal_360;196506;4932528.863944446;0.5;196506;2208851.7983999997;0.49663658456915594;4;0.0
Goal_357;196506;4932528.863944446;0.3333333333333333;196513;2994278.824499999;0.3333103428571307;146;0.0
Goal_358;196506;4932528.863944446;0.38888888888888884;196640;2965798.6550000003;0.3887082938243209;151;0.0
Goal_345;196506;3946023.0911555565;0.2222222222222222;196506;3179613.497199999;0.252053638836631;3600;1.0
Goal_356;196506;4932528.863944446;0.2777777777777778;197453;3236498.2920999997;0.27777059765946166;960;0.0
Goal_351;196506;4932528.863944446;0.0;196508;4060579.2310999986;0.21310862867014965;3600;0.6162994538175633
Goal_352;196506;4932528.863944446;0.05555555555555555;196506;3344124.362299999;0.23943838443066723;3600;0.7914038999552871
Goal_353;196506;4932528.863944446;0.1111111111111111;196506;4759849.898399997;0.2313489349922096;3600;0.9154692422106698
Goal_367;196506;5919034.6367333345;0.3333333333333333;196507;3470037.5349000026;0.33333333976360263;127;0.0
Goal_369;196506;5919034.6367333345;0.4444444444444444;196551;3386424.626100001;0.44429586943010574;65;0.0
Goal_354;196506;4932528.863944446;0.16666666666666666;196380;2750108.431399999;0.26560772508630437;3600;1.0
Goal_370;196506;5919034.6367333345;0.5;196506;2208851.7983999997;0.49663658456915594;4;0.0
Goal_368;196506;5919034.6367333345;0.38888888888888884;196571;4803399.065600003;0.3838244840787224;136;0.0
Goal_355;196506;4932528.863944446;0.2222222222222222;196506;3325942.2431;0.2722617129537333;3600;1.0
Goal_366;196506;5919034.6367333345;0.2777777777777778;196579;2498574.1593000004;0.2776842564199444;1610;0.0
Goal_361;196506;5919034.6367333345;0.0;196111;4370899.215400001;0.2062953255289447;3600;0.6510883158073029
Goal_362;196506;5919034.6367333345;0.05555555555555555;196506;3452584.8228999986;0.21042731092126268;3600;0.642239761034254
Goal_363;196506;5919034.6367333345;0.1111111111111111;196509;3377406.120100001;0.22880123000099378;3600;0.8757139518249198
Goal_364;196506;5919034.6367333345;0.16666666666666666;196519;3350676.277800001;0.2455123423254467;3600;1.0
Goal_379;196506;6905540.409522224;0.4444444444444444;196506;3688668.4188000006;0.44267112624079685;75;0.0
Goal_380;196506;6905540.409522224;0.5;196506;2208851.7983999997;0.49663658456915594;5;0.0
Goal_378;196506;6905540.409522224;0.38888888888888884;196712;4852936.032100001;0.38869648697800707;137;0.0
Goal_377;196506;6905540.409522224;0.3333333333333333;196789;5524403.8445;0.3318047804580135;204;0.0
Goal_376;196506;6905540.409522224;0.2777777777777778;196506;2732323.1976;0.27768488789932055;789;0.0
Goal_365;196506;5919034.6367333345;0.2222222222222222;196506;5499709.4399999995;0.2826454418375821;3600;1.0
Goal_371;196506;6905540.409522224;0.0;196506;5166395.335499999;0.22092318115683843;3600;0.6730405413237899
Goal_372;196506;6905540.409522224;0.05555555555555555;196384;4195203.7602;0.27215921729883824;3600;0.8590438465537205
Goal_373;196506;6905540.409522224;0.1111111111111111;196506;2745925.7325;0.23019995341602262;3600;0.8990565510786571
Goal_387;196506;7892046.182311113;0.3333333333333333;196547;6397791.753699999;0.3333333439793293;137;0.0
Goal_389;196506;7892046.182311113;0.4444444444444444;196507;3415540.7303000013;0.4444095752745758;50;0.0
Goal_390;196506;7892046.182311113;0.5;196506;2208851.7983999997;0.49663658456915594;4;0.0
Goal_388;196506;7892046.182311113;0.38888888888888884;197124;5365528.304400003;0.38887824098158186;193;0.0
Goal_386;196506;7892046.182311113;0.2777777777777778;196506;3492319.622099999;0.2777673925468561;255;0.0
Goal_374;196506;6905540.409522224;0.16666666666666666;196489;5061650.3821;0.27583283973992523;3600;1.0
Goal_375;196506;6905540.409522224;0.2222222222222222;196508;3159271.6453;0.24023723797913168;3600;1.0
Goal_381;196506;7892046.182311113;0.0;196506;3797225.583099999;0.20192031157411253;3600;0.6356889328377705
Goal_382;196506;7892046.182311113;0.05555555555555555;196909;4096175.5826999974;0.20733523293850636;3600;0.6795259065843186
Goal_383;196506;7892046.182311113;0.1111111111111111;196506;3685504.6476000007;0.22480009173131846;3600;0.9327869814736012
Goal_397;196506;8878551.955100002;0.3333333333333333;198229;3145810.598399999;0.3333271078951095;122;0.0
Goal_398;196506;8878551.955100002;0.38888888888888884;201858;3159879.6522000004;0.3883408323795712;100;0.0
Goal_400;196506;8878551.955100002;0.5;196506;2208851.7983999997;0.49663658456915594;6;0.0
Goal_399;196506;8878551.955100002;0.4444444444444444;196507;3415540.7303000013;0.4444095752745758;57;0.0
Goal_395;196506;8878551.955100002;0.2222222222222222;196506;5302107.3012000015;0.2221755186606377;1123;0.0
Goal_384;196506;7892046.182311113;0.16666666666666666;196504;5101834.284800002;0.25227358061596433;3600;1.0
Goal_385;196506;7892046.182311113;0.2222222222222222;196491;2937480.9884999986;0.2777063218348155;3600;1.0
Goal_391;196506;8878551.955100002;0.0;196506;3817347.9244000027;0.20901093445492774;3600;0.5953688848568972
Goal_392;196506;8878551.955100002;0.05555555555555555;196507;5828399.610400001;0.21656571035457792;3600;0.6965130580627202
Goal_393;196506;8878551.955100002;0.1111111111111111;196506;3133667.9688999993;0.22990796055757298;3600;0.8993286561682179
Goal_394;196506;8878551.955100002;0.16666666666666666;196515;6312441.584499997;0.22410045931083675;3600;1.0
Goal_396;196506;8878551.955100002;0.2777777777777778;195930;3201506.2498999997;0.28027350272407153;3600;1.0
Goal_410;183572;0.0;0.5;183572;453776.07030000014;0.48607535739973035;45;0.0
Goal_401;183572;0.0;0.0;179985;914379.6339;0.2953776043113808;3600;0.5146668533646176
Goal_402;183572;0.0;0.05555555555555555;182744;896578.9025;0.30719892565315304;3600;0.5296041145180456
Goal_403;183572;0.0;0.1111111111111111;179798;763446.8635999999;0.31433766893211856;3600;0.5798946912213216
Goal_404;183572;0.0;0.16666666666666666;179502;747576.0016;0.3109434585180543;3600;0.6236845091147429
Goal_405;183572;0.0;0.2222222222222222;183432;827165.6132000004;0.3102987353513367;3600;0.6041574490334063
Goal_406;183572;0.0;0.2777777777777778;182923;820206.9683999995;0.3165343926732005;3600;0.5339288296515582
Goal_407;183572;0.0;0.3333333333333333;183613;737975.4770999997;0.3333342821148433;3600;0.240873885753442
Goal_408;183572;0.0;0.38888888888888884;182672;522318.4223999999;0.3888879053230976;3603;0.11268351998523256
Goal_419;183572;986505.7727888891;0.4444444444444444;186250;972651.0774;0.4441786579937855;72;0.0
Goal_420;183572;986505.7727888891;0.5;184323;986494.0985000003;0.48095770547139755;20;0.0
Goal_418;183572;986505.7727888891;0.38888888888888884;183582;986448.1023999997;0.3888598830753774;146;0.0
Goal_409;183572;0.0;0.4444444444444444;183572;468908.55200000014;0.4444440865423016;3600;0.009116529010737616
Goal_411;183572;986505.7727888891;0.0;182843;986481.3463999998;0.30488321935683144;3600;0.7447996342890754
Goal_412;183572;986505.7727888891;0.05555555555555555;183923;1111474.1855;0.2902863907351911;3600;0.7126742621483262
Goal_413;183572;986505.7727888891;0.1111111111111111;183549;986439.5902000001;0.3056406633654983;3600;0.8414617356548898
Goal_414;183572;986505.7727888891;0.16666666666666666;183490;986462.8819000003;0.3010543751726441;3600;1.0
Goal_427;183572;1973011.5455777782;0.3333333333333333;183915;1949635.114999999;0.33309872923996814;219;0.0
Goal_415;183572;986505.7727888891;0.2222222222222222;183612;1176170.3620999996;0.29516702320112453;3600;1.0
Goal_429;183572;1973011.5455777782;0.4444444444444444;187382;1447604.0403000007;0.44442827623600367;40;0.0
Goal_430;183572;1973011.5455777782;0.5;183572;1187700.9427999998;0.4901850379360153;3;0.0
Goal_428;183572;1973011.5455777782;0.38888888888888884;184432;1909602.4695000001;0.38704867356800426;190;0.0
Goal_416;183572;986505.7727888891;0.2777777777777778;183571;1135874.8564000002;0.2973424984310823;3600;1.0
Goal_417;183572;986505.7727888891;0.3333333333333333;183579;1031787.7194000002;0.3333304733542323;3600;1.0
Goal_421;183572;1973011.5455777782;0.0;183572;2001912.082999999;0.24585270294564612;3600;0.7441499593272299
Goal_422;183572;1973011.5455777782;0.05555555555555555;183930;1960982.9761000006;0.25509118592922086;3600;0.8159729435652385
Goal_435;183572;2959517.3183666673;0.2222222222222222;187630;2926449.341399999;0.22219168210736798;257;0.0
Goal_423;183572;1973011.5455777782;0.1111111111111111;183934;1934858.4279;0.24193560045993495;3600;0.9850836720612222
Goal_438;183572;2959517.3183666673;0.38888888888888884;183572;2667473.5512000015;0.38864304002894284;260;0.0
Goal_439;183572;2959517.3183666673;0.4444444444444444;186891;1520944.9437000006;0.44435359245410844;54;0.0
Goal_440;183572;2959517.3183666673;0.5;183572;1358318.4322;0.48877882117281346;3;0.0
Goal_437;183572;2959517.3183666673;0.3333333333333333;183647;2846659.7182000014;0.33332604789733433;494;0.0
Goal_424;183572;1973011.5455777782;0.16666666666666666;183572;1813131.8664;0.2736990857122944;3600;1.0
Goal_425;183572;1973011.5455777782;0.2222222222222222;183566;1868506.3418000005;0.2959683369410342;3600;1.0
Goal_426;183572;1973011.5455777782;0.2777777777777778;183581;1674388.4698999994;0.2852672521757891;3600;1.0
Goal_431;183572;2959517.3183666673;0.0;183573;2962286.4432;0.21414696924005425;3600;0.6453953786706914
Goal_432;183572;2959517.3183666673;0.05555555555555555;183572;2841710.627399999;0.21395931938165164;3600;0.6438758772162478
Goal_433;183572;2959517.3183666673;0.1111111111111111;183577;2956658.101500001;0.2245557884145952;3600;0.8918842763372918
Goal_447;183572;3946023.0911555565;0.3333333333333333;185105;3418502.8722000015;0.3325285664211584;168;0.0
Goal_448;183572;3946023.0911555565;0.38888888888888884;187202;2556075.281200001;0.3888542855776604;198;0.0
Goal_449;183572;3946023.0911555565;0.4444444444444444;184746;1423567.7353999997;0.4444248556691103;40;0.0
Goal_450;183572;3946023.0911555565;0.5;183572;1358318.4322;0.48877882117281346;3;0.0
Goal_446;183572;3946023.0911555565;0.2777777777777778;183888;2688012.921800001;0.27757728460037073;235;0.0
Goal_434;183572;2959517.3183666673;0.16666666666666666;183572;2937886.4331000005;0.2176243504787097;3600;1.0
Goal_436;183572;2959517.3183666673;0.2777777777777778;183572;2086229.4429000013;0.2922193256958938;3600;1.0
Goal_441;183572;3946023.0911555565;0.0;185644;3910872.668500001;0.20516685828591705;3600;0.6038505833358673
Goal_442;183572;3946023.0911555565;0.05555555555555555;183572;3921759.8254000014;0.20158587415167753;3600;0.6552041721038512
Goal_456;183572;4932528.863944446;0.2777777777777778;183572;2989158.2888000007;0.27771717826602166;183;0.0
Goal_457;183572;4932528.863944446;0.3333333333333333;183572;4378544.277000002;0.2912009430064426;137;0.0
Goal_458;183572;4932528.863944446;0.38888888888888884;183577;3205104.4823000026;0.38873812719885625;115;0.0
Goal_460;183572;4932528.863944446;0.5;183572;1358318.4322;0.48877882117281346;3;0.0
Goal_459;183572;4932528.863944446;0.4444444444444444;185620;1992194.0795;0.44412810530018537;51;0.0
Goal_443;183572;3946023.0911555565;0.1111111111111111;183514;3871251.8880000017;0.21569445842931778;3600;1.0
Goal_444;183572;3946023.0911555565;0.16666666666666666;184086;3782258.2150999997;0.20608952523133706;3600;1.0
Goal_445;183572;3946023.0911555565;0.2222222222222222;183572;2714592.4784000004;0.24897002523790912;3600;1.0
Goal_451;183572;4932528.863944446;0.0;183572;4797567.601599997;0.20090522784371867;3600;0.6370475189342399
Goal_452;183572;4932528.863944446;0.05555555555555555;185611;4320452.2102000015;0.2007573164901621;3600;0.6903996485313206
Goal_453;183572;4932528.863944446;0.1111111111111111;183574;4079488.8461000016;0.1940344755868689;3600;1.0
Goal_468;183572;5919034.6367333345;0.38888888888888884;184148;5328532.507000002;0.3888740219148398;151;0.0
Goal_469;183572;5919034.6367333345;0.4444444444444444;185620;1992194.0795;0.44412810530018537;52;0.0
Goal_470;183572;5919034.6367333345;0.5;183572;1358318.4322;0.48877882117281346;3;0.0
Goal_467;183572;5919034.6367333345;0.3333333333333333;183647;2540750.5316999983;0.3332295368643066;362;0.0
Goal_455;183572;4932528.863944446;0.2222222222222222;183578;2837784.242;0.22221059031224025;3390;0.0
Goal_454;183572;4932528.863944446;0.16666666666666666;183578;4202673.350799997;0.1972422230446252;3600;1.0
Goal_461;183572;5919034.6367333345;0.0;183572;4853157.071799999;0.19016240360999523;3600;0.5607728518265077
Goal_462;183572;5919034.6367333345;0.05555555555555555;184970;4774286.5418;0.21107553097701168;3600;0.7109596377845153
Goal_476;183572;6905540.409522224;0.2777777777777778;183572;3448515.3476999984;0.27754741255021065;114;0.0
Goal_477;183572;6905540.409522224;0.3333333333333333;187990;3425840.4796000035;0.3322823011090491;217;0.0
Goal_478;183572;6905540.409522224;0.38888888888888884;192505;3106108.5289000026;0.388862935239785;186;0.0
Goal_479;183572;6905540.409522224;0.4444444444444444;185620;1992194.0795;0.44412810530018537;54;0.0
Goal_480;183572;6905540.409522224;0.5;183572;1358318.4322;0.48877882117281346;2;0.0
Goal_463;183572;5919034.6367333345;0.1111111111111111;183572;2995326.8254000004;0.2185092630668589;3600;0.9171701793481467
Goal_464;183572;5919034.6367333345;0.16666666666666666;183580;4946262.5705;0.25120168373919843;3600;1.0
Goal_465;183572;5919034.6367333345;0.2222222222222222;185967;2461109.008100001;0.2790998788844214;3600;1.0
Goal_466;183572;5919034.6367333345;0.2777777777777778;183577;2938057.9435000005;0.2816606824244788;3600;1.0
Goal_471;183572;6905540.409522224;0.0;183572;5076536.247799997;0.19672961835005529;3600;0.5302030915927187
Goal_472;183572;6905540.409522224;0.05555555555555555;183573;4406887.691300001;0.19085846814679727;3600;0.6424803740617123
Goal_487;183572;7892046.182311113;0.3333333333333333;183572;3247143.326999997;0.32779701552441254;129;0.0
Goal_473;183572;6905540.409522224;0.1111111111111111;183572;3294329.2190999994;0.2063901508519324;3600;0.8367301260517084
Goal_488;183572;7892046.182311113;0.38888888888888884;183598;4589387.0052000005;0.38785524651903375;151;0.0
Goal_490;183572;7892046.182311113;0.5;183572;1358318.4322;0.48877882117281346;2;0.0
Goal_474;183572;6905540.409522224;0.16666666666666666;183598;2706620.4568;0.26662552572765247;3600;1.0
Goal_489;183572;7892046.182311113;0.4444444444444444;184631;4495622.376500001;0.44444176493885545;109;0.0
Goal_486;183572;7892046.182311113;0.2777777777777778;198311;5479092.632799999;0.277407090662475;689;0.0
Goal_475;183572;6905540.409522224;0.2222222222222222;183599;4998533.883600001;0.22278399906661736;3600;1.0
Goal_481;183572;7892046.182311113;0.0;183577;5151995.737799996;0.19670910968409624;3600;0.5885685239788138
Goal_482;183572;7892046.182311113;0.05555555555555555;184553;5009065.503299999;0.1939143227256646;3600;0.6599735052398614
Goal_483;183572;7892046.182311113;0.1111111111111111;183573;3393845.334899999;0.2193187233346381;3600;1.0
Goal_484;183572;7892046.182311113;0.16666666666666666;183572;4719302.682099995;0.18995563335333915;3600;1.0
Goal_499;183572;8878551.955100002;0.4444444444444444;183572;4915527.7381;0.4430712194136448;104;0.0
Goal_500;183572;8878551.955100002;0.5;183572;1358318.4322;0.48877882117281346;3;0.0
Goal_497;183572;8878551.955100002;0.3333333333333333;184031;2925716.1152000003;0.33325057032017735;280;0.0
Goal_498;183572;8878551.955100002;0.38888888888888884;190164;2667184.1136000003;0.3885462919043114;166;0.0
Goal_496;183572;8878551.955100002;0.2777777777777778;183572;2538325.4408000014;0.2777455361066675;802;0.0
Goal_485;183572;7892046.182311113;0.2222222222222222;183572;4921932.027600003;0.26373625006115464;3600;1.0
Goal_491;183572;8878551.955100002;0.0;183572;4314928.148699999;0.19967771050221458;3600;0.5774432010270892
Goal_492;183572;8878551.955100002;0.05555555555555555;183572;5119399.803100001;0.2006941655609452;3600;0.693324720636184
Goal_493;183572;8878551.955100002;0.1111111111111111;183569;4645111.6495;0.22611953647162542;3600;1.0
Goal_494;183572;8878551.955100002;0.16666666666666666;183572;2324595.7075000005;0.2564719293506711;3600;1.0
Goal_509;170639;0.0;0.4444444444444444;170639;114648.7528;0.434088105934106;4;0.0
Goal_510;170639;0.0;0.5;170639;114648.7528;0.434088105934106;4;0.0
Goal_495;183572;8878551.955100002;0.2222222222222222;183583;2685597.6989999986;0.2712328439665175;3600;1.0
Goal_501;170639;0.0;0.0;170194;538536.9213000003;0.3199010375472122;3600;0.5942048563795617
Goal_502;170639;0.0;0.05555555555555555;170640;536186.9916999999;0.3177951856706003;3600;0.6385182307425409
Goal_503;170639;0.0;0.1111111111111111;170639;522271.46169999987;0.319297830559135;3600;0.6584861645523384
Goal_504;170639;0.0;0.16666666666666666;170638;577943.4336999998;0.31356072152300224;3600;0.7402126303047365
Goal_505;170639;0.0;0.2222222222222222;170676;593402.4123000001;0.3130525404259882;3600;0.7663215035606923
Goal_506;170639;0.0;0.2777777777777778;171220;650450.5696000003;0.3066399863026274;3600;0.8342565411885343
Goal_507;170639;0.0;0.3333333333333333;170637;354347.16570000025;0.33615920647025577;3600;0.691004472917657
Goal_519;170639;986505.7727888891;0.4444444444444444;170639;335178.60789999994;0.43857603920537336;2;0.0
Goal_520;170639;986505.7727888891;0.5;170639;335178.60789999994;0.43857603920537336;2;0.0
Goal_518;170639;986505.7727888891;0.38888888888888884;170647;954637.0414000002;0.3888753009353578;80;0.0
Goal_508;170639;0.0;0.38888888888888884;170639;139451.64849999998;0.3888884139482605;3600;0.09143050399735533
Goal_511;170639;986505.7727888891;0.0;175335;1399343.2005000005;0.2671973120435047;3600;0.8569372839447474
Goal_512;170639;986505.7727888891;0.05555555555555555;170754;1295325.9323000002;0.2843258471143118;3600;0.880334646498902
Goal_517;170639;986505.7727888891;0.3333333333333333;170685;984920.5253000007;0.3333298260480525;1894;0.0
Goal_513;170639;986505.7727888891;0.1111111111111111;173319;1497124.3893999995;0.26259038142215263;3600;1.0
Goal_514;170639;986505.7727888891;0.16666666666666666;170674;1069413.8004;0.2909612695266473;3600;1.0
Goal_515;170639;986505.7727888891;0.2222222222222222;170646;1035211.1244000004;0.29758480694775213;3600;1.0
Goal_529;170639;1973011.5455777782;0.4444444444444444;170639;335178.60789999994;0.43857603920537336;3;0.0
Goal_530;170639;1973011.5455777782;0.5;170639;335178.60789999994;0.43857603920537336;3;0.0
Goal_528;170639;1973011.5455777782;0.38888888888888884;171316;833367.1343999997;0.3884433484253882;76;0.0
Goal_516;170639;986505.7727888891;0.2777777777777778;170764;1006667.6333999999;0.28691881716425033;3600;1.0
Goal_527;170639;1973011.5455777782;0.3333333333333333;172552;1682505.4770000002;0.33331734353301873;151;0.0
Goal_526;170639;1973011.5455777782;0.2777777777777778;170640;1851746.1321000005;0.2777746821276316;1973;0.0
Goal_521;170639;1973011.5455777782;0.0;170637;1972343.3143000004;0.2513838708372511;3600;0.7910875063196693
Goal_522;170639;1973011.5455777782;0.05555555555555555;170638;1972937.020900001;0.2562520320978743;3600;0.8184964005217645
Goal_523;170639;1973011.5455777782;0.1111111111111111;171875;1970845.5510000011;0.23266885783103633;3600;0.9566240308578031
Goal_537;170639;2959517.3183666673;0.3333333333333333;171655;2581355.2702999986;0.32997306131148907;103;0.0
Goal_539;170639;2959517.3183666673;0.4444444444444444;170639;335178.60789999994;0.43857603920537336;2;0.0
Goal_540;170639;2959517.3183666673;0.5;170639;335178.60789999994;0.43857603920537336;2;0.0
Goal_538;170639;2959517.3183666673;0.38888888888888884;170642;875780.0725999998;0.38888476380472586;116;0.0
Goal_524;170639;1973011.5455777782;0.16666666666666666;170642;1663982.5621;0.275596449415831;3600;1.0
Goal_536;170639;2959517.3183666673;0.2777777777777778;171061;1653860.3505999998;0.2777780166537054;532;0.0
Goal_525;170639;1973011.5455777782;0.2222222222222222;170641;1819295.6451000005;0.2720620636069368;3600;1.0
Goal_545;170639;3946023.0911555565;0.2222222222222222;170719;3836010.3471000027;0.22222225113977734;380;0.0
Goal_546;170639;3946023.0911555565;0.2777777777777778;172126;1919349.3547999996;0.27777847085029245;337;0.0
Goal_547;170639;3946023.0911555565;0.3333333333333333;173895;1891793.4897999999;0.3331144196395087;273;0.0
Goal_548;170639;3946023.0911555565;0.38888888888888884;170832;3322546.2756000017;0.3882745371042769;90;0.0
Goal_549;170639;3946023.0911555565;0.4444444444444444;170639;335178.60789999994;0.43857603920537336;2;0.0
Goal_550;170639;3946023.0911555565;0.5;170639;335178.60789999994;0.43857603920537336;2;0.0
Goal_531;170639;2959517.3183666673;0.0;170640;2959503.547900001;0.20468623498035762;3600;0.5850939226699381
Goal_532;170639;2959517.3183666673;0.05555555555555555;170676;2568831.1768000023;0.24835044742389148;3600;0.9059454735185023
Goal_533;170639;2959517.3183666673;0.1111111111111111;170647;2907529.137299998;0.2556642104443037;3600;1.0
Goal_534;170639;2959517.3183666673;0.16666666666666666;172326;2959460.6018000003;0.21199305317615103;3600;1.0
Goal_535;170639;2959517.3183666673;0.2222222222222222;170693;1738216.3868000002;0.27222508052143124;3600;1.0
Goal_555;170639;4932528.863944446;0.2222222222222222;179472;3785905.6054000007;0.22222185283420703;899;0.0
Goal_541;170639;3946023.0911555565;0.0;170639;3945996.6099999975;0.17496441544632998;3600;0.45730340451066015
Goal_542;170639;3946023.0911555565;0.05555555555555555;170644;3662826.970600003;0.19387751677190038;3600;0.6587694105686485
Goal_559;170639;4932528.863944446;0.4444444444444444;170639;335178.60789999994;0.43857603920537336;2;0.0
Goal_560;170639;4932528.863944446;0.5;170639;335178.60789999994;0.43857603920537336;2;0.0
Goal_543;170639;3946023.0911555565;0.1111111111111111;168927;3919729.5261999997;0.1946677358144665;3600;0.8695200493498443
Goal_557;170639;4932528.863944446;0.3333333333333333;170706;1391636.4945999992;0.3333333333268611;552;0.0
Goal_556;170639;4932528.863944446;0.2777777777777778;173051;2184059.4878;0.2777718746863271;801;0.0
Goal_558;170639;4932528.863944446;0.38888888888888884;170650;3763966.3593000006;0.38887696073189015;249;0.0
Goal_544;170639;3946023.0911555565;0.16666666666666666;170639;3344566.5961999996;0.1901908725122707;3600;1.0
Goal_566;170639;5919034.6367333345;0.2777777777777778;170720;4907324.8121;0.27775502006149316;1003;0.0
Goal_567;170639;5919034.6367333345;0.3333333333333333;175167;2449451.700899999;0.33320577828324194;191;0.0
Goal_568;170639;5919034.6367333345;0.38888888888888884;170639;4613159.071199999;0.3888485959858806;65;0.0
Goal_569;170639;5919034.6367333345;0.4444444444444444;170639;335178.60789999994;0.43857603920537336;2;0.0
Goal_570;170639;5919034.6367333345;0.5;170639;335178.60789999994;0.43857603920537336;2;0.0
Goal_551;170639;4932528.863944446;0.0;170639;3379942.6225999994;0.19488785352547608;3600;0.56363096707096
Goal_552;170639;4932528.863944446;0.05555555555555555;170675;2199207.9902000003;0.2756315812511626;3600;0.9344165329473837
Goal_553;170639;4932528.863944446;0.1111111111111111;170643;2572368.3761;0.23630786528304004;3600;1.0
Goal_554;170639;4932528.863944446;0.16666666666666666;174197;4811490.758800003;0.2110412331696804;3600;1.0
Goal_561;170639;5919034.6367333345;0.0;171240;3616995.4078;0.18221920128900468;3600;0.46255738840605815
Goal_562;170639;5919034.6367333345;0.05555555555555555;172009;4591868.373399999;0.18017496175106562;3600;0.5996902872132767
Goal_577;170639;6905540.409522224;0.3333333333333333;170642;3472374.1902999985;0.33084016705152475;101;0.0
Goal_563;170639;5919034.6367333345;0.1111111111111111;170643;4262863.732;0.18393941392611698;3600;0.7907594953645474
Goal_579;170639;6905540.409522224;0.4444444444444444;170639;335178.60789999994;0.43857603920537336;2;0.0
Goal_580;170639;6905540.409522224;0.5;170639;335178.60789999994;0.43857603920537336;2;0.0
Goal_564;170639;5919034.6367333345;0.16666666666666666;170640;4113015.859299999;0.1972647611668672;3600;1.0
Goal_578;170639;6905540.409522224;0.38888888888888884;170639;4613159.071199999;0.3888485959858806;71;0.0
Goal_565;170639;5919034.6367333345;0.2222222222222222;185423;2826077.1558;0.2524322203705636;3600;1.0
Goal_576;170639;6905540.409522224;0.2777777777777778;170932;1873403.7702;0.27771998237850426;507;0.0
Goal_571;170639;6905540.409522224;0.0;170645;3044019.6474000015;0.1892111039903177;3600;0.5182236517774595
Goal_586;170639;7892046.182311113;0.2777777777777778;170653;4531612.2233000025;0.27777779561847804;348;0.0
Goal_572;170639;6905540.409522224;0.05555555555555555;170639;4396705.661100001;0.19143573418464846;3600;0.4960894551590338
Goal_588;170639;7892046.182311113;0.38888888888888884;170639;4613159.071199999;0.3888485959858806;58;0.0
Goal_589;170639;7892046.182311113;0.4444444444444444;170639;335178.60789999994;0.43857603920537336;2;0.0
Goal_590;170639;7892046.182311113;0.5;170639;335178.60789999994;0.43857603920537336;2;0.0
Goal_573;170639;6905540.409522224;0.1111111111111111;170640;2630463.9266;0.2546588184334326;3600;1.0
Goal_574;170639;6905540.409522224;0.16666666666666666;170747;2397790.2853000015;0.2609996506114699;3600;1.0
Goal_575;170639;6905540.409522224;0.2222222222222222;170640;4515028.7523000045;0.23425092504620096;3600;1.0
Goal_587;170639;7892046.182311113;0.3333333333333333;170642;2505917.9595;0.3333035105234681;470;0.0
Goal_585;170639;7892046.182311113;0.2222222222222222;172680;3208212.092099999;0.22222110147549912;2949;0.0
Goal_596;170639;8878551.955100002;0.2777777777777778;172707;3575084.5151000004;0.27775100837759004;138;0.0
Goal_597;170639;8878551.955100002;0.3333333333333333;172072;4138239.849500002;0.3333333953536868;106;0.0
Goal_581;170639;7892046.182311113;0.0;170539;4731700.182800003;0.19649201034176259;3600;0.6457464322505457
Goal_598;170639;8878551.955100002;0.38888888888888884;170639;4613159.071199999;0.3888485959858806;62;0.0
Goal_599;170639;8878551.955100002;0.4444444444444444;170639;335178.60789999994;0.43857603920537336;2;0.0
Goal_600;170639;8878551.955100002;0.5;170639;335178.60789999994;0.43857603920537336;2;0.0
Goal_582;170639;7892046.182311113;0.05555555555555555;170640;3924655.2339;0.17685598917112327;3600;0.5226512521828864
Goal_584;170639;7892046.182311113;0.16666666666666666;170873;3970603.800899999;0.17520712279517459;3600;1.0
Goal_583;170639;7892046.182311113;0.1111111111111111;171154;2521752.7448;0.2544374554721277;3600;1.0
Goal_595;170639;8878551.955100002;0.2222222222222222;171295;3863250.3356999997;0.22222418879940406;1549;0.0
Goal_591;170639;8878551.955100002;0.0;170639;4191487.4029000006;0.17918628558315658;3600;0.50902504877095
Goal_592;170639;8878551.955100002;0.05555555555555555;170644;1742302.2421000004;0.2884939392461187;3600;0.9250442159874894
Goal_593;170639;8878551.955100002;0.1111111111111111;172299;2532166.1936000003;0.2554299755826603;3600;1.0
Goal_608;157706;0.0;0.38888888888888884;161868;0.0;0.3792015897425349;40;0.0
Goal_609;157706;0.0;0.4444444444444444;157859;0.0;0.3792015897425349;34;0.0
Goal_610;157706;0.0;0.5;157895;0.0;0.3792015897425349;30;0.0
Goal_594;170639;8878551.955100002;0.16666666666666666;170642;4148254.078400002;0.19767416293998788;3600;1.0
Goal_601;157706;0.0;0.0;158920;575401.1154000001;0.30690231085923114;3600;0.6795640152063317
Goal_602;157706;0.0;0.05555555555555555;157706;411296.7419999998;0.30831999083818323;3600;0.6818368409843645
Goal_603;157706;0.0;0.1111111111111111;146548;262362.69160000014;0.2870429635961673;3600;0.7799707537297315
Goal_604;157706;0.0;0.16666666666666666;150707;286430.6791;0.29530203629473134;3600;0.873692510149344
Goal_605;157706;0.0;0.2222222222222222;157884;451721.52160000015;0.30409008069619614;3600;0.9450434260616621
Goal_618;157706;986505.7727888891;0.38888888888888884;157706;60376.4161;0.38343077958503086;3;0.0
Goal_619;157706;986505.7727888891;0.4444444444444444;157706;60376.4161;0.38343077958503086;3;0.0
Goal_620;157706;986505.7727888891;0.5;157706;60376.4161;0.38343077958503086;4;0.0
Goal_606;157706;0.0;0.2777777777777778;157706;367614.4243999999;0.3029640233476799;3600;0.9878535451737981
Goal_607;157706;0.0;0.3333333333333333;157867;126613.89160000002;0.333425905014023;3600;1.0
Goal_611;157706;986505.7727888891;0.0;157706;968583.9298999999;0.3018581752704141;3600;0.850277261673674
Goal_612;157706;986505.7727888891;0.05555555555555555;157706;838787.3027000001;0.2997873235834215;3600;0.8832251930707791
Goal_613;157706;986505.7727888891;0.1111111111111111;160454;1192154.6815999998;0.2838534159703071;3600;1.0
Goal_614;157706;986505.7727888891;0.16666666666666666;160763;1146132.9401999998;0.27538618548135263;3600;1.0
Goal_615;157706;986505.7727888891;0.2222222222222222;157698;960219.9373000007;0.28973384407652036;3600;1.0
Goal_628;157706;1973011.5455777782;0.38888888888888884;157706;60376.4161;0.38343077958503086;3;0.0
Goal_629;157706;1973011.5455777782;0.4444444444444444;157706;60376.4161;0.38343077958503086;4;0.0
Goal_630;157706;1973011.5455777782;0.5;157706;60376.4161;0.38343077958503086;3;0.0
Goal_616;157706;986505.7727888891;0.2777777777777778;154220;657983.6553000002;0.3036427499062776;3600;1.0
Goal_617;157706;986505.7727888891;0.3333333333333333;157709;264998.3202000001;0.3495397394019215;3600;1.0
Goal_621;157706;1973011.5455777782;0.0;157730;1972906.6496000004;0.2275639435174978;3600;0.7399089927675596
Goal_622;157706;1973011.5455777782;0.05555555555555555;157706;1978722.7878000003;0.2237771060616616;3600;0.7877622161893194
Goal_627;157706;1973011.5455777782;0.3333333333333333;157706;1026002.7926000003;0.3333326620865745;460;0.0
Goal_623;157706;1973011.5455777782;0.1111111111111111;157986;1965924.0491000009;0.26396776319321635;3600;1.0
Goal_624;157706;1973011.5455777782;0.16666666666666666;157706;1970747.9844999993;0.27802862134322814;3600;1.0
Goal_638;157706;2959517.3183666673;0.38888888888888884;157706;60376.4161;0.38343077958503086;4;0.0
Goal_639;157706;2959517.3183666673;0.4444444444444444;157706;60376.4161;0.38343077958503086;4;0.0
Goal_625;157706;1973011.5455777782;0.2222222222222222;159443;1973041.6527999998;0.23777095827583278;3600;1.0
Goal_640;157706;2959517.3183666673;0.5;157706;60376.4161;0.38343077958503086;3;0.0
Goal_626;157706;1973011.5455777782;0.2777777777777778;157706;986515.1225999999;0.2968550725710771;3600;1.0
Goal_637;157706;2959517.3183666673;0.3333333333333333;164957;1487732.3465000002;0.33324800592137815;420;0.0
Goal_631;157706;2959517.3183666673;0.0;157709;2643743.3889;0.20626177246143598;3600;0.6554462982659525
Goal_632;157706;2959517.3183666673;0.05555555555555555;157688;1652746.3594000002;0.3050811994454676;3600;0.9377228154581946
Goal_633;157706;2959517.3183666673;0.1111111111111111;159693;2959508.4825999998;0.20608937345946143;3600;0.9027522371845634
Goal_634;157706;2959517.3183666673;0.16666666666666666;157725;2200719.239500001;0.2633514718538397;3600;1.0
Goal_648;157706;3946023.0911555565;0.38888888888888884;157706;60376.4161;0.38343077958503086;4;0.0
Goal_649;157706;3946023.0911555565;0.4444444444444444;157706;60376.4161;0.38343077958503086;4;0.0
Goal_650;157706;3946023.0911555565;0.5;157706;60905.9017;0.3832476076054605;2;0.0
Goal_635;157706;2959517.3183666673;0.2222222222222222;167092;1307436.5211999994;0.3141445170121844;3600;1.0
Goal_645;157706;3946023.0911555565;0.2222222222222222;159876;3346876.5358000007;0.22222377629618867;216;0.0
Goal_636;157706;2959517.3183666673;0.2777777777777778;157706;1599336.6827000002;0.2928066238903415;3600;1.0
Goal_647;157706;3946023.0911555565;0.3333333333333333;157755;1953674.7688999998;0.33291428952185037;468;0.0
Goal_641;157706;3946023.0911555565;0.0;160695;3854347.1270999988;0.18530917090953458;3600;0.48645167851992016
Goal_642;157706;3946023.0911555565;0.05555555555555555;157710;1763121.488099999;0.2887810308087121;3600;0.9126028584900423
Goal_643;157706;3946023.0911555565;0.1111111111111111;157731;3863666.586500001;0.17650399222157367;3600;0.7133421813513697
Goal_658;157706;4932528.863944446;0.38888888888888884;157706;60376.4161;0.38343077958503086;3;0.0
Goal_659;157706;4932528.863944446;0.4444444444444444;157706;60376.4161;0.38343077958503086;4;0.0
Goal_660;157706;4932528.863944446;0.5;157706;60905.9017;0.3832476076054605;2;0.0
Goal_657;157706;4932528.863944446;0.3333333333333333;157826;1181751.8018;0.33333170601626827;159;0.0
Goal_644;157706;3946023.0911555565;0.16666666666666666;158319;2642028.3600000017;0.21306445697479942;3600;1.0
Goal_646;157706;3946023.0911555565;0.2777777777777778;148232;790204.4177999999;0.286495505400773;3600;1.0
Goal_651;157706;4932528.863944446;0.0;157706;3392389.6404999997;0.17350280712522562;3600;0.47448587176925866
Goal_652;157706;4932528.863944446;0.05555555555555555;157706;1731733.8262999998;0.2871005541953592;3600;0.9211160429764851
Goal_653;157706;4932528.863944446;0.1111111111111111;164953;4146333.8737999997;0.17746674051157177;3600;0.7329527186450847
Goal_665;157706;5919034.6367333345;0.2222222222222222;161742;3677561.9469999983;0.2222243287776864;153;0.0
Goal_668;157706;5919034.6367333345;0.38888888888888884;157706;60376.4161;0.38343077958503086;3;0.0
Goal_669;157706;5919034.6367333345;0.4444444444444444;157706;60376.4161;0.38343077958503086;3;0.0
Goal_670;157706;5919034.6367333345;0.5;157706;60905.9017;0.3832476076054605;2;0.0
Goal_654;157706;4932528.863944446;0.16666666666666666;157708;2721894.9332999988;0.24305931813453474;3600;1.0
Goal_655;157706;4932528.863944446;0.2222222222222222;127995;520036.2230999999;0.23091383819340774;3600;1.0
Goal_667;157706;5919034.6367333345;0.3333333333333333;163505;1165614.0820000002;0.33318966179557213;629;0.0
Goal_656;157706;4932528.863944446;0.2777777777777778;146355;686892.0698999999;0.2783698954372727;3600;1.0
Goal_661;157706;5919034.6367333345;0.0;157708;4084145.1466000015;0.19572189348509475;3600;0.6476262904221495
Goal_662;157706;5919034.6367333345;0.05555555555555555;157686;3932588.0386999995;0.17952086864548564;3600;0.6288099328210001
Goal_663;157706;5919034.6367333345;0.1111111111111111;164813;3984767.3559;0.1651192078733521;3600;0.6507951943048123
Goal_678;157706;6905540.409522224;0.38888888888888884;157706;60376.4161;0.38343077958503086;4;0.0
Goal_679;157706;6905540.409522224;0.4444444444444444;157706;60376.4161;0.38343077958503086;3;0.0
Goal_680;157706;6905540.409522224;0.5;157706;60905.9017;0.3832476076054605;3;0.0
Goal_675;157706;6905540.409522224;0.2222222222222222;159082;4033489.546699998;0.2221941879186304;386;0.0
Goal_676;157706;6905540.409522224;0.2777777777777778;158011;2137639.420599999;0.2777787952544603;594;0.0
Goal_677;157706;6905540.409522224;0.3333333333333333;164600;1014517.6694000005;0.33315018122998896;580;0.0
Goal_664;157706;5919034.6367333345;0.16666666666666666;157690;2663809.9753;0.24819467488991098;3600;1.0
Goal_666;157706;5919034.6367333345;0.2777777777777778;157862;1444992.7278;0.2941512978437954;3600;1.0
Goal_671;157706;6905540.409522224;0.0;157707;4069135.1635000003;0.17408433171616478;3600;0.4569647549421231
Goal_672;157706;6905540.409522224;0.05555555555555555;157674;3497128.034299999;0.18627186218527444;3600;0.7323439145442173
Goal_688;157706;7892046.182311113;0.38888888888888884;157706;60376.4161;0.38343077958503086;4;0.0
Goal_689;157706;7892046.182311113;0.4444444444444444;157706;60376.4161;0.38343077958503086;3;0.0
Goal_690;157706;7892046.182311113;0.5;157706;60905.9017;0.3832476076054605;3;0.0
Goal_673;157706;6905540.409522224;0.1111111111111111;157706;4036981.7944000005;0.20771482074322656;3600;1.0
Goal_687;157706;7892046.182311113;0.3333333333333333;157722;1823351.1739000008;0.3327379014131681;464;0.0
Goal_674;157706;6905540.409522224;0.16666666666666666;157865;2626220.399400001;0.2400096292902172;3600;1.0
Goal_681;157706;7892046.182311113;0.0;159589;4266352.800599997;0.17980546492001231;3600;0.5114918423980054
Goal_682;157706;7892046.182311113;0.05555555555555555;157707;1827246.8366000007;0.298007086446677;3600;0.9405562919351438
Goal_683;157706;7892046.182311113;0.1111111111111111;159093;3701810.6152999997;0.1940987978915583;3600;0.8527192942025612
Goal_684;157706;7892046.182311113;0.16666666666666666;157710;2967773.9143000008;0.25654450888738567;3600;1.0
Goal_698;157706;8878551.955100002;0.38888888888888884;157706;60376.4161;0.38343077958503086;4;0.0
Goal_699;157706;8878551.955100002;0.4444444444444444;157706;60376.4161;0.38343077958503086;3;0.0
Goal_700;157706;8878551.955100002;0.5;157706;60905.9017;0.3832476076054605;2;0.0
Goal_697;157706;8878551.955100002;0.3333333333333333;157709;1696254.6497999993;0.3333161553075161;643;0.0
Goal_685;157706;7892046.182311113;0.2222222222222222;157974;2452121.7811000003;0.26680058699651543;3600;1.0
Goal_686;157706;7892046.182311113;0.2777777777777778;157706;1115836.3430000003;0.2874755747169976;3600;1.0
Goal_691;157706;8878551.955100002;0.0;160866;4370374.148899999;0.17443200487011215;3600;0.5512149977917578
Goal_692;157706;8878551.955100002;0.05555555555555555;157706;3970273.631300001;0.24142730144139635;3600;0.9075449450556512
Goal_693;157706;8878551.955100002;0.1111111111111111;157710;1669869.7376;0.2897688146587655;3600;1.0
Goal_707;144772;0.0;0.3333333333333333;146298;0.0;0.3203105556187878;39;0.0
Goal_708;144772;0.0;0.38888888888888884;145768;0.0;0.34992710611188227;1;0.0
Goal_709;144772;0.0;0.4444444444444444;145768;0.0;0.34992710611188227;2;0.0
Goal_710;144772;0.0;0.5;145768;0.0;0.34992710611188227;1;0.0
Goal_694;157706;8878551.955100002;0.16666666666666666;158167;2587783.704999998;0.2478507788022894;3600;1.0
Goal_695;157706;8878551.955100002;0.2222222222222222;158232;4184576.144600002;0.22577047636699443;3600;1.0
Goal_696;157706;8878551.955100002;0.2777777777777778;157702;1145067.5140999998;0.3029179993227555;3600;1.0
Goal_701;144772;0.0;0.0;128251;75175.3759;0.24113107408967072;3600;0.714313171690462
Goal_702;144772;0.0;0.05555555555555555;145226;275034.05660000007;0.28998700655778353;3600;0.7658728453923127
Goal_703;144772;0.0;0.1111111111111111;144763;288358.5061000001;0.27985689548272424;3600;0.8304316819254159
Goal_717;144772;986505.7727888891;0.3333333333333333;144971;398545.7457999999;0.33327238612045995;80;0.0
Goal_718;144772;986505.7727888891;0.38888888888888884;145081;0.0;0.3499271061118824;2;0.0
Goal_719;144772;986505.7727888891;0.4444444444444444;145081;0.0;0.3499271061118824;2;0.0
Goal_720;144772;986505.7727888891;0.5;145081;0.0;0.3499271061118824;2;0.0
Goal_704;144772;0.0;0.16666666666666666;143771;250066.0661;0.27756212533373;3600;0.9472741023901404
Goal_705;144772;0.0;0.2222222222222222;141147;147920.25099999996;0.27984193967274074;3600;1.0
Goal_706;144772;0.0;0.2777777777777778;142024;178221.4311;0.27952424184255203;3600;1.0
Goal_711;144772;986505.7727888891;0.0;143427;986253.0469999998;0.2824508740888029;3600;0.881497759709884
Goal_712;144772;986505.7727888891;0.05555555555555555;144772;984027.5642999997;0.28213091350600145;3600;0.9292030422730875
Goal_713;144772;986505.7727888891;0.1111111111111111;144773;850277.6099999999;0.27733579528977514;3600;1.0
Goal_714;144772;986505.7727888891;0.16666666666666666;143123;854033.9219;0.26660203864330145;3600;1.0
Goal_728;144772;1973011.5455777782;0.38888888888888884;145081;0.0;0.3499271061118824;2;0.0
Goal_729;144772;1973011.5455777782;0.4444444444444444;145081;0.0;0.3499271061118824;2;0.0
Goal_730;144772;1973011.5455777782;0.5;145081;0.0;0.3499271061118824;2;0.0
Goal_727;144772;1973011.5455777782;0.3333333333333333;144772;578428.9894999999;0.3326247420642;174;0.0
Goal_715;144772;986505.7727888891;0.2222222222222222;144087;768896.8835999998;0.2662758045679988;3600;1.0
Goal_716;144772;986505.7727888891;0.2777777777777778;143938;943860.7461000001;0.2777824662891504;3600;1.0
Goal_721;144772;1973011.5455777782;0.0;152496;1884314.3029999996;0.27877512126643605;3600;0.8859100494335492
Goal_722;144772;1973011.5455777782;0.05555555555555555;144772;1124655.3458999998;0.27207594972988663;3600;0.9016715524029598
Goal_723;144772;1973011.5455777782;0.1111111111111111;146372;1971841.8483;0.2483561058493212;3600;1.0
Goal_724;144772;1973011.5455777782;0.16666666666666666;144777;1527163.6317999999;0.2802030308867647;3600;1.0
Goal_738;144772;2959517.3183666673;0.38888888888888884;145081;0.0;0.3499271061118824;2;0.0
Goal_739;144772;2959517.3183666673;0.4444444444444444;145081;0.0;0.3499271061118824;2;0.0
Goal_740;144772;2959517.3183666673;0.5;145081;0.0;0.3499271061118824;2;0.0
Goal_737;144772;2959517.3183666673;0.3333333333333333;144775;439144.2883;0.33330928001242294;180;0.0
Goal_725;144772;1973011.5455777782;0.2222222222222222;124591;453146.09369999997;0.22222480616639995;3600;1.0
Goal_726;144772;1973011.5455777782;0.2777777777777778;143443;521923.4774999999;0.2779226218200172;3600;1.0
Goal_731;144772;2959517.3183666673;0.0;144777;1563047.6681999997;0.2813510905466188;3600;0.9035044379674876
Goal_732;144772;2959517.3183666673;0.05555555555555555;144773;839527.7533999998;0.2711331802304138;3600;0.9136276936776437
Goal_733;144772;2959517.3183666673;0.1111111111111111;144773;2959454.667200001;0.1830986423808549;3600;1.0
Goal_747;144772;3946023.0911555565;0.3333333333333333;144950;448045.90810000006;0.3332984155387478;200;0.0
Goal_748;144772;3946023.0911555565;0.38888888888888884;145081;0.0;0.3499271061118824;2;0.0
Goal_749;144772;3946023.0911555565;0.4444444444444444;145081;0.0;0.3499271061118824;1;0.0
Goal_750;144772;3946023.0911555565;0.5;145081;0.0;0.3499271061118824;2;0.0
Goal_734;144772;2959517.3183666673;0.16666666666666666;145350;2958833.552500002;0.20345086883012617;3600;1.0
Goal_735;144772;2959517.3183666673;0.2222222222222222;144772;764009.3989000001;0.2865586491185886;3600;1.0
Goal_736;144772;2959517.3183666673;0.2777777777777778;143246;630142.8930000002;0.27778142529767796;3600;1.0
Goal_741;144772;3946023.0911555565;0.0;157605;3317092.6852999995;0.17759238002256503;3600;0.5248164656458767
Goal_742;144772;3946023.0911555565;0.05555555555555555;144772;1095517.2750000001;0.27780515874844947;3600;0.9379307363378719
Goal_743;144772;3946023.0911555565;0.1111111111111111;158935;3946007.6931000007;0.1743626030452191;3600;1.0
Goal_744;144772;3946023.0911555565;0.16666666666666666;144844;2926521.195699999;0.21010507212799573;3600;1.0
Goal_758;144772;4932528.863944446;0.38888888888888884;145081;0.0;0.3499271061118824;1;0.0
Goal_759;144772;4932528.863944446;0.4444444444444444;145081;0.0;0.3499271061118824;2;0.0
Goal_760;144772;4932528.863944446;0.5;145081;0.0;0.3499271061118824;2;0.0
Goal_757;144772;4932528.863944446;0.3333333333333333;144781;1517950.4204000004;0.3333029433769791;166;0.0
Goal_745;144772;3946023.0911555565;0.2222222222222222;144772;816001.1370999997;0.2854313689507514;3600;1.0
Goal_746;144772;3946023.0911555565;0.2777777777777778;143012;946432.2817999998;0.27778039799043486;3600;1.0
Goal_751;144772;4932528.863944446;0.0;144785;3009117.073499999;0.19020786726013522;3600;0.6243999315952937
Goal_752;144772;4932528.863944446;0.05555555555555555;144770;1173639.3119999995;0.2723382388982189;3600;0.9202897374830816
Goal_753;144772;4932528.863944446;0.1111111111111111;144784;1251812.6801000002;0.27813242354822487;3600;1.0
Goal_754;144772;4932528.863944446;0.16666666666666666;152073;4171496.4237000006;0.19452541845244173;3600;1.0
Goal_768;144772;5919034.6367333345;0.38888888888888884;145081;0.0;0.3499271061118824;2;0.0
Goal_769;144772;5919034.6367333345;0.4444444444444444;145081;0.0;0.3499271061118824;2;0.0
Goal_770;144772;5919034.6367333345;0.5;145081;0.0;0.3499271061118824;2;0.0
Goal_767;144772;5919034.6367333345;0.3333333333333333;144774;4653140.2482;0.3333025334956452;165;0.0
Goal_755;144772;4932528.863944446;0.2222222222222222;144772;1524161.6905000005;0.27775893522692613;3600;1.0
Goal_756;144772;4932528.863944446;0.2777777777777778;142528;921281.6462999999;0.2777798850803315;3600;1.0
Goal_761;144772;5919034.6367333345;0.0;144834;3294305.683799999;0.17927353895138287;3600;0.660018617242279
Goal_762;144772;5919034.6367333345;0.05555555555555555;143773;878762.9367000001;0.274993827513518;3600;0.9079410409436147
Goal_763;144772;5919034.6367333345;0.1111111111111111;151358;3266054.1390999984;0.1906348828234369;3600;1.0
Goal_764;144772;5919034.6367333345;0.16666666666666666;146325;2209802.000500002;0.2529830819913933;3600;1.0
Goal_778;144772;6905540.409522224;0.38888888888888884;145081;0.0;0.3499271061118824;2;0.0
Goal_779;144772;6905540.409522224;0.4444444444444444;145081;0.0;0.3499271061118824;2;0.0
Goal_780;144772;6905540.409522224;0.5;145081;0.0;0.3499271061118824;2;0.0
Goal_775;144772;6905540.409522224;0.2222222222222222;157158;3409002.740900001;0.2222238298124336;1759;0.0
Goal_777;144772;6905540.409522224;0.3333333333333333;146343;940872.9086000002;0.3329713150307371;173;0.0
Goal_765;144772;5919034.6367333345;0.2222222222222222;144772;1292432.3088;0.2868459149681276;3600;1.0
Goal_766;144772;5919034.6367333345;0.2777777777777778;143482;709791.9507;0.27777757999197716;3600;1.0
Goal_771;144772;6905540.409522224;0.0;144742;1427034.8546999993;0.2755653565519866;3600;0.9157185479680784
Goal_772;144772;6905540.409522224;0.05555555555555555;144635;890987.6408000003;0.2725971018797655;3600;0.924031065512332
Goal_787;144772;7892046.182311113;0.3333333333333333;144777;737013.3737000005;0.3332907021359538;182;0.0
Goal_788;144772;7892046.182311113;0.38888888888888884;145081;0.0;0.3499271061118824;2;0.0
Goal_789;144772;7892046.182311113;0.4444444444444444;145081;0.0;0.3499271061118824;2;0.0
Goal_790;144772;7892046.182311113;0.5;145081;0.0;0.3499271061118824;2;0.0
Goal_773;144772;6905540.409522224;0.1111111111111111;144773;3272218.6615999984;0.1814636774571511;3600;1.0
Goal_774;144772;6905540.409522224;0.16666666666666666;156227;4411064.5512000015;0.17473894006928928;3600;1.0
Goal_776;144772;6905540.409522224;0.2777777777777778;143556;737424.8538;0.2779201510703751;3600;1.0
Goal_781;144772;7892046.182311113;0.0;148691;3791326.121100003;0.17694968521417861;3600;0.5613595071563549
Goal_782;144772;7892046.182311113;0.05555555555555555;144759;994266.3782999997;0.26948531871217885;3600;0.9075472371308162
Goal_783;144772;7892046.182311113;0.1111111111111111;144773;1090445.4272000005;0.27692111458757473;3600;1.0
Goal_797;144772;8878551.955100002;0.3333333333333333;144777;737013.3737000005;0.3332907021359538;173;0.0
Goal_798;144772;8878551.955100002;0.38888888888888884;145081;0.0;0.3499271061118824;2;0.0
Goal_799;144772;8878551.955100002;0.4444444444444444;145081;0.0;0.3499271061118824;2;0.0
Goal_800;144772;8878551.955100002;0.5;145081;0.0;0.3499271061118824;2;0.0
Goal_784;144772;7892046.182311113;0.16666666666666666;144852;2097297.3956999998;0.24778853474601806;3600;1.0
Goal_795;144772;8878551.955100002;0.2222222222222222;154136;3194990.3752999976;0.22222389452773691;787;0.0
Goal_785;144772;7892046.182311113;0.2222222222222222;135627;1212605.9958000004;0.24996738994417647;3600;1.0
Goal_786;144772;7892046.182311113;0.2777777777777778;142220;502489.9567;0.2777801737168027;3600;1.0
Goal_791;144772;8878551.955100002;0.0;144763;3451398.0484000016;0.18419144589752867;3600;0.6858445016406866
Goal_792;144772;8878551.955100002;0.05555555555555555;160599;3850665.495500001;0.17662229193684217;3600;0.6124390913051831
Goal_807;131839;0.0;0.3333333333333333;133038;0.0;0.2976041662946239;2;0.0
Goal_808;131839;0.0;0.38888888888888884;133038;0.0;0.2976041662946239;2;0.0
Goal_809;131839;0.0;0.4444444444444444;133038;0.0;0.2976041662946239;2;0.0
Goal_810;131839;0.0;0.5;133038;0.0;0.2976041662946239;2;0.0
Goal_793;144772;8878551.955100002;0.1111111111111111;161974;4198700.782600002;0.16350839259160146;3600;0.8249652956765657
Goal_806;131839;0.0;0.2777777777777778;131907;0.0;0.2718453097792555;431;0.0
Goal_794;144772;8878551.955100002;0.16666666666666666;144789;2364996.9322000016;0.25087407915722315;3600;1.0
Goal_796;144772;8878551.955100002;0.2777777777777778;143287;708299.9255999996;0.27777257570309855;3600;1.0
Goal_801;131839;0.0;0.0;127604;51346.65250000001;0.24163385173642293;3600;0.6981607043908935
Goal_816;131839;986505.7727888891;0.2777777777777778;131850;960523.2114999999;0.27763762168897027;71;0.0
Goal_817;131839;986505.7727888891;0.3333333333333333;133038;0.0;0.2976041662946239;1;0.0
Goal_818;131839;986505.7727888891;0.38888888888888884;133038;0.0;0.2976041662946239;1;0.0
Goal_819;131839;986505.7727888891;0.4444444444444444;133038;0.0;0.2976041662946239;2;0.0
Goal_820;131839;986505.7727888891;0.5;133038;0.0;0.2976041662946239;2;0.0
Goal_802;131839;0.0;0.05555555555555555;121488;29493.5659;0.2253642817803839;3600;0.7488671788301958
Goal_803;131839;0.0;0.1111111111111111;117464;1584.6058;0.21606687348322398;3600;0.9316876894905289
Goal_804;131839;0.0;0.16666666666666666;130303;85524.36129999999;0.24865821119098408;3600;1.0
Goal_805;131839;0.0;0.2222222222222222;131839;145996.08439999996;0.24872012864703286;3600;1.0
Goal_811;131839;986505.7727888891;0.0;131832;701908.8570000001;0.23617616385665688;3600;0.8374067392272654
Goal_826;131839;1973011.5455777782;0.2777777777777778;131846;574558.6185000001;0.2777741345980039;91;0.0
Goal_827;131839;1973011.5455777782;0.3333333333333333;133038;0.0;0.2976041662946239;1;0.0
Goal_828;131839;1973011.5455777782;0.38888888888888884;133038;0.0;0.2976041662946239;2;0.0
Goal_812;131839;986505.7727888891;0.05555555555555555;131838;612728.5192999999;0.2523611916653077;3600;0.923591070874905
Goal_829;131839;1973011.5455777782;0.4444444444444444;133038;0.0;0.2976041662946239;2;0.0
Goal_830;131839;1973011.5455777782;0.5;133038;0.0;0.2976041662946239;2;0.0
Goal_813;131839;986505.7727888891;0.1111111111111111;131839;648571.0698;0.24291136669140756;3600;1.0
Goal_814;131839;986505.7727888891;0.16666666666666666;131839;622091.6323000002;0.23907719970338;3600;1.0
Goal_815;131839;986505.7727888891;0.2222222222222222;131706;652369.9219000002;0.23864178161613311;3600;1.0
Goal_821;131839;1973011.5455777782;0.0;131841;794592.1362000002;0.24546290817814617;3600;0.8745368429740091
Goal_836;131839;2959517.3183666673;0.2777777777777778;133007;409663.9584000001;0.2777778625757197;87;0.0
Goal_837;131839;2959517.3183666673;0.3333333333333333;133038;0.0;0.2976041662946239;2;0.0
Goal_838;131839;2959517.3183666673;0.38888888888888884;133038;0.0;0.2976041662946239;2;0.0
Goal_839;131839;2959517.3183666673;0.4444444444444444;133038;0.0;0.2976041662946239;2;0.0
Goal_840;131839;2959517.3183666673;0.5;133038;0.0;0.2976041662946239;2;0.0
Goal_822;131839;1973011.5455777782;0.05555555555555555;131841;748061.3686000002;0.24871723476622676;3600;0.8843297864411619
Goal_823;131839;1973011.5455777782;0.1111111111111111;131836;761628.6309000002;0.24331193646927535;3600;1.0
Goal_824;131839;1973011.5455777782;0.16666666666666666;131839;414200.19020000007;0.2515421307641337;3600;1.0
Goal_825;131839;1973011.5455777782;0.2222222222222222;129732;515943.34119999997;0.2382289726604386;3600;1.0
Goal_831;131839;2959517.3183666673;0.0;131842;840920.7831;0.24653286336709315;3600;0.8963945362861054
Goal_832;131839;2959517.3183666673;0.05555555555555555;131840;1127779.4372000005;0.2711982356398691;3600;0.9387058226615254
Goal_847;131839;3946023.0911555565;0.3333333333333333;133038;0.0;0.2976041662946239;2;0.0
Goal_848;131839;3946023.0911555565;0.38888888888888884;133038;0.0;0.2976041662946239;2;0.0
Goal_849;131839;3946023.0911555565;0.4444444444444444;133038;0.0;0.2976041662946239;1;0.0
Goal_850;131839;3946023.0911555565;0.5;133038;0.0;0.2976041662946239;1;0.0
Goal_846;131839;3946023.0911555565;0.2777777777777778;131843;474430.3621999999;0.2777756496459338;93;0.0
Goal_833;131839;2959517.3183666673;0.1111111111111111;131844;751070.1317;0.24045275242320366;3600;1.0
Goal_834;131839;2959517.3183666673;0.16666666666666666;122418;410715.6971999999;0.2181320668976575;3600;1.0
Goal_835;131839;2959517.3183666673;0.2222222222222222;129677;708981.1499000002;0.23916133507647996;3600;1.0
Goal_841;131839;3946023.0911555565;0.0;131839;437767.463;0.2390899712883569;3600;0.8920893655862934
Goal_842;131839;3946023.0911555565;0.05555555555555555;131804;785630.3629000002;0.25058461349620975;3600;0.9296496649800098
Goal_857;131839;4932528.863944446;0.3333333333333333;133038;0.0;0.2976041662946239;2;0.0
Goal_858;131839;4932528.863944446;0.38888888888888884;133038;0.0;0.2976041662946239;2;0.0
Goal_859;131839;4932528.863944446;0.4444444444444444;133038;0.0;0.2976041662946239;2;0.0
Goal_860;131839;4932528.863944446;0.5;133038;0.0;0.2976041662946239;2;0.0
Goal_856;131839;4932528.863944446;0.2777777777777778;131839;331516.01440000004;0.27530408759924496;90;0.0
Goal_843;131839;3946023.0911555565;0.1111111111111111;131839;675384.1572;0.2354638856066685;3600;1.0
Goal_844;131839;3946023.0911555565;0.16666666666666666;131839;404877.307;0.2453810255865639;3600;1.0
Goal_845;131839;3946023.0911555565;0.2222222222222222;129832;610010.1353000002;0.2426106762291324;3600;1.0
Goal_851;131839;4932528.863944446;0.0;139120;3297938.7917000004;0.210976233723776;3600;0.7695406670674094
Goal_852;131839;4932528.863944446;0.05555555555555555;131897;1011322.6734999998;0.2659932910500158;3600;0.9075496742668271
Goal_867;131839;5919034.6367333345;0.3333333333333333;133038;0.0;0.2976041662946239;2;0.0
Goal_868;131839;5919034.6367333345;0.38888888888888884;133038;0.0;0.2976041662946239;2;0.0
Goal_866;131839;5919034.6367333345;0.2777777777777778;131839;331516.01440000004;0.27530408759924496;87;0.0
Goal_869;131839;5919034.6367333345;0.4444444444444444;133038;0.0;0.2976041662946239;2;0.0
Goal_870;131839;5919034.6367333345;0.5;133038;0.0;0.2976041662946239;2;0.0
Goal_853;131839;4932528.863944446;0.1111111111111111;131839;902486.2236000001;0.26167387972264095;3600;1.0
Goal_854;131839;4932528.863944446;0.16666666666666666;131839;559465.9838000002;0.24467441874155604;3600;1.0
Goal_855;131839;4932528.863944446;0.2222222222222222;131492;706949.0311000001;0.24722879076233234;3600;1.0
Goal_861;131839;5919034.6367333345;0.0;131839;741877.7680000002;0.25346622232348937;3600;0.8991555591655903
Goal_862;131839;5919034.6367333345;0.05555555555555555;131839;854017.8152000001;0.24556958205854718;3600;0.9395421089909468
Goal_877;131839;6905540.409522224;0.3333333333333333;133038;0.0;0.2976041662946239;1;0.0
Goal_878;131839;6905540.409522224;0.38888888888888884;133038;0.0;0.2976041662946239;2;0.0
Goal_879;131839;6905540.409522224;0.4444444444444444;133038;0.0;0.2976041662946239;1;0.0
Goal_880;131839;6905540.409522224;0.5;133038;0.0;0.2976041662946239;2;0.0
Goal_876;131839;6905540.409522224;0.2777777777777778;131839;331516.01440000004;0.27530408759924496;89;0.0
Goal_863;131839;5919034.6367333345;0.1111111111111111;135055;3308471.7953000017;0.19555045729449022;3600;1.0
Goal_864;131839;5919034.6367333345;0.16666666666666666;131842;575729.9023;0.25043831816460366;3600;1.0
Goal_865;131839;5919034.6367333345;0.2222222222222222;131516;640434.9976000001;0.24123055995373674;3600;1.0
Goal_871;131839;6905540.409522224;0.0;131841;818111.3986000001;0.2536812303519641;3600;0.8944678296468435
Goal_872;131839;6905540.409522224;0.05555555555555555;131839;930091.0469999999;0.257387191855043;3600;0.9257924865229892
Goal_887;131839;7892046.182311113;0.3333333333333333;133038;0.0;0.2976041662946239;2;0.0
Goal_888;131839;7892046.182311113;0.38888888888888884;133038;0.0;0.2976041662946239;2;0.0
Goal_889;131839;7892046.182311113;0.4444444444444444;133038;0.0;0.2976041662946239;2;0.0
Goal_890;131839;7892046.182311113;0.5;133038;0.0;0.2976041662946239;2;0.0
Goal_886;131839;7892046.182311113;0.2777777777777778;131839;391931.9004;0.2776838074239381;71;0.0
Goal_873;131839;6905540.409522224;0.1111111111111111;160095;4146413.943400001;0.1641582413940174;3600;1.0
Goal_874;131839;6905540.409522224;0.16666666666666666;132488;182099.3785;0.2900203268055843;3600;1.0
Goal_875;131839;6905540.409522224;0.2222222222222222;131832;714606.0158000004;0.24149118590251575;3600;1.0
Goal_881;131839;7892046.182311113;0.0;131839;846486.6002000001;0.24616246588793003;3600;0.8669088047188519
Goal_882;131839;7892046.182311113;0.05555555555555555;131148;668365.028;0.24751880752737052;3600;0.8979467683204186
Goal_897;131839;8878551.955100002;0.3333333333333333;133038;0.0;0.2976041662946239;2;0.0
Goal_898;131839;8878551.955100002;0.38888888888888884;133038;0.0;0.2976041662946239;1;0.0
Goal_899;131839;8878551.955100002;0.4444444444444444;133038;0.0;0.2976041662946239;2;0.0
Goal_900;131839;8878551.955100002;0.5;133038;0.0;0.2976041662946239;2;0.0
Goal_896;131839;8878551.955100002;0.2777777777777778;131993;545409.2916;0.2773719579876863;64;0.0
Goal_883;131839;7892046.182311113;0.1111111111111111;145470;3492842.9198000026;0.1796004138015134;3600;1.0
Goal_884;131839;7892046.182311113;0.16666666666666666;131839;528644.7160999998;0.2431837117343835;3600;1.0
Goal_885;131839;7892046.182311113;0.2222222222222222;131509;589836.1193;0.24602699871103956;3600;1.0
Goal_891;131839;8878551.955100002;0.0;131782;678953.0296000001;0.24155496109715172;3600;0.8924607882313809
Goal_906;118906;0.0;0.2777777777777778;119295;0.0;0.24206145913796356;1;0.0
Goal_907;118906;0.0;0.3333333333333333;119295;0.0;0.24206145913796356;2;0.0
Goal_908;118906;0.0;0.38888888888888884;119295;0.0;0.24206145913796356;2;0.0
Goal_909;118906;0.0;0.4444444444444444;119295;0.0;0.24206145913796356;1;0.0
Goal_910;118906;0.0;0.5;119295;0.0;0.24206145913796356;2;0.0
Goal_892;131839;8878551.955100002;0.05555555555555555;131834;588890.1948;0.2400414049595242;3600;0.9077997370491965
Goal_893;131839;8878551.955100002;0.1111111111111111;131354;496752.3436;0.23722264423188147;3600;1.0
Goal_894;131839;8878551.955100002;0.16666666666666666;131697;629921.7841;0.24418736978067676;3600;1.0
Goal_895;131839;8878551.955100002;0.2222222222222222;131839;468433.05750000005;0.24626536275690186;3600;1.0
Goal_915;118906;986505.7727888891;0.2222222222222222;119946;247595.88929999995;0.22222320590737762;125;0.0
Goal_916;118906;986505.7727888891;0.2777777777777778;119295;0.0;0.24206145913796356;2;0.0
Goal_917;118906;986505.7727888891;0.3333333333333333;119295;0.0;0.24206145913796356;1;0.0
Goal_918;118906;986505.7727888891;0.38888888888888884;119295;0.0;0.24206145913796356;1;0.0
Goal_919;118906;986505.7727888891;0.4444444444444444;119295;0.0;0.24206145913796356;2;0.0
Goal_920;118906;986505.7727888891;0.5;119295;0.0;0.24206145913796356;2;0.0
Goal_901;118906;0.0;0.0;118906;51552.89369999998;0.21523885882352142;3600;0.7545992544361165
Goal_902;118906;0.0;0.05555555555555555;115470;19509.2015;0.20683233216669264;3600;0.8655481499082496
Goal_903;118906;0.0;0.1111111111111111;118701;82297.1977;0.21611844326264473;3600;0.9982730213977715
Goal_904;118906;0.0;0.16666666666666666;118890;37813.1575;0.21619392587170144;3600;1.0
Goal_925;118906;1973011.5455777782;0.2222222222222222;118906;123580.6732;0.22201021400872498;85;0.0
Goal_926;118906;1973011.5455777782;0.2777777777777778;119295;0.0;0.24206145913796356;1;0.0
Goal_927;118906;1973011.5455777782;0.3333333333333333;119295;0.0;0.24206145913796356;1;0.0
Goal_928;118906;1973011.5455777782;0.38888888888888884;119295;0.0;0.24206145913796356;2;0.0
Goal_929;118906;1973011.5455777782;0.4444444444444444;119295;0.0;0.24206145913796356;2;0.0
Goal_930;118906;1973011.5455777782;0.5;119295;0.0;0.24206145913796356;1;0.0
Goal_905;118906;0.0;0.2222222222222222;118906;19852.291100000002;0.2222222017737148;3600;1.0
Goal_911;118906;986505.7727888891;0.0;118911;625499.9281999998;0.21292996366235137;3600;0.8390117663160305
Goal_912;118906;986505.7727888891;0.05555555555555555;117340;406919.52629999997;0.20042120721516948;3600;0.9423331178165711
Goal_913;118906;986505.7727888891;0.1111111111111111;118906;332725.63759999996;0.20454089247298676;3600;1.0
Goal_914;118906;986505.7727888891;0.16666666666666666;118906;715515.5958;0.21138958897135;3600;1.0
Goal_936;118906;2959517.3183666673;0.2777777777777778;119295;0.0;0.24206145913796356;2;0.0
Goal_937;118906;2959517.3183666673;0.3333333333333333;119295;0.0;0.24206145913796356;2;0.0
Goal_938;118906;2959517.3183666673;0.38888888888888884;119295;0.0;0.24206145913796356;2;0.0
Goal_939;118906;2959517.3183666673;0.4444444444444444;119295;0.0;0.24206145913796356;2;0.0
Goal_940;118906;2959517.3183666673;0.5;119295;0.0;0.24206145913796356;1;0.0
Goal_935;118906;2959517.3183666673;0.2222222222222222;119983;186892.7321;0.22220719628251231;162;0.0
Goal_921;118906;1973011.5455777782;0.0;118906;464163.5397;0.2058773239764264;3600;0.8267636360987198
Goal_922;118906;1973011.5455777782;0.05555555555555555;120764;570691.9492;0.2230043667464317;3600;0.9419721618344169
Goal_923;118906;1973011.5455777782;0.1111111111111111;118577;486817.11530000006;0.20327172559001125;3600;1.0
Goal_945;118906;3946023.0911555565;0.2222222222222222;119239;145554.31710000001;0.2218283733405764;21;0.0
Goal_946;118906;3946023.0911555565;0.2777777777777778;119295;0.0;0.24206145913796356;1;0.0
Goal_947;118906;3946023.0911555565;0.3333333333333333;119295;0.0;0.24206145913796356;2;0.0
Goal_948;118906;3946023.0911555565;0.38888888888888884;119295;0.0;0.24206145913796356;1;0.0
Goal_949;118906;3946023.0911555565;0.4444444444444444;119295;0.0;0.24206145913796356;2;0.0
Goal_950;118906;3946023.0911555565;0.5;119295;0.0;0.24206145913796356;1;0.0
Goal_924;118906;1973011.5455777782;0.16666666666666666;118909;510829.39359999984;0.22576367133091202;3600;1.0
Goal_931;118906;2959517.3183666673;0.0;118909;481759.7656;0.2117915683607025;3600;0.8505074504365399
Goal_932;118906;2959517.3183666673;0.05555555555555555;118906;368164.8286;0.22225975413865098;3600;0.9527253700787437
Goal_933;118906;2959517.3183666673;0.1111111111111111;118904;504155.1644999999;0.21462305182096303;3600;1.0
Goal_955;118906;4932528.863944446;0.2222222222222222;119239;145554.31710000001;0.2218283733405764;19;0.0
Goal_956;118906;4932528.863944446;0.2777777777777778;119295;0.0;0.24206145913796356;2;0.0
Goal_957;118906;4932528.863944446;0.3333333333333333;119295;0.0;0.24206145913796356;1;0.0
Goal_934;118906;2959517.3183666673;0.16666666666666666;118907;525660.9966;0.2065710895752533;3600;1.0
Goal_958;118906;4932528.863944446;0.38888888888888884;119295;0.0;0.24206145913796356;1;0.0
Goal_959;118906;4932528.863944446;0.4444444444444444;119295;0.0;0.24206145913796356;1;0.0
Goal_960;118906;4932528.863944446;0.5;119295;0.0;0.24206145913796356;2;0.0
Goal_941;118906;3946023.0911555565;0.0;118907;589389.0295999999;0.20251857130198075;3600;0.793676495405563
Goal_942;118906;3946023.0911555565;0.05555555555555555;118906;682089.7882000001;0.21372364234512053;3600;0.9448096407081391
Goal_943;118906;3946023.0911555565;0.1111111111111111;118906;511546.7126;0.20439981987556233;3600;1.0
Goal_965;118906;5919034.6367333345;0.2222222222222222;119239;145554.31710000001;0.2218283733405764;22;0.0
Goal_966;118906;5919034.6367333345;0.2777777777777778;119295;0.0;0.24206145913796356;1;0.0
Goal_967;118906;5919034.6367333345;0.3333333333333333;119295;0.0;0.24206145913796356;1;0.0
Goal_968;118906;5919034.6367333345;0.38888888888888884;119295;0.0;0.24206145913796356;2;0.0
Goal_969;118906;5919034.6367333345;0.4444444444444444;119295;0.0;0.24206145913796356;1;0.0
Goal_970;118906;5919034.6367333345;0.5;119295;0.0;0.24206145913796356;2;0.0
Goal_944;118906;3946023.0911555565;0.16666666666666666;118906;418247.10980000003;0.2042482936579203;3600;1.0
Goal_951;118906;4932528.863944446;0.0;118906;770621.8375;0.21581147530669814;3600;0.8324972560501811
Goal_952;118906;4932528.863944446;0.05555555555555555;118912;610335.9872;0.2161236769808074;3600;0.9489307142583039
Goal_953;118906;4932528.863944446;0.1111111111111111;118906;468958.27709999995;0.2002593374716959;3600;1.0
Goal_975;118906;6905540.409522224;0.2222222222222222;119239;145554.31710000001;0.2218283733405764;23;0.0
Goal_976;118906;6905540.409522224;0.2777777777777778;119295;0.0;0.24206145913796356;2;0.0
Goal_977;118906;6905540.409522224;0.3333333333333333;119295;0.0;0.24206145913796356;2;0.0
Goal_978;118906;6905540.409522224;0.38888888888888884;119295;0.0;0.24206145913796356;2;0.0
Goal_979;118906;6905540.409522224;0.4444444444444444;119295;0.0;0.24206145913796356;2;0.0
Goal_980;118906;6905540.409522224;0.5;119295;0.0;0.24206145913796356;1;0.0
Goal_954;118906;4932528.863944446;0.16666666666666666;118903;649214.4912;0.22306805279059094;3600;1.0
Goal_961;118906;5919034.6367333345;0.0;118906;482394.61250000005;0.20680819420832677;3600;0.827950840496212
Goal_962;118906;5919034.6367333345;0.05555555555555555;118906;584420.7344000001;0.2125514775386495;3600;0.7733874531329205
Goal_963;118906;5919034.6367333345;0.1111111111111111;118877;599617.0691000001;0.2020269382921337;3600;1.0
Goal_985;118906;7892046.182311113;0.2222222222222222;119239;145554.31710000001;0.2218283733405764;23;0.0
Goal_986;118906;7892046.182311113;0.2777777777777778;119295;0.0;0.24206145913796356;2;0.0
Goal_987;118906;7892046.182311113;0.3333333333333333;119295;0.0;0.24206145913796356;2;0.0
Goal_988;118906;7892046.182311113;0.38888888888888884;119295;0.0;0.24206145913796356;2;0.0
Goal_989;118906;7892046.182311113;0.4444444444444444;119295;0.0;0.24206145913796356;2;0.0
Goal_990;118906;7892046.182311113;0.5;119295;0.0;0.24206145913796356;2;0.0
Goal_964;118906;5919034.6367333345;0.16666666666666666;118923;255014.6983;0.22642890864074774;3600;1.0
Goal_971;118906;6905540.409522224;0.0;118902;575330.6531;0.20692049519989103;3600;0.8187040179845414
Goal_972;118906;6905540.409522224;0.05555555555555555;118909;518978.4957;0.20771155741461908;3600;0.8320775724486104
Goal_973;118906;6905540.409522224;0.1111111111111111;118906;312032.57110000006;0.20301758244862791;3600;1.0
Goal_995;118906;8878551.955100002;0.2222222222222222;119239;145554.31710000001;0.2218283733405764;20;0.0
Goal_974;118906;6905540.409522224;0.16666666666666666;118906;295281.7668;0.20943740388831955;3600;1.0
Goal_997;118906;8878551.955100002;0.3333333333333333;119295;0.0;0.24206145913796356;1;0.0
Goal_996;118906;8878551.955100002;0.2777777777777778;119295;0.0;0.24206145913796356;2;0.0
Goal_999;118906;8878551.955100002;0.4444444444444444;119295;0.0;0.24206145913796356;1;0.0
Goal_998;118906;8878551.955100002;0.38888888888888884;119295;0.0;0.24206145913796356;1;0.0
Goal_1000;118906;8878551.955100002;0.5;119295;0.0;0.24206145913796356;1;0.0
Goal_981;118906;7892046.182311113;0.0;118906;521361.5310000001;0.21021749608131746;3600;0.8343379183299577
Goal_982;118906;7892046.182311113;0.05555555555555555;118906;711686.2094999999;0.2248117007576083;3600;0.9176577282466455
Goal_983;118906;7892046.182311113;0.1111111111111111;118906;470563.86819999997;0.20069313623367918;3600;1.0
Goal_984;118906;7892046.182311113;0.16666666666666666;118907;352453.04439999996;0.22655188017900832;3600;1.0
Goal_991;118906;8878551.955100002;0.0;118906;581684.9612;0.20548070487843456;3600;0.817401306513503
Goal_992;118906;8878551.955100002;0.05555555555555555;119456;496965.48519999994;0.21171303746641043;3600;0.9393448320364401
Goal_993;118906;8878551.955100002;0.1111111111111111;118851;461179.8386;0.20649111224162525;3600;1.0
Goal_994;118906;8878551.955100002;0.16666666666666666;118905;384483.7359000001;0.2189406806360396;3600;1.0
