
Gurobi 11.0.3 (linux64, Java) logging started sáb 07 dez 2024 12:52:02 -03

Set parameter Username
Academic license - for non-commercial use only - expires 2025-10-10
Set parameter NonConvex to value 2
Set parameter TimeLimit to value 3600
Set parameter LogToConsole to value 0
Set parameter MIPGap to value 7.7716481645149384e-08
Set parameter Threads to value 2
Set parameter NodefileDir to value "/home/ps12398/experiment_hosp/goalProgrammingMarcos/"
Set parameter NodefileStart to value 1
Gurobi Optimizer version 11.0.3 build v11.0.3rc0 (linux64)

CPU model: Intel(R) Xeon(R) CPU           X5650  @ 2.67GHz, instruction set [SSE2]
Thread count: 12 physical cores, 24 logical processors, using up to 2 threads

Optimize a model with 149791 rows, 101033 columns and 647494 nonzeros
Model fingerprint: 0xfee1fae4
Model has 229 quadratic constraints
Variable types: 50406 continuous, 50627 integer (224 binary)
Coefficient statistics:
  Matrix range     [4e-03, 4e+06]
  QMatrix range    [4e-03, 7e+04]
  QLMatrix range   [1e+00, 7e+04]
  Objective range  [1e+00, 3e+07]
  Bounds range     [1e+00, 1e+08]
  RHS range        [1e+00, 9e+06]
  QRHS range       [8e-02, 8e-02]
Presolve removed 148315 rows and 99311 columns
Presolve time: 0.38s
Presolved: 2990 rows, 2186 columns, 193518 nonzeros
Presolved model has 2 SOS constraint(s)
Presolved model has 224 bilinear constraint(s)

Solving non-convex MIQCP

Variable types: 796 continuous, 1390 integer (226 binary)
Found heuristic solution: objective 7684057.0782

Root relaxation: objective 0.000000e+00, 128 iterations, 0.04 seconds (0.01 work units)

    Nodes    |    Current Node    |     Objective Bounds      |     Work
 Expl Unexpl |  Obj  Depth IntInf | Incumbent    BestBd   Gap | It/Node Time

     0     0    0.00000    0  273 7684057.08    0.00000   100%     -    1s
H    0     0                    752108.36717    0.00000   100%     -    2s
     0     0    0.00000    0  266 752108.367    0.00000   100%     -    2s
     0     0    0.00000    0  258 752108.367    0.00000   100%     -    3s
     0     0    0.00000    0  267 752108.367    0.00000   100%     -    3s
     0     0    0.00000    0  275 752108.367    0.00000   100%     -    4s
     0     0    0.00000    0  273 752108.367    0.00000   100%     -    4s
     0     0    0.00000    0  259 752108.367    0.00000   100%     -    5s
     0     0    0.00000    0  288 752108.367    0.00000   100%     -    5s
     0     0    0.00000    0  286 752108.367    0.00000   100%     -    6s
     0     0    0.00000    0  284 752108.367    0.00000   100%     -    7s
     0     0    0.00000    0  277 752108.367    0.00000   100%     -    8s
     0     0    0.00000    0  277 752108.367    0.00000   100%     -    9s
     0     2    0.00000    0  277 752108.367    0.00000   100%     -   10s
H   72   124                    598889.00635    0.00000   100%  21.1   14s
   123   185    0.00000   40  279 598889.006    0.00000   100%  19.8   15s
H  161   185                    598888.87877    0.00000   100%  23.2   15s
   248   376    0.00000   82  291 598888.879    0.00000   100%  53.5   21s
   480   581    0.00000  160  234 598888.879    0.00000   100%  64.5   34s
   580   997    0.00000  184  224 598888.879    0.00000   100%  69.1   41s
  1004  1236    0.00000  312  235 598888.879    0.00000   100%  50.7   46s
H 1243  1560                    598813.97682    0.00000   100%  46.1   50s
  1569  1879 20952.0166  496  223 598813.977    0.00000   100%  39.1   55s
  1888  2237 28455.1042  640  224 598813.977    0.00000   100%  35.4   60s
  2516  2880 40969.6215  870  219 598813.977    0.00000   100%  28.8   69s
  2889  3266 47628.2056 1027  221 598813.977    0.00000   100%  25.9   74s
  3275  3565 54367.0099 1185  220 598813.977    0.00000   100%  23.8   78s
  3584  3771 60596.5721 1339  221 598813.977    0.00000   100%  22.7   83s
  3914  3772 137951.394 1377  472 598813.977    0.00000   100%  21.5   88s
H 3916  3584                    593161.41958    0.00000   100%  21.5   89s
  3919  3586 52261.9978 1136   61 593161.420    0.00000   100%  21.5   90s
  3926  3591 129936.048  979   62 593161.420    0.00000   100%  21.4   95s
H 3989  3455                    543400.63890    0.00000   100%  23.7   97s
H 4018  3375                    449583.04397    0.00000   100%  24.1   99s
H 4091  3319                    421937.65896    0.00000   100%  24.5  101s
H 4091  3165                    381965.85773    0.00000   100%  24.5  101s
H 4221  3075                    381917.85546    0.00000   100%  25.2  103s
H 4273  2918                    351300.74772    0.00000   100%  25.6  103s
H 4321  3013                    351261.82098    0.00000   100%  25.8  105s
H 5154  3495                    346194.72662    0.00000   100%  24.1  109s
H 5456  3613                    334360.77734    0.00000   100%  23.8  110s
H 5867  3566                    323660.05289    0.00000   100%  24.0  112s
  6677  4459 infeasible  307      323660.053    0.00000   100%  26.5  116s
  7975  4803    0.00000  478  244 323660.053    0.00000   100%  25.9  120s
H 8113  4649                    323660.05268    0.00000   100%  25.9  120s
H 9167  5455                    320647.12795    0.00000   100%  24.2  124s
H 9778  5938                    313389.24712    0.00000   100%  23.4  126s
 11899  7749 223620.652 1406  228 313389.247    0.00000   100%  20.8  131s
H13568  8823                    308665.13415    0.00000   100%  19.7  134s
H13661  8925                    306901.43369    0.00000   100%  19.7  136s
H13736  8925                    305683.98979    0.00000   100%  19.7  136s
H13775  9066                    305116.88743    0.00000   100%  19.8  137s
 14251  9480 224448.906 2182  227 305116.887    0.00000   100%  20.1  140s
 15162 10028 230295.125 2519  227 305116.887    0.00000   100%  20.7  148s
H15218 10022                    297310.43805    0.00000   100%  20.6  148s
H15325 10016                    285886.94921    0.00000   100%  20.6  148s
 15351 10099     cutoff 2594      285886.949    0.00000   100%  20.7  150s
H15352  9944                    250151.77221    0.00000   100%  20.7  150s
H15882 10345                    248805.62024    0.00000   100%  21.2  152s
H16076 10720                    248802.72358    0.00000   100%  21.7  154s
 16383 11057    0.00000  421  271 248802.724    0.00000   100%  21.5  155s
H17175 11730                    248622.50990    0.00000   100%  21.2  157s
 17765 12199    0.00000  383  255 248622.510    0.00000   100%  20.9  160s
H18737 13195                    241109.27039    0.00000   100%  20.3  164s
H18778 13110                    234198.12354    0.00000   100%  20.4  164s
 19138 13498    0.00000  432  238 234198.124    0.00000   100%  20.0  165s
H19989 13931                    234105.50979    0.00000   100%  19.9  167s
H20028 12869                    228064.65271    0.00000   100%  20.0  167s
 20169 13167    0.00000  440  253 228064.653    0.00000   100%  19.9  170s
H20485 13353                    227116.05845    0.00000   100%  19.9  172s
H21379 13950                    226951.87232    0.00000   100%  19.6  174s
 21724 14024    0.00000  397  249 226951.872    0.00000   100%  19.3  176s
H22069 14289                    226950.39775    0.00000   100%  19.5  177s
 23065 14680 infeasible  437      226950.398    0.00000   100%  19.2  181s
H23410 15043                    226950.39773    0.00000   100%  19.1  182s
 24339 16043 6695.40706  697  225 226950.398    0.00000   100%  18.5  185s
 25575 16551 21484.5780 1304  228 226950.398    0.00000   100%  17.8  191s
H25583 16125                    224724.92608    0.00000   100%  17.8  191s
H25760 16637                    224563.14309    0.00000   100%  17.7  192s
 27197 17101 59338.5732 1543  230 224563.143    0.00000   100%  17.0  195s
 28732 18593 153459.959  970  227 224563.143    0.00000   100%  16.3  200s
 31139 20064 164116.069 1710  227 224563.143    0.00000   100%  15.6  205s
H31417 18814                    222605.26488    0.00000   100%  15.5  205s
H32325 19455                    221923.75839    0.00000   100%  15.5  209s
 32732 19543    0.00000  312  252 221923.758    0.00000   100%  15.4  210s
 33402 19980    0.00000  351  246 221923.758    0.00000   100%  15.4  216s
H33414 20085                    220934.62730    0.00000   100%  15.5  217s
H33563 20147                    220765.34600    0.00000   100%  15.4  219s
H33568 20119                    220136.64298    0.00000   100%  15.4  219s
H33843 20309                    220125.01780    0.00000   100%  15.4  220s
H34212 20484                    220123.72044    0.00000   100%  15.5  223s
H34235 20452                    219590.57933    0.00000   100%  15.6  223s
H34370 20482                    219589.35131    0.00000   100%  15.6  224s
 34394 20497 157509.096  384  326 219589.351    0.00000   100%  15.6  225s
H34411 19643                    206506.19157    0.00000   100%  15.7  225s
 35191 19840    0.00000  511  225 206506.192    0.00000   100%  15.8  230s
H35456 19845                    204514.63174    0.00000   100%  15.8  230s
H35848 20175                    204493.93577    0.00000   100%  15.9  233s
H36129 20175                    204062.80587    0.00000   100%  15.8  233s
 36779 20954 2416.19780  952  227 204062.806    0.00000   100%  15.6  235s
H37372 21058                    203952.36754    0.00000   100%  15.4  236s
H37604 21340                    203920.56444    0.00000   100%  15.4  237s
 38963 22000 24679.7414 1737  230 203920.564    0.00000   100%  15.1  241s
 39980 22154    0.00000  275  346 203920.564    0.00000   100%  15.3  245s
H41064 22701                    202906.68474    0.00000   100%  15.6  249s
 41136 22990 40475.5863  586  259 202906.685    0.00000   100%  15.6  250s
H42160 23670                    202586.38144    0.00000   100%  15.5  253s
 42535 24339 46869.5198 1173  226 202586.381    0.00000   100%  15.6  255s
H42869 24338                    202233.44869    0.00000   100%  15.5  255s
H43223 24622                    202211.19593    0.00000   100%  15.5  257s
 43868 25491 46900.8589 1758  228 202211.196    0.00000   100%  15.7  261s
H44679 26057                    202198.29675    0.00000   100%  15.5  262s
H46327 27696                    202031.00228    0.00000   100%  15.3  266s
H47629 29014                    201954.68378    0.00000   100%  15.1  269s
 47897 29436 74022.7366 2444  229 201954.684    0.00000   100%  15.0  270s
 48488 29755 64102.7670 2516  227 201954.684    0.00000   100%  15.0  275s
H48547 29755                    201777.46150    0.00000   100%  15.0  275s
H49673 30543                    201766.13137    0.00000   100%  14.7  277s
H50402 31364                    201337.80455    0.00000   100%  14.6  279s
 50729 31733 66743.4049 2869  228 201337.805    0.00000   100%  14.5  280s
H51174 32272                    201337.80379    0.00000   100%  14.4  281s
H51721 32397                    201119.45683    0.00000   100%  14.3  282s
 52759 33102     cutoff 3222      201119.457    0.00000   100%  14.0  285s
 54222 34190 66768.3161 3588  228 201119.457    0.00000   100%  13.9  290s
 55853 34987 69358.2693 4129  228 201119.457    0.00000   100%  14.0  295s
 57484 36663    0.00000  441  242 201119.457    0.00000   100%  14.0  300s
 57799 36665 147728.967  569  209 201119.457    0.00000   100%  14.0  312s
H57920 37017                    200967.82663    0.00000   100%  14.0  314s
H58171 37132                    200861.42872    0.00000   100%  13.9  315s
 59241 38030 133607.149  634  227 200861.429    0.00000   100%  13.8  320s
H59346 38030                    200842.87146    0.00000   100%  13.8  320s
H59446 38062                    200785.80827    0.00000   100%  13.9  320s
H59517 38083                    200601.27313    0.00000   100%  13.9  321s
H59688 38225                    200581.45208    0.00000   100%  14.1  323s
H59761 38244                    200516.21797    0.00000   100%  14.3  324s
H59798 38275                    200516.21581    0.00000   100%  14.4  325s
H59868 38336                    200423.80178    0.00000   100%  14.5  326s
H60516 38649                    200401.01023    0.00000   100%  14.8  330s
H60777 38855                    200200.16618    0.00000   100%  14.8  331s
 61701 39353 infeasible  540      200200.166    0.00000   100%  15.0  335s
H62570 39971                    200186.21665    0.00000   100%  15.0  338s
 63007 40786 111195.663 1663  227 200186.217    0.00000   100%  15.1  340s
H63825 41117                    200073.44342    0.00000   100%  15.0  341s
H64220 41423                    200063.70296    0.00000   100%  14.9  343s
 64742 42108 115018.868 3025  226 200063.703    0.00000   100%  14.9  345s
H65656 42668                    200053.29104    0.00000   100%  14.9  348s
 66082 43435 115018.868 4211  226 200053.291    0.00000   100%  14.9  350s
H67695 44500                    200025.71950    0.00000   100%  14.9  353s
H67725 44753                    199996.39254    0.00000   100%  14.9  354s
 68038 44755 infeasible 5897      199996.393    0.00000   100%  14.9  355s
H68080 44755                    199871.81712    0.00000   100%  15.0  355s
H68332 44773                    199866.21439    0.00000   100%  15.4  357s
 68558 44900    0.00000  423  242 199866.214    0.00000   100%  15.8  360s
H68560 44900                    199866.12269    0.00000   100%  15.8  360s
H68735 44902                    199759.72478    0.00000   100%  16.0  361s
H69030 45192                    199572.23042    0.00000   100%  16.3  363s
H69688 45768                    199572.23039    0.00000   100%  16.2  365s
H71010 46400                    199470.70376    0.00000   100%  16.0  368s
 71421 46592 66509.8684 1182  227 199470.704    0.00000   100%  16.0  370s
H71752 46769                    199336.48485    0.00000   100%  16.0  371s
 72883 47252 75951.3201 1590  226 199336.485    0.00000   100%  15.9  375s
H73024 47250                    196789.61108    0.00000   100%  15.9  375s
H73266 47562                    196782.93501    0.00000   100%  15.9  376s
 74422 48465 5933.47766  500  230 196782.935    0.00000   100%  15.9  380s
 75671 49384 infeasible  460      196782.935    0.00000   100%  16.2  385s
H76054 49490                    193871.18023    0.00000   100%  16.2  386s
 76971 50219     cutoff  540      193871.180    0.00000   100%  16.3  391s
H77170 50815                    193865.44559    0.00000   100%  16.2  391s
H78317 51179                    193860.40137    0.00000   100%  16.3  393s
 78529 51351 infeasible  399      193860.401    0.00000   100%  16.5  395s
H79169 51621                    193857.33708    0.00000   100%  16.6  397s
 79694 51842 138544.224  671  257 193857.337    0.00000   100%  16.8  400s
H79966 51935                    193547.72753    0.00000   100%  16.8  402s
 80396 52224    0.00000  491  228 193547.728    0.00000   100%  17.1  405s
H80998 52447                    187112.35460    0.00000   100%  17.1  407s
H81172 52473                    187010.75693    0.00000   100%  17.4  408s
 81345 52511    0.00000  403  226 187010.757    0.00000   100%  17.6  410s
H81382 52509                    186758.44108    0.00000   100%  17.6  410s
 83210 54592 64783.0174 1024  250 186758.441    0.00000   100%  17.6  416s
H83578 54592                    186616.77165    0.00000   100%  17.5  416s
H85253 56676                    186606.38190    0.00000   100%  17.2  420s
H86499 57564                    186606.38188    0.00000   100%  17.1  423s
 87035 58278    0.00000  415  269 186606.382    0.00000   100%  17.1  426s
H88029 59103                    185543.51943    0.00000   100%  17.0  429s
 88330 59744 5062.72992  486  278 185543.519    0.00000   100%  17.0  430s
 88971 59746 10492.1691  787  276 185543.519    0.00000   100%  16.9  452s
H88973 59867                    184801.61026    0.00000   100%  16.9  453s
 89193 60110 10635.4291  876  276 184801.610    0.00000   100%  16.8  455s
H89415 60286                    184489.22338    0.00000   100%  16.8  457s
H89735 60437                    184072.00355    0.00000   100%  16.8  459s
 89754 60555     cutoff 1028      184072.004    0.00000   100%  16.8  460s
H89902 60605                    183908.78787    0.00000   100%  16.8  461s
H90559 61257                    183838.19053    0.00000   100%  16.8  466s
 91985 62597 infeasible  423      183838.191    0.00000   100%  16.7  470s
H91988 62597                    183684.00164    0.00000   100%  16.7  470s
 93571 64163    0.00000  405  226 183684.002    0.00000   100%  16.5  475s
H93646 64163                    183656.42048    0.00000   100%  16.6  475s
H94096 64506                    183585.99310    0.00000   100%  16.5  476s
H95291 65757                    183585.99308    0.00000   100%  16.4  478s
H95605 66172                    183052.87696    0.00000   100%  16.3  479s
 96033 66725 36692.1619  672  276 183052.877    0.00000   100%  16.3  480s
H96596 67099                    183048.82657    0.00000   100%  16.2  481s
H97436 67573                    182847.17616    0.00000   100%  16.1  483s
H97874 67681                    178145.32738    0.00000   100%  16.1  484s
 97922 67719     cutoff 1054      178145.327    0.00000   100%  16.1  485s
H98105 67814                    177844.10698    0.00000   100%  16.2  486s
 99230 68350    0.00000  506  241 177844.107    0.00000   100%  16.4  490s
 100329 69195    0.00000  531  239 177844.107    0.00000   100%  16.5  495s
H101516 70045                    177205.71952    0.00000   100%  16.6  498s
 101926 70152    0.00000  567  255 177205.720    0.00000   100%  16.6  500s
H102928 70958                    177152.52056    0.00000   100%  16.6  502s
 103338 71488 70778.7041  513  294 177152.521    0.00000   100%  16.7  505s
 104762 72470    0.00000  442  230 177152.521    0.00000   100%  16.9  510s
H105020 72567                    177144.55128    0.00000   100%  16.9  511s
H106046 73114                    177051.12700    0.00000   100%  17.0  515s
H106834 73499                    177046.12265    0.00000   100%  17.0  518s
H107270 73573                    176992.58529    0.00000   100%  17.0  519s
 107382 73613    0.00000  475  239 176992.585    0.00000   100%  17.0  520s
H107612 73729                    176992.57357    0.00000   100%  17.1  521s
 108200 74250    0.00000  594  226 176992.574    0.00000   100%  17.2  525s
H108855 74439                    176961.22239    0.00000   100%  17.2  527s
H108952 74703                    176939.72474    0.00000   100%  17.2  528s
 109594 75447 27111.6152 1026  225 176939.725    0.00000   100%  17.2  530s
H110622 76506                    176702.00134    0.00000   100%  17.1  532s
H111633 77164                    176662.93309    0.00000   100%  17.1  534s
 111973 77694 44096.1718 3047  225 176662.933    0.00000   100%  17.1  535s
 113525 78418     cutoff  464      176662.933    0.00000   100%  17.2  540s
H113606 78416                    176544.78143    0.00000   100%  17.2  540s
H113739 78681                    176385.18456    0.00000   100%  17.3  542s
H114020 78844                    176368.61027    0.00000   100%  17.3  543s
H114501 78961                    176035.34251    0.00000   100%  17.4  544s
 114553 79035 139124.339  432  329 176035.343    0.00000   100%  17.5  545s
H116081 80386                    175982.14355    0.00000   100%  17.3  548s
 116506 81137 67323.2213 1695  270 175982.144    0.00000   100%  17.3  550s
 118557 83161 67323.2213 3233  270 175982.144    0.00000   100%  17.2  555s
H120288 84184                    175496.84353    0.00000   100%  17.1  559s
H120513 84196                    175158.88670    0.00000   100%  17.1  560s
H120609 84269                    174638.79503    0.00000   100%  17.2  561s
H120784 84717                    174539.64426    0.00000   100%  17.2  561s
H122104 85903                    174512.66327    0.00000   100%  17.1  565s
H122688 86391                    174492.57281    0.00000   100%  17.1  566s
H122948 86968                    174489.62191    0.00000   100%  17.0  567s
H123823 87187                    174452.71078    0.00000   100%  17.0  568s
H123872 87254                    174448.77973    0.00000   100%  17.0  569s
 124021 87320 23443.8060  527  279 174448.780    0.00000   100%  17.0  570s
H124315 87544                    174386.17490    0.00000   100%  17.1  571s
 125157 88214     cutoff  639      174386.175    0.00000   100%  17.2  575s
H125881 88527                    174279.77699    0.00000   100%  17.3  578s
 126837 89625    0.00000  408  228 174279.777    0.00000   100%  17.2  580s
H127699 90239                    174226.57803    0.00000   100%  17.3  583s
 128404 90620 infeasible  559      174226.578    0.00000   100%  17.3  585s
H129115 91623                    174217.80465    0.00000   100%  17.3  587s
H129664 91592                    170838.70096    0.00000   100%  17.3  587s
 131516 93552 11492.8626 3256  231 170838.701    0.00000   100%  17.1  590s
H133117 95285                    170767.45056    0.00000   100%  17.0  594s
 133531 95490 67225.1108 4630  244 170767.451    0.00000   100%  17.0  595s
 135646 97480 85904.6634 6153  232 170767.451    0.00000   100%  16.8  600s
 137693 98917 85905.4742 7848  232 170767.451    0.00000   100%  16.7  605s
 139121 100508 85905.9849 9078  232 170767.451    0.00000   100%  16.6  610s
 140394 101497 108361.636  569  280 170767.451    0.00000   100%  16.7  615s
H142314 102907                    170739.30216    0.00000   100%  16.6  619s
H142342 102906                    170420.10843    0.00000   100%  16.6  619s
 142403 102919 infeasible 1969      170420.108    0.00000   100%  16.6  620s
H142440 102919                    170396.25326    0.00000   100%  16.6  620s
H142635 103063                    169930.73598    0.00000   100%  16.7  621s
H142791 103102                    169871.20204    0.00000   100%  16.7  622s
H143342 103288                    169871.20189    0.00000   100%  16.9  625s
H143691 103377                    168704.24488    0.00000   100%  17.0  627s
H144002 103556                    168685.25108    0.00000   100%  17.1  628s
 144212 103719 99962.6087  591  232 168685.251    0.00000   100%  17.1  630s
 145487 104880 infeasible  873      168685.251    0.00000   100%  17.1  635s
 147254 106549    0.00000  476  244 168685.251    0.00000   100%  17.1  640s
 149301 108184 61798.7508  491  239 168685.251    0.00000   100%  16.9  645s
H149776 108351                    168642.98220    0.00000   100%  16.9  646s
H150314 108487                    168268.29506    0.00000   100%  16.9  649s
 150465 108500    0.00000  415  227 168268.295    0.00000   100%  17.0  650s
 151396 108973 infeasible  512      168268.295    0.00000   100%  17.1  655s
 152289 109586    0.00000  407  227 168268.295    0.00000   100%  17.4  660s
 153899 111295 108025.602 1217  236 168268.295    0.00000   100%  17.6  665s
 156286 113405 108074.582 3439  235 168268.295    0.00000   100%  17.4  670s
 159032 116401 109397.574 4703  237 168268.295    0.00000   100%  17.2  675s
 162024 118407     cutoff  484      168268.295    0.00000   100%  17.0  680s
H163380 119587                    168215.09610    0.00000   100%  17.0  685s
H163385 119527                    166160.06840    0.00000   100%  17.0  685s
H163388 119519                    165466.15952    0.00000   100%  17.0  685s
H163389 119514                    164841.00790    0.00000   100%  17.0  685s
 163944 120283 54794.5921 1461  229 164841.008    0.00000   100%  17.0  690s
 166169 122219 62046.3009 3156  226 164841.008    0.00000   100%  16.9  695s
 167457 123198 62046.3009 4279  230 164841.008    0.00000   100%  16.9  709s
 167535 123309 62046.3009 4334  226 164841.008    0.00000   100%  16.9  710s
H167883 123588                    164268.57974    0.00000   100%  16.9  713s
 168145 123880 62046.3009 4670  226 164268.580    0.00000   100%  16.9  715s
H169186 124782                    164266.52969    0.00000   100%  16.9  717s
H169997 125537                    164266.19154    0.00000   100%  16.8  719s
 170394 125679    0.00000  414  225 164266.192    0.00000   100%  16.8  720s
H170677 125454                    163886.88304    0.00000   100%  16.9  722s
H170837 125532                    163885.87238    0.00000   100%  16.9  722s
H171260 126055                    163469.71820    0.00000   100%  16.9  725s
H171785 126157                    163466.42375    0.00000   100%  16.9  726s
H172122 126469                    163453.25324    0.00000   100%  16.9  729s
 172397 126930 12591.9091  644  255 163453.253    0.00000   100%  16.9  730s
H173568 127531                    163423.45842    0.00000   100%  16.8  732s
 174338 128656 26310.5239 2283  231 163423.458    0.00000   100%  16.8  735s
 176436 130578 26310.5239 3717  231 163423.458    0.00000   100%  16.7  740s
H177237 131359                    163054.79746    0.00000   100%  16.6  742s
H177946 131842                    163001.59850    0.00000   100%  16.5  743s
 178532 132394 26310.5239 4894  231 163001.599    0.00000   100%  16.5  745s
 180270 133934 26689.9359 6261  231 163001.599    0.00000   100%  16.4  750s
 181883 135169     cutoff  417      163001.599    0.00000   100%  16.4  755s
H182241 135453                    162948.39955    0.00000   100%  16.4  756s
H183443 136548                    162895.20059    0.00000   100%  16.3  758s
 184213 137572 21420.2860  426  296 162895.201    0.00000   100%  16.3  760s
H184790 137724                    162842.00164    0.00000   100%  16.2  761s
H185881 138828                    162788.80268    0.00000   100%  16.2  763s
H186204 138874                    162735.60373    0.00000   100%  16.2  764s
H186291 138847                    162629.20582    0.00000   100%  16.2  764s
 186330 138845 55385.9348  528  295 162629.206    0.00000   100%  16.2  765s
H186970 139203                    162522.80791    0.00000   100%  16.3  768s
H187066 139320                    162508.42840    0.00000   100%  16.3  769s
 187172 139349 143816.648  661  300 162508.428    0.00000   100%  16.3  770s
H188075 139799                    162508.42837    0.00000   100%  16.3  774s
 188330 139816 infeasible  421      162508.428    0.00000   100%  16.3  775s
H188585 140047                    162500.55146    0.00000   100%  16.4  777s
 189050 140306 9642.64458  572  286 162500.551    0.00000   100%  16.5  780s
H189456 140755                    162497.00479    0.00000   100%  16.6  782s
 190521 141590 infeasible  487      162497.005    0.00000   100%  16.6  785s
H190522 141590                    162469.60895    0.00000   100%  16.6  786s
 191624 142764    0.00000  449  245 162469.609    0.00000   100%  16.5  790s
H192385 143441                    162130.61595    0.00000   100%  16.5  793s
 193347 144380 6183.77414  500  241 162130.616    0.00000   100%  16.5  795s
 194728 145405 34845.5062  471  265 162130.616    0.00000   100%  16.4  800s
H194912 145401                    161864.62117    0.00000   100%  16.4  800s
H195125 145877                    161858.68557    0.00000   100%  16.4  801s
H196192 146269                    161846.49767    0.00000   100%  16.4  805s
H196435 146334                    161836.31318    0.00000   100%  16.5  807s
 196855 146671 infeasible  418      161836.313    0.00000   100%  16.6  810s
H196861 146671                    161777.59727    0.00000   100%  16.6  810s
H197414 147360                    161618.42567    0.00000   100%  16.6  813s
 198011 148009    0.00000  445  243 161618.426    0.00000   100%  16.6  816s
H198487 148154                    161612.29265    0.00000   100%  16.6  817s
 199396 149190 39453.4489  427  294 161612.293    0.00000   100%  16.6  820s
H199772 149501                    161593.67518    0.00000   100%  16.6  821s
H201037 150792                    161565.22671    0.00000   100%  16.5  824s
 201426 151194 119295.737  626  301 161565.227    0.00000   100%  16.5  825s
H202228 151798                    161512.02776    0.00000   100%  16.5  827s
H203271 152886                    161458.82880    0.00000   100%  16.4  830s
H204591 154423                    161405.62985    0.00000   100%  16.4  834s
 205295 154869     cutoff  637      161405.630    0.00000   100%  16.3  835s
H205809 154970                    161352.43089    0.00000   100%  16.3  836s
H206228 155424                    161299.23194    0.00000   100%  16.3  837s
 207937 157519 33955.2586 1518  243 161299.232    0.00000   100%  16.2  840s
 210563 159833 34013.9969 2836  236 161299.232    0.00000   100%  16.0  845s
 213164 162259 34023.9657 4133  235 161299.232    0.00000   100%  15.8  850s
 213691 162751 34023.9793 4388  235 161299.232    0.00000   100%  15.8  864s
 213915 162951 34023.9848 4484  235 161299.232    0.00000   100%  15.7  865s
H214499 163666                    161296.63696    0.00000   100%  15.7  868s
 215213 164352 34023.9864 5264  235 161296.637    0.00000   100%  15.7  870s
H215504 164579                    161246.03298    0.00000   100%  15.6  871s
H216233 165212                    161240.48708    0.00000   100%  15.6  873s
 216998 165903 34024.0987 6607  235 161240.487    0.00000   100%  15.6  875s
H217164 165901                    161229.80418    0.00000   100%  15.6  875s
H217394 166121                    161070.20731    0.00000   100%  15.6  876s
H217420 166362                    161065.50514    0.00000   100%  15.6  877s
H218566 167287                    161033.23716    0.00000   100%  15.5  879s
 218715 167533 44831.4195 7874  234 161033.237    0.00000   100%  15.5  880s
 219890 167938 infeasible  400      161033.237    0.00000   100%  15.7  885s
 220960 168606 1065.85388  472  294 161033.237    0.00000   100%  15.8  890s
 222158 169348    0.00000  406  266 161033.237    0.00000   100%  16.0  895s
 223192 169996 101741.677  508  269 161033.237    0.00000   100%  16.1  900s
 224487 170774    0.00000  405  229 161033.237    0.00000   100%  16.2  906s
 226224 173224 28915.9585 1163  226 161033.237    0.00000   100%  16.1  910s
 230199 176794 28915.9585 3657  226 161033.237    0.00000   100%  15.9  915s
H231634 177645                    157699.65233    0.00000   100%  15.8  917s
H231635 177637                    156904.32623    0.00000   100%  15.8  917s
 232285 178613 32468.4034 4710  224 156904.326    0.00000   100%  15.7  920s
H232483 178613                    156865.47055    0.00000   100%  15.7  920s
H234072 180060                    156847.97526    0.00000   100%  15.6  922s
H234283 180280                    155418.36391    0.00000   100%  15.6  923s
 234675 180931 32468.4034 6252  224 155418.364    0.00000   100%  15.6  925s
H235365 181574                    155418.36390    0.00000   100%  15.6  927s
H236064 182134                    155128.15314    0.00000   100%  15.6  929s
 236379 182371 32468.4034 7353  225 155128.153    0.00000   100%  15.5  930s
 238072 184055 32468.4034 8822  224 155128.153    0.00000   100%  15.5  935s
 240115 185810 32468.4034 10608  224 155128.153    0.00000   100%  15.5  940s
H240871 186490                    154968.55628    0.00000   100%  15.5  942s
H241661 186993                    154727.89176    0.00000   100%  15.5  943s
 241919 187446 32468.4034 12090  224 154727.892    0.00000   100%  15.5  945s
H242944 187692                    154541.50669    0.00000   100%  15.5  948s
H243217 188059                    154492.63720    0.00000   100%  15.5  949s
 243431 188282 74254.6925 13150  247 154492.637    0.00000   100%  15.5  950s
H244218 188725                    154483.70348    0.00000   100%  15.5  952s
 244810 189247 infeasible  568      154483.703    0.00000   100%  15.5  955s
H245981 190536                    154312.06507    0.00000   100%  15.5  958s
H246709 190856                    154258.39880    0.00000   100%  15.5  959s
H246782 191192                    154223.79311    0.00000   100%  15.5  960s
H248203 192301                    154223.79309    0.00000   100%  15.4  963s
 248773 192966 20288.3133 3687  226 154223.793    0.00000   100%  15.4  965s
 249802 193399 112580.357  558  313 154223.793    0.00000   100%  15.5  970s
 251556 194508    0.00000  401  227 154223.793    0.00000   100%  15.6  975s
H252092 194667                    154223.77091    0.00000   100%  15.7  977s
 252529 194941     cutoff  548      154223.771    0.00000   100%  15.8  980s
H253345 195432                    154170.57195    0.00000   100%  15.9  983s
 253860 196114 18991.1156 1218  257 154170.572    0.00000   100%  15.8  985s
H254646 197439                    154117.37300    0.00000   100%  15.8  987s
 256507 199075 36888.9939 2777  248 154117.373    0.00000   100%  15.7  990s
 258631 200715 36954.8760 3946  248 154117.373    0.00000   100%  15.6 1002s
H258705 200714                    154053.11672    0.00000   100%  15.6 1002s
 259091 201351 36967.5598 4206  248 154053.117    0.00000   100%  15.6 1005s
H259416 201707                    154048.06270    0.00000   100%  15.5 1006s
 260976 203053 42507.5145 5009  254 154048.063    0.00000   100%  15.5 1010s
H260977 203053                    154045.67577    0.00000   100%  15.5 1010s
H263275 205449                    153904.57717    0.00000   100%  15.3 1014s
 263534 205970 57278.1989 6064  247 153904.577    0.00000   100%  15.3 1015s
H264057 206224                    153851.37822    0.00000   100%  15.3 1016s
H265171 207211                    153798.17926    0.00000   100%  15.3 1018s
 266168 208092    0.00000  461  249 153798.179    0.00000   100%  15.2 1020s
H266854 208549                    153791.57201    0.00000   100%  15.2 1023s
 267417 208892 112031.899  903  312 153791.572    0.00000   100%  15.2 1025s
 267980 209209 infeasible  481      153791.572    0.00000   100%  15.3 1030s
H268575 209515                    153781.77453    0.00000   100%  15.4 1032s
 268899 209882 81465.8061  961  227 153781.775    0.00000   100%  15.4 1035s
H270456 210919                    153707.88490    0.00000   100%  15.4 1040s
H271304 211300                    153657.32125    0.00000   100%  15.5 1044s
H271456 211404                    153656.92687    0.00000   100%  15.5 1045s
H271552 211404                    153638.58240    0.00000   100%  15.5 1045s
 272415 211946 infeasible  470      153638.582    0.00000   100%  15.6 1050s
H272807 212112                    153585.38344    0.00000   100%  15.6 1051s
 273758 212935 44009.4336  904  279 153585.383    0.00000   100%  15.7 1056s
H274061 213364                    153532.18449    0.00000   100%  15.7 1056s
 275568 214816 77691.0234 2354  273 153532.184    0.00000   100%  15.6 1060s
 279182 218252 77691.0234 4254  273 153532.184    0.00000   100%  15.5 1065s
H280475 219420                    153478.98553    0.00000   100%  15.4 1067s
H281352 219223                    153425.78658    0.00000   100%  15.4 1068s
 281908 219760 93229.6688 6080  258 153425.787    0.00000   100%  15.4 1070s
 283638 221128 127467.478 7588  299 153425.787    0.00000   100%  15.4 1075s
 285930 223977 31839.8174 1377  246 153425.787    0.00000   100%  15.4 1080s
 289019 226374 37334.2135  502  234 153425.787    0.00000   100%  15.2 1085s
H289900 227240                    153372.58762    0.00000   100%  15.2 1086s
H291281 228386                    153319.38867    0.00000   100%  15.2 1089s
 291689 228746    0.00000  415  227 153319.389    0.00000   100%  15.2 1090s
H292416 229371                    153284.01863    0.00000   100%  15.2 1092s
H293236 230148                    153266.18971    0.00000   100%  15.2 1094s
 293779 230732     cutoff  525      153266.190    0.00000   100%  15.2 1095s
H294447 231224                    153240.34281    0.00000   100%  15.1 1096s
H295500 232022                    153175.65725    0.00000   100%  15.1 1100s
H296004 232284                    153159.79180    0.00000   100%  15.2 1102s
 296578 233000    0.00000  442  243 153159.792    0.00000   100%  15.2 1105s
 298042 233614    0.00000  582  228 153159.792    0.00000   100%  15.2 1110s
 299298 234433    0.00000  446  247 153159.792    0.00000   100%  15.3 1115s
 300565 235629    0.00000  439  227 153159.792    0.00000   100%  15.4 1120s
 302479 237313 infeasible  551      153159.792    0.00000   100%  15.3 1125s
 304760 239775 15830.7262  673  260 153159.792    0.00000   100%  15.3 1130s
 307088 241804 36025.6452 2006  248 153159.792    0.00000   100%  15.2 1135s
H308742 242930                    153107.55294    0.00000   100%  15.2 1139s
H308743 242930                    153106.59285    0.00000   100%  15.2 1139s
 308766 242944 37247.6090 3444  245 153106.593    0.00000   100%  15.2 1140s
H308767 242936                    153053.39389    0.00000   100%  15.2 1140s
H309965 244124                    153043.81155    0.00000   100%  15.2 1143s
 310551 244860 37323.8713 4762  245 153043.812    0.00000   100%  15.2 1145s
H311260 245230                    153000.19494    0.00000   100%  15.1 1147s
H312457 246331                    152946.99598    0.00000   100%  15.1 1149s
 312835 246741 37560.8607 6785  245 152946.996    0.00000   100%  15.1 1150s
H313554 247029                    152945.82444    0.00000   100%  15.1 1159s
 313612 247457 37601.9736 7391  245 152945.824    0.00000   100%  15.1 1160s
H314576 248144                    152945.82433    0.00000   100%  15.0 1162s
 315467 249273     cutoff 8282      152945.824    0.00000   100%  15.0 1165s
H316787 250006                    152926.38101    0.00000   100%  15.0 1169s
 316915 250071    0.00000  528  232 152926.381    0.00000   100%  15.0 1170s
H317014 250071                    152869.79485    0.00000   100%  15.1 1171s
 317900 250701 infeasible  465      152869.795    0.00000   100%  15.1 1175s
 318960 251955 28158.4648 1151  249 152869.795    0.00000   100%  15.2 1180s
 321806 254577 28582.8010 3027  247 152869.795    0.00000   100%  15.1 1185s
 323889 256414 35037.0599 4462  242 152869.795    0.00000   100%  15.0 1190s
H324810 257192                    152869.64920    0.00000   100%  15.0 1192s
H325935 258069                    152867.64602    0.00000   100%  15.0 1195s
H326985 259075                    152867.64600    0.00000   100%  14.9 1198s
 327790 259966 55055.4832 7758  232 152867.646    0.00000   100%  14.9 1200s
 329976 261819     cutoff 9262      152867.646    0.00000   100%  14.9 1205s
 330743 262074    0.00000  458  226 152867.646    0.00000   100%  14.9 1210s
 331709 262590 15016.7722  532  289 152867.646    0.00000   100%  15.0 1215s
 333183 264164    0.00000  563  251 152867.646    0.00000   100%  15.1 1220s
 335302 265773    0.00000  428  250 152867.646    0.00000   100%  15.1 1225s
H335479 266083                    152794.25519    0.00000   100%  15.1 1226s
 336765 267284 infeasible  469      152794.255    0.00000   100%  15.0 1230s
H336767 267284                    152794.24953    0.00000   100%  15.0 1230s
 338151 268439 1684.01809  963  265 152794.250    0.00000   100%  15.0 1235s
H339226 269215                    152709.32229    0.00000   100%  15.0 1237s
 339794 269669 35663.2315 2207  261 152709.322    0.00000   100%  15.0 1240s
 341761 271663 37127.0163 3959  251 152709.322    0.00000   100%  15.0 1245s
 343764 273519 41123.8695 5455  251 152709.322    0.00000   100%  14.9 1250s
 345585 275473 45303.5250 6933  246 152709.322    0.00000   100%  14.9 1255s
 347956 277280 66443.9011 8700  236 152709.322    0.00000   100%  14.9 1271s
H348156 277416                    152709.30777    0.00000   100%  14.9 1273s
 348430 277726    0.00000  509  224 152709.308    0.00000   100%  14.9 1275s
H349235 278369                    152709.30768    0.00000   100%  15.0 1279s
H349259 278367                    152681.00121    0.00000   100%  15.0 1279s
 349359 278419    0.00000  420  227 152681.001    0.00000   100%  15.0 1280s
H349463 278492                    152674.15438    0.00000   100%  15.0 1281s
H350051 279072                    152627.80225    0.00000   100%  15.0 1283s
 350408 279307    0.00000  463  228 152627.802    0.00000   100%  15.0 1285s
 351443 280164 infeasible  592      152627.802    0.00000   100%  15.1 1290s
 352671 281900 77350.9239 1154  243 152627.802    0.00000   100%  15.1 1295s
 355259 283934 78387.9300 3114  240 152627.802    0.00000   100%  15.1 1300s
 357505 286058    0.00000  515  242 152627.802    0.00000   100%  15.1 1305s
 358898 287291 infeasible  496      152627.802    0.00000   100%  15.2 1310s
H359766 288112                    152574.60330    0.00000   100%  15.2 1312s
 360702 288689 101698.077  993  277 152574.603    0.00000   100%  15.2 1315s
H360807 288686                    152548.64602    0.00000   100%  15.2 1315s
H360886 288874                    152545.63042    0.00000   100%  15.2 1316s
H361466 289159                    152521.40434    0.00000   100%  15.2 1318s
 361710 289354 103172.182 1276  275 152521.404    0.00000   100%  15.2 1320s
 362883 290351 13708.1725  506  264 152521.404    0.00000   100%  15.2 1325s
 364255 291590    0.00000  488  228 152521.404    0.00000   100%  15.3 1330s
 365983 293567 42519.8290 1329  258 152521.404    0.00000   100%  15.3 1335s
 367501 294563 infeasible  505      152521.404    0.00000   100%  15.3 1340s
 369592 296429 67831.6567  556  245 152521.404    0.00000   100%  15.2 1345s
 371518 298273    0.00000  579  244 152521.404    0.00000   100%  15.2 1350s
 374194 300607    0.00000  477  259 152521.404    0.00000   100%  15.1 1355s
H374693 300612                    152468.20539    0.00000   100%  15.1 1355s
H374723 300620                    152448.87894    0.00000   100%  15.1 1356s
H374724 300620                    152442.93919    0.00000   100%  15.1 1356s
H374725 300620                    152415.00643    0.00000   100%  15.1 1356s
H374726 299603                    149293.20946    0.00000   100%  15.1 1356s
H374728 299603                    149279.17117    0.00000   100%  15.1 1356s
H374730 299551                    148722.58285    0.00000   100%  15.1 1356s
 375767 300886 infeasible  510      148722.583    0.00000   100%  15.1 1360s
 378365 303213 infeasible  711      148722.583    0.00000   100%  15.1 1365s
H378920 303661                    148713.76319    0.00000   100%  15.1 1366s
H379597 304376                    148497.97600    0.00000   100%  15.0 1368s
H380702 304942                    148497.97598    0.00000   100%  15.0 1378s
 380889 305140    0.00000 1293  227 148497.976    0.00000   100%  15.0 1380s
H381007 305109                    148174.35389    0.00000   100%  15.0 1381s
H381940 305890                    147965.96060    0.00000   100%  15.0 1383s
 382391 306490    0.00000 2387  227 147965.961    0.00000   100%  15.0 1385s
 384949 308553    0.00000 3931  229 147965.961    0.00000   100%  14.9 1390s
H385338 308750                    147936.37060    0.00000   100%  14.9 1392s
H386007 309408                    147896.57459    0.00000   100%  14.9 1394s
 386722 309883 37231.3193 4584  246 147896.575    0.00000   100%  14.9 1395s
H387397 310102                    147879.08890    0.00000   100%  14.9 1398s
 388136 310455     cutoff  707      147879.089    0.00000   100%  14.9 1400s
H389584 311164                    147507.11622    0.00000   100%  14.8 1405s
H390082 311535                    147507.11464    0.00000   100%  14.8 1406s
H390146 311531                    147498.56532    0.00000   100%  14.8 1407s
H390834 312179                    147498.56374    0.00000   100%  14.8 1408s
H391300 312241                    147467.50360    0.00000   100%  14.8 1409s
 391365 312289 infeasible  443      147467.504    0.00000   100%  14.8 1410s
H391836 312498                    147211.78558    0.00000   100%  14.8 1412s
 392221 312819    0.00000  433  253 147211.786    0.00000   100%  14.9 1415s
H392321 312811                    147074.36017    0.00000   100%  14.9 1415s
H393122 313426                    146913.82969    0.00000   100%  15.0 1420s
 394556 314353 infeasible  435      146913.830    0.00000   100%  15.0 1425s
H394562 314353                    146807.43178    0.00000   100%  15.0 1425s
H394630 314441                    146804.15963    0.00000   100%  15.0 1426s
H395406 315066                    146660.45509    0.00000   100%  15.0 1429s
 395517 315224     cutoff  547      146660.455    0.00000   100%  15.0 1430s
 396531 315718    0.00000  497  234 146660.455    0.00000   100%  15.0 1435s
 398152 317907 13533.1037 1489  236 146660.455    0.00000   100%  15.0 1440s
 400709 320208 13570.5434 2942  234 146660.455    0.00000   100%  14.9 1445s
 402788 321860 13570.5434 4583  234 146660.455    0.00000   100%  14.9 1450s
 404928 324137 13570.5434 6111  234 146660.455    0.00000   100%  14.9 1455s
 407325 326429 13570.5434 7229  234 146660.455    0.00000   100%  14.8 1460s
H408127 326798                    146651.51880    0.00000   100%  14.8 1461s
H409248 327858                    146651.51878    0.00000   100%  14.7 1464s
 409271 328140 13577.5065 8316  233 146651.519    0.00000   100%  14.7 1465s
H410377 328966                    146636.48821    0.00000   100%  14.7 1467s
H410994 329512                    146635.19250    0.00000   100%  14.7 1469s
 411025 329744 13577.5065 9827  233 146635.193    0.00000   100%  14.7 1470s
H411224 329744                    146563.12137    0.00000   100%  14.7 1470s
H412605 331499                    146562.78851    0.00000   100%  14.7 1474s
H412854 331499                    146509.92241    0.00000   100%  14.7 1474s
 413052 331977 13577.5065 11222  233 146509.922    0.00000   100%  14.7 1475s
H413990 331925                    143470.85481    0.00000   100%  14.7 1477s
H414415 332370                    143470.79673    0.00000   100%  14.6 1478s
H414635 332562                    143354.30089    0.00000   100%  14.6 1479s
 414832 332832 27613.4402 11815  234 143354.301    0.00000   100%  14.6 1480s
 417459 335301 57563.5634 12949  232 143354.301    0.00000   100%  14.6 1485s
H417530 335297                    143264.78615    0.00000   100%  14.6 1485s
H418703 335642                    139998.83947    0.00000   100%  14.5 1488s
 419167 335863 63544.3859 12993  233 139998.839    0.00000   100%  14.5 1499s
 419246 335957 58676.7625 12993  232 139998.839    0.00000   100%  14.5 1500s
H419258 335955                    139923.83305    0.00000   100%  14.5 1500s
H419652 336229                    139793.50188    0.00000   100%  14.5 1502s
H419678 336219                    139793.49549    0.00000   100%  14.5 1503s
H419747 336241                    139777.54308    0.00000   100%  14.5 1503s
 419785 336289     cutoff 13009      139777.543    0.00000   100%  14.5 1505s
H419793 335921                    136269.33539    0.00000   100%  14.5 1505s
H419950 336030                    136226.42656    0.00000   100%  14.5 1506s
H420203 336064                    136113.96732    0.00000   100%  14.5 1507s
 420511 336280     cutoff  637      136113.967    0.00000   100%  14.6 1510s
H420603 336342                    136109.08931    0.00000   100%  14.6 1511s
H420888 336422                    136082.92721    0.00000   100%  14.6 1512s
 421031 336680    0.00000  499  240 136082.927    0.00000   100%  14.6 1515s
 423004 338892 27542.9455  755  239 136082.927    0.00000   100%  14.6 1520s
H423909 339585                    136011.17388    0.00000   100%  14.5 1521s
H425132 340725                    136007.61592    0.00000   100%  14.5 1523s
 426477 341893 56109.2921 2230  231 136007.616    0.00000   100%  14.5 1525s
 428441 344070 56129.1913 3068  232 136007.616    0.00000   100%  14.4 1530s
 431372 346960 73944.7216 4398  228 136007.616    0.00000   100%  14.3 1535s
 433175 348682    0.00000  630  240 136007.616    0.00000   100%  14.3 1540s
 435846 351577 27837.2834 1965  244 136007.616    0.00000   100%  14.2 1545s
 439157 354560 28170.5999 3837  244 136007.616    0.00000   100%  14.1 1550s
 441441 356718 44645.6329 4907  244 136007.616    0.00000   100%  14.0 1555s
H442428 357504                    135993.17648    0.00000   100%  14.0 1558s
 442636 357854    0.00000  493  237 135993.176    0.00000   100%  14.0 1560s
H443465 358169                    135985.74487    0.00000   100%  14.1 1563s
H443492 358168                    135976.52930    0.00000   100%  14.1 1563s
 443833 358750    0.00000  569  237 135976.529    0.00000   100%  14.1 1565s
H444671 359273                    135944.17453    0.00000   100%  14.1 1567s
H444843 359508                    135944.17441    0.00000   100%  14.0 1568s
H445966 360619                    135944.17427    0.00000   100%  14.0 1570s
H446184 361005                    135923.33034    0.00000   100%  14.0 1571s
H447343 361916                    135913.91124    0.00000   100%  14.0 1573s
H447626 362120                    135913.90675    0.00000   100%  14.0 1573s
H447815 362363                    135903.91592    0.00000   100%  14.0 1574s
 447986 362598 11062.4382  521  243 135903.916    0.00000   100%  14.0 1575s
 450112 364366 70922.6700 1247  228 135903.916    0.00000   100%  13.9 1580s
 451241 365084 70922.6700 1942  229 135903.916    0.00000   100%  14.0 1585s
 452902 366711 70922.6700 2744  229 135903.916    0.00000   100%  14.0 1590s
H454559 368334                    135870.13139    0.00000   100%  14.0 1593s
H454675 368333                    135763.73348    0.00000   100%  14.0 1593s
 455517 369291 70922.6700 3378  229 135763.733    0.00000   100%  14.0 1595s
H456013 369616                    135710.53452    0.00000   100%  13.9 1596s
H457134 370384                    135657.33557    0.00000   100%  13.9 1598s
H457159 370384                    135604.13661    0.00000   100%  13.9 1598s
 457514 370684     cutoff 3892      135604.137    0.00000   100%  13.9 1600s
 459216 371963 infeasible 4645      135604.137    0.00000   100%  14.0 1605s
 461423 373876 70922.6700 5082  229 135604.137    0.00000   100%  13.9 1610s
 463261 375394     cutoff 5605      135604.137    0.00000   100%  13.9 1615s
 464292 376048    0.00000  486  245 135604.137    0.00000   100%  14.0 1620s
 466744 378350    0.00000  531  221 135604.137    0.00000   100%  13.9 1625s
 469594 381265 50776.4202 1079  242 135604.137    0.00000   100%  13.9 1630s
H470079 381324                    135550.93766    0.00000   100%  13.9 1631s
 470778 381958 51090.2068 1608  239 135550.938    0.00000   100%  13.8 1650s
H470779 381958                    135539.35621    0.00000   100%  13.8 1650s
 471223 382563 51208.6620 1765  238 135539.356    0.00000   100%  13.8 1655s
H471910 383165                    135503.91783    0.00000   100%  13.8 1659s
 472326 383584 51448.3985 2056  240 135503.918    0.00000   100%  13.8 1660s
H472458 383584                    135503.91688    0.00000   100%  13.8 1660s
H472564 383652                    135497.73870    0.00000   100%  13.8 1661s
H473735 384964                    135444.53975    0.00000   100%  13.8 1663s
 474561 385776 56945.1910 3442  235 135444.540    0.00000   100%  13.8 1665s
H474873 386104                    135391.34079    0.00000   100%  13.8 1666s
H476275 387236                    135338.14184    0.00000   100%  13.7 1669s
 476440 387716 56945.1910 4780  235 135338.142    0.00000   100%  13.7 1670s
H477578 388401                    135284.94288    0.00000   100%  13.7 1672s
 478788 389541 56945.1910 6157  235 135284.943    0.00000   100%  13.7 1675s
H479102 389714                    135231.74393    0.00000   100%  13.7 1676s
 480038 390298     cutoff  483      135231.744    0.00000   100%  13.7 1680s
H480184 383716                    131991.94966    0.00000   100%  13.7 1681s
 480894 384102 infeasible  509      131991.950    0.00000   100%  13.8 1685s
 482100 384710 infeasible  492      131991.950    0.00000   100%  13.8 1690s
 483097 385483 21113.2209  724  255 131991.950    0.00000   100%  13.8 1695s
 484366 386441 28188.8497  775  256 131991.950    0.00000   100%  13.9 1700s
 486277 388632 36544.8811 1888  255 131991.950    0.00000   100%  13.8 1705s
 488462 390257    0.00000  565  234 131991.950    0.00000   100%  13.8 1710s
H489658 391316                    131991.94965    0.00000   100%  13.8 1713s
 490450 392381 35796.4200 1997  246 131991.950    0.00000   100%  13.8 1715s
H490909 392590                    131933.40871    0.00000   100%  13.8 1716s
H491989 393488                    131880.20975    0.00000   100%  13.7 1718s
H492294 393854                    129858.64967    0.00000   100%  13.7 1719s
 492625 394461 35925.5531 3445  246 129858.650    0.00000   100%  13.7 1720s
H493792 395490                    129858.64946    0.00000   100%  13.7 1722s
H494815 396540                    129805.45050    0.00000   100%  13.7 1724s
 495315 396975 36022.6541 4603  246 129805.451    0.00000   100%  13.7 1725s
H495523 396969                    129668.01570    0.00000   100%  13.7 1725s
H495754 397513                    129645.85364    0.00000   100%  13.6 1725s
H497030 398537                    129592.65468    0.00000   100%  13.6 1728s
H497357 398763                    129486.25677    0.00000   100%  13.6 1728s
H497406 398760                    129373.75439    0.00000   100%  13.6 1728s
 497864 399220    0.00000  505  235 129373.754    0.00000   100%  13.6 1730s
H497935 399220                    129372.10288    0.00000   100%  13.6 1730s
H498868 399858                    129315.05231    0.00000   100%  13.6 1732s
 499425 400181    0.00000  466  228 129315.052    0.00000   100%  13.6 1735s
H499986 400613                    129312.27620    0.00000   100%  13.6 1736s
 501103 401585 infeasible  531      129312.276    0.00000   100%  13.7 1740s
 503884 404194    0.00000  558  243 129312.276    0.00000   100%  13.7 1745s
 505935 406053 infeasible  462      129312.276    0.00000   100%  13.6 1750s
 507816 407784    0.00000  424  226 129312.276    0.00000   100%  13.6 1755s
 509200 408623 infeasible  610      129312.276    0.00000   100%  13.6 1760s
H509620 409204                    129310.56505    0.00000   100%  13.6 1762s
H509895 409200                    129220.26200    0.00000   100%  13.6 1762s
 510437 409922 51705.6105 1375  240 129220.262    0.00000   100%  13.6 1765s
H511315 409899                    124971.86879    0.00000   100%  13.6 1767s
H511341 410184                    124810.74566    0.00000   100%  13.6 1768s
H511650 410359                    124757.54670    0.00000   100%  13.6 1769s
 511889 410601 64861.3711 2424  231 124757.547    0.00000   100%  13.6 1770s
H512084 410563                    124600.61949    0.00000   100%  13.6 1770s
H512445 410920                    124600.02437    0.00000   100%  13.6 1771s
H512618 411000                    124456.01583    0.00000   100%  13.6 1773s
H512717 411000                    124450.98356    0.00000   100%  13.6 1773s
H512806 410873                    123910.93178    0.00000   100%  13.6 1774s
 512836 410950 43717.4422  572  255 123910.932    0.00000   100%  13.6 1775s
H513650 411669                    123881.13988    0.00000   100%  13.6 1778s
 514296 412201    0.00000  463  238 123881.140    0.00000   100%  13.6 1780s
H514595 411907                    123708.43665    0.00000   100%  13.6 1782s
 515426 413010    0.00000  518  235 123708.437    0.00000   100%  13.6 1785s
H515841 413183                    123669.17222    0.00000   100%  13.6 1786s
H516043 413289                    123608.54537    0.00000   100%  13.6 1787s
 517522 414847 64188.9833  584  232 123608.545    0.00000   100%  13.6 1790s
H517902 415066                    123596.86045    0.00000   100%  13.6 1790s
 520002 416988    0.00000  524  250 123596.860    0.00000   100%  13.5 1795s
H521543 418065                    123589.69047    0.00000   100%  13.5 1798s
H521621 418132                    123527.97380    0.00000   100%  13.5 1799s
 521720 418303 infeasible  803      123527.974    0.00000   100%  13.5 1800s
 523112 419180 infeasible  524      123527.974    0.00000   100%  13.6 1805s
H523819 419652                    123432.43235    0.00000   100%  13.6 1809s
 523961 419806     cutoff  772      123432.432    0.00000   100%  13.6 1810s
 525397 420650 67081.4305  565  254 123432.432    0.00000   100%  13.7 1815s
H525663 420846                    123412.16740    0.00000   100%  13.7 1816s
H526291 421050                    123400.88581    0.00000   100%  13.7 1819s
 526435 421557 19802.4353  565  245 123400.886    0.00000   100%  13.7 1820s
H527401 422125                    123394.75390    0.00000   100%  13.7 1821s
H528762 423741                    123394.75379    0.00000   100%  13.7 1824s
 529321 424208 35372.7094 2711  225 123394.754    0.00000   100%  13.7 1825s
H531137 425692                    123235.15692    0.00000   100%  13.7 1829s
 531459 425693     cutoff 4519      123235.157    0.00000   100%  13.7 1830s
H532179 426053                    123074.34392    0.00000   100%  13.7 1834s
 532235 426056 32618.3673  693  264 123074.344    0.00000   100%  13.7 1835s
H532272 426056                    123067.73891    0.00000   100%  13.7 1835s
H532996 426463                    123062.92199    0.00000   100%  13.8 1839s
 533033 426506     cutoff  556      123062.922    0.00000   100%  13.8 1840s
 533968 426895    0.00000  445  228 123062.922    0.00000   100%  13.8 1845s
H534224 426942                    123009.72304    0.00000   100%  13.8 1846s
H534312 426732                    122984.86915    0.00000   100%  13.8 1847s
H534819 426969                    122972.77323    0.00000   100%  13.9 1849s
 534918 426983 infeasible  472      122972.773    0.00000   100%  13.9 1850s
 535480 427599 infeasible  435      122972.773    0.00000   100%  14.0 1855s
H535784 427598                    122942.78529    0.00000   100%  14.0 1855s
H536864 428682                    122889.58634    0.00000   100%  13.9 1858s
H537310 429219                    122783.18843    0.00000   100%  13.9 1859s
 537856 429605 53900.4233 2157  283 122783.188    0.00000   100%  13.9 1860s
H538651 430347                    122729.98947    0.00000   100%  13.9 1862s
 539724 430890 118006.594 3686  312 122729.989    0.00000   100%  13.9 1865s
 540996 432327 2125.11583  882  227 122729.989    0.00000   100%  13.9 1870s
H541368 432324                    122623.59156    0.00000   100%  13.9 1870s
 543213 434451 15619.4063 1578  228 122623.592    0.00000   100%  13.9 1875s
H544589 435040                    122538.34239    0.00000   100%  13.9 1878s
H544794 435046                    122266.32590    0.00000   100%  13.9 1878s
 545053 435375 39826.9154 2111  227 122266.326    0.00000   100%  13.9 1880s
H545874 435906                    122266.32588    0.00000   100%  13.9 1885s
H545915 435906                    122257.25998    0.00000   100%  13.9 1885s
 546615 436421 51209.8122 2448  229 122257.260    0.00000   100%  13.9 1890s
H547574 437044                    122247.65121    0.00000   100%  13.9 1892s
H547900 437184                    122237.53566    0.00000   100%  13.9 1894s
 548319 437369 53676.9862 3051  227 122237.536    0.00000   100%  13.9 1895s
H549221 438115                    122184.33671    0.00000   100%  13.9 1899s
 549643 438659 53676.9862 3314  227 122184.337    0.00000   100%  13.9 1900s
 551346 439469 63451.5824 3860  227 122184.337    0.00000   100%  13.9 1905s
 552523 439805 72086.8045 4209  230 122184.337    0.00000   100%  13.9 1910s
 553484 439937     cutoff 4531      122184.337    0.00000   100%  13.9 1915s
H553921 440309                    122178.10019    0.00000   100%  13.9 1916s
 554414 440560    0.00000  496  234 122178.100    0.00000   100%  14.0 1920s
H554796 440783                    122144.80097    0.00000   100%  14.0 1923s
 555304 440940 70039.5223  649  274 122144.801    0.00000   100%  14.0 1925s
 556370 441646     cutoff  681      122144.801    0.00000   100%  14.1 1930s
 557433 442275 65004.2621 1055  229 122144.801    0.00000   100%  14.1 1935s
H559884 444296                    122091.60201    0.00000   100%  14.1 1941s
 561020 444760 76899.6579 1892  279 122091.602    0.00000   100%  14.1 1945s
 561384 444896 65004.2621 2061  229 122091.602    0.00000   100%  14.1 1957s
 561901 445147 65004.2621 2194  229 122091.602    0.00000   100%  14.1 1960s
 562850 445988 65004.2621 2644  229 122091.602    0.00000   100%  14.1 1965s
 564539 447381     cutoff 2999      122091.602    0.00000   100%  14.1 1970s
 565899 448204 65004.2621 3569  229 122091.602    0.00000   100%  14.1 1975s
 567288 448978 65004.2621 4250  229 122091.602    0.00000   100%  14.2 1980s
 569317 450623 65004.2621 4869  229 122091.602    0.00000   100%  14.2 1985s
 570574 451844 1883.75648  762  246 122091.602    0.00000   100%  14.2 1991s
 571829 452414 infeasible  514      122091.602    0.00000   100%  14.2 1995s
H572448 452564                    122038.40306    0.00000   100%  14.2 1998s
H572471 452462                    121187.21977    0.00000   100%  14.2 1998s
H572476 452473                    121134.02082    0.00000   100%  14.3 1999s
 572499 452540    0.00000  472  245 121134.021    0.00000   100%  14.3 2000s
 573167 453173     cutoff  567      121134.021    0.00000   100%  14.3 2005s
 574221 453571    0.00000  508  238 121134.021    0.00000   100%  14.4 2010s
 576303 455769    0.00000  417  233 121134.021    0.00000   100%  14.3 2015s
 578840 457949    0.00000  434  250 121134.021    0.00000   100%  14.3 2020s
 580565 459009    0.00000  457  250 121134.021    0.00000   100%  14.3 2025s
H581186 459305                    121117.53751    0.00000   100%  14.4 2028s
 581661 459537    0.00000  484  257 121117.538    0.00000   100%  14.4 2030s
 582852 460318 72714.2271  903  240 121117.538    0.00000   100%  14.5 2035s
 584040 461214 infeasible  467      121117.538    0.00000   100%  14.5 2040s
 585404 462481 5727.29913  522  244 121117.538    0.00000   100%  14.6 2045s
 586596 463482 48477.8203  493  263 121117.538    0.00000   100%  14.6 2050s
 587921 464660 infeasible  461      121117.538    0.00000   100%  14.7 2055s
 589323 465862 infeasible  585      121117.538    0.00000   100%  14.8 2060s
 590194 466391 81098.5766  721  291 121117.538    0.00000   100%  14.8 2069s
 590196 466504 81100.1954  722  291 121117.538    0.00000   100%  14.8 2070s
 590891 467108    0.00000  439  224 121117.538    0.00000   100%  14.9 2075s
 592415 468419    0.00000  502  254 121117.538    0.00000   100%  14.9 2080s
 593811 469380 infeasible  467      121117.538    0.00000   100%  15.0 2085s
H593813 469367                    121080.82186    0.00000   100%  15.0 2085s
 595135 470702    0.00000  568  235 121080.822    0.00000   100%  15.1 2090s
 596756 472383 39847.1860 1443  250 121080.822    0.00000   100%  15.1 2095s
 597956 473262    0.00000  557  230 121080.822    0.00000   100%  15.1 2100s
 598932 474053 5392.42416  566  230 121080.822    0.00000   100%  15.2 2105s
H599093 474000                    120974.42395    0.00000   100%  15.2 2105s
 600518 475689 44388.8843 1377  249 120974.424    0.00000   100%  15.2 2110s
H600760 475667                    120921.22500    0.00000   100%  15.2 2111s
H602180 477010                    120868.02604    0.00000   100%  15.2 2114s
 602318 477349 63865.5206 2558  241 120868.026    0.00000   100%  15.2 2115s
H602911 477822                    120815.69123    0.00000   100%  15.2 2117s
H603294 478038                    120761.62813    0.00000   100%  15.2 2118s
 603699 478309 26316.9870  496  243 120761.628    0.00000   100%  15.2 2120s
 605015 479345    0.00000  488  251 120761.628    0.00000   100%  15.3 2126s
 607770 481881 38359.3636 1633  254 120761.628    0.00000   100%  15.2 2130s
 609296 482923 21176.8826  537  247 120761.628    0.00000   100%  15.2 2135s
 609469 483000    0.00000  462  255 120761.628    0.00000   100%  15.2 2140s
H609569 482974                    120708.42918    0.00000   100%  15.2 2140s
 610508 483662    0.00000  534  243 120708.429    0.00000   100%  15.2 2145s
H611774 484361                    120696.05734    0.00000   100%  15.2 2150s
H612071 484494                    120681.53274    0.00000   100%  15.3 2152s
 612623 484992 13669.6266  516  245 120681.533    0.00000   100%  15.3 2155s
H613006 485230                    120655.23022    0.00000   100%  15.3 2157s
H613376 485381                    120641.52219    0.00000   100%  15.3 2158s
 613790 485691 72916.5578  592  238 120641.522    0.00000   100%  15.3 2160s
H614530 486058                    120618.90614    0.00000   100%  15.3 2163s
 614810 486219    0.00000  459  239 120618.906    0.00000   100%  15.3 2165s
 615692 487005    0.00000  488  253 120618.906    0.00000   100%  15.4 2170s
H616050 487340                    120618.88452    0.00000   100%  15.4 2171s
 618198 488881 23241.8462 2299  261 120618.885    0.00000   100%  15.4 2175s
H618648 489248                    120572.14311    0.00000   100%  15.4 2178s
H619571 489720                    120548.83231    0.00000   100%  15.3 2180s
 620565 490508 9444.11193  591  260 120548.832    0.00000   100%  15.4 2192s
 621226 491044 70296.5382  708  273 120548.832    0.00000   100%  15.4 2195s
 622833 492239    0.00000  531  244 120548.832    0.00000   100%  15.4 2200s
 624619 494294 33130.5881 1421  251 120548.832    0.00000   100%  15.4 2205s
 627396 496759 33833.7272 3747  248 120548.832    0.00000   100%  15.4 2210s
 629904 498800 56857.3055 5853  238 120548.832    0.00000   100%  15.4 2215s
 630883 499153    0.00000  420  227 120548.832    0.00000   100%  15.4 2220s
 632060 500211 42170.0400  603  254 120548.832    0.00000   100%  15.5 2226s
H632522 500217                    120495.63336    0.00000   100%  15.5 2227s
 633174 500723 51392.4027 1014  246 120495.633    0.00000   100%  15.5 2230s
H633696 501385                    120482.94646    0.00000   100%  15.5 2232s
H634140 500816                    120282.83754    0.00000   100%  15.5 2233s
H634383 500967                    120266.42378    0.00000   100%  15.5 2234s
 634576 501150    0.00000  500  234 120266.424    0.00000   100%  15.5 2235s
H635278 501637                    120189.10762    0.00000   100%  15.5 2237s
 636033 502119    0.00000  563  238 120189.108    0.00000   100%  15.5 2240s
H636313 502166                    120189.10761    0.00000   100%  15.5 2241s
 637184 502742 1396.08682  544  236 120189.108    0.00000   100%  15.6 2245s
 637305 502743 33710.9849  558  236 120189.108    0.00000   100%  15.6 2263s
 637407 502836    0.00000  477  241 120189.108    0.00000   100%  15.6 2265s
 638121 503137 infeasible  424      120189.108    0.00000   100%  15.6 2270s
 639436 504860 62749.9875  487  289 120189.108    0.00000   100%  15.6 2276s
 641995 507329     cutoff 1377      120189.108    0.00000   100%  15.6 2281s
H643483 508061                    120139.10391    0.00000   100%  15.6 2283s
 643886 508781    0.00000  424  228 120139.104    0.00000   100%  15.6 2285s
H645202 509510                    120128.48175    0.00000   100%  15.5 2288s
 645755 510425 25826.2164  759  292 120128.482    0.00000   100%  15.5 2290s
 647554 512004     cutoff  927      120128.482    0.00000   100%  15.5 2295s
 649646 513394 63004.2698 1078  288 120128.482    0.00000   100%  15.5 2300s
 651180 514970 36012.7461 1274  285 120128.482    0.00000   100%  15.5 2305s
 652625 515874    0.00000  481  243 120128.482    0.00000   100%  15.5 2310s
 653756 516383 infeasible  578      120128.482    0.00000   100%  15.5 2315s
 654970 517508 22203.3012  597  253 120128.482    0.00000   100%  15.6 2320s
 657412 519802 22564.0287 2493  253 120128.482    0.00000   100%  15.5 2325s
H658649 520872                    120005.02285    0.00000   100%  15.5 2328s
 659279 521692 22645.8164 3898  253 120005.023    0.00000   100%  15.5 2331s
H660785 523246                    120003.91493    0.00000   100%  15.5 2334s
 661515 523756 22984.3635 5092  247 120003.915    0.00000   100%  15.5 2335s
H662106 523866                    120001.58255    0.00000   100%  15.5 2336s
 663633 525668 16184.6911  554  293 120001.583    0.00000   100%  15.4 2340s
H664834 526440                    119960.03139    0.00000   100%  15.4 2342s
 666075 527663 73360.9773  723  316 119960.031    0.00000   100%  15.4 2345s
H666177 527663                    119960.03137    0.00000   100%  15.4 2345s
H667245 528300                    119920.65929    0.00000   100%  15.4 2348s
 667650 528463    0.00000  452  241 119920.659    0.00000   100%  15.4 2350s
 670050 531057 40089.7977  763  248 119920.659    0.00000   100%  15.4 2355s
 672836 533340    0.00000  481  252 119920.659    0.00000   100%  15.3 2360s
 673700 534109 56671.0922  538  293 119920.659    0.00000   100%  15.4 2365s
 675155 535163    0.00000  480  240 119920.659    0.00000   100%  15.4 2370s
H675542 535263                    119910.44485    0.00000   100%  15.4 2372s
 676362 535710 15289.7139  557  238 119910.445    0.00000   100%  15.4 2375s
H676771 535951                    119902.42064    0.00000   100%  15.4 2376s
 678008 536869    0.00000  429  222 119902.421    0.00000   100%  15.4 2380s
H678085 536901                    119902.41877    0.00000   100%  15.4 2381s
 678755 537408 39713.4574  499  253 119902.419    0.00000   100%  15.5 2385s
H679366 537724                    119857.24590    0.00000   100%  15.5 2388s
 679606 537781 infeasible  429      119857.246    0.00000   100%  15.5 2390s
 681294 539756     cutoff  740      119857.246    0.00000   100%  15.6 2395s
H681414 539756                    119857.01728    0.00000   100%  15.6 2395s
H682522 540630                    119804.04694    0.00000   100%  15.5 2397s
H683998 540571                    116901.12552    0.00000   100%  15.5 2400s
H685046 541369                    116878.10441    0.00000   100%  15.5 2402s
 685688 541843    0.00000  472  242 116878.104    0.00000   100%  15.5 2405s
H686064 542015                    116824.90545    0.00000   100%  15.5 2406s
H686665 542341                    116801.92730    0.00000   100%  15.5 2409s
 686710 542397 55916.6865  572  258 116801.927    0.00000   100%  15.5 2410s
 687772 542878     cutoff  476      116801.927    0.00000   100%  15.6 2415s
H687774 542877                    116771.70650    0.00000   100%  15.6 2415s
H688010 542928                    115801.33635    0.00000   100%  15.6 2417s
 688792 544067 56405.2362  547  260 115801.336    0.00000   100%  15.6 2421s
H689491 544389                    115528.54368    0.00000   100%  15.6 2422s
H689775 540084                    113830.90029    0.00000   100%  15.6 2422s
 690723 541189 57884.8372 1771  263 113830.900    0.00000   100%  15.6 2425s
H691404 540749                    113526.57024    0.00000   100%  15.6 2426s
H692604 542009                    113473.37128    0.00000   100%  15.6 2429s
 692973 542116 58574.6375 3465  265 113473.371    0.00000   100%  15.6 2430s
 693909 542372 66401.3092  523  315 113473.371    0.00000   100%  15.6 2435s
H694411 542602                    113441.28397    0.00000   100%  15.6 2438s
 694579 542646 74983.9236  597  317 113441.284    0.00000   100%  15.6 2440s
H695052 543333                    113420.17233    0.00000   100%  15.7 2442s
H696127 544450                    113366.97337    0.00000   100%  15.6 2443s
 697372 545532 infeasible  550      113366.973    0.00000   100%  15.6 2445s
H697374 545513                    113313.77442    0.00000   100%  15.6 2445s
H698754 546527                    113297.13571    0.00000   100%  15.6 2447s
 699251 547244 55020.4652  569  264 113297.136    0.00000   100%  15.6 2450s
H700017 547325                    113260.57546    0.00000   100%  15.6 2452s
 700450 547520    0.00000  477  256 113260.575    0.00000   100%  15.6 2455s
H701054 547080                    112740.22386    0.00000   100%  15.7 2458s
 701363 547254     cutoff  619      112740.224    0.00000   100%  15.7 2460s
H701522 547208                    112539.49093    0.00000   100%  15.7 2461s
H701847 547508                    112535.28812    0.00000   100%  15.7 2462s
H702067 547510                    112512.54715    0.00000   100%  15.7 2463s
 702233 547796 63689.7481  740  228 112512.547    0.00000   100%  15.7 2465s
H702666 547992                    112494.86171    0.00000   100%  15.7 2466s
H702806 548141                    112448.74342    0.00000   100%  15.7 2467s
 703637 549053 25998.6776 1015  228 112448.743    0.00000   100%  15.7 2471s
 705433 550830 26067.2413 2614  227 112448.743    0.00000   100%  15.7 2476s
H706636 551843                    112378.54873    0.00000   100%  15.7 2479s
 706993 552278 26067.2413 3898  227 112378.549    0.00000   100%  15.7 2480s
H708524 553864                    112356.50949    0.00000   100%  15.7 2484s
 709103 554668 26067.2413 5521  227 112356.509    0.00000   100%  15.7 2485s
H710041 555036                    112356.50947    0.00000   100%  15.6 2486s
H710481 555452                    111824.20367    0.00000   100%  15.6 2487s
H711498 556668                    111824.20358    0.00000   100%  15.6 2489s
 712034 557268 26067.2413 6838  229 111824.204    0.00000   100%  15.6 2490s
 714290 559089 63713.2006 7527  250 111824.204    0.00000   100%  15.6 2495s
 716341 560910 63713.2006 8956  262 111824.204    0.00000   100%  15.6 2500s
H716952 561186                    111804.24072    0.00000   100%  15.5 2501s
 717724 561958     cutoff  498      111804.241    0.00000   100%  15.6 2505s
 717944 561961     cutoff  506      111804.241    0.00000   100%  15.6 2517s
H718030 562015                    111771.00472    0.00000   100%  15.6 2518s
 718149 562118    0.00000  456  247 111771.005    0.00000   100%  15.6 2520s
 719080 562835 21874.2917  482  238 111771.005    0.00000   100%  15.6 2525s
H719180 562829                    111717.80576    0.00000   100%  15.6 2525s
 720216 563436 infeasible  478      111717.806    0.00000   100%  15.6 2530s
H720273 560512                    109209.30152    0.00000   100%  15.6 2530s
H720475 560687                    109040.16746    0.00000   100%  15.6 2532s
 721267 561030 28050.4138  602  257 109040.167    0.00000   100%  15.7 2535s
 722352 561620 51847.7284  874  255 109040.167    0.00000   100%  15.7 2540s
H722466 561393                    108485.29405    0.00000   100%  15.7 2540s
 723696 562000 55040.1486 1348  251 108485.294    0.00000   100%  15.7 2545s
H723801 562202                    108218.59187    0.00000   100%  15.7 2547s
 724967 562981 infeasible  467      108218.592    0.00000   100%  15.7 2550s
H724969 562939                    108152.13655    0.00000   100%  15.7 2550s
H725555 562075                    108056.92613    0.00000   100%  15.7 2552s
 726692 562963 52850.1564  640  237 108056.926    0.00000   100%  15.7 2555s
H726825 561039                    108011.77360    0.00000   100%  15.7 2555s
H727125 561562                    107974.90309    0.00000   100%  15.7 2557s
H727769 562079                    107974.49051    0.00000   100%  15.6 2559s
 728068 562477 infeasible  501      107974.491    0.00000   100%  15.6 2561s
H728868 563047                    107965.76957    0.00000   100%  15.6 2563s
H728921 563047                    107965.04194    0.00000   100%  15.6 2563s
 729514 563323    0.00000  553  237 107965.042    0.00000   100%  15.6 2565s
 730735 564645 55176.4010 1408  268 107965.042    0.00000   100%  15.7 2570s
 733069 566955 56751.3869 3398  270 107965.042    0.00000   100%  15.6 2575s
H733881 567329                    107940.67995    0.00000   100%  15.6 2576s
 735067 568537 58510.7627 4910  273 107940.680    0.00000   100%  15.6 2580s
 736848 570096     cutoff  633      107940.680    0.00000   100%  15.6 2585s
 738173 570826 infeasible  558      107940.680    0.00000   100%  15.6 2590s
 739523 572224 47363.6831 1208  255 107940.680    0.00000   100%  15.7 2595s
H739959 572328                    107887.48099    0.00000   100%  15.7 2596s
H740551 572663                    107874.38860    0.00000   100%  15.7 2599s
H740857 572920                    107795.06094    0.00000   100%  15.7 2600s
 741038 572920 51698.1234  547  263 107795.061    0.00000   100%  15.7 2605s
H741067 572950                    107794.95940    0.00000   100%  15.7 2606s
H741368 573197                    107758.96578    0.00000   100%  15.7 2609s
 741560 573291    0.00000  447  246 107758.966    0.00000   100%  15.7 2610s
H741710 573317                    107727.88413    0.00000   100%  15.7 2610s
 742272 574034    0.00000  512  227 107727.884    0.00000   100%  15.8 2615s
H742792 574537                    107674.68517    0.00000   100%  15.7 2616s
H743378 575097                    107674.05822    0.00000   100%  15.8 2618s
 744475 575954    0.00000  521  226 107674.058    0.00000   100%  15.7 2620s
 746632 577478 55535.5674  611  285 107674.058    0.00000   100%  15.7 2625s
 747876 578184 72945.8078  634  298 107674.058    0.00000   100%  15.8 2630s
 749506 580006 44841.6767 1439  239 107674.058    0.00000   100%  15.8 2635s
 751915 581975 44841.6767 3608  242 107674.058    0.00000   100%  15.8 2640s
 753853 583459 infeasible  438      107674.058    0.00000   100%  15.8 2645s
 753939 583534    0.00000  447  258 107674.058    0.00000   100%  15.8 2656s
H754038 583554                    107568.28726    0.00000   100%  15.8 2658s
H754192 583617                    107515.08831    0.00000   100%  15.8 2659s
 754352 583647 26465.8065  532  233 107515.088    0.00000   100%  15.8 2660s
H754412 583799                    107514.04729    0.00000   100%  15.8 2661s
 755394 584448 43641.0490  430  294 107514.047    0.00000   100%  15.8 2665s
 756743 585403 33831.0185  603  230 107514.047    0.00000   100%  15.8 2670s
 758595 587579 35276.7537 1618  248 107514.047    0.00000   100%  15.8 2675s
 761371 590082 39303.3657 3517  247 107514.047    0.00000   100%  15.8 2680s
 763426 591669    0.00000  436  250 107514.047    0.00000   100%  15.8 2685s
 765521 593521     cutoff  499      107514.047    0.00000   100%  15.7 2690s
H766105 593885                    107438.36478    0.00000   100%  15.7 2691s
 767358 595122     cutoff  719      107438.365    0.00000   100%  15.7 2695s
H768039 595735                    107401.30897    0.00000   100%  15.7 2697s
 769050 596471 48810.8901  852  282 107401.309    0.00000   100%  15.7 2700s
 770267 597542 48868.6613  948  282 107401.309    0.00000   100%  15.7 2705s
H770821 597845                    107401.30567    0.00000   100%  15.8 2709s
 770944 597940     cutoff 1050      107401.306    0.00000   100%  15.8 2710s
 771620 598587 14023.8207  456  293 107401.306    0.00000   100%  15.8 2715s
H772496 598993                    107382.12054    0.00000   100%  15.8 2719s
 772608 599303 41305.3163  626  282 107382.121    0.00000   100%  15.8 2720s
H773173 599884                    107369.78684    0.00000   100%  15.8 2722s
 774212 600682 41345.4890  728  282 107369.787    0.00000   100%  15.8 2725s
H775370 601904                    107369.78683    0.00000   100%  15.8 2728s
H775711 602118                    107368.88471    0.00000   100%  15.8 2729s
 775916 602401 41778.6850  829  282 107368.885    0.00000   100%  15.8 2730s
H776287 602670                    107339.43431    0.00000   100%  15.8 2731s
H777512 603608                    107328.44360    0.00000   100%  15.8 2735s
 778916 604763     cutoff  472      107328.444    0.00000   100%  15.8 2740s
H779019 604749                    107302.29249    0.00000   100%  15.8 2740s
H779195 605198                    107291.51368    0.00000   100%  15.8 2741s
H780352 605946                    107287.07678    0.00000   100%  15.7 2744s
 780419 606177     cutoff  547      107287.077    0.00000   100%  15.7 2745s
H781484 606778                    107276.13901    0.00000   100%  15.7 2749s
 781557 606878 infeasible  477      107276.139    0.00000   100%  15.7 2750s
 782903 608294 2846.42771 1330  233 107276.139    0.00000   100%  15.8 2755s
H783355 608581                    107239.74358    0.00000   100%  15.8 2756s
H785131 610057                    107225.81257    0.00000   100%  15.7 2759s
 785179 610059 2846.42771 3089  233 107225.813    0.00000   100%  15.7 2763s
 785356 610691 2846.42771 3226  233 107225.813    0.00000   100%  15.7 2765s
H786322 611036                    107142.69562    0.00000   100%  15.7 2766s
H787516 612094                    107116.76484    0.00000   100%  15.7 2769s
 787666 612259 36165.6981  501  283 107116.765    0.00000   100%  15.7 2770s
H788526 613159                    107099.75286    0.00000   100%  15.7 2772s
H788958 613585                    106851.68779    0.00000   100%  15.7 2773s
 789912 614481 45916.2714  505  282 106851.688    0.00000   100%  15.7 2775s
H790477 614897                    106851.68778    0.00000   100%  15.7 2776s
H791604 615424                    106717.10398    0.00000   100%  15.7 2778s
H791819 615560                    106700.33200    0.00000   100%  15.7 2779s
 791989 615599    0.00000  477  235 106700.332    0.00000   100%  15.7 2780s
H793378 616867                    106663.90502    0.00000   100%  15.7 2785s
H794433 617740                    106659.42779    0.00000   100%  15.7 2789s
 794573 618058 34694.1107  444  300 106659.428    0.00000   100%  15.7 2790s
 795877 619003 84683.8204  587  318 106659.428    0.00000   100%  15.7 2795s
H796915 619707                    106643.32849    0.00000   100%  15.7 2798s
 797782 620921 10931.3975  712  291 106643.328    0.00000   100%  15.7 2800s
H798293 621364                    106643.32847    0.00000   100%  15.7 2801s
 799273 621947    0.00000  402  230 106643.328    0.00000   100%  15.7 2805s
 799658 622068    0.00000  451  226 106643.328    0.00000   100%  15.7 2810s
 801787 624379 32926.2880 2186  286 106643.328    0.00000   100%  15.7 2815s
H804229 626226                    106643.32846    0.00000   100%  15.7 2818s
 804501 626344 infeasible  454      106643.328    0.00000   100%  15.7 2820s
H805342 626715                    106634.40905    0.00000   100%  15.7 2825s
H805455 626931                    106610.70607    0.00000   100%  15.7 2825s
 806347 627529    0.00000  505  236 106610.706    0.00000   100%  15.7 2830s
H806561 627593                    106557.50711    0.00000   100%  15.7 2831s
H807232 628060                    106534.92820    0.00000   100%  15.8 2834s
 807328 628092 infeasible  463      106534.928    0.00000   100%  15.8 2835s
H807329 628092                    106531.66382    0.00000   100%  15.8 2835s
 807766 628341 12631.9107  583  227 106531.664    0.00000   100%  15.8 2844s
 807769 628399     cutoff  584      106531.664    0.00000   100%  15.8 2845s
 808723 629099 infeasible  401      106531.664    0.00000   100%  15.8 2850s
H809242 629313                    106500.19089    0.00000   100%  15.8 2853s
 809419 629394 infeasible  450      106500.191    0.00000   100%  15.8 2855s
 810536 630505 46299.7994  569  291 106500.191    0.00000   100%  15.8 2860s
 812354 631933 46359.2901  614  291 106500.191    0.00000   100%  15.8 2865s
H812768 632375                    106456.87305    0.00000   100%  15.8 2867s
H813185 632987                    106456.86969    0.00000   100%  15.8 2868s
 814220 633323 50432.2759  739  281 106456.870    0.00000   100%  15.8 2870s
 815913 635161 infeasible  477      106456.870    0.00000   100%  15.8 2875s
H816519 635353                    106450.29490    0.00000   100%  15.8 2877s
 817297 635747    0.00000  445  229 106450.295    0.00000   100%  15.8 2880s
 818170 636302 infeasible  567      106450.295    0.00000   100%  15.8 2885s
H818171 636302                    106443.03390    0.00000   100%  15.8 2885s
H818767 636640                    106422.07421    0.00000   100%  15.8 2887s
 819033 636780    0.00000  465  242 106422.074    0.00000   100%  15.9 2890s
 820105 637302 70766.8723  645  272 106422.074    0.00000   100%  15.9 2895s
 821559 639019     cutoff  688      106422.074    0.00000   100%  15.9 2900s
H824276 641367                    106238.31338    0.00000   100%  15.9 2905s
H825746 642290                    106185.11443    0.00000   100%  15.8 2908s
 826105 642911 23354.7793 3064  282 106185.114    0.00000   100%  15.8 2910s
H826759 643596                    106131.91547    0.00000   100%  15.8 2912s
 828453 645094     cutoff  581      106131.915    0.00000   100%  15.8 2915s
 831154 647587    0.00000  529  245 106131.915    0.00000   100%  15.8 2920s
 833220 649550 8722.13084 2073  237 106131.915    0.00000   100%  15.7 2925s
 834857 650670    0.00000  437  251 106131.915    0.00000   100%  15.7 2930s
 836491 652096 47435.6960  441  291 106131.915    0.00000   100%  15.7 2935s
 837949 653211 29951.9428  567  232 106131.915    0.00000   100%  15.7 2940s
 839151 654471    0.00000  433  244 106131.915    0.00000   100%  15.8 2945s
H839574 654463                    106078.71652    0.00000   100%  15.7 2946s
H839590 654476                    106025.51756    0.00000   100%  15.7 2947s
H839597 653140                    103791.16145    0.00000   100%  15.7 2947s
H839607 653142                    103737.96249    0.00000   100%  15.7 2948s
H839625 653129                    103684.76354    0.00000   100%  15.7 2949s
H839626 651703                    101078.01474    0.00000   100%  15.7 2949s
H839642 651098                    100120.43354    0.00000   100%  15.7 2950s
H839643 649859                    98205.271160    0.00000   100%  15.7 2950s
H839782 649325                    97418.183040    0.00000   100%  15.7 2952s
 840507 650000 31219.2536 1167  256 97418.1830    0.00000   100%  15.7 2955s
 840845 650002 61675.5910 1477  264 97418.1830    0.00000   100%  15.7 2969s
 840847 650060 64253.7101 1478  263 97418.1830    0.00000   100%  15.7 2970s
H841733 650998                    97340.184798    0.00000   100%  15.7 2974s
 842003 651572 64507.9928 2042  260 97340.1848    0.00000   100%  15.7 2975s
H843048 652164                    97264.945845    0.00000   100%  15.7 2977s
 843795 652857 19860.8274 1126  285 97264.9458    0.00000   100%  15.7 2980s
H844616 653287                    97187.417124    0.00000   100%  15.7 2984s
 844825 653622 21955.8251  617  259 97187.4171    0.00000   100%  15.7 2985s
H846022 654723                    97088.093102    0.00000   100%  15.7 2988s
 847431 655942 26597.7418 2808  258 97088.0931    0.00000   100%  15.7 2990s
H847689 655933                    97044.523459    0.00000   100%  15.7 2990s
 849146 657245 30092.7443 4044  256 97044.5235    0.00000   100%  15.7 2995s
H849895 657769                    97034.894147    0.00000   100%  15.7 2997s
 850337 658116    0.00000  446  227 97034.8941    0.00000   100%  15.7 3000s
H850938 656149                    94439.305654    0.00000   100%  15.7 3003s
H851169 656179                    94438.478698    0.00000   100%  15.7 3004s
 851190 656278     cutoff  500      94438.4787    0.00000   100%  15.7 3005s
H851559 655383                    93870.164182    0.00000   100%  15.7 3007s
H851697 655487                    93870.139744    0.00000   100%  15.7 3008s
 851923 655682  509.27835  516  239 93870.1397    0.00000   100%  15.7 3010s
 853332 656904 18689.8417 1425  236 93870.1397    0.00000   100%  15.7 3015s
H854941 656169                    93323.464847    0.00000   100%  15.7 3018s
 855326 656565 24213.0928 3081  232 93323.4648    0.00000   100%  15.7 3020s
H856360 653917                    92951.383209    0.00000   100%  15.7 3023s
 856937 654720 34547.8008 4492  228 92951.3832    0.00000   100%  15.7 3025s
 859039 656937 34547.8008 5956  228 92951.3832    0.00000   100%  15.7 3031s
 860920 658577 34547.8008 7038  228 92951.3832    0.00000   100%  15.7 3035s
H861159 658576                    92944.734060    0.00000   100%  15.7 3035s
H862072 659238                    92671.033316    0.00000   100%  15.7 3036s
H863234 660235                    92670.073561    0.00000   100%  15.7 3040s
H863390 660484                    92530.357647    0.00000   100%  15.7 3042s
H863641 660498                    92526.167653    0.00000   100%  15.7 3043s
 863912 660559 42655.0091  598  226 92526.1677    0.00000   100%  15.7 3045s
H864143 659837                    92260.662132    0.00000   100%  15.7 3046s
H864664 659700                    92087.391320    0.00000   100%  15.7 3049s
 864688 659721 65466.3812  488  324 92087.3913    0.00000   100%  15.7 3050s
H865392 660523                    92033.102918    0.00000   100%  15.7 3052s
H866538 661492                    92033.102906    0.00000   100%  15.7 3055s
 868969 663723 13122.0043  537  245 92033.1029    0.00000   100%  15.7 3060s
H869886 664009                    91979.186923    0.00000   100%  15.7 3064s
H869917 663854                    91661.799679    0.00000   100%  15.7 3064s
 870023 663880 infeasible  459      91661.7997    0.00000   100%  15.7 3065s
H870028 663770                    91502.202814    0.00000   100%  15.7 3065s
H870378 663937                    91493.072453    0.00000   100%  15.7 3068s
 870949 664836    0.00000  559  227 91493.0725    0.00000   100%  15.7 3070s
H871598 665340                    91449.003859    0.00000   100%  15.7 3071s
H873277 666743                    91424.150318    0.00000   100%  15.7 3073s
H873896 667285                    91236.208038    0.00000   100%  15.7 3074s
 874174 667824 5821.68793 2073  230 91236.2080    0.00000   100%  15.7 3075s
 876868 669965 8929.98931 2981  231 91236.2080    0.00000   100%  15.6 3080s
 879269 672191 infeasible  603      91236.2080    0.00000   100%  15.6 3085s
H880202 672627                    91109.837908    0.00000   100%  15.6 3087s
H880285 672536                    90930.955955    0.00000   100%  15.6 3088s
 880576 672688     cutoff  470      90930.9560    0.00000   100%  15.6 3090s
H880578 672677                    90917.014308    0.00000   100%  15.6 3090s
H880668 672650                    90866.471555    0.00000   100%  15.6 3090s
H881152 672932                    90863.815353    0.00000   100%  15.6 3094s
 881251 673118    0.00000  464  266 90863.8154    0.00000   100%  15.6 3095s
H882193 673629                    90810.616397    0.00000   100%  15.6 3098s
 882501 673796    0.00000  552  247 90810.6164    0.00000   100%  15.6 3100s
H882818 673870                    90787.205090    0.00000   100%  15.6 3101s
 883786 674829 35494.4311  768  265 90787.2051    0.00000   100%  15.6 3105s
H884161 675217                    90786.323209    0.00000   100%  15.6 3106s
 885712 676450     cutoff 1056      90786.3232    0.00000   100%  15.6 3110s
H887849 677810                    90766.651495    0.00000   100%  15.6 3115s
H888972 678441                    90757.417442    0.00000   100%  15.6 3120s
H890340 679574                    90750.455660    0.00000   100%  15.6 3122s
 891118 680805 2184.51321 2220  227 90750.4557    0.00000   100%  15.6 3125s
H891620 681227                    90704.218487    0.00000   100%  15.6 3127s
H892705 682333                    90651.019532    0.00000   100%  15.6 3129s
H893545 682868                    90597.820577    0.00000   100%  15.6 3129s
H893753 683283                    90491.422667    0.00000   100%  15.5 3130s
H894981 682076                    88016.066601    0.00000   100%  15.5 3133s
H895914 682817                    87958.814018    0.00000   100%  15.5 3134s
 896226 683253 30577.1917 4626  226 87958.8140    0.00000   100%  15.5 3135s
H897004 683623                    87601.055006    0.00000   100%  15.5 3137s
 897876 684360 30577.1917 5971  226 87601.0550    0.00000   100%  15.5 3140s
H898540 684963                    87436.195286    0.00000   100%  15.5 3142s
H899596 685816                    87423.558828    0.00000   100%  15.5 3145s
H899706 685796                    87382.996331    0.00000   100%  15.5 3145s
H899953 686088                    87306.288203    0.00000   100%  15.5 3147s
 900863 686861 30577.1917 7840  227 87306.2882    0.00000   100%  15.5 3150s
H901094 687012                    87289.085537    0.00000   100%  15.5 3151s
H901512 687269                    87235.886582    0.00000   100%  15.5 3153s
 901881 687780 30577.1917 8720  227 87235.8866    0.00000   100%  15.5 3155s
H903054 688261                    87139.888494    0.00000   100%  15.5 3159s
 903205 688287 infeasible  476      87139.8885    0.00000   100%  15.5 3160s
H904286 689113                    87086.689539    0.00000   100%  15.5 3164s
 904336 689151     cutoff 1118      87086.6895    0.00000   100%  15.5 3165s
 904410 689151     cutoff  509      87086.6895    0.00000   100%  15.5 3172s
 904776 689433 3129.36849  662  254 87086.6895    0.00000   100%  15.5 3175s
H904928 689510                    87063.361708    0.00000   100%  15.5 3176s
 905986 690208 24741.5328  711  258 87063.3617    0.00000   100%  15.5 3180s
H906129 690197                    87036.108336    0.00000   100%  15.5 3180s
H906283 690280                    87033.490584    0.00000   100%  15.5 3181s
 907530 691364 infeasible  587      87033.4906    0.00000   100%  15.5 3186s
 908769 692475 43448.7874  751  261 87033.4906    0.00000   100%  15.5 3191s
 909902 693197    0.00000  547  234 87033.4906    0.00000   100%  15.5 3195s
 911292 694045 infeasible  514      87033.4906    0.00000   100%  15.5 3200s
H912543 695774                    86927.092673    0.00000   100%  15.6 3205s
H915389 697646                    86920.305333    0.00000   100%  15.5 3209s
 915928 698605 28259.6638 3446  250 86920.3053    0.00000   100%  15.5 3210s
H916439 698926                    86873.893718    0.00000   100%  15.5 3211s
 918413 700356 infeasible 5465      86873.8937    0.00000   100%  15.5 3215s
H918778 700163                    86235.506257    0.00000   100%  15.5 3217s
H918920 700175                    86182.307302    0.00000   100%  15.5 3218s
 919011 700262 28769.0216  563  228 86182.3073    0.00000   100%  15.5 3220s
 919957 700689 infeasible  542      86182.3073    0.00000   100%  15.6 3225s
 921208 701448    0.00000  459  291 86182.3073    0.00000   100%  15.6 3230s
 922704 702955 20870.9055 1429  279 86182.3073    0.00000   100%  15.6 3235s
 923493 703718 20923.2014 2074  280 86182.3073    0.00000   100%  15.6 3254s
 923962 703841 20970.3442 2494  279 86182.3073    0.00000   100%  15.6 3255s
 925932 705751 20988.1581 3886  280 86182.3073    0.00000   100%  15.5 3261s
 927385 706284    0.00000  461  247 86182.3073    0.00000   100%  15.5 3265s
H927563 706314                    86159.194846    0.00000   100%  15.5 3266s
H928197 702657                    85729.504275    0.00000   100%  15.6 3269s
 928264 702701 infeasible  510      85729.5043    0.00000   100%  15.6 3270s
H928888 703044                    85676.708447    0.00000   100%  15.6 3274s
H929072 703169                    85642.113779    0.00000   100%  15.6 3275s
 930343 703759 23685.4803  470  240 85642.1138    0.00000   100%  15.6 3280s
H930484 703752                    85587.679712    0.00000   100%  15.6 3281s
H930573 703745                    85582.049753    0.00000   100%  15.6 3281s
 931029 704004 13322.5148  476  293 85582.0498    0.00000   100%  15.6 3285s
H931653 704277                    85580.489876    0.00000   100%  15.7 3287s
H931870 704408                    85572.780328    0.00000   100%  15.7 3289s
H931990 704408                    85571.609038    0.00000   100%  15.7 3289s
H932068 704477                    85483.470909    0.00000   100%  15.7 3291s
H932442 704549                    85462.135636    0.00000   100%  15.7 3292s
H932678 704558                    85415.974305    0.00000   100%  15.7 3293s
 933043 704622     cutoff  977      85415.9743    0.00000   100%  15.7 3295s
H933074 704423                    85296.960843    0.00000   100%  15.7 3295s
H933216 704525                    85294.743294    0.00000   100%  15.7 3297s
 934354 705420 infeasible  758      85294.7433    0.00000   100%  15.7 3301s
H934355 705382                    85266.249632    0.00000   100%  15.7 3301s
H934669 705543                    85118.171160    0.00000   100%  15.7 3302s
 935385 705814    0.00000  458  246 85118.1712    0.00000   100%  15.7 3305s
H936026 705691                    85064.086608    0.00000   100%  15.8 3309s
 936099 705768 infeasible  483      85064.0866    0.00000   100%  15.8 3310s
 937312 706691 10756.6528  646  252 85064.0866    0.00000   100%  15.8 3315s
H938489 707549                    84911.174963    0.00000   100%  15.8 3318s
 938925 707710    0.00000  486  228 84911.1750    0.00000   100%  15.8 3320s
H938972 707497                    84645.180187    0.00000   100%  15.8 3320s
H939287 707768                    84633.355274    0.00000   100%  15.8 3322s
 940387 708941 infeasible  536      84633.3553    0.00000   100%  15.8 3325s
H940388 708941                    84633.355257    0.00000   100%  15.8 3325s
H940564 708921                    84604.087200    0.00000   100%  15.8 3326s
 941647 710156 9450.00302 1309  251 84604.0872    0.00000   100%  15.8 3330s
H943620 712121                    84601.623765    0.00000   100%  15.8 3333s
 944834 712898 28906.6365 4227  245 84601.6238    0.00000   100%  15.8 3335s
H945147 712847                    84352.638243    0.00000   100%  15.8 3336s
H946099 714114                    84316.808308    0.00000   100%  15.8 3340s
H948112 715400                    84263.609353    0.00000   100%  15.8 3344s
 948544 715649 infeasible  582      84263.6094    0.00000   100%  15.8 3345s
H949425 716674                    84262.643721    0.00000   100%  15.8 3347s
H950461 717003                    84262.643697    0.00000   100%  15.8 3350s
 951483 717617     cutoff  635      84262.6437    0.00000   100%  15.8 3355s
 952602 718208     cutoff  553      84262.6437    0.00000   100%  15.8 3360s
 953821 719270 25960.1115  519  259 84262.6437    0.00000   100%  15.8 3365s
 955365 720612 10848.6794  561  256 84262.6437    0.00000   100%  15.8 3370s
H957699 722218                    84107.093340    0.00000   100%  15.8 3375s
 958909 722618 infeasible  520      84107.0933    0.00000   100%  15.8 3380s
H959722 723007                    84099.322606    0.00000   100%  15.8 3384s
 959788 723033 39224.3186  612  249 84099.3226    0.00000   100%  15.9 3385s
H960019 723222                    84098.614544    0.00000   100%  15.9 3386s
H960343 723538                    84084.752147    0.00000   100%  15.9 3388s
 960941 724209    0.00000  416  227 84084.7521    0.00000   100%  15.9 3390s
H961390 724299                    84054.349097    0.00000   100%  15.9 3391s
 962148 725167 27120.7327  506  254 84054.3491    0.00000   100%  15.9 3396s
 963242 726230    0.00000  466  239 84054.3491    0.00000   100%  15.9 3400s
 966874 729581 26792.9760  423  284 84054.3491    0.00000   100%  15.9 3405s
H967968 730195                    84052.343513    0.00000   100%  15.9 3408s
 968470 730281 infeasible  515      84052.3435    0.00000   100%  15.9 3410s
H968847 730359                    84052.309199    0.00000   100%  15.9 3412s
 969326 730576    0.00000  412  230 84052.3092    0.00000   100%  15.9 3415s
H969433 730791                    84028.330922    0.00000   100%  15.9 3416s
H970224 731298                    84001.150141    0.00000   100%  15.9 3419s
 970287 731317 46394.3330  516  315 84001.1501    0.00000   100%  15.9 3420s
H970604 731465                    83985.086764    0.00000   100%  15.9 3422s
 971119 731900 infeasible  545      83985.0868    0.00000   100%  15.9 3425s
H971626 732069                    83976.795795    0.00000   100%  15.9 3427s
 972173 732188    0.00000  413  230 83976.7958    0.00000   100%  15.9 3430s
H972874 732738                    83976.794855    0.00000   100%  16.0 3432s
 973395 732866 infeasible  413      83976.7949    0.00000   100%  16.0 3435s
H975059 734372                    83976.737532    0.00000   100%  16.0 3438s
 975371 734537 infeasible  415      83976.7375    0.00000   100%  16.0 3440s
H975934 734920                    83947.951186    0.00000   100%  16.0 3442s
 976381 735139     cutoff  562      83947.9512    0.00000   100%  16.0 3445s
H977087 735455                    83894.752231    0.00000   100%  16.0 3448s
 977458 735903    0.00000  456  239 83894.7522    0.00000   100%  16.1 3450s
H978392 736258                    83841.553276    0.00000   100%  16.1 3454s
 978697 736556 infeasible  408      83841.5533    0.00000   100%  16.1 3456s
H979540 737471                    83837.844030    0.00000   100%  16.1 3458s
 980345 738251 11941.0563 1701  285 83837.8440    0.00000   100%  16.1 3460s
H980818 738689                    83735.155366    0.00000   100%  16.1 3461s
H981955 735250                    81819.138571    0.00000   100%  16.1 3463s
H982296 732673                    81186.329882    0.00000   100%  16.1 3463s
 982893 733439 12084.0666 3678  285 81186.3299    0.00000   100%  16.1 3465s
H984005 730794                    79992.687375    0.00000   100%  16.0 3468s
 984205 731058 infeasible  421      79992.6874    0.00000   100%  16.1 3470s
 985239 731567 infeasible  423      79992.6874    0.00000   100%  16.1 3475s
H986105 732108                    79992.687339    0.00000   100%  16.1 3480s
H987028 732884                    79671.297243    0.00000   100%  16.1 3485s
H988221 733911                    79656.376426    0.00000   100%  16.1 3487s
 989350 734806 30719.5053 1096  272 79656.3764    0.00000   100%  16.1 3490s
 991177 736462 infeasible  486      79656.3764    0.00000   100%  16.1 3495s
H991759 736817                    79644.027705    0.00000   100%  16.1 3497s
H992082 737064                    79638.835821    0.00000   100%  16.1 3498s
 992318 737195 28294.7649  712  273 79638.8358    0.00000   100%  16.1 3521s
 992916 737605 15559.5528  595  257 79638.8358    0.00000   100%  16.1 3525s
H993161 737578                    79266.443135    0.00000   100%  16.1 3527s
 993546 737991 15678.2816 1061  256 79266.4431    0.00000   100%  16.1 3530s
 996708 741458 15889.5612 3541  255 79266.4431    0.00000   100%  16.0 3535s
 999237 743744 21152.6133  611  264 79266.4431    0.00000   100%  16.0 3540s
 1001775 746112 23696.3336 2424  259 79266.4431    0.00000   100%  16.0 3545s
 1004525 748214    0.00000  396  227 79266.4431    0.00000   100%  15.9 3550s
H1005198 748762                    79213.244180    0.00000   100%  16.0 3554s
 1005390 748998 62348.8790  579  312 79213.2442    0.00000   100%  16.0 3555s
 1006473 749516    0.00000  438  231 79213.2442    0.00000   100%  16.0 3560s
 1007302 750190    0.00000  610  249 79213.2442    0.00000   100%  16.0 3565s
 1008413 750863    0.00000  411  292 79213.2442    0.00000   100%  16.0 3570s
 1009134 751371 5901.61165  596  291 79213.2442    0.00000   100%  16.0 3575s
 1009882 751655 infeasible  431      79213.2442    0.00000   100%  16.1 3580s
 1011636 754090 4442.17508  509  236 79213.2442    0.00000   100%  16.1 3585s
H1013858 755724                    79160.045225    0.00000   100%  16.0 3589s
 1014215 756295 5037.40084 1752  229 79160.0452    0.00000   100%  16.0 3590s
H1015369 757318                    79106.846270    0.00000   100%  16.0 3593s
 1016028 757802 5037.40084 2537  228 79106.8463    0.00000   100%  16.0 3595s
H1016803 758684                    79053.647315    0.00000   100%  16.0 3597s
 1017930 759484 5037.40084 3856  229 79053.6473    0.00000   100%  16.0 3600s
H1018075 759445                    79000.448360    0.00000   100%  16.0 3600s

Cutting planes:
  Gomory: 1
  Implied bound: 19
  MIR: 89
  StrongCG: 1
  Flow cover: 7
  Relax-and-lift: 1

Explored 1018161 nodes (16281825 simplex iterations) in 3600.28 seconds (1725.93 work units)
Thread count was 2 (of 24 available processors)

Solution count 10: 79000.4 79053.6 79106.8 ... 79671.3

Time limit reached
Best objective 7.900044835977e+04, best bound 0.000000000000e+00, gap 100.0000%
