
Gurobi 11.0.3 (linux64, Java) logging started qui 05 dez 2024 10:50:02 -03

Set parameter Username
Academic license - for non-commercial use only - expires 2025-10-10
Set parameter NonConvex to value 2
Set parameter TimeLimit to value 3600
Set parameter LogToConsole to value 0
Set parameter MIPGap to value 7.7716481645149384e-08
Set parameter Threads to value 2
Set parameter NodefileDir to value "/home/ps12398/experiment_hosp/goalProgrammingMarcos/"
Set parameter NodefileStart to value 1
Gurobi Optimizer version 11.0.3 build v11.0.3rc0 (linux64)

CPU model: Intel(R) Xeon(R) CPU           X5650  @ 2.67GHz, instruction set [SSE2]
Thread count: 12 physical cores, 24 logical processors, using up to 2 threads

Optimize a model with 149791 rows, 101033 columns and 647494 nonzeros
Model fingerprint: 0x1f2ace2a
Model has 229 quadratic constraints
Variable types: 50406 continuous, 50627 integer (224 binary)
Coefficient statistics:
  Matrix range     [4e-03, 4e+06]
  QMatrix range    [4e-03, 7e+04]
  QLMatrix range   [1e+00, 7e+04]
  Objective range  [1e+00, 3e+07]
  Bounds range     [1e+00, 1e+08]
  RHS range        [1e+00, 2e+06]
Presolve removed 148315 rows and 99311 columns
Presolve time: 0.61s
Presolved: 2990 rows, 2186 columns, 193518 nonzeros
Presolved model has 2 SOS constraint(s)
Presolved model has 224 bilinear constraint(s)

Solving non-convex MIQCP

Variable types: 796 continuous, 1390 integer (226 binary)
Found heuristic solution: objective 1.261474e+07

Root relaxation: objective 5.431815e+05, 535 iterations, 0.19 seconds (0.06 work units)

    Nodes    |    Current Node    |     Objective Bounds      |     Work
 Expl Unexpl |  Obj  Depth IntInf | Incumbent    BestBd   Gap | It/Node Time

     0     0 543181.523    0  357 1.2615e+07 543181.523  95.7%     -    2s
H    0     0                    1.256421e+07 543181.523  95.7%     -    3s
     0     0 638107.192    0  417 1.2564e+07 638107.192  94.9%     -    3s
H    0     0                    1.212176e+07 640359.603  94.7%     -    3s
     0     0 866888.080    0  456 1.2122e+07 866888.080  92.8%     -    4s
     0     0 1200173.61    0  498 1.2122e+07 1200173.61  90.1%     -    6s
H    0     0                    1.209405e+07 1203339.65  90.1%     -    6s
     0     0 1288716.75    0  556 1.2094e+07 1288716.75  89.3%     -    6s
     0     0 1755187.79    0  570 1.2094e+07 1755187.79  85.5%     -   10s
H    0     0                    6200163.1112 1757009.09  71.7%     -   10s
     0     0 1759718.59    0  572 6200163.11 1759718.59  71.6%     -   10s
     0     0 1807206.95    0  610 6200163.11 1807206.95  70.9%     -   14s
     0     0 1825838.16    0  612 6200163.11 1825838.16  70.6%     -   15s
     0     0 1835449.53    0  614 6200163.11 1835449.53  70.4%     -   16s
     0     0 1836755.49    0  632 6200163.11 1836755.49  70.4%     -   17s
     0     0 1844057.78    0  635 6200163.11 1844057.78  70.3%     -   17s
     0     0 1847236.50    0  618 6200163.11 1847236.50  70.2%     -   17s
     0     0 1847540.79    0  666 6200163.11 1847540.79  70.2%     -   18s
     0     0 1847753.37    0  670 6200163.11 1847753.37  70.2%     -   19s
     0     0 1847753.37    0  674 6200163.11 1847753.37  70.2%     -   19s
     0     0 1847822.56    0  674 6200163.11 1847822.56  70.2%     -   20s
     0     2 1847827.23    0  674 6200163.11 1847827.23  70.2%     -   22s
    23    26 1931008.49    7  543 6200163.11 1871278.55  69.8%  58.3   25s
    59    65 2153493.20   18  513 6200163.11 1871278.55  69.8%  66.3   30s
   103   115 2385980.47   33  457 6200163.11 1871278.55  69.8%  63.3   35s
   185   194 2727072.41   62  391 6200163.11 1871278.55  69.8%  55.0   40s
H  188   194                    5738917.0672 1871278.55  67.4%  54.4   40s
   268   280 3294429.52   85  370 5738917.07 1871278.55  67.4%  54.2   45s
   374   434 3693034.17  101  359 5738917.07 1871278.55  67.4%  47.2   51s
   538   601 3718671.78  165  353 5738917.07 1871278.55  67.4%  34.6   55s
   719   789 3735375.51  235  349 5738917.07 1871278.55  67.4%  27.0   60s
   930  1008 3737656.94  337  349 5738917.07 1871278.55  67.4%  21.2   66s
  1060  1137 3739185.78  398  348 5738917.07 1871278.55  67.4%  18.7   70s
H 1247  1304                    5738511.9158 1871278.55  67.4%  16.2   74s
  1303  1389 3757027.40  538  337 5738511.92 1871278.55  67.4%  15.5   75s
H 1487  1562                    5738497.1111 1871278.55  67.4%  13.8   79s
H 1528  1562                    5736297.4119 1871278.55  67.4%  13.4   79s
  1561  1668 3760202.71  676  337 5736297.41 1871278.55  67.4%  13.2   81s
  1848  1914 3763534.24  819  340 5736297.41 1871278.55  67.4%  11.4   86s
H 1882  1914                    5707535.7964 1871278.55  67.2%  11.3   86s
H 2078  2128                    5613482.1537 1871278.55  66.7%  10.5   89s
  2127  2247 3775601.54  951  337 5613482.15 1871278.55  66.7%  10.3   91s
  2523  2666 3798313.36 1143  327 5613482.15 1871278.55  66.7%   9.1   96s
H 2791  2796                    5587403.0474 1871278.55  66.5%   8.6   98s
  2795  2939 3801641.19 1291  327 5587403.05 1871278.55  66.5%   8.6  100s
  3158  3268 3808726.50 1476  320 5587403.05 1871278.55  66.5%   7.8  105s
H 3263  3268                    5519533.4247 1871278.55  66.1%   7.8  105s
  3510  3639 3836084.79 1631  310 5519533.42 1871278.55  66.1%   7.7  111s
  3639  3640 3739173.10  397  471 5519533.42 1871278.55  66.1%   7.5  122s
H 3640  3458                    5420965.3690 1871278.55  65.5%   7.5  123s
  3647  3462 3524135.22 1411  486 5420965.37 2015547.92  62.8%   7.5  125s
  3667  3476 3504316.56 1287  540 5420965.37 2193791.50  59.5%   7.5  130s
H 3675  3307                    5152683.0058 2229899.32  56.7%   7.5  132s
  3688  3316 3765263.26  892  563 5152683.01 2242491.99  56.5%   7.4  135s
H 3707  3160                    4904105.6192 2245078.51  54.2%   7.4  138s
H 3713  3007                    4820882.1336 2245078.51  53.4%  11.2  139s
  3715  3008 3464162.07  859  351 4820882.13 2245078.51  53.4%  11.2  140s
  3731  3019 3736563.49  288  577 4820882.13 2255859.43  53.2%  11.2  145s
H 3732  2868                    4712331.9063 2256354.00  52.1%  11.2  146s
  3740  2874 3449912.50  680  598 4712331.91 2256781.59  52.1%  11.2  150s
  3767  2895 2297684.75   34  667 4712331.91 2276989.80  51.7%  16.6  155s
H 3768  2750                    4698385.0226 2276989.80  51.5%  16.6  155s
  3859  2818 2611467.56   61  433 4698385.02 2279634.77  51.5%  21.5  160s
H 3864  2679                    4695452.4272 2279634.77  51.5%  21.5  160s
  3982  2769 3178583.96  101  344 4695452.43 2279634.77  51.5%  23.4  165s
  4251  2983 3181189.11  194  328 4695452.43 2279634.77  51.5%  23.3  170s
H 4277  2844                    4661409.3964 2279634.77  51.1%  23.2  170s
H 4301  2770                    4631700.6154 2279634.77  50.8%  23.3  170s
H 4357  2690                    4629645.1377 2279634.77  50.8%  23.1  171s
H 4414  2578                    4482894.8359 2279634.77  49.1%  22.9  172s
  5005  3072 3201022.86  366  296 4482894.84 2279634.77  49.1%  21.1  175s
H 5597  3373                    4346643.9501 2279634.77  47.6%  19.7  177s
H 6707  3903                    4293470.6616 2279634.77  46.9%  16.9  180s
H 7758  4624                    4281307.4084 2279634.77  46.8%  15.0  183s
  8197  5081 3213099.67 1099  251 4281307.41 2279634.77  46.8%  14.4  185s
 10514  7106 3221013.21 1771  237 4281307.41 2279634.77  46.8%  12.6  190s
 11793  8223 3221929.70 2240  228 4281307.41 2279634.77  46.8%  12.1  195s
 13012  9274 3598605.07 2702  304 4281307.41 2279634.77  46.8%  11.8  201s
 13652  9989 3263204.56 2857  222 4281307.41 2279634.77  46.8%  13.1  205s
H13711  9741                    4184466.6374 2279634.77  45.5%  13.1  205s
 14259 10247 3270104.91 3098  222 4184466.64 2279634.77  45.5%  15.0  210s
H14775 10867                    4184364.7276 2279634.77  45.5%  15.6  213s
 15034 11177 3271296.83 3194  222 4184364.73 2279634.77  45.5%  15.7  215s
H16393 12484                    4174182.0681 2279634.77  45.4%  14.9  219s
 16532 12881 3278063.60 3473  223 4174182.07 2279634.77  45.4%  14.8  220s
H17610 13730                    4171816.9025 2279634.77  45.4%  14.4  223s
H17685 13382                    4116773.9785 2279634.77  44.6%  14.3  223s
 18129 14061 3280935.23 3876  222 4116773.98 2279634.77  44.6%  14.1  225s
H18461 14179                    4109379.3283 2279634.77  44.5%  13.9  226s
H18543 14177                    4103742.9603 2279634.77  44.4%  13.9  226s
 19408 15193 3289571.90 4286  221 4103742.96 2279634.77  44.4%  13.8  230s
H19944 15618                    4102996.3439 2279634.77  44.4%  13.7  232s
 20917 16661 3288475.79 4701  225 4102996.34 2279634.77  44.4%  13.2  235s
H21903 17670                    4082455.7194 2279634.77  44.2%  13.1  238s
 22395 18201 3308734.29 4938  222 4082455.72 2279634.77  44.2%  12.8  240s
 23466 19112 3368638.07 5135  228 4082455.72 2279634.77  44.2%  12.9  245s
 24112 19607 4036491.48 5367  241 4082455.72 2279634.77  44.2%  13.4  250s
H24669 19621                    4074104.2932 2280633.52  44.0%  13.5  254s
 24708 19677 2340441.15   44  615 4074104.29 2280633.52  44.0%  13.7  255s
H24830 19066                    4030851.3806 2280633.52  43.4%  14.2  257s
 24927 19141 3407069.07   84  561 4030851.38 2280633.52  43.4%  14.5  260s
H24982 19193                    4030845.8986 2280633.52  43.4%  14.7  262s
 25099 19289 2324626.34   31  669 4030845.90 2284634.30  43.3%  14.9  265s
H25155 19344                    4030844.5304 2284634.30  43.3%  15.5  268s
 25199 19391 2522589.46   52  528 4030844.53 2284634.30  43.3%  15.7  270s
 25605 19949 3207600.48  171  324 4030844.53 2284634.30  43.3%  16.1  275s
 26302 20637 3265179.37  479  294 4030844.53 2284634.30  43.3%  15.9  280s
 26982 21225 3853062.17  801  327 4030844.53 2284634.30  43.3%  15.8  285s
 27704 22079 3890261.07 1122  293 4030844.53 2284634.30  43.3%  15.7  290s
 28844 23075 3917419.81 1612  267 4030844.53 2284634.30  43.3%  15.6  295s
 29725 24112 3920572.33 2015  249 4030844.53 2284634.30  43.3%  15.5  300s
 31570 26178 3930188.46 2592  246 4030844.53 2284634.30  43.3%  14.8  305s
H32436 26526                    4026588.5764 2284634.30  43.3%  14.5  306s
 33141 27386 3936596.86 3018  244 4026588.58 2284634.30  43.3%  14.5  310s
H33329 27369                    4026002.4654 2284634.30  43.3%  14.4  310s
 33855 28100 3938771.20 3276  244 4026002.47 2284634.30  43.3%  14.4  315s
H34296 28390                    4025957.5031 2284634.30  43.3%  14.3  317s
 34603 29060 3946088.39 3425  215 4025957.50 2284634.30  43.3%  14.2  320s
 36540 31020 3949838.22 3850  250 4025957.50 2284634.30  43.3%  13.7  325s
H37523 31603                    4025932.1315 2284634.30  43.3%  13.4  327s
 38170 32417 3949891.53 4362  212 4025932.13 2284634.30  43.3%  13.3  330s
 39646 34033 3950030.66 4748  212 4025932.13 2284634.30  43.3%  13.0  335s
H42072 36065                    4012142.0187 2284634.30  43.1%  12.4  340s
H42075 36050                    4005461.8337 2284634.30  43.0%  12.4  340s
H43298 37378                    4005461.8330 2284634.30  43.0%  12.2  343s
 43790 37914 3956191.73 5447  210 4005461.83 2284634.30  43.0%  12.1  345s
H44539 38392                    3971738.2492 2284634.30  42.5%  12.0  348s
 44983 38896 2342811.15   38  692 3971738.25 2290887.88  42.3%  12.0  350s
 46300 40284 2578878.08  194  557 3971738.25 2290887.88  42.3%  11.8  355s
H46778 40620                    3971617.0756 2290887.88  42.3%  11.7  356s
H46780 36187                    3944475.6640 2290887.88  41.9%  11.8  356s
H47947 37498                    3943836.4409 2290887.88  41.9%  11.6  360s
 49017 38369 3172894.07  256  375 3943836.44 2290887.88  41.9%  11.5  365s
H49047 38369                    3943836.4387 2290887.88  41.9%  11.5  365s
H49672 38980                    3941687.8845 2290887.88  41.9%  11.4  368s
H49685 38816                    3939554.0994 2290887.88  41.8%  11.5  368s
 50179 39559     cutoff  281      3939554.10 2290887.88  41.8%  11.4  370s
H50730 39820                    3939554.0884 2290887.88  41.8%  11.4  372s
 52302 41596 3911097.71 1817  283 3939554.09 2290887.88  41.8%  11.2  375s
 53692 42839 2842287.34   95  374 3939554.09 2291729.76  41.8%  11.3  380s
 54752 44091 3223670.05  521  282 3939554.09 2291729.76  41.8%  11.4  385s
H55761 44384                    3938000.2037 2291729.76  41.8%  11.3  386s
 57105 46006 3225971.32 2231  282 3938000.20 2291729.76  41.8%  11.1  390s
 58841 47538 3263873.56 3687  275 3938000.20 2291729.76  41.8%  11.0  395s
H59220 47359                    3936496.4954 2291729.76  41.8%  11.0  399s
 59333 47635 3267497.60 4140  275 3936496.50 2291729.76  41.8%  11.0  400s
H60083 48214                    3936361.3581 2291729.76  41.8%  11.0  403s
 60376 48553 3272161.40 4842  250 3936361.36 2291729.76  41.8%  11.1  405s
H61149 47888                    3928205.4677 2291729.76  41.7%  11.2  409s
 61436 48413 3273076.31 4958  237 3928205.47 2291729.76  41.7%  11.2  410s
H62343 49119                    3928205.4647 2291729.76  41.7%  11.1  413s
 62677 49638 3827548.92 5004  233 3928205.46 2291729.76  41.7%  11.1  415s
H62975 49672                    3926955.3340 2291729.76  41.6%  11.1  416s
 63796 50632 3836994.00 5010  233 3926955.33 2291729.76  41.6%  11.1  420s
H64398 50917                    3923934.3125 2291729.76  41.6%  11.1  423s
 64565 51399 3867535.53 5211  312 3923934.31 2291729.76  41.6%  11.0  425s
H65712 51684                    3918333.8745 2291729.76  41.5%  10.9  428s
 66141 52211 3889021.45 5410  270 3918333.87 2291729.76  41.5%  10.8  430s
H66896 48747                    3905991.0254 2291729.76  41.3%  10.8  432s
H66958 48768                    3905905.7533 2295253.51  41.2%  10.9  433s
H66995 48794                    3905787.3157 2295253.51  41.2%  10.9  434s
 67006 48817 2565297.03   69  579 3905787.32 2295253.51  41.2%  11.0  435s
 67494 49250 2333683.90   32  719 3905787.32 2297079.23  41.2%  11.3  440s
 67816 49586 3145709.45  116  372 3905787.32 2297079.23  41.2%  11.6  445s
H68034 49883                    3905787.3145 2297079.23  41.2%  11.7  447s
 68750 50667 3847577.03  280  295 3905787.31 2297079.23  41.2%  11.6  450s
 70087 52050 2374117.96   37  617 3905787.31 2297931.29  41.2%  11.5  455s
 72231 54095 2619816.48   60  515 3905787.31 2297931.29  41.2%  11.3  460s
H72442 52254                    3892207.2388 2297931.29  41.0%  11.3  461s
 73374 53239 3059281.00   99  388 3892207.24 2297931.29  41.0%  11.2  465s
H73823 53294                    3890009.8548 2297931.29  40.9%  11.2  466s
H74637 53958                    3889775.3135 2297931.29  40.9%  11.1  470s
H75673 54926                    3889756.3050 2299653.91  40.9%  11.0  474s
H75678 53898                    3884579.7544 2299653.91  40.8%  11.0  474s
 75712 54051 2480288.31   69  582 3884579.75 2299653.91  40.8%  11.0  475s
 76863 55015 2469654.58   43  664 3884579.75 2300433.76  40.8%  11.0  480s
H76867 54461                    3881957.2905 2300433.76  40.7%  11.0  480s
H77210 54774                    3881917.1373 2302603.74  40.7%  11.2  484s
 77281 54877 2605412.39   61  483 3881917.14 2302603.74  40.7%  11.2  485s
 78207 55878 2922765.34   79  501 3881917.14 2303966.65  40.6%  11.3  490s
 79654 57206 2814902.87   75  483 3881917.14 2303966.73  40.6%  11.2  496s
H80358 57667                    3881710.2041 2304722.06  40.6%  11.3  499s
 80368 57681 2510660.30   41  662 3881710.20 2304722.06  40.6%  11.3  500s
H80443 57751                    3881605.3887 2304722.06  40.6%  11.5  503s
H80509 57772                    3881368.4124 2304722.06  40.6%  11.5  505s
H80534 55236                    3876552.3893 2304722.06  40.5%  11.5  505s
H80949 55535                    3876523.2139 2304767.30  40.5%  11.6  509s
H80961 54486                    3875044.0990 2304767.30  40.5%  11.7  509s
 80963 54510 2837403.36   60  554 3875044.10 2304767.30  40.5%  11.7  510s
H81012 54540                    3874978.7381 2304767.30  40.5%  11.7  511s
 81222 54735 3228029.29   76  531 3874978.74 2306048.05  40.5%  11.9  515s
H81389 54655                    3874586.4249 2306048.05  40.5%  12.1  518s
 81452 54727 2459312.10   55  575 3874586.42 2309383.31  40.4%  12.2  520s
H81494 54494                    3873780.8180 2309383.31  40.4%  12.2  521s
 81789 54994 3547894.46  144  338 3873780.82 2309383.31  40.4%  12.4  525s
 83520 56506 3791150.50 1657  330 3873780.82 2309383.31  40.4%  12.3  530s
 84794 57746 3695842.90 2793  278 3873780.82 2309383.31  40.4%  12.3  536s
 85361 58721 3696542.34 3314  278 3873780.82 2309383.31  40.4%  12.3  540s
 87321 60475 3698097.44 4390  276 3873780.82 2309383.31  40.4%  12.0  545s
 88290 61261 3700191.17 5189  263 3873780.82 2309383.31  40.4%  12.0  550s
 89311 62475 3716908.67 5875  242 3873780.82 2309383.31  40.4%  11.9  555s
 90888 64054 3727993.87 7395  241 3873780.82 2309383.31  40.4%  11.8  560s
 92544 65555 3737317.55 8909  231 3873780.82 2309383.31  40.4%  11.7  565s
H93397 65738                    3871755.8223 2309383.31  40.4%  11.6  568s
 94484 66808 3739981.79 10130  226 3871755.82 2309383.31  40.4%  11.6  570s
 95483 67902 3755405.66 10576  226 3871755.82 2309383.31  40.4%  11.6  575s
H95698 64943                    3863858.7068 2309383.31  40.2%  11.6  575s
H96662 65890                    3863661.3266 2309383.31  40.2%  11.5  577s
 97289 66631 3769059.00 12278  227 3863661.33 2309383.31  40.2%  11.4  580s
H97586 66715                    3863558.4964 2309383.31  40.2%  11.4  580s
H97732 66360                    3863128.9836 2309383.31  40.2%  11.4  580s
H98661 67149                    3862961.3738 2309383.31  40.2%  11.4  584s
 98758 67458 3781485.43 13059  224 3862961.37 2309383.31  40.2%  11.4  585s
 99992 68396 3790264.76 13883  222 3862961.37 2309383.31  40.2%  11.3  590s
 100678 69256 3802364.45 14028  223 3862961.37 2309383.31  40.2%  11.3  595s
 101979 70368 2455889.49   39  676 3862961.37 2320206.92  39.9%  11.3  600s
H102434 68363                    3858866.5061 2320206.92  39.9%  11.2  602s
 103313 69326 infeasible  108      3858866.51 2320597.17  39.9%  11.2  605s
H103572 69402                    3858397.1684 2320597.17  39.9%  11.2  606s
H104732 70602                    3858397.1507 2320597.17  39.9%  11.1  609s
 104898 70797 2619724.42   76  522 3858397.15 2320597.17  39.9%  11.1  610s
 106147 72084 3189760.78  133  375 3858397.15 2320597.17  39.9%  11.1  615s
H106672 72500                    3857749.9569 2320597.17  39.8%  11.0  617s
 107953 73512 3615346.66  809  277 3857749.96 2320597.17  39.8%  10.9  620s
H108656 72977                    3846106.3247 2320597.17  39.7%  10.9  622s
 110043 73934 3617158.56 2208  277 3846106.32 2320597.17  39.7%  10.8  626s
H110168 73934                    3846106.3027 2320597.17  39.7%  10.8  626s
 111439 75170 3618671.66 3365  275 3846106.30 2320597.17  39.7%  10.7  630s
H112167 75601                    3845067.3510 2320597.17  39.6%  10.7  634s
 112280 75774 3619662.23 4132  275 3845067.35 2320597.17  39.6%  10.7  635s
 113748 77222 3629737.45 5535  271 3845067.35 2320597.17  39.6%  10.6  640s
 115025 78540 3636882.76 6659  259 3845067.35 2320597.17  39.6%  10.5  646s
 116472 80116 3646612.21 7973  259 3845067.35 2320597.17  39.6%  10.5  650s
 118143 81571 3655584.59 9251  246 3845067.35 2320597.17  39.6%  10.4  655s
 119319 82687 3659374.36 9747  225 3845067.35 2320597.17  39.6%  10.3  660s
 120237 83516 3662018.69 10395  221 3845067.35 2320597.17  39.6%  10.4  666s
 121043 84490 3665603.60 10957  223 3845067.35 2320597.17  39.6%  10.4  670s
 122384 85610 3677398.33 12038  223 3845067.35 2320597.17  39.6%  10.4  675s
 123109 86194 2452966.88   42  622 3845067.35 2323708.23  39.6%  10.4  680s
 123621 86802 2645877.70   51  595 3845067.35 2324287.50  39.6%  10.6  685s
 125040 88053 3084175.95  111  449 3845067.35 2324287.50  39.6%  10.5  690s
 125364 88395 3393593.89  152  364 3845067.35 2324287.50  39.6%  10.5  695s
 126400 89638 2468191.62   37  665 3845067.35 2325895.22  39.5%  10.5  700s
 127685 90470 3809557.01  397  281 3845067.35 2325979.24  39.5%  10.5  705s
H127771 89993                    3841711.8708 2325979.24  39.5%  10.6  706s
H128098 90348                    3841686.6495 2327595.48  39.4%  10.7  709s
 128306 90484 2697316.75   52  622 3841686.65 2327595.48  39.4%  10.7  711s
H128315 90624                    3841686.6278 2327595.48  39.4%  10.7  711s
 129020 91336 2580335.16   42  694 3841686.63 2327794.30  39.4%  10.7  715s
H129566 91653                    3841146.2822 2327794.30  39.4%  10.8  718s
 129740 91836 3224295.73   84  503 3841146.28 2327794.30  39.4%  10.8  720s
H129753 81657                    3809890.1597 2327794.30  38.9%  10.8  720s
H129919 81422                    3806178.4791 2327794.35  38.8%  10.8  721s
H130192 81132                    3799337.7312 2327794.35  38.7%  10.9  723s
 130347 81254 2755584.47   54  597 3799337.73 2327794.35  38.7%  10.8  726s
H130810 81158                    3796549.8874 2328302.75  38.7%  10.9  729s
 130814 81167 2405342.98   39  662 3796549.89 2328302.75  38.7%  10.9  730s
H130972 81159                    3791907.8081 2328302.91  38.6%  10.9  733s
 131314 81650 2698303.69   53  580 3791907.81 2328302.91  38.6%  10.9  735s
H132525 81636                    3784430.2773 2328515.39  38.5%  10.9  739s
 132619 81940 2503320.27   39  610 3784430.28 2328515.39  38.5%  10.9  741s
 133729 82922 2915626.31   47  634 3784430.28 2328515.39  38.5%  10.9  745s
H134073 83046                    3784237.6430 2328515.39  38.5%  10.8  746s
 134199 83133 3748592.39   65  545 3784237.64 2328515.39  38.5%  10.9  750s
 134393 83300 3146145.06   59  529 3784237.64 2328769.41  38.5%  11.1  755s
 134825 83656 3417244.20   80  466 3784237.64 2328991.31  38.5%  11.2  760s
 135508 84383 3680539.39  297  301 3784237.64 2329064.01  38.5%  11.2  766s
 136698 85711 3764827.02  749  322 3784237.64 2329064.01  38.5%  11.1  771s
H137042 85421                    3781442.0098 2329064.01  38.4%  11.1  772s
 137492 85898 2488546.07   47  653 3781442.01 2329064.01  38.4%  11.1  775s
H138063 85905                    3780430.1023 2330039.72  38.4%  11.2  779s
 138071 85933 2458798.50   45  696 3780430.10 2330039.72  38.4%  11.2  780s
H138103 85778                    3779502.6574 2330039.72  38.4%  11.2  780s
H138210 85857                    3779422.6087 2330039.72  38.3%  11.3  782s
 138334 85922 2541282.61   47  567 3779422.61 2330046.29  38.3%  11.3  785s
H138346 85910                    3779305.1501 2330046.29  38.3%  11.3  785s
 138626 86482 3474958.32  143  342 3779305.15 2330046.29  38.3%  11.4  790s
H139367 87117                    3778997.4874 2330046.29  38.3%  11.4  792s
 139847 87874 3495279.24  631  285 3778997.49 2330046.29  38.3%  11.4  795s
H140370 84057                    3763327.1385 2330046.29  38.1%  11.4  796s
 140819 84791 3508429.52 1126  257 3763327.14 2330046.29  38.1%  11.3  800s
 142517 86376 3512429.79 1903  243 3763327.14 2330046.29  38.1%  11.2  805s
 144037 87780 3562262.96 2174  226 3763327.14 2330046.29  38.1%  11.2  810s
H144434 87824                    3762883.1389 2330046.29  38.1%  11.2  811s
 145424 88372 2384948.15   39  678 3762883.14 2330107.74  38.1%  11.2  815s
H145429 87518                    3759395.3166 2330107.74  38.0%  11.2  815s
H145568 86231                    3750826.1296 2330107.74  37.9%  11.3  818s
 145651 86328 3158749.34   74  452 3750826.13 2330107.74  37.9%  11.3  820s
H145670 86328                    3750823.8481 2330107.74  37.9%  11.3  820s
H145794 86420                    3750790.2628 2330966.70  37.9%  11.4  823s
 145881 86569 3174595.24   85  445 3750790.26 2330966.70  37.9%  11.4  825s
 146225 86795 2538296.44   51  639 3750790.26 2331071.89  37.9%  11.6  830s
H146506 86240                    3741439.8939 2331149.66  37.7%  11.7  833s
 146551 86308 2966689.71   85  512 3741439.89 2331149.66  37.7%  11.7  835s
 147263 87392 2435835.91   42  691 3741439.89 2332156.62  37.7%  11.8  840s
 148898 89156 3581467.05  156  358 3741439.89 2332156.62  37.7%  11.7  845s
 152069 91932     cutoff 1508      3741439.89 2332156.62  37.7%  11.5  850s
 153352 93154 3055817.10   79  436 3741439.89 2332156.62  37.7%  11.4  855s
 154699 94432 2881685.88   62  562 3741439.89 2332610.64  37.7%  11.4  860s
 155810 95804 3670357.97  361  286 3741439.89 2332610.64  37.7%  11.4  865s
 159377 98914 3682102.66 2246  258 3741439.89 2332610.64  37.7%  11.2  870s
H159380 98914                    3741439.8913 2332610.64  37.7%  11.2  870s
 161214 100816     cutoff 3040      3741439.89 2332610.64  37.7%  11.1  875s
 162376 101851 2682600.54   63  558 3741439.89 2332682.14  37.7%  11.1  880s
 164017 103535 2629760.61   58  576 3741439.89 2332685.17  37.7%  11.0  885s
 166063 105630 3519833.45  814  295 3741439.89 2332685.17  37.7%  10.9  890s
 168772 108306 3526268.45 2459  263 3741439.89 2332685.17  37.7%  10.8  895s
 171186 110729 3528029.66 4047  262 3741439.89 2332685.17  37.7%  10.7  900s
 173844 113052 3529738.85 5580  261 3741439.89 2332685.17  37.7%  10.5  905s
 175438 114592 3534027.21 7031  259 3741439.89 2332685.17  37.7%  10.5  910s
 177252 116368 3543897.80 8721  250 3741439.89 2332685.17  37.7%  10.4  915s
 179599 118789 3554171.50 10241  249 3741439.89 2332685.17  37.7%  10.4  920s
 181556 120804 3560217.97 11306  242 3741439.89 2332685.17  37.7%  10.3  925s
 183325 122057 3560632.50 11969  241 3741439.89 2332685.17  37.7%  10.2  930s
 185510 124238 3564287.54 13145  237 3741439.89 2332685.17  37.7%  10.1  935s
 187338 125723 3580844.58 14026  229 3741439.89 2332685.17  37.7%  10.0  940s
 188063 126070 2536128.43   51  659 3741439.89 2333113.21  37.6%  10.1  945s
 188515 126482 2899211.00   79  411 3741439.89 2333113.21  37.6%  10.2  950s
 189021 126875 2466776.84   48  642 3741439.89 2333261.32  37.6%  10.3  955s
 189353 127251 2666713.84   50  656 3741439.89 2333304.08  37.6%  10.4  960s
 190426 128404 2845110.95   70  577 3741439.89 2333304.08  37.6%  10.4  965s
 191157 128843 2601739.31   55  573 3741439.89 2333511.70  37.6%  10.4  970s
 192664 130493 2753968.79   62  520 3741439.89 2333562.47  37.6%  10.4  975s
 194609 132293     cutoff  217      3741439.89 2333569.38  37.6%  10.4  980s
 195221 132780 2820534.53   65  537 3741439.89 2333650.24  37.6%  10.5  985s
 196354 133947 2448498.23   51  607 3741439.89 2333657.40  37.6%  10.4  990s
 198564 136212 3711655.66  367  320 3741439.89 2333657.40  37.6%  10.4  995s
 199952 137385 2617329.31   52  613 3741439.89 2333698.28  37.6%  10.3 1000s
 200785 138180 2381843.37   39  695 3741439.89 2333801.87  37.6%  10.3 1005s
 201898 139335 2573219.75   51  596 3741439.89 2333801.87  37.6%  10.3 1010s
 203254 140668 3522066.39  110  359 3741439.89 2333807.42  37.6%  10.3 1015s
 204242 141672 3090806.88  102  428 3741439.89 2333807.42  37.6%  10.3 1020s
 205576 142911 2525466.75   41  660 3741439.89 2333943.72  37.6%  10.3 1025s
 206052 143188 3585135.26   74  497 3741439.89 2333943.72  37.6%  10.4 1030s
 206624 143686 3391072.96  104  454 3741439.89 2334840.83  37.6%  10.4 1035s
 206899 143911 2581022.51   56  568 3741439.89 2335069.76  37.6%  10.5 1040s
 207412 144548 3263621.11   91  421 3741439.89 2335380.93  37.6%  10.6 1045s
 208946 146149 2827015.89   86  503 3741439.89 2335439.62  37.6%  10.6 1050s
 210628 147463 3652463.30  127  405 3741439.89 2335553.68  37.6%  10.6 1055s
 210849 147607 2387030.75   38  630 3741439.89 2335776.68  37.6%  10.7 1060s
 211386 148313 3454085.95  321  291 3741439.89 2336075.67  37.6%  10.8 1065s
 213069 150373 3506283.59 1018  226 3741439.89 2336075.67  37.6%  10.7 1070s
 215753 152430 3589765.00 1530  221 3741439.89 2336075.67  37.6%  10.6 1075s
 217279 153665     cutoff 1801      3741439.89 2336075.67  37.6%  10.6 1080s
 219036 155043 3603910.97 2040  220 3741439.89 2336075.67  37.6%  10.5 1085s
 220716 156338 2434059.01   43  639 3741439.89 2336639.60  37.5%  10.4 1090s
 221305 156796 2539364.89   44  679 3741439.89 2336924.19  37.5%  10.5 1095s
 221634 157011 2371266.15   44  708 3741439.89 2337744.41  37.5%  10.7 1100s
 221894 157270 2879223.74   84  456 3741439.89 2337775.94  37.5%  10.8 1105s
 222270 157646 2575148.18   56  541 3741439.89 2338026.62  37.5%  10.9 1110s
 222728 157912 3532648.39  106  488 3741439.89 2338120.09  37.5%  10.9 1115s
 223133 158214 2576978.70   54  601 3741439.89 2338970.23  37.5%  11.1 1120s
 223595 158798 3419031.99  248  302 3741439.89 2338970.23  37.5%  11.2 1125s
 224484 159682 3448672.57  635  231 3741439.89 2338970.23  37.5%  11.2 1130s
 225347 160469 3458901.24 1041  223 3741439.89 2338970.23  37.5%  11.2 1135s
 225673 160624 3024284.67   68  537 3741439.89 2340287.82  37.4%  11.3 1140s
 225913 160827 3295899.84   98  466 3741439.89 2340305.63  37.4%  11.4 1145s
 226454 161606 3600816.73  361  284 3741439.89 2340305.63  37.4%  11.5 1150s
 227732 162875 3602533.73 1532  275 3741439.89 2340305.63  37.4%  11.5 1156s
 228656 163728 3647710.01 2384  256 3741439.89 2340305.63  37.4%  11.4 1160s
 229866 164703     cutoff 3485      3741439.89 2340305.63  37.4%  11.4 1165s
 230850 165795 3682452.35 3837  245 3741439.89 2340305.63  37.4%  11.4 1170s
 232456 167145     cutoff 3982      3741439.89 2342042.08  37.4%  11.4 1175s
 234201 168926 3355046.60  120  430 3741439.89 2342235.24  37.4%  11.4 1180s
 235523 170138 3342260.15   90  455 3741439.89 2342251.14  37.4%  11.4 1185s
 236735 171345 2560484.83   55  535 3741439.89 2342251.14  37.4%  11.3 1190s
 238385 173291 3417517.06  549  322 3741439.89 2342251.14  37.4%  11.3 1195s
 240748 175442 3522330.96 1415  283 3741439.89 2342251.14  37.4%  11.2 1200s
 242142 176590 3526920.60 2382  244 3741439.89 2342251.14  37.4%  11.2 1205s
 243654 178061 3679855.70 3741  224 3741439.89 2342251.14  37.4%  11.1 1210s
 245523 179873 3712117.92 4990  226 3741439.89 2342251.14  37.4%  11.1 1215s
 246199 180224 2749316.68   71  506 3741439.89 2342773.44  37.4%  11.2 1220s
 246607 180550 2485244.20   48  588 3741439.89 2342929.76  37.4%  11.3 1225s
 247397 181554 3404382.31  546  259 3741439.89 2342929.76  37.4%  11.3 1230s
 249144 183285     cutoff 1490      3741439.89 2342929.76  37.4%  11.3 1235s
 250621 184558 3420095.19 1804  232 3741439.89 2342929.76  37.4%  11.3 1240s
 251358 185281 2511721.70   43  684 3741439.89 2343220.55  37.4%  11.3 1245s
 252655 186607 3020304.43   77  542 3741439.89 2343220.55  37.4%  11.3 1250s
 253326 186956 2576643.79   43  565 3741439.89 2343433.64  37.4%  11.4 1255s
 253716 187254 2519691.34   45  635 3741439.89 2343628.44  37.4%  11.4 1260s
 254074 187544 2463348.02   50  642 3741439.89 2343919.56  37.4%  11.5 1265s
 254348 187964 2602696.90   41  574 3741439.89 2344334.32  37.3%  11.6 1270s
 255539 189237 3103174.75   82  393 3741439.89 2344334.32  37.3%  11.6 1276s
 256635 190172 3705821.61  181  334 3741439.89 2344334.32  37.3%  11.6 1280s
 257898 190808 2501575.12   50  576 3741439.89 2344729.90  37.3%  11.6 1285s
 258330 191155 2372766.55   37  766 3741439.89 2345597.97  37.3%  11.7 1290s
 258441 191278 2655059.04   55  549 3741439.89 2345597.97  37.3%  11.8 1295s
 258761 191541 2504665.78   52  584 3741439.89 2345630.18  37.3%  11.9 1300s
 259234 192188 3486462.44  278  314 3741439.89 2345630.18  37.3%  11.9 1305s
 260883 193864 3507469.39 1745  257 3741439.89 2345630.18  37.3%  11.9 1310s
 262528 195502 3519410.69 3207  243 3741439.89 2345630.18  37.3%  11.9 1315s
 264158 197058 3527402.79 4371  220 3741439.89 2345630.18  37.3%  11.8 1320s
 265542 198404 3537772.29 5484  221 3741439.89 2345630.18  37.3%  11.8 1325s
 267358 200595 3555104.96 6610  223 3741439.89 2345630.18  37.3%  11.7 1330s
 269571 202585 3590958.67 7110  220 3741439.89 2345630.18  37.3%  11.7 1335s
 271430 204201 3624104.19 7439  225 3741439.89 2345630.18  37.3%  11.6 1340s
 272489 204751 3595339.10  103  388 3741439.89 2346700.66  37.3%  11.6 1345s
 272948 204990 2392295.54   36  715 3741439.89 2347073.51  37.3%  11.7 1350s
 273180 205160 2552031.30   54  560 3741439.89 2347800.91  37.2%  11.8 1355s
H273202 203171                    3738048.9515 2347800.91  37.2%  11.8 1365s
 273936 204019 3425080.36  549  294 3738048.95 2347800.91  37.2%  11.8 1370s
H274427 203466                    3734622.0940 2347800.91  37.1%  11.8 1373s
 274829 204152 3429008.88 1350  286 3734622.09 2347800.91  37.1%  11.8 1375s
H275647 204904                    3734622.0925 2347800.91  37.1%  11.8 1376s
 277068 206364 3433091.63 2706  272 3734622.09 2347800.91  37.1%  11.7 1380s
 279595 208483 3435311.51 4225  266 3734622.09 2347800.91  37.1%  11.7 1385s
 281763 210127 3437137.53 5581  267 3734622.09 2347800.91  37.1%  11.6 1390s
 283884 212343 3444633.16 7521  262 3734622.09 2347800.91  37.1%  11.5 1395s
 285073 213423 3449932.90 8646  263 3734622.09 2347800.91  37.1%  11.5 1400s
 286315 214679 3463628.87 9643  244 3734622.09 2347800.91  37.1%  11.5 1405s
 287500 215937 3491149.84 10614  234 3734622.09 2347800.91  37.1%  11.5 1410s
 288672 216956 3493554.66 11648  225 3734622.09 2347800.91  37.1%  11.5 1415s
 289733 217952 3497643.96 12283  222 3734622.09 2347800.91  37.1%  11.5 1420s
 290736 218706 3507691.13 12509  221 3734622.09 2347800.91  37.1%  11.5 1425s
 291553 219348 3521210.36 12589  221 3734622.09 2347800.91  37.1%  11.6 1430s
 292371 219728 3529803.33 12676  216 3734622.09 2347800.91  37.1%  11.6 1435s
 292692 219912 2581463.03   53  605 3734622.09 2349471.76  37.1%  11.7 1440s
 293019 220183 3671964.32  100  397 3734622.09 2349873.54  37.1%  11.8 1445s
 293340 220412 2486362.80   69  604 3734622.09 2350469.73  37.1%  11.8 1450s
 294298 221497 2468934.26   58  656 3734622.09 2350555.21  37.1%  11.8 1455s
 294833 221952 3391794.24  134  354 3734622.09 2350555.21  37.1%  11.9 1460s
 295411 222561 3258770.70  167  337 3734622.09 2350791.67  37.1%  12.0 1465s
 297038 224218 3283356.15 1609  273 3734622.09 2350791.67  37.1%  12.0 1470s
 298461 225653 3286297.35 2989  255 3734622.09 2350791.67  37.1%  11.9 1475s
 299991 227020 3299397.92 4163  235 3734622.09 2350791.67  37.1%  11.9 1480s
 300932 227989 3308205.93 4536  222 3734622.09 2350791.67  37.1%  11.9 1485s
 302233 229500 3309514.56 5017  222 3734622.09 2350791.67  37.1%  11.9 1490s
 304206 231518 3310421.58 5350  222 3734622.09 2350791.67  37.1%  11.8 1495s
 306481 233427 3311289.26 5669  222 3734622.09 2350791.67  37.1%  11.7 1500s
 307965 234682 3312851.90 6070  223 3734622.09 2350791.67  37.1%  11.7 1505s
 308823 235474 3692408.48 6362  263 3734622.09 2350791.67  37.1%  11.8 1510s
 309497 235848 2916108.94  105  490 3734622.09 2352047.51  37.0%  11.8 1515s
 309862 236165 3223261.28   92  361 3734622.09 2352102.52  37.0%  11.9 1520s
 310659 237138 3143469.43   81  522 3734622.09 2352239.25  37.0%  11.9 1525s
 312219 238710 2849976.91   78  530 3734622.09 2352293.90  37.0%  11.9 1530s
 314381 240820 2556892.34   44  693 3734622.09 2352295.25  37.0%  11.8 1535s
 316026 242538 2732819.08   58  609 3734622.09 2352295.25  37.0%  11.8 1540s
 317908 244326 3131001.89   73  523 3734622.09 2352295.25  37.0%  11.8 1545s
 319212 245486 2645825.52   56  558 3734622.09 2352301.03  37.0%  11.8 1550s

Gurobi 11.0.3 (linux64, Java) logging started qui 05 dez 2024 13:16:43 -03

Set parameter Username
Academic license - for non-commercial use only - expires 2025-10-10
Set parameter NonConvex to value 2
Set parameter TimeLimit to value 3600
Set parameter LogToConsole to value 0
Set parameter MIPGap to value 7.7716481645149384e-08
Set parameter Threads to value 2
Set parameter NodefileDir to value "/home/ps12398/experiment_hosp/goalProgrammingMarcos/"
Set parameter NodefileStart to value 1
Gurobi Optimizer version 11.0.3 build v11.0.3rc0 (linux64)

CPU model: Intel(R) Xeon(R) CPU           X5650  @ 2.67GHz, instruction set [SSE2]
Thread count: 12 physical cores, 24 logical processors, using up to 2 threads

Optimize a model with 149791 rows, 101033 columns and 647494 nonzeros
Model fingerprint: 0x1f2ace2a
Model has 229 quadratic constraints
Variable types: 50406 continuous, 50627 integer (224 binary)
Coefficient statistics:
  Matrix range     [4e-03, 4e+06]
  QMatrix range    [4e-03, 7e+04]
  QLMatrix range   [1e+00, 7e+04]
  Objective range  [1e+00, 3e+07]
  Bounds range     [1e+00, 1e+08]
  RHS range        [1e+00, 2e+06]
Presolve removed 148315 rows and 99311 columns
Presolve time: 0.45s
Presolved: 2990 rows, 2186 columns, 193518 nonzeros
Presolved model has 2 SOS constraint(s)
Presolved model has 224 bilinear constraint(s)

Solving non-convex MIQCP

Variable types: 796 continuous, 1390 integer (226 binary)
Found heuristic solution: objective 1.261474e+07

Root relaxation: objective 5.431815e+05, 535 iterations, 0.09 seconds (0.06 work units)

    Nodes    |    Current Node    |     Objective Bounds      |     Work
 Expl Unexpl |  Obj  Depth IntInf | Incumbent    BestBd   Gap | It/Node Time

     0     0 543181.523    0  357 1.2615e+07 543181.523  95.7%     -    2s
H    0     0                    1.256421e+07 543181.523  95.7%     -    2s
     0     0 638107.192    0  417 1.2564e+07 638107.192  94.9%     -    2s
H    0     0                    1.212176e+07 640359.603  94.7%     -    2s
     0     0 866888.080    0  456 1.2122e+07 866888.080  92.8%     -    2s
     0     0 1200173.61    0  498 1.2122e+07 1200173.61  90.1%     -    3s
H    0     0                    1.209405e+07 1203339.65  90.1%     -    4s
     0     0 1288716.75    0  556 1.2094e+07 1288716.75  89.3%     -    4s
     0     0 1755187.79    0  570 1.2094e+07 1755187.79  85.5%     -    6s
H    0     0                    6200163.1112 1757009.09  71.7%     -    6s
     0     0 1759718.59    0  572 6200163.11 1759718.59  71.6%     -    6s
     0     0 1807206.95    0  610 6200163.11 1807206.95  70.9%     -    8s
     0     0 1825838.16    0  612 6200163.11 1825838.16  70.6%     -    9s
     0     0 1835449.53    0  614 6200163.11 1835449.53  70.4%     -   11s
     0     0 1836755.49    0  632 6200163.11 1836755.49  70.4%     -   11s
     0     0 1844057.78    0  635 6200163.11 1844057.78  70.3%     -   12s
     0     0 1847236.50    0  618 6200163.11 1847236.50  70.2%     -   12s
     0     0 1847540.79    0  666 6200163.11 1847540.79  70.2%     -   13s
     0     0 1847753.37    0  670 6200163.11 1847753.37  70.2%     -   13s
     0     0 1847753.37    0  674 6200163.11 1847753.37  70.2%     -   13s
     0     0 1847822.56    0  674 6200163.11 1847822.56  70.2%     -   14s
     0     2 1847827.23    0  674 6200163.11 1847827.23  70.2%     -   16s
    31    34 1953041.24    9  542 6200163.11 1871278.55  69.8%  60.8   20s
    86    90 2290209.20   28  489 6200163.11 1871278.55  69.8%  62.3   25s
   145   153 2571585.16   48  388 6200163.11 1871278.55  69.8%  57.4   30s
H  188   194                    5738917.0672 1871278.55  67.4%  54.4   33s
   223   239 2961566.98   71  365 5738917.07 1871278.55  67.4%  52.9   35s
   340   375 3616138.27   95  360 5738917.07 1871278.55  67.4%  49.9   40s
   538   601 3718671.78  165  353 5738917.07 1871278.55  67.4%  34.6   46s
   719   789 3735375.51  235  349 5738917.07 1871278.55  67.4%  27.0   51s
   930  1008 3737656.94  337  349 5738917.07 1871278.55  67.4%  21.2   56s
  1136  1198 3752745.10  433  348 5738917.07 1871278.55  67.4%  17.5   61s
H 1247  1304                    5738511.9158 1871278.55  67.4%  16.2   65s
H 1487  1562                    5738497.1111 1871278.55  67.4%  13.8   71s
H 1528  1562                    5736297.4119 1871278.55  67.4%  13.4   71s
  1667  1746 3761377.00  730  338 5736297.41 1871278.55  67.4%  12.5   76s
  1848  1914 3763534.24  819  340 5736297.41 1871278.55  67.4%  11.4   80s
H 1882  1914                    5707535.7964 1871278.55  67.2%  11.3   80s
  2028  2128 3765564.58  912  336 5707535.80 1871278.55  67.2%  10.6   85s
H 2078  2128                    5613482.1537 1871278.55  66.7%  10.5   85s
  2246  2386 3780137.72 1015  331 5613482.15 1871278.55  66.7%   9.9   91s
  2523  2666 3798313.36 1143  327 5613482.15 1871278.55  66.7%   9.1   97s
H 2791  2796                    5587403.0474 1871278.55  66.5%   8.6   99s
  2795  2939 3801641.19 1291  327 5587403.05 1871278.55  66.5%   8.6  101s
  3037  3159 3807687.03 1426  322 5587403.05 1871278.55  66.5%   8.1  106s
H 3263  3268                    5519533.4247 1871278.55  66.1%   7.8  108s
  3267  3388 3818282.72 1525  324 5519533.42 1871278.55  66.1%   7.9  110s
  3639  3640 3739173.10  397  471 5519533.42 1871278.55  66.1%   7.5  123s
H 3640  3458                    5420965.3690 1871278.55  65.5%   7.5  124s
  3645  3461 3446170.24  576  428 5420965.37 1992810.96  63.2%   7.5  125s
  3671  3478 3445525.89  558  542 5420965.37 2210050.95  59.2%   7.5  130s
H 3675  3307                    5152683.0058 2229899.32  56.7%   7.5  131s
  3694  3320 3719708.53  170  578 5152683.01 2244390.82  56.4%   7.4  135s
H 3707  3160                    4904105.6192 2245078.51  54.2%   7.4  137s
H 3713  3007                    4820882.1336 2245078.51  53.4%  11.2  138s
  3721  3012 3759517.18  645  571 4820882.13 2252959.25  53.3%  11.2  140s
H 3732  2868                    4712331.9063 2256354.00  52.1%  11.2  142s
  3740  2874 3449912.50  680  598 4712331.91 2256781.59  52.1%  11.2  145s
H 3768  2750                    4698385.0226 2276989.80  51.5%  16.6  149s
  3769  2754 2300828.82   35  670 4698385.02 2276989.80  51.5%  16.8  150s
H 3864  2679                    4695452.4272 2279634.77  51.5%  21.5  154s
  3881  2709 2707498.50   68  399 4695452.43 2279634.77  51.5%  22.1  155s
  4036  2837 3179448.15  121  335 4695452.43 2279634.77  51.5%  23.4  160s
H 4277  2844                    4661409.3964 2279634.77  51.1%  23.2  163s
H 4301  2770                    4631700.6154 2279634.77  50.8%  23.3  163s
H 4357  2690                    4629645.1377 2279634.77  50.8%  23.1  164s
H 4414  2578                    4482894.8359 2279634.77  49.1%  22.9  165s
H 5597  3373                    4346643.9501 2279634.77  47.6%  19.7  170s
H 6707  3903                    4293470.6616 2279634.77  46.9%  16.9  173s
  7206  4481 3218434.99  843  256 4293470.66 2279634.77  46.9%  16.0  175s
H 7758  4624                    4281307.4084 2279634.77  46.8%  15.0  176s
  9012  5547 3215080.68 1311  250 4281307.41 2279634.77  46.8%  13.6  180s
 10514  7106 3221013.21 1771  237 4281307.41 2279634.77  46.8%  12.6  185s
 12422  8956 3224952.00 2512  228 4281307.41 2279634.77  46.8%  12.0  190s
 13122  9438 3262720.82 2723  222 4281307.41 2279634.77  46.8%  12.1  195s
H13711  9741                    4184466.6374 2279634.77  45.5%  13.1  198s
 13900  9891 3268444.08 2963  223 4184466.64 2279634.77  45.5%  13.3  200s
 14337 10357 3270361.06 3119  223 4184466.64 2279634.77  45.5%  15.3  205s
H14775 10867                    4184364.7276 2279634.77  45.5%  15.6  207s
 15404 11701 3271594.81 3218  222 4184364.73 2279634.77  45.5%  15.6  210s
H16393 12484                    4174182.0681 2279634.77  45.4%  14.9  212s
 17108 13259 3287102.68 3602  221 4174182.07 2279634.77  45.4%  14.5  215s
H17610 13730                    4171816.9025 2279634.77  45.4%  14.4  216s
H17685 13382                    4116773.9785 2279634.77  44.6%  14.3  216s
H18461 14179                    4109379.3283 2279634.77  44.5%  13.9  220s
H18543 14177                    4103742.9603 2279634.77  44.4%  13.9  220s
 19853 15618 3282957.29 4437  222 4103742.96 2279634.77  44.4%  13.7  225s
H19944 15618                    4102996.3439 2279634.77  44.4%  13.7  225s
 21178 16993 3299790.26 4764  240 4102996.34 2279634.77  44.4%  13.3  230s
H21903 17670                    4082455.7194 2279634.77  44.2%  13.1  232s
 22982 18651 3345079.13 5051  235 4082455.72 2279634.77  44.2%  12.8  235s
 23794 19338 3382855.04 5216  221 4082455.72 2279634.77  44.2%  13.3  240s
 24583 19623 4053540.38 5593  234 4082455.72 2280633.52  44.1%  13.4  245s
H24669 19621                    4074104.2932 2280633.52  44.0%  13.5  246s
H24830 19066                    4030851.3806 2280633.52  43.4%  14.2  249s
 24842 19093 3180060.23   64  580 4030851.38 2280633.52  43.4%  14.3  250s
H24982 19193                    4030845.8986 2280633.52  43.4%  14.7  254s
 25010 19240 3669781.34  114  433 4030845.90 2280633.52  43.4%  14.8  255s
 25150 19344 2448287.47   42  612 4030845.90 2284634.30  43.3%  15.5  260s
H25155 19344                    4030844.5304 2284634.30  43.3%  15.5  260s
 25393 19642 3045183.41   88  393 4030844.53 2284634.30  43.3%  16.1  265s
 25931 20247 3246466.40  300  322 4030844.53 2284634.30  43.3%  16.0  270s
 26779 21073 3825736.30  706  348 4030844.53 2284634.30  43.3%  15.9  275s
 27492 21849 3877076.96 1025  300 4030844.53 2284634.30  43.3%  15.8  280s
 28461 22790 3903545.29 1437  262 4030844.53 2284634.30  43.3%  15.6  285s
 29310 23591 3917195.27 1831  250 4030844.53 2284634.30  43.3%  15.6  290s
 30423 25087 3928356.07 2302  247 4030844.53 2284634.30  43.3%  15.3  295s
H32436 26526                    4026588.5764 2284634.30  43.3%  14.5  299s
 32477 26878 3935114.54 2844  244 4026588.58 2284634.30  43.3%  14.5  300s
H33329 27369                    4026002.4654 2284634.30  43.3%  14.4  302s
 33644 27772 3938305.18 3221  244 4026002.47 2284634.30  43.3%  14.5  305s
 34236 28390 3939293.71 3338  244 4026002.47 2284634.30  43.3%  14.3  310s
H34296 28390                    4025957.5031 2284634.30  43.3%  14.3  310s
 35468 29825 3948537.80 3611  218 4025957.50 2284634.30  43.3%  14.0  315s
H37523 31603                    4025932.1315 2284634.30  43.3%  13.4  319s
 37577 31933 3949307.87 4153  211 4025932.13 2284634.30  43.3%  13.4  320s
 38860 33217 3949965.27 4579  210 4025932.13 2284634.30  43.3%  13.3  325s
 41341 35804 3950171.94 5109  210 4025932.13 2284634.30  43.3%  12.6  330s
H42072 36065                    4012142.0187 2284634.30  43.1%  12.4  331s
H42075 36050                    4005461.8337 2284634.30  43.0%  12.4  331s
 43051 37195 3955338.35 5364  210 4005461.83 2284634.30  43.0%  12.2  335s
H43298 37378                    4005461.8330 2284634.30  43.0%  12.2  335s
 44224 38381 3958884.71 5512  207 4005461.83 2284634.30  43.0%  12.1  340s
H44539 38392                    3971738.2492 2284634.30  42.5%  12.0  341s
 45620 39507 2409445.67  119  638 3971738.25 2290887.88  42.3%  11.9  345s
H46778 40620                    3971617.0756 2290887.88  42.3%  11.7  348s
H46780 36187                    3944475.6640 2290887.88  41.9%  11.8  348s
H47947 37498                    3943836.4409 2290887.88  41.9%  11.6  350s
H49047 38369                    3943836.4387 2290887.88  41.9%  11.5  353s
 49434 38955 3515722.44  271  364 3943836.44 2290887.88  41.9%  11.5  355s
H49672 38980                    3941687.8845 2290887.88  41.9%  11.4  355s
H49685 38816                    3939554.0994 2290887.88  41.8%  11.5  355s
H50730 39820                    3939554.0884 2290887.88  41.8%  11.4  358s
 50971 40126 3895991.89  577  321 3939554.09 2290887.88  41.8%  11.4  360s
 53056 42059 2333113.21   32  746 3939554.09 2291729.76  41.8%  11.2  365s
 54078 43153 3179420.55  123  339 3939554.09 2291729.76  41.8%  11.4  371s
 55559 44786 3224570.87 1190  282 3939554.09 2291729.76  41.8%  11.3  375s
H55761 44384                    3938000.2037 2291729.76  41.8%  11.3  375s
 57961 46651 3226819.16 2861  282 3938000.20 2291729.76  41.8%  11.0  380s
 59160 47760 3266192.66 3977  275 3938000.20 2291729.76  41.8%  11.0  385s
H59220 47359                    3936496.4954 2291729.76  41.8%  11.0  385s
H60083 48214                    3936361.3581 2291729.76  41.8%  11.0  388s
 60436 48695 3810488.72 4851  250 3936361.36 2291729.76  41.8%  11.2  390s
H61149 47888                    3928205.4677 2291729.76  41.7%  11.2  392s
 61939 48788 3273144.64 4993  236 3928205.47 2291729.76  41.7%  11.1  395s
H62343 49119                    3928205.4647 2291729.76  41.7%  11.1  397s
H62975 49672                    3926955.3340 2291729.76  41.6%  11.1  400s
 64070 50959 3833516.55 5068  325 3926955.33 2291729.76  41.6%  11.1  405s
H64398 50917                    3923934.3125 2291729.76  41.6%  11.1  408s
 64881 51605 3868363.64 5256  295 3923934.31 2291729.76  41.6%  11.0  410s
H65712 51684                    3918333.8745 2291729.76  41.5%  10.9  413s
 66141 52211 3889021.45 5410  270 3918333.87 2291729.76  41.5%  10.8  415s
H66896 48747                    3905991.0254 2291729.76  41.3%  10.8  416s
H66958 48768                    3905905.7533 2295253.51  41.2%  10.9  418s
H66995 48794                    3905787.3157 2295253.51  41.2%  10.9  419s
 67006 48817 2565297.03   69  579 3905787.32 2295253.51  41.2%  11.0  420s
 67494 49250 2333683.90   32  719 3905787.32 2297079.23  41.2%  11.3  425s
 67816 49586 3145709.45  116  372 3905787.32 2297079.23  41.2%  11.6  430s
H68034 49883                    3905787.3145 2297079.23  41.2%  11.7  432s
 68982 50888 3847715.32  301  291 3905787.31 2297931.29  41.2%  11.6  435s
 70701 52671 2503982.19   41  642 3905787.31 2297931.29  41.2%  11.4  440s
H72442 52254                    3892207.2388 2297931.29  41.0%  11.3  444s
 72647 52470 2711035.85   73  497 3892207.24 2297931.29  41.0%  11.3  445s
H73823 53294                    3890009.8548 2297931.29  40.9%  11.2  448s
 74254 53922     cutoff  155      3890009.85 2297931.29  40.9%  11.1  450s
H74637 53958                    3889775.3135 2297931.29  40.9%  11.1  452s
H75673 54926                    3889756.3050 2299653.91  40.9%  11.0  455s
H75678 53898                    3884579.7544 2299653.91  40.8%  11.0  455s
H76867 54461                    3881957.2905 2300433.76  40.7%  11.0  459s
 76873 54469 2519690.90   48  673 3881957.29 2300433.76  40.7%  11.0  460s
H77210 54774                    3881917.1373 2302603.74  40.7%  11.2  463s
 77398 55048 3298464.53  115  411 3881917.14 2302603.74  40.7%  11.3  465s
 78207 55878 2922765.34   79  501 3881917.14 2303966.65  40.6%  11.3  470s
 79450 57146 2545943.35   57  534 3881917.14 2303966.73  40.6%  11.3  475s
 80356 57706 2493389.51   38  675 3881917.14 2304722.06  40.6%  11.3  480s
H80358 57667                    3881710.2041 2304722.06  40.6%  11.3  480s
H80443 57751                    3881605.3887 2304722.06  40.6%  11.5  484s
 80488 57801 3055836.00   69  478 3881605.39 2304722.06  40.6%  11.5  485s
H80509 57772                    3881368.4124 2304722.06  40.6%  11.5  486s
H80534 55236                    3876552.3893 2304722.06  40.5%  11.5  486s
 80862 55564 2590878.22   42  637 3876552.39 2304767.30  40.5%  11.6  490s
H80949 55535                    3876523.2139 2304767.30  40.5%  11.6  490s
H80961 54486                    3875044.0990 2304767.30  40.5%  11.7  490s
H81012 54540                    3874978.7381 2304767.30  40.5%  11.7  492s
 81175 54663 2436466.57   46  644 3874978.74 2306048.05  40.5%  11.8  495s
H81389 54655                    3874586.4249 2306048.05  40.5%  12.1  499s
 81390 54662     cutoff  122      3874586.42 2309383.31  40.4%  12.1  500s
H81494 54494                    3873780.8180 2309383.31  40.4%  12.2  503s
 81613 54629 3005880.43  101  403 3873780.82 2309383.31  40.4%  12.3  505s
 82295 55336 3551640.07  613  301 3873780.82 2309383.31  40.4%  12.4  510s
 83520 56506 3791150.50 1657  330 3873780.82 2309383.31  40.4%  12.3  515s
 84338 57509 3695215.84 2351  279 3873780.82 2309383.31  40.4%  12.3  521s
 84800 58035 3695848.86 2796  278 3873780.82 2309383.31  40.4%  12.3  525s
 86358 59840 3697336.14 3879  276 3873780.82 2309383.31  40.4%  12.1  530s
 88097 61150 3699114.85 5078  273 3873780.82 2309383.31  40.4%  12.0  535s
 89311 62475 3716908.67 5875  242 3873780.82 2309383.31  40.4%  11.9  540s
 90480 63736 3725119.42 7006  241 3873780.82 2309383.31  40.4%  11.8  545s
 92733 65745 3737450.95 9071  228 3873780.82 2309383.31  40.4%  11.7  550s
H93397 65738                    3871755.8223 2309383.31  40.4%  11.6  552s
 94815 67119     cutoff 10304      3871755.82 2309383.31  40.4%  11.6  555s
 95483 67902 3755405.66 10576  226 3871755.82 2309383.31  40.4%  11.6  560s
H95698 64943                    3863858.7068 2309383.31  40.2%  11.6  560s
H96662 65890                    3863661.3266 2309383.31  40.2%  11.5  564s
 96830 66113 3765893.00 11858  227 3863661.33 2309383.31  40.2%  11.5  565s
H97586 66715                    3863558.4964 2309383.31  40.2%  11.4  568s
H97732 66360                    3863128.9836 2309383.31  40.2%  11.4  568s
 97952 66772 3773247.47 12855  225 3863128.98 2309383.31  40.2%  11.4  570s
H98661 67149                    3862961.3738 2309383.31  40.2%  11.4  573s
 98983 67788 3781608.19 13177  222 3862961.37 2309383.31  40.2%  11.4  575s
 100019 68506 3790267.10 13897  222 3862961.37 2309383.31  40.2%  11.3  580s
 101338 69759 3799807.72 14027  221 3862961.37 2309383.31  40.2%  11.3  585s
 102432 70737 2642128.10   49  577 3862961.37 2320206.92  39.9%  11.2  590s
H102434 68363                    3858866.5061 2320206.92  39.9%  11.2  590s
H103572 69402                    3858397.1684 2320597.17  39.9%  11.2  595s
H104732 70602                    3858397.1507 2320597.17  39.9%  11.1  599s
 104898 70797 2619724.42   76  522 3858397.15 2320597.17  39.9%  11.1  601s
 105925 71839 3006107.22  102  433 3858397.15 2320597.17  39.9%  11.1  605s
H106672 72500                    3857749.9569 2320597.17  39.8%  11.0  607s
 107608 73269 3615026.93  563  277 3857749.96 2320597.17  39.8%  11.0  610s
H108656 72977                    3846106.3247 2320597.17  39.7%  10.9  612s
 109654 73771 3616820.08 1947  276 3846106.32 2320597.17  39.7%  10.8  615s
H110168 73934                    3846106.3027 2320597.17  39.7%  10.8  616s
 111277 75013 3618466.27 3206  275 3846106.30 2320597.17  39.7%  10.7  620s
H112167 75601                    3845067.3510 2320597.17  39.6%  10.7  623s
 113001 76580 3624249.52 4807  271 3845067.35 2320597.17  39.6%  10.6  625s
 114758 78322 3634928.54 6395  259 3845067.35 2320597.17  39.6%  10.6  630s
 116472 80116 3646612.21 7973  259 3845067.35 2320597.17  39.6%  10.5  635s
 118454 81922 3655992.00 9497  238 3845067.35 2320597.17  39.6%  10.4  640s
 119613 82940 3660493.67 9887  222 3845067.35 2320597.17  39.6%  10.3  645s
 120318 83644 3662234.46 10468  220 3845067.35 2320597.17  39.6%  10.4  650s
 121936 85215 3675246.30 11670  225 3845067.35 2320597.17  39.6%  10.4  655s
 122929 86152 3680096.13 12481  223 3845067.35 2320597.17  39.6%  10.4  660s
 123264 86346 3691767.48  130  349 3845067.35 2324287.50  39.6%  10.5  665s
 124092 87479 2710653.41   65  527 3845067.35 2324287.50  39.6%  10.5  670s
 125072 88084 3192954.25  126  420 3845067.35 2324287.50  39.6%  10.5  675s
 125398 88588 3500216.88  161  342 3845067.35 2324287.50  39.6%  10.5  680s
 126963 90088 2625363.34   41  643 3845067.35 2325895.22  39.5%  10.5  685s
 127704 90486 2457699.91   43  657 3845067.35 2325979.24  39.5%  10.6  690s
H127771 89993                    3841711.8708 2325979.24  39.5%  10.6  691s
 128093 90352 2448657.15   42  710 3841711.87 2327595.48  39.4%  10.7  695s
H128098 90348                    3841686.6495 2327595.48  39.4%  10.7  695s
H128315 90624                    3841686.6278 2327595.48  39.4%  10.7  699s
 128455 90812 3066436.03   79  528 3841686.63 2327595.48  39.4%  10.7  700s
 129188 91480 2686030.60   45  691 3841686.63 2327794.30  39.4%  10.7  705s
H129566 91653                    3841146.2822 2327794.30  39.4%  10.8  707s
 129740 91836 3224295.73   84  503 3841146.28 2327794.30  39.4%  10.8  710s
H129753 81657                    3809890.1597 2327794.30  38.9%  10.8  710s
H129919 81422                    3806178.4791 2327794.35  38.8%  10.8  711s
H130192 81132                    3799337.7312 2327794.35  38.7%  10.9  713s
 130347 81254 2755584.47   54  597 3799337.73 2327794.35  38.7%  10.8  715s
H130810 81158                    3796549.8874 2328302.75  38.7%  10.9  717s
 130891 81299 3177898.45   87  400 3796549.89 2328302.91  38.7%  10.9  720s
H130972 81159                    3791907.8081 2328302.91  38.6%  10.9  721s
 131584 82001 3040368.63   73  477 3791907.81 2328302.91  38.6%  10.9  725s
H132525 81636                    3784430.2773 2328515.39  38.5%  10.9  727s
 133205 82462 2506070.70   41  632 3784430.28 2328515.39  38.5%  10.9  730s
H134073 83046                    3784237.6430 2328515.39  38.5%  10.8  733s
 134146 83067 3370630.77   54  607 3784237.64 2328515.39  38.5%  10.9  735s
 134360 83233 2753129.02   45  604 3784237.64 2328769.41  38.5%  11.0  740s
 134652 83628 2837749.58   64  495 3784237.64 2328832.71  38.5%  11.1  745s
 134977 83902 2901432.74   71  475 3784237.64 2329064.01  38.5%  11.2  750s
 136018 85231 3681576.79  533  290 3784237.64 2329064.01  38.5%  11.2  755s
H137042 85421                    3781442.0098 2329064.01  38.4%  11.1  757s
 137729 86044 2590406.42   53  584 3781442.01 2329064.01  38.4%  11.1  760s
H138063 85905                    3780430.1023 2330039.72  38.4%  11.2  762s
H138103 85778                    3779502.6574 2330039.72  38.4%  11.2  763s
H138210 85857                    3779422.6087 2330039.72  38.3%  11.3  765s
H138346 85910                    3779305.1501 2330046.29  38.3%  11.3  768s
 138423 86046 2843508.85   81  431 3779305.15 2330046.29  38.3%  11.4  770s
 138922 86927 3482864.49  315  303 3779305.15 2330046.29  38.3%  11.4  775s
H139367 87117                    3778997.4874 2330046.29  38.3%  11.4  776s
 140343 88078 3496677.00  862  280 3778997.49 2330046.29  38.3%  11.4  780s
H140370 84057                    3763327.1385 2330046.29  38.1%  11.4  780s
 141779 85658 3511054.87 1700  254 3763327.14 2330046.29  38.1%  11.3  786s
 143119 86830 3514736.38 2032  242 3763327.14 2330046.29  38.1%  11.2  790s
H144434 87824                    3762883.1389 2330046.29  38.1%  11.2  794s
 144566 88062 3565647.72 2222  222 3762883.14 2330046.29  38.1%  11.2  795s
H145429 87518                    3759395.3166 2330107.74  38.0%  11.2  799s
 145451 87568 2576529.74   42  675 3759395.32 2330107.74  38.0%  11.2  800s
H145568 86231                    3750826.1296 2330107.74  37.9%  11.3  803s
H145670 86328                    3750823.8481 2330107.74  37.9%  11.3  804s
 145673 86386 3233768.73   80  432 3750823.85 2330107.74  37.9%  11.3  805s
H145794 86420                    3750790.2628 2330966.70  37.9%  11.4  808s
 145963 86568 3725094.45  122  377 3750790.26 2330979.50  37.9%  11.4  810s
 146279 86883 3073447.21   72  487 3750790.26 2331071.89  37.9%  11.6  815s
H146506 86240                    3741439.8939 2331149.66  37.7%  11.7  819s
 146551 86308 2966689.71   85  512 3741439.89 2331149.66  37.7%  11.7  820s
 147263 87392 2435835.91   42  691 3741439.89 2332156.62  37.7%  11.8  825s
 148898 89156 3581467.05  156  358 3741439.89 2332156.62  37.7%  11.7  830s
 152069 91932     cutoff 1508      3741439.89 2332156.62  37.7%  11.5  835s
 153134 92933 2678644.92   63  518 3741439.89 2332156.62  37.7%  11.4  840s
 154473 94266 2740212.16   50  563 3741439.89 2332610.64  37.7%  11.4  845s
 156269 96307 3671647.66  577  275 3741439.89 2332610.64  37.7%  11.3  850s
H159380 98914                    3741439.8913 2332610.64  37.7%  11.2  854s
 159389 98996 3682119.44 2252  258 3741439.89 2332610.64  37.7%  11.2  855s
 161383 100952 3696459.37 3037  287 3741439.89 2332610.64  37.7%  11.1  860s
 162376 101851 2682600.54   63  558 3741439.89 2332682.14  37.7%  11.1  865s
 163708 103158 2501571.14   49  668 3741439.89 2332685.17  37.7%  11.0  870s
 164919 104477 3478907.04  191  329 3741439.89 2332685.17  37.7%  11.0  875s
 168019 107688 3525710.60 2007  264 3741439.89 2332685.17  37.7%  10.8  880s
 171496 110990 3528254.00 4250  262 3741439.89 2332685.17  37.7%  10.6  885s
 174225 113285 3530022.23 5837  261 3741439.89 2332685.17  37.7%  10.5  890s
 176050 115163 3536759.64 7626  259 3741439.89 2332685.17  37.7%  10.5  895s
 178132 117364 3548240.41 9332  250 3741439.89 2332685.17  37.7%  10.4  900s
 180267 119460 3556345.26 10597  248 3741439.89 2332685.17  37.7%  10.3  905s
 182507 121224 3560439.49 11712  243 3741439.89 2332685.17  37.7%  10.2  910s
 184275 123036 3561642.31 12469  239 3741439.89 2332685.17  37.7%  10.2  915s
 186467 125119 3579680.94 13705  233 3741439.89 2332685.17  37.7%  10.1  920s
 187917 125949 3125654.15   94  483 3741439.89 2333066.63  37.6%  10.0  925s
 188423 126367 2467300.90   32  705 3741439.89 2333113.21  37.6%  10.1  930s
 188710 126688 2649868.82   50  555 3741439.89 2333159.31  37.6%  10.2  935s
 189235 127081 2555658.69   43  631 3741439.89 2333304.08  37.6%  10.3  940s
 189815 127795 2616006.20   55  585 3741439.89 2333304.08  37.6%  10.4  945s
 191086 128782 3382973.75   95  427 3741439.89 2333304.08  37.6%  10.4  950s
 192084 129953 2506217.29   42  633 3741439.89 2333562.47  37.6%  10.4  955s
 194084 131873 3683721.51  196  326 3741439.89 2333562.47  37.6%  10.4  960s
 195155 132618 2657348.46   56  550 3741439.89 2333650.24  37.6%  10.5  965s
 196178 133727 2408945.95   48  693 3741439.89 2333657.40  37.6%  10.4  970s
 197935 135560 3391294.54  133  355 3741439.89 2333657.40  37.6%  10.4  975s
 199496 136930 2386142.94   35  648 3741439.89 2333698.28  37.6%  10.3  980s
 200785 138180 2381843.37   39  695 3741439.89 2333801.87  37.6%  10.3  985s
 201741 139155 2546700.06   49  581 3741439.89 2333801.87  37.6%  10.3  990s
 202879 140328 2995947.12   85  432 3741439.89 2333801.87  37.6%  10.3  995s
 204044 141468 2740235.15   77  491 3741439.89 2333807.42  37.6%  10.3 1000s
 204967 142323 2503656.88   40  663 3741439.89 2333943.72  37.6%  10.3 1005s
 205920 143093 2995637.95   59  569 3741439.89 2333943.72  37.6%  10.3 1010s
 206371 143573 2657247.99   49  616 3741439.89 2334640.82  37.6%  10.4 1015s
 206817 143823     cutoff  117      3741439.89 2335069.76  37.6%  10.5 1020s
 207216 144336 2950657.67   70  501 3741439.89 2335380.93  37.6%  10.6 1025s
 208656 145854 2638356.40   68  555 3741439.89 2335439.62  37.6%  10.6 1030s
 210430 147350 2473161.45   46  590 3741439.89 2335460.60  37.6%  10.5 1035s
 210761 147561 3279862.57   73  576 3741439.89 2335553.68  37.6%  10.6 1040s
 211002 147727 2453460.48   46  652 3741439.89 2336075.67  37.6%  10.7 1045s
 211943 148897 3470737.33  586  253 3741439.89 2336075.67  37.6%  10.8 1050s
 214181 151264 3533495.97 1134  225 3741439.89 2336075.67  37.6%  10.7 1055s
 216331 152890 3593971.64 1654  221 3741439.89 2336075.67  37.6%  10.6 1060s
 218258 154300 3594845.19 1955  226 3741439.89 2336075.67  37.6%  10.5 1065s
 219923 155869 3641258.01 2342  220 3741439.89 2336075.67  37.6%  10.5 1070s
 221071 156587 2366106.59   37  751 3741439.89 2336666.30  37.5%  10.5 1075s
 221357 156821 2820787.15   57  550 3741439.89 2336924.19  37.5%  10.6 1080s
 221645 157030 3033851.33   48  636 3741439.89 2337744.41  37.5%  10.7 1085s
 221938 157311 3037665.46   94  472 3741439.89 2337775.94  37.5%  10.8 1090s
 222393 157659 2820606.95   66  556 3741439.89 2338026.62  37.5%  10.9 1095s
 222786 157961 2382009.82   37  705 3741439.89 2338120.09  37.5%  11.0 1100s
 223216 158302 2773220.53   66  494 3741439.89 2338970.23  37.5%  11.1 1105s
 223746 158974 3425440.05  321  278 3741439.89 2338970.23  37.5%  11.2 1110s
 224662 159878 3449144.86  721  232 3741439.89 2338970.23  37.5%  11.2 1115s
 225557 160490 2590251.24   44  646 3741439.89 2340287.82  37.4%  11.2 1120s
 225783 160707 2402500.84   36  735 3741439.89 2340287.82  37.4%  11.3 1125s
 226106 161024 3016761.94   75  516 3741439.89 2340305.63  37.4%  11.5 1130s
 227084 162235 3601919.13  939  282 3741439.89 2340305.63  37.4%  11.5 1135s
 228355 163448 3636123.52 2104  269 3741439.89 2340305.63  37.4%  11.4 1140s
 229417 164424 3666658.73 3057  245 3741439.89 2340305.63  37.4%  11.4 1145s
 230410 165465 3682059.63 3734  244 3741439.89 2340305.63  37.4%  11.5 1150s
 232738 167408 2414272.34   46  714 3741439.89 2342042.08  37.4%  11.4 1155s
 234755 169320 2441015.69   52  633 3741439.89 2342235.24  37.4%  11.4 1160s
 236520 171112 2481525.51   49  614 3741439.89 2342251.14  37.4%  11.3 1165s
 238385 173291 3417517.06  549  322 3741439.89 2342251.14  37.4%  11.3 1170s
 240748 175442 3522330.96 1415  283 3741439.89 2342251.14  37.4%  11.2 1175s
 242142 176590 3526920.60 2382  244 3741439.89 2342251.14  37.4%  11.2 1180s
 243143 177735 3679130.82 3247  224 3741439.89 2342251.14  37.4%  11.1 1185s
 244809 179232 3705271.65 4524  225 3741439.89 2342251.14  37.4%  11.1 1190s
 246032 180079 2451268.86   52  645 3741439.89 2342773.44  37.4%  11.1 1195s
 246435 180461 3422378.41  150  356 3741439.89 2342773.44  37.4%  11.2 1200s
 246841 180846 3379388.70  163  336 3741439.89 2342929.76  37.4%  11.3 1205s
 248521 182712 3410505.80 1232  250 3741439.89 2342929.76  37.4%  11.3 1210s
 250078 184137 3419010.02 1715  232 3741439.89 2342929.76  37.4%  11.3 1215s
 251211 185077 2456144.14   40  693 3741439.89 2343220.55  37.4%  11.3 1220s
 252655 186607 3020304.43   77  542 3741439.89 2343220.55  37.4%  11.3 1225s
 253326 186956 2576643.79   43  565 3741439.89 2343433.64  37.4%  11.4 1230s
 253716 187254 2519691.34   45  635 3741439.89 2343628.44  37.4%  11.4 1235s
 254043 187535 2394953.25   45  724 3741439.89 2343919.56  37.4%  11.5 1240s
 254348 187964 2602696.90   41  574 3741439.89 2344334.32  37.3%  11.6 1245s
 255276 188961 2935765.86   64  463 3741439.89 2344334.32  37.3%  11.6 1250s
 256380 189937 3697137.28  147  366 3741439.89 2344334.32  37.3%  11.6 1255s
 257884 190792 2410484.73   43  598 3741439.89 2344729.90  37.3%  11.6 1260s
 258183 191066 3038502.26   70  553 3741439.89 2344773.59  37.3%  11.6 1265s
 258371 191201 2417465.12   43  678 3741439.89 2345597.97  37.3%  11.7 1270s
 258615 191466 3223604.91   86  454 3741439.89 2345597.97  37.3%  11.8 1275s
 259002 191772 3189416.28  108  354 3741439.89 2345630.18  37.3%  11.9 1280s
 259767 192730 3502333.83  699  266 3741439.89 2345630.18  37.3%  11.9 1285s
 261172 194171 3509585.84 1991  251 3741439.89 2345630.18  37.3%  11.9 1290s
 263086 196076 3522281.48 3711  236 3741439.89 2345630.18  37.3%  11.8 1295s
 264158 197058 3527402.79 4371  220 3741439.89 2345630.18  37.3%  11.8 1300s
 266005 198962 3540983.50 5910  221 3741439.89 2345630.18  37.3%  11.8 1305s
 268345 201385 3559943.94 6928  225 3741439.89 2345630.18  37.3%  11.7 1310s
 270517 203514 3614908.47 7277  252 3741439.89 2345630.18  37.3%  11.6 1315s
 272235 204663 2461693.47   53  608 3741439.89 2346700.66  37.3%  11.6 1320s
 272911 204963 3682261.64  112  397 3741439.89 2347073.51  37.3%  11.7 1325s
 273151 205136 2452346.77   46  614 3741439.89 2347800.91  37.2%  11.8 1330s
H273202 203171                    3738048.9515 2347800.91  37.2%  11.8 1339s
 273204 203183 2648845.28   59  526 3738048.95 2347800.91  37.2%  11.8 1340s
 274190 204370 3428148.75  786  286 3738048.95 2347800.91  37.2%  11.8 1345s
H274427 203466                    3734622.0940 2347800.91  37.1%  11.8 1346s
H275647 204904                    3734622.0925 2347800.91  37.1%  11.8 1349s
 275975 205438 3431452.64 2043  279 3734622.09 2347800.91  37.1%  11.8 1350s
 278215 207420 3434046.86 3305  267 3734622.09 2347800.91  37.1%  11.7 1355s
 280559 209364 3436106.99 4809  266 3734622.09 2347800.91  37.1%  11.6 1360s
 282418 210901 3441040.15 6166  264 3734622.09 2347800.91  37.1%  11.6 1365s
 284485 212851 3447512.23 8107  262 3734622.09 2347800.91  37.1%  11.5 1370s
 285509 213875 3451194.51 9063  261 3734622.09 2347800.91  37.1%  11.5 1375s
 286520 214763 3484754.57 9805  284 3734622.09 2347800.91  37.1%  11.5 1380s
 287788 216206 3492112.46 10889  235 3734622.09 2347800.91  37.1%  11.5 1385s
 288807 217129 3493676.26 11690  220 3734622.09 2347800.91  37.1%  11.5 1390s
 289733 217952 3497643.96 12283  222 3734622.09 2347800.91  37.1%  11.5 1395s
 290805 218774     cutoff 12511      3734622.09 2347800.91  37.1%  11.5 1400s
 291888 219493 3529800.03 12628  218 3734622.09 2347800.91  37.1%  11.6 1405s
 292592 219807 2427583.00   47  661 3734622.09 2349471.76  37.1%  11.6 1410s
 292871 220055 2921345.11   63  581 3734622.09 2349471.76  37.1%  11.7 1415s
 293256 220362 3428780.13  129  385 3734622.09 2350158.12  37.1%  11.8 1420s
 293740 221053 2433839.61   37  720 3734622.09 2350555.21  37.1%  11.9 1425s
 294561 221564 2616610.50   70  574 3734622.09 2350555.21  37.1%  11.9 1430s
 294985 221988 3534735.05  200  331 3734622.09 2350791.67  37.1%  11.9 1435s
 295411 222561 3258770.70  167  337 3734622.09 2350791.67  37.1%  12.0 1440s
 296439 223642 3279885.39 1087  274 3734622.09 2350791.67  37.1%  12.0 1445s
 298137 225301 3285868.87 2672  258 3734622.09 2350791.67  37.1%  11.9 1450s
 300196 227260 3306993.36 4224  230 3734622.09 2350791.67  37.1%  11.9 1455s
 301425 228521 3308719.76 4725  222 3734622.09 2350791.67  37.1%  11.9 1461s
 302694 229911 3309803.08 5123  222 3734622.09 2350791.67  37.1%  11.9 1465s
 304712 232041 3310594.91 5410  222 3734622.09 2350791.67  37.1%  11.8 1470s
 306946 233839 3311600.39 5777  222 3734622.09 2350791.67  37.1%  11.7 1475s
 307965 234682 3312851.90 6070  223 3734622.09 2350791.67  37.1%  11.7 1480s
 308543 235222 3663894.67 6176  293 3734622.09 2350791.67  37.1%  11.8 1485s
 309350 235703 2355411.72   39  730 3734622.09 2352047.51  37.0%  11.8 1490s
 309737 236033 2841628.66   69  495 3734622.09 2352102.52  37.0%  11.9 1495s
 310258 236707 2878851.15   61  627 3734622.09 2352239.25  37.0%  11.9 1500s
 311445 237875 2365881.15   45  693 3734622.09 2352293.90  37.0%  11.9 1505s
 313070 239500 2365837.38   37  735 3734622.09 2352295.25  37.0%  11.9 1510s
 315087 241542 2634091.57   53  648 3734622.09 2352295.25  37.0%  11.8 1515s
 317357 243879 3033928.61   68  562 3734622.09 2352295.25  37.0%  11.8 1520s
 319048 245321 2484505.23   48  663 3734622.09 2352301.03  37.0%  11.8 1525s
 319952 245928 2366059.69   46  693 3734622.09 2352389.06  37.0%  11.8 1530s
 320671 246089 2693601.53   73  612 3734622.09 2352447.71  37.0%  11.9 1535s
 321454 246509 2366593.03   49  695 3734622.09 2352539.83  37.0%  11.9 1540s
H321842 245162                    3730314.0799 2352611.10  36.9%  12.0 1544s
 321898 245171 2419338.29   54  662 3730314.08 2352645.42  36.9%  12.0 1545s
H322156 245305                    3730047.1286 2352647.86  36.9%  12.1 1550s
H322284 243760                    3725487.9643 2352647.86  36.8%  12.1 1552s
H322415 243676                    3725180.4365 2352647.86  36.8%  12.1 1554s
H322439 242843                    3722147.6323 2352647.86  36.8%  12.1 1554s
 322446 242864 3542511.60   86  501 3722147.63 2352647.86  36.8%  12.1 1555s
 323025 243674 2699675.87   65  691 3722147.63 2352682.91  36.8%  12.2 1560s
 324907 245490 2368610.58   57  688 3722147.63 2352868.04  36.8%  12.2 1565s
H325253 245504                    3721939.5713 2352868.04  36.8%  12.2 1566s
 325580 245896 3133210.94  104  484 3721939.57 2353231.98  36.8%  12.2 1570s
H326284 246588                    3721933.5412 2353231.98  36.8%  12.2 1572s
 327232 247596 2376267.11   37  690 3721933.54 2353315.54  36.8%  12.2 1575s
 328478 248500     cutoff  144      3721933.54 2353390.93  36.8%  12.1 1580s
 329002 248987 2475604.64   46  590 3721933.54 2353469.08  36.8%  12.2 1585s
H329402 249499                    3720893.7545 2353469.08  36.7%  12.2 1589s
 329764 249895 2796020.40   71  421 3720893.75 2353469.08  36.7%  12.2 1590s
H330597 250586                    3720893.7441 2353469.08  36.7%  12.2 1592s
H330705 250572                    3720815.9091 2353469.08  36.7%  12.2 1592s
 332598 252812 3563046.77  874  265 3720815.91 2353469.08  36.7%  12.1 1595s
 336075 256202 3566486.00 2113  240 3720815.91 2353469.08  36.7%  12.0 1600s
 338038 258026 3593911.20 2684  226 3720815.91 2353469.08  36.7%  11.9 1605s
 340178 260100 3600665.21 3146  225 3720815.91 2353469.08  36.7%  11.9 1610s
 342069 262012 3605887.67 3500  226 3720815.91 2353469.08  36.7%  11.8 1615s
 343574 263432 3631313.76 3755  223 3720815.91 2353469.08  36.7%  11.8 1620s
 346047 265409     cutoff 4182      3720815.91 2353469.08  36.7%  11.8 1625s
 347658 266830 3646669.78 5507  230 3720815.91 2353469.08  36.7%  11.7 1631s
H347660 266876                    3720599.2437 2353469.08  36.7%  11.7 1631s
 348544 267734 3654110.41 6231  223 3720599.24 2353469.08  36.7%  11.7 1635s
 349693 268897 3029689.70   64  546 3720599.24 2353473.37  36.7%  11.7 1640s
 351377 270582 2708430.29   73  521 3720599.24 2353548.39  36.7%  11.7 1645s
 353079 272023 2898155.77   67  625 3720599.24 2353563.42  36.7%  11.7 1650s
 353468 272357 2382384.70   44  654 3720599.24 2353608.72  36.7%  11.8 1655s
 353776 272653 3273367.62  106  382 3720599.24 2353608.72  36.7%  11.8 1660s
 354121 272919 2363072.01   47  695 3720599.24 2353624.01  36.7%  11.9 1665s
H354212 272496                    3719680.3527 2353624.01  36.7%  11.9 1667s
 354456 272730 3482436.70  118  394 3719680.35 2353720.23  36.7%  11.9 1670s
 354806 273052 3672843.31  172  328 3719680.35 2353744.26  36.7%  12.0 1675s
 355301 273322 2771365.62   62  552 3719680.35 2353899.99  36.7%  12.0 1680s
 355775 273942 3128044.89   85  443 3719680.35 2354022.59  36.7%  12.1 1685s
H356448 272875                    3715588.1944 2354031.77  36.6%  12.1 1688s
 356493 273061 2553851.70   48  698 3715588.19 2354031.77  36.6%  12.1 1690s
 357160 273736 2819973.64   53  646 3715588.19 2354031.77  36.6%  12.1 1695s
H357554 274146                    3715577.0712 2354031.77  36.6%  12.0 1697s
H357565 274146                    3715573.6915 2354031.77  36.6%  12.0 1697s
 358548 275131 3472275.79   78  537 3715573.69 2354031.77  36.6%  12.0 1700s
H358773 275265                    3715397.1570 2354031.77  36.6%  12.0 1701s
 359859 276468 2915594.18   75  487 3715397.16 2354140.98  36.6%  12.0 1705s
H360475 277108                    3715357.3104 2354140.98  36.6%  12.0 1707s
H360613 276987                    3714226.5938 2354140.98  36.6%  12.0 1707s
 361844 277985 3634247.35 1013  281 3714226.59 2354253.29  36.6%  12.0 1710s
 362419 278612 3555107.64  160  349 3714226.59 2354253.29  36.6%  12.0 1715s
H363035 273284                    3705371.0602 2354253.29  36.5%  12.0 1718s
 363309 273758 3578914.56  914  286 3705371.06 2354253.29  36.5%  12.0 1720s
 364953 275421 3616931.25 2303  258 3705371.06 2354253.29  36.5%  12.0 1725s
 366010 276189 2498162.11   39  698 3705371.06 2354583.79  36.5%  12.0 1730s
H366334 274685                    3702234.9814 2354583.79  36.4%  12.0 1733s
 366500 274972 2495909.99   41  690 3702234.98 2354603.59  36.4%  12.0 1735s
H366810 275016                    3701748.3789 2354603.59  36.4%  12.0 1737s
 367235 275568 3560083.51  117  394 3701748.38 2354603.59  36.4%  12.0 1740s
H367977 275858                    3701047.8165 2354652.47  36.4%  12.0 1743s
 368601 276507 3642088.53  124  381 3701047.82 2354705.16  36.4%  12.0 1745s
H369176 276527                    3700655.9224 2354705.16  36.4%  12.0 1748s
 369346 276689     cutoff  124      3700655.92 2354892.16  36.4%  12.0 1750s
 369764 277000 3591296.98  119  376 3700655.92 2355013.35  36.4%  12.1 1755s
H370059 277217                    3700616.0799 2355089.62  36.4%  12.1 1758s
 370253 277400 2661056.13   65  573 3700616.08 2355091.95  36.4%  12.2 1760s
 370680 277768 2355247.17   48  742 3700616.08 2355247.17  36.4%  12.2 1765s
H370683 277757                    3700590.8431 2355284.08  36.4%  12.2 1765s
H370721 277270                    3699761.8588 2355284.08  36.3%  12.2 1765s
 370933 277521 2962390.58   90  406 3699761.86 2355284.08  36.3%  12.3 1770s
H371099 274835                    3696838.8857 2355320.11  36.3%  12.3 1772s
H371122 274828                    3696828.7851 2355320.11  36.3%  12.3 1772s
 371281 274963 2523000.63   64  597 3696828.79 2355354.93  36.3%  12.4 1775s
H371489 275073                    3696770.0845 2355372.70  36.3%  12.4 1779s
 371501 275116 2610694.59   59  618 3696770.08 2355372.70  36.3%  12.4 1780s
 371892 275472 2833510.01   79  569 3696770.08 2355391.62  36.3%  12.5 1785s
H371960 275509                    3696763.8351 2355391.62  36.3%  12.5 1786s
 372304 275788 3322861.99  114  469 3696763.84 2355436.77  36.3%  12.5 1790s
 372637 276070 infeasible  111      3696763.84 2355458.61  36.3%  12.6 1795s
 372896 276357 3148033.15  103  418 3696763.84 2355616.72  36.3%  12.7 1800s
H373057 276411                    3696747.2971 2355616.72  36.3%  12.7 1802s
 373275 276605 2593839.99   65  583 3696747.30 2355701.80  36.3%  12.7 1805s
H373558 276786                    3696732.4924 2355886.93  36.3%  12.8 1808s
 373614 276926 2681016.77   67  613 3696732.49 2355886.93  36.3%  12.8 1810s
 373870 277059 2726373.30   55  567 3696732.49 2356058.42  36.3%  12.8 1815s
 374310 277675 3508036.45  128  367 3696732.49 2356058.42  36.3%  12.9 1821s
 374899 278050 2850747.57   80  509 3696732.49 2356073.63  36.3%  12.9 1825s
 375356 278403 2959590.78   68  496 3696732.49 2356228.37  36.3%  13.0 1831s
 375593 278591 2722275.33   68  532 3696732.49 2356233.52  36.3%  13.0 1835s
 376021 278968 2448134.46   58  658 3696732.49 2356284.06  36.3%  13.1 1840s
 376433 279324 2939806.95   80  554 3696732.49 2356332.69  36.3%  13.2 1845s
 376808 279609 2629649.76   56  575 3696732.49 2356338.29  36.3%  13.2 1851s
H376893 279644                    3696724.8556 2356349.79  36.3%  13.3 1852s
 377166 279865     cutoff  129      3696724.86 2356376.56  36.3%  13.3 1856s
 377416 280457 2865903.57   60  650 3696724.86 2356376.56  36.3%  13.3 1862s
H378249 281170                    3696724.8541 2356376.56  36.3%  13.3 1866s
 378964 281469 2881276.23   72  500 3696724.85 2356480.69  36.3%  13.4 1871s
 379314 281784 2522689.77   52  632 3696724.85 2356623.30  36.3%  13.4 1875s
 379695 282070 2417612.19   34  678 3696724.85 2356965.58  36.2%  13.5 1880s
H379742 278674                    3686652.3832 2356965.58  36.1%  13.5 1882s
 379976 278861 3404977.58   98  424 3686652.38 2357101.22  36.1%  13.5 1885s
 380233 279397 2508328.88   51  594 3686652.38 2357154.00  36.1%  13.6 1890s
H381105 280275                    3686652.3179 2357154.14  36.1%  13.6 1896s
H381130 280265                    3686607.1793 2357154.14  36.1%  13.6 1896s
H381130 280217                    3686426.5928 2357154.14  36.1%  13.6 1896s
 381907 280573 2513021.48   42  677 3686426.59 2357171.83  36.1%  13.6 1901s
 382141 280810 2943273.80   62  560 3686426.59 2357476.90  36.0%  13.6 1906s
H382212 280808                    3686421.7773 2357476.90  36.0%  13.6 1906s
 382713 282225 3370345.14  241  302 3686421.78 2357653.99  36.0%  13.7 1912s
H384031 268929                    3676209.5109 2357653.99  35.9%  13.6 1914s
 384094 269326 3382005.55  867  268 3676209.51 2357653.99  35.9%  13.6 1916s
 385253 270398 3387379.41 1768  257 3676209.51 2357653.99  35.9%  13.6 1920s
H385643 270595                    3676110.3698 2357653.99  35.9%  13.6 1922s
H385866 270584                    3676095.3522 2357653.99  35.9%  13.6 1922s
 385876 270878 3390602.22 2277  246 3676095.35 2357653.99  35.9%  13.6 1925s
H385892 270874                    3676088.9831 2357653.99  35.9%  13.6 1925s
 386746 271459 3438236.94 2882  229 3676088.98 2357653.99  35.9%  13.6 1931s
 387224 271989 3451229.50 3246  220 3676088.98 2357653.99  35.9%  13.6 1935s
 388220 272629 3462033.79 3823  222 3676088.98 2357653.99  35.9%  13.6 1940s
H388291 272624                    3676080.2881 2357653.99  35.9%  13.6 1940s
 389198 273597 3464689.10 4331  222 3676080.29 2357653.99  35.9%  13.6 1946s
H389518 273733                    3676080.2860 2357653.99  35.9%  13.6 1947s
H389774 273733                    3676080.2586 2357653.99  35.9%  13.6 1947s
 390110 273933 3469677.05 4829  221 3676080.26 2357653.99  35.9%  13.6 1950s
H390707 274285                    3676065.4539 2357653.99  35.9%  13.6 1952s
H390838 274281                    3676059.6986 2357653.99  35.9%  13.6 1952s
 391254 274424 3549122.94 5518  225 3676059.70 2357653.99  35.9%  13.6 1955s
 392216 274833 3610828.93 5999  228 3676059.70 2357653.99  35.9%  13.6 1961s
 392846 275198 2731435.62   44  626 3676059.70 2358557.51  35.8%  13.6 1965s
 393195 275466 2487265.95   44  692 3676059.70 2358984.50  35.8%  13.6 1970s
 393458 275699 2558810.90   63  621 3676059.70 2359234.50  35.8%  13.7 1975s
 393726 275959 2979454.23   65  567 3676059.70 2359665.49  35.8%  13.8 1980s
 394790 277293 3149498.71   47  615 3676059.70 2359746.04  35.8%  13.8 1986s
 395816 278305 2807746.73   68  556 3676059.70 2359749.16  35.8%  13.8 1990s
 396795 279121 2846921.84   62  588 3676059.70 2359754.17  35.8%  13.8 1995s
 398529 281000 2924690.71   62  537 3676059.70 2359940.69  35.8%  13.7 2000s
 400009 282418 2783220.11   60  555 3676059.70 2359986.35  35.8%  13.7 2005s
 401630 283944 3117790.85   73  479 3676059.70 2360206.98  35.8%  13.7 2010s
 402991 285081     cutoff  125      3676059.70 2360231.47  35.8%  13.7 2015s
 403474 285150 2916789.93   92  491 3676059.70 2360231.47  35.8%  13.7 2020s
 403687 285330 2580460.33   61  580 3676059.70 2360733.63  35.8%  13.7 2025s
 403997 285613 2487496.05   43  615 3676059.70 2361018.75  35.8%  13.8 2030s
H404175 284048                    3673871.0052 2361207.13  35.7%  13.8 2032s
 404310 284170 3243883.89   78  435 3673871.01 2361207.13  35.7%  13.8 2035s
H404417 284216                    3673864.1416 2361566.76  35.7%  13.8 2037s
 404668 284431 2439244.31   44  690 3673864.14 2361688.31  35.7%  13.8 2040s
 404992 284973 3368997.37  114  364 3673864.14 2361740.78  35.7%  13.9 2045s
H405563 285519                    3673621.3703 2361740.78  35.7%  13.9 2047s
 406487 286425     cutoff  667      3673621.37 2361740.78  35.7%  13.9 2051s
H406945 286620                    3673621.3689 2361740.78  35.7%  13.9 2052s
H406951 286605                    3673587.4800 2361743.42  35.7%  13.9 2052s
 407523 287351 2633954.30   46  643 3673587.48 2361743.42  35.7%  13.8 2055s
H407901 285632                    3672326.0652 2361743.42  35.7%  13.8 2057s
 408576 286298 3001992.14   54  591 3672326.07 2361743.42  35.7%  13.8 2060s
H409301 287100                    3672326.0646 2361743.42  35.7%  13.8 2062s
 410040 287763 2516775.68   44  672 3672326.06 2361866.32  35.7%  13.8 2065s
H410668 287511                    3671385.9702 2361866.32  35.7%  13.8 2068s
 410945 287820 3548980.70   97  457 3671385.97 2361866.47  35.7%  13.8 2070s
 412310 289101 3645799.83  113  497 3671385.97 2361919.90  35.7%  13.7 2075s
 413440 289861     cutoff   95      3671385.97 2362007.26  35.7%  13.7 2080s
 414293 290924 2558616.93   45  648 3671385.97 2362045.41  35.7%  13.7 2085s
 416463 293464 3580948.20  454  279 3671385.97 2362045.41  35.7%  13.7 2091s
 417517 293893 3589190.95  796  259 3671385.97 2362045.41  35.7%  13.7 2095s
 419223 296092 3603056.70 1878  256 3671385.97 2362045.41  35.7%  13.6 2100s
 422065 298439 3653767.47 2808  253 3671385.97 2362045.41  35.7%  13.5 2105s
 423567 299462 2578234.24   58  568 3671385.97 2362200.22  35.7%  13.5 2110s
 423916 299804 3060192.12  102  455 3671385.97 2362300.84  35.7%  13.6 2115s
 424265 300091 2528046.40   48  622 3671385.97 2362639.35  35.6%  13.6 2120s
 425235 300975 3413878.39  104  391 3671385.97 2362639.35  35.6%  13.6 2125s
 426122 301624 3269591.85  119  499 3671385.97 2362719.52  35.6%  13.7 2130s
 426488 301911 3114332.35   83  542 3671385.97 2362943.98  35.6%  13.7 2135s
 426908 302289 2584545.60   67  596 3671385.97 2363028.67  35.6%  13.8 2140s
 427263 302603 3186577.32   78  457 3671385.97 2363042.18  35.6%  13.8 2145s
 427686 302848 2452846.24   53  628 3671385.97 2363079.35  35.6%  13.9 2152s
H427696 302832                    3671364.4892 2363079.35  35.6%  13.9 2153s
 427786 302935 2709806.78   72  587 3671364.49 2363079.35  35.6%  13.9 2155s
 428152 303247 2815512.41  103  492 3671364.49 2363120.33  35.6%  13.9 2160s
 428497 303538 2523054.55   63  611 3671364.49 2363133.13  35.6%  14.0 2165s
 428860 303822 2388038.10   51  689 3671364.49 2363299.35  35.6%  14.0 2170s
 429160 304127 3249794.19   88  392 3671364.49 2363351.79  35.6%  14.1 2175s
 429517 304376 2655430.90   66  594 3671364.49 2363381.07  35.6%  14.1 2180s
 429874 304619 2373282.74   39  783 3671364.49 2363451.99  35.6%  14.2 2185s
 430067 304810 2473664.02   52  621 3671364.49 2363497.11  35.6%  14.2 2190s
 430389 305148 2635003.88   57  611 3671364.49 2363503.81  35.6%  14.3 2195s
 430997 305876 3485276.23  427  286 3671364.49 2363503.81  35.6%  14.3 2200s
 432071 306799 3605208.92 1114  228 3671364.49 2363503.81  35.6%  14.3 2205s
 432784 307118     cutoff 1566      3671364.49 2363503.81  35.6%  14.3 2210s
 433566 307372 3613459.17 1817  222 3671364.49 2363503.81  35.6%  14.3 2215s
 433971 307675 2552222.69   57  681 3671364.49 2363538.85  35.6%  14.3 2220s
 434352 308015 3518005.60  135  383 3671364.49 2363710.89  35.6%  14.4 2225s
 435022 308971 2960998.69   85  545 3671364.49 2363710.89  35.6%  14.4 2230s
 436009 309891 2935332.26   70  515 3671364.49 2363770.53  35.6%  14.4 2235s
 437049 310918 2758159.46   65  543 3671364.49 2363806.88  35.6%  14.3 2241s
 438250 312163 3299959.95  106  401 3671364.49 2363895.09  35.6%  14.3 2246s
 439595 313584 2790099.28   68  517 3671364.49 2363895.09  35.6%  14.3 2250s
 441005 314859 2621698.27   53  606 3671364.49 2363902.54  35.6%  14.3 2256s
 442463 316248 3333498.81   98  369 3671364.49 2363902.54  35.6%  14.3 2260s
 443034 316826 3523590.59  192  334 3671364.49 2363902.54  35.6%  14.2 2265s
 444882 318435 3548583.12  798  260 3671364.49 2363902.54  35.6%  14.2 2270s
H445692 319045                    3671320.4514 2363902.54  35.6%  14.2 2273s
 445978 319074 2403773.84   52  644 3671320.45 2364040.01  35.6%  14.2 2275s
H446272 318202                    3670347.9967 2364053.42  35.6%  14.3 2279s
 446315 318229 2615363.69   48  637 3670348.00 2364120.67  35.6%  14.3 2280s
 446777 318685 3622385.81  311  374 3670348.00 2364185.81  35.6%  14.3 2285s
H447284 319075                    3670291.4054 2364188.30  35.6%  14.3 2290s
H447477 319128                    3670278.0366 2364188.30  35.6%  14.3 2292s
H447499 318880                    3670002.6331 2364188.30  35.6%  14.3 2292s
 447755 319120 3627681.54  165  361 3670002.63 2364243.59  35.6%  14.4 2295s
H447993 319313                    3669989.2643 2364298.54  35.6%  14.4 2298s
 448089 319374 2964014.44   65  579 3669989.26 2364298.54  35.6%  14.4 2301s
 448299 319598 3231466.43  138  480 3669989.26 2364298.83  35.6%  14.4 2306s
 448618 319813 2677862.88   67  540 3669989.26 2364398.48  35.6%  14.5 2310s
 448939 320082 2702978.40   72  557 3669989.26 2364578.06  35.6%  14.5 2315s
H449006 319398                    3668314.4819 2364578.06  35.5%  14.6 2316s
 449297 319657 2543946.62   66  622 3668314.48 2364630.57  35.5%  14.6 2320s
H449476 319759                    3668314.4785 2364630.96  35.5%  14.6 2324s
 449502 319865 2923397.09   80  480 3668314.48 2364630.96  35.5%  14.6 2325s
 450528 321119 3336904.32  462  280 3668314.48 2364631.28  35.5%  14.6 2331s
 451818 322467 3451277.08 1030  267 3668314.48 2364631.28  35.5%  14.6 2336s
 453283 323582 3457225.89 1521  262 3668314.48 2364631.28  35.5%  14.6 2341s
 454904 325586 3460510.58 2108  253 3668314.48 2364631.28  35.5%  14.5 2345s
H455430 325885                    3668314.4757 2364631.28  35.5%  14.5 2347s
 456505 326702 3497171.08 2797  232 3668314.48 2364631.28  35.5%  14.5 2350s
 458225 327545     cutoff 3302      3668314.48 2364631.28  35.5%  14.4 2356s
 459362 327922     cutoff 3638      3668314.48 2364631.28  35.5%  14.4 2360s
 461217 328671     cutoff 4394      3668314.48 2364631.28  35.5%  14.4 2365s
 462923 329094     cutoff 5059      3668314.48 2364631.28  35.5%  14.4 2370s
 464221 329327 2581814.62   57  574 3668314.48 2364648.73  35.5%  14.3 2375s
H464503 328764                    3667369.3363 2364657.26  35.5%  14.4 2379s
 464554 328860 3135417.33  102  380 3667369.34 2364657.26  35.5%  14.4 2380s
 465229 329676 3478540.00  614  286 3667369.34 2364657.26  35.5%  14.4 2385s
 466891 331467 3488074.59 2160  261 3667369.34 2364657.26  35.5%  14.4 2390s
 468356 332560 3493468.90 3124  248 3667369.34 2364657.26  35.5%  14.4 2395s
 468717 332958 3494048.87 3322  245 3667369.34 2364657.26  35.5%  14.4 2400s
 470184 334470 3506644.39 4641  241 3667369.34 2364657.26  35.5%  14.3 2405s
 471781 336040 3513892.69 6110  233 3667369.34 2364657.26  35.5%  14.3 2410s
 472912 337093 3531948.70 6727  225 3667369.34 2364657.26  35.5%  14.3 2415s
 473823 338130 3537213.32 6904  222 3667369.34 2364657.26  35.5%  14.3 2420s
 475473 339420 3569014.45 7888  222 3667369.34 2364657.26  35.5%  14.3 2425s
 476990 340887 3590655.42 9300  224 3667369.34 2364657.26  35.5%  14.3 2430s
H477156 340899                    3667369.3357 2364657.26  35.5%  14.3 2431s
H477163 340899                    3667369.3351 2364657.26  35.5%  14.3 2431s
H477166 340899                    3667369.3347 2364657.26  35.5%  14.3 2431s
 477618 341422 3597981.39 9843  223 3667369.33 2364657.26  35.5%  14.3 2435s
 478026 341638 2533471.78   52  610 3667369.33 2364657.26  35.5%  14.3 2440s
 478405 342038 3337832.59  308  320 3667369.33 2364657.26  35.5%  14.3 2445s
 478798 342325 2876452.27   72  540 3667369.33 2365069.68  35.5%  14.4 2450s
 479136 342638 2557737.13   58  567 3667369.33 2365086.77  35.5%  14.4 2455s
 479537 342918 2459610.39   52  662 3667369.33 2365146.54  35.5%  14.4 2460s
 479882 343253 2660155.32   59  555 3667369.33 2365146.54  35.5%  14.5 2465s
 480663 343948 2789008.69   74  556 3667369.33 2365190.93  35.5%  14.5 2470s
 481662 344425 2664197.64   63  608 3667369.33 2365301.08  35.5%  14.5 2475s
 482057 344705 2464630.78   47  609 3667369.33 2365368.90  35.5%  14.5 2480s
 482403 344999 2910034.72   64  544 3667369.33 2365368.90  35.5%  14.6 2485s
 482670 345185 3126204.78   70  554 3667369.33 2365442.01  35.5%  14.6 2490s
 482977 345432 2511341.49   46  658 3667369.33 2365502.28  35.5%  14.7 2495s
 483298 345737 2409323.74   46  637 3667369.33 2365532.02  35.5%  14.7 2500s
 483661 346070 2434010.67   48  633 3667369.33 2365562.62  35.5%  14.8 2505s
 483971 346250 2923517.36   53  619 3667369.33 2365572.39  35.5%  14.8 2512s
 484082 346377 3117502.84   66  541 3667369.33 2365572.39  35.5%  14.8 2515s
 484507 346753 3029802.37   89  516 3667369.33 2365713.06  35.5%  14.9 2521s
 484735 347007 2719210.65   73  525 3667369.33 2365742.87  35.5%  14.9 2525s
 485211 347332 2473921.23   59  627 3667369.33 2365787.49  35.5%  15.0 2530s
 485575 347685 2433860.87   50  680 3667369.33 2365823.56  35.5%  15.0 2535s
 485858 347907 2517175.19   50  603 3667369.33 2365889.78  35.5%  15.0 2540s
 486337 348502 3224195.85   99  385 3667369.33 2365920.73  35.5%  15.1 2546s
 487039 349363 3387142.69  553  289 3667369.33 2365920.73  35.5%  15.1 2550s
 488487 350778 3405238.36 1767  271 3667369.33 2365920.73  35.5%  15.1 2555s
 490033 351910 3411153.78 3138  267 3667369.33 2365920.73  35.5%  15.0 2561s
 490526 352641 3413091.56 3555  259 3667369.33 2365920.73  35.5%  15.0 2565s
 491568 353728 3418649.51 4523  258 3667369.33 2365920.73  35.5%  15.0 2570s
 493338 355613 3423757.67 6173  243 3667369.33 2365920.73  35.5%  15.0 2575s
 494504 356560 3427186.62 7125  235 3667369.33 2365920.73  35.5%  15.0 2581s
 495521 357656 3429032.57 7670  227 3667369.33 2365920.73  35.5%  15.0 2585s
 497343 359373 3434007.91 8836  225 3667369.33 2365920.73  35.5%  14.9 2590s
 498272 360108     cutoff 9448      3667369.33 2365920.73  35.5%  14.9 2595s
 499057 360671 3532851.13 9747  218 3667369.33 2365920.73  35.5%  14.9 2605s
 499646 361011 2607653.48   44  583 3667369.33 2366127.00  35.5%  15.0 2610s
 499960 361265     cutoff  113      3667369.33 2366134.56  35.5%  15.0 2615s
 500299 361528 2464370.55   62  649 3667369.33 2366154.00  35.5%  15.0 2620s
 500796 361979     cutoff  138      3667369.33 2366157.67  35.5%  15.1 2625s
 501250 362319 2450097.76   62  664 3667369.33 2366159.83  35.5%  15.1 2630s
 501716 362737 3143799.90  108  402 3667369.33 2366161.16  35.5%  15.2 2635s
 502098 363044 2841178.06  100  528 3667369.33 2366171.89  35.5%  15.2 2640s
 502533 363382 3452308.26  134  403 3667369.33 2366180.98  35.5%  15.3 2645s
 502831 363656 2914110.66   96  541 3667369.33 2366191.47  35.5%  15.3 2650s
 503176 363915 3159235.57   98  566 3667369.33 2366207.57  35.5%  15.3 2655s
 503581 364256 2639230.63   85  574 3667369.33 2366254.59  35.5%  15.4 2660s
 504033 364618 3088779.29  109  520 3667369.33 2366324.11  35.5%  15.4 2666s
 504289 364777 3358099.95  117  418 3667369.33 2366324.44  35.5%  15.5 2671s
 504486 364910 2813138.12   62  679 3667369.33 2366327.32  35.5%  15.5 2675s
 504774 365178 2812318.53   90  529 3667369.33 2366333.05  35.5%  15.5 2680s
 505118 365509 2550912.65   63  586 3667369.33 2366338.54  35.5%  15.6 2685s
 505438 365732 2535642.76   70  566 3667369.33 2366343.76  35.5%  15.6 2690s
 505771 366030 2660900.89   67  596 3667369.33 2366346.08  35.5%  15.6 2695s
 506000 366195 3287155.40   85  535 3667369.33 2366544.73  35.5%  15.7 2701s
 506249 366448 2465674.25   56  671 3667369.33 2366601.98  35.5%  15.7 2705s
 506672 366826 2684813.25   64  608 3667369.33 2366614.46  35.5%  15.8 2711s
 506977 367040 2498282.46   47  628 3667369.33 2366656.22  35.5%  15.8 2715s
 507377 367343 2725134.33   75  502 3667369.33 2366704.06  35.5%  15.9 2721s
 507690 367617 3611507.80  111  395 3667369.33 2366744.97  35.5%  15.9 2726s
H508269 368878                    3667369.3319 2366745.87  35.5%  15.9 2730s
 509815 370094 3602533.07 1802  293 3667369.33 2366745.87  35.5%  15.9 2737s
 510372 370347 3607387.66 2313  292 3667369.33 2366799.19  35.5%  15.9 2740s
 511018 370640 2401049.07   39  683 3667369.33 2366874.99  35.5%  15.9 2746s
 511289 370968 2694913.18   56  593 3667369.33 2366910.68  35.5%  16.0 2750s
 511681 371237 2554686.09   43  659 3667369.33 2367078.26  35.5%  16.0 2755s
 512048 371555 2788164.70   83  522 3667369.33 2367177.20  35.5%  16.1 2760s
 512375 371830 2652536.46   58  666 3667369.33 2367224.05  35.5%  16.1 2765s
 512643 372112 2759186.64   76  559 3667369.33 2367231.16  35.5%  16.1 2770s
 513055 372430 3049140.91  102  473 3667369.33 2367247.55  35.5%  16.2 2775s
 513504 372772 3149922.20  113  443 3667369.33 2367355.50  35.4%  16.2 2781s
 513886 373003 2527379.63   56  653 3667369.33 2367383.36  35.4%  16.3 2785s
 514157 373275 2484101.47   56  614 3667369.33 2367450.79  35.4%  16.3 2790s
H514240 371116                    3665755.1832 2367450.79  35.4%  16.3 2790s
 514384 371270 2731426.19   86  557 3665755.18 2367507.62  35.4%  16.3 2795s
H514430 371269                    3665755.1759 2367507.62  35.4%  16.3 2795s
H514497 370873                    3665418.5727 2367516.42  35.4%  16.3 2797s
 514706 371162 2881410.00  116  454 3665418.57 2367517.87  35.4%  16.4 2800s
 515147 371450 3636095.11  139  394 3665418.57 2367537.01  35.4%  16.4 2805s
H515176 371400                    3665373.2279 2367561.26  35.4%  16.4 2805s
 515470 371671 2606255.56   54  652 3665373.23 2367670.47  35.4%  16.4 2810s
 515813 372256 2499080.22   61  616 3665373.23 2367702.85  35.4%  16.5 2816s
 516217 372891 3583713.01  136  394 3665373.23 2367737.78  35.4%  16.5 2820s
 517502 373605 2897750.72   88  395 3665373.23 2367737.78  35.4%  16.5 2825s
 518091 374287 2426071.59   59  680 3665373.23 2367764.75  35.4%  16.5 2830s
 518995 374700 3105647.97  109  399 3665373.23 2367764.75  35.4%  16.5 2835s
 519517 374876 2422145.46   54  643 3665373.23 2367821.54  35.4%  16.5 2848s
 519560 375038 2747524.23   78  565 3665373.23 2367821.54  35.4%  16.5 2850s
 519957 375242 2418154.57   56  671 3665373.23 2367839.13  35.4%  16.6 2855s
H520015 374634                    3664824.0865 2367839.13  35.4%  16.6 2857s
H520087 374035                    3664220.1119 2367873.45  35.4%  16.6 2858s
 520117 374122 2658344.43   76  587 3664220.11 2367894.06  35.4%  16.6 2860s
H520213 373219                    3663418.8035 2367895.43  35.4%  16.6 2860s
H520361 373395                    3663365.1801 2367895.43  35.4%  16.6 2863s
 520638 373623 2448050.47   40  717 3663365.18 2367902.56  35.4%  16.7 2866s
 520972 373917 3175695.93   93  528 3663365.18 2367932.79  35.4%  16.7 2870s
 521333 374164 2657231.62   59  646 3663365.18 2368015.47  35.4%  16.7 2875s
H521399 374265                    3663365.1786 2368015.47  35.4%  16.7 2876s
H521464 374265                    3663365.1772 2368015.47  35.4%  16.7 2876s
 521638 374536 2713108.51   79  556 3663365.18 2368032.32  35.4%  16.8 2880s
 522205 374911 2860431.26   57  592 3663365.18 2368065.18  35.4%  16.8 2886s
 522475 375178 2535872.16   55  684 3663365.18 2368086.32  35.4%  16.8 2890s
 522853 375461 2871640.91   52  639 3663365.18 2368112.86  35.4%  16.9 2895s
 523259 375822 3487570.41  128  426 3663365.18 2368127.09  35.4%  16.9 2900s
 523696 376192     cutoff  152      3663365.18 2368131.52  35.4%  17.0 2906s
 524122 376573 3146375.10  100  441 3663365.18 2368157.75  35.4%  17.0 2911s
 524475 376831 2655605.50   64  591 3663365.18 2368194.72  35.4%  17.0 2915s
 524925 377184 3494590.09   92  463 3663365.18 2368274.63  35.4%  17.1 2921s
 525183 377388 2901134.23   73  578 3663365.18 2368289.45  35.4%  17.1 2925s
 525468 377657 2879728.18   81  515 3663365.18 2368291.04  35.4%  17.2 2930s
 526167 378193 3348644.71  103  503 3663365.18 2368313.37  35.4%  17.2 2936s
 526619 378569 2459299.82   54  678 3663365.18 2368340.71  35.4%  17.3 2941s
 526868 378804 3570497.67   97  390 3663365.18 2368343.87  35.4%  17.3 2945s
 527380 379283 3030895.84  118  445 3663365.18 2368379.25  35.3%  17.4 2952s
H527585 379231                    3663230.6919 2368379.33  35.3%  17.4 2954s
 527737 379350     cutoff  108      3663230.69 2368383.78  35.3%  17.4 2956s
 528013 379582 2874533.20   76  579 3663230.69 2368397.51  35.3%  17.4 2961s
 528410 379813 2458359.01   64  621 3663230.69 2368409.70  35.3%  17.5 2965s
H528722 380035                    3663213.3047 2368472.35  35.3%  17.5 2969s
 528803 380136 2614829.17   71  558 3663213.30 2368489.60  35.3%  17.5 2971s
H528952 380302                    3663211.1681 2368502.41  35.3%  17.5 2973s
 529136 380696 2503094.76   68  635 3663211.17 2368510.57  35.3%  17.5 2977s
 529830 381012 2418694.55   44  665 3663211.17 2368522.72  35.3%  17.6 2981s
H529989 381154                    3663204.7421 2368548.51  35.3%  17.6 2983s
 530170 381298 3527083.19  135  400 3663204.74 2368566.91  35.3%  17.6 2986s
 530464 381541 2819712.97   76  571 3663204.74 2368595.42  35.3%  17.6 2990s
 530782 381728 2788753.10   72  589 3663204.74 2368631.26  35.3%  17.7 2995s
 531303 382173 2469129.64   52  681 3663204.74 2368650.44  35.3%  17.7 3001s
H531409 382259                    3663204.7415 2368650.44  35.3%  17.7 3004s
H531466 381381                    3662631.0861 2368657.22  35.3%  17.8 3004s
 531545 381456 2394889.39   50  683 3662631.09 2368660.54  35.3%  17.8 3006s
 531845 381817 3368495.12  115  399 3662631.09 2368682.38  35.3%  17.8 3010s
 532344 382301 2792544.97   99  509 3662631.09 2368725.69  35.3%  17.9 3017s
 532601 382427     cutoff  145      3662631.09 2368762.91  35.3%  17.9 3020s
 533676 384196 2402717.70   44  664 3662631.09 2368763.75  35.3%  17.9 3028s
 534537 384958 2685028.34   56  562 3662631.09 2368763.75  35.3%  17.9 3032s
 535299 385740 3005280.00   72  479 3662631.09 2368763.75  35.3%  17.8 3036s
 536838 386829 3005571.17   85  522 3662631.09 2368787.84  35.3%  17.8 3041s
 537907 387587 3263233.77  100  512 3662631.09 2368791.27  35.3%  17.8 3045s
 538656 387795 2515305.67   47  719 3662631.09 2368792.91  35.3%  17.8 3050s
 539068 388120 3139681.03  104  513 3662631.09 2368819.51  35.3%  17.9 3055s
 539394 388430 2517040.27   47  580 3662631.09 2368835.98  35.3%  17.9 3060s
 539777 388691 2427826.11   45  664 3662631.09 2368872.34  35.3%  17.9 3072s
H539834 388647                    3662535.8989 2368872.34  35.3%  17.9 3074s
 539906 388716     cutoff  124      3662535.90 2368881.34  35.3%  18.0 3075s
H539945 388711                    3662524.8512 2368881.34  35.3%  18.0 3075s
 540411 389192 3241641.44   97  365 3662524.85 2368920.11  35.3%  18.0 3080s
 541099 389713 2634054.19   59  614 3662524.85 2368948.58  35.3%  18.0 3086s
 541558 390012 2573424.01   54  637 3662524.85 2368952.75  35.3%  18.1 3090s
 542225 390560 2575871.61   68  581 3662524.85 2369011.81  35.3%  18.1 3096s
 542802 391622 3517465.69  137  394 3662524.85 2369020.35  35.3%  18.1 3103s
 543441 392234 2928721.55   85  541 3662524.85 2369036.34  35.3%  18.1 3106s
 544626 393095 3501858.83  133  419 3662524.85 2369046.34  35.3%  18.1 3112s
 545169 393178 3614186.12  113  379 3662524.85 2369063.45  35.3%  18.1 3115s
 545531 393558 3213534.62  106  425 3662524.85 2369124.73  35.3%  18.2 3120s
 545953 393841 2746768.49   53  602 3662524.85 2369227.55  35.3%  18.2 3126s
 546342 394165 3040033.87   82  523 3662524.85 2369269.89  35.3%  18.2 3131s
H546463 393812                    3662009.4283 2369269.89  35.3%  18.3 3132s
 546581 394030 2826123.37   76  515 3662009.43 2369269.89  35.3%  18.3 3135s
H546782 387651                    3652017.6433 2369278.39  35.1%  18.3 3137s
H546923 384031                    3645398.4466 2369278.39  35.0%  18.3 3139s
 546927 384145 3156983.36   99  522 3645398.45 2369324.54  35.0%  18.3 3140s
 547261 384410 2868835.21   58  584 3645398.45 2369369.91  35.0%  18.3 3145s
H547528 364443                    3625986.0936 2369401.22  34.7%  18.4 3147s
 547977 365369 3403738.27  202  338 3625986.09 2369401.22  34.7%  18.4 3152s
H548831 365545                    3625823.8564 2369401.22  34.7%  18.4 3155s
 550142 367039 3445565.50 1960  253 3625823.86 2369401.22  34.7%  18.4 3161s
H550533 367039                    3625823.8536 2369401.22  34.7%  18.3 3161s
 551071 368076 3447983.89 2854  248 3625823.85 2369401.22  34.7%  18.3 3165s
 552495 369305 3451729.34 4115  247 3625823.85 2369401.22  34.7%  18.3 3170s
 553250 370030 3453370.09 4804  247 3625823.85 2369401.22  34.7%  18.3 3175s
 554302 371037 3455603.34 5754  247 3625823.85 2369401.22  34.7%  18.3 3181s
 555312 372112 3458669.81 6664  246 3625823.85 2369401.22  34.7%  18.3 3185s
 556347 373043 3462919.61 7611  243 3625823.85 2369401.22  34.7%  18.3 3190s
 557342 374051 3468682.78 8500  239 3625823.85 2369401.22  34.7%  18.2 3195s
 558253 374850 3485896.85 9020  224 3625823.85 2369401.22  34.7%  18.2 3200s
 559203 375869 3501490.31 9737  223 3625823.85 2369401.22  34.7%  18.2 3205s
 560233 376785 3512438.99 10655  223 3625823.85 2369401.22  34.7%  18.2 3210s
 561447 378115 3531637.24 11677  221 3625823.85 2369401.22  34.7%  18.2 3215s
 562767 379377 3542121.88 12887  225 3625823.85 2369401.22  34.7%  18.1 3220s
 563425 379680 3546630.94 13484  223 3625823.85 2369401.22  34.7%  18.1 3226s
 563894 380160 3588146.93 13724  250 3625823.85 2369401.22  34.7%  18.1 3230s
 564237 380404 3048352.39  102  548 3625823.85 2369633.10  34.6%  18.2 3235s
 564508 380607 2416054.25   44  633 3625823.85 2369668.11  34.6%  18.2 3240s
 565338 381811 3489935.32  574  276 3625823.85 2369668.11  34.6%  18.2 3246s
 566190 382637 3494685.13 1312  269 3625823.85 2369668.11  34.6%  18.2 3250s
 567427 383884 3498719.02 2454  259 3625823.85 2369668.11  34.6%  18.2 3255s
 568781 385203 3504015.50 3756  258 3625823.85 2369668.11  34.6%  18.1 3260s
 570591 386938 3512978.68 5459  256 3625823.85 2369668.11  34.6%  18.1 3265s
 572077 388343 3519414.57 6830  253 3625823.85 2369668.11  34.6%  18.1 3270s
 573830 390087 3539146.66 8464  253 3625823.85 2369668.11  34.6%  18.0 3275s
 575738 391791 3543531.16 9979  243 3625823.85 2369668.11  34.6%  18.0 3280s
 577054 392817     cutoff 10460      3625823.85 2369668.11  34.6%  18.0 3285s
 577634 393505 2898183.67   65  587 3625823.85 2369735.67  34.6%  18.0 3290s
 579278 395039 2860228.35   60  562 3625823.85 2369751.96  34.6%  18.0 3295s
 581006 397002 2792829.04   55  520 3625823.85 2369760.41  34.6%  18.0 3300s
H581733 355160                    3599347.4195 2369760.41  34.2%  17.9 3301s
 582744 356426 2786441.06   51  603 3599347.42 2369763.16  34.2%  17.9 3306s
 583736 357402 3532539.01  104  389 3599347.42 2369777.08  34.2%  17.9 3310s
H584060 349510                    3595817.6023 2369777.08  34.1%  17.9 3314s
 584204 349749 2560974.27   51  605 3595817.60 2369777.08  34.1%  17.9 3316s
H585466 350995                    3595810.7460 2369778.94  34.1%  17.9 3320s
H585472 348556                    3593809.3165 2369778.94  34.1%  17.9 3320s
 586484 349488 3427099.82  117  417 3593809.32 2369779.30  34.1%  17.8 3325s
H586982 348145                    3592534.6244 2369779.30  34.0%  17.8 3327s
 587439 348784 3364316.68  118  439 3592534.62 2369779.40  34.0%  17.8 3330s
H587995 345739                    3590145.8197 2369780.05  34.0%  17.8 3332s
 588280 345973 3145062.49   68  502 3590145.82 2369780.05  34.0%  17.8 3335s
 588587 346160 2880915.79   75  466 3590145.82 2369781.43  34.0%  17.9 3340s
 588894 346414 3373877.89  100  430 3590145.82 2369783.85  34.0%  17.9 3345s
H588981 346119                    3589990.3464 2369846.35  34.0%  17.9 3346s
 589261 346353     cutoff  117      3589990.35 2369893.42  34.0%  17.9 3350s
 589588 346581 2398927.51   49  702 3589990.35 2369986.96  34.0%  17.9 3355s
 589878 346970 2941418.30   54  566 3589990.35 2369991.39  34.0%  18.0 3360s
H589889 344983                    3588993.6467 2369991.39  34.0%  18.0 3360s
 590653 345923 2440833.58   39  632 3588993.65 2369996.31  34.0%  18.0 3365s
H591007 346217                    3588993.6455 2369996.31  34.0%  18.0 3366s
 592188 347472 3554675.51  476  381 3588993.65 2370042.19  34.0%  17.9 3370s
 593688 348889     cutoff  127      3588993.65 2370044.26  34.0%  17.9 3375s
 594774 350019     cutoff  113      3588993.65 2370054.55  34.0%  17.9 3380s
H595492 344395                    3583088.0838 2370054.55  33.9%  17.9 3382s
 595865 344563 3113686.20   76  394 3583088.08 2370054.55  33.9%  17.9 3385s
 596084 344702 2805250.48   72  583 3583088.08 2370071.01  33.9%  17.9 3390s
 596339 344894 2919420.52   76  461 3583088.08 2370076.56  33.9%  17.9 3395s
H596539 345026                    3583061.7918 2370083.45  33.9%  17.9 3398s
 596584 345067 2726512.95   56  605 3583061.79 2370083.45  33.9%  18.0 3400s
H596783 345177                    3583014.1322 2370105.62  33.9%  18.0 3403s
 596834 345258 3185137.54   93  516 3583014.13 2370105.62  33.9%  18.0 3405s
 597217 345534 2430073.89   48  671 3583014.13 2370157.97  33.9%  18.0 3410s
H597267 342898                    3580502.9011 2370157.97  33.8%  18.0 3411s
 597571 343156     cutoff  130      3580502.90 2370220.49  33.8%  18.1 3415s
 597799 343345 3338009.44  101  407 3580502.90 2370245.45  33.8%  18.1 3420s
H597868 343374                    3580498.3770 2370245.45  33.8%  18.1 3421s
 598094 343590 2640982.85   62  532 3580498.38 2370259.13  33.8%  18.1 3426s
H598107 342849                    3579817.9465 2370259.13  33.8%  18.1 3426s
 598399 343104 2608536.17   65  602 3579817.95 2370285.48  33.8%  18.1 3430s
H598613 343238                    3579798.2340 2370303.75  33.8%  18.2 3434s
 598635 343320 2888968.77   85  515 3579798.23 2370303.75  33.8%  18.2 3435s
 599042 343583 2681204.16   75  572 3579798.23 2370314.45  33.8%  18.2 3440s
H599074 343605                    3579791.2090 2370314.45  33.8%  18.2 3441s
 599362 343847 2821789.23   70  541 3579791.21 2370353.95  33.8%  18.2 3446s
 599592 343994 2547723.06   51  719 3579791.21 2370376.95  33.8%  18.3 3450s
 599968 344343 3027699.57   79  501 3579791.21 2370443.16  33.8%  18.3 3455s
H600107 344372                    3579791.2085 2370473.18  33.8%  18.3 3457s
H600267 344517                    3579773.4198 2370477.64  33.8%  18.3 3459s
 600306 344609 3052026.02   78  532 3579773.42 2370477.64  33.8%  18.3 3460s
H600666 344032                    3579126.0499 2370555.51  33.8%  18.4 3463s
 600774 344119 2714379.39   63  615 3579126.05 2370555.51  33.8%  18.4 3465s
H601058 343814                    3578613.0735 2370590.13  33.8%  18.4 3474s
 601096 343950 2805302.11   74  584 3578613.07 2370590.13  33.8%  18.4 3476s
 601447 344104 2413997.66   41  672 3578613.07 2370648.49  33.8%  18.5 3480s
 601655 344337 2861623.77   80  533 3578613.07 2370663.76  33.8%  18.5 3485s
 601958 344549 2451690.63   60  678 3578613.07 2370745.72  33.8%  18.5 3490s
 602259 344792 2428279.45   41  682 3578613.07 2370807.54  33.8%  18.6 3495s
 602566 345127 2876584.78   90  500 3578613.07 2370811.41  33.8%  18.6 3500s
 603075 345499 2524121.94   53  750 3578613.07 2370859.31  33.7%  18.6 3505s
 603287 345677 2976944.25   74  436 3578613.07 2370923.52  33.7%  18.6 3510s
H603464 345772                    3578613.0731 2370923.52  33.7%  18.7 3512s
 603715 345954 2523875.98   48  755 3578613.07 2370972.00  33.7%  18.7 3515s
 603967 346268 2974689.36   91  533 3578613.07 2371030.22  33.7%  18.7 3520s
H604184 346190                    3578506.9366 2371068.78  33.7%  18.7 3523s
 604198 346270 2684099.35   68  621 3578506.94 2371068.78  33.7%  18.7 3525s
 604496 346524 2803035.01   58  477 3578506.94 2371184.85  33.7%  18.8 3530s
 604769 346666 3548670.66   86  529 3578506.94 2371267.70  33.7%  18.8 3535s
H605226 347184                    3578506.9329 2371267.70  33.7%  18.8 3540s
H605308 347164                    3578484.3069 2371267.70  33.7%  18.8 3540s
 605572 347402 3077049.73   66  577 3578484.31 2371367.12  33.7%  18.8 3545s
 606006 347700 3480530.11  118  352 3578484.31 2371520.45  33.7%  18.9 3551s
 606193 347827 3433042.88  116  378 3578484.31 2371533.70  33.7%  18.9 3555s
H606379 347389                    3577974.7676 2371661.15  33.7%  18.9 3558s
 606480 347446 3148759.06   91  487 3577974.77 2371672.60  33.7%  18.9 3560s
H606501 347446                    3577974.7234 2371672.60  33.7%  18.9 3560s
 606883 347724 3474945.99  108  407 3577974.72 2371684.25  33.7%  19.0 3565s
 607142 347975 3000788.28   90  481 3577974.72 2371845.77  33.7%  19.0 3570s
 607342 348159 2664298.86   52  562 3577974.72 2371856.81  33.7%  19.0 3575s
 607954 349072 3448980.29  292  304 3577974.72 2371856.81  33.7%  19.0 3582s
 608915 349609     cutoff  715      3577974.72 2371920.94  33.7%  19.0 3586s
 609180 349781 2600765.23   56  622 3577974.72 2371983.65  33.7%  19.1 3590s
H609347 349831                    3577835.0866 2372042.01  33.7%  19.1 3594s
H609404 348960                    3576886.5936 2372042.01  33.7%  19.1 3594s
 609475 348996     cutoff  110      3576886.59 2372084.50  33.7%  19.1 3595s
 609847 349276 2909957.36   80  495 3576886.59 2372141.11  33.7%  19.1 3600s

Cutting planes:
  Gomory: 3
  Implied bound: 50
  MIR: 447
  Mixing: 1
  StrongCG: 14
  Flow cover: 453
  Inf proof: 1
  Zero half: 1
  RLT: 93
  Relax-and-lift: 2

Explored 609900 nodes (11667589 simplex iterations) in 3600.17 seconds (2185.23 work units)
Thread count was 2 (of 24 available processors)

Solution count 10: 3.57689e+06 3.57784e+06 3.57797e+06 ... 3.57979e+06

Time limit reached
Best objective 3.576886593628e+06, best bound 2.372141112495e+06, gap 33.6814%
