
Gurobi 11.0.3 (linux64, Java) logging started qui 05 dez 2024 10:49:36 -03

Set parameter Username
Academic license - for non-commercial use only - expires 2025-10-10
Set parameter NonConvex to value 2
Set parameter TimeLimit to value 3600
Set parameter LogToConsole to value 0
Set parameter MIPGap to value 7.7716481645149384e-08
Set parameter Threads to value 2
Set parameter NodefileDir to value "/home/ps12398/experiment_hosp/goalProgrammingMarcos/"
Set parameter NodefileStart to value 1
Gurobi Optimizer version 11.0.3 build v11.0.3rc0 (linux64)

CPU model: Intel(R) Xeon(R) CPU           X5650  @ 2.67GHz, instruction set [SSE2]
Thread count: 12 physical cores, 24 logical processors, using up to 2 threads

Optimize a model with 149791 rows, 101033 columns and 647494 nonzeros
Model fingerprint: 0xc22f6c5c
Model has 229 quadratic constraints
Variable types: 50406 continuous, 50627 integer (224 binary)
Coefficient statistics:
  Matrix range     [4e-03, 4e+06]
  QMatrix range    [4e-03, 7e+04]
  QLMatrix range   [1e+00, 7e+04]
  Objective range  [1e+00, 3e+07]
  Bounds range     [1e+00, 1e+08]
  RHS range        [1e+00, 1e+06]
  QRHS range       [3e-03, 3e-03]
Presolve removed 148315 rows and 99311 columns
Presolve time: 0.46s
Presolved: 2990 rows, 2186 columns, 193518 nonzeros
Presolved model has 2 SOS constraint(s)
Presolved model has 224 bilinear constraint(s)

Solving non-convex MIQCP

Variable types: 796 continuous, 1390 integer (226 binary)
Found heuristic solution: objective 1.253532e+07

Root relaxation: objective 4.638547e+05, 717 iterations, 0.10 seconds (0.07 work units)

    Nodes    |    Current Node    |     Objective Bounds      |     Work
 Expl Unexpl |  Obj  Depth IntInf | Incumbent    BestBd   Gap | It/Node Time

     0     0 463854.719    0  368 1.2535e+07 463854.719  96.3%     -    1s
H    0     0                    9680132.4780 463854.719  95.2%     -    1s
     0     0 1257165.99    0  434 9680132.48 1257165.99  87.0%     -    2s
     0     0 1563086.57    0  425 9680132.48 1563086.57  83.9%     -    2s
     0     0 2556593.32    0  570 9680132.48 2556593.32  73.6%     -    3s
     0     0 2574786.58    0  573 9680132.48 2574786.58  73.4%     -    4s
     0     0 2658728.10    0  584 9680132.48 2658728.10  72.5%     -    5s
     0     0 2662973.92    0  622 9680132.48 2662973.92  72.5%     -    6s
     0     0 2712130.26    0  586 9680132.48 2712130.26  72.0%     -    8s
     0     0 2715290.26    0  611 9680132.48 2715290.26  71.9%     -    8s
     0     0 2739953.13    0  646 9680132.48 2739953.13  71.7%     -   10s
H    0     0                    7137764.5309 2740565.31  61.6%     -   10s
H    0     0                    6901945.7848 2740565.31  60.3%     -   10s
     0     0 2745754.26    0  633 6901945.78 2745754.26  60.2%     -   10s
     0     0 2770125.04    0  644 6901945.78 2770125.04  59.9%     -   11s
     0     0 2770815.27    0  671 6901945.78 2770815.27  59.9%     -   11s
     0     0 2799165.90    0  678 6901945.78 2799165.90  59.4%     -   11s
     0     0 2799892.34    0  668 6901945.78 2799892.34  59.4%     -   12s
     0     0 2799994.50    0  688 6901945.78 2799994.50  59.4%     -   12s
H    0     0                    6899735.6984 2800154.02  59.4%     -   12s
     0     0 2800154.02    0  678 6899735.70 2800154.02  59.4%     -   12s
     0     0 2800154.02    0  679 6899735.70 2800154.02  59.4%     -   12s
     0     0 2800362.98    0  679 6899735.70 2800362.98  59.4%     -   14s
     0     2 2802420.50    0  679 6899735.70 2802420.50  59.4%     -   16s
    22    25 2834582.02    7  584 6899735.70 2815907.65  59.2%   108   20s
H   27    29                    6866328.8536 2815907.65  59.0%   106   20s
H   82    86                    6854384.8701 2815907.65  58.9%  67.3   24s
    85    89 3064693.48   24  487 6854384.87 2815907.65  58.9%  66.7   25s
H  113   116                    6854360.8572 2815907.65  58.9%  60.9   26s
H  139   147                    6851088.9858 2815907.65  58.9%  55.5   28s
H  173   177                    6848959.9498 2815907.65  58.9%  51.0   29s
H  176   181                    6546398.1444 2815907.65  57.0%  51.4   30s
   310   351 4048646.21  102  349 6546398.14 2815907.65  57.0%  48.1   35s
H  410   412                    6397541.1424 2815907.65  56.0%  38.3   38s
   465   518 4058850.88  168  331 6397541.14 2815907.65  56.0%  33.9   40s
   623   653 4058615.14  231  323 6397541.14 2815907.65  56.0%  25.7   46s
   709   773 4059396.36  262  323 6397541.14 2815907.65  56.0%  22.7   50s
   904   986 4078528.00  359  324 6397541.14 2815907.65  56.0%  18.2   55s
H 1030  1050                    6397497.6689 2815907.65  56.0%  16.2   56s
  1135  1223 4082534.96  458  308 6397497.67 2815907.65  56.0%  15.2   60s
  1401  1520 4085898.91  532  301 6397497.67 2815907.65  56.0%  13.1   66s
  1597  1724 4087016.87  604  302 6397497.67 2815907.65  56.0%  11.8   70s
  1936  2030 4088813.23  731  300 6397497.67 2815907.65  56.0%   9.9   77s
  2029  2156 4089359.70  765  299 6397497.67 2815907.65  56.0%   9.6   80s
H 2155  2244                    6306693.2114 2815907.65  55.4%   9.1   82s
  2243  2406 4297755.55  831  357 6306693.21 2815907.65  55.4%   9.1   87s
  2405  2522 4317784.04  895  340 6306693.21 2815907.65  55.4%   8.8   90s
  2668  2783 4348317.10  997  329 6306693.21 2815907.65  55.4%   8.5   96s
  2899  3076 4366956.15 1103  339 6306693.21 2815907.65  55.4%   8.1  102s
  3162  3285 4388076.40 1207  332 6306693.21 2815907.65  55.4%   7.7  105s
  3558  3699 4401543.27 1357  312 6306693.21 2815907.65  55.4%   7.3  112s
H 3698  3699                    6306533.6146 2815907.65  55.3%   7.2  118s
  3699  3700 4239347.38  480  472 6306533.61 2815907.65  55.3%   7.2  122s
  3712  3709 4312000.22  853  468 6306533.61 3001298.64  52.4%   7.1  125s
  3733  3723 4238149.03  446  459 6306533.61 3118025.28  50.6%   7.1  130s
H 3735  3537                    6286717.2024 3127897.88  50.2%   7.1  131s
  3761  3554 4326521.59  930  471 6286717.20 3152916.31  49.8%   7.1  135s
H 3763  3377                    6285079.0650 3153158.00  49.8%   7.0  135s
H 3771  3212                    6267958.4576 3153286.98  49.7%   7.0  136s
  3789  3224 4272296.00  837  465 6267958.46 3160584.80  49.6%   7.0  140s
H 3801  3068                    6266560.2342 3162700.86  49.5%   7.0  142s
H 3819  2924                    6226430.2220 3164670.52  49.2%   6.9  145s
  3848  2945 4078052.64  336  460 6226430.22 3171426.87  49.1%  11.7  150s
H 3850  2798                    6127340.7970 3171799.00  48.2%  11.6  150s
  3877  2816 4334013.51 1383  447 6127340.80 3172005.60  48.2%  11.6  156s
H 3905  2696                    6085471.2831 3180500.60  47.7%  16.0  159s
H 3906  2562                    5970611.2372 3180500.60  46.7%  16.1  159s
  3909  2567 3278443.56   30  620 5970611.24 3180500.60  46.7%  16.6  160s
H 3961  2474                    5901800.0176 3180500.60  46.1%  19.7  163s
H 3990  2372                    5896276.1200 3180500.60  46.1%  20.3  164s
H 3993  2256                    5810368.6943 3180500.60  45.3%  20.4  164s
  4010  2277 3489038.92   54  454 5810368.69 3180500.60  45.3%  20.9  165s
H 4022  2167                    5783177.8488 3180500.60  45.0%  21.2  166s
H 4050  2087                    5781353.5487 3180500.60  45.0%  21.5  167s
H 4082  2009                    5781321.9568 3180500.60  45.0%  21.9  168s
H 4087  1913                    5744914.8555 3180500.60  44.6%  22.0  168s
H 4118  1843                    5698542.6527 3180500.60  44.2%  22.4  169s
  4120  1869 3887110.73   80  408 5698542.65 3180500.60  44.2%  22.4  170s
H 4147  1777                    5698347.4148 3180500.60  44.2%  22.7  171s
H 4148  1697                    5693648.6155 3180500.60  44.1%  22.7  171s
H 4191  1686                    5685717.5401 3180500.60  44.1%  23.1  172s
H 4241  1616                    5604276.3075 3180500.60  43.2%  23.1  173s
H 4267  1578                    5558182.5358 3180500.60  42.8%  23.1  174s
  4289  1642 4239954.46  116  342 5558182.54 3180500.60  42.8%  23.0  175s
H 4321  1566                    5467548.1634 3180500.60  41.8%  22.9  175s
H 4360  1563                    5466997.7879 3180500.60  41.8%  22.7  176s
H 4399  1491                    5450092.0999 3180500.60  41.6%  22.5  176s
H 5464  2220                    5380975.6595 3180500.60  40.9%  19.1  180s
H 5596  2191                    5379757.4372 3180500.60  40.9%  18.7  181s
H 5627  2130                    5379730.3218 3180500.60  40.9%  18.6  181s
  6358  2728 4333120.52  611  247 5379730.32 3180500.60  40.9%  16.7  185s
  8010  4269 4337335.30 1034  209 5379730.32 3180500.60  40.9%  13.9  190s
H 8089  4269                    5378798.5159 3180500.60  40.9%  13.8  190s
  9790  6156 5075097.84 1459  325 5378798.52 3180500.60  40.9%  12.0  195s
H10778  6939                    5371792.6560 3180500.60  40.8%  11.4  197s
H11131  7305                    5336267.6452 3180500.60  40.4%  11.2  198s
 11377  7689 5113065.15 1834  288 5336267.65 3180500.60  40.4%  11.1  200s
H11921  8069                    5289397.5806 3180500.60  39.9%  11.0  202s
H12338  8493                    5288032.8169 3180500.60  39.9%  10.8  203s
H12540  8742                    5266971.1555 3180500.60  39.6%  10.8  205s
H12563  8742                    5227491.1816 3180500.60  39.2%  10.8  205s
H13267  9462                    5223406.8727 3180500.60  39.1%  10.6  208s
H13596  9841                    5214605.9705 3180500.60  39.0%  10.6  209s
H13717  9841                    5182569.8342 3180500.60  38.6%  10.5  209s
 13718 10016 5136079.81 2255  257 5182569.83 3180500.60  38.6%  10.5  210s
H14529 10710                    5179147.6688 3180500.60  38.6%  10.2  214s
H14599 10488                    5143946.3321 3180500.60  38.2%  10.2  214s
 14643 10560     cutoff 2433      5143946.33 3180625.72  38.2%  10.2  215s
H15527 11069                    5129523.5507 3180625.72  38.0%  10.1  220s
H15766 10427                    5095420.1871 3180625.72  37.6%  10.1  221s
H16059  9972                    5041588.4768 3180625.72  36.9%  10.2  223s
H16098  9954                    5041073.5276 3180625.72  36.9%  10.3  224s
 16123  9966 3340795.92   44  567 5041073.53 3180625.72  36.9%  10.5  225s
H16129  9966                    5036822.9052 3180625.72  36.9%  10.5  225s
H16146  9983                    5036389.8703 3180625.72  36.8%  10.7  226s
H16172 10012                    5027856.2742 3180625.72  36.7%  11.0  227s
H16209 10050                    5026836.0492 3180625.72  36.7%  11.2  229s
H16216 10048                    5020865.8919 3180625.72  36.7%  11.2  229s
 16232 10074 3823066.80   83  401 5020865.89 3180625.72  36.7%  11.4  230s
H16310 10144                    5020818.9840 3180625.72  36.7%  11.6  233s
 16369 10224 4249569.52  134  345 5020818.98 3180625.72  36.7%  11.8  236s
H16381 10218                    5009041.2305 3180625.72  36.5%  11.8  236s
 17031 10921 4335061.66  370  260 5009041.23 3180625.72  36.5%  12.0  240s
 18050 12012 4350333.69  608  221 5009041.23 3180625.72  36.5%  11.7  245s
H18546 12276                    5003243.5793 3180625.72  36.4%  11.8  249s
 18559 12278 4711553.10  810  297 5003243.58 3180625.72  36.4%  11.8  250s
H18618 12359                    5003236.5587 3180625.72  36.4%  11.8  251s
H18924 12672                    5000673.9457 3180625.72  36.4%  12.0  254s
H18987 12901                    4999496.5547 3180625.72  36.4%  12.0  255s
 19649 13426 3263653.85   28  686 4999496.55 3180819.90  36.4%  12.1  260s
H20068 13577                    4961823.1355 3180819.90  35.9%  12.2  263s
 20210 13742 3332617.19   34  659 4961823.14 3180819.90  35.9%  12.3  265s
H20213 13722                    4948510.9585 3180819.90  35.7%  12.3  265s
H20476 13986                    4948110.8783 3180819.90  35.7%  12.5  269s
H20485 13982                    4945487.5185 3180819.90  35.7%  12.6  269s
 20561 13978 3503317.82   46  558 4945487.52 3180819.90  35.7%  12.6  270s
H20596 13856                    4934888.6718 3180819.90  35.5%  12.8  271s
H20664 13945                    4934401.1312 3180819.90  35.5%  13.3  275s
H20721 12801                    4884501.6118 3180819.90  34.9%  13.6  277s
H21072 12997                    4878314.6754 3180819.90  34.8%  13.6  279s
H21090 12911                    4868101.7316 3180819.90  34.7%  13.6  279s
 21091 13098 4619624.66  275  333 4868101.73 3180819.90  34.7%  13.6  280s
H21892 13844                    4865792.2036 3180819.90  34.6%  13.6  284s
H21932 13840                    4863367.1001 3180819.90  34.6%  13.7  284s
 22042 14210 4659256.73  637  237 4863367.10 3180819.90  34.6%  13.6  285s
 23177 15191 4660623.37  835  237 4863367.10 3180819.90  34.6%  13.5  290s
 24175 16227 4662227.67 1069  237 4863367.10 3180819.90  34.6%  13.4  295s
H25372 17406                    4855626.6914 3180819.90  34.5%  12.8  299s
 25682 17897 4665136.38 1466  237 4855626.69 3180819.90  34.5%  12.7  300s
H26570 18483                    4852022.2453 3180819.90  34.4%  12.4  302s
H26930 18537                    4851185.5121 3180819.90  34.4%  12.2  303s
H26991 18525                    4851039.4202 3180819.90  34.4%  12.3  303s
 27529 19452 4673377.33 1944  240 4851039.42 3180819.90  34.4%  12.3  305s
H28297 19970                    4845836.5138 3180819.90  34.4%  12.0  307s
 28982 20486 4675449.21 2239  240 4845836.51 3180819.90  34.4%  11.9  310s
H29421 20975                    4845836.4843 3180819.90  34.4%  11.8  313s
H29685 21044                    4830055.8251 3180819.90  34.1%  11.7  314s
 29765 21360 4678864.68 2385  240 4830055.83 3180819.90  34.1%  11.7  315s
H30630 22152                    4829283.7902 3180819.90  34.1%  11.6  317s
 31378 22805 4685194.80 2770  238 4829283.79 3180819.90  34.1%  11.6  320s
H31406 22805                    4829048.6411 3180819.90  34.1%  11.6  320s
H32530 23810                    4828950.1112 3180819.90  34.1%  11.5  324s
H32727 24007                    4828045.7890 3180819.90  34.1%  11.5  324s
 32728 24262 4690171.20 3038  241 4828045.79 3180819.90  34.1%  11.5  325s
H33063 24388                    4827420.9173 3180819.90  34.1%  11.5  326s
H34033 25313                    4826816.2611 3180819.90  34.1%  11.4  329s
 34034 25706 4694607.43 3316  239 4826816.26 3180819.90  34.1%  11.4  330s
H34857 26295                    4820205.8873 3180819.90  34.0%  11.2  333s
 35485 27132 4703084.37 3681  236 4820205.89 3180819.90  34.0%  11.0  335s
 36945 28280 4708407.49 4092  231 4820205.89 3180819.90  34.0%  10.7  340s
 38495 30142 4711074.14 4445  232 4820205.89 3180819.90  34.0%  10.5  345s
H39088 30456                    4820203.4340 3180819.90  34.0%  10.3  346s
 39623 31054 4713714.61 4740  231 4820203.43 3180819.90  34.0%  10.2  350s
H39714 31054                    4819719.2637 3180819.90  34.0%  10.2  350s
H39805 31211                    4818143.3640 3180819.90  34.0%  10.2  351s
H39872 31209                    4814723.3267 3180819.90  33.9%  10.2  351s
H40742 32141                    4812733.8166 3180819.90  33.9%  10.1  354s
 40900 32221 4714847.73 4977  231 4812733.82 3180819.90  33.9%  10.1  355s
H42199 33442                    4811500.9084 3180819.90  33.9%  10.2  359s
 42273 33495 4724513.21 5366  255 4811500.91 3180819.90  33.9%  10.2  360s
H42528 33625                    4802061.0381 3180819.90  33.8%  10.4  361s
H43165 34125                    4799773.4830 3180819.90  33.7%  10.5  364s
 43419 34422     cutoff 5611      4799773.48 3180819.90  33.7%  10.5  366s
H44064 34911                    4799158.8156 3180819.90  33.7%  10.5  368s
 44412 35181 4725341.37 5778  253 4799158.82 3180819.90  33.7%  10.4  370s
H44964 35518                    4795788.3804 3180819.90  33.7%  10.4  372s
 45609 36116     cutoff 5997      4795788.38 3180819.90  33.7%  10.4  375s
H46238 35693                    4792800.4842 3180819.90  33.6%  10.5  378s
 46674 36023     cutoff 6305      4792800.48 3194320.96  33.4%  10.6  380s
H47249 36436                    4792800.4628 3198349.13  33.3%  11.5  385s
H47256 36290                    4784312.8500 3198349.13  33.1%  11.5  385s
 48014 37187 4555293.80  335  303 4784312.85 3198349.13  33.1%  12.1  390s
 49603 38825 4578485.76 1062  230 4784312.85 3198349.13  33.1%  12.1  395s
 50965 40156 4633277.92 1680  205 4784312.85 3198349.13  33.1%  12.3  400s
 52243 41178 4680280.68 2266  195 4784312.85 3198349.13  33.1%  12.3  405s
 53467 42031 4696291.08 2815  194 4784312.85 3198349.13  33.1%  12.5  410s
 54956 43539 4704808.25 3505  194 4784312.85 3198349.13  33.1%  12.5  415s
 55757 43957 3408690.92   33  587 4784312.85 3202782.30  33.1%  12.8  420s
 56205 44217 4031422.37   91  403 4784312.85 3202782.30  33.1%  13.3  425s
 56896 44906 4422328.86  277  315 4784312.85 3202782.30  33.1%  13.5  430s
 57940 45371 4427488.22  515  293 4784312.85 3202782.30  33.1%  14.1  435s
 58780 45785 4427598.43  669  293 4784312.85 3202782.30  33.1%  14.6  440s
 59759 46571 4428271.54  810  293 4784312.85 3202782.30  33.1%  15.1  445s
H60026 46590                    4784312.8480 3202782.30  33.1%  15.1  446s
 60376 47162 4428891.58  855  293 4784312.85 3202782.30  33.1%  15.1  450s
 61569 48608 4431263.44  937  287 4784312.85 3202782.30  33.1%  15.1  455s
 64046 50851 4443061.13 1506  240 4784312.85 3202782.30  33.1%  14.6  461s
 64765 50979 3458720.56   49  548 4784312.85 3202862.16  33.1%  14.7  465s
 65029 51381 4115166.14  113  399 4784312.85 3202862.16  33.1%  15.1  470s
 65697 52115 3334808.30   33  644 4784312.85 3209239.05  32.9%  15.3  475s
 67076 53609 3618308.78   55  521 4784312.85 3209239.05  32.9%  15.1  481s
 68554 54946 4191058.58   94  408 4784312.85 3209239.05  32.9%  14.9  485s
 70511 57021 4656172.23  743  320 4784312.85 3209239.05  32.9%  14.6  490s
 72619 59168 4677848.62 1944  277 4784312.85 3209239.05  32.9%  14.3  495s
 74868 61450 4684367.00 3290  272 4784312.85 3209239.05  32.9%  13.9  500s
 78027 64509 4694326.87 5277  272 4784312.85 3209239.05  32.9%  13.4  505s
 80347 66734 4720445.60 6170  251 4784312.85 3209239.05  32.9%  13.2  510s
 82609 68954 4726572.65 7445  247 4784312.85 3209239.05  32.9%  12.9  515s
 84815 71203 4741105.60 8589  240 4784312.85 3209239.05  32.9%  12.6  520s
 86275 72358 4757183.76 9546  254 4784312.85 3209239.05  32.9%  12.5  525s
 87220 73282 4764025.23 10227  263 4784312.85 3209239.05  32.9%  12.5  530s
 87530 73477 3566699.30   53  528 4784312.85 3217502.83  32.7%  12.8  537s
H87536 73467                    4783699.5022 3217502.83  32.7%  12.8  537s
 87771 73784 4232321.67  117  334 4783699.50 3217502.83  32.7%  12.9  540s
H88546 74586                    4783685.1956 3217502.83  32.7%  13.0  544s
H88647 74586                    4783683.3048 3217502.83  32.7%  13.0  544s
 88856 75074 4599848.41  842  307 4783683.30 3217502.83  32.7%  12.9  545s
 91266 77558 4620474.17 2283  279 4783683.30 3217502.83  32.7%  12.6  550s
 94932 81058 4647091.99 4028  253 4783683.30 3217502.83  32.7%  12.2  555s
 97703 83848 4655249.22 5296  241 4783683.30 3217502.83  32.7%  11.9  560s
 99931 85973 4659931.03 5827  238 4783683.30 3217502.83  32.7%  11.7  565s
H101320 87238                    4782610.7477 3217502.83  32.7%  11.6  567s
 102418 88466 4664496.84 6275  238 4782610.75 3217502.83  32.7%  11.5  570s
 104948 91013 4682057.64 6670  233 4782610.75 3217502.83  32.7%  11.3  575s
H106200 92150                    4782038.2854 3217502.83  32.7%  11.2  577s
H106299 91982                    4780379.7361 3217502.83  32.7%  11.2  577s
 107070 92719 3265131.56   30  668 4780379.74 3220431.91  32.6%  11.2  580s
H107248 91885                    4768041.5546 3220431.91  32.5%  11.2  584s
 107368 91944 3431420.19   38  609 4768041.55 3220431.91  32.5%  11.2  585s
 108441 92924 3773213.82   73  492 4768041.55 3220431.91  32.5%  11.2  590s
H109218 92644                    4761315.3553 3220431.91  32.4%  11.3  593s
 109646 93246 4398235.44  894  262 4761315.36 3220431.91  32.4%  11.3  595s
H111568 95078                    4761286.0552 3220431.91  32.4%  11.2  600s
H111654 94514                    4758508.6613 3220431.91  32.3%  11.2  600s
H112965 94691                    4751379.7620 3220431.91  32.2%  11.2  604s
 112972 94914 4446517.53 3862  255 4751379.76 3220431.91  32.2%  11.2  605s
H113545 95121                    4747766.4789 3220431.91  32.2%  11.1  609s
H113613 95121                    4747760.5043 3220431.91  32.2%  11.1  609s
 114117 95890 4450584.09 4963  255 4747760.50 3220431.91  32.2%  11.1  610s
H114856 96314                    4747382.1745 3220431.91  32.2%  11.1  611s
H114857 96442                    4747376.5887 3220431.91  32.2%  11.1  612s
 116025 97750 4464859.72 6712  247 4747376.59 3220431.91  32.2%  11.0  615s
H117841 99262                    4747089.1379 3220431.91  32.2%  10.9  619s
 118141 99904 4471563.83 7800  225 4747089.14 3220431.91  32.2%  10.9  620s
H120079 101340                    4745855.2073 3220431.91  32.1%  10.8  623s
 121211 102640 4479410.86 8569  224 4745855.21 3220431.91  32.1%  10.7  625s
H123319 104121                    4743509.1382 3220431.91  32.1%  10.5  628s
 123628 104431 4483906.28 9489  224 4743509.14 3220431.91  32.1%  10.5  630s
 124918 105647 4495286.27 10271  221 4743509.14 3220431.91  32.1%  10.5  635s
H125901 106543                    4743499.4364 3220431.91  32.1%  10.4  638s
H125907 106467                    4743027.3714 3220431.91  32.1%  10.5  638s
 126265 106931 4510853.14 11530  223 4743027.37 3220431.91  32.1%  10.5  640s
H126933 107492                    4742968.5225 3220431.91  32.1%  10.5  642s
 127549 108179 4523805.64 12513  223 4742968.52 3220431.91  32.1%  10.5  645s
H127667 107694                    4741417.2818 3220431.91  32.1%  10.5  645s
 128789 108826     cutoff 12874      4741417.28 3220431.91  32.1%  10.4  650s
H129210 108127                    4738169.5186 3226408.06  31.9%  10.4  652s
 130101 109166 3598354.99   41  603 4738169.52 3226408.06  31.9%  10.4  655s
 131617 110516 3326632.66   28  692 4738169.52 3228966.98  31.9%  10.4  660s
H131621 109888                    4734779.8709 3228966.98  31.8%  10.4  660s
H132765 110936                    4732756.2570 3228966.98  31.8%  10.4  663s
 133230 111478 3694497.10   54  559 4732756.26 3228966.98  31.8%  10.4  665s
H133579 111524                    4729565.6374 3228966.98  31.7%  10.4  666s
 134162 112291 4017537.15   66  528 4729565.64 3228966.98  31.7%  10.4  670s
H134705 112160                    4726233.8656 3228966.98  31.7%  10.4  671s
H135121 112339                    4726091.1513 3228966.98  31.7%  10.4  673s
 135345 112569 3286341.55   29  677 4726091.15 3228972.52  31.7%  10.4  675s
H136205 113232                    4725939.3745 3228972.52  31.7%  10.4  678s
 136685 113716 4655903.02  206  329 4725939.37 3228972.52  31.7%  10.4  680s
H136884 113607                    4725785.6570 3228972.52  31.7%  10.4  681s
 137871 114632 3643080.96   57  487 4725785.66 3233823.12  31.6%  10.4  685s
H138521 115027                    4725751.7950 3233846.60  31.6%  10.5  687s
 138591 115104 4591094.97   88  439 4725751.79 3234095.46  31.6%  10.5  690s
H138666 113530                    4724209.9058 3234095.46  31.5%  10.6  691s
 138922 113719 3481707.34   41  592 4724209.91 3234959.10  31.5%  10.7  697s
H138947 113579                    4723626.8373 3234959.10  31.5%  10.7  697s
 139214 113740 4490726.91   98  370 4723626.84 3236045.76  31.5%  10.7  700s
H139750 114165                    4722431.6252 3236045.76  31.5%  10.8  703s
 140428 115099 4533079.08  464  255 4722431.63 3236045.76  31.5%  10.8  705s
H142184 116274                    4721931.5334 3236048.50  31.5%  10.7  709s
 142333 116571 3304242.20   29  628 4721931.53 3236048.50  31.5%  10.7  710s
 144382 118697 4442041.79  271  267 4721931.53 3236048.50  31.5%  10.6  715s
 147337 121751 4473623.56 1770  217 4721931.53 3236048.50  31.5%  10.4  720s
 149999 124345 4483406.41 3161  209 4721931.53 3236048.50  31.5%  10.2  725s
 153680 127688 4496364.38 5451  211 4721931.53 3236048.50  31.5%  10.1  730s
 154204 128147 4502765.83 5966  209 4721931.53 3236048.50  31.5%  10.1  735s
 154967 129008 4511808.95 6695  211 4721931.53 3236048.50  31.5%  10.1  740s
 156355 130386 4537836.95 7944  210 4721931.53 3236048.50  31.5%  10.2  745s
H157530 129388                    4714814.0442 3236048.50  31.4%  10.1  748s
 158074 129991 4597678.01 9547  200 4714814.04 3236048.50  31.4%  10.1  750s
H158625 130302                    4714736.8173 3236048.50  31.4%  10.1  752s
H158651 129941                    4713782.3091 3236048.50  31.3%  10.1  752s
 159291 130549 4604133.53 10658  201 4713782.31 3236048.50  31.3%  10.1  755s
H159395 130481                    4712826.5019 3236048.50  31.3%  10.1  756s
H160550 131378                    4712127.8401 3236048.50  31.3%  10.1  760s
H160807 131053                    4711174.6324 3236137.42  31.3%  10.1  761s
H161076 131312                    4711087.9395 3236144.38  31.3%  10.1  763s
 161307 131696 3772776.96   57  512 4711087.94 3236144.38  31.3%  10.1  765s
H162254 132549                    4711067.5640 3236144.38  31.3%  10.1  768s
H162403 132674                    4711021.5951 3236144.38  31.3%  10.1  768s
 162838 133118 3485660.18   30  655 4711021.60 3236144.38  31.3%  10.1  770s
 164346 134505 3685541.04   49  528 4711021.60 3236144.38  31.3%  10.0  775s
 165936 136204 4696909.82  117  393 4711021.60 3236159.78  31.3%  10.0  780s
 167877 138205 3448028.02   46  604 4711021.60 3236224.66  31.3%  10.0  785s
H168504 138470                    4710221.8285 3236224.66  31.3%  10.0  786s
 169304 139317 3754203.47   59  502 4710221.83 3236224.66  31.3%  10.0  790s
 170731 140742 3282976.59   33  651 4710221.83 3236293.40  31.3%   9.9  795s
H171167 140890                    4709125.9795 3236293.40  31.3%   9.9  796s
H172295 142024                    4708887.0112 3236293.40  31.3%   9.9  799s
 172496 142347 4461684.91  149  354 4708887.01 3236293.40  31.3%   9.9  800s
H173152 142764                    4708627.2430 3236293.40  31.3%   9.9  802s
H173172 142432                    4708011.8902 3236511.47  31.3%   9.9  802s
H173900 143050                    4707938.3050 3236511.47  31.3%   9.9  804s
 174038 143218 4098514.37   75  508 4707938.31 3236511.47  31.3%   9.9  805s
H174449 143448                    4707810.6745 3236963.31  31.2%  10.0  807s
 174804 143858 3608582.54   51  531 4707810.67 3236963.31  31.2%  10.0  810s
 175910 145000 4270489.58  111  395 4707810.67 3237966.85  31.2%  10.1  815s
 176758 145807 3493463.95   48  568 4707810.67 3237966.85  31.2%  10.2  820s
 177801 146874 3836736.93   67  509 4707810.67 3237966.85  31.2%  10.2  825s
H178070 146731                    4707102.7966 3237966.85  31.2%  10.3  826s
 178469 147000 3356154.80   36  611 4707102.80 3240889.24  31.1%  10.3  830s
H178530 147076                    4707102.0004 3240889.24  31.1%  10.3  831s
H178555 146144                    4704072.5274 3240889.24  31.1%  10.3  831s
H178676 146118                    4703799.0519 3240889.24  31.1%  10.4  832s
H178691 144962                    4701633.3377 3243291.38  31.0%  10.4  832s
H178722 144844                    4701422.2721 3243291.38  31.0%  10.4  833s
 178785 144939 3677033.80   44  566 4701422.27 3243291.38  31.0%  10.4  835s
H178803 143925                    4700195.3769 3243291.38  31.0%  10.4  835s
H178853 143942                    4700178.5888 3243291.38  31.0%  10.5  835s
H179268 143952                    4698279.6440 3244567.65  30.9%  10.5  839s
 179541 144023 3726844.78   51  559 4698279.64 3244567.65  30.9%  10.5  840s
 180869 145235 3527961.87   39  577 4698279.64 3246402.46  30.9%  10.5  845s
H180897 145234                    4698215.1389 3246402.46  30.9%  10.5  846s
 181125 145417 3573549.86   48  550 4698215.14 3247119.38  30.9%  10.6  850s
H181246 145460                    4698080.7146 3247512.55  30.9%  10.7  853s
 181284 145535 3592133.58   39  602 4698080.71 3247512.55  30.9%  10.7  855s
 181459 145691 4126799.39   58  501 4698080.71 3247512.55  30.9%  10.8  860s
H181546 145057                    4696462.4639 3247512.55  30.9%  10.9  862s
H181612 144528                    4695692.9692 3247512.55  30.8%  10.9  863s
 181739 144571 3385642.81   34  589 4695692.97 3248554.47  30.8%  10.9  865s
 182520 145323     cutoff  511      4695692.97 3255311.82  30.7%  11.0  870s
H182685 144152                    4694290.3832 3255311.82  30.7%  11.0  872s
 183144 144906 4680648.61  106  378 4694290.38 3256830.26  30.6%  11.1  875s
 184409 146054 3685941.56   46  596 4694290.38 3256830.26  30.6%  11.1  880s
 185973 147605 4635823.85   76  491 4694290.38 3257160.70  30.6%  11.0  885s
 187421 149157 3626308.50   55  523 4694290.38 3257160.70  30.6%  11.0  891s
 188686 150462 4203649.61  107  361 4694290.38 3257160.70  30.6%  11.0  895s
 189956 151731 3621986.62   55  571 4694290.38 3257243.39  30.6%  11.0  900s
 191825 153761 4236539.80   99  390 4694290.38 3257595.31  30.6%  10.9  905s
 194436 156101 4536763.24 1568  252 4694290.38 3257595.31  30.6%  10.8  910s
 195559 157132 4541265.96 2645  243 4694290.38 3257595.31  30.6%  10.8  915s
 197517 159021 4599841.74 4521  236 4694290.38 3257595.31  30.6%  10.7  920s
 198602 159853 3360887.40   42  645 4694290.38 3258424.38  30.6%  10.8  925s
 199256 160748 4522998.83  551  286 4694290.38 3258424.38  30.6%  10.8  930s
 200834 162188 4573754.59 2015  248 4694290.38 3258424.38  30.6%  10.8  935s
 202480 163833 4587199.06 3482  243 4694290.38 3258424.38  30.6%  10.8  940s
 202879 163994 3314078.89   33  680 4694290.38 3258642.29  30.6%  10.9  945s
 203178 164248 3412069.98   37  581 4694290.38 3259126.18  30.6%  11.0  950s
 203754 164751 3662611.41   66  484 4694290.38 3259439.43  30.6%  11.1  955s
 204100 165065 3973973.89   89  416 4694290.38 3260142.11  30.6%  11.2  960s
 204553 165424 3364245.54   39  615 4694290.38 3260448.30  30.5%  11.3  965s
 205321 166127 3341621.13   32  624 4694290.38 3260504.54  30.5%  11.4  970s
 205546 166324 3758502.68   54  541 4694290.38 3260577.40  30.5%  11.5  975s
 206095 166959 3486711.73   40  566 4694290.38 3260592.63  30.5%  11.6  980s
 206648 167512 4455829.85   87  414 4694290.38 3260592.63  30.5%  11.6  985s
 207324 167884 3588004.24   72  475 4694290.38 3260618.91  30.5%  11.7  990s
 207811 168625 4282002.05  204  308 4694290.38 3260618.91  30.5%  11.8  995s
 209223 170085 4296285.75 1485  261 4694290.38 3260618.91  30.5%  11.7 1000s
 210989 172215 4303653.27 2966  251 4694290.38 3260618.91  30.5%  11.7 1005s
 214761 175727 4312866.29 5060  240 4694290.38 3260618.91  30.5%  11.5 1010s
 217204 177805 4665779.85 6071  242 4694290.38 3260620.77  30.5%  11.4 1015s
 218615 179185 4258566.18   78  428 4694290.38 3260645.03  30.5%  11.4 1020s
 219629 180156 3527685.59   48  611 4694290.38 3260713.50  30.5%  11.4 1025s
 221072 181707 3510407.95   50  567 4694290.38 3260764.09  30.5%  11.4 1030s
 223205 183724 4642886.39  390  338 4694290.38 3260764.09  30.5%  11.3 1035s
 224918 185392 4613893.26  481  308 4694290.38 3260777.38  30.5%  11.3 1040s
 226576 186924 3278582.72   27  651 4694290.38 3260777.38  30.5%  11.3 1045s
 227252 187360 3435571.65   52  589 4694290.38 3260844.95  30.5%  11.4 1050s
 228217 188587 4569499.95  427  285 4694290.38 3260844.95  30.5%  11.4 1055s
 229514 189358 3396000.96   37  543 4694290.38 3260940.84  30.5%  11.5 1060s
 230188 190094 4194730.25  286  298 4694290.38 3260940.84  30.5%  11.6 1065s
 231316 191321 4205982.45  838  265 4694290.38 3260940.84  30.5%  11.6 1070s
 232576 192545 4216510.62 1440  240 4694290.38 3260940.84  30.5%  11.6 1075s
 233726 193651 4228608.20 1990  226 4694290.38 3260940.84  30.5%  11.5 1080s
 235066 194984 3371284.20   35  613 4694290.38 3261233.06  30.5%  11.5 1085s
 235930 195633     cutoff  112      4694290.38 3261233.06  30.5%  11.5 1090s
 236809 196609 3405995.55   33  614 4694290.38 3261346.20  30.5%  11.6 1095s
 237685 197450 4245449.09  129  326 4694290.38 3261346.20  30.5%  11.6 1100s
 239473 199569 4256874.08 1210  281 4694290.38 3261346.20  30.5%  11.5 1106s
 242161 202012 4276076.58 2927  261 4694290.38 3261346.20  30.5%  11.4 1110s
 244602 204546 4279824.04 4162  261 4694290.38 3261346.20  30.5%  11.3 1115s
 246922 206706 4287215.75 5279  253 4694290.38 3261346.20  30.5%  11.2 1120s
 249159 208994 4293668.91 6323  249 4694290.38 3261346.20  30.5%  11.1 1125s
 251673 211431 4300165.84 7213  234 4694290.38 3261346.20  30.5%  11.0 1130s
 254850 214595 4330932.19 8899  241 4694290.38 3261346.20  30.5%  10.9 1135s
 256578 216065 4342379.32 9884  231 4694290.38 3261346.20  30.5%  10.9 1140s
 257755 217207 4571525.72 10785  317 4694290.38 3261346.20  30.5%  10.9 1145s
 258336 217584 4618445.45 10949  274 4694290.38 3261346.20  30.5%  10.9 1150s
 259481 218768 4661638.27 11939  246 4694290.38 3261346.20  30.5%  10.9 1155s
 260212 219212 3401537.84   38  661 4694290.38 3261596.49  30.5%  11.0 1160s
 260535 219483 3676909.56   47  550 4694290.38 3261686.46  30.5%  11.1 1165s
 260830 219798 3731939.35   71  495 4694290.38 3261814.81  30.5%  11.2 1170s
 261409 220258 3756753.02   62  547 4694290.38 3261814.81  30.5%  11.2 1175s
 261681 220467 4341196.80   76  475 4694290.38 3262707.04  30.5%  11.3 1180s
 261980 220752 3741542.27   68  530 4694290.38 3262717.78  30.5%  11.4 1185s
 262403 221118 3970995.90   89  373 4694290.38 3262717.89  30.5%  11.5 1190s
 262812 221411 3447879.68   48  569 4694290.38 3262758.08  30.5%  11.6 1195s
 263364 221794 3306530.37   38  617 4694290.38 3262854.89  30.5%  11.8 1200s
 263793 222130 3317048.50   35  616 4694290.38 3262859.73  30.5%  11.9 1205s
 264113 222413 3312333.21   45  640 4694290.38 3262892.53  30.5%  12.0 1210s
 264468 222721 3363960.32   41  655 4694290.38 3262919.42  30.5%  12.1 1215s
 264796 222969     cutoff  113      4694290.38 3262993.20  30.5%  12.2 1220s
 265138 223353 4019325.37   69  538 4694290.38 3263049.63  30.5%  12.3 1225s
 265521 223837 4373716.35   88  471 4694290.38 3263068.91  30.5%  12.4 1230s
 266118 224105 3723523.79   61  571 4694290.38 3263084.15  30.5%  12.4 1235s
 266393 224350 3462849.96   44  605 4694290.38 3263157.88  30.5%  12.5 1240s
 266957 225081 3442124.18   50  602 4694290.38 3263170.83  30.5%  12.6 1245s
 268440 226813 4500883.92  589  294 4694290.38 3263170.83  30.5%  12.5 1251s
 269979 228263 4508806.19 1399  278 4694290.38 3263170.83  30.5%  12.5 1256s
 271667 230164 4552850.42 2325  267 4694290.38 3263170.83  30.5%  12.4 1260s
 274383 232725 4562184.42 4229  246 4694290.38 3263170.83  30.5%  12.3 1265s
 276804 234987 4567308.55 5680  233 4694290.38 3263170.83  30.5%  12.2 1270s
 278860 237077 4579153.75 6765  235 4694290.38 3263170.83  30.5%  12.2 1275s
 281232 239333 4593543.29 7924  233 4694290.38 3263170.83  30.5%  12.1 1280s
 282895 241034 4606008.21 8928  233 4694290.38 3263170.83  30.5%  12.1 1285s
 284722 242915 4614593.31 9800  235 4694290.38 3263170.83  30.5%  12.0 1290s
 286839 244838 4623779.25 10853  236 4694290.38 3263170.83  30.5%  12.0 1295s
 288789 246688 4630263.02 11668  234 4694290.38 3263170.83  30.5%  11.9 1300s
 290597 248503 4637327.13 12756  229 4694290.38 3263170.83  30.5%  11.9 1305s
 291835 249660 3544816.71   51  551 4694290.38 3263191.34  30.5%  11.9 1310s
 292964 250706 4586980.59  652  236 4694290.38 3263197.29  30.5%  12.0 1315s
 293340 251085 3711310.20   56  536 4694290.38 3263197.29  30.5%  12.0 1320s
 293914 251662 3370907.64   36  628 4694290.38 3263200.11  30.5%  12.1 1325s
 294515 252234 4284458.39   98  424 4694290.38 3263222.05  30.5%  12.2 1330s
 295252 252949 3280694.43   41  646 4694290.38 3263237.16  30.5%  12.3 1335s
 295668 253104 3292386.25   41  602 4694290.38 3263255.09  30.5%  12.4 1340s
 296058 253585 3708804.91   53  537 4694290.38 3263273.86  30.5%  12.4 1345s
 297310 254771 4140482.02   93  433 4694290.38 3263308.60  30.5%  12.4 1350s
 299829 256928 3402329.95   41  634 4694290.38 3263314.58  30.5%  12.4 1355s
 300259 257261 3328963.65   39  601 4694290.38 3263447.94  30.5%  12.5 1360s
 300577 257580 4422051.66   97  389 4694290.38 3263541.37  30.5%  12.6 1365s
 301484 258546 3428770.69   34  622 4694290.38 3263544.88  30.5%  12.6 1370s
 301952 258815 3547322.06   59  536 4694290.38 3263707.96  30.5%  12.7 1375s
H302096 257093                    4692336.9736 3263707.96  30.4%  12.8 1379s
 302097 257115     cutoff   84      4692336.97 3263707.96  30.4%  12.8 1380s
 302486 257724 3670940.38   77  484 4692336.97 3263802.16  30.4%  12.8 1385s
H303242 257081                    4690435.8389 3263802.16  30.4%  12.8 1388s
 303510 257374 4366201.37  198  318 4690435.84 3263802.16  30.4%  12.8 1390s
 306067 260235 4394092.87 1449  272 4690435.84 3263802.16  30.4%  12.8 1395s
 309070 263157 4401671.61 2962  272 4690435.84 3263802.16  30.4%  12.6 1400s
 312049 265958 4408848.80 4421  268 4690435.84 3263802.16  30.4%  12.5 1405s
 315222 268958 4414511.10 6215  265 4690435.84 3263802.16  30.4%  12.4 1410s
 317567 271185 4426088.09 8408  248 4690435.84 3263802.16  30.4%  12.4 1415s
 319655 273196 4441823.16 10248  240 4690435.84 3263802.16  30.4%  12.4 1420s
 321694 275303 4452385.03 12105  232 4690435.84 3263802.16  30.4%  12.3 1425s
 323813 277244 4459539.87 12730  228 4690435.84 3263802.16  30.4%  12.3 1430s
 325286 278693 4489622.19 13712  233 4690435.84 3263802.16  30.4%  12.2 1435s
 326409 279818 4495323.51 14051  225 4690435.84 3263802.16  30.4%  12.3 1440s
 327569 280793 4495295.25 14051  229 4690435.84 3263802.16  30.4%  12.3 1445s
 328349 281341 3388204.55   43  526 4690435.84 3263951.92  30.4%  12.3 1450s
 330420 283618 3555248.14   48  576 4690435.84 3263991.39  30.4%  12.3 1455s
 331094 284031 3667594.00   54  534 4690435.84 3263991.39  30.4%  12.3 1460s
 331972 285195 4438224.16   71  456 4690435.84 3263991.39  30.4%  12.2 1465s
 333516 286429 4416746.56   82  388 4690435.84 3264014.54  30.4%  12.3 1470s
 333912 286720 3458899.18   36  638 4690435.84 3264205.57  30.4%  12.3 1475s
 334554 287418 4652050.55  396  332 4690435.84 3264358.37  30.4%  12.4 1480s
 335181 288075     cutoff   94      4690435.84 3264543.50  30.4%  12.4 1485s
 336174 289116 3505752.48   52  602 4690435.84 3264543.50  30.4%  12.4 1490s
 338264 291127 4338748.55  108  339 4690435.84 3264568.62  30.4%  12.3 1495s
 338787 291317     cutoff   83      4690435.84 3264769.70  30.4%  12.4 1500s
H338957 291096                    4689966.6010 3264835.44  30.4%  12.4 1503s
 339018 291198 3651537.03   53  548 4689966.60 3264835.44  30.4%  12.5 1505s
 339327 291436 3662462.14   69  483 4689966.60 3265004.25  30.4%  12.5 1510s
H339699 291484                    4689517.3428 3265004.25  30.4%  12.6 1513s
 339892 291842 4275839.20  310  294 4689517.34 3265004.25  30.4%  12.6 1515s
H340782 292661                    4689517.3402 3265004.25  30.4%  12.6 1518s
 341287 293256 4289947.48  958  278 4689517.34 3265004.25  30.4%  12.6 1520s
H341687 293298                    4689284.4382 3265004.25  30.4%  12.6 1522s
H341721 293249                    4689205.8369 3265004.25  30.4%  12.6 1522s
 341898 293471 4652341.99 1211  337 4689205.84 3265004.25  30.4%  12.6 1525s
H342708 293623                    4688319.6088 3265004.25  30.4%  12.6 1529s
 342713 293895 4299598.45 1592  238 4688319.61 3265004.25  30.4%  12.6 1530s
H343789 294653                    4688319.6025 3266277.32  30.3%  12.6 1535s
H343792 294171                    4687727.5597 3266277.32  30.3%  12.6 1535s
H343877 294198                    4687689.3445 3266277.32  30.3%  12.6 1537s
H343885 294192                    4687685.2274 3266277.32  30.3%  12.6 1537s
 344024 294369 3524768.10   49  532 4687685.23 3266759.34  30.3%  12.7 1540s
H344311 292771                    4686415.7148 3267548.49  30.3%  12.7 1544s
 344344 292823 3358659.17   42  598 4686415.71 3267548.49  30.3%  12.8 1545s
 344742 293174 3300501.26   38  593 4686415.71 3268103.51  30.3%  12.8 1550s
 345046 293443 4063092.29   62  458 4686415.71 3269133.23  30.2%  12.9 1555s
 345388 293813 4061863.57   90  423 4686415.71 3269433.01  30.2%  13.0 1560s
H345943 293816                    4685818.2644 3269743.64  30.2%  13.0 1565s
 347282 295622 3777496.19   63  484 4685818.26 3269781.74  30.2%  13.0 1570s
 350935 299014 3701588.63   54  551 4685818.26 3269783.34  30.2%  12.9 1575s

Gurobi 11.0.3 (linux64, Java) logging started qui 05 dez 2024 13:16:43 -03

Set parameter Username
Academic license - for non-commercial use only - expires 2025-10-10
Set parameter NonConvex to value 2
Set parameter TimeLimit to value 3600
Set parameter LogToConsole to value 0
Set parameter MIPGap to value 7.7716481645149384e-08
Set parameter Threads to value 2
Set parameter NodefileDir to value "/home/ps12398/experiment_hosp/goalProgrammingMarcos/"
Set parameter NodefileStart to value 1
Gurobi Optimizer version 11.0.3 build v11.0.3rc0 (linux64)

CPU model: Intel(R) Xeon(R) CPU           X5650  @ 2.67GHz, instruction set [SSE2]
Thread count: 12 physical cores, 24 logical processors, using up to 2 threads

Optimize a model with 149791 rows, 101033 columns and 647494 nonzeros
Model fingerprint: 0xc22f6c5c
Model has 229 quadratic constraints
Variable types: 50406 continuous, 50627 integer (224 binary)
Coefficient statistics:
  Matrix range     [4e-03, 4e+06]
  QMatrix range    [4e-03, 7e+04]
  QLMatrix range   [1e+00, 7e+04]
  Objective range  [1e+00, 3e+07]
  Bounds range     [1e+00, 1e+08]
  RHS range        [1e+00, 1e+06]
  QRHS range       [3e-03, 3e-03]
Presolve removed 148315 rows and 99311 columns
Presolve time: 0.42s
Presolved: 2990 rows, 2186 columns, 193518 nonzeros
Presolved model has 2 SOS constraint(s)
Presolved model has 224 bilinear constraint(s)

Solving non-convex MIQCP

Variable types: 796 continuous, 1390 integer (226 binary)
Found heuristic solution: objective 1.253532e+07

Root relaxation: objective 4.638547e+05, 717 iterations, 0.10 seconds (0.07 work units)

    Nodes    |    Current Node    |     Objective Bounds      |     Work
 Expl Unexpl |  Obj  Depth IntInf | Incumbent    BestBd   Gap | It/Node Time

     0     0 463854.719    0  368 1.2535e+07 463854.719  96.3%     -    1s
H    0     0                    9680132.4780 463854.719  95.2%     -    1s
     0     0 1257165.99    0  434 9680132.48 1257165.99  87.0%     -    2s
     0     0 1563086.57    0  425 9680132.48 1563086.57  83.9%     -    2s
     0     0 2556593.32    0  570 9680132.48 2556593.32  73.6%     -    3s
     0     0 2574786.58    0  573 9680132.48 2574786.58  73.4%     -    4s
     0     0 2658728.10    0  584 9680132.48 2658728.10  72.5%     -    5s
     0     0 2662973.92    0  622 9680132.48 2662973.92  72.5%     -    5s
     0     0 2712130.26    0  586 9680132.48 2712130.26  72.0%     -    8s
     0     0 2715290.26    0  611 9680132.48 2715290.26  71.9%     -    8s
     0     0 2739953.13    0  646 9680132.48 2739953.13  71.7%     -   10s
H    0     0                    7137764.5309 2740565.31  61.6%     -   10s
H    0     0                    6901945.7848 2740565.31  60.3%     -   10s
     0     0 2745754.26    0  633 6901945.78 2745754.26  60.2%     -   10s
     0     0 2770125.04    0  644 6901945.78 2770125.04  59.9%     -   11s
     0     0 2770815.27    0  671 6901945.78 2770815.27  59.9%     -   11s
     0     0 2799165.90    0  678 6901945.78 2799165.90  59.4%     -   11s
     0     0 2799892.34    0  668 6901945.78 2799892.34  59.4%     -   12s
     0     0 2799994.50    0  688 6901945.78 2799994.50  59.4%     -   12s
H    0     0                    6899735.6984 2800154.02  59.4%     -   12s
     0     0 2800154.02    0  678 6899735.70 2800154.02  59.4%     -   12s
     0     0 2800154.02    0  679 6899735.70 2800154.02  59.4%     -   12s
     0     0 2800362.98    0  679 6899735.70 2800362.98  59.4%     -   13s
     0     2 2802420.50    0  679 6899735.70 2802420.50  59.4%     -   15s
H   27    29                    6866328.8536 2815907.65  59.0%   106   19s
    34    38 2870504.85   10  586 6866328.85 2815907.65  59.0%  98.4   20s
H   82    86                    6854384.8701 2815907.65  58.9%  67.3   24s
    85    89 3064693.48   24  487 6854384.87 2815907.65  58.9%  66.7   25s
H  113   116                    6854360.8572 2815907.65  58.9%  60.9   26s
H  139   147                    6851088.9858 2815907.65  58.9%  55.5   28s
   152   168 3272672.03   46  443 6851088.99 2815907.65  58.9%  53.8   30s
H  173   177                    6848959.9498 2815907.65  58.9%  51.0   30s
H  176   181                    6546398.1444 2815907.65  57.0%  51.4   31s
   239   256 3711170.01   71  384 6546398.14 2815907.65  57.0%  48.8   35s
   372   386 4046714.76  123  334 6546398.14 2815907.65  57.0%  41.7   40s
H  410   412                    6397541.1424 2815907.65  56.0%  38.3   42s
   465   518 4058850.88  168  331 6397541.14 2815907.65  56.0%  33.9   45s
   623   653 4058615.14  231  323 6397541.14 2815907.65  56.0%  25.7   51s
   772   851 4077163.45  291  324 6397541.14 2815907.65  56.0%  21.0   56s
   904   986 4078528.00  359  324 6397541.14 2815907.65  56.0%  18.2   60s
H 1030  1050                    6397497.6689 2815907.65  56.0%  16.2   62s
  1135  1223 4082534.96  458  308 6397497.67 2815907.65  56.0%  15.2   66s
  1326  1402 4085578.66  505  304 6397497.67 2815907.65  56.0%  13.7   70s
  1597  1724 4087016.87  604  302 6397497.67 2815907.65  56.0%  11.8   77s
  1723  1810 4087665.73  648  302 6397497.67 2815907.65  56.0%  11.0   80s
  1936  2030 4088813.23  731  300 6397497.67 2815907.65  56.0%   9.9   85s
H 2155  2244                    6306693.2114 2815907.65  55.4%   9.1   91s
  2243  2406 4297755.55  831  357 6306693.21 2815907.65  55.4%   9.1   95s
  2521  2669 4329836.31  942  334 6306693.21 2815907.65  55.4%   8.7  101s
  2782  2900 4358739.07 1050  326 6306693.21 2815907.65  55.4%   8.3  106s
  3075  3163 4377885.30 1168  329 6306693.21 2815907.65  55.4%   7.9  111s
  3284  3404 4388788.66 1255  318 6306693.21 2815907.65  55.4%   7.6  116s
  3558  3699 4401543.27 1357  312 6306693.21 2815907.65  55.4%   7.3  120s
H 3698  3699                    6306533.6146 2815907.65  55.3%   7.2  125s
  3708  3706 3745046.20   71  482 6306533.61 2962286.40  53.0%   7.2  130s
  3732  3722 4141341.17   98  461 6306533.61 3116010.22  50.6%   7.1  135s
H 3735  3537                    6286717.2024 3127897.88  50.2%   7.1  136s
  3759  3553 4337689.23 1513  469 6286717.20 3152600.48  49.9%   7.1  140s
H 3763  3377                    6285079.0650 3153158.00  49.8%   7.0  140s
H 3771  3212                    6267958.4576 3153286.98  49.7%   7.0  142s
  3789  3224 4272296.00  837  465 6267958.46 3160584.80  49.6%   7.0  145s
H 3801  3068                    6266560.2342 3162700.86  49.5%   7.0  147s
H 3819  2924                    6226430.2220 3164670.52  49.2%   6.9  149s
  3821  2925 4086071.98  450  472 6226430.22 3164699.17  49.2%   6.9  150s
  3848  2945 4078052.64  336  460 6226430.22 3171426.87  49.1%  11.7  155s
H 3850  2798                    6127340.7970 3171799.00  48.2%  11.6  155s
  3877  2816 4334013.51 1383  447 6127340.80 3172005.60  48.2%  11.6  161s
H 3905  2696                    6085471.2831 3180500.60  47.7%  16.0  165s
H 3906  2562                    5970611.2372 3180500.60  46.7%  16.1  165s
H 3961  2474                    5901800.0176 3180500.60  46.1%  19.7  169s
  3989  2494 3441058.03   48  476 5901800.02 3180500.60  46.1%  20.3  170s
H 3990  2372                    5896276.1200 3180500.60  46.1%  20.3  170s
H 3993  2256                    5810368.6943 3180500.60  45.3%  20.4  170s
H 4022  2167                    5783177.8488 3180500.60  45.0%  21.2  172s
H 4050  2087                    5781353.5487 3180500.60  45.0%  21.5  173s
H 4082  2009                    5781321.9568 3180500.60  45.0%  21.9  174s
H 4087  1913                    5744914.8555 3180500.60  44.6%  22.0  174s
  4091  1937 3707869.42   73  417 5744914.86 3180500.60  44.6%  22.0  175s
H 4118  1843                    5698542.6527 3180500.60  44.2%  22.4  176s
H 4147  1777                    5698347.4148 3180500.60  44.2%  22.7  177s
H 4148  1697                    5693648.6155 3180500.60  44.1%  22.7  177s
H 4191  1686                    5685717.5401 3180500.60  44.1%  23.1  178s
H 4241  1616                    5604276.3075 3180500.60  43.2%  23.1  179s
  4249  1653 4192965.79  106  365 5604276.31 3180500.60  43.2%  23.1  181s
H 4267  1578                    5558182.5358 3180500.60  42.8%  23.1  181s
H 4321  1566                    5467548.1634 3180500.60  41.8%  22.9  182s
H 4360  1563                    5466997.7879 3180500.60  41.8%  22.7  183s
H 4399  1491                    5450092.0999 3180500.60  41.6%  22.5  183s
  4839  1844 4278729.62  253  315 5450092.10 3180500.60  41.6%  20.9  185s
H 5464  2220                    5380975.6595 3180500.60  40.9%  19.1  187s
H 5596  2191                    5379757.4372 3180500.60  40.9%  18.7  187s
H 5627  2130                    5379730.3218 3180500.60  40.9%  18.6  187s
  5837  2519 4334842.12  475  252 5379730.32 3180500.60  40.9%  18.0  190s
  7095  3527 4337060.52  784  210 5379730.32 3180500.60  40.9%  15.3  195s
H 8089  4269                    5378798.5159 3180500.60  40.9%  13.8  197s
  9160  5461 4337652.62 1306  198 5378798.52 3180500.60  40.9%  12.4  200s
H10778  6939                    5371792.6560 3180500.60  40.8%  11.4  204s
 10816  7196 5100467.16 1702  299 5371792.66 3180500.60  40.8%  11.4  205s
H11131  7305                    5336267.6452 3180500.60  40.4%  11.2  205s
H11921  8069                    5289397.5806 3180500.60  39.9%  11.0  209s
 11946  8269 5118714.23 1936  282 5289397.58 3180500.60  39.9%  11.0  210s
H12338  8493                    5288032.8169 3180500.60  39.9%  10.8  210s
H12540  8742                    5266971.1555 3180500.60  39.6%  10.8  212s
H12563  8742                    5227491.1816 3180500.60  39.2%  10.8  212s
 13218  9462 5131128.25 2175  266 5227491.18 3180500.60  39.2%  10.6  215s
H13267  9462                    5223406.8727 3180500.60  39.1%  10.6  215s
H13596  9841                    5214605.9705 3180500.60  39.0%  10.6  217s
H13717  9841                    5182569.8342 3180500.60  38.6%  10.5  217s
 14118 10411 5138004.07 2322  250 5182569.83 3180500.60  38.6%  10.4  220s
H14529 10710                    5179147.6688 3180500.60  38.6%  10.2  221s
H14599 10488                    5143946.3321 3180500.60  38.2%  10.2  221s
H15527 11069                    5129523.5507 3180625.72  38.0%  10.1  225s
H15766 10427                    5095420.1871 3180625.72  37.6%  10.1  227s
H16059  9972                    5041588.4768 3180625.72  36.9%  10.2  229s
 16089  9954 3325829.58   40  571 5041588.48 3180625.72  36.9%  10.3  230s
H16098  9954                    5041073.5276 3180625.72  36.9%  10.3  230s
H16129  9966                    5036822.9052 3180625.72  36.9%  10.5  231s
H16146  9983                    5036389.8703 3180625.72  36.8%  10.7  232s
H16172 10012                    5027856.2742 3180625.72  36.7%  11.0  233s
H16209 10050                    5026836.0492 3180625.72  36.7%  11.2  235s
H16216 10048                    5020865.8919 3180625.72  36.7%  11.2  235s
H16310 10144                    5020818.9840 3180625.72  36.7%  11.6  237s
 16369 10224 4249569.52  134  345 5020818.98 3180625.72  36.7%  11.8  240s
H16381 10218                    5009041.2305 3180625.72  36.5%  11.8  240s
 17126 11157 4335091.31  394  260 5009041.23 3180625.72  36.5%  12.0  245s
 18231 12081 4350425.07  689  221 5009041.23 3180625.72  36.5%  11.6  250s
H18546 12276                    5003243.5793 3180625.72  36.4%  11.8  253s
 18614 12359 4707222.62  820  298 5003243.58 3180625.72  36.4%  11.8  255s
H18618 12359                    5003236.5587 3180625.72  36.4%  11.8  255s
H18924 12672                    5000673.9457 3180625.72  36.4%  12.0  257s
H18987 12901                    4999496.5547 3180625.72  36.4%  12.0  258s
 19232 12995 4897243.86  896  291 4999496.55 3180819.90  36.4%  12.0  261s
 19911 13707 3293884.11   30  650 4999496.55 3180819.90  36.4%  12.1  265s
H20068 13577                    4961823.1355 3180819.90  35.9%  12.2  265s
H20213 13722                    4948510.9585 3180819.90  35.7%  12.3  267s
 20423 13915 3423442.67   40  612 4948510.96 3180819.90  35.7%  12.5  270s
H20476 13986                    4948110.8783 3180819.90  35.7%  12.5  271s
H20485 13982                    4945487.5185 3180819.90  35.7%  12.6  271s
H20596 13856                    4934888.6718 3180819.90  35.5%  12.8  273s
 20624 13894 3791590.16   64  437 4934888.67 3180819.90  35.5%  13.1  275s
H20664 13945                    4934401.1312 3180819.90  35.5%  13.3  276s
H20721 12801                    4884501.6118 3180819.90  34.9%  13.6  278s
 21053 13139 4572185.99  258  288 4884501.61 3180819.90  34.9%  13.6  280s
H21072 12997                    4878314.6754 3180819.90  34.8%  13.6  280s
H21090 12911                    4868101.7316 3180819.90  34.7%  13.6  280s
H21892 13844                    4865792.2036 3180819.90  34.6%  13.6  284s
H21932 13840                    4863367.1001 3180819.90  34.6%  13.7  284s
 22042 14210 4659256.73  637  237 4863367.10 3180819.90  34.6%  13.6  285s
 23177 15191 4660623.37  835  237 4863367.10 3180819.90  34.6%  13.5  290s
 24175 16227 4662227.67 1069  237 4863367.10 3180819.90  34.6%  13.4  295s
H25372 17406                    4855626.6914 3180819.90  34.5%  12.8  299s
 25682 17897 4665136.38 1466  237 4855626.69 3180819.90  34.5%  12.7  301s
H26570 18483                    4852022.2453 3180819.90  34.4%  12.4  303s
H26930 18537                    4851185.5121 3180819.90  34.4%  12.2  303s
H26991 18525                    4851039.4202 3180819.90  34.4%  12.3  303s
 27102 19020 4670322.59 1839  241 4851039.42 3180819.90  34.4%  12.4  305s
H28297 19970                    4845836.5138 3180819.90  34.4%  12.0  308s
 28739 20385 4676035.94 2216  239 4845836.51 3180819.90  34.4%  11.9  310s
H29421 20975                    4845836.4843 3180819.90  34.4%  11.8  315s
H29685 21044                    4830055.8251 3180819.90  34.1%  11.7  316s
H30630 22152                    4829283.7902 3180819.90  34.1%  11.6  319s
 30873 22425 4701976.05 2646  237 4829283.79 3180819.90  34.1%  11.6  320s
H31406 22805                    4829048.6411 3180819.90  34.1%  11.6  321s
 32287 23810 4689111.32 2944  239 4829048.64 3180819.90  34.1%  11.6  326s
H32530 23810                    4828950.1112 3180819.90  34.1%  11.5  326s
H32727 24007                    4828045.7890 3180819.90  34.1%  11.5  327s
H33063 24388                    4827420.9173 3180819.90  34.1%  11.5  328s
 33299 24798 4701135.87 3161  238 4827420.92 3180819.90  34.1%  11.5  330s
H34033 25313                    4826816.2611 3180819.90  34.1%  11.4  332s
H34857 26295                    4820205.8873 3180819.90  34.0%  11.2  335s
 36642 28194 4707718.02 4017  234 4820205.89 3180819.90  34.0%  10.8  340s
 37987 29466 4710107.67 4325  233 4820205.89 3180819.90  34.0%  10.6  345s
H39088 30456                    4820203.4340 3180819.90  34.0%  10.3  347s
 39623 31054 4713714.61 4740  231 4820203.43 3180819.90  34.0%  10.2  351s
H39714 31054                    4819719.2637 3180819.90  34.0%  10.2  351s
H39805 31211                    4818143.3640 3180819.90  34.0%  10.2  352s
H39872 31209                    4814723.3267 3180819.90  33.9%  10.2  352s
 40588 31989 4714640.89 4947  230 4814723.33 3180819.90  33.9%  10.1  355s
H40742 32141                    4812733.8166 3180819.90  33.9%  10.1  356s
 41878 33216 4724015.01 5314  252 4812733.82 3180819.90  33.9%  10.2  360s
H42199 33442                    4811500.9084 3180819.90  33.9%  10.2  361s
H42528 33625                    4802061.0381 3180819.90  33.8%  10.4  363s
 42728 33864 4724438.55 5498  246 4802061.04 3180819.90  33.8%  10.5  365s
H43165 34125                    4799773.4830 3180819.90  33.7%  10.5  366s
 43816 34773 4724806.64 5676  246 4799773.48 3180819.90  33.7%  10.5  370s
H44064 34911                    4799158.8156 3180819.90  33.7%  10.5  371s
H44964 35518                    4795788.3804 3180819.90  33.7%  10.4  375s
H46238 35693                    4792800.4842 3180819.90  33.6%  10.5  379s
 46316 35758 4725990.30 6252  245 4792800.48 3180819.90  33.6%  10.5  380s
 47052 36241 3362082.34   34  633 4792800.48 3198349.13  33.3%  10.9  385s
H47249 36436                    4792800.4628 3198349.13  33.3%  11.5  389s
H47256 36290                    4784312.8500 3198349.13  33.1%  11.5  389s
 47267 36319 3598175.65   59  504 4784312.85 3198349.13  33.1%  11.5  390s
 47843 37037 4548010.52  258  321 4784312.85 3198349.13  33.1%  12.1  395s
 49192 38414 4573408.55  875  287 4784312.85 3198349.13  33.1%  12.1  400s
 50786 39934 4612157.57 1600  207 4784312.85 3198349.13  33.1%  12.2  405s
 52433 41401 4680607.00 2352  195 4784312.85 3198349.13  33.1%  12.3  410s
 53945 42532 4698774.20 3036  194 4784312.85 3198349.13  33.1%  12.5  415s
 55436 43927 4707316.60 3727  194 4784312.85 3202782.30  33.1%  12.5  420s
 55928 44021 3522395.24   51  529 4784312.85 3202782.30  33.1%  13.1  425s
 56513 44512 4687250.35  141  375 4784312.85 3202782.30  33.1%  13.5  430s
 57435 45115     cutoff  426      4784312.85 3202782.30  33.1%  13.7  435s
 58244 45528 4427525.06  568  293 4784312.85 3202782.30  33.1%  14.3  440s
 58972 45887 4427621.43  701  293 4784312.85 3202782.30  33.1%  14.8  445s
 60014 46590 4428442.86  826  293 4784312.85 3202782.30  33.1%  15.1  450s
H60026 46590                    4784312.8480 3202782.30  33.1%  15.1  450s
 60651 47458 4429089.05  870  293 4784312.85 3202782.30  33.1%  15.1  455s
 62141 49159 4436634.39 1067  260 4784312.85 3202782.30  33.1%  15.0  461s
 63638 50513 4441548.00 1410  240 4784312.85 3202782.30  33.1%  14.7  465s
 64782 50995 3517397.20   51  528 4784312.85 3202862.16  33.1%  14.8  470s
 65176 51433 4321335.48  156  342 4784312.85 3202862.16  33.1%  15.2  475s
 65978 52468 3363402.00   39  594 4784312.85 3209239.05  32.9%  15.2  480s
 67076 53609 3618308.78   55  521 4784312.85 3209239.05  32.9%  15.1  485s
 68809 55265 4307957.72  102  362 4784312.85 3209239.05  32.9%  14.9  490s
 70902 57453 4660539.59  957  321 4784312.85 3209239.05  32.9%  14.6  495s
 73675 60148 4679877.21 2594  277 4784312.85 3209239.05  32.9%  14.1  500s
 77242 63754 4691846.25 4782  272 4784312.85 3209239.05  32.9%  13.6  505s
 80347 66734 4720445.60 6170  251 4784312.85 3209239.05  32.9%  13.2  510s
 83066 69498 4735953.44 7668  246 4784312.85 3209239.05  32.9%  12.8  515s
 85427 71592 4742254.73 9002  233 4784312.85 3209239.05  32.9%  12.5  520s
 87162 73222 4756051.48 10222  231 4784312.85 3209239.05  32.9%  12.5  525s
 87500 73445 3477603.52   43  600 4784312.85 3217502.83  32.7%  12.7  530s
H87536 73467                    4783699.5022 3217502.83  32.7%  12.8  533s
 87639 73615 3857149.77   76  432 4783699.50 3217502.83  32.7%  12.9  535s
H88546 74586                    4783685.1956 3217502.83  32.7%  13.0  540s
H88647 74586                    4783683.3048 3217502.83  32.7%  13.0  540s
 90870 77158 4619271.07 2043  279 4783683.30 3217502.83  32.7%  12.7  545s
 94151 80458 4627987.37 3782  279 4783683.30 3217502.83  32.7%  12.3  550s
 97193 83341 4653016.61 5078  249 4783683.30 3217502.83  32.7%  11.9  555s
 99530 85610 4659217.62 5757  238 4783683.30 3217502.83  32.7%  11.7  560s
H101320 87238                    4782610.7477 3217502.83  32.7%  11.6  564s
 101362 87376 4662532.18 6083  237 4782610.75 3217502.83  32.7%  11.6  565s
 103382 89458 4666107.10 6433  238 4782610.75 3217502.83  32.7%  11.4  570s
 105685 91701 4711966.19 6789  227 4782610.75 3217502.83  32.7%  11.3  575s
H106200 92150                    4782038.2854 3217502.83  32.7%  11.2  577s
H106299 91982                    4780379.7361 3217502.83  32.7%  11.2  577s
 107070 92719 3265131.56   30  668 4780379.74 3220431.91  32.6%  11.2  580s
H107248 91885                    4768041.5546 3220431.91  32.5%  11.2  583s
 107416 92015 3441877.62   42  565 4768041.55 3220431.91  32.5%  11.2  585s
 108441 92924 3773213.82   73  492 4768041.55 3220431.91  32.5%  11.2  590s
H109218 92644                    4761315.3553 3220431.91  32.4%  11.3  592s
 110055 93651 4404089.65 1299  262 4761315.36 3220431.91  32.4%  11.2  595s
H111568 95078                    4761286.0552 3220431.91  32.4%  11.2  599s
H111654 94514                    4758508.6613 3220431.91  32.3%  11.2  599s
 111663 94684 4425572.67 2767  262 4758508.66 3220431.91  32.3%  11.2  600s
H112965 94691                    4751379.7620 3220431.91  32.2%  11.2  604s
 112972 94914 4446517.53 3862  255 4751379.76 3220431.91  32.2%  11.2  605s
H113545 95121                    4747766.4789 3220431.91  32.2%  11.1  608s
H113613 95121                    4747760.5043 3220431.91  32.2%  11.1  608s
 114387 96133 4452446.84 5213  253 4747760.50 3220431.91  32.2%  11.1  610s
H114856 96314                    4747382.1745 3220431.91  32.2%  11.1  611s
H114857 96442                    4747376.5887 3220431.91  32.2%  11.1  612s
 115889 97482 4463754.73 6583  248 4747376.59 3220431.91  32.2%  11.0  615s
H117841 99262                    4747089.1379 3220431.91  32.2%  10.9  619s
 117842 99539 4470625.74 7707  224 4747089.14 3220431.91  32.2%  10.9  620s
H120079 101340                    4745855.2073 3220431.91  32.1%  10.8  624s
 120215 101650 4476882.22 8319  225 4745855.21 3220431.91  32.1%  10.7  625s
 122745 104232 4481049.24 9133  223 4745855.21 3220431.91  32.1%  10.6  630s
H123319 104121                    4743509.1382 3220431.91  32.1%  10.5  631s
 124328 105160 4488003.31 9819  224 4743509.14 3220431.91  32.1%  10.5  635s
 125796 106544 4505547.54 11103  223 4743509.14 3220431.91  32.1%  10.5  640s
H125901 106543                    4743499.4364 3220431.91  32.1%  10.4  640s
H125907 106467                    4743027.3714 3220431.91  32.1%  10.5  640s
H126933 107492                    4742968.5225 3220431.91  32.1%  10.5  644s
 126980 107601 4522558.83 12130  222 4742968.52 3220431.91  32.1%  10.5  645s
H127667 107694                    4741417.2818 3220431.91  32.1%  10.5  648s
 128201 108440 4545358.96 12771  224 4741417.28 3220431.91  32.1%  10.5  650s
 129206 109070 3336525.28   29  684 4741417.28 3226408.06  32.0%  10.5  655s
H129210 108127                    4738169.5186 3226408.06  31.9%  10.4  655s
 130396 109460 4003651.92   56  546 4738169.52 3226408.06  31.9%  10.4  660s
H131621 109888                    4734779.8709 3228966.98  31.8%  10.4  663s
 131788 110106 3394687.58   37  659 4734779.87 3228966.98  31.8%  10.4  665s
H132765 110936                    4732756.2570 3228966.98  31.8%  10.4  666s
H133579 111524                    4729565.6374 3228966.98  31.7%  10.4  669s
 133718 111812 3811698.64   59  543 4729565.64 3228966.98  31.7%  10.4  671s
H134705 112160                    4726233.8656 3228966.98  31.7%  10.4  674s
 134988 112433 4608656.69   96  414 4726233.87 3228966.98  31.7%  10.4  675s
H135121 112339                    4726091.1513 3228966.98  31.7%  10.4  676s
 135906 113175 3541658.25   44  579 4726091.15 3228972.52  31.7%  10.4  680s
H136205 113232                    4725939.3745 3228972.52  31.7%  10.4  681s
H136884 113607                    4725785.6570 3228972.52  31.7%  10.4  684s
 136985 113799 4681073.50  241  339 4725785.66 3233823.12  31.6%  10.4  685s
 138517 115067 3411550.31   39  597 4725785.66 3233846.60  31.6%  10.5  690s
H138521 115027                    4725751.7950 3233846.60  31.6%  10.5  690s
H138666 113530                    4724209.9058 3234095.46  31.5%  10.6  695s
H138947 113579                    4723626.8373 3234959.10  31.5%  10.7  700s
 139374 114028 3655589.09   65  466 4723626.84 3236045.76  31.5%  10.8  705s
H139750 114165                    4722431.6252 3236045.76  31.5%  10.8  706s
 141361 115966 4608839.37  847  217 4722431.63 3236045.76  31.5%  10.7  711s
H142184 116274                    4721931.5334 3236048.50  31.5%  10.7  713s
 142970 117207 3421839.11   38  587 4721931.53 3236048.50  31.5%  10.6  715s
 144382 118697 4442041.79  271  267 4721931.53 3236048.50  31.5%  10.6  720s
 147337 121751 4473623.56 1770  217 4721931.53 3236048.50  31.5%  10.4  725s
 149999 124345 4483406.41 3161  209 4721931.53 3236048.50  31.5%  10.2  730s
 152988 127139 4489560.82 4903  211 4721931.53 3236048.50  31.5%  10.1  735s
 154204 128147 4502765.83 5966  209 4721931.53 3236048.50  31.5%  10.1  741s
 154753 128714 4509201.75 6485  211 4721931.53 3236048.50  31.5%  10.1  745s
 155988 130077 4523684.05 7621  208 4721931.53 3236048.50  31.5%  10.2  750s
 157408 131424 4594842.11 8938  201 4721931.53 3236048.50  31.5%  10.1  755s
H157530 129388                    4714814.0442 3236048.50  31.4%  10.1  756s
 158580 130308 4599548.20 9981  199 4714814.04 3236048.50  31.4%  10.1  760s
H158625 130302                    4714736.8173 3236048.50  31.4%  10.1  760s
H158651 129941                    4713782.3091 3236048.50  31.3%  10.1  760s
H159395 130481                    4712826.5019 3236048.50  31.3%  10.1  763s
 160161 131360 4611426.65 11216  201 4712826.50 3236048.50  31.3%  10.1  765s
H160550 131378                    4712127.8401 3236048.50  31.3%  10.1  766s
H160807 131053                    4711174.6324 3236137.42  31.3%  10.1  767s
 161067 131341 3512615.89   42  552 4711174.63 3236144.38  31.3%  10.1  770s
H161076 131312                    4711087.9395 3236144.38  31.3%  10.1  770s
H162254 132549                    4711067.5640 3236144.38  31.3%  10.1  775s
H162403 132674                    4711021.5951 3236144.38  31.3%  10.1  775s
 163717 134124 3628836.04   40  587 4711021.60 3236144.38  31.3%  10.1  780s
 165076 135425 4013716.14   70  408 4711021.60 3236144.38  31.3%  10.0  785s
 166951 137298 3375825.39   42  586 4711021.60 3236224.66  31.3%  10.0  790s
H168504 138470                    4710221.8285 3236224.66  31.3%  10.0  793s
 169066 139166 3674851.72   55  562 4710221.83 3236224.66  31.3%  10.0  795s
 170078 140163 4192015.07   78  429 4710221.83 3236224.66  31.3%   9.9  800s
H171167 140890                    4709125.9795 3236293.40  31.3%   9.9  803s
 171607 141394 3490479.60   53  560 4709125.98 3236293.40  31.3%   9.9  805s
H172295 142024                    4708887.0112 3236293.40  31.3%   9.9  808s
H173152 142764                    4708627.2430 3236293.40  31.3%   9.9  810s
H173172 142432                    4708011.8902 3236511.47  31.3%   9.9  810s
H173900 143050                    4707938.3050 3236511.47  31.3%   9.9  813s
 174135 143308 4421782.00   91  448 4707938.31 3236511.47  31.3%   9.9  815s
H174449 143448                    4707810.6745 3236963.31  31.2%  10.0  816s
 174711 143779 3434088.38   46  589 4707810.67 3236963.31  31.2%  10.0  820s
 175681 144749 3513191.95   57  560 4707810.67 3237505.28  31.2%  10.1  825s
 176547 145585 3357651.44   42  619 4707810.67 3237966.85  31.2%  10.1  830s
 177332 146373 3702731.05   57  528 4707810.67 3237966.85  31.2%  10.2  835s
H178070 146731                    4707102.7966 3237966.85  31.2%  10.3  839s
 178297 146967 4421910.61  103  366 4707102.80 3237966.85  31.2%  10.3  840s
H178530 147076                    4707102.0004 3240889.24  31.1%  10.3  843s
H178555 146144                    4704072.5274 3240889.24  31.1%  10.3  843s
H178676 146118                    4703799.0519 3240889.24  31.1%  10.4  844s
H178691 144962                    4701633.3377 3243291.38  31.0%  10.4  844s
 178699 144974 3281877.98   27  710 4701633.34 3243291.38  31.0%  10.4  845s
H178722 144844                    4701422.2721 3243291.38  31.0%  10.4  845s
H178803 143925                    4700195.3769 3243291.38  31.0%  10.4  846s
H178853 143942                    4700178.5888 3243291.38  31.0%  10.5  847s
 178993 144340 3493657.75   33  595 4700178.59 3244567.65  31.0%  10.5  850s
H179268 143952                    4698279.6440 3244567.65  30.9%  10.5  851s
 179864 144664 4532299.64   84  459 4698279.64 3246402.46  30.9%  10.5  855s
H180897 145234                    4698215.1389 3246402.46  30.9%  10.5  858s
 180919 145275 3698956.78   51  530 4698215.14 3246402.46  30.9%  10.5  860s
 181221 145464 3275144.12   30  653 4698215.14 3247512.55  30.9%  10.7  865s
H181246 145460                    4698080.7146 3247512.55  30.9%  10.7  866s
 181350 145559 3706444.51   43  564 4698080.71 3247512.55  30.9%  10.8  870s
H181546 145057                    4696462.4639 3247512.55  30.9%  10.9  874s
 181567 145102 4229201.99   71  498 4696462.46 3247512.55  30.9%  10.9  875s
H181612 144528                    4695692.9692 3247512.55  30.8%  10.9  875s
 182088 145053 4518815.52  119  336 4695692.97 3248554.47  30.8%  11.0  881s
 182680 145403 3405919.95   36  612 4695692.97 3255311.82  30.7%  11.0  885s
H182685 144152                    4694290.3832 3255311.82  30.7%  11.0  885s
 183463 145211 3346084.83   36  688 4694290.38 3256830.26  30.6%  11.1  890s
 184613 146362 3861554.82   47  567 4694290.38 3256830.26  30.6%  11.0  896s
 185973 147605 4635823.85   76  491 4694290.38 3257160.70  30.6%  11.0  900s
 186691 148417 3477428.59   41  594 4694290.38 3257160.70  30.6%  11.0  905s
 188283 150111 3908587.11   81  428 4694290.38 3257160.70  30.6%  11.0  910s
 189956 151731 3621986.62   55  571 4694290.38 3257243.39  30.6%  11.0  915s
 191213 152887 3500284.20   49  519 4694290.38 3257595.31  30.6%  10.9  920s
 193605 155557 4529550.85  989  258 4694290.38 3257595.31  30.6%  10.8  925s
 195323 156884 4541023.98 2433  245 4694290.38 3257595.31  30.6%  10.8  930s
 196385 157916 4542492.23 3427  237 4694290.38 3257595.31  30.6%  10.8  935s
 198032 159584 4617536.71 4950  228 4694290.38 3257595.31  30.6%  10.7  940s
 198774 160105 4115631.35   95  389 4694290.38 3258424.38  30.6%  10.8  945s
 199741 161118 4565295.53  953  252 4694290.38 3258424.38  30.6%  10.8  950s
 201262 162648 4577689.42 2412  248 4694290.38 3258424.38  30.6%  10.8  955s
 202757 163891 3627053.77   49  552 4694290.38 3258590.29  30.6%  10.8  960s
 203131 164202 4554230.43  123  380 4694290.38 3259126.18  30.6%  11.0  965s
 203673 164663 3340866.15   32  624 4694290.38 3259439.43  30.6%  11.1  970s
 203979 164932 3521021.15   51  523 4694290.38 3260142.11  30.6%  11.2  975s
 204510 165370     cutoff  283      4694290.38 3260448.30  30.5%  11.3  980s
 204871 165863 4521868.19  187  327 4694290.38 3260448.30  30.5%  11.4  985s
 205519 166273 3530454.30   38  656 4694290.38 3260520.01  30.5%  11.5  990s
 206266 167129 3649329.82   43  593 4694290.38 3260592.63  30.5%  11.6  996s
 206835 167667     cutoff  101      4694290.38 3260605.59  30.5%  11.6 1000s
 207467 168086 3898596.70   97  380 4694290.38 3260618.91  30.5%  11.7 1005s
 208501 169317 4292659.70  794  274 4694290.38 3260618.91  30.5%  11.8 1011s
 210048 170891 4299489.30 2276  260 4694290.38 3260618.91  30.5%  11.7 1015s
 211748 172798 4307775.89 3424  251 4694290.38 3260618.91  30.5%  11.7 1020s
 215778 176540 4626249.22 5459  289 4694290.38 3260618.91  30.5%  11.5 1025s
 218271 178869 3777078.99   49  618 4694290.38 3260645.03  30.5%  11.4 1030s
 219629 180156 3527685.59   48  611 4694290.38 3260713.50  30.5%  11.4 1035s
 220836 181449 3431718.88   45  563 4694290.38 3260764.09  30.5%  11.4 1040s
 222915 183554     cutoff  275      4694290.38 3260764.09  30.5%  11.3 1045s
 224138 184608 3697792.75   62  508 4694290.38 3260777.38  30.5%  11.4 1050s
 226015 186516 4666107.80 1506  278 4694290.38 3260777.38  30.5%  11.3 1055s
 227185 187305 3301472.75   37  662 4694290.38 3260844.95  30.5%  11.3 1060s
 227631 187991 4559718.89  153  321 4694290.38 3260844.95  30.5%  11.4 1065s
 229285 189173 3430214.25   46  610 4694290.38 3260940.84  30.5%  11.4 1070s
 229556 189423 3401414.97   43  571 4694290.38 3260940.84  30.5%  11.5 1075s
 230043 189970 4193372.15  215  305 4694290.38 3260940.84  30.5%  11.6 1080s
 231316 191321 4205982.45  838  265 4694290.38 3260940.84  30.5%  11.6 1085s
 232576 192545 4216510.62 1440  240 4694290.38 3260940.84  30.5%  11.6 1090s
 234214 194377 4240348.30 2151  226 4694290.38 3260940.84  30.5%  11.5 1095s
 235473 195382 3555139.46   48  554 4694290.38 3261233.06  30.5%  11.5 1100s
 236281 195920 4664641.14  285  321 4694290.38 3261346.20  30.5%  11.6 1105s
 237502 197064 3553434.81   50  470 4694290.38 3261346.20  30.5%  11.6 1110s
 238669 198648 4255927.38  810  291 4694290.38 3261346.20  30.5%  11.6 1116s
 241345 201256 4282710.26 2485  299 4694290.38 3261346.20  30.5%  11.5 1120s
 244159 204111 4279214.20 3961  261 4694290.38 3261346.20  30.5%  11.3 1125s
 246627 206431 4285973.56 5141  253 4694290.38 3261346.20  30.5%  11.2 1130s
 248828 208668 4293334.43 6199  249 4694290.38 3261346.20  30.5%  11.1 1135s
 251253 210960 4299399.72 7120  236 4694290.38 3261346.20  30.5%  11.1 1140s
 253530 213319 4324252.63 8142  242 4694290.38 3261346.20  30.5%  11.0 1145s
 255897 215579 4338595.76 9476  237 4694290.38 3261346.20  30.5%  10.9 1150s
 257071 216554 4344594.32 10281  228 4694290.38 3261346.20  30.5%  10.9 1155s
 257940 217259     cutoff 10793      4694290.38 3261346.20  30.5%  10.9 1160s
 258735 217985 4634003.06 11256  249 4694290.38 3261346.20  30.5%  10.9 1165s
 260101 219166     cutoff 12412      4694290.38 3261346.20  30.5%  10.9 1170s
 260469 219449 3319200.61   37  616 4694290.38 3261686.46  30.5%  11.1 1175s
 260749 219697 3333436.87   34  634 4694290.38 3261814.81  30.5%  11.2 1180s
 261355 220197 3453792.47   38  618 4694290.38 3261814.81  30.5%  11.2 1185s
 261681 220467 4341196.80   76  475 4694290.38 3262707.04  30.5%  11.3 1190s
 261980 220752 3741542.27   68  530 4694290.38 3262717.78  30.5%  11.4 1195s
 262453 221152 4131758.26   99  354 4694290.38 3262717.89  30.5%  11.5 1200s
 262812 221411 3447879.68   48  569 4694290.38 3262758.08  30.5%  11.6 1205s
 263276 221771 4371706.70  101  438 4694290.38 3262824.75  30.5%  11.7 1210s
 263551 222016 4074321.63   82  377 4694290.38 3262854.89  30.5%  11.8 1215s
 263991 222352 4061159.54   95  349 4694290.38 3262859.73  30.5%  11.9 1220s
 264340 222663 3921541.70   67  493 4694290.38 3262919.28  30.5%  12.0 1225s
 264673 222890 3440373.80   45  613 4694290.38 3262992.01  30.5%  12.1 1230s
 265014 223178 3348856.23   38  635 4694290.38 3263049.63  30.5%  12.2 1235s
 265521 223837 4373716.35   88  471 4694290.38 3263068.91  30.5%  12.4 1241s
 266059 224040 3461709.92   44  637 4694290.38 3263084.15  30.5%  12.4 1245s
 266393 224350 3462849.96   44  605 4694290.38 3263157.88  30.5%  12.5 1250s
 267218 225365 3701777.61   68  511 4694290.38 3263170.83  30.5%  12.6 1255s
 268440 226813 4500883.92  589  294 4694290.38 3263170.83  30.5%  12.5 1260s
 269979 228263 4508806.19 1399  278 4694290.38 3263170.83  30.5%  12.5 1265s
 271667 230164 4552850.42 2325  267 4694290.38 3263170.83  30.5%  12.4 1270s
 274383 232725 4562184.42 4229  246 4694290.38 3263170.83  30.5%  12.3 1276s
 276545 234667 4567070.59 5549  233 4694290.38 3263170.83  30.5%  12.2 1280s
 278237 236417 4575143.89 6442  233 4694290.38 3263170.83  30.5%  12.2 1285s
 280152 238347 4586565.92 7362  233 4694290.38 3263170.83  30.5%  12.1 1290s
 282101 240144 4600880.45 8515  235 4694290.38 3263170.83  30.5%  12.1 1295s
 283441 241499 4607952.33 9100  240 4694290.38 3263170.83  30.5%  12.1 1300s
 285671 243791 4619640.51 10297  235 4694290.38 3263170.83  30.5%  12.0 1305s
 287185 245251 4624354.37 10955  235 4694290.38 3263170.83  30.5%  12.0 1310s
 288907 246809 4631414.65 11752  233 4694290.38 3263170.83  30.5%  11.9 1315s
 291018 249017 4641019.61 13083  223 4694290.38 3263170.83  30.5%  11.9 1320s
 292143 250058 4497852.74  199  319 4694290.38 3263191.34  30.5%  12.0 1325s
 293114 250846 3431525.29   42  597 4694290.38 3263197.29  30.5%  12.0 1330s
 293574 251333 4076518.88   67  521 4694290.38 3263197.29  30.5%  12.1 1335s
 294332 252048 3370946.41   43  644 4694290.38 3263213.75  30.5%  12.2 1340s
 294857 252692 4347427.03   72  479 4694290.38 3263222.05  30.5%  12.3 1345s
 295501 253046 3323447.80   37  619 4694290.38 3263254.90  30.5%  12.3 1350s
 295905 253368 3442409.16   44  583 4694290.38 3263273.86  30.5%  12.4 1356s
 296771 254357 3403183.53   46  615 4694290.38 3263308.60  30.5%  12.4 1360s
 299085 256753 4645983.18 1636  271 4694290.38 3263308.60  30.5%  12.4 1365s
 300035 257148 3470957.84   49  588 4694290.38 3263419.14  30.5%  12.4 1370s
 300382 257365     cutoff  112      4694290.38 3263541.37  30.5%  12.5 1375s
 300844 257919 3467586.24   47  544 4694290.38 3263544.88  30.5%  12.6 1380s
 301753 258624 3322827.19   38  594 4694290.38 3263707.96  30.5%  12.6 1385s
 302051 258890 4072466.01   71  528 4694290.38 3263707.96  30.5%  12.7 1390s
H302096 257093                    4692336.9736 3263707.96  30.4%  12.8 1393s
 302185 257147 3300877.94   40  665 4692336.97 3263802.16  30.4%  12.8 1395s
 302780 258022 3947925.14   99  395 4692336.97 3263802.16  30.4%  12.8 1400s
H303242 257081                    4690435.8389 3263802.16  30.4%  12.8 1402s
 304128 258428 4381354.30  572  289 4690435.84 3263802.16  30.4%  12.8 1406s
 306692 260858 4395656.89 1761  272 4690435.84 3263802.16  30.4%  12.7 1410s
 310058 264107 4404072.46 3441  272 4690435.84 3263802.16  30.4%  12.6 1415s
 313256 267181 4410601.54 4996  265 4690435.84 3263802.16  30.4%  12.5 1420s
 315604 269329 4415663.15 6568  262 4690435.84 3263802.16  30.4%  12.4 1425s
 317204 270884 4422594.68 8065  248 4690435.84 3263802.16  30.4%  12.4 1430s
 318651 272183 4433756.83 9389  245 4690435.84 3263802.16  30.4%  12.4 1435s
 321019 274609 4450147.80 11496  235 4690435.84 3263802.16  30.4%  12.3 1440s
 323422 276961 4457779.74 12600  228 4690435.84 3263802.16  30.4%  12.3 1445s
 324927 278309 4477562.18 13364  233 4690435.84 3263802.16  30.4%  12.2 1450s
 325975 279302 4494921.11 14050  220 4690435.84 3263802.16  30.4%  12.2 1455s
 327187 280503     cutoff 14050      4690435.84 3263802.16  30.4%  12.3 1460s
 328102 281275 4495279.09 14051  226 4690435.84 3263802.16  30.4%  12.3 1465s
 329309 282519 3327509.40   42  604 4690435.84 3263991.39  30.4%  12.3 1470s
 331094 284031 3667594.00   54  534 4690435.84 3263991.39  30.4%  12.3 1479s
 331096 284132 3682121.57   54  508 4690435.84 3263991.39  30.4%  12.3 1480s
 332492 285615 infeasible   76      4690435.84 3264014.54  30.4%  12.2 1485s
 333481 286383 4211857.64   74  420 4690435.84 3264014.54  30.4%  12.2 1490s
 333898 286687 3366788.43   33  619 4690435.84 3264205.57  30.4%  12.3 1495s
 334404 287281 4619849.82  268  276 4690435.84 3264358.37  30.4%  12.4 1500s
 335181 288075     cutoff   94      4690435.84 3264543.50  30.4%  12.4 1505s
 336691 289734 3633941.74   64  507 4690435.84 3264543.50  30.4%  12.4 1510s
 338616 291177 3555632.11   51  550 4690435.84 3264568.62  30.4%  12.4 1515s
 338956 291447 3314555.55   31  664 4690435.84 3264835.44  30.4%  12.4 1520s
H338957 291096                    4689966.6010 3264835.44  30.4%  12.4 1520s
 339189 291300 3393672.47   43  612 4689966.60 3265004.25  30.4%  12.5 1525s
 339585 291781 4266988.43  167  316 4689966.60 3265004.25  30.4%  12.6 1531s
H339699 291484                    4689517.3428 3265004.25  30.4%  12.6 1531s
 340323 292366 4279476.00  513  293 4689517.34 3265004.25  30.4%  12.6 1535s
H340782 292661                    4689517.3402 3265004.25  30.4%  12.6 1537s
 341611 293378 4293139.85 1096  276 4689517.34 3265004.25  30.4%  12.6 1540s
H341687 293298                    4689284.4382 3265004.25  30.4%  12.6 1541s
H341721 293249                    4689205.8369 3265004.25  30.4%  12.6 1541s
 341945 293622 4660177.59 1227  340 4689205.84 3265004.25  30.4%  12.6 1545s
H342708 293623                    4688319.6088 3265004.25  30.4%  12.6 1548s
 342985 294109 4299957.01 1721  238 4688319.61 3265004.25  30.4%  12.6 1550s
H343789 294653                    4688319.6025 3266277.32  30.3%  12.6 1554s
H343792 294171                    4687727.5597 3266277.32  30.3%  12.6 1554s
 343804 294224 3335957.57   32  626 4687727.56 3266277.32  30.3%  12.6 1555s
H343877 294198                    4687689.3445 3266277.32  30.3%  12.6 1556s
H343885 294192                    4687685.2274 3266277.32  30.3%  12.6 1556s
 344145 294402 4625188.90   94  375 4687685.23 3266931.18  30.3%  12.7 1560s
H344311 292771                    4686415.7148 3267548.49  30.3%  12.7 1562s
 344417 292904 3458117.87   47  587 4686415.71 3267548.49  30.3%  12.8 1565s
 344742 293174 3300501.26   38  593 4686415.71 3268103.51  30.3%  12.8 1570s
 345116 293463 3325147.27   27  645 4686415.71 3269433.01  30.2%  12.9 1575s
 345388 293813 4061863.57   90  423 4686415.71 3269433.01  30.2%  13.0 1580s
H345943 293816                    4685818.2644 3269743.64  30.2%  13.0 1585s
 347282 295622 3777496.19   63  484 4685818.26 3269781.74  30.2%  13.0 1590s
 350935 299014 3701588.63   54  551 4685818.26 3269783.34  30.2%  12.9 1595s
 352952 300944 4581913.08   87  412 4685818.26 3269822.00  30.2%  12.9 1600s
H353221 300487                    4685233.5397 3269958.00  30.2%  12.9 1601s
 353763 300766 3689312.48   55  520 4685233.54 3269958.00  30.2%  12.9 1605s
 353784 300768 3881407.25   61  493 4685233.54 3269958.00  30.2%  12.9 1610s
H353786 300770                    4685216.1119 3269958.00  30.2%  12.9 1611s
H353841 298967                    4682157.3948 3269958.00  30.2%  12.9 1612s
 354004 299070     cutoff   81      4682157.39 3270154.47  30.2%  13.0 1615s
H354076 299044                    4682076.6731 3270154.47  30.2%  13.0 1616s
 354396 299341 4511644.54  112  365 4682076.67 3270154.47  30.2%  13.0 1620s
H354540 299265                    4681835.8526 3270257.02  30.2%  13.1 1622s
 354706 299461 3867737.47   70  492 4681835.85 3270332.66  30.1%  13.1 1625s
H354731 299237                    4681377.1246 3270332.66  30.1%  13.1 1626s
 355445 300084 4578122.83  691  293 4681377.12 3270332.66  30.1%  13.1 1630s
 356595 301365 4601683.27 1605  292 4681377.12 3270332.66  30.1%  13.1 1636s
 357914 302596     cutoff 2020      4681377.12 3270332.66  30.1%  13.1 1640s
 359793 304173 3286170.92   40  641 4681377.12 3270642.72  30.1%  13.0 1645s
 361123 305459 3423258.07   46  620 4681377.12 3270650.66  30.1%  13.0 1650s
 362022 306134 3336199.22   30  696 4681377.12 3270653.84  30.1%  13.0 1655s
 362873 306704     cutoff  460      4681377.12 3270724.14  30.1%  13.1 1660s
H363052 306836                    4681366.7764 3270756.17  30.1%  13.1 1663s
 363137 307071 4115258.64   95  396 4681366.78 3270756.17  30.1%  13.1 1665s
H363709 306362                    4680224.8209 3270756.17  30.1%  13.1 1669s
 363899 306418 4666067.05  465  349 4680224.82 3270756.17  30.1%  13.1 1670s
 364422 306670 3442044.59   52  576 4680224.82 3270838.40  30.1%  13.2 1675s
H364899 306918                    4679690.8824 3270838.40  30.1%  13.2 1680s
H365883 306916                    4679079.7106 3270838.40  30.1%  13.2 1683s
 366345 307582 4568067.13  267  345 4679079.71 3271088.11  30.1%  13.2 1686s
 367502 308733 3529269.36   86  518 4679079.71 3271088.11  30.1%  13.2 1691s
H367521 308733                    4679078.8565 3271088.11  30.1%  13.2 1691s
 368700 309816 3286718.32   38  563 4679078.86 3271127.57  30.1%  13.2 1695s
 370385 311635 3774341.99   62  538 4679078.86 3271364.16  30.1%  13.1 1700s
H371564 312474                    4679047.8174 3271385.60  30.1%  13.1 1704s
 371622 312720 3552357.82   57  538 4679047.82 3271385.60  30.1%  13.1 1705s
 372854 313890 4426465.51   82  471 4679047.82 3271735.48  30.1%  13.1 1710s
 374195 315276 4097831.31   73  472 4679047.82 3271917.30  30.1%  13.1 1715s
H374738 315698                    4679003.7848 3272005.22  30.1%  13.1 1717s
 375360 316329 3455701.29   37  620 4679003.78 3272005.22  30.1%  13.1 1720s
 376492 317414 3427107.69   34  662 4679003.78 3272021.26  30.1%  13.0 1725s
 378038 319240 4596040.89  575  280 4679003.78 3272021.26  30.1%  13.0 1730s
 379823 320596     cutoff 1023      4679003.78 3272189.86  30.1%  13.0 1735s
H379959 320588                    4678972.1612 3272189.86  30.1%  13.0 1736s
H380042 320548                    4678768.4965 3272189.86  30.1%  13.0 1737s
 380117 320592 3545758.32   47  518 4678768.50 3272841.10  30.0%  13.0 1740s
 380557 321049 3395295.63   34  589 4678768.50 3272846.44  30.0%  13.1 1745s
 380865 321272 3480597.02   42  597 4678768.50 3273358.23  30.0%  13.1 1750s
H381059 321373                    4678758.5584 3273523.84  30.0%  13.2 1752s
H381062 321351                    4678725.4825 3273523.84  30.0%  13.2 1752s
H381098 320764                    4677783.1436 3273523.84  30.0%  13.2 1754s
 381194 320825 3347885.84   35  616 4677783.14 3273523.84  30.0%  13.2 1755s
H381427 320640                    4677249.8545 3273531.42  30.0%  13.3 1759s
 381460 320670 4515213.80   76  439 4677249.85 3273536.64  30.0%  13.3 1760s
 381768 320939 3336941.17   32  615 4677249.85 3273592.18  30.0%  13.3 1765s
 382025 321137 3459993.85   42  566 4677249.85 3273595.20  30.0%  13.4 1770s
H382054 320868                    4676684.7496 3273595.20  30.0%  13.4 1772s
H382082 319794                    4675217.5431 3273595.20  30.0%  13.4 1773s
 382186 319866 3557996.78   43  538 4675217.54 3273599.03  30.0%  13.4 1775s
 382570 320185 3669519.35   61  516 4675217.54 3273784.88  30.0%  13.5 1780s
H382699 320257                    4675217.5299 3273796.31  30.0%  13.5 1782s
 382909 320489 3406142.92   40  583 4675217.53 3273801.51  30.0%  13.6 1785s
H382980 320463                    4675113.3260 3273801.51  30.0%  13.6 1786s
 383281 320649 3520070.64   54  494 4675113.33 3273911.14  30.0%  13.6 1790s
H383421 320735                    4675111.6947 3273911.14  30.0%  13.6 1791s
H383607 320680                    4674710.1185 3274149.64  30.0%  13.7 1794s
 383638 320781 3617329.97   53  527 4674710.12 3274149.64  30.0%  13.7 1795s
 383932 320946 3383981.46   42  604 4674710.12 3274570.47  30.0%  13.7 1800s
 384248 321202 4541838.97   94  395 4674710.12 3274949.26  29.9%  13.8 1805s
 384506 321428 3277781.56   31  645 4674710.12 3275128.51  29.9%  13.9 1810s
H384545 321156                    4674269.6165 3275128.51  29.9%  13.9 1811s
H384718 321226                    4674168.7766 3275282.87  29.9%  13.9 1814s
 384726 321243 3351577.65   35  589 4674168.78 3275282.87  29.9%  13.9 1815s
 385042 321600 3740612.10   54  498 4674168.78 3275418.62  29.9%  14.0 1820s
 385400 321909 3899050.29   80  444 4674168.78 3275418.62  29.9%  14.1 1825s
 385804 322212 3574154.57   47  544 4674168.78 3275523.73  29.9%  14.1 1830s
H385896 321849                    4673572.6173 3275546.76  29.9%  14.1 1831s
H386052 321932                    4673509.5848 3275575.73  29.9%  14.2 1834s
 386081 321991 3415127.64   46  582 4673509.58 3275575.73  29.9%  14.2 1835s
 386297 322179 3347505.12   40  560 4673509.58 3275631.76  29.9%  14.2 1840s
H386409 322196                    4673391.5516 3275631.76  29.9%  14.3 1842s
 386623 322448 4203789.06   91  383 4673391.55 3275631.76  29.9%  14.3 1845s
H386890 322545                    4673319.4533 3275799.42  29.9%  14.3 1847s
 387035 322715 4281776.31   93  417 4673319.45 3275908.11  29.9%  14.3 1850s
H387129 321224                    4670885.9998 3275908.11  29.9%  14.4 1854s
 387130 321268 3582804.87   43  589 4670886.00 3275908.11  29.9%  14.4 1855s
 387441 321573 3599791.32   66  492 4670886.00 3275957.71  29.9%  14.4 1860s
 388045 322047 3363488.96   38  639 4670886.00 3276138.80  29.9%  14.5 1865s
 388331 322303 3399412.38   39  586 4670886.00 3276310.82  29.9%  14.5 1870s
H388630 322490                    4670855.7394 3276919.15  29.8%  14.6 1874s
 388633 322554 3441589.43   39  602 4670855.74 3276919.15  29.8%  14.6 1875s
H388799 322529                    4670563.4701 3277048.72  29.8%  14.6 1878s
 388945 322622 3295979.88   39  565 4670563.47 3277062.19  29.8%  14.7 1880s
 389497 323141 3442148.49   46  607 4670563.47 3277095.86  29.8%  14.7 1885s
H389521 323054                    4670371.2488 3277095.86  29.8%  14.7 1885s
 389827 323316 3909012.08   62  523 4670371.25 3277299.34  29.8%  14.8 1890s
 390047 323549 3378213.40   41  569 4670371.25 3277417.08  29.8%  14.8 1895s
H390364 323797                    4670348.0955 3277486.34  29.8%  14.9 1899s
 390441 323861 3472275.37   40  634 4670348.10 3277489.25  29.8%  14.9 1901s
H390587 323948                    4670348.0222 3277559.56  29.8%  14.9 1903s
 390699 324126 3880592.12   61  498 4670348.02 3277559.56  29.8%  14.9 1906s
 390959 324283 4130574.01   83  443 4670348.02 3277903.24  29.8%  15.0 1910s
 391207 324454 3330605.71   36  655 4670348.02 3277972.11  29.8%  15.0 1915s
H391427 324580                    4670228.9972 3277995.15  29.8%  15.1 1918s
 391561 324701     cutoff  110      4670229.00 3278064.27  29.8%  15.1 1920s
 392001 325115 3524687.85   47  543 4670229.00 3278198.46  29.8%  15.2 1926s
 392163 325234 3335464.07   46  577 4670229.00 3278230.20  29.8%  15.2 1930s
H392239 325145                    4670038.7842 3278230.20  29.8%  15.3 1931s
 392480 325385 3444138.77   49  620 4670038.78 3278950.61  29.8%  15.3 1935s
 392697 326074 3693110.83   56  490 4670038.78 3279219.28  29.8%  15.3 1940s
 393794 327088 3599799.89   51  529 4670038.78 3279219.28  29.8%  15.3 1945s
 394673 327407 3725858.64   51  591 4670038.78 3279402.45  29.8%  15.4 1950s
 394984 327720 3602333.18   45  515 4670038.78 3279559.91  29.8%  15.4 1955s
 395411 328599 4601042.68  136  332 4670038.78 3279559.91  29.8%  15.4 1960s
H396947 329053                    4668495.3306 3279559.91  29.8%  15.4 1967s
 397355 329629 4629732.64 1821  257 4668495.33 3279559.91  29.8%  15.4 1970s
H397705 329416                    4668193.8391 3279559.91  29.7%  15.4 1970s
H397902 329406                    4668183.1385 3279559.91  29.7%  15.4 1970s
 398585 330105 4590902.37  159  309 4668183.14 3279876.34  29.7%  15.4 1975s
 398975 330447 4243051.06  102  379 4668183.14 3279876.98  29.7%  15.5 1981s
 399364 330673 3389699.58   43  579 4668183.14 3279997.36  29.7%  15.5 1985s
 399669 330869 4124314.05   81  441 4668183.14 3280081.87  29.7%  15.6 1990s
 399965 331586 3608688.24   48  486 4668183.14 3280213.35  29.7%  15.6 1995s
 401348 332888 3731563.30   67  415 4668183.14 3280213.35  29.7%  15.6 2001s
H401394 332779                    4668050.4767 3280213.35  29.7%  15.6 2002s
 402130 333443 4331390.67  118  335 4668050.48 3280213.35  29.7%  15.6 2007s
 402744 333944 3357770.23   36  566 4668050.48 3280222.19  29.7%  15.6 2011s
 403526 334713 4659083.40  289  346 4668050.48 3280252.22  29.7%  15.6 2015s
 404308 335541 3686441.13   50  539 4668050.48 3280252.22  29.7%  15.6 2020s
 405372 336367 4337113.41   91  426 4668050.48 3280263.20  29.7%  15.6 2026s
 405796 336593 3720972.28   70  468 4668050.48 3280511.31  29.7%  15.6 2031s
 406040 336757 3390511.85   43  571 4668050.48 3280555.50  29.7%  15.7 2035s
 406435 337330 3447832.42   43  578 4668050.48 3280653.10  29.7%  15.7 2041s
H406902 337160                    4667613.7971 3280694.43  29.7%  15.8 2045s
 407140 337399 3863641.18   63  494 4667613.80 3280727.14  29.7%  15.8 2050s
H407387 335975                    4666264.1941 3280793.04  29.7%  15.9 2052s
 407538 336103 3717280.74   59  499 4666264.19 3280896.73  29.7%  15.9 2056s
H407688 335950                    4666105.4358 3280947.63  29.7%  15.9 2059s
 407704 336049 3577699.80   48  553 4666105.44 3281136.24  29.7%  15.9 2060s
 408020 336687 3999547.61   75  463 4666105.44 3281259.15  29.7%  16.0 2065s
 408928 337568 3628998.79   49  546 4666105.44 3281259.15  29.7%  16.0 2070s
H409373 337578                    4665971.6152 3281259.15  29.7%  15.9 2072s
 410182 338307 3495674.77   47  526 4665971.62 3281261.93  29.7%  15.9 2076s
H410524 338755                    4665954.6362 3281261.93  29.7%  15.9 2077s
 411003 339171 3934686.79   71  454 4665954.64 3281261.93  29.7%  15.9 2080s
H411321 339078                    4665897.1686 3281261.93  29.7%  15.9 2080s
 412253 340348 3732986.67   67  464 4665897.17 3281267.98  29.7%  15.9 2085s
H412721 339722                    4665547.5735 3281267.98  29.7%  15.9 2086s
 413149 340719 3292995.91   36  599 4665547.57 3281272.45  29.7%  15.9 2090s
 414295 340955 3360539.61   38  575 4665547.57 3281315.00  29.7%  15.9 2095s
 414573 341420 3420888.55   55  533 4665547.57 3281315.00  29.7%  16.0 2100s
 416223 343099 4380664.20  132  348 4665547.57 3281320.22  29.7%  15.9 2106s
 417422 344434 4374807.05  104  317 4665547.57 3281376.82  29.7%  15.9 2110s
 418755 345123 3877163.54   69  475 4665547.57 3281714.94  29.7%  15.9 2115s
H418769 345023                    4665484.8801 3281714.94  29.7%  15.9 2115s
H418860 345012                    4665467.3463 3281714.94  29.7%  15.9 2116s
 419155 345547 4460223.78  308  325 4665467.35 3281714.94  29.7%  15.9 2120s
 420386 346811 4500080.21 1482  299 4665467.35 3281714.94  29.7%  15.9 2125s
 422156 348620 4539001.08 3140  251 4665467.35 3281714.94  29.7%  15.9 2130s
 423006 349370 4544292.15 3965  245 4665467.35 3281714.94  29.7%  15.9 2135s
H424304 350133                    4665197.5804 3281714.94  29.7%  15.8 2139s
 424391 350489 4558792.77 5271  236 4665197.58 3281714.94  29.7%  15.8 2140s
 426147 352047 4576202.95 6837  232 4665197.58 3281714.94  29.7%  15.8 2145s
 426898 352486 3541524.86   43  536 4665197.58 3281961.31  29.7%  15.8 2150s
H426984 352498                    4665160.6347 3281961.31  29.6%  15.8 2151s
 427251 352766 3541125.60   48  511 4665160.63 3282281.37  29.6%  15.8 2155s
 427597 352963 3349352.00   36  544 4665160.63 3282491.05  29.6%  15.9 2160s
H427703 353050                    4665157.1937 3282491.05  29.6%  15.9 2162s
 427816 353189 3440470.66   49  539 4665157.19 3282907.12  29.6%  16.0 2165s
 428074 353373 3627425.41   48  551 4665157.19 3282911.72  29.6%  16.0 2170s
 428399 353666 3887604.69   68  465 4665157.19 3283011.43  29.6%  16.0 2175s
 428712 353841 3283741.18   36  648 4665157.19 3283113.75  29.6%  16.1 2180s
H428714 353757                    4665092.9158 3283113.75  29.6%  16.1 2180s
 428928 353995 infeasible  101      4665092.92 3283113.75  29.6%  16.1 2185s
H429027 354003                    4665079.2474 3283194.84  29.6%  16.2 2187s
 429228 354220 3792591.90   51  496 4665079.25 3283276.09  29.6%  16.2 2190s
 429518 354413 3614125.37   45  560 4665079.25 3283301.93  29.6%  16.3 2195s
H429636 354536                    4665079.1815 3283316.53  29.6%  16.3 2196s
 429839 354708 3418009.05   47  600 4665079.18 3283431.63  29.6%  16.3 2200s
 430289 355108 3649210.67   57  534 4665079.18 3283566.69  29.6%  16.4 2205s
 430481 355241 3986520.10   67  509 4665079.18 3283681.01  29.6%  16.4 2210s
H430502 355096                    4664947.6779 3283681.01  29.6%  16.4 2210s
 430709 355258 3373247.27   37  647 4664947.68 3283876.59  29.6%  16.4 2215s
 430950 355465 3344709.45   41  549 4664947.68 3283886.01  29.6%  16.5 2220s
 431300 355776 3950788.43   66  491 4664947.68 3284069.64  29.6%  16.5 2225s
 431694 356098 3679205.52   46  514 4664947.68 3284069.64  29.6%  16.6 2230s
 431949 356337 3365270.16   40  559 4664947.68 3284172.84  29.6%  16.6 2236s
H431951 356198                    4664827.7128 3284172.84  29.6%  16.6 2236s
H432092 356171                    4664758.4714 3284172.84  29.6%  16.6 2237s
 432193 356263 3474577.10   41  527 4664758.47 3284192.68  29.6%  16.7 2240s
 432498 356569 3713867.88   49  534 4664758.47 3284214.63  29.6%  16.7 2245s
 432805 356803 3424257.58   43  539 4664758.47 3284263.63  29.6%  16.8 2250s
 433129 357051 3361855.41   33  570 4664758.47 3284322.17  29.6%  16.8 2257s
 433521 357857 3649905.30   43  517 4664758.47 3284322.17  29.6%  16.8 2262s
H433602 357836                    4664740.4342 3284322.17  29.6%  16.8 2262s
 434407 358629 4644537.24  101  416 4664740.43 3284393.25  29.6%  16.8 2267s
 435134 359401 3606597.79   43  525 4664740.43 3284393.25  29.6%  16.8 2271s
 436007 360261 4461472.00  100  339 4664740.43 3284424.32  29.6%  16.8 2275s
 437572 362062 3438801.17   43  575 4664740.43 3284449.88  29.6%  16.7 2281s
H438600 362212                    4664591.8769 3284478.25  29.6%  16.7 2285s
 439905 363878 3357953.64   34  626 4664591.88 3284528.35  29.6%  16.7 2291s
 441294 365152 3346579.38   40  633 4664591.88 3284550.89  29.6%  16.7 2295s
H442367 365528                    4664341.3898 3284550.89  29.6%  16.7 2299s
 442372 365870 4397959.67  472  306 4664341.39 3284550.89  29.6%  16.7 2300s
 443327 366891 4411818.07 1408  280 4664341.39 3284550.89  29.6%  16.6 2305s
 444766 368377 4421670.68 2828  250 4664341.39 3284550.89  29.6%  16.6 2310s
H445541 368222                    4664082.7275 3284550.89  29.6%  16.6 2311s
 446233 369269 4431705.94 4274  242 4664082.73 3284550.89  29.6%  16.6 2315s
 447675 370723 4440775.27 5679  232 4664082.73 3284550.89  29.6%  16.5 2320s
 448918 371873 4484132.32 6880  241 4664082.73 3284550.89  29.6%  16.5 2325s
 450977 373907 4527983.09 8871  232 4664082.73 3284550.89  29.6%  16.4 2330s
H451349 373387                    4663546.0355 3284550.89  29.6%  16.4 2331s
 452362 374379 4539598.15 10178  231 4663546.04 3284550.89  29.6%  16.4 2335s
H452607 374511                    4663527.3385 3284550.89  29.6%  16.4 2336s
 453458 375280 4558662.09 11210  226 4663527.34 3284550.89  29.6%  16.4 2342s
H453774 375059                    4663156.3812 3284550.89  29.6%  16.4 2344s
 453990 375479 4564768.76 11701  224 4663156.38 3284550.89  29.6%  16.4 2345s
 455394 376851 4580016.33 12930  226 4663156.38 3284550.89  29.6%  16.4 2350s
H455508 376083                    4662683.2231 3284550.89  29.6%  16.4 2350s
 456421 376778     cutoff 13736      4662683.22 3284550.89  29.6%  16.4 2355s
H456651 376552                    4662544.7181 3284550.89  29.6%  16.4 2357s
 456989 376856 4598665.58 14039  221 4662544.72 3284550.89  29.6%  16.4 2360s
 457703 377455 4639045.17 14066  253 4662544.72 3284550.89  29.6%  16.4 2366s
 458502 377904 4641086.51 14068  253 4662544.72 3284550.89  29.6%  16.4 2370s
 458879 378086 3357031.79   32  654 4662544.72 3284830.47  29.5%  16.4 2375s
 459148 378324     cutoff   96      4662544.72 3284900.33  29.5%  16.5 2380s
H459182 377913                    4662215.4814 3284900.33  29.5%  16.5 2381s
 459474 378175 3343347.22   42  589 4662215.48 3285007.02  29.5%  16.6 2385s
 459849 378465 3492645.60   42  568 4662215.48 3285181.60  29.5%  16.6 2390s
H459887 376956                    4660978.0389 3285181.60  29.5%  16.6 2390s
 460310 377318 3554921.05   56  525 4660978.04 3285242.54  29.5%  16.7 2395s
H460430 377325                    4660954.2193 3285298.94  29.5%  16.7 2396s
 460604 377447 3637287.32   51  534 4660954.22 3285316.02  29.5%  16.7 2400s
 460866 377664 3441080.60   46  540 4660954.22 3285331.55  29.5%  16.7 2405s
H461028 377739                    4660917.7721 3285452.62  29.5%  16.8 2407s
 461225 378046     cutoff  108      4660917.77 3285490.51  29.5%  16.8 2410s
 461625 378252 3400366.65   42  609 4660917.77 3285665.88  29.5%  16.8 2415s
H461627 378232                    4660903.6614 3285665.88  29.5%  16.8 2415s
 461998 378539 3393583.19   41  541 4660903.66 3285748.94  29.5%  16.9 2420s
H462066 378340                    4660716.7861 3285748.94  29.5%  16.9 2421s
 462324 378579 4600193.66  114  400 4660716.79 3285812.29  29.5%  16.9 2425s
 462680 378849 3382452.24   39  603 4660716.79 3285911.22  29.5%  17.0 2430s
 463459 379754 3396537.48   47  596 4660716.79 3285927.00  29.5%  17.0 2438s
 463678 379960 3418958.60   53  573 4660716.79 3285927.00  29.5%  17.0 2440s
 464623 381499 4534151.25  176  335 4660716.79 3285927.00  29.5%  17.0 2446s
 467197 383685 4581766.81  680  266 4660716.79 3285927.00  29.5%  17.0 2451s
 468707 384597 4586086.64 1024  247 4660716.79 3285927.00  29.5%  16.9 2456s
 469445 385454 4598760.05 1309  248 4660716.79 3285927.00  29.5%  16.9 2460s
H469778 385462                    4660675.5364 3285982.80  29.5%  16.9 2463s
 469852 385565 3872853.85   49  498 4660675.54 3285982.80  29.5%  17.0 2465s
 470187 385807 3489077.84   44  584 4660675.54 3286031.07  29.5%  17.0 2470s
 470596 386155     cutoff  115      4660675.54 3286171.76  29.5%  17.1 2475s
 470868 386416 3476079.35   56  566 4660675.54 3286249.52  29.5%  17.1 2480s
 471189 386645 3326978.40   38  614 4660675.54 3286304.94  29.5%  17.2 2485s
H471466 386774                    4660568.4749 3286308.89  29.5%  17.2 2488s
 471573 386836 3312853.38   30  671 4660568.47 3286315.56  29.5%  17.2 2490s
 471822 387061 4308612.75   82  444 4660568.47 3286329.35  29.5%  17.3 2495s
H472026 386759                    4660159.1838 3286385.11  29.5%  17.3 2499s
 472078 386825 3354162.34   39  563 4660159.18 3286385.11  29.5%  17.3 2500s
 472504 387134 3480457.24   44  595 4660159.18 3286397.42  29.5%  17.4 2505s
H472589 387186                    4660153.6652 3286413.98  29.5%  17.4 2506s
 472785 387343 3295470.80   36  609 4660153.67 3286420.60  29.5%  17.4 2510s
 473013 387555 3442280.66   48  515 4660153.67 3286437.01  29.5%  17.4 2515s
 473789 388410 4227003.62  262  308 4660153.67 3286437.01  29.5%  17.5 2521s
 474955 390035 4231370.69  528  303 4660153.67 3286437.01  29.5%  17.4 2526s
 476624 391979 4234652.76  935  299 4660153.67 3286437.01  29.5%  17.4 2531s
 478852 393635 4253874.72 1405  291 4660153.67 3286437.01  29.5%  17.3 2535s
 480804 395853 4249870.03 1883  287 4660153.67 3286437.01  29.5%  17.2 2541s
 482365 397317 4246204.01 2234  261 4660153.67 3286437.01  29.5%  17.2 2545s
 484226 398639 4268651.93 2512  239 4660153.67 3286437.01  29.5%  17.1 2550s
 485505 399832 3450655.26   43  545 4660153.67 3286516.44  29.5%  17.1 2555s
H485540 399779                    4660068.9207 3286516.44  29.5%  17.1 2558s
 485568 399811 3525510.39   52  522 4660068.92 3286516.44  29.5%  17.1 2560s
 485642 400126 3694223.29   67  460 4660068.92 3286516.44  29.5%  17.1 2565s
H486891 401168                    4660014.3131 3286516.44  29.5%  17.1 2569s
 487011 401359 4403784.88  138  348 4660014.31 3286516.44  29.5%  17.1 2570s
 487555 401601 3868243.10   52  531 4660014.31 3286549.54  29.5%  17.1 2575s
H487965 401881                    4660004.6342 3286660.15  29.5%  17.1 2579s
 487973 401914 3404678.37   47  632 4660004.63 3286660.15  29.5%  17.1 2580s
H488281 402122                    4659992.1169 3286702.44  29.5%  17.2 2584s
 488342 402173 3459715.43   43  562 4659992.12 3286702.44  29.5%  17.2 2585s
 488657 402456 4017823.16   76  469 4659992.12 3286782.60  29.5%  17.2 2590s
 488963 402735 3629473.47   60  474 4659992.12 3286820.73  29.5%  17.3 2595s
 489278 402991 3888596.68   55  525 4659992.12 3286852.07  29.5%  17.3 2601s
H489597 402917                    4659662.5889 3286864.07  29.5%  17.4 2605s
 490215 403772 4476973.93  395  261 4659662.59 3286864.07  29.5%  17.4 2610s
 492448 406271 4516890.00 1303  220 4659662.59 3286864.07  29.5%  17.3 2615s
H493007 406631                    4659518.5632 3286864.07  29.5%  17.3 2616s
 494537 408058 4538236.33 2018  195 4659518.56 3286864.07  29.5%  17.2 2620s
 497487 411026 4570602.44 3128  164 4659518.56 3286864.07  29.5%  17.1 2625s
 499228 412425 4580646.63 3929  154 4659518.56 3286864.07  29.5%  17.1 2630s
 500174 413444 4593616.38 4726  146 4659518.56 3286864.07  29.5%  17.1 2635s
H501010 413975                    4659485.9233 3286864.07  29.5%  17.1 2638s
H501024 413876                    4659380.2928 3286864.07  29.5%  17.1 2638s
 501828 414718 4604361.43 6085  241 4659380.29 3286864.07  29.5%  17.1 2640s
 503357 416263 4615025.40 7204  236 4659380.29 3286864.07  29.5%  17.0 2645s
H503936 416604                    4659283.7602 3286911.11  29.5%  17.0 2648s
 504010 416677 4076538.76   74  457 4659283.76 3286911.11  29.5%  17.0 2650s
 504465 417063     cutoff  223      4659283.76 3287002.75  29.5%  17.1 2655s
 504742 417273 3388577.71   37  597 4659283.76 3287011.96  29.5%  17.1 2660s
 505046 417707 3820704.82   74  437 4659283.76 3287011.96  29.5%  17.2 2665s
H505674 418076                    4659234.5544 3287103.45  29.4%  17.2 2667s
 505803 418201 4423768.18   84  428 4659234.55 3287103.45  29.4%  17.2 2670s
 506074 418429 4647934.43   84  420 4659234.55 3287167.37  29.4%  17.3 2675s
H506082 417974                    4658766.8903 3287167.37  29.4%  17.3 2675s
H506191 418021                    4658731.0359 3287167.37  29.4%  17.3 2677s
 506340 418173 3858855.55   81  423 4658731.04 3287167.37  29.4%  17.3 2680s
 507033 419154 4533512.30  535  251 4658731.04 3287167.37  29.4%  17.3 2685s
 508493 420530 4538913.81 1896  248 4658731.04 3287167.37  29.4%  17.3 2690s
 509680 421484 4543412.23 2924  236 4658731.04 3287167.37  29.4%  17.3 2695s
H510400 421955                    4658603.2605 3287167.37  29.4%  17.3 2698s
 510834 422849 4550344.25 3993  231 4658603.26 3287167.37  29.4%  17.2 2700s
 512064 423464 3439404.55   40  605 4658603.26 3287300.48  29.4%  17.2 2705s
H512286 423704                    4658603.2596 3287318.77  29.4%  17.3 2710s
H512294 423667                    4658579.6398 3287318.77  29.4%  17.3 2710s
 512614 423930 3796140.16   74  426 4658579.64 3287318.77  29.4%  17.3 2715s
 513502 424941 4477986.08  680  306 4658579.64 3287318.77  29.4%  17.3 2720s
H513742 424928                    4658558.7899 3287318.77  29.4%  17.3 2721s
 514831 425999 4510091.39 1851  280 4658558.79 3287318.77  29.4%  17.3 2725s
H514832 425992                    4658551.7345 3287318.77  29.4%  17.3 2725s
 517329 428704 4522228.68 4067  262 4658551.73 3287318.77  29.4%  17.2 2730s
 518794 430157 4537316.55 5179  247 4658551.73 3287318.77  29.4%  17.2 2735s
 519774 431006 4544236.96 5943  230 4658551.73 3287318.77  29.4%  17.2 2740s
 520558 431867 4546763.20 6643  229 4658551.73 3287318.77  29.4%  17.2 2745s
 521626 432907 4568561.54 7167  226 4658551.73 3287318.77  29.4%  17.1 2750s
 522580 433697 3908259.73   56  506 4658551.73 3287334.83  29.4%  17.1 2755s
 523572 434691 3560676.89   47  546 4658551.73 3287338.16  29.4%  17.1 2760s
 524982 436098 3435505.56   43  586 4658551.73 3287350.93  29.4%  17.1 2765s
 526664 437703 4403841.04   97  348 4658551.73 3287354.13  29.4%  17.1 2770s
 527653 438752 3945588.02   74  472 4658551.73 3287354.13  29.4%  17.0 2775s
H528645 439122                    4658534.6521 3287366.57  29.4%  17.0 2778s
 528734 439271 4249154.15   92  444 4658534.65 3287366.57  29.4%  17.1 2780s
 529060 439499 3441118.36   53  519 4658534.65 3287367.92  29.4%  17.1 2785s
H529334 439716                    4658517.8639 3287371.45  29.4%  17.1 2788s
 529443 439948 3536911.80   56  495 4658517.86 3287371.45  29.4%  17.1 2790s
H529827 440266                    4658500.6489 3287374.88  29.4%  17.1 2792s
H530059 440280                    4658423.7399 3287374.88  29.4%  17.1 2794s
 530060 440439 3609089.61   51  550 4658423.74 3287374.88  29.4%  17.1 2795s
 530765 441120 3317851.60   35  626 4658423.74 3287377.10  29.4%  17.1 2801s
H531070 441384                    4658423.7344 3287377.10  29.4%  17.1 2803s
 531285 441668 3605688.46   53  483 4658423.73 3287377.10  29.4%  17.1 2805s
 532104 442349 3349542.19   38  611 4658423.73 3287377.18  29.4%  17.2 2810s
 532577 442838 3600519.28   48  524 4658423.73 3287385.35  29.4%  17.2 2815s
H532761 442900                    4658328.4473 3287394.37  29.4%  17.2 2816s
 533213 443461 3735015.58   60  535 4658328.45 3287408.91  29.4%  17.2 2820s
H533841 443823                    4658328.4458 3287412.41  29.4%  17.3 2824s
 533992 443914 4143090.22   80  446 4658328.45 3287412.41  29.4%  17.3 2825s
 534519 444172 3439350.57   51  537 4658328.45 3287415.70  29.4%  17.3 2830s
 535163 444521 3312520.85   32  636 4658328.45 3287434.90  29.4%  17.3 2835s
H535256 444406                    4658155.5979 3287434.90  29.4%  17.3 2835s
 536078 445301 4552953.80  411  306 4658155.60 3287434.90  29.4%  17.3 2841s
 537005 445683 4628300.27  849  280 4658155.60 3287434.90  29.4%  17.3 2845s
 538341 446227 4630128.58 1460  273 4658155.60 3287434.90  29.4%  17.3 2850s
 539647 446390 4631283.74 2118  270 4658155.60 3287434.90  29.4%  17.3 2855s
 540803 446636     cutoff 2634      4658155.60 3287451.50  29.4%  17.3 2860s
 541241 446850 3488385.05   46  588 4658155.60 3287477.40  29.4%  17.4 2865s
H541355 446932                    4658155.5961 3287480.50  29.4%  17.4 2866s
 541525 447080 3334732.93   35  577 4658155.60 3287507.87  29.4%  17.4 2870s
 541780 447308 3526660.08   47  522 4658155.60 3287537.88  29.4%  17.4 2875s
H541804 447271                    4658124.0280 3287537.88  29.4%  17.4 2875s
 542296 447724 3325528.90   37  606 4658124.03 3287585.64  29.4%  17.5 2880s
 542598 447988 4475600.61   77  416 4658124.03 3287668.78  29.4%  17.5 2885s
 542933 448309 4034904.98   76  451 4658124.03 3287703.54  29.4%  17.5 2890s
 543405 448982 3462027.38   47  602 4658124.03 3287712.74  29.4%  17.6 2895s
 544514 450209 3689551.56   65  488 4658124.03 3287712.74  29.4%  17.5 2900s
 545659 451592 4315643.12  111  374 4658124.03 3287712.74  29.4%  17.5 2905s
 547632 453377 4600859.15  422  321 4658124.03 3287712.74  29.4%  17.5 2910s
 549385 454803 3452438.18   39  637 4658124.03 3287734.49  29.4%  17.5 2915s
 550319 455565     cutoff   95      4658124.03 3287772.22  29.4%  17.4 2921s
 551487 456999 4339201.52   94  374 4658124.03 3287803.65  29.4%  17.4 2925s
 553030 458390 3433501.33   37  589 4658124.03 3287808.29  29.4%  17.4 2930s
 553978 459300 3388576.48   41  651 4658124.03 3287841.19  29.4%  17.4 2935s
 554799 459800 3407597.56   40  605 4658124.03 3287881.60  29.4%  17.4 2940s
 555114 460066 3573978.53   52  524 4658124.03 3287929.00  29.4%  17.4 2945s
 555425 460331     cutoff  110      4658124.03 3287992.07  29.4%  17.5 2950s
 555563 460457 3512471.53   42  570 4658124.03 3287997.30  29.4%  17.5 2955s
 555946 460878 3448271.00   33  661 4658124.03 3288011.24  29.4%  17.5 2961s
 556345 461277 4598893.19  133  361 4658124.03 3288011.24  29.4%  17.5 2965s
 557034 461716 3329531.09   38  578 4658124.03 3288021.94  29.4%  17.6 2970s
 557567 462603 3479775.58   37  593 4658124.03 3288034.56  29.4%  17.6 2975s
 558944 463756 4627155.30  115  399 4658124.03 3288042.95  29.4%  17.6 2980s
 560206 464718 3473504.62   42  602 4658124.03 3288047.16  29.4%  17.6 2985s
 560436 464920 4638824.05   98  428 4658124.03 3288076.05  29.4%  17.6 2990s
 560575 465006 3846467.61   68  482 4658124.03 3288108.46  29.4%  17.6 2995s
 561097 465533 4465069.95  102  340 4658124.03 3288108.46  29.4%  17.6 3000s
H561370 465895                    4658079.4314 3288108.46  29.4%  17.6 3002s
 561941 466520 4542931.10  810  282 4658079.43 3288108.46  29.4%  17.6 3005s
 563090 467877 4584677.83 1800  251 4658079.43 3288108.46  29.4%  17.6 3010s
 564827 469286 4585791.31 3136  237 4658079.43 3288108.46  29.4%  17.6 3015s
 566665 471506 4591744.30 4116  228 4658079.43 3288108.46  29.4%  17.6 3021s
 568433 473009 4597141.87 5017  225 4658079.43 3288108.46  29.4%  17.5 3025s
 570712 474928 4602380.04 5648  224 4658079.43 3288108.46  29.4%  17.5 3030s
 571592 475677 4616183.33 6190  222 4658079.43 3288108.46  29.4%  17.5 3035s
 572286 476174 3442543.36   36  630 4658079.43 3288221.55  29.4%  17.5 3040s
 572584 476576 3797988.13   66  506 4658079.43 3288297.83  29.4%  17.5 3045s
H573060 476951                    4657998.4808 3288335.77  29.4%  17.5 3048s
 573248 477185 3392176.74   37  619 4657998.48 3288335.77  29.4%  17.5 3050s
H574098 478166                    4657994.2578 3288335.77  29.4%  17.5 3053s
 574782 478703 3387131.09   43  649 4657994.26 3288344.72  29.4%  17.5 3055s
 576291 480384 4018600.61   75  440 4657994.26 3288351.65  29.4%  17.5 3060s
 578225 481839 3466663.75   48  595 4657994.26 3288360.49  29.4%  17.4 3065s
H578291 481807                    4657935.5895 3288360.49  29.4%  17.5 3066s
 578495 482008 4252845.40   97  420 4657935.59 3288402.13  29.4%  17.5 3070s
 578749 482202 3542718.39   45  500 4657935.59 3288408.93  29.4%  17.5 3075s
 579154 482670 4282738.95   91  343 4657935.59 3288408.93  29.4%  17.5 3080s
H579699 483076                    4657933.5279 3288408.93  29.4%  17.5 3083s
 579875 483439 4599700.35  637  222 4657933.53 3288408.93  29.4%  17.5 3085s
 580512 483911 3381695.42   41  589 4657933.53 3288455.84  29.4%  17.5 3090s
 580794 484141 4240354.09   71  454 4657933.53 3288473.30  29.4%  17.6 3095s
 580974 484250 3448749.56   36  626 4657933.53 3288546.09  29.4%  17.6 3100s
 581191 484445 3445191.99   46  554 4657933.53 3288621.98  29.4%  17.6 3105s
 581576 484814 3305519.46   38  636 4657933.53 3288647.30  29.4%  17.7 3110s
H581667 484201                    4657322.9070 3288647.30  29.4%  17.7 3111s
 581904 484393 4604526.48  109  385 4657322.91 3288653.08  29.4%  17.7 3115s
H581942 484488                    4657322.9060 3288653.08  29.4%  17.7 3117s
 582234 484884 4467398.53  243  308 4657322.91 3288653.08  29.4%  17.7 3120s
 583251 485884 4489377.21  814  277 4657322.91 3288653.08  29.4%  17.7 3126s
 583956 486158 4497383.48 1108  239 4657322.91 3288669.02  29.4%  17.7 3130s
 584384 486485 4324030.75  106  361 4657322.91 3288669.48  29.4%  17.8 3135s
 584919 487174 3513953.69   45  532 4657322.91 3288732.14  29.4%  17.8 3140s
 585750 487695 3446681.33   42  607 4657322.91 3288747.67  29.4%  17.8 3145s
 587326 488505 3664836.94   58  503 4657322.91 3288776.34  29.4%  17.8 3150s
 588123 489064 3815936.76   81  447 4657322.91 3288814.62  29.4%  17.8 3155s
 590212 490843 4495664.14 1758  258 4657322.91 3288814.62  29.4%  17.7 3161s
 591750 492089 4503310.08 3040  256 4657322.91 3288814.62  29.4%  17.7 3165s
 594927 494520 4517359.91 5794  253 4657322.91 3288814.62  29.4%  17.6 3170s
 596594 496123 4530366.71 7129  251 4657322.91 3288814.62  29.4%  17.6 3175s
 598357 497774 4566148.34 8764  242 4657322.91 3288814.62  29.4%  17.6 3180s
 599175 498269 3394722.58   41  603 4657322.91 3288888.51  29.4%  17.6 3185s
 599545 498560 3353319.15   36  614 4657322.91 3288955.22  29.4%  17.6 3190s
H599548 498552                    4657312.8589 3288955.22  29.4%  17.6 3190s
 599943 498910 3359911.94   38  612 4657312.86 3289017.36  29.4%  17.7 3195s
 600305 499248 3355449.76   35  625 4657312.86 3289046.41  29.4%  17.7 3200s
H600517 499321                    4657236.1687 3289046.41  29.4%  17.7 3205s
 601097 499795 3521501.76   38  639 4657236.17 3289092.54  29.4%  17.8 3210s
 601264 499898 3346762.68   45  593 4657236.17 3289278.12  29.4%  17.8 3221s
 601482 500086 4057155.37   73  453 4657236.17 3289544.05  29.4%  17.8 3225s
 601761 500480 4135451.95   79  425 4657236.17 3289544.05  29.4%  17.9 3230s
 602627 501377 3603957.74   48  521 4657236.17 3289602.00  29.4%  17.8 3235s
 603852 502660 3552884.38   55  553 4657236.17 3289639.52  29.4%  17.8 3240s
 604775 503229 3692960.12   51  539 4657236.17 3289653.23  29.4%  17.8 3245s
H604826 503248                    4657172.8040 3289665.85  29.4%  17.8 3246s
 605188 503504 3357976.64   49  637 4657172.80 3289709.65  29.4%  17.9 3250s
 605556 503796 3570986.13   46  560 4657172.80 3289736.34  29.4%  17.9 3255s
 605837 504003 3436184.66   43  557 4657172.80 3289755.61  29.4%  18.0 3260s
 606185 504238 3311143.32   40  640 4657172.80 3289841.20  29.4%  18.0 3265s
 606354 504357 3381637.79   37  638 4657172.80 3289871.42  29.4%  18.0 3274s
H606355 503971                    4656797.2922 3289871.42  29.4%  18.0 3274s
H606360 503980                    4656797.2891 3289871.42  29.4%  18.0 3275s
 606684 504298 3983907.29   79  457 4656797.29 3289908.98  29.4%  18.0 3280s
 607038 504565 3433256.17   41  624 4656797.29 3289988.94  29.4%  18.1 3285s
 607316 504848 3868775.60   56  530 4656797.29 3290043.46  29.3%  18.1 3290s
 607768 505207 3685560.21   58  435 4656797.29 3290105.93  29.3%  18.2 3295s
 608197 505871 4562176.83  350  338 4656797.29 3290105.93  29.3%  18.2 3300s
 609117 506760 4585765.54 1130  297 4656797.29 3290105.93  29.3%  18.2 3306s
 609986 507245 3546074.74   44  536 4656797.29 3290199.38  29.3%  18.2 3310s
 610285 507503 3556646.49   47  584 4656797.29 3290389.40  29.3%  18.2 3315s
 610637 507824 3928627.99   81  395 4656797.29 3290457.49  29.3%  18.2 3320s
 611007 508089 3522944.61   53  507 4656797.29 3290612.52  29.3%  18.3 3325s
H611220 507828                    4656418.5874 3290656.42  29.3%  18.3 3328s
 611324 507978 3377850.55   37  618 4656418.59 3290745.31  29.3%  18.3 3330s
H611440 507732                    4656187.1897 3290745.31  29.3%  18.3 3333s
H611441 507693                    4656116.4151 3290745.31  29.3%  18.3 3334s
 611503 507745 3294650.78   44  654 4656116.42 3290745.31  29.3%  18.3 3336s
H611532 507743                    4656115.3230 3290745.31  29.3%  18.3 3336s
 611747 507927 3390747.12   37  647 4656115.32 3290896.71  29.3%  18.4 3340s
 612472 508703 4222277.03   72  502 4656115.32 3290980.67  29.3%  18.4 3345s
H612724 508524                    4655924.9696 3290980.67  29.3%  18.4 3347s
H612857 508492                    4655755.0171 3290985.85  29.3%  18.4 3349s
 612945 508538 3337858.19   42  597 4655755.02 3291014.52  29.3%  18.4 3350s
H613128 508622                    4655742.8728 3291049.31  29.3%  18.4 3353s
 613192 508738 4225644.29   91  422 4655742.87 3291100.17  29.3%  18.4 3356s
 613443 508917 3432173.05   43  557 4655742.87 3291145.43  29.3%  18.5 3360s
H613450 508902                    4655728.9104 3291145.43  29.3%  18.5 3360s
 613734 509184 3997219.45   79  420 4655728.91 3291199.55  29.3%  18.5 3365s
 614065 509469 3800365.75   58  529 4655728.91 3291354.67  29.3%  18.5 3370s
 614559 510172 3380745.64   32  662 4655728.91 3291410.59  29.3%  18.6 3375s
 615721 511350 4261755.35   94  365 4655728.91 3291481.42  29.3%  18.5 3381s
H616283 511388                    4655619.4890 3291481.42  29.3%  18.6 3384s
 616494 511402     cutoff   95      4655619.49 3291506.37  29.3%  18.6 3396s
H616511 511223                    4655393.8723 3291506.37  29.3%  18.6 3396s
 616755 511340 4582499.26  101  390 4655393.87 3291537.88  29.3%  18.6 3400s
 617086 511662 3369050.91   39  598 4655393.87 3291543.94  29.3%  18.6 3405s
H617321 511747                    4655306.3454 3291550.11  29.3%  18.6 3408s
 617324 512021 3990197.42   59  484 4655306.35 3291563.50  29.3%  18.6 3410s
 618394 513112 3398721.55   50  580 4655306.35 3291578.12  29.3%  18.6 3417s
H618737 513021                    4654943.8992 3291578.12  29.3%  18.6 3418s
 619152 513135 3946888.40   85  467 4654943.90 3291578.12  29.3%  18.6 3421s
 619489 513304 3516710.78   52  558 4654943.90 3291626.65  29.3%  18.7 3425s
 619834 513582 3397943.47   41  616 4654943.90 3291687.74  29.3%  18.7 3430s
H619926 513377                    4654685.0749 3291687.74  29.3%  18.7 3431s
H620199 513560                    4654685.0164 3291772.07  29.3%  18.7 3435s
 620557 513945 3535295.28   46  530 4654685.02 3291969.07  29.3%  18.8 3440s
 621264 514323 3309896.14   40  617 4654685.02 3292096.63  29.3%  18.8 3445s
 621719 514676 3332579.82   42  563 4654685.02 3292231.96  29.3%  18.8 3451s
 621932 514866 3571972.68   56  527 4654685.02 3292304.92  29.3%  18.9 3455s
 622522 515294 3471055.70   47  573 4654685.02 3292348.44  29.3%  18.9 3461s
 622906 515545     cutoff  110      4654685.02 3292490.93  29.3%  19.0 3465s
 622994 515580 3341201.67   41  616 4654685.02 3292504.30  29.3%  19.0 3470s
 623287 515849 3394701.63   45  553 4654685.02 3292594.44  29.3%  19.0 3476s
 623538 516101 4191198.41   83  440 4654685.02 3292675.03  29.3%  19.0 3481s
H623702 516122                    4654632.8884 3292872.31  29.3%  19.1 3484s
 623732 516218 3441852.27   42  595 4654632.89 3292872.31  29.3%  19.1 3486s
 624079 516436 3385833.38   39  618 4654632.89 3293029.55  29.3%  19.1 3491s
 624288 516615 3629460.02   63  567 4654632.89 3293050.27  29.3%  19.1 3495s
H624622 516277                    4654137.6229 3293062.39  29.2%  19.2 3498s
 624774 516484 4621875.63  120  424 4654137.62 3293121.09  29.2%  19.2 3501s
 625121 516751 3356976.78   43  580 4654137.62 3293169.71  29.2%  19.2 3505s
 625446 516997 4601560.17   93  417 4654137.62 3293227.43  29.2%  19.2 3510s
H625743 517245                    4654131.6141 3293265.12  29.2%  19.3 3514s
 625800 517331 3555780.09   52  544 4654131.61 3293312.92  29.2%  19.3 3516s
 626161 517695 3692807.36   68  511 4654131.61 3293431.56  29.2%  19.3 3521s
 626559 517917 4033101.63   65  507 4654131.61 3293476.33  29.2%  19.4 3526s
H626661 518071                    4654128.2994 3293476.99  29.2%  19.4 3528s
 626807 518185 3652938.71   56  475 4654128.30 3293492.07  29.2%  19.4 3530s
 627351 518705 4205069.33  163  384 4654128.30 3293533.40  29.2%  19.4 3536s
 627648 518904 3508854.32   50  576 4654128.30 3293584.06  29.2%  19.5 3540s
H627977 519444                    4654116.9619 3293584.06  29.2%  19.5 3545s
 628712 519788 3371432.48   34  678 4654116.96 3293684.69  29.2%  19.5 3551s
H628720 519753                    4654078.9729 3293684.69  29.2%  19.5 3551s
 629142 520034 4602136.54  110  341 4654078.97 3293806.79  29.2%  19.5 3555s
 629511 520321 3320223.05   38  641 4654078.97 3293904.65  29.2%  19.6 3561s
H629602 520383                    4654067.4132 3293904.65  29.2%  19.6 3563s
 629837 520639 3641830.61   61  539 4654067.41 3294039.50  29.2%  19.6 3567s
 630089 520961 3512004.08   44  552 4654067.41 3294040.88  29.2%  19.7 3571s
 630332 521703 4135122.30   90  369 4654067.41 3294046.97  29.2%  19.7 3575s
 631815 523226 3344419.44   49  643 4654067.41 3294139.77  29.2%  19.7 3582s
 632670 523741 3900040.92   80  487 4654067.41 3294152.21  29.2%  19.6 3585s
 633209 523773 3487257.49   41  629 4654067.41 3294152.21  29.2%  19.6 3594s
 633241 524275 3868363.11   57  532 4654067.41 3294163.78  29.2%  19.6 3598s
 633765 524553 3334699.99   38  652 4654067.41 3294163.78  29.2%  19.6 3600s

Cutting planes:
  Gomory: 4
  Implied bound: 34
  MIR: 382
  Mixing: 1
  StrongCG: 19
  Flow cover: 522
  RLT: 102

Explored 634043 nodes (12441970 simplex iterations) in 3600.20 seconds (2068.48 work units)
Thread count was 2 (of 24 available processors)

Solution count 10: 4.65407e+06 4.65412e+06 4.65413e+06 ... 4.65562e+06

Time limit reached
Best objective 4.654067413179e+06, best bound 3.294163782961e+06, gap 29.2197%
