
Gurobi 11.0.3 (linux64, Java) logging started sex 06 dez 2024 18:19:19 -03

Set parameter Username
Academic license - for non-commercial use only - expires 2025-10-10
Set parameter NonConvex to value 2
Set parameter TimeLimit to value 3600
Set parameter LogToConsole to value 0
Set parameter MIPGap to value 7.7716481645149384e-08
Set parameter Threads to value 2
Set parameter NodefileDir to value "/home/ps12398/experiment_hosp/goalProgrammingMarcos/"
Set parameter NodefileStart to value 1
Gurobi Optimizer version 11.0.3 build v11.0.3rc0 (linux64)

CPU model: Intel(R) Xeon(R) CPU           X5650  @ 2.67GHz, instruction set [SSE2]
Thread count: 12 physical cores, 24 logical processors, using up to 2 threads

Optimize a model with 149791 rows, 101033 columns and 647494 nonzeros
Model fingerprint: 0x0f436e6c
Model has 229 quadratic constraints
Variable types: 50406 continuous, 50627 integer (224 binary)
Coefficient statistics:
  Matrix range     [4e-03, 4e+06]
  QMatrix range    [4e-03, 7e+04]
  QLMatrix range   [1e+00, 7e+04]
  Objective range  [1e+00, 3e+07]
  Bounds range     [1e+00, 1e+08]
  RHS range        [1e+00, 7e+06]
  QRHS range       [5e-02, 5e-02]
Presolve removed 148315 rows and 99311 columns
Presolve time: 0.50s
Presolved: 2990 rows, 2186 columns, 193518 nonzeros
Presolved model has 2 SOS constraint(s)
Presolved model has 224 bilinear constraint(s)

Solving non-convex MIQCP

Variable types: 796 continuous, 1390 integer (226 binary)
Found heuristic solution: objective 9748176.5370

Root relaxation: objective 0.000000e+00, 309 iterations, 0.06 seconds (0.04 work units)

    Nodes    |    Current Node    |     Objective Bounds      |     Work
 Expl Unexpl |  Obj  Depth IntInf | Incumbent    BestBd   Gap | It/Node Time

     0     0    0.00000    0  347 9748176.54    0.00000   100%     -    2s
H    0     0                    9735089.5940    0.00000   100%     -    2s
     0     0    0.00000    0  475 9735089.59    0.00000   100%     -    3s
     0     0    0.00000    0  457 9735089.59    0.00000   100%     -    3s
     0     0    0.00000    0  445 9735089.59    0.00000   100%     -    6s
H    0     0                    7629666.5182    0.00000   100%     -    6s
H    0     0                    7629471.5277    0.00000   100%     -    6s
     0     0    0.00000    0  436 7629471.53    0.00000   100%     -    6s
     0     0    0.00000    0  407 7629471.53    0.00000   100%     -   10s
     0     0    0.00000    0  432 7629471.53    0.00000   100%     -   11s
     0     0    0.00000    0  392 7629471.53    0.00000   100%     -   13s
     0     0    0.00000    0  391 7629471.53    0.00000   100%     -   14s
     0     2    0.00000    0  371 7629471.53    0.00000   100%     -   17s
    14    27    0.00000    6  421 7629471.53    0.00000   100%   429   20s
    38    85    0.00000   15  389 7629471.53    0.00000   100%   229   25s
    84   312    0.00000   41  393 7629471.53    0.00000   100%   278   32s
   311   604 597670.062  109  321 7629471.53    0.00000   100%   134   37s
H  326   604                    4113795.6381    0.00000   100%   128   37s
H  549   604                    4041328.0475    0.00000   100%  80.7   37s
   603   919 676296.829  218  295 4041328.05    0.00000   100%  73.9   41s
H  774   919                    3748619.0964    0.00000   100%  60.1   41s
   918  1209 684003.055  353  258 3748619.10    0.00000   100%  51.8   46s
H  961  1209                    3713285.8083    0.00000   100%  49.9   46s
H 1071  1209                    3579624.8546    0.00000   100%  46.1   46s
  1208  1467 704876.674  493  242 3579624.85    0.00000   100%  42.0   50s
H 1393  1467                    3390439.1378    0.00000   100%  37.7   50s
H 1670  1714                    3286994.5694    0.00000   100%  32.8   54s
  1713  1986 757789.676  682  262 3286994.57    0.00000   100%  32.3   58s
  1985  2203 783812.035  801  258 3286994.57    0.00000   100%  29.4   61s
H 1994  2203                    2800526.9507    0.00000   100%  29.4   61s
H 2129  2203                    2670860.4113    0.00000   100%  28.0   61s
  2202  2457 792552.657  922  243 2670860.41    0.00000   100%  28.0   65s
  2686  2949 849554.710 1093  258 2670860.41    0.00000   100%  26.8   73s
  2948  3186 881426.736 1200  273 2670860.41    0.00000   100%  26.2   77s
  3185  3370 889994.946 1324  275 2670860.41    0.00000   100%  25.2   80s
  3604  3880 911693.306 1508  269 2670860.41    0.00000   100%  23.6   89s
H 3836  3880                    2645009.8362    0.00000   100%  22.8   89s
  3880  3881 905268.257 1367  472 2645009.84    0.00000   100%  22.6   96s
  3889  3887 815697.304  951  161 2645009.84    0.00000   100%  22.6  100s
  3921  3913    0.00000   17  414 2645009.84    0.00000   100%  28.7  105s
H 3958  3791                    2480770.2660    0.00000   100%  29.1  106s
H 4185  3729                    2473184.2254    0.00000   100%  29.3  109s
  4209  3840    0.00000   87  389 2473184.23    0.00000   100%  29.3  110s
H 4211  3664                    2140960.1603    0.00000   100%  29.3  110s
H 4452  3705                    2104399.3614    0.00000   100%  29.6  114s
  4617  3849    0.00000  172  402 2104399.36    0.00000   100%  30.1  115s
H 4725  3654                    1959857.1896    0.00000   100%  30.1  115s
H 4816  3695                    1851083.0016    0.00000   100%  30.6  117s
  5317  4338 26346.7889  352  367 1851083.00    0.00000   100%  32.7  121s
H 5848  4253                    1756861.7367    0.00000   100%  31.3  123s
H 5980  4073                    1739384.5056    0.00000   100%  31.0  123s
H 6083  3970                    1600435.8424    0.00000   100%  31.6  124s
  6143  4082 833896.210  622  310 1600435.84    0.00000   100%  31.7  125s
H 6542  4227                    1484988.0334    0.00000   100%  31.0  126s
H 7454  4864                    1458012.4344    0.00000   100%  28.9  129s
  7735  5636 1222927.89 1043  232 1458012.43    0.00000   100%  28.5  130s
H 8286  5341                    1449275.3848    0.00000   100%  26.8  130s
H 9669  6087                    1369457.7238    0.00000   100%  23.8  132s
H10285  5174                    1276404.2914    0.00000   100%  23.9  135s
H10483  3313                    1221838.7569    0.00000   100%  24.2  136s
 11061  4161 226591.569  236  323 1221838.76    0.00000   100%  25.7  140s
H11415  4496                    1213205.4833    0.00000   100%  25.6  142s
 12189  5468 474626.940  358  278 1213205.48    0.00000   100%  25.1  145s
H13061  6275                    1213205.0126    0.00000   100%  24.4  148s
 13506  6771 929127.159  659  284 1213205.01    0.00000   100%  23.7  150s
 14002  7035 945722.732  842  248 1213205.01    0.00000   100%  23.1  158s
H14265  6627                    1183752.3510    0.00000   100%  22.8  158s
H14266  6798                    1183751.1549    0.00000   100%  22.8  160s
H14916  7565                    1155362.0571    0.00000   100%  22.0  164s
H15109  7565                    1152527.9266    0.00000   100%  21.7  164s
 15264  8082 946595.389 1197  248 1152527.93    0.00000   100%  21.6  165s
H15883  8405                    1151019.1214    0.00000   100%  21.2  167s
H16208  8402                    1138706.2941    0.00000   100%  20.8  167s
 17613  9929 946320.514 1960  233 1138706.29    0.00000   100%  19.5  170s
H18870 10971                    1138706.0645    0.00000   100%  18.7  174s
 19135 11304    0.00000  188  359 1138706.06    0.00000   100%  18.5  175s
H20109 12104                    1105071.9257    0.00000   100%  18.6  179s
 20438 12444 488068.317  268  297 1105071.93    0.00000   100%  18.4  180s
H21399  8872                    1060362.1244    0.00000   100%  18.1  183s
 21794  9229 924305.680  632  269 1060362.12    0.00000   100%  18.2  185s
 22758 10049    0.00000  193  365 1060362.12    0.00000   100%  18.9  190s
H23529 10693                    1059721.1023    0.00000   100%  19.2  192s
H23592 10599                    1013551.9772    0.00000   100%  19.3  194s
 23777 10886 infeasible  442      1013551.98    0.00000   100%  19.6  195s
H24738 11533                    1004119.1753    0.00000   100%  19.3  198s
 24749 11654 983040.217  905  238 1004119.18    0.00000   100%  19.4  205s
H25038 11983                    995485.48234    0.00000   100%  19.9  208s
H25236 10793                    949267.09554    0.00000   100%  20.0  210s
H25258  7672                    913075.19347    0.00000   100%  20.1  210s
 26589  9383 740543.682  695  315 913075.193    0.00000   100%  19.7  215s
H27199  9820                    913074.34118    0.00000   100%  19.3  216s
H27532  9792                    906410.54192    0.00000   100%  19.1  216s
 29123 11674 740551.192 1998  314 906410.542    0.00000   100%  18.1  220s
H29440 10764                    863604.91262    0.00000   100%  17.9  220s
H29622 11081                    861208.90254    0.00000   100%  17.8  222s
H31198 11994                    826305.03999    0.00000   100%  17.0  225s
 33619 14839 743680.769 4288  258 826305.040    0.00000   100%  15.9  230s
 35981 17101 747819.058 5283  231 826305.040    0.00000   100%  14.9  236s
H38030 18947                    824932.65522    0.00000   100%  14.2  239s
 38368 19449 748985.556 6479  228 824932.655    0.00000   100%  14.1  240s
H40638 20646                    786064.06459    0.00000   100%  13.5  244s
 40707 20820     cutoff 7595      786064.065    0.00000   100%  13.5  245s
 42039 22218 412706.386  207  331 786064.065    0.00000   100%  13.4  250s
H43955 23920                    786042.18249    0.00000   100%  13.0  253s
 44542 24863 707680.638 1299  228 786042.182    0.00000   100%  12.9  255s
H45056 24853                    758461.93062    0.00000   100%  12.7  255s
H45259 24933                    758341.35838    0.00000   100%  12.7  256s
 46633 26387 718836.230 2974  227 758341.358    0.00000   100%  12.6  260s
H46652 26387                    758319.45399    0.00000   100%  12.6  260s
H46824 23639                    747054.36308    0.00000   100%  12.6  260s
H46833 23652                    747034.44847    0.00000   100%  12.6  261s
H46932 23693                    746956.28365    0.00000   100%  12.9  262s
 47351 24048 695111.289  206  339 746956.284    0.00000   100%  13.3  265s
 47926 24681 528819.624  341  280 746956.284    0.00000   100%  14.2  270s
H48011 24680                    746927.09733    0.00000   100%  14.3  270s
 50110 26861 719249.383 1344  227 746927.097    0.00000   100%  14.0  275s
 51581 28206 720526.034 2249  228 746927.097    0.00000   100%  13.9  280s
H52773 29103                    746919.20685    0.00000   100%  13.9  283s
 53124 29694 720648.000 3691  229 746919.207    0.00000   100%  13.9  285s
H53590 29919                    746175.10347    0.00000   100%  13.9  286s
H54860 31266                    744467.81030    0.00000   100%  13.7  289s
 55104 31609 720859.476 4705  228 744467.810    0.00000   100%  13.6  290s
 56862 32896 724354.917 5489  230 744467.810    0.00000   100%  13.3  300s
H56944 32926                    744467.24216    0.00000   100%  13.3  301s
H57123 27928                    739198.23448    0.00000   100%  13.2  302s
H57220 27922                    739043.34465    0.00000   100%  13.2  302s
H57252 27966                    739042.75212    0.00000   100%  13.4  303s
H57278 27997                    737257.22724    0.00000   100%  13.4  304s
 57308 28019    0.00000  122  358 737257.227    0.00000   100%  13.5  305s
H57420 28086                    737201.04258    0.00000   100%  13.9  307s
 57638 28301 494657.976  203  329 737201.043    0.00000   100%  14.2  310s
H57670 26757                    725461.95087    0.00000   100%  14.2  310s
 58339 27635 370582.207  156  332 725461.951    0.00000   100%  14.7  315s
H58663 27459                    724030.11570    0.00000   100%  14.8  316s
 59370 28186 661935.147  254  298 724030.116    0.00000   100%  15.0  320s
H60282 28581                    724028.22172    0.00000   100%  14.9  322s
 61019 29391 625077.051  360  287 724028.222    0.00000   100%  14.8  325s
 62033 29987     cutoff  572      724028.222    0.00000   100%  14.8  330s
H62296 30146                    724027.22455    0.00000   100%  14.9  331s
H63188 31024                    724004.70772    0.00000   100%  15.0  334s
 63231 31545 670340.382 1061  225 724004.708    0.00000   100%  15.0  335s
 65402 33233     cutoff 2241      724004.708    0.00000   100%  14.7  340s
H65791 33173                    723617.70146    0.00000   100%  15.1  342s
H65844 29781                    721604.28708    0.00000   100%  15.1  342s
H65927 23843                    719536.60299    0.00000   100%  15.3  343s
 66048 23914     cutoff  176      719536.603    0.00000   100%  15.6  345s
H66156 23932                    719532.87348    0.00000   100%  15.7  346s
 67225 24852 infeasible  173      719532.873    0.00000   100%  15.8  350s
H67553 18974                    712809.26286    0.00000   100%  16.3  353s
 67577 18972 infeasible  170      712809.263    0.00000   100%  16.3  363s
H67580 18898                    710102.64856    0.00000   100%  16.3  363s
H67581 17492                    703498.77892    0.00000   100%  16.3  363s
 67600 17527    0.00000  106  350 703498.779    0.00000   100%  16.4  365s
H67623 17550                    703472.27868    0.00000   100%  16.5  365s
H67672 17564                    703467.42954    0.00000   100%  16.6  366s
H67698 17539                    702923.21475    0.00000   100%  16.6  367s
H67743 17486                    701859.45446    0.00000   100%  16.7  367s
H67794 17520                    700930.57814    0.00000   100%  16.8  368s
H67829 17363                    694777.74050    0.00000   100%  16.8  369s
 67879 17377     cutoff  222      694777.740    0.00000   100%  16.9  370s
H67890 17377                    694777.73676    0.00000   100%  16.9  370s
H67901 17377                    694777.73618    0.00000   100%  17.0  370s
H67938 17376                    694211.37744    0.00000   100%  17.0  371s
H68094 17519                    694211.36960    0.00000   100%  17.3  374s
H68107 17517                    693935.46356    0.00000   100%  17.3  374s
 68150 17581 29302.4195  196  385 693935.464    0.00000   100%  17.5  375s
H68419 17942                    693907.50967    0.00000   100%  17.8  377s
 68736 18130 67463.6813  150  336 693907.510    0.00000   100%  18.2  380s
 69928 19558 infeasible  213      693907.510    0.00000   100%  18.3  385s
 71193 20259 600905.292  172  319 693907.510    0.00000   100%  18.3  390s
H71691 20087                    690793.18611    0.00000   100%  18.4  391s
 72067 20245 389538.488  191  321 690793.186    0.00000   100%  18.8  395s
H72146 20044                    687235.86249    0.00000   100%  19.0  395s
H72762 19776                    677934.03199    0.00000   100%  19.1  398s
H72974 19813                    677903.55778    0.00000   100%  19.2  399s
H72991 19810                    677864.10486    0.00000   100%  19.2  399s
 73020 19858    0.00000  144  329 677864.105    0.00000   100%  19.3  401s
H73211 19825                    677066.22429    0.00000   100%  19.5  402s
H73237 19663                    676404.81324    0.00000   100%  19.6  403s
H73281 19358                    675017.41971    0.00000   100%  19.7  403s
 73351 19581 390780.192  156  329 675017.420    0.00000   100%  19.8  405s
 74172 19987    0.00000  163  338 675017.420    0.00000   100%  20.4  410s
H74453 20172                    674531.54928    0.00000   100%  20.8  414s
 74570 20325    0.00000  157  354 674531.549    0.00000   100%  21.0  415s
 74975 20886 670043.340  189  367 674531.549    0.00000   100%  21.5  420s
 76551 22458 557280.440  203  315 674531.549    0.00000   100%  21.4  425s
H77663 22685                    674227.99268    0.00000   100%  21.6  429s
 77727 22746 248669.890  181  308 674227.993    0.00000   100%  21.7  430s
 78469 24091 616195.713  559  230 674227.993    0.00000   100%  21.9  435s
 80584 25803 616197.396 2550  228 674227.993    0.00000   100%  21.5  444s
 80963 26193 616197.396 2900  228 674227.993    0.00000   100%  21.5  445s
H82488 27311                    674176.60161    0.00000   100%  21.2  447s
H82514 27579                    674175.78885    0.00000   100%  21.3  448s
H82787 27577                    674139.95187    0.00000   100%  21.3  448s
H83012 27884                    673211.42569    0.00000   100%  21.3  450s
H83027 27883                    673177.44743    0.00000   100%  21.3  450s
H83175 27982                    671476.00395    0.00000   100%  21.3  452s
H83655 28266                    670804.53874    0.00000   100%  21.3  452s
H83894 27189                    670073.16764    0.00000   100%  21.3  454s
 83915 27622 525593.895  482  251 670073.168    0.00000   100%  21.3  455s
H83920 27617                    670055.73343    0.00000   100%  21.3  455s
 85967 29137     cutoff 1484      670055.733    0.00000   100%  21.0  460s
H87309 30393                    669971.18218    0.00000   100%  20.9  464s
 87601 30849     cutoff 1733      669971.182    0.00000   100%  20.9  465s
H89148 31670                    668821.43930    0.00000   100%  20.7  469s
 89483 32117 415811.229  223  309 668821.439    0.00000   100%  20.6  470s
H91419 33169                    667837.68629    0.00000   100%  20.3  473s
 92240 34052 631699.891  406  239 667837.686    0.00000   100%  20.2  475s
H92598 34289                    667508.92050    0.00000   100%  20.1  475s
H94430 35593                    666873.44810    0.00000   100%  19.9  479s
 94870 35905 511570.675  568  242 666873.448    0.00000   100%  19.9  480s
H95414 36385                    666812.61833    0.00000   100%  19.9  483s
 95866 36686 511570.675  698  228 666812.618    0.00000   100%  19.9  488s
 95963 36832 521097.477  731  248 666812.618    0.00000   100%  19.9  490s
H96035 36832                    666811.64508    0.00000   100%  19.9  490s
H96163 36765                    666531.16959    0.00000   100%  19.9  491s
 97427 37537 645566.682  710  227 666531.170    0.00000   100%  19.7  495s
H97513 37420                    666306.21839    0.00000   100%  19.7  495s
 98653 38236 631753.761  241  280 666306.218    0.00000   100%  19.7  500s
H99347 38364                    666306.21217    0.00000   100%  19.6  502s
 99884 38683 553835.499  191  313 666306.212    0.00000   100%  19.6  505s
H100712 38840                    666084.17948    0.00000   100%  19.7  508s
 101261 39818 628677.168  558  227 666084.179    0.00000   100%  19.7  510s
 102716 40735 596417.085  212  305 666084.179    0.00000   100%  19.6  515s
 103876 41296    0.00000  131  379 666084.179    0.00000   100%  19.9  520s
 105028 42844     cutoff  198      666084.179    0.00000   100%  20.0  526s
H107266 44368                    665951.38672    0.00000   100%  19.7  529s
 107267 44891 272652.762  157  336 665951.387    0.00000   100%  19.7  530s
H109372 46467                    665885.01457    0.00000   100%  19.6  537s
 109666 46801 456392.101  365  244 665885.015    0.00000   100%  19.5  540s
H109712 46801                    665881.19985    0.00000   100%  19.5  540s
H110019 47294                    665860.36764    0.00000   100%  19.4  541s
 112403 49967 523847.699 1478  281 665860.368    0.00000   100%  19.1  545s
H115885 52366                    665781.61591    0.00000   100%  18.6  549s
 115886 52595 630226.718 2022  260 665781.616    0.00000   100%  18.6  550s
H117545 53717                    665204.93918    0.00000   100%  18.3  553s
 118628 55173 548203.648  185  325 665204.939    0.00000   100%  18.2  555s
H118805 55173                    665184.16611    0.00000   100%  18.2  555s
H120027 56064                    665184.14294    0.00000   100%  18.1  557s
H120724 56497                    665112.72186    0.00000   100%  18.0  558s
 121278 56805     cutoff  837      665112.722    0.00000   100%  17.9  560s
H122633 57182                    665112.66384    0.00000   100%  17.8  564s
 122756 57281 627968.506 1165  252 665112.664    0.00000   100%  17.8  565s
H123814 57639                    663562.47028    0.00000   100%  17.8  569s
 123839 57683 634205.635 1564  242 663562.470    0.00000   100%  17.8  570s
H124857 58639                    662717.93886    0.00000   100%  17.8  573s
 125668 59409    0.00000  173  366 662717.939    0.00000   100%  17.7  575s
H125977 59513                    662514.74950    0.00000   100%  17.8  576s
 127208 60660 624798.614  507  226 662514.750    0.00000   100%  17.6  580s
 128705 61794 624798.614  819  226 662514.750    0.00000   100%  17.5  585s
H129714 62639                    662510.69340    0.00000   100%  17.4  588s
 130703 63633 624798.614 1467  226 662510.693    0.00000   100%  17.3  590s
H131098 63944                    662472.32681    0.00000   100%  17.3  591s
 132376 64918    0.00000  186  354 662472.327    0.00000   100%  17.3  595s
 132915 65326    0.00000  128  362 662472.327    0.00000   100%  17.3  601s
H133020 65375                    662290.98511    0.00000   100%  17.3  603s
H133082 65408                    662274.01685    0.00000   100%  17.4  603s
 133142 65512 491411.091  186  303 662274.017    0.00000   100%  17.4  605s
H133188 65510                    662251.55223    0.00000   100%  17.4  605s
H133340 65635                    661896.53678    0.00000   100%  17.5  607s
H133465 65578                    661840.05053    0.00000   100%  17.5  608s
 133869 66176 547912.210  338  285 661840.051    0.00000   100%  17.5  610s
H134101 65923                    661602.88426    0.00000   100%  17.5  610s
H134246 66061                    661539.59764    0.00000   100%  17.5  612s
 135028 66845 556097.239  864  227 661539.598    0.00000   100%  17.6  615s
 136757 68633     cutoff 1647      661539.598    0.00000   100%  17.5  620s
H137394 68672                    661497.31611    0.00000   100%  17.5  621s
 138652 69417 589725.020 2429  225 661497.316    0.00000   100%  17.5  625s
H139148 69446                    661450.42401    0.00000   100%  17.5  627s
 139683 69614 574986.717 2892  227 661450.424    0.00000   100%  17.5  630s
H140835 69760                    661299.17607    0.00000   100%  17.4  632s
 141317 70081 576834.508 3402  225 661299.176    0.00000   100%  17.4  635s
H142176 70471                    661299.17510    0.00000   100%  17.4  638s
 142189 70557 579025.906 3786  227 661299.175    0.00000   100%  17.5  640s
H142483 70558                    661254.41855    0.00000   100%  17.5  641s
H143330 71033                    661229.62237    0.00000   100%  17.5  644s
 143333 71084 584037.544 4301  228 661229.622    0.00000   100%  17.5  645s
H144537 71680                    661228.46783    0.00000   100%  17.6  651s
 146278 73047 586588.981 5154  226 661228.468    0.00000   100%  17.4  655s
H147022 73146                    661227.98322    0.00000   100%  17.4  657s
H147092 73139                    661183.24576    0.00000   100%  17.3  657s
 147257 73169     cutoff 5375      661183.246    0.00000   100%  17.4  661s
H147260 73184                    661166.72162    0.00000   100%  17.4  662s
H147313 72694                    660414.93729    0.00000   100%  17.4  662s
H147393 72707                    660401.38191    0.00000   100%  17.4  663s
 147586 72888     cutoff 5459      660401.382    0.00000   100%  17.4  665s
H147873 72932                    660399.55765    0.00000   100%  17.4  666s
H148291 73007                    660083.25652    0.00000   100%  17.5  669s
 148306 73216 269336.681  161  302 660083.257    0.00000   100%  17.5  670s
 149568 75135 480507.960  665  226 660083.257    0.00000   100%  17.5  675s
H150525 75717                    660069.13861    0.00000   100%  17.4  676s
H150839 75715                    659975.65209    0.00000   100%  17.4  676s
H151390 76463                    659975.26386    0.00000   100%  17.4  679s
H151632 76460                    659881.29431    0.00000   100%  17.3  679s
 151985 76764 493647.711 1215  227 659881.294    0.00000   100%  17.3  680s
H152306 76763                    659742.12143    0.00000   100%  17.3  680s
 153438 77764 508456.463 1897  227 659742.121    0.00000   100%  17.3  685s
H153941 77966                    659741.95846    0.00000   100%  17.3  688s
 154101 78344 539609.580 2174  227 659741.958    0.00000   100%  17.3  690s
 155284 78727     cutoff 2642      659741.958    0.00000   100%  17.4  695s
H156506 79087                    659741.55559    0.00000   100%  17.3  699s
 156565 79427 536057.246 2934  226 659741.556    0.00000   100%  17.3  701s
 158352 80713 531070.960 3577  228 659741.556    0.00000   100%  17.2  705s
H158946 80809                    659664.09871    0.00000   100%  17.1  707s
 159937 81613 535394.767 4070  226 659664.099    0.00000   100%  17.1  710s
H161031 81767                    659524.43645    0.00000   100%  17.0  712s
H161317 81837                    659524.27348    0.00000   100%  17.0  714s
H161393 81837                    659497.15667    0.00000   100%  17.0  714s
 161442 81848 544812.618 4463  226 659497.157    0.00000   100%  17.0  715s
 161733 81872 544812.618 4588  226 659497.157    0.00000   100%  17.0  720s
H161824 81875                    659496.99370    0.00000   100%  17.0  721s
 162237 82517 544812.618 4790  228 659496.994    0.00000   100%  17.0  725s
H163125 82708                    659387.31459    0.00000   100%  17.0  728s
H163586 82953                    659387.31281    0.00000   100%  17.1  730s
H163693 82953                    659386.36662    0.00000   100%  17.1  730s
H164336 83127                    659326.26580    0.00000   100%  17.2  733s
 164558 83522 557296.546 5715  227 659326.266    0.00000   100%  17.2  735s
 165879 84532 557296.546 5907  227 659326.266    0.00000   100%  17.1  740s
H166466 84769                    659286.12171    0.00000   100%  17.1  741s
 167661 85913 557296.546 6161  227 659286.122    0.00000   100%  17.0  746s
H168698 86612                    659180.81898    0.00000   100%  16.9  748s
 169590 87069     cutoff 6520      659180.819    0.00000   100%  16.9  750s
H169899 87170                    659161.17841    0.00000   100%  16.8  752s
 170736 87291 557296.546 6751  227 659161.178    0.00000   100%  16.8  755s
H170832 87290                    659060.35392    0.00000   100%  16.8  755s
 172452 87965 560055.003 7071  227 659060.354    0.00000   100%  16.7  760s
 173702 88058     cutoff 7367      659060.354    0.00000   100%  16.6  765s
 173988 88093     cutoff 7470      659060.354    0.00000   100%  16.7  771s
H173991 88051                    658636.63946    0.00000   100%  16.7  771s
H174019 88068                    658632.80197    0.00000   100%  16.7  772s
H174093 88071                    658620.58695    0.00000   100%  16.7  773s
H174207 88090                    658586.48417    0.00000   100%  16.7  773s
 174345 88117     cutoff 7591      658586.484    0.00000   100%  16.8  775s
H174366 88117                    658529.89679    0.00000   100%  16.8  775s
 174986 88319 564459.388 7805  226 658529.897    0.00000   100%  16.9  780s
H175107 88365                    658429.07808    0.00000   100%  16.9  781s
 176389 90159 622380.479  442  232 658429.078    0.00000   100%  16.9  785s
H176994 90969                    658259.60639    0.00000   100%  16.8  787s
H177826 91319                    658088.69235    0.00000   100%  16.8  788s
 178688 92042 infeasible  199      658088.692    0.00000   100%  16.8  790s
H179624 92590                    658055.86247    0.00000   100%  16.8  795s
 180397 93067 289622.119  183  314 658055.862    0.00000   100%  17.0  800s
H180745 93176                    658055.83431    0.00000   100%  17.0  801s
 181542 93752     cutoff  646      658055.834    0.00000   100%  17.1  805s
H181963 93838                    658037.07728    0.00000   100%  17.1  807s
H182423 93879                    657975.20116    0.00000   100%  17.1  809s
 182588 93921 629769.299  199  356 657975.201    0.00000   100%  17.2  810s
H182603 93549                    657731.43814    0.00000   100%  17.2  810s
H182701 93582                    657693.07180    0.00000   100%  17.3  812s
H182738 93538                    657471.33049    0.00000   100%  17.3  812s
 183045 93954 137326.329  133  368 657471.330    0.00000   100%  17.4  816s
H183061 93947                    657400.82836    0.00000   100%  17.4  816s
 183828 94423 105589.963  154  374 657400.828    0.00000   100%  17.5  820s
H185597 95429                    657395.13599    0.00000   100%  17.4  826s
 185855 95431 623127.658  373  269 657395.136    0.00000   100%  17.4  831s
H185882 95461                    657353.34629    0.00000   100%  17.4  832s
H185973 95464                    657319.13752    0.00000   100%  17.4  832s
 186120 95523 477483.015  189  321 657319.138    0.00000   100%  17.6  835s
H186187 95488                    657263.80970    0.00000   100%  17.6  836s
H186238 95520                    657263.77792    0.00000   100%  17.6  837s
H186269 95515                    657239.27206    0.00000   100%  17.7  837s
H186295 95556                    657221.36251    0.00000   100%  17.7  838s
 186416 95614    0.00000  164  354 657221.363    0.00000   100%  17.8  840s
H186424 95613                    657168.88885    0.00000   100%  17.8  840s
H186466 95668                    657168.49982    0.00000   100%  17.8  841s
H186530 95667                    657096.95759    0.00000   100%  17.9  841s
 187461 96713 635442.683  677  281 657096.958    0.00000   100%  17.9  846s
H187638 96712                    657081.97650    0.00000   100%  17.9  846s
 188845 98019 24548.9581  181  340 657081.977    0.00000   100%  17.9  850s
H189841 98291                    657081.60261    0.00000   100%  17.8  851s
H191020 99244                    656996.36830    0.00000   100%  17.8  857s
H191870 99534                    656939.73347    0.00000   100%  17.8  859s
 192019 99565 528175.581  171  343 656939.733    0.00000   100%  17.8  860s
H192268 99595                    656938.20435    0.00000   100%  17.8  861s
H192699 99776                    656866.03585    0.00000   100%  17.9  863s
 193016 99950    0.00000  155  334 656866.036    0.00000   100%  17.9  866s
H193490 100153                    656839.79168    0.00000   100%  17.9  868s
 193881 100483    0.00000  169  352 656839.792    0.00000   100%  17.9  870s
H195473 101648                    656699.15333    0.00000   100%  17.9  875s
H196825 102268                    656623.46699    0.00000   100%  17.8  877s
 197211 102538 340690.562  179  336 656623.467    0.00000   100%  17.8  880s
H197933 102728                    656623.46473    0.00000   100%  17.8  892s
H197951 102726                    656623.09905    0.00000   100%  17.8  893s
H198041 102732                    656524.11286    0.00000   100%  17.8  894s
 198108 102760    0.00000  172  320 656524.113    0.00000   100%  17.8  895s
 198404 103131 238366.437  178  336 656524.113    0.00000   100%  17.9  900s
 200135 104827 517075.585 1072  227 656524.113    0.00000   100%  17.8  905s
 203710 108366 536758.030 2537  227 656524.113    0.00000   100%  17.6  910s
 206325 111095 536758.030 4104  227 656524.113    0.00000   100%  17.4  915s
H207465 111928                    656523.64623    0.00000   100%  17.4  917s
H208364 112580                    656439.65294    0.00000   100%  17.3  919s
 208365 112842 536758.030 5246  227 656439.653    0.00000   100%  17.3  920s
H209737 113900                    656439.64068    0.00000   100%  17.3  923s
H210609 114848                    656439.58765    0.00000   100%  17.3  925s
H211004 115069                    656401.77005    0.00000   100%  17.3  926s
H211780 115799                    656214.51557    0.00000   100%  17.2  928s
 212334 116483 542337.270 8271  227 656214.516    0.00000   100%  17.3  930s
H213122 117197                    656187.46688    0.00000   100%  17.2  931s
 214222 118191 549554.583 9515  229 656187.467    0.00000   100%  17.2  935s
H214323 118191                    656167.76436    0.00000   100%  17.2  935s
 215406 118744 555639.850 10004  233 656167.764    0.00000   100%  17.2  940s
 217226 120598     cutoff 10923      656167.764    0.00000   100%  17.1  945s
H217696 120776                    656079.13020    0.00000   100%  17.1  945s
 218883 122125    0.00000  177  324 656079.130    0.00000   100%  17.1  950s
H219931 122732                    656077.59997    0.00000   100%  17.1  953s
 220221 122894 458500.469  191  338 656077.600    0.00000   100%  17.1  955s
 221449 123398 421947.496  200  317 656077.600    0.00000   100%  17.1  960s
 223265 124486     cutoff  669      656077.600    0.00000   100%  17.1  965s
 223641 124597 188046.022  182  361 656077.600    0.00000   100%  17.2  977s
H223768 124644                    656050.56058    0.00000   100%  17.3  978s
 223860 124715 210159.075  187  338 656050.561    0.00000   100%  17.3  980s
H223905 124769                    656050.17677    0.00000   100%  17.4  980s
 224534 125376 291219.886  181  307 656050.177    0.00000   100%  17.4  985s
H224589 125368                    656000.13002    0.00000   100%  17.4  985s
H225782 126716                    655988.02574    0.00000   100%  17.4  988s
 226057 126891 575868.593  212  307 655988.026    0.00000   100%  17.4  990s
 228318 129125 427239.909  190  340 655988.026    0.00000   100%  17.3  996s
 229350 129786 615296.118  242  347 655988.026    0.00000   100%  17.3 1000s
H230445 130430                    655942.15818    0.00000   100%  17.3 1003s
H230562 130421                    655854.49071    0.00000   100%  17.3 1003s
 230575 130611 585863.959  335  277 655854.491    0.00000   100%  17.3 1005s
H231521 131312                    655773.16255    0.00000   100%  17.3 1008s
 231972 131575 633672.125  781  261 655773.163    0.00000   100%  17.3 1010s
 233352 132580 551419.793  195  335 655773.163    0.00000   100%  17.3 1015s
H234261 133072                    655753.92826    0.00000   100%  17.3 1018s
H234276 133072                    655705.92378    0.00000   100%  17.3 1018s
H234462 133140                    655453.97849    0.00000   100%  17.3 1019s
 234713 133284     cutoff  211      655453.978    0.00000   100%  17.3 1020s
 235896 134381     cutoff  285      655453.978    0.00000   100%  17.3 1025s
H236198 134341                    655412.80954    0.00000   100%  17.3 1026s
H237026 134776                    655399.14904    0.00000   100%  17.4 1029s
 237229 134804     cutoff  438      655399.149    0.00000   100%  17.4 1030s
H238033 135271                    655399.08414    0.00000   100%  17.4 1032s
H238343 135376                    655396.67373    0.00000   100%  17.5 1033s
 238831 135581 567821.417  628  321 655396.674    0.00000   100%  17.5 1035s
H239170 135645                    655328.52095    0.00000   100%  17.5 1037s
H239582 135694                    655165.88844    0.00000   100%  17.5 1038s
 239889 135995     cutoff  745      655165.888    0.00000   100%  17.6 1040s
H240891 136619                    655165.47468    0.00000   100%  17.6 1045s
 242171 137163 574421.899 1011  320 655165.475    0.00000   100%  17.7 1053s
H242186 137162                    655162.32570    0.00000   100%  17.7 1053s
 242387 137229 574475.363 1054  319 655162.326    0.00000   100%  17.7 1055s
 243384 138337 590169.098 1167  315 655162.326    0.00000   100%  17.8 1060s
 245097 139595 616473.703  279  304 655162.326    0.00000   100%  17.7 1065s
H246313 140323                    655155.85361    0.00000   100%  17.7 1068s
H246439 140322                    655108.66851    0.00000   100%  17.6 1068s
 246948 140724 120051.192  179  321 655108.669    0.00000   100%  17.6 1071s
 248468 141993 619498.721  496  226 655108.669    0.00000   100%  17.6 1076s
 250321 143336 565194.536  198  331 655108.669    0.00000   100%  17.5 1080s
 251730 144410    0.00000  144  333 655108.669    0.00000   100%  17.5 1085s
H252380 144701                    655095.51516    0.00000   100%  17.5 1087s
H252799 145219                    655068.71516    0.00000   100%  17.5 1090s
H253294 145256                    654991.62664    0.00000   100%  17.5 1091s
H254450 146179                    654704.03436    0.00000   100%  17.5 1094s
 254586 146215     cutoff  302      654704.034    0.00000   100%  17.5 1095s
H254662 146209                    654579.10964    0.00000   100%  17.5 1095s
H254786 146415                    654563.57634    0.00000   100%  17.5 1096s
H254942 146414                    654506.87671    0.00000   100%  17.5 1096s
 255869 147403 436297.673  389  271 654506.877    0.00000   100%  17.6 1100s
 257572 149138 439227.117 1285  227 654506.877    0.00000   100%  17.5 1105s
 259847 151292 440829.309 2824  227 654506.877    0.00000   100%  17.4 1110s
 262239 153639 441159.702 4045  226 654506.877    0.00000   100%  17.3 1115s
 264107 155303 441159.702 4699  229 654506.877    0.00000   100%  17.2 1127s
H264469 155184                    654031.46210    0.00000   100%  17.2 1127s
H264615 155354                    654018.52463    0.00000   100%  17.2 1129s
 264676 155528 441159.702 4941  229 654018.525    0.00000   100%  17.2 1130s
H265474 156097                    653983.13760    0.00000   100%  17.2 1133s
 265831 156738 441159.702 5614  227 653983.138    0.00000   100%  17.2 1135s
H266176 157035                    653983.13053    0.00000   100%  17.2 1136s
H266457 157034                    653948.60329    0.00000   100%  17.2 1136s
H266825 157632                    653937.24321    0.00000   100%  17.2 1138s
 267274 158236 441179.551 6398  226 653937.243    0.00000   100%  17.1 1140s
 269810 160671 444210.781 7836  227 653937.243    0.00000   100%  17.0 1145s
 271526 161873     cutoff 8466      653937.243    0.00000   100%  16.9 1150s
H272235 162599                    653937.09086    0.00000   100%  16.9 1152s
 272874 163151 466953.973 9648  229 653937.091    0.00000   100%  16.9 1155s
H273066 163255                    653920.98215    0.00000   100%  16.9 1156s
 274212 164339 488776.497 10618  226 653920.982    0.00000   100%  16.9 1160s
H274805 164685                    653905.88977    0.00000   100%  16.9 1163s
 275285 164969 489554.615 11225  226 653905.890    0.00000   100%  16.9 1165s
H275443 165012                    653899.93444    0.00000   100%  16.9 1165s
H275649 165034                    653899.24853    0.00000   100%  17.0 1166s
 276387 165772 489554.615 11659  226 653899.249    0.00000   100%  16.9 1170s
 277579 166085 507068.273 11927  227 653899.249    0.00000   100%  17.0 1175s
H278375 166754                    653894.98037    0.00000   100%  17.0 1178s
H278639 167190                    653893.42814    0.00000   100%  17.0 1179s
 278896 167379 560208.839  494  293 653893.428    0.00000   100%  17.0 1180s
 281773 170201    0.00000  151  326 653893.428    0.00000   100%  16.9 1185s
H283422 171790                    653852.77175    0.00000   100%  16.9 1189s
 283833 172241 605477.103  275  297 653852.772    0.00000   100%  16.9 1191s
H285221 172944                    653848.71134    0.00000   100%  16.8 1194s
 285736 173665 616078.196  601  232 653848.711    0.00000   100%  16.8 1196s
 287360 174849 629927.098  806  235 653848.711    0.00000   100%  16.7 1200s
 289178 176238 629927.098 1144  235 653848.711    0.00000   100%  16.6 1205s
H289867 176281                    653847.88808    0.00000   100%  16.6 1207s
 290218 176282     cutoff 1334      653847.888    0.00000   100%  16.6 1215s
H290727 176280                    653780.81598    0.00000   100%  16.6 1220s
 291821 176889    0.00000  149  349 653780.816    0.00000   100%  16.6 1225s
H292267 177210                    653774.01298    0.00000   100%  16.6 1227s
H292277 177205                    653756.26119    0.00000   100%  16.6 1228s
 292917 177994 594323.387  168  329 653756.261    0.00000   100%  16.6 1230s
 294515 179330 616038.688  420  248 653756.261    0.00000   100%  16.5 1235s
H294848 179441                    653756.26091    0.00000   100%  16.5 1236s
H295336 179896                    653731.54143    0.00000   100%  16.5 1237s
H295662 179985                    653731.53813    0.00000   100%  16.6 1239s
H295692 179869                    651537.83355    0.00000   100%  16.6 1241s
H298003 182450                    651511.83899    0.00000   100%  16.5 1245s
 300381 184258 516629.253 1205  228 651511.839    0.00000   100%  16.4 1250s
 303257 186131     cutoff 1667      651511.839    0.00000   100%  16.3 1255s
H304394 186737                    651430.00372    0.00000   100%  16.3 1257s
 305306 187670 520514.485 1946  227 651430.004    0.00000   100%  16.2 1260s
H305621 187870                    651405.22577    0.00000   100%  16.2 1261s
H306901 187625                    647980.80577    0.00000   100%  16.2 1265s
H307945 188227                    647249.82936    0.00000   100%  16.2 1267s
H308108 170140                    625070.31625    0.00000   100%  16.2 1267s
 308626 170929 525839.709 2401  227 625070.316    0.00000   100%  16.2 1270s
H309180 170249                    624583.25588    0.00000   100%  16.2 1271s
 310304 171468 525839.709 2709  227 624583.256    0.00000   100%  16.2 1275s
H310372 171468                    624582.27278    0.00000   100%  16.2 1275s
 311647 173004 525839.709 2986  227 624582.273    0.00000   100%  16.1 1280s
 313364 174728 525839.709 3247  227 624582.273    0.00000   100%  16.1 1285s
H313798 175054                    624576.38873    0.00000   100%  16.1 1287s
H314349 175670                    624575.86215    0.00000   100%  16.1 1288s
 314798 176296 525839.709 3463  227 624575.862    0.00000   100%  16.0 1290s
H316500 177247                    623040.01064    0.00000   100%  16.0 1295s
 318171 179036 525839.709 3891  227 623040.011    0.00000   100%  15.9 1300s
 320665 181360 533293.340 4306  226 623040.011    0.00000   100%  15.9 1305s
H322140 182758                    623022.08416    0.00000   100%  15.8 1308s
 322565 183102 525839.709 4609  227 623022.084    0.00000   100%  15.8 1310s
 323782 184240 525839.709 4875  227 623022.084    0.00000   100%  15.8 1315s
 325361 185842 525839.709 5311  227 623022.084    0.00000   100%  15.7 1320s
H325937 186556                    622944.92842    0.00000   100%  15.7 1323s
H326150 186152                    622476.59753    0.00000   100%  15.7 1323s
 327053 187218 525839.709 5714  227 622476.598    0.00000   100%  15.7 1325s
 327487 187340 525839.709 5778  227 622476.598    0.00000   100%  15.7 1330s
H327628 187554                    622476.27671    0.00000   100%  15.7 1332s
H327666 185961                    620904.50073    0.00000   100%  15.6 1332s
H327703 186164                    620902.78210    0.00000   100%  15.6 1333s
H327750 186162                    620897.97935    0.00000   100%  15.6 1333s
H327912 183146                    619481.64758    0.00000   100%  15.6 1334s
 328072 183325 525839.709 5890  227 619481.648    0.00000   100%  15.6 1335s
H329186 183143                    618679.40156    0.00000   100%  15.6 1339s
 329236 183390 525839.709 6145  227 618679.402    0.00000   100%  15.6 1340s
H329985 184017                    618679.37920    0.00000   100%  15.6 1342s
H330069 184017                    618679.36580    0.00000   100%  15.6 1343s
 331458 185856 533416.650 6626  226 618679.366    0.00000   100%  15.5 1345s
H332156 186228                    618675.37103    0.00000   100%  15.5 1347s
H332515 172151                    615952.95576    0.00000   100%  15.5 1347s
 333136 172450     cutoff 6908      615952.956    0.00000   100%  15.5 1350s
H333708 172560                    615874.00052    0.00000   100%  15.5 1353s
 334413 173175 528908.831 7278  226 615874.001    0.00000   100%  15.5 1355s
H335020 173275                    615787.38672    0.00000   100%  15.5 1356s
H335625 173523                    615742.66427    0.00000   100%  15.5 1359s
 335853 173596    0.00000  151  325 615742.664    0.00000   100%  15.5 1360s
H336110 173609                    615493.93563    0.00000   100%  15.6 1362s
H336118 173586                    615473.94696    0.00000   100%  15.6 1362s
 336792 174938 569004.915  244  308 615473.947    0.00000   100%  15.6 1365s
 339254 176373     cutoff  387      615473.947    0.00000   100%  15.5 1370s
H339330 176247                    615378.97808    0.00000   100%  15.5 1370s
H339873 176210                    614975.56643    0.00000   100%  15.6 1373s
 340182 176719    0.00000  150  353 614975.566    0.00000   100%  15.6 1375s
H340909 176971                    614975.32330    0.00000   100%  15.6 1379s
 340935 177008 324913.035  175  310 614975.323    0.00000   100%  15.6 1380s
 342422 178768 415639.213  578  226 614975.323    0.00000   100%  15.6 1385s
H342601 178124                    614627.48669    0.00000   100%  15.6 1385s
H344122 179713                    614627.48454    0.00000   100%  15.5 1394s
 344351 179840 413979.147 1117  228 614627.485    0.00000   100%  15.5 1395s
H344452 179839                    614620.80490    0.00000   100%  15.5 1395s
H344645 179993                    614471.42151    0.00000   100%  15.5 1396s
H344716 178276                    611964.64577    0.00000   100%  15.5 1397s
 345583 178858 452003.091  181  331 611964.646    0.00000   100%  15.5 1400s
 347182 180496 infeasible  200      611964.646    0.00000   100%  15.5 1405s
H348533 181094                    611867.81956    0.00000   100%  15.6 1408s
 348716 181329 infeasible  226      611867.820    0.00000   100%  15.6 1410s
 349172 181518 510813.454  219  347 611867.820    0.00000   100%  15.6 1415s
H349375 181554                    611867.80787    0.00000   100%  15.7 1416s
 350185 182192 416447.094  213  313 611867.808    0.00000   100%  15.7 1421s
H350516 182385                    611865.85276    0.00000   100%  15.8 1422s
 350655 182624 155135.248  168  362 611865.853    0.00000   100%  15.8 1425s
H350871 182907                    611855.44889    0.00000   100%  15.8 1426s
H352062 184000                    611806.92972    0.00000   100%  15.8 1429s
 352345 184348     cutoff  956      611806.930    0.00000   100%  15.8 1430s
H353222 184855                    611806.90225    0.00000   100%  15.8 1433s
H353253 184855                    611806.72123    0.00000   100%  15.8 1433s
 353338 185068 385036.439  168  304 611806.721    0.00000   100%  15.9 1435s
H354315 185849                    611779.70501    0.00000   100%  15.9 1438s
 354809 186510 586964.638  561  257 611779.705    0.00000   100%  15.9 1440s
 356930 188105 589999.475 1146  234 611779.705    0.00000   100%  15.8 1445s
 357356 188107 589991.565 1221  237 611779.705    0.00000   100%  15.8 1451s
H357357 188107                    611779.63713    0.00000   100%  15.8 1451s
H357546 187927                    611165.71453    0.00000   100%  15.8 1453s
H357839 187862                    610722.21071    0.00000   100%  15.8 1454s
 358048 187940     cutoff 1369      610722.211    0.00000   100%  15.8 1455s
H358058 187760                    610512.01474    0.00000   100%  15.8 1455s
H358238 187252                    610201.99514    0.00000   100%  15.8 1455s
H358270 187259                    610200.33031    0.00000   100%  15.8 1456s
 359450 188621 539849.916  594  233 610200.330    0.00000   100%  15.7 1461s
 360811 189216 540753.947 1527  226 610200.330    0.00000   100%  15.7 1465s
 362010 189722 570698.477 1961  238 610200.330    0.00000   100%  15.7 1470s
H362367 189898                    610194.75224    0.00000   100%  15.7 1472s
H362811 186750                    609840.29181    0.00000   100%  15.8 1475s
 363675 187319 571643.759 2621  239 609840.292    0.00000   100%  15.8 1480s
H363874 186916                    609580.37500    0.00000   100%  15.9 1480s
H364609 188109                    609564.65291    0.00000   100%  15.9 1485s
 367743 191267 502345.562 1358  227 609564.653    0.00000   100%  15.8 1490s
 370315 193301 521466.541 2141  229 609564.653    0.00000   100%  15.7 1495s
H372132 194139                    608692.36826    0.00000   100%  15.6 1498s
 373025 195324 564872.439 2815  234 608692.368    0.00000   100%  15.6 1500s
H373500 195258                    608527.95458    0.00000   100%  15.6 1501s
H373633 195233                    608423.76842    0.00000   100%  15.6 1501s
H375286 196290                    607639.91754    0.00000   100%  15.5 1515s
H375332 196199                    607060.65030    0.00000   100%  15.5 1516s
H375509 196314                    606630.39635    0.00000   100%  15.5 1517s
H375783 196456                    606514.52225    0.00000   100%  15.5 1517s
 376336 197166    0.00000  156  335 606514.522    0.00000   100%  15.5 1520s
 377561 198293 573278.500  185  361 606514.522    0.00000   100%  15.5 1525s
H378802 199356                    606435.91520    0.00000   100%  15.5 1529s
 378914 199573    0.00000  155  323 606435.915    0.00000   100%  15.5 1530s
H379888 200336                    606435.77953    0.00000   100%  15.5 1533s
H380079 200545                    606392.60199    0.00000   100%  15.5 1534s
 380332 200685 384706.801  171  365 606392.602    0.00000   100%  15.5 1535s
H380602 200540                    605903.36844    0.00000   100%  15.5 1536s
 381569 201441 464541.915  262  254 605903.368    0.00000   100%  15.6 1540s
 383670 203393 492563.563 1220  229 605903.368    0.00000   100%  15.5 1545s
H385050 204188                    605590.43104    0.00000   100%  15.5 1548s
 385961 204928 526375.720 2458  227 605590.431    0.00000   100%  15.4 1550s
 388187 206891 534429.592 3583  226 605590.431    0.00000   100%  15.4 1555s
H390898 208059                    605580.06644    0.00000   100%  15.3 1560s
H390960 208046                    605479.72509    0.00000   100%  15.3 1560s
 391715 208467 547464.610 4954  227 605479.725    0.00000   100%  15.3 1565s
 392302 208691     cutoff 5075      605479.725    0.00000   100%  15.3 1570s
 392900 208987 563919.134 5199  256 605479.725    0.00000   100%  15.3 1575s
H392964 208984                    605456.94687    0.00000   100%  15.3 1575s
 392970 209014     cutoff 5217      605456.947    0.00000   100%  15.3 1580s
 393388 209191 547487.852 5308  227 605456.947    0.00000   100%  15.3 1585s
 393686 209328 564051.628 5359  259 605456.947    0.00000   100%  15.3 1590s
H393727 209264                    605183.59290    0.00000   100%  15.3 1590s
H393799 209299                    605177.55713    0.00000   100%  15.4 1591s
H393941 209339                    605019.13635    0.00000   100%  15.4 1593s
 394025 209426 544661.720 5417  228 605019.136    0.00000   100%  15.4 1595s
H394519 209624                    605019.13281    0.00000   100%  15.4 1599s
 394520 209670 544661.720 5477  226 605019.133    0.00000   100%  15.4 1600s
H394703 209574                    604755.51431    0.00000   100%  15.4 1601s
H394730 209590                    604576.32419    0.00000   100%  15.4 1602s
H394916 209511                    604111.73533    0.00000   100%  15.4 1603s
 394991 209609 560432.341 5541  259 604111.735    0.00000   100%  15.4 1605s
H395357 209562                    602868.27460    0.00000   100%  15.4 1607s
 395581 209597    0.00000  167  328 602868.275    0.00000   100%  15.5 1610s
H395597 209564                    602641.34458    0.00000   100%  15.5 1610s
 396077 210062 564568.925  362  264 602641.345    0.00000   100%  15.6 1615s
H397438 211112                    602531.08824    0.00000   100%  15.6 1620s
 399222 213079 380604.759  357  238 602531.088    0.00000   100%  15.6 1626s
 401397 214855 381679.972  955  229 602531.088    0.00000   100%  15.5 1630s
 403626 216390 408098.739 1597  228 602531.088    0.00000   100%  15.5 1637s
H403654 216394                    602365.75202    0.00000   100%  15.5 1638s
 403845 216475     cutoff 1673      602365.752    0.00000   100%  15.5 1640s
 405377 217344 420135.841 2114  226 602365.752    0.00000   100%  15.4 1645s
H405687 199210                    582373.81406    0.00000   100%  15.4 1646s
 406823 199506 458342.061 2722  228 582373.814    0.00000   100%  15.4 1650s
H407247 199505                    582313.31819    0.00000   100%  15.4 1651s
 408515 200211 461954.267 3262  228 582313.318    0.00000   100%  15.4 1655s
H408541 200206                    582299.86557    0.00000   100%  15.4 1655s
 411229 201915 461954.267 3829  227 582299.866    0.00000   100%  15.3 1660s
 413628 203722 478804.891 4368  239 582299.866    0.00000   100%  15.2 1665s
H415071 204516                    581950.12583    0.00000   100%  15.2 1668s
 415166 204906 524660.360  190  334 581950.126    0.00000   100%  15.2 1670s
H416320 205817                    581946.36342    0.00000   100%  15.2 1672s
H416518 205825                    581735.52466    0.00000   100%  15.2 1673s
 416829 206322    0.00000  151  335 581735.525    0.00000   100%  15.2 1675s
 418061 207505    0.00000  155  333 581735.525    0.00000   100%  15.2 1680s
H418838 208238                    581721.91225    0.00000   100%  15.2 1683s
H419222 208269                    581493.67002    0.00000   100%  15.2 1684s
 419223 208482 520246.822  169  350 581493.670    0.00000   100%  15.2 1685s
H420611 209046                    581493.36929    0.00000   100%  15.2 1689s
 420829 209290 459963.465  362  316 581493.369    0.00000   100%  15.2 1690s
 423178 210532 460270.997 1265  313 581493.369    0.00000   100%  15.1 1695s
H423289 210357                    581130.30370    0.00000   100%  15.1 1695s
 425331 211994 465829.466 1855  295 581130.304    0.00000   100%  15.0 1700s
 425939 212164     cutoff 2069      581130.304    0.00000   100%  15.0 1709s
H425942 212170                    581130.24150    0.00000   100%  15.0 1710s
H426157 212166                    580999.12258    0.00000   100%  15.0 1712s
 426282 212377 495972.527  243  302 580999.123    0.00000   100%  15.0 1715s
H426999 212604                    580842.39534    0.00000   100%  15.0 1716s
H428113 213392                    580833.30335    0.00000   100%  15.0 1720s
H428696 198405                    576323.07255    0.00000   100%  15.0 1723s
 429124 198826 454740.327  307  238 576323.073    0.00000   100%  15.0 1725s
 431561 200455 462616.148 1815  227 576323.073    0.00000   100%  14.9 1730s
H432075 200177                    576062.36775    0.00000   100%  14.9 1731s
 433588 201385 483011.712 2829  226 576062.368    0.00000   100%  14.8 1735s
H433726 200778                    575055.22424    0.00000   100%  14.8 1735s
H435371 201430                    574819.53977    0.00000   100%  14.8 1740s
 436845 202794    0.00000  186  357 574819.540    0.00000   100%  14.9 1745s
H437078 202952                    574819.27902    0.00000   100%  14.9 1746s
H437572 203444                    574771.67977    0.00000   100%  14.9 1749s
 437675 203632 168423.557  159  355 574771.680    0.00000   100%  14.9 1750s
H438833 201292                    573873.96926    0.00000   100%  14.9 1753s
 439175 201305    0.00000  150  333 573873.969    0.00000   100%  14.9 1755s
 440134 201366 342661.143  166  358 573873.969    0.00000   100%  14.9 1760s
H440937 200279                    572906.98560    0.00000   100%  14.9 1763s
 441048 200498 426577.853  180  283 572906.986    0.00000   100%  14.9 1765s
H441998 200941                    572897.04919    0.00000   100%  15.0 1769s
 442104 201022 539201.729  577  227 572897.049    0.00000   100%  15.0 1770s
 443057 201768 521341.981  287  306 572897.049    0.00000   100%  15.0 1775s
H443442 201828                    572858.11095    0.00000   100%  15.1 1777s
 443819 202079 545133.122  484  246 572858.111    0.00000   100%  15.1 1783s
H444020 202046                    572722.63420    0.00000   100%  15.1 1783s
 444079 202106     cutoff  539      572722.634    0.00000   100%  15.1 1785s
H444169 202006                    572547.55247    0.00000   100%  15.1 1785s
H444657 201792                    572332.62229    0.00000   100%  15.1 1789s
 444782 201800 348963.773  175  350 572332.622    0.00000   100%  15.2 1790s
H445246 202062                    572332.62134    0.00000   100%  15.2 1792s
H445305 201930                    572301.51857    0.00000   100%  15.2 1792s
H446371 203107                    572301.51762    0.00000   100%  15.2 1796s
H446840 203236                    572227.90697    0.00000   100%  15.2 1797s
 447785 204054 547519.429  763  228 572227.907    0.00000   100%  15.2 1801s
 449080 204614 549461.510  958  226 572227.907    0.00000   100%  15.2 1805s
 450711 205269 549461.510 1543  229 572227.907    0.00000   100%  15.1 1810s
H450987 205165                    572091.56075    0.00000   100%  15.1 1810s
 452032 206820 497939.036  440  256 572091.561    0.00000   100%  15.1 1815s
 454932 209375 532497.073 1498  228 572091.561    0.00000   100%  15.0 1820s
 457540 211922 532958.710 2744  229 572091.561    0.00000   100%  15.0 1825s
 460489 214092 544610.340 3920  228 572091.561    0.00000   100%  14.9 1830s
 462196 215777 544610.340 4440  228 572091.561    0.00000   100%  14.9 1835s
H463060 216381                    571985.11085    0.00000   100%  14.9 1838s
 463567 216630 548699.052 5058  234 571985.111    0.00000   100%  14.9 1840s
 463841 216782 507613.651  243  298 571985.111    0.00000   100%  14.9 1846s
 464056 217008     cutoff  303      571985.111    0.00000   100%  14.9 1850s
H464734 217541                    571880.26039    0.00000   100%  14.9 1853s
H464800 216958                    571605.37448    0.00000   100%  14.9 1853s
 464892 217228 379017.756  179  315 571605.374    0.00000   100%  15.0 1855s
H466849 218632                    571489.78315    0.00000   100%  14.9 1860s
H467593 218938                    571399.04562    0.00000   100%  15.0 1863s
H467864 218585                    570933.22029    0.00000   100%  15.0 1863s
H468070 218654                    570683.56187    0.00000   100%  15.0 1864s
 468096 218957 486914.666 2396  228 570683.562    0.00000   100%  15.0 1865s
H468425 218987                    570596.91408    0.00000   100%  15.0 1865s
H469701 220326                    570574.78638    0.00000   100%  15.0 1869s
 469957 220619 487085.329 4049  228 570574.786    0.00000   100%  15.0 1870s
H470946 219772                    569785.18931    0.00000   100%  15.0 1872s
H472098 220833                    569765.31262    0.00000   100%  15.0 1874s
 472099 221332 505770.915 5464  227 569765.313    0.00000   100%  15.0 1875s
H473076 222012                    569527.08607    0.00000   100%  15.0 1877s
H474173 222727                    569527.07465    0.00000   100%  14.9 1880s
 474961 223041 512518.196 6763  228 569527.075    0.00000   100%  15.0 1885s
H475156 223094                    569500.88638    0.00000   100%  15.0 1886s
H475668 222748                    568771.26128    0.00000   100%  15.0 1889s
H475705 222733                    568715.19610    0.00000   100%  15.0 1889s
 475709 222758 219154.864  181  357 568715.196    0.00000   100%  15.0 1890s
H475902 222796                    568569.63077    0.00000   100%  15.1 1892s
 476237 223156 39853.4539  161  355 568569.631    0.00000   100%  15.1 1895s
H476910 223414                    568519.42741    0.00000   100%  15.2 1899s
 476937 223453    0.00000  149  346 568519.427    0.00000   100%  15.2 1900s
 477553 224043     cutoff  179      568519.427    0.00000   100%  15.2 1905s
H477555 223951                    568308.04508    0.00000   100%  15.2 1905s
 478281 224434 76734.3232  146  350 568308.045    0.00000   100%  15.3 1912s
 478999 224892    0.00000  145  345 568308.045    0.00000   100%  15.3 1915s
 480439 225440 448459.258  162  307 568308.045    0.00000   100%  15.3 1920s
H480606 224836                    567854.30948    0.00000   100%  15.3 1921s
H481133 223896                    566364.12001    0.00000   100%  15.3 1924s
 481265 223919     cutoff  172      566364.120    0.00000   100%  15.3 1925s
 481893 224277     cutoff  177      566364.120    0.00000   100%  15.4 1930s
H482284 224393                    566138.18703    0.00000   100%  15.5 1931s
 482886 224810     cutoff  343      566138.187    0.00000   100%  15.5 1935s
H483056 224810                    566138.18698    0.00000   100%  15.5 1935s
H483645 225078                    566007.43231    0.00000   100%  15.5 1937s
 484502 226023 12525.3182  152  326 566007.432    0.00000   100%  15.5 1940s
H485195 224530                    565450.70431    0.00000   100%  15.5 1942s
 486697 225769 395793.754  707  236 565450.704    0.00000   100%  15.5 1946s
 487772 226750 398983.369 1054  227 565450.704    0.00000   100%  15.5 1950s
H488389 226870                    565403.13905    0.00000   100%  15.4 1952s
 488634 227031 399782.356 1301  226 565403.139    0.00000   100%  15.5 1955s
H488688 226993                    565230.76497    0.00000   100%  15.5 1955s
 489796 227615     cutoff 1622      565230.765    0.00000   100%  15.5 1961s
H489797 226922                    564830.77268    0.00000   100%  15.5 1961s
H490259 227085                    564769.41798    0.00000   100%  15.5 1963s
H490495 227123                    564607.19177    0.00000   100%  15.5 1964s
 490711 227125 428977.192 1935  226 564607.192    0.00000   100%  15.5 1971s
H490835 226756                    564243.24044    0.00000   100%  15.5 1973s
 491276 227092     cutoff 2123      564243.240    0.00000   100%  15.5 1976s
H491466 226904                    564137.31479    0.00000   100%  15.5 1976s
H491807 226925                    564048.08954    0.00000   100%  15.5 1977s
 492457 227223 435271.741 2398  227 564048.090    0.00000   100%  15.5 1980s
H492886 227267                    564048.08945    0.00000   100%  15.4 1981s
H493120 226068                    563748.76034    0.00000   100%  15.4 1981s
H493679 226240                    563710.36759    0.00000   100%  15.4 1984s
 493886 226287 443992.197 2866  227 563710.368    0.00000   100%  15.4 1985s
H494770 226701                    563704.59714    0.00000   100%  15.4 1987s
H494944 226731                    563676.03062    0.00000   100%  15.4 1988s
 495430 227172 450808.668 3074  228 563676.031    0.00000   100%  15.4 1990s
H496939 228049                    563598.17245    0.00000   100%  15.4 1994s
 497123 228415 444064.464 3165  229 563598.172    0.00000   100%  15.4 1995s
H497708 228681                    563574.69364    0.00000   100%  15.4 1997s
 498747 229381     cutoff 3263      563574.694    0.00000   100%  15.3 2001s
 500307 230102     cutoff 3353      563574.694    0.00000   100%  15.3 2005s
H500457 229784                    563459.62861    0.00000   100%  15.3 2005s
H501474 230342                    563457.98075    0.00000   100%  15.3 2009s
 501830 230813 525170.216  655  225 563457.981    0.00000   100%  15.3 2010s
H504127 232225                    563223.23022    0.00000   100%  15.2 2014s
 505125 233046 539095.035 2695  226 563223.230    0.00000   100%  15.2 2015s
H505711 233315                    563223.23012    0.00000   100%  15.2 2016s
H506157 233722                    563095.75220    0.00000   100%  15.2 2016s
 507258 234735 539095.035 4358  226 563095.752    0.00000   100%  15.2 2020s
H507259 234735                    563095.74430    0.00000   100%  15.2 2020s
 508851 236238 539164.415 5745  226 563095.744    0.00000   100%  15.2 2025s
H509619 236943                    563090.30797    0.00000   100%  15.2 2028s
H509880 237098                    562998.28027    0.00000   100%  15.2 2029s
H510079 237100                    562985.53080    0.00000   100%  15.2 2030s
H510261 237158                    562671.72392    0.00000   100%  15.2 2032s
H510445 237170                    562568.76551    0.00000   100%  15.2 2034s
 510605 237215     cutoff  213      562568.766    0.00000   100%  15.3 2035s
H511246 237268                    562486.89088    0.00000   100%  15.4 2039s
 511256 237275     cutoff  333      562486.891    0.00000   100%  15.4 2040s
H511494 237360                    562486.89077    0.00000   100%  15.4 2042s
 511961 237581     cutoff  426      562486.891    0.00000   100%  15.4 2045s
H512083 237618                    562481.43916    0.00000   100%  15.5 2045s
H512336 237643                    562457.77813    0.00000   100%  15.5 2047s
 512644 237692     cutoff  528      562457.778    0.00000   100%  15.6 2050s
H513026 237753                    562457.76999    0.00000   100%  15.6 2053s
 513094 237788     cutoff  596      562457.770    0.00000   100%  15.6 2055s
H513122 237787                    562452.42199    0.00000   100%  15.6 2055s
H513165 237782                    562409.22320    0.00000   100%  15.6 2055s
 514265 238839     cutoff  210      562409.223    0.00000   100%  15.7 2061s
 515377 239837    0.00000  151  327 562409.223    0.00000   100%  15.7 2065s
 515778 239837 infeasible  159      562409.223    0.00000   100%  15.7 2070s
H516173 240383                    562363.19607    0.00000   100%  15.7 2074s
 516353 240592 486690.129  180  321 562363.196    0.00000   100%  15.7 2075s
H516627 240758                    562319.69410    0.00000   100%  15.7 2076s
 517263 241190 524445.195  275  266 562319.694    0.00000   100%  15.7 2080s
H518740 242104                    562268.44272    0.00000   100%  15.7 2085s
 519941 242600 28686.6755  141  392 562268.443    0.00000   100%  15.7 2091s
H519977 242415                    562152.12606    0.00000   100%  15.7 2091s
H520451 242587                    562152.12393    0.00000   100%  15.7 2093s
 520988 242771 504506.750  182  346 562152.124    0.00000   100%  15.7 2095s
H521107 242771                    562152.11637    0.00000   100%  15.7 2096s
H522082 243028                    562152.02959    0.00000   100%  15.7 2099s
 522249 243041 436157.164  166  355 562152.030    0.00000   100%  15.7 2100s
H523089 243309                    562066.54035    0.00000   100%  15.7 2105s
 524195 243637 522142.556  201  363 562066.540    0.00000   100%  15.7 2110s
 524871 244059 527288.746  179  332 562066.540    0.00000   100%  15.8 2116s
 525653 244270 524360.368  379  242 562066.540    0.00000   100%  15.8 2120s
 526409 244587     cutoff  557      562066.540    0.00000   100%  15.8 2125s
 527029 244715 524360.368  776  242 562066.540    0.00000   100%  15.9 2130s
 527707 244820 524360.368  954  242 562066.540    0.00000   100%  15.9 2135s
 528510 245036 524360.368 1135  242 562066.540    0.00000   100%  16.0 2147s
H528526 245036                    562066.54029    0.00000   100%  16.0 2147s
 528705 245082 infeasible 1177      562066.540    0.00000   100%  16.0 2150s
 529498 245245     cutoff 1340      562066.540    0.00000   100%  16.0 2156s
 530508 245549     cutoff 1395      562066.540    0.00000   100%  16.0 2160s
 530956 245914     cutoff  200      562066.540    0.00000   100%  16.1 2166s
H531160 245959                    562035.98290    0.00000   100%  16.1 2167s
 531557 246417 503946.650  432  345 562035.983    0.00000   100%  16.1 2170s
H532997 247501                    562015.01150    0.00000   100%  16.1 2173s
 533386 248189    0.00000  158  343 562015.011    0.00000   100%  16.1 2175s
H534154 247896                    561919.59431    0.00000   100%  16.1 2176s
H534303 247960                    561911.74459    0.00000   100%  16.1 2178s
 534446 248046 491302.714  182  339 561911.745    0.00000   100%  16.2 2180s
H534573 248010                    561867.95087    0.00000   100%  16.2 2181s
H535287 248644                    561755.23133    0.00000   100%  16.2 2184s
 535419 248971 248795.346  171  348 561755.231    0.00000   100%  16.2 2186s
 537116 249737 30921.6591  159  375 561755.231    0.00000   100%  16.2 2190s
H537360 249787                    561753.62171    0.00000   100%  16.2 2192s
 538013 250490 41727.7735  171  334 561753.622    0.00000   100%  16.3 2196s
 539261 251432 504710.522  494  227 561753.622    0.00000   100%  16.3 2200s
 540627 252218 377421.907  226  297 561753.622    0.00000   100%  16.3 2206s
 542296 253389 348680.244 1035  227 561753.622    0.00000   100%  16.3 2210s
 543724 254443 369512.880 1701  225 561753.622    0.00000   100%  16.3 2215s
 545900 256054 411978.086 2693  228 561753.622    0.00000   100%  16.2 2220s
H547464 256728                    561687.63689    0.00000   100%  16.2 2222s
 548013 257695 411978.086 4205  227 561687.637    0.00000   100%  16.2 2225s
 549717 258609 416161.367 5155  230 561687.637    0.00000   100%  16.2 2233s
H549766 215077                    541136.82874    0.00000   100%  16.2 2234s
 549803 215271 416169.208 5202  230 541136.829    0.00000   100%  16.2 2235s
H550365 214534                    540140.53577    0.00000   100%  16.2 2237s
 551610 215766 416344.969 6401  230 540140.536    0.00000   100%  16.2 2240s
H552834 216446                    540117.05176    0.00000   100%  16.1 2243s
 553675 217268 457217.655 7666  227 540117.052    0.00000   100%  16.1 2245s
H555399 218088                    540006.89172    0.00000   100%  16.1 2249s
 555446 218156     cutoff  557      540006.892    0.00000   100%  16.1 2250s
 556755 219514 399967.995 1087  226 540006.892    0.00000   100%  16.2 2255s
 557880 220583 417259.170 1901  226 540006.892    0.00000   100%  16.2 2260s
 559524 221753 436900.490 3297  226 540006.892    0.00000   100%  16.2 2265s
 561042 222360 436900.490 4019  226 540006.892    0.00000   100%  16.2 2270s
 562567 223371 464094.123 4873  226 540006.892    0.00000   100%  16.2 2275s
H563255 223950                    539996.76172    0.00000   100%  16.2 2277s
H563499 223851                    539859.12695    0.00000   100%  16.2 2277s
 564187 224652 465554.094 5222  227 539859.127    0.00000   100%  16.2 2280s
H565394 225442                    539627.28945    0.00000   100%  16.2 2282s
 566022 226281 470849.025 5482  227 539627.289    0.00000   100%  16.2 2285s
 566310 226516 479496.692 5540  226 539627.289    0.00000   100%  16.2 2292s
H566652 226283                    539288.60430    0.00000   100%  16.2 2293s
H566702 224170                    539141.33728    0.00000   100%  16.2 2294s
 566746 224183 85268.5950  186  336 539141.337    0.00000   100%  16.3 2295s
H566754 219558                    538408.27599    0.00000   100%  16.3 2295s
H566903 219543                    538220.96256    0.00000   100%  16.3 2297s
 567120 219703     cutoff  201      538220.963    0.00000   100%  16.3 2301s
 567500 220187     cutoff  207      538220.963    0.00000   100%  16.4 2305s
H568213 220459                    538043.99683    0.00000   100%  16.4 2308s
H568412 220442                    538014.75460    0.00000   100%  16.4 2308s
 568742 220749 518500.504  525  226 538014.755    0.00000   100%  16.4 2310s
 569669 221237 518500.504  704  227 538014.755    0.00000   100%  16.4 2315s
H570209 221525                    538003.50233    0.00000   100%  16.4 2317s
 570843 221865 518500.504  938  227 538003.502    0.00000   100%  16.4 2320s
H571440 219997                    537866.56576    0.00000   100%  16.4 2322s
 572468 220772    0.00000  171  342 537866.566    0.00000   100%  16.4 2326s
H572499 220769                    537855.48300    0.00000   100%  16.4 2326s
H572845 221190                    537806.58855    0.00000   100%  16.4 2327s
H572873 221185                    537784.81245    0.00000   100%  16.4 2327s
H573735 222065                    537736.35794    0.00000   100%  16.4 2330s
H575597 223202                    537736.17282    0.00000   100%  16.3 2334s
 575598 223374 428754.193 1291  231 537736.173    0.00000   100%  16.3 2335s
 577986 224817    0.00000  177  334 537736.173    0.00000   100%  16.3 2340s
H578857 225285                    537703.80755    0.00000   100%  16.3 2343s
 579762 225809 489219.808  611  328 537703.808    0.00000   100%  16.3 2345s
H580510 225943                    537272.63895    0.00000   100%  16.3 2348s
H580995 226159                    537206.53387    0.00000   100%  16.3 2349s
H581320 226007                    537035.20921    0.00000   100%  16.3 2349s
 581457 226222 489281.584 1331  322 537035.209    0.00000   100%  16.3 2350s
H581671 226177                    536927.24685    0.00000   100%  16.2 2350s
H582028 216918                    535363.51743    0.00000   100%  16.2 2351s
 582830 217746 489246.736 1795  323 535363.517    0.00000   100%  16.2 2355s
H584477 218662                    535362.70742    0.00000   100%  16.2 2359s
 584555 218902 489246.736 2374  323 535362.707    0.00000   100%  16.2 2360s
 584909 218944 492527.788 2488  315 535362.707    0.00000   100%  16.2 2366s
H585115 218893                    535280.95595    0.00000   100%  16.2 2368s
H585189 219057                    535277.33289    0.00000   100%  16.2 2369s
 585447 219204 497389.587 2698  307 535277.333    0.00000   100%  16.2 2370s
H585579 219172                    535132.25546    0.00000   100%  16.2 2370s
H586247 219218                    534490.57632    0.00000   100%  16.2 2374s
 586327 219245 467763.718  198  339 534490.576    0.00000   100%  16.2 2375s
 587576 220457 496324.698  200  362 534490.576    0.00000   100%  16.3 2380s
H588677 221327                    534447.77336    0.00000   100%  16.3 2383s
 589400 222299 496722.059  491  238 534447.773    0.00000   100%  16.3 2385s
 590873 223384     cutoff  190      534447.773    0.00000   100%  16.3 2390s
 592095 223887 272510.736  189  346 534447.773    0.00000   100%  16.3 2395s
H592565 222855                    534423.30442    0.00000   100%  16.3 2397s
 593117 223237 455806.930  191  338 534423.304    0.00000   100%  16.3 2400s
H593497 223322                    534408.80301    0.00000   100%  16.3 2402s
H594107 222787                    533913.27928    0.00000   100%  16.3 2404s
 594361 223039     cutoff  189      533913.279    0.00000   100%  16.3 2405s
H596346 224657                    533911.08439    0.00000   100%  16.3 2410s
 598040 226315 494343.228  838  319 533911.084    0.00000   100%  16.2 2415s
 599836 227860 430386.861  192  320 533911.084    0.00000   100%  16.2 2420s
H601189 228626                    533789.95707    0.00000   100%  16.2 2423s
 601650 228699    0.00000  154  325 533789.957    0.00000   100%  16.2 2425s
 602699 229545 489885.654  283  296 533789.957    0.00000   100%  16.2 2430s
 602889 229547 497662.847  369  254 533789.957    0.00000   100%  16.2 2439s
H602891 229581                    533785.87854    0.00000   100%  16.2 2440s
 603469 230005     cutoff  656      533785.879    0.00000   100%  16.2 2445s
 604047 230332 503888.756  268  320 533785.879    0.00000   100%  16.3 2450s
 605292 231639 512203.692  477  301 533785.879    0.00000   100%  16.3 2455s
 607069 233113 512203.692  647  301 533785.879    0.00000   100%  16.3 2460s
H607763 233691                    533783.47092    0.00000   100%  16.3 2461s
H608053 233687                    533642.48710    0.00000   100%  16.3 2462s
 608963 234442 512203.692  795  301 533642.487    0.00000   100%  16.3 2465s
 610552 235219 infeasible  901      533642.487    0.00000   100%  16.4 2470s
H611946 236265                    533634.88383    0.00000   100%  16.4 2475s
H611973 236176                    533438.96431    0.00000   100%  16.4 2475s
 613347 236391     cutoff 1138      533438.964    0.00000   100%  16.5 2480s
H613348 231883                    533203.85967    0.00000   100%  16.5 2480s
H613463 231929                    533203.85962    0.00000   100%  16.5 2481s
 614114 232550     cutoff 1386      533203.860    0.00000   100%  16.5 2485s
H614899 232956                    533203.85942    0.00000   100%  16.5 2487s
H615045 232956                    533203.85529    0.00000   100%  16.5 2487s
 615432 233373 92136.4591  177  350 533203.855    0.00000   100%  16.5 2490s
 616207 233763 439304.427  168  307 533203.855    0.00000   100%  16.6 2496s
 616560 233902 504429.278  196  367 533203.855    0.00000   100%  16.6 2500s
H616627 233923                    533193.86180    0.00000   100%  16.7 2501s
 617017 234133 471518.257  186  334 533193.862    0.00000   100%  16.7 2505s
H617158 234115                    533189.37607    0.00000   100%  16.8 2513s
 617205 234150     cutoff  180      533189.376    0.00000   100%  16.8 2515s
H617234 234144                    533178.73612    0.00000   100%  16.8 2515s
H617306 234232                    533168.00381    0.00000   100%  16.8 2516s
H617549 234580                    533068.85180    0.00000   100%  16.8 2519s
 617910 234600     cutoff  185      533068.852    0.00000   100%  16.8 2520s
 618439 234996 494891.062  306  299 533068.852    0.00000   100%  16.9 2525s
 619542 235444 495511.655  344  330 533068.852    0.00000   100%  16.9 2530s
H619977 235461                    532997.75030    0.00000   100%  16.9 2533s
 620063 235676 495511.655  578  330 532997.750    0.00000   100%  17.0 2535s
 621406 236395 427147.634  186  347 532997.750    0.00000   100%  17.0 2540s
H621858 235299                    532837.31063    0.00000   100%  17.0 2543s
 621913 235364     cutoff  179      532837.311    0.00000   100%  17.1 2545s
 622375 235567    0.00000  133  346 532837.311    0.00000   100%  17.2 2550s
H622790 235645                    532745.81058    0.00000   100%  17.2 2553s
 622896 235689 476670.024  215  365 532745.811    0.00000   100%  17.3 2555s
 623105 236027 492477.802  156  347 532745.811    0.00000   100%  17.3 2571s
H623359 236022                    532731.96300    0.00000   100%  17.3 2571s
H623402 236009                    532705.06158    0.00000   100%  17.3 2571s
 623642 236528 475546.895  497  229 532705.062    0.00000   100%  17.3 2575s
H623936 236512                    532682.95824    0.00000   100%  17.3 2575s
 624846 237986 481413.587 1292  256 532682.958    0.00000   100%  17.3 2580s
 626265 238329     cutoff 1994      532682.958    0.00000   100%  17.4 2585s
H626267 238312                    532649.62558    0.00000   100%  17.4 2585s
 627216 238528     cutoff 2113      532649.626    0.00000   100%  17.4 2590s
H627462 238564                    532646.16576    0.00000   100%  17.4 2592s
 627890 238676 491891.235 2200  270 532646.166    0.00000   100%  17.5 2595s
 628717 238871     cutoff 2315      532646.166    0.00000   100%  17.5 2601s
H629133 238919                    532621.50131    0.00000   100%  17.5 2603s
 629207 239214 372644.912  161  319 532621.501    0.00000   100%  17.5 2605s
H629208 239212                    532612.75131    0.00000   100%  17.5 2605s
H629509 239967                    532587.22922    0.00000   100%  17.5 2608s
 630340 240618 440946.875  809  226 532587.229    0.00000   100%  17.5 2610s
 632543 242265     cutoff 2454      532587.229    0.00000   100%  17.5 2616s
H632549 242255                    532574.81897    0.00000   100%  17.5 2616s
H633347 242651                    532568.15782    0.00000   100%  17.5 2617s
 633920 242781    0.00000  155  349 532568.158    0.00000   100%  17.6 2620s
H634135 243300                    532487.25374    0.00000   100%  17.6 2623s
H634715 243557                    532476.35566    0.00000   100%  17.6 2625s
H634806 243542                    532421.96371    0.00000   100%  17.6 2625s
 636275 244460     cutoff  190      532421.964    0.00000   100%  17.6 2631s
 637281 245193    0.00000  138  359 532421.964    0.00000   100%  17.6 2636s
H638027 245401                    532417.32401    0.00000   100%  17.6 2639s
 638267 245756    0.00000  157  340 532417.324    0.00000   100%  17.6 2640s
H639237 246064                    532408.87511    0.00000   100%  17.6 2645s
 640245 246267 411716.188  220  334 532408.875    0.00000   100%  17.6 2650s
 640907 246852 492798.161  196  340 532408.875    0.00000   100%  17.7 2655s
H642310 248569                    532366.47635    0.00000   100%  17.7 2659s
 643155 249312 494354.892  370  238 532366.476    0.00000   100%  17.7 2661s
 645067 250733 494362.731  753  227 532366.476    0.00000   100%  17.6 2665s
H646704 251966                    532352.26421    0.00000   100%  17.6 2668s
 646958 252231 474254.533  179  334 532352.264    0.00000   100%  17.6 2670s
H646976 252230                    532345.99869    0.00000   100%  17.6 2670s
H648229 253458                    532308.21514    0.00000   100%  17.6 2674s
 648610 253718     cutoff  260      532308.215    0.00000   100%  17.6 2675s
H648757 253690                    532251.32044    0.00000   100%  17.6 2675s
H649630 254186                    532247.51978    0.00000   100%  17.6 2678s
 650330 254444     cutoff  456      532247.520    0.00000   100%  17.5 2681s
H650389 254382                    532117.31855    0.00000   100%  17.5 2681s
 651656 255105 84702.7928  163  369 532117.319    0.00000   100%  17.5 2685s
 652732 255918 495809.531  441  239 532117.319    0.00000   100%  17.5 2692s
H652940 256368                    532117.13256    0.00000   100%  17.5 2693s
H653258 256643                    532100.16045    0.00000   100%  17.5 2695s
H654457 257016                    531899.99256    0.00000   100%  17.5 2699s
 654771 257228     cutoff  200      531899.993    0.00000   100%  17.5 2700s
 656474 258974 298952.220  172  348 531899.993    0.00000   100%  17.5 2706s
H656495 258967                    531861.93821    0.00000   100%  17.5 2706s
H656534 258961                    531846.79361    0.00000   100%  17.5 2706s
 658151 260732 430496.414  367  236 531846.794    0.00000   100%  17.5 2711s
 660153 262272 448309.053  788  226 531846.794    0.00000   100%  17.4 2715s
 663838 265200 448309.053 1580  226 531846.794    0.00000   100%  17.3 2720s
 666093 266805 448309.053 2200  226 531846.794    0.00000   100%  17.3 2725s
H667078 267730                    531804.39534    0.00000   100%  17.3 2729s
H667448 268113                    531746.18489    0.00000   100%  17.3 2730s
H669194 269392                    531725.57456    0.00000   100%  17.2 2735s
H669488 269489                    531723.27864    0.00000   100%  17.2 2736s
 669954 269767 infeasible  184      531723.279    0.00000   100%  17.3 2740s
H670596 270189                    531666.13170    0.00000   100%  17.3 2745s
 671883 271013 493204.828  331  290 531666.132    0.00000   100%  17.3 2750s
 673791 272888 infeasible  192      531666.132    0.00000   100%  17.3 2755s
 675749 274317 449598.469  267  292 531666.132    0.00000   100%  17.3 2763s
 675876 274641 474011.549  300  283 531666.132    0.00000   100%  17.3 2765s
H676089 274982                    531652.89093    0.00000   100%  17.3 2766s
 677424 275840 456619.926  189  332 531652.891    0.00000   100%  17.3 2770s
H678527 276317                    531652.44457    0.00000   100%  17.3 2774s
 678749 276336     cutoff  191      531652.445    0.00000   100%  17.3 2775s
H678964 276403                    531568.89657    0.00000   100%  17.3 2776s
H679629 276707                    531558.31808    0.00000   100%  17.3 2777s
H679812 277008                    531551.26364    0.00000   100%  17.3 2778s
 680567 277050 301988.470  180  292 531551.264    0.00000   100%  17.3 2780s
H681064 277114                    531546.70647    0.00000   100%  17.3 2782s
 681546 277314 295868.095  163  362 531546.706    0.00000   100%  17.3 2785s
H682216 277478                    531531.39560    0.00000   100%  17.3 2787s
 682866 277523 36808.7478  156  329 531531.396    0.00000   100%  17.3 2790s
H683151 277584                    531528.10905    0.00000   100%  17.3 2791s
H683317 277637                    531499.37658    0.00000   100%  17.3 2791s
H683890 278000                    531487.81861    0.00000   100%  17.3 2794s
 683927 278283 434484.080  248  256 531487.819    0.00000   100%  17.3 2795s
H684939 278913                    531483.01412    0.00000   100%  17.3 2798s
 685279 279316 492587.029 1070  224 531483.014    0.00000   100%  17.3 2800s
 686375 280057     cutoff 1405      531483.014    0.00000   100%  17.3 2806s
 687855 280768 493775.259 1792  226 531483.014    0.00000   100%  17.3 2810s
H687929 280766                    531478.39081    0.00000   100%  17.3 2810s
H688531 280880                    531420.25643    0.00000   100%  17.3 2811s
H689159 281001                    531420.25638    0.00000   100%  17.3 2814s
 689182 281044     cutoff 2253      531420.256    0.00000   100%  17.3 2815s
H690390 281941                    531404.98546    0.00000   100%  17.3 2819s
 690414 281971 493775.423 2691  225 531404.985    0.00000   100%  17.3 2820s
 691130 282276 493775.423 2792  226 531404.985    0.00000   100%  17.3 2827s
 691407 282392 523620.541 2849  274 531404.985    0.00000   100%  17.3 2830s
H691475 282381                    531401.76566    0.00000   100%  17.3 2830s
 692604 282891 493809.666 3190  229 531401.766    0.00000   100%  17.3 2835s
 693688 283454 infeasible 3346      531401.766    0.00000   100%  17.4 2840s
H694650 283873                    531398.83452    0.00000   100%  17.4 2843s
 694859 283954 493852.351 3694  228 531398.835    0.00000   100%  17.4 2845s
H694864 283948                    531388.45823    0.00000   100%  17.4 2845s
H696056 284161                    531371.09406    0.00000   100%  17.4 2849s
 696098 284291     cutoff 4254      531371.094    0.00000   100%  17.4 2850s
H696452 284360                    531371.09306    0.00000   100%  17.4 2852s
H696935 284422                    531367.47906    0.00000   100%  17.4 2854s
 697392 284469 494044.158 4852  230 531367.479    0.00000   100%  17.4 2855s
 698541 284877 345514.763  192  330 531367.479    0.00000   100%  17.5 2860s
 700073 285612 485550.010 1041  338 531367.479    0.00000   100%  17.5 2865s
 701622 286628 490073.650 1829  332 531367.479    0.00000   100%  17.5 2870s
 703789 288654 492389.590 3823  331 531367.479    0.00000   100%  17.4 2875s
H705700 290037                    531354.93483    0.00000   100%  17.4 2878s
 706181 290813 493108.526 5973  326 531354.935    0.00000   100%  17.4 2880s
H706572 291084                    531354.60262    0.00000   100%  17.4 2881s
H706847 291078                    531352.80834    0.00000   100%  17.4 2881s
 707670 291969 493110.690 7375  326 531352.808    0.00000   100%  17.4 2887s
H707726 265512                    526078.23762    0.00000   100%  17.4 2888s
H707769 91615                    449031.90402    0.00000   100%  17.4 2888s
 707832 91622 349136.336  181  331 449031.904    0.00000   100%  17.4 2890s
H707843 50498                    415395.74346    0.00000   100%  17.4 2890s
H707869 27660                    378476.29665    0.00000   100%  17.4 2891s
H707945 23363                    352306.92770    0.00000   100%  17.5 2893s
H707971 17529                    310757.86288    0.00000   100%  17.5 2894s
H707989 13940                    254771.59125    0.00000   100%  17.5 2894s
 707990 13943     cutoff  194      254771.591    0.00000   100%  17.5 2895s
 708251 14034 138540.696  242  340 254771.591    0.00000   100%  17.5 2900s
 708592 14119 11212.1027  143  403 254771.591    0.00000   100%  17.7 2905s
H708692 13906                    250975.77866    0.00000   100%  17.7 2907s
H708704 12705                    225813.92769    0.00000   100%  17.7 2907s
 708868 12749    0.00000  170  345 225813.928    0.00000   100%  17.7 2910s
H708904 12586                    221613.31161    0.00000   100%  17.7 2911s
H708933 12523                    220043.38778    0.00000   100%  17.7 2911s
 709241 12537 121510.578  174  316 220043.388    0.00000   100%  17.8 2916s
H709253 11562                    200341.48131    0.00000   100%  17.8 2916s
H709266 11213                    192173.43916    0.00000   100%  17.8 2916s
 709471 11245    0.00000  160  343 192173.439    0.00000   100%  17.9 2920s
 709724 11283 infeasible  176      192173.439    0.00000   100%  18.0 2925s
 710067 11358 61867.4523  179  362 192173.439    0.00000   100%  18.1 2930s
 710298 11366 138987.031  169  329 192173.439    0.00000   100%  18.2 2935s
H710474 10553                    173516.21343    0.00000   100%  18.3 2937s
H710500  9631                    153539.65300    0.00000   100%  18.3 2938s
 710583  9634 infeasible  184      153539.653    0.00000   100%  18.3 2940s
H710781  9644                    152972.03259    0.00000   100%  18.4 2943s
H710832  6446                    75514.778283    0.00000   100%  18.4 2945s
H710904  6193                    67049.307468    0.00000   100%  18.4 2946s
H710945  6188                    67046.014141    0.00000   100%  18.5 2947s
H710994  6185                    67031.177336    0.00000   100%  18.5 2948s
 711031  6187 2039.48537  197  363 67031.1773    0.00000   100%  18.5 2950s
H711042  6187                    67030.066555    0.00000   100%  18.5 2950s
H711116  5838                    54722.009022    0.00000   100%  18.6 2952s
 711195  5894    0.00000  174  351 54722.0090    0.00000   100%  18.6 2956s
H711201  5871                    54181.046967    0.00000   100%  18.6 2956s
H711256  5885                    54168.277783    0.00000   100%  18.6 2958s
 711312  5881 infeasible  197      54168.2778    0.00000   100%  18.7 2960s
H711343  5890                    54167.130369    0.00000   100%  18.7 2961s
H711396  5884                    54044.701018    0.00000   100%  18.7 2962s
H711422  5888                    54044.701012    0.00000   100%  18.7 2964s
H711438  5739                    48904.204206    0.00000   100%  18.8 2965s
H711516  5267                    26421.289118    0.00000   100%  18.8 2968s
 711569  5290    0.00000  127  364 26421.2891    0.00000   100%  18.8 2970s
 711756  5292 infeasible  177      26421.2891    0.00000   100%  18.9 2975s
H711807  5299                    26413.141364    0.00000   100%  18.9 2976s
H711880  5304                    26384.600872    0.00000   100%  19.0 2978s
H711937  5246                    26257.548719    0.00000   100%  19.0 2980s
H711985  5255                    26256.734225    0.00000   100%  19.0 2981s
 712073  5264    0.00000  164  331 26256.7342    0.00000   100%  19.1 2985s
H712085  5262                    26235.512000    0.00000   100%  19.1 2985s
H712098  5262                    26218.612986    0.00000   100%  19.1 2985s
H712159  5251                    26218.612984    0.00000   100%  19.1 2987s
H712203  5244                    25973.914604    0.00000   100%  19.2 2989s
 712217  5267    0.00000  141  326 25973.9146    0.00000   100%  19.2 2990s
H712229  5267                    25967.236229    0.00000   100%  19.2 2990s
H712275  5274                    25967.230437    0.00000   100%  19.2 2992s
 712335  5284 infeasible  151      25967.2304    0.00000   100%  19.2 2995s
H712398  5294                    25955.182661    0.00000   100%  19.2 2996s
H712420  5285                    25500.451759    0.00000   100%  19.3 2996s
 712518  5302    0.00000  138  342 25500.4518    0.00000   100%  19.3 3001s
H712521  5129                    14091.132753    0.00000   100%  19.3 3001s
H712571  5127                    14091.126864    0.00000   100%  19.3 3002s
 712665  5133    0.00000  154  354 14091.1269    0.00000   100%  19.4 3005s
H712678  5133                    14015.713791    0.00000   100%  19.4 3005s
H712737  5108                    11954.326472    0.00000   100%  19.4 3006s
 712814  5118    0.00000  156  364 11954.3265    0.00000   100%  19.4 3025s
 712974  5153    0.00000  159  342 11954.3265    0.00000   100%  19.5 3030s
 713178  5222    0.00000  150  331 11954.3265    0.00000   100%  19.6 3035s
H713223  5222                    11953.494964    0.00000   100%  19.6 3035s
H713250  5216                    10497.571554    0.00000   100%  19.6 3037s
 713331  5227    0.00000  199  347 10497.5716    0.00000   100%  19.6 3040s
H713371  5244                    10028.475979    0.00000   100%  19.7 3042s
H713445  5246                    10027.510213    0.00000   100%  19.7 3043s
 713466  5254    0.00000  154  339 10027.5102    0.00000   100%  19.7 3045s
 713622  5287 infeasible  167      10027.5102    0.00000   100%  19.8 3050s
 713766  5290    0.00000  167  332 10027.5102    0.00000   100%  19.8 3055s
H713812  5284                    9674.5317497    0.00000   100%  19.8 3055s
 714018  5307 infeasible  161      9674.53175    0.00000   100%  19.9 3061s
H714019  5305                    9400.2621893    0.00000   100%  19.9 3061s
H714088  5298                    9214.5856194    0.00000   100%  20.0 3063s
 714154  5300    0.00000  143  334 9214.58562    0.00000   100%  20.0 3065s
H714216  5294                    9212.8700728    0.00000   100%  20.0 3067s
H714332  5322                    9165.3491011    0.00000   100%  20.1 3070s
 714518  5337    0.00000  162  334 9165.34910    0.00000   100%  20.1 3075s
H714555  5337                    9164.2850714    0.00000   100%  20.1 3075s
H714613  5338                    8988.6127089    0.00000   100%  20.2 3077s
 714714  5342    0.00000  168  324 8988.61271    0.00000   100%  20.2 3080s
H714762  5342                    8988.6126967    0.00000   100%  20.2 3080s
H714929  5374                    8983.0550719    0.00000   100%  20.3 3086s
H714959  5374                    8887.1077319    0.00000   100%  20.3 3086s
 715086  5390 infeasible  168      8887.10773    0.00000   100%  20.4 3090s
H715122  5390                    8883.3568535    0.00000   100%  20.4 3090s
 715317  5409 infeasible  170      8883.35685    0.00000   100%  20.5 3095s
H715365  5409                    8792.5168719    0.00000   100%  20.5 3095s
 715572  5426    0.00000  175  325 8792.51687    0.00000   100%  20.6 3100s
H715607  5425                    8765.7271887    0.00000   100%  20.6 3100s
H715781  5441                    8522.4264636    0.00000   100%  20.6 3103s
 715863  5453 infeasible  140      8522.42646    0.00000   100%  20.6 3105s
H715973  5461                    8515.8834413    0.00000   100%  20.7 3107s
 716198  5465    0.00000  182  328 8515.88344    0.00000   100%  20.8 3111s
H716276  5467                    8500.8891206    0.00000   100%  20.8 3113s
 716365  5482 infeasible  233      8500.88912    0.00000   100%  20.8 3115s
H716366  5481                    8476.0726619    0.00000   100%  20.8 3115s
H716536  5498                    8245.3302864    0.00000   100%  20.9 3119s
 716628  5506    0.00000  171  331 8245.33029    0.00000   100%  20.9 3122s
 716797  5515    0.00000  170  321 8245.33029    0.00000   100%  21.0 3126s
 716979  5528 infeasible  159      8245.33029    0.00000   100%  21.1 3130s
H717070  5546                    8244.6650688    0.00000   100%  21.1 3133s
 717158  5554    0.00000  149  332 8244.66507    0.00000   100%  21.2 3135s
 717372  5574    0.00000  184  321 8244.66507    0.00000   100%  21.2 3140s
 717604  5592 infeasible  180      8244.66507    0.00000   100%  21.3 3145s
 717918  5620 infeasible  171      8244.66507    0.00000   100%  21.4 3186s
H717920  5618                    8063.1459190    0.00000   100%  21.4 3186s
 718031  5641 infeasible  173      8063.14592    0.00000   100%  21.5 3191s
H718085  5641                    8057.0583139    0.00000   100%  21.5 3191s
 718232  5654    0.00000  166  336 8057.05831    0.00000   100%  21.6 3196s
H718325  5659                    8008.4526948    0.00000   100%  21.6 3199s
H718431  5714                    8002.5286307    0.00000   100%  21.6 3202s
 718554  5749 infeasible  157      8002.52863    0.00000   100%  21.7 3205s
H718556  5747                    7898.1898990    0.00000   100%  21.7 3205s
 718830  5762    0.00000  162  335 7898.18990    0.00000   100%  21.8 3210s
H719126  5784                    7891.5852625    0.00000   100%  21.8 3216s
 719383  5784    0.00000  143  334 7891.58526    0.00000   100%  21.9 3221s
 719655  5803 infeasible  153      7891.58526    0.00000   100%  22.0 3226s
H719658  5803                    7883.2598183    0.00000   100%  22.0 3226s
 719785  5813 infeasible  147      7883.25982    0.00000   100%  22.1 3230s
H719851  5812                    7782.7035294    0.00000   100%  22.1 3230s
H719978  5849                    7775.5618072    0.00000   100%  22.1 3234s
 720040  5888    0.00000  151  336 7775.56181    0.00000   100%  22.2 3236s
 720193  5901    0.00000  177  331 7775.56181    0.00000   100%  22.2 3240s
 720459  5927 infeasible  177      7775.56181    0.00000   100%  22.3 3247s
H720551  5927                    7773.6725507    0.00000   100%  22.3 3247s
 720625  5940 infeasible  190      7773.67255    0.00000   100%  22.3 3250s
H720630  5940                    7768.4274831    0.00000   100%  22.3 3250s
H720702  5940                    7767.8937996    0.00000   100%  22.4 3250s
 720943  5957    0.00000  165  339 7767.89380    0.00000   100%  22.4 3256s
H721038  5957                    7728.8147082    0.00000   100%  22.5 3256s
H721229  5951                    7724.7613137    0.00000   100%  22.5 3259s
 721315  5958 infeasible  165      7724.76131    0.00000   100%  22.6 3263s
H721317  5957                    7718.3508027    0.00000   100%  22.6 3263s
H721403  5956                    7709.8912119    0.00000   100%  22.6 3263s
 721496  5968    0.00000  182  339 7709.89121    0.00000   100%  22.6 3266s
 721869  6037    0.00000  152  357 7709.89121    0.00000   100%  22.7 3272s
 722019  6034 infeasible  160      7709.89121    0.00000   100%  22.8 3275s
 722403  6054    0.00000  158  326 7709.89121    0.00000   100%  22.9 3282s
 722550  6089    0.00000  150  336 7709.89121    0.00000   100%  22.9 3286s
 722685  6101    0.00000  172  345 7709.89121    0.00000   100%  23.0 3290s
 722971  6148    0.00000  173  320 7709.89121    0.00000   100%  23.1 3300s
H723086  6168                    7673.2655212    0.00000   100%  23.1 3304s
 723155  6200    0.00000  154  339 7673.26552    0.00000   100%  23.2 3307s
 723309  6260 infeasible  181      7673.26552    0.00000   100%  23.2 3311s
H723625  6272                    7669.7898127    0.00000   100%  23.3 3314s
 723723  6288 infeasible  165      7669.78981    0.00000   100%  23.3 3317s
 723941  6321    0.00000  152  332 7669.78981    0.00000   100%  23.4 3320s
H724133  6314                    7502.3329182    0.00000   100%  23.5 3324s
 724310  6320    0.00000  165  347 7502.33292    0.00000   100%  23.5 3328s
H724413  6320                    7502.3329175    0.00000   100%  23.6 3328s
 724505  6333 infeasible  162      7502.33292    0.00000   100%  23.6 3332s
H724605  6333                    7451.0204877    0.00000   100%  23.6 3332s
 724734  6391    0.00000  165  337 7451.02049    0.00000   100%  23.7 3336s
 724976  6401    0.00000  172  326 7451.02049    0.00000   100%  23.7 3340s
H725359  6396                    7448.3070677    0.00000   100%  23.8 3344s
H725509  6399                    7443.3644622    0.00000   100%  23.9 3347s
H725740  6431                    7443.2797244    0.00000   100%  23.9 3351s
H725877  6431                    7439.8683898    0.00000   100%  24.0 3351s
 726337  6442 infeasible  180      7439.86839    0.00000   100%  24.1 3358s
 726607  6430    0.00000  172  331 7439.86839    0.00000   100%  24.1 3362s
H726720  6425                    7005.2055084    0.00000   100%  24.2 3362s
 726819  6425 infeasible  171      7005.20551    0.00000   100%  24.2 3365s
H727022  6440                    6856.2273572    0.00000   100%  24.3 3369s
 727291  6459 infeasible  170      6856.22736    0.00000   100%  24.3 3372s
H727408  6459                    6854.9057270    0.00000   100%  24.4 3372s
 727536  6455 infeasible  165      6854.90573    0.00000   100%  24.4 3376s
 727770  6462 infeasible  176      6854.90573    0.00000   100%  24.5 3381s
 728021  6454    0.00000  172  326 6854.90573    0.00000   100%  24.5 3390s
H728305  6444                    6774.7567058    0.00000   100%  24.6 3394s
 728436  6434    0.00000  172  313 6774.75671    0.00000   100%  24.6 3398s
 728680  6460 infeasible  159      6774.75671    0.00000   100%  24.7 3402s
H728683  6460                    6728.4675036    0.00000   100%  24.7 3402s
 728876  6458 infeasible  173      6728.46750    0.00000   100%  24.8 3406s
 729104  6488 infeasible  228      6728.46750    0.00000   100%  24.9 3411s
 729510  6527 infeasible  160      6728.46750    0.00000   100%  25.0 3419s
H729614  6527                    6723.6102877    0.00000   100%  25.0 3419s
 729713  6541 infeasible  158      6723.61029    0.00000   100%  25.1 3424s
H729820  6541                    6718.4044467    0.00000   100%  25.1 3424s
 729942  6623    0.00000  169  340 6718.40445    0.00000   100%  25.1 3427s
H730156  6638                    6652.6137421    0.00000   100%  25.2 3432s
 730352  6645 infeasible  179      6652.61374    0.00000   100%  25.3 3436s
H730353  6643                    6582.1526278    0.00000   100%  25.3 3436s
 730563  6693    0.00000  172  335 6582.15263    0.00000   100%  25.3 3441s
 730967  6744    0.00000  214  349 6582.15263    0.00000   100%  25.5 3448s
H731057  6744                    6573.1365499    0.00000   100%  25.5 3448s
 731232  6791    0.00000  185  342 6573.13655    0.00000   100%  25.6 3452s
 731437  6845    0.00000  155  350 6573.13655    0.00000   100%  25.6 3456s
 731873  6903    0.00000  170  351 6573.13655    0.00000   100%  25.8 3463s
 732101  6911    0.00000  179  334 6573.13655    0.00000   100%  25.8 3467s
 732356  6933    0.00000  183  328 6573.13655    0.00000   100%  25.9 3471s
 732618  6942 infeasible  181      6573.13655    0.00000   100%  26.0 3476s
H732627  6942                    6552.8307921    0.00000   100%  26.0 3476s
 732855  6944 infeasible  182      6552.83079    0.00000   100%  26.1 3480s
 733103  6976 infeasible  175      6552.83079    0.00000   100%  26.1 3485s
 733305  6973 infeasible  173      6552.83079    0.00000   100%  26.2 3497s
H733311  6973                    6491.9578642    0.00000   100%  26.2 3497s
 733312  6999    0.00000  170  331 6491.95786    0.00000   100%  26.2 3501s
H733436  6998                    6474.1830163    0.00000   100%  26.3 3501s
 733491  7007    0.00000  177  330 6474.18302    0.00000   100%  26.3 3506s
 733758  7031 infeasible  177      6474.18302    0.00000   100%  26.4 3510s
 733987  7053    0.00000  174  334 6474.18302    0.00000   100%  26.4 3516s
 734286  7077 infeasible  174      6474.18302    0.00000   100%  26.5 3521s
 734544  7098    0.00000  181  328 6474.18302    0.00000   100%  26.6 3526s
 734885  7125    0.00000  178  329 6474.18302    0.00000   100%  26.7 3531s
 735196  7141 infeasible  179      6474.18302    0.00000   100%  26.7 3536s
H735373  7141                    6474.1651960    0.00000   100%  26.8 3536s
 735518  7146    0.00000  183  330 6474.16520    0.00000   100%  26.8 3541s
 735769  7171    0.00000  183  357 6474.16520    0.00000   100%  26.9 3545s
 736110  7213    0.00000  178  321 6474.16520    0.00000   100%  27.0 3550s
 736429  7259 infeasible  176      6474.16520    0.00000   100%  27.1 3555s
 736713  7261    0.00000  199  330 6474.16520    0.00000   100%  27.2 3560s
 736975  7287 infeasible  199      6474.16520    0.00000   100%  27.2 3565s
H736982  7287                    6463.0347724    0.00000   100%  27.2 3565s
 737278  7289 infeasible  181      6463.03477    0.00000   100%  27.3 3570s
H738021  7289                    6463.0347693    0.00000   100%  27.5 3579s
 738331  7287 infeasible  189      6463.03477    0.00000   100%  27.5 3588s
H738386  7287                    6433.4927529    0.00000   100%  27.5 3588s
 738439  7304    0.00000  187  316 6433.49275    0.00000   100%  27.6 3592s
H738748  7303                    6433.4927523    0.00000   100%  27.6 3597s
 739111  7316 infeasible  199      6433.49275    0.00000   100%  27.7 3600s

Cutting planes:
  Gomory: 1
  Implied bound: 29
  MIR: 95
  StrongCG: 2
  Flow cover: 18
  Zero half: 1
  RLT: 16
  Relax-and-lift: 1

Explored 739406 nodes (20535507 simplex iterations) in 3600.18 seconds (1943.15 work units)
Thread count was 2 (of 24 available processors)

Solution count 10: 6433.49 6433.49 6463.03 ... 6652.61

Time limit reached
Best objective 6.433492752298e+03, best bound 0.000000000000e+00, gap 100.0000%
