
Gurobi 11.0.3 (linux64, Java) logging started sáb 07 dez 2024 05:11:30 -03

Set parameter Username
Academic license - for non-commercial use only - expires 2025-10-10
Set parameter NonConvex to value 2
Set parameter TimeLimit to value 3600
Set parameter LogToConsole to value 0
Set parameter MIPGap to value 7.7716481645149384e-08
Set parameter Threads to value 2
Set parameter NodefileDir to value "/home/ps12398/experiment_hosp/goalProgrammingMarcos/"
Set parameter NodefileStart to value 1
Gurobi Optimizer version 11.0.3 build v11.0.3rc0 (linux64)

CPU model: Intel(R) Xeon(R) CPU           X5650  @ 2.67GHz, instruction set [SSE2]
Thread count: 12 physical cores, 24 logical processors, using up to 2 threads

Optimize a model with 149791 rows, 101033 columns and 647494 nonzeros
Model fingerprint: 0x6086b0af
Model has 229 quadratic constraints
Variable types: 50406 continuous, 50627 integer (224 binary)
Coefficient statistics:
  Matrix range     [4e-03, 4e+06]
  QMatrix range    [4e-03, 7e+04]
  QLMatrix range   [1e+00, 7e+04]
  Objective range  [1e+00, 3e+07]
  Bounds range     [1e+00, 1e+08]
  RHS range        [1e+00, 6e+06]
  QRHS range       [8e-02, 8e-02]
Presolve removed 148315 rows and 99311 columns
Presolve time: 0.50s
Presolved: 2990 rows, 2186 columns, 193518 nonzeros
Presolved model has 2 SOS constraint(s)
Presolved model has 224 bilinear constraint(s)

Solving non-convex MIQCP

Variable types: 796 continuous, 1390 integer (226 binary)
Found heuristic solution: objective 8372132.3638

Root relaxation: objective 0.000000e+00, 197 iterations, 0.06 seconds (0.02 work units)

    Nodes    |    Current Node    |     Objective Bounds      |     Work
 Expl Unexpl |  Obj  Depth IntInf | Incumbent    BestBd   Gap | It/Node Time

     0     0    0.00000    0  298 8372132.36    0.00000   100%     -    1s
     0     0    0.00000    0  294 8372132.36    0.00000   100%     -    2s
     0     0    0.00000    0  288 8372132.36    0.00000   100%     -    3s
     0     0    0.00000    0  278 8372132.36    0.00000   100%     -    4s
     0     0    0.00000    0  276 8372132.36    0.00000   100%     -    4s
     0     0    0.00000    0  282 8372132.36    0.00000   100%     -    6s
H    0     0                    3516211.0723    0.00000   100%     -    6s
     0     0    0.00000    0  286 3516211.07    0.00000   100%     -    6s
     0     0    0.00000    0  284 3516211.07    0.00000   100%     -    8s
H    0     0                    2790404.8654    0.00000   100%     -    8s
     0     0    0.00000    0  281 2790404.87    0.00000   100%     -    8s
     0     0    0.00000    0  282 2790404.87    0.00000   100%     -    9s
     0     0    0.00000    0  282 2790404.87    0.00000   100%     -   10s
     0     2    0.00000    0  281 2790404.87    0.00000   100%     -   12s
    65   119    0.00000   27  281 2790404.87    0.00000   100%  42.9   16s
H   73   119                    2210306.5744    0.00000   100%  43.9   16s
   208   343    0.00000   82  281 2210306.57    0.00000   100%  71.9   23s
   342   515    0.00000  137  292 2210306.57    0.00000   100%  81.3   29s
   514   720    0.00000  213  270 2210306.57    0.00000   100%  82.0   33s
   719   844    0.00000  276  262 2210306.57    0.00000   100%  85.0   36s
   843   966    0.00000  310  276 2210306.57    0.00000   100%  91.3   41s
H  904   966                    2210012.3545    0.00000   100%  95.5   41s
   965  1066    0.00000  344  273 2210012.35    0.00000   100%  98.1   45s
  1065  1437    0.00000  368  269 2210012.35    0.00000   100%   101   51s
H 1436  1877                    2210012.3449    0.00000   100%  83.2   57s
  1876  2296 108866.042  818  226 2210012.34    0.00000   100%  68.2   64s
  2295  2641 175660.029 1036  261 2210012.34    0.00000   100%  57.1   70s
  2640  3022 220073.218 1196  265 2210012.34    0.00000   100%  51.0   76s
  3021  3404 240546.338 1386  226 2210012.34    0.00000   100%  46.8   82s
  3403  3605 257550.041 1608  232 2210012.34    0.00000   100%  42.5   87s
  3604  3990 343449.260 1781  244 2210012.34    0.00000   100%  40.5   93s
  3990  3991    0.00000  295  472 2210012.34    0.00000   100%  37.6  101s
H 3991  3792                    2141250.7046    0.00000   100%  37.6  101s
H 3991  3602                    1758225.4669    0.00000   100%  37.6  102s
  3999  3607 94619.9457  620   75 1758225.47    0.00000   100%  37.5  105s
H 4002  3429                    1303002.0079    0.00000   100%  37.5  108s
H 4029  3281                    1301884.8298    0.00000   100%  40.0  109s
H 4061  3151                    1274008.5773    0.00000   100%  39.9  110s
H 4100  3036                    1273795.7815    0.00000   100%  40.2  111s
H 4129  2880                    1244802.3510    0.00000   100%  40.4  111s
  4227  3053    0.00000   69  294 1244802.35    0.00000   100%  41.2  115s
H 4337  3196                    1233843.3662    0.00000   100%  41.6  117s
H 4394  3044                    1230279.0362    0.00000   100%  42.2  117s
  4886  3208    0.00000  139  270 1230279.04    0.00000   100%  39.6  120s
H 5113  3670                    1209691.0406    0.00000   100%  41.9  123s
  5648  4047 719479.176  365  332 1209691.04    0.00000   100%  40.0  125s
H 6047  3794                    1204749.1344    0.00000   100%  37.8  125s
H 6204  4025                    1204495.0634    0.00000   100%  37.7  127s
H 6490  3822                    1199742.8360    0.00000   100%  36.3  127s
  7244  4731 712610.352  884  332 1199742.84    0.00000   100%  33.6  130s
H 7524  4535                    1199423.6422    0.00000   100%  32.6  130s
H 8780  5488                    1199370.4433    0.00000   100%  28.5  134s
  9238  5805 722728.284 1487  328 1199370.44    0.00000   100%  27.4  135s
H10022  6334                    1199317.2443    0.00000   100%  26.3  137s
H10486  6725                    1199104.4485    0.00000   100%  25.7  138s
H11078  7635                    1198944.8516    0.00000   100%  24.5  140s
H11868  8024                    1142607.1582    0.00000   100%  23.1  142s
H12576  8924                    1128509.4351    0.00000   100%  22.0  144s
 12932  9324 814611.900 2307  311 1128509.44    0.00000   100%  21.5  145s
H13332  9690                    1128349.8382    0.00000   100%  20.9  146s
 14244 10238 820768.590 2638  303 1128349.84    0.00000   100%  19.8  150s
H14564 11096                    1128296.6392    0.00000   100%  19.4  152s
 16027 12589 822395.469 3046  302 1128296.64    0.00000   100%  18.0  155s
H17114 13412                    1128243.4403    0.00000   100%  17.0  157s
H18309 14752                    1128190.2413    0.00000   100%  16.0  160s
H19605 15599                    1128137.0424    0.00000   100%  15.1  164s
 19607 15878 815742.016 3890  302 1128137.04    0.00000   100%  15.1  165s
H20612 16932                    1128083.8434    0.00000   100%  14.4  168s
H20940 17275                    1127924.2465    0.00000   100%  14.2  169s
 21283 17637 815742.016 4307  302 1127924.25    0.00000   100%  14.0  170s
H22199 18356                    1127817.8486    0.00000   100%  13.8  172s
 23074 19499 889610.676 4603  288 1127817.85    0.00000   100%  13.5  175s
H23716 19834                    1127764.6497    0.00000   100%  13.2  176s
H23842 20140                    1127605.0528    0.00000   100%  13.2  177s
H25072 21346                    1127551.8539    0.00000   100%  12.8  180s
H25843 21980                    1127457.5587    0.00000   100%  12.5  181s
 27235 23600 890557.181 5735  276 1127457.56    0.00000   100%  12.1  185s
H29258 25328                    1127445.4560    0.00000   100%  11.6  189s
 29339 25688 904020.768 6250  271 1127445.46    0.00000   100%  11.6  190s
H30394 26643                    1127392.2570    0.00000   100%  11.5  192s
H30821 26932                    1127343.9717    0.00000   100%  11.5  193s
 31666 27894 904143.112 6830  270 1127343.97    0.00000   100%  11.3  195s
 32703 28694 904241.636 7133  268 1127343.97    0.00000   100%  11.1  200s
H33342 29544                    1127340.3192    0.00000   100%  11.0  202s
 34649 30892 904566.647 7655  268 1127340.32    0.00000   100%  10.7  205s
 37013 33228 906608.264 8280  268 1127340.32    0.00000   100%  10.3  210s
 38629 35018 906608.264 8724  268 1127340.32    0.00000   100%  10.1  215s
H39029 35175                    1127309.9112    0.00000   100%  10.0  215s
 40895 37392 924108.220 9136  256 1127309.91    0.00000   100%   9.9  220s
H44310 40386                    1127285.8591    0.00000   100%   9.4  224s
 44867 41334 924108.220 10260  256 1127285.86    0.00000   100%   9.3  225s
H45345 41764                    1127232.6601    0.00000   100%   9.3  226s
H46661 42794                    1127179.4612    0.00000   100%   9.1  228s
H46805 43108                    1127126.2622    0.00000   100%   9.1  229s
 47119 43110 924646.879 10893  255 1127126.26    0.00000   100%   9.0  232s
H47121 43305                    1127019.8643    0.00000   100%   9.0  232s
 47926 44215 924647.246 11102  255 1127019.86    0.00000   100%   9.0  235s
 50803 47114 924646.879 11806  256 1127019.86    0.00000   100%   8.7  240s
 52927 49190 926203.954 12387  256 1127019.86    0.00000   100%   8.6  245s
 55181 51352 932921.298 13019  249 1127019.86    0.00000   100%   8.4  250s
 57426 53737 938019.897 13569  242 1127019.86    0.00000   100%   8.3  255s
H60122 56122                    1126966.6654    0.00000   100%   8.0  260s
H60133 56144                    1126913.4664    0.00000   100%   8.0  261s
H60429 56614                    1126807.0685    0.00000   100%   8.0  264s
H60521 56614                    1126753.8695    0.00000   100%   8.0  264s
 60625 56862 958591.446 14132  236 1126753.87    0.00000   100%   8.0  265s
H61642 57679                    1126738.9994    0.00000   100%   7.9  267s
 63849 59961 615425.872  320  330 1126739.00    0.00000   100%   7.8  270s
 65441 61712 767644.602  736  284 1126739.00    0.00000   100%   7.9  275s
 67764 64086 773734.935 1273  284 1126739.00    0.00000   100%   7.8  280s
 70570 66779 776888.207 1979  275 1126739.00    0.00000   100%   7.6  285s
 72507 68662 770782.127 2508  276 1126739.00    0.00000   100%   7.5  292s
 73470 69780 770782.127 2780  276 1126739.00    0.00000   100%   7.4  295s
H74580 70656                    1126700.6706    0.00000   100%   7.3  297s
H75750 72000                    1120763.8174    0.00000   100%   7.3  300s
H76444 72498                    1116816.9131    0.00000   100%   7.2  301s
H76547 72718                    1114084.4127    0.00000   100%   7.2  301s
H76852 73076                    1111219.7746    0.00000   100%   7.2  302s
H77408 73490                    1110794.1830    0.00000   100%   7.2  303s
 77889 74251 776054.491 4019  261 1110794.18    0.00000   100%   7.2  305s
H78930 74965                    1110740.9840    0.00000   100%   7.1  306s
H80188 76396                    1110687.7851    0.00000   100%   7.1  308s
H80969 77000                    1110528.1882    0.00000   100%   7.2  309s
 81061 77389 791860.249 4767  254 1110528.19    0.00000   100%   7.2  310s
H82400 78535                    1110395.7693    0.00000   100%   7.1  311s
H82693 78814                    1110300.2212    0.00000   100%   7.1  312s
 84776 81020 798305.276 5683  249 1110300.22    0.00000   100%   7.0  315s
H85919 82049                    1110208.9945    0.00000   100%   7.0  317s
 87114 83417 798305.276 6221  249 1110208.99    0.00000   100%   6.9  320s
 89617 85804 792207.093 6843  251 1110208.99    0.00000   100%   6.8  325s
 90451 86669 793924.785 7103  248 1110208.99    0.00000   100%   6.8  330s
 92395 88721 796020.856 7601  245 1110208.99    0.00000   100%   6.8  335s
 95022 91370 796326.693 8184  244 1110208.99    0.00000   100%   6.7  340s
 98009 94171 796326.693 8941  244 1110208.99    0.00000   100%   6.5  345s
H99040 95161                    1110155.7955    0.00000   100%   6.5  347s
H100300 96587                    1110102.5966    0.00000   100%   6.4  350s
H101438 97502                    1110049.3976    0.00000   100%   6.3  352s
H102472 98495                    1107974.6384    0.00000   100%   6.3  353s
 102904 99181 799086.605 10214  244 1107974.64    0.00000   100%   6.3  355s
H103363 99434                    1107707.5260    0.00000   100%   6.3  355s
 104214 100283 805788.447 10515  239 1107707.53    0.00000   100%   6.3  360s
H104688 100743                    1107073.8445    0.00000   100%   6.3  361s
H104806 100962                    1107070.2561    0.00000   100%   6.3  362s
 105874 102137 809162.202 10836  241 1107070.26    0.00000   100%   6.2  365s
H106069 102137                    1103872.7833    0.00000   100%   6.2  365s
H107037 103111                    1103585.3921    0.00000   100%   6.2  367s
 108633 104983 813041.628 11586  236 1103585.39    0.00000   100%   6.2  370s
 111276 107583 815503.107 12306  233 1103585.39    0.00000   100%   6.1  375s
H113204 109235                    1103512.0852    0.00000   100%   6.0  379s
 113304 109519 845775.400 12876  250 1103512.09    0.00000   100%   6.0  380s
H114454 110755                    1103512.0845    0.00000   100%   6.0  382s
H114963 111054                    1095167.3515    0.00000   100%   5.9  383s
 115843 112008 851492.701 13536  254 1095167.35    0.00000   100%   5.9  385s
H117616 113629                    1095086.2477    0.00000   100%   5.9  389s
 117700 113962 864734.343 14033  243 1095086.25    0.00000   100%   5.9  390s
 119376 115538 873244.538 14133  242 1095086.25    0.00000   100%   5.9  395s
H120043 115876                    1094921.3632    0.00000   100%   5.9  399s
H120044 115876                    1094872.7041    0.00000   100%   5.9  399s
H120070 115980                    1094834.4965    0.00000   100%   5.9  399s
H120149 116127                    1094728.0986    0.00000   100%   5.9  400s
H120976 116911                    1094615.5743    0.00000   100%   6.0  402s
 122026 118136 908468.083  619  305 1094615.57    0.00000   100%   6.0  405s
H122430 118299                    1094462.1038    0.00000   100%   6.0  405s
H123541 119637                    1094408.9048    0.00000   100%   6.0  408s
 124342 120472 908468.083 1337  305 1094408.90    0.00000   100%   6.0  410s
H124762 120696                    1094355.7059    0.00000   100%   6.0  411s
H125964 121881                    1094249.3080    0.00000   100%   6.0  413s
H126136 122030                    1094142.9100    0.00000   100%   6.0  414s
 126397 122586 915343.188 1935  296 1094142.91    0.00000   100%   6.0  415s
H127479 123567                    1094089.7111    0.00000   100%   6.0  417s
H127751 123883                    1094001.6812    0.00000   100%   6.0  418s
H128242 124136                    1093983.3132    0.00000   100%   6.0  419s
 128323 124315 1032072.61 2384  277 1093983.31    0.00000   100%   6.0  420s
 129959 125927 1035390.93 2749  273 1093983.31    0.00000   100%   6.0  425s
H130869 126529                    1093544.2947    0.00000   100%   6.0  427s
 131770 127445 1036559.91 3082  272 1093544.29    0.00000   100%   6.0  430s
H133123 128439                    1093451.3236    0.00000   100%   6.0  434s
 133216 128948 949413.433  409  297 1093451.32    0.00000   100%   6.0  435s
H134212 129865                    1093398.1247    0.00000   100%   6.0  437s
 135425 130646 954064.561  992  292 1093398.12    0.00000   100%   6.0  442s
H135426 130646                    1093344.9257    0.00000   100%   6.0  442s
H135528 130780                    1093238.5278    0.00000   100%   6.0  442s
 136151 131784 954064.561 1218  292 1093238.53    0.00000   100%   6.0  445s
H136808 132211                    1093185.3289    0.00000   100%   5.9  446s
H136996 132524                    1093078.9309    0.00000   100%   5.9  446s
H138233 133682                    1093025.7320    0.00000   100%   5.9  449s
 138479 133973 972124.979 1933  274 1093025.73    0.00000   100%   5.9  450s
H139643 134988                    1092972.5330    0.00000   100%   5.9  453s
 140379 135870 973474.708 2402  267 1092972.53    0.00000   100%   5.9  455s
H140667 136040                    1092812.9362    0.00000   100%   5.9  455s
H141708 137141                    1092759.7372    0.00000   100%   5.9  458s
 142363 137706 981958.843 2851  261 1092759.74    0.00000   100%   6.0  460s
H142405 137702                    1092653.3393    0.00000   100%   6.0  460s
H143759 139097                    1092600.1403    0.00000   100%   6.0  463s
 144595 139935 998359.529 3438  267 1092600.14    0.00000   100%   5.9  465s
H145319 140659                    1092546.9414    0.00000   100%   5.9  467s
H146229 141611                    1092493.7424    0.00000   100%   5.9  469s
H146265 141603                    1092315.5365    0.00000   100%   5.9  469s
 146416 141894 1001881.08 3906  257 1092315.54    0.00000   100%   5.9  470s
 148870 144249 1001881.08 4552  257 1092315.54    0.00000   100%   5.9  477s
H149385 144591                    1092280.9466    0.00000   100%   5.9  478s
 150219 145794 1003397.30 4957  250 1092280.95    0.00000   100%   5.8  480s
H150613 146034                    1092227.7477    0.00000   100%   5.8  481s
H151857 147346                    1092174.5487    0.00000   100%   5.8  485s
 154274 149670 1004300.81 5988  248 1092174.55    0.00000   100%   5.8  490s
 156420 151987 1005114.66 6470  242 1092174.55    0.00000   100%   5.8  495s
 158825 154324 1005365.96 7004  241 1092174.55    0.00000   100%   5.7  500s
 161566 157160 1005365.96 7711  241 1092174.55    0.00000   100%   5.7  505s
 163922 159105 1005365.96 8312  241 1092174.55    0.00000   100%   5.7  511s
H164713 159778                    1092121.3497    0.00000   100%   5.8  514s
H164725 159817                    1092068.1508    0.00000   100%   5.8  515s
H166063 160964                    1092014.9518    0.00000   100%   5.8  518s
 166788 161784 1008369.79 9162  242 1092014.95    0.00000   100%   5.8  520s
H167426 162578                    1091961.7529    0.00000   100%   5.8  522s
H168658 163652                    1091908.5539    0.00000   100%   5.8  524s
 168877 163966 1018398.89 9670  246 1091908.55    0.00000   100%   5.8  525s
H170086 165045                    1091855.3550    0.00000   100%   5.8  527s
H170274 165341                    1091748.9571    0.00000   100%   5.8  527s
H171466 166539                    1091642.5592    0.00000   100%   5.8  530s
H171616 166539                    1091589.3602    0.00000   100%   5.8  530s
H172437 167322                    1091376.5644    0.00000   100%   5.8  532s
H173044 167922                    1091270.1665    0.00000   100%   5.8  534s
 173215 168271 1017645.37 10699  249 1091270.17    0.00000   100%   5.8  535s
H174084 169106                    1091216.9675    0.00000   100%   5.8  537s
 175704 170673 1013564.77 11345  238 1091216.97    0.00000   100%   5.9  540s
 176318 171019 1013564.77 11496  238 1091216.97    0.00000   100%   5.9  546s
H176319 171019                    1091110.5696    0.00000   100%   5.9  546s
 177065 172116 1013564.77 11650  238 1091110.57    0.00000   100%   5.9  550s
 179178 174121 1014993.59 12195  240 1091110.57    0.00000   100%   5.9  555s
 181484 176558 1021265.69 12753  251 1091110.57    0.00000   100%   5.9  560s
 184173 179158 1026315.85 13374  238 1091110.57    0.00000   100%   5.8  565s
 186781 181495 1029825.42 14031  240 1091110.57    0.00000   100%   5.8  570s
 188204 182653 679702.314  334  268 1091110.57    0.00000   100%   5.9  575s
H188884 183279                    1091057.3706    0.00000   100%   5.9  578s
 189284 183759 774698.562  340  256 1091057.37    0.00000   100%   5.9  580s
H190234 184749                    1091004.1717    0.00000   100%   5.9  583s
 191363 186050 921102.142  994  308 1091004.17    0.00000   100%   5.9  585s
H191505 186050                    1090950.9727    0.00000   100%   5.9  585s
H192686 187336                    1090897.7738    0.00000   100%   5.9  588s
 193846 188174 927215.393 1587  280 1090897.77    0.00000   100%   5.9  592s
H193847 188170                    1090844.5748    0.00000   100%   5.9  592s
H194521 189151                    1090791.3759    0.00000   100%   5.9  595s
H195741 190255                    1090738.1769    0.00000   100%   5.8  597s
 197115 191781 953298.291 2139  255 1090738.18    0.00000   100%   5.8  600s
H197288 191781                    1090684.9780    0.00000   100%   5.8  600s
H198635 193198                    1090631.7790    0.00000   100%   5.8  603s
H198714 193194                    1090578.5801    0.00000   100%   5.8  603s
 199640 194217 954404.948 3306  253 1090578.58    0.00000   100%   5.8  605s
H199903 194476                    1090525.3811    0.00000   100%   5.8  606s
H199903 194472                    1090472.1821    0.00000   100%   5.8  606s
 202104 196781 956297.702 4641  253 1090472.18    0.00000   100%   5.7  610s
 204448 199145 961739.702 5736  251 1090472.18    0.00000   100%   5.7  615s
H206010 200358                    1090351.7717    0.00000   100%   5.7  618s
 206365 200674 511921.946  323  349 1090351.77    0.00000   100%   5.7  620s
H206811 201037                    1090259.3863    0.00000   100%   5.7  621s
 208277 202915 766426.492  960  302 1090259.39    0.00000   100%   5.7  625s
 210346 204502 766430.016 1685  302 1090259.39    0.00000   100%   5.7  634s
 210448 205023 766430.016 1719  302 1090259.39    0.00000   100%   5.7  635s
 212909 207510 773123.770 2498  290 1090259.39    0.00000   100%   5.7  640s
 215821 210129 798016.152 3035  243 1090259.39    0.00000   100%   5.6  645s
 218265 212754 806624.257 4006  235 1090259.39    0.00000   100%   5.6  650s
H219745 213949                    1090212.9889    0.00000   100%   5.6  652s
H219746 213949                    1090206.1874    0.00000   100%   5.6  652s
H219747 213871                    1085977.5950    0.00000   100%   5.6  652s
H219782 213858                    1080728.5034    0.00000   100%   5.6  652s
H219809 213986                    1078236.4225    0.00000   100%   5.6  654s
 220571 214953 806624.257 5287  235 1078236.42    0.00000   100%   5.6  655s
H220895 215163                    1078183.2235    0.00000   100%   5.6  655s
H220895 215163                    1078165.4355    0.00000   100%   5.6  656s
H221974 216141                    1078032.0704    0.00000   100%   5.5  657s
H223279 217466                    1078032.0699    0.00000   100%   5.5  659s
 223719 218085 808088.376 7287  235 1078032.07    0.00000   100%   5.5  660s
H226057 220116                    1077998.3740    0.00000   100%   5.5  664s
 226058 220487 817471.726 8404  236 1077998.37    0.00000   100%   5.5  665s
H227431 221635                    1077998.3728    0.00000   100%   5.5  668s
H227733 221813                    1074901.9338    0.00000   100%   5.5  669s
 228085 222347 922660.179 8609  232 1074901.93    0.00000   100%   5.5  670s
H229450 223677                    1074479.2814    0.00000   100%   5.5  673s
H230044 223973                    1073288.9196    0.00000   100%   5.5  674s
 230045 224122 1001010.21 8948  234 1073288.92    0.00000   100%   5.5  675s
H231220 225113                    1073235.7207    0.00000   100%   5.5  679s
 231224 225224 1001010.21 9403  234 1073235.72    0.00000   100%   5.6  680s
 232074 226572 1015580.73 9727  231 1073235.72    0.00000   100%   5.6  685s
H232697 226805                    1073182.5217    0.00000   100%   5.6  685s
H233160 226876                    1073129.3228    0.00000   100%   5.6  689s
H233205 226905                    1073009.3451    0.00000   100%   5.7  690s
H233219 226905                    1072810.1290    0.00000   100%   5.7  690s
H233341 226943                    1072756.9301    0.00000   100%   5.7  691s
H233553 227099                    1072224.9405    0.00000   100%   5.8  693s
 233875 227457 961537.267  408  303 1072224.94    0.00000   100%   5.9  695s
H234803 228300                    1072171.7416    0.00000   100%   5.9  697s
H234860 228536                    1072128.7634    0.00000   100%   5.9  698s
 235593 229527 972289.384 1297  291 1072128.76    0.00000   100%   5.9  700s
H236282 229877                    1072124.8292    0.00000   100%   5.9  701s
H237250 230799                    1072104.2091    0.00000   100%   5.9  704s
 237359 231272 998489.436 1666  257 1072104.21    0.00000   100%   5.9  705s
 238629 232071 998489.436 2052  257 1072104.21    0.00000   100%   5.9  710s
H238630 232071                    1072021.0012    0.00000   100%   5.9  710s
H238722 232219                    1072012.1447    0.00000   100%   5.9  711s
H239960 233495                    1071958.9458    0.00000   100%   5.9  714s
 240055 233936 998489.436 2488  257 1071958.95    0.00000   100%   5.9  715s
H240922 234500                    1071905.7468    0.00000   100%   5.9  717s
 241893 235729 998489.436 3018  257 1071905.75    0.00000   100%   5.9  720s
H242289 236090                    1071852.5478    0.00000   100%   5.9  720s
H243606 237168                    1071799.3489    0.00000   100%   5.8  722s
H244509 237925                    1071746.1499    0.00000   100%   5.8  724s
 244859 238336 1002756.71 4558  242 1071746.15    0.00000   100%   5.8  725s
H245512 239007                    1071692.9510    0.00000   100%   5.9  727s
H246715 240275                    1071639.7520    0.00000   100%   5.9  729s
 247063 240605 1002756.71 5997  243 1071639.75    0.00000   100%   5.9  730s
H247699 241020                    1071480.1552    0.00000   100%   5.8  732s
 248745 242035 1009908.05 7414  241 1071480.16    0.00000   100%   5.9  735s
H248865 242035                    1071466.5548    0.00000   100%   5.9  735s
 250861 244444 1010087.96 8545  239 1071466.55    0.00000   100%   5.9  740s
H251922 245071                    1071423.5401    0.00000   100%   5.8  741s
 252233 245546 539898.777  340  290 1071423.54    0.00000   100%   5.8  746s
H252260 245546                    1071305.0459    0.00000   100%   5.9  746s
 252771 246015 997559.773  388  211 1071305.05    0.00000   100%   5.9  750s
 254657 247432 997570.465  529  210 1071305.05    0.00000   100%   5.9  755s
 256556 248725     cutoff  788      1071305.05    0.00000   100%   5.9  760s
H257723 249347                    1071267.3593    0.00000   100%   5.9  763s
 258090 249851     cutoff 1012      1071267.36    0.00000   100%   5.9  765s
H258890 250295                    1066236.2023    0.00000   100%   5.8  766s
H259113 250515                    1065681.4691    0.00000   100%   5.8  767s
 260455 251513 infeasible 1332      1065681.47    0.00000   100%   5.8  770s
H261070 251688                    1060218.6167    0.00000   100%   5.8  772s
H262172 252706                    1060168.1147    0.00000   100%   5.8  775s
H262191 252705                    1059548.8184    0.00000   100%   5.8  775s
H263615 254088                    1059517.2212    0.00000   100%   5.8  779s
H263746 254088                    1059510.3903    0.00000   100%   5.8  779s
 263747 254304 1046904.60  594  298 1059510.39    0.00000   100%   5.8  780s
H264329 254685                    1059476.8465    0.00000   100%   5.9  785s
H265214 255446                    1059457.1913    0.00000   100%   5.9  788s
 265584 256005 479453.978  297  288 1059457.19    0.00000   100%   5.9  790s
H265606 256005                    1058925.2018    0.00000   100%   5.9  790s
H267196 257301                    1058872.0028    0.00000   100%   5.9  794s
 267464 257664 864408.368  760  177 1058872.00    0.00000   100%   5.9  795s
H268481 258798                    1058818.8038    0.00000   100%   5.9  798s
 269322 259709 875910.722 1528  131 1058818.80    0.00000   100%   6.0  800s
H269885 259882                    1058659.2070    0.00000   100%   6.0  801s
H271190 261010                    1058606.0080    0.00000   100%   5.9  804s
 271515 261213 876080.106 2990  129 1058606.01    0.00000   100%   5.9  805s
H272600 262441                    1058575.1472    0.00000   100%   5.9  807s
 274776 264814 879474.745 4218  123 1058575.15    0.00000   100%   5.9  810s
H275341 264880                    1058552.8091    0.00000   100%   5.9  811s
H275388 264876                    1058286.8143    0.00000   100%   5.9  811s
H276468 265956                    1058233.6153    0.00000   100%   5.9  814s
 276818 266313 915761.214 5453  119 1058233.62    0.00000   100%   5.9  815s
H278240 267627                    1058180.4164    0.00000   100%   5.9  817s
H279395 268853                    1058127.2174    0.00000   100%   5.9  819s
H279561 268851                    1058074.0185    0.00000   100%   5.9  819s
 279567 269424 910055.827 7416  107 1058074.02    0.00000   100%   5.9  820s
H281132 270574                    1058020.8195    0.00000   100%   5.9  822s
H282511 271906                    1057967.6206    0.00000   100%   5.8  824s
 282626 271908 915457.308 9409  102 1057967.62    0.00000   100%   5.8  829s
 282678 272158 915457.308 9445  102 1057967.62    0.00000   100%   5.8  830s
H283650 273349                    1057914.4216    0.00000   100%   5.8  832s
H284984 274642                    1057861.2226    0.00000   100%   5.8  834s
H285382 275076                    1057754.8247    0.00000   100%   5.8  835s
H285809 275307                    1057701.6258    0.00000   100%   5.8  835s
H287052 276659                    1057648.4268    0.00000   100%   5.8  837s
H288286 277887                    1057595.2279    0.00000   100%   5.8  839s
 289047 278485 915457.308 14042  101 1057595.23    0.00000   100%   5.8  840s
H289702 279081                    1057542.0289    0.00000   100%   5.8  841s
H291020 280520                    1057488.8300    0.00000   100%   5.7  843s
H291631 280929                    1057382.4321    0.00000   100%   5.7  844s
 291686 281161 963482.863 14132  123 1057382.43    0.00000   100%   5.7  845s
H292873 282307                    1057329.2331    0.00000   100%   5.7  847s
H294113 283422                    1057276.0341    0.00000   100%   5.8  849s
 294267 283577 392197.483  300  302 1057276.03    0.00000   100%   5.8  850s
H295203 284369                    1057222.8352    0.00000   100%   5.8  852s
H296159 285176                    1057169.6362    0.00000   100%   5.8  855s
H297195 286326                    1057116.4373    0.00000   100%   5.9  859s
 297419 286517 985732.391  450  317 1057116.44    0.00000   100%   5.9  860s
H298476 287708                    1057063.2383    0.00000   100%   5.9  863s
 299459 288769 994593.566 1145  256 1057063.24    0.00000   100%   5.9  865s
H299866 288909                    1057010.0394    0.00000   100%   5.9  866s
H299942 288902                    1056744.0446    0.00000   100%   5.9  866s
H301044 290269                    1056690.8456    0.00000   100%   5.9  868s
 301637 290930 997647.839 1925  243 1056690.85    0.00000   100%   5.9  870s
H302406 291390                    1056637.6467    0.00000   100%   5.9  871s
 302918 291814 997647.839 2646  242 1056637.65    0.00000   100%   5.9  875s
H303022 291932                    1056616.0220    0.00000   100%   5.9  876s
H304269 293467                    1056616.0217    0.00000   100%   5.8  879s
 304573 293822 997647.839 3619  243 1056616.02    0.00000   100%   5.8  880s
H305307 294499                    1056519.0223    0.00000   100%   5.8  881s
 307260 296260 1054435.64 4619  262 1056519.02    0.00000   100%   5.9  885s
H307593 296405                    1056518.5522    0.00000   100%   5.9  886s
 308761 297508     cutoff  381      1056518.55    0.00000   100%   5.9  890s
H309338 297984                    1056518.4830    0.00000   100%   5.9  891s
 310468 298797 999887.325  449  317 1056518.48    0.00000   100%   5.9  895s
H311003 299024                    1056424.8509    0.00000   100%   5.9  896s
 311864 299861 365683.974  285  303 1056424.85    0.00000   100%   6.0  900s
 312971 300903 940051.665  354  236 1056424.85    0.00000   100%   6.0  908s
 313418 301290 772333.478  289  241 1056424.85    0.00000   100%   6.0  910s
 315090 302983 1018564.02  818  214 1056424.85    0.00000   100%   6.1  915s
 317478 304902     cutoff 2059      1056424.85    0.00000   100%   6.1  921s
H317590 304902                    1056371.6519    0.00000   100%   6.1  921s
 318102 305421 1018564.02 2363  214 1056371.65    0.00000   100%   6.0  925s
 319453 306641 1031244.23  529  311 1056371.65    0.00000   100%   6.1  930s
 321518 308432 452202.291  285  365 1056371.65    0.00000   100%   6.1  935s
 323441 310567 869742.722  773  305 1056371.65    0.00000   100%   6.1  940s
 326182 313279 869742.722 1699  305 1056371.65    0.00000   100%   6.1  945s
 328257 315278 869783.774 2424  305 1056371.65    0.00000   100%   6.1  950s
 329703 316411 870489.236 2888  305 1056371.65    0.00000   100%   6.1  955s
H330408 317138                    1056318.4530    0.00000   100%   6.1  959s
H330413 316807                    1050343.8796    0.00000   100%   6.1  959s
 330432 316835 875968.726 3040  305 1050343.88    0.00000   100%   6.1  960s
H330433 316810                    1050260.2772    0.00000   100%   6.1  960s
H330437 312508                    1042593.1225    0.00000   100%   6.1  960s
 332351 314588 945626.789 3432  264 1042593.12    0.00000   100%   6.1  965s
H332471 314519                    1041473.7015    0.00000   100%   6.1  965s
 334774 317157 952692.447 4956  252 1041473.70    0.00000   100%   6.1  970s
 336852 319069 961315.308 6081  250 1041473.70    0.00000   100%   6.1  975s
H336983 318903                    1040252.3685    0.00000   100%   6.1  975s
 339598 321848 962873.653 7869  245 1040252.37    0.00000   100%   6.1  980s
 340849 322702 964223.162 8574  243 1040252.37    0.00000   100%   6.0  985s
H340921 322768                    1040199.1695    0.00000   100%   6.0  986s
H341322 323114                    1040039.5727    0.00000   100%   6.1  988s
 341815 323872 964961.730 9273  242 1040039.57    0.00000   100%   6.1  990s
H342533 324641                    1039986.3737    0.00000   100%   6.1  992s
H343700 325508                    1039773.5779    0.00000   100%   6.1  994s
 343783 325880 964961.730 10347  242 1039773.58    0.00000   100%   6.1  995s
H344943 327079                    1039720.3790    0.00000   100%   6.1  997s
H346044 327848                    1039667.1800    0.00000   100%   6.0  999s
 346222 328093 970896.819 11660  222 1039667.18    0.00000   100%   6.0 1000s
H347249 329112                    1039613.9810    0.00000   100%   6.0 1002s
H348278 329976                    1039475.2422    0.00000   100%   6.0 1004s
 348537 330177 973068.761 12569  223 1039475.24    0.00000   100%   6.0 1005s
 350796 332227 971614.180 13489  229 1039475.24    0.00000   100%   6.0 1010s
H350812 332224                    1039454.3842    0.00000   100%   6.0 1010s
H351887 333605                    1039401.1852    0.00000   100%   6.0 1015s
H352671 334000                    1039241.5884    0.00000   100%   6.0 1016s
 353438 334793 904383.977  303  219 1039241.59    0.00000   100%   6.1 1020s
 354905 336097 893122.921  350  240 1039241.59    0.00000   100%   6.1 1025s
H355758 336691                    1039135.1904    0.00000   100%   6.2 1029s
 355804 336803 479765.263  312  287 1039135.19    0.00000   100%   6.2 1030s
 356808 337670     cutoff  323      1039135.19    0.00000   100%   6.3 1040s
H356809 337666                    1039081.9915    0.00000   100%   6.3 1041s
H357188 337956                    1039036.1090    0.00000   100%   6.4 1043s
 357321 338126 435366.754  288  388 1039036.11    0.00000   100%   6.4 1045s
H357867 338675                    1038975.5936    0.00000   100%   6.4 1048s
 358383 339237 829153.162  315  224 1038975.59    0.00000   100%   6.5 1050s
H358914 339643                    1038922.3946    0.00000   100%   6.5 1053s
H359343 339890                    1038869.1957    0.00000   100%   6.6 1054s
 359461 340041 1038321.17  366  317 1038869.20    0.00000   100%   6.6 1055s
 360740 341415 879034.735  519  219 1038869.20    0.00000   100%   6.7 1060s
 362476 343460 880516.381  982  215 1038869.20    0.00000   100%   6.7 1065s
 364474 345425 885800.930 1797  208 1038869.20    0.00000   100%   6.7 1070s
H365798 346255                    1038815.9967    0.00000   100%   6.7 1072s
 366865 347603 970941.460 2589  165 1038816.00    0.00000   100%   6.7 1075s
H367052 347594                    1038762.7978    0.00000   100%   6.7 1075s
H367966 348348                    1038656.3998    0.00000   100%   6.7 1076s
H369254 350135                    1038603.2009    0.00000   100%   6.7 1079s
 369810 350560 1001176.33 4351  158 1038603.20    0.00000   100%   6.7 1080s
H370749 351327                    1038550.0019    0.00000   100%   6.7 1082s
 371767 352303 1024898.34 5061  144 1038550.00    0.00000   100%   6.7 1085s
H372678 352952                    1038536.0370    0.00000   100%   6.7 1087s
H372813 353133                    1038535.5590    0.00000   100%   6.7 1088s
H373230 353400                    1038448.5665    0.00000   100%   6.7 1089s
 373357 353543     cutoff  364      1038448.57    0.00000   100%   6.7 1090s
 373893 353947 976559.296  374  319 1038448.57    0.00000   100%   6.7 1095s
H374189 354157                    1038443.6040    0.00000   100%   6.7 1097s
 374955 354854     cutoff  401      1038443.60    0.00000   100%   6.8 1100s
H375350 355147                    1038442.2989    0.00000   100%   6.8 1102s
H375692 355370                    1038335.9010    0.00000   100%   6.8 1103s
 375953 355591 1004006.85  422  319 1038335.90    0.00000   100%   6.8 1105s
 377407 356707     cutoff  468      1038335.90    0.00000   100%   6.9 1110s
 378455 357492     cutoff  503      1038335.90    0.00000   100%   6.9 1115s
H378462 357491                    1038317.4518    0.00000   100%   6.9 1115s
H378893 357625                    1038284.0072    0.00000   100%   7.0 1120s
 379772 358312     cutoff  596      1038284.01    0.00000   100%   7.0 1125s
 381065 359069 1028782.62  718  313 1038284.01    0.00000   100%   7.1 1130s
 382321 359789 981189.384  855  315 1038284.01    0.00000   100%   7.1 1135s
 383360 360401 1028794.13  974  313 1038284.01    0.00000   100%   7.2 1140s
 383983 360634 981189.972 1033  315 1038284.01    0.00000   100%   7.2 1145s
 384873 361289     cutoff 1125      1038284.01    0.00000   100%   7.2 1150s
 385957 361841 981190.678 1243  315 1038284.01    0.00000   100%   7.3 1155s
 386749 362654 981190.956 1331  315 1038284.01    0.00000   100%   7.3 1160s
 388238 363346 1008035.69 1461  316 1038284.01    0.00000   100%   7.4 1165s
 389004 363683 981191.613 1539  315 1038284.01    0.00000   100%   7.4 1171s
 389730 364114     cutoff 1631      1038284.01    0.00000   100%   7.5 1175s
 390760 364568     cutoff 1771      1038284.01    0.00000   100%   7.5 1180s
 391432 364825 1028819.53 1858  313 1038284.01    0.00000   100%   7.5 1185s
H391738 364840                    1038283.7802    0.00000   100%   7.5 1186s
H391741 364838                    1038274.4119    0.00000   100%   7.5 1186s
H391797 364820                    1038230.8082    0.00000   100%   7.5 1186s
H391820 363501                    1035329.0403    0.00000   100%   7.5 1188s
H391923 361487                    1029833.4316    0.00000   100%   7.5 1188s
H392032 361365                    1029707.2280    0.00000   100%   7.5 1189s
 392083 361426 1002083.20  308  213 1029707.23    0.00000   100%   7.6 1190s
H392165 360650                    1027750.6140    0.00000   100%   7.6 1190s
H392325 360050                    1026420.6402    0.00000   100%   7.6 1192s
 393192 361047 433687.419  297  298 1026420.64    0.00000   100%   7.6 1195s
H393828 357119                    1023243.3361    0.00000   100%   7.6 1196s
H394251 357115                    1023228.7029    0.00000   100%   7.6 1199s
 394252 357127 1022461.89  347  215 1023228.70    0.00000   100%   7.6 1200s
H394502 357281                    1023122.3050    0.00000   100%   7.7 1203s
H394807 357324                    1023069.1060    0.00000   100%   7.7 1204s
 394903 357477 940155.909  475  164 1023069.11    0.00000   100%   7.7 1205s
H395194 357763                    1023015.9070    0.00000   100%   7.7 1207s
 396131 358571     cutoff  376      1023015.91    0.00000   100%   7.7 1210s
H396133 358571                    1023007.7429    0.00000   100%   7.7 1210s
H397189 357112                    1021929.9455    0.00000   100%   7.7 1212s
H397582 355905                    1021499.3174    0.00000   100%   7.7 1214s
 397991 356124     cutoff  602      1021499.32    0.00000   100%   7.7 1216s
H398121 349139                    1018387.5979    0.00000   100%   7.7 1216s
H399216 349419                    1018334.3990    0.00000   100%   7.7 1221s
H399219 345797                    1017436.7997    0.00000   100%   7.7 1221s
H399854 346066                    1017430.0168    0.00000   100%   7.7 1223s
H399971 345827                    1017340.1988    0.00000   100%   7.7 1223s
 400498 346443 988305.780 1672  218 1017340.20    0.00000   100%   7.7 1225s
H401750 347229                    1017270.4199    0.00000   100%   7.8 1234s
 401752 347364 435076.422  310  287 1017270.42    0.00000   100%   7.8 1235s
H401956 347249                    1016661.1446    0.00000   100%   7.8 1236s
 402727 348077 533779.244  280  380 1016661.14    0.00000   100%   7.8 1241s
H403041 347904                    1016252.9192    0.00000   100%   7.8 1242s
H403320 347889                    1015999.9153    0.00000   100%   7.9 1244s
 403405 347962 995961.338  294  218 1015999.92    0.00000   100%   7.9 1245s
H404512 349289                    1015993.6450    0.00000   100%   7.9 1249s
 404845 349911 868574.810  598  312 1015993.64    0.00000   100%   7.9 1251s
H406226 350899                    1015940.4460    0.00000   100%   7.9 1253s
 406945 351654     cutoff  890      1015940.45    0.00000   100%   7.9 1255s
H406946 351589                    1015924.1405    0.00000   100%   7.9 1255s
H407444 351816                    1015780.8491    0.00000   100%   7.9 1256s
 408791 353506 972392.001  347  177 1015780.85    0.00000   100%   7.9 1260s
H409051 353487                    1015727.6502    0.00000   100%   7.9 1260s
H410383 354813                    1015674.4512    0.00000   100%   7.9 1264s
 410895 355384 973107.383  830  171 1015674.45    0.00000   100%   7.9 1265s
H411466 355415                    1015621.2523    0.00000   100%   7.9 1269s
H411532 355162                    1015408.4565    0.00000   100%   7.9 1270s
H413045 356768                    1015355.2575    0.00000   100%   7.9 1273s
 413684 357571 974554.647 1390  169 1015355.26    0.00000   100%   7.9 1276s
H414176 357775                    1015302.0585    0.00000   100%   7.9 1277s
H415508 359309                    1015248.8596    0.00000   100%   7.9 1280s
H416521 358733                    1015195.6606    0.00000   100%   7.9 1282s
H417223 359570                    1015185.6463    0.00000   100%   7.9 1284s
 417679 360007 985985.246 2258  157 1015185.65    0.00000   100%   7.9 1285s
H418884 361170                    1015095.2946    0.00000   100%   7.9 1289s
 419398 361598 985986.456 2663  156 1015095.29    0.00000   100%   7.9 1290s
H420004 361919                    1015089.2627    0.00000   100%   7.9 1291s
H421045 363074                    1015036.0638    0.00000   100%   7.9 1294s
 421342 363311 990088.116 3105  281 1015036.06    0.00000   100%   7.9 1295s
 422482 364262 35221.7657  264  360 1015036.06    0.00000   100%   7.9 1300s
 423545 365279 827527.130  299  330 1015036.06    0.00000   100%   8.0 1305s
 424479 366139 432572.532  306  295 1015036.06    0.00000   100%   8.0 1310s
 425979 367418 764929.194  301  235 1015036.06    0.00000   100%   8.0 1315s
H426220 367605                    1014982.8648    0.00000   100%   8.1 1315s
H427566 367974                    1014929.6659    0.00000   100%   8.1 1319s
 427710 368436 936585.606  564  284 1014929.67    0.00000   100%   8.1 1320s
H428842 369205                    1014876.4669    0.00000   100%   8.1 1322s
H429951 370635                    1014823.2680    0.00000   100%   8.1 1325s
H431188 371827                    1014770.0690    0.00000   100%   8.0 1328s
H432767 373163                    1014716.8700    0.00000   100%   8.0 1329s
 432993 373514 943626.732 2853  256 1014716.87    0.00000   100%   8.0 1330s
 434725 375387 949240.880 3324  246 1014716.87    0.00000   100%   8.0 1335s
H435600 375880                    1014703.6072    0.00000   100%   8.0 1336s
 437761 378291 949468.336 4962  245 1014703.61    0.00000   100%   8.0 1340s
 439755 379921 950425.792 5885  242 1014703.61    0.00000   100%   7.9 1346s
H439757 380111                    1014703.4323    0.00000   100%   7.9 1347s
H439947 380452                    1014675.8738    0.00000   100%   7.9 1348s
 441021 381390 951019.014 6237  240 1014675.87    0.00000   100%   7.9 1350s
H442849 382464                    1014632.2884    0.00000   100%   7.9 1354s
 442875 382671 951019.014 7407  240 1014632.29    0.00000   100%   7.9 1355s
H444134 383584                    1014612.5774    0.00000   100%   7.9 1358s
 444381 383913 954610.879 8382  240 1014612.58    0.00000   100%   7.9 1360s
 445887 384437     cutoff  299      1014612.58    0.00000   100%   7.9 1365s
H445910 384404                    1014580.7879    0.00000   100%   7.9 1365s
 446730 384506     cutoff  315      1014580.79    0.00000   100%   8.0 1370s
H446766 384503                    1014557.2732    0.00000   100%   8.0 1370s
 447647 384642 643767.632  277  353 1014557.27    0.00000   100%   8.0 1375s
H447773 384639                    1014547.8142    0.00000   100%   8.0 1376s
 448416 384923 776606.069  363  229 1014547.81    0.00000   100%   8.0 1381s
H448954 385287                    1014504.0742    0.00000   100%   8.0 1384s
 449029 385543 794663.375  523  191 1014504.07    0.00000   100%   8.0 1385s
H450158 386365                    1014450.8753    0.00000   100%   8.0 1388s
H450525 386312                    1014320.8718    0.00000   100%   8.0 1388s
 450923 386684 809615.568 1357  153 1014320.87    0.00000   100%   8.0 1390s
H451969 387386                    1014238.0794    0.00000   100%   8.0 1393s
 452628 387953 811911.169 1999  149 1014238.08    0.00000   100%   8.0 1395s
H452992 383196                    1011292.7299    0.00000   100%   8.0 1395s
H453854 370638                    1007604.9763    0.00000   100%   8.0 1398s
 454510 371371 819803.621 3245  133 1007604.98    0.00000   100%   8.0 1400s
 456718 373299 817555.453 4016  131 1007604.98    0.00000   100%   8.0 1405s
H457310 373361                    1007351.4087    0.00000   100%   8.0 1406s
 458623 374406 817612.790 5590  129 1007351.41    0.00000   100%   8.0 1411s
H458793 370638                    1005885.5609    0.00000   100%   8.0 1412s
 459278 371439 822951.109 6056  127 1005885.56    0.00000   100%   8.0 1415s
H461369 372976                    1005877.1473    0.00000   100%   8.0 1419s
 461562 373479 823209.616 7117  126 1005877.15    0.00000   100%   8.0 1420s
H463129 374857                    1005686.2402    0.00000   100%   8.0 1424s
 463416 375243 827640.853 7890  124 1005686.24    0.00000   100%   8.0 1425s
H464210 375681                    1005662.5565    0.00000   100%   8.0 1427s
 466084 378371 899720.795 9439  120 1005662.56    0.00000   100%   8.0 1430s
 469970 382140 902448.329 11651  118 1005662.56    0.00000   100%   7.9 1435s
H470911 382481                    1005566.6498    0.00000   100%   7.9 1440s
H471190 382574                    1005513.4508    0.00000   100%   7.9 1441s
H472738 384618                    1005460.2519    0.00000   100%   7.9 1443s
 474731 386203 906792.515 14380  115 1005460.25    0.00000   100%   7.9 1445s
H477319 388718                    1005438.3317    0.00000   100%   7.8 1449s
 477786 389301 941565.646 14381  145 1005438.33    0.00000   100%   7.8 1450s
H478516 389876                    1005438.3265    0.00000   100%   7.8 1451s
H478788 389955                    1005438.3230    0.00000   100%   7.8 1452s
 479375 390776 516793.767  329  288 1005438.32    0.00000   100%   7.8 1455s
H479705 388507                    1005300.6550    0.00000   100%   7.8 1455s
H480806 389495                    1005247.4560    0.00000   100%   7.8 1458s
 481581 390137 1000252.09  441  309 1005247.46    0.00000   100%   7.8 1460s
 483555 391826 948307.295  336  221 1005247.46    0.00000   100%   7.8 1465s
 485878 394379 855707.389  616  202 1005247.46    0.00000   100%   7.8 1470s
 487045 395207 855830.968  887  202 1005247.46    0.00000   100%   7.8 1475s
 488751 397021 857300.098 1076  197 1005247.46    0.00000   100%   7.8 1480s
 491029 399433 893082.076 1295  206 1005247.46    0.00000   100%   7.8 1485s
 492312 400530 859861.372 1470  188 1005247.46    0.00000   100%   7.8 1490s
H493856 397143                    1004130.2780    0.00000   100%   7.8 1493s
H493868 397071                    1004077.0790    0.00000   100%   7.8 1494s
H493883 396887                    1004023.8801    0.00000   100%   7.8 1495s
H493928 368502                    998118.79604    0.00000   100%   7.8 1495s
H494237 368589                    997959.19918    0.00000   100%   7.8 1496s
 494911 369226 875611.823 2105  160 997959.199    0.00000   100%   7.9 1500s
H495391 369652                    997906.00022    0.00000   100%   7.9 1502s
H495753 369365                    997799.60231    0.00000   100%   7.9 1503s
 496015 369930 875996.774 2566  160 997799.602    0.00000   100%   7.9 1505s
H496991 370738                    997746.40336    0.00000   100%   7.9 1507s
 497641 371264 876150.569 2952  156 997746.403    0.00000   100%   7.9 1512s
H497883 366609                    997640.00545    0.00000   100%   7.9 1513s
 498222 367208 876311.203 3085  158 997640.005    0.00000   100%   7.9 1515s
 500378 369273 876311.203 3562  158 997640.005    0.00000   100%   7.9 1520s
 502218 371177 879202.858 3985  156 997640.005    0.00000   100%   7.9 1525s
H502970 371027                    997586.80649    0.00000   100%   8.0 1528s
H503188 370991                    997574.30548    0.00000   100%   8.0 1528s
 503482 371258 884183.425 4254  152 997574.305    0.00000   100%   8.0 1530s
 504431 372214 884928.424 4579  244 997574.305    0.00000   100%   8.0 1535s
 505483 373054 913734.786 4956  269 997574.305    0.00000   100%   8.1 1540s
H505641 372441                    997480.40858    0.00000   100%   8.1 1544s
 505697 372571 884928.424 5045  245 997480.409    0.00000   100%   8.1 1545s
H506878 364107                    992294.85179    0.00000   100%   8.1 1549s
 507044 364393 884928.424 5292  244 992294.852    0.00000   100%   8.1 1550s
H507733 365079                    992221.60525    0.00000   100%   8.1 1552s
H508554 365686                    992037.46478    0.00000   100%   8.1 1554s
 508827 366067 884928.424 5560  244 992037.465    0.00000   100%   8.1 1555s
H508932 355858                    989136.05312    0.00000   100%   8.1 1555s
 510452 357217 884928.424 5857  245 989136.053    0.00000   100%   8.1 1560s
H510994 354537                    988068.12524    0.00000   100%   8.1 1562s
H511437 354594                    987774.85667    0.00000   100%   8.2 1563s
 511857 354873 889593.035 6389  138 987774.857    0.00000   100%   8.2 1565s
 512548 355387 889593.035 6673  138 987774.857    0.00000   100%   8.2 1571s
H512549 355347                    987691.80084    0.00000   100%   8.2 1571s
 513137 356312 889593.035 6814  138 987691.801    0.00000   100%   8.2 1575s
H513841 356638                    987532.20397    0.00000   100%   8.2 1577s
H513938 345717                    983202.95825    0.00000   100%   8.2 1577s
H514126 345991                    983063.49174    0.00000   100%   8.2 1579s
H514539 346361                    983062.01295    0.00000   100%   8.2 1580s
H515290 340888                    980022.23039    0.00000   100%   8.2 1582s
H516094 341523                    980018.38676    0.00000   100%   8.2 1584s
 516246 341895 922933.660 7558  164 980018.387    0.00000   100%   8.2 1585s
H516412 341856                    979983.39377    0.00000   100%   8.2 1585s
H517763 343173                    979983.38037    0.00000   100%   8.2 1589s
 517935 343528 894842.775 8048  136 979983.380    0.00000   100%   8.2 1590s
H518465 343719                    979893.37453    0.00000   100%   8.2 1591s
H518702 343400                    979203.43961    0.00000   100%   8.2 1592s
 519596 344458 895170.457 8517  134 979203.440    0.00000   100%   8.2 1595s
H520371 344853                    979171.46321    0.00000   100%   8.2 1597s
 521090 345968 896192.723 9036  126 979171.463    0.00000   100%   8.2 1600s
H521487 346162                    979057.18133    0.00000   100%   8.2 1600s
 523141 347907 898821.480 9739  124 979057.181    0.00000   100%   8.2 1605s
H523774 348277                    978967.17220    0.00000   100%   8.2 1607s
 524618 349001 898773.743 10100  123 978967.172    0.00000   100%   8.3 1612s
H524841 349271                    978913.97324    0.00000   100%   8.3 1614s
 525230 349706 898773.743 10268  123 978913.973    0.00000   100%   8.3 1615s
 526494 350920 898773.743 10553  123 978913.973    0.00000   100%   8.3 1620s
H526766 351041                    978807.57533    0.00000   100%   8.3 1621s
 527517 351915 933483.188 10848  266 978807.575    0.00000   100%   8.3 1625s
H528185 352551                    978754.37638    0.00000   100%   8.3 1627s
H528786 352973                    978701.17742    0.00000   100%   8.4 1629s
 528884 353267 898773.743 11171  123 978701.177    0.00000   100%   8.4 1630s
H529819 353946                    978594.77951    0.00000   100%   8.4 1633s
H529961 354163                    978541.58056    0.00000   100%   8.4 1634s
 530228 354338 898773.743 11491  123 978541.581    0.00000   100%   8.4 1635s
 530997 354936 898773.743 11684  123 978541.581    0.00000   100%   8.4 1641s
H530999 354902                    978488.38160    0.00000   100%   8.4 1641s
 531682 355890 898773.743 11859  123 978488.382    0.00000   100%   8.5 1645s
H532311 356453                    978435.18265    0.00000   100%   8.5 1647s
 533347 357404 898773.743 12287  123 978435.183    0.00000   100%   8.5 1650s
H534533 358509                    978369.29045    0.00000   100%   8.5 1654s
 534651 358824 898773.743 12687  123 978369.290    0.00000   100%   8.5 1655s
H534966 359046                    978357.83653    0.00000   100%   8.5 1657s
H535880 360165                    978341.57396    0.00000   100%   8.5 1660s
 537327 361414 901352.571 13397  124 978341.574    0.00000   100%   8.5 1665s
H537908 361725                    978328.78474    0.00000   100%   8.6 1671s
 538251 362374 901805.349 13641  123 978328.785    0.00000   100%   8.6 1675s
 539680 363848 902295.738 14040  231 978328.785    0.00000   100%   8.6 1680s
 541001 365019 905241.755 14387  118 978328.785    0.00000   100%   8.6 1685s
 542091 365862 914008.060  404  322 978328.785    0.00000   100%   8.6 1690s
 543156 366677 388884.269  264  303 978328.785    0.00000   100%   8.7 1695s
H544255 367831                    978327.29512    0.00000   100%   8.7 1699s
 544447 368452 914052.995  486  213 978327.295    0.00000   100%   8.7 1701s
 546586 370412 949236.758 1213  179 978327.295    0.00000   100%   8.7 1705s
H546868 370392                    978317.20048    0.00000   100%   8.7 1705s
H548422 372166                    978288.39160    0.00000   100%   8.7 1710s
H549168 372441                    978275.58578    0.00000   100%   8.7 1712s
 549929 373125     cutoff  332      978275.586    0.00000   100%   8.7 1715s
 550586 373803 859129.703  283  319 978275.586    0.00000   100%   8.8 1721s
 552311 375423 966804.418  999  304 978275.586    0.00000   100%   8.8 1725s
 553951 376830 572323.218  262  282 978275.586    0.00000   100%   8.8 1730s
 555263 377903 363757.747  239  372 978275.586    0.00000   100%   8.8 1735s
H555411 377927                    978222.38683    0.00000   100%   8.8 1735s
H556881 379400                    978169.18787    0.00000   100%   8.8 1740s
 557635 380043 969648.407  307  322 978169.188    0.00000   100%   8.9 1751s
H557929 380237                    978115.98892    0.00000   100%   8.9 1753s
 558330 380784 781268.627  306  235 978115.989    0.00000   100%   8.9 1755s
H559191 381962                    978062.78996    0.00000   100%   8.9 1757s
 560795 383255 893230.977 1107  216 978062.790    0.00000   100%   8.9 1760s
H561524 384024                    977956.39205    0.00000   100%   8.9 1761s
 562585 385113 891819.147 1573  216 977956.392    0.00000   100%   8.9 1765s
 564634 386965 919299.895 2177  183 977956.392    0.00000   100%   8.9 1770s
 566643 389271 947152.881 2606  176 977956.392    0.00000   100%   8.9 1775s
 568545 391082 943970.307 2948  174 977956.392    0.00000   100%   8.8 1780s
H569781 392047                    977903.19310    0.00000   100%   8.8 1783s
 570186 392314 429461.902  247  294 977903.193    0.00000   100%   8.8 1785s
 571322 393348 351344.545  240  306 977903.193    0.00000   100%   8.9 1790s
 572297 394102 966135.420  304  316 977903.193    0.00000   100%   8.9 1795s
H572808 394188                    977871.27769    0.00000   100%   9.0 1799s
 572831 394296 487189.961  251  287 977871.278    0.00000   100%   9.0 1800s
H574601 396420                    977849.99414    0.00000   100%   9.0 1805s
 576636 398402 791753.565 1472  333 977849.994    0.00000   100%   9.0 1810s
 578267 399934 791779.521 1966  333 977849.994    0.00000   100%   8.9 1815s
 578951 400244 791790.779 2230  333 977849.994    0.00000   100%   8.9 1820s
 579683 400931 793651.922 2557  332 977849.994    0.00000   100%   8.9 1825s
 580527 401742     cutoff 2783      977849.994    0.00000   100%   9.0 1830s
 580991 402063 504539.300  248  277 977849.994    0.00000   100%   9.1 1835s
 582376 403562 869742.969  891  171 977849.994    0.00000   100%   9.1 1841s
 584265 405137 900843.025 2451  151 977849.994    0.00000   100%   9.1 1846s
 585194 406379 906685.998 2905  123 977849.994    0.00000   100%   9.1 1850s
H587542 397787                    972601.14579    0.00000   100%   9.1 1855s
H587546 397772                    972570.59186    0.00000   100%   9.1 1855s
 588461 399081 907722.221 5933  120 972570.592    0.00000   100%   9.1 1860s
H588831 398652                    972317.30281    0.00000   100%   9.1 1860s
H588891 397927                    972116.03820    0.00000   100%   9.1 1864s
 589069 398272 907722.221 6468  119 972116.038    0.00000   100%   9.1 1866s
H589094 394410                    971306.52266    0.00000   100%   9.1 1866s
 590377 395754 907722.221 7364  119 971306.523    0.00000   100%   9.1 1870s
 592125 397702 907722.221 8538  119 971306.523    0.00000   100%   9.1 1875s
 594791 400299 907722.221 9894  120 971306.523    0.00000   100%   9.1 1880s
 597625 402981 908052.519 11579  119 971306.523    0.00000   100%   9.0 1885s
H598991 402134                    970402.14042    0.00000   100%   9.0 1887s
H600310 403521                    970348.94147    0.00000   100%   9.0 1889s
 600835 404190 912944.163 12579  119 970348.941    0.00000   100%   9.0 1890s
H601539 404463                    970082.94669    0.00000   100%   9.0 1891s
H603021 405967                    969976.54878    0.00000   100%   9.0 1894s
H603558 406275                    969923.34983    0.00000   100%   9.0 1894s
 603681 406561 923516.964 13816  116 969923.350    0.00000   100%   9.0 1895s
 604649 407306 923516.964 14343  116 969923.350    0.00000   100%   9.0 1900s
H604667 405262                    969416.28402    0.00000   100%   9.0 1900s
H605045 405678                    969363.36220    0.00000   100%   9.0 1901s
H605500 406029                    969203.08013    0.00000   100%   9.0 1903s
H605796 406259                    969178.56446    0.00000   100%   9.0 1904s
 606143 406601 932138.150  263  221 969178.564    0.00000   100%   9.0 1905s
H606573 407185                    969148.70270    0.00000   100%   9.0 1907s
H607077 407650                    969125.36550    0.00000   100%   9.0 1907s
H608237 408617                    969072.16655    0.00000   100%   9.0 1910s
H608761 408804                    969040.57865    0.00000   100%   9.0 1911s
 609868 410024     cutoff  344      969040.579    0.00000   100%   9.0 1915s
H612018 411368                    969018.96759    0.00000   100%   9.0 1919s
 612307 411480     cutoff  510      969018.968    0.00000   100%   9.0 1922s
 612624 411756 963112.824  549  218 969018.968    0.00000   100%   9.0 1925s
 613889 412523     cutoff  704      969018.968    0.00000   100%   9.0 1930s
 615564 413532     cutoff  894      969018.968    0.00000   100%   9.0 1935s
H617421 414632                    968965.76864    0.00000   100%   9.0 1939s
 617679 414735     cutoff 1118      968965.769    0.00000   100%   9.0 1940s
H618729 415588                    968949.68269    0.00000   100%   9.0 1942s
 620027 416562     cutoff 1294      968949.683    0.00000   100%   9.0 1945s
 621100 417243     cutoff 1363      968949.683    0.00000   100%   9.0 1951s
H621101 417218                    968912.56968    0.00000   100%   9.0 1951s
H621392 417388                    968806.17177    0.00000   100%   9.0 1953s
 621946 418005     cutoff 1420      968806.172    0.00000   100%   9.0 1955s
H622761 407903                    964720.96617    0.00000   100%   8.9 1957s
H623148 396202                    961890.30760    0.00000   100%   9.0 1958s
H623336 396061                    961704.91976    0.00000   100%   9.0 1959s
H623439 396176                    961699.68722    0.00000   100%   9.0 1959s
 623574 396264 944804.437  258  233 961699.687    0.00000   100%   9.0 1960s
H623874 396272                    961525.26702    0.00000   100%   9.0 1962s
 624437 397083 822851.496  325  312 961525.267    0.00000   100%   9.0 1965s
 626256 398666 870234.857  825  275 961525.267    0.00000   100%   9.0 1970s
H627155 399230                    961457.78316    0.00000   100%   9.0 1973s
H627220 399284                    961441.20551    0.00000   100%   9.0 1974s
H627262 399088                    961305.11910    0.00000   100%   9.0 1974s
 627263 399221 877880.802 1244  274 961305.119    0.00000   100%   9.0 1975s
 628101 400016 878976.838 1593  270 961305.119    0.00000   100%   9.1 1980s
 628298 400083 878976.838 1665  270 961305.119    0.00000   100%   9.1 1985s
H628299 400053                    961276.58333    0.00000   100%   9.1 1985s
H628321 400068                    961251.92014    0.00000   100%   9.1 1986s
 628671 400402 879211.247 1799  269 961251.920    0.00000   100%   9.1 1990s
 629534 401386 887311.371 2128  266 961251.920    0.00000   100%   9.2 1995s
 631009 402555 887311.476 2637  266 961251.920    0.00000   100%   9.2 2000s
H631597 403092                    961230.15006    0.00000   100%   9.2 2003s
 631932 403366 887311.552 3078  266 961230.150    0.00000   100%   9.2 2005s
H632022 403329                    961172.02686    0.00000   100%   9.2 2006s
 632624 404093 887311.608 3404  266 961172.027    0.00000   100%   9.3 2010s
 634304 406289 887311.684 3840  266 961172.027    0.00000   100%   9.3 2015s
 635542 406843 887311.720 4054  266 961172.027    0.00000   100%   9.3 2021s
H635544 406965                    961145.52223    0.00000   100%   9.3 2022s
H635832 407198                    961048.09465    0.00000   100%   9.3 2024s
 635989 407682 887311.722 4156  266 961048.095    0.00000   100%   9.3 2025s
 637795 409511 887311.722 4580  266 961048.095    0.00000   100%   9.2 2030s
H638858 410220                    961039.12432    0.00000   100%   9.2 2033s
H639952 411369                    960985.92537    0.00000   100%   9.2 2035s
H640734 411974                    960879.52746    0.00000   100%   9.2 2037s
 641779 413239 888741.985 5466  259 960879.527    0.00000   100%   9.2 2040s
H641951 413201                    960826.32850    0.00000   100%   9.2 2040s
H643066 414282                    960773.12955    0.00000   100%   9.2 2043s
H643972 415052                    960613.53268    0.00000   100%   9.2 2044s
 644181 415511 890464.127 5989  258 960613.533    0.00000   100%   9.2 2045s
 646476 417780 890474.560 6483  258 960613.533    0.00000   100%   9.2 2050s
H647068 418150                    960588.80240    0.00000   100%   9.2 2051s
 649001 420189 893258.540 7074  250 960588.802    0.00000   100%   9.2 2055s
H649517 420516                    960586.34285    0.00000   100%   9.2 2056s
 649874 420731 893919.686 7340  247 960586.343    0.00000   100%   9.2 2061s
H650314 421319                    960585.21665    0.00000   100%   9.2 2065s
H650410 421290                    960532.03502    0.00000   100%   9.2 2065s
H650484 421420                    960507.13477    0.00000   100%   9.2 2066s
 651376 422361 893919.945 7815  247 960507.135    0.00000   100%   9.2 2070s
H651659 413759                    955481.81635    0.00000   100%   9.3 2071s
H652179 412627                    955099.22112    0.00000   100%   9.3 2074s
H652286 412094                    954761.64762    0.00000   100%   9.3 2075s
 653863 414024 897587.551 8614  251 954761.648    0.00000   100%   9.3 2080s
H654286 412468                    954389.25493    0.00000   100%   9.3 2081s
H655669 413471                    954336.05598    0.00000   100%   9.3 2084s
 655774 413864 906196.412 9127  248 954336.056    0.00000   100%   9.3 2085s
H656167 414073                    954282.85702    0.00000   100%   9.3 2086s
H656430 410852                    952686.88837    0.00000   100%   9.3 2087s
 657082 411479 914723.827 9466  242 952686.888    0.00000   100%   9.3 2090s
 658293 412851 910850.697 9681  243 952686.888    0.00000   100%   9.3 2095s
 660271 414832 913363.744 10037  242 952686.888    0.00000   100%   9.3 2100s
 661029 415702 913044.324 10148  242 952686.888    0.00000   100%   9.3 2105s
 662831 417430 913044.937 10413  242 952686.888    0.00000   100%   9.3 2110s
H663582 417835                    952680.00534    0.00000   100%   9.3 2112s
 664533 419087 913111.603 10696  242 952680.005    0.00000   100%   9.3 2115s
H664911 418955                    952626.80638    0.00000   100%   9.3 2116s
H665235 419172                    952580.49046    0.00000   100%   9.3 2117s
 665773 419858 924247.493 10952  242 952580.490    0.00000   100%   9.3 2120s
H666580 420406                    952527.29150    0.00000   100%   9.3 2122s
H667931 421472                    952474.09255    0.00000   100%   9.3 2124s
 668308 421718 926164.707 11495  235 952474.093    0.00000   100%   9.3 2125s
 671286 423744 926240.736 12205  234 952474.093    0.00000   100%   9.3 2131s
H671363 423844                    952420.89359    0.00000   100%   9.3 2132s
H672521 424856                    952367.69464    0.00000   100%   9.2 2135s
H672679 423684                    952208.09777    0.00000   100%   9.2 2135s
 675560 426223 847455.943  262  224 952208.098    0.00000   100%   9.2 2140s
 676556 426625    0.00000  216  361 952208.098    0.00000   100%   9.2 2145s
 677243 427722 928346.211  708  179 952208.098    0.00000   100%   9.3 2150s
 679188 428791    0.00000  223  383 952208.098    0.00000   100%   9.3 2155s
 679399 428891 829834.036  250  322 952208.098    0.00000   100%   9.3 2162s
H679516 428979                    952154.89882    0.00000   100%   9.3 2164s
 679591 429025 568557.021  221  288 952154.899    0.00000   100%   9.3 2165s
 680813 430549 899498.649  920  186 952154.899    0.00000   100%   9.4 2170s
H681009 430502                    952101.69986    0.00000   100%   9.4 2170s
H682316 431827                    952048.50091    0.00000   100%   9.3 2172s
H683683 432699                    951995.30195    0.00000   100%   9.3 2175s
H684886 433897                    951942.10300    0.00000   100%   9.3 2177s
 685584 434603 906570.811 4941  167 951942.103    0.00000   100%   9.3 2180s
H686155 434848                    951888.90404    0.00000   100%   9.3 2182s
H687374 436192                    951835.70509    0.00000   100%   9.3 2185s
H688745 437300                    951782.50613    0.00000   100%   9.3 2189s
 689105 437591 906570.811 7631  167 951782.506    0.00000   100%   9.3 2190s
H689490 437839                    951757.27426    0.00000   100%   9.3 2191s
H690982 438883                    951742.21572    0.00000   100%   9.3 2195s
H692012 439877                    951729.30718    0.00000   100%   9.3 2198s
 692704 440246     cutoff 10006      951729.307    0.00000   100%   9.3 2200s
H693322 440476                    951710.20730    0.00000   100%   9.3 2201s
H693830 440523                    951703.93176    0.00000   100%   9.3 2203s
 694181 441389 881562.554  425  206 951703.932    0.00000   100%   9.3 2205s
H695780 442252                    951676.10822    0.00000   100%   9.3 2207s
 696216 442596    0.00000  207  367 951676.108    0.00000   100%   9.3 2235s
H696217 442539                    951622.90927    0.00000   100%   9.3 2235s
H696333 442584                    951603.39327    0.00000   100%   9.3 2237s
 696568 442729 662096.414  222  354 951603.393    0.00000   100%   9.4 2240s
 697581 443504 938835.052  609  210 951603.393    0.00000   100%   9.4 2245s
H697805 443642                    951569.71031    0.00000   100%   9.4 2246s
 698535 443895 938836.959  968  210 951569.710    0.00000   100%   9.4 2250s
 699346 444073 infeasible  248      951569.710    0.00000   100%   9.4 2255s
H699370 444015                    951463.31240    0.00000   100%   9.4 2255s
 700540 445182 343822.763  206  376 951463.312    0.00000   100%   9.4 2260s
H700565 445141                    951410.11345    0.00000   100%   9.4 2260s
H701318 445469                    951386.73200    0.00000   100%   9.4 2262s
 701475 445548    0.00000  193  363 951386.732    0.00000   100%   9.4 2265s
 702007 446016 804689.470  250  324 951386.732    0.00000   100%   9.5 2270s
H703189 446892                    951382.64560    0.00000   100%   9.5 2275s
H703436 447049                    951380.08298    0.00000   100%   9.5 2276s
H703582 447357                    951379.10880    0.00000   100%   9.5 2277s
H703899 447506                    951356.91449    0.00000   100%   9.5 2278s
 704134 447706 26575.7905  191  353 951356.914    0.00000   100%   9.6 2280s
 705126 448776 768740.813  222  337 951356.914    0.00000   100%   9.6 2285s
H705847 449201                    951303.71553    0.00000   100%   9.6 2287s
 706560 449869 886292.471  264  327 951303.716    0.00000   100%   9.6 2291s
 708115 451187    0.00000  198  356 951303.716    0.00000   100%   9.6 2295s
 709499 452556     cutoff  952      951303.716    0.00000   100%   9.6 2300s
 710471 453392    0.00000  203  358 951303.716    0.00000   100%   9.7 2305s
 711381 454402 622003.520  216  357 951303.716    0.00000   100%   9.7 2310s
 712888 456463 767220.294  799  241 951303.716    0.00000   100%   9.7 2315s
 716801 460307 767305.047 2135  241 951303.716    0.00000   100%   9.7 2320s
H719189 461987                    951250.51658    0.00000   100%   9.7 2324s
H719213 449081                    946346.23504    0.00000   100%   9.7 2324s
 719214 449105 805349.340 2862  234 946346.235    0.00000   100%   9.7 2325s
H719238 449092                    946231.98637    0.00000   100%   9.7 2326s
H719249 449043                    946052.82467    0.00000   100%   9.7 2326s
 720130 450564 791901.309 3122  215 946052.825    0.00000   100%   9.7 2330s
H720780 448255                    943775.59081    0.00000   100%   9.7 2331s
H721439 448271                    943673.23689    0.00000   100%   9.7 2332s
H721873 448558                    943536.66809    0.00000   100%   9.6 2333s
H722025 448901                    943483.46913    0.00000   100%   9.6 2334s
 722401 449021 801627.860 3656  181 943483.469    0.00000   100%   9.6 2335s
 724384 451029 839455.898 4063  179 943483.469    0.00000   100%   9.6 2340s
H724602 451089                    943430.27018    0.00000   100%   9.6 2340s
H725819 452235                    943377.07122    0.00000   100%   9.6 2344s
 726150 452716 816879.383 4373  149 943377.071    0.00000   100%   9.6 2345s
 728641 455053 825639.164 5158  131 943377.071    0.00000   100%   9.6 2350s
 730618 457038 825987.924 5909  129 943377.071    0.00000   100%   9.6 2355s
 732958 459374 830912.376 6933  128 943377.071    0.00000   100%   9.6 2360s
 734826 461201 835790.316 7415  125 943377.071    0.00000   100%   9.5 2365s
 737008 463356 835790.316 7964  125 943377.071    0.00000   100%   9.5 2370s
H740017 466714                    943323.87227    0.00000   100%   9.5 2375s
H741522 467623                    943270.67331    0.00000   100%   9.5 2377s
H742643 468653                    943091.80830    0.00000   100%   9.5 2378s
H743044 468981                    943032.08936    0.00000   100%   9.5 2379s
H743087 469198                    943012.51366    0.00000   100%   9.5 2379s
 743315 469353 840317.374 11293  116 943012.514    0.00000   100%   9.5 2380s
H743416 469348                    943004.67854    0.00000   100%   9.5 2380s
H744651 470468                    942951.47958    0.00000   100%   9.5 2383s
 745637 471694 840317.374 13063  116 942951.480    0.00000   100%   9.5 2385s
H746112 470896                    942738.68376    0.00000   100%   9.5 2386s
 747433 472414 840317.374 14251  116 942738.684    0.00000   100%   9.5 2390s
 749561 474540 884343.827 14316  156 942738.684    0.00000   100%   9.5 2395s
 752442 477104 416624.034  200  306 942738.684    0.00000   100%   9.5 2400s
H752482 477082                    942691.12018    0.00000   100%   9.5 2400s
H753638 478222                    942691.08508    0.00000   100%   9.5 2403s
H753650 478221                    942685.48480    0.00000   100%   9.5 2403s
 754115 478601 395379.262  207  398 942685.485    0.00000   100%   9.5 2405s
 755331 480056 820263.609  357  301 942685.485    0.00000   100%   9.5 2410s
 756872 481396 856099.247  543  280 942685.485    0.00000   100%   9.5 2415s
 758658 482330 783991.052  240  326 942685.485    0.00000   100%   9.5 2420s
H758744 482532                    942671.54556    0.00000   100%   9.5 2421s
 759694 483019    0.00000  202  356 942671.546    0.00000   100%   9.5 2425s
H759762 483087                    942671.40098    0.00000   100%   9.5 2426s
H759878 481901                    942352.20725    0.00000   100%   9.5 2427s
H760000 480678                    941723.93452    0.00000   100%   9.6 2429s
 760074 480984 895617.128  310  202 941723.935    0.00000   100%   9.6 2430s
H760270 480964                    941713.77704    0.00000   100%   9.6 2430s
H760380 481181                    941611.45501    0.00000   100%   9.6 2431s
H761248 481655                    941610.60836    0.00000   100%   9.6 2433s
H761533 481546                    941436.39522    0.00000   100%   9.6 2435s
H762239 481850                    941355.51093    0.00000   100%   9.6 2437s
 762703 482311    0.00000  189  363 941355.511    0.00000   100%   9.6 2440s
H762706 481692                    940914.52947    0.00000   100%   9.6 2440s
H763876 482934                    940914.48507    0.00000   100%   9.6 2444s
 764066 483009 882830.006  225  318 940914.485    0.00000   100%   9.6 2445s
 765532 484487 918887.587  412  207 940914.485    0.00000   100%   9.6 2450s
 766965 485323 918887.587  966  207 940914.485    0.00000   100%   9.6 2455s
H767537 485678                    940876.72033    0.00000   100%   9.6 2458s
 768034 486113    0.00000  188  369 940876.720    0.00000   100%   9.7 2460s
H768645 486800                    940823.52138    0.00000   100%   9.7 2462s
 769454 487824 602470.876  212  354 940823.521    0.00000   100%   9.7 2465s
H770014 488038                    940770.32242    0.00000   100%   9.7 2466s
H770177 488148                    940717.12347    0.00000   100%   9.7 2467s
H770629 488655                    940717.12288    0.00000   100%   9.7 2468s
 770973 489044 748376.137  530  308 940717.123    0.00000   100%   9.7 2470s
H771843 489980                    940663.92393    0.00000   100%   9.7 2472s
 773183 490967 717816.563  580  308 940663.924    0.00000   100%   9.7 2477s
 773574 491988 725495.387  623  314 940663.924    0.00000   100%   9.7 2481s
 775363 493444 726316.233  838  293 940663.924    0.00000   100%   9.7 2485s
H777151 495198                    940650.90063    0.00000   100%   9.7 2489s
 777421 495400 735819.235 1223  282 940650.901    0.00000   100%   9.7 2490s
 779313 497407 738237.075 1943  271 940650.901    0.00000   100%   9.7 2495s
H779482 497396                    940636.78678    0.00000   100%   9.7 2495s
 782148 500235 743487.233 2626  258 940636.787    0.00000   100%   9.7 2500s
H783376 482537                    931209.88242    0.00000   100%   9.7 2503s
H783730 435118                    912916.03865    0.00000   100%   9.7 2504s
 784243 435646 747236.385 3009  249 912916.039    0.00000   100%   9.7 2505s
H786509 243589                    857345.88179    0.00000   100%   9.7 2509s
H786626 244068                    857345.86398    0.00000   100%   9.7 2510s
H786826 151254                    817590.65096    0.00000   100%   9.7 2510s
H787320 40145                    770312.72453    0.00000   100%   9.7 2511s
H787355 19496                    746822.92464    0.00000   100%   9.7 2512s
H787381 17808                    740396.01259    0.00000   100%   9.7 2513s
H787448 15669                    731075.37528    0.00000   100%   9.7 2515s
H787525  6279                    686602.01148    0.00000   100%   9.7 2517s
 787622  6342 307657.823  181  378 686602.011    0.00000   100%   9.7 2520s
H787645  6311                    685390.83953    0.00000   100%   9.8 2521s
H787741  6390                    685273.36654    0.00000   100%   9.8 2525s
H787908  6490                    685271.81295    0.00000   100%   9.8 2529s
 787930  6531 595519.940  201  350 685271.813    0.00000   100%   9.8 2530s
H788014  6529                    685222.09231    0.00000   100%   9.9 2531s
H788130  6565                    684192.42711    0.00000   100%   9.9 2533s
 788244  6661     cutoff  228      684192.427    0.00000   100%   9.9 2535s
H788298  6614                    681222.75124    0.00000   100%   9.9 2536s
 788443  6708 571365.781  199  280 681222.751    0.00000   100%  10.0 2540s
H788487  6690                    680321.37198    0.00000   100%  10.0 2540s
 788660  6766    0.00000  173  363 680321.372    0.00000   100%  10.0 2545s
H788739  6767                    677354.49552    0.00000   100%  10.0 2547s
H788765  5841                    620041.79540    0.00000   100%  10.1 2548s
 788829  5873 385140.297  182  378 620041.795    0.00000   100%  10.1 2550s
 789036  5954 399741.709  179  295 620041.795    0.00000   100%  10.2 2555s
H789235  5707                    601881.97994    0.00000   100%  10.2 2558s
 789257  5726    0.00000  170  362 601881.980    0.00000   100%  10.2 2560s
H789261  5638                    596657.29581    0.00000   100%  10.2 2560s
H789266  5594                    593939.82414    0.00000   100%  10.2 2560s
H789386  5456                    582495.11701    0.00000   100%  10.2 2564s
 789444  5463    0.00000  173  372 582495.117    0.00000   100%  10.3 2565s
H789445  5438                    580372.04478    0.00000   100%  10.3 2565s
H789450  5349                    574050.36958    0.00000   100%  10.3 2565s
H789621  5364                    570209.69750    0.00000   100%  10.3 2570s
H789753  5392                    570209.67534    0.00000   100%  10.3 2573s
H789779  5392                    569189.74789    0.00000   100%  10.4 2574s
 789789  5403    0.00000  186  367 569189.748    0.00000   100%  10.4 2575s
H789915  5240                    553307.92796    0.00000   100%  10.4 2579s
 789981  5253    0.00000  133  267 553307.928    0.00000   100%  10.4 2580s
 790187  5315    0.00000  159  377 553307.928    0.00000   100%  10.5 2585s
 790363  5383 infeasible  337      553307.928    0.00000   100%  10.5 2590s
 790529  5454     cutoff  157      553307.928    0.00000   100%  10.6 2595s
H790612  5477                    553299.38518    0.00000   100%  10.6 2597s
H790699  5188                    528903.83076    0.00000   100%  10.7 2599s
H790740  5182                    527540.49544    0.00000   100%  10.7 2600s
H790758  5115                    522533.45359    0.00000   100%  10.7 2600s
H790814  5143                    522474.51755    0.00000   100%  10.7 2602s
H790843  5157                    522473.29843    0.00000   100%  10.7 2603s
H790868  5157                    522471.04181    0.00000   100%  10.7 2603s
 790904  5185 infeasible  160      522471.042    0.00000   100%  10.7 2605s
H790949  5174                    520953.00004    0.00000   100%  10.8 2606s
H790975  5142                    519134.56861    0.00000   100%  10.8 2607s
 791051  5167    0.00000  153  369 519134.569    0.00000   100%  10.8 2610s
H791079  5167                    519032.21979    0.00000   100%  10.8 2610s
H791161  4858                    498770.51037    0.00000   100%  10.8 2613s
 791219  4882 451597.271  159  290 498770.510    0.00000   100%  10.8 2615s
H791307  4678                    483581.23353    0.00000   100%  10.9 2617s
 791428  4751 326118.181  167  373 483581.234    0.00000   100%  10.9 2620s
H791493  4787                    483216.46240    0.00000   100%  11.0 2622s
H791564  4682                    476658.77071    0.00000   100%  11.0 2623s
 791623  4707    0.00000  146  372 476658.771    0.00000   100%  11.0 2625s
H791674  4702                    476623.35648    0.00000   100%  11.0 2626s
H791767  4720                    476570.15752    0.00000   100%  11.1 2629s
 791775  4737 infeasible  169      476570.158    0.00000   100%  11.1 2630s
H791864  4739                    476540.29896    0.00000   100%  11.1 2632s
H791883  4739                    476503.30284    0.00000   100%  11.1 2632s
 791949  4797    0.00000  143  368 476503.303    0.00000   100%  11.2 2635s
H791965  4797                    476503.30279    0.00000   100%  11.2 2635s
H792031  4807                    476486.13926    0.00000   100%  11.2 2638s
H792040  4761                    474005.14740    0.00000   100%  11.2 2638s
 792097  4787    0.00000  135  392 474005.147    0.00000   100%  11.2 2640s
H792101  4787                    474004.50456    0.00000   100%  11.2 2640s
H792119  4754                    472790.40338    0.00000   100%  11.2 2640s
H792175  4766                    472643.63771    0.00000   100%  11.3 2641s
H792217  4773                    472315.01352    0.00000   100%  11.3 2643s
H792260  4775                    471834.86745    0.00000   100%  11.3 2645s
H792382  4767                    469842.64621    0.00000   100%  11.4 2649s
 792397  4764 infeasible  209      469842.646    0.00000   100%  11.4 2650s
H792525  4795                    469842.17927    0.00000   100%  11.4 2653s
H792529  4794                    469758.00464    0.00000   100%  11.4 2653s
H792557  4802                    469248.62688    0.00000   100%  11.5 2655s
 792586  4804    0.00000  144  372 469248.627    0.00000   100%  11.5 2661s
H792605  4753                    466974.26898    0.00000   100%  11.5 2661s
H792639  4757                    466958.20407    0.00000   100%  11.5 2662s
H792690  4772                    466921.80032    0.00000   100%  11.5 2663s
H792732  4792                    466911.92070    0.00000   100%  11.6 2666s
H792745  4789                    466807.06752    0.00000   100%  11.6 2666s
H792806  4796                    465891.89142    0.00000   100%  11.6 2668s
H792866  4790                    464935.11903    0.00000   100%  11.6 2669s
 792873  4856     cutoff  302      464935.119    0.00000   100%  11.6 2670s
H792940  4851                    463875.22233    0.00000   100%  11.6 2670s
H792966  4933                    463875.21517    0.00000   100%  11.6 2672s
H793043  4981                    463401.73131    0.00000   100%  11.6 2673s
 793170  5081    0.00000  156  310 463401.731    0.00000   100%  11.6 2676s
H793196  5111                    463401.56818    0.00000   100%  11.6 2677s
H793209  5088                    462582.65423    0.00000   100%  11.6 2677s
H793274  5108                    460785.13970    0.00000   100%  11.6 2679s
 793277  5133    0.00000  184  292 460785.140    0.00000   100%  11.6 2680s
H793333  5167                    460755.60979    0.00000   100%  11.6 2682s
H793346  5162                    459742.28009    0.00000   100%  11.6 2682s
 793539  5410    0.00000  230  329 459742.280    0.00000   100%  11.7 2685s
H793594  5401                    458803.47233    0.00000   100%  11.7 2685s
H793890  5469                    450856.30516    0.00000   100%  11.7 2687s
 794395  5998 358539.393  276  323 450856.305    0.00000   100%  11.7 2691s
H794788  6077                    450802.74840    0.00000   100%  11.7 2692s
H795029  6134                    450802.74835    0.00000   100%  11.7 2694s
H795120  6132                    450764.25664    0.00000   100%  11.8 2694s
 795171  6161 infeasible  367      450764.257    0.00000   100%  11.8 2696s
H795244  6161                    450764.25660    0.00000   100%  11.8 2696s
H795338  5911                    436141.37638    0.00000   100%  11.8 2696s
 795727  6045    0.00000  353  257 436141.376    0.00000   100%  11.8 2700s
H796062  6026                    435416.62999    0.00000   100%  11.9 2702s
H796183  6048                    435395.12504    0.00000   100%  11.9 2704s
 796273  6045    0.00000  354  276 435395.125    0.00000   100%  11.9 2706s
 796662  6049    0.00000  351  256 435395.125    0.00000   100%  12.0 2710s
H796808  6110                    434939.88367    0.00000   100%  12.0 2711s
H796983  6082                    434628.86659    0.00000   100%  12.0 2713s
 797114  6166     cutoff  350      434628.867    0.00000   100%  12.0 2715s
H797116  6089                    429762.95137    0.00000   100%  12.0 2715s
H797452  6033                    424741.63608    0.00000   100%  12.1 2718s
 797592  6077 403119.322  360  293 424741.636    0.00000   100%  12.1 2726s
H797676  5937                    419736.75456    0.00000   100%  12.1 2726s
H797827  5960                    419735.62330    0.00000   100%  12.1 2728s
 797927  5992     cutoff  345      419735.623    0.00000   100%  12.1 2730s
H798313  6094                    419734.65959    0.00000   100%  12.2 2733s
H798414  6069                    418611.58057    0.00000   100%  12.2 2733s
H798503  6297                    418457.35923    0.00000   100%  12.2 2736s
 799226  6608     cutoff  390      418457.359    0.00000   100%  12.2 2740s
H799368  6663                    418457.35919    0.00000   100%  12.3 2742s
H799552  6678                    417776.40369    0.00000   100%  12.3 2744s
 799710  6803     cutoff  336      417776.404    0.00000   100%  12.3 2745s
H799712  6791                    417247.31372    0.00000   100%  12.3 2745s
H799868  6759                    416333.84584    0.00000   100%  12.3 2745s
H800239  6968                    416240.56441    0.00000   100%  12.4 2749s
H800350  6946                    415129.26112    0.00000   100%  12.4 2749s
H800434  7372                    415111.03973    0.00000   100%  12.4 2751s
H800735  7366                    414632.75714    0.00000   100%  12.4 2751s
 801422  7956     cutoff  642      414632.757    0.00000   100%  12.4 2755s
H801423  7956                    414629.57209    0.00000   100%  12.4 2755s
 802656  8325     cutoff  536      414629.572    0.00000   100%  12.4 2767s
H802657  8189                    408001.50811    0.00000   100%  12.4 2767s
H802894  8209                    407993.65664    0.00000   100%  12.5 2769s
 802971  8237     cutoff  377      407993.657    0.00000   100%  12.5 2770s
H803053  8191                    406403.99829    0.00000   100%  12.5 2770s
H803121  8101                    400754.05091    0.00000   100%  12.5 2772s
H803304  8189                    400746.38397    0.00000   100%  12.6 2774s
H803501  8176                    400324.61632    0.00000   100%  12.6 2774s
 803579  8200 infeasible  385      400324.616    0.00000   100%  12.6 2775s
H803895  8290                    400080.94935    0.00000   100%  12.6 2777s
H804000  8172                    395840.63357    0.00000   100%  12.6 2779s
 804170  8187     cutoff  366      395840.634    0.00000   100%  12.7 2781s
H804172  7919                    385455.10272    0.00000   100%  12.7 2781s
H804476  8065                    385396.69143    0.00000   100%  12.7 2782s
H804731  7997                    383884.87074    0.00000   100%  12.7 2784s
 804798  8131     cutoff  371      383884.871    0.00000   100%  12.8 2786s
H804800  8022                    379149.71262    0.00000   100%  12.8 2786s
H805231  8142                    378658.91372    0.00000   100%  12.8 2790s
H805725  8308                    378496.69580    0.00000   100%  12.8 2791s
H805973  8244                    377595.01369    0.00000   100%  12.9 2793s
 806115  8223 infeasible  369      377595.014    0.00000   100%  12.9 2795s
H806301  8189                    374422.06904    0.00000   100%  12.9 2797s
 806545  8200     cutoff  361      374422.069    0.00000   100%  13.0 2801s
H806547  8199                    374329.78291    0.00000   100%  13.0 2801s
H806611  8169                    373293.15336    0.00000   100%  13.0 2801s
 806968  8409 164964.004  369  287 373293.153    0.00000   100%  13.0 2806s
H807035  8407                    373205.41795    0.00000   100%  13.0 2806s
H807285  8473                    373197.41743    0.00000   100%  13.1 2809s
 807510  8557 infeasible  384      373197.417    0.00000   100%  13.1 2812s
H807512  8552                    372973.62129    0.00000   100%  13.1 2812s
 807814  8551     cutoff  461      372973.621    0.00000   100%  13.1 2817s
H807822  8509                    370797.54166    0.00000   100%  13.1 2817s
 807825  8529     cutoff  499      370797.542    0.00000   100%  13.1 2820s
H807848  8528                    370737.31872    0.00000   100%  13.1 2820s
H807920  8526                    370654.75334    0.00000   100%  13.1 2820s
H808171  8764                    370654.37816    0.00000   100%  13.1 2822s
H808484  8830                    370323.94084    0.00000   100%  13.2 2824s
 808629  8806     cutoff  394      370323.941    0.00000   100%  13.2 2826s
H808631  8801                    370195.50089    0.00000   100%  13.2 2826s
 808911  8794    0.00000  379  239 370195.501    0.00000   100%  13.2 2830s
H809327  8778                    370080.98179    0.00000   100%  13.3 2834s
 809465  8756     cutoff  452      370080.982    0.00000   100%  13.3 2836s
H809467  8713                    368636.33869    0.00000   100%  13.3 2836s
H809607  8675                    368004.28900    0.00000   100%  13.4 2838s
 809754  8643    0.00000  369  245 368004.289    0.00000   100%  13.4 2840s
H809837  8643                    368003.97548    0.00000   100%  13.4 2840s
H810022  8690                    367970.85421    0.00000   100%  13.5 2843s
 810143  8776 330885.391  398  296 367970.854    0.00000   100%  13.5 2845s
H810664  8725                    367948.22166    0.00000   100%  13.6 2849s
 810793  8800    0.00000  404  239 367948.222    0.00000   100%  13.6 2852s
 811276  9005 infeasible  379      367948.222    0.00000   100%  13.7 2857s
H811377  8986                    366965.69942    0.00000   100%  13.7 2857s
 811966  9168    0.00000  375  234 366965.699    0.00000   100%  13.7 2862s
H812317  9201                    366963.14108    0.00000   100%  13.7 2864s
H812564  9203                    366776.34719    0.00000   100%  13.8 2866s
 812781  9263 infeasible  410      366776.347    0.00000   100%  13.8 2875s
 813320  9358     cutoff  420      366776.347    0.00000   100%  13.9 2880s
H813324  9348                    366333.61544    0.00000   100%  13.9 2880s
H813735  9360                    365903.35541    0.00000   100%  13.9 2882s
H813897  9302                    364973.32348    0.00000   100%  14.0 2884s
 814098  9306 infeasible  355      364973.323    0.00000   100%  14.0 2886s
H814180  9305                    364898.28801    0.00000   100%  14.0 2886s
 814568  9348    0.00000  347  247 364898.288    0.00000   100%  14.1 2891s
 815381  9347     cutoff  422      364898.288    0.00000   100%  14.2 2897s
H815383  9335                    364487.89512    0.00000   100%  14.2 2897s
H815766  9393                    363954.97619    0.00000   100%  14.2 2899s
 816033  9632     cutoff  347      363954.976    0.00000   100%  14.2 2902s
H816160  9632                    363865.49462    0.00000   100%  14.3 2902s
H816510  9589                    363801.55659    0.00000   100%  14.3 2904s
H816647  9573                    363073.34658    0.00000   100%  14.3 2904s
 816817  9582     cutoff  487      363073.347    0.00000   100%  14.3 2906s
H816819  9577                    362590.19024    0.00000   100%  14.3 2906s
 817307  9840 infeasible  335      362590.190    0.00000   100%  14.4 2912s
H817308  9836                    362437.48299    0.00000   100%  14.4 2912s
 817539  9969 infeasible  377      362437.483    0.00000   100%  14.4 2915s
 817855 10175     cutoff  438      362437.483    0.00000   100%  14.4 2920s
H818083 10175                    362432.66008    0.00000   100%  14.4 2920s
H818311 10442                    362419.21834    0.00000   100%  14.4 2923s
H818533 10441                    362381.31604    0.00000   100%  14.4 2923s
 818936 10601    0.00000  409  235 362381.316    0.00000   100%  14.4 2925s
H819073 10600                    362342.18972    0.00000   100%  14.5 2925s
 819528 10740    0.00000  402  242 362342.190    0.00000   100%  14.5 2930s
H820381 11320                    362342.18961    0.00000   100%  14.6 2935s
H820624 11320                    362294.12047    0.00000   100%  14.6 2935s
H820936 11609                    362294.08327    0.00000   100%  14.6 2937s
H821264 11607                    362220.05931    0.00000   100%  14.6 2937s
H821396 11622                    362184.71050    0.00000   100%  14.6 2939s
 821568 11653    0.00000  360  227 362184.710    0.00000   100%  14.6 2941s
H821662 11604                    360576.83513    0.00000   100%  14.7 2941s
H821754 11677                    360484.17053    0.00000   100%  14.7 2943s
H822019 11715                    360291.98139    0.00000   100%  14.7 2946s
 822462 11729 infeasible  370      360291.981    0.00000   100%  14.8 2950s
H822463 11729                    360272.99093    0.00000   100%  14.8 2950s
H822629 11750                    360144.48208    0.00000   100%  14.8 2953s
H822849 11779                    360052.32496    0.00000   100%  14.9 2956s
H822953 11779                    360047.89635    0.00000   100%  14.9 2956s
 823228 11805    0.00000  388  226 360047.896    0.00000   100%  14.9 2960s
 823416 11818 infeasible  370      360047.896    0.00000   100%  15.0 2966s
H823441 11818                    360042.23525    0.00000   100%  15.0 2966s
H823629 11831                    359954.22404    0.00000   100%  15.0 2968s
 823864 11849    0.00000  376  239 359954.224    0.00000   100%  15.0 2970s
H824228 11868                    359953.81827    0.00000   100%  15.1 2972s
 824357 11905 infeasible  377      359953.818    0.00000   100%  15.1 2975s
H824358 11895                    359271.39375    0.00000   100%  15.1 2975s
H824483 11881                    358976.14333    0.00000   100%  15.2 2975s
H824747 11875                    358817.85763    0.00000   100%  15.2 2977s
 824851 11910    0.00000  367  223 358817.858    0.00000   100%  15.2 2980s
 825317 11955    0.00000  373  223 358817.858    0.00000   100%  15.3 2985s
 825854 11967 infeasible  367      358817.858    0.00000   100%  15.4 2990s
H825855 11964                    358761.77483    0.00000   100%  15.4 2990s
H826087 11974                    358695.68076    0.00000   100%  15.4 2993s
H826196 11972                    358678.42404    0.00000   100%  15.4 2993s
 826331 12001 infeasible  367      358678.424    0.00000   100%  15.4 2995s
H826478 11991                    358040.93921    0.00000   100%  15.5 2995s
 826825 12001    0.00000  366  240 358040.939    0.00000   100%  15.5 3000s
 827320 12015    0.00000  371  272 358040.939    0.00000   100%  15.6 3005s
H827689 12041                    357900.49162    0.00000   100%  15.7 3008s
 827807 12043    0.00000  376  229 357900.492    0.00000   100%  15.7 3010s
H827903 12042                    357825.92491    0.00000   100%  15.7 3010s
H828008 12062                    357825.86894    0.00000   100%  15.7 3012s
H828110 11850                    347524.44188    0.00000   100%  15.7 3012s
 828223 11851     cutoff  376      347524.442    0.00000   100%  15.7 3015s
H828358 11836                    346985.11784    0.00000   100%  15.8 3015s
 828478 11836 infeasible  381      346985.118    0.00000   100%  15.8 3023s
H828488 11836                    346985.11183    0.00000   100%  15.8 3023s
 828498 11851     cutoff  379      346985.112    0.00000   100%  15.8 3025s
H828734 11856                    346690.32502    0.00000   100%  15.8 3028s
H828861 11854                    346201.44565    0.00000   100%  15.9 3028s
 828996 11893 infeasible  386      346201.446    0.00000   100%  15.9 3030s
H828997 11882                    346020.86142    0.00000   100%  15.9 3030s
H829421 11951                    346020.86138    0.00000   100%  16.0 3033s
 829602 11972 infeasible  380      346020.861    0.00000   100%  16.0 3035s
H829604 11972                    346019.50468    0.00000   100%  16.0 3035s
 830158 11987    0.00000  367  223 346019.505    0.00000   100%  16.0 3040s
H830312 11971                    345522.60330    0.00000   100%  16.1 3040s
H830469 12016                    345435.02510    0.00000   100%  16.1 3043s
 830784 12048    0.00000  376  265 345435.025    0.00000   100%  16.1 3046s
H830929 12048                    345435.01889    0.00000   100%  16.2 3046s
H831066 12085                    344526.38174    0.00000   100%  16.2 3048s
 831375 12192 infeasible  349      344526.382    0.00000   100%  16.2 3051s
H831569 12190                    344430.58402    0.00000   100%  16.2 3051s
 831944 12264 infeasible  365      344430.584    0.00000   100%  16.3 3056s
H832512 12454                    344390.00828    0.00000   100%  16.4 3062s
 833224 12712 infeasible  359      344390.008    0.00000   100%  16.5 3068s
H833392 12712                    344384.32032    0.00000   100%  16.5 3068s
 833693 12709 infeasible  358      344384.320    0.00000   100%  16.5 3075s
H833695 12660                    342425.35873    0.00000   100%  16.5 3075s
H833729 12680                    342425.29626    0.00000   100%  16.5 3077s
H833839 12670                    341423.66387    0.00000   100%  16.5 3077s
 834229 12696    0.00000  374  263 341423.664    0.00000   100%  16.6 3082s
H834569 12712                    341417.87282    0.00000   100%  16.6 3084s
 834668 12720 infeasible  377      341417.873    0.00000   100%  16.7 3086s
H834780 12720                    341292.87146    0.00000   100%  16.7 3086s
 835184 12733 infeasible  374      341292.871    0.00000   100%  16.7 3092s
H835185 12733                    341277.67668    0.00000   100%  16.7 3092s
H835400 12769                    340828.78821    0.00000   100%  16.8 3094s
 835649 12788 infeasible  371      340828.788    0.00000   100%  16.8 3097s
 836285 12911    0.00000  367  236 340828.788    0.00000   100%  16.9 3102s
H836419 12900                    339705.29913    0.00000   100%  16.9 3102s
H836667 12919                    339688.83700    0.00000   100%  16.9 3105s
 837200 12960 infeasible  356      339688.837    0.00000   100%  17.0 3110s
H837201 12960                    339642.07846    0.00000   100%  17.0 3110s
H837477 12957                    338768.23429    0.00000   100%  17.1 3112s
H837712 12966                    338307.48155    0.00000   100%  17.1 3115s
H838182 12999                    324169.33631    0.00000   100%  17.1 3118s
 838390 13012 205213.253  418  264 324169.336    0.00000   100%  17.2 3121s
H838724 13055                    324147.35795    0.00000   100%  17.2 3124s
H838868 13016                    312295.03450    0.00000   100%  17.2 3139s
 838871 13070 infeasible  349      312295.034    0.00000   100%  17.2 3142s
H839081 13063                    309048.42542    0.00000   100%  17.2 3142s
 839241 13071 infeasible  385      309048.425    0.00000   100%  17.2 3145s
H839243 13071                    307772.41728    0.00000   100%  17.2 3145s
 839763 13134 infeasible  366      307772.417    0.00000   100%  17.3 3150s
 840290 13159 infeasible  383      307772.417    0.00000   100%  17.4 3155s
H840533 13209                    307751.96768    0.00000   100%  17.5 3157s
H840719 13205                    306553.91384    0.00000   100%  17.5 3157s
 840863 13220 99928.6464  366  258 306553.914    0.00000   100%  17.5 3160s
H841270 13249                    305304.10196    0.00000   100%  17.6 3161s
H841699 13304                    305261.27174    0.00000   100%  17.6 3165s
H841847 13304                    305188.72784    0.00000   100%  17.6 3165s
H841974 13306                    305188.30423    0.00000   100%  17.7 3167s
H842097 13306                    304827.60312    0.00000   100%  17.7 3167s
H842353 13338                    304825.62449    0.00000   100%  17.7 3169s
 842468 13381    0.00000  366  223 304825.624    0.00000   100%  17.7 3172s
 842767 13402 infeasible  370      304825.624    0.00000   100%  17.8 3175s
H842768 13402                    304778.93496    0.00000   100%  17.8 3175s
H842886 13402                    304772.04351    0.00000   100%  17.8 3175s
H843004 13441                    304748.83223    0.00000   100%  17.8 3178s
 843255 13432 infeasible  373      304748.832    0.00000   100%  17.9 3180s
H843365 13417                    302976.67335    0.00000   100%  17.9 3180s
H843607 13420                    302972.76009    0.00000   100%  17.9 3183s
 843695 13454    0.00000  365  224 302972.760    0.00000   100%  18.0 3186s
H843819 13454                    302946.78371    0.00000   100%  18.0 3186s
H843945 13454                    302866.23792    0.00000   100%  18.0 3190s
H843976 13455                    302766.46217    0.00000   100%  18.0 3193s
H844175 13456                    302574.05085    0.00000   100%  18.0 3195s
H844527 13462                    302574.04346    0.00000   100%  18.1 3197s
 844654 13469 infeasible  361      302574.043    0.00000   100%  18.1 3200s
H844655 13368                    283956.33835    0.00000   100%  18.1 3200s
H845008 13375                    283709.32281    0.00000   100%  18.2 3203s
 845120 13368 infeasible  366      283709.323    0.00000   100%  18.2 3205s
H845238 13366                    283371.72521    0.00000   100%  18.3 3205s
 845640 13386 infeasible  380      283371.725    0.00000   100%  18.3 3211s
H845641 13386                    283335.69710    0.00000   100%  18.3 3211s
H845754 13386                    283244.57822    0.00000   100%  18.4 3211s
 846082 13394 infeasible  371      283244.578    0.00000   100%  18.4 3216s
H846334 13396                    283211.95477    0.00000   100%  18.5 3218s
 846621 13405 infeasible  371      283211.955    0.00000   100%  18.5 3220s
H846731 13405                    283163.18086    0.00000   100%  18.5 3220s
H846993 13423                    282721.17267    0.00000   100%  18.6 3223s
H847144 13408                    282473.96217    0.00000   100%  18.6 3226s
 847381 13415 infeasible  371      282473.962    0.00000   100%  18.6 3230s
H847382 13415                    282449.48415    0.00000   100%  18.6 3230s
H848063 13435                    272593.68426    0.00000   100%  18.8 3234s
 848185 13426 infeasible  361      272593.684    0.00000   100%  18.8 3236s
H848193 13426                    272572.43530    0.00000   100%  18.8 3236s
H848565 13421                    272369.31842    0.00000   100%  18.9 3237s
 848665 13426    0.00000  371  224 272369.318    0.00000   100%  18.9 3240s
 848894 13439    0.00000  369  226 272369.318    0.00000   100%  18.9 3255s
H849020 13428                    269469.39746    0.00000   100%  18.9 3255s
H849322 13421                    269259.10782    0.00000   100%  19.0 3258s
 849502 13450    0.00000  367  226 269259.108    0.00000   100%  19.0 3261s
H849688 13450                    269254.89417    0.00000   100%  19.0 3261s
 849871 13486     cutoff  366      269254.894    0.00000   100%  19.0 3265s
H850033 13484                    269002.85718    0.00000   100%  19.1 3265s
 850505 13495 infeasible  365      269002.857    0.00000   100%  19.1 3271s
H850650 13495                    267458.32802    0.00000   100%  19.2 3271s
H850981 13505                    267457.65153    0.00000   100%  19.2 3274s
 851158 13516 infeasible  369      267457.652    0.00000   100%  19.2 3277s
 851481 13532 infeasible  381      267457.652    0.00000   100%  19.3 3280s
H851482 13532                    267406.74866    0.00000   100%  19.3 3280s
H851616 13532                    267213.82681    0.00000   100%  19.3 3280s
 852120 13608 infeasible  371      267213.827    0.00000   100%  19.4 3287s
H852265 13608                    267203.31082    0.00000   100%  19.4 3287s
 852411 13634 infeasible  369      267203.311    0.00000   100%  19.4 3290s
H852412 13634                    267111.01429    0.00000   100%  19.4 3290s
H852737 13666                    267040.35148    0.00000   100%  19.5 3293s
H852906 13666                    266959.09829    0.00000   100%  19.5 3293s
 853091 13729 infeasible  380      266959.098    0.00000   100%  19.5 3296s
H853334 13729                    266866.95334    0.00000   100%  19.5 3296s
H853510 13838                    266860.27588    0.00000   100%  19.5 3298s
H853943 13917                    266798.19621    0.00000   100%  19.6 3301s
 854256 13918 infeasible  379      266798.196    0.00000   100%  19.6 3315s
H854258 13914                    266005.35834    0.00000   100%  19.6 3315s
 854565 14087 infeasible  384      266005.358    0.00000   100%  19.7 3320s
H854566 14087                    265600.69614    0.00000   100%  19.7 3320s
 855295 14239    0.00000  365  228 265600.696    0.00000   100%  19.8 3326s
H855519 14239                    265572.41641    0.00000   100%  19.8 3326s
 855924 14288 infeasible  373      265572.416    0.00000   100%  19.8 3331s
 856615 14359 infeasible  381      265572.416    0.00000   100%  19.9 3336s
 857166 14393    0.00000  394  224 265572.416    0.00000   100%  20.0 3342s
 857434 14392 infeasible  378      265572.416    0.00000   100%  20.0 3345s
H857738 14387                    264758.13187    0.00000   100%  20.1 3348s
 858038 14394     cutoff  384      264758.132    0.00000   100%  20.1 3351s
H858479 14411                    264726.83664    0.00000   100%  20.2 3354s
 858642 14412 infeasible  385      264726.837    0.00000   100%  20.2 3356s
H858774 14412                    264678.33730    0.00000   100%  20.2 3356s
H858898 14452                    263715.18567    0.00000   100%  20.3 3359s
 859209 14570     cutoff  377      263715.186    0.00000   100%  20.3 3368s
H859211 14570                    263712.69344    0.00000   100%  20.3 3368s
 859451 14766    0.00000  400  227 263712.693    0.00000   100%  20.3 3372s
H859781 14762                    263494.81611    0.00000   100%  20.3 3372s
 860238 14737 infeasible  378      263494.816    0.00000   100%  20.4 3377s
H860383 14737                    263104.72325    0.00000   100%  20.4 3377s
 860572 14719     cutoff  409      263104.723    0.00000   100%  20.5 3380s
H860574 14719                    262941.96412    0.00000   100%  20.5 3380s
H861148 14735                    262616.20702    0.00000   100%  20.5 3385s
H861436 14724                    262616.11198    0.00000   100%  20.6 3387s
H861596 14724                    262586.31734    0.00000   100%  20.6 3387s
 861719 14765    0.00000  383  224 262586.317    0.00000   100%  20.6 3390s
H862016 14811                    262586.31732    0.00000   100%  20.7 3393s
 862352 14814     cutoff  396      262586.317    0.00000   100%  20.7 3396s
H862648 14802                    262436.87858    0.00000   100%  20.7 3399s
 862923 14821 infeasible  374      262436.879    0.00000   100%  20.8 3402s
H862924 14821                    262350.19862    0.00000   100%  20.8 3402s
H863202 14812                    262283.41367    0.00000   100%  20.8 3405s
H863507 14821                    262180.45817    0.00000   100%  20.9 3407s
 863798 14837 infeasible  354      262180.458    0.00000   100%  20.9 3410s
H863799 14837                    262085.50964    0.00000   100%  20.9 3410s
H864096 14874                    262083.43119    0.00000   100%  21.0 3413s
H864419 14883                    262080.67765    0.00000   100%  21.0 3422s
H864524 14883                    261912.63330    0.00000   100%  21.0 3422s
 864626 14903     cutoff  421      261912.633    0.00000   100%  21.1 3425s
 865263 14921 infeasible  374      261912.633    0.00000   100%  21.1 3431s
H865264 14921                    261842.85570    0.00000   100%  21.1 3431s
H865416 14918                    261464.11428    0.00000   100%  21.2 3431s
H865542 14926                    261443.44306    0.00000   100%  21.2 3434s
 865836 14996    0.00000  382  227 261443.443    0.00000   100%  21.2 3436s
H866004 14996                    261436.80209    0.00000   100%  21.3 3436s
 866196 15006    0.00000  379  230 261436.802    0.00000   100%  21.3 3440s
 866734 15031    0.00000  365  223 261436.802    0.00000   100%  21.4 3445s
H867015 15066                    261428.52359    0.00000   100%  21.4 3448s
 867344 15116 infeasible  368      261428.524    0.00000   100%  21.5 3451s
H867345 15116                    261376.20962    0.00000   100%  21.5 3451s
H867671 15152                    261376.18695    0.00000   100%  21.5 3454s
 867974 15156    0.00000  378  225 261376.187    0.00000   100%  21.5 3457s
 868288 15216 infeasible  377      261376.187    0.00000   100%  21.6 3460s
H868289 15216                    261354.52125    0.00000   100%  21.6 3460s
H868460 15216                    261324.16337    0.00000   100%  21.6 3460s
 868949 15252    0.00000  358  231 261324.163    0.00000   100%  21.7 3466s
 869564 15336    0.00000  370  236 261324.163    0.00000   100%  21.8 3484s
H869829 15336                    260383.43110    0.00000   100%  21.8 3484s
 869830 15347 infeasible  387      260383.431    0.00000   100%  21.8 3487s
 870137 15387     cutoff  370      260383.431    0.00000   100%  21.8 3491s
H870320 15387                    260363.44194    0.00000   100%  21.9 3491s
 870785 15465 infeasible  368      260363.442    0.00000   100%  21.9 3497s
 871153 15564 infeasible  393      260363.442    0.00000   100%  22.0 3500s
H871155 15564                    260091.03903    0.00000   100%  22.0 3500s
H871898 15587                    260036.10417    0.00000   100%  22.0 3506s
H872240 15632                    259696.52115    0.00000   100%  22.1 3508s
H872552 15641                    259696.52030    0.00000   100%  22.1 3511s
 872893 15699 infeasible  403      259696.520    0.00000   100%  22.2 3515s
H872894 15699                    259659.01483    0.00000   100%  22.2 3515s
H873401 15710                    259659.01383    0.00000   100%  22.2 3517s
 873536 15790 infeasible  436      259659.014    0.00000   100%  22.2 3521s
H873537 15790                    259659.00178    0.00000   100%  22.2 3521s
H873898 15843                    259564.26930    0.00000   100%  22.3 3524s
 874271 15869 infeasible  410      259564.269    0.00000   100%  22.3 3527s
 874639 15923 74448.9621  385  258 259564.269    0.00000   100%  22.4 3530s
H874809 15923                    259564.26765    0.00000   100%  22.4 3530s
H874969 15914                    259471.91153    0.00000   100%  22.4 3534s
 874970 15946    0.00000  422  239 259471.912    0.00000   100%  22.4 3537s
H875140 15946                    259237.04920    0.00000   100%  22.4 3537s
 875280 15955 infeasible  433      259237.049    0.00000   100%  22.5 3540s
H875561 15990                    259237.00140    0.00000   100%  22.5 3543s
H875709 15990                    259235.82130    0.00000   100%  22.5 3543s
 875906 16015    0.00000  436  226 259235.821    0.00000   100%  22.5 3546s
H876215 16108                    259222.77282    0.00000   100%  22.6 3548s
 876596 16187     cutoff  426      259222.773    0.00000   100%  22.6 3550s
H876598 16185                    258838.06781    0.00000   100%  22.6 3550s
H877028 16269                    258747.82967    0.00000   100%  22.6 3553s
H877299 16241                    248647.73687    0.00000   100%  22.7 3553s
 877451 16337    0.00000  493  227 248647.737    0.00000   100%  22.7 3556s
H877966 16329                    246985.65609    0.00000   100%  22.7 3559s
 878254 16338    0.00000  413  226 246985.656    0.00000   100%  22.7 3562s
H878710 16365                    246738.77639    0.00000   100%  22.8 3565s
H879012 16424                    246722.59491    0.00000   100%  22.8 3567s
 879169 16424 infeasible  429      246722.595    0.00000   100%  22.9 3570s
H879337 16420                    246492.35889    0.00000   100%  22.9 3570s
H879833 16610                    246386.63332    0.00000   100%  22.9 3579s
H880044 16610                    246247.48901    0.00000   100%  22.9 3579s
 880187 16608     cutoff  421      246247.489    0.00000   100%  22.9 3581s
H880724 16670                    246246.51428    0.00000   100%  23.0 3584s
 880919 16680 infeasible  366      246246.514    0.00000   100%  23.0 3587s
H880920 16680                    246243.62978    0.00000   100%  23.0 3587s
H881046 16680                    246086.87472    0.00000   100%  23.0 3587s
H881200 16670                    241773.73040    0.00000   100%  23.1 3589s
 881475 16717    0.00000  389  251 241773.730    0.00000   100%  23.1 3592s
 881798 16758 infeasible  361      241773.730    0.00000   100%  23.1 3595s
H881799 16758                    241562.68781    0.00000   100%  23.1 3595s
H882080 16761                    241533.79377    0.00000   100%  23.2 3598s
H882221 16760                    241318.75920    0.00000   100%  23.2 3598s
 882404 16766 infeasible  374      241318.759    0.00000   100%  23.2 3600s
H882405 16766                    240990.73099    0.00000   100%  23.2 3600s

Cutting planes:
  Gomory: 1
  Implied bound: 21
  MIR: 81
  Flow cover: 76
  RLT: 1

Explored 882594 nodes (20518405 simplex iterations) in 3600.16 seconds (1913.46 work units)
Thread count was 2 (of 24 available processors)

Solution count 10: 240991 241319 241534 ... 246387

Time limit reached
Best objective 2.409907309888e+05, best bound 0.000000000000e+00, gap 100.0000%
