
Gurobi 11.0.3 (linux64, Java) logging started sex 06 dez 2024 20:00:43 -03

Set parameter Username
Academic license - for non-commercial use only - expires 2025-10-10
Set parameter NonConvex to value 2
Set parameter TimeLimit to value 3600
Set parameter LogToConsole to value 0
Set parameter MIPGap to value 7.7716481645149384e-08
Set parameter Threads to value 2
Set parameter NodefileDir to value "/home/ps12398/experiment_hosp/goalProgrammingMarcos/"
Set parameter NodefileStart to value 1
Gurobi Optimizer version 11.0.3 build v11.0.3rc0 (linux64)

CPU model: Intel(R) Xeon(R) CPU           X5650  @ 2.67GHz, instruction set [SSE2]
Thread count: 12 physical cores, 24 logical processors, using up to 2 threads

Optimize a model with 149791 rows, 101033 columns and 647494 nonzeros
Model fingerprint: 0xf67cc977
Model has 229 quadratic constraints
Variable types: 50406 continuous, 50627 integer (224 binary)
Coefficient statistics:
  Matrix range     [4e-03, 4e+06]
  QMatrix range    [4e-03, 7e+04]
  QLMatrix range   [1e+00, 7e+04]
  Objective range  [1e+00, 3e+07]
  Bounds range     [1e+00, 1e+08]
  RHS range        [1e+00, 2e+05]
  QRHS range       [8e-02, 8e-02]
Presolve removed 148315 rows and 99311 columns
Presolve time: 0.36s
Presolved: 2990 rows, 2186 columns, 193518 nonzeros
Presolved model has 2 SOS constraint(s)
Presolved model has 224 bilinear constraint(s)

Solving non-convex MIQCP

Variable types: 796 continuous, 1390 integer (226 binary)
Found heuristic solution: objective 9060154.4504

Root relaxation: objective 0.000000e+00, 208 iterations, 0.04 seconds (0.02 work units)

    Nodes    |    Current Node    |     Objective Bounds      |     Work
 Expl Unexpl |  Obj  Depth IntInf | Incumbent    BestBd   Gap | It/Node Time

     0     0    0.00000    0  317 9060154.45    0.00000   100%     -    1s
     0     0    0.00000    0  299 9060154.45    0.00000   100%     -    2s
     0     0    0.00000    0  299 9060154.45    0.00000   100%     -    2s
     0     0 28149.6809    0  295 9060154.45 28149.6809   100%     -    3s
     0     0 29289.5968    0  297 9060154.45 29289.5968   100%     -    3s
     0     0 142274.255    0  284 9060154.45 142274.255  98.4%     -    5s
     0     0 145776.946    0  293 9060154.45 145776.946  98.4%     -    5s
     0     0 156893.585    0  301 9060154.45 156893.585  98.3%     -    6s
H    0     0                    3455197.9052 158300.786  95.4%     -    6s
     0     0 158300.786    0  302 3455197.91 158300.786  95.4%     -    6s
     0     0 160549.910    0  316 3455197.91 160549.910  95.4%     -    7s
     0     0 161422.408    0  323 3455197.91 161422.408  95.3%     -    7s
     0     0 163554.331    0  323 3455197.91 163554.331  95.3%     -    7s
H    0     0                    3454029.4315 164194.101  95.2%     -    7s
     0     0 164194.101    0  325 3454029.43 164194.101  95.2%     -    7s
     0     0 165491.415    0  335 3454029.43 165491.415  95.2%     -    8s
     0     0 165559.681    0  335 3454029.43 165559.681  95.2%     -    8s
     0     0 165866.347    0  331 3454029.43 165866.347  95.2%     -    8s
     0     0 165938.927    0  332 3454029.43 165938.927  95.2%     -    9s
     0     0 165983.845    0  332 3454029.43 165983.845  95.2%     -    9s
     0     0 166011.020    0  334 3454029.43 166011.020  95.2%     -   10s
     0     2 166011.020    0  334 3454029.43 166011.020  95.2%     -   11s
H   54    56                    3451827.2993 167527.070  95.1%  11.3   13s
H   83    86                    3451631.5626 167527.070  95.1%  11.6   13s
H   84    86                    3451138.6911 167527.070  95.1%  11.5   13s
H  111   114                    3451078.9980 167527.070  95.1%  14.5   14s
H  112   114                    3451036.4806 167527.070  95.1%  14.6   14s
   123   129 235312.996   44  290 3451036.48 167527.070  95.1%  15.0   15s
H  172   176                    3451022.1626 167527.070  95.1%  14.0   16s
H  173   176                    3450853.6484 167527.070  95.1%  14.0   16s
   270   283 443241.886   97  293 3450853.65 167527.070  95.1%  12.7   20s
H  383   398                    2233066.9660 167527.070  92.5%  11.2   22s
   494   528 627633.242  176  293 2233066.97 167527.070  92.5%   8.8   25s
   839   881 636283.113  350  277 2233066.97 167527.070  92.5%   5.6   30s
  1169  1228 644017.136  538  275 2233066.97 167527.070  92.5%   4.4   35s
H 1411  1413                    2214710.5645 167527.070  92.4%   3.8   39s
  1412  1481 650753.110  683  276 2214710.56 167527.070  92.4%   3.8   40s
  1775  1863 661026.005  894  274 2214710.56 167527.070  92.4%   3.3   46s
H 2034  2100                    2009331.9912 167527.070  91.7%   3.0   49s
  2099  2179 668104.730 1067  273 2009331.99 167527.070  91.7%   3.0   51s
H 2160  2179                    1967768.6799 167527.070  91.5%   2.9   51s
  2281  2385 674088.849 1186  273 1967768.68 167527.070  91.5%   2.9   55s
  2618  2742 684583.815 1373  273 1967768.68 167527.070  91.5%   2.7   60s
  2851  2983 693917.111 1506  271 1967768.68 167527.070  91.5%   2.6   65s
  3215  3320 703695.973 1693  287 1967768.68 167527.070  91.5%   2.5   71s
  3443  3547 708343.353 1794  287 1967768.68 167527.070  91.5%   2.4   75s
  3671  3672 744130.280  649  472 1967768.68 167527.070  91.5%   2.4   84s
  3673  3673 761645.286  265   93 1967768.68 167527.070  91.5%   2.4   86s
  3705  3696 695930.701 1557   99 1967768.68 177150.961  91.0%   2.9   90s
  3744  3722 710107.052 1849  149 1967768.68 180417.329  90.8%   2.9   95s
  3775  3748 190659.832   32  344 1967768.68 183073.212  90.7%   3.6  100s
  4139  4024 372048.113  131  282 1967768.68 183073.212  90.7%   5.1  105s
H 4344  3980                    1901358.1382 183073.212  90.4%   4.9  106s
H 4389  3805                    1900804.1331 183073.212  90.4%   4.8  106s
H 4394  3635                    1900584.5365 183073.212  90.4%   4.8  106s
H 5388  4191                    1849102.1479 183073.212  90.1%   4.2  109s
  5455  4330 387109.477  462  246 1849102.15 183073.212  90.1%   4.2  110s
  7198  5464 401515.409  874  233 1849102.15 183073.212  90.1%   3.8  115s
H 7225  5303                    1846294.9954 183073.212  90.1%   3.8  115s
H 7974  5646                    1786577.8421 183073.212  89.8%   3.9  117s
  8821  6393 401975.595 1221  230 1786577.84 183073.212  89.8%   3.9  120s
H 9099  6189                    1786509.9986 183073.212  89.8%   3.9  120s
H 9100  6058                    1774813.1744 183073.212  89.7%   3.9  120s
H 9687  6392                    1625545.3761 183073.212  88.7%   3.8  123s
 10426  6956 392756.797 1579  226 1625545.38 183073.212  88.7%   3.9  125s
H10558  6839                    1623491.0742 183073.212  88.7%   4.0  125s
H11548  7887                    1621592.6064 183073.212  88.7%   4.2  128s
H12010  8273                    1608652.0018 183073.212  88.6%   4.3  129s
 12022  8514 397464.974 2037  224 1608652.00 183073.212  88.6%   4.3  130s
H13086  9419                    1601270.7641 183073.212  88.6%   4.5  133s
 13656 10118 416596.779 2491  231 1601270.76 183073.212  88.6%   4.6  135s
H13771 10118                    1586264.1068 183073.212  88.5%   4.5  135s
 15007 11501 408254.474 2897  222 1586264.11 183073.212  88.5%   4.7  140s
 16847 13266 409309.108 3391  221 1586264.11 183073.212  88.5%   5.1  145s
H17370 13758                    1584792.0329 183073.212  88.4%   5.3  146s
H18489 14846                    1584744.1578 183073.212  88.4%   5.5  150s
H18595 14846                    1563334.1142 183073.212  88.3%   5.6  150s
H19193 15444                    1562559.5739 183073.212  88.3%   5.7  152s
 19722 16081 419686.510 4203  221 1562559.57 183073.212  88.3%   5.9  155s
H19749 16081                    1561699.6069 183073.212  88.3%   5.9  155s
H19824 16081                    1530699.6143 183073.212  88.0%   5.9  155s
 21654 18065 428784.558 4739  221 1530699.61 183073.212  88.0%   5.6  160s
H22093 18364                    1527073.9817 183073.212  88.0%   5.5  161s
 23048 19445 689094.285 5207  233 1527073.98 183073.212  88.0%   5.5  165s
H23208 19439                    1466337.5118 183073.212  87.5%   5.5  166s
H23210 19495                    1465554.3644 183073.212  87.5%   5.5  166s
H24428 20667                    1461826.4487 183073.212  87.5%   5.3  170s
H24446 20667                    1442871.4823 183073.212  87.3%   5.3  170s
H25617 21826                    1442806.2011 183073.212  87.3%   5.3  174s
 25811 22302 1382738.99 5821  251 1442806.20 183073.212  87.3%   5.3  175s
H27027 23180                    1442308.0437 183073.212  87.3%   5.2  179s
 27279 23453 1387586.91 6140  252 1442308.04 183073.212  87.3%   5.1  180s
H28192 24067                    1423291.4009 183073.212  87.1%   5.1  183s
H28318 24169                    1422992.2025 183109.329  87.1%   5.2  184s
H28327 24169                    1415062.1918 183109.329  87.1%   5.2  184s
 28380 24268 209436.862   68  302 1415062.19 183109.329  87.1%   5.2  185s
H28616 23265                    1361180.3284 183109.329  86.5%   5.4  186s
 29529 24170 423227.862  335  266 1361180.33 183109.329  86.5%   5.6  190s
H29531 24260                    1360402.0468 183109.329  86.5%   5.6  190s
H30708 25462                    1359691.7931 183109.329  86.5%   5.8  193s
H30885 25640                    1354018.7113 183109.329  86.5%   5.8  194s
 31001 25997 426737.893  564  262 1354018.71 183109.329  86.5%   5.8  195s
H32012 26685                    1352955.8760 183109.329  86.5%   5.7  197s
H32694 27409                    1352808.4400 183109.329  86.5%   5.7  199s
 32770 27603 430369.190 1012  262 1352808.44 183109.329  86.5%   5.7  200s
H33350 27990                    1351912.7284 183109.329  86.5%   5.9  202s
H33495 28142                    1351776.1278 183109.329  86.5%   6.0  204s
 33574 28270 477011.932 1227  260 1351776.13 183109.329  86.5%   6.1  205s
 34309 29005 480655.889 1506  256 1351776.13 183109.329  86.5%   6.4  210s
H34640 29355                    1350791.8101 183109.329  86.4%   6.4  212s
H34690 29355                    1350658.2368 183109.329  86.4%   6.4  212s
 35109 29859 488844.228 1774  255 1350658.24 183109.329  86.4%   6.3  215s
H35207 29859                    1350272.0438 183109.329  86.4%   6.3  215s
 36260 30966 497996.532 2211  249 1350272.04 183109.329  86.4%   6.2  220s
H36467 31147                    1345800.8562 183109.329  86.4%   6.2  221s
H36700 31327                    1345787.8325 183109.329  86.4%   6.2  222s
H36781 31384                    1344315.4980 183109.329  86.4%   6.2  223s
 37002 31662 503077.385 2440  248 1344315.50 183109.329  86.4%   6.1  225s
H37387 32007                    1340104.0520 183109.329  86.3%   6.1  227s
 37810 32403 508506.042 2655  247 1340104.05 183109.329  86.3%   6.0  230s
H37997 32522                    1338408.9174 183109.329  86.3%   6.0  232s
H38248 32786                    1333453.8693 183109.329  86.3%   6.0  234s
 38275 32905 509281.934 2819  247 1333453.87 183109.329  86.3%   6.0  235s
H38401 32995                    1330077.0673 183109.329  86.2%   6.0  236s
H38998 33521                    1327872.8192 183109.329  86.2%   5.9  239s
 39030 33691 510419.350 3115  247 1327872.82 183109.329  86.2%   5.9  240s
H39759 34269                    1319890.4293 183109.329  86.1%   5.9  244s
 39854 34601 514412.044 3380  244 1319890.43 183109.329  86.1%   5.9  245s
H40186 34768                    1318346.3170 183109.329  86.1%   5.8  246s
H40835 35602                    1318314.5823 183109.329  86.1%   5.8  250s
H41000 35602                    1318307.5776 183109.329  86.1%   5.8  250s
H41843 36269                    1318256.2092 183109.329  86.1%   5.8  253s
 41963 36780 518057.583 4000  244 1318256.21 183109.329  86.1%   5.8  255s
H42811 37128                    1310917.8707 183109.329  86.0%   5.8  257s
 43306 37814 522395.214 4465  240 1310917.87 183109.329  86.0%   5.8  260s
H44017 38339                    1309081.0650 183109.329  86.0%   5.9  263s
 44392 38936 527667.466 4896  234 1309081.07 183109.329  86.0%   6.0  265s
H45232 39722                    1308551.6529 183109.329  86.0%   6.0  270s
H45823 40190                    1308289.4747 183109.329  86.0%   5.9  271s
H45881 40188                    1307989.3861 183109.329  86.0%   5.9  271s
 46427 40883 529333.879 5460  231 1307989.39 183109.329  86.0%   6.0  275s
H46945 41259                    1307629.6139 183109.329  86.0%   6.0  277s
H47423 41765                    1302623.8010 183109.329  85.9%   6.0  279s
 47520 41955 536077.988 5798  232 1302623.80 183109.329  85.9%   6.0  280s
 48608 43190 542971.737 6129  238 1302623.80 183109.329  85.9%   5.9  285s
H48944 43178                    1301710.2335 183109.329  85.9%   5.9  285s
H48945 43245                    1300951.0111 183109.329  85.9%   5.9  286s
 49834 44065 553988.566 6476  247 1300951.01 183109.329  85.9%   5.8  290s
H50205 44636                    1300719.5577 183109.329  85.9%   5.8  292s
H50649 44986                    1300718.6808 183109.329  85.9%   5.8  294s
H50747 44972                    1296742.4104 183109.329  85.9%   5.8  294s
 50757 45162 1073984.06 6667  234 1296742.41 183109.329  85.9%   5.8  295s
H51491 45956                    1296678.5309 183109.329  85.9%   5.8  298s
 52176 46621 1079603.25 7036  232 1296678.53 183109.329  85.9%   5.7  300s
H52733 46909                    1289138.5821 183109.329  85.8%   5.8  303s
 52883 47159 1090971.83 7182  233 1289138.58 183109.329  85.8%   5.8  305s
H53490 47708                    1289138.5789 183109.329  85.8%   5.7  307s
 54021 48344 1103986.25 7420  233 1289138.58 183109.329  85.8%   5.7  310s
H54508 48795                    1288583.9563 183109.329  85.8%   5.7  311s
H54664 49002                    1287744.3222 183109.329  85.8%   5.7  312s
 54943 49174 1107820.02 7690  233 1287744.32 183109.329  85.8%   5.7  315s
 56071 50500 1246530.46 7962  284 1287744.32 183109.329  85.8%   5.7  320s
H56565 50879                    1287742.4601 183109.329  85.8%   5.6  322s
H56754 50985                    1283473.1368 183109.329  85.7%   5.7  323s
 57389 51479 1249586.01 8227  243 1283473.14 183109.329  85.7%   5.7  325s
H57440 51477                    1282809.3251 183109.329  85.7%   5.7  325s
H57684 51633                    1277279.5439 183401.742  85.6%   5.7  327s
 58087 52121 233426.685   87  284 1277279.54 183401.742  85.6%   5.7  330s
H58248 52200                    1276522.6468 183401.742  85.6%   5.7  331s
H58282 52144                    1275183.0687 183401.742  85.6%   5.7  331s
 58961 52992 275389.160  155  293 1275183.07 183401.742  85.6%   5.8  335s
H59310 53311                    1275181.7066 183401.742  85.6%   5.8  337s
H59433 53303                    1274764.2186 183401.742  85.6%   5.8  337s
 59855 53836 598187.957  228  291 1274764.22 183401.742  85.6%   5.8  340s
H60029 53832                    1274630.1663 183401.742  85.6%   5.8  341s
H60031 53929                    1274629.2894 183401.742  85.6%   5.8  342s
H60875 54869                    1257738.6556 183401.742  85.4%   5.8  345s
H61825 55612                    1256065.2670 183401.742  85.4%   5.8  348s
H61979 55593                    1254644.5573 183401.742  85.4%   5.8  348s
 62357 56165 1037463.90  908  283 1254644.56 183401.742  85.4%   5.8  350s
H62901 56404                    1254616.2581 183401.742  85.4%   5.8  351s
H63742 57203                    1254556.8432 183401.742  85.4%   5.8  354s
 63744 57358 1024699.77 1441  282 1254556.84 183401.742  85.4%   5.8  355s
H64802 58302                    1254160.0940 183401.742  85.4%   5.8  358s
 65230 58675 1036540.17 1935  275 1254160.09 183401.742  85.4%   5.8  360s
 66536 60012 1040242.94 2406  277 1254160.09 183401.742  85.4%   5.9  365s
H68031 61391                    1252363.2507 183401.742  85.4%   5.9  370s
H68788 61952                    1252309.2425 183401.742  85.4%   6.0  373s
H68816 61929                    1251555.2190 183401.742  85.3%   6.0  373s
 69317 62550 1083102.89 3176  265 1251555.22 183401.742  85.3%   6.0  375s
H69650 62530                    1248150.2810 183401.742  85.3%   6.0  377s
 70259 63099 1090466.51 3479  264 1248150.28 183401.742  85.3%   6.1  380s
H70302 62901                    1243354.5679 183401.742  85.2%   6.1  380s
H71376 64291                    1243354.5674 183401.742  85.2%   6.1  383s
H71831 64194                    1233855.4380 183401.742  85.1%   6.1  384s
 71916 64519 1112656.99 3894  256 1233855.44 183401.742  85.1%   6.0  385s
H72963 65203                    1233839.7835 183401.742  85.1%   6.1  388s
 73432 65828 1124725.64 4413  255 1233839.78 183401.742  85.1%   6.1  390s
 74492 66838 1142137.89 4638  251 1233839.78 183401.742  85.1%   6.1  395s
 75282 67503 1190449.29 4871  252 1233839.78 183401.742  85.1%   6.2  400s
H75331 67503                    1233830.2223 183401.742  85.1%   6.2  400s
 75792 67960 1217485.14 5046  277 1233830.22 183401.742  85.1%   6.4  405s
H75794 67960                    1232702.2085 183401.742  85.1%   6.4  405s
H75984 68072                    1231774.5128 183502.492  85.1%   6.5  406s
H76178 68233                    1231394.1646 183502.492  85.1%   6.6  408s
H76236 68225                    1229572.6756 183502.492  85.1%   6.6  408s
 76434 68490 252685.489  160  282 1229572.68 183502.492  85.1%   6.6  410s
H77130 69281                    1229572.6744 183502.492  85.1%   6.7  413s
 77555 69863 605651.944  317  282 1229572.67 183502.492  85.1%   6.6  415s
H78458 70556                    1229466.6983 183502.492  85.1%   6.6  417s
 79265 71572 624354.433  729  260 1229466.70 183502.492  85.1%   6.5  420s
 80561 72713 627610.822 1031  252 1229466.70 183502.492  85.1%   6.5  425s
H80586 72713                    1229458.6530 183502.492  85.1%   6.5  425s
H80858 72967                    1229223.5079 183502.492  85.1%   6.5  426s
H81695 73894                    1229145.5504 183502.492  85.1%   6.5  428s
 82170 74470 628993.148 1430  251 1229145.55 183502.492  85.1%   6.4  430s
H82704 74817                    1229040.5732 183502.492  85.1%   6.4  432s
 83643 75812 634494.514 1747  242 1229040.57 183502.492  85.1%   6.5  435s
H84167 76175                    1229034.3991 183502.492  85.1%   6.5  438s
 84576 76728 634247.342 1944  242 1229034.40 183502.492  85.1%   6.5  440s
H84883 76932                    1228127.7143 183502.492  85.1%   6.5  441s
 85537 77521 652323.758 2189  255 1228127.71 183502.492  85.1%   6.5  445s
H86244 78320                    1228102.4452 183502.492  85.1%   6.5  447s
H86828 78817                    1227071.6069 183502.492  85.0%   6.5  449s
H86856 78817                    1225566.7548 183502.492  85.0%   6.5  449s
 86969 79144 640188.854 2476  242 1225566.75 183502.492  85.0%   6.5  450s
H87887 79809                    1225495.9008 183502.492  85.0%   6.5  452s
 88332 80544 661318.344 2800  242 1225495.90 183502.492  85.0%   6.5  455s
H88861 80857                    1223967.7149 183502.492  85.0%   6.5  457s
H89664 81477                    1223443.5700 183502.492  85.0%   6.5  459s
 89766 81739 663090.498 3090  242 1223443.57 183502.492  85.0%   6.5  460s
 90639 82423 678615.277 3423  241 1223443.57 183502.492  85.0%   6.6  465s
H90878 82569                    1223217.0281 183502.492  85.0%   6.7  466s
H91074 82747                    1223149.6117 183502.492  85.0%   6.7  468s
 91316 83058 686170.389 3564  242 1223149.61 183502.492  85.0%   6.7  470s
H91346 83058                    1222516.1093 183502.492  85.0%   6.7  470s
H91917 83745                    1222451.7179 183502.492  85.0%   6.7  472s
H92125 83832                    1222363.7906 183502.492  85.0%   6.7  472s
H92187 83822                    1222136.4478 183502.492  85.0%   6.7  473s
 93168 84896 714268.061 3730  243 1222136.45 183502.492  85.0%   6.7  475s
H93169 84862                    1220080.7456 183502.492  85.0%   6.7  475s
H93765 85546                    1219953.1685 183502.492  85.0%   6.6  478s
H93816 85546                    1219922.4985 183502.492  85.0%   6.6  478s
 94244 85973 715819.105 3807  244 1219922.50 183502.492  85.0%   6.6  480s
H94700 86335                    1219706.6932 183502.492  85.0%   6.6  481s
H95586 87393                    1219328.3932 183502.492  85.0%   6.6  485s
 96907 88559 719757.882 4122  251 1219328.39 183502.492  85.0%   6.5  490s
 98054 89724 729942.057 4330  241 1219328.39 183502.492  85.0%   6.6  495s
H98064 89640                    1217990.8649 183502.492  84.9%   6.5  495s
H98678 90286                    1217723.4410 183502.492  84.9%   6.6  497s
 99428 91025 736934.275 4569  240 1217723.44 183502.492  84.9%   6.5  500s
H99696 91047                    1216534.1235 183502.492  84.9%   6.5  500s
H99973 91335                    1214834.7940 183502.492  84.9%   6.5  502s
H100176 91549                    1214834.7621 183502.492  84.9%   6.5  503s
 100318 91980 738753.246 4801  240 1214834.76 183502.492  84.9%   6.5  505s
H101647 93165                    1214834.7609 183502.492  84.9%   6.5  510s
H102540 93950                    1213779.5459 183502.492  84.9%   6.5  513s
H102911 94308                    1213671.0669 183502.492  84.9%   6.5  514s
 102960 94695 743466.807 5366  238 1213671.07 183502.492  84.9%   6.5  515s
H103347 94841                    1211766.8357 183502.492  84.9%   6.5  516s
 104240 95832 819269.381 5633  267 1211766.84 183502.492  84.9%   6.5  520s
H104488 95991                    1211749.3496 183502.492  84.9%   6.5  520s
 105812 97227 903900.304 6053  260 1211749.35 183502.492  84.9%   6.5  525s
H106426 97900                    1209078.1040 183502.492  84.8%   6.5  529s
 106562 98151 909477.812 6257  251 1209078.10 183502.492  84.8%   6.5  530s
H107289 98688                    1209078.1008 183502.492  84.8%   6.5  532s
 107909 99335 945592.860 6700  246 1209078.10 183502.492  84.8%   6.5  535s
H107966 99335                    1209077.1017 183502.492  84.8%   6.5  535s
H108608 99957                    1208152.1630 183502.492  84.8%   6.5  536s
H109163 100475                    1205843.7275 183502.492  84.8%   6.6  539s
H109423 100828                    1205839.4704 183502.492  84.8%   6.6  540s
H109764 101008                    1205827.4536 183502.492  84.8%   6.6  541s
H109791 101075                    1205566.6001 183502.492  84.8%   6.6  542s
H110270 101745                    1205566.5861 183502.492  84.8%   6.6  545s
H110839 102050                    1201504.9912 183502.492  84.7%   6.6  547s
H111084 102301                    1201504.9908 183502.492  84.7%   6.6  549s
 111258 102753 981426.577 7813  235 1201504.99 183502.492  84.7%   6.6  550s
H111508 102753                    1201504.0057 183502.492  84.7%   6.6  550s
 112544 103838 1028984.75 8192  232 1201504.01 183502.492  84.7%   6.7  555s
H114003 105075                    1191019.5014 183502.492  84.6%   6.7  558s
 114982 106321 1079555.23 8628  228 1191019.50 183502.492  84.6%   6.6  560s
H115919 106909                    1190698.0910 183502.492  84.6%   6.6  561s
H117254 108016                    1190647.4823 183502.492  84.6%   6.6  563s
 118263 109181 1083761.27 8992  228 1190647.48 183502.492  84.6%   6.5  565s
H118882 109669                    1190645.5753 183502.492  84.6%   6.5  566s
H119002 109719                    1190405.6280 183502.492  84.6%   6.5  567s
H120338 111044                    1190052.8105 183502.492  84.6%   6.5  569s
 120366 111267 1096792.11 9300  229 1190052.81 183502.492  84.6%   6.5  570s
H120655 111507                    1190047.6082 183502.492  84.6%   6.5  571s
H121336 112015                    1189927.2335 183502.492  84.6%   6.4  573s
 122502 113219 1104493.81 9604  226 1189927.23 183502.492  84.6%   6.4  575s
H122564 113208                    1189023.6164 183502.492  84.6%   6.4  575s
 123430 114137 326679.239  186  273 1189023.62 183892.643  84.5%   6.4  580s
H123718 114404                    1188954.3154 183892.643  84.5%   6.4  581s
H124381 114977                    1188954.3122 183892.643  84.5%   6.4  582s
 125217 115963 418644.635 1031  226 1188954.31 183892.643  84.5%   6.5  585s
H126146 116837                    1187882.7079 183892.643  84.5%   6.4  588s
 126467 117052 424219.631 1540  224 1187882.71 183892.643  84.5%   6.4  590s
 127824 118578 510024.786 1791  241 1187882.71 183892.643  84.5%   6.5  595s
H128462 119066                    1187858.1050 183892.643  84.5%   6.5  597s
 129542 120203 528607.453 2614  223 1187858.11 183892.643  84.5%   6.5  600s
H130306 120857                    1186681.2981 183892.643  84.5%   6.5  603s
 130600 121307 553746.158 2862  239 1186681.30 183892.643  84.5%   6.5  605s
 131485 122028 573269.237 3199  237 1186681.30 183892.643  84.5%   6.6  610s
H131727 122221                    1186681.2980 183892.643  84.5%   6.6  611s
H131786 122141                    1178435.1700 183892.643  84.4%   6.6  611s
H132445 122734                    1176117.8154 183892.643  84.4%   6.7  614s
 132740 123074 675005.038 3807  220 1176117.82 183892.643  84.4%   6.7  615s
 133615 123979 678484.643 4223  220 1176117.82 183892.643  84.4%   6.7  620s
H133962 124232                    1176105.5684 183892.643  84.4%   6.8  621s
H134241 124573                    1176105.2039 183892.643  84.4%   6.8  623s
 134639 124983 700571.556 4751  221 1176105.20 183892.643  84.4%   6.9  625s
H134729 124982                    1176072.7945 183892.643  84.4%   6.9  625s
 135777 125925 219258.847   58  300 1176072.79 184069.932  84.3%   6.9  630s
H135800 125898                    1174983.4312 184069.932  84.3%   6.9  630s
H135826 125953                    1174982.4204 184069.932  84.3%   6.9  631s
H135856 125952                    1174915.4053 184069.932  84.3%   6.9  631s
 136282 126462 359528.360   83  384 1174915.41 184082.378  84.3%   7.0  635s
 136942 126999 259112.644  115  320 1174915.41 184087.954  84.3%   7.1  640s
H137652 127649                    1174912.8570 184152.007  84.3%   7.2  643s
H138009 128139                    1173059.4472 184152.007  84.3%   7.2  645s
H138888 129019                    1172236.4652 184152.007  84.3%   7.2  648s
 139358 129384 490818.399  575  246 1172236.47 184152.007  84.3%   7.2  650s
H139579 129376                    1171499.0639 184152.007  84.3%   7.1  650s
H140877 130770                    1171206.8854 184152.007  84.3%   7.1  655s
H140977 130770                    1170948.8835 184152.007  84.3%   7.1  655s
H141251 131371                    1170944.1029 184152.007  84.3%   7.1  657s
H141627 131579                    1170869.1312 184152.007  84.3%   7.1  660s
H142167 132099                    1170490.3780 184152.007  84.3%   7.1  661s
H143309 133307                    1170489.1056 184248.608  84.3%   7.1  663s
H143593 133551                    1170485.2257 184248.608  84.3%   7.1  664s
 143837 133881 343385.037  230  253 1170485.23 184248.608  84.3%   7.1  665s
 146129 135879 691081.390  185  381 1170485.23 184264.370  84.3%   7.0  670s
H146150 135879                    1170470.4210 184264.370  84.3%   7.0  670s
H146574 136344                    1169468.1453 184264.375  84.2%   7.1  672s
H146920 136578                    1169459.7594 184264.375  84.2%   7.1  674s
 147092 136960 1040198.60  215  358 1169459.76 184264.375  84.2%   7.1  675s
H147131 136958                    1169123.7830 184264.375  84.2%   7.1  675s
 148658 138219 1142989.24  675  289 1169123.78 184280.885  84.2%   7.1  680s
 149586 138993 187893.809   40  351 1169123.78 184282.045  84.2%   7.2  685s
H149609 138993                    1169123.2677 184282.045  84.2%   7.2  685s
 150516 140395 619539.730  396  235 1169123.27 184282.045  84.2%   7.2  690s
 152305 142000 639463.022 1213  233 1169123.27 184282.045  84.2%   7.2  695s
H152961 142304                    1167839.8388 184282.045  84.2%   7.1  696s
 154875 144527 677588.802 2266  238 1167839.84 184282.045  84.2%   7.1  700s
H155794 145232                    1167231.8614 184282.045  84.2%   7.0  701s
H155942 145381                    1167231.7106 184282.045  84.2%   7.0  702s
H155993 145381                    1167230.8622 184282.045  84.2%   7.0  702s
H157124 146507                    1166552.4118 184282.045  84.2%   7.0  705s
H158431 147819                    1166305.4289 184282.045  84.2%   7.0  707s
H158535 147907                    1166283.1353 184282.045  84.2%   7.0  708s
 159354 148654 732841.992 3997  235 1166283.14 184282.045  84.2%   7.0  710s
H159488 148720                    1164855.3593 184282.045  84.2%   7.0  710s
H160386 149555                    1164813.4176 184282.045  84.2%   7.0  713s
 161270 150395 infeasible 5419      1164813.42 184282.045  84.2%   7.0  715s
H161439 150533                    1164179.1125 184282.045  84.2%   7.1  716s
 162129 151338 753229.941 5965  226 1164179.11 184282.045  84.2%   7.1  720s
 163316 152402     cutoff 6663      1164179.11 184411.373  84.2%   7.3  725s
H163640 152619                    1164031.8473 184460.565  84.2%   7.3  726s
H163671 152599                    1161950.8871 184460.565  84.1%   7.3  726s
H163949 152864                    1161841.8036 184460.565  84.1%   7.3  729s
H164020 152907                    1161789.5395 184460.565  84.1%   7.3  730s
H164046 152931                    1161582.0265 184470.157  84.1%   7.3  730s
H164301 153224                    1161563.7418 184470.157  84.1%   7.4  732s
 164852 153802 597049.893  174  263 1161563.74 184477.098  84.1%   7.4  735s
H165825 154759                    1161548.9371 184477.098  84.1%   7.4  738s
 166520 155432     cutoff  434      1161548.94 184477.098  84.1%   7.4  740s
H167046 155942                    1161386.6118 184477.098  84.1%   7.4  742s
H167081 155942                    1161348.4995 184477.098  84.1%   7.4  742s
 167520 156430 1058596.77  589  322 1161348.50 184477.098  84.1%   7.4  745s
H168297 156938                    1161230.8291 184477.098  84.1%   7.4  747s
H168937 157566                    1161129.5634 184477.098  84.1%   7.4  749s
 169557 158085     cutoff  824      1161129.56 184477.098  84.1%   7.4  750s
H169588 158085                    1161108.0617 184477.098  84.1%   7.4  750s
H170817 159171                    1160939.6987 184477.146  84.1%   7.4  754s
 171129 159699 393065.821  190  414 1160939.70 184477.146  84.1%   7.4  755s
H171847 160236                    1160939.5648 184477.146  84.1%   7.4  757s
H171853 160236                    1160939.0524 184477.146  84.1%   7.4  757s
H172161 160641                    1160365.9397 184483.589  84.1%   7.4  758s
 172356 160781 234749.336  105  282 1160365.94 184483.589  84.1%   7.4  760s
H172525 160894                    1159978.9984 184483.589  84.1%   7.4  760s
H173353 161728                    1159496.1225 184483.589  84.1%   7.4  763s
 174128 162611 758861.799  535  284 1159496.12 184483.589  84.1%   7.4  765s
H174435 162662                    1159495.1916 184483.589  84.1%   7.4  766s
H175570 163794                    1159446.1352 184483.589  84.1%   7.4  769s
 175820 164220 454246.685   85  289 1159446.14 184483.589  84.1%   7.4  770s
H176095 164444                    1159193.9817 184483.589  84.1%   7.4  771s
 177139 165277 199686.487   44  357 1159193.98 184490.180  84.1%   7.4  775s
 177574 165577 444113.758  139  273 1159193.98 184490.180  84.1%   7.4  780s
H177677 165681                    1158985.6094 184490.180  84.1%   7.4  781s
H178071 165940                    1158433.9136 184500.797  84.1%   7.5  784s
 178130 166059 333071.868   64  412 1158433.91 184500.797  84.1%   7.5  785s
H179093 167061                    1158430.1092 184505.778  84.1%   7.6  789s
 179335 167486 834810.382  284  344 1158430.11 184505.778  84.1%   7.6  790s
H180665 168486                    1157448.2197 184505.778  84.1%   7.5  793s
H180910 168666                    1157437.7616 184505.778  84.1%   7.5  793s
 181476 169413 1090898.59  843  284 1157437.76 184505.778  84.1%   7.5  795s
H181919 169472                    1156452.7369 184505.778  84.0%   7.5  796s
 182724 170251 1120516.59 1315  262 1156452.74 184505.778  84.0%   7.5  800s
H184014 171276                    1155051.6376 184505.935  84.0%   7.5  804s
 184372 171590 234811.909  105  288 1155051.64 184505.935  84.0%   7.5  805s
H184894 172011                    1154948.1191 184505.935  84.0%   7.5  808s
 185324 172478 412227.603  169  305 1154948.12 184505.935  84.0%   7.5  810s
H185452 172586                    1154918.6613 184505.935  84.0%   7.5  811s
 186385 173596 313298.781   86  429 1154918.66 184524.588  84.0%   7.5  815s
H187094 173955                    1154916.1917 184524.588  84.0%   7.5  819s
 187240 174151 634582.426  134  289 1154916.19 184524.588  84.0%   7.5  820s
H187795 174514                    1154914.2825 184530.546  84.0%   7.6  823s
H187908 174738                    1154871.1968 184530.547  84.0%   7.6  824s
 188063 174973 266005.820   88  276 1154871.20 184533.297  84.0%   7.6  825s
H188366 175089                    1154862.6507 184533.612  84.0%   7.6  826s
H188625 175329                    1154843.3519 184533.612  84.0%   7.6  827s
H189112 175719                    1154842.9412 184539.903  84.0%   7.6  829s
 189186 175807 256029.946  118  286 1154842.94 184539.903  84.0%   7.6  830s
H189798 176342                    1154842.5717 184539.903  84.0%   7.6  831s
 190928 177567 311145.419 1286  228 1154842.57 184539.903  84.0%   7.6  835s
 192054 178690 315231.521 2060  225 1154842.57 184539.903  84.0%   7.6  840s
 193428 179981 318751.513 2868  225 1154842.57 184539.903  84.0%   7.7  845s
H193588 180054                    1154539.4522 184539.903  84.0%   7.7  846s
H193782 179438                    1152609.6821 184539.903  84.0%   7.7  847s
H194738 180315                    1152609.5483 184539.903  84.0%   7.7  849s
 194797 180531 386374.533 3842  227 1152609.55 184539.903  84.0%   7.7  850s
 195930 181636 390087.514 4678  227 1152609.55 184539.903  84.0%   7.7  855s
H196978 182538                    1152191.1971 184539.903  84.0%   7.7  858s
H197311 182964                    1152181.3673 184539.903  84.0%   7.7  859s
H197446 182964                    1152178.9562 184539.903  84.0%   7.7  859s
 197521 183173 393516.588 5694  226 1152178.96 184539.903  84.0%   7.7  860s
H197605 183151                    1151897.8371 184539.903  84.0%   7.7  860s
H198008 183325                    1150815.1180 184539.903  84.0%   7.7  862s
 198561 184280 499445.997 5948  237 1150815.12 184539.903  84.0%   7.7  865s
H199630 185107                    1150812.3425 184539.903  84.0%   7.7  868s
 200184 185739 505124.825 6437  233 1150812.34 184539.903  84.0%   7.7  870s
 202018 187443 543898.174 7035  226 1150812.34 184539.903  84.0%   7.6  875s
H202382 187875                    1150641.5295 184539.903  84.0%   7.6  876s
H203162 188572                    1150631.4828 184539.903  84.0%   7.6  879s
 203270 188727 651023.692 7184  232 1150631.48 184539.903  84.0%   7.6  880s
H203648 188995                    1150618.6674 184539.903  84.0%   7.7  881s
H204560 190089                    1150618.6646 184539.903  84.0%   7.7  885s
H205078 190586                    1150448.7160 184539.903  84.0%   7.7  887s
H206032 191425                    1150381.0892 184539.903  84.0%   7.7  889s
 206442 191967 1051304.70 8033  219 1150381.09 184539.903  84.0%   7.7  890s
H206732 192066                    1149964.1678 184539.903  84.0%   7.7  891s
H207620 192943                    1149964.1291 184619.561  83.9%   7.7  895s
H207801 193000                    1149962.9994 184619.561  83.9%   7.7  895s
 208955 194285 346614.666  938  239 1149963.00 184619.561  83.9%   7.6  900s
H209766 195004                    1149960.6098 184619.561  83.9%   7.7  904s
 210058 195499 364571.229 1201  232 1149960.61 184619.561  83.9%   7.7  905s
H211420 196667                    1149893.2599 184619.561  83.9%   7.7  908s
H211465 196667                    1149603.5233 184619.561  83.9%   7.7  908s
 212107 197475 374910.616 1909  221 1149603.52 184619.561  83.9%   7.7  910s
H212526 197680                    1147866.8254 184619.561  83.9%   7.7  911s
H212575 197797                    1147650.6508 184619.561  83.9%   7.7  912s
 213137 198395 379516.042 2245  225 1147650.65 184619.561  83.9%   7.7  915s
 214697 200059 392484.109 3203  230 1147650.65 184619.561  83.9%   7.7  920s
 215747 200788 1059183.38   99  357 1147650.65 184630.666  83.9%   7.8  925s
H215761 200788                    1147649.9352 184630.666  83.9%   7.8  925s
H215787 200820                    1147383.4183 184648.636  83.9%   7.8  925s
H215816 200855                    1147171.7025 184648.636  83.9%   7.8  926s
H216192 201186                    1147122.6753 184652.515  83.9%   7.8  929s
 216315 201331 254809.177   76  296 1147122.68 184654.096  83.9%   7.9  930s
H216318 201331                    1147007.0728 184654.096  83.9%   7.9  930s
H217022 201874                    1146989.1031 184680.087  83.9%   7.9  933s
H217092 202002                    1146977.4634 184680.087  83.9%   7.9  935s
 218184 203041 374289.063  531  261 1146977.46 184680.391  83.9%   8.0  940s
H218395 203137                    1146399.0206 184680.391  83.9%   8.0  944s
 218396 203218 375163.151  657  261 1146399.02 184680.391  83.9%   8.0  945s
H218610 203410                    1146397.5021 184680.391  83.9%   8.0  946s
H219237 203975                    1146010.8180 184680.391  83.9%   8.0  949s
H219271 204016                    1145082.7079 184680.391  83.9%   8.0  949s
H219356 204172                    1145082.7052 184680.391  83.9%   8.0  950s
 220454 205146 482831.919 1195  226 1145082.71 184680.391  83.9%   8.1  955s
H222045 206691                    1145082.3408 184680.391  83.9%   8.2  959s
 222094 207036 600595.523 2318  232 1145082.34 184680.391  83.9%   8.2  960s
H222438 207036                    1145070.3927 184680.391  83.9%   8.2  960s
H223097 207989                    1145057.7919 184680.391  83.9%   8.2  964s
 223410 208085 616099.911 3066  223 1145057.79 184680.391  83.9%   8.2  965s
 224975 209696 489521.431  525  284 1145057.79 184704.737  83.9%   8.2  970s
H225081 209680                    1144504.7587 184704.737  83.9%   8.2  970s
H225523 210021                    1144478.8517 184704.737  83.9%   8.2  972s
H226252 210638                    1144477.2853 184715.330  83.9%   8.2  974s
H226343 210638                    1144476.9863 184715.330  83.9%   8.2  974s
 226344 210877 230218.817   67  291 1144476.99 184715.330  83.9%   8.2  975s
H227531 211784                    1143764.5764 184715.330  83.9%   8.3  979s
 227586 211934 732110.498  205  390 1143764.58 184715.330  83.9%   8.3  980s
 228521 212799 377691.427  149  287 1143764.58 184743.774  83.8%   8.3  985s
 229589 213962 216592.725   54  327 1143764.58 184752.906  83.8%   8.3  990s
 231231 215434 239488.334   48  478 1143764.58 184761.104  83.8%   8.3  995s
H232151 216253                    1143277.8119 184761.104  83.8%   8.3 1000s
H232472 216718                    1143277.5350 184761.104  83.8%   8.3 1002s
 233259 217338 815347.098  128  439 1143277.54 184761.104  83.8%   8.4 1005s
 233811 217717 229396.415   97  294 1143277.54 184761.458  83.8%   8.4 1010s
 235117 218861 185359.256   37  345 1143277.54 184785.273  83.8%   8.4 1015s
H235808 219462                    1143276.2387 184797.951  83.8%   8.5 1018s
H236023 219524                    1143268.0493 184798.251  83.8%   8.5 1019s
H236065 219634                    1143221.6777 184798.251  83.8%   8.5 1019s
 236179 219779 305846.640   99  288 1143221.68 184798.251  83.8%   8.5 1020s
H237234 220927                    1143204.1643 184798.251  83.8%   8.5 1025s
H237288 220910                    1143148.3211 184798.251  83.8%   8.5 1025s
 238538 222193 296107.755  515  251 1143148.32 184798.251  83.8%   8.5 1030s
 239471 222986 373422.653  805  237 1143148.32 184798.251  83.8%   8.5 1035s
H239517 222984                    1143141.0460 184798.251  83.8%   8.6 1035s
H240600 223853                    1142876.2792 184805.862  83.8%   8.6 1039s
 240660 224012 260384.989   76  277 1142876.28 184805.862  83.8%   8.6 1040s
 241680 224935 535185.955  211  249 1142876.28 184805.862  83.8%   8.6 1045s
 242938 226182 805438.192  371  236 1142876.28 184805.862  83.8%   8.6 1050s
 243873 226874 566026.784  239  278 1142876.28 184813.586  83.8%   8.7 1055s
H243969 226813                    1142121.6418 184813.586  83.8%   8.7 1056s
H245004 227887                    1142121.2197 184813.586  83.8%   8.7 1059s
 245613 228712 582207.087 1253  242 1142121.22 184813.586  83.8%   8.7 1060s
 247507 230272 587320.098 1998  239 1142121.22 184813.586  83.8%   8.6 1065s
H247768 230381                    1141965.3969 184813.586  83.8%   8.6 1066s
 249001 231526 632843.172 2947  230 1141965.40 184813.586  83.8%   8.6 1070s
H249039 231526                    1141965.3710 184813.586  83.8%   8.6 1070s
 250098 232694 637811.098 3608  229 1141965.37 184813.586  83.8%   8.7 1075s
 251270 233736 642199.174 4504  230 1141965.37 184813.586  83.8%   8.7 1080s
H252145 234675                    1141884.9113 184813.586  83.8%   8.8 1084s
 252576 235239 663384.799 5354  219 1141884.91 184813.586  83.8%   8.8 1085s
H253369 235644                    1141847.8186 184813.586  83.8%   8.8 1089s
 253685 236084 798408.459 5916  219 1141847.82 184813.586  83.8%   8.8 1090s
 254846 237362 807759.864 6789  220 1141847.82 184813.586  83.8%   8.8 1095s
H255199 237446                    1141845.7040 184813.586  83.8%   8.8 1096s
 256460 238591 809962.552  252  307 1141845.70 184902.946  83.8%   8.8 1100s
H256920 238658                    1141484.8727 184902.946  83.8%   8.8 1102s
H257221 238815                    1141478.6223 184908.669  83.8%   8.9 1104s
 257289 238921 959675.663  135  334 1141478.62 184909.215  83.8%   8.9 1105s
 258350 239832 972940.743  497  361 1141478.62 184927.549  83.8%   8.9 1110s
H258378 239831                    1141470.0330 184927.549  83.8%   8.9 1110s
 258822 240620 736693.147  231  284 1141470.03 184927.549  83.8%   8.9 1115s
 260642 242256 750119.605 1515  257 1141470.03 184927.549  83.8%   8.9 1120s
 262289 243851 764238.080 2772  243 1141470.03 184927.549  83.8%   8.9 1125s
H262672 244018                    1141387.6146 184927.549  83.8%   8.9 1125s
H263855 245049                    1141386.1413 184927.549  83.8%   8.9 1128s
H263898 245032                    1141297.3336 184927.549  83.8%   8.9 1128s
 264289 245421 781592.112 4380  231 1141297.33 184927.549  83.8%   8.8 1130s
H264291 245646                    1141237.1463 184927.549  83.8%   8.8 1131s
H265477 246719                    1141236.8290 184927.549  83.8%   8.8 1134s
 265979 247475 787907.192 5117  229 1141236.83 184927.549  83.8%   8.8 1135s
 268301 249639 804128.477 6051  224 1141236.83 184927.549  83.8%   8.7 1140s
 269490 250652 810096.293 6502  220 1141236.83 184927.549  83.8%   8.7 1145s
 271183 252332 847444.225 7304  222 1141236.83 184927.549  83.8%   8.7 1150s
 272865 253835 879933.155 8122  218 1141236.83 184927.549  83.8%   8.8 1155s
H273792 254575                    1141192.7058 184927.549  83.8%   8.8 1158s
H274151 254934                    1141190.9078 184927.549  83.8%   8.8 1159s
 274152 254958 918097.733 8724  217 1141190.91 184927.549  83.8%   8.8 1160s
H274933 255724                    1140791.6933 184927.549  83.8%   8.8 1164s
 275025 255887 966093.684 9231  216 1140791.69 184927.549  83.8%   8.8 1165s
H276581 257103                    1140280.6039 184927.549  83.8%   8.9 1170s
 278488 259176 1044348.35 10475  217 1140280.60 184927.549  83.8%   9.0 1175s
H279294 259780                    1140280.5589 184927.549  83.8%   9.0 1177s
H279647 259656                    1138938.4337 184965.319  83.8%   9.0 1183s
 279729 259847 196928.686   56  325 1138938.43 184965.319  83.8%   9.0 1185s
H279960 260096                    1138938.4078 184965.319  83.8%   9.0 1186s
H280005 260095                    1138933.4186 184965.319  83.8%   9.0 1186s
 280942 261082 347623.632   96  262 1138933.42 184968.382  83.8%   9.0 1190s
H282363 262708                    1138930.6290 184997.040  83.8%   9.0 1194s
 282766 262882 816148.148  180  371 1138930.63 184997.040  83.8%   9.0 1195s
H284003 263946                    1138830.4898 185004.453  83.8%   9.0 1199s
 284080 264088 934086.943  453  320 1138830.49 185009.333  83.8%   9.0 1200s
H284850 264712                    1138830.4896 185009.333  83.8%   9.0 1204s
 284901 264818 668304.679  185  403 1138830.49 185009.333  83.8%   9.0 1205s
H285039 264904                    1138830.4637 185009.333  83.8%   9.0 1206s
H285088 264904                    1138830.1252 185023.276  83.8%   9.0 1206s
H285607 265591                    1138827.6742 185030.608  83.8%   9.0 1208s
H285898 265669                    1138764.1254 185030.608  83.8%   9.0 1209s
 285940 265831 306439.020  117  293 1138764.13 185030.608  83.8%   9.0 1210s
H286441 266122                    1138763.2985 185031.948  83.8%   9.1 1212s
 287498 267358 746408.014  623  299 1138763.30 185031.948  83.8%   9.1 1215s
 289182 269122 837044.109 1126  278 1138763.30 185031.948  83.8%   9.1 1220s
H290035 269840                    1138762.0108 185031.948  83.8%   9.1 1223s
 290807 270976     cutoff 1871      1138762.01 185031.948  83.8%   9.1 1225s
 292717 272796 918368.371  456  311 1138762.01 185034.900  83.8%   9.1 1230s
H293533 273044                    1138400.8596 185034.900  83.7%   9.1 1231s
H293944 273356                    1138396.1296 185038.490  83.7%   9.2 1234s
 294001 273433 289559.998   57  464 1138396.13 185038.490  83.7%   9.2 1235s
H294043 273426                    1138381.4533 185038.490  83.7%   9.2 1235s
H294265 273597                    1138365.4501 185038.490  83.7%   9.2 1236s
H294443 273788                    1138278.8416 185039.395  83.7%   9.2 1238s
H294625 273992                    1138274.9618 185039.395  83.7%   9.2 1239s
 294727 274087 infeasible  181      1138274.96 185040.888  83.7%   9.2 1240s
H295085 274305                    1138250.3510 185040.888  83.7%   9.2 1242s
H295656 274798                    1138173.4099 185043.588  83.7%   9.2 1244s
 295665 274904 1038830.19  191  293 1138173.41 185043.875  83.7%   9.2 1245s
H296895 276025                    1138162.7297 185046.825  83.7%   9.3 1249s
 296932 276392 772439.010  299  186 1138162.73 185046.825  83.7%   9.3 1250s
H297941 277095                    1138162.7038 185046.825  83.7%   9.3 1252s
H297986 277083                    1138099.1232 185046.825  83.7%   9.3 1252s
 299251 278524 787201.241 1943  177 1138099.12 185046.825  83.7%   9.2 1255s
 300519 279990 794348.552 2601  166 1138099.12 185046.825  83.7%   9.2 1260s
H301360 280457                    1138033.7334 185046.825  83.7%   9.2 1261s
H302367 281431                    1138033.7075 185046.825  83.7%   9.2 1264s
H302368 281431                    1138033.5891 185046.825  83.7%   9.2 1264s
 302374 281811 843289.746 3497  162 1138033.59 185046.825  83.7%   9.2 1265s
H303121 282430                    1138011.7611 185046.825  83.7%   9.2 1266s
 304742 284033 854219.548 4671  153 1138011.76 185046.825  83.7%   9.2 1270s
 306131 285329 858803.683 5277  152 1138011.76 185046.825  83.7%   9.2 1275s
 307807 286897 867035.231 6167  153 1138011.76 185046.825  83.7%   9.2 1280s
H308627 287295                    1137437.0838 185046.825  83.7%   9.2 1282s
H308715 287339                    1137250.2427 185046.825  83.7%   9.2 1282s
 309206 287847 907457.800 6689  145 1137250.24 185046.825  83.7%   9.2 1285s
H309987 288423                    1137215.5974 185046.825  83.7%   9.2 1288s
H310033 288601                    1137208.4856 185046.825  83.7%   9.2 1289s
 310380 288732 998753.511 6956  141 1137208.49 185046.825  83.7%   9.2 1291s
 310930 289179 703923.464  141  406 1137208.49 185098.435  83.7%   9.2 1295s
 311861 289957 272370.127  102  295 1137208.49 185103.605  83.7%   9.3 1300s
H312054 290066                    1137119.0074 185103.605  83.7%   9.3 1301s
 313679 292000 762547.379  852  214 1137119.01 185103.605  83.7%   9.2 1305s
 315074 293179 186079.192   37  356 1137119.01 185105.546  83.7%   9.3 1310s
H315228 293162                    1137050.8585 185105.546  83.7%   9.3 1310s
 315812 293672 221504.363   70  297 1137050.86 185105.581  83.7%   9.3 1315s
H316548 294254                    1137019.9739 185105.581  83.7%   9.3 1318s
 316744 294609 875411.989  268  291 1137019.97 185105.581  83.7%   9.3 1320s
H317107 294811                    1137019.0357 185105.581  83.7%   9.3 1320s
H317404 295046                    1136983.7622 185105.581  83.7%   9.3 1322s
H317414 295046                    1136982.8240 185105.581  83.7%   9.3 1322s
 317948 295916 994970.667  724  267 1136982.82 185105.581  83.7%   9.3 1325s
H318472 296268                    1136981.2912 185105.581  83.7%   9.3 1327s
H318856 296455                    1136971.0099 185105.581  83.7%   9.3 1327s
 319320 297021 1012238.65 1127  263 1136971.01 185105.581  83.7%   9.3 1330s
 320084 297598 483767.465  117  294 1136971.01 185150.914  83.7%   9.4 1335s
H320311 297773                    1136963.1383 185150.914  83.7%   9.4 1337s
H320501 297993                    1136933.9008 185150.914  83.7%   9.4 1338s
 320557 298032 908050.863  196  288 1136933.90 185150.914  83.7%   9.4 1340s
 321507 298911 1067548.27  213  352 1136933.90 185150.914  83.7%   9.4 1345s
H321845 299389                    1136933.7823 185150.914  83.7%   9.4 1346s
 322755 300270 680207.682  162  398 1136933.78 185162.425  83.7%   9.4 1350s
H323687 301062                    1136826.6514 185171.589  83.7%   9.4 1353s
 324005 301263 425987.952   69  277 1136826.65 185180.602  83.7%   9.5 1355s
H324085 301392                    1136825.7464 185180.602  83.7%   9.5 1356s
H324388 301515                    1136782.5524 185183.586  83.7%   9.5 1357s
H324883 302145                    1136718.4315 185184.681  83.7%   9.5 1359s
H325001 302103                    1136531.0888 185184.681  83.7%   9.5 1359s
 325089 302210 261575.636  104  264 1136531.09 185184.681  83.7%   9.5 1360s
 325688 302808 770908.404  104  393 1136531.09 185194.449  83.7%   9.5 1365s
H325854 302958                    1136445.0154 185194.449  83.7%   9.5 1365s
 327153 304139 622690.331  205  248 1136445.02 185206.359  83.7%   9.5 1370s
H327452 304560                    1136445.0153 185208.572  83.7%   9.5 1371s
 328548 305461 853553.428  150  387 1136445.02 185212.378  83.7%   9.5 1375s
H328980 306010                    1136442.5444 185217.570  83.7%   9.5 1378s
 329488 306556 423621.584  106  405 1136442.54 185217.570  83.7%   9.5 1380s
 330595 307435 760445.620  170  256 1136442.54 185219.042  83.7%   9.5 1385s
H331270 307906                    1135917.9579 185221.682  83.7%   9.6 1388s
 331549 308264 393210.713   44  325 1135917.96 185223.076  83.7%   9.6 1390s
 332617 309242 560381.046  183  288 1135917.96 185224.516  83.7%   9.6 1395s
 334403 310948 578992.168 1465  185 1135917.96 185224.516  83.7%   9.6 1400s
H334652 311087                    1135883.6652 185224.516  83.7%   9.6 1401s
H335023 311763                    1135863.9199 185224.516  83.7%   9.6 1404s
H335187 311760                    1135848.0296 185224.516  83.7%   9.6 1404s
 335361 311964 581388.751 1869  185 1135848.03 185224.516  83.7%   9.6 1405s
 336747 313383 586624.860 2358  187 1135848.03 185224.516  83.7%   9.6 1410s
 338452 315023 603307.916 3286  223 1135848.03 185224.516  83.7%   9.6 1415s
H339760 316046                    1135847.2345 185224.516  83.7%   9.6 1417s
 340280 316742 634811.923 4360  222 1135847.23 185224.516  83.7%   9.6 1420s
 341737 318101 646429.102 5418  223 1135847.23 185224.516  83.7%   9.6 1425s
 343566 319897 696395.724 6829  222 1135847.23 185224.516  83.7%   9.6 1430s
H344159 320334                    1135846.3125 185224.516  83.7%   9.6 1432s
 344651 320903 727958.125 7329  222 1135846.31 185224.516  83.7%   9.7 1435s
H344869 321036                    1135822.9670 185224.516  83.7%   9.7 1436s
H345131 321404                    1135821.2499 185224.516  83.7%   9.7 1437s
 345891 322361 735910.639 8011  222 1135821.25 185224.516  83.7%   9.7 1440s
 347447 323860 749495.865 8364  222 1135821.25 185224.516  83.7%   9.7 1445s
H349140 325425                    1135788.2160 185224.516  83.7%   9.7 1449s
 350011 326335 776930.170 9147  214 1135788.22 185224.516  83.7%   9.7 1450s
H350080 326335                    1135787.9545 185224.516  83.7%   9.7 1450s
H350723 326814                    1135780.3738 185224.516  83.7%   9.7 1451s
H351023 327382                    1135778.6567 185224.516  83.7%   9.7 1452s
 351694 328099 784934.303 9860  214 1135778.66 185224.516  83.7%   9.7 1455s
H352271 328555                    1135761.7560 185224.516  83.7%   9.7 1456s
H353025 329261                    1135761.7002 185224.516  83.7%   9.7 1458s
 353837 330191 801402.159 10581  218 1135761.70 185224.516  83.7%   9.7 1460s
 355620 331823 865127.178 11017  214 1135761.70 185224.516  83.7%   9.7 1465s
H355704 331685                    1135292.1591 185224.516  83.7%   9.7 1465s
 356797 332937 814571.379 11525  213 1135292.16 185224.516  83.7%   9.7 1470s
H356798 332937                    1135291.7467 185224.516  83.7%   9.7 1470s
 358473 334437 548464.755  145  263 1135291.75 185263.679  83.7%   9.8 1475s
 359598 335294     cutoff  130      1135291.75 185298.548  83.7%   9.8 1480s
H360437 335902                    1135256.7390 185308.670  83.7%   9.8 1485s
 361293 336866 237617.259   73  318 1135256.74 185311.772  83.7%   9.8 1490s
H361645 337029                    1135165.0655 185311.772  83.7%   9.8 1494s
 361876 337163 843886.117  103  421 1135165.07 185322.790  83.7%   9.8 1495s
H361969 337162                    1135153.4258 185322.790  83.7%   9.8 1495s
H362028 337236                    1135149.5459 185330.636  83.7%   9.8 1496s
H362387 337585                    1135147.9051 185330.636  83.7%   9.8 1498s
 362972 338372 926770.415  501  169 1135147.91 185330.636  83.7%   9.8 1500s
H363935 338990                    1135137.7735 185330.636  83.7%   9.8 1502s
 365537 340829 956897.101 2618  162 1135137.77 185330.636  83.7%   9.8 1505s
H366307 341402                    1135058.9320 185330.636  83.7%   9.8 1508s
 366641 341604 974254.457 3517  155 1135058.93 185330.636  83.7%   9.8 1510s
 368332 343421 978550.199 4916  156 1135058.93 185330.636  83.7%   9.8 1515s
 369821 344496 1057793.30  195  324 1135058.93 185386.166  83.7%   9.8 1520s
H370126 344656                    1134945.5541 185386.395  83.7%   9.8 1521s
H370357 344854                    1134939.1260 185386.395  83.7%   9.8 1523s
H370569 345042                    1134838.7462 185391.588  83.7%   9.8 1524s
 370632 345068 358517.476  118  301 1134838.75 185391.588  83.7%   9.9 1525s
 371179 345429 440956.964  133  416 1134838.75 185394.358  83.7%   9.9 1530s
H371266 345451                    1134808.2490 185394.358  83.7%   9.9 1530s
H371564 345682                    1134808.2489 185409.211  83.7%  10.0 1534s
 371625 345703 1055976.72  203  321 1134808.25 185414.228  83.7%  10.0 1535s
H371820 345772                    1134786.0466 185414.228  83.7%  10.0 1539s
 371821 345807 672530.872  125  388 1134786.05 185414.398  83.7%  10.0 1540s
H372001 345868                    1134551.7439 185414.398  83.7%  10.0 1540s
H372184 345952                    1134551.7169 185414.398  83.7%  10.0 1542s
H372362 346074                    1134529.1746 185450.590  83.7%  10.0 1544s
 372501 346314 516843.918  131  305 1134529.17 185450.670  83.7%  10.0 1545s
 373299 346753 330666.129   54  420 1134529.17 185456.809  83.7%  10.1 1550s
H373368 346794                    1134512.9171 185456.809  83.7%  10.1 1551s
 373880 347075 189869.664   50  311 1134512.92 185460.927  83.7%  10.2 1555s
H373950 347132                    1134491.3564 185460.927  83.7%  10.2 1555s
 374587 347461 1002451.10  490  248 1134491.36 185460.927  83.7%  10.3 1560s
H374792 347476                    1134489.0300 185460.927  83.7%  10.3 1562s
H374820 347478                    1134484.2846 185460.927  83.7%  10.3 1562s
 374951 347496 1002532.14  553  242 1134484.28 185460.927  83.7%  10.4 1565s
 375478 347814 963727.309  132  362 1134484.28 185479.148  83.7%  10.4 1570s
H375846 348009                    1134484.2842 185479.148  83.7%  10.5 1574s
 375902 348076 893386.213  185  362 1134484.28 185479.148  83.7%  10.5 1575s
H376273 348269                    1134452.2086 185484.942  83.6%  10.5 1578s
 376407 348380 1031973.16  161  331 1134452.21 185484.942  83.6%  10.6 1580s
H376506 348468                    1134451.6990 185484.942  83.6%  10.6 1581s
 376767 348589 1041574.51  146  348 1134451.70 185487.826  83.6%  10.6 1586s
H376906 348621                    1134331.6594 185487.826  83.6%  10.6 1587s
H377003 348661                    1134328.2891 185496.354  83.6%  10.6 1588s
H377151 348726                    1134139.0185 185496.354  83.6%  10.6 1589s
 377171 348798 917067.801  181  376 1134139.02 185535.041  83.6%  10.6 1590s
H377308 348894                    1134137.4367 185535.041  83.6%  10.6 1591s
 377837 349192 425074.030   67  280 1134137.44 185624.029  83.6%  10.7 1595s
H378133 349308                    1134136.2806 185627.260  83.6%  10.7 1596s
 378632 349719 837578.963   91  410 1134136.28 185667.742  83.6%  10.7 1600s
H379024 349855                    1134093.8503 185674.172  83.6%  10.7 1602s
 379300 350065 637155.034  177  311 1134093.85 185674.172  83.6%  10.8 1605s
 380230 351055 412459.286   53  291 1134093.85 185732.622  83.6%  10.8 1610s
 381120 351710 1091139.98  218  327 1134093.85 185734.720  83.6%  10.8 1615s
H381894 352380                    1134093.8328 185734.720  83.6%  10.9 1619s
 381987 352819 712532.695  512  262 1134093.83 185734.720  83.6%  10.9 1621s
 383795 354866 736697.111 1677  222 1134093.83 185734.720  83.6%  10.8 1625s
H385742 356302                    1134092.6950 185734.720  83.6%  10.8 1628s
 386200 356990 739242.299 2531  220 1134092.69 185734.720  83.6%  10.8 1631s
 387314 358012 740730.004 2953  220 1134092.69 185734.720  83.6%  10.8 1635s
H389206 359560                    1134076.5664 185734.720  83.6%  10.8 1639s
 389215 359733 779867.440 3877  221 1134076.57 185734.720  83.6%  10.8 1640s
 390664 361166 815190.572 4659  220 1134076.57 185734.720  83.6%  10.8 1645s
H391078 361375                    1134075.4103 185734.720  83.6%  10.8 1646s
 392097 362237 826557.686 5643  220 1134075.41 185734.720  83.6%  10.8 1653s
H392098 362220                    1134019.7319 185734.720  83.6%  10.8 1653s
 392449 362713 830509.471 5894  219 1134019.73 185734.720  83.6%  10.8 1655s
H392568 362713                    1134018.5759 185734.720  83.6%  10.8 1655s
 393905 364170 846245.813 6902  219 1134018.58 185734.720  83.6%  10.8 1660s
 395288 365237 409985.913   42  324 1134018.58 185787.576  83.6%  10.8 1665s
 396224 366056 892490.409   98  391 1134018.58 185817.874  83.6%  10.9 1670s
H396659 366462                    1134011.1560 185817.874  83.6%  10.9 1672s
 397296 366996 1084072.41  431  329 1134011.16 185817.874  83.6%  10.9 1675s
 398261 367884 389246.659  190  256 1134011.16 185845.887  83.6%  10.9 1680s
H398989 368439                    1133989.5953 185845.887  83.6%  10.9 1683s
 399231 368848 392185.960  552  249 1133989.60 185845.887  83.6%  10.9 1685s
 400363 369984 397671.770  981  247 1133989.60 185845.887  83.6%  10.9 1690s
 401580 371222 721227.877 1412  235 1133989.60 185845.887  83.6%  10.9 1695s
 402514 372164 725372.408 1765  225 1133989.60 185845.887  83.6%  10.9 1700s
H402835 372408                    1133962.3207 185845.887  83.6%  10.9 1701s
H403298 372606                    1133944.4611 185845.887  83.6%  10.9 1702s
H403925 373168                    1133941.9158 185845.887  83.6%  10.9 1704s
H403977 373151                    1133865.6290 185845.887  83.6%  10.9 1704s
 403978 373374 810635.420 2368  226 1133865.63 185845.887  83.6%  10.9 1705s
H404452 373597                    1133744.1744 185845.887  83.6%  10.9 1706s
 404878 373918 207371.524   63  296 1133744.17 185873.835  83.6%  10.9 1710s
H404929 373942                    1133738.6410 185873.835  83.6%  10.9 1711s
H405008 374024                    1133652.3457 185873.835  83.6%  10.9 1712s
 405286 374232 1075342.91  267  354 1133652.35 185876.078  83.6%  11.0 1716s
H405377 374313                    1133651.8361 185876.078  83.6%  11.0 1716s
H405548 374622                    1133649.9032 185876.078  83.6%  11.0 1718s
H405778 374749                    1133635.5205 185876.078  83.6%  11.0 1719s
 406069 374882 1000901.46  196  300 1133635.52 185892.473  83.6%  11.0 1721s
H406174 375051                    1133611.3451 185916.259  83.6%  11.0 1722s
H406238 374975                    1133347.7624 185916.259  83.6%  11.0 1722s
H406914 376040                    1133347.3225 185916.259  83.6%  11.0 1725s
H407342 376039                    1133342.3209 185916.259  83.6%  11.0 1729s
 407344 376150 608828.472  329  212 1133342.32 185916.259  83.6%  11.0 1730s
 408580 377474 764746.639 1051  260 1133342.32 185916.259  83.6%  11.0 1735s
H409233 378289                    1133240.2652 185916.259  83.6%  11.0 1736s
 410636 379699 767739.944 1415  248 1133240.27 185916.259  83.6%  11.0 1740s
H412045 380718                    1133170.4955 185916.259  83.6%  10.9 1742s
H412513 381124                    1133070.6905 185916.259  83.6%  10.9 1744s
 412515 381396 778463.660 2458  238 1133070.69 185916.259  83.6%  10.9 1745s
H412684 381379                    1133004.0447 185916.259  83.6%  10.9 1745s
H414195 382837                    1133003.2736 185916.259  83.6%  10.9 1747s
 415064 383987 783648.984 3843  234 1133003.27 185916.259  83.6%  10.9 1750s
H415395 384212                    1132948.5194 185916.259  83.6%  10.9 1751s
H416464 385140                    1132945.7196 185916.259  83.6%  10.9 1754s
 416602 385277 982841.754 4319  268 1132945.72 185916.259  83.6%  10.9 1755s
H417571 386099                    1132934.1142 185916.259  83.6%  10.9 1758s
 417761 386290     cutoff 4917      1132934.11 185916.259  83.6%  10.9 1760s
H417765 386285                    1132925.9772 185916.259  83.6%  10.9 1760s
H419076 387357                    1132925.2758 185923.190  83.6%  10.9 1765s
H419501 387650                    1132826.3720 185928.285  83.6%  10.9 1766s
 420050 388324 352035.352  255  246 1132826.37 185928.285  83.6%  10.9 1770s
 420981 389185 389962.014  600  242 1132826.37 185928.285  83.6%  10.9 1775s
H421450 389523                    1132825.5254 185928.285  83.6%  10.9 1776s
 422179 390408 390796.494 1088  241 1132825.53 185928.285  83.6%  10.9 1780s
H422535 390584                    1132824.5760 185928.285  83.6%  10.9 1782s
 422941 391227 390958.553 1312  240 1132824.58 185928.285  83.6%  10.9 1785s
H423548 391604                    1132823.5510 185928.285  83.6%  10.9 1787s
H423803 391723                    1132793.5579 185928.285  83.6%  10.9 1787s
 424428 392518 508068.123 1715  237 1132793.56 185928.285  83.6%  10.9 1790s
 425362 393351 676167.076 1826  238 1132793.56 185928.285  83.6%  10.9 1795s
 426246 394300 511681.302 1980  237 1132793.56 185928.285  83.6%  10.9 1800s
 427279 395323 513640.683 2124  237 1132793.56 185928.285  83.6%  10.9 1805s
H427700 395753                    1132783.3880 185928.285  83.6%  10.9 1807s
 428295 396366 523176.871 2219  241 1132783.39 185928.285  83.6%  10.9 1810s
 429199 397138 524970.623 2351  241 1132783.39 185928.285  83.6%  10.9 1815s
 429970 397927 518130.181 2454  237 1132783.39 185928.285  83.6%  10.9 1820s
H430010 397894                    1132611.6165 185928.285  83.6%  10.9 1820s
 430875 398974 686325.311 2580  239 1132611.62 185928.285  83.6%  10.9 1825s
H430917 398972                    1132608.7954 185928.285  83.6%  10.9 1825s
H431738 399711                    1132588.2108 185928.285  83.6%  10.9 1829s
 431869 399908 521313.424 2688  237 1132588.21 185928.285  83.6%  10.9 1830s
 432679 400576 523054.525 2816  237 1132588.21 185928.285  83.6%  10.9 1835s
H432709 400561                    1132508.9777 185928.285  83.6%  10.9 1835s
 433110 401204 524475.980 2921  237 1132508.98 185928.285  83.6%  10.9 1840s
 434194 402251 526483.222 3068  237 1132508.98 185928.285  83.6%  10.9 1845s
H434424 402386                    1132507.6076 185928.285  83.6%  10.9 1846s
 435510 403454 528557.324 3221  237 1132507.61 185928.285  83.6%  10.9 1850s
H436197 403988                    1132502.9149 185928.285  83.6%  10.9 1853s
 436346 404190 531380.383 3428  237 1132502.91 185928.285  83.6%  10.9 1855s
H436528 404307                    1132496.3153 185928.285  83.6%  10.9 1857s
 436664 404511 532849.701 3536  237 1132496.32 185928.285  83.6%  11.0 1860s
H437326 405083                    1132481.7275 185928.285  83.6%  11.0 1864s
 437335 405145 534617.978 3666  237 1132481.73 185928.285  83.6%  11.0 1865s
H437873 405609                    1131841.2100 185928.285  83.6%  11.0 1869s
 437901 405702 536849.132 3830  237 1131841.21 185928.285  83.6%  11.0 1870s
H438076 405805                    1131841.0510 185928.285  83.6%  11.0 1874s
 438159 405901 537774.888 3898  237 1131841.05 185928.285  83.6%  11.0 1875s
H438617 406233                    1131836.5752 185928.285  83.6%  11.0 1879s
 438618 406319 539896.479 4054  237 1131836.58 185928.285  83.6%  11.0 1881s
H438643 406319                    1131809.9958 185928.285  83.6%  11.0 1881s
H438703 406319                    1131804.9400 185928.285  83.6%  11.0 1881s
H438729 406415                    1131761.9138 185928.285  83.6%  11.0 1882s
 439063 406804 708501.767 4200  239 1131761.91 185928.285  83.6%  11.0 1885s
 439639 407298 543624.126 4328  237 1131761.91 185928.285  83.6%  11.0 1890s
H439687 407455                    1131754.1896 185928.285  83.6%  11.0 1890s
 440286 407917 546236.621 4520  237 1131754.19 185928.285  83.6%  11.0 1895s
 440637 408260 714716.773 4654  239 1131754.19 185928.285  83.6%  11.0 1900s
 441014 408651 549881.881 4788  237 1131754.19 185928.285  83.6%  11.0 1905s
 441452 409071 551732.538 4924  237 1131754.19 185928.285  83.6%  11.0 1910s
H441842 409360                    1131356.4257 185928.285  83.6%  11.0 1914s
 441855 409448 720523.072 5078  239 1131356.43 185928.285  83.6%  11.0 1915s
H441868 409448                    1131356.1854 185928.285  83.6%  11.0 1915s
H442074 409634                    1131348.2399 185928.285  83.6%  11.1 1918s
H442174 409753                    1131230.2742 185928.285  83.6%  11.1 1919s
H442278 409829                    1131222.5145 185928.285  83.6%  11.1 1921s
H442350 409827                    1131200.6918 185928.285  83.6%  11.1 1921s
H442376 409924                    1131193.0417 185928.285  83.6%  11.1 1922s
H442443 409923                    1131175.1326 185928.285  83.6%  11.1 1922s
H442550 410059                    1131158.8586 185928.285  83.6%  11.1 1923s
 442588 410148 557391.520 5340  237 1131158.86 185928.285  83.6%  11.1 1925s
 442967 410519 559378.065 5486  237 1131158.86 185928.285  83.6%  11.1 1931s
 443072 410616 559868.119 5522  237 1131158.86 185928.285  83.6%  11.1 1935s
H443320 410925                    1131157.8706 185928.285  83.6%  11.1 1938s
 443656 411250 562180.800 5692  237 1131157.87 185928.285  83.6%  11.1 1940s
 444263 412000 731289.026 5864  239 1131157.87 185928.285  83.6%  11.1 1945s
 445337 413117 566479.176 6008  237 1131157.87 185928.285  83.6%  11.1 1950s
H445670 413505                    1131155.9507 185928.285  83.6%  11.1 1951s
H446522 414209                    1131152.2868 185928.285  83.6%  11.1 1954s
 446762 414637 568655.965 6168  237 1131152.29 185928.285  83.6%  11.1 1956s
 447774 415459 570081.895 6273  237 1131152.29 185928.285  83.6%  11.1 1960s
 448950 416772 571893.545 6406  237 1131152.29 185928.285  83.6%  11.1 1965s
H449672 417291                    1131133.2416 185928.285  83.6%  11.0 1968s
 450187 417763 573880.086 6552  237 1131133.24 185928.285  83.6%  11.1 1970s
H450801 418437                    1131128.0448 185928.285  83.6%  11.1 1975s
H450861 418437                    1131123.6570 185928.285  83.6%  11.1 1975s
 451652 419174 577906.676 6848  237 1131123.66 185928.285  83.6%  11.1 1981s
 452046 419704 587670.409 6965  241 1131123.66 185928.285  83.6%  11.1 1985s
 452917 420405 581183.449 7089  237 1131123.66 185928.285  83.6%  11.1 1991s
 453235 420725 582750.299 7204  237 1131123.66 185928.285  83.6%  11.1 1995s
 453477 420914 584028.514 7298  237 1131123.66 185928.285  83.6%  11.1 2000s
H453852 421247                    1131120.0294 185928.285  83.6%  11.1 2004s
 453907 421381 585906.339 7436  237 1131120.03 185928.285  83.6%  11.1 2005s
H454041 421499                    1131115.1762 185928.285  83.6%  11.1 2007s
H454608 422128                    1130953.6867 185928.285  83.6%  11.2 2011s
H454875 422364                    1130926.1923 185928.285  83.6%  11.2 2012s
 455201 422661 589428.531 7695  237 1130926.19 185928.285  83.6%  11.1 2015s
 455927 423504 591551.833 7851  237 1130926.19 185928.285  83.6%  11.2 2020s
H456255 423702                    1130923.9952 185928.285  83.6%  11.2 2022s
 456731 424403 593184.208 7971  237 1130924.00 185928.285  83.6%  11.1 2025s
 457802 425281 595143.564 8115  237 1130924.00 185928.285  83.6%  11.1 2031s
 458378 425861 596775.939 8235  237 1130924.00 185928.285  83.6%  11.1 2035s
 459646 427229 793331.898 8423  239 1130924.00 185928.285  83.6%  11.1 2040s
H460279 427736                    1130907.8062 185928.285  83.6%  11.1 2043s
 460664 428284 609471.429 8570  240 1130907.81 185928.285  83.6%  11.1 2045s
H461037 428507                    1130906.5987 185928.285  83.6%  11.1 2047s
H461184 428710                    1130899.1679 185928.285  83.6%  11.1 2048s
 461390 428945 602789.049 8677  237 1130899.17 185928.285  83.6%  11.1 2050s
 462406 429930 604571.716 8808  237 1130899.17 185928.285  83.6%  11.1 2055s
 463350 430850 606340.127 8938  237 1130899.17 185928.285  83.6%  11.1 2060s
 464042 431503 608203.394 9075  237 1130899.17 185928.285  83.6%  11.1 2065s
H464189 431679                    1130858.3920 185928.285  83.6%  11.2 2066s
H464366 431808                    1130809.2177 185928.285  83.6%  11.2 2068s
H464572 431931                    1130785.4045 185928.285  83.6%  11.2 2069s
 464639 432076 609971.656 9205  237 1130785.40 185928.285  83.6%  11.2 2070s
 465173 432469 611686.405 9331  237 1130785.40 185928.285  83.6%  11.2 2075s
 465695 432878 614053.428 9505  237 1130785.40 185928.285  83.6%  11.2 2080s
H465974 433178                    1130780.5684 185928.285  83.6%  11.2 2084s
 466086 433251 810182.655 9651  239 1130780.57 185928.285  83.6%  11.2 2085s
H466156 433250                    1130759.0980 185928.285  83.6%  11.2 2085s
H466183 433330                    1130743.5784 185928.285  83.6%  11.2 2086s
 466451 433649 617971.285 9793  237 1130743.58 185928.285  83.6%  11.2 2090s
 466756 433996 619494.943 9905  235 1130743.58 185928.285  83.6%  11.2 2095s
H467191 434507                    1130726.9333 185928.285  83.6%  11.2 2100s
 467647 434784 622705.325 10141  237 1130726.93 185928.285  83.6%  11.2 2105s
H467870 434977                    1130724.7140 185928.285  83.6%  11.2 2108s
 468073 435206 624827.742 10297  237 1130724.71 185928.285  83.6%  11.2 2111s
 468420 435548 634697.912 10426  240 1130724.71 185928.285  83.6%  11.2 2115s
H468730 435757                    1130719.8582 185928.285  83.6%  11.2 2118s
 468762 435758 628255.547 10549  237 1130719.86 185928.285  83.6%  11.2 2123s
H468764 435745                    1130560.3151 185928.285  83.6%  11.2 2123s
H468790 435836                    1130522.6630 185928.285  83.6%  11.2 2124s
 468882 435965 628827.128 10591  237 1130522.66 185928.285  83.6%  11.2 2126s
H468899 435964                    1130501.5083 185928.285  83.6%  11.2 2126s
H469115 436107                    1130489.8686 185928.285  83.6%  11.2 2127s
H469262 436301                    1130482.1088 185928.285  83.6%  11.2 2129s
H469374 436497                    1130421.3681 185928.285  83.6%  11.2 2130s
H470040 436983                    1130410.6225 185928.285  83.6%  11.3 2133s
 470115 437421 632765.596 10966  249 1130410.62 185928.285  83.6%  11.3 2135s
 471174 438161 637749.686 11382  238 1130410.62 185928.285  83.6%  11.3 2140s
H471232 438160                    1130387.1924 185928.285  83.6%  11.3 2140s
H471592 438430                    1130384.2066 185928.285  83.6%  11.3 2143s
 471879 438563 921819.032 11509  239 1130384.21 185928.285  83.6%  11.3 2145s
 472587 439105 616654.719  177  353 1130384.21 185985.380  83.5%  11.4 2150s
 473152 440105 618159.705  136  290 1130384.21 186063.121  83.5%  11.4 2155s
H473835 440120                    1130353.3238 186063.121  83.5%  11.4 2159s
 473845 440338 202787.792   77  310 1130353.32 186063.121  83.5%  11.4 2160s
H474063 440986                    1130353.3236 186063.121  83.5%  11.4 2161s
H474711 441876                    1130353.2679 186063.121  83.5%  11.4 2163s
H475797 442330                    1130350.2821 186066.075  83.5%  11.3 2164s
 476077 442790 202882.776   46  357 1130350.28 186066.075  83.5%  11.3 2165s
 477982 444387 209624.830   61  305 1130350.28 186081.427  83.5%  11.3 2170s
 478804 445182 344529.583  153  250 1130350.28 186081.427  83.5%  11.3 2175s
H479371 445592                    1130349.5275 186081.427  83.5%  11.3 2177s
 480413 446732 352832.146  615  225 1130349.53 186081.427  83.5%  11.3 2180s
 482146 448581 354339.026  941  221 1130349.53 186081.427  83.5%  11.3 2185s
 483641 449874 356352.885 1260  223 1130349.53 186081.427  83.5%  11.3 2190s
H483992 450076                    1130341.2022 186081.427  83.5%  11.3 2191s
 484210 450335     cutoff 1340      1130341.20 186087.726  83.5%  11.3 2195s
 484926 451020 817135.987   66  413 1130341.20 186109.312  83.5%  11.3 2200s
 486003 451831 860774.706  211  312 1130341.20 186121.711  83.5%  11.3 2205s
 486963 452965 483974.538  158  412 1130341.20 186125.476  83.5%  11.4 2210s
H487256 453163                    1130284.8088 186125.476  83.5%  11.4 2211s
H487554 453598                    1130281.9125 186128.107  83.5%  11.4 2213s
 488018 454006 335831.183   99  273 1130281.91 186128.107  83.5%  11.4 2215s
 488830 454858 378246.773   73  402 1130281.91 186129.816  83.5%  11.4 2221s
 489825 455834 205450.108   53  331 1130281.91 186129.955  83.5%  11.4 2225s
H490596 456548                    1130273.2015 186129.955  83.5%  11.3 2227s
 491348 456964 355210.501   95  423 1130273.20 186134.733  83.5%  11.4 2230s
H491445 456985                    1130272.9400 186134.733  83.5%  11.4 2230s
H491615 457209                    1130270.3052 186143.472  83.5%  11.4 2233s
H491677 457209                    1130265.9663 186143.472  83.5%  11.4 2233s
H491751 457263                    1130264.8706 186143.472  83.5%  11.4 2234s
H491986 457504                    1130256.9164 186143.472  83.5%  11.4 2235s
 493008 458471 672456.335  151  399 1130256.92 186153.963  83.5%  11.4 2241s
 493788 459480 187303.134   45  341 1130256.92 186163.738  83.5%  11.4 2245s
 495224 460758 1021446.33   96  409 1130256.92 186170.775  83.5%  11.4 2250s
 496703 462227 904952.929  168  328 1130256.92 186170.775  83.5%  11.4 2255s
H497494 463065                    1130251.7860 186193.843  83.5%  11.4 2257s
H498106 463532                    1130235.3538 186193.843  83.5%  11.3 2259s
 498358 463685 infeasible  231      1130235.35 186195.559  83.5%  11.3 2260s
 499950 465296 438230.766  144  290 1130235.35 186195.559  83.5%  11.3 2265s
H499962 465296                    1130235.0922 186195.559  83.5%  11.3 2265s
 501955 467282 677572.473  197  329 1130235.09 186211.189  83.5%  11.3 2270s
H502272 467455                    1130229.7498 186211.189  83.5%  11.3 2271s
H502675 467896                    1130195.8625 186211.189  83.5%  11.3 2272s
 503583 468977 1112613.27  510  305 1130195.86 186211.189  83.5%  11.3 2275s
 505420 470550 445031.812  109  415 1130195.86 186212.562  83.5%  11.3 2280s
 506319 471480 773445.794   74  360 1130195.86 186220.771  83.5%  11.3 2285s
H506647 471675                    1130189.4248 186220.771  83.5%  11.3 2286s
 507150 472118 410539.389   60  294 1130189.42 186234.355  83.5%  11.3 2290s
 508248 473346 998801.243  288  264 1130189.42 186246.095  83.5%  11.3 2295s
 509650 474055 1003911.34  826  263 1130189.42 186246.095  83.5%  11.4 2301s
H510213 474594                    1130171.2497 186246.095  83.5%  11.3 2303s
H510525 475090                    1130164.3754 186246.095  83.5%  11.3 2305s
 512711 476933 470664.219  137  307 1130164.38 186289.930  83.5%  11.3 2310s
H512758 476933                    1130164.2569 186289.930  83.5%  11.3 2310s
H512892 477056                    1130162.7412 186299.667  83.5%  11.3 2311s
 513215 477321     cutoff  108      1130162.74 186305.057  83.5%  11.4 2315s
H513446 477540                    1130162.4780 186305.057  83.5%  11.4 2316s
 513930 477998 559895.258  100  366 1130162.48 186312.159  83.5%  11.4 2320s
H514042 478084                    1130074.8413 186315.393  83.5%  11.4 2321s
H514417 478307                    1130067.7838 186315.393  83.5%  11.4 2323s
 514575 478588 694232.074  137  322 1130067.78 186315.393  83.5%  11.4 2325s
H514835 478773                    1130067.6751 186315.393  83.5%  11.4 2329s
 514916 479033 713396.387  359  322 1130067.68 186320.789  83.5%  11.4 2330s
 516028 479770 323504.894   46  427 1130067.68 186331.108  83.5%  11.4 2335s
 517069 480860 492701.429  254  374 1130067.68 186332.665  83.5%  11.4 2340s
H517540 481056                    1130067.5566 186335.645  83.5%  11.4 2341s
H517744 481267                    1129884.8661 186335.645  83.5%  11.4 2343s
 517988 481495 310045.154  119  441 1129884.87 186335.645  83.5%  11.5 2345s
 518836 482384 1008461.16  289  328 1129884.87 186335.645  83.5%  11.5 2350s
 520281 484219 1039006.50  717  286 1129884.87 186335.645  83.5%  11.5 2355s
H521058 484589                    1129864.2017 186335.645  83.5%  11.4 2356s
H522041 485635                    1129856.4419 186335.645  83.5%  11.4 2359s
 522274 485901 1063824.45 1157  275 1129856.44 186335.645  83.5%  11.4 2360s
H522540 486177                    1129853.2452 186335.645  83.5%  11.4 2361s
H522645 486177                    1129848.6822 186335.645  83.5%  11.4 2361s
H522948 486283                    1129848.1359 186391.000  83.5%  11.4 2363s
 523236 486628 1024357.73  180  307 1129848.14 186397.731  83.5%  11.4 2365s
 523961 487210 1115657.64  162  322 1129848.14 186405.414  83.5%  11.5 2370s
H524303 487470                    1129846.8954 186407.313  83.5%  11.5 2371s
 524586 487807 186772.836   42  358 1129846.90 186407.313  83.5%  11.5 2375s
 526526 489818 747586.130  134  334 1129846.90 186452.024  83.5%  11.5 2380s
 528122 491427 352949.679  170  405 1129846.90 186454.520  83.5%  11.5 2385s
H528156 491427                    1129845.8116 186454.520  83.5%  11.5 2385s
 529929 492993     cutoff  705      1129845.81 186456.592  83.5%  11.4 2391s
 531081 493998 311932.354  125  286 1129845.81 186456.592  83.5%  11.4 2395s
 531768 494654 551710.710  299  264 1129845.81 186456.592  83.5%  11.5 2400s
H532560 495325                    1129837.2970 186456.592  83.5%  11.5 2404s
H532658 495410                    1129837.1785 186456.592  83.5%  11.5 2405s
H533302 495935                    1129835.5102 186456.592  83.5%  11.5 2409s
 533322 496101 751357.501  758  241 1129835.51 186456.592  83.5%  11.5 2410s
 534571 497421 759659.552 1220  222 1129835.51 186456.592  83.5%  11.5 2415s
 535496 498421 761154.956 1475  221 1129835.51 186456.592  83.5%  11.5 2420s
 537353 500197 783124.699 1904  224 1129835.51 186456.592  83.5%  11.5 2425s
H537467 500197                    1129828.6106 186456.592  83.5%  11.5 2425s
 539550 502456 787013.827 2317  222 1129828.61 186456.592  83.5%  11.4 2430s
 541518 504277 789418.996 2774  220 1129828.61 186456.592  83.5%  11.4 2435s
 543862 506620 793513.065 3446  220 1129828.61 186456.592  83.5%  11.4 2440s
H544458 507005                    1129828.4403 186456.592  83.5%  11.4 2441s
 544805 507552 802971.182 3763  220 1129828.44 186456.592  83.5%  11.4 2445s
 546467 509198 807093.741 4209  220 1129828.44 186456.592  83.5%  11.4 2450s
 548663 511345 823915.856 4813  220 1129828.44 186456.592  83.5%  11.4 2455s
 550300 512975 817121.045 5187  220 1129828.44 186456.592  83.5%  11.4 2460s
H550806 513322                    1129822.7433 186456.592  83.5%  11.4 2463s
H551128 513817                    1129810.3714 186456.592  83.5%  11.4 2465s
H551395 513961                    1129791.3769 186456.592  83.5%  11.4 2466s
 552269 514975 823356.689 5797  220 1129791.38 186456.592  83.5%  11.4 2470s
H553140 515884                    1129789.5901 186456.592  83.5%  11.4 2474s
 553370 516044 829476.299 6149  222 1129789.59 186456.592  83.5%  11.4 2475s
H553612 516113                    1129788.2258 186456.592  83.5%  11.4 2476s
 554392 516836 231541.025   91  297 1129788.23 186483.851  83.5%  11.4 2480s
 555397 517899 706024.955  118  374 1129788.23 186490.875  83.5%  11.4 2485s
 556318 518714 203308.833   40  324 1129788.23 186493.502  83.5%  11.4 2490s
 557424 520007 715022.484  128  295 1129788.23 186498.304  83.5%  11.5 2495s
 559277 521556 1010693.98 1345  379 1129788.23 186499.287  83.5%  11.5 2500s
 560102 522338 1007444.75  203  312 1129788.23 186514.851  83.5%  11.5 2505s
 561061 523173 575999.434  191  237 1129788.23 186517.580  83.5%  11.5 2512s
 562223 524568 624191.559 1208  238 1129788.23 186517.580  83.5%  11.5 2515s
 564032 526361 639744.680 2561  225 1129788.23 186517.580  83.5%  11.5 2520s
 565737 528042 652414.659 3447  225 1129788.23 186517.580  83.5%  11.4 2525s
 566274 528279 671839.328 3571  226 1129788.23 186517.580  83.5%  11.4 2530s
 566355 528360 671922.145 3587  226 1129788.23 186517.580  83.5%  11.4 2535s
 566427 528498 674829.913 3599  226 1129788.23 186517.580  83.5%  11.4 2540s
 567319 529580 699593.349 3761  224 1129788.23 186517.580  83.5%  11.4 2545s
 568324 530598 701198.498 4141  225 1129788.23 186517.580  83.5%  11.4 2550s
 569615 531660 707316.508 4931  225 1129788.23 186517.580  83.5%  11.4 2555s
H570969 532992                    1129736.1181 186517.580  83.5%  11.4 2559s
H571011 533172                    1129733.7859 186517.580  83.5%  11.4 2560s
 571704 533929 720016.144 6390  224 1129733.79 186517.580  83.5%  11.4 2565s
 573211 535390 730157.090 7463  223 1129733.79 186517.580  83.5%  11.4 2570s
 575113 537277 753906.952 8870  219 1129733.79 186517.580  83.5%  11.4 2575s
 576253 538172 765793.814 9789  219 1129733.79 186517.580  83.5%  11.4 2580s
H576389 538296                    1129708.1522 186517.580  83.5%  11.5 2581s
H576939 538805                    1129677.9401 186517.580  83.5%  11.5 2583s
H577234 538920                    1129668.1317 186517.580  83.5%  11.5 2584s
 577236 539030 840464.513 10537  219 1129668.13 186517.580  83.5%  11.5 2585s
 578532 540351 866926.398 10751  220 1129668.13 186517.580  83.5%  11.4 2590s
 579701 541326 871696.870 11000  219 1129668.13 186517.580  83.5%  11.4 2595s
H580438 541833                    1129665.3828 186542.099  83.5%  11.4 2599s
 580638 542105 360367.754  144  302 1129665.38 186543.183  83.5%  11.4 2600s
 581411 542584 190409.948   54  326 1129665.38 186560.767  83.5%  11.5 2606s
H581457 542589                    1129651.8446 186560.767  83.5%  11.5 2607s
 581865 543058 645924.109  186  311 1129651.84 186560.767  83.5%  11.5 2610s
 582693 543734 602068.424  177  262 1129651.84 186570.349  83.5%  11.5 2615s
 583592 544578 1102481.09  149  323 1129651.84 186595.985  83.5%  11.5 2620s
 584625 545691 767891.409  524  262 1129651.84 186595.985  83.5%  11.5 2625s
H585547 546368                    1129640.1594 186595.985  83.5%  11.5 2627s
 586518 547325 793654.007 1949  243 1129640.16 186595.985  83.5%  11.5 2630s
 588019 548867 809296.855 2534  232 1129640.16 186595.985  83.5%  11.5 2635s
 590732 551438 820680.012 3476  223 1129640.16 186595.985  83.5%  11.4 2640s
 591492 552061 822003.757 3643  221 1129640.16 186595.985  83.5%  11.4 2645s
 592746 553458 824117.139 3900  223 1129640.16 186595.985  83.5%  11.4 2650s
 594589 554915 972710.035 4803  222 1129640.16 186595.985  83.5%  11.4 2655s
 596125 556468 941326.495  794  243 1129640.16 186619.569  83.5%  11.4 2660s
 597236 557658 971864.636 1523  232 1129640.16 186619.569  83.5%  11.4 2665s
 598088 558113 286632.847  103  432 1129640.16 186624.267  83.5%  11.4 2671s
 598526 558419 653199.971  141  347 1129640.16 186626.749  83.5%  11.4 2675s
 599384 559182 457196.108  151  393 1129640.16 186643.684  83.5%  11.5 2680s
 600141 559788     cutoff  304      1129640.16 186647.969  83.5%  11.5 2685s
 600662 560262 340396.387   49  426 1129640.16 186660.892  83.5%  11.5 2690s
 601518 560991 1068583.77  198  359 1129640.16 186667.013  83.5%  11.5 2695s
H601860 561247                    1129574.5382 186668.723  83.5%  11.5 2699s
 602020 561357 924668.438  190  389 1129574.54 186679.284  83.5%  11.5 2700s
 602977 562428 1062555.81  188  404 1129574.54 186679.381  83.5%  11.5 2705s
 604031 563291 279700.300  102  421 1129574.54 186683.795  83.5%  11.5 2710s
H604971 564157                    1129574.3873 186685.188  83.5%  11.6 2715s
H605202 564386                    1129572.3291 186686.891  83.5%  11.6 2718s
 605461 564599 434465.835  178  423 1129572.33 186686.891  83.5%  11.6 2720s
 605727 564867 554721.852  165  396 1129572.33 186688.200  83.5%  11.6 2726s
 606435 565823 855734.215  164  351 1129572.33 186702.392  83.5%  11.6 2730s
 607627 566673 infeasible  210      1129572.33 186703.175  83.5%  11.6 2735s
 608809 567510 315459.540  121  423 1129572.33 186705.918  83.5%  11.6 2740s
 609451 567850 867845.352   78  431 1129572.33 186708.415  83.5%  11.7 2745s
 610067 568250 768321.377  208  337 1129572.33 186713.534  83.5%  11.7 2750s
H610621 568674                    1129564.7614 186720.009  83.5%  11.7 2754s
 610635 568803 246463.723  103  295 1129564.76 186720.009  83.5%  11.7 2755s
 611852 570099 324390.932  409  252 1129564.76 186720.009  83.5%  11.7 2762s
H612244 570710                    1129564.7613 186720.009  83.5%  11.7 2765s
 613827 572160 392731.636  893  233 1129564.76 186720.009  83.5%  11.7 2770s
H614962 573069                    1129559.6368 186720.009  83.5%  11.7 2774s
 615090 573339 394404.948 1240  232 1129559.64 186720.009  83.5%  11.7 2775s
 616295 574497 400349.672 1679  233 1129559.64 186720.009  83.5%  11.7 2780s
 617217 575316 411102.147 2019  230 1129559.64 186720.009  83.5%  11.7 2785s
 618684 576603 449936.654 2512  235 1129559.64 186720.009  83.5%  11.7 2790s
H619604 577539                    1129548.6984 186720.009  83.5%  11.7 2795s
H620579 578340                    1129548.1795 186720.009  83.5%  11.7 2798s
 620872 578644 471814.695 3186  224 1129548.18 186720.009  83.5%  11.7 2800s
H620956 578642                    1129520.7043 186720.009  83.5%  11.7 2800s
 621921 579805 461037.163 3623  221 1129520.70 186720.009  83.5%  11.7 2805s
H622430 580044                    1129519.8978 186720.009  83.5%  11.7 2809s
 622459 580335 464599.696 3794  220 1129519.90 186720.009  83.5%  11.7 2810s
H623067 580730                    1129519.6086 186720.009  83.5%  11.7 2812s
 623981 581555 202367.620   46  357 1129519.61 186740.804  83.5%  11.7 2815s
 624947 582390 692249.528  165  397 1129519.61 186750.142  83.5%  11.7 2820s
H625278 582496                    1129517.3638 186762.639  83.5%  11.7 2822s
 626001 583437 845947.074  170  278 1129517.36 186762.639  83.5%  11.7 2825s
 626802 583992 446838.395   87  380 1129517.36 186773.554  83.5%  11.7 2830s
 628000 585415 197442.797   50  322 1129517.36 186784.054  83.5%  11.7 2835s
 629728 586819 959944.864  719  384 1129517.36 186791.496  83.5%  11.7 2840s
H630247 587255                    1129498.1606 186793.848  83.5%  11.7 2842s
 630843 587995 737261.114   43  341 1129498.16 186796.657  83.5%  11.7 2845s
 631814 588920 359523.768  155  297 1129498.16 186799.387  83.5%  11.7 2850s
 632632 589484 539289.071  169  413 1129498.16 186803.300  83.5%  11.7 2858s
 632791 589854 732211.504  192  363 1129498.16 186804.926  83.5%  11.7 2860s
 633658 590602 998840.074  127  394 1129498.16 186804.926  83.5%  11.7 2865s
 634791 591752 1091845.44  191  377 1129498.16 186812.175  83.5%  11.7 2870s
 636306 593388 460643.853  190  271 1129498.16 186816.993  83.5%  11.7 2875s
 638112 595003 470772.048  663  228 1129498.16 186816.993  83.5%  11.7 2880s
 639360 596111 482725.596 1099  224 1129498.16 186816.993  83.5%  11.7 2885s
 640362 597070 702892.282 1455  223 1129498.16 186816.993  83.5%  11.7 2890s
 641335 597985 992757.516 1769  223 1129498.16 186816.993  83.5%  11.7 2895s
 642527 599183     cutoff 2052      1129498.16 186816.993  83.5%  11.7 2900s
 643312 599968     cutoff 2166      1129498.16 186831.546  83.5%  11.7 2905s
 645202 601506 1095323.28  238  331 1129498.16 186834.537  83.5%  11.7 2910s
 646480 602924 926656.505  431  203 1129498.16 186834.537  83.5%  11.7 2915s
 648010 604053 438700.633   49  437 1129498.16 186835.430  83.5%  11.7 2922s
 648992 605423 604716.199   90  376 1129498.16 186837.115  83.5%  11.7 2925s
 650683 606988 261156.836   87  292 1129498.16 186839.380  83.5%  11.7 2930s
 652249 608217 829722.708  341  284 1129498.16 186842.300  83.5%  11.7 2935s
 653068 609022 484843.956  103  392 1129498.16 186842.892  83.5%  11.7 2940s
 654061 609867 916436.137  110  382 1129498.16 186853.810  83.5%  11.7 2945s
 654529 610363 274472.337  140  300 1129498.16 186853.810  83.5%  11.7 2950s
 655468 611227 290824.878  285  228 1129498.16 186853.810  83.5%  11.8 2955s
 656162 611831 370875.596  431  258 1129498.16 186853.810  83.5%  11.8 2960s
 656959 612620 399930.508  729  235 1129498.16 186853.810  83.5%  11.8 2965s
 658061 613630 413316.709 1132  257 1129498.16 186853.810  83.5%  11.8 2970s
 658318 613807 424138.095 1200  255 1129498.16 186853.810  83.5%  11.8 2975s
 659186 614786 415455.457 1463  254 1129498.16 186853.810  83.5%  11.8 2980s
 660596 616131 424122.889 1863  238 1129498.16 186853.810  83.5%  11.8 2985s
 661496 617098 432366.598 2214  233 1129498.16 186853.810  83.5%  11.8 2990s
 662877 618331 435274.902 2731  223 1129498.16 186853.810  83.5%  11.8 2995s
 664016 619384 446525.083 3078  237 1129498.16 186853.810  83.5%  11.8 3000s
 665191 620471 445531.848 3480  223 1129498.16 186853.810  83.5%  11.8 3005s
 666195 621453 450800.010 3880  224 1129498.16 186853.810  83.5%  11.8 3010s
 667259 622524 462802.426 4298  236 1129498.16 186853.810  83.5%  11.8 3015s
 667932 623128 460241.414 4537  222 1129498.16 186853.810  83.5%  11.9 3020s
 668877 624050 464747.656 4803  228 1129498.16 186853.810  83.5%  11.9 3025s
 669871 625011 478656.951 5122  253 1129498.16 186853.810  83.5%  11.9 3030s
 670969 626045 474135.807 5483  228 1129498.16 186853.810  83.5%  11.9 3035s
 671885 626639     cutoff 5728      1129498.16 186853.810  83.5%  11.9 3040s
 672954 627571 335829.054  167  284 1129498.16 186921.759  83.5%  11.9 3045s
H673436 628154                    1129494.2849 186921.759  83.5%  11.9 3047s
H673657 628548                    1129464.1912 186921.759  83.5%  11.9 3048s
 674057 628911 410368.643  934  237 1129464.19 186921.759  83.5%  11.9 3050s
H674829 629318                    1129427.0910 186921.759  83.4%  11.9 3052s
H675327 629793                    1129426.9401 186921.759  83.4%  11.9 3054s
 675578 630224 511875.226 1942  253 1129426.94 186921.759  83.4%  11.9 3055s
 676292 630845 586249.331 2056  280 1129426.94 186921.759  83.4%  11.9 3060s
H676515 630980                    1129424.0753 186921.759  83.4%  11.9 3061s
 676898 631318 609236.933 2186  309 1129424.08 186921.759  83.4%  11.9 3065s
 677709 632207 1079143.81 2229  329 1129424.08 186921.759  83.4%  11.9 3070s
 679000 633823 590254.689 2773  222 1129424.08 186921.759  83.4%  11.9 3076s
 680255 634780 198903.815   40  331 1129424.08 186941.950  83.4%  11.9 3080s
H680607 634904                    1129423.8061 186942.468  83.4%  11.9 3082s
 681105 635603 800476.510  229  393 1129423.81 186943.119  83.4%  11.9 3085s
 682464 636827 444006.452  391  284 1129423.81 186943.119  83.4%  11.9 3090s
H683077 637244                    1129413.6825 186943.119  83.4%  11.9 3092s
H683538 637669                    1129410.6668 186943.119  83.4%  11.9 3094s
 683605 637914 465061.269 1036  251 1129410.67 186943.119  83.4%  11.9 3095s
 685406 639583 533621.046 2236  229 1129410.67 186943.119  83.4%  11.9 3100s
 687298 641247 555169.794 3402  223 1129410.67 186943.119  83.4%  11.9 3105s
H688118 641809                    1129409.3566 186943.119  83.4%  11.9 3107s
H688321 642006                    1129374.2377 186943.119  83.4%  11.9 3108s
 688442 642512 557118.994 4196  219 1129374.24 186943.119  83.4%  11.9 3110s
H688871 642575                    1129371.2801 186943.119  83.4%  11.9 3111s
 689515 643353 635148.721 4804  218 1129371.28 186943.119  83.4%  12.0 3115s
H690393 644004                    1129370.4056 186943.119  83.4%  12.0 3119s
 690396 644148 642821.113 5413  220 1129370.41 186943.119  83.4%  12.0 3120s
H691134 644713                    1129366.2787 186943.119  83.4%  12.0 3122s
 691600 645295 1091985.77 6207  229 1129366.28 186943.119  83.4%  12.0 3125s
 692422 645908 246295.440   95  270 1129366.28 186967.816  83.4%  12.0 3130s
H693553 646766                    1129353.8136 186976.328  83.4%  12.0 3136s
 694044 647448 933896.726  271  298 1129353.81 186977.244  83.4%  12.0 3140s
 695332 648479 722967.334   88  372 1129353.81 186988.778  83.4%  12.0 3145s
 697043 650059 298313.862  964  239 1129353.81 186988.778  83.4%  12.0 3150s
 698207 651262 302168.873 1362  230 1129353.81 186988.778  83.4%  12.0 3155s
 699305 652300 377940.700 1829  228 1129353.81 186988.778  83.4%  12.0 3160s
 700508 653471 379828.631 2510  227 1129353.81 186988.778  83.4%  12.0 3165s
 701347 654211 386675.217 2720  244 1129353.81 186988.778  83.4%  12.0 3170s
 702631 655538 593205.141 3419  227 1129353.81 186988.778  83.4%  12.0 3176s
H703023 655899                    1129339.5819 186988.778  83.4%  12.0 3178s
 703394 656235 596711.468 3928  225 1129339.58 186988.778  83.4%  12.0 3180s
H703970 656679                    1129338.5466 186988.778  83.4%  12.0 3183s
H704077 656677                    1129328.2993 186988.778  83.4%  12.0 3183s
 704106 656786 601094.258 4404  222 1129328.30 186988.778  83.4%  12.0 3185s
H704352 656897                    1129327.1441 186988.778  83.4%  12.0 3186s
H704701 657208                    1129326.1148 186998.352  83.4%  12.0 3189s
H704779 657208                    1129323.0172 186998.352  83.4%  12.1 3189s
 704809 657267 757031.390  157  349 1129323.02 186998.352  83.4%  12.1 3190s
 705497 657929 936226.862  312  376 1129323.02 186999.978  83.4%  12.1 3195s
H706058 658347                    1129314.5207 187006.443  83.4%  12.1 3199s
 706146 658423 976428.941  101  411 1129314.52 187007.990  83.4%  12.1 3200s
 706740 658918 218929.766   90  328 1129314.52 187007.990  83.4%  12.1 3205s
 707442 659607 218248.070  152  331 1129314.52 187007.990  83.4%  12.1 3210s
 708135 660415 357159.953  270  264 1129314.52 187007.990  83.4%  12.2 3215s
 708938 661291 388923.777  602  238 1129314.52 187007.990  83.4%  12.2 3220s
 709907 662074 387869.197  955  232 1129314.52 187007.990  83.4%  12.2 3225s
 710984 663100 443392.281 1316  251 1129314.52 187007.990  83.4%  12.2 3230s
 712181 664793 598990.441 1677  226 1129314.52 187007.990  83.4%  12.2 3235s
 714379 666281 600598.050 2055  224 1129314.52 187007.990  83.4%  12.1 3241s
 715208 667292 619780.354 2340  233 1129314.52 187007.990  83.4%  12.1 3245s
 716633 668573 619212.568 2601  227 1129314.52 187007.990  83.4%  12.1 3250s
 717453 669197 620157.371 2763  223 1129314.52 187007.990  83.4%  12.1 3255s
 718427 670273 621008.901 3053  223 1129314.52 187007.990  83.4%  12.2 3260s
 719321 671070 621151.810 3154  222 1129314.52 187007.990  83.4%  12.2 3265s
 720692 672768 978489.230 3387  224 1129314.52 187007.990  83.4%  12.1 3270s
 722551 674470 971069.908 3789  221 1129314.52 187007.990  83.4%  12.1 3275s
 724544 676056 976401.906 4331  221 1129314.52 187007.990  83.4%  12.1 3281s
 725548 676907 978562.982 4583  220 1129314.52 187007.990  83.4%  12.1 3285s
 726612 677611     cutoff 4900      1129314.52 187007.990  83.4%  12.1 3290s
H726878 677678                    1129309.6391 187007.990  83.4%  12.1 3290s
H727172 677838                    1129305.5122 187007.990  83.4%  12.1 3291s
 727618 678134 985387.375 5269  220 1129305.51 187007.990  83.4%  12.1 3295s
H728477 678569                    1129291.6175 187007.990  83.4%  12.1 3300s
H729224 679012                    1129288.0579 187007.990  83.4%  12.1 3304s
 729225 679207 991152.349 5848  222 1129288.06 187007.990  83.4%  12.1 3306s
H729251 679207                    1129287.8934 187007.990  83.4%  12.1 3306s
H730034 679684                    1129280.8380 187007.990  83.4%  12.1 3309s
 730151 679773 993499.712 6069  221 1129280.84 187007.990  83.4%  12.1 3310s
H730586 680045                    1129280.0314 187007.990  83.4%  12.1 3313s
 730849 680187 996026.419 6338  222 1129280.03 187007.990  83.4%  12.1 3316s
H730997 680186                    1129263.4180 187007.990  83.4%  12.1 3316s
 731783 680761 998969.436 6625  221 1129263.42 187007.990  83.4%  12.1 3320s
 732555 681220     cutoff 6881      1129263.42 187040.627  83.4%  12.1 3325s
 733248 681955 375354.517  153  286 1129263.42 187040.627  83.4%  12.1 3330s
 734028 682667 198887.936   50  355 1129263.42 187048.092  83.4%  12.1 3335s
 735162 683767     cutoff  214      1129263.42 187049.594  83.4%  12.1 3340s
H736229 684898                    1129257.0671 187053.735  83.4%  12.1 3345s
 738068 686650 733909.165  158  297 1129257.07 187060.292  83.4%  12.1 3350s
 739206 687496 395779.835  122  429 1129257.07 187061.054  83.4%  12.1 3355s
 739916 688086 1051450.96  191  394 1129257.07 187065.936  83.4%  12.2 3360s
 740808 689171 260282.279  104  278 1129257.07 187066.274  83.4%  12.2 3365s
 742748 691062 624244.007  622  245 1129257.07 187066.274  83.4%  12.2 3370s
 743994 692151 634811.653 1551  240 1129257.07 187066.274  83.4%  12.2 3375s
 745118 693355 663629.413 2506  229 1129257.07 187066.274  83.4%  12.1 3380s
 747028 695218 694828.533 3774  228 1129257.07 187066.274  83.4%  12.1 3385s
 749050 697122 703873.197 5137  225 1129257.07 187066.274  83.4%  12.1 3390s
 750336 698500 708348.191 5581  225 1129257.07 187066.274  83.4%  12.1 3395s
 751966 699977 714029.681 5853  220 1129257.07 187066.274  83.4%  12.1 3400s
 753241 701318 722707.878 6213  221 1129257.07 187066.274  83.4%  12.1 3405s
H753992 701976                    1129257.0011 187066.274  83.4%  12.1 3407s
H754390 702332                    1129256.9381 187066.274  83.4%  12.1 3408s
 755063 703108 758073.683 7112  227 1129256.94 187066.274  83.4%  12.1 3411s
H755563 703261                    1129253.3118 187066.274  83.4%  12.1 3412s
H755892 703685                    1129250.4086 187066.274  83.4%  12.1 3413s
 756227 703962 815928.651 7329  222 1129250.41 187066.274  83.4%  12.1 3415s
 757413 704898 888781.063 8123  220 1129250.41 187075.500  83.4%  12.1 3420s
H757602 705046                    1129245.9508 187075.500  83.4%  12.1 3422s
H757687 705188                    1129238.3504 187075.500  83.4%  12.1 3423s
 757943 705345 698295.901  195  263 1129238.35 187084.764  83.4%  12.1 3425s
H758053 705438                    1129234.6376 187084.764  83.4%  12.1 3425s
 758492 705896 854554.047  362  390 1129234.64 187084.764  83.4%  12.1 3430s
H758801 706027                    1129233.0558 187084.940  83.4%  12.1 3432s
 759129 706289 248070.952  101  274 1129233.06 187085.681  83.4%  12.2 3435s
 760197 707279 293521.388  810  246 1129233.06 187085.681  83.4%  12.2 3440s
 761831 709173 359023.733 1741  246 1129233.06 187085.681  83.4%  12.1 3445s
 763703 710814 363843.805 2620  228 1129233.06 187085.681  83.4%  12.1 3450s
 765155 712134 366876.005 3339  222 1129233.06 187085.681  83.4%  12.1 3456s
 766500 713338 369807.106 3829  222 1129233.06 187085.681  83.4%  12.1 3460s
 767634 714498 474487.764 4291  228 1129233.06 187085.681  83.4%  12.1 3465s
 769058 715813 479540.501 4934  223 1129233.06 187085.681  83.4%  12.1 3471s
 770332 716914 491825.209 5719  240 1129233.06 187085.681  83.4%  12.1 3475s
H770811 717471                    1129226.2315 187085.681  83.4%  12.1 3477s
H771197 717756                    1129222.5188 187085.681  83.4%  12.1 3478s
 771837 718447 632366.660 6145  226 1129222.52 187085.681  83.4%  12.1 3480s
 772647 719118 639103.879 6575  223 1129222.52 187085.681  83.4%  12.1 3486s
 773151 719462 244050.219   97  283 1129222.52 187108.702  83.4%  12.1 3490s
 774727 721287 501277.321  516  224 1129222.52 187108.702  83.4%  12.1 3495s
H775953 722441                    1129205.4952 187108.702  83.4%  12.1 3499s
 776232 722803 508588.243 1017  224 1129205.50 187108.702  83.4%  12.1 3500s
 777761 724277 578793.663 1228  222 1129205.50 187108.702  83.4%  12.1 3505s
 779267 725485 584946.380 1882  227 1129205.50 187108.702  83.4%  12.1 3510s
H779271 725485                    1129204.5972 187108.702  83.4%  12.1 3510s
H779595 725855                    1129188.3612 187108.702  83.4%  12.1 3511s
 780188 726326 586342.192 2159  222 1129188.36 187108.702  83.4%  12.1 3515s
 780675 726770 591622.148 2305  224 1129188.36 187108.702  83.4%  12.1 3520s
 781859 727739 598903.515 3065  223 1129188.36 187108.702  83.4%  12.1 3525s
 782988 729004 698604.965 3273  221 1129188.36 187108.702  83.4%  12.1 3530s
 784146 729803 1000025.74 3512  222 1129188.36 187118.744  83.4%  12.2 3535s
 784670 730138 198145.651   71  301 1129188.36 187121.475  83.4%  12.2 3540s
 785611 731115 418725.272  503  285 1129188.36 187130.001  83.4%  12.2 3545s
 786940 732560 529566.675 1267  226 1129188.36 187130.001  83.4%  12.2 3550s
 788277 733775 827146.982 1957  224 1129188.36 187130.001  83.4%  12.2 3555s
H789767 735103                    1129186.7230 187130.001  83.4%  12.2 3559s
 790005 735143 885750.062 2913  220 1129186.72 187130.791  83.4%  12.2 3560s
H790210 735275                    1129181.7089 187131.089  83.4%  12.2 3561s
 790855 735866 222819.424   79  293 1129181.71 187144.764  83.4%  12.2 3565s
H790947 735968                    1129151.6152 187144.764  83.4%  12.2 3565s
H791502 736481                    1129151.4704 187144.764  83.4%  12.2 3568s
H791666 736796                    1129139.9755 187144.764  83.4%  12.2 3569s
 791898 737160 397443.838  316  243 1129139.98 187144.764  83.4%  12.2 3570s
H792278 737306                    1129136.0956 187144.764  83.4%  12.2 3571s
 792974 737933 398311.697  614  245 1129136.10 187144.764  83.4%  12.2 3575s
H793554 738468                    1129135.8188 187144.764  83.4%  12.2 3578s
 793830 738717 400589.499  895  232 1129135.82 187144.764  83.4%  12.2 3580s
 794701 739629 511222.647 1168  241 1129135.82 187144.764  83.4%  12.2 3585s
 795741 740635 516196.641 1568  226 1129135.82 187144.764  83.4%  12.2 3590s
H795972 740635                    1129123.0748 187144.764  83.4%  12.2 3594s
 795974 740709 516464.605 1636  229 1129123.07 187144.764  83.4%  12.2 3595s
 796772 741492 516598.181 1908  226 1129123.07 187144.764  83.4%  12.2 3600s

Cutting planes:
  Gomory: 2
  Implied bound: 36
  MIR: 229
  Mixing: 1
  Flow cover: 151
  RLT: 55

Explored 796871 nodes (9737754 simplex iterations) in 3600.19 seconds (1632.13 work units)
Thread count was 2 (of 24 available processors)

Solution count 10: 1.12912e+06 1.12914e+06 1.12914e+06 ... 1.12922e+06

Time limit reached
Best objective 1.129123074812e+06, best bound 1.871447638431e+05, gap 83.4257%
