
Gurobi 11.0.3 (linux64, Java) logging started qui 05 dez 2024 10:49:36 -03

Set parameter Username
Academic license - for non-commercial use only - expires 2025-10-10
Set parameter NonConvex to value 2
Set parameter TimeLimit to value 3600
Set parameter LogToConsole to value 0
Set parameter MIPGap to value 7.7716481645149384e-08
Set parameter Threads to value 2
Set parameter NodefileDir to value "/home/ps12398/experiment_hosp/goalProgrammingMarcos/"
Set parameter NodefileStart to value 1
Gurobi Optimizer version 11.0.3 build v11.0.3rc0 (linux64)

CPU model: Intel(R) Xeon(R) CPU           X5650  @ 2.67GHz, instruction set [SSE2]
Thread count: 12 physical cores, 24 logical processors, using up to 2 threads

Optimize a model with 149791 rows, 101033 columns and 647494 nonzeros
Model fingerprint: 0xfb488648
Model has 229 quadratic constraints
Variable types: 50406 continuous, 50627 integer (224 binary)
Coefficient statistics:
  Matrix range     [4e-03, 4e+06]
  QMatrix range    [4e-03, 7e+04]
  QLMatrix range   [1e+00, 7e+04]
  Objective range  [1e+00, 3e+07]
  Bounds range     [1e+00, 1e+08]
  RHS range        [1e+00, 1e+06]
  QRHS range       [5e-02, 5e-02]
Presolve removed 148315 rows and 99311 columns
Presolve time: 0.45s
Presolved: 2990 rows, 2186 columns, 193518 nonzeros
Presolved model has 2 SOS constraint(s)
Presolved model has 224 bilinear constraint(s)

Solving non-convex MIQCP

Variable types: 796 continuous, 1390 integer (226 binary)
Found heuristic solution: objective 1.250037e+07

Root relaxation: objective 0.000000e+00, 442 iterations, 0.07 seconds (0.04 work units)

    Nodes    |    Current Node    |     Objective Bounds      |     Work
 Expl Unexpl |  Obj  Depth IntInf | Incumbent    BestBd   Gap | It/Node Time

     0     0    0.00000    0  347 1.2500e+07    0.00000   100%     -    1s
H    0     0                    8113828.2789    0.00000   100%     -    1s
     0     0 990983.646    0  382 8113828.28 990983.646  87.8%     -    2s
     0     0 1471276.03    0  360 8113828.28 1471276.03  81.9%     -    2s
     0     0 1956769.29    0  504 8113828.28 1956769.29  75.9%     -    3s
     0     0 1998682.72    0  496 8113828.28 1998682.72  75.4%     -    3s
     0     0 2093725.39    0  513 8113828.28 2093725.39  74.2%     -    5s
     0     0 2098840.39    0  518 8113828.28 2098840.39  74.1%     -    5s
     0     0 2120195.38    0  590 8113828.28 2120195.38  73.9%     -    7s
     0     0 2122475.78    0  593 8113828.28 2122475.78  73.8%     -    7s
     0     0 2131317.61    0  573 8113828.28 2131317.61  73.7%     -    9s
     0     0 2132926.34    0  568 8113828.28 2132926.34  73.7%     -    9s
     0     0 2137944.50    0  598 8113828.28 2137944.50  73.7%     -    9s
     0     0 2138106.89    0  586 8113828.28 2138106.89  73.6%     -   10s
     0     0 2140073.34    0  559 8113828.28 2140073.34  73.6%     -   10s
     0     0 2141583.15    0  559 8113828.28 2141583.15  73.6%     -   12s
     0     2 2141583.15    0  559 8113828.28 2141583.15  73.6%     -   13s
    13    16 2153409.87    4  521 8113828.28 2149164.84  73.5%   102   15s
    57    61 2194845.88   20  473 8113828.28 2149164.84  73.5%  68.1   20s
   112   115 2259738.55   35  457 8113828.28 2149164.84  73.5%  63.1   25s
H  172   180                    6813647.1655 2149164.84  68.5%  53.8   29s
   179   193 2351370.97   52  422 6813647.17 2149164.84  68.5%  52.7   30s
H  263   274                    6812832.1692 2149164.84  68.5%  51.9   35s
H  340   359                    6812832.1005 2149164.84  68.5%  44.0   38s
   392   433 3078070.66  126  361 6812832.10 2149164.84  68.5%  38.4   40s
H  457   481                    5261183.2349 2149164.84  59.2%  33.1   41s
   548   594 3099839.92  185  345 5261183.23 2149164.84  59.2%  28.5   45s
   702   760 3104062.94  259  345 5261183.23 2149164.84  59.2%  22.6   50s
H  870   878                    5256803.7307 2149164.84  59.1%  18.4   54s
   877   935 3106113.44  351  343 5256803.73 2149164.84  59.1%  18.3   56s
  1081  1176 3115408.26  437  339 5256803.73 2149164.84  59.1%  15.7   61s
  1299  1383 3122486.36  525  337 5256803.73 2149164.84  59.1%  13.6   65s
  1500  1583 3127388.27  626  339 5256803.73 2149164.84  59.1%  12.0   70s
  1701  1802 3129253.25  718  336 5256803.73 2149164.84  59.1%  11.2   76s
H 1800  1802                    5137559.9241 2149164.84  58.2%  10.7   76s
H 1847  1902                    5115948.2171 2149164.84  58.0%  10.5   79s
  1901  2020 3130850.02  802  335 5115948.22 2149164.84  58.0%  10.3   81s
  2109  2262 3132944.26  871  343 5115948.22 2149164.84  58.0%   9.7   87s
  2261  2398 3133171.05  920  338 5115948.22 2149164.84  58.0%   9.2   90s
  2523  2657 3137104.98  992  336 5115948.22 2149164.84  58.0%   8.5   96s
H 2654  2657                    5115615.4924 2149164.84  58.0%   8.2   96s
  2819  2970 3137712.55 1123  333 5115615.49 2149164.84  58.0%   7.8  101s
  2969  3162 3143648.54 1188  332 5115615.49 2149164.84  58.0%   7.6  105s
  3308  3484 3150384.95 1357  326 5115615.49 2149164.84  58.0%   7.0  111s
H 3379  3484                    4698334.9949 2149164.84  54.3%   6.9  111s
  3571  3749 3151681.95 1444  327 4698334.99 2149164.84  54.3%   6.7  116s
  3749  3750 3136763.32 1097  472 4698334.99 2149164.84  54.3%   6.5  125s
  3766  3761 3148153.40 1000  391 4698334.99 2216219.35  52.8%   6.5  130s
H 3767  3573                    4675152.3929 2218501.86  52.5%   6.5  130s
H 3785  3405                    4663447.5773 2250773.05  51.7%   6.5  134s
  3791  3409 3138259.76  839  383 4663447.58 2252824.50  51.7%   6.5  135s
H 3805  3246                    4660369.2829 2257545.82  51.6%   6.4  137s
H 3809  3086                    4636829.0733 2257681.66  51.3%   6.4  137s
  3824  3097 3144828.74  991  123 4636829.07 2257748.53  51.3%   9.4  140s
H 3826  2944                    4633217.1045 2257748.53  51.3%   9.3  140s
H 3826  2796                    4413538.4999 2257748.53  48.8%   9.3  141s
H 3836  2662                    4286274.7707 2261844.34  47.2%   9.3  143s
  3849  2671 3136763.32 1097  404 4286274.77 2265183.95  47.2%   9.3  145s
H 3858  2542                    4286274.7691 2265574.03  47.1%   9.3  147s
  3866  2550 2267001.25   25  602 4286274.77 2265719.08  47.1%  10.9  150s
H 3919  2458                    4164438.5074 2282260.43  45.2%  13.9  154s
  3929  2469 2351843.92   40  541 4164438.51 2282260.43  45.2%  14.5  155s
H 3946  2358                    4159884.4004 2282260.43  45.1%  14.9  155s
H 3980  2260                    4157194.4020 2282260.43  45.1%  15.5  157s
H 4009  2170                    4090757.4925 2282260.43  44.2%  16.0  158s
H 4035  2085                    4066606.7113 2282260.43  43.9%  16.3  159s
  4048  2107 2645578.38   68  426 4066606.71 2282260.43  43.9%  16.5  160s
H 4146  2058                    4061427.7808 2282260.43  43.8%  17.3  162s
  4322  2266 2912273.22  142  345 4061427.78 2282260.43  43.8%  17.5  165s
H 5061  2619                    4058251.1719 2282260.43  43.8%  15.4  168s
  5653  3118 2942358.88  502  263 4058251.17 2282260.43  43.8%  14.8  170s
H 6124  3219                    4056706.5640 2282260.43  43.7%  13.9  171s
  6819  3749 2936978.65  798  254 4056706.56 2282260.43  43.7%  12.7  175s
H 6905  3635                    4054308.7806 2282260.43  43.7%  12.6  175s
H 7768  4259                    4018456.0313 2282260.43  43.2%  11.8  179s
  7905  4451 2938672.01 1111  234 4018456.03 2282260.43  43.2%  11.7  180s
H 9206  5343                    4018246.9067 2282260.43  43.2%  10.2  184s
  9207  5604 2939148.11 1478  232 4018246.91 2282260.43  43.2%  10.2  185s
H10432  6639                    4008731.3709 2282260.43  43.1%   9.3  189s
 10503  6933 2939805.95 1820  233 4008731.37 2282260.43  43.1%   9.2  190s
H11491  7778                    4007709.3667 2282260.43  43.1%   8.5  194s
H11833  8116                    3975941.3090 2282260.43  42.6%   8.6  195s
H12535  8684                    3974881.0351 2282260.43  42.6%   8.7  199s
H12546  8684                    3964297.4715 2282260.43  42.4%   8.7  199s
H12754  9078                    3923465.9550 2282260.43  41.8%   8.8  200s
H13845 10026                    3918143.2753 2282260.43  41.8%   8.9  204s
 13926 10155 3825255.61 2819  299 3918143.28 2282260.43  41.8%   9.0  205s
H15004 11117                    3914254.8371 2282260.43  41.7%   9.4  209s
 15017 11233 3874001.20 3303  296 3914254.84 2282260.43  41.7%   9.4  210s
 16205 12471 3890766.55 3619  287 3914254.84 2282260.43  41.7%   9.5  215s
 17351 13695 3878309.06 3900  276 3914254.84 2282260.43  41.7%  10.3  220s
 18685 14987 3881059.30 4120  273 3914254.84 2282260.43  41.7%  10.2  225s
 20002 16245 3881714.25 4343  273 3914254.84 2282260.43  41.7%  10.2  230s
 21009 17212     cutoff 4611      3914254.84 2282260.43  41.7%  11.1  235s
 21894 18085 2373986.55   42  512 3914254.84 2284128.16  41.6%  11.1  240s
 22436 18423 2860304.13  114  379 3914254.84 2284128.16  41.6%  11.7  245s
 23443 19543 3028605.15  564  264 3914254.84 2284128.16  41.6%  12.0  250s
 24778 20938 3029615.11  953  232 3914254.84 2284128.16  41.6%  11.8  255s
H24847 20336                    3901825.9713 2284128.16  41.5%  11.8  255s
H26031 21444                    3899604.1115 2284128.16  41.4%  11.4  259s
 26276 21778 3049256.22 1362  230 3899604.11 2284128.16  41.4%  11.3  260s
H26610 21861                    3893822.1827 2284128.16  41.3%  11.2  261s
H27255 20612                    3870176.3360 2284128.16  41.0%  11.0  264s
 27382 20888 3049637.18 1654  230 3870176.34 2284128.16  41.0%  11.0  265s
H28470 21683                    3863435.4571 2284128.16  40.9%  10.7  268s
 28837 22334 3049949.06 2055  221 3863435.46 2284128.16  40.9%  10.6  270s
H29721 23097                    3859519.6295 2284128.16  40.8%  10.4  272s
 30432 23879 3050330.01 2480  221 3859519.63 2284128.16  40.8%  10.2  275s
H31405 24694                    3858848.3331 2284128.16  40.8%  10.1  278s
 31867 25248 3750302.94 2803  250 3858848.33 2284128.16  40.8%  10.1  280s
H32559 25776                    3856450.6472 2284128.16  40.8%  10.0  283s
 32938 26016 3841738.81 2998  285 3856450.65 2284128.16  40.8%  10.0  285s
H33368 26595                    3856056.7002 2284128.16  40.8%  10.0  287s
H33429 26575                    3855557.8876 2284128.16  40.8%  10.0  287s
 33945 27063     cutoff 3179      3855557.89 2285462.52  40.7%  10.0  290s
H34546 27588                    3854796.6531 2285462.52  40.7%  10.0  293s
H34799 27758                    3854766.5408 2285462.52  40.7%  10.1  295s
 35556 28646 2561407.51   82  429 3854766.54 2285462.52  40.7%  10.2  300s
H35876 28984                    3853986.1797 2285462.52  40.7%  10.2  302s
H36933 30085                    3853986.1673 2285462.52  40.7%  10.1  305s
H37470 30459                    3850621.7273 2285462.52  40.6%  10.1  307s
 37901 30939 3056219.89  583  255 3850621.73 2285462.52  40.6%  10.0  311s
H38010 30676                    3844807.8178 2285462.52  40.6%  10.0  311s
 38999 31832 3042990.96  860  237 3844807.82 2285462.52  40.6%   9.8  315s
 40374 33097 3044389.82 1128  233 3844807.82 2285462.52  40.6%   9.7  320s
 41631 34351 3045755.79 1264  233 3844807.82 2285462.52  40.6%  10.0  325s
 42455 35152 3046797.20 1367  233 3844807.82 2285462.52  40.6%  10.3  330s
H42487 35152                    3844807.8117 2285462.52  40.6%  10.4  330s
H43106 35693                    3843754.0491 2285462.52  40.5%  10.5  335s
H43630 35492                    3823829.6089 2285462.52  40.2%  10.6  338s
 44114 36107 3048547.19 1541  235 3823829.61 2285462.52  40.2%  10.6  340s
 45407 37358 3421919.30 1684  294 3823829.61 2285462.52  40.2%  10.9  345s
H45749 37394                    3820429.3356 2285462.52  40.2%  11.0  345s
 46723 38601 3051467.13 1859  233 3820429.34 2285462.52  40.2%  11.3  350s
H46961 38734                    3815549.4530 2285462.52  40.1%  11.2  351s
H47986 39663                    3814494.9970 2285462.52  40.1%  11.1  354s
H48205 39687                    3812630.1127 2285462.52  40.1%  11.1  355s
H49211 40713                    3812552.2048 2285462.52  40.1%  11.0  359s
H49211 40536                    3806453.7565 2285462.52  40.0%  11.0  359s
H49352 40414                    3802159.5726 2285462.52  39.9%  10.9  359s
 49591 40709 3056402.82 2744  226 3802159.57 2285462.52  39.9%  11.0  360s
H49898 40813                    3799207.7681 2285462.52  39.8%  11.0  362s
 50329 41297 3075735.44 3096  222 3799207.77 2285462.52  39.8%  10.9  365s
H50832 41600                    3797728.4089 2285462.52  39.8%  11.1  368s
H50874 41589                    3797514.4393 2285462.52  39.8%  11.0  368s
 51135 42005 3217471.46 3471  228 3797514.44 2285462.52  39.8%  11.1  370s
 51858 42672 2388150.93   53  512 3797514.44 2285462.52  39.8%  11.4  375s
H52967 43854                    3797135.9474 2285462.52  39.8%  11.4  380s
H53642 43966                    3773113.1395 2285462.52  39.4%  11.4  383s
 53991 44419 2306396.24   31  593 3773113.14 2287855.81  39.4%  11.3  385s
 54783 45163 2537246.77   69  427 3773113.14 2287855.81  39.4%  11.3  390s
H54924 45322                    3770713.7153 2287855.81  39.3%  11.3  391s
 55735 46100 3190682.27  121  354 3770713.72 2287855.81  39.3%  11.4  395s
H56152 46360                    3770614.1941 2287855.81  39.3%  11.4  397s
H56163 46356                    3768621.7336 2287855.81  39.3%  11.4  397s
 56393 46856 3374292.08  612  272 3768621.73 2287855.81  39.3%  11.5  400s
H57107 47302                    3767907.2738 2287855.81  39.3%  11.4  402s
 57613 48022 3377828.83 1740  266 3767907.27 2287855.81  39.3%  11.4  405s
H58030 48345                    3764596.1930 2287855.81  39.2%  11.4  407s
H58157 48319                    3761203.8164 2287855.81  39.2%  11.4  407s
 58394 48775 3378473.79 2429  265 3761203.82 2287855.81  39.2%  11.4  411s
 59070 49375 3380935.20 2796  247 3761203.82 2287855.81  39.2%  11.4  415s
H59219 49371                    3760740.8379 2287855.81  39.2%  11.4  415s
H60099 50232                    3759465.5501 2287855.81  39.1%  11.5  420s
 61268 51303 2342286.39   30  538 3759465.55 2288766.06  39.1%  11.7  425s
H61912 51936                    3757039.8192 2288766.06  39.1%  11.7  427s
 62675 53017 3056471.91  153  356 3757039.82 2288766.06  39.1%  11.7  430s
H63166 53379                    3757027.6695 2288766.06  39.1%  11.6  431s
H63391 53075                    3749786.7828 2288766.06  39.0%  11.6  431s
H63723 53022                    3745241.3648 2288766.06  38.9%  11.5  432s
H63724 53179                    3745090.8531 2288766.06  38.9%  11.5  433s
H63803 53139                    3743207.3496 2288766.06  38.9%  11.5  433s
 64345 53964 3132002.57  991  330 3743207.35 2288766.06  38.9%  11.4  436s
 66331 55971 3140594.05 2083  284 3743207.35 2288766.06  38.9%  11.1  440s
 68081 57535 3178041.99 3086  256 3743207.35 2288766.06  38.9%  11.0  445s
 69326 58634 3179026.29 3755  250 3743207.35 2288766.06  38.9%  11.0  450s
 70365 59700 3180971.34 4565  230 3743207.35 2288766.06  38.9%  11.0  455s
H71255 60169                    3738691.7222 2288766.06  38.8%  11.2  459s
 71323 60293 3183773.00 5022  225 3738691.72 2288766.06  38.8%  11.2  460s
 72209 60935 3608053.34 5046  273 3738691.72 2288766.06  38.8%  11.5  465s
H72361 60988                    3738638.3283 2288766.06  38.8%  11.6  466s
H72726 61245                    3738152.6053 2288766.06  38.8%  11.7  468s
 73109 61593 2378015.12   43  529 3738152.61 2288862.61  38.8%  11.8  470s
 73723 62071 2754721.91  147  445 3738152.61 2288862.61  38.8%  12.1  475s
H73809 61467                    3732036.0547 2288862.61  38.7%  12.1  476s
H73907 61427                    3731158.6818 2288862.61  38.7%  12.2  478s
 74195 61892 3510342.00  317  319 3731158.68 2288862.61  38.7%  12.2  480s
H75212 62856                    3731065.0315 2288862.61  38.7%  12.3  484s
 75399 62882 3553456.69  769  255 3731065.03 2291188.55  38.6%  12.3  485s
H75419 62678                    3729257.6002 2291188.55  38.6%  12.3  485s
H75989 63381                    3729157.2847 2291188.55  38.6%  12.4  489s
 76177 63627 2768050.55  101  518 3729157.28 2291188.55  38.6%  12.4  490s
 77728 65323 3648281.18  350  292 3729157.28 2291188.55  38.6%  12.3  495s
 78889 66267 3662253.26  926  249 3729157.28 2291188.55  38.6%  12.1  501s
H78978 65596                    3717512.8889 2291188.55  38.4%  12.1  501s
H79069 65662                    3716019.8814 2291188.55  38.3%  12.1  502s
H79213 63107                    3706346.0170 2291188.55  38.2%  12.1  502s
H79485 63265                    3704850.7270 2294337.76  38.1%  12.1  503s
 79738 63613 2450983.99   43  494 3704850.73 2294337.76  38.1%  12.1  505s
 80990 64813     cutoff  198      3704850.73 2294544.97  38.1%  12.1  510s
 81823 65444 2461672.67   66  425 3704850.73 2294754.69  38.1%  12.2  515s
 82911 66718 3125646.60  214  323 3704850.73 2294754.69  38.1%  12.2  520s
H83286 66944                    3704158.9647 2294754.69  38.0%  12.2  521s
H83588 67084                    3701732.8876 2294754.69  38.0%  12.1  522s
H84071 67451                    3701100.2501 2294754.69  38.0%  12.2  524s
 84130 67467 3384065.08  503  317 3701100.25 2294754.69  38.0%  12.2  526s
H84149 66546                    3689385.7566 2294754.69  37.8%  12.2  526s
H84242 61533                    3673083.7744 2294754.69  37.5%  12.3  527s
 84755 62057 3132686.93  733  227 3673083.77 2294754.69  37.5%  12.3  530s
H85445 62334                    3671177.7175 2294754.69  37.5%  12.3  534s
 85468 62547 3137042.99 1035  226 3671177.72 2294754.69  37.5%  12.3  535s
 86407 63215     cutoff 1369      3671177.72 2294754.69  37.5%  12.4  540s
H86409 62197                    3668909.2935 2294754.69  37.5%  12.4  540s
H86466 59442                    3655041.5291 2294754.69  37.2%  12.5  540s
H86729 59166                    3645320.6389 2298651.70  36.9%  12.6  543s
 86917 59542 2631744.57  100  438 3645320.64 2298651.70  36.9%  12.7  545s
H87839 59730                    3624774.1715 2298721.41  36.6%  12.7  548s
 88313 60288 2370216.00   31  581 3624774.17 2302278.89  36.5%  12.7  550s
 89058 60753 2641154.18   61  493 3624774.17 2302278.89  36.5%  12.8  555s
H89113 60819                    3621910.1220 2302278.89  36.4%  12.8  556s
 89313 61012 2366039.73   31  565 3621910.12 2304050.92  36.4%  12.9  560s
 90041 61564 3563323.69  282  322 3621910.12 2305091.70  36.4%  13.1  565s
H90122 61566                    3620185.6502 2305091.70  36.3%  13.2  566s
H90371 61272                    3598947.2482 2305136.34  35.9%  13.3  568s
 90537 61546 2808410.24  110  471 3598947.25 2305142.70  35.9%  13.3  570s
 91292 62533 2817985.11  136  447 3598947.25 2305147.98  35.9%  13.3  575s
H91689 62792                    3598947.2365 2305147.98  35.9%  13.3  576s
 92561 63615 2409301.35   32  524 3598947.24 2305156.27  35.9%  13.2  580s
H92815 63757                    3593034.4036 2305156.27  35.8%  13.2  581s
H92996 63729                    3581615.2249 2305156.27  35.6%  13.2  581s
 93777 64713 2879867.55   90  422 3581615.22 2305161.45  35.6%  13.2  585s
H93828 64712                    3580689.1164 2305161.45  35.6%  13.2  585s
H94188 64955                    3579395.5559 2305161.45  35.6%  13.2  587s
 94772 65637 2461450.53   69  447 3579395.56 2305161.45  35.6%  13.2  590s
H95223 65967                    3567519.2986 2305161.45  35.4%  13.2  592s
 95996 66852 2979510.60  243  312 3567519.30 2305161.45  35.4%  13.1  596s
H96120 66847                    3566779.5616 2305161.45  35.4%  13.1  596s
 97344 68217 3002152.52  566  229 3566779.56 2305161.45  35.4%  13.0  600s
H98495 69120                    3563705.0099 2305161.45  35.3%  12.8  604s
 98603 69388 3003364.53  887  228 3563705.01 2305161.45  35.3%  12.8  605s
H99463 70119                    3563525.2214 2305161.45  35.3%  12.8  609s
 99657 70386 3091758.14 1185  230 3563525.22 2305161.45  35.3%  12.8  610s
H100608 70416                    3547572.4445 2305161.45  35.0%  12.8  614s
 100629 70452 3102523.80 1402  221 3547572.44 2305161.45  35.0%  12.9  615s
H100997 70627                    3546872.9851 2305161.45  35.0%  13.0  618s
 101130 70725 2394622.38   57  525 3546872.99 2305350.72  35.0%  13.1  620s
H101422 70922                    3546747.2361 2306765.74  35.0%  13.2  623s
 101487 71111 2595486.12  105  451 3546747.24 2306765.74  35.0%  13.3  625s
H101805 71252                    3545819.0499 2307510.06  34.9%  13.4  628s
 102013 71459 3049865.27  137  401 3545819.05 2307510.06  34.9%  13.4  630s
H102301 71811                    3545185.5250 2307510.12  34.9%  13.5  633s
 102710 72201     cutoff  159      3545185.53 2307980.64  34.9%  13.5  636s
H103375 72559                    3542032.3065 2307981.05  34.8%  13.5  639s
 103575 72835 2367483.02   37  522 3542032.31 2307981.05  34.8%  13.5  641s
 104419 73508     cutoff  139      3542032.31 2307981.05  34.8%  13.4  645s
H104552 73342                    3539541.0469 2308372.63  34.8%  13.5  646s
 105389 74240 2644955.73  119  391 3539541.05 2308372.63  34.8%  13.4  650s
 106811 75697 2557122.48   54  464 3539541.05 2309681.73  34.7%  13.4  655s
H107289 76050                    3539163.9872 2309682.27  34.7%  13.4  657s
H107854 76345                    3536865.3486 2309682.27  34.7%  13.3  660s
 109032 77491     cutoff  104      3536865.35 2309682.27  34.7%  13.3  665s
H109639 77907                    3536865.3462 2309967.09  34.7%  13.3  668s
 109857 78260     cutoff  133      3536865.35 2309967.09  34.7%  13.3  670s
 110540 78819 2557961.20  114  455 3536865.35 2310982.02  34.7%  13.6  675s
H110671 78708                    3535411.8832 2310982.02  34.6%  13.6  676s
 111541 79822 3117329.74  347  325 3535411.88 2310982.02  34.6%  13.6  681s
 113173 81488 3149031.48 1051  255 3535411.88 2310982.02  34.6%  13.4  685s
H113932 82223                    3535393.3618 2310982.02  34.6%  13.3  687s
 114627 82762 3152244.97 1453  230 3535393.36 2310982.02  34.6%  13.3  690s
 116472 84775 3153300.02 1914  224 3535393.36 2310982.02  34.6%  13.1  695s
 118079 86376 3153378.41 2017  223 3535393.36 2310982.02  34.6%  12.9  700s
H118930 83445                    3528078.5287 2310982.02  34.5%  12.9  703s
 119399 84022 3153449.44 2115  225 3528078.53 2310982.02  34.5%  12.8  705s
H119929 84265                    3528071.0604 2310982.02  34.5%  12.8  708s
 120485 85056 3153632.06 2274  222 3528071.06 2310982.02  34.5%  12.7  710s
H120775 85172                    3528029.4853 2311217.73  34.5%  12.7  711s
H120898 84981                    3527221.9465 2311217.73  34.5%  12.7  712s
H120907 83744                    3512332.0136 2311217.73  34.2%  12.7  712s
 121241 83967 2596674.68   75  430 3512332.01 2311217.73  34.2%  12.8  715s
H121911 84585                    3512138.3240 2311217.73  34.2%  12.8  717s
 122436 85381 3227255.57  284  305 3512138.32 2311217.73  34.2%  12.8  720s
H123669 86261                    3507753.6933 2311217.73  34.1%  12.7  724s
 123750 86467     cutoff  508      3507753.69 2311217.73  34.1%  12.7  725s
 124863 87608 3232416.81  738  245 3507753.69 2311217.73  34.1%  12.6  730s
 126524 89288 3234640.13 1108  240 3507753.69 2311217.73  34.1%  12.5  735s
H127311 89956                    3507526.5859 2311217.73  34.1%  12.4  737s
H127373 89913                    3505635.3077 2311217.73  34.1%  12.4  737s
 128040 90738 3247818.04 1446  233 3505635.31 2311217.73  34.1%  12.3  740s
 129511 92170 3257885.87 1803  232 3505635.31 2311217.73  34.1%  12.2  745s
H130187 92593                    3500672.2870 2311217.73  34.0%  12.2  749s
 130257 92685 3250518.83 2006  230 3500672.29 2311217.73  34.0%  12.2  750s
H130369 92708                    3500179.3812 2311217.73  34.0%  12.2  751s
H130390 92704                    3499601.1241 2311217.73  34.0%  12.2  751s
 131122 93581 3260601.93 2358  226 3499601.12 2311217.73  34.0%  12.2  755s
H131415 93610                    3493828.5837 2311217.73  33.8%  12.2  756s
 131617 93797 3261103.05 2537  223 3493828.58 2311217.73  33.8%  12.3  760s
H131843 93998                    3493828.4963 2311217.73  33.8%  12.3  761s
 132558 94603     cutoff 2849      3493828.50 2311217.73  33.8%  12.4  765s
H132911 94743                    3490755.2682 2311217.73  33.8%  12.5  767s
 133085 94840     cutoff 2860      3490755.27 2311217.73  33.8%  12.6  770s
H133104 94840                    3490746.3063 2311217.73  33.8%  12.6  770s
 133442 94959     cutoff 2862      3490746.31 2311217.73  33.8%  12.9  775s
H133719 95045                    3490653.5005 2311217.73  33.8%  13.1  778s
 133802 95089     cutoff 2865      3490653.50 2311217.73  33.8%  13.1  780s
H134312 95380                    3489221.5178 2311217.73  33.8%  13.4  785s
H134516 95465                    3489156.9882 2311217.73  33.8%  13.5  788s
 134705 95584 3262824.47 2876  225 3489156.99 2311217.73  33.8%  13.6  790s
H134789 95586                    3489146.7500 2311217.73  33.8%  13.6  791s
H134811 95586                    3489138.5809 2311217.73  33.8%  13.7  791s
H135155 95756                    3488831.1932 2311217.73  33.8%  13.8  794s
 135159 95843     cutoff 2889      3488831.19 2311217.73  33.8%  13.8  795s
H135161 95843                    3488831.1866 2311217.73  33.8%  13.8  795s
H135276 95766                    3482993.3285 2311217.73  33.6%  13.9  799s
 135277 95791 3263917.19 2887  227 3482993.33 2311217.73  33.6%  13.9  800s
 135767 96018     cutoff 2896      3482993.33 2311217.73  33.6%  14.2  805s
H135810 96018                    3482993.3010 2311217.73  33.6%  14.2  805s
 136272 96323 3454253.53  168  350 3482993.30 2312938.59  33.6%  14.4  810s
H136323 96346                    3482926.5921 2312947.13  33.6%  14.4  811s
H136630 96699                    3476125.6235 2312947.13  33.5%  14.6  815s
 137738 98095 3079640.70  252  326 3476125.62 2312947.13  33.5%  14.6  820s
H138165 98546                    3475936.6519 2312947.13  33.5%  14.6  821s
H138379 98546                    3475845.8827 2312947.13  33.5%  14.6  821s
H138616 98975                    3475422.4557 2312947.13  33.4%  14.5  823s
 139460 99807 3174200.34  644  276 3475422.46 2312947.13  33.4%  14.5  825s
H139954 100064                    3474779.1130 2312947.13  33.4%  14.4  827s
 140513 100870 3175711.75  923  239 3474779.11 2312947.13  33.4%  14.4  830s
H141336 101605                    3474448.4600 2312947.13  33.4%  14.3  832s
H142207 102225                    3474127.1343 2312947.13  33.4%  14.2  834s
 142308 102634 3177224.34 1309  236 3474127.13 2312947.13  33.4%  14.2  835s
 144414 104520 3197435.87 1764  221 3474127.13 2312947.13  33.4%  14.0  840s
H145595 105386                    3473554.5351 2312961.48  33.4%  14.0  845s
 146361 106257 2571246.47   90  443 3473554.54 2313010.76  33.4%  14.0  850s
H146377 106257                    3473419.6213 2313010.76  33.4%  14.0  850s
H146466 106257                    3473240.1242 2313010.76  33.4%  14.0  850s
 147307 107117 2717838.56   91  464 3473240.12 2313143.82  33.4%  14.0  855s
H147605 107172                    3472771.3623 2313146.10  33.4%  14.2  858s
 147648 107250 2402870.81   79  531 3472771.36 2313146.10  33.4%  14.2  860s
 148442 108128     cutoff  267      3472771.36 2313163.20  33.4%  14.3  866s
 149459 109300 3296156.13  664  276 3472771.36 2313163.20  33.4%  14.3  870s
 150784 110370 3370243.82 1209  232 3472771.36 2313163.20  33.4%  14.2  875s
H150996 110473                    3472715.4602 2313163.20  33.4%  14.2  876s
 151815 111206 3393500.72 1737  221 3472715.46 2313163.20  33.4%  14.2  880s
H152370 111533                    3472462.8745 2313169.86  33.4%  14.2  884s
 152442 111663 2448337.07   84  492 3472462.87 2313169.86  33.4%  14.3  885s
H152779 111922                    3472189.6154 2313169.97  33.4%  14.4  887s
 153107 112306 3378373.59  360  291 3472189.62 2313169.97  33.4%  14.4  890s
H153563 112723                    3471683.3196 2313169.97  33.4%  14.4  892s
 154174 113279 3394525.48 1233  259 3471683.32 2313169.97  33.4%  14.4  895s
H155560 114485                    3471609.7574 2313169.97  33.4%  14.3  899s
 155580 114494 3417638.88 2392  255 3471609.76 2313169.97  33.4%  14.4  900s
H155586 114494                    3471609.7471 2313169.97  33.4%  14.4  900s
 155969 114734 2416895.35   62  489 3471609.75 2313257.98  33.4%  14.5  905s
 156423 115186 2319353.30   53  579 3471609.75 2313257.98  33.4%  14.6  910s
H156772 115667                    3471331.9242 2313257.98  33.4%  14.6  913s
 157235 116211 2641908.84   89  421 3471331.92 2313257.98  33.4%  14.6  916s
H158282 117133                    3471039.1583 2313257.98  33.4%  14.6  920s
H158907 117639                    3470918.5992 2313257.98  33.4%  14.6  924s
 159055 117915     cutoff  194      3470918.60 2313257.98  33.4%  14.6  926s
 159949 118626 2472720.13   90  489 3470918.60 2313265.01  33.4%  14.6  931s
H160012 118600                    3467815.5777 2313265.01  33.3%  14.6  931s
 160671 119178     cutoff  149      3467815.58 2313266.32  33.3%  14.6  936s
H160801 119207                    3467815.5462 2313271.12  33.3%  14.6  938s
 161081 119420 2347492.39   38  562 3467815.55 2313271.27  33.3%  14.7  940s
H161508 119668                    3467000.0468 2313271.87  33.3%  14.9  944s
 161518 119680 2581507.74   74  489 3467000.05 2313271.87  33.3%  14.9  945s
H161981 120147                    3466819.5225 2313404.12  33.3%  15.0  949s
 162082 120200 2903741.32  101  427 3466819.52 2313404.12  33.3%  15.0  950s
 162529 120576 3364811.89  240  312 3466819.52 2313406.23  33.3%  15.1  955s
H162593 120573                    3466196.8709 2313406.23  33.3%  15.1  955s
H162873 120795                    3466022.5268 2313678.52  33.2%  15.2  959s
 162886 120856 2337399.21   40  482 3466022.53 2313678.52  33.2%  15.2  960s
H163080 120976                    3465978.8284 2313756.16  33.2%  15.2  962s
 163333 121281 2444617.78   68  477 3465978.83 2314052.18  33.2%  15.3  965s
H163445 121283                    3465002.2057 2314052.18  33.2%  15.3  967s
 163515 121355 2351318.95   40  550 3465002.21 2314266.96  33.2%  15.4  970s
H163842 121618                    3464986.2351 2314395.55  33.2%  15.5  974s
 163860 121696 2351864.29   41  521 3464986.24 2314395.55  33.2%  15.5  975s
H164241 121966                    3464935.3436 2314425.70  33.2%  15.6  978s
 164370 122105 2704248.39   99  412 3464935.34 2314425.70  33.2%  15.7  980s
H164935 122875                    3464905.5373 2314425.70  33.2%  15.7  985s
H165146 122875                    3464895.1598 2314425.70  33.2%  15.7  985s
H165516 123410                    3464766.1410 2314425.70  33.2%  15.7  987s
 165952 123834 3375806.32 1030  267 3464766.14 2314425.70  33.2%  15.7  990s
H166955 124652                    3464766.1202 2314425.70  33.2%  15.7  994s
 167034 124905     cutoff 1816      3464766.12 2314425.70  33.2%  15.7  995s
H167664 125257                    3464739.7515 2314425.70  33.2%  15.7  996s
 168206 125709 2382024.14   35  576 3464739.75 2314888.80  33.2%  15.8 1000s
H168319 125859                    3464288.1393 2314888.80  33.2%  15.8 1003s
 168523 126009 2364892.35   44  537 3464288.14 2315048.50  33.2%  15.9 1005s
 169002 126572 2931633.07  127  393 3464288.14 2315048.50  33.2%  16.0 1010s
H169402 126727                    3462929.2616 2315262.18  33.1%  16.1 1013s
 169541 126878 2984874.13  101  427 3462929.26 2315295.68  33.1%  16.1 1016s
H169579 126872                    3462715.0530 2315295.68  33.1%  16.1 1016s
H169720 127006                    3462589.7710 2315472.80  33.1%  16.2 1018s
H169794 127130                    3461570.5830 2315472.80  33.1%  16.2 1019s
 169932 127157 3404900.19  145  343 3461570.58 2315531.31  33.1%  16.2 1020s
H169973 127253                    3461570.5757 2315531.31  33.1%  16.2 1022s
 170398 127637 infeasible  228      3461570.58 2315609.67  33.1%  16.3 1025s
H170670 127892                    3461357.2646 2315609.67  33.1%  16.4 1028s
 170980 128089     cutoff  174      3461357.26 2315609.67  33.1%  16.4 1031s
 171311 128401 2392064.46   52  516 3461357.26 2315632.61  33.1%  16.5 1035s
H171787 128896                    3461341.6408 2315674.25  33.1%  16.5 1040s
H171823 128894                    3461027.2935 2315680.83  33.1%  16.5 1040s
 172530 129358 2746430.93  100  486 3461027.29 2315683.41  33.1%  16.6 1045s
 172947 129800 2393932.35   40  492 3461027.29 2316012.94  33.1%  16.7 1050s
 173415 130147 2665975.76   64  475 3461027.29 2316076.84  33.1%  16.8 1055s
H173482 130147                    3460995.5514 2316076.84  33.1%  16.8 1055s
H173538 130212                    3460930.8387 2316076.84  33.1%  16.9 1057s
 173789 130726 2412140.86   40  543 3460930.84 2316648.99  33.1%  16.9 1060s
 174555 131217 2357786.46   45  512 3460930.84 2316693.52  33.1%  16.9 1065s
 175451 132316 infeasible  116      3460930.84 2316769.18  33.1%  16.9 1070s
H175539 132316                    3460840.6987 2316769.18  33.1%  16.9 1070s
 176336 133420 3254310.03  375  319 3460840.70 2316769.18  33.1%  16.9 1075s
H176984 133921                    3460823.9666 2316769.18  33.1%  16.8 1077s
H177180 133907                    3460523.9269 2316769.18  33.1%  16.8 1077s
H177469 134586                    3460523.8806 2316769.18  33.1%  16.8 1078s
H177792 134576                    3460389.7267 2316769.18  33.0%  16.8 1078s
 178150 135082 3296875.24 1248  266 3460389.73 2316769.18  33.0%  16.7 1080s
H179159 135376                    3460266.9898 2316769.18  33.0%  16.7 1084s
 179277 135419 2372824.15   43  550 3460266.99 2316782.68  33.0%  16.8 1085s
 180156 135903 3372178.07  233  303 3460266.99 2316783.66  33.0%  16.9 1090s
 180475 136204 2379333.02   54  538 3460266.99 2316816.43  33.0%  17.0 1095s
H180930 136481                    3460231.6079 2316909.09  33.0%  17.1 1099s
 180952 136614 2402608.51   54  457 3460231.61 2316909.09  33.0%  17.1 1100s
H181085 136755                    3458804.3015 2316909.09  33.0%  17.2 1101s
 181461 137084 3241335.02  400  359 3458804.30 2316909.09  33.0%  17.2 1105s
H182245 137834                    3458636.0493 2316909.09  33.0%  17.2 1110s
H183093 138478                    3458587.8563 2316909.09  33.0%  17.1 1113s
 183356 139042 3326011.41 2031  271 3458587.86 2316909.09  33.0%  17.1 1115s
 184724 140330 3352050.52 3181  233 3458587.86 2316909.09  33.0%  17.1 1120s
 186528 141849 3359551.24 4715  227 3458587.86 2316909.09  33.0%  17.0 1125s
H186530 142079                    3458379.9431 2316909.09  33.0%  17.0 1126s
H187338 142686                    3458367.5451 2316909.09  33.0%  17.0 1128s
H187582 142906                    3458367.5426 2316909.09  33.0%  17.0 1130s
 188251 143617 3382771.75  363  293 3458367.54 2317540.29  33.0%  17.0 1135s
 188755 143892 2340263.48   59  555 3458367.54 2317658.02  33.0%  17.1 1140s
H189189 144239                    3458243.0139 2317900.52  33.0%  17.2 1144s
H189321 144365                    3457966.2152 2317900.52  33.0%  17.2 1146s
H189578 144615                    3457873.9544 2317932.68  33.0%  17.3 1149s
 189687 144714 3395053.40  155  331 3457873.95 2317933.19  33.0%  17.3 1150s
 190242 145375 2386220.36   45  521 3457873.95 2317935.67  33.0%  17.3 1155s
 190835 145959 2438857.43   58  520 3457873.95 2317943.63  33.0%  17.3 1160s
H191140 145988                    3457794.6275 2317943.63  33.0%  17.3 1161s
 191454 146296 3386682.71  107  392 3457794.63 2318023.84  33.0%  17.4 1165s
H191696 146429                    3457598.3076 2318023.84  33.0%  17.5 1169s
 191718 146520 3399694.00  156  381 3457598.31 2318033.52  33.0%  17.5 1170s
 192485 147202     cutoff  536      3457598.31 2318038.12  33.0%  17.6 1175s
H192714 147392                    3457290.7476 2318065.77  33.0%  17.6 1178s
 192975 147595     cutoff  136      3457290.75 2318144.87  32.9%  17.6 1180s
H193056 147697                    3457173.3057 2318144.87  32.9%  17.7 1181s
H193275 147821                    3457006.5143 2318155.99  32.9%  17.7 1183s
 193428 147978 infeasible   64      3457006.51 2318203.32  32.9%  17.8 1185s
 193747 148566 3286498.24  127  364 3457006.51 2318203.32  32.9%  17.8 1190s
 194552 148876 2576352.86   64  477 3457006.51 2318216.64  32.9%  17.9 1196s
H194573 148862                    3456489.0414 2318216.64  32.9%  17.9 1196s
 194958 149153     cutoff  153      3456489.04 2318251.64  32.9%  18.0 1200s
 195355 149488 2807424.79  106  459 3456489.04 2318276.68  32.9%  18.1 1206s
H195496 149457                    3455025.7202 2318294.16  32.9%  18.2 1207s
H195595 149696                    3454991.4980 2318294.16  32.9%  18.2 1210s
H196109 150216                    3454991.4916 2318294.16  32.9%  18.2 1213s
 196290 150681 3333184.35  310  317 3454991.49 2318294.16  32.9%  18.2 1215s
 197379 151789 3348161.99  710  294 3454991.49 2318294.16  32.9%  18.1 1221s
H198262 152324                    3454812.5494 2318294.16  32.9%  18.1 1224s
 198474 152711     cutoff 1014      3454812.55 2318294.16  32.9%  18.1 1226s
H199457 153469                    3454701.5990 2318294.16  32.9%  18.0 1229s
 199695 153793 3373403.14 1737  260 3454701.60 2318294.16  32.9%  18.0 1230s
H200638 154403                    3454443.8865 2318294.16  32.9%  18.0 1232s
H201003 155001                    3454140.9472 2318294.16  32.9%  18.0 1235s
 202197 156073 3414143.27 3289  229 3454140.95 2318294.16  32.9%  18.0 1241s
H202358 156073                    3454109.4336 2318294.16  32.9%  17.9 1241s
 202912 156573 3425965.99 3583  245 3454109.43 2318294.16  32.9%  18.0 1245s
H202976 156665                    3453826.3917 2318294.16  32.9%  18.0 1247s
 203246 156730 3441958.79 3603  252 3453826.39 2318396.24  32.9%  18.0 1250s
H203391 156785                    3453775.2009 2318430.08  32.9%  18.1 1252s
H203466 156885                    3453529.3132 2318430.08  32.9%  18.1 1254s
 203497 157044 2568053.70   87  438 3453529.31 2318430.08  32.9%  18.1 1255s
 204051 157392 2391888.84   72  479 3453529.31 2318438.70  32.9%  18.2 1260s
H204280 157643                    3453523.7256 2318438.70  32.9%  18.3 1262s
 204359 158049 3178748.89  132  351 3453523.73 2318438.70  32.9%  18.3 1266s
 205731 159513 3199012.63  766  309 3453523.73 2318438.70  32.9%  18.2 1271s
 207015 160731 3203430.28 1348  307 3453523.73 2318438.70  32.9%  18.1 1275s
H207920 161191                    3453497.2391 2318438.70  32.9%  18.0 1277s
 208871 162427 3210768.28 2261  273 3453497.24 2318438.70  32.9%  17.9 1281s
H210060 163569                    3453467.1267 2318438.70  32.9%  17.9 1285s
H211159 164596                    3453442.4629 2318438.70  32.9%  17.8 1288s
 211765 165385 3231440.29 3562  246 3453442.46 2318438.70  32.9%  17.7 1290s
H212169 165544                    3453420.9502 2318438.70  32.9%  17.7 1292s
 213010 166559 3235619.92 4152  241 3453420.95 2318438.70  32.9%  17.7 1295s
H213329 166733                    3453420.9485 2318438.70  32.9%  17.6 1296s
 214626 168120 3241799.39 5023  242 3453420.95 2318438.70  32.9%  17.6 1300s
 215946 169428 3248326.44 5683  243 3453420.95 2318438.70  32.9%  17.5 1305s
 217339 170854 3251329.61 6400  243 3453420.95 2318438.70  32.9%  17.4 1310s
 218930 172234 3256016.53 7518  232 3453420.95 2318438.70  32.9%  17.4 1315s
H219481 172709                    3453366.2091 2318438.70  32.9%  17.4 1317s
 220468 173542 3259611.84 8209  224 3453366.21 2318438.70  32.9%  17.4 1320s
 221462 174322 3259738.37 8369  221 3453366.21 2318438.70  32.9%  17.4 1325s
 222297 174767 3259806.29 8461  221 3453366.21 2318438.70  32.9%  17.5 1331s
H222299 174767                    3453319.8120 2318438.70  32.9%  17.5 1331s
 222978 175287 3259858.11 8525  219 3453319.81 2318438.70  32.9%  17.5 1336s
 223615 175571 infeasible 8611      3453319.81 2318438.70  32.9%  17.5 1340s
H223841 175631                    3453213.8253 2318438.70  32.9%  17.5 1341s
 224563 176287     cutoff 8725      3453213.83 2318438.70  32.9%  17.5 1345s
 225672 177225 2537729.23   80  483 3453213.83 2318447.98  32.9%  17.5 1350s
 226892 178395 3114570.18  106  406 3453213.83 2318448.90  32.9%  17.5 1355s
 227580 178923 2938230.15  142  361 3453213.83 2318449.30  32.9%  17.5 1360s
 228866 180273 2992040.63 1120  264 3453213.83 2318449.30  32.9%  17.5 1366s
 229853 181283 2992724.62 1929  247 3453213.83 2318449.30  32.9%  17.5 1371s
 230837 182200 2999469.71 2803  242 3453213.83 2318449.30  32.9%  17.5 1375s
 231713 183049 3005075.52 3424  237 3453213.83 2318449.30  32.9%  17.4 1380s
 232374 183600 3006244.15 3862  234 3453213.83 2318449.30  32.9%  17.4 1385s
 233160 184436 3009955.08 4193  223 3453213.83 2318449.30  32.9%  17.4 1390s
 234308 185513 3028920.00 5074  224 3453213.83 2318449.30  32.9%  17.4 1395s
 235330 186550 3031555.38 5722  225 3453213.83 2318449.30  32.9%  17.4 1400s
H236621 188052                    3453213.8198 2318449.30  32.9%  17.4 1404s
 237039 188071 3035232.07 6675  225 3453213.82 2318449.30  32.9%  17.4 1405s
H237103 187851                    3444427.2651 2318449.30  32.7%  17.3 1409s
 237107 187870 3035370.98 6711  225 3444427.27 2318449.30  32.7%  17.3 1410s
H237154 187904                    3444243.7501 2318449.30  32.7%  17.3 1412s
H237161 187922                    3444243.7496 2318449.30  32.7%  17.3 1414s
H237173 187922                    3444243.7493 2318449.30  32.7%  17.3 1414s
 237179 188140 3035954.55 6747  225 3444243.75 2318449.30  32.7%  17.3 1415s
H237660 188362                    3442889.3550 2318449.30  32.7%  17.3 1417s
H237884 188679                    3442815.7451 2318449.30  32.7%  17.3 1418s
 238352 189370 3038216.70 7081  220 3442815.75 2318449.30  32.7%  17.3 1420s
 239496 190298 3042409.84 7444  222 3442815.75 2318449.30  32.7%  17.3 1425s
H240134 190732                    3442733.4663 2318449.30  32.7%  17.3 1427s
 240570 191367 3067130.31 8057  221 3442733.47 2318449.30  32.7%  17.3 1430s
 241217 191703 3111605.49 8398  219 3442733.47 2318449.30  32.7%  17.3 1435s
H241527 191918                    3442478.6297 2318449.30  32.7%  17.4 1438s
H241657 191968                    3442477.8967 2318449.56  32.7%  17.4 1439s
 241658 192029 2318449.56   42  575 3442477.90 2318449.56  32.7%  17.4 1441s
H241736 192029                    3442466.2749 2318450.80  32.7%  17.4 1441s
 242089 192390 2347715.10   62  527 3442466.27 2318453.49  32.7%  17.5 1445s
 242355 192593 2463119.78   57  494 3442466.27 2318454.74  32.7%  17.5 1450s
H242430 192639                    3441944.7891 2318454.74  32.6%  17.6 1451s
 242692 192878 2608222.92   92  430 3441944.79 2318470.33  32.6%  17.6 1455s
 243239 193347 2727097.10   68  413 3441944.79 2318562.86  32.6%  17.7 1460s
 243700 193762 2967327.57  107  437 3441944.79 2318712.11  32.6%  17.8 1465s
 244149 194057 2434568.78   80  461 3441944.79 2318719.00  32.6%  17.9 1470s
 244601 194692 2978369.10  268  325 3441944.79 2318719.00  32.6%  18.0 1475s
 245361 195574 3001800.39  887  268 3441944.79 2318719.00  32.6%  18.0 1480s
 246439 196545 3004456.33 1765  256 3441944.79 2318719.00  32.6%  17.9 1485s
 247744 197600 3005304.43 2170  245 3441944.79 2318719.00  32.6%  17.9 1492s
 248323 198372 3005732.98 2260  247 3441944.79 2318719.00  32.6%  17.9 1496s
 249412 199431 3007207.87 2674  235 3441944.79 2318719.00  32.6%  17.8 1500s
H250334 200035                    3441850.9297 2318719.00  32.6%  17.8 1503s
 250592 200553 3008303.32 3325  227 3441850.93 2318719.00  32.6%  17.8 1505s
H251390 201117                    3441816.5102 2318719.00  32.6%  17.8 1507s
 251809 201933 3017924.82 4273  229 3441816.51 2318719.00  32.6%  17.8 1510s
 252824 202598 3028081.47 4588  223 3441816.51 2318719.00  32.6%  17.7 1515s
H252940 202842                    3441245.6250 2318719.00  32.6%  17.7 1517s
H253206 203089                    3441206.8855 2318719.00  32.6%  17.7 1518s
H253476 203236                    3441137.2840 2318719.00  32.6%  17.7 1519s
 253633 203391 3028702.67 4907  221 3441137.28 2318719.00  32.6%  17.7 1520s
H253643 203391                    3441130.1982 2318719.00  32.6%  17.7 1521s
 254439 204232 3030726.05 5123  221 3441130.20 2318719.00  32.6%  17.7 1526s
H254705 204414                    3441104.0564 2318719.00  32.6%  17.7 1527s
 255258 204934 3030069.31 5222  218 3441104.06 2318719.00  32.6%  17.7 1530s
H255307 204897                    3440504.9497 2318719.00  32.6%  17.7 1530s
 255619 205306 2529101.06   97  460 3440504.95 2318797.95  32.6%  17.8 1535s
 256297 205755 2835688.58  108  467 3440504.95 2318806.42  32.6%  17.8 1540s
 256674 206125     cutoff  165      3440504.95 2318817.33  32.6%  17.9 1545s
 257355 206659 2440869.94   43  537 3440504.95 2318817.33  32.6%  17.9 1550s
 257960 207159 2473201.49   61  492 3440504.95 2318817.33  32.6%  18.0 1555s
H258033 207229                    3440434.4092 2318817.33  32.6%  18.0 1556s
 258422 207827 2854684.79  120  409 3440434.41 2318934.09  32.6%  18.1 1561s
 259312 208670 3339125.86  611  262 3440434.41 2318934.09  32.6%  18.0 1565s
 260384 209480 3349637.15 1211  217 3440434.41 2318934.09  32.6%  18.0 1570s
H260669 209533                    3439833.3406 2318934.09  32.6%  18.0 1571s
 261032 209787 2354426.36   55  506 3439833.34 2318976.52  32.6%  18.1 1575s
H261070 209786                    3439828.8596 2318976.52  32.6%  18.1 1575s

Gurobi 11.0.3 (linux64, Java) logging started qui 05 dez 2024 13:16:43 -03

Set parameter Username
Academic license - for non-commercial use only - expires 2025-10-10
Set parameter NonConvex to value 2
Set parameter TimeLimit to value 3600
Set parameter LogToConsole to value 0
Set parameter MIPGap to value 7.7716481645149384e-08
Set parameter Threads to value 2
Set parameter NodefileDir to value "/home/ps12398/experiment_hosp/goalProgrammingMarcos/"
Set parameter NodefileStart to value 1
Gurobi Optimizer version 11.0.3 build v11.0.3rc0 (linux64)

CPU model: Intel(R) Xeon(R) CPU           X5650  @ 2.67GHz, instruction set [SSE2]
Thread count: 12 physical cores, 24 logical processors, using up to 2 threads

Optimize a model with 149791 rows, 101033 columns and 647494 nonzeros
Model fingerprint: 0xfb488648
Model has 229 quadratic constraints
Variable types: 50406 continuous, 50627 integer (224 binary)
Coefficient statistics:
  Matrix range     [4e-03, 4e+06]
  QMatrix range    [4e-03, 7e+04]
  QLMatrix range   [1e+00, 7e+04]
  Objective range  [1e+00, 3e+07]
  Bounds range     [1e+00, 1e+08]
  RHS range        [1e+00, 1e+06]
  QRHS range       [5e-02, 5e-02]
Presolve removed 148315 rows and 99311 columns
Presolve time: 0.42s
Presolved: 2990 rows, 2186 columns, 193518 nonzeros
Presolved model has 2 SOS constraint(s)
Presolved model has 224 bilinear constraint(s)

Solving non-convex MIQCP

Variable types: 796 continuous, 1390 integer (226 binary)
Found heuristic solution: objective 1.250037e+07

Root relaxation: objective 0.000000e+00, 442 iterations, 0.07 seconds (0.04 work units)

    Nodes    |    Current Node    |     Objective Bounds      |     Work
 Expl Unexpl |  Obj  Depth IntInf | Incumbent    BestBd   Gap | It/Node Time

     0     0    0.00000    0  347 1.2500e+07    0.00000   100%     -    2s
H    0     0                    8113828.2789    0.00000   100%     -    2s
     0     0 990983.646    0  382 8113828.28 990983.646  87.8%     -    2s
     0     0 1471276.03    0  360 8113828.28 1471276.03  81.9%     -    2s
     0     0 1956769.29    0  504 8113828.28 1956769.29  75.9%     -    3s
     0     0 1998682.72    0  496 8113828.28 1998682.72  75.4%     -    3s
     0     0 2093725.39    0  513 8113828.28 2093725.39  74.2%     -    5s
     0     0 2098840.39    0  518 8113828.28 2098840.39  74.1%     -    5s
     0     0 2120195.38    0  590 8113828.28 2120195.38  73.9%     -    7s
     0     0 2122475.78    0  593 8113828.28 2122475.78  73.8%     -    7s
     0     0 2131317.61    0  573 8113828.28 2131317.61  73.7%     -    8s
     0     0 2132926.34    0  568 8113828.28 2132926.34  73.7%     -    9s
     0     0 2137944.50    0  598 8113828.28 2137944.50  73.7%     -    9s
     0     0 2138106.89    0  586 8113828.28 2138106.89  73.6%     -    9s
     0     0 2140073.34    0  559 8113828.28 2140073.34  73.6%     -   10s
     0     0 2141583.15    0  559 8113828.28 2141583.15  73.6%     -   11s
     0     2 2141583.15    0  559 8113828.28 2141583.15  73.6%     -   12s
    24    28 2174412.69    8  515 8113828.28 2149164.84  73.5%  89.3   15s
    76    82 2214830.83   25  436 8113828.28 2149164.84  73.5%  67.7   20s
   135   145 2284046.66   43  431 8113828.28 2149164.84  73.5%  57.3   25s
H  172   180                    6813647.1655 2149164.84  68.5%  53.8   28s
   192   203 2362282.72   55  425 6813647.17 2149164.84  68.5%  51.7   30s
H  263   274                    6812832.1692 2149164.84  68.5%  51.9   33s
   315   359 3042430.97  100  360 6812832.17 2149164.84  68.5%  47.4   35s
H  340   359                    6812832.1005 2149164.84  68.5%  44.0   35s
H  457   481                    5261183.2349 2149164.84  59.2%  33.1   39s
   480   524 3093217.01  155  350 5261183.23 2149164.84  59.2%  31.6   40s
   593   648 3100293.06  206  344 5261183.23 2149164.84  59.2%  26.5   45s
   759   814 3104866.01  287  343 5261183.23 2149164.84  59.2%  21.0   50s
H  870   878                    5256803.7307 2149164.84  59.1%  18.4   52s
   934  1017 3106708.43  381  343 5256803.73 2149164.84  59.1%  17.3   56s
  1175  1300 3121389.52  468  337 5256803.73 2149164.84  59.1%  14.8   61s
  1382  1501 3126232.80  566  338 5256803.73 2149164.84  59.1%  13.0   67s
  1582  1702 3128473.27  679  338 5256803.73 2149164.84  59.1%  11.8   72s
H 1800  1802                    5137559.9241 2149164.84  58.2%  10.7   74s
  1801  1902 3130189.33  768  334 5137559.92 2149164.84  58.2%  10.7   76s
H 1847  1902                    5115948.2171 2149164.84  58.0%  10.5   76s
  2019  2110 3132459.80  844  346 5115948.22 2149164.84  58.0%  10.0   81s
  2109  2262 3132944.26  871  343 5115948.22 2149164.84  58.0%   9.7   85s
  2397  2524 3134610.26  962  341 5115948.22 2149164.84  58.0%   8.8   90s
H 2654  2657                    5115615.4924 2149164.84  58.0%   8.2   94s
  2656  2820 3135707.69 1042  337 5115615.49 2149164.84  58.0%   8.2   97s
  2819  2970 3137712.55 1123  333 5115615.49 2149164.84  58.0%   7.8  101s
  2969  3162 3143648.54 1188  332 5115615.49 2149164.84  58.0%   7.6  105s
  3308  3484 3150384.95 1357  326 5115615.49 2149164.84  58.0%   7.0  111s
H 3379  3484                    4698334.9949 2149164.84  54.3%   6.9  111s
  3571  3749 3151681.95 1444  327 4698334.99 2149164.84  54.3%   6.7  116s
  3749  3750 3136763.32 1097  472 4698334.99 2149164.84  54.3%   6.5  125s
H 3767  3573                    4675152.3929 2218501.86  52.5%   6.5  129s
  3768  3574 3140369.78  931  399 4675152.39 2218501.86  52.5%   6.5  130s
H 3785  3405                    4663447.5773 2250773.05  51.7%   6.5  133s
  3793  3410 3130378.54  548  392 4663447.58 2253855.31  51.7%   6.5  135s
H 3805  3246                    4660369.2829 2257545.82  51.6%   6.4  136s
H 3809  3086                    4636829.0733 2257681.66  51.3%   6.4  137s
  3826  3099 2598181.65   71  378 4636829.07 2257748.53  51.3%   9.3  140s
H 3826  2944                    4633217.1045 2257748.53  51.3%   9.3  140s
H 3826  2796                    4413538.4999 2257748.53  48.8%   9.3  140s
H 3836  2662                    4286274.7707 2261844.34  47.2%   9.3  142s
  3854  2674 2331802.51   44  415 4286274.77 2265565.57  47.1%   9.3  145s
H 3858  2542                    4286274.7691 2265574.03  47.1%   9.3  146s
  3876  2557 2280035.97   28  586 4286274.77 2270209.49  47.0%  11.7  150s
H 3919  2458                    4164438.5074 2282260.43  45.2%  13.9  153s
H 3946  2358                    4159884.4004 2282260.43  45.1%  14.9  154s
  3951  2361 2391499.47   45  474 4159884.40 2282260.43  45.1%  15.0  155s
H 3980  2260                    4157194.4020 2282260.43  45.1%  15.5  156s
H 4009  2170                    4090757.4925 2282260.43  44.2%  16.0  157s
H 4035  2085                    4066606.7113 2282260.43  43.9%  16.3  158s
  4082  2157 2672153.21   77  393 4066606.71 2282260.43  43.9%  16.8  160s
H 4146  2058                    4061427.7808 2282260.43  43.8%  17.3  162s
  4195  2144 2902858.87  109  357 4061427.78 2282260.43  43.8%  17.5  165s
  5016  2728 2931801.29  322  303 4061427.78 2282260.43  43.8%  15.5  170s
H 5061  2619                    4058251.1719 2282260.43  43.8%  15.4  170s
H 6124  3219                    4056706.5640 2282260.43  43.7%  13.9  173s
  6153  3335 2936013.14  627  255 4056706.56 2282260.43  43.7%  13.9  175s
H 6905  3635                    4054308.7806 2282260.43  43.7%  12.6  177s
  7435  4180 2947267.90  980  233 4054308.78 2282260.43  43.7%  12.1  180s
H 7768  4259                    4018456.0313 2282260.43  43.2%  11.8  181s
  8743  5144 2942824.18 1334  233 4018456.03 2282260.43  43.2%  10.7  185s
H 9206  5343                    4018246.9067 2282260.43  43.2%  10.2  186s
 10029  6459 2939572.44 1691  231 4018246.91 2282260.43  43.2%   9.6  190s
H10432  6639                    4008731.3709 2282260.43  43.1%   9.3  191s
H11491  7778                    4007709.3667 2282260.43  43.1%   8.5  195s
H11833  8116                    3975941.3090 2282260.43  42.6%   8.6  197s
 12509  8684 3789256.04 2375  305 3975941.31 2282260.43  42.6%   8.7  200s
H12535  8684                    3974881.0351 2282260.43  42.6%   8.7  200s
H12546  8684                    3964297.4715 2282260.43  42.4%   8.7  200s
H12754  9078                    3923465.9550 2282260.43  41.8%   8.8  202s
 13720  9945 3818699.74 2721  308 3923465.95 2282260.43  41.8%   8.9  205s
H13845 10026                    3918143.2753 2282260.43  41.8%   8.9  206s
 14713 10927 3853533.72 3179  291 3918143.28 2282260.43  41.8%   9.2  210s
H15004 11117                    3914254.8371 2282260.43  41.7%   9.4  211s
 15971 12305 3872587.74 3572  280 3914254.84 2282260.43  41.7%   9.6  215s
 17035 13285 3877082.34 3815  276 3914254.84 2282260.43  41.7%  10.0  220s
 18287 14567 3880893.96 4063  273 3914254.84 2282260.43  41.7%  10.2  225s
 19294 15632 3881345.12 4217  273 3914254.84 2282260.43  41.7%  10.2  230s
 20391 16617 3882054.08 4459  273 3914254.84 2282260.43  41.7%  10.5  235s
 21372 17536 2290400.82   29  572 3914254.84 2284128.16  41.6%  11.2  240s
 22185 18270 2396260.16   58  489 3914254.84 2284128.16  41.6%  11.0  245s
 22726 18844 3024744.74  242  320 3914254.84 2284128.16  41.6%  12.0  250s
 23611 19764 3029257.87  635  241 3914254.84 2284128.16  41.6%  12.0  255s
H24847 20336                    3901825.9713 2284128.16  41.5%  11.8  258s
 25677 21359 3049081.25 1202  230 3901825.97 2284128.16  41.5%  11.5  260s
H26031 21444                    3899604.1115 2284128.16  41.4%  11.4  261s
H26610 21861                    3893822.1827 2284128.16  41.3%  11.2  262s
 27130 22398 3049472.53 1591  229 3893822.18 2284128.16  41.3%  11.1  265s
H27255 20612                    3870176.3360 2284128.16  41.0%  11.0  265s
H28470 21683                    3863435.4571 2284128.16  40.9%  10.7  269s
 28509 22011 3049948.84 1970  218 3863435.46 2284128.16  40.9%  10.7  270s
H29721 23097                    3859519.6295 2284128.16  40.8%  10.4  274s
 29947 23288 3049962.40 2340  218 3859519.63 2284128.16  40.8%  10.3  275s
H31405 24694                    3858848.3331 2284128.16  40.8%  10.1  280s
H32559 25776                    3856450.6472 2284128.16  40.8%  10.0  284s
 32700 26014 3816608.60 2953  291 3856450.65 2284128.16  40.8%  10.0  285s
H33368 26595                    3856056.7002 2284128.16  40.8%  10.0  289s
H33429 26575                    3855557.8876 2284128.16  40.8%  10.0  289s
 33527 26757 3845413.37 3112  284 3855557.89 2284128.16  40.8%   9.9  290s
H34546 27588                    3854796.6531 2285462.52  40.7%  10.0  295s
H34799 27758                    3854766.5408 2285462.52  40.7%  10.1  298s
 35118 28172 2389271.59   58  503 3854766.54 2285462.52  40.7%  10.2  300s
H35876 28984                    3853986.1797 2285462.52  40.7%  10.2  303s
 36327 29535 2976817.90  193  346 3853986.18 2285462.52  40.7%  10.2  305s
H36933 30085                    3853986.1673 2285462.52  40.7%  10.1  306s
H37470 30459                    3850621.7273 2285462.52  40.6%  10.1  308s
 37901 30939 3056219.89  583  255 3850621.73 2285462.52  40.6%  10.0  311s
H38010 30676                    3844807.8178 2285462.52  40.6%  10.0  311s
 38999 31832 3042990.96  860  237 3844807.82 2285462.52  40.6%   9.8  315s
 40175 32929 3044211.39 1111  233 3844807.82 2285462.52  40.6%   9.6  320s
 41325 34013 3045411.99 1229  233 3844807.82 2285462.52  40.6%   9.9  325s
H42487 35152                    3844807.8117 2285462.52  40.6%  10.4  329s
 42598 35329 3418828.68 1383  293 3844807.81 2285462.52  40.6%  10.3  330s
H43106 35693                    3843754.0491 2285462.52  40.5%  10.5  334s
 43220 35868 3047629.01 1450  234 3843754.05 2285462.52  40.5%  10.5  335s
H43630 35492                    3823829.6089 2285462.52  40.2%  10.6  337s
 44331 36322 3420687.23 1561  294 3823829.61 2285462.52  40.2%  10.7  340s
H45749 37394                    3820429.3356 2285462.52  40.2%  11.0  344s
 45750 37538 3418481.44 1723  308 3820429.34 2285462.52  40.2%  11.0  345s
H46961 38734                    3815549.4530 2285462.52  40.1%  11.2  350s
H47986 39663                    3814494.9970 2285462.52  40.1%  11.1  353s
H48205 39687                    3812630.1127 2285462.52  40.1%  11.1  354s
 48374 40001 3056105.43 2338  228 3812630.11 2285462.52  40.1%  11.1  355s
H49211 40713                    3812552.2048 2285462.52  40.1%  11.0  357s
H49211 40536                    3806453.7565 2285462.52  40.0%  11.0  357s
H49352 40414                    3802159.5726 2285462.52  39.9%  10.9  357s
 49755 40851 3075720.49 2822  224 3802159.57 2285462.52  39.9%  11.0  360s
H49898 40813                    3799207.7681 2285462.52  39.8%  11.0  361s
 50806 41697 3075906.27 3325  222 3799207.77 2285462.52  39.8%  11.1  365s
H50832 41600                    3797728.4089 2285462.52  39.8%  11.1  365s
H50874 41589                    3797514.4393 2285462.52  39.8%  11.0  365s
 51650 42447 2369282.67   44  547 3797514.44 2285462.52  39.8%  11.4  370s
 52482 43373 3024102.24  104  449 3797514.44 2285462.52  39.8%  11.4  375s
H52967 43854                    3797135.9474 2285462.52  39.8%  11.4  377s
 53484 44319 3703865.31  269  324 3797135.95 2285462.52  39.8%  11.4  380s
H53642 43966                    3773113.1395 2285462.52  39.4%  11.4  380s
 54573 45024 2484186.11   62  443 3773113.14 2287855.81  39.4%  11.3  385s
H54924 45322                    3770713.7153 2287855.81  39.3%  11.3  386s
 55901 46334 3342651.16  185  321 3770713.72 2287855.81  39.3%  11.4  390s
H56152 46360                    3770614.1941 2287855.81  39.3%  11.4  392s
H56163 46356                    3768621.7336 2287855.81  39.3%  11.4  392s
 56919 47304 3376726.29 1108  272 3768621.73 2287855.81  39.3%  11.4  395s
H57107 47302                    3767907.2738 2287855.81  39.3%  11.4  395s
H58030 48345                    3764596.1930 2287855.81  39.2%  11.4  399s
H58157 48319                    3761203.8164 2287855.81  39.2%  11.4  399s
 58184 48529 3378119.16 2228  265 3761203.82 2287855.81  39.2%  11.4  400s
 59070 49375 3380935.20 2796  247 3761203.82 2287855.81  39.2%  11.4  405s
H59219 49371                    3760740.8379 2287855.81  39.2%  11.4  405s
 59835 50164 3383585.68 3204  225 3760740.84 2287855.81  39.2%  11.5  410s
H60099 50232                    3759465.5501 2287855.81  39.1%  11.5  411s
 60839 51011 3426060.79 3318  236 3759465.55 2287855.81  39.1%  11.7  415s
H61912 51936                    3757039.8192 2288766.06  39.1%  11.7  420s
H63166 53379                    3757027.6695 2288766.06  39.1%  11.6  424s
H63391 53075                    3749786.7828 2288766.06  39.0%  11.6  424s
 63528 53271 3092329.99  585  351 3749786.78 2288766.06  39.0%  11.5  427s
H63723 53022                    3745241.3648 2288766.06  38.9%  11.5  427s
H63724 53179                    3745090.8531 2288766.06  38.9%  11.5  428s
H63803 53139                    3743207.3496 2288766.06  38.9%  11.5  428s
 64345 53964 3132002.57  991  330 3743207.35 2288766.06  38.9%  11.4  430s
 67053 56648 3143131.37 2444  259 3743207.35 2288766.06  38.9%  11.0  435s
 68805 58034 3178202.86 3461  251 3743207.35 2288766.06  38.9%  11.0  440s
 69808 59134 3179636.60 4097  237 3743207.35 2288766.06  38.9%  11.0  445s
 71232 60430     cutoff 5024      3743207.35 2288766.06  38.9%  11.1  450s
H71255 60169                    3738691.7222 2288766.06  38.8%  11.2  450s
 72130 60828     cutoff 5036      3738691.72 2288766.06  38.8%  11.5  455s
H72361 60988                    3738638.3283 2288766.06  38.8%  11.6  457s
H72726 61245                    3738152.6053 2288766.06  38.8%  11.7  459s
 72867 61333 3613063.03 5199  229 3738152.61 2288862.61  38.8%  11.7  460s
 73661 61987 2693451.24  142  434 3738152.61 2288862.61  38.8%  12.0  465s
H73809 61467                    3732036.0547 2288862.61  38.7%  12.1  466s
H73907 61427                    3731158.6818 2288862.61  38.7%  12.2  468s
 74001 61714 3458059.34  200  345 3731158.68 2288862.61  38.7%  12.2  470s
H75212 62856                    3731065.0315 2288862.61  38.7%  12.3  474s
 75399 62882 3553456.69  769  255 3731065.03 2291188.55  38.6%  12.3  475s
H75419 62678                    3729257.6002 2291188.55  38.6%  12.3  475s
 75987 63392 2634390.97   92  492 3729257.60 2291188.55  38.6%  12.4  480s
H75989 63381                    3729157.2847 2291188.55  38.6%  12.4  480s
 77164 64554 3492486.48  188  368 3729157.28 2291188.55  38.6%  12.3  485s
 78889 66267 3662253.26  926  249 3729157.28 2291188.55  38.6%  12.1  493s
H78978 65596                    3717512.8889 2291188.55  38.4%  12.1  493s
H79069 65662                    3716019.8814 2291188.55  38.3%  12.1  494s
H79213 63107                    3706346.0170 2291188.55  38.2%  12.1  494s
 79308 63256 3689667.00 1138  271 3706346.02 2291188.55  38.2%  12.1  495s
H79485 63265                    3704850.7270 2294337.76  38.1%  12.1  496s
 80532 64437 2475166.23   78  454 3704850.73 2294544.97  38.1%  12.1  500s
 81749 65389 2448083.17   63  436 3704850.73 2294754.69  38.1%  12.2  505s
 82911 66718 3125646.60  214  323 3704850.73 2294754.69  38.1%  12.2  510s
H83286 66944                    3704158.9647 2294754.69  38.0%  12.2  511s
H83588 67084                    3701732.8876 2294754.69  38.0%  12.1  512s
 84046 67475 3131455.58  491  261 3701732.89 2294754.69  38.0%  12.2  515s
H84071 67451                    3701100.2501 2294754.69  38.0%  12.2  515s
H84149 66546                    3689385.7566 2294754.69  37.8%  12.2  517s
H84242 61533                    3673083.7744 2294754.69  37.5%  12.3  519s
 84367 61653 3132802.38  580  260 3673083.77 2294754.69  37.5%  12.3  520s
H85445 62334                    3671177.7175 2294754.69  37.5%  12.3  524s
 85468 62547 3137042.99 1035  226 3671177.72 2294754.69  37.5%  12.3  525s
 86407 63215     cutoff 1369      3671177.72 2294754.69  37.5%  12.4  530s
H86409 62197                    3668909.2935 2294754.69  37.5%  12.4  530s
H86466 59442                    3655041.5291 2294754.69  37.2%  12.5  530s
H86729 59166                    3645320.6389 2298651.70  36.9%  12.6  533s
 86917 59542 2631744.57  100  438 3645320.64 2298651.70  36.9%  12.7  535s
H87839 59730                    3624774.1715 2298721.41  36.6%  12.7  540s
 88959 60679 2524486.18   47  536 3624774.17 2302278.89  36.5%  12.7  545s
H89113 60819                    3621910.1220 2302278.89  36.4%  12.8  547s
 89181 60865 3070057.17   82  500 3621910.12 2302278.89  36.4%  12.8  550s
 89772 61388 2867316.06  108  455 3621910.12 2304779.21  36.4%  13.0  555s
H90122 61566                    3620185.6502 2305091.70  36.3%  13.2  558s
 90274 61773 2982323.42  123  392 3620185.65 2305107.57  36.3%  13.2  560s
H90371 61272                    3598947.2482 2305136.34  35.9%  13.3  561s
 91292 62533 2817985.11  136  447 3598947.25 2305147.98  35.9%  13.3  565s
H91689 62792                    3598947.2365 2305147.98  35.9%  13.3  567s
 92561 63615 2409301.35   32  524 3598947.24 2305156.27  35.9%  13.2  570s
H92815 63757                    3593034.4036 2305156.27  35.8%  13.2  572s
H92996 63729                    3581615.2249 2305156.27  35.6%  13.2  572s
 93520 64495 2504874.85   65  469 3581615.22 2305156.94  35.6%  13.2  575s
H93828 64712                    3580689.1164 2305161.45  35.6%  13.2  576s
H94188 64955                    3579395.5559 2305161.45  35.6%  13.2  578s
 94609 65413 2366280.18   60  493 3579395.56 2305161.45  35.6%  13.2  580s
H95223 65967                    3567519.2986 2305161.45  35.4%  13.2  583s
 95667 66584 2961259.14  161  333 3567519.30 2305161.45  35.4%  13.2  585s
H96120 66847                    3566779.5616 2305161.45  35.4%  13.1  587s
 96967 67927 3000739.83  474  236 3566779.56 2305161.45  35.4%  13.0  590s
 98317 69170 3003060.24  806  228 3566779.56 2305161.45  35.4%  12.9  595s
H98495 69120                    3563705.0099 2305161.45  35.3%  12.8  595s
H99463 70119                    3563525.2214 2305161.45  35.3%  12.8  600s
 100521 70883 3102448.86 1360  221 3563525.22 2305161.45  35.3%  12.8  605s
H100608 70416                    3547572.4445 2305161.45  35.0%  12.8  605s
H100997 70627                    3546872.9851 2305161.45  35.0%  13.0  609s
 101065 70631 3112700.18 1570  221 3546872.99 2305350.72  35.0%  13.1  610s
H101422 70922                    3546747.2361 2306765.74  35.0%  13.2  614s
 101442 70967 2512818.66   83  476 3546747.24 2306765.74  35.0%  13.3  615s
H101805 71252                    3545819.0499 2307510.06  34.9%  13.4  619s
 101821 71315 2377800.79   39  508 3545819.05 2307510.06  34.9%  13.4  620s
 102275 71874 2427661.86   50  466 3545819.05 2307510.12  34.9%  13.5  625s
H102301 71811                    3545185.5250 2307510.12  34.9%  13.5  625s
 103374 72880     cutoff  145      3545185.53 2307981.05  34.9%  13.5  630s
H103375 72559                    3542032.3065 2307981.05  34.8%  13.5  630s
 104419 73508     cutoff  139      3542032.31 2307981.05  34.8%  13.4  635s
H104552 73342                    3539541.0469 2308372.63  34.8%  13.5  637s
 105109 74045 2396518.87   68  497 3539541.05 2308372.63  34.8%  13.4  640s
 106628 75431 2376370.64   34  564 3539541.05 2309681.73  34.7%  13.4  645s
H107289 76050                    3539163.9872 2309682.27  34.7%  13.4  648s
 107654 76421 2388859.10   45  537 3539163.99 2309682.27  34.7%  13.3  650s
H107854 76345                    3536865.3486 2309682.27  34.7%  13.3  651s
 108680 77234 3171338.21   85  452 3536865.35 2309682.27  34.7%  13.3  655s
 109325 77790 2361553.60   53  560 3536865.35 2309967.09  34.7%  13.4  660s
H109639 77907                    3536865.3462 2309967.09  34.7%  13.3  661s
 110305 78500 3477245.37  114  348 3536865.35 2310790.58  34.7%  13.4  665s
H110671 78708                    3535411.8832 2310982.02  34.6%  13.6  668s
 110938 79308 3096691.60  194  348 3535411.88 2310982.02  34.6%  13.6  670s
 112273 80682 3129402.91  642  275 3535411.88 2310982.02  34.6%  13.5  675s
H113932 82223                    3535393.3618 2310982.02  34.6%  13.3  679s
 114256 82594 3151888.09 1337  234 3535393.36 2310982.02  34.6%  13.3  680s
 115471 83748 3153160.61 1777  227 3535393.36 2310982.02  34.6%  13.2  685s
 117088 85436 3153330.19 1952  224 3535393.36 2310982.02  34.6%  13.0  690s
 118639 86855 3153409.88 2060  223 3535393.36 2310982.02  34.6%  12.9  695s
H118930 83445                    3528078.5287 2310982.02  34.5%  12.9  696s
 119928 84267 3153526.62 2185  223 3528078.53 2310982.02  34.5%  12.8  700s
H119929 84265                    3528071.0604 2310982.02  34.5%  12.8  700s
H120775 85172                    3528029.4853 2311217.73  34.5%  12.7  704s
H120898 84981                    3527221.9465 2311217.73  34.5%  12.7  705s
H120907 83744                    3512332.0136 2311217.73  34.2%  12.7  705s
 121718 84585 3168717.23  138  353 3512332.01 2311217.73  34.2%  12.8  710s
H121911 84585                    3512138.3240 2311217.73  34.2%  12.8  710s
 123165 86049 3230927.64  440  253 3512138.32 2311217.73  34.2%  12.7  715s
H123669 86261                    3507753.6933 2311217.73  34.1%  12.7  717s
 124547 87354 3232091.61  670  243 3507753.69 2311217.73  34.1%  12.6  720s
 126232 89013 3234309.94 1042  241 3507753.69 2311217.73  34.1%  12.5  725s
H127311 89956                    3507526.5859 2311217.73  34.1%  12.4  729s
H127373 89913                    3505635.3077 2311217.73  34.1%  12.4  729s
 127744 90473 3247414.96 1378  233 3505635.31 2311217.73  34.1%  12.4  730s
 129255 91944 3248944.96 1743  233 3505635.31 2311217.73  34.1%  12.2  735s
 130086 92646 3250201.15 1955  230 3505635.31 2311217.73  34.1%  12.2  741s
H130187 92593                    3500672.2870 2311217.73  34.0%  12.2  741s
H130369 92708                    3500179.3812 2311217.73  34.0%  12.2  743s
H130390 92704                    3499601.1241 2311217.73  34.0%  12.2  743s
 130672 93150 3260076.84 2181  228 3499601.12 2311217.73  34.0%  12.2  745s
H131415 93610                    3493828.5837 2311217.73  33.8%  12.2  749s
 131481 93654 3260984.69 2483  226 3493828.58 2311217.73  33.8%  12.3  750s
H131843 93998                    3493828.4963 2311217.73  33.8%  12.3  753s
 132407 94568 3261323.81 2828  221 3493828.50 2311217.73  33.8%  12.3  755s
H132911 94743                    3490755.2682 2311217.73  33.8%  12.5  759s
 133005 94836     cutoff 2859      3490755.27 2311217.73  33.8%  12.6  760s
H133104 94840                    3490746.3063 2311217.73  33.8%  12.6  761s
 133315 94887     cutoff 2862      3490746.31 2311217.73  33.8%  12.8  765s
 133717 95047     cutoff 2864      3490746.31 2311217.73  33.8%  13.1  770s
H133719 95045                    3490653.5005 2311217.73  33.8%  13.1  770s
 133991 95244 3263749.36 2870  227 3490653.50 2311217.73  33.8%  13.3  775s
H134312 95380                    3489221.5178 2311217.73  33.8%  13.4  777s
H134516 95465                    3489156.9882 2311217.73  33.8%  13.5  780s
H134789 95586                    3489146.7500 2311217.73  33.8%  13.6  783s
H134811 95586                    3489138.5809 2311217.73  33.8%  13.7  783s
 135025 95734 3265837.63 2886  225 3489138.58 2311217.73  33.8%  13.8  785s
H135155 95756                    3488831.1932 2311217.73  33.8%  13.8  786s
H135161 95843                    3488831.1866 2311217.73  33.8%  13.8  787s
 135274 95844     cutoff 2891      3488831.19 2311217.73  33.8%  13.9  791s
H135276 95766                    3482993.3285 2311217.73  33.6%  13.9  791s
 135561 95916     cutoff 2894      3482993.33 2311217.73  33.6%  14.0  795s
H135810 96018                    3482993.3010 2311217.73  33.6%  14.2  797s
 136010 96100     cutoff 2897      3482993.30 2312938.04  33.6%  14.3  800s
H136323 96346                    3482926.5921 2312947.13  33.6%  14.4  803s
 136438 96486 2377740.09   73  486 3482926.59 2312947.13  33.6%  14.5  805s
H136630 96699                    3476125.6235 2312947.13  33.5%  14.6  807s
 137025 97279 3042874.42  176  337 3476125.62 2312947.13  33.5%  14.6  810s
H138165 98546                    3475936.6519 2312947.13  33.5%  14.6  815s
H138379 98546                    3475845.8827 2312947.13  33.5%  14.6  815s
H138616 98975                    3475422.4557 2312947.13  33.4%  14.5  816s
H139954 100064                    3474779.1130 2312947.13  33.4%  14.4  818s
 140145 100432 3175261.88  840  257 3474779.11 2312947.13  33.4%  14.4  820s
H141336 101605                    3474448.4600 2312947.13  33.4%  14.3  823s
 142119 102225 3177057.38 1265  236 3474448.46 2312947.13  33.4%  14.2  826s
H142207 102225                    3474127.1343 2312947.13  33.4%  14.2  826s
 143683 103941 3197265.35 1591  218 3474127.13 2312947.13  33.4%  14.1  830s
 145207 105216 2361746.62   54  521 3474127.13 2312961.48  33.4%  14.1  835s
H145595 105386                    3473554.5351 2312961.48  33.4%  14.0  837s
 145998 105937     cutoff  102      3473554.54 2313010.76  33.4%  14.0  840s
H146377 106257                    3473419.6213 2313010.76  33.4%  14.0  842s
H146466 106257                    3473240.1242 2313010.76  33.4%  14.0  842s
 146906 106812 3441266.42  176  413 3473240.12 2313143.82  33.4%  14.0  845s
 147491 107177 2534642.17   66  478 3473240.12 2313146.10  33.4%  14.1  850s
H147605 107172                    3472771.3623 2313146.10  33.4%  14.2  851s
 147911 107509 2438210.06   73  488 3472771.36 2313163.20  33.4%  14.3  855s
 148652 108358 3270249.46  281  328 3472771.36 2313163.20  33.4%  14.3  860s
 150206 109957 3300890.43  937  258 3472771.36 2313163.20  33.4%  14.2  865s
H150996 110473                    3472715.4602 2313163.20  33.4%  14.2  868s
 151447 110957 3391067.71 1565  222 3472715.46 2313163.20  33.4%  14.2  870s
 152345 111536 3397007.27 1920  224 3472715.46 2313169.86  33.4%  14.2  875s
H152370 111533                    3472462.8745 2313169.86  33.4%  14.2  875s
H152779 111922                    3472189.6154 2313169.97  33.4%  14.4  878s
 152994 112139 3330923.19  304  311 3472189.62 2313169.97  33.4%  14.4  880s
H153563 112723                    3471683.3196 2313169.97  33.4%  14.4  883s
 153963 113107 3378921.42 1052  271 3471683.32 2313169.97  33.4%  14.4  885s
 155350 114485 3413312.37 2183  249 3471683.32 2313169.97  33.4%  14.4  890s
H155560 114485                    3471609.7574 2313169.97  33.4%  14.3  890s
H155586 114494                    3471609.7471 2313169.97  33.4%  14.4  891s
 155881 114720 2325090.60   56  564 3471609.75 2313257.98  33.4%  14.5  895s
 156423 115186 2319353.30   53  579 3471609.75 2313257.98  33.4%  14.6  900s
H156772 115667                    3471331.9242 2313257.98  33.4%  14.6  903s
 157235 116211 2641908.84   89  421 3471331.92 2313257.98  33.4%  14.6  905s
H158282 117133                    3471039.1583 2313257.98  33.4%  14.6  908s
 158721 117520     cutoff  177      3471039.16 2313257.98  33.4%  14.6  910s
H158907 117639                    3470918.5992 2313257.98  33.4%  14.6  911s
 159747 118487 2372560.45   53  515 3470918.60 2313265.01  33.4%  14.6  916s
H160012 118600                    3467815.5777 2313265.01  33.3%  14.6  917s
 160426 119087 2639267.68   97  471 3467815.58 2313265.01  33.3%  14.6  920s
H160801 119207                    3467815.5462 2313271.12  33.3%  14.6  923s
 161081 119420 2347492.39   38  562 3467815.55 2313271.27  33.3%  14.7  925s
H161508 119668                    3467000.0468 2313271.87  33.3%  14.9  929s
 161554 119783 2615607.18   80  452 3467000.05 2313271.87  33.3%  14.9  930s
H161981 120147                    3466819.5225 2313404.12  33.3%  15.0  933s
 162173 120224     cutoff  155      3466819.52 2313406.14  33.3%  15.0  935s
H162593 120573                    3466196.8709 2313406.23  33.3%  15.1  939s
 162623 120605 3404672.55  294  309 3466196.87 2313406.86  33.3%  15.1  940s
H162873 120795                    3466022.5268 2313678.52  33.2%  15.2  942s
 163062 120976 3392205.19  138  309 3466022.53 2313756.16  33.2%  15.2  945s
H163080 120976                    3465978.8284 2313756.16  33.2%  15.2  945s
 163444 121290 3377573.40  129  352 3465978.83 2314052.18  33.2%  15.3  950s
H163445 121283                    3465002.2057 2314052.18  33.2%  15.3  950s
 163750 121591 3322012.35  101  400 3465002.21 2314266.96  33.2%  15.5  955s
H163842 121618                    3464986.2351 2314395.55  33.2%  15.5  956s
 164167 121966 2405536.03   62  481 3464986.24 2314425.70  33.2%  15.6  960s
H164241 121966                    3464935.3436 2314425.70  33.2%  15.6  960s
 164524 122442 3012273.19  130  370 3464935.34 2314425.70  33.2%  15.7  965s
H164935 122875                    3464905.5373 2314425.70  33.2%  15.7  967s
H165146 122875                    3464895.1598 2314425.70  33.2%  15.7  967s
H165516 123410                    3464766.1410 2314425.70  33.2%  15.7  971s
 166186 124115 3376455.06 1224  256 3464766.14 2314425.70  33.2%  15.7  976s
H166955 124652                    3464766.1202 2314425.70  33.2%  15.7  978s
 167313 125257 3405959.92 2040  227 3464766.12 2314425.70  33.2%  15.7  981s
H167664 125257                    3464739.7515 2314425.70  33.2%  15.7  981s
 168179 125682 3430945.07 2490  239 3464739.75 2314888.80  33.2%  15.7  985s
H168319 125859                    3464288.1393 2314888.80  33.2%  15.8  989s
 168403 125946 3401090.20  162  339 3464288.14 2315048.50  33.2%  15.8  990s
 169002 126572 2931633.07  127  393 3464288.14 2315048.50  33.2%  16.0  996s
H169402 126727                    3462929.2616 2315262.18  33.1%  16.1  999s
 169445 126823 2451224.10   54  469 3462929.26 2315262.18  33.1%  16.1 1000s
H169579 126872                    3462715.0530 2315295.68  33.1%  16.1 1001s
H169720 127006                    3462589.7710 2315472.80  33.1%  16.2 1003s
 169786 127139 2405100.78   54  475 3462589.77 2315472.80  33.1%  16.2 1005s
H169794 127130                    3461570.5830 2315472.80  33.1%  16.2 1005s
H169973 127253                    3461570.5757 2315531.31  33.1%  16.2 1007s
 170398 127637 infeasible  228      3461570.58 2315609.67  33.1%  16.3 1010s
H170670 127892                    3461357.2646 2315609.67  33.1%  16.4 1015s
 171156 128294 3402861.96  263  331 3461357.26 2315632.61  33.1%  16.4 1020s
H171787 128896                    3461341.6408 2315674.25  33.1%  16.5 1026s
H171823 128894                    3461027.2935 2315680.83  33.1%  16.5 1026s
 172427 129293 2354176.09   46  543 3461027.29 2315681.37  33.1%  16.6 1030s
 172846 129627 2677106.30   82  442 3461027.29 2316012.94  33.1%  16.7 1035s
 173415 130147 2665975.76   64  475 3461027.29 2316076.84  33.1%  16.8 1041s
H173482 130147                    3460995.5514 2316076.84  33.1%  16.8 1041s
H173538 130212                    3460930.8387 2316076.84  33.1%  16.9 1043s
 173789 130726 2412140.86   40  543 3460930.84 2316648.99  33.1%  16.9 1045s
 174715 131534 2624974.30   69  511 3460930.84 2316744.89  33.1%  16.9 1051s
 175451 132316 infeasible  116      3460930.84 2316769.18  33.1%  16.9 1055s
H175539 132316                    3460840.6987 2316769.18  33.1%  16.9 1055s
 176960 133921 3255647.54  709  316 3460840.70 2316769.18  33.1%  16.8 1061s
H176984 133921                    3460823.9666 2316769.18  33.1%  16.8 1061s
H177180 133907                    3460523.9269 2316769.18  33.1%  16.8 1061s
H177469 134586                    3460523.8806 2316769.18  33.1%  16.8 1063s
H177792 134576                    3460389.7267 2316769.18  33.0%  16.8 1063s
 178150 135082 3296875.24 1248  266 3460389.73 2316769.18  33.0%  16.7 1065s
H179159 135376                    3460266.9898 2316769.18  33.0%  16.7 1069s
 179408 135465 2519803.56   67  446 3460266.99 2316782.68  33.0%  16.8 1070s
 180156 135903 3372178.07  233  303 3460266.99 2316783.66  33.0%  16.9 1075s
 180736 136327 2345805.34   33  557 3460266.99 2316897.54  33.0%  17.1 1080s
H180930 136481                    3460231.6079 2316909.09  33.0%  17.1 1083s
H181085 136755                    3458804.3015 2316909.09  33.0%  17.2 1085s
 181673 137343 3243027.49  568  359 3458804.30 2316909.09  33.0%  17.2 1091s
H182245 137834                    3458636.0493 2316909.09  33.0%  17.2 1094s
 182453 138165 3297217.52 1221  293 3458636.05 2316909.09  33.0%  17.1 1095s
H183093 138478                    3458587.8563 2316909.09  33.0%  17.1 1097s
 183677 139411 3350354.93 2311  244 3458587.86 2316909.09  33.0%  17.1 1101s
 184724 140330 3352050.52 3181  233 3458587.86 2316909.09  33.0%  17.1 1105s
 186011 141567 3357498.91 4274  227 3458587.86 2316909.09  33.0%  17.0 1110s
H186530 142079                    3458379.9431 2316909.09  33.0%  17.0 1113s
H187338 142686                    3458367.5451 2316909.09  33.0%  17.0 1114s
 187387 142867 3396713.38 5429  226 3458367.55 2316909.09  33.0%  17.0 1116s
H187582 142906                    3458367.5426 2316909.09  33.0%  17.0 1116s
 187944 143442 3243680.46  203  333 3458367.54 2317540.29  33.0%  17.0 1120s
 188755 143892 2340263.48   59  555 3458367.54 2317658.02  33.0%  17.1 1126s
 189170 144240 2324409.22   46  563 3458367.54 2317900.52  33.0%  17.2 1130s
H189189 144239                    3458243.0139 2317900.52  33.0%  17.2 1130s
H189321 144365                    3457966.2152 2317900.52  33.0%  17.2 1132s
 189571 144625 2412336.18   74  519 3457966.22 2317932.68  33.0%  17.3 1135s
H189578 144615                    3457873.9544 2317932.68  33.0%  17.3 1135s
 190242 145375 2386220.36   45  521 3457873.95 2317935.67  33.0%  17.3 1141s
 190835 145959 2438857.43   58  520 3457873.95 2317943.63  33.0%  17.3 1145s
H191140 145988                    3457794.6275 2317943.63  33.0%  17.3 1146s
 191454 146296 3386682.71  107  392 3457794.63 2318023.84  33.0%  17.4 1151s
H191696 146429                    3457598.3076 2318023.84  33.0%  17.5 1154s
 191718 146520 3399694.00  156  381 3457598.31 2318033.52  33.0%  17.5 1155s
 192485 147202     cutoff  536      3457598.31 2318038.12  33.0%  17.6 1160s
H192714 147392                    3457290.7476 2318065.77  33.0%  17.6 1162s
H193056 147697                    3457173.3057 2318144.87  32.9%  17.7 1165s
H193275 147821                    3457006.5143 2318155.99  32.9%  17.7 1167s
 193515 148062 2618597.22   78  428 3457006.51 2318203.32  32.9%  17.8 1171s
 194126 148683 3422138.04  291  338 3457006.51 2318203.32  32.9%  17.8 1176s
 194552 148876 2576352.86   64  477 3457006.51 2318216.64  32.9%  17.9 1180s
H194573 148862                    3456489.0414 2318216.64  32.9%  17.9 1180s
 195019 149260 2343795.11   50  563 3456489.04 2318254.91  32.9%  18.0 1186s
 195355 149488 2807424.79  106  459 3456489.04 2318276.68  32.9%  18.1 1190s
H195496 149457                    3455025.7202 2318294.16  32.9%  18.2 1191s
H195595 149696                    3454991.4980 2318294.16  32.9%  18.2 1194s
 195752 149886 3163780.76  134  362 3454991.50 2318294.16  32.9%  18.2 1195s
H196109 150216                    3454991.4916 2318294.16  32.9%  18.2 1197s
 196761 150685 3345500.29  450  294 3454991.49 2318294.16  32.9%  18.2 1201s
 197379 151789 3348161.99  710  294 3454991.49 2318294.16  32.9%  18.1 1205s
H198262 152324                    3454812.5494 2318294.16  32.9%  18.1 1208s
 198885 153263 3369297.30 1166  266 3454812.55 2318294.16  32.9%  18.1 1211s
H199457 153469                    3454701.5990 2318294.16  32.9%  18.0 1213s
 200023 154121 3392819.34 2024  263 3454701.60 2318294.16  32.9%  18.0 1216s
H200638 154403                    3454443.8865 2318294.16  32.9%  18.0 1217s
H201003 155001                    3454140.9472 2318294.16  32.9%  18.0 1221s
 201959 155883 3408723.13 3153  236 3454140.95 2318294.16  32.9%  18.0 1225s
H202358 156073                    3454109.4336 2318294.16  32.9%  17.9 1227s
 202663 156516 3415041.19 3526  230 3454109.43 2318294.16  32.9%  17.9 1230s
H202976 156665                    3453826.3917 2318294.16  32.9%  18.0 1232s
 203246 156730 3441958.79 3603  252 3453826.39 2318396.24  32.9%  18.0 1235s
H203391 156785                    3453775.2009 2318430.08  32.9%  18.1 1237s
H203466 156885                    3453529.3132 2318430.08  32.9%  18.1 1239s
 203497 157044 2568053.70   87  438 3453529.31 2318430.08  32.9%  18.1 1240s
 204108 157505 2545989.69   88  419 3453529.31 2318438.70  32.9%  18.2 1245s
H204280 157643                    3453523.7256 2318438.70  32.9%  18.3 1246s
 204771 158455 3194852.41  334  333 3453523.73 2318438.70  32.9%  18.3 1251s
 206237 160067 3201026.29  985  307 3453523.73 2318438.70  32.9%  18.1 1256s
 207461 161191 3205672.75 1584  278 3453523.73 2318438.70  32.9%  18.1 1260s
H207920 161191                    3453497.2391 2318438.70  32.9%  18.0 1260s
 209197 162831 3226408.63 2349  263 3453497.24 2318438.70  32.9%  17.9 1265s
H210060 163569                    3453467.1267 2318438.70  32.9%  17.9 1267s
H211159 164596                    3453442.4629 2318438.70  32.9%  17.8 1270s
H212169 165544                    3453420.9502 2318438.70  32.9%  17.7 1275s
H213329 166733                    3453420.9485 2318438.70  32.9%  17.6 1279s
 213503 167078 3236449.14 4406  241 3453420.95 2318438.70  32.9%  17.6 1280s
 215165 168631 3244746.90 5312  242 3453420.95 2318438.70  32.9%  17.5 1285s
 216198 169742 3248774.96 5795  243 3453420.95 2318438.70  32.9%  17.5 1290s
 217626 171131 3251870.22 6547  243 3453420.95 2318438.70  32.9%  17.4 1295s
 219128 172376 3256181.00 7651  230 3453420.95 2318438.70  32.9%  17.4 1300s
H219481 172709                    3453366.2091 2318438.70  32.9%  17.4 1302s
 220468 173542 3259611.84 8209  224 3453366.21 2318438.70  32.9%  17.4 1305s
 221595 174392 3259750.56 8380  219 3453366.21 2318438.70  32.9%  17.4 1310s
 222297 174767 3259806.29 8461  221 3453366.21 2318438.70  32.9%  17.5 1315s
H222299 174767                    3453319.8120 2318438.70  32.9%  17.5 1315s
 222978 175287 3259858.11 8525  219 3453319.81 2318438.70  32.9%  17.5 1320s
 223756 175631 infeasible 8635      3453319.81 2318438.70  32.9%  17.5 1325s
H223841 175631                    3453213.8253 2318438.70  32.9%  17.5 1325s
 224820 176484 infeasible 8747      3453213.83 2318438.70  32.9%  17.5 1330s
 225874 177408 3001647.66  101  446 3453213.83 2318448.82  32.9%  17.5 1335s
 226892 178395 3114570.18  106  406 3453213.83 2318448.90  32.9%  17.5 1340s
 227730 179189 2974449.56  241  325 3453213.83 2318449.30  32.9%  17.6 1345s
 228866 180273 2992040.63 1120  264 3453213.83 2318449.30  32.9%  17.5 1350s
 230144 181442 2993417.30 2154  247 3453213.83 2318449.30  32.9%  17.5 1356s
 231304 182662 3003953.74 3242  242 3453213.83 2318449.30  32.9%  17.4 1360s
 232101 183480 3005981.46 3643  237 3453213.83 2318449.30  32.9%  17.4 1365s
 232916 184230 3006948.33 4138  227 3453213.83 2318449.30  32.9%  17.4 1370s
 234109 185341 3028599.93 4927  225 3453213.83 2318449.30  32.9%  17.4 1375s
 235164 186343 3030959.72 5567  225 3453213.83 2318449.30  32.9%  17.4 1380s
H236621 188052                    3453213.8198 2318449.30  32.9%  17.4 1384s
 237039 188071 3035232.07 6675  225 3453213.82 2318449.30  32.9%  17.4 1385s
H237103 187851                    3444427.2651 2318449.30  32.7%  17.3 1389s
 237107 187870 3035370.98 6711  225 3444427.27 2318449.30  32.7%  17.3 1390s
H237154 187904                    3444243.7501 2318449.30  32.7%  17.3 1393s
H237161 187922                    3444243.7496 2318449.30  32.7%  17.3 1394s
H237173 187922                    3444243.7493 2318449.30  32.7%  17.3 1394s
 237179 188140 3035954.55 6747  225 3444243.75 2318449.30  32.7%  17.3 1395s
H237660 188362                    3442889.3550 2318449.30  32.7%  17.3 1397s
H237884 188679                    3442815.7451 2318449.30  32.7%  17.3 1398s
 238352 189370 3038216.70 7081  220 3442815.75 2318449.30  32.7%  17.3 1400s
 239496 190298 3042409.84 7444  222 3442815.75 2318449.30  32.7%  17.3 1405s
H240134 190732                    3442733.4663 2318449.30  32.7%  17.3 1407s
 240570 191367 3067130.31 8057  221 3442733.47 2318449.30  32.7%  17.3 1410s
 241217 191703 3111605.49 8398  219 3442733.47 2318449.30  32.7%  17.3 1415s
H241527 191918                    3442478.6297 2318449.30  32.7%  17.4 1417s
H241657 191968                    3442477.8967 2318449.56  32.7%  17.4 1419s
 241658 192029 2318449.56   42  575 3442477.90 2318449.56  32.7%  17.4 1420s
H241736 192029                    3442466.2749 2318450.80  32.7%  17.4 1420s
 242140 192493 2614924.56   80  460 3442466.27 2318453.49  32.7%  17.5 1426s
 242369 192645 2562364.92   70  435 3442466.27 2318454.74  32.7%  17.5 1430s
H242430 192639                    3441944.7891 2318454.74  32.6%  17.6 1430s
 242740 192983 2783843.59   94  489 3441944.79 2318470.33  32.6%  17.7 1435s
 243239 193347 2727097.10   68  413 3441944.79 2318562.86  32.6%  17.7 1440s
 243654 193653 2578972.50   81  436 3441944.79 2318678.63  32.6%  17.8 1445s
 244149 194057 2434568.78   80  461 3441944.79 2318719.00  32.6%  17.9 1450s
 244601 194692 2978369.10  268  325 3441944.79 2318719.00  32.6%  18.0 1455s
 245731 195877 3003019.67 1166  266 3441944.79 2318719.00  32.6%  17.9 1461s
 246732 196833 3004542.53 2021  253 3441944.79 2318719.00  32.6%  17.9 1465s
 247744 197600 3005304.43 2170  245 3441944.79 2318719.00  32.6%  17.9 1471s
 248323 198372 3005732.98 2260  247 3441944.79 2318719.00  32.6%  17.9 1475s
 249412 199431 3007207.87 2674  235 3441944.79 2318719.00  32.6%  17.8 1480s
H250334 200035                    3441850.9297 2318719.00  32.6%  17.8 1484s
 250353 200274 3008274.70 3213  227 3441850.93 2318719.00  32.6%  17.8 1485s
H251390 201117                    3441816.5102 2318719.00  32.6%  17.8 1489s
 251439 201485 3015152.71 4001  229 3441816.51 2318719.00  32.6%  17.8 1490s
 252824 202598 3028081.47 4588  223 3441816.51 2318719.00  32.6%  17.7 1496s
H252940 202842                    3441245.6250 2318719.00  32.6%  17.7 1498s
H253206 203089                    3441206.8855 2318719.00  32.6%  17.7 1499s
H253476 203236                    3441137.2840 2318719.00  32.6%  17.7 1500s
H253643 203391                    3441130.1982 2318719.00  32.6%  17.7 1501s
 254187 204042 3029986.76 5087  220 3441130.20 2318719.00  32.6%  17.7 1505s
H254705 204414                    3441104.0564 2318719.00  32.6%  17.7 1508s
 255056 204840 3034999.48 5200  220 3441104.06 2318719.00  32.6%  17.7 1510s
H255307 204897                    3440504.9497 2318719.00  32.6%  17.7 1511s
 255557 205079 2357962.43   62  504 3440504.95 2318797.95  32.6%  17.7 1515s
 256243 205672 2483561.78   78  486 3440504.95 2318806.42  32.6%  17.8 1520s
 256674 206125     cutoff  165      3440504.95 2318817.33  32.6%  17.9 1526s
 257312 206534 2347060.69   34  617 3440504.95 2318817.33  32.6%  17.9 1530s
 257738 207114 2366836.10   46  566 3440504.95 2318817.33  32.6%  18.0 1535s
H258033 207229                    3440434.4092 2318817.33  32.6%  18.0 1539s
 258103 207343 2831541.76   80  422 3440434.41 2318817.33  32.6%  18.0 1540s
 258759 208116 3198311.49  291  334 3440434.41 2318934.09  32.6%  18.0 1545s
 259981 209077 3340978.77 1015  250 3440434.41 2318934.09  32.6%  18.0 1551s
H260669 209533                    3439833.3406 2318934.09  32.6%  18.0 1554s
 260772 209565 3366178.85 1455  231 3439833.34 2318974.04  32.6%  18.0 1555s
H261070 209786                    3439828.8596 2318976.52  32.6%  18.1 1558s
 261233 209960 3340633.62  153  388 3439828.86 2318976.52  32.6%  18.1 1560s
 261848 210742     cutoff  145      3439828.86 2319048.08  32.6%  18.1 1566s
H262108 211010                    3439828.7782 2319048.08  32.6%  18.1 1567s
H262662 211705                    3439678.4216 2319048.08  32.6%  18.1 1570s
 263902 212781 3169845.72  644  291 3439678.42 2319048.08  32.6%  18.1 1576s
H264088 212758                    3439554.1333 2319048.08  32.6%  18.0 1576s
 264972 213704 3170300.90  805  287 3439554.13 2319048.08  32.6%  18.0 1580s
H265208 213923                    3439422.4757 2319048.08  32.6%  18.0 1582s
 265992 214675 3187799.77  927  286 3439422.48 2319048.08  32.6%  18.0 1585s
H266907 215530                    3439190.0392 2319052.63  32.6%  18.0 1590s
H267211 215683                    3439098.7426 2319052.63  32.6%  18.0 1591s
 267719 216261 2338881.85   38  548 3439098.74 2319102.96  32.6%  18.0 1596s
 268243 216708 2884600.03  113  420 3439098.74 2319136.28  32.6%  18.0 1600s
 268874 217341 3182303.37   83  397 3439098.74 2319137.28  32.6%  18.0 1605s
 269950 218170 2721899.91  107  429 3439098.74 2319139.85  32.6%  18.0 1611s
 270748 218576 3364825.15  226  337 3439098.74 2319143.96  32.6%  18.1 1616s
 271486 218823 3149238.16  118  383 3439098.74 2319167.08  32.6%  18.2 1620s
H271763 218944                    3438895.4219 2319167.08  32.6%  18.2 1622s
 272200 219358 2417185.33   41  489 3438895.42 2319170.66  32.6%  18.2 1625s
 273058 219844 2882903.58   97  379 3438895.42 2319171.39  32.6%  18.3 1630s
 273632 220730 3213549.73  513  321 3438895.42 2319171.39  32.6%  18.3 1635s
 274929 221782 3228273.88 1522  255 3438895.42 2319171.39  32.6%  18.2 1640s
 276218 223237 3231620.69 2450  242 3438895.42 2319171.39  32.6%  18.2 1645s
 277631 224626 3239361.61 3209  244 3438895.42 2319171.39  32.6%  18.1 1650s
 278822 225828 3244252.57 3807  242 3438895.42 2319171.39  32.6%  18.0 1655s
 280243 227256 3246862.40 4452  234 3438895.42 2319171.39  32.6%  18.0 1660s
 281913 228817 3255330.81 5162  229 3438895.42 2319171.39  32.6%  17.9 1665s
 283306 230006 3256135.73 5368  222 3438895.42 2319171.39  32.6%  17.8 1670s
 283853 230734 3256378.33 5430  223 3438895.42 2319171.39  32.6%  17.8 1675s
 284861 231497 3257073.30 5587  223 3438895.42 2319171.39  32.6%  17.7 1680s
H284918 231496                    3438873.3434 2319171.39  32.6%  17.7 1680s
H285437 231777                    3438692.7302 2319171.39  32.6%  17.8 1683s
 285682 232110 3286760.04 5794  222 3438692.73 2319171.39  32.6%  17.8 1685s
 286981 233202 3307285.55 6452  220 3438692.73 2319171.39  32.6%  17.8 1690s
H287556 233563                    3438182.0224 2319171.39  32.5%  17.8 1692s
 288016 233895 3318726.99 7061  217 3438182.02 2319171.39  32.5%  17.8 1695s
H288207 233976                    3438162.7579 2319171.39  32.5%  17.8 1696s
 288561 234114     cutoff 7071      3438162.76 2319171.39  32.5%  17.9 1700s
H288696 234130                    3438071.9192 2319171.39  32.5%  17.9 1702s
H288820 234197                    3437961.1178 2319171.39  32.5%  17.9 1704s
 288931 234247 3335693.56 7076  219 3437961.12 2319171.39  32.5%  17.9 1705s
 289423 234513     cutoff  172      3437961.12 2319293.54  32.5%  18.1 1710s
 289916 234967 2430701.06   36  577 3437961.12 2319300.18  32.5%  18.1 1715s
 290298 235342 2598913.78   61  481 3437961.12 2319355.99  32.5%  18.1 1720s
H290402 235384                    3437769.7616 2319355.99  32.5%  18.1 1721s
 291016 235921 2346533.02   55  530 3437769.76 2319454.06  32.5%  18.2 1725s
 291359 236265 2368992.33   58  531 3437769.76 2319477.95  32.5%  18.2 1730s
H291592 236400                    3437694.6729 2319486.38  32.5%  18.2 1732s
 291776 236557 2682153.41   77  518 3437694.67 2319486.38  32.5%  18.3 1735s
 292325 237141 2358448.54   48  496 3437694.67 2319486.42  32.5%  18.3 1740s
 292957 237873 3030303.31  382  311 3437694.67 2319486.42  32.5%  18.3 1746s
 293747 238442 3035240.59  927  295 3437694.67 2319486.42  32.5%  18.3 1751s
H293749 238431                    3437540.7590 2319486.42  32.5%  18.3 1751s
H293768 238431                    3437534.4908 2319486.42  32.5%  18.3 1751s
 294614 239623 3040355.51 1417  280 3437534.49 2319486.42  32.5%  18.3 1755s
H295205 240168                    3437494.7464 2319486.42  32.5%  18.3 1757s
 296067 241065 3057142.21 1599  261 3437494.75 2319486.42  32.5%  18.2 1760s
 297951 243030 3063478.40 2363  232 3437494.75 2319486.42  32.5%  18.1 1766s
 298928 243773 3063994.34 2886  231 3437494.75 2319486.42  32.5%  18.1 1770s
 300460 245245 3070796.97 3400  230 3437494.75 2319486.42  32.5%  18.0 1775s
 301744 246624 3073214.70 3718  227 3437494.75 2319486.42  32.5%  18.0 1780s
H302727 247537                    3437304.6283 2319486.42  32.5%  17.9 1783s
 303236 248147 3075749.57 4233  227 3437304.63 2319486.42  32.5%  17.9 1785s
H304088 248674                    3437288.6251 2319486.42  32.5%  17.9 1789s
 304090 248941 3077529.04 4498  226 3437288.63 2319486.42  32.5%  17.9 1791s
 305389 250085 3078712.93 4811  226 3437288.63 2319486.42  32.5%  17.8 1795s
 306463 251193 3084059.61 5379  228 3437288.63 2319486.42  32.5%  17.8 1800s
 307796 252421 3090636.15 6069  226 3437288.63 2319486.42  32.5%  17.8 1805s
 309094 253532 3092712.67 6403  224 3437288.63 2319486.42  32.5%  17.7 1813s
 309378 253869 3093127.52 6454  226 3437288.63 2319486.42  32.5%  17.7 1815s
 310565 254789 3096333.98 6857  226 3437288.63 2319486.42  32.5%  17.7 1820s
 311577 255621 3108364.35 7413  219 3437288.63 2319486.42  32.5%  17.7 1825s
 312636 256331 3243946.13 7876  308 3437288.63 2319486.42  32.5%  17.7 1830s
H312874 256343                    3437285.2668 2319486.51  32.5%  17.7 1832s
 313229 256867 2370875.39   40  565 3437285.27 2319531.29  32.5%  17.8 1835s
H313246 256867                    3437279.8139 2319531.29  32.5%  17.8 1835s
 314426 258040 3345855.55  218  318 3437279.81 2319587.03  32.5%  17.7 1840s
H314615 258040                    3437217.7830 2319587.03  32.5%  17.7 1840s
 315776 259327 2766642.74  109  453 3437217.78 2319587.03  32.5%  17.7 1845s
 316890 260207 2540223.50   83  469 3437217.78 2319587.24  32.5%  17.7 1850s
 317435 260647 2772106.40   92  448 3437217.78 2319605.61  32.5%  17.7 1855s
 317758 260918 2393709.81   58  560 3437217.78 2319665.10  32.5%  17.8 1860s
H318135 261282                    3437213.8341 2319670.71  32.5%  17.8 1863s
 318402 261480 infeasible  123      3437213.83 2319676.71  32.5%  17.8 1865s
H318533 261536                    3437098.5489 2319677.26  32.5%  17.8 1866s
 318896 262107 3321647.95  353  312 3437098.55 2319677.26  32.5%  17.8 1870s
 319456 262512 3357784.05  751  224 3437098.55 2319677.26  32.5%  17.8 1875s
 320270 263105 3368071.76  904  228 3437098.55 2319677.26  32.5%  17.8 1880s
H320328 263111                    3436604.0841 2319677.26  32.5%  17.9 1881s
 320752 263383     cutoff  945      3436604.08 2319677.26  32.5%  18.0 1885s
 321468 264031 3368887.59  961  228 3436604.08 2319677.26  32.5%  18.0 1890s
 322202 264648 3369068.07  977  228 3436604.08 2319677.26  32.5%  18.0 1895s
 323083 265151 3369120.82  997  228 3436604.08 2319677.26  32.5%  18.1 1901s
 323728 265419     cutoff 1021      3436604.08 2319677.26  32.5%  18.2 1905s
H323729 265415                    3436498.2105 2319677.26  32.5%  18.2 1905s
H324232 265581                    3436351.7260 2319677.26  32.5%  18.2 1908s
 324462 265692     cutoff 1046      3436351.73 2319677.26  32.5%  18.2 1910s
 324614 265746 3369706.95 1050  227 3436351.73 2319677.26  32.5%  18.3 1915s
H324883 265852                    3436340.9974 2319677.26  32.5%  18.3 1917s
H325319 265959                    3436301.0818 2319677.26  32.5%  18.3 1919s
 325322 266069     cutoff 1073      3436301.08 2319677.26  32.5%  18.3 1920s
 325992 266297     cutoff 1097      3436301.08 2319677.26  32.5%  18.4 1925s
H326026 266297                    3436301.0179 2319677.26  32.5%  18.4 1925s
 326539 266726 3370602.15 1113  228 3436301.02 2319677.26  32.5%  18.5 1930s
 327135 266821     cutoff 1138      3436301.02 2319677.26  32.5%  18.6 1935s
 327790 267271 3371098.48 1157  228 3436301.02 2319677.26  32.5%  18.6 1940s
H327829 267270                    3436243.6748 2319677.26  32.5%  18.6 1940s
 328490 268015     cutoff 1183      3436243.67 2319677.26  32.5%  18.7 1945s
H328850 268260                    3435509.9620 2319677.26  32.5%  18.7 1946s
 329722 268970     cutoff 1203      3435509.96 2319677.26  32.5%  18.7 1951s
H329735 268969                    3435430.0044 2319677.26  32.5%  18.7 1951s
H331017 270244                    3435394.1460 2319677.26  32.5%  18.7 1955s
H331414 270438                    3435385.4321 2319677.26  32.5%  18.7 1957s
 332431 271342 3371881.41 1242  228 3435385.43 2319677.26  32.5%  18.7 1960s
 333817 272518     cutoff 1266      3435385.43 2319677.26  32.5%  18.7 1965s
 334783 273212 3372299.28 1279  228 3435385.43 2319677.26  32.5%  18.7 1970s
H334802 273205                    3435216.4730 2319677.26  32.5%  18.7 1970s
H335083 273690                    3435194.6536 2319677.26  32.5%  18.7 1972s
 335609 274192     cutoff 1295      3435194.65 2319677.26  32.5%  18.7 1975s
H335941 274491                    3435189.5685 2319677.26  32.5%  18.7 1976s
 337061 275182 3372692.93 1314  228 3435189.57 2319677.26  32.5%  18.7 1980s
 337488 275370     cutoff 1340      3435189.57 2319677.26  32.5%  18.8 1986s
 337770 275554     cutoff 1357      3435189.57 2319677.26  32.5%  18.9 1990s
H338105 275735                    3435149.3801 2319677.26  32.5%  18.9 1993s
 338327 275787 3373403.85 1377  228 3435149.38 2319677.26  32.5%  18.9 1995s
 338812 276038     cutoff 1397      3435149.38 2319677.26  32.5%  19.0 2000s
H339365 276750                    3435087.0187 2319677.26  32.5%  19.0 2003s
 339654 276968     cutoff 1413      3435087.02 2319677.26  32.5%  19.0 2006s
 341032 278171     cutoff 1435      3435087.02 2319677.26  32.5%  19.0 2011s
 342233 278943     cutoff 1456      3435087.02 2319677.26  32.5%  19.0 2015s
 342722 279199 3374753.20 1481  228 3435087.02 2319677.26  32.5%  19.1 2020s
 343184 279404     cutoff 1508      3435087.02 2319677.26  32.5%  19.2 2025s
 343906 280015     cutoff 1531      3435087.02 2319677.26  32.5%  19.3 2030s
H344150 280004                    3434965.7013 2319677.26  32.5%  19.3 2031s
 344321 280118     cutoff 1550      3434965.70 2319677.26  32.5%  19.3 2035s
 344802 280336     cutoff 1581      3434965.70 2319677.26  32.5%  19.5 2040s
H344803 280335                    3434938.1784 2319677.26  32.5%  19.5 2040s
 344959 280379     cutoff 1590      3434938.18 2319677.26  32.5%  19.5 2048s
 345116 280460     cutoff 1597      3434938.18 2319677.26  32.5%  19.5 2050s
 345670 280786 3376356.05 1622  228 3434938.18 2319677.26  32.5%  19.6 2055s
 346084 280978 3376447.06 1647  228 3434938.18 2319677.26  32.5%  19.7 2060s
H346423 281182                    3434935.8960 2320001.25  32.5%  19.8 2064s
 346509 281323 2540855.29   81  429 3434935.90 2320001.25  32.5%  19.8 2065s
H346843 281590                    3434898.7800 2320001.25  32.5%  19.8 2067s
 347268 282202 3123197.05  335  300 3434898.78 2320001.25  32.5%  19.8 2070s
H347611 282458                    3434854.4157 2320001.25  32.5%  19.8 2072s
H348417 283256                    3434842.3738 2320001.25  32.5%  19.8 2076s
 349400 284167 3140148.79 1131  239 3434842.37 2320001.25  32.5%  19.8 2081s
 350208 285190 3141109.60 1423  243 3434842.37 2320001.25  32.5%  19.8 2086s
 351810 286852 3141122.79 1783  243 3434842.37 2320001.25  32.5%  19.7 2091s
 352948 287703 3163535.08 2014  229 3434842.37 2320001.25  32.5%  19.7 2095s
 353824 288454     cutoff 2027      3434842.37 2320021.99  32.5%  19.6 2100s
 354965 289299 2447003.79   65  488 3434842.37 2320032.55  32.5%  19.6 2105s
 355281 289558 2864633.52   73  443 3434842.37 2320041.15  32.5%  19.7 2110s
H355677 289837                    3434776.1683 2320048.45  32.5%  19.7 2114s
 355701 289940 2439142.54   58  490 3434776.17 2320048.45  32.5%  19.7 2115s
 356234 290764 2906938.35  138  376 3434776.17 2320049.15  32.5%  19.8 2120s
 357894 292437 3044487.73  839  265 3434776.17 2320049.15  32.5%  19.7 2125s
 360321 294407 3055365.63 2044  248 3434776.17 2320049.15  32.5%  19.6 2130s
 361378 295784 3057435.20 2551  248 3434776.17 2320049.15  32.5%  19.5 2135s
H362936 297323                    3434651.3372 2320049.15  32.5%  19.5 2140s
H364343 298590                    3434642.6233 2320049.15  32.5%  19.4 2143s
 364813 299284 3079625.53 3976  244 3434642.62 2320049.15  32.5%  19.4 2145s
H365720 299860                    3434631.4520 2320049.15  32.5%  19.3 2148s
H365800 300111                    3434631.4106 2320049.15  32.5%  19.3 2149s
 366042 300402 3082221.01 4638  240 3434631.41 2320049.15  32.5%  19.3 2150s
 367579 301933 3086777.97 5252  244 3434631.41 2320049.15  32.5%  19.3 2155s
 369299 303519 3088493.78 5966  221 3434631.41 2320049.15  32.5%  19.2 2160s
 370244 304357 2390201.90   60  472 3434631.41 2320051.25  32.5%  19.2 2165s
 370404 304479 2528409.51   97  433 3434631.41 2320051.25  32.5%  19.2 2170s
H370655 304714                    3434462.5802 2320051.25  32.4%  19.2 2172s
 371078 305088     cutoff  241      3434462.58 2320051.25  32.4%  19.2 2175s
 372248 306247 2348555.95   51  539 3434462.58 2320055.92  32.4%  19.2 2180s
 373435 307325 3323753.37  146  353 3434462.58 2320078.51  32.4%  19.1 2185s
 374333 308258 2383645.11   55  532 3434462.58 2320082.31  32.4%  19.1 2190s
 375613 309284 2449757.47   86  460 3434462.58 2320084.02  32.4%  19.1 2197s
 376135 309945 2354099.09   68  537 3434462.58 2320085.23  32.4%  19.1 2200s
H376289 310084                    3434453.6166 2320085.23  32.4%  19.1 2200s
 377136 310944 2374464.08   82  504 3434453.62 2320085.23  32.4%  19.1 2205s
 378157 312067 3102111.04  135  383 3434453.62 2320085.23  32.4%  19.0 2210s
 379389 313110 3405286.21  673  268 3434453.62 2320085.23  32.4%  19.0 2215s
 379986 313212     cutoff  130      3434453.62 2320085.58  32.4%  19.1 2220s
H380005 313210                    3434444.5171 2320085.58  32.4%  19.1 2220s
 380304 313545 2547945.08   87  451 3434444.52 2320091.13  32.4%  19.2 2225s
 380695 313835 3294206.86  169  373 3434444.52 2320097.00  32.4%  19.2 2230s
H380772 313904                    3434409.4053 2320097.00  32.4%  19.2 2231s
 381044 314194 2913241.74  104  409 3434409.41 2320097.00  32.4%  19.2 2235s
H381353 314438                    3434409.3639 2320120.65  32.4%  19.3 2238s
 381586 314640 3370860.28  179  351 3434409.36 2320123.08  32.4%  19.3 2240s
 381962 314935 2503275.30   70  488 3434409.36 2320125.16  32.4%  19.4 2245s
 382454 315357 3156626.30  112  387 3434409.36 2320147.03  32.4%  19.4 2250s
 382968 315811 2412334.63   43  558 3434409.36 2320149.64  32.4%  19.5 2255s
 383486 316224 2486436.47   82  499 3434409.36 2320154.40  32.4%  19.5 2260s
 384014 316875 3065452.23  171  352 3434409.36 2320154.40  32.4%  19.6 2266s
 384997 317971 3178954.76  442  298 3434409.36 2320154.40  32.4%  19.6 2271s
 385807 318567 3181729.03  657  255 3434409.36 2320154.40  32.4%  19.6 2276s
 386632 319536 3182445.23  961  249 3434409.36 2320154.40  32.4%  19.6 2280s
 387912 320815 3187105.73 1293  237 3434409.36 2320154.40  32.4%  19.5 2285s
 389097 321921 3187495.00 1594  234 3434409.36 2320154.40  32.4%  19.5 2290s
 390264 322676 3197633.63 1855  224 3434409.36 2320154.40  32.4%  19.5 2295s
 390814 322991 3198156.05 2019  224 3434409.36 2320154.40  32.4%  19.5 2300s
H390942 322990                    3434389.3134 2320154.40  32.4%  19.5 2300s
H391267 323353                    3434389.2720 2320154.40  32.4%  19.5 2304s
H391401 323353                    3434227.7980 2320154.40  32.4%  19.5 2304s
 391460 323585 3224629.43 2208  225 3434227.80 2320154.40  32.4%  19.5 2305s
H391944 323780                    3434221.0221 2320154.40  32.4%  19.5 2307s
 392463 324417 3293194.48 2555  225 3434221.02 2320154.40  32.4%  19.5 2310s
 393355 324945 2438137.74   50  511 3434221.02 2320157.67  32.4%  19.5 2315s
 394118 325414     cutoff  145      3434221.02 2320186.78  32.4%  19.6 2320s
 395036 326196     cutoff  345      3434221.02 2320189.43  32.4%  19.6 2325s
 395608 326722 2434748.58   69  545 3434221.02 2320189.43  32.4%  19.6 2330s
H396019 326809                    3433006.1728 2320189.43  32.4%  19.6 2338s
 396180 327082 3244613.04  103  402 3433006.17 2320189.43  32.4%  19.6 2341s
 396849 327587 3428070.08  152  420 3433006.17 2320199.67  32.4%  19.6 2345s
H396924 327654                    3432935.3004 2320199.67  32.4%  19.7 2346s
 397414 327914     cutoff  244      3432935.30 2320200.50  32.4%  19.7 2350s
 397938 328703 3366760.78  335  294 3432935.30 2320201.05  32.4%  19.7 2355s
 399520 330183 2364600.82   55  533 3432935.30 2320202.62  32.4%  19.7 2360s
 400910 331446 2631913.27   93  422 3432935.30 2320206.02  32.4%  19.6 2365s
 402174 332829 3256633.94  268  326 3432935.30 2320206.02  32.4%  19.6 2370s
 404087 334892 3279092.49 1072  300 3432935.30 2320206.02  32.4%  19.5 2375s
 406025 336353 3329439.74 1966  275 3432935.30 2320206.02  32.4%  19.4 2380s
 406941 337322 3338355.92 2375  268 3432935.30 2320206.02  32.4%  19.4 2385s
H407154 337505                    3432931.2716 2320206.02  32.4%  19.4 2386s
 408186 338524 3369189.91 3044  270 3432931.27 2320206.02  32.4%  19.4 2390s
H409188 339333                    3432931.2692 2320206.02  32.4%  19.4 2394s
 409238 339535 3344802.07 3799  257 3432931.27 2320206.02  32.4%  19.4 2395s
 410343 340581 3369069.98 4754  249 3432931.27 2320206.02  32.4%  19.4 2400s
H411292 341602                    3432919.4647 2320206.02  32.4%  19.4 2405s
 412522 342680 2389908.50   52  529 3432919.46 2320265.12  32.4%  19.3 2410s
 413318 343435     cutoff  201      3432919.46 2320272.21  32.4%  19.3 2415s
 414306 344403 2647684.68   99  463 3432919.46 2320272.78  32.4%  19.3 2420s
 415096 345129 2339268.45   39  547 3432919.46 2320282.02  32.4%  19.3 2425s
H415518 345556                    3432915.3680 2320282.02  32.4%  19.3 2427s
 416241 346125 3350080.74  156  342 3432915.37 2320282.02  32.4%  19.3 2430s
 416768 346795 3370041.27  550  317 3432915.37 2320282.02  32.4%  19.3 2436s
 417892 347659 3376309.44 1450  268 3432915.37 2320282.02  32.4%  19.3 2440s
 418350 347961     cutoff  141      3432915.37 2320385.50  32.4%  19.3 2445s
 419022 348732 3364341.27  159  387 3432915.37 2320386.26  32.4%  19.3 2450s
 420238 349857 3252120.90  255  324 3432915.37 2320389.20  32.4%  19.3 2455s
 421394 350770 3290276.44 1194  272 3432915.37 2320389.20  32.4%  19.3 2463s
 421834 351476 3290641.12 1443  263 3432915.37 2320389.20  32.4%  19.3 2465s
 423200 352659 3294735.38 2611  261 3432915.37 2320389.20  32.4%  19.3 2470s
 424394 353938 3335156.85 3635  252 3432915.37 2320389.20  32.4%  19.3 2475s
 426029 355626 3345596.82 4995  243 3432915.37 2320389.20  32.4%  19.2 2480s
H426433 355852                    3432903.2649 2320389.20  32.4%  19.2 2482s
 427091 356471 3352511.62 5732  238 3432903.26 2320389.20  32.4%  19.2 2486s
 427919 357219 3358100.20 6430  231 3432903.26 2320389.20  32.4%  19.2 2491s
 428669 357991 3360270.06 7123  225 3432903.26 2320389.20  32.4%  19.2 2496s
 429378 358627 3368543.15 7729  221 3432903.26 2320389.20  32.4%  19.2 2500s
 430011 359119 3323913.73  126  428 3432903.26 2320401.22  32.4%  19.3 2505s
H430362 359388                    3432901.9278 2320401.22  32.4%  19.3 2509s
 430462 359449 3271292.03  143  392 3432901.93 2320401.22  32.4%  19.3 2510s
H430615 359506                    3432897.9111 2320413.05  32.4%  19.3 2511s
 430985 359847 2338865.61   48  554 3432897.91 2320434.76  32.4%  19.3 2516s
 431274 360099     cutoff   91      3432897.91 2320438.72  32.4%  19.4 2520s
 431638 360441 2422563.29   66  522 3432897.91 2320445.70  32.4%  19.4 2525s
 431847 360614 3384671.79  162  398 3432897.91 2320447.47  32.4%  19.5 2530s
 432318 360997 2972044.23  113  421 3432897.91 2320466.52  32.4%  19.5 2535s
 432928 361837 2875049.08  118  403 3432897.91 2320475.19  32.4%  19.5 2541s
H434308 362986                    3432890.8175 2320475.19  32.4%  19.5 2544s
 434398 363582 3295058.09  626  327 3432890.82 2320475.19  32.4%  19.5 2546s
H435660 364493                    3432890.8170 2320475.19  32.4%  19.4 2549s
 435907 364855 3318503.27 1325  300 3432890.82 2320475.19  32.4%  19.4 2551s
 436594 365444 3336191.73 1414  292 3432890.82 2320475.19  32.4%  19.4 2555s
H436858 365657                    3432890.8164 2320475.19  32.4%  19.4 2557s
 438223 367107 3370247.79 2152  338 3432890.82 2320475.19  32.4%  19.4 2560s
H439318 368117                    3432890.8159 2320475.19  32.4%  19.3 2563s
 439815 368725 3383037.05 2465  255 3432890.82 2320475.19  32.4%  19.3 2565s
 441583 370514 3388443.14 3274  247 3432890.82 2320475.19  32.4%  19.2 2570s
 442894 371848 3391928.06 4014  242 3432890.82 2320475.19  32.4%  19.2 2575s
H444190 372928                    3432851.6336 2320475.19  32.4%  19.1 2578s
 445027 373927 3396432.76 5119  236 3432851.63 2320475.19  32.4%  19.1 2580s
H445344 374193                    3432851.6283 2320475.19  32.4%  19.1 2581s
 446482 375300 3402129.23 5841  236 3432851.63 2320475.19  32.4%  19.0 2585s
 447011 375748 3405758.05 6042  233 3432851.63 2320475.19  32.4%  19.0 2590s
H447027 375747                    3432788.7357 2320475.19  32.4%  19.0 2590s
H447615 376304                    3432763.9035 2320475.19  32.4%  19.0 2592s
H447654 376302                    3432595.2777 2320475.19  32.4%  19.0 2592s
 448359 376972     cutoff  143      3432595.28 2320494.15  32.4%  19.0 2595s
H448528 377030                    3432590.9034 2320496.77  32.4%  19.0 2596s
 448943 377350 2592016.01   86  460 3432590.90 2320525.80  32.4%  19.0 2600s
 449535 377786 infeasible  128      3432590.90 2320580.81  32.4%  19.1 2605s
 450219 378671 3355216.06  428  319 3432590.90 2320580.81  32.4%  19.1 2610s
 450918 379008 2329611.20   39  531 3432590.90 2320616.30  32.4%  19.2 2615s
H451072 379122                    3432586.7445 2320636.06  32.4%  19.2 2616s
 451473 379704 3357142.08  379  271 3432586.74 2320636.06  32.4%  19.2 2620s
 452095 380243 3362697.61  914  264 3432586.74 2320636.06  32.4%  19.2 2625s
 453153 381364 3371245.39 1818  264 3432586.74 2320636.06  32.4%  19.2 2630s
H453950 381740                    3432582.8621 2320636.06  32.4%  19.2 2634s
 453951 381771     cutoff 2212      3432582.86 2320636.06  32.4%  19.2 2635s
 454323 382136 2777710.06   84  417 3432582.86 2320745.30  32.4%  19.2 2640s
 455591 383582 2782934.63   77  476 3432582.86 2320785.85  32.4%  19.2 2645s
 456969 384641 3392117.94  177  384 3432582.86 2320797.39  32.4%  19.2 2650s
 457963 385668 3031025.05   82  454 3432582.86 2320797.39  32.4%  19.2 2655s
 458804 386466 3349269.87  584  285 3432582.86 2320797.58  32.4%  19.2 2660s
 459793 387492 3361486.33 1439  278 3432582.86 2320797.58  32.4%  19.2 2665s
 461073 388716 3371090.40 2572  260 3432582.86 2320797.58  32.4%  19.2 2670s
H461326 388932                    3432579.3780 2320797.58  32.4%  19.2 2672s
 461865 389216 3380371.62 3091  272 3432579.38 2320864.11  32.4%  19.2 2675s
 462318 389959     cutoff  159      3432579.38 2320864.11  32.4%  19.2 2681s
 463602 391066 2338154.11   53  542 3432579.38 2320865.14  32.4%  19.2 2685s
 464525 391924 2493643.10   87  454 3432579.38 2320865.45  32.4%  19.1 2690s
 466044 393473 3348514.04  623  277 3432579.38 2320865.45  32.4%  19.1 2695s
 467404 394701 2429995.34   71  524 3432579.38 2320888.59  32.4%  19.1 2700s
H468265 395279                    3432575.2808 2320909.52  32.4%  19.1 2704s
 468362 395432     cutoff  121      3432575.28 2320909.52  32.4%  19.1 2705s
 469384 396509 2462756.29   66  459 3432575.28 2320911.10  32.4%  19.1 2710s
 470784 397816 3351428.73  152  382 3432575.28 2320913.51  32.4%  19.1 2715s
 471922 398909 2626016.63   99  456 3432575.28 2320916.31  32.4%  19.0 2720s
 472479 399220 2444028.80   82  470 3432575.28 2320916.41  32.4%  19.0 2726s
 472907 399892 2780847.29  113  406 3432575.28 2320916.41  32.4%  19.0 2730s
 473781 400717 3341325.52  566  297 3432575.28 2320916.41  32.4%  19.0 2735s
 474771 401630 3344097.91 1390  274 3432575.28 2320916.41  32.4%  19.0 2740s
 476264 403228 3365572.37 2196  256 3432575.28 2320916.41  32.4%  19.0 2745s
 477616 404185 3342992.11  182  301 3432575.28 2320917.49  32.4%  19.0 2750s
 478781 405583 2446731.73   79  513 3432575.28 2320924.05  32.4%  18.9 2755s
 480015 406617 2338247.54   66  574 3432575.28 2320925.07  32.4%  18.9 2760s
H480589 407159                    3432573.5994 2320925.07  32.4%  18.9 2763s
 480893 407451 2969271.34  122  409 3432573.60 2320925.07  32.4%  18.9 2765s
H481670 408251                    3432573.5647 2320925.07  32.4%  18.9 2769s
 481860 408510 3252694.48  996  256 3432573.56 2320925.07  32.4%  18.9 2770s
 482949 409586 3262261.84 1926  252 3432573.56 2320925.07  32.4%  18.9 2775s
 483914 410475 3264218.14 2760  248 3432573.56 2320925.07  32.4%  18.9 2780s
 485715 412217 3268573.16 3866  236 3432573.56 2320925.07  32.4%  18.8 2785s
 486894 413399 3277239.12 4936  238 3432573.56 2320925.07  32.4%  18.8 2790s
 487788 414214 3282644.12 5691  236 3432573.56 2320925.07  32.4%  18.8 2795s
H488700 415347                    3432569.5022 2320925.07  32.4%  18.8 2800s
 490629 417246 3301138.49 7414  231 3432569.50 2320925.07  32.4%  18.7 2805s
 492869 419093 3315944.87 8607  231 3432569.50 2320925.07  32.4%  18.6 2812s
 493686 420246 3321031.31 9027  231 3432569.50 2320925.07  32.4%  18.6 2815s
 495211 421771 3324524.29 9824  229 3432569.50 2320925.07  32.4%  18.6 2820s
 497415 423843 3343040.29 10927  224 3432569.50 2320925.07  32.4%  18.5 2825s
 498690 425065 2452862.22   79  487 3432569.50 2320926.55  32.4%  18.5 2830s
 499923 426179     cutoff  266      3432569.50 2320927.72  32.4%  18.4 2835s
 500943 427241 2430672.37  102  502 3432569.50 2320931.96  32.4%  18.4 2840s
 501372 427483 3244655.14  258  326 3432569.50 2320931.96  32.4%  18.4 2845s
H501420 427521                    3432522.8407 2320931.96  32.4%  18.4 2848s
H501438 427646                    3432522.8403 2320931.96  32.4%  18.4 2850s
 502925 429228 3290670.05 1092  282 3432522.84 2320931.96  32.4%  18.4 2856s
H503028 429228                    3432522.8398 2320931.96  32.4%  18.4 2856s
 503988 430235 3315389.00 1690  261 3432522.84 2320931.96  32.4%  18.3 2860s
 504969 431209 3328264.63 2561  261 3432522.84 2320931.96  32.4%  18.3 2865s
H506686 432739                    3432514.8655 2320931.96  32.4%  18.3 2869s
 506704 432895 3363170.14 3750  245 3432514.87 2320931.96  32.4%  18.3 2870s
 508059 434002     cutoff 4194      3432514.87 2320931.96  32.4%  18.2 2875s
 508849 434831 3367562.94 4831  240 3432514.87 2320931.96  32.4%  18.2 2880s
 509902 435702 2340779.31   83  521 3432514.87 2320950.57  32.4%  18.2 2885s
 510475 436365 2680794.37   86  395 3432514.87 2320953.42  32.4%  18.3 2890s
 511341 436943 2679310.26   65  452 3432514.87 2320960.70  32.4%  18.3 2895s
 512196 437866 2641443.27   76  473 3432514.87 2320961.64  32.4%  18.3 2900s
 512689 438082 3327328.41  157  372 3432514.87 2320973.37  32.4%  18.3 2905s
 513116 438456 3107358.70  120  401 3432514.87 2320986.66  32.4%  18.4 2910s
 513412 438720 2988206.51   84  446 3432514.87 2320989.82  32.4%  18.4 2915s
H513592 438825                    3432504.5741 2320992.59  32.4%  18.4 2917s
 513665 438867 2338225.00   80  532 3432504.57 2321008.10  32.4%  18.4 2920s
 514144 439552 3057637.00  166  363 3432504.57 2321008.10  32.4%  18.5 2925s
 514900 440416 3116536.09  337  298 3432504.57 2321008.10  32.4%  18.5 2930s
 516504 442003 3117975.76  742  287 3432504.57 2321008.10  32.4%  18.4 2935s
 517883 443449 3119052.07 1065  279 3432504.57 2321008.10  32.4%  18.4 2941s
 519079 444625 3122390.15 1360  243 3432504.57 2321008.10  32.4%  18.3 2946s
 520414 445909 3124034.63 1688  232 3432504.57 2321008.10  32.4%  18.3 2950s
H522004 447437                    3432291.5466 2321008.10  32.4%  18.2 2955s
 523443 448722 3125689.83 2453  220 3432291.55 2321008.10  32.4%  18.2 2961s
 523987 449061     cutoff 2554      3432291.55 2321008.10  32.4%  18.2 2965s
 524299 449361 2601049.91   80  506 3432291.55 2321047.71  32.4%  18.2 2970s
 524974 449865 2869748.18   83  486 3432291.55 2321062.18  32.4%  18.3 2975s
 525364 450163 2487138.25   81  462 3432291.55 2321077.41  32.4%  18.3 2980s
 525922 450612 2328218.83   48  560 3432291.55 2321113.40  32.4%  18.3 2985s
 526647 451525 2515475.28   85  419 3432291.55 2321113.40  32.4%  18.4 2990s
 527766 452661 2921666.38  137  368 3432291.55 2321113.40  32.4%  18.3 2995s
 528829 453828 3006926.35  439  347 3432291.55 2321113.40  32.4%  18.3 3000s
 529850 454273 2398584.22   55  540 3432291.55 2321124.28  32.4%  18.3 3005s
 530327 454776 2576499.41   92  453 3432291.55 2321160.29  32.4%  18.4 3010s
 531139 455561     cutoff  504      3432291.55 2321164.86  32.4%  18.4 3015s
 532138 456554 2637874.32   71  454 3432291.55 2321172.41  32.4%  18.4 3020s
 533446 457699 2378127.23   58  508 3432291.55 2321188.00  32.4%  18.4 3025s
H533505 457699                    3432288.7108 2321188.00  32.4%  18.4 3025s
H533910 457983                    3432198.2799 2321193.91  32.4%  18.4 3029s
 533972 458040 2566529.23   47  527 3432198.28 2321193.91  32.4%  18.4 3030s
 534362 458278 2330531.80   46  551 3432198.28 2321204.53  32.4%  18.4 3035s
 534780 458542 2355510.06   53  540 3432198.28 2321212.76  32.4%  18.4 3040s
 535238 458962 3050438.51  177  345 3432198.28 2321212.76  32.4%  18.4 3045s
 536315 460164 3095935.25  894  288 3432198.28 2321212.76  32.4%  18.4 3050s
 537800 461486 3107695.03 2020  253 3432198.28 2321212.76  32.4%  18.4 3055s
 538889 462456 3145795.47 2817  251 3432198.28 2321212.76  32.4%  18.4 3062s
 539631 463365 3150018.82 3365  238 3432198.28 2321212.76  32.4%  18.4 3065s
 541227 464795 3156853.23 4673  232 3432198.28 2321212.76  32.4%  18.4 3070s
 542557 465871 3183547.01 5777  231 3432198.28 2321323.42  32.4%  18.3 3075s
H542732 465954                    3432195.4917 2321323.42  32.4%  18.4 3076s
H542929 466135                    3432192.0784 2321323.83  32.4%  18.4 3079s
 542967 466235 2485190.34   72  440 3432192.08 2321323.83  32.4%  18.4 3080s
 543530 466643 3392776.64  250  343 3432192.08 2321369.52  32.4%  18.4 3085s
 544200 467430 3239831.52  282  316 3432192.08 2321378.46  32.4%  18.4 3090s
 544980 468028 3343448.68  638  257 3432192.08 2321378.46  32.4%  18.5 3096s
 545717 468482 3368680.37  991  246 3432192.08 2321378.46  32.4%  18.5 3100s
 546670 468909 2384917.82   38  508 3432192.08 2321384.26  32.4%  18.5 3105s
 547342 469281 2488868.38   64  484 3432192.08 2321385.58  32.4%  18.6 3110s
 548119 470016 3373780.67  597  331 3432192.08 2321389.63  32.4%  18.6 3115s
H548445 470209                    3432177.8977 2321391.53  32.4%  18.6 3117s
 548658 470493 2431238.76   49  496 3432177.90 2321393.68  32.4%  18.6 3120s
 549086 470863 2668520.64   88  424 3432177.90 2321448.73  32.4%  18.6 3125s
H549244 470917                    3432174.7070 2321507.77  32.4%  18.6 3132s
 549620 471211 2359884.64   53  544 3432174.71 2321507.94  32.4%  18.7 3135s
 549996 471714 3127352.57  159  353 3432174.71 2321507.94  32.4%  18.7 3140s
 550672 472128 3129870.30  368  326 3432174.71 2321507.94  32.4%  18.7 3145s
H550732 472126                    3432165.5507 2321507.94  32.4%  18.7 3145s
H550789 472152                    3432153.1981 2321507.94  32.4%  18.8 3147s
 551027 472353 3131528.03  474  325 3432153.20 2321507.94  32.4%  18.8 3150s
 551547 472681 3238528.13  609  335 3432153.20 2321507.94  32.4%  18.8 3155s
 552214 473718 3203544.55  831  261 3432153.20 2321507.94  32.4%  18.9 3160s
 553275 474140 3216729.64 1088  222 3432153.20 2321538.19  32.4%  18.9 3165s
 553668 474701 2516908.10   60  507 3432153.20 2321550.42  32.4%  18.9 3170s
 554457 475277 2859338.24  105  429 3432153.20 2321557.45  32.4%  18.9 3175s
 555064 475618 2745338.74  101  416 3432153.20 2321564.88  32.4%  18.9 3180s
 555484 476006 2389615.86   57  491 3432153.20 2321588.50  32.4%  19.0 3185s
 555790 476580 2404138.05   70  501 3432153.20 2321613.48  32.4%  19.0 3190s
H556225 476887                    3432149.8820 2321630.41  32.4%  19.0 3192s
 556686 477283 2330104.33   42  579 3432149.88 2321667.01  32.4%  19.0 3196s
 557418 478016 2530682.02   89  479 3432149.88 2321683.85  32.4%  19.0 3200s
 558391 478626 2687384.44   84  441 3432149.88 2321686.06  32.4%  19.0 3205s
H558480 478811                    3432120.7219 2321686.06  32.4%  19.1 3207s
 558923 479038     cutoff  154      3432120.72 2321728.80  32.4%  19.1 3210s
 559267 479370 3058996.68   93  447 3432120.72 2321728.80  32.4%  19.1 3215s
H559284 479369                    3432104.7187 2321728.80  32.4%  19.1 3215s
 559614 479678 3297894.76  155  356 3432104.72 2321730.86  32.4%  19.1 3221s
 559909 479897 2455318.14   58  469 3432104.72 2321748.24  32.4%  19.2 3225s
 560541 480618 3162291.99  364  314 3432104.72 2321748.24  32.4%  19.2 3230s
H560812 480666                    3432101.4026 2321748.24  32.4%  19.2 3232s
 561410 481896 3182157.16  772  255 3432101.40 2321748.24  32.4%  19.2 3236s
 562471 482583 3183720.61  989  252 3432101.40 2321748.24  32.4%  19.2 3240s
H564014 483902                    3432096.5033 2321748.24  32.4%  19.2 3244s
 564235 484138     cutoff 1602      3432096.50 2321748.24  32.4%  19.2 3246s
 564821 484670     cutoff 1622      3432096.50 2321748.24  32.4%  19.2 3251s
 565387 484833     cutoff 1648      3432096.50 2321748.24  32.4%  19.2 3255s
 565778 485140 2399891.52   48  570 3432096.50 2321817.27  32.3%  19.3 3260s
 566287 485497 3413926.71  108  454 3432096.50 2321845.58  32.3%  19.3 3265s
 566591 485907 2821104.60  111  417 3432096.50 2321845.58  32.3%  19.3 3270s
 567375 486979 2353747.94   39  588 3432096.50 2321857.41  32.3%  19.3 3275s
 568705 487806 2698019.75   58  460 3432096.50 2321857.98  32.3%  19.3 3281s
 569248 488627 2424330.82   46  505 3432096.50 2321892.69  32.3%  19.3 3286s
 569703 488996     cutoff   98      3432096.50 2321893.76  32.3%  19.3 3290s
 571250 490305 2468475.85   60  504 3432096.50 2321893.97  32.3%  19.3 3295s
 571729 490809 2458237.13   63  443 3432096.50 2321893.97  32.3%  19.3 3300s
 573047 492182 2377104.00   58  482 3432096.50 2321901.46  32.3%  19.3 3306s
 573807 492923 2918948.98   81  457 3432096.50 2321913.36  32.3%  19.3 3311s
 574675 493644 2367874.66   52  518 3432096.50 2321913.51  32.3%  19.3 3315s
 575514 494558     cutoff  161      3432096.50 2321940.28  32.3%  19.3 3320s
 576624 495743 3372385.31  472  259 3432096.50 2321940.28  32.3%  19.3 3325s
 577045 495947 3373308.07  621  229 3432096.50 2321940.28  32.3%  19.3 3330s
 577954 496872 2599760.69   81  437 3432096.50 2321942.08  32.3%  19.3 3336s
 578798 497508 2354266.68   55  550 3432096.50 2321955.88  32.3%  19.3 3340s
 579345 498069 2475898.48   85  452 3432096.50 2321982.20  32.3%  19.3 3346s
 579895 498517 3042403.73  243  321 3432096.50 2321982.20  32.3%  19.3 3350s
 581530 500419 3055920.32 1343  276 3432096.50 2321982.20  32.3%  19.3 3355s
 583191 502179 3088582.97 2224  244 3432096.50 2321982.20  32.3%  19.3 3360s
H584124 502761                    3432033.5787 2321982.20  32.3%  19.3 3363s
 584447 503322 3091393.99 3134  243 3432033.58 2321982.20  32.3%  19.3 3365s
 585042 503810 3095572.52 3544  243 3432033.58 2321982.20  32.3%  19.3 3370s
 586515 505480 3101693.61 4605  243 3432033.58 2321982.20  32.3%  19.2 3375s
 588043 507020 3113620.15 5241  232 3432033.58 2321982.20  32.3%  19.2 3380s
 589541 508536 3114690.50 6091  227 3432033.58 2321982.20  32.3%  19.1 3385s
 591167 509927 3118109.23 6791  216 3432033.58 2321982.20  32.3%  19.1 3390s
 592717 511539 3127547.40 6846  220 3432033.58 2321982.20  32.3%  19.1 3395s
H593803 512229                    3432025.2853 2321982.20  32.3%  19.1 3399s
 593804 512388     cutoff 6954      3432025.29 2321982.20  32.3%  19.1 3400s
 594653 512881 2373733.65   44  526 3432025.29 2322003.08  32.3%  19.1 3405s
 595097 513235 3272707.34  185  345 3432025.29 2322005.67  32.3%  19.2 3410s
H595344 513288                    3432006.0601 2322005.67  32.3%  19.2 3412s
 595816 513806 3302138.93  735  317 3432006.06 2322005.67  32.3%  19.2 3415s
 596734 514354 2695988.99   81  474 3432006.06 2322008.55  32.3%  19.2 3420s
 597249 514617 2926767.06   82  456 3432006.06 2322010.85  32.3%  19.3 3425s
 597884 515052 3340389.51  168  347 3432006.06 2322013.96  32.3%  19.3 3431s
H598165 515097                    3431982.5151 2322013.96  32.3%  19.4 3433s
 598345 515196 3375114.44  105  337 3431982.52 2322014.75  32.3%  19.4 3435s
 599308 515912     cutoff  729      3431982.52 2322021.02  32.3%  19.4 3440s
 599777 516158 2485273.51   90  478 3431982.52 2322025.00  32.3%  19.5 3445s
H599959 516248                    3431973.7684 2322025.00  32.3%  19.5 3447s
 600219 516406 2374963.21   57  519 3431973.77 2322032.44  32.3%  19.5 3450s
 600384 516456 2936332.95  112  439 3431973.77 2322032.44  32.3%  19.5 3458s
 600514 516521 2322033.89   52  574 3431973.77 2322033.41  32.3%  19.5 3460s
H600862 516690                    3431958.5697 2322033.98  32.3%  19.6 3463s
 600991 516751 2378844.42   61  530 3431958.57 2322034.42  32.3%  19.6 3465s
 601524 517016 2939269.85   95  440 3431958.57 2322048.72  32.3%  19.6 3471s
 601939 517165 2808416.31  103  430 3431958.57 2322053.46  32.3%  19.7 3475s
 602595 517493 2846621.25   98  433 3431958.57 2322062.16  32.3%  19.7 3480s
H602960 517717                    3431956.8204 2322062.16  32.3%  19.8 3482s
 603314 518250 3090720.35  157  366 3431956.82 2322062.16  32.3%  19.8 3486s
 604252 519121 3171880.44  525  322 3431956.82 2322062.16  32.3%  19.8 3490s
 605443 519890 3192212.95  778  268 3431956.82 2322062.16  32.3%  19.8 3496s
 605768 520036 2417077.02   56  482 3431956.82 2322065.96  32.3%  19.8 3500s
 606213 520323 2360605.22   61  540 3431956.82 2322079.67  32.3%  19.9 3505s
 606587 520631 2453810.29   46  517 3431956.82 2322116.28  32.3%  19.9 3510s
 607055 521082 2376810.17   58  577 3431956.82 2322154.31  32.3%  19.9 3515s
H607487 521468                    3431955.2535 2322154.45  32.3%  19.9 3519s
 607621 521539 3358032.40  160  340 3431955.25 2322156.52  32.3%  20.0 3520s
 608135 521965 2827187.63   99  417 3431955.25 2322168.86  32.3%  20.0 3526s
 608593 522404 2454128.52   98  465 3431955.25 2322202.33  32.3%  20.0 3530s
 609195 523151     cutoff  204      3431955.25 2322250.79  32.3%  20.0 3536s
 609856 523440 3354820.42  139  405 3431955.25 2322251.47  32.3%  20.0 3541s
 610245 523830 2626674.35   85  412 3431955.25 2322313.85  32.3%  20.1 3546s
 610607 524005 2594534.73   74  492 3431955.25 2322349.74  32.3%  20.1 3550s
 611148 524741 3421229.80  166  357 3431955.25 2322376.44  32.3%  20.1 3555s
H611958 525628                    3431947.9771 2322383.33  32.3%  20.1 3559s
 612316 526108 2485891.91   73  486 3431947.98 2322384.36  32.3%  20.1 3561s
 613190 526890 2568104.11   73  444 3431947.98 2322384.72  32.3%  20.1 3565s
 614777 528431 2733609.63  113  412 3431947.98 2322390.54  32.3%  20.0 3571s
 615829 529065 3381659.89  279  333 3431947.98 2322390.54  32.3%  20.0 3578s
 615831 529388 3386108.98  279  333 3431947.98 2322390.54  32.3%  20.0 3580s
 616771 530097 3406971.64  524  297 3431947.98 2322390.54  32.3%  20.0 3585s
H617191 530442                    3431931.8285 2322394.50  32.3%  20.0 3587s
 617769 531022 2467357.20   75  482 3431931.83 2322394.50  32.3%  20.0 3591s
 618718 532026 2357331.78   59  542 3431931.83 2322400.00  32.3%  20.0 3595s
 620006 532991 3171904.92  156  341 3431931.83 2322400.00  32.3%  20.0 3600s

Cutting planes:
  Gomory: 12
  Implied bound: 27
  MIR: 470
  Mixing: 1
  StrongCG: 23
  Flow cover: 460
  Inf proof: 1
  RLT: 74
  Relax-and-lift: 1

Explored 620109 nodes (12407742 simplex iterations) in 3600.15 seconds (1828.66 work units)
Thread count was 2 (of 24 available processors)

Solution count 10: 3.43193e+06 3.43196e+06 3.43197e+06 ... 3.43215e+06

Time limit reached
Best objective 3.431931828475e+06, best bound 2.322400003287e+06, gap 32.3297%
