Goal_10;621736;0.0;0.5;474551;4594878.6221;0.48492767490258215;0;0.0
Goal_1;621736;0.0;0.0;428831;3272118.1117999996;0.3180900738480749;3603;0.08570009048832117
Goal_2;621736;0.0;0.05555555555555555;429624;3302489.9142000005;0.3177180627265735;3609;0.08527710368211422
Goal_3;621736;0.0;0.1111111111111111;429777;3308109.1598000005;0.31724266195327006;3607;0.08698504342846382
Goal_4;621736;0.0;0.16666666666666666;425924;3149848.2054999997;0.315253239614896;3606;0.09746857813010447
Goal_5;621736;0.0;0.2222222222222222;431363;3358328.9315;0.3217934563192324;3612;0.1166920197260846
Goal_6;621736;0.0;0.2777777777777778;433924;3484800.9886999987;0.3199540967329031;3602;0.11087274155302139
Goal_7;621736;0.0;0.3333333333333333;454456;4329706.400700001;0.34254764460739107;3600;0.06692133317235677
Goal_8;621736;0.0;0.38888888888888884;465347;4399879.3622;0.3934182080219947;3600;0.0344970719141691
Goal_9;621736;0.0;0.4444444444444444;474986;4653748.9747;0.44444329802524846;3600;0.0013134185104411741
Goal_20;621736;2126982.0543111106;0.5;474551;4594878.6221;0.48492767490258215;0;0.0
Goal_11;621736;2126982.0543111106;0.0;430801;3346659.3194;0.3195445062184729;3600;0.10387963351793718
Goal_12;621736;2126982.0543111106;0.05555555555555555;436222;3592598.3594000004;0.32209764976371985;3600;0.10817268680162972
Goal_13;621736;2126982.0543111106;0.1111111111111111;423687;3100147.3685999997;0.31214951372887606;3600;0.09944478677002228
Goal_14;621736;2126982.0543111106;0.16666666666666666;428922;3264220.6770999995;0.3189687125261928;3600;0.11581355963986646
Goal_15;621736;2126982.0543111106;0.2222222222222222;426812;3174951.4316999977;0.3168177311835522;3600;0.1169789148059594
Goal_16;621736;2126982.0543111106;0.2777777777777778;431310;3378185.9580000006;0.31888548357287183;3600;0.12678457600985843
Goal_17;621736;2126982.0543111106;0.3333333333333333;439182;3502341.3359;0.3411552540579977;3600;0.07463396127496909
Goal_18;621736;2126982.0543111106;0.38888888888888884;460386;4210729.611699999;0.38909530741377135;3600;0.027021646962027055
Goal_19;621736;2126982.0543111106;0.4444444444444444;474750;4640503.897700002;0.4444450956696645;3600;0.0016577253556519615
Goal_30;621736;4253964.108622221;0.5;474551;4594878.6221;0.48492767490258215;0;0.0
Goal_21;621736;4253964.108622221;0.0;447569;4248504.970700001;0.3272600688106813;3600;0.114685158102493
Goal_22;621736;4253964.108622221;0.05555555555555555;447911;4253950.487500001;0.3240680416551448;3605;0.1073530590753799
Goal_23;621736;4253964.108622221;0.1111111111111111;448252;4253098.994;0.3254698371588294;3600;0.11433603903940495
Goal_24;621736;4253964.108622221;0.16666666666666666;448265;4253961.7595999995;0.32527452481439484;3600;0.13140164747543834
Goal_25;621736;4253964.108622221;0.2222222222222222;448726;4253627.623199998;0.3270762655308109;3604;0.14989505449294271
Goal_26;621736;4253964.108622221;0.2777777777777778;448722;4238840.4893000005;0.33036563556803694;3602;0.17142224099318054
Goal_27;621736;4253964.108622221;0.3333333333333333;453585;4253967.2263;0.3471887087297884;3600;0.11193025879909098
Goal_28;621736;4253964.108622221;0.38888888888888884;462023;4299635.3123;0.38889163347582595;3616;0.03194311203230481
Goal_39;621736;6380946.162933332;0.4444444444444444;484974;5615075.1226;0.44415603099498546;39;0.0
Goal_29;621736;4253964.108622221;0.4444444444444444;475010;4653253.040100001;0.4444443680214357;3600;0.00117179000229754
Goal_40;621736;6380946.162933332;0.5;484974;5527995.350800001;0.4739624537329416;0;0.0
Goal_31;621736;6380946.162933332;0.0;454825;4791058.081399997;0.333400146235165;3600;0.12757601927991624
Goal_32;621736;6380946.162933332;0.05555555555555555;455836;4758586.920399998;0.33578045794760447;3600;0.1322927392480163
Goal_33;621736;6380946.162933332;0.1111111111111111;456890;4823761.416200003;0.33636192906731754;3600;0.1361309072559493
Goal_34;621736;6380946.162933332;0.16666666666666666;454581;4695792.173300001;0.3352322686604481;3608;0.15012693498393043
Goal_35;621736;6380946.162933332;0.2222222222222222;456435;4913157.4495;0.33825900314482243;3609;0.16960437797396677
Goal_36;621736;6380946.162933332;0.2777777777777778;454964;4751580.484;0.3350444517092052;3600;0.184597927768062
Goal_37;621736;6380946.162933332;0.3333333333333333;462244;5071399.216700001;0.34603836106845187;3600;0.12539049599093413
Goal_49;621736;8507928.217244443;0.4444444444444444;484974;5807191.7416;0.44430656638059046;24;0.0
Goal_50;621736;8507928.217244443;0.5;484974;5527995.350800001;0.4739624537329416;1;0.0
Goal_38;621736;6380946.162933332;0.38888888888888884;480318;5920203.767199999;0.3904151265462122;3600;0.02965076490876148
Goal_41;621736;8507928.217244443;0.0;455397;4887796.441100001;0.33358515314121256;3600;0.12643217143411528
Goal_42;621736;8507928.217244443;0.05555555555555555;457122;5010271.272299999;0.3369011178023126;3600;0.13147252788004535
Goal_43;621736;8507928.217244443;0.1111111111111111;456976;4913242.636199999;0.3367245891110777;3600;0.13681217635418666
Goal_44;621736;8507928.217244443;0.16666666666666666;457004;4967156.529899998;0.33822809085983396;3600;0.15081937303749088
Goal_45;621736;8507928.217244443;0.2222222222222222;456978;4940577.7998;0.33665807877303244;3600;0.16305525565436124
Goal_47;621736;8507928.217244443;0.3333333333333333;458809;4943812.126699997;0.3430890322780764;3600;0.1293158798270608
Goal_46;621736;8507928.217244443;0.2777777777777778;453033;4667427.934099998;0.33033371343887863;3615;0.17588620587315312
Goal_59;621736;1.0634910271555554E7;0.4444444444444444;484974;5765496.2431000015;0.44436285274047843;5;0.0
Goal_60;621736;1.0634910271555554E7;0.5;484974;5527995.350800001;0.4739624537329416;1;0.0
Goal_48;621736;8507928.217244443;0.38888888888888884;480331;5872102.709600002;0.3888940895735385;3600;0.02419285601909253
Goal_51;621736;1.0634910271555554E7;0.0;456636;4913158.036400001;0.3368367382979742;3600;0.130940716447359
Goal_52;621736;1.0634910271555554E7;0.05555555555555555;455772;4860946.136699999;0.3345755364959915;3600;0.12947947842268864
Goal_53;621736;1.0634910271555554E7;0.1111111111111111;456380;5032047.5948;0.3345936701386989;3600;0.13305642400181197
Goal_54;621736;1.0634910271555554E7;0.16666666666666666;455879;4899359.147600001;0.33630041489574014;3608;0.14901672498057747
Goal_55;621736;1.0634910271555554E7;0.2222222222222222;455768;5026636.273599998;0.3327961763633576;3600;0.15561942691700803
Goal_56;621736;1.0634910271555554E7;0.2777777777777778;456125;5123672.0181;0.33422112599722625;3600;0.17697307251213998
Goal_57;621736;1.0634910271555554E7;0.3333333333333333;463078;5270167.735600002;0.3482649594881598;3609;0.1314834703543144
Goal_69;621736;1.2761892325866664E7;0.4444444444444444;484974;5765496.2431000015;0.44436285274047843;5;0.0
Goal_70;621736;1.2761892325866664E7;0.5;484974;5527995.350800001;0.4739624537329416;1;0.0
Goal_58;621736;1.0634910271555554E7;0.38888888888888884;480530;6053507.597600004;0.38888846396006277;3600;0.02217554437724828
Goal_61;621736;1.2761892325866664E7;0.0;457652;5017167.724500003;0.3375647444162542;3600;0.12991448434644415
Goal_62;621736;1.2761892325866664E7;0.05555555555555555;457186;4989682.0769;0.33835938879694677;3600;0.1348896086704636
Goal_63;621736;1.2761892325866664E7;0.1111111111111111;456060;4919752.733799998;0.3358059759740361;3615;0.1370986158587918
Goal_64;621736;1.2761892325866664E7;0.16666666666666666;455214;4870895.017;0.3344030647677683;3608;0.1459223882726809
Goal_65;621736;1.2761892325866664E7;0.2222222222222222;455643;4985973.095599998;0.3337972594505046;3600;0.159042692574331
Goal_66;621736;1.2761892325866664E7;0.2777777777777778;455252;4870148.330299997;0.3337383706779901;3600;0.17873835492601337
Goal_67;621736;1.2761892325866664E7;0.3333333333333333;456414;4842236.219699999;0.3392682649215385;3600;0.12401585516138848
Goal_79;621736;1.4888874380177774E7;0.4444444444444444;484974;6001835.3805;0.44427303647460686;7;0.0
Goal_80;621736;1.4888874380177774E7;0.5;484974;5848226.251900001;0.4713229646176663;0;0.0
Goal_68;621736;1.2761892325866664E7;0.38888888888888884;480179;5867654.531000002;0.3890639574232097;3600;0.026435312169782302
Goal_71;621736;1.4888874380177774E7;0.0;455637;5024944.684299999;0.33539002064808393;3600;0.13009682523636848
Goal_72;621736;1.4888874380177774E7;0.05555555555555555;457229;5120175.673199998;0.33886244275170274;3600;0.13593720504724346
Goal_73;621736;1.4888874380177774E7;0.1111111111111111;455895;5047083.392499998;0.33346507204175935;3612;0.13149869230733482
Goal_74;621736;1.4888874380177774E7;0.16666666666666666;453005;4757776.016800001;0.330876853493897;3606;0.1431512882122604
Goal_75;621736;1.4888874380177774E7;0.2222222222222222;456361;5100560.805799998;0.3357804597004203;3600;0.16251311413682284
Goal_76;621736;1.4888874380177774E7;0.2777777777777778;456609;4944438.5819;0.3385340953527669;3600;0.18970871430561925
Goal_77;621736;1.4888874380177774E7;0.3333333333333333;458801;5061964.377100002;0.3436360673069336;3600;0.13216396282951462
Goal_89;621736;1.7015856434488885E7;0.4444444444444444;484974;6001835.3805;0.44427303647460686;7;0.0
Goal_90;621736;1.7015856434488885E7;0.5;484974;5848226.251900001;0.4713229646176663;0;0.0
Goal_78;621736;1.4888874380177774E7;0.38888888888888884;479994;6030826.244499999;0.3889439066054548;3600;0.026914117844836286
Goal_81;621736;1.7015856434488885E7;0.0;455637;5024944.684299999;0.33539002064808393;3600;0.13009682523636848
Goal_82;621736;1.7015856434488885E7;0.05555555555555555;457229;5120175.673199998;0.33886244275170274;3600;0.13593720504724346
Goal_83;621736;1.7015856434488885E7;0.1111111111111111;455895;5047083.392499998;0.33346507204175935;3600;0.13149869230733482
Goal_84;621736;1.7015856434488885E7;0.16666666666666666;452760;4771705.406800001;0.3299990078283027;3600;0.14154200396271846
Goal_85;621736;1.7015856434488885E7;0.2222222222222222;456361;5100560.805799998;0.3357804597004203;3600;0.16251311413682284
Goal_86;621736;1.7015856434488885E7;0.2777777777777778;456609;4944438.5819;0.3385340953527669;3600;0.18970873732292062
Goal_87;621736;1.7015856434488885E7;0.3333333333333333;458801;5061964.377100002;0.3436360673069336;3617;0.13216396282951462
Goal_99;621736;1.9142838488799997E7;0.4444444444444444;484974;6001835.3805;0.44427303647460686;7;0.0
Goal_100;621736;1.9142838488799997E7;0.5;484974;5848226.251900001;0.4713229646176663;0;0.0
Goal_88;621736;1.7015856434488885E7;0.38888888888888884;479994;6030826.244499999;0.3889439066054548;3600;0.026914117844836286
Goal_92;621736;1.9142838488799997E7;0.05555555555555555;457229;5120175.673199998;0.33886244275170274;3600;0.13593720504724346
Goal_91;621736;1.9142838488799997E7;0.0;455637;5024944.684299999;0.33539002064808393;3614;0.13009682523636848
Goal_93;621736;1.9142838488799997E7;0.1111111111111111;455895;5047083.392499998;0.33346507204175935;3602;0.13149869230733482
Goal_94;621736;1.9142838488799997E7;0.16666666666666666;453005;4757776.016800001;0.330876853493897;3600;0.14315121169918366
Goal_95;621736;1.9142838488799997E7;0.2222222222222222;456361;5100560.805799998;0.3357804597004203;3610;0.16251312215918548
Goal_96;621736;1.9142838488799997E7;0.2777777777777778;456609;4944438.5819;0.3385340953527669;3610;0.18970871430561909
Goal_97;621736;1.9142838488799997E7;0.3333333333333333;458801;5061964.377100002;0.3436360673069336;3609;0.13216396282951462
Goal_98;621736;1.9142838488799997E7;0.38888888888888884;479994;6030826.244499999;0.3889439066054548;3600;0.026914117844836286
Goal_110;588814;0.0;0.5;474551;4594878.6221;0.48492767490258215;0;0.0
Goal_101;588814;0.0;0.0;428503;3242470.5412000003;0.31693477769375966;3620;0.09068464979327305
Goal_102;588814;0.0;0.05555555555555555;425812;3153024.151500001;0.31553130094431747;3604;0.09150470409889624
Goal_103;588814;0.0;0.1111111111111111;428013;3275018.3293;0.3139047810601577;3601;0.0911868599666685
Goal_104;588814;0.0;0.16666666666666666;425808;3164406.3484000005;0.31325792053537166;3600;0.10406445180808736
Goal_105;588814;0.0;0.2222222222222222;428216;3238957.8685;0.3196007688415784;3609;0.1274014924181325
Goal_106;588814;0.0;0.2777777777777778;437597;3650851.512699999;0.32322360325879534;3600;0.1326746995440867
Goal_107;588814;0.0;0.3333333333333333;445126;3763893.513400001;0.3429977953462992;3611;0.0748499944650746
Goal_108;588814;0.0;0.38888888888888884;462386;4245058.082100001;0.39260335599733276;3600;0.03681987592581073
Goal_109;588814;0.0;0.4444444444444444;475286;4669474.2896;0.4444453413807895;3600;0.0016702379396246658
Goal_120;588814;2126982.0543111106;0.5;474551;4594878.6221;0.48492767490258215;0;0.0
Goal_111;588814;2126982.0543111106;0.0;424605;3101053.9146;0.3152615477501593;3600;0.1095874515301003
Goal_112;588814;2126982.0543111106;0.05555555555555555;431480;3375955.4551000013;0.31918302918733094;3600;0.11494153186032864
Goal_113;588814;2126982.0543111106;0.1111111111111111;425902;3176677.4565000013;0.31235847555706736;3602;0.10859084064898908
Goal_114;588814;2126982.0543111106;0.16666666666666666;425870;3144669.3252999997;0.3156791452336233;3600;0.12371557716375715
Goal_115;588814;2126982.0543111106;0.2222222222222222;425278;3127275.1252;0.3162123089306213;3600;0.13310323460665854
Goal_116;588814;2126982.0543111106;0.2777777777777778;432806;3449655.1129;0.31846849805761007;3600;0.14420604985000685
Goal_117;588814;2126982.0543111106;0.3333333333333333;444845;3780828.5857999995;0.34509244408874346;3600;0.10262813797092896
Goal_118;588814;2126982.0543111106;0.38888888888888884;461158;4234850.5092;0.3897736965778992;3608;0.034452587629635496
Goal_119;588814;2126982.0543111106;0.4444444444444444;474020;4598178.9509000005;0.4444440026160015;3600;0.0016951640355143199
Goal_130;588814;4253964.108622221;0.5;474551;4594878.6221;0.48492767490258215;0;0.0
Goal_121;588814;4253964.108622221;0.0;448039;4253575.306899999;0.3251944582703198;3609;0.12108449660109277
Goal_122;588814;4253964.108622221;0.05555555555555555;447623;4253950.607600001;0.3244192639471712;3600;0.1220842613410214
Goal_123;588814;4253964.108622221;0.1111111111111111;448307;4253964.1531;0.3256882716999376;3600;0.12905055280194913
Goal_124;588814;4253964.108622221;0.16666666666666666;449521;4253963.4501;0.3311443725479552;3600;0.16231592576400403
Goal_125;588814;4253964.108622221;0.2222222222222222;448524;4253561.8081;0.3290103952490382;3612;0.17987559393051866
Goal_126;588814;4253964.108622221;0.2777777777777778;447465;4249929.3011;0.32699399554723274;3609;0.19505303866553494
Goal_127;588814;4253964.108622221;0.3333333333333333;455903;4409881.421400001;0.3445314366287746;3600;0.12555840477833538
Goal_128;588814;4253964.108622221;0.38888888888888884;464653;4394247.872399999;0.38889001967307196;3611;0.033199484839688945
Goal_139;588814;6380946.162933332;0.4444444444444444;484974;5727942.629599999;0.44426079590169587;34;0.0
Goal_140;588814;6380946.162933332;0.5;484974;5527995.350800001;0.4739624537329416;0;0.0
Goal_129;588814;4253964.108622221;0.4444444444444444;473964;4598257.2351;0.44444420032041754;3600;0.0026935621480064817
Goal_131;588814;6380946.162933332;0.0;456251;4787800.8029000005;0.33610723396941083;3600;0.14549321520464112
Goal_132;588814;6380946.162933332;0.05555555555555555;456642;4886760.213600001;0.3353405950705651;3609;0.14432119226037388
Goal_133;588814;6380946.162933332;0.1111111111111111;456202;4852619.586800001;0.3343586762817919;3600;0.14962216897663072
Goal_134;588814;6380946.162933332;0.16666666666666666;456191;4887480.1724000005;0.33799964419554857;3600;0.17309053704832209
Goal_135;588814;6380946.162933332;0.2222222222222222;457219;4925015.2745;0.33756823282324244;3600;0.19003449473688716
Goal_136;588814;6380946.162933332;0.2777777777777778;454775;4752589.782;0.3348655908332009;3602;0.21848578058265958
Goal_137;588814;6380946.162933332;0.3333333333333333;462812;5135740.457500001;0.3473214268257224;3600;0.15899257524688423
Goal_138;588814;6380946.162933332;0.38888888888888884;480748;6046406.3715;0.3888937773280762;3600;0.02009153046052202
Goal_150;588814;8507928.217244443;0.5;484974;5527995.350800001;0.4739624537329416;1;0.0
Goal_149;588814;8507928.217244443;0.4444444444444444;484974;5713184.378700002;0.44295413439964726;6;0.0
Goal_141;588814;8507928.217244443;0.0;456590;4908348.013400002;0.33788316148650877;3610;0.14922504123227423
Goal_142;588814;8507928.217244443;0.05555555555555555;456361;4982279.053699998;0.3341337444119899;3600;0.14189426297319888
Goal_143;588814;8507928.217244443;0.1111111111111111;456385;4923080.5041000005;0.3373062868826293;3600;0.1573613389513907
Goal_144;588814;8507928.217244443;0.16666666666666666;456444;5014537.141799999;0.3349632220130031;3608;0.1631023679806764
Goal_145;588814;8507928.217244443;0.2222222222222222;457176;4896598.435299999;0.33796175067534284;3606;0.19150399764183743
Goal_146;588814;8507928.217244443;0.2777777777777778;457566;5028498.073699998;0.3380270229396195;3600;0.21845231815653354
Goal_147;588814;8507928.217244443;0.3333333333333333;461526;5129971.221199999;0.34528395872612483;3600;0.15552384705322764
Goal_159;588814;1.0634910271555554E7;0.4444444444444444;484974;5765496.2431000015;0.44436285274047843;5;0.0
Goal_160;588814;1.0634910271555554E7;0.5;484974;5527995.350800001;0.4739624537329416;1;0.0
Goal_148;588814;8507928.217244443;0.38888888888888884;480686;5921608.7793;0.3901994112722897;3600;0.03859291531782673
Goal_151;588814;1.0634910271555554E7;0.0;456269;5042704.729099997;0.33499955227047373;3600;0.14243937386045727
Goal_152;588814;1.0634910271555554E7;0.05555555555555555;455015;4867588.0788;0.33600177222684086;3600;0.15110614606758846
Goal_153;588814;1.0634910271555554E7;0.1111111111111111;457641;5045614.662799997;0.3375582297356911;3600;0.1540538854748521
Goal_154;588814;1.0634910271555554E7;0.16666666666666666;455221;4875406.172;0.33214005150889175;3600;0.15874362685372803
Goal_155;588814;1.0634910271555554E7;0.2222222222222222;454732;4841215.337599998;0.3337836563463212;3600;0.18680819777762322
Goal_156;588814;1.0634910271555554E7;0.2777777777777778;454811;4868784.433599998;0.33356440381027536;3600;0.2128330232856618
Goal_157;588814;1.0634910271555554E7;0.3333333333333333;462583;5260893.424699999;0.34785672123249617;3600;0.1633239856549601
Goal_169;588814;1.2761892325866664E7;0.4444444444444444;484974;5765496.2431000015;0.44436285274047843;5;0.0
Goal_170;588814;1.2761892325866664E7;0.5;484974;5527995.350800001;0.4739624537329416;1;0.0
Goal_158;588814;1.0634910271555554E7;0.38888888888888884;479609;5854358.852399999;0.39192750840022417;3600;0.05711704485043649
Goal_161;588814;1.2761892325866664E7;0.0;455781;4965313.6658;0.33558363931785284;3600;0.14549901379065233
Goal_162;588814;1.2761892325866664E7;0.05555555555555555;455955;4913062.1343;0.3369855500036032;3600;0.15089396966022392
Goal_163;588814;1.2761892325866664E7;0.1111111111111111;453613;4763215.858700001;0.3320270210402083;3600;0.15136116278412512
Goal_164;588814;1.2761892325866664E7;0.16666666666666666;456268;5052241.202900001;0.33608507191182296;3609;0.16706388004533343
Goal_165;588814;1.2761892325866664E7;0.2222222222222222;456020;5040014.3961000005;0.3333750087016834;3600;0.18057742382775088
Goal_166;588814;1.2761892325866664E7;0.2777777777777778;454390;4827361.798600002;0.3326240655864448;3601;0.21104990348245398
Goal_167;588814;1.2761892325866664E7;0.3333333333333333;458226;5032995.711500002;0.34171112415209437;3600;0.15597312407294767
Goal_179;588814;1.4888874380177774E7;0.4444444444444444;484974;5991345.036300001;0.4444340797845545;7;0.0
Goal_180;588814;1.4888874380177774E7;0.5;484974;5848226.251900001;0.4713229646176663;0;0.0
Goal_168;588814;1.2761892325866664E7;0.38888888888888884;479607;6031573.0406;0.39111410591413587;3600;0.05008892790516958
Goal_171;588814;1.4888874380177774E7;0.0;456754;5172417.881800001;0.33571250391140534;3600;0.1427983620588062
Goal_172;588814;1.4888874380177774E7;0.05555555555555555;456604;5107037.514;0.33583934864601234;3610;0.14570424958891595
Goal_173;588814;1.4888874380177774E7;0.1111111111111111;455792;4980970.390099999;0.33334889658113276;3600;0.1479731258445603
Goal_174;588814;1.4888874380177774E7;0.16666666666666666;455532;4934653.256399998;0.33370935227074455;3600;0.16234880773484628
Goal_175;588814;1.4888874380177774E7;0.2222222222222222;455671;4918752.247899999;0.3324172439321296;3600;0.17867421453909701
Goal_176;588814;1.4888874380177774E7;0.2777777777777778;457135;5051163.830900003;0.33629350291979837;3600;0.2132362242010217
Goal_177;588814;1.4888874380177774E7;0.3333333333333333;460281;5188983.068399997;0.34376252827438436;3600;0.15513562256494556
Goal_189;588814;1.7015856434488885E7;0.4444444444444444;484974;5991345.036300001;0.4444340797845545;7;0.0
Goal_190;588814;1.7015856434488885E7;0.5;484974;5848226.251900001;0.4713229646176663;0;0.0
Goal_178;588814;1.4888874380177774E7;0.38888888888888884;478499;5894681.292600001;0.3888914136088602;3600;0.04758352305869281
Goal_181;588814;1.7015856434488885E7;0.0;456754;5172417.881800001;0.33571250391140534;3600;0.14279835897866533
Goal_182;588814;1.7015856434488885E7;0.05555555555555555;456604;5107037.514;0.33583934864601234;3607;0.14570424958891595
Goal_183;588814;1.7015856434488885E7;0.1111111111111111;455792;4980970.390099999;0.33334889658113276;3600;0.1479731319067202
Goal_184;588814;1.7015856434488885E7;0.16666666666666666;455532;4934653.256399998;0.33370935227074455;3600;0.16234880773484628
Goal_185;588814;1.7015856434488885E7;0.2222222222222222;455671;4918752.247899999;0.3324172439321296;3600;0.17867437239343165
Goal_186;588814;1.7015856434488885E7;0.2777777777777778;457135;5051163.830900003;0.33629350291979837;3610;0.2132362242010217
Goal_187;588814;1.7015856434488885E7;0.3333333333333333;460281;5188983.068399997;0.34376252827438436;3600;0.1551355525491361
Goal_199;588814;1.9142838488799997E7;0.4444444444444444;484974;5991345.036300001;0.4444340797845545;8;0.0
Goal_188;588814;1.7015856434488885E7;0.38888888888888884;478499;5894681.292600001;0.3888914136088602;3600;0.047583523058696155
Goal_200;588814;1.9142838488799997E7;0.5;484974;5848226.251900001;0.4713229646176663;0;0.0
Goal_191;588814;1.9142838488799997E7;0.0;456754;5172417.881800001;0.33571250391140534;3600;0.1427983570203805
Goal_192;588814;1.9142838488799997E7;0.05555555555555555;456604;5107037.514;0.33583934864601234;3600;0.14570424958891595
Goal_193;588814;1.9142838488799997E7;0.1111111111111111;455792;4980970.390099999;0.33334889658113276;3600;0.1479731432979597
Goal_194;588814;1.9142838488799997E7;0.16666666666666666;455532;4934653.256399998;0.33370935227074455;3608;0.1623489140612201
Goal_195;588814;1.9142838488799997E7;0.2222222222222222;455671;4918752.247899999;0.3324172439321296;3611;0.1786739890510192
Goal_196;588814;1.9142838488799997E7;0.2777777777777778;457135;5051163.830900003;0.33629350291979837;3600;0.2132361747114703
Goal_197;588814;1.9142838488799997E7;0.3333333333333333;460281;5188983.068399997;0.34376252827438436;3600;0.15513562256494556
Goal_198;588814;1.9142838488799997E7;0.38888888888888884;478499;5894681.292600001;0.3888914136088602;3600;0.047583972040446905
Goal_210;555892;0.0;0.5;474551;4594878.6221;0.48492767490258215;0;0.0
Goal_202;555892;0.0;0.05555555555555555;426352;3163753.3171;0.3148158490925988;3600;0.09840315711482542
Goal_201;555892;0.0;0.0;424869;3099932.0012999987;0.31626865406343596;3621;0.1014957150594777
Goal_203;555892;0.0;0.1111111111111111;426165;3184615.0206999993;0.3127577092205147;3600;0.09898913599505454
Goal_204;555892;0.0;0.16666666666666666;430264;3328063.8266000003;0.3199528959521664;3607;0.12897777564730795
Goal_205;555892;0.0;0.2222222222222222;425847;3184674.359399999;0.3128608718179417;3600;0.1294582472972288
Goal_206;555892;0.0;0.2777777777777778;437596;3640105.654599998;0.3242105589178583;3600;0.1549601434132095
Goal_207;555892;0.0;0.3333333333333333;441000;3660600.5583999986;0.34220620579683164;3600;0.0954666039716802
Goal_208;555892;0.0;0.38888888888888884;463306;4332355.2751;0.38889636975355685;3609;0.0261533510519786
Goal_209;555892;0.0;0.4444444444444444;475157;4661343.793199998;0.4444443798590469;3600;0.0017386963359479612
Goal_220;555892;2126982.0543111106;0.5;474551;4594878.6221;0.48492767490258215;0;0.0
Goal_211;555892;2126982.0543111106;0.0;423853;3055327.217300001;0.3178968348606799;3600;0.1290562659990182
Goal_212;555892;2126982.0543111106;0.05555555555555555;425700;3142397.4754;0.3164628222538052;3604;0.1263766087698302
Goal_213;555892;2126982.0543111106;0.1111111111111111;430915;3336498.1821999997;0.3199266770430784;3600;0.1360829618383034
Goal_214;555892;2126982.0543111106;0.16666666666666666;437871;3685920.960599999;0.32261114186863415;3600;0.15300610239880275
Goal_215;555892;2126982.0543111106;0.2222222222222222;426844;3223775.474800001;0.31288604728748803;3600;0.14321547070680332
Goal_216;555892;2126982.0543111106;0.2777777777777778;432143;3400279.7523999987;0.32130707593830465;3600;0.1807180771628426
Goal_217;555892;2126982.0543111106;0.3333333333333333;445176;3800840.4125000006;0.3418406368949153;3600;0.10785466852443949
Goal_218;555892;2126982.0543111106;0.38888888888888884;460927;4239358.848599999;0.3887587278118774;3614;0.038710763147255696
Goal_219;555892;2126982.0543111106;0.4444444444444444;474785;4643956.362700001;0.44444401036697617;3600;0.0037876482979337625
Goal_230;555892;4253964.108622221;0.5;474551;4594878.6221;0.48492767490258215;0;0.0
Goal_221;555892;4253964.108622221;0.0;449173;4254830.415799998;0.3286466574093018;3600;0.14364558201200467
Goal_222;555892;4253964.108622221;0.05555555555555555;449436;4253949.087599998;0.3298028180175126;3600;0.14853221365958605
Goal_223;555892;4253964.108622221;0.1111111111111111;447353;4246930.976500001;0.32367021419264097;3609;0.14461528404925997
Goal_224;555892;4253964.108622221;0.16666666666666666;448143;4249896.402999999;0.3252705804837194;3604;0.1730303228340974
Goal_225;555892;4253964.108622221;0.2222222222222222;448488;4253963.3144;0.3252037963155175;3600;0.19787923116785408
Goal_226;555892;4253964.108622221;0.2777777777777778;448783;4248741.579999999;0.32777166144172526;3600;0.23524060906575314
Goal_227;555892;4253964.108622221;0.3333333333333333;453500;4253903.3489999985;0.346676317214288;3600;0.17376045916445848
Goal_228;555892;4253964.108622221;0.38888888888888884;462050;4264252.9713;0.38889903263903985;3601;0.04757816971900047
Goal_239;555892;6380946.162933332;0.4444444444444444;484974;5618699.484700002;0.44406851792783625;43;0.0
Goal_240;555892;6380946.162933332;0.5;484974;5527995.350800001;0.4739624537329416;1;0.0
Goal_229;555892;4253964.108622221;0.4444444444444444;475074;4656122.7308;0.4444448207751337;3600;0.002858582841947233
Goal_231;555892;6380946.162933332;0.0;457151;4781733.904700002;0.33813310682445696;3600;0.16779751418599517
Goal_232;555892;6380946.162933332;0.05555555555555555;457139;4841031.7291;0.33869648777780903;3600;0.1723106132737097
Goal_233;555892;6380946.162933332;0.1111111111111111;455274;4811433.014799996;0.33508738423821477;3603;0.17659449512634012
Goal_234;555892;6380946.162933332;0.16666666666666666;455293;4909010.559300002;0.3348315137929912;3601;0.19259243426322165
Goal_235;555892;6380946.162933332;0.2222222222222222;454737;4658772.656199999;0.3354522336338442;3600;0.2266964604137172
Goal_236;555892;6380946.162933332;0.2777777777777778;450773;4502671.518599998;0.33267884160678235;3600;0.27717443937947295
Goal_237;555892;6380946.162933332;0.3333333333333333;461975;5050632.204499999;0.34525882503089583;3608;0.20065632254082588
Goal_249;555892;8507928.217244443;0.4444444444444444;484974;5637384.935400001;0.44437931869461544;5;0.0
Goal_250;555892;8507928.217244443;0.5;484974;5527995.350800001;0.4739624537329416;0;0.0
Goal_238;555892;6380946.162933332;0.38888888888888884;478094;5834196.8911;0.38897540263892394;3600;0.0737114128118153
Goal_241;555892;8507928.217244443;0.0;456773;4950309.7895;0.3384096002638476;3614;0.16987929361036289
Goal_242;555892;8507928.217244443;0.05555555555555555;457197;4936456.765400001;0.33703628974469746;3612;0.16712148502827595
Goal_243;555892;8507928.217244443;0.1111111111111111;457325;4841639.656200001;0.33815073843430005;3600;0.17894462258012173
Goal_244;555892;8507928.217244443;0.16666666666666666;456719;4979704.5671;0.33581836031889395;3600;0.19045420597375737
Goal_245;555892;8507928.217244443;0.2222222222222222;457007;5103840.6016999995;0.3350482398944888;3600;0.21551493313454342
Goal_246;555892;8507928.217244443;0.2777777777777778;457091;5146066.142300001;0.3358049325593752;3605;0.2594477023902428
Goal_247;555892;8507928.217244443;0.3333333333333333;461715;5146840.8648;0.34379468494788085;3600;0.1924389002889554
Goal_259;555892;1.0634910271555554E7;0.4444444444444444;484974;5637384.935400001;0.44437931869461544;5;0.0
Goal_260;555892;1.0634910271555554E7;0.5;484974;5527995.350800001;0.4739624537329416;0;0.0
Goal_248;555892;8507928.217244443;0.38888888888888884;480426;5862532.461900002;0.3930238293608093;3600;0.09494669223620193
Goal_251;555892;1.0634910271555554E7;0.0;456270;4977775.700299999;0.3372178803056326;3600;0.16801027681596997
Goal_252;555892;1.0634910271555554E7;0.05555555555555555;454474;4863924.684400002;0.33266380733997697;3600;0.1632323360347645
Goal_253;555892;1.0634910271555554E7;0.1111111111111111;457135;5008608.648;0.33712312608463657;3600;0.17636045582095128
Goal_254;555892;1.0634910271555554E7;0.16666666666666666;455812;4889445.105;0.33363552895765786;3600;0.18649776000320778
Goal_255;555892;1.0634910271555554E7;0.2222222222222222;457069;4996467.3765;0.3393532543619621;3600;0.23139847576175993
Goal_256;555892;1.0634910271555554E7;0.2777777777777778;455797;4988171.209599999;0.33416814531229433;3600;0.25862236821707263
Goal_257;555892;1.0634910271555554E7;0.3333333333333333;455207;4938440.045600001;0.3334224572310504;3600;0.17054494088281819
Goal_269;555892;1.2761892325866664E7;0.4444444444444444;484974;5637384.935400001;0.44437931869461544;5;0.0
Goal_270;555892;1.2761892325866664E7;0.5;484974;5527995.350800001;0.4739624537329416;0;0.0
Goal_258;555892;1.0634910271555554E7;0.38888888888888884;479612;6034168.271500001;0.39089886190975126;3600;0.07873956426483503
Goal_261;555892;1.2761892325866664E7;0.0;454831;4805472.3314;0.33354521139280047;3600;0.16195683375272477
Goal_262;555892;1.2761892325866664E7;0.05555555555555555;456912;5071764.5309000015;0.3364880477958249;3619;0.1664084463995921
Goal_263;555892;1.2761892325866664E7;0.1111111111111111;453560;4825120.998399998;0.3302286900090982;3600;0.1674825812304643
Goal_264;555892;1.2761892325866664E7;0.16666666666666666;454284;4790051.9362;0.33283156148003457;3600;0.1896809162431134
Goal_265;555892;1.2761892325866664E7;0.2222222222222222;456630;5038268.918400002;0.33515227504451606;3600;0.21752334709060306
Goal_266;555892;1.2761892325866664E7;0.2777777777777778;456807;5044957.176099999;0.33529739678379356;3600;0.25854509875457593
Goal_267;555892;1.2761892325866664E7;0.3333333333333333;455527;4876445.1675;0.33343158013409213;3600;0.16800131502856477
Goal_279;555892;1.4888874380177774E7;0.4444444444444444;484974;6192897.773500002;0.44397589560385237;26;0.0
Goal_280;555892;1.4888874380177774E7;0.5;484974;5848226.251900001;0.4713229646176663;0;0.0
Goal_268;555892;1.2761892325866664E7;0.38888888888888884;480144;5940452.462200002;0.3888903843972598;3600;0.04757305657741013
Goal_271;555892;1.4888874380177774E7;0.0;455279;5098570.258900002;0.3331584602755178;3600;0.15918520925798943
Goal_273;555892;1.4888874380177774E7;0.1111111111111111;456848;4984747.5299;0.33781331856165353;3600;0.17944517984704303
Goal_272;555892;1.4888874380177774E7;0.05555555555555555;456334;5048353.387800002;0.3367341750306088;3615;0.16902996974653178
Goal_274;555892;1.4888874380177774E7;0.16666666666666666;456567;5107823.3423;0.33581527458234756;3600;0.19092078147865124
Goal_275;555892;1.4888874380177774E7;0.2222222222222222;456864;5039653.7226;0.3382002212196752;3600;0.22797938171571505
Goal_276;555892;1.4888874380177774E7;0.2777777777777778;454522;4743349.1838;0.3342447410541992;3606;0.2653911144193286
Goal_277;555892;1.4888874380177774E7;0.3333333333333333;456266;5012621.409;0.33393216360190575;3600;0.16609890933093183
Goal_289;555892;1.7015856434488885E7;0.4444444444444444;484974;6192897.773500002;0.44397589560385237;27;0.0
Goal_290;555892;1.7015856434488885E7;0.5;484974;5848226.251900001;0.4713229646176663;0;0.0
Goal_278;555892;1.4888874380177774E7;0.38888888888888884;478733;5994349.4187;0.3889413974450716;3608;0.06573371817009159
Goal_281;555892;1.7015856434488885E7;0.0;455279;5098570.258900002;0.3331584602755178;3600;0.1591851707837119
Goal_282;555892;1.7015856434488885E7;0.05555555555555555;456334;5048353.387800002;0.3367341750306088;3614;0.16902993743826825
Goal_283;555892;1.7015856434488885E7;0.1111111111111111;456848;4984747.5299;0.33781331856165353;3600;0.17944512873768956
Goal_284;555892;1.7015856434488885E7;0.16666666666666666;456567;5131277.1570999995;0.33581527458234756;3600;0.19092171298532304
Goal_285;555892;1.7015856434488885E7;0.2222222222222222;456864;5039653.7226;0.3382002212196752;3600;0.2279793817157146
Goal_286;555892;1.7015856434488885E7;0.2777777777777778;454522;4743349.1838;0.3342447410541992;3600;0.2653911144193286
Goal_287;555892;1.7015856434488885E7;0.3333333333333333;456266;5012621.409;0.33393216360190575;3600;0.1660984539470052
Goal_299;555892;1.9142838488799997E7;0.4444444444444444;484974;6192897.773500002;0.44397589560385237;27;0.0
Goal_300;555892;1.9142838488799997E7;0.5;484974;5848226.251900001;0.4713229646176663;0;0.0
Goal_288;555892;1.7015856434488885E7;0.38888888888888884;478733;5994349.4187;0.3889413974450716;3600;0.06573371817009159
Goal_291;555892;1.9142838488799997E7;0.0;455053;5062444.2541;0.33272742273870143;3600;0.15866889003391357
Goal_292;555892;1.9142838488799997E7;0.05555555555555555;456334;5048353.387800002;0.3367341750306088;3600;0.16902996974653178
Goal_293;555892;1.9142838488799997E7;0.1111111111111111;456848;4984747.5299;0.33781331856165353;3603;0.17944512873768956
Goal_294;555892;1.9142838488799997E7;0.16666666666666666;456567;5131277.1570999995;0.33581527458234756;3602;0.19092171298532304
Goal_295;555892;1.9142838488799997E7;0.2222222222222222;456864;5039653.7226;0.3382002212196752;3600;0.22797938171571497
Goal_296;555892;1.9142838488799997E7;0.2777777777777778;454522;4743349.1838;0.3342447410541992;3600;0.2653911144193287
Goal_297;555892;1.9142838488799997E7;0.3333333333333333;456266;5012621.409;0.33393216360190575;3600;0.1660984539470052
Goal_298;555892;1.9142838488799997E7;0.38888888888888884;478733;5994349.4187;0.3889413974450716;3600;0.06573371817009159
Goal_310;522970;0.0;0.5;474551;4594878.6221;0.48492767490258215;0;0.0
Goal_301;522970;0.0;0.0;433816;3496686.2925;0.3195270019250445;3600;0.11612180722730318
Goal_302;522970;0.0;0.05555555555555555;427286;3223395.923599999;0.3183460789182738;3600;0.11966421305537903
Goal_303;522970;0.0;0.1111111111111111;425522;3129803.3621;0.3162380613537198;3600;0.11956443629271146
Goal_304;522970;0.0;0.16666666666666666;431596;3383428.3022000003;0.3204321137339738;3600;0.14616643132223364
Goal_305;522970;0.0;0.2222222222222222;425933;3140206.2177999993;0.31605902434552335;3600;0.1557333759621495
Goal_306;522970;0.0;0.2777777777777778;429261;3294027.899099999;0.31541584378667836;3606;0.1582970362718989
Goal_307;522970;0.0;0.3333333333333333;443596;3730242.7459999984;0.34468514156163815;3600;0.12069062819255352
Goal_309;522970;0.0;0.4444444444444444;474543;4628034.3475;0.4444445117496217;3600;0.002150126480308038
Goal_308;522970;0.0;0.38888888888888884;463689;4337177.4354;0.3892721482496699;3604;0.03299909927696238
Goal_320;522970;2126982.0543111106;0.5;474551;4594878.6221;0.48492767490258215;0;0.0
Goal_311;522970;2126982.0543111106;0.0;425921;3147857.7288999995;0.31566648464134195;3600;0.13838505976573529
Goal_312;522970;2126982.0543111106;0.05555555555555555;432167;3419174.9063000004;0.31887154168832865;3604;0.14536335438920264
Goal_313;522970;2126982.0543111106;0.1111111111111111;423747;3078720.408;0.3167586032187226;3600;0.15490464540933604
Goal_314;522970;2126982.0543111106;0.16666666666666666;431958;3448172.5545;0.31723217224601546;3600;0.16518155591979689
Goal_315;522970;2126982.0543111106;0.2222222222222222;425581;3151256.422299999;0.31360600381547477;3600;0.18197804336661355
Goal_316;522970;2126982.0543111106;0.2777777777777778;431264;3356702.4704999994;0.32114268999909856;3600;0.22052951453194075
Goal_317;522970;2126982.0543111106;0.3333333333333333;441805;3680824.3506;0.3415489171964398;3616;0.14551794211095073
Goal_318;522970;2126982.0543111106;0.38888888888888884;463980;4390056.202199999;0.3889346546708899;3600;0.048743996308498044
Goal_319;522970;2126982.0543111106;0.4444444444444444;474147;4605310.454800001;0.4444453419614733;3600;0.0027951170315026453
Goal_330;522970;4253964.108622221;0.5;474551;4594878.6221;0.48492767490258215;0;0.0
Goal_321;522970;4253964.108622221;0.0;447743;4255335.7065;0.32412199887903564;3600;0.15599868379375353
Goal_322;522970;4253964.108622221;0.05555555555555555;448729;4251420.644799999;0.33056234421703873;3600;0.17684609290769626
Goal_323;522970;4253964.108622221;0.1111111111111111;449263;4253967.794199999;0.3290298047812759;3609;0.17994297097513276
Goal_324;522970;4253964.108622221;0.16666666666666666;447524;4246966.7008;0.3240399503789362;3600;0.20320683958402633
Goal_325;522970;4253964.108622221;0.2222222222222222;448360;4252245.833399999;0.32606927288207815;3600;0.24613093432635955
Goal_326;522970;4253964.108622221;0.2777777777777778;449152;4252152.587199998;0.33157567521023107;3600;0.3206212508264648
Goal_327;522970;4253964.108622221;0.3333333333333333;454120;4253565.183600001;0.34288312297710033;3600;0.20370900231581
Goal_328;522970;4253964.108622221;0.38888888888888884;462604;4279832.8258;0.3895725440242256;3600;0.07945968414070144
Goal_339;522970;6380946.162933332;0.4444444444444444;484974;5642839.9028;0.4444406313111206;9;0.0
Goal_340;522970;6380946.162933332;0.5;484974;5470207.2393;0.4709111430847035;1;0.0
Goal_329;522970;4253964.108622221;0.4444444444444444;475272;4669772.154700001;0.4444435098791517;3600;0.005314829153063839
Goal_331;522970;6380946.162933332;0.0;456717;4849398.695000002;0.3379131751877426;3600;0.1942434262116029
Goal_332;522970;6380946.162933332;0.05555555555555555;456044;4973842.897199998;0.33515027548088083;3600;0.19120278947800143
Goal_333;522970;6380946.162933332;0.1111111111111111;455555;4925363.384200001;0.33347756138920454;3600;0.19897046393898515
Goal_334;522970;6380946.162933332;0.16666666666666666;456365;4961842.473299999;0.33579069581699367;3600;0.22710153353981144
Goal_335;522970;6380946.162933332;0.2222222222222222;455742;4876265.354300001;0.33397285601781107;3604;0.26506224542066326
Goal_336;522970;6380946.162933332;0.2777777777777778;456312;4965133.255499996;0.33573174762455427;3600;0.3400196311368517
Goal_337;522970;6380946.162933332;0.3333333333333333;460273;5157067.862199998;0.3414363688657404;3600;0.2750599048536867
Goal_349;522970;8507928.217244443;0.4444444444444444;484974;5771720.812000001;0.4443756891461026;7;0.0
Goal_350;522970;8507928.217244443;0.5;484974;5470207.2393;0.4709111430847035;1;0.0
Goal_338;522970;6380946.162933332;0.38888888888888884;479863;6021429.080900001;0.3913555205225236;3600;0.1407574850215448
Goal_341;522970;8507928.217244443;0.0;456760;4989717.5585;0.33723118686380416;3600;0.19182058168725644
Goal_342;522970;8507928.217244443;0.05555555555555555;457121;5006769.284600002;0.3364698834379532;3600;0.1915447331475912
Goal_343;522970;8507928.217244443;0.1111111111111111;456505;4832931.2897;0.33817425025463244;3601;0.21173810243415356
Goal_344;522970;8507928.217244443;0.16666666666666666;456597;4961280.257300001;0.3357791976059224;3600;0.22606532025592976
Goal_345;522970;8507928.217244443;0.2222222222222222;456985;4961371.013799999;0.33866047925816356;3600;0.2788888623111628
Goal_346;522970;8507928.217244443;0.2777777777777778;456516;5078139.5748999985;0.3347678057551163;3612;0.33378867746623764
Goal_347;522970;8507928.217244443;0.3333333333333333;459668;4881561.788699999;0.3461270196754417;3600;0.3220220727717613
Goal_359;522970;1.0634910271555554E7;0.4444444444444444;484974;5771720.812000001;0.4443756891461026;6;0.0
Goal_360;522970;1.0634910271555554E7;0.5;484974;5470207.2393;0.4709111430847035;0;0.0
Goal_348;522970;8507928.217244443;0.38888888888888884;480216;5936239.008900002;0.39012411429351473;3600;0.10651561808049696
Goal_351;522970;1.0634910271555554E7;0.0;456894;5072983.116800002;0.3361631998217019;3600;0.18774662040407794
Goal_352;522970;1.0634910271555554E7;0.05555555555555555;456288;5018905.715099999;0.33382444961848295;3600;0.18573651129314064
Goal_353;522970;1.0634910271555554E7;0.1111111111111111;455253;5025105.922399998;0.33412620506530377;3600;0.20248154664179394
Goal_354;522970;1.0634910271555554E7;0.16666666666666666;456488;4823343.1791;0.3377095545172011;3600;0.2338696444669005
Goal_355;522970;1.0634910271555554E7;0.2222222222222222;455747;4934609.1282;0.33343800426556475;3600;0.26248265235237583
Goal_356;522970;1.0634910271555554E7;0.2777777777777778;455351;4840038.969100001;0.3368819964993535;3600;0.35047432822646246
Goal_357;522970;1.0634910271555554E7;0.3333333333333333;458778;5008132.124000001;0.34054409280565195;3600;0.2821905618314837
Goal_369;522970;1.2761892325866664E7;0.4444444444444444;484974;5624902.626000001;0.4444347758641423;10;0.0
Goal_370;522970;1.2761892325866664E7;0.5;484974;5470207.2393;0.4709111430847035;1;0.0
Goal_358;522970;1.0634910271555554E7;0.38888888888888884;480298;6004542.961900001;0.3888910544869555;3600;0.08077465017117605
Goal_361;522970;1.2761892325866664E7;0.0;456720;5076866.8702;0.33533015540077593;3616;0.18561680555813648
Goal_362;522970;1.2761892325866664E7;0.05555555555555555;455934;5074106.952199998;0.33354397411148906;3600;0.18615685525100908
Goal_363;522970;1.2761892325866664E7;0.1111111111111111;455253;5025105.922399998;0.33412620506530377;3605;0.20248152366350436
Goal_364;522970;1.2761892325866664E7;0.16666666666666666;455180;4933883.086899999;0.333508177249752;3600;0.22351575650534503
Goal_365;522970;1.2761892325866664E7;0.2222222222222222;456066;4949054.064900001;0.3336943426574907;3600;0.2620142741465818
Goal_366;522970;1.2761892325866664E7;0.2777777777777778;455354;4850111.116200001;0.3354789012603792;3600;0.3434017393369418
Goal_368;522970;1.2761892325866664E7;0.38888888888888884;479487;5905979.015200003;0.3888872018758252;3600;0.09794632385070051
Goal_367;522970;1.2761892325866664E7;0.3333333333333333;463096;5263191.183699999;0.3468336730379275;3617;0.29580706302083515
Goal_380;522970;1.4888874380177774E7;0.5;484974;5848226.251900001;0.4713229646176663;0;0.0
Goal_379;522970;1.4888874380177774E7;0.4444444444444444;484974;6308168.022800001;0.4438217854151965;22;0.0
Goal_371;522970;1.4888874380177774E7;0.0;455630;5048829.471799999;0.3338659163189467;3609;0.18475421712361292
Goal_372;522970;1.4888874380177774E7;0.05555555555555555;454886;4882528.367399999;0.33407586101065806;3600;0.1919037446402051
Goal_373;522970;1.4888874380177774E7;0.1111111111111111;456158;4975988.243399998;0.3335110060921043;3608;0.19651113850595364
Goal_374;522970;1.4888874380177774E7;0.16666666666666666;457446;4950468.688300001;0.33606216572652087;3600;0.22332760056162396
Goal_375;522970;1.4888874380177774E7;0.2222222222222222;456279;4945602.778;0.3381108969236294;3600;0.2799037117276244
Goal_376;522970;1.4888874380177774E7;0.2777777777777778;456666;5092275.834700001;0.336348277085105;3600;0.3405185371653097
Goal_377;522970;1.4888874380177774E7;0.3333333333333333;462920;5220763.5911;0.34719049307728367;3605;0.30166758798624826
Goal_389;522970;1.7015856434488885E7;0.4444444444444444;484974;6308168.022800001;0.4438217854151965;21;0.0
Goal_390;522970;1.7015856434488885E7;0.5;484974;5848226.251900001;0.4713229646176663;0;0.0
Goal_378;522970;1.4888874380177774E7;0.38888888888888884;479327;5895092.458799999;0.3888991570741665;3604;0.10167764389288472
Goal_382;522970;1.7015856434488885E7;0.05555555555555555;454886;4882515.794599999;0.33407713698587366;3604;0.19190804195384775
Goal_381;522970;1.7015856434488885E7;0.0;455630;5048829.471799999;0.3338659163189467;3614;0.18475421712361292
Goal_383;522970;1.7015856434488885E7;0.1111111111111111;456158;4975956.941899998;0.33351041076822235;3600;0.19650900787410758
Goal_384;522970;1.7015856434488885E7;0.16666666666666666;457446;4950468.688300001;0.33606216572652087;3600;0.22332760056162396
Goal_385;522970;1.7015856434488885E7;0.2222222222222222;456279;4945602.778;0.3381108969236294;3610;0.27990374495961445
Goal_386;522970;1.7015856434488885E7;0.2777777777777778;456665;5092187.569900002;0.33634058250963456;3610;0.340483734606276
Goal_387;522970;1.7015856434488885E7;0.3333333333333333;462920;5220763.5911;0.34719049307728367;3600;0.3016674281374799
Goal_399;522970;1.9142838488799997E7;0.4444444444444444;484974;6308168.022800001;0.4438217854151965;22;0.0
Goal_400;522970;1.9142838488799997E7;0.5;484974;5848226.251900001;0.4713229646176663;0;0.0
Goal_388;522970;1.7015856434488885E7;0.38888888888888884;479317;5895070.242299999;0.38889135630675975;3600;0.10171740283903588
Goal_391;522970;1.9142838488799997E7;0.0;455630;5048829.471799999;0.3338659163189467;3600;0.18475421623719096
Goal_392;522970;1.9142838488799997E7;0.05555555555555555;454886;4882528.367399999;0.33407586101065806;3600;0.1919037446402051
Goal_393;522970;1.9142838488799997E7;0.1111111111111111;456158;4975988.243399998;0.3335110060921043;3600;0.19651113850595364
Goal_394;522970;1.9142838488799997E7;0.16666666666666666;457446;4950468.688300001;0.33606216572652087;3603;0.22332760056162396
Goal_395;522970;1.9142838488799997E7;0.2222222222222222;456279;4945602.778;0.3381108969236294;3600;0.2799037213096793
Goal_396;522970;1.9142838488799997E7;0.2777777777777778;456665;5092187.569900002;0.33634058250963456;3600;0.340483734606276
Goal_397;522970;1.9142838488799997E7;0.3333333333333333;462920;5220763.5911;0.34719049307728367;3600;0.30166742813748104
Goal_398;522970;1.9142838488799997E7;0.38888888888888884;479317;5895070.242299999;0.38889135630675975;3600;0.10171740283903588
Goal_410;490048;0.0;0.5;474551;4594878.6221;0.48492767490258215;0;0.0
Goal_401;490048;0.0;0.0;425968;3171159.407800001;0.31314722309437254;3600;0.11960308063140722
Goal_402;490048;0.0;0.05555555555555555;429862;3316905.4810999995;0.3181333464774726;3600;0.13172107216921086
Goal_403;490048;0.0;0.1111111111111111;432653;3439140.1048999974;0.31835955204788785;3600;0.1370561912319092
Goal_404;490048;0.0;0.16666666666666666;425876;3145733.1937000016;0.31491725513880386;3600;0.15586017412526873
Goal_406;490048;0.0;0.2777777777777778;433965;3490042.1826000004;0.3187833081016912;3600;0.2019148871001364
Goal_405;490048;0.0;0.2222222222222222;431989;3389353.497999999;0.3216588022186715;3616;0.19660013840234458
Goal_407;490048;0.0;0.3333333333333333;440365;3665530.712500001;0.3384731151996008;3600;0.12778432599695952
Goal_408;490048;0.0;0.38888888888888884;465158;4400755.431699999;0.392502799011048;3600;0.06985014205820572
Goal_409;490048;0.0;0.4444444444444444;474379;4618324.097099999;0.44444377823667436;3600;0.0017230061256617263
Goal_420;490048;2126982.0543111106;0.5;474551;4594878.6221;0.48492767490258215;0;0.0
Goal_411;490048;2126982.0543111106;0.0;426197;3160379.0673999973;0.3153556423223691;3600;0.15853575147635426
Goal_412;490048;2126982.0543111106;0.05555555555555555;427240;3212005.1687999996;0.3168535811856185;3607;0.1660695527195655
Goal_413;490048;2126982.0543111106;0.1111111111111111;425673;3172856.874200001;0.31601893752421956;3600;0.17692551138292556
Goal_414;490048;2126982.0543111106;0.16666666666666666;426178;3157114.4016000004;0.31875931551907216;3600;0.19379651012024907
Goal_415;490048;2126982.0543111106;0.2222222222222222;425865;3147184.6539000003;0.3146509408304439;3600;0.22523789690076854
Goal_416;490048;2126982.0543111106;0.2777777777777778;435327;3508524.0633000005;0.3237192120281665;3600;0.28894471669040706
Goal_417;490048;2126982.0543111106;0.3333333333333333;446367;3812823.1423999984;0.34530655076205696;3600;0.21420636704674906
Goal_418;490048;2126982.0543111106;0.38888888888888884;461786;4262318.356200001;0.3888920667661677;3600;0.07039255497549288
Goal_419;490048;2126982.0543111106;0.4444444444444444;473890;4599571.6318;0.4444407006415792;3600;0.007440525198777634
Goal_430;490048;4253964.108622221;0.5;474551;4594878.6221;0.48492767490258215;0;0.0
Goal_421;490048;4253964.108622221;0.0;447754;4251206.4936;0.32825682514577714;3601;0.19850065608610246
Goal_422;490048;4253964.108622221;0.05555555555555555;448098;4253970.295099998;0.3258889866632962;3600;0.20817992900135807
Goal_423;490048;4253964.108622221;0.1111111111111111;447755;4252854.657899999;0.3258504299815796;3611;0.22496034610645066
Goal_424;490048;4253964.108622221;0.16666666666666666;447857;4253957.692499999;0.3242629282177365;3600;0.24891085004970762
Goal_425;490048;4253964.108622221;0.2222222222222222;449298;4253967.001700001;0.33002144102502445;3600;0.329872248603589
Goal_426;490048;4253964.108622221;0.2777777777777778;447586;4253738.407099999;0.32569353238137383;3600;0.4221270253753406
Goal_428;490048;4253964.108622221;0.38888888888888884;467112;4557730.397300002;0.38942349298106604;3600;0.18081371896046886
Goal_427;490048;4253964.108622221;0.3333333333333333;450731;4157088.5334000015;0.34257150338915293;3615;0.39741626065711216
Goal_439;490048;6380946.162933332;0.4444444444444444;484974;5712752.286200001;0.443621237920013;37;0.0
Goal_440;490048;6380946.162933332;0.5;484974;5533406.566400001;0.4714506069064717;0;0.0
Goal_429;490048;4253964.108622221;0.4444444444444444;473585;4580542.3528;0.44444442521321065;3600;0.024258306969360165
Goal_431;490048;6380946.162933332;0.0;456704;4898748.261099999;0.3356467649614938;3607;0.22063984094372918
Goal_432;490048;6380946.162933332;0.05555555555555555;457110;4934184.2245999975;0.3360686424536834;3600;0.2255323800220299
Goal_433;490048;6380946.162933332;0.1111111111111111;456994;4921435.5068999985;0.33643108253576154;3600;0.244149668510359
Goal_434;490048;6380946.162933332;0.16666666666666666;456844;4932764.143;0.3357119588392852;3600;0.27581427478499904
Goal_435;490048;6380946.162933332;0.2222222222222222;456936;4850154.009900001;0.3373751055229752;3600;0.3501180686309904
Goal_436;490048;6380946.162933332;0.2777777777777778;455082;4743505.498;0.33565109429794515;3602;0.48649984730964146
Goal_437;490048;6380946.162933332;0.3333333333333333;462384;5035349.4879;0.34598793915591564;3602;0.5454743382958263
Goal_449;490048;8507928.217244443;0.4444444444444444;484974;6031497.609199999;0.44410173476489995;26;0.0
Goal_450;490048;8507928.217244443;0.5;484974;5533406.566400001;0.4714506069064717;0;0.0
Goal_438;490048;6380946.162933332;0.38888888888888884;479545;5877393.497399998;0.38892734559151826;3600;0.3347697416670212
Goal_441;490048;8507928.217244443;0.0;457436;4963112.241899996;0.33689545319857706;3600;0.2222393587315602
Goal_442;490048;8507928.217244443;0.05555555555555555;456895;4935407.2148;0.3357802679244809;3601;0.22537149333406528
Goal_443;490048;8507928.217244443;0.1111111111111111;457061;5010076.0376;0.3373606905789523;3600;0.2475993705952631
Goal_444;490048;8507928.217244443;0.16666666666666666;456264;4850334.059600001;0.3339404110503964;3618;0.27089518574335586
Goal_445;490048;8507928.217244443;0.2222222222222222;457083;5002723.621199999;0.33598546401991014;3600;0.3424612657914065
Goal_446;490048;8507928.217244443;0.2777777777777778;456933;5074169.165500001;0.3362540528383721;3600;0.47809677837332365
Goal_447;490048;8507928.217244443;0.3333333333333333;462984;5071025.2036000015;0.34783287363241966;3600;0.5577794240939595
Goal_459;490048;1.0634910271555554E7;0.4444444444444444;484974;6122902.665700001;0.44395763493141144;27;0.0
Goal_460;490048;1.0634910271555554E7;0.5;484974;5533406.566400001;0.4714506069064717;0;0.0
Goal_448;490048;8507928.217244443;0.38888888888888884;478844;5888285.850600002;0.38981036008649345;3600;0.48176985679186146
Goal_451;490048;1.0634910271555554E7;0.0;455864;4954366.3626000015;0.33336217576438126;3600;0.21555941967964176
Goal_452;490048;1.0634910271555554E7;0.05555555555555555;457255;5003373.8396999985;0.3369458378809838;3600;0.22826447714991854
Goal_453;490048;1.0634910271555554E7;0.1111111111111111;455322;4997531.529800001;0.3334743734885716;3614;0.23985649754744542
Goal_454;490048;1.0634910271555554E7;0.16666666666666666;455638;4941195.4816000005;0.3338650784805619;3600;0.2736924990826302
Goal_455;490048;1.0634910271555554E7;0.2222222222222222;457890;4961304.5336;0.3400416554863184;3600;0.3578580185587437
Goal_456;490048;1.0634910271555554E7;0.2777777777777778;454525;4820523.815299998;0.3347264196200654;3600;0.48368723937454516
Goal_457;490048;1.0634910271555554E7;0.3333333333333333;458772;5058006.6413;0.3433337748248164;3600;0.56077597738615
Goal_469;490048;1.2761892325866664E7;0.4444444444444444;484974;6079746.017600001;0.4440045470930463;30;0.0
Goal_470;490048;1.2761892325866664E7;0.5;484974;5533406.566400001;0.4714506069064717;0;0.0
Goal_458;490048;1.0634910271555554E7;0.38888888888888884;480597;6040937.188599997;0.38889712644421914;3600;0.24507874168130372
Goal_461;490048;1.2761892325866664E7;0.0;455671;4914816.714500001;0.33431365812569475;3604;0.22000940532879026
Goal_462;490048;1.2761892325866664E7;0.05555555555555555;456391;5015480.019199999;0.3352064261419789;3604;0.22533604356909342
Goal_463;490048;1.2761892325866664E7;0.1111111111111111;455869;5000573.943900001;0.3329388324091732;3600;0.23513656854122197
Goal_464;490048;1.2761892325866664E7;0.16666666666666666;454250;4917130.498500003;0.33663037798544304;3602;0.2924340876497992
Goal_465;490048;1.2761892325866664E7;0.2222222222222222;456480;5019869.039200002;0.3356741375085449;3600;0.3442755777176032
Goal_466;490048;1.2761892325866664E7;0.2777777777777778;454139;4832806.6152;0.33387505556421837;3600;0.4813750420266476
Goal_467;490048;1.2761892325866664E7;0.3333333333333333;460391;5086118.284700001;0.34314660315915446;3613;0.540282596451101
Goal_479;490048;1.4888874380177774E7;0.4444444444444444;484974;6271094.187700002;0.444432916606864;30;0.0
Goal_480;490048;1.4888874380177774E7;0.5;484974;5848226.251900001;0.4713229646176663;0;0.0
Goal_468;490048;1.2761892325866664E7;0.38888888888888884;480429;5982323.6439000005;0.38970745301488174;3600;0.31687009775115643
Goal_471;490048;1.4888874380177774E7;0.0;453960;4858176.9196999995;0.33176507250418336;3600;0.21764143323061408
Goal_472;490048;1.4888874380177774E7;0.05555555555555555;457100;5054160.174;0.33765561514168035;3612;0.23152623387241644
Goal_473;490048;1.4888874380177774E7;0.1111111111111111;457113;5028268.7578;0.336725270770674;3601;0.24464394595270378
Goal_474;490048;1.4888874380177774E7;0.16666666666666666;454095;4836995.167800002;0.3313848332936761;3600;0.2703566188452303
Goal_475;490048;1.4888874380177774E7;0.2222222222222222;455998;4999482.0978000015;0.3338380005355823;3606;0.3378452708325392
Goal_476;490048;1.4888874380177774E7;0.2777777777777778;453780;4802243.477300001;0.33454046936583065;3603;0.48775787323324177
Goal_477;490048;1.4888874380177774E7;0.3333333333333333;457661;5069544.1731;0.34171843138474245;3600;0.5563697608417093
Goal_489;490048;1.7015856434488885E7;0.4444444444444444;484974;6271094.187700002;0.444432916606864;28;0.0
Goal_490;490048;1.7015856434488885E7;0.5;484974;5848226.251900001;0.4713229646176663;0;0.0
Goal_478;490048;1.4888874380177774E7;0.38888888888888884;479401;5933070.930000001;0.3888927503685584;3600;0.4091291228120982
Goal_481;490048;1.7015856434488885E7;0.0;453989;4859918.4492;0.33186390794203324;3607;0.21788897485164543
Goal_482;490048;1.7015856434488885E7;0.05555555555555555;457100;5054160.174;0.33765561514168035;3600;0.23152623387241644
Goal_483;490048;1.7015856434488885E7;0.1111111111111111;457113;5028268.7578;0.336725270770674;3600;0.2446439274261703
Goal_484;490048;1.7015856434488885E7;0.16666666666666666;454095;4836995.167800002;0.3313848332936761;3609;0.2703566188452303
Goal_485;490048;1.7015856434488885E7;0.2222222222222222;455960;5024370.973000001;0.3337570934168287;3600;0.33765623824231417
Goal_486;490048;1.7015856434488885E7;0.2777777777777778;453780;4802243.477300001;0.33454046936583065;3600;0.48775787323324177
Goal_487;490048;1.7015856434488885E7;0.3333333333333333;457661;5069544.1731;0.34171843138474245;3600;0.556369697940677
Goal_499;490048;1.9142838488799997E7;0.4444444444444444;484974;6271094.187700002;0.444432916606864;30;0.0
Goal_500;490048;1.9142838488799997E7;0.5;484974;5848226.251900001;0.4713229646176663;0;0.0
Goal_488;490048;1.7015856434488885E7;0.38888888888888884;479401;5933070.930000001;0.3888927503685584;3600;0.4091301215384552
Goal_491;490048;1.9142838488799997E7;0.0;453989;4859918.4492;0.33186390794203324;3620;0.21788897485164543
Goal_492;490048;1.9142838488799997E7;0.05555555555555555;457100;5054160.174;0.33765561514168035;3601;0.23152623387241644
Goal_493;490048;1.9142838488799997E7;0.1111111111111111;457113;5028268.7578;0.336725270770674;3600;0.2446439274261703
Goal_494;490048;1.9142838488799997E7;0.16666666666666666;454095;4836995.167800002;0.3313848332936761;3611;0.2703566188452303
Goal_495;490048;1.9142838488799997E7;0.2222222222222222;455998;4999482.0978000015;0.3338380005355823;3611;0.3378452708325392
Goal_496;490048;1.9142838488799997E7;0.2777777777777778;453780;4802243.477300001;0.33454046936583065;3603;0.4877578732332409
Goal_497;490048;1.9142838488799997E7;0.3333333333333333;457661;5069544.1731;0.34171843138474245;3600;0.556369976472148
Goal_498;490048;1.9142838488799997E7;0.38888888888888884;479401;5933070.930000001;0.3888927503685584;3607;0.4091324986172816
Goal_510;457126;0.0;0.5;457126;3710098.712599999;0.4897679500211304;0;0.0
Goal_501;457126;0.0;0.0;425128;3157874.6040999983;0.3154015741427313;3607;0.1473798586299677
Goal_502;457126;0.0;0.05555555555555555;426748;3209500.9628000013;0.31273206542236864;3614;0.1386074148794615
Goal_503;457126;0.0;0.1111111111111111;424645;3113674.9867000002;0.3166612789753746;3600;0.1621311990466555
Goal_504;457126;0.0;0.16666666666666666;425223;3127861.740099999;0.31580678860579936;3601;0.18888997768044063
Goal_505;457126;0.0;0.2222222222222222;425566;3146404.2833999996;0.31497522915252324;3600;0.22008188180661623
Goal_506;457126;0.0;0.2777777777777778;434027;3511470.2084999993;0.3180857296782779;3607;0.25718740071966445
Goal_507;457126;0.0;0.3333333333333333;447239;3942785.1033000005;0.3447162141733273;3602;0.20995931753101787
Goal_508;457126;0.0;0.38888888888888884;456353;4008621.7543;0.3888873981545651;3600;0.062299873176936436
Goal_509;457126;0.0;0.4444444444444444;457126;3752971.3857999984;0.4444450349266561;3600;0.00798762945393916
Goal_520;457126;2126982.0543111106;0.5;457126;3710098.712599999;0.4897679500211304;0;0.0
Goal_511;457126;2126982.0543111106;0.0;423499;3052917.9478;0.3151686922210593;3600;0.1901369788528223
Goal_512;457126;2126982.0543111106;0.05555555555555555;425383;3150751.999599999;0.31358176442711366;3600;0.1878277247645265
Goal_513;457126;2126982.0543111106;0.1111111111111111;425496;3161959.4766;0.31396917762090326;3600;0.20382287099989158
Goal_514;457126;2126982.0543111106;0.16666666666666666;425979;3179838.799399999;0.31566366523490136;3601;0.23940592526880616
Goal_515;457126;2126982.0543111106;0.2222222222222222;426206;3147257.0533000003;0.31661744217406607;3600;0.29771707042634993
Goal_516;457126;2126982.0543111106;0.2777777777777778;434521;3518389.3350000004;0.3190396400716997;3600;0.3808013361913076
Goal_517;457126;2126982.0543111106;0.3333333333333333;450287;4080316.6361000007;0.34625821070455476;3600;0.3720110895177743
Goal_518;457126;2126982.0543111106;0.38888888888888884;452618;3810830.456100001;0.38888952505705415;3600;0.13321988927799652
Goal_528;457126;4253964.108622221;0.38888888888888884;457312;4209660.7058;0.3888233797547899;282;0.0
Goal_530;457126;4253964.108622221;0.5;457126;4253959.034399998;0.48698705328344494;1;0.0
Goal_529;457126;4253964.108622221;0.4444444444444444;457126;4249840.7149;0.4444442291109929;362;0.0
Goal_519;457126;2126982.0543111106;0.4444444444444444;457126;3752959.4619999984;0.44444488133350357;3600;0.01012993248270198
Goal_521;457126;4253964.108622221;0.0;443194;4186142.0664000018;0.32372588286248183;3600;0.2223430167600465
Goal_522;457126;4253964.108622221;0.05555555555555555;445796;4230538.283600001;0.3224563772108234;3600;0.20872611314174844
Goal_523;457126;4253964.108622221;0.1111111111111111;446890;4250397.192;0.3260313544453834;3601;0.23928111044286265
Goal_524;457126;4253964.108622221;0.16666666666666666;447235;4246304.441999998;0.32728727890846787;3605;0.2874961454598389
Goal_525;457126;4253964.108622221;0.2222222222222222;447905;4253101.808199999;0.32826780657377136;3603;0.3843819264432869
Goal_538;457126;6380946.162933332;0.38888888888888884;457129;5002039.857199997;0.3888674688891965;347;0.0
Goal_539;457126;6380946.162933332;0.4444444444444444;457140;4733838.228499999;0.4444438278994592;13;0.0
Goal_540;457126;6380946.162933332;0.5;457126;4485792.179699999;0.48741874658289935;0;0.0
Goal_526;457126;4253964.108622221;0.2777777777777778;446168;4222057.7739;0.3258433363783154;3600;0.658051411400077
Goal_527;457126;4253964.108622221;0.3333333333333333;456945;4305634.995099999;0.35202336285065217;3600;1.0
Goal_531;457126;6380946.162933332;0.0;450590;4508436.897599998;0.3337132852359436;3600;0.22897380991317282
Goal_532;457126;6380946.162933332;0.05555555555555555;451482;4596205.247999999;0.3340656582970987;3600;0.23221217722882379
Goal_533;457126;6380946.162933332;0.1111111111111111;450606;4516185.1488;0.33259467678471094;3600;0.25069869898818486
Goal_534;457126;6380946.162933332;0.16666666666666666;449809;4499276.415799999;0.33374420517842857;3600;0.30726277611513747
Goal_535;457126;6380946.162933332;0.2222222222222222;449684;4415105.270799997;0.33348060275103525;3600;0.40483921577319826
Goal_548;457126;8507928.217244443;0.38888888888888884;457241;4785619.092199999;0.38882620288177416;120;0.0
Goal_549;457126;8507928.217244443;0.4444444444444444;457222;4678440.292599998;0.44444439577461237;16;0.0
Goal_550;457126;8507928.217244443;0.5;457126;4485792.179699999;0.48741874658289935;0;0.0
Goal_536;457126;6380946.162933332;0.2777777777777778;454587;4774185.770499999;0.33574796995947553;3600;0.6360239011071273
Goal_537;457126;6380946.162933332;0.3333333333333333;450413;4731148.806600002;0.3509855266545296;3601;1.0
Goal_541;457126;8507928.217244443;0.0;450444;4568580.6422999995;0.33269293143540074;3600;0.22519030327906892
Goal_542;457126;8507928.217244443;0.05555555555555555;450944;4587940.5867;0.3333861745799827;3600;0.23191152764612605
Goal_543;457126;8507928.217244443;0.1111111111111111;451154;4591753.240699998;0.33287568718333516;3600;0.24902997575198382
Goal_544;457126;8507928.217244443;0.16666666666666666;448957;4471602.2335;0.330960334560769;3600;0.29825464027201676
Goal_545;457126;8507928.217244443;0.2222222222222222;446382;4424316.763;0.3275171942450731;3600;0.3920587611139635
Goal_546;457126;8507928.217244443;0.2777777777777778;455416;4770444.8662;0.33649996131762455;3600;0.6345102960927191
Goal_559;457126;1.0634910271555554E7;0.4444444444444444;457164;5002450.331699999;0.4442270950611574;73;0.0
Goal_560;457126;1.0634910271555554E7;0.5;457126;4485792.179699999;0.48741874658289935;0;0.0
Goal_558;457126;1.0634910271555554E7;0.38888888888888884;458981;5015286.3129;0.3888624974374049;164;0.0
Goal_547;457126;8507928.217244443;0.3333333333333333;457162;4932389.9639;0.34830387437609306;3600;1.0
Goal_551;457126;1.0634910271555554E7;0.0;450624;4613825.616799998;0.33394540624138436;3600;0.2298326871750234
Goal_552;457126;1.0634910271555554E7;0.05555555555555555;447138;4457250.1309;0.32972971632884435;3600;0.23510825878634842
Goal_553;457126;1.0634910271555554E7;0.1111111111111111;449842;4514847.840000001;0.3304129993757865;3600;0.24437439141249445
Goal_554;457126;1.0634910271555554E7;0.16666666666666666;447384;4426821.666700001;0.32665503696015824;3600;0.2875951767842396
Goal_555;457126;1.0634910271555554E7;0.2222222222222222;443011;4315329.3784;0.318611766297132;3600;0.36534649223817367
Goal_568;457126;1.2761892325866664E7;0.38888888888888884;457207;5007090.0374;0.38888926846430827;101;0.0
Goal_569;457126;1.2761892325866664E7;0.4444444444444444;457202;5080585.0817;0.44444475568006525;9;0.0
Goal_570;457126;1.2761892325866664E7;0.5;457126;4485792.179699999;0.48741874658289935;0;0.0
Goal_556;457126;1.0634910271555554E7;0.2777777777777778;446570;4421609.608400001;0.3277829139814695;3600;0.6680907476088344
Goal_557;457126;1.0634910271555554E7;0.3333333333333333;455383;4755616.252800001;0.34769472969315834;3600;1.0
Goal_561;457126;1.2761892325866664E7;0.0;450624;4613825.616799998;0.33394540624138436;3600;0.2298326871750234
Goal_562;457126;1.2761892325866664E7;0.05555555555555555;447138;4457250.1309;0.32972971632884435;3600;0.23510825878634842
Goal_563;457126;1.2761892325866664E7;0.1111111111111111;449842;4514847.840000001;0.3304129993757865;3600;0.24437439141249445
Goal_564;457126;1.2761892325866664E7;0.16666666666666666;445504;4391254.1285000015;0.32319477905000904;3600;0.2807857937528393
Goal_565;457126;1.2761892325866664E7;0.2222222222222222;448067;4448010.9262000015;0.3280784714457208;3600;0.38752893514065645
Goal_566;457126;1.2761892325866664E7;0.2777777777777778;446570;4421609.608400001;0.3277829139814695;3600;0.6680907476088344
Goal_579;457126;1.4888874380177774E7;0.4444444444444444;457126;4717973.2639;0.44402681547296263;7;0.0
Goal_580;457126;1.4888874380177774E7;0.5;457126;4763469.7734;0.4854059840946772;0;0.0
Goal_578;457126;1.4888874380177774E7;0.38888888888888884;457293;4820695.418200001;0.38871699066492066;62;0.0
Goal_567;457126;1.2761892325866664E7;0.3333333333333333;457126;5006036.931200001;0.33936273456562227;3600;1.0
Goal_571;457126;1.4888874380177774E7;0.0;446265;4594618.695499998;0.3267212221870846;3600;0.22277078256969238
Goal_572;457126;1.4888874380177774E7;0.05555555555555555;447008;4468649.853299999;0.32882690288756977;3600;0.23405447487475978
Goal_573;457126;1.4888874380177774E7;0.1111111111111111;446489;4356973.9352;0.3276797145069996;3600;0.2516169073345828
Goal_574;457126;1.4888874380177774E7;0.16666666666666666;443148;4264711.4561;0.322350166981567;3600;0.29390121228079674
Goal_575;457126;1.4888874380177774E7;0.2222222222222222;448112;4665900.4344999995;0.32711268096047985;3600;0.3858403976259342
Goal_588;457126;1.7015856434488885E7;0.38888888888888884;457293;4820695.418200001;0.38871699066492066;58;0.0
Goal_589;457126;1.7015856434488885E7;0.4444444444444444;457126;4717973.2639;0.44402681547296263;6;0.0
Goal_590;457126;1.7015856434488885E7;0.5;457126;4763469.7734;0.4854059840946772;0;0.0
Goal_576;457126;1.4888874380177774E7;0.2777777777777778;446390;4532121.736899999;0.32499246629173617;3605;0.6557774655014941
Goal_577;457126;1.4888874380177774E7;0.3333333333333333;455141;5025501.3796;0.34213506144135;3600;1.0
Goal_581;457126;1.7015856434488885E7;0.0;446265;4594618.695499998;0.3267212221870846;3600;0.22277078256969238
Goal_582;457126;1.7015856434488885E7;0.05555555555555555;447008;4466920.113499999;0.3288265922665824;3600;0.23405307074506365
Goal_583;457126;1.7015856434488885E7;0.1111111111111111;446489;4356973.9352;0.3276797145069996;3600;0.2516169073345828
Goal_584;457126;1.7015856434488885E7;0.16666666666666666;443148;4264711.4561;0.322350166981567;3600;0.29390121228079674
Goal_585;457126;1.7015856434488885E7;0.2222222222222222;448112;4665900.4344999995;0.32711268096047985;3600;0.3858403976259342
Goal_598;457126;1.9142838488799997E7;0.38888888888888884;457293;4820695.418200001;0.38871699066492066;60;0.0
Goal_599;457126;1.9142838488799997E7;0.4444444444444444;457126;4717973.2639;0.44402681547296263;6;0.0
Goal_600;457126;1.9142838488799997E7;0.5;457126;4763469.7734;0.4854059840946772;0;0.0
Goal_586;457126;1.7015856434488885E7;0.2777777777777778;446390;4532121.736899999;0.32499246629173617;3601;0.6557778061569396
Goal_587;457126;1.7015856434488885E7;0.3333333333333333;455141;5025501.3796;0.34213506144135;3600;1.0
Goal_591;457126;1.9142838488799997E7;0.0;446265;4594618.695499998;0.3267212221870846;3600;0.22277078256969238
Goal_592;457126;1.9142838488799997E7;0.05555555555555555;447008;4466920.113499999;0.3288265922665824;3600;0.23405307074506365
Goal_593;457126;1.9142838488799997E7;0.1111111111111111;446490;4357016.878800001;0.3276803948382897;3600;0.2516147928709079
Goal_594;457126;1.9142838488799997E7;0.16666666666666666;443148;4264711.4561;0.322350166981567;3600;0.2939015609358256
Goal_595;457126;1.9142838488799997E7;0.2222222222222222;448112;4665900.4344999995;0.32711268096047985;3600;0.3858404162419701
Goal_596;457126;1.9142838488799997E7;0.2777777777777778;446390;4532121.736899999;0.32499246629173617;3600;0.6557784065048995
Goal_597;457126;1.9142838488799997E7;0.3333333333333333;455142;5025545.7637;0.342138962828094;3600;1.0
Goal_610;424204;0.0;0.5;424204;2314715.1245;0.4822101798964879;0;0.0
Goal_601;424204;0.0;0.0;424187;3101792.5612;0.3163020597627852;3600;0.19426142727967263
Goal_602;424204;0.0;0.05555555555555555;424121;3117155.649899999;0.31352446401223544;3600;0.18986702420879267
Goal_603;424204;0.0;0.1111111111111111;424204;3101831.3004000005;0.31321951409064225;3618;0.20050499607308744
Goal_604;424204;0.0;0.16666666666666666;423821;3049769.5156999994;0.31656680769487855;3600;0.23930107848408397
Goal_605;424204;0.0;0.2222222222222222;423997;3080802.4836000004;0.3170013753748204;3603;0.29908082928352087
Goal_606;424204;0.0;0.2777777777777778;424202;3006824.3630999997;0.3252034807229634;3600;0.3751756010374014
Goal_607;424204;0.0;0.3333333333333333;424203;2803214.6744;0.33337181426153084;3600;0.09391751597835148
Goal_608;424204;0.0;0.38888888888888884;424204;2559073.8051999994;0.38893145535600887;3600;0.06609320150674984
Goal_609;424204;0.0;0.4444444444444444;424204;2344902.4182999996;0.4444444280407052;3600;0.0034884355482011605
Goal_620;424204;2126982.0543111106;0.5;424204;2314715.1245;0.4822101798964879;0;0.0
Goal_611;424204;2126982.0543111106;0.0;421764;2967702.4779;0.3187230497373927;3600;0.19593385038032365
Goal_612;424204;2126982.0543111106;0.05555555555555555;424275;3059561.5166000007;0.3186850567270052;3600;0.19690277417930638
Goal_613;424204;2126982.0543111106;0.1111111111111111;422896;3020379.5210000016;0.3189583535528865;3600;0.21960501703350505
Goal_614;424204;2126982.0543111106;0.16666666666666666;420843;2942835.9916999987;0.3178890395765923;3600;0.25907747917902485
Goal_615;424204;2126982.0543111106;0.2222222222222222;422234;2994730.984500001;0.32058060770319974;3600;0.3562997732083895
Goal_616;424204;2126982.0543111106;0.2777777777777778;423697;3060661.7291;0.3140758597071024;3600;0.590701974919253
Goal_617;424204;2126982.0543111106;0.3333333333333333;424203;2789411.4368000003;0.33832381212821966;3600;0.5409486280652168
Goal_618;424204;2126982.0543111106;0.38888888888888884;424543;2575458.7350999997;0.3889189992525122;3600;0.4026832107896457
Goal_629;424204;4253964.108622221;0.4444444444444444;424269;3351047.4460999994;0.444440419911545;6;0.0
Goal_630;424204;4253964.108622221;0.5;424204;3025513.3246999993;0.48158142698235545;0;0.0
Goal_619;424204;2126982.0543111106;0.4444444444444444;424204;2345106.8794999993;0.4444449029179467;3600;0.04535794534108771
Goal_628;424204;4253964.108622221;0.38888888888888884;432080;3830262.077399998;0.3888895937503302;150;0.0
Goal_627;424204;4253964.108622221;0.3333333333333333;424205;3767767.3733;0.33333326788386713;963;0.0
Goal_621;424204;4253964.108622221;0.0;424887;3577947.507399999;0.3178125573438235;3600;0.19697578067701543
Goal_622;424204;4253964.108622221;0.05555555555555555;424206;3845600.5867000003;0.3181282019499826;3600;0.20484892577984865
Goal_623;424204;4253964.108622221;0.1111111111111111;424520;3835257.9608999994;0.3176995790421984;3600;0.2087287295014384
Goal_637;424204;6380946.162933332;0.3333333333333333;424474;3696203.4521999997;0.3333342324786322;22;0.0
Goal_638;424204;6380946.162933332;0.38888888888888884;427115;3851647.9775999994;0.3888893739727124;10;0.0
Goal_639;424204;6380946.162933332;0.4444444444444444;424204;3233598.3015;0.4444441822179894;12;0.0
Goal_640;424204;6380946.162933332;0.5;424204;3025513.3246999993;0.48158142698235545;0;0.0
Goal_624;424204;4253964.108622221;0.16666666666666666;424179;3718206.5430999994;0.3139940868864173;3600;0.1763542411526118
Goal_625;424204;4253964.108622221;0.2222222222222222;424203;3725346.854;0.3124132684917238;3600;0.2332682904028901
Goal_626;424204;4253964.108622221;0.2777777777777778;423770;3543262.0979999993;0.3153534069945467;3600;1.0
Goal_631;424204;6380946.162933332;0.0;424619;3717396.0242000003;0.31538886358951795;3600;0.18458554938063623
Goal_632;424204;6380946.162933332;0.05555555555555555;424204;3547040.000200001;0.32153239079941026;3600;0.21912438466291614
Goal_633;424204;6380946.162933332;0.1111111111111111;424800;3497493.0607000017;0.3170029901539073;3600;0.21652579631635632
Goal_634;424204;6380946.162933332;0.16666666666666666;424144;3669380.9869999997;0.3179405486756297;3600;0.20275215580405764
Goal_635;424204;6380946.162933332;0.2222222222222222;424197;3758876.476199998;0.3141910031761333;3600;0.35658315672033203
Goal_649;424204;8507928.217244443;0.4444444444444444;424204;3271018.2889;0.44443517228863977;13;0.0
Goal_650;424204;8507928.217244443;0.5;424204;3025513.3246999993;0.48158142698235545;0;0.0
Goal_648;424204;8507928.217244443;0.38888888888888884;424326;3327917.1149;0.38888996652860885;416;0.0
Goal_636;424204;6380946.162933332;0.2777777777777778;424118;3790348.3753000014;0.3224572499214566;3600;0.6920224127789784
Goal_641;424204;8507928.217244443;0.0;424208;3761600.6576999994;0.31350522390992797;3600;0.17475756729683684
Goal_642;424204;8507928.217244443;0.05555555555555555;424921;3704285.5733;0.31967321929402437;3600;0.21272173253181423
Goal_643;424204;8507928.217244443;0.1111111111111111;424738;3551595.1798999994;0.31676102630236863;3600;0.21516208749340096
Goal_644;424204;8507928.217244443;0.16666666666666666;424601;3636815.6089000003;0.3151148730956703;3600;0.25496505321549773
Goal_645;424204;8507928.217244443;0.2222222222222222;424006;3607066.1433999985;0.32008207806148004;3600;0.35605266855699563
Goal_646;424204;8507928.217244443;0.2777777777777778;424210;3746819.0817;0.32112897703573495;3600;0.6657443375876929
Goal_647;424204;8507928.217244443;0.3333333333333333;424346;3773336.5052999984;0.34481123042199824;3600;1.0
Goal_659;424204;1.0634910271555554E7;0.4444444444444444;424204;3271018.2889;0.44443517228863977;13;0.0
Goal_660;424204;1.0634910271555554E7;0.5;424204;3025513.3246999993;0.48158142698235545;0;0.0
Goal_658;424204;1.0634910271555554E7;0.38888888888888884;424667;3440366.362599999;0.38888423143351897;142;0.0
Goal_651;424204;1.0634910271555554E7;0.0;424833;3696692.0932000005;0.3093178152387634;3600;0.1440232205963472
Goal_652;424204;1.0634910271555554E7;0.05555555555555555;424315;3764308.409999999;0.3159511114301959;3600;0.170635912049977
Goal_653;424204;1.0634910271555554E7;0.1111111111111111;424329;3453294.2788;0.3123254632121402;3602;0.16771966442142336
Goal_654;424204;1.0634910271555554E7;0.16666666666666666;424200;3696969.962700001;0.3189669164395811;3600;0.20547886748594366
Goal_667;424204;1.2761892325866664E7;0.3333333333333333;424214;3872162.4527999996;0.3333341772450407;20;0.0
Goal_668;424204;1.2761892325866664E7;0.38888888888888884;424213;3914882.0015000007;0.38887885186517274;17;0.0
Goal_669;424204;1.2761892325866664E7;0.4444444444444444;424204;3492600.7753;0.44444418650789563;16;0.0
Goal_670;424204;1.2761892325866664E7;0.5;424204;3025513.3246999993;0.48158142698235545;0;0.0
Goal_655;424204;1.0634910271555554E7;0.2222222222222222;424225;3925871.7631999995;0.322329196767406;3600;0.3356552530416815
Goal_656;424204;1.0634910271555554E7;0.2777777777777778;424391;3733063.8944000006;0.3216118200523609;3600;0.6729500950149861
Goal_657;424204;1.0634910271555554E7;0.3333333333333333;433018;4304721.280299999;0.3436838190541933;3600;1.0
Goal_661;424204;1.2761892325866664E7;0.0;424737;3718974.0198000004;0.3158090724810636;3600;0.1837261175820042
Goal_662;424204;1.2761892325866664E7;0.05555555555555555;424205;3716544.367299999;0.31455504580127897;3600;0.17769437882721295
Goal_663;424204;1.2761892325866664E7;0.1111111111111111;425793;3631413.7870999994;0.31367420613968644;3600;0.1758861692433993
Goal_664;424204;1.2761892325866664E7;0.16666666666666666;424201;3557574.118899999;0.3122496353648862;3600;0.23446091126840807
Goal_678;424204;1.4888874380177774E7;0.38888888888888884;424214;3835161.140500001;0.38886328266391873;101;0.0
Goal_679;424204;1.4888874380177774E7;0.4444444444444444;425058;3519629.618100001;0.4435135956085354;106;0.0
Goal_680;424204;1.4888874380177774E7;0.5;424204;3523814.7578;0.4909827116847983;0;0.0
Goal_665;424204;1.2761892325866664E7;0.2222222222222222;424290;3912410.1040999987;0.3222334337656314;3600;0.3346094942864592
Goal_666;424204;1.2761892325866664E7;0.2777777777777778;424125;3565603.1884;0.31935744634007285;3607;1.0
Goal_671;424204;1.4888874380177774E7;0.0;425659;3751981.590599999;0.3156378535602094;3600;0.18282854118306055
Goal_672;424204;1.4888874380177774E7;0.05555555555555555;424451;3714973.8142999997;0.3178601170748515;3600;0.20033564405686424
Goal_673;424204;1.4888874380177774E7;0.1111111111111111;423432;3420954.7844000002;0.31700941511491826;3600;0.17909776060623092
Goal_674;424204;1.4888874380177774E7;0.16666666666666666;424166;3475930.6875000005;0.312329499429642;3608;0.23425879810722314
Goal_677;424204;1.4888874380177774E7;0.3333333333333333;424517;3734441.4517000006;0.33333364161317225;2525;0.0
Goal_688;424204;1.7015856434488885E7;0.38888888888888884;424214;3835161.140500001;0.38886328266391873;101;0.0
Goal_689;424204;1.7015856434488885E7;0.4444444444444444;425058;3519629.618100001;0.4435135956085354;107;0.0
Goal_690;424204;1.7015856434488885E7;0.5;424204;3523814.7578;0.4909827116847983;0;0.0
Goal_675;424204;1.4888874380177774E7;0.2222222222222222;424204;3575732.107399998;0.313746005448435;3600;0.35074226496186245
Goal_676;424204;1.4888874380177774E7;0.2777777777777778;424020;3787164.3343;0.31687469882556296;3600;1.0
Goal_681;424204;1.7015856434488885E7;0.0;425659;3751981.590599999;0.3156378535602094;3600;0.18282854118306055
Goal_682;424204;1.7015856434488885E7;0.05555555555555555;424372;3679099.562599999;0.31678272602873886;3600;0.1947141151177421
Goal_683;424204;1.7015856434488885E7;0.1111111111111111;423432;3420954.7844000002;0.31700941511491826;3600;0.1790977604320962
Goal_687;424204;1.7015856434488885E7;0.3333333333333333;424517;3734441.4517000006;0.33333364161317225;2458;0.0
Goal_684;424204;1.7015856434488885E7;0.16666666666666666;424166;3475930.6875000005;0.312329499429642;3600;0.23425879810722314
Goal_698;424204;1.9142838488799997E7;0.38888888888888884;424214;3835161.140500001;0.38886328266391873;101;0.0
Goal_699;424204;1.9142838488799997E7;0.4444444444444444;425058;3519629.618100001;0.4435135956085354;105;0.0
Goal_700;424204;1.9142838488799997E7;0.5;424204;3523814.7578;0.4909827116847983;0;0.0
Goal_685;424204;1.7015856434488885E7;0.2222222222222222;424204;3575732.107399998;0.313746005448435;3600;0.35074226496186245
Goal_686;424204;1.7015856434488885E7;0.2777777777777778;424020;3787164.3343;0.31687469882556296;3600;1.0
Goal_691;424204;1.9142838488799997E7;0.0;425659;3751981.590599999;0.3156378535602094;3600;0.18282854118306055
Goal_697;424204;1.9142838488799997E7;0.3333333333333333;424517;3734441.4517000006;0.33333364161317225;2540;0.0
Goal_692;424204;1.9142838488799997E7;0.05555555555555555;424275;3675048.687399999;0.31686574020345687;3600;0.19514938627080575
Goal_693;424204;1.9142838488799997E7;0.1111111111111111;423432;3420954.7844000002;0.31700941511491826;3600;0.1790977604320962
Goal_694;424204;1.9142838488799997E7;0.16666666666666666;424166;3475930.6875000005;0.312329499429642;3600;0.2342587981072233
Goal_695;424204;1.9142838488799997E7;0.2222222222222222;424219;3578193.6895999974;0.31388058952788656;3600;0.35185837369906986
Goal_709;391282;0.0;0.4444444444444444;391282;1300690.1580999997;0.44369158672745745;0;0.0
Goal_710;391282;0.0;0.5;391282;1300690.1580999997;0.44369158672745745;0;0.0
Goal_696;424204;1.9142838488799997E7;0.2777777777777778;424022;3785063.5651000002;0.3169291425632776;3611;1.0
Goal_701;391282;0.0;0.0;391342;2055308.3841;0.3140889854933246;3600;0.18493021386714156
Goal_702;391282;0.0;0.05555555555555555;391282;2063222.2868;0.31398858408026903;3600;0.18979542184817813
Goal_703;391282;0.0;0.1111111111111111;391603;2208761.6692;0.3088039533438861;3600;0.196907915226928
Goal_704;391282;0.0;0.16666666666666666;390959;2036206.128400001;0.3214964887887692;3614;0.27117558226122385
Goal_705;391282;0.0;0.2222222222222222;391479;2050281.1495999997;0.320978960673377;3600;0.3394157642817155
Goal_707;391282;0.0;0.3333333333333333;391275;1565949.1053;0.3604906176473406;3600;0.5277073812585428
Goal_706;391282;0.0;0.2777777777777778;391251;1965763.4964;0.3227354175960065;3609;0.46443674041631633
Goal_719;391282;2126982.0543111106;0.4444444444444444;391282;1609024.8810999999;0.4395015663674853;0;0.0
Goal_720;391282;2126982.0543111106;0.5;391282;1609024.8810999999;0.4395015663674853;0;0.0
Goal_718;391282;2126982.0543111106;0.38888888888888884;391282;1831138.8494999995;0.38873720074307716;117;0.0
Goal_708;391282;0.0;0.38888888888888884;391282;1382514.4330000002;0.388889175014478;3600;0.04724260721802191
Goal_711;391282;2126982.0543111106;0.0;391307;2154498.9254;0.31270590649648955;3600;0.1690917798143041
Goal_712;391282;2126982.0543111106;0.05555555555555555;391284;2170584.1777000003;0.31229615514775727;3600;0.17427537506881002
Goal_713;391282;2126982.0543111106;0.1111111111111111;391312;2186779.6504000006;0.30970389721268693;3615;0.17918468890755684
Goal_714;391282;2126982.0543111106;0.16666666666666666;391342;2188068.850000001;0.31366464068274014;3600;0.24431963010483618
Goal_715;391282;2126982.0543111106;0.2222222222222222;391363;2201084.8406;0.31078717861054295;3600;0.33690762571938193
Goal_728;391282;4253964.108622221;0.38888888888888884;391539;1841383.1382999998;0.38861346454377904;6;0.0
Goal_729;391282;4253964.108622221;0.4444444444444444;391282;1609024.8810999999;0.4395015663674853;0;0.0
Goal_730;391282;4253964.108622221;0.5;391282;1609024.8810999999;0.4395015663674853;0;0.0
Goal_716;391282;2126982.0543111106;0.2777777777777778;391366;2154120.6679000002;0.31438695509958214;3600;0.7206888725843109
Goal_717;391282;2126982.0543111106;0.3333333333333333;393959;2268474.268099999;0.33796193575914196;3627;1.0
Goal_721;391282;4253964.108622221;0.0;392356;2566126.375899999;0.3151937998622479;3602;0.17659603943925373
Goal_722;391282;4253964.108622221;0.05555555555555555;394865;2577425.031300001;0.31354366828214675;3600;0.17406552325648003
Goal_723;391282;4253964.108622221;0.1111111111111111;397396;2875104.4005;0.306342524967539;3600;0.14775411609931985
Goal_724;391282;4253964.108622221;0.16666666666666666;404204;3003759.453199999;0.31080648332172717;3600;0.2038069680203754
Goal_725;391282;4253964.108622221;0.2222222222222222;397690;2798813.7615;0.3111848868073238;3610;0.31488104003025785
Goal_738;391282;6380946.162933332;0.38888888888888884;400799;2119049.1952000004;0.38768609317497116;226;0.0
Goal_739;391282;6380946.162933332;0.4444444444444444;391282;1609024.8810999999;0.4395015663674853;0;0.0
Goal_740;391282;6380946.162933332;0.5;391282;1609024.8810999999;0.4395015663674853;0;0.0
Goal_726;391282;4253964.108622221;0.2777777777777778;395070;2584065.0479;0.31088655772924206;3606;0.7586023461973118
Goal_727;391282;4253964.108622221;0.3333333333333333;391203;2546846.7460000003;0.33582670667205605;3600;1.0
Goal_731;391282;6380946.162933332;0.0;397060;2868247.4984;0.31260422288846673;3602;0.16136985891434855
Goal_732;391282;6380946.162933332;0.05555555555555555;400189;2863887.0840000003;0.3096132268034278;3600;0.15082666637346537
Goal_733;391282;6380946.162933332;0.1111111111111111;392528;2521304.288199999;0.3137088560311764;3600;0.19256856364068137
Goal_734;391282;6380946.162933332;0.16666666666666666;392182;2510577.951999999;0.3173275746624219;3600;0.25396567514437446
Goal_735;391282;6380946.162933332;0.2222222222222222;391386;2581043.976800002;0.3085581013329623;3606;0.2921373091049083
Goal_748;391282;8507928.217244443;0.38888888888888884;391418;1724071.5116999997;0.38884622702897764;225;0.0
Goal_749;391282;8507928.217244443;0.4444444444444444;391282;1609024.8810999999;0.4395015663674853;0;0.0
Goal_750;391282;8507928.217244443;0.5;391282;1609024.8810999999;0.4395015663674853;0;0.0
Goal_736;391282;6380946.162933332;0.2777777777777778;403657;3044339.3360000006;0.3116963042498031;3600;0.7660108708480611
Goal_737;391282;6380946.162933332;0.3333333333333333;391400;2463009.6713000005;0.3428684717647475;3600;1.0
Goal_741;391282;8507928.217244443;0.0;393190;2641261.2077999986;0.31121287392347163;3600;0.1555035348575072
Goal_742;391282;8507928.217244443;0.05555555555555555;399436;2942032.9452000004;0.30747643651337214;3600;0.13838469437971357
Goal_743;391282;8507928.217244443;0.1111111111111111;391283;2545221.0138999997;0.3101192960236827;3600;0.17252465497238048
Goal_744;391282;8507928.217244443;0.16666666666666666;396334;2796899.5736000002;0.30969883805310844;3600;0.19629575205218874
Goal_745;391282;8507928.217244443;0.2222222222222222;396246;2762001.8762999987;0.3071034289478895;3600;0.27725941477992505
Goal_746;391282;8507928.217244443;0.2777777777777778;391544;2652261.9196;0.3086342364440967;3600;0.7390435747855453
Goal_759;391282;1.0634910271555554E7;0.4444444444444444;391282;1609024.8810999999;0.4395015663674853;0;0.0
Goal_760;391282;1.0634910271555554E7;0.5;391282;1609024.8810999999;0.4395015663674853;0;0.0
Goal_747;391282;8507928.217244443;0.3333333333333333;391311;2442755.2035000003;0.3428540749389677;3600;1.0
Goal_757;391282;1.0634910271555554E7;0.3333333333333333;405456;3208990.4206999987;0.33299873709929273;1801;0.0
Goal_751;391282;1.0634910271555554E7;0.0;399594;2942171.0514999996;0.3091850217320838;3603;0.14342103835378298
Goal_752;391282;1.0634910271555554E7;0.05555555555555555;392801;2600111.7314;0.31338129688249083;3600;0.17160547029045412
Goal_753;391282;1.0634910271555554E7;0.1111111111111111;393181;2680550.0521999993;0.316343389745285;3600;0.20733286359621833
Goal_758;391282;1.0634910271555554E7;0.38888888888888884;392719;2666885.090700001;0.38888986739238984;1789;0.0
Goal_754;391282;1.0634910271555554E7;0.16666666666666666;392591;2608911.6953999996;0.31554825838933237;3600;0.22718236003239128
Goal_755;391282;1.0634910271555554E7;0.2222222222222222;391282;2498709.234599999;0.3088152232717219;3600;0.29864398964800903
Goal_769;391282;1.2761892325866664E7;0.4444444444444444;391282;1609024.8810999999;0.4395015663674853;0;0.0
Goal_770;391282;1.2761892325866664E7;0.5;391282;1609024.8810999999;0.4395015663674853;0;0.0
Goal_756;391282;1.0634910271555554E7;0.2777777777777778;397331;2765611.7719;0.3099945618422623;3600;0.7699231121027595
Goal_768;391282;1.2761892325866664E7;0.38888888888888884;403720;2978086.695200001;0.3887061068911425;2011;0.0
Goal_767;391282;1.2761892325866664E7;0.3333333333333333;391288;2558803.4819999994;0.33270800801315614;2072;0.0
Goal_761;391282;1.2761892325866664E7;0.0;396716;2850741.6677;0.3187115569439528;3600;0.19289048694509153
Goal_762;391282;1.2761892325866664E7;0.05555555555555555;393086;2557605.4624;0.318014730667878;3600;0.19531012656906308
Goal_763;391282;1.2761892325866664E7;0.1111111111111111;391289;2561239.8707000003;0.318321246733;3600;0.2173973276183936
Goal_764;391282;1.2761892325866664E7;0.16666666666666666;397128;2866161.7113999994;0.313289672324847;3600;0.22155657997442188
Goal_778;391282;1.4888874380177774E7;0.38888888888888884;391499;2638737.3027999992;0.3888602794736609;90;0.0
Goal_765;391282;1.2761892325866664E7;0.2222222222222222;398277;2886003.558300001;0.3065308772610338;3602;0.2765487393646949
Goal_780;391282;1.4888874380177774E7;0.5;391282;2369360.3559;0.48470217815205574;0;0.0
Goal_779;391282;1.4888874380177774E7;0.4444444444444444;391284;2681640.3499;0.44410508404016613;244;0.0
Goal_766;391282;1.2761892325866664E7;0.2777777777777778;400381;2949129.2843999993;0.31422243261754723;3604;0.8020772531858666
Goal_771;391282;1.4888874380177774E7;0.0;391281;2687381.9174;0.3102515304951342;3600;0.15349256919235152
Goal_777;391282;1.4888874380177774E7;0.3333333333333333;391831;2586255.5800000005;0.33332959706884996;1321;0.0
Goal_772;391282;1.4888874380177774E7;0.05555555555555555;393579;2703873.64;0.31105760275817396;3600;0.16532681668583235
Goal_773;391282;1.4888874380177774E7;0.1111111111111111;398006;2845711.9223999996;0.3074500472642227;3600;0.1578492334179419
Goal_774;391282;1.4888874380177774E7;0.16666666666666666;400156;2920203.5013;0.3033285633779106;3600;0.15766973789531352
Goal_788;391282;1.7015856434488885E7;0.38888888888888884;391499;2638737.3027999992;0.3888602794736609;87;0.0
Goal_789;391282;1.7015856434488885E7;0.4444444444444444;391284;2681640.3499;0.44410508404016613;246;0.0
Goal_790;391282;1.7015856434488885E7;0.5;391282;2369360.3559;0.48470217815205574;0;0.0
Goal_775;391282;1.4888874380177774E7;0.2222222222222222;393605;2731537.8388000005;0.3086183765609288;3604;0.29389552473673336
Goal_776;391282;1.4888874380177774E7;0.2777777777777778;391505;2593191.6434;0.3127275451523884;3624;1.0
Goal_781;391282;1.7015856434488885E7;0.0;391281;2687381.9174;0.3102515304951342;3600;0.15349256919235152
Goal_782;391282;1.7015856434488885E7;0.05555555555555555;393579;2703873.64;0.31105760275817396;3600;0.1653267873905416
Goal_787;391282;1.7015856434488885E7;0.3333333333333333;391831;2586255.5800000005;0.33332959706884996;1272;0.0
Goal_783;391282;1.7015856434488885E7;0.1111111111111111;398006;2845711.9223999996;0.3074500472642227;3600;0.1578492334179419
Goal_784;391282;1.7015856434488885E7;0.16666666666666666;400156;2920203.5013;0.3033285633779106;3600;0.15766849962549492
Goal_798;391282;1.9142838488799997E7;0.38888888888888884;391499;2638737.3027999992;0.3888602794736609;93;0.0
Goal_785;391282;1.7015856434488885E7;0.2222222222222222;393605;2731537.8388000005;0.3086183765609288;3619;0.29389552473673336
Goal_800;391282;1.9142838488799997E7;0.5;391282;2369360.3559;0.48470217815205574;0;0.0
Goal_799;391282;1.9142838488799997E7;0.4444444444444444;391284;2681640.3499;0.44410508404016613;248;0.0
Goal_786;391282;1.7015856434488885E7;0.2777777777777778;391505;2593191.6434;0.3127275451523884;3618;1.0
Goal_797;391282;1.9142838488799997E7;0.3333333333333333;391831;2586255.5800000005;0.33332959706884996;1313;0.0
Goal_791;391282;1.9142838488799997E7;0.0;391281;2687381.9174;0.3102515304951342;3600;0.15349256919235152
Goal_792;391282;1.9142838488799997E7;0.05555555555555555;393579;2703873.64;0.31105760275817396;3600;0.1653267873905416
Goal_793;391282;1.9142838488799997E7;0.1111111111111111;398006;2845711.9223999996;0.3074500472642227;3600;0.1578492334179419
Goal_794;391282;1.9142838488799997E7;0.16666666666666666;399389;2879488.7968;0.30453061425922257;3600;0.16714405419245923
Goal_795;391282;1.9142838488799997E7;0.2222222222222222;393605;2731537.8388000005;0.3086183765609288;3601;0.29389552473673336
Goal_809;358360;0.0;0.4444444444444444;358360;533948.249;0.4105806841786249;0;2.1737115934119614E-16
Goal_810;358360;0.0;0.5;358360;533948.249;0.4105806841786249;0;2.1737115934119614E-16
Goal_796;391282;1.9142838488799997E7;0.2777777777777778;391505;2593191.6434;0.3127275451523884;3615;1.0
Goal_801;358360;0.0;0.0;362336;1192666.4431;0.3209889880229383;3600;0.1664343267142973
Goal_803;358360;0.0;0.1111111111111111;362617;1206118.4417000008;0.31987504105004444;3600;0.18170524540299524
Goal_802;358360;0.0;0.05555555555555555;360565;1134215.0094000003;0.32551729076450925;3609;0.18574325154843865
Goal_804;358360;0.0;0.16666666666666666;358616;1090796.3118999999;0.32738449540707903;3600;0.2396113528218106
Goal_805;358360;0.0;0.2222222222222222;358447;1026902.6047999997;0.3274071671647392;3600;0.30267869736087116
Goal_806;358360;0.0;0.2777777777777778;363900;1236169.7321;0.3243469249344543;3603;0.4838679977700256
Goal_818;358360;2126982.0543111106;0.38888888888888884;359019;1082876.269;0.3888816720816013;45;0.0
Goal_819;358360;2126982.0543111106;0.4444444444444444;358360;1028359.4857000001;0.42816416078969066;0;0.0
Goal_820;358360;2126982.0543111106;0.5;358360;1028359.4857000001;0.42816416078969066;0;0.0
Goal_807;358360;0.0;0.3333333333333333;358137;702791.0552000002;0.3528906227355579;3600;0.6538250176536669
Goal_808;358360;0.0;0.38888888888888884;358360;541798.2617;0.3888890185674365;3600;0.006128784585426564
Goal_811;358360;2126982.0543111106;0.0;388064;2131757.6040000003;0.31479474375606636;3600;0.17814742163198474
Goal_812;358360;2126982.0543111106;0.05555555555555555;387343;2127215.8897;0.31211398550980024;3606;0.1714884471224578
Goal_813;358360;2126982.0543111106;0.1111111111111111;384949;2106421.7717999998;0.31448681659226707;3602;0.20174639794891588
Goal_814;358360;2126982.0543111106;0.16666666666666666;387223;2123345.4148000004;0.3143698418304914;3600;0.2302041216914787
Goal_815;358360;2126982.0543111106;0.2222222222222222;387609;2154138.9226999995;0.31682700682339604;3600;0.37062644972365705
Goal_828;358360;4253964.108622221;0.38888888888888884;359646;1117892.0368000001;0.388890057212546;7;0.0
Goal_829;358360;4253964.108622221;0.4444444444444444;358360;1028359.4857000001;0.42816416078969066;0;0.0
Goal_830;358360;4253964.108622221;0.5;358360;1028359.4857000001;0.42816416078969066;0;0.0
Goal_816;358360;2126982.0543111106;0.2777777777777778;387338;2125274.8896;0.31550597541064307;3614;0.9961098494289505
Goal_817;358360;2126982.0543111106;0.3333333333333333;377566;1934726.0924000002;0.35234608609899054;3600;1.0
Goal_821;358360;4253964.108622221;0.0;382179;2120588.6365;0.3116141681961981;3600;0.15950382797345133
Goal_822;358360;4253964.108622221;0.05555555555555555;398051;2728301.5355999996;0.3119320862577047;3600;0.16498942485928608
Goal_823;358360;4253964.108622221;0.1111111111111111;384844;2320342.450299999;0.3104581721080689;3623;0.1741690072827233
Goal_824;358360;4253964.108622221;0.16666666666666666;391352;2523182.3639999996;0.3093130418025045;3600;0.20823556769013865
Goal_825;358360;4253964.108622221;0.2222222222222222;388251;2486833.5909;0.3084627003792365;3600;0.285034968261982
Goal_838;358360;6380946.162933332;0.38888888888888884;359258;1031217.9400999999;0.3888897566189877;5;0.0
Goal_839;358360;6380946.162933332;0.4444444444444444;358360;1028359.4857000001;0.42816416078969066;0;0.0
Goal_840;358360;6380946.162933332;0.5;358360;1028359.4857000001;0.42816416078969066;0;0.0
Goal_826;358360;4253964.108622221;0.2777777777777778;411028;2923819.0276999986;0.31309817386819633;3600;0.7819706089556236
Goal_827;358360;4253964.108622221;0.3333333333333333;366183;1573890.9382000004;0.3387897681054062;3600;1.0
Goal_831;358360;6380946.162933332;0.0;389883;2441313.9375;0.31827214316781005;3600;0.1927054660811998
Goal_832;358360;6380946.162933332;0.05555555555555555;400939;2881779.743200001;0.3085272998513253;3600;0.14467125972879052
Goal_833;358360;6380946.162933332;0.1111111111111111;400236;2826882.655999998;0.30882315002882926;3600;0.16367602207429072
Goal_834;358360;6380946.162933332;0.16666666666666666;396706;2756873.1853;0.3077870275922954;3600;0.19692311517826136
Goal_835;358360;6380946.162933332;0.2222222222222222;396423;2707172.9789000005;0.30975369397292624;3600;0.2887093155098021
Goal_848;358360;8507928.217244443;0.38888888888888884;358362;1026044.8205;0.38888867435365987;5;0.0
Goal_849;358360;8507928.217244443;0.4444444444444444;358360;1028359.4857000001;0.42816416078969066;0;0.0
Goal_850;358360;8507928.217244443;0.5;358360;1028359.4857000001;0.42816416078969066;0;0.0
Goal_836;358360;6380946.162933332;0.2777777777777778;396019;2844097.9628000017;0.3133501233693313;3600;1.0
Goal_837;358360;6380946.162933332;0.3333333333333333;358360;1182953.7232999995;0.34712905292927526;3600;1.0
Goal_841;358360;8507928.217244443;0.0;395500;2668484.4085000004;0.30836249365498375;3600;0.1399818654508842
Goal_847;358360;8507928.217244443;0.3333333333333333;359102;1287256.9052;0.3332620868869885;976;0.0
Goal_842;358360;8507928.217244443;0.05555555555555555;394334;2670787.5656999997;0.3096405337792739;3612;0.15101445538324873
Goal_843;358360;8507928.217244443;0.1111111111111111;388553;2400034.2763999994;0.30792983520588524;3603;0.1580882215237066
Goal_844;358360;8507928.217244443;0.16666666666666666;398316;2850786.8472999996;0.30764251912130947;3621;0.1960788495456549
Goal_858;358360;1.0634910271555554E7;0.38888888888888884;358362;1026044.8205;0.38888867435365987;5;0.0
Goal_859;358360;1.0634910271555554E7;0.4444444444444444;358360;1028359.4857000001;0.42816416078969066;0;0.0
Goal_860;358360;1.0634910271555554E7;0.5;358360;1028359.4857000001;0.42816416078969066;0;0.0
Goal_845;358360;8507928.217244443;0.2222222222222222;396906;2664597.9684000006;0.31842082518001724;3600;0.3638588656080234
Goal_846;358360;8507928.217244443;0.2777777777777778;387421;2405722.1221999996;0.31358808877742145;3600;0.778567517839308
Goal_851;358360;1.0634910271555554E7;0.0;390807;2526898.5704999985;0.3128561954046332;3600;0.16424573580365126
Goal_852;358360;1.0634910271555554E7;0.05555555555555555;395522;2655340.8805000014;0.3075823225394142;3607;0.13990414466979806
Goal_853;358360;1.0634910271555554E7;0.1111111111111111;390643;2510361.6424;0.30685073150368014;3609;0.15101240535853783
Goal_854;358360;1.0634910271555554E7;0.16666666666666666;391388;2579240.0702;0.31081482747249645;3628;0.21861595546574253
Goal_855;358360;1.0634910271555554E7;0.2222222222222222;394838;2791531.0381999994;0.31049777734737155;3602;0.28333690728654753
Goal_868;358360;1.2761892325866664E7;0.38888888888888884;358362;1026044.8205;0.38888867435365987;4;0.0
Goal_869;358360;1.2761892325866664E7;0.4444444444444444;358360;1028359.4857000001;0.42816416078969066;0;0.0
Goal_870;358360;1.2761892325866664E7;0.5;358360;1028359.4857000001;0.42816416078969066;0;0.0
Goal_856;358360;1.0634910271555554E7;0.2777777777777778;394923;2770558.7763000014;0.3107003036497307;3600;1.0
Goal_857;358360;1.0634910271555554E7;0.3333333333333333;424146;3828932.5419000005;0.33368218540107547;3600;1.0
Goal_861;358360;1.2761892325866664E7;0.0;390807;2526898.5704999985;0.3128561954046332;3600;0.16424573580365126
Goal_862;358360;1.2761892325866664E7;0.05555555555555555;384996;2254241.7842000006;0.3088636888811122;3620;0.14726399824802128
Goal_867;358360;1.2761892325866664E7;0.3333333333333333;388644;2438835.5262;0.33286718700429896;2341;0.0
Goal_863;358360;1.2761892325866664E7;0.1111111111111111;398784;2884272.9115999998;0.3074906177435309;3600;0.15507101824260294
Goal_864;358360;1.2761892325866664E7;0.16666666666666666;382772;2248963.8244999996;0.3123389152633423;3600;0.22925131882758482
Goal_878;358360;1.4888874380177774E7;0.38888888888888884;358800;1316082.5800999997;0.3888890246246218;90;0.0
Goal_879;358360;1.4888874380177774E7;0.4444444444444444;376097;1739553.7608999996;0.4365569964004291;12;0.0
Goal_880;358360;1.4888874380177774E7;0.5;358360;1376929.3624000002;0.47680267655640424;0;0.0
Goal_877;358360;1.4888874380177774E7;0.3333333333333333;388283;2550106.896000002;0.3333336232949112;337;0.0
Goal_865;358360;1.2761892325866664E7;0.2222222222222222;394838;2791531.0381999994;0.31049777734737155;3600;0.28333690728654753
Goal_866;358360;1.2761892325866664E7;0.2777777777777778;387856;2460074.2569000004;0.3088801959599107;3600;0.9918368149848604
Goal_871;358360;1.4888874380177774E7;0.0;383139;2334016.0140000004;0.31788491803749125;3600;0.18511437224035868
Goal_872;358360;1.4888874380177774E7;0.05555555555555555;394240;2708970.317800001;0.3084742929411524;3609;0.1443576071392848
Goal_873;358360;1.4888874380177774E7;0.1111111111111111;396294;2783523.8918000003;0.3130511072686653;3600;0.1894709134608873
Goal_874;358360;1.4888874380177774E7;0.16666666666666666;398664;2888785.1797000007;0.3088559644995375;3614;0.2044253971665777
Goal_888;358360;1.7015856434488885E7;0.38888888888888884;358800;1316082.5800999997;0.3888890246246218;88;0.0
Goal_889;358360;1.7015856434488885E7;0.4444444444444444;376097;1739553.7608999996;0.4365569964004291;13;0.0
Goal_890;358360;1.7015856434488885E7;0.5;358360;1376929.3624000002;0.47680267655640424;0;0.0
Goal_887;358360;1.7015856434488885E7;0.3333333333333333;388283;2550106.896000002;0.3333336232949112;326;0.0
Goal_875;358360;1.4888874380177774E7;0.2222222222222222;398480;2820129.9501;0.30809630196142335;3600;0.279784091880639
Goal_876;358360;1.4888874380177774E7;0.2777777777777778;385149;2297333.3365;0.3094309079910843;3601;0.9896471506675522
Goal_881;358360;1.7015856434488885E7;0.0;383139;2334016.0140000004;0.31788491803749125;3600;0.18511437224035868
Goal_882;358360;1.7015856434488885E7;0.05555555555555555;394240;2708970.317800001;0.3084742929411524;3600;0.1443576071392848
Goal_883;358360;1.7015856434488885E7;0.1111111111111111;396294;2783523.8918000003;0.3130511072686653;3600;0.1894709134608873
Goal_884;358360;1.7015856434488885E7;0.16666666666666666;398664;2888785.1797000007;0.3088559644995375;3610;0.2044253971665776
Goal_898;358360;1.9142838488799997E7;0.38888888888888884;358800;1316082.5800999997;0.3888890246246218;83;0.0
Goal_899;358360;1.9142838488799997E7;0.4444444444444444;376097;1739553.7608999996;0.4365569964004291;13;0.0
Goal_900;358360;1.9142838488799997E7;0.5;358360;1376929.3624000002;0.47680267655640424;0;0.0
Goal_885;358360;1.7015856434488885E7;0.2222222222222222;398480;2820129.9501;0.30809630196142335;3600;0.279784091880639
Goal_897;358360;1.9142838488799997E7;0.3333333333333333;388283;2550106.896000002;0.3333336232949112;323;0.0
Goal_886;358360;1.7015856434488885E7;0.2777777777777778;385149;2297333.3365;0.3094309079910843;3600;0.9897601722352208
Goal_891;358360;1.9142838488799997E7;0.0;383139;2334016.0140000004;0.31788491803749125;3600;0.18511437224035868
Goal_892;358360;1.9142838488799997E7;0.05555555555555555;394240;2708970.317800001;0.3084742929411524;3600;0.1443576071392848
Goal_893;358360;1.9142838488799997E7;0.1111111111111111;396294;2783523.8918000003;0.3130511072686653;3600;0.1894709134608873
Goal_894;358360;1.9142838488799997E7;0.16666666666666666;398664;2888785.1797000007;0.3088559644995375;3602;0.2044253971665776
Goal_908;325438;0.0;0.38888888888888884;325438;0.0;0.3586739254912444;0;0.0
Goal_909;325438;0.0;0.4444444444444444;325438;0.0;0.3586739254912444;0;0.0
Goal_910;325438;0.0;0.5;325438;0.0;0.3586739254912444;0;0.0
Goal_895;358360;1.9142838488799997E7;0.2222222222222222;398480;2830532.3806000003;0.30809630196142335;3600;0.2797842892964622
Goal_896;358360;1.9142838488799997E7;0.2777777777777778;385149;2297333.3365;0.3094309079910843;3600;0.9905164268888302
Goal_901;325438;0.0;0.0;358561;1084974.7062;0.3177352646725535;3602;0.13870640608105061
Goal_902;325438;0.0;0.05555555555555555;363092;1239206.844;0.3210727451220447;3602;0.17384374873971728
Goal_903;325438;0.0;0.1111111111111111;370336;1473463.6848000004;0.3170384405965707;3600;0.19350242176219914
Goal_904;325438;0.0;0.16666666666666666;356244;969297.0907000001;0.32555294282621966;3600;0.21335180819024402
Goal_905;325438;0.0;0.2222222222222222;356180;970289.6754999998;0.3291909275181032;3607;0.30368578639569477
Goal_918;325438;2126982.0543111106;0.38888888888888884;325438;0.0;0.3586739254912444;0;0.0
Goal_919;325438;2126982.0543111106;0.4444444444444444;325438;0.0;0.3586739254912444;0;0.0
Goal_920;325438;2126982.0543111106;0.5;325438;0.0;0.3586739254912444;0;0.0
Goal_906;325438;0.0;0.2777777777777778;367541;1380937.9202;0.31856506915176547;3604;0.46318327222776884
Goal_907;325438;0.0;0.3333333333333333;343828;569777.4544;0.33336665291743944;3600;0.8449635772485228
Goal_911;325438;2126982.0543111106;0.0;388342;2157788.6652;0.3113933347900169;3600;0.1609571998752244
Goal_912;325438;2126982.0543111106;0.05555555555555555;387559;2140795.750200001;0.3120234700461185;3600;0.17567705654468155
Goal_913;325438;2126982.0543111106;0.1111111111111111;383092;2109510.5384999993;0.3134585143663906;3608;0.19760538009829803
Goal_914;325438;2126982.0543111106;0.16666666666666666;387648;2130757.190699999;0.31502938920965273;3600;0.2321863077399997
Goal_915;325438;2126982.0543111106;0.2222222222222222;386738;2126881.0374;0.3128072995672388;3600;0.3331535903562653
Goal_928;325438;4253964.108622221;0.38888888888888884;325438;0.0;0.3586739254912444;0;0.0
Goal_929;325438;4253964.108622221;0.4444444444444444;325438;0.0;0.3586739254912444;0;0.0
Goal_930;325438;4253964.108622221;0.5;325438;0.0;0.3586739254912444;0;0.0
Goal_916;325438;2126982.0543111106;0.2777777777777778;383722;2103426.2269;0.31531476883763443;3600;0.999311584638014
Goal_917;325438;2126982.0543111106;0.3333333333333333;337625;438557.2399;0.3403268601852186;3600;1.0
Goal_921;325438;4253964.108622221;0.0;388764;2482398.6373999994;0.3097939836809643;3606;0.14913777395929906
Goal_922;325438;4253964.108622221;0.05555555555555555;398357;2849675.4958;0.30793255629334276;3610;0.14348924223759232
Goal_923;325438;4253964.108622221;0.1111111111111111;397649;2721888.822800001;0.30950768830817393;3606;0.16912594791576305
Goal_924;325438;4253964.108622221;0.16666666666666666;391928;2599433.4600000004;0.31186096393157703;3602;0.2151393136256173
Goal_925;325438;4253964.108622221;0.2222222222222222;392718;2603980.705400001;0.3097468016148721;3600;0.26510395011024435
Goal_938;325438;6380946.162933332;0.38888888888888884;325438;0.0;0.3586739254912444;0;0.0
Goal_939;325438;6380946.162933332;0.4444444444444444;325438;0.0;0.3586739254912444;0;0.0
Goal_940;325438;6380946.162933332;0.5;325438;0.0;0.3586739254912444;0;0.0
Goal_926;325438;4253964.108622221;0.2777777777777778;385497;2371124.664;0.32025675013106814;3600;1.0
Goal_927;325438;4253964.108622221;0.3333333333333333;415443;3497088.158699999;0.3357081153206074;3600;1.0
Goal_931;325438;6380946.162933332;0.0;395460;2627389.6528999982;0.3085464995623734;3600;0.1420864157559924
Goal_932;325438;6380946.162933332;0.05555555555555555;398343;2778394.2591;0.30764135797032627;3623;0.14165010374734532
Goal_933;325438;6380946.162933332;0.1111111111111111;399781;2886714.4917000015;0.30459426865085176;3605;0.13872959225933765
Goal_937;325438;6380946.162933332;0.3333333333333333;376835;1867066.8199999998;0.3333343123824837;2199;0.0
Goal_934;325438;6380946.162933332;0.16666666666666666;396985;2671324.841100001;0.31674703255620934;3600;0.24855270597795517
Goal_948;325438;8507928.217244443;0.38888888888888884;325438;0.0;0.3586739254912444;0;0.0
Goal_949;325438;8507928.217244443;0.4444444444444444;325438;0.0;0.3586739254912444;0;0.0
Goal_950;325438;8507928.217244443;0.5;325438;0.0;0.3586739254912444;0;0.0
Goal_935;325438;6380946.162933332;0.2222222222222222;394454;2617208.3461000007;0.31197228404153543;3600;0.31435065022143416
Goal_936;325438;6380946.162933332;0.2777777777777778;396873;2824710.2583;0.31503056472163793;3600;0.7848513088574687
Goal_941;325438;8507928.217244443;0.0;391896;2555184.2909;0.30709388764439505;3600;0.1306498361697488
Goal_942;325438;8507928.217244443;0.05555555555555555;395199;2776629.4965;0.30865705929488596;3623;0.14411415493044807
Goal_943;325438;8507928.217244443;0.1111111111111111;388212;2491174.4346;0.30568816896863255;3600;0.14500146820333223
Goal_944;325438;8507928.217244443;0.16666666666666666;411804;3181537.4584999993;0.3120271014964412;3600;0.21192237829496832
Goal_945;325438;8507928.217244443;0.2222222222222222;378044;2007987.5973000003;0.31627812306377007;3600;0.32876823971951585
Goal_958;325438;1.0634910271555554E7;0.38888888888888884;325438;0.0;0.3586739254912444;0;0.0
Goal_959;325438;1.0634910271555554E7;0.4444444444444444;325438;0.0;0.3586739254912444;0;0.0
Goal_960;325438;1.0634910271555554E7;0.5;325438;0.0;0.3586739254912444;0;0.0
Goal_946;325438;8507928.217244443;0.2777777777777778;398200;2832419.7270999993;0.311204763258937;3600;0.7278746015047043
Goal_947;325438;8507928.217244443;0.3333333333333333;339701;514115.60940000013;0.3393576279675665;3600;1.0
Goal_951;325438;1.0634910271555554E7;0.0;396989;2795999.4560999996;0.3085527496506348;3607;0.14180727896707457
Goal_952;325438;1.0634910271555554E7;0.05555555555555555;396090;2779320.823499999;0.30420458693724817;3600;0.1106165881673966
Goal_953;325438;1.0634910271555554E7;0.1111111111111111;388331;2460532.2032000013;0.30548349216607623;3600;0.13804033660263942
Goal_954;325438;1.0634910271555554E7;0.16666666666666666;385386;2322155.1400999995;0.30670813713038275;3600;0.18742504316621436
Goal_955;325438;1.0634910271555554E7;0.2222222222222222;399067;2811319.9346;0.30813546661013513;3600;0.25168276654501
Goal_968;325438;1.2761892325866664E7;0.38888888888888884;325438;0.0;0.3586739254912444;0;0.0
Goal_969;325438;1.2761892325866664E7;0.4444444444444444;325438;0.0;0.3586739254912444;0;0.0
Goal_970;325438;1.2761892325866664E7;0.5;325438;0.0;0.3586739254912444;0;0.0
Goal_957;325438;1.0634910271555554E7;0.3333333333333333;375561;1970905.1072999998;0.3333334182357609;3205;0.0
Goal_956;325438;1.0634910271555554E7;0.2777777777777778;403499;3096967.1143999994;0.3066688196907786;3600;0.7404714292765486
Goal_961;325438;1.2761892325866664E7;0.0;399519;2933392.9343000003;0.3084978823518849;3610;0.14114273394620613
Goal_962;325438;1.2761892325866664E7;0.05555555555555555;396771;2726862.5827000006;0.30977980556045576;3600;0.1531635806749789
Goal_963;325438;1.2761892325866664E7;0.1111111111111111;398677;2900256.5766999987;0.30706172356409994;3600;0.1527746513923452
Goal_964;325438;1.2761892325866664E7;0.16666666666666666;399819;2894270.9900000016;0.3065220520663014;3600;0.18602405666342842
Goal_977;325438;1.4888874380177774E7;0.3333333333333333;397943;2900088.970999999;0.3129758638797702;44;0.0
Goal_978;325438;1.4888874380177774E7;0.38888888888888884;325438;0.0;0.3586739254912444;0;0.0
Goal_979;325438;1.4888874380177774E7;0.4444444444444444;325438;0.0;0.3586739254912444;0;0.0
Goal_980;325438;1.4888874380177774E7;0.5;325438;0.0;0.3586739254912444;0;0.0
Goal_965;325438;1.2761892325866664E7;0.2222222222222222;400726;2922730.7044999995;0.30809711598895007;3600;0.25129424785748833
Goal_966;325438;1.2761892325866664E7;0.2777777777777778;404696;3100166.71;0.3124130121996151;3602;0.709661314579925
Goal_967;325438;1.2761892325866664E7;0.3333333333333333;375874;2042420.1704000013;0.3333058540913658;3371;0.0
Goal_971;325438;1.4888874380177774E7;0.0;390980;2621281.9201000007;0.30675678260035893;3600;0.13155224276992084
Goal_972;325438;1.4888874380177774E7;0.05555555555555555;397845;2926110.1677000015;0.3085153025713035;3600;0.14347636258395383
Goal_973;325438;1.4888874380177774E7;0.1111111111111111;390989;2585530.5603000005;0.3068075603658296;3610;0.15490981453938177
Goal_987;325438;1.7015856434488885E7;0.3333333333333333;397943;2900088.970999999;0.3129758638797702;42;0.0
Goal_988;325438;1.7015856434488885E7;0.38888888888888884;325438;0.0;0.3586739254912444;0;0.0
Goal_989;325438;1.7015856434488885E7;0.4444444444444444;325438;0.0;0.3586739254912444;0;0.0
Goal_990;325438;1.7015856434488885E7;0.5;325438;0.0;0.3586739254912444;0;0.0
Goal_974;325438;1.4888874380177774E7;0.16666666666666666;390780;2599030.1321;0.308987912146583;3600;0.2040893383119541
Goal_975;325438;1.4888874380177774E7;0.2222222222222222;387847;2491758.5859999997;0.3073746967355064;3600;0.2868792290045657
Goal_976;325438;1.4888874380177774E7;0.2777777777777778;397171;2903282.3053999995;0.30494511337745317;3600;0.7034029733570536
Goal_981;325438;1.7015856434488885E7;0.0;390980;2628791.226500001;0.30675678260035893;3600;0.131552477004223
Goal_982;325438;1.7015856434488885E7;0.05555555555555555;397845;2926110.1677000015;0.3085153025713035;3600;0.14347636258395383
Goal_983;325438;1.7015856434488885E7;0.1111111111111111;390989;2585530.5603000005;0.3068075603658296;3612;0.1549164222189205
Goal_997;325438;1.9142838488799997E7;0.3333333333333333;397943;2900088.970999999;0.3129758638797702;44;0.0
Goal_998;325438;1.9142838488799997E7;0.38888888888888884;325438;0.0;0.3586739254912444;0;0.0
Goal_999;325438;1.9142838488799997E7;0.4444444444444444;325438;0.0;0.3586739254912444;0;0.0
Goal_1000;325438;1.9142838488799997E7;0.5;325438;0.0;0.3586739254912444;0;0.0
Goal_984;325438;1.7015856434488885E7;0.16666666666666666;390780;2599030.1321;0.308987912146583;3617;0.2040893383119541
Goal_985;325438;1.7015856434488885E7;0.2222222222222222;387847;2491758.5859999997;0.3073746967355064;3613;0.2868792290045657
Goal_986;325438;1.7015856434488885E7;0.2777777777777778;397171;2903282.3053999995;0.30494511337745317;3600;0.7034029733570536
Goal_991;325438;1.9142838488799997E7;0.0;390980;2628791.226500001;0.30675678260035893;3600;0.131552477004223
Goal_992;325438;1.9142838488799997E7;0.05555555555555555;397845;2926110.1677000015;0.3085153025713035;3600;0.14347636258395383
Goal_993;325438;1.9142838488799997E7;0.1111111111111111;390989;2585530.5603000005;0.3068075603658296;3600;0.1549164222189205
Goal_994;325438;1.9142838488799997E7;0.16666666666666666;390780;2599030.1321;0.308987912146583;3614;0.2040893383119541
Goal_995;325438;1.9142838488799997E7;0.2222222222222222;387847;2491758.5859999997;0.3073746967355064;3600;0.2868792290045657
Goal_996;325438;1.9142838488799997E7;0.2777777777777778;395724;2857469.3548999997;0.30540454866111133;3600;0.7085652833513685
