Meta_1;423569;0.0;0.0;376439;691821.9632403133;0.391776045847347;3600;0.37985596603535016
Meta_2;423569;0.0;0.053955555555555555;378942;691513.5953715001;0.3935016208679702;3600;0.40000415882510915
Meta_3;423569;0.0;0.10791111111111111;377657;716073.7789368109;0.3907546095541361;3600;0.4113896599028731
Meta_4;423569;0.0;0.16186666666666666;378159;676912.8291275648;0.39185921249610806;3600;0.43888814387558717
Meta_5;423569;0.0;0.21582222222222222;371111;678791.1719358963;0.3866202496101678;3600;0.5234262583202112
Meta_6;423569;0.0;0.2697777777777778;375824;703651.8011361134;0.3893427685657479;3600;0.532196930766125
Meta_7;423569;0.0;0.3237333333333333;382598;867973.6746897493;0.3865422825261823;3600;0.4506509948428798
Meta_8;423569;0.0;0.3776888888888889;380533;820282.1462993602;0.38442891437958465;3600;0.2420579454847024
Meta_9;423569;0.0;0.43164444444444444;389376;636895.8681204396;0.43164426584221177;3600;0.014387927210914293
Meta_10;423569;0.0;0.4856;390503;613022.4051248946;0.4855986245298329;5;0.0
Meta_11;423569;384447.44444444444;0.0;390229;1593353.482502893;0.3730084748427507;3600;0.41939948507296715
Meta_12;423569;384447.44444444444;0.053955555555555555;374932;660667.9931934166;0.39254654377376375;3600;0.4329798406671148
Meta_13;423569;384447.44444444444;0.10791111111111111;376070;648600.1810722115;0.39162765293542984;3600;0.4345823911659542
Meta_14;423569;384447.44444444444;0.16186666666666666;387049;1242933.5711116085;0.3734023533645839;3600;0.44201011634269455
Meta_15;423569;384447.44444444444;0.21582222222222222;387609;1338595.5782791243;0.3709597682594497;3600;0.4859505695846462
Meta_16;423569;384447.44444444444;0.2697777777777778;382503;932210.7198211459;0.383624221214948;3600;0.5673988359795628
Meta_17;423569;384447.44444444444;0.3237333333333333;381639;834312.5492604683;0.38536512607708606;3600;0.5041166265673347
Meta_18;423569;384447.44444444444;0.3776888888888889;380936;786034.9856845795;0.3873121300708496;3600;0.29863776316618434
Meta_19;423569;384447.44444444444;0.43164444444444444;388869;618696.6451852694;0.43164456721311734;3600;0.019560406675975618
Meta_20;423569;384447.44444444444;0.4856;390503;613022.4051248946;0.485598624529833;10;1.3736814295546498E-16
Meta_21;423569;768894.8888888889;0.0;385554;1373888.1021345248;0.36964544238864094;3600;0.4217090505444885
Meta_22;423569;768894.8888888889;0.053955555555555555;387221;1382747.2357039277;0.37029136201894275;3600;0.4293869152808089
Meta_23;423569;768894.8888888889;0.10791111111111111;389830;1579185.1267141404;0.37045527676752865;3600;0.4537077445247741
Meta_24;423569;768894.8888888889;0.16186666666666666;384902;1119042.1899846205;0.3787533089748036;3600;0.4671796923697977
Meta_25;423569;768894.8888888889;0.21582222222222222;387846;1361198.4751363648;0.3718972814911383;3600;0.5629033474021589
Meta_26;423569;768894.8888888889;0.2697777777777778;384414;1122754.5029162462;0.3759826880814801;3600;0.618882773635185
Meta_27;423569;768894.8888888889;0.3237333333333333;385554;925257.1077263249;0.3863863808320119;3600;0.5619928761713548
Meta_28;423569;768894.8888888889;0.3776888888888889;383933;888596.534654386;0.38507636051021543;3600;0.34931013122983445
Meta_29;423569;768894.8888888889;0.43164444444444444;392698;769243.7265182054;0.4316444671585404;3600;0.04171420138393526
Meta_30;423569;768894.8888888889;0.4856;394794;768935.155640848;0.4856005908701307;319;0.0
Meta_31;423569;1153342.3333333333;0.0;383662;1153354.1625984618;0.3760472434818246;3600;0.46233210756466275
Meta_32;423569;1153342.3333333333;0.053955555555555555;391565;1542273.7528649273;0.37608561187287687;3600;0.460690259122638
Meta_33;423569;1153342.3333333333;0.10791111111111111;390392;1651519.8139230118;0.3713954045345867;3600;0.4870705726314357
Meta_34;423569;1153342.3333333333;0.16186666666666666;383852;1306663.0810477815;0.37268185450156;3600;0.5103289502500077
Meta_35;423569;1153342.3333333333;0.21582222222222222;385082;1337141.6708939828;0.36818433050498167;3600;0.5781591596583338
Meta_36;423569;1153342.3333333333;0.2697777777777778;386755;1154059.4613032073;0.3780164294348148;3600;0.6702982785722793
Meta_37;423569;1153342.3333333333;0.3237333333333333;387148;1153343.3051769054;0.38004217872526236;3600;0.6222831022397298
Meta_38;423569;1153342.3333333333;0.3776888888888889;388808;1251138.3185279851;0.3783456364275831;3600;0.38533151715863595
Meta_39;423569;1153342.3333333333;0.43164444444444444;401353;1153390.56075791;0.4316437565869366;3600;0.027627332101586542
Meta_40;423569;1153342.3333333333;0.4856;402680;1153370.1987884238;0.4818115126959436;4;0.0
Meta_41;423569;1537789.7777777778;0.0;384183;1537210.400761699;0.3630831254411104;3600;0.4630988396850832
Meta_42;423569;1537789.7777777778;0.053955555555555555;390600;1608118.731288751;0.3693437483067656;3600;0.45760000590174915
Meta_43;423569;1537789.7777777778;0.10791111111111111;389924;1931614.9003039985;0.37131266445967454;3600;0.5048222228356942
Meta_44;423569;1537789.7777777778;0.16186666666666666;384848;1546177.3335209705;0.36973142857218416;3600;0.5348963061423313
Meta_45;423569;1537789.7777777778;0.21582222222222222;391188;1537755.137148337;0.37045546637800764;3600;0.5977679430613643
Meta_46;423569;1537789.7777777778;0.2697777777777778;389144;1537769.3140273772;0.373718149449612;3600;0.7180998782758186
Meta_47;423569;1537789.7777777778;0.3237333333333333;394148;1537784.5802212923;0.37481114685835265;3600;0.6739565562639624
Meta_48;423569;1537789.7777777778;0.3776888888888889;394475;1537822.6376430725;0.3777934092096092;3600;0.4239985023083954
Meta_49;423569;1537789.7777777778;0.43164444444444444;406236;1537737.6687873318;0.43164422587109735;3600;0.10523525082514512
Meta_50;423569;1537789.7777777778;0.4856;408685;1537782.8238243742;0.48033304876031774;14;0.0
Meta_51;423569;1922237.2222222222;0.0;387433;1922552.8338358474;0.3680391326021863;3600;0.512396558172195
Meta_52;423569;1922237.2222222222;0.053955555555555555;389683;1921944.5764993764;0.3684067629009935;3600;0.48976005269172285
Meta_53;423569;1922237.2222222222;0.10791111111111111;390402;1973729.831852073;0.37203587298215385;3600;0.5184073981939675
Meta_54;423569;1922237.2222222222;0.16186666666666666;389334;1922148.2183716355;0.36542539178408495;3600;0.5409202219215552
Meta_55;423569;1922237.2222222222;0.21582222222222222;385514;1922198.8254662799;0.36875062766923183;3600;0.6607754412531015
Meta_56;423569;1922237.2222222222;0.2697777777777778;391422;1922211.9815557615;0.374547865014753;3600;0.7590456283049136
Meta_57;423569;1922237.2222222222;0.3237333333333333;397401;1921913.6740494976;0.3733287788211576;3600;0.7536792803593665
Meta_58;423569;1922237.2222222222;0.3776888888888889;397467;1919971.1756819366;0.3783590954905853;3600;0.5762179652700784
Meta_59;423569;1922237.2222222222;0.43164444444444444;411940;1922248.1352442629;0.43164404558394126;3600;0.0506430104724397
Meta_60;423569;1922237.2222222222;0.4856;413819;1922227.2601824352;0.47510359491042586;23;0.0
Meta_61;423569;2306684.6666666665;0.0;388335;2311355.8756156494;0.3655449767843319;3600;0.48116769348353794
Meta_62;423569;2306684.6666666665;0.053955555555555555;394135;2235980.178943773;0.37251948192890955;3600;0.48835544977302353
Meta_63;423569;2306684.6666666665;0.10791111111111111;387802;2306624.939151651;0.36834270325441376;3600;0.5306812962773788
Meta_64;423569;2306684.6666666665;0.16186666666666666;390399;2306656.4396147532;0.36457601359463;3600;0.5468515241867636
Meta_65;423569;2306684.6666666665;0.21582222222222222;390313;2306618.77518506;0.370181202398416;3600;0.6570272463886875
Meta_66;423569;2306684.6666666665;0.2697777777777778;392216;2299640.3913715538;0.367387430660969;3600;0.7770879143801592
Meta_67;423569;2306684.6666666665;0.3237333333333333;397944;2306133.473638921;0.3744870923405144;3600;0.8143153314104552
Meta_68;423569;2306684.6666666665;0.3776888888888889;398852;1994272.1851710626;0.37768906053999485;3600;0.7119556836399228
Meta_69;423569;2306684.6666666665;0.43164444444444444;415633;2306685.6769104144;0.4316444734408624;3600;0.16643256910936685
Meta_70;423569;2306684.6666666665;0.4856;418038;2306693.579604555;0.47181024486136464;22;0.0
Meta_71;423569;2691132.111111111;0.0;395813;2691294.3330346155;0.3646771937248775;3600;0.4763042567983394
Meta_72;423569;2691132.111111111;0.053955555555555555;393439;2691089.6006414187;0.37304974829266974;3600;0.5068810582846665
Meta_73;423569;2691132.111111111;0.10791111111111111;398323;2679930.323466108;0.3776167710373335;3600;0.5377282154703512
Meta_74;423569;2691132.111111111;0.16186666666666666;394334;2432921.176538118;0.37833384383262164;3600;0.5804658964853792
Meta_75;423569;2691132.111111111;0.21582222222222222;389522;2691125.9295682437;0.3681325401056205;3600;0.6822290177360356
Meta_76;423569;2691132.111111111;0.2697777777777778;391211;2678955.6635650806;0.36492198602620235;3600;0.7695828773489146
Meta_77;423569;2691132.111111111;0.3237333333333333;396162;2630397.602104397;0.3635328062603064;3600;0.8018073841437353
Meta_78;423569;2691132.111111111;0.3776888888888889;402037;2627078.491901045;0.37768967754414795;3600;0.8104982184055406
Meta_79;423569;2691132.111111111;0.43164444444444444;418846;2685645.091948595;0.4316429768495412;3600;0.33616508254162664
Meta_80;423569;2691132.111111111;0.4856;421535;2691087.5531638768;0.46229466811780184;21;0.0
Meta_81;423569;3075579.5555555555;0.0;395177;3075267.1719653704;0.3661017442790129;3600;0.5051059752105783
Meta_82;423569;3075579.5555555555;0.053955555555555555;396554;3067271.3242475344;0.3714351207786298;3600;0.4968703370859271
Meta_83;423569;3075579.5555555555;0.10791111111111111;395953;2902123.881258651;0.3791357829166673;3600;0.5270173091680017
Meta_84;423569;3075579.5555555555;0.16186666666666666;393486;3071051.8131174226;0.36514767808676984;3600;0.5271933434189072
Meta_85;423569;3075579.5555555555;0.21582222222222222;390898;3027788.031046745;0.36963911959700524;3600;0.659420882222773
Meta_86;423569;3075579.5555555555;0.2697777777777778;394255;2435980.333849526;0.3716823170345551;3600;0.7732316548514195
Meta_87;423569;3075579.5555555555;0.3237333333333333;393366;2788629.349739987;0.36337619829601925;3600;0.8168599395337263
Meta_88;423569;3075579.5555555555;0.3776888888888889;405062;3051652.4392798077;0.3791035686614412;3600;0.8179521670172857
Meta_89;423569;3075579.5555555555;0.43164444444444444;420210;3075461.6304122345;0.43157660674927933;3600;0.7280215949914752
Meta_90;423569;3075579.5555555555;0.4856;422822;3068623.6806467716;0.4616999347796947;80;0.0
Meta_91;423569;3460027.0;0.0;393317;2441314.097805488;0.376070348277487;3600;0.5174010107967522
Meta_92;423569;3460027.0;0.053955555555555555;392386;2988400.107778983;0.3734651313038136;3600;0.499570462051746
Meta_93;423569;3460027.0;0.10791111111111111;399860;3373491.4656165536;0.3785541464695011;3600;0.5289646677584317
Meta_94;423569;3460027.0;0.16186666666666666;399709;3223779.6622340116;0.3698758806182014;3600;0.5553176894788902
Meta_95;423569;3460027.0;0.21582222222222222;395234;3437179.9451286914;0.3700537308893583;3600;0.6271280557920695
Meta_96;423569;3460027.0;0.2697777777777778;394239;3421923.1208558558;0.3779764078026857;3600;0.773120173588363
Meta_97;423569;3460027.0;0.3237333333333333;396497;3399271.2752737724;0.3685750480936367;3600;0.8269250462943868
Meta_98;423569;3460027.0;0.3776888888888889;402906;3310477.266020405;0.3776883339736072;3600;0.854226430717556
Meta_99;423569;3460027.0;0.43164444444444444;422050;3459929.430719287;0.43164445750847463;3600;0.8898050833483804
Meta_100;423569;3460027.0;0.4856;423569;3460009.782391001;0.4576908402467757;72;0.0
Meta_101;397564;0.0;0.0;375536;690824.2024704389;0.3926733719167823;3600;0.44165577564505165
Meta_102;397564;0.0;0.053955555555555555;388418;1257359.5098160156;0.37647624723595047;3600;0.4412947753762325
Meta_103;397564;0.0;0.10791111111111111;390040;1655844.767342494;0.3729920516880425;3600;0.4968796023041847
Meta_104;397564;0.0;0.16186666666666666;382756;962886.2663135512;0.3797434101781412;3600;0.4991955797452643
Meta_105;397564;0.0;0.21582222222222222;379374;731711.922211039;0.38907002039642835;3600;0.5671581714771811
Meta_106;397564;0.0;0.2697777777777778;385384;1524447.6502951311;0.3634597145182812;3600;0.6297078297524195
Meta_107;397564;0.0;0.3237333333333333;389898;1519614.2801139173;0.3683179201141782;3600;0.5932291358143925
Meta_108;397564;0.0;0.3776888888888889;388574;1034351.8302387398;0.38505710818633315;3600;0.3365898443206927
Meta_109;397564;0.0;0.43164444444444444;388150;593630.8542747502;0.4316444979962859;3600;0.026715589680721453
Meta_110;397564;0.0;0.4856;390503;613022.4051248946;0.4855986245298329;9;0.0
Meta_111;397564;384447.44444444444;0.0;389347;1346687.4207510229;0.37395501727436004;3600;0.4360724382381877
Meta_112;397564;384447.44444444444;0.053955555555555555;376364;616318.1743263404;0.3942834674362496;3600;0.5049422052148425
Meta_113;397564;384447.44444444444;0.10791111111111111;380882;929231.7158684444;0.38260178255346833;3600;0.48888109992377843
Meta_114;397564;384447.44444444444;0.16186666666666666;383523;995715.5573549891;0.3809236772779336;3600;0.554088033975345
Meta_115;397564;384447.44444444444;0.21582222222222222;376165;766675.5497227468;0.38811138548437507;3600;0.6368710051939594
Meta_116;397564;384447.44444444444;0.2697777777777778;379949;825086.4721064568;0.3845646488904266;3600;0.6726344934725901
Meta_117;397564;384447.44444444444;0.3237333333333333;381213;789234.8759106749;0.38777578071280233;3600;0.6742637767841959
Meta_118;397564;384447.44444444444;0.3776888888888889;384220;892375.0367337454;0.3852396238745442;3600;0.47519843093574177
Meta_119;397564;384447.44444444444;0.43164444444444444;387371;567344.885022074;0.43164434661506895;3600;0.044606344298356984
Meta_120;397564;384447.44444444444;0.4856;390503;613022.4051248946;0.48559862452983316;12;0.0
Meta_121;397564;768894.8888888889;0.0;389631;1747419.744502346;0.3672461582939011;3600;0.5141294567735986
Meta_122;397564;768894.8888888889;0.053955555555555555;390192;1705275.5050216562;0.3701494262084602;3600;0.5133188740613204
Meta_123;397564;768894.8888888889;0.10791111111111111;388642;1623208.3503249204;0.37169020213323345;3600;0.5516591108141511
Meta_124;397564;768894.8888888889;0.16186666666666666;387732;1834102.0998194197;0.36767717177444087;3600;0.6467729717655284
Meta_125;397564;768894.8888888889;0.21582222222222222;387812;1505579.1598473187;0.3772166236643405;3600;0.7024424291465173
Meta_126;397564;768894.8888888889;0.2697777777777778;389009;1354983.0959482372;0.37458915870374787;3600;0.7659337121668652
Meta_127;397564;768894.8888888889;0.3237333333333333;388276;1218209.33651895;0.3776983656672131;3600;0.7884462693055697
Meta_128;397564;768894.8888888889;0.3776888888888889;382997;915161.2050962588;0.38488962748827926;3600;0.7259764786705846
Meta_129;397564;768894.8888888889;0.43164444444444444;392815;768909.5387990668;0.4316440054401736;3600;0.14400661080586022
Meta_130;397564;768894.8888888889;0.4856;394794;768935.2563121117;0.48560002291801674;604;0.0
Meta_131;397564;1153342.3333333333;0.0;383796;1153348.3548127613;0.3806912956717595;3600;0.5541580435247943
Meta_132;397564;1153342.3333333333;0.053955555555555555;388320;1702885.851787906;0.37272523809144215;3600;0.5738881631225354
Meta_133;397564;1153342.3333333333;0.10791111111111111;382197;1153208.3920804397;0.37831798565282637;3600;0.5572623917538899
Meta_134;397564;1153342.3333333333;0.16186666666666666;387708;1369952.4088759115;0.3748966658669009;3600;0.6343194654880248
Meta_135;397564;1153342.3333333333;0.21582222222222222;383936;1227199.8578403625;0.37152716763923826;3600;0.7230325082164822
Meta_136;397564;1153342.3333333333;0.2697777777777778;386339;1152777.246527601;0.38182253980182873;3600;0.9117536584311857
Meta_137;397564;1153342.3333333333;0.3237333333333333;389550;1299157.3549519265;0.3730744844167293;3600;0.9981341545977103
Meta_138;397564;1153342.3333333333;0.3776888888888889;387970;1153359.1701059951;0.3784109659811229;3600;1.0
Meta_139;397564;1153342.3333333333;0.43164444444444444;397574;1151622.7983084284;0.4316315221087692;82;0.0
Meta_140;397564;1153342.3333333333;0.4856;397564;1119808.432454476;0.48558473957062614;3;0.0
Meta_141;397564;1537789.7777777778;0.0;385850;1537766.3120218364;0.3670569036721016;3600;0.5661468268160325
Meta_142;397564;1537789.7777777778;0.053955555555555555;386219;1437579.0222911919;0.3754292417807911;3600;0.5610080524012174
Meta_143;397564;1537789.7777777778;0.10791111111111111;390512;1537788.2116061058;0.3721633426921936;3600;0.6184105748232791
Meta_144;397564;1537789.7777777778;0.16186666666666666;388240;1680250.5846428638;0.3644132533633058;3600;0.6652733165843092
Meta_145;397564;1537789.7777777778;0.21582222222222222;385635;1530902.079667858;0.37743108255317576;3600;0.8524048951465304
Meta_146;397564;1537789.7777777778;0.2697777777777778;391015;1537765.0578779203;0.36987356300543844;3600;1.0
Meta_147;397564;1537789.7777777778;0.3237333333333333;390290;1621734.7808772498;0.36714900131763645;3600;1.0
Meta_148;397564;1537789.7777777778;0.3776888888888889;395301;1537804.4857583435;0.3776901744205738;3600;1.0
Meta_149;397564;1537789.7777777778;0.43164444444444444;397566;1537191.166676512;0.4314920696156125;34;0.0
Meta_150;397564;1537789.7777777778;0.4856;397564;1535263.6085275991;0.48386558862010837;3;0.0
Meta_151;397564;1922237.2222222222;0.0;390580;1922182.77371951;0.37007291016284793;3600;0.5662784934429471
Meta_152;397564;1922237.2222222222;0.053955555555555555;383883;1922177.8261690647;0.3665771771143416;3600;0.600245186003301
Meta_153;397564;1922237.2222222222;0.10791111111111111;386457;1887152.3295453382;0.3754445644440638;3600;0.6545273505998818
Meta_154;397564;1922237.2222222222;0.16186666666666666;389500;1922229.368467046;0.36923080726952445;3600;0.7058996920421398
Meta_155;397564;1922237.2222222222;0.21582222222222222;391676;1967029.4755518094;0.3617667681395482;3600;0.9070936461168202
Meta_156;397564;1922237.2222222222;0.2697777777777778;390272;1922226.1183086652;0.3622744291868532;3600;1.0
Meta_157;397564;1922237.2222222222;0.3237333333333333;390111;1922228.0875985406;0.35896680092682237;3600;1.0
Meta_158;397564;1922237.2222222222;0.3776888888888889;396273;1922244.5487447553;0.37769115199992476;3600;1.0
Meta_159;397564;1922237.2222222222;0.43164444444444444;398045;1917375.580185989;0.43164455202332247;27;0.0
Meta_160;397564;1922237.2222222222;0.4856;397703;1909443.3587197696;0.48541117651484733;4;0.0
Meta_161;397564;2306684.6666666665;0.0;389387;2304419.2840588787;0.3630277906395851;3600;0.5779786748174249
Meta_162;397564;2306684.6666666665;0.053955555555555555;391646;2306694.144119918;0.3761905839188261;3600;0.6354217351258028
Meta_163;397564;2306684.6666666665;0.10791111111111111;396515;2306658.344640134;0.369315575277179;3600;0.6288398289403144
Meta_164;397564;2306684.6666666665;0.16186666666666666;397574;2304424.2283503185;0.37277746530673894;3600;0.7207863631561537
Meta_165;397564;2306684.6666666665;0.21582222222222222;393185;2295202.698955415;0.36739327903164704;3600;1.0
Meta_166;397564;2306684.6666666665;0.2697777777777778;393314;2306672.207799662;0.3575097018265007;3600;1.0
Meta_167;397564;2306684.6666666665;0.3237333333333333;397557;2298790.1293627582;0.3638690605807763;3600;1.0
Meta_168;397564;2306684.6666666665;0.3776888888888889;397564;2306502.0944734286;0.37768874051886653;2051;0.0
Meta_169;397564;2306684.6666666665;0.43164444444444444;397599;2271408.051831492;0.4316399338423618;23;0.0
Meta_170;397564;2306684.6666666665;0.4856;397564;2245817.2158069634;0.4821990675078985;2;0.0
Meta_171;397564;2691132.111111111;0.0;395081;2571011.288688362;0.3704563050840652;3600;0.5817730512700465
Meta_172;397564;2691132.111111111;0.053955555555555555;390907;2666865.4802918048;0.37273168551412605;3600;0.634145881449226
Meta_173;397564;2691132.111111111;0.10791111111111111;394853;2579898.3918696726;0.37222176820578917;3600;0.6595892135431466
Meta_174;397564;2691132.111111111;0.16186666666666666;393266;2691112.2057880815;0.3597654322620957;3600;0.8040503577495762
Meta_175;397564;2691132.111111111;0.21582222222222222;397561;2690891.2020241083;0.3615172456096541;3600;1.0
Meta_176;397564;2691132.111111111;0.2697777777777778;392821;2634684.146354433;0.3592401140065536;3600;1.0
Meta_177;397564;2691132.111111111;0.3237333333333333;396010;2691134.056347914;0.36140893578071676;3600;1.0
Meta_178;397564;2691132.111111111;0.3776888888888889;392681;2220613.818413923;0.37769711648179044;3600;1.0
Meta_179;397564;2691132.111111111;0.43164444444444444;397660;2564273.2659301707;0.43162220901679316;18;0.0
Meta_180;397564;2691132.111111111;0.4856;398903;2240449.578043979;0.4847171146209486;4;0.0
Meta_181;397564;3075579.5555555555;0.0;395701;3072558.72292352;0.35937878225321157;3600;0.5564015743972736
Meta_182;397564;3075579.5555555555;0.053955555555555555;394352;3045556.688751178;0.36783168763520246;3600;0.6049415367069895
Meta_183;397564;3075579.5555555555;0.10791111111111111;392835;3074353.2695132596;0.36343961079788584;3600;0.65036577505167
Meta_184;397564;3075579.5555555555;0.16186666666666666;391904;2926343.1607205207;0.3642368929464336;3600;0.7198934944906691
Meta_185;397564;3075579.5555555555;0.21582222222222222;397431;3015738.7641791278;0.37479760825912956;3600;1.0
Meta_186;397564;3075579.5555555555;0.2697777777777778;397249;3075596.4883176195;0.3619740782030579;3600;1.0
Meta_187;397564;3075579.5555555555;0.3237333333333333;394893;3028348.4169957233;0.3594679187808509;3600;1.0
Meta_188;397564;3075579.5555555555;0.3776888888888889;397564;3009557.9400701313;0.3776895886438205;2830;0.0
Meta_189;397564;3075579.5555555555;0.43164444444444444;397578;2858012.6778648207;0.4316198548838754;31;0.0
Meta_190;397564;3075579.5555555555;0.4856;397564;2290031.807004393;0.48296832069110324;3;0.0
Meta_191;397564;3460027.0;0.0;394358;3425910.4031094336;0.370156831958987;3600;0.5687293051399569
Meta_192;397564;3460027.0;0.053955555555555555;395546;3425088.8613969423;0.36492488938729273;3600;0.5851540652643887
Meta_193;397564;3460027.0;0.10791111111111111;392260;3419463.9604424955;0.36435157011676506;3600;0.6422355537974148
Meta_194;397564;3460027.0;0.16186666666666666;391093;3391667.945673026;0.36807768415949116;3600;0.7242919719968259
Meta_195;397564;3460027.0;0.21582222222222222;396554;3202409.339784257;0.36131438440110564;3600;1.0
Meta_196;397564;3460027.0;0.2697777777777778;395333;3239909.726314009;0.3584869564002803;3600;1.0
Meta_197;397564;3460027.0;0.3237333333333333;396559;3370196.9415906463;0.35923551180409213;3600;1.0
Meta_198;397564;3460027.0;0.3776888888888889;397564;3135096.728880733;0.37768246741193123;157;0.0
Meta_199;397564;3460027.0;0.43164444444444444;397569;3309983.3055710625;0.43164547461352265;9;0.0
Meta_200;397564;3460027.0;0.4856;397564;3415948.0797114447;0.48402956547956255;3;0.0
Meta_201;371560;0.0;0.0;371534;692391.9779835995;0.3858558096947652;3600;0.5225689117177407
Meta_202;371560;0.0;0.053955555555555555;371560;689855.0803582928;0.38531582607740117;3600;0.5062543582002004
Meta_203;371560;0.0;0.10791111111111111;371560;1236125.4654052863;0.3664765365899818;3600;0.5608343341704638
Meta_204;371560;0.0;0.16186666666666666;370149;711832.2082246187;0.3861392859858689;3600;0.5861303397034618
Meta_205;371560;0.0;0.21582222222222222;368165;663070.9929134519;0.38617969294263016;3600;0.7086665753552613
Meta_206;371560;0.0;0.2697777777777778;371780;1063870.2100403614;0.370247522743389;3600;0.8067202119269874
Meta_207;371560;0.0;0.3237333333333333;369300;578402.5048059082;0.3913101423138702;3600;0.8403051180276578
Meta_208;371560;0.0;0.3776888888888889;371681;862816.4166434109;0.37768880730473287;3600;0.7156600975709966
Meta_209;371560;0.0;0.43164444444444444;371560;160226.47261916852;0.4316466472360561;3600;0.05348300133677771
Meta_210;371560;0.0;0.4856;371560;127716.77316187562;0.4654479828708344;1;0.0
Meta_211;371560;384447.44444444444;0.0;371558;689247.2765445922;0.38558681371632375;3600;0.5178851822092873
Meta_212;371560;384447.44444444444;0.053955555555555555;371544;665582.5929910163;0.3880942107312919;3600;0.5721161349719769
Meta_213;371560;384447.44444444444;0.10791111111111111;371560;690272.1400361186;0.3865951017247141;3600;0.620431981350802
Meta_214;371560;384447.44444444444;0.16186666666666666;371506;746250.9417983347;0.3853751176636778;3600;0.6760370558076488
Meta_215;371560;384447.44444444444;0.21582222222222222;371954;1307118.9850399517;0.3615703060588642;3600;0.799469877269389
Meta_216;371560;384447.44444444444;0.2697777777777778;371585;822312.4108404928;0.37723837025076773;3600;0.9146176579653883
Meta_217;371560;384447.44444444444;0.3237333333333333;371560;1109747.9098135673;0.36837155563592083;3600;1.0
Meta_218;371560;384447.44444444444;0.3776888888888889;371564;816703.831125769;0.37814951949072867;3600;1.0
Meta_219;371560;384447.44444444444;0.43164444444444444;371697;384010.7464013685;0.4313862458333072;16;0.0
Meta_220;371560;384447.44444444444;0.4856;371560;347469.0532568229;0.4806850636999988;3;0.0
Meta_221;371560;768894.8888888889;0.0;371560;768897.8521912551;0.38824130612217983;3600;0.5955963221036955
Meta_222;371560;768894.8888888889;0.053955555555555555;370890;768607.8712730415;0.3843820360120417;3600;0.6137374770188845
Meta_223;371560;768894.8888888889;0.10791111111111111;371563;767619.0157873952;0.3808556710384254;3600;0.6431970822293208
Meta_224;371560;768894.8888888889;0.16186666666666666;371559;1031536.4958230631;0.37000566786756156;3600;0.7452351889494149
Meta_225;371560;768894.8888888889;0.21582222222222222;371570;1508476.544876202;0.35795072286118845;3600;1.0
Meta_226;371560;768894.8888888889;0.2697777777777778;371559;1002629.3310751866;0.36974877355845465;3600;1.0
Meta_227;371560;768894.8888888889;0.3237333333333333;371560;937439.5157477134;0.37278460400556757;3600;1.0
Meta_228;371560;768894.8888888889;0.3776888888888889;371560;831705.7012154326;0.37768792231455983;3600;1.0
Meta_229;371560;768894.8888888889;0.43164444444444444;372858;738371.2884690319;0.4314753794052315;11;0.0
Meta_230;371560;768894.8888888889;0.4856;371584;768888.0422468256;0.4803742874373968;3;0.0
Meta_231;371560;1153342.3333333333;0.0;371560;1562277.7609366628;0.3602312889949012;3600;0.664527431210223
Meta_232;371560;1153342.3333333333;0.053955555555555555;371658;1662692.495000103;0.3617498487139495;3600;0.7190683116669143
Meta_233;371560;1153342.3333333333;0.10791111111111111;371560;1134891.0670993596;0.3767437472681405;3600;0.6881349844858761
Meta_234;371560;1153342.3333333333;0.16186666666666666;371563;1154736.7542592497;0.3652806496608657;3600;0.7393621564594128
Meta_235;371560;1153342.3333333333;0.21582222222222222;371561;1547338.9560538628;0.3577954365457425;3600;1.0
Meta_236;371560;1153342.3333333333;0.2697777777777778;371560;1161913.5392819084;0.36879609720202744;3600;1.0
Meta_237;371560;1153342.3333333333;0.3237333333333333;371751;1153374.946440296;0.370152776457531;3600;1.0
Meta_238;371560;1153342.3333333333;0.3776888888888889;372104;1153343.4614372535;0.3776887552241154;238;0.0
Meta_239;371560;1153342.3333333333;0.43164444444444444;372045;1096493.8349970817;0.43164462300412076;9;0.0
Meta_240;371560;1153342.3333333333;0.4856;374202;882267.4448772663;0.4812010277062818;2;0.0
Meta_241;371560;1537789.7777777778;0.0;371560;1485247.33396996;0.3675716620581224;3600;0.6722289957217567
Meta_242;371560;1537789.7777777778;0.053955555555555555;371560;1537768.1400470799;0.3608822842253366;3600;0.6717882816359284
Meta_243;371560;1537789.7777777778;0.10791111111111111;371560;1520648.1084248824;0.37054257594786855;3600;0.7798915860714303
Meta_244;371560;1537789.7777777778;0.16186666666666666;371574;1537799.5121797824;0.35810065949605085;3600;0.8165966407920044
Meta_245;371560;1537789.7777777778;0.21582222222222222;371722;1537762.019799296;0.354858886243834;3600;1.0
Meta_246;371560;1537789.7777777778;0.2697777777777778;371560;1537758.918911143;0.36326241256312963;3600;1.0
Meta_247;371560;1537789.7777777778;0.3237333333333333;371560;1537696.6714126153;0.36232816178983274;3600;1.0
Meta_248;371560;1537789.7777777778;0.3776888888888889;371614;1537273.5143768264;0.3776893573051489;50;0.0
Meta_249;371560;1537789.7777777778;0.43164444444444444;371560;1245782.7452640212;0.431524067712943;9;0.0
Meta_250;371560;1537789.7777777778;0.4856;371560;1439531.6258977088;0.4790269028901297;1;0.0
Meta_251;371560;1922237.2222222222;0.0;373133;1924932.0665319301;0.35781746422063304;3600;0.6972358588591965
Meta_252;371560;1922237.2222222222;0.053955555555555555;371562;1922055.9628441103;0.3589718054903739;3600;0.7060502416520347
Meta_253;371560;1922237.2222222222;0.10791111111111111;371560;1922238.8830674058;0.35493821211635845;3600;0.6970508917296578
Meta_254;371560;1922237.2222222222;0.16186666666666666;371560;1922154.4509762255;0.35433463966571355;3600;0.8262716647484442
Meta_255;371560;1922237.2222222222;0.21582222222222222;371560;1821407.8216816715;0.35775840239537776;3600;1.0
Meta_256;371560;1922237.2222222222;0.2697777777777778;371560;1922202.4398054224;0.3527215261554886;3600;1.0
Meta_257;371560;1922237.2222222222;0.3237333333333333;371635;1922133.634419382;0.35419617976287787;3600;1.0
Meta_258;371560;1922237.2222222222;0.3776888888888889;371560;1922090.668736144;0.37768474052270473;199;0.0
Meta_259;371560;1922237.2222222222;0.43164444444444444;372116;1489938.0538696426;0.431636590991303;7;0.0
Meta_260;371560;1922237.2222222222;0.4856;371560;1351729.057512442;0.4843861003929403;2;0.0
Meta_261;371560;2306684.6666666665;0.0;371562;2279135.091728214;0.35315553496516194;3600;0.698624161445221
Meta_262;371560;2306684.6666666665;0.053955555555555555;371564;2308399.48826527;0.3565169068597418;3600;0.7175103076362965
Meta_263;371560;2306684.6666666665;0.10791111111111111;371541;1866884.480754238;0.3674213174609924;3600;0.8125718588916231
Meta_264;371560;2306684.6666666665;0.16186666666666666;371597;2168207.5562738534;0.35282256717411353;3600;0.8540415324501378
Meta_265;371560;2306684.6666666665;0.21582222222222222;371560;2306647.517700664;0.3497141481068553;3600;1.0
Meta_266;371560;2306684.6666666665;0.2697777777777778;371560;2255054.8158130776;0.34872083671430126;3600;1.0
Meta_267;371560;2306684.6666666665;0.3237333333333333;371560;2295283.1984744435;0.355095475722423;3600;1.0
Meta_268;371560;2306684.6666666665;0.3776888888888889;371560;2200727.060989801;0.377687275939216;53;0.0
Meta_269;371560;2306684.6666666665;0.43164444444444444;375243;2031618.140431671;0.4313610915664945;8;0.0
Meta_270;371560;2306684.6666666665;0.4856;371560;1643255.3071366546;0.47181154469492836;1;0.0
Meta_271;371560;2691132.111111111;0.0;371615;2618243.343962704;0.3601366500893498;3600;0.7295675430859486
Meta_272;371560;2691132.111111111;0.053955555555555555;371560;2607584.830251774;0.3533098912996025;3600;0.7077466102816671
Meta_273;371560;2691132.111111111;0.10791111111111111;371697;2606939.034072568;0.3461304615137301;3600;0.7865179163375868
Meta_274;371560;2691132.111111111;0.16186666666666666;371560;2666936.5035504526;0.35701632122936633;3600;0.7988018104545374
Meta_275;371560;2691132.111111111;0.21582222222222222;371560;2635940.8932077615;0.34433788635734164;3600;1.0
Meta_276;371560;2691132.111111111;0.2697777777777778;371560;2678008.665094713;0.35002972419314254;3600;1.0
Meta_277;371560;2691132.111111111;0.3237333333333333;371562;2602760.9675168046;0.34919302248678163;3600;1.0
Meta_278;371560;2691132.111111111;0.3776888888888889;371805;2244384.236117615;0.3776898497932923;83;0.0
Meta_279;371560;2691132.111111111;0.43164444444444444;371587;1683406.7866432362;0.4314990846898155;5;0.0
Meta_280;371560;2691132.111111111;0.4856;371560;746753.0397563078;0.4827407713691864;2;0.0
Meta_281;371560;3075579.5555555555;0.0;371560;2497659.6328155426;0.354883503420359;3600;0.7185012776651067
Meta_282;371560;3075579.5555555555;0.053955555555555555;371560;2954775.1232189247;0.3487159502769422;3600;0.7236678889936712
Meta_283;371560;3075579.5555555555;0.10791111111111111;371562;2878704.674219582;0.3531449185087902;3600;0.7756893302100325
Meta_284;371560;3075579.5555555555;0.16186666666666666;371557;2576692.627323206;0.3552335343200865;3600;0.8227675561636186
Meta_285;371560;3075579.5555555555;0.21582222222222222;371560;2863367.9042504244;0.34942364162723;3600;1.0
Meta_286;371560;3075579.5555555555;0.2697777777777778;371560;3005985.412109469;0.35440615573964096;3600;1.0
Meta_287;371560;3075579.5555555555;0.3237333333333333;371560;2314864.5779561107;0.35742707447093214;3600;1.0
Meta_288;371560;3075579.5555555555;0.3776888888888889;371696;2787564.9970862237;0.3776778351939808;25;0.0
Meta_289;371560;3075579.5555555555;0.43164444444444444;372345;1982860.1766796939;0.4312313805774866;5;0.0
Meta_290;371560;3075579.5555555555;0.4856;371560;491710.5784751043;0.4755642363623587;3;0.0
Meta_291;371560;3460027.0;0.0;371563;3403416.7005066336;0.35319922128503206;3600;0.6804685646797113
Meta_292;371560;3460027.0;0.053955555555555555;372892;3024584.4327596435;0.35621811676112275;3600;0.7089147267417125
Meta_293;371560;3460027.0;0.10791111111111111;371560;3050279.8835231857;0.3566898094967818;3600;0.7363780207140201
Meta_294;371560;3460027.0;0.16186666666666666;371561;3458562.032900213;0.34549677680958446;3600;0.8020883532463826
Meta_295;371560;3460027.0;0.21582222222222222;371560;3427066.064440847;0.3413403860191837;3600;1.0
Meta_296;371560;3460027.0;0.2697777777777778;371561;2593585.0501076826;0.3540953362508274;3600;1.0
Meta_297;371560;3460027.0;0.3237333333333333;371560;3228963.5416275538;0.35049619487480066;3600;1.0
Meta_298;371560;3460027.0;0.3776888888888889;371824;3375412.404360948;0.3776896824735526;46;0.0
Meta_299;371560;3460027.0;0.43164444444444444;371567;2177105.6265249136;0.43164218816758343;6;0.0
Meta_300;371560;3460027.0;0.4856;371560;843571.150731647;0.48438440097282176;3;0.0
Meta_301;345556;0.0;0.0;345556;814683.0305772858;0.36902268684681905;3600;0.6045128172546332
Meta_302;345556;0.0;0.053955555555555555;345556;782062.0836649663;0.3698386760525308;3600;0.626456190335151
Meta_303;345556;0.0;0.10791111111111111;287321;226899.9972823881;0.30902360973087567;3600;0.6550916895262776
Meta_304;345556;0.0;0.16186666666666666;345557;682952.0909921622;0.3716129544159381;3600;0.7144559963027493
Meta_305;345556;0.0;0.21582222222222222;317001;436657.35538346856;0.3404627267137527;3600;0.8591841991647623
Meta_306;345556;0.0;0.2697777777777778;298688;209188.21977079613;0.3227487135065858;3600;0.9288178921219621
Meta_307;345556;0.0;0.3237333333333333;341790;471411.5568541571;0.37186270386746717;3601;1.0
Meta_308;345556;0.0;0.3776888888888889;345557;434803.52705339796;0.3776900035721628;3600;1.0
Meta_309;345556;0.0;0.43164444444444444;345812;0.0;0.42990207584099216;342;0.0
Meta_310;345556;0.0;0.4856;345724;0.0;0.4515344786064946;0;0.0
Meta_311;345556;384447.44444444444;0.0;346648;782806.6250222126;0.37134768036007404;3600;0.6684447835312027
Meta_312;345556;384447.44444444444;0.053955555555555555;345703;802838.0539979311;0.3699067354978089;3600;0.707113705375374
Meta_313;345556;384447.44444444444;0.10791111111111111;345764;691184.6013405954;0.3718900359001506;3600;0.7392542440200781
Meta_314;345556;384447.44444444444;0.16186666666666666;309507;384465.25434428494;0.33615589395320206;3600;0.803067723093666
Meta_315;345556;384447.44444444444;0.21582222222222222;346983;949113.6444202134;0.36752881462568654;3600;1.0
Meta_316;345556;384447.44444444444;0.2697777777777778;345556;676656.5185907937;0.3685884090531158;3600;1.0
Meta_317;345556;384447.44444444444;0.3237333333333333;319027;498071.9753649311;0.340178328462482;3600;1.0
Meta_318;345556;384447.44444444444;0.3776888888888889;345556;595263.6837276098;0.3776897152956509;3600;1.0
Meta_319;345556;384447.44444444444;0.43164444444444444;350016;323363.9254341127;0.43151738605101636;3;0.0
Meta_320;345556;384447.44444444444;0.4856;346876;1530.0864000000001;0.45463674758354355;0;0.0
Meta_321;345556;768894.8888888889;0.0;345727;768903.3049580369;0.37307869497679014;3600;0.7138667091307266
Meta_322;345556;768894.8888888889;0.053955555555555555;345620;946685.0955867465;0.3673733181822606;3600;0.7493077220919712
Meta_323;345556;768894.8888888889;0.10791111111111111;346023;1059252.9750232412;0.36651270312123485;3600;0.8063492001048788
Meta_324;345556;768894.8888888889;0.16186666666666666;345556;770843.871381373;0.372059676229129;3600;0.9350197833259678
Meta_325;345556;768894.8888888889;0.21582222222222222;345556;768906.4997528067;0.36759756998032367;3600;1.0
Meta_326;345556;768894.8888888889;0.2697777777777778;345556;768908.930889855;0.3663646111967294;3600;1.0
Meta_327;345556;768894.8888888889;0.3237333333333333;345556;894745.2888005963;0.36663567553270887;3600;1.0
Meta_328;345556;768894.8888888889;0.3776888888888889;345631;768416.4239213917;0.37764055302505234;118;0.0
Meta_329;345556;768894.8888888889;0.43164444444444444;352540;474435.44131991715;0.4316433059348601;4;0.0
Meta_330;345556;768894.8888888889;0.4856;346876;1530.0864000000001;0.45463674758354355;0;0.0
Meta_331;345556;1153342.3333333333;0.0;347656;1153918.9119682107;0.36132229432845414;3600;0.7494104488017015
Meta_332;345556;1153342.3333333333;0.053955555555555555;345584;1127321.4324695158;0.3629670568461029;3600;0.7692997213789396
Meta_333;345556;1153342.3333333333;0.10791111111111111;345556;1152726.7622668406;0.3641426909316291;3600;0.8009760983498446
Meta_334;345556;1153342.3333333333;0.16186666666666666;346509;1307247.8860766466;0.35736678774643066;3600;0.9822834724621362
Meta_335;345556;1153342.3333333333;0.21582222222222222;345557;1153286.2473582681;0.3566276172286831;3600;1.0
Meta_336;345556;1153342.3333333333;0.2697777777777778;345556;1144988.2796417715;0.35850747736912697;3600;1.0
Meta_337;345556;1153342.3333333333;0.3237333333333333;345298;1153351.0425557157;0.3572916897826565;3600;1.0
Meta_338;345556;1153342.3333333333;0.3776888888888889;345663;1146906.47848988;0.37769020769435885;46;0.0
Meta_339;345556;1153342.3333333333;0.43164444444444444;345561;411249.29869884416;0.4316432834897597;3;0.0
Meta_340;345556;1153342.3333333333;0.4856;346876;1530.0864000000001;0.45463674758354355;0;0.0
Meta_341;345556;1537789.7777777778;0.0;345559;1506288.9586304016;0.35802425677474886;3600;0.7043300678001888
Meta_342;345556;1537789.7777777778;0.053955555555555555;346398;1513684.315686816;0.3604264802540697;3600;0.7576473491092974
Meta_343;345556;1537789.7777777778;0.10791111111111111;347149;1537633.383428108;0.3549283612337329;3600;0.854905870671723
Meta_344;345556;1537789.7777777778;0.16186666666666666;355429;1537759.530800951;0.35673254131606563;3600;0.968142185802516
Meta_345;345556;1537789.7777777778;0.21582222222222222;345658;1536690.0480873345;0.3547814478989507;3600;1.0
Meta_346;345556;1537789.7777777778;0.2697777777777778;345556;1537560.778189317;0.35432662259752606;3600;1.0
Meta_347;345556;1537789.7777777778;0.3237333333333333;345556;1380391.971321942;0.3567117541049896;3600;1.0
Meta_348;345556;1537789.7777777778;0.3776888888888889;345557;1533013.8314480626;0.3776898988850685;37;0.0
Meta_349;345556;1537789.7777777778;0.43164444444444444;345857;729933.2782919996;0.43148726784058905;3;0.0
Meta_350;345556;1537789.7777777778;0.4856;346876;1530.0864000000001;0.45463674758354355;0;0.0
Meta_351;345556;1922237.2222222222;0.0;345556;1893704.788019885;0.3606269983470957;3600;0.7649134105153849
Meta_352;345556;1922237.2222222222;0.053955555555555555;345784;1878818.7596877445;0.35183114748637023;3600;0.7509815167758098
Meta_353;345556;1922237.2222222222;0.10791111111111111;345556;1688315.2241473892;0.3644152878968789;3600;0.8568032910181456
Meta_354;345556;1922237.2222222222;0.16186666666666666;315445;1225079.5255562912;0.33341880441738386;3600;1.0
Meta_355;345556;1922237.2222222222;0.21582222222222222;345611;1921136.5942959809;0.3583562733579449;3600;1.0
Meta_356;345556;1922237.2222222222;0.2697777777777778;345556;1866517.2880585936;0.3546895895719391;3600;1.0
Meta_357;345556;1922237.2222222222;0.3237333333333333;345556;1812187.377820731;0.36179973927401554;3600;1.0
Meta_358;345556;1922237.2222222222;0.3776888888888889;345644;1875228.6234483107;0.3776883275161329;34;0.0
Meta_359;345556;1922237.2222222222;0.43164444444444444;348522;261532.81964510962;0.4316444377690566;3;0.0
Meta_360;345556;1922237.2222222222;0.4856;346876;1530.0864000000001;0.45463674758354355;0;0.0
Meta_361;345556;2306684.6666666665;0.0;345518;2306159.7510121386;0.3513207824807506;3600;0.768868080186093
Meta_362;345556;2306684.6666666665;0.053955555555555555;345556;1786852.838373982;0.35448673730045677;3600;0.7640465562150243
Meta_363;345556;2306684.6666666665;0.10791111111111111;345563;2306694.733072394;0.35465300184952503;3600;0.8249164263287594
Meta_364;345556;2306684.6666666665;0.16186666666666666;314268;1244462.6335452425;0.33226560640030117;3600;1.0
Meta_365;345556;2306684.6666666665;0.21582222222222222;345556;2306695.140790551;0.34332219594601693;3600;1.0
Meta_366;345556;2306684.6666666665;0.2697777777777778;345572;2289301.6174350474;0.3534047111673539;3600;1.0
Meta_367;345556;2306684.6666666665;0.3237333333333333;345556;1772244.0434321824;0.36477661233590286;3600;1.0
Meta_368;345556;2306684.6666666665;0.3776888888888889;345556;1564622.903708895;0.37768811625734583;48;0.0
Meta_369;345556;2306684.6666666665;0.43164444444444444;345699;349813.9997878677;0.43162014944946187;3;0.0
Meta_370;345556;2306684.6666666665;0.4856;346876;1530.0864000000001;0.45463674758354355;0;0.0
Meta_371;345556;2691132.111111111;0.0;345555;2679194.5216583703;0.32616850415896825;3600;0.6741428780108919
Meta_372;345556;2691132.111111111;0.053955555555555555;345562;2257383.149921571;0.3674963929154912;3600;0.8231580387069688
Meta_373;345556;2691132.111111111;0.10791111111111111;345556;2691108.1288023833;0.33145936500299844;3600;0.761980204953588
Meta_374;345556;2691132.111111111;0.16186666666666666;345556;1961309.5137450018;0.35380660832561667;3600;0.9599893330025523
Meta_375;345556;2691132.111111111;0.21582222222222222;345556;2385650.9603748913;0.35036469670346565;3600;1.0
Meta_376;345556;2691132.111111111;0.2697777777777778;345556;2691100.6386748236;0.31928474347922986;3600;1.0
Meta_377;345556;2691132.111111111;0.3237333333333333;343497;1548024.1944834862;0.3632671075992648;3600;1.0
Meta_378;345556;2691132.111111111;0.3776888888888889;345566;1977737.4868159478;0.3776882932226856;45;0.0
Meta_379;345556;2691132.111111111;0.43164444444444444;345706;190759.47140485805;0.43164484222264055;3;0.0
Meta_380;345556;2691132.111111111;0.4856;346876;1530.0864000000001;0.45463674758354355;0;0.0
Meta_381;345556;3075579.5555555555;0.0;345556;2235960.8525116923;0.35878826627351573;3600;0.7442831431361534
Meta_382;345556;3075579.5555555555;0.053955555555555555;345556;2028146.4106496978;0.3562522756337959;3600;0.7541782870432481
Meta_383;345556;3075579.5555555555;0.10791111111111111;346290;3049546.8417949625;0.32991336341287875;3600;0.7489564559487935
Meta_384;345556;3075579.5555555555;0.16186666666666666;345556;2249717.9736962616;0.3503583033343481;3600;0.9642100593314837
Meta_385;345556;3075579.5555555555;0.21582222222222222;346209;2920012.147016614;0.3326288629604839;3600;1.0
Meta_386;345556;3075579.5555555555;0.2697777777777778;353041;3051377.2261750204;0.34560238200659;3600;1.0
Meta_387;345556;3075579.5555555555;0.3237333333333333;345567;3021647.924872549;0.3349736890394122;3600;1.0
Meta_388;345556;3075579.5555555555;0.3776888888888889;345571;1684266.8459214554;0.37768005473723476;46;0.0
Meta_389;345556;3075579.5555555555;0.43164444444444444;348746;399722.84402443055;0.43118637590842124;4;0.0
Meta_390;345556;3075579.5555555555;0.4856;346876;1530.0864000000001;0.45463674758354355;0;0.0
Meta_391;345556;3460027.0;0.0;343762;3398179.817517129;0.31669369289106614;3600;0.5991479940407273
Meta_392;345556;3460027.0;0.053955555555555555;345556;2138365.6134933047;0.3547587737947778;3600;0.7645604562222015
Meta_393;345556;3460027.0;0.10791111111111111;345556;3460058.488681285;0.35392224975501696;3600;0.7631909645510018
Meta_394;345556;3460027.0;0.16186666666666666;345556;3259440.879106313;0.3542065007780277;3600;0.9626443256686602
Meta_395;345556;3460027.0;0.21582222222222222;345656;3205231.488569743;0.3365877803472474;3600;1.0
Meta_396;345556;3460027.0;0.2697777777777778;345556;1536596.3211754903;0.3550837851332165;3600;1.0
Meta_397;345556;3460027.0;0.3237333333333333;307377;908523.3663450473;0.32373918871147656;3600;1.0
Meta_398;345556;3460027.0;0.3776888888888889;345579;1761514.7817359124;0.37768441820589305;29;0.0
Meta_399;345556;3460027.0;0.43164444444444444;348591;325439.3948881925;0.4316375407736872;4;0.0
Meta_400;345556;3460027.0;0.4856;346876;1530.0864000000001;0.45463674758354355;0;0.0
Meta_401;319551;0.0;0.0;262561;76167.21388260466;0.2748596110276038;3600;0.6705328205446676
Meta_402;319551;0.0;0.053955555555555555;285968;135121.77228127036;0.30906344616843867;3600;0.612775477551126
Meta_403;319551;0.0;0.10791111111111111;276378;134727.18543922107;0.2934425515890292;3600;0.662796760223079
Meta_404;319551;0.0;0.16186666666666666;310368;439316.1298672692;0.3307940496064305;3600;0.7483945885571229
Meta_405;319551;0.0;0.21582222222222222;287375;179285.69349075685;0.3083952883412162;3600;0.9507877052026897
Meta_406;319551;0.0;0.2697777777777778;319551;601206.117309396;0.33982896432132537;3600;1.0
Meta_407;319551;0.0;0.3237333333333333;318868;440184.77215972735;0.3429391675421988;3600;1.0
Meta_408;319551;0.0;0.3776888888888889;319551;33142.306720110195;0.3776899141117827;3600;1.0
Meta_409;319551;0.0;0.43164444444444444;320825;0.0;0.41735058429564986;0;0.0
Meta_410;319551;0.0;0.4856;320825;0.0;0.41735058429564986;0;0.0
Meta_411;319551;384447.44444444444;0.0;271427;384444.91332443204;0.27832125848993794;3600;0.6839134310217723
Meta_412;319551;384447.44444444444;0.053955555555555555;299300;384486.3682797302;0.3176403118828756;3600;0.6890516190692425
Meta_413;319551;384447.44444444444;0.10791111111111111;249581;384481.0857250919;0.2421009463951528;3600;0.7390375894202982
Meta_414;319551;384447.44444444444;0.16186666666666666;319551;581599.3203865452;0.3441937604542838;3600;0.9922765146094975
Meta_415;319551;384447.44444444444;0.21582222222222222;319564;619204.40485868;0.3537819704146714;3600;1.0
Meta_416;319551;384447.44444444444;0.2697777777777778;319551;546637.5307763022;0.3431148033845289;3600;1.0
Meta_417;319551;384447.44444444444;0.3237333333333333;318265;493927.50939425855;0.33920086865684984;3600;1.0
Meta_418;319551;384447.44444444444;0.3776888888888889;319854;382156.6878240098;0.37768583101709247;66;0.0
Meta_419;319551;384447.44444444444;0.43164444444444444;320163;0.0;0.4173505842956499;0;0.0
Meta_420;319551;384447.44444444444;0.4856;320163;0.0;0.4173505842956499;0;0.0
Meta_421;319551;768894.8888888889;0.0;271240;478961.9679419699;0.2797031571664029;3600;0.7021336564312604
Meta_422;319551;768894.8888888889;0.053955555555555555;313292;766904.0851330869;0.32975493173031006;3600;0.7079980400597833
Meta_423;319551;768894.8888888889;0.10791111111111111;308212;768901.4089898895;0.32936115883981393;3600;0.7475045382226745
Meta_424;319551;768894.8888888889;0.16186666666666666;319508;769384.9201217147;0.3450147192362577;3600;1.0
Meta_425;319551;768894.8888888889;0.21582222222222222;319551;828856.6179553937;0.33547264618121586;3600;1.0
Meta_426;319551;768894.8888888889;0.2697777777777778;319551;771313.4814947521;0.34169956337430724;3600;1.0
Meta_427;319551;768894.8888888889;0.3237333333333333;317198;768165.3927937007;0.33168804493306425;3600;1.0
Meta_428;319551;768894.8888888889;0.3776888888888889;319551;746795.8041421423;0.3776590036623751;9;0.0
Meta_429;319551;768894.8888888889;0.43164444444444444;320163;0.0;0.4173505842956499;0;0.0
Meta_430;319551;768894.8888888889;0.4856;320163;0.0;0.4173505842956499;0;0.0
Meta_431;319551;1153342.3333333333;0.0;319551;1153322.0591536828;0.3537484839354487;3600;0.7390022735501597
Meta_432;319551;1153342.3333333333;0.053955555555555555;319551;1153269.136477027;0.349590685358969;3600;0.730320512405026
Meta_433;319551;1153342.3333333333;0.10791111111111111;319551;1153379.0744324932;0.3557194657508029;3600;0.8668158470655353
Meta_434;319551;1153342.3333333333;0.16186666666666666;319549;1153108.079062135;0.3335894840052932;3600;1.0
Meta_435;319551;1153342.3333333333;0.21582222222222222;319551;1150006.782499786;0.3593343839447159;3600;1.0
Meta_436;319551;1153342.3333333333;0.2697777777777778;319551;1141696.1609858517;0.337257068180232;3600;1.0
Meta_437;319551;1153342.3333333333;0.3237333333333333;314976;1087907.2363884;0.3335146710836175;3600;1.0
Meta_438;319551;1153342.3333333333;0.3776888888888889;320007;1004012.7410098535;0.3776865187757226;19;0.0
Meta_439;319551;1153342.3333333333;0.43164444444444444;320163;0.0;0.4173505842956499;0;0.0
Meta_440;319551;1153342.3333333333;0.4856;320163;0.0;0.4173505842956499;1;0.0
Meta_441;319551;1537789.7777777778;0.0;319544;1524777.908273618;0.3427285866289149;3600;0.7034918862187218
Meta_442;319551;1537789.7777777778;0.053955555555555555;319551;1537482.5532503817;0.35057541267754794;3600;0.7584142991204593
Meta_443;319551;1537789.7777777778;0.10791111111111111;319556;1530648.9582800388;0.3455539237185619;3600;0.8483976320372797
Meta_444;319551;1537789.7777777778;0.16186666666666666;319559;1225832.6930734483;0.3376397303155097;3600;0.9515977110184172
Meta_445;319551;1537789.7777777778;0.21582222222222222;319551;1535063.6595135152;0.3320145575157596;3600;1.0
Meta_446;319551;1537789.7777777778;0.2697777777777778;319551;1476666.394363076;0.33478322780673236;3600;1.0
Meta_447;319551;1537789.7777777778;0.3237333333333333;316638;1384392.623185617;0.3314079356665524;3600;1.0
Meta_448;319551;1537789.7777777778;0.3776888888888889;319738;1388072.1789409642;0.3776895223827223;8;0.0
Meta_449;319551;1537789.7777777778;0.43164444444444444;320163;0.0;0.4173505842956499;0;0.0
Meta_450;319551;1537789.7777777778;0.4856;320163;0.0;0.4173505842956499;0;0.0
Meta_451;319551;1922237.2222222222;0.0;322175;1922216.6865853316;0.34833719223740994;3600;0.7312156417831981
Meta_452;319551;1922237.2222222222;0.053955555555555555;319552;1532000.0965383705;0.33952429032423204;3600;0.7241707653520395
Meta_453;319551;1922237.2222222222;0.10791111111111111;319551;1822153.5466193547;0.33868086965080785;3600;0.8271055166302099
Meta_454;319551;1922237.2222222222;0.16186666666666666;319024;1486002.2834139687;0.34009397392770657;3600;0.9717858190913049
Meta_455;319551;1922237.2222222222;0.21582222222222222;319545;1685495.470016321;0.3372454750046539;3600;1.0
Meta_456;319551;1922237.2222222222;0.2697777777777778;319542;1249940.3047266458;0.33855046408759354;3600;1.0
Meta_457;319551;1922237.2222222222;0.3237333333333333;313764;1575464.7564066646;0.3255174847718951;3600;1.0
Meta_458;319551;1922237.2222222222;0.3776888888888889;319879;1495875.1913527194;0.3776804685210899;10;0.0
Meta_459;319551;1922237.2222222222;0.43164444444444444;320163;0.0;0.4173505842956499;0;0.0
Meta_460;319551;1922237.2222222222;0.4856;320163;0.0;0.4173505842956499;0;0.0
Meta_461;319551;2306684.6666666665;0.0;319551;1669453.6351514873;0.34838293640370444;3600;0.7172290090079658
Meta_462;319551;2306684.6666666665;0.053955555555555555;319553;2072317.4640866406;0.35909416482861706;3600;0.8186900682077606
Meta_463;319551;2306684.6666666665;0.10791111111111111;316283;2277887.8030438055;0.33685855934277253;3600;0.8131443739748325
Meta_464;319551;2306684.6666666665;0.16186666666666666;319542;1530185.4615138245;0.3407212116011664;3600;0.9860597342914273
Meta_465;319551;2306684.6666666665;0.21582222222222222;319551;2287192.6873313575;0.33155547877692637;3600;1.0
Meta_466;319551;2306684.6666666665;0.2697777777777778;319551;2224303.4555945895;0.345859835779599;3600;1.0
Meta_467;319551;2306684.6666666665;0.3237333333333333;314063;1272982.7434350478;0.3313010997902893;3600;1.0
Meta_468;319551;2306684.6666666665;0.3776888888888889;319552;1496994.295531806;0.3759120439606181;14;0.0
Meta_469;319551;2306684.6666666665;0.43164444444444444;320163;0.0;0.4173505842956499;0;0.0
Meta_470;319551;2306684.6666666665;0.4856;320163;0.0;0.4173505842956499;0;0.0
Meta_471;319551;2691132.111111111;0.0;319767;2570255.2536739493;0.32390940182343486;3600;0.676860360159264
Meta_472;319551;2691132.111111111;0.053955555555555555;320385;2658434.161794872;0.3146103255220503;3600;0.6798335959126167
Meta_473;319551;2691132.111111111;0.10791111111111111;247621;668394.2016975634;0.2400664648391669;3600;0.8706989220929675
Meta_474;319551;2691132.111111111;0.16186666666666666;319551;2668968.796667782;0.33531948930037075;3600;0.9772049266834965
Meta_475;319551;2691132.111111111;0.21582222222222222;319552;1423290.632417148;0.3399171398343112;3600;1.0
Meta_476;319551;2691132.111111111;0.2697777777777778;319551;1743100.0087821337;0.3353076176004778;3600;1.0
Meta_477;319551;2691132.111111111;0.3237333333333333;317154;1482895.395151084;0.33456510804615786;3600;1.0
Meta_478;319551;2691132.111111111;0.3776888888888889;319657;1633266.0981819823;0.3776633032884761;15;0.0
Meta_479;319551;2691132.111111111;0.43164444444444444;320163;0.0;0.4173505842956499;0;0.0
Meta_480;319551;2691132.111111111;0.4856;320163;0.0;0.4173505842956499;0;0.0
Meta_481;319551;3075579.5555555555;0.0;319552;1947571.5461835014;0.34620465323368793;3600;0.7536919081134621
Meta_482;319551;3075579.5555555555;0.053955555555555555;322394;2918104.823499436;0.33343544723527774;3600;0.723838608247498
Meta_483;319551;3075579.5555555555;0.10791111111111111;319724;2190097.6901166965;0.3482054937188845;3600;0.8696070507519971
Meta_484;319551;3075579.5555555555;0.16186666666666666;319548;1434850.6771699144;0.34116117789614475;3600;1.0
Meta_485;319551;3075579.5555555555;0.21582222222222222;319551;1581716.7297855618;0.34378325991043335;3600;1.0
Meta_486;319551;3075579.5555555555;0.2697777777777778;319551;1418832.574245691;0.33483525607261566;3600;1.0
Meta_487;319551;3075579.5555555555;0.3237333333333333;316952;1611727.4964415517;0.33431274665528715;3600;1.0
Meta_488;319551;3075579.5555555555;0.3776888888888889;319853;1012656.0165092996;0.3757498643532152;11;0.0
Meta_489;319551;3075579.5555555555;0.43164444444444444;320163;0.0;0.4173505842956499;0;0.0
Meta_490;319551;3075579.5555555555;0.4856;320163;0.0;0.4173505842956499;0;0.0
Meta_491;319551;3460027.0;0.0;319551;3455804.8403021237;0.30325668899183666;3600;0.6405367847468155
Meta_492;319551;3460027.0;0.053955555555555555;319834;3367985.181816272;0.3038104578317569;3600;0.6475266932703487
Meta_493;319551;3460027.0;0.10791111111111111;319551;3415876.902699526;0.29906869039789913;3600;0.7215586102860585
Meta_494;319551;3460027.0;0.16186666666666666;319517;1421358.3373351574;0.335365505602819;3600;0.9692795514924177
Meta_495;319551;3460027.0;0.21582222222222222;319544;1520041.4249096483;0.3436978815827421;3600;1.0
Meta_496;319551;3460027.0;0.2697777777777778;319551;1324935.9196562709;0.33598501024448935;3602;1.0
Meta_497;319551;3460027.0;0.3237333333333333;312980;1591680.600927829;0.3247376268656286;3600;1.0
Meta_498;319551;3460027.0;0.3776888888888889;319555;2733910.3906797473;0.3775739947292168;10;0.0
Meta_499;319551;3460027.0;0.43164444444444444;320163;0.0;0.4173505842956499;0;0.0
Meta_500;319551;3460027.0;0.4856;320163;0.0;0.4173505842956499;0;0.0
Meta_501;293547;0.0;0.0;269091;125732.74521018982;0.2839268176056921;3600;0.5193982678330075
Meta_502;293547;0.0;0.053955555555555555;249784;68636.67808699557;0.2535070162670184;3600;0.5537553191825634
Meta_503;293547;0.0;0.10791111111111111;245768;69642.9156110393;0.24660602812072582;3600;0.6818271060350962
Meta_504;293547;0.0;0.16186666666666666;238987;55021.23930491559;0.23422665079145172;3600;0.7995294113730033
Meta_505;293547;0.0;0.21582222222222222;288818;205858.75902126296;0.30938575788746475;3600;0.9963104737004417
Meta_506;293547;0.0;0.2697777777777778;288668;200639.75112782657;0.3093900281863592;3600;1.0
Meta_507;293547;0.0;0.3237333333333333;293547;110207.75621359357;0.3237355994819951;3600;1.0
Meta_508;293547;0.0;0.3776888888888889;294322;0.0;0.37570818418661994;66;0.0
Meta_509;293547;0.0;0.43164444444444444;294228;0.0;0.38977808607437897;0;0.0
Meta_510;293547;0.0;0.4856;294228;0.0;0.38977808607437897;0;0.0
Meta_511;293547;384447.44444444444;0.0;260208;384447.63376158784;0.2628732695825863;3600;0.6079993840775397
Meta_512;293547;384447.44444444444;0.053955555555555555;259665;384427.1189692785;0.2593170394233284;3600;0.6398339082596297
Meta_513;293547;384447.44444444444;0.10791111111111111;278430;384450.08451336663;0.28839164661123173;3600;0.7163933047615262
Meta_514;293547;384447.44444444444;0.16186666666666666;276531;384558.21144029155;0.2867419820135394;3600;1.0
Meta_515;293547;384447.44444444444;0.21582222222222222;293547;459739.65254296357;0.31848722266834734;3600;1.0
Meta_516;293547;384447.44444444444;0.2697777777777778;293547;384439.0035503193;0.31014718708199585;3600;1.0
Meta_517;293547;384447.44444444444;0.3237333333333333;293833;383083.9314149708;0.3236907445811881;499;0.0
Meta_518;293547;384447.44444444444;0.3776888888888889;293790;280802.4940039977;0.3775080826710352;3;0.0
Meta_519;293547;384447.44444444444;0.43164444444444444;294179;4567.875;0.3911277467092264;0;0.0
Meta_520;293547;384447.44444444444;0.4856;294179;4567.875;0.3911277467092264;0;0.0
Meta_521;293547;768894.8888888889;0.0;292169;768962.1390489413;0.3025864527569655;3600;0.6483941791867374
Meta_522;293547;768894.8888888889;0.053955555555555555;261467;757319.1698277432;0.25891236839324017;3600;0.7119359222746857
Meta_523;293547;768894.8888888889;0.10791111111111111;259611;719247.5323670158;0.2569548471294875;3600;0.8195294780832273
Meta_524;293547;768894.8888888889;0.16186666666666666;292870;768882.8275694497;0.30709346600964976;3600;1.0
Meta_525;293547;768894.8888888889;0.21582222222222222;293547;768859.5197025312;0.3123523845284941;3600;1.0
Meta_526;293547;768894.8888888889;0.2697777777777778;293547;768879.6707939702;0.30825422671487823;3600;1.0
Meta_527;293547;768894.8888888889;0.3237333333333333;293576;758477.9437265304;0.3237188958065592;49;0.0
Meta_528;293547;768894.8888888889;0.3776888888888889;293566;179253.28492461442;0.3775819535604554;3;0.0
Meta_529;293547;768894.8888888889;0.43164444444444444;294179;4567.875;0.3911277467092264;0;0.0
Meta_530;293547;768894.8888888889;0.4856;294179;4567.875;0.3911277467092264;0;0.0
Meta_531;293547;1153342.3333333333;0.0;293549;1153068.1268265762;0.31450822704952314;3600;0.7340219253575907
Meta_532;293547;1153342.3333333333;0.053955555555555555;293547;916209.3433610937;0.30565386432240477;3600;0.71071599442418
Meta_533;293547;1153342.3333333333;0.10791111111111111;293547;1140964.5480001871;0.3093617687728044;3600;0.7833815852444159
Meta_534;293547;1153342.3333333333;0.16186666666666666;293547;1132980.2532655215;0.3054305880875233;3600;1.0
Meta_535;293547;1153342.3333333333;0.21582222222222222;293545;1146688.0332714883;0.3143120779019793;3600;1.0
Meta_536;293547;1153342.3333333333;0.2697777777777778;293547;1153337.2365850527;0.31074938344670394;3600;1.0
Meta_537;293547;1153342.3333333333;0.3237333333333333;293809;772446.965136986;0.3237271010598158;35;0.0
Meta_538;293547;1153342.3333333333;0.3776888888888889;296516;244108.40656182982;0.3773667234686776;3;0.0
Meta_539;293547;1153342.3333333333;0.43164444444444444;294179;4567.875;0.3911277467092264;0;0.0
Meta_540;293547;1153342.3333333333;0.4856;294179;4567.875;0.3911277467092264;0;0.0
Meta_541;293547;1537789.7777777778;0.0;293576;1317254.3111383845;0.3118404429159568;3600;0.7366630798650827
Meta_542;293547;1537789.7777777778;0.053955555555555555;293380;1002662.0626017858;0.3040167531491151;3600;0.7271557567442332
Meta_543;293547;1537789.7777777778;0.10791111111111111;290875;1060281.6109181917;0.2992252919821338;3600;0.786721690689957
Meta_544;293547;1537789.7777777778;0.16186666666666666;293398;1081814.456197059;0.31365682299337466;3600;1.0
Meta_545;293547;1537789.7777777778;0.21582222222222222;293549;1269157.9585361863;0.31166528429481255;3600;1.0
Meta_546;293547;1537789.7777777778;0.2697777777777778;293547;1447148.6358728542;0.309048682601614;3600;1.0
Meta_547;293547;1537789.7777777778;0.3237333333333333;293548;671210.4013314538;0.32372478242656333;45;0.0
Meta_548;293547;1537789.7777777778;0.3776888888888889;293550;332935.9746939006;0.3776889475541193;2;0.0
Meta_549;293547;1537789.7777777778;0.43164444444444444;294179;4567.875;0.3911277467092264;0;0.0
Meta_550;293547;1537789.7777777778;0.4856;294179;4567.875;0.3911277467092264;0;0.0
Meta_551;293547;1922237.2222222222;0.0;293543;958736.9153924496;0.3037278267625321;3600;0.6883988442886292
Meta_552;293547;1922237.2222222222;0.053955555555555555;290727;1264731.1572884675;0.30068575735413827;3600;0.7267309402978457
Meta_553;293547;1922237.2222222222;0.10791111111111111;260406;599204.5240062284;0.25799011446798364;3600;0.8514404779709591
Meta_554;293547;1922237.2222222222;0.16186666666666666;291471;912655.5485992817;0.3016932635497436;3600;1.0
Meta_555;293547;1922237.2222222222;0.21582222222222222;293546;949292.2628595076;0.3081437584959022;3600;1.0
Meta_556;293547;1922237.2222222222;0.2697777777777778;293547;1487565.846540894;0.3130456238386331;3600;1.0
Meta_557;293547;1922237.2222222222;0.3237333333333333;293581;883755.460560907;0.3237256636103193;29;0.0
Meta_558;293547;1922237.2222222222;0.3776888888888889;293615;684157.8477835713;0.3776714483443649;2;0.0
Meta_559;293547;1922237.2222222222;0.43164444444444444;294179;4567.875;0.3911277467092264;0;0.0
Meta_560;293547;1922237.2222222222;0.4856;294179;4567.875;0.3911277467092264;0;0.0
Meta_561;293547;2306684.6666666665;0.0;289616;1003588.6379286611;0.29675118330797334;3600;0.6781260661609565
Meta_562;293547;2306684.6666666665;0.053955555555555555;293524;2306181.5175036783;0.30605715040192005;3600;0.7376474137923369
Meta_563;293547;2306684.6666666665;0.10791111111111111;293562;1494593.1834336405;0.30648653693820804;3600;0.8003980505566579
Meta_564;293547;2306684.6666666665;0.16186666666666666;281831;994341.7188355081;0.2879668918963385;3600;1.0
Meta_565;293547;2306684.6666666665;0.21582222222222222;293548;1212806.2675389068;0.3023263724015539;3600;1.0
Meta_566;293547;2306684.6666666665;0.2697777777777778;293547;2243099.900642448;0.3106060749259052;3600;1.0
Meta_567;293547;2306684.6666666665;0.3237333333333333;293568;1625839.4103050707;0.3237326359851368;26;0.0
Meta_568;293547;2306684.6666666665;0.3776888888888889;293563;242340.22930481602;0.3776723173233637;2;0.0
Meta_569;293547;2306684.6666666665;0.43164444444444444;294179;4567.875;0.3911277467092264;0;0.0
Meta_570;293547;2306684.6666666665;0.4856;294179;4567.875;0.3911277467092264;0;0.0
Meta_571;293547;2691132.111111111;0.0;293547;1121293.5344250456;0.3092574563797425;3600;0.7081919653898955
Meta_572;293547;2691132.111111111;0.053955555555555555;293545;1071588.0191561931;0.3065873772798189;3600;0.7460575357453749
Meta_573;293547;2691132.111111111;0.10791111111111111;293549;1750164.7550397066;0.3117373370343621;3600;0.8109305078872305
Meta_574;293547;2691132.111111111;0.16186666666666666;293547;1199771.6126453716;0.314172308942066;3600;1.0
Meta_575;293547;2691132.111111111;0.21582222222222222;293544;1002541.3216679908;0.3094290965839628;3600;1.0
Meta_576;293547;2691132.111111111;0.2697777777777778;293547;1109534.0997100945;0.3034053624553858;3600;1.0
Meta_577;293547;2691132.111111111;0.3237333333333333;293548;1011256.1283481686;0.3237124058678503;92;0.0
Meta_578;293547;2691132.111111111;0.3776888888888889;294517;92290.09042868848;0.37450021613819023;3;0.0
Meta_579;293547;2691132.111111111;0.43164444444444444;294179;4567.875;0.3911277467092264;0;0.0
Meta_580;293547;2691132.111111111;0.4856;294179;4567.875;0.3911277467092264;0;0.0
Meta_581;293547;3075579.5555555555;0.0;288788;1203556.82670559;0.2959303970840823;3600;0.6820456091517626
Meta_582;293547;3075579.5555555555;0.053955555555555555;293547;1407852.7617729707;0.30340834906203423;3600;0.716761709986764
Meta_583;293547;3075579.5555555555;0.10791111111111111;293548;1195996.8842774248;0.3050595299172402;3600;0.8342657288685407
Meta_584;293547;3075579.5555555555;0.16186666666666666;293547;2148883.8710952383;0.30893482745405104;3600;1.0
Meta_585;293547;3075579.5555555555;0.21582222222222222;293547;1572117.5886791511;0.31066949682239925;3600;1.0
Meta_586;293547;3075579.5555555555;0.2697777777777778;293547;1115566.574595369;0.3113456028762334;3600;1.0
Meta_587;293547;3075579.5555555555;0.3237333333333333;293674;829518.4100456946;0.3236776414179976;87;0.0
Meta_588;293547;3075579.5555555555;0.3776888888888889;293547;286909.5647961986;0.376522934279832;2;0.0
Meta_589;293547;3075579.5555555555;0.43164444444444444;294179;4567.875;0.3911277467092264;0;0.0
Meta_590;293547;3075579.5555555555;0.4856;294179;4567.875;0.3911277467092264;0;0.0
Meta_591;293547;3460027.0;0.0;289962;1155817.0762335637;0.2991089458825281;3600;0.6424345310790925
Meta_592;293547;3460027.0;0.053955555555555555;293547;1019054.0739647428;0.30952850901752144;3600;0.7425620025775717
Meta_593;293547;3460027.0;0.10791111111111111;262440;888272.923354663;0.2608836790288072;3600;0.8306895598387883
Meta_594;293547;3460027.0;0.16186666666666666;288899;1003439.3887561461;0.29792262586439316;3600;1.0
Meta_595;293547;3460027.0;0.21582222222222222;293549;1225433.2271920932;0.3075662772722852;3600;1.0
Meta_596;293547;3460027.0;0.2697777777777778;293547;1175014.458927411;0.30293771638664363;3600;1.0
Meta_597;293547;3460027.0;0.3237333333333333;293556;1163502.7964281556;0.323628838890547;40;0.0
Meta_598;293547;3460027.0;0.3776888888888889;293746;781486.560375955;0.3776453416963216;2;0.0
Meta_599;293547;3460027.0;0.43164444444444444;294179;4567.875;0.3911277467092264;0;0.0
Meta_600;293547;3460027.0;0.4856;294179;4567.875;0.3911277467092264;0;0.0
Meta_601;267543;0.0;0.0;262654;80644.68243922517;0.27487362179662767;3600;0.5084705635771144
Meta_602;267543;0.0;0.053955555555555555;256215;73739.7784993296;0.264507932285702;3600;0.5593794933291542
Meta_603;267543;0.0;0.10791111111111111;263144;93896.57874213852;0.27471646386670884;3600;0.5791501388578533
Meta_604;267543;0.0;0.16186666666666666;267543;154415.05567610005;0.2843261539143515;3600;1.0
Meta_605;267543;0.0;0.21582222222222222;267542;189647.82494275802;0.2784971496908105;3600;1.0
Meta_606;267543;0.0;0.2697777777777778;267542;202654.57475466406;0.2780918789285307;3600;1.0
Meta_607;267543;0.0;0.3237333333333333;269436;0.0;0.3184494623085978;23;0.0
Meta_608;267543;0.0;0.3776888888888889;267545;0.0;0.3509705953351026;0;0.0
Meta_609;267543;0.0;0.43164444444444444;267545;0.0;0.3509705953351026;0;0.0
Meta_610;267543;0.0;0.4856;267545;0.0;0.3509705953351026;0;0.0
Meta_611;267543;384447.44444444444;0.0;240434;384436.2489238457;0.22529325127819202;3600;0.6113277743007343
Meta_612;267543;384447.44444444444;0.053955555555555555;253237;384445.3934331866;0.24884772665141977;3600;0.6823233018396333
Meta_613;267543;384447.44444444444;0.10791111111111111;267328;384450.0209319295;0.2741128261388496;3600;0.8874028057041584
Meta_614;267543;384447.44444444444;0.16186666666666666;265085;380598.1514338383;0.2792718691221413;3600;1.0
Meta_615;267543;384447.44444444444;0.21582222222222222;266661;384441.12280675996;0.2721706951789511;3600;1.0
Meta_616;267543;384447.44444444444;0.2697777777777778;267543;384448.4356585308;0.28132315497631416;3600;1.0
Meta_617;267543;384447.44444444444;0.3237333333333333;267546;334152.97864228603;0.32373095446957173;12;0.0
Meta_618;267543;384447.44444444444;0.3776888888888889;268180;517.4428;0.3642887228325509;0;0.0
Meta_619;267543;384447.44444444444;0.43164444444444444;268180;517.4428;0.3642887228325509;0;0.0
Meta_620;267543;384447.44444444444;0.4856;268180;517.4428;0.3642887228325509;0;0.0
Meta_621;267543;768894.8888888889;0.0;258394;751977.3165958925;0.25556315041188565;3600;0.6489286608537098
Meta_622;267543;768894.8888888889;0.053955555555555555;267534;661029.1855901385;0.26774456618944864;3600;0.6626185522051758
Meta_623;267543;768894.8888888889;0.10791111111111111;267543;767188.0182831992;0.272604320958867;3600;0.682429067536176
Meta_624;267543;768894.8888888889;0.16186666666666666;264390;767127.4871140899;0.26332160009100497;3600;1.0
Meta_625;267543;768894.8888888889;0.21582222222222222;267689;674221.8858617019;0.28401750671046244;3600;1.0
Meta_626;267543;768894.8888888889;0.2697777777777778;267543;743243.0194254583;0.2740688202123882;3600;1.0
Meta_627;267543;768894.8888888889;0.3237333333333333;268039;273498.443543176;0.3237291077155661;4;0.0
Meta_628;267543;768894.8888888889;0.3776888888888889;268180;517.4428;0.3642887228325509;0;0.0
Meta_629;267543;768894.8888888889;0.43164444444444444;268180;517.4428;0.3642887228325509;0;0.0
Meta_630;267543;768894.8888888889;0.4856;268180;517.4428;0.3642887228325509;0;0.0
Meta_631;267543;1153342.3333333333;0.0;253102;787471.232468893;0.24589163582172416;3600;0.6910300061150892
Meta_632;267543;1153342.3333333333;0.053955555555555555;267544;1073805.3632557688;0.26899980198942436;3600;0.7194241528719942
Meta_633;267543;1153342.3333333333;0.10791111111111111;258835;775064.4809857927;0.2561564502040731;3600;0.8895085109940387
Meta_634;267543;1153342.3333333333;0.16186666666666666;264218;734225.3873932268;0.26434192920811805;3600;1.0
Meta_635;267543;1153342.3333333333;0.21582222222222222;267543;782854.4269047963;0.2754658248396665;3600;1.0
Meta_636;267543;1153342.3333333333;0.2697777777777778;267543;1104416.863043287;0.273261962307002;3600;1.0
Meta_637;267543;1153342.3333333333;0.3237333333333333;268547;481901.08150893165;0.32357549869393265;6;0.0
Meta_638;267543;1153342.3333333333;0.3776888888888889;268180;517.4428;0.3642887228325509;0;0.0
Meta_639;267543;1153342.3333333333;0.43164444444444444;268180;517.4428;0.3642887228325509;0;0.0
Meta_640;267543;1153342.3333333333;0.4856;268180;517.4428;0.3642887228325509;0;0.0
Meta_641;267543;1537789.7777777778;0.0;267543;1060872.321469839;0.27244901083089457;3600;0.6388272661417594
Meta_642;267543;1537789.7777777778;0.053955555555555555;253954;751904.8418893903;0.2478919642872231;3600;0.7006651354981633
Meta_643;267543;1537789.7777777778;0.10791111111111111;264084;963768.853508439;0.26448253112132764;3600;0.8184912175358137
Meta_644;267543;1537789.7777777778;0.16186666666666666;266490;1090951.3526116656;0.2672575844661545;3600;1.0
Meta_645;267543;1537789.7777777778;0.21582222222222222;262769;875995.0923651446;0.2662342406453497;3600;1.0
Meta_646;267543;1537789.7777777778;0.2697777777777778;267543;1494318.9771836656;0.2720996380396415;3600;1.0
Meta_647;267543;1537789.7777777778;0.3237333333333333;267755;718881.4317000003;0.32373333837030577;3;0.0
Meta_648;267543;1537789.7777777778;0.3776888888888889;268180;517.4428;0.3642887228325509;0;0.0
Meta_649;267543;1537789.7777777778;0.43164444444444444;268180;517.4428;0.3642887228325509;0;0.0
Meta_650;267543;1537789.7777777778;0.4856;268180;517.4428;0.3642887228325509;0;0.0
Meta_651;267543;1922237.2222222222;0.0;267542;1197131.5234140055;0.27020202951291544;3600;0.6731213396077954
Meta_652;267543;1922237.2222222222;0.053955555555555555;267541;999987.716259432;0.26754532785201673;3600;0.696806931778287
Meta_653;267543;1922237.2222222222;0.10791111111111111;262093;824326.6768914943;0.25984448976887864;3600;0.781169782695082
Meta_654;267543;1922237.2222222222;0.16186666666666666;266758;822385.0025527294;0.26776925767607684;3600;1.0
Meta_655;267543;1922237.2222222222;0.21582222222222222;267565;1207010.89289991;0.28755799379283215;3600;1.0
Meta_656;267543;1922237.2222222222;0.2697777777777778;267543;1096038.8928857774;0.2723436459808369;3600;1.0
Meta_657;267543;1922237.2222222222;0.3237333333333333;267679;767657.9995207826;0.3232941763506133;6;0.0
Meta_658;267543;1922237.2222222222;0.3776888888888889;268180;517.4428;0.3642887228325509;0;0.0
Meta_659;267543;1922237.2222222222;0.43164444444444444;268180;517.4428;0.3642887228325509;0;0.0
Meta_660;267543;1922237.2222222222;0.4856;268180;517.4428;0.3642887228325509;0;0.0
Meta_661;267543;2306684.6666666665;0.0;267543;795991.2333778786;0.26747758328895915;3600;0.6428752655519493
Meta_662;267543;2306684.6666666665;0.053955555555555555;267543;748169.580740057;0.2702132843489217;3600;0.711870432172013
Meta_663;267543;2306684.6666666665;0.10791111111111111;266990;1287227.2141330298;0.27067334373508883;3600;0.7752491966889876
Meta_664;267543;2306684.6666666665;0.16186666666666666;260581;853741.8977143483;0.25766143825351845;3600;1.0
Meta_665;267543;2306684.6666666665;0.21582222222222222;267543;855019.1324793434;0.2675510860840477;3600;1.0
Meta_666;267543;2306684.6666666665;0.2697777777777778;267543;1095196.1230676044;0.2751192321766896;3600;1.0
Meta_667;267543;2306684.6666666665;0.3237333333333333;267707;355304.6090611379;0.3236868908931061;5;0.0
Meta_668;267543;2306684.6666666665;0.3776888888888889;268180;517.4428;0.3642887228325509;0;0.0
Meta_669;267543;2306684.6666666665;0.43164444444444444;268180;517.4428;0.3642887228325509;0;0.0
Meta_670;267543;2306684.6666666665;0.4856;268180;517.4428;0.3642887228325509;0;0.0
Meta_671;267543;2691132.111111111;0.0;246009;606514.1738205275;0.2338738392112498;3600;0.6923007761045284
Meta_672;267543;2691132.111111111;0.053955555555555555;263091;701676.3042333002;0.2612096756899667;3600;0.6678347912326815
Meta_673;267543;2691132.111111111;0.10791111111111111;267543;889304.2472211877;0.27092798380947103;3600;0.8111981621012151
Meta_674;267543;2691132.111111111;0.16186666666666666;267543;1009570.5809466493;0.271599839424692;3600;1.0
Meta_675;267543;2691132.111111111;0.21582222222222222;267543;1076470.5690915808;0.2713029512507379;3600;1.0
Meta_676;267543;2691132.111111111;0.2697777777777778;267543;844253.6888967744;0.27213486636375683;3600;1.0
Meta_677;267543;2691132.111111111;0.3237333333333333;267543;757998.3380154461;0.3218680406338099;5;0.0
Meta_678;267543;2691132.111111111;0.3776888888888889;268180;517.4428;0.3642887228325509;0;0.0
Meta_679;267543;2691132.111111111;0.43164444444444444;268180;517.4428;0.3642887228325509;0;0.0
Meta_680;267543;2691132.111111111;0.4856;268180;517.4428;0.3642887228325509;0;0.0
Meta_681;267543;3075579.5555555555;0.0;267543;882647.1568028068;0.26883042610822255;3600;0.665917868682316
Meta_682;267543;3075579.5555555555;0.053955555555555555;267544;1357357.1600341194;0.2742418777056566;3600;0.712040075289397
Meta_683;267543;3075579.5555555555;0.10791111111111111;267510;959349.0136948188;0.27046075668944686;3600;0.8063295868539829
Meta_684;267543;3075579.5555555555;0.16186666666666666;267543;1291350.617664409;0.27645103805052457;3600;1.0
Meta_685;267543;3075579.5555555555;0.21582222222222222;267543;957973.30879976;0.26739954386729986;3600;1.0
Meta_686;267543;3075579.5555555555;0.2697777777777778;267542;962007.5885376384;0.27176440650871253;3600;1.0
Meta_687;267543;3075579.5555555555;0.3237333333333333;267556;2780641.514507456;0.32373352849494746;11;0.0
Meta_688;267543;3075579.5555555555;0.3776888888888889;268180;517.4428;0.3642887228325509;0;0.0
Meta_689;267543;3075579.5555555555;0.43164444444444444;268180;517.4428;0.3642887228325509;0;0.0
Meta_690;267543;3075579.5555555555;0.4856;268180;517.4428;0.3642887228325509;0;0.0
Meta_691;267543;3460027.0;0.0;267516;2745181.541097429;0.26820344521784245;3600;0.6648688258613861
Meta_692;267543;3460027.0;0.053955555555555555;267545;1334732.6830648445;0.2703917692605467;3600;0.7120253789153369
Meta_693;267543;3460027.0;0.10791111111111111;267535;1194860.4957352965;0.2772492647049246;3600;0.7857817274545681
Meta_694;267543;3460027.0;0.16186666666666666;267543;669048.7414816144;0.2676090605528841;3600;1.0
Meta_695;267543;3460027.0;0.21582222222222222;267543;804783.799976048;0.26700491241719176;3600;1.0
Meta_696;267543;3460027.0;0.2697777777777778;267543;670692.9130219745;0.2718163281064743;3600;1.0
Meta_697;267543;3460027.0;0.3237333333333333;267632;349141.3701015933;0.3237189888274367;7;0.0
Meta_698;267543;3460027.0;0.3776888888888889;268180;517.4428;0.3642887228325509;0;0.0
Meta_699;267543;3460027.0;0.43164444444444444;268180;517.4428;0.3642887228325509;0;0.0
Meta_700;267543;3460027.0;0.4856;268180;517.4428;0.3642887228325509;0;0.0
Meta_701;241538;0.0;0.0;241538;56145.09176279637;0.23984101348143608;3600;0.29227516645903123
Meta_702;241538;0.0;0.053955555555555555;240344;90557.9655720759;0.2344390643364777;3600;0.34650816139349705
Meta_703;241538;0.0;0.10791111111111111;241088;108850.58815537089;0.2351283638707257;3600;0.6514773722002082
Meta_704;241538;0.0;0.16186666666666666;241538;130196.27739354226;0.2353830767252869;3600;0.9523785310810483
Meta_705;241538;0.0;0.21582222222222222;241538;50819.805618662846;0.23957772455352475;3600;1.0
Meta_706;241538;0.0;0.2697777777777778;243767;0.0;0.26914001338372734;22;0.0
Meta_707;241538;0.0;0.3237333333333333;242553;0.0;0.2945485049450706;0;0.0
Meta_708;241538;0.0;0.3776888888888889;242553;0.0;0.2945485049450706;0;0.0
Meta_709;241538;0.0;0.43164444444444444;242553;0.0;0.2945485049450706;0;0.0
Meta_710;241538;0.0;0.4856;242553;0.0;0.2945485049450706;0;0.0
Meta_711;241538;384447.44444444444;0.0;241536;384466.10590557905;0.22744483837495463;3600;0.42797428680337307
Meta_712;241538;384447.44444444444;0.053955555555555555;240696;384461.7738475108;0.22583415972199097;3600;0.38556745763097394
Meta_713;241538;384447.44444444444;0.10791111111111111;240196;384451.7182907154;0.22483221106126308;3600;0.7747802365916601
Meta_714;241538;384447.44444444444;0.16186666666666666;241538;384182.11311686924;0.22822637839247278;3600;1.0
Meta_715;241538;384447.44444444444;0.21582222222222222;240557;384451.49428259174;0.22552091929214887;3600;1.0
Meta_716;241538;384447.44444444444;0.2697777777777778;244582;231938.6067561793;0.260404001108179;4;0.0
Meta_717;241538;384447.44444444444;0.3237333333333333;241538;894.84;0.29755441737791744;0;0.0
Meta_718;241538;384447.44444444444;0.3776888888888889;241538;894.84;0.29755441737791744;0;0.0
Meta_719;241538;384447.44444444444;0.43164444444444444;241538;894.84;0.29755441737791744;0;0.0
Meta_720;241538;384447.44444444444;0.4856;241538;894.84;0.29755441737791744;0;0.0
Meta_721;241538;768894.8888888889;0.0;241538;568375.87364533;0.22642876226086886;3600;0.46582511529807596
Meta_722;241538;768894.8888888889;0.053955555555555555;241538;669787.2935093297;0.2285154958744148;3600;0.5232541790773505
Meta_723;241538;768894.8888888889;0.10791111111111111;241538;506015.8862274625;0.22639733054440897;3600;0.7870563813591798
Meta_724;241538;768894.8888888889;0.16186666666666666;241538;534150.3065593387;0.23287075786264647;3600;1.0
Meta_725;241538;768894.8888888889;0.21582222222222222;241538;728959.8870533245;0.24203033591755507;3600;1.0
Meta_726;241538;768894.8888888889;0.2697777777777778;241815;387977.6399561725;0.2697161746333074;11;0.0
Meta_727;241538;768894.8888888889;0.3237333333333333;241538;894.84;0.29755441737791744;0;0.0
Meta_728;241538;768894.8888888889;0.3776888888888889;241538;894.84;0.29755441737791744;0;0.0
Meta_729;241538;768894.8888888889;0.43164444444444444;241538;894.84;0.29755441737791744;0;0.0
Meta_730;241538;768894.8888888889;0.4856;241538;894.84;0.29755441737791744;0;0.0
Meta_731;241538;1153342.3333333333;0.0;241538;613588.6756513783;0.2263858021252387;3600;0.48134681528140627
Meta_732;241538;1153342.3333333333;0.053955555555555555;241538;667447.832385096;0.22645176832426064;3600;0.51088832373735
Meta_733;241538;1153342.3333333333;0.10791111111111111;241538;569297.068300783;0.22712275454701036;3600;0.8588880110873907
Meta_734;241538;1153342.3333333333;0.16186666666666666;241538;463630.9546582672;0.23079456653040673;3600;1.0
Meta_735;241538;1153342.3333333333;0.21582222222222222;241538;838213.0582668324;0.23764375485837824;3600;1.0
Meta_736;241538;1153342.3333333333;0.2697777777777778;242368;298194.4665987436;0.26977879409249744;8;0.0
Meta_737;241538;1153342.3333333333;0.3237333333333333;241538;894.84;0.29755441737791744;0;0.0
Meta_738;241538;1153342.3333333333;0.3776888888888889;241538;894.84;0.29755441737791744;0;0.0
Meta_739;241538;1153342.3333333333;0.43164444444444444;241538;894.84;0.29755441737791744;0;0.0
Meta_740;241538;1153342.3333333333;0.4856;241538;894.84;0.29755441737791744;0;0.0
Meta_741;241538;1537789.7777777778;0.0;241538;546258.5804125989;0.2271557745030942;3600;0.5335826644384327
Meta_742;241538;1537789.7777777778;0.053955555555555555;241538;1533493.9912083135;0.23040083339246298;3600;0.4902422063256437
Meta_743;241538;1537789.7777777778;0.10791111111111111;241538;756361.695888802;0.2308727256432207;3600;0.7167665100096006
Meta_744;241538;1537789.7777777778;0.16186666666666666;241538;649474.4610858636;0.2264210411027386;3600;1.0
Meta_745;241538;1537789.7777777778;0.21582222222222222;241538;1057265.8744302548;0.22851916878739825;3600;1.0
Meta_746;241538;1537789.7777777778;0.2697777777777778;241566;217758.4803987433;0.26977766894523597;9;0.0
Meta_747;241538;1537789.7777777778;0.3237333333333333;241538;894.84;0.29755441737791744;0;0.0
Meta_748;241538;1537789.7777777778;0.3776888888888889;241538;894.84;0.29755441737791744;0;0.0
Meta_749;241538;1537789.7777777778;0.43164444444444444;241538;894.84;0.29755441737791744;0;0.0
Meta_750;241538;1537789.7777777778;0.4856;241538;894.84;0.29755441737791744;0;0.0
Meta_751;241538;1922237.2222222222;0.0;241538;483036.7855438586;0.226391793006721;3600;0.5339179562254804
Meta_752;241538;1922237.2222222222;0.053955555555555555;241538;744184.0209714818;0.2288248955276236;3600;0.5743199874131008
Meta_753;241538;1922237.2222222222;0.10791111111111111;241538;820019.6163942342;0.2265461409844833;3600;0.8936083466536133
Meta_754;241538;1922237.2222222222;0.16186666666666666;241538;563129.7980339522;0.22639927879200433;3600;1.0
Meta_755;241538;1922237.2222222222;0.21582222222222222;241538;677526.3415142784;0.22650727428554324;3600;1.0
Meta_756;241538;1922237.2222222222;0.2697777777777778;242685;193580.94767682746;0.26977903827980365;6;0.0
Meta_757;241538;1922237.2222222222;0.3237333333333333;241538;894.84;0.29755441737791744;0;0.0
Meta_758;241538;1922237.2222222222;0.3776888888888889;241538;894.84;0.29755441737791744;0;0.0
Meta_759;241538;1922237.2222222222;0.43164444444444444;241538;894.84;0.29755441737791744;0;0.0
Meta_760;241538;1922237.2222222222;0.4856;241538;894.84;0.29755441737791744;1;0.0
Meta_761;241538;2306684.6666666665;0.0;241538;607195.6773622297;0.22747611392011172;3600;0.5228692859120886
Meta_762;241538;2306684.6666666665;0.053955555555555555;240480;625124.2085318794;0.22611844073269058;3600;0.5326834389723745
Meta_763;241538;2306684.6666666665;0.10791111111111111;241531;626118.9228173442;0.22780607401834105;3600;0.765361945549459
Meta_764;241538;2306684.6666666665;0.16186666666666666;241538;484419.5652208179;0.2263888525039707;3600;1.0
Meta_765;241538;2306684.6666666665;0.21582222222222222;241538;769108.4141744183;0.26998284118054916;3600;1.0
Meta_766;241538;2306684.6666666665;0.2697777777777778;241766;73875.8616;0.2697754589667507;4;0.0
Meta_767;241538;2306684.6666666665;0.3237333333333333;241538;894.84;0.29755441737791744;0;0.0
Meta_768;241538;2306684.6666666665;0.3776888888888889;241538;894.84;0.29755441737791744;0;0.0
Meta_769;241538;2306684.6666666665;0.43164444444444444;241538;894.84;0.29755441737791744;0;0.0
Meta_770;241538;2306684.6666666665;0.4856;241538;894.84;0.29755441737791744;0;0.0
Meta_771;241538;2691132.111111111;0.0;241538;683486.9125707352;0.22902571158960147;3600;0.5308809602575152
Meta_772;241538;2691132.111111111;0.053955555555555555;241113;481914.36866592;0.2266173360562897;3600;0.5321212301659992
Meta_773;241538;2691132.111111111;0.10791111111111111;241537;2320740.986836609;0.22916355285980647;3600;0.5875172440743969
Meta_774;241538;2691132.111111111;0.16186666666666666;241538;687162.7168499413;0.2270273693151344;3600;1.0
Meta_775;241538;2691132.111111111;0.21582222222222222;241538;1057865.0371277267;0.22851119803902645;3600;1.0
Meta_776;241538;2691132.111111111;0.2697777777777778;241573;264958.1886371328;0.2697734187601717;8;0.0
Meta_777;241538;2691132.111111111;0.3237333333333333;241538;894.84;0.29755441737791744;0;0.0
Meta_778;241538;2691132.111111111;0.3776888888888889;241538;894.84;0.29755441737791744;0;0.0
Meta_779;241538;2691132.111111111;0.43164444444444444;241538;894.84;0.29755441737791744;0;0.0
Meta_780;241538;2691132.111111111;0.4856;241538;894.84;0.29755441737791744;0;0.0
Meta_781;241538;3075579.5555555555;0.0;241538;518637.0578790284;0.22646932609000847;3600;0.5172291255998323
Meta_782;241538;3075579.5555555555;0.053955555555555555;241538;2888312.72669128;0.23037473489251825;3600;0.4778710478805353
Meta_783;241538;3075579.5555555555;0.10791111111111111;241538;642911.7320324477;0.22671078648594473;3600;0.7008789932640629
Meta_784;241538;3075579.5555555555;0.16186666666666666;241538;777276.4294383648;0.229044557915936;3600;1.0
Meta_785;241538;3075579.5555555555;0.21582222222222222;241544;3010774.8490204257;0.23219437789439873;3600;1.0
Meta_786;241538;3075579.5555555555;0.2697777777777778;245094;2718455.3184069414;0.2697569254772597;11;0.0
Meta_787;241538;3075579.5555555555;0.3237333333333333;241538;894.84;0.29755441737791744;0;0.0
Meta_788;241538;3075579.5555555555;0.3776888888888889;241538;894.84;0.29755441737791744;0;0.0
Meta_789;241538;3075579.5555555555;0.43164444444444444;241538;894.84;0.29755441737791744;0;0.0
Meta_790;241538;3075579.5555555555;0.4856;241538;894.84;0.29755441737791744;0;0.0
Meta_791;241538;3460027.0;0.0;236931;453477.86735715304;0.2201424053013818;3600;0.5425025374384007
Meta_792;241538;3460027.0;0.053955555555555555;241538;3337412.4979747077;0.22853068739391677;3600;0.7127517942931119
Meta_793;241538;3460027.0;0.10791111111111111;241538;3070197.019525958;0.22650836554280118;3600;0.7898789015238252
Meta_794;241538;3460027.0;0.16186666666666666;241538;3063966.615993246;0.22690354189099288;3600;1.0
Meta_795;241538;3460027.0;0.21582222222222222;241537;678204.6114489492;0.22646576455755663;3600;1.0
Meta_796;241538;3460027.0;0.2697777777777778;241850;282782.3218;0.26977739887889995;4;0.0
Meta_797;241538;3460027.0;0.3237333333333333;241538;894.84;0.29755441737791744;0;0.0
Meta_798;241538;3460027.0;0.3776888888888889;241538;894.84;0.29755441737791744;0;0.0
Meta_799;241538;3460027.0;0.43164444444444444;241538;894.84;0.29755441737791744;0;0.0
Meta_800;241538;3460027.0;0.4856;241538;894.84;0.29755441737791744;0;0.0
Meta_801;215534;0.0;0.0;215534;12469.394356072233;0.1895629224903326;3600;0.5202538495256513
Meta_802;215534;0.0;0.053955555555555555;215534;12445.398514670427;0.18956477067537866;110;0.0
Meta_803;215534;0.0;0.10791111111111111;215534;12455.645714670427;0.1895639821090682;43;0.0
Meta_804;215534;0.0;0.16186666666666666;215534;12455.645714670427;0.18956398210906777;2814;0.0
Meta_805;215534;0.0;0.21582222222222222;218149;0.0;0.21502396877774024;24;0.0
Meta_806;215534;0.0;0.2697777777777778;217895;0.0;0.23716241169342608;0;0.0
Meta_807;215534;0.0;0.3237333333333333;217895;0.0;0.23716241169342608;0;0.0
Meta_808;215534;0.0;0.3776888888888889;217895;0.0;0.23716241169342608;0;0.0
Meta_809;215534;0.0;0.43164444444444444;217895;0.0;0.23716241169342608;0;0.0
Meta_810;215534;0.0;0.4856;217895;0.0;0.23716241169342608;0;0.0
Meta_811;215534;384447.44444444444;0.0;215534;268074.4746430768;0.18522049417020603;3600;0.0698156456829948
Meta_812;215534;384447.44444444444;0.053955555555555555;215534;266301.3499666613;0.18526279573600393;3600;0.17755133568549727
Meta_813;215534;384447.44444444444;0.10791111111111111;215534;290152.2261606129;0.18525632101306075;3600;0.6776203856808989
Meta_814;215534;384447.44444444444;0.16186666666666666;215534;296051.22641804576;0.1852224861442918;3600;1.0
Meta_815;215534;384447.44444444444;0.21582222222222222;218360;90044.82860724883;0.21343451134410085;2;0.0
Meta_816;215534;384447.44444444444;0.2697777777777778;217895;0.0;0.23716241169342608;0;0.0
Meta_817;215534;384447.44444444444;0.3237333333333333;217895;0.0;0.23716241169342608;0;0.0
Meta_818;215534;384447.44444444444;0.3776888888888889;217895;0.0;0.23716241169342608;0;0.0
Meta_819;215534;384447.44444444444;0.43164444444444444;217895;0.0;0.23716241169342608;0;0.0
Meta_820;215534;384447.44444444444;0.4856;217895;0.0;0.23716241169342608;0;0.0
Meta_821;215534;768894.8888888889;0.0;215534;264645.33983953187;0.18522046229294825;3600;0.2817512622321548
Meta_822;215534;768894.8888888889;0.053955555555555555;215534;283632.2836012274;0.18522519626882866;3600;0.3068869425867391
Meta_823;215534;768894.8888888889;0.10791111111111111;215534;679558.8835568787;0.1852416815798572;3600;0.8155990651536428
Meta_824;215534;768894.8888888889;0.16186666666666666;215534;274899.98424327717;0.1858883824093106;3600;1.0
Meta_825;215534;768894.8888888889;0.21582222222222222;215575;343004.42960268573;0.21480662175288803;2;0.0
Meta_826;215534;768894.8888888889;0.2697777777777778;217895;0.0;0.23716241169342608;0;0.0
Meta_827;215534;768894.8888888889;0.3237333333333333;217895;0.0;0.23716241169342608;0;0.0
Meta_828;215534;768894.8888888889;0.3776888888888889;217895;0.0;0.23716241169342608;0;0.0
Meta_829;215534;768894.8888888889;0.43164444444444444;217895;0.0;0.23716241169342608;0;0.0
Meta_830;215534;768894.8888888889;0.4856;217895;0.0;0.23716241169342608;0;0.0
Meta_831;215534;1153342.3333333333;0.0;215534;669932.6204152453;0.1852205567990186;3600;0.19410466673731888
Meta_832;215534;1153342.3333333333;0.053955555555555555;215534;683848.8721218067;0.18522386516533362;3600;0.30287752773202686
Meta_833;215534;1153342.3333333333;0.10791111111111111;215534;685247.3870056948;0.18583046368516432;3600;0.6352342252207471
Meta_834;215534;1153342.3333333333;0.16186666666666666;215535;321956.1715587925;0.19196327986818568;3600;1.0
Meta_835;215534;1153342.3333333333;0.21582222222222222;217682;55363.5743903466;0.2127139229469931;3;0.0
Meta_836;215534;1153342.3333333333;0.2697777777777778;217895;0.0;0.23716241169342608;0;0.0
Meta_837;215534;1153342.3333333333;0.3237333333333333;217895;0.0;0.23716241169342608;0;0.0
Meta_838;215534;1153342.3333333333;0.3776888888888889;217895;0.0;0.23716241169342608;0;0.0
Meta_839;215534;1153342.3333333333;0.43164444444444444;217895;0.0;0.23716241169342608;0;0.0
Meta_840;215534;1153342.3333333333;0.4856;217895;0.0;0.23716241169342608;0;0.0
Meta_841;215534;1537789.7777777778;0.0;215534;267819.25173958583;0.18522198455900657;3600;0.6094886951958156
Meta_842;215534;1537789.7777777778;0.053955555555555555;215534;393181.80097361637;0.18529604922672827;3600;0.3275219154395299
Meta_843;215534;1537789.7777777778;0.10791111111111111;215534;287433.87532903365;0.18522450242807867;3600;1.0
Meta_844;215534;1537789.7777777778;0.16186666666666666;215534;662913.3438176835;0.1853553918007855;3600;1.0
Meta_845;215534;1537789.7777777778;0.21582222222222222;215612;40064.3586;0.21581409564300602;1;0.0
Meta_846;215534;1537789.7777777778;0.2697777777777778;217895;0.0;0.23716241169342608;0;0.0
Meta_847;215534;1537789.7777777778;0.3237333333333333;217895;0.0;0.23716241169342608;0;0.0
Meta_848;215534;1537789.7777777778;0.3776888888888889;217895;0.0;0.23716241169342608;0;0.0
Meta_849;215534;1537789.7777777778;0.43164444444444444;217895;0.0;0.23716241169342608;0;0.0
Meta_850;215534;1537789.7777777778;0.4856;217895;0.0;0.23716241169342608;0;0.0
Meta_851;215534;1922237.2222222222;0.0;215534;280732.9292188445;0.18522050822504715;3600;0.5777068740187473
Meta_852;215534;1922237.2222222222;0.053955555555555555;215534;739209.5267010943;0.18532089737317617;3600;0.260681723292966
Meta_853;215534;1922237.2222222222;0.10791111111111111;215534;351654.15266046417;0.1852398395962244;3600;0.8175856247825786
Meta_854;215534;1922237.2222222222;0.16186666666666666;215534;255063.237370087;0.1854388546597139;3600;1.0
Meta_855;215534;1922237.2222222222;0.21582222222222222;218999;516571.6339166275;0.21580886658976264;3;0.0
Meta_856;215534;1922237.2222222222;0.2697777777777778;217895;0.0;0.23716241169342608;0;0.0
Meta_857;215534;1922237.2222222222;0.3237333333333333;217895;0.0;0.23716241169342608;0;0.0
Meta_858;215534;1922237.2222222222;0.3776888888888889;217895;0.0;0.23716241169342608;0;0.0
Meta_859;215534;1922237.2222222222;0.43164444444444444;217895;0.0;0.23716241169342608;0;0.0
Meta_860;215534;1922237.2222222222;0.4856;217895;0.0;0.23716241169342608;0;0.0
Meta_861;215534;2306684.6666666665;0.0;215534;280876.9618595286;0.18522111632695842;3600;0.27135213339354214
Meta_862;215534;2306684.6666666665;0.053955555555555555;215534;674259.7969474475;0.18522807350965503;3600;0.10924472912848208
Meta_863;215534;2306684.6666666665;0.10791111111111111;215534;414834.609153187;0.18690882636374975;3600;0.6246472202383255
Meta_864;215534;2306684.6666666665;0.16186666666666666;215534;738213.2818390321;0.18529623742451606;3600;1.0
Meta_865;215534;2306684.6666666665;0.21582222222222222;218780;0.0;0.21341245126294947;1;0.0
Meta_866;215534;2306684.6666666665;0.2697777777777778;217895;0.0;0.23716241169342608;0;0.0
Meta_867;215534;2306684.6666666665;0.3237333333333333;217895;0.0;0.23716241169342608;0;0.0
Meta_868;215534;2306684.6666666665;0.3776888888888889;217895;0.0;0.23716241169342608;0;0.0
Meta_869;215534;2306684.6666666665;0.43164444444444444;217895;0.0;0.23716241169342608;0;0.0
Meta_870;215534;2306684.6666666665;0.4856;217895;0.0;0.23716241169342608;0;0.0
Meta_871;215534;2691132.111111111;0.0;215534;2681220.2282981295;0.18522046191756694;3600;0.2365265161805872
Meta_872;215534;2691132.111111111;0.053955555555555555;215534;675328.6496368953;0.18522310243342066;3600;0.16175579016681155
Meta_873;215534;2691132.111111111;0.10791111111111111;215534;259951.17295635026;0.18524118574381065;3600;1.0
Meta_874;215534;2691132.111111111;0.16186666666666666;215534;347539.47954853403;0.18945066878153666;3600;1.0
Meta_875;215534;2691132.111111111;0.21582222222222222;215876;44915.6415;0.21558987232425533;3;0.0
Meta_876;215534;2691132.111111111;0.2697777777777778;217895;0.0;0.23716241169342608;0;0.0
Meta_877;215534;2691132.111111111;0.3237333333333333;217895;0.0;0.23716241169342608;0;0.0
Meta_878;215534;2691132.111111111;0.3776888888888889;217895;0.0;0.23716241169342608;0;0.0
Meta_879;215534;2691132.111111111;0.43164444444444444;217895;0.0;0.23716241169342608;0;0.0
Meta_880;215534;2691132.111111111;0.4856;217895;0.0;0.23716241169342608;0;0.0
Meta_881;215534;3075579.5555555555;0.0;215534;294163.7955773886;0.18522053913768824;3600;0.1854438637006975
Meta_882;215534;3075579.5555555555;0.053955555555555555;215534;653329.1688436595;0.18582253937031132;3600;0.20486096038331691
Meta_883;215534;3075579.5555555555;0.10791111111111111;215534;451745.0961619754;0.1869421046783403;3600;1.0
Meta_884;215534;3075579.5555555555;0.16186666666666666;215534;580972.7561408235;0.186962717145899;3600;1.0
Meta_885;215534;3075579.5555555555;0.21582222222222222;218780;0.0;0.21341245126294947;1;0.0
Meta_886;215534;3075579.5555555555;0.2697777777777778;217895;0.0;0.23716241169342608;0;0.0
Meta_887;215534;3075579.5555555555;0.3237333333333333;217895;0.0;0.23716241169342608;0;0.0
Meta_888;215534;3075579.5555555555;0.3776888888888889;217895;0.0;0.23716241169342608;0;0.0
Meta_889;215534;3075579.5555555555;0.43164444444444444;217895;0.0;0.23716241169342608;0;0.0
Meta_890;215534;3075579.5555555555;0.4856;217895;0.0;0.23716241169342608;0;0.0
Meta_891;215534;3460027.0;0.0;215534;267538.2441188174;0.18522080463573062;3600;0.2924817770252261
Meta_892;215534;3460027.0;0.053955555555555555;215534;560812.2814285163;0.18619910960361652;3600;0.3643988554066512
Meta_893;215534;3460027.0;0.10791111111111111;215534;283233.855071571;0.18691156571843326;3600;1.0
Meta_894;215534;3460027.0;0.16186666666666666;215534;672423.9272185857;0.18522546810895593;3600;1.0
Meta_895;215534;3460027.0;0.21582222222222222;218780;0.0;0.21341245126294947;1;0.0
Meta_896;215534;3460027.0;0.2697777777777778;217895;0.0;0.23716241169342608;0;0.0
Meta_897;215534;3460027.0;0.3237333333333333;217895;0.0;0.23716241169342608;0;0.0
Meta_898;215534;3460027.0;0.3776888888888889;217895;0.0;0.23716241169342608;0;0.0
Meta_899;215534;3460027.0;0.43164444444444444;217895;0.0;0.23716241169342608;0;0.0
Meta_900;215534;3460027.0;0.4856;217895;0.0;0.23716241169342608;0;0.0
Meta_901;189530;0.0;0.0;189530;13332.060459250562;0.1432784289001056;16;0.0
Meta_902;189530;0.0;0.053955555555555555;189530;13373.049259250562;0.14327425711240907;18;0.0
Meta_903;189530;0.0;0.10791111111111111;189530;13342.307659250562;0.1432773787821179;22;0.0
Meta_904;189530;0.0;0.16186666666666666;194258;0.0;0.1549669497504515;12;0.0
Meta_905;189530;0.0;0.21582222222222222;190487;0.0;0.19319764511618598;0;0.0
Meta_906;189530;0.0;0.2697777777777778;190487;0.0;0.19319764511618598;0;0.0
Meta_907;189530;0.0;0.3237333333333333;190487;0.0;0.19319764511618598;0;0.0
Meta_908;189530;0.0;0.3776888888888889;190487;0.0;0.19319764511618598;0;0.0
Meta_909;189530;0.0;0.43164444444444444;190487;0.0;0.19319764511618598;0;0.0
Meta_910;189530;0.0;0.4856;190487;0.0;0.19319764511618598;0;0.0
Meta_911;189530;384447.44444444444;0.0;189530;371282.20418878045;0.14077226420654018;3600;0.002320681363341687
Meta_912;189530;384447.44444444444;0.053955555555555555;189530;382724.0602527163;0.14077258165924542;3600;0.007334571087875598
Meta_913;189530;384447.44444444444;0.10791111111111111;189530;381147.30690544815;0.14077875118182506;3600;0.057503542204718594
Meta_914;189530;384447.44444444444;0.16186666666666666;191849;288916.418550368;0.16056041355363287;6;0.0
Meta_915;189530;384447.44444444444;0.21582222222222222;190487;0.0;0.19319764511618598;0;0.0
Meta_916;189530;384447.44444444444;0.2697777777777778;190487;0.0;0.19319764511618598;0;0.0
Meta_917;189530;384447.44444444444;0.3237333333333333;190487;0.0;0.19319764511618598;0;0.0
Meta_918;189530;384447.44444444444;0.3776888888888889;190487;0.0;0.19319764511618598;0;0.0
Meta_919;189530;384447.44444444444;0.43164444444444444;190487;0.0;0.19319764511618598;0;0.0
Meta_920;189530;384447.44444444444;0.4856;190487;0.0;0.19319764511618598;0;0.0
Meta_921;189530;768894.8888888889;0.0;189530;373833.20243367326;0.14077228696522986;3600;0.005363587400088943
Meta_922;189530;768894.8888888889;0.053955555555555555;189530;380859.8490894441;0.1407729592022771;3600;0.014960106943705821
Meta_923;189530;768894.8888888889;0.10791111111111111;189530;375353.86497803737;0.14077239381095308;3600;0.08840804997981028
Meta_924;189530;768894.8888888889;0.16186666666666666;189717;16369.700000000003;0.15858965583254225;4;0.0
Meta_925;189530;768894.8888888889;0.21582222222222222;190487;0.0;0.19319764511618598;0;0.0
Meta_926;189530;768894.8888888889;0.2697777777777778;190487;0.0;0.19319764511618598;0;0.0
Meta_927;189530;768894.8888888889;0.3237333333333333;190487;0.0;0.19319764511618598;0;0.0
Meta_928;189530;768894.8888888889;0.3776888888888889;190487;0.0;0.19319764511618598;0;0.0
Meta_929;189530;768894.8888888889;0.43164444444444444;190487;0.0;0.19319764511618598;0;0.0
Meta_930;189530;768894.8888888889;0.4856;190487;0.0;0.19319764511618598;0;0.0
Meta_931;189530;1153342.3333333333;0.0;189530;373319.33646089496;0.1407722148414543;3600;0.024191916675457083
Meta_932;189530;1153342.3333333333;0.053955555555555555;189530;372603.02715628827;0.1407740236530697;3600;0.03243510764642267
Meta_933;189530;1153342.3333333333;0.10791111111111111;189530;373223.4703131749;0.14077326840489734;3600;0.1023466659759613
Meta_934;189530;1153342.3333333333;0.16186666666666666;193392;0.0;0.161795712212562;7;0.0
Meta_935;189530;1153342.3333333333;0.21582222222222222;190487;0.0;0.19319764511618598;0;0.0
Meta_936;189530;1153342.3333333333;0.2697777777777778;190487;0.0;0.19319764511618598;0;0.0
Meta_937;189530;1153342.3333333333;0.3237333333333333;190487;0.0;0.19319764511618598;0;0.0
Meta_938;189530;1153342.3333333333;0.3776888888888889;190487;0.0;0.19319764511618598;0;0.0
Meta_939;189530;1153342.3333333333;0.43164444444444444;190487;0.0;0.19319764511618598;0;0.0
Meta_940;189530;1153342.3333333333;0.4856;190487;0.0;0.19319764511618598;0;0.0
Meta_941;189530;1537789.7777777778;0.0;189530;373654.298275183;0.14077271413740072;3600;0.005940606322747388
Meta_942;189530;1537789.7777777778;0.053955555555555555;189530;409713.84356163966;0.14077649187424693;3600;0.06742185176310697
Meta_943;189530;1537789.7777777778;0.10791111111111111;189530;390389.37004914426;0.14077242359258246;3600;0.04967081370522341
Meta_944;189530;1537789.7777777778;0.16186666666666666;189780;221874.2684;0.16186558077533703;3;0.0
Meta_945;189530;1537789.7777777778;0.21582222222222222;190487;0.0;0.19319764511618598;0;0.0
Meta_946;189530;1537789.7777777778;0.2697777777777778;190487;0.0;0.19319764511618598;0;0.0
Meta_947;189530;1537789.7777777778;0.3237333333333333;190487;0.0;0.19319764511618598;0;0.0
Meta_948;189530;1537789.7777777778;0.3776888888888889;190487;0.0;0.19319764511618598;0;0.0
Meta_949;189530;1537789.7777777778;0.43164444444444444;190487;0.0;0.19319764511618598;0;0.0
Meta_950;189530;1537789.7777777778;0.4856;190487;0.0;0.19319764511618598;0;0.0
Meta_951;189530;1922237.2222222222;0.0;189530;373409.0941094408;0.14077210864699655;3600;0.06346828489407008
Meta_952;189530;1922237.2222222222;0.053955555555555555;189530;371845.4995749671;0.14077552923289022;3600;0.007998987571896756
Meta_953;189530;1922237.2222222222;0.10791111111111111;189530;377460.33251420513;0.14077925613413317;3600;0.017173426451504263
Meta_954;189530;1922237.2222222222;0.16186666666666666;189589;250047.95112064263;0.1618680224273657;4;0.0
Meta_955;189530;1922237.2222222222;0.21582222222222222;190487;0.0;0.19319764511618598;0;0.0
Meta_956;189530;1922237.2222222222;0.2697777777777778;190487;0.0;0.19319764511618598;0;0.0
Meta_957;189530;1922237.2222222222;0.3237333333333333;190487;0.0;0.19319764511618598;0;0.0
Meta_958;189530;1922237.2222222222;0.3776888888888889;190487;0.0;0.19319764511618598;0;0.0
Meta_959;189530;1922237.2222222222;0.43164444444444444;190487;0.0;0.19319764511618598;0;0.0
Meta_960;189530;1922237.2222222222;0.4856;190487;0.0;0.19319764511618598;0;0.0
Meta_961;189530;2306684.6666666665;0.0;189530;2250148.499283126;0.14077439586191579;3600;0.002530041136271019
Meta_962;189530;2306684.6666666665;0.053955555555555555;189530;412942.5223077155;0.14077503200111022;3600;0.02783017627975723
Meta_963;189530;2306684.6666666665;0.10791111111111111;189530;418106.62310661346;0.14077381450125598;3600;0.058780953586285475
Meta_964;189530;2306684.6666666665;0.16186666666666666;191801;158630.1025;0.1612453582195871;34;0.0
Meta_965;189530;2306684.6666666665;0.21582222222222222;190487;0.0;0.19319764511618598;0;0.0
Meta_966;189530;2306684.6666666665;0.2697777777777778;190487;0.0;0.19319764511618598;0;0.0
Meta_967;189530;2306684.6666666665;0.3237333333333333;190487;0.0;0.19319764511618598;0;0.0
Meta_968;189530;2306684.6666666665;0.3776888888888889;190487;0.0;0.19319764511618598;0;0.0
Meta_969;189530;2306684.6666666665;0.43164444444444444;190487;0.0;0.19319764511618598;0;0.0
Meta_970;189530;2306684.6666666665;0.4856;190487;0.0;0.19319764511618598;0;0.0
Meta_971;189530;2691132.111111111;0.0;189530;378625.4148301282;0.1407720818925583;3600;0.001360255996658338
Meta_972;189530;2691132.111111111;0.053955555555555555;189530;420146.44022029184;0.1407750753273562;3600;0.026016334644960726
Meta_973;189530;2691132.111111111;0.10791111111111111;189530;380050.78227809136;0.14077350697592447;3600;0.1295341992923298
Meta_974;189530;2691132.111111111;0.16186666666666666;189556;2354957.539456892;0.16186885708516327;4;0.0
Meta_975;189530;2691132.111111111;0.21582222222222222;190487;0.0;0.19319764511618598;0;0.0
Meta_976;189530;2691132.111111111;0.2697777777777778;190487;0.0;0.19319764511618598;0;0.0
Meta_977;189530;2691132.111111111;0.3237333333333333;190487;0.0;0.19319764511618598;0;0.0
Meta_978;189530;2691132.111111111;0.3776888888888889;190487;0.0;0.19319764511618598;0;0.0
Meta_979;189530;2691132.111111111;0.43164444444444444;190487;0.0;0.19319764511618598;0;0.0
Meta_980;189530;2691132.111111111;0.4856;190487;0.0;0.19319764511618598;0;0.0
Meta_981;189530;3075579.5555555555;0.0;189530;379885.242671584;0.14077198368323018;3600;0.041738304028779497
Meta_982;189530;3075579.5555555555;0.053955555555555555;189530;387230.43462353986;0.14077389778134003;3600;0.062193962518784895
Meta_983;189530;3075579.5555555555;0.10791111111111111;189530;391078.73582556413;0.14077723819511903;3600;0.18222817248778694
Meta_984;189530;3075579.5555555555;0.16186666666666666;190474;301019.24862956983;0.1609473560532945;27;0.0
Meta_985;189530;3075579.5555555555;0.21582222222222222;190487;0.0;0.19319764511618598;0;0.0
Meta_986;189530;3075579.5555555555;0.2697777777777778;190487;0.0;0.19319764511618598;0;0.0
Meta_987;189530;3075579.5555555555;0.3237333333333333;190487;0.0;0.19319764511618598;0;0.0
Meta_988;189530;3075579.5555555555;0.3776888888888889;190487;0.0;0.19319764511618598;0;0.0
Meta_989;189530;3075579.5555555555;0.43164444444444444;190487;0.0;0.19319764511618598;0;0.0
Meta_990;189530;3075579.5555555555;0.4856;190487;0.0;0.19319764511618598;0;0.0
Meta_991;189530;3460027.0;0.0;189530;2786252.9650237015;0.14077267986466716;3600;0.02018539917997538
Meta_992;189530;3460027.0;0.053955555555555555;189530;379617.08840680245;0.14077670768911546;3600;0.024156624129289796
Meta_993;189530;3460027.0;0.10791111111111111;189530;374359.1651427179;0.14077421773600238;3600;0.03938393606674286
Meta_994;189530;3460027.0;0.16186666666666666;193179;122667.5961;0.16186702473811707;3;0.0
Meta_995;189530;3460027.0;0.21582222222222222;190487;0.0;0.19319764511618598;0;0.0
Meta_996;189530;3460027.0;0.2697777777777778;190487;0.0;0.19319764511618598;0;0.0
Meta_997;189530;3460027.0;0.3237333333333333;190487;0.0;0.19319764511618598;0;0.0
Meta_998;189530;3460027.0;0.3776888888888889;190487;0.0;0.19319764511618598;0;0.0
Meta_999;189530;3460027.0;0.43164444444444444;190487;0.0;0.19319764511618598;0;0.0
Meta_1000;189530;3460027.0;0.4856;190487;0.0;0.19319764511618598;0;0.0
