Meta_6;165935;0.0;0.2777777777777778;160925;1469318.6793000002;0.23526557316157068;0;0.0
Meta_7;165935;0.0;0.3333333333333333;160925;1469318.6793000002;0.23526557316157068;0;0.0
Meta_8;165935;0.0;0.38888888888888884;160925;1469318.6793000002;0.23526557316157068;0;0.0
Meta_9;165935;0.0;0.4444444444444444;160925;1469318.6793000002;0.23526557316157068;0;0.0
Meta_10;165935;0.0;0.5;160925;1469318.6793000002;0.23526557316157068;0;0.0
Meta_1;165935;0.0;0.0;161770;1571490.8852000001;0.19442621910750837;3600;0.024650433876149003
Meta_16;165935;290293.56243333337;0.2777777777777778;160925;1469318.6793000002;0.23526557316157068;0;6.004837587417691E-14
Meta_17;165935;290293.56243333337;0.3333333333333333;160925;1469318.6793000002;0.23526557316157068;0;6.067225510403848E-14
Meta_18;165935;290293.56243333337;0.38888888888888884;160925;1469318.6793000002;0.23526557316157068;0;6.192001356376165E-14
Meta_19;165935;290293.56243333337;0.4444444444444444;160925;1469318.6793000002;0.23526557316157068;0;6.192001356376165E-14
Meta_20;165935;290293.56243333337;0.5;160925;1469318.6793000002;0.23526557316157068;0;6.192001356376165E-14
Meta_2;165935;0.0;0.05555555555555555;162119;1585091.1708000007;0.19562432844263172;3600;0.026507521917827393
Meta_3;165935;0.0;0.1111111111111111;161714;1569293.5368000004;0.1945570545031361;3600;0.030466331709270128
Meta_4;165935;0.0;0.16666666666666666;161963;1582360.6066000003;0.19471763190277566;3600;0.036958407583162635
Meta_5;165935;0.0;0.2222222222222222;161248;1494441.7253000005;0.2222243147255057;3600;6.193104258320644E-5
Meta_11;165935;290293.56243333337;0.0;161867;1577080.2039999997;0.19448845926228042;3600;0.03162857776492366
Meta_26;165935;580587.1248666667;0.2777777777777778;160925;1469318.6793000002;0.23526557316157068;0;8.259514664262376E-14
Meta_27;165935;580587.1248666667;0.3333333333333333;160925;1469318.6793000002;0.23526557316157068;0;8.649114412576639E-14
Meta_28;165935;580587.1248666667;0.38888888888888884;160925;1469318.6793000002;0.23526557316157068;0;8.649114412576639E-14
Meta_29;165935;580587.1248666667;0.4444444444444444;160925;1469318.6793000002;0.23526557316157068;0;8.649114412576639E-14
Meta_30;165935;580587.1248666667;0.5;160925;1469318.6793000002;0.23526557316157068;0;8.649114412576639E-14
Meta_12;165935;290293.56243333337;0.05555555555555555;161789;1565604.6001000002;0.1955505529001447;3600;0.0312573486147746
Meta_13;165935;290293.56243333337;0.1111111111111111;161586;1556169.345900001;0.19543596524481635;3600;0.03405536528567454
Meta_14;165935;290293.56243333337;0.16666666666666666;161894;1571610.5873000007;0.19655267469673732;3600;0.04723868550834104
Meta_15;165935;290293.56243333337;0.2222222222222222;161182;1490893.7296000004;0.2222234899295272;3600;0.0020232768838753445
Meta_21;165935;580587.1248666667;0.0;161792;1570537.2171000002;0.1950766488610417;3600;0.03610781359108978
Meta_36;165935;870880.6873000001;0.2777777777777778;160925;1469318.6793000002;0.23526557316157068;0;1.2138661547006587E-13
Meta_37;165935;870880.6873000001;0.3333333333333333;160925;1469318.6793000002;0.23526557316157068;0;1.172366457104055E-13
Meta_38;165935;870880.6873000001;0.38888888888888884;160925;1469318.6793000002;0.23526557316157068;0;1.151616608305753E-13
Meta_39;165935;870880.6873000001;0.4444444444444444;160925;1469318.6793000002;0.23526557316157068;0;1.151616608305753E-13
Meta_40;165935;870880.6873000001;0.5;160925;1469318.6793000002;0.23526557316157068;0;1.151616608305753E-13
Meta_22;165935;580587.1248666667;0.05555555555555555;162371;1603991.2021;0.1948652719582641;3600;0.038516745994324725
Meta_23;165935;580587.1248666667;0.1111111111111111;161811;1572411.1299999997;0.19460256671748896;3600;0.037973634995333086
Meta_24;165935;580587.1248666667;0.16666666666666666;161766;1564227.5041999999;0.19599685139660833;3600;0.055285953822987365
Meta_25;165935;580587.1248666667;0.2222222222222222;161215;1492628.7965000004;0.2222232211449931;3600;0.0026568833910946815
Meta_31;165935;870880.6873000001;0.0;161739;1567876.9514000001;0.19465963939524297;3600;0.04225994687245254
Meta_46;165935;1161174.2497333335;0.2777777777777778;160925;1469318.6793000002;0.23526557316157068;0;1.9690186883748722E-13
Meta_47;165935;1161174.2497333335;0.3333333333333333;160925;1469318.6793000002;0.23526557316157068;0;1.875902533653696E-13
Meta_48;165935;1161174.2497333335;0.38888888888888884;160925;1469318.6793000002;0.23526557316157068;0;2.0931735613364405E-13
Meta_49;165935;1161174.2497333335;0.4444444444444444;160925;1469318.6793000002;0.23526557316157068;0;2.0931735613364405E-13
Meta_50;165935;1161174.2497333335;0.5;160925;1469318.6793000002;0.23526557316157068;0;2.0931735613364405E-13
Meta_32;165935;870880.6873000001;0.05555555555555555;161800;1561535.4027000002;0.19690194736299066;3600;0.04709206897398654
Meta_33;165935;870880.6873000001;0.1111111111111111;161895;1581002.1657999998;0.19402080565109858;3600;0.042549281534439945
Meta_34;165935;870880.6873000001;0.16666666666666666;161495;1560607.8248000005;0.19415780216927145;3600;0.06410476193588538
Meta_35;165935;870880.6873000001;0.2222222222222222;161271;1495723.5132000004;0.22222421659368335;3600;0.0010363163239643768
Meta_41;165935;1161174.2497333335;0.0;162021;1581048.887599999;0.1950575206961475;3600;0.04723040982950918
Meta_56;165935;1451467.8121666668;0.2777777777777778;160925;1469318.6793000002;0.23526557316157068;0;4.3943282113604654E-13
Meta_57;165935;1451467.8121666668;0.3333333333333333;160925;1469318.6793000002;0.23526557316157068;0;4.2711946712873175E-13
Meta_58;165935;1451467.8121666668;0.38888888888888884;160925;1469318.6793000002;0.23526557316157068;0;4.579028521470187E-13
Meta_59;165935;1451467.8121666668;0.4444444444444444;160925;1469318.6793000002;0.23526557316157068;0;4.579028521470187E-13
Meta_60;165935;1451467.8121666668;0.5;160925;1469318.6793000002;0.23526557316157068;0;4.579028521470187E-13
Meta_42;165935;1161174.2497333335;0.05555555555555555;161512;1556437.3180000004;0.19516263537900333;3600;0.053596740359536904
Meta_43;165935;1161174.2497333335;0.1111111111111111;162228;1598178.2775999997;0.1945933623331093;3600;0.058688617103899686
Meta_44;165935;1161174.2497333335;0.16666666666666666;162006;1581973.7160999998;0.1947374997459956;3600;0.07973544723064807
Meta_45;165935;1161174.2497333335;0.2222222222222222;161221;1492963.3009000001;0.22222386927206328;3600;0.005268578706552036
Meta_65;165935;1741761.3746000002;0.2222222222222222;163170;1741756.3464000002;0.1959591794226542;0;0.0
Meta_66;165935;1741761.3746000002;0.2777777777777778;163170;1741758.7159000004;0.1959591794226542;0;0.0
Meta_67;165935;1741761.3746000002;0.3333333333333333;163170;1741759.2568000003;0.1959591794226542;0;0.0
Meta_68;165935;1741761.3746000002;0.38888888888888884;163170;1741759.7606000002;0.1959591794226542;0;1.855253701976743E-15
Meta_69;165935;1741761.3746000002;0.4444444444444444;163170;1741759.7606000002;0.1959591794226542;0;1.855253701976743E-15
Meta_70;165935;1741761.3746000002;0.5;163170;1741759.7606000002;0.1959591794226542;0;1.855253701976743E-15
Meta_51;165935;1451467.8121666668;0.0;161934;1579361.755;0.19494902155461494;3600;0.04967901449273389
Meta_52;165935;1451467.8121666668;0.05555555555555555;162289;1598988.5154000004;0.1952434135386994;3600;0.05787194319657891
Meta_53;165935;1451467.8121666668;0.1111111111111111;161906;1578882.8256000003;0.1945794043609213;3600;0.06077421137183695
Meta_54;165935;1451467.8121666668;0.16666666666666666;162106;1576948.1595000003;0.19785505187862515;3600;0.15712471061968927
Meta_75;165935;2032054.9370333336;0.2222222222222222;163170;2032052.5047000002;0.1959591794226542;0;0.0
Meta_76;165935;2032054.9370333336;0.2777777777777778;163170;1879152.3284000002;0.1959591794226542;0;0.0
Meta_77;165935;2032054.9370333336;0.3333333333333333;163170;1871832.8182999997;0.1959591794226542;0;0.0
Meta_78;165935;2032054.9370333336;0.38888888888888884;163170;1976903.8370000003;0.1959591794226542;0;0.0
Meta_79;165935;2032054.9370333336;0.4444444444444444;163170;1976903.8370000003;0.1959591794226542;0;0.0
Meta_80;165935;2032054.9370333336;0.5;163170;1976903.8370000003;0.1959591794226542;0;0.0
Meta_55;165935;1451467.8121666668;0.2222222222222222;161272;1495775.6512000004;0.22222424652550749;3600;0.010344266966866467
Meta_61;165935;1741761.3746000002;0.0;163130;1719810.3693;0.19557694660449582;3600;7.7980754396257E-4
Meta_62;165935;1741761.3746000002;0.05555555555555555;163135;1697784.9277000001;0.19561603275118675;3600;8.839337565760944E-4
Meta_63;165935;1741761.3746000002;0.1111111111111111;163133;1712967.9414;0.195600615883609;3600;0.0010541885836915887
Meta_85;165935;2322348.499466667;0.2222222222222222;163170;2047501.3515;0.1959591794226542;0;0.0
Meta_86;165935;2322348.499466667;0.2777777777777778;163170;1879152.3284000002;0.1959591794226542;0;0.0
Meta_87;165935;2322348.499466667;0.3333333333333333;163170;1871832.8182999997;0.1959591794226542;0;0.0
Meta_88;165935;2322348.499466667;0.38888888888888884;163170;1976903.8370000003;0.1959591794226542;0;0.0
Meta_89;165935;2322348.499466667;0.4444444444444444;163170;1976903.8370000003;0.1959591794226542;0;0.0
Meta_90;165935;2322348.499466667;0.5;163170;1976903.8370000003;0.1959591794226542;0;0.0
Meta_64;165935;1741761.3746000002;0.16666666666666666;163133;1741733.1718000004;0.19560064964979496;3600;0.0019839009448120912
Meta_71;165935;2032054.9370333336;0.0;163131;1902907.9561;0.1955849001762629;3600;6.835528216668829E-4
Meta_72;165935;2032054.9370333336;0.05555555555555555;163135;1903453.9060999998;0.19561603275118675;3600;7.220719700687266E-4
Meta_73;165935;2032054.9370333336;0.1111111111111111;163137;1890512.1378999997;0.19563184536577582;3600;9.100573387691361E-4
Meta_95;165935;2612642.0619;0.2222222222222222;163170;2047501.3515;0.1959591794226542;0;0.0
Meta_96;165935;2612642.0619;0.2777777777777778;163170;1879152.3284000002;0.1959591794226542;0;0.0
Meta_97;165935;2612642.0619;0.3333333333333333;163170;1871832.8182999997;0.1959591794226542;0;0.0
Meta_98;165935;2612642.0619;0.38888888888888884;163170;1976903.8370000003;0.1959591794226542;0;0.0
Meta_99;165935;2612642.0619;0.4444444444444444;163170;1976903.8370000003;0.1959591794226542;0;0.0
Meta_100;165935;2612642.0619;0.5;163170;1976903.8370000003;0.1959591794226542;0;0.0
Meta_74;165935;2032054.9370333336;0.16666666666666666;163133;1912296.3949;0.19560216536934052;3600;0.0015500905065096314
Meta_81;165935;2322348.499466667;0.0;163132;2002221.9045000004;0.19559325028099356;3600;5.355123458180498E-4
Meta_82;165935;2322348.499466667;0.05555555555555555;163130;2002170.7247000004;0.19557827468848485;3600;6.184344049105247E-4
Meta_83;165935;2322348.499466667;0.1111111111111111;163129;2002109.0422000003;0.19557178605779946;3600;8.188506489690088E-4
Meta_84;165935;2322348.499466667;0.16666666666666666;163132;2002212.2587;0.19559352356899534;3600;0.001572352574131345
Meta_106;158598;0.0;0.2777777777777778;158598;1350912.0572000006;0.27777868567470937;5;0.0
Meta_107;158598;0.0;0.3333333333333333;158598;1350668.3681000008;0.2805327926025901;0;1.6817047370858945E-16
Meta_108;158598;0.0;0.38888888888888884;158598;1350668.3681000008;0.2805327926025901;0;1.6817047370858945E-16
Meta_109;158598;0.0;0.4444444444444444;158598;1350668.3681000008;0.2805327926025901;0;1.6817047370858945E-16
Meta_110;158598;0.0;0.5;158598;1350668.3681000008;0.2805327926025901;0;1.6817047370858945E-16
Meta_91;165935;2612642.0619;0.0;163131;2227028.3622;0.19558715951789554;3600;6.350285534149919E-4
Meta_92;165935;2612642.0619;0.05555555555555555;163131;2227067.2874999996;0.19558676259241298;3600;6.560059171229592E-4
Meta_93;165935;2612642.0619;0.1111111111111111;163130;2226953.5743999993;0.19557888936583448;3600;7.851860456234289E-4
Meta_94;165935;2612642.0619;0.16666666666666666;163137;2227259.2253;0.19563198941117416;3600;0.001396444402594348
Meta_101;158598;0.0;0.0;158598;1461587.7877000007;0.19024401537607713;3600;0.045820376151806515
Meta_102;158598;0.0;0.05555555555555555;158598;1469107.5022;0.1890706576120759;3600;0.046596550630469045
Meta_117;158598;290293.56243333337;0.3333333333333333;158598;1350668.3681000008;0.2805327926025901;0;9.318120730673477E-14
Meta_118;158598;290293.56243333337;0.38888888888888884;158598;1350668.3681000008;0.2805327926025901;0;8.1828094692351E-14
Meta_119;158598;290293.56243333337;0.4444444444444444;158598;1350668.3681000008;0.2805327926025901;0;8.1828094692351E-14
Meta_120;158598;290293.56243333337;0.5;158598;1350668.3681000008;0.2805327926025901;0;8.1828094692351E-14
Meta_116;158598;290293.56243333337;0.2777777777777778;158598;1350912.0572000006;0.27777868567470926;405;0.0
Meta_103;158598;0.0;0.1111111111111111;158598;1470964.4817999995;0.19037380595741815;3600;0.05693669153427421
Meta_104;158598;0.0;0.16666666666666666;158465;1457507.2540000002;0.19250273178843716;3600;0.07066137181891073
Meta_105;158598;0.0;0.2222222222222222;158598;1380419.5118;0.22222470188569907;3600;0.012267909920986732
Meta_111;158598;290293.56243333337;0.0;158589;1456022.7346999997;0.19355037370660746;3600;0.06608095219227636
Meta_126;158598;580587.1248666667;0.2777777777777778;158598;1350912.2927000006;0.2777768163091881;464;0.0
Meta_127;158598;580587.1248666667;0.3333333333333333;158598;1350668.3681000008;0.2805327926025901;0;1.361236659142944E-13
Meta_128;158598;580587.1248666667;0.38888888888888884;158598;1350668.3681000008;0.2805327926025901;0;1.2049082887538302E-13
Meta_129;158598;580587.1248666667;0.4444444444444444;158598;1350668.3681000008;0.2805327926025901;0;1.2049082887538302E-13
Meta_130;158598;580587.1248666667;0.5;158598;1350668.3681000008;0.2805327926025901;0;1.2049082887538302E-13
Meta_112;158598;290293.56243333337;0.05555555555555555;158577;1449527.6019000001;0.1939708003858351;3600;0.0666367574741167
Meta_113;158598;290293.56243333337;0.1111111111111111;158598;1452423.7541000003;0.19375805955404354;3600;0.07275139295302309
Meta_114;158598;290293.56243333337;0.16666666666666666;158576;1478072.9967;0.19063786568342597;3600;0.09029237795177388
Meta_115;158598;290293.56243333337;0.2222222222222222;158598;1381070.1010999999;0.22221074901320267;3600;0.018120316871585815
Meta_121;158598;580587.1248666667;0.0;158598;1457707.4985000002;0.1918194235477173;3600;0.07006876910916421
Meta_136;158598;870880.6873000001;0.2777777777777778;158598;1350912.2927000006;0.277776816309188;10;7.097737005170042E-16
Meta_137;158598;870880.6873000001;0.3333333333333333;158598;1350668.3681000008;0.2805327926025901;0;2.377767185819897E-13
Meta_138;158598;870880.6873000001;0.38888888888888884;158598;1350668.3681000008;0.2805327926025901;0;2.3387097855550606E-13
Meta_139;158598;870880.6873000001;0.4444444444444444;158598;1350668.3681000008;0.2805327926025901;0;2.3387097855550606E-13
Meta_140;158598;870880.6873000001;0.5;158598;1350668.3681000008;0.2805327926025901;0;2.3387097855550606E-13
Meta_122;158598;580587.1248666667;0.05555555555555555;158598;1453639.5166000002;0.19364354521990787;3600;0.07965141519084179
Meta_123;158598;580587.1248666667;0.1111111111111111;158501;1474094.6198000005;0.18942859735281917;3600;0.08276919928420932
Meta_124;158598;580587.1248666667;0.16666666666666666;158585;1469007.3240000005;0.1895407574867234;3600;0.10143105033006962
Meta_125;158598;580587.1248666667;0.2222222222222222;158597;1380534.8319000006;0.22222002607244057;3600;0.02285816023330507
Meta_131;158598;870880.6873000001;0.0;158598;1466642.4828;0.18918928057908196;3600;0.08142158988449014
Meta_146;158598;1161174.2497333335;0.2777777777777778;158598;1350912.2927000006;0.2777768163091881;61;1.7957063517817177E-15
Meta_147;158598;1161174.2497333335;0.3333333333333333;158598;1350668.3681000008;0.2805327926025901;0;6.574751969748077E-13
Meta_148;158598;1161174.2497333335;0.38888888888888884;158598;1350668.3681000008;0.2805327926025901;0;6.874421612854188E-13
Meta_149;158598;1161174.2497333335;0.4444444444444444;158598;1350668.3681000008;0.2805327926025901;0;6.874421612854188E-13
Meta_150;158598;1161174.2497333335;0.5;158598;1350668.3681000008;0.2805327926025901;0;6.874421612854188E-13
Meta_132;158598;870880.6873000001;0.05555555555555555;158598;1477944.4077999997;0.1902673405497795;3600;0.09972721636052814
Meta_133;158598;870880.6873000001;0.1111111111111111;158598;1442583.2826999999;0.1960047054370722;3600;0.11737175785796775
Meta_134;158598;870880.6873000001;0.16666666666666666;158568;1461179.5881000003;0.19074009402379438;3600;0.14199554604985248
Meta_135;158598;870880.6873000001;0.2222222222222222;158598;1380670.1555;0.22221402012607483;3600;0.03656022884341926
Meta_155;158598;1451467.8121666668;0.2222222222222222;159078;1451460.1572000007;0.21725370026428292;13;0.0
Meta_156;158598;1451467.8121666668;0.2777777777777778;158598;1416949.7445999999;0.2547097041069927;1;0.0
Meta_157;158598;1451467.8121666668;0.3333333333333333;158598;1451455.2486000003;0.273094089157624;0;0.0
Meta_158;158598;1451467.8121666668;0.38888888888888884;158598;1410822.9506;0.30971303489922286;0;0.0
Meta_159;158598;1451467.8121666668;0.4444444444444444;158598;1410822.9506;0.30971303489922286;0;0.0
Meta_160;158598;1451467.8121666668;0.5;158598;1410822.9506;0.30971303489922286;0;0.0
Meta_141;158598;1161174.2497333335;0.0;158598;1460356.1114999992;0.19197325995093473;3600;0.1215477888728428
Meta_142;158598;1161174.2497333335;0.05555555555555555;158596;1449598.1166999997;0.19406958375859545;3600;0.1331377136817793
Meta_143;158598;1161174.2497333335;0.1111111111111111;158598;1456002.9800000007;0.1922814831510721;3600;0.15358881395501522
Meta_144;158598;1161174.2497333335;0.16666666666666666;158598;1456163.2723000005;0.19227524088052098;3600;0.23229566346986538
Meta_165;158598;1741761.3746000002;0.2222222222222222;163170;1741753.4504;0.1959591794226542;0;0.0
Meta_166;158598;1741761.3746000002;0.2777777777777778;158722;1652138.5784999998;0.27191270507697435;4;0.0
Meta_167;158598;1741761.3746000002;0.3333333333333333;158598;1655406.3292999996;0.2800162965452486;0;0.0
Meta_168;158598;1741761.3746000002;0.38888888888888884;158598;1667240.7932999996;0.30630273971245603;0;0.0
Meta_169;158598;1741761.3746000002;0.4444444444444444;158598;1667240.7932999996;0.30630273971245603;0;0.0
Meta_170;158598;1741761.3746000002;0.5;158598;1667240.7932999996;0.30630273971245603;0;0.0
Meta_145;158598;1161174.2497333335;0.2222222222222222;158598;1384882.3006000007;0.22222263340529813;3600;0.10730312155920911
Meta_151;158598;1451467.8121666668;0.0;158598;1461768.2644;0.19542993867286687;3600;0.2403893887720462
Meta_152;158598;1451467.8121666668;0.05555555555555555;158598;1451463.4549999998;0.19547572652362707;3600;0.1498046686038411
Meta_153;158598;1451467.8121666668;0.1111111111111111;158617;1467250.419;0.19043727255789875;3602;0.17489976309973626
Meta_175;158598;2032054.9370333336;0.2222222222222222;159797;2000105.4182999996;0.2219834791608012;1;0.0
Meta_176;158598;2032054.9370333336;0.2777777777777778;158975;1705083.9641000002;0.2777541045988546;22;0.0
Meta_177;158598;2032054.9370333336;0.3333333333333333;158598;1655406.3292999996;0.2800162965452486;0;0.0
Meta_178;158598;2032054.9370333336;0.38888888888888884;158598;1667240.7932999996;0.30630273971245603;0;0.0
Meta_179;158598;2032054.9370333336;0.4444444444444444;158598;1667240.7932999996;0.30630273971245603;0;0.0
Meta_180;158598;2032054.9370333336;0.5;158598;1667240.7932999996;0.30630273971245603;0;0.0
Meta_154;158598;1451467.8121666668;0.16666666666666666;158598;1465487.1915;0.1897242852046481;3600;0.44165352362318033
Meta_161;158598;1741761.3746000002;0.0;158598;1621659.7728000002;0.1892316597895885;3600;0.21569886967930768
Meta_162;158598;1741761.3746000002;0.05555555555555555;158598;1728801.4053000002;0.1860868736166481;3600;0.20734299413752527
Meta_163;158598;1741761.3746000002;0.1111111111111111;159270;1675412.5266000002;0.18732198189274454;3604;0.12324591039730554
Meta_185;158598;2322348.499466667;0.2222222222222222;159797;2000105.4182999996;0.2219834791608012;1;0.0
Meta_186;158598;2322348.499466667;0.2777777777777778;158889;1878078.3030999997;0.2776042579675613;17;0.0
Meta_187;158598;2322348.499466667;0.3333333333333333;158598;1655406.3292999996;0.2800162965452486;0;0.0
Meta_188;158598;2322348.499466667;0.38888888888888884;158598;1667240.7932999996;0.30630273971245603;0;0.0
Meta_189;158598;2322348.499466667;0.4444444444444444;158598;1667240.7932999996;0.30630273971245603;0;0.0
Meta_190;158598;2322348.499466667;0.5;158598;1667240.7932999996;0.30630273971245603;0;0.0
Meta_164;158598;1741761.3746000002;0.16666666666666666;158696;1643400.7088000008;0.1875370219183242;3600;0.40031303675193214
Meta_171;158598;2032054.9370333336;0.0;158598;1792367.2525000002;0.18626676316379354;3600;0.1904293043299679
Meta_172;158598;2032054.9370333336;0.05555555555555555;158598;1681036.1041000003;0.1884028919239318;3600;0.2286297352964896
Meta_173;158598;2032054.9370333336;0.1111111111111111;158588;1866196.4082999993;0.18806310877268986;3600;0.14074159961358834
Meta_195;158598;2612642.0619;0.2222222222222222;159797;2000105.4182999996;0.2219834791608012;1;0.0
Meta_196;158598;2612642.0619;0.2777777777777778;158724;1764669.0504;0.27742491687209475;3;0.0
Meta_197;158598;2612642.0619;0.3333333333333333;158598;1655406.3292999996;0.2800162965452486;0;0.0
Meta_198;158598;2612642.0619;0.38888888888888884;158598;1667240.7932999996;0.30630273971245603;0;0.0
Meta_199;158598;2612642.0619;0.4444444444444444;158598;1667240.7932999996;0.30630273971245603;0;0.0
Meta_200;158598;2612642.0619;0.5;158598;1667240.7932999996;0.30630273971245603;0;0.0
Meta_174;158598;2032054.9370333336;0.16666666666666666;158797;1729904.5578999994;0.187161963118662;3600;0.38760322502867645
Meta_181;158598;2322348.499466667;0.0;158655;2046815.9192000001;0.18645175569770384;3600;0.07524658945732489
Meta_182;158598;2322348.499466667;0.05555555555555555;158599;1789946.2838999997;0.1885776783414861;3600;0.23018389526876815
Meta_183;158598;2322348.499466667;0.1111111111111111;158598;1778257.586000001;0.1858911515844616;3600;0.10626088064988387
Meta_184;158598;2322348.499466667;0.16666666666666666;159673;1667808.2966999996;0.18785537643180578;3600;0.40535657024701965
Meta_191;158598;2612642.0619;0.0;159692;1837299.1159999997;0.18803991196162945;3604;0.09080639179927097
Meta_192;158598;2612642.0619;0.05555555555555555;158598;1807800.4647999997;0.1914298137015003;3600;0.25470118437611716
Meta_193;158598;2612642.0619;0.1111111111111111;159399;1815605.2166000004;0.18761237227428576;3600;0.132918552972864
Meta_209;151261;0.0;0.4444444444444444;151261;1046965.0051999999;0.4200820586677568;0;0.0
Meta_210;151261;0.0;0.5;151261;1046965.0051999999;0.4200820586677568;0;0.0
Meta_194;158598;2612642.0619;0.16666666666666666;158800;1698715.2473;0.18658137965800795;3600;0.3649633545954406
Meta_201;151261;0.0;0.0;151257;1239253.8427000004;0.18785414255675023;3600;0.044171686185605574
Meta_202;151261;0.0;0.05555555555555555;151256;1233503.7278000002;0.1949298680534373;3603;0.10116698117025225
Meta_203;151261;0.0;0.1111111111111111;151261;1247802.8631;0.18608939438105523;3600;0.04917432813536153
Meta_204;151261;0.0;0.16666666666666666;151261;1238787.0292000002;0.18898187610536732;3600;0.06968886101115476
Meta_205;151261;0.0;0.2222222222222222;151261;1165243.4689000002;0.22222375366793876;3600;0.05065100575852206
Meta_206;151261;0.0;0.2777777777777778;151261;1104918.1256000001;0.2777766095847122;3600;0.029364172784439757
Meta_207;151261;0.0;0.3333333333333333;151261;1066704.1280000003;0.3332525283016159;3600;0.007675072899521828
Meta_219;151261;290293.56243333337;0.4444444444444444;151261;1046965.0051999999;0.4200820586677568;0;7.294531539980506E-14
Meta_220;151261;290293.56243333337;0.5;151261;1046965.0051999999;0.4200820586677568;0;7.294531539980506E-14
Meta_208;151261;0.0;0.38888888888888884;151261;1050011.3593;0.3888881791946991;3600;0.0024540671561967715
Meta_211;151261;290293.56243333337;0.0;151261;1242109.3830000001;0.18782736115003953;3600;0.08822610009873956
Meta_212;151261;290293.56243333337;0.05555555555555555;151261;1239129.2476000006;0.20072975551158348;3607;0.15668818191853803
Meta_213;151261;290293.56243333337;0.1111111111111111;151261;1225839.3002;0.19357668647509968;3600;0.1263459972449668
Meta_214;151261;290293.56243333337;0.16666666666666666;151261;1216029.879200001;0.21152905082153517;3600;0.30407818791384605
Meta_215;151261;290293.56243333337;0.2222222222222222;151261;1191291.0193000005;0.22686725627302318;3600;0.13357390001402783
Meta_216;151261;290293.56243333337;0.2777777777777778;151261;1125174.5592999998;0.2777851829245868;3600;0.06896801804258003
Meta_217;151261;290293.56243333337;0.3333333333333333;151261;1066727.3469999996;0.3333334407482262;3600;0.012240946466320011
Meta_229;151261;580587.1248666667;0.4444444444444444;151261;1046965.0051999999;0.4200820586677568;0;1.5402494646195636E-13
Meta_230;151261;580587.1248666667;0.5;151261;1046965.0051999999;0.4200820586677568;0;1.5402494646195636E-13
Meta_218;151261;290293.56243333337;0.38888888888888884;151261;1049497.0993;0.38888825911056085;3600;8.098748528162517E-4
Meta_221;151261;580587.1248666667;0.0;151261;1241440.6789999998;0.1921083261580366;3600;0.13351464961749313
Meta_222;151261;580587.1248666667;0.05555555555555555;151227;1232110.0547000002;0.1917841729461926;3600;0.12071014515969206
Meta_223;151261;580587.1248666667;0.1111111111111111;151251;1235451.9628000003;0.18925242522859478;3600;0.12696836640764722
Meta_224;151261;580587.1248666667;0.16666666666666666;151257;1218541.5778;0.20789452759963664;3600;0.3745142940096089
Meta_225;151261;580587.1248666667;0.2222222222222222;151261;1191404.5407000002;0.2222416450869914;3600;0.14208236680793676
Meta_226;151261;580587.1248666667;0.2777777777777778;151261;1102963.2163000002;0.2778140010642656;3600;0.05220661640641385
Meta_227;151261;580587.1248666667;0.3333333333333333;151261;1067005.4741;0.33333386787317243;3600;0.021229317659348063
Meta_239;151261;870880.6873000001;0.4444444444444444;151261;1046965.0051999999;0.4200820586677568;0;5.217906866277698E-13
Meta_240;151261;870880.6873000001;0.5;151261;1046965.0051999999;0.4200820586677568;0;5.217906866277698E-13
Meta_228;151261;580587.1248666667;0.38888888888888884;151261;1049542.6992;0.38888062419554753;3600;0.0018606215605710492
Meta_231;151261;870880.6873000001;0.0;151261;1250873.2061;0.1863276640828364;3600;0.09909714772280437
Meta_232;151261;870880.6873000001;0.05555555555555555;151273;1226078.2008000002;0.20394372209728018;3600;0.25262930801935424
Meta_233;151261;870880.6873000001;0.1111111111111111;151261;1250055.7925;0.18545790197329354;3600;0.17600648652643416
Meta_238;151261;870880.6873000001;0.38888888888888884;151261;1049482.9761;0.3888888374727376;2043;4.769169130181326E-16
Meta_234;151261;870880.6873000001;0.16666666666666666;151261;1233732.1864000005;0.18954333994252107;3600;0.18864707084285373
Meta_247;151261;1161174.2497333335;0.3333333333333333;151261;1158428.9889999998;0.33331775454864415;17;0.0
Meta_248;151261;1161174.2497333335;0.38888888888888884;151261;1157413.9955000004;0.38738207101687583;5;0.0
Meta_249;151261;1161174.2497333335;0.4444444444444444;151261;1161170.1648000001;0.39316859417905337;0;0.0
Meta_250;151261;1161174.2497333335;0.5;151261;1161170.1648000001;0.39316859417905337;0;0.0
Meta_235;151261;870880.6873000001;0.2222222222222222;151361;1174433.8029;0.2335461156031482;3600;0.41107052930297994
Meta_246;151261;1161174.2497333335;0.2777777777777778;151261;1156625.5562000005;0.2777769139651462;674;0.0
Meta_236;151261;870880.6873000001;0.2777777777777778;151261;1102640.5209;0.2777779650596006;3600;0.10768774289355389
Meta_237;151261;870880.6873000001;0.3333333333333333;151261;1066853.2594999997;0.3333158202685086;3600;0.04874609152099023
Meta_255;151261;1451467.8121666668;0.2222222222222222;152020;1451445.2134000002;0.2222188564787294;185;0.0
Meta_256;151261;1451467.8121666668;0.2777777777777778;151261;1451029.1235999998;0.27777514443715173;202;0.0
Meta_257;151261;1451467.8121666668;0.3333333333333333;152310;1449230.8732000005;0.33223173728387;2;0.0
Meta_258;151261;1451467.8121666668;0.38888888888888884;151261;1446065.2222;0.38122669273399423;0;0.0
Meta_259;151261;1451467.8121666668;0.4444444444444444;151261;1446065.2222;0.38122669273399423;0;0.0
Meta_260;151261;1451467.8121666668;0.5;151261;1446065.2222;0.38122669273399423;0;0.0
Meta_241;151261;1161174.2497333335;0.0;151261;1239220.5857;0.19169756376203603;3600;0.2320106294221508
Meta_242;151261;1161174.2497333335;0.05555555555555555;151269;1257266.6676;0.18717445548316697;3600;0.22143886403912633
Meta_243;151261;1161174.2497333335;0.1111111111111111;151261;1243205.6358000003;0.18705309292563116;3600;0.17839517831662438
Meta_244;151261;1161174.2497333335;0.16666666666666666;151271;1220472.0006000001;0.20149076113205444;3600;0.7702329659587469
Meta_265;151261;1741761.3746000002;0.2222222222222222;163170;1741358.4098999999;0.1959591794226542;6;0.0
Meta_266;151261;1741761.3746000002;0.2777777777777778;152694;1620565.561;0.27309388373307847;26;0.0
Meta_267;151261;1741761.3746000002;0.3333333333333333;152484;1444629.7813000001;0.33268745415455125;5;0.0
Meta_268;151261;1741761.3746000002;0.38888888888888884;151261;1446065.2222;0.38122669273399423;0;0.0
Meta_269;151261;1741761.3746000002;0.4444444444444444;151261;1446065.2222;0.38122669273399423;0;0.0
Meta_270;151261;1741761.3746000002;0.5;151261;1446065.2222;0.38122669273399423;0;0.0
Meta_245;151261;1161174.2497333335;0.2222222222222222;151275;1187600.8199;0.22254182822803434;3600;1.0
Meta_251;151261;1451467.8121666668;0.0;151370;1427957.8572000002;0.1902433603976471;3600;0.1875463307462233
Meta_252;151261;1451467.8121666668;0.05555555555555555;151274;1341484.1876999997;0.18740030568779373;3600;0.17425401594121695
Meta_253;151261;1451467.8121666668;0.1111111111111111;151369;1386459.1072999998;0.1970382783366865;3603;0.356438987908432
Meta_254;151261;1451467.8121666668;0.16666666666666666;151260;1397392.1533999995;0.18630858650114548;3600;0.724974713718739
Meta_276;151261;2032054.9370333336;0.2777777777777778;153528;1645373.2973999993;0.27707907035020446;10;0.0
Meta_277;151261;2032054.9370333336;0.3333333333333333;151369;1621379.4329000001;0.33328860306281505;42;0.0
Meta_278;151261;2032054.9370333336;0.38888888888888884;151261;1446065.2222;0.38122669273399423;0;0.0
Meta_279;151261;2032054.9370333336;0.4444444444444444;151261;1446065.2222;0.38122669273399423;0;0.0
Meta_280;151261;2032054.9370333336;0.5;151261;1446065.2222;0.38122669273399423;0;0.0
Meta_275;151261;2032054.9370333336;0.2222222222222222;153752;1739650.0639000002;0.22002112900312573;119;0.0
Meta_261;151261;1741761.3746000002;0.0;154015;1480666.6771999996;0.18256129177158326;3600;0.0672358929998421
Meta_262;151261;1741761.3746000002;0.05555555555555555;155552;1700485.7437999996;0.18634180571561706;3600;0.1621843207057521
Meta_263;151261;1741761.3746000002;0.1111111111111111;154782;1618914.6671000002;0.18806943503486614;3600;0.25352918702624966
Meta_285;151261;2322348.499466667;0.2222222222222222;155733;1775803.9974999996;0.22139593966005988;74;0.0
Meta_286;151261;2322348.499466667;0.2777777777777778;154090;1707691.6289999995;0.2686448216510171;6;0.0
Meta_287;151261;2322348.499466667;0.3333333333333333;152484;1458354.4658000001;0.33268745415455125;4;0.0
Meta_288;151261;2322348.499466667;0.38888888888888884;151261;1446065.2222;0.38122669273399423;0;0.0
Meta_289;151261;2322348.499466667;0.4444444444444444;151261;1446065.2222;0.38122669273399423;0;0.0
Meta_290;151261;2322348.499466667;0.5;151261;1446065.2222;0.38122669273399423;0;0.0
Meta_264;151261;1741761.3746000002;0.16666666666666666;151261;1411324.9091;0.18745722374102908;3600;0.7825582150628474
Meta_271;151261;2032054.9370333336;0.0;155125;1652197.5879;0.18217334732006746;3600;0.07364348463590568
Meta_272;151261;2032054.9370333336;0.05555555555555555;154053;1523122.0366000002;0.18961141475005566;3600;0.22829207825149866
Meta_273;151261;2032054.9370333336;0.1111111111111111;151382;1932619.6902000005;0.18527181365475454;3600;0.14061618868297593
Meta_295;151261;2612642.0619;0.2222222222222222;151954;1518423.4875999996;0.22220277101156996;56;0.0
Meta_296;151261;2612642.0619;0.2777777777777778;153316;1735242.7296000011;0.27610797369243834;8;0.0
Meta_297;151261;2612642.0619;0.3333333333333333;152484;1458354.4658000001;0.33268745415455125;6;0.0
Meta_298;151261;2612642.0619;0.38888888888888884;151261;1446065.2222;0.38122669273399423;0;0.0
Meta_299;151261;2612642.0619;0.4444444444444444;151261;1446065.2222;0.38122669273399423;0;0.0
Meta_300;151261;2612642.0619;0.5;151261;1446065.2222;0.38122669273399423;0;0.0
Meta_274;151261;2032054.9370333336;0.16666666666666666;151261;1559708.9928999995;0.1822572161953407;3600;0.2833737801640213
Meta_281;151261;2322348.499466667;0.0;160592;1877730.1640000003;0.19873199121637855;3600;0.2747415099545421
Meta_282;151261;2322348.499466667;0.05555555555555555;151579;1704010.2053000003;0.18363316436531138;3600;0.07834680703434525
Meta_283;151261;2322348.499466667;0.1111111111111111;162293;1903486.6153000002;0.19412361876317502;3602;0.3491802227609665
Meta_284;151261;2322348.499466667;0.16666666666666666;154905;1966593.2372000003;0.1960369629095351;3600;1.0
Meta_291;151261;2612642.0619;0.0;151261;1540822.8805999998;0.195051150598585;3600;0.21224267905800923
Meta_292;151261;2612642.0619;0.05555555555555555;151374;1523940.4584000001;0.18510717543712812;3600;0.1481631558828271
Meta_293;151261;2612642.0619;0.1111111111111111;152869;2027418.1908999996;0.18747742249778804;3600;0.2404145324609017
Meta_309;143925;0.0;0.4444444444444444;143925;814562.6253;0.44444452597940937;8;0.0
Meta_310;143925;0.0;0.5;143925;814398.4892;0.4534271833253905;0;0.0
Meta_294;151261;2612642.0619;0.16666666666666666;151407;1530357.8179000004;0.1848894734584261;3600;0.6311352813774586
Meta_301;143925;0.0;0.0;144042;1091687.0031000003;0.18687668148785586;3600;0.06549025564759457
Meta_302;143925;0.0;0.05555555555555555;143925;1083369.8827;0.18956271227548194;3600;0.0694205414799812
Meta_303;143925;0.0;0.1111111111111111;143925;1083358.9206;0.19018250964690556;3600;0.08263064916937685
Meta_304;143925;0.0;0.16666666666666666;143925;1099975.8793999997;0.18831839426773567;3600;0.10161473912788174
Meta_305;143925;0.0;0.2222222222222222;143925;982151.4389000002;0.2226585824868039;3600;0.07211823740708809
Meta_306;143925;0.0;0.2777777777777778;143925;905643.4783999998;0.27777878395440503;3600;0.03865861344057506
Meta_307;143925;0.0;0.3333333333333333;143925;856917.3961000001;0.33333475259966944;3600;0.009782947405104494
Meta_319;143925;290293.56243333337;0.4444444444444444;143925;814562.6253;0.44444452597940937;16;4.3325566083297914E-16
Meta_320;143925;290293.56243333337;0.5;143925;814398.4892;0.4534271833253905;0;9.642957432790035E-14
Meta_308;143925;0.0;0.38888888888888884;143925;829321.2801999998;0.38888813208433354;3600;0.013096803655921464
Meta_311;143925;290293.56243333337;0.0;143925;1086950.0573;0.18773107796815477;3601;0.07699692101124192
Meta_312;143925;290293.56243333337;0.05555555555555555;143925;1096246.8477000003;0.18596096356996558;3600;0.07735841339838719
Meta_313;143925;290293.56243333337;0.1111111111111111;143925;1082328.2472;0.19178611976874985;3600;0.16151635887294583
Meta_314;143925;290293.56243333337;0.16666666666666666;143925;1085053.1224000002;0.1911574461409654;3600;0.19861394900793183
Meta_315;143925;290293.56243333337;0.2222222222222222;143925;998874.2611999997;0.22733084057010408;3606;0.15243974844494113
Meta_316;143925;290293.56243333337;0.2777777777777778;143925;910272.8167000001;0.27777967545695614;3600;0.06138471083166733
Meta_317;143925;290293.56243333337;0.3333333333333333;143925;857389.7086000002;0.3333333525587784;3600;0.015638044065976388
Meta_329;143925;580587.1248666667;0.4444444444444444;143925;814562.6253;0.44444452597940914;6;0.0
Meta_330;143925;580587.1248666667;0.5;143925;814398.4892;0.4534271833253905;0;2.5221991210917454E-13
Meta_318;143925;290293.56243333337;0.38888888888888884;143925;829546.5971999998;0.3888886165790443;3600;0.019955172707177966
Meta_321;143925;580587.1248666667;0.0;143925;1094804.4570999998;0.18823014632625001;3600;0.11103415282171186
Meta_322;143925;580587.1248666667;0.05555555555555555;143925;1099524.3918000003;0.18722692027931181;3600;0.11208331128024154
Meta_323;143925;580587.1248666667;0.1111111111111111;143925;1072863.6135000002;0.1903347032297394;3600;0.1147835471985096
Meta_324;143925;580587.1248666667;0.16666666666666666;143925;1079786.9401999996;0.1908002192807354;3600;0.2586408865245906
Meta_325;143925;580587.1248666667;0.2222222222222222;143925;1011140.8001000001;0.2222917775060007;3600;0.19730677458227933
Meta_326;143925;580587.1248666667;0.2777777777777778;143925;902451.1891000001;0.2777802177122569;3600;0.061465126100647666
Meta_337;143925;870880.6873000001;0.3333333333333333;143925;869133.9775;0.33330768212751694;137;0.0
Meta_339;143925;870880.6873000001;0.4444444444444444;143925;870876.7837999997;0.44433771893226226;6;0.0
Meta_340;143925;870880.6873000001;0.5;143925;870879.3868999999;0.4547541506589056;0;0.0
Meta_327;143925;580587.1248666667;0.3333333333333333;143925;862003.9643000003;0.33333611663208007;3603;0.05547484260571123
Meta_328;143925;580587.1248666667;0.38888888888888884;143925;829476.8870000001;0.388886492103718;3600;0.050410971989419406
Meta_338;143925;870880.6873000001;0.38888888888888884;143925;870879.4576000001;0.38888272826388287;343;0.0
Meta_331;143925;870880.6873000001;0.0;143925;1079229.2354999997;0.1911514161584517;3600;0.14223904776024235
Meta_345;143925;1161174.2497333335;0.2222222222222222;144088;1133517.2274000002;0.22208133367722954;230;0.0
Meta_346;143925;1161174.2497333335;0.2777777777777778;144261;1112839.5831000002;0.2757069485797608;30;0.0
Meta_347;143925;1161174.2497333335;0.3333333333333333;147586;1161162.0193999996;0.33333428694119593;23;0.0
Meta_348;143925;1161174.2497333335;0.38888888888888884;143925;1143891.2070000006;0.3888736472684702;4;0.0
Meta_349;143925;1161174.2497333335;0.4444444444444444;143925;1147490.1253000004;0.4398282179319109;0;0.0
Meta_350;143925;1161174.2497333335;0.5;143925;1133947.6338000004;0.4445928968668575;0;0.0
Meta_332;143925;870880.6873000001;0.05555555555555555;143925;1081868.696;0.18969254638128286;3600;0.14670247124117428
Meta_333;143925;870880.6873000001;0.1111111111111111;143925;1072352.2873000002;0.19080600461158764;3600;0.17251175068811817
Meta_334;143925;870880.6873000001;0.16666666666666666;143925;1078130.7358;0.1892803355855102;3600;0.488234048855387
Meta_335;143925;870880.6873000001;0.2222222222222222;143999;1010245.9715999997;0.223498776020731;3600;0.6358457079021748
Meta_336;143925;870880.6873000001;0.2777777777777778;143925;910620.7895999999;0.2777738057756198;3603;1.0
Meta_355;143925;1451467.8121666668;0.2222222222222222;152159;1411341.6170000006;0.2218267644125954;322;0.0
Meta_356;143925;1451467.8121666668;0.2777777777777778;143990;1348152.5190000003;0.27690045205802843;44;0.0
Meta_358;143925;1451467.8121666668;0.38888888888888884;143925;1151187.6707000006;0.38888535980803174;4;0.0
Meta_359;143925;1451467.8121666668;0.4444444444444444;143925;1154306.6119000004;0.4398282179319109;0;0.0
Meta_360;143925;1451467.8121666668;0.5;143925;1133947.6338000004;0.4445928968668575;0;0.0
Meta_357;143925;1451467.8121666668;0.3333333333333333;148810;1414114.8461000002;0.33325598355457375;45;0.0
Meta_341;143925;1161174.2497333335;0.0;145549;1161166.2160000002;0.19600393565384003;3601;0.25235694448456364
Meta_342;143925;1161174.2497333335;0.05555555555555555;144476;1159350.9978;0.2051923196375445;3600;0.3520723665014335
Meta_343;143925;1161174.2497333335;0.1111111111111111;146354;1160796.4544000002;0.21280506597941595;3602;0.49910234211309457
Meta_365;143925;1741761.3746000002;0.2222222222222222;149594;1511686.692;0.22222306643145082;119;0.0
Meta_366;143925;1741761.3746000002;0.2777777777777778;153201;1596659.8362000003;0.271700743782771;13;0.0
Meta_344;143925;1161174.2497333335;0.16666666666666666;143935;1161036.1011;0.18486811101702552;3600;0.6886160688119358
Meta_368;143925;1741761.3746000002;0.38888888888888884;143934;1207386.8453999998;0.38879215757916563;23;0.0
Meta_369;143925;1741761.3746000002;0.4444444444444444;143925;1154306.6119000004;0.4398282179319109;0;0.0
Meta_370;143925;1741761.3746000002;0.5;143925;1133947.6338000004;0.4445928968668575;0;0.0
Meta_367;143925;1741761.3746000002;0.3333333333333333;145653;1441230.5238999992;0.33332614669759275;32;0.0
Meta_351;143925;1451467.8121666668;0.0;147880;1385965.2415;0.18601365155008232;3600;0.13323539744505394
Meta_352;143925;1451467.8121666668;0.05555555555555555;148846;1442414.8927999998;0.2245899685028972;3600;0.4707385871405642
Meta_353;143925;1451467.8121666668;0.1111111111111111;153263;1390471.4987999997;0.19650802885788654;3600;0.38260394659181146
Meta_354;143925;1451467.8121666668;0.16666666666666666;148190;1395037.3885000004;0.18684421710464527;3600;0.7476671809044683
Meta_376;143925;2032054.9370333336;0.2777777777777778;154014;1668757.1077999999;0.2727199484878792;28;0.0
Meta_375;143925;2032054.9370333336;0.2222222222222222;154473;1705950.439600001;0.22058144199254143;83;0.0
Meta_378;143925;2032054.9370333336;0.38888888888888884;146098;1465271.1638;0.3888695564560344;13;0.0
Meta_379;143925;2032054.9370333336;0.4444444444444444;143925;1154306.6119000004;0.4398282179319109;0;0.0
Meta_380;143925;2032054.9370333336;0.5;143925;1133947.6338000004;0.4445928968668575;0;0.0
Meta_377;143925;2032054.9370333336;0.3333333333333333;143925;1385573.4414;0.3332959118084711;36;0.0
Meta_361;143925;1741761.3746000002;0.0;151120;1662703.4577;0.18334052230865377;3600;0.10502352956077761
Meta_362;143925;1741761.3746000002;0.05555555555555555;156234;1629952.4214000006;0.18947297310172853;3600;0.23815633537676226
Meta_363;143925;1741761.3746000002;0.1111111111111111;154187;1699969.1849;0.18848363289721773;3600;0.3039200108337024
Meta_385;143925;2322348.499466667;0.2222222222222222;163170;2051419.7056999998;0.19595917942265434;6;0.0
Meta_386;143925;2322348.499466667;0.2777777777777778;156395;1801825.9412000005;0.27719980100122776;18;0.0
Meta_387;143925;2322348.499466667;0.3333333333333333;146315;1481588.7081000004;0.33320013045045327;57;0.0
Meta_388;143925;2322348.499466667;0.38888888888888884;143936;1342181.0710999998;0.38725673843333763;21;0.0
Meta_364;143925;1741761.3746000002;0.16666666666666666;152366;1494123.3289000008;0.18860481129793713;3600;0.8034295572581409
Meta_389;143925;2322348.499466667;0.4444444444444444;143925;1154306.6119000004;0.4398282179319109;0;0.0
Meta_390;143925;2322348.499466667;0.5;143925;1133947.6338000004;0.4445928968668575;0;0.0
Meta_371;143925;2032054.9370333336;0.0;153840;1726211.3223999992;0.18494054983521552;3600;0.13730677397201205
Meta_372;143925;2032054.9370333336;0.05555555555555555;150603;1653473.1941;0.18307990579392017;3600;0.1186369834292912
Meta_373;143925;2032054.9370333336;0.1111111111111111;143925;1309384.0250999995;0.19767264216663658;3600;0.39616798886850296
Meta_395;143925;2612642.0619;0.2222222222222222;147559;1461873.7095999997;0.22164657808940944;74;0.0
Meta_396;143925;2612642.0619;0.2777777777777778;150356;1672449.6252999993;0.2777373024184873;30;0.0
Meta_374;143925;2032054.9370333336;0.16666666666666666;144414;1517095.5917999994;0.20217815511131304;3600;1.0
Meta_397;143925;2612642.0619;0.3333333333333333;143926;1402685.8070999999;0.33325657124698105;30;0.0
Meta_399;143925;2612642.0619;0.4444444444444444;143925;1154306.6119000004;0.4398282179319109;0;0.0
Meta_400;143925;2612642.0619;0.5;143925;1133947.6338000004;0.4445928968668575;0;0.0
Meta_398;143925;2612642.0619;0.38888888888888884;143925;1287195.3822;0.3874963367321769;20;0.0
Meta_381;143925;2322348.499466667;0.0;149326;1564522.5563;0.17904288044108463;3600;0.011642301427359912
Meta_382;143925;2322348.499466667;0.05555555555555555;151995;1728489.1782000002;0.19088903522082518;3600;0.21345882984281486
Meta_383;143925;2322348.499466667;0.1111111111111111;146669;1314929.1864;0.19459824907067097;3600;0.3678691913799067
Meta_384;143925;2322348.499466667;0.16666666666666666;147562;1463714.4179999998;0.18625513535244206;3600;0.9145244745946054
Meta_391;143925;2612642.0619;0.0;152627;1723417.3976000012;0.1852481906039472;3600;0.18167056064548737
Meta_392;143925;2612642.0619;0.05555555555555555;147915;1692217.9599000001;0.18357209998615778;3600;0.1333709141025297
Meta_393;143925;2612642.0619;0.1111111111111111;159300;2361296.2704;0.1927249506936005;3600;0.3472612330114899
Meta_394;143925;2612642.0619;0.16666666666666666;147334;1488580.5141999994;0.18627245449399066;3600;0.9018678010956208
Meta_410;136588;0.0;0.5;136588;610090.1012;0.481275088211494;0;0.0
Meta_401;136588;0.0;0.0;136704;944337.7423999998;0.20163323283731918;3600;0.13771294277099583
Meta_402;136588;0.0;0.05555555555555555;136588;916162.4541000003;0.20162846292615869;3600;0.10054160425214169
Meta_403;136588;0.0;0.1111111111111111;136590;968569.5044000002;0.19204882421385813;3600;0.13043500063619756
Meta_404;136588;0.0;0.16666666666666666;137083;968095.3716000002;0.1950953186263738;3600;0.17989686732940988
Meta_405;136588;0.0;0.2222222222222222;136588;824261.8957;0.22527013927635356;3600;0.11667120511756862
Meta_406;136588;0.0;0.2777777777777778;136588;722814.7187999996;0.277779037410256;3600;0.04937529090579112
Meta_407;136588;0.0;0.3333333333333333;136588;667658.8942999997;0.3333347172870542;3600;0.020502687828693765
Meta_408;136588;0.0;0.38888888888888884;136588;633528.8772;0.38888800417384495;3600;0.009235891283928719
Meta_409;136588;0.0;0.4444444444444444;136588;613925.2169;0.44444444604153704;3600;5.230998303782274E-4
Meta_420;136588;290293.56243333337;0.5;136588;610090.1012;0.481275088211494;0;1.2198922250041937E-13
Meta_411;136588;290293.56243333337;0.0;136974;967302.8213999999;0.1936931794042372;3600;0.14427449687439275
Meta_412;136588;290293.56243333337;0.05555555555555555;136767;951138.4350999997;0.2001892128296242;3603;0.1726014925322851
Meta_413;136588;290293.56243333337;0.1111111111111111;136733;930291.5409000003;0.20075444117329558;3600;0.18645903500384275
Meta_414;136588;290293.56243333337;0.16666666666666666;136588;926538.5584999999;0.2000199232610526;3600;0.19962982817761707
Meta_415;136588;290293.56243333337;0.2222222222222222;136588;840494.6943000001;0.22441131112788631;3601;0.1919338446257745
Meta_416;136588;290293.56243333337;0.2777777777777778;136588;736102.6328999999;0.27777963342343187;3600;0.11017219527526005
Meta_417;136588;290293.56243333337;0.3333333333333333;136588;667620.1249999998;0.33333335008492426;3600;0.04349407910928484
Meta_419;136588;290293.56243333337;0.4444444444444444;136588;613925.6508;0.44444479968684697;3600;5.227110800681241E-4
Meta_418;136588;290293.56243333337;0.38888888888888884;136588;633540.1467;0.3888899971312406;3600;0.01458815717005253
Meta_430;136588;580587.1248666667;0.5;136588;610090.1012;0.481275088211494;0;1.4741122243958574E-12
Meta_421;136588;580587.1248666667;0.0;136947;962194.5463999999;0.19675544920557828;3600;0.19892759039145078
Meta_422;136588;580587.1248666667;0.05555555555555555;136563;917484.7699999998;0.20625930192037992;3600;0.19067272936478344
Meta_423;136588;580587.1248666667;0.1111111111111111;136699;966116.3149999997;0.19408246804560328;3600;0.19025649995620164
Meta_424;136588;580587.1248666667;0.16666666666666666;136974;960250.0094;0.20284823916337424;3600;0.41432677387855826
Meta_425;136588;580587.1248666667;0.2222222222222222;136588;851995.8309999998;0.22318106582155037;3606;0.39621070756581966
Meta_426;136588;580587.1248666667;0.2777777777777778;136588;736118.4581999998;0.2777741085013228;3600;0.31594444575730624
Meta_437;136588;870880.6873000001;0.3333333333333333;136588;870862.9448999999;0.3333202002392469;21;0.0
Meta_438;136588;870880.6873000001;0.38888888888888884;136588;852373.4903999997;0.38744586012290094;17;0.0
Meta_439;136588;870880.6873000001;0.4444444444444444;136748;870118.6554000002;0.4439927254807137;1;0.0
Meta_440;136588;870880.6873000001;0.5;136588;823311.9511999998;0.4806738330503885;0;0.0
Meta_436;136588;870880.6873000001;0.2777777777777778;136588;870862.5576999999;0.27739012273267877;170;0.0
Meta_427;136588;580587.1248666667;0.3333333333333333;136588;668496.1971;0.33333553655170967;3600;0.19250331543327132
Meta_428;136588;580587.1248666667;0.38888888888888884;136588;633410.5488000001;0.38888999870879815;3600;0.08402892693691268
Meta_429;136588;580587.1248666667;0.4444444444444444;136588;613925.0638000001;0.44444400869377787;3600;0.005740392340107927
Meta_431;136588;870880.6873000001;0.0;136595;919476.6606000001;0.20338593019001527;3600;0.27553780864372535
Meta_446;136588;1161174.2497333335;0.2777777777777778;136771;1076287.6781000004;0.27769214881813387;40;0.0
Meta_447;136588;1161174.2497333335;0.3333333333333333;142193;1101898.5288999998;0.3333134083816529;3;0.0
Meta_448;136588;1161174.2497333335;0.38888888888888884;136588;967973.4214000001;0.3877153687977661;1;0.0
Meta_449;136588;1161174.2497333335;0.4444444444444444;137417;1136528.7677;0.4246257438031356;10;0.0
Meta_450;136588;1161174.2497333335;0.5;136588;903998.7928999999;0.4818556665096695;0;0.0
Meta_432;136588;870880.6873000001;0.05555555555555555;136588;940755.7888999999;0.19641544407675343;3602;0.19007483564361988
Meta_433;136588;870880.6873000001;0.1111111111111111;136588;929758.7727;0.19733385741988327;3600;0.35067174950475555
Meta_445;136588;1161174.2497333335;0.2222222222222222;140718;1079469.7931000001;0.22207549145886862;628;0.0
Meta_434;136588;870880.6873000001;0.16666666666666666;136635;955635.0029999999;0.19432773144403678;3600;0.48107876380721215
Meta_435;136588;870880.6873000001;0.2222222222222222;136615;881474.2906999998;0.22291260565254148;3600;1.0
Meta_456;136588;1451467.8121666668;0.2777777777777778;159516;1451463.3728;0.2398942522282791;41;0.0
Meta_457;136588;1451467.8121666668;0.3333333333333333;144038;1316629.8125999998;0.33331580879425304;8;0.0
Meta_458;136588;1451467.8121666668;0.38888888888888884;136588;973620.6796999997;0.3877153687977661;1;0.0
Meta_459;136588;1451467.8121666668;0.4444444444444444;137969;1043374.9343999996;0.44443683027732006;1;0.0
Meta_460;136588;1451467.8121666668;0.5;136588;903998.7928999999;0.4818556665096695;0;0.0
Meta_455;136588;1451467.8121666668;0.2222222222222222;147374;1444118.3621;0.22222072184540873;158;0.0
Meta_441;136588;1161174.2497333335;0.0;142675;1155683.0944;0.21638735194920744;3600;0.3986692341279181
Meta_442;136588;1161174.2497333335;0.05555555555555555;143542;1151859.7334999999;0.19862239115768998;3600;0.3000029840835932
Meta_443;136588;1161174.2497333335;0.1111111111111111;144466;1153661.0387;0.20499447179574315;3600;0.4623297390884571
Meta_444;136588;1161174.2497333335;0.16666666666666666;143145;1160029.6918999995;0.20803372019303973;3600;0.9626326630200424
Meta_466;136588;1741761.3746000002;0.2777777777777778;150344;1547846.1684000003;0.2760510027591583;23;0.0
Meta_465;136588;1741761.3746000002;0.2222222222222222;158481;1735756.9766000006;0.20718574496490214;61;0.0
Meta_467;136588;1741761.3746000002;0.3333333333333333;144987;1388142.7069000008;0.333329911556982;1;0.0
Meta_468;136588;1741761.3746000002;0.38888888888888884;136588;973620.6796999997;0.3877153687977661;1;0.0
Meta_469;136588;1741761.3746000002;0.4444444444444444;137969;1043374.9343999996;0.44443683027732006;1;0.0
Meta_470;136588;1741761.3746000002;0.5;136588;903998.7928999999;0.4818556665096695;0;0.0
Meta_451;136588;1451467.8121666668;0.0;148622;1395662.0427999995;0.1870446530091466;3600;0.19649407819188328
Meta_452;136588;1451467.8121666668;0.05555555555555555;152551;1443342.654;0.19779219272040735;3600;0.3030208719509922
Meta_453;136588;1451467.8121666668;0.1111111111111111;147814;1409398.551;0.1844500887150482;3600;0.2746173764646786
Meta_475;136588;2032054.9370333336;0.2222222222222222;148752;1376889.4573000001;0.22181755269626996;105;0.0
Meta_476;136588;2032054.9370333336;0.2777777777777778;150304;1565100.8905;0.27777286250239325;32;0.0
Meta_477;136588;2032054.9370333336;0.3333333333333333;144987;1388142.7069000008;0.333329911556982;1;0.0
Meta_478;136588;2032054.9370333336;0.38888888888888884;136588;973620.6796999997;0.3877153687977661;1;0.0
Meta_479;136588;2032054.9370333336;0.4444444444444444;137969;1350600.5632999998;0.44443683027732006;1;0.0
Meta_480;136588;2032054.9370333336;0.5;136588;903998.7928999999;0.4818556665096695;0;0.0
Meta_454;136588;1451467.8121666668;0.16666666666666666;146935;1273103.1811999998;0.20579273229531653;3600;1.0
Meta_461;136588;1741761.3746000002;0.0;148963;1389761.4166000003;0.18831276176010145;3600;0.20572174431634047
Meta_462;136588;1741761.3746000002;0.05555555555555555;151232;1567719.3669000003;0.18842689560581707;3600;0.22476204464108848
Meta_463;136588;1741761.3746000002;0.1111111111111111;154193;1481927.8308;0.2017151479435552;3600;0.4427640348015623
Meta_485;136588;2322348.499466667;0.2222222222222222;148797;1416143.5400999999;0.22221450575899587;50;0.0
Meta_464;136588;1741761.3746000002;0.16666666666666666;143939;1288282.6503999997;0.19204626392321342;3600;1.0
Meta_486;136588;2322348.499466667;0.2777777777777778;150662;1716039.0222000005;0.277726963530008;65;0.0
Meta_487;136588;2322348.499466667;0.3333333333333333;144987;1388142.7069000008;0.333329911556982;1;0.0
Meta_489;136588;2322348.499466667;0.4444444444444444;137969;1350600.5632999998;0.44443683027732006;1;0.0
Meta_488;136588;2322348.499466667;0.38888888888888884;136588;929056.7012000001;0.38830198338742233;2;0.0
Meta_490;136588;2322348.499466667;0.5;136588;903998.7928999999;0.4818556665096695;0;0.0
Meta_471;136588;2032054.9370333336;0.0;154079;1591818.835;0.18837987725082034;3600;0.19393881149665557
Meta_472;136588;2032054.9370333336;0.05555555555555555;147887;1815875.4574000004;0.18026796963398234;3600;0.04625960216376929
Meta_473;136588;2032054.9370333336;0.1111111111111111;147771;1549256.4444999998;0.1824404197651251;3600;0.16553992232161274
Meta_495;136588;2612642.0619;0.2222222222222222;148382;1475894.7732999993;0.22186083286477054;59;0.0
Meta_496;136588;2612642.0619;0.2777777777777778;146703;1648378.7903999998;0.2748477291798328;17;0.0
Meta_497;136588;2612642.0619;0.3333333333333333;144987;1388142.7069000008;0.333329911556982;1;0.0
Meta_498;136588;2612642.0619;0.38888888888888884;136588;929056.7012000001;0.38830198338742233;2;0.0
Meta_499;136588;2612642.0619;0.4444444444444444;137969;1350600.5632999998;0.44443683027732006;1;0.0
Meta_500;136588;2612642.0619;0.5;136588;903998.7928999999;0.4818556665096695;0;0.0
Meta_474;136588;2032054.9370333336;0.16666666666666666;155287;1591143.7912000003;0.19473783501715447;3603;1.0
Meta_481;136588;2322348.499466667;0.0;156247;1720462.6587999999;0.18945273830900478;3600;0.20880238280429267
Meta_482;136588;2322348.499466667;0.05555555555555555;148545;1912607.2447999995;0.1867658180912412;3600;0.17895948771665407
Meta_483;136588;2322348.499466667;0.1111111111111111;156753;1749385.9807000002;0.18858895525285924;3600;0.2921917442820447
Meta_484;136588;2322348.499466667;0.16666666666666666;159374;1801315.5173000009;0.19154611516160255;3600;1.0
Meta_491;136588;2612642.0619;0.0;148851;1582494.7669999998;0.1805022329740083;3600;0.09760842151033507
Meta_492;136588;2612642.0619;0.05555555555555555;148495;1920404.6932999997;0.18893370243009072;3600;0.17661789507947093
Meta_493;136588;2612642.0619;0.1111111111111111;151447;1574355.2420999997;0.18058644423281522;3600;0.07851003997222392
Meta_494;136588;2612642.0619;0.16666666666666666;156948;1805281.9793;0.18689058011237913;3600;0.9107612525125245
Meta_510;129252;0.0;0.5;129252;431929.03599999996;0.49625382114130057;0;0.0
Meta_501;129252;0.0;0.0;131029;820221.2143999999;0.20480332355915515;3600;0.10241880450923235
Meta_502;129252;0.0;0.05555555555555555;129860;788687.5784999998;0.20852593621915338;3600;0.1020935069424486
Meta_503;129252;0.0;0.1111111111111111;129461;783176.167;0.21168939547650834;3600;0.12836165324327928
Meta_504;129252;0.0;0.16666666666666666;129355;785492.2132999998;0.21027510761409;3600;0.1576181915545159
Meta_505;129252;0.0;0.2222222222222222;129252;707433.4016999999;0.22719746927978868;3604;0.1717459489388207
Meta_506;129252;0.0;0.2777777777777778;129252;563471.8518999999;0.27828789615497895;3600;0.08513835212236834
Meta_507;129252;0.0;0.3333333333333333;129252;493882.18880000006;0.33331868480005594;3600;0.03592014510171913
Meta_508;129252;0.0;0.38888888888888884;129252;456070.6078999999;0.3888879110347621;3600;0.012511331998197558
Meta_509;129252;0.0;0.4444444444444444;129252;435989.81150000007;0.4444446791590314;3600;9.671439174905258E-4
Meta_520;129252;290293.56243333337;0.5;129252;431929.03599999996;0.49625382114130057;0;1.6798885470644808E-13
Meta_511;129252;290293.56243333337;0.0;130054;792106.5878999998;0.20865806601584522;3600;0.12378932646356383
Meta_512;129252;290293.56243333337;0.05555555555555555;131073;821925.6005999999;0.2049303046099183;3600;0.12248348747218904
Meta_513;129252;290293.56243333337;0.1111111111111111;131258;822526.0274999997;0.2069194315993759;3600;0.16621271665560008
Meta_514;129252;290293.56243333337;0.16666666666666666;131599;831616.8226999996;0.20478446565996017;3600;0.2237576225352344
Meta_515;129252;290293.56243333337;0.2222222222222222;129086;728245.4009000001;0.22367230467498386;3600;0.2831817905457005
Meta_516;129252;290293.56243333337;0.2777777777777778;129252;566400.0746999999;0.2778086179574575;3601;0.16824124717585487
Meta_527;129252;580587.1248666667;0.3333333333333333;129252;547674.8091000002;0.3333328993412165;67;0.0
Meta_517;129252;290293.56243333337;0.3333333333333333;129252;494500.80560000014;0.33333477870113115;3600;0.0930194213354357
Meta_529;129252;580587.1248666667;0.4444444444444444;129252;565296.9950999997;0.4443187687020859;1;0.0
Meta_530;129252;580587.1248666667;0.5;129252;580584.2068999999;0.4991082087159823;0;0.0
Meta_528;129252;580587.1248666667;0.38888888888888884;129252;579259.2622999998;0.3877362252240974;17;0.0
Meta_518;129252;290293.56243333337;0.38888888888888884;129252;455980.35519999993;0.388888963606774;3600;0.03281730250576163
Meta_519;129252;290293.56243333337;0.4444444444444444;129252;436002.4808000001;0.4444461039603686;3600;0.0035916811017383736
Meta_521;129252;580587.1248666667;0.0;130155;787366.6884000001;0.21257058705496862;3600;0.18022585656507387
Meta_522;129252;580587.1248666667;0.05555555555555555;130068;788201.8688999998;0.20802452962593795;3600;0.14820093895774197
Meta_536;129252;870880.6873000001;0.2777777777777778;133223;870865.8405999999;0.2777490969560723;53;0.0
Meta_537;129252;870880.6873000001;0.3333333333333333;132620;869285.5149000003;0.3292541035598641;80;0.0
Meta_538;129252;870880.6873000001;0.38888888888888884;129315;723280.5718000002;0.3856951647112491;20;0.0
Meta_539;129252;870880.6873000001;0.4444444444444444;129252;824524.2079999999;0.44241176753663874;1;0.0
Meta_540;129252;870880.6873000001;0.5;129252;776915.5184000001;0.4913600484051108;0;0.0
Meta_523;129252;580587.1248666667;0.1111111111111111;132135;841297.7359999996;0.20886386323832906;3600;0.2589485439207095
Meta_524;129252;580587.1248666667;0.16666666666666666;130407;792059.2221;0.21842824933357202;3600;0.49786121640454634
Meta_525;129252;580587.1248666667;0.2222222222222222;129403;710615.5057999999;0.22870170058522654;3600;0.763777379260813
Meta_526;129252;580587.1248666667;0.2777777777777778;129262;594922.4304999999;0.27777795520868487;3600;1.0
Meta_545;129252;1161174.2497333335;0.2222222222222222;141313;1145076.1805000002;0.22187510491768783;893;0.0
Meta_531;129252;870880.6873000001;0.0;133437;883253.1931000001;0.20005517244624887;3600;0.15277210494659568
Meta_532;129252;870880.6873000001;0.05555555555555555;133244;872120.8208999999;0.20210888166086619;3600;0.16547950940194048
Meta_548;129252;1161174.2497333335;0.38888888888888884;131047;932083.4695000002;0.388888291446205;2;0.0
Meta_549;129252;1161174.2497333335;0.4444444444444444;133496;974932.6483000002;0.4417255300242339;1;0.0
Meta_550;129252;1161174.2497333335;0.5;129252;776915.5184000001;0.4913600484051108;0;0.0
Meta_535;129252;870880.6873000001;0.2222222222222222;130724;858417.4151000001;0.2222129973548512;2302;0.0
Meta_547;129252;1161174.2497333335;0.3333333333333333;138566;1161164.0792;0.3301508897288761;24;0.0
Meta_533;129252;870880.6873000001;0.1111111111111111;133676;884056.3020999997;0.2010909664799779;3600;0.228377887844509
Meta_534;129252;870880.6873000001;0.16666666666666666;133349;886200.7750999999;0.2007298512484333;3600;0.4864678004642969
Meta_546;129252;1161174.2497333335;0.2777777777777778;137878;1161157.5611999996;0.2764362123836929;518;0.0
Meta_556;129252;1451467.8121666668;0.2777777777777778;141313;1294965.5195;0.27773658494021275;19;0.0
Meta_557;129252;1451467.8121666668;0.3333333333333333;134199;950153.8548999998;0.32977631057819984;3;0.0
Meta_558;129252;1451467.8121666668;0.38888888888888884;130224;914637.8822000003;0.38871484639112297;10;0.0
Meta_559;129252;1451467.8121666668;0.4444444444444444;133875;1003099.0001000003;0.44385884639112466;1;0.0
Meta_560;129252;1451467.8121666668;0.5;129252;776915.5184000001;0.4913600484051108;0;0.0
Meta_555;129252;1451467.8121666668;0.2222222222222222;138764;1143586.3326;0.22222381160134502;289;0.0
Meta_541;129252;1161174.2497333335;0.0;143568;1151888.1335000002;0.2081221074743784;3600;0.3498693597648277
Meta_542;129252;1161174.2497333335;0.05555555555555555;143916;1147750.4234;0.19901501465382948;3600;0.31334163888343186
Meta_543;129252;1161174.2497333335;0.1111111111111111;143581;1141953.3907;0.21135809351175322;3600;0.48849405844292676
Meta_565;129252;1741761.3746000002;0.2222222222222222;141835;1299498.9989999996;0.2222192641134018;109;0.0
Meta_544;129252;1161174.2497333335;0.16666666666666666;144389;1163204.3966;0.19662491733616266;3600;0.9653667592341196
Meta_567;129252;1741761.3746000002;0.3333333333333333;134189;1025626.7329;0.3332851387931757;9;0.0
Meta_566;129252;1741761.3746000002;0.2777777777777778;150001;1739575.7705999992;0.27765738763767384;54;0.0
Meta_568;129252;1741761.3746000002;0.38888888888888884;130416;945724.8797000003;0.38884894593490354;2;0.0
Meta_569;129252;1741761.3746000002;0.4444444444444444;134565;1005008.9853000001;0.44432456957977234;1;0.0
Meta_570;129252;1741761.3746000002;0.5;129252;776915.5184000001;0.4913600484051108;0;0.0
Meta_551;129252;1451467.8121666668;0.0;153259;1451294.0754000002;0.19661872756889814;3600;0.2704731184259236
Meta_552;129252;1451467.8121666668;0.05555555555555555;152121;1439839.2016;0.18206400791624705;3600;0.05822623036692549
Meta_553;129252;1451467.8121666668;0.1111111111111111;151873;1399697.2530000003;0.1998170085988156;3600;0.42955951944533227
Meta_575;129252;2032054.9370333336;0.2222222222222222;152253;1605303.8406000002;0.2221774774330123;155;0.0
Meta_576;129252;2032054.9370333336;0.2777777777777778;139128;1304544.1513000003;0.27770981892577484;16;0.0
Meta_577;129252;2032054.9370333336;0.3333333333333333;134199;950153.8548999998;0.32977631057819984;2;0.0
Meta_578;129252;2032054.9370333336;0.38888888888888884;130390;1000752.2802999998;0.38845106713274796;17;0.0
Meta_579;129252;2032054.9370333336;0.4444444444444444;134565;1005008.9853000001;0.44432456957977234;0;0.0
Meta_580;129252;2032054.9370333336;0.5;129252;776915.5184000001;0.4913600484051108;0;0.0
Meta_554;129252;1451467.8121666668;0.16666666666666666;148962;1375918.8074000007;0.23758403589918106;3600;1.0
Meta_561;129252;1741761.3746000002;0.0;155692;1687652.4226000006;0.18982272518956514;3600;0.21706364130673383
Meta_562;129252;1741761.3746000002;0.05555555555555555;158480;1721705.2165999992;0.1913538137808059;3600;0.2523700059056484
Meta_563;129252;1741761.3746000002;0.1111111111111111;156882;1721285.2153000003;0.1891961255183291;3600;0.3250560906693286
Meta_585;129252;2322348.499466667;0.2222222222222222;143972;1396030.4264000005;0.2218008517036746;49;0.0
Meta_586;129252;2322348.499466667;0.2777777777777778;148257;1751637.8596000005;0.27775706880168166;25;0.0
Meta_587;129252;2322348.499466667;0.3333333333333333;134205;952026.2257000001;0.33329517367500433;5;0.0
Meta_588;129252;2322348.499466667;0.38888888888888884;132766;1045207.2116;0.38187438344462216;21;0.0
Meta_589;129252;2322348.499466667;0.4444444444444444;134565;1005008.9853000001;0.44432456957977234;1;0.0
Meta_590;129252;2322348.499466667;0.5;129252;776915.5184000001;0.4913600484051108;0;0.0
Meta_564;129252;1741761.3746000002;0.16666666666666666;150158;1542740.1055999994;0.239015613489073;3600;1.0
Meta_571;129252;2032054.9370333336;0.0;153056;1977146.8250999989;0.1865029620700775;3600;0.10894121784759432
Meta_572;129252;2032054.9370333336;0.05555555555555555;156419;1772563.2462;0.18929844575697558;3600;0.2366044861988795
Meta_573;129252;2032054.9370333336;0.1111111111111111;148923;1481316.2149999999;0.1795740244927316;3600;0.03642010985726247
Meta_574;129252;2032054.9370333336;0.16666666666666666;145425;1324854.2311000002;0.24123399394761716;3600;1.0
Meta_596;129252;2612642.0619;0.2777777777777778;152593;1786674.3681000003;0.27777310222412455;20;0.0
Meta_597;129252;2612642.0619;0.3333333333333333;134205;952026.2257000001;0.33329517367500433;5;0.0
Meta_595;129252;2612642.0619;0.2222222222222222;161013;1764878.5211000005;0.21460601534370866;42;0.0
Meta_599;129252;2612642.0619;0.4444444444444444;134565;1005008.9853000001;0.44432456957977234;1;0.0
Meta_600;129252;2612642.0619;0.5;129252;776915.5184000001;0.4913600484051108;0;0.0
Meta_598;129252;2612642.0619;0.38888888888888884;130751;1025307.5521;0.38509064282722794;15;0.0
Meta_581;129252;2322348.499466667;0.0;146269;1506635.3320999998;0.18531830355207465;3600;0.15345935174661804
Meta_582;129252;2322348.499466667;0.05555555555555555;158388;2218719.6594;0.1903973178736069;3600;0.1931714074088309
Meta_583;129252;2322348.499466667;0.1111111111111111;149605;1465693.9986000003;0.18232478954016426;3600;0.22977466346474315
Meta_584;129252;2322348.499466667;0.16666666666666666;146597;1449528.2151;0.20947263630659152;3600;1.0
Meta_591;129252;2612642.0619;0.0;148770;1706583.7419;0.1842378786375634;3600;0.1125906972403063
Meta_592;129252;2612642.0619;0.05555555555555555;150939;1558034.2872000004;0.22089708190153878;3600;0.45112363184810456
Meta_593;129252;2612642.0619;0.1111111111111111;148630;1510919.8360000004;0.18387928872665388;3600;0.16888033968773614
Meta_594;129252;2612642.0619;0.16666666666666666;141129;1509445.708;0.21307976941436713;3600;1.0
Meta_610;121915;0.0;0.5;121915;279568.61069999996;0.4851236938598746;0;0.0
Meta_601;121915;0.0;0.0;124039;635402.235;0.2306464879240799;3600;0.1184329490458626
Meta_602;121915;0.0;0.05555555555555555;125756;677099.186;0.22433721922329106;3600;0.11644650118386257
Meta_603;121915;0.0;0.1111111111111111;127667;732319.8912000001;0.2165168019146029;3602;0.12442094279960665
Meta_604;121915;0.0;0.16666666666666666;128339;760408.1462000001;0.2151386239718901;3602;0.21392673705713353
Meta_605;121915;0.0;0.2222222222222222;125268;655280.7665999999;0.22666097335945132;3600;0.21727176943648044
Meta_606;121915;0.0;0.2777777777777778;121912;476770.2897;0.27794207413806155;3602;0.21604484594878479
Meta_607;121915;0.0;0.3333333333333333;121915;337355.2130999998;0.33333315845715095;3600;0.042793572090564946
Meta_608;121915;0.0;0.38888888888888884;121915;298153.0075;0.3888901566311277;3600;0.011841944312773231
Meta_619;121915;290293.56243333337;0.4444444444444444;121915;290292.35109999997;0.44357365983730407;18;0.0
Meta_620;121915;290293.56243333337;0.5;121915;290291.4524999999;0.48994011318011516;0;0.0
Meta_609;121915;0.0;0.4444444444444444;121915;282946.3491;0.4444451369595447;3600;0.0019438542746040776
Meta_611;121915;290293.56243333337;0.0;124174;634372.4649000001;0.2339526993135713;3606;0.16597059823435795
Meta_612;121915;290293.56243333337;0.05555555555555555;128574;756005.2268999998;0.21404554629208522;3600;0.14422310615484576
Meta_613;121915;290293.56243333337;0.1111111111111111;127582;726240.5930999999;0.21864769969007533;3600;0.16905738765798597
Meta_614;121915;290293.56243333337;0.16666666666666666;128572;751186.6233;0.21357458464156295;3600;0.23822568888620108
Meta_626;121915;580587.1248666667;0.2777777777777778;123574;578566.6055999998;0.2777752544951347;164;0.0
Meta_615;121915;290293.56243333337;0.2222222222222222;125615;667154.1062000003;0.22574096160563034;3600;0.37400968498535125
Meta_628;121915;580587.1248666667;0.38888888888888884;121915;484847.3455;0.3847119285246292;21;0.0
Meta_629;121915;580587.1248666667;0.4444444444444444;122345;580106.1202999998;0.4384345366247219;2;0.0
Meta_630;121915;580587.1248666667;0.5;121915;580571.8248;0.49381290361092334;0;0.0
Meta_627;121915;580587.1248666667;0.3333333333333333;123873;580188.8205999997;0.33332664846424676;133;0.0
Meta_616;121915;290293.56243333337;0.2777777777777778;121917;495693.6057;0.2791518916656027;3604;0.6339811343455658
Meta_617;121915;290293.56243333337;0.3333333333333333;121915;336068.5097000001;0.33333270168994794;3600;0.2938851076663819
Meta_618;121915;290293.56243333337;0.38888888888888884;121915;298264.41270000004;0.3888786664069712;3600;0.5355914240733645
Meta_635;121915;870880.6873000001;0.2222222222222222;132448;869791.9373999999;0.22220804136390793;372;0.0
Meta_636;121915;870880.6873000001;0.2777777777777778;127494;854655.3328000003;0.27757545149839785;54;0.0
Meta_637;121915;870880.6873000001;0.3333333333333333;126629;870869.7272000003;0.33312610517844093;31;0.0
Meta_638;121915;870880.6873000001;0.38888888888888884;123524;738705.8025000001;0.3884381693671089;17;0.0
Meta_639;121915;870880.6873000001;0.4444444444444444;124786;668278.9579000003;0.44414823485551747;1;0.0
Meta_640;121915;870880.6873000001;0.5;121915;658414.6269999999;0.49406436389311437;0;0.0
Meta_621;121915;580587.1248666667;0.0;125744;676777.4058999998;0.22544262056805991;3600;0.1874777075430873
Meta_622;121915;580587.1248666667;0.05555555555555555;126607;698462.8098;0.22277288557276106;3600;0.1977070677319015
Meta_623;121915;580587.1248666667;0.1111111111111111;126321;686747.2153999999;0.2247215961075344;3600;0.2344556545590721
Meta_624;121915;580587.1248666667;0.16666666666666666;129213;779874.5100000001;0.2140810758897362;3600;0.3961273297583548
Meta_625;121915;580587.1248666667;0.2222222222222222;125954;674209.7881999998;0.2339802529177147;3600;1.0
Meta_646;121915;1161174.2497333335;0.2777777777777778;136765;1157559.2615999999;0.2774102892888504;37;0.0
Meta_647;121915;1161174.2497333335;0.3333333333333333;141711;1111902.2544000002;0.3330249204549676;30;0.0
Meta_648;121915;1161174.2497333335;0.38888888888888884;138008;1128046.9427999998;0.38836657965156063;2;0.0
Meta_649;121915;1161174.2497333335;0.4444444444444444;124786;675364.3967000004;0.44414823485551747;1;0.0
Meta_650;121915;1161174.2497333335;0.5;121915;658414.6269999999;0.49406436389311437;0;0.0
Meta_631;121915;870880.6873000001;0.0;133835;891936.6285;0.1991756902273482;3600;0.1503685273113368
Meta_632;121915;870880.6873000001;0.05555555555555555;133993;896982.6274999997;0.20001042430070198;3600;0.18048816895404834
Meta_633;121915;870880.6873000001;0.1111111111111111;132592;870857.9661000001;0.2052784473179924;3600;0.3729279744801607
Meta_634;121915;870880.6873000001;0.16666666666666666;132651;869710.3976000003;0.2042684839840201;3600;0.838877154780579
Meta_645;121915;1161174.2497333335;0.2222222222222222;137867;1071778.8199000002;0.2222005500800449;879;0.0
Meta_656;121915;1451467.8121666668;0.2777777777777778;145802;1368478.7515;0.27745080018345863;53;0.0
Meta_655;121915;1451467.8121666668;0.2222222222222222;138015;1208044.0473999998;0.22219749971748495;296;0.0
Meta_658;121915;1451467.8121666668;0.38888888888888884;138116;1176903.0965999996;0.3887371839522307;1;0.0
Meta_659;121915;1451467.8121666668;0.4444444444444444;124786;675364.3967000004;0.44414823485551747;1;0.0
Meta_660;121915;1451467.8121666668;0.5;121915;658414.6269999999;0.49406436389311437;0;0.0
Meta_657;121915;1451467.8121666668;0.3333333333333333;142710;1397036.1905000005;0.3329254476280346;19;0.0
Meta_641;121915;1161174.2497333335;0.0;144127;1157595.3126;0.2000959577241275;3602;0.29687263609365305
Meta_642;121915;1161174.2497333335;0.05555555555555555;144333;1165618.5228;0.19140359653652353;3600;0.19578860753443234
Meta_643;121915;1161174.2497333335;0.1111111111111111;145494;1160154.3317999998;0.20383527736552556;3605;0.46085779073014277
Meta_644;121915;1161174.2497333335;0.16666666666666666;144152;1157019.5078;0.2040154247061222;3600;1.0
Meta_666;121915;1741761.3746000002;0.2777777777777778;152289;1621243.5692999999;0.2773019246461019;14;0.0
Meta_667;121915;1741761.3746000002;0.3333333333333333;141380;1329989.6046000007;0.3328166351519126;18;0.0
Meta_668;121915;1741761.3746000002;0.38888888888888884;131119;854493.1945999996;0.3888831438794662;8;0.0
Meta_669;121915;1741761.3746000002;0.4444444444444444;124786;675364.3967000004;0.44414823485551747;1;0.0
Meta_670;121915;1741761.3746000002;0.5;121915;658414.6269999999;0.49406436389311437;0;0.0
Meta_665;121915;1741761.3746000002;0.2222222222222222;156562;1569951.0227999995;0.21454633702322568;230;0.0
Meta_651;121915;1451467.8121666668;0.0;148693;1451458.5896;0.19105786399286237;3600;0.21789457210036522
Meta_652;121915;1451467.8121666668;0.05555555555555555;151079;1450842.9446999999;0.19666575859974794;3600;0.2954834573551582
Meta_653;121915;1451467.8121666668;0.1111111111111111;148950;1451436.8917000005;0.1832579146363897;3600;0.17521747809214458
Meta_654;121915;1451467.8121666668;0.16666666666666666;151683;1406216.6537;0.2022959590368399;3600;1.0
Meta_676;121915;2032054.9370333336;0.2777777777777778;141436;1451698.0507999996;0.27777506471601376;68;0.0
Meta_677;121915;2032054.9370333336;0.3333333333333333;141342;1458978.2101;0.3267218058990253;14;0.0
Meta_678;121915;2032054.9370333336;0.38888888888888884;130615;795850.1341999997;0.38887377637424575;7;0.0
Meta_679;121915;2032054.9370333336;0.4444444444444444;124786;701875.5757000004;0.44414823485551747;1;0.0
Meta_680;121915;2032054.9370333336;0.5;121915;658414.6269999999;0.49406436389311437;0;0.0
Meta_675;121915;2032054.9370333336;0.2222222222222222;142652;1397474.9596999995;0.222217579044911;222;0.0
Meta_661;121915;1741761.3746000002;0.0;161650;1689984.7950999998;0.1933653077854131;3600;0.24958535618340788
Meta_662;121915;1741761.3746000002;0.05555555555555555;154272;1573373.4642999994;0.1964845749459884;3600;0.2954884141130363
Meta_663;121915;1741761.3746000002;0.1111111111111111;160256;1738614.8297999993;0.19734765746666247;3600;0.4147790882859088
Meta_664;121915;1741761.3746000002;0.16666666666666666;151398;1485783.9070999993;0.19795465986065497;3600;1.0
Meta_685;121915;2322348.499466667;0.2222222222222222;156842;1776785.730000001;0.21911666777203812;128;0.0
Meta_687;121915;2322348.499466667;0.3333333333333333;134959;1156755.5296999998;0.33331485273248057;16;0.0
Meta_688;121915;2322348.499466667;0.38888888888888884;130615;795850.1341999997;0.38887377637424575;7;0.0
Meta_686;121915;2322348.499466667;0.2777777777777778;146986;1511625.497000001;0.27476808877653747;25;0.0
Meta_690;121915;2322348.499466667;0.5;121915;658414.6269999999;0.49406436389311437;0;0.0
Meta_689;121915;2322348.499466667;0.4444444444444444;124786;701875.5757000004;0.44414823485551747;1;0.0
Meta_671;121915;2032054.9370333336;0.0;151917;1495776.6913000003;0.17960189203329027;3600;0.014060144003602155
Meta_672;121915;2032054.9370333336;0.05555555555555555;154640;1678081.0237999994;0.22259105042649005;3600;0.46057901259145223
Meta_673;121915;2032054.9370333336;0.1111111111111111;148692;1474193.8238;0.1886216056238818;3600;0.27234535107795893
Meta_674;121915;2032054.9370333336;0.16666666666666666;146797;1465426.5790999997;0.19878551784418483;3600;1.0
Meta_696;121915;2612642.0619;0.2777777777777778;155799;1782245.4823999996;0.24484377309487074;39;0.0
Meta_697;121915;2612642.0619;0.3333333333333333;140092;1295693.6601000002;0.3333345200263014;16;0.0
Meta_698;121915;2612642.0619;0.38888888888888884;130615;795850.1341999997;0.38887377637424575;7;0.0
Meta_699;121915;2612642.0619;0.4444444444444444;124786;701875.5757000004;0.44414823485551747;1;0.0
Meta_700;121915;2612642.0619;0.5;121915;658414.6269999999;0.49406436389311437;0;0.0
Meta_681;121915;2322348.499466667;0.0;148389;1581790.9671000005;0.1817012386721829;3600;0.07589676779157788
Meta_682;121915;2322348.499466667;0.05555555555555555;155390;1639110.081;0.18453861292305912;3600;0.16067803059621488
Meta_683;121915;2322348.499466667;0.1111111111111111;148925;1548117.2656;0.18897487138438981;3600;0.2598839190804235
Meta_684;121915;2322348.499466667;0.16666666666666666;145312;1511687.9030999998;0.19311975409384988;3600;1.0
Meta_691;121915;2612642.0619;0.0;150119;1685232.233;0.18433778030835404;3600;0.14115992591314203
Meta_692;121915;2612642.0619;0.05555555555555555;158059;2034886.3246;0.1906175421298631;3600;0.19653132765424355
Meta_695;121915;2612642.0619;0.2222222222222222;158973;1775305.0201999997;0.22219323749173242;2202;0.0
Meta_693;121915;2612642.0619;0.1111111111111111;156728;1886272.7220000005;0.18732935919528507;3600;0.27539456729994655
Meta_709;114579;0.0;0.4444444444444444;114579;156945.3963;0.44277141311085405;0;0.0
Meta_710;114579;0.0;0.5;114579;156945.3963;0.44277141311085405;0;0.0
Meta_694;121915;2612642.0619;0.16666666666666666;145726;1501761.3142000001;0.19481336971536628;3600;1.0
Meta_701;114579;0.0;0.0;124083;635632.1109999999;0.23098898596382494;3600;0.12087830873898134
Meta_702;114579;0.0;0.05555555555555555;128329;739505.0174000001;0.21554633756960506;3600;0.11240130252943029
Meta_703;114579;0.0;0.1111111111111111;126413;699153.3755999998;0.22095625911999778;3600;0.12595079632412504
Meta_705;114579;0.0;0.2222222222222222;125856;671541.1721000001;0.22466858461996178;3600;0.21099362083191794
Meta_704;114579;0.0;0.16666666666666666;128903;765449.6671000001;0.21517298585260128;3603;0.18127946963003994
Meta_717;114579;290293.56243333337;0.3333333333333333;114821;288508.14690000005;0.33332058373943174;75;0.0
Meta_718;114579;290293.56243333337;0.38888888888888884;114579;290291.0578;0.3886010956423654;25;0.0
Meta_719;114579;290293.56243333337;0.4444444444444444;114579;252878.06050000002;0.44444121701230277;3;0.0
Meta_720;114579;290293.56243333337;0.5;114580;267080.4851;0.4617238987697736;0;0.0
Meta_706;114579;0.0;0.2777777777777778;114700;351646.20239999995;0.28055523690755674;3602;0.2535288198169999
Meta_707;114579;0.0;0.3333333333333333;114579;218324.5741;0.3351872267382725;3600;0.31875593593601764
Meta_708;114579;0.0;0.38888888888888884;114579;164123.38770000002;0.3888893486214493;3600;0.02768976594661497
Meta_711;114579;290293.56243333337;0.0;128277;744651.0926999999;0.21367086344613567;3600;0.12827391026984336
Meta_712;114579;290293.56243333337;0.05555555555555555;127788;728040.459;0.21597915293493497;3600;0.1364493308070182
Meta_726;114579;580587.1248666667;0.2777777777777778;117511;490395.6441;0.27777795853861464;118;0.0
Meta_727;114579;580587.1248666667;0.3333333333333333;114629;446197.0580999999;0.33309609741093893;33;0.0
Meta_728;114579;580587.1248666667;0.38888888888888884;115058;423933.0533000001;0.382305604630848;14;0.0
Meta_729;114579;580587.1248666667;0.4444444444444444;114785;413773.0895;0.44412282558340793;1;0.0
Meta_730;114579;580587.1248666667;0.5;114579;415957.1541;0.4764977094941278;0;0.0
Meta_713;114579;290293.56243333337;0.1111111111111111;127278;717225.5648999999;0.21766480414337622;3603;0.1551282557608433
Meta_714;114579;290293.56243333337;0.16666666666666666;127357;714287.4851999999;0.2185718664023664;3600;0.27779815693178284
Meta_715;114579;290293.56243333337;0.2222222222222222;124399;635530.1058000003;0.2363357455508126;3600;0.6566556419096147
Meta_716;114579;290293.56243333337;0.2777777777777778;116589;403064.86340000015;0.2797939267103223;3600;1.0
Meta_721;114579;580587.1248666667;0.0;128125;744645.317;0.21460068688697714;3600;0.16631319841368933
Meta_736;114579;870880.6873000001;0.2777777777777778;129159;793764.5965999998;0.277778300669258;142;0.0
Meta_737;114579;870880.6873000001;0.3333333333333333;115204;543420.5576;0.3332274963682534;54;0.0
Meta_738;114579;870880.6873000001;0.38888888888888884;128127;830990.4282999999;0.3881223717574188;27;0.0
Meta_739;114579;870880.6873000001;0.4444444444444444;114832;415864.0208999999;0.444408134991176;1;0.0
Meta_740;114579;870880.6873000001;0.5;114579;415957.1541;0.4764977094941278;0;0.0
Meta_735;114579;870880.6873000001;0.2222222222222222;134162;867752.0707999999;0.22196526078964254;931;0.0
Meta_722;114579;580587.1248666667;0.05555555555555555;127140;709895.2133000001;0.22183776020519086;3600;0.1991438432796498
Meta_723;114579;580587.1248666667;0.1111111111111111;130850;811286.7954000001;0.20607477064559804;3600;0.21496113385094093
Meta_724;114579;580587.1248666667;0.16666666666666666;128336;740568.9224000002;0.21550108674639915;3600;0.43359099135552853
Meta_745;114579;1161174.2497333335;0.2222222222222222;138065;1056316.157;0.22215812570304438;103;0.0
Meta_725;114579;580587.1248666667;0.2222222222222222;123706;636256.1119999997;0.24694721734256436;3600;1.0
Meta_746;114579;1161174.2497333335;0.2777777777777778;136651;1138834.3032000002;0.2773260482152628;51;0.0
Meta_747;114579;1161174.2497333335;0.3333333333333333;136922;1153721.7381999996;0.3318062689253917;29;0.0
Meta_749;114579;1161174.2497333335;0.4444444444444444;114832;415864.0208999999;0.444408134991176;1;0.0
Meta_750;114579;1161174.2497333335;0.5;114579;415957.1541;0.4764977094941278;0;0.0
Meta_748;114579;1161174.2497333335;0.38888888888888884;125869;871539.7085;0.3857582918333766;17;0.0
Meta_731;114579;870880.6873000001;0.0;133944;895445.8473999997;0.19853124509757267;3600;0.1500412482994592
Meta_732;114579;870880.6873000001;0.05555555555555555;133389;878679.9990999999;0.20232584051244298;3600;0.17808142018502748
Meta_733;114579;870880.6873000001;0.1111111111111111;133719;880790.5998999998;0.21283615410143542;3600;0.44651224801676
Meta_734;114579;870880.6873000001;0.16666666666666666;134361;898560.3254999999;0.2043931780562228;3600;0.8765339355479773
Meta_756;114579;1451467.8121666668;0.2777777777777778;134936;1071710.6073999999;0.27492839931804663;61;0.0
Meta_757;114579;1451467.8121666668;0.3333333333333333;137016;1176904.3902999994;0.3331480511055152;13;0.0
Meta_758;114579;1451467.8121666668;0.38888888888888884;117796;588017.4962;0.38637607217674974;15;0.0
Meta_759;114579;1451467.8121666668;0.4444444444444444;114832;415864.0208999999;0.444408134991176;1;0.0
Meta_760;114579;1451467.8121666668;0.5;114579;415957.1541;0.4764977094941278;0;0.0
Meta_755;114579;1451467.8121666668;0.2222222222222222;141534;1167130.2202999997;0.2218255677933891;428;0.0
Meta_741;114579;1161174.2497333335;0.0;142638;1156484.5092;0.20411818690760422;3600;0.32376658407290104
Meta_742;114579;1161174.2497333335;0.05555555555555555;143814;1161351.7580000004;0.1970057126703685;3600;0.2975268260017432
Meta_743;114579;1161174.2497333335;0.1111111111111111;145608;1164962.9251;0.19861183341903604;3600;0.42229960223868207
Meta_744;114579;1161174.2497333335;0.16666666666666666;144802;1156339.1930999998;0.19272408834078814;3600;1.0
Meta_766;114579;1741761.3746000002;0.2777777777777778;144679;1364935.1472999998;0.27777708083607894;58;0.0
Meta_765;114579;1741761.3746000002;0.2222222222222222;143536;1457164.0575;0.2222054335768299;65;0.0
Meta_767;114579;1741761.3746000002;0.3333333333333333;137016;1109890.6239000005;0.3333189240796517;8;0.0
Meta_769;114579;1741761.3746000002;0.4444444444444444;114832;415864.0208999999;0.444408134991176;1;0.0
Meta_770;114579;1741761.3746000002;0.5;114579;415957.1541;0.4764977094941278;0;0.0
Meta_768;114579;1741761.3746000002;0.38888888888888884;139240;1266016.7528000001;0.36653514656420666;8;0.0
Meta_751;114579;1451467.8121666668;0.0;148758;1386734.2902999995;0.19664467903040675;3600;0.26315903302678617
Meta_752;114579;1451467.8121666668;0.05555555555555555;148521;1322493.7145000007;0.18765673498650629;3600;0.2142501985314556
Meta_753;114579;1451467.8121666668;0.1111111111111111;154456;1453873.9052;0.18796514114807036;3600;0.2543254719276633
Meta_775;114579;2032054.9370333336;0.2222222222222222;148070;1621876.328400001;0.22174263562265212;85;0.0
Meta_776;114579;2032054.9370333336;0.2777777777777778;143266;1200449.3098000004;0.2756753657016928;502;0.0
Meta_777;114579;2032054.9370333336;0.3333333333333333;120134;665976.6399000001;0.3276270912728984;20;0.0
Meta_778;114579;2032054.9370333336;0.38888888888888884;135553;1136148.2439;0.388707701133439;18;0.0
Meta_779;114579;2032054.9370333336;0.4444444444444444;114832;415864.0208999999;0.444408134991176;1;0.0
Meta_780;114579;2032054.9370333336;0.5;114579;415957.1541;0.4764977094941278;0;0.0
Meta_754;114579;1451467.8121666668;0.16666666666666666;150152;1400699.5591000004;0.2076696884311347;3601;1.0
Meta_761;114579;1741761.3746000002;0.0;152010;1585811.4853000003;0.18947669910053402;3600;0.20783611277691347
Meta_762;114579;1741761.3746000002;0.05555555555555555;154526;1445690.4968999997;0.1847423467793835;3600;0.14697757969655273
Meta_763;114579;1741761.3746000002;0.1111111111111111;152697;1718275.9096000004;0.1835847106880794;3600;0.16990923197214697
Meta_785;114579;2322348.499466667;0.2222222222222222;144094;1510758.0720000002;0.22222116234084535;103;0.0
Meta_786;114579;2322348.499466667;0.2777777777777778;145086;1702391.7386000005;0.2768075955886941;26;0.0
Meta_787;114579;2322348.499466667;0.3333333333333333;137016;1250877.6999000006;0.33331892407965164;8;0.0
Meta_788;114579;2322348.499466667;0.38888888888888884;150784;1791474.7322;0.29327391130399805;15;0.0
Meta_789;114579;2322348.499466667;0.4444444444444444;114832;415864.0208999999;0.444408134991176;1;0.0
Meta_790;114579;2322348.499466667;0.5;114579;415957.1541;0.4764977094941278;0;0.0
Meta_764;114579;1741761.3746000002;0.16666666666666666;144439;1341710.9482999998;0.20076734254573803;3600;1.0
Meta_771;114579;2032054.9370333336;0.0;150087;1824338.0276999995;0.1795760729029131;3600;0.025178411827611515
Meta_772;114579;2032054.9370333336;0.05555555555555555;145419;1386314.8187999995;0.1838510335741278;3600;0.15951801278615296
Meta_773;114579;2032054.9370333336;0.1111111111111111;160071;1708996.7203999995;0.1903603670950737;3600;0.3450032274168681
Meta_774;114579;2032054.9370333336;0.16666666666666666;141475;1301337.6513;0.1942967696679361;3600;1.0
Meta_795;114579;2612642.0619;0.2222222222222222;153460;1712578.4004000002;0.22220300638661708;39;0.0
Meta_797;114579;2612642.0619;0.3333333333333333;137016;1250877.6999000006;0.33331892407965164;8;0.0
Meta_798;114579;2612642.0619;0.38888888888888884;132723;1132339.0672000002;0.3874470505852169;20;0.0
Meta_799;114579;2612642.0619;0.4444444444444444;114832;415864.0208999999;0.444408134991176;1;0.0
Meta_800;114579;2612642.0619;0.5;114579;415957.1541;0.4764977094941278;0;0.0
Meta_796;114579;2612642.0619;0.2777777777777778;142714;1357343.6383999998;0.27744977099814716;263;0.0
Meta_781;114579;2322348.499466667;0.0;152860;1687523.6548999995;0.22576641361767857;3600;0.4477425275998723
Meta_782;114579;2322348.499466667;0.05555555555555555;151580;1849554.7860000003;0.18452960917827613;3600;0.14745806872836556
Meta_783;114579;2322348.499466667;0.1111111111111111;147625;1713722.4802000003;0.18678980952356744;3600;0.1390764651957552
Meta_784;114579;2322348.499466667;0.16666666666666666;142825;1358902.9237999998;0.21249990790906145;3600;1.0
Meta_791;114579;2612642.0619;0.0;148064;1549211.0496000007;0.18539767957503947;3600;0.11753164453555237
Meta_792;114579;2612642.0619;0.05555555555555555;158837;1829961.5553;0.1945600793008773;3600;0.27731839039954376
Meta_808;107242;0.0;0.38888888888888884;107242;70066.9674;0.388888826635916;25;0.0
Meta_809;107242;0.0;0.4444444444444444;107242;69457.658;0.41348290872079424;0;0.0
Meta_810;107242;0.0;0.5;107242;69457.658;0.41348290872079424;0;0.0
Meta_793;114579;2612642.0619;0.1111111111111111;158601;1699047.807;0.2027247899675796;3600;0.4557266854952642
Meta_794;114579;2612642.0619;0.16666666666666666;147767;1435379.1074999995;0.18157779359869408;3600;0.7002464446646022
Meta_801;107242;0.0;0.0;124331;655139.4291000001;0.23059484774194405;3600;0.1289658710427502
Meta_802;107242;0.0;0.05555555555555555;124481;647516.2670999999;0.22880327723229318;3600;0.12129571691656663
Meta_803;107242;0.0;0.1111111111111111;127637;730812.878;0.21654368610644922;3602;0.12425651455976476
Meta_804;107242;0.0;0.16666666666666666;127147;719432.7967999999;0.21753498624533163;3602;0.19906615793041707
Meta_817;107242;290293.56243333337;0.3333333333333333;110763;272405.91359999997;0.3332919119354749;19;0.0
Meta_818;107242;290293.56243333337;0.38888888888888884;107428;232344.31009999997;0.3888000035049617;17;0.0
Meta_819;107242;290293.56243333337;0.4444444444444444;107242;216057.1987;0.4315211168481272;0;0.0
Meta_820;107242;290293.56243333337;0.5;107242;216057.1987;0.4315211168481272;0;0.0
Meta_805;107242;0.0;0.2222222222222222;126509;687491.1427999999;0.2261729525819603;3600;0.251537634923066
Meta_806;107242;0.0;0.2777777777777778;113206;328216.15229999996;0.28638854063432667;3612;0.7590382095695205
Meta_807;107242;0.0;0.3333333333333333;107243;121177.24440000001;0.33333389773036803;3600;0.3928351914259266
Meta_811;107242;290293.56243333337;0.0;127634;728185.2316;0.21564419656803388;3600;0.12843371296576592
Meta_812;107242;290293.56243333337;0.05555555555555555;129094;763785.9843;0.21157873748399494;3600;0.13742769024864598
Meta_813;107242;290293.56243333337;0.1111111111111111;127506;723217.3277000001;0.21705913042648065;3600;0.15297605770199688
Meta_827;107242;580587.1248666667;0.3333333333333333;118449;518054.8450000001;0.3333334534835525;39;0.0
Meta_828;107242;580587.1248666667;0.38888888888888884;109312;352092.8208;0.3801897305729079;17;0.0
Meta_829;107242;580587.1248666667;0.4444444444444444;107242;216057.1987;0.4315211168481272;0;0.0
Meta_830;107242;580587.1248666667;0.5;107242;216057.1987;0.4315211168481272;0;0.0
Meta_826;107242;580587.1248666667;0.2777777777777778;118915;557660.2086000001;0.2777585086426728;155;0.0
Meta_814;107242;290293.56243333337;0.16666666666666666;128750;764380.8017000001;0.21856843460973627;3600;0.3241078233153507
Meta_815;107242;290293.56243333337;0.2222222222222222;125294;657179.7446999998;0.22781467215390802;3600;0.38217723188729924
Meta_816;107242;290293.56243333337;0.2777777777777778;114666;381459.8826999999;0.27954232963675474;3600;1.0
Meta_821;107242;580587.1248666667;0.0;125084;658861.0064999998;0.2295836137780766;3600;0.19963545239497069
Meta_835;107242;870880.6873000001;0.2222222222222222;130091;845537.0546999997;0.22217701884098925;722;0.0
Meta_837;107242;870880.6873000001;0.3333333333333333;114346;519546.6287;0.3333299138415661;45;0.0
Meta_838;107242;870880.6873000001;0.38888888888888884;107246;232729.35870000004;0.38791365353590423;6;0.0
Meta_839;107242;870880.6873000001;0.4444444444444444;107242;216057.1987;0.4315211168481272;0;0.0
Meta_840;107242;870880.6873000001;0.5;107242;216057.1987;0.4315211168481272;0;0.0
Meta_836;107242;870880.6873000001;0.2777777777777778;134887;857432.0469;0.27748748221278363;92;0.0
Meta_822;107242;580587.1248666667;0.05555555555555555;128394;749798.5268999998;0.21684775172812826;3600;0.20066597531666408
Meta_823;107242;580587.1248666667;0.1111111111111111;130747;813934.7288999999;0.20586189280638506;3600;0.21608038779564995
Meta_824;107242;580587.1248666667;0.16666666666666666;133267;863166.5588000001;0.2081374362910863;3600;0.5066607944101192
Meta_825;107242;580587.1248666667;0.2222222222222222;126977;703962.386;0.2240180777710243;3600;1.0
Meta_846;107242;1161174.2497333335;0.2777777777777778;140034;1155376.6677999997;0.2738341286631644;82;0.0
Meta_847;107242;1161174.2497333335;0.3333333333333333;130324;1097046.3977;0.33333186825983874;32;0.0
Meta_848;107242;1161174.2497333335;0.38888888888888884;109907;348713.1027999999;0.3874635494342989;7;0.0
Meta_849;107242;1161174.2497333335;0.4444444444444444;107242;216057.1987;0.4315211168481272;0;0.0
Meta_850;107242;1161174.2497333335;0.5;107242;216057.1987;0.4315211168481272;0;0.0
Meta_831;107242;870880.6873000001;0.0;133385;884369.6190000001;0.2030192721976996;3600;0.1737528414862729
Meta_832;107242;870880.6873000001;0.05555555555555555;134748;907494.2456999999;0.20780709073710563;3600;0.3306284882084845
Meta_833;107242;870880.6873000001;0.1111111111111111;133071;873447.5798999999;0.2050764521496011;3600;0.26102341580068567
Meta_834;107242;870880.6873000001;0.16666666666666666;133439;894948.8641999995;0.1993011963792215;3600;0.8546407910056338
Meta_855;107242;1451467.8121666668;0.2222222222222222;141257;1147805.2233000004;0.22140282293610955;99;0.0
Meta_856;107242;1451467.8121666668;0.2777777777777778;140036;1403210.0527;0.2777635583494785;20;0.0
Meta_857;107242;1451467.8121666668;0.3333333333333333;140914;1412981.6302999994;0.33331102872747825;40;0.0
Meta_858;107242;1451467.8121666668;0.38888888888888884;109907;348713.1027999999;0.3874635494342989;6;0.0
Meta_859;107242;1451467.8121666668;0.4444444444444444;107242;216057.1987;0.4315211168481272;0;0.0
Meta_860;107242;1451467.8121666668;0.5;107242;216057.1987;0.4315211168481272;0;0.0
Meta_841;107242;1161174.2497333335;0.0;143962;1161443.0951999999;0.19597968647855998;3600;0.2515252698296182
Meta_842;107242;1161174.2497333335;0.05555555555555555;145305;1153789.6293999997;0.2059094184155469;3612;0.3623250660694933
Meta_843;107242;1161174.2497333335;0.1111111111111111;146040;1188604.8269000005;0.20563937845212543;3604;0.5044010722961197
Meta_844;107242;1161174.2497333335;0.16666666666666666;139677;1152396.5966999996;0.20606989659198346;3600;1.0
Meta_865;107242;1741761.3746000002;0.2222222222222222;146199;1573039.9799000002;0.22222212624448853;123;0.0
Meta_866;107242;1741761.3746000002;0.2777777777777778;146149;1553563.6433999992;0.2775034288194091;66;0.0
Meta_867;107242;1741761.3746000002;0.3333333333333333;146172;1579194.656;0.33125117821643757;15;0.0
Meta_868;107242;1741761.3746000002;0.38888888888888884;109907;348713.1027999999;0.3874635494342989;7;0.0
Meta_869;107242;1741761.3746000002;0.4444444444444444;107242;216057.1987;0.4315211168481272;0;0.0
Meta_870;107242;1741761.3746000002;0.5;107242;216057.1987;0.4315211168481272;0;0.0
Meta_845;107242;1161174.2497333335;0.2222222222222222;133001;921338.0466000001;0.2354684154526832;3600;1.0
Meta_851;107242;1451467.8121666668;0.0;149130;1443612.2931;0.18438145518746854;3600;0.13717356314377194
Meta_852;107242;1451467.8121666668;0.05555555555555555;149173;1336883.5025;0.18273567272181201;3600;0.10537861639751957
Meta_853;107242;1451467.8121666668;0.1111111111111111;146363;1333300.8903000006;0.19430664543890308;3600;0.38348103717345183
Meta_854;107242;1451467.8121666668;0.16666666666666666;145041;1291255.9832;0.18865852638614866;3600;1.0
Meta_875;107242;2032054.9370333336;0.2222222222222222;147558;1705535.5765000004;0.2204542547191144;154;0.0
Meta_877;107242;2032054.9370333336;0.3333333333333333;142738;1474573.1629999992;0.3331060551038463;14;0.0
Meta_878;107242;2032054.9370333336;0.38888888888888884;109907;348713.1027999999;0.3874635494342989;7;0.0
Meta_879;107242;2032054.9370333336;0.4444444444444444;107242;216057.1987;0.4315211168481272;0;0.0
Meta_880;107242;2032054.9370333336;0.5;107242;216057.1987;0.4315211168481272;0;0.0
Meta_876;107242;2032054.9370333336;0.2777777777777778;148266;1648038.8376000004;0.2711400031790338;107;0.0
Meta_861;107242;1741761.3746000002;0.0;154314;1583876.6279000002;0.18939119806297214;3600;0.1200969629556232
Meta_862;107242;1741761.3746000002;0.05555555555555555;148769;1599190.7142;0.18478614937942642;3600;0.16656801005842564
Meta_863;107242;1741761.3746000002;0.1111111111111111;149268;1417648.1497;0.20696898578284478;3600;0.47171489880204426
Meta_885;107242;2322348.499466667;0.2222222222222222;150127;1909078.5257999995;0.22075655261339616;18;0.0
Meta_886;107242;2322348.499466667;0.2777777777777778;146232;1639708.5769999996;0.27777733118039605;19;0.0
Meta_887;107242;2322348.499466667;0.3333333333333333;139945;1372669.5210999998;0.333329370254249;27;0.0
Meta_888;107242;2322348.499466667;0.38888888888888884;109907;348713.1027999999;0.3874635494342989;6;0.0
Meta_889;107242;2322348.499466667;0.4444444444444444;107242;216057.1987;0.4315211168481272;0;0.0
Meta_890;107242;2322348.499466667;0.5;107242;216057.1987;0.4315211168481272;0;0.0
Meta_864;107242;1741761.3746000002;0.16666666666666666;144982;1269864.6874;0.207996914875884;3600;1.0
Meta_871;107242;2032054.9370333336;0.0;149529;1593445.0604999997;0.21646508594463426;3600;0.39898465332686534
Meta_872;107242;2032054.9370333336;0.05555555555555555;152644;1530693.0403999998;0.17987336738654608;3600;0.03844369058258897
Meta_873;107242;2032054.9370333336;0.1111111111111111;151799;1579780.0418999998;0.1869690198488142;3600;0.3041036819805035
Meta_895;107242;2612642.0619;0.2222222222222222;155876;1961005.7830000003;0.22092726720515632;38;0.0
Meta_896;107242;2612642.0619;0.2777777777777778;149025;1601590.4689000007;0.27755259246653224;36;0.0
Meta_897;107242;2612642.0619;0.3333333333333333;144106;1591267.0397000005;0.32998393417035116;26;0.0
Meta_898;107242;2612642.0619;0.38888888888888884;109907;348713.1027999999;0.3874635494342989;6;0.0
Meta_899;107242;2612642.0619;0.4444444444444444;107242;216057.1987;0.4315211168481272;0;0.0
Meta_900;107242;2612642.0619;0.5;107242;216057.1987;0.4315211168481272;0;0.0
Meta_874;107242;2032054.9370333336;0.16666666666666666;146050;1376479.2923999997;0.20595607019128562;3600;1.0
Meta_881;107242;2322348.499466667;0.0;152345;1687979.3723;0.21433361948540916;3600;0.3869694490078105
Meta_882;107242;2322348.499466667;0.05555555555555555;151990;1527732.3981;0.18416192194159267;3600;0.18331032268294442
Meta_883;107242;2322348.499466667;0.1111111111111111;150173;1561506.486300001;0.19113134168834234;3600;0.28247703261631774
Meta_884;107242;2322348.499466667;0.16666666666666666;146482;1586735.7679;0.20445012457264827;3600;1.0
Meta_891;107242;2612642.0619;0.0;148390;2082827.1421999992;0.18125683021795197;3600;0.08270818249316322
Meta_892;107242;2612642.0619;0.05555555555555555;148884;1616100.7810999998;0.18250319121775357;3600;0.1057412060626562
Meta_908;99906;0.0;0.38888888888888884;99906;0.0;0.36809460332974125;0;0.0
Meta_909;99906;0.0;0.4444444444444444;99906;0.0;0.36809460332974125;0;0.0
Meta_910;99906;0.0;0.5;99906;0.0;0.36809460332974125;0;0.0
Meta_893;107242;2612642.0619;0.1111111111111111;146244;1529395.5987000004;0.1856777665588057;3600;0.24541710325840085
Meta_894;107242;2612642.0619;0.16666666666666666;148150;1570693.1867000002;0.21220815351536482;3605;1.0
Meta_901;99906;0.0;0.0;126004;702111.0181999999;0.22460458698835273;3600;0.1273949952816057
Meta_902;99906;0.0;0.05555555555555555;126045;690690.8395;0.2219899321872949;3604;0.11361452252912675
Meta_903;99906;0.0;0.1111111111111111;125824;690621.6454000002;0.22452583909823273;3600;0.14013946180664502
Meta_904;99906;0.0;0.16666666666666666;129147;777263.7355;0.21075999305292295;3600;0.17100243223233866
Meta_917;99906;290293.56243333337;0.3333333333333333;109205;246441.93839999998;0.3320602937442638;52;0.0
Meta_918;99906;290293.56243333337;0.38888888888888884;99906;0.0;0.36809460332974125;0;0.0
Meta_919;99906;290293.56243333337;0.4444444444444444;99906;0.0;0.36809460332974125;0;0.0
Meta_920;99906;290293.56243333337;0.5;99906;0.0;0.36809460332974125;0;0.0
Meta_905;99906;0.0;0.2222222222222222;125607;664153.5896000001;0.22635064585621506;3600;0.22671714904849946
Meta_906;99906;0.0;0.2777777777777778;114756;358674.03880000004;0.2779257556571427;3600;0.7547178029254775
Meta_907;99906;0.0;0.3333333333333333;105100;106694.51899999996;0.33334167696591527;3600;0.8995216189961733
Meta_911;99906;290293.56243333337;0.0;128443;745928.3391999999;0.2139616244944576;3600;0.13192559634074727
Meta_912;99906;290293.56243333337;0.05555555555555555;127933;736840.6636999998;0.21528698844168717;3601;0.13843977939833982
Meta_926;99906;580587.1248666667;0.2777777777777778;121163;548639.8219000002;0.2776241158738077;44;0.0
Meta_927;99906;580587.1248666667;0.3333333333333333;120059;580581.0854999997;0.3325364965754548;122;0.0
Meta_928;99906;580587.1248666667;0.38888888888888884;99906;0.0;0.36809460332974125;0;0.0
Meta_929;99906;580587.1248666667;0.4444444444444444;99906;0.0;0.36809460332974125;0;0.0
Meta_930;99906;580587.1248666667;0.5;99906;0.0;0.36809460332974125;0;0.0
Meta_913;99906;290293.56243333337;0.1111111111111111;128662;756723.0914000002;0.21471379108067762;3600;0.16775688763174404
Meta_914;99906;290293.56243333337;0.16666666666666666;132363;838915.6849;0.2105463611528404;3601;0.329690467701525
Meta_915;99906;290293.56243333337;0.2222222222222222;125824;678179.4218999998;0.22384920490086194;3600;0.3672972806607614
Meta_916;99906;290293.56243333337;0.2777777777777778;117283;445655.45690000005;0.27777988800846676;3600;1.0
Meta_921;99906;580587.1248666667;0.0;126859;703856.7586;0.22240867729069314;3600;0.18818371511259174
Meta_922;99906;580587.1248666667;0.05555555555555555;126665;693912.1844000001;0.2230857332410566;3600;0.19580903209870457
Meta_935;99906;870880.6873000001;0.2222222222222222;131663;869599.8481999997;0.22197112829692253;330;0.0
Meta_938;99906;870880.6873000001;0.38888888888888884;99906;0.0;0.36809460332974125;0;0.0
Meta_939;99906;870880.6873000001;0.4444444444444444;99906;0.0;0.36809460332974125;0;0.0
Meta_940;99906;870880.6873000001;0.5;99906;0.0;0.36809460332974125;0;0.0
Meta_937;99906;870880.6873000001;0.3333333333333333;108693;305137.9046;0.3330965009949807;78;0.0
Meta_936;99906;870880.6873000001;0.2777777777777778;127198;850992.5231000003;0.2777668038102952;344;0.0
Meta_923;99906;580587.1248666667;0.1111111111111111;127757;729267.2564999999;0.21743103680198964;3600;0.21838104867694064
Meta_924;99906;580587.1248666667;0.16666666666666666;130767;821641.4903000001;0.20608255974304437;3600;0.4553846315609817
Meta_925;99906;580587.1248666667;0.2222222222222222;127202;709691.8094999999;0.22350247679960422;3603;1.0
Meta_946;99906;1161174.2497333335;0.2777777777777778;137680;1141798.3246000002;0.2773557248402515;75;0.0
Meta_947;99906;1161174.2497333335;0.3333333333333333;118510;606854.9770999999;0.33333003631886327;118;0.0
Meta_948;99906;1161174.2497333335;0.38888888888888884;99906;0.0;0.36809460332974125;0;0.0
Meta_949;99906;1161174.2497333335;0.4444444444444444;99906;0.0;0.36809460332974125;0;0.0
Meta_950;99906;1161174.2497333335;0.5;99906;0.0;0.36809460332974125;0;0.0
Meta_945;99906;1161174.2497333335;0.2222222222222222;137745;1141054.0620000002;0.22222405884058782;331;0.0
Meta_931;99906;870880.6873000001;0.0;134037;897034.8762999999;0.20088933334627124;3600;0.17309441134265485
Meta_932;99906;870880.6873000001;0.05555555555555555;132680;870877.2661000004;0.20259835897505604;3600;0.1699812992723304
Meta_933;99906;870880.6873000001;0.1111111111111111;133557;886945.7384000001;0.19834448004200667;3600;0.20071877069052801
Meta_955;99906;1451467.8121666668;0.2222222222222222;159029;1450297.5872;0.21933468096740905;64;0.0
Meta_956;99906;1451467.8121666668;0.2777777777777778;146443;1304889.5060000003;0.27775477467212323;13;0.0
Meta_934;99906;870880.6873000001;0.16666666666666666;133696;882596.6800000002;0.20302684452347147;3600;0.810842314619011
Meta_958;99906;1451467.8121666668;0.38888888888888884;99906;0.0;0.36809460332974125;0;0.0
Meta_959;99906;1451467.8121666668;0.4444444444444444;99906;0.0;0.36809460332974125;0;0.0
Meta_960;99906;1451467.8121666668;0.5;99906;0.0;0.36809460332974125;0;0.0
Meta_957;99906;1451467.8121666668;0.3333333333333333;149118;1444574.7178000004;0.3162728314452752;99;0.0
Meta_941;99906;1161174.2497333335;0.0;143930;1162694.9342000003;0.18636326831540792;3600;0.15045959713876145
Meta_942;99906;1161174.2497333335;0.05555555555555555;141829;1145100.8858;0.19764807945077786;3600;0.3031496907263454
Meta_943;99906;1161174.2497333335;0.1111111111111111;144569;1152293.5934000004;0.19017692668276584;3600;0.2976691386570787
Meta_965;99906;1741761.3746000002;0.2222222222222222;140505;1268232.3607000005;0.2211812281153881;249;0.0
Meta_966;99906;1741761.3746000002;0.2777777777777778;129667;906435.5663;0.2777002844796712;44;0.0
Meta_967;99906;1741761.3746000002;0.3333333333333333;135500;1273222.6804000002;0.3331166034254188;90;0.0
Meta_968;99906;1741761.3746000002;0.38888888888888884;99906;0.0;0.36809460332974125;0;0.0
Meta_969;99906;1741761.3746000002;0.4444444444444444;99906;0.0;0.36809460332974125;0;0.0
Meta_970;99906;1741761.3746000002;0.5;99906;0.0;0.36809460332974125;0;0.0
Meta_944;99906;1161174.2497333335;0.16666666666666666;141422;1146618.2382999999;0.19877477032380925;3600;1.0
Meta_951;99906;1451467.8121666668;0.0;154416;1449790.5227000003;0.19325580231978046;3600;0.22885458492018415
Meta_952;99906;1451467.8121666668;0.05555555555555555;151011;1451452.7201999994;0.1842582876530571;3600;0.1436465209216285
Meta_953;99906;1451467.8121666668;0.1111111111111111;147820;1263538.6511;0.18171881864181588;3600;0.12106402956055133
Meta_954;99906;1451467.8121666668;0.16666666666666666;144007;1186813.3289000003;0.20124210290245337;3600;1.0
Meta_976;99906;2032054.9370333336;0.2777777777777778;148329;1527056.8042000004;0.27776600000390794;8;0.0
Meta_975;99906;2032054.9370333336;0.2222222222222222;155284;1734261.6383999996;0.22095882376566064;79;0.0
Meta_978;99906;2032054.9370333336;0.38888888888888884;99906;0.0;0.36809460332974125;0;0.0
Meta_979;99906;2032054.9370333336;0.4444444444444444;99906;0.0;0.36809460332974125;0;0.0
Meta_980;99906;2032054.9370333336;0.5;99906;0.0;0.36809460332974125;0;0.0
Meta_977;99906;2032054.9370333336;0.3333333333333333;147259;1524404.3132000004;0.2995361309601847;176;0.0
Meta_961;99906;1741761.3746000002;0.0;146261;1396647.1798000003;0.22166507743491887;3600;0.4267537235703113
Meta_962;99906;1741761.3746000002;0.05555555555555555;149944;1427640.1684;0.1840942930799002;3600;0.13449319037048096
Meta_963;99906;1741761.3746000002;0.1111111111111111;152762;1469812.8712000004;0.18023117211003672;3600;0.06609424623680629
Meta_964;99906;1741761.3746000002;0.16666666666666666;151843;1524694.8858000007;0.2193201848449569;3600;1.0
Meta_986;99906;2322348.499466667;0.2777777777777778;147763;1518727.6961;0.27732153200186105;8;0.0
Meta_987;99906;2322348.499466667;0.3333333333333333;118817;617854.6057999999;0.3318699955938597;167;0.0
Meta_988;99906;2322348.499466667;0.38888888888888884;99906;0.0;0.36809460332974125;0;0.0
Meta_989;99906;2322348.499466667;0.4444444444444444;99906;0.0;0.36809460332974125;0;0.0
Meta_990;99906;2322348.499466667;0.5;99906;0.0;0.36809460332974125;0;0.0
Meta_985;99906;2322348.499466667;0.2222222222222222;148595;1471262.0110000002;0.2216116808251224;277;0.0
Meta_971;99906;2032054.9370333336;0.0;154426;1918322.7829000005;0.18536173732748204;3600;0.08820223688040496
Meta_972;99906;2032054.9370333336;0.05555555555555555;155035;1608314.1175;0.18363143410456045;3600;0.1104782672131466
Meta_973;99906;2032054.9370333336;0.1111111111111111;151576;1775628.9979000005;0.1872350729992751;3600;0.2980914443024638
Meta_974;99906;2032054.9370333336;0.16666666666666666;144851;1517127.6688999997;0.19484234896249625;3600;1.0
Meta_996;99906;2612642.0619;0.2777777777777778;148239;1578275.3965999996;0.27766870704296653;9;0.0
Meta_995;99906;2612642.0619;0.2222222222222222;149400;1560561.8568999998;0.22219124461553835;91;0.0
Meta_998;99906;2612642.0619;0.38888888888888884;99906;0.0;0.36809460332974125;0;0.0
Meta_999;99906;2612642.0619;0.4444444444444444;99906;0.0;0.36809460332974125;0;0.0
Meta_1000;99906;2612642.0619;0.5;99906;0.0;0.36809460332974125;0;0.0
Meta_997;99906;2612642.0619;0.3333333333333333;118063;668255.9974;0.3322641273733656;144;0.0
Meta_981;99906;2322348.499466667;0.0;147581;1568234.9145000007;0.1853721535238123;3600;0.12497548414437798
Meta_982;99906;2322348.499466667;0.05555555555555555;160375;1818941.0420000004;0.19211724759443183;3600;0.25809044471926623
Meta_983;99906;2322348.499466667;0.1111111111111111;149623;1516089.1575999996;0.21429990699823703;3600;0.5286461272468294
Meta_984;99906;2322348.499466667;0.16666666666666666;147252;1587746.5169000002;0.22588168513181558;3600;1.0
Meta_991;99906;2612642.0619;0.0;156331;1705602.7842000008;0.19473908081964936;3600;0.2562681636512523
Meta_992;99906;2612642.0619;0.05555555555555555;150308;1568171.7655999998;0.1790476925326134;3600;0.00913769619467351
Meta_993;99906;2612642.0619;0.1111111111111111;148764;1750235.7715999994;0.19162387580720897;3600;0.35078545734162414
Meta_994;99906;2612642.0619;0.16666666666666666;144505;1441291.6610000003;0.2094730470677177;3600;1.0
