Meta_10;235212;0.0;0.5;215331;134098.95029999997;0.4994656387810195;0;0.0
Meta_1;235212;0.0;0.0;221810;646860.5046210111;0.3831216049167999;3600;0.24643773299729538
Meta_2;235212;0.0;0.05555555555555555;220970;616909.5474909702;0.3834366262924879;3600;0.2812168008255474
Meta_3;235212;0.0;0.1111111111111111;222034;653253.8107385051;0.3832180304132192;3600;0.26533998961750305
Meta_4;235212;0.0;0.16666666666666666;220923;614470.574745495;0.3835572027467234;3600;0.28546831386860333
Meta_5;235212;0.0;0.2222222222222222;219419;509614.2062033094;0.39220130158334493;3600;0.30969728616603726
Meta_6;235212;0.0;0.2777777777777778;220086;587009.8780193884;0.38423640148892674;3600;0.3891142581366771
Meta_7;235212;0.0;0.3333333333333333;219114;516849.0340480776;0.3902083653097618;3600;0.41273782759956795
Meta_8;235212;0.0;0.38888888888888884;218426;472653.59333854495;0.3941475378337878;3600;0.20575968598105346
Meta_9;235212;0.0;0.4444444444444444;216514;226084.82150924046;0.4444401705363566;3600;0.04099067936652714
Meta_20;235212;333800.67855729803;0.5;220597;333795.9003285966;0.49525988535685594;0;0.0
Meta_11;235212;333800.67855729803;0.0;221189;623661.5480693824;0.38689401842978643;3600;0.2720333046359016
Meta_12;235212;333800.67855729803;0.05555555555555555;221102;625980.2756119348;0.3837427044388128;3600;0.2842979346955349
Meta_13;235212;333800.67855729803;0.1111111111111111;218240;518609.4914401022;0.39592226350845044;3600;0.3217800894385908
Meta_14;235212;333800.67855729803;0.16666666666666666;217996;498211.21410030546;0.3909798446968729;3600;0.321272071943918
Meta_15;235212;333800.67855729803;0.2222222222222222;220063;623560.3071708048;0.3837390503605802;3600;0.36147871443778784
Meta_16;235212;333800.67855729803;0.2777777777777778;219775;572322.8044230812;0.3873037863840895;3600;0.44794540761219187
Meta_17;235212;333800.67855729803;0.3333333333333333;219647;566662.2005925165;0.3875665073240957;3600;0.5137876666536644
Meta_18;235212;333800.67855729803;0.38888888888888884;219449;531650.3163439158;0.3889068006056959;3600;0.22480191270935637
Meta_19;235212;333800.67855729803;0.4444444444444444;219806;333799.61663829174;0.444444802704124;3600;0.016354984333181756
Meta_30;235212;667601.3571145961;0.5;227399;667599.7035441458;0.46575495347081597;2;0.0
Meta_21;235212;667601.3571145961;0.0;221180;684087.2484293265;0.3837425902677339;3600;0.27706605856985006
Meta_22;235212;667601.3571145961;0.05555555555555555;221126;670626.1522149872;0.37985885255769075;3600;0.25543133286042147
Meta_23;235212;667601.3571145961;0.1111111111111111;221580;683077.7509209429;0.3801767385302956;3600;0.2859047463499111
Meta_24;235212;667601.3571145961;0.16666666666666666;221255;671642.9131534932;0.380170140593816;3600;0.2975628767516506
Meta_25;235212;667601.3571145961;0.2222222222222222;219405;667478.4596545802;0.377717952597678;3600;0.3015937259924174
Meta_31;235212;1001402.0356718941;0.0;228336;1001433.9234467415;0.382215397933326;3600;0.29264196697309575
Meta_34;235212;1001402.0356718941;0.16666666666666666;228298;1000980.0299943824;0.3823862136561934;3600;0.35884234546729105
Meta_35;235212;1001402.0356718941;0.2222222222222222;225497;1001335.1860539337;0.3785183274124364;3600;0.41097192728384896
Meta_26;235212;667601.3571145961;0.2777777777777778;220265;659424.0205579582;0.3853841253914356;3600;0.4657109033507413
Meta_32;235212;1001402.0356718941;0.05555555555555555;226283;1000992.6835287616;0.3783233728622817;3600;0.27965433271908346
Meta_27;235212;667601.3571145961;0.3333333333333333;220930;667472.9755768093;0.38078931810950617;3600;0.5337330199752491
Meta_33;235212;1001402.0356718941;0.1111111111111111;227091;1001402.0300422492;0.3740552539779719;3600;0.21086282116699773
Meta_36;235212;1001402.0356718941;0.2777777777777778;225753;969110.7648655607;0.3740624984866711;3600;0.3546227030397069
Meta_28;235212;667601.3571145961;0.38888888888888884;223368;667659.9726431548;0.38888802991632515;3600;0.16088298622476987
Meta_29;235212;667601.3571145961;0.4444444444444444;227259;667617.105640825;0.4444441397967064;3600;9.318361979133488E-4
Meta_39;235212;1001402.0356718941;0.4444444444444444;232742;1001398.7153082644;0.4398648974918285;1;0.0
Meta_40;235212;1001402.0356718941;0.5;232742;1001401.6528374037;0.43987055818915205;2;0.0
Meta_38;235212;1001402.0356718941;0.38888888888888884;225753;1001414.4297464191;0.38888910406280547;3600;0.7386734361757009
Meta_42;235212;1335202.7142291921;0.05555555555555555;228643;1306627.2393358068;0.37258978617138727;3600;0.25902091031840424
Meta_37;235212;1001402.0356718941;0.3333333333333333;227152;1001334.7730505868;0.3753159499722466;3600;0.8197767809093376
Meta_41;235212;1335202.7142291921;0.0;231439;1335210.5801183889;0.37820637169402627;3600;0.20613688409122014
Meta_43;235212;1335202.7142291921;0.1111111111111111;228632;1243832.2954075523;0.37263278139795436;3600;0.2887074199568034
Meta_44;235212;1335202.7142291921;0.16666666666666666;230100;1186755.4935221947;0.3796954774163608;3600;0.2936161350952526
Meta_45;235212;1335202.7142291921;0.2222222222222222;229947;1176917.8239993847;0.3799070111796986;3600;0.38570783719903756
Meta_49;235212;1335202.7142291921;0.4444444444444444;234732;1323889.116358718;0.41879295347360934;1;0.0
Meta_50;235212;1335202.7142291921;0.5;234732;1297700.3453587177;0.4187929534736503;1;0.0
Meta_46;235212;1335202.7142291921;0.2777777777777778;231330;1335188.327304376;0.37991121837172587;3600;0.45612813761603715
Meta_47;235212;1335202.7142291921;0.3333333333333333;232427;1322638.548965394;0.38820601688924;3600;0.8986138277330864
Meta_48;235212;1335202.7142291921;0.38888888888888884;232571;1250814.8506199191;0.3888887435955993;3600;0.7477736075870739
Meta_59;235212;1669003.3927864903;0.4444444444444444;235212;1562249.2375587176;0.4041538815294602;3;0.0
Meta_60;235212;1669003.3927864903;0.5;235212;1528768.2848424353;0.4041706954006183;4;0.0
Meta_52;235212;1669003.3927864903;0.05555555555555555;228160;1398708.017279683;0.3721790568529908;3600;0.26508499375531025
Meta_51;235212;1669003.3927864903;0.0;233373;1470281.1125514153;0.3853188137922803;3600;0.21064859750286022
Meta_53;235212;1669003.3927864903;0.1111111111111111;232796;1498659.8901390098;0.38272504195575135;3600;0.27251304134538323
Meta_55;235212;1669003.3927864903;0.2222222222222222;229452;1382378.7573076691;0.37422846971662005;3600;0.43048731561526615
Meta_54;235212;1669003.3927864903;0.16666666666666666;231691;1448895.1953206006;0.37841660140516253;3600;0.29174066814035077
Meta_57;235212;1669003.3927864903;0.3333333333333333;231912;1585493.6651935242;0.37954669369481536;3600;0.9324307397050882
Meta_58;235212;1669003.3927864903;0.38888888888888884;234060;1605061.4722733558;0.38889433520131644;3600;1.0
Meta_56;235212;1669003.3927864903;0.2777777777777778;225611;1662945.4551785835;0.3705519150720819;3600;0.653804261876072
Meta_69;235212;2002804.0713437882;0.4444444444444444;235212;1839645.8187993988;0.4041706954006183;3;0.0
Meta_61;235212;2002804.0713437882;0.0;231097;1685749.1214251402;0.377117211187707;3600;0.2363988079409141
Meta_70;235212;2002804.0713437882;0.5;235212;1917749.0587993993;0.4040787243987879;6;0.0
Meta_62;235212;2002804.0713437882;0.05555555555555555;232595;1934071.2424123446;0.38204061594190897;3600;0.27532021663849926
Meta_65;235212;2002804.0713437882;0.2222222222222222;232225;1576527.9009702916;0.38059100890024444;3600;0.3593447885202669
Meta_63;235212;2002804.0713437882;0.1111111111111111;230397;1431127.8599035747;0.37512344486813237;3600;0.26657505342947885
Meta_64;235212;2002804.0713437882;0.16666666666666666;230146;1594417.774345784;0.3747740124385574;3600;0.32541249931955957
Meta_68;235212;2002804.0713437882;0.38888888888888884;234080;1978932.8242053695;0.3888895795713081;3600;1.0
Meta_66;235212;2002804.0713437882;0.2777777777777778;233544;1457787.629988531;0.3866892994926009;3600;0.6279927530899936
Meta_67;235212;2002804.0713437882;0.3333333333333333;233116;1724461.040808102;0.3839262636931876;3600;0.9124313864306761
Meta_79;235212;2336604.749901086;0.4444444444444444;235212;2261131.3191424343;0.40407015409747954;5;0.0
Meta_80;235212;2336604.749901086;0.5;235212;2155916.084715681;0.4041538815294607;3;0.0
Meta_71;235212;2336604.749901086;0.0;232100;2246490.8916610717;0.3797695565435194;3600;0.23202025930508094
Meta_72;235212;2336604.749901086;0.05555555555555555;228467;1331290.40425668;0.3726294748917934;3600;0.29856682678046825
Meta_73;235212;2336604.749901086;0.1111111111111111;234258;1693237.3708474995;0.39048130379664525;3600;0.309041300164482
Meta_74;235212;2336604.749901086;0.16666666666666666;233759;2166467.5406715185;0.3875330475396167;3600;0.2704789716087554
Meta_75;235212;2336604.749901086;0.2222222222222222;232722;1534066.235439285;0.3824927355770712;3600;0.3301388417207345
Meta_76;235212;2336604.749901086;0.2777777777777778;232359;1634240.70931847;0.38103322364617376;3600;0.550375468954627
Meta_77;235212;2336604.749901086;0.3333333333333333;231110;1569543.9567144655;0.37674610838019207;3600;0.9219852898402865
Meta_78;235212;2336604.749901086;0.38888888888888884;234082;1756499.6621830945;0.38888924312334333;3600;0.9433628318583942
Meta_89;235212;2670405.4284583842;0.4444444444444444;235212;2115875.4501993987;0.4041706954006183;3;0.0
Meta_83;235212;2670405.4284583842;0.1111111111111111;232501;1794458.2526936997;0.38148260957509605;3600;0.29179103621626284
Meta_81;235212;2670405.4284583842;0.0;227825;1351874.858270694;0.3720809800280866;3600;0.29567098014706317
Meta_82;235212;2670405.4284583842;0.05555555555555555;232211;1948641.2298743275;0.38018787786024494;3600;0.2506141462092625
Meta_84;235212;2670405.4284583842;0.16666666666666666;230190;1817191.364031462;0.3754459462861804;3600;0.318639737723607
Meta_90;235212;2670405.4284583842;0.5;235212;2358729.927215682;0.4041706954006183;4;0.0
Meta_85;235212;2670405.4284583842;0.2222222222222222;233361;1568222.61687949;0.38538328931179205;3600;0.2889508459971205
Meta_86;235212;2670405.4284583842;0.2777777777777778;227114;1303304.2946332025;0.3713849976421377;3600;0.6755881220524568
Meta_87;235212;2670405.4284583842;0.3333333333333333;231361;1423846.222295143;0.3774445036332089;3600;0.9169560385273584
Meta_88;235212;2670405.4284583842;0.38888888888888884;234090;2543564.6466298196;0.3888894774260235;3600;1.0
Meta_91;235212;3004206.1070156824;0.0;230995;1567838.1170496221;0.376537486641849;3600;0.23972929091583753
Meta_92;235212;3004206.1070156824;0.05555555555555555;232254;1774653.6527277709;0.38066215639893486;3600;0.33308536956843454
Meta_93;235212;3004206.1070156824;0.1111111111111111;228455;1811390.7559863778;0.37935332303754;3600;0.3909709690892535
Meta_100;235212;3004206.1070156824;0.5;235212;2396507.6892359727;0.4041706954006224;5;0.0
Meta_95;235212;3004206.1070156824;0.2222222222222222;233170;1940023.8195349053;0.3842159048652776;3600;0.33509130293945666
Meta_94;235212;3004206.1070156824;0.16666666666666666;232705;1663374.808083796;0.38208458306825316;3600;0.2744148324269789
Meta_96;235212;3004206.1070156824;0.2777777777777778;231623;1832345.9195696688;0.3784946638962625;3600;0.49896249071453797
Meta_99;235212;3004206.1070156824;0.4444444444444444;235212;2665404.644599398;0.4041538815294526;8;0.0
Meta_97;235212;3004206.1070156824;0.3333333333333333;232651;1883391.116216372;0.3821201996688073;3600;0.9389067349630585
Meta_98;235212;3004206.1070156824;0.38888888888888884;234075;2544269.0951848747;0.3888890427345236;3600;0.974610475702982
Meta_110;226100;0.0;0.5;215331;134098.95029999997;0.4994656387810193;0;0.0
Meta_101;226100;0.0;0.0;222252;629153.2465841856;0.387204044946626;3600;0.29948410688603994
Meta_102;226100;0.0;0.05555555555555555;221357;632842.0330464254;0.38350907607143614;3600;0.2910471566532135
Meta_103;226100;0.0;0.1111111111111111;222948;688926.298063174;0.3838029694990284;3600;0.30654913727088245
Meta_104;226100;0.0;0.16666666666666666;223119;735214.988153434;0.38028669214339367;3600;0.30961068454036983
Meta_105;226100;0.0;0.2222222222222222;220036;534125.8183887278;0.3944226216327893;3600;0.37687904704807973
Meta_107;226100;0.0;0.3333333333333333;220029;583147.5402334009;0.3844364097507897;3600;0.48177818652358323
Meta_108;226100;0.0;0.38888888888888884;217373;455127.32077873143;0.3945404122980274;3600;0.301012665238918
Meta_106;226100;0.0;0.2777777777777778;217283;463436.68128941976;0.39284479014213824;3600;0.46441012144758503
Meta_109;226100;0.0;0.4444444444444444;215555;198173.41863728524;0.4444439784699649;3600;0.05607574945640969
Meta_120;226100;333800.67855729803;0.5;220597;333795.9003285966;0.49525988535719034;1;0.0
Meta_111;226100;333800.67855729803;0.0;221292;631112.2111741091;0.38335018812884003;3600;0.3030328615448827
Meta_112;226100;333800.67855729803;0.05555555555555555;221430;628552.7398397365;0.3836649173565816;3600;0.3347765232422872
Meta_114;226100;333800.67855729803;0.16666666666666666;222110;682347.393938267;0.38334747762935073;3600;0.3609042091874731
Meta_113;226100;333800.67855729803;0.1111111111111111;220574;652560.7797483921;0.38011336188263983;3600;0.33697614867139947
Meta_115;226100;333800.67855729803;0.2222222222222222;221790;637158.8972948143;0.3879748577509145;3600;0.4147720609562658
Meta_116;226100;333800.67855729803;0.2777777777777778;221299;598971.9570340121;0.38694476498837715;3600;0.416043112875503
Meta_118;226100;333800.67855729803;0.38888888888888884;219013;495135.969171557;0.39308638059727374;3600;0.3993041442030565
Meta_117;226100;333800.67855729803;0.3333333333333333;218079;480607.03121097496;0.39393304265050244;3600;0.6332929700899385
Meta_119;226100;333800.67855729803;0.4444444444444444;219783;333804.620772563;0.44444438174852313;3600;0.06325960307996796
Meta_130;226100;667601.3571145961;0.5;226100;662563.4259297043;0.4762355119515593;0;0.0
Meta_121;226100;667601.3571145961;0.0;220869;667621.855887747;0.3819361374325066;3600;0.2987007493387093
Meta_122;226100;667601.3571145961;0.05555555555555555;221788;692036.5720575136;0.3799334259881089;3600;0.29121787112715836
Meta_129;226100;667601.3571145961;0.4444444444444444;226123;667543.8794992364;0.4444440871416964;27;0.0
Meta_123;226100;667601.3571145961;0.1111111111111111;221467;678680.003964113;0.37998429360114594;3600;0.2953191273785242
Meta_124;226100;667601.3571145961;0.16666666666666666;221732;686234.0760147058;0.38216933099544026;3600;0.4133365737480017
Meta_126;226100;667601.3571145961;0.2777777777777778;218799;667575.0379153783;0.38182968029233216;3600;0.5761557335014321
Meta_125;226100;667601.3571145961;0.2222222222222222;218680;667738.6440722765;0.38255322676184933;3600;0.4075520874645556
Meta_127;226100;667601.3571145961;0.3333333333333333;220248;667584.9596172792;0.38248101640885074;3600;0.901796871174466
Meta_128;226100;667601.3571145961;0.38888888888888884;222130;663637.2617765423;0.3891194282307491;3600;1.0
Meta_131;226100;1001402.0356718941;0.0;226099;1001399.5636674392;0.3733175283553703;3600;0.22944177190967682
Meta_140;226100;1001402.0356718941;0.5;226100;1001399.5645074305;0.4727093134732124;2;0.0
Meta_139;226100;1001402.0356718941;0.4444444444444444;226100;998290.9311119652;0.44213221446921586;3;0.0
Meta_132;226100;1001402.0356718941;0.05555555555555555;226100;993751.8151585622;0.3727401827090509;3600;0.23828272399711076
Meta_133;226100;1001402.0356718941;0.1111111111111111;226100;994891.5128726684;0.3727555584194746;3600;0.3271393922287342
Meta_134;226100;1001402.0356718941;0.16666666666666666;226101;1000389.6068227642;0.3748388840093032;3600;0.3058947278873859
Meta_138;226100;1001402.0356718941;0.38888888888888884;226118;1000713.3585426054;0.3888867110810263;74;0.0
Meta_135;226100;1001402.0356718941;0.2222222222222222;226098;1001206.7608489677;0.3729638796940069;3600;0.40613901682695075
Meta_136;226100;1001402.0356718941;0.2777777777777778;222891;943727.7829871004;0.3773075854321394;3600;0.804220728902289
Meta_137;226100;1001402.0356718941;0.3333333333333333;226100;977785.7857837584;0.3731155238181244;3600;1.0
Meta_150;226100;1335202.7142291921;0.5;226100;955572.9247074305;0.47072836155979947;1;0.0
Meta_149;226100;1335202.7142291921;0.4444444444444444;227134;1323501.274792919;0.44436011838912115;3;0.0
Meta_141;226100;1335202.7142291921;0.0;226100;1180868.8243488523;0.3679064925293462;3600;0.2802352685357958
Meta_142;226100;1335202.7142291921;0.05555555555555555;226094;1165542.9997471771;0.36980241530184066;3600;0.34384936834244606
Meta_143;226100;1335202.7142291921;0.1111111111111111;226100;1185497.6605830172;0.36826766309506664;3600;0.3684629200628065
Meta_144;226100;1335202.7142291921;0.16666666666666666;225116;1335281.476492944;0.3663258435278618;3600;0.48229335495661013
Meta_145;226100;1335202.7142291921;0.2222222222222222;226105;1199773.1144989338;0.37347405511286375;3600;0.5501580885088616
Meta_146;226100;1335202.7142291921;0.2777777777777778;226104;1252819.9085229558;0.37035710789669185;3600;0.6338260732167684
Meta_147;226100;1335202.7142291921;0.3333333333333333;226081;1180768.7576525789;0.37015057488444536;3600;1.0
Meta_159;226100;1669003.3927864903;0.4444444444444444;226107;1344867.3680242766;0.4437599892407813;3;0.0
Meta_158;226100;1669003.3927864903;0.38888888888888884;226208;1379146.731149978;0.3888675178301549;47;0.0
Meta_160;226100;1669003.3927864903;0.5;226100;1319787.6441265019;0.4495071432012084;0;0.0
Meta_148;226100;1335202.7142291921;0.38888888888888884;226119;1067128.0768221368;0.38887652148385415;271;0.0
Meta_151;226100;1669003.3927864903;0.0;226100;1317152.0462456672;0.36845299209987775;3600;0.27040423731688534
Meta_152;226100;1669003.3927864903;0.05555555555555555;226102;1173093.3540772826;0.3688102880154494;3600;0.3878717227319299
Meta_153;226100;1669003.3927864903;0.1111111111111111;226100;1426605.931675934;0.3703349157986095;3600;0.3410142429263591
Meta_155;226100;1669003.3927864903;0.2222222222222222;226101;1456508.795102571;0.37089536523263766;3600;0.4771136633720826
Meta_154;226100;1669003.3927864903;0.16666666666666666;226065;1361205.2720703885;0.37018153491834654;3600;0.5031675186715914
Meta_156;226100;1669003.3927864903;0.2777777777777778;226100;1494859.064852312;0.3695506002549614;3600;0.6990443108119364
Meta_157;226100;1669003.3927864903;0.3333333333333333;226007;1455314.3964035755;0.36755284712592684;3600;1.0
Meta_169;226100;2002804.0713437882;0.4444444444444444;226100;1544268.331718927;0.44443416901996347;2;0.0
Meta_170;226100;2002804.0713437882;0.5;226100;1261248.8517998764;0.45383179172420324;1;0.0
Meta_161;226100;2002804.0713437882;0.0;226100;1768566.6898515709;0.3695640982901111;3600;0.32269870137274803
Meta_162;226100;2002804.0713437882;0.05555555555555555;225971;1442747.916495981;0.37038256065028163;3600;0.39668874802585496
Meta_168;226100;2002804.0713437882;0.38888888888888884;226209;1770625.8584626564;0.3888822532663362;194;0.0
Meta_163;226100;2002804.0713437882;0.1111111111111111;226093;1275452.5571907144;0.3697695054451863;3600;0.3836521137109358
Meta_164;226100;2002804.0713437882;0.16666666666666666;226103;1590030.0033273778;0.36938044189290214;3600;0.464657779804787
Meta_165;226100;2002804.0713437882;0.2222222222222222;226100;1689160.8385661987;0.37113933805762656;3600;0.48487652376849955
Meta_166;226100;2002804.0713437882;0.2777777777777778;226101;1316247.7798761441;0.36857895842123317;3600;0.6555092509366263
Meta_167;226100;2002804.0713437882;0.3333333333333333;226100;1570059.5286237472;0.36789473930901123;3600;1.0
Meta_179;226100;2336604.749901086;0.4444444444444444;226100;1884162.358853359;0.4444319357982197;3;0.0
Meta_180;226100;2336604.749901086;0.5;226100;1163545.871060685;0.4661182076302275;1;0.0
Meta_171;226100;2336604.749901086;0.0;226100;1640012.7343889468;0.36810280331397843;3600;0.32684994476095525
Meta_172;226100;2336604.749901086;0.05555555555555555;226100;1229516.052742303;0.3680740592894165;3600;0.3446760917672491
Meta_173;226100;2336604.749901086;0.1111111111111111;226099;1619205.981495443;0.3697946030583201;3600;0.4093962195875399
Meta_174;226100;2336604.749901086;0.16666666666666666;226094;1252073.8936068264;0.3689746037720222;3600;0.4680141755871115
Meta_175;226100;2336604.749901086;0.2222222222222222;226100;1172405.906134249;0.3680019330703118;3600;0.40499151673245587
Meta_176;226100;2336604.749901086;0.2777777777777778;226107;1513309.6099707608;0.3695164072093471;3600;0.7177597044172164
Meta_188;226100;2670405.4284583842;0.38888888888888884;229781;1558059.3224322314;0.3885736072885575;209;0.0
Meta_189;226100;2670405.4284583842;0.4444444444444444;227970;1417268.064122265;0.44442808349214313;5;0.0
Meta_190;226100;2670405.4284583842;0.5;226100;1163545.871060685;0.4661182076302275;1;0.0
Meta_178;226100;2336604.749901086;0.38888888888888884;226139;1353041.3670263672;0.38888894259622875;1147;0.0
Meta_177;226100;2336604.749901086;0.3333333333333333;226100;1193181.5700837446;0.3686874539777231;3600;1.0
Meta_182;226100;2670405.4284583842;0.05555555555555555;224343;1907045.2692164788;0.3716712556163422;3600;0.39346667409971137
Meta_181;226100;2670405.4284583842;0.0;226100;1232974.4580028385;0.36798548447052803;3600;0.3201963438129917
Meta_183;226100;2670405.4284583842;0.1111111111111111;225574;1460742.3271858543;0.3670122858901541;3600;0.35120330650158155
Meta_184;226100;2670405.4284583842;0.16666666666666666;226101;1434384.3986747903;0.3703887469635399;3600;0.49228433193637544
Meta_185;226100;2670405.4284583842;0.2222222222222222;226099;1814116.6221478316;0.37001433343886986;3600;0.5314593088165902
Meta_186;226100;2670405.4284583842;0.2777777777777778;226100;1671568.8371901147;0.3684005176893622;3600;0.5511814968712753
Meta_199;226100;3004206.1070156824;0.4444444444444444;227970;1417268.064122265;0.44442808349214313;5;0.0
Meta_200;226100;3004206.1070156824;0.5;226100;1163545.871060685;0.4661182076302275;1;0.0
Meta_198;226100;3004206.1070156824;0.38888888888888884;226100;1781769.2933275981;0.3888812343563877;61;0.0
Meta_187;226100;2670405.4284583842;0.3333333333333333;226100;1864036.441439235;0.37072815545341814;3600;1.0
Meta_191;226100;3004206.1070156824;0.0;226100;1266896.0972786858;0.368043846159824;3600;0.26591780227336154
Meta_192;226100;3004206.1070156824;0.05555555555555555;225684;1811276.8454187836;0.369707453901307;3600;0.3900748380815264
Meta_193;226100;3004206.1070156824;0.1111111111111111;226114;1566163.7072675664;0.3687289354595033;3600;0.3680151610996304
Meta_194;226100;3004206.1070156824;0.16666666666666666;226100;1376595.1980236957;0.3694656385615373;3600;0.43355170819317557
Meta_195;226100;3004206.1070156824;0.2222222222222222;226100;1285026.331586281;0.368464729856985;3600;0.47192152852711444
Meta_196;226100;3004206.1070156824;0.2777777777777778;226101;1238075.686573319;0.3684716837309215;3600;0.6186455931879916
Meta_197;226100;3004206.1070156824;0.3333333333333333;226103;1493110.466412441;0.36830555135746607;3600;1.0
Meta_210;216989;0.0;0.5;215331;134098.95029999997;0.4994656387810195;1;0.0
Meta_201;216989;0.0;0.0;216989;545226.0339669824;0.3842163466364494;3600;0.2873429893629593
Meta_202;216989;0.0;0.05555555555555555;217093;681370.6945981584;0.3753786801119373;3600;0.3447289111620404
Meta_203;216989;0.0;0.1111111111111111;216962;454990.62181673036;0.394469818968704;3600;0.3690485189934271
Meta_204;216989;0.0;0.16666666666666666;216989;597850.0842551006;0.3819246040647329;3600;0.3694177440031182
Meta_205;216989;0.0;0.2222222222222222;216990;460975.03408277227;0.39320500978982886;3600;0.44964509853054413
Meta_206;216989;0.0;0.2777777777777778;216992;577328.7333031663;0.3828202684019786;3600;0.5262262128783871
Meta_208;216989;0.0;0.38888888888888884;216989;432083.6799902298;0.39665632322100997;3600;0.46674421548326483
Meta_207;216989;0.0;0.3333333333333333;216989;549229.7157099526;0.3835410737671284;3600;0.6105349047542081
Meta_209;216989;0.0;0.4444444444444444;214793;182724.39660939339;0.4444116112487889;3600;0.13306147093839477
Meta_220;216989;333800.67855729803;0.5;216989;330632.5839532542;0.4980861446346746;1;0.0
Meta_211;216989;333800.67855729803;0.0;216992;538793.9760325874;0.3865404604054528;3600;0.3536460853273981
Meta_219;216989;333800.67855729803;0.4444444444444444;216996;326339.7428942617;0.4444156099536372;62;0.0
Meta_212;216989;333800.67855729803;0.05555555555555555;216989;571397.4231929604;0.3844482031932572;3600;0.3990917880296325
Meta_213;216989;333800.67855729803;0.1111111111111111;217140;579165.5028362637;0.38290287484350427;3600;0.38837132269749836
Meta_214;216989;333800.67855729803;0.16666666666666666;217061;488967.2856039164;0.39061236643274866;3600;0.4214291558902541
Meta_215;216989;333800.67855729803;0.2222222222222222;216989;468518.93107762287;0.39126681891409165;3600;0.46454633982450205
Meta_216;216989;333800.67855729803;0.2777777777777778;216989;624468.8083932617;0.3820011584865995;3600;0.6194291568316459
Meta_217;216989;333800.67855729803;0.3333333333333333;216997;524453.9631000548;0.3859475172290516;3600;0.9923833445772592
Meta_218;216989;333800.67855729803;0.38888888888888884;216987;462128.66407270293;0.3917876574774397;3600;1.0
Meta_221;216989;667601.3571145961;0.0;216978;717685.5788505719;0.3762868625538364;3600;0.4106678962127094
Meta_230;216989;667601.3571145961;0.5;216989;581081.2534532541;0.49415898761695;0;0.0
Meta_222;216989;667601.3571145961;0.05555555555555555;216989;687499.9791857012;0.37595530851614467;3600;0.34643288953308554
Meta_229;216989;667601.3571145961;0.4444444444444444;217411;663407.5050394192;0.4444444165454023;12;0.0
Meta_223;216989;667601.3571145961;0.1111111111111111;216989;663479.6750003861;0.37606433570386716;3600;0.4106004425968608
Meta_224;216989;667601.3571145961;0.16666666666666666;217032;709751.1112304378;0.3756786523485276;3600;0.4837228341038414
Meta_225;216989;667601.3571145961;0.2222222222222222;217592;680587.0624706736;0.37880845423654613;3600;0.6169598649772248
Meta_226;216989;667601.3571145961;0.2777777777777778;216990;685076.8416450681;0.37681743497768294;3600;0.8446540973614843
Meta_238;216989;1001402.0356718941;0.38888888888888884;217289;923670.0272989783;0.3888423804182149;196;0.0
Meta_239;216989;1001402.0356718941;0.4444444444444444;217039;1001354.5192877878;0.44444489864800246;12;0.0
Meta_240;216989;1001402.0356718941;0.5;216989;581081.2534532541;0.49415898761695;0;0.0
Meta_228;216989;667601.3571145961;0.38888888888888884;217007;667560.0011811658;0.3888679274950056;2888;0.0
Meta_227;216989;667601.3571145961;0.3333333333333333;217060;663704.8179613827;0.37744543950855114;3600;1.0
Meta_232;216989;1001402.0356718941;0.05555555555555555;216990;853972.9538819375;0.3821748587832939;3600;0.4749547982890821
Meta_231;216989;1001402.0356718941;0.0;216539;1001400.52123222;0.3826265812785024;3600;0.47664026228026
Meta_233;216989;1001402.0356718941;0.1111111111111111;217143;963427.2307615255;0.37961392057608356;3600;0.5110977256604174
Meta_234;216989;1001402.0356718941;0.16666666666666666;217079;942877.884284746;0.3694194443538397;3600;0.5236582497502573
Meta_235;216989;1001402.0356718941;0.2222222222222222;217303;998922.7445767128;0.37194447111379636;3600;0.6272347610716112
Meta_236;216989;1001402.0356718941;0.2777777777777778;217585;1001374.1686511717;0.36526934192841987;3600;0.9049178857040351
Meta_249;216989;1335202.7142291921;0.4444444444444444;216990;1254847.2275119973;0.444401432891254;11;0.0
Meta_250;216989;1335202.7142291921;0.5;216989;581081.2534532541;0.49415898761695;0;0.0
Meta_237;216989;1001402.0356718941;0.3333333333333333;216989;1001392.9816223938;0.36155041804889004;3600;1.0
Meta_241;216989;1335202.7142291921;0.0;216989;1068219.9669662144;0.36358771696442976;3600;0.3747074340555324
Meta_242;216989;1335202.7142291921;0.05555555555555555;216989;1288602.5627332777;0.35727816938233536;3600;0.38172808967840305
Meta_243;216989;1335202.7142291921;0.1111111111111111;216989;1255459.0065657126;0.36095875789849885;3600;0.44931344162108694
Meta_248;216989;1335202.7142291921;0.38888888888888884;217052;1139966.6593934759;0.3887570757067708;1442;0.0
Meta_245;216989;1335202.7142291921;0.2222222222222222;217016;1333956.014910484;0.36423822104485376;3600;0.5973138768777662
Meta_244;216989;1335202.7142291921;0.16666666666666666;216988;1126114.433412378;0.3729732427911793;3600;0.554572430383433
Meta_246;216989;1335202.7142291921;0.2777777777777778;217949;1261400.695715357;0.3649125845032796;3600;0.9344529995641988
Meta_247;216989;1335202.7142291921;0.3333333333333333;216993;1311443.7464719124;0.364782736349584;3600;1.0
Meta_260;216989;1669003.3927864903;0.5;216989;581081.2534532541;0.49415898761695;0;0.0
Meta_259;216989;1669003.3927864903;0.4444444444444444;216989;945338.4642390531;0.4443668133580416;3;0.0
Meta_251;216989;1669003.3927864903;0.0;217487;1147277.925522556;0.36193500155180885;3600;0.39274643480410987
Meta_252;216989;1669003.3927864903;0.05555555555555555;216978;1648974.959844338;0.35882401376853335;3600;0.40775601200115386
Meta_253;216989;1669003.3927864903;0.1111111111111111;217595;1482788.478609542;0.3641643688652997;3600;0.43436662496371087
Meta_254;216989;1669003.3927864903;0.16666666666666666;217258;1528587.2070649792;0.3586301381808326;3600;0.4959919590667955
Meta_258;216989;1669003.3927864903;0.38888888888888884;221885;1427753.468134002;0.38876960643402325;461;0.0
Meta_255;216989;1669003.3927864903;0.2222222222222222;217200;1437830.7929462432;0.35878982857290026;3600;0.5645054188165904
Meta_268;216989;2002804.0713437882;0.38888888888888884;217019;1410342.9544341122;0.38887170411865457;401;0.0
Meta_269;216989;2002804.0713437882;0.4444444444444444;217788;966932.1526847834;0.4444092103917214;4;0.0
Meta_270;216989;2002804.0713437882;0.5;216989;581081.2534532541;0.49415898761695;0;0.0
Meta_256;216989;1669003.3927864903;0.2777777777777778;217066;1644777.8699041465;0.37641191469609653;3600;0.9271972624512669
Meta_257;216989;1669003.3927864903;0.3333333333333333;217507;1505237.5782978584;0.362542593336657;3600;1.0
Meta_261;216989;2002804.0713437882;0.0;216989;1594092.630645777;0.3576973527280669;3600;0.3848766409852034
Meta_262;216989;2002804.0713437882;0.05555555555555555;216988;1209300.7371499143;0.36489494436883163;3600;0.4321479164500653
Meta_263;216989;2002804.0713437882;0.1111111111111111;216989;1642926.0355248128;0.36096992586372595;3600;0.3654047727627994
Meta_264;216989;2002804.0713437882;0.16666666666666666;216989;1332367.1358440649;0.36136046640405095;3600;0.4107596448162085
Meta_265;216989;2002804.0713437882;0.2222222222222222;217019;1215206.3973677428;0.37072675324119564;3600;0.6166859376112235
Meta_266;216989;2002804.0713437882;0.2777777777777778;216989;1466762.2915157222;0.36192823019732706;3600;0.8841874453775366
Meta_279;216989;2336604.749901086;0.4444444444444444;217626;1010819.4332312426;0.44443303329301276;3;0.0
Meta_280;216989;2336604.749901086;0.5;216989;581081.2534532541;0.49415898761695;0;0.0
Meta_267;216989;2002804.0713437882;0.3333333333333333;217011;1447454.1524887644;0.3675175647501965;3600;1.0
Meta_278;216989;2336604.749901086;0.38888888888888884;219893;1390877.9227331467;0.3888822604658405;221;0.0
Meta_271;216989;2336604.749901086;0.0;217621;1198964.7250451967;0.3637728830472457;3600;0.39346019161100576
Meta_272;216989;2336604.749901086;0.05555555555555555;217070;1728057.3696498703;0.36228983643727936;3600;0.41692344228165296
Meta_273;216989;2336604.749901086;0.1111111111111111;216989;1201931.4400188571;0.36107398032020516;3600;0.38411923898090666
Meta_274;216989;2336604.749901086;0.16666666666666666;216989;2201777.5278005837;0.36959144769611124;3600;0.5200383614713322
Meta_275;216989;2336604.749901086;0.2222222222222222;216868;1302938.795583946;0.36844415694260624;3600;0.6019263263790505
Meta_288;216989;2670405.4284583842;0.38888888888888884;217169;1814086.778983316;0.38883492301328837;36;0.0
Meta_289;216989;2670405.4284583842;0.4444444444444444;217626;1010819.4332312426;0.44443303329301276;4;0.0
Meta_290;216989;2670405.4284583842;0.5;216989;581081.2534532541;0.49415898761695;0;0.0
Meta_276;216989;2336604.749901086;0.2777777777777778;216990;2097338.102669659;0.3584615948377021;3600;0.9406950419002027
Meta_277;216989;2336604.749901086;0.3333333333333333;216994;1429820.2428328004;0.3715435479339128;3600;1.0
Meta_281;216989;2670405.4284583842;0.0;216987;1853952.3384609916;0.3720523633370981;3600;0.43744883388334255
Meta_282;216989;2670405.4284583842;0.05555555555555555;216989;1607107.9364266675;0.36163718464305517;3600;0.4020178599550681
Meta_283;216989;2670405.4284583842;0.1111111111111111;216989;1453949.8504628318;0.35933651939939115;3600;0.34567024895191983
Meta_284;216989;2670405.4284583842;0.16666666666666666;217005;2480170.2943512294;0.37526231391207593;3600;0.5402624866111134
Meta_285;216989;2670405.4284583842;0.2222222222222222;216989;2133862.814619287;0.35813897592870636;3600;0.5320716834707684
Meta_298;216989;3004206.1070156824;0.38888888888888884;216991;1588842.9387728747;0.3883387669946696;135;0.0
Meta_299;216989;3004206.1070156824;0.4444444444444444;217626;1010819.4332312426;0.44443303329301276;3;0.0
Meta_300;216989;3004206.1070156824;0.5;216989;581081.2534532541;0.49415898761695;0;0.0
Meta_286;216989;2670405.4284583842;0.2777777777777778;215884;1690066.102711691;0.35767416032528815;3600;0.8525563571634832
Meta_287;216989;2670405.4284583842;0.3333333333333333;217009;1410936.8277464511;0.3678774168550891;3600;1.0
Meta_291;216989;3004206.1070156824;0.0;216994;1700105.5011783417;0.35964590281828024;3600;0.38426167416818113
Meta_292;216989;3004206.1070156824;0.05555555555555555;216989;2086502.2147212652;0.3674422429758577;3600;0.44070797858874944
Meta_293;216989;3004206.1070156824;0.1111111111111111;217350;1737393.7227868694;0.36302914939325526;3600;0.3752162102475687
Meta_294;216989;3004206.1070156824;0.16666666666666666;216692;1867688.422618172;0.3584620345997995;3600;0.38359208089066155
Meta_295;216989;3004206.1070156824;0.2222222222222222;216993;1172082.652080704;0.3618406049889441;3600;0.5372102539220505
Meta_296;216989;3004206.1070156824;0.2777777777777778;216990;1159133.577476941;0.36174164809361525;3600;0.8255511710419775
Meta_297;216989;3004206.1070156824;0.3333333333333333;216989;1699951.8137398562;0.3623853190916855;3600;1.0
Meta_310;207878;0.0;0.5;208011;0.0;0.4912187204183864;1;0.0
Meta_301;207878;0.0;0.0;207888;431226.53394119855;0.39252889810029984;3600;0.44064712017056484
Meta_302;207878;0.0;0.05555555555555555;207736;410307.7857961735;0.3971107744207444;3600;0.46846849760183545
Meta_303;207878;0.0;0.1111111111111111;209614;515711.5235417255;0.3834917119717517;3600;0.4057467791985718
Meta_304;207878;0.0;0.16666666666666666;207876;415272.91601873416;0.3956172649783222;3600;0.5321375479031397
Meta_305;207878;0.0;0.2222222222222222;207879;595571.9446277836;0.38166388891351144;3600;0.6132083922576779
Meta_306;207878;0.0;0.2777777777777778;208420;480220.1721032996;0.38830311179501104;3600;0.7647568407868914
Meta_307;207878;0.0;0.3333333333333333;208240;507018.6308078378;0.3850298175932349;3600;0.8538085731165416
Meta_308;207878;0.0;0.38888888888888884;208130;373563.9158488448;0.39878653413410503;3600;0.8561777836488824
Meta_319;207878;333800.67855729803;0.4444444444444444;207912;295670.77756766457;0.4442804495071926;74;0.0
Meta_320;207878;333800.67855729803;0.5;207878;325235.44130707916;0.49594026748331455;1;0.0
Meta_309;207878;0.0;0.4444444444444444;208167;119220.24210825354;0.4444424687968777;3600;0.8055435727190566
Meta_311;207878;333800.67855729803;0.0;208088;685298.6683847132;0.37138089338222413;3600;0.48575752931205163
Meta_312;207878;333800.67855729803;0.05555555555555555;209331;605688.6033299018;0.3792318992226517;3600;0.506444404143245
Meta_313;207878;333800.67855729803;0.1111111111111111;208162;585442.7849537688;0.3767833164074329;3600;0.5303824103413716
Meta_314;207878;333800.67855729803;0.16666666666666666;208333;575580.8988423683;0.3775591901133987;3600;0.5876907750059404
Meta_315;207878;333800.67855729803;0.2222222222222222;208042;553689.0111967545;0.38483197309607975;3600;0.7142203104096604
Meta_316;207878;333800.67855729803;0.2777777777777778;208003;528098.8259150678;0.3822561572512499;3600;1.0
Meta_317;207878;333800.67855729803;0.3333333333333333;208832;516720.09157600853;0.3834750887985561;3600;1.0
Meta_329;207878;667601.3571145961;0.4444444444444444;207974;577974.4066639156;0.44138444084060274;9;0.0
Meta_330;207878;667601.3571145961;0.5;207878;434461.0762376204;0.4959402674833407;0;0.0
Meta_318;207878;333800.67855729803;0.38888888888888884;208156;365527.5330198019;0.40567212226838684;3600;1.0
Meta_321;207878;667601.3571145961;0.0;209454;667349.1015001439;0.38739408951641374;3600;0.4942988580802679
Meta_322;207878;667601.3571145961;0.05555555555555555;208528;667527.6047232937;0.37350013516118935;3600;0.3992898150094037
Meta_323;207878;667601.3571145961;0.1111111111111111;209803;654678.9094568592;0.38728631169697614;3600;0.5612613898677643
Meta_324;207878;667601.3571145961;0.16666666666666666;212625;668354.0047173925;0.3806030312015222;3600;0.6050822392433738
Meta_328;207878;667601.3571145961;0.38888888888888884;208462;652495.5006578929;0.3887778504101185;1926;0.0
Meta_325;207878;667601.3571145961;0.2222222222222222;208499;691191.207840128;0.3746474090923911;3600;0.6917108205334963
Meta_326;207878;667601.3571145961;0.2777777777777778;208597;666872.617811681;0.3807767746600483;3600;1.0
Meta_339;207878;1001402.0356718941;0.4444444444444444;207880;574674.1234440486;0.4443795237244587;8;0.0
Meta_340;207878;1001402.0356718941;0.5;207878;434461.0762376204;0.4959402674833407;0;0.0
Meta_327;207878;667601.3571145961;0.3333333333333333;209148;667575.2607995146;0.3721678572589774;3600;1.0
Meta_338;207878;1001402.0356718941;0.38888888888888884;207902;980642.0680316923;0.3888891559180529;87;0.0
Meta_331;207878;1001402.0356718941;0.0;207951;996845.1819127669;0.35922555455906213;3600;0.3927509449275856
Meta_332;207878;1001402.0356718941;0.05555555555555555;207878;1001374.7031253022;0.3633159008076744;3600;0.39558452644720793
Meta_333;207878;1001402.0356718941;0.1111111111111111;207880;941510.5275179945;0.35991260477511017;3600;0.41088988232130036
Meta_334;207878;1001402.0356718941;0.16666666666666666;208236;1001075.5425588856;0.3580208131267316;3600;0.4393265515672242
Meta_335;207878;1001402.0356718941;0.2222222222222222;209519;1000990.3560095938;0.366675213999635;3600;0.73848486435503
Meta_336;207878;1001402.0356718941;0.2777777777777778;208256;975718.8880163595;0.36528644317472686;3600;1.0
Meta_349;207878;1335202.7142291921;0.4444444444444444;207884;1136940.9090143926;0.44439550906474057;7;0.0
Meta_350;207878;1335202.7142291921;0.5;207878;434461.0762376204;0.4959402674833407;0;0.0
Meta_348;207878;1335202.7142291921;0.38888888888888884;211787;1177823.8521930582;0.3888398654981882;876;0.0
Meta_337;207878;1001402.0356718941;0.3333333333333333;207992;998480.4708061238;0.37948220030454843;3600;1.0
Meta_341;207878;1335202.7142291921;0.0;207900;1299573.2165845835;0.35613028698265975;3600;0.444336083284917
Meta_342;207878;1335202.7142291921;0.05555555555555555;209038;1335087.1421252873;0.35697728434096077;3600;0.39951377316605413
Meta_343;207878;1335202.7142291921;0.1111111111111111;207881;1152671.6275525594;0.3646929650206495;3600;0.5461021160337959
Meta_344;207878;1335202.7142291921;0.16666666666666666;207878;1335166.23097109;0.3534537634861419;3600;0.4126427744922653
Meta_345;207878;1335202.7142291921;0.2222222222222222;207875;1306722.277291703;0.36163635848944614;3600;0.66381911763234
Meta_346;207878;1335202.7142291921;0.2777777777777778;207883;1300592.0626425773;0.35921909162656296;3600;1.0
Meta_359;207878;1669003.3927864903;0.4444444444444444;209710;723870.9585652519;0.44444534800344104;46;0.0
Meta_360;207878;1669003.3927864903;0.5;207878;434461.0762376204;0.4959402674833407;0;0.0
Meta_347;207878;1335202.7142291921;0.3333333333333333;208042;1181025.1793170632;0.359090737369545;3600;1.0
Meta_358;207878;1669003.3927864903;0.38888888888888884;208408;1406491.0298557489;0.38888214153374007;846;0.0
Meta_351;207878;1669003.3927864903;0.0;207878;1391983.6539685987;0.3532458957101115;3600;0.4038799791356418
Meta_352;207878;1669003.3927864903;0.05555555555555555;207942;1530417.085697462;0.35034810321752785;3600;0.3204070252655082
Meta_353;207878;1669003.3927864903;0.1111111111111111;207876;1461594.515469749;0.35991769041369853;3600;0.44142746149333584
Meta_354;207878;1669003.3927864903;0.16666666666666666;207878;1402159.7340068002;0.35356996373407945;3600;0.5535453368216302
Meta_355;207878;1669003.3927864903;0.2222222222222222;207850;1634093.612233238;0.3596467887564881;3600;0.6456449488336544
Meta_356;207878;1669003.3927864903;0.2777777777777778;207756;1406983.4071167044;0.3552461359971044;3600;1.0
Meta_357;207878;1669003.3927864903;0.3333333333333333;207878;1582879.8778872818;0.35844560329885233;3600;1.0
Meta_370;207878;2002804.0713437882;0.5;207878;434461.0762376204;0.4959402674833407;0;0.0
Meta_369;207878;2002804.0713437882;0.4444444444444444;207929;1601413.6188480721;0.44391177835184636;93;0.0
Meta_368;207878;2002804.0713437882;0.38888888888888884;207955;1321781.2479564662;0.38888946362499116;186;0.0
Meta_361;207878;2002804.0713437882;0.0;207878;1202720.2141394995;0.3544559097012681;3600;0.42427158992706965
Meta_362;207878;2002804.0713437882;0.05555555555555555;207882;1347001.4668384746;0.3530880018097284;3600;0.44251039414497306
Meta_363;207878;2002804.0713437882;0.1111111111111111;207878;1717660.2680929492;0.3833610729024465;3600;0.5569634238987723
Meta_364;207878;2002804.0713437882;0.16666666666666666;207888;1786934.3933168445;0.36463926075667713;3600;0.5697501782461598
Meta_365;207878;2002804.0713437882;0.2222222222222222;208273;1874499.465506255;0.36517987571761396;3600;0.6975126678806602
Meta_378;207878;2336604.749901086;0.38888888888888884;207902;2336371.169720625;0.388882974117988;103;0.0
Meta_379;207878;2336604.749901086;0.4444444444444444;207878;2316425.065447294;0.4444401883867882;6;0.0
Meta_380;207878;2336604.749901086;0.5;207878;434461.0762376204;0.4959402674833407;0;0.0
Meta_366;207878;2002804.0713437882;0.2777777777777778;207853;1926304.370332993;0.357242697761578;3600;1.0
Meta_367;207878;2002804.0713437882;0.3333333333333333;207902;1632312.2873151565;0.3568729974605827;3600;1.0
Meta_371;207878;2336604.749901086;0.0;207878;1738413.881423421;0.35142894306850403;3600;0.3641780950268378
Meta_372;207878;2336604.749901086;0.05555555555555555;207878;1689860.6970522704;0.352221293462438;3600;0.4753173338021268
Meta_373;207878;2336604.749901086;0.1111111111111111;207878;909637.4474077955;0.36923582035317687;3600;0.5573213032569079
Meta_374;207878;2336604.749901086;0.16666666666666666;207969;1641768.3461205745;0.35182195630323154;3600;0.4596596594812023
Meta_375;207878;2336604.749901086;0.2222222222222222;207878;1968712.3937896325;0.35712610452417226;3600;0.7086206465630953
Meta_388;207878;2670405.4284583842;0.38888888888888884;211359;1769577.8010825948;0.38767363392968246;107;0.0
Meta_389;207878;2670405.4284583842;0.4444444444444444;207878;844114.1446201181;0.4431687183844684;6;0.0
Meta_390;207878;2670405.4284583842;0.5;207878;434461.0762376204;0.4959402674833407;0;0.0
Meta_376;207878;2336604.749901086;0.2777777777777778;207893;1461125.3919702661;0.3556596141649479;3600;1.0
Meta_377;207878;2336604.749901086;0.3333333333333333;207872;2170760.7833590144;0.36354714470847427;3600;1.0
Meta_381;207878;2670405.4284583842;0.0;207878;1417702.1551006339;0.35786945616373267;3600;0.37872521061701375
Meta_382;207878;2670405.4284583842;0.05555555555555555;207911;1311681.5854420634;0.3585052537819156;3600;0.3731459463765581
Meta_383;207878;2670405.4284583842;0.1111111111111111;207911;2452742.6359020807;0.36652458099554275;3600;0.5160707609919661
Meta_384;207878;2670405.4284583842;0.16666666666666666;207878;2012231.0661025692;0.36955559286590783;3600;0.5919274031572948
Meta_385;207878;2670405.4284583842;0.2222222222222222;207882;2065047.0863840037;0.3650265756927608;3600;0.7002610002892155
Meta_386;207878;2670405.4284583842;0.2777777777777778;207874;1489171.5778998546;0.35353599348545595;3600;1.0
Meta_399;207878;3004206.1070156824;0.4444444444444444;213308;1956859.9401522195;0.44407959625283744;28;0.0
Meta_400;207878;3004206.1070156824;0.5;207878;434461.0762376204;0.4959402674833407;0;0.0
Meta_387;207878;2670405.4284583842;0.3333333333333333;207913;1619262.7724420947;0.3552727620219558;3600;1.0
Meta_391;207878;3004206.1070156824;0.0;207878;1835874.1326380107;0.3659296409883216;3600;0.4473697653402805
Meta_398;207878;3004206.1070156824;0.38888888888888884;208260;1141766.515568832;0.3888000349209425;780;0.0
Meta_392;207878;3004206.1070156824;0.05555555555555555;207988;1235091.0246886138;0.357037620734477;3600;0.47483328335605157
Meta_393;207878;3004206.1070156824;0.1111111111111111;208167;1055565.3227146235;0.3708540629988877;3600;0.5591190928268746
Meta_394;207878;3004206.1070156824;0.16666666666666666;207878;2425117.8446848537;0.3665791975575937;3600;0.5790244157919996
Meta_395;207878;3004206.1070156824;0.2222222222222222;207878;2309456.0438800063;0.3648131494793755;3600;0.6667996585958896
Meta_396;207878;3004206.1070156824;0.2777777777777778;207929;1685041.6437331906;0.35888689062480206;3600;1.0
Meta_397;207878;3004206.1070156824;0.3333333333333333;207950;1602811.6283373616;0.3532923690425752;3600;1.0
Meta_410;198767;0.0;0.5;198946;0.0;0.49097650774310864;0;0.0
Meta_401;198767;0.0;0.0;201314;383697.18996936834;0.39549694869810537;3600;0.515309822652156
Meta_402;198767;0.0;0.05555555555555555;200007;562704.8915014928;0.3791715855933384;3600;0.5303269634798633
Meta_403;198767;0.0;0.1111111111111111;198773;505481.05271079135;0.37869086177938116;3600;0.5247102091279926
Meta_404;198767;0.0;0.16666666666666666;199053;454632.4947564026;0.3862131385416334;3600;0.5998546389502858
Meta_405;198767;0.0;0.2222222222222222;201640;624671.9099750582;0.37392276497196697;3600;0.6936617768378017
Meta_406;198767;0.0;0.2777777777777778;198772;566277.6488563806;0.37775591595972025;3600;0.8721785329880651
Meta_407;198767;0.0;0.3333333333333333;198876;433585.72641484294;0.3892871477856322;3600;0.9555055920814833
Meta_408;198767;0.0;0.38888888888888884;198767;273900.43257746636;0.4120897166209808;3600;1.0
Meta_419;198767;333800.67855729803;0.4444444444444444;199437;285856.05431574496;0.44443560228788215;117;0.0
Meta_420;198767;333800.67855729803;0.5;198767;173587.8341376203;0.49674659058392723;0;0.0
Meta_409;198767;0.0;0.4444444444444444;198838;69166.93039276262;0.44444542611130444;3600;1.0
Meta_411;198767;333800.67855729803;0.0;199055;599005.8546297314;0.373531266094428;3600;0.5473178484154179
Meta_412;198767;333800.67855729803;0.05555555555555555;199722;438870.45195823745;0.3892043529640542;3600;0.565574570577522
Meta_413;198767;333800.67855729803;0.1111111111111111;199359;628038.1207015788;0.37550198994721157;3600;0.6158110948235055
Meta_414;198767;333800.67855729803;0.16666666666666666;199965;501940.2094635667;0.38527025482596156;3600;0.7230943160803099
Meta_415;198767;333800.67855729803;0.2222222222222222;200064;357885.2924738754;0.401445484030929;3600;0.8585711558407341
Meta_416;198767;333800.67855729803;0.2777777777777778;199063;524138.9835643689;0.38140153724451453;3600;1.0
Meta_417;198767;333800.67855729803;0.3333333333333333;199154;350519.2624536789;0.4008528245272912;3600;1.0
Meta_429;198767;667601.3571145961;0.4444444444444444;201294;590467.4670582111;0.44300443461070416;4;0.0
Meta_430;198767;667601.3571145961;0.5;198767;187735.22136621692;0.49581944324998073;0;0.0
Meta_418;198767;333800.67855729803;0.38888888888888884;202729;349471.9322937305;0.4048532287933789;3600;1.0
Meta_421;198767;667601.3571145961;0.0;204334;666246.8930883514;0.37767833096336045;3600;0.5081231044440394
Meta_428;198767;667601.3571145961;0.38888888888888884;198811;659614.5905079077;0.3886599379254915;1918;0.0
Meta_422;198767;667601.3571145961;0.05555555555555555;199455;645064.5996912735;0.39185908662560176;3600;0.581156008152363
Meta_423;198767;667601.3571145961;0.1111111111111111;198767;624175.4372409526;0.3873725842893308;3600;0.630380578798969
Meta_424;198767;667601.3571145961;0.16666666666666666;202399;684396.137976449;0.3785669560678917;3600;0.6727590376047413
Meta_425;198767;667601.3571145961;0.2222222222222222;199167;699396.8164370945;0.3780207624390066;3600;0.8260150733167085
Meta_426;198767;667601.3571145961;0.2777777777777778;199032;703186.2296948697;0.3710360258153989;3600;1.0
Meta_439;198767;1001402.0356718941;0.4444444444444444;201246;679068.6488404894;0.444236506660575;51;0.0
Meta_440;198767;1001402.0356718941;0.5;198767;187735.22136621692;0.49581944324998073;0;0.0
Meta_427;198767;667601.3571145961;0.3333333333333333;201648;667518.9332256163;0.3743500511246468;3600;1.0
Meta_431;198767;1001402.0356718941;0.0;199572;992783.236111456;0.3699561800270509;3600;0.5206774979306644
Meta_432;198767;1001402.0356718941;0.05555555555555555;200523;1001379.2510103968;0.35641987778006534;3600;0.4324044675585091
Meta_433;198767;1001402.0356718941;0.1111111111111111;198768;1001404.2752740995;0.3558159126072448;3600;0.49323879219306166
Meta_434;198767;1001402.0356718941;0.16666666666666666;198910;977706.1658305309;0.3736847223090414;3600;0.6341994937506181
Meta_435;198767;1001402.0356718941;0.2222222222222222;202999;993640.2077608905;0.3684048107475008;3600;0.8583976556542642
Meta_436;198767;1001402.0356718941;0.2777777777777778;198857;995539.0560938403;0.3823415371916799;3600;1.0
Meta_437;198767;1001402.0356718941;0.3333333333333333;201400;1001274.0006900242;0.360097290957422;3600;1.0
Meta_449;198767;1335202.7142291921;0.4444444444444444;198769;1282061.3049199022;0.4444352427113658;6;0.0
Meta_450;198767;1335202.7142291921;0.5;198767;187735.22136621692;0.49581944324998073;0;0.0
Meta_438;198767;1001402.0356718941;0.38888888888888884;198800;972750.5778779981;0.39512479232636205;3600;1.0
Meta_441;198767;1335202.7142291921;0.0;199313;1335182.7792911187;0.3464427785092655;3600;0.3920886872246703
Meta_442;198767;1335202.7142291921;0.05555555555555555;201246;1330791.6609429643;0.3631797192869641;3600;0.5123460999495388
Meta_443;198767;1335202.7142291921;0.1111111111111111;198820;1245928.3679332782;0.361444488353651;3600;0.5485402714073386
Meta_444;198767;1335202.7142291921;0.16666666666666666;198767;1335082.3030561898;0.35211477548016434;3600;0.5744304746329527
Meta_445;198767;1335202.7142291921;0.2222222222222222;200282;1293718.9904360238;0.3547875250947579;3600;0.7518552293701646
Meta_446;198767;1335202.7142291921;0.2777777777777778;198789;1133260.7792335975;0.3573492807653703;3600;1.0
Meta_447;198767;1335202.7142291921;0.3333333333333333;198852;1213661.885953458;0.37222014368219086;3600;1.0
Meta_459;198767;1669003.3927864903;0.4444444444444444;198775;651321.9948118125;0.4441397252922318;6;0.0
Meta_460;198767;1669003.3927864903;0.5;198767;187735.22136621692;0.49581944324998073;0;0.0
Meta_448;198767;1335202.7142291921;0.38888888888888884;198789;840299.0999186939;0.3903195012570041;3600;1.0
Meta_451;198767;1669003.3927864903;0.0;199640;1479744.2352253662;0.35130632629702563;3600;0.4176117796181849
Meta_452;198767;1669003.3927864903;0.05555555555555555;201618;1641663.8492788817;0.34697662790425615;3600;0.390142073669404
Meta_453;198767;1669003.3927864903;0.1111111111111111;198776;1565259.9773019077;0.3562795862936881;3600;0.48474200282254104
Meta_454;198767;1669003.3927864903;0.16666666666666666;198784;1631436.0296741675;0.3633187131728742;3600;0.6425377233377534
Meta_455;198767;1669003.3927864903;0.2222222222222222;198767;1619018.5313841705;0.36111790682838224;3600;0.8004189949710581
Meta_456;198767;1669003.3927864903;0.2777777777777778;200012;1447742.928300923;0.3507586833571995;3600;1.0
Meta_457;198767;1669003.3927864903;0.3333333333333333;202031;1063803.5257043457;0.36487535577788777;3600;1.0
Meta_468;198767;2002804.0713437882;0.38888888888888884;204568;1100901.6195539744;0.3879573169164854;261;0.0
Meta_470;198767;2002804.0713437882;0.5;198767;187735.22136621692;0.49581944324998073;0;0.0
Meta_469;198767;2002804.0713437882;0.4444444444444444;200763;513929.7904871042;0.44444472892043013;32;0.0
Meta_458;198767;1669003.3927864903;0.38888888888888884;198796;1028643.92913631;0.3942004109500531;3600;1.0
Meta_461;198767;2002804.0713437882;0.0;198769;1541334.30568685;0.34579938391563536;3600;0.4365385671946874
Meta_462;198767;2002804.0713437882;0.05555555555555555;198764;1918415.8491054177;0.36084887414618866;3600;0.4841785715917856
Meta_463;198767;2002804.0713437882;0.1111111111111111;199553;1931585.8231359504;0.34972433717153945;3600;0.44572710934903675
Meta_464;198767;2002804.0713437882;0.16666666666666666;198767;1706480.5826921393;0.3619290363721368;3600;0.6705338458940843
Meta_465;198767;2002804.0713437882;0.2222222222222222;198858;1859697.6017778702;0.35971979701725293;3600;0.7026304686542341
Meta_466;198767;2002804.0713437882;0.2777777777777778;199112;1813765.6618980141;0.34484960607421716;3600;1.0
Meta_479;198767;2336604.749901086;0.4444444444444444;201603;537636.2751861471;0.44436228682844475;36;0.0
Meta_480;198767;2336604.749901086;0.5;198767;187735.22136621692;0.49581944324998073;0;0.0
Meta_478;198767;2336604.749901086;0.38888888888888884;202913;1363166.010922257;0.3874240625123956;261;0.0
Meta_467;198767;2002804.0713437882;0.3333333333333333;198767;1925417.2039331677;0.3461166120492979;3600;1.0
Meta_471;198767;2336604.749901086;0.0;198909;2258220.820739103;0.3500357969127943;3600;0.4239978807252026
Meta_472;198767;2336604.749901086;0.05555555555555555;202416;1660624.824987645;0.3497694274574036;3600;0.4226423714940464
Meta_473;198767;2336604.749901086;0.1111111111111111;198952;1682197.6431122778;0.3524041094840314;3600;0.46486997340230357
Meta_474;198767;2336604.749901086;0.16666666666666666;199421;1701846.0207506754;0.3633916508644272;3600;0.628750460933601
Meta_475;198767;2336604.749901086;0.2222222222222222;199266;1750648.298159646;0.3489654488746113;3600;0.6979776304485507
Meta_488;198767;2670405.4284583842;0.38888888888888884;200477;1121075.0036225957;0.388889055809729;91;0.0
Meta_489;198767;2670405.4284583842;0.4444444444444444;199999;703128.6399133726;0.44405277639140406;5;0.0
Meta_490;198767;2670405.4284583842;0.5;198767;187735.22136621692;0.49581944324998073;0;0.0
Meta_476;198767;2336604.749901086;0.2777777777777778;198794;1796936.8046575391;0.3520167881390042;3600;1.0
Meta_477;198767;2336604.749901086;0.3333333333333333;198768;1421244.8795374644;0.3698024004190524;3600;1.0
Meta_481;198767;2670405.4284583842;0.0;198814;1559708.122649615;0.3506266318289689;3600;0.4380716067889126
Meta_482;198767;2670405.4284583842;0.05555555555555555;198770;2374779.507825791;0.35267686821321065;3600;0.5204975855471184
Meta_483;198767;2670405.4284583842;0.1111111111111111;198768;1758327.7271763608;0.35015241246062273;3600;0.4518319526527822
Meta_484;198767;2670405.4284583842;0.16666666666666666;198767;2251303.6049431344;0.3637728500602246;3600;0.6659436404023991
Meta_485;198767;2670405.4284583842;0.2222222222222222;198768;2043307.1542591415;0.3529846397941803;3600;0.7714326067749512
Meta_486;198767;2670405.4284583842;0.2777777777777778;199356;1649449.6978510066;0.3618668200269728;3600;1.0
Meta_499;198767;3004206.1070156824;0.4444444444444444;199999;703128.6399133726;0.44405277639140406;6;0.0
Meta_500;198767;3004206.1070156824;0.5;198767;187735.22136621692;0.49581944324998073;0;0.0
Meta_487;198767;2670405.4284583842;0.3333333333333333;198768;1339837.2788453484;0.36615325528641185;3600;1.0
Meta_491;198767;3004206.1070156824;0.0;198768;1358519.7678834589;0.3547231940646944;3600;0.45299831511256466
Meta_492;198767;3004206.1070156824;0.05555555555555555;198830;2431083.19593802;0.34581027843073653;3600;0.37238979418927703
Meta_493;198767;3004206.1070156824;0.1111111111111111;198743;1471038.3386470028;0.34899222335623725;3600;0.4672325703462328
Meta_494;198767;3004206.1070156824;0.16666666666666666;198770;1747976.2288477537;0.36255319512945156;3600;0.6812934842982749
Meta_495;198767;3004206.1070156824;0.2222222222222222;198767;1638904.9025739357;0.3509218686084715;3600;0.710002670935301
Meta_496;198767;3004206.1070156824;0.2777777777777778;198767;1628168.1794914107;0.34895528825465205;3600;1.0
Meta_497;198767;3004206.1070156824;0.3333333333333333;205189;1384633.2167028;0.35504752275424634;3600;1.0
Meta_498;198767;3004206.1070156824;0.38888888888888884;198868;995914.8169285586;0.3913117367755767;3600;1.0
Meta_510;189655;0.0;0.5;189968;0.0;0.49097650774310864;0;0.0
Meta_501;189655;0.0;0.0;190782;441883.1934112944;0.38526137552258977;3600;0.6167051204512971
Meta_502;189655;0.0;0.05555555555555555;194321;448041.47817648156;0.38844393843340913;3600;0.6109813428666118
Meta_503;189655;0.0;0.1111111111111111;190143;511458.89830519236;0.3790962285776592;3600;0.5888563429882149
Meta_504;189655;0.0;0.16666666666666666;189661;317050.84225417697;0.40087044415359535;3600;0.6571466344261419
Meta_505;189655;0.0;0.2222222222222222;189655;227198.54007595245;0.4062157382371615;3600;0.7299285303479234
Meta_506;189655;0.0;0.2777777777777778;189673;310908.57297469676;0.40330261437206893;3600;0.9530766803527151
Meta_507;189655;0.0;0.3333333333333333;189733;277124.4915264156;0.40052612404347293;3600;1.0
Meta_508;189655;0.0;0.38888888888888884;189647;265821.13109392824;0.3990599659276724;3600;1.0
Meta_519;189655;333800.67855729803;0.4444444444444444;191428;332921.1144703299;0.44159983273506204;60;0.0
Meta_520;189655;333800.67855729803;0.5;189772;102482.76615696427;0.4959550545803473;0;0.0
Meta_509;189655;0.0;0.4444444444444444;189655;1701.6159999999998;0.4431349049156981;3600;1.0
Meta_511;189655;333800.67855729803;0.0;192730;460991.9544280883;0.3849731756989433;3600;0.5576352799910745
Meta_512;189655;333800.67855729803;0.05555555555555555;189663;393055.63312295213;0.397457657707354;3600;0.6040104844609965
Meta_513;189655;333800.67855729803;0.1111111111111111;198491;332610.8627841249;0.4156141305446281;3600;0.6835798365386101
Meta_514;189655;333800.67855729803;0.16666666666666666;189990;372768.45889117813;0.4064161024003735;3600;0.7494461707637647
Meta_515;189655;333800.67855729803;0.2222222222222222;190669;478653.4443827063;0.3833527069333514;3600;0.7813687888090854
Meta_516;189655;333800.67855729803;0.2777777777777778;191373;378231.346548851;0.3944534803663019;3600;1.0
Meta_517;189655;333800.67855729803;0.3333333333333333;189766;502523.2103348028;0.38157067623448826;3600;1.0
Meta_529;189655;667601.3571145961;0.4444444444444444;202125;401917.2280514719;0.4443505946677953;5;0.0
Meta_530;189655;667601.3571145961;0.5;189655;491474.0331945846;0.49571729878244797;0;0.0
Meta_518;189655;333800.67855729803;0.38888888888888884;197088;397445.6492718062;0.39740903770651614;3600;1.0
Meta_521;189655;667601.3571145961;0.0;194547;667381.8568386436;0.3747143642675761;3600;0.5406356182351754
Meta_522;189655;667601.3571145961;0.05555555555555555;190898;667489.9886779856;0.3901756818472136;3600;0.6247459575145208
Meta_523;189655;667601.3571145961;0.1111111111111111;190267;597737.0366381538;0.38838355344637543;3600;0.6483461626772018
Meta_528;189655;667601.3571145961;0.38888888888888884;198498;663903.789685978;0.38881557705215386;2178;0.0
Meta_524;189655;667601.3571145961;0.16666666666666666;189655;667784.0518296452;0.3645307034798228;3600;0.6213270135834525
Meta_525;189655;667601.3571145961;0.2222222222222222;189840;667833.9511445855;0.365810046966481;3600;0.9309433442572869
Meta_526;189655;667601.3571145961;0.2777777777777778;192645;644657.7782902839;0.3774608492825754;3600;1.0
Meta_539;189655;1001402.0356718941;0.4444444444444444;193157;498184.6015429915;0.4444444201236734;4;0.0
Meta_540;189655;1001402.0356718941;0.5;189655;491474.0331945846;0.49571729878244797;0;0.0
Meta_527;189655;667601.3571145961;0.3333333333333333;195512;668997.0667945519;0.37584327419760016;3600;1.0
Meta_538;189655;1001402.0356718941;0.38888888888888884;189658;815210.9835949775;0.3881154337965188;378;0.0
Meta_531;189655;1001402.0356718941;0.0;190370;1000171.0858182492;0.3621231678909214;3600;0.5020352519825731
Meta_532;189655;1001402.0356718941;0.05555555555555555;189660;1001399.0525453608;0.3536338585568254;3600;0.529359227349073
Meta_533;189655;1001402.0356718941;0.1111111111111111;190843;1000865.36334865;0.36028852273148027;3600;0.5575080471544532
Meta_534;189655;1001402.0356718941;0.16666666666666666;189976;1000130.7132487796;0.3532320279984249;3600;0.672556777354668
Meta_535;189655;1001402.0356718941;0.2222222222222222;197473;1000419.0313062789;0.36473572403829324;3600;0.9120740381463704
Meta_548;189655;1335202.7142291921;0.38888888888888884;190610;933247.8339524647;0.3888880994559141;350;0.0
Meta_549;189655;1335202.7142291921;0.4444444444444444;189655;321090.42765304906;0.44443724872536133;2;0.0
Meta_550;189655;1335202.7142291921;0.5;189655;491474.0331945846;0.49571729878244797;0;0.0
Meta_536;189655;1001402.0356718941;0.2777777777777778;189655;1001390.4239562707;0.3475537422212449;3600;1.0
Meta_537;189655;1001402.0356718941;0.3333333333333333;192792;964229.9245189375;0.3713994212183478;3600;1.0
Meta_541;189655;1335202.7142291921;0.0;193348;1311645.6584826512;0.3469520166741189;3600;0.4617076924840763
Meta_542;189655;1335202.7142291921;0.05555555555555555;201666;1282311.9650699394;0.35592169511692245;3600;0.5053884672226685
Meta_543;189655;1335202.7142291921;0.1111111111111111;189668;1074084.9487730844;0.38464767696590063;3600;0.6922675119758605
Meta_544;189655;1335202.7142291921;0.16666666666666666;189685;1259549.040585446;0.3961242967694893;3600;0.7683574449259302
Meta_545;189655;1335202.7142291921;0.2222222222222222;192116;1242623.503592222;0.35234401519793845;3600;0.8744303982478915
Meta_558;189655;1669003.3927864903;0.38888888888888884;194879;1138083.0277067018;0.38888956737717184;363;0.0
Meta_559;189655;1669003.3927864903;0.4444444444444444;189655;376545.7727883254;0.44443828277407416;3;0.0
Meta_560;189655;1669003.3927864903;0.5;189655;491474.0331945846;0.49571729878244797;0;0.0
Meta_546;189655;1335202.7142291921;0.2777777777777778;189812;1178932.2530027265;0.3521967496412405;3600;1.0
Meta_547;189655;1335202.7142291921;0.3333333333333333;190308;1335073.8601612125;0.3458057135326795;3600;1.0
Meta_551;189655;1669003.3927864903;0.0;189675;1409518.9308847606;0.34382702360597917;3600;0.442104896698007
Meta_552;189655;1669003.3927864903;0.05555555555555555;189696;1435463.3843044108;0.3576304718820167;3600;0.5389327990957178
Meta_553;189655;1669003.3927864903;0.1111111111111111;191671;1597982.3481319405;0.34139604459762746;3600;0.5243500809699173
Meta_554;189655;1669003.3927864903;0.16666666666666666;190463;1390673.1230450415;0.35140749785304065;3600;0.6290328899571997
Meta_555;189655;1669003.3927864903;0.2222222222222222;191643;1318812.9693262072;0.3512153499016273;3600;0.8579953286387788
Meta_556;189655;1669003.3927864903;0.2777777777777778;189692;1594587.6842196397;0.337763258840878;3600;1.0
Meta_569;189655;2002804.0713437882;0.4444444444444444;189655;449445.6726889462;0.4442155032221244;3;0.0
Meta_570;189655;2002804.0713437882;0.5;189655;491474.0331945846;0.49571729878244797;0;0.0
Meta_568;189655;2002804.0713437882;0.38888888888888884;189656;1722565.4147415452;0.38886478065550983;221;0.0
Meta_557;189655;1669003.3927864903;0.3333333333333333;190101;1007361.9683636631;0.3922236349343316;3600;1.0
Meta_561;189655;2002804.0713437882;0.0;189945;1555683.1157719877;0.34813048234163146;3600;0.47752180723693644
Meta_562;189655;2002804.0713437882;0.05555555555555555;191107;946527.6451542925;0.3856063353099283;3600;0.6277075164822824
Meta_563;189655;2002804.0713437882;0.1111111111111111;192901;1475561.6386719586;0.3571270975545435;3600;0.5851981114481803
Meta_564;189655;2002804.0713437882;0.16666666666666666;192193;1685970.9877462126;0.3405792369271122;3600;0.5530210436969357
Meta_565;189655;2002804.0713437882;0.2222222222222222;189650;1458697.9713610453;0.3402185240198371;3600;0.9521711898516746
Meta_566;189655;2002804.0713437882;0.2777777777777778;189783;1195913.0421245277;0.35901445196019194;3600;1.0
Meta_579;189655;2336604.749901086;0.4444444444444444;191322;397171.1477921839;0.4443149977150133;4;0.0
Meta_580;189655;2336604.749901086;0.5;189655;491474.0331945846;0.49571729878244797;0;0.0
Meta_578;189655;2336604.749901086;0.38888888888888884;191072;1509949.6520760125;0.3870292522519471;483;0.0
Meta_567;189655;2002804.0713437882;0.3333333333333333;189656;1515148.8072630023;0.35007507235988905;3600;1.0
Meta_571;189655;2336604.749901086;0.0;194644;1875193.9296803926;0.34565904162077815;3600;0.4514258331426739
Meta_572;189655;2336604.749901086;0.05555555555555555;189858;912046.1200987056;0.3795064010304971;3600;0.6308153776561798
Meta_573;189655;2336604.749901086;0.1111111111111111;189658;1309861.7052244039;0.3479023863323554;3600;0.49838919376951135
Meta_574;189655;2336604.749901086;0.16666666666666666;190416;1465328.3834082102;0.35139690674267177;3600;0.7092510574705019
Meta_575;189655;2336604.749901086;0.2222222222222222;189942;1740521.5234523155;0.3410878958843885;3600;0.8668173136482887
Meta_576;189655;2336604.749901086;0.2777777777777778;191339;1303527.498547697;0.35414374232126244;3600;1.0
Meta_589;189655;2670405.4284583842;0.4444444444444444;191322;397171.1477921839;0.4443149977150133;3;0.0
Meta_590;189655;2670405.4284583842;0.5;189655;491474.0331945846;0.49571729878244797;0;0.0
Meta_577;189655;2336604.749901086;0.3333333333333333;189700;1171182.1177135108;0.3656534339266287;3600;1.0
Meta_581;189655;2670405.4284583842;0.0;194542;1528561.157043429;0.34051038753873675;3600;0.4311339570432173
Meta_582;189655;2670405.4284583842;0.05555555555555555;192262;2276803.0920538683;0.35105373369992043;3600;0.5065087995892023
Meta_583;189655;2670405.4284583842;0.1111111111111111;191651;2540597.4923516554;0.3479266224817345;3600;0.5110371355106967
Meta_584;189655;2670405.4284583842;0.16666666666666666;189837;1258224.245520369;0.3471465853088336;3600;0.5703838562136834
Meta_585;189655;2670405.4284583842;0.2222222222222222;189695;1549720.4212627877;0.35537431160018873;3600;0.9666301102281999
Meta_586;189655;2670405.4284583842;0.2777777777777778;189343;1788116.1006979581;0.3418520971151181;3600;1.0
Meta_587;189655;2670405.4284583842;0.3333333333333333;189955;1438814.8289130973;0.351110363976086;3600;1.0
Meta_599;189655;3004206.1070156824;0.4444444444444444;191322;397171.1477921839;0.4443149977150133;4;0.0
Meta_600;189655;3004206.1070156824;0.5;189655;491474.0331945846;0.49571729878244797;0;0.0
Meta_588;189655;2670405.4284583842;0.38888888888888884;189663;1076342.114011191;0.39797925511513427;3600;1.0
Meta_598;189655;3004206.1070156824;0.38888888888888884;189679;1888984.0514790022;0.3888794649495681;956;0.0
Meta_591;189655;3004206.1070156824;0.0;189656;1391193.105239567;0.34752010849943504;3600;0.48015670735374477
Meta_592;189655;3004206.1070156824;0.05555555555555555;189788;990547.0737796862;0.3673149909177002;3600;0.5948820971825232
Meta_593;189655;3004206.1070156824;0.1111111111111111;189655;1689865.6475412769;0.3401837503041204;3600;0.49450510294122396
Meta_594;189655;3004206.1070156824;0.16666666666666666;192263;1361306.5953487824;0.35693815718246297;3600;0.6488789579628114
Meta_595;189655;3004206.1070156824;0.2222222222222222;191212;1695533.7196278642;0.34090671059524547;3600;0.8902320574473432
Meta_596;189655;3004206.1070156824;0.2777777777777778;190575;1327096.8400026152;0.3486447508540732;3600;1.0
Meta_609;180544;0.0;0.4444444444444444;181003;0.0;0.44370190977637075;11;0.0
Meta_610;180544;0.0;0.5;180553;0.0;0.4872971137662005;0;0.0
Meta_597;189655;3004206.1070156824;0.3333333333333333;194181;1340748.423927874;0.3633335977746565;3600;1.0
Meta_601;180544;0.0;0.0;180553;210109.68529750666;0.384931000668621;3600;0.543753320893806
Meta_602;180544;0.0;0.05555555555555555;180551;279375.8481613667;0.3865432725785383;3600;0.577963895162499
Meta_603;180544;0.0;0.1111111111111111;150257;26050.679356782544;0.3066906008163927;3600;0.5112819493615939
Meta_604;180544;0.0;0.16666666666666666;166867;128950.12613233917;0.3483426534180421;3600;0.5950305693815117
Meta_605;180544;0.0;0.2222222222222222;170055;130013.62586775402;0.3597066086892055;3600;0.7887433101978659
Meta_606;180544;0.0;0.2777777777777778;180544;219949.41511744968;0.38156833261333717;3600;0.9266555700930955
Meta_607;180544;0.0;0.3333333333333333;178748;171363.43842637847;0.38111167251489037;3600;1.0
Meta_619;180544;333800.67855729803;0.4444444444444444;180547;10559.144707284799;0.4384090093768397;3;0.0
Meta_620;180544;333800.67855729803;0.5;180544;318890.7399945846;0.4951551673890472;0;0.0
Meta_608;180544;0.0;0.38888888888888884;179975;106747.80063943437;0.38889079630535045;3600;1.0
Meta_618;180544;333800.67855729803;0.38888888888888884;181821;327845.1880383322;0.3882328461732385;772;0.0
Meta_611;180544;333800.67855729803;0.0;178495;333780.31031879975;0.36889124265690837;3600;0.4926748341839713
Meta_612;180544;333800.67855729803;0.05555555555555555;180544;333793.1370211582;0.37692035815031255;3600;0.5327222053742254
Meta_613;180544;333800.67855729803;0.1111111111111111;175454;333800.8459535097;0.36418262413533414;3600;0.5502293681227668
Meta_614;180544;333800.67855729803;0.16666666666666666;176207;333796.3276887931;0.3641387423017969;3600;0.6254801608031628
Meta_615;180544;333800.67855729803;0.2222222222222222;180544;333785.75163633644;0.3806280349354903;3600;0.9034688698405177
Meta_616;180544;333800.67855729803;0.2777777777777778;179207;333226.5805052707;0.36904642179843417;3600;1.0
Meta_629;180544;667601.3571145961;0.4444444444444444;182277;233031.06807518555;0.444295435496497;3;0.0
Meta_630;180544;667601.3571145961;0.5;180544;399869.3232945846;0.4951551673890433;0;0.0
Meta_617;180544;333800.67855729803;0.3333333333333333;181287;352108.6962488281;0.3903124639981526;3600;1.0
Meta_628;180544;667601.3571145961;0.38888888888888884;180619;562386.1009360845;0.38872721613918576;633;0.0
Meta_621;180544;667601.3571145961;0.0;180541;664924.8580316722;0.3793260854852483;3600;0.6033197990001451
Meta_622;180544;667601.3571145961;0.05555555555555555;180944;651143.6567201645;0.3895609925426599;3600;0.6650003274716094
Meta_623;180544;667601.3571145961;0.1111111111111111;180544;655466.586610402;0.37254237414608576;3600;0.6015678981080788
Meta_624;180544;667601.3571145961;0.16666666666666666;180544;628646.0373429261;0.3730052729482499;3600;0.6985911609607429
Meta_625;180544;667601.3571145961;0.2222222222222222;178297;529484.8189019809;0.3690709062137139;3600;0.9740175312404987
Meta_626;180544;667601.3571145961;0.2777777777777778;180632;667598.8143184679;0.3618561427074153;3600;1.0
Meta_639;180544;1001402.0356718941;0.4444444444444444;182441;371407.12723309995;0.4444214083422356;3;0.0
Meta_640;180544;1001402.0356718941;0.5;180544;399869.3232945846;0.4951551673890433;0;0.0
Meta_627;180544;667601.3571145961;0.3333333333333333;180545;482538.0834835796;0.37485466750525537;3600;1.0
Meta_638;180544;1001402.0356718941;0.38888888888888884;180710;387504.3450571084;0.38888368440506943;1235;0.0
Meta_631;180544;1001402.0356718941;0.0;181082;955754.5849129035;0.35413137760300567;3600;0.49377102910362014
Meta_632;180544;1001402.0356718941;0.05555555555555555;180843;911967.5863657591;0.38767188440304445;3600;0.6805290241114699
Meta_633;180544;1001402.0356718941;0.1111111111111111;180544;994543.5766690356;0.3731013390377529;3600;0.6446656543690611
Meta_634;180544;1001402.0356718941;0.16666666666666666;180678;1001393.0894421901;0.35442937100485683;3600;0.6827956457759732
Meta_635;180544;1001402.0356718941;0.2222222222222222;185619;1001388.4329468431;0.3815891617244128;3600;1.0
Meta_636;180544;1001402.0356718941;0.2777777777777778;183647;998773.6398060615;0.35884125214731205;3600;1.0
Meta_649;180544;1335202.7142291921;0.4444444444444444;180902;225822.81711984248;0.4443092609693656;2;0.0
Meta_650;180544;1335202.7142291921;0.5;180544;399869.3232945846;0.4951551673890433;0;0.0
Meta_637;180544;1001402.0356718941;0.3333333333333333;180528;606418.0716012305;0.3821777095451766;3600;1.0
Meta_648;180544;1335202.7142291921;0.38888888888888884;180566;755797.6116012811;0.38888417321348073;839;0.0
Meta_641;180544;1335202.7142291921;0.0;180884;1335141.4179864463;0.3452547671767482;3600;0.4697214210143187
Meta_642;180544;1335202.7142291921;0.05555555555555555;180570;738312.4249797186;0.37889717151471297;3600;0.6524526395415134
Meta_643;180544;1335202.7142291921;0.1111111111111111;182594;1101067.5366125703;0.38850983942760453;3600;0.7118940968097255
Meta_644;180544;1335202.7142291921;0.16666666666666666;183159;1177028.0266891983;0.35454761623106473;3600;0.7425316612935585
Meta_645;180544;1335202.7142291921;0.2222222222222222;180544;1239309.055795427;0.34151615721551154;3600;0.9498155260797375
Meta_646;180544;1335202.7142291921;0.2777777777777778;181419;1334316.157625694;0.36186110776657776;3600;1.0
Meta_659;180544;1669003.3927864903;0.4444444444444444;180572;176729.3748672306;0.444441514760833;4;0.0
Meta_660;180544;1669003.3927864903;0.5;180544;399869.3232945846;0.4951551673890433;0;0.0
Meta_647;180544;1335202.7142291921;0.3333333333333333;180550;534396.8500817235;0.38217859158882717;3600;1.0
Meta_658;180544;1669003.3927864903;0.38888888888888884;180569;559669.3348069974;0.38883377243010375;1108;0.0
Meta_651;180544;1669003.3927864903;0.0;182765;1537704.5658613644;0.34434361444717915;3600;0.49680989108934315
Meta_652;180544;1669003.3927864903;0.05555555555555555;181278;1358914.4014414726;0.3393299188717153;3600;0.5107043274625864
Meta_653;180544;1669003.3927864903;0.1111111111111111;186692;1612313.4913916853;0.3492449225475249;3600;0.585611481272106
Meta_654;180544;1669003.3927864903;0.16666666666666666;185755;1460558.657503507;0.3440911132091702;3600;0.6798693471597466
Meta_655;180544;1669003.3927864903;0.2222222222222222;188274;1652753.518485361;0.3367966204207845;3600;0.9915780057286229
Meta_656;180544;1669003.3927864903;0.2777777777777778;182284;1432157.1156470892;0.34836887393834776;3600;1.0
Meta_669;180544;2002804.0713437882;0.4444444444444444;181197;258563.14630589605;0.4442858313966624;2;0.0
Meta_670;180544;2002804.0713437882;0.5;180544;399869.3232945846;0.4951551673890433;0;0.0
Meta_668;180544;2002804.0713437882;0.38888888888888884;180553;398946.856861599;0.3887671064478733;269;0.0
Meta_657;180544;1669003.3927864903;0.3333333333333333;180822;1385667.196940042;0.361995613937899;3600;1.0
Meta_661;180544;2002804.0713437882;0.0;188526;1561040.9421609964;0.33940263176479524;3600;0.4655010723021289
Meta_662;180544;2002804.0713437882;0.05555555555555555;180544;1276941.710239392;0.3881549430240274;3600;0.677326380485203
Meta_663;180544;2002804.0713437882;0.1111111111111111;180625;1715922.6256948044;0.34873571495788674;3600;0.5557705632224582
Meta_664;180544;2002804.0713437882;0.16666666666666666;180546;996393.0269655793;0.38052668690628183;3600;0.8047179696240191
Meta_665;180544;2002804.0713437882;0.2222222222222222;182063;1845597.6791729662;0.33991790564931684;3600;1.0
Meta_666;180544;2002804.0713437882;0.2777777777777778;181471;1627161.4744109153;0.34011647226050945;3600;1.0
Meta_679;180544;2336604.749901086;0.4444444444444444;181197;258563.14630589605;0.4442858313966624;3;0.0
Meta_680;180544;2336604.749901086;0.5;180544;399869.3232945846;0.4951551673890433;0;0.0
Meta_678;180544;2336604.749901086;0.38888888888888884;180554;453911.3752650906;0.3888465575511644;770;0.0
Meta_667;180544;2002804.0713437882;0.3333333333333333;184089;1493247.8085471012;0.3374491125626762;3600;1.0
Meta_671;180544;2336604.749901086;0.0;182681;1808792.10185738;0.3400287054217545;3600;0.4937796166548106
Meta_672;180544;2336604.749901086;0.05555555555555555;181423;1324013.5404954425;0.3536496897426356;3600;0.5691929756790024
Meta_673;180544;2336604.749901086;0.1111111111111111;184320;1513038.1788358996;0.3482114906943442;3600;0.5965124956743014
Meta_674;180544;2336604.749901086;0.16666666666666666;180544;992222.3414676097;0.38274362070241413;3600;0.7836759843202326
Meta_675;180544;2336604.749901086;0.2222222222222222;188675;1794423.289324392;0.3366620668072074;3600;0.8906802755672758
Meta_676;180544;2336604.749901086;0.2777777777777778;180692;1941026.998232647;0.3525866107708215;3600;1.0
Meta_689;180544;2670405.4284583842;0.4444444444444444;181197;258563.14630589605;0.4442858313966624;3;0.0
Meta_690;180544;2670405.4284583842;0.5;180544;399869.3232945846;0.4951551673890433;0;0.0
Meta_688;180544;2670405.4284583842;0.38888888888888884;180554;700508.006452495;0.3888890336842565;418;0.0
Meta_677;180544;2336604.749901086;0.3333333333333333;181705;1770404.3011637856;0.3387511788766009;3600;1.0
Meta_681;180544;2670405.4284583842;0.0;182427;1500950.0952505367;0.3401229383892932;3600;0.4825222762708495
Meta_682;180544;2670405.4284583842;0.05555555555555555;180543;1189651.2424648858;0.3906492087772358;3600;0.6711524755347049
Meta_683;180544;2670405.4284583842;0.1111111111111111;192944;2496097.656419819;0.3471968499187964;3600;0.582943622692364
Meta_684;180544;2670405.4284583842;0.16666666666666666;181977;1563632.9109000138;0.3386157084861902;3600;0.6117235541687555
Meta_685;180544;2670405.4284583842;0.2222222222222222;186185;1683159.7750302588;0.3361660483563602;3600;0.9709666514892396
Meta_686;180544;2670405.4284583842;0.2777777777777778;182916;1780857.0254777074;0.34007966222776786;3600;1.0
Meta_699;180544;3004206.1070156824;0.4444444444444444;181197;258563.14630589605;0.4442858313966624;3;0.0
Meta_700;180544;3004206.1070156824;0.5;180544;399869.3232945846;0.4951551673890433;0;0.0
Meta_698;180544;3004206.1070156824;0.38888888888888884;180544;1440744.4908290482;0.3888892382062603;600;0.0
Meta_687;180544;2670405.4284583842;0.3333333333333333;179524;983192.2509398346;0.38519254612236714;3600;1.0
Meta_691;180544;3004206.1070156824;0.0;181542;2078497.5707356676;0.33976757934101354;3600;0.47705374777734494
Meta_692;180544;3004206.1070156824;0.05555555555555555;186760;2824598.70982872;0.33625208908104964;3600;0.4704604361034914
Meta_693;180544;3004206.1070156824;0.1111111111111111;181084;1025969.371400859;0.3898343129923516;3600;0.7258868493919411
Meta_694;180544;3004206.1070156824;0.16666666666666666;180557;1074902.7141151745;0.3818232538958685;3600;0.7785618898196348
Meta_695;180544;3004206.1070156824;0.2222222222222222;186070;1912530.2979561386;0.3369969195252643;3600;0.9641067478442826
Meta_708;171433;0.0;0.38888888888888884;171797;0.0;0.38741588517062936;92;0.0
Meta_709;171433;0.0;0.4444444444444444;172179;0.0;0.4347977031014727;8;0.0
Meta_710;171433;0.0;0.5;172256;0.0;0.47733437189272876;0;0.0
Meta_696;180544;3004206.1070156824;0.2777777777777778;180546;2445569.652550751;0.3416805017626705;3600;1.0
Meta_697;180544;3004206.1070156824;0.3333333333333333;190540;1125604.7394980525;0.3708339566909494;3600;1.0
Meta_701;171433;0.0;0.0;163958;105685.09374262567;0.34211130689394337;3600;0.46858120626071803
Meta_702;171433;0.0;0.05555555555555555;144694;18333.515396290815;0.2881885140642383;3600;0.43728143198682073
Meta_703;171433;0.0;0.1111111111111111;163747;84268.25297707535;0.34315410042186295;3600;0.4940346733368133
Meta_704;171433;0.0;0.16666666666666666;158009;48443.12590359479;0.3301524034708135;3600;0.5627861730101853
Meta_705;171433;0.0;0.2222222222222222;156893;95792.89677349814;0.32233465952990475;3600;0.7469282586669518
Meta_718;171433;333800.67855729803;0.38888888888888884;171931;228002.8895515174;0.3882380506114765;25;0.0
Meta_719;171433;333800.67855729803;0.4444444444444444;171635;101013.64791659352;0.4444446713959914;6;0.0
Meta_720;171433;333800.67855729803;0.5;171433;284047.3010376203;0.4792937767286517;0;0.0
Meta_706;171433;0.0;0.2777777777777778;160832;63217.62131352398;0.33700873652316576;3600;0.9997022109034934
Meta_707;171433;0.0;0.3333333333333333;169214;122492.8536418443;0.35548027242752783;3600;1.0
Meta_711;171433;333800.67855729803;0.0;171433;321429.3724581349;0.35853479339626365;3600;0.507593753970907
Meta_712;171433;333800.67855729803;0.05555555555555555;171274;333787.64868822193;0.3593710576975706;3600;0.5005652498622557
Meta_713;171433;333800.67855729803;0.1111111111111111;171305;325430.27358243644;0.35801924045760836;3600;0.5602612065953133
Meta_714;171433;333800.67855729803;0.16666666666666666;170913;332246.01060978114;0.3597036256561921;3602;0.6682451649532989
Meta_715;171433;333800.67855729803;0.2222222222222222;168041;313862.8984273448;0.3443582516644636;3600;0.9399383865106714
Meta_716;171433;333800.67855729803;0.2777777777777778;171918;333855.661240347;0.36362364512098766;3600;1.0
Meta_729;171433;667601.3571145961;0.4444444444444444;173456;281261.0586134968;0.4444147153038681;4;0.0
Meta_730;171433;667601.3571145961;0.5;171433;284047.3010376203;0.4792937767286517;0;0.0
Meta_728;171433;667601.3571145961;0.38888888888888884;173874;262493.1005768224;0.3887211244025469;98;0.0
Meta_717;171433;333800.67855729803;0.3333333333333333;171613;333761.84304959106;0.35507376069015795;3600;1.0
Meta_721;171433;667601.3571145961;0.0;168654;286977.17768646387;0.34966324963373596;3600;0.560701716685736
Meta_722;171433;667601.3571145961;0.05555555555555555;171384;369988.4791480254;0.35301778777563086;3600;0.5515307537231978
Meta_723;171433;667601.3571145961;0.1111111111111111;169654;526189.3833828869;0.34875930556488316;3600;0.610367247486228
Meta_724;171433;667601.3571145961;0.16666666666666666;171438;450771.5377427315;0.36258008394889085;3600;0.7854029203419487
Meta_725;171433;667601.3571145961;0.2222222222222222;171433;464186.3485846919;0.3527462919704118;3600;1.0
Meta_726;171433;667601.3571145961;0.2777777777777778;191038;667701.8407893162;0.3745511148940708;3600;1.0
Meta_739;171433;1001402.0356718941;0.4444444444444444;171450;100494.93346944869;0.444430245704427;2;0.0
Meta_740;171433;1001402.0356718941;0.5;171433;284047.3010376203;0.4792937767286517;0;0.0
Meta_738;171433;1001402.0356718941;0.38888888888888884;172125;362459.5071876213;0.3888786360341368;508;0.0
Meta_727;171433;667601.3571145961;0.3333333333333333;171433;335096.81864489533;0.3545952225849081;3600;1.0
Meta_731;171433;1001402.0356718941;0.0;171432;651773.4802020101;0.35319726908872395;3600;0.5330337881611905
Meta_732;171433;1001402.0356718941;0.05555555555555555;169285;433243.79705861665;0.34949256058688655;3600;0.552237462299732
Meta_733;171433;1001402.0356718941;0.1111111111111111;169985;769559.8180925461;0.3507662967495061;3600;0.6304190013036534
Meta_734;171433;1001402.0356718941;0.16666666666666666;169599;734320.3653687623;0.35200015938592266;3600;0.7192530577346375
Meta_735;171433;1001402.0356718941;0.2222222222222222;171130;490833.4305857181;0.3509433975078487;3600;1.0
Meta_748;171433;1335202.7142291921;0.38888888888888884;171444;164312.78399999999;0.38888024686858447;7;0.0
Meta_749;171433;1335202.7142291921;0.4444444444444444;171433;178307.84219999996;0.4434687424836811;2;0.0
Meta_750;171433;1335202.7142291921;0.5;171433;284047.3010376203;0.4792937767286517;0;0.0
Meta_736;171433;1001402.0356718941;0.2777777777777778;168459;459218.462706967;0.3454787149985847;3600;1.0
Meta_737;171433;1001402.0356718941;0.3333333333333333;172408;806702.6491781538;0.3696413902369713;3600;1.0
Meta_741;171433;1335202.7142291921;0.0;165732;643096.2678177505;0.3407248636399836;3600;0.5323924379638946
Meta_742;171433;1335202.7142291921;0.05555555555555555;171433;472094.450329534;0.35845492103068427;3600;0.5513680567266915
Meta_743;171433;1335202.7142291921;0.1111111111111111;171425;639109.9818579687;0.36053812787348816;3600;0.6530156332479514
Meta_744;171433;1335202.7142291921;0.16666666666666666;171433;841170.7724908411;0.36079388774783194;3600;0.6799311689462304
Meta_745;171433;1335202.7142291921;0.2222222222222222;170304;845509.7997082483;0.35000108463204627;3600;1.0
Meta_758;171433;1669003.3927864903;0.38888888888888884;171440;1393223.7015831473;0.3888887823370261;100;0.0
Meta_759;171433;1669003.3927864903;0.4444444444444444;171434;105470.11708605177;0.4444397897673991;2;0.0
Meta_760;171433;1669003.3927864903;0.5;171433;284047.3010376203;0.4792937767286517;0;0.0
Meta_746;171433;1335202.7142291921;0.2777777777777778;182309;1282868.7906385725;0.3402683893752815;3600;1.0
Meta_747;171433;1335202.7142291921;0.3333333333333333;171434;524603.7722465005;0.3699034478088558;3600;1.0
Meta_751;171433;1669003.3927864903;0.0;171433;514702.670796025;0.35138811240546386;3600;0.531334908452635
Meta_752;171433;1669003.3927864903;0.05555555555555555;167698;374671.18501119065;0.34513465063445947;3600;0.5581430283460262
Meta_753;171433;1669003.3927864903;0.1111111111111111;171481;1294998.6095029754;0.3725002802906513;3600;0.7072582500368617
Meta_754;171433;1669003.3927864903;0.16666666666666666;171433;882368.5544946825;0.36979512774163126;3600;0.8368920436951889
Meta_755;171433;1669003.3927864903;0.2222222222222222;171433;847390.5172619736;0.353547319971602;3600;1.0
Meta_768;171433;2002804.0713437882;0.38888888888888884;171566;721957.0907607776;0.3882921824030818;144;0.0
Meta_769;171433;2002804.0713437882;0.4444444444444444;171433;38042.93715965098;0.444441823652748;2;0.0
Meta_770;171433;2002804.0713437882;0.5;171433;284047.3010376203;0.4792937767286517;0;0.0
Meta_756;171433;1669003.3927864903;0.2777777777777778;171433;506391.43220028863;0.35246267747763377;3600;1.0
Meta_757;171433;1669003.3927864903;0.3333333333333333;158887;170748.8507693715;0.3333240865799527;3600;1.0
Meta_761;171433;2002804.0713437882;0.0;171431;584258.8683383312;0.3533533211325736;3600;0.515082799025479
Meta_762;171433;2002804.0713437882;0.05555555555555555;170133;393080.02216963394;0.35031783061539307;3600;0.5507317474779456
Meta_763;171433;2002804.0713437882;0.1111111111111111;171433;475322.5142757969;0.3536562768217143;3600;0.6586810718111
Meta_764;171433;2002804.0713437882;0.16666666666666666;187676;1805567.3466525648;0.34309160042872855;3600;0.7247616046920126
Meta_765;171433;2002804.0713437882;0.2222222222222222;171434;922277.7254484309;0.3692247021778847;3600;1.0
Meta_778;171433;2336604.749901086;0.38888888888888884;172655;855180.3780025452;0.38888912427605377;16;0.0
Meta_779;171433;2336604.749901086;0.4444444444444444;171433;38042.93715965098;0.444441823652748;2;0.0
Meta_780;171433;2336604.749901086;0.5;171433;284047.3010376203;0.4792937767286517;0;0.0
Meta_766;171433;2002804.0713437882;0.2777777777777778;171439;493166.41835278954;0.3587636984855976;3600;1.0
Meta_767;171433;2002804.0713437882;0.3333333333333333;171484;834737.4080444517;0.3707826287255822;3600;1.0
Meta_771;171433;2336604.749901086;0.0;170067;349471.4044482776;0.353785841499205;3600;0.5407674724369588
Meta_772;171433;2336604.749901086;0.05555555555555555;189533;1937484.3394306083;0.3401083920520435;3600;0.5133825585628042
Meta_773;171433;2336604.749901086;0.1111111111111111;171432;925603.4184613675;0.3699939761321926;3600;0.7175489043896408
Meta_774;171433;2336604.749901086;0.16666666666666666;183793;1610945.5496359633;0.3458807345761778;3600;0.6911541497097545
Meta_775;171433;2336604.749901086;0.2222222222222222;171434;513494.3192950238;0.3539017569756086;3600;1.0
Meta_776;171433;2336604.749901086;0.2777777777777778;171438;510206.477373387;0.355320191966976;3600;1.0
Meta_789;171433;2670405.4284583842;0.4444444444444444;171433;38042.93715965098;0.444441823652748;2;0.0
Meta_790;171433;2670405.4284583842;0.5;171433;284047.3010376203;0.4792937767286517;0;0.0
Meta_788;171433;2670405.4284583842;0.38888888888888884;171449;616192.107019661;0.38865928989823634;164;0.0
Meta_777;171433;2336604.749901086;0.3333333333333333;171433;896436.5040529947;0.3660631025236949;3600;1.0
Meta_781;171433;2670405.4284583842;0.0;178129;1294908.2089538767;0.34973345908016623;3600;0.5415495935215102
Meta_782;171433;2670405.4284583842;0.05555555555555555;170106;881055.8448608071;0.3492872623427909;3600;0.5435951925800244
Meta_783;171433;2670405.4284583842;0.1111111111111111;167166;446413.6038677901;0.3451819780541221;3600;0.641189363941766
Meta_784;171433;2670405.4284583842;0.16666666666666666;171430;511251.6509377714;0.3573827811541716;3600;0.7452823975481168
Meta_785;171433;2670405.4284583842;0.2222222222222222;171435;547262.5424205489;0.35487792953186126;3600;1.0
Meta_798;171433;3004206.1070156824;0.38888888888888884;171524;581020.509079402;0.3887217756468189;44;0.0
Meta_799;171433;3004206.1070156824;0.4444444444444444;171433;38042.93715965098;0.444441823652748;2;0.0
Meta_800;171433;3004206.1070156824;0.5;171433;284047.3010376203;0.4792937767286517;0;0.0
Meta_786;171433;2670405.4284583842;0.2777777777777778;171432;439667.35039987287;0.3525613979842982;3600;1.0
Meta_787;171433;2670405.4284583842;0.3333333333333333;171435;659222.6665323185;0.3599082243072673;3600;1.0
Meta_791;171433;3004206.1070156824;0.0;170867;866593.9406248676;0.3534304288747502;3600;0.5499639518293971
Meta_792;171433;3004206.1070156824;0.05555555555555555;183985;2101498.1314572766;0.3369637232301808;3600;0.5236507565890662
Meta_793;171433;3004206.1070156824;0.1111111111111111;171433;1262511.4579422832;0.37238581108463037;3600;0.7210862961723267
Meta_794;171433;3004206.1070156824;0.16666666666666666;171433;1445795.761306997;0.3616209724603557;3600;0.7398536264869591
Meta_795;171433;3004206.1070156824;0.2222222222222222;166487;310812.0256211604;0.342762674913782;3600;1.0
Meta_808;162322;0.0;0.38888888888888884;162642;0.0;0.3883062016881271;16;0.0
Meta_809;162322;0.0;0.4444444444444444;162552;0.0;0.36244860992757943;11;0.0
Meta_810;162322;0.0;0.5;162520;0.0;0.46264368902978115;0;0.0
Meta_796;171433;3004206.1070156824;0.2777777777777778;171433;441397.47300020454;0.3522782504279502;3600;1.0
Meta_797;171433;3004206.1070156824;0.3333333333333333;168662;456663.76469254907;0.34727766422413475;3600;1.0
Meta_801;162322;0.0;0.0;144670;17553.699111106413;0.2882037063980418;3600;0.4179098441605642
Meta_802;162322;0.0;0.05555555555555555;162008;116562.07721349625;0.34168984034071587;3600;0.5402602060069613
Meta_803;162322;0.0;0.1111111111111111;144693;18391.42819135228;0.2881774177274851;3600;0.5146185827019538
Meta_804;162322;0.0;0.16666666666666666;155901;60564.5785431963;0.3225779649025706;3600;0.5645783058640841
Meta_805;162322;0.0;0.2222222222222222;147618;27404.24776172108;0.2975100918962082;3600;0.6107863899426738
Meta_818;162322;333800.67855729803;0.38888888888888884;162330;212952.09484967947;0.38885687472662167;3;0.0
Meta_819;162322;333800.67855729803;0.4444444444444444;162322;179962.8898568524;0.44376000995203185;2;0.0
Meta_820;162322;333800.67855729803;0.5;162322;31626.56033762029;0.46958504450221855;0;0.0
Meta_817;162322;333800.67855729803;0.3333333333333333;162323;273056.9919537065;0.33332916497485227;143;0.0
Meta_806;162322;0.0;0.2777777777777778;160742;60346.25051955365;0.3370509879517859;3600;1.0
Meta_807;162322;0.0;0.3333333333333333;161323;80686.3237775357;0.33659112044020784;3600;1.0
Meta_811;162322;333800.67855729803;0.0;162322;255670.69849749532;0.33208585554746856;3600;0.4827245554349186
Meta_812;162322;333800.67855729803;0.05555555555555555;161180;297228.4541788815;0.3279478723456313;3600;0.506928112997468
Meta_813;162322;333800.67855729803;0.1111111111111111;161542;275916.88753611466;0.33319262298780655;3600;0.5292634699882696
Meta_814;162322;333800.67855729803;0.16666666666666666;157337;229331.05078727618;0.3193920303680282;3600;0.665461553068966
Meta_815;162322;333800.67855729803;0.2222222222222222;162322;275993.1183374251;0.33151263598594916;3600;1.0
Meta_829;162322;667601.3571145961;0.4444444444444444;162750;107980.20405696428;0.44360063884787937;2;0.0
Meta_830;162322;667601.3571145961;0.5;162322;31626.56033762029;0.46958504450221855;0;0.0
Meta_828;162322;667601.3571145961;0.38888888888888884;164424;444286.826777043;0.3888888497729033;477;0.0
Meta_816;162322;333800.67855729803;0.2777777777777778;162322;280818.6962368668;0.3327175862590243;3600;1.0
Meta_821;162322;667601.3571145961;0.0;162322;262353.75313399755;0.33285388428852536;3600;0.4984560222522436
Meta_822;162322;667601.3571145961;0.05555555555555555;159299;446893.3288207106;0.32617420960333215;3600;0.5262203878221364
Meta_823;162322;667601.3571145961;0.1111111111111111;154095;267839.3130172532;0.3123502740584996;3600;0.5938914532885348
Meta_824;162322;667601.3571145961;0.16666666666666666;162322;240840.12433631215;0.33274674820968153;3600;0.7116520793881604
Meta_825;162322;667601.3571145961;0.2222222222222222;161638;463624.1683040067;0.3301489438375312;3600;1.0
Meta_838;162322;1001402.0356718941;0.38888888888888884;162716;156557.1832188957;0.3888668763648864;2;0.0
Meta_839;162322;1001402.0356718941;0.4444444444444444;163821;78960.24726942711;0.44430824689185705;1;0.0
Meta_840;162322;1001402.0356718941;0.5;162322;31626.56033762029;0.46958504450221855;0;0.0
Meta_826;162322;667601.3571145961;0.2777777777777778;162322;547742.140762215;0.3332792198186088;3600;1.0
Meta_827;162322;667601.3571145961;0.3333333333333333;161297;423183.5470827046;0.3335037484164741;3600;1.0
Meta_831;162322;1001402.0356718941;0.0;162322;554171.911895593;0.3322652906907611;3600;0.5005192653242914
Meta_832;162322;1001402.0356718941;0.05555555555555555;155631;644599.1466065871;0.3170848985312391;3600;0.5447977435283886
Meta_833;162322;1001402.0356718941;0.1111111111111111;160183;266821.9323405516;0.3261285757221409;3600;0.5687426524410939
Meta_834;162322;1001402.0356718941;0.16666666666666666;162322;384805.55950048973;0.3328022247732327;3600;0.7234905257542494
Meta_835;162322;1001402.0356718941;0.2222222222222222;162322;391473.4525202707;0.33853417549429543;3600;1.0
Meta_848;162322;1335202.7142291921;0.38888888888888884;162322;595154.2723999999;0.3888156938127421;4;0.0
Meta_849;162322;1335202.7142291921;0.4444444444444444;162439;45409.94739001343;0.4437733821026398;2;0.0
Meta_850;162322;1335202.7142291921;0.5;162322;31626.56033762029;0.46958504450221855;0;0.0
Meta_836;162322;1001402.0356718941;0.2777777777777778;162292;568333.2969441222;0.33697799547276347;3600;1.0
Meta_837;162322;1001402.0356718941;0.3333333333333333;162322;377017.21255404945;0.33821007362836375;3600;1.0
Meta_841;162322;1335202.7142291921;0.0;159617;392082.05523621547;0.32591116143598803;3600;0.519985291094736
Meta_842;162322;1335202.7142291921;0.05555555555555555;162323;563773.9672427183;0.3369475753294321;3600;0.6049413402307515
Meta_843;162322;1335202.7142291921;0.1111111111111111;157302;619371.6818475652;0.31795616078414063;3600;0.5871687927410904
Meta_844;162322;1335202.7142291921;0.16666666666666666;162322;275080.3919241288;0.33038372528005183;3600;0.7019876222300523
Meta_845;162322;1335202.7142291921;0.2222222222222222;162322;254893.6370195113;0.33037484821725993;3600;1.0
Meta_858;162322;1669003.3927864903;0.38888888888888884;163368;897950.9207674658;0.38880833996347614;3;0.0
Meta_859;162322;1669003.3927864903;0.4444444444444444;164712;1336394.8287804343;0.441888754981106;2;0.0
Meta_860;162322;1669003.3927864903;0.5;162322;31626.56033762029;0.46958504450221855;0;0.0
Meta_846;162322;1335202.7142291921;0.2777777777777778;162322;775168.681538745;0.34344558607967546;3600;1.0
Meta_847;162322;1335202.7142291921;0.3333333333333333;162316;974001.3389423026;0.3775391096027266;3600;1.0
Meta_851;162322;1669003.3927864903;0.0;151543;567107.2322952143;0.30293406180522925;3600;0.5255166447683327
Meta_852;162322;1669003.3927864903;0.05555555555555555;162324;246519.0286615969;0.339693391856596;3600;0.5571401557890939
Meta_853;162322;1669003.3927864903;0.1111111111111111;161365;717009.7021354177;0.3290607279947612;3600;0.5855377160776478
Meta_854;162322;1669003.3927864903;0.16666666666666666;160745;270119.611508481;0.32767051580170475;3600;0.7412565624943775
Meta_855;162322;1669003.3927864903;0.2222222222222222;160878;604977.3495839459;0.3269555816486158;3600;1.0
Meta_868;162322;2002804.0713437882;0.38888888888888884;162322;263868.7233;0.3887206842801221;3;0.0
Meta_869;162322;2002804.0713437882;0.4444444444444444;165194;45271.27794042794;0.44393895713502335;2;0.0
Meta_870;162322;2002804.0713437882;0.5;162322;31626.56033762029;0.46958504450221855;0;0.0
Meta_856;162322;1669003.3927864903;0.2777777777777778;162323;844864.5869461576;0.3437367805566069;3600;1.0
Meta_857;162322;1669003.3927864903;0.3333333333333333;162323;310168.66505123785;0.3336307811309699;3600;1.0
Meta_861;162322;2002804.0713437882;0.0;159479;376425.856371589;0.32428773992656795;3600;0.5292305788034827
Meta_862;162322;2002804.0713437882;0.05555555555555555;159485;1011492.6667919719;0.3290985887630913;3600;0.5594671738544261
Meta_863;162322;2002804.0713437882;0.1111111111111111;162322;435091.56380732765;0.332254215370509;3600;0.5793341778665277
Meta_864;162322;2002804.0713437882;0.16666666666666666;162322;372912.519542369;0.33321937733597096;3600;0.7428461373185458
Meta_865;162322;2002804.0713437882;0.2222222222222222;147735;190772.54610441672;0.29235968928294603;3600;1.0
Meta_878;162322;2336604.749901086;0.38888888888888884;162331;382192.4505999999;0.38542808681515445;4;0.0
Meta_879;162322;2336604.749901086;0.4444444444444444;164854;166498.4787695365;0.4443311996632717;2;0.0
Meta_880;162322;2336604.749901086;0.5;162322;31626.56033762029;0.46958504450221855;0;0.0
Meta_866;162322;2002804.0713437882;0.2777777777777778;157178;219019.69450698316;0.31818097434894793;3600;1.0
Meta_867;162322;2002804.0713437882;0.3333333333333333;162310;1370342.626055511;0.34118276785492535;3600;1.0
Meta_871;162322;2336604.749901086;0.0;160469;380956.72983796964;0.3315552682129757;3600;0.5462647055134382
Meta_872;162322;2336604.749901086;0.05555555555555555;162233;321773.7250795472;0.3346480289162955;3600;0.5274587697289019
Meta_873;162322;2336604.749901086;0.1111111111111111;158335;351489.4029503452;0.3218694102621768;3600;0.5957869598592276
Meta_874;162322;2336604.749901086;0.16666666666666666;162322;236013.70002267865;0.331964520197625;3600;0.7577941508784345
Meta_875;162322;2336604.749901086;0.2222222222222222;156388;460041.9808532017;0.3170095062543975;3600;1.0
Meta_888;162322;2670405.4284583842;0.38888888888888884;162331;382192.4505999999;0.38542808681515445;4;0.0
Meta_889;162322;2670405.4284583842;0.4444444444444444;164854;166498.4787695365;0.4443311996632717;2;0.0
Meta_890;162322;2670405.4284583842;0.5;162322;31626.56033762029;0.46958504450221855;0;0.0
Meta_877;162322;2336604.749901086;0.3333333333333333;162412;701703.7785990975;0.33333218837848033;3502;0.0
Meta_876;162322;2336604.749901086;0.2777777777777778;162203;393428.66538762196;0.33525533741928404;3600;1.0
Meta_881;162322;2670405.4284583842;0.0;162323;425169.0797587455;0.3331352608660793;3600;0.5351051566134252
Meta_882;162322;2670405.4284583842;0.05555555555555555;160221;605793.2392619817;0.32669761257108826;3600;0.5398630168206336
Meta_883;162322;2670405.4284583842;0.1111111111111111;162325;485392.61712719366;0.33630362838233424;3600;0.6015442897393443
Meta_884;162322;2670405.4284583842;0.16666666666666666;160753;296363.4284738829;0.32707567966094353;3600;0.7207551640606205
Meta_885;162322;2670405.4284583842;0.2222222222222222;162322;613726.1506486131;0.3307226455284712;3600;1.0
Meta_898;162322;3004206.1070156824;0.38888888888888884;162331;382192.4505999999;0.38542808681515445;3;0.0
Meta_899;162322;3004206.1070156824;0.4444444444444444;164854;166498.4787695365;0.4443311996632717;2;0.0
Meta_900;162322;3004206.1070156824;0.5;162322;31626.56033762029;0.46958504450221855;0;0.0
Meta_886;162322;2670405.4284583842;0.2777777777777778;160733;593564.6279758266;0.3292889122028138;3600;1.0
Meta_887;162322;2670405.4284583842;0.3333333333333333;162330;740990.1664724983;0.36249564501991116;3600;1.0
Meta_891;162322;3004206.1070156824;0.0;162331;428109.19680821744;0.33390930547583875;3600;0.5659150983418357
Meta_892;162322;3004206.1070156824;0.05555555555555555;160978;245474.97903484263;0.33047075474663534;3600;0.5360685738517889
Meta_893;162322;3004206.1070156824;0.1111111111111111;160121;341278.41817466536;0.3269731915547796;3600;0.577567118433793
Meta_894;162322;3004206.1070156824;0.16666666666666666;162322;277066.77009208925;0.33175266263457565;3600;0.7176388333312446
Meta_907;153211;0.0;0.3333333333333333;153396;0.0;0.3317923868292516;72;0.0
Meta_908;153211;0.0;0.38888888888888884;159045;0.0;0.3878077479288602;2;0.0
Meta_909;153211;0.0;0.4444444444444444;155264;0.0;0.43931883023590595;1;0.0
Meta_910;153211;0.0;0.5;153273;0.0;0.44695110422377526;0;0.0
Meta_895;162322;3004206.1070156824;0.2222222222222222;161666;332651.5344154822;0.3296710069692309;3600;1.0
Meta_896;162322;3004206.1070156824;0.2777777777777778;162322;504822.5888418657;0.33242211193280874;3600;1.0
Meta_897;162322;3004206.1070156824;0.3333333333333333;162485;676305.1001279885;0.3329945266838895;3366;0.0
Meta_901;153211;0.0;0.0;150449;33497.90661727428;0.3065022956812114;3600;0.4136267338736855
Meta_902;153211;0.0;0.05555555555555555;150167;22640.889776536682;0.3068124124242071;3600;0.41526172013603735
Meta_903;153211;0.0;0.1111111111111111;150524;36485.30547776603;0.30644916082590695;3600;0.4447121657398849
Meta_917;153211;333800.67855729803;0.3333333333333333;153396;86339.33989999999;0.3327992637539528;13;0.0
Meta_918;153211;333800.67855729803;0.38888888888888884;153693;217596.69977796014;0.38888727513967697;4;0.0
Meta_919;153211;333800.67855729803;0.4444444444444444;153211;94366.1233;0.4373125644457776;0;0.0
Meta_920;153211;333800.67855729803;0.5;153211;94366.1233;0.4373125644457776;0;0.0
Meta_904;153211;0.0;0.16666666666666666;144631;16102.363216044945;0.2882600725319186;3600;0.4447798224134346
Meta_905;153211;0.0;0.2222222222222222;147542;24372.94716665962;0.29760372319619044;3600;0.742220897377985
Meta_906;153211;0.0;0.2777777777777778;144729;19642.73719629081;0.28814397769727224;3600;1.0
Meta_911;153211;333800.67855729803;0.0;153211;329878.0367783652;0.30979915811324626;3600;0.4207361071215878
Meta_912;153211;333800.67855729803;0.05555555555555555;150506;157339.95332423286;0.2996579395466536;3600;0.48513601577246873
Meta_913;153211;333800.67855729803;0.1111111111111111;150893;298382.21533841116;0.3016075392838299;3600;0.5245126683629925
Meta_927;153211;667601.3571145961;0.3333333333333333;154629;128515.92020000001;0.3328778908392396;9;0.0
Meta_928;153211;667601.3571145961;0.38888888888888884;153211;134410.20520000003;0.37940440559625227;6;0.0
Meta_929;153211;667601.3571145961;0.4444444444444444;153211;94366.1233;0.4373125644457776;0;0.0
Meta_930;153211;667601.3571145961;0.5;153211;94366.1233;0.4373125644457776;0;0.0
Meta_914;153211;333800.67855729803;0.16666666666666666;151138;181325.4996118016;0.3015180309327308;3600;0.7653375451833053
Meta_915;153211;333800.67855729803;0.2222222222222222;153211;177960.86032594254;0.308563802151984;3600;1.0
Meta_916;153211;333800.67855729803;0.2777777777777778;153214;289919.06247600925;0.321580344272552;3600;1.0
Meta_921;153211;667601.3571145961;0.0;152934;279914.427267715;0.31072421941427286;3600;0.5267069790410499
Meta_922;153211;667601.3571145961;0.05555555555555555;153211;206374.9285277485;0.30888864810239797;3600;0.5250208193464921
Meta_923;153211;667601.3571145961;0.1111111111111111;153211;367855.5780355174;0.3089524121608684;3600;0.6039491916112836
Meta_924;153211;667601.3571145961;0.16666666666666666;150327;207196.46391321643;0.30069961069880186;3600;0.7573856284513704
Meta_938;153211;1001402.0356718941;0.38888888888888884;154197;35667.546200000004;0.3888328135673638;14;0.0
Meta_939;153211;1001402.0356718941;0.4444444444444444;153211;94366.1233;0.4373125644457776;0;0.0
Meta_940;153211;1001402.0356718941;0.5;153211;94366.1233;0.4373125644457776;0;0.0
Meta_925;153211;667601.3571145961;0.2222222222222222;153211;250490.11214561126;0.30974204020468693;3600;1.0
Meta_937;153211;1001402.0356718941;0.3333333333333333;153218;337616.7824533797;0.33296944639311177;408;0.0
Meta_926;153211;667601.3571145961;0.2777777777777778;153211;545220.5993730759;0.30757138561087993;3600;1.0
Meta_931;153211;1001402.0356718941;0.0;153212;289405.81433887855;0.3117075119132815;3600;0.5016695714259255
Meta_932;153211;1001402.0356718941;0.05555555555555555;153217;549625.6743156061;0.3178305339326422;3600;0.6184653845412114
Meta_933;153211;1001402.0356718941;0.1111111111111111;153211;180784.2584654091;0.30865362466732843;3600;0.6099075595616975
Meta_947;153211;1335202.7142291921;0.3333333333333333;153227;304404.1692249371;0.3332666188080895;46;0.0
Meta_948;153211;1335202.7142291921;0.38888888888888884;155661;787030.1516337064;0.38885754599927735;18;0.0
Meta_949;153211;1335202.7142291921;0.4444444444444444;153211;94366.1233;0.4373125644457776;0;0.0
Meta_950;153211;1335202.7142291921;0.5;153211;94366.1233;0.4373125644457776;0;0.0
Meta_934;153211;1001402.0356718941;0.16666666666666666;153211;383033.07972120214;0.3083886438446207;3600;0.7617074173136023
Meta_935;153211;1001402.0356718941;0.2222222222222222;153211;245841.32159419486;0.3083005732427659;3600;1.0
Meta_936;153211;1001402.0356718941;0.2777777777777778;153211;806217.465129851;0.31546042760934695;3600;1.0
Meta_941;153211;1335202.7142291921;0.0;153211;643665.4233999997;0.3154131181405369;3600;0.5503061399414462
Meta_942;153211;1335202.7142291921;0.05555555555555555;153188;254411.27987325686;0.3085962895742992;3600;0.4856875536827284
Meta_943;153211;1335202.7142291921;0.1111111111111111;152048;586846.8050447319;0.3050542135894286;3600;0.5825798076757287
Meta_957;153211;1669003.3927864903;0.3333333333333333;153211;336100.5166;0.33230046596205454;111;0.0
Meta_958;153211;1669003.3927864903;0.38888888888888884;158467;424773.69806947984;0.38803046015978815;88;0.0
Meta_959;153211;1669003.3927864903;0.4444444444444444;153211;94366.1233;0.4373125644457776;0;0.0
Meta_960;153211;1669003.3927864903;0.5;153211;94366.1233;0.4373125644457776;0;0.0
Meta_944;153211;1335202.7142291921;0.16666666666666666;153211;399644.445480063;0.3120360865369607;3600;0.790099004148646
Meta_945;153211;1335202.7142291921;0.2222222222222222;151046;332995.0643083203;0.3011899541962098;3600;1.0
Meta_946;153211;1335202.7142291921;0.2777777777777778;153211;268058.98878373834;0.3086925776115111;3600;1.0
Meta_951;153211;1669003.3927864903;0.0;151395;644929.0725508357;0.3040481092497219;3600;0.5006924662461666
Meta_952;153211;1669003.3927864903;0.05555555555555555;153211;596435.5618472636;0.30822231421920665;3600;0.5179494738672056
Meta_953;153211;1669003.3927864903;0.1111111111111111;153204;417433.29706090933;0.31451049936963194;3600;0.6924321826866292
Meta_954;153211;1669003.3927864903;0.16666666666666666;153211;339687.4354271596;0.3071535289516357;3600;0.7652416618107933
Meta_967;153211;2002804.0713437882;0.3333333333333333;153462;419451.29300000006;0.3330659558243806;232;0.0
Meta_969;153211;2002804.0713437882;0.4444444444444444;153211;94366.1233;0.4373125644457776;0;0.0
Meta_968;153211;2002804.0713437882;0.38888888888888884;153424;701516.5653324533;0.38859193042512463;163;0.0
Meta_970;153211;2002804.0713437882;0.5;153211;94366.1233;0.4373125644457776;0;0.0
Meta_955;153211;1669003.3927864903;0.2222222222222222;153211;602501.9815128846;0.3120304423763372;3600;1.0
Meta_956;153211;1669003.3927864903;0.2777777777777778;153208;170035.8432911203;0.3077756140330666;3600;1.0
Meta_961;153211;2002804.0713437882;0.0;153211;217849.00216692025;0.3085588314835439;3600;0.5181913770638885
Meta_962;153211;2002804.0713437882;0.05555555555555555;152644;273937.5896073761;0.31270493852847064;3600;0.592866342590084
Meta_963;153211;2002804.0713437882;0.1111111111111111;150002;492006.9658505846;0.30082758308506014;3600;0.6041131941659379
Meta_977;153211;2336604.749901086;0.3333333333333333;154142;258868.4299906194;0.33328475924324846;101;0.0
Meta_964;153211;2002804.0713437882;0.16666666666666666;153212;383739.05057987437;0.3126733225168159;3600;0.7124497253192191
Meta_979;153211;2336604.749901086;0.4444444444444444;153211;94366.1233;0.4373125644457776;0;0.0
Meta_980;153211;2336604.749901086;0.5;153211;94366.1233;0.4373125644457776;0;0.0
Meta_978;153211;2336604.749901086;0.38888888888888884;158382;431193.6597571037;0.3888882188604996;120;0.0
Meta_965;153211;2002804.0713437882;0.2222222222222222;153211;206208.86954557657;0.3070699606557991;3600;1.0
Meta_966;153211;2002804.0713437882;0.2777777777777778;153213;1191137.243591669;0.3642135434982326;3600;1.0
Meta_971;153211;2336604.749901086;0.0;153204;324857.9414881439;0.3106874522609463;3600;0.5120758290595253
Meta_972;153211;2336604.749901086;0.05555555555555555;153211;243237.94109308245;0.30975356576456176;3600;0.5378450185743858
Meta_973;153211;2336604.749901086;0.1111111111111111;153211;207131.68142594246;0.3070740054139457;3600;0.5739647902814295
Meta_974;153211;2336604.749901086;0.16666666666666666;152715;237905.19331093648;0.307522484222355;3600;0.8297259681396693
Meta_988;153211;2670405.4284583842;0.38888888888888884;161500;462970.29411583184;0.3888888960214766;44;0.0
Meta_989;153211;2670405.4284583842;0.4444444444444444;153211;94366.1233;0.4373125644457776;0;0.0
Meta_990;153211;2670405.4284583842;0.5;153211;94366.1233;0.4373125644457776;0;0.0
Meta_975;153211;2336604.749901086;0.2222222222222222;153210;241354.5610745474;0.3081607086479428;3600;1.0
Meta_987;153211;2670405.4284583842;0.3333333333333333;153850;335773.3547;0.3329692605427939;721;0.0
Meta_976;153211;2336604.749901086;0.2777777777777778;153212;589401.8263706923;0.3324966125881851;3600;1.0
Meta_981;153211;2670405.4284583842;0.0;153211;281912.88280895713;0.3097712613336731;3600;0.5077235598123343
Meta_982;153211;2670405.4284583842;0.05555555555555555;153211;344729.07109315885;0.3094435314376848;3600;0.5206021342631149
Meta_983;153211;2670405.4284583842;0.1111111111111111;153211;227526.06906490837;0.3091424645533961;3600;0.6036964502701473
Meta_984;153211;2670405.4284583842;0.16666666666666666;153211;174113.202621004;0.30758751043138605;3600;0.7571688620439486
Meta_998;153211;3004206.1070156824;0.38888888888888884;158089;298527.04515100486;0.388879664068565;36;0.0
Meta_999;153211;3004206.1070156824;0.4444444444444444;153211;94366.1233;0.4373125644457776;0;0.0
Meta_1000;153211;3004206.1070156824;0.5;153211;94366.1233;0.4373125644457776;0;0.0
Meta_997;153211;3004206.1070156824;0.3333333333333333;153404;245121.2917;0.3323800363026942;574;0.0
Meta_985;153211;2670405.4284583842;0.2222222222222222;153215;512437.143992683;0.3399109336272278;3600;1.0
Meta_986;153211;2670405.4284583842;0.2777777777777778;153212;379522.2055325509;0.3118616848549447;3600;1.0
Meta_991;153211;3004206.1070156824;0.0;153211;460474.33382648765;0.31346118155183644;3600;0.5811624633910983
Meta_992;153211;3004206.1070156824;0.05555555555555555;152301;280482.4250878203;0.308842187586791;3600;0.530915377031236
Meta_993;153211;3004206.1070156824;0.1111111111111111;153211;594533.1379591752;0.3089565022928956;3601;0.5885158197748133
Meta_994;153211;3004206.1070156824;0.16666666666666666;152940;207336.03859682236;0.30710301039835697;3601;0.7375817713454234
Meta_995;153211;3004206.1070156824;0.2222222222222222;153211;261827.43172738588;0.3115898488691407;3602;1.0
Meta_996;153211;3004206.1070156824;0.2777777777777778;153211;226353.1082930524;0.3075969925359926;3602;1.0
