
Gurobi 11.0.3 (linux64, Java) logging started qui 05 dez 2024 06:41:09 -03

Set parameter Username
Academic license - for non-commercial use only - expires 2025-10-10
Set parameter NonConvex to value 2
Set parameter TimeLimit to value 3600
Set parameter LogToConsole to value 0
Set parameter MIPGap to value 1.1439385627166870e-07
Set parameter Threads to value 2
Set parameter NodefileDir to value "/home/ps12398/experiment_hosp/goalProgrammingMarcos/"
Set parameter NodefileStart to value 1
Gurobi Optimizer version 11.0.3 build v11.0.3rc0 (linux64)

CPU model: Intel(R) Xeon(R) CPU           X5650  @ 2.67GHz, instruction set [SSE2]
Thread count: 12 physical cores, 24 logical processors, using up to 2 threads

Optimize a model with 59756 rows, 40194 columns and 172116 nonzeros
Model fingerprint: 0xcdf73682
Model has 146 quadratic constraints
Variable types: 20028 continuous, 20166 integer (141 binary)
Coefficient statistics:
  Matrix range     [7e-03, 2e+06]
  QMatrix range    [7e-03, 5e+04]
  QLMatrix range   [1e+00, 5e+04]
  Objective range  [1e+00, 2e+07]
  Bounds range     [1e+00, 1e+08]
  RHS range        [1e+00, 2e+06]
  QRHS range       [1e-01, 1e-01]
Presolve removed 59124 rows and 39388 columns
Presolve time: 0.08s
Presolved: 1708 rows, 1133 columns, 37570 nonzeros
Presolved model has 2 SOS constraint(s)
Presolved model has 141 bilinear constraint(s)

Solving non-convex MIQCP

Variable types: 520 continuous, 613 integer (143 binary)
Found heuristic solution: objective 7032242.2745

Root relaxation: objective 0.000000e+00, 221 iterations, 0.00 seconds (0.00 work units)

    Nodes    |    Current Node    |     Objective Bounds      |     Work
 Expl Unexpl |  Obj  Depth IntInf | Incumbent    BestBd   Gap | It/Node Time

     0     0    0.00000    0  162 7032242.27    0.00000   100%     -    0s
H    0     0                    6955617.0743    0.00000   100%     -    0s
     0     0    0.00000    0  266 6955617.07    0.00000   100%     -    0s
     0     0    0.00000    0  222 6955617.07    0.00000   100%     -    0s
H    0     0                    1856878.7453    0.00000   100%     -    0s
     0     0    0.00000    0  197 1856878.75    0.00000   100%     -    0s
     0     0    0.00000    0  205 1856878.75    0.00000   100%     -    0s
     0     0    0.00000    0  205 1856878.75    0.00000   100%     -    1s
     0     2    0.00000    0  204 1856878.75    0.00000   100%     -    1s
H   93   116                    1855314.1514    0.00000   100%  58.7    2s
H  119   620                    1803731.1060    0.00000   100%  69.1    3s
H 1104  1107                    1526422.9957    0.00000   100%  21.3    4s
H 1131  1255                    1526420.5491    0.00000   100%  21.0    4s
H 1168  1255                    1359187.1926    0.00000   100%  20.5    4s
H 1252  1255                    1326068.1043    0.00000   100%  19.9    4s
  1254  1459 1038133.17  592  124 1326068.10    0.00000   100%  19.9    5s
H 1278  1459                    1212522.2672    0.00000   100%  19.8    5s
H 1991  2138                    1212522.2410    0.00000   100%  14.7    6s
H 2137  2419                    1091315.2258    0.00000   100%  13.8    6s
H 2418  1733                    1006991.6428    0.00000   100%  12.3    6s
H 2431  1731                    1002206.7416    0.00000   100%  12.3    6s
H 3101  1982                    896296.22591    0.00000   100%  10.9    7s
H 3320  2078                    848734.89964    0.00000   100%  11.1    8s
  3326  2082 848734.900 1199  146 848734.900    0.00000   100%  11.1   10s
H 3332  1984                    848733.84067    0.00000   100%  13.0   12s
  3341  1991    0.00000   17  254 848733.841    0.00000   100%  13.8   15s
  3359  2009    0.00000   22  258 848733.841    0.00000   100%  14.0   22s
  3367  2026    0.00000   24  259 848733.841    0.00000   100%  14.0   27s
  3387  2083    0.00000   29  250 848733.841    0.00000   100%  14.1   37s
  3451  2286    0.00000   49  242 848733.841    0.00000   100%  14.5   53s
  3675  2304 393875.093  121  179 848733.841    0.00000   100%  15.2   64s
  3768  2410 424437.581  146  165 848733.841    0.00000   100%  15.9   76s
  3905  2508 435370.180  174  165 848733.841    0.00000   100%  15.7   87s
  4048  2655 506111.200  202  162 848733.841    0.00000   100%  15.9   99s
  4243  2989 466831.871  236  141 848733.841    0.00000   100%  15.8  112s
H 4327  2861                    834830.74381    0.00000   100%  15.6  112s
H 4436  2731                    823208.09562    0.00000   100%  16.8  112s
H 4533  2608                    820905.62326    0.00000   100%  16.8  112s
H 4630  2491                    776658.18816    0.00000   100%  17.4  112s
H 4642  3150                    768884.30176    0.00000   100%  17.4  116s
H 5014  2949                    738597.80974    0.00000   100%  16.6  116s
H 5832  3495                    698948.48699    0.00000   100%  17.9  117s
H 6076  3344                    680985.56024    0.00000   100%  18.1  117s
H 6173  3246                    680114.17268    0.00000   100%  18.3  117s
H 6270  3150                    666946.99723    0.00000   100%  18.3  117s
  6278  4721 509427.093  679  127 666946.997    0.00000   100%  18.2  120s
H 7086  4518                    659248.40237    0.00000   100%  17.1  120s
H 7851  5427                    643538.73491    0.00000   100%  16.1  123s
H 8799  4421                    600448.02674    0.00000   100%  15.2  124s
H 8832  4316                    566243.16995    0.00000   100%  15.8  124s
  9254  4030 3848.93276   90  231 566243.170    0.00000   100%  15.4  126s
H 9393  3304                    525483.72944    0.00000   100%  15.8  126s
H 9738  3678                    524323.27376    0.00000   100%  17.2  129s
  9849  4119    0.00000   92  215 524323.274    0.00000   100%  17.1  130s
H10795  3335                    479355.03103    0.00000   100%  18.1  133s
H11192  3334                    468433.55258    0.00000   100%  19.2  134s
 11209  3569 467359.792  471  146 468433.553    0.00000   100%  19.5  136s
H11218  3515                    465671.30622    0.00000   100%  19.5  136s
H11322  3509                    461840.17223    0.00000   100%  19.7  136s
H12214  4429                    459406.34499    0.00000   100%  20.4  140s
H12984  4951                    459084.96015    0.00000   100%  22.6  144s
 13111  5387 50058.8989  102  207 459084.960    0.00000   100%  23.6  145s
H13961  6267                    459064.08888    0.00000   100%  24.2  148s
H14463  6324                    458995.12794    0.00000   100%  24.5  148s
H14495  6320                    458885.59629    0.00000   100%  24.8  148s
 14564  6593 30920.4416  101  217 458885.596    0.00000   100%  25.1  150s
H14841  6735                    458038.54848    0.00000   100%  25.3  151s
H15061  6786                    453941.53223    0.00000   100%  26.0  153s
H15176  7196                    453340.49649    0.00000   100%  26.4  154s
H15286  7187                    452543.29750    0.00000   100%  26.7  154s
H15597  7452                    452264.90306    0.00000   100%  26.6  155s
H15799  7452                    452260.13359    0.00000   100%  26.8  155s
H15959  8051                    452239.30753    0.00000   100%  27.2  157s
H16564  8349                    450510.17265    0.00000   100%  26.9  158s
H16905  8423                    449051.39166    0.00000   100%  26.8  159s
H17031  8579                    449051.39033    0.00000   100%  26.8  161s
H17114  8564                    447569.92836    0.00000   100%  26.9  161s
H17290  8691                    446720.71902    0.00000   100%  26.9  162s
H17570  9387                    445176.30000    0.00000   100%  27.3  164s
H18112  9702                    442539.91062    0.00000   100%  27.5  166s
H19784 10580                    441714.92372    0.00000   100%  28.0  171s
H20025 10924                    441248.26081    0.00000   100%  28.1  173s
H20558 11090                    440408.96963    0.00000   100%  28.4  174s
 20610 11355 15339.4011  113  173 440408.970    0.00000   100%  28.4  175s
H21692 11927                    440250.48111    0.00000   100%  28.6  179s
 21914 12221 255256.930  126  162 440250.481    0.00000   100%  28.7  180s
H22307 12346                    437735.94939    0.00000   100%  28.9  181s
H22572 12485                    436290.82768    0.00000   100%  29.3  182s
 23045 12949 403543.569  322  161 436290.828    0.00000   100%  29.1  185s
H23441 13089                    435531.28046    0.00000   100%  29.2  186s
 24231 13881 235307.849  233  130 435531.280    0.00000   100%  29.4  190s
H24449 13881                    435531.27335    0.00000   100%  29.4  190s
H24541 14216                    435531.26863    0.00000   100%  29.5  191s
 24986 14629     cutoff  164      435531.269    0.00000   100%  29.4  195s
H25636 14613                    434595.63813    0.00000   100%  29.2  195s
H26531 15219                    431750.19800    0.00000   100%  29.5  199s
 26589 15549    0.00000  100  194 431750.198    0.00000   100%  29.6  201s
H26971 15803                    431113.69702    0.00000   100%  29.6  202s
 27380 15857    0.00000  111  177 431113.697    0.00000   100%  29.9  205s
 27739 16169 194900.188  137  165 431113.697    0.00000   100%  30.2  210s
H27785 16110                    429497.00034    0.00000   100%  30.3  210s
H27843 16268                    428856.61814    0.00000   100%  30.4  211s
H28677 17049                    427967.88662    0.00000   100%  30.6  214s
H28997 17346                    427829.84663    0.00000   100%  31.0  216s
H29058 17274                    426338.81292    0.00000   100%  31.0  216s
H30224 17930                    425491.96375    0.00000   100%  31.0  221s
H30329 16925                    410851.93983    0.00000   100%  31.1  221s
H30416 16982                    410832.95845    0.00000   100%  31.1  222s
H30458 16982                    410824.64354    0.00000   100%  31.1  222s
H30504 17010                    409551.58565    0.00000   100%  31.1  224s
 30784 17146     cutoff  131      409551.586    0.00000   100%  31.2  226s
H30785 16483                    398510.71824    0.00000   100%  31.2  226s
H31044 14762                    371888.55328    0.00000   100%  31.1  227s
H31169 14190                    357578.92171    0.00000   100%  31.0  229s
H31438 13494                    344512.13084    0.00000   100%  30.9  229s
 31531 13700 161442.155  116  165 344512.131    0.00000   100%  31.0  230s
H31798 13720                    343178.07843    0.00000   100%  31.3  231s
H32325 12108                    314909.55021    0.00000   100%  31.2  234s
H32524 12133                    313591.56883    0.00000   100%  31.3  235s
H32724 12196                    313286.63339    0.00000   100%  31.2  237s
H32909 12249                    313286.63336    0.00000   100%  31.3  238s
 33018 12331 288852.190  125  169 313286.633    0.00000   100%  31.4  240s
H33076 12141                    310120.39746    0.00000   100%  31.4  240s
H33259 12149                    307596.87027    0.00000   100%  31.7  243s
 33412 12204 195643.930  110  180 307596.870    0.00000   100%  31.9  246s
H33448 12125                    305573.43521    0.00000   100%  31.9  246s
H33665 12222                    305201.96055    0.00000   100%  32.0  249s
 33694 12251 226197.321  117  175 305201.961    0.00000   100%  32.1  250s
H33726 12095                    302190.81907    0.00000   100%  32.1  250s
 34101 12590     cutoff  137      302190.819    0.00000   100%  32.6  256s
H34604 12622                    300382.98654    0.00000   100%  32.7  258s
 34719 12847 273787.786  117  178 300382.987    0.00000   100%  32.7  260s
 35598 13208 185797.576  109  183 300382.987    0.00000   100%  33.1  265s
H36003 13446                    300380.19960    0.00000   100%  33.3  267s
H36107 13374                    299449.09821    0.00000   100%  33.4  270s
H36137 13236                    296663.93694    0.00000   100%  33.5  271s
H36220 13251                    296477.83365    0.00000   100%  33.6  273s
 36238 13356 174412.384  119  175 296477.834    0.00000   100%  33.6  275s
H36246 13293                    295810.51389    0.00000   100%  33.6  275s
H36388 13289                    295641.42393    0.00000   100%  33.5  275s
H37049 13716                    295588.77007    0.00000   100%  34.1  279s
H37185 13771                    295394.16627    0.00000   100%  34.3  280s
H37462 13928                    294390.90621    0.00000   100%  34.7  280s
H37744 14056                    294148.02634    0.00000   100%  35.0  282s
 38140 14334 1634.26434  110  189 294148.026    0.00000   100%  35.3  285s
H38818 14586                    294109.26846    0.00000   100%  35.7  288s
H38848 14748                    294108.63282    0.00000   100%  35.7  290s
H39001 14744                    294033.36980    0.00000   100%  35.8  290s
H39156 14775                    293814.79579    0.00000   100%  36.0  291s
H39247 14898                    293785.80988    0.00000   100%  36.0  293s
H39490 14901                    292351.91364    0.00000   100%  36.3  294s
 39583 15028 151859.668  101  179 292351.914    0.00000   100%  36.5  296s
H39845 14992                    291285.63770    0.00000   100%  36.8  298s
H39905 14999                    289741.72351    0.00000   100%  36.9  299s
 40033 15041 72067.2890  112  194 289741.724    0.00000   100%  37.0  301s
H40183 15081                    289365.04125    0.00000   100%  37.1  302s
H40263 15167                    289121.19455    0.00000   100%  37.2  303s
H40466 15202                    288926.83378    0.00000   100%  37.2  304s
 40510 15331 181945.206   92  227 288926.834    0.00000   100%  37.2  305s
H40982 15503                    288412.89100    0.00000   100%  37.7  307s
H41102 15583                    288412.40082    0.00000   100%  38.0  309s
 41134 15641 167065.224  121  186 288412.401    0.00000   100%  38.1  313s
H41179 15599                    287787.08934    0.00000   100%  38.1  313s
 41226 15731    0.00000  104  199 287787.089    0.00000   100%  38.1  315s
H41631 16010                    287781.85140    0.00000   100%  38.4  320s
 42640 16554 227727.401  119  178 287781.851    0.00000   100%  38.8  326s
 43118 16801 91344.4744  112  186 287781.851    0.00000   100%  39.0  330s
H43877 17112                    287458.47429    0.00000   100%  39.4  334s
 44020 17411 258660.594  129  163 287458.474    0.00000   100%  39.5  336s
 44743 17804 208048.503  121  168 287458.474    0.00000   100%  39.6  340s
H45498 18248                    287272.71178    0.00000   100%  39.6  344s
H45689 18350                    287270.24388    0.00000   100%  39.7  345s
H45847 18350                    287268.86918    0.00000   100%  39.7  345s
 46366 18686 278237.743  214  147 287268.869    0.00000   100%  40.0  350s
H46990 19055                    287255.76974    0.00000   100%  40.6  355s
H48068 19572                    286973.17964    0.00000   100%  41.5  359s
 48248 19680    0.00000  102  197 286973.180    0.00000   100%  41.7  361s
H48482 19800                    286574.42635    0.00000   100%  41.8  363s
 48787 19892 44007.3718  108  188 286574.426    0.00000   100%  42.0  365s
H49117 20119                    286545.22531    0.00000   100%  42.3  367s
 49580 20357 190821.489  113  174 286545.225    0.00000   100%  42.5  371s
H50068 20703                    286539.25674    0.00000   100%  42.8  374s
H50239 20697                    286463.06540    0.00000   100%  42.9  374s
 50423 20849 133113.292  123  170 286463.065    0.00000   100%  43.0  376s
H50698 21065                    286445.23486    0.00000   100%  43.2  378s
 51026 21402 230106.889  185  157 286445.235    0.00000   100%  43.4  380s
H51441 21534                    286363.36444    0.00000   100%  43.2  385s
H51687 21578                    286264.87338    0.00000   100%  43.2  387s
 51873 21693 217844.824  120  177 286264.873    0.00000   100%  43.3  391s
 52252 22059 122162.019  106  178 286264.873    0.00000   100%  43.4  395s
H52637 22122                    286244.24732    0.00000   100%  43.6  397s
H52753 22297                    286243.47465    0.00000   100%  43.7  399s
H52927 22296                    286239.04973    0.00000   100%  43.7  399s
 53109 22403 95476.9229  105  188 286239.050    0.00000   100%  43.8  401s
 53719 22715     cutoff  121      286239.050    0.00000   100%  44.0  406s
H53958 22880                    286221.49311    0.00000   100%  44.2  408s
 54247 22945 234950.010  118  183 286221.493    0.00000   100%  44.4  410s
 54929 23351 199044.845  121  166 286221.493    0.00000   100%  44.8  416s
 55504 23562     cutoff  115      286221.493    0.00000   100%  45.0  420s
 56498 24175 107685.004  122  174 286221.493    0.00000   100%  45.5  427s
H56716 24167                    286117.81552    0.00000   100%  45.5  427s
 56866 24405 109351.556  111  174 286117.816    0.00000   100%  45.5  431s
H57278 24471                    286100.61489    0.00000   100%  45.7  432s
 57832 24704 130291.238  103  197 286100.615    0.00000   100%  46.0  436s
 58324 24956 14773.4349  102  190 286100.615    0.00000   100%  46.3  440s
 58879 25217 6891.72014  101  200 286100.615    0.00000   100%  46.6  445s
H58984 25217                    286086.67615    0.00000   100%  46.6  445s
H59057 25329                    286067.46384    0.00000   100%  46.7  447s
H59451 25421                    286065.88690    0.00000   100%  47.0  449s
 59520 25630 infeasible  123      286065.887    0.00000   100%  47.0  451s
H59961 25758                    286058.64491    0.00000   100%  47.2  453s
H60061 25755                    286002.31088    0.00000   100%  47.2  453s
 60240 25926 259681.509  114  177 286002.311    0.00000   100%  47.1  455s
 61173 26280     cutoff  118      286002.311    0.00000   100%  47.7  461s
 61731 26534     cutoff  118      286002.311    0.00000   100%  48.0  467s
H61803 26531                    285982.06477    0.00000   100%  48.0  467s
H61875 26579                    285906.28054    0.00000   100%  48.0  469s
H62030 26653                    285905.91045    0.00000   100%  48.1  471s
H62276 26748                    285873.37027    0.00000   100%  48.2  474s
 62388 26935 infeasible  116      285873.370    0.00000   100%  48.3  476s
 62987 27192 infeasible  116      285873.370    0.00000   100%  48.6  480s
H63502 27463                    285854.98369    0.00000   100%  49.0  484s
 63827 27650 142949.870  124  166 285854.984    0.00000   100%  49.1  486s
 64524 28009 53621.4522  109  186 285854.984    0.00000   100%  49.2  490s
 65823 28998 263790.692  160  162 285854.984    0.00000   100%  49.2  496s
H66356 29185                    285832.88131    0.00000   100%  49.2  498s
 66750 29382     cutoff  142      285832.881    0.00000   100%  49.2  500s
H67645 29820                    285832.86495    0.00000   100%  49.2  504s
 67841 29930 250747.772  178  158 285832.865    0.00000   100%  49.3  505s
H68459 30267                    285831.26854    0.00000   100%  49.5  507s
H68796 30510                    285822.86712    0.00000   100%  49.6  509s
 68961 30662 188431.357  147  146 285822.867    0.00000   100%  49.7  510s
 69776 31455 55684.4210   98  215 285822.867    0.00000   100%  50.0  516s
 71388 32349 226230.409  187  157 285822.867    0.00000   100%  49.8  521s
H71705 32713                    285822.09901    0.00000   100%  49.8  523s
H72058 32710                    285782.66626    0.00000   100%  49.7  523s
 72277 32708 infeasible  132      285782.666    0.00000   100%  49.7  528s
H72281 32704                    285727.35144    0.00000   100%  49.7  528s
 72401 32877 208039.527  127  169 285727.351    0.00000   100%  49.7  531s
H72802 33176                    285724.50054    0.00000   100%  49.8  532s
 73335 33880 229846.132  172  155 285724.501    0.00000   100%  49.7  535s
H73837 33880                    285715.94099    0.00000   100%  49.5  535s
H75360 34639                    285715.93781    0.00000   100%  49.1  539s
 75401 34969    0.00000   92  188 285715.938    0.00000   100%  49.1  541s
 76755 35802     cutoff  160      285715.938    0.00000   100%  48.9  545s
H76872 35799                    285692.78572    0.00000   100%  49.0  545s
H77031 36358                    285686.17342    0.00000   100%  48.9  546s
H77966 36920                    285673.13648    0.00000   100%  48.6  549s
 78588 37071 infeasible  177      285673.136    0.00000   100%  48.4  550s
H78591 37071                    285673.13641    0.00000   100%  48.4  550s
H79671 38028                    285645.87035    0.00000   100%  48.2  554s
 80249 38145 231875.921  135  165 285645.870    0.00000   100%  48.1  555s
H80464 38736                    285645.48651    0.00000   100%  48.0  556s
H81778 39114                    285645.35155    0.00000   100%  47.7  558s
 82275 39503 29640.7027  104  178 285645.352    0.00000   100%  47.6  560s
H82683 39662                    285635.73713    0.00000   100%  47.6  561s
 83053 40103 85074.3552  105  177 285635.737    0.00000   100%  47.6  565s
 84338 40991 infeasible  178      285635.737    0.00000   100%  47.5  570s
H84517 40991                    285635.35386    0.00000   100%  47.5  570s
H85604 41699                    285603.65838    0.00000   100%  47.3  575s
H85955 41878                    285601.11503    0.00000   100%  47.3  576s
 87024 42620 231087.801  107  176 285601.115    0.00000   100%  47.1  581s
H87815 43235                    285599.54491    0.00000   100%  47.1  584s
 88028 43399 12912.7710  105  182 285599.545    0.00000   100%  47.1  585s
H88880 43881                    285582.98509    0.00000   100%  47.0  589s
 88992 44088 71685.9506  147  166 285582.985    0.00000   100%  47.0  590s
 90751 45306 211736.605  209  153 285582.985    0.00000   100%  46.7  595s
 92093 46329 264666.748  165  156 285582.985    0.00000   100%  46.5  600s
H92407 46519                    285575.48930    0.00000   100%  46.5  601s
H92839 46742                    285569.42763    0.00000   100%  46.4  602s
 92990 46833 180113.563  141  159 285569.428    0.00000   100%  46.4  606s
H93064 46833                    285569.36829    0.00000   100%  46.4  606s
 93800 47371 9225.84901  102  188 285569.368    0.00000   100%  46.4  610s
H93869 47371                    285569.35105    0.00000   100%  46.4  610s
 95314 48431 227646.613  203  157 285569.351    0.00000   100%  46.0  615s
 96658 49709 271061.024  142  164 285569.351    0.00000   100%  45.9  620s
 97936 50479 infeasible  143      285569.351    0.00000   100%  45.8  625s
H98297 50487                    285564.82911    0.00000   100%  45.8  626s
H99182 51265                    285563.05147    0.00000   100%  45.8  629s
H99322 51551                    285559.89432    0.00000   100%  45.7  629s
 99724 51675 257869.515  142  162 285559.894    0.00000   100%  45.7  630s
H99805 51675                    285556.45633    0.00000   100%  45.7  630s
H100629 52285                    285543.41561    0.00000   100%  45.7  633s
H101426 52992                    285474.64589    0.00000   100%  45.7  635s
H102025 53253                    285474.62846    0.00000   100%  45.7  637s
H102788 53744                    285474.60071    0.00000   100%  45.7  639s
 103052 53994 275755.635  232  163 285474.601    0.00000   100%  45.7  640s
H103764 54358                    285467.03160    0.00000   100%  45.7  644s
 103940 54624 60626.0051  129  157 285467.032    0.00000   100%  45.7  645s
H104782 55184                    285464.54918    0.00000   100%  45.7  647s
H105357 55427                    285463.58015    0.00000   100%  45.6  649s
 105380 55498 129832.346   80  241 285463.580    0.00000   100%  45.7  650s
 106334 56347 13890.4097   96  195 285463.580    0.00000   100%  45.6  655s
H106663 56347                    284898.83890    0.00000   100%  45.6  656s
 107543 57177 277268.351  130  165 284898.839    0.00000   100%  45.7  660s
H107947 57285                    284861.49438    0.00000   100%  45.7  661s
H108611 57728                    284845.79441    0.00000   100%  45.6  665s
H108853 58110                    284845.18203    0.00000   100%  45.7  666s
H109272 58655                    284845.05981    0.00000   100%  45.7  668s
 110030 59322 225960.787  132  163 284845.060    0.00000   100%  45.6  671s
 112128 60671 232073.468  166  161 284845.060    0.00000   100%  45.1  675s
H113850 61774                    284831.74805    0.00000   100%  45.0  680s
H114988 62381                    284793.74797    0.00000   100%  44.9  684s
 115155 63000 186108.664  108  173 284793.748    0.00000   100%  45.0  685s
H115821 63278                    284792.52381    0.00000   100%  44.8  686s
 117001 63922     cutoff  122      284792.524    0.00000   100%  44.7  690s
 118474 65162 251854.042  265  152 284792.524    0.00000   100%  44.6  695s
H118995 65592                    284789.89251    0.00000   100%  44.5  697s
H119854 66230                    284723.08674    0.00000   100%  44.5  699s
 120220 66367 233060.404  119  164 284723.087    0.00000   100%  44.4  700s
H120443 66609                    284657.95497    0.00000   100%  44.4  701s
H120626 66608                    284657.08877    0.00000   100%  44.4  701s
H121326 67125                    284640.33906    0.00000   100%  44.3  703s
H121455 67220                    284640.33904    0.00000   100%  44.3  704s
 121946 67445 270529.414  206  167 284640.339    0.00000   100%  44.3  705s
H122087 67631                    284636.51024    0.00000   100%  44.3  707s
 122890 68245 43395.0043  102  184 284636.510    0.00000   100%  44.3  710s
H123889 68690                    284633.76308    0.00000   100%  44.1  712s
 125126 69660 infeasible  164      284633.763    0.00000   100%  44.1  715s
H125290 69660                    284622.92404    0.00000   100%  44.1  715s
 126948 71240     cutoff  325      284622.924    0.00000   100%  44.1  720s
H128443 72305                    284573.86009    0.00000   100%  44.0  725s
 130057 73444 263418.724  126  165 284573.860    0.00000   100%  43.9  730s
H130454 73564                    284572.57262    0.00000   100%  44.0  731s
H130519 73789                    284572.29852    0.00000   100%  44.0  732s
 131505 74497 179584.035  119  170 284572.299    0.00000   100%  43.9  735s
H131799 74720                    284569.57942    0.00000   100%  43.9  736s
 133093 75722 258687.341  131  164 284569.579    0.00000   100%  43.7  740s
H133780 76141                    284552.26441    0.00000   100%  43.7  742s
 134220 76259    0.00000  101  185 284552.264    0.00000   100%  43.7  745s
H134221 76258                    284550.63528    0.00000   100%  43.7  745s
 134767 76848 233250.417  112  179 284550.635    0.00000   100%  43.8  750s
H135138 76946                    284550.61481    0.00000   100%  43.7  751s
H135314 77058                    284516.21220    0.00000   100%  43.8  752s
H135805 77214                    284514.46367    0.00000   100%  43.9  754s
 135921 77479 infeasible  449      284514.464    0.00000   100%  43.9  755s
H137373 78374                    284504.97889    0.00000   100%  43.9  760s
H137621 78449                    284475.80619    0.00000   100%  43.9  761s
H138100 78764                    284439.88228    0.00000   100%  43.9  762s
H138205 79044                    284439.88225    0.00000   100%  43.9  763s
H139007 79411                    284439.36221    0.00000   100%  43.9  764s
H139181 79528                    284439.36192    0.00000   100%  43.8  766s
H140377 80485                    284262.05921    0.00000   100%  43.7  770s
H141595 81278                    284261.61695    0.00000   100%  43.6  773s
H141972 81340                    284261.61690    0.00000   100%  43.5  774s
 142078 81480 209339.914  118  165 284261.617    0.00000   100%  43.6  775s
H143547 82306                    284259.58395    0.00000   100%  43.6  779s
 143642 82540 273321.771  170  159 284259.584    0.00000   100%  43.6  780s
H144439 82974                    284256.15095    0.00000   100%  43.5  784s
 144701 83011 263971.765  137  165 284256.151    0.00000   100%  43.5  785s
H144772 83230                    284255.11574    0.00000   100%  43.5  786s
 146123 84209 197374.151  107  174 284255.116    0.00000   100%  43.4  790s
H147032 84742                    284254.56959    0.00000   100%  43.4  793s
 147455 85030 4527.97931  105  182 284254.570    0.00000   100%  43.4  795s
H148311 85668                    283796.17596    0.00000   100%  43.3  797s
H149346 86020                    283421.58496    0.00000   100%  43.3  800s
H149415 86457                    283405.25018    0.00000   100%  43.3  801s
H149897 86629                    283355.02637    0.00000   100%  43.3  803s
 150477 87123 77297.2154   94  196 283355.026    0.00000   100%  43.3  805s
H150770 87268                    283350.64847    0.00000   100%  43.2  806s
H151069 87366                    283350.11224    0.00000   100%  43.2  807s
H151642 87745                    283333.82874    0.00000   100%  43.3  810s
H152416 88061                    283286.88619    0.00000   100%  43.3  813s
H152869 88410                    283281.23639    0.00000   100%  43.3  814s
H152956 88587                    283280.42720    0.00000   100%  43.3  815s
H153540 88903                    283271.01435    0.00000   100%  43.3  817s
H154087 89068                    283165.66326    0.00000   100%  43.3  819s
 154146 89199 260127.972  151  160 283165.663    0.00000   100%  43.3  820s
H154943 89575                    283163.31529    0.00000   100%  43.3  823s
 155157 89866 263553.521  116  170 283163.315    0.00000   100%  43.4  825s
H156099 90427                    283161.38378    0.00000   100%  43.3  828s
H156319 90616                    283077.09081    0.00000   100%  43.3  829s
 156697 90722 infeasible  130      283077.091    0.00000   100%  43.3  830s
 157810 91603 22455.4205   95  186 283077.091    0.00000   100%  43.3  835s
 159246 92584    0.00000   95  201 283077.091    0.00000   100%  43.3  840s
H159698 92753                    283076.81252    0.00000   100%  43.3  842s
H160008 93029                    283059.41939    0.00000   100%  43.3  843s
 160136 93323 255970.728  255  167 283059.419    0.00000   100%  43.3  845s
H160734 93429                    283052.18832    0.00000   100%  43.3  847s
H160855 93514                    283024.77656    0.00000   100%  43.4  848s
H161324 93865                    283024.41085    0.00000   100%  43.4  851s
 161995 94572 196878.079  147  155 283024.411    0.00000   100%  43.5  855s
H162481 94655                    283024.16126    0.00000   100%  43.4  856s
 163388 95174    0.00000   80  231 283024.161    0.00000   100%  43.6  860s
 164275 95668     cutoff  120      283024.161    0.00000   100%  43.7  865s
H164700 95826                    283024.16094    0.00000   100%  43.8  867s
H165051 95920                    281972.90345    0.00000   100%  43.9  869s
 165142 96061 230977.735  100  184 281972.903    0.00000   100%  43.9  870s
H165321 96277                    281944.97550    0.00000   100%  43.9  871s
H165453 96258                    281816.37567    0.00000   100%  43.9  871s
 166255 96873 264364.960  130  163 281816.376    0.00000   100%  44.0  876s
H167208 97281                    281816.37274    0.00000   100%  44.0  878s
 167343 97373 224894.178  106  180 281816.373    0.00000   100%  44.0  880s
H167487 97499                    280810.58351    0.00000   100%  44.0  881s
 168584 98587 260992.581  248  154 280810.584    0.00000   100%  44.2  886s
H170644 99409                    279826.36556    0.00000   100%  44.0  891s
H170779 99435                    279822.84972    0.00000   100%  44.0  892s
H171098 99673                    279361.44527    0.00000   100%  44.0  893s
H171439 99676                    279219.25110    0.00000   100%  44.0  895s
H172095 100223                    279124.77377    0.00000   100%  43.9  897s
H172874 100655                    279122.81734    0.00000   100%  43.9  901s
 173777 101154 205780.027  141  157 279122.817    0.00000   100%  44.0  905s
H174415 101414                    279012.86912    0.00000   100%  44.1  908s
H174784 101707                    279006.96610    0.00000   100%  44.1  910s
 175821 102243     cutoff  113      279006.966    0.00000   100%  44.2  920s
H175823 102242                    278992.56203    0.00000   100%  44.2  920s
H175879 102239                    278971.77877    0.00000   100%  44.2  920s
 176737 102952     cutoff  211      278971.779    0.00000   100%  44.2  925s
H177272 103421                    278971.76990    0.00000   100%  44.2  927s
H177546 103798                    278962.26014    0.00000   100%  44.2  928s
 178299 104305 118925.675  107  176 278962.260    0.00000   100%  44.2  930s
H179657 104954                    278958.25919    0.00000   100%  44.1  934s
 179821 105319 269206.075  147  146 278958.259    0.00000   100%  44.1  935s
H180130 105285                    278704.08653    0.00000   100%  44.1  935s
 181221 106158 247727.427  212  145 278704.087    0.00000   100%  44.0  940s
H181405 106154                    278641.15708    0.00000   100%  44.0  940s
H181718 106238                    278636.65139    0.00000   100%  44.0  941s
H181744 106461                    278635.19209    0.00000   100%  44.0  943s
H181942 106457                    278623.88201    0.00000   100%  44.0  943s
H182106 106655                    278622.06321    0.00000   100%  44.0  943s
H182351 106934                    278619.60216    0.00000   100%  44.0  945s
 184087 108135 128175.078  178  160 278619.602    0.00000   100%  43.9  950s
H185024 108772                    278584.53832    0.00000   100%  43.9  953s
 185524 109146 159740.028  140  168 278584.538    0.00000   100%  43.9  955s
 186495 109885 261981.753  122  173 278584.538    0.00000   100%  44.0  960s
 188483 111305     cutoff  134      278584.538    0.00000   100%  43.9  965s
 189800 112673 139667.803  133  158 278584.538    0.00000   100%  43.8  970s
H191650 113848                    278575.03694    0.00000   100%  43.5  973s
 191791 114307 246914.295  123  169 278575.037    0.00000   100%  43.4  975s
H192448 114480                    278574.56165    0.00000   100%  43.4  976s
H192791 114829                    278573.93606    0.00000   100%  43.3  977s
H192971 114853                    278462.65385    0.00000   100%  43.3  978s
 193495 115497    0.00000   86  195 278462.654    0.00000   100%  43.3  980s
 195068 116251     cutoff  207      278462.654    0.00000   100%  43.4  985s
H195070 116251                    278459.03826    0.00000   100%  43.4  985s
H195117 116251                    278451.29989    0.00000   100%  43.4  985s
H195394 116543                    278451.29908    0.00000   100%  43.4  987s
 196033 117088 249456.675  118  170 278451.299    0.00000   100%  43.4  990s
H197049 117473                    278438.53796    0.00000   100%  43.4  993s
 197413 117725 infeasible  138      278438.538    0.00000   100%  43.4  995s
 198400 118388 48705.6630  101  188 278438.538    0.00000   100%  43.4 1000s
H198645 118407                    278425.90865    0.00000   100%  43.5 1001s
H198829 118559                    278425.84909    0.00000   100%  43.5 1002s
H198975 118576                    278418.02098    0.00000   100%  43.5 1003s
H199016 118720                    278410.27733    0.00000   100%  43.5 1004s
 199301 118800     cutoff  108      278410.277    0.00000   100%  43.5 1005s
H199374 118796                    278371.67568    0.00000   100%  43.5 1005s
 200625 119859    0.00000   92  192 278371.676    0.00000   100%  43.5 1010s
H200988 119992                    278370.91951    0.00000   100%  43.6 1011s
H201469 120143                    278360.01208    0.00000   100%  43.7 1013s
 201840 120357 infeasible  115      278360.012    0.00000   100%  43.7 1015s
H202004 120431                    278336.43579    0.00000   100%  43.7 1016s
 203025 121097     cutoff  125      278336.436    0.00000   100%  43.7 1020s
 203876 121721 24652.4658  101  179 278336.436    0.00000   100%  43.8 1025s
H204312 121827                    278336.37623    0.00000   100%  43.9 1026s
 205560 122658 125061.785   97  193 278336.376    0.00000   100%  43.9 1030s
H207024 123719                    277551.11565    0.00000   100%  43.7 1035s
H207144 124246                    277544.10137    0.00000   100%  43.7 1038s
 208114 124758 246592.218  102  181 277544.101    0.00000   100%  43.5 1040s
H208297 125118                    277531.55836    0.00000   100%  43.5 1041s
H208598 125117                    277515.56285    0.00000   100%  43.5 1041s
 210219 126625 135543.160  100  185 277515.563    0.00000   100%  43.3 1045s
H211594 127431                    277489.48850    0.00000   100%  43.3 1050s
H212207 127848                    277487.94906    0.00000   100%  43.3 1053s
 212516 128057 247385.059  129  166 277487.949    0.00000   100%  43.3 1055s
H212672 128320                    277107.82353    0.00000   100%  43.3 1055s
H213595 128824                    277107.45791    0.00000   100%  43.3 1057s
H214134 129120                    277102.14123    0.00000   100%  43.2 1059s
 214385 129211     cutoff  178      277102.141    0.00000   100%  43.2 1060s
H214386 129211                    277100.17151    0.00000   100%  43.2 1060s
 215774 130639 230275.776  365  157 277100.172    0.00000   100%  43.2 1065s
 217304 131500 67218.2152  101  183 277100.172    0.00000   100%  43.1 1070s
 219217 133023 183455.537  234  158 277100.172    0.00000   100%  43.1 1075s
 220414 133699 155115.214  109  181 277100.172    0.00000   100%  43.2 1080s
 221840 134361 234898.894  470  153 277100.172    0.00000   100%  43.2 1085s
H222666 134901                    277095.48007    0.00000   100%  43.2 1088s
 222849 135238     cutoff  118      277095.480    0.00000   100%  43.2 1090s
 224358 136176 73832.7145   97  184 277095.480    0.00000   100%  43.2 1095s
 225394 136897 225037.204  101  183 277095.480    0.00000   100%  43.2 1100s
 226754 137917 64893.2911  107  174 277095.480    0.00000   100%  43.3 1105s
 227674 138454 143199.136  106  171 277095.480    0.00000   100%  43.3 1110s
 229357 139395     cutoff  181      277095.480    0.00000   100%  43.2 1115s
H229675 139488                    277080.24183    0.00000   100%  43.2 1116s
 230019 139709    0.00000   84  227 277080.242    0.00000   100%  43.3 1120s
H230875 140320                    277079.13806    0.00000   100%  43.5 1125s
H231015 140320                    277075.91568    0.00000   100%  43.5 1125s
H231189 140544                    277073.71526    0.00000   100%  43.5 1128s
 231524 140695 69387.1061   81  236 277073.715    0.00000   100%  43.5 1130s
 231828 140989 249495.391  142  168 277073.715    0.00000   100%  43.6 1135s
H232577 141360                    277069.65999    0.00000   100%  43.7 1140s
H232712 141749                    277068.80603    0.00000   100%  43.7 1141s
H233096 141749                    277068.68806    0.00000   100%  43.6 1141s
 233788 142295 251169.596  994  161 277068.688    0.00000   100%  43.6 1145s
H234147 142256                    276816.73336    0.00000   100%  43.6 1146s
H234882 142509                    276810.13389    0.00000   100%  43.6 1148s
 235266 142698 210577.575  111  172 276810.134    0.00000   100%  43.6 1150s
H235908 143080                    276792.17716    0.00000   100%  43.6 1154s
 236041 143184     cutoff  145      276792.177    0.00000   100%  43.6 1156s
H236199 143355                    276786.59884    0.00000   100%  43.7 1157s
 236904 143801 259534.029  147  163 276786.599    0.00000   100%  43.7 1160s
 237759 144324 177032.047  152  152 276786.599    0.00000   100%  43.8 1165s
H237932 144354                    276785.06785    0.00000   100%  43.8 1166s
H237970 144354                    276779.48925    0.00000   100%  43.8 1166s
 238839 144838    0.00000   84  212 276779.489    0.00000   100%  43.9 1170s
 239673 145318 78017.1478   96  203 276779.489    0.00000   100%  43.9 1175s
 240525 145770 85704.7549  112  190 276779.489    0.00000   100%  44.0 1180s
H240632 145901                    276778.75662    0.00000   100%  44.0 1182s
 241310 146197 216989.548  107  209 276778.757    0.00000   100%  44.1 1185s
H241602 146345                    276767.70292    0.00000   100%  44.2 1186s
H242241 146696                    276755.79110    0.00000   100%  44.2 1190s
H242313 146992                    276753.84076    0.00000   100%  44.3 1191s
H242494 146990                    276748.98010    0.00000   100%  44.3 1191s
H242806 147055                    276746.75970    0.00000   100%  44.3 1193s
 242834 147246 220487.350  102  194 276746.760    0.00000   100%  44.3 1197s
H243157 147237                    276693.83707    0.00000   100%  44.3 1197s
 243252 147475     cutoff  165      276693.837    0.00000   100%  44.3 1200s
 244611 148266 245849.164  139  158 276693.837    0.00000   100%  44.4 1205s
H245217 148560                    276693.66147    0.00000   100%  44.4 1208s
H245716 148561                    276490.18341    0.00000   100%  44.4 1210s
H246356 149188                    276488.72126    0.00000   100%  44.4 1212s
H246584 149237                    276473.19954    0.00000   100%  44.4 1213s
 247007 149266 189415.787  396  141 276473.200    0.00000   100%  44.4 1215s
H247170 149266                    276470.26228    0.00000   100%  44.4 1215s
H247608 149428                    276458.68907    0.00000   100%  44.4 1217s
 248418 149766    0.00000   96  205 276458.689    0.00000   100%  44.4 1220s
H248709 149963                    276329.26463    0.00000   100%  44.4 1222s
 249507 150550 134683.897   96  204 276329.265    0.00000   100%  44.5 1225s
H250370 150888                    276318.53231    0.00000   100%  44.6 1229s
 250419 151084 231688.734  120  173 276318.532    0.00000   100%  44.6 1230s
 251430 151642 253894.175  245  155 276318.532    0.00000   100%  44.7 1235s
 252351 152409 127619.384  190  153 276318.532    0.00000   100%  44.8 1240s
 253584 152966 infeasible  125      276318.532    0.00000   100%  44.8 1245s
 254414 153432 257912.489  125  169 276318.532    0.00000   100%  44.9 1250s
 255603 154217 168062.973  181  138 276318.532    0.00000   100%  44.9 1255s
 257032 154991    0.00000   96  212 276318.532    0.00000   100%  45.0 1260s
H257090 154987                    276306.66690    0.00000   100%  45.0 1260s
 258288 155698 93296.7153   93  229 276306.667    0.00000   100%  45.0 1265s
 259082 156107 233339.968   94  185 276306.667    0.00000   100%  45.1 1270s
 259774 156395 2764.59749   87  232 276306.667    0.00000   100%  45.2 1275s
H259854 156494                    276292.58281    0.00000   100%  45.3 1276s
 260621 157030 208043.015  117  169 276292.583    0.00000   100%  45.3 1280s
H260923 156882                    276281.54210    0.00000   100%  45.4 1281s
 261690 157290 158770.169  102  219 276281.542    0.00000   100%  45.4 1285s
H262074 157601                    276281.08712    0.00000   100%  45.5 1287s
H262295 157888                    276277.16981    0.00000   100%  45.5 1288s
H263232 158183                    275333.12582    0.00000   100%  45.5 1290s
H264268 158614                    275327.32633    0.00000   100%  45.4 1292s
H264634 158989                    275318.23257    0.00000   100%  45.5 1294s
H264961 159075                    275143.11982    0.00000   100%  45.5 1296s
 265674 159331     cutoff  118      275143.120    0.00000   100%  45.6 1300s
H266019 159406                    275080.35008    0.00000   100%  45.6 1301s
H266291 159546                    275078.13069    0.00000   100%  45.7 1304s
 266348 159651    0.00000   59  213 275078.131    0.00000   100%  45.7 1305s
H266863 160071                    275071.53558    0.00000   100%  45.8 1310s
 267756 160740 171350.322  210  162 275071.536    0.00000   100%  45.8 1316s
H268295 161064                    275029.09706    0.00000   100%  45.9 1317s
H268506 161493                    274951.70064    0.00000   100%  45.9 1320s
H269327 162211                    274837.34575    0.00000   100%  45.9 1322s
 270475 162599 153013.698  182  138 274837.346    0.00000   100%  45.8 1325s
H271189 162927                    274835.83743    0.00000   100%  45.9 1327s
 271660 163221 94490.8146  108  173 274835.837    0.00000   100%  45.9 1331s
H272292 163540                    274821.20964    0.00000   100%  45.9 1332s
 273067 164592    0.00000  100  188 274821.210    0.00000   100%  45.9 1335s
H273936 164759                    274817.34736    0.00000   100%  45.8 1336s
H274056 165038                    274816.39269    0.00000   100%  45.8 1337s
 274535 165385 195672.070  107  186 274816.393    0.00000   100%  45.8 1340s
H275069 165242                    273980.30978    0.00000   100%  45.9 1342s
H275418 165000                    273426.83180    0.00000   100%  45.9 1343s
 275821 165295     cutoff  158      273426.832    0.00000   100%  45.9 1346s
H276261 165618                    273426.05702    0.00000   100%  46.0 1348s
H276386 165618                    273424.86779    0.00000   100%  46.0 1348s
 276699 165801 209508.408  117  177 273424.868    0.00000   100%  46.0 1351s
H277239 166040                    273403.88617    0.00000   100%  46.1 1354s
 277359 166099 53537.1375  108  190 273403.886    0.00000   100%  46.1 1356s
H277517 166289                    273402.75422    0.00000   100%  46.2 1357s
H277851 166420                    273350.07708    0.00000   100%  46.2 1358s
 278097 166674 203721.735  104  177 273350.077    0.00000   100%  46.2 1360s
H278439 166819                    273350.07676    0.00000   100%  46.2 1361s
H279124 167094                    273332.32652    0.00000   100%  46.3 1364s
 279209 167210 139236.136  104  188 273332.327    0.00000   100%  46.3 1366s
H279435 167233                    273316.99207    0.00000   100%  46.3 1367s
 279787 167439 infeasible  124      273316.992    0.00000   100%  46.4 1370s
 280725 167947    0.00000   79  221 273316.992    0.00000   100%  46.5 1375s
 281370 168376 1433.52512   95  220 273316.992    0.00000   100%  46.6 1380s
 282962 169202 101136.474   99  210 273316.992    0.00000   100%  46.8 1385s
H283118 169193                    273301.25762    0.00000   100%  46.8 1385s
 284122 169839 257135.869  134  167 273301.258    0.00000   100%  47.0 1391s
H284381 169788                    273231.49005    0.00000   100%  47.0 1391s
H284602 169880                    273226.56595    0.00000   100%  47.0 1393s
 284977 170091 11361.2479   78  246 273226.566    0.00000   100%  47.1 1395s
H285071 170090                    273223.74189    0.00000   100%  47.1 1395s
H285771 170498                    273160.99254    0.00000   100%  47.1 1399s
 285814 170729 88951.3908   94  193 273160.993    0.00000   100%  47.1 1400s
H286106 170723                    273143.13265    0.00000   100%  47.1 1400s
 286980 171314     cutoff  101      273143.133    0.00000   100%  47.1 1405s
H287130 171416                    273117.63049    0.00000   100%  47.2 1406s
H287513 171474                    273114.94767    0.00000   100%  47.2 1408s
H287595 171568                    273105.23564    0.00000   100%  47.2 1409s
 287796 171844 248816.734  102  182 273105.236    0.00000   100%  47.3 1410s
 288877 172264    0.00000   89  208 273105.236    0.00000   100%  47.4 1416s
H289508 172616                    273085.94854    0.00000   100%  47.5 1420s
 290488 173207 131617.095  106  194 273085.949    0.00000   100%  47.6 1426s
H290729 173207                    273083.24629    0.00000   100%  47.5 1426s
 291510 174329 252866.796  154  166 273083.246    0.00000   100%  47.6 1431s
 292746 174704     cutoff  254      273083.246    0.00000   100%  47.6 1435s
H293251 174889                    273079.96324    0.00000   100%  47.6 1437s
 293952 175493 190133.085  106  178 273079.963    0.00000   100%  47.6 1441s
H294756 175893                    273077.70558    0.00000   100%  47.7 1444s
 294809 176005 64624.3325  105  191 273077.706    0.00000   100%  47.7 1446s
 295302 176217    0.00000   84  210 273077.706    0.00000   100%  47.8 1450s
 296163 176777 229223.111  108  191 273077.706    0.00000   100%  47.9 1455s
 296871 177154     cutoff  114      273077.706    0.00000   100%  47.9 1460s
 297780 177519    0.00000   85  218 273077.706    0.00000   100%  48.1 1466s
H297854 177519                    273074.12041    0.00000   100%  48.1 1466s
 298181 177817    0.00000   65  244 273074.120    0.00000   100%  48.2 1470s
H298257 177816                    273067.51761    0.00000   100%  48.2 1470s
H298324 177847                    273062.30790    0.00000   100%  48.2 1471s
 298694 178067 infeasible  116      273062.308    0.00000   100%  48.3 1475s
H299525 178480                    273009.05022    0.00000   100%  48.4 1479s
 299703 178562    0.00000   70  208 273009.050    0.00000   100%  48.4 1481s
 300178 178729 216753.277   92  180 273009.050    0.00000   100%  48.5 1486s
H300624 178842                    272998.23196    0.00000   100%  48.7 1490s
H301070 178955                    272997.38907    0.00000   100%  48.7 1492s
H301157 179019                    272934.62501    0.00000   100%  48.7 1494s
 301495 179110 233690.456  441  171 272934.625    0.00000   100%  48.7 1495s
H301761 179109                    272933.43690    0.00000   100%  48.7 1495s
 302357 179397     cutoff   90      272933.437    0.00000   100%  48.8 1500s
H302359 179394                    272932.59514    0.00000   100%  48.8 1500s
H302501 179391                    272917.47720    0.00000   100%  48.8 1500s
H303153 179731                    272915.08079    0.00000   100%  48.9 1506s
H303607 179902                    272871.94774    0.00000   100%  48.9 1509s
 303861 180012 15815.5278   95  197 272871.948    0.00000   100%  49.0 1511s
 304343 180225 4858.02138   96  201 272871.948    0.00000   100%  49.1 1515s
H305271 180689                    272849.34042    0.00000   100%  49.1 1524s
 305381 180712    0.00000   75  210 272849.340    0.00000   100%  49.1 1525s
H305451 180844                    272825.78613    0.00000   100%  49.1 1527s
H305713 181055                    272825.78161    0.00000   100%  49.1 1529s
H305949 181048                    272819.54982    0.00000   100%  49.2 1529s
H306128 181128                    272817.86667    0.00000   100%  49.2 1530s
 306898 181518 9029.54824   94  209 272817.867    0.00000   100%  49.3 1535s
H307518 181745                    272811.94251    0.00000   100%  49.4 1539s
 307656 181968 155562.424  119  171 272811.943    0.00000   100%  49.4 1541s
H308566 182352                    272724.06276    0.00000   100%  49.5 1546s
 309347 182670 infeasible  111      272724.063    0.00000   100%  49.6 1551s
 309884 183098 158593.463   97  198 272724.063    0.00000   100%  49.7 1556s
 310337 183303     cutoff  126      272724.063    0.00000   100%  49.8 1560s
 311333 183792 infeasible  109      272724.063    0.00000   100%  49.9 1566s
 312170 184241    0.00000  103  195 272724.063    0.00000   100%  50.0 1571s
 312878 184624 258520.726  181  152 272724.063    0.00000   100%  50.0 1575s
H313831 184953                    272723.93734    0.00000   100%  50.1 1579s
 313925 185228 34021.3199   94  216 272723.937    0.00000   100%  50.1 1580s
H314277 185346                    272700.79917    0.00000   100%  50.1 1582s
H314501 185576                    272700.79039    0.00000   100%  50.2 1584s
 314859 185700    0.00000   92  227 272700.790    0.00000   100%  50.2 1585s
H315158 185856                    272696.13550    0.00000   100%  50.2 1588s
 315263 186167 191663.989  118  167 272696.135    0.00000   100%  50.2 1590s
 315739 186210 171839.462   95  228 272696.135    0.00000   100%  50.2 1595s
 316079 186521     cutoff   97      272696.135    0.00000   100%  50.3 1601s
 316618 186789 114092.273   98  230 272696.135    0.00000   100%  50.4 1605s
 317738 187483 185001.351   74  217 272696.135    0.00000   100%  50.5 1611s
 318429 187939    0.00000   89  223 272696.135    0.00000   100%  50.5 1615s
 319209 188359 infeasible   90      272696.135    0.00000   100%  50.6 1620s
 320026 188859 172479.834  129  162 272696.135    0.00000   100%  50.7 1626s
 320738 189100     cutoff  115      272696.135    0.00000   100%  50.7 1630s
H321237 189408                    272691.24840    0.00000   100%  50.8 1632s
 321693 189725 207891.939  101  180 272691.248    0.00000   100%  50.8 1636s
 322812 190248 232731.580  107  196 272691.248    0.00000   100%  50.8 1640s
 323697 190752 27133.8227   95  214 272691.248    0.00000   100%  51.0 1645s
 324756 191282    0.00000   87  219 272691.248    0.00000   100%  51.1 1650s
 325801 191920    0.00000   62  240 272691.248    0.00000   100%  51.3 1656s
 326340 192142 23865.8813   83  197 272691.248    0.00000   100%  51.4 1661s
H326410 192135                    272684.50413    0.00000   100%  51.4 1661s
 326532 192426 57360.4528   87  194 272684.504    0.00000   100%  51.4 1665s
 327347 192563     cutoff  103      272684.504    0.00000   100%  51.6 1671s
H327497 192675                    272651.03696    0.00000   100%  51.6 1673s
 327754 192712 137706.010   91  182 272651.037    0.00000   100%  51.7 1675s
 328296 192935 76645.0765   89  185 272651.037    0.00000   100%  51.9 1680s
 328962 193140 infeasible   93      272651.037    0.00000   100%  52.2 1685s
H329175 193244                    272651.03693    0.00000   100%  52.2 1687s
 329602 193404 64354.8881   81  205 272651.037    0.00000   100%  52.3 1690s
 330285 193647     cutoff   92      272651.037    0.00000   100%  52.5 1696s
H330709 193788                    272635.85801    0.00000   100%  52.6 1698s
 330825 193884 151287.019   87  194 272635.858    0.00000   100%  52.7 1700s
H331309 194111                    272632.65099    0.00000   100%  52.7 1702s
H331419 194164                    272622.71828    0.00000   100%  52.8 1708s
 331554 194226     cutoff   94      272622.718    0.00000   100%  52.8 1710s
 332156 194580 122476.175  104  195 272622.718    0.00000   100%  52.9 1715s
 332840 195166     cutoff  107      272622.718    0.00000   100%  52.9 1721s
 333965 195662     cutoff  156      272622.718    0.00000   100%  52.9 1725s
 335084 196477 235320.593  143  163 272622.718    0.00000   100%  53.0 1732s
 335771 196805 40776.9819   94  204 272622.718    0.00000   100%  53.1 1736s
 336357 197130 239885.350  102  181 272622.718    0.00000   100%  53.1 1740s
 337217 197449    0.00000   55  239 272622.718    0.00000   100%  53.3 1746s
 337690 198063 250647.274   82  213 272622.718    0.00000   100%  53.3 1750s
 338649 198473     cutoff  106      272622.718    0.00000   100%  53.4 1755s
H339540 198833                    272621.01154    0.00000   100%  53.5 1759s
 339741 198910 203992.914   99  221 272621.012    0.00000   100%  53.5 1761s
H339991 199081                    272620.12117    0.00000   100%  53.5 1763s
 340274 199188 139318.280  116  171 272620.121    0.00000   100%  53.6 1765s
H340467 199327                    272607.27906    0.00000   100%  53.6 1767s
 341047 199758 230501.002  118  178 272607.279    0.00000   100%  53.7 1771s
 341608 200077    0.00000   72  246 272607.279    0.00000   100%  53.7 1775s
 342288 200520    0.00000   96  214 272607.279    0.00000   100%  53.8 1780s
 343512 201154 infeasible  104      272607.279    0.00000   100%  53.8 1786s
 343982 201387     cutoff  120      272607.279    0.00000   100%  53.9 1790s
H344498 201611                    272606.74891    0.00000   100%  53.9 1794s
H344566 201782                    272600.04945    0.00000   100%  54.0 1796s
 345209 202570     cutoff  121      272600.049    0.00000   100%  54.0 1800s
 346678 203282 229809.318  200  145 272600.049    0.00000   100%  54.0 1806s
 347464 203857 80371.0984   86  196 272600.049    0.00000   100%  54.0 1811s
 348611 204508 infeasible  131      272600.049    0.00000   100%  53.9 1815s
 349607 204948    0.00000   80  236 272600.049    0.00000   100%  54.1 1821s
 350198 205339 99070.4469   97  191 272600.049    0.00000   100%  54.1 1826s
 351281 205920 235241.858   88  194 272600.049    0.00000   100%  54.2 1831s
 352009 206369     cutoff  154      272600.049    0.00000   100%  54.3 1836s
H352373 206445                    272590.66684    0.00000   100%  54.3 1839s
 352437 206518 47779.1421   85  203 272590.667    0.00000   100%  54.3 1841s
 353121 207007 244907.774  151  161 272590.667    0.00000   100%  54.3 1845s
 354221 207540 243663.476   97  213 272590.667    0.00000   100%  54.4 1851s
 355141 208083 229334.511  123  180 272590.667    0.00000   100%  54.4 1855s
H355327 208082                    272589.36002    0.00000   100%  54.5 1855s
H355463 208129                    272589.32204    0.00000   100%  54.5 1857s
H355572 208375                    272582.34589    0.00000   100%  54.5 1859s
 355935 208443     cutoff  103      272582.346    0.00000   100%  54.5 1861s
H356001 208443                    272580.62452    0.00000   100%  54.5 1861s
 356801 209093 176552.524  168  153 272580.625    0.00000   100%  54.6 1866s
H357176 209196                    272580.42811    0.00000   100%  54.6 1868s
 357358 209366 25707.8377   98  205 272580.428    0.00000   100%  54.6 1875s
H357689 209323                    272527.17039    0.00000   100%  54.6 1875s
 357963 209474 218841.673   93  186 272527.170    0.00000   100%  54.7 1880s
 358643 210088    0.00000   85  230 272527.170    0.00000   100%  54.7 1885s
H359435 210383                    272527.17010    0.00000   100%  54.8 1889s
 359678 210631 35788.9661  103  203 272527.170    0.00000   100%  54.8 1891s
 360233 211051    0.00000   37  244 272527.170    0.00000   100%  54.8 1895s
H360633 211197                    272472.82690    0.00000   100%  54.8 1896s
 361848 212936 190704.757   95  182 272472.827    0.00000   100%  54.7 1901s
 362974 213653    0.00000   50  256 272472.827    0.00000   100%  54.6 1908s
 363691 213821    0.00000   51  259 272472.827    0.00000   100%  54.5 1910s
 364689 214395     cutoff   98      272472.827    0.00000   100%  54.5 1916s
 365354 214794 70098.3915   92  222 272472.827    0.00000   100%  54.6 1920s
 366346 215647 107985.559  146  152 272472.827    0.00000   100%  54.5 1925s
H367306 216320                    272470.33681    0.00000   100%  54.5 1929s
 367551 216607 145227.667  140  174 272470.337    0.00000   100%  54.4 1931s
 368177 217362 254020.783  176  159 272470.337    0.00000   100%  54.4 1935s
 369741 218607 11788.8377  142  171 272470.337    0.00000   100%  54.2 1940s
 371490 220027 82632.1529  221  151 272470.337    0.00000   100%  54.1 1945s
 372882 221078 212172.889  151  153 272470.337    0.00000   100%  54.0 1951s
 374033 221672 159946.213  250  157 272470.337    0.00000   100%  53.9 1955s
H374214 221856                    272470.33116    0.00000   100%  53.9 1957s
 375254 222517 78755.0553  171  150 272470.331    0.00000   100%  53.8 1960s
H375336 222261                    272068.60901    0.00000   100%  53.8 1960s
 377614 224664 34302.8056  131  162 272068.609    0.00000   100%  53.6 1965s
 379912 226144     cutoff  209      272068.609    0.00000   100%  53.5 1970s
H380996 227097                    272032.16820    0.00000   100%  53.4 1974s
 381230 227365 14181.3274  115  172 272032.168    0.00000   100%  53.4 1975s
H381474 227364                    272029.97845    0.00000   100%  53.3 1975s
H381994 227657                    271986.89312    0.00000   100%  53.3 1976s
 383343 228901 36349.7106  127  162 271986.893    0.00000   100%  53.2 1980s
H384714 229814                    271981.81621    0.00000   100%  53.1 1983s
 384966 230322 226296.460  234  158 271981.816    0.00000   100%  53.1 1985s
 387377 231841 71270.8769  152  162 271981.816    0.00000   100%  52.9 1990s
 389103 233016     cutoff  195      271981.816    0.00000   100%  52.8 1995s
H389104 232999                    271969.58623    0.00000   100%  52.8 1995s
H389519 233412                    271969.58011    0.00000   100%  52.8 1997s
H389741 233616                    271969.56475    0.00000   100%  52.8 1998s
 390246 234173 204426.844  270  158 271969.565    0.00000   100%  52.8 2000s
 392238 235634 249237.144  307  152 271969.565    0.00000   100%  52.6 2005s
 394219 236942 172533.905  220  157 271969.565    0.00000   100%  52.5 2010s
H394263 236927                    271944.95150    0.00000   100%  52.5 2010s
H394332 237149                    271933.43511    0.00000   100%  52.5 2011s
H395502 237685                    271651.71512    0.00000   100%  52.3 2014s
 395647 237923     cutoff  777      271651.715    0.00000   100%  52.3 2015s
 397485 239591 19983.4453  126  160 271651.715    0.00000   100%  52.2 2020s
 399313 240994 165971.059  222  153 271651.715    0.00000   100%  52.1 2025s
H399549 241402                    271649.53415    0.00000   100%  52.1 2025s
 402199 243840 170962.949  222  150 271649.534    0.00000   100%  51.8 2030s
 404483 245445 125087.317  179  157 271649.534    0.00000   100%  51.7 2035s
 406127 246971 160266.108  134  161 271649.534    0.00000   100%  51.5 2040s
 407469 248044 129405.450  106  178 271649.534    0.00000   100%  51.5 2045s
 408813 248619 242043.924  412  155 271649.534    0.00000   100%  51.4 2050s
 409875 249139     cutoff  623      271649.534    0.00000   100%  51.4 2055s
H410886 249833                    271645.68534    0.00000   100%  51.3 2058s
H411056 250112                    271633.45476    0.00000   100%  51.3 2059s
 411395 250500 252592.067  248  154 271633.455    0.00000   100%  51.3 2060s
H413863 252185                    271629.92193    0.00000   100%  51.0 2064s
 414040 252242 249383.582  264  159 271629.922    0.00000   100%  51.0 2065s
H414915 252368                    271629.15117    0.00000   100%  51.0 2069s
 414963 252417 251566.364  635  159 271629.151    0.00000   100%  51.0 2070s
H415211 252492                    271610.38837    0.00000   100%  51.0 2071s
 416193 253757 244542.847  257  156 271610.388    0.00000   100%  50.9 2075s
H417616 254314                    271572.40643    0.00000   100%  50.8 2078s
H417937 254571                    271564.13006    0.00000   100%  50.8 2079s
 418082 254772 168617.585  134  160 271564.130    0.00000   100%  50.8 2080s
H419035 255331                    271561.60655    0.00000   100%  50.8 2083s
 419369 255745 156681.003  179  166 271561.607    0.00000   100%  50.8 2085s
H419537 255836                    271561.58819    0.00000   100%  50.8 2086s
H419869 256089                    271561.55321    0.00000   100%  50.7 2088s
 420270 256808 94333.8924  211  167 271561.553    0.00000   100%  50.7 2090s
 421926 257932    0.00000  100  180 271561.553    0.00000   100%  50.6 2095s
 423581 259314 235326.577  237  152 271561.553    0.00000   100%  50.4 2100s
 424969 260572 233314.910  257  164 271561.553    0.00000   100%  50.3 2105s
H426234 261547                    271557.74193    0.00000   100%  50.1 2108s
 426497 261848 60620.0521  154  166 271557.742    0.00000   100%  50.1 2110s
H426825 262113                    271547.77192    0.00000   100%  50.1 2111s
H427249 262551                    271547.72182    0.00000   100%  50.0 2112s
 427927 263488 80966.3830  138  169 271547.722    0.00000   100%  50.0 2115s
H429776 264909                    271543.69138    0.00000   100%  49.8 2118s
 430106 264910     cutoff  142      271543.691    0.00000   100%  49.7 2121s
H430107 264899                    271529.32711    0.00000   100%  49.7 2121s
H430108 264899                    271528.56984    0.00000   100%  49.7 2121s
H430188 265068                    271508.86524    0.00000   100%  49.7 2123s
H430557 265531                    271508.86310    0.00000   100%  49.7 2124s
 430785 265751 107413.785  324  161 271508.863    0.00000   100%  49.7 2125s
H431673 266782                    271506.20332    0.00000   100%  49.6 2127s
H432140 267091                    271504.03719    0.00000   100%  49.5 2128s
H432378 267592                    271495.20065    0.00000   100%  49.5 2129s
H432929 267890                    271493.69525    0.00000   100%  49.4 2130s
H434047 268607                    271472.55988    0.00000   100%  49.3 2133s
 434395 269094 172911.033  315  159 271472.560    0.00000   100%  49.3 2135s
 435922 270191 246461.556  206  167 271472.560    0.00000   100%  49.2 2140s
H437934 271968                    271462.40479    0.00000   100%  49.0 2144s
 438058 272105 221210.234  602  155 271462.405    0.00000   100%  48.9 2145s
 439963 273858 234347.324  139  175 271462.405    0.00000   100%  48.8 2150s
 440503 274063     cutoff  193      271462.405    0.00000   100%  48.7 2155s
H440520 274061                    271461.95268    0.00000   100%  48.7 2155s
 444141 277400 220085.157  530  161 271461.953    0.00000   100%  48.4 2160s
H444191 277399                    271458.95435    0.00000   100%  48.3 2160s
H444726 277765                    271434.10445    0.00000   100%  48.3 2161s
 445475 278343 196579.543  308  158 271434.104    0.00000   100%  48.3 2165s
H445560 278375                    271417.94776    0.00000   100%  48.2 2166s
H447006 279560                    271417.45696    0.00000   100%  48.1 2169s
 447222 279763 246104.580  174  171 271417.457    0.00000   100%  48.1 2170s
H447722 280044                    271410.63442    0.00000   100%  48.1 2171s
 448541 280815 241658.761  316  149 271410.634    0.00000   100%  48.0 2175s
H449026 281127                    271410.32574    0.00000   100%  47.9 2176s
H450008 281582                    271407.02334    0.00000   100%  47.8 2179s
H450143 281574                    271397.15325    0.00000   100%  47.8 2179s
H450199 281724                    271396.53760    0.00000   100%  47.8 2179s
 450400 281907 148090.627  162  162 271396.538    0.00000   100%  47.8 2180s
H450510 281904                    271392.15870    0.00000   100%  47.8 2180s
H451276 282714                    271391.54533    0.00000   100%  47.7 2182s
H451866 283170                    271391.54225    0.00000   100%  47.7 2184s
 452108 283489 223416.587  138  171 271391.542    0.00000   100%  47.7 2185s
 453808 284693 260288.157  195  156 271391.542    0.00000   100%  47.5 2190s
 455341 286039     cutoff  270      271391.542    0.00000   100%  47.4 2195s
H455580 286039                    271390.59149    0.00000   100%  47.4 2195s
H456901 287466                    271387.16223    0.00000   100%  47.3 2199s
 457552 287725     cutoff  168      271387.162    0.00000   100%  47.2 2200s
 459250 288852 224945.116  146  171 271387.162    0.00000   100%  47.1 2205s
H460092 289417                    271385.12948    0.00000   100%  47.0 2208s
 460485 289872 234645.996  171  169 271385.129    0.00000   100%  47.0 2211s
H461606 290847                    271385.12790    0.00000   100%  46.9 2213s
 462815 291850 228906.340  184  157 271385.128    0.00000   100%  46.8 2215s
 465074 293863 122681.122  205  160 271385.128    0.00000   100%  46.6 2220s
 466010 294407     cutoff  398      271385.128    0.00000   100%  46.5 2225s
 467848 296256     cutoff  415      271385.128    0.00000   100%  46.4 2230s
H469170 296878                    271382.29414    0.00000   100%  46.3 2233s
 469381 297432 26746.6642  174  158 271382.294    0.00000   100%  46.2 2235s
 471037 298404 263803.052  560  157 271382.294    0.00000   100%  46.1 2240s
H471118 298430                    271364.33759    0.00000   100%  46.1 2241s
 472168 299308     cutoff  211      271364.338    0.00000   100%  46.1 2245s
H472328 299376                    271364.25764    0.00000   100%  46.0 2245s
H473451 300699                    271107.15505    0.00000   100%  45.9 2248s
H474102 300819                    271104.40309    0.00000   100%  45.9 2248s
 474544 301273 269243.142  394  158 271104.403    0.00000   100%  45.9 2250s
H474681 301270                    271100.50965    0.00000   100%  45.8 2250s
H474717 301371                    271100.07725    0.00000   100%  45.8 2250s
 476135 302354 223516.131  189  156 271100.077    0.00000   100%  45.7 2255s
 477321 303319 43315.2674  245  150 271100.077    0.00000   100%  45.7 2260s
H479093 304651                    271098.00438    0.00000   100%  45.6 2264s
H479278 304751                    271097.37201    0.00000   100%  45.6 2265s
 480921 306023 179976.023  165  162 271097.372    0.00000   100%  45.5 2270s
H481223 306023                    271094.81673    0.00000   100%  45.5 2271s
 482266 306736     cutoff  484      271094.817    0.00000   100%  45.4 2275s
 484189 308649 51830.9197  246  158 271094.817    0.00000   100%  45.2 2280s
H486778 310519                    270979.14059    0.00000   100%  45.0 2284s
 486840 311057 39110.0522 1220  149 270979.141    0.00000   100%  45.0 2285s
 488300 311784 219351.688 1930  155 270979.141    0.00000   100%  44.9 2290s
H489811 313561                    270977.68945    0.00000   100%  44.8 2295s
H491056 314390                    270968.01540    0.00000   100%  44.7 2297s
H492025 315334                    270968.01392    0.00000   100%  44.7 2299s
 492290 315550 40648.6430  685  151 270968.014    0.00000   100%  44.6 2300s
H492712 315797                    270965.62529    0.00000   100%  44.6 2301s
 495824 318747 248916.441  197  155 270965.625    0.00000   100%  44.4 2305s
 496650 319482 18144.8279  175  163 270965.625    0.00000   100%  44.3 2310s
 497967 320389     cutoff  305      270965.625    0.00000   100%  44.2 2315s
 498748 320787 10935.2956  163  165 270965.625    0.00000   100%  44.2 2320s
H499158 321197                    270958.73366    0.00000   100%  44.2 2322s
H499301 321343                    270958.65808    0.00000   100%  44.2 2323s
H499439 321342                    270955.86549    0.00000   100%  44.2 2323s
 499659 321558 67127.5526  432  148 270955.865    0.00000   100%  44.2 2325s
H500907 322604                    270931.48041    0.00000   100%  44.1 2329s
 501255 322797     cutoff  975      270931.480    0.00000   100%  44.0 2330s
H501933 323174                    270928.93052    0.00000   100%  44.0 2335s
H502077 323262                    270928.61005    0.00000   100%  44.0 2335s
H502201 323340                    270927.17089    0.00000   100%  44.0 2336s
H503459 324617                    270880.60742    0.00000   100%  43.9 2339s
 503856 324619 72912.7095 1143  139 270880.607    0.00000   100%  43.9 2340s
H503920 324674                    270863.38233    0.00000   100%  43.9 2341s
H504530 325249                    270831.47385    0.00000   100%  43.9 2343s
 504868 325351 72998.3023 1184  139 270831.474    0.00000   100%  43.9 2345s
 505656 325779     cutoff 1303      270831.474    0.00000   100%  43.8 2350s
H505657 325778                    270829.27887    0.00000   100%  43.8 2350s
 506350 326333 73443.5660 1394  139 270829.279    0.00000   100%  43.8 2355s
 506857 326814 73643.7952 1485  139 270829.279    0.00000   100%  43.8 2360s
H507105 326885                    270825.77410    0.00000   100%  43.8 2361s
 507747 327580     cutoff 1660      270825.774    0.00000   100%  43.8 2365s
H508327 328023                    270816.70145    0.00000   100%  43.8 2367s
H508812 328584                    270781.60417    0.00000   100%  43.8 2370s
 510340 329982 254558.942  243  154 270781.604    0.00000   100%  43.8 2375s
H511482 330947                    270779.64077    0.00000   100%  43.7 2377s
 511758 331084     cutoff  545      270779.641    0.00000   100%  43.7 2380s
H511761 331080                    270776.79913    0.00000   100%  43.7 2380s
H512430 331662                    270771.85680    0.00000   100%  43.7 2383s
 513115 332258 37069.5628  179  160 270771.857    0.00000   100%  43.6 2385s
H513831 332384                    270771.28593    0.00000   100%  43.6 2386s
 515180 333442 19124.9133  177  161 270771.286    0.00000   100%  43.5 2390s
H515537 333802                    270759.74064    0.00000   100%  43.5 2391s
 516853 334931     cutoff  194      270759.741    0.00000   100%  43.4 2395s
H516855 334929                    270757.39733    0.00000   100%  43.4 2395s
H517109 311617                    257606.05945    0.00000   100%  43.4 2395s
H517110 293507                    250291.32330    0.00000   100%  43.4 2396s
H517608 293353                    250112.34529    0.00000   100%  43.4 2397s
H517693 293440                    250112.33732    0.00000   100%  43.4 2398s
H517779 287728                    248022.51260    0.00000   100%  43.4 2399s
 517781 287794 88666.3913  174  166 248022.513    0.00000   100%  43.4 2400s
H517806 229992                    225753.35359    0.00000   100%  43.4 2400s
H517887 219268                    221780.08670    0.00000   100%  43.4 2401s
H518070 212286                    218705.90165    0.00000   100%  43.4 2402s
H518692 202682                    213164.84366    0.00000   100%  43.4 2404s
 518737 202795     cutoff  174      213164.844    0.00000   100%  43.4 2405s
H519130 191759                    206162.38283    0.00000   100%  43.3 2406s
H519768 190936                    205438.68974    0.00000   100%  43.3 2407s
H520225 173478                    194483.41966    0.00000   100%  43.3 2409s
H520280 170612                    192174.99994    0.00000   100%  43.3 2410s
H520499 171460                    192174.88582    0.00000   100%  43.3 2411s
H521564 166033                    188147.82455    0.00000   100%  43.2 2412s
H521630 164149                    186881.51391    0.00000   100%  43.2 2412s
 522215 164524 140778.505  163  163 186881.514    0.00000   100%  43.2 2415s
H522339 163820                    186367.28158    0.00000   100%  43.2 2416s
H522365 159132                    182727.47518    0.00000   100%  43.2 2417s
H523858 160208                    182727.07761    0.00000   100%  43.1 2419s
H524170 155814                    179256.06352    0.00000   100%  43.0 2420s
H524311 155656                    179108.53176    0.00000   100%  43.0 2420s
H524553 154423                    177877.63674    0.00000   100%  43.0 2421s
H524848 154302                    177591.73146    0.00000   100%  43.0 2421s
H525089 152508                    176324.36767    0.00000   100%  43.0 2422s
H525276 152698                    176324.34302    0.00000   100%  43.0 2423s
H525484 150872                    174509.69036    0.00000   100%  43.0 2424s
H525834 150382                    174110.77115    0.00000   100%  42.9 2425s
H525967 150072                    173837.30530    0.00000   100%  42.9 2426s
H525994 149056                    173550.39508    0.00000   100%  42.9 2426s
H526020 148152                    172627.85439    0.00000   100%  42.9 2427s
H526770 148084                    172072.43586    0.00000   100%  42.9 2428s
 527542 148947 123824.458 1213  166 172072.436    0.00000   100%  42.8 2430s
H527805 150026                    171887.16090    0.00000   100%  42.8 2431s
H529192 149513                    171340.22930    0.00000   100%  42.7 2432s
H529333 149575                    171271.50822    0.00000   100%  42.7 2432s
H529417 149451                    171157.56119    0.00000   100%  42.7 2432s
H529829 147999                    169783.03659    0.00000   100%  42.7 2434s
 530054 148230 137178.383  183  162 169783.037    0.00000   100%  42.7 2435s
H530538 148044                    169639.45068    0.00000   100%  42.6 2437s
H530626 147572                    169030.92592    0.00000   100%  42.6 2438s
H530983 146249                    167829.07245    0.00000   100%  42.6 2439s
 531152 146252 137510.612  311  162 167829.072    0.00000   100%  42.6 2440s
H531211 145528                    167181.04582    0.00000   100%  42.6 2440s
H531259 145318                    166914.42707    0.00000   100%  42.6 2440s
H532194 145162                    166626.21051    0.00000   100%  42.6 2443s
H532447 141455                    163636.59529    0.00000   100%  42.6 2444s
 532523 141543     cutoff  434      163636.595    0.00000   100%  42.6 2445s
H532941 141213                    163036.29017    0.00000   100%  42.5 2446s
H533981 141857                    163036.28614    0.00000   100%  42.5 2447s
H534127 141756                    162973.87015    0.00000   100%  42.5 2447s
H534592 141750                    162962.54623    0.00000   100%  42.4 2448s
H534661 141439                    162713.03448    0.00000   100%  42.4 2449s
 535099 141480     cutoff  559      162713.034    0.00000   100%  42.4 2450s
H535716 140973                    162100.96403    0.00000   100%  42.4 2451s
H535716 140576                    161714.61530    0.00000   100%  42.4 2451s
H536090 140682                    161657.92531    0.00000   100%  42.3 2453s
H536403 140552                    161515.25658    0.00000   100%  42.3 2455s
H536602 140739                    161493.50087    0.00000   100%  42.3 2456s
H536979 140517                    161259.62875    0.00000   100%  42.3 2457s
H537336 140714                    161201.01182    0.00000   100%  42.3 2458s
H537399 140488                    160996.99402    0.00000   100%  42.3 2459s
 537583 140729 132012.659  155  166 160996.994    0.00000   100%  42.3 2460s
H537634 140683                    160971.52530    0.00000   100%  42.3 2460s
H538241 140593                    160916.49083    0.00000   100%  42.3 2463s
H538276 140352                    160731.65648    0.00000   100%  42.3 2464s
 538348 140402     cutoff  153      160731.656    0.00000   100%  42.3 2465s
H538565 140394                    160701.48641    0.00000   100%  42.3 2465s
H538649 140340                    160671.97599    0.00000   100%  42.3 2466s
H538772 140328                    160671.97597    0.00000   100%  42.3 2467s
H538869 140235                    160598.09987    0.00000   100%  42.3 2467s
H539053 140276                    160598.09240    0.00000   100%  42.3 2468s
H539468 140269                    160530.72778    0.00000   100%  42.2 2470s
H539812 140465                    160481.10047    0.00000   100%  42.2 2471s
H539981 140471                    160445.37554    0.00000   100%  42.2 2472s
H541248 140910                    160123.69525    0.00000   100%  42.2 2475s
H542038 141306                    160123.00720    0.00000   100%  42.1 2477s
H542125 141393                    160087.98738    0.00000   100%  42.1 2478s
 543469 143016 137800.857  797  167 160087.987    0.00000   100%  42.0 2480s
H544207 143470                    160018.65210    0.00000   100%  42.0 2482s
H545666 144066                    160018.65112    0.00000   100%  41.9 2484s
 545878 144133 infeasible  103      160018.651    0.00000   100%  41.9 2485s
H545987 144610                    159938.82751    0.00000   100%  41.8 2486s
H546808 144792                    159902.52831    0.00000   100%  41.8 2487s
H547587 144736                    159706.36982    0.00000   100%  41.8 2489s
 547785 145008 124147.178  144  171 159706.370    0.00000   100%  41.7 2490s
 548828 145465 116504.042  131  166 159706.370    0.00000   100%  41.7 2495s
H548927 145312                    159462.09872    0.00000   100%  41.7 2496s
H549092 144225                    158224.26953    0.00000   100%  41.7 2497s
H549333 144128                    158177.68661    0.00000   100%  41.7 2497s
H549365 143763                    158020.41045    0.00000   100%  41.7 2497s
 549456 143884     cutoff  178      158020.410    0.00000   100%  41.7 2500s
H549472 143553                    157878.49512    0.00000   100%  41.7 2500s
H549576 143518                    157848.56611    0.00000   100%  41.7 2501s
H549601 142076                    156741.36888    0.00000   100%  41.7 2501s
H549812 142110                    156711.81410    0.00000   100%  41.7 2504s
 549814 142144     cutoff  123      156711.814    0.00000   100%  41.7 2505s
H550057 142033                    156426.98227    0.00000   100%  41.7 2509s
 550247 142093 137746.813  158  151 156426.982    0.00000   100%  41.7 2510s
H550380 141959                    156315.39115    0.00000   100%  41.7 2510s
H550410 141758                    156102.80095    0.00000   100%  41.7 2510s
H550437 141771                    156098.83680    0.00000   100%  41.7 2511s
H550572 141519                    155819.73006    0.00000   100%  41.7 2514s
 550575 141524     cutoff  107      155819.730    0.00000   100%  41.7 2515s
H550627 140939                    155291.02772    0.00000   100%  41.7 2515s
H550670 140713                    155017.98708    0.00000   100%  41.7 2517s
H550731 140867                    154888.77853    0.00000   100%  41.7 2518s
H551186 140977                    154888.75522    0.00000   100%  41.7 2520s
H551419 141116                    154888.28715    0.00000   100%  41.7 2524s
H551447 141094                    154867.41280    0.00000   100%  41.7 2524s
H551534 141126                    154835.07657    0.00000   100%  41.7 2525s
H551539 141126                    154833.12754    0.00000   100%  41.7 2525s
H551915 141119                    154691.46219    0.00000   100%  41.7 2528s
H552091 140911                    154477.57957    0.00000   100%  41.7 2529s
 552154 140924    0.00000   91  187 154477.580    0.00000   100%  41.7 2530s
H552232 140834                    154346.77589    0.00000   100%  41.7 2532s
H552299 140844                    154340.00525    0.00000   100%  41.7 2532s
H552424 140879                    154311.27319    0.00000   100%  41.8 2533s
 552640 140992 79123.6782  103  181 154311.273    0.00000   100%  41.8 2535s
 552832 141068     cutoff  142      154311.273    0.00000   100%  41.8 2540s
H552941 141115                    154311.27082    0.00000   100%  41.8 2541s
 553499 141464     cutoff  104      154311.271    0.00000   100%  41.8 2545s
H553536 141257                    154114.03058    0.00000   100%  41.8 2545s
H553604 141321                    154113.23260    0.00000   100%  41.8 2546s
H553724 141336                    154104.28961    0.00000   100%  41.8 2547s
H554088 141367                    153962.17568    0.00000   100%  41.8 2549s
 554138 141365     cutoff   93      153962.176    0.00000   100%  41.8 2551s
H554259 141340                    153925.02937    0.00000   100%  41.8 2552s
 554457 141849     cutoff  124      153925.029    0.00000   100%  41.9 2555s
 555005 142424 110372.080  320  157 153925.029    0.00000   100%  41.8 2560s
H556230 142806                    153897.66457    0.00000   100%  41.8 2565s
H556742 142999                    153893.92375    0.00000   100%  41.8 2569s
H556838 143225                    153893.92278    0.00000   100%  41.8 2570s
H557098 143205                    153873.63163    0.00000   100%  41.8 2570s
H557396 143211                    153832.26291    0.00000   100%  41.8 2572s
 557484 143227 89615.3623   98  184 153832.263    0.00000   100%  41.8 2575s
H557517 143189                    153784.97704    0.00000   100%  41.8 2575s
H557697 143318                    153781.90392    0.00000   100%  41.9 2579s
 557755 143451 infeasible  102      153781.904    0.00000   100%  41.9 2580s
H557796 143451                    153781.81555    0.00000   100%  41.9 2580s
 558125 143645 7815.60393   99  184 153781.816    0.00000   100%  41.9 2585s
H559101 144135                    153781.80654    0.00000   100%  41.8 2589s
H559113 144135                    153780.52344    0.00000   100%  41.9 2589s
H559245 144294                    153774.57612    0.00000   100%  41.9 2590s
H560285 144800                    153762.35985    0.00000   100%  41.8 2595s
H560402 144855                    153755.95676    0.00000   100%  41.9 2596s
H560950 145076                    153745.73410    0.00000   100%  41.9 2599s
 561003 145089 76669.5102   99  185 153745.734    0.00000   100%  41.9 2601s
H561031 145071                    153725.01229    0.00000   100%  41.9 2601s
H561057 145162                    153706.84240    0.00000   100%  41.9 2603s
H561261 145167                    153697.39908    0.00000   100%  41.9 2604s
H561304 145131                    153669.41262    0.00000   100%  41.9 2604s
 561358 145326     cutoff  106      153669.413    0.00000   100%  41.9 2605s
H562104 145821                    153669.40942    0.00000   100%  41.9 2607s
H562261 145820                    153665.24817    0.00000   100%  41.9 2608s
 562369 145874 50336.7825   97  189 153665.248    0.00000   100%  41.9 2610s
H562391 145711                    153536.53502    0.00000   100%  41.9 2610s
 562763 145875 13621.3782   97  185 153536.535    0.00000   100%  41.9 2615s
H562937 145878                    153509.47583    0.00000   100%  41.9 2618s
H562979 145878                    153509.47481    0.00000   100%  42.0 2619s
 563049 145889     cutoff   97      153509.475    0.00000   100%  42.0 2620s
 563279 145943 63255.0503   96  184 153509.475    0.00000   100%  42.0 2625s
H563373 146140                    153505.44766    0.00000   100%  42.1 2629s
 563572 146250 13947.9676   97  182 153505.448    0.00000   100%  42.1 2630s
H563851 146302                    153504.18309    0.00000   100%  42.1 2633s
 563930 146381 103568.962  101  179 153504.183    0.00000   100%  42.1 2635s
H564174 146374                    153487.66897    0.00000   100%  42.1 2636s
 564421 146488 146294.316  145  167 153487.669    0.00000   100%  42.2 2641s
H564457 146472                    153474.65616    0.00000   100%  42.2 2641s
H564741 146676                    153449.44658    0.00000   100%  42.2 2645s
H564824 146927                    153443.44393    0.00000   100%  42.2 2647s
H565499 147178                    153443.24804    0.00000   100%  42.2 2649s
 565508 147198    0.00000   83  196 153443.248    0.00000   100%  42.2 2651s
H565529 147160                    153412.17640    0.00000   100%  42.2 2651s
 565738 147179 107963.966  102  184 153412.176    0.00000   100%  42.2 2656s
 565961 147219    0.00000   86  195 153412.176    0.00000   100%  42.3 2660s
H566221 147314                    153387.62441    0.00000   100%  42.3 2664s
 566289 147431 72434.5764  105  176 153387.624    0.00000   100%  42.4 2666s
H566620 147490                    153380.05543    0.00000   100%  42.4 2669s
 566741 147560 115159.269  109  182 153380.055    0.00000   100%  42.4 2670s
 567928 148687     cutoff  127      153380.055    0.00000   100%  42.4 2676s
H568598 148839                    153372.05099    0.00000   100%  42.4 2681s
 569556 149400 94354.8740  138  163 153372.051    0.00000   100%  42.4 2686s
H569579 149397                    153371.15613    0.00000   100%  42.4 2686s
 569986 149567    0.00000   96  183 153371.156    0.00000   100%  42.4 2691s
 570409 150062 104884.903  132  156 153371.156    0.00000   100%  42.4 2695s
 571569 150764 131999.356  145  165 153371.156    0.00000   100%  42.3 2701s
H572147 151230                    153347.77701    0.00000   100%  42.3 2704s
 572492 151307 125659.714  106  183 153347.777    0.00000   100%  42.3 2705s
 572920 151676 25227.0381  100  183 153347.777    0.00000   100%  42.4 2712s
 573368 151715 48530.5063  103  176 153347.777    0.00000   100%  42.4 2715s
 573728 152667 139400.018  142  165 153347.777    0.00000   100%  42.4 2720s
 575176 152895 infeasible  103      153347.777    0.00000   100%  42.4 2725s
 576090 153350     cutoff  109      153347.777    0.00000   100%  42.4 2731s
 576896 153605 77641.2925  123  168 153347.777    0.00000   100%  42.4 2736s
 577524 153950     cutoff  164      153347.777    0.00000   100%  42.4 2740s
H578541 154287                    153336.23534    0.00000   100%  42.4 2744s
 578849 154288 infeasible  111      153336.235    0.00000   100%  42.4 2749s
H578851 154265                    153308.77015    0.00000   100%  42.4 2749s
 578852 154326 65046.4122  112  174 153308.770    0.00000   100%  42.4 2751s
H579176 154642                    153217.38361    0.00000   100%  42.4 2754s
 579758 154679     cutoff  116      153217.384    0.00000   100%  42.4 2756s
H579760 154558                    153099.11216    0.00000   100%  42.4 2756s
H579930 154542                    153036.81670    0.00000   100%  42.4 2757s
 580456 155009 138006.067  159  158 153036.817    0.00000   100%  42.5 2760s
H581240 155244                    152988.30162    0.00000   100%  42.4 2761s
 582557 155973     cutoff  119      152988.302    0.00000   100%  42.4 2765s
H583492 156130                    152985.39200    0.00000   100%  42.4 2769s
 583556 156236    0.00000  104  182 152985.392    0.00000   100%  42.4 2770s
H583922 156334                    152973.32043    0.00000   100%  42.4 2773s
 584104 156485 128659.457  171  162 152973.320    0.00000   100%  42.4 2776s
H584222 156478                    152967.33496    0.00000   100%  42.4 2776s
H584365 156555                    152954.83456    0.00000   100%  42.4 2777s
 584960 156954 40268.4911  102  181 152954.835    0.00000   100%  42.4 2781s
H585118 156954                    152954.66296    0.00000   100%  42.5 2781s
H585243 156932                    152918.75823    0.00000   100%  42.5 2783s
H585308 157028                    152908.21278    0.00000   100%  42.5 2784s
 585486 157241 93289.3784  102  180 152908.213    0.00000   100%  42.5 2786s
H585936 157297                    152895.13615    0.00000   100%  42.5 2790s
 586720 157825 80930.6326  101  181 152895.136    0.00000   100%  42.6 2796s
H587180 157879                    152889.17081    0.00000   100%  42.5 2798s
 587608 158074 90786.8569   93  194 152889.171    0.00000   100%  42.6 2801s
 588978 158724 20028.4445   89  202 152889.171    0.00000   100%  42.5 2807s
 589315 158902 11259.7554   91  192 152889.171    0.00000   100%  42.5 2810s
 590364 159326 21144.0835   97  191 152889.171    0.00000   100%  42.6 2816s
 590739 159642 133504.135  112  175 152889.171    0.00000   100%  42.6 2821s
H590902 159626                    152876.27494    0.00000   100%  42.6 2821s
H590989 159356                    152648.59231    0.00000   100%  42.6 2822s
H591705 159529                    152631.00770    0.00000   100%  42.6 2823s
 591999 159631 125106.718  183  162 152631.008    0.00000   100%  42.6 2825s
H592962 159736                    152627.62583    0.00000   100%  42.6 2828s
H593168 159926                    152625.75968    0.00000   100%  42.6 2829s
 593347 159972    0.00000   93  185 152625.760    0.00000   100%  42.6 2831s
 593677 160066     cutoff  155      152625.760    0.00000   100%  42.6 2835s
 593997 160120    0.00000  100  184 152625.760    0.00000   100%  42.7 2840s
H594260 160176                    152622.83308    0.00000   100%  42.7 2843s
 594306 160195     cutoff  130      152622.833    0.00000   100%  42.8 2845s
H594508 160218                    152619.73002    0.00000   100%  42.8 2848s
H594553 160227                    152619.33113    0.00000   100%  42.8 2850s
 594823 160413 143451.746  111  182 152619.331    0.00000   100%  42.8 2856s
H594899 160413                    152618.91330    0.00000   100%  42.9 2856s
H595289 160631                    152596.36528    0.00000   100%  42.8 2857s
 595719 160897     cutoff  105      152596.365    0.00000   100%  42.9 2861s
H595720 160828                    152554.36146    0.00000   100%  42.9 2861s
H596196 161023                    152549.19443    0.00000   100%  42.9 2863s
H596332 161134                    152547.74290    0.00000   100%  42.9 2865s
 596951 161216     cutoff  110      152547.743    0.00000   100%  42.9 2871s
H597099 161247                    152545.05545    0.00000   100%  43.0 2874s
 597203 161266 31217.7602   96  183 152545.055    0.00000   100%  43.0 2876s
 597393 161314 57527.7883   98  184 152545.055    0.00000   100%  43.1 2880s
 597681 161349 89557.0142   98  188 152545.055    0.00000   100%  43.1 2886s
H597731 161347                    152544.64333    0.00000   100%  43.1 2886s
 597851 161399    0.00000   96  190 152544.643    0.00000   100%  43.2 2890s
 598216 161484 80709.8226  103  185 152544.643    0.00000   100%  43.3 2896s
H598653 161613                    152489.08894    0.00000   100%  43.3 2900s
H598960 161693                    152488.90897    0.00000   100%  43.4 2906s
H599123 161721                    152488.85024    0.00000   100%  43.4 2908s
H599158 161713                    152481.71128    0.00000   100%  43.4 2908s
 599341 161754 45357.4458  105  184 152481.711    0.00000   100%  43.4 2910s
H599574 161784                    152481.61951    0.00000   100%  43.5 2914s
 599740 161817 infeasible  108      152481.620    0.00000   100%  43.5 2916s
 600099 162135 125157.866  255  169 152481.620    0.00000   100%  43.5 2921s
H600418 162177                    152479.55368    0.00000   100%  43.6 2923s
 600528 162183     cutoff  102      152479.554    0.00000   100%  43.6 2925s
 600935 162281 18372.9350   95  189 152479.554    0.00000   100%  43.7 2931s
 601160 162322    0.00000   91  197 152479.554    0.00000   100%  43.7 2935s
 601673 162552 16361.6830   99  190 152479.554    0.00000   100%  43.8 2941s
 601991 162604 50752.3165  100  185 152479.554    0.00000   100%  43.9 2946s
 602258 162678 31017.9596   80  220 152479.554    0.00000   100%  43.9 2950s
 602728 162886 106057.328   97  188 152479.554    0.00000   100%  44.0 2957s
 603044 162913 93942.7223   96  195 152479.554    0.00000   100%  44.1 2960s
 603340 162967 78832.2094  103  181 152479.554    0.00000   100%  44.1 2965s
H603455 163055                    152474.15573    0.00000   100%  44.2 2967s
 603979 163126 145063.828  188  172 152474.156    0.00000   100%  44.2 2970s
 605755 163184     cutoff  435      152474.156    0.00000   100%  44.1 2976s
 606907 163191     cutoff  613      152474.156    0.00000   100%  44.1 2981s
 608396 163206 136278.119  829  165 152474.156    0.00000   100%  44.1 2986s
 609356 163242 136278.119  950  166 152474.156    0.00000   100%  44.1 2991s
 610348 163778 86304.7690   98  185 152474.156    0.00000   100%  44.1 2996s
 610805 163837 infeasible  101      152474.156    0.00000   100%  44.2 3000s
H610838 163829                    152466.27835    0.00000   100%  44.2 3000s
 611135 163921 54595.8352   98  183 152466.278    0.00000   100%  44.2 3005s
H611246 164106                    152462.72274    0.00000   100%  44.3 3007s
H611667 164129                    152446.29045    0.00000   100%  44.3 3010s
H611974 164258                    152436.87841    0.00000   100%  44.3 3013s
H612265 164424                    152435.53553    0.00000   100%  44.4 3016s
 612579 164466 100822.425   97  189 152435.536    0.00000   100%  44.4 3020s
H612867 164515                    152430.80499    0.00000   100%  44.5 3023s
 612939 164571 5068.56838   93  200 152430.805    0.00000   100%  44.5 3025s
 613372 164685    0.00000   84  199 152430.805    0.00000   100%  44.6 3031s
 613720 164712  718.92241   92  193 152430.805    0.00000   100%  44.7 3036s
 613977 164752    0.00000   83  199 152430.805    0.00000   100%  44.8 3040s
 614236 164815     cutoff  100      152430.805    0.00000   100%  44.8 3045s
H614308 164801                    152422.75161    0.00000   100%  44.8 3045s
 614572 164858 101716.071  103  186 152422.752    0.00000   100%  44.9 3050s
 614770 164923 70543.2534   96  193 152422.752    0.00000   100%  44.9 3055s
H615079 165084                    152409.00136    0.00000   100%  45.0 3059s
 615316 165113 47890.2437  100  180 152409.001    0.00000   100%  45.0 3061s
 616343 165214 129371.754  302  179 152409.001    0.00000   100%  45.0 3067s
 617276 165299     cutoff  106      152409.001    0.00000   100%  45.1 3071s
H617277 165283                    152401.56786    0.00000   100%  45.1 3071s
H617530 165425                    152397.68234    0.00000   100%  45.1 3074s
 617850 165677 13324.6056  102  179 152397.682    0.00000   100%  45.1 3076s
H618328 165770                    152387.63612    0.00000   100%  45.1 3078s
 618732 165839 148864.088  141  165 152387.636    0.00000   100%  45.1 3080s
 619914 167049     cutoff  214      152387.636    0.00000   100%  45.1 3085s
 621917 168332 127219.820 1893  164 152387.636    0.00000   100%  45.0 3090s
H622464 168247                    152330.81172    0.00000   100%  45.0 3091s
 622692 168369 76687.1781   96  194 152330.812    0.00000   100%  45.1 3095s
 623008 168427 115300.189  101  185 152330.812    0.00000   100%  45.1 3100s
 623316 168502 infeasible   98      152330.812    0.00000   100%  45.2 3105s
 623615 168539 145961.774  118  169 152330.812    0.00000   100%  45.3 3111s
 623859 168588 60752.8732   91  191 152330.812    0.00000   100%  45.3 3115s
H624166 168484                    152212.47767    0.00000   100%  45.4 3120s
H624529 168836                    152209.84547    0.00000   100%  45.4 3125s
H625139 169058                    152158.65280    0.00000   100%  45.4 3127s
H625653 169378                    152138.36820    0.00000   100%  45.4 3130s
H626724 169575                    152137.68994    0.00000   100%  45.4 3132s
 627661 170080 47752.1592  103  179 152137.690    0.00000   100%  45.4 3136s
 628802 170448     cutoff  111      152137.690    0.00000   100%  45.4 3141s
 629397 170600 52015.0320  103  182 152137.690    0.00000   100%  45.4 3145s
H629659 170615                    152121.46445    0.00000   100%  45.4 3147s
 630010 170787 62933.2913  107  183 152121.464    0.00000   100%  45.4 3150s
H630592 170881                    152080.05866    0.00000   100%  45.5 3154s
 630631 170927 infeasible  110      152080.059    0.00000   100%  45.5 3156s
 631168 171149 111878.020   96  197 152080.059    0.00000   100%  45.5 3161s
H631202 171149                    152079.38040    0.00000   100%  45.5 3161s
 631571 171203 45899.8778   98  185 152079.380    0.00000   100%  45.6 3166s
H631642 171214                    152075.99294    0.00000   100%  45.6 3168s
 631691 171236 40989.0569   97  187 152075.993    0.00000   100%  45.6 3170s
 631993 171277 77577.0224   96  191 152075.993    0.00000   100%  45.7 3175s
 632278 171366 24412.4042   90  196 152075.993    0.00000   100%  45.8 3181s
H632566 171397                    152075.33944    0.00000   100%  45.9 3184s
 632609 171426 71767.8401   94  191 152075.339    0.00000   100%  45.9 3186s
 632971 171453 110904.984   97  189 152075.339    0.00000   100%  46.0 3191s
 633232 171474 82170.6750   95  184 152075.339    0.00000   100%  46.0 3195s
 633563 171537 94293.4828   98  195 152075.339    0.00000   100%  46.1 3201s
 633704 171588 28679.9286   80  208 152075.339    0.00000   100%  46.2 3205s
 634003 171748    0.00000   97  186 152075.339    0.00000   100%  46.3 3211s
H634241 171821                    152074.74035    0.00000   100%  46.3 3214s
 634477 171992 68053.2252   96  190 152074.740    0.00000   100%  46.3 3216s
 634928 172049 infeasible   94      152074.740    0.00000   100%  46.4 3220s
 635129 172125    0.00000   86  198 152074.740    0.00000   100%  46.4 3226s
H635191 172117                    152068.72130    0.00000   100%  46.4 3226s
 635569 172204 91836.1948   96  185 152068.721    0.00000   100%  46.5 3231s
H635624 172193                    152062.46809    0.00000   100%  46.5 3231s
 635895 172287 129642.456  115  174 152062.468    0.00000   100%  46.6 3237s
H635984 172282                    152057.64977    0.00000   100%  46.6 3237s
 636213 172306 105198.206  110  179 152057.650    0.00000   100%  46.6 3241s
 636456 172367 52182.2738   98  192 152057.650    0.00000   100%  46.7 3245s
 636770 172411 86741.7161   94  190 152057.650    0.00000   100%  46.8 3250s
 637182 172511 104502.113   91  193 152057.650    0.00000   100%  46.9 3255s
 637424 172563 55456.4164   93  186 152057.650    0.00000   100%  46.9 3260s
H637502 172506                    152015.56768    0.00000   100%  47.0 3260s
H637984 172945                    152015.48410    0.00000   100%  47.1 3267s
 638908 173238 91591.5048  122  178 152015.484    0.00000   100%  47.1 3272s
H639254 173148                    151968.45401    0.00000   100%  47.2 3274s
 639305 173173 infeasible   98      151968.454    0.00000   100%  47.2 3277s
 639652 173225    0.00000   94  188 151968.454    0.00000   100%  47.3 3281s
 639957 173333    0.00000   92  194 151968.454    0.00000   100%  47.4 3285s
 640326 173356    0.00000   94  192 151968.454    0.00000   100%  47.5 3292s
H640414 173279                    151910.95743    0.00000   100%  47.5 3292s
 640601 173614    0.00000  100  185 151910.957    0.00000   100%  47.5 3297s
 641061 173780     cutoff  116      151910.957    0.00000   100%  47.6 3300s
H641343 173776                    151907.15968    0.00000   100%  47.6 3300s
 641741 173904 54591.5185   95  184 151907.160    0.00000   100%  47.6 3305s
H642097 173940                    151905.79080    0.00000   100%  47.7 3308s
 642209 173980 43741.9078   97  186 151905.791    0.00000   100%  47.7 3310s
H642300 173979                    151904.08207    0.00000   100%  47.7 3310s
 642651 174139 7439.39513   82  208 151904.082    0.00000   100%  47.8 3316s
 643046 174322    0.00000   84  184 151904.082    0.00000   100%  47.9 3321s
 643716 174838 147102.231   96  174 151904.082    0.00000   100%  47.9 3327s
 644303 175279 149214.192  135  170 151904.082    0.00000   100%  47.9 3330s
 645860 175878 79026.7654  100  178 151904.082    0.00000   100%  47.9 3335s
H646432 176034                    151898.82382    0.00000   100%  47.9 3338s
 646563 176211 7576.19819   94  187 151898.824    0.00000   100%  47.9 3340s
 647316 176380    0.00000   69  193 151898.824    0.00000   100%  48.0 3347s
H647695 176524                    151898.82380    0.00000   100%  48.0 3349s
 647731 177078     cutoff  176      151898.824    0.00000   100%  48.0 3352s
 648891 177475 75390.3582  100  173 151898.824    0.00000   100%  48.0 3356s
H649475 177578                    151898.19245    0.00000   100%  48.0 3358s
 649776 177822 66648.1650   97  182 151898.192    0.00000   100%  48.0 3361s
 651442 178971 130812.504  808  163 151898.192    0.00000   100%  47.9 3365s
 652725 179457 infeasible   92      151898.192    0.00000   100%  47.9 3370s
H653297 179609                    151898.15553    0.00000   100%  47.9 3371s
 653730 180902 113393.628  236  150 151898.156    0.00000   100%  47.9 3376s
H655950 182315                    151897.81757    0.00000   100%  47.8 3379s
 656495 182379 80724.5475  111  170 151897.818    0.00000   100%  47.8 3380s
 657145 182558 20660.2290   89  189 151897.818    0.00000   100%  47.8 3386s
H657233 182564                    151894.55193    0.00000   100%  47.8 3387s
 657607 182802 147093.317  164  165 151894.552    0.00000   100%  47.8 3391s
 658896 183603     cutoff  132      151894.552    0.00000   100%  47.8 3395s
H659509 183949                    151888.85422    0.00000   100%  47.8 3397s
 660541 184504 78812.9856   95  191 151888.854    0.00000   100%  47.8 3401s
H661629 184876                    151885.08743    0.00000   100%  47.8 3405s
H662653 185249                    151876.26170    0.00000   100%  47.8 3411s
 663218 185339     cutoff  100      151876.262    0.00000   100%  47.9 3415s
 663535 185368 27068.8452   95  183 151876.262    0.00000   100%  47.9 3420s
H663724 185459                    151874.19734    0.00000   100%  48.0 3422s
 664402 185855     cutoff  235      151874.197    0.00000   100%  47.9 3426s
 664936 185894    0.00000   97  187 151874.197    0.00000   100%  48.0 3430s
H665218 186054                    151869.02172    0.00000   100%  48.0 3433s
 665392 186055 55015.0931   98  182 151869.022    0.00000   100%  48.0 3435s
H665960 186556                    151868.94959    0.00000   100%  48.1 3441s
H666648 186616                    151867.50992    0.00000   100%  48.0 3443s
 666825 186685 105294.219  101  181 151867.510    0.00000   100%  48.0 3445s
H667242 186740                    151867.24471    0.00000   100%  48.1 3448s
 667313 186901    0.00000   96  184 151867.245    0.00000   100%  48.1 3450s
 668484 187615 102321.111  317  153 151867.245    0.00000   100%  48.0 3455s
 670745 189261 60274.0847  275  169 151867.245    0.00000   100%  47.9 3461s
 672518 190472 117795.252  765  169 151867.245    0.00000   100%  47.8 3465s
 673893 191547 72934.1409 1381  161 151867.245    0.00000   100%  47.8 3471s
 675106 192128 122528.245  103  179 151867.245    0.00000   100%  47.8 3476s
 675530 192186 89479.8127  104  180 151867.245    0.00000   100%  47.8 3480s
H675701 192199                    151867.17446    0.00000   100%  47.8 3481s
 675860 192233 148838.339  104  171 151867.174    0.00000   100%  47.9 3485s
 676502 192408 138477.390  172  149 151867.174    0.00000   100%  47.9 3491s
 676903 192484    0.00000   93  185 151867.174    0.00000   100%  48.0 3496s
 677411 192752     cutoff  101      151867.174    0.00000   100%  48.1 3501s
 678009 192911    0.00000   91  191 151867.174    0.00000   100%  48.1 3506s
 678290 192949  327.06937   98  184 151867.174    0.00000   100%  48.1 3510s
 678553 193014  976.72052   94  185 151867.174    0.00000   100%  48.2 3515s
H678780 193069                    151866.46656    0.00000   100%  48.2 3519s
 678852 193089 30182.6522   91  202 151866.467    0.00000   100%  48.3 3521s
 679132 193146 129207.627  101  187 151866.467    0.00000   100%  48.3 3525s
 679401 193201 150003.194   95  179 151866.467    0.00000   100%  48.4 3530s
 679810 193267     cutoff  102      151866.467    0.00000   100%  48.5 3536s
H679936 193280                    151862.36296    0.00000   100%  48.5 3538s
 680152 193301 14500.6742   94  189 151862.363    0.00000   100%  48.5 3541s
 680407 193325 126619.913   88  201 151862.363    0.00000   100%  48.6 3545s
H680723 193491                    151861.65670    0.00000   100%  48.7 3550s
H680830 193489                    151860.97679    0.00000   100%  48.7 3550s
 681213 193596 144101.005  138  164 151860.977    0.00000   100%  48.7 3555s
 681621 193652 22350.7217   97  178 151860.977    0.00000   100%  48.7 3560s
 682137 193708 118084.450   98  180 151860.977    0.00000   100%  48.9 3566s
 682492 193802 66550.1254   94  186 151860.977    0.00000   100%  48.9 3570s
 682873 194673    0.00000   85  204 151860.977    0.00000   100%  49.0 3576s
H683928 194843                    151860.30658    0.00000   100%  48.9 3578s
 684189 194869 1600.70466   93  187 151860.307    0.00000   100%  49.0 3580s
 684640 195048 40989.6874   88  200 151860.307    0.00000   100%  49.0 3586s
 685118 195257 infeasible   98      151860.307    0.00000   100%  49.1 3590s
H685228 195241                    151854.29187    0.00000   100%  49.1 3590s
 685641 195348 76464.9668   92  191 151854.292    0.00000   100%  49.2 3596s
 685946 195393 infeasible   96      151854.292    0.00000   100%  49.2 3600s

Cutting planes:
  Gomory: 1
  Implied bound: 49
  MIR: 47
  Flow cover: 9
  RLT: 15

Explored 686014 nodes (33780472 simplex iterations) in 3600.07 seconds (2059.98 work units)
Thread count was 2 (of 24 available processors)

Solution count 10: 151854 151860 151861 ... 151869

Time limit reached
Best objective 1.518542918683e+05, best bound 0.000000000000e+00, gap 100.0000%
