
Gurobi 11.0.3 (linux64, Java) logging started qui 05 dez 2024 22:50:06 -03

Set parameter Username
Academic license - for non-commercial use only - expires 2025-10-10
Set parameter NonConvex to value 2
Set parameter TimeLimit to value 3600
Set parameter LogToConsole to value 0
Set parameter MIPGap to value 1.1439385627166870e-07
Set parameter Threads to value 2
Set parameter NodefileDir to value "/home/ps12398/experiment_hosp/goalProgrammingMarcos/"
Set parameter NodefileStart to value 1
Gurobi Optimizer version 11.0.3 build v11.0.3rc0 (linux64)

CPU model: Intel(R) Xeon(R) CPU           X5650  @ 2.67GHz, instruction set [SSE2]
Thread count: 12 physical cores, 24 logical processors, using up to 2 threads

Optimize a model with 59756 rows, 40194 columns and 172116 nonzeros
Model fingerprint: 0x0611c138
Model has 146 quadratic constraints
Variable types: 20028 continuous, 20166 integer (141 binary)
Coefficient statistics:
  Matrix range     [7e-03, 2e+06]
  QMatrix range    [7e-03, 5e+04]
  QLMatrix range   [1e+00, 5e+04]
  Objective range  [1e+00, 2e+07]
  Bounds range     [1e+00, 1e+08]
  RHS range        [1e+00, 3e+06]
  QRHS range       [8e-02, 8e-02]
Presolve removed 59124 rows and 39388 columns
Presolve time: 0.11s
Presolved: 1708 rows, 1133 columns, 37570 nonzeros
Presolved model has 2 SOS constraint(s)
Presolved model has 141 bilinear constraint(s)

Solving non-convex MIQCP

Variable types: 520 continuous, 613 integer (143 binary)
Found heuristic solution: objective 6385788.0970

Root relaxation: objective 0.000000e+00, 199 iterations, 0.01 seconds (0.00 work units)

    Nodes    |    Current Node    |     Objective Bounds      |     Work
 Expl Unexpl |  Obj  Depth IntInf | Incumbent    BestBd   Gap | It/Node Time

     0     0    0.00000    0  145 6385788.10    0.00000   100%     -    0s
H    0     0                    2937538.2676    0.00000   100%     -    0s
     0     0    0.00000    0  289 2937538.27    0.00000   100%     -    0s
     0     0    0.00000    0  218 2937538.27    0.00000   100%     -    0s
     0     0    0.00000    0  216 2937538.27    0.00000   100%     -    0s
     0     0    0.00000    0  230 2937538.27    0.00000   100%     -    1s
     0     0    0.00000    0  223 2937538.27    0.00000   100%     -    1s
     0     2    0.00000    0  223 2937538.27    0.00000   100%     -    1s
H  137   375                    2848762.0221    0.00000   100%  59.7    3s
H  213   375                    2035460.9232    0.00000   100%  48.0    3s
H  374   530                    1785469.3213    0.00000   100%  38.0    3s
H  694   858                    1585403.9980    0.00000   100%  27.7    4s
   857  1041 1182314.02  384  138 1585404.00    0.00000   100%  26.7    5s
H 1040  1105                    1501108.4811    0.00000   100%  25.8    5s
H 1072  1105                    1493306.2355    0.00000   100%  25.3    5s
H 1104  1193                    1453818.1214    0.00000   100%  25.9    5s
H 1192  1268                    1435717.6193    0.00000   100%  27.8    6s
H 1948  1925                    1391991.3906    0.00000   100%  32.2    8s
  2009  1927    0.00000   24  185 1391991.39    0.00000   100%  32.3   10s
  2021  1935 1275761.13  535  149 1391991.39    0.00000   100%  32.1   15s
H 2048  1869                    1390009.4833    0.00000   100%  38.4   18s
  2078  1917    0.00000   23  270 1390009.48    0.00000   100%  38.8   23s
  2119  1979    0.00000   32  288 1390009.48    0.00000   100%  38.7   29s
H 2123  1885                    1373381.3186    0.00000   100%  38.7   29s
  2194  1985 462218.900   54  242 1373381.32    0.00000   100%  38.4   39s
  2317  2045 1027825.34   94  198 1373381.32    0.00000   100%  37.2   49s
H 2422  2041                    1321108.0408    0.00000   100%  36.4   58s
  2547  2043     cutoff  153      1321108.04    0.00000   100%  36.2   65s
H 2661  2071                    1320103.2593    0.00000   100%  36.4   76s
  2813  2331 676120.058   59  240 1320103.26    0.00000   100%  36.6   88s
H 2870  2212                    1292912.6542    0.00000   100%  36.3   88s
H 2976  2102                    1288627.0194    0.00000   100%  35.4   88s
H 3051  2006                    1280254.4156    0.00000   100%  35.3   88s
  3124  2576 infeasible   87      1280254.42    0.00000   100%  35.0   92s
H 3125  2507                    1280243.6690    0.00000   100%  35.0   92s
H 3408  2349                    1280243.2298    0.00000   100%  36.0   92s
  3759  2998    0.00000   31  288 1280243.23    0.00000   100%  33.1   95s
H 4173  2799                    1280063.4248    0.00000   100%  31.6   95s
H 4587  3091                    1219149.6195    0.00000   100%  29.4   96s
H 4689  2802                    1156684.9943    0.00000   100%  30.0   96s
  5415  3289 744387.375  107  162 1156684.99    0.00000   100%  28.6  101s
H 5776  3287                    1150730.3652    0.00000   100%  28.2  101s
  6233  3976    0.00000   25  289 1150730.37    0.00000   100%  28.7  105s
H 6432  3968                    1147852.9915    0.00000   100%  28.8  105s
H 6982  3583                    1118142.8156    0.00000   100%  28.7  109s
  7358  3965    0.00000   24  281 1118142.82    0.00000   100%  29.3  111s
H 7776  4272                    1117514.3689    0.00000   100%  29.6  114s
  8122  4381     cutoff   83      1117514.37    0.00000   100%  30.0  115s
H 8508  4783                    1111959.2429    0.00000   100%  31.8  119s
H 8639  4753                    1110430.5235    0.00000   100%  32.1  119s
H 8743  5013                    1093588.2180    0.00000   100%  32.5  122s
  9585  5500 863041.122   68  219 1093588.22    0.00000   100%  32.9  126s
H 9797  5500                    1093579.8072    0.00000   100%  33.2  126s
H 9965  5919                    1092239.3602    0.00000   100%  33.5  128s
H10071  5908                    1090947.1409    0.00000   100%  33.8  128s
H10410  6012                    1075446.5680    0.00000   100%  33.4  130s
H10930  6169                    1063486.1031    0.00000   100%  34.4  132s
H11624  6830                    1059461.7174    0.00000   100%  34.5  135s
H12374  7476                    1059217.7099    0.00000   100%  34.9  138s
H12690  7754                    1059065.7191    0.00000   100%  35.1  140s
H12886  7740                    1058888.3624    0.00000   100%  35.2  140s
H13922  8738                    1055987.5734    0.00000   100%  35.7  147s
 14530  9243 497238.909   59  226 1055987.57    0.00000   100%  35.7  150s
H14744  9243                    1055985.4132    0.00000   100%  35.9  150s
 15638 10354 998557.439  216  134 1055985.41    0.00000   100%  36.6  155s
H16285 10697                    1055541.8486    0.00000   100%  35.9  157s
H17105 11286                    1055526.1835    0.00000   100%  36.0  159s
H17249 11263                    1053693.1076    0.00000   100%  35.9  159s
 17432 11445 1029228.13   90  178 1053693.11    0.00000   100%  35.9  161s
 18193 12217    0.00000   32  283 1053693.11    0.00000   100%  36.5  166s
H19259 12776                    1052354.2766    0.00000   100%  36.5  173s
H19260 12770                    1051829.7506    0.00000   100%  36.5  173s
 19261 12988 607023.783   65  226 1051829.75    0.00000   100%  36.5  175s
H19437 12980                    1050995.8402    0.00000   100%  36.3  175s
H19534 13121                    1050939.4015    0.00000   100%  36.2  176s
H20194 13743                    1050897.0268    0.00000   100%  36.3  179s
 20467 13955 958018.898  131  155 1050897.03    0.00000   100%  36.5  181s
H20723 14163                    1049030.2767    0.00000   100%  36.7  182s
H20989 14521                    1049030.2765    0.00000   100%  36.9  184s
 21472 14793 573217.884   73  212 1049030.28    0.00000   100%  36.6  185s
H22318 15623                    1049018.3571    0.00000   100%  36.3  189s
 22891 16192 944042.555  116  161 1049018.36    0.00000   100%  35.6  190s
H23556 16384                    1048690.9697    0.00000   100%  35.0  192s
H24395 16789                    1048389.5086    0.00000   100%  35.4  196s
H24422 16867                    1047309.1098    0.00000   100%  35.5  197s
H24527 16976                    1046562.2058    0.00000   100%  35.5  199s
H24683 17270                    1046562.1949    0.00000   100%  35.6  200s
H25168 17422                    1045312.6031    0.00000   100%  35.8  202s
H26410 18791                    1045252.2345    0.00000   100%  35.3  206s
H26410 18790                    1045219.8430    0.00000   100%  35.3  206s
H27636 19346                    1045219.8350    0.00000   100%  35.2  209s
H27791 19584                    1044886.8534    0.00000   100%  35.3  211s
H28202 19940                    1042991.5518    0.00000   100%  35.6  213s
 28910 20429     cutoff  103      1042991.55    0.00000   100%  35.6  215s
H29087 20427                    1042665.5962    0.00000   100%  35.7  215s
H29468 20667                    1041686.6699    0.00000   100%  35.6  216s
 30312 21545 319035.290   53  267 1041686.67    0.00000   100%  35.6  220s
H30528 21545                    1041677.7279    0.00000   100%  35.5  220s
 31304 22355 147471.443   46  271 1041677.73    0.00000   100%  35.7  226s
H31481 22354                    1041532.3037    0.00000   100%  35.7  226s
 32245 22997 11941.3001   38  280 1041532.30    0.00000   100%  35.7  230s
 33581 24145 1013010.63  131  148 1041532.30    0.00000   100%  36.0  235s
 34590 24962 483683.805   71  219 1041532.30    0.00000   100%  36.2  240s
H35501 25725                    1041286.5013    0.00000   100%  36.5  244s
 35800 25976 486278.985   56  252 1041286.50    0.00000   100%  36.5  245s
 36832 26832 163481.820   39  274 1041286.50    0.00000   100%  36.8  250s
H37865 27477                    1041046.3697    0.00000   100%  37.0  252s
H37997 27630                    1040921.8698    0.00000   100%  37.0  253s
 38553 28213 969849.719  145  160 1040921.87    0.00000   100%  37.1  255s
H39268 28619                    1040877.1587    0.00000   100%  37.2  258s
H39388 28891                    1040874.7918    0.00000   100%  37.2  259s
 39671 28905     cutoff   85      1040874.79    0.00000   100%  37.2  261s
 40387 29651 32372.4517   39  284 1040874.79    0.00000   100%  37.2  265s
H40489 29624                    1039810.7894    0.00000   100%  37.2  265s
H41402 30518                    1039810.7808    0.00000   100%  37.3  269s
 41640 30666     cutoff  121      1039810.78    0.00000   100%  37.3  271s
H41731 30661                    1039607.6407    0.00000   100%  37.3  271s
 42531 31530 1003640.23  117  164 1039607.64    0.00000   100%  37.3  275s
H42996 31696                    1039525.1054    0.00000   100%  37.3  276s
H43101 32130                    1039438.5005    0.00000   100%  37.2  278s
H43338 32126                    1039371.8510    0.00000   100%  37.2  278s
 43781 32709 48764.7629   38  284 1039371.85    0.00000   100%  37.2  280s
H44431 32828                    1039246.2822    0.00000   100%  37.1  282s
H44517 33095                    1039246.2702    0.00000   100%  37.1  283s
H44854 33158                    1039182.0956    0.00000   100%  37.2  286s
H44936 27437                    954534.66138    0.00000   100%  37.2  286s
H44962 26129                    927359.17052    0.00000   100%  37.2  288s
 45619 26714 808128.489   68  214 927359.171    0.00000   100%  37.1  291s
H45743 26453                    922170.63150    0.00000   100%  37.1  291s
H46108 24434                    879509.53659    0.00000   100%  37.0  292s
H46684 24913                    876524.39067    0.00000   100%  37.1  296s
H46806 24704                    871503.96381    0.00000   100%  37.2  296s
H47368 24369                    851733.12098    0.00000   100%  37.2  298s
 47459 24511 289729.810   43  275 851733.121    0.00000   100%  37.2  300s
H47577 24479                    851055.90987    0.00000   100%  37.2  300s
H47774 24551                    847688.92565    0.00000   100%  37.4  301s
H48050 24532                    841926.20510    0.00000   100%  37.4  303s
H48320 24742                    841415.75403    0.00000   100%  37.4  304s
H48471 24917                    841397.33632    0.00000   100%  37.5  305s
H48832 25051                    839464.35066    0.00000   100%  37.5  307s
H49138 24921                    834573.15932    0.00000   100%  37.5  308s
 49523 25383 581929.517   59  242 834573.159    0.00000   100%  37.6  311s
H50018 25230                    826117.51054    0.00000   100%  37.6  317s
H50122 25217                    822761.80826    0.00000   100%  37.6  319s
 50148 25351 624085.064   67  220 822761.808    0.00000   100%  37.6  320s
H51141 25761                    814063.82921    0.00000   100%  37.7  325s
H51695 26118                    813003.27368    0.00000   100%  37.9  328s
H51798 26105                    812622.86683    0.00000   100%  37.9  329s
H51898 26134                    810175.45710    0.00000   100%  37.9  330s
H52088 26280                    808244.15817    0.00000   100%  38.0  332s
H52375 26402                    808109.72272    0.00000   100%  38.0  333s
H52456 26097                    800508.20987    0.00000   100%  38.0  333s
H52569 26210                    800508.14910    0.00000   100%  38.1  334s
H52655 26143                    798135.61566    0.00000   100%  38.1  334s
H52714 26421                    797676.90018    0.00000   100%  38.1  336s
H53063 26490                    794115.42310    0.00000   100%  38.1  337s
 53669 26888 412486.050   54  256 794115.423    0.00000   100%  38.2  340s
H53771 26807                    791775.53494    0.00000   100%  38.2  340s
H53880 26951                    790603.57196    0.00000   100%  38.2  342s
H54028 26875                    788899.40132    0.00000   100%  38.2  342s
H54183 26987                    788546.00012    0.00000   100%  38.3  344s
H54368 27171                    787515.25006    0.00000   100%  38.3  345s
H55034 27532                    785944.30489    0.00000   100%  38.4  348s
H55178 27599                    785944.20899    0.00000   100%  38.4  351s
H55531 27851                    785345.28440    0.00000   100%  38.5  354s
 55670 28075 573140.979   59  245 785345.284    0.00000   100%  38.5  356s
H56515 28588                    785344.72962    0.00000   100%  38.7  360s
H56899 28868                    785171.02309    0.00000   100%  38.7  361s
H57052 29027                    784966.93229    0.00000   100%  38.7  362s
H57289 29245                    784223.24894    0.00000   100%  38.8  364s
 57599 29420 245056.592   50  260 784223.249    0.00000   100%  38.8  366s
H57708 29420                    784205.69473    0.00000   100%  38.9  366s
H57965 29622                    783723.33796    0.00000   100%  38.9  367s
H58372 29931                    783452.38216    0.00000   100%  39.0  370s
H58921 30336                    783443.79842    0.00000   100%  39.1  373s
H59078 30335                    783374.78480    0.00000   100%  39.1  373s
 59418 30783 681197.444   66  232 783374.785    0.00000   100%  39.2  376s
H59811 30929                    783367.51873    0.00000   100%  39.3  377s
H60153 31144                    783061.82270    0.00000   100%  39.3  379s
 60278 31254 194897.562   47  263 783061.823    0.00000   100%  39.4  383s
H60607 31772                    783020.04652    0.00000   100%  39.4  386s
H61299 32006                    782994.90885    0.00000   100%  39.4  388s
 61714 32326 686478.665   67  211 782994.909    0.00000   100%  39.5  391s
H61823 32326                    782993.80430    0.00000   100%  39.5  391s
 62457 33046 2872.80234   41  275 782993.804    0.00000   100%  39.7  395s
H62846 33200                    782873.53512    0.00000   100%  39.8  397s
 63449 33644 180079.421   47  274 782873.535    0.00000   100%  39.8  400s
H64144 34271                    782872.97131    0.00000   100%  40.0  405s
H64464 34389                    782872.95029    0.00000   100%  40.0  406s
H64552 34369                    782616.11103    0.00000   100%  40.1  406s
 65336 34957 737888.629   79  200 782616.111    0.00000   100%  40.1  411s
H65542 35006                    782396.46976    0.00000   100%  40.3  413s
 65611 35208 747939.163   65  226 782396.470    0.00000   100%  40.3  415s
H66443 35724                    782394.09111    0.00000   100%  40.3  418s
H66900 36158                    782383.70144    0.00000   100%  40.3  421s
H67011 36149                    782166.42711    0.00000   100%  40.3  421s
H67448 36613                    782166.42434    0.00000   100%  40.4  424s
 67670 36886 742845.748   88  192 782166.424    0.00000   100%  40.4  425s
 68739 37505 236454.014   44  270 782166.424    0.00000   100%  40.4  430s
H68863 37505                    782164.42876    0.00000   100%  40.5  430s
H68940 37721                    782033.77787    0.00000   100%  40.5  432s
H69584 38207                    781724.43012    0.00000   100%  40.5  435s
H69934 38391                    781710.01202    0.00000   100%  40.5  436s
H70451 38717                    781705.69118    0.00000   100%  40.7  438s
H70647 38765                    781689.04292    0.00000   100%  40.8  440s
H70716 35637                    718637.57548    0.00000   100%  40.8  440s
H70717 35495                    714457.69689    0.00000   100%  40.8  442s
 71548 36175 593811.531   64  226 714457.697    0.00000   100%  40.9  446s
H71679 36136                    713695.70142    0.00000   100%  40.9  446s
 72226 36618    0.00000   31  283 713695.701    0.00000   100%  41.0  451s
H72360 36506                    711638.59744    0.00000   100%  41.0  451s
H72555 36507                    709737.42945    0.00000   100%  41.1  452s
H72822 36719                    708966.80432    0.00000   100%  41.1  454s
 72935 37030 295630.363   51  267 708966.804    0.00000   100%  41.1  456s
H73246 36921                    705477.46481    0.00000   100%  41.1  458s
H73392 37010                    704165.44961    0.00000   100%  41.1  459s
 73599 37291 634698.669   70  210 704165.450    0.00000   100%  41.2  461s
H73796 37267                    703566.96790    0.00000   100%  41.2  461s
 74442 37867 41936.6422   39  291 703566.968    0.00000   100%  41.3  466s
H75011 38230                    703542.00780    0.00000   100%  41.4  469s
 75238 38412 386968.292   52  248 703542.008    0.00000   100%  41.5  471s
H75425 38349                    702559.08429    0.00000   100%  41.5  471s
H75524 38405                    700039.13292    0.00000   100%  41.5  472s
H75790 38434                    699977.11831    0.00000   100%  41.5  474s
 75819 38525 45905.8268   37  289 699977.118    0.00000   100%  41.5  476s
H75900 38510                    699724.37290    0.00000   100%  41.6  476s
H75961 38754                    699467.61505    0.00000   100%  41.6  477s
 76450 39122 23110.5331   31  288 699467.615    0.00000   100%  41.7  481s
H76872 39279                    698552.69699    0.00000   100%  41.7  482s
H77146 39507                    697560.64109    0.00000   100%  41.7  484s
H77576 39646                    697558.72951    0.00000   100%  41.7  486s
H77743 39644                    697519.24308    0.00000   100%  41.6  486s
H77799 39902                    697519.24301    0.00000   100%  41.6  487s
H78260 40018                    697020.54083    0.00000   100%  41.7  489s
 78357 40422    0.00000   32  284 697020.541    0.00000   100%  41.7  490s
H79018 40586                    696664.99903    0.00000   100%  41.7  492s
H79116 40829                    696070.63374    0.00000   100%  41.7  494s
H79503 41066                    696068.51152    0.00000   100%  41.7  496s
H80024 41311                    695993.03456    0.00000   100%  41.6  497s
H80251 41455                    695820.95440    0.00000   100%  41.6  499s
 80533 41865    0.00000   33  283 695820.954    0.00000   100%  41.6  500s
 81306 42350 434033.300   50  256 695820.954    0.00000   100%  41.5  506s
H81760 42621                    695681.10142    0.00000   100%  41.5  508s
 82435 43004    0.00000   33  286 695681.101    0.00000   100%  41.4  511s
H82615 42985                    695150.95452    0.00000   100%  41.4  511s
H83256 43463                    694921.61652    0.00000   100%  41.4  514s
 83401 43738 43830.9114   39  279 694921.617    0.00000   100%  41.4  516s
H83617 43737                    694818.08306    0.00000   100%  41.4  516s
H84576 44495                    694638.47041    0.00000   100%  41.4  520s
H85060 44771                    694150.52279    0.00000   100%  41.4  522s
 85663 45498 290892.017   46  255 694150.523    0.00000   100%  41.3  525s
H86420 45988                    693943.69622    0.00000   100%  41.2  529s
 86798 46171 306264.394   48  266 693943.696    0.00000   100%  41.2  530s
 88173 47104 613166.004   57  247 693943.696    0.00000   100%  41.1  535s
H88827 47594                    693722.03891    0.00000   100%  41.1  537s
H90044 48249                    693415.53921    0.00000   100%  41.0  539s
 90244 48534    0.00000   30  282 693415.539    0.00000   100%  41.0  540s
H91028 48917                    693415.40784    0.00000   100%  41.0  542s
 91192 49036 529526.008   56  226 693415.408    0.00000   100%  41.0  545s
H91296 49033                    693334.92021    0.00000   100%  41.1  545s
H91659 49319                    692941.67408    0.00000   100%  41.0  548s
 92154 49682 24713.7036   34  281 692941.674    0.00000   100%  41.1  550s
H92260 49641                    692265.29262    0.00000   100%  41.1  550s
H92945 50387                    692257.07479    0.00000   100%  41.1  554s
H93363 50571                    692183.83770    0.00000   100%  41.1  556s
H94190 51043                    692090.37718    0.00000   100%  41.1  558s
 94290 51377 13587.0368   32  273 692090.377    0.00000   100%  41.1  560s
H94837 51600                    692081.99401    0.00000   100%  41.1  561s
 96121 52624 454326.300   50  238 692081.994    0.00000   100%  40.9  566s
H96269 52612                    691952.16166    0.00000   100%  40.9  566s
H96269 52592                    691661.22623    0.00000   100%  40.9  566s
H96510 52764                    691652.41495    0.00000   100%  40.9  568s
H96602 52761                    691572.81046    0.00000   100%  40.9  568s
H96603 52934                    691355.52714    0.00000   100%  40.9  569s
 96838 53256 502083.154   57  241 691355.527    0.00000   100%  40.9  570s
H97050 53256                    691355.52615    0.00000   100%  40.9  570s
H97244 53389                    691232.77792    0.00000   100%  40.9  572s
 98112 54215 54428.9256   35  291 691232.778    0.00000   100%  40.9  576s
H98555 54327                    690951.82492    0.00000   100%  40.9  577s
H98637 54521                    690909.03483    0.00000   100%  40.9  578s
H98973 54667                    690788.15033    0.00000   100%  41.0  579s
 99136 54892 25958.1065   37  284 690788.150    0.00000   100%  41.0  580s
H100164 55508                    690788.08993    0.00000   100%  40.9  584s
H100263 55508                    690778.40739    0.00000   100%  41.0  584s
 100386 55751    0.00000   31  284 690778.407    0.00000   100%  41.0  585s
 101740 56440 28212.5886   38  291 690778.407    0.00000   100%  40.9  592s
 102170 56986 613604.819   59  243 690778.407    0.00000   100%  41.0  595s
H103423 57761                    690777.10328    0.00000   100%  41.0  600s
H103585 57954                    690759.95795    0.00000   100%  41.0  601s
H103972 58055                    690493.41771    0.00000   100%  41.1  603s
H104072 58340                    690486.08709    0.00000   100%  41.1  604s
 104462 58469    0.00000   36  288 690486.087    0.00000   100%  41.1  605s
H105162 59045                    690483.21748    0.00000   100%  41.3  609s
 105466 59251 64223.4287   39  283 690483.217    0.00000   100%  41.4  610s
H105732 59478                    690471.99314    0.00000   100%  41.4  611s
H106043 59729                    690461.88653    0.00000   100%  41.4  613s
 106670 60194     cutoff   63      690461.887    0.00000   100%  41.4  617s
H106956 60265                    690452.86145    0.00000   100%  41.4  618s
 107381 60847 12775.5108   38  276 690452.861    0.00000   100%  41.4  621s
H108532 61493                    690243.65799    0.00000   100%  41.5  623s
H108950 61856                    690199.71910    0.00000   100%  41.5  625s
H109201 62147                    690039.09489    0.00000   100%  41.6  626s
H110208 62923                    689988.88366    0.00000   100%  41.5  630s
H110655 63130                    689924.98586    0.00000   100%  41.6  631s
H110924 63354                    689924.01944    0.00000   100%  41.7  632s
 111287 63724     cutoff   62      689924.019    0.00000   100%  41.7  635s
H111413 63720                    689858.93034    0.00000   100%  41.7  635s
 112039 64272    0.00000   37  274 689858.930    0.00000   100%  41.8  640s
H112648 64689                    689769.30911    0.00000   100%  41.8  643s
H112792 64849                    689769.30043    0.00000   100%  41.8  645s
H113120 65076                    689739.80810    0.00000   100%  41.9  646s
H113473 65413                    689739.40724    0.00000   100%  41.9  647s
 114028 66008    0.00000   34  285 689739.407    0.00000   100%  41.8  650s
 114971 66563    0.00000   32  279 689739.407    0.00000   100%  41.9  655s
H115814 67263                    689690.93152    0.00000   100%  41.9  659s
 116177 67519 611349.516   58  242 689690.932    0.00000   100%  41.9  661s
H116602 67707                    689689.46656    0.00000   100%  41.9  662s
 117143 68184 201225.971   40  267 689689.467    0.00000   100%  41.9  666s
H117246 68183                    689677.73904    0.00000   100%  41.9  666s
 117881 68771 46332.0063   37  289 689677.739    0.00000   100%  41.9  670s
H118163 69155                    689677.26619    0.00000   100%  41.9  672s
H119002 69558                    689677.26332    0.00000   100%  42.0  674s
 119255 69722     cutoff   60      689677.263    0.00000   100%  42.0  676s
H119470 69930                    689666.68404    0.00000   100%  42.0  677s
H119817 70161                    689666.68397    0.00000   100%  42.0  679s
H120128 70363                    689665.87321    0.00000   100%  42.0  680s
 121199 71145     cutoff   61      689665.873    0.00000   100%  42.0  685s
H122413 71851                    689658.03484    0.00000   100%  42.1  692s
 122668 72313    0.00000   30  282 689658.035    0.00000   100%  42.1  695s
H123716 73145                    689642.23383    0.00000   100%  42.2  700s
 124987 74039 94256.4328   37  277 689642.234    0.00000   100%  42.3  705s
 126271 75089 479259.841   51  259 689642.234    0.00000   100%  42.3  711s
H126825 75228                    689641.03202    0.00000   100%  42.3  712s
 127280 75545    0.00000   31  281 689641.032    0.00000   100%  42.3  715s
H127377 75545                    689641.02265    0.00000   100%  42.4  715s
 127875 76202 14163.7339   31  283 689641.023    0.00000   100%  42.4  720s
H128796 76602                    689635.19905    0.00000   100%  42.4  723s
 129204 77053 87070.4798   35  278 689635.199    0.00000   100%  42.4  726s
 130263 77719     cutoff   62      689635.199    0.00000   100%  42.4  730s
H130264 77719                    689631.73324    0.00000   100%  42.4  730s
H131150 78217                    689630.33790    0.00000   100%  42.5  734s
 131308 78507    0.00000   34  274 689630.338    0.00000   100%  42.5  735s
 132295 79174 27088.7813   36  278 689630.338    0.00000   100%  42.6  740s
 132847 79664 infeasible   58      689630.338    0.00000   100%  42.5  745s
H132848 79664                    689623.34261    0.00000   100%  42.5  745s
H133442 79855                    689617.56352    0.00000   100%  42.5  747s
 133959 80225 618936.423   65  231 689617.564    0.00000   100%  42.5  750s
H134063 80225                    689606.72311    0.00000   100%  42.5  750s
 134898 80948     cutoff   59      689606.723    0.00000   100%  42.6  755s
H135836 81732                    689602.87324    0.00000   100%  42.5  759s
 136207 81902 561106.418   53  250 689602.873    0.00000   100%  42.5  760s
H136688 82292                    689601.95217    0.00000   100%  42.6  763s
 137290 82790 34669.1468   34  292 689601.952    0.00000   100%  42.7  766s
H137956 83050                    689588.14819    0.00000   100%  42.7  772s
 138209 83225 632953.872   58  237 689588.148    0.00000   100%  42.7  775s
H138228 83224                    689576.48697    0.00000   100%  42.7  775s
H138508 83549                    689573.55714    0.00000   100%  42.7  777s
 139563 84254 656204.917   66  216 689573.557    0.00000   100%  42.6  780s
H140593 84961                    689493.99096    0.00000   100%  42.7  783s
 141043 85515     cutoff   61      689493.991    0.00000   100%  42.7  785s
H141044 85511                    689452.40011    0.00000   100%  42.7  785s
H141600 85718                    689451.96076    0.00000   100%  42.7  786s
H141761 86053                    689449.28412    0.00000   100%  42.6  787s
H142301 86211                    689447.81926    0.00000   100%  42.6  788s
H142756 86662                    689433.89800    0.00000   100%  42.6  790s
H143568 87127                    689432.15129    0.00000   100%  42.7  795s
H143650 87347                    689432.14848    0.00000   100%  42.7  795s
H144032 87499                    689424.55438    0.00000   100%  42.8  796s
 145411 88686 25945.8287   38  281 689424.554    0.00000   100%  42.8  800s
H146066 89175                    689424.55335    0.00000   100%  42.8  802s
 147046 89877    0.00000   31  272 689424.553    0.00000   100%  42.8  805s
H148287 90716                    689381.33406    0.00000   100%  42.8  809s
 148551 90954 34233.1409   34  292 689381.334    0.00000   100%  42.8  811s
 149887 91880 570792.633   53  240 689381.334    0.00000   100%  42.8  815s
 151714 93169 655800.043   74  212 689381.334    0.00000   100%  42.8  820s
H152420 93580                    689376.16392    0.00000   100%  42.9  823s
 152878 93987 626957.614   54  248 689376.164    0.00000   100%  42.9  825s
H153083 94168                    689373.23749    0.00000   100%  42.9  827s
 153521 94436 523050.099   52  253 689373.237    0.00000   100%  42.9  830s
 154578 95271 infeasible   64      689373.237    0.00000   100%  43.0  835s
H154749 95270                    689371.61395    0.00000   100%  43.0  835s
H155361 95678                    689361.35783    0.00000   100%  43.0  838s
 155806 96185 454897.046   52  247 689361.358    0.00000   100%  43.0  841s
H156289 96446                    689359.98509    0.00000   100%  42.9  842s
 156766 96800     cutoff   72      689359.985    0.00000   100%  42.9  845s
H157144 96992                    689359.84654    0.00000   100%  43.0  846s
 157913 97714 245223.433   42  261 689359.847    0.00000   100%  43.0  850s
H158043 97714                    689359.14544    0.00000   100%  43.0  850s
 158548 98121 114470.089   36  285 689359.145    0.00000   100%  42.9  855s
H159348 98763                    689358.84918    0.00000   100%  42.9  858s
 159617 98982 509417.227   53  258 689358.849    0.00000   100%  42.9  860s
 160955 99959 573166.906   54  250 689358.849    0.00000   100%  42.9  866s
H161978 100704                    689357.97531    0.00000   100%  42.9  869s
 162209 100930 56373.5526   45  279 689357.975    0.00000   100%  42.9  871s
 163208 101657 43311.4029   35  292 689357.975    0.00000   100%  42.9  875s
 164155 102247 680822.862   67  227 689357.975    0.00000   100%  43.0  880s
 164837 102760 473415.787   54  253 689357.975    0.00000   100%  43.1  885s
 165966 103542 9485.32109   33  291 689357.975    0.00000   100%  43.1  890s
H167089 104309                    689340.37009    0.00000   100%  43.2  895s
H167472 104475                    689334.34677    0.00000   100%  43.2  896s
H167615 104711                    689326.77477    0.00000   100%  43.2  897s
 168161 105087 635178.652   71  210 689326.775    0.00000   100%  43.2  900s
H168784 105310                    688960.61835    0.00000   100%  43.2  904s
 168791 105351     cutoff   63      688960.618    0.00000   100%  43.3  905s
 169835 106262    0.00000   35  289 688960.618    0.00000   100%  43.3  910s
H170380 106671                    688846.22116    0.00000   100%  43.3  913s
H170666 106928                    688844.54730    0.00000   100%  43.3  914s
 170979 107104 241381.087   44  267 688844.547    0.00000   100%  43.2  915s
 172025 107948 28414.2651   36  280 688844.547    0.00000   100%  43.3  920s
H172335 108156                    688840.41546    0.00000   100%  43.3  922s
H173154 108736                    688837.90892    0.00000   100%  43.4  925s
 173984 109154 377522.349   53  258 688837.909    0.00000   100%  43.4  930s
H173985 109154                    688837.90231    0.00000   100%  43.4  930s
 174768 109926 374600.577   45  262 688837.902    0.00000   100%  43.4  935s
H175191 110123                    688777.32608    0.00000   100%  43.4  937s
H175307 110376                    688775.85880    0.00000   100%  43.4  938s
H175307 110373                    688732.88324    0.00000   100%  43.4  938s
 175648 110504 170818.617   42  281 688732.883    0.00000   100%  43.4  940s
H176058 110854                    688729.31140    0.00000   100%  43.4  942s
H176438 111044                    688708.51195    0.00000   100%  43.4  943s
 176591 111203 10925.8111   38  282 688708.512    0.00000   100%  43.5  945s
 177797 112109    0.00000   32  283 688708.512    0.00000   100%  43.5  950s
H177905 112109                    688705.13701    0.00000   100%  43.5  950s
H179063 112865                    688686.91958    0.00000   100%  43.5  957s
H179091 112920                    688686.44111    0.00000   100%  43.5  958s
 179864 113619 507466.553   60  234 688686.441    0.00000   100%  43.5  960s
 181362 114713 361526.959   47  261 688686.441    0.00000   100%  43.4  965s
 182653 115600 17083.3874   35  287 688686.441    0.00000   100%  43.4  970s
H183458 116371                    688684.09482    0.00000   100%  43.5  974s
H183639 116371                    688682.76270    0.00000   100%  43.5  974s
 183867 116557 38506.9202   38  283 688682.763    0.00000   100%  43.5  975s
 184125 116579    0.00000   32  274 688682.763    0.00000   100%  43.5  981s
 184404 117140 88549.1594   42  275 688682.763    0.00000   100%  43.4  986s
 185403 117706     cutoff   66      688682.763    0.00000   100%  43.5  990s
 186564 118699 107006.922   39  288 688682.763    0.00000   100%  43.5  995s
H187286 119090                    688679.93971    0.00000   100%  43.4  997s
 187802 119450     cutoff   62      688679.940    0.00000   100%  43.5 1000s
 188889 120266 23311.9973   33  286 688679.940    0.00000   100%  43.5 1006s
 189345 120615 665550.125   65  219 688679.940    0.00000   100%  43.5 1011s
 190322 121257 678380.464   59  245 688679.940    0.00000   100%  43.5 1015s
H191206 122118                    688657.79716    0.00000   100%  43.5 1019s
 191646 122270 16535.7790   35  287 688657.797    0.00000   100%  43.5 1021s
 192469 123102 infeasible   62      688657.797    0.00000   100%  43.6 1025s
 193746 124062 27961.7294   34  288 688657.797    0.00000   100%  43.6 1030s
H193908 124060                    688631.65794    0.00000   100%  43.6 1030s
H194435 124289                    688628.69649    0.00000   100%  43.6 1032s
 194765 124785    0.00000   33  284 688628.696    0.00000   100%  43.6 1035s
H195043 124785                    688624.41880    0.00000   100%  43.6 1035s
 196023 125741    0.00000   34  299 688624.419    0.00000   100%  43.6 1040s
 197557 126739 286983.371   45  266 688624.419    0.00000   100%  43.7 1046s
 198350 127397 489464.274   54  241 688624.419    0.00000   100%  43.7 1050s
 199508 127983    0.00000   31  285 688624.419    0.00000   100%  43.7 1056s
H199516 127983                    688620.90035    0.00000   100%  43.7 1056s
 199830 128607 498326.344   62  232 688620.900    0.00000   100%  43.7 1060s
 201073 129467 528371.872   55  251 688620.900    0.00000   100%  43.7 1065s
H201573 129626                    688615.15526    0.00000   100%  43.7 1066s
H201779 129813                    688615.14285    0.00000   100%  43.7 1068s
 202208 130406 40923.6246   37  274 688615.143    0.00000   100%  43.7 1070s
H203540 130995                    688602.71764    0.00000   100%  43.6 1074s
 203667 131267 389300.798   52  252 688602.718    0.00000   100%  43.6 1076s
H204284 131470                    688600.49709    0.00000   100%  43.6 1077s
H204380 131776                    688597.36412    0.00000   100%  43.6 1078s
H204765 131778                    688589.87252    0.00000   100%  43.6 1082s
 204845 132005 417694.070   52  244 688589.873    0.00000   100%  43.6 1085s
H205989 132836                    688565.27467    0.00000   100%  43.5 1088s
 206185 132977 650323.687   60  236 688565.275    0.00000   100%  43.5 1090s
H206267 132975                    688561.47065    0.00000   100%  43.5 1090s
 207475 133863 242267.791   45  276 688561.471    0.00000   100%  43.4 1095s
 208823 135101 58002.0727   40  274 688561.471    0.00000   100%  43.4 1100s
 209835 135473 238550.267   48  257 688561.471    0.00000   100%  43.4 1106s
 210192 135901 510213.944   58  238 688561.471    0.00000   100%  43.4 1110s
 211491 136834     cutoff   64      688561.471    0.00000   100%  43.4 1115s
H212071 137284                    688557.81136    0.00000   100%  43.4 1118s
 212723 137726    0.00000   36  285 688557.811    0.00000   100%  43.3 1120s
H213388 138169                    688555.89929    0.00000   100%  43.3 1122s
 213996 138746 408232.304   53  250 688555.899    0.00000   100%  43.3 1125s
H214662 139232                    688555.20791    0.00000   100%  43.2 1127s
 214907 139242 185606.848   45  267 688555.208    0.00000   100%  43.2 1130s
 215641 140067 19369.5524   40  285 688555.208    0.00000   100%  43.2 1135s
 216990 140990 385409.181   51  263 688555.208    0.00000   100%  43.1 1140s
H218473 141924                    688533.20793    0.00000   100%  43.1 1144s
 218641 142110 71389.8896   37  295 688533.208    0.00000   100%  43.1 1145s
H218887 142412                    688527.30630    0.00000   100%  43.1 1147s
H219402 142626                    688527.20289    0.00000   100%  43.0 1148s
 219895 143031 64658.5745   40  280 688527.203    0.00000   100%  43.0 1152s
H220328 143311                    688526.59638    0.00000   100%  43.0 1154s
 220523 143490 583462.569   60  238 688526.596    0.00000   100%  43.0 1155s
 221559 144251     cutoff   62      688526.596    0.00000   100%  43.0 1160s
 222699 145134 640293.927   57  249 688526.596    0.00000   100%  42.9 1165s
H224037 146128                    688525.09778    0.00000   100%  42.9 1170s
 225001 146765 28102.9236   33  296 688525.098    0.00000   100%  42.8 1175s
H225152 146764                    688519.18065    0.00000   100%  42.8 1176s
H225848 147245                    688514.37138    0.00000   100%  42.8 1179s
 225919 147541 25051.7763   36  284 688514.371    0.00000   100%  42.8 1180s
H226530 147885                    688510.74447    0.00000   100%  42.8 1183s
 227106 148306    0.00000   22  281 688510.744    0.00000   100%  42.8 1185s
H228209 148953                    688510.40229    0.00000   100%  42.8 1189s
 228326 149166 30065.6310   35  289 688510.402    0.00000   100%  42.8 1190s
 229574 150139     cutoff   57      688510.402    0.00000   100%  42.8 1195s
H230089 150358                    688510.21889    0.00000   100%  42.8 1196s
 230313 150705 157152.895   41  265 688510.219    0.00000   100%  42.7 1201s
H230532 150704                    688503.75693    0.00000   100%  42.7 1201s
H231096 151088                    688502.30620    0.00000   100%  42.7 1203s
 231520 151456 36997.8956   35  279 688502.306    0.00000   100%  42.7 1206s
 232824 152582 210574.125   39  266 688502.306    0.00000   100%  42.7 1210s
 234691 153718    0.00000   32  277 688502.306    0.00000   100%  42.7 1215s
 235366 154076    0.00000   32  273 688502.306    0.00000   100%  42.7 1220s
 236337 154989 4867.35713   33  287 688502.306    0.00000   100%  42.7 1226s
H236507 154989                    688499.60610    0.00000   100%  42.7 1226s
H237005 155303                    688497.66031    0.00000   100%  42.7 1228s
H237129 155519                    688492.96837    0.00000   100%  42.7 1229s
 237443 155770    0.00000   31  284 688492.968    0.00000   100%  42.7 1230s
 238651 156531 38088.3614   35  278 688492.968    0.00000   100%  42.6 1235s
 239771 157279 infeasible   62      688492.968    0.00000   100%  42.7 1240s
 240579 157753 403843.694   51  262 688492.968    0.00000   100%  42.7 1245s
H240644 157753                    688489.96657    0.00000   100%  42.7 1245s
 242023 158925 51935.3688   40  293 688489.967    0.00000   100%  42.6 1251s
 242998 159653 9244.70514   34  298 688489.967    0.00000   100%  42.6 1255s
H243975 160353                    688486.44032    0.00000   100%  42.6 1258s
 244568 160705 319232.274   44  264 688486.440    0.00000   100%  42.6 1261s
H244817 160886                    688485.95126    0.00000   100%  42.6 1262s
H245601 161323                    688483.02445    0.00000   100%  42.7 1268s
 245806 161744 399796.899   55  246 688483.024    0.00000   100%  42.7 1271s
 246892 162469 655436.659   58  242 688483.024    0.00000   100%  42.6 1275s
 247892 163195 444630.949   49  258 688483.024    0.00000   100%  42.7 1280s
 249027 164141 37862.9419   35  280 688483.024    0.00000   100%  42.7 1285s
 250289 164949 290063.549   55  242 688483.024    0.00000   100%  42.7 1290s
 250856 165153 482775.616   54  249 688483.024    0.00000   100%  42.8 1302s
 251130 165591 137467.252   36  288 688483.024    0.00000   100%  42.7 1306s
 252228 166436 670215.688   81  200 688483.024    0.00000   100%  42.7 1311s
H252643 166590                    688479.61129    0.00000   100%  42.7 1312s
H252847 166906                    688467.83950    0.00000   100%  42.7 1314s
 253242 167091 643806.870   83  195 688467.839    0.00000   100%  42.7 1315s
H253374 167091                    688463.01094    0.00000   100%  42.7 1315s
 254319 167872 544412.676   57  226 688463.011    0.00000   100%  42.8 1320s
 255443 168708     cutoff   68      688463.011    0.00000   100%  42.8 1326s
H255828 168950                    688459.65217    0.00000   100%  42.8 1327s
 255968 168951 34765.6475   32  297 688459.652    0.00000   100%  42.8 1330s
 256627 169627    0.00000   32  287 688459.652    0.00000   100%  42.8 1335s
 257514 170342 155441.637   39  283 688459.652    0.00000   100%  42.9 1341s
 258437 170999 543216.685   56  237 688459.652    0.00000   100%  42.9 1345s
H258687 171176                    688458.79809    0.00000   100%  42.9 1346s
 259502 171843 278949.049   46  267 688458.798    0.00000   100%  42.9 1350s
H259895 172069                    688444.89720    0.00000   100%  42.9 1351s
 260920 172902 37564.4979   34  281 688444.897    0.00000   100%  43.0 1357s
 261204 173263 189643.157   40  268 688444.897    0.00000   100%  43.0 1360s
 262561 174149 490980.858   55  240 688444.897    0.00000   100%  43.0 1365s
 263348 174840 148940.044   41  270 688444.897    0.00000   100%  43.1 1370s
 264500 175810 179446.261   51  241 688444.897    0.00000   100%  43.1 1376s
H265171 176215                    688444.83190    0.00000   100%  43.2 1378s
 265561 176305 559237.332   59  241 688444.832    0.00000   100%  43.2 1380s
 266270 176841 584172.387   60  239 688444.832    0.00000   100%  43.2 1386s
 267068 177525     cutoff   72      688444.832    0.00000   100%  43.3 1390s
 268150 178336 70912.5296   36  282 688444.832    0.00000   100%  43.4 1395s
 269298 179255 445626.314   65  222 688444.832    0.00000   100%  43.5 1400s
H269765 179380                    688441.76107    0.00000   100%  43.5 1402s
 270435 179985 240043.787   44  265 688441.761    0.00000   100%  43.6 1406s
H270908 180345                    688439.79850    0.00000   100%  43.6 1409s
 271248 180413    0.00000   31  287 688439.798    0.00000   100%  43.7 1412s
 271544 180840 24592.2859   33  298 688439.798    0.00000   100%  43.7 1415s
 272797 181870 35152.2135   33  293 688439.798    0.00000   100%  43.8 1420s
H273017 181869                    688436.03869    0.00000   100%  43.8 1420s
 273718 182378 225398.358   42  260 688436.039    0.00000   100%  43.8 1425s
H274287 182764                    688435.77695    0.00000   100%  43.9 1428s
H274396 183010                    688432.85662    0.00000   100%  43.9 1429s
 274761 183110 infeasible   61      688432.857    0.00000   100%  43.9 1431s
 275514 183823 656570.722   60  245 688432.857    0.00000   100%  44.0 1435s
 276476 184385 infeasible   70      688432.857    0.00000   100%  44.1 1440s
 277394 185338 625455.026   60  238 688432.857    0.00000   100%  44.1 1446s
 278486 185957 632754.046   62  228 688432.857    0.00000   100%  44.1 1450s
H278687 186229                    688431.66919    0.00000   100%  44.1 1452s
H278866 186229                    688423.30432    0.00000   100%  44.1 1452s
 279315 186598    0.00000   27  278 688423.304    0.00000   100%  44.1 1455s
 280322 187317 37383.4794   35  294 688423.304    0.00000   100%  44.2 1460s
H280461 187316                    688414.93864    0.00000   100%  44.2 1460s
 281163 187919     cutoff   59      688414.939    0.00000   100%  44.3 1465s
 281683 188146 6311.96040   33  298 688414.939    0.00000   100%  44.3 1470s
H281684 188146                    688411.12112    0.00000   100%  44.3 1470s
H281710 188190                    688409.25137    0.00000   100%  44.3 1472s
 281876 188545    0.00000   25  285 688409.251    0.00000   100%  44.3 1475s
H283061 189529                    688408.11111    0.00000   100%  44.3 1479s
 283463 189708 295382.305   43  267 688408.111    0.00000   100%  44.3 1481s
 284649 190599     cutoff   59      688408.111    0.00000   100%  44.4 1485s
 286127 191825 641835.204   66  222 688408.111    0.00000   100%  44.4 1491s
 286745 191923 672286.826   56  237 688408.111    0.00000   100%  44.4 1495s
 287582 192855 42582.1309   36  287 688408.111    0.00000   100%  44.4 1501s
 288664 193491 infeasible   61      688408.111    0.00000   100%  44.4 1505s
 289847 194378 539647.972   56  243 688408.111    0.00000   100%  44.4 1511s
 290684 195060 73418.9186   34  287 688408.111    0.00000   100%  44.4 1515s
 291718 195726 94086.7563   36  278 688408.111    0.00000   100%  44.5 1521s
 292544 196433 58857.0175   34  282 688408.111    0.00000   100%  44.5 1526s
 293439 197039 555546.101   53  252 688408.111    0.00000   100%  44.5 1530s
 294537 197855 129352.176   38  278 688408.111    0.00000   100%  44.5 1535s
H295929 198717                    688408.08037    0.00000   100%  44.5 1541s
H295932 198717                    688407.50621    0.00000   100%  44.5 1541s
H295933 198717                    688407.05159    0.00000   100%  44.5 1541s
H295937 198717                    688407.04635    0.00000   100%  44.5 1541s
H295965 198685                    688045.35918    0.00000   100%  44.5 1541s
H295983 198734                    688041.48240    0.00000   100%  44.5 1543s
H295985 198727                    687955.93613    0.00000   100%  44.5 1543s
H295987 198701                    687661.63610    0.00000   100%  44.5 1543s
 296042 198749 590514.624   53  249 687661.636    0.00000   100%  44.5 1545s
H296053 198738                    687614.32032    0.00000   100%  44.5 1545s
H296058 198706                    687276.21620    0.00000   100%  44.5 1545s
H296114 198735                    687084.76224    0.00000   100%  44.5 1547s
H296139 198733                    687049.10991    0.00000   100%  44.5 1547s
 296228 198824 296636.517   44  269 687049.110    0.00000   100%  44.5 1551s
H296369 198919                    687049.09978    0.00000   100%  44.5 1555s
H296458 198962                    687029.20098    0.00000   100%  44.5 1557s
H296461 198958                    686977.32983    0.00000   100%  44.5 1557s
H296467 198937                    686789.49153    0.00000   100%  44.5 1557s
H296507 198932                    686703.05293    0.00000   100%  44.5 1557s
 296586 199293 259735.401   41  275 686703.053    0.00000   100%  44.5 1561s
H296961 199382                    686425.83374    0.00000   100%  44.5 1563s
 297097 199474     cutoff   60      686425.834    0.00000   100%  44.5 1565s
H297807 200113                    686285.54531    0.00000   100%  44.4 1568s
 298061 200391    0.00000   30  285 686285.545    0.00000   100%  44.4 1570s
H298240 200360                    686021.10118    0.00000   100%  44.5 1570s
H298529 200563                    686004.74546    0.00000   100%  44.5 1572s
 299313 201323 566666.178   52  245 686004.745    0.00000   100%  44.5 1576s
 300371 202091 579154.594   53  262 686004.745    0.00000   100%  44.4 1581s
 301437 202838    0.00000   27  282 686004.745    0.00000   100%  44.4 1585s
 302277 203276 120649.665   37  285 686004.745    0.00000   100%  44.4 1590s
 303556 204284 41411.5153   37  287 686004.745    0.00000   100%  44.5 1595s
 304841 205205 614815.522   59  230 686004.745    0.00000   100%  44.5 1601s
 305616 205879    0.00000   30  286 686004.745    0.00000   100%  44.5 1605s
H306703 206664                    686003.48219    0.00000   100%  44.5 1610s
H307349 206947                    686002.09964    0.00000   100%  44.6 1614s
 307462 207003 597717.338   56  245 686002.100    0.00000   100%  44.6 1615s
H307521 206990                    685902.45489    0.00000   100%  44.6 1615s
 308384 207807 586317.184   55  237 685902.455    0.00000   100%  44.6 1621s
 309158 208446 178789.344   40  272 685902.455    0.00000   100%  44.7 1625s
H309393 208445                    685863.28209    0.00000   100%  44.7 1625s
H309532 208613                    685832.41254    0.00000   100%  44.7 1626s
H309771 209008                    685822.25538    0.00000   100%  44.7 1627s
 310413 209277     cutoff   63      685822.255    0.00000   100%  44.7 1630s
 311389 209986 165951.390   39  277 685822.255    0.00000   100%  44.8 1636s
H311695 210157                    685819.09453    0.00000   100%  44.8 1637s
 312211 210539    0.00000   27  285 685819.095    0.00000   100%  44.9 1640s
 312689 210942     cutoff   65      685819.095    0.00000   100%  44.9 1645s
H313059 211040                    685810.19207    0.00000   100%  45.0 1647s
 313700 211757 45687.8679   34  288 685810.192    0.00000   100%  45.0 1651s
 314905 212468 614716.508   56  236 685810.192    0.00000   100%  45.0 1656s
 315769 213303 84979.0159   34  290 685810.192    0.00000   100%  45.1 1660s
 317066 214316 414590.921   51  252 685810.192    0.00000   100%  45.1 1666s
 318097 214874 618445.292   61  246 685810.192    0.00000   100%  45.1 1670s
H319109 215540                    685786.56402    0.00000   100%  45.1 1674s
H319280 215616                    685782.73642    0.00000   100%  45.1 1676s
 319934 216278 424227.524   52  241 685782.736    0.00000   100%  45.2 1680s
H320101 216276                    685778.47884    0.00000   100%  45.2 1680s
 320990 217078 18690.1238   35  295 685778.479    0.00000   100%  45.2 1686s
 321959 217596 102425.292   36  284 685778.479    0.00000   100%  45.2 1690s
H322553 218122                    685774.70387    0.00000   100%  45.2 1694s
 322865 218315 15534.4003   35  283 685774.704    0.00000   100%  45.2 1695s
H323493 218755                    685734.20341    0.00000   100%  45.2 1698s
 323754 218993 75688.9895   34  286 685734.203    0.00000   100%  45.2 1700s
 325008 219871    0.00000   32  284 685734.203    0.00000   100%  45.2 1705s
 326162 220767 581738.364   52  260 685734.203    0.00000   100%  45.3 1711s
H326949 221238                    685720.35491    0.00000   100%  45.3 1714s
 327136 221444 52605.3128   34  278 685720.355    0.00000   100%  45.3 1715s
H327542 221628                    685702.44385    0.00000   100%  45.3 1717s
 327998 221892 83131.2437   38  277 685702.444    0.00000   100%  45.3 1721s
H328285 222343                    685693.25474    0.00000   100%  45.3 1724s
 328753 222521 413359.418   51  262 685693.255    0.00000   100%  45.3 1725s
H329146 222784                    685683.58297    0.00000   100%  45.3 1727s
 329635 223230 110561.657   37  285 685683.583    0.00000   100%  45.3 1730s
 331000 224242 539277.279   58  227 685683.583    0.00000   100%  45.3 1735s
H331501 224504                    685683.22090    0.00000   100%  45.3 1737s
H331639 224764                    685661.06337    0.00000   100%  45.3 1738s
H331998 224934                    685659.38993    0.00000   100%  45.3 1740s
H332645 225498                    685654.96395    0.00000   100%  45.3 1742s
H332955 225667                    685627.07072    0.00000   100%  45.3 1746s
H333246 225752                    685621.41979    0.00000   100%  45.3 1747s
H333483 226009                    685621.41666    0.00000   100%  45.3 1748s
H333795 226232                    685616.19020    0.00000   100%  45.3 1749s
 333960 226413 41554.5304   33  287 685616.190    0.00000   100%  45.3 1750s
H335171 227268                    685197.46928    0.00000   100%  45.3 1754s
 335414 227416     cutoff   59      685197.469    0.00000   100%  45.3 1755s
 336218 228178 11583.6257   35  300 685197.469    0.00000   100%  45.3 1760s
H337390 228864                    685195.27221    0.00000   100%  45.3 1764s
 337527 229156 97294.6220   35  282 685195.272    0.00000   100%  45.3 1765s
H338531 229633                    685192.38252    0.00000   100%  45.4 1769s
 338679 229943     cutoff   61      685192.383    0.00000   100%  45.4 1771s
H338894 229943                    685192.36479    0.00000   100%  45.4 1771s
 339651 230545     cutoff   58      685192.365    0.00000   100%  45.4 1775s
 340841 231483     cutoff   63      685192.365    0.00000   100%  45.4 1780s
H341019 231483                    685188.92217    0.00000   100%  45.4 1780s
H341957 232132                    685186.98987    0.00000   100%  45.4 1784s
 342083 232293 261466.475   46  269 685186.990    0.00000   100%  45.4 1786s
 342791 232942 17959.5355   34  284 685186.990    0.00000   100%  45.5 1790s
 343617 233615 120453.931   38  278 685186.990    0.00000   100%  45.5 1795s
H344301 234089                    685182.74527    0.00000   100%  45.5 1798s
H344859 234503                    685180.43546    0.00000   100%  45.5 1801s
H345942 235081                    685144.67653    0.00000   100%  45.5 1805s
H346029 235079                    685131.55974    0.00000   100%  45.5 1805s
 347082 235840 670795.377   61  242 685131.560    0.00000   100%  45.6 1811s
H347231 235840                    685127.23785    0.00000   100%  45.6 1811s
 347846 236507    0.00000   33  292 685127.238    0.00000   100%  45.6 1815s
H348477 236774                    685122.19726    0.00000   100%  45.6 1819s
H348537 236772                    685098.94433    0.00000   100%  45.6 1819s
 348598 236825 183055.583   40  276 685098.944    0.00000   100%  45.6 1820s
 349386 237581    0.00000   31  293 685098.944    0.00000   100%  45.7 1825s
 350418 238308 48248.4701   36  288 685098.944    0.00000   100%  45.7 1830s
 351244 238837    0.00000   34  284 685098.944    0.00000   100%  45.8 1835s
H351385 238837                    685080.84585    0.00000   100%  45.8 1835s
 352483 239685 25319.6117   34  289 685080.846    0.00000   100%  45.8 1840s
 353763 240506 109024.298   39  277 685080.846    0.00000   100%  45.8 1846s
 354135 240992 482301.090   61  226 685080.846    0.00000   100%  45.8 1850s
 355279 241710 71743.6493   38  278 685080.846    0.00000   100%  45.9 1855s
H355804 242055                    685077.17491    0.00000   100%  45.9 1858s
 356027 242391 513083.042   54  254 685077.175    0.00000   100%  45.9 1860s
H356240 242390                    685061.19669    0.00000   100%  45.9 1860s
 357698 243486 36714.4125   35  295 685061.197    0.00000   100%  45.9 1865s
H358482 244133                    685053.81183    0.00000   100%  45.9 1867s
 358918 244492 27604.5010   36  274 685053.812    0.00000   100%  45.9 1870s
H359513 244927                    684761.71261    0.00000   100%  45.9 1873s
H360106 245355                    684754.32035    0.00000   100%  45.9 1876s
 361156 245937 24446.1164   37  289 684754.320    0.00000   100%  46.0 1880s
 362404 246816 640375.587   63  225 684754.320    0.00000   100%  46.0 1885s
H363039 247227                    684746.66483    0.00000   100%  46.0 1888s
 363133 247483 25328.7862   39  288 684746.665    0.00000   100%  46.0 1890s
H363521 247562                    684743.45772    0.00000   100%  46.0 1891s
H363792 247801                    684556.60910    0.00000   100%  46.0 1893s
 363988 247803 284328.312   45  254 684556.609    0.00000   100%  46.0 1895s
H363989 247803                    684556.60753    0.00000   100%  46.0 1895s
H364671 248554                    684550.69578    0.00000   100%  46.0 1901s
H365445 248898                    684531.95043    0.00000   100%  46.0 1904s
 365630 249091 109514.998   43  273 684531.950    0.00000   100%  46.0 1905s
H365888 249325                    684531.00966    0.00000   100%  46.0 1907s
H366518 249756                    684521.66158    0.00000   100%  46.0 1910s
H366853 249841                    684225.27214    0.00000   100%  46.0 1911s
H367067 250013                    684205.39971    0.00000   100%  46.0 1912s
 367567 250408 128558.817   36  278 684205.400    0.00000   100%  46.0 1915s
H368367 250838                    684175.07477    0.00000   100%  46.1 1918s
 368730 251285 270318.984   41  270 684175.075    0.00000   100%  46.1 1921s
H369134 251283                    684138.54702    0.00000   100%  46.1 1924s
 369135 251371    0.00000   31  279 684138.547    0.00000   100%  46.1 1925s
H369228 251371                    684138.12868    0.00000   100%  46.1 1925s
H369377 251529                    684134.45640    0.00000   100%  46.1 1926s
 369985 252190 194995.094   39  285 684134.456    0.00000   100%  46.1 1930s
H370380 252433                    684110.48529    0.00000   100%  46.1 1932s
H370884 252728                    684103.00244    0.00000   100%  46.1 1933s
 371283 253217 5905.19795   32  287 684103.002    0.00000   100%  46.1 1936s
H371921 253645                    684092.91894    0.00000   100%  46.1 1939s
H372079 253645                    684092.65196    0.00000   100%  46.1 1939s
 372234 253795    0.00000   27  287 684092.652    0.00000   100%  46.1 1940s
 373082 254591    0.00000   28  278 684092.652    0.00000   100%  46.1 1945s
 374152 255195 47356.6877   33  274 684092.652    0.00000   100%  46.1 1950s
H375026 255833                    684087.92816    0.00000   100%  46.1 1954s
 375138 256077 307141.757   42  266 684087.928    0.00000   100%  46.1 1955s
H375841 256581                    684085.48545    0.00000   100%  46.1 1958s
H376262 256704                    684073.66887    0.00000   100%  46.1 1960s
H377539 257727                    684061.47204    0.00000   100%  46.1 1965s
H378578 258526                    684061.45784    0.00000   100%  46.0 1970s
 379453 259031     cutoff   55      684061.458    0.00000   100%  46.1 1975s
H379610 259396                    684048.64967    0.00000   100%  46.0 1977s
 380570 260055 515710.693   61  241 684048.650    0.00000   100%  46.0 1980s
 381861 260979 138683.985   38  269 684048.650    0.00000   100%  46.1 1986s
 382785 261826 5477.41112   34  279 684048.650    0.00000   100%  46.1 1990s
 384052 262766 676496.727   64  241 684048.650    0.00000   100%  46.1 1995s
H384544 262768                    684048.63962    0.00000   100%  46.1 1998s
 384650 263029 175484.308   40  280 684048.640    0.00000   100%  46.1 2000s
 385559 263767     cutoff   63      684048.640    0.00000   100%  46.1 2005s
H386941 264841                    684044.22705    0.00000   100%  46.1 2010s
H387800 265271                    684042.29247    0.00000   100%  46.1 2013s
 388250 265613 163332.376   38  279 684042.292    0.00000   100%  46.0 2016s
H388684 265882                    684038.33507    0.00000   100%  46.0 2017s
H388871 266026                    684038.31879    0.00000   100%  46.0 2018s
 389119 266325    0.00000   31  277 684038.319    0.00000   100%  46.0 2020s
H389611 266492                    684027.24150    0.00000   100%  46.0 2022s
 389933 266833 615194.495   57  247 684027.242    0.00000   100%  46.0 2025s
 391268 267853 infeasible   62      684027.242    0.00000   100%  46.0 2030s
 392492 268685 7909.97499   33  292 684027.242    0.00000   100%  46.0 2035s
H393651 269297                    684026.43925    0.00000   100%  46.0 2039s
 393775 269589 25382.6607   32  291 684026.439    0.00000   100%  46.0 2040s
H393927 269589                    684024.94180    0.00000   100%  46.0 2040s
H394260 269706                    684005.02873    0.00000   100%  46.0 2041s
 394794 270048 69491.4456   38  275 684005.029    0.00000   100%  46.0 2046s
H394804 270048                    684002.66411    0.00000   100%  46.0 2046s
H394877 270110                    684002.65612    0.00000   100%  46.0 2047s
 395291 270484 433691.857   53  239 684002.656    0.00000   100%  46.0 2050s
H395410 270877                    683998.78867    0.00000   100%  46.0 2051s
H396424 271430                    683685.31114    0.00000   100%  46.0 2055s
H397262 272060                    683682.14098    0.00000   100%  46.0 2059s
 397602 272191 78604.2918   35  277 683682.141    0.00000   100%  46.0 2060s
H397799 272463                    683673.30241    0.00000   100%  46.0 2062s
H398686 272990                    683672.38002    0.00000   100%  46.0 2066s
 399711 273735 351337.853   46  262 683672.380    0.00000   100%  46.0 2071s
H399802 273729                    683610.42497    0.00000   100%  46.0 2071s
H399904 273739                    683606.22222    0.00000   100%  46.0 2072s
 400054 274134 160717.797   40  273 683606.222    0.00000   100%  46.0 2075s
H400241 274134                    683597.10396    0.00000   100%  46.0 2075s
H401467 274996                    683593.38505    0.00000   100%  46.0 2080s
 402401 275927 606552.730   61  222 683593.385    0.00000   100%  46.0 2085s
H402908 276050                    683585.01661    0.00000   100%  46.0 2086s
 403620 276827 82487.6096   35  286 683585.017    0.00000   100%  46.0 2090s
H404621 277461                    683579.05647    0.00000   100%  46.0 2094s
 404847 277678 37178.0905   35  290 683579.056    0.00000   100%  46.0 2097s
 405646 278145     cutoff   59      683579.056    0.00000   100%  46.0 2101s
H405744 278145                    683578.89899    0.00000   100%  46.0 2101s
 406442 278971 585397.241   59  218 683578.899    0.00000   100%  46.0 2105s
H407010 279382                    683578.82924    0.00000   100%  46.0 2107s
 407563 279804 210931.748   40  277 683578.829    0.00000   100%  46.0 2110s
H407781 279803                    683557.06065    0.00000   100%  46.0 2110s
H407961 279972                    683557.05982    0.00000   100%  46.0 2112s
H408020 279968                    683513.91171    0.00000   100%  46.0 2112s
 408720 280670 338773.403   48  253 683513.912    0.00000   100%  46.0 2116s
H409266 281054                    683510.28703    0.00000   100%  46.0 2119s
 409646 281193 471463.317   52  255 683510.287    0.00000   100%  46.0 2120s
H410271 281592                    683501.94566    0.00000   100%  46.0 2125s
 411345 282380 268095.688   47  237 683501.946    0.00000   100%  46.0 2131s
H411965 282740                    683501.94241    0.00000   100%  46.0 2134s
 412089 282992 263228.066   42  273 683501.942    0.00000   100%  46.0 2135s
H413131 283666                    683450.91308    0.00000   100%  46.0 2139s
H413300 283907                    683447.95742    0.00000   100%  46.0 2140s
 414392 284807     cutoff   60      683447.957    0.00000   100%  46.0 2146s
 415371 285154 24046.1145   33  292 683447.957    0.00000   100%  46.0 2151s
H415440 285233                    683447.49624    0.00000   100%  46.0 2152s
 415886 285676 614238.710   55  233 683447.496    0.00000   100%  46.0 2155s
 417060 286579 501594.245   54  229 683447.496    0.00000   100%  46.0 2160s
H418075 287268                    683447.44299    0.00000   100%  46.0 2164s
 418246 287385 223496.843   42  267 683447.443    0.00000   100%  46.0 2165s
H418688 287753                    683259.70427    0.00000   100%  46.0 2166s
 419579 288382    0.00000   31  277 683259.704    0.00000   100%  46.0 2170s
H419694 288381                    683250.39392    0.00000   100%  45.9 2171s
H419823 288680                    683238.97402    0.00000   100%  45.9 2171s
H420205 288896                    683204.13811    0.00000   100%  45.9 2172s
H420485 288894                    683202.66033    0.00000   100%  45.9 2173s
 420669 289347 44840.2297   32  279 683202.660    0.00000   100%  45.9 2175s
 421941 290248 19936.4228   34  285 683202.660    0.00000   100%  45.9 2180s
 423117 291135 369353.571   49  260 683202.660    0.00000   100%  45.9 2185s
 424250 292052 664941.576   58  248 683202.660    0.00000   100%  45.9 2190s
 425598 292739 569640.946   59  220 683202.660    0.00000   100%  45.9 2197s
 425920 293161 658544.185   67  215 683202.660    0.00000   100%  45.9 2200s
 426711 293739 66836.3567   34  286 683202.660    0.00000   100%  45.9 2205s
 428225 294795 154484.190   42  276 683202.660    0.00000   100%  45.9 2211s
 429036 295367 25071.9258   34  291 683202.660    0.00000   100%  45.9 2215s
H429291 295625                    683193.17251    0.00000   100%  45.9 2216s
 430200 296160 272551.561   43  263 683193.173    0.00000   100%  45.9 2220s
 430736 296477 373483.225   48  259 683193.173    0.00000   100%  45.9 2225s
 431982 297476 14642.5221   30  279 683193.173    0.00000   100%  45.9 2231s
H432618 297891                    683192.57580    0.00000   100%  45.9 2233s
 432720 298206 575744.960   66  212 683192.576    0.00000   100%  45.9 2235s
H433314 298656                    683192.55525    0.00000   100%  45.9 2237s
H433467 298655                    683186.66408    0.00000   100%  45.9 2237s
 433939 299160 352046.255   46  271 683186.664    0.00000   100%  45.9 2240s
H434108 299159                    683176.10388    0.00000   100%  45.9 2240s
 435273 300055 588118.371   62  230 683176.104    0.00000   100%  45.9 2245s
 436087 300650 107282.449   40  274 683176.104    0.00000   100%  45.9 2250s
 437373 301536 22135.7617   38  275 683176.104    0.00000   100%  45.8 2255s
H438154 301892                    683175.36728    0.00000   100%  45.8 2257s
 438621 302283 597726.828   57  235 683175.367    0.00000   100%  45.8 2260s
 439648 303049     cutoff   58      683175.367    0.00000   100%  45.8 2265s
 440803 303919 7391.07496   32  288 683175.367    0.00000   100%  45.8 2271s
H441422 304246                    683165.51932    0.00000   100%  45.8 2273s
 441610 304507    0.00000   31  289 683165.519    0.00000   100%  45.8 2275s
H442040 304698                    683151.57492    0.00000   100%  45.8 2276s
 442796 305316 374421.623   53  250 683151.575    0.00000   100%  45.8 2280s
 443939 306275 3004.09914   33  281 683151.575    0.00000   100%  45.8 2285s
 444685 306729 45963.1153   35  280 683151.575    0.00000   100%  45.8 2290s
H445719 307341                    683149.68149    0.00000   100%  45.8 2294s
 445852 307538 633591.364   61  222 683149.681    0.00000   100%  45.8 2295s
 446235 307713 58302.7883   38  272 683149.681    0.00000   100%  45.8 2300s
 447448 308647    0.00000   33  299 683149.681    0.00000   100%  45.8 2305s
H447513 308647                    683141.05281    0.00000   100%  45.8 2305s
H448746 309606                    683140.88849    0.00000   100%  45.8 2309s
H448933 309887                    683139.40774    0.00000   100%  45.8 2311s
 450053 310538     cutoff   64      683139.408    0.00000   100%  45.7 2315s
 451006 311458 249827.161   47  256 683139.408    0.00000   100%  45.7 2320s
H451507 311547                    683138.69019    0.00000   100%  45.7 2321s
 452178 312306     cutoff   58      683138.690    0.00000   100%  45.7 2325s
H452593 312545                    683138.65212    0.00000   100%  45.7 2327s
H452923 312742                    683135.69092    0.00000   100%  45.7 2328s
 453499 313222 240664.645   46  256 683135.691    0.00000   100%  45.6 2331s
H454275 313600                    682876.37472    0.00000   100%  45.6 2333s
 454400 313814    0.00000   30  276 682876.375    0.00000   100%  45.6 2335s
H455308 314471                    682528.98504    0.00000   100%  45.6 2339s
 455634 314731 253000.462   44  260 682528.985    0.00000   100%  45.6 2340s
H455965 314974                    682525.22444    0.00000   100%  45.6 2341s
 456721 315488 434773.409   53  241 682525.224    0.00000   100%  45.6 2345s
 457750 316200 506880.589   57  245 682525.224    0.00000   100%  45.6 2350s
 459123 317180 11229.9360   32  290 682525.224    0.00000   100%  45.5 2356s
H459276 317150                    682272.80632    0.00000   100%  45.5 2356s
H459338 317480                    682269.02718    0.00000   100%  45.5 2358s
H459782 317597                    682249.62390    0.00000   100%  45.5 2359s
 459979 317883 2005.96678   36  279 682249.624    0.00000   100%  45.5 2360s
 461436 318872 38865.7837   35  284 682249.624    0.00000   100%  45.5 2365s
 461849 319015     cutoff   65      682249.624    0.00000   100%  45.5 2370s
 462879 319841 497880.425   52  240 682249.624    0.00000   100%  45.5 2375s
H463030 319841                    682247.44522    0.00000   100%  45.5 2375s
H464090 320776                    682175.24577    0.00000   100%  45.4 2381s
 465293 321548 47304.0244   32  280 682175.246    0.00000   100%  45.4 2385s
H466179 322093                    682152.84167    0.00000   100%  45.5 2389s
 466306 322341 618672.358   70  206 682152.842    0.00000   100%  45.5 2390s
 467488 323128 341428.669   45  262 682152.842    0.00000   100%  45.5 2395s
 468508 323966 112656.900   38  276 682152.842    0.00000   100%  45.5 2400s
 469674 324763 510005.556   57  248 682152.842    0.00000   100%  45.5 2406s
 470794 325699 664108.596   63  226 682152.842    0.00000   100%  45.5 2411s
 471656 326455 30489.6888   39  281 682152.842    0.00000   100%  45.5 2415s
 472644 326991 631277.518   58  248 682152.842    0.00000   100%  45.5 2420s
 473499 327659 410262.743   49  243 682152.842    0.00000   100%  45.6 2425s
H473784 327860                    682145.85361    0.00000   100%  45.6 2427s
H474078 328052                    682144.29229    0.00000   100%  45.6 2428s
 474473 328366 20184.4998   34  282 682144.292    0.00000   100%  45.6 2431s
 475342 329009 74102.8835   34  275 682144.292    0.00000   100%  45.7 2435s
 476606 329975     cutoff   61      682144.292    0.00000   100%  45.7 2440s
 477751 330837 413578.973   47  266 682144.292    0.00000   100%  45.7 2446s
 478592 331630 621878.358   56  244 682144.292    0.00000   100%  45.7 2450s
 480290 332691     cutoff   65      682144.292    0.00000   100%  45.7 2456s
 481393 333574 61224.1758   31  294 682144.292    0.00000   100%  45.7 2461s
 482147 334197    0.00000   32  296 682144.292    0.00000   100%  45.7 2467s
 482747 334668 150032.126   43  269 682144.292    0.00000   100%  45.7 2470s
H483201 334815                    682129.58134    0.00000   100%  45.7 2472s
 483935 335483 73360.6414   37  271 682129.581    0.00000   100%  45.7 2476s
H484484 335690                    682129.57538    0.00000   100%  45.7 2477s
 485016 336096 45559.4079   35  289 682129.575    0.00000   100%  45.7 2480s
 486259 337075 256603.466   40  260 682129.575    0.00000   100%  45.7 2485s
 487422 337851 136297.750   41  276 682129.575    0.00000   100%  45.7 2491s
 487825 338334 180861.498   39  269 682129.575    0.00000   100%  45.7 2495s
H488942 338928                    682129.57024    0.00000   100%  45.7 2499s
 489213 339207    0.00000   36  287 682129.570    0.00000   100%  45.7 2501s
H490224 339876                    682072.29200    0.00000   100%  45.7 2505s
H490621 340194                    682070.81803    0.00000   100%  45.7 2506s
 491398 340713 24768.4026   33  280 682070.818    0.00000   100%  45.7 2510s
 492841 341628 528304.023   57  241 682070.818    0.00000   100%  45.7 2516s
 493528 342075 636644.878   60  237 682070.818    0.00000   100%  45.7 2520s
H494956 343348                    682059.31039    0.00000   100%  45.7 2526s
 496063 344050 193527.547   35  284 682059.310    0.00000   100%  45.7 2530s
H496396 344184                    682057.64222    0.00000   100%  45.7 2532s
H496824 344416                    682033.49167    0.00000   100%  45.7 2533s
 497199 344790 313957.789   47  260 682033.492    0.00000   100%  45.7 2535s
 498149 345270 619837.688   54  257 682033.492    0.00000   100%  45.7 2540s
 498969 346037 355993.820   48  268 682033.492    0.00000   100%  45.7 2545s
 500160 346808 41277.5826   32  290 682033.492    0.00000   100%  45.7 2551s
H500673 347218                    682032.70067    0.00000   100%  45.7 2553s
 501001 347384 106885.752   37  278 682032.701    0.00000   100%  45.7 2555s
H501108 347384                    682032.63737    0.00000   100%  45.7 2555s
 502183 348252 245387.250   42  262 682032.637    0.00000   100%  45.7 2560s
 503301 348938 224648.925   38  273 682032.637    0.00000   100%  45.6 2566s
 503992 349517     cutoff   62      682032.637    0.00000   100%  45.6 2570s
H504914 350201                    682025.43072    0.00000   100%  45.6 2574s
 505249 350466 270567.042   38  270 682025.431    0.00000   100%  45.6 2576s
H505608 350624                    682024.44920    0.00000   100%  45.6 2577s
H506189 350920                    682024.44796    0.00000   100%  45.6 2580s
 507315 351738    0.00000   30  293 682024.448    0.00000   100%  45.6 2585s
 508545 352459 315645.330   44  273 682024.448    0.00000   100%  45.6 2590s
 509471 353181 461968.456   51  254 682024.448    0.00000   100%  45.6 2595s
 510306 353723 679638.829   56  248 682024.448    0.00000   100%  45.6 2600s
 511339 354452 656113.910   57  231 682024.448    0.00000   100%  45.6 2605s
 512498 355225    0.00000   31  292 682024.448    0.00000   100%  45.6 2610s
H513232 355714                    682020.77542    0.00000   100%  45.6 2613s
H513428 355871                    682010.25449    0.00000   100%  45.6 2614s
 513696 355899 46915.5264   37  282 682010.254    0.00000   100%  45.6 2616s
H514128 356295                    681994.56576    0.00000   100%  45.6 2618s
H514268 356512                    681992.96725    0.00000   100%  45.6 2619s
 514577 356712 34666.8342   35  289 681992.967    0.00000   100%  45.7 2620s
 515426 357247    0.00000   32  297 681992.967    0.00000   100%  45.7 2625s
 516476 358169     cutoff   65      681992.967    0.00000   100%  45.7 2630s
 517791 358900 189000.471   40  275 681992.967    0.00000   100%  45.7 2635s
 518820 359585 615308.951   58  238 681992.967    0.00000   100%  45.7 2640s
 519463 360170 469734.174   54  254 681992.967    0.00000   100%  45.7 2645s
 520340 360736 54211.9749   34  285 681992.967    0.00000   100%  45.7 2650s
 521566 361557 74241.5194   38  280 681992.967    0.00000   100%  45.7 2655s
 522742 362539 632530.709   62  232 681992.967    0.00000   100%  45.7 2661s
 523602 363199 653322.568   57  252 681992.967    0.00000   100%  45.7 2665s
 523999 363268 433391.977   55  258 681992.967    0.00000   100%  45.7 2671s
H524137 363338                    681992.90975    0.00000   100%  45.7 2672s
 524670 363881 9587.86697   34  286 681992.910    0.00000   100%  45.7 2675s
H525351 364325                    681992.88739    0.00000   100%  45.7 2678s
 525478 364602 621271.774   56  244 681992.887    0.00000   100%  45.7 2680s
H526740 365323                    681987.01257    0.00000   100%  45.7 2684s
H526817 365673                    681979.58227    0.00000   100%  45.7 2686s
 527930 366317 174048.089   40  278 681979.582    0.00000   100%  45.7 2690s
 528859 367114 336082.770   55  244 681979.582    0.00000   100%  45.7 2696s
 529603 367781 infeasible   58      681979.582    0.00000   100%  45.7 2700s
 530519 368260 555242.471   55  241 681979.582    0.00000   100%  45.7 2705s
 531731 369169 453475.569   54  265 681979.582    0.00000   100%  45.7 2710s
 533028 370118 113030.367   38  282 681979.582    0.00000   100%  45.7 2716s
 533843 370760  969.25957   36  280 681979.582    0.00000   100%  45.7 2720s
 534703 371453 305759.631   46  265 681979.582    0.00000   100%  45.7 2725s
 536117 372428 443681.172   51  249 681979.582    0.00000   100%  45.7 2730s
 537271 373161 449689.158   54  250 681979.582    0.00000   100%  45.7 2735s
H538118 373669                    681977.02845    0.00000   100%  45.7 2738s
H538257 373806                    681977.02766    0.00000   100%  45.7 2739s
 538442 374037     cutoff   61      681977.028    0.00000   100%  45.7 2741s
H539131 374459                    681973.33544    0.00000   100%  45.7 2743s
 539257 374574 472055.613   51  260 681973.335    0.00000   100%  45.7 2745s
 540107 375223 88277.3455   39  279 681973.335    0.00000   100%  45.7 2751s
H540297 375223                    681963.80567    0.00000   100%  45.7 2751s
 541044 375804    0.00000   36  285 681963.806    0.00000   100%  45.7 2755s
 542249 376632 668213.624   60  242 681963.806    0.00000   100%  45.7 2761s
 543201 377287 infeasible   62      681963.806    0.00000   100%  45.7 2765s
H544118 377856                    681960.51941    0.00000   100%  45.7 2770s
H544748 378159                    681959.14166    0.00000   100%  45.7 2773s
H544899 378228                    681958.30201    0.00000   100%  45.7 2774s
 544914 378609 323900.957   45  266 681958.302    0.00000   100%  45.7 2776s
H544927 378609                    681955.36055    0.00000   100%  45.7 2776s
 546086 379244 57887.1880   37  280 681955.361    0.00000   100%  45.7 2780s
 547183 379987 252794.121   43  262 681955.361    0.00000   100%  45.7 2785s
H547959 380438                    681951.84416    0.00000   100%  45.7 2789s
 548085 380685 94385.6584   38  275 681951.844    0.00000   100%  45.7 2790s
H549124 381135                    681948.69087    0.00000   100%  45.7 2794s
 549195 381407     cutoff   60      681948.691    0.00000   100%  45.7 2796s
H549714 381592                    681940.65647    0.00000   100%  45.7 2797s
 550100 381960     cutoff   62      681940.656    0.00000   100%  45.7 2800s
H550497 382253                    681936.66055    0.00000   100%  45.7 2801s
H551365 382876                    681935.90302    0.00000   100%  45.7 2805s
 552200 383792 131776.909   38  278 681935.903    0.00000   100%  45.7 2810s
H552453 383792                    681924.46020    0.00000   100%  45.7 2810s
H552770 383924                    681915.68466    0.00000   100%  45.7 2811s
 553517 384625 582391.401   58  241 681915.685    0.00000   100%  45.7 2815s
H554928 385475                    681906.39500    0.00000   100%  45.7 2821s
 555728 385959 651293.843   53  248 681906.395    0.00000   100%  45.7 2825s
H555941 386140                    681758.87627    0.00000   100%  45.7 2826s
 556914 386871 123363.244   39  271 681758.876    0.00000   100%  45.7 2830s
H557789 387542                    681758.87599    0.00000   100%  45.7 2834s
 558157 387740    0.00000   33  285 681758.876    0.00000   100%  45.7 2836s
H558944 388315                    681749.57931    0.00000   100%  45.7 2838s
H559046 388307                    681690.33399    0.00000   100%  45.7 2838s
 559549 388696    0.00000   30  292 681690.334    0.00000   100%  45.7 2840s
H559731 389034                    681688.40774    0.00000   100%  45.7 2842s
 560356 389368    0.00000   30  284 681688.408    0.00000   100%  45.7 2845s
H561070 389915                    681507.65485    0.00000   100%  45.6 2847s
H561393 390053                    681481.80060    0.00000   100%  45.6 2848s
 561499 390369 309987.742   46  268 681481.801    0.00000   100%  45.6 2850s
H561688 390361                    681428.34051    0.00000   100%  45.6 2850s
H562486 390966                    681360.02802    0.00000   100%  45.6 2854s
 562780 391270 125096.036   41  274 681360.028    0.00000   100%  45.6 2855s
 564099 392185     cutoff   58      681360.028    0.00000   100%  45.6 2860s
H564100 392184                    681356.65943    0.00000   100%  45.6 2860s
 565263 393151     cutoff   58      681356.659    0.00000   100%  45.6 2865s
H565717 393158                    681356.03825    0.00000   100%  45.6 2867s
H565721 393156                    681331.33136    0.00000   100%  45.6 2867s
 565831 393585 420086.010   46  259 681331.331    0.00000   100%  45.6 2870s
H566609 393804                    681330.46470    0.00000   100%  45.6 2873s
H566744 394045                    681326.84883    0.00000   100%  45.6 2874s
 567077 394303 419618.698   43  261 681326.849    0.00000   100%  45.6 2875s
 568208 395080 577677.005   76  200 681326.849    0.00000   100%  45.5 2880s
 569335 396012 600172.403   59  236 681326.849    0.00000   100%  45.5 2885s
 570582 396824 488856.526   51  257 681326.849    0.00000   100%  45.5 2891s
 570962 397322 269411.645   46  257 681326.849    0.00000   100%  45.6 2895s
H571772 397654                    681307.58327    0.00000   100%  45.6 2898s
H571975 397796                    681307.58301    0.00000   100%  45.6 2899s
 572082 397941    0.00000   26  288 681307.583    0.00000   100%  45.6 2901s
 572624 398476 670185.731   63  216 681307.583    0.00000   100%  45.6 2905s
H573282 398795                    681293.84144    0.00000   100%  45.6 2907s
 573660 399162 9817.75047   36  274 681293.841    0.00000   100%  45.6 2910s
 574463 399914 8296.16999   32  289 681293.841    0.00000   100%  45.6 2915s
 575473 400635 3323.52894   32  293 681293.841    0.00000   100%  45.6 2920s
 576203 401117     cutoff   75      681293.841    0.00000   100%  45.7 2925s
H576419 401362                    681223.45737    0.00000   100%  45.7 2926s
 577442 402059 233757.775   41  273 681223.457    0.00000   100%  45.7 2930s
H578278 402719                    681213.34908    0.00000   100%  45.7 2934s
 578512 403022 469308.889   53  241 681213.349    0.00000   100%  45.8 2936s
 579477 403656 123565.740   36  284 681213.349    0.00000   100%  45.8 2940s
H579591 403656                    681211.89879    0.00000   100%  45.8 2940s
H580116 404032                    681209.50708    0.00000   100%  45.8 2943s
 580266 404272 191104.558   39  279 681209.507    0.00000   100%  45.8 2945s
H580985 404633                    681197.01192    0.00000   100%  45.8 2948s
 581387 405146 13530.7178   36  292 681197.012    0.00000   100%  45.8 2951s
 582319 405821 543636.125   53  254 681197.012    0.00000   100%  45.8 2955s
 583532 406712    0.00000   33  284 681197.012    0.00000   100%  45.8 2960s
 584741 407549 141594.181   38  282 681197.012    0.00000   100%  45.8 2965s
H585764 408241                    681196.45059    0.00000   100%  45.9 2969s
 585975 408549     cutoff   62      681196.451    0.00000   100%  45.9 2971s
 586426 408700    0.00000   32  288 681196.451    0.00000   100%  45.9 2975s
 587297 409546    0.00000   33  286 681196.451    0.00000   100%  45.9 2980s
H588279 410243                    681193.47345    0.00000   100%  45.9 2984s
 588600 410547    0.00000   27  284 681193.473    0.00000   100%  45.9 2986s
 589664 411358    0.00000   32  292 681193.473    0.00000   100%  45.9 2990s
H590444 411741                    681193.37585    0.00000   100%  45.9 2993s
 590571 411982 78961.4414   35  292 681193.376    0.00000   100%  45.9 2995s
H591357 412495                    681175.08437    0.00000   100%  45.9 2998s
H591554 412585                    681174.62319    0.00000   100%  45.9 2999s
 591682 412896 11915.5633   33  281 681174.623    0.00000   100%  45.9 3001s
 592610 413537 655831.752   63  226 681174.623    0.00000   100%  45.9 3005s
 593526 414220 615118.415   61  223 681174.623    0.00000   100%  45.9 3010s
H593742 414220                    681173.14323    0.00000   100%  45.9 3010s
 594791 415239 240813.737   42  271 681173.143    0.00000   100%  45.9 3016s
H595026 415239                    681173.12971    0.00000   100%  45.9 3016s
 596015 416002     cutoff   58      681173.130    0.00000   100%  45.9 3020s
 597048 416874 35876.0277   36  283 681173.130    0.00000   100%  45.9 3026s
 598355 417788 537719.875   53  257 681173.130    0.00000   100%  45.9 3031s
 599473 418475 37449.6464   39  276 681173.130    0.00000   100%  45.9 3035s
 600795 419349 537035.259   66  210 681173.130    0.00000   100%  45.9 3040s
 601735 420157 598508.010   52  230 681173.130    0.00000   100%  45.9 3046s
 602457 420654 368885.305   42  266 681173.130    0.00000   100%  45.9 3050s
 603811 421638 55801.0160   35  287 681173.130    0.00000   100%  45.8 3056s
 604563 422288 270712.931   44  259 681173.130    0.00000   100%  45.8 3060s
 605520 423113 487353.314   51  250 681173.130    0.00000   100%  45.9 3065s
 606725 423912 536746.408   48  250 681173.130    0.00000   100%  45.9 3070s
H607505 424305                    681172.41502    0.00000   100%  45.9 3075s
 608515 425200 61962.8682   36  281 681172.415    0.00000   100%  45.9 3080s
H608651 425200                    681170.92562    0.00000   100%  45.9 3080s
 609823 426158 17682.8608   33  283 681170.926    0.00000   100%  45.9 3086s
 610942 426883 444721.845   49  263 681170.926    0.00000   100%  45.9 3091s
H611102 427111                    681170.72646    0.00000   100%  45.9 3092s
 611557 427381 661054.618   66  227 681170.726    0.00000   100%  45.9 3095s
 612305 427884 22973.0857   34  292 681170.726    0.00000   100%  45.9 3100s
 613720 429022 54709.8809   34  294 681170.726    0.00000   100%  45.9 3105s
 614688 429702 41238.9967   33  286 681170.726    0.00000   100%  45.9 3110s
 615925 430644     cutoff   64      681170.726    0.00000   100%  45.8 3115s
 617157 431522 476970.262   56  255 681170.726    0.00000   100%  45.8 3120s
 618232 432357 308009.283   49  268 681170.726    0.00000   100%  45.8 3125s
 619274 432961 632870.969   58  242 681170.726    0.00000   100%  45.8 3130s
 620307 433672    0.00000   26  276 681170.726    0.00000   100%  45.9 3135s
H620410 433672                    681164.91169    0.00000   100%  45.9 3136s
 621004 434387 228437.264   40  276 681164.912    0.00000   100%  45.9 3140s
H621591 434586                    681160.35489    0.00000   100%  45.9 3141s
 622367 435407 85340.1552   35  288 681160.355    0.00000   100%  45.9 3145s
H622888 435499                    681159.48759    0.00000   100%  45.9 3149s
 622923 435720    0.00000   35  282 681159.488    0.00000   100%  45.9 3150s
 624219 436583 295411.039   46  271 681159.488    0.00000   100%  45.9 3156s
 625075 437220 43909.3240   38  278 681159.488    0.00000   100%  45.9 3160s
H626121 438008                    681152.72871    0.00000   100%  45.8 3164s
 626342 438223    0.00000   32  282 681152.729    0.00000   100%  45.8 3165s
H626964 438722                    681151.32476    0.00000   100%  45.8 3168s
 627592 439136 56814.4612   35  288 681151.325    0.00000   100%  45.8 3171s
H627800 439305                    681149.06265    0.00000   100%  45.8 3172s
 628243 439589 599079.383   57  251 681149.063    0.00000   100%  45.8 3175s
 629304 440458 62508.0097   33  275 681149.063    0.00000   100%  45.8 3180s
H630154 440855                    681147.57344    0.00000   100%  45.8 3183s
 630451 441234 infeasible   59      681147.573    0.00000   100%  45.8 3186s
 631316 441798 346831.429   48  272 681147.573    0.00000   100%  45.8 3190s
 632510 442755 408600.734   51  252 681147.573    0.00000   100%  45.8 3196s
H633314 443216                    681145.58416    0.00000   100%  45.8 3200s
 634491 444087 659322.121   79  203 681145.584    0.00000   100%  45.8 3205s
 635727 444925 645062.923   57  225 681145.584    0.00000   100%  45.8 3211s
 636639 445624    0.00000   34  287 681145.584    0.00000   100%  45.8 3215s
 637791 446502 44231.5490   36  279 681145.584    0.00000   100%  45.8 3220s
 638590 447012 412347.590   50  250 681145.584    0.00000   100%  45.8 3225s
 639650 447696 510301.102   68  212 681145.584    0.00000   100%  45.8 3230s
H639756 447695                    681144.92217    0.00000   100%  45.8 3230s
 640775 448546 99201.6322   37  291 681144.922    0.00000   100%  45.8 3235s
 641831 449387 44299.1344   35  281 681144.922    0.00000   100%  45.8 3240s
 642648 449991 640515.859   60  232 681144.922    0.00000   100%  45.8 3245s
 643758 450741 240132.673   41  268 681144.922    0.00000   100%  45.8 3250s
 644999 451729 495744.559   52  251 681144.922    0.00000   100%  45.8 3256s
 645922 452312 4268.76966   35  299 681144.922    0.00000   100%  45.8 3260s
H646132 452538                    681142.29279    0.00000   100%  45.8 3262s
 646694 452997 570717.050   64  218 681142.293    0.00000   100%  45.8 3265s
 647475 453528 122645.659   37  273 681142.293    0.00000   100%  45.9 3270s
 648266 454083     cutoff   63      681142.293    0.00000   100%  45.9 3275s
 649034 454704 382756.003   59  234 681142.293    0.00000   100%  45.9 3281s
 650294 455652    0.00000   28  291 681142.293    0.00000   100%  45.9 3285s
 651537 456482 33766.6848   38  273 681142.293    0.00000   100%  45.9 3291s
 652554 457275 68969.7226   35  280 681142.293    0.00000   100%  45.9 3296s
 653677 458131    0.00000   30  280 681142.293    0.00000   100%  45.9 3300s
H654001 458239                    681132.07968    0.00000   100%  45.9 3302s
 654151 458642 233669.221   41  276 681132.080    0.00000   100%  45.9 3305s
H655364 459228                    681132.00866    0.00000   100%  45.9 3309s
 655407 459650 21266.7293   33  289 681132.009    0.00000   100%  46.0 3311s
 656613 460247 532294.219   69  216 681132.009    0.00000   100%  45.9 3315s
 657545 461067 434795.195   47  257 681132.009    0.00000   100%  45.9 3321s
 658469 461818     cutoff   64      681132.009    0.00000   100%  45.9 3325s
 659296 462283 209100.996   41  275 681132.009    0.00000   100%  45.9 3331s
 660057 463090 559555.103   59  234 681132.009    0.00000   100%  45.9 3335s
 661189 463720 43862.1659   35  268 681132.009    0.00000   100%  45.9 3340s
 662480 464756 491315.591   53  249 681132.009    0.00000   100%  45.9 3345s
 663849 465879    0.00000   33  280 681132.009    0.00000   100%  45.9 3350s
 664637 466587 230480.778   44  260 681132.009    0.00000   100%  45.9 3356s
 665747 467259     cutoff   61      681132.009    0.00000   100%  45.9 3360s
 667199 468337 243104.686   41  274 681132.009    0.00000   100%  45.9 3365s
H668166 468871                    680999.37207    0.00000   100%  45.8 3369s
H668181 468805                    680660.03539    0.00000   100%  45.8 3369s
H668229 468796                    680587.61048    0.00000   100%  45.8 3369s
 668238 468843 135136.365   40  273 680587.610    0.00000   100%  45.8 3371s
H668306 468898                    680586.97965    0.00000   100%  45.8 3373s
H668341 468898                    680585.03824    0.00000   100%  45.8 3373s
 668376 468930 295716.199   43  268 680585.038    0.00000   100%  45.8 3375s
H668377 468929                    680579.87058    0.00000   100%  45.8 3375s
H668382 468833                    680043.36310    0.00000   100%  45.8 3375s
H668421 468796                    679538.15443    0.00000   100%  45.8 3377s
H668431 468744                    679292.89925    0.00000   100%  45.8 3377s
H668480 468751                    679088.67865    0.00000   100%  45.8 3379s
H668484 468700                    678722.21896    0.00000   100%  45.8 3379s
 668529 468752 549816.242   56  243 678722.219    0.00000   100%  45.8 3381s
H668530 468747                    678694.05252    0.00000   100%  45.8 3381s
H668532 468745                    678674.39982    0.00000   100%  45.8 3381s
H668535 468699                    678374.53878    0.00000   100%  45.8 3381s
H668541 468698                    678340.95824    0.00000   100%  45.8 3382s
H668593 468745                    678332.21992    0.00000   100%  45.8 3384s
H668595 468742                    678315.82693    0.00000   100%  45.8 3384s
H668598 468739                    678303.75747    0.00000   100%  45.8 3384s
H668600 468686                    677989.46911    0.00000   100%  45.8 3384s
H668620 468679                    677955.39159    0.00000   100%  45.8 3384s
 668659 468721 261053.341   44  268 677955.392    0.00000   100%  45.8 3386s
H668660 468721                    677953.14253    0.00000   100%  45.8 3386s
H668662 468691                    677786.57679    0.00000   100%  45.8 3386s
H668687 468663                    677570.03796    0.00000   100%  45.8 3386s
H668688 468657                    677538.48545    0.00000   100%  45.8 3386s
H668723 468702                    677537.52633    0.00000   100%  45.8 3388s
H668725 468701                    677533.40086    0.00000   100%  45.8 3388s
H668729 468680                    677408.12082    0.00000   100%  45.8 3388s
H668735 468662                    677294.21694    0.00000   100%  45.8 3388s
H668753 468649                    677211.60601    0.00000   100%  45.8 3389s
H668784 468634                    677150.11045    0.00000   100%  45.8 3389s
 668787 468692 46980.5543   34  290 677150.110    0.00000   100%  45.8 3391s
H668789 468690                    677129.21971    0.00000   100%  45.8 3391s
H668790 468642                    676859.07701    0.00000   100%  45.8 3391s
H668794 468638                    676831.10912    0.00000   100%  45.8 3391s
H668839 468616                    676664.51313    0.00000   100%  45.8 3391s
H669330 469006                    676103.18204    0.00000   100%  45.8 3394s
 669464 469241 44754.1255   37  259 676103.182    0.00000   100%  45.8 3397s
H669889 469658                    676025.75957    0.00000   100%  45.8 3399s
 670384 469744 256881.820   45  246 676025.760    0.00000   100%  45.8 3401s
H670505 470100                    676025.69945    0.00000   100%  45.8 3402s
 671303 470671 524096.116   55  240 676025.699    0.00000   100%  45.8 3405s
H671529 470670                    676004.86046    0.00000   100%  45.8 3406s
 672428 471399 428809.932   52  242 676004.860    0.00000   100%  45.8 3410s
H672704 471625                    675680.22629    0.00000   100%  45.8 3411s
 673787 472395 248100.049   42  266 675680.226    0.00000   100%  45.8 3415s
H674672 472876                    675658.29658    0.00000   100%  45.7 3418s
 674741 473010 10438.1308   35  277 675658.297    0.00000   100%  45.7 3420s
H674830 472978                    675498.03015    0.00000   100%  45.7 3420s
H675037 473124                    675449.61801    0.00000   100%  45.7 3422s
 675517 473572 41701.1089   36  281 675449.618    0.00000   100%  45.7 3425s
H676142 473996                    675440.82343    0.00000   100%  45.8 3427s
H676276 474184                    674961.99727    0.00000   100%  45.8 3429s
 676676 474332 34009.9360   34  290 674961.997    0.00000   100%  45.8 3430s
H676805 474331                    674951.37527    0.00000   100%  45.8 3430s
H677289 474786                    674908.61958    0.00000   100%  45.8 3433s
 677974 475316     cutoff   64      674908.620    0.00000   100%  45.7 3436s
H678604 475555                    674268.05524    0.00000   100%  45.8 3439s
 678737 475677 540016.901   54  243 674268.055    0.00000   100%  45.8 3440s
H679218 475972                    674234.02376    0.00000   100%  45.8 3442s
 679973 476540    0.00000   32  282 674234.024    0.00000   100%  45.8 3445s
H680500 477117                    674123.93526    0.00000   100%  45.8 3448s
 681161 477431 3283.95710   33  286 674123.935    0.00000   100%  45.8 3451s
H681725 477830                    673867.26457    0.00000   100%  45.8 3453s
 682075 478022 476299.184   53  251 673867.265    0.00000   100%  45.8 3455s
 683121 478733     cutoff   61      673867.265    0.00000   100%  45.8 3460s
H683932 479373                    673865.28925    0.00000   100%  45.8 3464s
H684151 479536                    673750.81534    0.00000   100%  45.8 3465s
H684717 479804                    673741.93378    0.00000   100%  45.8 3467s
H684943 479980                    673721.58792    0.00000   100%  45.8 3468s
H685071 480098                    673712.60228    0.00000   100%  45.8 3469s
H685150 480042                    673423.26139    0.00000   100%  45.8 3470s
H685228 480116                    673227.57904    0.00000   100%  45.8 3471s
H685857 480694                    673209.55172    0.00000   100%  45.8 3476s
H686577 481189                    673130.75913    0.00000   100%  45.8 3478s
H686775 481285                    673112.61373    0.00000   100%  45.8 3480s
 687413 481779 11574.8820   35  286 673112.614    0.00000   100%  45.9 3486s
 688024 482412 238859.004   40  285 673112.614    0.00000   100%  45.9 3490s
H688788 482916                    673103.90543    0.00000   100%  45.9 3494s
 689171 483164 559276.080   55  238 673103.905    0.00000   100%  45.9 3495s
H689828 483502                    673100.92052    0.00000   100%  45.9 3498s
 690000 483821    0.00000   28  289 673100.921    0.00000   100%  45.9 3500s
 690806 484357 51818.8684   33  285 673100.921    0.00000   100%  45.9 3505s
H691009 484352                    673083.04531    0.00000   100%  45.9 3505s
H691160 484605                    673077.11668    0.00000   100%  45.9 3506s
 692157 485295    0.00000   32  292 673077.117    0.00000   100%  45.9 3511s
 693040 485910 601265.595   61  224 673077.117    0.00000   100%  45.9 3515s
 693863 486645 565797.666   56  252 673077.117    0.00000   100%  45.9 3520s
H694191 486816                    673053.79816    0.00000   100%  45.9 3521s
 695046 487386 infeasible   61      673053.798    0.00000   100%  45.9 3526s
 695826 487919 507706.372   65  228 673053.798    0.00000   100%  45.9 3530s
 696769 488670 325860.506   47  263 673053.798    0.00000   100%  45.9 3535s
H696912 488669                    673051.55503    0.00000   100%  45.9 3535s
 698050 489622 490242.510   53  247 673051.555    0.00000   100%  45.9 3541s
H698331 489829                    673048.60468    0.00000   100%  45.9 3542s
 698984 490315     cutoff   60      673048.605    0.00000   100%  45.9 3545s
H699112 490315                    673044.15280    0.00000   100%  45.9 3545s
 700219 491139 33206.5991   34  278 673044.153    0.00000   100%  45.9 3551s
 700850 491541 137979.611   38  286 673044.153    0.00000   100%  45.9 3555s
H701834 492495                    673043.09209    0.00000   100%  46.0 3561s
 702901 493207 infeasible   67      673043.092    0.00000   100%  46.0 3565s
H703038 493202                    673034.07595    0.00000   100%  46.0 3565s
H703843 494026                    673023.51443    0.00000   100%  46.0 3569s
 704252 494224 551496.038   56  246 673023.514    0.00000   100%  46.0 3570s
H704415 494224                    673019.57247    0.00000   100%  46.0 3570s
H704524 494477                    673016.58776    0.00000   100%  46.0 3572s
H704906 494807                    673016.58505    0.00000   100%  46.0 3573s
H705098 494804                    673010.22290    0.00000   100%  46.0 3574s
 705307 495013 650377.142   59  235 673010.223    0.00000   100%  46.0 3575s
H705764 495174                    673010.22019    0.00000   100%  46.0 3576s
 706217 495542 409575.432   48  256 673010.220    0.00000   100%  46.0 3580s
H706289 495653                    673002.66145    0.00000   100%  46.0 3582s
 706870 496106 179616.025   40  280 673002.661    0.00000   100%  46.0 3585s
 708012 496883 473293.533   49  259 673002.661    0.00000   100%  46.0 3590s
 708796 497425 33504.4873   35  285 673002.661    0.00000   100%  46.0 3595s
 710158 498356 82444.6640   37  278 673002.661    0.00000   100%  46.0 3600s

Cutting planes:
  Gomory: 31
  Implied bound: 42
  MIR: 39
  Flow cover: 5
  RLT: 6
  Relax-and-lift: 4

Explored 710283 nodes (32679287 simplex iterations) in 3600.07 seconds (2212.08 work units)
Thread count was 2 (of 24 available processors)

Solution count 10: 673003 673010 673010 ... 673049

Time limit reached
Best objective 6.730026614483e+05, best bound 0.000000000000e+00, gap 100.0000%
