Meta_10;393342;0.0;0.5;349890;2188314.0017482555;0.4882083308022555;48;0.0
Meta_1;393342;0.0;0.0;326648;2271477.086857994;0.36171237887418345;3600;0.38222007099606203
Meta_2;393342;0.0;0.05555555555555555;314436;2219782.7516937633;0.3469860457215765;3600;0.3958310699402795
Meta_3;393342;0.0;0.1111111111111111;302085;1724048.0515366367;0.3460852970407394;3600;0.4109556060864304
Meta_4;393342;0.0;0.16666666666666666;306417;1367936.5954799114;0.3643900347738649;3600;0.4326826900468567
Meta_5;393342;0.0;0.2222222222222222;327991;2178828.6689707916;0.34893423760618164;3600;0.384442736314158
Meta_6;393342;0.0;0.2777777777777778;327496;2021767.5194397145;0.347242250793178;3600;0.318188551374219
Meta_7;393342;0.0;0.3333333333333333;325311;1678246.766819209;0.359573167479835;3600;0.20735719815232045
Meta_8;393342;0.0;0.38888888888888884;354070;2608324.225923484;0.3889152866510269;3600;0.036118033612273955
Meta_9;393342;0.0;0.4444444444444444;353345;2381076.629596346;0.44444142305470485;3600;0.0030871976248164385
Meta_20;393342;872749.4104992194;0.5;349890;2188314.0017482555;0.48820833080225784;45;1.3904084318591888E-16
Meta_11;393342;872749.4104992194;0.0;308479;1550892.2033601203;0.3429515903194202;3600;0.39210908509682474
Meta_12;393342;872749.4104992194;0.05555555555555555;306389;1309896.2936242698;0.36115769365768513;3600;0.41484296121505915
Meta_13;393342;872749.4104992194;0.1111111111111111;298432;1123098.7949485257;0.3674338120147201;3600;0.4614243271363089
Meta_14;393342;872749.4104992194;0.16666666666666666;306822;1384427.1563091227;0.36125876622949005;3600;0.46876612357193204
Meta_15;393342;872749.4104992194;0.2222222222222222;319793;1740643.4879771213;0.36489903191929235;3600;0.45773211198442243
Meta_16;393342;872749.4104992194;0.2777777777777778;319539;1613709.3015527818;0.35284674906434543;3600;0.3759404005933901
Meta_17;393342;872749.4104992194;0.3333333333333333;331130;1884185.6900762855;0.35357103399655976;3600;0.20480056955610737
Meta_18;393342;872749.4104992194;0.38888888888888884;342075;2105701.485997401;0.3890180774705367;3600;0.056594907667587464
Meta_19;393342;872749.4104992194;0.4444444444444444;356755;2533566.6452543936;0.4444438785167001;3600;0.0027707484968750493
Meta_30;393342;1745498.8209984389;0.5;349890;2188314.0017482555;0.48820833080225784;53;4.983755341891705E-14
Meta_21;393342;1745498.8209984389;0.0;322484;2409709.028282454;0.35629564785656376;3600;0.47355811222917654
Meta_22;393342;1745498.8209984389;0.05555555555555555;315749;1829010.7238343512;0.3588876915911844;3600;0.465191690624467
Meta_23;393342;1745498.8209984389;0.1111111111111111;310532;2022551.3496862042;0.3779916605456648;3600;0.5398193092709599
Meta_24;393342;1745498.8209984389;0.16666666666666666;315787;2060350.3293861796;0.3548484918482808;3600;0.5284064483835741
Meta_25;393342;1745498.8209984389;0.2222222222222222;320760;1830216.4280664206;0.3453108760781728;3600;0.4773372267134518
Meta_26;393342;1745498.8209984389;0.2777777777777778;330052;1896519.4345540162;0.3669663635205759;3600;0.46058986119077155
Meta_27;393342;1745498.8209984389;0.3333333333333333;336713;2103894.812088604;0.35758538945039553;3600;0.26726492542073454
Meta_28;393342;1745498.8209984389;0.38888888888888884;348815;2402556.8178636758;0.3976761748790619;3600;0.15615677553012386
Meta_29;393342;1745498.8209984389;0.4444444444444444;354300;2428917.987778138;0.4444030839820168;3600;0.008213104373780072
Meta_40;393342;2618248.2314976584;0.5;359099;2618288.656718208;0.4754240215282859;102;0.0
Meta_31;393342;2618248.2314976584;0.0;343004;2618246.4474116606;0.38391342922716243;3600;0.525541730376944
Meta_32;393342;2618248.2314976584;0.05555555555555555;337664;2755449.2017611666;0.38145400167973914;3600;0.5508530786890857
Meta_33;393342;2618248.2314976584;0.1111111111111111;317404;2598724.3587039774;0.3435580440857205;3600;0.5587892459602076
Meta_34;393342;2618248.2314976584;0.16666666666666666;336878;2672683.4712010124;0.3833961031186767;3600;0.6217275432135294
Meta_35;393342;2618248.2314976584;0.2222222222222222;320656;2618229.42106657;0.3257229594042515;3600;0.5796665988652656
Meta_36;393342;2618248.2314976584;0.2777777777777778;337711;2550229.2757044644;0.34224417281447495;3600;0.5132472785888589
Meta_37;393342;2618248.2314976584;0.3333333333333333;348291;2613420.104606563;0.3603446880083016;3600;0.3669676353171751
Meta_38;393342;2618248.2314976584;0.38888888888888884;356808;2747120.414614899;0.3925507369697892;3600;0.14436423656138825
Meta_39;393342;2618248.2314976584;0.4444444444444444;358794;2627601.019749992;0.44444413036512875;3600;0.004639879573170673
Meta_50;393342;3490997.6419968777;0.5;375679;3491016.220685662;0.44506048795174036;78;7.943237496556033E-15
Meta_41;393342;3490997.6419968777;0.0;338929;3489158.1500590234;0.34651901280189695;3600;0.5607672753349823
Meta_42;393342;3490997.6419968777;0.05555555555555555;338437;3469053.0100629306;0.3478470804961812;3600;0.5749652025809798
Meta_43;393342;3490997.6419968777;0.1111111111111111;336865;3478700.1125145066;0.3678183686116356;3600;0.6392474834646503
Meta_44;393342;3490997.6419968777;0.16666666666666666;341052;3527375.7681951746;0.3669706578351872;3600;0.6824423805942688
Meta_45;393342;3490997.6419968777;0.2222222222222222;345646;3491069.6963198613;0.35030194032682643;3600;0.6761845489440823
Meta_46;393342;3490997.6419968777;0.2777777777777778;350622;3452089.6526948228;0.3469692498000661;3600;0.663264450742432
Meta_47;393342;3490997.6419968777;0.3333333333333333;368748;3766232.8842081907;0.3907418381844922;3600;0.7345597600846119
Meta_48;393342;3490997.6419968777;0.38888888888888884;371493;3490722.1901039137;0.41003993588269677;3600;0.5208756189950118
Meta_49;393342;3490997.6419968777;0.4444444444444444;375676;3491015.8113514115;0.4444448348626016;3600;1.2729069423537083E-4
Meta_51;393342;4363747.052496097;0.0;339183;4360354.819876993;0.36223593158257966;3600;0.6430668959619571
Meta_52;393342;4363747.052496097;0.05555555555555555;352159;4306567.580528206;0.3677174582807777;3600;0.631928114265075
Meta_53;393342;4363747.052496097;0.1111111111111111;345267;4363127.441247836;0.3713827905573105;3600;0.6853574558437727
Meta_54;393342;4363747.052496097;0.16666666666666666;352492;4303718.535347921;0.380661427647907;3600;0.7505655427517341
Meta_55;393342;4363747.052496097;0.2222222222222222;356198;4360180.07632763;0.32618024222131775;3600;0.719597482282924
Meta_56;393342;4363747.052496097;0.2777777777777778;355084;4362809.469544461;0.34657338387125347;3600;0.8586940893888306
Meta_57;393342;4363747.052496097;0.3333333333333333;382243;4350960.229395739;0.4034277419324278;3600;0.8939202192356264
Meta_58;393342;4363747.052496097;0.38888888888888884;382163;4368252.269743141;0.4022512190870635;3600;0.7228160171874648
Meta_59;393342;4363747.052496097;0.4444444444444444;386191;4363778.586709522;0.42077977315356563;3600;0.044877299326590785
Meta_60;393342;4363747.052496097;0.5;386127;4363746.130976038;0.42047375777269325;3600;0.11329133149981765
Meta_61;393342;5236496.462995317;0.0;357196;5190308.116026752;0.34536266467360327;3600;0.596451534180436
Meta_62;393342;5236496.462995317;0.05555555555555555;342452;5244150.637245056;0.32138644298140795;3600;0.609462920375921
Meta_63;393342;5236496.462995317;0.1111111111111111;364008;5236495.708419741;0.3483530313844574;3600;0.6180394458960589
Meta_64;393342;5236496.462995317;0.16666666666666666;356370;5166437.998716268;0.351642145521486;3600;0.7479843795108084
Meta_65;393342;5236496.462995317;0.2222222222222222;369922;5238320.03980574;0.3678156078483001;3600;0.8686168744780343
Meta_66;393342;5236496.462995317;0.2777777777777778;383206;5186800.237518147;0.3715259547593825;3600;0.9280198846841593
Meta_67;393342;5236496.462995317;0.3333333333333333;386976;5236449.991693519;0.3925155483922682;3600;1.0
Meta_68;393342;5236496.462995317;0.38888888888888884;388553;5193449.613370204;0.3891275654772904;3600;1.0
Meta_69;393342;5236496.462995317;0.4444444444444444;391347;5230578.60558375;0.4021573090581979;3600;1.0
Meta_70;393342;5236496.462995317;0.5;391618;5236396.488650073;0.404172905325062;3600;1.0
Meta_71;393342;6109245.873494536;0.0;353475;6090170.997057543;0.3626229719216541;3600;0.6390432027141745
Meta_72;393342;6109245.873494536;0.05555555555555555;355896;6036237.282849865;0.3443079839150453;3600;0.6068024665977365
Meta_73;393342;6109245.873494536;0.1111111111111111;357329;5913864.234621194;0.34193918787964767;3600;0.6403605894982467
Meta_74;393342;6109245.873494536;0.16666666666666666;352502;5731929.571940553;0.36996097291373586;3600;0.782605909559111
Meta_75;393342;6109245.873494536;0.2222222222222222;364798;5908332.698991732;0.38389979129782464;3600;0.8897883539294085
Meta_76;393342;6109245.873494536;0.2777777777777778;378804;5899407.684827866;0.3811435565607385;3600;1.0
Meta_77;393342;6109245.873494536;0.3333333333333333;388982;6076825.525734927;0.3986245037703598;3600;1.0
Meta_78;393342;6109245.873494536;0.38888888888888884;391603;6095195.619796273;0.3887603967310582;3600;1.0
Meta_79;393342;6109245.873494536;0.4444444444444444;390628;5565187.426330964;0.40636007239751837;3600;1.0
Meta_80;393342;6109245.873494536;0.5;392853;6109242.792038455;0.4019058036686907;3600;1.0
Meta_81;393342;6981995.2839937555;0.0;367490;6524485.737325456;0.33434734445824965;3600;0.5410859211372837
Meta_82;393342;6981995.2839937555;0.05555555555555555;363834;6979223.6678784825;0.34866171226324105;3600;0.5907005780522737
Meta_83;393342;6981995.2839937555;0.1111111111111111;361617;6858830.123587754;0.37435564371464464;3600;0.6748610007371867
Meta_84;393342;6981995.2839937555;0.16666666666666666;363419;5550263.103887004;0.3626119153694267;3600;0.7393298415604509
Meta_85;393342;6981995.2839937555;0.2222222222222222;361308;5893552.20357848;0.3694058286453084;3600;0.8938010642838834
Meta_86;393342;6981995.2839937555;0.2777777777777778;373826;6790756.978231879;0.3870645761666278;3600;1.0
Meta_87;393342;6981995.2839937555;0.3333333333333333;383972;6467455.585128009;0.3899184240339405;3600;1.0
Meta_88;393342;6981995.2839937555;0.38888888888888884;391143;6978428.079834236;0.38760725640971017;3600;1.0
Meta_89;393342;6981995.2839937555;0.4444444444444444;391510;6593299.174963509;0.39836119790335883;3600;1.0
Meta_90;393342;6981995.2839937555;0.5;392853;6713533.428561808;0.3924058602221109;3600;1.0
Meta_91;393342;7854744.694492975;0.0;356218;6504278.382955343;0.3666156099020174;3600;0.6331684541486139
Meta_92;393342;7854744.694492975;0.05555555555555555;359701;6171914.064166249;0.3478649126312345;3600;0.6006542140942328
Meta_93;393342;7854744.694492975;0.1111111111111111;367650;6144196.632673101;0.34729034007779286;3600;0.6113056656892256
Meta_94;393342;7854744.694492975;0.16666666666666666;362401;6279691.867786332;0.38586176048083876;3600;0.7823284744864484
Meta_95;393342;7854744.694492975;0.2222222222222222;364910;7815990.2628613105;0.38651850382222636;3600;0.8918585795216419
Meta_96;393342;7854744.694492975;0.2777777777777778;378958;6814229.888874351;0.37574049921087166;3600;0.9998996114591884
Meta_97;393342;7854744.694492975;0.3333333333333333;387799;7238587.455817438;0.385301140596315;3600;1.0
Meta_98;393342;7854744.694492975;0.38888888888888884;389696;7534827.201493968;0.3888093354110143;3600;1.0
Meta_99;393342;7854744.694492975;0.4444444444444444;392986;7444634.505967522;0.39226742469463133;3600;1.0
Meta_100;393342;7854744.694492975;0.5;393117;6576150.159329526;0.3921567443344694;3600;1.0
Meta_110;371884;0.0;0.5;349890;2188314.0017482555;0.48820833080225784;60;0.0
Meta_101;371884;0.0;0.0;325479;1986986.2718364887;0.37208131552257195;3600;0.42790165730508833
Meta_102;371884;0.0;0.05555555555555555;293443;1045372.2470882594;0.3690927033889333;3600;0.4586780168336033
Meta_103;371884;0.0;0.1111111111111111;306392;1290680.0784437044;0.36277234237846157;3600;0.4482225899359458
Meta_104;371884;0.0;0.16666666666666666;315259;1619916.0018548265;0.35926931062499695;3600;0.4664813165441478
Meta_105;371884;0.0;0.2222222222222222;321999;1776650.3467583626;0.35900547782610476;3600;0.4491808987162622
Meta_106;371884;0.0;0.2777777777777778;314623;1569916.433070634;0.35305261827808626;3600;0.40262020296444206
Meta_107;371884;0.0;0.3333333333333333;319375;1495902.2277378459;0.35892789755423876;3600;0.262587414887186
Meta_108;371884;0.0;0.38888888888888884;350101;2463246.549134209;0.38890703685470845;3600;0.05704655292034891
Meta_109;371884;0.0;0.4444444444444444;355918;2521907.7273860164;0.4444511019288379;3600;0.01505369259743814
Meta_120;371884;872749.4104992194;0.5;349890;2188314.0017482555;0.48820833080225784;40;1.9798098830934307E-16
Meta_111;371884;872749.4104992194;0.0;295645;1540678.5328192986;0.3627452472183349;3600;0.5076876144449554
Meta_112;371884;872749.4104992194;0.05555555555555555;312371;1687162.1361866584;0.3626166152053899;3600;0.48004152069377715
Meta_113;371884;872749.4104992194;0.1111111111111111;317134;2337652.647319747;0.36822586840290805;3600;0.5367601581478583
Meta_114;371884;872749.4104992194;0.16666666666666666;324609;2633150.525905306;0.3751356930311463;3600;0.571961462027825
Meta_115;371884;872749.4104992194;0.2222222222222222;316483;1626965.623072895;0.3481297392070632;3600;0.49459462944125254
Meta_116;371884;872749.4104992194;0.2777777777777778;326446;1759874.835597333;0.3742408736434328;3600;0.49263419839260253
Meta_117;371884;872749.4104992194;0.3333333333333333;339819;2248389.2031026916;0.35786859877077865;3600;0.2783657723557205
Meta_118;371884;872749.4104992194;0.38888888888888884;346935;2314701.1028208584;0.38888778433265486;3600;0.07264076329185132
Meta_119;371884;872749.4104992194;0.4444444444444444;353881;2407828.428392795;0.44444465247908693;3600;0.012499189947638949
Meta_130;371884;1745498.8209984389;0.5;349890;2188314.0017482555;0.4882083308022566;35;0.0
Meta_121;371884;1745498.8209984389;0.0;344323;3081364.832526471;0.3737209587895659;3600;0.5442679062005692
Meta_122;371884;1745498.8209984389;0.05555555555555555;305710;1882252.7596838556;0.3499201941699516;3600;0.5456740958939027
Meta_123;371884;1745498.8209984389;0.1111111111111111;316826;2311630.740111939;0.36944546147316737;3600;0.5966971239356975
Meta_124;371884;1745498.8209984389;0.16666666666666666;305759;1402577.0790067867;0.37384589164088056;3600;0.6311864568941618
Meta_125;371884;1745498.8209984389;0.2222222222222222;319234;1746104.3671135418;0.36870779116945046;3600;0.6189648203445077
Meta_126;371884;1745498.8209984389;0.2777777777777778;316367;1651120.352121863;0.3503964830205263;3600;0.5646891991762183
Meta_127;371884;1745498.8209984389;0.3333333333333333;335267;2042186.6922686533;0.36969101776733354;3600;0.44700938250097283
Meta_128;371884;1745498.8209984389;0.38888888888888884;350521;2459330.9877487337;0.38897186367010633;3600;0.10311342296539144
Meta_129;371884;1745498.8209984389;0.4444444444444444;356284;2512114.720382769;0.4444440402007981;3600;0.004988816597569129
Meta_140;371884;2618248.2314976584;0.5;359099;2618288.656718208;0.4754240215282855;93;0.0
Meta_131;371884;2618248.2314976584;0.0;335862;2626287.685294605;0.38153925587872517;3600;0.6099809726892114
Meta_132;371884;2618248.2314976584;0.05555555555555555;326318;2830635.9272278785;0.3565031326146457;3600;0.6198910454944869
Meta_133;371884;2618248.2314976584;0.1111111111111111;324465;2654681.903153724;0.3795822282977794;3600;0.6742055504384167
Meta_134;371884;2618248.2314976584;0.16666666666666666;322551;1773261.5424855794;0.37378766646320555;3600;0.721130700280058
Meta_135;371884;2618248.2314976584;0.2222222222222222;340881;2612960.7459857403;0.3732380942545883;3600;0.7293590915972776
Meta_136;371884;2618248.2314976584;0.2777777777777778;341728;2615580.166144393;0.36035255198586474;3600;0.7049299244344144
Meta_137;371884;2618248.2314976584;0.3333333333333333;348311;2626589.874011335;0.3561870096604269;3600;0.5396633769265696
Meta_138;371884;2618248.2314976584;0.38888888888888884;356031;2671875.727472552;0.3921438772287142;3600;0.2550151605279161
Meta_139;371884;2618248.2314976584;0.4444444444444444;358734;2625027.0293429745;0.44444036136779436;3600;0.012759624332934693
Meta_150;371884;3490997.6419968777;0.5;371884;3490995.5649857195;0.45091365473276007;73;0.0
Meta_141;371884;3490997.6419968777;0.0;344523;3483643.4135663006;0.380739575138386;3600;0.6896392148758439
Meta_149;371884;3490997.6419968777;0.4444444444444444;371884;3474582.147673513;0.4444343277622631;1140;0.0
Meta_142;371884;3490997.6419968777;0.05555555555555555;331398;3471118.1296062185;0.37833237158022104;3600;0.7190100930348523
Meta_143;371884;3490997.6419968777;0.1111111111111111;334193;3489834.637072831;0.3582685729195922;3600;0.7274899351608588
Meta_144;371884;3490997.6419968777;0.16666666666666666;334182;3432714.9070458347;0.36025070256302216;3600;0.7986693294631189
Meta_145;371884;3490997.6419968777;0.2222222222222222;342813;3491204.2884167056;0.33656339276918446;3600;0.8335601427378716
Meta_146;371884;3490997.6419968777;0.2777777777777778;354651;3300443.5469529144;0.3614448494315445;3600;0.9179228748946353
Meta_147;371884;3490997.6419968777;0.3333333333333333;362244;3490883.139148314;0.377267653606638;3600;1.0
Meta_148;371884;3490997.6419968777;0.38888888888888884;371742;3489251.905531325;0.3908006381714524;3600;1.0
Meta_160;371884;4363747.052496097;0.5;371884;4363747.049672812;0.4552718924284938;62;0.0
Meta_159;371884;4363747.052496097;0.4444444444444444;371884;4255738.80102492;0.42977385415712976;210;0.0
Meta_151;371884;4363747.052496097;0.0;345849;4334711.218192034;0.3404831392244763;3600;0.7003009218325663
Meta_152;371884;4363747.052496097;0.05555555555555555;355173;4303092.229563598;0.3850013398910171;3600;0.746235034095024
Meta_153;371884;4363747.052496097;0.1111111111111111;346402;4263850.494057761;0.34838046191567595;3600;0.7683660852928762
Meta_154;371884;4363747.052496097;0.16666666666666666;351038;4363749.944425342;0.32909811456527466;3600;0.8697085908079727
Meta_155;371884;4363747.052496097;0.2222222222222222;348348;4345234.793568911;0.3905381151633705;3600;1.0
Meta_156;371884;4363747.052496097;0.2777777777777778;349818;4314881.139775802;0.3660093511796367;3600;1.0
Meta_157;371884;4363747.052496097;0.3333333333333333;367821;4363771.714453271;0.38140902279399586;3600;1.0
Meta_169;371884;5236496.462995317;0.4444444444444444;371884;5233522.286231338;0.44438294927004074;130;0.0
Meta_158;371884;4363747.052496097;0.38888888888888884;371841;4306429.206495581;0.41113341879579346;3600;1.0
Meta_170;371884;5236496.462995317;0.5;371884;4988005.14718052;0.4494622730898803;102;0.0
Meta_161;371884;5236496.462995317;0.0;359142;5206889.6468738;0.3434291531885516;3600;0.6952339771196391
Meta_162;371884;5236496.462995317;0.05555555555555555;357576;5202000.177708946;0.3557360249825927;3600;0.7438992475271217
Meta_163;371884;5236496.462995317;0.1111111111111111;361853;5233158.937713356;0.34297595026834;3600;0.7650695125744733
Meta_164;371884;5236496.462995317;0.16666666666666666;353247;5188964.479886295;0.33323065908866767;3600;1.0
Meta_165;371884;5236496.462995317;0.2222222222222222;344646;5219579.999615084;0.3634986112964695;3600;1.0
Meta_166;371884;5236496.462995317;0.2777777777777778;356915;5233002.258194241;0.37902072615680105;3600;1.0
Meta_167;371884;5236496.462995317;0.3333333333333333;362307;5034781.596190471;0.37889173545111526;3600;1.0
Meta_179;371884;6109245.873494536;0.4444444444444444;371884;6108510.555386387;0.44346505783233975;68;0.0
Meta_180;371884;6109245.873494536;0.5;371884;6107111.495553289;0.4544362231289511;220;0.0
Meta_168;371884;5236496.462995317;0.38888888888888884;371920;4683776.36086877;0.391164129426484;3600;1.0
Meta_171;371884;6109245.873494536;0.0;365813;6067090.44077867;0.33206001336269564;3600;0.6658317554018827
Meta_172;371884;6109245.873494536;0.05555555555555555;349844;5961708.390224143;0.34539079467281614;3600;0.7475813121639581
Meta_173;371884;6109245.873494536;0.1111111111111111;348961;5909646.915877251;0.3703385455203438;3600;0.820135379981376
Meta_174;371884;6109245.873494536;0.16666666666666666;359612;5952213.682826862;0.3444348089629038;3600;1.0
Meta_178;371884;6109245.873494536;0.38888888888888884;371884;5906453.838015337;0.38874209282178573;2528;0.0
Meta_175;371884;6109245.873494536;0.2222222222222222;365382;5821596.157222137;0.3806264633225013;3600;1.0
Meta_176;371884;6109245.873494536;0.2777777777777778;360112;6109163.147955506;0.35661704964360125;3600;1.0
Meta_177;371884;6109245.873494536;0.3333333333333333;361458;6059431.748015737;0.38376768659552407;3600;1.0
Meta_190;371884;6981995.2839937555;0.5;371884;6172791.708585413;0.44578968839118843;74;0.0
Meta_189;371884;6981995.2839937555;0.4444444444444444;371884;6868642.174099742;0.4442578637107708;132;0.0
Meta_181;371884;6981995.2839937555;0.0;358743;6981438.093636872;0.32357862545832955;3600;0.6693146129048181
Meta_182;371884;6981995.2839937555;0.05555555555555555;352437;6588027.988255572;0.33806604273814633;3600;0.7249871240775223
Meta_183;371884;6981995.2839937555;0.1111111111111111;347983;6419292.921190672;0.33001563680659335;3600;0.782775440929986
Meta_184;371884;6981995.2839937555;0.16666666666666666;357319;5388416.687653219;0.3381613723698736;3600;1.0
Meta_185;371884;6981995.2839937555;0.2222222222222222;354617;6284295.652714315;0.32884947831097283;3600;1.0
Meta_186;371884;6981995.2839937555;0.2777777777777778;367855;6272108.112486004;0.3659907222854909;3600;1.0
Meta_187;371884;6981995.2839937555;0.3333333333333333;371886;6924565.501442412;0.36940058378206814;3600;1.0
Meta_199;371884;7854744.694492975;0.4444444444444444;371884;7690070.960512859;0.41352406644852746;305;0.0
Meta_188;371884;6981995.2839937555;0.38888888888888884;371773;6257166.877171459;0.3985605430026622;3600;1.0
Meta_200;371884;7854744.694492975;0.5;372622;6160671.141512502;0.4442802511338816;190;0.0
Meta_191;371884;7854744.694492975;0.0;365374;6516990.728746623;0.3419365272907046;3600;0.6842020344494182
Meta_192;371884;7854744.694492975;0.05555555555555555;358902;7049678.646844534;0.3298728047215324;3600;0.7031298765510946
Meta_193;371884;7854744.694492975;0.1111111111111111;362612;6211516.197220104;0.3659767819419883;3600;0.7895915319365976
Meta_194;371884;7854744.694492975;0.16666666666666666;361115;6628858.9870321695;0.3349836316342252;3600;1.0
Meta_195;371884;7854744.694492975;0.2222222222222222;368994;7800442.916853533;0.3395746599531493;3600;1.0
Meta_196;371884;7854744.694492975;0.2777777777777778;369765;7233638.476046274;0.3795165186128007;3600;1.0
Meta_197;371884;7854744.694492975;0.3333333333333333;368912;6318282.197599545;0.38308955113954835;3600;1.0
Meta_198;371884;7854744.694492975;0.38888888888888884;367112;6237724.206174553;0.3981981804673834;3600;1.0
Meta_210;350427;0.0;0.5;349890;2188314.0017482555;0.48820833080224485;50;0.0
Meta_201;350427;0.0;0.0;297915;1762385.5001346378;0.3625579928974418;3600;0.5142827034251808
Meta_202;350427;0.0;0.05555555555555555;299507;1338883.155622664;0.35165505967070143;3600;0.4805312511390531
Meta_203;350427;0.0;0.1111111111111111;300208;1304390.0234883109;0.3695350836924111;3600;0.5240034767261436
Meta_204;350427;0.0;0.16666666666666666;302619;1418470.0797256671;0.36940093992803597;3600;0.5644019828088296
Meta_205;350427;0.0;0.2222222222222222;326385;1849437.8267280732;0.36273172025159034;3600;0.5184290856489294
Meta_206;350427;0.0;0.2777777777777778;336753;2116534.5715858485;0.3698869263701207;3600;0.4836403889522548
Meta_207;350427;0.0;0.3333333333333333;350570;2634778.700675957;0.37057310028909785;3600;0.3449058135394204
Meta_208;350427;0.0;0.38888888888888884;350388;2453329.3883476807;0.38927707037934095;3600;0.07633510047728943
Meta_209;350427;0.0;0.4444444444444444;350427;2254880.5574267097;0.44444160414514217;3600;0.013325514545838248
Meta_220;350427;872749.4104992194;0.5;349890;2188314.0017482555;0.48820833080225784;49;2.817919224102924E-14
Meta_211;350427;872749.4104992194;0.0;311282;1589881.506877695;0.3605508021313728;3600;0.523525883628416
Meta_212;350427;872749.4104992194;0.05555555555555555;302751;1321607.2740003811;0.3556131990347544;3600;0.5313080002604427
Meta_213;350427;872749.4104992194;0.1111111111111111;307020;1508327.4954640537;0.370091477863784;3600;0.5797046530628341
Meta_214;350427;872749.4104992194;0.16666666666666666;308200;1402974.7519654918;0.37031386089811885;3600;0.6230108268483622
Meta_215;350427;872749.4104992194;0.2222222222222222;322035;1669193.8771355902;0.3621650306877764;3600;0.6021129875849891
Meta_216;350427;872749.4104992194;0.2777777777777778;338511;2463663.3274348895;0.35144149024273236;3600;0.557145153625785
Meta_217;350427;872749.4104992194;0.3333333333333333;334379;2029909.1756706322;0.36016026001578655;3600;0.41301137392096887
Meta_218;350427;872749.4104992194;0.38888888888888884;350427;2447029.3588689733;0.3889166920095716;3600;0.10042691525031307
Meta_219;350427;872749.4104992194;0.4444444444444444;350427;2257342.184489327;0.4444456308266906;3600;0.01723164938434236
Meta_230;350427;1745498.8209984389;0.5;349890;2188314.0017482555;0.48820833080222187;50;0.0
Meta_221;350427;1745498.8209984389;0.0;306925;1703555.5815166018;0.36323261074789115;3600;0.619933287485728
Meta_222;350427;1745498.8209984389;0.05555555555555555;317754;1767807.4782400662;0.36245181243783914;3600;0.6020212122984507
Meta_223;350427;1745498.8209984389;0.1111111111111111;312457;2267721.070261973;0.35319541472707766;3600;0.6584829380414379
Meta_224;350427;1745498.8209984389;0.16666666666666666;318428;1741128.0076980263;0.3577056255442071;3600;0.6898182185900573
Meta_225;350427;1745498.8209984389;0.2222222222222222;321588;1634216.1741426256;0.3796849424401393;3600;0.7563690127503773
Meta_226;350427;1745498.8209984389;0.2777777777777778;340383;2647036.0958777787;0.3424738016557285;3600;0.6958293639608694
Meta_227;350427;1745498.8209984389;0.3333333333333333;327350;1812205.9215433325;0.36078619363303865;3600;0.6398089434576841
Meta_228;350427;1745498.8209984389;0.38888888888888884;348844;2377132.5419557444;0.3926105222016296;3600;0.3425693303974536
Meta_239;350427;2618248.2314976584;0.4444444444444444;350479;2612861.0886313594;0.4443990480915341;269;0.0
Meta_240;350427;2618248.2314976584;0.5;350427;2618246.4799097907;0.4844582920224182;70;0.0
Meta_229;350427;1745498.8209984389;0.4444444444444444;350426;2287442.2126847324;0.44466049021456966;3600;0.13121006170273988
Meta_231;350427;2618248.2314976584;0.0;315039;2024807.6656391623;0.3485845424538931;3600;0.7013298638919251
Meta_232;350427;2618248.2314976584;0.05555555555555555;317841;2618259.143774711;0.3553860237389512;3600;0.7231017470748091
Meta_233;350427;2618248.2314976584;0.1111111111111111;329895;2616538.0531189744;0.3942262284914904;3600;0.7922435533299309
Meta_234;350427;2618248.2314976584;0.16666666666666666;319869;2115920.358600723;0.34804507484724945;3600;0.8352881877466553
Meta_235;350427;2618248.2314976584;0.2222222222222222;327739;2610287.35170229;0.3714183296887559;3600;0.9388778141079012
Meta_236;350427;2618248.2314976584;0.2777777777777778;335410;2616493.7579650274;0.3473204572908167;3600;1.0
Meta_237;350427;2618248.2314976584;0.3333333333333333;343532;2617518.0017813607;0.3569768953632781;3600;1.0
Meta_249;350427;3490997.6419968777;0.4444444444444444;350427;3463093.6634289264;0.4444421309503619;234;0.0
Meta_250;350427;3490997.6419968777;0.5;350427;3490987.867941238;0.47748017077294014;60;0.0
Meta_238;350427;2618248.2314976584;0.38888888888888884;348006;2563087.5707187606;0.41188700946363177;3600;1.0
Meta_241;350427;3490997.6419968777;0.0;334274;3440583.669883041;0.3653524357626811;3600;0.8025664690092987
Meta_242;350427;3490997.6419968777;0.05555555555555555;328073;3490691.2052627103;0.3570028213269877;3600;0.8160098362780525
Meta_243;350427;3490997.6419968777;0.1111111111111111;333617;3474969.614116599;0.3724088622095508;3600;0.9235948169503314
Meta_244;350427;3490997.6419968777;0.16666666666666666;343773;3489908.6383827734;0.40023286085713405;3600;1.0
Meta_245;350427;3490997.6419968777;0.2222222222222222;339385;3488140.747037286;0.38989004445665765;3600;1.0
Meta_246;350427;3490997.6419968777;0.2777777777777778;341685;3440550.4734314205;0.37361057221123467;3600;1.0
Meta_247;350427;3490997.6419968777;0.3333333333333333;350384;3828349.0593794826;0.370885361401157;3600;1.0
Meta_259;350427;4363747.052496097;0.4444444444444444;350427;4363723.238537486;0.43755617015747755;306;0.0
Meta_260;350427;4363747.052496097;0.5;350427;4327715.334540109;0.4826226407927239;81;0.0
Meta_248;350427;3490997.6419968777;0.38888888888888884;350388;3573622.5517003904;0.3918444570400423;3600;1.0
Meta_251;350427;4363747.052496097;0.0;331841;4176452.0195435574;0.36985900002862493;3600;0.9406249857224785
Meta_252;350427;4363747.052496097;0.05555555555555555;342167;4363738.427618715;0.3543706649028175;3600;0.9969249958271746
Meta_253;350427;4363747.052496097;0.1111111111111111;333265;4366253.426012697;0.3631743555082113;3600;1.0
Meta_254;350427;4363747.052496097;0.16666666666666666;337011;4224345.763619042;0.34193395350504246;3600;1.0
Meta_255;350427;4363747.052496097;0.2222222222222222;349793;4363608.325586888;0.38238789959119757;3600;1.0
Meta_256;350427;4363747.052496097;0.2777777777777778;337604;4324688.994017086;0.36373359235668634;3600;1.0
Meta_257;350427;4363747.052496097;0.3333333333333333;350318;4227715.50074456;0.36231294310218815;3600;1.0
Meta_269;350427;5236496.462995317;0.4444444444444444;350429;5166350.734423226;0.4444237614039334;282;0.0
Meta_270;350427;5236496.462995317;0.5;350427;4933940.385881098;0.4881344537126299;62;0.0
Meta_258;350427;4363747.052496097;0.38888888888888884;349396;4353850.412460359;0.3933406158057139;3600;1.0
Meta_261;350427;5236496.462995317;0.0;333696;4943551.444755055;0.39716828873591464;3600;0.9588588774798233
Meta_262;350427;5236496.462995317;0.05555555555555555;339630;5200740.015495068;0.3621639714279488;3600;1.0
Meta_263;350427;5236496.462995317;0.1111111111111111;340699;5230966.492517716;0.36016593526785484;3600;1.0
Meta_264;350427;5236496.462995317;0.16666666666666666;350427;5208425.631961377;0.3865744344147625;3600;1.0
Meta_265;350427;5236496.462995317;0.2222222222222222;334473;5236121.326413058;0.3702387015871715;3600;1.0
Meta_266;350427;5236496.462995317;0.2777777777777778;342813;5154667.25392899;0.33923555330459854;3600;1.0
Meta_267;350427;5236496.462995317;0.3333333333333333;348743;5232734.863467913;0.3862843399291553;3600;1.0
Meta_279;350427;6109245.873494536;0.4444444444444444;350508;4796419.592250018;0.44444514311301675;92;0.0
Meta_268;350427;5236496.462995317;0.38888888888888884;350425;5122294.863041086;0.40617371269298697;3600;1.0
Meta_280;350427;6109245.873494536;0.5;350427;4590349.449670492;0.4823039681785863;59;0.0
Meta_271;350427;6109245.873494536;0.0;350422;5628711.0991109405;0.37008094169884725;3600;0.9535016857963701
Meta_272;350427;6109245.873494536;0.05555555555555555;327668;6001317.794027903;0.3427968150346469;3600;1.0
Meta_273;350427;6109245.873494536;0.1111111111111111;347166;5975086.978713563;0.37315753993966916;3600;1.0
Meta_274;350427;6109245.873494536;0.16666666666666666;350427;5715082.645002041;0.3706854683903176;3600;1.0
Meta_275;350427;6109245.873494536;0.2222222222222222;348366;5350134.28850661;0.372874773593059;3600;1.0
Meta_276;350427;6109245.873494536;0.2777777777777778;341947;6109064.029805444;0.34295351839384414;3600;1.0
Meta_277;350427;6109245.873494536;0.3333333333333333;349480;6080274.749094573;0.36993949646040575;3600;1.0
Meta_289;350427;6981995.2839937555;0.4444444444444444;350566;5051191.6425924655;0.44444481638744077;83;0.0
Meta_290;350427;6981995.2839937555;0.5;350427;6981961.946022099;0.4752109356205712;68;0.0
Meta_278;350427;6109245.873494536;0.38888888888888884;350184;5904337.584765685;0.402943623778946;3600;1.0
Meta_281;350427;6981995.2839937555;0.0;350538;6052023.524011321;0.4034042093769378;3600;0.9608433100023992
Meta_282;350427;6981995.2839937555;0.05555555555555555;338995;5763807.440478594;0.3645458941327835;3600;1.0
Meta_283;350427;6981995.2839937555;0.1111111111111111;350427;6721944.640792852;0.36660793894796406;3600;1.0
Meta_284;350427;6981995.2839937555;0.16666666666666666;347390;6495126.614937275;0.3429213666256375;3600;1.0
Meta_285;350427;6981995.2839937555;0.2222222222222222;344647;5357602.371306943;0.3574510151162312;3600;1.0
Meta_286;350427;6981995.2839937555;0.2777777777777778;338380;6707174.570660373;0.3657529848917705;3600;1.0
Meta_287;350427;6981995.2839937555;0.3333333333333333;348242;5932058.620976679;0.3775689699704506;3600;1.0
Meta_299;350427;7854744.694492975;0.4444444444444444;350427;7835254.599469717;0.4335475894861925;245;0.0
Meta_300;350427;7854744.694492975;0.5;350427;6987230.782357755;0.48542103090645133;34;0.0
Meta_288;350427;6981995.2839937555;0.38888888888888884;350320;5921048.3154662335;0.39165892695511434;3600;1.0
Meta_291;350427;7854744.694492975;0.0;342691;6025786.0510850465;0.3833867633887565;3600;0.9598222736946208
Meta_292;350427;7854744.694492975;0.05555555555555555;344051;6981000.677492862;0.38769682723175325;3600;1.0
Meta_293;350427;7854744.694492975;0.1111111111111111;350427;7435083.7755820295;0.3581734341971494;3600;1.0
Meta_294;350427;7854744.694492975;0.16666666666666666;349967;7361203.930007296;0.3442986978539739;3600;1.0
Meta_295;350427;7854744.694492975;0.2222222222222222;347094;7809702.032602794;0.32420180126843734;3600;1.0
Meta_296;350427;7854744.694492975;0.2777777777777778;342298;6934459.408280606;0.36265066324657297;3600;1.0
Meta_297;350427;7854744.694492975;0.3333333333333333;352654;5841311.48774138;0.3697941924358375;3600;1.0
Meta_298;350427;7854744.694492975;0.38888888888888884;350426;7351049.25292157;0.40886203752828926;3600;1.0
Meta_310;328970;0.0;0.5;328970;1339145.3126815336;0.49772045761778805;36;0.0
Meta_301;328970;0.0;0.0;311704;1632597.4658687897;0.34602645476438465;3600;0.5070977796178836
Meta_302;328970;0.0;0.05555555555555555;313139;1604430.5216426952;0.3700843845559952;3600;0.5590339985666744
Meta_303;328970;0.0;0.1111111111111111;305316;1297544.2224249095;0.37427026575008693;3600;0.5915018890896828
Meta_304;328970;0.0;0.16666666666666666;301199;1379267.8982467174;0.36805334316736027;3600;0.6451299219359001
Meta_305;328970;0.0;0.2222222222222222;311851;1398256.9231522353;0.35954793943492575;3600;0.6196330302667447
Meta_306;328970;0.0;0.2777777777777778;328938;1943953.6457957118;0.3708716083467963;3600;0.5973828462565641
Meta_307;328970;0.0;0.3333333333333333;323971;1707635.7301245283;0.3564946019503205;3600;0.40222030524003155
Meta_308;328970;0.0;0.38888888888888884;328959;1645701.843758958;0.3905095107101015;3600;0.1599585067885369
Meta_309;328970;0.0;0.4444444444444444;328693;1417375.9096533735;0.4442231452883923;3600;0.04647164548530157
Meta_320;328970;872749.4104992194;0.5;328970;1339145.3126815336;0.49772045761778805;49;1.4812725774164437E-15
Meta_311;328970;872749.4104992194;0.0;306984;1457918.0889935556;0.36035218043416506;3600;0.6009509740367853
Meta_312;328970;872749.4104992194;0.05555555555555555;328970;2265460.3331574136;0.38119547224076494;3600;0.6393803972112483
Meta_313;328970;872749.4104992194;0.1111111111111111;299343;1358983.5567481893;0.359120634436847;3600;0.6638430820439938
Meta_314;328970;872749.4104992194;0.16666666666666666;310937;1494103.6962788398;0.3736282087788771;3600;0.7301276163902577
Meta_315;328970;872749.4104992194;0.2222222222222222;326924;2304529.7851014743;0.3606965016578458;3600;0.7572237384394881
Meta_316;328970;872749.4104992194;0.2777777777777778;322236;1741179.425374679;0.3628909545002433;3600;0.7382423890712388
Meta_317;328970;872749.4104992194;0.3333333333333333;328089;1753880.8169664321;0.3629323343406037;3600;0.6185481647424624
Meta_318;328970;872749.4104992194;0.38888888888888884;328971;1596295.3572837096;0.39212184885985324;3600;0.32473036292781166
Meta_319;328970;872749.4104992194;0.4444444444444444;328970;1404814.961986739;0.4450537996454691;3600;0.10589137445142903
Meta_330;328970;1745498.8209984389;0.5;328970;1742060.2335735958;0.49318807659349334;16;0.0
Meta_329;328970;1745498.8209984389;0.4444444444444444;328973;1733267.036444306;0.4443632338409459;307;0.0
Meta_321;328970;1745498.8209984389;0.0;325051;1981568.8575874032;0.37910879381337503;3600;0.7044566060448808
Meta_322;328970;1745498.8209984389;0.05555555555555555;314789;2120885.096056371;0.3621845727296453;3600;0.7296284037961798
Meta_323;328970;1745498.8209984389;0.1111111111111111;305111;1571902.8819384384;0.3659659399962116;3600;0.7807010111227282
Meta_328;328970;1745498.8209984389;0.38888888888888884;328970;1745476.6103584007;0.3888870932296173;2324;0.0
Meta_324;328970;1745498.8209984389;0.16666666666666666;296846;1583393.0331953021;0.3630202661322293;3600;0.8715573527178013
Meta_325;328970;1745498.8209984389;0.2222222222222222;321195;2383512.547361886;0.3565088298333884;3600;0.9444472313605509
Meta_326;328970;1745498.8209984389;0.2777777777777778;319732;1928099.9618396263;0.36245918331996274;3600;1.0
Meta_327;328970;1745498.8209984389;0.3333333333333333;328765;1800300.5365374654;0.36234024896183076;3600;1.0
Meta_340;328970;2618248.2314976584;0.5;328970;2582386.5973128825;0.496131506876845;14;0.0
Meta_331;328970;2618248.2314976584;0.0;313104;1837033.5502369262;0.3788899877631598;3600;0.8619594722346257
Meta_332;328970;2618248.2314976584;0.05555555555555555;319530;2596986.3685444524;0.35798211263872637;3600;0.8989456919614365
Meta_339;328970;2618248.2314976584;0.4444444444444444;328970;2618245.271372394;0.44417248836691975;1316;0.0
Meta_333;328970;2618248.2314976584;0.1111111111111111;320678;2613329.083179863;0.38914103321680255;3600;1.0
Meta_334;328970;2618248.2314976584;0.16666666666666666;327652;2784154.8883930044;0.38023084292494563;3600;1.0
Meta_335;328970;2618248.2314976584;0.2222222222222222;311916;2618369.8728410127;0.36691463048862144;3600;1.0
Meta_336;328970;2618248.2314976584;0.2777777777777778;326655;2739090.599815291;0.3526540771706643;3600;1.0
Meta_337;328970;2618248.2314976584;0.3333333333333333;324837;2741442.6120889094;0.38006087360774404;3600;1.0
Meta_349;328970;3490997.6419968777;0.4444444444444444;329922;3414293.817063023;0.4443583057578424;98;0.0
Meta_350;328970;3490997.6419968777;0.5;328970;2932056.946901093;0.49571148429006884;42;0.0
Meta_338;328970;2618248.2314976584;0.38888888888888884;327928;2986884.6875581685;0.4057890467960455;3600;1.0
Meta_341;328970;3490997.6419968777;0.0;308344;1931019.3759851954;0.34662600630168766;3600;0.9712646501208003
Meta_342;328970;3490997.6419968777;0.05555555555555555;316397;3451677.475127787;0.3571374224424568;3600;1.0
Meta_343;328970;3490997.6419968777;0.1111111111111111;279265;3066495.2855174337;0.3309076560586427;3600;1.0
Meta_344;328970;3490997.6419968777;0.16666666666666666;322279;3482166.207394127;0.3621960226616303;3600;1.0
Meta_345;328970;3490997.6419968777;0.2222222222222222;328000;3499073.737525714;0.3518032487566049;3600;1.0
Meta_346;328970;3490997.6419968777;0.2777777777777778;328557;3414019.7872909256;0.39175343942230767;3600;1.0
Meta_347;328970;3490997.6419968777;0.3333333333333333;328773;3418731.0827137316;0.38160644279085315;3600;1.0
Meta_359;328970;4363747.052496097;0.4444444444444444;329324;3612829.8743881825;0.4444449121847692;90;0.0
Meta_360;328970;4363747.052496097;0.5;328970;3480854.2289978806;0.4967389972758101;9;0.0
Meta_348;328970;3490997.6419968777;0.38888888888888884;327435;3497946.5049935356;0.39613678214177217;3600;1.0
Meta_351;328970;4363747.052496097;0.0;309718;4357503.524510904;0.3648313299970947;3600;1.0
Meta_358;328970;4363747.052496097;0.38888888888888884;329453;4363594.4432047885;0.3888468734289557;1549;0.0
Meta_352;328970;4363747.052496097;0.05555555555555555;322255;4363758.023817625;0.37216875871638944;3600;1.0
Meta_353;328970;4363747.052496097;0.1111111111111111;328970;4320570.943437692;0.40123662563243323;3600;1.0
Meta_354;328970;4363747.052496097;0.16666666666666666;328836;4211179.805859836;0.3933071300353274;3600;1.0
Meta_355;328970;4363747.052496097;0.2222222222222222;328970;4315925.36211175;0.3866504176448943;3600;1.0
Meta_356;328970;4363747.052496097;0.2777777777777778;327168;4360831.87760819;0.3861597968041028;3600;1.0
Meta_357;328970;4363747.052496097;0.3333333333333333;328970;4363733.540067666;0.39006298943165685;3600;1.0
Meta_370;328970;5236496.462995317;0.5;328970;3033008.5342730894;0.4960060832894765;10;0.0
Meta_369;328970;5236496.462995317;0.4444444444444444;329087;4123787.5950102997;0.44443744054052553;73;0.0
Meta_361;328970;5236496.462995317;0.0;324254;5159998.579431117;0.3822165338216632;3600;1.0
Meta_362;328970;5236496.462995317;0.05555555555555555;324359;5110720.05870384;0.34540192288761895;3600;1.0
Meta_363;328970;5236496.462995317;0.1111111111111111;328462;5159921.946365999;0.37645070356059895;3600;1.0
Meta_364;328970;5236496.462995317;0.16666666666666666;327806;5188031.979010968;0.3393063627760185;3600;1.0
Meta_365;328970;5236496.462995317;0.2222222222222222;313215;5116915.277279283;0.3263828975931113;3600;1.0
Meta_366;328970;5236496.462995317;0.2777777777777778;327568;4802292.985954086;0.3297925730202205;3600;1.0
Meta_367;328970;5236496.462995317;0.3333333333333333;328969;5227949.488573144;0.3738449845118803;3600;1.0
Meta_379;328970;6109245.873494536;0.4444444444444444;328971;3939597.154895463;0.4444429670616879;72;0.0
Meta_380;328970;6109245.873494536;0.5;328970;3034525.4941730895;0.4958720505310362;11;0.0
Meta_368;328970;5236496.462995317;0.38888888888888884;328922;3595669.4933072575;0.4114076363442517;3600;1.0
Meta_371;328970;6109245.873494536;0.0;329024;5993638.2503769295;0.37596794125446265;3600;1.0
Meta_372;328970;6109245.873494536;0.05555555555555555;328970;5600825.404145196;0.3727112049779769;3600;1.0
Meta_373;328970;6109245.873494536;0.1111111111111111;321128;5963008.118481157;0.33336020024160673;3600;1.0
Meta_374;328970;6109245.873494536;0.16666666666666666;328653;6108955.943079318;0.3322753435618634;3600;1.0
Meta_375;328970;6109245.873494536;0.2222222222222222;328702;5848294.272214714;0.3637735827586028;3600;1.0
Meta_376;328970;6109245.873494536;0.2777777777777778;324645;5513414.665245782;0.35250405733818285;3600;1.0
Meta_378;328970;6109245.873494536;0.38888888888888884;330720;6109214.16280582;0.38251864428818855;2812;0.0
Meta_389;328970;6981995.2839937555;0.4444444444444444;328971;3939597.154895463;0.4444429670616879;79;0.0
Meta_390;328970;6981995.2839937555;0.5;328970;3034525.4941730895;0.4958720505310362;8;0.0
Meta_377;328970;6109245.873494536;0.3333333333333333;326008;6102976.709500652;0.37219638689974516;3600;1.0
Meta_388;328970;6981995.2839937555;0.38888888888888884;328991;6593651.148418973;0.3888781312327783;419;0.0
Meta_381;328970;6981995.2839937555;0.0;328763;5801763.544643925;0.35141070010134057;3600;1.0
Meta_382;328970;6981995.2839937555;0.05555555555555555;328232;4482779.611267599;0.38978046095279695;3600;1.0
Meta_383;328970;6981995.2839937555;0.1111111111111111;328863;5092248.0387231745;0.3532670412172421;3600;1.0
Meta_384;328970;6981995.2839937555;0.16666666666666666;328779;6729349.555911674;0.32296135378765783;3600;1.0
Meta_385;328970;6981995.2839937555;0.2222222222222222;328970;6581013.70339219;0.3714712887983731;3600;1.0
Meta_398;328970;7854744.694492975;0.38888888888888884;333103;7626965.340433777;0.38845007440131096;409;0.0
Meta_386;328970;6981995.2839937555;0.2777777777777778;328198;6018773.845413121;0.3477487039596745;3600;1.0
Meta_400;328970;7854744.694492975;0.5;328970;3034525.4941730895;0.4958720505310362;10;0.0
Meta_399;328970;7854744.694492975;0.4444444444444444;328989;5711333.765634689;0.44444481838289374;139;0.0
Meta_387;328970;6981995.2839937555;0.3333333333333333;328955;5964714.097412673;0.35971513391448895;3600;1.0
Meta_391;328970;7854744.694492975;0.0;327805;7420019.07245893;0.36467945311397465;3600;1.0
Meta_392;328970;7854744.694492975;0.05555555555555555;327000;5758855.143575871;0.35066460412594247;3600;1.0
Meta_393;328970;7854744.694492975;0.1111111111111111;311883;7494650.4964061435;0.31921419389500927;3600;1.0
Meta_394;328970;7854744.694492975;0.16666666666666666;313143;7870535.800591215;0.31537950748802757;3600;1.0
Meta_395;328970;7854744.694492975;0.2222222222222222;328970;6557675.719342895;0.33935234702957634;3600;1.0
Meta_396;328970;7854744.694492975;0.2777777777777778;328970;7822189.021236062;0.3747249261173387;3600;1.0
Meta_397;328970;7854744.694492975;0.3333333333333333;320915;6053303.918155489;0.3656231764104708;3600;1.0
Meta_410;307513;0.0;0.5;307513;656638.824249587;0.4790344065462917;34;2.454934657258029E-15
Meta_401;307513;0.0;0.0;307532;1393677.4191009316;0.376645899329545;3600;0.6317754671504284
Meta_402;307513;0.0;0.05555555555555555;302892;1287412.5250382011;0.3716898890023409;3600;0.6407480476269065
Meta_403;307513;0.0;0.1111111111111111;306966;1893192.5627595703;0.3563248693885056;3600;0.6725820470977172
Meta_404;307513;0.0;0.16666666666666666;307517;2343108.0030100527;0.3346098440673905;3600;0.7150797862974029
Meta_405;307513;0.0;0.2222222222222222;296256;766070.6520510064;0.38203888166123146;3600;0.7544150577877423
Meta_406;307513;0.0;0.2777777777777778;290087;659583.3803126178;0.36396002379933445;3600;0.7160185540956661
Meta_407;307513;0.0;0.3333333333333333;307513;1194958.717663241;0.3777110843213824;3600;0.6569051277360424
Meta_408;307513;0.0;0.38888888888888884;307514;847330.3314633585;0.3891722474445349;3600;0.1469730118456875
Meta_419;307513;872749.4104992194;0.4444444444444444;307514;863116.1550823146;0.44375685544816296;259;0.0
Meta_420;307513;872749.4104992194;0.5;307513;872748.7032553635;0.48451846351365907;69;0.0
Meta_409;307513;0.0;0.4444444444444444;307513;684151.7308222377;0.4444436312383568;3600;0.009602037624270076
Meta_411;307513;872749.4104992194;0.0;297705;1062947.242852412;0.36159140911996773;3600;0.7092005282729668
Meta_412;307513;872749.4104992194;0.05555555555555555;285337;1270766.312800632;0.3598537040318848;3600;0.7527173452555894
Meta_413;307513;872749.4104992194;0.1111111111111111;307556;2371753.273226121;0.34398959718430305;3600;0.7827678404761043
Meta_414;307513;872749.4104992194;0.16666666666666666;310178;2325117.734774112;0.37118694660075147;3600;0.8701503950613247
Meta_415;307513;872749.4104992194;0.2222222222222222;307310;2179323.6412354023;0.33739512456128595;3600;0.8925214544959296
Meta_416;307513;872749.4104992194;0.2777777777777778;307748;1437240.5000623607;0.3613215247739928;3600;0.9402702710563505
Meta_417;307513;872749.4104992194;0.3333333333333333;307513;1182845.4173684483;0.3567499077585515;3600;1.0
Meta_429;307513;1745498.8209984389;0.4444444444444444;307521;1738152.500899396;0.4444170770726252;447;0.0
Meta_430;307513;1745498.8209984389;0.5;307513;1745491.8040309516;0.4869727832472804;12;0.0
Meta_418;307513;872749.4104992194;0.38888888888888884;307519;897720.3893277392;0.3895130059946354;3600;1.0
Meta_421;307513;1745498.8209984389;0.0;307683;2308504.324522212;0.3466987457136207;3600;0.8409384144593443
Meta_422;307513;1745498.8209984389;0.05555555555555555;299660;1710428.2552473976;0.3674702078744916;3600;0.8940398114489322
Meta_423;307513;1745498.8209984389;0.1111111111111111;306571;2388391.788946199;0.3723193738794891;3600;1.0
Meta_428;307513;1745498.8209984389;0.38888888888888884;307549;1727158.0186883823;0.38888911782525926;2236;0.0
Meta_424;307513;1745498.8209984389;0.16666666666666666;307514;2086885.5330719869;0.37964208687374434;3600;1.0
Meta_425;307513;1745498.8209984389;0.2222222222222222;293992;1886270.9868998318;0.36350485735768534;3600;1.0
Meta_426;307513;1745498.8209984389;0.2777777777777778;301092;1783598.6625215248;0.3746697502769843;3600;1.0
Meta_439;307513;2618248.2314976584;0.4444444444444444;309476;2408088.093899592;0.44342741214569004;81;0.0
Meta_440;307513;2618248.2314976584;0.5;307513;1698538.1031118575;0.4871520298560226;7;0.0
Meta_427;307513;1745498.8209984389;0.3333333333333333;308172;1734905.4663936428;0.3710471167675382;3600;1.0
Meta_431;307513;2618248.2314976584;0.0;306147;2618408.2021427103;0.39087920643456114;3600;1.0
Meta_432;307513;2618248.2314976584;0.05555555555555555;307433;2560995.1612914726;0.37025461490745115;3600;1.0
Meta_433;307513;2618248.2314976584;0.1111111111111111;286917;2448777.334866077;0.36160486232443034;3600;1.0
Meta_434;307513;2618248.2314976584;0.16666666666666666;290196;2647420.4311893918;0.3802623862701866;3600;1.0
Meta_435;307513;2618248.2314976584;0.2222222222222222;294843;2628799.9510741816;0.3614907504940457;3600;1.0
Meta_436;307513;2618248.2314976584;0.2777777777777778;307527;2620200.7492632763;0.37392928868073483;3600;1.0
Meta_437;307513;2618248.2314976584;0.3333333333333333;308226;2594901.533007409;0.375381353226388;3600;1.0
Meta_449;307513;3490997.6419968777;0.4444444444444444;307517;2505640.881164277;0.4444375856937266;66;0.0
Meta_438;307513;2618248.2314976584;0.38888888888888884;307509;2610734.7643106417;0.39474890871389345;3600;1.0
Meta_450;307513;3490997.6419968777;0.5;307513;1743394.0344496642;0.48379346099855963;7;0.0
Meta_441;307513;3490997.6419968777;0.0;296667;3340263.211603352;0.34835449941254004;3600;1.0
Meta_442;307513;3490997.6419968777;0.05555555555555555;306760;3411734.3230235814;0.37297333786335574;3600;1.0
Meta_443;307513;3490997.6419968777;0.1111111111111111;298803;2724248.564282527;0.3718055751720069;3600;1.0
Meta_448;307513;3490997.6419968777;0.38888888888888884;307571;3489446.5053303484;0.3887834350523357;2009;0.0
Meta_444;307513;3490997.6419968777;0.16666666666666666;305390;3470970.117095356;0.3877133333723796;3600;1.0
Meta_445;307513;3490997.6419968777;0.2222222222222222;307904;3444803.242283295;0.37409075782508827;3600;1.0
Meta_446;307513;3490997.6419968777;0.2777777777777778;307513;3487586.3707306967;0.38880040002592314;3600;1.0
Meta_447;307513;3490997.6419968777;0.3333333333333333;307513;3351856.999905035;0.36742573222664965;3600;1.0
Meta_458;307513;4363747.052496097;0.38888888888888884;307541;4164855.9847241715;0.38888831768803495;104;0.0
Meta_460;307513;4363747.052496097;0.5;307513;2684218.628739203;0.4860404997519134;47;0.0
Meta_459;307513;4363747.052496097;0.4444444444444444;310517;3903052.0202032356;0.444020715673722;274;0.0
Meta_451;307513;4363747.052496097;0.0;299749;3877508.766205593;0.3639023627559543;3600;1.0
Meta_452;307513;4363747.052496097;0.05555555555555555;306839;3817955.896341497;0.37971988860962574;3600;1.0
Meta_453;307513;4363747.052496097;0.1111111111111111;287759;3811298.1000524657;0.36620096076341974;3600;1.0
Meta_454;307513;4363747.052496097;0.16666666666666666;307509;4363762.999107868;0.38341723873827316;3600;1.0
Meta_455;307513;4363747.052496097;0.2222222222222222;307513;4363775.026987808;0.3778244013824449;3600;1.0
Meta_456;307513;4363747.052496097;0.2777777777777778;307755;4315532.504149858;0.3908936699025222;3600;1.0
Meta_467;307513;5236496.462995317;0.3333333333333333;307718;5031140.645424732;0.33333325976446826;1044;0.0
Meta_470;307513;5236496.462995317;0.5;307513;4543996.314190183;0.4947531482817813;51;0.0
Meta_469;307513;5236496.462995317;0.4444444444444444;311485;3520064.481617145;0.44377328380704;337;0.0
Meta_457;307513;4363747.052496097;0.3333333333333333;307953;3786152.039200719;0.3618067759254539;3600;1.0
Meta_461;307513;5236496.462995317;0.0;306877;4913754.278614238;0.3751036911875207;3600;1.0
Meta_462;307513;5236496.462995317;0.05555555555555555;303915;5217726.28418838;0.3142352876284466;3600;1.0
Meta_463;307513;5236496.462995317;0.1111111111111111;288417;5178291.19240091;0.30364374078823214;3600;1.0
Meta_464;307513;5236496.462995317;0.16666666666666666;301314;5229730.818567205;0.3473220876354039;3600;1.0
Meta_465;307513;5236496.462995317;0.2222222222222222;307513;4451444.77326302;0.35952315987232575;3600;1.0
Meta_466;307513;5236496.462995317;0.2777777777777778;307688;5070266.26354141;0.36473676421069373;3600;1.0
Meta_479;307513;6109245.873494536;0.4444444444444444;307513;2873248.4478820176;0.44444343651168433;72;0.0
Meta_480;307513;6109245.873494536;0.5;307513;1953192.2847156678;0.49148708957523335;49;0.0
Meta_478;307513;6109245.873494536;0.38888888888888884;309525;4768253.012411908;0.3799843231890416;439;0.0
Meta_468;307513;5236496.462995317;0.38888888888888884;307526;4171544.237962783;0.3911164724658428;3600;1.0
Meta_471;307513;6109245.873494536;0.0;307586;5450578.043470257;0.35031769411672264;3600;1.0
Meta_472;307513;6109245.873494536;0.05555555555555555;303101;6011011.518674618;0.2888027606241186;3600;1.0
Meta_473;307513;6109245.873494536;0.1111111111111111;307452;6081819.778884902;0.32234291651706404;3600;1.0
Meta_474;307513;6109245.873494536;0.16666666666666666;307513;5967881.811092744;0.35903916957082077;3600;1.0
Meta_475;307513;6109245.873494536;0.2222222222222222;305364;5952106.475023063;0.32506870562070206;3600;1.0
Meta_476;307513;6109245.873494536;0.2777777777777778;307513;4445284.369089254;0.3529045557352555;3600;1.0
Meta_488;307513;6981995.2839937555;0.38888888888888884;313023;5227514.864115152;0.38887308255653824;506;0.0
Meta_490;307513;6981995.2839937555;0.5;307513;1953192.2847156678;0.49148708957523335;48;0.0
Meta_489;307513;6981995.2839937555;0.4444444444444444;307524;6458407.095221569;0.44184557376526434;575;0.0
Meta_477;307513;6109245.873494536;0.3333333333333333;303529;5924806.572905308;0.35951114105473503;3600;1.0
Meta_481;307513;6981995.2839937555;0.0;307297;6300784.216639453;0.34104591332876505;3600;1.0
Meta_482;307513;6981995.2839937555;0.05555555555555555;303973;6052156.740535914;0.32673051321663216;3600;1.0
Meta_483;307513;6981995.2839937555;0.1111111111111111;307513;6981922.674073196;0.3410337028480087;3600;1.0
Meta_484;307513;6981995.2839937555;0.16666666666666666;306469;6751062.885726576;0.3071688522173827;3600;1.0
Meta_485;307513;6981995.2839937555;0.2222222222222222;304093;6868988.850705523;0.3652141464677135;3600;1.0
Meta_486;307513;6981995.2839937555;0.2777777777777778;306985;5935215.022415258;0.3526873624744368;3600;1.0
Meta_499;307513;7854744.694492975;0.4444444444444444;307562;3890432.1243410846;0.4444217252007539;217;0.0
Meta_500;307513;7854744.694492975;0.5;307513;1953192.2847156678;0.49148708957523335;46;0.0
Meta_498;307513;7854744.694492975;0.38888888888888884;312960;4503329.110414546;0.38851123335134824;346;0.0
Meta_487;307513;6981995.2839937555;0.3333333333333333;307558;6272836.230047458;0.3725160780302467;3600;1.0
Meta_491;307513;7854744.694492975;0.0;306817;6786099.133080633;0.3237337476180312;3600;1.0
Meta_492;307513;7854744.694492975;0.05555555555555555;305515;6229847.063908748;0.32438455662689486;3600;1.0
Meta_493;307513;7854744.694492975;0.1111111111111111;309233;5830789.686527144;0.31602627375129794;3600;1.0
Meta_494;307513;7854744.694492975;0.16666666666666666;299009;5729895.077837117;0.31483061392292583;3600;1.0
Meta_495;307513;7854744.694492975;0.2222222222222222;297522;6130261.8254077975;0.3073163525597015;3600;1.0
Meta_496;307513;7854744.694492975;0.2777777777777778;307509;3846256.3559520044;0.37352344559747724;3600;1.0
Meta_509;286056;0.0;0.4444444444444444;286056;147430.67890000003;0.4349507986636519;15;0.0
Meta_510;286056;0.0;0.5;286056;147430.67890000003;0.4349507986636519;33;0.0
Meta_497;307513;7854744.694492975;0.3333333333333333;307461;7191477.957130197;0.3597625006875772;3600;1.0
Meta_501;286056;0.0;0.0;283301;704558.0287801219;0.3782933855109053;3600;0.721456678051948
Meta_502;286056;0.0;0.05555555555555555;284034;848659.6829702564;0.372824584732408;3600;0.7304046501012048
Meta_503;286056;0.0;0.1111111111111111;283455;795005.6808206948;0.3688537476257207;3600;0.7613924451869731
Meta_504;286056;0.0;0.16666666666666666;243133;160842.74427367988;0.3287304104695033;3600;0.8099456467619554
Meta_505;286056;0.0;0.2222222222222222;241122;242978.95087211957;0.3224130343442948;3600;0.8476333063712987
Meta_506;286056;0.0;0.2777777777777778;286056;980612.8473822345;0.36954453651054725;3600;0.8581612543836682
Meta_507;286056;0.0;0.3333333333333333;286041;699564.7625323621;0.35578977804915746;3600;0.7905219711650664
Meta_519;286056;872749.4104992194;0.4444444444444444;286501;813218.5472650892;0.4444399316459469;23;0.0
Meta_508;286056;0.0;0.38888888888888884;286129;274796.07550186565;0.388959863854368;3600;0.3730142113805024
Meta_520;286056;872749.4104992194;0.5;286056;804965.9423213647;0.4483730192796061;6;0.0
Meta_511;286056;872749.4104992194;0.0;286056;1471796.7134465135;0.3731965664881344;3600;0.8459024009250765
Meta_512;286056;872749.4104992194;0.05555555555555555;287852;1798190.5248583523;0.36770625155880377;3600;0.8625274382024039
Meta_513;286056;872749.4104992194;0.1111111111111111;286057;1923447.9356510222;0.3454154216912512;3600;0.9143355289193446
Meta_514;286056;872749.4104992194;0.16666666666666666;286144;1767412.9906171535;0.3482226471693812;3600;1.0
Meta_515;286056;872749.4104992194;0.2222222222222222;286978;1791751.0266497112;0.3551060646750545;3600;1.0
Meta_516;286056;872749.4104992194;0.2777777777777778;289520;1537177.1507084977;0.359445970797891;3600;1.0
Meta_517;286056;872749.4104992194;0.3333333333333333;286061;1122888.5197810165;0.3777972348125735;3600;1.0
Meta_529;286056;1745498.8209984389;0.4444444444444444;286056;969501.7112716093;0.4435097279653464;11;0.0
Meta_530;286056;1745498.8209984389;0.5;286056;1237719.189354694;0.4555904598475262;7;0.0
Meta_518;286056;872749.4104992194;0.38888888888888884;286056;865929.22067506;0.3977838099828807;3600;1.0
Meta_521;286056;1745498.8209984389;0.0;284684;1223636.9112557084;0.38161853416134006;3600;0.980685490126432
Meta_522;286056;1745498.8209984389;0.05555555555555555;286124;1979666.1693340882;0.34226240358139975;3600;1.0
Meta_523;286056;1745498.8209984389;0.1111111111111111;281213;1745499.1628276967;0.35601296455088083;3600;1.0
Meta_524;286056;1745498.8209984389;0.16666666666666666;286216;1774644.964968;0.4061678589350923;3600;1.0
Meta_525;286056;1745498.8209984389;0.2222222222222222;285301;1960099.4846729503;0.38077136416559726;3600;1.0
Meta_526;286056;1745498.8209984389;0.2777777777777778;286430;1888416.6422603705;0.3723103767919244;3600;1.0
Meta_527;286056;1745498.8209984389;0.3333333333333333;286511;1591088.7405203157;0.3852376798678397;3600;1.0
Meta_539;286056;2618248.2314976584;0.4444444444444444;289256;1090874.5799642785;0.4444441835249488;39;0.0
Meta_540;286056;2618248.2314976584;0.5;286056;941379.2744213647;0.4440154451164345;6;0.0
Meta_528;286056;1745498.8209984389;0.38888888888888884;286219;1292494.2618728986;0.40121174287159295;3600;1.0
Meta_531;286056;2618248.2314976584;0.0;287555;2592960.0759896548;0.38153549067251885;3600;1.0
Meta_532;286056;2618248.2314976584;0.05555555555555555;286057;2618249.1102646417;0.3762984022949581;3600;1.0
Meta_533;286056;2618248.2314976584;0.1111111111111111;282276;2939955.819594887;0.359231544285597;3600;1.0
Meta_534;286056;2618248.2314976584;0.16666666666666666;286056;2607288.3573487466;0.3517356094266648;3600;1.0
Meta_535;286056;2618248.2314976584;0.2222222222222222;286056;2618312.6271043452;0.35490558308596387;3600;1.0
Meta_536;286056;2618248.2314976584;0.2777777777777778;279178;2618458.3483195547;0.3789779474707262;3600;1.0
Meta_548;286056;3490997.6419968777;0.38888888888888884;286193;1266970.1383170919;0.3888865049992329;87;0.0
Meta_549;286056;3490997.6419968777;0.4444444444444444;288220;1533125.2252196905;0.4444413671086636;57;0.0
Meta_550;286056;3490997.6419968777;0.5;286056;1268271.000287833;0.4569263573886072;12;0.0
Meta_537;286056;2618248.2314976584;0.3333333333333333;286056;2618277.9440390086;0.35829660952649883;3600;1.0
Meta_538;286056;2618248.2314976584;0.38888888888888884;286290;988774.7175102124;0.3921449516066529;3600;1.0
Meta_541;286056;3490997.6419968777;0.0;271308;3359432.0353219253;0.34420583310749014;3600;1.0
Meta_542;286056;3490997.6419968777;0.05555555555555555;286056;3491008.3638296183;0.3731887514529231;3600;1.0
Meta_543;286056;3490997.6419968777;0.1111111111111111;283729;3517267.9197950386;0.3594053717476635;3600;1.0
Meta_544;286056;3490997.6419968777;0.16666666666666666;285621;3540660.6392692514;0.3682194847075293;3600;1.0
Meta_545;286056;3490997.6419968777;0.2222222222222222;286057;3465272.8478076216;0.38094347726710814;3600;1.0
Meta_546;286056;3490997.6419968777;0.2777777777777778;286056;3332696.097259215;0.3831256814049452;3600;1.0
Meta_559;286056;4363747.052496097;0.4444444444444444;286058;908462.7723568502;0.44310482083344355;52;0.0
Meta_560;286056;4363747.052496097;0.5;287018;908141.7035896535;0.4813508021771464;58;0.0
Meta_558;286056;4363747.052496097;0.38888888888888884;286057;1066652.1662826284;0.3888866025726115;262;0.0
Meta_547;286056;3490997.6419968777;0.3333333333333333;286064;3490096.8579519917;0.3692306860818263;3600;1.0
Meta_551;286056;4363747.052496097;0.0;285616;4342751.067161302;0.3551871747517334;3600;1.0
Meta_552;286056;4363747.052496097;0.05555555555555555;250835;4288824.79113635;0.3110834758841605;3600;1.0
Meta_553;286056;4363747.052496097;0.1111111111111111;286135;3143492.2751103835;0.35404451437618073;3600;1.0
Meta_554;286056;4363747.052496097;0.16666666666666666;276764;4310653.33071036;0.31104511260935336;3600;1.0
Meta_555;286056;4363747.052496097;0.2222222222222222;286100;4362644.322384247;0.3227245564182394;3600;1.0
Meta_556;286056;4363747.052496097;0.2777777777777778;297646;3779911.103116349;0.3837777125005663;3600;1.0
Meta_569;286056;5236496.462995317;0.4444444444444444;286056;1861663.0977855562;0.444387351044743;64;0.0
Meta_570;286056;5236496.462995317;0.5;286056;893505.7901228132;0.452376467710409;5;0.0
Meta_568;286056;5236496.462995317;0.38888888888888884;286232;1012231.9248025808;0.38871779516534344;562;0.0
Meta_557;286056;4363747.052496097;0.3333333333333333;285639;4326818.956159614;0.34964825470383826;3600;1.0
Meta_561;286056;5236496.462995317;0.0;254546;5236511.204005781;0.3159769252728161;3600;1.0
Meta_562;286056;5236496.462995317;0.05555555555555555;279609;5236471.004284445;0.33189376240472385;3600;1.0
Meta_563;286056;5236496.462995317;0.1111111111111111;286056;5236492.970539588;0.3795284177296743;3600;1.0
Meta_564;286056;5236496.462995317;0.16666666666666666;286056;5164236.996928992;0.3743967339949332;3600;1.0
Meta_565;286056;5236496.462995317;0.2222222222222222;286124;5191499.909863233;0.32787711335033853;3600;1.0
Meta_566;286056;5236496.462995317;0.2777777777777778;276338;4987134.877600513;0.37353310480817215;3600;1.0
Meta_579;286056;6109245.873494536;0.4444444444444444;286061;2049432.2842283205;0.44443949242534647;84;0.0
Meta_580;286056;6109245.873494536;0.5;286056;762429.7061794583;0.45789894733667724;37;0.0
Meta_567;286056;5236496.462995317;0.3333333333333333;286302;3308889.6987836505;0.37304903535054257;3600;1.0
Meta_571;286056;6109245.873494536;0.0;285520;5143939.244115493;0.3643948613363834;3600;1.0
Meta_572;286056;6109245.873494536;0.05555555555555555;286283;5484556.236320712;0.316526152485461;3600;1.0
Meta_573;286056;6109245.873494536;0.1111111111111111;284629;5860092.169820918;0.34188243446704675;3600;1.0
Meta_574;286056;6109245.873494536;0.16666666666666666;280271;5654607.596746197;0.34218779126558907;3600;1.0
Meta_575;286056;6109245.873494536;0.2222222222222222;276903;4979374.674030648;0.33433018248318913;3600;1.0
Meta_587;286056;6981995.2839937555;0.3333333333333333;286383;5577031.677299061;0.33333417227134854;220;0.0
Meta_588;286056;6981995.2839937555;0.38888888888888884;286067;1175021.6210426681;0.3888877645051462;81;0.0
Meta_589;286056;6981995.2839937555;0.4444444444444444;286056;1614887.1846235823;0.4444344460918733;53;0.0
Meta_590;286056;6981995.2839937555;0.5;286056;762429.7061794583;0.45789894733667724;39;0.0
Meta_576;286056;6109245.873494536;0.2777777777777778;286625;4305413.875812715;0.3477339729199899;3600;1.0
Meta_577;286056;6109245.873494536;0.3333333333333333;293212;3347150.482444688;0.36166279876104096;3600;1.0
Meta_578;286056;6109245.873494536;0.38888888888888884;286056;1073193.229980586;0.3980584854834383;3600;1.0
Meta_581;286056;6981995.2839937555;0.0;286059;5459551.565595101;0.3548853507891563;3600;1.0
Meta_582;286056;6981995.2839937555;0.05555555555555555;268098;5830973.683605271;0.3240126397393617;3600;1.0
Meta_583;286056;6981995.2839937555;0.1111111111111111;286056;5629296.051759765;0.33557257818413383;3600;1.0
Meta_584;286056;6981995.2839937555;0.16666666666666666;286056;5880383.570223389;0.3497239057074214;3600;1.0
Meta_585;286056;6981995.2839937555;0.2222222222222222;285530;5902418.6141650155;0.33685156878764294;3600;1.0
Meta_599;286056;7854744.694492975;0.4444444444444444;286056;1614887.1846235823;0.4444344460918733;65;0.0
Meta_600;286056;7854744.694492975;0.5;286056;762429.7061794583;0.45789894733667724;40;0.0
Meta_597;286056;7854744.694492975;0.3333333333333333;286056;5661216.054725275;0.33332970970518605;797;0.0
Meta_586;286056;6981995.2839937555;0.2777777777777778;286056;5306131.434889594;0.35780380161076714;3600;1.0
Meta_591;286056;7854744.694492975;0.0;285505;6129628.46409505;0.28384579287291606;3600;1.0
Meta_592;286056;7854744.694492975;0.05555555555555555;281819;6306192.393185988;0.3322644362747755;3600;1.0
Meta_593;286056;7854744.694492975;0.1111111111111111;286056;5907839.0483552655;0.3170479939656159;3600;1.0
Meta_594;286056;7854744.694492975;0.16666666666666666;286051;5415744.424065278;0.3323404177553318;3600;1.0
Meta_595;286056;7854744.694492975;0.2222222222222222;285322;5921467.356839575;0.3044226713975036;3600;1.0
Meta_596;286056;7854744.694492975;0.2777777777777778;285837;4659956.338396965;0.38427539902844005;3600;1.0
Meta_609;264599;0.0;0.4444444444444444;267203;0.0;0.40071754604812837;4;0.0
Meta_610;264599;0.0;0.5;267203;0.0;0.40071754604812837;6;0.0
Meta_598;286056;7854744.694492975;0.38888888888888884;286055;1275592.9247454016;0.38934166725835506;3600;1.0
Meta_601;264599;0.0;0.0;244059;201160.18003985815;0.3516126294142982;3600;0.7890795381899395
Meta_602;264599;0.0;0.05555555555555555;229158;273626.3077741132;0.3159057345524106;3600;0.8001498690190851
Meta_603;264599;0.0;0.1111111111111111;192445;40747.01281858715;0.24662702645793086;3600;0.8393397135938854
Meta_604;264599;0.0;0.16666666666666666;202150;42512.41882098342;0.258860856389096;3600;0.8891988853674293
Meta_605;264599;0.0;0.2222222222222222;231707;232446.76009657857;0.30523721874104465;3600;0.9712224920214105
Meta_606;264599;0.0;0.2777777777777778;264740;750315.1739721436;0.33275522519623507;3600;1.0
Meta_618;264599;872749.4104992194;0.38888888888888884;265557;169572.58431469646;0.3888874793083969;64;0.0
Meta_619;264599;872749.4104992194;0.4444444444444444;265546;117054.65699999999;0.4041032395084105;4;0.0
Meta_620;264599;872749.4104992194;0.5;265546;117054.65699999999;0.4041032395084105;5;0.0
Meta_607;264599;0.0;0.3333333333333333;259094;183431.58307134642;0.35819166012779086;3600;1.0
Meta_608;264599;0.0;0.38888888888888884;264623;17691.4832;0.38861126168362975;3600;1.0
Meta_611;264599;872749.4104992194;0.0;269528;1548549.251609622;0.3316087551467266;3600;0.9517203065033565
Meta_612;264599;872749.4104992194;0.05555555555555555;264599;1410696.3462813215;0.3586694987677086;3600;0.9940291886446523
Meta_613;264599;872749.4104992194;0.1111111111111111;264739;1569790.0420432144;0.3646174060407306;3600;1.0
Meta_614;264599;872749.4104992194;0.16666666666666666;264637;1182309.07561327;0.3629303412491033;3600;1.0
Meta_615;264599;872749.4104992194;0.2222222222222222;264944;935917.0929329038;0.3856765783846003;3600;1.0
Meta_628;264599;1745498.8209984389;0.38888888888888884;264599;816361.7106075289;0.38888157995629985;104;0.0
Meta_629;264599;1745498.8209984389;0.4444444444444444;264599;151491.19160975754;0.4072936887329148;5;0.0
Meta_630;264599;1745498.8209984389;0.5;264599;151491.19160975754;0.4072936887329148;4;0.0
Meta_616;264599;872749.4104992194;0.2777777777777778;248989;845360.428246514;0.3401117679883518;3600;1.0
Meta_617;264599;872749.4104992194;0.3333333333333333;264599;163874.8071733265;0.3962953669803954;3600;1.0
Meta_621;264599;1745498.8209984389;0.0;264947;1928077.4282198143;0.350125650016325;3600;0.9957597013485491
Meta_622;264599;1745498.8209984389;0.05555555555555555;261273;1957674.0242404472;0.3680265439834021;3600;1.0
Meta_623;264599;1745498.8209984389;0.1111111111111111;264059;1790818.31566531;0.39005980055747874;3600;1.0
Meta_624;264599;1745498.8209984389;0.16666666666666666;268523;1750647.4848194143;0.38899987179713014;3600;1.0
Meta_625;264599;1745498.8209984389;0.2222222222222222;267702;1747613.8460124736;0.3728923137847972;3600;1.0
Meta_638;264599;2618248.2314976584;0.38888888888888884;264599;1159365.2667503895;0.38848803001834203;105;0.0
Meta_639;264599;2618248.2314976584;0.4444444444444444;264599;151491.19160975754;0.4072936887329148;4;0.0
Meta_640;264599;2618248.2314976584;0.5;264599;151491.19160975754;0.4072936887329148;4;0.0
Meta_626;264599;1745498.8209984389;0.2777777777777778;275564;1777537.3779545992;0.3885144092404555;3600;1.0
Meta_627;264599;1745498.8209984389;0.3333333333333333;264599;1830571.606415548;0.3848912586178354;3600;1.0
Meta_631;264599;2618248.2314976584;0.0;265686;2857878.1276857425;0.38116205458107777;3600;1.0
Meta_632;264599;2618248.2314976584;0.05555555555555555;264561;2565041.327296258;0.37208497561925497;3600;1.0
Meta_633;264599;2618248.2314976584;0.1111111111111111;267894;2561539.2075322396;0.369471154132823;3600;1.0
Meta_634;264599;2618248.2314976584;0.16666666666666666;264599;2616871.5902269855;0.38610160381179276;3600;1.0
Meta_635;264599;2618248.2314976584;0.2222222222222222;264599;2618246.8246028214;0.3762691677284511;3600;1.0
Meta_648;264599;3490997.6419968777;0.38888888888888884;264599;183816.5829913147;0.38889008988639034;45;0.0
Meta_649;264599;3490997.6419968777;0.4444444444444444;264599;151491.19160975754;0.4072936887329148;5;0.0
Meta_650;264599;3490997.6419968777;0.5;264599;151491.19160975754;0.4072936887329148;3;0.0
Meta_636;264599;2618248.2314976584;0.2777777777777778;264468;2588631.6208985383;0.3837709110499561;3600;1.0
Meta_637;264599;2618248.2314976584;0.3333333333333333;256572;894373.6684655751;0.3681442530641628;3600;1.0
Meta_641;264599;3490997.6419968777;0.0;264599;3477234.853438643;0.3522710223627267;3600;1.0
Meta_642;264599;3490997.6419968777;0.05555555555555555;263346;3477786.047754438;0.3582712389109894;3600;1.0
Meta_643;264599;3490997.6419968777;0.1111111111111111;274899;3490598.8916576453;0.35524697863633153;3600;1.0
Meta_644;264599;3490997.6419968777;0.16666666666666666;262755;3585288.1415183307;0.3437301925898384;3600;1.0
Meta_645;264599;3490997.6419968777;0.2222222222222222;264762;3447051.0823532236;0.35626681086075235;3600;1.0
Meta_658;264599;4363747.052496097;0.38888888888888884;264809;175522.33163776022;0.3887135360610128;83;0.0
Meta_659;264599;4363747.052496097;0.4444444444444444;264599;151491.19160975754;0.4072936887329148;4;0.0
Meta_660;264599;4363747.052496097;0.5;264599;151491.19160975754;0.4072936887329148;5;0.0
Meta_646;264599;3490997.6419968777;0.2777777777777778;264654;3497367.4769475795;0.32823604573295456;3600;1.0
Meta_647;264599;3490997.6419968777;0.3333333333333333;264747;365929.2400121972;0.37432734738585965;3600;1.0
Meta_651;264599;4363747.052496097;0.0;258747;4366405.382448858;0.37729670147542976;3600;1.0
Meta_652;264599;4363747.052496097;0.05555555555555555;257845;4479018.1150339935;0.27872924352734946;3600;1.0
Meta_653;264599;4363747.052496097;0.1111111111111111;257432;4306456.787098664;0.3126437882779053;3600;1.0
Meta_654;264599;4363747.052496097;0.16666666666666666;264000;4360225.103728115;0.37801595350965395;3600;1.0
Meta_655;264599;4363747.052496097;0.2222222222222222;264462;3761921.4354348136;0.3547746131129822;3600;1.0
Meta_668;264599;5236496.462995317;0.38888888888888884;264616;294746.2036112451;0.3888787019522984;120;0.0
Meta_669;264599;5236496.462995317;0.4444444444444444;264599;151491.19160975754;0.4072936887329148;5;0.0
Meta_670;264599;5236496.462995317;0.5;264599;151491.19160975754;0.4072936887329148;4;0.0
Meta_656;264599;4363747.052496097;0.2777777777777778;264601;4341301.176594502;0.3456166794735151;3600;1.0
Meta_657;264599;4363747.052496097;0.3333333333333333;264857;3114033.608103042;0.35907082379893684;3600;1.0
Meta_661;264599;5236496.462995317;0.0;265212;4854073.378762743;0.31443121034720534;3600;1.0
Meta_662;264599;5236496.462995317;0.05555555555555555;264599;3903230.5128199635;0.3314634677527544;3600;1.0
Meta_663;264599;5236496.462995317;0.1111111111111111;264509;4371315.872560058;0.3363148447574925;3600;1.0
Meta_664;264599;5236496.462995317;0.16666666666666666;264567;5212698.080988296;0.35707940464287247;3600;1.0
Meta_665;264599;5236496.462995317;0.2222222222222222;264605;3628506.3429162866;0.3365226705970841;3600;1.0
Meta_678;264599;6109245.873494536;0.38888888888888884;264599;398117.7000957866;0.3888849400273115;74;0.0
Meta_679;264599;6109245.873494536;0.4444444444444444;264599;151491.19160975754;0.4072936887329148;5;0.0
Meta_680;264599;6109245.873494536;0.5;264599;151491.19160975754;0.4072936887329148;4;0.0
Meta_666;264599;5236496.462995317;0.2777777777777778;264396;4501592.767426535;0.3376034091882835;3600;1.0
Meta_667;264599;5236496.462995317;0.3333333333333333;268807;1892208.0449032336;0.3888672024882353;3600;1.0
Meta_671;264599;6109245.873494536;0.0;264310;5680221.256520144;0.30578161835165196;3600;1.0
Meta_672;264599;6109245.873494536;0.05555555555555555;265221;5546523.1780836675;0.322545605388968;3600;1.0
Meta_673;264599;6109245.873494536;0.1111111111111111;262553;6075855.428407804;0.29614308216619534;3600;1.0
Meta_674;264599;6109245.873494536;0.16666666666666666;291749;3664711.7019713065;0.3721316199160065;3600;1.0
Meta_675;264599;6109245.873494536;0.2222222222222222;264592;5191992.339253612;0.352070487063487;3600;1.0
Meta_688;264599;6981995.2839937555;0.38888888888888884;264599;505378.03775304864;0.3888684916771735;115;0.0
Meta_689;264599;6981995.2839937555;0.4444444444444444;264599;151491.19160975754;0.4072936887329148;4;0.0
Meta_690;264599;6981995.2839937555;0.5;264599;151491.19160975754;0.4072936887329148;4;0.0
Meta_676;264599;6109245.873494536;0.2777777777777778;261907;4941589.421019897;0.32316596202129494;3600;1.0
Meta_677;264599;6109245.873494536;0.3333333333333333;271190;1976896.2198562708;0.37179223962218616;3600;1.0
Meta_681;264599;6981995.2839937555;0.0;263817;5631939.340500065;0.35137247664160404;3600;1.0
Meta_682;264599;6981995.2839937555;0.05555555555555555;264599;6107335.001150125;0.3214552518628974;3600;1.0
Meta_683;264599;6981995.2839937555;0.1111111111111111;264256;5006057.792199624;0.33968270249327237;3600;1.0
Meta_684;264599;6981995.2839937555;0.16666666666666666;267133;4897120.683789517;0.3176785632483192;3600;1.0
Meta_685;264599;6981995.2839937555;0.2222222222222222;264660;4593243.361860656;0.3232480228319752;3600;1.0
Meta_698;264599;7854744.694492975;0.38888888888888884;264600;2762698.54713422;0.3888865694064045;85;0.0
Meta_699;264599;7854744.694492975;0.4444444444444444;264599;151491.19160975754;0.4072936887329148;5;0.0
Meta_700;264599;7854744.694492975;0.5;264599;151491.19160975754;0.4072936887329148;4;0.0
Meta_686;264599;6981995.2839937555;0.2777777777777778;265631;3090962.738878005;0.3573115104802724;3600;1.0
Meta_687;264599;6981995.2839937555;0.3333333333333333;281514;1809820.3319012888;0.3540055655428165;3600;1.0
Meta_691;264599;7854744.694492975;0.0;264447;5111716.132510214;0.291068215794161;3600;1.0
Meta_692;264599;7854744.694492975;0.05555555555555555;264520;5210791.0716176005;0.3177772850735112;3600;1.0
Meta_693;264599;7854744.694492975;0.1111111111111111;263234;5954714.104077858;0.31028207030985766;3600;1.0
Meta_694;264599;7854744.694492975;0.16666666666666666;266129;3849778.2804531995;0.3789179592156867;3600;1.0
Meta_695;264599;7854744.694492975;0.2222222222222222;261595;4167028.6075448324;0.3370964993536395;3600;1.0
Meta_708;243142;0.0;0.38888888888888884;244956;0.0;0.37046797490706224;4;0.0
Meta_709;243142;0.0;0.4444444444444444;244956;0.0;0.37046797490706224;3;0.0
Meta_710;243142;0.0;0.5;244956;0.0;0.37046797490706224;3;0.0
Meta_696;264599;7854744.694492975;0.2777777777777778;262115;5878498.811638531;0.3098493995509652;3600;1.0
Meta_697;264599;7854744.694492975;0.3333333333333333;262797;868313.358403792;0.3866161084018936;3600;1.0
Meta_701;243142;0.0;0.0;202231;189141.31935336575;0.2620585239062902;3600;0.8290101054058315
Meta_702;243142;0.0;0.05555555555555555;189561;20470.11563165793;0.2347066042916054;3600;0.8392656050270008
Meta_703;243142;0.0;0.1111111111111111;193409;53602.09751571916;0.25724127706554356;3600;0.9048929569441219
Meta_704;243142;0.0;0.16666666666666666;204971;156714.87184078622;0.25958509898879517;3600;0.9755030918266695
Meta_717;243142;872749.4104992194;0.3333333333333333;243428;637529.2230767002;0.3329925191747132;336;0.0
Meta_718;243142;872749.4104992194;0.38888888888888884;244363;0.0;0.37567852617978514;2;0.0
Meta_719;243142;872749.4104992194;0.4444444444444444;244363;0.0;0.37567852617978514;2;0.0
Meta_720;243142;872749.4104992194;0.5;244363;0.0;0.37567852617978514;2;0.0
Meta_705;243142;0.0;0.2222222222222222;222394;183748.84613488708;0.2930599290451462;3600;1.0
Meta_706;243142;0.0;0.2777777777777778;220907;162472.40737198244;0.29369814678895273;3600;1.0
Meta_707;243142;0.0;0.3333333333333333;244932;105700.04351698338;0.33454224148898043;3600;1.0
Meta_711;243142;872749.4104992194;0.0;198817;874683.7096325475;0.2668683380068055;3600;0.9688418407220264
Meta_712;243142;872749.4104992194;0.05555555555555555;245388;1424171.5205031862;0.35174189745692075;3600;1.0
Meta_713;243142;872749.4104992194;0.1111111111111111;243140;1145308.9329828713;0.350730282901181;3600;1.0
Meta_714;243142;872749.4104992194;0.16666666666666666;207553;348367.0873097983;0.2871702438264907;3600;1.0
Meta_728;243142;1745498.8209984389;0.38888888888888884;244363;0.0;0.37567852617978514;2;0.0
Meta_729;243142;1745498.8209984389;0.4444444444444444;244363;0.0;0.37567852617978514;2;0.0
Meta_730;243142;1745498.8209984389;0.5;244363;0.0;0.37567852617978514;3;0.0
Meta_727;243142;1745498.8209984389;0.3333333333333333;243158;371183.68489691167;0.3331688460008609;385;0.0
Meta_715;243142;872749.4104992194;0.2222222222222222;220520;255688.57257303875;0.293653372546226;3600;1.0
Meta_716;243142;872749.4104992194;0.2777777777777778;243371;183295.5017331572;0.339582342748014;3600;1.0
Meta_721;243142;1745498.8209984389;0.0;242087;2004924.7116844878;0.35235507939812233;3600;0.9965232891621028
Meta_722;243142;1745498.8209984389;0.05555555555555555;241692;2075632.5761511675;0.36998793454318435;3600;1.0
Meta_723;243142;1745498.8209984389;0.1111111111111111;242730;2384258.06544152;0.361798903059012;3600;1.0
Meta_724;243142;1745498.8209984389;0.16666666666666666;206920;208483.33665464577;0.276725161772428;3600;1.0
Meta_738;243142;2618248.2314976584;0.38888888888888884;244363;0.0;0.37567852617978514;2;0.0
Meta_739;243142;2618248.2314976584;0.4444444444444444;244363;0.0;0.37567852617978514;2;0.0
Meta_740;243142;2618248.2314976584;0.5;244363;0.0;0.37567852617978514;2;0.0
Meta_725;243142;1745498.8209984389;0.2222222222222222;216527;594021.302328614;0.30637347389888336;3600;1.0
Meta_737;243142;2618248.2314976584;0.3333333333333333;243176;300530.73645349365;0.33332592033228553;687;0.0
Meta_726;243142;1745498.8209984389;0.2777777777777778;243150;743552.5055010767;0.3616247530547225;3600;1.0
Meta_731;243142;2618248.2314976584;0.0;243059;2894528.8903945093;0.3508972282188614;3600;1.0
Meta_732;243142;2618248.2314976584;0.05555555555555555;243144;2618270.92148584;0.37079004748260497;3600;1.0
Meta_733;243142;2618248.2314976584;0.1111111111111111;240047;2605072.1438021436;0.3697741153981998;3600;1.0
Meta_747;243142;3490997.6419968777;0.3333333333333333;243142;505572.3686838393;0.33328072016955335;428;0.0
Meta_748;243142;3490997.6419968777;0.38888888888888884;244363;0.0;0.37567852617978514;3;0.0
Meta_749;243142;3490997.6419968777;0.4444444444444444;244363;0.0;0.37567852617978514;2;0.0
Meta_750;243142;3490997.6419968777;0.5;244363;0.0;0.37567852617978514;2;0.0
Meta_734;243142;2618248.2314976584;0.16666666666666666;243147;2740383.9205635698;0.34731393718256137;3600;1.0
Meta_735;243142;2618248.2314976584;0.2222222222222222;244204;2504105.4261193685;0.353371803436231;3600;1.0
Meta_736;243142;2618248.2314976584;0.2777777777777778;220241;519737.5405426817;0.3003403605935571;3600;1.0
Meta_741;243142;3490997.6419968777;0.0;234847;3493641.135235193;0.3377261952871586;3600;1.0
Meta_742;243142;3490997.6419968777;0.05555555555555555;243142;2882883.1417369246;0.37807345066801895;3600;1.0
Meta_743;243142;3490997.6419968777;0.1111111111111111;242456;3488818.508330601;0.3319781167332919;3600;1.0
Meta_757;243142;4363747.052496097;0.3333333333333333;243142;463773.1558415892;0.33333440359965283;334;0.0
Meta_758;243142;4363747.052496097;0.38888888888888884;244363;0.0;0.37567852617978514;3;0.0
Meta_759;243142;4363747.052496097;0.4444444444444444;244363;0.0;0.37567852617978514;3;0.0
Meta_760;243142;4363747.052496097;0.5;244363;0.0;0.37567852617978514;3;0.0
Meta_744;243142;3490997.6419968777;0.16666666666666666;219566;236155.24089010814;0.3028004036991228;3600;1.0
Meta_745;243142;3490997.6419968777;0.2222222222222222;241514;3490988.1400196743;0.36199874633556606;3600;1.0
Meta_746;243142;3490997.6419968777;0.2777777777777778;235724;406514.2871150611;0.31649551678128457;3600;1.0
Meta_751;243142;4363747.052496097;0.0;236366;4041083.6916932706;0.3251007421027076;3600;1.0
Meta_752;243142;4363747.052496097;0.05555555555555555;242124;4459576.710044189;0.3490158823860666;3600;1.0
Meta_753;243142;4363747.052496097;0.1111111111111111;238916;4365282.328217085;0.3359530439653245;3600;1.0
Meta_754;243142;4363747.052496097;0.16666666666666666;243142;4119620.5081803664;0.3303669929030472;3600;1.0
Meta_768;243142;5236496.462995317;0.38888888888888884;244363;0.0;0.37567852617978514;2;0.0
Meta_769;243142;5236496.462995317;0.4444444444444444;244363;0.0;0.37567852617978514;2;0.0
Meta_770;243142;5236496.462995317;0.5;244363;0.0;0.37567852617978514;2;0.0
Meta_755;243142;4363747.052496097;0.2222222222222222;243115;4325742.247904972;0.3079182877158719;3600;1.0
Meta_756;243142;4363747.052496097;0.2777777777777778;243312;201326.23271031023;0.3521816076637696;3600;1.0
Meta_767;243142;5236496.462995317;0.3333333333333333;243203;622837.3692008185;0.33325561361527306;934;0.0
Meta_761;243142;5236496.462995317;0.0;245564;4110614.418755064;0.35045789198172766;3600;1.0
Meta_762;243142;5236496.462995317;0.05555555555555555;244724;4425347.257361632;0.3414324708536748;3600;1.0
Meta_763;243142;5236496.462995317;0.1111111111111111;242745;5163175.119111728;0.333095290913845;3600;1.0
Meta_764;243142;5236496.462995317;0.16666666666666666;243142;4730584.971368956;0.3315606283144752;3600;1.0
Meta_778;243142;6109245.873494536;0.38888888888888884;244363;0.0;0.37567852617978514;3;0.0
Meta_779;243142;6109245.873494536;0.4444444444444444;244363;0.0;0.37567852617978514;2;0.0
Meta_780;243142;6109245.873494536;0.5;244363;0.0;0.37567852617978514;2;0.0
Meta_765;243142;5236496.462995317;0.2222222222222222;243188;4306651.498912912;0.30574578888079673;3600;1.0
Meta_777;243142;6109245.873494536;0.3333333333333333;243142;1283689.2051380284;0.33332878010402994;663;0.0
Meta_766;243142;5236496.462995317;0.2777777777777778;243142;92673.39293321795;0.3702664071819129;3600;1.0
Meta_771;243142;6109245.873494536;0.0;243913;4821486.553239845;0.33618930040678274;3600;1.0
Meta_772;243142;6109245.873494536;0.05555555555555555;242020;5472415.057174537;0.3479842023834229;3600;1.0
Meta_773;243142;6109245.873494536;0.1111111111111111;242342;4817394.250107405;0.32342443875360793;3600;1.0
Meta_774;243142;6109245.873494536;0.16666666666666666;258307;5758590.32859964;0.2752881308103482;3600;1.0
Meta_788;243142;6981995.2839937555;0.38888888888888884;244363;0.0;0.37567852617978514;2;0.0
Meta_789;243142;6981995.2839937555;0.4444444444444444;244363;0.0;0.37567852617978514;3;0.0
Meta_790;243142;6981995.2839937555;0.5;244363;0.0;0.37567852617978514;2;0.0
Meta_787;243142;6981995.2839937555;0.3333333333333333;243531;328855.5080547688;0.3333333070704861;464;0.0
Meta_775;243142;6109245.873494536;0.2222222222222222;243191;4943750.781706115;0.30421991753609184;3600;1.0
Meta_776;243142;6109245.873494536;0.2777777777777778;243653;179632.61118567822;0.34896958313653076;3600;1.0
Meta_781;243142;6981995.2839937555;0.0;261055;4408211.797019527;0.36637190873659337;3600;1.0
Meta_782;243142;6981995.2839937555;0.05555555555555555;243142;5819040.85362957;0.32908973207920406;3600;1.0
Meta_783;243142;6981995.2839937555;0.1111111111111111;243141;5200670.167552743;0.30752353984177977;3600;1.0
Meta_784;243142;6981995.2839937555;0.16666666666666666;243200;4704027.871150267;0.30223990748808477;3600;1.0
Meta_798;243142;7854744.694492975;0.38888888888888884;244363;0.0;0.37567852617978514;2;0.0
Meta_799;243142;7854744.694492975;0.4444444444444444;244363;0.0;0.37567852617978514;2;0.0
Meta_800;243142;7854744.694492975;0.5;244363;0.0;0.37567852617978514;2;0.0
Meta_797;243142;7854744.694492975;0.3333333333333333;243540;510015.88576895953;0.3333253467674136;575;0.0
Meta_785;243142;6981995.2839937555;0.2222222222222222;243141;4287888.637312309;0.33949417903271006;3600;1.0
Meta_786;243142;6981995.2839937555;0.2777777777777778;243136;348422.50384825905;0.3580730571106339;3600;1.0
Meta_791;243142;7854744.694492975;0.0;243315;5496495.637627431;0.33653076658935793;3600;1.0
Meta_792;243142;7854744.694492975;0.05555555555555555;243142;4263266.655070496;0.3334559336522593;3600;1.0
Meta_793;243142;7854744.694492975;0.1111111111111111;246417;5583116.857715881;0.31345966873911935;3600;1.0
Meta_807;221685;0.0;0.3333333333333333;224343;0.0;0.32958401933982134;6;0.0
Meta_808;221685;0.0;0.38888888888888884;224807;0.0;0.3347650312780059;3;0.0
Meta_809;221685;0.0;0.4444444444444444;224807;0.0;0.3347650312780059;3;0.0
Meta_810;221685;0.0;0.5;224807;0.0;0.3347650312780059;3;0.0
Meta_794;243142;7854744.694492975;0.16666666666666666;244202;5383294.6200195355;0.2894309970440042;3600;1.0
Meta_795;243142;7854744.694492975;0.2222222222222222;212036;188400.96228564417;0.2735771918746032;3600;1.0
Meta_796;243142;7854744.694492975;0.2777777777777778;243146;216961.33572736895;0.34279297313384;3600;1.0
Meta_801;221685;0.0;0.0;195789;235330.10602185762;0.23980416571732846;3600;0.8541303444487408
Meta_802;221685;0.0;0.05555555555555555;205293;128632.89765302323;0.2586273442327393;3600;0.8516615239802162
Meta_803;221685;0.0;0.1111111111111111;193519;224336.86203023282;0.24437387758854376;3600;0.9819909420534063
Meta_817;221685;872749.4104992194;0.3333333333333333;222587;0.0;0.32958401933982134;2;0.0
Meta_818;221685;872749.4104992194;0.38888888888888884;222587;0.0;0.32958401933982134;3;0.0
Meta_819;221685;872749.4104992194;0.4444444444444444;222587;0.0;0.32958401933982134;2;0.0
Meta_820;221685;872749.4104992194;0.5;222587;0.0;0.32958401933982134;2;0.0
Meta_804;221685;0.0;0.16666666666666666;221968;496727.01163978194;0.3003566557690738;3600;1.0
Meta_805;221685;0.0;0.2222222222222222;221915;207419.66950011894;0.30574639446471047;3600;1.0
Meta_806;221685;0.0;0.2777777777777778;221150;188037.9794169489;0.2867426652825476;3600;1.0
Meta_811;221685;872749.4104992194;0.0;210924;872751.9646515965;0.29191744345869225;3600;0.9725271154039532
Meta_812;221685;872749.4104992194;0.05555555555555555;206977;1115624.3827104545;0.30082380148731874;3600;1.0
Meta_813;221685;872749.4104992194;0.1111111111111111;211239;776284.2999101643;0.29427405752052177;3600;1.0
Meta_827;221685;1745498.8209984389;0.3333333333333333;222587;0.0;0.32958401933982134;3;0.0
Meta_828;221685;1745498.8209984389;0.38888888888888884;222587;0.0;0.32958401933982134;3;0.0
Meta_829;221685;1745498.8209984389;0.4444444444444444;222587;0.0;0.32958401933982134;3;0.0
Meta_830;221685;1745498.8209984389;0.5;222587;0.0;0.32958401933982134;2;0.0
Meta_814;221685;872749.4104992194;0.16666666666666666;211667;200639.77936191493;0.2858105433092789;3600;1.0
Meta_815;221685;872749.4104992194;0.2222222222222222;210354;206359.54907453898;0.27512772309073624;3600;1.0
Meta_816;221685;872749.4104992194;0.2777777777777778;221686;197536.81795308378;0.32635869492197145;3600;1.0
Meta_821;221685;1745498.8209984389;0.0;222913;1340048.2088663029;0.3520734062796072;3600;1.0
Meta_822;221685;1745498.8209984389;0.05555555555555555;164835;367787.3676550684;0.2534596001371082;3600;1.0
Meta_823;221685;1745498.8209984389;0.1111111111111111;220206;1649074.5834746414;0.34114222488732426;3600;1.0
Meta_837;221685;2618248.2314976584;0.3333333333333333;222587;0.0;0.32958401933982134;2;0.0
Meta_838;221685;2618248.2314976584;0.38888888888888884;222587;0.0;0.32958401933982134;2;0.0
Meta_839;221685;2618248.2314976584;0.4444444444444444;222587;0.0;0.32958401933982134;3;0.0
Meta_840;221685;2618248.2314976584;0.5;222587;0.0;0.32958401933982134;2;0.0
Meta_824;221685;1745498.8209984389;0.16666666666666666;153135;1660394.3272675152;0.23770042105507033;3600;1.0
Meta_825;221685;1745498.8209984389;0.2222222222222222;216524;57271.29611423695;0.30481851604680155;3600;1.0
Meta_826;221685;1745498.8209984389;0.2777777777777778;217412;229267.70013131885;0.29825308805604916;3600;1.0
Meta_831;221685;2618248.2314976584;0.0;218415;2640150.07397006;0.3376660198946619;3600;1.0
Meta_832;221685;2618248.2314976584;0.05555555555555555;223837;2676479.799260426;0.32727211875819845;3600;1.0
Meta_833;221685;2618248.2314976584;0.1111111111111111;239493;2609564.2567820204;0.35481081254559005;3600;1.0
Meta_847;221685;3490997.6419968777;0.3333333333333333;222587;0.0;0.32958401933982134;2;0.0
Meta_848;221685;3490997.6419968777;0.38888888888888884;222587;0.0;0.32958401933982134;2;0.0
Meta_849;221685;3490997.6419968777;0.4444444444444444;222587;0.0;0.32958401933982134;3;0.0
Meta_850;221685;3490997.6419968777;0.5;222587;0.0;0.32958401933982134;2;0.0
Meta_834;221685;2618248.2314976584;0.16666666666666666;221688;2618188.279831998;0.34827506119689733;3600;1.0
Meta_835;221685;2618248.2314976584;0.2222222222222222;221685;83302.13209999999;0.3367398729561013;3600;1.0
Meta_836;221685;2618248.2314976584;0.2777777777777778;218945;446792.8984390992;0.2932070164876723;3600;1.0
Meta_841;221685;3490997.6419968777;0.0;223056;3688117.556178138;0.3145533021152331;3600;1.0
Meta_842;221685;3490997.6419968777;0.05555555555555555;215512;3489625.0197619074;0.3470811350928645;3600;1.0
Meta_843;221685;3490997.6419968777;0.1111111111111111;252300;3319406.5255474234;0.3578760502515834;3600;1.0
Meta_857;221685;4363747.052496097;0.3333333333333333;222587;0.0;0.32958401933982134;2;0.0
Meta_858;221685;4363747.052496097;0.38888888888888884;222587;0.0;0.32958401933982134;2;0.0
Meta_859;221685;4363747.052496097;0.4444444444444444;222587;0.0;0.32958401933982134;3;0.0
Meta_860;221685;4363747.052496097;0.5;222587;0.0;0.32958401933982134;3;0.0
Meta_844;221685;3490997.6419968777;0.16666666666666666;221685;99231.36112898722;0.3485570844753427;3600;1.0
Meta_845;221685;3490997.6419968777;0.2222222222222222;220069;3371569.4593604603;0.30596410060772794;3600;1.0
Meta_846;221685;3490997.6419968777;0.2777777777777778;221691;868054.201704044;0.2874981909356214;3600;1.0
Meta_851;221685;4363747.052496097;0.0;223225;4120457.9301456246;0.32059495809685473;3600;1.0
Meta_852;221685;4363747.052496097;0.05555555555555555;228820;4021896.8119752696;0.3072485137289694;3600;1.0
Meta_853;221685;4363747.052496097;0.1111111111111111;311810;3559426.087152091;0.372911250517092;3600;1.0
Meta_867;221685;5236496.462995317;0.3333333333333333;222587;0.0;0.32958401933982134;2;0.0
Meta_868;221685;5236496.462995317;0.38888888888888884;222587;0.0;0.32958401933982134;3;0.0
Meta_869;221685;5236496.462995317;0.4444444444444444;222587;0.0;0.32958401933982134;2;0.0
Meta_870;221685;5236496.462995317;0.5;222587;0.0;0.32958401933982134;2;0.0
Meta_854;221685;4363747.052496097;0.16666666666666666;221685;76694.78813844617;0.34211305212851895;3600;1.0
Meta_855;221685;4363747.052496097;0.2222222222222222;201811;111442.25800740498;0.2999016997778099;3600;1.0
Meta_856;221685;4363747.052496097;0.2777777777777778;221691;50788.34692954346;0.3044404145216144;3600;1.0
Meta_861;221685;5236496.462995317;0.0;237014;3591069.588576541;0.3229183906038528;3600;1.0
Meta_862;221685;5236496.462995317;0.05555555555555555;232822;5083867.834956982;0.3086596084533786;3600;1.0
Meta_863;221685;5236496.462995317;0.1111111111111111;241959;4567876.068215626;0.27090717851198315;3600;1.0
Meta_877;221685;6109245.873494536;0.3333333333333333;222587;0.0;0.32958401933982134;2;0.0
Meta_878;221685;6109245.873494536;0.38888888888888884;222587;0.0;0.32958401933982134;2;0.0
Meta_879;221685;6109245.873494536;0.4444444444444444;222587;0.0;0.32958401933982134;2;0.0
Meta_880;221685;6109245.873494536;0.5;222587;0.0;0.32958401933982134;2;0.0
Meta_864;221685;5236496.462995317;0.16666666666666666;228997;4745671.114321921;0.297616759886258;3600;1.0
Meta_865;221685;5236496.462995317;0.2222222222222222;221685;234073.68319999997;0.3387241819392281;3600;1.0
Meta_866;221685;5236496.462995317;0.2777777777777778;218573;23363.477687521947;0.2947854696540543;3600;1.0
Meta_871;221685;6109245.873494536;0.0;240965;3156462.419827647;0.34499423811178126;3600;1.0
Meta_872;221685;6109245.873494536;0.05555555555555555;263217;3698660.5470666504;0.33899649526828046;3600;1.0
Meta_873;221685;6109245.873494536;0.1111111111111111;238567;4619664.227664498;0.33067853145734344;3600;1.0
Meta_887;221685;6981995.2839937555;0.3333333333333333;222587;0.0;0.32958401933982134;2;0.0
Meta_888;221685;6981995.2839937555;0.38888888888888884;222587;0.0;0.32958401933982134;2;0.0
Meta_889;221685;6981995.2839937555;0.4444444444444444;222587;0.0;0.32958401933982134;2;0.0
Meta_890;221685;6981995.2839937555;0.5;222587;0.0;0.32958401933982134;2;0.0
Meta_874;221685;6109245.873494536;0.16666666666666666;221801;3902730.5720933257;0.2913945580622545;3600;1.0
Meta_875;221685;6109245.873494536;0.2222222222222222;220161;318424.05619723874;0.29392468183403997;3600;1.0
Meta_876;221685;6109245.873494536;0.2777777777777778;221685;63797.953668771464;0.30063288809338645;3600;1.0
Meta_881;221685;6981995.2839937555;0.0;221769;3563780.462853583;0.32950685953935155;3600;1.0
Meta_882;221685;6981995.2839937555;0.05555555555555555;221674;4904162.297397355;0.343670746347249;3600;1.0
Meta_883;221685;6981995.2839937555;0.1111111111111111;221685;5171569.386295232;0.32657820443081176;3600;1.0
Meta_897;221685;7854744.694492975;0.3333333333333333;222587;0.0;0.32958401933982134;2;0.0
Meta_898;221685;7854744.694492975;0.38888888888888884;222587;0.0;0.32958401933982134;2;0.0
Meta_899;221685;7854744.694492975;0.4444444444444444;222587;0.0;0.32958401933982134;3;0.0
Meta_900;221685;7854744.694492975;0.5;222587;0.0;0.32958401933982134;3;0.0
Meta_884;221685;6981995.2839937555;0.16666666666666666;184266;67345.56713559646;0.23517842294526173;3600;1.0
Meta_885;221685;6981995.2839937555;0.2222222222222222;202678;304641.16596411983;0.2847083065063689;3600;1.0
Meta_886;221685;6981995.2839937555;0.2777777777777778;221725;35840.2141;0.3023083640107049;3600;1.0
Meta_891;221685;7854744.694492975;0.0;244114;4591915.869914373;0.2988596686681099;3600;1.0
Meta_892;221685;7854744.694492975;0.05555555555555555;221685;5028869.143569846;0.32146777218262024;3600;1.0
Meta_906;200228;0.0;0.2777777777777778;200721;0.0;0.27520237671130826;123;0.0
Meta_907;200228;0.0;0.3333333333333333;200540;0.0;0.3012947602054102;2;0.0
Meta_908;200228;0.0;0.38888888888888884;200540;0.0;0.3012947602054102;3;0.0
Meta_909;200228;0.0;0.4444444444444444;200540;0.0;0.3012947602054102;2;0.0
Meta_910;200228;0.0;0.5;200540;0.0;0.3012947602054102;2;0.0
Meta_893;221685;7854744.694492975;0.1111111111111111;221629;4832363.144534557;0.3090592717175225;3600;1.0
Meta_894;221685;7854744.694492975;0.16666666666666666;177239;2643182.0371569595;0.22224125612265536;3600;1.0
Meta_895;221685;7854744.694492975;0.2222222222222222;245820;4261192.553892543;0.31794315573890686;3600;1.0
Meta_896;221685;7854744.694492975;0.2777777777777778;221692;152448.0409787863;0.30072154584199834;3600;1.0
Meta_901;200228;0.0;0.0;198782;35800.74067482126;0.25333455439496433;3600;0.8694962841209234
Meta_916;200228;872749.4104992194;0.2777777777777778;200232;86607.68831974946;0.27777681347389166;91;0.0
Meta_917;200228;872749.4104992194;0.3333333333333333;201073;0.0;0.30129476020541013;3;0.0
Meta_918;200228;872749.4104992194;0.38888888888888884;201073;0.0;0.30129476020541013;2;0.0
Meta_919;200228;872749.4104992194;0.4444444444444444;201073;0.0;0.30129476020541013;3;0.0
Meta_920;200228;872749.4104992194;0.5;201073;0.0;0.30129476020541013;3;0.0
Meta_902;200228;0.0;0.05555555555555555;193092;484906.6616982659;0.2314761200868654;3600;0.9170873092003535
Meta_903;200228;0.0;0.1111111111111111;199098;161779.54806114058;0.24588974864701213;3600;0.9992953996867039
Meta_904;200228;0.0;0.16666666666666666;192152;68198.62170834534;0.24643595250026293;3600;1.0
Meta_905;200228;0.0;0.2222222222222222;203401;233255.84584142055;0.2589618968166738;3600;1.0
Meta_911;200228;872749.4104992194;0.0;194293;596353.9961001204;0.3390856569005499;3600;1.0
Meta_912;200228;872749.4104992194;0.05555555555555555;200229;666503.2247297683;0.31449998165380155;3600;1.0
Meta_926;200228;1745498.8209984389;0.2777777777777778;201787;100582.75816627975;0.27777699093788083;93;0.0
Meta_927;200228;1745498.8209984389;0.3333333333333333;201073;0.0;0.30129476020541013;2;0.0
Meta_928;200228;1745498.8209984389;0.38888888888888884;201073;0.0;0.30129476020541013;3;0.0
Meta_929;200228;1745498.8209984389;0.4444444444444444;201073;0.0;0.30129476020541013;3;0.0
Meta_930;200228;1745498.8209984389;0.5;201073;0.0;0.30129476020541013;3;0.0
Meta_913;200228;872749.4104992194;0.1111111111111111;179742;78060.84169607073;0.23880012595316016;3600;1.0
Meta_914;200228;872749.4104992194;0.16666666666666666;198104;832543.6114149062;0.2659351292837983;3600;1.0
Meta_915;200228;872749.4104992194;0.2222222222222222;200228;50921.2147;0.2792621884400242;3600;1.0
Meta_921;200228;1745498.8209984389;0.0;199756;647839.4356111655;0.322588539324399;3600;0.9951971854901359
Meta_936;200228;2618248.2314976584;0.2777777777777778;200245;71100.11679999999;0.2777022026510679;148;0.0
Meta_937;200228;2618248.2314976584;0.3333333333333333;201073;0.0;0.30129476020541013;2;0.0
Meta_938;200228;2618248.2314976584;0.38888888888888884;201073;0.0;0.30129476020541013;3;0.0
Meta_939;200228;2618248.2314976584;0.4444444444444444;201073;0.0;0.30129476020541013;2;0.0
Meta_940;200228;2618248.2314976584;0.5;201073;0.0;0.30129476020541013;2;0.0
Meta_922;200228;1745498.8209984389;0.05555555555555555;148392;249297.90210977924;0.19966563596636286;3600;1.0
Meta_923;200228;1745498.8209984389;0.1111111111111111;200238;174738.92054653703;0.2612831166797864;3600;1.0
Meta_924;200228;1745498.8209984389;0.16666666666666666;186666;177944.31108138594;0.23079413559222556;3600;1.0
Meta_925;200228;1745498.8209984389;0.2222222222222222;194823;291858.3389;0.260857712600463;3600;1.0
Meta_931;200228;2618248.2314976584;0.0;201850;868874.6072638937;0.3187162496249797;3600;1.0
Meta_932;200228;2618248.2314976584;0.05555555555555555;201285;455444.7996543002;0.3326384565350029;3600;1.0
Meta_947;200228;3490997.6419968777;0.3333333333333333;201073;0.0;0.30129476020541013;3;0.0
Meta_948;200228;3490997.6419968777;0.38888888888888884;201073;0.0;0.30129476020541013;2;0.0
Meta_949;200228;3490997.6419968777;0.4444444444444444;201073;0.0;0.30129476020541013;2;0.0
Meta_950;200228;3490997.6419968777;0.5;201073;0.0;0.30129476020541013;3;0.0
Meta_946;200228;3490997.6419968777;0.2777777777777778;201501;129359.66669999999;0.2777778082631107;104;0.0
Meta_933;200228;2618248.2314976584;0.1111111111111111;200103;1504552.154343079;0.29328308057094643;3600;1.0
Meta_934;200228;2618248.2314976584;0.16666666666666666;200228;70531.7534;0.3150825976027902;3600;1.0
Meta_935;200228;2618248.2314976584;0.2222222222222222;196384;129896.68440621326;0.252809244327941;3600;1.0
Meta_941;200228;3490997.6419968777;0.0;200249;757723.7087084674;0.35174537583675247;3600;1.0
Meta_942;200228;3490997.6419968777;0.05555555555555555;200231;483044.49048341834;0.3388430428773662;3600;1.0
Meta_957;200228;4363747.052496097;0.3333333333333333;201073;0.0;0.30129476020541013;2;0.0
Meta_958;200228;4363747.052496097;0.38888888888888884;201073;0.0;0.30129476020541013;2;0.0
Meta_959;200228;4363747.052496097;0.4444444444444444;201073;0.0;0.30129476020541013;2;0.0
Meta_960;200228;4363747.052496097;0.5;201073;0.0;0.30129476020541013;2;0.0
Meta_943;200228;3490997.6419968777;0.1111111111111111;180072;30441.4531;0.24653741941456978;3600;1.0
Meta_956;200228;4363747.052496097;0.2777777777777778;200478;165335.75314563568;0.27777465027341963;361;0.0
Meta_944;200228;3490997.6419968777;0.16666666666666666;200228;66990.6473;0.31304274911359925;3600;1.0
Meta_945;200228;3490997.6419968777;0.2222222222222222;201049;250812.1140673837;0.30253188723353935;3600;1.0
Meta_951;200228;4363747.052496097;0.0;255505;4363198.630621753;0.3316414411974798;3600;1.0
Meta_966;200228;5236496.462995317;0.2777777777777778;200611;345617.59329973755;0.27703424781861485;53;0.0
Meta_967;200228;5236496.462995317;0.3333333333333333;201073;0.0;0.30129476020541013;3;0.0
Meta_968;200228;5236496.462995317;0.38888888888888884;201073;0.0;0.30129476020541013;2;0.0
Meta_969;200228;5236496.462995317;0.4444444444444444;201073;0.0;0.30129476020541013;2;0.0
Meta_970;200228;5236496.462995317;0.5;201073;0.0;0.30129476020541013;2;0.0
Meta_952;200228;4363747.052496097;0.05555555555555555;178918;308037.0464;0.2601134915368085;3600;1.0
Meta_953;200228;4363747.052496097;0.1111111111111111;204358;4333002.569389296;0.3139798889343305;3600;1.0
Meta_954;200228;4363747.052496097;0.16666666666666666;200228;88535.1854;0.30940588331336544;3600;1.0
Meta_955;200228;4363747.052496097;0.2222222222222222;198161;311976.4284565808;0.25234450780183926;3600;1.0
Meta_961;200228;5236496.462995317;0.0;200367;497805.7672824831;0.2821365714428744;3600;1.0
Meta_962;200228;5236496.462995317;0.05555555555555555;267562;4421313.480916914;0.33249600099412846;3600;1.0
Meta_977;200228;6109245.873494536;0.3333333333333333;201073;0.0;0.30129476020541013;2;0.0
Meta_978;200228;6109245.873494536;0.38888888888888884;201073;0.0;0.30129476020541013;3;0.0
Meta_979;200228;6109245.873494536;0.4444444444444444;201073;0.0;0.30129476020541013;3;0.0
Meta_980;200228;6109245.873494536;0.5;201073;0.0;0.30129476020541013;3;0.0
Meta_963;200228;5236496.462995317;0.1111111111111111;199621;2148672.588803348;0.3032971365933626;3600;1.0
Meta_976;200228;6109245.873494536;0.2777777777777778;200292;402284.0937637349;0.2777780501962388;377;0.0
Meta_964;200228;5236496.462995317;0.16666666666666666;200228;70531.7534;0.3150825976027902;3600;1.0
Meta_965;200228;5236496.462995317;0.2222222222222222;200478;127795.870117007;0.3003943273646407;3600;1.0
Meta_971;200228;6109245.873494536;0.0;200228;713288.2237316328;0.31596874048990053;3600;1.0
Meta_972;200228;6109245.873494536;0.05555555555555555;226908;4844455.32820807;0.2758918724939141;3600;1.0
Meta_987;200228;6981995.2839937555;0.3333333333333333;201073;0.0;0.30129476020541013;3;0.0
Meta_988;200228;6981995.2839937555;0.38888888888888884;201073;0.0;0.30129476020541013;3;0.0
Meta_989;200228;6981995.2839937555;0.4444444444444444;201073;0.0;0.30129476020541013;2;0.0
Meta_990;200228;6981995.2839937555;0.5;201073;0.0;0.30129476020541013;3;0.0
Meta_986;200228;6981995.2839937555;0.2777777777777778;200228;292571.2090885023;0.2777489922777506;68;0.0
Meta_973;200228;6109245.873494536;0.1111111111111111;205448;4073430.4002128015;0.30643308510180667;3600;1.0
Meta_974;200228;6109245.873494536;0.16666666666666666;197575;453815.9035566211;0.27664840674104635;3600;1.0
Meta_975;200228;6109245.873494536;0.2222222222222222;199266;559463.4781005417;0.2541722371654829;3600;1.0
Meta_981;200228;6981995.2839937555;0.0;201138;817160.670580431;0.3321744615191794;3600;1.0
Meta_982;200228;6981995.2839937555;0.05555555555555555;223931;4721740.706564886;0.2773271842998697;3600;1.0
Meta_997;200228;7854744.694492975;0.3333333333333333;201073;0.0;0.30129476020541013;2;0.0
Meta_998;200228;7854744.694492975;0.38888888888888884;201073;0.0;0.30129476020541013;3;0.0
Meta_999;200228;7854744.694492975;0.4444444444444444;201073;0.0;0.30129476020541013;3;0.0
Meta_1000;200228;7854744.694492975;0.5;201073;0.0;0.30129476020541013;3;0.0
Meta_996;200228;7854744.694492975;0.2777777777777778;201205;187319.31292534416;0.27776546465351815;111;0.0
Meta_983;200228;6981995.2839937555;0.1111111111111111;200255;1932128.1288521574;0.28091637297278754;3600;1.0
Meta_984;200228;6981995.2839937555;0.16666666666666666;196720;546448.6889246808;0.2745717280566112;3600;1.0
Meta_985;200228;6981995.2839937555;0.2222222222222222;200473;399188.6999537371;0.26316825336993;3600;1.0
Meta_991;200228;7854744.694492975;0.0;200753;818128.0742593148;0.32863957335254573;3600;1.0
Meta_992;200228;7854744.694492975;0.05555555555555555;228699;5191882.308907628;0.31620539445921686;3600;1.0
Meta_993;200228;7854744.694492975;0.1111111111111111;197387;893193.0610124955;0.2838309906464257;3600;1.0
Meta_994;200228;7854744.694492975;0.16666666666666666;198923;266616.020047724;0.2726956569125186;3600;1.0
Meta_995;200228;7854744.694492975;0.2222222222222222;196796;497930.1575516351;0.250705151427284;3600;1.0
