Goal_8;316394;0.0;0.38888888888888884;260754;3184086.8010000004;0.29774228295000077;0;0.0
Goal_9;316394;0.0;0.4444444444444444;260754;3184086.8010000004;0.29774228295000077;0;0.0
Goal_10;316394;0.0;0.5;260754;3184086.8010000004;0.29774228295000077;0;0.0
Goal_7;316394;0.0;0.3333333333333333;260754;3184086.8010000004;0.29774228295000077;0;0.0
Goal_6;316394;0.0;0.2777777777777778;261393;3220136.431200001;0.27777740520799354;3;4.5076865738851455E-8
Goal_4;316394;0.0;0.16666666666666666;267187;3704926.2039;0.20721124711177907;3600;0.04627399456228708
Goal_14;316394;490138.8886333334;0.16666666666666666;267503;3716194.374800001;0.20030770015445465;3600;0.04619559875938291
Goal_3;316394;0.0;0.1111111111111111;267526;3706724.5665999996;0.201699703037475;3600;0.030999636443129155
Goal_2;316394;0.0;0.05555555555555555;265978;3659917.0611999985;0.1974826982982332;3600;0.02377271600999125
Goal_5;316394;0.0;0.2222222222222222;269135;3677113.4823000003;0.22222411564232789;3600;0.0026236178639907322
Goal_12;316394;490138.8886333334;0.05555555555555555;268006;3744304.657900001;0.1990342066833516;3600;0.02740386200513447
Goal_19;316394;490138.8886333334;0.4444444444444444;260754;3184086.8010000004;0.29774228295000077;0;1.676404406218495E-14
Goal_20;316394;490138.8886333334;0.5;260754;3184086.8010000004;0.29774228295000077;0;1.676404406218495E-14
Goal_17;316394;490138.8886333334;0.3333333333333333;260754;3184086.8010000004;0.29774228295000077;0;1.676404406218495E-14
Goal_18;316394;490138.8886333334;0.38888888888888884;260754;3184086.8010000004;0.29774228295000077;0;1.676404406218495E-14
Goal_11;316394;490138.8886333334;0.0;268657;3764516.185299999;0.20022109539403743;3600;0.024377844288225453
Goal_13;316394;490138.8886333334;0.1111111111111111;266806;3686039.2121;0.20217792397679066;3600;0.03772635640731001
Goal_15;316394;490138.8886333334;0.2222222222222222;267036;3560406.7995999996;0.222224026660047;3600;0.00288954781079739
Goal_27;316394;980277.7772666668;0.3333333333333333;260754;3184086.8010000004;0.29774228295000077;0;1.985348638712321E-14
Goal_16;316394;490138.8886333334;0.2777777777777778;261395;3220247.7881000005;0.2777759850943319;2;3.051044583482577E-8
Goal_29;316394;980277.7772666668;0.4444444444444444;260754;3184086.8010000004;0.29774228295000077;0;2.019578787655637E-14
Goal_28;316394;980277.7772666668;0.38888888888888884;260754;3184086.8010000004;0.29774228295000077;0;2.019578787655637E-14
Goal_30;316394;980277.7772666668;0.5;260754;3184086.8010000004;0.29774228295000077;0;2.019578787655637E-14
Goal_26;316394;980277.7772666668;0.2777777777777778;261395;3220247.8954000003;0.27777205331716026;2;4.57284881885671E-8
Goal_1;316394;0.0;0.0;264556;3583332.1616999996;0.20186022744591225;3605;0.03546363183694131
Goal_24;316394;980277.7772666668;0.16666666666666666;268505;3760037.8516000006;0.19904875015192022;3600;0.03258747056528105
Goal_21;316394;980277.7772666668;0.0;267992;3740159.4729000004;0.19844500178149155;3600;0.028871859553320736
Goal_22;316394;980277.7772666668;0.05555555555555555;268216;3748101.665100001;0.19867909620377125;3600;0.029276828010694023
Goal_23;316394;980277.7772666668;0.1111111111111111;268085;3742279.3701000013;0.19871848329621225;3600;0.030376923851988268
Goal_25;316394;980277.7772666668;0.2222222222222222;270496;3753217.4623999996;0.22223515576257669;3600;0.003092040158180504
Goal_38;316394;1470416.6659000001;0.38888888888888884;260754;3184086.8010000004;0.29774228295000077;0;2.866357820401652E-14
Goal_37;316394;1470416.6659000001;0.3333333333333333;260754;3184086.8010000004;0.29774228295000077;0;2.828642585922683E-14
Goal_39;316394;1470416.6659000001;0.4444444444444444;260754;3184086.8010000004;0.29774228295000077;0;2.866357820401652E-14
Goal_40;316394;1470416.6659000001;0.5;260754;3184086.8010000004;0.29774228295000077;0;2.866357820401652E-14
Goal_35;316394;1470416.6659000001;0.2222222222222222;266947;3555850.5624;0.22222418220942206;3600;0.0037028498398514456
Goal_32;316394;1470416.6659000001;0.05555555555555555;268282;3749788.649000001;0.19909463513452574;3600;0.028264081417764618
Goal_31;316394;1470416.6659000001;0.0;267364;3712000.1557000005;0.19981961764860526;3600;0.03471797130501227
Goal_33;316394;1470416.6659000001;0.1111111111111111;264991;3625110.468300001;0.19723580919213807;3600;0.039862571815656195
Goal_47;316394;1960555.5545333335;0.3333333333333333;260754;3184086.8010000004;0.29774228295000077;0;3.695156869074417E-14
Goal_34;316394;1470416.6659000001;0.16666666666666666;268600;3759608.0664999997;0.20024010302755463;3600;0.03687311074553242
Goal_49;316394;1960555.5545333335;0.4444444444444444;260754;3184086.8010000004;0.29774228295000077;0;3.779137707007926E-14
Goal_48;316394;1960555.5545333335;0.38888888888888884;260754;3184086.8010000004;0.29774228295000077;0;3.779137707007926E-14
Goal_50;316394;1960555.5545333335;0.5;260754;3184086.8010000004;0.29774228295000077;0;3.779137707007926E-14
Goal_36;316394;1470416.6659000001;0.2777777777777778;261394;3220191.9487000005;0.27777959431644306;8;2.4193538988745516E-8
Goal_46;316394;1960555.5545333335;0.2777777777777778;261394;3220192.0560000003;0.2777761527074975;5;0.0
Goal_42;316394;1960555.5545333335;0.05555555555555555;268045;3740778.6771999984;0.1986702839992106;3600;0.03336258854173078
Goal_44;316394;1960555.5545333335;0.16666666666666666;268474;3757863.4838000005;0.199054115190064;3600;0.038282837407735214
Goal_41;316394;1960555.5545333335;0.0;268165;3745657.9056999995;0.20016929430798497;3600;0.036844001820127
Goal_43;316394;1960555.5545333335;0.1111111111111111;267994;3748176.8194000013;0.19859399069867978;3600;0.037578460661265474
Goal_45;316394;1960555.5545333335;0.2222222222222222;268473;3640161.1821000003;0.22225398445466316;3600;0.003735191073046165
Goal_57;316394;2450694.4431666667;0.3333333333333333;260754;3184086.8010000004;0.29774228295000077;0;4.21492749825665E-14
Goal_58;316394;2450694.4431666667;0.38888888888888884;260754;3184086.8010000004;0.29774228295000077;0;4.593797385740394E-14
Goal_59;316394;2450694.4431666667;0.4444444444444444;260754;3184086.8010000004;0.29774228295000077;0;4.593797385740394E-14
Goal_60;316394;2450694.4431666667;0.5;260754;3184086.8010000004;0.29774228295000077;0;4.593797385740394E-14
Goal_51;316394;2450694.4431666667;0.0;268103;3739149.2081000013;0.19945398398025463;3600;0.037749431683303275
Goal_52;316394;2450694.4431666667;0.05555555555555555;267327;3707136.7497000005;0.19975859147625202;3600;0.038414521651369014
Goal_53;316394;2450694.4431666667;0.1111111111111111;268195;3748060.6566999997;0.19883892722981936;3600;0.03940831668577564
Goal_55;316394;2450694.4431666667;0.2222222222222222;267420;3581263.1418;0.22222375806610592;3600;0.003891995350208405
Goal_67;316394;2940833.3318000003;0.3333333333333333;260754;3184086.8010000004;0.29774228295000077;0;5.579417658157082E-14
Goal_68;316394;2940833.3318000003;0.38888888888888884;260754;3184086.8010000004;0.29774228295000077;0;5.47081585459198E-14
Goal_69;316394;2940833.3318000003;0.4444444444444444;260754;3184086.8010000004;0.29774228295000077;0;5.47081585459198E-14
Goal_54;316394;2450694.4431666667;0.16666666666666666;268618;3759358.9752;0.19985606759883948;3600;0.04362680819943902
Goal_70;316394;2940833.3318000003;0.5;260754;3184086.8010000004;0.29774228295000077;0;5.47081585459198E-14
Goal_66;316394;2940833.3318000003;0.2777777777777778;261394;3220191.9487000005;0.27777959431644356;17;4.0322122140317726E-8
Goal_56;316394;2450694.4431666667;0.2777777777777778;261395;3220247.7881000005;0.2777759850943319;54;5.357472700589888E-8
Goal_63;316394;2940833.3318000003;0.1111111111111111;265914;3625270.7414000006;0.20061993094873937;3600;0.07352580158260473
Goal_61;316394;2940833.3318000003;0.0;268602;3793419.4149999996;0.200752473938932;3600;0.0709031428915085
Goal_76;316394;3430972.220433334;0.2777777777777778;265128;3430990.9318000004;0.2777757112802545;1;0.0
Goal_64;316394;2940833.3318000003;0.16666666666666666;268412;3753392.8282000003;0.19934746462192535;3600;0.050459119028828874
Goal_79;316394;3430972.220433334;0.4444444444444444;265128;3430990.108600001;0.27932597297204365;0;0.0
Goal_77;316394;3430972.220433334;0.3333333333333333;265128;3430990.108600001;0.27932597297204365;0;0.0
Goal_78;316394;3430972.220433334;0.38888888888888884;265128;3430990.108600001;0.27932597297204365;0;0.0
Goal_65;316394;2940833.3318000003;0.2222222222222222;269655;3706231.2076999997;0.2222329180237023;3600;0.004805857727502508
Goal_80;316394;3430972.220433334;0.5;265128;3430990.108600001;0.27932597297204365;0;0.0
Goal_62;316394;2940833.3318000003;0.05555555555555555;267846;3732902.7693000003;0.20169830380316164;3604;0.07117397408525451
Goal_71;316394;3430972.220433334;0.0;267549;3722031.6737000006;0.1980626285186815;3600;0.04215238424676107
Goal_86;316394;3921111.109066667;0.2777777777777778;271274;3921100.9953;0.2519863721565629;0;0.0
Goal_73;316394;3430972.220433334;0.1111111111111111;268135;3743534.1391;0.19921298435343168;3600;0.04763302604356172
Goal_72;316394;3430972.220433334;0.05555555555555555;269045;3773441.6858999995;0.20160215027473322;3600;0.04238000606645519
Goal_87;316394;3921111.109066667;0.3333333333333333;271274;3921100.9953;0.2519863721565629;0;0.0
Goal_85;316394;3921111.109066667;0.2222222222222222;271274;3921099.4062999994;0.22175928492880656;3;0.0
Goal_88;316394;3921111.109066667;0.38888888888888884;271274;3921093.352899999;0.2523716054735138;0;0.0
Goal_89;316394;3921111.109066667;0.4444444444444444;271274;3921093.352899999;0.2523716054735138;0;0.0
Goal_90;316394;3921111.109066667;0.5;271274;3921093.352899999;0.2523716054735138;0;0.0
Goal_74;316394;3430972.220433334;0.16666666666666666;268136;3730840.8368;0.20120469962009313;3604;0.05341396274294551
Goal_95;316394;4411249.9977;0.2222222222222222;271274;4347592.016499999;0.22091482769249707;5;0.0
Goal_96;316394;4411249.9977;0.2777777777777778;271274;4135265.8646999993;0.2730306806862541;0;0.0
Goal_97;316394;4411249.9977;0.3333333333333333;271274;4135265.8646999993;0.2730306806862541;0;0.0
Goal_98;316394;4411249.9977;0.38888888888888884;271274;4124340.9278999995;0.2523716054735138;0;0.0
Goal_99;316394;4411249.9977;0.4444444444444444;271274;4124340.9278999995;0.2523716054735138;0;0.0
Goal_100;316394;4411249.9977;0.5;271274;4124340.9278999995;0.2523716054735138;0;0.0
Goal_75;316394;3430972.220433334;0.2222222222222222;269280;3685242.0408000005;0.22222432710321782;3600;0.005350670410639847
Goal_83;316394;3921111.109066667;0.1111111111111111;270778;3919294.101;0.2010787269252523;3600;0.02811601283791488
Goal_84;316394;3921111.109066667;0.16666666666666666;270892;3921110.7386000003;0.2015415595376416;3600;0.032805415329203384
Goal_81;316394;3921111.109066667;0.0;270862;3921107.7833000002;0.20147586235471315;3600;0.018369092677981924
Goal_82;316394;3921111.109066667;0.05555555555555555;270701;3921064.867799999;0.20072865971180193;3600;0.025503875977209295
Goal_91;316394;4411249.9977;0.0;271117;4106613.274199999;0.2018894232191578;3600;0.023094269029586015
Goal_106;300367;0.0;0.2777777777777778;261394;3220191.9487000005;0.27777959431644306;4;0.0
Goal_107;300367;0.0;0.3333333333333333;260754;3184086.8010000004;0.29774228295000077;0;0.0
Goal_93;316394;4411249.9977;0.1111111111111111;270902;4070363.819799999;0.20131900169896638;3600;0.02714608618562998
Goal_94;316394;4411249.9977;0.16666666666666666;271162;4104313.5215;0.20203856643172316;3600;0.030478153673545935
Goal_92;316394;4411249.9977;0.05555555555555555;271225;4081887.4139;0.202265174078344;3600;0.020504179307025933
Goal_109;300367;0.0;0.4444444444444444;260754;3184086.8010000004;0.29774228295000077;0;0.0
Goal_108;300367;0.0;0.38888888888888884;260754;3184086.8010000004;0.29774228295000077;0;0.0
Goal_110;300367;0.0;0.5;260754;3184086.8010000004;0.29774228295000077;0;0.0
Goal_101;300367;0.0;0.0;267317;3689205.7051999993;0.20631045192775194;3600;0.03818223431744776
Goal_116;300367;490138.8886333334;0.2777777777777778;261394;3220192.0560000003;0.2777761527074951;3;0.0
Goal_117;300367;490138.8886333334;0.3333333333333333;260754;3184086.8010000004;0.29774228295000077;0;1.926297612678465E-14
Goal_118;300367;490138.8886333334;0.38888888888888884;260754;3184086.8010000004;0.29774228295000077;0;1.926297612678465E-14
Goal_119;300367;490138.8886333334;0.4444444444444444;260754;3184086.8010000004;0.29774228295000077;0;1.926297612678465E-14
Goal_120;300367;490138.8886333334;0.5;260754;3184086.8010000004;0.29774228295000077;0;1.926297612678465E-14
Goal_102;300367;0.0;0.05555555555555555;268722;3768664.646799999;0.1994727463949345;3602;0.02465483497437143
Goal_105;300367;0.0;0.2222222222222222;266196;3515702.650500001;0.22222440083562853;3600;0.0033724731597606196
Goal_103;300367;0.0;0.1111111111111111;267622;3717438.3113999995;0.2004334017878961;3600;0.03362793282156897
Goal_104;300367;0.0;0.16666666666666666;266389;3650746.1887000003;0.20467875798559987;3604;0.04607145910911069
Goal_111;300367;490138.8886333334;0.0;268175;3746119.8521;0.19878425200579705;3600;0.02881415289004774
Goal_114;300367;490138.8886333334;0.16666666666666666;268469;3757119.1360999984;0.19930189896131625;3600;0.0345907832763089
Goal_113;300367;490138.8886333334;0.1111111111111111;268234;3747399.499499999;0.19888808503255687;3600;0.032339556448872445
Goal_115;300367;490138.8886333334;0.2222222222222222;268632;3648696.4306000005;0.22222440630336115;3600;0.003026627119456008
Goal_112;300367;490138.8886333334;0.05555555555555555;267881;3729488.3429;0.20102293639469898;3600;0.03421007460290372
Goal_127;300367;980277.7772666668;0.3333333333333333;260754;3184086.8010000004;0.29774228295000077;0;2.346136439743675E-14
Goal_128;300367;980277.7772666668;0.38888888888888884;260754;3184086.8010000004;0.29774228295000077;0;2.3872967281602308E-14
Goal_130;300367;980277.7772666668;0.5;260754;3184086.8010000004;0.29774228295000077;0;2.3872967281602308E-14
Goal_129;300367;980277.7772666668;0.4444444444444444;260754;3184086.8010000004;0.29774228295000077;0;2.3872967281602308E-14
Goal_126;300367;980277.7772666668;0.2777777777777778;261394;3220192.0560000003;0.2777761527074951;3;8.33423271812441E-9
Goal_121;300367;980277.7772666668;0.0;268183;3742249.215099999;0.1990788322738197;3600;0.03300904255583924
Goal_122;300367;980277.7772666668;0.05555555555555555;268206;3749502.8630999993;0.1985607821037854;3600;0.03352347052060207
Goal_137;300367;1470416.6659000001;0.3333333333333333;260754;3184086.8010000004;0.29774228295000077;0;3.4150262894170424E-14
Goal_138;300367;1470416.6659000001;0.38888888888888884;260754;3184086.8010000004;0.29774228295000077;0;3.4613317306294766E-14
Goal_136;300367;1470416.6659000001;0.2777777777777778;261394;3220192.0560000003;0.2777761527074951;5;3.4271702429644865E-8
Goal_140;300367;1470416.6659000001;0.5;260754;3184086.8010000004;0.29774228295000077;0;3.4613317306294766E-14
Goal_139;300367;1470416.6659000001;0.4444444444444444;260754;3184086.8010000004;0.29774228295000077;0;3.4613317306294766E-14
Goal_124;300367;980277.7772666668;0.16666666666666666;263615;3504373.3937999997;0.1989084393387031;3600;0.06189100128198232
Goal_123;300367;980277.7772666668;0.1111111111111111;269065;3785521.1556999995;0.19974722583467164;3600;0.03651327797397272
Goal_125;300367;980277.7772666668;0.2222222222222222;266859;3550234.4512999994;0.22222379004852388;3600;0.0037300219596533533
Goal_131;300367;1470416.6659000001;0.0;266842;3663367.205999999;0.20002994758284215;3600;0.03826525094546344
Goal_132;300367;1470416.6659000001;0.05555555555555555;268025;3739708.4965000004;0.1985362234101401;3600;0.03586530949819071
Goal_135;300367;1470416.6659000001;0.2222222222222222;265689;3485693.0768000004;0.22222391449928064;3600;0.004048245829579825
Goal_147;300367;1960555.5545333335;0.3333333333333333;260754;3184086.8010000004;0.29774228295000077;0;4.577638455462589E-14
Goal_148;300367;1960555.5545333335;0.38888888888888884;260754;3184086.8010000004;0.29774228295000077;0;4.683479807033979E-14
Goal_149;300367;1960555.5545333335;0.4444444444444444;260754;3184086.8010000004;0.29774228295000077;0;4.683479807033979E-14
Goal_134;300367;1470416.6659000001;0.16666666666666666;268284;3748706.972400001;0.19894620393550158;3600;0.04119211415203836
Goal_150;300367;1960555.5545333335;0.5;260754;3184086.8010000004;0.29774228295000077;0;4.683479807033979E-14
Goal_146;300367;1960555.5545333335;0.2777777777777778;261395;3220247.7881000005;0.27777598509433443;6;3.127070823155372E-8
Goal_133;300367;1470416.6659000001;0.1111111111111111;268988;3791951.7526000002;0.20316012641577677;3606;0.05078372588850865
Goal_141;300367;1960555.5545333335;0.0;266989;3687335.341200001;0.19849014382275712;3600;0.039425754406008096
Goal_142;300367;1960555.5545333335;0.05555555555555555;268046;3739154.5505;0.1990881272508674;3600;0.04093826126897393
Goal_157;300367;2450694.4431666667;0.3333333333333333;260754;3184086.8010000004;0.29774228295000077;0;5.417777599345142E-14
Goal_158;300367;2450694.4431666667;0.38888888888888884;260754;3184086.8010000004;0.29774228295000077;0;5.911706041450681E-14
Goal_156;300367;2450694.4431666667;0.2777777777777778;261394;3220192.0560000003;0.2777761527074951;3;2.4100392157325263E-8
Goal_159;300367;2450694.4431666667;0.4444444444444444;260754;3184086.8010000004;0.29774228295000077;0;5.911706041450681E-14
Goal_160;300367;2450694.4431666667;0.5;260754;3184086.8010000004;0.29774228295000077;0;5.911706041450681E-14
Goal_143;300367;1960555.5545333335;0.1111111111111111;268295;3749002.4456999986;0.1990774235573514;3600;0.04365346992024641
Goal_144;300367;1960555.5545333335;0.16666666666666666;267383;3712063.4796;0.1982153552396177;3600;0.04800184601779063
Goal_145;300367;1960555.5545333335;0.2222222222222222;267078;3562200.4260000004;0.22222339382785689;3600;0.004207266858598357
Goal_153;300367;2450694.4431666667;0.1111111111111111;268513;3781606.0981;0.2007118589388905;3600;0.06027096737713495
Goal_152;300367;2450694.4431666667;0.05555555555555555;269049;3778033.3515;0.2011948533953502;3600;0.0431346199363177
Goal_151;300367;2450694.4431666667;0.0;268415;3754931.4379;0.19922749291027653;3600;0.04372990544604347
Goal_167;300367;2940833.3318000003;0.3333333333333333;260754;3184086.8010000004;0.29774228295000077;0;7.520106034202334E-14
Goal_154;300367;2450694.4431666667;0.16666666666666666;268562;3764533.832699999;0.19898469291999896;3600;0.05229687496446886
Goal_168;300367;2940833.3318000003;0.38888888888888884;260754;3184086.8010000004;0.29774228295000077;0;7.371926604956968E-14
Goal_170;300367;2940833.3318000003;0.5;260754;3184086.8010000004;0.29774228295000077;0;7.371926604956968E-14
Goal_169;300367;2940833.3318000003;0.4444444444444444;260754;3184086.8010000004;0.29774228295000077;0;7.371926604956968E-14
Goal_155;300367;2450694.4431666667;0.2222222222222222;269028;3670992.6912000002;0.22223879690439724;3600;0.005288229209597801
Goal_166;300367;2940833.3318000003;0.2777777777777778;261394;3220191.9487000005;0.27777959431644306;20;0.0
Goal_161;300367;2940833.3318000003;0.0;267087;3691472.6854999997;0.20135230463222636;3600;0.070335820187714
Goal_162;300367;2940833.3318000003;0.05555555555555555;262287;3399334.460599999;0.20682662414341055;3600;0.10109085086796502
Goal_176;300367;3430972.220433334;0.2777777777777778;265128;3430990.9318000004;0.2777757112802545;0;0.0
Goal_177;300367;3430972.220433334;0.3333333333333333;265128;3430990.108600001;0.27932597297204365;0;0.0
Goal_178;300367;3430972.220433334;0.38888888888888884;265128;3430990.108600001;0.27932597297204365;0;0.0
Goal_180;300367;3430972.220433334;0.5;265128;3430990.108600001;0.27932597297204365;0;0.0
Goal_179;300367;3430972.220433334;0.4444444444444444;265128;3430990.108600001;0.27932597297204365;0;0.0
Goal_163;300367;2940833.3318000003;0.1111111111111111;269231;3794558.1720000007;0.20154088454713634;3600;0.07272675218124881
Goal_164;300367;2940833.3318000003;0.16666666666666666;267975;3733704.9647999983;0.19919984831136947;3600;0.06570247209322183
Goal_165;300367;2940833.3318000003;0.2222222222222222;267606;3591685.4155;0.22222534748627557;3600;0.0061201602805859125
Goal_185;300367;3921111.109066667;0.2222222222222222;271274;3919731.3384999996;0.20845415268512082;1;0.0
Goal_186;300367;3921111.109066667;0.2777777777777778;271274;3921100.9953;0.2519863721565629;0;0.0
Goal_187;300367;3921111.109066667;0.3333333333333333;271274;3921100.9953;0.2519863721565629;0;0.0
Goal_188;300367;3921111.109066667;0.38888888888888884;271274;3921093.352899999;0.2523716054735138;0;0.0
Goal_189;300367;3921111.109066667;0.4444444444444444;271274;3921093.352899999;0.2523716054735138;0;0.0
Goal_171;300367;3430972.220433334;0.0;268131;3745126.9384999997;0.19897350519634308;3600;0.053771044708905924
Goal_172;300367;3430972.220433334;0.05555555555555555;268592;3766443.2358999997;0.1991176180054249;3600;0.054044375882667146
Goal_190;300367;3921111.109066667;0.5;271274;3921093.352899999;0.2523716054735138;0;0.0
Goal_173;300367;3430972.220433334;0.1111111111111111;268495;3756733.6039999984;0.19936005050910693;3600;0.061250010807342783
Goal_174;300367;3430972.220433334;0.16666666666666666;268728;3766597.5827999995;0.19974162138682702;3603;0.07263255191765258
Goal_195;300367;4411249.9977;0.2222222222222222;271274;4195991.238;0.20933628658536754;5;0.0
Goal_196;300367;4411249.9977;0.2777777777777778;271274;4135265.8646999993;0.2730306806862541;0;0.0
Goal_197;300367;4411249.9977;0.3333333333333333;271274;4135265.8646999993;0.2730306806862541;0;0.0
Goal_175;300367;3430972.220433334;0.2222222222222222;268300;3630451.9689000007;0.22222435419284045;3600;0.007613543906651183
Goal_198;300367;4411249.9977;0.38888888888888884;271274;4124340.9278999995;0.2523716054735138;0;0.0
Goal_199;300367;4411249.9977;0.4444444444444444;271274;4124340.9278999995;0.2523716054735138;0;0.0
Goal_200;300367;4411249.9977;0.5;271274;4124340.9278999995;0.2523716054735138;0;0.0
Goal_181;300367;3921111.109066667;0.0;270717;3921103.4882000005;0.2008774943923344;3600;0.03074809470712843
Goal_182;300367;3921111.109066667;0.05555555555555555;270824;3921109.7382;0.20127326377316432;3600;0.033013680278905444
Goal_183;300367;3921111.109066667;0.1111111111111111;270971;3920944.1734999996;0.20185844802129269;3600;0.032846035150218056
Goal_184;300367;3921111.109066667;0.16666666666666666;270916;3921103.6524999985;0.20164418013672497;3600;0.04729202318668237
Goal_206;284341;0.0;0.2777777777777778;261395;3220247.6808000007;0.2777800032810336;4;0.0
Goal_207;284341;0.0;0.3333333333333333;260754;3184086.8010000004;0.29774228295000077;0;0.0
Goal_208;284341;0.0;0.38888888888888884;260754;3184086.8010000004;0.29774228295000077;0;0.0
Goal_209;284341;0.0;0.4444444444444444;260754;3184086.8010000004;0.29774228295000077;0;0.0
Goal_210;284341;0.0;0.5;260754;3184086.8010000004;0.29774228295000077;0;0.0
Goal_192;300367;4411249.9977;0.05555555555555555;271158;4092921.840499999;0.202210050847213;3600;0.03171376810926201
Goal_191;300367;4411249.9977;0.0;270980;4004097.2436999995;0.2015792171579229;3600;0.03115889241474302
Goal_193;300367;4411249.9977;0.1111111111111111;271135;4224307.193399999;0.2018917061706226;3600;0.03446364172250893
Goal_194;300367;4411249.9977;0.16666666666666666;271081;4125409.452899999;0.20169907697812792;3601;0.04372179094166528
Goal_201;284341;0.0;0.0;268694;3765464.9354000012;0.19965346115255736;3600;0.0277014887995135
Goal_202;284341;0.0;0.05555555555555555;267968;3721557.2822000016;0.2067973611103171;3600;0.049425844780592275
Goal_217;284341;490138.8886333334;0.3333333333333333;260754;3184086.8010000004;0.29774228295000077;0;2.4007595273533023E-14
Goal_218;284341;490138.8886333334;0.38888888888888884;260754;3184086.8010000004;0.29774228295000077;0;2.4007595273533023E-14
Goal_216;284341;490138.8886333334;0.2777777777777778;261394;3220192.0560000003;0.27777615270749584;3;0.0
Goal_219;284341;490138.8886333334;0.4444444444444444;260754;3184086.8010000004;0.29774228295000077;0;2.4007595273533023E-14
Goal_220;284341;490138.8886333334;0.5;260754;3184086.8010000004;0.29774228295000077;0;2.4007595273533023E-14
Goal_203;284341;0.0;0.1111111111111111;267071;3703408.9506000006;0.20901817889183272;3600;0.06276524772515556
Goal_204;284341;0.0;0.16666666666666666;268096;3736343.9973;0.2014982088176188;3600;0.04271158927971069
Goal_205;284341;0.0;0.2222222222222222;268912;3664638.2750000004;0.22222303544134614;3600;0.0034066489862004685
Goal_211;284341;490138.8886333334;0.0;268657;3767654.9276;0.19939938847841376;3600;0.030282896948774875
Goal_213;284341;490138.8886333334;0.1111111111111111;270142;3841692.0174000007;0.20424142050346175;3600;0.05067326248095608
Goal_227;284341;980277.7772666668;0.3333333333333333;260754;3184086.8010000004;0.29774228295000077;0;2.9674633674012E-14
Goal_212;284341;490138.8886333334;0.05555555555555555;268343;3755911.2194;0.19880998508028971;3601;0.03446747810863638
Goal_229;284341;980277.7772666668;0.4444444444444444;260754;3184086.8010000004;0.29774228295000077;0;3.0190714259647E-14
Goal_228;284341;980277.7772666668;0.38888888888888884;260754;3184086.8010000004;0.29774228295000077;0;3.0190714259647E-14
Goal_214;284341;490138.8886333334;0.16666666666666666;268343;3752074.8165000007;0.19899182414775898;3600;0.039460268918987434
Goal_230;284341;980277.7772666668;0.5;260754;3184086.8010000004;0.29774228295000077;0;3.0190714259647E-14
Goal_215;284341;490138.8886333334;0.2222222222222222;266851;3551058.1589000006;0.22222806017762853;3600;0.004080337248363773
Goal_226;284341;980277.7772666668;0.2777777777777778;261394;3220191.9487000005;0.27777959431644306;9;2.6091886810292783E-9
Goal_221;284341;980277.7772666668;0.0;267666;3734059.3909000005;0.20195086229311146;3602;0.050116992841934424
Goal_222;284341;980277.7772666668;0.05555555555555555;267082;3680473.195099999;0.20331462281516735;3602;0.0511426811403422
Goal_237;284341;1470416.6659000001;0.3333333333333333;260754;3184086.8010000004;0.29774228295000077;0;4.467152426567682E-14
Goal_236;284341;1470416.6659000001;0.2777777777777778;261394;3220192.0560000003;0.2777761527074951;2;5.525175064669954E-8
Goal_238;284341;1470416.6659000001;0.38888888888888884;260754;3184086.8010000004;0.29774228295000077;0;4.527114204105503E-14
Goal_240;284341;1470416.6659000001;0.5;260754;3184086.8010000004;0.29774228295000077;0;4.527114204105503E-14
Goal_239;284341;1470416.6659000001;0.4444444444444444;260754;3184086.8010000004;0.29774228295000077;0;4.527114204105503E-14
Goal_223;284341;980277.7772666668;0.1111111111111111;268081;3738875.2440000004;0.19936315017768233;3600;0.0442863206971901
Goal_224;284341;980277.7772666668;0.16666666666666666;270128;3815331.0924000004;0.20410807571146422;3601;0.054703910334475254
Goal_225;284341;980277.7772666668;0.2222222222222222;268453;3638512.6533;0.22222035643926494;3600;0.004664441733256218
Goal_231;284341;1470416.6659000001;0.0;267640;3728672.645499999;0.19790397941541896;3600;0.04361349656173141
Goal_233;284341;1470416.6659000001;0.1111111111111111;268127;3745095.9154000003;0.19900233553619315;3600;0.04835786444784656
Goal_232;284341;1470416.6659000001;0.05555555555555555;265125;3608455.0044;0.20171382242559988;3600;0.059660410844807485
Goal_247;284341;1960555.5545333335;0.3333333333333333;260754;3184086.8010000004;0.29774228295000077;0;6.242057581337294E-14
Goal_248;284341;1960555.5545333335;0.38888888888888884;260754;3184086.8010000004;0.29774228295000077;0;6.38514199580921E-14
Goal_234;284341;1470416.6659000001;0.16666666666666666;268479;3760628.8186;0.19885596568365238;3600;0.05171714312810011
Goal_249;284341;1960555.5545333335;0.4444444444444444;260754;3184086.8010000004;0.29774228295000077;0;6.38514199580921E-14
Goal_250;284341;1960555.5545333335;0.5;260754;3184086.8010000004;0.29774228295000077;0;6.38514199580921E-14
Goal_235;284341;1470416.6659000001;0.2222222222222222;270373;3747021.6093000006;0.2222240898057868;3600;0.005390794534613299
Goal_246;284341;1960555.5545333335;0.2777777777777778;261394;3220191.9487000005;0.27777959431644306;5;0.0
Goal_241;284341;1960555.5545333335;0.0;267179;3706656.8917000005;0.1977988622415125;3600;0.04846062386734576
Goal_242;284341;1960555.5545333335;0.05555555555555555;268209;3748510.4701;0.19866447331476308;3600;0.04887890846388164
Goal_257;284341;2450694.4431666667;0.3333333333333333;260754;3184086.8010000004;0.29774228295000077;0;7.82480610585093E-14
Goal_258;284341;2450694.4431666667;0.38888888888888884;260754;3184086.8010000004;0.29774228295000077;0;8.534136970970561E-14
Goal_259;284341;2450694.4431666667;0.4444444444444444;260754;3184086.8010000004;0.29774228295000077;0;8.534136970970561E-14
Goal_260;284341;2450694.4431666667;0.5;260754;3184086.8010000004;0.29774228295000077;0;8.534136970970561E-14
Goal_256;284341;2450694.4431666667;0.2777777777777778;261394;3220191.9487000005;0.27777959431644356;16;0.0
Goal_243;284341;1960555.5545333335;0.1111111111111111;269252;3810368.4329999993;0.20232812326787084;3600;0.06773825406119362
Goal_244;284341;1960555.5545333335;0.16666666666666666;268078;3747137.8335000006;0.1983885609831214;3600;0.060787034668513845
Goal_245;284341;1960555.5545333335;0.2222222222222222;267401;3580348.7641000003;0.2222242973642119;3600;0.005751887857442739
Goal_252;284341;2450694.4431666667;0.05555555555555555;268157;3755843.1752;0.19811829912271578;3600;0.052473489278125715
Goal_253;284341;2450694.4431666667;0.1111111111111111;268349;3744888.2402;0.19994387668265493;3600;0.06328215545801608
Goal_251;284341;2450694.4431666667;0.0;268233;3750040.2606000006;0.19861969783338498;3600;0.04967962901829704
Goal_254;284341;2450694.4431666667;0.16666666666666666;268518;3760007.1493999995;0.19906577254124194;3600;0.06996425708378282
Goal_267;284341;2940833.3318000003;0.3333333333333333;260754;3184086.8010000004;0.29774228295000077;0;1.1889904095093863E-13
Goal_268;284341;2940833.3318000003;0.38888888888888884;260754;3184086.8010000004;0.29774228295000077;0;1.1656768720680257E-13
Goal_255;284341;2450694.4431666667;0.2222222222222222;266535;3532575.3043;0.22222416383598187;3600;0.008296759337638498
Goal_269;284341;2940833.3318000003;0.4444444444444444;260754;3184086.8010000004;0.29774228295000077;0;1.1656768720680257E-13
Goal_270;284341;2940833.3318000003;0.5;260754;3184086.8010000004;0.29774228295000077;0;1.1656768720680257E-13
Goal_266;284341;2940833.3318000003;0.2777777777777778;261394;3220191.9487000005;0.27777959431644306;21;3.892883513980744E-8
Goal_261;284341;2940833.3318000003;0.0;267167;3708709.135100001;0.19912823188325768;3600;0.05114971339720591
Goal_276;284341;3430972.220433334;0.2777777777777778;265128;3430990.9318000004;0.2777757112802545;0;1.5691791399342992E-8
Goal_277;284341;3430972.220433334;0.3333333333333333;265128;3430990.108600001;0.27932597297204365;0;0.0
Goal_278;284341;3430972.220433334;0.38888888888888884;265128;3430990.108600001;0.27932597297204365;0;0.0
Goal_279;284341;3430972.220433334;0.4444444444444444;265128;3430990.108600001;0.27932597297204365;0;0.0
Goal_280;284341;3430972.220433334;0.5;265128;3430990.108600001;0.27932597297204365;0;0.0
Goal_262;284341;2940833.3318000003;0.05555555555555555;267229;3723912.0457;0.19726008769133888;3600;0.043656178100633346
Goal_263;284341;2940833.3318000003;0.1111111111111111;267038;3717568.9623999987;0.19856515808138733;3600;0.0981373647611824
Goal_264;284341;2940833.3318000003;0.16666666666666666;268232;3748089.610699999;0.1989034166551666;3600;0.09173390472245979
Goal_265;284341;2940833.3318000003;0.2222222222222222;266549;3533144.8046000004;0.22222895277980217;3600;0.01004135222705141
Goal_285;284341;3921111.109066667;0.2222222222222222;271274;3921106.6373;0.20845415268512082;1;0.0
Goal_286;284341;3921111.109066667;0.2777777777777778;271274;3921100.9953;0.2519863721565629;0;0.0
Goal_287;284341;3921111.109066667;0.3333333333333333;271274;3921100.9953;0.2519863721565629;0;0.0
Goal_288;284341;3921111.109066667;0.38888888888888884;271274;3921093.352899999;0.2523716054735138;0;0.0
Goal_289;284341;3921111.109066667;0.4444444444444444;271274;3921093.352899999;0.2523716054735138;0;0.0
Goal_290;284341;3921111.109066667;0.5;271274;3921093.352899999;0.2523716054735138;0;0.0
Goal_271;284341;3430972.220433334;0.0;268399;3752333.5682;0.19940335383837157;3600;0.07104756958404439
Goal_272;284341;3430972.220433334;0.05555555555555555;268574;3761807.557600001;0.19924651332289528;3600;0.09552367013942521
Goal_274;284341;3430972.220433334;0.16666666666666666;268394;3761722.250799999;0.19889274030592244;3600;0.10222104159404442
Goal_273;284341;3430972.220433334;0.1111111111111111;268567;3761861.1787;0.19927259304577513;3600;0.08363520477148582
Goal_295;284341;4411249.9977;0.2222222222222222;271274;4276787.6507;0.21969476357536136;4;0.0
Goal_296;284341;4411249.9977;0.2777777777777778;271274;4135265.8646999993;0.2730306806862541;0;0.0
Goal_297;284341;4411249.9977;0.3333333333333333;271274;4135265.8646999993;0.2730306806862541;0;0.0
Goal_298;284341;4411249.9977;0.38888888888888884;271274;4124340.9278999995;0.2523716054735138;0;0.0
Goal_299;284341;4411249.9977;0.4444444444444444;271274;4124340.9278999995;0.2523716054735138;0;0.0
Goal_300;284341;4411249.9977;0.5;271274;4124340.9278999995;0.2523716054735138;0;0.0
Goal_275;284341;3430972.220433334;0.2222222222222222;269772;3712456.954700001;0.22220874004804614;3600;0.0126335170415542
Goal_281;284341;3921111.109066667;0.0;270791;3921110.6607999993;0.20114709276852744;3600;0.04461119478519603
Goal_282;284341;3921111.109066667;0.05555555555555555;271071;3921109.235400001;0.2022799595995433;3600;0.04855577923652056
Goal_283;284341;3921111.109066667;0.1111111111111111;270976;3921098.050300001;0.20188147507388277;3600;0.0553099389593219
Goal_284;284341;3921111.109066667;0.16666666666666666;270902;3921102.1178000015;0.20167020254788226;3600;0.08300999901291782
Goal_306;268315;0.0;0.2777777777777778;261394;3220192.0560000003;0.2777761527074951;7;5.285393350539118E-8
Goal_307;268315;0.0;0.3333333333333333;260754;3184086.8010000004;0.29774228295000077;0;0.0
Goal_308;268315;0.0;0.38888888888888884;260754;3184086.8010000004;0.29774228295000077;0;0.0
Goal_309;268315;0.0;0.4444444444444444;260754;3184086.8010000004;0.29774228295000077;0;0.0
Goal_310;268315;0.0;0.5;260754;3184086.8010000004;0.29774228295000077;0;0.0
Goal_291;284341;4411249.9977;0.0;271186;4001448.442499999;0.20207352995088085;3600;0.04238131664992047
Goal_292;284341;4411249.9977;0.05555555555555555;271083;4103035.2124;0.2017545832143411;3600;0.0441798986159094
Goal_293;284341;4411249.9977;0.1111111111111111;271093;4014367.339299999;0.2017400683378414;3600;0.04894205395325141
Goal_294;284341;4411249.9977;0.16666666666666666;271067;4170595.7731;0.20167848901424812;3600;0.07644358106148488
Goal_301;268315;0.0;0.0;267675;3706505.2050000015;0.20355833411763583;3600;0.05017466024518179
Goal_302;268315;0.0;0.05555555555555555;267861;3729965.8416000004;0.20020010512695605;3600;0.039039670689240066
Goal_316;268315;490138.8886333334;0.2777777777777778;261394;3220191.9487000005;0.27777959431644306;4;0.0
Goal_317;268315;490138.8886333334;0.3333333333333333;260754;3184086.8010000004;0.29774228295000077;0;3.11809657924809E-14
Goal_319;268315;490138.8886333334;0.4444444444444444;260754;3184086.8010000004;0.29774228295000077;0;3.0598144001967245E-14
Goal_318;268315;490138.8886333334;0.38888888888888884;260754;3184086.8010000004;0.29774228295000077;0;3.0598144001967245E-14
Goal_320;268315;490138.8886333334;0.5;260754;3184086.8010000004;0.29774228295000077;0;3.0598144001967245E-14
Goal_303;268315;0.0;0.1111111111111111;268314;3757175.4764000014;0.20461622624377004;3600;0.05948038814309076
Goal_304;268315;0.0;0.16666666666666666;261952;3444653.3465999993;0.19817575818486083;3600;0.05402800565512833
Goal_305;268315;0.0;0.2222222222222222;268315;3632268.8763;0.222226602904652;3600;0.0044607866452197695
Goal_311;268315;490138.8886333334;0.0;267469;3726418.655900001;0.1974493528697327;3600;0.04188387230108707
Goal_326;268315;980277.7772666668;0.2777777777777778;261394;3220192.0560000003;0.2777761527074951;3;2.6713742799588247E-8
Goal_327;268315;980277.7772666668;0.3333333333333333;260754;3184086.8010000004;0.29774228295000077;0;4.219007895839837E-14
Goal_328;268315;980277.7772666668;0.38888888888888884;260754;3184086.8010000004;0.29774228295000077;0;4.115261800040497E-14
Goal_329;268315;980277.7772666668;0.4444444444444444;260754;3184086.8010000004;0.29774228295000077;0;4.115261800040497E-14
Goal_330;268315;980277.7772666668;0.5;260754;3184086.8010000004;0.29774228295000077;0;4.063388752140827E-14
Goal_312;268315;490138.8886333334;0.05555555555555555;268116;3746514.820600001;0.1985324670412323;3600;0.043114357260290635
Goal_314;268315;490138.8886333334;0.16666666666666666;268130;3746489.9721999997;0.1985330355861557;3600;0.05151823243122636
Goal_315;268315;490138.8886333334;0.2222222222222222;268315;3631117.112400001;0.22224196448799557;3600;0.00468614717914181
Goal_313;268315;490138.8886333334;0.1111111111111111;267674;3706181.321599999;0.20407650422453805;3603;0.061415754548932625
Goal_321;268315;980277.7772666668;0.0;268308;3744324.9195000017;0.20051309816713148;3600;0.049111062236742505
Goal_322;268315;980277.7772666668;0.05555555555555555;267977;3731207.068099999;0.1993497853051829;3600;0.047636684505487414
Goal_337;268315;1470416.6659000001;0.3333333333333333;260754;3184086.8010000004;0.29774228295000077;0;6.441957919183729E-14
Goal_336;268315;1470416.6659000001;0.2777777777777778;261394;3220192.0560000003;0.2777761527074951;2;4.290157068463185E-9
Goal_338;268315;1470416.6659000001;0.38888888888888884;260754;3184086.8010000004;0.29774228295000077;0;6.505739680759805E-14
Goal_339;268315;1470416.6659000001;0.4444444444444444;260754;3184086.8010000004;0.29774228295000077;0;6.505739680759805E-14
Goal_340;268315;1470416.6659000001;0.5;260754;3184086.8010000004;0.29774228295000077;0;6.335654983223602E-14
Goal_324;268315;980277.7772666668;0.16666666666666666;268071;3752074.9736;0.19822554623509633;3600;0.06099885721134596
Goal_323;268315;980277.7772666668;0.1111111111111111;268093;3745268.164400001;0.19857435471980633;3600;0.04989521361386863
Goal_325;268315;980277.7772666668;0.2222222222222222;268291;3630303.1238;0.22222585296684083;3600;0.006375651958072404
Goal_331;268315;1470416.6659000001;0.0;268277;3750779.0419;0.19892956215064367;3600;0.05311683867573162
Goal_346;268315;1960555.5545333335;0.2777777777777778;261394;3220192.0560000003;0.2777761527074951;4;0.0
Goal_347;268315;1960555.5545333335;0.3333333333333333;260754;3184086.8010000004;0.29774228295000077;0;9.644764312680617E-14
Goal_348;268315;1960555.5545333335;0.38888888888888884;260754;3184086.8010000004;0.29774228295000077;0;9.755147881352212E-14
Goal_349;268315;1960555.5545333335;0.4444444444444444;260754;3184086.8010000004;0.29774228295000077;0;9.755147881352212E-14
Goal_350;268315;1960555.5545333335;0.5;260754;3184086.8010000004;0.29774228295000077;0;9.644764312680617E-14
Goal_332;268315;1470416.6659000001;0.05555555555555555;268039;3732416.315200001;0.20009740194322914;3600;0.05772305501340173
Goal_333;268315;1470416.6659000001;0.1111111111111111;267887;3730280.1108999997;0.19916321553556568;3600;0.06098344683490957
Goal_334;268315;1470416.6659000001;0.16666666666666666;267953;3737303.0423999988;0.19851669922185364;3600;0.07010069814600187
Goal_335;268315;1470416.6659000001;0.2222222222222222;266101;3508635.165;0.2222215092336534;3600;0.007708791106985898
Goal_341;268315;1960555.5545333335;0.0;268052;3746845.447599999;0.2013260787195394;3600;0.07333994623024033
Goal_342;268315;1960555.5545333335;0.05555555555555555;268287;3742051.9543;0.20209126918158754;3601;0.0727573417331632
Goal_357;268315;2450694.4431666667;0.3333333333333333;260754;3184086.8010000004;0.29774228295000077;0;1.5487929544897252E-13
Goal_358;268315;2450694.4431666667;0.38888888888888884;260754;3184086.8010000004;0.29774228295000077;0;1.5330691681497279E-13
Goal_359;268315;2450694.4431666667;0.4444444444444444;260754;3184086.8010000004;0.29774228295000077;0;1.5330691681497279E-13
Goal_360;268315;2450694.4431666667;0.5;260754;3184086.8010000004;0.29774228295000077;0;1.515379908517231E-13
Goal_356;268315;2450694.4431666667;0.2777777777777778;261394;3220191.9487000005;0.27777959431644306;7;0.0
Goal_344;268315;1960555.5545333335;0.16666666666666666;268297;3755060.5408;0.19883849222579064;3600;0.08809505456430254
Goal_345;268315;1960555.5545333335;0.2222222222222222;268301;3630151.9971000007;0.22222444184348555;3600;0.00907261580731639
Goal_343;268315;1960555.5545333335;0.1111111111111111;268094;3739090.1469;0.20023851779024407;3604;0.07646024362356224
Goal_351;268315;2450694.4431666667;0.0;268314;3749996.3312000004;0.19918568682047819;3601;0.0699453952136699
Goal_366;268315;2940833.3318000003;0.2777777777777778;261394;3220191.9487000005;0.27777959431644306;7;0.0
Goal_367;268315;2940833.3318000003;0.3333333333333333;260754;3184086.8010000004;0.29774228295000077;0;2.8276654295900303E-13
Goal_368;268315;2940833.3318000003;0.38888888888888884;260754;3184086.8010000004;0.29774228295000077;0;2.820835319856721E-13
Goal_369;268315;2940833.3318000003;0.4444444444444444;260754;3184086.8010000004;0.29774228295000077;0;2.820835319856721E-13
Goal_370;268315;2940833.3318000003;0.5;260754;3184086.8010000004;0.29774228295000077;0;2.790099826056829E-13
Goal_352;268315;2450694.4431666667;0.05555555555555555;268234;3744741.3789000004;0.19942164135065152;3600;0.07408489152567113
Goal_353;268315;2450694.4431666667;0.1111111111111111;266684;3674282.648100002;0.19813904926827075;3600;0.08367343535138055
Goal_355;268315;2450694.4431666667;0.2222222222222222;267790;3601711.6842000005;0.22222411895979766;3600;0.009281326838904003
Goal_354;268315;2450694.4431666667;0.16666666666666666;268239;3741927.2266;0.2001122122681345;3600;0.11805518521554363
Goal_361;268315;2940833.3318000003;0.0;268093;3749637.644500001;0.19879807108321468;3600;0.08618766925308964
Goal_376;268315;3430972.220433334;0.2777777777777778;265128;3430990.9318000004;0.2777757112802545;0;4.79193502665242E-16
Goal_362;268315;2940833.3318000003;0.05555555555555555;267873;3739001.9902999997;0.19866755711260353;3600;0.09064551432197304
Goal_377;268315;3430972.220433334;0.3333333333333333;265128;3430990.108600001;0.27932597297204365;0;0.0
Goal_378;268315;3430972.220433334;0.38888888888888884;265128;3430990.108600001;0.27932597297204365;0;0.0
Goal_379;268315;3430972.220433334;0.4444444444444444;265128;3430990.108600001;0.27932597297204365;0;0.0
Goal_380;268315;3430972.220433334;0.5;265128;3430990.108600001;0.27932597297204365;0;0.0
Goal_363;268315;2940833.3318000003;0.1111111111111111;266949;3684024.866699999;0.19873448990663736;3600;0.10498321334485987
Goal_364;268315;2940833.3318000003;0.16666666666666666;268319;3747859.2564000003;0.19940861583043681;3600;0.15069909515230873
Goal_365;268315;2940833.3318000003;0.2222222222222222;268236;3627340.7903000005;0.2222119102218305;3600;0.022135333180839715
Goal_385;268315;3921111.109066667;0.2222222222222222;268315;3893163.370099999;0.22221983974846543;14;0.0
Goal_386;268315;3921111.109066667;0.2777777777777778;269769;3917942.983699999;0.2717258932320267;3;0.0
Goal_387;268315;3921111.109066667;0.3333333333333333;268315;3921105.4177999995;0.3096505738166303;0;0.0
Goal_388;268315;3921111.109066667;0.38888888888888884;268315;3918301.668;0.31421027263561346;0;0.0
Goal_389;268315;3921111.109066667;0.4444444444444444;268315;3918301.668;0.31421027263561346;0;0.0
Goal_390;268315;3921111.109066667;0.5;268315;3918301.668;0.31421027263561346;0;0.0
Goal_371;268315;3430972.220433334;0.0;267248;3698057.4444999998;0.20109937103196238;3601;0.17995346732832548
Goal_372;268315;3430972.220433334;0.05555555555555555;268315;3747598.2479;0.2039367709257821;3600;0.16791274258193895
Goal_373;268315;3430972.220433334;0.1111111111111111;268314;3740024.4431;0.2018806028763123;3600;0.15792158033263395
Goal_374;268315;3430972.220433334;0.16666666666666666;267793;3727594.3590000006;0.1988000762397884;3600;0.25302106166428817
Goal_375;268315;3430972.220433334;0.2222222222222222;268293;3630693.493400001;0.2222239576872975;3600;0.0798336490075443
Goal_396;268315;4411249.9977;0.2777777777777778;268315;4210059.4697;0.27134103535290643;3;0.0
Goal_397;268315;4411249.9977;0.3333333333333333;268315;4234247.354699999;0.3280897866582306;0;0.0
Goal_398;268315;4411249.9977;0.38888888888888884;268315;4238150.266;0.3154255204353956;0;0.0
Goal_395;268315;4411249.9977;0.2222222222222222;268421;4145364.362099998;0.2172551350840671;8;0.0
Goal_400;268315;4411249.9977;0.5;268315;4238150.266;0.3154255204353956;0;0.0
Goal_399;268315;4411249.9977;0.4444444444444444;268315;4238150.266;0.3154255204353956;0;0.0
Goal_381;268315;3921111.109066667;0.0;268318;3897381.7597000003;0.19564885989518;3600;0.12008834745053301
Goal_383;268315;3921111.109066667;0.1111111111111111;268315;3918420.5764;0.19554992842674337;3600;0.14700464599327803
Goal_382;268315;3921111.109066667;0.05555555555555555;268323;3903116.3705000016;0.19560350804778298;3600;0.11333794140368249
Goal_384;268315;3921111.109066667;0.16666666666666666;268315;3912623.0971;0.19612763458788718;3600;0.43065454488488425
Goal_391;268315;4411249.9977;0.0;268296;3929913.959;0.19678814963298635;3600;0.08887230662998716
Goal_407;252289;0.0;0.3333333333333333;252289;2735954.3128;0.3301536695932839;0;0.0
Goal_408;252289;0.0;0.38888888888888884;252289;2735954.3128;0.3301536695932839;0;0.0
Goal_409;252289;0.0;0.4444444444444444;252289;2735954.3128;0.3301536695932839;0;0.0
Goal_410;252289;0.0;0.5;252289;2735954.3128;0.3301536695932839;0;0.0
Goal_392;268315;4411249.9977;0.05555555555555555;268319;3961276.9875999987;0.1957143502656494;3600;0.08565427636711517
Goal_393;268315;4411249.9977;0.1111111111111111;268288;4061810.520699999;0.20029207739060026;3600;0.2096255247709835
Goal_394;268315;4411249.9977;0.16666666666666666;268233;3899744.727700001;0.19720773374069617;3600;0.4483257740002721
Goal_401;252289;0.0;0.0;252289;2921775.6918999995;0.20294914993812876;3600;0.044940163235524126
Goal_402;252289;0.0;0.05555555555555555;252284;2917722.7413999997;0.20424668798470716;3600;0.04973641724143045
Goal_403;252289;0.0;0.1111111111111111;252289;2925995.8851;0.20158425979640915;3600;0.04699657091877082
Goal_404;252289;0.0;0.16666666666666666;252289;2903972.5280000004;0.2090514858794916;3600;0.0821740769908327
Goal_417;252289;490138.8886333334;0.3333333333333333;252289;2735954.3128;0.3301536695932839;0;4.648631337128018E-14
Goal_405;252289;0.0;0.2222222222222222;252289;2808345.4582000007;0.22222423787407874;3600;0.017537158273830667
Goal_419;252289;490138.8886333334;0.4444444444444444;252289;2735954.3128;0.3301536695932839;0;4.749688540109062E-14
Goal_418;252289;490138.8886333334;0.38888888888888884;252289;2735954.3128;0.3301536695932839;0;4.7901114213014796E-14
Goal_420;252289;490138.8886333334;0.5;252289;2735954.3128;0.3301536695932839;0;4.426305490569722E-14
Goal_406;252289;0.0;0.2777777777777778;252289;2741038.2751000007;0.27777745826429745;3600;7.40664618925119E-5
Goal_411;252289;490138.8886333334;0.0;252289;2925986.9289999995;0.2028988239502006;3600;0.05011326303104352
Goal_412;252289;490138.8886333334;0.05555555555555555;252278;2925256.2674000002;0.2024274408136081;3600;0.06042955777950936
Goal_416;252289;490138.8886333334;0.2777777777777778;252289;2741034.3688000003;0.27778095717224677;1607;0.0
Goal_427;252289;980277.7772666668;0.3333333333333333;252289;2735954.3128;0.3301536695932839;0;7.109834945191903E-14
Goal_428;252289;980277.7772666668;0.38888888888888884;252289;2735954.3128;0.3301536695932839;0;7.019346136798552E-14
Goal_429;252289;980277.7772666668;0.4444444444444444;252289;2735954.3128;0.3301536695932839;0;6.61860998534228E-14
Goal_430;252289;980277.7772666668;0.5;252289;2735954.3128;0.3301536695932839;0;6.192019888630766E-14
Goal_426;252289;980277.7772666668;0.2777777777777778;252289;2741034.5491000004;0.2777801712102208;2283;3.2826793948466695E-8
Goal_413;252289;490138.8886333334;0.1111111111111111;252289;2912504.9179000002;0.20267208406565201;3600;0.05412347139739811
Goal_414;252289;490138.8886333334;0.16666666666666666;252251;2950652.1366;0.20436788931888597;3600;0.09196267056163063
Goal_415;252289;490138.8886333334;0.2222222222222222;252289;2805823.2279;0.22229865353121517;3600;0.0174532503216316
Goal_421;252289;980277.7772666668;0.0;252289;2943946.3703999994;0.20065823478943418;3600;0.06298294571170374
Goal_422;252289;980277.7772666668;0.05555555555555555;252289;2902193.6536000003;0.2061697161811293;3600;0.07522266315814162
Goal_423;252289;980277.7772666668;0.1111111111111111;252289;2938058.314000001;0.2073284266075564;3601;0.09995149312873586
Goal_437;252289;1470416.6659000001;0.3333333333333333;252289;2735954.3128;0.3301536695932839;0;1.2912155914793622E-13
Goal_424;252289;980277.7772666668;0.16666666666666666;252289;2909098.4541;0.2032707107094052;3600;0.08904871395987174
Goal_439;252289;1470416.6659000001;0.4444444444444444;252289;2735954.3128;0.3301536695932839;0;1.0939465427811263E-13
Goal_438;252289;1470416.6659000001;0.38888888888888884;252289;2735954.3128;0.3301536695932839;0;1.2714886866095386E-13
Goal_440;252289;1470416.6659000001;0.5;252289;2735954.3128;0.3301536695932839;0;9.504781437278639E-14
Goal_425;252289;980277.7772666668;0.2222222222222222;252289;2800402.7027000003;0.22222298371864965;3600;0.01839632251151894
Goal_431;252289;1470416.6659000001;0.0;252289;2913234.0531;0.2036128177778174;3600;0.07295952482755705
Goal_432;252289;1470416.6659000001;0.05555555555555555;252292;2890684.8183999998;0.20747104191325333;3600;0.08907780403897667
Goal_433;252289;1470416.6659000001;0.1111111111111111;252289;2926673.9598000003;0.2032503486201205;3600;0.0934313194740244
Goal_447;252289;1960555.5545333335;0.3333333333333333;252289;2735954.3128;0.3301536695932839;0;2.3898597886854356E-13
Goal_448;252289;1960555.5545333335;0.38888888888888884;252289;2735954.3128;0.3301536695932839;0;2.3049780570603557E-13
Goal_449;252289;1960555.5545333335;0.4444444444444444;252289;2735954.3128;0.3301536695932839;0;2.1483858969933983E-13
Goal_450;252289;1960555.5545333335;0.5;252289;2735954.3128;0.3301536695932839;0;1.7517833233658705E-13
Goal_434;252289;1470416.6659000001;0.16666666666666666;252289;2926301.7221999997;0.20193065506722435;3600;0.09643373060464251
Goal_435;252289;1470416.6659000001;0.2222222222222222;252289;2805809.1531999996;0.2222241811058645;3600;0.03247664001781251
Goal_436;252289;1470416.6659000001;0.2777777777777778;252289;2741085.8736000005;0.27777029258440467;3600;5.380524017619434E-4
Goal_441;252289;1960555.5545333335;0.0;252289;2909714.2627000003;0.20373086885366698;3600;0.09940823814374301
Goal_443;252289;1960555.5545333335;0.1111111111111111;252289;2913329.5107;0.20318432796868477;3600;0.10605934987233334
Goal_442;252289;1960555.5545333335;0.05555555555555555;252290;2897051.3913999996;0.20826669341281065;3601;0.12415652611580967
Goal_457;252289;2450694.4431666667;0.3333333333333333;252289;2735954.3128;0.3301536695932839;0;7.572225525124904E-13
Goal_458;252289;2450694.4431666667;0.38888888888888884;252289;2735954.3128;0.3301536695932839;0;6.899934422552742E-13
Goal_459;252289;2450694.4431666667;0.4444444444444444;252289;2735954.3128;0.3301536695932839;0;6.848219722354884E-13
Goal_460;252289;2450694.4431666667;0.5;252289;2735954.3128;0.3301536695932839;0;6.052608950080137E-13
Goal_444;252289;1960555.5545333335;0.16666666666666666;252289;2900506.6031999993;0.20824730773132552;3600;0.18543256427244534
Goal_446;252289;1960555.5545333335;0.2777777777777778;252289;2741034.7683;0.27777900434880437;1524;0.0
Goal_445;252289;1960555.5545333335;0.2222222222222222;252273;2801811.9760000007;0.2221895507154098;3600;0.045511428536794477
Goal_451;252289;2450694.4431666667;0.0;252275;2904036.558;0.20617933960882076;3600;0.13549251174770655
Goal_452;252289;2450694.4431666667;0.05555555555555555;252289;2914674.5245000003;0.20879077609105204;3600;0.1961913382634619
Goal_466;252289;2940833.3318000003;0.2777777777777778;255183;2936838.0875;0.27777948522539964;3;0.0
Goal_453;252289;2450694.4431666667;0.1111111111111111;252241;2890894.0733999996;0.2106708491105906;3600;0.19934804609541298
Goal_467;252289;2940833.3318000003;0.3333333333333333;252938;2940332.5527000003;0.328728508505716;3;0.0
Goal_469;252289;2940833.3318000003;0.4444444444444444;252289;2936633.0254;0.39077200457363037;0;0.0
Goal_468;252289;2940833.3318000003;0.38888888888888884;252289;2933172.4399999995;0.388366446733024;1;0.0
Goal_470;252289;2940833.3318000003;0.5;252289;2936633.0254;0.39077200457363037;0;0.0
Goal_454;252289;2450694.4431666667;0.16666666666666666;252288;2896279.9821000006;0.20458896028961648;3601;0.3164089773001732
Goal_455;252289;2450694.4431666667;0.2222222222222222;252289;2797595.8816;0.2222307257770072;3600;0.10018337927814679
Goal_456;252289;2450694.4431666667;0.2777777777777778;252289;2741084.6522000004;0.27777925637768286;3600;0.0026918339126664535
Goal_461;252289;2940833.3318000003;0.0;252289;2940833.7604;0.20172450395190789;3600;0.15798622322263736
Goal_476;252289;3430972.220433334;0.2777777777777778;254617;3430963.3305;0.2751065623378979;23;0.0
Goal_462;252289;2940833.3318000003;0.05555555555555555;252287;2941481.896599999;0.20145649956997583;3600;0.15897165704303537
Goal_477;252289;3430972.220433334;0.3333333333333333;252296;3195099.4237;0.32027540059651344;8;0.0
Goal_479;252289;3430972.220433334;0.4444444444444444;252289;3404544.5301;0.42022383326446744;0;0.0
Goal_480;252289;3430972.220433334;0.5;252289;3404544.5301;0.42022383326446744;0;0.0
Goal_478;252289;3430972.220433334;0.38888888888888884;252289;3359730.5874;0.3886010865094844;15;0.0
Goal_475;252289;3430972.220433334;0.2222222222222222;253850;3336661.1212999993;0.22217076449942702;91;0.0
Goal_463;252289;2940833.3318000003;0.1111111111111111;252321;2940965.1686999993;0.20138348446373847;3600;0.19317032703704376
Goal_465;252289;2940833.3318000003;0.2222222222222222;252297;2940829.9831999987;0.22207546180261215;848;0.0
Goal_485;252289;3921111.109066667;0.2222222222222222;253605;3502158.244600001;0.22220957447076312;31;0.0
Goal_486;252289;3921111.109066667;0.2777777777777778;258351;3741489.0038999994;0.2776015046611504;16;0.0
Goal_487;252289;3921111.109066667;0.3333333333333333;255532;3569266.6144999997;0.3117505732167646;12;0.0
Goal_488;252289;3921111.109066667;0.38888888888888884;252289;3540654.7982000005;0.36655814841499934;0;0.0
Goal_489;252289;3921111.109066667;0.4444444444444444;252289;3614921.8509;0.41262062524109244;0;0.0
Goal_490;252289;3921111.109066667;0.5;252289;3614921.8509;0.41262062524109244;0;0.0
Goal_464;252289;2940833.3318000003;0.16666666666666666;252289;2963983.1874000006;0.1999555329519532;3600;0.47159693882457804
Goal_471;252289;3430972.220433334;0.0;258272;3430970.9145999993;0.20561407232883638;3600;0.21788742808873643
Goal_472;252289;3430972.220433334;0.05555555555555555;259371;3431766.717100001;0.20232156244923072;3600;0.20595729578299438
Goal_474;252289;3430972.220433334;0.16666666666666666;258443;3430963.517900001;0.19410302486045075;3600;0.49494601350150674
Goal_473;252289;3430972.220433334;0.1111111111111111;258716;3420307.1947999992;0.2035439808777675;3606;0.28440172493609256
Goal_496;252289;4411249.9977;0.2777777777777778;252471;3430727.8853999996;0.27551872384912496;13;0.0
Goal_495;252289;4411249.9977;0.2222222222222222;260565;3813349.385100001;0.2220453712709304;23;0.0
Goal_498;252289;4411249.9977;0.38888888888888884;252289;3540654.7982000005;0.36655814841499934;0;0.0
Goal_499;252289;4411249.9977;0.4444444444444444;252289;3614921.8509;0.41262062524109244;0;0.0
Goal_500;252289;4411249.9977;0.5;252289;3614921.8509;0.41262062524109244;0;0.0
Goal_497;252289;4411249.9977;0.3333333333333333;252351;3500071.171100001;0.3333322637287171;18;0.0
Goal_481;252289;3921111.109066667;0.0;261439;3668475.5440999996;0.1962074746247775;3602;0.1676406490557955
Goal_482;252289;3921111.109066667;0.05555555555555555;266874;3921107.0874;0.20162644709044206;3605;0.22004199619268472
Goal_483;252289;3921111.109066667;0.1111111111111111;261047;3629232.0512999985;0.1950789912726125;3600;0.2189471294134833
Goal_484;252289;3921111.109066667;0.16666666666666666;259995;3637875.9797;0.19320787238820894;3600;0.41788003679594643
Goal_491;252289;4411249.9977;0.0;263929;3878346.0515000015;0.19434066136246553;3600;0.1280920937656133
Goal_492;252289;4411249.9977;0.05555555555555555;268164;4029860.8399000014;0.19758785805850138;3600;0.1808267032894824
Goal_508;236262;0.0;0.38888888888888884;236262;1933945.698899999;0.35965584671462886;0;0.0
Goal_509;236262;0.0;0.4444444444444444;236262;1933945.698899999;0.35965584671462886;0;0.0
Goal_510;236262;0.0;0.5;236262;1933945.698899999;0.35965584671462886;0;0.0
Goal_493;252289;4411249.9977;0.1111111111111111;267039;3933921.6544999992;0.19678088705956845;3600;0.23149202609045472
Goal_494;252289;4411249.9977;0.16666666666666666;260907;3694298.133799999;0.19681109790961926;3600;0.6146760251411348
Goal_501;236262;0.0;0.0;236262;2135235.0331;0.2167562804361886;3600;0.08225164462297077
Goal_502;236262;0.0;0.05555555555555555;236262;2127977.6313;0.21880042790984658;3601;0.09062897094148023
Goal_503;236262;0.0;0.1111111111111111;236262;2126386.331599999;0.219588955961022;3600;0.10137672017958953
Goal_504;236262;0.0;0.16666666666666666;236262;2173426.5566;0.21084697460750004;3603;0.10807784467902133
Goal_505;236262;0.0;0.2222222222222222;236245;2058485.1784999995;0.22629763682434478;3600;0.06715249283060264
Goal_518;236262;490138.8886333334;0.38888888888888884;236262;1933945.698899999;0.35965584671462886;0;3.1438530912047977E-16
Goal_519;236262;490138.8886333334;0.4444444444444444;236262;1933945.698899999;0.35965584671462886;0;3.1438530912047977E-16
Goal_520;236262;490138.8886333334;0.5;236262;1933945.698899999;0.35965584671462886;0;3.1438530912047977E-16
Goal_506;236262;0.0;0.2777777777777778;236262;1963796.7844;0.2777855095688553;3600;0.009050710184328167
Goal_507;236262;0.0;0.3333333333333333;236262;1937135.367199999;0.3333333577575759;3600;4.251433307073899E-4
Goal_511;236262;490138.8886333334;0.0;236262;2135651.8427000004;0.2161417778606895;3600;0.09483540028631476
Goal_512;236262;490138.8886333334;0.05555555555555555;236268;2148044.8276000004;0.21485737382008732;3600;0.09346510483290356
Goal_513;236262;490138.8886333334;0.1111111111111111;236262;2175761.7421;0.20874950450000487;3600;0.0852747672629114
Goal_514;236262;490138.8886333334;0.16666666666666666;236428;2149459.19;0.2143080932131535;3604;0.12762914574319661
Goal_515;236262;490138.8886333334;0.2222222222222222;236262;2116597.9518000004;0.22347233616733186;3600;0.09384310917789943
Goal_528;236262;980277.7772666668;0.38888888888888884;236262;1933945.698899999;0.35965584671462886;0;1.1518330112016846E-13
Goal_529;236262;980277.7772666668;0.4444444444444444;236262;1933945.698899999;0.35965584671462886;0;8.829133205698863E-14
Goal_530;236262;980277.7772666668;0.5;236262;1933945.698899999;0.35965584671462886;0;8.103288023020116E-14
Goal_516;236262;490138.8886333334;0.2777777777777778;236262;1958254.6090999993;0.27777925131908726;3600;0.004358101120963407
Goal_517;236262;490138.8886333334;0.3333333333333333;236262;1937169.1647999994;0.3333342840916292;3600;8.079791949760965E-4
Goal_521;236262;980277.7772666668;0.0;236262;2184415.3525;0.20752336554692996;3602;0.0844589622453286
Goal_522;236262;980277.7772666668;0.05555555555555555;236262;2194567.1753000002;0.20981887071730568;3600;0.10341148429863911
Goal_523;236262;980277.7772666668;0.1111111111111111;236262;2183592.0865999996;0.20856270889164577;3600;0.10412139690150993
Goal_524;236262;980277.7772666668;0.16666666666666666;236236;2152632.6745;0.21187641087240708;3600;0.1477750815201111
Goal_525;236262;980277.7772666668;0.2222222222222222;236012;2087010.2019999996;0.222226909318429;3600;0.10179341900916529
Goal_526;236262;980277.7772666668;0.2777777777777778;236262;1959177.0023999996;0.27778077608499246;3600;0.009315400230044504
Goal_538;236262;1470416.6659000001;0.38888888888888884;236262;1933945.698899999;0.35965584671462886;0;3.151966803734561E-13
Goal_539;236262;1470416.6659000001;0.4444444444444444;236262;1933945.698899999;0.35965584671462886;0;2.0858063819664824E-13
Goal_540;236262;1470416.6659000001;0.5;236262;1933945.698899999;0.35965584671462886;0;1.8838356935718406E-13
Goal_527;236262;980277.7772666668;0.3333333333333333;236262;1937163.0568999995;0.33333247299648405;3600;0.0013622729723003415
Goal_531;236262;1470416.6659000001;0.0;236262;2131708.4772999994;0.21585348415105468;3600;0.13048528726263264
Goal_532;236262;1470416.6659000001;0.05555555555555555;236262;2178441.1925;0.2086445100439961;3600;0.11160015811528769
Goal_533;236262;1470416.6659000001;0.1111111111111111;236262;2189090.6946000005;0.208696856757116;3601;0.13320259486267652
Goal_534;236262;1470416.6659000001;0.16666666666666666;236262;2161680.339899999;0.21192171060867962;3600;0.2090408076725387
Goal_547;236262;1960555.5545333335;0.3333333333333333;236262;1960553.9760999996;0.3318698642275238;36;0.0
Goal_548;236262;1960555.5545333335;0.38888888888888884;236262;1960553.1895999997;0.3702888237576246;0;0.0
Goal_549;236262;1960555.5545333335;0.4444444444444444;236262;1960553.1895999997;0.3702888237576246;0;0.0
Goal_550;236262;1960555.5545333335;0.5;236262;1960553.1895999997;0.3702888237576246;0;0.0
Goal_535;236262;1470416.6659000001;0.2222222222222222;236262;2102750.965399999;0.2224360092916625;3600;0.19341390910643183
Goal_536;236262;1470416.6659000001;0.2777777777777778;236262;1958335.8099;0.2777777948989815;3600;0.01960832247331234
Goal_537;236262;1470416.6659000001;0.3333333333333333;236262;1937138.6226999997;0.33333473640191896;3600;0.0017230828784430125
Goal_542;236262;1960555.5545333335;0.05555555555555555;236262;2162319.3899999987;0.2090996134544202;3600;0.1599826928966489
Goal_541;236262;1960555.5545333335;0.0;236262;2146677.7245999994;0.21542875915178714;3601;0.18749506989874082
Goal_556;236262;2450694.4431666667;0.2777777777777778;237913;2450693.8629;0.27777820470474346;38;0.0
Goal_557;236262;2450694.4431666667;0.3333333333333333;246477;2450693.037;0.327956793934117;9;0.0
Goal_543;236262;1960555.5545333335;0.1111111111111111;236262;2162305.104;0.21509413523026658;3600;0.22494993968177907
Goal_558;236262;2450694.4431666667;0.38888888888888884;237441;2431309.4163;0.3880718376357974;15;0.0
Goal_560;236262;2450694.4431666667;0.5;236262;2450691.6753000002;0.45171196437363076;0;0.0
Goal_559;236262;2450694.4431666667;0.4444444444444444;236262;2399737.2816999997;0.4444415783307557;2;0.0
Goal_544;236262;1960555.5545333335;0.16666666666666666;236262;2133813.8615;0.2170068072939149;3603;0.4518447468487505
Goal_545;236262;1960555.5545333335;0.2222222222222222;236263;2098217.4476;0.2235995964113203;3600;0.8455522220755816
Goal_546;236262;1960555.5545333335;0.2777777777777778;236265;1969991.123;0.2777710838969651;3600;1.0
Goal_551;236262;2450694.4431666667;0.0;239556;2450655.4990000003;0.20257489103829615;3600;0.1306811248775505
Goal_566;236262;2940833.3318000003;0.2777777777777778;246248;2931080.089600001;0.2777063433348366;33;0.0
Goal_567;236262;2940833.3318000003;0.3333333333333333;236914;2518843.2235000003;0.33140077848006877;9;0.0
Goal_568;236262;2940833.3318000003;0.38888888888888884;244170;2883255.0364999995;0.3877539707539873;3;0.0
Goal_569;236262;2940833.3318000003;0.4444444444444444;237010;2912245.0952999997;0.4444409263970088;1;0.0
Goal_570;236262;2940833.3318000003;0.5;236262;2577655.5751000005;0.45651915390540876;0;0.0
Goal_552;236262;2450694.4431666667;0.05555555555555555;241233;2453594.1423;0.21132800812089278;3604;0.21919493658770642
Goal_565;236262;2940833.3318000003;0.2222222222222222;239456;2720599.024200001;0.22197771123717858;636;0.0
Goal_553;236262;2450694.4431666667;0.1111111111111111;239732;2450653.9269999997;0.20317352127005373;3600;0.19548036367364074
Goal_554;236262;2450694.4431666667;0.16666666666666666;240579;2462485.3389000003;0.20583792736248366;3600;0.4788632555068098
Goal_555;236262;2450694.4431666667;0.2222222222222222;236959;2427342.4776999997;0.22221081779828425;1662;0.0
Goal_576;236262;3430972.220433334;0.2777777777777778;245888;2902758.7257000008;0.2770534387678219;15;0.0
Goal_577;236262;3430972.220433334;0.3333333333333333;247364;3376231.4436;0.32996684791604747;20;0.0
Goal_578;236262;3430972.220433334;0.38888888888888884;236582;2718949.6783999996;0.38527118463437254;1;0.0
Goal_579;236262;3430972.220433334;0.4444444444444444;236266;2755689.7317;0.4444445144733298;3;0.0
Goal_580;236262;3430972.220433334;0.5;236262;2577655.5751000005;0.45651915390540876;0;0.0
Goal_575;236262;3430972.220433334;0.2222222222222222;256950;3430966.2866;0.2222228017169026;258;0.0
Goal_562;236262;2940833.3318000003;0.05555555555555555;249703;2940328.589;0.20109848822984824;3600;0.16140637064755517
Goal_561;236262;2940833.3318000003;0.0;249729;2940173.4306;0.2072232157599261;3601;0.199864606359686
Goal_563;236262;2940833.3318000003;0.1111111111111111;250319;2940663.6456999993;0.2020786177521047;3600;0.22893546233250897
Goal_564;236262;2940833.3318000003;0.16666666666666666;249270;2941425.3765;0.20103550113035643;3600;0.482046657068943
Goal_585;236262;3921111.109066667;0.2222222222222222;245463;2927042.5469000014;0.22221357062166255;41;0.0
Goal_587;236262;3921111.109066667;0.3333333333333333;241401;3012601.3536;0.33333301979706337;19;0.0
Goal_588;236262;3921111.109066667;0.38888888888888884;241884;2963042.442999999;0.3886853231901821;1;0.0
Goal_589;236262;3921111.109066667;0.4444444444444444;236272;2724640.1339000007;0.44423966427540784;1;0.0
Goal_590;236262;3921111.109066667;0.5;236262;2577655.5751000005;0.45651915390540876;0;0.0
Goal_571;236262;3430972.220433334;0.0;257880;3430959.311500001;0.1935840193546851;3600;0.11632467670532122
Goal_572;236262;3430972.220433334;0.05555555555555555;258668;3435039.3312999993;0.2016693721507167;3600;0.20441533852996036
Goal_586;236262;3921111.109066667;0.2777777777777778;258109;3794949.706000001;0.27777321348538464;393;0.0
Goal_573;236262;3430972.220433334;0.1111111111111111;258972;3433137.5113;0.19894614938954167;3600;0.24098886041685652
Goal_574;236262;3430972.220433334;0.16666666666666666;256995;3431201.1858999995;0.195482488693417;3600;0.2717763630381116
Goal_596;236262;4411249.9977;0.2777777777777778;255301;3720184.4577;0.2777779723494784;35;0.0
Goal_597;236262;4411249.9977;0.3333333333333333;252391;3517773.6086000004;0.33331859953027576;14;0.0
Goal_598;236262;4411249.9977;0.38888888888888884;241884;2963042.442999999;0.3886853231901821;1;0.0
Goal_599;236262;4411249.9977;0.4444444444444444;236272;2724640.1339000007;0.44423966427540784;1;0.0
Goal_600;236262;4411249.9977;0.5;236262;2577655.5751000005;0.45651915390540876;0;0.0
Goal_595;236262;4411249.9977;0.2222222222222222;241687;2884879.4248000006;0.22221560472481272;537;0.0
Goal_581;236262;3921111.109066667;0.0;269067;3921101.491299999;0.19985522550738782;3607;0.1785140815950243
Goal_582;236262;3921111.109066667;0.05555555555555555;263878;3767574.6742;0.1997203033911584;3601;0.19332848941003905
Goal_583;236262;3921111.109066667;0.1111111111111111;261797;3644140.8597999993;0.19353792744034193;3600;0.20123708566690507
Goal_584;236262;3921111.109066667;0.16666666666666666;262815;3707572.9154999987;0.1954451649234942;3600;0.5134446024381905
Goal_591;236262;4411249.9977;0.0;261727;3637752.9985999996;0.19770504442301248;3600;0.16742996813707806
Goal_592;236262;4411249.9977;0.05555555555555555;260239;3694399.561699998;0.1934632976122712;3600;0.11326809253852174
Goal_593;236262;4411249.9977;0.1111111111111111;261966;3731252.8285000008;0.19474794003643187;3600;0.20892798336868537
Goal_609;220236;0.0;0.4444444444444444;220236;1216117.187;0.41971281202931715;0;0.0
Goal_610;220236;0.0;0.5;220236;1216117.187;0.41971281202931715;0;0.0
Goal_594;236262;4411249.9977;0.16666666666666666;262301;3836373.8244;0.1963746576371028;3600;0.5599148439426737
Goal_601;220236;0.0;0.0;220236;1502969.9067;0.2256173189911291;3600;0.11009800504235476
Goal_602;220236;0.0;0.05555555555555555;220236;1530468.0182;0.22137157504552685;3600;0.10294113760959273
Goal_603;220236;0.0;0.1111111111111111;220260;1489133.4389;0.23134701638875327;3605;0.14985621694390286
Goal_604;220236;0.0;0.16666666666666666;220236;1485523.5312;0.2318943899316135;3607;0.18819673379523105
Goal_605;220236;0.0;0.2222222222222222;220232;1460666.1827000007;0.23589837255676874;3600;0.19307565533247498
Goal_606;220236;0.0;0.2777777777777778;220236;1348089.0088;0.27780689474018616;3604;0.061654566044837864
Goal_607;220236;0.0;0.3333333333333333;220235;1256965.2742;0.33333041685087544;3600;0.01409779021943064
Goal_619;220236;490138.8886333334;0.4444444444444444;220236;1216117.187;0.41971281202931715;0;7.596682386006007E-14
Goal_620;220236;490138.8886333334;0.5;220236;1216117.187;0.41971281202931715;0;5.4239686994734244E-14
Goal_608;220236;0.0;0.38888888888888884;220236;1221756.4313000003;0.3888895939891645;3600;7.814573937676779E-4
Goal_611;220236;490138.8886333334;0.0;220319;1508089.9930000002;0.2243125343159006;3600;0.11974151147395015
Goal_612;220236;490138.8886333334;0.05555555555555555;220381;1525268.8306999996;0.2244243614669588;3600;0.1300159105588823
Goal_613;220236;490138.8886333334;0.1111111111111111;220411;1507276.0868999995;0.2276195677832208;3600;0.15863003485391083
Goal_614;220236;490138.8886333334;0.16666666666666666;220447;1512023.6902999997;0.22623617273619984;3600;0.21999125738657666
Goal_615;220236;490138.8886333334;0.2222222222222222;220236;1515240.9459999998;0.22830147776465634;3600;0.22764277019559886
Goal_616;220236;490138.8886333334;0.2777777777777778;220056;1399125.9429000001;0.27778047087036234;3600;0.1533878770924905
Goal_617;220236;490138.8886333334;0.3333333333333333;220236;1258595.6488000003;0.33333868018721496;3600;0.028983613399450412
Goal_629;220236;980277.7772666668;0.4444444444444444;220236;1216117.187;0.41971281202931715;0;2.82203876818951E-13
Goal_630;220236;980277.7772666668;0.5;220236;1216117.187;0.41971281202931715;0;2.427482623276399E-13
Goal_618;220236;490138.8886333334;0.38888888888888884;220236;1221756.1094;0.3888901268447561;3600;0.001745183389628094
Goal_621;220236;980277.7772666668;0.0;220260;1500577.6409999998;0.2305114989261061;3600;0.18287424400215038
Goal_622;220236;980277.7772666668;0.05555555555555555;220293;1525993.8793000001;0.22094122075401246;3602;0.13708274853016428
Goal_623;220236;980277.7772666668;0.1111111111111111;220234;1495921.5102999997;0.23138316754975177;3600;0.2189121238255739
Goal_624;220236;980277.7772666668;0.16666666666666666;220289;1482088.7909000004;0.23266492360337274;3600;0.3211358917934018
Goal_636;220236;1470416.6659000001;0.2777777777777778;220595;1459552.2068000003;0.2777682626989578;24;0.0
Goal_637;220236;1470416.6659000001;0.3333333333333333;220367;1455264.392;0.33333233404478974;23;0.0
Goal_638;220236;1470416.6659000001;0.38888888888888884;220236;1470410.3003999996;0.38872082504558253;61;0.0
Goal_639;220236;1470416.6659000001;0.4444444444444444;220236;1428687.5797999997;0.4444430097501121;0;0.0
Goal_640;220236;1470416.6659000001;0.5;220236;1466605.3354000002;0.4491044376517431;0;0.0
Goal_625;220236;980277.7772666668;0.2222222222222222;220237;1511004.4220999996;0.2319641434139191;3600;0.38578567029519106
Goal_626;220236;980277.7772666668;0.2777777777777778;220236;1332935.4013999999;0.2777784429119005;3600;0.18122092640415632
Goal_627;220236;980277.7772666668;0.3333333333333333;220236;1257727.9221999994;0.333334619360362;3600;0.072780393657401
Goal_628;220236;980277.7772666668;0.38888888888888884;220236;1221755.8494000002;0.3888893565730321;3600;0.006712797617232086
Goal_645;220236;1960555.5545333335;0.2222222222222222;229279;1932244.6163999997;0.22187972276412696;140;0.0
Goal_646;220236;1960555.5545333335;0.2777777777777778;220613;1688262.2655000002;0.27716415182701304;24;0.0
Goal_647;220236;1960555.5545333335;0.3333333333333333;221734;1960535.8156;0.33332891252639035;2;0.0
Goal_648;220236;1960555.5545333335;0.38888888888888884;222941;1928338.7165000008;0.383922032662716;2;0.0
Goal_649;220236;1960555.5545333335;0.4444444444444444;222126;1837331.6528999999;0.44444348798792815;1;0.0
Goal_650;220236;1960555.5545333335;0.5;220236;1960540.5439999998;0.473656040311323;0;0.0
Goal_631;220236;1470416.6659000001;0.0;220244;1541003.6338999998;0.2202779038333431;3600;0.16883344077600193
Goal_632;220236;1470416.6659000001;0.05555555555555555;221002;1554752.478;0.22807201627844564;3600;0.2441854728107244
Goal_633;220236;1470416.6659000001;0.1111111111111111;220236;1519798.3027999992;0.22604468165644823;3600;0.253223182812771
Goal_634;220236;1470416.6659000001;0.16666666666666666;220517;1528162.4507;0.22535549413141925;3600;0.4413496996646961
Goal_635;220236;1470416.6659000001;0.2222222222222222;220257;1521849.9797999999;0.22576512356242123;3600;1.0
Goal_656;220236;2450694.4431666667;0.2777777777777778;232435;2299703.1682;0.27739534951712697;57;0.0
Goal_657;220236;2450694.4431666667;0.3333333333333333;222961;2095998.9957999997;0.3329110233125618;28;0.0
Goal_658;220236;2450694.4431666667;0.38888888888888884;228707;2404317.697400001;0.38832619392592627;12;0.0
Goal_659;220236;2450694.4431666667;0.4444444444444444;222968;2307374.9775;0.44429377180790935;1;0.0
Goal_660;220236;2450694.4431666667;0.5;220236;2167431.1274;0.4865980209832265;0;0.0
Goal_641;220236;1960555.5545333335;0.0;231094;1962708.8507999997;0.2174289094534507;3600;0.1974379439339674
Goal_642;220236;1960555.5545333335;0.05555555555555555;230559;1961730.2495000002;0.22042718851241797;3600;0.23318081616430808
Goal_643;220236;1960555.5545333335;0.1111111111111111;230308;1960319.378300001;0.2096283990258706;3600;0.19320136649649577
Goal_644;220236;1960555.5545333335;0.16666666666666666;229745;1960373.9552000004;0.20986498267744985;3600;0.38238974058452363
Goal_651;220236;2450694.4431666667;0.0;239558;2450578.0306999995;0.2045579876188208;3600;0.1473603233400167
Goal_666;220236;2940833.3318000003;0.2777777777777778;225125;2101159.813;0.27777561282186125;32;0.0
Goal_667;220236;2940833.3318000003;0.3333333333333333;243023;2924868.822800001;0.3333320026632307;19;0.0
Goal_668;220236;2940833.3318000003;0.38888888888888884;230898;2518828.3493000004;0.38601305331246416;22;0.0
Goal_669;220236;2940833.3318000003;0.4444444444444444;222071;2271752.3027;0.4441007630517551;1;0.0
Goal_670;220236;2940833.3318000003;0.5;220236;2167431.1274;0.4865980209832265;0;0.0
Goal_665;220236;2940833.3318000003;0.2222222222222222;233131;2406366.9046;0.22220913248608784;1522;0.0
Goal_652;220236;2450694.4431666667;0.05555555555555555;239832;2450389.8093000003;0.20279080446373138;3600;0.14207475489509172
Goal_653;220236;2450694.4431666667;0.1111111111111111;240202;2450695.288399999;0.20589274709524677;3600;0.21562244021394097
Goal_654;220236;2450694.4431666667;0.16666666666666666;240391;2450697.2880000016;0.20483478336751046;3600;0.4191385519494435
Goal_655;220236;2450694.4431666667;0.2222222222222222;238941;2450693.3151;0.22433922708226725;3600;1.0
Goal_676;220236;3430972.220433334;0.2777777777777778;242845;3162198.5265999995;0.27777515357867055;15;0.0
Goal_677;220236;3430972.220433334;0.3333333333333333;235954;2604580.9085;0.3329743686418166;7;0.0
Goal_678;220236;3430972.220433334;0.38888888888888884;234686;2689828.052299999;0.37427183804523084;15;0.0
Goal_679;220236;3430972.220433334;0.4444444444444444;222968;2331630.6707;0.44429377180790935;1;0.0
Goal_680;220236;3430972.220433334;0.5;220236;2167431.1274;0.4865980209832265;0;0.0
Goal_675;220236;3430972.220433334;0.2222222222222222;253441;3406022.0646000006;0.22082289748659983;138;0.0
Goal_661;220236;2940833.3318000003;0.0;250014;2940842.5628;0.20858924035781148;3600;0.21226817954213206
Goal_662;220236;2940833.3318000003;0.05555555555555555;249437;2939011.2231999994;0.20524311090851335;3600;0.20053521567852767
Goal_663;220236;2940833.3318000003;0.1111111111111111;250064;2940831.2147000004;0.201702138438872;3600;0.22345319007759437
Goal_685;220236;3921111.109066667;0.2222222222222222;245171;2908238.3777999994;0.22216151290535915;142;0.0
Goal_686;220236;3921111.109066667;0.2777777777777778;231263;2535375.0948;0.2777770753688623;29;0.0
Goal_687;220236;3921111.109066667;0.3333333333333333;236512;2641276.3643000005;0.3307820079715707;6;0.0
Goal_688;220236;3921111.109066667;0.38888888888888884;228763;2648721.6193;0.3885514999000975;2;0.0
Goal_689;220236;3921111.109066667;0.4444444444444444;222968;2331630.6707;0.44429377180790935;1;0.0
Goal_690;220236;3921111.109066667;0.5;220236;2167431.1274;0.4865980209832265;0;0.0
Goal_664;220236;2940833.3318000003;0.16666666666666666;249211;2940832.4273;0.19894686504641257;3600;0.4482543656132213
Goal_671;220236;3430972.220433334;0.0;258526;3429373.8240000005;0.19865107041723337;3600;0.1813632363261555
Goal_672;220236;3430972.220433334;0.05555555555555555;257486;3430967.609700001;0.19310645364325016;3600;0.13474463677185014
Goal_673;220236;3430972.220433334;0.1111111111111111;259562;3430971.3647000003;0.20155463920890046;3600;0.28011102311986247
Goal_674;220236;3430972.220433334;0.16666666666666666;258399;3431836.0752000003;0.2017772045544723;3605;0.5853899845914583
Goal_696;220236;4411249.9977;0.2777777777777778;238480;2778197.2303;0.27771282305082745;29;0.0
Goal_695;220236;4411249.9977;0.2222222222222222;255224;3540552.2346;0.2219897043567247;41;0.0
Goal_697;220236;4411249.9977;0.3333333333333333;238202;2710206.4687000006;0.33308159053767583;10;0.0
Goal_699;220236;4411249.9977;0.4444444444444444;222968;2331630.6707;0.44429377180790935;1;0.0
Goal_700;220236;4411249.9977;0.5;220236;2167431.1274;0.4865980209832265;0;0.0
Goal_698;220236;4411249.9977;0.38888888888888884;223641;2051885.4473999995;0.3888359677997187;14;0.0
Goal_681;220236;3921111.109066667;0.0;262481;3659824.5056999996;0.2027629296140451;3601;0.21318832514367406
Goal_682;220236;3921111.109066667;0.05555555555555555;263229;3740770.8551999973;0.19816253080246796;3600;0.17975647551879978
Goal_683;220236;3921111.109066667;0.1111111111111111;261891;3660496.1638;0.20444282294151475;3600;0.30230880120158515
Goal_684;220236;3921111.109066667;0.16666666666666666;263592;3726315.474499999;0.1931353118961685;3600;0.4577016202819626
Goal_691;220236;4411249.9977;0.0;262150;3765681.22;0.193073389962105;3600;0.12602797569798777
Goal_692;220236;4411249.9977;0.05555555555555555;269177;4028073.5920999995;0.20280399282712758;3607;0.22792563234264765
Goal_693;220236;4411249.9977;0.1111111111111111;260618;3665320.2864000006;0.19165145334644373;3600;0.15941456670675597
Goal_694;220236;4411249.9977;0.16666666666666666;260838;3825019.1844000006;0.19194258672602926;3600;0.45894355990325775
Goal_710;204210;0.0;0.5;204210;656425.6333999999;0.4818497508917894;0;0.0
Goal_701;204210;0.0;0.0;213006;1338504.0117999995;0.23343625393366188;3600;0.1770069680428959
Goal_702;204210;0.0;0.05555555555555555;214090;1374772.5411999994;0.23275033378420523;3602;0.18269910089099822
Goal_703;204210;0.0;0.1111111111111111;213039;1338621.6064000002;0.23370577827736383;3600;0.20384268276081488
Goal_704;204210;0.0;0.16666666666666666;208854;1196216.4849;0.24777922483223092;3600;0.24042873489504168
Goal_705;204210;0.0;0.2222222222222222;214944;1394526.1956000002;0.23276629490867728;3600;0.31439302019147247
Goal_706;204210;0.0;0.2777777777777778;204209;995349.5652;0.2802629484945609;3604;0.23519757359755894
Goal_707;204210;0.0;0.3333333333333333;204210;767653.5460999999;0.3333352792648108;3600;0.0643967148496747
Goal_708;204210;0.0;0.38888888888888884;204210;692738.7609999998;0.38888904368393146;3600;0.015874577309638392
Goal_709;204210;0.0;0.4444444444444444;204210;663259.6795;0.4444443556563455;3600;0.002073110377307136
Goal_720;204210;490138.8886333334;0.5;204210;656425.6333999999;0.4818497508917894;0;1.1038193325044702E-13
Goal_711;204210;490138.8886333334;0.0;216822;1429188.6176;0.2278228374485488;3600;0.14247975641450372
Goal_712;204210;490138.8886333334;0.05555555555555555;216555;1451516.9481000002;0.2240539114980306;3600;0.13587212942010582
Goal_713;204210;490138.8886333334;0.1111111111111111;215446;1388471.6782;0.23341304485420059;3608;0.18106363364008277
Goal_714;204210;490138.8886333334;0.16666666666666666;213734;1356212.1852999998;0.2323265490597067;3600;0.3019637836929743
Goal_715;204210;490138.8886333334;0.2222222222222222;210685;1243531.3010999998;0.24372422472461264;3600;0.47807481975455707
Goal_716;204210;490138.8886333334;0.2777777777777778;206460;1018082.334;0.28026481724980723;3600;0.4682757589803452
Goal_727;204210;980277.7772666668;0.3333333333333333;204460;979318.5295000001;0.33331194014085036;53;0.0
Goal_728;204210;980277.7772666668;0.38888888888888884;204418;924168.5878000001;0.3888898741299893;21;0.0
Goal_729;204210;980277.7772666668;0.4444444444444444;206825;980270.3933;0.44444442088959857;1;0.0
Goal_730;204210;980277.7772666668;0.5;204210;965781.7423;0.4868965412367845;0;0.0
Goal_717;204210;490138.8886333334;0.3333333333333333;204210;769750.435;0.3333375801225864;3600;0.15209044757534004
Goal_718;204210;490138.8886333334;0.38888888888888884;204210;693048.7391;0.38888975748830346;3600;0.05288178661484921
Goal_719;204210;490138.8886333334;0.4444444444444444;204210;663244.7592999999;0.4444452080044536;3600;0.009723593417746059
Goal_721;204210;980277.7772666668;0.0;215587;1403657.7796;0.2292548268375059;3603;0.16925128426680966
Goal_722;204210;980277.7772666668;0.05555555555555555;215974;1415884.6337;0.2287557893593622;3600;0.17974279802640428
Goal_723;204210;980277.7772666668;0.1111111111111111;216823;1441720.6865999994;0.22999851333215998;3600;0.23428884881842524
Goal_724;204210;980277.7772666668;0.16666666666666666;216094;1398140.9369999997;0.2339401246214723;3604;0.33350274643443223
Goal_738;204210;1470416.6659000001;0.38888888888888884;210680;1453564.9357999996;0.3887821522635643;1;0.0
Goal_737;204210;1470416.6659000001;0.3333333333333333;210631;1470403.4945;0.33333260069268306;20;0.0
Goal_739;204210;1470416.6659000001;0.4444444444444444;205009;1333095.6559000001;0.444444918543567;1;0.0
Goal_740;204210;1470416.6659000001;0.5;204210;1345436.2404;0.4873028302306096;0;0.0
Goal_725;204210;980277.7772666668;0.2222222222222222;214800;1376013.0995999998;0.23493931262011924;3602;0.6738508671213461
Goal_726;204210;980277.7772666668;0.2777777777777778;204843;999156.4440999997;0.2777903714130355;3600;1.0
Goal_731;204210;1470416.6659000001;0.0;217437;1476520.4045999998;0.2273796160640966;3604;0.19834162067743616
Goal_732;204210;1470416.6659000001;0.05555555555555555;218190;1493060.4794;0.22346919924860878;3600;0.20761441864453295
Goal_745;204210;1960555.5545333335;0.2222222222222222;229242;1960298.9775999999;0.22222144460881638;127;0.0
Goal_747;204210;1960555.5545333335;0.3333333333333333;227129;1866632.7992999998;0.28517752885636033;9;0.0
Goal_748;204210;1960555.5545333335;0.38888888888888884;236781;1960535.2317999995;0.35944968859603343;0;0.0
Goal_746;204210;1960555.5545333335;0.2777777777777778;220462;1828526.6183000002;0.2720728316385587;40;0.0
Goal_750;204210;1960555.5545333335;0.5;204210;1345436.2404;0.4873028302306096;0;0.0
Goal_749;204210;1960555.5545333335;0.4444444444444444;208488;1557417.3144000003;0.44444480102831996;1;0.0
Goal_733;204210;1470416.6659000001;0.1111111111111111;218822;1470386.0310000004;0.229368924711601;3600;0.298602050432412
Goal_734;204210;1470416.6659000001;0.16666666666666666;220202;1509943.8890000002;0.22714999987392542;3600;0.4899700013725956
Goal_736;204210;1470416.6659000001;0.2777777777777778;216663;1467098.5649999995;0.2776804493840354;1957;0.0
Goal_755;204210;2450694.4431666667;0.2222222222222222;232205;2186525.4239999996;0.2222231433938317;508;0.0
Goal_735;204210;1470416.6659000001;0.2222222222222222;219019;1482725.0387000002;0.2277441826886113;3600;1.0
Goal_756;204210;2450694.4431666667;0.2777777777777778;228783;2323911.0662000002;0.27777763831882984;59;0.0
Goal_758;204210;2450694.4431666667;0.38888888888888884;246599;2450676.0636;0.30563552731070587;0;0.0
Goal_759;204210;2450694.4431666667;0.4444444444444444;208488;1557417.3144000003;0.44444480102831996;1;0.0
Goal_760;204210;2450694.4431666667;0.5;204210;1345436.2404;0.4873028302306096;0;0.0
Goal_757;204210;2450694.4431666667;0.3333333333333333;215313;1645537.5104999996;0.3332159220221009;37;0.0
Goal_741;204210;1960555.5545333335;0.0;228656;1960359.8491999998;0.21335381756415142;3600;0.16473140169663764
Goal_742;204210;1960555.5545333335;0.05555555555555555;230158;1960470.4016000004;0.2105050884892123;3600;0.1521869178356232
Goal_743;204210;1960555.5545333335;0.1111111111111111;231659;1960470.5915;0.22450326052772937;3604;0.32585100770480163
Goal_744;204210;1960555.5545333335;0.16666666666666666;231671;1960578.1981999995;0.21855008152658204;3600;0.48916811000391747
Goal_766;204210;2940833.3318000003;0.2777777777777778;223462;1916501.8875;0.2771782183140501;85;0.0
Goal_767;204210;2940833.3318000003;0.3333333333333333;218737;1861946.2430000002;0.33333371500868864;20;0.0
Goal_768;204210;2940833.3318000003;0.38888888888888884;256125;2940782.1548;0.2993298335995298;0;0.0
Goal_769;204210;2940833.3318000003;0.4444444444444444;208488;1557417.3144000003;0.44444480102831996;1;0.0
Goal_770;204210;2940833.3318000003;0.5;204210;1345436.2404;0.4873028302306096;0;0.0
Goal_765;204210;2940833.3318000003;0.2222222222222222;243022;2849042.3389000003;0.22221901111553047;293;0.0
Goal_752;204210;2450694.4431666667;0.05555555555555555;240336;2461291.7166000004;0.2126947534481935;3600;0.23874354118104266
Goal_751;204210;2450694.4431666667;0.0;240471;2452817.6019999995;0.21184759668989242;3600;0.2083408243354515
Goal_753;204210;2450694.4431666667;0.1111111111111111;240547;2455816.0023;0.21209180860414853;3605;0.2910706208588819
Goal_775;204210;3430972.220433334;0.2222222222222222;261581;3430923.2430000002;0.21195120989107138;43;0.0
Goal_776;204210;3430972.220433334;0.2777777777777778;213023;1499564.1579;0.27777800998077207;50;0.0
Goal_777;204210;3430972.220433334;0.3333333333333333;242952;2826129.1572000007;0.29217792395318076;13;0.0
Goal_778;204210;3430972.220433334;0.38888888888888884;265077;3430940.6006000005;0.27933818514799647;0;0.0
Goal_779;204210;3430972.220433334;0.4444444444444444;208488;1557417.3144000003;0.44444480102831996;1;0.0
Goal_780;204210;3430972.220433334;0.5;204210;1345436.2404;0.4873028302306096;0;0.0
Goal_754;204210;2450694.4431666667;0.16666666666666666;241294;2450435.475399999;0.21864984024386927;3600;0.607924911564185
Goal_761;204210;2940833.3318000003;0.0;250281;2940026.8858;0.20265355915997804;3600;0.1656078168258042
Goal_762;204210;2940833.3318000003;0.05555555555555555;248937;2935994.5979999998;0.20152902650081497;3600;0.16863012935006313
Goal_764;204210;2940833.3318000003;0.16666666666666666;250867;2942830.4155;0.21054082791215983;3600;0.6091792684668439
Goal_763;204210;2940833.3318000003;0.1111111111111111;249452;2940726.6887999997;0.19936351487089243;3600;0.197072313141896
Goal_785;204210;3921111.109066667;0.2222222222222222;259662;3456054.0001000003;0.22222237503947964;17;0.0
Goal_786;204210;3921111.109066667;0.2777777777777778;217926;1799650.4888999995;0.27777941391786276;32;0.0
Goal_788;204210;3921111.109066667;0.38888888888888884;271274;3921100.775699999;0.23855034644243575;0;0.0
Goal_789;204210;3921111.109066667;0.4444444444444444;208488;1557417.3144000003;0.44444480102831996;1;0.0
Goal_787;204210;3921111.109066667;0.3333333333333333;205438;1389962.5843000002;0.33333267423427526;18;0.0
Goal_790;204210;3921111.109066667;0.5;204210;1345436.2404;0.4873028302306096;0;0.0
Goal_771;204210;3430972.220433334;0.0;257774;3430970.2186;0.19316744484514603;3600;0.11650032998129398
Goal_772;204210;3430972.220433334;0.05555555555555555;258109;3430970.9054000014;0.19377284484284374;3600;0.12968148384832248
Goal_773;204210;3430972.220433334;0.1111111111111111;258979;3431520.9175000004;0.20054607484276704;3600;0.25493366663414846
Goal_774;204210;3430972.220433334;0.16666666666666666;258091;3408643.1937;0.20195010375304515;3600;0.5948305001587306
Goal_796;204210;4411249.9977;0.2777777777777778;252416;3402751.6634999993;0.2743387845107441;21;0.0
Goal_797;204210;4411249.9977;0.3333333333333333;227286;2255554.2946;0.33330386837702447;5;0.0
Goal_798;204210;4411249.9977;0.38888888888888884;271274;4288988.153899999;0.2746067773718923;0;0.0
Goal_799;204210;4411249.9977;0.4444444444444444;208488;1557417.3144000003;0.44444480102831996;1;0.0
Goal_800;204210;4411249.9977;0.5;204210;1345436.2404;0.4873028302306096;0;0.0
Goal_795;204210;4411249.9977;0.2222222222222222;237964;2651505.5222999994;0.22222423225172305;43;0.0
Goal_781;204210;3921111.109066667;0.0;262423;3737220.4949;0.1927521258959516;3600;0.12678389463585796
Goal_782;204210;3921111.109066667;0.05555555555555555;263131;3674512.7206999995;0.20133880751735708;3600;0.20538716462884252
Goal_783;204210;3921111.109066667;0.1111111111111111;264644;3866748.946099999;0.20910003281907188;3600;0.3587326876781615
Goal_784;204210;3921111.109066667;0.16666666666666666;266033;3819334.386999999;0.19653703141445286;3600;0.589110158892085
Goal_792;204210;4411249.9977;0.05555555555555555;261860;3658266.4987999992;0.19641321911914733;3600;0.17084356130288245
Goal_791;204210;4411249.9977;0.0;262288;3660624.4955999996;0.1966223444003794;3600;0.16000871846177278
Goal_793;204210;4411249.9977;0.1111111111111111;261749;3719707.2554999986;0.19873442778616301;3600;0.2419901617769955
Goal_794;204210;4411249.9977;0.16666666666666666;259603;3739642.4312;0.19253639195876113;3600;0.4953424626254861
Goal_810;188184;0.0;0.5;188184;225696.3642;0.4837442264535044;0;0.0
Goal_801;188184;0.0;0.0;211716;1312727.5837999997;0.23844804502349143;3600;0.1929940677209346
Goal_802;188184;0.0;0.05555555555555555;213771;1336789.5029999998;0.23580237594003536;3600;0.19438924565394558
Goal_803;188184;0.0;0.1111111111111111;211464;1271281.7647;0.24038396391006536;3602;0.21966494236631462
Goal_804;188184;0.0;0.16666666666666666;213231;1353302.0877000003;0.23371770888971752;3600;0.22236056458580034
Goal_805;188184;0.0;0.2222222222222222;208861;1172689.0443000002;0.24942664651677524;3600;0.36731281975267827
Goal_806;188184;0.0;0.2777777777777778;204482;974538.7250000004;0.2777821894724316;3600;0.2603463376732686
Goal_807;188184;0.0;0.3333333333333333;191697;579523.293;0.33342575238173294;3600;0.2591858421135381
Goal_808;188184;0.0;0.38888888888888884;188184;328920.3975000001;0.3888896842826329;3600;0.12457057297321876
Goal_819;188184;490138.8886333334;0.4444444444444444;188358;438638.05140000005;0.4428803446532323;10;0.0
Goal_820;188184;490138.8886333334;0.5;188184;490122.9968;0.47857046910566164;0;0.0
Goal_818;188184;490138.8886333334;0.38888888888888884;189123;488590.3869;0.38887938396514093;21;0.0
Goal_809;188184;0.0;0.4444444444444444;188184;237874.7367;0.4444457912825292;3600;0.008747654181643093
Goal_811;188184;490138.8886333334;0.0;215731;1424724.8658;0.22648450094050324;3600;0.12984362074163536
Goal_812;188184;490138.8886333334;0.05555555555555555;215288;1413283.2774999999;0.22692683115227244;3604;0.1337205732901499
Goal_813;188184;490138.8886333334;0.1111111111111111;217388;1443084.8015999997;0.22969027720518925;3600;0.1792372946753582
Goal_814;188184;490138.8886333334;0.16666666666666666;213380;1316444.1938999996;0.24010893580979525;3600;0.31031838221138885
Goal_827;188184;980277.7772666668;0.3333333333333333;202586;979488.5675999997;0.3328198373937289;18;0.0
Goal_815;188184;490138.8886333334;0.2222222222222222;212510;1246304.4101;0.24660940988795466;3603;0.5402659678389885
Goal_829;188184;980277.7772666668;0.4444444444444444;191376;623558.6646;0.44444291334928804;6;0.0
Goal_830;188184;980277.7772666668;0.5;188184;684108.4349;0.47823560234340157;0;0.0
Goal_828;188184;980277.7772666668;0.38888888888888884;193302;763063.9691;0.3849452310001179;30;0.0
Goal_816;188184;490138.8886333334;0.2777777777777778;203829;984450.7859;0.2777858236888004;3600;0.5782588817579818
Goal_817;188184;490138.8886333334;0.3333333333333333;191710;581566.4012;0.33336990937203753;3600;1.0
Goal_821;188184;980277.7772666668;0.0;216076;1432668.3395999996;0.225743141952252;3606;0.1595681610079682
Goal_822;188184;980277.7772666668;0.05555555555555555;215637;1389054.2702000006;0.2339659323243449;3608;0.2001476655045629
Goal_836;188184;1470416.6659000001;0.2777777777777778;211818;1445560.6452000006;0.2777775349609386;110;0.0
Goal_837;188184;1470416.6659000001;0.3333333333333333;210002;1460551.4613;0.33333439039348406;18;0.0
Goal_838;188184;1470416.6659000001;0.38888888888888884;215704;1443464.4811;0.3859686260099402;21;0.0
Goal_839;188184;1470416.6659000001;0.4444444444444444;198615;1135318.0555999998;0.44399019700342796;6;0.0
Goal_840;188184;1470416.6659000001;0.5;188184;684108.4349;0.47823560234340157;0;0.0
Goal_823;188184;980277.7772666668;0.1111111111111111;216502;1451525.2509999997;0.223682754157019;3601;0.19006925780224693
Goal_824;188184;980277.7772666668;0.16666666666666666;216001;1408257.2495999995;0.23287602996205148;3600;0.328727012273831
Goal_826;188184;980277.7772666668;0.2777777777777778;203283;982495.1746000001;0.2852039842099755;3600;1.0
Goal_825;188184;980277.7772666668;0.2222222222222222;213507;1323582.2096000002;0.23814778316240615;3605;0.6985697408966546
Goal_831;188184;1470416.6659000001;0.0;219795;1506836.2864999995;0.2296366339128415;3600;0.21985422212471115
Goal_832;188184;1470416.6659000001;0.05555555555555555;217582;1477614.8997;0.2260158599532693;3600;0.2010778016833575
Goal_846;188184;1960555.5545333335;0.2777777777777778;219553;1657199.2802;0.27777363962046403;31;0.0
Goal_848;188184;1960555.5545333335;0.38888888888888884;202722;1221785.1899999997;0.3886890091434034;2;0.0
Goal_847;188184;1960555.5545333335;0.3333333333333333;210175;1432011.8872999996;0.33333403428420716;19;0.0
Goal_850;188184;1960555.5545333335;0.5;188184;684108.4349;0.47823560234340157;0;0.0
Goal_849;188184;1960555.5545333335;0.4444444444444444;209440;1553235.3439999996;0.44386138963677346;11;0.0
Goal_845;188184;1960555.5545333335;0.2222222222222222;228356;1959208.2749000008;0.22207984751038923;904;0.0
Goal_833;188184;1470416.6659000001;0.1111111111111111;218788;1503000.2928000002;0.22863604119092276;3600;0.2823731065320756
Goal_834;188184;1470416.6659000001;0.16666666666666666;218648;1476345.0578999994;0.23118245598977946;3602;0.4637608271698259
Goal_855;188184;2450694.4431666667;0.2222222222222222;236451;2450458.5984;0.22222028248647768;149;0.0
Goal_856;188184;2450694.4431666667;0.2777777777777778;219087;1861925.6809000003;0.2756949105028451;52;0.0
Goal_857;188184;2450694.4431666667;0.3333333333333333;210349;1528925.8236999996;0.3332271731936383;30;0.0
Goal_858;188184;2450694.4431666667;0.38888888888888884;212579;1556622.6920999999;0.3888881997878042;33;0.0
Goal_859;188184;2450694.4431666667;0.4444444444444444;193130;889667.4604000001;0.4441116533609809;8;0.0
Goal_860;188184;2450694.4431666667;0.5;188184;684108.4349;0.47823560234340157;0;0.0
Goal_835;188184;1470416.6659000001;0.2222222222222222;218284;1470014.4426999995;0.23138889204508623;3600;1.0
Goal_841;188184;1960555.5545333335;0.0;229914;1960416.9055;0.20932150520632434;3600;0.13509604223612456
Goal_842;188184;1960555.5545333335;0.05555555555555555;230100;1959465.8869999996;0.20941263953719483;3600;0.14678715115605448
Goal_843;188184;1960555.5545333335;0.1111111111111111;229787;1960426.7936000002;0.211000139057206;3600;0.20243851673933672
Goal_865;188184;2940833.3318000003;0.2222222222222222;249313;2782231.9685;0.22222128443933917;3;0.0
Goal_866;188184;2940833.3318000003;0.2777777777777778;232307;2396962.6061000004;0.27771949539722407;32;0.0
Goal_867;188184;2940833.3318000003;0.3333333333333333;206794;1229895.1110999999;0.33331590533301814;28;0.0
Goal_868;188184;2940833.3318000003;0.38888888888888884;212817;1625437.9107000006;0.3886410641093958;18;0.0
Goal_869;188184;2940833.3318000003;0.4444444444444444;220479;1789528.6071999997;0.36573115835355996;2;0.0
Goal_870;188184;2940833.3318000003;0.5;188184;684108.4349;0.47823560234340157;0;0.0
Goal_844;188184;1960555.5545333335;0.16666666666666666;231035;1974072.4389;0.2200569336077776;3600;0.5131109071303369
Goal_851;188184;2450694.4431666667;0.0;240761;2450709.9732999997;0.21092750358510753;3602;0.1917747277671464
Goal_852;188184;2450694.4431666667;0.05555555555555555;239838;2450691.584800001;0.2032288340017416;3600;0.1491975756455446
Goal_853;188184;2450694.4431666667;0.1111111111111111;240592;2447756.9816;0.21496929595200237;3600;0.3115493387417867
Goal_875;188184;3430972.220433334;0.2222222222222222;248567;3034901.8858000003;0.22217002228002133;43;0.0
Goal_876;188184;3430972.220433334;0.2777777777777778;218591;1598885.6718999997;0.27776750180324783;106;0.0
Goal_877;188184;3430972.220433334;0.3333333333333333;206771;1282138.7090000003;0.3333318899941274;23;0.0
Goal_878;188184;3430972.220433334;0.38888888888888884;195812;914435.1684999999;0.3886407109129217;30;0.0
Goal_879;188184;3430972.220433334;0.4444444444444444;236119;2703782.5062;0.28822563378215577;5;0.0
Goal_880;188184;3430972.220433334;0.5;188184;684108.4349;0.47823560234340157;0;0.0
Goal_854;188184;2450694.4431666667;0.16666666666666666;240236;2450723.5623;0.21108313460512562;3600;0.5149461795965706
Goal_861;188184;2940833.3318000003;0.0;249216;2939969.9425000004;0.1975883740461539;3600;0.1212004735360874
Goal_862;188184;2940833.3318000003;0.05555555555555555;251163;2940919.1989;0.20862722466608297;3600;0.23032027821595047
Goal_863;188184;2940833.3318000003;0.1111111111111111;248324;2939994.6508000004;0.20417335137033396;3600;0.25116664031088703
Goal_885;188184;3921111.109066667;0.2222222222222222;269841;3869331.1815000004;0.2222234893640961;1;0.0
Goal_886;188184;3921111.109066667;0.2777777777777778;242718;2915920.4259;0.2763318037315622;30;0.0
Goal_864;188184;2940833.3318000003;0.16666666666666666;250492;2945580.8756999997;0.20868328294987162;3604;0.5899577638424915
Goal_887;188184;3921111.109066667;0.3333333333333333;220729;1957800.7433;0.3332934707067437;30;0.0
Goal_889;188184;3921111.109066667;0.4444444444444444;240403;2708565.3372000013;0.3760126806549544;1;0.0
Goal_888;188184;3921111.109066667;0.38888888888888884;192398;805587.4638999999;0.3886287013785052;21;0.0
Goal_890;188184;3921111.109066667;0.5;188184;684108.4349;0.47823560234340157;0;0.0
Goal_871;188184;3430972.220433334;0.0;259653;3430964.8847000008;0.19838493584072794;3600;0.16095633460441716
Goal_872;188184;3430972.220433334;0.05555555555555555;258276;3430833.9717999995;0.19431215429444498;3600;0.13627103760388426
Goal_873;188184;3430972.220433334;0.1111111111111111;258860;3430278.7812000006;0.19475085894031538;3600;0.1905593802960483
Goal_874;188184;3430972.220433334;0.16666666666666666;258889;3429668.6738999994;0.20125016372611867;3605;0.5935032505945168
Goal_896;188184;4411249.9977;0.2777777777777778;271274;4108513.2778000003;0.2058665345388027;6;0.0
Goal_897;188184;4411249.9977;0.3333333333333333;208240;1439897.0891000002;0.3328094964005323;21;0.0
Goal_898;188184;4411249.9977;0.38888888888888884;194952;960331.0834;0.3888658409674455;42;0.0
Goal_899;188184;4411249.9977;0.4444444444444444;211344;1541918.9433;0.405897681270202;6;0.0
Goal_900;188184;4411249.9977;0.5;188184;684108.4349;0.47823560234340157;0;0.0
Goal_895;188184;4411249.9977;0.2222222222222222;257250;3570848.736600001;0.21909751682057355;179;0.0
Goal_881;188184;3921111.109066667;0.0;264939;3846960.0563;0.1966128954648851;3600;0.15967543906752407
Goal_882;188184;3921111.109066667;0.05555555555555555;263327;3747362.0881000003;0.1950482039892698;3600;0.16289972902282987
Goal_883;188184;3921111.109066667;0.1111111111111111;260711;3681851.7819999997;0.19235089932591004;3600;0.1701013955343746
Goal_884;188184;3921111.109066667;0.16666666666666666;262096;3683279.5650000004;0.1978523740027057;3600;0.6031196910890486
Goal_892;188184;4411249.9977;0.05555555555555555;261288;3745359.0190999997;0.19797788945573772;3600;0.18402225681279283
Goal_891;188184;4411249.9977;0.0;261754;3734916.2442999985;0.19694939434255182;3600;0.1614545468343985
Goal_893;188184;4411249.9977;0.1111111111111111;261767;3768903.1260000006;0.19194890703023723;3600;0.11653905305212323
Goal_894;188184;4411249.9977;0.16666666666666666;263182;3748676.5615000003;0.19797202178373532;3608;0.5531118314504101
Goal_910;172158;0.0;0.5;172158;0.0;0.4601578706698963;0;0.0
Goal_901;172158;0.0;0.0;211989;1270975.0759999997;0.24393716674775115;3600;0.2053261450065352
Goal_902;172158;0.0;0.05555555555555555;214054;1378033.4700000002;0.23538142211183102;3600;0.2028026943903482
Goal_903;172158;0.0;0.1111111111111111;213744;1350580.2636000004;0.23358988984983622;3600;0.20893022248393725
Goal_904;172158;0.0;0.16666666666666666;213497;1339931.0969;0.2337545681844696;3606;0.218816717957167
Goal_905;172158;0.0;0.2222222222222222;212418;1317222.4527;0.23507843973836912;3600;0.32839851631324285
Goal_906;172158;0.0;0.2777777777777778;207010;1073887.9652000002;0.2782287403245654;3604;0.3546882354658685
Goal_907;172158;0.0;0.3333333333333333;191626;584247.4000000001;0.33346535732049293;3600;0.24576732024032483
Goal_908;172158;0.0;0.38888888888888884;182499;272412.9432;0.38888888517711595;3600;0.19579855782982833
Goal_919;172158;490138.8886333334;0.4444444444444444;180198;269608.9847000001;0.44444527517018007;1;0.0
Goal_920;172158;490138.8886333334;0.5;172158;0.0;0.4601578706698963;0;0.0
Goal_918;172158;490138.8886333334;0.38888888888888884;186437;469138.9808000001;0.38888827827877964;24;0.0
Goal_909;172158;0.0;0.4444444444444444;174424;41129.642700000004;0.4444445488208328;3600;0.04877956765562486
Goal_911;172158;490138.8886333334;0.0;217185;1450882.8637000003;0.23107681413051476;3604;0.15879011685671376
Goal_912;172158;490138.8886333334;0.05555555555555555;215396;1425612.7451000004;0.2268898622437132;3603;0.13762186881823676
Goal_913;172158;490138.8886333334;0.1111111111111111;215517;1397605.0367;0.23201371344239616;3600;0.1765555987344604
Goal_914;172158;490138.8886333334;0.16666666666666666;214935;1388532.1047;0.23412309543854806;3600;0.32616508492375224
Goal_927;172158;980277.7772666668;0.3333333333333333;200482;966011.5004000001;0.3333312789257649;55;0.0
Goal_928;172158;980277.7772666668;0.38888888888888884;196929;962336.4263999996;0.38879299922920313;36;0.0
Goal_929;172158;980277.7772666668;0.4444444444444444;177143;215102.77920000005;0.4443258924087268;1;0.0
Goal_930;172158;980277.7772666668;0.5;172158;0.0;0.4601578706698963;0;0.0
Goal_915;172158;490138.8886333334;0.2222222222222222;212971;1304503.7303999998;0.24303831011883553;3608;0.53759731080103
Goal_916;172158;490138.8886333334;0.2777777777777778;206935;1073571.4368;0.27791391084219397;3609;0.6479557578681677
Goal_917;172158;490138.8886333334;0.3333333333333333;191944;611085.1409000001;0.33395606508601344;3600;1.0
Goal_921;172158;980277.7772666668;0.0;215603;1393224.2271;0.23314320761715351;3606;0.1880810542681138
Goal_922;172158;980277.7772666668;0.05555555555555555;216992;1451906.0900999994;0.2308894928276558;3600;0.20443680145773735
Goal_923;172158;980277.7772666668;0.1111111111111111;217220;1466079.8298999995;0.2259245328941573;3600;0.21302895699729865
Goal_937;172158;1470416.6659000001;0.3333333333333333;210137;1161876.7280000004;0.33263679360481696;21;0.0
Goal_924;172158;980277.7772666668;0.16666666666666666;215983;1417444.2289000002;0.23062268103555306;3600;0.32945154707832813
Goal_939;172158;1470416.6659000001;0.4444444444444444;182212;430006.0405;0.4430040703351287;9;0.0
Goal_940;172158;1470416.6659000001;0.5;172158;0.0;0.4601578706698963;0;0.0
Goal_938;172158;1470416.6659000001;0.38888888888888884;185432;543387.4021000001;0.3888825753456047;18;0.0
Goal_936;172158;1470416.6659000001;0.2777777777777778;208823;1208770.1017;0.27777435947912704;280;0.0
Goal_925;172158;980277.7772666668;0.2222222222222222;212792;1310056.0862000003;0.2401632461614258;3601;0.8334535796480148
Goal_926;172158;980277.7772666668;0.2777777777777778;204006;979314.9079999998;0.279281044228732;3600;1.0
Goal_931;172158;1470416.6659000001;0.0;219013;1526755.6785000002;0.2249712110099582;3603;0.20083947340055655
Goal_946;172158;1960555.5545333335;0.2777777777777778;212822;1549639.1292000003;0.2777653852816987;82;0.0
Goal_947;172158;1960555.5545333335;0.3333333333333333;209045;1393594.3627;0.33331982702890045;34;0.0
Goal_948;172158;1960555.5545333335;0.38888888888888884;216135;1634654.05;0.35836926205720965;3;0.0
Goal_949;172158;1960555.5545333335;0.4444444444444444;183969;519237.67769999994;0.4391569446329414;5;0.0
Goal_950;172158;1960555.5545333335;0.5;172158;0.0;0.4601578706698963;0;0.0
Goal_932;172158;1470416.6659000001;0.05555555555555555;218843;1515157.9614000001;0.22215034564671543;3600;0.18733225590194763
Goal_933;172158;1470416.6659000001;0.1111111111111111;218880;1478328.2564999994;0.23158256199986801;3600;0.3203673182520866
Goal_934;172158;1470416.6659000001;0.16666666666666666;218914;1490849.5432000004;0.2286461834873723;3602;0.45109958782321347
Goal_935;172158;1470416.6659000001;0.2222222222222222;219207;1483810.6914;0.2433882931327155;3600;1.0
Goal_955;172158;2450694.4431666667;0.2222222222222222;237493;2351785.7794;0.22122897356916996;83;0.0
Goal_956;172158;2450694.4431666667;0.2777777777777778;228006;2266344.147200001;0.27747914953629454;1;0.0
Goal_957;172158;2450694.4431666667;0.3333333333333333;228226;2278312.1984999995;0.33333328284434854;3;0.0
Goal_958;172158;2450694.4431666667;0.38888888888888884;215762;1635023.2378999996;0.3610599021863914;3;0.0
Goal_959;172158;2450694.4431666667;0.4444444444444444;185772;531745.4431;0.4387478534341293;6;0.0
Goal_960;172158;2450694.4431666667;0.5;172158;0.0;0.4601578706698963;0;0.0
Goal_941;172158;1960555.5545333335;0.0;230237;1960554.7615000003;0.21042489530389452;3600;0.14189062557700372
Goal_942;172158;1960555.5545333335;0.05555555555555555;229935;1960543.7343;0.21157543405972476;3602;0.16234244461942335
Goal_943;172158;1960555.5545333335;0.1111111111111111;230070;1960544.1738000005;0.2156022792814275;3600;0.24788502866346762
Goal_944;172158;1960555.5545333335;0.16666666666666666;229964;1960362.0498000006;0.20987740392643814;3600;0.3731549404790822
Goal_945;172158;1960555.5545333335;0.2222222222222222;230989;1960495.6654999997;0.22493637857318055;3600;1.0
Goal_966;172158;2940833.3318000003;0.2777777777777778;227689;2243904.9564000014;0.2775726493530967;1;0.0
Goal_967;172158;2940833.3318000003;0.3333333333333333;223361;1879004.4255000004;0.3315825414442897;29;0.0
Goal_968;172158;2940833.3318000003;0.38888888888888884;214947;1587914.1793999998;0.36575033292136283;3;0.0
Goal_969;172158;2940833.3318000003;0.4444444444444444;184884;557780.2289;0.4441991348968281;10;0.0
Goal_970;172158;2940833.3318000003;0.5;172158;0.0;0.4601578706698963;0;0.0
Goal_965;172158;2940833.3318000003;0.2222222222222222;244818;2874381.3879000004;0.2219299793824172;212;0.0
Goal_951;172158;2450694.4431666667;0.0;239584;2450618.7444999996;0.2028891651226703;3600;0.13198231971300142
Goal_952;172158;2450694.4431666667;0.05555555555555555;240328;2450687.0797000006;0.2036999207552871;3600;0.14995638356385702
Goal_953;172158;2450694.4431666667;0.1111111111111111;239747;2449787.2018999998;0.20247312793715364;3600;0.18191435011036386
Goal_975;172158;3430972.220433334;0.2222222222222222;254898;3342316.886800001;0.222213694893522;74;0.0
Goal_976;172158;3430972.220433334;0.2777777777777778;227420;2208831.890200001;0.277774710020358;111;0.0
Goal_977;172158;3430972.220433334;0.3333333333333333;241238;3052902.2325999998;0.3330345865419441;24;0.0
Goal_978;172158;3430972.220433334;0.38888888888888884;214947;1578259.9723999999;0.36575033292136283;2;0.0
Goal_979;172158;3430972.220433334;0.4444444444444444;186233;649393.0541;0.44192080755930363;5;0.0
Goal_980;172158;3430972.220433334;0.5;172158;0.0;0.4601578706698963;0;0.0
Goal_954;172158;2450694.4431666667;0.16666666666666666;240276;2450694.1847;0.20623973531289136;3600;0.4728182424547963
Goal_961;172158;2940833.3318000003;0.0;250017;2940298.8084;0.20114106098287352;3601;0.15776182108840472
Goal_962;172158;2940833.3318000003;0.05555555555555555;249522;2946193.276100001;0.21058614528805397;3601;0.24967768450662925
Goal_963;172158;2940833.3318000003;0.1111111111111111;249963;2940810.6389;0.2063168320598431;3600;0.2799205101243294
Goal_964;172158;2940833.3318000003;0.16666666666666666;249628;2943539.3660000004;0.20692868997273023;3600;0.5854230648253951
Goal_986;172158;3921111.109066667;0.2777777777777778;229575;2376655.392900001;0.27773657227263127;1;0.0
Goal_985;172158;3921111.109066667;0.2222222222222222;255999;3674561.251299999;0.22222321802589948;34;0.0
Goal_988;172158;3921111.109066667;0.38888888888888884;222569;2075503.4516000003;0.30003083831042526;11;0.0
Goal_987;172158;3921111.109066667;0.3333333333333333;230483;2523601.961;0.33275243103909224;27;0.0
Goal_990;172158;3921111.109066667;0.5;172158;0.0;0.4601578706698963;0;0.0
Goal_989;172158;3921111.109066667;0.4444444444444444;185345;564851.0469;0.44078955620827726;13;0.0
Goal_971;172158;3430972.220433334;0.0;259054;3427463.6729;0.1950476847034369;3600;0.12938974687253185
Goal_972;172158;3430972.220433334;0.05555555555555555;258648;3430967.3417;0.19394724835021607;3600;0.13003492721047946
Goal_973;172158;3430972.220433334;0.1111111111111111;258763;3430955.3774999995;0.19572629006718287;3600;0.21751838092974438
Goal_995;172158;4411249.9977;0.2222222222222222;242301;2895267.474699999;0.22221734588907013;103;0.0
Goal_996;172158;4411249.9977;0.2777777777777778;229575;2376655.392900001;0.27773657227263127;1;0.0
Goal_974;172158;3430972.220433334;0.16666666666666666;258972;3433027.943600001;0.19665178302715852;3603;0.5240009674735362
Goal_997;172158;4411249.9977;0.3333333333333333;228125;2259642.4744;0.3330879528668206;44;0.0
Goal_998;172158;4411249.9977;0.38888888888888884;187068;499858.59099999996;0.38821484328231265;14;0.0
Goal_1000;172158;4411249.9977;0.5;172158;0.0;0.4601578706698963;0;0.0
Goal_999;172158;4411249.9977;0.4444444444444444;185051;533004.6849999999;0.4414598045220363;9;0.0
Goal_981;172158;3921111.109066667;0.0;263299;3698943.7603999996;0.19403232124942718;3600;0.12708922222240918
Goal_982;172158;3921111.109066667;0.05555555555555555;265396;3899395.3641000004;0.201615706866125;3600;0.22119085101025976
Goal_983;172158;3921111.109066667;0.1111111111111111;260378;3641255.5651999996;0.19241784544759047;3600;0.13857697127100227
Goal_984;172158;3921111.109066667;0.16666666666666666;264454;3832518.4170999993;0.21002879929798776;3600;0.7191863075221256
Goal_991;172158;4411249.9977;0.0;263109;3807454.1402999987;0.19290736649876383;3600;0.12282552393608688
Goal_992;172158;4411249.9977;0.05555555555555555;261756;3695748.0642999997;0.1946794354152882;3600;0.15192329990122413
Goal_993;172158;4411249.9977;0.1111111111111111;269682;4012544.3657999993;0.19965232813175685;3600;0.2547740314652744
Goal_994;172158;4411249.9977;0.16666666666666666;262107;3773750.6973000006;0.19650130524670434;3600;0.5652832405237275
