Goal_3;305196;0.0;0.1111111111111111;304877;1225338.4081;0.09427711229429894;14;0.0
Goal_4;305196;0.0;0.16666666666666666;304877;1225338.4081;0.09427711229429894;14;0.0
Goal_5;305196;0.0;0.2222222222222222;304877;1225338.4081;0.09427711229429894;20;0.0
Goal_6;305196;0.0;0.2777777777777778;304877;1225338.4081;0.09427711229429894;16;0.0
Goal_7;305196;0.0;0.3333333333333333;304877;1225338.4081;0.09427711229429894;19;0.0
Goal_8;305196;0.0;0.38888888888888884;304877;1225338.4081;0.09427711229429894;14;0.0
Goal_9;305196;0.0;0.4444444444444444;304877;1225338.4081;0.09427711229429889;10;2.8941972325263E-15
Goal_10;305196;0.0;0.5;304877;1225338.4081;0.09427711229429889;11;2.8941972325263E-15
Goal_1;305196;0.0;0.0;305192;1243810.8901;0.06681611745680033;149;1.1259450151879055E-15
Goal_2;305196;0.0;0.05555555555555555;305192;1243819.7769;0.06681430637434899;155;0.0
Goal_13;305196;904429.0288444442;0.1111111111111111;304877;1225338.4081;0.09427711229429894;12;2.1566036184777624E-15
Goal_14;305196;904429.0288444442;0.16666666666666666;304877;1225338.4081;0.09427711229429922;10;1.094891067842548E-14
Goal_15;305196;904429.0288444442;0.2222222222222222;304877;1225338.4081;0.09427711229429922;12;1.111480326446223E-14
Goal_16;305196;904429.0288444442;0.2777777777777778;304877;1225338.4081;0.09427711229429897;12;2.65428137658801E-15
Goal_17;305196;904429.0288444442;0.3333333333333333;304877;1225338.4081;0.09427711229429922;11;1.0783018092388731E-14
Goal_18;305196;904429.0288444442;0.38888888888888884;304877;1225338.4081;0.09427711229429922;10;1.0783018092388731E-14
Goal_19;305196;904429.0288444442;0.4444444444444444;304877;1225338.4081;0.09427711229429894;15;1.2475122469963673E-13
Goal_12;305196;904429.0288444442;0.05555555555555555;305193;1243869.5329;0.06681476289896794;94;2.6096905893008375E-12
Goal_20;305196;904429.0288444442;0.5;304877;1225338.4081;0.09427711229429894;17;1.2475122469963673E-13
Goal_23;305196;1808858.0576888884;0.1111111111111111;305196;1808853.7178999993;0.06681463868049958;16;0.0
Goal_11;305196;904429.0288444442;0.0;305192;1243830.1653;0.06681292523855546;131;0.0
Goal_24;305196;1808858.0576888884;0.16666666666666666;305196;1807730.4117999997;0.06681463868049954;19;0.0
Goal_26;305196;1808858.0576888884;0.2777777777777778;305196;1799477.8087999993;0.06681463868049958;18;0.0
Goal_27;305196;1808858.0576888884;0.3333333333333333;305196;1808857.5361;0.06681463868049954;16;0.0
Goal_25;305196;1808858.0576888884;0.2222222222222222;305196;1804285.6714999995;0.06681463868049921;56;0.0
Goal_28;305196;1808858.0576888884;0.38888888888888884;305196;1808849.676999999;0.06681463868049954;50;0.0
Goal_30;305196;1808858.0576888884;0.5;305196;1808856.1026999995;0.06681463868049954;15;0.0
Goal_29;305196;1808858.0576888884;0.4444444444444444;305196;1784210.5993999995;0.0668146386804996;69;0.0
Goal_21;305196;1808858.0576888884;0.0;305196;1788628.3945000002;0.06681463868049954;167;0.0
Goal_33;305196;2713287.0865333327;0.1111111111111111;305196;2708897.5282999976;0.06681463868049954;14;0.0
Goal_22;305196;1808858.0576888884;0.05555555555555555;305196;1766173.5286999994;0.06681463868049954;183;0.0
Goal_35;305196;2713287.0865333327;0.2222222222222222;305196;2627038.201899998;0.06681463868049954;13;0.0
Goal_36;305196;2713287.0865333327;0.2777777777777778;305196;2681187.9921;0.06681463868049954;8;0.0
Goal_37;305196;2713287.0865333327;0.3333333333333333;305196;2591884.8468999974;0.06681463868049954;8;0.0
Goal_38;305196;2713287.0865333327;0.38888888888888884;305196;2695163.244499999;0.06681463868049954;6;0.0
Goal_34;305196;2713287.0865333327;0.16666666666666666;305196;2694879.093099999;0.06681463868049954;57;0.0
Goal_39;305196;2713287.0865333327;0.4444444444444444;305196;2698356.669099998;0.06681463868049954;11;0.0
Goal_40;305196;2713287.0865333327;0.5;305196;2705154.727999999;0.06681463868049954;45;0.0
Goal_43;305196;3617716.115377777;0.1111111111111111;305196;2809484.2964;0.06681463868049954;11;0.0
Goal_44;305196;3617716.115377777;0.16666666666666666;305196;2850143.4104999993;0.06681463868049954;9;0.0
Goal_45;305196;3617716.115377777;0.2222222222222222;305196;2828445.302199999;0.06681463868049954;13;0.0
Goal_32;305196;2713287.0865333327;0.05555555555555555;305196;2471916.402700001;0.06681463868049954;173;0.0
Goal_46;305196;3617716.115377777;0.2777777777777778;305196;2842084.985799999;0.06681463868049954;9;0.0
Goal_31;305196;2713287.0865333327;0.0;305196;2676973.284699999;0.06681463868049954;182;0.0
Goal_48;305196;3617716.115377777;0.38888888888888884;305196;2828603.0365999993;0.06681463868049954;9;0.0
Goal_47;305196;3617716.115377777;0.3333333333333333;305196;2817965.755399999;0.06681463868049954;11;0.0
Goal_49;305196;3617716.115377777;0.4444444444444444;305196;2871092.567699999;0.06681463868049954;11;0.0
Goal_50;305196;3617716.115377777;0.5;305196;2848418.3853999996;0.06681463868049954;11;0.0
Goal_53;305196;4522145.144222221;0.1111111111111111;305196;2827861.8999999994;0.06681463868049954;12;0.0
Goal_54;305196;4522145.144222221;0.16666666666666666;305196;2853926.7496999996;0.06681463868049954;7;0.0
Goal_55;305196;4522145.144222221;0.2222222222222222;305196;2828445.302199999;0.06681463868049954;13;0.0
Goal_56;305196;4522145.144222221;0.2777777777777778;305196;2842084.985799999;0.06681463868049954;12;0.0
Goal_42;305196;3617716.115377777;0.05555555555555555;305196;3130407.066399998;0.06681463868049954;171;0.0
Goal_41;305196;3617716.115377777;0.0;305196;2873788.2464999994;0.06681463868049954;183;0.0
Goal_58;305196;4522145.144222221;0.38888888888888884;305196;2828445.302199999;0.06681463868049954;7;0.0
Goal_57;305196;4522145.144222221;0.3333333333333333;305196;2877819.181699999;0.06681463868049954;9;0.0
Goal_59;305196;4522145.144222221;0.4444444444444444;305196;2829006.853799999;0.06681463868049954;8;0.0
Goal_60;305196;4522145.144222221;0.5;305196;2847370.2883999995;0.06681463868049954;11;0.0
Goal_63;305196;5426574.173066665;0.1111111111111111;305196;2815993.7805999992;0.06681463868049954;12;0.0
Goal_64;305196;5426574.173066665;0.16666666666666666;305196;2823280.1678999993;0.06681463868049954;9;0.0
Goal_65;305196;5426574.173066665;0.2222222222222222;305196;2815499.296399999;0.06681463868049954;11;0.0
Goal_66;305196;5426574.173066665;0.2777777777777778;305196;2842084.985799999;0.06681463868049954;10;0.0
Goal_67;305196;5426574.173066665;0.3333333333333333;305196;2850143.4104999993;0.06681463868049954;9;0.0
Goal_68;305196;5426574.173066665;0.38888888888888884;305196;2829007.790599999;0.06681463868049954;9;0.0
Goal_69;305196;5426574.173066665;0.4444444444444444;305196;2877359.9569999995;0.06681463868049954;14;0.0
Goal_70;305196;5426574.173066665;0.5;305196;2847370.2883999995;0.06681463868049954;15;0.0
Goal_52;305196;4522145.144222221;0.05555555555555555;305196;2975615.0592999994;0.06681463868049954;160;0.0
Goal_73;305196;6331003.2019111095;0.1111111111111111;305196;2818021.3431999995;0.06681463868049954;11;0.0
Goal_74;305196;6331003.2019111095;0.16666666666666666;305196;2835895.0705999993;0.06681463868049954;8;0.0
Goal_75;305196;6331003.2019111095;0.2222222222222222;305196;2828445.302199999;0.06681463868049954;10;0.0
Goal_76;305196;6331003.2019111095;0.2777777777777778;305196;2842084.985799999;0.06681463868049954;13;0.0
Goal_77;305196;6331003.2019111095;0.3333333333333333;305196;2842490.428099999;0.06681463868049954;13;0.0
Goal_78;305196;6331003.2019111095;0.38888888888888884;305196;2829007.790599999;0.06681463868049954;9;0.0
Goal_79;305196;6331003.2019111095;0.4444444444444444;305196;2845939.276899999;0.06681463868049954;9;0.0
Goal_80;305196;6331003.2019111095;0.5;305196;2847370.2883999995;0.06681463868049954;14;0.0
Goal_62;305196;5426574.173066665;0.05555555555555555;305196;3613198.9168999996;0.06681463868049954;171;0.0
Goal_83;305196;7235432.230755554;0.1111111111111111;305196;2818021.3431999995;0.06681463868049954;11;0.0
Goal_61;305196;5426574.173066665;0.0;305196;2883420.0879999995;0.06681463868049954;192;0.0
Goal_84;305196;7235432.230755554;0.16666666666666666;305196;2835895.0705999993;0.06681463868049954;8;0.0
Goal_51;305196;4522145.144222221;0.0;305196;4355369.344099999;0.06681463868049954;281;0.0
Goal_85;305196;7235432.230755554;0.2222222222222222;305196;2828445.302199999;0.06681463868049954;13;0.0
Goal_86;305196;7235432.230755554;0.2777777777777778;305196;2842084.985799999;0.06681463868049954;11;0.0
Goal_87;305196;7235432.230755554;0.3333333333333333;305196;2842490.428099999;0.06681463868049954;11;0.0
Goal_88;305196;7235432.230755554;0.38888888888888884;305196;2829007.790599999;0.06681463868049954;7;0.0
Goal_89;305196;7235432.230755554;0.4444444444444444;305196;2845939.276899999;0.06681463868049954;8;0.0
Goal_90;305196;7235432.230755554;0.5;305196;2847370.2883999995;0.06681463868049954;11;0.0
Goal_93;305196;8139861.259599998;0.1111111111111111;305196;2818021.3431999995;0.06681463868049954;14;0.0
Goal_72;305196;6331003.2019111095;0.05555555555555555;305196;3599463.2842999985;0.06681463868049954;188;0.0
Goal_71;305196;6331003.2019111095;0.0;305196;2883420.0879999995;0.06681463868049954;196;0.0
Goal_94;305196;8139861.259599998;0.16666666666666666;305196;2835895.0705999993;0.06681463868049954;8;0.0
Goal_95;305196;8139861.259599998;0.2222222222222222;305196;2828445.302199999;0.06681463868049954;11;0.0
Goal_97;305196;8139861.259599998;0.3333333333333333;305196;2842490.428099999;0.06681463868049954;9;0.0
Goal_96;305196;8139861.259599998;0.2777777777777778;305196;2842084.985799999;0.06681463868049954;11;0.0
Goal_98;305196;8139861.259599998;0.38888888888888884;305196;2829007.790599999;0.06681463868049954;9;0.0
Goal_99;305196;8139861.259599998;0.4444444444444444;305196;2845939.276899999;0.06681463868049954;8;0.0
Goal_100;305196;8139861.259599998;0.5;305196;2847370.2883999995;0.06681463868049954;12;0.0
Goal_82;305196;7235432.230755554;0.05555555555555555;305196;2839444.286299999;0.06681463868049954;178;0.0
Goal_81;305196;7235432.230755554;0.0;305196;7212796.972099997;0.06681463868049954;188;0.0
Goal_92;305196;8139861.259599998;0.05555555555555555;305196;3310164.9271000004;0.06681463868049954;191;0.0
Goal_91;305196;8139861.259599998;0.0;305196;3059245.1905999994;0.06681463868049954;237;0.0
Goal_108;292123;0.0;0.38888888888888884;292123;778575.5791;0.34770091434643585;11;0.0
Goal_109;292123;0.0;0.4444444444444444;292123;778575.5791;0.34770091434643585;10;0.0
Goal_110;292123;0.0;0.5;292123;778575.5791;0.34770091434643585;9;0.0
Goal_101;292123;0.0;0.0;292123;993219.7361000001;0.12652222413197012;3600;0.34898521009925787
Goal_102;292123;0.0;0.05555555555555555;292206;974272.7851000002;0.11708210494477905;3600;0.3276108237495756
Goal_103;292123;0.0;0.1111111111111111;292123;960536.9112000002;0.12056339999253404;3600;0.16992999615612706
Goal_104;292123;0.0;0.16666666666666666;292123;887590.7700000003;0.16665852201862072;3600;0.07086307556543917
Goal_105;292123;0.0;0.2222222222222222;292123;830087.0962000001;0.22222410130542303;3600;0.03629798652547509
Goal_106;292123;0.0;0.2777777777777778;292123;796646.4786000001;0.27777766179799235;3603;0.01587970690861324
Goal_119;292123;904429.0288444442;0.4444444444444444;292123;901955.6557999998;0.3448339904340547;29;0.0
Goal_120;292123;904429.0288444442;0.5;292123;894596.3049999996;0.37976302098031095;23;0.0
Goal_107;292123;0.0;0.3333333333333333;292123;779310.3854;0.3333357064008642;3600;2.1879104707118293E-5
Goal_116;292123;904429.0288444442;0.2777777777777778;292750;899877.3608999995;0.2750241124386586;144;0.0
Goal_115;292123;904429.0288444442;0.2222222222222222;292123;903846.8660000003;0.22216840388425318;167;0.0
Goal_118;292123;904429.0288444442;0.38888888888888884;292123;904429.0287;0.3461446852614524;144;0.0
Goal_117;292123;904429.0288444442;0.3333333333333333;292299;904409.2575999999;0.32925504379040205;163;0.0
Goal_111;292123;904429.0288444442;0.0;291702;954054.2396000001;0.13649998619873757;3600;0.853758295089493
Goal_125;292123;1808858.0576888884;0.2222222222222222;295860;1807256.1393999988;0.22221468978568953;74;0.0
Goal_128;292123;1808858.0576888884;0.38888888888888884;292123;1774036.7933999992;0.33124526213239636;10;0.0
Goal_129;292123;1808858.0576888884;0.4444444444444444;292123;1781840.1377999997;0.3625707164367683;13;0.0
Goal_126;292123;1808858.0576888884;0.2777777777777778;292217;1782178.3442000002;0.27774885094675833;91;0.0
Goal_124;292123;1808858.0576888884;0.16666666666666666;292619;1751684.5296;0.16666946828772516;130;0.0
Goal_127;292123;1808858.0576888884;0.3333333333333333;292123;1782165.2761999997;0.32956491197431925;89;0.0
Goal_130;292123;1808858.0576888884;0.5;292123;1805924.7659999998;0.3472673505049837;20;0.0
Goal_123;292123;1808858.0576888884;0.1111111111111111;299898;1559731.3976000003;0.11058165245706016;209;0.0
Goal_135;292123;2713287.0865333327;0.2222222222222222;295253;2534512.353400001;0.22036161196118598;92;0.0
Goal_133;292123;2713287.0865333327;0.1111111111111111;295681;2352495.2379999994;0.11110959398793019;171;0.0
Goal_134;292123;2713287.0865333327;0.16666666666666666;292123;2684470.0936000003;0.16192789141142824;175;0.0
Goal_138;292123;2713287.0865333327;0.38888888888888884;292291;2655500.0294000003;0.3550822043915541;5;0.0
Goal_139;292123;2713287.0865333327;0.4444444444444444;292291;2655500.0294000003;0.3550822043915541;6;0.0
Goal_140;292123;2713287.0865333327;0.5;292291;2655500.0294000003;0.3550822043915541;5;0.0
Goal_114;292123;904429.0288444442;0.16666666666666666;292123;903722.0032000002;0.16657197289142653;568;0.0
Goal_137;292123;2713287.0865333327;0.3333333333333333;292123;2657635.2917;0.31542545884823686;104;0.0
Goal_143;292123;3617716.115377777;0.1111111111111111;292794;3303717.9006999987;0.10311477057141008;20;0.0
Goal_136;292123;2713287.0865333327;0.2777777777777778;292134;2637151.939099999;0.27777226747904016;192;0.0
Goal_144;292123;3617716.115377777;0.16666666666666666;297525;2673618.8708;0.1666663853704836;104;0.0
Goal_145;292123;3617716.115377777;0.2222222222222222;293049;2765154.6129999994;0.22110894839657383;70;0.0
Goal_146;292123;3617716.115377777;0.2777777777777778;292123;2771280.6887999997;0.2777324874197756;49;0.0
Goal_148;292123;3617716.115377777;0.38888888888888884;292291;2655500.0294000003;0.3550822043915541;4;0.0
Goal_149;292123;3617716.115377777;0.4444444444444444;292291;2655500.0294000003;0.3550822043915541;5;0.0
Goal_150;292123;3617716.115377777;0.5;292291;2655500.0294000003;0.3550822043915541;4;0.0
Goal_147;292123;3617716.115377777;0.3333333333333333;292293;2672130.030099999;0.3331185175271131;72;0.0
Goal_112;292123;904429.0288444442;0.05555555555555555;292123;971775.404;0.11731428836463449;3600;1.0
Goal_153;292123;4522145.144222221;0.1111111111111111;299499;3032553.9811999993;0.11072426382453919;53;0.0
Goal_154;292123;4522145.144222221;0.16666666666666666;295971;2654712.392899999;0.1666676188968891;81;0.0
Goal_155;292123;4522145.144222221;0.2222222222222222;292162;2818090.703299999;0.22221753164849994;53;0.0
Goal_113;292123;904429.0288444442;0.1111111111111111;292381;974204.9019;0.11387398078444409;3600;1.0
Goal_156;292123;4522145.144222221;0.2777777777777778;292131;2495061.008000001;0.27776867822243756;75;0.0
Goal_158;292123;4522145.144222221;0.38888888888888884;292291;2655500.0294000003;0.3550822043915541;5;0.0
Goal_159;292123;4522145.144222221;0.4444444444444444;292291;2655500.0294000003;0.3550822043915541;5;0.0
Goal_160;292123;4522145.144222221;0.5;292291;2655500.0294000003;0.3550822043915541;4;0.0
Goal_157;292123;4522145.144222221;0.3333333333333333;292293;2672130.030099999;0.3331185175271131;67;0.0
Goal_121;292123;1808858.0576888884;0.0;299483;1807696.8708999995;0.06701622555340828;3600;0.37672517410810585
Goal_122;292123;1808858.0576888884;0.05555555555555555;293536;1801917.6135999993;0.07905554628747968;3600;1.0
Goal_163;292123;5426574.173066665;0.1111111111111111;297073;2916768.1498999987;0.11063767805686132;49;0.0
Goal_165;292123;5426574.173066665;0.2222222222222222;296194;2586969.2238000003;0.22205681468871188;70;0.0
Goal_164;292123;5426574.173066665;0.16666666666666666;298915;3088089.6290999996;0.16626303651452637;126;0.0
Goal_132;292123;2713287.0865333327;0.05555555555555555;297167;2643583.6355;0.06670072322592042;3600;1.0
Goal_131;292123;2713287.0865333327;0.0;292126;2690562.6783000003;0.07580440420030034;3606;0.5162577596692763
Goal_168;292123;5426574.173066665;0.38888888888888884;292291;2655500.0294000003;0.3550822043915541;6;0.0
Goal_169;292123;5426574.173066665;0.4444444444444444;292291;2655500.0294000003;0.3550822043915541;5;0.0
Goal_170;292123;5426574.173066665;0.5;292291;2655500.0294000003;0.3550822043915541;5;0.0
Goal_167;292123;5426574.173066665;0.3333333333333333;292293;2672130.030099999;0.3331185175271131;74;0.0
Goal_166;292123;5426574.173066665;0.2777777777777778;292148;4188899.139299997;0.2777678792483356;119;0.0
Goal_173;292123;6331003.2019111095;0.1111111111111111;304191;4918820.065099998;0.11073428182786846;106;0.0
Goal_141;292123;3617716.115377777;0.0;292291;3165521.8954000007;0.07660668932104153;3600;0.5164756548413306
Goal_175;292123;6331003.2019111095;0.2222222222222222;295026;2583476.387199999;0.22196633497987173;73;0.0
Goal_174;292123;6331003.2019111095;0.16666666666666666;297376;3079850.5305;0.16666689812208188;164;0.0
Goal_178;292123;6331003.2019111095;0.38888888888888884;292291;2655500.0294000003;0.3550822043915541;6;0.0
Goal_179;292123;6331003.2019111095;0.4444444444444444;292291;2655500.0294000003;0.3550822043915541;4;0.0
Goal_142;292123;3617716.115377777;0.05555555555555555;292123;3617716.1074999995;0.07313297564810778;3600;1.0
Goal_180;292123;6331003.2019111095;0.5;292291;2655500.0294000003;0.3550822043915541;6;0.0
Goal_176;292123;6331003.2019111095;0.2777777777777778;293285;3017657.584799999;0.2763806220165422;72;0.0
Goal_177;292123;6331003.2019111095;0.3333333333333333;292293;2672130.030099999;0.3331185175271131;73;0.0
Goal_183;292123;7235432.230755554;0.1111111111111111;299994;3135999.7570999996;0.11111111377604024;63;0.0
Goal_185;292123;7235432.230755554;0.2222222222222222;295026;2583476.387199999;0.22196633497987173;71;0.0
Goal_184;292123;7235432.230755554;0.16666666666666666;293471;2736021.5401;0.16663808042702632;176;0.0
Goal_151;292123;4522145.144222221;0.0;292123;3383027.2708;0.07762556226441651;3600;0.5387621136015665
Goal_188;292123;7235432.230755554;0.38888888888888884;292291;2655500.0294000003;0.3550822043915541;5;0.0
Goal_152;292123;4522145.144222221;0.05555555555555555;298338;3721275.5310999993;0.0664880242297003;3600;1.0
Goal_189;292123;7235432.230755554;0.4444444444444444;292291;2655500.0294000003;0.3550822043915541;4;0.0
Goal_190;292123;7235432.230755554;0.5;292291;2655500.0294000003;0.3550822043915541;4;0.0
Goal_186;292123;7235432.230755554;0.2777777777777778;292652;2780016.0951999994;0.2775441159272451;83;0.0
Goal_187;292123;7235432.230755554;0.3333333333333333;292293;2672130.030099999;0.3331185175271131;75;0.0
Goal_193;292123;8139861.259599998;0.1111111111111111;299994;3135999.7570999996;0.11111111377604024;62;0.0
Goal_195;292123;8139861.259599998;0.2222222222222222;295026;2583476.387199999;0.22196633497987173;73;0.0
Goal_194;292123;8139861.259599998;0.16666666666666666;297632;3377035.1974;0.16652574988059263;125;0.0
Goal_196;292123;8139861.259599998;0.2777777777777778;292652;2780016.0951999994;0.2775441159272451;81;0.0
Goal_198;292123;8139861.259599998;0.38888888888888884;292291;2655500.0294000003;0.3550822043915541;4;0.0
Goal_197;292123;8139861.259599998;0.3333333333333333;292293;2672130.030099999;0.3331185175271131;71;0.0
Goal_199;292123;8139861.259599998;0.4444444444444444;292291;2655500.0294000003;0.3550822043915541;4;0.0
Goal_200;292123;8139861.259599998;0.5;292291;2655500.0294000003;0.3550822043915541;4;0.0
Goal_161;292123;5426574.173066665;0.0;292123;4771466.462800004;0.08299675608595819;3600;0.5967337031404027
Goal_162;292123;5426574.173066665;0.05555555555555555;292152;4892616.894300002;0.06802312192125697;3600;1.0
Goal_171;292123;6331003.2019111095;0.0;297696;4549938.5703;0.06637322995658528;3600;0.36887905877864896
Goal_172;292123;6331003.2019111095;0.05555555555555555;293100;4716425.855999999;0.0681759484826127;3600;1.0
Goal_182;292123;7235432.230755554;0.05555555555555555;292172;4652590.998499996;0.06760550334614429;3600;1.0
Goal_181;292123;7235432.230755554;0.0;292146;4204448.648400001;0.07256947636068378;3616;0.4721200732957121
Goal_192;292123;8139861.259599998;0.05555555555555555;292280;4818228.022899999;0.06783389385979628;3600;1.0
Goal_191;292123;8139861.259599998;0.0;298158;5089173.3148;0.06640096653343956;3609;0.36946502777598167
Goal_210;279051;0.0;0.5;279051;471273.2075000001;0.45995843176759177;13;0.0
Goal_201;279051;0.0;0.0;282201;941806.2766999999;0.12178378523152333;3600;0.4915358503026302
Goal_202;279051;0.0;0.05555555555555555;283123;953894.1734000001;0.11637000944957153;3600;0.500522717505444
Goal_203;279051;0.0;0.1111111111111111;280888;857064.3386000001;0.1604498499128535;3600;0.5404702468590067
Goal_204;279051;0.0;0.16666666666666666;280332;822799.2535000002;0.17372946798766917;3600;0.3848869374084264
Goal_215;279051;904429.0288444442;0.2222222222222222;281181;902321.8933000001;0.2221600957900946;178;0.0
Goal_216;279051;904429.0288444442;0.2777777777777778;280359;896571.7032;0.27771677762353675;172;0.0
Goal_217;279051;904429.0288444442;0.3333333333333333;279287;899267.0834000001;0.33315343540388154;179;0.0
Goal_218;279051;904429.0288444442;0.38888888888888884;279178;854189.7231000002;0.38850003385898135;264;0.0
Goal_219;279051;904429.0288444442;0.4444444444444444;279051;898797.7844000001;0.44003129199244956;45;0.0
Goal_220;279051;904429.0288444442;0.5;279051;887148.6226000001;0.4562027949326903;52;0.0
Goal_205;279051;0.0;0.2222222222222222;279820;677773.1364000003;0.2222218205114874;3600;0.23419517727572833
Goal_206;279051;0.0;0.2777777777777778;279051;561628.3268;0.27777212427865583;3600;0.12846150020999916
Goal_214;279051;904429.0288444442;0.16666666666666666;279942;901578.8431000008;0.16666757941467492;1598;0.0
Goal_223;279051;1808858.0576888884;0.1111111111111111;295491;1706098.8565999996;0.11109772603218146;191;0.0
Goal_207;279051;0.0;0.3333333333333333;279051;516318.08540000004;0.33333636212083556;3600;0.060136615929335425
Goal_208;279051;0.0;0.38888888888888884;279051;485081.6768000001;0.3888885806684424;3600;0.012478791668373946
Goal_224;279051;1808858.0576888884;0.16666666666666666;281762;1788114.8856000006;0.16663419205521116;140;0.0
Goal_225;279051;1808858.0576888884;0.2222222222222222;279212;1793409.0661999988;0.2222199163089182;185;0.0
Goal_229;279051;1808858.0576888884;0.4444444444444444;279051;1796218.0296000002;0.4430325319680541;6;0.0
Goal_230;279051;1808858.0576888884;0.5;279051;1796218.0296000002;0.4430325319680541;6;0.0
Goal_227;279051;1808858.0576888884;0.3333333333333333;281643;1787591.4735000005;0.33332816921386765;179;0.0
Goal_226;279051;1808858.0576888884;0.2777777777777778;279051;1222562.2068000005;0.27688889466255107;201;0.0
Goal_228;279051;1808858.0576888884;0.38888888888888884;279329;1800489.6678999993;0.38888315286245706;179;0.0
Goal_209;279051;0.0;0.4444444444444444;279051;471889.26980000007;0.44444387062299034;3601;1.3336860498895555E-4
Goal_211;279051;904429.0288444442;0.0;283113;918540.4495000007;0.14202775839874004;3600;0.8611357243701652
Goal_234;279051;2713287.0865333327;0.16666666666666666;295144;2381166.110500001;0.16666907721838736;144;0.0
Goal_235;279051;2713287.0865333327;0.2222222222222222;288381;2638721.9417999997;0.2222239632881366;128;0.0
Goal_233;279051;2713287.0865333327;0.1111111111111111;304335;2659810.2601999985;0.08454660533769476;175;0.0
Goal_239;279051;2713287.0865333327;0.4444444444444444;279051;2343655.237;0.43813099812161055;4;0.0
Goal_240;279051;2713287.0865333327;0.5;279051;2343655.237;0.43813099812161055;5;0.0
Goal_238;279051;2713287.0865333327;0.38888888888888884;289260;2248950.9842000003;0.3839529264157366;112;0.0
Goal_236;279051;2713287.0865333327;0.2777777777777778;279123;1969959.2566000007;0.2777393641390811;229;0.0
Goal_213;279051;904429.0288444442;0.1111111111111111;279369;927454.2408999996;0.14150751600486738;3600;1.0
Goal_212;279051;904429.0288444442;0.05555555555555555;279720;970678.7215000001;0.16474695921200774;3609;1.0
Goal_237;279051;2713287.0865333327;0.3333333333333333;279109;1770521.7699999993;0.333301877666577;145;0.0
Goal_246;279051;3617716.115377777;0.2777777777777778;284567;2649746.855399999;0.27772455561270976;92;0.0
Goal_243;279051;3617716.115377777;0.1111111111111111;293077;3051551.847300001;0.09657989780151097;186;0.0
Goal_244;279051;3617716.115377777;0.16666666666666666;295357;3101676.6262000008;0.16665512022312748;197;0.0
Goal_245;279051;3617716.115377777;0.2222222222222222;296534;2878923.9001999996;0.22172735807027896;194;0.0
Goal_249;279051;3617716.115377777;0.4444444444444444;279051;2343655.237;0.43813099812161055;5;0.0
Goal_250;279051;3617716.115377777;0.5;279051;2343655.237;0.43813099812161055;5;0.0
Goal_248;279051;3617716.115377777;0.38888888888888884;284469;2388088.6822999995;0.388883199992149;151;0.0
Goal_247;279051;3617716.115377777;0.3333333333333333;300065;3577961.193599999;0.19677257323255207;256;0.0
Goal_253;279051;4522145.144222221;0.1111111111111111;281182;4110040.7342000008;0.09660797015595368;190;0.0
Goal_254;279051;4522145.144222221;0.16666666666666666;299041;3766347.104699999;0.16290928603211607;195;0.0
Goal_255;279051;4522145.144222221;0.2222222222222222;290568;2946395.787599999;0.22094885848990597;174;0.0
Goal_256;279051;4522145.144222221;0.2777777777777778;279060;2304154.6684000003;0.27774875534831484;183;0.0
Goal_258;279051;4522145.144222221;0.38888888888888884;280343;2237935.932800001;0.38117417152786026;102;0.0
Goal_259;279051;4522145.144222221;0.4444444444444444;279051;2343655.237;0.43813099812161055;5;0.0
Goal_260;279051;4522145.144222221;0.5;279051;2343655.237;0.43813099812161055;5;0.0
Goal_257;279051;4522145.144222221;0.3333333333333333;281231;3013108.4588;0.3333337052122378;193;0.0
Goal_221;279051;1808858.0576888884;0.0;300381;1795212.1434;0.06740055230946917;3600;0.3593857124350955
Goal_263;279051;5426574.173066665;0.1111111111111111;282178;3677174.516800001;0.10368157678920044;170;0.0
Goal_264;279051;5426574.173066665;0.16666666666666666;291850;4826758.304900001;0.16653466425272906;169;0.0
Goal_265;279051;5426574.173066665;0.2222222222222222;291437;2765200.6138999998;0.2222065761672197;120;0.0
Goal_222;279051;1808858.0576888884;0.05555555555555555;286130;1808811.3952000001;0.0782154028851733;3600;1.0
Goal_266;279051;5426574.173066665;0.2777777777777778;281781;2637320.8248000005;0.27733218842874696;174;0.0
Goal_267;279051;5426574.173066665;0.3333333333333333;279058;2327348.298200001;0.3332499640851342;213;0.0
Goal_269;279051;5426574.173066665;0.4444444444444444;279051;2343655.237;0.43813099812161055;4;0.0
Goal_270;279051;5426574.173066665;0.5;279051;2343655.237;0.43813099812161055;5;0.0
Goal_268;279051;5426574.173066665;0.38888888888888884;281097;2321166.088;0.3591626899390899;128;0.0
Goal_231;279051;2713287.0865333327;0.0;279051;2712529.6051000007;0.09167169573999319;3600;0.6615563643314
Goal_232;279051;2713287.0865333327;0.05555555555555555;281247;2636422.7090999996;0.08787749789237802;3600;1.0
Goal_273;279051;6331003.2019111095;0.1111111111111111;295044;3707361.129799999;0.11110992930289125;172;0.0
Goal_274;279051;6331003.2019111095;0.16666666666666666;288047;3009975.3687;0.16655945335230182;159;0.0
Goal_241;279051;3617716.115377777;0.0;289838;3547879.6023999993;0.06966303249555544;3604;0.3802852980289824
Goal_242;279051;3617716.115377777;0.05555555555555555;279314;3246374.0600000015;0.07867592012297678;3600;1.0
Goal_276;279051;6331003.2019111095;0.2777777777777778;280788;2352937.0763;0.277693933354637;142;0.0
Goal_279;279051;6331003.2019111095;0.4444444444444444;279051;2343655.237;0.43813099812161055;4;0.0
Goal_280;279051;6331003.2019111095;0.5;279051;2343655.237;0.43813099812161055;6;0.0
Goal_275;279051;6331003.2019111095;0.2222222222222222;279052;3442099.9043;0.22219512611227282;197;0.0
Goal_277;279051;6331003.2019111095;0.3333333333333333;282044;2871251.899500001;0.33328683110791996;204;0.0
Goal_278;279051;6331003.2019111095;0.38888888888888884;280918;2004684.7246999994;0.3521948625682005;143;0.0
Goal_251;279051;4522145.144222221;0.0;299619;3431450.8943999996;0.06858532339254989;3600;0.4116822873457896
Goal_252;279051;4522145.144222221;0.05555555555555555;287000;4379392.4802;0.0690862509096246;3600;1.0
Goal_283;279051;7235432.230755554;0.1111111111111111;279053;3514156.2555000004;0.11111129641126773;196;0.0
Goal_284;279051;7235432.230755554;0.16666666666666666;291440;6134579.251199998;0.15584566974008243;184;0.0
Goal_285;279051;7235432.230755554;0.2222222222222222;289895;2876378.5705000004;0.22222241690278502;127;0.0
Goal_289;279051;7235432.230755554;0.4444444444444444;279051;2343655.237;0.43813099812161055;6;0.0
Goal_290;279051;7235432.230755554;0.5;279051;2343655.237;0.43813099812161055;5;0.0
Goal_286;279051;7235432.230755554;0.2777777777777778;279874;3537163.3521999987;0.27777867033227943;196;0.0
Goal_288;279051;7235432.230755554;0.38888888888888884;279181;2272940.3829;0.38621258352031884;134;0.0
Goal_287;279051;7235432.230755554;0.3333333333333333;279106;2690875.4302000008;0.333295547182462;190;0.0
Goal_293;279051;8139861.259599998;0.1111111111111111;305040;7669122.911299997;0.09427669623066431;168;0.0
Goal_294;279051;8139861.259599998;0.16666666666666666;304524;7309832.515999996;0.09917918069619877;181;0.0
Goal_295;279051;8139861.259599998;0.2222222222222222;288351;4104727.213699999;0.22206567595226123;162;0.0
Goal_296;279051;8139861.259599998;0.2777777777777778;280652;2966782.9156000004;0.27777881727148795;167;0.0
Goal_261;279051;5426574.173066665;0.0;279051;5304786.805500003;0.08557654445800576;3600;0.6117681652044159
Goal_299;279051;8139861.259599998;0.4444444444444444;279051;2343655.237;0.43813099812161055;4;0.0
Goal_300;279051;8139861.259599998;0.5;279051;2343655.237;0.43813099812161055;4;0.0
Goal_262;279051;5426574.173066665;0.05555555555555555;281515;4304309.914700003;0.07237775822615795;3600;1.0
Goal_297;279051;8139861.259599998;0.3333333333333333;279051;3042660.3271000003;0.3299573265182326;191;0.0
Goal_298;279051;8139861.259599998;0.38888888888888884;279181;2272940.3829;0.38621258352031884;147;0.0
Goal_271;279051;6331003.2019111095;0.0;279186;4718899.351000002;0.07445081153321412;3607;0.4802925221484888
Goal_272;279051;6331003.2019111095;0.05555555555555555;280769;6253117.501900003;0.07251351560327592;3600;1.0
Goal_281;279051;7235432.230755554;0.0;279051;4816487.1938;0.07923297047543666;3600;0.5591576799647187
Goal_282;279051;7235432.230755554;0.05555555555555555;300510;5533404.652300001;0.06621757585040777;3600;1.0
Goal_291;279051;8139861.259599998;0.0;279051;5256863.190000003;0.07863920726950664;3600;0.5449464766962544
Goal_292;279051;8139861.259599998;0.05555555555555555;282679;4522613.631299997;0.08254326316632687;3607;1.0
Goal_310;265979;0.0;0.5;265979;230757.8479;0.4915401194061599;13;0.0
Goal_301;265979;0.0;0.0;275077;1036199.8667;0.09666010989470304;3600;0.4077358221780958
Goal_302;265979;0.0;0.05555555555555555;266859;886232.9754999998;0.16021696206878747;3600;0.5819170649946225
Goal_303;265979;0.0;0.1111111111111111;269243;931931.0344999996;0.15786160385872683;3600;0.5757270446076623
Goal_304;265979;0.0;0.16666666666666666;276063;797058.3084000002;0.16666678856750794;3602;0.41338274392361246
Goal_314;265979;904429.0288444442;0.16666666666666666;274117;890362.8951000003;0.16665859435017932;273;0.0
Goal_315;265979;904429.0288444442;0.2222222222222222;266616;894083.3745999999;0.22214823524526017;304;0.0
Goal_317;265979;904429.0288444442;0.3333333333333333;266795;904417.0196;0.3329767631701549;100;0.0
Goal_316;265979;904429.0288444442;0.2777777777777778;270093;898770.4883000003;0.2767715625153964;204;0.0
Goal_318;265979;904429.0288444442;0.38888888888888884;272142;896223.1842;0.3888135706313631;79;0.0
Goal_320;265979;904429.0288444442;0.5;265979;897654.9352;0.48567159805915516;14;0.0
Goal_319;265979;904429.0288444442;0.4444444444444444;267596;902762.9171999997;0.4444443146403227;64;0.0
Goal_305;265979;0.0;0.2222222222222222;266800;791179.0115000008;0.23016516175587987;3600;0.5638930269012187
Goal_306;265979;0.0;0.2777777777777778;266572;513727.7607000001;0.27777779989802104;3600;0.34345586787602644
Goal_323;265979;1808858.0576888884;0.1111111111111111;269470;1781010.3851999997;0.11111112714770434;128;0.0
Goal_324;265979;1808858.0576888884;0.16666666666666666;265979;1720885.3807999997;0.16665713409134;242;0.0
Goal_325;265979;1808858.0576888884;0.2222222222222222;268744;1613578.8704999997;0.22123992673619888;128;0.0
Goal_326;265979;1808858.0576888884;0.2777777777777778;268985;1796814.4934999999;0.2777649879338771;28;0.0
Goal_328;265979;1808858.0576888884;0.38888888888888884;275075;1792884.2449000003;0.38888828678721704;32;0.0
Goal_329;265979;1808858.0576888884;0.4444444444444444;272074;1688956.9920000008;0.44309499488198284;24;0.0
Goal_330;265979;1808858.0576888884;0.5;266302;1793113.0725000002;0.47962853284960166;5;0.0
Goal_327;265979;1808858.0576888884;0.3333333333333333;273707;1716580.9796999998;0.331807093477254;98;0.0
Goal_307;265979;0.0;0.3333333333333333;265979;402550.4658000003;0.3333337893785943;3600;0.2812251578864058
Goal_308;265979;0.0;0.38888888888888884;265979;277587.9150999999;0.3888865495786803;3600;0.07153387967903611
Goal_333;265979;2713287.0865333327;0.1111111111111111;295464;2589115.7651000004;0.11093073558239194;132;0.0
Goal_334;265979;2713287.0865333327;0.16666666666666666;273633;2247879.364799999;0.16657883717744226;201;0.0
Goal_335;265979;2713287.0865333327;0.2222222222222222;283208;2628120.0092999996;0.2219442093478311;97;0.0
Goal_336;265979;2713287.0865333327;0.2777777777777778;267699;2707608.9433999984;0.27744171799024303;74;0.0
Goal_309;265979;0.0;0.4444444444444444;265979;241461.45830000006;0.44444385977852907;3600;0.01303641983536802
Goal_337;265979;2713287.0865333327;0.3333333333333333;268030;2659583.299700001;0.3333348030776881;103;0.0
Goal_340;265979;2713287.0865333327;0.5;265979;2037277.1155999997;0.4785225682169475;5;0.0
Goal_338;265979;2713287.0865333327;0.38888888888888884;277292;2402452.5637999997;0.3887785889878871;66;0.0
Goal_339;265979;2713287.0865333327;0.4444444444444444;267296;2245329.2295;0.44401792704951315;62;0.0
Goal_311;265979;904429.0288444442;0.0;269463;904870.9302999997;0.15971585709967998;3600;0.9047185286029872
Goal_343;265979;3617716.115377777;0.1111111111111111;304132;2855221.067;0.11023004518468968;97;0.0
Goal_344;265979;3617716.115377777;0.16666666666666666;275887;2726488.6127000013;0.1635417207063992;197;0.0
Goal_345;265979;3617716.115377777;0.2222222222222222;270910;2342657.810400001;0.22222373850427987;173;0.0
Goal_346;265979;3617716.115377777;0.2777777777777778;265999;2871844.056199999;0.2777621347899059;65;0.0
Goal_348;265979;3617716.115377777;0.38888888888888884;277854;2466314.9231000007;0.3888889112787723;71;0.0
Goal_347;265979;3617716.115377777;0.3333333333333333;267444;2947349.370399999;0.33322439408334037;127;0.0
Goal_350;265979;3617716.115377777;0.5;265979;2037277.1155999997;0.4785225682169475;5;0.0
Goal_349;265979;3617716.115377777;0.4444444444444444;269991;2259586.8512;0.4444433334678745;69;0.0
Goal_312;265979;904429.0288444442;0.05555555555555555;267776;939404.5273000002;0.12067310037879128;3606;1.0
Goal_313;265979;904429.0288444442;0.1111111111111111;283671;1049326.5228000002;0.11111291775642274;3600;1.0
Goal_354;265979;4522145.144222221;0.16666666666666666;292076;3000300.5169000006;0.16666686196121605;175;0.0
Goal_353;265979;4522145.144222221;0.1111111111111111;301026;4127110.4573999997;0.11108044834953888;183;0.0
Goal_356;265979;4522145.144222221;0.2777777777777778;289226;3446279.1137999995;0.2777694681324061;88;0.0
Goal_355;265979;4522145.144222221;0.2222222222222222;298411;4237551.781799997;0.19745477954548155;207;0.0
Goal_357;265979;4522145.144222221;0.3333333333333333;266316;3006442.3557;0.33328115831919175;113;0.0
Goal_358;265979;4522145.144222221;0.38888888888888884;277774;2377396.4094000002;0.3888888361356589;17;0.0
Goal_360;265979;4522145.144222221;0.5;265979;2037277.1155999997;0.4785225682169475;4;0.0
Goal_359;265979;4522145.144222221;0.4444444444444444;266685;2301398.1991999997;0.4437672464183397;86;0.0
Goal_321;265979;1808858.0576888884;0.0;292511;1808876.2147999995;0.06842727110791916;3600;0.42266825451146706
Goal_322;265979;1808858.0576888884;0.05555555555555555;270777;1807200.4385000004;0.10783848507073922;3600;1.0
Goal_364;265979;5426574.173066665;0.16666666666666666;290283;2827886.1430999995;0.16666808543551823;181;0.0
Goal_363;265979;5426574.173066665;0.1111111111111111;291764;4875934.058600003;0.11077752994592961;215;0.0
Goal_365;265979;5426574.173066665;0.2222222222222222;266594;2962696.920199998;0.2218842725614361;64;0.0
Goal_366;265979;5426574.173066665;0.2777777777777778;268474;3198359.9068999984;0.2763031812474067;70;0.0
Goal_368;265979;5426574.173066665;0.38888888888888884;278435;2396954.33;0.38875848230197646;50;0.0
Goal_367;265979;5426574.173066665;0.3333333333333333;270656;3138223.064900001;0.3332821553620836;133;0.0
Goal_370;265979;5426574.173066665;0.5;265979;2037277.1155999997;0.4785225682169475;6;0.0
Goal_369;265979;5426574.173066665;0.4444444444444444;266985;2253490.6404000004;0.4440203887395482;74;0.0
Goal_331;265979;2713287.0865333327;0.0;266446;2630674.640799999;0.11275122235667;3600;0.8013162253883613
Goal_332;265979;2713287.0865333327;0.05555555555555555;286464;2688023.7396000014;0.06997671883356409;3600;1.0
Goal_373;265979;6331003.2019111095;0.1111111111111111;270234;2853484.9364999984;0.10192502413212426;191;0.0
Goal_374;265979;6331003.2019111095;0.16666666666666666;276270;3747036.091600001;0.16636325451186515;200;0.0
Goal_375;265979;6331003.2019111095;0.2222222222222222;266594;2962696.920199998;0.2218842725614361;62;0.0
Goal_376;265979;6331003.2019111095;0.2777777777777778;268474;3198359.9068999984;0.2763031812474067;70;0.0
Goal_378;265979;6331003.2019111095;0.38888888888888884;277901;2365571.8958000005;0.38618005206036404;55;0.0
Goal_377;265979;6331003.2019111095;0.3333333333333333;281990;2449658.0165999997;0.3304651113303304;147;0.0
Goal_380;265979;6331003.2019111095;0.5;265979;2037277.1155999997;0.4785225682169475;6;0.0
Goal_379;265979;6331003.2019111095;0.4444444444444444;274192;2421112.4302000003;0.4293711296752363;83;0.0
Goal_342;265979;3617716.115377777;0.05555555555555555;283260;3400683.331300001;0.0804644643901656;3600;1.0
Goal_341;265979;3617716.115377777;0.0;288683;3608913.505699998;0.07418466852082696;3607;0.5206688967794095
Goal_383;265979;7235432.230755554;0.1111111111111111;286430;3776092.9910999998;0.11111212497268462;182;0.0
Goal_384;265979;7235432.230755554;0.16666666666666666;294195;4096938.4841;0.16614754197125728;185;0.0
Goal_385;265979;7235432.230755554;0.2222222222222222;270175;3056768.103699999;0.2222222873516251;54;0.0
Goal_386;265979;7235432.230755554;0.2777777777777778;268474;3198359.9068999984;0.2763031812474067;65;0.0
Goal_388;265979;7235432.230755554;0.38888888888888884;277901;2365571.8958000005;0.38618005206036404;48;0.0
Goal_389;265979;7235432.230755554;0.4444444444444444;270213;2264396.859;0.4444402618046888;57;0.0
Goal_390;265979;7235432.230755554;0.5;265979;2037277.1155999997;0.4785225682169475;5;0.0
Goal_387;265979;7235432.230755554;0.3333333333333333;265991;2660106.9158000005;0.3332674841698743;149;0.0
Goal_351;265979;4522145.144222221;0.0;272676;3988608.514000001;0.08770625162309698;3600;0.6460674088408442
Goal_352;265979;4522145.144222221;0.05555555555555555;301817;4010378.9998000003;0.06625573078286841;3600;1.0
Goal_393;265979;8139861.259599998;0.1111111111111111;304482;4814267.3464;0.09566411158897263;183;0.0
Goal_394;265979;8139861.259599998;0.16666666666666666;295868;3581567.5441999994;0.16551803917986785;175;0.0
Goal_396;265979;8139861.259599998;0.2777777777777778;268474;3198359.9068999984;0.2763031812474067;69;0.0
Goal_395;265979;8139861.259599998;0.2222222222222222;282397;2534376.1071;0.22211356448800937;96;0.0
Goal_398;265979;8139861.259599998;0.38888888888888884;277887;2366201.6632000008;0.38634904445994156;49;0.0
Goal_397;265979;8139861.259599998;0.3333333333333333;266122;3861666.6494999994;0.33329539000727026;120;0.0
Goal_400;265979;8139861.259599998;0.5;265979;2037277.1155999997;0.4785225682169475;5;0.0
Goal_399;265979;8139861.259599998;0.4444444444444444;270213;2264396.859;0.4444402618046888;58;0.0
Goal_361;265979;5426574.173066665;0.0;268633;4511804.700000001;0.09222962735534918;3620;0.7058230001725485
Goal_362;265979;5426574.173066665;0.05555555555555555;292184;4263898.792199999;0.06803083956880332;3600;1.0
Goal_371;265979;6331003.2019111095;0.0;301027;4249114.099099998;0.06664714843832872;3601;0.3915879321187766
Goal_372;265979;6331003.2019111095;0.05555555555555555;289973;6224701.6497;0.06801718331963913;3600;1.0
Goal_381;265979;7235432.230755554;0.0;265982;5452111.444399996;0.08615962063405233;3600;0.6717439632095833
Goal_382;265979;7235432.230755554;0.05555555555555555;272951;4686633.218000001;0.07838142199602023;3600;1.0
Goal_391;265979;8139861.259599998;0.0;269084;4464301.371400001;0.11846538290348083;3600;0.8267850818080696
Goal_392;265979;8139861.259599998;0.05555555555555555;285604;5675639.648500001;0.06888307178148217;3600;1.0
Goal_410;252907;0.0;0.5;252907;52102.84159999999;0.49644478587473295;5;0.0
Goal_401;252907;0.0;0.0;264539;979540.9428;0.10939532317463245;3600;0.5026082006583191
Goal_402;252907;0.0;0.05555555555555555;255548;904688.7527000002;0.13202928027444866;3601;0.5765803616010929
Goal_403;252907;0.0;0.1111111111111111;256517;805548.2474999997;0.19328279565313594;3600;0.7303143484565449
Goal_404;252907;0.0;0.16666666666666666;266659;824586.9095999998;0.1666666740809065;3600;0.5726321932678716
Goal_415;252907;904429.0288444442;0.2222222222222222;263956;898056.9792;0.22219592604494393;282;0.0
Goal_416;252907;904429.0288444442;0.2777777777777778;254190;895123.5479999998;0.27777746064014897;143;0.0
Goal_417;252907;904429.0288444442;0.3333333333333333;261606;892172.1266999999;0.3330446592526841;113;0.0
Goal_405;252907;0.0;0.2222222222222222;253179;816409.5369999998;0.22221981132561613;3600;0.6440206788178647
Goal_406;252907;0.0;0.2777777777777778;254730;546105.2856999998;0.2777779740510942;3605;0.5967670203659108
Goal_420;252907;904429.0288444442;0.5;252907;902697.8551999999;0.4976240358318466;5;0.0
Goal_418;252907;904429.0288444442;0.38888888888888884;260948;810030.9457999999;0.38887725054116823;90;0.0
Goal_419;252907;904429.0288444442;0.4444444444444444;252995;892409.7531999999;0.44316696032038544;195;0.0
Goal_423;252907;1808858.0576888884;0.1111111111111111;303715;1801039.1639999996;0.07862159252159001;213;0.0
Goal_424;252907;1808858.0576888884;0.16666666666666666;268222;1749397.8462000005;0.1665561487548926;161;0.0
Goal_425;252907;1808858.0576888884;0.2222222222222222;252907;1764423.3846;0.22211045745843944;138;0.0
Goal_426;252907;1808858.0576888884;0.2777777777777778;252910;1703852.1275999995;0.27777315401246916;72;0.0
Goal_427;252907;1808858.0576888884;0.3333333333333333;258588;1425068.8617000005;0.333293667703498;112;0.0
Goal_428;252907;1808858.0576888884;0.38888888888888884;257100;1572014.8264000004;0.38888038657087426;121;0.0
Goal_429;252907;1808858.0576888884;0.4444444444444444;258625;1767727.6772999999;0.4435970314557271;46;0.0
Goal_430;252907;1808858.0576888884;0.5;252907;1684615.872;0.4901899087008883;5;0.0
Goal_407;252907;0.0;0.3333333333333333;253351;396424.54730000015;0.33333233128077994;3600;0.6112975072382416
Goal_408;252907;0.0;0.38888888888888884;252921;207846.77520000006;0.38888685216209556;3600;0.5040816901347809
Goal_433;252907;2713287.0865333327;0.1111111111111111;302359;2631420.5989;0.11074234963895492;203;0.0
Goal_434;252907;2713287.0865333327;0.16666666666666666;262184;2555526.178199999;0.16639458616144004;190;0.0
Goal_435;252907;2713287.0865333327;0.2222222222222222;283120;2487527.6030999995;0.22081204144661792;71;0.0
Goal_409;252907;0.0;0.4444444444444444;252907;82371.0123;0.44444440083540976;3600;0.1798162219958321
Goal_411;252907;904429.0288444442;0.0;262415;907664.9509999994;0.15432910083936105;3600;0.8933544075871497
Goal_436;252907;2713287.0865333327;0.2777777777777778;282731;2047652.2613000001;0.277017347931239;92;0.0
Goal_439;252907;2713287.0865333327;0.4444444444444444;269434;2431903.6506999996;0.43579148059228956;11;0.0
Goal_440;252907;2713287.0865333327;0.5;252907;1683008.9925;0.48938404797289103;5;0.0
Goal_438;252907;2713287.0865333327;0.38888888888888884;257431;1876664.4737000002;0.38735395785892784;91;0.0
Goal_437;252907;2713287.0865333327;0.3333333333333333;280130;2319596.003700002;0.332059925711084;133;0.0
Goal_443;252907;3617716.115377777;0.1111111111111111;292449;2969026.8921999997;0.11097997899847238;207;0.0
Goal_444;252907;3617716.115377777;0.16666666666666666;266860;2646761.4104;0.16662165680398885;123;0.0
Goal_412;252907;904429.0288444442;0.05555555555555555;256673;1044332.3262;0.15855403235768914;3600;1.0
Goal_413;252907;904429.0288444442;0.1111111111111111;262672;952409.7192999996;0.12612294252421236;3600;1.0
Goal_445;252907;3617716.115377777;0.2222222222222222;291431;2868150.2625999986;0.22040520522570703;54;0.0
Goal_414;252907;904429.0288444442;0.16666666666666666;258308;952736.9648999996;0.16874248970937342;3600;1.0
Goal_449;252907;3617716.115377777;0.4444444444444444;268588;2438101.1653999994;0.4357984996926073;11;0.0
Goal_446;252907;3617716.115377777;0.2777777777777778;254157;2785590.055399998;0.2770862503045924;128;0.0
Goal_450;252907;3617716.115377777;0.5;252907;1683008.9925;0.48938404797289103;5;0.0
Goal_448;252907;3617716.115377777;0.38888888888888884;264770;2322773.5361;0.37581474837714113;89;0.0
Goal_447;252907;3617716.115377777;0.3333333333333333;279661;2761794.5127999973;0.3272716034984652;177;0.0
Goal_454;252907;4522145.144222221;0.16666666666666666;287042;2798623.5655000014;0.166666793925862;94;0.0
Goal_455;252907;4522145.144222221;0.2222222222222222;290400;2807507.705399999;0.22222193693352796;50;0.0
Goal_453;252907;4522145.144222221;0.1111111111111111;302629;3735090.987699998;0.1104210657155748;193;0.0
Goal_456;252907;4522145.144222221;0.2777777777777778;286910;2443157.583100001;0.2777785427127031;92;0.0
Goal_457;252907;4522145.144222221;0.3333333333333333;253369;2813386.5447999984;0.3333307398943655;150;0.0
Goal_458;252907;4522145.144222221;0.38888888888888884;264484;2152679.6749;0.38885785126398875;67;0.0
Goal_460;252907;4522145.144222221;0.5;252907;1683008.9925;0.48938404797289103;5;0.0
Goal_459;252907;4522145.144222221;0.4444444444444444;272724;1873001.4638999996;0.44444319078922656;84;0.0
Goal_421;252907;1808858.0576888884;0.0;283215;1808843.4655;0.08408122214426438;3600;0.6254479988097378
Goal_463;252907;5426574.173066665;0.1111111111111111;302036;3359283.298699998;0.11111336758424077;9;0.0
Goal_422;252907;1808858.0576888884;0.05555555555555555;270572;1807013.0557999993;0.09081477198330817;3600;1.0
Goal_465;252907;5426574.173066665;0.2222222222222222;290400;2807507.705399999;0.22222193693352796;58;0.0
Goal_464;252907;5426574.173066665;0.16666666666666666;261046;3794102.6744999983;0.16517746033974226;188;0.0
Goal_466;252907;5426574.173066665;0.2777777777777778;286910;2465972.717300001;0.27777760872670276;98;0.0
Goal_468;252907;5426574.173066665;0.38888888888888884;266101;2272035.9177000006;0.38838105524417105;98;0.0
Goal_467;252907;5426574.173066665;0.3333333333333333;253255;3027201.5210999995;0.3333333528820044;175;0.0
Goal_470;252907;5426574.173066665;0.5;252907;1683008.9925;0.48938404797289103;4;0.0
Goal_469;252907;5426574.173066665;0.4444444444444444;266215;1895490.7223999996;0.4444365181136484;78;0.0
Goal_431;252907;2713287.0865333327;0.0;261987;2709847.7307999996;0.11995619362787628;3600;0.8282728577629517
Goal_473;252907;6331003.2019111095;0.1111111111111111;253076;4207639.327600001;0.10639673874999118;166;0.0
Goal_474;252907;6331003.2019111095;0.16666666666666666;298900;2966554.3227;0.16597660092418326;64;0.0
Goal_475;252907;6331003.2019111095;0.2222222222222222;290400;2807507.705399999;0.22222193693352796;52;0.0
Goal_476;252907;6331003.2019111095;0.2777777777777778;286910;2465972.717300001;0.27777760872670276;98;0.0
Goal_477;252907;6331003.2019111095;0.3333333333333333;266933;2626168.4642999987;0.33332809703371813;128;0.0
Goal_478;252907;6331003.2019111095;0.38888888888888884;265586;2260175.701600001;0.38621594798718295;81;0.0
Goal_479;252907;6331003.2019111095;0.4444444444444444;272724;1873001.4638999996;0.44444319078922656;82;0.0
Goal_480;252907;6331003.2019111095;0.5;252907;1683008.9925;0.48938404797289103;4;0.0
Goal_432;252907;2713287.0865333327;0.05555555555555555;276667;2711773.8386999997;0.08885314594241131;3600;1.0
Goal_441;252907;3617716.115377777;0.0;268854;3446274.8745999997;0.09800380123928062;3600;0.7339514566480918
Goal_442;252907;3617716.115377777;0.05555555555555555;265452;3444339.3560000006;0.08825001461299772;3600;1.0
Goal_483;252907;7235432.230755554;0.1111111111111111;252907;5632496.221999997;0.10425935830567956;178;0.0
Goal_484;252907;7235432.230755554;0.16666666666666666;258165;3458667.1053999956;0.16661040633584048;170;0.0
Goal_485;252907;7235432.230755554;0.2222222222222222;290400;2807507.705399999;0.22222193693352796;56;0.0
Goal_486;252907;7235432.230755554;0.2777777777777778;286910;2465972.717300001;0.27777760872670276;102;0.0
Goal_488;252907;7235432.230755554;0.38888888888888884;266458;2250532.398300001;0.3863507916785995;83;0.0
Goal_487;252907;7235432.230755554;0.3333333333333333;305061;3214296.202799998;0.0668372193160859;168;0.0
Goal_490;252907;7235432.230755554;0.5;252907;1683008.9925;0.48938404797289103;5;0.0
Goal_489;252907;7235432.230755554;0.4444444444444444;272724;1873001.4638999996;0.44444319078922656;86;0.0
Goal_451;252907;4522145.144222221;0.0;256151;3863819.331599999;0.11957070674955375;3600;0.8212689238492872
Goal_452;252907;4522145.144222221;0.05555555555555555;273986;4395923.6525;0.07881700212541314;3600;1.0
Goal_493;252907;8139861.259599998;0.1111111111111111;252907;5328989.571700002;0.10961674133529846;171;0.0
Goal_494;252907;8139861.259599998;0.16666666666666666;302148;4136677.9759999993;0.16290125155129134;205;0.0
Goal_495;252907;8139861.259599998;0.2222222222222222;290400;2807507.705399999;0.22222193693352796;56;0.0
Goal_496;252907;8139861.259599998;0.2777777777777778;286910;2465972.717300001;0.27777760872670276;92;0.0
Goal_497;252907;8139861.259599998;0.3333333333333333;271681;2650113.299800001;0.3333329075222701;110;0.0
Goal_499;252907;8139861.259599998;0.4444444444444444;269094;2431903.6506999996;0.43579148059228956;9;0.0
Goal_500;252907;8139861.259599998;0.5;252907;1683008.9925;0.48938404797289103;5;0.0
Goal_461;252907;5426574.173066665;0.0;264634;4265488.1283;0.09044688037402866;3600;0.6989714710742087
Goal_498;252907;8139861.259599998;0.38888888888888884;266458;2250532.398300001;0.3863507916785995;89;0.0
Goal_462;252907;5426574.173066665;0.05555555555555555;297493;4785368.251600001;0.06669456007142588;3600;1.0
Goal_471;252907;6331003.2019111095;0.0;253845;5160579.5284;0.10555167699571476;3600;0.7707266897708211
Goal_472;252907;6331003.2019111095;0.05555555555555555;292324;4996529.802600001;0.06830717450902472;3600;1.0
Goal_481;252907;7235432.230755554;0.0;263308;5864924.098299997;0.08519042194868613;3600;0.6478986535564075
Goal_482;252907;7235432.230755554;0.05555555555555555;292637;5470007.955099999;0.06761310865834964;3600;1.0
Goal_491;252907;8139861.259599998;0.0;259550;5066724.823299998;0.10798749601841871;3600;0.780875780524538
Goal_492;252907;8139861.259599998;0.05555555555555555;278562;5748783.885199996;0.07512905365143445;3600;1.0
Goal_510;239835;0.0;0.5;239985;0.0;0.4867426756456718;5;0.0
Goal_501;239835;0.0;0.0;263245;856964.3374000007;0.15030131509016575;3600;0.5899436204695554
Goal_502;239835;0.0;0.05555555555555555;261135;900271.1831;0.13083322978408513;3610;0.586942313236853
Goal_503;239835;0.0;0.1111111111111111;260939;957433.9210999998;0.13052404535053888;3600;0.6536155303675427
Goal_504;239835;0.0;0.16666666666666666;251720;848920.4966999998;0.16666327335612505;3600;0.6220884881963707
Goal_515;239835;904429.0288444442;0.2222222222222222;268808;904258.1986000001;0.22222333266933;306;0.0
Goal_516;239835;904429.0288444442;0.2777777777777778;270943;895904.7429;0.2774372064663011;202;0.0
Goal_505;239835;0.0;0.2222222222222222;240452;734994.2602;0.22534181546851745;3600;0.7175109744909846
Goal_506;239835;0.0;0.2777777777777778;239835;712392.0942;0.28018873046071857;3600;0.800181042913938
Goal_519;239835;904429.0288444442;0.4444444444444444;254208;692990.7220999999;0.44438335283299496;105;0.0
Goal_520;239835;904429.0288444442;0.5;240317;902230.6977;0.49999035816760246;6;0.0
Goal_518;239835;904429.0288444442;0.38888888888888884;240141;702264.3946000002;0.3887976212456414;173;0.0
Goal_517;239835;904429.0288444442;0.3333333333333333;258511;895949.4943000003;0.3326700375798481;234;0.0
Goal_523;239835;1808858.0576888884;0.1111111111111111;295478;1808856.8514000005;0.09215624414268389;206;0.0
Goal_524;239835;1808858.0576888884;0.16666666666666666;256167;1560377.4105000005;0.16651739475536326;192;0.0
Goal_525;239835;1808858.0576888884;0.2222222222222222;242832;1491365.7356999994;0.21180146886303225;200;0.0
Goal_526;239835;1808858.0576888884;0.2777777777777778;239881;1532682.1348999995;0.2772773938211792;162;0.0
Goal_527;239835;1808858.0576888884;0.3333333333333333;260186;1401867.0821000005;0.33326320126381787;99;0.0
Goal_528;239835;1808858.0576888884;0.38888888888888884;255530;1619042.1306999999;0.38881462151778307;97;0.0
Goal_529;239835;1808858.0576888884;0.4444444444444444;265665;1734333.3255000005;0.44110529715193225;83;0.0
Goal_530;239835;1808858.0576888884;0.5;239835;1362439.1406000005;0.4998274556216357;4;0.0
Goal_507;239835;0.0;0.3333333333333333;241019;385612.0490999998;0.3333290663859725;3600;0.7606331102764586
Goal_508;239835;0.0;0.38888888888888884;239887;170714.1242;0.38888866731601646;3600;0.7756406260395085
Goal_533;239835;2713287.0865333327;0.1111111111111111;300131;2239569.3806;0.09587585213950611;213;0.0
Goal_534;239835;2713287.0865333327;0.16666666666666666;292943;2210140.7154;0.16666723183296211;100;0.0
Goal_535;239835;2713287.0865333327;0.2222222222222222;268740;2460610.775199999;0.22208130341854004;189;0.0
Goal_536;239835;2713287.0865333327;0.2777777777777778;279045;2402022.6215999997;0.2777595238861288;81;0.0
Goal_537;239835;2713287.0865333327;0.3333333333333333;285356;2298531.2000000007;0.3325913527185969;142;0.0
Goal_538;239835;2713287.0865333327;0.38888888888888884;264641;2074407.4648000007;0.3885473493737759;203;0.0
Goal_509;239835;0.0;0.4444444444444444;239835;35573.9056;0.44441140682923996;3600;1.0
Goal_540;239835;2713287.0865333327;0.5;239835;1362439.1406000005;0.4998274556216357;4;0.0
Goal_539;239835;2713287.0865333327;0.4444444444444444;260264;2194538.0554;0.4444450378805038;100;0.0
Goal_511;239835;904429.0288444442;0.0;253200;904303.9856000001;0.14073083638175765;3606;0.8696443140321891
Goal_543;239835;3617716.115377777;0.1111111111111111;303145;3162944.2022999995;0.1111112348471353;84;0.0
Goal_544;239835;3617716.115377777;0.16666666666666666;300449;3125503.5059999996;0.1664875000955193;69;0.0
Goal_545;239835;3617716.115377777;0.2222222222222222;262638;3444151.8189;0.22222214323301845;123;0.0
Goal_512;239835;904429.0288444442;0.05555555555555555;264019;956908.4829999997;0.11163882280559263;3600;1.0
Goal_546;239835;3617716.115377777;0.2777777777777778;287676;2674751.0593999987;0.27777779303945116;111;0.0
Goal_513;239835;904429.0288444442;0.1111111111111111;245142;993783.2911000004;0.16629854669046776;3600;1.0
Goal_514;239835;904429.0288444442;0.16666666666666666;254670;914629.9481999998;0.16666556092873286;3600;1.0
Goal_550;239835;3617716.115377777;0.5;239835;1362439.1406000005;0.4998274556216357;4;0.0
Goal_549;239835;3617716.115377777;0.4444444444444444;259727;1781723.0123000003;0.44443623374217023;127;0.0
Goal_548;239835;3617716.115377777;0.38888888888888884;269271;2206016.804;0.38885392505791483;174;0.0
Goal_547;239835;3617716.115377777;0.3333333333333333;262395;2367455.597899999;0.33242449404411406;208;0.0
Goal_553;239835;4522145.144222221;0.1111111111111111;299908;2897578.8005000004;0.11111461611595984;83;0.0
Goal_555;239835;4522145.144222221;0.2222222222222222;263197;2812408.3037999985;0.2203918825179959;98;0.0
Goal_554;239835;4522145.144222221;0.16666666666666666;274416;2679360.149199999;0.16600359987772376;167;0.0
Goal_556;239835;4522145.144222221;0.2777777777777778;288374;2689034.2916000006;0.2777726534237712;96;0.0
Goal_557;239835;4522145.144222221;0.3333333333333333;273071;2338400.6182999993;0.33332836556713097;166;0.0
Goal_559;239835;4522145.144222221;0.4444444444444444;268316;2488521.0192;0.4444455671689602;94;0.0
Goal_560;239835;4522145.144222221;0.5;239835;1362439.1406000005;0.4998274556216357;3;0.0
Goal_558;239835;4522145.144222221;0.38888888888888884;267434;2503586.9848;0.388308533349559;184;0.0
Goal_521;239835;1808858.0576888884;0.0;270079;1808776.7822999996;0.11466420750321567;3600;0.8076492632805123
Goal_522;239835;1808858.0576888884;0.05555555555555555;279950;1808658.399;0.08537584661733426;3600;1.0
Goal_563;239835;5426574.173066665;0.1111111111111111;287103;3370328.874299998;0.11101706403261695;126;0.0
Goal_564;239835;5426574.173066665;0.16666666666666666;298155;2943995.3718;0.1666660348424458;88;0.0
Goal_566;239835;5426574.173066665;0.2777777777777778;289378;2448233.3688;0.27463224019389654;80;0.0
Goal_565;239835;5426574.173066665;0.2222222222222222;279827;2413230.493299999;0.22220404955316964;90;0.0
Goal_568;239835;5426574.173066665;0.38888888888888884;264741;2058009.5770999999;0.3888894266715357;92;0.0
Goal_569;239835;5426574.173066665;0.4444444444444444;268316;2488521.0192;0.4444455671689602;79;0.0
Goal_567;239835;5426574.173066665;0.3333333333333333;250970;2971580.4058000003;0.3330100383607116;186;0.0
Goal_570;239835;5426574.173066665;0.5;239835;1362439.1406000005;0.4998274556216357;3;0.0
Goal_531;239835;2713287.0865333327;0.0;260404;2669761.421899999;0.09576442723111993;3600;0.7159702505174562
Goal_532;239835;2713287.0865333327;0.05555555555555555;297025;2647655.7449999973;0.06696436688136294;3600;1.0
Goal_573;239835;6331003.2019111095;0.1111111111111111;280424;3668337.768799998;0.0799704776163404;158;0.0
Goal_574;239835;6331003.2019111095;0.16666666666666666;295590;3055375.6521000005;0.16664530744242464;154;0.0
Goal_575;239835;6331003.2019111095;0.2222222222222222;288104;2486333.439299999;0.2218217691492797;106;0.0
Goal_576;239835;6331003.2019111095;0.2777777777777778;282439;2664043.755899999;0.27776735294001037;174;0.0
Goal_577;239835;6331003.2019111095;0.3333333333333333;279206;2652815.8947;0.3332107387180498;160;0.0
Goal_578;239835;6331003.2019111095;0.38888888888888884;264274;2086504.2017999997;0.38884947788805485;95;0.0
Goal_579;239835;6331003.2019111095;0.4444444444444444;268316;2488521.0192;0.4444455671689602;87;0.0
Goal_580;239835;6331003.2019111095;0.5;239835;1362439.1406000005;0.4998274556216357;3;0.0
Goal_541;239835;3617716.115377777;0.0;265710;3497983.5598999998;0.08882434112390228;3600;0.6792289696554746
Goal_542;239835;3617716.115377777;0.05555555555555555;277308;3494255.8581000012;0.07530858545014721;3600;1.0
Goal_583;239835;7235432.230755554;0.1111111111111111;295940;2985991.240200001;0.1111130767105607;186;0.0
Goal_584;239835;7235432.230755554;0.16666666666666666;298034;4015909.0394000006;0.1655119706262091;181;0.0
Goal_585;239835;7235432.230755554;0.2222222222222222;246382;2402526.3152999994;0.22210837908208536;79;0.0
Goal_586;239835;7235432.230755554;0.2777777777777778;288104;2860658.297599999;0.27777751985269333;114;0.0
Goal_587;239835;7235432.230755554;0.3333333333333333;279206;2652815.8947;0.3332107387180498;169;0.0
Goal_588;239835;7235432.230755554;0.38888888888888884;260829;1932839.0726000005;0.38865779619984353;159;0.0
Goal_551;239835;4522145.144222221;0.0;257744;3772618.81;0.09154069720651013;3616;0.6922316711638019
Goal_590;239835;7235432.230755554;0.5;239835;1362439.1406000005;0.4998274556216357;4;0.0
Goal_589;239835;7235432.230755554;0.4444444444444444;268316;2488521.0192;0.4444455671689602;99;0.0
Goal_552;239835;4522145.144222221;0.05555555555555555;302483;3708011.0663;0.06682828766813796;3600;1.0
Goal_593;239835;8139861.259599998;0.1111111111111111;285503;2975855.4845;0.111090185497717;88;0.0
Goal_595;239835;8139861.259599998;0.2222222222222222;281974;2636840.7673000004;0.2222225104093324;89;0.0
Goal_594;239835;8139861.259599998;0.16666666666666666;295499;3397403.0762999994;0.1666637615191359;168;0.0
Goal_596;239835;8139861.259599998;0.2777777777777778;288104;2860658.297599999;0.27777751985269333;103;0.0
Goal_597;239835;8139861.259599998;0.3333333333333333;279206;2652815.8947;0.3332107387180498;153;0.0
Goal_598;239835;8139861.259599998;0.38888888888888884;272226;2277330.8921;0.3864017541134051;140;0.0
Goal_600;239835;8139861.259599998;0.5;239835;1362439.1406000005;0.4998274556216357;3;0.0
Goal_599;239835;8139861.259599998;0.4444444444444444;268316;2488521.0192;0.4444455671689602;74;0.0
Goal_562;239835;5426574.173066665;0.05555555555555555;304452;3692684.0184999993;0.06677739401633297;3600;1.0
Goal_561;239835;5426574.173066665;0.0;264506;4781609.737499994;0.09985375552484699;3616;0.7387021495180235
Goal_571;239835;6331003.2019111095;0.0;258761;4230629.0911;0.09294536428761727;3600;0.7068757640932898
Goal_572;239835;6331003.2019111095;0.05555555555555555;271056;4782539.831499998;0.07835046157598931;3600;1.0
Goal_581;239835;7235432.230755554;0.0;250046;6753838.132000003;0.08187218571867494;3600;0.622291949701794
Goal_582;239835;7235432.230755554;0.05555555555555555;304754;4320191.6707;0.06670946570579206;3600;1.0
Goal_591;239835;8139861.259599998;0.0;252603;5075442.860999999;0.08671076817214728;3600;0.6568579186824556
Goal_592;239835;8139861.259599998;0.05555555555555555;284016;7771135.847999994;0.07135151579258725;3600;1.0
Goal_610;226763;0.0;0.5;226883;0.0;0.4855971414934833;3;0.0
Goal_609;226763;0.0;0.4444444444444444;226799;0.0;0.4423766944638853;411;0.0
Goal_601;226763;0.0;0.0;273764;1015508.9210999997;0.11192556263122762;3600;0.5122982200632127
Goal_602;226763;0.0;0.05555555555555555;270527;1056773.7609000003;0.1295286191619633;3600;0.6089738083441225
Goal_603;226763;0.0;0.1111111111111111;249649;1016245.2113;0.11647417027489733;3600;0.6078034009447071
Goal_604;226763;0.0;0.16666666666666666;256481;886588.2022000003;0.1729795552616022;3600;0.7170688418981348
Goal_616;226763;904429.0288444442;0.2777777777777778;271864;869627.7970000003;0.27777326381952455;250;0.0
Goal_615;226763;904429.0288444442;0.2222222222222222;235091;892435.3555000001;0.22222242637136594;312;0.0
Goal_617;226763;904429.0288444442;0.3333333333333333;271931;874562.1071999999;0.3296105534307849;130;0.0
Goal_618;226763;904429.0288444442;0.38888888888888884;241990;769762.6311000001;0.3888803169173309;101;0.0
Goal_620;226763;904429.0288444442;0.5;226806;889021.6679000001;0.4972380656722324;5;0.0
Goal_619;226763;904429.0288444442;0.4444444444444444;227459;738885.7001000001;0.4442736944954685;89;0.0
Goal_605;226763;0.0;0.2222222222222222;229363;1001739.4710000003;0.2231500793308585;3600;0.8059245815292254
Goal_606;226763;0.0;0.2777777777777778;227994;658250.4620000002;0.2779490496691667;3600;0.8563693824949374
Goal_624;226763;1808858.0576888884;0.16666666666666666;238098;1756165.7183000005;0.16666247751681462;154;0.0
Goal_623;226763;1808858.0576888884;0.1111111111111111;278895;1692017.9241;0.11107216678799141;304;0.0
Goal_625;226763;1808858.0576888884;0.2222222222222222;259961;1756310.3193000003;0.22195306609224344;194;0.0
Goal_627;226763;1808858.0576888884;0.3333333333333333;262368;1687565.9374;0.3333336015801464;108;0.0
Goal_626;226763;1808858.0576888884;0.2777777777777778;228107;1723243.8631000002;0.2767388808478138;200;0.0
Goal_628;226763;1808858.0576888884;0.38888888888888884;257207;1760644.503800001;0.388552661983903;104;0.0
Goal_630;226763;1808858.0576888884;0.5;226763;1133700.7260999999;0.4982397515418167;5;0.0
Goal_629;226763;1808858.0576888884;0.4444444444444444;250500;1561349.8297;0.4442225249451501;98;0.0
Goal_614;226763;904429.0288444442;0.16666666666666666;255091;904415.27;0.1666631867009867;1861;0.0
Goal_607;226763;0.0;0.3333333333333333;226773;350679.3414999999;0.33333342623140527;3600;0.8714757866924624
Goal_608;226763;0.0;0.38888888888888884;226764;139312.58740000002;0.3888889747357008;3600;1.0
Goal_635;226763;2713287.0865333327;0.2222222222222222;262285;2423387.646400001;0.13506229798560732;122;0.0
Goal_634;226763;2713287.0865333327;0.16666666666666666;279236;2364039.2265000003;0.16666675071341738;174;0.0
Goal_633;226763;2713287.0865333327;0.1111111111111111;298784;2263751.4426;0.11110701798353217;188;0.0
Goal_636;226763;2713287.0865333327;0.2777777777777778;279856;2424669.6569;0.2762141542669781;103;0.0
Goal_637;226763;2713287.0865333327;0.3333333333333333;252478;2155246.0256000008;0.33333304578547285;96;0.0
Goal_638;226763;2713287.0865333327;0.38888888888888884;251142;1830828.2864000003;0.38044791207401263;89;0.0
Goal_640;226763;2713287.0865333327;0.5;226763;1133700.7260999999;0.4982397515418167;5;0.0
Goal_639;226763;2713287.0865333327;0.4444444444444444;250213;1591276.8437000006;0.4444303384908214;87;0.0
Goal_643;226763;3617716.115377777;0.1111111111111111;301260;2956962.5850999993;0.11111158007022881;127;0.0
Goal_644;226763;3617716.115377777;0.16666666666666666;297635;2852721.845099998;0.1595347761845235;69;0.0
Goal_645;226763;3617716.115377777;0.2222222222222222;292746;2644228.270899999;0.22222227721983934;114;0.0
Goal_646;226763;3617716.115377777;0.2777777777777778;252904;2288209.1762000006;0.27726809061681185;88;0.0
Goal_647;226763;3617716.115377777;0.3333333333333333;296516;3111666.304999999;0.1979992591481309;15;0.0
Goal_648;226763;3617716.115377777;0.38888888888888884;226957;2360180.3558000005;0.3888782975062806;186;0.0
Goal_649;226763;3617716.115377777;0.4444444444444444;246929;1925194.8349999995;0.44282304508070275;86;0.0
Goal_650;226763;3617716.115377777;0.5;226763;1133700.7260999999;0.4982397515418167;5;0.0
Goal_611;226763;904429.0288444442;0.0;264497;913640.6338999999;0.14541663516037223;3600;0.8839931307500432
Goal_612;226763;904429.0288444442;0.05555555555555555;260394;922336.1707000004;0.1376944127266606;3600;1.0
Goal_613;226763;904429.0288444442;0.1111111111111111;252795;928083.1746000005;0.147881926018905;3600;1.0
Goal_653;226763;4522145.144222221;0.1111111111111111;226763;4432886.826899997;0.1089989905412455;144;0.0
Goal_654;226763;4522145.144222221;0.16666666666666666;250112;2919444.0282999985;0.16666668393126924;109;0.0
Goal_655;226763;4522145.144222221;0.2222222222222222;294597;2769369.8753000004;0.2217174135177211;114;0.0
Goal_656;226763;4522145.144222221;0.2777777777777778;227102;2551581.8677999997;0.27776674029634535;83;0.0
Goal_657;226763;4522145.144222221;0.3333333333333333;243623;1989182.4995000013;0.33323560068770847;99;0.0
Goal_658;226763;4522145.144222221;0.38888888888888884;249424;1921211.4246;0.37317036513140744;106;0.0
Goal_660;226763;4522145.144222221;0.5;226763;1133700.7260999999;0.4982397515418167;5;0.0
Goal_659;226763;4522145.144222221;0.4444444444444444;244027;1873041.7951000002;0.44136421340150905;81;0.0
Goal_621;226763;1808858.0576888884;0.0;243761;1808095.635199998;0.14367368528538776;3600;0.8825939328189553
Goal_622;226763;1808858.0576888884;0.05555555555555555;294031;1808825.3329999996;0.07250858292625424;3600;1.0
Goal_663;226763;5426574.173066665;0.1111111111111111;298201;2980125.9597999994;0.11111010074231366;80;0.0
Goal_664;226763;5426574.173066665;0.16666666666666666;229786;3166789.0211999994;0.166201432434316;152;0.0
Goal_665;226763;5426574.173066665;0.2222222222222222;292030;2584133.4331999994;0.22222258350684657;142;0.0
Goal_667;226763;5426574.173066665;0.3333333333333333;260112;2762772.1373;0.3333337112112915;112;0.0
Goal_666;226763;5426574.173066665;0.2777777777777778;226763;3001769.599599999;0.2776088845711032;179;0.0
Goal_669;226763;5426574.173066665;0.4444444444444444;232146;1408341.7865;0.44432363164461186;30;0.0
Goal_670;226763;5426574.173066665;0.5;226763;1133700.7260999999;0.4982397515418167;5;0.0
Goal_668;226763;5426574.173066665;0.38888888888888884;249424;1921211.4246;0.37317036513140744;105;0.0
Goal_631;226763;2713287.0865333327;0.0;249168;2713280.6519999993;0.10632448297936362;3600;0.7800429648740951
Goal_632;226763;2713287.0865333327;0.05555555555555555;282328;2649896.7805000003;0.07327972951399969;3600;1.0
Goal_674;226763;6331003.2019111095;0.16666666666666666;292203;2731365.8762999997;0.16610007764807871;114;0.0
Goal_673;226763;6331003.2019111095;0.1111111111111111;299585;2876146.2799000004;0.11110023638518192;186;0.0
Goal_675;226763;6331003.2019111095;0.2222222222222222;301559;3122702.2652999987;0.21847698502592242;124;0.0
Goal_677;226763;6331003.2019111095;0.3333333333333333;262028;2637582.9721;0.3333340539594648;111;0.0
Goal_676;226763;6331003.2019111095;0.2777777777777778;228929;3161560.907199999;0.2762884491967802;212;0.0
Goal_679;226763;6331003.2019111095;0.4444444444444444;226810;2221049.9800999993;0.4444439038043006;85;0.0
Goal_678;226763;6331003.2019111095;0.38888888888888884;249424;1921211.4246;0.37317036513140744;108;0.0
Goal_680;226763;6331003.2019111095;0.5;226763;1133700.7260999999;0.4982397515418167;5;0.0
Goal_641;226763;3617716.115377777;0.0;254056;3113514.8438999997;0.11524684725623001;3600;0.8041369744179534
Goal_642;226763;3617716.115377777;0.05555555555555555;279355;3282417.0293999994;0.08388701354065276;3600;1.0
Goal_684;226763;7235432.230755554;0.16666666666666666;292203;2731365.8762999997;0.16610007764807871;121;0.0
Goal_683;226763;7235432.230755554;0.1111111111111111;249706;4304233.485099998;0.1111109805669174;210;0.0
Goal_685;226763;7235432.230755554;0.2222222222222222;289771;2953488.6927000014;0.22097956221833828;160;0.0
Goal_687;226763;7235432.230755554;0.3333333333333333;239485;2142408.9099;0.3333333782820885;101;0.0
Goal_686;226763;7235432.230755554;0.2777777777777778;238493;2999010.6796999997;0.2770051800413618;222;0.0
Goal_688;226763;7235432.230755554;0.38888888888888884;256236;2099967.4510999997;0.3888879562894351;101;0.0
Goal_690;226763;7235432.230755554;0.5;226763;1133700.7260999999;0.4982397515418167;4;0.0
Goal_689;226763;7235432.230755554;0.4444444444444444;283598;2820001.2469;0.3128272133679882;147;0.0
Goal_651;226763;4522145.144222221;0.0;299743;3909319.0910999994;0.0667328353302006;3600;0.4225282755873196
Goal_693;226763;8139861.259599998;0.1111111111111111;273817;4012017.6436;0.11111169483587421;195;0.0
Goal_652;226763;4522145.144222221;0.05555555555555555;277702;4427489.182299996;0.07508333052799138;3600;1.0
Goal_694;226763;8139861.259599998;0.16666666666666666;292203;2731365.8762999997;0.16610007764807871;115;0.0
Goal_695;226763;8139861.259599998;0.2222222222222222;289771;2953488.6927000014;0.22097956221833828;162;0.0
Goal_696;226763;8139861.259599998;0.2777777777777778;226829;3275201.1029000003;0.27713457987609835;197;0.0
Goal_697;226763;8139861.259599998;0.3333333333333333;258416;2455190.4605999975;0.33333042789227246;168;0.0
Goal_698;226763;8139861.259599998;0.38888888888888884;256236;2099967.4510999997;0.3888879562894351;99;0.0
Goal_700;226763;8139861.259599998;0.5;226763;1133700.7260999999;0.4982397515418167;5;0.0
Goal_699;226763;8139861.259599998;0.4444444444444444;283598;2820001.2469;0.3128272133679882;143;0.0
Goal_661;226763;5426574.173066665;0.0;265656;3842128.6474;0.08969514456540625;3604;0.690815776480981
Goal_662;226763;5426574.173066665;0.05555555555555555;281653;4873129.512699999;0.07866186551807242;3600;1.0
Goal_671;226763;6331003.2019111095;0.0;300540;4539355.581999996;0.06676456817870544;3607;0.4608744970105406
Goal_672;226763;6331003.2019111095;0.05555555555555555;277110;5378145.039499996;0.0782747468247497;3600;1.0
Goal_681;226763;7235432.230755554;0.0;298624;6562546.5709;0.06634274675119546;3600;0.42257096127394217
Goal_682;226763;7235432.230755554;0.05555555555555555;283327;6333635.923399996;0.07077229370152595;3600;1.0
Goal_691;226763;8139861.259599998;0.0;286251;4661233.282899999;0.07011976950214377;3600;0.5093471964813948
Goal_709;213691;0.0;0.4444444444444444;215332;0.0;0.44346268260386723;59;0.0
Goal_710;213691;0.0;0.5;214094;0.0;0.4782822291837929;5;0.0
Goal_692;226763;8139861.259599998;0.05555555555555555;286897;5550445.2204;0.07462249998353603;3600;1.0
Goal_701;213691;0.0;0.0;246318;945538.0455000004;0.1396414266567211;3601;0.592222665160655
Goal_702;213691;0.0;0.05555555555555555;257004;1129631.5998000004;0.08924811304256001;3600;0.5378874925380562
Goal_703;213691;0.0;0.1111111111111111;262042;1033785.0687999997;0.11911259969560828;3600;0.6841612485861288
Goal_704;213691;0.0;0.16666666666666666;225427;1098943.1997;0.19595534363008518;3600;0.8480345973195123
Goal_716;213691;904429.0288444442;0.2777777777777778;226670;850141.7162999999;0.2777784940173257;240;0.0
Goal_717;213691;904429.0288444442;0.3333333333333333;214674;762666.4356;0.3333154381958131;115;0.0
Goal_718;213691;904429.0288444442;0.38888888888888884;225880;874248.5125;0.3884203355724217;114;0.0
Goal_719;213691;904429.0288444442;0.4444444444444444;213710;488581.41830000014;0.4444052990077557;89;0.0
Goal_720;213691;904429.0288444442;0.5;213691;792323.218;0.49290450124416574;5;0.0
Goal_705;213691;0.0;0.2222222222222222;236700;887945.1329000003;0.2222240344913625;3600;0.8378462471558117
Goal_706;213691;0.0;0.2777777777777778;213701;703259.7805;0.27852162073104636;3600;0.9154472495926466
Goal_715;213691;904429.0288444442;0.2222222222222222;244837;886749.2902;0.22220276750621334;707;0.0
Goal_724;213691;1808858.0576888884;0.16666666666666666;252762;1770743.0687999998;0.16666695250138425;188;0.0
Goal_723;213691;1808858.0576888884;0.1111111111111111;277961;1627053.7820999997;0.1110791070123175;275;0.0
Goal_726;213691;1808858.0576888884;0.2777777777777778;268899;1613919.6991999994;0.277771702963105;79;0.0
Goal_725;213691;1808858.0576888884;0.2222222222222222;224592;1736153.7862999998;0.22221675650470596;189;0.0
Goal_727;213691;1808858.0576888884;0.3333333333333333;264422;1722196.771699999;0.33333195342243754;82;0.0
Goal_729;213691;1808858.0576888884;0.4444444444444444;213730;924792.9083999998;0.44444342763957384;77;0.0
Goal_730;213691;1808858.0576888884;0.5;213691;792323.218;0.49290450124416574;5;0.0
Goal_728;213691;1808858.0576888884;0.38888888888888884;236014;1799524.6208;0.3330393455629598;200;0.0
Goal_707;213691;0.0;0.3333333333333333;213691;267721.0283999999;0.3333331660779536;3600;1.0
Goal_708;213691;0.0;0.38888888888888884;213982;29657.09020000001;0.38888894033888316;3600;1.0
Goal_733;213691;2713287.0865333327;0.1111111111111111;291321;2638036.953800001;0.11097580068868834;175;0.0
Goal_734;213691;2713287.0865333327;0.16666666666666666;274837;2670994.7988;0.1666675576612811;197;0.0
Goal_735;213691;2713287.0865333327;0.2222222222222222;291077;2551928.0028999993;0.22213303136541857;67;0.0
Goal_736;213691;2713287.0865333327;0.2777777777777778;276366;2118307.5781999994;0.27767538111670204;92;0.0
Goal_737;213691;2713287.0865333327;0.3333333333333333;268409;2211350.6620999994;0.3333337974340055;160;0.0
Goal_739;213691;2713287.0865333327;0.4444444444444444;219705;1307476.6083;0.44347478683599495;17;0.0
Goal_740;213691;2713287.0865333327;0.5;213691;792323.218;0.49290450124416574;4;0.0
Goal_738;213691;2713287.0865333327;0.38888888888888884;246919;1647401.6305;0.38888210266558537;142;0.0
Goal_711;213691;904429.0288444442;0.0;242670;946638.2404999997;0.1777791723003645;3600;0.9267659835830324
Goal_712;213691;904429.0288444442;0.05555555555555555;277941;1111118.2528;0.07659144208293064;3600;1.0
Goal_743;213691;3617716.115377777;0.1111111111111111;281448;2218559.8105999995;0.11110965220457547;143;0.0
Goal_744;213691;3617716.115377777;0.16666666666666666;296392;2543781.5192999993;0.12684051539728144;182;0.0
Goal_745;213691;3617716.115377777;0.2222222222222222;215398;2608814.5487;0.22189397550201134;93;0.0
Goal_746;213691;3617716.115377777;0.2777777777777778;272364;2559506.2538999994;0.2773127236668136;107;0.0
Goal_747;213691;3617716.115377777;0.3333333333333333;275806;2556709.4706999995;0.33332667729125026;135;0.0
Goal_748;213691;3617716.115377777;0.38888888888888884;249350;2052911.3564000004;0.3888888447261823;140;0.0
Goal_750;213691;3617716.115377777;0.5;213691;792323.218;0.49290450124416574;5;0.0
Goal_749;213691;3617716.115377777;0.4444444444444444;248754;1282844.6795000003;0.4444435589472192;86;0.0
Goal_713;213691;904429.0288444442;0.1111111111111111;247242;992348.0580999999;0.1465310421374284;3600;1.0
Goal_714;213691;904429.0288444442;0.16666666666666666;235160;975838.0826999999;0.1785244543511572;3600;1.0
Goal_754;213691;4522145.144222221;0.16666666666666666;219928;2430633.3742000004;0.16663216806535175;95;0.0
Goal_753;213691;4522145.144222221;0.1111111111111111;299672;4457165.952100002;0.11102999235068961;180;0.0
Goal_755;213691;4522145.144222221;0.2222222222222222;295037;2656924.1219000006;0.2220893957616487;77;0.0
Goal_756;213691;4522145.144222221;0.2777777777777778;279034;2232126.328200001;0.277775916183754;85;0.0
Goal_757;213691;4522145.144222221;0.3333333333333333;278917;2887953.212899999;0.33306755531080223;68;0.0
Goal_758;213691;4522145.144222221;0.38888888888888884;251065;1900690.5048000007;0.38885196371276365;106;0.0
Goal_760;213691;4522145.144222221;0.5;213691;792323.218;0.49290450124416574;5;0.0
Goal_759;213691;4522145.144222221;0.4444444444444444;213691;1307879.1063000006;0.44376464527768705;92;0.0
Goal_721;213691;1808858.0576888884;0.0;290767;1835993.7301000003;0.09181288110820046;3605;0.7156842007023357
Goal_763;213691;5426574.173066665;0.1111111111111111;275880;2996745.9514999995;0.09770154983492914;23;0.0
Goal_722;213691;1808858.0576888884;0.05555555555555555;257828;1808723.3425999999;0.10630821209285916;3600;1.0
Goal_765;213691;5426574.173066665;0.2222222222222222;297197;2746932.1444000006;0.22216391614781936;73;0.0
Goal_764;213691;5426574.173066665;0.16666666666666666;227670;3565272.3128999993;0.16666820587996456;177;0.0
Goal_766;213691;5426574.173066665;0.2777777777777778;271733;2654939.367399998;0.2760553680161289;120;0.0
Goal_767;213691;5426574.173066665;0.3333333333333333;275399;2482806.332199999;0.33066742184654657;77;0.0
Goal_768;213691;5426574.173066665;0.38888888888888884;257179;2299657.596500002;0.3888556389520724;139;0.0
Goal_770;213691;5426574.173066665;0.5;213691;792323.218;0.49290450124416574;4;0.0
Goal_769;213691;5426574.173066665;0.4444444444444444;235713;1715694.044300001;0.44279245138322143;140;0.0
Goal_731;213691;2713287.0865333327;0.0;296042;2706148.8683000007;0.06984974052685443;3607;0.4626917326746028
Goal_732;213691;2713287.0865333327;0.05555555555555555;277134;2691447.7011000006;0.07731865450858999;3600;1.0
Goal_774;213691;6331003.2019111095;0.16666666666666666;229391;2274181.2693999996;0.16666672577898928;97;0.0
Goal_773;213691;6331003.2019111095;0.1111111111111111;301400;3155815.4547999995;0.0953516505081383;189;0.0
Goal_775;213691;6331003.2019111095;0.2222222222222222;296639;2689286.2941000005;0.22222078078495083;67;0.0
Goal_777;213691;6331003.2019111095;0.3333333333333333;272603;2911226.680699998;0.3333327137127101;49;0.0
Goal_776;213691;6331003.2019111095;0.2777777777777778;280173;2508985.7184999995;0.27777820040904966;156;0.0
Goal_778;213691;6331003.2019111095;0.38888888888888884;252193;2074695.3215000005;0.38205134999619056;117;0.0
Goal_780;213691;6331003.2019111095;0.5;213691;792323.218;0.49290450124416574;4;0.0
Goal_779;213691;6331003.2019111095;0.4444444444444444;226469;1470163.8442999998;0.44418489597869965;93;0.0
Goal_741;213691;3617716.115377777;0.0;213710;3077508.6421000003;0.1664334563961411;3600;0.9132108382476333
Goal_742;213691;3617716.115377777;0.05555555555555555;295865;3416744.1280999994;0.06708174443110425;3600;1.0
Goal_783;213691;7235432.230755554;0.1111111111111111;289118;4073885.968;0.11100717869658154;73;0.0
Goal_785;213691;7235432.230755554;0.2222222222222222;296525;2730869.1538;0.22206835551901452;70;0.0
Goal_784;213691;7235432.230755554;0.16666666666666666;302789;3721239.247499999;0.06684380303668702;160;0.0
Goal_787;213691;7235432.230755554;0.3333333333333333;279552;2746344.7918999996;0.33323957641205415;126;0.0
Goal_786;213691;7235432.230755554;0.2777777777777778;279602;2748006.1424000002;0.2777118877820821;145;0.0
Goal_789;213691;7235432.230755554;0.4444444444444444;239342;1519838.1617;0.4421582097127839;87;0.0
Goal_790;213691;7235432.230755554;0.5;213691;792323.218;0.49290450124416574;4;0.0
Goal_788;213691;7235432.230755554;0.38888888888888884;259482;2207017.0062000006;0.38084053723057104;128;0.0
Goal_751;213691;4522145.144222221;0.0;213691;3522523.4718;0.17798717584678564;3600;0.924112671657947
Goal_752;213691;4522145.144222221;0.05555555555555555;279092;4206527.026800003;0.0804126878190834;3600;1.0
Goal_793;213691;8139861.259599998;0.1111111111111111;289118;4073885.968;0.11100717869658154;74;0.0
Goal_795;213691;8139861.259599998;0.2222222222222222;296116;2703652.6803;0.22127054052019246;65;0.0
Goal_794;213691;8139861.259599998;0.16666666666666666;285620;2925065.6794000007;0.1666666955066433;189;0.0
Goal_796;213691;8139861.259599998;0.2777777777777778;246884;3270458.779900001;0.27775236466041403;176;0.0
Goal_797;213691;8139861.259599998;0.3333333333333333;279824;2599421.949;0.33332614011409173;132;0.0
Goal_799;213691;8139861.259599998;0.4444444444444444;228685;1441678.6194999996;0.44442113485813084;97;0.0
Goal_800;213691;8139861.259599998;0.5;213691;792323.218;0.49290450124416574;4;0.0
Goal_798;213691;8139861.259599998;0.38888888888888884;256847;2160963.461100001;0.388884487667296;139;0.0
Goal_761;213691;5426574.173066665;0.0;245115;3936548.1496000015;0.10607752462187792;3600;0.7863513769183778
Goal_762;213691;5426574.173066665;0.05555555555555555;288915;5020181.1919;0.0706585656646102;3600;1.0
Goal_771;213691;6331003.2019111095;0.0;296492;5190077.558599999;0.06954902661646926;3600;0.49628558562440134
Goal_772;213691;6331003.2019111095;0.05555555555555555;291167;4638273.990100002;0.06716757782323798;3600;1.0
Goal_781;213691;7235432.230755554;0.0;302332;5736825.6691;0.06629303587057023;3600;0.3676671208012961
Goal_782;213691;7235432.230755554;0.05555555555555555;302265;5388310.667099999;0.0663515884564633;3600;1.0
Goal_808;200619;0.0;0.38888888888888884;201977;0.0;0.3637542563349474;153;0.0
Goal_809;200619;0.0;0.4444444444444444;202265;0.0;0.4434626826038673;79;0.0
Goal_810;200619;0.0;0.5;201277;0.0;0.45646777888180284;5;0.0
Goal_791;213691;8139861.259599998;0.0;238873;6025733.5065;0.11850595306678086;3600;0.8396057271211619
Goal_792;213691;8139861.259599998;0.05555555555555555;275599;5853747.774299999;0.08197788360600092;3600;1.0
Goal_801;200619;0.0;0.0;251053;820806.3616000004;0.17548209683720584;3600;0.684369176162396
Goal_802;200619;0.0;0.05555555555555555;260694;890789.7191999996;0.14628985093870536;3600;0.6632556572433524
Goal_803;200619;0.0;0.1111111111111111;257621;1008083.1506;0.1358580295603612;3600;0.7616317536522876
Goal_804;200619;0.0;0.16666666666666666;222993;1564989.1185;0.1895546615525674;3600;0.8885067862387789
Goal_815;200619;904429.0288444442;0.2222222222222222;244605;904255.7442;0.2222054717682887;335;0.0
Goal_817;200619;904429.0288444442;0.3333333333333333;228337;889785.5786000001;0.33333362700763053;225;0.0
Goal_816;200619;904429.0288444442;0.2777777777777778;201176;904179.8776;0.2777765478236385;304;0.0
Goal_818;200619;904429.0288444442;0.38888888888888884;200661;142257.81509999995;0.3885709914464677;245;0.0
Goal_820;200619;904429.0288444442;0.5;200619;563991.3182;0.4807839623395898;5;0.0
Goal_819;200619;904429.0288444442;0.4444444444444444;200728;406955.7366999999;0.44443558459887617;99;0.0
Goal_823;200619;1808858.0576888884;0.1111111111111111;298337;1759634.3395000007;0.11102529053864475;234;0.0
Goal_824;200619;1808858.0576888884;0.16666666666666666;271152;1787112.5152;0.16664218907376085;241;0.0
Goal_825;200619;1808858.0576888884;0.2222222222222222;282651;1614650.9452000002;0.2222101535931695;147;0.0
Goal_805;200619;0.0;0.2222222222222222;200619;663786.0982999997;0.25149419418495284;3600;1.0
Goal_806;200619;0.0;0.2777777777777778;200619;470247.6029999998;0.2777780315989099;3600;1.0
Goal_827;200619;1808858.0576888884;0.3333333333333333;267660;1659232.4708999998;0.3333312580546974;77;0.0
Goal_829;200619;1808858.0576888884;0.4444444444444444;200619;206144.231;0.43221875728879383;20;0.0
Goal_830;200619;1808858.0576888884;0.5;200619;563991.3182;0.4807839623395898;4;0.0
Goal_828;200619;1808858.0576888884;0.38888888888888884;255803;1500273.1263;0.38881353426133813;108;0.0
Goal_826;200619;1808858.0576888884;0.2777777777777778;261163;1687954.4037999995;0.27776772041913217;193;0.0
Goal_833;200619;2713287.0865333327;0.1111111111111111;301393;2652058.060799999;0.11108315340267313;196;0.0
Goal_834;200619;2713287.0865333327;0.16666666666666666;244007;2272457.8103999994;0.16390430755640933;144;0.0
Goal_835;200619;2713287.0865333327;0.2222222222222222;288239;2422482.9560999996;0.22219063425761548;77;0.0
Goal_807;200619;0.0;0.3333333333333333;200623;108338.58479999997;0.3333315252287662;3600;1.0
Goal_837;200619;2713287.0865333327;0.3333333333333333;203640;2487962.1862000013;0.3326427184563034;112;0.0
Goal_836;200619;2713287.0865333327;0.2777777777777778;267782;2421067.8161999984;0.27774693807218553;186;0.0
Goal_839;200619;2713287.0865333327;0.4444444444444444;200789;349233.4369999999;0.44444368793210803;9;0.0
Goal_840;200619;2713287.0865333327;0.5;200619;563991.3182;0.4807839623395898;5;0.0
Goal_811;200619;904429.0288444442;0.0;251535;928688.4954999998;0.16402847596237435;3600;0.9186035435936977
Goal_838;200619;2713287.0865333327;0.38888888888888884;265650;1959713.7014000001;0.36654828951542223;178;0.0
Goal_843;200619;3617716.115377777;0.1111111111111111;279144;3166292.597199999;0.11106519126440219;198;0.0
Goal_812;200619;904429.0288444442;0.05555555555555555;265677;906498.9099999998;0.1410727176532154;3600;1.0
Goal_844;200619;3617716.115377777;0.16666666666666666;289981;2951203.4228000017;0.16661737806307908;89;0.0
Goal_813;200619;904429.0288444442;0.1111111111111111;256760;959578.1849000002;0.12229379332342624;3600;1.0
Goal_846;200619;3617716.115377777;0.2777777777777778;275934;2713006.561499998;0.2777387187568482;77;0.0
Goal_847;200619;3617716.115377777;0.3333333333333333;283247;2214022.0443000006;0.333333158043494;118;0.0
Goal_849;200619;3617716.115377777;0.4444444444444444;200622;724189.0011000005;0.444436005175157;22;0.0
Goal_850;200619;3617716.115377777;0.5;200619;563991.3182;0.4807839623395898;4;0.0
Goal_845;200619;3617716.115377777;0.2222222222222222;289946;2415431.0716000004;0.17436071383692664;197;0.0
Goal_848;200619;3617716.115377777;0.38888888888888884;213923;2449145.3670000006;0.3878281803960501;193;0.0
Goal_853;200619;4522145.144222221;0.1111111111111111;251822;3302541.2190000005;0.11110773344585273;153;0.0
Goal_854;200619;4522145.144222221;0.16666666666666666;292444;3319677.3101999993;0.16320552754777043;91;0.0
Goal_855;200619;4522145.144222221;0.2222222222222222;290164;2683927.3886000006;0.2222166851854698;150;0.0
Goal_856;200619;4522145.144222221;0.2777777777777778;228771;2947552.0483999983;0.27742387328026064;76;0.0
Goal_857;200619;4522145.144222221;0.3333333333333333;287980;2462476.2896000016;0.3316177544485938;97;0.0
Goal_858;200619;4522145.144222221;0.38888888888888884;263127;1916274.6519000004;0.387430078254997;184;0.0
Goal_814;200619;904429.0288444442;0.16666666666666666;248344;919013.4807999997;0.16869199534037455;3600;1.0
Goal_860;200619;4522145.144222221;0.5;200619;563991.3182;0.4807839623395898;5;0.0
Goal_859;200619;4522145.144222221;0.4444444444444444;201250;906838.1849000002;0.44443804438127194;60;0.0
Goal_822;200619;1808858.0576888884;0.05555555555555555;264309;1807097.2841999996;0.09610958142636702;3600;1.0
Goal_821;200619;1808858.0576888884;0.0;249002;1805185.0604000003;0.12365316660395169;3606;0.8345968612871087
Goal_863;200619;5426574.173066665;0.1111111111111111;236098;4018464.2362999986;0.11023113480787038;183;0.0
Goal_864;200619;5426574.173066665;0.16666666666666666;219822;3424667.168399999;0.16648230625150992;197;0.0
Goal_866;200619;5426574.173066665;0.2777777777777778;292770;3473100.7223;0.2776279043496554;68;0.0
Goal_865;200619;5426574.173066665;0.2222222222222222;297520;2866822.189699998;0.2214994285235309;87;0.0
Goal_868;200619;5426574.173066665;0.38888888888888884;218986;1738632.9588;0.38793093801048617;107;0.0
Goal_867;200619;5426574.173066665;0.3333333333333333;269333;2120960.9582000007;0.3333127643337221;122;0.0
Goal_870;200619;5426574.173066665;0.5;200619;563991.3182;0.4807839623395898;4;0.0
Goal_869;200619;5426574.173066665;0.4444444444444444;216720;838244.4939000004;0.44118053384117156;94;0.0
Goal_831;200619;2713287.0865333327;0.0;237574;2697299.1384000015;0.13121549391946316;3600;0.8603706616083523
Goal_832;200619;2713287.0865333327;0.05555555555555555;284022;2703507.7338;0.07252479010497677;3600;1.0
Goal_873;200619;6331003.2019111095;0.1111111111111111;288611;3421161.644399999;0.09841982917802788;183;0.0
Goal_874;200619;6331003.2019111095;0.16666666666666666;206789;3069536.0831999993;0.16666763576065102;209;0.0
Goal_875;200619;6331003.2019111095;0.2222222222222222;281587;3210933.0952999988;0.22222176283244358;183;0.0
Goal_876;200619;6331003.2019111095;0.2777777777777778;253055;3156752.890900001;0.27767885628373795;207;0.0
Goal_877;200619;6331003.2019111095;0.3333333333333333;277493;2185156.8183000004;0.3319628697371796;129;0.0
Goal_879;200619;6331003.2019111095;0.4444444444444444;205766;682488.8178;0.44444433154876367;7;0.0
Goal_880;200619;6331003.2019111095;0.5;200619;563991.3182;0.4807839623395898;4;0.0
Goal_878;200619;6331003.2019111095;0.38888888888888884;275455;2455688.1887000003;0.3888741383882103;159;0.0
Goal_841;200619;3617716.115377777;0.0;277644;3571983.6702000005;0.0923105934439286;3600;0.7252888969295602
Goal_842;200619;3617716.115377777;0.05555555555555555;300419;3583204.2192000006;0.0663044396712906;3600;1.0
Goal_883;200619;7235432.230755554;0.1111111111111111;284599;3046864.0237;0.11111049435745754;232;0.0
Goal_884;200619;7235432.230755554;0.16666666666666666;304272;4112510.5488000005;0.09427137933650619;197;0.0
Goal_885;200619;7235432.230755554;0.2222222222222222;281640;3094722.2967;0.22222288471549334;114;0.0
Goal_886;200619;7235432.230755554;0.2777777777777778;231460;2618355.6810999988;0.2777780506630121;97;0.0
Goal_887;200619;7235432.230755554;0.3333333333333333;271895;2316475.8022999996;0.3332593605956054;81;0.0
Goal_889;200619;7235432.230755554;0.4444444444444444;205766;682488.8178;0.44444433154876367;8;0.0
Goal_890;200619;7235432.230755554;0.5;200619;563991.3182;0.4807839623395898;5;0.0
Goal_888;200619;7235432.230755554;0.38888888888888884;269291;2402824.9950000006;0.3748033018379466;126;0.0
Goal_851;200619;4522145.144222221;0.0;269304;3486870.8741999995;0.11104707146517499;3600;0.8173605544415489
Goal_852;200619;4522145.144222221;0.05555555555555555;294410;4020689.191399998;0.06697529693756643;3600;1.0
Goal_893;200619;8139861.259599998;0.1111111111111111;259700;4637326.738099998;0.11111270202915191;233;0.0
Goal_894;200619;8139861.259599998;0.16666666666666666;266191;3332607.8807999976;0.16625740782418574;223;0.0
Goal_896;200619;8139861.259599998;0.2777777777777778;216055;2436159.519;0.2777755557464614;93;0.0
Goal_895;200619;8139861.259599998;0.2222222222222222;292774;2875764.5928999996;0.22222086267926483;128;0.0
Goal_897;200619;8139861.259599998;0.3333333333333333;255260;2184878.8394;0.33321831047742456;197;0.0
Goal_899;200619;8139861.259599998;0.4444444444444444;205766;682488.8178;0.44444433154876367;8;0.0
Goal_900;200619;8139861.259599998;0.5;200619;563991.3182;0.4807839623395898;5;0.0
Goal_898;200619;8139861.259599998;0.38888888888888884;200730;6970048.9929;0.3785353542514845;221;0.0
Goal_861;200619;5426574.173066665;0.0;256296;3848986.8764000023;0.11654299483910868;3600;0.8229995884164292
Goal_862;200619;5426574.173066665;0.05555555555555555;276055;4798681.785799999;0.07670067090933946;3600;1.0
Goal_871;200619;6331003.2019111095;0.0;242393;4134121.810599998;0.1164032712015244;3600;0.8337852740652923
Goal_872;200619;6331003.2019111095;0.05555555555555555;265418;5180708.489300001;0.08756621764750872;3600;1.0
Goal_881;200619;7235432.230755554;0.0;275391;6171410.471900005;0.08865260542259168;3605;0.713432543922123
Goal_882;200619;7235432.230755554;0.05555555555555555;297527;5307850.320400003;0.06664966515376414;3600;1.0
Goal_908;187547;0.0;0.38888888888888884;188076;0.0;0.38594992238218945;87;0.0
Goal_909;187547;0.0;0.4444444444444444;187582;0.0;0.4310453430822083;4;0.0
Goal_910;187547;0.0;0.5;187582;0.0;0.4310453430822083;5;0.0
Goal_891;200619;8139861.259599998;0.0;288548;5863411.223799999;0.06750367800335644;3600;0.4449787845343036
Goal_892;200619;8139861.259599998;0.05555555555555555;288802;6774478.2672;0.06917121962736754;3600;1.0
Goal_901;187547;0.0;0.0;233435;1248756.9672999997;0.1220457737569042;3600;0.6731361933973243
Goal_902;187547;0.0;0.05555555555555555;276003;1181746.7733000007;0.10703743693513487;3600;0.6821492412967525
Goal_907;187547;0.0;0.3333333333333333;187563;0.0;0.3295635616824695;1422;0.0
Goal_916;187547;904429.0288444442;0.2777777777777778;264982;871634.6167999997;0.2774627246582532;231;0.0
Goal_903;187547;0.0;0.1111111111111111;252058;1207929.393500001;0.12232279151100671;3600;0.7759522308669969
Goal_904;187547;0.0;0.16666666666666666;185998;459424.09149999975;0.24830716891477161;3600;0.9386762265409864
Goal_919;187547;904429.0288444442;0.4444444444444444;187587;248486.91549999997;0.44443702913795774;55;0.0
Goal_920;187547;904429.0288444442;0.5;187547;312013.0908;0.45613797291258473;4;0.0
Goal_917;187547;904429.0288444442;0.3333333333333333;187562;883365.2194000002;0.3333325937797186;213;0.0
Goal_918;187547;904429.0288444442;0.38888888888888884;187568;867394.7824999999;0.38888498987419406;207;0.0
Goal_923;187547;1808858.0576888884;0.1111111111111111;278136;1693355.0007999993;0.11110343553046852;246;0.0
Goal_924;187547;1808858.0576888884;0.16666666666666666;248737;1792743.7988;0.1655490540384301;196;0.0
Goal_925;187547;1808858.0576888884;0.2222222222222222;270745;1713026.2832999993;0.22114311784848706;148;0.0
Goal_905;187547;0.0;0.2222222222222222;187547;384268.6845;0.25338940318986297;3600;1.0
Goal_926;187547;1808858.0576888884;0.2777777777777778;206366;1577625.478500001;0.27777809610640136;233;0.0
Goal_906;187547;0.0;0.2777777777777778;187547;183369.2648;0.2777774438985956;3600;1.0
Goal_929;187547;1808858.0576888884;0.4444444444444444;187743;631632.1442;0.4444288337026767;62;0.0
Goal_930;187547;1808858.0576888884;0.5;187547;312013.0908;0.45613797291258473;6;0.0
Goal_927;187547;1808858.0576888884;0.3333333333333333;223167;1779902.0818999994;0.33219788287370755;192;0.0
Goal_928;187547;1808858.0576888884;0.38888888888888884;187553;1167888.6725999997;0.3875897926405866;226;0.0
Goal_933;187547;2713287.0865333327;0.1111111111111111;226167;2130389.154;0.11063597919210884;204;0.0
Goal_934;187547;2713287.0865333327;0.16666666666666666;223999;2610175.1355;0.16666713845592193;235;0.0
Goal_935;187547;2713287.0865333327;0.2222222222222222;242067;2144418.4283000003;0.2222145659946891;131;0.0
Goal_936;187547;2713287.0865333327;0.2777777777777778;226059;2330128.0436000004;0.277778416615206;220;0.0
Goal_911;187547;904429.0288444442;0.0;262334;951701.3680999997;0.14966003398459668;3600;0.9054484273560353
Goal_937;187547;2713287.0865333327;0.3333333333333333;189071;1340548.0275000005;0.3333174804666669;228;0.0
Goal_938;187547;2713287.0865333327;0.38888888888888884;188230;1287831.1087999996;0.38846105291807137;173;0.0
Goal_940;187547;2713287.0865333327;0.5;187547;312013.0908;0.45613797291258473;5;0.0
Goal_939;187547;2713287.0865333327;0.4444444444444444;187743;631632.1442;0.4444288337026767;56;0.0
Goal_912;187547;904429.0288444442;0.05555555555555555;271379;1027830.0269000002;0.09889032041683704;3600;1.0
Goal_913;187547;904429.0288444442;0.1111111111111111;259028;992859.0376999996;0.11111091690792757;3600;1.0
Goal_943;187547;3617716.115377777;0.1111111111111111;291494;3572372.8827999993;0.0991859881458455;168;0.0
Goal_944;187547;3617716.115377777;0.16666666666666666;214916;2149358.5974999997;0.16660295301608827;207;0.0
Goal_946;187547;3617716.115377777;0.2777777777777778;250618;2056601.7484999995;0.27760123577254053;105;0.0
Goal_945;187547;3617716.115377777;0.2222222222222222;247352;2784169.1679000007;0.22147725279694372;210;0.0
Goal_948;187547;3617716.115377777;0.38888888888888884;188593;1264639.3111;0.3878127110930453;159;0.0
Goal_947;187547;3617716.115377777;0.3333333333333333;206700;3093843.790199999;0.33331558423513835;218;0.0
Goal_949;187547;3617716.115377777;0.4444444444444444;187644;351213.4206999999;0.44437834475679255;57;0.0
Goal_950;187547;3617716.115377777;0.5;187547;312013.0908;0.45613797291258473;4;0.0
Goal_914;187547;904429.0288444442;0.16666666666666666;187547;904429.8173999996;0.22720780498585913;3603;1.0
Goal_915;187547;904429.0288444442;0.2222222222222222;223074;1035122.6686000004;0.2222217543603963;3600;1.0
Goal_953;187547;4522145.144222221;0.1111111111111111;287126;3111088.0652999985;0.11111383349685712;173;0.0
Goal_955;187547;4522145.144222221;0.2222222222222222;227301;2661303.8848000006;0.22222234879097494;68;0.0
Goal_954;187547;4522145.144222221;0.16666666666666666;290468;2893950.9924000003;0.16650000028944736;210;0.0
Goal_957;187547;4522145.144222221;0.3333333333333333;259269;2497818.781399999;0.3333131351870571;90;0.0
Goal_921;187547;1808858.0576888884;0.0;297184;1808774.9074999995;0.0675970109561846;3600;0.5071036920991652
Goal_956;187547;4522145.144222221;0.2777777777777778;305196;4487110.417999998;0.06681463868049954;205;0.0
Goal_960;187547;4522145.144222221;0.5;187547;312013.0908;0.45613797291258473;4;0.0
Goal_959;187547;4522145.144222221;0.4444444444444444;188574;408421.72799999994;0.44233533993532076;77;0.0
Goal_958;187547;4522145.144222221;0.38888888888888884;187591;1422976.074500001;0.3887593371412321;211;0.0
Goal_922;187547;1808858.0576888884;0.05555555555555555;282527;1808290.515000001;0.08124533352799981;3600;1.0
Goal_963;187547;5426574.173066665;0.1111111111111111;281912;4072448.3382000006;0.11091881759832793;206;0.0
Goal_964;187547;5426574.173066665;0.16666666666666666;300702;4580032.660799997;0.11762866651100382;224;0.0
Goal_965;187547;5426574.173066665;0.2222222222222222;222304;2873854.7995999996;0.22222186322274962;172;0.0
Goal_966;187547;5426574.173066665;0.2777777777777778;246641;2693784.3466999996;0.2777087806173736;230;0.0
Goal_967;187547;5426574.173066665;0.3333333333333333;240188;2414787.5832000007;0.3330199590688263;242;0.0
Goal_968;187547;5426574.173066665;0.38888888888888884;188880;789274.4783000001;0.3888893625703455;149;0.0
Goal_970;187547;5426574.173066665;0.5;187547;312013.0908;0.45613797291258473;4;0.0
Goal_969;187547;5426574.173066665;0.4444444444444444;187586;337593.40640000004;0.4444147472051496;83;0.0
Goal_931;187547;2713287.0865333327;0.0;304372;2713261.1892999993;0.07699176417943804;3600;0.6200616313722263
Goal_932;187547;2713287.0865333327;0.05555555555555555;267796;2711198.605;0.08629425263743712;3600;1.0
Goal_973;187547;6331003.2019111095;0.1111111111111111;303832;5218966.711899996;0.11109192503844662;220;0.0
Goal_974;187547;6331003.2019111095;0.16666666666666666;228714;3777348.9069999997;0.0989046012007457;200;0.0
Goal_975;187547;6331003.2019111095;0.2222222222222222;285473;2408903.591999999;0.21910400770005345;193;0.0
Goal_976;187547;6331003.2019111095;0.2777777777777778;207242;4019406.8311000005;0.27609156599239354;203;0.0
Goal_978;187547;6331003.2019111095;0.38888888888888884;187566;999618.4058000001;0.3882205681967815;152;0.0
Goal_977;187547;6331003.2019111095;0.3333333333333333;302276;4638751.619299997;0.09945402688057772;201;0.0
Goal_980;187547;6331003.2019111095;0.5;187547;312013.0908;0.45613797291258473;4;0.0
Goal_979;187547;6331003.2019111095;0.4444444444444444;187586;337593.40640000004;0.4444147472051496;83;0.0
Goal_941;187547;3617716.115377777;0.0;244205;3012399.0379999974;0.11765554077467363;3600;0.8377214872038901
Goal_942;187547;3617716.115377777;0.05555555555555555;275156;3549578.0755999982;0.0780054358884343;3600;1.0
Goal_983;187547;7235432.230755554;0.1111111111111111;226986;3681350.0849;0.1111113157950305;199;0.0
Goal_984;187547;7235432.230755554;0.16666666666666666;282920;5039081.3933;0.16666742276312307;212;0.0
Goal_985;187547;7235432.230755554;0.2222222222222222;206418;2989759.9614000013;0.22221796589832002;198;0.0
Goal_986;187547;7235432.230755554;0.2777777777777778;205164;2149479.6796999993;0.2777739913711599;196;0.0
Goal_988;187547;7235432.230755554;0.38888888888888884;187681;1151150.0013;0.38888836630844953;146;0.0
Goal_987;187547;7235432.230755554;0.3333333333333333;235829;3073787.9410999995;0.3333328976848273;204;0.0
Goal_990;187547;7235432.230755554;0.5;187547;312013.0908;0.45613797291258473;5;0.0
Goal_989;187547;7235432.230755554;0.4444444444444444;187586;337593.40640000004;0.4444147472051496;80;0.0
Goal_951;187547;4522145.144222221;0.0;279605;4285877.469400001;0.0858379002657607;3600;0.6950223280696136
Goal_952;187547;4522145.144222221;0.05555555555555555;300403;4338903.2649;0.06637834344318863;3600;1.0
Goal_993;187547;8139861.259599998;0.1111111111111111;305067;3561318.9939000015;0.06796041848466047;191;0.0
Goal_994;187547;8139861.259599998;0.16666666666666666;295259;4150186.314499999;0.16666064207337014;190;0.0
Goal_995;187547;8139861.259599998;0.2222222222222222;230185;2655164.6626999993;0.20779555844819028;85;0.0
Goal_996;187547;8139861.259599998;0.2777777777777778;277988;3920817.7221999997;0.2777697004641942;239;0.0
Goal_997;187547;8139861.259599998;0.3333333333333333;187547;3521049.152599998;0.3333305965150466;203;0.0
Goal_961;187547;5426574.173066665;0.0;234851;5099536.061399999;0.1052091490932156;3600;0.791258568191234
Goal_1000;187547;8139861.259599998;0.5;187547;312013.0908;0.45613797291258473;5;0.0
Goal_999;187547;8139861.259599998;0.4444444444444444;187586;337593.40640000004;0.4444147472051496;85;0.0
Goal_998;187547;8139861.259599998;0.38888888888888884;187740;1329218.3393999997;0.38817084080091885;163;0.0
Goal_962;187547;5426574.173066665;0.05555555555555555;277738;5312474.462400001;0.07997287133388713;3600;1.0
Goal_971;187547;6331003.2019111095;0.0;259413;4391872.6083;0.08999836202510982;3600;0.710846437685266
Goal_972;187547;6331003.2019111095;0.05555555555555555;290139;5187367.118199997;0.06870175629662716;3600;1.0
Goal_981;187547;7235432.230755554;0.0;252690;4853316.0143;0.10164086685112948;3606;0.7819966539949649
Goal_982;187547;7235432.230755554;0.05555555555555555;274108;5057507.748599999;0.07704215439585346;3600;1.0
Goal_991;187547;8139861.259599998;0.0;273612;4483003.302;0.07747264778313301;3600;0.62476466587687
Goal_992;187547;8139861.259599998;0.05555555555555555;297098;6538668.647499999;0.06658427399291471;3600;1.0
