Meta_7;1087588;0.0;0.3333333333333333;1056224;5361735.535100002;0.2910737157524908;205;0.0
Meta_8;1087588;0.0;0.38888888888888884;1056224;5361735.535100002;0.2910737157524908;209;0.0
Meta_9;1087588;0.0;0.4444444444444444;1056224;5361735.535100002;0.2910737157524908;218;0.0
Meta_10;1087588;0.0;0.5;1056224;5361735.535100002;0.2910737157524908;221;0.0
Meta_6;1087588;0.0;0.2777777777777778;1059856;5550443.670300001;0.2751819215188584;3600;9.007057468593331E-4
Meta_5;1087588;0.0;0.2222222222222222;1066085;5900967.455500003;0.22222228634077784;3600;0.003204326248416271
Meta_3;1087588;0.0;0.1111111111111111;1076923;6623605.259200001;0.11896806267641752;3600;0.033673094245737084
Meta_1;1087588;0.0;0.0;1085864;7302376.299699997;0.019824918024360184;3600;0.014416556946843162
Meta_2;1087588;0.0;0.05555555555555555;1082865;7122768.864799997;0.06219768789396055;3600;0.029910375658449
Meta_4;1087588;0.0;0.16666666666666666;1072340;6313102.296199999;0.17485629066675304;3600;0.04974957421722501
Meta_11;1087588;2499234.976633334;0.0;1087588;7379647.035299998;7.688775850050385E-18;3600;0.011351049773562199
Meta_12;1087588;2499234.976633334;0.05555555555555555;1082853;7060360.046499996;0.0651797063718644;3600;0.04023232297834437
Meta_19;1087588;2499234.976633334;0.4444444444444444;1056224;5361735.535100002;0.2910737157524908;218;4.0001906705820093E-16
Meta_13;1087588;2499234.976633334;0.1111111111111111;1077337;6713874.4256000025;0.11685322762728546;3600;0.054891438371323764
Meta_14;1087588;2499234.976633334;0.16666666666666666;1071256;6236771.474299999;0.17654315653664385;3600;0.08361016693130652
Meta_17;1087588;2499234.976633334;0.3333333333333333;1056224;5361735.535100002;0.2910737157524902;238;2.000095335291E-16
Meta_20;1087588;2499234.976633334;0.5;1056224;5361735.535100002;0.2910737157524908;412;0.0
Meta_18;1087588;2499234.976633334;0.38888888888888884;1056224;5361735.535100001;0.2910737157524908;467;0.0
Meta_27;1087588;4998469.953266668;0.3333333333333333;1056224;5361735.535100002;0.2910737157524908;443;5.722938716331381E-16
Meta_28;1087588;4998469.953266668;0.38888888888888884;1056224;5361735.535100002;0.2910737157524905;429;0.0
Meta_26;1087588;4998469.953266668;0.2777777777777778;1058752;5490572.718100003;0.27777808818758365;838;0.0
Meta_30;1087588;4998469.953266668;0.5;1056224;5361735.535100002;0.2910737157524897;427;1.556639330842093E-14
Meta_29;1087588;4998469.953266668;0.4444444444444444;1056224;5361735.535100002;0.2910737157524908;485;0.0
Meta_31;1087588;7497704.929900002;0.0;1087588;7497686.640099999;7.688775850050385E-18;688;0.0
Meta_32;1087588;7497704.929900002;0.05555555555555555;1087588;7497687.520399998;9.416788789628715E-18;706;0.0
Meta_33;1087588;7497704.929900002;0.1111111111111111;1087588;7487763.7686;9.416788789628715E-18;709;0.0
Meta_35;1087588;7497704.929900002;0.2222222222222222;1087588;7491542.952399999;8.816984484794005E-17;473;0.0
Meta_36;1087588;7497704.929900002;0.2777777777777778;1087588;7473588.5219;1.2468743449886423E-15;605;0.0
Meta_34;1087588;7497704.929900002;0.16666666666666666;1087588;7497704.569099997;5.436785542593989E-18;918;0.0
Meta_37;1087588;7497704.929900002;0.3333333333333333;1087588;7474136.109599999;2.5349650276997844E-16;478;0.0
Meta_39;1087588;7497704.929900002;0.4444444444444444;1087588;7495948.956900003;7.688775850050385E-18;305;0.0
Meta_40;1087588;7497704.929900002;0.5;1087588;7497695.880299999;1.7548447684310834E-13;461;0.0
Meta_38;1087588;7497704.929900002;0.38888888888888884;1087588;7497692.071299998;1.3635388771774723E-16;851;0.0
Meta_15;1087588;2499234.976633334;0.2222222222222222;1065042;5843382.483100001;0.22222186822336584;3600;0.003324337939955402
Meta_16;1087588;2499234.976633334;0.2777777777777778;1058740;5489970.570800003;0.27777764409019595;3601;1.1428025271918579E-5
Meta_42;1087588;9996939.906533336;0.05555555555555555;1087588;9996924.424300002;4.3248937000210105E-16;323;0.0
Meta_21;1087588;4998469.953266668;0.0;1087588;7421876.551099999;1.0426117638888816E-13;3600;0.038745011106362415
Meta_22;1087588;4998469.953266668;0.05555555555555555;1084347;7194134.279900002;0.062235209636369686;3600;0.0873173917236069
Meta_23;1087588;4998469.953266668;0.1111111111111111;1079380;6766053.0386000015;0.11293234980755583;3600;0.050424365501049846
Meta_24;1087588;4998469.953266668;0.16666666666666666;1073092;6360248.705700002;0.16925048115894448;3600;0.07539395346427441
Meta_25;1087588;4998469.953266668;0.2222222222222222;1064609;5860575.108100003;0.22224360670512902;3600;0.028551739300255567
Meta_41;1087588;9996939.906533336;0.0;1087588;9994244.655699993;0.0;927;0.0
Meta_47;1087588;9996939.906533336;0.3333333333333333;1087588;9848999.424999991;3.6063555420826116E-17;206;0.0
Meta_45;1087588;9996939.906533336;0.2222222222222222;1087588;9839513.213200001;0.0;429;0.0
Meta_44;1087588;9996939.906533336;0.16666666666666666;1087588;9991978.2976;9.416788789628715E-18;452;0.0
Meta_46;1087588;9996939.906533336;0.2777777777777778;1087588;9996933.4993;7.688775850050385E-18;252;0.0
Meta_52;1087588;1.249617488316667E7;0.05555555555555555;1087588;1.2496174774699992E7;1.4384382477295057E-17;189;0.0
Meta_50;1087588;9996939.906533336;0.5;1087588;9654100.2063;6.602505426043005E-16;334;0.0
Meta_53;1087588;1.249617488316667E7;0.1111111111111111;1087588;1.2496174794199994E7;3.777408717412331E-14;145;0.0
Meta_54;1087588;1.249617488316667E7;0.16666666666666666;1087588;1.24961747722E7;5.436785542593989E-18;162;0.0
Meta_51;1087588;1.249617488316667E7;0.0;1087588;1.24961748711E7;7.298541873034126E-15;373;0.0
Meta_43;1087588;9996939.906533336;0.1111111111111111;1087588;9959766.097100003;1.3317350420295851E-17;679;0.0
Meta_57;1087588;1.249617488316667E7;0.3333333333333333;1087588;1.2180832687200002E7;4.8894147730339333E-14;149;0.0
Meta_58;1087588;1.249617488316667E7;0.38888888888888884;1087588;1.2496174850799995E7;1.0873571085187977E-17;183;0.0
Meta_62;1087588;1.4995409859800003E7;0.05555555555555555;1087588;1.3777771845099993E7;5.436785542593989E-18;134;0.0
Meta_59;1087588;1.249617488316667E7;0.4444444444444444;1087588;1.2321734050500005E7;7.688775850050385E-18;182;0.0
Meta_48;1087588;9996939.906533336;0.38888888888888884;1087588;9996939.283199996;1.537755170010077E-17;572;0.0
Meta_49;1087588;9996939.906533336;0.4444444444444444;1087588;9922832.641499996;5.436785542593989E-18;572;0.0
Meta_63;1087588;1.4995409859800003E7;0.1111111111111111;1087588;1.46603054101E7;8.623696511765438E-15;110;0.0
Meta_60;1087588;1.249617488316667E7;0.5;1087588;1.2496174596399998E7;7.688775850050385E-18;266;0.0
Meta_64;1087588;1.4995409859800003E7;0.16666666666666666;1087588;1.4136150077099998E7;5.163993112157526E-13;132;0.0
Meta_65;1087588;1.4995409859800003E7;0.2222222222222222;1087588;1.4110916117E7;6.272603476484481E-14;127;0.0
Meta_66;1087588;1.4995409859800003E7;0.2777777777777778;1087588;1.3998015284900002E7;4.879022920898813E-13;169;0.0
Meta_69;1087588;1.4995409859800003E7;0.4444444444444444;1087588;1.28921916124E7;2.0638312908061342E-16;178;0.0
Meta_55;1087588;1.249617488316667E7;0.2222222222222222;1087588;1.2495488177099995E7;6.964628807989106E-14;557;0.0
Meta_71;1087588;1.749464483643334E7;0.0;1087588;1.73797212136E7;1.469314101055376E-14;131;0.0
Meta_68;1087588;1.4995409859800003E7;0.38888888888888884;1087588;1.4759904027099995E7;2.1238286210798333E-16;218;0.0
Meta_72;1087588;1.749464483643334E7;0.05555555555555555;1087588;1.69481479851E7;0.0;132;0.0
Meta_67;1087588;1.4995409859800003E7;0.3333333333333333;1087588;1.4129393433599994E7;5.436785542593989E-18;231;0.0
Meta_70;1087588;1.4995409859800003E7;0.5;1087588;1.3656274589200005E7;7.150037397122353E-13;173;0.0
Meta_56;1087588;1.249617488316667E7;0.2777777777777778;1087588;1.1935823860799996E7;1.2157022052328237E-17;617;0.0
Meta_73;1087588;1.749464483643334E7;0.1111111111111111;1087588;1.7067657414899986E7;7.906663960609105E-15;156;0.0
Meta_75;1087588;1.749464483643334E7;0.2222222222222222;1087588;1.7386942584000003E7;3.0929771765704556E-13;115;0.0
Meta_74;1087588;1.749464483643334E7;0.16666666666666666;1087588;1.7330193988200013E7;8.509915436629767E-17;159;0.0
Meta_77;1087588;1.749464483643334E7;0.3333333333333333;1087588;1.599085003289999E7;7.819270703431608E-14;135;0.0
Meta_78;1087588;1.749464483643334E7;0.38888888888888884;1087588;1.5031218415199993E7;1.8577345839572504E-15;161;0.0
Meta_79;1087588;1.749464483643334E7;0.4444444444444444;1087588;1.6069377097800007E7;1.6818922570606055E-16;165;0.0
Meta_76;1087588;1.749464483643334E7;0.2777777777777778;1087588;1.7494644451099996E7;5.463901848177784E-17;178;0.0
Meta_81;1087588;1.9993879813066673E7;0.0;1087588;1.5088671802299993E7;7.502961031177281E-16;125;0.0
Meta_80;1087588;1.749464483643334E7;0.5;1087588;1.7181196798E7;6.211451057632044E-14;167;0.0
Meta_82;1087588;1.9993879813066673E7;0.05555555555555555;1087588;1.5051670303900002E7;3.1344604577548576E-12;133;0.0
Meta_85;1087588;1.9993879813066673E7;0.2222222222222222;1087588;1.7758821241200004E7;3.131631938200241E-14;103;0.0
Meta_84;1087588;1.9993879813066673E7;0.16666666666666666;1087588;1.8747052023900006E7;0.0;137;0.0
Meta_86;1087588;1.9993879813066673E7;0.2777777777777778;1087588;1.8145634305599984E7;1.3705984311821658E-14;115;0.0
Meta_61;1087588;1.4995409859800003E7;0.0;1087588;1.3734020020600006E7;3.38163471791506E-14;714;0.0
Meta_88;1087588;1.9993879813066673E7;0.38888888888888884;1087588;1.8288209352800004E7;2.994500132738282E-13;134;0.0
Meta_91;1087588;2.2493114789700005E7;0.0;1087588;2.234488318900002E7;3.605978494292866E-15;124;0.0
Meta_89;1087588;1.9993879813066673E7;0.4444444444444444;1087588;1.8773992339899994E7;4.661351256772358E-14;150;0.0
Meta_87;1087588;1.9993879813066673E7;0.3333333333333333;1087588;1.7681546591899995E7;2.394655629733605E-16;165;0.0
Meta_92;1087588;2.2493114789700005E7;0.05555555555555555;1087588;1.6813792196900003E7;3.218347806418627E-14;108;0.0
Meta_83;1087588;1.9993879813066673E7;0.1111111111111111;1087588;1.749020361989999E7;3.886904909440887E-14;258;0.0
Meta_93;1087588;2.2493114789700005E7;0.1111111111111111;1087588;1.8736491892299995E7;2.8785450623033856E-14;111;0.0
Meta_90;1087588;1.9993879813066673E7;0.5;1087588;1.7580601829600003E7;2.0418824365256698E-14;210;0.0
Meta_95;1087588;2.2493114789700005E7;0.2222222222222222;1087588;1.8280977148199987E7;6.241945992026525E-15;136;0.0
Meta_94;1087588;2.2493114789700005E7;0.16666666666666666;1087588;1.7565494094999988E7;1.5111723168825962E-14;148;0.0
Meta_96;1087588;2.2493114789700005E7;0.2777777777777778;1087588;1.8976660992900003E7;7.688775850050385E-18;130;0.0
Meta_97;1087588;2.2493114789700005E7;0.3333333333333333;1087588;1.7290311914699998E7;1.8783887452799844E-12;143;0.0
Meta_100;1087588;2.2493114789700005E7;0.5;1087588;1.7529329511499994E7;2.679042349769884E-12;147;0.0
Meta_98;1087588;2.2493114789700005E7;0.38888888888888884;1087588;1.891809969029999E7;2.4794007298051146E-15;163;0.0
Meta_99;1087588;2.2493114789700005E7;0.4444444444444444;1087588;1.698711315329999E7;7.339619118471171E-12;171;0.0
Meta_110;1037680;0.0;0.5;1037680;4518695.6689;0.35375716083034964;225;0.0
Meta_108;1037680;0.0;0.38888888888888884;1037680;4518695.6689;0.35375716083034964;303;0.0
Meta_109;1037680;0.0;0.4444444444444444;1037680;4518695.6689;0.35375716083034964;304;0.0
Meta_101;1037680;0.0;0.0;1037787;5442567.979599998;0.1899744885712626;3600;0.43359904043726516
Meta_102;1037680;0.0;0.05555555555555555;1037680;5564719.650399996;0.1762737950798;3600;0.40108595411924247
Meta_103;1037680;0.0;0.1111111111111111;1037680;5167128.071899998;0.22209324200413985;3600;0.46029342169801424
Meta_104;1037680;0.0;0.16666666666666666;1037383;5139066.304799999;0.20984018632021745;3600;0.3059526689858812
Meta_105;1037680;0.0;0.2222222222222222;1036227;5070497.532900001;0.24225329906114187;3600;0.24211938724979215
Meta_106;1037680;0.0;0.2777777777777778;1037577;4735430.0995000005;0.28360472024887606;3600;0.10636024438920463
Meta_107;1037680;0.0;0.3333333333333333;1037680;4675367.3783;0.33283943104203845;3600;0.03360954508070693
Meta_119;1037680;2499234.976633334;0.4444444444444444;1037680;4518695.6689;0.35375716083034964;233;7.0327547341065745E-15
Meta_118;1037680;2499234.976633334;0.38888888888888884;1037680;4518695.6689;0.35375716083034964;251;1.9999396275115573E-14
Meta_120;1037680;2499234.976633334;0.5;1037680;4518695.6689;0.35375716083034964;237;0.0
Meta_111;1037680;2499234.976633334;0.0;1037669;5583060.666800002;0.1742050935094696;3600;0.5609579105305147
Meta_113;1037680;2499234.976633334;0.1111111111111111;1037680;5153600.901500002;0.22509844000623982;3600;0.6388308053457302
Meta_112;1037680;2499234.976633334;0.05555555555555555;1037680;5362343.8303000005;0.19991059780971732;3600;0.6133228373498462
Meta_114;1037680;2499234.976633334;0.16666666666666666;1036003;4903656.375799999;0.2443019905938277;3600;0.6124792847119924
Meta_115;1037680;2499234.976633334;0.2222222222222222;1035144;4821436.779900001;0.2607358666651264;3600;0.5170359940963041
Meta_116;1037680;2499234.976633334;0.2777777777777778;1037538;4721613.021000002;0.2881994871908775;3600;0.28487833309982125
Meta_117;1037680;2499234.976633334;0.3333333333333333;1037680;4532404.054700001;0.33333298619700663;3601;0.0013940342104070173
Meta_121;1037680;4998469.953266668;0.0;1023655;5206429.2914;0.256805812424696;3600;0.9673752324890528
Meta_122;1037680;4998469.953266668;0.05555555555555555;1032153;5487709.636099999;0.23283977930583025;3600;0.9851376041308729
Meta_123;1037680;4998469.953266668;0.1111111111111111;1037543;5437791.190300005;0.2170206319844049;3601;1.0
Meta_124;1037680;4998469.953266668;0.16666666666666666;1037678;5041218.398900003;0.268305439856956;3600;1.0
Meta_125;1037680;4998469.953266668;0.2222222222222222;1037680;5410835.252400003;0.2794505471947398;3600;1.0
Meta_126;1037680;4998469.953266668;0.2777777777777778;1037677;5087428.181000001;0.28046730498977374;3600;1.0
Meta_128;1037680;4998469.953266668;0.38888888888888884;1037680;4998466.9915;0.3399690214318679;429;0.0
Meta_129;1037680;4998469.953266668;0.4444444444444444;1037680;4996919.354500001;0.3377828268432655;460;0.0
Meta_130;1037680;4998469.953266668;0.5;1037680;4987202.143700001;0.3394838052403523;466;0.0
Meta_137;1037680;7497704.929900002;0.3333333333333333;1037680;7432126.859600001;0.3332882057600455;151;0.0
Meta_136;1037680;7497704.929900002;0.2777777777777778;1037680;7496939.545700004;0.2777457564547081;189;0.0
Meta_140;1037680;7497704.929900002;0.5;1037680;7497704.528199999;0.3169491479959919;388;0.0
Meta_139;1037680;7497704.929900002;0.4444444444444444;1037680;7455809.959800007;0.3332533892219087;458;0.0
Meta_138;1037680;7497704.929900002;0.38888888888888884;1037680;7497703.872600004;0.32758058564529224;496;0.0
Meta_144;1037680;9996939.906533336;0.16666666666666666;1040599;9910087.1373;0.1666626179843375;1192;0.0
Meta_145;1037680;9996939.906533336;0.2222222222222222;1037680;9773556.618800003;0.22067983187785603;914;0.0
Meta_127;1037680;4998469.953266668;0.3333333333333333;1037680;4993772.480099999;0.3332978006901706;3275;0.0
Meta_146;1037680;9996939.906533336;0.2777777777777778;1037680;9996934.611399995;0.27042074054344645;457;0.0
Meta_131;1037680;7497704.929900002;0.0;1038498;7560043.3581;0.21243309415591588;3600;1.0
Meta_132;1037680;7497704.929900002;0.05555555555555555;1037125;7474107.088899997;0.23188165329532343;3600;1.0
Meta_133;1037680;7497704.929900002;0.1111111111111111;1037680;7497791.283500002;0.17094332007682134;3600;1.0
Meta_134;1037680;7497704.929900002;0.16666666666666666;1041243;7399087.598599999;0.22897451996469054;3600;1.0
Meta_148;1037680;9996939.906533336;0.38888888888888884;1037680;9939794.875600005;0.31089352480415167;402;0.0
Meta_135;1037680;7497704.929900002;0.2222222222222222;1037669;7424131.950000001;0.2341167156490284;3600;1.0
Meta_147;1037680;9996939.906533336;0.3333333333333333;1037680;9842733.629500007;0.3333328164941925;766;0.0
Meta_141;1037680;9996939.906533336;0.0;1037680;9996945.3345;0.15090040558213522;3600;1.0
Meta_150;1037680;9996939.906533336;0.5;1037680;9929860.213500002;0.31082187591867183;418;0.0
Meta_149;1037680;9996939.906533336;0.4444444444444444;1037690;9951293.301200004;0.3443353863337879;484;0.0
Meta_156;1037680;1.249617488316667E7;0.2777777777777778;1037680;1.0867868568899997E7;0.27644185469652205;328;0.0
Meta_155;1037680;1.249617488316667E7;0.2222222222222222;1038106;1.2437734667600008E7;0.22165309923705048;524;0.0
Meta_142;1037680;9996939.906533336;0.05555555555555555;1037680;9989448.464800002;0.15554838583341282;3600;1.0
Meta_143;1037680;9996939.906533336;0.1111111111111111;1037039;1.0151438146799989E7;0.1651004531464386;3600;1.0
Meta_154;1037680;1.249617488316667E7;0.16666666666666666;1037689;1.2367614068799991E7;0.1666399628613287;688;0.0
Meta_158;1037680;1.249617488316667E7;0.38888888888888884;1037680;1.1284819902599994E7;0.3302572671846991;440;0.0
Meta_160;1037680;1.249617488316667E7;0.5;1037680;1.1610826000300001E7;0.3393577376515208;274;0.0
Meta_157;1037680;1.249617488316667E7;0.3333333333333333;1037680;1.24961741359E7;0.3185567234423634;530;0.0
Meta_159;1037680;1.249617488316667E7;0.4444444444444444;1037680;1.1444469209400002E7;0.3259757133078149;331;0.0
Meta_153;1037680;1.249617488316667E7;0.1111111111111111;1037680;1.2447765711400002E7;0.11080750167018341;1236;0.0
Meta_165;1037680;1.4995409859800003E7;0.2222222222222222;1037680;1.4873645803999994E7;0.2030769014036994;445;0.0
Meta_167;1037680;1.4995409859800003E7;0.3333333333333333;1037680;1.3315232223999996E7;0.31387970343444255;442;0.0
Meta_169;1037680;1.4995409859800003E7;0.4444444444444444;1037680;1.1162129436100004E7;0.34598486709092374;84;0.0
Meta_168;1037680;1.4995409859800003E7;0.38888888888888884;1037680;1.1465665170500005E7;0.3354246862250054;301;0.0
Meta_163;1037680;1.4995409859800003E7;0.1111111111111111;1038431;1.4493955699399997E7;0.11111156207876777;803;0.0
Meta_166;1037680;1.4995409859800003E7;0.2777777777777778;1037680;1.2439520847199982E7;0.2777782483723874;693;0.0
Meta_170;1037680;1.4995409859800003E7;0.5;1037680;1.1475186875200002E7;0.3364463509157222;250;0.0
Meta_175;1037680;1.749464483643334E7;0.2222222222222222;1037680;1.30557936426E7;0.2194954926459185;391;0.0
Meta_174;1037680;1.749464483643334E7;0.16666666666666666;1037680;1.7494644616800003E7;0.1528548947180883;501;0.0
Meta_176;1037680;1.749464483643334E7;0.2777777777777778;1039373;1.3956598142099986E7;0.2777621459035716;163;0.0
Meta_177;1037680;1.749464483643334E7;0.3333333333333333;1037680;1.4509448328599997E7;0.3037058929838432;398;0.0
Meta_178;1037680;1.749464483643334E7;0.38888888888888884;1037680;1.1465665170500005E7;0.3354246862250054;343;0.0
Meta_164;1037680;1.4995409859800003E7;0.16666666666666666;1039472;1.4990557198100004E7;0.16061302630737445;1679;0.0
Meta_179;1037680;1.749464483643334E7;0.4444444444444444;1037680;1.22944776118E7;0.3366745783109891;310;0.0
Meta_180;1037680;1.749464483643334E7;0.5;1037680;1.4136087532499997E7;0.3396780585089757;365;0.0
Meta_151;1037680;1.249617488316667E7;0.0;1036883;1.2370289858099997E7;0.1625173699349194;3600;1.0
Meta_152;1037680;1.249617488316667E7;0.05555555555555555;1037679;1.24961069869E7;0.11463238085058741;3600;1.0
Meta_161;1037680;1.4995409859800003E7;0.0;1039053;1.3500789830500003E7;0.11749859066770478;3600;1.0
Meta_162;1037680;1.4995409859800003E7;0.05555555555555555;1049844;1.4424569435899993E7;0.06178346847651242;3600;1.0
Meta_186;1037680;1.9993879813066673E7;0.2777777777777778;1037680;1.3282927844599988E7;0.277722712532494;354;0.0
Meta_187;1037680;1.9993879813066673E7;0.3333333333333333;1037680;1.3014463978400003E7;0.30510676388166025;403;0.0
Meta_184;1037680;1.9993879813066673E7;0.16666666666666666;1037680;1.7152689626700006E7;0.16607474790646465;1175;0.0
Meta_185;1037680;1.9993879813066673E7;0.2222222222222222;1037680;1.5692626605200004E7;0.21760222254868383;1256;0.0
Meta_188;1037680;1.9993879813066673E7;0.38888888888888884;1037680;1.1465665170500005E7;0.3354246862250054;300;0.0
Meta_171;1037680;1.749464483643334E7;0.0;1041349;1.3359992641400004E7;0.03592052524258457;3601;1.0
Meta_189;1037680;1.9993879813066673E7;0.4444444444444444;1037680;1.07832626524E7;0.345005600034681;389;0.0
Meta_190;1037680;1.9993879813066673E7;0.5;1037680;1.4136087532499997E7;0.3396780585089757;357;0.0
Meta_172;1037680;1.749464483643334E7;0.05555555555555555;1037680;1.74946417139E7;0.11764527479477774;3600;1.0
Meta_173;1037680;1.749464483643334E7;0.1111111111111111;1041176;1.5997750048899993E7;0.12218281154866183;3600;1.0
Meta_195;1037680;2.2493114789700005E7;0.2222222222222222;1037680;1.5480575105999995E7;0.21478122154480497;444;0.0
Meta_196;1037680;2.2493114789700005E7;0.2777777777777778;1037680;1.4227427486899989E7;0.2706553502588651;437;0.0
Meta_197;1037680;2.2493114789700005E7;0.3333333333333333;1037680;1.2987718000700004E7;0.3124362312679426;437;0.0
Meta_194;1037680;2.2493114789700005E7;0.16666666666666666;1037680;1.7974737402199995E7;0.16665082624764063;598;0.0
Meta_198;1037680;2.2493114789700005E7;0.38888888888888884;1038060;1.2804569863400001E7;0.32507869402074246;343;0.0
Meta_200;1037680;2.2493114789700005E7;0.5;1037680;1.1456080082199994E7;0.32376662492362884;356;0.0
Meta_199;1037680;2.2493114789700005E7;0.4444444444444444;1037680;1.0870630749800004E7;0.34781410938889834;382;0.0
Meta_192;1037680;2.2493114789700005E7;0.05555555555555555;1037680;2.249311066259999E7;0.05263036636079126;1135;0.0
Meta_181;1037680;1.9993879813066673E7;0.0;1037669;1.4314761213799993E7;0.15501802709280274;3600;1.0
Meta_182;1037680;1.9993879813066673E7;0.05555555555555555;1037680;1.9274429262200005E7;0.05782108069333468;3600;1.0
Meta_183;1037680;1.9993879813066673E7;0.1111111111111111;1038258;1.6530861143699994E7;0.11344637406205198;3601;1.0
Meta_193;1037680;2.2493114789700005E7;0.1111111111111111;1040136;1.4397046009399999E7;0.11105585179812824;2170;0.0
Meta_191;1037680;2.2493114789700005E7;0.0;1036962;1.947328822919999E7;0.23142731876828596;3600;1.0
Meta_210;987772;0.0;0.5;987772;2732674.9969;0.4496659616020121;320;0.0
Meta_201;987772;0.0;0.0;987772;4098123.5893999995;0.2573793679904804;3600;0.6620471940914084
Meta_202;987772;0.0;0.05555555555555555;987772;4173856.822899998;0.25183319052167186;3600;0.6585084537406248
Meta_203;987772;0.0;0.1111111111111111;987772;3782068.4310000027;0.2748002068398138;3600;0.6763320633280823
Meta_204;987772;0.0;0.16666666666666666;987771;3442134.9762000027;0.3125233102860028;3600;0.7091489818487517
Meta_205;987772;0.0;0.2222222222222222;981604;3268205.8046;0.3305898831140078;3600;0.698971233760275
Meta_206;987772;0.0;0.2777777777777778;983710;3098397.820199999;0.34343592513048954;3600;0.6291428790740494
Meta_207;987772;0.0;0.3333333333333333;985849;3247068.1114;0.3486030116377037;3600;0.38544373464673803
Meta_208;987772;0.0;0.38888888888888884;987772;2920035.9323999994;0.39316610912398164;3600;0.16826891519778947
Meta_209;987772;0.0;0.4444444444444444;987772;2734036.1094000004;0.44444548163877623;3600;4.4528505885965224E-5
Meta_220;987772;2499234.976633334;0.5;987772;2732674.9969;0.4496659616020131;57;1.5447526720034241E-15
Meta_211;987772;2499234.976633334;0.0;988140;4099467.8533000005;0.2464126464718308;3600;0.8360924314565017
Meta_212;987772;2499234.976633334;0.05555555555555555;987773;4116384.646299999;0.2491332285124818;3600;0.8535798487265137
Meta_213;987772;2499234.976633334;0.1111111111111111;987770;3758904.3268000013;0.282927489561374;3601;0.8901625488295014
Meta_214;987772;2499234.976633334;0.16666666666666666;987547;3424032.923700003;0.31520241497305507;3600;0.9166385144868506
Meta_215;987772;2499234.976633334;0.2222222222222222;987770;3157779.450600002;0.3503434729941882;3600;0.9366085482655175
Meta_216;987772;2499234.976633334;0.2777777777777778;987771;3206348.576700003;0.34944575920486703;3600;0.9331120649099806
Meta_217;987772;2499234.976633334;0.3333333333333333;987778;3203774.237299999;0.34784044728021696;3600;0.8571892032775631
Meta_218;987772;2499234.976633334;0.38888888888888884;987772;2901575.7343000006;0.39270792376158853;3600;0.679544668987726
Meta_219;987772;2499234.976633334;0.4444444444444444;987772;2739190.4418999995;0.4444346068700102;3600;0.5491999082731589
Meta_229;987772;4998469.953266668;0.4444444444444444;987773;4998460.5662;0.43917972551466017;304;0.0
Meta_230;987772;4998469.953266668;0.5;987772;4986392.2474000035;0.44244424548281763;325;0.0
Meta_221;987772;4998469.953266668;0.0;987606;6222819.053299997;0.22791243562472033;3600;1.0
Meta_222;987772;4998469.953266668;0.05555555555555555;987772;5317279.356800002;0.2643271348704597;3600;1.0
Meta_223;987772;4998469.953266668;0.1111111111111111;987772;4978536.7993;0.30859904566486057;3600;1.0
Meta_224;987772;4998469.953266668;0.16666666666666666;987772;5736119.660200002;0.2651629443388116;3600;1.0
Meta_225;987772;4998469.953266668;0.2222222222222222;987773;5257900.2496;0.30539788053246053;3600;1.0
Meta_226;987772;4998469.953266668;0.2777777777777778;987813;5104527.1334000025;0.33340137371608336;3600;1.0
Meta_227;987772;4998469.953266668;0.3333333333333333;987772;5026794.359400004;0.3471763510074244;3600;1.0
Meta_228;987772;4998469.953266668;0.38888888888888884;987769;5018232.523000001;0.393268798236498;3600;1.0
Meta_239;987772;7497704.929900002;0.4444444444444444;987772;7305400.316900004;0.4408081764227333;311;0.0
Meta_240;987772;7497704.929900002;0.5;987772;7272307.169800002;0.4364534883730415;367;0.0
Meta_231;987772;7497704.929900002;0.0;987645;7392767.626300001;0.27202961622980887;3600;1.0
Meta_232;987772;7497704.929900002;0.05555555555555555;987771;7413484.4968;0.25129178115884776;3600;1.0
Meta_236;987772;7497704.929900002;0.2777777777777778;995435;7318606.625700003;0.2777571069366818;1168;0.0
Meta_233;987772;7497704.929900002;0.1111111111111111;992999;7327901.258899999;0.2934079772712922;3600;1.0
Meta_237;987772;7497704.929900002;0.3333333333333333;989804;7483139.510399999;0.3333332452545183;2173;0.0
Meta_234;987772;7497704.929900002;0.16666666666666666;987775;7503143.0388;0.23561044658411556;3600;1.0
Meta_246;987772;9996939.906533336;0.2777777777777778;998126;9986468.1761;0.27777151390087973;1867;0.0
Meta_235;987772;7497704.929900002;0.2222222222222222;987772;7195515.8918;0.25410403593044006;3600;1.0
Meta_238;987772;7497704.929900002;0.38888888888888884;988650;7498052.827599996;0.3872797095802524;3600;1.0
Meta_250;987772;9996939.906533336;0.5;987772;9633424.750799997;0.43810486101817947;410;0.0
Meta_249;987772;9996939.906533336;0.4444444444444444;987772;7427089.877000002;0.4441541246613352;549;0.0
Meta_241;987772;9996939.906533336;0.0;988715;9486560.500999998;0.2697669078505636;3600;1.0
Meta_242;987772;9996939.906533336;0.05555555555555555;967680;9823528.058499996;0.2799525454767099;3600;1.0
Meta_247;987772;9996939.906533336;0.3333333333333333;988793;9996913.554000001;0.3102960784505477;2004;0.0
Meta_243;987772;9996939.906533336;0.1111111111111111;987776;9911890.7202;0.18675489588558414;3600;1.0
Meta_244;987772;9996939.906533336;0.16666666666666666;987781;9781510.865299992;0.22889740751770843;3600;1.0
Meta_256;987772;1.249617488316667E7;0.2777777777777778;987772;1.1401665433099998E7;0.27774873028318603;377;0.0
Meta_245;987772;9996939.906533336;0.2222222222222222;987762;9881167.117900003;0.23886742226793617;3600;1.0
Meta_248;987772;9996939.906533336;0.38888888888888884;987841;9484019.925500002;0.3884742498114115;1981;0.0
Meta_252;987772;1.249617488316667E7;0.05555555555555555;987855;1.10147478609E7;0.050090830741001284;1147;0.0
Meta_253;987772;1.249617488316667E7;0.1111111111111111;990907;1.1390480388999999E7;0.1111080182520486;1127;0.0
Meta_259;987772;1.249617488316667E7;0.4444444444444444;987772;7398071.865600001;0.43988791571857805;276;0.0
Meta_260;987772;1.249617488316667E7;0.5;987772;1.0328357870000001E7;0.44345195639520296;373;0.0
Meta_264;987772;1.4995409859800003E7;0.16666666666666666;987772;1.1000661667200003E7;0.1651668685002598;335;0.0
Meta_265;987772;1.4995409859800003E7;0.2222222222222222;994340;1.2987528484400006E7;0.22163785329463184;354;0.0
Meta_258;987772;1.249617488316667E7;0.38888888888888884;993569;8420959.7941;0.31680568787622665;1095;0.0
Meta_263;987772;1.4995409859800003E7;0.1111111111111111;987772;1.4141158163099991E7;0.10659976530420864;1002;0.0
Meta_257;987772;1.249617488316667E7;0.3333333333333333;1004028;1.2487091741400009E7;0.3001096566539746;1490;0.0
Meta_255;987772;1.249617488316667E7;0.2222222222222222;1007348;1.24961707769E7;0.19674933962924535;1794;0.0
Meta_269;987772;1.4995409859800003E7;0.4444444444444444;987772;8048126.753600002;0.440716082261009;114;0.0
Meta_270;987772;1.4995409859800003E7;0.5;987772;1.0295524521299992E7;0.43715773001506253;298;0.0
Meta_266;987772;1.4995409859800003E7;0.2777777777777778;1038241;1.4091450561699992E7;0.2283367876344296;1756;0.0
Meta_268;987772;1.4995409859800003E7;0.38888888888888884;1031002;1.3241101120800007E7;0.29388084201904324;1596;0.0
Meta_251;987772;1.249617488316667E7;0.0;989317;1.1569304116699992E7;0.02996488599527868;3600;1.0
Meta_267;987772;1.4995409859800003E7;0.3333333333333333;996766;1.0538696388400007E7;0.33292237263128843;2100;0.0
Meta_254;987772;1.249617488316667E7;0.16666666666666666;987866;1.1594370893399995E7;0.18279423752406193;3600;1.0
Meta_275;987772;1.749464483643334E7;0.2222222222222222;987772;1.02877025484E7;0.22182669904827887;1073;0.0
Meta_276;987772;1.749464483643334E7;0.2777777777777778;992445;1.4425952419199992E7;0.27586734846312694;1119;0.0
Meta_261;987772;1.4995409859800003E7;0.0;989409;1.3183043558999993E7;0.044072635858469815;3600;1.0
Meta_262;987772;1.4995409859800003E7;0.05555555555555555;987815;1.4252605373900007E7;0.12604249851502525;3600;1.0
Meta_280;987772;1.749464483643334E7;0.5;987772;8651712.4331;0.4405323210763875;130;0.0
Meta_279;987772;1.749464483643334E7;0.4444444444444444;987772;8933125.8703;0.4259092466375461;425;0.0
Meta_278;987772;1.749464483643334E7;0.38888888888888884;987772;1.0375861524699999E7;0.3879614997453385;1832;0.0
Meta_271;987772;1.749464483643334E7;0.0;991061;1.72153829331E7;0.09456186313350629;3600;1.0
Meta_272;987772;1.749464483643334E7;0.05555555555555555;987772;1.6703508348399999E7;0.07637207561898474;3600;1.0
Meta_282;987772;1.9993879813066673E7;0.05555555555555555;988432;1.6528650563299997E7;0.041578430866854976;1191;0.0
Meta_273;987772;1.749464483643334E7;0.1111111111111111;987772;1.0698408130400006E7;0.11732159555975138;3600;1.0
Meta_277;987772;1.749464483643334E7;0.3333333333333333;987772;1.121268692439999E7;0.3139818158571391;2215;0.0
Meta_285;987772;1.9993879813066673E7;0.2222222222222222;987772;1.5061778085899998E7;0.2220339668230532;385;0.0
Meta_290;987772;1.9993879813066673E7;0.5;987772;8651712.4331;0.4405323210763875;97;0.0
Meta_283;987772;1.9993879813066673E7;0.1111111111111111;988074;1.2009178386000002E7;0.09952857630266769;1567;0.0
Meta_286;987772;1.9993879813066673E7;0.2777777777777778;998566;1.2503999853199989E7;0.2777560556464254;517;0.0
Meta_289;987772;1.9993879813066673E7;0.4444444444444444;987772;8904665.431600003;0.43031833338368597;322;0.0
Meta_284;987772;1.9993879813066673E7;0.16666666666666666;987772;1.4189664464399999E7;0.16493478210993512;1613;0.0
Meta_274;987772;1.749464483643334E7;0.16666666666666666;999713;1.75150985589E7;0.17036902819889696;3600;1.0
Meta_295;987772;2.2493114789700005E7;0.2222222222222222;988555;1.4826916114100002E7;0.2222053280854928;1038;0.0
Meta_294;987772;2.2493114789700005E7;0.16666666666666666;989186;1.8527615158500005E7;0.16547649249546473;1091;0.0
Meta_299;987772;2.2493114789700005E7;0.4444444444444444;987772;8904665.431600003;0.43031833338368597;219;0.0
Meta_296;987772;2.2493114789700005E7;0.2777777777777778;990662;1.4049530699299999E7;0.23373321530464497;1185;0.0
Meta_300;987772;2.2493114789700005E7;0.5;987772;8651712.4331;0.4405323210763875;90;0.0
Meta_288;987772;1.9993879813066673E7;0.38888888888888884;987772;1.1711867141100006E7;0.3888041276000917;2031;0.0
Meta_287;987772;1.9993879813066673E7;0.3333333333333333;988941;1.2886732475099994E7;0.3318809480863666;2358;0.0
Meta_281;987772;1.9993879813066673E7;0.0;989297;1.7313452655600004E7;0.05497802055121867;3600;1.0
Meta_297;987772;2.2493114789700005E7;0.3333333333333333;989437;9998431.427400004;0.33107944973111203;1756;0.0
Meta_298;987772;2.2493114789700005E7;0.38888888888888884;987772;8834231.115999993;0.3886941057516412;1377;0.0
Meta_291;987772;2.2493114789700005E7;0.0;987772;1.4211052640000006E7;0.18568701474641133;3600;1.0
Meta_292;987772;2.2493114789700005E7;0.05555555555555555;1003419;1.3662198164699998E7;0.10329034990974767;3600;1.0
Meta_293;987772;2.2493114789700005E7;0.1111111111111111;1012052;1.5842226724499997E7;0.121476665440931;3600;1.0
Meta_310;937864;0.0;0.5;937864;1346191.8391999996;0.4906928891888375;174;0.0
Meta_301;937864;0.0;0.0;937864;3799905.3745000013;0.25351291178749347;3600;0.6997382372597281
Meta_302;937864;0.0;0.05555555555555555;937864;3999995.0266999993;0.2898377198980816;3600;0.7667620684989592
Meta_303;937864;0.0;0.1111111111111111;937864;3408169.5312999985;0.28914223725975585;3600;0.7631225872360748
Meta_304;937864;0.0;0.16666666666666666;937864;3042515.196299999;0.3122619690330861;3600;0.7783521195628361
Meta_305;937864;0.0;0.2222222222222222;938264;2761860.1251999987;0.3264831041085638;3600;0.7638998255082917
Meta_306;937864;0.0;0.2777777777777778;936552;2076638.6358000003;0.3621773826970132;3600;0.7660622947996577
Meta_307;937864;0.0;0.3333333333333333;937964;1822527.0350000008;0.38553350641909584;3600;0.719601359341615
Meta_308;937864;0.0;0.38888888888888884;935930;1822672.0657;0.3985847020278257;3600;0.46071684378458555
Meta_309;937864;0.0;0.4444444444444444;937864;1432759.4344999995;0.4459318923054749;3600;0.12595667537261068
Meta_311;937864;2499234.976633334;0.0;938714;3956804.988399998;0.24141219990023394;3600;0.9010418142531232
Meta_320;937864;2499234.976633334;0.5;937864;2499233.246700001;0.4728458956867113;525;0.0
Meta_312;937864;2499234.976633334;0.05555555555555555;938714;3803296.366199998;0.25075396173647707;3600;0.9387734875559519
Meta_313;937864;2499234.976633334;0.1111111111111111;937864;3807787.019000002;0.27185888876233155;3600;1.0
Meta_314;937864;2499234.976633334;0.16666666666666666;937864;4275800.1828999985;0.2627914131612597;3600;1.0
Meta_315;937864;2499234.976633334;0.2222222222222222;938175;3297199.9949000003;0.30802867813176854;3600;1.0
Meta_316;937864;2499234.976633334;0.2777777777777778;937864;3007104.9081999986;0.3446394141142048;3600;1.0
Meta_317;937864;2499234.976633334;0.3333333333333333;937864;2768247.0601000027;0.37090051663852824;3600;1.0
Meta_318;937864;2499234.976633334;0.38888888888888884;937864;2608214.0302000004;0.41160576863982196;3600;1.0
Meta_319;937864;2499234.976633334;0.4444444444444444;937866;2498996.0006999997;0.4444294080968631;3518;0.0
Meta_330;937864;4998469.953266668;0.5;937864;4534018.998000001;0.48221647943224294;293;0.0
Meta_321;937864;4998469.953266668;0.0;937893;5006734.761099999;0.2503959559786301;3600;1.0
Meta_328;937864;4998469.953266668;0.38888888888888884;937875;4981117.614600001;0.38888893456940643;1696;0.0
Meta_322;937864;4998469.953266668;0.05555555555555555;937864;4991966.062999999;0.28115980616328085;3600;1.0
Meta_329;937864;4998469.953266668;0.4444444444444444;937885;4997422.592299998;0.4444398962157922;1654;0.0
Meta_323;937864;4998469.953266668;0.1111111111111111;937864;4997418.729699997;0.28953070259179464;3600;1.0
Meta_324;937864;4998469.953266668;0.16666666666666666;937864;5108017.8581;0.29221742063917155;3600;1.0
Meta_325;937864;4998469.953266668;0.2222222222222222;937864;5084481.297800003;0.26520563381616497;3600;1.0
Meta_326;937864;4998469.953266668;0.2777777777777778;938482;5004760.967800001;0.3160519067639985;3600;1.0
Meta_327;937864;4998469.953266668;0.3333333333333333;937864;5052258.255000001;0.3367666863387032;3600;1.0
Meta_340;937864;7497704.929900002;0.5;941126;5832886.9646000005;0.48403435194251404;304;0.0
Meta_339;937864;7497704.929900002;0.4444444444444444;937864;5151771.8045999985;0.4444396705167796;1269;0.0
Meta_338;937864;7497704.929900002;0.38888888888888884;940050;6945463.4159;0.3875047531023292;1724;0.0
Meta_331;937864;7497704.929900002;0.0;937863;7295976.494300001;0.3027415142137669;3600;1.0
Meta_332;937864;7497704.929900002;0.05555555555555555;937864;7488332.203900001;0.2699508849446808;3600;1.0
Meta_333;937864;7497704.929900002;0.1111111111111111;937864;7497718.208800002;0.2607839745187581;3600;1.0
Meta_334;937864;7497704.929900002;0.16666666666666666;938023;7450839.2457;0.2683439819500837;3600;1.0
Meta_335;937864;7497704.929900002;0.2222222222222222;937866;7677924.348099997;0.2330501276101045;3600;1.0
Meta_347;937864;9996939.906533336;0.3333333333333333;938004;7995323.779400002;0.33333172784950243;641;0.0
Meta_337;937864;7497704.929900002;0.3333333333333333;937864;7497661.219699996;0.3331183301837604;3350;0.0
Meta_344;937864;9996939.906533336;0.16666666666666666;937864;9552238.892499998;0.16613335040457788;1324;0.0
Meta_336;937864;7497704.929900002;0.2777777777777778;938220;7497498.0801;0.2779551795491353;3600;1.0
Meta_350;937864;9996939.906533336;0.5;937864;5863598.183800004;0.48136078804377946;313;0.0
Meta_345;937864;9996939.906533336;0.2222222222222222;940027;9996937.9026;0.18115460039905687;1701;0.0
Meta_348;937864;9996939.906533336;0.38888888888888884;951239;6700080.086100001;0.37832439804354684;1579;0.0
Meta_341;937864;9996939.906533336;0.0;939090;9840619.543199996;0.20436868874248224;3600;1.0
Meta_352;937864;1.249617488316667E7;0.05555555555555555;937864;9936780.596800001;0.045535808587808674;992;0.0
Meta_349;937864;9996939.906533336;0.4444444444444444;938013;9996914.7199;0.4368337354345405;1517;0.0
Meta_353;937864;1.249617488316667E7;0.1111111111111111;937901;1.1279881102199994E7;0.11108131646143513;1115;0.0
Meta_356;937864;1.249617488316667E7;0.2777777777777778;938096;1.2379304949500002E7;0.2777576964960921;596;0.0
Meta_359;937864;1.249617488316667E7;0.4444444444444444;941802;8037884.980099999;0.4443992141675078;443;0.0
Meta_342;937864;9996939.906533336;0.05555555555555555;938888;9980816.616500003;0.19800936539076236;3600;1.0
Meta_358;937864;1.249617488316667E7;0.38888888888888884;937864;7186684.0718;0.38857567871229465;718;0.0
Meta_360;937864;1.249617488316667E7;0.5;937864;6769882.058700003;0.4625724121209224;436;0.0
Meta_343;937864;9996939.906533336;0.1111111111111111;980557;9997754.329600003;0.12814558818162192;3600;1.0
Meta_346;937864;9996939.906533336;0.2777777777777778;974081;9996354.663199997;0.27777802922583683;3047;0.0
Meta_354;937864;1.249617488316667E7;0.16666666666666666;937864;1.2021419989800006E7;0.1666655737368364;2010;0.0
Meta_367;937864;1.4995409859800003E7;0.3333333333333333;960534;1.0094863733699994E7;0.30109580195413527;393;0.0
Meta_364;937864;1.4995409859800003E7;0.16666666666666666;937864;9755940.103200004;0.13861933001579216;1037;0.0
Meta_365;937864;1.4995409859800003E7;0.2222222222222222;938840;1.1532059354199998E7;0.22150037820811083;1193;0.0
Meta_357;937864;1.249617488316667E7;0.3333333333333333;968765;1.0314965491399996E7;0.33297549779263674;2195;0.0
Meta_368;937864;1.4995409859800003E7;0.38888888888888884;937864;8027984.083300001;0.3888186769610173;473;0.0
Meta_351;937864;1.249617488316667E7;0.0;933325;1.0357302082799997E7;0.16247814043200348;3600;1.0
Meta_369;937864;1.4995409859800003E7;0.4444444444444444;938286;8046868.516599999;0.4444440555188491;565;0.0
Meta_370;937864;1.4995409859800003E7;0.5;937864;6378284.552600003;0.4763327021149424;429;0.0
Meta_375;937864;1.749464483643334E7;0.2222222222222222;947164;1.2937805870099984E7;0.22222047941208858;620;0.0
Meta_355;937864;1.249617488316667E7;0.2222222222222222;951815;1.16482753534E7;0.22222310848924864;3600;0.0
Meta_366;937864;1.4995409859800003E7;0.2777777777777778;942106;1.4402417253099993E7;0.277777824963854;2376;0.0
Meta_373;937864;1.749464483643334E7;0.1111111111111111;937864;1.7423045391100004E7;0.11102095707448319;1661;0.0
Meta_361;937864;1.4995409859800003E7;0.0;938022;1.2441932352699999E7;0.11999634303397551;3600;1.0
Meta_362;937864;1.4995409859800003E7;0.05555555555555555;954352;1.4995421025699992E7;0.10127613774058587;3600;1.0
Meta_363;937864;1.4995409859800003E7;0.1111111111111111;937874;1.4995407612299994E7;0.13864757859979676;3600;1.0
Meta_379;937864;1.749464483643334E7;0.4444444444444444;938194;8086212.6631999975;0.444440695218888;364;0.0
Meta_378;937864;1.749464483643334E7;0.38888888888888884;937864;1.0780096497100001E7;0.3888545048506579;1248;0.0
Meta_380;937864;1.749464483643334E7;0.5;937864;8713536.843800005;0.48249832647847357;379;0.0
Meta_374;937864;1.749464483643334E7;0.16666666666666666;945348;1.5533111630199999E7;0.16157705964632227;2224;0.0
Meta_376;937864;1.749464483643334E7;0.2777777777777778;955698;1.4565997176099991E7;0.2547612458475919;2110;0.0
Meta_385;937864;1.9993879813066673E7;0.2222222222222222;937864;1.4902638219699994E7;0.2031566622351511;1070;0.0
Meta_371;937864;1.749464483643334E7;0.0;939810;1.2768461993299996E7;0.2031273289802822;3600;1.0
Meta_384;937864;1.9993879813066673E7;0.16666666666666666;937864;1.140219225559999E7;0.16636211540204823;1227;0.0
Meta_377;937864;1.749464483643334E7;0.3333333333333333;938238;1.5633548114499997E7;0.33333008264251;2603;0.0
Meta_372;937864;1.749464483643334E7;0.05555555555555555;970737;1.749128938110001E7;0.10442508558468115;3600;1.0
Meta_383;937864;1.9993879813066673E7;0.1111111111111111;937890;1.9366860418400005E7;0.11111131779374746;1694;0.0
Meta_390;937864;1.9993879813066673E7;0.5;937864;8713536.843800005;0.48249832647847357;454;0.0
Meta_389;937864;1.9993879813066673E7;0.4444444444444444;938033;8480620.878899997;0.4444302680867257;533;0.0
Meta_388;937864;1.9993879813066673E7;0.38888888888888884;938542;8952538.192500003;0.38886280030862;662;0.0
Meta_396;937864;2.2493114789700005E7;0.2777777777777778;968449;1.0985875213499999E7;0.2605427972230742;367;0.0
Meta_395;937864;2.2493114789700005E7;0.2222222222222222;957367;1.21005160606E7;0.2222150284538696;565;0.0
Meta_393;937864;2.2493114789700005E7;0.1111111111111111;937864;1.2833378592399996E7;0.11014063747694569;1007;0.0
Meta_397;937864;2.2493114789700005E7;0.3333333333333333;953288;9474792.5415;0.33322892026429496;501;0.0
Meta_394;937864;2.2493114789700005E7;0.16666666666666666;937864;1.8018270694199994E7;0.16482637720765558;1091;0.0
Meta_392;937864;2.2493114789700005E7;0.05555555555555555;937870;1.2837559627100011E7;0.05075211165122799;1483;0.0
Meta_400;937864;2.2493114789700005E7;0.5;937864;8713536.843800005;0.48249832647847357;446;0.0
Meta_387;937864;1.9993879813066673E7;0.3333333333333333;939872;9105850.238599995;0.3189335925013279;2448;0.0
Meta_381;937864;1.9993879813066673E7;0.0;937736;1.85962857512E7;0.2473523715832966;3600;1.0
Meta_382;937864;1.9993879813066673E7;0.05555555555555555;929498;1.566880760090001E7;0.07949481317136621;3600;1.0
Meta_399;937864;2.2493114789700005E7;0.4444444444444444;1011672;1.2158081726199998E7;0.19399800740546733;1077;0.0
Meta_386;937864;1.9993879813066673E7;0.2777777777777778;937864;1.0044650379400004E7;0.28050009671876813;3600;1.0
Meta_398;937864;2.2493114789700005E7;0.38888888888888884;937864;1.01873846184E7;0.38888633004371936;1522;0.0
Meta_391;937864;2.2493114789700005E7;0.0;937864;1.8034185895300005E7;0.2260211490847736;3600;1.0
Meta_410;887956;0.0;0.5;887956;359779.4514;0.4976868685065201;26;0.0
Meta_401;887956;0.0;0.0;888691;3310637.5630000015;0.25864020980456504;3600;0.7708808533412822
Meta_402;887956;0.0;0.05555555555555555;887953;4026130.7793;0.2873804285471625;3600;0.8298757182768268
Meta_403;887956;0.0;0.1111111111111111;887956;3723415.9952;0.3024157060952097;3601;0.8544289101941055
Meta_404;887956;0.0;0.16666666666666666;887956;3011934.504800002;0.3291424019964913;3608;0.8760186360318883
Meta_405;887956;0.0;0.2222222222222222;888310;2697829.7745000008;0.3470405434814831;3600;0.8875123173994535
Meta_406;887956;0.0;0.2777777777777778;887956;1685744.5839000011;0.3852987861368201;3600;0.90262707691561
Meta_407;887956;0.0;0.3333333333333333;887956;1432019.7203000006;0.3961561815767056;3600;0.8934530498784466
Meta_408;887956;0.0;0.38888888888888884;887956;1059264.4408000004;0.4309430757963723;3600;0.8914440421622044
Meta_409;887956;0.0;0.4444444444444444;887956;583643.8476999999;0.4474039588224823;3600;0.5365289022247537
Meta_420;887956;2499234.976633334;0.5;887956;2333149.596300001;0.49411323023040005;279;0.0
Meta_419;887956;2499234.976633334;0.4444444444444444;887956;2498265.885299999;0.4441553778833878;860;0.0
Meta_411;887956;2499234.976633334;0.0;887957;3819834.2103999984;0.25755355216517317;3600;1.0
Meta_412;887956;2499234.976633334;0.05555555555555555;887956;3495637.8082000017;0.290261209080785;3600;1.0
Meta_413;887956;2499234.976633334;0.1111111111111111;887956;3485418.7210000027;0.29616021348063;3600;1.0
Meta_414;887956;2499234.976633334;0.16666666666666666;887956;3733931.9038999993;0.29519282764071897;3600;1.0
Meta_415;887956;2499234.976633334;0.2222222222222222;887956;3480102.273500003;0.33722600185477003;3600;1.0
Meta_416;887956;2499234.976633334;0.2777777777777778;887956;2789058.3671999997;0.34623086337955117;3600;1.0
Meta_417;887956;2499234.976633334;0.3333333333333333;887956;2748655.5637999997;0.3783256036732388;3600;1.0
Meta_418;887956;2499234.976633334;0.38888888888888884;887961;2589007.839400001;0.3921726756106967;3600;1.0
Meta_430;887956;4998469.953266668;0.5;888102;2597717.6048999997;0.4947123141447441;316;0.0
Meta_421;887956;4998469.953266668;0.0;901743;4989713.714700001;0.2708798298809974;3600;1.0
Meta_422;887956;4998469.953266668;0.05555555555555555;894951;5265679.2077;0.2773849929258683;3600;1.0
Meta_429;887956;4998469.953266668;0.4444444444444444;888094;4821691.334500001;0.44434859849144104;1463;0.0
Meta_423;887956;4998469.953266668;0.1111111111111111;887956;4954930.854599998;0.2797172977837063;3600;1.0
Meta_428;887956;4998469.953266668;0.38888888888888884;894297;4881543.093200001;0.3861464574367063;2208;0.0
Meta_427;887956;4998469.953266668;0.3333333333333333;887956;4943358.884900001;0.3331375494053248;2753;0.0
Meta_424;887956;4998469.953266668;0.16666666666666666;891032;4998246.093899997;0.2631266895806074;3600;1.0
Meta_425;887956;4998469.953266668;0.2222222222222222;887956;4998469.385499998;0.32720684949268236;3600;1.0
Meta_426;887956;4998469.953266668;0.2777777777777778;887956;5103680.819000004;0.3071647706542903;3600;1.0
Meta_440;887956;7497704.929900002;0.5;888129;2678151.5651000002;0.4984543958402493;232;0.0
Meta_431;887956;7497704.929900002;0.0;888258;7476809.140100004;0.25896809529352327;3600;1.0
Meta_432;887956;7497704.929900002;0.05555555555555555;887956;7494449.460799995;0.21526654976615991;3600;1.0
Meta_439;887956;7497704.929900002;0.4444444444444444;896784;6605665.037099999;0.44382269059704055;1536;0.0
Meta_433;887956;7497704.929900002;0.1111111111111111;884153;7483949.150599995;0.25215075288382766;3600;1.0
Meta_438;887956;7497704.929900002;0.38888888888888884;908605;6786094.497999998;0.3809084946038593;1798;0.0
Meta_437;887956;7497704.929900002;0.3333333333333333;888858;7454797.549699999;0.3333284666215453;2342;0.0
Meta_434;887956;7497704.929900002;0.16666666666666666;887956;7502069.4295999985;0.29855349998991493;3600;1.0
Meta_435;887956;7497704.929900002;0.2222222222222222;887956;7497719.0747;0.2951185037382506;3600;1.0
Meta_436;887956;7497704.929900002;0.2777777777777778;895849;7449059.202700004;0.2905719205857511;3600;1.0
Meta_448;887956;9996939.906533336;0.38888888888888884;891740;7033515.028000002;0.38888219770575694;860;0.0
Meta_450;887956;9996939.906533336;0.5;887956;3146290.1513999994;0.4934526023472119;273;0.0
Meta_447;887956;9996939.906533336;0.3333333333333333;919026;9515447.996599996;0.2588885581562236;1909;0.0
Meta_452;887956;1.249617488316667E7;0.05555555555555555;890182;1.0276702133899996E7;0.04940285128301368;1088;0.0
Meta_441;887956;9996939.906533336;0.0;887794;9980099.158999998;0.14789914317314795;3600;1.0
Meta_449;887956;9996939.906533336;0.4444444444444444;887956;7168853.297000003;0.444403949958472;2036;0.0
Meta_442;887956;9996939.906533336;0.05555555555555555;887199;9570846.305499995;0.22129891422229162;3600;1.0
Meta_443;887956;9996939.906533336;0.1111111111111111;954578;9304486.927600004;0.11111125804689592;3560;0.0
Meta_455;887956;1.249617488316667E7;0.2222222222222222;887956;1.1827691134700004E7;0.22222232588075372;832;0.0
Meta_453;887956;1.249617488316667E7;0.1111111111111111;887956;1.2496168555300003E7;0.10909198796691265;1248;0.0
Meta_444;887956;9996939.906533336;0.16666666666666666;913867;1.0008777006099999E7;0.22012278202375204;3600;1.0
Meta_460;887956;1.249617488316667E7;0.5;891500;3995053.273399998;0.49711282292209014;265;0.0
Meta_445;887956;9996939.906533336;0.2222222222222222;934442;9946387.926599989;0.2211598836921962;3600;0.0
Meta_446;887956;9996939.906533336;0.2777777777777778;908693;9996942.947999999;0.29006224888092813;3600;1.0
Meta_459;887956;1.249617488316667E7;0.4444444444444444;891016;4855758.225199999;0.4444435814200824;626;0.0
Meta_456;887956;1.249617488316667E7;0.2777777777777778;904334;1.0891769781E7;0.2690170366311713;1718;0.0
Meta_458;887956;1.249617488316667E7;0.38888888888888884;893015;8662840.654599994;0.38888761530324506;1157;0.0
Meta_462;887956;1.4995409859800003E7;0.05555555555555555;887956;1.0779507021299995E7;0.055140923307196194;1092;0.0
Meta_457;887956;1.249617488316667E7;0.3333333333333333;887964;1.2290704818599995E7;0.33333456498111685;1664;0.0
Meta_451;887956;1.249617488316667E7;0.0;920462;1.1460743802399993E7;0.269799632865559;3600;1.0
Meta_465;887956;1.4995409859800003E7;0.2222222222222222;887973;1.4504335513899995E7;0.22222082636419077;1059;0.0
Meta_464;887956;1.4995409859800003E7;0.16666666666666666;892146;1.0013309734499997E7;0.15189579617841859;1421;0.0
Meta_470;887956;1.4995409859800003E7;0.5;887956;4032691.718799999;0.4965555792804422;315;0.0
Meta_466;887956;1.4995409859800003E7;0.2777777777777778;889961;1.46926410838E7;0.2736980447207256;1076;0.0
Meta_469;887956;1.4995409859800003E7;0.4444444444444444;888094;4796214.493499998;0.44444020659047584;482;0.0
Meta_468;887956;1.4995409859800003E7;0.38888888888888884;892367;7678632.722000001;0.38888732741197407;597;0.0
Meta_454;887956;1.249617488316667E7;0.16666666666666666;900940;1.0279005244399996E7;0.2433824159952747;3600;1.0
Meta_467;887956;1.4995409859800003E7;0.3333333333333333;889014;1.00572504556E7;0.33323383059805406;1667;0.0
Meta_473;887956;1.749464483643334E7;0.1111111111111111;893708;1.0447933299E7;0.1092146234332244;1193;0.0
Meta_478;887956;1.749464483643334E7;0.38888888888888884;892973;7059287.2435;0.38888876569400715;726;0.0
Meta_480;887956;1.749464483643334E7;0.5;887956;4032691.718799999;0.4965555792804422;278;0.0
Meta_461;887956;1.4995409859800003E7;0.0;887957;1.1801565055999998E7;0.26161103170550565;3600;1.0
Meta_476;887956;1.749464483643334E7;0.2777777777777778;914316;1.1643091661899997E7;0.26315854122324245;1935;0.0
Meta_463;887956;1.4995409859800003E7;0.1111111111111111;887956;1.3333162838499987E7;0.254857371128649;3600;1.0
Meta_479;887956;1.749464483643334E7;0.4444444444444444;900808;9055068.440200001;0.4440986499485969;1326;0.0
Meta_483;887956;1.9993879813066673E7;0.1111111111111111;891654;1.1824210347199995E7;0.11023971074554956;1090;0.0
Meta_477;887956;1.749464483643334E7;0.3333333333333333;889948;1.12227930087E7;0.32812839858728077;2333;0.0
Meta_471;887956;1.749464483643334E7;0.0;887956;1.303103945140001E7;0.2781028613512364;3600;1.0
Meta_482;887956;1.9993879813066673E7;0.05555555555555555;932608;1.4693213102400007E7;0.054250670620268296;1574;0.0
Meta_472;887956;1.749464483643334E7;0.05555555555555555;888808;1.2803350309399998E7;0.05872293018909918;3600;1.0
Meta_474;887956;1.749464483643334E7;0.16666666666666666;912752;1.0916438211200003E7;0.18954705927494217;3600;1.0
Meta_475;887956;1.749464483643334E7;0.2222222222222222;902498;1.0653234570200002E7;0.22895643904779647;3600;1.0
Meta_490;887956;1.9993879813066673E7;0.5;891500;3995053.273399998;0.49711282292209014;268;0.0
Meta_486;887956;1.9993879813066673E7;0.2777777777777778;906994;1.1745798184600007E7;0.2597081075182391;780;0.0
Meta_485;887956;1.9993879813066673E7;0.2222222222222222;917700;1.9639874817300007E7;0.2197935705968056;2026;0.0
Meta_488;887956;1.9993879813066673E7;0.38888888888888884;887973;8153847.066200005;0.38888831094237575;1589;0.0
Meta_489;887956;1.9993879813066673E7;0.4444444444444444;888335;4995611.9542000005;0.44286913832608915;1731;0.0
Meta_481;887956;1.9993879813066673E7;0.0;895743;1.5794505986500008E7;0.19955490770802847;3600;1.0
Meta_495;887956;2.2493114789700005E7;0.2222222222222222;889003;1.2245958420999996E7;0.2203207252834914;953;0.0
Meta_496;887956;2.2493114789700005E7;0.2777777777777778;894839;1.0200075871299991E7;0.2777776241107351;577;0.0
Meta_484;887956;1.9993879813066673E7;0.16666666666666666;887959;1.0152214776499996E7;0.1696366678797594;3600;1.0
Meta_500;887956;2.2493114789700005E7;0.5;891500;3995053.273399998;0.49711282292209014;209;0.0
Meta_494;887956;2.2493114789700005E7;0.16666666666666666;888087;1.1809727413599998E7;0.16404341592620297;2106;0.0
Meta_487;887956;1.9993879813066673E7;0.3333333333333333;907508;1.1755841868600002E7;0.3196763728945297;3012;0.0
Meta_499;887956;2.2493114789700005E7;0.4444444444444444;888335;4995611.9542000005;0.44286913832608915;1668;0.0
Meta_498;887956;2.2493114789700005E7;0.38888888888888884;994443;1.2176052258399997E7;0.25315750700478606;1805;0.0
Meta_491;887956;2.2493114789700005E7;0.0;893545;1.2498842995100003E7;0.3074863432754357;3600;1.0
Meta_492;887956;2.2493114789700005E7;0.05555555555555555;887956;1.3349516016699996E7;0.29791981194130546;3600;1.0
Meta_493;887956;2.2493114789700005E7;0.1111111111111111;932606;1.718111066819999E7;0.12914636854160289;3600;1.0
Meta_497;887956;2.2493114789700005E7;0.3333333333333333;888994;1.1035611114799995E7;0.3349354070827797;3600;1.0
Meta_510;838048;0.0;0.5;839359;0.0;0.487993263970257;393;0.0
Meta_501;838048;0.0;0.0;841649;3739223.8560999995;0.285290622952184;3600;0.860816431843014
Meta_502;838048;0.0;0.05555555555555555;842649;3591523.790900001;0.3010274628988666;3600;0.885346530838424
Meta_503;838048;0.0;0.1111111111111111;838048;3403584.8174999985;0.3608094670539639;3600;0.9328781555123807
Meta_504;838048;0.0;0.16666666666666666;839234;2448767.306499999;0.36828391992962795;3600;0.9441128691171431
Meta_505;838048;0.0;0.2222222222222222;879710;3228232.889499999;0.3502609559361374;3600;0.9548203900523629
Meta_506;838048;0.0;0.2777777777777778;836530;1040630.7608999999;0.41388445381110833;3600;0.9756013526738868
Meta_507;838048;0.0;0.3333333333333333;838048;2203365.4472000003;0.3819229519571057;3600;0.9874510050503165
Meta_508;838048;0.0;0.38888888888888884;838049;1238650.4135;0.4260710539008576;3600;1.0
Meta_509;838048;0.0;0.4444444444444444;838035;852231.1893999999;0.44686371168502426;3600;1.0
Meta_520;838048;2499234.976633334;0.5;838048;1493203.3905999998;0.495606819930978;264;0.0
Meta_511;838048;2499234.976633334;0.0;824153;3830819.230700001;0.21286997950632583;3600;1.0
Meta_512;838048;2499234.976633334;0.05555555555555555;838048;3573977.782300001;0.26763160346415366;3600;1.0
Meta_513;838048;2499234.976633334;0.1111111111111111;861012;4123321.2293999996;0.2771064424593338;3600;1.0
Meta_514;838048;2499234.976633334;0.16666666666666666;847561;3777737.008;0.3372575138705313;3600;1.0
Meta_515;838048;2499234.976633334;0.2222222222222222;838902;3169604.892700001;0.33662746949896166;3600;1.0
Meta_519;838048;2499234.976633334;0.4444444444444444;838082;2478068.1327999984;0.4440147020684688;3422;0.0
Meta_516;838048;2499234.976633334;0.2777777777777778;838048;3398270.006600001;0.36932196275087875;3600;1.0
Meta_517;838048;2499234.976633334;0.3333333333333333;838048;2690423.5607000007;0.3624944934677885;3600;1.0
Meta_518;838048;2499234.976633334;0.38888888888888884;838046;2637409.9998999997;0.40015963059717274;3600;1.0
Meta_530;838048;4998469.953266668;0.5;838048;2074396.8394999998;0.4972046445485151;16;0.0
Meta_521;838048;4998469.953266668;0.0;840092;4966028.079499995;0.3022222039742769;3600;1.0
Meta_528;838048;4998469.953266668;0.38888888888888884;850722;4785751.696200002;0.38886794950215386;1511;0.0
Meta_522;838048;4998469.953266668;0.05555555555555555;838048;5699219.207599998;0.2548234478821346;3600;1.0
Meta_523;838048;4998469.953266668;0.1111111111111111;838048;5165314.702600002;0.2923190685391007;3600;1.0
Meta_529;838048;4998469.953266668;0.4444444444444444;838048;3893300.6818999997;0.44425967660982274;2063;0.0
Meta_524;838048;4998469.953266668;0.16666666666666666;838044;5190938.0595;0.25558443347125914;3600;1.0
Meta_525;838048;4998469.953266668;0.2222222222222222;860624;5475558.933500001;0.2814961760990597;3600;1.0
Meta_526;838048;4998469.953266668;0.2777777777777778;838265;5010673.0664;0.2908880055010875;3600;1.0
Meta_527;838048;4998469.953266668;0.3333333333333333;838960;4998495.340299999;0.3468946977050743;3600;1.0
Meta_531;838048;7497704.929900002;0.0;838946;7208399.868099998;0.252041578293837;3600;1.0
Meta_539;838048;7497704.929900002;0.4444444444444444;866294;7331191.589800001;0.30337007013604067;1124;0.0
Meta_540;838048;7497704.929900002;0.5;838048;2485659.985800001;0.49647036863069455;229;0.0
Meta_532;838048;7497704.929900002;0.05555555555555555;838050;7325016.5375;0.17587033850044842;3600;1.0
Meta_537;838048;7497704.929900002;0.3333333333333333;899076;7423152.1544;0.2581946231761162;2040;0.0
Meta_533;838048;7497704.929900002;0.1111111111111111;862953;7379059.940199998;0.19902695813818347;3600;1.0
Meta_542;838048;9996939.906533336;0.05555555555555555;890886;9758193.673199996;0.05541588339441867;1535;0.0
Meta_544;838048;9996939.906533336;0.16666666666666666;842029;9959958.641399996;0.16498675743525418;1175;0.0
Meta_534;838048;7497704.929900002;0.16666666666666666;890490;6884834.832400002;0.2526440431592771;3600;1.0
Meta_535;838048;7497704.929900002;0.2222222222222222;844401;7496483.027800003;0.2696323757878029;3600;1.0
Meta_536;838048;7497704.929900002;0.2777777777777778;847827;7496369.158399999;0.2783226070582616;3600;1.0
Meta_550;838048;9996939.906533336;0.5;838048;2672350.202100001;0.497051857396211;240;0.0
Meta_538;838048;7497704.929900002;0.38888888888888884;840721;7587460.302099996;0.39106891958042755;3600;1.0
Meta_546;838048;9996939.906533336;0.2777777777777778;840671;9045877.5032;0.2770157175088792;1242;0.0
Meta_553;838048;1.249617488316667E7;0.1111111111111111;838048;1.1290921006599989E7;0.11008041930089814;1041;0.0
Meta_541;838048;9996939.906533336;0.0;934451;9922066.563600013;0.3222164217894697;3600;1.0
Meta_543;838048;9996939.906533336;0.1111111111111111;882922;9924904.104599997;0.1190652079687692;3600;1.0
Meta_549;838048;9996939.906533336;0.4444444444444444;870193;5580814.695200001;0.42770050503805374;1783;0.0
Meta_552;838048;1.249617488316667E7;0.05555555555555555;842914;1.1908000455000002E7;0.05555554948188736;1708;0.0
Meta_548;838048;9996939.906533336;0.38888888888888884;853823;6404165.971999995;0.3881612934736067;2408;0.0
Meta_545;838048;9996939.906533336;0.2222222222222222;850880;9220102.520899998;0.23235322387750604;3600;1.0
Meta_560;838048;1.249617488316667E7;0.5;838048;2634174.0720000006;0.49571303810371453;204;0.0
Meta_558;838048;1.249617488316667E7;0.38888888888888884;841971;5419572.069100005;0.3888867924663554;809;0.0
Meta_555;838048;1.249617488316667E7;0.2222222222222222;840827;1.0524553468399996E7;0.22209809342798337;1471;0.0
Meta_556;838048;1.249617488316667E7;0.2777777777777778;931831;1.1855455796599995E7;0.15063703912706108;1511;0.0
Meta_547;838048;9996939.906533336;0.3333333333333333;848041;1.00271180684E7;0.33654238316821894;3600;1.0
Meta_557;838048;1.249617488316667E7;0.3333333333333333;838831;9531661.5881;0.333260825667514;1710;0.0
Meta_551;838048;1.249617488316667E7;0.0;838047;1.2430558924700001E7;0.2648035373445399;3600;1.0
Meta_568;838048;1.4995409859800003E7;0.38888888888888884;838048;9661085.943000006;0.33772855904420557;78;0.0
Meta_559;838048;1.249617488316667E7;0.4444444444444444;847406;4928264.085100003;0.44353417835767484;1748;0.0
Meta_562;838048;1.4995409859800003E7;0.05555555555555555;888277;1.4921803493999999E7;0.05555985841751813;1750;0.0
Meta_570;838048;1.4995409859800003E7;0.5;838048;2634174.0720000006;0.49571303810371453;232;0.0
Meta_564;838048;1.4995409859800003E7;0.16666666666666666;840781;1.3606545687899996E7;0.16550953365904902;1141;0.0
Meta_554;838048;1.249617488316667E7;0.16666666666666666;878481;1.24897668455E7;0.19713124997552053;3600;1.0
Meta_566;838048;1.4995409859800003E7;0.2777777777777778;850986;1.2922614824200004E7;0.2762804755602818;1395;0.0
Meta_569;838048;1.4995409859800003E7;0.4444444444444444;848082;4461148.186299999;0.4431524294351145;1456;0.0
Meta_574;838048;1.749464483643334E7;0.16666666666666666;861540;1.0577952554300003E7;0.16658233160398875;999;0.0
Meta_567;838048;1.4995409859800003E7;0.3333333333333333;845910;8248965.494799996;0.32085003328324635;1900;0.0
Meta_573;838048;1.749464483643334E7;0.1111111111111111;838767;1.2330111087999994E7;0.10166737756502074;1474;0.0
Meta_561;838048;1.4995409859800003E7;0.0;889950;9558602.600899996;0.2629822332919284;3600;1.0
Meta_580;838048;1.749464483643334E7;0.5;838048;2634174.0720000006;0.49571303810371453;218;0.0
Meta_579;838048;1.749464483643334E7;0.4444444444444444;840923;4748792.406000001;0.4444006819811504;629;0.0
Meta_563;838048;1.4995409859800003E7;0.1111111111111111;864331;1.1403242529600007E7;0.16643114984570118;3600;1.0
Meta_575;838048;1.749464483643334E7;0.2222222222222222;863201;1.02899794833E7;0.2222226725751878;1607;0.0
Meta_565;838048;1.4995409859800003E7;0.2222222222222222;883966;1.0314118860700002E7;0.2307718918494911;3600;1.0
Meta_576;838048;1.749464483643334E7;0.2777777777777778;867823;1.0582041307699999E7;0.2777759204790481;1671;0.0
Meta_577;838048;1.749464483643334E7;0.3333333333333333;840974;6526056.186899998;0.2981654823999012;1776;0.0
Meta_583;838048;1.9993879813066673E7;0.1111111111111111;838051;1.185040503069999E7;0.10543923001541217;987;0.0
Meta_587;838048;1.9993879813066673E7;0.3333333333333333;985815;1.713350682579999E7;0.32161064769805287;436;0.0
Meta_571;838048;1.749464483643334E7;0.0;856701;9802667.953400008;0.28239338793491664;3600;1.0
Meta_572;838048;1.749464483643334E7;0.05555555555555555;878795;1.0631233957100004E7;0.13326077358724722;3600;1.0
Meta_590;838048;1.9993879813066673E7;0.5;838048;2634174.0720000006;0.49571303810371453;209;0.0
Meta_578;838048;1.749464483643334E7;0.38888888888888884;861774;1.2445595947099999E7;0.38888809725125556;2595;0.0
Meta_589;838048;1.9993879813066673E7;0.4444444444444444;840923;4748792.406000001;0.4444006819811504;601;0.0
Meta_586;838048;1.9993879813066673E7;0.2777777777777778;842413;1.2400623945800003E7;0.27706695583805363;1535;0.0
Meta_585;838048;1.9993879813066673E7;0.2222222222222222;840885;9887081.664000006;0.2222228420333632;2024;0.0
Meta_588;838048;1.9993879813066673E7;0.38888888888888884;891932;1.3689009950600004E7;0.2687236002820072;1680;0.0
Meta_594;838048;2.2493114789700005E7;0.16666666666666666;838757;1.6389604025799992E7;0.16656905566616606;1106;0.0
Meta_581;838048;1.9993879813066673E7;0.0;868483;1.03747490463E7;0.27155207386069674;3600;1.0
Meta_582;838048;1.9993879813066673E7;0.05555555555555555;855817;1.0690555690800006E7;0.1707633581194718;3600;1.0
Meta_595;838048;2.2493114789700005E7;0.2222222222222222;838641;9970333.135800006;0.22219375620903334;1350;0.0
Meta_584;838048;1.9993879813066673E7;0.16666666666666666;838279;9999851.587899996;0.23420347206547967;3600;1.0
Meta_600;838048;2.2493114789700005E7;0.5;838048;2634174.0720000006;0.49571303810371453;240;0.0
Meta_596;838048;2.2493114789700005E7;0.2777777777777778;838183;1.1063358531699996E7;0.2777778640821525;1331;0.0
Meta_599;838048;2.2493114789700005E7;0.4444444444444444;840923;4748792.406000001;0.4444006819811504;600;0.0
Meta_597;838048;2.2493114789700005E7;0.3333333333333333;838053;6792061.614599996;0.33333365248425895;1965;0.0
Meta_598;838048;2.2493114789700005E7;0.38888888888888884;845793;6427626.847599997;0.38888846297191837;1925;0.0
Meta_591;838048;2.2493114789700005E7;0.0;849330;9578132.823600002;0.24418377893382204;3600;1.0
Meta_592;838048;2.2493114789700005E7;0.05555555555555555;877098;1.2975443892399985E7;0.23299994478510408;3600;1.0
Meta_593;838048;2.2493114789700005E7;0.1111111111111111;883684;1.4644373375700004E7;0.21317825852233793;3600;1.0
Meta_610;788140;0.0;0.5;788230;0.0;0.48787773961592285;266;0.0
Meta_601;788140;0.0;0.0;788507;4234941.052099998;0.33607696965439826;3600;0.9314952148096455
Meta_602;788140;0.0;0.05555555555555555;797869;4127902.7701000012;0.33229971418008913;3600;0.9422807758021393
Meta_603;788140;0.0;0.1111111111111111;817890;4362662.5191;0.3193362343320012;3600;0.9566374915688054
Meta_604;788140;0.0;0.16666666666666666;845976;3358389.3314999975;0.3483922161167964;3600;0.9813815057972255
Meta_605;788140;0.0;0.2222222222222222;876439;3684007.1862999997;0.3568428955979435;3600;0.997097600334452
Meta_606;788140;0.0;0.2777777777777778;864545;3185993.7031999994;0.3949123492536023;3600;1.0
Meta_607;788140;0.0;0.3333333333333333;823897;1741596.143300001;0.3921006680357862;3600;1.0
Meta_608;788140;0.0;0.38888888888888884;788140;819060.4774;0.42347329627829466;3600;1.0
Meta_609;788140;0.0;0.4444444444444444;788141;164238.95809999996;0.4450395329537347;3601;1.0
Meta_620;788140;2499234.976633334;0.5;788140;977372.4809000001;0.4943195243365769;185;0.0
Meta_611;788140;2499234.976633334;0.0;793230;4093708.858200003;0.2725219085284399;3601;1.0
Meta_612;788140;2499234.976633334;0.05555555555555555;788140;3250057.1848000004;0.24961916657592736;3600;1.0
Meta_613;788140;2499234.976633334;0.1111111111111111;788140;3542829.4509999994;0.29458248358547834;3600;1.0
Meta_614;788140;2499234.976633334;0.16666666666666666;820592;3702677.5483000004;0.35482632221820315;3600;1.0
Meta_615;788140;2499234.976633334;0.2222222222222222;809569;3174719.426999999;0.32558332514390326;3600;1.0
Meta_616;788140;2499234.976633334;0.2777777777777778;788140;2577376.0033999993;0.35459300791802395;3600;1.0
Meta_617;788140;2499234.976633334;0.3333333333333333;788141;2508567.6298999996;0.39599469735608545;3600;1.0
Meta_618;788140;2499234.976633334;0.38888888888888884;788140;2682324.609000003;0.40687246761308016;3600;1.0
Meta_619;788140;2499234.976633334;0.4444444444444444;788137;2569229.779900001;0.4474836945426736;3600;1.0
Meta_630;788140;4998469.953266668;0.5;788140;927463.1642;0.494471748141236;229;0.0
Meta_621;788140;4998469.953266668;0.0;788200;5158841.564899997;0.22573864409179806;3600;1.0
Meta_622;788140;4998469.953266668;0.05555555555555555;802712;4989153.626800004;0.3198739547595331;3600;1.0
Meta_628;788140;4998469.953266668;0.38888888888888884;828422;4981590.930700001;0.36978534682443637;1364;0.0
Meta_627;788140;4998469.953266668;0.3333333333333333;803047;4953720.810700001;0.3332955984334239;3137;0.0
Meta_623;788140;4998469.953266668;0.1111111111111111;804736;4958847.89;0.2732642359537023;3600;1.0
Meta_624;788140;4998469.953266668;0.16666666666666666;798739;4968304.1613;0.2816305844632758;3600;1.0
Meta_625;788140;4998469.953266668;0.2222222222222222;788140;4998474.3340000035;0.30200293370933595;3600;1.0
Meta_626;788140;4998469.953266668;0.2777777777777778;793605;5372729.100799998;0.3136425141471641;3600;1.0
Meta_629;788140;4998469.953266668;0.4444444444444444;793423;3325927.6785999998;0.4493144454079881;3600;1.0
Meta_639;788140;7497704.929900002;0.4444444444444444;794170;6243328.8205;0.44444398175067973;1172;0.0
Meta_640;788140;7497704.929900002;0.5;788140;927463.1642;0.494471748141236;193;0.0
Meta_631;788140;7497704.929900002;0.0;868791;7497636.645700003;0.29657346355210945;3600;1.0
Meta_632;788140;7497704.929900002;0.05555555555555555;809903;7497682.142299999;0.2477127498837585;3600;1.0
Meta_633;788140;7497704.929900002;0.1111111111111111;803379;7258255.490300002;0.242196319932752;3600;1.0
Meta_634;788140;7497704.929900002;0.16666666666666666;900734;7497692.031900006;0.29299196904337044;3600;1.0
Meta_644;788140;9996939.906533336;0.16666666666666666;788140;9938983.3066;0.16452537182336935;1114;0.0
Meta_638;788140;7497704.929900002;0.38888888888888884;872095;7396219.413300002;0.31229490915946356;2994;0.0
Meta_635;788140;7497704.929900002;0.2222222222222222;838439;7497566.803699999;0.24270833246802298;3600;1.0
Meta_636;788140;7497704.929900002;0.2777777777777778;788144;6813020.067300004;0.27990291906672565;3600;1.0
Meta_637;788140;7497704.929900002;0.3333333333333333;838962;7497365.398900005;0.3348692038684753;3601;1.0
Meta_650;788140;9996939.906533336;0.5;788140;927463.1642;0.494471748141236;200;0.0
Meta_645;788140;9996939.906533336;0.2222222222222222;795169;9996026.801800003;0.22164006364249295;2257;0.0
Meta_649;788140;9996939.906533336;0.4444444444444444;815311;4907346.451900001;0.4444440954537938;791;0.0
Meta_647;788140;9996939.906533336;0.3333333333333333;826407;6865843.149999998;0.3017181823004072;1987;0.0
Meta_641;788140;9996939.906533336;0.0;812063;9992012.326299995;0.30965185859772215;3600;1.0
Meta_642;788140;9996939.906533336;0.05555555555555555;816644;8235977.213600001;0.2294818348919794;3600;1.0
Meta_643;788140;9996939.906533336;0.1111111111111111;791640;9962453.047899999;0.19967906920012993;3600;1.0
Meta_654;788140;1.249617488316667E7;0.16666666666666666;792688;1.2005286717999998E7;0.16486575533814346;1236;0.0
Meta_655;788140;1.249617488316667E7;0.2222222222222222;788974;9785697.0964;0.22190477543253706;1038;0.0
Meta_646;788140;9996939.906533336;0.2777777777777778;804248;8052339.549400001;0.3072595502889093;3600;1.0
Meta_660;788140;1.249617488316667E7;0.5;788140;927463.1642;0.494471748141236;199;0.0
Meta_653;788140;1.249617488316667E7;0.1111111111111111;802115;1.2123244578199996E7;0.10743896938881484;2221;0.0
Meta_648;788140;9996939.906533336;0.38888888888888884;791312;5352775.393200003;0.3939501571401454;3600;1.0
Meta_658;788140;1.249617488316667E7;0.38888888888888884;933200;1.1613111964300001E7;0.17599443831349507;1773;0.0
Meta_651;788140;1.249617488316667E7;0.0;813290;1.1749288545300003E7;0.2114846617693433;3600;1.0
Meta_652;788140;1.249617488316667E7;0.05555555555555555;800556;1.1316163785899987E7;0.18529549789113844;3600;1.0
Meta_663;788140;1.4995409859800003E7;0.1111111111111111;819383;1.2627307509000001E7;0.11109348706400869;1163;0.0
Meta_664;788140;1.4995409859800003E7;0.16666666666666666;791714;1.3074347504600009E7;0.1656566379764603;1141;0.0
Meta_657;788140;1.249617488316667E7;0.3333333333333333;862584;1.0173319344100004E7;0.32853227573393906;3148;0.0
Meta_665;788140;1.4995409859800003E7;0.2222222222222222;799612;1.3792857895199994E7;0.21611214186135302;1394;0.0
Meta_670;788140;1.4995409859800003E7;0.5;788140;927463.1642;0.494471748141236;193;0.0
Meta_656;788140;1.249617488316667E7;0.2777777777777778;794520;1.2496169282199996E7;0.3088420025618204;3600;1.0
Meta_667;788140;1.4995409859800003E7;0.3333333333333333;871557;9329592.611299997;0.2283726565226779;1346;0.0
Meta_666;788140;1.4995409859800003E7;0.2777777777777778;808328;1.0570246225100001E7;0.26981209028458725;1613;0.0
Meta_659;788140;1.249617488316667E7;0.4444444444444444;788190;3325976.5564999986;0.4447287618565244;3600;1.0
Meta_669;788140;1.4995409859800003E7;0.4444444444444444;896891;8258239.709700004;0.33331764747500137;1482;0.0
Meta_661;788140;1.4995409859800003E7;0.0;839676;1.0860979491300013E7;0.26796762456417034;3600;1.0
Meta_668;788140;1.4995409859800003E7;0.38888888888888884;834784;5802082.5946;0.3851114866254239;2043;0.0
Meta_662;788140;1.4995409859800003E7;0.05555555555555555;839962;1.23269258806E7;0.20578718276037564;3600;1.0
Meta_680;788140;1.749464483643334E7;0.5;788140;927463.1642;0.494471748141236;226;0.0
Meta_674;788140;1.749464483643334E7;0.16666666666666666;789478;1.1051696353500001E7;0.16627228653169232;1283;0.0
Meta_677;788140;1.749464483643334E7;0.3333333333333333;808403;8868495.521200003;0.3333064692940109;2513;0.0
Meta_671;788140;1.749464483643334E7;0.0;841212;1.217774102239999E7;0.2549621146054088;3600;1.0
Meta_672;788140;1.749464483643334E7;0.05555555555555555;900390;1.749503657079998E7;0.21783904711369947;3600;1.0
Meta_678;788140;1.749464483643334E7;0.38888888888888884;865864;6866809.107499999;0.3284129837342144;2673;0.0
Meta_673;788140;1.749464483643334E7;0.1111111111111111;887787;1.69443422077E7;0.13837147774054834;3600;1.0
Meta_675;788140;1.749464483643334E7;0.2222222222222222;807612;1.3535189595199991E7;0.24810857203191625;3600;1.0
Meta_676;788140;1.749464483643334E7;0.2777777777777778;936744;1.3077983053799998E7;0.290460814867187;3600;1.0
Meta_679;788140;1.749464483643334E7;0.4444444444444444;796511;3566020.1564999986;0.4486628951269518;3600;1.0
Meta_685;788140;1.9993879813066673E7;0.2222222222222222;796942;1.1223941461099999E7;0.21626489649543004;1307;0.0
Meta_690;788140;1.9993879813066673E7;0.5;788140;927463.1642;0.494471748141236;187;0.0
Meta_684;788140;1.9993879813066673E7;0.16666666666666666;803961;1.0315635285599997E7;0.16666493410458738;1499;0.0
Meta_681;788140;1.9993879813066673E7;0.0;850023;9666094.903100004;0.23789801077987524;3600;1.0
Meta_682;788140;1.9993879813066673E7;0.05555555555555555;878496;1.1854966413E7;0.12022869297020712;3600;1.0
Meta_689;788140;1.9993879813066673E7;0.4444444444444444;821248;5312583.192599999;0.4118584906348735;1537;0.0
Meta_688;788140;1.9993879813066673E7;0.38888888888888884;818054;6424193.8168;0.36381156376855717;1989;0.0
Meta_693;788140;2.2493114789700005E7;0.1111111111111111;795486;1.21892117352E7;0.11098383444035108;1395;0.0
Meta_694;788140;2.2493114789700005E7;0.16666666666666666;789009;1.1097621003E7;0.16152277992759553;1382;0.0
Meta_699;788140;2.2493114789700005E7;0.4444444444444444;788147;3434009.0443999995;0.44444319103561913;500;0.0
Meta_683;788140;1.9993879813066673E7;0.1111111111111111;822307;1.4559395673800005E7;0.11567972567772329;3600;1.0
Meta_700;788140;2.2493114789700005E7;0.5;788140;927463.1642;0.494471748141236;186;0.0
Meta_686;788140;1.9993879813066673E7;0.2777777777777778;896754;8550881.429699998;0.27472843925496415;3432;0.0
Meta_698;788140;2.2493114789700005E7;0.38888888888888884;809668;6999028.704699995;0.3888889697148663;746;0.0
Meta_687;788140;1.9993879813066673E7;0.3333333333333333;824953;5873838.525399998;0.34376681966267325;3600;1.0
Meta_697;788140;2.2493114789700005E7;0.3333333333333333;824942;7728805.689400003;0.32916879209930305;2567;0.0
Meta_691;788140;2.2493114789700005E7;0.0;883366;8933519.886300001;0.27175249714968475;3600;1.0
Meta_692;788140;2.2493114789700005E7;0.05555555555555555;866792;1.4510121978699993E7;0.11289014423009999;3600;1.0
Meta_695;788140;2.2493114789700005E7;0.2222222222222222;800172;1.3849849814799987E7;0.2497448516771404;3600;1.0
Meta_696;788140;2.2493114789700005E7;0.2777777777777778;804680;7922586.078099995;0.33596084513380053;3600;1.0
Meta_710;738232;0.0;0.5;739110;0.0;0.4869130902099274;10;0.0
Meta_701;738232;0.0;0.0;515927;168538.1323;0.28136722518878854;3600;0.9595505600763248
Meta_702;738232;0.0;0.05555555555555555;793045;3256404.7219999996;0.3411203794441342;3600;0.9659821207678191
Meta_703;738232;0.0;0.1111111111111111;840480;4030981.8063000008;0.3358393932170854;3600;0.9779711559664409
Meta_704;738232;0.0;0.16666666666666666;536968;31797.559900000004;0.26069835448532364;3600;0.9960280203394676
Meta_705;738232;0.0;0.2222222222222222;860166;5243004.199800003;0.32674144572635916;3600;1.0
Meta_706;738232;0.0;0.2777777777777778;738232;2428671.5445000012;0.40475311288370214;3600;1.0
Meta_707;738232;0.0;0.3333333333333333;784553;2288183.9446;0.39673011859112556;3600;1.0
Meta_708;738232;0.0;0.38888888888888884;738232;949336.8406999998;0.4113747640718068;3600;1.0
Meta_709;738232;0.0;0.4444444444444444;738232;275332.94260000007;0.44937289885427134;3600;1.0
Meta_720;738232;2499234.976633334;0.5;763175;1772306.8483;0.49379945984293244;12;0.0
Meta_711;738232;2499234.976633334;0.0;758375;3322923.6013;0.29138063508622136;3600;1.0
Meta_712;738232;2499234.976633334;0.05555555555555555;743578;3433758.6044;0.2658728675065908;3600;1.0
Meta_713;738232;2499234.976633334;0.1111111111111111;738232;5154263.9677;0.27000889104653164;3600;1.0
Meta_714;738232;2499234.976633334;0.16666666666666666;738232;3649010.038100001;0.3227115819949476;3600;1.0
Meta_715;738232;2499234.976633334;0.2222222222222222;739280;2997290.641900001;0.32437471436844273;3600;1.0
Meta_716;738232;2499234.976633334;0.2777777777777778;770466;3514155.3985999995;0.3578542793077607;3600;1.0
Meta_717;738232;2499234.976633334;0.3333333333333333;738242;2626070.6681999997;0.3822797753306302;3600;1.0
Meta_718;738232;2499234.976633334;0.38888888888888884;739453;2638020.6291999994;0.4172101940202717;3600;1.0
Meta_719;738232;2499234.976633334;0.4444444444444444;738229;2497790.9625000004;0.45041721258057454;3600;1.0
Meta_730;738232;4998469.953266668;0.5;763175;1772306.8483;0.49379945984293244;9;0.0
Meta_721;738232;4998469.953266668;0.0;769747;5051114.006800001;0.2689601325112317;3600;1.0
Meta_729;738232;4998469.953266668;0.4444444444444444;738232;1090071.2945;0.44444444731542654;535;0.0
Meta_727;738232;4998469.953266668;0.3333333333333333;738232;4988846.021000001;0.32134909547395846;1942;0.0
Meta_722;738232;4998469.953266668;0.05555555555555555;869402;4998471.2766;0.31185689395218186;3600;1.0
Meta_723;738232;4998469.953266668;0.1111111111111111;774792;4987912.627100004;0.30659605944086926;3600;1.0
Meta_724;738232;4998469.953266668;0.16666666666666666;738296;4991961.500600001;0.30758277060420963;3600;1.0
Meta_725;738232;4998469.953266668;0.2222222222222222;747137;4998056.715000002;0.2868257353415331;3600;1.0
Meta_726;738232;4998469.953266668;0.2777777777777778;752748;4992436.063300001;0.2913746470726179;3600;1.0
Meta_739;738232;7497704.929900002;0.4444444444444444;738506;3020108.624300001;0.44444543444922063;514;0.0
Meta_740;738232;7497704.929900002;0.5;763175;1772306.8483;0.49379945984293244;16;0.0
Meta_735;738232;7497704.929900002;0.2222222222222222;756280;7497692.419499998;0.2222073956486607;2123;0.0
Meta_737;738232;7497704.929900002;0.3333333333333333;738232;7472916.453300001;0.3132888297061029;868;0.0
Meta_738;738232;7497704.929900002;0.38888888888888884;738232;7489582.970899998;0.32081377162348845;1036;0.0
Meta_728;738232;4998469.953266668;0.38888888888888884;748222;4017393.2265999997;0.40743735662032843;3600;1.0
Meta_731;738232;7497704.929900002;0.0;782468;7349786.951100001;0.31309896793463254;3600;1.0
Meta_732;738232;7497704.929900002;0.05555555555555555;738231;7511975.106500002;0.27504703154283955;3600;1.0
Meta_736;738232;7497704.929900002;0.2777777777777778;741525;6749966.6087;0.2632168545399156;1899;0.0
Meta_733;738232;7497704.929900002;0.1111111111111111;763107;7321300.646800004;0.2786895167117707;3600;1.0
Meta_734;738232;7497704.929900002;0.16666666666666666;768602;7497704.590000002;0.17446056303987934;3600;1.0
Meta_750;738232;9996939.906533336;0.5;763175;1772306.8483;0.49379945984293244;12;0.0
Meta_749;738232;9996939.906533336;0.4444444444444444;738232;3238915.088499999;0.4444401345637376;472;0.0
Meta_745;738232;9996939.906533336;0.2222222222222222;744739;9942881.452000003;0.18541219111720628;1090;0.0
Meta_746;738232;9996939.906533336;0.2777777777777778;741799;9476530.349100003;0.27777504689971555;1200;0.0
Meta_748;738232;9996939.906533336;0.38888888888888884;738232;9045813.377500003;0.33371602022321056;857;0.0
Meta_747;738232;9996939.906533336;0.3333333333333333;738232;9377245.941300005;0.3332149341797366;1067;0.0
Meta_755;738232;1.249617488316667E7;0.2222222222222222;756478;1.0944974741300004E7;0.22221008041791876;1164;0.0
Meta_741;738232;9996939.906533336;0.0;837083;9553234.235400004;0.281801537249346;3600;1.0
Meta_742;738232;9996939.906533336;0.05555555555555555;784691;9996975.059700003;0.23207737662632263;3600;1.0
Meta_743;738232;9996939.906533336;0.1111111111111111;754719;9979608.824199995;0.1767286693447641;3600;1.0
Meta_760;738232;1.249617488316667E7;0.5;763175;1772306.8483;0.49379945984293244;14;0.0
Meta_744;738232;9996939.906533336;0.16666666666666666;743108;8562880.666199999;0.17194692594896668;3600;1.0
Meta_754;738232;1.249617488316667E7;0.16666666666666666;754241;1.0255241066600006E7;0.16662027825988615;2043;0.0
Meta_757;738232;1.249617488316667E7;0.3333333333333333;738232;8874539.919400001;0.3230116402454565;928;0.0
Meta_756;738232;1.249617488316667E7;0.2777777777777778;738232;8372777.641499999;0.27777604762265923;2314;0.0
Meta_758;738232;1.249617488316667E7;0.38888888888888884;738232;8839037.0667;0.34723364004818014;851;0.0
Meta_759;738232;1.249617488316667E7;0.4444444444444444;738232;2032883.1286000002;0.4444434091856786;605;0.0
Meta_751;738232;1.249617488316667E7;0.0;903389;1.1302411556300005E7;0.23899106153476035;3600;1.0
Meta_764;738232;1.4995409859800003E7;0.16666666666666666;742493;1.2992366635499995E7;0.1653170568808751;1109;0.0
Meta_767;738232;1.4995409859800003E7;0.3333333333333333;738232;8874539.919400001;0.3230116402454565;882;0.0
Meta_770;738232;1.4995409859800003E7;0.5;763175;1772306.8483;0.49379945984293244;12;0.0
Meta_752;738232;1.249617488316667E7;0.05555555555555555;740343;7704006.414000004;0.26989657062157757;3600;1.0
Meta_753;738232;1.249617488316667E7;0.1111111111111111;739586;9512355.963299995;0.2083507195277386;3600;1.0
Meta_765;738232;1.4995409859800003E7;0.2222222222222222;738521;9719483.6487;0.22210163872276906;1324;0.0
Meta_768;738232;1.4995409859800003E7;0.38888888888888884;740229;5105246.363300004;0.3888897955712744;591;0.0
Meta_766;738232;1.4995409859800003E7;0.2777777777777778;741896;1.11323046159E7;0.27777698789274663;1384;0.0
Meta_769;738232;1.4995409859800003E7;0.4444444444444444;738233;1684209.1117000002;0.44444450085230747;601;0.0
Meta_777;738232;1.749464483643334E7;0.3333333333333333;738238;9356113.663599996;0.31719781360237664;982;0.0
Meta_773;738232;1.749464483643334E7;0.1111111111111111;758345;1.1463850880799996E7;0.1078857128121962;1450;0.0
Meta_774;738232;1.749464483643334E7;0.16666666666666666;754913;1.1121710229200002E7;0.16666677478462247;1288;0.0
Meta_780;738232;1.749464483643334E7;0.5;763175;1772306.8483;0.49379945984293244;16;0.0
Meta_775;738232;1.749464483643334E7;0.2222222222222222;748622;1.1919198446500001E7;0.22219102758103768;1475;0.0
Meta_778;738232;1.749464483643334E7;0.38888888888888884;740229;5105246.363300004;0.3888897955712744;637;0.0
Meta_761;738232;1.4995409859800003E7;0.0;875303;1.2035283126599994E7;0.16661577623132326;3600;1.0
Meta_779;738232;1.749464483643334E7;0.4444444444444444;738233;1684209.1117000002;0.44444450085230747;655;0.0
Meta_762;738232;1.4995409859800003E7;0.05555555555555555;811144;9411565.500699999;0.24777922606491493;3601;1.0
Meta_763;738232;1.4995409859800003E7;0.1111111111111111;768067;9400971.902399994;0.20008918554734062;3600;1.0
Meta_776;738232;1.749464483643334E7;0.2777777777777778;738232;9326693.3685;0.2603868550514901;2455;0.0
Meta_787;738232;1.9993879813066673E7;0.3333333333333333;738232;8874539.919400001;0.3230116402454565;832;0.0
Meta_784;738232;1.9993879813066673E7;0.16666666666666666;747447;1.1977389978E7;0.16666647766356857;1118;0.0
Meta_790;738232;1.9993879813066673E7;0.5;763175;1772306.8483;0.49379945984293244;13;0.0
Meta_785;738232;1.9993879813066673E7;0.2222222222222222;754574;1.2661361488099996E7;0.2201442356057588;1239;0.0
Meta_771;738232;1.749464483643334E7;0.0;843679;8638716.1329;0.24830019325525302;3600;1.0
Meta_783;738232;1.9993879813066673E7;0.1111111111111111;835845;1.1312664377299996E7;0.10411907481859466;1484;0.0
Meta_772;738232;1.749464483643334E7;0.05555555555555555;831508;1.1524371548600005E7;0.2271665364691568;3600;1.0
Meta_786;738232;1.9993879813066673E7;0.2777777777777778;738232;1.2016521518600004E7;0.2777771213181204;1338;0.0
Meta_789;738232;1.9993879813066673E7;0.4444444444444444;738233;1684209.1117000002;0.44444450085230747;600;0.0
Meta_788;738232;1.9993879813066673E7;0.38888888888888884;746053;7817006.973099996;0.38888889879241567;1280;0.0
Meta_794;738232;2.2493114789700005E7;0.16666666666666666;739002;1.0420555831699995E7;0.16632916012594104;1113;0.0
Meta_799;738232;2.2493114789700005E7;0.4444444444444444;739734;1462911.1600999997;0.4444095948006443;505;0.0
Meta_800;738232;2.2493114789700005E7;0.5;763175;1772306.8483;0.49379945984293244;13;0.0
Meta_781;738232;1.9993879813066673E7;0.0;843389;8834146.642899996;0.27980936942878387;3600;1.0
Meta_796;738232;2.2493114789700005E7;0.2777777777777778;738682;1.0833589862599995E7;0.27777768629890304;1690;0.0
Meta_782;738232;1.9993879813066673E7;0.05555555555555555;910183;1.4842178048200008E7;0.17786448401919683;3600;1.0
Meta_795;738232;2.2493114789700005E7;0.2222222222222222;740841;1.1053858419199994E7;0.2220154376798404;2229;0.0
Meta_791;738232;2.2493114789700005E7;0.0;792578;9247294.105700003;0.27985970325415965;3600;1.0
Meta_792;738232;2.2493114789700005E7;0.05555555555555555;866436;1.3321671131699989E7;0.15620668078520217;3600;1.0
Meta_793;738232;2.2493114789700005E7;0.1111111111111111;780640;8480384.917;0.1736666277779391;3600;1.0
Meta_797;738232;2.2493114789700005E7;0.3333333333333333;759557;1.1753276085699996E7;0.36515121150064433;3600;1.0
Meta_798;738232;2.2493114789700005E7;0.38888888888888884;740654;7474115.8964;0.3888516056589473;3209;0.0
Meta_810;688324;0.0;0.5;688413;0.0;0.4623239880378397;12;0.0
Meta_801;688324;0.0;0.0;517598;80351.94659999998;0.2787944880340762;3600;0.9599469098332535
Meta_802;688324;0.0;0.05555555555555555;505394;19088.0185;0.24948972745737577;3600;0.9740498042476347
Meta_803;688324;0.0;0.1111111111111111;540720;0.0;0.2693775618227484;3600;0.9914437715470378
Meta_804;688324;0.0;0.16666666666666666;478562;10852.0144;0.20113093423237666;3600;0.9984818237432805
Meta_808;688324;0.0;0.38888888888888884;690248;0.0;0.38051636343454737;2001;0.0
Meta_805;688324;0.0;0.2222222222222222;599061;421088.2645;0.2985623544971924;3600;1.0
Meta_806;688324;0.0;0.2777777777777778;581457;54346.7975;0.2963166077730031;3600;1.0
Meta_807;688324;0.0;0.3333333333333333;692199;0.0;0.41945023867987347;3600;1.0
Meta_809;688324;0.0;0.4444444444444444;689821;4566.3372;0.38402330390112294;3600;1.0
Meta_820;688324;2499234.976633334;0.5;692580;408873.2663;0.4624663224893418;14;0.0
Meta_811;688324;2499234.976633334;0.0;783754;3450545.652199999;0.27629278970331256;3600;1.0
Meta_819;688324;2499234.976633334;0.4444444444444444;690315;304043.8867999999;0.4444446706848217;1516;0.0
Meta_812;688324;2499234.976633334;0.05555555555555555;722547;3538605.0108000007;0.2999840284465641;3600;1.0
Meta_813;688324;2499234.976633334;0.1111111111111111;688324;3353657.0823999993;0.29700742454854634;3600;1.0
Meta_814;688324;2499234.976633334;0.16666666666666666;731405;3631417.272100001;0.31348185849399657;3600;1.0
Meta_815;688324;2499234.976633334;0.2222222222222222;688324;2955688.798199997;0.31241521605645495;3600;1.0
Meta_816;688324;2499234.976633334;0.2777777777777778;689176;2705523.159100001;0.3582882079932745;3600;1.0
Meta_817;688324;2499234.976633334;0.3333333333333333;601214;932472.4778999999;0.33398325503144066;3600;1.0
Meta_818;688324;2499234.976633334;0.38888888888888884;688324;1604115.2405000003;0.4296176228944088;3600;1.0
Meta_830;688324;4998469.953266668;0.5;692580;408873.2663;0.4624663224893418;12;0.0
Meta_821;688324;4998469.953266668;0.0;723724;4995981.764799999;0.2880110067780376;3600;1.0
Meta_822;688324;4998469.953266668;0.05555555555555555;843670;5846333.0278;0.3095871563725708;3600;1.0
Meta_829;688324;4998469.953266668;0.4444444444444444;688760;1217159.9085;0.44438644601557187;2044;0.0
Meta_823;688324;4998469.953266668;0.1111111111111111;700341;4998396.970799999;0.27320280921142026;3600;1.0
Meta_824;688324;4998469.953266668;0.16666666666666666;690586;4998426.331;0.2613787261239371;3600;1.0
Meta_825;688324;4998469.953266668;0.2222222222222222;726991;4998468.625700001;0.2376327448861022;3600;1.0
Meta_826;688324;4998469.953266668;0.2777777777777778;691590;4969614.116300001;0.35832526599052605;3601;1.0
Meta_827;688324;4998469.953266668;0.3333333333333333;696746;4756080.0405;0.3384685962767295;3600;1.0
Meta_828;688324;4998469.953266668;0.38888888888888884;688340;2656720.819299999;0.40717158306458245;3600;1.0
Meta_840;688324;7497704.929900002;0.5;692580;408873.2663;0.4624663224893418;12;0.0
Meta_835;688324;7497704.929900002;0.2222222222222222;699483;7192157.316300002;0.22201045368625907;1199;0.0
Meta_839;688324;7497704.929900002;0.4444444444444444;694092;926749.2572000001;0.44443875204427524;775;0.0
Meta_837;688324;7497704.929900002;0.3333333333333333;694453;5392122.2288;0.3333337807755052;1459;0.0
Meta_831;688324;7497704.929900002;0.0;790238;7497794.691200006;0.2617839101040401;3600;1.0
Meta_832;688324;7497704.929900002;0.05555555555555555;702417;7351789.9678;0.2846456572364389;3600;1.0
Meta_833;688324;7497704.929900002;0.1111111111111111;781320;7448321.675199999;0.2719767043494711;3600;1.0
Meta_834;688324;7497704.929900002;0.16666666666666666;706071;7497700.131300004;0.2294174582456173;3601;1.0
Meta_844;688324;9996939.906533336;0.16666666666666666;731761;9709748.8619;0.16650742945541427;1760;0.0
Meta_838;688324;7497704.929900002;0.38888888888888884;714141;2875504.0010000006;0.38883674495500276;3195;0.0
Meta_850;688324;9996939.906533336;0.5;692580;408873.2663;0.4624663224893418;14;0.0
Meta_836;688324;7497704.929900002;0.2777777777777778;744529;6467200.1642;0.3549290328659119;3600;1.0
Meta_845;688324;9996939.906533336;0.2222222222222222;702635;9996921.303599996;0.22220500574259897;2015;0.0
Meta_847;688324;9996939.906533336;0.3333333333333333;700739;6377303.106699999;0.33333438748501226;1625;0.0
Meta_841;688324;9996939.906533336;0.0;744871;9649806.054700006;0.27063384852377925;3600;1.0
Meta_842;688324;9996939.906533336;0.05555555555555555;760899;9749108.2806;0.26945511913820797;3600;1.0
Meta_843;688324;9996939.906533336;0.1111111111111111;782386;9668247.175500004;0.17355673890175918;3600;1.0
Meta_849;688324;9996939.906533336;0.4444444444444444;688325;914500.5609000002;0.44444463009069773;2251;0.0
Meta_846;688324;9996939.906533336;0.2777777777777778;738206;8822707.058199998;0.2777267418980618;3387;0.0
Meta_855;688324;1.249617488316667E7;0.2222222222222222;763380;1.08076692795E7;0.19833609921432988;1610;0.0
Meta_860;688324;1.249617488316667E7;0.5;692580;408873.2663;0.4624663224893418;10;0.0
Meta_854;688324;1.249617488316667E7;0.16666666666666666;748955;1.1032241505599992E7;0.1666619802736402;2220;0.0
Meta_856;688324;1.249617488316667E7;0.2777777777777778;690205;1.07151736639E7;0.2776761691110697;1607;0.0
Meta_848;688324;9996939.906533336;0.38888888888888884;751165;3881601.4221;0.40104480183027463;3600;1.0
Meta_857;688324;1.249617488316667E7;0.3333333333333333;744420;7203627.382900004;0.33333331908241953;2051;0.0
Meta_851;688324;1.249617488316667E7;0.0;818825;1.2395556047900002E7;0.2696050674144165;3600;1.0
Meta_852;688324;1.249617488316667E7;0.05555555555555555;783321;1.08054679942E7;0.22682387405751703;3600;1.0
Meta_853;688324;1.249617488316667E7;0.1111111111111111;804068;1.2232470077299997E7;0.1766434421188265;3600;1.0
Meta_865;688324;1.4995409859800003E7;0.2222222222222222;692977;1.0868798719699996E7;0.22222145362395507;1549;0.0
Meta_859;688324;1.249617488316667E7;0.4444444444444444;694123;769012.9958000003;0.4442781649879496;2774;0.0
Meta_870;688324;1.4995409859800003E7;0.5;692580;408873.2663;0.4624663224893418;13;0.0
Meta_866;688324;1.4995409859800003E7;0.2777777777777778;733982;8546735.950199999;0.27552707706952784;1753;0.0
Meta_858;688324;1.249617488316667E7;0.38888888888888884;716552;4567725.6642999975;0.39269871248918337;3600;1.0
Meta_861;688324;1.4995409859800003E7;0.0;720938;8913309.471399996;0.28904075112424293;3600;1.0
Meta_862;688324;1.4995409859800003E7;0.05555555555555555;808971;1.0740589442399997E7;0.23485970703787035;3600;1.0
Meta_863;688324;1.4995409859800003E7;0.1111111111111111;776389;1.0976607625499997E7;0.18719345075612667;3600;1.0
Meta_864;688324;1.4995409859800003E7;0.16666666666666666;756408;9694549.305299995;0.2380824462540925;3600;1.0
Meta_869;688324;1.4995409859800003E7;0.4444444444444444;688365;1267157.6533999997;0.44435872370929747;2001;0.0
Meta_876;688324;1.749464483643334E7;0.2777777777777778;693084;7493894.227600002;0.2777762181354131;1090;0.0
Meta_867;688324;1.4995409859800003E7;0.3333333333333333;779193;1.2509128703000003E7;0.35236383068052896;3600;1.0
Meta_880;688324;1.749464483643334E7;0.5;692580;408873.2663;0.4624663224893418;11;0.0
Meta_868;688324;1.4995409859800003E7;0.38888888888888884;688324;7506693.4736;0.42065840554423606;3600;1.0
Meta_877;688324;1.749464483643334E7;0.3333333333333333;699803;1.0550934025599996E7;0.33328031110469136;1555;0.0
Meta_871;688324;1.749464483643334E7;0.0;722786;8821698.816999998;0.28252343302100646;3601;1.0
Meta_872;688324;1.749464483643334E7;0.05555555555555555;793893;1.0579180557700003E7;0.2308948659658742;3600;1.0
Meta_873;688324;1.749464483643334E7;0.1111111111111111;830214;9790805.031600004;0.16501663573384728;3600;1.0
Meta_874;688324;1.749464483643334E7;0.16666666666666666;733805;1.1444636976700014E7;0.26894960885911884;3600;1.0
Meta_879;688324;1.749464483643334E7;0.4444444444444444;689802;1275420.7987999995;0.44444190817047524;2204;0.0
Meta_875;688324;1.749464483643334E7;0.2222222222222222;802722;1.2381906605700001E7;0.23383190034294135;3600;1.0
Meta_885;688324;1.9993879813066673E7;0.2222222222222222;728158;1.25286301216E7;0.22073660586690594;1345;0.0
Meta_890;688324;1.9993879813066673E7;0.5;692580;408873.2663;0.4624663224893418;11;0.0
Meta_878;688324;1.749464483643334E7;0.38888888888888884;688325;2600263.7933999994;0.4079123963969687;3600;1.0
Meta_881;688324;1.9993879813066673E7;0.0;830581;1.0140338263000002E7;0.2521255326118117;3600;1.0
Meta_882;688324;1.9993879813066673E7;0.05555555555555555;831007;9692209.327700004;0.20272642298684093;3600;1.0
Meta_888;688324;1.9993879813066673E7;0.38888888888888884;689921;5893280.668400001;0.3888884932223601;1915;0.0
Meta_884;688324;1.9993879813066673E7;0.16666666666666666;733412;1.1039560803999998E7;0.16666380308146153;3021;0.0
Meta_883;688324;1.9993879813066673E7;0.1111111111111111;860586;1.2069813366699994E7;0.11366634666746404;3600;1.0
Meta_889;688324;1.9993879813066673E7;0.4444444444444444;689672;8225765.5923999995;0.44441438869403016;2582;0.0
Meta_894;688324;2.2493114789700005E7;0.16666666666666666;760919;8881954.8464;0.16666664295829517;1728;0.0
Meta_895;688324;2.2493114789700005E7;0.2222222222222222;701916;9429354.305600002;0.2201249700463015;1333;0.0
Meta_900;688324;2.2493114789700005E7;0.5;692580;408873.2663;0.4624663224893418;15;0.0
Meta_886;688324;1.9993879813066673E7;0.2777777777777778;749288;9021696.020000003;0.28110850951079397;3600;1.0
Meta_887;688324;1.9993879813066673E7;0.3333333333333333;821820;8430954.547000004;0.3462091936136169;3600;1.0
Meta_891;688324;2.2493114789700005E7;0.0;768987;1.3582072005599989E7;0.2517750792138041;3600;1.0
Meta_892;688324;2.2493114789700005E7;0.05555555555555555;804222;1.1440229671899997E7;0.24963174329550064;3600;1.0
Meta_893;688324;2.2493114789700005E7;0.1111111111111111;827014;1.2991724069600003E7;0.20271200282135154;3600;1.0
Meta_896;688324;2.2493114789700005E7;0.2777777777777778;701246;1.0024757127799997E7;0.27769798511423993;3184;0.0
Meta_897;688324;2.2493114789700005E7;0.3333333333333333;719614;6744342.675399999;0.35127335413630706;3601;1.0
Meta_898;688324;2.2493114789700005E7;0.38888888888888884;687473;4824093.316099999;0.3893475792430035;3600;1.0
Meta_909;638417;0.0;0.4444444444444444;640196;0.0;0.4177944568844804;14;0.0
Meta_910;638417;0.0;0.5;640196;0.0;0.4177944568844804;16;0.0
Meta_908;638417;0.0;0.38888888888888884;659361;0.0;0.37312175997944963;1093;0.0
Meta_899;688324;2.2493114789700005E7;0.4444444444444444;695978;747439.4837000001;0.45340219823172107;3600;1.0
Meta_901;638417;0.0;0.0;419651;279.8533;0.1913613333424949;3600;0.964993224583676
Meta_902;638417;0.0;0.05555555555555555;464959;522.4609;0.21751019316785164;3600;0.9755760082073617
Meta_903;638417;0.0;0.1111111111111111;495308;310620.5421000001;0.22660643610436523;3600;0.9886689254347507
Meta_904;638417;0.0;0.16666666666666666;539501;53.152;0.26748278654235247;3600;1.0
Meta_905;638417;0.0;0.2222222222222222;562953;54118.1216;0.30290590747022816;3600;1.0
Meta_906;638417;0.0;0.2777777777777778;562372;322630.62599999993;0.28582308585300004;3600;1.0
Meta_919;638417;2499234.976633334;0.4444444444444444;642057;14605.700399999998;0.41472876973623846;10;0.0
Meta_920;638417;2499234.976633334;0.5;642057;14605.700399999998;0.41472876973623846;12;0.0
Meta_907;638417;0.0;0.3333333333333333;638417;310801.2467999999;0.3388010567675088;3600;1.0
Meta_911;638417;2499234.976633334;0.0;640954;3992215.8505;0.31009952033269844;3600;1.0
Meta_912;638417;2499234.976633334;0.05555555555555555;657727;3574310.9016;0.25433557646920235;3601;1.0
Meta_913;638417;2499234.976633334;0.1111111111111111;674693;3368529.352600001;0.30642926147746147;3600;1.0
Meta_914;638417;2499234.976633334;0.16666666666666666;673000;3254945.4813999976;0.3497646621031365;3600;1.0
Meta_915;638417;2499234.976633334;0.2222222222222222;638417;2940354.7191999992;0.347462506411144;3600;1.0
Meta_916;638417;2499234.976633334;0.2777777777777778;546934;239903.0283;0.2868192830387805;3600;1.0
Meta_917;638417;2499234.976633334;0.3333333333333333;638413;299147.15030000004;0.3442006709120309;3600;1.0
Meta_929;638417;4998469.953266668;0.4444444444444444;642057;14605.700399999998;0.41472876973623846;12;0.0
Meta_930;638417;4998469.953266668;0.5;642057;14605.700399999998;0.41472876973623846;11;0.0
Meta_918;638417;2499234.976633334;0.38888888888888884;637873;102433.89880000001;0.4098164595286459;3600;1.0
Meta_921;638417;4998469.953266668;0.0;816860;4998461.388400002;0.24074718160794006;3600;1.0
Meta_922;638417;4998469.953266668;0.05555555555555555;669973;4998453.867099998;0.28250071490331985;3600;1.0
Meta_928;638417;4998469.953266668;0.38888888888888884;638648;694660.2192000002;0.38888742811726357;2996;0.0
Meta_923;638417;4998469.953266668;0.1111111111111111;670706;4998465.5493;0.2871023626444426;3600;1.0
Meta_924;638417;4998469.953266668;0.16666666666666666;675288;4990537.288200001;0.2550942256415699;3600;1.0
Meta_925;638417;4998469.953266668;0.2222222222222222;649892;5111372.251599999;0.2658752789713284;3601;1.0
Meta_926;638417;4998469.953266668;0.2777777777777778;638417;245338.87709999998;0.3449642767078879;3600;1.0
Meta_939;638417;7497704.929900002;0.4444444444444444;642057;14605.700399999998;0.41472876973623846;13;0.0
Meta_927;638417;4998469.953266668;0.3333333333333333;638417;426858.37649999995;0.36679626007729904;3600;1.0
Meta_940;638417;7497704.929900002;0.5;642057;14605.700399999998;0.41472876973623846;11;0.0
Meta_936;638417;7497704.929900002;0.2777777777777778;677968;7494365.268;0.267334097777458;1407;0.0
Meta_931;638417;7497704.929900002;0.0;702439;7447307.593799999;0.2810663479599705;3600;1.0
Meta_932;638417;7497704.929900002;0.05555555555555555;883152;7893424.3961000005;0.2809867815160255;3600;1.0
Meta_933;638417;7497704.929900002;0.1111111111111111;705865;7497705.678399999;0.2936975392605895;3600;1.0
Meta_934;638417;7497704.929900002;0.16666666666666666;699542;7497728.865299999;0.2782743770790244;3600;1.0
Meta_945;638417;9996939.906533336;0.2222222222222222;754659;9776678.905500004;0.21316993626178476;1763;0.0
Meta_935;638417;7497704.929900002;0.2222222222222222;666940;7263695.922600001;0.2656453659908923;3600;1.0
Meta_949;638417;9996939.906533336;0.4444444444444444;642057;14605.700399999998;0.41472876973623846;12;0.0
Meta_950;638417;9996939.906533336;0.5;642057;14605.700399999998;0.41472876973623846;10;0.0
Meta_937;638417;7497704.929900002;0.3333333333333333;625798;689679.4365;0.3586401953922279;3600;1.0
Meta_938;638417;7497704.929900002;0.38888888888888884;638793;203849.1828;0.40858208503603693;3600;1.0
Meta_941;638417;9996939.906533336;0.0;803792;7369467.8956999965;0.2959046585338706;3600;1.0
Meta_942;638417;9996939.906533336;0.05555555555555555;783529;8492488.085800001;0.2802775887706173;3600;1.0
Meta_946;638417;9996939.906533336;0.2777777777777778;650077;5710924.057099998;0.27734211472515385;2595;0.0
Meta_943;638417;9996939.906533336;0.1111111111111111;718245;8292956.627499999;0.23187345776898557;3600;1.0
Meta_944;638417;9996939.906533336;0.16666666666666666;663773;9196661.181499997;0.2646632801158943;3600;1.0
Meta_954;638417;1.249617488316667E7;0.16666666666666666;701599;1.0138465467799997E7;0.16631244976178675;1502;0.0
Meta_959;638417;1.249617488316667E7;0.4444444444444444;642057;14605.700399999998;0.41472876973623846;11;0.0
Meta_948;638417;9996939.906533336;0.38888888888888884;638545;1162903.2579;0.38888941845792413;2190;0.0
Meta_960;638417;1.249617488316667E7;0.5;642057;14605.700399999998;0.41472876973623846;13;0.0
Meta_947;638417;9996939.906533336;0.3333333333333333;645299;604421.6616;0.3691663746778538;3600;1.0
Meta_956;638417;1.249617488316667E7;0.2777777777777778;644524;6045806.102299999;0.27777628170178803;1405;0.0
Meta_958;638417;1.249617488316667E7;0.38888888888888884;638877;964317.4373999999;0.3888888608490322;1755;0.0
Meta_951;638417;1.249617488316667E7;0.0;713955;8756943.9608;0.27535502073827045;3600;1.0
Meta_952;638417;1.249617488316667E7;0.05555555555555555;787340;8060707.469799999;0.25798458361329246;3600;1.0
Meta_953;638417;1.249617488316667E7;0.1111111111111111;771877;8278002.637899994;0.20497810760873295;3600;1.0
Meta_955;638417;1.249617488316667E7;0.2222222222222222;715450;9204880.109499995;0.22719319324437004;3600;1.0
Meta_969;638417;1.4995409859800003E7;0.4444444444444444;642057;14605.700399999998;0.41472876973623846;11;0.0
Meta_970;638417;1.4995409859800003E7;0.5;642057;14605.700399999998;0.41472876973623846;11;0.0
Meta_965;638417;1.4995409859800003E7;0.2222222222222222;644670;8414367.940799996;0.2221431214017025;1218;0.0
Meta_957;638417;1.249617488316667E7;0.3333333333333333;638417;3862540.648999999;0.35698578725371266;3600;1.0
Meta_961;638417;1.4995409859800003E7;0.0;906781;1.0211974268399999E7;0.2868230142670769;3600;1.0
Meta_962;638417;1.4995409859800003E7;0.05555555555555555;761318;7604599.590400003;0.2626349644274406;3600;1.0
Meta_963;638417;1.4995409859800003E7;0.1111111111111111;769481;1.1477214678100003E7;0.19066907966668442;3600;1.0
Meta_964;638417;1.4995409859800003E7;0.16666666666666666;753193;1.18995333793E7;0.17806131456249413;3600;1.0
Meta_968;638417;1.4995409859800003E7;0.38888888888888884;643553;1292043.8443;0.388874432389883;3123;0.0
Meta_966;638417;1.4995409859800003E7;0.2777777777777778;892797;9908894.098399995;0.2836753814163844;3600;1.0
Meta_979;638417;1.749464483643334E7;0.4444444444444444;642057;14605.700399999998;0.41472876973623846;15;0.0
Meta_980;638417;1.749464483643334E7;0.5;642057;14605.700399999998;0.41472876973623846;14;0.0
Meta_967;638417;1.4995409859800003E7;0.3333333333333333;638491;2809656.3908;0.33892517143290185;3600;1.0
Meta_971;638417;1.749464483643334E7;0.0;821830;8939555.122299999;0.23663704726238077;3600;1.0
Meta_975;638417;1.749464483643334E7;0.2222222222222222;713821;8496031.783800002;0.22219952389686012;2370;0.0
Meta_972;638417;1.749464483643334E7;0.05555555555555555;760119;7632299.728199999;0.2706346498293203;3600;1.0
Meta_973;638417;1.749464483643334E7;0.1111111111111111;792336;1.287587376850001E7;0.17803881075229425;3600;1.0
Meta_974;638417;1.749464483643334E7;0.16666666666666666;692281;9381923.418600006;0.24951163509762314;3600;1.0
Meta_976;638417;1.749464483643334E7;0.2777777777777778;697644;8111247.1622;0.27501148098636485;3319;0.0
Meta_984;638417;1.9993879813066673E7;0.16666666666666666;717275;8835972.680999996;0.15122148619299086;1372;0.0
Meta_989;638417;1.9993879813066673E7;0.4444444444444444;642057;14605.700399999998;0.41472876973623846;11;0.0
Meta_990;638417;1.9993879813066673E7;0.5;642057;14605.700399999998;0.41472876973623846;13;0.0
Meta_977;638417;1.749464483643334E7;0.3333333333333333;638417;746882.1024000001;0.36098572262108497;3600;1.0
Meta_983;638417;1.9993879813066673E7;0.1111111111111111;923223;1.8642071535400007E7;0.1105943710596413;2220;0.0
Meta_978;638417;1.749464483643334E7;0.38888888888888884;639287;1717723.1773999995;0.388889468715353;3600;0.0
Meta_981;638417;1.9993879813066673E7;0.0;817620;1.192683965440001E7;0.2296244969601504;3600;1.0
Meta_982;638417;1.9993879813066673E7;0.05555555555555555;800220;8998268.637299998;0.2281433810850011;3600;1.0
Meta_985;638417;1.9993879813066673E7;0.2222222222222222;719360;9145844.192699999;0.2775840881153757;3600;1.0
Meta_986;638417;1.9993879813066673E7;0.2777777777777778;897524;1.3583792868600007E7;0.3278022488308361;3600;1.0
Meta_987;638417;1.9993879813066673E7;0.3333333333333333;630574;481511.9528;0.34984205287603853;3600;1.0
Meta_988;638417;1.9993879813066673E7;0.38888888888888884;640843;317355.6866;0.4060487615239406;3600;1.0
Meta_999;638417;2.2493114789700005E7;0.4444444444444444;642057;14605.700399999998;0.41472876973623846;12;0.0
Meta_1000;638417;2.2493114789700005E7;0.5;642057;14605.700399999998;0.41472876973623846;10;0.0
Meta_991;638417;2.2493114789700005E7;0.0;854268;9261477.796599993;0.29459815633510067;3600;1.0
Meta_996;638417;2.2493114789700005E7;0.2777777777777778;644964;6514459.272999998;0.2777780429589122;2003;0.0
Meta_992;638417;2.2493114789700005E7;0.05555555555555555;737738;9617203.910900006;0.29357266477088995;3600;1.0
Meta_993;638417;2.2493114789700005E7;0.1111111111111111;742725;1.0156303721900003E7;0.17732795905327373;3600;1.0
Meta_995;638417;2.2493114789700005E7;0.2222222222222222;751027;9202135.1949;0.21112496087138466;2954;0.0
Meta_994;638417;2.2493114789700005E7;0.16666666666666666;736806;8893327.872999998;0.2482757360961803;3600;1.0
Meta_997;638417;2.2493114789700005E7;0.3333333333333333;638414;950246.5871;0.33451282082074274;3600;1.0
Meta_998;638417;2.2493114789700005E7;0.38888888888888884;638424;500506.08560000005;0.4083432542961443;3600;1.0
