Meta_9;256901;0.0;0.4444444444444444;234109;2600184.0982000004;0.41179713309712423;0;0.0
Meta_10;256901;0.0;0.5;234109;2600184.0982000004;0.41179713309712423;0;0.0
Meta_8;256901;0.0;0.38888888888888884;234807;2641377.9979000003;0.38889014685427464;2601;5.857380764761255E-8
Meta_11;256901;882898.9753666666;0.0;215957;1946618.2718000007;0.28756215018130266;3600;0.08122755159636436
Meta_7;256901;0.0;0.3333333333333333;233796;2639563.863400001;0.34931045226407953;3602;0.08647296847138734
Meta_5;256901;0.0;0.2222222222222222;209877;1731408.9478;0.2861210338830993;3601;0.17615114456736308
Meta_4;256901;0.0;0.16666666666666666;213542;1861721.1977999993;0.28407570551217165;3601;0.07937356597376526
Meta_6;256901;0.0;0.2777777777777778;224089;2256389.0063;0.3136399897842271;3604;0.15830788994171263
Meta_1;256901;0.0;0.0;212924;1821185.0895000007;0.2899322286050833;3604;0.08252247282666207
Meta_12;256901;882898.9753666666;0.05555555555555555;217595;1998179.299499999;0.2949274920921387;3606;0.09571790267373725
Meta_19;256901;882898.9753666666;0.4444444444444444;234109;2600184.0982000004;0.41179713309712423;0;0.0
Meta_2;256901;0.0;0.05555555555555555;215355;1931780.9452;0.28819337655791;3609;0.07562746744880257
Meta_20;256901;882898.9753666666;0.5;234109;2600184.0982000004;0.41179713309712423;0;0.0
Meta_3;256901;0.0;0.1111111111111111;216834;1981763.1473999997;0.2970221797532105;3618;0.09546303844447368
Meta_13;256901;882898.9753666666;0.1111111111111111;219027;2061543.1666999992;0.2975336014941737;3601;0.10471851276486216
Meta_14;256901;882898.9753666666;0.16666666666666666;217501;2003529.8405999995;0.29348309507884446;3600;0.10656333600012105
Meta_17;256901;882898.9753666666;0.3333333333333333;233323;2622967.8932000007;0.3454991253942656;3600;0.0909688848581841
Meta_18;256901;882898.9753666666;0.38888888888888884;234814;2641779.1260000006;0.3888889669906595;3600;7.8586406168283E-6
Meta_21;256901;1765797.9507333331;0.0;217978;2012906.4141999993;0.3003264343917038;3600;0.12580163530008415
Meta_22;256901;1765797.9507333331;0.05555555555555555;217231;1985425.2587999995;0.2993532530802377;3600;0.1277478237462771
Meta_29;256901;1765797.9507333331;0.4444444444444444;234109;2600184.0982000004;0.41179713309712423;0;0.0
Meta_23;256901;1765797.9507333331;0.1111111111111111;217853;2007611.0178000007;0.2976266164083218;3600;0.12692767327198712
Meta_16;256901;882898.9753666666;0.2777777777777778;224565;2264295.2187999994;0.3260509705403681;3609;0.2380481716209051
Meta_30;256901;1765797.9507333331;0.5;234109;2600184.0982000004;0.41179713309712423;0;0.0
Meta_24;256901;1765797.9507333331;0.16666666666666666;217437;1988008.5649000003;0.29698211587771634;3600;0.13825300319147907
Meta_15;256901;882898.9753666666;0.2222222222222222;214599;1889229.5274999996;0.29772459981638866;3621;0.21917727046157592
Meta_25;256901;1765797.9507333331;0.2222222222222222;212777;1823004.9733;0.29134904308622145;3600;0.2439393869665466
Meta_26;256901;1765797.9507333331;0.2777777777777778;221990;2163275.2401;0.313185065416893;3600;0.2571612069452942
Meta_27;256901;1765797.9507333331;0.3333333333333333;232308;2587706.3618;0.33584569910480405;3600;0.05803341965513129
Meta_28;256901;1765797.9507333331;0.38888888888888884;234799;2640922.374700001;0.38888480275758514;3600;6.325584015134593E-5
Meta_39;256901;2648696.9261;0.4444444444444444;234940;2648707.8325000005;0.3988571679691993;0;0.0
Meta_40;256901;2648696.9261;0.5;234940;2648707.8325000005;0.3988571679691993;0;0.0
Meta_34;256901;2648696.9261;0.16666666666666666;229519;2645669.7113;0.3257113816347398;3600;0.18492673381774322
Meta_31;256901;2648696.9261;0.0;228087;2639385.3084000014;0.3158771773401512;3602;0.13506188334651661
Meta_32;256901;2648696.9261;0.05555555555555555;227824;2626330.8274000003;0.3142811840567445;3604;0.1349466765203764
Meta_35;256901;2648696.9261;0.2222222222222222;225600;2599434.191899999;0.3118389743100777;3602;0.22680872072673935
Meta_33;256901;2648696.9261;0.1111111111111111;230502;2648690.2443;0.3198259441182046;3621;0.13355350293802684
Meta_36;256901;2648696.9261;0.2777777777777778;227144;2643048.0218999987;0.31951209944056747;3623;0.3661862275677314
Meta_48;256901;3531595.9014666663;0.38888888888888884;239184;3236978.1275000004;0.35677770322793373;0;0.0
Meta_49;256901;3531595.9014666663;0.4444444444444444;239184;3236978.1275000004;0.35677770322793373;0;0.0
Meta_50;256901;3531595.9014666663;0.5;239184;3236978.1275000004;0.35677770322793373;0;0.0
Meta_37;256901;2648696.9261;0.3333333333333333;233418;2646961.0646999995;0.3374786840138336;3600;0.11258693294488437
Meta_38;256901;2648696.9261;0.38888888888888884;234934;2648707.791100001;0.38888835407990074;3600;3.308626054923394E-5
Meta_41;256901;3531595.9014666663;0.0;230099;3005399.7705000006;0.31904221450553777;3600;0.11381600601549505
Meta_42;256901;3531595.9014666663;0.05555555555555555;229438;2958340.7981000002;0.31998809661642924;3600;0.12708960249479154
Meta_43;256901;3531595.9014666663;0.1111111111111111;231781;2895888.5909000007;0.3290162163848416;3600;0.15385027845170351
Meta_44;256901;3531595.9014666663;0.16666666666666666;229688;2977125.6773999985;0.3216291668703553;3600;0.1662941782909308
Meta_46;256901;3531595.9014666663;0.2777777777777778;227846;2892033.2564;0.3173594396751226;3600;0.32944017586006763
Meta_58;256901;4414494.876833333;0.38888888888888884;239184;3236978.1275000004;0.35677770322793373;1;0.0
Meta_59;256901;4414494.876833333;0.4444444444444444;239184;3236978.1275000004;0.35677770322793373;1;0.0
Meta_60;256901;4414494.876833333;0.5;239184;3236978.1275000004;0.35677770322793373;0;0.0
Meta_45;256901;3531595.9014666663;0.2222222222222222;231693;2879549.502599999;0.32389631127517926;3616;0.19146841568732184
Meta_47;256901;3531595.9014666663;0.3333333333333333;234619;3180175.301000001;0.33339846689645797;3600;0.160433143962792
Meta_51;256901;4414494.876833333;0.0;227290;2758021.2017999995;0.31126545769204184;3606;0.11706678686219506
Meta_52;256901;4414494.876833333;0.05555555555555555;229449;2868355.5621;0.31605469503101696;3600;0.11244480878230236
Meta_54;256901;4414494.876833333;0.16666666666666666;229658;2935453.5509000006;0.3177412813694256;3600;0.15024165996759176
Meta_55;256901;4414494.876833333;0.2222222222222222;230977;2871002.7035;0.3205794925538933;3600;0.18565168064130708
Meta_56;256901;4414494.876833333;0.2777777777777778;232826;3094219.5106;0.32817830722183355;3600;0.3059264322364307
Meta_57;256901;4414494.876833333;0.3333333333333333;234488;3154055.0313000004;0.33359141050547414;3600;0.16734521888300424
Meta_68;256901;5297393.8522;0.38888888888888884;239184;3236978.1275000004;0.35677770322793373;0;0.0
Meta_70;256901;5297393.8522;0.5;239184;3236978.1275000004;0.35677770322793373;0;0.0
Meta_69;256901;5297393.8522;0.4444444444444444;239184;3236978.1275000004;0.35677770322793373;0;0.0
Meta_53;256901;4414494.876833333;0.1111111111111111;227672;2759966.4710999983;0.3114283273396343;3627;0.1343201247235844
Meta_61;256901;5297393.8522;0.0;230242;3028839.8204999985;0.31969622244143153;3600;0.11462632683404227
Meta_62;256901;5297393.8522;0.05555555555555555;228950;2856663.7129999995;0.3139837336781726;3600;0.11045736367457921
Meta_63;256901;5297393.8522;0.1111111111111111;226815;2829549.7669;0.3085983640169186;3600;0.13378721747956226
Meta_64;256901;5297393.8522;0.16666666666666666;233498;3123935.2135000005;0.3335869812580757;3600;0.16898883150129496
Meta_65;256901;5297393.8522;0.2222222222222222;231229;3013796.180499999;0.3213088406113988;3600;0.18547172588471023
Meta_78;256901;6180292.827566666;0.38888888888888884;239184;3236978.1275000004;0.35677770322793373;0;0.0
Meta_79;256901;6180292.827566666;0.4444444444444444;239184;3236978.1275000004;0.35677770322793373;1;0.0
Meta_80;256901;6180292.827566666;0.5;239184;3236978.1275000004;0.35677770322793373;0;0.0
Meta_66;256901;5297393.8522;0.2777777777777778;228820;2830662.4089000006;0.3133921009319077;3600;0.29044242683521454
Meta_67;256901;5297393.8522;0.3333333333333333;234532;3103036.0616000015;0.3333646934218213;3600;0.16205497490638038
Meta_71;256901;6180292.827566666;0.0;229569;2922882.0322999996;0.3180212451594887;3600;0.11601338401191023
Meta_72;256901;6180292.827566666;0.05555555555555555;230086;2858354.6241;0.31756649428078493;3600;0.11077582292078929
Meta_74;256901;6180292.827566666;0.16666666666666666;231261;2955604.7369999997;0.32823735229019146;3600;0.17419991547710342
Meta_75;256901;6180292.827566666;0.2222222222222222;231108;3014070.0970000015;0.3222942694431289;3600;0.1922372750580963
Meta_76;256901;6180292.827566666;0.2777777777777778;229177;2904471.920499999;0.31605612576101605;3600;0.2995545773916556
Meta_88;256901;7063191.8029333325;0.38888888888888884;239184;3236978.1275000004;0.35677770322793373;1;0.0
Meta_89;256901;7063191.8029333325;0.4444444444444444;239184;3236978.1275000004;0.35677770322793373;0;0.0
Meta_90;256901;7063191.8029333325;0.5;239184;3236978.1275000004;0.35677770322793373;0;0.0
Meta_73;256901;6180292.827566666;0.1111111111111111;227298;2844284.1668999996;0.3119651512068713;3626;0.14076202220003053
Meta_77;256901;6180292.827566666;0.3333333333333333;234262;3109726.4875999996;0.333353756509057;3600;0.17287521729642902
Meta_81;256901;7063191.8029333325;0.0;228937;2875840.8307000017;0.3169927779197653;3600;0.11930573959756602
Meta_82;256901;7063191.8029333325;0.05555555555555555;230155;2860344.1118000005;0.3178518775470988;3600;0.11105471488909946
Meta_84;256901;7063191.8029333325;0.16666666666666666;233370;3028631.4136000015;0.33377702685869265;3600;0.17141138911432532
Meta_83;256901;7063191.8029333325;0.1111111111111111;228080;2856598.5990999998;0.31607860054084613;3618;0.14711082795329336
Meta_86;256901;7063191.8029333325;0.2777777777777778;228579;2912356.0263999985;0.3136075663617935;3600;0.29603644483139924
Meta_85;256901;7063191.8029333325;0.2222222222222222;231436;2914087.6045;0.3268168124058356;3613;0.20957666910878403
Meta_87;256901;7063191.8029333325;0.3333333333333333;234383;3002995.535900001;0.33418144319083676;3600;0.17871536345818195
Meta_98;256901;7946090.778299999;0.38888888888888884;239184;3509032.8952000006;0.35677770322793373;0;0.0
Meta_99;256901;7946090.778299999;0.4444444444444444;239184;3509032.8952000006;0.35677770322793373;0;0.0
Meta_100;256901;7946090.778299999;0.5;239184;3509032.8952000006;0.35677770322793373;0;0.0
Meta_91;256901;7946090.778299999;0.0;233716;3361246.1920000003;0.3326266002491299;3600;0.1327666623849878
Meta_93;256901;7946090.778299999;0.1111111111111111;230006;3106800.0793999997;0.31786611848686175;3600;0.1296073112706902
Meta_92;256901;7946090.778299999;0.05555555555555555;235288;3351352.102700001;0.3381903481276903;3616;0.13924526414935723
Meta_94;256901;7946090.778299999;0.16666666666666666;230641;3208722.0200000005;0.3230775932687373;3600;0.15855810507596055
Meta_95;256901;7946090.778299999;0.2222222222222222;222531;2829508.864199999;0.29694096721189084;3600;0.2006566043475863
Meta_97;256901;7946090.778299999;0.3333333333333333;233792;3210162.7824000013;0.333427988537464;3600;0.230571224054969
Meta_109;245732;0.0;0.4444444444444444;234109;2600184.0982000004;0.41179713309712423;0;0.0
Meta_110;245732;0.0;0.5;234109;2600184.0982000004;0.41179713309712423;0;0.0
Meta_96;256901;7946090.778299999;0.2777777777777778;229014;2988147.772300002;0.32015187663099887;3612;0.32439365650979973
Meta_102;245732;0.0;0.05555555555555555;216123;1952746.6496000001;0.2931302309921307;3600;0.09292172120968854
Meta_103;245732;0.0;0.1111111111111111;216602;1997475.3553;0.2912843543202654;3600;0.09505405852862396
Meta_101;245732;0.0;0.0;215651;1944614.1127000002;0.2856635127484597;3603;0.07533560231159374
Meta_104;245732;0.0;0.16666666666666666;215731;1959823.2962999998;0.28881888351314317;3603;0.09809598821733323
Meta_105;245732;0.0;0.2222222222222222;213801;1862918.3518000012;0.29297753012827704;3600;0.2038845688655841
Meta_106;245732;0.0;0.2777777777777778;222666;2192736.1764000007;0.31383433882444944;3600;0.18710938389048073
Meta_107;245732;0.0;0.3333333333333333;232427;2601903.127399999;0.33914936122777106;3600;0.059017607217227326
Meta_119;245732;882898.9753666666;0.4444444444444444;234109;2600184.0982000004;0.41179713309712423;0;0.0
Meta_120;245732;882898.9753666666;0.5;234109;2600184.0982000004;0.41179713309712423;0;0.0
Meta_108;245732;0.0;0.38888888888888884;234802;2641099.980200001;0.3888708767962207;3600;1.2909967905334844E-4
Meta_111;245732;882898.9753666666;0.0;217057;1981481.6865999994;0.293553499275688;3600;0.10401411308725424
Meta_112;245732;882898.9753666666;0.05555555555555555;215867;1949635.3998000007;0.2857371332024144;3600;0.08880542094120264
Meta_113;245732;882898.9753666666;0.1111111111111111;217724;2015069.1440000003;0.29571827950309454;3600;0.11762209082092646
Meta_114;245732;882898.9753666666;0.16666666666666666;218983;2049256.9978000002;0.3000299337361455;3600;0.13643910785145263
Meta_115;245732;882898.9753666666;0.2222222222222222;214167;1871747.3473000012;0.2977267903616784;3600;0.2569407741004464
Meta_116;245732;882898.9753666666;0.2777777777777778;227419;2334015.1548000015;0.3511917125953984;3600;0.35785318593762405
Meta_117;245732;882898.9753666666;0.3333333333333333;232351;2575912.4080999997;0.34427863505294265;3600;0.10720404842785879
Meta_129;245732;1765797.9507333331;0.4444444444444444;234109;2600184.0982000004;0.41179713309712423;1;0.0
Meta_130;245732;1765797.9507333331;0.5;234109;2600184.0982000004;0.41179713309712423;0;0.0
Meta_118;245732;882898.9753666666;0.38888888888888884;234798;2640869.465000001;0.3888881216125718;3600;7.361669918734457E-5
Meta_121;245732;1765797.9507333331;0.0;216718;1986798.0776999998;0.2919198647834543;3600;0.1240247964332333
Meta_122;245732;1765797.9507333331;0.05555555555555555;217476;1999951.9480999995;0.29440756448499567;3600;0.129211649941804
Meta_123;245732;1765797.9507333331;0.1111111111111111;218257;2026748.4391999983;0.29951759672094996;3600;0.15288072779481682
Meta_124;245732;1765797.9507333331;0.16666666666666666;211764;1794793.8410999998;0.28374250927262307;3600;0.14021748176523688
Meta_126;245732;1765797.9507333331;0.2777777777777778;228038;2368846.0699999984;0.34595087932238733;3600;0.44265940945189075
Meta_125;245732;1765797.9507333331;0.2222222222222222;217393;1997723.134499999;0.3006799319846081;3600;0.3144490674637431
Meta_127;245732;1765797.9507333331;0.3333333333333333;225420;2302418.3141999994;0.3333890503765993;3600;0.11354168507342004
Meta_139;245732;2648696.9261;0.4444444444444444;234940;2648707.8325000005;0.3988571679691993;1;0.0
Meta_140;245732;2648696.9261;0.5;234940;2648707.8325000005;0.3988571679691993;0;0.0
Meta_128;245732;1765797.9507333331;0.38888888888888884;234805;2641267.984800001;0.3888898955210143;3600;6.519795630529646E-5
Meta_132;245732;2648696.9261;0.05555555555555555;227512;2597444.2142;0.31064210035452244;3600;0.14652532098650348
Meta_131;245732;2648696.9261;0.0;224284;2479061.1617;0.3047466871162637;3607;0.15998134620159335
Meta_133;245732;2648696.9261;0.1111111111111111;228835;2648674.9619;0.3230176243143165;3612;0.19355932276714888
Meta_134;245732;2648696.9261;0.16666666666666666;231686;2641555.2691999995;0.3310311171969086;3600;0.2162785618502315
Meta_136;245732;2648696.9261;0.2777777777777778;230145;2586084.1219000015;0.3245768773622302;3600;0.4751239466987585
Meta_137;245732;2648696.9261;0.3333333333333333;233933;2657731.9011000004;0.3464480769326238;3600;0.33925502517446554
Meta_138;245732;2648696.9261;0.38888888888888884;234934;2648708.2403000006;0.3888883619495258;3600;4.708641555932659E-5
Meta_148;245732;3531595.9014666663;0.38888888888888884;239184;3236978.1275000004;0.35677770322793373;0;0.0
Meta_149;245732;3531595.9014666663;0.4444444444444444;239184;3236978.1275000004;0.35677770322793373;0;0.0
Meta_150;245732;3531595.9014666663;0.5;239184;3236978.1275000004;0.35677770322793373;0;0.0
Meta_141;245732;3531595.9014666663;0.0;230027;2920297.7977;0.32039712969431616;3600;0.13908818657225622
Meta_142;245732;3531595.9014666663;0.05555555555555555;228304;2917376.8646999993;0.3161270039673547;3600;0.14654562894652476
Meta_135;245732;2648696.9261;0.2222222222222222;221731;2319114.5463999994;0.3014912244219218;3620;0.2930168040030538
Meta_144;245732;3531595.9014666663;0.16666666666666666;233020;2996981.5739;0.33255330460925037;3600;0.20497547100585864
Meta_143;245732;3531595.9014666663;0.1111111111111111;231525;2908253.149200001;0.3267505839971559;3615;0.17428578910304768
Meta_145;245732;3531595.9014666663;0.2222222222222222;231366;2990976.081099999;0.32556626717636344;3600;0.25701882918321195
Meta_158;245732;4414494.876833333;0.38888888888888884;239184;3236978.1275000004;0.35677770322793373;0;0.0
Meta_159;245732;4414494.876833333;0.4444444444444444;239184;3236978.1275000004;0.35677770322793373;0;0.0
Meta_160;245732;4414494.876833333;0.5;239184;3236978.1275000004;0.35677770322793373;1;0.0
Meta_146;245732;3531595.9014666663;0.2777777777777778;230624;2902070.483300001;0.33232590899914644;3600;0.4802958012349885
Meta_147;245732;3531595.9014666663;0.3333333333333333;234029;3159614.1446000007;0.3333867741418364;3600;0.43150424112555474
Meta_151;245732;4414494.876833333;0.0;228960;2800023.2322;0.3145830375316131;3600;0.1285154778922044
Meta_152;245732;4414494.876833333;0.05555555555555555;228881;2940906.1886999994;0.317634846161555;3600;0.1454553504809158
Meta_153;245732;4414494.876833333;0.1111111111111111;231971;3053717.1383;0.3296804740954895;3600;0.18145773935676157
Meta_154;245732;4414494.876833333;0.16666666666666666;231882;2926025.613299999;0.32813213164606614;3600;0.19970115423040566
Meta_155;245732;4414494.876833333;0.2222222222222222;234136;3011591.6869000015;0.3349682822821435;3600;0.26417364460446974
Meta_168;245732;5297393.8522;0.38888888888888884;239184;3236978.1275000004;0.35677770322793373;0;0.0
Meta_169;245732;5297393.8522;0.4444444444444444;239184;3236978.1275000004;0.35677770322793373;1;0.0
Meta_170;245732;5297393.8522;0.5;239184;3236978.1275000004;0.35677770322793373;0;0.0
Meta_156;245732;4414494.876833333;0.2777777777777778;229532;2941764.1768000014;0.3175385680283525;3600;0.420654067857219
Meta_157;245732;4414494.876833333;0.3333333333333333;234526;3163824.0930000027;0.3334594455272274;3600;0.3293685492491204
Meta_161;245732;5297393.8522;0.0;230205;2911131.4233999993;0.3195211308715014;3600;0.1331803481762706
Meta_162;245732;5297393.8522;0.05555555555555555;230278;2986607.018100002;0.3209076870222408;3607;0.1413191670148887
Meta_163;245732;5297393.8522;0.1111111111111111;231817;2920634.6453000004;0.326772392763756;3600;0.17061026903248394
Meta_164;245732;5297393.8522;0.16666666666666666;230515;2879940.0071;0.3232952180396548;3600;0.1959690092260855
Meta_165;245732;5297393.8522;0.2222222222222222;231120;2951452.3016000004;0.3208961725531093;3600;0.2340052354060668
Meta_178;245732;6180292.827566666;0.38888888888888884;239184;3236978.1275000004;0.35677770322793373;0;0.0
Meta_166;245732;5297393.8522;0.2777777777777778;232402;2936085.460000001;0.32697877031035716;3600;0.42577907219045596
Meta_179;245732;6180292.827566666;0.4444444444444444;239184;3236978.1275000004;0.35677770322793373;0;0.0
Meta_180;245732;6180292.827566666;0.5;239184;3236978.1275000004;0.35677770322793373;0;0.0
Meta_167;245732;5297393.8522;0.3333333333333333;233989;3112124.872;0.3333454395685127;3600;0.43490521665030574
Meta_171;245732;6180292.827566666;0.0;228496;2884526.4743;0.31490697855841776;3609;0.13578622194369805
Meta_172;245732;6180292.827566666;0.05555555555555555;230638;3010257.9417999997;0.3210575797916354;3610;0.13730725855666656
Meta_173;245732;6180292.827566666;0.1111111111111111;232832;2973080.2067;0.33002204512228045;3600;0.17168893844454425
Meta_174;245732;6180292.827566666;0.16666666666666666;229056;2850140.4322999995;0.31530681685452344;3617;0.17855943125294096
Meta_175;245732;6180292.827566666;0.2222222222222222;231853;3011735.3800000004;0.32366349897105795;3600;0.23728706779386488
Meta_188;245732;7063191.8029333325;0.38888888888888884;239184;3236978.1275000004;0.35677770322793373;1;0.0
Meta_189;245732;7063191.8029333325;0.4444444444444444;239184;3236978.1275000004;0.35677770322793373;0;0.0
Meta_190;245732;7063191.8029333325;0.5;239184;3236978.1275000004;0.35677770322793373;1;0.0
Meta_176;245732;6180292.827566666;0.2777777777777778;228899;2806443.568499999;0.31337975799308543;3600;0.405650816087061
Meta_177;245732;6180292.827566666;0.3333333333333333;233819;3147651.0467999997;0.33334653531254155;3600;0.4431134958977508
Meta_181;245732;7063191.8029333325;0.0;228969;2930052.4564000014;0.3157412884607735;3600;0.133209832480333
Meta_182;245732;7063191.8029333325;0.05555555555555555;230226;3002646.975800002;0.32046094106321354;3600;0.14009306569067811
Meta_183;245732;7063191.8029333325;0.1111111111111111;231152;2884210.542400001;0.32386385176346877;3600;0.1664083091942717
Meta_184;245732;7063191.8029333325;0.16666666666666666;229534;2821585.6108;0.320049361119027;3600;0.19469890672063642
Meta_186;245732;7063191.8029333325;0.2777777777777778;234307;3091176.412799999;0.3372050478464147;3600;0.45597760244136687
Meta_198;245732;7946090.778299999;0.38888888888888884;239184;3509032.8952000006;0.35677770322793373;0;0.0
Meta_199;245732;7946090.778299999;0.4444444444444444;239184;3509032.8952000006;0.35677770322793373;0;0.0
Meta_200;245732;7946090.778299999;0.5;239184;3509032.8952000006;0.35677770322793373;0;0.0
Meta_185;245732;7063191.8029333325;0.2222222222222222;233811;3006002.2154000006;0.33381734340081276;3619;0.26296185875710704
Meta_187;245732;7063191.8029333325;0.3333333333333333;233903;3112561.5993999992;0.3333508050383648;3600;0.4388131037257875
Meta_191;245732;7946090.778299999;0.0;231023;3236073.1516000014;0.32357678763549297;3600;0.14986435225530192
Meta_193;245732;7946090.778299999;0.1111111111111111;232821;3303563.9693;0.331945010863662;3600;0.17841773265128372
Meta_192;245732;7946090.778299999;0.05555555555555555;227534;3045125.5674;0.3122032654123454;3609;0.15071120765715862
Meta_194;245732;7946090.778299999;0.16666666666666666;227190;3042786.0864;0.31055626176218404;3600;0.1816847764652511
Meta_195;245732;7946090.778299999;0.2222222222222222;231096;3205188.418800001;0.32256592011824825;3600;0.24538389103764155
Meta_196;245732;7946090.778299999;0.2777777777777778;228981;3096935.5542000006;0.3223688521997731;3611;0.46007386913415327
Meta_209;234564;0.0;0.4444444444444444;234109;2600184.0982000004;0.41179713309712423;0;0.0
Meta_210;234564;0.0;0.5;234109;2600184.0982000004;0.41179713309712423;0;0.0
Meta_197;245732;7946090.778299999;0.3333333333333333;234118;3297026.429499999;0.33345849150181833;3600;0.4312399792559361
Meta_201;234564;0.0;0.0;215275;1940852.6175000006;0.2832257359674027;3607;0.08036165051757584
Meta_202;234564;0.0;0.05555555555555555;215568;1933703.2037999996;0.28897832136809765;3600;0.09411209063954125
Meta_203;234564;0.0;0.1111111111111111;217283;2000208.3379999998;0.29396452944130635;3600;0.10852958727342124
Meta_204;234564;0.0;0.16666666666666666;215913;1958185.3148;0.28796729747474986;3600;0.10638985431869781
Meta_206;234564;0.0;0.2777777777777778;225337;2298945.080000001;0.31717279787274216;3600;0.22410077175583945
Meta_208;234564;0.0;0.38888888888888884;234543;2626546.5938000004;0.38888833657988847;3600;4.612309656180029E-4
Meta_207;234564;0.0;0.3333333333333333;231528;2576326.5793000013;0.3333383632583645;3600;0.042153783212474094
Meta_219;234564;882898.9753666666;0.4444444444444444;234109;2600184.0982000004;0.41179713309712423;1;0.0
Meta_220;234564;882898.9753666666;0.5;234109;2600184.0982000004;0.41179713309712423;0;0.0
Meta_205;234564;0.0;0.2222222222222222;212404;1813625.1059999992;0.2864945976022942;3614;0.22101143479422028
Meta_211;234564;882898.9753666666;0.0;217752;2005274.1829000006;0.2962305481915914;3600;0.12411376630278581
Meta_212;234564;882898.9753666666;0.05555555555555555;217635;2000147.1818999995;0.29881496402026403;3600;0.13542284107831767
Meta_213;234564;882898.9753666666;0.1111111111111111;219388;2060728.9246999994;0.30329848132599685;3600;0.15162926476426636
Meta_214;234564;882898.9753666666;0.16666666666666666;217772;2013341.3435999986;0.29905765715278415;3600;0.16238505445161147
Meta_215;234564;882898.9753666666;0.2222222222222222;213794;1861047.5409000001;0.29395694156313756;3600;0.2948554621228892
Meta_216;234564;882898.9753666666;0.2777777777777778;221250;2100583.7881000005;0.32896102695222756;3600;0.36488380715196894
Meta_217;234564;882898.9753666666;0.3333333333333333;224491;2253640.2909999997;0.3343832175627758;3600;0.11040919405088642
Meta_229;234564;1765797.9507333331;0.4444444444444444;234109;2600184.0982000004;0.41179713309712423;0;0.0
Meta_218;234564;882898.9753666666;0.38888888888888884;234564;2627653.5747000007;0.388884601377899;3600;4.2185774975708274E-4
Meta_230;234564;1765797.9507333331;0.5;234109;2600184.0982000004;0.41179713309712423;0;0.0
Meta_221;234564;1765797.9507333331;0.0;217582;1992172.6030999993;0.2982129148602751;3600;0.15979912423936551
Meta_222;234564;1765797.9507333331;0.05555555555555555;217688;1993974.6819999996;0.2994128112507301;3600;0.16755964389562467
Meta_223;234564;1765797.9507333331;0.1111111111111111;217291;1992817.4930000012;0.29616743492757314;3600;0.17214865180944833
Meta_224;234564;1765797.9507333331;0.16666666666666666;218067;2012797.595099999;0.3002082680377541;3600;0.20961931143595466
Meta_226;234564;1765797.9507333331;0.2777777777777778;227304;2338073.673199999;0.3481707307819194;3600;0.5803752468135213
Meta_225;234564;1765797.9507333331;0.2222222222222222;211236;1768791.7921999993;0.28550230092284257;3600;0.36104140181638994
Meta_238;234564;2648696.9261;0.38888888888888884;234564;2647816.8099000007;0.3883428825133392;10;0.0
Meta_239;234564;2648696.9261;0.4444444444444444;234564;2648693.0425000004;0.3916163527502159;1;0.0
Meta_240;234564;2648696.9261;0.5;234564;2648693.0425000004;0.3916163527502159;0;0.0
Meta_227;234564;1765797.9507333331;0.3333333333333333;229968;2475388.3584000017;0.3337272562877172;3600;0.11431751506911424
Meta_228;234564;1765797.9507333331;0.38888888888888884;234564;2627656.7050000005;0.3888887450395826;3600;8.697870857992811E-4
Meta_232;234564;2648696.9261;0.05555555555555555;228864;2641774.1236000005;0.321912600487268;3600;0.20940609898793777
Meta_233;234564;2648696.9261;0.1111111111111111;228837;2599503.8814999997;0.3228042347924955;3600;0.2327120573457783
Meta_231;234564;2648696.9261;0.0;227971;2647440.5144;0.3132934807882187;3606;0.17700014681779563
Meta_234;234564;2648696.9261;0.16666666666666666;230910;2648683.022899999;0.32782370104081643;3600;0.265765187231425
Meta_235;234564;2648696.9261;0.2222222222222222;220941;2403641.7875000006;0.29540360336328986;3602;0.3680993749265654
Meta_248;234564;3531595.9014666663;0.38888888888888884;234564;2930738.2211000007;0.3886545205418028;0;0.0
Meta_236;234564;2648696.9261;0.2777777777777778;227434;2604382.614399999;0.32369165933011806;3600;0.7794038491421922
Meta_249;234564;3531595.9014666663;0.4444444444444444;234564;2930738.2211000007;0.3886545205418028;0;0.0
Meta_250;234564;3531595.9014666663;0.5;234564;2930738.2211000007;0.3886545205418028;0;0.0
Meta_237;234564;2648696.9261;0.3333333333333333;233685;2648697.172399999;0.3422766169350339;3600;1.0
Meta_241;234564;3531595.9014666663;0.0;231165;2921788.8248999994;0.3234807553036322;3600;0.16449344015143932
Meta_242;234564;3531595.9014666663;0.05555555555555555;228849;2768439.1726000006;0.3160875930697735;3608;0.16745734019463626
Meta_243;234564;3531595.9014666663;0.1111111111111111;228296;2786442.7069;0.31704897623129324;3600;0.21246883317370932
Meta_245;234564;3531595.9014666663;0.2222222222222222;232211;3024654.2213;0.3296157105745018;3600;0.3563585542768213
Meta_244;234564;3531595.9014666663;0.16666666666666666;234380;3063045.033399998;0.3366011282605542;3606;0.2573920150728508
Meta_246;234564;3531595.9014666663;0.2777777777777778;230091;2858231.843500001;0.3242867001712569;3600;0.6839533212187028
Meta_247;234564;3531595.9014666663;0.3333333333333333;234627;3121173.2500999994;0.3416423419174942;3600;1.0
Meta_259;234564;4414494.876833333;0.4444444444444444;234564;2930738.2211000007;0.3886545205418028;0;0.0
Meta_258;234564;4414494.876833333;0.38888888888888884;234564;2930738.2211000007;0.3886545205418028;0;0.0
Meta_260;234564;4414494.876833333;0.5;234564;2930738.2211000007;0.3886545205418028;0;0.0
Meta_251;234564;4414494.876833333;0.0;228850;2895985.7699;0.31482908586150604;3600;0.15678842761208822
Meta_252;234564;4414494.876833333;0.05555555555555555;226756;2845143.974600001;0.31155970219632995;3601;0.17688884998962848
Meta_253;234564;4414494.876833333;0.1111111111111111;231251;2900030.9474;0.3216576896961731;3600;0.18966904830726786
Meta_254;234564;4414494.876833333;0.16666666666666666;234479;3127694.782099998;0.33668858890062386;3600;0.2563198484166799
Meta_255;234564;4414494.876833333;0.2222222222222222;231300;2886717.9032;0.3240750732839874;3600;0.3371997608661962
Meta_268;234564;5297393.8522;0.38888888888888884;234564;2930738.2211000007;0.3886545205418028;0;0.0
Meta_269;234564;5297393.8522;0.4444444444444444;234564;2930738.2211000007;0.3886545205418028;0;0.0
Meta_270;234564;5297393.8522;0.5;234564;2930738.2211000007;0.3886545205418028;0;0.0
Meta_256;234564;4414494.876833333;0.2777777777777778;230009;2865068.5009000017;0.3239851526187022;3600;0.6836422876490333
Meta_257;234564;4414494.876833333;0.3333333333333333;234575;3039517.1414;0.3406351676549654;3600;1.0
Meta_263;234564;5297393.8522;0.1111111111111111;230951;3040651.951799997;0.3214776886083579;3600;0.19360246426216832
Meta_262;234564;5297393.8522;0.05555555555555555;227478;2778168.1197;0.31309159656970514;3603;0.17347318050223123
Meta_261;234564;5297393.8522;0.0;228319;2927989.3775000004;0.3142888775784285;3609;0.16204373856744506
Meta_265;234564;5297393.8522;0.2222222222222222;232623;3044962.1093000015;0.33068995636912013;3600;0.3554265205844052
Meta_264;234564;5297393.8522;0.16666666666666666;233039;3102207.1275999984;0.33247800656198984;3626;0.2560650656791418
Meta_266;234564;5297393.8522;0.2777777777777778;230062;2868312.3594000014;0.32428703945783444;3600;0.6844583185375022
Meta_278;234564;6180292.827566666;0.38888888888888884;234564;2930738.2211000007;0.3886545205418028;0;0.0
Meta_279;234564;6180292.827566666;0.4444444444444444;234564;2930738.2211000007;0.3886545205418028;0;0.0
Meta_280;234564;6180292.827566666;0.5;234564;2930738.2211000007;0.3886545205418028;0;0.0
Meta_267;234564;5297393.8522;0.3333333333333333;234575;3039517.1414;0.3406351676549654;3600;1.0
Meta_271;234564;6180292.827566666;0.0;228393;2932599.5927000013;0.31660138077544736;3600;0.1718751629912428
Meta_272;234564;6180292.827566666;0.05555555555555555;229859;2930384.1751000015;0.3202460506010638;3609;0.17269963119017936
Meta_273;234564;6180292.827566666;0.1111111111111111;230920;2883107.997499999;0.3256779806802865;3604;0.21587806740973547
Meta_274;234564;6180292.827566666;0.16666666666666666;227275;2841212.0946;0.30891567423928196;3600;0.22062984453431256
Meta_276;234564;6180292.827566666;0.2777777777777778;229933;2865238.520600001;0.3240604288452183;3600;0.6853488062727898
Meta_288;234564;7063191.8029333325;0.38888888888888884;234564;2930738.2211000007;0.3886545205418028;0;0.0
Meta_275;234564;6180292.827566666;0.2222222222222222;231811;2901931.9475;0.3277678289403541;3609;0.35193690842801817
Meta_289;234564;7063191.8029333325;0.4444444444444444;234564;2930738.2211000007;0.3886545205418028;0;0.0
Meta_290;234564;7063191.8029333325;0.5;234564;2930738.2211000007;0.3886545205418028;1;0.0
Meta_277;234564;6180292.827566666;0.3333333333333333;234575;3039517.1414;0.3406351676549654;3600;1.0
Meta_282;234564;7063191.8029333325;0.05555555555555555;229834;2972858.5849;0.31847023267769314;3607;0.1643503188371492
Meta_281;234564;7063191.8029333325;0.0;230030;2956844.5306999995;0.32132453125115273;3609;0.17059653522098578
Meta_283;234564;7063191.8029333325;0.1111111111111111;231030;2980355.2792999996;0.3259748974276928;3600;0.21574626925393348
Meta_284;234564;7063191.8029333325;0.16666666666666666;234021;3089871.1028999994;0.3337080024049219;3600;0.24649715511223824
Meta_285;234564;7063191.8029333325;0.2222222222222222;230977;2862795.870699999;0.3205796089150922;3600;0.3193211023534304
Meta_298;234564;7946090.778299999;0.38888888888888884;234564;3314106.2440000004;0.3798934521961715;0;0.0
Meta_299;234564;7946090.778299999;0.4444444444444444;234564;3314106.2440000004;0.3798934521961715;0;0.0
Meta_300;234564;7946090.778299999;0.5;234564;3314106.2440000004;0.3798934521961715;0;0.0
Meta_286;234564;7063191.8029333325;0.2777777777777778;229933;2865238.520600001;0.3240604288452183;3600;0.6853488062727898
Meta_287;234564;7063191.8029333325;0.3333333333333333;234575;3039517.1414;0.3406351676549654;3600;1.0
Meta_291;234564;7946090.778299999;0.0;229073;3030730.709200001;0.3175117863148404;3600;0.1783703269448331
Meta_292;234564;7946090.778299999;0.05555555555555555;232200;3273660.8595;0.3279480261998083;3600;0.18839269803716704
Meta_293;234564;7946090.778299999;0.1111111111111111;230846;3063303.2673;0.32614441934329097;3600;0.2170045384241883
Meta_294;234564;7946090.778299999;0.16666666666666666;233966;3329030.5762;0.33444505503656313;3605;0.24938204883645929
Meta_295;234564;7946090.778299999;0.2222222222222222;234038;3258941.8859000006;0.3344255101818309;3603;0.3543272665626983
Meta_296;234564;7946090.778299999;0.2777777777777778;227835;2917419.7103000027;0.3123400998806043;3600;0.6920568454115187
Meta_297;234564;7946090.778299999;0.3333333333333333;234518;3387819.593599999;0.34747249178288686;3600;1.0
Meta_310;223396;0.0;0.5;223396;2036907.0477000005;0.45499174132479636;0;0.0
Meta_302;223396;0.0;0.05555555555555555;218552;2062725.3453000009;0.2918673554606971;3600;0.10826832240600148
Meta_301;223396;0.0;0.0;215498;1938795.4008000006;0.2923962881326324;3619;0.11710155978902385
Meta_303;223396;0.0;0.1111111111111111;217181;2011263.6672999996;0.2904061546932221;3608;0.11517414799293614
Meta_304;223396;0.0;0.16666666666666666;216905;1983464.6158000003;0.2961361601295227;3600;0.14661955981650257
Meta_305;223396;0.0;0.2222222222222222;209853;1706547.3225999998;0.288843924921153;3614;0.2792057586394549
Meta_306;223396;0.0;0.2777777777777778;218724;2040810.828400001;0.29984252304420766;3619;0.17597609226906344
Meta_308;223396;0.0;0.38888888888888884;223036;2090693.5573000007;0.4002369067678432;3600;0.14224647501629922
Meta_307;223396;0.0;0.3333333333333333;222018;2072405.7982;0.3525611875758955;3600;0.18963568374329337
Meta_309;223396;0.0;0.4444444444444444;223396;2037567.0158000006;0.4444426908196903;3600;1.3570466249889372E-4
Meta_320;223396;882898.9753666666;0.5;223396;2036907.0477000005;0.45499174132479636;0;0.0
Meta_311;223396;882898.9753666666;0.0;218292;2033238.7855999994;0.29581259373509405;3600;0.14169226682662195
Meta_312;223396;882898.9753666666;0.05555555555555555;211252;1756440.3203;0.2927074308421213;3600;0.1604912436618362
Meta_313;223396;882898.9753666666;0.1111111111111111;215287;1931137.6794999999;0.2879365469036245;3600;0.14042170795249176
Meta_314;223396;882898.9753666666;0.16666666666666666;212109;1797608.2619999987;0.2927625005704621;3600;0.19391390492811728
Meta_315;223396;882898.9753666666;0.2222222222222222;214716;1884462.9518999988;0.2968559157870583;3612;0.3706907888536803
Meta_316;223396;882898.9753666666;0.2777777777777778;217469;2003016.7171;0.2949308091223767;3600;0.2392930408292076
Meta_317;223396;882898.9753666666;0.3333333333333333;222952;2146896.5278;0.3370234707884786;3600;0.13984097144584642
Meta_318;223396;882898.9753666666;0.38888888888888884;223315;2094462.4796000007;0.39561378749372533;3600;0.15851766195259837
Meta_319;223396;882898.9753666666;0.4444444444444444;223396;2037557.2776000004;0.4444454153133025;3600;6.0543098540671335E-6
Meta_330;223396;1765797.9507333331;0.5;223396;2036907.0477000005;0.45499174132479636;0;0.0
Meta_321;223396;1765797.9507333331;0.0;217443;2000927.1431;0.29727586415031054;3607;0.19201244022565864
Meta_322;223396;1765797.9507333331;0.05555555555555555;218155;2012159.4731000008;0.3010582350760609;3600;0.20717132860836976
Meta_323;223396;1765797.9507333331;0.1111111111111111;217411;1982586.3281000005;0.29892225856492866;3600;0.22021658469122857
Meta_324;223396;1765797.9507333331;0.16666666666666666;216378;1948544.1245999997;0.2973457259836694;3601;0.26010846351178557
Meta_326;223396;1765797.9507333331;0.2777777777777778;217965;2022415.4519;0.2929741877610531;3600;0.4618941566946126
Meta_327;223396;1765797.9507333331;0.3333333333333333;223354;2132184.7052;0.33772840722571645;3600;0.36257751026691887
Meta_325;223396;1765797.9507333331;0.2222222222222222;212734;1829201.6722000004;0.2848374082068636;3621;0.49143507327044206
Meta_328;223396;1765797.9507333331;0.38888888888888884;223395;2097581.4535000003;0.396015008485705;3600;0.45373309486853447
Meta_339;223396;2648696.9261;0.4444444444444444;223901;2465646.0146;0.4441825028327743;8;0.0
Meta_340;223396;2648696.9261;0.5;223396;2388361.463500001;0.4513667203838359;0;0.0
Meta_329;223396;1765797.9507333331;0.4444444444444444;223396;2037563.3722000006;0.44444404545188415;3600;3.129740573919457E-4
Meta_331;223396;2648696.9261;0.0;223165;2320860.2873000004;0.3032024591682485;3605;0.1871556469411283
Meta_332;223396;2648696.9261;0.05555555555555555;222234;2345773.6805;0.2988954175942979;3600;0.1863885702109253
Meta_337;223396;2648696.9261;0.3333333333333333;223407;2396969.8827;0.3328551284923591;212;0.0
Meta_338;223396;2648696.9261;0.38888888888888884;224284;2456759.4471;0.38827525618551195;992;0.0
Meta_333;223396;2648696.9261;0.1111111111111111;221087;2315403.6779000005;0.2997026686466805;3600;0.22293369583197586
Meta_334;223396;2648696.9261;0.16666666666666666;223396;2537059.7098999997;0.3039877792658459;3600;0.26940063562807537
Meta_335;223396;2648696.9261;0.2222222222222222;223382;2573377.980399999;0.3030230085122319;3600;0.3760473529043328
Meta_349;223396;3531595.9014666663;0.4444444444444444;224601;2591398.5936999996;0.43878170172951947;7;0.0
Meta_350;223396;3531595.9014666663;0.5;223396;2388361.463500001;0.4513667203838359;0;0.0
Meta_348;223396;3531595.9014666663;0.38888888888888884;223733;2656894.6336000008;0.38888910653429426;13;0.0
Meta_336;223396;2648696.9261;0.2777777777777778;223291;2432105.5851000003;0.31777956668387397;3600;1.0
Meta_341;223396;3531595.9014666663;0.0;223287;2700528.631600001;0.30193326838067636;3600;0.17692225127378372
Meta_342;223396;3531595.9014666663;0.05555555555555555;223250;2580300.1199000003;0.3011460387077983;3602;0.17968675463490946
Meta_343;223396;3531595.9014666663;0.1111111111111111;223396;2651191.2959000007;0.30412021474986406;3600;0.21656161685831776
Meta_344;223396;3531595.9014666663;0.16666666666666666;225504;2816565.255200002;0.30477554530627665;3600;0.2718842949288522
Meta_345;223396;3531595.9014666663;0.2222222222222222;222667;2652849.1738000005;0.3007057203896454;3603;0.3941224030370732
Meta_358;223396;4414494.876833333;0.38888888888888884;223733;2656894.6336000008;0.38888910653429426;11;0.0
Meta_359;223396;4414494.876833333;0.4444444444444444;223396;2546180.978;0.4440592528888808;8;0.0
Meta_360;223396;4414494.876833333;0.5;223396;2388361.463500001;0.4513667203838359;0;0.0
Meta_347;223396;3531595.9014666663;0.3333333333333333;224081;2788294.3561999993;0.3332076423956535;1283;0.0
Meta_346;223396;3531595.9014666663;0.2777777777777778;218077;2389504.7802999993;0.32591931053191686;3600;1.0
Meta_357;223396;4414494.876833333;0.3333333333333333;224783;2784351.4114;0.3333336502241066;1193;0.0
Meta_351;223396;4414494.876833333;0.0;223360;2654520.4902000013;0.30429277796679494;3600;0.18877020749446655
Meta_353;223396;4414494.876833333;0.1111111111111111;222172;2602195.502000001;0.30079838354099137;3600;0.2201626204122922
Meta_352;223396;4414494.876833333;0.05555555555555555;223144;2577558.2335000006;0.30216280773412785;3608;0.18725936979056262
Meta_354;223396;4414494.876833333;0.16666666666666666;221861;2597166.2515;0.2966394201638143;3600;0.25301966133845566
Meta_368;223396;5297393.8522;0.38888888888888884;223733;2656894.6336000008;0.38888910653429426;10;0.0
Meta_369;223396;5297393.8522;0.4444444444444444;223408;2432432.523000001;0.44399554489745646;9;0.0
Meta_356;223396;4414494.876833333;0.2777777777777778;220260;2479717.5627000006;0.3267592362662561;3600;1.0
Meta_355;223396;4414494.876833333;0.2222222222222222;223391;2672639.795700002;0.30561665595133086;3609;0.41582761322959405
Meta_370;223396;5297393.8522;0.5;223396;2388361.463500001;0.4513667203838359;0;0.0
Meta_361;223396;5297393.8522;0.0;223745;2604073.8312000013;0.30252200601429907;3600;0.1786645321278765
Meta_362;223396;5297393.8522;0.05555555555555555;223296;2621903.0367;0.3028706255811405;3610;0.18901109494416493
Meta_363;223396;5297393.8522;0.1111111111111111;223386;2688856.2505;0.307034464233138;3600;0.2346321584736971
Meta_367;223396;5297393.8522;0.3333333333333333;224783;2784351.4114;0.3333336502241066;1161;0.0
Meta_364;223396;5297393.8522;0.16666666666666666;221796;2620809.1417;0.2965983679860976;3607;0.254224011569509
Meta_378;223396;6180292.827566666;0.38888888888888884;223409;2716587.930499999;0.3888889676256784;112;0.0
Meta_379;223396;6180292.827566666;0.4444444444444444;223408;2432432.523000001;0.44399554489745646;7;0.0
Meta_380;223396;6180292.827566666;0.5;223396;2388361.463500001;0.4513667203838359;0;0.0
Meta_377;223396;6180292.827566666;0.3333333333333333;224783;2784351.4114;0.3333336502241066;1168;0.0
Meta_365;223396;5297393.8522;0.2222222222222222;223166;2723657.5107;0.3038871537707889;3600;0.4075241046013776
Meta_366;223396;5297393.8522;0.2777777777777778;223389;2666823.1336000008;0.31906982123099975;3600;1.0
Meta_371;223396;6180292.827566666;0.0;223348;2574534.5777000003;0.3041928788653419;3600;0.1884745477107872
Meta_372;223396;6180292.827566666;0.05555555555555555;223181;2568284.282600001;0.29808035811728767;3600;0.16403211218648706
Meta_373;223396;6180292.827566666;0.1111111111111111;223396;2696637.4241000004;0.304190827324815;3600;0.21785815004871373
Meta_374;223396;6180292.827566666;0.16666666666666666;222010;2618291.3725999994;0.2954258522289351;3600;0.2409107259162681
Meta_375;223396;6180292.827566666;0.2222222222222222;224441;2758544.130099999;0.30464907735619845;3600;0.407757268891267
Meta_389;223396;7063191.8029333325;0.4444444444444444;223397;2582722.753;0.44444002501999985;8;0.0
Meta_390;223396;7063191.8029333325;0.5;223396;2388361.463500001;0.4513667203838359;0;0.0
Meta_388;223396;7063191.8029333325;0.38888888888888884;223409;2716587.930499999;0.3888889676256784;103;0.0
Meta_376;223396;6180292.827566666;0.2777777777777778;223386;2583479.4317000005;0.3239659279381283;3600;1.0
Meta_387;223396;7063191.8029333325;0.3333333333333333;224783;2784351.4114;0.3333336502241066;1235;0.0
Meta_381;223396;7063191.8029333325;0.0;222213;2567562.2668999988;0.29804182113738975;3600;0.17501163125440822
Meta_382;223396;7063191.8029333325;0.05555555555555555;221954;2582372.7747;0.2952786815530109;3600;0.17084135768676156
Meta_383;223396;7063191.8029333325;0.1111111111111111;224522;2730165.677699999;0.30539663444291476;3600;0.2249615258888029
Meta_384;223396;7063191.8029333325;0.16666666666666666;222010;2618291.3725999994;0.2954258522289351;3627;0.2409107259162681
Meta_386;223396;7063191.8029333325;0.2777777777777778;223337;2681600.2364999996;0.32314582954845456;3600;1.0
Meta_399;223396;7946090.778299999;0.4444444444444444;223396;2806534.3246000004;0.4423454024562091;0;0.0
Meta_400;223396;7946090.778299999;0.5;223396;2806534.3246000004;0.4423454024562091;0;0.0
Meta_385;223396;7063191.8029333325;0.2222222222222222;223396;2656528.7399999998;0.3055150519307357;3608;0.41487057360584545
Meta_398;223396;7946090.778299999;0.38888888888888884;223547;2840033.8966000015;0.38707315208832105;111;0.0
Meta_391;223396;7946090.778299999;0.0;223340;2863090.8888000003;0.30447013758262986;3600;0.18683462498277598
Meta_392;223396;7946090.778299999;0.05555555555555555;223007;2902299.2822000007;0.29756224959914007;3600;0.16060017407717994
Meta_393;223396;7946090.778299999;0.1111111111111111;223396;2810912.9258000003;0.3035308650510423;3600;0.2086456033009636
Meta_394;223396;7946090.778299999;0.16666666666666666;223404;2816747.8043000023;0.3031583000931492;3600;0.25601181729944184
Meta_395;223396;7946090.778299999;0.2222222222222222;223190;2847883.2131000008;0.3045521833093131;3600;0.4122691402091809
Meta_396;223396;7946090.778299999;0.2777777777777778;222413;2827208.3187999995;0.35293130102235315;3600;1.0
Meta_397;223396;7946090.778299999;0.3333333333333333;222687;2750763.2409000006;0.3486440808819433;3600;1.0
Meta_410;212228;0.0;0.5;212228;1527025.3383;0.4916004572653588;0;1.5115834255176264E-16
Meta_401;212228;0.0;0.0;211880;1782543.9029;0.29032891440160336;3600;0.12689210870824782
Meta_402;212228;0.0;0.05555555555555555;212088;1802464.642199999;0.29200648738269436;3628;0.13720386348431526
Meta_403;212228;0.0;0.1111111111111111;211419;1770129.4671999994;0.2886495939516846;3600;0.13541981495031438
Meta_404;212228;0.0;0.16666666666666666;207831;1657464.8147000012;0.2772940180834349;3617;0.1289388253091958
Meta_405;212228;0.0;0.2222222222222222;212182;1810138.4639;0.2893758389345233;3600;0.3326536144723276
Meta_406;212228;0.0;0.2777777777777778;211463;1731133.3046999986;0.30109940947558944;3600;0.24065443241264697
Meta_407;212228;0.0;0.3333333333333333;212110;1657830.4733999996;0.33336521114518614;3610;0.04636464849652216
Meta_408;212228;0.0;0.38888888888888884;212228;1572542.8298999998;0.388891046876583;3600;0.009883968290983522
Meta_409;212228;0.0;0.4444444444444444;212228;1535781.4851000002;0.44444517780298504;3600;0.001645571048386241
Meta_420;212228;882898.9753666666;0.5;212228;1527025.3383;0.4916004572653588;1;0.0
Meta_411;212228;882898.9753666666;0.0;212074;1786082.8110999998;0.2888173481545625;3611;0.15100345717686442
Meta_412;212228;882898.9753666666;0.05555555555555555;212256;1819544.1432;0.2804441542158674;3620;0.12431151273670943
Meta_413;212228;882898.9753666666;0.1111111111111111;212138;1760060.8367999992;0.2974935947785085;3600;0.2012172855575561
Meta_414;212228;882898.9753666666;0.16666666666666666;212100;1788642.5761000002;0.29383337595321773;3600;0.2252213179721366
Meta_415;212228;882898.9753666666;0.2222222222222222;212075;1781264.4599000001;0.292798085899119;3600;0.47676752845572257
Meta_416;212228;882898.9753666666;0.2777777777777778;211419;1701738.957400001;0.30366306709867397;3609;0.4144404207890451
Meta_417;212228;882898.9753666666;0.3333333333333333;212226;1682110.1596000001;0.3390238231086968;3645;0.22677551705656374
Meta_428;212228;1765797.9507333331;0.38888888888888884;212228;1761268.0778999997;0.38881943884560405;99;0.0
Meta_429;212228;1765797.9507333331;0.4444444444444444;212228;1762340.5183000006;0.44379554770096563;7;0.0
Meta_430;212228;1765797.9507333331;0.5;212228;1765796.8736000007;0.4805370086905482;0;0.0
Meta_418;212228;882898.9753666666;0.38888888888888884;212228;1570842.0887;0.38888833552593965;3600;0.020969471203230935
Meta_419;212228;882898.9753666666;0.4444444444444444;212228;1535830.731900001;0.4444450131222919;3600;0.0040868070214340035
Meta_421;212228;1765797.9507333331;0.0;212073;1789225.8292000003;0.2896248517681185;3600;0.20897314297730768
Meta_422;212228;1765797.9507333331;0.05555555555555555;210915;1773193.8857999998;0.2799809021770742;3600;0.1788630709397515
Meta_424;212228;1765797.9507333331;0.16666666666666666;212280;1800505.8339999996;0.2897621038283957;3600;0.3111881020457493
Meta_423;212228;1765797.9507333331;0.1111111111111111;212159;1807187.0106000004;0.2918736962728477;3626;0.2620183803902552
Meta_425;212228;1765797.9507333331;0.2222222222222222;209931;1766485.8691999998;0.2851691405694727;3600;0.7239326278090672
Meta_438;212228;2648696.9261;0.38888888888888884;222756;2379491.6281999997;0.38828852628300786;160;0.0
Meta_439;212228;2648696.9261;0.4444444444444444;212229;1935807.6417999999;0.4433769545189548;9;0.0
Meta_440;212228;2648696.9261;0.5;212228;1916277.0048000005;0.4810054012256151;1;0.0
Meta_426;212228;1765797.9507333331;0.2777777777777778;211171;1770107.148600001;0.29750947713018244;3615;1.0
Meta_427;212228;1765797.9507333331;0.3333333333333333;212218;1765107.4708000002;0.33609154871702973;3612;1.0
Meta_431;212228;2648696.9261;0.0;215895;2128100.2086;0.2825240467727059;3605;0.16967295822879797
Meta_432;212228;2648696.9261;0.05555555555555555;212228;1984250.2430000005;0.28201739767386713;3604;0.17343902222137214
Meta_433;212228;2648696.9261;0.1111111111111111;215696;2095776.7462000004;0.28310255073878454;3600;0.2047273535090443
Meta_434;212228;2648696.9261;0.16666666666666666;211987;2141315.0393000008;0.27938496197682233;3609;0.24002473799977692
Meta_437;212228;2648696.9261;0.3333333333333333;212232;2054156.0412999997;0.3333206430362957;2684;0.0
Meta_448;212228;3531595.9014666663;0.38888888888888884;212747;2261389.8306000005;0.3888882677466024;112;0.0
Meta_449;212228;3531595.9014666663;0.4444444444444444;212524;1973751.6905000005;0.44323579778482936;11;0.0
Meta_450;212228;3531595.9014666663;0.5;212228;1916277.0048000005;0.4810054012256151;0;0.0
Meta_447;212228;3531595.9014666663;0.3333333333333333;212530;2332110.3607;0.33333284782434974;1242;0.0
Meta_435;212228;2648696.9261;0.2222222222222222;215671;2181198.3004;0.28573164157520486;3600;0.5744131090086361
Meta_436;212228;2648696.9261;0.2777777777777778;212269;2061492.1963;0.2832210261404588;3600;1.0
Meta_441;212228;3531595.9014666663;0.0;211367;2232932.883500001;0.27763442414115236;3609;0.15851826493337934
Meta_442;212228;3531595.9014666663;0.05555555555555555;212227;2135176.4898000006;0.2789724317676489;3615;0.15461142540371386
Meta_443;212228;3531595.9014666663;0.1111111111111111;211864;2209363.0686999997;0.27631070414988523;3600;0.16661683624579923
Meta_457;212228;4414494.876833333;0.3333333333333333;218933;2447571.2545000003;0.33322737797089613;765;0.0
Meta_444;212228;3531595.9014666663;0.16666666666666666;212150;2146005.6228000014;0.2737158984839873;3600;0.18442721199698306
Meta_459;212228;4414494.876833333;0.4444444444444444;212234;1940095.9350000003;0.44441622292835503;10;0.0
Meta_460;212228;4414494.876833333;0.5;212228;1916277.0048000005;0.4810054012256151;0;0.0
Meta_458;212228;4414494.876833333;0.38888888888888884;213211;2280252.357700001;0.38888891278913384;140;0.0
Meta_445;212228;3531595.9014666663;0.2222222222222222;212228;2104919.6341999997;0.27823511643140364;3600;0.5068636073737909
Meta_446;212228;3531595.9014666663;0.2777777777777778;212214;2168569.3243;0.2848820415672766;3600;1.0
Meta_451;212228;4414494.876833333;0.0;212186;2265262.2139000003;0.28174250964452907;3600;0.16597660933413758
Meta_452;212228;4414494.876833333;0.05555555555555555;214396;2294823.8513999996;0.28210860791265313;3601;0.17403203285015578
Meta_453;212228;4414494.876833333;0.1111111111111111;215868;2394230.1068000006;0.2837186146137526;3600;0.20872860620130956
Meta_454;212228;4414494.876833333;0.16666666666666666;215135;2402634.9290999994;0.28148725767430405;3601;0.25046319272870365
Meta_468;212228;5297393.8522;0.38888888888888884;212747;2261389.8306000005;0.3888882677466024;125;0.0
Meta_469;212228;5297393.8522;0.4444444444444444;212524;1973751.6905000005;0.44323579778482936;11;0.0
Meta_470;212228;5297393.8522;0.5;212228;1916277.0048000005;0.4810054012256151;1;0.0
Meta_455;212228;4414494.876833333;0.2222222222222222;212197;2219523.3174;0.2796094037863384;3600;0.5209847431058112
Meta_456;212228;4414494.876833333;0.2777777777777778;212509;2180930.2843000004;0.2813332271130993;3600;1.0
Meta_461;212228;5297393.8522;0.0;212228;2252899.9096999993;0.2811045656930854;3600;0.161321839863691
Meta_462;212228;5297393.8522;0.05555555555555555;212228;2212044.8463999988;0.27944265871096746;3607;0.15755480698527383
Meta_463;212228;5297393.8522;0.1111111111111111;212212;2263541.637500001;0.2786458375172307;3606;0.1745595839861195
Meta_464;212228;5297393.8522;0.16666666666666666;212228;2181850.3885000004;0.2788435367272437;3600;0.2282451173345901
Meta_465;212228;5297393.8522;0.2222222222222222;215236;2370348.8035999998;0.2830497577151766;3600;0.5501911077441995
Meta_478;212228;6180292.827566666;0.38888888888888884;212747;2261389.8306000005;0.3888882677466024;105;0.0
Meta_479;212228;6180292.827566666;0.4444444444444444;212228;2128262.8276;0.44438774609918064;67;0.0
Meta_480;212228;6180292.827566666;0.5;212228;1916277.0048000005;0.4810054012256151;0;0.0
Meta_477;212228;6180292.827566666;0.3333333333333333;212237;2165995.7048000004;0.33333280390305176;1989;0.0
Meta_466;212228;5297393.8522;0.2777777777777778;212937;2174418.3396000005;0.28146112322108574;3600;1.0
Meta_467;212228;5297393.8522;0.3333333333333333;212156;2245636.8176999995;0.3333824176690523;3600;1.0
Meta_471;212228;6180292.827566666;0.0;211614;2232696.3439000007;0.28040315005272076;3600;0.1697354989338388
Meta_472;212228;6180292.827566666;0.05555555555555555;212176;2181951.1729999995;0.28146877817458327;3600;0.17122788888016524
Meta_473;212228;6180292.827566666;0.1111111111111111;212212;2263541.637500001;0.2786458375172307;3600;0.1745629202428892
Meta_474;212228;6180292.827566666;0.16666666666666666;215975;2428542.0559999994;0.2831452971176476;3600;0.2638441544897836
Meta_488;212228;7063191.8029333325;0.38888888888888884;213063;2268644.3632000014;0.3844342298754105;104;0.0
Meta_475;212228;6180292.827566666;0.2222222222222222;215101;2360008.2257000008;0.28109992206543705;3600;0.5335136707036511
Meta_490;212228;7063191.8029333325;0.5;212228;1916277.0048000005;0.4810054012256151;0;0.0
Meta_476;212228;6180292.827566666;0.2777777777777778;212734;2223616.3962000003;0.2839564115707037;3600;1.0
Meta_489;212228;7063191.8029333325;0.4444444444444444;212697;2256813.9028000003;0.44159397149217194;37;0.0
Meta_487;212228;7063191.8029333325;0.3333333333333333;212228;2239592.3502;0.33240046012920754;2016;0.0
Meta_481;212228;7063191.8029333325;0.0;212227;2135498.1989;0.2806308147392912;3600;0.15850286887555118
Meta_482;212228;7063191.8029333325;0.05555555555555555;212010;2219935.2354;0.28183505945013104;3608;0.17694303117968777
Meta_483;212228;7063191.8029333325;0.1111111111111111;212205;2139405.569500001;0.2768390510595937;3600;0.16186064418885468
Meta_484;212228;7063191.8029333325;0.16666666666666666;212229;2233480.3221;0.27709693064637636;3600;0.2130831504698608
Meta_498;212228;7946090.778299999;0.38888888888888884;220525;2741599.2517999993;0.38888786500082695;80;0.0
Meta_499;212228;7946090.778299999;0.4444444444444444;212258;2328191.5423;0.44300198654853346;4;0.0
Meta_500;212228;7946090.778299999;0.5;212228;2315014.5181;0.4807893766820388;0;0.0
Meta_485;212228;7063191.8029333325;0.2222222222222222;212266;2255589.8967999993;0.2789712304572748;3613;0.513974502911908
Meta_486;212228;7063191.8029333325;0.2777777777777778;212227;2262512.527599999;0.28364588864514034;3600;1.0
Meta_492;212228;7946090.778299999;0.05555555555555555;212228;2298584.8751;0.27460133754269817;3600;0.12720871316415477
Meta_491;212228;7946090.778299999;0.0;212288;2381781.736900001;0.27469780889436374;3608;0.12269543833643026
Meta_493;212228;7946090.778299999;0.1111111111111111;211809;2283620.0013;0.2772673305020126;3600;0.17585931569447733
Meta_497;212228;7946090.778299999;0.3333333333333333;212756;2373420.682900001;0.3332765329817072;1345;0.0
Meta_494;212228;7946090.778299999;0.16666666666666666;212068;2362447.3589999997;0.2790409211176607;3608;0.23758111449160557
Meta_495;212228;7946090.778299999;0.2222222222222222;212230;2390013.068600001;0.27942675119767624;3600;0.51169186990953
Meta_496;212228;7946090.778299999;0.2777777777777778;212470;2343780.9096000004;0.3132471818416952;3606;1.0
Meta_510;201059;0.0;0.5;201059;1072145.7661;0.49784958224428494;1;0.0
Meta_501;201059;0.0;0.0;201059;1378746.393;0.27767618357521423;3600;0.11295794139692855
Meta_502;201059;0.0;0.05555555555555555;200995;1399037.9277;0.2674116544145961;3606;0.0794150266034346
Meta_503;201059;0.0;0.1111111111111111;201047;1408388.796400001;0.26676732006885745;3614;0.08519725074329373
Meta_505;201059;0.0;0.2222222222222222;200918;1372663.0912;0.27655786172927993;3600;0.18599796632135085
Meta_504;201059;0.0;0.16666666666666666;200945;1417924.2331;0.2707538517085089;3616;0.1251639398179533
Meta_506;201059;0.0;0.2777777777777778;201099;1291893.7787000004;0.29121638630035945;3606;0.18388785755272433
Meta_507;201059;0.0;0.3333333333333333;201059;1207979.9039000007;0.3333335930991828;3600;0.039005994691075976
Meta_508;201059;0.0;0.38888888888888884;201059;1135769.3908000006;0.3888852044920659;3600;0.019590536735646504
Meta_509;201059;0.0;0.4444444444444444;201059;1087137.5853999995;0.4444442199926481;3600;0.003629863086000873
Meta_520;201059;882898.9753666666;0.5;201059;1072145.7661;0.49784958224428494;0;0.0
Meta_511;201059;882898.9753666666;0.0;201059;1382463.4516;0.27375993719644925;3600;0.13079094428707347
Meta_512;201059;882898.9753666666;0.05555555555555555;201065;1398987.5088999998;0.2731057520771883;3600;0.13731340318576246
Meta_513;201059;882898.9753666666;0.1111111111111111;200900;1362482.4060000002;0.28380987889234705;3600;0.2034529269713965
Meta_514;201059;882898.9753666666;0.16666666666666666;201057;1382977.9329000001;0.27507423948683335;3607;0.1973318796124488
Meta_515;201059;882898.9753666666;0.2222222222222222;201016;1358889.9493999998;0.2847545889987095;3600;0.3697286978679935
Meta_516;201059;882898.9753666666;0.2777777777777778;201031;1355091.5798999995;0.2885856386567371;3600;0.4582415931143617
Meta_517;201059;882898.9753666666;0.3333333333333333;201082;1226368.0250000004;0.3333440655229589;3600;0.19102674466338346
Meta_518;201059;882898.9753666666;0.38888888888888884;201218;1169244.8997999998;0.38890301132064853;3600;0.19557446623953276
Meta_529;201059;1765797.9507333331;0.4444444444444444;207594;1744158.0352000007;0.4425449927977569;46;0.0
Meta_530;201059;1765797.9507333331;0.5;201059;1419570.0914000005;0.49811929488370427;0;0.0
Meta_528;201059;1765797.9507333331;0.38888888888888884;201059;1506427.5878;0.38888443563513253;163;0.0
Meta_527;201059;1765797.9507333331;0.3333333333333333;201723;1674906.2281999998;0.3333259955637487;257;0.0
Meta_519;201059;882898.9753666666;0.4444444444444444;201059;1086992.5128;0.44444493121268824;3600;0.019171428511442483
Meta_521;201059;1765797.9507333331;0.0;200959;1707333.2039000003;0.2773317654275347;3600;0.19029927391795834
Meta_522;201059;1765797.9507333331;0.05555555555555555;201119;1677031.7776000004;0.28307451275646167;3600;0.22971163988736884
Meta_523;201059;1765797.9507333331;0.1111111111111111;200965;1621920.5032;0.276047524378717;3614;0.2165468002261399
Meta_524;201059;1765797.9507333331;0.16666666666666666;202576;1654661.613499999;0.2728684554299095;3600;0.25555292670421753
Meta_537;201059;2648696.9261;0.3333333333333333;204702;1755449.3445000001;0.33284197282643047;160;0.0
Meta_539;201059;2648696.9261;0.4444444444444444;201148;1390158.7052999998;0.44344510839043744;56;0.0
Meta_540;201059;2648696.9261;0.5;201059;1419570.0914000005;0.49811929488370427;0;0.0
Meta_525;201059;1765797.9507333331;0.2222222222222222;201286;1601617.4127999991;0.2805602726256254;3600;0.5659318737404025
Meta_538;201059;2648696.9261;0.38888888888888884;209926;1976238.4006000008;0.38888920417031997;162;0.0
Meta_526;201059;1765797.9507333331;0.2777777777777778;200952;1620812.4147000008;0.286561580343735;3620;1.0
Meta_531;201059;2648696.9261;0.0;201023;1801818.4037;0.2701785603465271;3600;0.14403788646002855
Meta_532;201059;2648696.9261;0.05555555555555555;201392;1823333.798100001;0.27482797008960985;3600;0.17923363290664962
Meta_533;201059;2648696.9261;0.1111111111111111;207091;1814694.3930000004;0.27459824973433056;3600;0.2039528592329513
Meta_547;201059;3531595.9014666663;0.3333333333333333;204767;1957111.4552000002;0.33291350450452994;416;0.0
Meta_548;201059;3531595.9014666663;0.38888888888888884;206969;1961207.5101999997;0.38888864745211105;198;0.0
Meta_549;201059;3531595.9014666663;0.4444444444444444;210943;2113336.5914000007;0.4387520149822575;47;0.0
Meta_550;201059;3531595.9014666663;0.5;201059;1419570.0914000005;0.49811929488370427;0;0.0
Meta_534;201059;2648696.9261;0.16666666666666666;200888;1571563.6428;0.26985308425147286;3609;0.234142096544152
Meta_535;201059;2648696.9261;0.2222222222222222;208863;1831578.6076000005;0.2736073241450656;3600;0.4960931370341522
Meta_536;201059;2648696.9261;0.2777777777777778;201137;1709381.9707;0.28178349354453786;3600;1.0
Meta_541;201059;3531595.9014666663;0.0;201103;1738774.7598999995;0.27419978070679696;3600;0.16816540843584163
Meta_542;201059;3531595.9014666663;0.05555555555555555;201078;1794154.5065000004;0.27574974143508957;3600;0.1849607098983007
Meta_543;201059;3531595.9014666663;0.1111111111111111;200738;1786430.7903999998;0.27030994073959214;3600;0.18194788996939604
Meta_557;201059;4414494.876833333;0.3333333333333333;204767;1957111.4552000002;0.33291350450452994;419;0.0
Meta_558;201059;4414494.876833333;0.38888888888888884;224940;2706854.8701;0.388889050183967;20;0.0
Meta_559;201059;4414494.876833333;0.4444444444444444;205622;1978838.5297999997;0.44332384740948844;63;0.0
Meta_560;201059;4414494.876833333;0.5;201059;1419570.0914000005;0.49811929488370427;1;0.0
Meta_544;201059;3531595.9014666663;0.16666666666666666;201053;1781221.4563999996;0.2693729515647872;3600;0.22420346393973475
Meta_545;201059;3531595.9014666663;0.2222222222222222;201083;1803184.2153;0.2646015414323625;3600;0.3771510926049204
Meta_546;201059;3531595.9014666663;0.2777777777777778;201064;1759885.9908999994;0.2889529609826396;3600;1.0
Meta_551;201059;4414494.876833333;0.0;201081;1720276.1157999993;0.27622205363988117;3600;0.18030120564745558
Meta_552;201059;4414494.876833333;0.05555555555555555;201059;1866729.4876;0.2742894790084577;3600;0.1758871151501717
Meta_553;201059;4414494.876833333;0.1111111111111111;201059;1703965.9519999998;0.2654876900246038;3600;0.13679218726195314
Meta_567;201059;5297393.8522;0.3333333333333333;201059;1739418.6971000002;0.33294729775085746;251;0.0
Meta_568;201059;5297393.8522;0.38888888888888884;225747;2749460.089899999;0.3871010533614324;19;0.0
Meta_554;201059;4414494.876833333;0.16666666666666666;200960;1746995.1216000002;0.27379906287776223;3607;0.26653925375566895
Meta_570;201059;5297393.8522;0.5;201059;1419570.0914000005;0.49811929488370427;0;0.0
Meta_569;201059;5297393.8522;0.4444444444444444;206407;1958923.0327000003;0.44402807513935544;47;0.0
Meta_566;201059;5297393.8522;0.2777777777777778;201106;1823362.3300000008;0.27774122692408987;1441;0.0
Meta_555;201059;4414494.876833333;0.2222222222222222;201059;1737536.4051000006;0.2718623781581754;3600;0.4762251027727259
Meta_556;201059;4414494.876833333;0.2777777777777778;201012;1823307.0659999999;0.287676155721918;3600;1.0
Meta_561;201059;5297393.8522;0.0;201131;1786220.5790000001;0.273102388344869;3600;0.1614586014895839
Meta_562;201059;5297393.8522;0.05555555555555555;201105;1763289.2461000013;0.27620337719301863;3600;0.18774768971956787
Meta_563;201059;5297393.8522;0.1111111111111111;205017;1945146.2199000006;0.26909640709887417;3600;0.1645269010060105
Meta_578;201059;6180292.827566666;0.38888888888888884;225011;2729689.7073999993;0.387695060435858;34;0.0
Meta_579;201059;6180292.827566666;0.4444444444444444;206407;1958923.0327000003;0.44402807513935544;49;0.0
Meta_580;201059;6180292.827566666;0.5;201059;1419570.0914000005;0.49811929488370427;0;0.0
Meta_564;201059;5297393.8522;0.16666666666666666;201055;1744837.1740999995;0.27115015718715785;3600;0.2404310936671865
Meta_577;201059;6180292.827566666;0.3333333333333333;201059;1739418.6971000002;0.33294729775085746;247;0.0
Meta_565;201059;5297393.8522;0.2222222222222222;201061;1756135.5109;0.26770688629079814;3600;0.42348952264423784
Meta_571;201059;6180292.827566666;0.0;200983;1780618.2107999998;0.27543841599081376;3600;0.1772243087934434
Meta_572;201059;6180292.827566666;0.05555555555555555;201456;1841534.2977;0.27038876671855555;3600;0.15088095834505472
Meta_573;201059;6180292.827566666;0.1111111111111111;207023;1985934.2746000006;0.2706674795454192;3600;0.17615993040049685
Meta_574;201059;6180292.827566666;0.16666666666666666;206436;1933728.9963999996;0.2681876436039311;3600;0.21280416938498484
Meta_575;201059;6180292.827566666;0.2222222222222222;200677;1696170.4690999994;0.2668048124976417;3612;0.4301772627479924
Meta_587;201059;7063191.8029333325;0.3333333333333333;201059;1739418.6971000002;0.33294729775085746;257;0.0
Meta_588;201059;7063191.8029333325;0.38888888888888884;201060;1769379.3072000004;0.38870112783752886;149;0.0
Meta_590;201059;7063191.8029333325;0.5;201059;1419570.0914000005;0.49811929488370427;0;0.0
Meta_589;201059;7063191.8029333325;0.4444444444444444;202936;1858510.2475999992;0.44220002223487775;136;0.0
Meta_576;201059;6180292.827566666;0.2777777777777778;204298;1952090.6930999998;0.2861384541573535;3600;1.0
Meta_581;201059;7063191.8029333325;0.0;200937;1818602.0549000003;0.2740119108113073;3600;0.16964227353784198
Meta_582;201059;7063191.8029333325;0.05555555555555555;200981;1821943.9963999996;0.2714431450728861;3600;0.15956086790548912
Meta_583;201059;7063191.8029333325;0.1111111111111111;201059;1776921.5514;0.2689564831460726;3614;0.1634748091769547
Meta_597;201059;7946090.778299999;0.3333333333333333;212172;2323024.7484;0.33320032177295333;198;0.0
Meta_598;201059;7946090.778299999;0.38888888888888884;222192;2823539.686900002;0.3885369190640268;141;0.0
Meta_599;201059;7946090.778299999;0.4444444444444444;201188;1825587.1147999999;0.444442735005099;5;0.0
Meta_600;201059;7946090.778299999;0.5;201059;1830466.7916;0.4970495741137247;0;0.0
Meta_584;201059;7063191.8029333325;0.16666666666666666;201059;1813871.9099999992;0.26719880331513396;3600;0.20324084696819467
Meta_585;201059;7063191.8029333325;0.2222222222222222;201011;1795908.4971999999;0.2703704883329573;3600;0.46048645786439474
Meta_586;201059;7063191.8029333325;0.2777777777777778;204394;1875311.0718999992;0.28637762560479296;3600;1.0
Meta_591;201059;7946090.778299999;0.0;205287;2122850.670799999;0.26792321017780474;3600;0.12754698674512135
Meta_592;201059;7946090.778299999;0.05555555555555555;201198;1930899.7260000003;0.27217798025747786;3612;0.16152642307066112
Meta_593;201059;7946090.778299999;0.1111111111111111;205148;2070397.7424999997;0.26400297928666916;3612;0.1234459217261639
Meta_594;201059;7946090.778299999;0.16666666666666666;201059;1807874.8874000001;0.2629866283647885;3600;0.15809979665283888
Meta_595;201059;7946090.778299999;0.2222222222222222;200201;1817048.0879999995;0.26852788192538257;3601;0.5215598540536889
Meta_596;201059;7946090.778299999;0.2777777777777778;203188;1942743.8140999998;0.2872215823218574;3600;1.0
Meta_610;189891;0.0;0.5;189891;692709.6780999998;0.4815336664304366;0;0.0
Meta_601;189891;0.0;0.0;189908;1035931.4012999999;0.26226379392627214;3602;0.09919211896629805
Meta_602;189891;0.0;0.05555555555555555;189824;1036529.9055000003;0.26561996932719467;3600;0.11897230118278912
Meta_603;189891;0.0;0.1111111111111111;189863;1040167.3075000002;0.2695323855743289;3600;0.15020100629363398
Meta_604;189891;0.0;0.16666666666666666;189844;1023881.3146;0.26960762997938154;3625;0.17417764399732333
Meta_605;189891;0.0;0.2222222222222222;189889;1046219.9757;0.2616769554843905;3600;0.37836929269695935
Meta_606;189891;0.0;0.2777777777777778;189891;1000992.7801999996;0.28726837607066213;3630;0.3053074528412399
Meta_607;189891;0.0;0.3333333333333333;189910;828280.1483000002;0.3333580279598854;3616;0.09397549428869689
Meta_618;189891;882898.9753666666;0.38888888888888884;189908;882095.2896999998;0.38816101349814774;179;0.0
Meta_619;189891;882898.9753666666;0.4444444444444444;189959;874296.1708999997;0.4438969364503858;64;0.0
Meta_620;189891;882898.9753666666;0.5;189891;882775.1646999997;0.48688066439292504;1;0.0
Meta_617;189891;882898.9753666666;0.3333333333333333;189901;882843.6869999998;0.3333291231411789;389;0.0
Meta_608;189891;0.0;0.38888888888888884;189891;738406.3078;0.38888959302991943;3600;0.016753136002207007
Meta_609;189891;0.0;0.4444444444444444;189891;701929.8482;0.44444504828441106;3600;0.003220862165075444
Meta_611;189891;882898.9753666666;0.0;189887;1027962.2349000003;0.270244342818306;3600;0.1849762595771163
Meta_612;189891;882898.9753666666;0.05555555555555555;189891;1048927.0586;0.26161091402884745;3609;0.14839302401095153
Meta_613;189891;882898.9753666666;0.1111111111111111;189891;1004052.9453000006;0.2728182561382751;3600;0.2265520679609529
Meta_627;189891;1765797.9507333331;0.3333333333333333;190059;1262145.0187999993;0.3333255267223151;138;0.0
Meta_628;189891;1765797.9507333331;0.38888888888888884;192894;1261167.9070000004;0.3880949279789782;137;0.0
Meta_629;189891;1765797.9507333331;0.4444444444444444;190025;978212.4933999999;0.4361469646386129;36;0.0
Meta_630;189891;1765797.9507333331;0.5;189891;971005.4411999997;0.4876521865999168;1;0.0
Meta_614;189891;882898.9753666666;0.16666666666666666;189935;1023002.0195000005;0.26720079676727815;3600;0.2600751809438529
Meta_615;189891;882898.9753666666;0.2222222222222222;189876;1004440.4217;0.2691955686991777;3606;0.8151449370206778
Meta_616;189891;882898.9753666666;0.2777777777777778;189896;961021.3586000004;0.2834551497639966;3600;1.0
Meta_621;189891;1765797.9507333331;0.0;189870;1222412.6415000001;0.27614783473429155;3636;0.22321253052424475
Meta_623;189891;1765797.9507333331;0.1111111111111111;189979;1296466.2315999998;0.27807990723275744;3600;0.28132419481378523
Meta_622;189891;1765797.9507333331;0.05555555555555555;194329;1383695.5561999998;0.28526473909044237;3631;0.28236791439159625
Meta_637;189891;2648696.9261;0.3333333333333333;190535;1237786.8945999995;0.33246611500632706;276;0.0
Meta_638;189891;2648696.9261;0.38888888888888884;195406;1232674.7703;0.38887685009013984;126;0.0
Meta_639;189891;2648696.9261;0.4444444444444444;190035;1061441.6507;0.440654608823249;32;0.0
Meta_640;189891;2648696.9261;0.5;189891;971005.4411999997;0.4876521865999168;1;0.0
Meta_624;189891;1765797.9507333331;0.16666666666666666;189891;1189300.8483999996;0.2819935726370472;3600;0.3912261059544049
Meta_625;189891;1765797.9507333331;0.2222222222222222;189891;1262295.6622999993;0.27840994603790337;3600;0.536010105858537
Meta_626;189891;1765797.9507333331;0.2777777777777778;192132;1311180.9747999997;0.302062716461694;3600;1.0
Meta_631;189891;2648696.9261;0.0;189891;1282617.8680000002;0.2833787768368799;3640;0.2619537819127386
Meta_632;189891;2648696.9261;0.05555555555555555;196392;1400929.9393999998;0.2760055280341212;3600;0.2313169003713643
Meta_633;189891;2648696.9261;0.1111111111111111;189860;1254026.9350999992;0.2775094798342554;3612;0.27523995469658424
Meta_647;189891;3531595.9014666663;0.3333333333333333;189897;1298770.5746000002;0.33317773207227275;179;0.0
Meta_648;189891;3531595.9014666663;0.38888888888888884;190024;1290399.5249;0.3888505255842302;7;0.0
Meta_649;189891;3531595.9014666663;0.4444444444444444;189991;1098033.7571;0.44443584611930176;8;0.0
Meta_650;189891;3531595.9014666663;0.5;189891;971005.4411999997;0.4876521865999168;0;0.0
Meta_634;189891;2648696.9261;0.16666666666666666;190190;1208958.2704999999;0.2866346143440005;3616;0.42055707930667297
Meta_635;189891;2648696.9261;0.2222222222222222;189891;1291698.3514999996;0.2718661281978644;3637;0.5339272159197005
Meta_636;189891;2648696.9261;0.2777777777777778;193992;1411568.2332;0.31937702752547115;3600;1.0
Meta_641;189891;3531595.9014666663;0.0;189802;1357336.6402999999;0.2772994057023389;3631;0.23094082539524516
Meta_642;189891;3531595.9014666663;0.05555555555555555;189942;1338664.7979000006;0.2751443690414527;3615;0.22633568965690573
Meta_643;189891;3531595.9014666663;0.1111111111111111;189955;1323236.6181999997;0.2738079262119445;3600;0.250943662088064
Meta_657;189891;4414494.876833333;0.3333333333333333;190194;1343543.3474;0.33332710278823835;138;0.0
Meta_658;189891;4414494.876833333;0.38888888888888884;190024;1290399.5249;0.3888505255842302;7;0.0
Meta_659;189891;4414494.876833333;0.4444444444444444;189991;1098033.7571;0.44443584611930176;7;0.0
Meta_660;189891;4414494.876833333;0.5;189891;971005.4411999997;0.4876521865999168;0;0.0
Meta_644;189891;3531595.9014666663;0.16666666666666666;189873;1317144.1038000002;0.2706381603727317;3600;0.3039018378068967
Meta_645;189891;3531595.9014666663;0.2222222222222222;189893;1312494.6365999996;0.2576004320468712;3600;0.3262143375837222
Meta_646;189891;3531595.9014666663;0.2777777777777778;191391;1359547.8130999992;0.29969108930821975;3600;1.0
Meta_651;189891;4414494.876833333;0.0;189891;1364081.1136000003;0.27947094176982923;3600;0.24114022064971088
Meta_652;189891;4414494.876833333;0.05555555555555555;189988;1365580.9922999998;0.2771185121086796;3603;0.2377792458208488
Meta_653;189891;4414494.876833333;0.1111111111111111;192251;1466256.2299;0.277073677428582;3626;0.271861055573182
Meta_654;189891;4414494.876833333;0.16666666666666666;189891;1300414.6198000007;0.26605205902052004;3615;0.24682785513002697
Meta_668;189891;5297393.8522;0.38888888888888884;190024;1290399.5249;0.3888505255842302;9;0.0
Meta_669;189891;5297393.8522;0.4444444444444444;189991;1098033.7571;0.44443584611930176;8;0.0
Meta_670;189891;5297393.8522;0.5;189891;971005.4411999997;0.4876521865999168;1;0.0
Meta_667;189891;5297393.8522;0.3333333333333333;189961;1289137.0345000003;0.333330535874245;158;0.0
Meta_655;189891;4414494.876833333;0.2222222222222222;189948;1337000.6905999996;0.26936622652761566;3600;0.5067189052037862
Meta_656;189891;4414494.876833333;0.2777777777777778;206163;1977834.9943000006;0.29960276828394283;3600;1.0
Meta_661;189891;5297393.8522;0.0;189891;1370797.4925000002;0.2750168549924461;3634;0.21636065724201947
Meta_662;189891;5297393.8522;0.05555555555555555;189842;1319119.0657000004;0.2708564456678655;3600;0.20164510439562147
Meta_663;189891;5297393.8522;0.1111111111111111;194095;1520180.8131000004;0.2721491994772915;3600;0.23995276066830265
Meta_677;189891;6180292.827566666;0.3333333333333333;189961;1289137.0345000003;0.333330535874245;140;0.0
Meta_678;189891;6180292.827566666;0.38888888888888884;215042;2367222.1386999995;0.3872177331095785;128;0.0
Meta_679;189891;6180292.827566666;0.4444444444444444;189991;1098033.7571;0.44443584611930176;9;0.0
Meta_680;189891;6180292.827566666;0.5;189891;971005.4411999997;0.4876521865999168;1;0.0
Meta_676;189891;6180292.827566666;0.2777777777777778;200561;1770052.1750999994;0.2777724824409713;991;0.0
Meta_664;189891;5297393.8522;0.16666666666666666;189891;1315206.5524000004;0.26875271117921745;3612;0.2713006752597606
Meta_666;189891;5297393.8522;0.2777777777777778;201206;1800076.9828999992;0.2777281320173322;3170;0.0
Meta_665;189891;5297393.8522;0.2222222222222222;189941;1333363.4525999993;0.2653091236160965;3624;0.454624377241377
Meta_671;189891;6180292.827566666;0.0;189891;1302325.888700001;0.27463041006632155;3620;0.21415372749556175
Meta_672;189891;6180292.827566666;0.05555555555555555;189811;1312970.5541;0.27536574126335545;3602;0.2292814959674509
Meta_687;189891;7063191.8029333325;0.3333333333333333;189961;1289137.0345000003;0.333330535874245;127;0.0
Meta_688;189891;7063191.8029333325;0.38888888888888884;189947;1237928.2683;0.38888305974219656;8;0.0
Meta_689;189891;7063191.8029333325;0.4444444444444444;189991;1098033.7571;0.44443584611930176;9;0.0
Meta_690;189891;7063191.8029333325;0.5;189891;971005.4411999997;0.4876521865999168;1;0.0
Meta_673;189891;6180292.827566666;0.1111111111111111;190017;1362810.5664000001;0.2738147324309173;3617;0.2509881689067878
Meta_674;189891;6180292.827566666;0.16666666666666666;189891;1337265.5408;0.26226948976544656;3600;0.21012320401435122
Meta_675;189891;6180292.827566666;0.2222222222222222;189951;1351332.763499999;0.2612879380283056;3603;0.48252252572950227
Meta_686;189891;7063191.8029333325;0.2777777777777778;199738;1752052.9318999997;0.27751084786274643;1254;0.0
Meta_681;189891;7063191.8029333325;0.0;189893;1287086.9663000004;0.2762100509865243;3614;0.22311650973301655
Meta_682;189891;7063191.8029333325;0.05555555555555555;193912;1475869.6057999998;0.26704006818690756;3600;0.17650703880035573
Meta_697;189891;7946090.778299999;0.3333333333333333;189906;1368031.5431000001;0.3333046985699452;175;0.0
Meta_698;189891;7946090.778299999;0.38888888888888884;189897;1478244.4563999996;0.38861807699450657;101;0.0
Meta_699;189891;7946090.778299999;0.4444444444444444;189953;1322598.5825000005;0.44370486568840806;20;0.0
Meta_700;189891;7946090.778299999;0.5;189891;1316956.9316000002;0.49718259231839346;0;0.0
Meta_683;189891;7063191.8029333325;0.1111111111111111;190017;1362810.5664000001;0.2738147324309173;3600;0.2509881689067878
Meta_684;189891;7063191.8029333325;0.16666666666666666;189893;1343583.4932999997;0.2622691180009251;3605;0.21011959358789933
Meta_685;189891;7063191.8029333325;0.2222222222222222;189863;1300391.3485000003;0.2647670587711756;3606;0.4504381324426286
Meta_691;189891;7946090.778299999;0.0;190822;1490758.599800001;0.2724800014883679;3630;0.20001156178807936
Meta_692;189891;7946090.778299999;0.05555555555555555;197043;1779055.1543999994;0.27955072270133824;3600;0.24978232117293425
Meta_693;189891;7946090.778299999;0.1111111111111111;189883;1437880.343;0.27352868151893717;3600;0.24736251715797203
Meta_694;189891;7946090.778299999;0.16666666666666666;193524;1585706.5670999999;0.27498372249583974;3618;0.33947857923060193
Meta_695;189891;7946090.778299999;0.2222222222222222;191967;1523594.4737000007;0.25583264468943007;3600;0.31091920277153745
Meta_709;178723;0.0;0.4444444444444444;178723;395085.9156;0.43988774375077694;0;0.0
Meta_710;178723;0.0;0.5;178723;395085.9156;0.43988774375077694;0;0.0
Meta_696;189891;7946090.778299999;0.2777777777777778;193385;1562160.2657;0.2989766372986772;3600;1.0
Meta_701;178723;0.0;0.0;178747;697547.0673000002;0.2652972911448609;3603;0.15047097130099268
Meta_702;178723;0.0;0.05555555555555555;178710;660601.5575000002;0.2726109195778796;3619;0.18024361542838158
Meta_703;178723;0.0;0.1111111111111111;178816;685155.8620000001;0.2718169431102496;3600;0.20318495321016114
Meta_704;178723;0.0;0.16666666666666666;178723;685465.2539000001;0.2668955266897453;3600;0.21862330061156668
Meta_705;178723;0.0;0.2222222222222222;178834;684373.8502;0.2808595518690799;3613;0.5483805140525113
Meta_717;178723;882898.9753666666;0.3333333333333333;180161;817004.8871000003;0.33322972167173903;149;0.0
Meta_718;178723;882898.9753666666;0.38888888888888884;178723;654893.5038000001;0.38725437619839814;16;0.0
Meta_719;178723;882898.9753666666;0.4444444444444444;178723;609505.8394000002;0.442390337278498;0;0.0
Meta_720;178723;882898.9753666666;0.5;178723;609505.8394000002;0.442390337278498;0;0.0
Meta_706;178723;0.0;0.2777777777777778;178778;637419.4281999997;0.2893423710454278;3600;0.46115949758909774
Meta_707;178723;0.0;0.3333333333333333;178716;495887.3409;0.33332946402676106;3600;0.17223768503370904
Meta_708;178723;0.0;0.38888888888888884;178723;411211.9514000001;0.3888886031218932;3600;0.03913652165135767
Meta_711;178723;882898.9753666666;0.0;179867;818811.6388000003;0.2740563094872184;3600;0.2141967200393119
Meta_712;178723;882898.9753666666;0.05555555555555555;182896;882975.7590999997;0.2702869018164721;3623;0.20063189606501208
Meta_713;178723;882898.9753666666;0.1111111111111111;181946;844172.9617999999;0.26596579614408716;3615;0.20155121708902288
Meta_727;178723;1765797.9507333331;0.3333333333333333;180075;865185.8912999999;0.3316114461184875;29;0.0
Meta_728;178723;1765797.9507333331;0.38888888888888884;179413;780821.1476000003;0.38887752938328324;89;0.0
Meta_729;178723;1765797.9507333331;0.4444444444444444;178723;609505.8394000002;0.442390337278498;1;0.0
Meta_730;178723;1765797.9507333331;0.5;178723;609505.8394000002;0.442390337278498;0;0.0
Meta_714;178723;882898.9753666666;0.16666666666666666;180500;829803.0577999997;0.27217416483790163;3600;0.32211814955220797
Meta_715;178723;882898.9753666666;0.2222222222222222;181982;879967.5149999999;0.26617716007685055;3600;0.8071028997315651
Meta_716;178723;882898.9753666666;0.2777777777777778;185896;887316.0867999997;0.30987976936000206;3607;1.0
Meta_721;178723;1765797.9507333331;0.0;188050;1173976.5909;0.2651899590393211;3600;0.16084492836533362
Meta_722;178723;1765797.9507333331;0.05555555555555555;178902;824881.3272000002;0.27483804277308205;3611;0.22761681588444924
Meta_723;178723;1765797.9507333331;0.1111111111111111;182398;902110.0845999998;0.2769431699831084;3600;0.2740828450670224
Meta_737;178723;2648696.9261;0.3333333333333333;179808;742880.0563999994;0.3332956751480932;97;0.0
Meta_738;178723;2648696.9261;0.38888888888888884;225629;2551944.9263;0.38000117362020286;35;0.0
Meta_739;178723;2648696.9261;0.4444444444444444;178723;609505.8394000002;0.442390337278498;0;0.0
Meta_740;178723;2648696.9261;0.5;178723;609505.8394000002;0.442390337278498;0;0.0
Meta_724;178723;1765797.9507333331;0.16666666666666666;183117;977281.4579;0.26538694931653084;3600;0.2623176721570973
Meta_725;178723;1765797.9507333331;0.2222222222222222;179989;867873.784;0.2737263779553464;3640;0.6235702527000774
Meta_726;178723;1765797.9507333331;0.2777777777777778;201080;1583628.7509999997;0.2980397614502691;3600;1.0
Meta_731;178723;2648696.9261;0.0;179431;836698.8348999997;0.27708874932578975;3622;0.2313682215637085
Meta_732;178723;2648696.9261;0.05555555555555555;179262;863513.8530999997;0.27607856919732654;3600;0.23518858562389874
Meta_733;178723;2648696.9261;0.1111111111111111;178833;840958.3997999999;0.2782615147219975;3601;0.28257140864627994
Meta_734;178723;2648696.9261;0.16666666666666666;180100;857366.9534999997;0.26645518197451695;3600;0.27397328497198825
Meta_748;178723;3531595.9014666663;0.38888888888888884;178733;748204.5388000002;0.386880637361793;8;0.0
Meta_749;178723;3531595.9014666663;0.4444444444444444;178723;609505.8394000002;0.442390337278498;0;0.0
Meta_750;178723;3531595.9014666663;0.5;178723;609505.8394000002;0.442390337278498;0;0.0
Meta_747;178723;3531595.9014666663;0.3333333333333333;191155;1318066.8382000006;0.33330518249868324;326;0.0
Meta_735;178723;2648696.9261;0.2222222222222222;183325;975022.6834;0.26112399134592645;3618;0.4525922986833865
Meta_736;178723;2648696.9261;0.2777777777777778;179288;858892.7190999999;0.3249562498635971;3600;1.0
Meta_741;178723;3531595.9014666663;0.0;178758;892311.0266000001;0.2711376972691094;3600;0.19696395680093487
Meta_742;178723;3531595.9014666663;0.05555555555555555;190112;1312696.8150000004;0.2585546282122088;3600;0.12305043860472899
Meta_743;178723;3531595.9014666663;0.1111111111111111;182368;971303.7933000003;0.2661561538822286;3608;0.20215281288256656
Meta_757;178723;4414494.876833333;0.3333333333333333;184037;1104235.6578000002;0.3333190901843222;122;0.0
Meta_758;178723;4414494.876833333;0.38888888888888884;180045;945820.3344999998;0.38595680316276076;89;0.0
Meta_759;178723;4414494.876833333;0.4444444444444444;178723;609505.8394000002;0.442390337278498;0;0.0
Meta_760;178723;4414494.876833333;0.5;178723;609505.8394000002;0.442390337278498;0;0.0
Meta_744;178723;3531595.9014666663;0.16666666666666666;180602;978400.8090000001;0.27075458205973363;3600;0.3092277932509838
Meta_745;178723;3531595.9014666663;0.2222222222222222;181833;1013136.6264000003;0.267556315512462;3600;0.5675212466771254
Meta_746;178723;3531595.9014666663;0.2777777777777778;195827;1521070.7915999999;0.2798790555036979;3600;1.0
Meta_751;178723;4414494.876833333;0.0;182085;1023132.0010000003;0.26469714738649275;3600;0.15786037922967638
Meta_752;178723;4414494.876833333;0.05555555555555555;195119;1491503.4730000002;0.2574454201495012;3600;0.11510115825169996
Meta_754;178723;4414494.876833333;0.16666666666666666;190312;1339843.0193999994;0.2551710359284435;3600;0.15742650606051167
Meta_753;178723;4414494.876833333;0.1111111111111111;182375;1000510.2302;0.26452511081117414;3634;0.19016936740250098
Meta_768;178723;5297393.8522;0.38888888888888884;178723;877980.2276999999;0.3881467899698239;15;0.0
Meta_769;178723;5297393.8522;0.4444444444444444;178723;609505.8394000002;0.442390337278498;0;0.0
Meta_770;178723;5297393.8522;0.5;178723;609505.8394000002;0.442390337278498;0;0.0
Meta_767;178723;5297393.8522;0.3333333333333333;183060;971852.6627000003;0.33326985992107944;58;0.0
Meta_755;178723;4414494.876833333;0.2222222222222222;182970;1045266.1787000003;0.2648349722890753;3627;0.5216997892916813
Meta_756;178723;4414494.876833333;0.2777777777777778;189148;1278230.2501;0.3075951902299575;3609;1.0
Meta_761;178723;5297393.8522;0.0;180301;900233.1435999995;0.2652446416062999;3621;0.16140337602642746
Meta_762;178723;5297393.8522;0.05555555555555555;179768;933015.2466999997;0.2702989412498525;3600;0.2011367144482068
Meta_764;178723;5297393.8522;0.16666666666666666;179615;924321.6222999997;0.2724492638330955;3600;0.3084138137342487
Meta_763;178723;5297393.8522;0.1111111111111111;180677;957906.8892999998;0.26753744074499597;3633;0.21214677675278237
Meta_778;178723;6180292.827566666;0.38888888888888884;178829;687443.7995;0.3882281317272701;6;0.0
Meta_779;178723;6180292.827566666;0.4444444444444444;178723;609505.8394000002;0.442390337278498;0;0.0
Meta_780;178723;6180292.827566666;0.5;178723;609505.8394000002;0.442390337278498;0;0.0
Meta_765;178723;5297393.8522;0.2222222222222222;181239;968594.4402;0.27671228329750003;3600;0.6452289622599187
Meta_777;178723;6180292.827566666;0.3333333333333333;179042;857669.755;0.33330648432821597;512;0.0
Meta_766;178723;5297393.8522;0.2777777777777778;195734;1504722.0103;0.2958114924857727;3600;1.0
Meta_772;178723;6180292.827566666;0.05555555555555555;179889;950106.7362999998;0.27601482444880643;3600;0.23526352894006725
Meta_771;178723;6180292.827566666;0.0;182986;1072455.8610999996;0.2668662967087397;3620;0.17123925019501948
Meta_773;178723;6180292.827566666;0.1111111111111111;182180;975860.3129000003;0.2663330496340078;3600;0.20343553262457142
Meta_774;178723;6180292.827566666;0.16666666666666666;179615;924321.6222999997;0.2724492638330955;3600;0.3084138137342487
Meta_788;178723;7063191.8029333325;0.38888888888888884;178723;882989.4293999997;0.3880098341233487;13;0.0
Meta_789;178723;7063191.8029333325;0.4444444444444444;178723;609505.8394000002;0.442390337278498;0;0.0
Meta_790;178723;7063191.8029333325;0.5;178723;609505.8394000002;0.442390337278498;0;0.0
Meta_787;178723;7063191.8029333325;0.3333333333333333;178723;859462.3850000002;0.33317499658362293;84;0.0
Meta_775;178723;6180292.827566666;0.2222222222222222;182719;1081063.3649000002;0.28077925656291836;3600;0.6725384975936947
Meta_776;178723;6180292.827566666;0.2777777777777778;193552;1479205.5303999998;0.2999987249214257;3600;1.0
Meta_781;178723;7063191.8029333325;0.0;203954;1894670.8468999981;0.27624963564066607;3600;0.22658398694568865
Meta_782;178723;7063191.8029333325;0.05555555555555555;182237;1024032.0558000002;0.2652779513775725;3600;0.16920902100350874
Meta_783;178723;7063191.8029333325;0.1111111111111111;181943;983531.6402;0.26495491200469623;3611;0.1933547230761449
Meta_784;178723;7063191.8029333325;0.16666666666666666;190312;1339843.0193999994;0.2551710359284435;3600;0.1574202216013299
Meta_797;178723;7946090.778299999;0.3333333333333333;178723;910043.7933999998;0.33333357505073413;119;0.0
Meta_798;178723;7946090.778299999;0.38888888888888884;179536;892849.0904999998;0.3888889469702729;88;0.0
Meta_800;178723;7946090.778299999;0.5;178723;949387.1437999998;0.49084776033792316;0;0.0
Meta_799;178723;7946090.778299999;0.4444444444444444;178723;986902.9911000001;0.44173260724366614;34;0.0
Meta_786;178723;7063191.8029333325;0.2777777777777778;210563;2160293.4087;0.2966166488419326;3600;1.0
Meta_785;178723;7063191.8029333325;0.2222222222222222;181662;986545.4286999998;0.26503180575253815;3607;0.5405293112739384
Meta_791;178723;7946090.778299999;0.0;181080;1053281.8450000002;0.26668935028807716;3600;0.16726593593474004
Meta_792;178723;7946090.778299999;0.05555555555555555;182267;1098317.4871000005;0.26450266829272484;3600;0.16103251246740985
Meta_793;178723;7946090.778299999;0.1111111111111111;183731;1178202.6065999998;0.26566493733644087;3622;0.19628893813830467
Meta_794;178723;7946090.778299999;0.16666666666666666;180922;1060205.6978999996;0.28270266647926007;3618;0.39728484331471775
Meta_795;178723;7946090.778299999;0.2222222222222222;187599;1334037.0473999996;0.29427641622748407;3608;1.0
Meta_809;167555;0.0;0.4444444444444444;167555;152967.5987;0.41412240140599077;0;0.0
Meta_810;167555;0.0;0.5;167555;152967.5987;0.41412240140599077;0;0.0
Meta_796;178723;7946090.778299999;0.2777777777777778;198268;1845857.3948999995;0.2959482940343111;3600;1.0
Meta_801;167555;0.0;0.0;170128;417590.5481;0.2763140163704378;3600;0.1632771159182135
Meta_802;167555;0.0;0.05555555555555555;169001;384784.88400000014;0.27794385917655595;3600;0.16772211738631357
Meta_803;167555;0.0;0.1111111111111111;168284;380193.51499999984;0.2763654379864348;3600;0.17616264669107562
Meta_804;167555;0.0;0.16666666666666666;169207;390890.7275999998;0.27759219832090126;3600;0.23403917927238882
Meta_805;167555;0.0;0.2222222222222222;168210;371700.45189999987;0.2759947179311528;3600;0.40780644792868476
Meta_806;167555;0.0;0.2777777777777778;167578;297662.6868000001;0.28672049365547303;3600;0.5710530327228243
Meta_818;167555;882898.9753666666;0.38888888888888884;167657;279505.5387;0.38757914515451725;9;0.0
Meta_819;167555;882898.9753666666;0.4444444444444444;167555;243826.3739;0.3933384344571445;0;0.0
Meta_820;167555;882898.9753666666;0.5;167555;243826.3739;0.3933384344571445;0;0.0
Meta_817;167555;882898.9753666666;0.3333333333333333;168020;359021.33849999995;0.33281725273608953;42;0.0
Meta_807;167555;0.0;0.3333333333333333;167555;182647.11820000003;0.33333386840171264;3600;0.12286078674339343
Meta_808;167555;0.0;0.38888888888888884;167555;154491.37179999996;0.38888940795170607;3600;0.003959888347800295
Meta_811;167555;882898.9753666666;0.0;180816;828988.6241999997;0.26097211998446285;3606;0.1342136865124745
Meta_812;167555;882898.9753666666;0.05555555555555555;182015;875468.0258;0.27929415335662744;3607;0.2541369925990213
Meta_813;167555;882898.9753666666;0.1111111111111111;176919;767559.8295999998;0.28313136561062435;3600;0.31256813124231786
Meta_814;167555;882898.9753666666;0.16666666666666666;180945;802104.7209999997;0.26588738155594943;3600;0.27000649232385987
Meta_828;167555;1765797.9507333331;0.38888888888888884;168269;279328.0236;0.3887867904091655;9;0.0
Meta_829;167555;1765797.9507333331;0.4444444444444444;167555;243826.3739;0.3933384344571445;0;0.0
Meta_830;167555;1765797.9507333331;0.5;167555;243826.3739;0.3933384344571445;0;0.0
Meta_827;167555;1765797.9507333331;0.3333333333333333;167555;399828.47529999993;0.33328617511166136;78;0.0
Meta_815;167555;882898.9753666666;0.2222222222222222;181223;848004.3717000005;0.28210111607395616;3603;0.5759979944031718
Meta_816;167555;882898.9753666666;0.2777777777777778;178573;737108.0969000001;0.2795435242680542;3600;1.0
Meta_822;167555;1765797.9507333331;0.05555555555555555;178255;798295.6366000002;0.2810968468610877;3600;0.26405874895625764
Meta_821;167555;1765797.9507333331;0.0;192523;1297450.3840000008;0.2784459461475839;3623;0.23946286556210591
Meta_823;167555;1765797.9507333331;0.1111111111111111;203281;1709890.7474000012;0.2729771810276304;3608;0.25015698385023394
Meta_837;167555;2648696.9261;0.3333333333333333;168877;309411.47309999994;0.3332474475220485;122;0.0
Meta_838;167555;2648696.9261;0.38888888888888884;167947;255038.61790000004;0.38882434995490683;2;0.0
Meta_839;167555;2648696.9261;0.4444444444444444;167555;243826.3739;0.3933384344571445;0;0.0
Meta_840;167555;2648696.9261;0.5;167555;243826.3739;0.3933384344571445;1;0.0
Meta_824;167555;1765797.9507333331;0.16666666666666666;182918;981421.1782999998;0.28348812542892354;3624;0.4042021968483095
Meta_825;167555;1765797.9507333331;0.2222222222222222;182342;915486.5960999997;0.27688957336964604;3604;0.6487375208184595
Meta_826;167555;1765797.9507333331;0.2777777777777778;167579;432314.2534999998;0.2923813736742239;3600;1.0
Meta_831;167555;2648696.9261;0.0;180732;932327.6269999999;0.2687037178514777;3619;0.18332330492762994
Meta_832;167555;2648696.9261;0.05555555555555555;180828;937130.5790000004;0.26675753265517965;3600;0.17913067022996154
Meta_834;167555;2648696.9261;0.16666666666666666;190612;1266163.7332000001;0.28890081792874944;3600;0.4373370718640489
Meta_833;167555;2648696.9261;0.1111111111111111;181267;959700.2628000001;0.2735632727544734;3617;0.2540018477611423
Meta_848;167555;3531595.9014666663;0.38888888888888884;167947;255038.61790000004;0.38882434995490683;4;0.0
Meta_849;167555;3531595.9014666663;0.4444444444444444;167555;243826.3739;0.3933384344571445;0;0.0
Meta_850;167555;3531595.9014666663;0.5;167555;243826.3739;0.3933384344571445;0;0.0
Meta_836;167555;2648696.9261;0.2777777777777778;167991;454269.51439999987;0.28671782952322644;3600;1.0
Meta_835;167555;2648696.9261;0.2222222222222222;182042;957492.8812999997;0.2656341948846565;3609;0.5474430366747809
Meta_847;167555;3531595.9014666663;0.3333333333333333;167843;458851.57580000005;0.32910762799738746;561;0.0
Meta_841;167555;3531595.9014666663;0.0;181605;989983.9551999999;0.2654769480500106;3600;0.16333516193439196
Meta_842;167555;3531595.9014666663;0.05555555555555555;191392;1352270.9165000007;0.27092356103808657;3618;0.2052702652486418
Meta_843;167555;3531595.9014666663;0.1111111111111111;178023;849119.3144999995;0.2780263416750986;3616;0.28227597787846637
Meta_857;167555;4414494.876833333;0.3333333333333333;168884;432452.4165000001;0.33314017656790396;134;0.0
Meta_858;167555;4414494.876833333;0.38888888888888884;167947;255038.61790000004;0.38882434995490683;2;0.0
Meta_859;167555;4414494.876833333;0.4444444444444444;167555;243826.3739;0.3933384344571445;1;0.0
Meta_860;167555;4414494.876833333;0.5;167555;243826.3739;0.3933384344571445;1;0.0
Meta_844;167555;3531595.9014666663;0.16666666666666666;181676;991660.0769000001;0.2608622520810432;3605;0.2219750321615733
Meta_845;167555;3531595.9014666663;0.2222222222222222;182940;1076272.4316000002;0.26289288494448915;3600;0.5141938273798735
Meta_846;167555;3531595.9014666663;0.2777777777777778;168399;472686.2175;0.2860054223319151;3600;1.0
Meta_851;167555;4414494.876833333;0.0;181344;979844.8685999995;0.2618217874090563;3600;0.1397985095385222
Meta_853;167555;4414494.876833333;0.1111111111111111;203197;1833230.6047000005;0.2722508588307321;3600;0.24535121975095026
Meta_852;167555;4414494.876833333;0.05555555555555555;182469;1027073.585;0.26778750513508764;3617;0.18569052483743617
Meta_867;167555;5297393.8522;0.3333333333333333;168884;432452.4165000001;0.33314017656790396;140;0.0
Meta_868;167555;5297393.8522;0.38888888888888884;167947;255038.61790000004;0.38882434995490683;3;0.0
Meta_869;167555;5297393.8522;0.4444444444444444;167555;243826.3739;0.3933384344571445;0;0.0
Meta_870;167555;5297393.8522;0.5;167555;243826.3739;0.3933384344571445;0;0.0
Meta_854;167555;4414494.876833333;0.16666666666666666;179978;927143.7554999997;0.26699864642311205;3600;0.27989492349865247
Meta_855;167555;4414494.876833333;0.2222222222222222;182831;1040593.7013000005;0.2660732593636908;3600;0.5523614192468669
Meta_856;167555;4414494.876833333;0.2777777777777778;167632;441493.4108999999;0.2845544570513267;3600;1.0
Meta_861;167555;5297393.8522;0.0;181700;998468.5635000004;0.2641117525107038;3600;0.15466189205128367
Meta_862;167555;5297393.8522;0.05555555555555555;191230;1371653.2981999991;0.25963266012463343;3600;0.13125536243963776
Meta_863;167555;5297393.8522;0.1111111111111111;184377;1143518.2987999998;0.26878285709361105;3600;0.221711200780012
Meta_864;167555;5297393.8522;0.16666666666666666;178813;886650.1480000004;0.2761063798054337;3600;0.3533971023202813
Meta_878;167555;6180292.827566666;0.38888888888888884;167947;255038.61790000004;0.38882434995490683;3;0.0
Meta_879;167555;6180292.827566666;0.4444444444444444;167555;243826.3739;0.3933384344571445;0;0.0
Meta_880;167555;6180292.827566666;0.5;167555;243826.3739;0.3933384344571445;0;0.0
Meta_877;167555;6180292.827566666;0.3333333333333333;168884;432452.4165000001;0.33314017656790396;140;0.0
Meta_865;167555;5297393.8522;0.2222222222222222;182821;1070841.5951999994;0.2645641351579984;3600;0.5349430650215963
Meta_866;167555;5297393.8522;0.2777777777777778;167632;441493.4108999999;0.2845544570513267;3600;1.0
Meta_871;167555;6180292.827566666;0.0;185178;1113646.0392;0.2701340293752317;3614;0.19193468351644835
Meta_872;167555;6180292.827566666;0.05555555555555555;192194;1406080.8022;0.2603308905411445;3600;0.1361319205046524
Meta_873;167555;6180292.827566666;0.1111111111111111;208079;2095196.579799999;0.27229254152171833;3600;0.24562395283393654
Meta_887;167555;7063191.8029333325;0.3333333333333333;167886;436882.17209999997;0.33297078310681755;113;0.0
Meta_888;167555;7063191.8029333325;0.38888888888888884;167947;255038.61790000004;0.38882434995490683;3;0.0
Meta_889;167555;7063191.8029333325;0.4444444444444444;167555;243826.3739;0.3933384344571445;0;0.0
Meta_890;167555;7063191.8029333325;0.5;167555;243826.3739;0.3933384344571445;0;0.0
Meta_874;167555;6180292.827566666;0.16666666666666666;179715;935626.0393000004;0.2743786050301312;3600;0.3404516473272116
Meta_875;167555;6180292.827566666;0.2222222222222222;180006;953746.9228999997;0.26812529576807953;3600;0.5741618313043569
Meta_876;167555;6180292.827566666;0.2777777777777778;167632;441493.4108999999;0.2845544570513267;3600;1.0
Meta_881;167555;7063191.8029333325;0.0;185480;1124554.0854;0.2695539557174236;3600;0.18845003577792538
Meta_882;167555;7063191.8029333325;0.05555555555555555;190041;1320174.2137999998;0.259674721114427;3600;0.13155105692096855
Meta_896;167555;7946090.778299999;0.2777777777777778;198348;1778120.2865000009;0.2777736926445348;694;0.0
Meta_897;167555;7946090.778299999;0.3333333333333333;168859;468033.8960000003;0.33107790323273767;149;0.0
Meta_883;167555;7063191.8029333325;0.1111111111111111;204552;1882190.9966999993;0.2732461729464137;3600;0.2519260688811292
Meta_899;167555;7946090.778299999;0.4444444444444444;167555;503970.2133;0.4438523285707039;0;0.0
Meta_900;167555;7946090.778299999;0.5;167555;503970.2133;0.4438523285707039;0;0.0
Meta_884;167555;7063191.8029333325;0.16666666666666666;179762;943266.0884000006;0.2753799969688196;3600;0.34800736691372575
Meta_885;167555;7063191.8029333325;0.2222222222222222;185966;1209252.9557000003;0.2622613791626753;3608;0.5058605070708098
Meta_886;167555;7063191.8029333325;0.2777777777777778;167564;451673.4498000002;0.2821692762012943;3600;1.0
Meta_898;167555;7946090.778299999;0.38888888888888884;172779;693370.2795999999;0.38708348439614637;558;0.0
Meta_891;167555;7946090.778299999;0.0;181452;1093825.2363999996;0.2678136206544958;3607;0.1757578589234672
Meta_892;167555;7946090.778299999;0.05555555555555555;181902;1081140.7597000003;0.2748119767151046;3600;0.22647246926108225
Meta_907;156387;0.0;0.3333333333333333;156387;0.0;0.31010796110716343;0;0.0
Meta_908;156387;0.0;0.38888888888888884;156387;0.0;0.31010796110716343;0;0.0
Meta_909;156387;0.0;0.4444444444444444;156387;0.0;0.31010796110716343;0;0.0
Meta_910;156387;0.0;0.5;156387;0.0;0.31010796110716343;0;0.0
Meta_893;167555;7946090.778299999;0.1111111111111111;183018;1098423.7291000006;0.27075654227200296;3609;0.23279520020455763
Meta_894;167555;7946090.778299999;0.16666666666666666;182900;1115206.9668999999;0.26763916822643263;3600;0.2854194839769008
Meta_895;167555;7946090.778299999;0.2222222222222222;180426;1025537.2573999998;0.26542157821157575;3617;0.5072723142115694
Meta_901;156387;0.0;0.0;169081;395368.29499999987;0.27609955573157524;3600;0.14853761830411935
Meta_902;156387;0.0;0.05555555555555555;168099;357756.65209999995;0.2786383348559919;3600;0.15498090667712694
Meta_903;156387;0.0;0.1111111111111111;169166;396135.97620000015;0.2765633713766956;3605;0.17525182369252937
Meta_917;156387;882898.9753666666;0.3333333333333333;156387;0.0;0.31010796110716343;0;0.0
Meta_918;156387;882898.9753666666;0.38888888888888884;156387;0.0;0.31010796110716343;1;0.0
Meta_919;156387;882898.9753666666;0.4444444444444444;156387;0.0;0.31010796110716343;0;0.0
Meta_920;156387;882898.9753666666;0.5;156387;0.0;0.31010796110716343;0;0.0
Meta_904;156387;0.0;0.16666666666666666;168828;376212.66969999997;0.2763843287795451;3602;0.2071616567971697
Meta_905;156387;0.0;0.2222222222222222;166018;296513.0754;0.2811830860669586;3600;0.3950126608764546
Meta_906;156387;0.0;0.2777777777777778;164254;253721.5411;0.28428232227539907;3600;0.7898533923559393
Meta_911;156387;882898.9753666666;0.0;178827;784794.8597999993;0.26613123182289977;3608;0.1416988760389894
Meta_916;156387;882898.9753666666;0.2777777777777778;182330;860665.8340000001;0.27774913114961375;1616;0.0
Meta_912;156387;882898.9753666666;0.05555555555555555;180288;865666.3386999997;0.2655983216360614;3600;0.14457695791392047
Meta_927;156387;1765797.9507333331;0.3333333333333333;156387;0.0;0.31010796110716343;1;0.0
Meta_928;156387;1765797.9507333331;0.38888888888888884;156387;0.0;0.31010796110716343;0;0.0
Meta_929;156387;1765797.9507333331;0.4444444444444444;156387;0.0;0.31010796110716343;0;0.0
Meta_930;156387;1765797.9507333331;0.5;156387;0.0;0.31010796110716343;0;0.0
Meta_913;156387;882898.9753666666;0.1111111111111111;178451;754706.5284999998;0.2639610693276269;3600;0.15499027125557685
Meta_914;156387;882898.9753666666;0.16666666666666666;178768;782334.5086999995;0.26687075969340635;3600;0.2400919704335301
Meta_915;156387;882898.9753666666;0.2222222222222222;176829;736421.5201999999;0.2665712253312412;3619;0.41014316062676215
Meta_921;156387;1765797.9507333331;0.0;178396;802024.3564999999;0.26406398728793;3625;0.12820780812542915
Meta_926;156387;1765797.9507333331;0.2777777777777778;191665;1251032.8675000004;0.2777703655475434;2256;0.0
Meta_922;156387;1765797.9507333331;0.05555555555555555;181491;922819.3430000001;0.2824966742820395;3607;0.24784910439657282
Meta_937;156387;2648696.9261;0.3333333333333333;156387;0.0;0.31010796110716343;0;0.0
Meta_938;156387;2648696.9261;0.38888888888888884;156387;0.0;0.31010796110716343;0;0.0
Meta_923;156387;1765797.9507333331;0.1111111111111111;179086;807927.5852999999;0.26746067270198437;3600;0.18154081189028476
Meta_939;156387;2648696.9261;0.4444444444444444;156387;0.0;0.31010796110716343;0;0.0
Meta_940;156387;2648696.9261;0.5;156387;0.0;0.31010796110716343;0;0.0
Meta_924;156387;1765797.9507333331;0.16666666666666666;178394;832484.5303999993;0.26687655778932856;3600;0.2401457663669728
Meta_925;156387;1765797.9507333331;0.2222222222222222;178706;824249.5437000002;0.26452379073757637;3632;0.43110105665693776
Meta_932;156387;2648696.9261;0.05555555555555555;180388;901318.3970999997;0.2671152833282558;3606;0.15470319899589707
Meta_931;156387;2648696.9261;0.0;191525;1315727.3356999995;0.27281445829074935;3654;0.18323627954365818
Meta_933;156387;2648696.9261;0.1111111111111111;180916;906548.9872000003;0.27796789901198743;3624;0.2537920802931383
Meta_947;156387;3531595.9014666663;0.3333333333333333;156387;0.0;0.31010796110716343;1;0.0
Meta_948;156387;3531595.9014666663;0.38888888888888884;156387;0.0;0.31010796110716343;1;0.0
Meta_949;156387;3531595.9014666663;0.4444444444444444;156387;0.0;0.31010796110716343;0;0.0
Meta_950;156387;3531595.9014666663;0.5;156387;0.0;0.31010796110716343;1;0.0
Meta_946;156387;3531595.9014666663;0.2777777777777778;189342;1304993.0623000006;0.2777530649287097;672;0.0
Meta_934;156387;2648696.9261;0.16666666666666666;190894;1287588.5489999992;0.284496116234423;3613;0.3790086779767523
Meta_935;156387;2648696.9261;0.2222222222222222;179918;881246.1735999999;0.26500355217336674;3602;0.43803600720196384
Meta_936;156387;2648696.9261;0.2777777777777778;183555;1022755.3922999996;0.277784863698183;3600;1.0
Meta_942;156387;3531595.9014666663;0.05555555555555555;190382;1335159.4768000005;0.2635419263960321;3600;0.1304851834038748
Meta_941;156387;3531595.9014666663;0.0;187140;1196887.3347999991;0.26632226793898955;3608;0.1428735568068983
Meta_957;156387;4414494.876833333;0.3333333333333333;156387;0.0;0.31010796110716343;0;0.0
Meta_958;156387;4414494.876833333;0.38888888888888884;156387;0.0;0.31010796110716343;0;0.0
Meta_959;156387;4414494.876833333;0.4444444444444444;156387;0.0;0.31010796110716343;0;0.0
Meta_960;156387;4414494.876833333;0.5;156387;0.0;0.31010796110716343;0;0.0
Meta_943;156387;3531595.9014666663;0.1111111111111111;187656;1247422.5792999992;0.2635572402214072;3600;0.15183659156397578
Meta_944;156387;3531595.9014666663;0.16666666666666666;187640;1225097.797;0.26679350233631294;3600;0.23933676025283113
Meta_945;156387;3531595.9014666663;0.2222222222222222;189925;1339029.9521999995;0.2635358166630726;3600;0.4163140721423825
Meta_951;156387;4414494.876833333;0.0;180761;997636.2144;0.2661515857438133;3600;0.1418071238299232
Meta_952;156387;4414494.876833333;0.05555555555555555;190176;1347698.4181999997;0.26604008850865074;3600;0.14754533237534498
Meta_966;156387;5297393.8522;0.2777777777777778;194387;1526194.2050999997;0.2777780894440878;335;0.0
Meta_967;156387;5297393.8522;0.3333333333333333;156387;0.0;0.31010796110716343;0;0.0
Meta_968;156387;5297393.8522;0.38888888888888884;156387;0.0;0.31010796110716343;0;0.0
Meta_969;156387;5297393.8522;0.4444444444444444;156387;0.0;0.31010796110716343;0;0.0
Meta_970;156387;5297393.8522;0.5;156387;0.0;0.31010796110716343;0;0.0
Meta_953;156387;4414494.876833333;0.1111111111111111;187761;1288002.0436999996;0.2623580976401392;3600;0.14236942041950887
Meta_954;156387;4414494.876833333;0.16666666666666666;189096;1294655.8271000003;0.2651691808249946;3600;0.2239184263393793
Meta_955;156387;4414494.876833333;0.2222222222222222;186961;1186905.4424;0.26669632718759306;3620;0.4612982979229849
Meta_956;156387;4414494.876833333;0.2777777777777778;192220;1440480.7966999998;0.2778450833090298;3600;1.0
Meta_961;156387;5297393.8522;0.0;187176;1230848.8877;0.26103406336168944;3612;0.10782689750252368
Meta_962;156387;5297393.8522;0.05555555555555555;186973;1260478.1642000007;0.26234506026588805;3616;0.12222720264455404
Meta_977;156387;6180292.827566666;0.3333333333333333;156387;0.0;0.31010796110716343;0;0.0
Meta_978;156387;6180292.827566666;0.38888888888888884;156387;0.0;0.31010796110716343;0;0.0
Meta_979;156387;6180292.827566666;0.4444444444444444;156387;0.0;0.31010796110716343;0;0.0
Meta_980;156387;6180292.827566666;0.5;156387;0.0;0.31010796110716343;0;0.0
Meta_963;156387;5297393.8522;0.1111111111111111;191110;1400915.4229000006;0.26840640749460454;3600;0.18848993976451076
Meta_964;156387;5297393.8522;0.16666666666666666;187781;1220651.5342;0.2709980344826901;3623;0.2770364400384299
Meta_965;156387;5297393.8522;0.2222222222222222;188388;1263319.4738999999;0.27071892384217455;3609;0.5100129176204647
Meta_971;156387;6180292.827566666;0.0;180473;989065.6778000001;0.2678836939510638;3600;0.15289215181458768
Meta_972;156387;6180292.827566666;0.05555555555555555;199756;1714509.9886000003;0.2686089262820029;3609;0.1644975775519311
Meta_973;156387;6180292.827566666;0.1111111111111111;187793;1217002.1744;0.2662944735150791;3602;0.17284283441832435
Meta_987;156387;7063191.8029333325;0.3333333333333333;156387;0.0;0.31010796110716343;0;0.0
Meta_988;156387;7063191.8029333325;0.38888888888888884;156387;0.0;0.31010796110716343;0;0.0
Meta_989;156387;7063191.8029333325;0.4444444444444444;156387;0.0;0.31010796110716343;0;0.0
Meta_990;156387;7063191.8029333325;0.5;156387;0.0;0.31010796110716343;0;0.0
Meta_974;156387;6180292.827566666;0.16666666666666666;185714;1188883.7753;0.2621613527688441;3600;0.19381585954760958
Meta_975;156387;6180292.827566666;0.2222222222222222;187539;1215954.3222000005;0.2692438447701284;3600;0.49312504302687227
Meta_976;156387;6180292.827566666;0.2777777777777778;193258;1448177.0829999994;0.2889030748863269;3600;1.0
Meta_981;156387;7063191.8029333325;0.0;187182;1241597.4522999998;0.26737075128321686;3618;0.14947788415804747
Meta_982;156387;7063191.8029333325;0.05555555555555555;192362;1437577.9320000012;0.273259162726328;3601;0.19390786768381024
Meta_983;156387;7063191.8029333325;0.1111111111111111;188463;1271019.7001000012;0.27320776230942345;3600;0.2223650149023991
Meta_997;156387;7946090.778299999;0.3333333333333333;156387;0.0;0.31010796110716343;0;0.0
Meta_998;156387;7946090.778299999;0.38888888888888884;156387;0.0;0.31010796110716343;0;0.0
Meta_999;156387;7946090.778299999;0.4444444444444444;156387;0.0;0.31010796110716343;0;0.0
Meta_1000;156387;7946090.778299999;0.5;156387;0.0;0.31010796110716343;0;0.0
Meta_984;156387;7063191.8029333325;0.16666666666666666;186181;1174243.1222999992;0.26768511136741946;3601;0.2474872836385873
Meta_985;156387;7063191.8029333325;0.2222222222222222;188571;1255997.7092;0.2655128575997655;3600;0.4452289734710648
Meta_996;156387;7946090.778299999;0.2777777777777778;183120;1133540.8285;0.27772403719513533;2018;0.0
Meta_986;156387;7063191.8029333325;0.2777777777777778;193143;1453259.9123999993;0.2877195930625427;3600;1.0
Meta_991;156387;7946090.778299999;0.0;202405;1939412.0081000004;0.2627595027349528;3609;0.119076544788863
Meta_992;156387;7946090.778299999;0.05555555555555555;189891;1425229.7489999984;0.2645913164903669;3600;0.13638275756452703
Meta_993;156387;7946090.778299999;0.1111111111111111;187765;1366416.4223999993;0.2667665317667228;3608;0.17599589628161075
Meta_994;156387;7946090.778299999;0.16666666666666666;188112;1308236.9613000005;0.2622221155604848;3600;0.1938352684241418
Meta_995;156387;7946090.778299999;0.2222222222222222;186089;1246149.268900001;0.26188337076581414;3600;0.38970385306716226
