Meta_1;3750690;0.0;0.0;3674028;9635798.269999998;0.2024203500452983;3611;0.6402500407327268
Meta_4;3750690;0.0;0.16666666666666666;3697328;1.0047142061799994E7;0.16669037521636818;3616;0.26656077847261783
Meta_3;3750690;0.0;0.1111111111111111;3697001;8985244.351800006;0.2564500979952665;3623;0.7200109615995212
Meta_8;3750690;0.0;0.38888888888888884;3742832;9235294.665099997;0.38168224614782803;3629;0.04579744529804623
Meta_5;3750690;0.0;0.2222222222222222;2596671;496250.27579999994;0.25030413196465984;3626;0.8710743412763767
Meta_7;3750690;0.0;0.3333333333333333;3680621;8194668.739499996;0.3342072643426598;3633;0.26115211091844304
Meta_2;3750690;0.0;0.05555555555555555;3714635;1.1591640314100005E7;0.1105947212755529;3651;0.4008482519457974
Meta_9;3750690;0.0;0.4444444444444444;3742562;9162965.938299995;0.38982461706922594;3664;0.029532795990510608
Meta_10;3750690;0.0;0.5;3742505;9158827.932099996;0.38859586264733653;3715;0.02722017684440683
Meta_6;3750690;0.0;0.2777777777777778;3738197;9438110.033200003;0.2777758293899413;3732;0.08245798840582798
Meta_16;3750690;7638363.871911117;0.2777777777777778;3702017;9195197.1793;0.2777792006980319;3608;0.6132264441890787
Meta_15;3750690;7638363.871911117;0.2222222222222222;3583506;1.048209287179999E7;0.22829821022697608;3619;0.8713419139714953
Meta_17;3750690;7638363.871911117;0.3333333333333333;3715913;8911956.844100008;0.3333428880185473;3613;0.5217938567728092
Meta_18;3750690;7638363.871911117;0.38888888888888884;3741127;9094283.797999995;0.38888010518003896;3613;0.14384610043599172
Meta_13;3750690;7638363.871911117;0.1111111111111111;3513350;7717471.832899995;0.23876273568651238;3617;0.9295211920640066
Meta_19;3750690;7638363.871911117;0.4444444444444444;3742057;9125873.697599994;0.3890102560570169;3607;0.1309480356196815
Meta_11;3750690;7638363.871911117;0.0;3724820;1.1023298181299988E7;0.13280660042700154;3650;0.6546410285631776
Meta_14;3750690;7638363.871911117;0.16666666666666666;3628710;9805859.031100005;0.22116736525823127;3644;0.8949669021763202
Meta_20;3750690;7638363.871911117;0.5;3741160;9096621.691199996;0.3954452969617359;3608;0.1491689599397621
Meta_12;3750690;7638363.871911117;0.05555555555555555;3632640;8773309.715299996;0.19638079040089948;3636;0.8516949948595205
Meta_30;3750690;1.5276727743822234E7;0.5;3750690;1.5267163989799984E7;0.3586949552795719;2286;0.0
Meta_28;3750690;1.5276727743822234E7;0.38888888888888884;3750690;1.5276568464299995E7;0.36580352658316984;2311;0.0
Meta_29;3750690;1.5276727743822234E7;0.4444444444444444;3750690;1.5222705949399995E7;0.36285888051808696;3314;0.0
Meta_27;3750690;1.5276727743822234E7;0.3333333333333333;3692178;1.5800770756000007E7;0.33333030899579386;3602;0.999999999999963
Meta_25;3750690;1.5276727743822234E7;0.2222222222222222;3701705;1.49069390004E7;0.2989281888008879;3621;0.9999999999999896
Meta_26;3750690;1.5276727743822234E7;0.2777777777777778;3745202;1.5098689717299998E7;0.27665254744102796;3621;0.9999999999995147
Meta_23;3750690;1.5276727743822234E7;0.1111111111111111;3612591;1.5828984748399995E7;0.25369775889003193;3627;1.0
Meta_24;3750690;1.5276727743822234E7;0.16666666666666666;3666656;1.525138036130001E7;0.2898077524195879;3626;0.9999999999999918
Meta_22;3750690;1.5276727743822234E7;0.05555555555555555;3528701;1.65375234419E7;0.2698785311468994;3670;0.9934340714610573
Meta_21;3750690;1.5276727743822234E7;0.0;3637576;1.5894286943899993E7;0.19153691224172856;3682;0.9506711278595459
Meta_31;3750690;2.291509161573335E7;0.0;3676937;2.2908916863100044E7;0.20853862211024793;3615;0.9582792412271218
Meta_32;3750690;2.291509161573335E7;0.05555555555555555;3639260;2.2579314475299995E7;0.29564052208759656;3612;0.9961907094205893
Meta_39;3750690;2.291509161573335E7;0.4444444444444444;3750690;2.29150902651E7;0.329680094053176;2543;0.0
Meta_38;3750690;2.291509161573335E7;0.38888888888888884;3750690;2.2915088334200002E7;0.355188106929928;2609;0.0
Meta_40;3750690;2.291509161573335E7;0.5;3750690;2.2905788487999998E7;0.3545977629749726;3026;0.0
Meta_37;3750690;2.291509161573335E7;0.3333333333333333;3750690;2.291413491629998E7;0.32489214249179615;3087;0.0
Meta_33;3750690;2.291509161573335E7;0.1111111111111111;3673267;2.184039071020001E7;0.28276704217424603;3612;0.999999999999994
Meta_34;3750690;2.291509161573335E7;0.16666666666666666;3695862;2.2913922151999984E7;0.22490754928922538;3604;0.9999999999999892
Meta_35;3750690;2.291509161573335E7;0.2222222222222222;3733559;2.2900965438999992E7;0.2250747705559962;3603;0.9999999999998858
Meta_36;3750690;2.291509161573335E7;0.2777777777777778;3715120;2.291509045860001E7;0.27669582909643087;3602;0.9999999999998158
Meta_50;3750690;3.0553455487644468E7;0.5;3750690;3.0449721549799997E7;0.3616657967117228;1834;0.0
Meta_41;3750690;3.0553455487644468E7;0.0;3713884;2.973292553060002E7;0.21821965722496797;3613;0.9564018069061998
Meta_42;3750690;3.0553455487644468E7;0.05555555555555555;3609789;2.8874196575799998E7;0.2830985669031298;3603;0.9946064466364165
Meta_48;3750690;3.0553455487644468E7;0.38888888888888884;3750690;3.055345483789999E7;0.3508614965594132;2530;0.0
Meta_49;3750690;3.0553455487644468E7;0.4444444444444444;3750690;3.055345447030001E7;0.3565253207423566;2512;0.0
Meta_43;3750690;3.0553455487644468E7;0.1111111111111111;3659170;3.0515469047399983E7;0.24990073087916018;3605;1.0
Meta_44;3750690;3.0553455487644468E7;0.16666666666666666;3642400;2.941398445450001E7;0.28604096086054004;3602;0.9999999999999949
Meta_47;3750690;3.0553455487644468E7;0.3333333333333333;3750690;3.05155564927E7;0.33105606497152135;3307;0.0
Meta_45;3750690;3.0553455487644468E7;0.2222222222222222;3660174;3.0444221822100036E7;0.22261402436340924;3607;0.999999999999939
Meta_46;3750690;3.0553455487644468E7;0.2777777777777778;3714420;3.0618171872899994E7;0.2777789487472095;3608;0.9999999999998841
Meta_57;3750690;3.819181935955559E7;0.3333333333333333;3750690;3.35760564063E7;0.3332864035726813;2115;0.0
Meta_58;3750690;3.819181935955559E7;0.38888888888888884;3750690;3.3950208558200024E7;0.3237346206244277;1836;0.0
Meta_51;3750690;3.819181935955559E7;0.0;3730888;3.813284848940001E7;0.22024809976915888;3611;0.9518482968428686
Meta_60;3750690;3.819181935955559E7;0.5;3750690;3.819181848549998E7;0.3660536114480523;2720;0.0
Meta_52;3750690;3.819181935955559E7;0.05555555555555555;3610193;3.43053856074E7;0.30477315362367147;3608;0.9954597810728358
Meta_53;3750690;3.819181935955559E7;0.1111111111111111;3552845;3.81901387049E7;0.2858828654564307;3639;0.9999999999999953
Meta_54;3750690;3.819181935955559E7;0.16666666666666666;3731316;3.678346903030004E7;0.2086529457119945;3604;0.9999999999999718
Meta_55;3750690;3.819181935955559E7;0.2222222222222222;3709336;3.8319856962000005E7;0.2222225007961564;3602;0.9999999999999225
Meta_56;3750690;3.819181935955559E7;0.2777777777777778;3749582;3.819181547139997E7;0.2777777883241619;3606;0.9999999999970142
Meta_59;3750690;3.819181935955559E7;0.4444444444444444;3750690;3.81918055757E7;0.3738873217705606;3623;0.0
Meta_61;3750690;4.58301832314667E7;0.0;3723325;4.5830203125399984E7;0.23079994739748647;3611;0.9610259713360904
Meta_62;3750690;4.58301832314667E7;0.05555555555555555;3654941;3.675649524250001E7;0.2593292506854171;3615;0.9950874835140605
Meta_67;3750690;4.58301832314667E7;0.3333333333333333;3750690;4.4046637977600016E7;0.3195150606694724;2636;0.0
Meta_69;3750690;4.58301832314667E7;0.4444444444444444;3750690;4.449616987370004E7;0.3866711904830194;2647;0.0
Meta_70;3750690;4.58301832314667E7;0.5;3750690;4.559902721060001E7;0.3856662954521361;2276;0.0
Meta_63;3750690;4.58301832314667E7;0.1111111111111111;3569361;4.409301759469993E7;0.1972642752276234;3610;1.0
Meta_64;3750690;4.58301832314667E7;0.16666666666666666;3735630;4.484408458610003E7;0.17434184041538087;3613;0.9999999999998652
Meta_66;3750690;4.58301832314667E7;0.2777777777777778;3746574;4.479331200310005E7;0.2777780737548129;3603;0.9999999999989619
Meta_65;3750690;4.58301832314667E7;0.2222222222222222;3724604;4.566091612779999E7;0.22222379993918442;3607;0.9999999999998124
Meta_68;3750690;4.58301832314667E7;0.38888888888888884;3750690;4.58301814051E7;0.3785179590997049;3584;0.0
Meta_79;3750690;5.346854710337782E7;0.4444444444444444;3750690;4.660157740979999E7;0.37085699240202985;1936;0.0
Meta_78;3750690;5.346854710337782E7;0.38888888888888884;3750690;5.099013486889996E7;0.33313856611088166;2301;0.0
Meta_71;3750690;5.346854710337782E7;0.0;3674347;4.4979213771800004E7;0.1723056070701367;3612;0.9379214538950196
Meta_72;3750690;5.346854710337782E7;0.05555555555555555;3659353;5.280392081109998E7;0.23133822893998482;3627;0.9939595829953185
Meta_80;3750690;5.346854710337782E7;0.5;3750690;5.346854708230003E7;0.3372333200851278;2407;0.0
Meta_73;3750690;5.346854710337782E7;0.1111111111111111;3625006;5.346787975500005E7;0.24672564089138888;3624;1.0
Meta_74;3750690;5.346854710337782E7;0.16666666666666666;3692321;5.153487983630004E7;0.17440262784928984;3613;0.9999999999999821
Meta_75;3750690;5.346854710337782E7;0.2222222222222222;3725764;5.3423804936400004E7;0.22572060044309353;3609;0.9999999999998996
Meta_76;3750690;5.346854710337782E7;0.2777777777777778;3747109;5.277013302130003E7;0.27452303261696814;3623;0.9999999999988417
Meta_77;3750690;5.346854710337782E7;0.3333333333333333;3750690;4.889617536690003E7;0.33164971155908735;3498;0.0
Meta_89;3750690;6.1106910975288935E7;0.4444444444444444;3750690;4.1983461139400005E7;0.3327009431720437;1069;0.0
Meta_86;3750690;6.1106910975288935E7;0.2777777777777778;3750690;5.239716108069998E7;0.2760559136270982;1788;0.0
Meta_87;3750690;6.1106910975288935E7;0.3333333333333333;3750690;5.1651063938500024E7;0.3129823896266295;1822;0.0
Meta_90;3750690;6.1106910975288935E7;0.5;3750690;5.048433235840001E7;0.35528685393207216;2049;0.0
Meta_81;3750690;6.1106910975288935E7;0.0;3712368;6.107177510110001E7;0.1944916409134682;3610;0.9466305362238621
Meta_82;3750690;6.1106910975288935E7;0.05555555555555555;3644007;5.960730579689998E7;0.2857831168060667;3613;0.9964101261895526
Meta_83;3750690;6.1106910975288935E7;0.1111111111111111;3693753;4.352793846499997E7;0.21841424152698063;3605;1.0
Meta_84;3750690;6.1106910975288935E7;0.16666666666666666;3706894;5.890400097310006E7;0.21030883775571615;3610;0.9999999999999842
Meta_85;3750690;6.1106910975288935E7;0.2222222222222222;3749888;5.78539660027E7;0.22222277170123858;3608;0.9999999999942087
Meta_88;3750690;6.1106910975288935E7;0.38888888888888884;3750690;5.202440072019998E7;0.33615437709341567;3229;0.0
Meta_98;3750690;6.874527484720005E7;0.38888888888888884;3750690;6.295705542119998E7;0.3571944272346599;1229;0.0
Meta_91;3750690;6.874527484720005E7;0.0;3715007;2.8334794839899987E7;0.14408358231263585;3620;0.8724563629904126
Meta_99;3750690;6.874527484720005E7;0.4444444444444444;3750690;6.700402880759996E7;0.3552912751457067;2026;0.0
Meta_92;3750690;6.874527484720005E7;0.05555555555555555;3648188;3.570368415600002E7;0.24567280322107293;3608;0.9944676177433902
Meta_93;3750690;6.874527484720005E7;0.1111111111111111;3654954;5.094098816510003E7;0.230255702096875;3631;1.0
Meta_100;3750690;6.874527484720005E7;0.5;3750690;5.481943884059995E7;0.3618781774898915;2685;0.0
Meta_94;3750690;6.874527484720005E7;0.16666666666666666;3738804;6.575643578740001E7;0.21341415079846898;3619;0.9999999999999775
Meta_95;3750690;6.874527484720005E7;0.2222222222222222;3734660;6.343618542580006E7;0.2222207081488935;3632;0.9999999999998253
Meta_96;3750690;6.874527484720005E7;0.2777777777777778;3724870;6.363151656529999E7;0.2722796194085607;3616;0.9999999999998797
Meta_97;3750690;6.874527484720005E7;0.3333333333333333;3750690;6.225508084320003E7;0.34351391915874413;3629;0.9999999999999325
Meta_101;3617396;0.0;0.0;3617396;8331860.910299996;0.18202815559832194;3628;0.6888349527045144
Meta_102;3617396;0.0;0.05555555555555555;3619234;8284157.462099997;0.20669251917613005;3624;0.7543653722364408
Meta_103;3617396;0.0;0.1111111111111111;3617392;6767197.935100003;0.26101907823903964;3617;0.8184031387081284
Meta_104;3617396;0.0;0.16666666666666666;3617042;6975881.968100001;0.20938474271537796;3608;0.6268947855385363
Meta_105;3617396;0.0;0.2222222222222222;3617576;5978305.037699999;0.27984426331071166;3614;0.7407673611290342
Meta_106;3617396;0.0;0.2777777777777778;3617396;6227769.022099999;0.27777898635271525;3625;0.27050591402059626
Meta_107;3617396;0.0;0.3333333333333333;3617396;4812767.2080000015;0.33333416496296076;3607;0.10325291866654725
Meta_108;3617396;0.0;0.38888888888888884;3617396;4788929.858599999;0.38888716599517265;3619;0.1326347063452939
Meta_110;3617396;0.0;0.5;3617396;4119277.3632000005;0.48520224765529224;3316;0.0
Meta_109;3617396;0.0;0.4444444444444444;3617396;4317161.401;0.4443975191214707;3605;0.08977832820999815
Meta_111;3617396;7638363.871911117;0.0;3617396;1.0054163518899994E7;0.21269036983804362;3626;0.9827358999034372
Meta_112;3617396;7638363.871911117;0.05555555555555555;3494488;1.246169830289999E7;0.16302564005376916;3620;1.0
Meta_113;3617396;7638363.871911117;0.1111111111111111;-;-;-;-;-
Meta_114;3617396;7638363.871911117;0.16666666666666666;3383629;1.1284719948900003E7;0.1820104123630648;3616;1.0
Meta_115;3617396;7638363.871911117;0.2222222222222222;3617412;7636327.629099994;0.22222421747454105;3566;0.0
Meta_117;3617396;7638363.871911117;0.3333333333333333;3617396;7544257.8588;0.33331839046782386;2964;0.0
Meta_120;3617396;7638363.871911117;0.5;3617396;7638362.623699999;0.4692249773497009;2527;0.0
Meta_116;3617396;7638363.871911117;0.2777777777777778;3617396;7582682.064400007;0.2777636696042425;3190;0.0
Meta_119;3617396;7638363.871911117;0.4444444444444444;3617396;7520415.241199999;0.44444400475765056;2820;0.0
Meta_118;3617396;7638363.871911117;0.38888888888888884;3549325;1.0499286694799997E7;0.38763103415822264;3644;1.0
Meta_121;3617396;1.5276727743822234E7;0.0;3617396;1.5294519290100003E7;0.15077438897160883;3619;0.9600655253466336
Meta_130;3617396;1.5276727743822234E7;0.5;3617396;1.5275354040999997E7;0.46609302435678807;2178;0.0
Meta_122;3617396;1.5276727743822234E7;0.05555555555555555;3617396;1.5272472317399997E7;0.14007448487661192;3617;1.0
Meta_127;3617396;1.5276727743822234E7;0.3333333333333333;3617396;1.5270959723299995E7;0.3333261352982645;3192;0.0
Meta_123;3617396;1.5276727743822234E7;0.1111111111111111;3617261;1.52981580592E7;0.21303126959168459;3625;1.0
Meta_124;3617396;1.5276727743822234E7;0.16666666666666666;3617396;1.5678637806999981E7;0.3100367527728874;3617;1.0
Meta_125;3617396;1.5276727743822234E7;0.2222222222222222;3617396;1.5276730448399987E7;0.35443840771995944;3606;1.0
Meta_126;3617396;1.5276727743822234E7;0.2777777777777778;3611323;1.5069007508099992E7;0.28981008950982445;3609;1.0
Meta_129;3617396;1.5276727743822234E7;0.4444444444444444;3617397;1.5253350676700002E7;0.44443205424860094;3437;0.0
Meta_128;3617396;1.5276727743822234E7;0.38888888888888884;3617450;1.5623322622999998E7;0.3890055647153978;3606;1.0
Meta_140;3617396;2.291509161573335E7;0.5;3617396;2.28582884658E7;0.46737971375658915;1888;0.0
Meta_138;3617396;2.291509161573335E7;0.38888888888888884;3617396;2.2915074958400004E7;0.3416868432034765;2245;0.0
Meta_139;3617396;2.291509161573335E7;0.4444444444444444;3617396;2.29150744764E7;0.4222691858227005;2248;0.0
Meta_137;3617396;2.291509161573335E7;0.3333333333333333;3617396;2.2877776707100004E7;0.3333260705330142;2741;0.0
Meta_131;3617396;2.291509161573335E7;0.0;3589992;2.2908704543399982E7;0.2724303230098471;3626;0.9886326028567247
Meta_132;3617396;2.291509161573335E7;0.05555555555555555;3235636;1.733518293520003E7;0.33860832244747735;3630;1.0
Meta_133;3617396;2.291509161573335E7;0.1111111111111111;3617396;2.30317632194E7;0.14757959734265183;3652;1.0
Meta_134;3617396;2.291509161573335E7;0.16666666666666666;3617396;2.3034593204299998E7;0.19289580798926048;3618;1.0
Meta_135;3617396;2.291509161573335E7;0.2222222222222222;3617396;2.2708829491800014E7;0.22220761019375637;3581;0.0
Meta_136;3617396;2.291509161573335E7;0.2777777777777778;3519598;2.5057241255700003E7;0.27777111496284473;3620;1.0
Meta_150;3617396;3.0553455487644468E7;0.5;3617396;3.004620651120001E7;0.480640109209418;1587;0.0
Meta_141;3617396;3.0553455487644468E7;0.0;3617412;2.9471974826999985E7;0.1142902240052042;3629;0.9303438203858581
Meta_147;3617396;3.0553455487644468E7;0.3333333333333333;3617396;3.026310450429998E7;0.3333329119455525;2673;0.0
Meta_142;3617396;3.0553455487644468E7;0.05555555555555555;3617396;2.9939409072099987E7;0.16490833454426443;3614;1.0
Meta_143;3617396;3.0553455487644468E7;0.1111111111111111;3362434;2.968111242250001E7;0.11277807114644985;3620;1.0
Meta_149;3617396;3.0553455487644468E7;0.4444444444444444;3617396;2.549175753529999E7;0.4443755418614803;2616;0.0
Meta_145;3617396;3.0553455487644468E7;0.2222222222222222;3617275;3.055085361360002E7;0.2782465348046925;3610;1.0
Meta_144;3617396;3.0553455487644468E7;0.16666666666666666;3617396;3.0558265825499993E7;0.1854213823016511;3630;1.0
Meta_146;3617396;3.0553455487644468E7;0.2777777777777778;3617396;2.91537119002E7;0.39185898702990235;3610;1.0
Meta_148;3617396;3.0553455487644468E7;0.38888888888888884;3562880;2.8823176126999985E7;0.38889000027523474;3622;1.0
Meta_160;3617396;3.819181935955559E7;0.5;3617396;3.518753544559999E7;0.4697533921185064;777;0.0
Meta_155;3617396;3.819181935955559E7;0.2222222222222222;3617396;3.799349214650003E7;0.2218086620053001;2222;0.0
Meta_151;3617396;3.819181935955559E7;0.0;3617396;3.592141228460002E7;0.14290527500166095;3625;0.9567295402523969
Meta_152;3617396;3.819181935955559E7;0.05555555555555555;3614980;3.817963558220002E7;0.14245042819929152;3611;1.0
Meta_153;3617396;3.819181935955559E7;0.1111111111111111;3617396;3.817638086659997E7;0.17759632587716748;3615;1.0
Meta_154;3617396;3.819181935955559E7;0.16666666666666666;3617396;3.81917597091E7;0.16661304965950355;3610;0.0
Meta_156;3617396;3.819181935955559E7;0.2777777777777778;3613230;3.4105821892599985E7;0.338393953258773;3606;1.0
Meta_157;3617396;3.819181935955559E7;0.3333333333333333;3617396;3.812675867270003E7;0.33331716843206793;3435;0.0
Meta_159;3617396;3.819181935955559E7;0.4444444444444444;3617396;3.2037723627999987E7;0.4443909050300511;3149;0.0
Meta_158;3617396;3.819181935955559E7;0.38888888888888884;3596709;3.737870742579999E7;0.38907388389005815;3603;1.0
Meta_161;3617396;4.58301832314667E7;0.0;-;-;-;-;-
Meta_162;3617396;4.58301832314667E7;0.05555555555555555;3617338;3.86854781105E7;0.17058257737940297;3616;1.0
Meta_170;3617396;4.58301832314667E7;0.5;3617396;4.58120344782E7;0.4857314591486544;2071;0.0
Meta_167;3617396;4.58301832314667E7;0.3333333333333333;3619556;4.542400146769998E7;0.3333293836341181;2545;0.0
Meta_163;3617396;4.58301832314667E7;0.1111111111111111;3617714;4.37818297895E7;0.11485841267275525;3611;1.0
Meta_169;3617396;4.58301832314667E7;0.4444444444444444;3617396;4.43344189903E7;0.44046310057899185;2487;0.0
Meta_168;3617396;4.58301832314667E7;0.38888888888888884;3617396;3.2842758402000003E7;0.3888617622051506;3154;0.0
Meta_164;3617396;4.58301832314667E7;0.16666666666666666;3626622;4.583296291490005E7;0.18362918136557338;3622;1.0
Meta_165;3617396;4.58301832314667E7;0.2222222222222222;3617396;3.285108709239998E7;0.4317941294899851;3611;1.0
Meta_166;3617396;4.58301832314667E7;0.2777777777777778;3579885;4.588176751049998E7;0.3032052473900497;3609;1.0
Meta_175;3617396;5.346854710337782E7;0.2222222222222222;3617396;4.622167386229998E7;0.19619199328338205;2370;0.0
Meta_171;3617396;5.346854710337782E7;0.0;3617396;5.046756317089998E7;0.13832924792306994;3637;0.9524494985696563
Meta_180;3617396;5.346854710337782E7;0.5;3617396;3.543800784779998E7;0.4824031981210229;1974;0.0
Meta_177;3617396;5.346854710337782E7;0.3333333333333333;3617396;4.582931398600001E7;0.33329779765224277;2284;0.0
Meta_179;3617396;5.346854710337782E7;0.4444444444444444;3618017;3.977227796139999E7;0.4341485010476439;2306;0.0
Meta_172;3617396;5.346854710337782E7;0.05555555555555555;3617396;5.346854671269997E7;0.16978497216294183;3618;1.0
Meta_174;3617396;5.346854710337782E7;0.16666666666666666;3617396;5.33375803341E7;0.16666707344052503;3403;0.0
Meta_173;3617396;5.346854710337782E7;0.1111111111111111;3617396;5.342752781389999E7;0.15026087430395674;3621;1.0
Meta_178;3617396;5.346854710337782E7;0.38888888888888884;3617396;5.2897127249200016E7;0.3831585962489841;3014;0.0
Meta_176;3617396;5.346854710337782E7;0.2777777777777778;3617396;3.446800279390001E7;0.27728110831217373;3600;0.0
Meta_190;3617396;6.1106910975288935E7;0.5;3617396;3.3013501794999987E7;0.4890115672290039;882;0.0
Meta_184;3617396;6.1106910975288935E7;0.16666666666666666;3617396;6.108762541029998E7;0.1660136480689053;2753;0.0
Meta_185;3617396;6.1106910975288935E7;0.2222222222222222;3617396;6.090438734210003E7;0.22222263257760477;2800;0.0
Meta_181;3617396;6.1106910975288935E7;0.0;3617306;4.8925496096099995E7;0.1406817110184413;3629;0.95408340982237
Meta_182;3617396;6.1106910975288935E7;0.05555555555555555;3617396;5.347288037509997E7;0.15406961697857965;3613;1.0
Meta_183;3617396;6.1106910975288935E7;0.1111111111111111;3617398;5.0851103313199975E7;0.13670973591122432;3623;1.0
Meta_187;3617396;6.1106910975288935E7;0.3333333333333333;3617396;3.54278737051E7;0.33331451558137226;3373;0.0
Meta_186;3617396;6.1106910975288935E7;0.2777777777777778;3588919;3.1449078767499994E7;0.39832574343824917;3623;1.0
Meta_188;3617396;6.1106910975288935E7;0.38888888888888884;3557256;6.158362992640001E7;0.3884087991400079;3604;1.0
Meta_189;3617396;6.1106910975288935E7;0.4444444444444444;3611541;5.830072814199998E7;0.4372050705730056;3605;1.0
Meta_191;3617396;6.874527484720005E7;0.0;3531821;3.937523735170004E7;0.27668365859451916;3616;0.9898431108193971
Meta_194;3617396;6.874527484720005E7;0.16666666666666666;3617396;6.87046131318001E7;0.16340766895252223;3001;0.0
Meta_199;3617396;6.874527484720005E7;0.4444444444444444;3617396;3.62414274271E7;0.4248898943380315;2344;0.0
Meta_192;3617396;6.874527484720005E7;0.05555555555555555;3617413;5.6010354527700014E7;0.11942117402890787;3622;1.0
Meta_196;3617396;6.874527484720005E7;0.2777777777777778;3617396;4.4544445271900006E7;0.27777820239712187;2851;0.0
Meta_200;3617396;6.874527484720005E7;0.5;3617396;3.981916768440003E7;0.4743889769279584;2202;0.0
Meta_193;3617396;6.874527484720005E7;0.1111111111111111;3617370;6.874462343120004E7;0.14803444291289633;3608;1.0
Meta_195;3617396;6.874527484720005E7;0.2222222222222222;3620315;6.874531447360002E7;0.24017332598137378;3617;1.0
Meta_198;3617396;6.874527484720005E7;0.38888888888888884;3619994;4.65154433295E7;0.38879121503987835;3269;0.0
Meta_197;3617396;6.874527484720005E7;0.3333333333333333;3617396;3.3464453120200004E7;0.3333333226318301;3403;0.0
Meta_201;3484102;0.0;0.0;3484102;6585509.568099992;0.17945318166611698;3616;0.748849534070938
Meta_210;3484102;0.0;0.5;3484102;1103456.9041000004;0.48131656023386543;2047;0.0
Meta_202;3484102;0.0;0.05555555555555555;3484102;6800853.690000007;0.19215422463650428;3620;0.8050087199392558
Meta_203;3484102;0.0;0.1111111111111111;3485925;6582907.883700004;0.2561886344550681;3613;0.8861895824073832
Meta_204;3484102;0.0;0.16666666666666666;3486535;5291971.469199997;0.2629971164668208;3603;0.8745008632365305
Meta_205;3484102;0.0;0.2222222222222222;3484102;5033716.281200004;0.32211992721292687;3614;0.9220745643006176
Meta_206;3484102;0.0;0.2777777777777778;1627743;1.12619713626E7;0.3351736783907888;3613;0.9857636620870041
Meta_207;3484102;0.0;0.3333333333333333;3484102;3221648.004200001;0.3337600001291918;3602;0.5393777728361663
Meta_208;3484102;0.0;0.38888888888888884;3484102;2117132.2523999996;0.3888892421494304;3622;0.40377162788757687
Meta_209;3484102;0.0;0.4444444444444444;3484102;1189012.3173;0.4444443572812731;3626;0.08312872085660875
Meta_220;3484102;7638363.871911117;0.5;3484102;7487735.201499999;0.48637340830819786;570;0.0
Meta_211;3484102;7638363.871911117;0.0;3485641;9593533.489300003;0.15289987903826716;3615;0.9699599293644239
Meta_212;3484102;7638363.871911117;0.05555555555555555;3484102;7872226.159200007;0.15688919318676955;3614;1.0
Meta_213;3484102;7638363.871911117;0.1111111111111111;3484102;8191369.916299996;0.16632019438576873;3627;1.0
Meta_214;3484102;7638363.871911117;0.16666666666666666;3485247;7678646.308900002;0.1756112680063507;3612;1.0
Meta_216;3484102;7638363.871911117;0.2777777777777778;3484102;7638388.136300001;0.3617611204307593;3608;1.0
Meta_215;3484102;7638363.871911117;0.2222222222222222;3484102;8792213.956999999;0.33187022249769704;3631;1.0
Meta_218;3484102;7638363.871911117;0.38888888888888884;3484102;8182169.9687;0.38779539108364997;3606;1.0
Meta_217;3484102;7638363.871911117;0.3333333333333333;3484102;7647625.275500001;0.39556275814833775;3612;1.0
Meta_219;3484102;7638363.871911117;0.4444444444444444;3456840;8528453.393099999;0.4444599175579606;3650;1.0
Meta_230;3484102;1.5276727743822234E7;0.5;3484102;9104539.0672;0.4857569861317872;421;0.0
Meta_221;3484102;1.5276727743822234E7;0.0;3484102;1.462082502090001E7;0.26046612439137695;3635;0.9866617075644477
Meta_222;3484102;1.5276727743822234E7;0.05555555555555555;3498412;1.5238794647400001E7;0.0770756341855805;3612;1.0
Meta_223;3484102;1.5276727743822234E7;0.1111111111111111;3484102;1.5257006503300013E7;0.2109554386587588;3613;1.0
Meta_224;3484102;1.5276727743822234E7;0.16666666666666666;3484102;1.5825224893600006E7;0.21183928570770671;3620;1.0
Meta_225;3484102;1.5276727743822234E7;0.2222222222222222;3484102;1.694035869310001E7;0.27476626180443714;3607;1.0
Meta_227;3484102;1.5276727743822234E7;0.3333333333333333;3484102;1.5556924464400012E7;0.393538287198423;3604;1.0
Meta_226;3484102;1.5276727743822234E7;0.2777777777777778;3420300;1.5750360515600007E7;0.3704336697066564;3607;1.0
Meta_229;3484102;1.5276727743822234E7;0.4444444444444444;3484102;1.5304955530999996E7;0.44280190142332876;3608;1.0
Meta_228;3484102;1.5276727743822234E7;0.38888888888888884;3446189;1.7102746816600014E7;0.38476051691961993;3631;1.0
Meta_240;3484102;2.291509161573335E7;0.5;3484102;1.4075961621599989E7;0.4881469563722464;425;0.0
Meta_231;3484102;2.291509161573335E7;0.0;-;-;-;-;-
Meta_232;3484102;2.291509161573335E7;0.05555555555555555;3484102;2.291503303529998E7;0.14821171614994344;3609;1.0
Meta_233;3484102;2.291509161573335E7;0.1111111111111111;3484102;2.292052539309999E7;0.16240411265417826;3616;1.0
Meta_234;3484102;2.291509161573335E7;0.16666666666666666;3484102;2.3306763409E7;0.18243575675103552;3612;1.0
Meta_239;3484102;2.291509161573335E7;0.4444444444444444;3484102;2.28938483294E7;0.4444449908545073;2640;0.0
Meta_236;3484102;2.291509161573335E7;0.2777777777777778;3510052;2.198865873349999E7;0.2777787346424668;3232;0.0
Meta_238;3484102;2.291509161573335E7;0.38888888888888884;3484105;2.1091590535099998E7;0.3888728965263427;3233;0.0
Meta_235;3484102;2.291509161573335E7;0.2222222222222222;3484102;2.295420724780002E7;0.3705543328444284;3613;1.0
Meta_237;3484102;2.291509161573335E7;0.3333333333333333;3416043;2.3443419767300002E7;0.3410165768619447;3607;1.0
Meta_241;3484102;3.0553455487644468E7;0.0;3484087;2.7459133996200003E7;0.20988197385745702;3632;0.9792081648562522
Meta_242;3484102;3.0553455487644468E7;0.05555555555555555;3496461;3.03785432827E7;0.061458717257957374;3612;1.0
Meta_243;3484102;3.0553455487644468E7;0.1111111111111111;3491182;2.4016655048600018E7;0.14878404683822266;3612;1.0
Meta_250;3484102;3.0553455487644468E7;0.5;3484102;3.0502471388500012E7;0.4881400116210617;1541;0.0
Meta_248;3484102;3.0553455487644468E7;0.38888888888888884;3484102;1.1897138626099996E7;0.3788722005909172;2228;0.0
Meta_244;3484102;3.0553455487644468E7;0.16666666666666666;3484102;3.0553455088500015E7;0.30035743680582894;3616;1.0
Meta_245;3484102;3.0553455487644468E7;0.2222222222222222;3484102;2.7983385781800043E7;0.23426252107417644;3614;1.0
Meta_246;3484102;3.0553455487644468E7;0.2777777777777778;3484102;3.0553523815599985E7;0.43838340009312626;3630;1.0
Meta_247;3484102;3.0553455487644468E7;0.3333333333333333;3485421;2.998824031919999E7;0.3333332301479965;3431;0.0
Meta_249;3484102;3.0553455487644468E7;0.4444444444444444;3484102;2.051353502070002E7;0.44444052176144727;3591;0.0
Meta_260;3484102;3.819181935955559E7;0.5;3484102;3.616451479479998E7;0.48399434184813117;535;0.0
Meta_251;3484102;3.819181935955559E7;0.0;2948154;1.9501439254200004E7;0.32591605229356424;3662;0.9953747043783344
Meta_252;3484102;3.819181935955559E7;0.05555555555555555;3487309;3.818934453969999E7;0.1078466953510539;3619;1.0
Meta_253;3484102;3.819181935955559E7;0.1111111111111111;3498600;3.81813311812E7;0.12657414499944192;3625;1.0
Meta_254;3484102;3.819181935955559E7;0.16666666666666666;3484102;3.855168396319998E7;0.23320945838908985;3615;1.0
Meta_258;3484102;3.819181935955559E7;0.38888888888888884;3484347;3.766202880669999E7;0.3888889097717608;2499;0.0
Meta_255;3484102;3.819181935955559E7;0.2222222222222222;3533498;3.7817399745000035E7;0.22222285127343852;3535;0.0
Meta_257;3484102;3.819181935955559E7;0.3333333333333333;3484195;3.455078299759999E7;0.3333316679898956;2858;0.0
Meta_256;3484102;3.819181935955559E7;0.2777777777777778;3484102;3.0988954065899998E7;0.29549366344021805;3621;1.0
Meta_259;3484102;3.819181935955559E7;0.4444444444444444;3484102;2.008952948870001E7;0.44444451585821954;3573;0.0
Meta_270;3484102;4.58301832314667E7;0.5;3484102;3.8354468691299975E7;0.4826103290508994;424;0.0
Meta_261;3484102;4.58301832314667E7;0.0;3484102;3.8725871282800026E7;0.15590863542587438;3646;0.965656326541368
Meta_266;3484102;4.58301832314667E7;0.2777777777777778;3484102;4.583018279989999E7;0.24017815549410482;2344;0.0
Meta_264;3484102;4.58301832314667E7;0.16666666666666666;3489972;3.544705777770001E7;0.16666236383910973;2725;0.0
Meta_262;3484102;4.58301832314667E7;0.05555555555555555;3497859;4.523179557860004E7;0.11039359927857487;3617;1.0
Meta_263;3484102;4.58301832314667E7;0.1111111111111111;3483999;4.563783661299994E7;0.12598700081706823;3619;1.0
Meta_265;3484102;4.58301832314667E7;0.2222222222222222;3482419;3.3443215934000004E7;0.23121115847098836;3624;1.0
Meta_269;3484102;4.58301832314667E7;0.4444444444444444;3484404;4.5703527580499955E7;0.4444452604542474;2696;0.0
Meta_268;3484102;4.58301832314667E7;0.38888888888888884;3484116;4.549085907049996E7;0.3888563742988629;3281;0.0
Meta_267;3484102;4.58301832314667E7;0.3333333333333333;3484102;2.7817316400300004E7;0.3363486887306565;3614;1.0
Meta_280;3484102;5.346854710337782E7;0.5;3484102;3.7984732344E7;0.4825876977362876;459;0.0
Meta_271;3484102;5.346854710337782E7;0.0;-;-;-;-;-
Meta_276;3484102;5.346854710337782E7;0.2777777777777778;3487333;5.3468545184499994E7;0.2510462795679308;2431;0.0
Meta_272;3484102;5.346854710337782E7;0.05555555555555555;3502951;5.332097245390002E7;0.09696557059276324;3613;1.0
Meta_273;3484102;5.346854710337782E7;0.1111111111111111;3484102;5.3406178099399984E7;0.1111112525237435;3496;0.0
Meta_279;3484102;5.346854710337782E7;0.4444444444444444;3484400;4.35625409788E7;0.4444260784566836;2213;0.0
Meta_278;3484102;5.346854710337782E7;0.38888888888888884;3484102;5.042187874380003E7;0.38885956493697255;2361;0.0
Meta_274;3484102;5.346854710337782E7;0.16666666666666666;3484103;5.256741704029995E7;0.166111266971425;3497;0.0
Meta_275;3484102;5.346854710337782E7;0.2222222222222222;3484124;5.1962851337000005E7;0.22616646680981423;3612;1.0
Meta_277;3484102;5.346854710337782E7;0.3333333333333333;3484102;4.9140253640999995E7;0.3333087480773002;3612;0.0
Meta_290;3484102;6.1106910975288935E7;0.5;3484102;3.9187506872099996E7;0.482222467370104;468;0.0
Meta_281;3484102;6.1106910975288935E7;0.0;3488840;3.762259614090001E7;0.13105164161583882;3612;0.9540072658926233
Meta_289;3484102;6.1106910975288935E7;0.4444444444444444;3484165;4.9330489788799986E7;0.44444381963758206;2163;0.0
Meta_286;3484102;6.1106910975288935E7;0.2777777777777778;3484102;5.06323033815E7;0.2777784876263124;2661;0.0
Meta_283;3484102;6.1106910975288935E7;0.1111111111111111;3487511;4.424450997609998E7;0.1110376202636391;3391;0.0
Meta_282;3484102;6.1106910975288935E7;0.05555555555555555;3484119;6.1106905330199935E7;0.08363789509396795;3608;1.0
Meta_288;3484102;6.1106910975288935E7;0.38888888888888884;3484102;5.269356974890002E7;0.38888347260925515;3241;0.0
Meta_287;3484102;6.1106910975288935E7;0.3333333333333333;3484130;4.749562106199999E7;0.33333180826091124;3268;0.0
Meta_285;3484102;6.1106910975288935E7;0.2222222222222222;3484980;4.042202453909993E7;0.2222220092334733;3448;0.0
Meta_284;3484102;6.1106910975288935E7;0.16666666666666666;3484102;4.0137705182500005E7;0.1660643000733286;3526;0.0
Meta_300;3484102;6.874527484720005E7;0.5;3484102;3.818090400639998E7;0.48750759966670254;512;0.0
Meta_294;3484102;6.874527484720005E7;0.16666666666666666;3486779;3.574473312149997E7;0.16666875623874988;2361;0.0
Meta_291;3484102;6.874527484720005E7;0.0;3484102;3.396741126589998E7;0.13085554530052548;3632;0.9512623631062639
Meta_292;3484102;6.874527484720005E7;0.05555555555555555;3484147;6.5023378633599944E7;0.061130131014823;3606;1.0
Meta_299;3484102;6.874527484720005E7;0.4444444444444444;3484150;4.61178335223E7;0.44440178550501175;2180;0.0
Meta_293;3484102;6.874527484720005E7;0.1111111111111111;3496254;6.4314394036400035E7;0.1516667889868845;3617;1.0
Meta_295;3484102;6.874527484720005E7;0.2222222222222222;3485935;5.935018294339996E7;0.22196493341993545;3594;0.0
Meta_298;3484102;6.874527484720005E7;0.38888888888888884;3484102;4.8310438650400005E7;0.3888887408013796;3285;0.0
Meta_296;3484102;6.874527484720005E7;0.2777777777777778;3484102;5.512636941050002E7;0.28766591976476447;3613;1.0
Meta_297;3484102;6.874527484720005E7;0.3333333333333333;3484102;4.7323550212500006E7;0.3944899235777365;3608;1.0
Meta_301;3350809;0.0;0.0;3354507;5998108.823000004;0.16738449182554557;3633;0.798825341125566
Meta_310;3350809;0.0;0.5;3351407;0.0;0.44895062229291394;1342;0.0
Meta_302;3350809;0.0;0.05555555555555555;3351669;5835695.717700001;0.19316076665500806;3620;0.863036219836024
Meta_303;3350809;0.0;0.1111111111111111;3350866;6043103.545499998;0.21373894220909115;3620;0.899698789317239
Meta_304;3350809;0.0;0.16666666666666666;3351352;5678426.2496;0.31558147957708543;3619;0.9810012799578344
Meta_305;3350809;0.0;0.2222222222222222;1517105;17278.880400000002;0.104120183770496;3618;0.9894956479358702
Meta_306;3350809;0.0;0.2777777777777778;3067406;2974484.726899999;0.3215450395977894;3617;0.979293633717626
Meta_309;3350809;0.0;0.4444444444444444;3351927;0.0;0.4442833409092636;3441;0.0
Meta_307;3350809;0.0;0.3333333333333333;3335988;3357505.474900001;0.3345521669025058;3604;0.9481933995164182
Meta_308;3350809;0.0;0.38888888888888884;3350809;1417944.3677000015;0.3889022059592647;3623;1.0
Meta_320;3350809;7638363.871911117;0.5;3350809;4943219.7175;0.4667067917101981;318;0.0
Meta_311;3350809;7638363.871911117;0.0;3350865;7633807.914500001;0.24629555606257594;3619;0.9854022049809559
Meta_312;3350809;7638363.871911117;0.05555555555555555;3350809;7647724.343400003;0.19011467710185362;3625;1.0
Meta_313;3350809;7638363.871911117;0.1111111111111111;3350809;7599132.369599995;0.17151718303822594;3624;1.0
Meta_316;3350809;7638363.871911117;0.2777777777777778;3350809;7542853.547200005;0.2776335561175869;3226;0.0
Meta_314;3350809;7638363.871911117;0.16666666666666666;3350988;7587221.375100013;0.1932595861542421;3615;1.0
Meta_315;3350809;7638363.871911117;0.2222222222222222;3350809;1.0515833194000004E7;0.3025367862491814;3606;1.0
Meta_317;3350809;7638363.871911117;0.3333333333333333;3350809;7406885.152;0.3333314082350915;3331;0.0
Meta_319;3350809;7638363.871911117;0.4444444444444444;3355252;7309681.251399999;0.4444444668201692;3418;0.0
Meta_318;3350809;7638363.871911117;0.38888888888888884;3350809;1.0306041150900004E7;0.3888895611524523;3646;1.0
Meta_321;3350809;1.5276727743822234E7;0.0;3425372;1.5377897341600006E7;0.10461709308274354;3650;0.9256163915459592
Meta_328;3350809;1.5276727743822234E7;0.38888888888888884;3350809;1.5276720294100003E7;0.3873533084683839;1055;0.0
Meta_322;3350809;1.5276727743822234E7;0.05555555555555555;3350854;1.5400977584199997E7;0.22042927162296136;3608;1.0
Meta_324;3350809;1.5276727743822234E7;0.16666666666666666;3350809;1.527616896219999E7;0.16666717859688893;3131;0.0
Meta_323;3350809;1.5276727743822234E7;0.1111111111111111;3357736;1.530123129929999E7;0.17147689960500656;3612;1.0
Meta_325;3350809;1.5276727743822234E7;0.2222222222222222;3350809;1.5768525905499997E7;0.34927275040997446;3621;1.0
Meta_326;3350809;1.5276727743822234E7;0.2777777777777778;3350809;1.6381235935300013E7;0.42221249166717867;3615;1.0
Meta_327;3350809;1.5276727743822234E7;0.3333333333333333;3350809;1.3479369698800001E7;0.4771274295813449;3621;1.0
Meta_330;3350809;1.5276727743822234E7;0.5;3350809;4856756.4923;0.4637665505335117;2621;0.0
Meta_329;3350809;1.5276727743822234E7;0.4444444444444444;3348637;1.5523879038100002E7;0.4447719459810455;3611;1.0
Meta_340;3350809;2.291509161573335E7;0.5;3350809;1.2186348756899994E7;0.473706552334021;472;0.0
Meta_331;3350809;2.291509161573335E7;0.0;3351636;2.37024148765E7;0.16212397373249712;3619;0.9656430722926486
Meta_332;3350809;2.291509161573335E7;0.05555555555555555;3350809;2.2947745592200015E7;0.17339506905472213;3608;1.0
Meta_334;3350809;2.291509161573335E7;0.16666666666666666;3365314;2.1799959319799982E7;0.16666728989174875;2577;0.0
Meta_339;3350809;2.291509161573335E7;0.4444444444444444;3360749;1.8617306468599997E7;0.4444410698246518;1960;0.0
Meta_335;3350809;2.291509161573335E7;0.2222222222222222;3356602;2.1934011477199998E7;0.2222155575970314;3058;0.0
Meta_333;3350809;2.291509161573335E7;0.1111111111111111;3372141;2.2877010637599997E7;0.11361761637416;3617;1.0
Meta_337;3350809;2.291509161573335E7;0.3333333333333333;3350809;2.2039428360300016E7;0.33333166217837806;2950;0.0
Meta_336;3350809;2.291509161573335E7;0.2777777777777778;3351362;2.119595169660002E7;0.27777922709912706;3249;0.0
Meta_338;3350809;2.291509161573335E7;0.38888888888888884;3351765;2.282451640070001E7;0.388740860423771;3421;0.0
Meta_350;3350809;3.0553455487644468E7;0.5;3350809;2.9725189021500003E7;0.47232769681618075;339;0.0
Meta_343;3350809;3.0553455487644468E7;0.1111111111111111;3350847;2.4770570375099976E7;0.11111084316442292;2905;0.0
Meta_341;3350809;3.0553455487644468E7;0.0;3350809;3.001912446410003E7;0.1362359194860592;3631;0.9562176131652956
Meta_342;3350809;3.0553455487644468E7;0.05555555555555555;3363397;2.218560455349998E7;0.06374206193849863;3618;1.0
Meta_344;3350809;3.0553455487644468E7;0.16666666666666666;3352546;2.582512310340001E7;0.1666684049907795;3559;0.0
Meta_349;3350809;3.0553455487644468E7;0.4444444444444444;3350867;3.0511945015000008E7;0.4444351042923523;2382;0.0
Meta_345;3350809;3.0553455487644468E7;0.2222222222222222;3350809;3.47391469872E7;0.38102423500455984;3620;1.0
Meta_346;3350809;3.0553455487644468E7;0.2777777777777778;3351181;3.111542460269999E7;0.3902947025897023;3611;1.0
Meta_347;3350809;3.0553455487644468E7;0.3333333333333333;3350809;3.4114827358200006E7;0.3333312242985377;3605;1.0
Meta_348;3350809;3.0553455487644468E7;0.38888888888888884;3336584;3.0830370621000003E7;0.428604192819892;3623;1.0
Meta_360;3350809;3.819181935955559E7;0.5;3350809;3.556310597569999E7;0.47873025198785646;406;0.0
Meta_352;3350809;3.819181935955559E7;0.05555555555555555;3366545;3.574510550600001E7;0.05555993818803496;2668;0.0
Meta_351;3350809;3.819181935955559E7;0.0;3352017;3.0675412723799992E7;0.12508875498361502;3626;0.9405048176669769
Meta_354;3350809;3.819181935955559E7;0.16666666666666666;3366252;3.456100248909996E7;0.16666509973382956;2408;0.0
Meta_356;3350809;3.819181935955559E7;0.2777777777777778;3350809;3.5397833691200025E7;0.27755905980284457;2404;0.0
Meta_359;3350809;3.819181935955559E7;0.4444444444444444;3350824;3.68676184229E7;0.4444442798553272;2092;0.0
Meta_353;3350809;3.819181935955559E7;0.1111111111111111;3351222;3.1303199559500005E7;0.11110445287956917;3210;0.0
Meta_357;3350809;3.819181935955559E7;0.3333333333333333;3351935;3.819181458449997E7;0.3333287007833822;2778;0.0
Meta_355;3350809;3.819181935955559E7;0.2222222222222222;3350931;3.8191806839999944E7;0.3153843215523923;3625;1.0
Meta_358;3350809;3.819181935955559E7;0.38888888888888884;3350809;4.0649008384199984E7;0.38888597441605127;3621;1.0
Meta_370;3350809;4.58301832314667E7;0.5;3350809;3.374308820129999E7;0.46722445144867186;348;0.0
Meta_364;3350809;4.58301832314667E7;0.16666666666666666;3352884;3.0334880699900016E7;0.1666670062696736;2757;0.0
Meta_361;3350809;4.58301832314667E7;0.0;3357097;2.400637709129999E7;0.2070636470157732;3638;0.9782945776905494
Meta_366;3350809;4.58301832314667E7;0.2777777777777778;3364135;4.5732741690399975E7;0.27777828937657695;2721;0.0
Meta_362;3350809;4.58301832314667E7;0.05555555555555555;3350809;3.763835791649997E7;0.060604764201354806;3617;1.0
Meta_363;3350809;4.58301832314667E7;0.1111111111111111;3350809;4.583032043020002E7;0.11059014876613892;3609;1.0
Meta_369;3350809;4.58301832314667E7;0.4444444444444444;3350821;4.486050845219997E7;0.44444445304962604;2175;0.0
Meta_365;3350809;4.58301832314667E7;0.2222222222222222;3356241;2.6766778959299985E7;0.22222289536591128;3589;0.0
Meta_367;3350809;4.58301832314667E7;0.3333333333333333;3350809;4.5830181606900044E7;0.35193668432935843;3622;1.0
Meta_368;3350809;4.58301832314667E7;0.38888888888888884;3350809;4.633486231960002E7;0.3888890011489555;3622;1.0
Meta_380;3350809;5.346854710337782E7;0.5;3350809;3.5331168643399976E7;0.47260962381946975;376;0.0
Meta_371;3350809;5.346854710337782E7;0.0;3350875;2.6062174458399996E7;0.19435727844794887;3615;0.9735538138764216
Meta_374;3350809;5.346854710337782E7;0.16666666666666666;3354716;3.041634931800002E7;0.166660782029533;2992;0.0
Meta_377;3350809;5.346854710337782E7;0.3333333333333333;3372495;4.615801679160001E7;0.33333472950761284;2838;0.0
Meta_372;3350809;5.346854710337782E7;0.05555555555555555;3381586;4.69900534931E7;0.05556316945454031;3614;0.0
Meta_373;3350809;5.346854710337782E7;0.1111111111111111;3354432;2.7935245236899983E7;0.11109976591120796;3471;0.0
Meta_376;3350809;5.346854710337782E7;0.2777777777777778;3366277;4.838893301070005E7;0.27751876256229596;3103;0.0
Meta_375;3350809;5.346854710337782E7;0.2222222222222222;3350809;5.3750303589000024E7;0.2318628765579649;3618;1.0
Meta_379;3350809;5.346854710337782E7;0.4444444444444444;3352676;4.1511388247E7;0.44384189859890316;2475;0.0
Meta_378;3350809;5.346854710337782E7;0.38888888888888884;3350830;4.397855373930001E7;0.3888712825471719;3412;0.0
Meta_390;3350809;6.1106910975288935E7;0.5;3350809;3.458429928409999E7;0.47000197906038854;445;0.0
Meta_381;3350809;6.1106910975288935E7;0.0;3350809;4.5222880912900016E7;0.16812266477645918;3619;0.9670348521979399
Meta_383;3350809;6.1106910975288935E7;0.1111111111111111;3452066;3.1138920163400024E7;0.10049644699045215;2691;0.0
Meta_389;3350809;6.1106910975288935E7;0.4444444444444444;3350831;3.6198912185699955E7;0.4444432921193404;2267;0.0
Meta_384;3350809;6.1106910975288935E7;0.16666666666666666;3350809;2.9046326200100034E7;0.16666657091432235;3136;0.0
Meta_385;3350809;6.1106910975288935E7;0.2222222222222222;3358082;6.098581245090001E7;0.2222217078339743;3137;0.0
Meta_386;3350809;6.1106910975288935E7;0.2777777777777778;3350825;4.882173567999997E7;0.27777952901125463;3062;0.0
Meta_382;3350809;6.1106910975288935E7;0.05555555555555555;3355765;3.2148111713699996E7;0.07157348488577159;3621;1.0
Meta_388;3350809;6.1106910975288935E7;0.38888888888888884;3350809;4.661704858970001E7;0.3888890632215689;2903;0.0
Meta_387;3350809;6.1106910975288935E7;0.3333333333333333;3351124;4.800211345779999E7;0.33332731936838794;3554;0.0
Meta_391;3350809;6.874527484720005E7;0.0;3350932;3.567958303570001E7;0.11493241113145304;3628;0.9413151158059796
Meta_399;3350809;6.874527484720005E7;0.4444444444444444;3350809;3.65682094398E7;0.4433874319201833;1992;0.0
Meta_396;3350809;6.874527484720005E7;0.2777777777777778;3350809;2.7214700931900013E7;0.2777776744350436;2370;0.0
Meta_397;3350809;6.874527484720005E7;0.3333333333333333;3351509;4.754988810710001E7;0.33333044751960555;2420;0.0
Meta_392;3350809;6.874527484720005E7;0.05555555555555555;3381080;5.009304913539998E7;0.05594418279459904;3615;1.0
Meta_400;3350809;6.874527484720005E7;0.5;3352028;3.3402228478199996E7;0.46304755600900305;2046;0.0
Meta_393;3350809;6.874527484720005E7;0.1111111111111111;3351897;3.1179493192199994E7;0.1690429521336276;3619;1.0
Meta_395;3350809;6.874527484720005E7;0.2222222222222222;3350883;4.3490574273099996E7;0.22222178156063804;3069;0.0
Meta_394;3350809;6.874527484720005E7;0.16666666666666666;3374792;2.2318294974700022E7;0.2858795202331659;3613;1.0
Meta_398;3350809;6.874527484720005E7;0.38888888888888884;3350809;4.5197070731699996E7;0.3888893708507969;3359;0.0
Meta_410;3217515;0.0;0.5;3222420;0.0;0.45211990376417616;80;0.0
Meta_409;3217515;0.0;0.4444444444444444;3223972;0.0;0.41512525274294737;1536;0.0
Meta_401;3217515;0.0;0.0;3217524;5537116.477000003;0.16398899313814758;3606;0.8447320010557765
Meta_402;3217515;0.0;0.05555555555555555;3218139;5471784.906200002;0.22740550866692763;3611;0.9314195758383859
Meta_403;3217515;0.0;0.1111111111111111;3218655;6282919.615599997;0.201260097892022;3633;0.9259389899369095
Meta_404;3217515;0.0;0.16666666666666666;3217515;6838717.398300001;0.23666178205368105;3613;0.9522016290333818
Meta_405;3217515;0.0;0.2222222222222222;3217515;4443894.349599999;0.29199861624766155;3616;0.9745947859107528
Meta_406;3217515;0.0;0.2777777777777778;3169323;3338775.067999998;0.3358621367962519;3623;0.9893366764061293
Meta_407;3217515;0.0;0.3333333333333333;3185276;2712835.2931999993;0.33334702456434884;3608;1.0
Meta_408;3217515;0.0;0.38888888888888884;3217515;1718845.28;0.38909960285301576;3619;1.0
Meta_420;3217515;7638363.871911117;0.5;3217515;7578754.2645;0.46602817347284403;239;0.0
Meta_411;3217515;7638363.871911117;0.0;3217515;7628932.030600002;0.22076212126618186;3627;0.9818495273186295
Meta_412;3217515;7638363.871911117;0.05555555555555555;3219179;7565234.294100003;0.1789006638393516;3624;1.0
Meta_419;3217515;7638363.871911117;0.4444444444444444;3217528;7617590.694299998;0.4444414546756916;2174;0.0
Meta_413;3217515;7638363.871911117;0.1111111111111111;3219628;7659052.264799997;0.16196428896730353;3624;1.0
Meta_418;3217515;7638363.871911117;0.38888888888888884;3218808;7463015.919000003;0.38854931468623194;2848;0.0
Meta_414;3217515;7638363.871911117;0.16666666666666666;3217515;7638609.451600002;0.17736198534785075;3606;1.0
Meta_415;3217515;7638363.871911117;0.2222222222222222;3217515;7638361.3421;0.4281246105230174;3614;1.0
Meta_416;3217515;7638363.871911117;0.2777777777777778;3247646;8159994.925499999;0.27777780246989114;3610;1.0
Meta_417;3217515;7638363.871911117;0.3333333333333333;3217515;9157556.945900002;0.37653681856402976;3608;1.0
Meta_421;3217515;1.5276727743822234E7;0.0;3268351;1.5204618884399999E7;0.12494691116940652;3630;0.9464698800538437
Meta_422;3217515;1.5276727743822234E7;0.05555555555555555;3217515;1.527672317570001E7;0.1426420274585696;3618;1.0
Meta_430;3217515;1.5276727743822234E7;0.5;3217515;1.5146088038700001E7;0.4643109122855038;1095;0.0
Meta_429;3217515;1.5276727743822234E7;0.4444444444444444;3217515;5235651.4125;0.44411544738339964;1880;0.0
Meta_423;3217515;1.5276727743822234E7;0.1111111111111111;3217515;1.5276757123600006E7;0.24623711442275695;3616;1.0
Meta_424;3217515;1.5276727743822234E7;0.16666666666666666;3280282;1.530560190730001E7;0.2153640426485475;3617;1.0
Meta_425;3217515;1.5276727743822234E7;0.2222222222222222;3217606;1.52581863931E7;0.2219710158387653;3306;0.0
Meta_426;3217515;1.5276727743822234E7;0.2777777777777778;3217515;1.464072814950001E7;0.27777781668221324;3401;0.0
Meta_428;3217515;1.5276727743822234E7;0.38888888888888884;3243930;1.5038196727999998E7;0.3888894380465979;3138;0.0
Meta_427;3217515;1.5276727743822234E7;0.3333333333333333;3129219;1.307104815389999E7;0.40117660166742813;3605;1.0
Meta_440;3217515;2.291509161573335E7;0.5;3218776;1.98963540368E7;0.4630324233570168;70;0.0
Meta_439;3217515;2.291509161573335E7;0.4444444444444444;3219157;2.0844868126900002E7;0.44363706471078795;656;0.0
Meta_432;3217515;2.291509161573335E7;0.05555555555555555;3308238;2.2836973022400003E7;0.055558059747729274;3251;0.0
Meta_434;3217515;2.291509161573335E7;0.16666666666666666;3230321;2.2890099732100017E7;0.16666469750673027;2543;0.0
Meta_431;3217515;2.291509161573335E7;0.0;3217826;2.1541079199500002E7;0.149753134321042;3623;0.9564937037043817
Meta_436;3217515;2.291509161573335E7;0.2777777777777778;3217515;1.5107223470400004E7;0.27772695760305627;1840;0.0
Meta_433;3217515;2.291509161573335E7;0.1111111111111111;3263191;2.291336386440001E7;0.1901010363009537;3625;1.0
Meta_435;3217515;2.291509161573335E7;0.2222222222222222;3219362;1.5867565496600006E7;0.22222255694116835;3282;0.0
Meta_438;3217515;2.291509161573335E7;0.38888888888888884;3217515;1.4336040679100001E7;0.38830521468882784;3377;0.0
Meta_437;3217515;2.291509161573335E7;0.3333333333333333;3217515;2.3477257805900007E7;0.34245293265094046;3641;1.0
Meta_448;3217515;3.0553455487644468E7;0.38888888888888884;3217515;2.8751172691999983E7;0.3648636720477503;749;0.0
Meta_450;3217515;3.0553455487644468E7;0.5;3218776;1.98963540368E7;0.4630324233570168;55;0.0
Meta_442;3217515;3.0553455487644468E7;0.05555555555555555;3311319;2.5490631634000022E7;0.055542645333028585;2852;0.0
Meta_446;3217515;3.0553455487644468E7;0.2777777777777778;3217687;1.6687128406600008E7;0.27777327845528543;2143;0.0
Meta_441;3217515;3.0553455487644468E7;0.0;3231574;2.6256106960600026E7;0.21949560525333608;3622;0.9797487659813273
Meta_443;3217515;3.0553455487644468E7;0.1111111111111111;3219373;2.6938141190799993E7;0.11111111984141679;3166;0.0
Meta_444;3217515;3.0553455487644468E7;0.16666666666666666;3219771;1.597237643629999E7;0.1665800980779468;3332;0.0
Meta_445;3217515;3.0553455487644468E7;0.2222222222222222;3240147;2.0792423515099984E7;0.22235901442433423;3618;1.0
Meta_449;3217515;3.0553455487644468E7;0.4444444444444444;3217515;2.0803228601800002E7;0.44443766707661736;1974;0.0
Meta_447;3217515;3.0553455487644468E7;0.3333333333333333;3226080;1.914451027099999E7;0.3333332349011053;3592;0.0
Meta_460;3217515;3.819181935955559E7;0.5;3218776;1.98963540368E7;0.4630324233570168;63;0.0
Meta_454;3217515;3.819181935955559E7;0.16666666666666666;3327020;3.1641561832600012E7;0.16666645615028883;2717;0.0
Meta_459;3217515;3.819181935955559E7;0.4444444444444444;3217549;2.0891551918599997E7;0.44444449417505455;1333;0.0
Meta_453;3217515;3.819181935955559E7;0.1111111111111111;3218713;2.892153274310003E7;0.11099795440133194;3120;0.0
Meta_452;3217515;3.819181935955559E7;0.05555555555555555;3331668;3.667603701620001E7;0.05539413757080956;3354;0.0
Meta_456;3217515;3.819181935955559E7;0.2777777777777778;3217693;1.5398631990999993E7;0.2777795547797211;2381;0.0
Meta_451;3217515;3.819181935955559E7;0.0;3234030;3.819130306250002E7;0.14016116799603515;3612;0.9486187332763537
Meta_455;3217515;3.819181935955559E7;0.2222222222222222;3217515;2.98918242794E7;0.3200819962574987;3613;1.0
Meta_464;3217515;4.58301832314667E7;0.16666666666666666;3218077;1.4510673356700005E7;0.1666556681579607;1103;0.0
Meta_457;3217515;3.819181935955559E7;0.3333333333333333;3264695;2.8853551480300006E7;0.3333305065611165;3455;0.0
Meta_470;3217515;4.58301832314667E7;0.5;3218776;1.98963540368E7;0.4630324233570168;68;0.0
Meta_458;3217515;3.819181935955559E7;0.38888888888888884;3222050;2.978085775069999E7;0.3878970954194953;3236;0.0
Meta_469;3217515;4.58301832314667E7;0.4444444444444444;3225407;2.0875970912400004E7;0.4444440122908263;633;0.0
Meta_466;3217515;4.58301832314667E7;0.2777777777777778;3217515;1.5930723777099997E7;0.2777775738845695;2033;0.0
Meta_461;3217515;4.58301832314667E7;0.0;3378463;3.876644546840001E7;0.13777000309029933;3626;0.9524025144759564
Meta_462;3217515;4.58301832314667E7;0.05555555555555555;3238127;3.610886952419997E7;0.055557607225046525;3624;0.0
Meta_463;3217515;4.58301832314667E7;0.1111111111111111;3224314;2.2310636792999987E7;0.11111111172831033;3495;0.0
Meta_465;3217515;4.58301832314667E7;0.2222222222222222;3228035;4.531649758390002E7;0.23712390400506783;3618;1.0
Meta_467;3217515;4.58301832314667E7;0.3333333333333333;3250287;2.798623231590001E7;0.3999013749610891;3621;1.0
Meta_479;3217515;5.346854710337782E7;0.4444444444444444;3219143;2.3137402248E7;0.4443997679433575;649;0.0
Meta_468;3217515;4.58301832314667E7;0.38888888888888884;3217515;2.7496179225300007E7;0.3949567238163791;3633;1.0
Meta_480;3217515;5.346854710337782E7;0.5;3218776;1.98963540368E7;0.4630324233570168;55;0.0
Meta_473;3217515;5.346854710337782E7;0.1111111111111111;3270370;2.8787420482199997E7;0.11111046205627212;3409;0.0
Meta_471;3217515;5.346854710337782E7;0.0;3224756;4.00490017288E7;0.1334641972696785;3674;0.9496952719755986
Meta_472;3217515;5.346854710337782E7;0.05555555555555555;3434040;4.371459509510004E7;0.05645524853085221;3638;1.0
Meta_475;3217515;5.346854710337782E7;0.2222222222222222;3310487;3.2613305239399984E7;0.2222223493740339;3140;0.0
Meta_474;3217515;5.346854710337782E7;0.16666666666666666;3310043;2.6960571672100004E7;0.16706776104390722;3618;1.0
Meta_476;3217515;5.346854710337782E7;0.2777777777777778;3217515;9192302.059500003;0.4029929278521117;3632;1.0
Meta_477;3217515;5.346854710337782E7;0.3333333333333333;3226671;2.545380126550001E7;0.37306078665853093;3699;1.0
Meta_489;3217515;6.1106910975288935E7;0.4444444444444444;3217515;2.0000001174599998E7;0.44443110329808017;221;0.0
Meta_478;3217515;5.346854710337782E7;0.38888888888888884;3267626;3.4721116380300015E7;0.40172835306788507;3621;1.0
Meta_490;3217515;6.1106910975288935E7;0.5;3218776;1.9390378522E7;0.4630324233570168;52;0.0
Meta_481;3217515;6.1106910975288935E7;0.0;3217358;3.921123037109998E7;0.16122067191748918;3623;0.9638048143126487
Meta_482;3217515;6.1106910975288935E7;0.05555555555555555;3307034;3.6619460810799986E7;0.056191228525415374;3615;1.0
Meta_484;3217515;6.1106910975288935E7;0.16666666666666666;3217515;2.0915238649199996E7;0.16666759198062656;3192;0.0
Meta_487;3217515;6.1106910975288935E7;0.3333333333333333;3217958;3.1063181542099994E7;0.33333255831651537;2801;0.0
Meta_483;3217515;6.1106910975288935E7;0.1111111111111111;3217862;2.7982877588500023E7;0.17495297123761272;3612;1.0
Meta_485;3217515;6.1106910975288935E7;0.2222222222222222;3291780;2.806178353640001E7;0.30652238215052785;3620;1.0
Meta_486;3217515;6.1106910975288935E7;0.2777777777777778;3220118;1.6173541555199992E7;0.27777876675937185;3441;0.0
Meta_488;3217515;6.1106910975288935E7;0.38888888888888884;3280453;2.79068102825E7;0.3705289224105358;2582;0.0
Meta_499;3217515;6.874527484720005E7;0.4444444444444444;3225169;2.0989156634099998E7;0.44442565001088336;660;0.0
Meta_500;3217515;6.874527484720005E7;0.5;3218776;1.98963540368E7;0.4630324233570168;62;0.0
Meta_495;3217515;6.874527484720005E7;0.2222222222222222;3217515;3.360148109300002E7;0.21029996546579394;2305;0.0
Meta_496;3217515;6.874527484720005E7;0.2777777777777778;3217515;1.5891274821699992E7;0.2777764846242375;2149;0.0
Meta_491;3217515;6.874527484720005E7;0.0;3217515;3.515975785490001E7;0.15544223472266497;3622;0.962914842270026
Meta_492;3217515;6.874527484720005E7;0.05555555555555555;3377191;4.755306277059996E7;0.07340195043166463;3630;1.0
Meta_493;3217515;6.874527484720005E7;0.1111111111111111;3315492;3.0470717459599998E7;0.19341631392758468;3620;1.0
Meta_494;3217515;6.874527484720005E7;0.16666666666666666;3361204;3.4919292758499995E7;0.19012127895791778;3621;1.0
Meta_497;3217515;6.874527484720005E7;0.3333333333333333;3217667;1.0632701969399994E7;0.34262331600253565;3607;1.0
Meta_498;3217515;6.874527484720005E7;0.38888888888888884;3217515;2.7529453340499993E7;0.3938470549593467;3605;1.0
Meta_502;3084222;0.0;0.05555555555555555;3086112;5839300.407399998;0.11184877244606237;3609;0.8577508214804308
Meta_501;3084222;0.0;0.0;3119595;7785010.734899995;0.18447514996798112;3627;0.9034687677962417
Meta_509;3084222;0.0;0.4444444444444444;3085369;0.0;0.43904238526422956;1159;0.0
Meta_510;3084222;0.0;0.5;3085369;0.0;0.43904238526422956;1122;0.0
Meta_503;3084222;0.0;0.1111111111111111;3084429;7560357.958199994;0.21768038790782634;3623;0.9573644099684134
Meta_504;3084222;0.0;0.16666666666666666;3234856;8347033.1753;0.18292719687926276;3617;0.9410766597540112
Meta_506;3084222;0.0;0.2777777777777778;3085353;5014167.852599997;0.2777778014523017;3628;1.0
Meta_505;3084222;0.0;0.2222222222222222;3084222;4233525.8686999995;0.3176375848612695;3643;0.9891699823749932
Meta_507;3084222;0.0;0.3333333333333333;3084222;885435.6202999998;0.3333343305117368;3654;1.0
Meta_508;3084222;0.0;0.38888888888888884;3084207;2897788.2889000005;0.38888847522810616;3646;1.0
Meta_520;3084222;7638363.871911117;0.5;3089010;4727784.1025;0.45138126372160353;57;0.0
Meta_511;3084222;7638363.871911117;0.0;3084222;7585481.093299999;0.27756666963739884;3614;0.9880246937930484
Meta_512;3084222;7638363.871911117;0.05555555555555555;3084228;7685768.537700004;0.213860808122796;3631;1.0
Meta_519;3084222;7638363.871911117;0.4444444444444444;3084222;6330311.932199998;0.44395647628191115;1581;0.0
Meta_513;3084222;7638363.871911117;0.1111111111111111;3084246;7708037.185400003;0.18237911785787536;3614;1.0
Meta_514;3084222;7638363.871911117;0.16666666666666666;3141069;7638356.513300005;0.24818216170070048;3605;1.0
Meta_518;3084222;7638363.871911117;0.38888888888888884;3084968;7414133.967499992;0.3888738290018416;2770;0.0
Meta_515;3084222;7638363.871911117;0.2222222222222222;3084799;8349064.1837;0.38399231115034543;3630;1.0
Meta_516;3084222;7638363.871911117;0.2777777777777778;3088727;8013225.9202999985;0.3674741118677535;3633;1.0
Meta_517;3084222;7638363.871911117;0.3333333333333333;3084222;7577502.731800002;0.3519500306906777;3630;1.0
Meta_530;3084222;1.5276727743822234E7;0.5;3084392;6433279.855099999;0.4521494720364369;80;0.0
Meta_526;3084222;1.5276727743822234E7;0.2777777777777778;3124158;1.3367796254399996E7;0.277776756246479;2031;0.0
Meta_521;3084222;1.5276727743822234E7;0.0;3084222;1.5349424255799996E7;0.13561629644329806;3628;0.9582240837433306
Meta_529;3084222;1.5276727743822234E7;0.4444444444444444;3084240;7155237.392599999;0.4444143198058475;1454;0.0
Meta_523;3084222;1.5276727743822234E7;0.1111111111111111;3152872;1.485550248460002E7;0.11055175303839171;3498;0.0
Meta_524;3084222;1.5276727743822234E7;0.16666666666666666;3084222;1.1362217372100018E7;0.16666874644671484;3452;0.0
Meta_522;3084222;1.5276727743822234E7;0.05555555555555555;3124847;1.5276718703299988E7;0.06010968192347357;3622;1.0
Meta_525;3084222;1.5276727743822234E7;0.2222222222222222;3229036;1.5125832316899998E7;0.22221783749488283;3537;0.0
Meta_527;3084222;1.5276727743822234E7;0.3333333333333333;3084222;1.15417908777E7;0.38282599594418243;3629;1.0
Meta_528;3084222;1.5276727743822234E7;0.38888888888888884;3112527;1.2114309966799997E7;0.3897569721377392;3616;1.0
Meta_540;3084222;2.291509161573335E7;0.5;3085294;4517288.6134;0.4496244346771088;77;0.0
Meta_531;3084222;2.291509161573335E7;0.0;3238292;2.088618573249999E7;0.11976633635725444;3700;0.9459568234301277
Meta_539;3084222;2.291509161573335E7;0.4444444444444444;3084222;5084742.727300001;0.44444552442125285;1405;0.0
Meta_533;3084222;2.291509161573335E7;0.1111111111111111;3085297;1.2240712208200011E7;0.11107939335446794;3362;0.0
Meta_532;3084222;2.291509161573335E7;0.05555555555555555;3426804;2.2829398176899984E7;0.0627385430462488;3613;1.0
Meta_534;3084222;2.291509161573335E7;0.16666666666666666;3084381;2.2915077430999994E7;0.16666748639265697;3325;0.0
Meta_535;3084222;2.291509161573335E7;0.2222222222222222;3089608;1.8726984402599998E7;0.22221283907322262;3223;0.0
Meta_536;3084222;2.291509161573335E7;0.2777777777777778;3090238;2.0184672705199994E7;0.27774995427066745;3353;0.0
Meta_537;3084222;2.291509161573335E7;0.3333333333333333;3095239;1.6858809109899998E7;0.3333341387426587;3299;0.0
Meta_538;3084222;2.291509161573335E7;0.38888888888888884;3084222;1.200797964569999E7;0.3995793332559994;3606;1.0
Meta_550;3084222;3.0553455487644468E7;0.5;3084222;2.71476783479E7;0.4517171183642174;61;0.0
Meta_546;3084222;3.0553455487644468E7;0.2777777777777778;3085172;2.920058963229999E7;0.27769289647170464;2120;0.0
Meta_543;3084222;3.0553455487644468E7;0.1111111111111111;3088199;2.3875267657500014E7;0.11001105713232329;2915;0.0
Meta_541;3084222;3.0553455487644468E7;0.0;3137779;3.0014385592500005E7;0.13936893735416553;3613;0.955599357027681
Meta_542;3084222;3.0553455487644468E7;0.05555555555555555;3274560;3.055346864139999E7;0.09109458850558948;3619;1.0
Meta_549;3084222;3.0553455487644468E7;0.4444444444444444;3084222;2.7873596116400003E7;0.4444275199953152;2084;0.0
Meta_544;3084222;3.0553455487644468E7;0.16666666666666666;3088479;3.0902631770699993E7;0.20004938782241216;3654;1.0
Meta_545;3084222;3.0553455487644468E7;0.2222222222222222;3084222;3.0959382985099997E7;0.22485150509181073;3666;1.0
Meta_547;3084222;3.0553455487644468E7;0.3333333333333333;3084108;3.07748474487E7;0.39625800477910006;3612;1.0
Meta_548;3084222;3.0553455487644468E7;0.38888888888888884;3084222;3.1033468912299994E7;0.38888833386472504;3605;1.0
Meta_560;3084222;3.819181935955559E7;0.5;3084222;2.71476783479E7;0.4517171183642174;58;0.0
Meta_551;3084222;3.819181935955559E7;0.0;3088441;3.3140458320099972E7;0.1459418556076248;3646;0.9635986403125066
Meta_555;3084222;3.819181935955559E7;0.2222222222222222;3084222;3.693417997839998E7;0.22221276942225576;2450;0.0
Meta_552;3084222;3.819181935955559E7;0.05555555555555555;3093513;3.3345681227099996E7;0.2921523635709493;3620;1.0
Meta_553;3084222;3.819181935955559E7;0.1111111111111111;3084223;3.819184297649998E7;0.1279233469333076;3622;1.0
Meta_554;3084222;3.819181935955559E7;0.16666666666666666;3141878;3.8224829623999976E7;0.20092898154048155;3625;1.0
Meta_559;3084222;3.819181935955559E7;0.4444444444444444;3084222;2.7669606928400002E7;0.4443761610557725;2041;0.0
Meta_556;3084222;3.819181935955559E7;0.2777777777777778;3098556;3.548234366499998E7;0.29726706607607345;3618;1.0
Meta_557;3084222;3.819181935955559E7;0.3333333333333333;3116490;3.8050208439500004E7;0.38271374010192216;3614;1.0
Meta_558;3084222;3.819181935955559E7;0.38888888888888884;3128041;3.5648354702499986E7;0.39003597119446426;3618;1.0
Meta_570;3084222;4.58301832314667E7;0.5;3084222;2.71476783479E7;0.4517171183642174;68;0.0
Meta_566;3084222;4.58301832314667E7;0.2777777777777778;3084222;2.6310113694200005E7;0.26522554120584535;1898;0.0
Meta_561;3084222;4.58301832314667E7;0.0;3098514;4.36798496457E7;0.1451393688148478;3606;0.9596544531991261
Meta_565;3084222;4.58301832314667E7;0.2222222222222222;3168284;3.806655159520002E7;0.22222110933885758;2452;0.0
Meta_569;3084222;4.58301832314667E7;0.4444444444444444;3084222;2.77622311608E7;0.44419644011039733;1502;0.0
Meta_562;3084222;4.58301832314667E7;0.05555555555555555;3341275;4.311482470149999E7;0.1850225514925205;3615;1.0
Meta_563;3084222;4.58301832314667E7;0.1111111111111111;3084222;4.5830188602500014E7;0.23974343226035866;3612;1.0
Meta_564;3084222;4.58301832314667E7;0.16666666666666666;3118434;1.696539092009999E7;0.16666439904821057;3494;0.0
Meta_567;3084222;4.58301832314667E7;0.3333333333333333;3084222;4.1040755233500004E7;0.3879417684831983;3630;1.0
Meta_568;3084222;4.58301832314667E7;0.38888888888888884;3084222;3.60029774264E7;0.39430700189484325;3625;1.0
Meta_580;3084222;5.346854710337782E7;0.5;3084222;2.71476783479E7;0.4517171183642174;76;0.0
Meta_575;3084222;5.346854710337782E7;0.2222222222222222;3112293;3.5794437308299996E7;0.2222221980287388;2113;0.0
Meta_576;3084222;5.346854710337782E7;0.2777777777777778;3086107;2.33328925849E7;0.2777676892805848;2025;0.0
Meta_571;3084222;5.346854710337782E7;0.0;3417157;4.302603197799999E7;0.10417534573041477;3634;0.9285700110787403
Meta_572;3084222;5.346854710337782E7;0.05555555555555555;3084224;2.687734310350001E7;0.04968482076162425;3328;0.0
Meta_573;3084222;5.346854710337782E7;0.1111111111111111;3087159;2.758469320809999E7;0.06984265478984994;3408;0.0
Meta_574;3084222;5.346854710337782E7;0.16666666666666666;3225336;5.346795687940002E7;0.1666665721588521;3225;0.0
Meta_579;3084222;5.346854710337782E7;0.4444444444444444;3085580;2.7212597867599998E7;0.44444443368778497;1819;0.0
Meta_577;3084222;5.346854710337782E7;0.3333333333333333;3084222;3.40129832966E7;0.3881897333896978;3633;1.0
Meta_578;3084222;5.346854710337782E7;0.38888888888888884;3084222;3.598859025850003E7;0.3888878575670617;3621;0.0
Meta_590;3084222;6.1106910975288935E7;0.5;3084222;2.71476783479E7;0.4517171183642174;66;0.0
Meta_586;3084222;6.1106910975288935E7;0.2777777777777778;3084222;3.1684832107300017E7;0.23867066334975795;1905;0.0
Meta_581;3084222;6.1106910975288935E7;0.0;3143025;3.2526628862300023E7;0.12997866317681117;3630;0.9497195674721162
Meta_589;3084222;6.1106910975288935E7;0.4444444444444444;3084222;2.8392161972099997E7;0.4444440987369218;1807;0.0
Meta_582;3084222;6.1106910975288935E7;0.05555555555555555;3117827;4.262658856929999E7;0.3142253726455855;3615;1.0
Meta_583;3084222;6.1106910975288935E7;0.1111111111111111;3175232;2.5405736389199976E7;0.13299773279414773;3610;1.0
Meta_584;3084222;6.1106910975288935E7;0.16666666666666666;3224387;4.622749990520002E7;0.20214160501827227;3621;1.0
Meta_585;3084222;6.1106910975288935E7;0.2222222222222222;3084227;2.4011892836300008E7;0.22221654085852846;3324;0.0
Meta_587;3084222;6.1106910975288935E7;0.3333333333333333;3088009;5.178000656870001E7;0.3366210816935677;3616;1.0
Meta_588;3084222;6.1106910975288935E7;0.38888888888888884;3084264;3.8924067586599976E7;0.3885742955052093;3613;0.0
Meta_600;3084222;6.874527484720005E7;0.5;3084222;2.71476783479E7;0.4517171183642174;64;0.0
Meta_596;3084222;6.874527484720005E7;0.2777777777777778;3087812;6.345937329270002E7;0.2777605873369977;1907;0.0
Meta_591;3084222;6.874527484720005E7;0.0;3087033;2.4005553107400004E7;0.1478914973021807;3636;0.9645520777985159
Meta_592;3084222;6.874527484720005E7;0.05555555555555555;3132796;4.5743523444399975E7;0.05555677764944557;3088;0.0
Meta_599;3084222;6.874527484720005E7;0.4444444444444444;3084222;2.7820546452699997E7;0.4444388954886915;1954;0.0
Meta_593;3084222;6.874527484720005E7;0.1111111111111111;3084308;2.6445194427600026E7;0.11111173058063804;3319;0.0
Meta_594;3084222;6.874527484720005E7;0.16666666666666666;3223151;4.723467625529997E7;0.1799460386165161;3615;1.0
Meta_595;3084222;6.874527484720005E7;0.2222222222222222;3102905;4.019748832039998E7;0.24151833398170333;3631;1.0
Meta_597;3084222;6.874527484720005E7;0.3333333333333333;3107651;3.72132246531E7;0.39587792956642437;3619;1.0
Meta_598;3084222;6.874527484720005E7;0.38888888888888884;3084367;6.314103730550001E7;0.38927511709747775;3605;1.0
Meta_609;2950928;0.0;0.4444444444444444;2957368;0.0;0.39962431566544165;81;0.0
Meta_610;2950928;0.0;0.5;2957368;0.0;0.39962431566544165;62;0.0
Meta_601;2950928;0.0;0.0;2953736;8286366.576099995;0.18018370521922403;3642;0.9125674211299826
Meta_608;2950928;0.0;0.38888888888888884;3013947;0.0;0.3821345039719048;1696;0.0
Meta_602;2950928;0.0;0.05555555555555555;2983945;1.0373431796199998E7;0.17672764799117852;3606;0.9472411827150773
Meta_603;2950928;0.0;0.1111111111111111;3220518;9864744.526999995;0.19615196315730427;3615;0.9594806314342352
Meta_604;2950928;0.0;0.16666666666666666;2955396;5156889.087900001;0.263793626828087;3609;0.9774247820481485
Meta_605;2950928;0.0;0.2222222222222222;2907988;2541714.8990000016;0.28827989953803634;3609;0.9931135289457044
Meta_606;2950928;0.0;0.2777777777777778;2947853;3310470.229799999;0.2860538899397701;3621;1.0
Meta_619;2950928;7638363.871911117;0.4444444444444444;2950928;227020.4514;0.40508957051234734;54;0.0
Meta_620;2950928;7638363.871911117;0.5;2950928;227020.4514;0.40508957051234734;53;0.0
Meta_607;2950928;0.0;0.3333333333333333;2950928;1155267.1727000007;0.33333315533187685;3629;1.0
Meta_611;2950928;7638363.871911117;0.0;3226287;1.010288350759999E7;0.1369255333148936;3605;0.9681111845485224
Meta_612;2950928;7638363.871911117;0.05555555555555555;2950928;7638361.629599998;0.24104265707537031;3604;1.0
Meta_614;2950928;7638363.871911117;0.16666666666666666;2981215;7637810.699000003;0.16666916451165995;3221;0.0
Meta_613;2950928;7638363.871911117;0.1111111111111111;2951492;8145137.670500002;0.20768722616911486;3614;1.0
Meta_618;2950928;7638363.871911117;0.38888888888888884;2951444;2406894.1383999996;0.388859465394899;1950;0.0
Meta_616;2950928;7638363.871911117;0.2777777777777778;2951458;7595565.327100006;0.2777758632572333;2792;0.0
Meta_615;2950928;7638363.871911117;0.2222222222222222;2950928;7436103.731700005;0.2222227935982888;3337;0.0
Meta_629;2950928;1.5276727743822234E7;0.4444444444444444;2950928;227020.4514;0.40508957051234734;59;0.0
Meta_630;2950928;1.5276727743822234E7;0.5;2950928;227020.4514;0.40508957051234734;55;0.0
Meta_617;2950928;7638363.871911117;0.3333333333333333;2950928;7468619.376999998;0.3333251563407957;3288;0.0
Meta_628;2950928;1.5276727743822234E7;0.38888888888888884;2951210;990595.6361000001;0.38882330615588023;1577;0.0
Meta_621;2950928;1.5276727743822234E7;0.0;3106695;1.5202038380999984E7;0.13020080003048434;3631;0.9631106379383739
Meta_622;2950928;1.5276727743822234E7;0.05555555555555555;2965303;1.5276683553200008E7;0.14502202685117785;3617;1.0
Meta_623;2950928;1.5276727743822234E7;0.1111111111111111;3135760;1.4993130011199988E7;0.11111204187262383;3394;0.0
Meta_624;2950928;1.5276727743822234E7;0.16666666666666666;2954838;1.0725522477000002E7;0.1666428196343213;3611;0.0
Meta_626;2950928;1.5276727743822234E7;0.2777777777777778;2951007;1.498344420530002E7;0.17060586779047357;3364;0.0
Meta_625;2950928;1.5276727743822234E7;0.2222222222222222;2950933;1.4758237475499982E7;0.3095753729716291;3618;1.0
Meta_627;2950928;1.5276727743822234E7;0.3333333333333333;2950928;6406795.216900004;0.3333335820910204;3621;0.0
Meta_639;2950928;2.291509161573335E7;0.4444444444444444;2950928;227020.4514;0.40508957051234734;73;0.0
Meta_640;2950928;2.291509161573335E7;0.5;2950928;227020.4514;0.40508957051234734;57;0.0
Meta_632;2950928;2.291509161573335E7;0.05555555555555555;2950928;1.3570313720299996E7;0.05556092145885311;3052;0.0
Meta_636;2950928;2.291509161573335E7;0.2777777777777778;2950932;1.5068237051299999E7;0.27777717567735766;1612;0.0
Meta_631;2950928;2.291509161573335E7;0.0;3131650;2.1957182368600007E7;0.2019846299744685;3652;0.9809991192567743
Meta_633;2950928;2.291509161573335E7;0.1111111111111111;3141143;1.4672683876599992E7;0.11111111212307298;2648;0.0
Meta_644;2950928;3.0553455487644468E7;0.16666666666666666;2950955;1.0573724478900008E7;0.16666272798651585;1037;0.0
Meta_638;2950928;2.291509161573335E7;0.38888888888888884;2964890;7688033.402399997;0.38882995171301415;1821;0.0
Meta_634;2950928;2.291509161573335E7;0.16666666666666666;2994275;1.81807704543E7;0.1666688817971025;3394;0.0
Meta_649;2950928;3.0553455487644468E7;0.4444444444444444;2950928;227020.4514;0.40508957051234734;72;0.0
Meta_650;2950928;3.0553455487644468E7;0.5;2950928;227020.4514;0.40508957051234734;63;0.0
Meta_635;2950928;2.291509161573335E7;0.2222222222222222;2979723;1.9122318902200002E7;0.22565450700684248;3622;1.0
Meta_637;2950928;2.291509161573335E7;0.3333333333333333;2953310;6653095.9284999985;0.33333400230193744;3367;0.0
Meta_643;2950928;3.0553455487644468E7;0.1111111111111111;2958695;1.3761311860699998E7;0.11111114251215297;2858;0.0
Meta_646;2950928;3.0553455487644468E7;0.2777777777777778;3014612;1.2970498939799994E7;0.27777788821323757;3042;0.0
Meta_641;2950928;3.0553455487644468E7;0.0;2965520;2.4765083044499993E7;0.15548065935559924;3686;0.9655932105835429
Meta_648;2950928;3.0553455487644468E7;0.38888888888888884;2954906;2648270.3708000015;0.3887403374943309;2176;0.0
Meta_642;2950928;3.0553455487644468E7;0.05555555555555555;2966994;2.0857572067E7;0.062122246486121586;3663;1.0
Meta_645;2950928;3.0553455487644468E7;0.2222222222222222;2901540;1.9662888185199995E7;0.36776667965151977;3625;1.0
Meta_659;2950928;3.819181935955559E7;0.4444444444444444;2950928;227020.4514;0.40508957051234734;78;0.0
Meta_660;2950928;3.819181935955559E7;0.5;2950928;227020.4514;0.40508957051234734;90;0.0
Meta_653;2950928;3.819181935955559E7;0.1111111111111111;2950928;2.4419313374300018E7;0.1099196526536915;2028;0.0
Meta_647;2950928;3.0553455487644468E7;0.3333333333333333;2952670;1.4474668217099998E7;0.33325972433121726;3057;0.0
Meta_654;2950928;3.819181935955559E7;0.16666666666666666;2991082;1.3038767965800006E7;0.16664758618370562;1981;0.0
Meta_651;2950928;3.819181935955559E7;0.0;3164620;3.1565873059199966E7;0.12662749350585195;3643;0.9568336837528479
Meta_652;2950928;3.819181935955559E7;0.05555555555555555;3093253;2.2460597474899992E7;0.0555563942467294;3236;0.0
Meta_658;2950928;3.819181935955559E7;0.38888888888888884;2950973;3100717.529400001;0.3888884427491205;1907;0.0
Meta_655;2950928;3.819181935955559E7;0.2222222222222222;3064730;3.523875249470002E7;0.22221437975826547;2108;0.0
Meta_656;2950928;3.819181935955559E7;0.2777777777777778;2956279;1.9964446299599983E7;0.36285624804646954;3636;1.0
Meta_657;2950928;3.819181935955559E7;0.3333333333333333;2950928;1.9183561606099993E7;0.33340340604927166;3629;1.0
Meta_670;2950928;4.58301832314667E7;0.5;2950928;227020.4514;0.40508957051234734;79;0.0
Meta_669;2950928;4.58301832314667E7;0.4444444444444444;2950928;227020.4514;0.40508957051234734;87;0.0
Meta_664;2950928;4.58301832314667E7;0.16666666666666666;2953177;8769301.751300005;0.16666685659450806;2803;0.0
Meta_668;2950928;4.58301832314667E7;0.38888888888888884;2950928;8276567.660200002;0.38766591901877384;2047;0.0
Meta_661;2950928;4.58301832314667E7;0.0;3291231;3.1652527417299997E7;0.1374273867316822;3617;0.9598937449637486
Meta_663;2950928;4.58301832314667E7;0.1111111111111111;2950929;1.6118178773599993E7;0.05336210891082249;3495;0.0
Meta_662;2950928;4.58301832314667E7;0.05555555555555555;2950928;1.5517983415900007E7;0.07081200243998365;3615;1.0
Meta_665;2950928;4.58301832314667E7;0.2222222222222222;2950928;2.7744309956200004E7;0.07861735505072692;3431;0.0
Meta_666;2950928;4.58301832314667E7;0.2777777777777778;2953035;4.290435384790001E7;0.27777733211775835;3449;0.0
Meta_679;2950928;5.346854710337782E7;0.4444444444444444;2950928;227020.4514;0.40508957051234734;64;0.0
Meta_680;2950928;5.346854710337782E7;0.5;2950928;227020.4514;0.40508957051234734;59;0.0
Meta_667;2950928;4.58301832314667E7;0.3333333333333333;2950928;9821010.636900002;0.34065648328217923;3628;1.0
Meta_678;2950928;5.346854710337782E7;0.38888888888888884;2950928;6597323.531299998;0.3888891947993407;1957;0.0
Meta_676;2950928;5.346854710337782E7;0.2777777777777778;2960785;4.1874227599599995E7;0.2768956749255962;3073;0.0
Meta_675;2950928;5.346854710337782E7;0.2222222222222222;2951896;2.3908648201199982E7;0.2222240146125159;3189;0.0
Meta_671;2950928;5.346854710337782E7;0.0;3210993;2.2140910231499992E7;0.1562189146990842;3630;0.9642502054595974
Meta_672;2950928;5.346854710337782E7;0.05555555555555555;3083274;1.6546472637699999E7;0.1400800424928728;3632;1.0
Meta_673;2950928;5.346854710337782E7;0.1111111111111111;3043107;1.7705229260399994E7;0.14166636248527847;3622;1.0
Meta_674;2950928;5.346854710337782E7;0.16666666666666666;3089807;2.937448742469999E7;0.16659681106559976;3559;0.0
Meta_689;2950928;6.1106910975288935E7;0.4444444444444444;2950928;227020.4514;0.40508957051234734;72;0.0
Meta_677;2950928;5.346854710337782E7;0.3333333333333333;2971886;1.0913716897699999E7;0.34222452275072945;3613;1.0
Meta_690;2950928;6.1106910975288935E7;0.5;2950928;227020.4514;0.40508957051234734;84;0.0
Meta_681;2950928;6.1106910975288935E7;0.0;2950929;2.4864484490000002E7;0.27112983309048666;3611;0.9907874349230373
Meta_682;2950928;6.1106910975288935E7;0.05555555555555555;3019192;3.48932990947E7;0.056733952810636853;3611;1.0
Meta_684;2950928;6.1106910975288935E7;0.16666666666666666;2973349;1.9574564101900004E7;0.16666718561145907;1898;0.0
Meta_685;2950928;6.1106910975288935E7;0.2222222222222222;2967985;3.790485572630003E7;0.22216342399456418;2032;0.0
Meta_688;2950928;6.1106910975288935E7;0.38888888888888884;2951050;2096595.8747999996;0.38888888827731927;2214;0.0
Meta_683;2950928;6.1106910975288935E7;0.1111111111111111;2950928;2.1617484607799996E7;0.10942672091028172;3506;0.0
Meta_686;2950928;6.1106910975288935E7;0.2777777777777778;3249709;2.704501757980001E7;0.27777824574003285;3273;0.0
Meta_687;2950928;6.1106910975288935E7;0.3333333333333333;2950928;1.46238946266E7;0.3333053228857126;3318;0.0
Meta_699;2950928;6.874527484720005E7;0.4444444444444444;2950928;227020.4514;0.40508957051234734;81;0.0
Meta_700;2950928;6.874527484720005E7;0.5;2950928;227020.4514;0.40508957051234734;82;0.0
Meta_691;2950928;6.874527484720005E7;0.0;2984146;2.0954496825299993E7;0.22662880768024893;3617;0.9851673502869276
Meta_692;2950928;6.874527484720005E7;0.05555555555555555;3153643;3.3574476285399996E7;0.055738065563898424;3612;1.0
Meta_695;2950928;6.874527484720005E7;0.2222222222222222;2951354;3.40743831848E7;0.22221881635658033;2638;0.0
Meta_694;2950928;6.874527484720005E7;0.16666666666666666;3068789;2.5249614950699978E7;0.16665379658362983;2825;0.0
Meta_698;2950928;6.874527484720005E7;0.38888888888888884;2950929;2270775.4183999994;0.3883426292509087;1484;0.0
Meta_693;2950928;6.874527484720005E7;0.1111111111111111;2998915;5.681252639949997E7;0.22594281762977142;3624;1.0
Meta_708;2817635;0.0;0.38888888888888884;2817940;0.0;0.35510729844073213;86;0.0
Meta_709;2817635;0.0;0.4444444444444444;2817940;0.0;0.35510729844073213;62;0.0
Meta_710;2817635;0.0;0.5;2817940;0.0;0.35510729844073213;70;0.0
Meta_696;2950928;6.874527484720005E7;0.2777777777777778;3101361;2.504666669320002E7;0.31963143508852854;3604;1.0
Meta_697;2950928;6.874527484720005E7;0.3333333333333333;3292686;4.71156678211E7;0.19436891740033435;3492;0.0
Meta_707;2817635;0.0;0.3333333333333333;2818713;0.0;0.31844962018303075;1527;0.0
Meta_701;2817635;0.0;0.0;2819535;8300310.415499995;0.1928697310598615;3612;0.9297819180736846
Meta_702;2817635;0.0;0.05555555555555555;2819157;6303850.204799998;0.23248902024926169;3640;0.9595394506640297
Meta_703;2817635;0.0;0.1111111111111111;2817926;8322804.709099992;0.21873097852034487;3649;0.9691529904448076
Meta_704;2817635;0.0;0.16666666666666666;2803582;1759662.9307000006;0.2730273211921063;3645;0.9858464227625475
Meta_718;2817635;7638363.871911117;0.38888888888888884;2819795;732240.0252;0.3530321558279683;57;0.0
Meta_719;2817635;7638363.871911117;0.4444444444444444;2819795;732240.0252;0.3530321558279683;55;0.0
Meta_720;2817635;7638363.871911117;0.5;2819795;732240.0252;0.3530321558279683;53;0.0
Meta_705;2817635;0.0;0.2222222222222222;2755727;1087832.3780999999;0.26626225345453114;3612;1.0
Meta_706;2817635;0.0;0.2777777777777778;2817635;1084430.6082999997;0.27777906419756043;3607;1.0
Meta_713;2817635;7638363.871911117;0.1111111111111111;2831335;7455485.769700002;0.11111134232534116;2349;0.0
Meta_711;2817635;7638363.871911117;0.0;3172554;8792553.812600002;0.16775470518519095;3640;0.9713208003441252
Meta_715;2817635;7638363.871911117;0.2222222222222222;2822176;7638288.086999997;0.22222037682187226;2216;0.0
Meta_712;2817635;7638363.871911117;0.05555555555555555;2993526;7489769.575599997;0.07599721199685695;3617;1.0
Meta_714;2817635;7638363.871911117;0.16666666666666666;2820764;7538389.681499997;0.2438634430293297;3615;1.0
Meta_728;2817635;1.5276727743822234E7;0.38888888888888884;2819795;732240.0252;0.3530321558279683;62;0.0
Meta_729;2817635;1.5276727743822234E7;0.4444444444444444;2819795;732240.0252;0.3530321558279683;56;0.0
Meta_730;2817635;1.5276727743822234E7;0.5;2819795;732240.0252;0.3530321558279683;56;0.0
Meta_716;2817635;7638363.871911117;0.2777777777777778;2888261;7574380.798699998;0.2777765674555984;3483;0.0
Meta_723;2817635;1.5276727743822234E7;0.1111111111111111;2843023;1.5276500590100009E7;0.11084960474362035;2899;0.0
Meta_717;2817635;7638363.871911117;0.3333333333333333;2817635;7471629.9393;0.33333059042463203;3497;0.0
Meta_721;2817635;1.5276727743822234E7;0.0;3425774;1.52768676635E7;0.14187565411554923;3620;0.9612364805796433
Meta_722;2817635;1.5276727743822234E7;0.05555555555555555;3173276;1.4786517297899997E7;0.14735156093545398;3616;1.0
Meta_724;2817635;1.5276727743822234E7;0.16666666666666666;2817741;1.1729226177700007E7;0.16666851832413979;3586;0.0
Meta_725;2817635;1.5276727743822234E7;0.2222222222222222;3199924;1.645437636389999E7;0.269131361665639;3651;1.0
Meta_727;2817635;1.5276727743822234E7;0.3333333333333333;2817748;7384678.185299998;0.33333336464137653;3557;0.0
Meta_738;2817635;2.291509161573335E7;0.38888888888888884;2819795;732240.0252;0.3530321558279683;64;0.0
Meta_726;2817635;1.5276727743822234E7;0.2777777777777778;2843920;1.6391369252000006E7;0.2834217704677643;3679;1.0
Meta_739;2817635;2.291509161573335E7;0.4444444444444444;2819795;732240.0252;0.3530321558279683;67;0.0
Meta_740;2817635;2.291509161573335E7;0.5;2819795;732240.0252;0.3530321558279683;47;0.0
Meta_732;2817635;2.291509161573335E7;0.05555555555555555;3167987;2.2742366912300006E7;0.055558234170732614;3014;0.0
Meta_731;2817635;2.291509161573335E7;0.0;3415508;2.2904826595099982E7;0.14031836125896038;3612;0.958665259054537
Meta_737;2817635;2.291509161573335E7;0.3333333333333333;2817668;4023389.0189999994;0.3333158984390353;2030;0.0
Meta_733;2817635;2.291509161573335E7;0.1111111111111111;2820311;1.72243589521E7;0.10914683415404447;3152;0.0
Meta_734;2817635;2.291509161573335E7;0.16666666666666666;2817635;1.7123102067999996E7;0.1666378669181473;3476;0.0
Meta_748;2817635;3.0553455487644468E7;0.38888888888888884;2819795;732240.0252;0.3530321558279683;72;0.0
Meta_749;2817635;3.0553455487644468E7;0.4444444444444444;2819795;732240.0252;0.3530321558279683;74;0.0
Meta_735;2817635;2.291509161573335E7;0.2222222222222222;2820477;1.4926133995800002E7;0.2222105267216166;3394;0.0
Meta_750;2817635;3.0553455487644468E7;0.5;2819795;732240.0252;0.3530321558279683;55;0.0
Meta_736;2817635;2.291509161573335E7;0.2777777777777778;2962509;2.2914953619799998E7;0.2921732437911262;3612;1.0
Meta_743;2817635;3.0553455487644468E7;0.1111111111111111;3043315;2.0627257183100022E7;0.06955789308961324;3089;0.0
Meta_741;2817635;3.0553455487644468E7;0.0;2952631;2.885046331749997E7;0.3030376804666122;3630;0.9903288239691858
Meta_742;2817635;3.0553455487644468E7;0.05555555555555555;3056448;2.826306432409998E7;0.057316125561622175;3639;1.0
Meta_747;2817635;3.0553455487644468E7;0.3333333333333333;2817635;2682354.2131000003;0.33331349134328353;2541;0.0
Meta_745;2817635;3.0553455487644468E7;0.2222222222222222;2910182;1.4319125472399993E7;0.22222227595880098;3209;0.0
Meta_758;2817635;3.819181935955559E7;0.38888888888888884;2819795;732240.0252;0.3530321558279683;53;0.0
Meta_759;2817635;3.819181935955559E7;0.4444444444444444;2819795;732240.0252;0.3530321558279683;73;0.0
Meta_760;2817635;3.819181935955559E7;0.5;2819795;732240.0252;0.3530321558279683;67;0.0
Meta_746;2817635;3.0553455487644468E7;0.2777777777777778;2817636;2.504784233410001E7;0.27664214163379214;3227;0.0
Meta_744;2817635;3.0553455487644468E7;0.16666666666666666;2817635;3.05534218011E7;0.18772341934492454;3638;1.0
Meta_753;2817635;3.819181935955559E7;0.1111111111111111;2817751;1.7503021602099992E7;0.09982249736896011;3178;0.0
Meta_752;2817635;3.819181935955559E7;0.05555555555555555;3127724;3.504996121679999E7;0.10371986794342543;3629;1.0
Meta_751;2817635;3.819181935955559E7;0.0;2817635;2.6244759049099974E7;0.2124793960656037;3625;0.9819120092269062
Meta_755;2817635;3.819181935955559E7;0.2222222222222222;2819087;1.7761201093300007E7;0.22222217124323215;2492;0.0
Meta_757;2817635;3.819181935955559E7;0.3333333333333333;2818030;4188074.412;0.3333317950286468;2472;0.0
Meta_768;2817635;4.58301832314667E7;0.38888888888888884;2819795;732240.0252;0.3530321558279683;55;0.0
Meta_754;2817635;3.819181935955559E7;0.16666666666666666;2817639;2.61560347606E7;0.16666748956394103;3321;0.0
Meta_769;2817635;4.58301832314667E7;0.4444444444444444;2819795;732240.0252;0.3530321558279683;64;0.0
Meta_770;2817635;4.58301832314667E7;0.5;2819795;732240.0252;0.3530321558279683;70;0.0
Meta_756;2817635;3.819181935955559E7;0.2777777777777778;3075109;1.9209106657399982E7;0.27777802961678494;3603;0.0
Meta_763;2817635;4.58301832314667E7;0.1111111111111111;2818370;2.984314791550001E7;0.11106412222873749;3314;0.0
Meta_761;2817635;4.58301832314667E7;0.0;2821076;2.247459103469999E7;0.1965138515721042;3615;0.976568040865676
Meta_762;2817635;4.58301832314667E7;0.05555555555555555;2874865;1.52623379145E7;0.12251468892428959;3623;1.0
Meta_765;2817635;4.58301832314667E7;0.2222222222222222;2817635;1.78730113545E7;0.17553366358302752;2748;0.0
Meta_764;2817635;4.58301832314667E7;0.16666666666666666;2843832;3.758440488169997E7;0.16602017956380377;3337;0.0
Meta_778;2817635;5.346854710337782E7;0.38888888888888884;2819795;732240.0252;0.3530321558279683;52;0.0
Meta_779;2817635;5.346854710337782E7;0.4444444444444444;2819795;732240.0252;0.3530321558279683;57;0.0
Meta_780;2817635;5.346854710337782E7;0.5;2819795;732240.0252;0.3530321558279683;60;0.0
Meta_766;2817635;4.58301832314667E7;0.2777777777777778;3038057;2.3441087873199984E7;0.27777901432876456;3436;0.0
Meta_767;2817635;4.58301832314667E7;0.3333333333333333;2817713;7208472.087600001;0.3333344319439665;3376;0.0
Meta_772;2817635;5.346854710337782E7;0.05555555555555555;3072346;2.6138454020900015E7;0.055555694518414855;3554;0.0
Meta_771;2817635;5.346854710337782E7;0.0;3197918;5.338742752119995E7;0.1044600082457082;3623;0.9213218896341782
Meta_783;2817635;6.1106910975288935E7;0.1111111111111111;2817635;2.1547079680900004E7;0.11063160734111248;659;0.0
Meta_777;2817635;5.346854710337782E7;0.3333333333333333;2818973;3425541.3910999997;0.3333332672639301;1906;0.0
Meta_773;2817635;5.346854710337782E7;0.1111111111111111;2817635;3.4933579369500004E7;0.11111278752122483;3257;0.0
Meta_788;2817635;6.1106910975288935E7;0.38888888888888884;2819795;732240.0252;0.3530321558279683;61;0.0
Meta_789;2817635;6.1106910975288935E7;0.4444444444444444;2819795;732240.0252;0.3530321558279683;66;0.0
Meta_790;2817635;6.1106910975288935E7;0.5;2819795;732240.0252;0.3530321558279683;62;0.0
Meta_774;2817635;5.346854710337782E7;0.16666666666666666;2855515;2.0292609196200006E7;0.16666775254904198;3403;0.0
Meta_775;2817635;5.346854710337782E7;0.2222222222222222;2818587;1.64006532311E7;0.22052583666394865;3369;0.0
Meta_776;2817635;5.346854710337782E7;0.2777777777777778;3010991;2.1271918452499993E7;0.27746469288786746;3361;0.0
Meta_781;2817635;6.1106910975288935E7;0.0;2930014;1.0298549819500003E7;0.31275206070608763;3620;0.9958067235898406
Meta_782;2817635;6.1106910975288935E7;0.05555555555555555;3415250;3.0248314336800005E7;0.12065874988391821;3606;1.0
Meta_784;2817635;6.1106910975288935E7;0.16666666666666666;2824763;1.77241788028E7;0.16666674358192196;2987;0.0
Meta_785;2817635;6.1106910975288935E7;0.2222222222222222;2858285;4.3602040318500035E7;0.22222225439382853;3451;0.0
Meta_787;2817635;6.1106910975288935E7;0.3333333333333333;2825111;2456534.524299999;0.33332836194325655;3232;0.0
Meta_798;2817635;6.874527484720005E7;0.38888888888888884;2819795;732240.0252;0.3530321558279683;53;0.0
Meta_786;2817635;6.1106910975288935E7;0.2777777777777778;2817635;2.3560132852899995E7;0.27777781718507766;3465;0.0
Meta_800;2817635;6.874527484720005E7;0.5;2819795;732240.0252;0.3530321558279683;67;0.0
Meta_799;2817635;6.874527484720005E7;0.4444444444444444;2819795;732240.0252;0.3530321558279683;73;0.0
Meta_793;2817635;6.874527484720005E7;0.1111111111111111;2820268;3.35607481197E7;0.10904655704661549;3080;0.0
Meta_791;2817635;6.874527484720005E7;0.0;3105004;1.8626376369900018E7;0.22996586863154136;3626;0.9837676590346198
Meta_792;2817635;6.874527484720005E7;0.05555555555555555;3121169;3.208155051109995E7;0.07319972226038543;3613;1.0
Meta_794;2817635;6.874527484720005E7;0.16666666666666666;2831443;2.8807832951300014E7;0.11724406647876996;3618;0.0
Meta_795;2817635;6.874527484720005E7;0.2222222222222222;2824393;2.2405482178600017E7;0.22097796889522758;3103;0.0
Meta_808;2684341;0.0;0.38888888888888884;2686069;0.0;0.3437303698776148;89;0.0
Meta_809;2684341;0.0;0.4444444444444444;2685074;0.0;0.3539744618900743;90;0.0
Meta_810;2684341;0.0;0.5;2685074;0.0;0.3539744618900743;74;0.0
Meta_796;2817635;6.874527484720005E7;0.2777777777777778;3291495;2.5168616178600024E7;0.3497052394276267;3610;1.0
Meta_797;2817635;6.874527484720005E7;0.3333333333333333;2817635;4434743.443600001;0.3330140274423291;3499;0.0
Meta_807;2684341;0.0;0.3333333333333333;2684827;0.0;0.29639809141989076;2274;0.0
Meta_801;2684341;0.0;0.0;2786176;5693069.087899994;0.22944151553386838;3609;0.9477406748050298
Meta_802;2684341;0.0;0.05555555555555555;2684839;7084949.287400004;0.20740069909891798;3609;0.9609816428452752
Meta_803;2684341;0.0;0.1111111111111111;2684341;4217825.967599998;0.2609625821690122;3609;0.9779375163745159
Meta_804;2684341;0.0;0.16666666666666666;2684341;329005.743;0.36769435412496276;3611;0.9948899882920774
Meta_805;2684341;0.0;0.2222222222222222;2684263;1239583.7462;0.25132018547469825;3605;1.0
Meta_818;2684341;7638363.871911117;0.38888888888888884;2687737;228788.7853;0.34533357812465176;50;0.0
Meta_819;2684341;7638363.871911117;0.4444444444444444;2687737;228788.7853;0.34533357812465176;54;0.0
Meta_820;2684341;7638363.871911117;0.5;2687737;228788.7853;0.34533357812465176;47;0.0
Meta_806;2684341;0.0;0.2777777777777778;2684341;183503.30659999998;0.277774470432796;3616;1.0
Meta_817;2684341;7638363.871911117;0.3333333333333333;2684341;770710.7123000001;0.3319488575424871;2097;0.0
Meta_811;2684341;7638363.871911117;0.0;3012714;8659552.934100002;0.18899594043359505;3621;0.9787333942331362
Meta_812;2684341;7638363.871911117;0.05555555555555555;2757241;8756470.1261;0.236536752102896;3636;1.0
Meta_813;2684341;7638363.871911117;0.1111111111111111;2728133;7029361.797900001;0.11100652604586364;3617;0.0
Meta_816;2684341;7638363.871911117;0.2777777777777778;2684341;1055076.6368000002;0.2777369668465122;3446;0.0
Meta_828;2684341;1.5276727743822234E7;0.38888888888888884;2687737;228788.7853;0.34533357812465176;56;0.0
Meta_815;2684341;7638363.871911117;0.2222222222222222;2684341;7615661.844900003;0.222222206085601;3596;0.0
Meta_814;2684341;7638363.871911117;0.16666666666666666;2689403;8385133.974400003;0.24855002619628064;3637;1.0
Meta_829;2684341;1.5276727743822234E7;0.4444444444444444;2687737;228788.7853;0.34533357812465176;54;0.0
Meta_830;2684341;1.5276727743822234E7;0.5;2687737;228788.7853;0.34533357812465176;50;0.0
Meta_823;2684341;1.5276727743822234E7;0.1111111111111111;2684341;1.2923075220999992E7;0.09953796026738068;3005;0.0
Meta_821;2684341;1.5276727743822234E7;0.0;2687478;1.5166163577399995E7;0.22611469412851717;3615;0.9838696614532105
Meta_822;2684341;1.5276727743822234E7;0.05555555555555555;2773239;1.5208826591999996E7;0.12652577820461164;3619;1.0
Meta_825;2684341;1.5276727743822234E7;0.2222222222222222;2921474;1.277223664810001E7;0.2221692023585444;2088;0.0
Meta_827;2684341;1.5276727743822234E7;0.3333333333333333;2684342;1878952.5331000001;0.33333299678134104;1770;0.0
Meta_838;2684341;2.291509161573335E7;0.38888888888888884;2687737;228788.7853;0.34533357812465176;49;0.0
Meta_839;2684341;2.291509161573335E7;0.4444444444444444;2687737;228788.7853;0.34533357812465176;54;0.0
Meta_840;2684341;2.291509161573335E7;0.5;2687737;228788.7853;0.34533357812465176;51;0.0
Meta_824;2684341;1.5276727743822234E7;0.16666666666666666;2794648;1.270291434430001E7;0.16664613024729305;3195;0.0
Meta_826;2684341;1.5276727743822234E7;0.2777777777777778;2944048;1.108299362850001E7;0.2777087143693895;2809;0.0
Meta_837;2684341;2.291509161573335E7;0.3333333333333333;2690065;2574111.014200001;0.33333334224414923;1746;0.0
Meta_833;2684341;2.291509161573335E7;0.1111111111111111;2684345;1.1843550324000005E7;0.10526896475989085;2932;0.0
Meta_831;2684341;2.291509161573335E7;0.0;2684341;1.13902149919E7;0.2799201783549798;3633;0.9891144280686328
Meta_832;2684341;2.291509161573335E7;0.05555555555555555;3206287;2.2913229545100026E7;0.09165009832111606;3679;1.0
Meta_834;2684341;2.291509161573335E7;0.16666666666666666;2840768;1.52684041344E7;0.2212991433740427;3616;1.0
Meta_848;2684341;3.0553455487644468E7;0.38888888888888884;2687737;228788.7853;0.34533357812465176;61;0.0
Meta_835;2684341;2.291509161573335E7;0.2222222222222222;2716054;1.998426556699999E7;0.0902384503649752;3334;0.0
Meta_849;2684341;3.0553455487644468E7;0.4444444444444444;2687737;228788.7853;0.34533357812465176;56;0.0
Meta_850;2684341;3.0553455487644468E7;0.5;2687737;228788.7853;0.34533357812465176;61;0.0
Meta_836;2684341;2.291509161573335E7;0.2777777777777778;2684341;4867306.845400001;0.33807035026358745;3642;1.0
Meta_845;2684341;3.0553455487644468E7;0.2222222222222222;2684341;2.3353774861300018E7;0.18922591755867257;1827;0.0
Meta_841;2684341;3.0553455487644468E7;0.0;3180024;1.9886415300499987E7;0.20001205436657535;3628;0.9782987181550077
Meta_843;2684341;3.0553455487644468E7;0.1111111111111111;2684341;2.844976355749999E7;0.11110518463990787;3022;0.0
Meta_842;2684341;3.0553455487644468E7;0.05555555555555555;3084271;1.963841937960002E7;0.05424646036686682;3475;0.0
Meta_844;2684341;3.0553455487644468E7;0.16666666666666666;2684341;1.7905027969E7;0.1504081350722464;2791;0.0
Meta_858;2684341;3.819181935955559E7;0.38888888888888884;2687737;228788.7853;0.34533357812465176;50;0.0
Meta_859;2684341;3.819181935955559E7;0.4444444444444444;2687737;228788.7853;0.34533357812465176;71;0.0
Meta_860;2684341;3.819181935955559E7;0.5;2687737;228788.7853;0.34533357812465176;58;0.0
Meta_847;2684341;3.0553455487644468E7;0.3333333333333333;2687934;1243140.2787000001;0.33333268718497416;2266;0.0
Meta_846;2684341;3.0553455487644468E7;0.2777777777777778;2997038;2.3297763820399992E7;0.4032623190707124;3610;1.0
Meta_851;2684341;3.819181935955559E7;0.0;3267935;2.0340325826799992E7;0.2163327880563955;3611;0.9816857640441236
Meta_852;2684341;3.819181935955559E7;0.05555555555555555;3139900;3.676816037540001E7;0.08926123029135463;3623;1.0
Meta_853;2684341;3.819181935955559E7;0.1111111111111111;2684344;1.58813772065E7;0.11103996127326189;3389;0.0
Meta_857;2684341;3.819181935955559E7;0.3333333333333333;2684341;3694479.2794999992;0.3333340441078116;2822;0.0
Meta_854;2684341;3.819181935955559E7;0.16666666666666666;2684341;3.77882536317E7;0.16666419865053125;3221;0.0
Meta_868;2684341;4.58301832314667E7;0.38888888888888884;2687737;228788.7853;0.34533357812465176;44;0.0
Meta_856;2684341;3.819181935955559E7;0.2777777777777778;2684341;2.3160869095699992E7;0.27777925372345436;3021;0.0
Meta_869;2684341;4.58301832314667E7;0.4444444444444444;2687737;228788.7853;0.34533357812465176;45;0.0
Meta_870;2684341;4.58301832314667E7;0.5;2687737;228788.7853;0.34533357812465176;46;0.0
Meta_855;2684341;3.819181935955559E7;0.2222222222222222;3132411;1.779173445489999E7;0.21968105456567164;3340;0.0
Meta_863;2684341;4.58301832314667E7;0.1111111111111111;2687816;8507441.815800006;0.11111115869835984;1604;0.0
Meta_861;2684341;4.58301832314667E7;0.0;3218332;4.263128033539998E7;0.16185238792665713;3622;0.9680863035513373
Meta_867;2684341;4.58301832314667E7;0.3333333333333333;2684341;2297804.7942000004;0.3333332425027338;1444;0.0
Meta_862;2684341;4.58301832314667E7;0.05555555555555555;3403353;4.249245668879996E7;0.1602900197479612;3631;1.0
Meta_865;2684341;4.58301832314667E7;0.2222222222222222;2757384;8404523.6259;0.2221867312682516;1843;0.0
Meta_878;2684341;5.346854710337782E7;0.38888888888888884;2687737;228788.7853;0.34533357812465176;52;0.0
Meta_879;2684341;5.346854710337782E7;0.4444444444444444;2687737;228788.7853;0.34533357812465176;49;0.0
Meta_880;2684341;5.346854710337782E7;0.5;2687737;228788.7853;0.34533357812465176;47;0.0
Meta_877;2684341;5.346854710337782E7;0.3333333333333333;2684341;2150979.614499999;0.333333153427034;1551;0.0
Meta_864;2684341;4.58301832314667E7;0.16666666666666666;2688441;1.4374033078300014E7;0.177424656598037;3616;1.0
Meta_866;2684341;4.58301832314667E7;0.2777777777777778;2862725;2.4450030054600008E7;0.32098570435590146;3627;1.0
Meta_871;2684341;5.346854710337782E7;0.0;2684344;3.763859315970001E7;0.16527486641732614;3614;0.9698064881379005
Meta_872;2684341;5.346854710337782E7;0.05555555555555555;3370753;4.784887356620004E7;0.07301018612140987;3615;1.0
Meta_873;2684341;5.346854710337782E7;0.1111111111111111;3186036;5.2960236007500015E7;0.11111249751440185;3603;0.0
Meta_874;2684341;5.346854710337782E7;0.16666666666666666;2924309;2.702350797800002E7;0.16652919255736423;3420;0.0
Meta_888;2684341;6.1106910975288935E7;0.38888888888888884;2687737;228788.7853;0.34533357812465176;71;0.0
Meta_889;2684341;6.1106910975288935E7;0.4444444444444444;2687737;228788.7853;0.34533357812465176;71;0.0
Meta_890;2684341;6.1106910975288935E7;0.5;2687737;228788.7853;0.34533357812465176;81;0.0
Meta_875;2684341;5.346854710337782E7;0.2222222222222222;2773794;3.4779716263900034E7;0.23367311286190892;3621;1.0
Meta_876;2684341;5.346854710337782E7;0.2777777777777778;2739124;3.000197917680001E7;0.2788415895881836;3615;1.0
Meta_881;2684341;6.1106910975288935E7;0.0;2684341;2.1731363247000024E7;0.30091013299110075;3620;0.9904987370107241
Meta_887;2684341;6.1106910975288935E7;0.3333333333333333;2684343;857142.5423000002;0.33332741190784815;2166;0.0
Meta_883;2684341;6.1106910975288935E7;0.1111111111111111;2693926;1.0433960242300004E7;0.11070317295015177;3012;0.0
Meta_882;2684341;6.1106910975288935E7;0.05555555555555555;3162890;6.13980661121E7;0.18520016879779436;3614;1.0
Meta_886;2684341;6.1106910975288935E7;0.2777777777777778;2694006;3.094292200999999E7;0.27777777653177055;3238;0.0
Meta_898;2684341;6.874527484720005E7;0.38888888888888884;2687737;228788.7853;0.34533357812465176;49;0.0
Meta_899;2684341;6.874527484720005E7;0.4444444444444444;2687737;228788.7853;0.34533357812465176;49;0.0
Meta_884;2684341;6.1106910975288935E7;0.16666666666666666;3273144;3.056113777279999E7;0.19642051101054575;3615;1.0
Meta_900;2684341;6.874527484720005E7;0.5;2687737;228788.7853;0.34533357812465176;47;0.0
Meta_885;2684341;6.1106910975288935E7;0.2222222222222222;3320782;2.9596784101400003E7;0.22222407104423267;3574;0.0
Meta_893;2684341;6.874527484720005E7;0.1111111111111111;2722207;1.0829769036300005E7;0.11111165199502174;2322;0.0
Meta_891;2684341;6.874527484720005E7;0.0;3262394;5.474287506800008E7;0.14896479419563508;3635;0.9613364883299497
Meta_894;2684341;6.874527484720005E7;0.16666666666666666;2714715;1.1265502312400006E7;0.16634774013671697;3108;0.0
Meta_892;2684341;6.874527484720005E7;0.05555555555555555;3319451;6.696237565129997E7;0.19475892928859373;3625;1.0
Meta_895;2684341;6.874527484720005E7;0.2222222222222222;3073832;3.0485031104199994E7;0.206040520817022;2795;0.0
Meta_897;2684341;6.874527484720005E7;0.3333333333333333;2684343;857142.5423000002;0.33332741190784815;2147;0.0
Meta_909;2551048;0.0;0.4444444444444444;2551209;0.0;0.39566615992347043;94;0.0
Meta_910;2551048;0.0;0.5;2551209;0.0;0.39566615992347043;59;0.0
Meta_906;2551048;0.0;0.2777777777777778;2552784;0.0;0.27697990716357396;1173;0.0
Meta_896;2684341;6.874527484720005E7;0.2777777777777778;3018076;2.7918426594400004E7;0.3799933028366599;3606;1.0
Meta_907;2551048;0.0;0.3333333333333333;2606986;0.0;0.3199739608309845;1984;0.0
Meta_901;2551048;0.0;0.0;2551048;3568713.302000003;0.2765786340892344;3604;0.9552156025162148
Meta_902;2551048;0.0;0.05555555555555555;2553233;5211552.088799996;0.2609780203386568;3618;0.9747972114829562
Meta_903;2551048;0.0;0.1111111111111111;2551048;487487.9949999999;0.25716916590811606;3611;0.9904677706212944
Meta_908;2551048;0.0;0.38888888888888884;2656629;0.0;0.3506591018393688;2186;0.0
Meta_904;2551048;0.0;0.16666666666666666;2551048;1651696.9695;0.22540746983292714;3614;1.0
Meta_919;2551048;7638363.871911117;0.4444444444444444;2551048;4377095.0911;0.40165335187246076;60;0.0
Meta_920;2551048;7638363.871911117;0.5;2551048;4333380.6303;0.3995479019985029;53;0.0
Meta_905;2551048;0.0;0.2222222222222222;2551048;1300772.7380000008;0.23018524761867018;3617;1.0
Meta_918;2551048;7638363.871911117;0.38888888888888884;2551557;5125471.5873;0.3888885573538202;1344;0.0
Meta_914;2551048;7638363.871911117;0.16666666666666666;2751411;7433808.570399994;0.16666961584667073;2120;0.0
Meta_911;2551048;7638363.871911117;0.0;2693322;7792685.310600002;0.17081334042043536;3641;0.9737045783712813
Meta_917;2551048;7638363.871911117;0.3333333333333333;2551243;7429067.575200002;0.33333040443860856;2030;0.0
Meta_912;2551048;7638363.871911117;0.05555555555555555;3007884;7556943.010000004;0.14110105722499133;3609;1.0
Meta_913;2551048;7638363.871911117;0.1111111111111111;2612818;7620569.9007;0.11111052442365062;3546;0.0
Meta_927;2551048;1.5276727743822234E7;0.3333333333333333;2551048;9371794.6183;0.33333370868935247;176;0.0
Meta_929;2551048;1.5276727743822234E7;0.4444444444444444;2551048;4377095.0911;0.40165335187246076;69;0.0
Meta_930;2551048;1.5276727743822234E7;0.5;2551048;4484259.0043;0.39958129113762647;67;0.0
Meta_916;2551048;7638363.871911117;0.2777777777777778;2551048;807030.3106;0.2777713225444714;3478;0.0
Meta_915;2551048;7638363.871911117;0.2222222222222222;2748604;8120053.026899998;0.360069074981469;3616;1.0
Meta_921;2551048;1.5276727743822234E7;0.0;3188465;1.5276655073800014E7;0.1523094226663157;3631;0.9651440026555801
Meta_928;2551048;1.5276727743822234E7;0.38888888888888884;2551048;6543803.976600001;0.38878910213563816;1654;0.0
Meta_922;2551048;1.5276727743822234E7;0.05555555555555555;3263291;1.5323177051000008E7;0.18181452483368762;3629;1.0
Meta_923;2551048;1.5276727743822234E7;0.1111111111111111;2979356;1.5254456507299999E7;0.12855569128025776;3623;1.0
Meta_926;2551048;1.5276727743822234E7;0.2777777777777778;2551048;3217374.8389;0.2777785440241325;3204;0.0
Meta_924;2551048;1.5276727743822234E7;0.16666666666666666;2551048;9127290.651800003;0.12251770511613862;3612;0.0
Meta_925;2551048;1.5276727743822234E7;0.2222222222222222;2551048;1.5276725580800006E7;0.2707947741340576;3623;1.0
Meta_939;2551048;2.291509161573335E7;0.4444444444444444;2551048;4377095.0911;0.40165335187246076;85;0.0
Meta_940;2551048;2.291509161573335E7;0.5;2551048;4484259.0043;0.39958129113762647;110;0.0
Meta_937;2551048;2.291509161573335E7;0.3333333333333333;2551049;1.0009609614400001E7;0.3333326581711891;641;0.0
Meta_931;2551048;2.291509161573335E7;0.0;2551048;2.28684595276E7;0.3020774448705016;3628;0.9967435389515631
Meta_935;2551048;2.291509161573335E7;0.2222222222222222;2918573;2.037538904740001E7;0.22222153177566348;2152;0.0
Meta_938;2551048;2.291509161573335E7;0.38888888888888884;2556768;7180051.907999999;0.388713667011168;1594;0.0
Meta_932;2551048;2.291509161573335E7;0.05555555555555555;2617756;1.3692898670700006E7;0.169253277462172;3617;1.0
Meta_933;2551048;2.291509161573335E7;0.1111111111111111;2557304;1.2604288902300004E7;0.10870249711898759;3575;0.0
Meta_934;2551048;2.291509161573335E7;0.16666666666666666;2897749;2.1696091789300002E7;0.24743943735613863;3633;1.0
Meta_936;2551048;2.291509161573335E7;0.2777777777777778;2551048;1123791.4922;0.27682561253162546;2992;0.0
Meta_949;2551048;3.0553455487644468E7;0.4444444444444444;2551048;4377095.0911;0.40165335187246076;59;0.0
Meta_950;2551048;3.0553455487644468E7;0.5;2551048;4484259.0043;0.39958129113762647;72;0.0
Meta_947;2551048;3.0553455487644468E7;0.3333333333333333;2551051;1.1292630440599998E7;0.33333232004303104;1273;0.0
Meta_944;2551048;3.0553455487644468E7;0.16666666666666666;2882343;2.4967369937599994E7;0.1567291286495386;1973;0.0
Meta_948;2551048;3.0553455487644468E7;0.38888888888888884;2551055;5534304.523200001;0.3888842741827469;1627;0.0
Meta_943;2551048;3.0553455487644468E7;0.1111111111111111;2551048;1.458703248789999E7;0.10696968677951302;3118;0.0
Meta_941;2551048;3.0553455487644468E7;0.0;3273991;3.0553411650399968E7;0.1350980247010599;3625;0.9556603820201693
Meta_942;2551048;3.0553455487644468E7;0.05555555555555555;2788721;2.00234084269E7;0.13693937095239925;3616;1.0
Meta_945;2551048;3.0553455487644468E7;0.2222222222222222;2556610;1.8432330492599994E7;0.2206474929860544;3346;0.0
Meta_959;2551048;3.819181935955559E7;0.4444444444444444;2551048;4565012.555900001;0.39967619204888233;83;0.0
Meta_960;2551048;3.819181935955559E7;0.5;2551048;4484259.0043;0.39958129113762647;84;0.0
Meta_946;2551048;3.0553455487644468E7;0.2777777777777778;2551048;3379914.4604;0.27753334495434084;3206;0.0
Meta_954;2551048;3.819181935955559E7;0.16666666666666666;2881447;3.533118198189998E7;0.1663854204096455;2064;0.0
Meta_957;2551048;3.819181935955559E7;0.3333333333333333;2555988;1.1845790761600003E7;0.3333339485054951;1706;0.0
Meta_958;2551048;3.819181935955559E7;0.38888888888888884;2553901;6969119.775899999;0.38888902740418435;1676;0.0
Meta_963;2551048;4.58301832314667E7;0.1111111111111111;2567567;8641660.87170001;0.11109356773527411;554;0.0
Meta_951;2551048;3.819181935955559E7;0.0;3429868;3.334638130760001E7;0.1366380619536942;3614;0.9790464074114233
Meta_952;2551048;3.819181935955559E7;0.05555555555555555;2765643;2.3248191041300014E7;0.06464847215647747;3642;1.0
Meta_964;2551048;4.58301832314667E7;0.16666666666666666;2604452;1.7284761359899994E7;0.16629003530256892;522;0.0
Meta_969;2551048;4.58301832314667E7;0.4444444444444444;2551048;4565012.555900001;0.39967619204888233;63;0.0
Meta_970;2551048;4.58301832314667E7;0.5;2551048;4484259.0043;0.39958129113762647;67;0.0
Meta_953;2551048;3.819181935955559E7;0.1111111111111111;3367246;3.818399470780003E7;0.19240926192988292;3612;1.0
Meta_956;2551048;3.819181935955559E7;0.2777777777777778;2551054;1545102.5235000006;0.27777722065821725;3101;0.0
Meta_955;2551048;3.819181935955559E7;0.2222222222222222;3200792;1.8606871278899994E7;0.16043334011889937;3308;0.0
Meta_967;2551048;4.58301832314667E7;0.3333333333333333;2551950;1.1506008308500003E7;0.3333319081212155;1464;0.0
Meta_968;2551048;4.58301832314667E7;0.38888888888888884;2560150;5561195.736800002;0.38888957731538826;1569;0.0
Meta_961;2551048;4.58301832314667E7;0.0;2551048;1.61734178929E7;0.259959839207297;3626;0.9941756245846671
Meta_962;2551048;4.58301832314667E7;0.05555555555555555;3062603;2.19111930319E7;0.1495949444642698;3618;1.0
Meta_977;2551048;5.346854710337782E7;0.3333333333333333;2551048;1.11808479107E7;0.33333472928282637;521;0.0
Meta_979;2551048;5.346854710337782E7;0.4444444444444444;2551048;4565012.555900001;0.39967619204888233;68;0.0
Meta_980;2551048;5.346854710337782E7;0.5;2551048;4484259.0043;0.39958129113762647;78;0.0
Meta_965;2551048;4.58301832314667E7;0.2222222222222222;2568659;3.436844099930002E7;0.22222145773356025;3490;0.0
Meta_966;2551048;4.58301832314667E7;0.2777777777777778;2989548;4.5827687188500024E7;0.29019434811338757;3605;1.0
Meta_971;2551048;5.346854710337782E7;0.0;2551048;2.1189473412599996E7;0.1994537437099203;3616;0.9805137992473125
Meta_974;2551048;5.346854710337782E7;0.16666666666666666;2575073;1.789729269619999E7;0.16552249137991676;3199;0.0
Meta_973;2551048;5.346854710337782E7;0.1111111111111111;2605165;2.640922902649999E7;0.11108004127541522;3405;0.0
Meta_972;2551048;5.346854710337782E7;0.05555555555555555;3385102;4.575633388600001E7;0.056965763907628815;3614;1.0
Meta_978;2551048;5.346854710337782E7;0.38888888888888884;2551062;6044929.3155;0.3888862051877186;1900;0.0
Meta_975;2551048;5.346854710337782E7;0.2222222222222222;2551134;3.54142781242E7;0.22222257668206308;2940;0.0
Meta_989;2551048;6.1106910975288935E7;0.4444444444444444;2551048;4565012.555900001;0.39967619204888233;66;0.0
Meta_976;2551048;5.346854710337782E7;0.2777777777777778;2556729;3.061914835100001E7;0.2777787351070075;2928;0.0
Meta_990;2551048;6.1106910975288935E7;0.5;2551048;4484259.0043;0.39958129113762647;72;0.0
Meta_987;2551048;6.1106910975288935E7;0.3333333333333333;2551048;1.1288961339900002E7;0.3332716740194429;398;0.0
Meta_988;2551048;6.1106910975288935E7;0.38888888888888884;2551048;5057145.131200001;0.38888932439717244;1471;0.0
Meta_985;2551048;6.1106910975288935E7;0.2222222222222222;2557647;1.5294672728100002E7;0.22222079926956068;2046;0.0
Meta_984;2551048;6.1106910975288935E7;0.16666666666666666;3144934;3.939946140120003E7;0.16666742196308157;2552;0.0
Meta_983;2551048;6.1106910975288935E7;0.1111111111111111;3023908;2.8219432832200002E7;0.1108669077511804;3272;0.0
Meta_981;2551048;6.1106910975288935E7;0.0;2551048;2.835952231589998E7;0.2500731033231438;3615;0.9876047241956422
Meta_982;2551048;6.1106910975288935E7;0.05555555555555555;3171554;5.309423186609998E7;0.11083948537035009;3611;1.0
Meta_999;2551048;6.874527484720005E7;0.4444444444444444;2551048;4565012.555900001;0.39967619204888233;79;0.0
Meta_1000;2551048;6.874527484720005E7;0.5;2551048;4484259.0043;0.39958129113762647;85;0.0
Meta_997;2551048;6.874527484720005E7;0.3333333333333333;2551048;1.1288961339900002E7;0.3332716740194429;414;0.0
Meta_994;2551048;6.874527484720005E7;0.16666666666666666;2556882;3.9055631306199975E7;0.1664907370300228;1490;0.0
Meta_986;2551048;6.1106910975288935E7;0.2777777777777778;2551048;1.3995321315499997E7;0.2777732053956882;3306;0.0
Meta_993;2551048;6.874527484720005E7;0.1111111111111111;2551816;1.9109924997399997E7;0.1111115144812961;2959;0.0
Meta_998;2551048;6.874527484720005E7;0.38888888888888884;2551048;5057145.131200001;0.38888932439717244;1137;0.0
Meta_991;2551048;6.874527484720005E7;0.0;3414542;3.119863792959999E7;0.1287558309242956;3610;0.9492880276393144
Meta_992;2551048;6.874527484720005E7;0.05555555555555555;3381376;4.392310216400001E7;0.059985826457380174;3603;1.0
Meta_995;2551048;6.874527484720005E7;0.2222222222222222;2555423;4.053754575119996E7;0.22222233643008263;2634;0.0
Meta_996;2551048;6.874527484720005E7;0.2777777777777778;2552072;199222.9315;0.27777779885621284;2705;0.0
