Meta_859;738796;6126850.127055553;0.4444444444444444;739530;652136136;0.4439586086201359;269;0.0
Meta_703;768788;0.0;0.1111111111111111;822440;2847456947;0.29105776691712615;3610;0.23299383871567272
Meta_831;738796;3676110.076233332;0.0;837281;3386950108;0.30344750564747175;3601;0.33395830814437455
Meta_757;768788;6126850.127055553;0.3333333333333333;837900;3621161926;0.3330663359443666;2757;0.0
Meta_323;888758;2450740.050822221;0.1111111111111111;888382;4307880711;0.29355954003996776;3603;0.2646053442863893
Meta_881;738796;9802960.203288885;0.0;852140;4466066546;0.2982253771369229;3601;0.31048249512367176
Meta_124;948742;2450740.050822221;0.16666666666666666;892060;4524302486;0.2930663745385069;3601;0.22902872931610066
Meta_467;858765;7352220.152466664;0.3333333333333333;858963;4689824387;0.3354922862855708;3635;1.0
Meta_752;768788;6126850.127055553;0.05555555555555555;853061;4740388516;0.30188829018284624;3600;0.33873087826308873
Meta_909;708804;0.0;0.4444444444444444;708804;0.0;0.41586787149106147;7;0.0
Meta_910;708804;0.0;0.5;708804;0.0;0.41586787149106147;7;0.0
Meta_919;708804;1225370.0254111106;0.4444444444444444;708804;0.0;0.41586787149106147;9;0.0
Meta_920;708804;1225370.0254111106;0.5;708804;0.0;0.41586787149106147;11;0.0
Meta_929;708804;2450740.050822221;0.4444444444444444;708804;0.0;0.41586787149106147;10;0.0
Meta_930;708804;2450740.050822221;0.5;708804;0.0;0.41586787149106147;9;0.0
Meta_939;708804;3676110.076233332;0.4444444444444444;708804;0.0;0.41586787149106147;7;0.0
Meta_940;708804;3676110.076233332;0.5;708804;0.0;0.41586787149106147;10;0.0
Meta_949;708804;4901480.101644442;0.4444444444444444;708804;0.0;0.41586787149106147;9;0.0
Meta_950;708804;4901480.101644442;0.5;708804;0.0;0.41586787149106147;7;0.0
Meta_959;708804;6126850.127055553;0.4444444444444444;708804;0.0;0.41586787149106147;8;0.0
Meta_960;708804;6126850.127055553;0.5;708804;0.0;0.41586787149106147;7;0.0
Meta_969;708804;7352220.152466664;0.4444444444444444;708804;0.0;0.41586787149106147;8;0.0
Meta_970;708804;7352220.152466664;0.5;708804;0.0;0.41586787149106147;6;0.0
Meta_979;708804;8577590.177877774;0.4444444444444444;708804;0.0;0.41586787149106147;8;0.0
Meta_980;708804;8577590.177877774;0.5;708804;0.0;0.41586787149106147;8;0.0
Meta_989;708804;9802960.203288885;0.4444444444444444;708804;0.0;0.41586787149106147;8;0.0
Meta_990;708804;9802960.203288885;0.5;708804;0.0;0.41586787149106147;8;0.0
Meta_999;708804;1.1028330228699995E7;0.4444444444444444;708804;0.0;0.41586787149106147;8;0.0
Meta_1000;708804;1.1028330228699995E7;0.5;708804;0.0;0.41586787149106147;9;0.0
Meta_610;798781;0.0;0.5;798781;1176963.8477000005;0.4964790840653652;8;0.0
Meta_719;768788;1225370.0254111106;0.4444444444444444;768928;1199295.4443000003;0.4441222167324686;354;0.0
Meta_717;768788;1225370.0254111106;0.3333333333333333;768865;1212708.5130000003;0.35101442664008214;3601;1.0
Meta_718;768788;1225370.0254111106;0.38888888888888884;768842;1223839.1905000003;0.38888386983228984;2981;0.0
Meta_620;798781;1225370.0254111106;0.5;798781;1225364.7657000006;0.4957386376114827;20;0.0
Meta_720;768788;1225370.0254111106;0.5;768788;1225366.7911000005;0.48567572431442424;16;0.0
Meta_609;798781;0.0;0.4444444444444444;798748;1232419.2437000002;0.44675271504904074;3601;0.17543146208284802
Meta_619;798781;1225370.0254111106;0.4444444444444444;798752;1233123.5731000013;0.44519180007026915;3601;1.0
Meta_958;708804;6126850.127055553;0.38888888888888884;746414;1248897.936700001;0.3903470678700442;3601;1.0
Meta_917;708804;1225370.0254111106;0.3333333333333333;758812;1268884.2818999996;0.3455461843784611;3601;1.0
Meta_806;738796;0.0;0.2777777777777778;766983;1284175.4847;0.3274484026418545;3630;0.7591823432665981
Meta_916;708804;1225370.0254111106;0.2777777777777778;765462;1308079.3241999994;0.32572692600019426;3616;1.0
Meta_618;798781;1225370.0254111106;0.38888888888888884;798781;1317945.7607999996;0.40161133572956176;3601;0.983371279705072
Meta_608;798781;0.0;0.38888888888888884;798789;1349759.7684000002;0.40171776710467205;3601;0.4775717201443249
Meta_716;768788;1225370.0254111106;0.2777777777777778;768788;1358609.1219999995;0.3326468179861348;3601;1.0
Meta_706;768788;0.0;0.2777777777777778;768779;1374412.5916999995;0.3262216587800263;3705;0.740547074731904
Meta_906;708804;0.0;0.2777777777777778;769890;1403525.2672;0.32301431055030316;3615;0.7490413731016851
Meta_828;738796;2450740.050822221;0.38888888888888884;768942;1423550.3730000004;0.3888891960272059;2253;0.0
Meta_817;738796;1225370.0254111106;0.3333333333333333;766090;1437171.9403000001;0.34569732813627;3702;1.0
Meta_607;798781;0.0;0.3333333333333333;798769;1476180.9392;0.3612511389153159;3602;0.6090969652664376
Meta_730;768788;2450740.050822221;0.5;768788;1523177.6550000003;0.48884050390166484;11;0.0
Meta_740;768788;3676110.076233332;0.5;768788;1523177.6550000003;0.48884050390166484;8;0.0
Meta_750;768788;4901480.101644442;0.5;768788;1523177.6550000003;0.48884050390166484;7;0.0
Meta_760;768788;6126850.127055553;0.5;768788;1523177.6550000003;0.48884050390166484;6;0.0
Meta_770;768788;7352220.152466664;0.5;768788;1523177.6550000003;0.48884050390166484;8;0.0
Meta_780;768788;8577590.177877774;0.5;768788;1523177.6550000003;0.48884050390166484;7;0.0
Meta_790;768788;9802960.203288885;0.5;768788;1523177.6550000003;0.48884050390166484;7;0.0
Meta_800;768788;1.1028330228699995E7;0.5;768788;1523177.6550000003;0.48884050390166484;7;0.0
Meta_816;738796;1225370.0254111106;0.2777777777777778;774166;1529967.3751999994;0.32444173771648;3603;1.0
Meta_908;708804;0.0;0.38888888888888884;716216;157790.00089999998;0.3971149287303024;3602;0.9653079431822108
Meta_848;738796;4901480.101644442;0.38888888888888884;768811;1687951.0169999998;0.39226095212817114;3601;1.0
Meta_617;798781;1225370.0254111106;0.3333333333333333;798781;1754455.1561999999;0.356666476959893;3601;0.9435248542245883
Meta_729;768788;2450740.050822221;0.4444444444444444;774939;1766424.6319000006;0.44442140434921257;411;0.0
Meta_510;828773;0.0;0.5;828773;1884470.2865999986;0.49005886518955566;9;0.0
Meta_520;828773;1225370.0254111106;0.5;828773;1884470.2865999986;0.49005886518955566;16;0.0
Meta_858;738796;6126850.127055553;0.38888888888888884;777572;1885500.1619000009;0.3888886659264445;2120;0.0
Meta_616;798781;1225370.0254111106;0.2777777777777778;798782;1907011.3738999995;0.3048478018491642;3602;0.7429815401244891
Meta_838;738796;3676110.076233332;0.38888888888888884;783317;1908835.7734000005;0.38967786573280416;3602;1.0
Meta_509;828773;0.0;0.4444444444444444;828773;1911607.2044999988;0.4444219353572645;3603;0.004702616220923279
Meta_519;828773;1225370.0254111106;0.4444444444444444;828773;1920121.8188;0.44444730437541696;3601;0.025479266929435637
Meta_606;798781;0.0;0.2777777777777778;798781;1924823.1464000002;0.30294237925615114;3707;0.46595359565330324
Meta_918;708804;1225370.0254111106;0.38888888888888884;715871;193269.23230000012;0.40061048512792785;3601;1.0
Meta_868;738796;7352220.152466664;0.38888888888888884;780413;1952191.3122000012;0.38935288763798426;3601;1.0
Meta_898;738796;1.1028330228699995E7;0.38888888888888884;779563;1978325.2941999992;0.38875230432434765;3092;0.0
Meta_878;738796;8577590.177877774;0.38888888888888884;780413;2002449.3086000015;0.38935288763798426;3600;1.0
Meta_888;738796;9802960.203288885;0.38888888888888884;780413;2002449.3086000015;0.38935288763798426;3600;1.0
Meta_518;828773;1225370.0254111106;0.38888888888888884;828699;2016557.736299999;0.3909272822604811;3601;0.22751991293187285
Meta_508;828773;0.0;0.38888888888888884;828773;2034509.6034999995;0.38854329217192535;3603;0.03458303268642331
Meta_507;828773;0.0;0.3333333333333333;828547;2153426.215299998;0.3542376040257523;3602;0.425476237632474
Meta_728;768788;2450740.050822221;0.38888888888888884;782790;2155985.5941999992;0.38865104066445727;564;0.0
Meta_517;828773;1225370.0254111106;0.3333333333333333;828773;2160014.884399999;0.35163053696256535;3602;0.6118623179844985
Meta_628;798781;2450740.050822221;0.38888888888888884;800943;2194908.0897;0.3888808310264289;2478;0.0
Meta_727;768788;2450740.050822221;0.3333333333333333;802811;2230216.6835000003;0.3431518458988381;3601;1.0
Meta_809;738796;0.0;0.4444444444444444;738796;229336.3167;0.4426881087796032;8;0.0
Meta_810;738796;0.0;0.5;738796;229336.3167;0.4426881087796032;9;0.0
Meta_988;708804;9802960.203288885;0.38888888888888884;717379;231214.8024;0.4039403783140032;3601;1.0
Meta_516;828773;1225370.0254111106;0.2777777777777778;828773;2379046.5903000007;0.31363937577067713;3601;0.6614009228432476
Meta_649;798781;4901480.101644442;0.4444444444444444;798830;2386621.3498000004;0.44444116806511014;801;0.0
Meta_726;768788;2450740.050822221;0.2777777777777778;791292;2403370.289099999;0.2976980712054372;3602;1.0
Meta_627;798781;2450740.050822221;0.3333333333333333;803525;2407015.9567000014;0.33655529964400765;3602;1.0
Meta_768;768788;7352220.152466664;0.38888888888888884;793115;2409429.187800001;0.38759318047998514;1778;0.0
Meta_747;768788;4901480.101644442;0.3333333333333333;793421;2414965.3378999997;0.33774542531241525;3600;1.0
Meta_506;828773;0.0;0.2777777777777778;828773;2419230.7998;0.3085331560752903;3602;0.4480610867399341
Meta_529;828773;2450740.050822221;0.4444444444444444;829097;2424043.6700999998;0.4444406957018705;322;0.0
Meta_629;798781;2450740.050822221;0.4444444444444444;799459;2426446.3433999983;0.44444135190931705;225;0.0
Meta_827;738796;2450740.050822221;0.3333333333333333;801135;2446828.384400001;0.3356193376389755;3602;1.0
Meta_527;828773;2450740.050822221;0.3333333333333333;828794;2447706.7143000006;0.3394361628747294;3602;1.0
Meta_826;738796;2450740.050822221;0.2777777777777778;802262;2448664.1421000008;0.30412958185500855;3602;1.0
Meta_528;828773;2450740.050822221;0.38888888888888884;828774;2449246.9699;0.3888274969639518;1653;0.0
Meta_927;708804;2450740.050822221;0.3333333333333333;797434;2450411.2199000004;0.334320259485796;3602;1.0
Meta_530;828773;2450740.050822221;0.5;828773;2450739.2296;0.4954555226902213;11;0.0
Meta_630;798781;2450740.050822221;0.5;798781;2450739.9052;0.49535246543298483;126;0.0
Meta_926;708804;2450740.050822221;0.2777777777777778;809263;2466849.8050000016;0.3003025846801891;3602;1.0
Meta_998;708804;1.1028330228699995E7;0.38888888888888884;717973;247621.50210000004;0.40282792518480537;3651;1.0
Meta_526;828773;2450740.050822221;0.2777777777777778;828954;2486706.5469000004;0.3084810008603504;3602;1.0
Meta_626;798781;2450740.050822221;0.2777777777777778;804319;2547411.284300001;0.3038676509068664;3685;1.0
Meta_903;708804;0.0;0.1111111111111111;810450;2553141.529100002;0.2953835430257742;3701;0.23026142800999091
Meta_640;798781;3676110.076233332;0.5;798781;2573489.6975999996;0.49555220563788177;9;0.0
Meta_650;798781;4901480.101644442;0.5;798781;2573489.6975999996;0.49555220563788177;7;0.0
Meta_660;798781;6126850.127055553;0.5;798781;2573489.6975999996;0.49555220563788177;8;0.0
Meta_670;798781;7352220.152466664;0.5;798781;2573489.6975999996;0.49555220563788177;6;0.0
Meta_680;798781;8577590.177877774;0.5;798781;2573489.6975999996;0.49555220563788177;5;0.0
Meta_690;798781;9802960.203288885;0.5;798781;2573489.6975999996;0.49555220563788177;9;0.0
Meta_700;798781;1.1028330228699995E7;0.5;798781;2573489.6975999996;0.49555220563788177;8;0.0
Meta_968;708804;7352220.152466664;0.38888888888888884;718604;260973.07659999988;0.40159049742353004;3602;1.0
Meta_659;798781;6126850.127055553;0.4444444444444444;801527;2651412.7811000003;0.44444372551487726;374;0.0
Meta_938;708804;3676110.076233332;0.38888888888888884;720387;266553.23479999986;0.392030304495505;3651;1.0
Meta_639;798781;3676110.076233332;0.4444444444444444;798807;2667906.456600001;0.4444057548551474;275;0.0
Meta_815;738796;1225370.0254111106;0.2222222222222222;814798;2669399.1706000017;0.2933622788746407;3602;0.48497679949276973
Meta_922;708804;2450740.050822221;0.05555555555555555;815129;2687348.9412;0.2912490329577059;3602;0.26122085272319456
Meta_725;768788;2450740.050822221;0.2222222222222222;817426;2699748.0410000007;0.29867508731568704;3637;0.6895668546973283
Meta_699;798781;1.1028330228699995E7;0.4444444444444444;798840;2706264.5864999983;0.4444319714699066;268;0.0
Meta_805;738796;0.0;0.2222222222222222;815720;2710517.1954;0.28860792304009475;3621;0.36932691905540765
Meta_808;738796;0.0;0.38888888888888884;738739;271231.2973;0.40835903246281163;3601;0.8689314214794224
Meta_679;798781;8577590.177877774;0.4444444444444444;798790;2718184.1750999987;0.44443944331136576;305;0.0
Meta_905;708804;0.0;0.2222222222222222;818302;2728232.772600001;0.2881600995768374;3603;0.3684543810265226
Meta_625;798781;2450740.050822221;0.2222222222222222;818422;2735683.6369;0.2942637178635071;3601;0.6552169095111607
Meta_715;768788;1225370.0254111106;0.2222222222222222;818362;2737391.6026000003;0.2895354833977213;3602;0.46912316717691116
Meta_915;708804;1225370.0254111106;0.2222222222222222;818390;2749634.9862999995;0.28938168992649665;3603;0.46880456819871674
Meta_723;768788;2450740.050822221;0.1111111111111111;819003;2762742.2672999995;0.29665879426441716;3601;0.32921351115787245
Meta_410;858765;0.0;0.5;858765;2771816.984000002;0.4584554486574109;13;0.0
Meta_420;858765;1225370.0254111106;0.5;858765;2771816.984000002;0.4584554486574109;12;0.0
Meta_430;858765;2450740.050822221;0.5;858765;2771816.984000002;0.4584554486574109;14;0.0
Meta_705;768788;0.0;0.2222222222222222;819894;2775241.589899999;0.28642933739172616;3603;0.3623376660676475
Meta_429;858765;2450740.050822221;0.4444444444444444;858765;2777370.4120000014;0.44443911389805246;3601;0.01700153524010833
Meta_419;858765;1225370.0254111106;0.4444444444444444;858765;2777646.420200002;0.44438360803672844;3601;0.0037527479780951755
Meta_614;798781;1225370.0254111106;0.16666666666666666;819858;2784464.784699999;0.2977054018653168;3602;0.35043102438838425
Meta_711;768788;1225370.0254111106;0.0;820095;2785641.3949999977;0.295769705433778;3602;0.2475120364388084
Meta_713;768788;1225370.0254111106;0.1111111111111111;820115;2785697.551899998;0.29592285043600036;3630;0.281998912739633
Meta_714;768788;1225370.0254111106;0.16666666666666666;820320;2792249.556899998;0.2956475955888462;3602;0.33902650378732324
Meta_924;708804;2450740.050822221;0.16666666666666666;820557;2795102.750900001;0.2894159595381284;3602;0.3700169432493878
Meta_914;708804;1225370.0254111106;0.16666666666666666;820241;2797185.8347999994;0.2945226414589847;3601;0.3335632686396865
Meta_825;738796;2450740.050822221;0.2222222222222222;820106;2797694.538899998;0.28899850727570076;3673;0.5779100909174112
Meta_925;708804;2450740.050822221;0.2222222222222222;820647;2798602.370300001;0.2927449652021786;3704;0.6024223028746986
Meta_813;738796;1225370.0254111106;0.1111111111111111;820252;2801638.5784999975;0.28901327561932166;3603;0.2498337181407053
Meta_803;738796;0.0;0.1111111111111111;820685;2802117.0298000006;0.2909781014375165;3606;0.2292039948679319
Meta_712;768788;1225370.0254111106;0.05555555555555555;820479;2805111.147299997;0.28706714200961747;3602;0.21685955923838227
Meta_821;738796;2450740.050822221;0.0;821064;2807231.3084000023;0.28672118137182034;3603;0.23688867754061987
Meta_822;738796;2450740.050822221;0.05555555555555555;820591;2808184.0226000026;0.28647678660882425;3602;0.24454160759363752
Meta_722;768788;2450740.050822221;0.05555555555555555;821179;2810207.6078999997;0.29735727064641915;3648;0.30157770368255643
Meta_824;738796;2450740.050822221;0.16666666666666666;821102;2811662.4059000006;0.2963540399310294;3602;0.41110529685581637
Meta_623;798781;2450740.050822221;0.1111111111111111;820980;2811681.702000002;0.2999159808272897;3602;0.34888640162874485
Meta_913;708804;1225370.0254111106;0.1111111111111111;820716;2811720.5823000004;0.28923076393437763;3602;0.2517747041064171
Meta_601;798781;0.0;0.0;821617;2815429.929900002;0.29458097571152897;3600;0.22020439515254706
Meta_704;768788;0.0;0.16666666666666666;821206;2817821.2658000016;0.28836613052569393;3702;0.25915329333845594
Meta_605;798781;0.0;0.2222222222222222;821740;2818164.645500002;0.2880445406518418;3602;0.34936660391585866
Meta_814;738796;1225370.0254111106;0.16666666666666666;821080;2821125.885100001;0.2889488919015543;3603;0.3054312702183136
Meta_911;708804;1225370.0254111106;0.0;820451;2823319.3951999997;0.291728199261903;3602;0.2325654728589829
Meta_611;798781;1225370.0254111106;0.0;820675;2825237.729099999;0.2895828524266837;3602;0.22423010312284183
Meta_801;738796;0.0;0.0;821891;2826828.553200002;0.28653033522754084;3623;0.18722000189765653
Meta_811;738796;1225370.0254111106;0.0;821477;2827121.3664000016;0.29005937342587923;3603;0.22539585224529296
Meta_804;738796;0.0;0.16666666666666666;821516;2827411.7883999995;0.29117007372246695;3718;0.27416482553537
Meta_602;798781;0.0;0.05555555555555555;822110;2828197.836400001;0.294093387211102;3600;0.22518252138306138
Meta_823;738796;2450740.050822221;0.1111111111111111;821733;2830133.3041999987;0.2951418506098901;3602;0.32626840290493764
Meta_622;798781;2450740.050822221;0.05555555555555555;821354;2830254.575700001;0.296102568935061;3602;0.29727316174744917
Meta_902;708804;0.0;0.05555555555555555;822202;2830864.7707;0.29363978888414954;3602;0.22291001643935207
Meta_812;738796;1225370.0254111106;0.05555555555555555;821679;2834365.4653000017;0.2899576618463774;3603;0.2326784166153103
Meta_689;798781;9802960.203288885;0.4444444444444444;798788;2838837.732599998;0.4444071015990133;331;0.0
Meta_701;768788;0.0;0.0;822075;2839161.7099000006;0.2916576508418876;3724;0.20940997869108757
Meta_904;708804;0.0;0.16666666666666666;822445;2841009.9513000017;0.2902148075958379;3732;0.2706071249919037
Meta_721;768788;2450740.050822221;0.0;821764;2842772.717099998;0.2939822612384803;3653;0.2783115281347864
Meta_669;798781;7352220.152466664;0.4444444444444444;799010;2843099.4944999986;0.4444312153195315;312;0.0
Meta_923;708804;2450740.050822221;0.1111111111111111;822991;2844959.5163000003;0.2975990485703179;3601;0.3400482192420309
Meta_724;768788;2450740.050822221;0.16666666666666666;822059;2845895.5782000017;0.2934526072417281;3602;0.3992908663070488
Meta_603;798781;0.0;0.1111111111111111;822183;2847073.0875000022;0.2911234304945699;3709;0.23382173143140475
Meta_612;798781;1225370.0254111106;0.05555555555555555;821619;2849789.5917;0.29028833060261783;3627;0.23654758907606957
Meta_624;798781;2450740.050822221;0.16666666666666666;822987;2853372.1169000003;0.2917425492663003;3602;0.3888409439397702
Meta_621;798781;2450740.050822221;0.0;822073;2853443.014100001;0.29576602952393877;3602;0.287463996838078
Meta_409;858765;0.0;0.4444444444444444;858578;2854069.756199999;0.4360067163732883;3602;0.032101754841183876
Meta_921;708804;2450740.050822221;0.0;823113;2855997.528200001;0.2970668026689799;3619;0.2932014682750959
Meta_912;708804;1225370.0254111106;0.05555555555555555;821188;2856234.6931999982;0.29052053458342053;3644;0.2369505990075712
Meta_513;828773;1225370.0254111106;0.1111111111111111;828843;2856535.0278000026;0.2996734866978297;3602;0.3031186736952985
Meta_802;738796;0.0;0.05555555555555555;822865;2856642.4951;0.2907452107820006;3602;0.21271646587629317
Meta_501;828773;0.0;0.0;828914;2859851.9582000007;0.2952472777902491;3602;0.22389284059819664
Meta_604;798781;0.0;0.16666666666666666;822217;2860886.406300002;0.2906699191207555;3651;0.2753430574030012
Meta_511;828773;1225370.0254111106;0.0;829079;2864071.3131000027;0.2999950722493097;3603;0.2696116799150049
Meta_525;828773;2450740.050822221;0.2222222222222222;828773;2866028.6592;0.29645057469768965;3602;0.6307502293558847
Meta_502;828773;0.0;0.05555555555555555;828801;2869428.3378000017;0.2954021708129785;3722;0.23132085000932495
Meta_901;708804;0.0;0.0;823442;2872706.8126999987;0.28796847009675286;3746;0.19656030011593337
Meta_521;828773;2450740.050822221;0.0;828782;2875595.017500001;0.2974452055606654;3603;0.29351944572859945
Meta_504;828773;0.0;0.16666666666666666;829558;2878878.006200001;0.2964447430103515;3603;0.3020610131528366
Meta_522;828773;2450740.050822221;0.05555555555555555;828979;2885859.5777000026;0.2947909878502758;3602;0.2920080035338984
Meta_523;828773;2450740.050822221;0.1111111111111111;829376;2888151.6156999995;0.29767173794809776;3602;0.3402747104688154
Meta_505;828773;0.0;0.2222222222222222;828773;2889735.4905000026;0.2908622494494585;3602;0.3743919473842668
Meta_515;828773;1225370.0254111106;0.2222222222222222;830271;2893608.998600002;0.29016450156516427;3604;0.4565820318320418
Meta_702;768788;0.0;0.05555555555555555;823665;2894413.231200001;0.28647381216067863;3785;0.19738513467219176
Meta_524;828773;2450740.050822221;0.16666666666666666;828773;2896223.4920000006;0.29248689756617946;3602;0.3933859923087273
Meta_613;798781;1225370.0254111106;0.1111111111111111;823642;2898158.4283999996;0.2897234434222876;3603;0.2627060781557008
Meta_615;798781;1225370.0254111106;0.2222222222222222;822847;2899511.316800001;0.28574538542013445;3602;0.42967206623210924
Meta_977;708804;8577590.177877774;0.3333333333333333;805109;2902351.5548000005;0.33325196260194534;1554;0.0
Meta_503;828773;0.0;0.1111111111111111;828773;2906139.2071000026;0.29089408466277406;3602;0.23517728220716583
Meta_514;828773;1225370.0254111106;0.16666666666666666;828763;2911476.6914000027;0.2897427632518928;3603;0.3165650751130467
Meta_512;828773;1225370.0254111106;0.05555555555555555;829616;2940678.902800002;0.2904917302821547;3603;0.24196142272180252
Meta_417;858765;1225370.0254111106;0.3333333333333333;858765;2942063.1502000024;0.3571040508201868;3601;0.5150885965269945
Meta_408;858765;0.0;0.38888888888888884;858765;2954485.9258000026;0.40690509006867653;3601;0.37141842449690277
Meta_738;768788;3676110.076233332;0.38888888888888884;804534;2982076.612899998;0.39832116273738194;3601;1.0
Meta_427;858765;2450740.050822221;0.3333333333333333;858765;3007652.6626000023;0.348548996630487;3601;0.7414249945564478
Meta_407;858765;0.0;0.3333333333333333;861385;3057031.9096000018;0.350776530988043;3603;0.3264541042532577
Meta_748;768788;4901480.101644442;0.38888888888888884;804137;3076444.3275999986;0.3888652029622258;276;0.0
Meta_637;798781;3676110.076233332;0.3333333333333333;826845;3077072.2838000013;0.3333168569845151;2649;0.0
Meta_416;858765;1225370.0254111106;0.2777777777777778;858758;3110334.249900001;0.31501350496902003;3658;0.5693396173993438
Meta_406;858765;0.0;0.2777777777777778;858774;3149253.7414;0.3160825996857695;3602;0.4489324061124967
Meta_538;828773;3676110.076233332;0.38888888888888884;829290;3151465.8073000005;0.38888806272176346;342;0.0
Meta_907;708804;0.0;0.3333333333333333;724290;315952.5356;0.38447456900912214;3633;0.9511837861927438
Meta_426;858765;2450740.050822221;0.2777777777777778;858753;3185296.0795000014;0.3141145338287519;3602;0.8106036421315169
Meta_937;708804;3676110.076233332;0.3333333333333333;821916;3218075.374999998;0.33305259473773013;2261;0.0
Meta_758;768788;6126850.127055553;0.38888888888888884;814507;3262192.2687999983;0.38888525669805607;350;0.0
Meta_631;798781;3676110.076233332;0.0;829255;3282405.3400000017;0.29592548498030385;3602;0.29987512827646096
Meta_837;738796;3676110.076233332;0.3333333333333333;821763;3295426.334300003;0.33332686344811135;1375;0.0
Meta_737;768788;3676110.076233332;0.3333333333333333;818890;3332273.8289999994;0.33333363705369734;361;0.0
Meta_788;768788;9802960.203288885;0.38888888888888884;805168;3338802.4595999992;0.3963758570480836;3600;1.0
Meta_412;858765;1225370.0254111106;0.05555555555555555;858750;3351971.875100001;0.30067465286648015;3602;0.262512852580992
Meta_638;798781;3676110.076233332;0.38888888888888884;837596;3357938.7488;0.38884830110996327;1771;0.0
Meta_857;738796;6126850.127055553;0.3333333333333333;818652;3363489.037999998;0.33361563455635207;3601;1.0
Meta_423;858765;2450740.050822221;0.1111111111111111;858767;3365823.837699999;0.3010540252152605;3602;0.32967336735696967
Meta_413;858765;1225370.0254111106;0.1111111111111111;858770;3374862.044600001;0.29811533510155397;3602;0.27746870757552855
Meta_424;858765;2450740.050822221;0.16666666666666666;858765;3381641.2435000003;0.2933774200022065;3602;0.3612937752080401
Meta_425;858765;2450740.050822221;0.2222222222222222;858746;3382895.2582;0.2936756149426232;3601;0.7712867031323295
Meta_414;858765;1225370.0254111106;0.16666666666666666;858871;3386530.518999999;0.2947201882427057;3602;0.31368556362302746
Meta_401;858765;0.0;0.0;858765;3386580.293000001;0.2936792937017989;3602;0.20569020914860975
Meta_421;858765;2450740.050822221;0.0;858768;3387715.8203;0.2918925315773545;3602;0.24954220729527893
Meta_422;858765;2450740.050822221;0.05555555555555555;858793;3391426.8038000003;0.29229891496544036;3602;0.2601926232096437
Meta_415;858765;1225370.0254111106;0.2222222222222222;858765;3394445.519600002;0.28968073976558;3602;0.5964482443927193
Meta_411;858765;1225370.0254111106;0.0;858805;3396098.7256000033;0.29348462284192345;3602;0.22860440109865848
Meta_402;858765;0.0;0.05555555555555555;858766;3402181.8124000016;0.2936160978197672;3602;0.21192675053032656
Meta_405;858765;0.0;0.2222222222222222;858770;3402189.830700002;0.2875196138294958;3676;0.47942769286530196
Meta_404;858765;0.0;0.16666666666666666;858825;3406800.6553000035;0.29489308095676614;3602;0.27512380036778117
Meta_537;828773;3676110.076233332;0.3333333333333333;829960;3407272.4455;0.3394508395717701;3601;1.0
Meta_403;858765;0.0;0.1111111111111111;858886;3408229.505200001;0.2934771030296054;3619;0.230047994060819
Meta_935;708804;3676110.076233332;0.2222222222222222;841355;3434915.444900001;0.28590405610449054;3602;0.6263442555354236
Meta_634;798781;3676110.076233332;0.16666666666666666;837906;3440607.255899999;0.30159171235875354;3600;0.4692372889493748
Meta_547;828773;4901480.101644442;0.3333333333333333;829393;3516614.795899999;0.3333278277492208;2622;0.0
Meta_635;798781;3676110.076233332;0.2222222222222222;833734;3518731.0762999994;0.30829786586245156;3601;0.7608337956001378
Meta_733;768788;3676110.076233332;0.1111111111111111;833679;3519202.0477;0.30130073760050036;3600;0.3757344074485395
Meta_778;768788;8577590.177877774;0.38888888888888884;812345;3522111.892399999;0.39416087831623875;3600;1.0
Meta_798;768788;1.1028330228699995E7;0.38888888888888884;812345;3522111.892399999;0.39416087831623875;3601;1.0
Meta_657;798781;6126850.127055553;0.3333333333333333;826136;3546943.285999997;0.333324301849932;2408;0.0
Meta_948;708804;4901480.101644442;0.38888888888888884;829145;3556535.7317000004;0.3937851635084013;3601;1.0
Meta_532;828773;3676110.076233332;0.05555555555555555;836561;3559509.9710000027;0.30457844829115976;3601;0.35076031269250874
Meta_539;828773;3676110.076233332;0.4444444444444444;828774;3564086.100799997;0.44443280370358396;212;0.0
Meta_735;768788;3676110.076233332;0.2222222222222222;837549;3581644.4502999987;0.29231971725766964;3697;0.7086746649119012
Meta_438;858765;3676110.076233332;0.38888888888888884;858815;3583396.1200000024;0.38912995142995466;3602;1.0
Meta_535;828773;3676110.076233332;0.2222222222222222;834436;3587085.0683000023;0.3096486556477498;3601;0.7454389243686523
Meta_887;738796;9802960.203288885;0.3333333333333333;833188;3597568.8455000008;0.33322812527309326;2407;0.0
Meta_933;708804;3676110.076233332;0.1111111111111111;838392;3605064.316500002;0.3045451710022336;3601;0.39099119837494134
Meta_736;768788;3676110.076233332;0.2777777777777778;833402;3613315.927099998;0.3145896330467293;3601;1.0
Meta_432;858765;3676110.076233332;0.05555555555555555;858775;3621356.7145000007;0.29060072591543756;3602;0.284145917874305
Meta_439;858765;3676110.076233332;0.4444444444444444;858836;3623321.249100002;0.4444138755883132;341;0.0
Meta_734;768788;3676110.076233332;0.16666666666666666;837189;3627028.4336000006;0.30448306975005857;3601;0.4835616981720854
Meta_633;798781;3676110.076233332;0.1111111111111111;839686;3628110.3521999987;0.2984822093310963;3601;0.361978378141124
Meta_531;828773;3676110.076233332;0.0;837114;3632115.262100002;0.30650745019819714;3600;0.34738314696991823
Meta_632;798781;3676110.076233332;0.05555555555555555;834235;3632144.981799999;0.2944580208113169;3612;0.3036897579369356
Meta_931;708804;3676110.076233332;0.0;837095;3636149.3807000034;0.306438007059044;3600;0.34708766925520584
Meta_835;738796;3676110.076233332;0.2222222222222222;835632;3637021.3845;0.2883852515896488;3602;0.6405077397207294
Meta_431;858765;3676110.076233332;0.0;859836;3638965.8795;0.2972090405596497;3618;0.30569712778052477
Meta_833;738796;3676110.076233332;0.1111111111111111;838031;3645951.482899999;0.30161854779854225;3601;0.3772566487774559
Meta_536;828773;3676110.076233332;0.2777777777777778;842910;3653318.550399999;0.30196310403913806;3601;1.0
Meta_437;858765;3676110.076233332;0.3333333333333333;858769;3659594.4581;0.3333052992075677;2861;0.0
Meta_739;768788;3676110.076233332;0.4444444444444444;858220;3662931.0542000034;0.3406854339825129;209;0.0
Meta_436;858765;3676110.076233332;0.2777777777777778;858604;3668100.0930999992;0.31222293660138856;3602;1.0
Meta_832;738796;3676110.076233332;0.05555555555555555;839334;3674496.1780999997;0.3029466346235397;3601;0.3433527939021036
Meta_932;708804;3676110.076233332;0.05555555555555555;838341;3674639.151700002;0.30528849377014944;3601;0.3538804609663058
Meta_636;798781;3676110.076233332;0.2777777777777778;844597;3675642.289200002;0.30195461329757123;3694;1.0
Meta_440;858765;3676110.076233332;0.5;858765;3676100.633600001;0.4719199240612385;10;0.0
Meta_540;828773;3676110.076233332;0.5;828773;3676105.4254999985;0.48905528950927873;13;0.0
Meta_732;768788;3676110.076233332;0.05555555555555555;835068;3676105.4486000007;0.30261694572511033;3601;0.3420224673958287
Meta_435;858765;3676110.076233332;0.2222222222222222;858779;3677413.773899998;0.28850230803628835;3602;0.973458594331831
Meta_434;858765;3676110.076233332;0.16666666666666666;858755;3677729.9697000026;0.3047813240802529;3601;0.48458507976979326
Meta_433;858765;3676110.076233332;0.1111111111111111;858767;3678247.366399999;0.30377083403157107;3601;0.38703022624196043
Meta_836;738796;3676110.076233332;0.2777777777777778;828075;3681651.062399998;0.2963761685937602;3606;1.0
Meta_731;768788;3676110.076233332;0.0;834080;3681735.271000003;0.3025301602653304;3601;0.3305165268869994
Meta_534;828773;3676110.076233332;0.16666666666666666;833911;3687062.633700001;0.3035915953772799;3601;0.48008450403613356
Meta_934;708804;3676110.076233332;0.16666666666666666;835973;3687632.792500002;0.30450763293122624;3601;0.48458137563300097
Meta_834;738796;3676110.076233332;0.16666666666666666;833559;3695018.221200001;0.3047661141207348;3601;0.4863991093741467
Meta_787;768788;9802960.203288885;0.3333333333333333;830030;3698899.465700001;0.33198816265065656;1796;0.0
Meta_587;828773;9802960.203288885;0.3333333333333333;834457;3711245.2029000004;0.33331814385574676;1974;0.0
Meta_550;828773;4901480.101644442;0.5;828773;3719824.267499998;0.48975371245819516;13;0.0
Meta_560;828773;6126850.127055553;0.5;828773;3719824.267499998;0.48975371245819516;11;0.0
Meta_570;828773;7352220.152466664;0.5;828773;3719824.267499998;0.48975371245819516;11;0.0
Meta_580;828773;8577590.177877774;0.5;828773;3719824.267499998;0.48975371245819516;13;0.0
Meta_590;828773;9802960.203288885;0.5;828773;3719824.267499998;0.48975371245819516;8;0.0
Meta_600;828773;1.1028330228699995E7;0.5;828773;3719824.267499998;0.48975371245819516;12;0.0
Meta_987;708804;9802960.203288885;0.3333333333333333;834411;3734685.0096000037;0.3390142708815199;3600;1.0
Meta_533;828773;3676110.076233332;0.1111111111111111;832886;3751014.0764;0.30888245025066186;3601;0.41568964132837327
Meta_845;738796;4901480.101644442;0.2222222222222222;837518;3752958.033199999;0.2941807776754524;3601;0.6731293413612682
Meta_875;738796;8577590.177877774;0.2222222222222222;832422;3766577.4562999983;0.29775047850232866;3643;0.6923116324236385
Meta_872;738796;8577590.177877774;0.05555555555555555;831863;3770997.6561999987;0.30337233394542334;3601;0.3452583464995491
Meta_549;828773;4901480.101644442;0.4444444444444444;828773;3794412.8281999985;0.44437318169035267;294;0.0
Meta_936;708804;3676110.076233332;0.2777777777777778;835631;3808940.172599999;0.311925469012578;3601;1.0
Meta_658;798781;6126850.127055553;0.38888888888888884;828453;3827812.1409000014;0.38888669460256425;402;0.0
Meta_339;888758;3676110.076233332;0.4444444444444444;888758;3858546.1931000035;0.39690695333788945;14;0.0
Meta_340;888758;3676110.076233332;0.5;888758;3858546.1931000035;0.39690695333788945;16;0.0
Meta_309;888758;0.0;0.4444444444444444;888758;3858546.1931000035;0.3969069533378896;14;0.0
Meta_310;888758;0.0;0.5;888758;3858546.1931000035;0.3969069533378896;18;0.0
Meta_319;888758;1225370.0254111106;0.4444444444444444;888758;3858546.1931000035;0.3969069533378896;8;0.0
Meta_320;888758;1225370.0254111106;0.5;888758;3858546.1931000035;0.3969069533378896;7;0.0
Meta_329;888758;2450740.050822221;0.4444444444444444;888758;3858546.1931000035;0.39690695333788945;13;0.0
Meta_330;888758;2450740.050822221;0.5;888758;3858546.1931000035;0.39690695333788945;15;0.0
Meta_308;888758;0.0;0.38888888888888884;888758;3860264.147800003;0.3888885165949099;3600;1.7381572363125926E-4
Meta_318;888758;1225370.0254111106;0.38888888888888884;888758;3861095.2426000033;0.38888647506970936;3601;9.643280411575746E-4
Meta_338;888758;3676110.076233332;0.38888888888888884;888758;3861807.894700004;0.38882749007461803;3601;0.01755890509485859
Meta_328;888758;2450740.050822221;0.38888888888888884;888758;3862618.019500004;0.3888858578657123;3601;0.0028821020042360834
Meta_795;768788;1.1028330228699995E7;0.2222222222222222;833574;3863154.6642000005;0.2982165240468376;3601;0.7342621546205866
Meta_785;768788;9802960.203288885;0.2222222222222222;835210;3868997.3477999964;0.2945068929363198;3601;0.7186189009884341
Meta_775;768788;8577590.177877774;0.2222222222222222;832720;3878503.332199998;0.2901666888449079;3611;0.6981087939937891
Meta_743;768788;4901480.101644442;0.1111111111111111;841089;3881332.892399995;0.302018318924996;3602;0.3791564329660263
Meta_847;738796;4901480.101644442;0.3333333333333333;849323;3886024.3079000004;0.33274827229724696;1784;0.0
Meta_559;828773;6126850.127055553;0.4444444444444444;828795;3896185.2924999963;0.44444540085032724;198;0.0
Meta_569;828773;7352220.152466664;0.4444444444444444;828795;3896185.2924999963;0.44444540085032724;231;0.0
Meta_579;828773;8577590.177877774;0.4444444444444444;828795;3896185.2924999963;0.44444540085032724;212;0.0
Meta_589;828773;9802960.203288885;0.4444444444444444;828795;3896185.2924999963;0.44444540085032724;197;0.0
Meta_599;828773;1.1028330228699995E7;0.4444444444444444;828795;3896185.2924999963;0.44444540085032724;207;0.0
Meta_664;798781;7352220.152466664;0.16666666666666666;837939;3898402.2210999997;0.29990182328798437;3666;0.4605586981544164
Meta_885;738796;9802960.203288885;0.2222222222222222;832942;3909941.3415000006;0.2920211797068629;3602;0.6633463074003025
Meta_685;798781;9802960.203288885;0.2222222222222222;842531;3928799.0634999983;0.294204811041906;3659;0.7062186555407154
Meta_307;888758;0.0;0.3333333333333333;888758;3937702.3988000033;0.34766325689340727;3600;0.2143025181793548
Meta_981;708804;9802960.203288885;0.0;837968;3949043.5882999985;0.2979641557081399;3601;0.3094230368407087
Meta_683;798781;9802960.203288885;0.1111111111111111;840275;3950586.8198999995;0.3121103003750737;3600;0.42438935537163314
Meta_648;798781;4901480.101644442;0.38888888888888884;834325;3950867.3347999984;0.38882706243840437;289;0.0
Meta_317;888758;1225370.0254111106;0.3333333333333333;888748;3952388.777400002;0.3509096660977858;3601;0.330060196877011
Meta_855;738796;6126850.127055553;0.2222222222222222;842100;3956541.5046999967;0.28677455728443657;3602;0.6322318613097889
Meta_693;798781;1.1028330228699995E7;0.1111111111111111;841267;3959913.0776000014;0.30733016052343737;3601;0.403630984509809
Meta_337;888758;3676110.076233332;0.3333333333333333;888753;3961165.4079000023;0.34780268885119664;3601;0.8481895531800667
Meta_327;888758;2450740.050822221;0.3333333333333333;888400;3965017.508100002;0.34988978369689294;3601;0.4703104273515212
Meta_577;828773;8577590.177877774;0.3333333333333333;843766;3966702.9998;0.33333416859104625;1770;0.0
Meta_867;738796;7352220.152466664;0.3333333333333333;845434;3972021.9549000002;0.3369783057067694;3601;1.0
Meta_797;768788;1.1028330228699995E7;0.3333333333333333;843563;3977312.8221000023;0.33333293190258895;1947;0.0
Meta_597;828773;1.1028330228699995E7;0.3333333333333333;840001;3992293.2264;0.3338054030226833;3602;1.0
Meta_674;798781;8577590.177877774;0.16666666666666666;841100;4036233.2646999997;0.30045338027644697;3601;0.46341681282478414
Meta_567;828773;7352220.152466664;0.3333333333333333;838785;4070728.0185;0.3333142946452054;3532;0.0
Meta_306;888758;0.0;0.2777777777777778;888758;4071485.0200000033;0.3223943897187719;3600;0.4151649898573912
Meta_668;798781;7352220.152466664;0.38888888888888884;828730;4077909.5896999994;0.3888537248997525;375;0.0
Meta_865;738796;7352220.152466664;0.2222222222222222;839741;4080473.1580999987;0.2898785273406703;3638;0.6512313551556346
Meta_767;768788;7352220.152466664;0.3333333333333333;838576;4106911.444899999;0.34387666191934746;3601;1.0
Meta_336;888758;3676110.076233332;0.2777777777777778;888656;4107212.088400005;0.3186208026433257;3601;0.8995493718514186
Meta_443;858765;4901480.101644442;0.1111111111111111;859669;4124481.372199998;0.2993889230338674;3631;0.3662809120796833
Meta_316;888758;1225370.0254111106;0.2777777777777778;888207;4128347.8680000026;0.3119297327747342;3601;0.44876080020402825
Meta_326;888758;2450740.050822221;0.2777777777777778;888758;4133654.504900002;0.3086052846622873;3602;0.5686300330932074
Meta_557;828773;6126850.127055553;0.3333333333333333;846893;4134121.378600006;0.33333418825729483;1449;0.0
Meta_571;828773;8577590.177877774;0.0;837205;4141251.1839000005;0.30340024601519844;3600;0.3339474288715091
Meta_544;828773;4901480.101644442;0.16666666666666666;842842;4148097.4896999975;0.2960728044020027;3649;0.4400011071965391
Meta_449;858765;4901480.101644442;0.4444444444444444;859785;4168461.0622999994;0.44444444486341333;1622;0.0
Meta_688;798781;9802960.203288885;0.38888888888888884;837050;4182247.066900001;0.3884764267848602;338;0.0
Meta_698;798781;1.1028330228699995E7;0.38888888888888884;837050;4182247.066900001;0.3884764267848602;299;0.0
Meta_971;708804;8577590.177877774;0.0;844991;4189496.5193;0.2976653889380109;3600;0.308035966278017
Meta_555;828773;6126850.127055553;0.2222222222222222;844152;4190620.6129999976;0.3066705077088901;3600;0.7345866722493783
Meta_772;768788;8577590.177877774;0.05555555555555555;844006;4193213.107100003;0.29858573437167923;3601;0.32347714806435546
Meta_856;738796;6126850.127055553;0.2777777777777778;848537;4201898.1606;0.2997117431687853;3601;1.0
Meta_418;858765;1225370.0254111106;0.38888888888888884;875759;4219667.522700002;0.31138614187245545;3601;0.4835344297959652
Meta_874;738796;8577590.177877774;0.16666666666666666;847713;4227862.115600001;0.3025154868453026;3600;0.4738847177227448
Meta_694;798781;1.1028330228699995E7;0.16666666666666666;847470;4228025.548299998;0.30115708215822684;3601;0.4670274027868776
Meta_997;708804;1.1028330228699995E7;0.3333333333333333;849099;4230261.394800004;0.3333122520524766;569;0.0
Meta_5;978735;0.0;0.2222222222222222;884174;4235696.3069;0.3029485220185058;3638;0.31838357003764434
Meta_581;828773;9802960.203288885;0.0;838466;4244494.489200001;0.3043039545656017;3600;0.3378975893781027
Meta_103;948742;0.0;0.1111111111111111;884992;4249387.390899997;0.2925838575045079;3621;0.17005660205817966
Meta_967;708804;7352220.152466664;0.3333333333333333;847382;4264587.771700001;0.32988117718638105;1882;0.0
Meta_321;888758;2450740.050822221;0.0;888749;4270728.121099998;0.3015888249461044;3602;0.2631531883588286
Meta_322;888758;2450740.050822221;0.05555555555555555;888749;4270728.121099998;0.3015888249461044;3602;0.27082955194575314
Meta_882;738796;9802960.203288885;0.05555555555555555;844150;4275102.305399998;0.2988576846628052;3600;0.3246139392476855
Meta_333;888758;3676110.076233332;0.1111111111111111;888758;4277900.325399999;0.29968297303896746;3601;0.33069064042889085
Meta_955;708804;6126850.127055553;0.2222222222222222;824484;4281546.695799996;0.29226841482474386;3600;0.6880716133702396
Meta_574;828773;8577590.177877774;0.16666666666666666;845241;4283563.4074;0.3088479099980688;3600;0.5040103672611738
Meta_695;798781;1.1028330228699995E7;0.2222222222222222;848212;4288200.371299999;0.29708134099266587;3602;0.7190727085627602
Meta_892;738796;1.1028330228699995E7;0.05555555555555555;846498;4294497.510499998;0.30159505088944705;3600;0.33724697933154374
Meta_678;798781;8577590.177877774;0.38888888888888884;841504;4294508.538599998;0.3888797720162312;377;0.0
Meta_302;888758;0.0;0.05555555555555555;888686;4299372.734399999;0.2976560065605739;3602;0.2074961015881674
Meta_643;798781;4901480.101644442;0.1111111111111111;837386;4300020.179600001;0.3011897049010124;3601;0.3751963572790875
Meta_334;888758;3676110.076233332;0.16666666666666666;888599;4300625.369200001;0.29622640032549225;3601;0.39001290002673344
Meta_961;708804;7352220.152466664;0.0;852275;4304033.749500003;0.3036189373579375;3600;0.3348892500398295
Meta_304;888758;0.0;0.16666666666666666;888756;4304549.956599996;0.29387283233184075;3611;0.2407961367934985
Meta_303;888758;0.0;0.1111111111111111;888766;4304782.345999997;0.2969247234117104;3714;0.22095439722953697
Meta_315;888758;1225370.0254111106;0.2222222222222222;888771;4310919.2127;0.31563614759330205;3602;0.6034136623913173
Meta_312;888758;1225370.0254111106;0.05555555555555555;888760;4311646.9102;0.2936651426050316;3603;0.21431063533919262
Meta_324;888758;2450740.050822221;0.16666666666666666;888758;4312768.7538;0.29645700381631634;3602;0.3313320744223473
Meta_311;888758;1225370.0254111106;0.0;888758;4314424.1195;0.2932819423761681;3602;0.20729756492193022
Meta_314;888758;1225370.0254111106;0.16666666666666666;888758;4316477.196599998;0.2933223226459403;3602;0.2725829864564073
Meta_572;828773;8577590.177877774;0.05555555555555555;840765;4316946.1893000025;0.30626539289977434;3600;0.35813549997218436
Meta_301;888758;0.0;0.0;888758;4317564.902099997;0.2909122389089357;3602;0.1786128401948805
Meta_331;888758;3676110.076233332;0.0;888758;4317706.7049;0.294976798500393;3602;0.26968661488726364
Meta_645;798781;4901480.101644442;0.2222222222222222;836802;4317895.5081;0.2998549256460798;3601;0.7305348539986163
Meta_451;858765;6126850.127055553;0.0;860810;4318283.853299998;0.2971314061018828;3602;0.30539493425137765
Meta_313;888758;1225370.0254111106;0.1111111111111111;888737;4318577.325000001;0.2957777510111504;3601;0.24294861946947494
Meta_665;798781;7352220.152466664;0.2222222222222222;837821;4319400.699699999;0.3017382372229437;3600;0.737864441230917
Meta_332;888758;3676110.076233332;0.05555555555555555;888667;4320782.913300002;0.29662309991384833;3602;0.2872083711434335
Meta_305;888758;0.0;0.2222222222222222;888758;4332595.020000002;0.31420937187786113;3602;0.5183599381710786
Meta_325;888758;2450740.050822221;0.2222222222222222;888712;4333175.023600001;0.3125429049049176;3603;0.7020638424724539
Meta_956;708804;6126850.127055553;0.2777777777777778;858909;4337262.342800001;0.29947568212086595;3658;1.0
Meta_582;828773;9802960.203288885;0.05555555555555555;839409;4339594.353800002;0.30579039799867486;3600;0.3560718215537018
Meta_957;708804;6126850.127055553;0.3333333333333333;849119;4340256.7181;0.3441250006229768;3601;1.0
Meta_756;768788;6126850.127055553;0.2777777777777778;855435;4355205.794000002;0.30633751741890686;3651;1.0
Meta_764;768788;7352220.152466664;0.16666666666666666;851752;4355738.7546999995;0.3037994503700603;3601;0.4802334009430838
Meta_975;708804;8577590.177877774;0.2222222222222222;827010;4356413.910299997;0.29166622163086564;3601;0.6597464993497887
Meta_541;828773;4901480.101644442;0.0;836393;4358466.139999999;0.3056834447279409;3600;0.3438599802116403
Meta_647;798781;4901480.101644442;0.3333333333333333;854294;4360885.428500003;0.33382445819876083;3601;1.0
Meta_965;708804;7352220.152466664;0.2222222222222222;827143;4369781.117099997;0.2908541596846938;3601;0.655175643023789
Meta_995;708804;1.1028330228699995E7;0.2222222222222222;827143;4369781.117099997;0.2908541596846938;3601;0.6551756440282065
Meta_105;948742;0.0;0.2222222222222222;887741;4376276.489600002;0.3090386235386529;3602;0.3775174015553943
Meta_135;948742;3676110.076233332;0.2222222222222222;888857;4387444.365799999;0.3147516476009612;3601;0.5590617276600899
Meta_985;708804;9802960.203288885;0.2222222222222222;826839;4390243.7225;0.2925353047947215;3600;0.6645194941099052
Meta_15;978735;1225370.0254111106;0.2222222222222222;889085;4390869.574899997;0.3152845992104227;3611;0.3865374919973789
Meta_2;978735;0.0;0.05555555555555555;888565;4391060.4954999965;0.2927575865594281;3619;0.14419883569245584
Meta_35;978735;3676110.076233332;0.2222222222222222;889188;4395755.411799999;0.31505567472172435;3602;0.4761956290799929
Meta_225;918750;2450740.050822221;0.2222222222222222;889102;4397018.806299999;0.31506874364630333;3602;0.5816680635616144
Meta_478;858765;8577590.177877774;0.38888888888888884;858782;4397688.112500002;0.39051252064959147;3601;1.0
Meta_25;978735;2450740.050822221;0.2222222222222222;889108;4398424.292099997;0.31471927634664687;3602;0.42559322849257764
Meta_777;768788;8577590.177877774;0.3333333333333333;851773;4403321.320100005;0.33191062351160316;720;0.0
Meta_771;768788;8577590.177877774;0.0;855270;4406397.852300001;0.3089861188265151;3601;0.3578120168607385
Meta_452;858765;6126850.127055553;0.05555555555555555;858962;4406877.509000003;0.2928794084780821;3602;0.2957207880666246
Meta_585;828773;9802960.203288885;0.2222222222222222;846504;4407118.021400006;0.309591181661135;3600;0.7448738010861545
Meta_565;828773;7352220.152466664;0.2222222222222222;845637;4414352.921700006;0.3100825792757908;3600;0.7465297309401349
Meta_546;828773;4901480.101644442;0.2777777777777778;842311;4421368.622200004;0.3145130371475517;3600;1.0
Meta_335;888758;3676110.076233332;0.2222222222222222;888436;4426320.436099999;0.3050385056401731;3602;0.8462132633963987
Meta_866;738796;7352220.152466664;0.2777777777777778;853505;4427666.518400006;0.3070337875843284;3601;1.0
Meta_876;738796;8577590.177877774;0.2777777777777778;853505;4427666.518400006;0.3070337875843284;3600;1.0
Meta_886;738796;9802960.203288885;0.2777777777777778;853505;4427666.518400006;0.3070337875843284;3600;1.0
Meta_896;738796;1.1028330228699995E7;0.2777777777777778;853505;4427666.518400006;0.3070337875843284;3600;1.0
Meta_782;768788;9802960.203288885;0.05555555555555555;853057;4435504.146999999;0.30133549069046667;3600;0.336216948010408
Meta_428;858765;2450740.050822221;0.38888888888888884;884114;4438058.971000004;0.3079406387892304;3601;0.8384349260588808
Meta_215;918750;1225370.0254111106;0.2222222222222222;891194;4447985.947499997;0.315542927901853;3602;0.507487399707292
Meta_852;738796;6126850.127055553;0.05555555555555555;851844;4448227.824099997;0.30485002794469257;3600;0.3518083800706697
Meta_554;828773;6126850.127055553;0.16666666666666666;849827;4452085.345199997;0.3045990675022826;3601;0.48412963054511465
Meta_468;858765;7352220.152466664;0.38888888888888884;858890;4452801.0073000025;0.38932373163718614;3602;1.0
Meta_595;828773;1.1028330228699995E7;0.2222222222222222;846135;4459661.421200007;0.3099080132857073;3600;0.7459417939804869
Meta_235;918750;3676110.076233332;0.2222222222222222;890345;4459687.094399999;0.31291625726633965;3602;0.6724575471251364
Meta_641;798781;4901480.101644442;0.0;840184;4470302.521900005;0.3033370772594336;3600;0.3336700714105713
Meta_642;798781;4901480.101644442;0.05555555555555555;840184;4470302.521900005;0.3033370772594336;3600;0.345250881055376
Meta_205;918750;0.0;0.2222222222222222;892080;4470906.418500001;0.31220760117824886;3602;0.43615927368340307
Meta_851;738796;6126850.127055553;0.0;852996;4482591.245699996;0.30514078733316513;3600;0.3413814121237754
Meta_573;828773;8577590.177877774;0.1111111111111111;833876;4483032.786200004;0.3066553418262612;3600;0.40060572921524545
Meta_542;828773;4901480.101644442;0.05555555555555555;835847;4487494.9185000025;0.3060557867577022;3600;0.3572260633214001
Meta_453;858765;6126850.127055553;0.1111111111111111;859918;4496240.290099998;0.30226316143297177;3602;0.3803182355473543
Meta_115;948742;1225370.0254111106;0.2222222222222222;893215;4497663.452100001;0.3149120099078401;3608;0.43287205492459724
Meta_749;768788;4901480.101644442;0.4444444444444444;868590;4509991.3155000005;0.34157942382372347;184;0.0
Meta_746;768788;4901480.101644442;0.2777777777777778;864883;4512040.479000004;0.2939146415839232;3677;1.0
Meta_447;858765;4901480.101644442;0.3333333333333333;858816;4514771.972500001;0.3405871672398989;3601;1.0
Meta_765;768788;7352220.152466664;0.2222222222222222;843563;4516918.177399998;0.2949606804925505;3601;0.720610081281588
Meta_862;738796;7352220.152466664;0.05555555555555555;853118;4520242.722500002;0.3055655576362312;3601;0.354944228981213
Meta_548;828773;4901480.101644442;0.38888888888888884;852994;4522009.3348;0.3887054401662999;390;0.0
Meta_553;828773;6126850.127055553;0.1111111111111111;839352;4523890.979700002;0.3090772781341083;3600;0.41135145733723694
Meta_122;948742;2450740.050822221;0.05555555555555555;892747;4526200.116899999;0.291116928268561;3639;0.1770796664498838
Meta_543;828773;4901480.101644442;0.1111111111111111;843551;4529591.3203000035;0.3073627052627359;3600;0.4037756883070713
Meta_667;798781;7352220.152466664;0.3333333333333333;857248;4531363.805500001;0.33333355404408244;1950;0.0
Meta_677;798781;8577590.177877774;0.3333333333333333;857248;4531363.805500001;0.33333355404408244;1991;0.0
Meta_687;798781;9802960.203288885;0.3333333333333333;857248;4531363.805500001;0.33333355404408244;1903;0.0
Meta_697;798781;1.1028330228699995E7;0.3333333333333333;857248;4531363.805500001;0.33333355404408244;2029;0.0
Meta_966;708804;7352220.152466664;0.2777777777777778;855966;4531977.917299999;0.30137939388523916;3601;1.0
Meta_125;948742;2450740.050822221;0.2222222222222222;894180;4533230.285700001;0.31744433812819933;3602;0.49339460793345935
Meta_655;798781;6126850.127055553;0.2222222222222222;854477;4539880.354000003;0.2971523681900476;3601;0.7193774127713175
Meta_652;798781;6126850.127055553;0.05555555555555555;838284;4541842.284300004;0.30328562654207375;3600;0.345021011141015
Meta_446;858765;4901480.101644442;0.2777777777777778;858770;4542916.804200003;0.3039899647470125;3601;1.0
Meta_661;798781;7352220.152466664;0.0;838513;4543402.549000003;0.3028954081927854;3601;0.3317254298718307
Meta_671;798781;8577590.177877774;0.0;838513;4543402.549000003;0.3028954081927854;3600;0.33172542987182935
Meta_681;798781;9802960.203288885;0.0;838513;4543402.549000003;0.3028954081927854;3600;0.33172542987182874
Meta_691;798781;1.1028330228699995E7;0.0;838513;4543402.549000003;0.3028954081927854;3601;0.33172542987182874
Meta_22;978735;2450740.050822221;0.05555555555555555;893932;4544444.373300003;0.2952442134006706;3602;0.16987321105857695
Meta_121;948742;2450740.050822221;0.0;893880;4544529.073600001;0.2938553237739157;3601;0.18037573643767188
Meta_843;738796;4901480.101644442;0.1111111111111111;848752;4549981.720100001;0.3104676265022721;3601;0.4173532815839842
Meta_488;858765;9802960.203288885;0.38888888888888884;861635;4551986.047800004;0.38888640439240696;2183;0.0
Meta_498;858765;1.1028330228699995E7;0.38888888888888884;861635;4551986.047800004;0.38888640439240696;2063;0.0
Meta_23;978735;2450740.050822221;0.1111111111111111;894068;4552457.093200004;0.29635847551916045;3602;0.18513745260036435
Meta_945;708804;4901480.101644442;0.2222222222222222;829364;4552713.560999997;0.292104911224283;3600;0.6636050027493385
Meta_221;918750;2450740.050822221;0.0;892679;4553230.173700002;0.29020198548718035;3656;0.19375771100176464
Meta_201;918750;0.0;0.0;893826;4559982.198399997;0.2926214293793164;3685;0.16531402284705105
Meta_479;858765;8577590.177877774;0.4444444444444444;859681;4561095.867000001;0.44313403119125494;1278;0.0
Meta_204;918750;0.0;0.16666666666666666;894361;4563270.178499997;0.29336391231852205;3646;0.20642004229101507
Meta_212;918750;1225370.0254111106;0.05555555555555555;893916;4567099.370499997;0.2927340439345606;3624;0.18635030053749047
Meta_986;708804;9802960.203288885;0.2777777777777778;854908;4567489.501800001;0.2968691551288861;3691;1.0
Meta_575;828773;8577590.177877774;0.2222222222222222;849105;4568738.716700008;0.30771577170926634;3600;0.7383541980557445
Meta_563;828773;7352220.152466664;0.1111111111111111;844606;4568861.067300007;0.3097524419365849;3600;0.4142933963795702
Meta_213;918750;1225370.0254111106;0.1111111111111111;894403;4569271.201100001;0.2938871115582314;3646;0.2038601101465889
Meta_114;948742;1225370.0254111106;0.16666666666666666;894406;4569321.289300002;0.2959283455138925;3602;0.2120439668614002
Meta_12;978735;1225370.0254111106;0.05555555555555555;894672;4569599.096100001;0.29438769542804305;3622;0.15370179606330867
Meta_111;948742;1225370.0254111106;0.0;893873;4574256.1067999955;0.29405864402444826;3617;0.16791894384045203
Meta_224;918750;2450740.050822221;0.16666666666666666;894200;4574402.744100002;0.29081207991176833;3602;0.25149514371147547
Meta_214;918750;1225370.0254111106;0.16666666666666666;893990;4574762.632200001;0.28985041790927785;3602;0.21839685800866618
Meta_646;798781;4901480.101644442;0.2777777777777778;859998;4577479.2754999995;0.3037607077704496;3600;1.0
Meta_21;978735;2450740.050822221;0.0;894774;4577815.6769;0.29398465600431456;3602;0.16172478889807299
Meta_232;918750;3676110.076233332;0.05555555555555555;894961;4579004.521300001;0.29554591333501323;3602;0.23866009915779549
Meta_469;858765;7352220.152466664;0.4444444444444444;858894;4579638.763899999;0.4433026894523875;1292;0.0
Meta_113;948742;1225370.0254111106;0.1111111111111111;894873;4581970.490699999;0.2948367829300298;3628;0.1834048240676916
Meta_112;948742;1225370.0254111106;0.05555555555555555;894369;4582137.259099998;0.29520743363013224;3622;0.17437814264951434
Meta_231;918750;3676110.076233332;0.0;894782;4582325.0953;0.293745189474746;3602;0.22516295103652031
Meta_233;918750;3676110.076233332;0.1111111111111111;895364;4582912.376999999;0.3010471960140005;3602;0.2848662865111933
Meta_131;948742;3676110.076233332;0.0;894661;4583495.325300003;0.29413781390277993;3602;0.19908799377901384
Meta_495;858765;1.1028330228699995E7;0.2222222222222222;858772;4584127.0775999995;0.2892830455304555;3602;0.9751342557190261
Meta_123;948742;2450740.050822221;0.1111111111111111;895367;4586641.9232;0.30066647446355327;3602;0.2220456708347967
Meta_33;978735;3676110.076233332;0.1111111111111111;895489;4587738.503600001;0.3014132002309085;3601;0.2189285556242596
Meta_766;768788;7352220.152466664;0.2777777777777778;845035;4587798.6833000025;0.3105106029278013;3601;1.0
Meta_786;768788;9802960.203288885;0.2777777777777778;845035;4587798.6833000025;0.3105106029278013;3600;1.0
Meta_133;948742;3676110.076233332;0.1111111111111111;895412;4588038.139600002;0.30094457377765327;3601;0.24655906209237863
Meta_134;948742;3676110.076233332;0.16666666666666666;895489;4588964.1869;0.3005584405424295;3630;0.2830900646479687
Meta_895;738796;1.1028330228699995E7;0.2222222222222222;847221;4591951.203199999;0.2897395091176737;3601;0.6504184004736492
Meta_24;978735;2450740.050822221;0.16666666666666666;895537;4592272.040900002;0.30193996899628234;3602;0.2267982466034842
Meta_3;978735;0.0;0.1111111111111111;894676;4592644.318599995;0.2915063486792837;3617;0.14259577640221413
Meta_494;858765;1.1028330228699995E7;0.16666666666666666;860846;4593104.404500003;0.3002033402621209;3601;0.4618313343209075
Meta_234;918750;3676110.076233332;0.16666666666666666;895030;4593817.711500001;0.29535548056942434;3602;0.3117395748073959
Meta_222;918750;2450740.050822221;0.05555555555555555;895396;4596106.5403;0.30058716606743296;3615;0.23338929452383786
Meta_13;978735;1225370.0254111106;0.1111111111111111;895554;4596196.894400002;0.30192439712982855;3638;0.18651019424059603
Meta_11;978735;1225370.0254111106;0.0;895562;4597513.1436;0.3003562838892851;3614;0.16804252402251563
Meta_211;918750;1225370.0254111106;0.0;895432;4597708.736800001;0.3007775801010953;3649;0.20792736312604831
Meta_651;798781;6126850.127055553;0.0;838588;4598014.213300003;0.30227058648789334;3600;0.32895984965030706
Meta_34;978735;3676110.076233332;0.16666666666666666;895451;4598351.830300003;0.3012657193747628;3604;0.2486514277006147
Meta_223;918750;2450740.050822221;0.1111111111111111;895443;4599963.863400004;0.3005985225961489;3602;0.25298201778103985
Meta_844;738796;4901480.101644442;0.16666666666666666;847231;4603159.527600001;0.30361335548166246;3600;0.47928777749486706
Meta_132;948742;3676110.076233332;0.05555555555555555;895302;4606722.289000003;0.29458464492884845;3601;0.20530404727375565
Meta_457;858765;6126850.127055553;0.3333333333333333;858765;4609160.4213999985;0.33817370843183936;3602;1.0
Meta_104;948742;0.0;0.16666666666666666;895066;4611620.754799999;0.29216846204120234;3627;0.17865393383182276
Meta_442;858765;4901480.101644442;0.05555555555555555;858765;4612550.237200001;0.3024574283047611;3601;0.341152270958937
Meta_203;918750;0.0;0.1111111111111111;895189;4612722.391099996;0.29228102512496823;3610;0.17855472809327239
Meta_14;978735;1225370.0254111106;0.16666666666666666;897564;4618023.054900004;0.3159314627889619;3634;0.24956290975261416
Meta_202;918750;0.0;0.05555555555555555;895162;4618090.524999996;0.29248326946728864;3670;0.16782820299028325
Meta_487;858765;9802960.203288885;0.3333333333333333;859005;4619679.6547;0.3333333440312855;2626;0.0
Meta_497;858765;1.1028330228699995E7;0.3333333333333333;859005;4619679.6547;0.3333333440312855;2612;0.0
Meta_891;738796;1.1028330228699995E7;0.0;855939;4621954.4307;0.29639897169758594;3602;0.30192280266436733
Meta_1;978735;0.0;0.0;895324;4622596.096899998;0.29633478169232536;3615;0.1462506260152194
Meta_463;858765;7352220.152466664;0.1111111111111111;858781;4622846.113100002;0.2918120287088131;3601;0.3273992373456885
Meta_662;798781;7352220.152466664;0.05555555555555555;839201;4623367.6533;0.30191926847179673;3600;0.338871000064647
Meta_672;798781;8577590.177877774;0.05555555555555555;839201;4623367.6533;0.30191926847179673;3600;0.33887100006464776
Meta_682;798781;9802960.203288885;0.05555555555555555;839201;4623367.6533;0.30191926847179673;3600;0.33887100006464865
Meta_692;798781;1.1028330228699995E7;0.05555555555555555;839201;4623367.6533;0.30191926847179673;3601;0.33887100006464865
Meta_101;948742;0.0;0.0;895375;4625530.0672999965;0.297123340449423;3613;0.16263422668761465
Meta_4;978735;0.0;0.16666666666666666;895478;4625656.453499996;0.29637917642799416;3634;0.17354892891075582
Meta_445;858765;4901480.101644442;0.2222222222222222;859056;4626227.021899999;0.2898267817133655;3601;0.9739963893655424
Meta_796;768788;1.1028330228699995E7;0.2777777777777778;839487;4633180.278700002;0.30924026804262345;3601;1.0
Meta_594;828773;1.1028330228699995E7;0.16666666666666666;836959;4633307.0056000035;0.3088712430829424;3600;0.5041176417750317
Meta_551;828773;6126850.127055553;0.0;841969;4635630.6943000015;0.3059231807340966;3600;0.3448879489370191
Meta_458;858765;6126850.127055553;0.38888888888888884;871316;4635850.353500001;0.38658482751425766;2040;0.0
Meta_861;738796;7352220.152466664;0.0;855784;4636898.419699995;0.30456801450540694;3601;0.3389019345363757
Meta_489;858765;9802960.203288885;0.4444444444444444;858836;4639966.374299999;0.4444445733230289;1204;0.0
Meta_499;858765;1.1028330228699995E7;0.4444444444444444;858836;4639966.374299999;0.4444445733230289;1307;0.0
Meta_484;858765;9802960.203288885;0.16666666666666666;858765;4641371.8495;0.2960578681546035;3600;0.4396499613539532
Meta_561;828773;7352220.152466664;0.0;835824;4643639.771200007;0.30668545952555487;3600;0.3481405327350318
Meta_556;828773;6126850.127055553;0.2777777777777778;862798;4643920.998800002;0.3082047687602822;3601;1.0
Meta_459;858765;6126850.127055553;0.4444444444444444;858889;4644414.5457999995;0.44443040679977214;1438;0.0
Meta_947;708804;4901480.101644442;0.3333333333333333;873086;4645176.645300002;0.3363124952267648;3600;1.0
Meta_996;708804;1.1028330228699995E7;0.2777777777777778;854746;4647140.470700004;0.2951786932301136;3601;1.0
Meta_568;828773;7352220.152466664;0.38888888888888884;852455;4657808.3649;0.3888884401980895;363;0.0
Meta_584;828773;9802960.203288885;0.16666666666666666;837233;4666260.282100006;0.30922362371760215;3600;0.5057079437300225
Meta_593;828773;1.1028330228699995E7;0.1111111111111111;841342;4677790.822700001;0.3069628380903953;3600;0.40198705405500373
Meta_846;738796;4901480.101644442;0.2777777777777778;862597;4684429.057299999;0.2951310819313697;3617;1.0
Meta_471;858765;8577590.177877774;0.0;858659;4686525.305500002;0.30175821413259674;3602;0.3269318137702347
Meta_465;858765;7352220.152466664;0.2222222222222222;858771;4690974.776899997;0.28681119511944303;3654;0.9740744574020507
Meta_448;858765;4901480.101644442;0.38888888888888884;858989;4691906.750900002;0.3888884226265108;293;0.0
Meta_564;828773;7352220.152466664;0.16666666666666666;842116;4692636.1755000055;0.31122660064382046;3600;0.5145997636172476
Meta_552;828773;6126850.127055553;0.05555555555555555;843037;4697640.174700004;0.30490439782115686;3601;0.3521953331699698
Meta_444;858765;4901480.101644442;0.16666666666666666;858780;4698608.800400002;0.305604614552876;3601;0.48810489170384197
Meta_942;708804;4901480.101644442;0.05555555555555555;850750;4704137.458400004;0.30513296630938924;3600;0.3531990098251964
Meta_32;978735;3676110.076233332;0.05555555555555555;899687;4706637.119200001;0.30178701584866774;3601;0.20008500379207733
Meta_31;978735;3676110.076233332;0.0;899701;4708371.638200001;0.301868030669431;3602;0.19605629707927344
Meta_941;708804;4901480.101644442;0.0;851570;4712028.778900004;0.3047395746093984;3600;0.33977565675764904
Meta_742;768788;4901480.101644442;0.05555555555555555;851739;4716311.459300001;0.30466066358434446;3601;0.35112311723508627
Meta_951;708804;6126850.127055553;0.0;847351;4724418.405800004;0.3079150823137592;3600;0.35331330744094586
Meta_877;738796;8577590.177877774;0.3333333333333333;865603;4724615.766700001;0.3330548501186252;986;0.0
Meta_490;858765;9802960.203288885;0.5;858765;4725507.820300001;0.47121612425732856;12;0.0
Meta_500;858765;1.1028330228699995E7;0.5;858765;4725507.820300001;0.47121612425732856;14;0.0
Meta_450;858765;4901480.101644442;0.5;858765;4725507.820300001;0.47121612425732856;16;0.0
Meta_460;858765;6126850.127055553;0.5;858765;4725507.820300001;0.47121612425732856;10;0.0
Meta_470;858765;7352220.152466664;0.5;858765;4725507.820300001;0.47121612425732856;12;0.0
Meta_480;858765;8577590.177877774;0.5;858765;4725507.820300001;0.47121612425732856;13;0.0
Meta_492;858765;1.1028330228699995E7;0.05555555555555555;859374;4728379.2058999995;0.29250934762351966;3656;0.2938034487993837
Meta_591;828773;1.1028330228699995E7;0.0;835580;4738183.805100005;0.30670147569089795;3600;0.3482085936798446
Meta_472;858765;8577590.177877774;0.05555555555555555;858765;4747936.436900004;0.2994103276993712;3601;0.3271413286849
Meta_745;768788;4901480.101644442;0.2222222222222222;849505;4756625.501400001;0.2925251872230214;3601;0.7095633744042888
Meta_741;768788;4901480.101644442;0.0;851101;4758785.456699998;0.3040336902027783;3601;0.33672024676998547
Meta_751;768788;6126850.127055553;0.0;852314;4761089.281299999;0.30178659407942904;3600;0.3268059571813584
Meta_441;858765;4901480.101644442;0.0;858765;4771195.053100004;0.3058237795255678;3601;0.3443184055774721
Meta_871;738796;8577590.177877774;0.0;852763;4773656.973399998;0.2965107241699933;3601;0.30248474366882916
Meta_943;708804;4901480.101644442;0.1111111111111111;845493;4775370.383699997;0.30392784377295295;3600;0.388132757300661
Meta_455;858765;6126850.127055553;0.2222222222222222;858828;4776723.698099999;0.2875650028783035;3601;0.9744114255403848
Meta_755;768788;6126850.127055553;0.2222222222222222;848321;4776770.023599999;0.2945923984245108;3600;0.719064162414694
Meta_481;858765;9802960.203288885;0.0;858822;4777021.600900004;0.2958142411230685;3601;0.2991954896259697
Meta_562;828773;7352220.152466664;0.05555555555555555;840743;4777795.202200003;0.3077088673105226;3600;0.3643458361953478
Meta_592;828773;1.1028330228699995E7;0.05555555555555555;840743;4777795.202200003;0.3077088673105226;3600;0.3643458361953493
Meta_558;828773;6126850.127055553;0.38888888888888884;860045;4779077.5625;0.3888824995148244;351;0.0
Meta_644;798781;4901480.101644442;0.16666666666666666;852839;4781015.951500005;0.3100156786155512;3600;0.5092562639272615
Meta_583;828773;9802960.203288885;0.1111111111111111;845003;4783034.141500005;0.30853225302463544;3601;0.4089598155361942
Meta_342;888758;4901480.101644442;0.05555555555555555;888905;4791148.678699997;0.30302988004200354;3602;0.3419116771995658
Meta_341;888758;4901480.101644442;0.0;888928;4795459.919599999;0.30182288172878413;3602;0.32505358578935156
Meta_744;768788;4901480.101644442;0.16666666666666666;849945;4796046.9224999985;0.3013995176573396;3600;0.46826229351225523
Meta_863;738796;7352220.152466664;0.1111111111111111;845458;4803281.5994;0.307549989234417;3601;0.40461127290773463
Meta_854;738796;6126850.127055553;0.16666666666666666;848634;4813296.028000002;0.303626469455604;3600;0.4793881417573124
Meta_773;768788;8577590.177877774;0.1111111111111111;851629;4819660.911600007;0.3033680985488324;3600;0.3855223819894072
Meta_102;948742;0.0;0.05555555555555555;901464;4823404.475700004;0.29509845055394085;3602;0.1531837911175299
Meta_675;798781;8577590.177877774;0.2222222222222222;858173;4831241.466200001;0.3039694888123528;3639;0.7461241501513853
Meta_842;738796;4901480.101644442;0.05555555555555555;849007;4832999.949099997;0.30141776791340485;3600;0.33643975551479416
Meta_348;888758;4901480.101644442;0.38888888888888884;888765;4835072.068900001;0.38887035691537547;484;0.0
Meta_776;768788;8577590.177877774;0.2777777777777778;864193;4843939.794799997;0.3068677291366518;3602;1.0
Meta_753;768788;6126850.127055553;0.1111111111111111;852138;4848054.777000007;0.3062523264155344;3600;0.3987530306868834
Meta_653;798781;6126850.127055553;0.1111111111111111;854465;4849664.350200006;0.3101079776634711;3600;0.41583363052811817
Meta_482;858765;9802960.203288885;0.05555555555555555;858802;4857638.350200003;0.29183132478142343;3601;0.29039118963150523
Meta_347;888758;4901480.101644442;0.3333333333333333;888758;4870934.606799999;0.34178249515119324;3601;1.0
Meta_344;888758;4901480.101644442;0.16666666666666666;888662;4871514.977799995;0.301599093254689;3601;0.4682536466876508
Meta_343;888758;4901480.101644442;0.1111111111111111;888760;4876305.500899995;0.2970539814709911;3628;0.3527262053988165
Meta_944;708804;4901480.101644442;0.16666666666666666;844679;4877183.9394;0.30543973475022246;3600;0.48816138127087444
Meta_946;708804;4901480.101644442;0.2777777777777778;869030;4879390.751500005;0.30995835176575626;3669;1.0
Meta_346;888758;4901480.101644442;0.2777777777777778;888760;4881929.7295999965;0.31164620631068773;3601;1.0
Meta_142;948742;4901480.101644442;0.05555555555555555;900131;4886426.523100001;0.29999971919435253;3602;0.2528181891191007
Meta_893;738796;1.1028330228699995E7;0.1111111111111111;848017;4888068.480400004;0.3022792425269334;3600;0.3803370945669102
Meta_357;888758;6126850.127055553;0.3333333333333333;888781;4888668.888200002;0.33333351939661304;898;0.0
Meta_841;738796;4901480.101644442;0.0;847081;4897419.211000003;0.30470314878043114;3601;0.3394625867034282
Meta_345;888758;4901480.101644442;0.2222222222222222;888722;4899324.809100002;0.289867638637815;3618;0.9459283787599666
Meta_241;918750;4901480.101644442;0.0;901079;4899440.3822;0.30239752821389526;3603;0.29069016051897495
Meta_454;858765;6126850.127055553;0.16666666666666666;859190;4899704.737899998;0.31295049316673834;3600;0.5218528093653828
Meta_45;978735;4901480.101644442;0.2222222222222222;898263;4900706.8012;0.3111642412511892;3602;0.523175946028641
Meta_41;978735;4901480.101644442;0.0;901319;4900879.716300003;0.3036196857569681;3601;0.22648502193196127
Meta_243;918750;4901480.101644442;0.1111111111111111;901441;4901452.001899998;0.3035638316984708;3602;0.3353538614602048
Meta_143;948742;4901480.101644442;0.1111111111111111;901230;4901454.581699998;0.3033129976281015;3603;0.2856954184303132
Meta_244;918750;4901480.101644442;0.16666666666666666;901442;4901462.483899999;0.3036996327146039;3602;0.40669219447057686
Meta_43;978735;4901480.101644442;0.1111111111111111;901624;4901477.626199999;0.3039229962153196;3602;0.25009624361886845
Meta_349;888758;4901480.101644442;0.4444444444444444;888758;4901479.925899996;0.43165022994639396;13;0.0
Meta_350;888758;4901480.101644442;0.5;888758;4901479.925899996;0.43165022994639396;15;0.0
Meta_245;918750;4901480.101644442;0.2222222222222222;898320;4901480.350199993;0.3151478297024862;3601;0.807443177833805
Meta_145;948742;4901480.101644442;0.2222222222222222;897950;4901526.798199997;0.31002549870228174;3602;0.6297696169983147
Meta_144;948742;4901480.101644442;0.16666666666666666;901120;4901536.111599997;0.30336014461024663;3602;0.33615906388197925
Meta_42;978735;4901480.101644442;0.05555555555555555;901286;4901576.186200004;0.3034192268821916;3602;0.23130044054150783
Meta_545;828773;4901480.101644442;0.2222222222222222;864217;4901600.180899998;0.3130087060060632;3601;0.7564070166739885
Meta_242;918750;4901480.101644442;0.05555555555555555;900579;4904388.247099997;0.29767284865135696;3602;0.2810651550939828
Meta_754;768788;6126850.127055553;0.16666666666666666;851198;4905904.206700005;0.30404404591235085;3601;0.48142807162838563
Meta_141;948742;4901480.101644442;0.0;901488;4907340.897300001;0.3032105379623542;3602;0.25448008740958417
Meta_44;978735;4901480.101644442;0.16666666666666666;903865;4911721.214999998;0.30385664226240366;3601;0.27969831950120566
Meta_686;798781;9802960.203288885;0.2777777777777778;867336;4917594.584400001;0.3012387490060378;3690;1.0
Meta_873;738796;8577590.177877774;0.1111111111111111;850635;4921270.188699998;0.3037962285395059;3600;0.3875208468879987
Meta_883;738796;9802960.203288885;0.1111111111111111;850635;4921270.188699998;0.3037962285395059;3600;0.38752084688800226
Meta_762;768788;7352220.152466664;0.05555555555555555;852137;4929797.0526;0.3066663319609969;3600;0.35986999670349207
Meta_576;828773;8577590.177877774;0.2777777777777778;873246;4933330.928400002;0.3004298463150164;3600;1.0
Meta_663;798781;7352220.152466664;0.1111111111111111;857220;4934681.138100008;0.31196532902048585;3600;0.4237764141252207
Meta_783;768788;9802960.203288885;0.1111111111111111;850500;4940217.2772;0.30288506340820825;3600;0.38325608620847423
Meta_793;768788;1.1028330228699995E7;0.1111111111111111;850500;4940217.2772;0.30288506340820825;3601;0.3832563344422864
Meta_676;798781;8577590.177877774;0.2777777777777778;866423;4940341.2149;0.30273919320853726;3601;1.0
Meta_118;948742;1225370.0254111106;0.38888888888888884;912259;4940488.981900001;0.35600790664898435;21;0.0
Meta_119;948742;1225370.0254111106;0.4444444444444444;912259;4940488.981900001;0.35600790664898435;19;0.0
Meta_120;948742;1225370.0254111106;0.5;912259;4940488.981900001;0.35600790664898435;19;0.0
Meta_18;978735;1225370.0254111106;0.38888888888888884;912259;4940488.981900001;0.35600790664898435;16;0.0
Meta_19;978735;1225370.0254111106;0.4444444444444444;912259;4940488.981900001;0.35600790664898435;17;0.0
Meta_20;978735;1225370.0254111106;0.5;912259;4940488.981900001;0.35600790664898435;19;0.0
Meta_28;978735;2450740.050822221;0.38888888888888884;912259;4940488.981900001;0.35600790664898435;12;0.0
Meta_29;978735;2450740.050822221;0.4444444444444444;912259;4940488.981900001;0.35600790664898435;11;0.0
Meta_30;978735;2450740.050822221;0.5;912259;4940488.981900001;0.35600790664898435;11;0.0
Meta_38;978735;3676110.076233332;0.38888888888888884;912259;4940488.981900001;0.35600790664898435;11;0.0
Meta_39;978735;3676110.076233332;0.4444444444444444;912259;4940488.981900001;0.35600790664898435;13;0.0
Meta_40;978735;3676110.076233332;0.5;912259;4940488.981900001;0.35600790664898435;12;0.0
Meta_48;978735;4901480.101644442;0.38888888888888884;912259;4940488.981900001;0.35600790664898435;27;0.0
Meta_49;978735;4901480.101644442;0.4444444444444444;912259;4940488.981900001;0.35600790664898435;28;0.0
Meta_50;978735;4901480.101644442;0.5;912259;4940488.981900001;0.35600790664898435;26;0.0
Meta_138;948742;3676110.076233332;0.38888888888888884;912259;4940488.981900001;0.35600790664898435;9;0.0
Meta_139;948742;3676110.076233332;0.4444444444444444;912259;4940488.981900001;0.35600790664898435;11;0.0
Meta_140;948742;3676110.076233332;0.5;912259;4940488.981900001;0.35600790664898435;8;0.0
Meta_148;948742;4901480.101644442;0.38888888888888884;912259;4940488.981900001;0.35600790664898435;11;0.0
Meta_149;948742;4901480.101644442;0.4444444444444444;912259;4940488.981900001;0.35600790664898435;10;0.0
Meta_150;948742;4901480.101644442;0.5;912259;4940488.981900001;0.35600790664898435;13;0.0
Meta_130;948742;2450740.050822221;0.5;912259;4940488.981900001;0.35600790664898435;7;0.0
Meta_129;948742;2450740.050822221;0.4444444444444444;912259;4940488.981900001;0.35600790664898435;7;0.0
Meta_128;948742;2450740.050822221;0.38888888888888884;912259;4940488.981900001;0.35600790664898435;8;0.0
Meta_10;978735;0.0;0.5;912259;4940488.981900002;0.35600790664898435;18;0.0
Meta_108;948742;0.0;0.38888888888888884;912259;4940488.981900002;0.35600790664898435;26;0.0
Meta_109;948742;0.0;0.4444444444444444;912259;4940488.981900002;0.35600790664898435;25;0.0
Meta_110;948742;0.0;0.5;912259;4940488.981900002;0.35600790664898435;24;0.0
Meta_8;978735;0.0;0.38888888888888884;912259;4940488.981900002;0.35600790664898435;18;0.0
Meta_9;978735;0.0;0.4444444444444444;912259;4940488.981900002;0.35600790664898435;19;0.0
Meta_208;918750;0.0;0.38888888888888884;912259;4940488.981900002;0.35600790664898435;16;0.0
Meta_209;918750;0.0;0.4444444444444444;912259;4940488.981900002;0.35600790664898435;11;0.0
Meta_210;918750;0.0;0.5;912259;4940488.981900002;0.35600790664898435;14;0.0
Meta_218;918750;1225370.0254111106;0.38888888888888884;912259;4940488.981900002;0.35600790664898435;13;0.0
Meta_219;918750;1225370.0254111106;0.4444444444444444;912259;4940488.981900002;0.35600790664898435;16;0.0
Meta_220;918750;1225370.0254111106;0.5;912259;4940488.981900002;0.35600790664898435;15;0.0
Meta_228;918750;2450740.050822221;0.38888888888888884;912259;4940488.981900002;0.35600790664898435;15;0.0
Meta_229;918750;2450740.050822221;0.4444444444444444;912259;4940488.981900002;0.35600790664898435;17;0.0
Meta_230;918750;2450740.050822221;0.5;912259;4940488.981900002;0.35600790664898435;16;0.0
Meta_238;918750;3676110.076233332;0.38888888888888884;912259;4940488.981900002;0.35600790664898435;18;0.0
Meta_240;918750;3676110.076233332;0.5;912259;4940488.981900002;0.35600790664898435;15;0.0
Meta_239;918750;3676110.076233332;0.4444444444444444;912259;4940488.981900002;0.35600790664898435;17;0.0
Meta_248;918750;4901480.101644442;0.38888888888888884;912259;4940488.981900002;0.35600790664898435;9;0.0
Meta_249;918750;4901480.101644442;0.4444444444444444;912259;4940488.981900002;0.35600790664898435;8;0.0
Meta_250;918750;4901480.101644442;0.5;912259;4940488.981900002;0.35600790664898435;8;0.0
Meta_654;798781;6126850.127055553;0.16666666666666666;855343;4946474.260700002;0.31096001390951605;3600;0.5134319048586091
Meta_578;828773;8577590.177877774;0.38888888888888884;851452;4948837.632299996;0.38882644574099273;369;0.0
Meta_588;828773;9802960.203288885;0.38888888888888884;851452;4948837.632299996;0.38882644574099273;334;0.0
Meta_598;828773;1.1028330228699995E7;0.38888888888888884;851452;4948837.632299996;0.38882644574099273;355;0.0
Meta_673;798781;8577590.177877774;0.1111111111111111;853067;4950314.278300003;0.3143967593479514;3601;0.4339242742500449
Meta_137;948742;3676110.076233332;0.3333333333333333;911173;4953643.091000005;0.333913518133474;3601;0.0333125770605609
Meta_952;708804;6126850.127055553;0.05555555555555555;850965;4954181.178000002;0.30941415085549856;3600;0.37156623920054216
Meta_864;738796;7352220.152466664;0.16666666666666666;847734;4959073.068100003;0.30348309882411506;3600;0.4786808309676861
Meta_473;858765;8577590.177877774;0.1111111111111111;859142;4963349.272100002;0.3058021104868225;3600;0.39669847223388865
Meta_954;708804;6126850.127055553;0.16666666666666666;848240;4971828.793700002;0.30544147285859213;3600;0.4881692153397457
Meta_127;948742;2450740.050822221;0.3333333333333333;911914;4977943.982300001;0.334399773352285;3601;0.028316817680111975
Meta_791;768788;1.1028330228699995E7;0.0;850914;4980493.2374;0.30329285535801637;3600;0.33347601902558377
Meta_117;948742;1225370.0254111106;0.3333333333333333;912746;4980644.105800003;0.33333235878183165;3601;0.002660349502876199
Meta_227;918750;2450740.050822221;0.3333333333333333;912708;4983049.707800003;0.3333346283922982;3601;0.00669239686697364
Meta_761;768788;7352220.152466664;0.0;851527;4983158.903500001;0.30481561751438696;3600;0.3400912136206593
Meta_464;858765;7352220.152466664;0.16666666666666666;858759;4983195.773199999;0.3103977146114323;3601;0.51074372767271
Meta_953;708804;6126850.127055553;0.1111111111111111;843914;4986314.174599998;0.3058265190638274;3601;0.3968581927089624
Meta_781;768788;9802960.203288885;0.0;853098;4990695.946099998;0.30093466745374386;3600;0.3229714298681269
Meta_107;948742;0.0;0.3333333333333333;912746;4990792.364600002;0.3333222435812903;3600;0.0036615947725974246
Meta_483;858765;9802960.203288885;0.1111111111111111;860014;4992765.702400002;0.30528694938163914;3601;0.39433650608389
Meta_774;768788;8577590.177877774;0.16666666666666666;849237;4992993.413600004;0.3054416591656795;3601;0.4881705178638814
Meta_763;768788;7352220.152466664;0.1111111111111111;850985;4994649.959400001;0.30249221405761995;3600;0.38140326490594256
Meta_485;858765;9802960.203288885;0.2222222222222222;858707;4994917.093899998;0.2879646236390592;3602;0.9746092875235691
Meta_475;858765;8577590.177877774;0.2222222222222222;858707;4994917.093899998;0.2879646236390592;3601;0.9746092875235691
Meta_237;918750;3676110.076233332;0.3333333333333333;912618;5006521.5644000005;0.33528234159801173;3601;0.10095983820624088
Meta_388;888758;9802960.203288885;0.38888888888888884;888804;5008233.271600002;0.38888715111260447;1087;0.0
Meta_853;738796;6126850.127055553;0.1111111111111111;852866;5013813.373700003;0.30581925651239383;3600;0.3967862933249308
Meta_147;948742;4901480.101644442;0.3333333333333333;912889;5015531.751899999;0.33334052386245766;3600;0.021784022810387854
Meta_684;798781;9802960.203288885;0.16666666666666666;855045;5019636.297400004;0.31245402895412727;3600;0.5199199240652952
Meta_884;738796;9802960.203288885;0.16666666666666666;850097;5028055.772800006;0.30230213016831986;3600;0.47281748410743824
Meta_217;918750;1225370.0254111106;0.3333333333333333;913510;5029691.5257;0.33359500778741;3601;0.010300839134795408
Meta_784;768788;9802960.203288885;0.16666666666666666;854379;5032846.992400007;0.31207350778278986;3601;0.5182813048778279
Meta_792;768788;1.1028330228699995E7;0.05555555555555555;851011;5038315.4042;0.30290619884427944;3600;0.34332218916369256
Meta_207;918750;0.0;0.3333333333333333;913154;5039895.892300001;0.3376626928058816;3601;0.06186051347874574
Meta_47;978735;4901480.101644442;0.3333333333333333;914050;5041126.997000002;0.3333257085880896;3601;0.002263521083768243
Meta_37;978735;3676110.076233332;0.3333333333333333;914152;5045787.731400004;0.33333645065246337;3604;0.0015878771607924932
Meta_992;708804;1.1028330228699995E7;0.05555555555555555;847063;5051301.706100002;0.3079458603717266;3600;0.3653570303053681
Meta_247;918750;4901480.101644442;0.3333333333333333;913751;5051769.137000001;0.3333345143867903;3601;0.08325853384918355
Meta_461;858765;7352220.152466664;0.0;858783;5056052.524800003;0.3088069406995488;3601;0.35686341507512737
Meta_794;768788;1.1028330228699995E7;0.16666666666666666;852721;5056973.465600004;0.3025754634926416;3601;0.47418421981890296
Meta_17;978735;1225370.0254111106;0.3333333333333333;914019;5057771.115100001;0.3333062468412891;3614;0.003643731475839994
Meta_27;978735;2450740.050822221;0.3333333333333333;913432;5061838.802400001;0.3328380429531039;3605;0.010120924619935174
Meta_474;858765;8577590.177877774;0.16666666666666666;860449;5071470.181500001;0.31108801716933193;3600;0.5137985095776949
Meta_462;858765;7352220.152466664;0.05555555555555555;858772;5074587.993100001;0.3093763410144115;3601;0.3712005484069152
Meta_7;978735;0.0;0.3333333333333333;913383;5080248.696800004;0.3336645345101493;3631;0.012256971151594798
Meta_493;858765;1.1028330228699995E7;0.1111111111111111;860102;5084943.017200002;0.3075138323762646;3601;0.4043841431366048
Meta_974;708804;8577590.177877774;0.16666666666666666;850847;5097302.498099996;0.30656563989062785;3600;0.4934185066544758
Meta_964;708804;7352220.152466664;0.16666666666666666;847909;5100867.3215;0.305155759279504;3601;0.48680264202884355
Meta_962;708804;7352220.152466664;0.05555555555555555;852893;5106016.572000005;0.3078067644184285;3600;0.36474723887652083
Meta_491;858765;1.1028330228699995E7;0.0;864167;5127046.684499997;0.30091732815698824;3603;0.3227624503173901
Meta_991;708804;1.1028330228699995E7;0.0;850782;5138907.483200005;0.30439729298749507;3600;0.3383039065241446
Meta_894;738796;1.1028330228699995E7;0.16666666666666666;849185;5149428.536000001;0.30432441037723096;3600;0.48279527977531334
Meta_983;708804;9802960.203288885;0.1111111111111111;846771;5152362.687599999;0.30420256287850556;3601;0.3894096743805861
Meta_984;708804;9802960.203288885;0.16666666666666666;850402;5175459.461400001;0.3050104080668492;3600;0.4861051949511012
Meta_994;708804;1.1028330228699995E7;0.16666666666666666;850402;5175459.461400001;0.3050104080668492;3600;0.4861051949511007
Meta_972;708804;8577590.177877774;0.05555555555555555;851098;5191917.508500003;0.30621847563284127;3600;0.35793237591441274
Meta_982;708804;9802960.203288885;0.05555555555555555;851098;5191917.508500003;0.30621847563284127;3600;0.3579323759144093
Meta_398;888758;1.1028330228699995E7;0.38888888888888884;888994;5210711.669699999;0.38380742547621943;1087;0.0
Meta_477;858765;8577590.177877774;0.3333333333333333;883302;5223498.924900005;0.33333433338496593;1211;0.0
Meta_16;978735;1225370.0254111106;0.2777777777777778;916268;5229402.983600004;0.30300932377579637;3636;0.17334745615933128
Meta_206;918750;0.0;0.2777777777777778;914127;5236789.572800003;0.2892415552369084;3602;0.1306029803480256
Meta_993;708804;1.1028330228699995E7;0.1111111111111111;847921;5238570.340300003;0.304701618300496;3600;0.3917122853636283
Meta_26;978735;2450740.050822221;0.2777777777777778;916524;5252576.2866;0.3000786933675049;3601;0.18321489289648252
Meta_973;708804;8577590.177877774;0.1111111111111111;847979;5258206.049000001;0.3056496941574631;3600;0.3960538428609827
Meta_46;978735;4901480.101644442;0.2777777777777778;916842;5259594.100700001;0.3030019602431193;3601;0.29957398563120935
Meta_666;798781;7352220.152466664;0.2777777777777778;861602;5263421.078299999;0.3073452958308779;3601;1.0
Meta_226;918750;2450740.050822221;0.2777777777777778;917148;5273228.7074000025;0.3019840962814203;3600;0.3343560585434537
Meta_36;978735;3676110.076233332;0.2777777777777778;917017;5274935.851400002;0.30116132685663943;3602;0.2279453338164627
Meta_106;948742;0.0;0.2777777777777778;917086;5275801.1652999995;0.30018317119162663;3602;0.16306790596361959
Meta_246;918750;4901480.101644442;0.2777777777777778;916891;5276039.193500004;0.3001654309236408;3601;0.7581979884554435
Meta_116;948742;1225370.0254111106;0.2777777777777778;916971;5278329.484600001;0.30156324414258634;3601;0.20239326884074618
Meta_126;948742;2450740.050822221;0.2777777777777778;917058;5278653.871700004;0.3004527027865412;3601;0.23525209505713476
Meta_6;978735;0.0;0.2777777777777778;917071;5287056.324799999;0.2983980353460554;3631;0.12859477070555217
Meta_216;918750;1225370.0254111106;0.2777777777777778;917186;5287465.625700004;0.29977612954420474;3601;0.24392116933758584
Meta_236;918750;3676110.076233332;0.2777777777777778;917244;5289822.593100002;0.30064712019719647;3601;0.4539921475026096
Meta_364;888758;7352220.152466664;0.16666666666666666;888792;5296946.405700004;0.2999231493424895;3602;0.4579671410608315
Meta_136;948742;3676110.076233332;0.2777777777777778;917620;5305976.745600001;0.3005001794855611;3601;0.2984637513058707
Meta_387;888758;9802960.203288885;0.3333333333333333;889276;5307235.831600002;0.3333333142969986;748;0.0
Meta_397;888758;1.1028330228699995E7;0.3333333333333333;889276;5307235.831600002;0.3333333142969986;741;0.0
Meta_146;948742;4901480.101644442;0.2777777777777778;917342;5311609.036100002;0.2976715238826608;3602;0.3795582890404504
Meta_976;708804;8577590.177877774;0.2777777777777778;879643;5322573.105800004;0.3080046599196517;3600;1.0
Meta_353;888758;6126850.127055553;0.1111111111111111;888483;5324438.429800002;0.3049927359908751;3602;0.392138641088459
Meta_897;738796;1.1028330228699995E7;0.3333333333333333;860508;5357229.241299998;0.3381774210820058;3601;1.0
Meta_384;888758;9802960.203288885;0.16666666666666666;888801;5364631.678999999;0.3003328463292868;3617;0.45990701326500083
Meta_963;708804;7352220.152466664;0.1111111111111111;852886;5373334.337400005;0.30590430222680925;3600;0.39721157410948393
Meta_363;888758;7352220.152466664;0.1111111111111111;888895;5395744.079900001;0.29437246032624137;3602;0.3388657791138143
Meta_371;888758;8577590.177877774;0.0;888715;5397828.232200002;0.2999775466437322;3601;0.31665071917438065
Meta_383;888758;9802960.203288885;0.1111111111111111;888756;5414009.1313000005;0.29736864995112083;3613;0.35474422950105966
Meta_393;888758;1.1028330228699995E7;0.1111111111111111;888758;5425457.925600001;0.30024104629230003;3645;0.36898489311529137
Meta_356;888758;6126850.127055553;0.2777777777777778;888768;5433357.046999996;0.2960150780623339;3703;1.0
Meta_367;888758;7352220.152466664;0.3333333333333333;888754;5440442.379799998;0.3407392550658027;3602;1.0
Meta_392;888758;1.1028330228699995E7;0.05555555555555555;888757;5443046.507500002;0.29786724676538984;3603;0.3187258446051716
Meta_978;708804;8577590.177877774;0.38888888888888884;890033;5450917.883500001;0.3193770263635169;3533;0.0
Meta_352;888758;6126850.127055553;0.05555555555555555;888703;5479560.4303;0.2990046396554121;3603;0.3236141149444527
Meta_361;888758;7352220.152466664;0.0;888758;5482645.076500003;0.2949495341984793;3602;0.29330632319743266
Meta_394;888758;1.1028330228699995E7;0.16666666666666666;888760;5498726.550499998;0.2960041961026808;3648;0.4366091536881786
Meta_373;888758;8577590.177877774;0.1111111111111111;888758;5505489.717000002;0.300154520668159;3677;0.3686037473309901
Meta_362;888758;7352220.152466664;0.05555555555555555;888902;5506077.679800003;0.2968354059670095;3602;0.3133857615211208
Meta_656;798781;6126850.127055553;0.2777777777777778;875462;5510686.460599997;0.31087260334324524;3600;1.0
Meta_374;888758;8577590.177877774;0.16666666666666666;888759;5525921.853900001;0.29819671601458925;3660;0.44862324454674424
Meta_376;888758;8577590.177877774;0.2777777777777778;888905;5527703.294500001;0.2963917501111248;3602;1.0
Meta_377;888758;8577590.177877774;0.3333333333333333;888758;5549620.025400003;0.3333256115494384;1313;0.0
Meta_354;888758;6126850.127055553;0.16666666666666666;888758;5551794.167699999;0.3046176085003595;3626;0.48194348761272215
Meta_396;888758;1.1028330228699995E7;0.2777777777777778;892247;5561065.365999997;0.30089507910613755;3626;1.0
Meta_386;888758;9802960.203288885;0.2777777777777778;888759;5596734.536899995;0.29839586619253733;3602;1.0
Meta_382;888758;9802960.203288885;0.05555555555555555;889242;5602839.049200004;0.29523898298263385;3602;0.30609087363571763
Meta_365;888758;7352220.152466664;0.2222222222222222;888675;5620354.944400003;0.2911539291299821;3602;0.9416930837785354
Meta_819;738796;1225370.0254111106;0.4444444444444444;738797;563724.1198999999;0.4444311984174742;502;0.0
Meta_381;888758;9802960.203288885;0.0;889695;5640084.7137;0.2899501359174661;3603;0.26930789811310096
Meta_378;888758;8577590.177877774;0.38888888888888884;888945;5643779.848599997;0.3887812138369328;2460;0.0
Meta_368;888758;7352220.152466664;0.38888888888888884;889196;5690151.339299997;0.38863905099348933;1752;0.0
Meta_391;888758;1.1028330228699995E7;0.0;888987;5727876.2522;0.2956485333244895;3602;0.2972033010133031
Meta_820;738796;1225370.0254111106;0.5;738796;576532.7695000002;0.45453708538229154;10;0.0
Meta_830;738796;2450740.050822221;0.5;738796;576532.7695000002;0.45453708538229154;11;0.0
Meta_840;738796;3676110.076233332;0.5;738796;576532.7695000002;0.45453708538229154;8;0.0
Meta_850;738796;4901480.101644442;0.5;738796;576532.7695000002;0.45453708538229154;9;0.0
Meta_860;738796;6126850.127055553;0.5;738796;576532.7695000002;0.45453708538229154;7;0.0
Meta_870;738796;7352220.152466664;0.5;738796;576532.7695000002;0.45453708538229154;7;0.0
Meta_880;738796;8577590.177877774;0.5;738796;576532.7695000002;0.45453708538229154;8;0.0
Meta_890;738796;9802960.203288885;0.5;738796;576532.7695000002;0.45453708538229154;7;0.0
Meta_900;738796;1.1028330228699995E7;0.5;738796;576532.7695000002;0.45453708538229154;7;0.0
Meta_566;828773;7352220.152466664;0.2777777777777778;875548;5784223.733999998;0.30068552008292004;3601;1.0
Meta_366;888758;7352220.152466664;0.2777777777777778;888772;5789020.110599996;0.3026748349360857;3607;1.0
Meta_375;888758;8577590.177877774;0.2222222222222222;888758;5812827.297099996;0.2915394138488106;3657;0.9481505852173686
Meta_839;738796;3676110.076233332;0.4444444444444444;738819;581659.2550000001;0.4443661519640826;442;0.0
Meta_696;798781;1.1028330228699995E7;0.2777777777777778;873389;5822016.749900004;0.3110741430416763;3601;1.0
Meta_355;888758;6126850.127055553;0.2222222222222222;888793;5825208.5462000035;0.2880052535435797;3602;0.9454821615880604
Meta_395;888758;1.1028330228699995E7;0.2222222222222222;888763;5826522.869900004;0.29122482859958604;3602;0.9478822890411114
Meta_385;888758;9802960.203288885;0.2222222222222222;888751;5832532.775199999;0.2889608587338032;3602;0.9458813131821011
Meta_257;918750;6126850.127055553;0.3333333333333333;918901;5861937.020399999;0.3333334654620309;800;0.0
Meta_849;738796;4901480.101644442;0.4444444444444444;739152;588350.4394;0.44390307342326707;370;0.0
Meta_456;858765;6126850.127055553;0.2777777777777778;885091;5889214.1264999965;0.29839164051447636;3601;1.0
Meta_759;768788;6126850.127055553;0.4444444444444444;881473;5903778.419300003;0.3424512926650471;147;0.0
Meta_769;768788;7352220.152466664;0.4444444444444444;881473;5903778.419300003;0.3424512926650471;161;0.0
Meta_779;768788;8577590.177877774;0.4444444444444444;881473;5903778.419300003;0.3424512926650471;132;0.0
Meta_789;768788;9802960.203288885;0.4444444444444444;881473;5903778.419300003;0.3424512926650471;129;0.0
Meta_799;768788;1.1028330228699995E7;0.4444444444444444;881473;5903778.419300003;0.3424512926650471;140;0.0
Meta_899;738796;1.1028330228699995E7;0.4444444444444444;738998;590764.4476000001;0.44418129011436863;379;0.0
Meta_256;918750;6126850.127055553;0.2777777777777778;918727;5913700.351400006;0.3015308182112123;3601;1.0
Meta_252;918750;6126850.127055553;0.05555555555555555;916848;5926627.704400002;0.2996441298906853;3602;0.2838573087106772
Meta_253;918750;6126850.127055553;0.1111111111111111;915652;5930838.153700006;0.2966476133985417;3602;0.30696877227018404
Meta_154;948742;6126850.127055553;0.16666666666666666;916066;5947363.881400004;0.29878961211705324;3602;0.3168932982633975
Meta_879;738796;8577590.177877774;0.4444444444444444;738813;595011.6733000001;0.44406007139211556;400;0.0
Meta_596;828773;1.1028330228699995E7;0.2777777777777778;885193;5968132.257499995;0.29977357957728074;3601;1.0
Meta_55;978735;6126850.127055553;0.2222222222222222;902492;5991910.2102;0.3120747936235352;3604;0.534209179013633
Meta_53;978735;6126850.127055553;0.1111111111111111;915527;5999329.2378;0.296511517476511;3602;0.2197504476816984
Meta_85;978735;9802960.203288885;0.2222222222222222;898525;6003194.036400002;0.302936083614586;3602;0.5140750895367038
Meta_251;918750;6126850.127055553;0.0;918020;6027351.403600005;0.30025046374502457;3602;0.2723279895770909
Meta_255;918750;6126850.127055553;0.2222222222222222;902847;6028580.2694999995;0.3140400233996528;3602;0.8277395647918898
Meta_153;948742;6126850.127055553;0.1111111111111111;918399;6034445.212400003;0.3025691706684923;3602;0.27309977612208985
Meta_152;948742;6126850.127055553;0.05555555555555555;916228;6035113.8813;0.2979595133499952;3602;0.23657282982181368
Meta_254;918750;6126850.127055553;0.16666666666666666;917802;6036377.110500005;0.2996593990883388;3602;0.3904415459064292
Meta_829;738796;2450740.050822221;0.4444444444444444;738822;605909.5512000001;0.44430608839568414;539;0.0
Meta_51;978735;6126850.127055553;0.0;915970;6070778.897000002;0.29790105049738574;3602;0.20117223115458116
Meta_156;948742;6126850.127055553;0.2777777777777778;929478;6071099.631500001;0.2969843775571189;3673;0.5377935213843089
Meta_56;978735;6126850.127055553;0.2777777777777778;929409;6072138.288500001;0.2969463539350532;3602;0.310483158864467
Meta_155;948742;6126850.127055553;0.2222222222222222;904353;6075471.318000002;0.3117808724913197;3648;0.6428315391730445
Meta_351;888758;6126850.127055553;0.0;888758;6105826.127900001;0.29806149120230213;3601;0.30773016848104817
Meta_52;978735;6126850.127055553;0.05555555555555555;918624;6111948.735700004;0.30153893626801836;3602;0.21198941458369291
Meta_54;978735;6126850.127055553;0.16666666666666666;918074;6115609.037900003;0.3012187447677427;3602;0.26842884094431607
Meta_295;918750;1.1028330228699995E7;0.2222222222222222;898477;6119369.550500001;0.3013585707493299;3602;0.8090294615391649
Meta_358;888758;6126850.127055553;0.38888888888888884;888758;6122476.945299999;0.3888435589912417;581;0.0
Meta_151;948742;6126850.127055553;0.0;917010;6123261.2123000035;0.2996653892194123;3602;0.23415443317648216
Meta_258;918750;6126850.127055553;0.38888888888888884;918750;6125630.685299999;0.34068828122619293;20;0.0
Meta_260;918750;6126850.127055553;0.5;918750;6125630.685299999;0.34068828122619293;20;0.0
Meta_259;918750;6126850.127055553;0.4444444444444444;918750;6125630.685299999;0.34068828122619293;12;0.0
Meta_359;888758;6126850.127055553;0.4444444444444444;888758;6126842.373199997;0.4343228503482399;16;0.0
Meta_360;888758;6126850.127055553;0.5;888758;6126842.373199997;0.4343228503482399;13;0.0
Meta_57;978735;6126850.127055553;0.3333333333333333;931778;6126849.469700004;0.30293008804822047;26;0.0
Meta_58;978735;6126850.127055553;0.38888888888888884;931778;6126849.469700004;0.30293008804822047;25;0.0
Meta_59;978735;6126850.127055553;0.4444444444444444;931778;6126849.469700004;0.30293008804822047;25;0.0
Meta_60;978735;6126850.127055553;0.5;931778;6126849.469700004;0.30293008804822047;25;0.0
Meta_160;948742;6126850.127055553;0.5;931778;6126849.469700004;0.30293008804822047;12;0.0
Meta_157;948742;6126850.127055553;0.3333333333333333;931778;6126849.469700004;0.30293008804822047;16;0.0
Meta_159;948742;6126850.127055553;0.4444444444444444;931778;6126849.469700004;0.30293008804822047;17;0.0
Meta_158;948742;6126850.127055553;0.38888888888888884;931778;6126849.469700004;0.30293008804822047;16;0.0
Meta_285;918750;9802960.203288885;0.2222222222222222;898426;6138200.4942;0.30332335087396084;3602;0.8134051408503571
Meta_195;948742;1.1028330228699995E7;0.2222222222222222;899228;6157613.086100001;0.30359045550812963;3630;0.629976480598251
Meta_65;978735;7352220.152466664;0.2222222222222222;902155;6195504.090999998;0.3098198784969211;3602;0.5274706007146245
Meta_275;918750;8577590.177877774;0.2222222222222222;898413;6201146.245999999;0.3025776344024516;3603;0.8118240560818595
Meta_466;858765;7352220.152466664;0.2777777777777778;897387;6238714.0025999965;0.30061959685806317;3600;1.0
Meta_95;978735;1.1028330228699995E7;0.2222222222222222;902073;6238854.229599998;0.3105073191411218;3602;0.5301146638110992
Meta_710;768788;0.0;0.5;768788;624718.8533;0.47801395326910395;14;0.0
Meta_185;948742;9802960.203288885;0.2222222222222222;903950;6294879.723999999;0.3069781978170967;3601;0.6281205567619568
Meta_83;978735;9802960.203288885;0.1111111111111111;915433;6325622.000900003;0.29844190987041225;3602;0.22832617213597578
Meta_586;828773;9802960.203288885;0.2777777777777778;888836;6337131.8623999925;0.2995565117138499;3600;1.0
Meta_165;948742;7352220.152466664;0.2222222222222222;900259;6359283.397500003;0.3114700430763963;3602;0.6520562655101068
Meta_476;858765;8577590.177877774;0.2777777777777778;893701;6373319.565499999;0.2988137442466645;3600;1.0
Meta_369;888758;7352220.152466664;0.4444444444444444;888758;6375660.100399995;0.43185787999958863;13;0.0
Meta_370;888758;7352220.152466664;0.5;888758;6375660.100399995;0.43185787999958863;13;0.0
Meta_379;888758;8577590.177877774;0.4444444444444444;888758;6375660.100399995;0.43185787999958863;17;0.0
Meta_380;888758;8577590.177877774;0.5;888758;6375660.100399995;0.43185787999958863;15;0.0
Meta_389;888758;9802960.203288885;0.4444444444444444;888758;6375660.100399995;0.43185787999958863;17;0.0
Meta_390;888758;9802960.203288885;0.5;888758;6375660.100399995;0.43185787999958863;14;0.0
Meta_399;888758;1.1028330228699995E7;0.4444444444444444;888758;6375660.100399995;0.43185787999958863;15;0.0
Meta_400;888758;1.1028330228699995E7;0.5;888758;6375660.100399995;0.43185787999958863;12;0.0
Meta_709;768788;0.0;0.4444444444444444;768788;638407.0191000003;0.44443554220252823;3601;0.007541250259399715
Meta_266;918750;7352220.152466664;0.2777777777777778;918756;6386618.6171999965;0.2959570576815421;3627;1.0
Meta_261;918750;7352220.152466664;0.0;917223;6388431.744100003;0.3014577215503849;3602;0.28131137423952773
Meta_265;918750;7352220.152466664;0.2222222222222222;905722;6393281.152800003;0.3044912720021624;3602;0.8021783230764701
Meta_262;918750;7352220.152466664;0.05555555555555555;915238;6442151.705200003;0.29759609471741594;3602;0.2805456936648916
Meta_292;918750;1.1028330228699995E7;0.05555555555555555;916159;6448147.8989;0.29676989025812656;3602;0.2725485097258481
Meta_161;948742;7352220.152466664;0.0;915459;6451283.166200003;0.2969537074035825;3608;0.2281319389674629
Meta_163;948742;7352220.152466664;0.1111111111111111;916016;6464958.450500002;0.2973408445385946;3708;0.2580427210621742
Meta_291;918750;1.1028330228699995E7;0.0;915525;6468157.542500004;0.29844187902222186;3602;0.2738487035800871
Meta_75;978735;8577590.177877774;0.2222222222222222;902841;6468273.615799997;0.313618004215853;3601;0.5383919622917368
Meta_82;978735;9802960.203288885;0.05555555555555555;917048;6478430.465000001;0.3018877189688704;3602;0.21867661134914101
Meta_192;948742;1.1028330228699995E7;0.05555555555555555;915071;6481711.399200001;0.2966110269427482;3643;0.23498688396852924
Meta_281;918750;9802960.203288885;0.0;915717;6484822.304900005;0.29808471799802794;3619;0.27135082584876197
Meta_162;948742;7352220.152466664;0.05555555555555555;916341;6486843.582400002;0.2968641041119755;3603;0.2312399757580306
Meta_284;918750;9802960.203288885;0.16666666666666666;917898;6492824.005400003;0.29667488315374796;3652;0.3720863491430908
Meta_271;918750;8577590.177877774;0.0;915525;6497518.731800006;0.2969496316681651;3610;0.2666564410164173
Meta_282;918750;9802960.203288885;0.05555555555555555;916216;6505711.8667;0.2992745705696225;3602;0.2846808485557018
Meta_173;948742;8577590.177877774;0.1111111111111111;914962;6505870.3758;0.2964554539388904;3707;0.25812766861489206
Meta_81;978735;9802960.203288885;0.0;916623;6512666.859900002;0.30033751114443924;3601;0.20854328810476314
Meta_72;978735;8577590.177877774;0.05555555555555555;917060;6514054.763800003;0.2976565974373619;3601;0.2016903018561491
Meta_263;918750;7352220.152466664;0.1111111111111111;918115;6514585.939800004;0.2974688875687684;3602;0.30000813921152286
Meta_372;888758;8577590.177877774;0.05555555555555555;888760;6519670.473999998;0.29902793415892004;3601;0.32329308766347
Meta_272;918750;8577590.177877774;0.05555555555555555;915299;6525669.324500001;0.29561321256653206;3655;0.27045361784739913
Meta_869;738796;7352220.152466664;0.4444444444444444;738940;653433.9755000001;0.44443061396470307;341;0.0
Meta_293;918750;1.1028330228699995E7;0.1111111111111111;918249;6536366.410400003;0.29759065960294345;3602;0.3000192914885151
Meta_71;978735;8577590.177877774;0.0;917172;6542952.816099999;0.2977097408265561;3602;0.19633444835622402
Meta_274;918750;8577590.177877774;0.16666666666666666;918372;6556611.9153;0.2974826545985355;3603;0.374554002006124
Meta_171;948742;8577590.177877774;0.0;917885;6558898.694300004;0.2994331748439928;3602;0.2299010452207698
Meta_74;978735;8577590.177877774;0.16666666666666666;917294;6560894.049899998;0.2989504593680556;3602;0.260842476189041
Meta_61;978735;7352220.152466664;0.0;915124;6576380.616099999;0.2972252842660901;3602;0.2013568071368362
Meta_182;948742;9802960.203288885;0.05555555555555555;918615;6586338.219199998;0.2982128033272008;3692;0.22852110483205068
Meta_183;948742;9802960.203288885;0.1111111111111111;918820;6591152.809700004;0.3013043253203995;3600;0.265482887673571
Meta_889;738796;9802960.203288885;0.4444444444444444;738925;659700.0291;0.4440791370893765;346;0.0
Meta_91;978735;1.1028330228699995E7;0.0;918858;6600388.348200002;0.30125510378778597;3602;0.20470817328659902
Meta_62;978735;7352220.152466664;0.05555555555555555;916033;6607626.850800002;0.2986899746680987;3602;0.2093865298226294
Meta_175;948742;8577590.177877774;0.2222222222222222;898600;6611320.9492000025;0.3037288828050472;3602;0.6321060186976086
Meta_164;948742;7352220.152466664;0.16666666666666666;918289;6615542.2103999965;0.29577314425075407;3602;0.2903085425035027
Meta_283;918750;9802960.203288885;0.1111111111111111;916065;6620912.320500003;0.2986623740126181;3601;0.31571755576384497
Meta_191;948742;1.1028330228699995E7;0.0;915221;6626047.760199999;0.2953175689447242;3629;0.22185919550570815
Meta_184;948742;9802960.203288885;0.16666666666666666;918002;6637193.0117;0.3002678961153131;3683;0.3159657857990304
Meta_264;918750;7352220.152466664;0.16666666666666666;918279;6647142.373399997;0.29710155657358234;3602;0.37269600186093926
Meta_193;948742;1.1028330228699995E7;0.1111111111111111;917251;6659295.1307;0.30167151031189715;3601;0.27340446476828434
Meta_64;978735;7352220.152466664;0.16666666666666666;918963;6661112.674999999;0.3004915492284534;3602;0.2614201887805444
Meta_486;858765;9802960.203288885;0.2777777777777778;900323;6675440.534699999;0.2988101795837339;3600;1.0
Meta_496;858765;1.1028330228699995E7;0.2777777777777778;900323;6675440.534699999;0.2988101795837339;3601;1.0
Meta_294;918750;1.1028330228699995E7;0.16666666666666666;915349;6684129.141200005;0.29622964695184895;3601;0.38262552772528213
Meta_63;978735;7352220.152466664;0.1111111111111111;919154;6706198.733300001;0.30127649085103214;3606;0.22691761761359616
Meta_172;948742;8577590.177877774;0.05555555555555555;915453;6719223.1387;0.29609949399152613;3602;0.23122891938769297
Meta_194;948742;1.1028330228699995E7;0.16666666666666666;916260;6728909.398600002;0.2969206173246728;3602;0.30613864468076035
Meta_66;978735;7352220.152466664;0.2777777777777778;928746;6734539.2025000015;0.29634538842883423;3601;0.3101931021542704
Meta_174;948742;8577590.177877774;0.16666666666666666;916373;6746332.809900004;0.29761726049563836;3602;0.3092958939219774
Meta_276;918750;8577590.177877774;0.2777777777777778;919657;6746930.885500007;0.2965077440806868;3602;1.0
Meta_93;978735;1.1028330228699995E7;0.1111111111111111;918742;6773449.139400004;0.3008725097725932;3602;0.22667374226181167
Meta_286;918750;9802960.203288885;0.2777777777777778;919332;6825590.3348;0.2955078990126436;3603;1.0
Meta_92;978735;1.1028330228699995E7;0.05555555555555555;916901;6834526.382700003;0.2975874033759964;3602;0.20195227463223597
Meta_166;948742;7352220.152466664;0.2777777777777778;924931;6847429.830200004;0.2880647189829977;3600;0.46309412507049696
Meta_273;918750;8577590.177877774;0.1111111111111111;917422;6896145.146899998;0.30201584280722343;3602;0.32710525565609966
Meta_96;978735;1.1028330228699995E7;0.2777777777777778;931538;6986584.124900006;0.29846136046122823;3601;0.3070267442834112
Meta_94;978735;1.1028330228699995E7;0.16666666666666666;916780;6990511.046800001;0.2981830485281633;3605;0.2592466694004774
Meta_181;948742;9802960.203288885;0.0;918707;7023318.755700001;0.30285946482847614;3602;0.24172378220692464
Meta_86;978735;9802960.203288885;0.2777777777777778;931586;7040098.478800006;0.29864555755449007;3601;0.30866370005024385
Meta_186;948742;9802960.203288885;0.2777777777777778;931562;7053651.544800004;0.2984725526268642;3600;0.5338385179397899
Meta_73;978735;8577590.177877774;0.1111111111111111;915697;7057797.048600005;0.297426858343061;3601;0.22304564098469823
Meta_196;948742;1.1028330228699995E7;0.2777777777777778;931514;7067856.662200004;0.2986116385339942;3601;0.5362576691128974
Meta_84;978735;9802960.203288885;0.16666666666666666;918362;7079259.1884;0.29752745774587885;3604;0.2495956455399452
Meta_176;948742;8577590.177877774;0.2777777777777778;931519;7086809.313900006;0.2987691323178512;3601;0.5382901859701071
Meta_269;918750;7352220.152466664;0.4444444444444444;918750;7144758.825800003;0.34233739324081197;11;0.0
Meta_268;918750;7352220.152466664;0.38888888888888884;918750;7144758.825800003;0.34233739324081197;15;0.0
Meta_270;918750;7352220.152466664;0.5;918750;7144758.825800003;0.34233739324081197;13;0.0
Meta_278;918750;8577590.177877774;0.38888888888888884;918750;7144758.825800003;0.34233739324081197;14;0.0
Meta_279;918750;8577590.177877774;0.4444444444444444;918750;7144758.825800003;0.34233739324081197;14;0.0
Meta_280;918750;8577590.177877774;0.5;918750;7144758.825800003;0.34233739324081197;14;0.0
Meta_288;918750;9802960.203288885;0.38888888888888884;918750;7144758.825800003;0.34233739324081197;10;0.0
Meta_289;918750;9802960.203288885;0.4444444444444444;918750;7144758.825800003;0.34233739324081197;11;0.0
Meta_290;918750;9802960.203288885;0.5;918750;7144758.825800003;0.34233739324081197;12;0.0
Meta_300;918750;1.1028330228699995E7;0.5;918750;7144758.825800003;0.34233739324081197;10;0.0
Meta_299;918750;1.1028330228699995E7;0.4444444444444444;918750;7144758.825800003;0.34233739324081197;12;0.0
Meta_298;918750;1.1028330228699995E7;0.38888888888888884;918750;7144758.825800003;0.34233739324081197;16;0.0
Meta_267;918750;7352220.152466664;0.3333333333333333;918750;7226375.254000001;0.33329383924643596;459;0.0
Meta_76;978735;8577590.177877774;0.2777777777777778;929832;7226597.371500007;0.29668835778164687;3602;0.30344115564035007
Meta_807;738796;0.0;0.3333333333333333;741791;724133.0368;0.3498757546846423;3602;0.7026592738250564
Meta_277;918750;8577590.177877774;0.3333333333333333;918868;7274688.657200002;0.3333339420286665;399;0.0
Meta_169;948742;7352220.152466664;0.4444444444444444;931778;7350590.627600002;0.30853041347391896;14;0.0
Meta_170;948742;7352220.152466664;0.5;931778;7352212.450800002;0.30853041347391896;18;0.0
Meta_70;978735;7352220.152466664;0.5;931778;7352216.035300001;0.30853041347391896;25;0.0
Meta_68;978735;7352220.152466664;0.38888888888888884;931778;7352216.3219;0.30853041347391896;23;0.0
Meta_168;948742;7352220.152466664;0.38888888888888884;931778;7352216.647900001;0.30853041347391896;13;0.0
Meta_67;978735;7352220.152466664;0.3333333333333333;931778;7352217.688800001;0.30853041347391896;26;0.0
Meta_69;978735;7352220.152466664;0.4444444444444444;931778;7352219.787200001;0.30853041347391896;26;0.0
Meta_167;948742;7352220.152466664;0.3333333333333333;931778;7352219.869900008;0.30853041347391896;14;0.0
Meta_296;918750;1.1028330228699995E7;0.2777777777777778;918750;7505162.0521000065;0.30141796098926765;3601;1.0
Meta_297;918750;1.1028330228699995E7;0.3333333333333333;920437;7622520.486300003;0.33333369639277594;340;0.0
Meta_287;918750;9802960.203288885;0.3333333333333333;920940;7640094.974200006;0.33333403153339636;468;0.0
Meta_100;978735;1.1028330228699995E7;0.5;931778;7744432.426100003;0.30853041347391896;26;0.0
Meta_77;978735;8577590.177877774;0.3333333333333333;931778;7744432.426100003;0.30853041347391896;26;0.0
Meta_78;978735;8577590.177877774;0.38888888888888884;931778;7744432.426100003;0.30853041347391896;30;0.0
Meta_79;978735;8577590.177877774;0.4444444444444444;931778;7744432.426100003;0.30853041347391896;31;0.0
Meta_80;978735;8577590.177877774;0.5;931778;7744432.426100003;0.30853041347391896;25;0.0
Meta_87;978735;9802960.203288885;0.3333333333333333;931778;7744432.426100003;0.30853041347391896;28;0.0
Meta_88;978735;9802960.203288885;0.38888888888888884;931778;7744432.426100003;0.30853041347391896;31;0.0
Meta_89;978735;9802960.203288885;0.4444444444444444;931778;7744432.426100003;0.30853041347391896;34;0.0
Meta_90;978735;9802960.203288885;0.5;931778;7744432.426100003;0.30853041347391896;38;0.0
Meta_97;978735;1.1028330228699995E7;0.3333333333333333;931778;7744432.426100003;0.30853041347391896;24;0.0
Meta_98;978735;1.1028330228699995E7;0.38888888888888884;931778;7744432.426100003;0.30853041347391896;25;0.0
Meta_99;978735;1.1028330228699995E7;0.4444444444444444;931778;7744432.426100003;0.30853041347391896;26;0.0
Meta_178;948742;8577590.177877774;0.38888888888888884;931778;7744432.426100003;0.30853041347391896;11;0.0
Meta_177;948742;8577590.177877774;0.3333333333333333;931778;7744432.426100003;0.30853041347391896;12;0.0
Meta_179;948742;8577590.177877774;0.4444444444444444;931778;7744432.426100003;0.30853041347391896;12;0.0
Meta_180;948742;8577590.177877774;0.5;931778;7744432.426100003;0.30853041347391896;15;0.0
Meta_187;948742;9802960.203288885;0.3333333333333333;931778;7744432.426100003;0.30853041347391896;14;0.0
Meta_188;948742;9802960.203288885;0.38888888888888884;931778;7744432.426100003;0.30853041347391896;14;0.0
Meta_189;948742;9802960.203288885;0.4444444444444444;931778;7744432.426100003;0.30853041347391896;14;0.0
Meta_190;948742;9802960.203288885;0.5;931778;7744432.426100003;0.30853041347391896;15;0.0
Meta_197;948742;1.1028330228699995E7;0.3333333333333333;931778;7744432.426100003;0.30853041347391896;12;0.0
Meta_198;948742;1.1028330228699995E7;0.38888888888888884;931778;7744432.426100003;0.30853041347391896;11;0.0
Meta_199;948742;1.1028330228699995E7;0.4444444444444444;931778;7744432.426100003;0.30853041347391896;17;0.0
Meta_200;948742;1.1028330228699995E7;0.5;931778;7744432.426100003;0.30853041347391896;13;0.0
Meta_708;768788;0.0;0.38888888888888884;769140;839244.2031999996;0.3898685473649725;3603;0.24049050410164446
Meta_928;708804;2450740.050822221;0.38888888888888884;736978;852929.1345999994;0.38883754166318146;2946;0.0
Meta_818;738796;1225370.0254111106;0.38888888888888884;738796;930577.7573999998;0.40038070914507823;3601;1.0
Meta_707;768788;0.0;0.3333333333333333;768788;985745.8584999999;0.3552285239663671;3602;0.6664557931454075
