Goal_7;1463317;0.0;0.3333333333333333;1448990;1681548.5775999993;0.27490875755584815;12;0.0
Goal_8;1463317;0.0;0.38888888888888884;1448990;1681548.5775999993;0.27490875755584815;10;0.0
Goal_6;1463317;0.0;0.2777777777777778;1448990;1681548.5775999993;0.27490875755584826;53;0.0
Goal_9;1463317;0.0;0.4444444444444444;1448990;1681548.5775999993;0.27490875755584815;10;0.0
Goal_10;1463317;0.0;0.5;1448990;1681548.5775999993;0.27490875755584826;41;0.0
Goal_12;1463317;4609245.819931746;0.05555555555555555;1463317;4595470.1535;0.040748227880090096;78;0.0
Goal_13;1463317;4609245.819931746;0.1111111111111111;1463317;4584650.181999998;0.003320375577739964;79;0.0
Goal_15;1463317;4609245.819931746;0.2222222222222222;1463317;4608876.0281;0.005013295098307948;60;0.0
Goal_16;1463317;4609245.819931746;0.2777777777777778;1463317;4577718.410700001;0.10368070655055918;42;0.0
Goal_14;1463317;4609245.819931746;0.16666666666666666;1463317;4562119.6649;0.056984238748169144;110;0.0
Goal_17;1463317;4609245.819931746;0.3333333333333333;1463317;4572514.7719;0.032621473427802125;49;0.0
Goal_20;1463317;4609245.819931746;0.5;1463317;4605475.275400002;0.03432566925106316;95;0.0
Goal_22;1463317;9218491.639863493;0.05555555555555555;1463317;9096206.439400006;0.042239153749420076;157;0.0
Goal_19;1463317;4609245.819931746;0.4444444444444444;1463317;4609245.5311;0.022888644860600018;315;0.0
Goal_23;1463317;9218491.639863493;0.1111111111111111;1463317;9214344.304699998;0.02596224330791137;57;0.0
Goal_24;1463317;9218491.639863493;0.16666666666666666;1463317;8851190.4785;0.04361548630756029;45;0.0
Goal_21;1463317;9218491.639863493;0.0;1463317;9218448.702799998;0.001072304972399525;339;0.0
Goal_26;1463317;9218491.639863493;0.2777777777777778;1463317;8739709.1583;0.03010362430129523;9;0.0
Goal_25;1463317;9218491.639863493;0.2222222222222222;1463317;9134310.051999997;0.031477295628954884;34;0.0
Goal_18;1463317;4609245.819931746;0.38888888888888884;1463317;4386039.668500001;0.022921875206547752;398;0.0
Goal_30;1463317;9218491.639863493;0.5;1463317;9218458.3491;0.0012788902544769451;3;0.0
Goal_28;1463317;9218491.639863493;0.38888888888888884;1463317;9218488.488300001;0.023800991620138993;11;0.0
Goal_27;1463317;9218491.639863493;0.3333333333333333;1463317;7436614.560699999;0.014529119605494774;27;0.0
Goal_33;1463317;1.382773745979524E7;0.1111111111111111;1463317;1.2806449151499996E7;0.0025565595957008744;9;0.0
Goal_29;1463317;9218491.639863493;0.4444444444444444;1463317;9218476.679100001;0.022545374394646704;29;0.0
Goal_34;1463317;1.382773745979524E7;0.16666666666666666;1463317;1.1841411712600004E7;0.0024237253068284787;9;0.0
Goal_32;1463317;1.382773745979524E7;0.05555555555555555;1463317;1.3827730985199997E7;0.0037539321339780736;37;0.0
Goal_36;1463317;1.382773745979524E7;0.2777777777777778;1463317;1.3473667855499998E7;0.026896456615347644;8;0.0
Goal_37;1463317;1.382773745979524E7;0.3333333333333333;1463317;1.3815646793799993E7;0.005706962264406925;3;0.0
Goal_35;1463317;1.382773745979524E7;0.2222222222222222;1463317;1.3772197423199998E7;0.005015179815304069;26;0.0
Goal_38;1463317;1.382773745979524E7;0.38888888888888884;1463317;1.3827736407200001E7;0.011759724208193432;9;0.0
Goal_40;1463317;1.382773745979524E7;0.5;1463317;1.38193300324E7;0.01245604562225145;36;0.0
Goal_42;1463317;1.8436983279726986E7;0.05555555555555555;1463317;1.1376720670599997E7;0.01194070439870171;8;0.0
Goal_39;1463317;1.382773745979524E7;0.4444444444444444;1463317;1.3683245230099998E7;0.06658564543881378;68;0.0
Goal_43;1463317;1.8436983279726986E7;0.1111111111111111;1463317;1.2537786998E7;0.031665089536235425;28;0.0
Goal_44;1463317;1.8436983279726986E7;0.16666666666666666;1463317;1.1419407104299998E7;0.002517734331822047;24;0.0
Goal_46;1463317;1.8436983279726986E7;0.2777777777777778;1463317;1.84369683326E7;0.002613084613284014;9;0.0
Goal_47;1463317;1.8436983279726986E7;0.3333333333333333;1463317;1.5702283400199996E7;0.031709736262003005;8;0.0
Goal_48;1463317;1.8436983279726986E7;0.38888888888888884;1463317;1.5772574813599998E7;0.02594451117954815;35;0.0
Goal_49;1463317;1.8436983279726986E7;0.4444444444444444;1463317;1.8436969442299996E7;0.004030846022261535;67;0.0
Goal_50;1463317;1.8436983279726986E7;0.5;1463317;1.8436909217499997E7;0.025686212665036883;44;0.0
Goal_41;1463317;1.8436983279726986E7;0.0;1463317;1.43750545515E7;9.361678739435393E-4;411;0.0
Goal_1;1463317;0.0;0.0;1453363;2233865.3277999996;0.029984851222414826;3600;0.13367457412834538
Goal_2;1463317;0.0;0.05555555555555555;1451673;2143521.3307999996;0.055556095003216566;3600;0.09002065305301428
Goal_53;1463317;2.304622909965873E7;0.1111111111111111;1463317;2.304621234680001E7;0.10368571898470937;10;0.0
Goal_54;1463317;2.304622909965873E7;0.16666666666666666;1463317;1.4211388712099997E7;0.004121278872481654;24;0.0
Goal_55;1463317;2.304622909965873E7;0.2222222222222222;1463317;2.3046213648299992E7;0.0025173195283995256;31;0.0
Goal_57;1463317;2.304622909965873E7;0.3333333333333333;1463317;1.95070316299E7;0.014026440526151589;10;0.0
Goal_56;1463317;2.304622909965873E7;0.2777777777777778;1463317;1.4549994080699997E7;0.10521751701545755;56;0.0
Goal_58;1463317;2.304622909965873E7;0.38888888888888884;1463317;2.26432224219E7;0.013727717568486399;285;0.0
Goal_60;1463317;2.304622909965873E7;0.5;1463317;2.00016709387E7;0.03420107754900135;50;0.0
Goal_51;1463317;2.304622909965873E7;0.0;1463317;1.5301521755999995E7;0.001003634151606081;1268;0.0
Goal_3;1463317;0.0;0.1111111111111111;1452302;1998183.6718;0.11111112694473517;3600;0.028231926851437425
Goal_11;1463317;4609245.819931746;0.0;1463317;4573499.6094;0.0010254183331581672;2916;0.0
Goal_63;1463317;2.765547491959048E7;0.1111111111111111;1463317;1.245599151750001E7;0.10370189144152855;807;0.0
Goal_65;1463317;2.765547491959048E7;0.2222222222222222;1463317;2.7640645707500003E7;0.002446899418235444;8;0.0
Goal_66;1463317;2.765547491959048E7;0.2777777777777778;1463317;1.1783238264800007E7;0.008325830436614608;25;0.0
Goal_67;1463317;2.765547491959048E7;0.3333333333333333;1463317;2.4851132608900007E7;0.002517734331822048;44;0.0
Goal_68;1463317;2.765547491959048E7;0.38888888888888884;1463317;2.426669307030001E7;0.02601015748280435;8;0.0
Goal_69;1463317;2.765547491959048E7;0.4444444444444444;1463317;2.76554419193E7;0.02685019522027317;8;0.0
Goal_4;1463317;0.0;0.16666666666666666;1453200;1984851.5331000001;0.16666715052688172;3600;0.013628413606472696
Goal_5;1463317;0.0;0.2222222222222222;1451301;1833724.9869999993;0.21971706394035828;3600;0.0049703960096000145
Goal_72;1463317;3.2264720739522226E7;0.05555555555555555;1463317;1.57548219682E7;0.004234488605725579;72;0.0
Goal_73;1463317;3.2264720739522226E7;0.1111111111111111;1463317;2.92188085584E7;0.014265857616489885;377;0.0
Goal_74;1463317;3.2264720739522226E7;0.16666666666666666;1463317;2.8554969253299996E7;0.07071175717537345;10;0.0
Goal_75;1463317;3.2264720739522226E7;0.2222222222222222;1463317;1.2763947412500007E7;0.10676111378896018;28;0.0
Goal_76;1463317;3.2264720739522226E7;0.2777777777777778;1463317;2.13975555959E7;0.013793015446446726;34;0.0
Goal_31;1463317;1.382773745979524E7;0.0;1463317;1.3398355315399997E7;0.0016520804827069443;3600;1.0
Goal_77;1463317;3.2264720739522226E7;0.3333333333333333;1463317;3.004316359859999E7;0.01001647034589842;100;0.0
Goal_79;1463317;3.2264720739522226E7;0.4444444444444444;1463317;2.7888009900199983E7;0.02430643181563302;37;0.0
Goal_80;1463317;3.2264720739522226E7;0.5;1463317;2.8933938607699994E7;0.0020878587375698634;8;0.0
Goal_45;1463317;1.8436983279726986E7;0.2222222222222222;1462823;1.83711602143E7;0.0462429382558857;3600;1.0
Goal_78;1463317;3.2264720739522226E7;0.38888888888888884;1463317;2.6318115622600008E7;0.044334585073115614;136;0.0
Goal_83;1463317;3.687396655945397E7;0.1111111111111111;1463317;1.59909078907E7;0.03168627637981666;7;0.0
Goal_84;1463317;3.687396655945397E7;0.16666666666666666;1463317;3.0220508540099997E7;0.09059800172985115;7;0.0
Goal_85;1463317;3.687396655945397E7;0.2222222222222222;1463317;2.2119039993300002E7;0.10372882829751676;28;0.0
Goal_86;1463317;3.687396655945397E7;0.2777777777777778;1463317;1.2684207869299999E7;0.02596765633232614;9;0.0
Goal_87;1463317;3.687396655945397E7;0.3333333333333333;1463317;2.9176798951800004E7;0.004134238412423186;9;0.0
Goal_88;1463317;3.687396655945397E7;0.38888888888888884;1463317;3.046743710039999E7;0.011817651682819808;8;0.0
Goal_89;1463317;3.687396655945397E7;0.4444444444444444;1463317;2.935522766840001E7;0.03284470829181925;47;0.0
Goal_82;1463317;3.687396655945397E7;0.05555555555555555;1463317;1.84364672221E7;0.021242404749220394;145;0.0
Goal_90;1463317;3.687396655945397E7;0.5;1463317;1.2526323921600001E7;0.002518236883103138;92;0.0
Goal_52;1463317;2.304622909965873E7;0.05555555555555555;1462823;1.4568477037300006E7;0.021681105612280795;3600;1.0
Goal_93;1463317;4.148321237938572E7;0.1111111111111111;1463317;1.69347537139E7;0.0021122740126820624;32;0.0
Goal_94;1463317;4.148321237938572E7;0.16666666666666666;1463317;3.1595390302700005E7;0.027854693826440263;9;0.0
Goal_95;1463317;4.148321237938572E7;0.2222222222222222;1463317;1.9313855228499997E7;0.02397887409095699;30;0.0
Goal_96;1463317;4.148321237938572E7;0.2777777777777778;1463317;1.977769063630001E7;0.021516099298170496;36;0.0
Goal_97;1463317;4.148321237938572E7;0.3333333333333333;1463317;2.608472009079999E7;0.030216243326153622;34;0.0
Goal_98;1463317;4.148321237938572E7;0.38888888888888884;1463317;3.35285730635E7;0.014092753801786678;10;0.0
Goal_92;1463317;4.148321237938572E7;0.05555555555555555;1463317;2.6795765510799997E7;0.028266261715844343;304;0.0
Goal_99;1463317;4.148321237938572E7;0.4444444444444444;1463317;2.800020095520001E7;0.09186614539536389;37;0.0
Goal_100;1463317;4.148321237938572E7;0.5;1463317;2.7047043379499998E7;0.014318725744740309;8;0.0
Goal_91;1463317;4.148321237938572E7;0.0;1463317;2.9543217061700005E7;0.00100176800939661;422;0.0
Goal_59;1463317;2.304622909965873E7;0.4444444444444444;1462823;1.55390786312E7;0.008488629881255469;3600;1.0
Goal_81;1463317;3.687396655945397E7;0.0;1463317;1.4424146444100004E7;9.477449643488632E-4;913;0.0
Goal_61;1463317;2.765547491959048E7;0.0;1462823;1.4607101212699996E7;0.003815876579172844;3600;1.0
Goal_62;1463317;2.765547491959048E7;0.05555555555555555;1462823;1.7700689942199998E7;0.05537809579257989;3600;1.0
Goal_64;1463317;2.765547491959048E7;0.16666666666666666;1462823;2.55889854458E7;0.017826835540047433;3600;1.0
Goal_71;1463317;3.2264720739522226E7;0.0;1463317;2.2715907949299995E7;0.0011801619025595391;3134;0.0
Goal_70;1463317;2.765547491959048E7;0.5;1463180;2.4234692979499996E7;0.062381738180246823;3600;1.0
Goal_110;1406437;0.0;0.5;1406437;285558.2186;0.45481872806725393;7;0.0
Goal_109;1406437;0.0;0.4444444444444444;1406437;286383.5029999999;0.44444316130576994;837;0.0
Goal_112;1406437;4609245.819931746;0.05555555555555555;1406750;4294923.3534;0.05526757193664423;311;0.0
Goal_113;1406437;4609245.819931746;0.1111111111111111;1406624;4601455.3329;0.11033633526318361;47;0.0
Goal_114;1406437;4609245.819931746;0.16666666666666666;1409645;4576085.3312;0.16664758314732664;17;0.0
Goal_115;1406437;4609245.819931746;0.2222222222222222;1408171;4550352.421999999;0.22159359950018023;10;0.0
Goal_116;1406437;4609245.819931746;0.2777777777777778;1406437;4601882.152600002;0.27777083096823696;12;0.0
Goal_117;1406437;4609245.819931746;0.3333333333333333;1407052;3075329.6142999995;0.33330569389359865;11;0.0
Goal_118;1406437;4609245.819931746;0.38888888888888884;1408947;4212025.017499999;0.388889721943848;12;0.0
Goal_119;1406437;4609245.819931746;0.4444444444444444;1406437;3051631.693699999;0.44376786288537673;8;0.0
Goal_120;1406437;4609245.819931746;0.5;1406437;4609241.6026;0.4399133980493441;2;0.0
Goal_101;1406437;0.0;0.0;1407920;1286041.5546999997;0.0588430493481917;3600;0.5919276175175693
Goal_102;1406437;0.0;0.05555555555555555;1406437;1176242.8351999999;0.055555495575959735;3600;0.41350558081397176
Goal_122;1406437;9218491.639863493;0.05555555555555555;1407821;6027130.1302000005;0.05473830872769776;13;0.0
Goal_123;1406437;9218491.639863493;0.1111111111111111;1411668;6123262.9689;0.11110601859763158;15;0.0
Goal_124;1406437;9218491.639863493;0.16666666666666666;1407930;6769188.4404;0.15176783764306082;8;0.0
Goal_125;1406437;9218491.639863493;0.2222222222222222;1412094;9006074.6918;0.22214406539793874;9;0.0
Goal_103;1406437;0.0;0.1111111111111111;1406437;1081385.0666999999;0.11111304166145966;3600;0.43011578615141693
Goal_126;1406437;9218491.639863493;0.2777777777777778;1406437;7513396.478199999;0.2777758089123109;12;0.0
Goal_127;1406437;9218491.639863493;0.3333333333333333;1406437;3827066.9216999994;0.3331859165816885;10;0.0
Goal_128;1406437;9218491.639863493;0.38888888888888884;1411791;4665475.2057;0.3888885681609965;11;0.0
Goal_130;1406437;9218491.639863493;0.5;1406437;2008754.1070000003;0.4253163308846365;4;0.0
Goal_129;1406437;9218491.639863493;0.4444444444444444;1406437;1929636.2960000003;0.43831172020642317;8;0.0
Goal_133;1406437;1.382773745979524E7;0.1111111111111111;1411248;1.3767044751900002E7;0.08847260021141576;10;0.0
Goal_134;1406437;1.382773745979524E7;0.16666666666666666;1406437;7486641.933500004;0.15973189420582543;14;0.0
Goal_132;1406437;1.382773745979524E7;0.05555555555555555;1407085;1.2540200396200005E7;0.052824901449295206;39;0.0
Goal_135;1406437;1.382773745979524E7;0.2222222222222222;1407116;1.38224875508E7;0.22201579097294713;14;0.0
Goal_137;1406437;1.382773745979524E7;0.3333333333333333;1406437;5785570.578800001;0.3333333478810658;10;0.0
Goal_136;1406437;1.382773745979524E7;0.2777777777777778;1413234;5511067.0249;0.27774164996868284;11;0.0
Goal_138;1406437;1.382773745979524E7;0.38888888888888884;1406437;5326364.011500002;0.3888874719683825;6;0.0
Goal_139;1406437;1.382773745979524E7;0.4444444444444444;1406772;3662633.260399999;0.443457099983584;7;0.0
Goal_140;1406437;1.382773745979524E7;0.5;1406437;2427422.5471999994;0.4593279991988893;6;0.0
Goal_142;1406437;1.8436983279726986E7;0.05555555555555555;1406466;6880601.9751;0.04825209276542148;57;0.0
Goal_104;1406437;0.0;0.16666666666666666;1406437;974550.7772000001;0.16666655465157967;3600;0.4317483749664346
Goal_144;1406437;1.8436983279726986E7;0.16666666666666666;1406437;7447166.0796;0.1664438345270378;6;0.0
Goal_143;1406437;1.8436983279726986E7;0.1111111111111111;1408716;7913202.213499997;0.08321376176596096;56;0.0
Goal_146;1406437;1.8436983279726986E7;0.2777777777777778;1406459;1.5658630786200006E7;0.27753757582373373;8;0.0
Goal_145;1406437;1.8436983279726986E7;0.2222222222222222;1406437;1.81954372334E7;0.21060011535187334;25;0.0
Goal_148;1406437;1.8436983279726986E7;0.38888888888888884;1406558;3722416.1434999984;0.38888865389267646;12;0.0
Goal_147;1406437;1.8436983279726986E7;0.3333333333333333;1406437;8582765.418599997;0.33333111056719394;12;0.0
Goal_150;1406437;1.8436983279726986E7;0.5;1406437;1.51877823742E7;0.453964412522052;1;0.0
Goal_149;1406437;1.8436983279726986E7;0.4444444444444444;1406437;2115358.9905;0.4094711948647007;1;0.0
Goal_105;1406437;0.0;0.2222222222222222;1406437;739082.5742;0.2222207179645311;3600;0.3653141481341904
Goal_153;1406437;2.304622909965873E7;0.1111111111111111;1406437;2.3046229006400004E7;0.09487677546423184;13;0.0
Goal_154;1406437;2.304622909965873E7;0.16666666666666666;1406437;2.0687216234300006E7;0.15883461894819775;7;0.0
Goal_155;1406437;2.304622909965873E7;0.2222222222222222;1406437;2.3046225321500003E7;0.20491310560868695;11;0.0
Goal_156;1406437;2.304622909965873E7;0.2777777777777778;1408716;1.4264211003800001E7;0.2672427877550504;11;0.0
Goal_157;1406437;2.304622909965873E7;0.3333333333333333;1406437;6943390.634700001;0.3308663456256023;9;0.0
Goal_158;1406437;2.304622909965873E7;0.38888888888888884;1406437;6533769.5327;0.38784333398443377;5;0.0
Goal_159;1406437;2.304622909965873E7;0.4444444444444444;1406437;2285028.3371999995;0.443102388079258;8;0.0
Goal_160;1406437;2.304622909965873E7;0.5;1406437;1.5016004462199999E7;0.453964412522052;2;0.0
Goal_152;1406437;2.304622909965873E7;0.05555555555555555;1433762;8463831.9796;0.055494149991022416;237;0.0
Goal_106;1406437;0.0;0.2777777777777778;1406437;729851.0290000001;0.2777775735516207;3600;0.4397055724352145
Goal_162;1406437;2.765547491959048E7;0.05555555555555555;1406437;1.37135363378E7;0.05520960435734494;26;0.0
Goal_164;1406437;2.765547491959048E7;0.16666666666666666;1406451;1.5692290122299995E7;0.1665475421912319;7;0.0
Goal_165;1406437;2.765547491959048E7;0.2222222222222222;1406437;2.7655456447400004E7;0.20911559426672932;11;0.0
Goal_166;1406437;2.765547491959048E7;0.2777777777777778;1406437;1.4071388514300002E7;0.2777775155391801;8;0.0
Goal_167;1406437;2.765547491959048E7;0.3333333333333333;1407157;5374081.682800001;0.3327268224456267;11;0.0
Goal_163;1406437;2.765547491959048E7;0.1111111111111111;1411891;2.6612305828700002E7;0.10646169949894015;61;0.0
Goal_168;1406437;2.765547491959048E7;0.38888888888888884;1406451;2744630.7402999997;0.38888654381011045;10;0.0
Goal_170;1406437;2.765547491959048E7;0.5;1406437;1.5016004462199999E7;0.453964412522052;2;0.0
Goal_169;1406437;2.765547491959048E7;0.4444444444444444;1406437;4900580.9483;0.4443386196606786;7;0.0
Goal_172;1406437;3.2264720739522226E7;0.05555555555555555;1408925;7289175.076099999;0.053883482918625394;7;0.0
Goal_173;1406437;3.2264720739522226E7;0.1111111111111111;1406437;1.2684698533300001E7;0.10604783342412324;15;0.0
Goal_174;1406437;3.2264720739522226E7;0.16666666666666666;1406437;1.1474761907100001E7;0.14127283777283073;12;0.0
Goal_175;1406437;3.2264720739522226E7;0.2222222222222222;1406583;2.27686893946E7;0.22086887748100234;10;0.0
Goal_176;1406437;3.2264720739522226E7;0.2777777777777778;1410026;2.17228262913E7;0.2664977672538404;37;0.0
Goal_177;1406437;3.2264720739522226E7;0.3333333333333333;1406835;5842566.504100002;0.33332367212269337;10;0.0
Goal_178;1406437;3.2264720739522226E7;0.38888888888888884;1406440;2127376.1927;0.38888762854649184;9;0.0
Goal_179;1406437;3.2264720739522226E7;0.4444444444444444;1406437;2872908.0936999996;0.4280059291833555;8;0.0
Goal_180;1406437;3.2264720739522226E7;0.5;1406437;1.5016004462199999E7;0.453964412522052;2;0.0
Goal_107;1406437;0.0;0.3333333333333333;1406437;441341.9936;0.33333093431600624;3600;0.16350862397901442
Goal_182;1406437;3.687396655945397E7;0.05555555555555555;1413159;2.13197839854E7;0.054174095493933726;16;0.0
Goal_183;1406437;3.687396655945397E7;0.1111111111111111;1406437;2.874132098110001E7;0.08645134483440511;12;0.0
Goal_184;1406437;3.687396655945397E7;0.16666666666666666;1412193;1.8202614913200002E7;0.16063448504858005;41;0.0
Goal_185;1406437;3.687396655945397E7;0.2222222222222222;1406437;2.779331198099999E7;0.21485371729530972;7;0.0
Goal_186;1406437;3.687396655945397E7;0.2777777777777778;1406438;1.52307189358E7;0.26209464494374696;10;0.0
Goal_187;1406437;3.687396655945397E7;0.3333333333333333;1406437;7918878.701699998;0.3332869042470077;12;0.0
Goal_188;1406437;3.687396655945397E7;0.38888888888888884;1406437;2316137.0004999996;0.386877369799073;6;0.0
Goal_189;1406437;3.687396655945397E7;0.4444444444444444;1406437;3966096.8341;0.421540794215643;9;0.0
Goal_190;1406437;3.687396655945397E7;0.5;1406437;1.5016004462199999E7;0.453964412522052;1;0.0
Goal_108;1406437;0.0;0.38888888888888884;1406437;332793.0298000001;0.3888871743589588;3600;0.037481740103343056
Goal_111;1406437;4609245.819931746;0.0;1452336;4606385.997399998;0.0021306899696563104;3600;1.0
Goal_193;1406437;4.148321237938572E7;0.1111111111111111;1412614;4963776.670299999;0.11105089141010165;43;0.0
Goal_192;1406437;4.148321237938572E7;0.05555555555555555;1415110;5661644.256100001;0.04929386466078063;304;0.0
Goal_194;1406437;4.148321237938572E7;0.16666666666666666;1406437;7766018.17;0.16643179678386238;11;0.0
Goal_195;1406437;4.148321237938572E7;0.2222222222222222;1411005;2.1995250379100006E7;0.22222415306657028;10;0.0
Goal_196;1406437;4.148321237938572E7;0.2777777777777778;1406437;1.7902523400800005E7;0.2688193822792336;11;0.0
Goal_197;1406437;4.148321237938572E7;0.3333333333333333;1407602;7107161.057100001;0.33333160499317505;14;0.0
Goal_198;1406437;4.148321237938572E7;0.38888888888888884;1406437;2316137.0004999996;0.386877369799073;7;0.0
Goal_200;1406437;4.148321237938572E7;0.5;1406437;1.5016004462199999E7;0.453964412522052;2;0.0
Goal_199;1406437;4.148321237938572E7;0.4444444444444444;1406437;1.3129136115E7;0.440285932632914;8;0.0
Goal_131;1406437;1.382773745979524E7;0.0;1458539;1.3328809895299999E7;0.0010373433822945376;2028;0.0
Goal_121;1406437;9218491.639863493;0.0;1446237;9216533.3814;0.0031991290358109993;3600;1.0
Goal_141;1406437;1.8436983279726986E7;0.0;1457111;1.8128672800699994E7;0.0012636076063117533;3600;1.0
Goal_151;1406437;2.304622909965873E7;0.0;1451194;1.54926396224E7;0.0026230805435902404;3600;1.0
Goal_161;1406437;2.765547491959048E7;0.0;1436877;1.2346870402800001E7;0.011292221998903769;3600;1.0
Goal_171;1406437;3.2264720739522226E7;0.0;1457102;2.8501477013E7;0.0013227978241667846;3600;1.0
Goal_181;1406437;3.687396655945397E7;0.0;1457471;2.771054584340001E7;0.0012306304451742917;3600;1.0
Goal_191;1406437;4.148321237938572E7;0.0;1446930;1.43286241441E7;0.002922693886368036;3600;1.0
Goal_210;1349558;0.0;0.5;1349794;0.0;0.4806218584761082;1;0.0
Goal_209;1349558;0.0;0.4444444444444444;1350316;0.0;0.44433917735293776;976;0.0
Goal_212;1349558;4609245.819931746;0.05555555555555555;1360877;4411538.3464;0.05519693755260244;15;0.0
Goal_213;1349558;4609245.819931746;0.1111111111111111;1351749;4581989.4761999985;0.11110880776269944;14;0.0
Goal_214;1349558;4609245.819931746;0.16666666666666666;1352359;1187256.0096999998;0.1662014628351316;15;0.0
Goal_215;1349558;4609245.819931746;0.2222222222222222;1349569;1682556.5026;0.22221404002214146;8;0.0
Goal_216;1349558;4609245.819931746;0.2777777777777778;1349821;2410626.0979;0.2777578003354846;12;0.0
Goal_217;1349558;4609245.819931746;0.3333333333333333;1360900;1185872.0632999996;0.3329108593837508;9;0.0
Goal_218;1349558;4609245.819931746;0.38888888888888884;1354876;1675076.0429999996;0.35093322051983883;10;0.0
Goal_219;1349558;4609245.819931746;0.4444444444444444;1364277;1480104.7791;0.4173988918590645;8;0.0
Goal_220;1349558;4609245.819931746;0.5;1349715;0.0;0.4915555769578609;0;0.0
Goal_201;1349558;0.0;0.0;1349840;1002634.7516999999;0.026606988356483403;3600;0.664127178436479
Goal_202;1349558;0.0;0.05555555555555555;1352392;875137.9979;0.0670055884073676;3600;0.8387775228030458
Goal_223;1349558;9218491.639863493;0.1111111111111111;1381358;5076405.312400001;0.11107604746766228;8;0.0
Goal_222;1349558;9218491.639863493;0.05555555555555555;1349721;3441321.9337;0.05402907723363374;22;0.0
Goal_224;1349558;9218491.639863493;0.16666666666666666;1360180;2322911.3723999998;0.16598468230886193;13;0.0
Goal_203;1349558;0.0;0.1111111111111111;1357534;1189153.1465999996;0.11110937131418014;3600;0.9100389815139995
Goal_225;1349558;9218491.639863493;0.2222222222222222;1351172;1353543.2819;0.21791240807668216;8;0.0
Goal_226;1349558;9218491.639863493;0.2777777777777778;1349577;1456519.4943000001;0.2596736374940986;9;0.0
Goal_227;1349558;9218491.639863493;0.3333333333333333;1358240;2536756.305600001;0.3332733997307226;11;0.0
Goal_230;1349558;9218491.639863493;0.5;1349715;0.0;0.4915555769578609;0;0.0
Goal_229;1349558;9218491.639863493;0.4444444444444444;1369864;731266.0331000001;0.44444570955692275;7;0.0
Goal_228;1349558;9218491.639863493;0.38888888888888884;1350055;1436761.8901;0.38708922634053866;9;0.0
Goal_232;1349558;1.382773745979524E7;0.05555555555555555;1352005;2216086.8303;0.05549777931498839;7;0.0
Goal_234;1349558;1.382773745979524E7;0.16666666666666666;1369180;3590862.412499999;0.1505897466681353;11;0.0
Goal_235;1349558;1.382773745979524E7;0.2222222222222222;1350196;1794428.1026000008;0.215812435976413;9;0.0
Goal_236;1349558;1.382773745979524E7;0.2777777777777778;1366385;1626712.1472000005;0.2763175185776992;11;0.0
Goal_233;1349558;1.382773745979524E7;0.1111111111111111;1349558;1.3140766584E7;0.10568369714321534;51;0.0
Goal_238;1349558;1.382773745979524E7;0.38888888888888884;1349663;446680.5048;0.38887683787684557;10;0.0
Goal_237;1349558;1.382773745979524E7;0.3333333333333333;1349558;1.3802808525100002E7;0.33333310366832175;18;0.0
Goal_240;1349558;1.382773745979524E7;0.5;1349715;0.0;0.4915555769578609;1;0.0
Goal_239;1349558;1.382773745979524E7;0.4444444444444444;1353059;374096.748;0.444442064399326;8;0.0
Goal_242;1349558;1.8436983279726986E7;0.05555555555555555;1358810;7482566.904800001;0.05449292204869757;58;0.0
Goal_243;1349558;1.8436983279726986E7;0.1111111111111111;1349559;1.82257695248E7;0.11105559943599992;13;0.0
Goal_244;1349558;1.8436983279726986E7;0.16666666666666666;1349558;2148637.3123000003;0.13876883617243116;10;0.0
Goal_245;1349558;1.8436983279726986E7;0.2222222222222222;1355362;1269868.94;0.222080850704944;10;0.0
Goal_246;1349558;1.8436983279726986E7;0.2777777777777778;1349566;7258637.8455;0.2774527099596098;7;0.0
Goal_247;1349558;1.8436983279726986E7;0.3333333333333333;1349558;3653159.8769;0.3288951288470523;10;0.0
Goal_248;1349558;1.8436983279726986E7;0.38888888888888884;1349558;1061955.239;0.37761419588706113;9;0.0
Goal_249;1349558;1.8436983279726986E7;0.4444444444444444;1349612;621071.3235000002;0.4444437900743262;8;0.0
Goal_250;1349558;1.8436983279726986E7;0.5;1349715;0.0;0.4915555769578609;1;0.0
Goal_204;1349558;0.0;0.16666666666666666;1350459;551280.227;0.16666102143404812;3600;0.8753714251519846
Goal_252;1349558;2.304622909965873E7;0.05555555555555555;1360983;1999332.757;0.05556233501981828;34;0.0
Goal_253;1349558;2.304622909965873E7;0.1111111111111111;1349558;3138131.828;0.11053525320583565;8;0.0
Goal_254;1349558;2.304622909965873E7;0.16666666666666666;1349563;4760270.640800001;0.16626797833628443;20;0.0
Goal_255;1349558;2.304622909965873E7;0.2222222222222222;1349558;1.3005931123900002E7;0.22222295489530203;7;0.0
Goal_256;1349558;2.304622909965873E7;0.2777777777777778;1355960;2919134.785299999;0.2777763611897226;15;0.0
Goal_257;1349558;2.304622909965873E7;0.3333333333333333;1353929;3430356.3883999996;0.3332801426437884;11;0.0
Goal_258;1349558;2.304622909965873E7;0.38888888888888884;1354663;2508834.832400001;0.3888057001681749;10;0.0
Goal_259;1349558;2.304622909965873E7;0.4444444444444444;1349562;640830.1046999999;0.4443958397488264;8;0.0
Goal_260;1349558;2.304622909965873E7;0.5;1349715;0.0;0.4915555769578609;0;0.0
Goal_205;1349558;0.0;0.2222222222222222;1349558;435198.63510000013;0.22222215894224204;3600;0.9133373071469085
Goal_262;1349558;2.765547491959048E7;0.05555555555555555;1367073;4053530.7191999997;0.05542467029804439;8;0.0
Goal_263;1349558;2.765547491959048E7;0.1111111111111111;1349558;2885475.6184;0.09182778721013808;8;0.0
Goal_264;1349558;2.765547491959048E7;0.16666666666666666;1358213;4952935.076699998;0.16666708564582308;9;0.0
Goal_265;1349558;2.765547491959048E7;0.2222222222222222;1354432;3378821.5844;0.22179236813281314;9;0.0
Goal_266;1349558;2.765547491959048E7;0.2777777777777778;1349558;1853891.2102000003;0.27172941348428364;8;0.0
Goal_267;1349558;2.765547491959048E7;0.3333333333333333;1360200;6677069.635400002;0.3330805490227302;10;0.0
Goal_268;1349558;2.765547491959048E7;0.38888888888888884;1357529;1242294.484;0.38888998134905867;9;0.0
Goal_269;1349558;2.765547491959048E7;0.4444444444444444;1351153;473369.0060999999;0.4444328647473512;9;0.0
Goal_270;1349558;2.765547491959048E7;0.5;1349715;0.0;0.4915555769578609;1;0.0
Goal_206;1349558;0.0;0.2777777777777778;1349847;328979.0705000001;0.2777771100023518;3600;1.0
Goal_272;1349558;3.2264720739522226E7;0.05555555555555555;1379465;3036961.578100001;0.0555520149496828;90;0.0
Goal_273;1349558;3.2264720739522226E7;0.1111111111111111;1351534;4062298.4494000003;0.11111052441624909;13;0.0
Goal_274;1349558;3.2264720739522226E7;0.16666666666666666;1365893;4922722.235200003;0.16653459531631742;10;0.0
Goal_207;1349558;0.0;0.3333333333333333;1349558;176915.55639999994;0.3333135925072433;3600;1.0
Goal_275;1349558;3.2264720739522226E7;0.2222222222222222;1355310;6192056.263499999;0.2112688951352814;9;0.0
Goal_277;1349558;3.2264720739522226E7;0.3333333333333333;1349558;1.4741190115599997E7;0.3114398347918643;7;0.0
Goal_276;1349558;3.2264720739522226E7;0.2777777777777778;1349558;2.35024342088E7;0.27777094793263846;12;0.0
Goal_279;1349558;3.2264720739522226E7;0.4444444444444444;1353407;595240.0183000001;0.4444414979599512;8;0.0
Goal_278;1349558;3.2264720739522226E7;0.38888888888888884;1353167;3234581.9845;0.38889009067368263;12;0.0
Goal_280;1349558;3.2264720739522226E7;0.5;1349715;0.0;0.4915555769578609;0;0.0
Goal_282;1349558;3.687396655945397E7;0.05555555555555555;1389598;9083571.604600001;0.05527059833498273;47;0.0
Goal_283;1349558;3.687396655945397E7;0.1111111111111111;1378852;2.08736832416E7;0.08888855156787945;14;0.0
Goal_284;1349558;3.687396655945397E7;0.16666666666666666;1362754;1532450.0487999998;0.1653508884142234;9;0.0
Goal_285;1349558;3.687396655945397E7;0.2222222222222222;1354283;1.2413089598900003E7;0.22129838358763165;8;0.0
Goal_286;1349558;3.687396655945397E7;0.2777777777777778;1362816;1.78458562483E7;0.27624077994354146;11;0.0
Goal_287;1349558;3.687396655945397E7;0.3333333333333333;1352182;2957629.8414999987;0.32708392469838443;13;0.0
Goal_288;1349558;3.687396655945397E7;0.38888888888888884;1360203;1661805.8650000002;0.3818765082810965;11;0.0
Goal_289;1349558;3.687396655945397E7;0.4444444444444444;1352606;828072.604;0.4438818717804094;7;0.0
Goal_290;1349558;3.687396655945397E7;0.5;1349715;0.0;0.4915555769578609;1;0.0
Goal_208;1349558;0.0;0.38888888888888884;1350800;73522.32329999999;0.38888856647598724;3600;1.0
Goal_292;1349558;4.148321237938572E7;0.05555555555555555;1356878;1886184.8115;0.05553179085773862;7;0.0
Goal_293;1349558;4.148321237938572E7;0.1111111111111111;1349602;3.0821858333100002E7;0.11111114637864239;65;0.0
Goal_294;1349558;4.148321237938572E7;0.16666666666666666;1350330;4306519.707900001;0.16665392104385038;8;0.0
Goal_295;1349558;4.148321237938572E7;0.2222222222222222;1350841;1.83698167876E7;0.218238794990939;8;0.0
Goal_296;1349558;4.148321237938572E7;0.2777777777777778;1349558;3323450.3995000003;0.27627159918493394;13;0.0
Goal_297;1349558;4.148321237938572E7;0.3333333333333333;1349558;8810793.495600002;0.30698682631744495;9;0.0
Goal_298;1349558;4.148321237938572E7;0.38888888888888884;1349860;1516601.1078000003;0.3888301099668856;10;0.0
Goal_299;1349558;4.148321237938572E7;0.4444444444444444;1352606;828072.604;0.4438818717804094;7;0.0
Goal_300;1349558;4.148321237938572E7;0.5;1349715;0.0;0.4915555769578609;1;0.0
Goal_211;1349558;4609245.819931746;0.0;1417090;4576212.744899998;0.008270656799228573;3600;1.0
Goal_221;1349558;9218491.639863493;0.0;1451812;9187716.7592;0.002214765281068124;3600;1.0
Goal_231;1349558;1.382773745979524E7;0.0;1457499;1.0744550754400002E7;0.00146494853020884;3600;1.0
Goal_241;1349558;1.8436983279726986E7;0.0;1452950;1.0392013794500003E7;0.002115595182886331;3600;1.0
Goal_251;1349558;2.304622909965873E7;0.0;1446369;1.5579269386999993E7;0.0036058198942387583;3600;1.0
Goal_261;1349558;2.765547491959048E7;0.0;1449488;1.3242460060800001E7;0.002631423994138541;3600;1.0
Goal_271;1349558;3.2264720739522226E7;0.0;1415148;7772698.238399999;0.03704683891322474;3600;1.0
Goal_281;1349558;3.687396655945397E7;0.0;1446665;8969113.8319;0.0030592020159287384;3600;1.0
Goal_291;1349558;4.148321237938572E7;0.0;1373068;2.470255164629999E7;0.03216860160924007;3600;1.0
Goal_310;1292679;0.0;0.5;1293762;0.0;0.4911068608706548;3;0.0
Goal_308;1292679;0.0;0.38888888888888884;1293430;0.0;0.3880268586838525;402;0.0
Goal_312;1292679;4609245.819931746;0.05555555555555555;1318625;1461951.7502000001;0.05051415482818405;50;0.0
Goal_313;1292679;4609245.819931746;0.1111111111111111;1295651;2286407.6055;0.11052491100327816;37;0.0
Goal_301;1292679;0.0;0.0;1294341;445324.6550000001;0.035612679318914466;3600;0.798144862083217
Goal_315;1292679;4609245.819931746;0.2222222222222222;1297586;2726014.5233999994;0.2221682055950659;3;0.0
Goal_314;1292679;4609245.819931746;0.16666666666666666;1320314;2236242.5241;0.1666238968309218;55;0.0
Goal_317;1292679;4609245.819931746;0.3333333333333333;1292679;1688898.0387;0.33206333899769297;2;0.0
Goal_316;1292679;4609245.819931746;0.2777777777777778;1319488;2399193.7936000004;0.2775578523388607;11;0.0
Goal_318;1292679;4609245.819931746;0.38888888888888884;1292679;1891618.5166;0.3212469264402839;1;0.0
Goal_319;1292679;4609245.819931746;0.4444444444444444;1292679;2543063.5707999994;0.2954389008628619;2;0.0
Goal_320;1292679;4609245.819931746;0.5;1292679;118507.1968;0.4890619836469773;1;0.0
Goal_309;1292679;0.0;0.4444444444444444;1293116;0.0;0.44126596829115877;458;0.0
Goal_323;1292679;9218491.639863493;0.1111111111111111;1296145;2669028.1916000005;0.11107323630620973;56;0.0
Goal_324;1292679;9218491.639863493;0.16666666666666666;1292680;8618113.2732;0.15912411386380262;13;0.0
Goal_325;1292679;9218491.639863493;0.2222222222222222;1293417;1057214.1852999995;0.22201477161275593;26;0.0
Goal_326;1292679;9218491.639863493;0.2777777777777778;1292679;2160300.7682;0.2757746432646452;2;0.0
Goal_327;1292679;9218491.639863493;0.3333333333333333;1292679;1688898.0387;0.33206333899769297;2;0.0
Goal_328;1292679;9218491.639863493;0.38888888888888884;1292679;1688898.0387;0.33206333899769297;2;0.0
Goal_329;1292679;9218491.639863493;0.4444444444444444;1292679;2105932.0557;0.2855513403569148;2;0.0
Goal_330;1292679;9218491.639863493;0.5;1292679;118507.1968;0.4890619836469773;1;0.0
Goal_302;1292679;0.0;0.05555555555555555;1311029;710787.1631999998;0.07976088541742332;3600;0.9385392178105221
Goal_332;1292679;1.382773745979524E7;0.05555555555555555;1304865;7699698.9088;0.05536915573486417;39;0.0
Goal_333;1292679;1.382773745979524E7;0.1111111111111111;1298287;2060122.829;0.10951452913037872;37;0.0
Goal_334;1292679;1.382773745979524E7;0.16666666666666666;1340072;3800546.2277000016;0.16665015793100726;31;0.0
Goal_335;1292679;1.382773745979524E7;0.2222222222222222;1292679;2299978.6429999997;0.21946083021084603;26;0.0
Goal_336;1292679;1.382773745979524E7;0.2777777777777778;1295140;2766900.1436999994;0.2691630390836446;22;0.0
Goal_337;1292679;1.382773745979524E7;0.3333333333333333;1292679;1648712.6992;0.30930493283557225;2;0.0
Goal_338;1292679;1.382773745979524E7;0.38888888888888884;1292679;1701688.5846;0.33136696707746444;2;0.0
Goal_339;1292679;1.382773745979524E7;0.4444444444444444;1292679;2393249.2157999994;0.26494420137709374;1;0.0
Goal_340;1292679;1.382773745979524E7;0.5;1292679;118507.1968;0.4890619836469773;1;0.0
Goal_303;1292679;0.0;0.1111111111111111;1302876;819265.1321999999;0.1111113036833898;3600;0.9504807516808714
Goal_342;1292679;1.8436983279726986E7;0.05555555555555555;1309348;1688119.8458000002;0.05519999273765847;36;0.0
Goal_343;1292679;1.8436983279726986E7;0.1111111111111111;1298071;1083880.4026;0.1110154396461988;27;0.0
Goal_344;1292679;1.8436983279726986E7;0.16666666666666666;1312363;1134620.0092;0.15908529284194298;64;0.0
Goal_345;1292679;1.8436983279726986E7;0.2222222222222222;1295483;1876089.3261000004;0.22141859683479173;11;0.0
Goal_346;1292679;1.8436983279726986E7;0.2777777777777778;1292679;2857175.5676;0.24103708107478222;2;0.0
Goal_347;1292679;1.8436983279726986E7;0.3333333333333333;1292679;2857175.5676;0.24103708107478222;1;0.0
Goal_348;1292679;1.8436983279726986E7;0.38888888888888884;1292679;3497602.6299;0.31559326920021;2;0.0
Goal_349;1292679;1.8436983279726986E7;0.4444444444444444;1292679;2857175.5676;0.24103708107478222;2;0.0
Goal_350;1292679;1.8436983279726986E7;0.5;1292679;118507.1968;0.4890619836469773;1;0.0
Goal_304;1292679;0.0;0.16666666666666666;1292681;204210.23049999998;0.16682904426179537;3600;0.9477291952466416
Goal_352;1292679;2.304622909965873E7;0.05555555555555555;1320933;5713296.006099999;0.05556190241332681;9;0.0
Goal_353;1292679;2.304622909965873E7;0.1111111111111111;1292679;2952710.784;0.1111068999389188;11;0.0
Goal_354;1292679;2.304622909965873E7;0.16666666666666666;1295204;3597197.937;0.1588892904027247;20;0.0
Goal_355;1292679;2.304622909965873E7;0.2222222222222222;1293237;1406801.2379000003;0.21470217904224204;12;0.0
Goal_305;1292679;0.0;0.2222222222222222;1295264;175827.11549999999;0.22221982235658908;3600;1.0
Goal_357;1292679;2.304622909965873E7;0.3333333333333333;1292679;2857175.5676;0.24103708107478222;3;0.0
Goal_358;1292679;2.304622909965873E7;0.38888888888888884;1292679;2857175.5676;0.24103708107478222;2;0.0
Goal_359;1292679;2.304622909965873E7;0.4444444444444444;1292679;2857175.5676;0.24103708107478222;2;0.0
Goal_356;1292679;2.304622909965873E7;0.2777777777777778;1304694;3255760.7922999994;0.2767028509191674;24;0.0
Goal_360;1292679;2.304622909965873E7;0.5;1292679;118507.1968;0.4890619836469773;1;0.0
Goal_322;1292679;9218491.639863493;0.05555555555555555;1375505;8691354.030599998;0.055561708105016726;1414;0.0
Goal_362;1292679;2.765547491959048E7;0.05555555555555555;1299252;1970635.6363000001;0.05551773916703252;89;0.0
Goal_364;1292679;2.765547491959048E7;0.16666666666666666;1358321;7424229.609499999;0.14991794500528985;11;0.0
Goal_365;1292679;2.765547491959048E7;0.2222222222222222;1323203;6211645.788600003;0.22213538760960602;13;0.0
Goal_306;1292679;0.0;0.2777777777777778;1293654;65756.7565;0.27777648283491096;3600;1.0
Goal_366;1292679;2.765547491959048E7;0.2777777777777778;1295774;1885983.6516999998;0.2740375430576213;13;0.0
Goal_368;1292679;2.765547491959048E7;0.38888888888888884;1292679;2857175.5676;0.24103708107478222;2;0.0
Goal_367;1292679;2.765547491959048E7;0.3333333333333333;1292679;2857175.5676;0.24103708107478222;2;0.0
Goal_370;1292679;2.765547491959048E7;0.5;1292679;118507.1968;0.4890619836469773;0;0.0
Goal_369;1292679;2.765547491959048E7;0.4444444444444444;1292679;2857175.5676;0.24103708107478222;2;0.0
Goal_372;1292679;3.2264720739522226E7;0.05555555555555555;1308009;3427071.4073;0.054077932552947336;60;0.0
Goal_373;1292679;3.2264720739522226E7;0.1111111111111111;1292679;4815960.3669;0.1111061170596005;24;0.0
Goal_374;1292679;3.2264720739522226E7;0.16666666666666666;1337754;3487848.9496;0.1666687234500621;12;0.0
Goal_375;1292679;3.2264720739522226E7;0.2222222222222222;1301830;4215328.9995;0.22135002395686476;10;0.0
Goal_376;1292679;3.2264720739522226E7;0.2777777777777778;1293779;3539367.2745000003;0.27777776286287753;12;0.0
Goal_377;1292679;3.2264720739522226E7;0.3333333333333333;1292679;2857175.5676;0.24103708107478222;1;0.0
Goal_378;1292679;3.2264720739522226E7;0.38888888888888884;1292679;2857175.5676;0.24103708107478222;2;0.0
Goal_379;1292679;3.2264720739522226E7;0.4444444444444444;1292679;2857175.5676;0.24103708107478222;2;0.0
Goal_380;1292679;3.2264720739522226E7;0.5;1292679;118507.1968;0.4890619836469773;1;0.0
Goal_363;1292679;2.765547491959048E7;0.1111111111111111;1351351;5771192.0342;0.11110805318435071;631;0.0
Goal_382;1292679;3.687396655945397E7;0.05555555555555555;1292679;2.2804628263000008E7;0.05270845541723233;110;0.0
Goal_383;1292679;3.687396655945397E7;0.1111111111111111;1331996;3743177.4806000013;0.10171673606402341;315;0.0
Goal_384;1292679;3.687396655945397E7;0.16666666666666666;1292679;2006227.3964;0.16410370590953025;29;0.0
Goal_307;1292679;0.0;0.3333333333333333;1296639;72013.64450000001;0.333328545420574;3600;1.0
Goal_386;1292679;3.687396655945397E7;0.2777777777777778;1294855;2988954.0715;0.27576319650310926;3;0.0
Goal_387;1292679;3.687396655945397E7;0.3333333333333333;1292679;2857175.5676;0.24103708107478222;2;0.0
Goal_388;1292679;3.687396655945397E7;0.38888888888888884;1292679;3030164.5642999993;0.28319018312309535;2;0.0
Goal_385;1292679;3.687396655945397E7;0.2222222222222222;1304463;1575655.8085999996;0.2219968852264026;11;0.0
Goal_390;1292679;3.687396655945397E7;0.5;1292679;118507.1968;0.4890619836469773;1;0.0
Goal_389;1292679;3.687396655945397E7;0.4444444444444444;1292679;2857175.5676;0.24103708107478222;1;0.0
Goal_392;1292679;4.148321237938572E7;0.05555555555555555;1295486;2516035.7472;0.05554115792691363;30;0.0
Goal_311;1292679;4609245.819931746;0.0;1355914;4609203.8297999995;0.11228894660906326;3600;1.0
Goal_394;1292679;4.148321237938572E7;0.16666666666666666;1295605;1063891.3191;0.16648111361411558;13;0.0
Goal_395;1292679;4.148321237938572E7;0.2222222222222222;1331702;2.01925571907E7;0.2212781446312657;14;0.0
Goal_396;1292679;4.148321237938572E7;0.2777777777777778;1293345;1647878.9618999995;0.2777435498649094;12;0.0
Goal_397;1292679;4.148321237938572E7;0.3333333333333333;1292679;2857175.5676;0.24103708107478222;2;0.0
Goal_398;1292679;4.148321237938572E7;0.38888888888888884;1292679;2857175.5676;0.24103708107478222;2;0.0
Goal_399;1292679;4.148321237938572E7;0.4444444444444444;1292679;2857175.5676;0.24103708107478222;1;0.0
Goal_400;1292679;4.148321237938572E7;0.5;1292679;118507.1968;0.4890619836469773;1;0.0
Goal_321;1292679;9218491.639863493;0.0;1412928;8939161.948299998;0.025019009754227398;3600;1.0
Goal_393;1292679;4.148321237938572E7;0.1111111111111111;1292792;6464662.4555;0.11102301795626207;1145;0.0
Goal_331;1292679;1.382773745979524E7;0.0;1451579;1.3742972614999998E7;0.0032759503082053633;3600;1.0
Goal_341;1292679;1.8436983279726986E7;0.0;1458560;1.6953796341799986E7;0.002350816203751001;3600;1.0
Goal_351;1292679;2.304622909965873E7;0.0;1454849;1.41297109865E7;0.00177597166402443;3600;1.0
Goal_361;1292679;2.765547491959048E7;0.0;1452474;1.2179924733299997E7;0.002169965065221868;3600;1.0
Goal_371;1292679;3.2264720739522226E7;0.0;1453745;3.21163519631E7;0.0018430764085042813;3600;1.0
Goal_407;1235800;0.0;0.3333333333333333;1240303;0.0;0.3327735213296401;199;0.0
Goal_408;1235800;0.0;0.38888888888888884;1237004;0.0;0.3866876975042667;83;0.0
Goal_410;1235800;0.0;0.5;1236264;0.0;0.4614663986961405;1;0.0
Goal_409;1235800;0.0;0.4444444444444444;1241165;0.0;0.439075532581324;26;0.0
Goal_381;1292679;3.687396655945397E7;0.0;1458197;2.8213317531700004E7;0.0011078177362894598;3600;1.0
Goal_413;1235800;4609245.819931746;0.1111111111111111;1286949;2652302.5431000004;0.11111370237330967;47;0.0
Goal_414;1235800;4609245.819931746;0.16666666666666666;1259182;4057171.0366999996;0.12327827354693129;7;0.0
Goal_415;1235800;4609245.819931746;0.2222222222222222;1247563;472267.8591;0.2221642692715679;11;0.0
Goal_416;1235800;4609245.819931746;0.2777777777777778;1328286;4595771.597;0.2777784133924444;19;0.0
Goal_417;1235800;4609245.819931746;0.3333333333333333;1253048;866164.5865000001;0.33333542969764046;18;0.0
Goal_418;1235800;4609245.819931746;0.38888888888888884;1284956;2207286.6775999996;0.37638162563848127;3;0.0
Goal_419;1235800;4609245.819931746;0.4444444444444444;1235800;623998.9557;0.3929011891431919;2;0.0
Goal_420;1235800;4609245.819931746;0.5;1239250;0.0;0.48060233478890774;1;0.0
Goal_412;1235800;4609245.819931746;0.05555555555555555;1270840;4217074.0068999985;0.0555017034331888;185;0.0
Goal_422;1235800;9218491.639863493;0.05555555555555555;1308668;5317816.205299999;0.0555608327875658;63;0.0
Goal_423;1235800;9218491.639863493;0.1111111111111111;1236180;1390255.9631999999;0.11111050708984498;9;0.0
Goal_424;1235800;9218491.639863493;0.16666666666666666;1313883;3060443.6459999997;0.16666935323264026;17;0.0
Goal_425;1235800;9218491.639863493;0.2222222222222222;1235800;3168591.493400001;0.22214254543288758;16;0.0
Goal_426;1235800;9218491.639863493;0.2777777777777778;1241297;1521911.3088000002;0.27769320251981183;15;0.0
Goal_427;1235800;9218491.639863493;0.3333333333333333;1292803;3515908.5047;0.30290022179230464;9;0.0
Goal_428;1235800;9218491.639863493;0.38888888888888884;1248804;1187993.5607999999;0.37870071457429516;3;0.0
Goal_429;1235800;9218491.639863493;0.4444444444444444;1235800;770954.8654;0.38831005861849;1;0.0
Goal_430;1235800;9218491.639863493;0.5;1236448;0.0;0.4850486610001941;0;0.0
Goal_391;1292679;4.148321237938572E7;0.0;1360452;1.4538907514200004E7;0.020135785591881446;3600;1.0
Goal_432;1235800;1.382773745979524E7;0.05555555555555555;1261509;1.25504286675E7;0.05016111901861085;33;0.0
Goal_433;1235800;1.382773745979524E7;0.1111111111111111;1281398;1292530.3536;0.10925051163945697;11;0.0
Goal_434;1235800;1.382773745979524E7;0.16666666666666666;1237771;4293585.078500001;0.1580780840448031;33;0.0
Goal_435;1235800;1.382773745979524E7;0.2222222222222222;1253964;1675698.8151999998;0.22198421499955778;14;0.0
Goal_436;1235800;1.382773745979524E7;0.2777777777777778;1264112;4045981.1008999995;0.2693227899441121;8;0.0
Goal_437;1235800;1.382773745979524E7;0.3333333333333333;1252842;2461221.3943000007;0.33333363927979776;12;0.0
Goal_438;1235800;1.382773745979524E7;0.38888888888888884;1235800;636814.4917;0.3820670353982211;2;0.0
Goal_439;1235800;1.382773745979524E7;0.4444444444444444;1235800;771386.7377999999;0.4009945240369979;1;0.0
Goal_440;1235800;1.382773745979524E7;0.5;1236448;0.0;0.4850486610001941;0;0.0
Goal_405;1235800;0.0;0.2222222222222222;1240257;76812.9738;0.22221465272811083;3600;1.0
Goal_403;1235800;0.0;0.1111111111111111;1237947;211910.02009999997;0.11210041428788345;3600;0.8782869271468143
Goal_404;1235800;0.0;0.16666666666666666;1239765;74118.8763;0.16666716223502637;3600;0.8110000803276312
Goal_401;1235800;0.0;0.0;1242355;357842.79020000005;0.06264726080120238;3600;0.9050804254282467
Goal_406;1235800;0.0;0.2777777777777778;1301041;334928.5635;0.27535507833964584;3600;1.0
Goal_402;1235800;0.0;0.05555555555555555;1247996;376790.71430000005;0.05973513929378987;3600;0.843300746424711
Goal_421;1235800;9218491.639863493;0.0;1289203;3406709.558399999;0.07735933610152511;3600;1.0
Goal_431;1235800;1.382773745979524E7;0.0;1251646;4130554.1064999998;0.07209135550872833;3600;1.0
Goal_411;1235800;4609245.819931746;0.0;1436997;4549387.320700001;0.0047635356398503725;3600;1.0
Goal_450;1235800;1.8436983279726986E7;0.5;1236448;0.0;0.4850486610001941;0;0.0
Goal_449;1235800;1.8436983279726986E7;0.4444444444444444;1235800;809922.5197999999;0.3488356984718498;1;0.0
Goal_448;1235800;1.8436983279726986E7;0.38888888888888884;1235800;821018.7514;0.358867974909691;2;0.0
Goal_445;1235800;1.8436983279726986E7;0.2222222222222222;1321969;4032395.1476000007;0.1892949491877191;2;0.0
Goal_447;1235800;1.8436983279726986E7;0.3333333333333333;1235800;1955776.0877999992;0.3264678821393614;10;0.0
Goal_453;1235800;2.304622909965873E7;0.1111111111111111;1260052;1.1685797201100001E7;0.11111395930062556;7;0.0
Goal_444;1235800;1.8436983279726986E7;0.16666666666666666;1328858;5562849.915700001;0.16666574277685878;10;0.0
Goal_455;1235800;2.304622909965873E7;0.2222222222222222;1307493;3711032.4577000006;0.21668476545330592;2;0.0
Goal_458;1235800;2.304622909965873E7;0.38888888888888884;1235800;809922.5197999999;0.3488356984718498;2;0.0
Goal_459;1235800;2.304622909965873E7;0.4444444444444444;1235800;809922.5197999999;0.3488356984718498;1;0.0
Goal_446;1235800;1.8436983279726986E7;0.2777777777777778;1263148;1704023.6612999998;0.27753948026908215;23;0.0
Goal_456;1235800;2.304622909965873E7;0.2777777777777778;1250241;2477115.0363999996;0.26415257238197487;11;0.0
Goal_457;1235800;2.304622909965873E7;0.3333333333333333;1255270;1969010.5785;0.32623699218394553;11;0.0
Goal_460;1235800;2.304622909965873E7;0.5;1236448;0.0;0.4850486610001941;0;0.0
Goal_454;1235800;2.304622909965873E7;0.16666666666666666;1239993;4133082.8415000006;0.156276255837947;25;0.0
Goal_441;1235800;1.8436983279726986E7;0.0;1304815;9180017.916899998;0.054548473943307425;3600;1.0
Goal_463;1235800;2.765547491959048E7;0.1111111111111111;1256983;1.16680460935E7;0.11111468112125669;9;0.0
Goal_465;1235800;2.765547491959048E7;0.2222222222222222;1315185;2605576.5111;0.2217537943501899;9;0.0
Goal_468;1235800;2.765547491959048E7;0.38888888888888884;1235800;565360.3522999999;0.3870931625001605;2;0.0
Goal_464;1235800;2.765547491959048E7;0.16666666666666666;1313900;6927611.616300001;0.16661128025469796;19;0.0
Goal_470;1235800;2.765547491959048E7;0.5;1236448;0.0;0.4850486610001941;0;0.0
Goal_466;1235800;2.765547491959048E7;0.2777777777777778;1257200;1703609.9303;0.2767015278981372;15;0.0
Goal_469;1235800;2.765547491959048E7;0.4444444444444444;1235800;809922.5197999999;0.3488356984718498;1;0.0
Goal_467;1235800;2.765547491959048E7;0.3333333333333333;1277542;4692580.776900002;0.3255772972262499;15;0.0
Goal_472;1235800;3.2264720739522226E7;0.05555555555555555;1336874;1.52341183106E7;0.05531594041201866;7;0.0
Goal_475;1235800;3.2264720739522226E7;0.2222222222222222;1307493;3711032.4577000006;0.21668476545330592;3;0.0
Goal_473;1235800;3.2264720739522226E7;0.1111111111111111;1242207;3901628.0438999995;0.10952382797006728;15;0.0
Goal_476;1235800;3.2264720739522226E7;0.2777777777777778;1260819;1711721.9022;0.2767691794313604;2;0.0
Goal_478;1235800;3.2264720739522226E7;0.38888888888888884;1235800;809922.5197999999;0.3488356984718498;2;0.0
Goal_479;1235800;3.2264720739522226E7;0.4444444444444444;1235800;809922.5197999999;0.3488356984718498;2;0.0
Goal_480;1235800;3.2264720739522226E7;0.5;1236448;0.0;0.4850486610001941;1;0.0
Goal_477;1235800;3.2264720739522226E7;0.3333333333333333;1282413;3713227.9220000003;0.3323779918983038;11;0.0
Goal_452;1235800;2.304622909965873E7;0.05555555555555555;1322417;2581688.8344000005;0.055506876282868683;77;0.0
Goal_474;1235800;3.2264720739522226E7;0.16666666666666666;1386223;3757951.8248000005;0.09687384641578375;30;0.0
Goal_483;1235800;3.687396655945397E7;0.1111111111111111;1237523;1554925.5698000002;0.11089663994490802;13;0.0
Goal_485;1235800;3.687396655945397E7;0.2222222222222222;1307493;3711032.4577000006;0.21668476545330592;2;0.0
Goal_442;1235800;1.8436983279726986E7;0.05555555555555555;1345698;7060108.1983;0.05471324345626293;100;0.0
Goal_486;1235800;3.687396655945397E7;0.2777777777777778;1254681;2471232.888;0.2777794494058285;10;0.0
Goal_487;1235800;3.687396655945397E7;0.3333333333333333;1291020;4515895.487400001;0.3292164766107906;13;0.0
Goal_488;1235800;3.687396655945397E7;0.38888888888888884;1235800;809922.5197999999;0.3488356984718498;2;0.0
Goal_490;1235800;3.687396655945397E7;0.5;1236448;0.0;0.4850486610001941;1;0.0
Goal_489;1235800;3.687396655945397E7;0.4444444444444444;1235800;809922.5197999999;0.3488356984718498;2;0.0
Goal_484;1235800;3.687396655945397E7;0.16666666666666666;1283502;3.0271983250100005E7;0.16284248385959293;57;0.0
Goal_492;1235800;4.148321237938572E7;0.05555555555555555;1278264;2625846.7912000003;0.055550336409969314;23;0.0
Goal_494;1235800;4.148321237938572E7;0.16666666666666666;1242288;266691.7591;0.1619227970409793;26;0.0
Goal_495;1235800;4.148321237938572E7;0.2222222222222222;1307493;3711032.4577000006;0.21668476545330592;3;0.0
Goal_496;1235800;4.148321237938572E7;0.2777777777777778;1286971;2538809.9412999996;0.2773927022194884;20;0.0
Goal_497;1235800;4.148321237938572E7;0.3333333333333333;1235805;985058.8901000002;0.333329853786746;11;0.0
Goal_498;1235800;4.148321237938572E7;0.38888888888888884;1235800;809922.5197999999;0.3488356984718498;3;0.0
Goal_499;1235800;4.148321237938572E7;0.4444444444444444;1235800;809922.5197999999;0.3488356984718498;2;0.0
Goal_500;1235800;4.148321237938572E7;0.5;1236448;0.0;0.4850486610001941;1;0.0
Goal_493;1235800;4.148321237938572E7;0.1111111111111111;1266259;623827.9427;0.11108482679132607;83;0.0
Goal_462;1235800;2.765547491959048E7;0.05555555555555555;1349958;4898185.594199999;0.052845148127908304;329;0.0
Goal_443;1235800;1.8436983279726986E7;0.1111111111111111;1243532;1004300.9680000001;0.11109760643254257;401;0.0
Goal_482;1235800;3.687396655945397E7;0.05555555555555555;1315513;5366149.1844;0.055253544029821265;2946;0.0
Goal_451;1235800;2.304622909965873E7;0.0;1457490;1.6294560183300007E7;0.0012628795100616964;3600;1.0
Goal_461;1235800;2.765547491959048E7;0.0;1307435;2547002.5693000006;0.06582793257194806;3600;1.0
Goal_506;1178921;0.0;0.2777777777777778;1208806;0.0;0.2763283063720118;34;0.0
Goal_471;1235800;3.2264720739522226E7;0.0;1454618;1.2304612747500002E7;0.0018297494633580272;3600;1.0
Goal_509;1178921;0.0;0.4444444444444444;1180841;0.0;0.440456129799515;5;0.0
Goal_510;1178921;0.0;0.5;1179526;0.0;0.4519053597647016;1;0.0
Goal_507;1178921;0.0;0.3333333333333333;1224048;0.0;0.3332297338973377;34;0.0
Goal_508;1178921;0.0;0.38888888888888884;1182590;0.0;0.3886532774102437;32;0.0
Goal_481;1235800;3.687396655945397E7;0.0;1237963;3039998.390599999;0.05707872515838866;3600;1.0
Goal_514;1178921;4609245.819931746;0.16666666666666666;1182206;2950221.4565;0.16612277691488567;15;0.0
Goal_515;1178921;4609245.819931746;0.2222222222222222;1287878;2272744.8185;0.22018990957274368;3;0.0
Goal_516;1178921;4609245.819931746;0.2777777777777778;1193769;4606752.7267;0.2777776442771845;12;0.0
Goal_491;1235800;4.148321237938572E7;0.0;1364622;3.553586468230002E7;0.020246738034194706;3600;1.0
Goal_513;1178921;4609245.819931746;0.1111111111111111;1255311;2303544.6032000002;0.08984919410768957;53;0.0
Goal_519;1178921;4609245.819931746;0.4444444444444444;1184559;0.0;0.43696867703514247;0;0.0
Goal_520;1178921;4609245.819931746;0.5;1184559;0.0;0.43696867703514247;0;0.0
Goal_517;1178921;4609245.819931746;0.3333333333333333;1247316;1063602.9889999998;0.3323651676976177;18;0.0
Goal_518;1178921;4609245.819931746;0.38888888888888884;1230327;314349.90049999993;0.38829229059339526;16;0.0
Goal_523;1178921;9218491.639863493;0.1111111111111111;1265091;2762456.3373999996;0.11105767671240847;54;0.0
Goal_512;1178921;4609245.819931746;0.05555555555555555;1299309;3000846.2767000003;0.05549109051435594;137;0.0
Goal_524;1178921;9218491.639863493;0.16666666666666666;1323861;6336823.984199998;0.16343195536665678;6;0.0
Goal_522;1178921;9218491.639863493;0.05555555555555555;1269538;1968324.5085;0.054531588751443545;75;0.0
Goal_525;1178921;9218491.639863493;0.2222222222222222;1228425;5142730.103900002;0.22177772544911326;10;0.0
Goal_526;1178921;9218491.639863493;0.2777777777777778;1218585;4064505.1320999996;0.26982310449130503;14;0.0
Goal_529;1178921;9218491.639863493;0.4444444444444444;1184559;0.0;0.43696867703514247;0;0.0
Goal_530;1178921;9218491.639863493;0.5;1184559;0.0;0.43696867703514247;1;0.0
Goal_501;1178921;0.0;0.0;1231988;187386.3082;0.04453237168278929;3600;0.7921111081884321
Goal_502;1178921;0.0;0.05555555555555555;1191143;125780.31640000003;0.056788992977629627;3600;0.493673337560208
Goal_528;1178921;9218491.639863493;0.38888888888888884;1214144;297500.88550000003;0.38752135801765175;16;0.0
Goal_527;1178921;9218491.639863493;0.3333333333333333;1237458;828609.5875999999;0.333178616095619;18;0.0
Goal_533;1178921;1.382773745979524E7;0.1111111111111111;1288873;8145418.465600002;0.09053578960661203;8;0.0
Goal_534;1178921;1.382773745979524E7;0.16666666666666666;1224333;2238352.0199999996;0.16618389388229443;11;0.0
Goal_536;1178921;1.382773745979524E7;0.2777777777777778;1195804;2648610.6228000005;0.276996702735385;11;0.0
Goal_535;1178921;1.382773745979524E7;0.2222222222222222;1191617;5911803.998099999;0.22089231711776502;28;0.0
Goal_539;1178921;1.382773745979524E7;0.4444444444444444;1184559;0.0;0.43696867703514247;1;0.0
Goal_540;1178921;1.382773745979524E7;0.5;1184559;0.0;0.43696867703514247;0;0.0
Goal_537;1178921;1.382773745979524E7;0.3333333333333333;1232705;514860.9579;0.33196502534248146;21;0.0
Goal_538;1178921;1.382773745979524E7;0.38888888888888884;1261734;1402354.7888;0.38884688873152434;17;0.0
Goal_542;1178921;1.8436983279726986E7;0.05555555555555555;1225335;1915699.1001;0.05550370027376442;29;0.0
Goal_532;1178921;1.382773745979524E7;0.05555555555555555;1341437;5274438.513699998;0.05248525444003109;73;0.0
Goal_543;1178921;1.8436983279726986E7;0.1111111111111111;1186216;416245.23079999996;0.11092287260876328;37;0.0
Goal_545;1178921;1.8436983279726986E7;0.2222222222222222;1232517;1597934.6695999997;0.2221476698124067;13;0.0
Goal_546;1178921;1.8436983279726986E7;0.2777777777777778;1263641;1597617.9154999997;0.2730040030459306;10;0.0
Goal_548;1178921;1.8436983279726986E7;0.38888888888888884;1179058;2228628.5663000005;0.3885958728753944;12;0.0
Goal_549;1178921;1.8436983279726986E7;0.4444444444444444;1184559;0.0;0.43696867703514247;1;0.0
Goal_550;1178921;1.8436983279726986E7;0.5;1184559;0.0;0.43696867703514247;0;0.0
Goal_547;1178921;1.8436983279726986E7;0.3333333333333333;1242187;1177218.2185;0.3264018074720034;25;0.0
Goal_503;1178921;0.0;0.1111111111111111;1287619;555402.326;0.12002400320912453;3600;0.9705009457282746
Goal_553;1178921;2.304622909965873E7;0.1111111111111111;1200626;3694087.682900001;0.10965403224129626;8;0.0
Goal_544;1178921;1.8436983279726986E7;0.16666666666666666;1185051;1139517.3734;0.1657056638562278;72;0.0
Goal_555;1178921;2.304622909965873E7;0.2222222222222222;1191374;2.0233699384000003E7;0.2219686735915933;14;0.0
Goal_556;1178921;2.304622909965873E7;0.2777777777777778;1229485;3521473.6337;0.27767770770060224;9;0.0
Goal_504;1178921;0.0;0.16666666666666666;1209314;43770.6253;0.16666578770137822;3600;0.9835419626440471
Goal_558;1178921;2.304622909965873E7;0.38888888888888884;1180530;2068152.2582999999;0.38823132634420543;10;0.0
Goal_559;1178921;2.304622909965873E7;0.4444444444444444;1184559;0.0;0.43696867703514247;0;0.0
Goal_554;1178921;2.304622909965873E7;0.16666666666666666;1188064;247935.3679;0.16659724497803333;51;0.0
Goal_560;1178921;2.304622909965873E7;0.5;1184559;0.0;0.43696867703514247;0;0.0
Goal_557;1178921;2.304622909965873E7;0.3333333333333333;1274723;1955256.6364;0.32596932970747683;21;0.0
Goal_563;1178921;2.765547491959048E7;0.1111111111111111;1237724;1034732.9721;0.0936399808369777;10;0.0
Goal_562;1178921;2.765547491959048E7;0.05555555555555555;1185615;9255466.506100003;0.049434148972709605;14;0.0
Goal_564;1178921;2.765547491959048E7;0.16666666666666666;1312296;4430127.8299;0.16587613100405887;17;0.0
Goal_565;1178921;2.765547491959048E7;0.2222222222222222;1294071;2520997.9182000007;0.21967489932381276;21;0.0
Goal_566;1178921;2.765547491959048E7;0.2777777777777778;1193291;2131206.4533;0.27775422807555655;12;0.0
Goal_568;1178921;2.765547491959048E7;0.38888888888888884;1178921;912326.5697999999;0.388879827636428;8;0.0
Goal_569;1178921;2.765547491959048E7;0.4444444444444444;1184559;0.0;0.43696867703514247;0;0.0
Goal_570;1178921;2.765547491959048E7;0.5;1184559;0.0;0.43696867703514247;0;0.0
Goal_567;1178921;2.765547491959048E7;0.3333333333333333;1217070;1492634.3775000004;0.32404194026062116;27;0.0
Goal_572;1178921;3.2264720739522226E7;0.05555555555555555;1327566;3326369.6532;0.04337211796300304;32;0.0
Goal_573;1178921;3.2264720739522226E7;0.1111111111111111;1184516;2900398.1866;0.06616261114087008;7;0.0
Goal_574;1178921;3.2264720739522226E7;0.16666666666666666;1179351;648482.7041000001;0.164548263590182;7;0.0
Goal_575;1178921;3.2264720739522226E7;0.2222222222222222;1238121;2.2174825176299985E7;0.2222044746089021;11;0.0
Goal_576;1178921;3.2264720739522226E7;0.2777777777777778;1198974;2789743.7679999997;0.2776734830470228;8;0.0
Goal_577;1178921;3.2264720739522226E7;0.3333333333333333;1225393;3812547.931200001;0.3332561346370058;15;0.0
Goal_578;1178921;3.2264720739522226E7;0.38888888888888884;1179133;1515711.9532999995;0.3873968884128353;8;0.0
Goal_579;1178921;3.2264720739522226E7;0.4444444444444444;1184559;0.0;0.43696867703514247;0;0.0
Goal_580;1178921;3.2264720739522226E7;0.5;1184559;0.0;0.43696867703514247;0;0.0
Goal_505;1178921;0.0;0.2222222222222222;1222572;17692.2016;0.22221078384381493;3600;1.0
Goal_582;1178921;3.687396655945397E7;0.05555555555555555;1252534;1678618.7970999999;0.055405067687601735;41;0.0
Goal_583;1178921;3.687396655945397E7;0.1111111111111111;1256149;5143064.134100001;0.07974261951834453;16;0.0
Goal_584;1178921;3.687396655945397E7;0.16666666666666666;1182905;1248047.4006;0.16585983653003405;10;0.0
Goal_585;1178921;3.687396655945397E7;0.2222222222222222;1284037;2728527.3093000003;0.22200213212887673;12;0.0
Goal_586;1178921;3.687396655945397E7;0.2777777777777778;1190891;5941946.0474000005;0.2771228671903233;14;0.0
Goal_587;1178921;3.687396655945397E7;0.3333333333333333;1244005;1042910.9047000002;0.33071223631567515;16;0.0
Goal_588;1178921;3.687396655945397E7;0.38888888888888884;1178964;2.321024301809999E7;0.38847103162355845;14;0.0
Goal_589;1178921;3.687396655945397E7;0.4444444444444444;1184559;0.0;0.43696867703514247;1;0.0
Goal_590;1178921;3.687396655945397E7;0.5;1184559;0.0;0.43696867703514247;0;0.0
Goal_511;1178921;4609245.819931746;0.0;1268254;2642908.2375;0.046802436498035525;3600;1.0
Goal_592;1178921;4.148321237938572E7;0.05555555555555555;1233966;2975000.5245000003;0.05539638080810354;26;0.0
Goal_593;1178921;4.148321237938572E7;0.1111111111111111;1295840;8442091.512600001;0.111094157902221;19;0.0
Goal_594;1178921;4.148321237938572E7;0.16666666666666666;1200003;2816557.7382;0.16645989171519673;8;0.0
Goal_521;1178921;9218491.639863493;0.0;1360597;6093461.820100002;0.03292483088003509;3600;1.0
Goal_595;1178921;4.148321237938572E7;0.2222222222222222;1181402;9662593.7673;0.2090980694530556;22;0.0
Goal_596;1178921;4.148321237938572E7;0.2777777777777778;1185815;3383510.887500001;0.27722749390812484;12;0.0
Goal_598;1178921;4.148321237938572E7;0.38888888888888884;1178921;2358242.7613999997;0.38855456388615106;10;0.0
Goal_597;1178921;4.148321237938572E7;0.3333333333333333;1249626;1144673.8488999999;0.3333093170260272;16;0.0
Goal_599;1178921;4.148321237938572E7;0.4444444444444444;1184559;0.0;0.43696867703514247;1;0.0
Goal_600;1178921;4.148321237938572E7;0.5;1184559;0.0;0.43696867703514247;1;0.0
Goal_531;1178921;1.382773745979524E7;0.0;1437035;9211854.3087;0.004957709975798043;3600;1.0
Goal_541;1178921;1.8436983279726986E7;0.0;1457069;1.38879348484E7;0.005166002816564179;3600;1.0
Goal_551;1178921;2.304622909965873E7;0.0;1453468;1.2743463095000003E7;0.0019576021697032733;3600;1.0
Goal_552;1178921;2.304622909965873E7;0.05555555555555555;1352363;6719923.360899999;0.06176359052492197;3600;1.0
Goal_606;1122042;0.0;0.2777777777777778;1208913;0.0;0.26936903056368106;41;0.0
Goal_561;1178921;2.765547491959048E7;0.0;1359860;1.3339980238800002E7;0.0666355702552516;3600;1.0
Goal_608;1122042;0.0;0.38888888888888884;1122584;0.0;0.3883773610479744;5;0.0
Goal_609;1122042;0.0;0.4444444444444444;1124279;0.0;0.3989943905454832;0;0.0
Goal_610;1122042;0.0;0.5;1124279;0.0;0.3989943905454832;0;0.0
Goal_571;1178921;3.2264720739522226E7;0.0;1360604;2.3678692941099998E7;0.06321498716917814;3600;1.0
Goal_581;1178921;3.687396655945397E7;0.0;1453667;2.44804511899E7;0.002009877133339623;3600;1.0
Goal_612;1122042;4609245.819931746;0.05555555555555555;1325243;4608885.994400001;0.05435601927987068;121;0.0
Goal_613;1122042;4609245.819931746;0.1111111111111111;1180495;1652620.9601999996;0.11095955737169069;11;0.0
Goal_614;1122042;4609245.819931746;0.16666666666666666;1137077;1275967.7741000003;0.16620803224585365;9;0.0
Goal_615;1122042;4609245.819931746;0.2222222222222222;1348061;3909896.1390000023;0.22157204043863554;14;0.0
Goal_617;1122042;4609245.819931746;0.3333333333333333;1345457;4609245.047000001;0.16340324420868654;3;0.0
Goal_616;1122042;4609245.819931746;0.2777777777777778;1157045;4080717.0963;0.2777738960014711;16;0.0
Goal_618;1122042;4609245.819931746;0.38888888888888884;1125833;22497.6188;0.38661725746648434;5;1.0E100
Goal_619;1122042;4609245.819931746;0.4444444444444444;1125370;0.0;0.42028051029350355;1;0.0
Goal_620;1122042;4609245.819931746;0.5;1125370;0.0;0.42028051029350355;0;0.0
Goal_622;1122042;9218491.639863493;0.05555555555555555;1249737;1631286.4721;0.05544622617131175;16;0.0
Goal_607;1122042;0.0;0.3333333333333333;1170074;0.0;0.3288094227031329;297;0.0
Goal_624;1122042;9218491.639863493;0.16666666666666666;1127380;5061069.954899999;0.1651363298362435;11;0.0
Goal_625;1122042;9218491.639863493;0.2222222222222222;1286320;2490418.2054000003;0.21929843928214013;35;0.0
Goal_623;1122042;9218491.639863493;0.1111111111111111;1188509;2846767.2272999994;0.11111413698557768;96;0.0
Goal_626;1122042;9218491.639863493;0.2777777777777778;1257720;1174830.7987999998;0.27456994598878387;26;0.0
Goal_627;1122042;9218491.639863493;0.3333333333333333;1218805;5457045.1832;0.33160344719275;15;0.0
Goal_629;1122042;9218491.639863493;0.4444444444444444;1125370;0.0;0.42028051029350355;1;0.0
Goal_628;1122042;9218491.639863493;0.38888888888888884;1126713;41227.1291;0.38502399964189105;4;0.0
Goal_630;1122042;9218491.639863493;0.5;1125370;0.0;0.42028051029350355;0;0.0
Goal_632;1122042;1.382773745979524E7;0.05555555555555555;1298918;1.3240005161E7;0.05536709032286113;1417;0.0
Goal_633;1122042;1.382773745979524E7;0.1111111111111111;1248696;1172568.1840000001;0.11098440749334197;39;0.0
Goal_634;1122042;1.382773745979524E7;0.16666666666666666;1122246;9850242.619099999;0.16645021131249105;6;0.0
Goal_635;1122042;1.382773745979524E7;0.2222222222222222;1274573;2596967.5032;0.2210221891041559;22;0.0
Goal_636;1122042;1.382773745979524E7;0.2777777777777778;1339248;6979350.404999999;0.27587917636610787;21;0.0
Goal_637;1122042;1.382773745979524E7;0.3333333333333333;1265919;1133343.1039999996;0.3272252633045183;29;0.0
Goal_638;1122042;1.382773745979524E7;0.38888888888888884;1126713;41227.1291;0.38502399964189105;3;0.0
Goal_639;1122042;1.382773745979524E7;0.4444444444444444;1125370;0.0;0.42028051029350355;1;0.0
Goal_640;1122042;1.382773745979524E7;0.5;1125370;0.0;0.42028051029350355;1;0.0
Goal_591;1178921;4.148321237938572E7;0.0;1458015;1.36125475796E7;0.0014601222069679457;3600;1.0
Goal_642;1122042;1.8436983279726986E7;0.05555555555555555;1333445;1.4669861853500001E7;0.0555622188906946;33;0.0
Goal_601;1122042;0.0;0.0;1229261;251011.60610000003;0.06594598731766974;3600;0.9128175742942387
Goal_602;1122042;0.0;0.05555555555555555;1213332;713166.6694;0.08972439848735772;3600;0.9601449767403956
Goal_645;1122042;1.8436983279726986E7;0.2222222222222222;1127862;1.0399530563399998E7;0.2183306435483758;28;0.0
Goal_644;1122042;1.8436983279726986E7;0.16666666666666666;1209734;1237688.5248999998;0.16649091063835045;38;0.0
Goal_647;1122042;1.8436983279726986E7;0.3333333333333333;1304431;3024377.0256000008;0.3048678728980338;2;0.0
Goal_648;1122042;1.8436983279726986E7;0.38888888888888884;1126713;41227.1291;0.38502399964189105;5;0.0
Goal_649;1122042;1.8436983279726986E7;0.4444444444444444;1125370;0.0;0.42028051029350355;1;0.0
Goal_650;1122042;1.8436983279726986E7;0.5;1125370;0.0;0.42028051029350355;1;0.0
Goal_646;1122042;1.8436983279726986E7;0.2777777777777778;1251235;1625127.498;0.27744543048076437;24;0.0
Goal_603;1122042;0.0;0.1111111111111111;1219028;88346.0901;0.11110889872377332;3600;0.5396051102760729
Goal_653;1122042;2.304622909965873E7;0.1111111111111111;1219020;4760340.492000001;0.10971323722172323;9;0.0
Goal_604;1122042;0.0;0.16666666666666666;1247286;344088.7295;0.16666645997671387;3600;1.0
Goal_655;1122042;2.304622909965873E7;0.2222222222222222;1345457;4686220.862100001;0.14126518118422762;3;0.0
Goal_654;1122042;2.304622909965873E7;0.16666666666666666;1222207;442242.12720000005;0.16384162602929148;41;0.0
Goal_657;1122042;2.304622909965873E7;0.3333333333333333;1238585;970886.5169999998;0.33288503863147045;2;0.0
Goal_658;1122042;2.304622909965873E7;0.38888888888888884;1122390;71286.6256;0.38672362086220285;4;0.0
Goal_659;1122042;2.304622909965873E7;0.4444444444444444;1125370;0.0;0.42028051029350355;1;0.0
Goal_660;1122042;2.304622909965873E7;0.5;1125370;0.0;0.42028051029350355;1;0.0
Goal_656;1122042;2.304622909965873E7;0.2777777777777778;1126436;3279947.5908999993;0.27774336598666355;22;0.0
Goal_605;1122042;0.0;0.2222222222222222;1215380;22665.048;0.222218220454897;3600;1.0
Goal_663;1122042;2.765547491959048E7;0.1111111111111111;1176350;1361320.8478;0.11078299419134491;13;0.0
Goal_643;1122042;1.8436983279726986E7;0.1111111111111111;1137518;4880055.316500001;0.11111460870367862;748;0.0
Goal_664;1122042;2.765547491959048E7;0.16666666666666666;1139295;1.01398736895E7;0.16666727991384878;14;0.0
Goal_665;1122042;2.765547491959048E7;0.2222222222222222;1122042;6397669.146899999;0.22204410699989638;14;0.0
Goal_666;1122042;2.765547491959048E7;0.2777777777777778;1301647;4045204.119599999;0.277725283235135;10;0.0
Goal_667;1122042;2.765547491959048E7;0.3333333333333333;1152862;2750463.6162000005;0.3305163407914442;13;0.0
Goal_668;1122042;2.765547491959048E7;0.38888888888888884;1122390;71286.6256;0.38672362086220285;4;0.0
Goal_669;1122042;2.765547491959048E7;0.4444444444444444;1125370;0.0;0.42028051029350355;1;0.0
Goal_670;1122042;2.765547491959048E7;0.5;1125370;0.0;0.42028051029350355;1;0.0
Goal_611;1122042;4609245.819931746;0.0;1329653;4608907.032699999;0.0430771829772867;3600;1.0
Goal_673;1122042;3.2264720739522226E7;0.1111111111111111;1224017;2174673.807;0.09664672597796589;11;0.0
Goal_674;1122042;3.2264720739522226E7;0.16666666666666666;1217265;1.29922049702E7;0.16230511301430353;7;0.0
Goal_675;1122042;3.2264720739522226E7;0.2222222222222222;1142338;5296581.656400001;0.22109741196136257;9;0.0
Goal_676;1122042;3.2264720739522226E7;0.2777777777777778;1262702;1463510.9305;0.2777786996478503;28;0.0
Goal_677;1122042;3.2264720739522226E7;0.3333333333333333;1230998;3720693.0869999994;0.33332219180393546;9;0.0
Goal_678;1122042;3.2264720739522226E7;0.38888888888888884;1122390;71286.6256;0.38672362086220285;4;0.0
Goal_679;1122042;3.2264720739522226E7;0.4444444444444444;1125370;0.0;0.42028051029350355;1;0.0
Goal_680;1122042;3.2264720739522226E7;0.5;1125370;0.0;0.42028051029350355;1;0.0
Goal_621;1122042;9218491.639863493;0.0;1135563;4132096.907700001;0.0761366850303768;3600;1.0
Goal_631;1122042;1.382773745979524E7;0.0;1446402;1.0602823250399997E7;0.0033672522233374603;3600;1.0
Goal_683;1122042;3.687396655945397E7;0.1111111111111111;1125656;2995198.9017;0.11089860176379866;77;0.0
Goal_684;1122042;3.687396655945397E7;0.16666666666666666;1328397;4917930.9536000015;0.16657395379488757;22;0.0
Goal_685;1122042;3.687396655945397E7;0.2222222222222222;1142338;5296581.656400001;0.22109741196136257;9;0.0
Goal_686;1122042;3.687396655945397E7;0.2777777777777778;1277987;2315164.747;0.27619127878170313;20;0.0
Goal_687;1122042;3.687396655945397E7;0.3333333333333333;1150074;2582059.7357;0.33333394335782934;14;0.0
Goal_688;1122042;3.687396655945397E7;0.38888888888888884;1123529;403983.8412;0.38888778713863603;5;0.0
Goal_689;1122042;3.687396655945397E7;0.4444444444444444;1125370;0.0;0.42028051029350355;1;0.0
Goal_690;1122042;3.687396655945397E7;0.5;1125370;0.0;0.42028051029350355;1;0.0
Goal_682;1122042;3.687396655945397E7;0.05555555555555555;1394708;1.48649295846E7;0.04925764472560485;360;0.0
Goal_662;1122042;2.765547491959048E7;0.05555555555555555;1350048;6476276.9986;0.054091816799343974;764;0.0
Goal_693;1122042;4.148321237938572E7;0.1111111111111111;1155679;3739843.9572999994;0.1111108379753443;13;0.0
Goal_694;1122042;4.148321237938572E7;0.16666666666666666;1327020;1.3050891773500001E7;0.16666647515977642;14;0.0
Goal_672;1122042;3.2264720739522226E7;0.05555555555555555;1344461;1.2262315006700004E7;0.05432585679518223;707;0.0
Goal_695;1122042;4.148321237938572E7;0.2222222222222222;1142338;5296581.656400001;0.22109741196136257;10;0.0
Goal_696;1122042;4.148321237938572E7;0.2777777777777778;1277987;2315164.747;0.27619127878170313;19;0.0
Goal_698;1122042;4.148321237938572E7;0.38888888888888884;1123529;403983.8412;0.38888778713863603;4;0.0
Goal_699;1122042;4.148321237938572E7;0.4444444444444444;1125370;0.0;0.42028051029350355;1;0.0
Goal_697;1122042;4.148321237938572E7;0.3333333333333333;1239295;1216472.8253;0.33231446017250965;26;0.0
Goal_700;1122042;4.148321237938572E7;0.5;1125370;0.0;0.42028051029350355;0;0.0
Goal_661;1122042;2.765547491959048E7;0.0;1459777;1.2555546731299996E7;9.921407604653553E-4;1989;0.0
Goal_641;1122042;1.8436983279726986E7;0.0;1252478;1.1035243038500002E7;0.04979637574849066;3600;1.0
Goal_652;1122042;2.304622909965873E7;0.05555555555555555;1318776;7579900.133199998;0.052055563826144756;3217;0.0
Goal_651;1122042;2.304622909965873E7;0.0;1457999;2.2971645692899995E7;0.0013845600149999067;3600;1.0
Goal_671;1122042;3.2264720739522226E7;0.0;1451950;1.5308509314000001E7;0.002192977647976716;3600;1.0
Goal_707;1065163;0.0;0.3333333333333333;1087494;0.0;0.33252222836323436;53;0.0
Goal_708;1065163;0.0;0.38888888888888884;1066446;0.0;0.3494349485050488;1;0.0
Goal_709;1065163;0.0;0.4444444444444444;1066446;0.0;0.3494349485050488;1;0.0
Goal_710;1065163;0.0;0.5;1066446;0.0;0.3494349485050488;1;0.0
Goal_681;1122042;3.687396655945397E7;0.0;1453769;2.2433371557400003E7;0.0018802090406388817;3600;1.0
Goal_706;1065163;0.0;0.2777777777777778;1194351;0.0;0.27687477269871646;527;0.0
Goal_713;1065163;4609245.819931746;0.1111111111111111;1317624;3705198.4134;0.10309496821585075;26;0.0
Goal_712;1065163;4609245.819931746;0.05555555555555555;1315697;2674177.4841;0.05539262992028204;278;0.0
Goal_714;1065163;4609245.819931746;0.16666666666666666;1108816;369204.62520000007;0.1664993474363502;51;0.0
Goal_715;1065163;4609245.819931746;0.2222222222222222;1111199;3571151.0599999996;0.22209879689684833;41;0.0
Goal_716;1065163;4609245.819931746;0.2777777777777778;1276048;2002815.4337000004;0.2771499651299744;26;0.0
Goal_717;1065163;4609245.819931746;0.3333333333333333;1243280;812664.4472999999;0.33256154167247737;16;0.0
Goal_718;1065163;4609245.819931746;0.38888888888888884;1065398;958557.5954;0.38805831243814143;3;0.0
Goal_719;1065163;4609245.819931746;0.4444444444444444;1065982;0.0;0.4020471345239744;1;0.0
Goal_720;1065163;4609245.819931746;0.5;1065982;0.0;0.4020471345239744;1;0.0
Goal_722;1065163;9218491.639863493;0.05555555555555555;1243280;813701.9907;0.05546836197106659;40;0.0
Goal_723;1065163;9218491.639863493;0.1111111111111111;1082371;323696.951;0.1104667529445887;7;0.0
Goal_724;1065163;9218491.639863493;0.16666666666666666;1087343;1728539.0684000002;0.15247000782658413;8;0.0
Goal_691;1122042;4.148321237938572E7;0.0;1451421;4.14030792261E7;0.002269684031487734;3600;1.0
Goal_726;1065163;9218491.639863493;0.2777777777777778;1272667;1543375.0934999997;0.2776455231957761;21;0.0
Goal_725;1065163;9218491.639863493;0.2222222222222222;1289016;1764918.9046;0.22222120437599213;43;0.0
Goal_728;1065163;9218491.639863493;0.38888888888888884;1065398;958557.5954;0.38805831243814143;2;0.0
Goal_729;1065163;9218491.639863493;0.4444444444444444;1065982;0.0;0.4020471345239744;1;0.0
Goal_730;1065163;9218491.639863493;0.5;1065982;0.0;0.4020471345239744;1;0.0
Goal_727;1065163;9218491.639863493;0.3333333333333333;1263350;1476273.7957000001;0.32942634651496194;16;0.0
Goal_692;1122042;4.148321237938572E7;0.05555555555555555;1333959;1.8220722228099998E7;0.07408567626720675;3600;1.0
Goal_732;1065163;1.382773745979524E7;0.05555555555555555;1306782;5002654.375;0.055499583315363796;49;0.0
Goal_734;1065163;1.382773745979524E7;0.16666666666666666;1071075;1534507.8121;0.16199951171473512;8;0.0
Goal_735;1065163;1.382773745979524E7;0.2222222222222222;1301436;2785051.3929000003;0.22222397572706398;22;0.0
Goal_701;1065163;0.0;0.0;1268215;476505.38910000003;0.07581577562318766;3600;0.9396981302195809
Goal_702;1065163;0.0;0.05555555555555555;1239129;350380.4943;0.08161329268135381;3600;0.9225428430565887
Goal_738;1065163;1.382773745979524E7;0.38888888888888884;1065398;958557.5954;0.38805831243814143;3;0.0
Goal_739;1065163;1.382773745979524E7;0.4444444444444444;1065982;0.0;0.4020471345239744;1;0.0
Goal_740;1065163;1.382773745979524E7;0.5;1065982;0.0;0.4020471345239744;1;0.0
Goal_737;1065163;1.382773745979524E7;0.3333333333333333;1130371;2877108.746099999;0.333334391533855;11;0.0
Goal_742;1065163;1.8436983279726986E7;0.05555555555555555;1216033;629347.5997;0.05355459241501092;18;0.0
Goal_743;1065163;1.8436983279726986E7;0.1111111111111111;1208475;794751.2466999999;0.09530592305410547;118;0.0
Goal_733;1065163;1.382773745979524E7;0.1111111111111111;1202710;524295.9456999999;0.10172010091700633;307;0.0
Goal_745;1065163;1.8436983279726986E7;0.2222222222222222;1119093;6237082.224900002;0.22099115027416272;11;0.0
Goal_744;1065163;1.8436983279726986E7;0.16666666666666666;1195149;5124125.859199999;0.16657122914692754;34;0.0
Goal_746;1065163;1.8436983279726986E7;0.2777777777777778;1163870;6046131.9378;0.27565738035252757;19;0.0
Goal_748;1065163;1.8436983279726986E7;0.38888888888888884;1074469;522351.4344;0.38784800872752023;3;0.0
Goal_749;1065163;1.8436983279726986E7;0.4444444444444444;1065982;0.0;0.4020471345239744;0;0.0
Goal_747;1065163;1.8436983279726986E7;0.3333333333333333;1252900;1574473.1069;0.3333277754189874;26;0.0
Goal_750;1065163;1.8436983279726986E7;0.5;1065163;700581.2896000001;0.3700656925007512;1;0.0
Goal_752;1065163;2.304622909965873E7;0.05555555555555555;1338896;1.1835949795800002E7;0.05387625372461488;179;0.0
Goal_753;1065163;2.304622909965873E7;0.1111111111111111;1318865;3022117.1070999997;0.07704079104873987;10;0.0
Goal_736;1065163;1.382773745979524E7;0.2777777777777778;1199137;6112998.971299998;0.26963989088174706;543;0.0
Goal_755;1065163;2.304622909965873E7;0.2222222222222222;1175612;9944256.276400002;0.2219290496471275;9;0.0
Goal_754;1065163;2.304622909965873E7;0.16666666666666666;1107763;7900544.6319;0.16630450503665148;78;0.0
Goal_757;1065163;2.304622909965873E7;0.3333333333333333;1065163;9279276.540800001;0.3331517188537857;11;0.0
Goal_756;1065163;2.304622909965873E7;0.2777777777777778;1246452;6536722.482599999;0.277779518948861;17;0.0
Goal_759;1065163;2.304622909965873E7;0.4444444444444444;1065982;0.0;0.4020471345239744;1;0.0
Goal_758;1065163;2.304622909965873E7;0.38888888888888884;1065163;967066.574;0.3837497922000504;4;0.0
Goal_760;1065163;2.304622909965873E7;0.5;1065982;0.0;0.4020471345239744;0;0.0
Goal_762;1065163;2.765547491959048E7;0.05555555555555555;1274579;3232800.4871999994;0.055487029352335515;50;0.0
Goal_763;1065163;2.765547491959048E7;0.1111111111111111;1080899;1009274.4178;0.11110881234963764;36;0.0
Goal_764;1065163;2.765547491959048E7;0.16666666666666666;1066520;3836338.62;0.16608570033935918;29;0.0
Goal_765;1065163;2.765547491959048E7;0.2222222222222222;1077987;6663218.036599998;0.2066922658349338;8;0.0
Goal_766;1065163;2.765547491959048E7;0.2777777777777778;1278619;1987736.0447000002;0.27777921504326225;23;0.0
Goal_767;1065163;2.765547491959048E7;0.3333333333333333;1065326;1.2949282056200001E7;0.3333131253860019;10;0.0
Goal_768;1065163;2.765547491959048E7;0.38888888888888884;1068316;325661.5377;0.38887766750606106;3;0.0
Goal_769;1065163;2.765547491959048E7;0.4444444444444444;1065982;0.0;0.4020471345239744;1;0.0
Goal_770;1065163;2.765547491959048E7;0.5;1065982;0.0;0.4020471345239744;1;0.0
Goal_703;1065163;0.0;0.1111111111111111;1192970;75473.8034;0.11110797556264235;3600;0.3315757486328138
Goal_772;1065163;3.2264720739522226E7;0.05555555555555555;1333928;1.62684000776E7;0.054465379645429794;32;0.0
Goal_704;1065163;0.0;0.16666666666666666;1092574;1673396.747;0.16666664312734109;3600;1.0
Goal_774;1065163;3.2264720739522226E7;0.16666666666666666;1104571;4896849.6504999995;0.1642721480235209;11;0.0
Goal_775;1065163;3.2264720739522226E7;0.2222222222222222;1295573;2521279.0864999997;0.22222380605209255;25;0.0
Goal_776;1065163;3.2264720739522226E7;0.2777777777777778;1178661;6152086.152599999;0.2749212385089958;22;0.0
Goal_777;1065163;3.2264720739522226E7;0.3333333333333333;1065163;1.78512518078E7;0.333333645461431;10;0.0
Goal_778;1065163;3.2264720739522226E7;0.38888888888888884;1068316;325661.5377;0.38887766750606106;2;0.0
Goal_779;1065163;3.2264720739522226E7;0.4444444444444444;1065163;857264.9832000001;0.3856774741410591;1;0.0
Goal_780;1065163;3.2264720739522226E7;0.5;1065982;0.0;0.4020471345239744;1;0.0
Goal_773;1065163;3.2264720739522226E7;0.1111111111111111;1130272;9847553.300100002;0.09826948328976758;234;0.0
Goal_782;1065163;3.687396655945397E7;0.05555555555555555;1266904;1.1591497374799998E7;0.0555308580984607;206;0.0
Goal_783;1065163;3.687396655945397E7;0.1111111111111111;1112508;8049463.832599999;0.11109762282135202;35;0.0
Goal_784;1065163;3.687396655945397E7;0.16666666666666666;1068380;3173966.3115;0.1666296688723342;45;0.0
Goal_785;1065163;3.687396655945397E7;0.2222222222222222;1131618;4191198.3177;0.22007943600504154;12;0.0
Goal_786;1065163;3.687396655945397E7;0.2777777777777778;1143311;3913403.1270000017;0.2777519061336323;16;0.0
Goal_787;1065163;3.687396655945397E7;0.3333333333333333;1065163;1.78512518078E7;0.333333645461431;10;0.0
Goal_788;1065163;3.687396655945397E7;0.38888888888888884;1074469;522351.4344;0.38784800872752023;3;0.0
Goal_789;1065163;3.687396655945397E7;0.4444444444444444;1065163;857264.9832000001;0.3856774741410591;1;0.0
Goal_790;1065163;3.687396655945397E7;0.5;1065982;0.0;0.4020471345239744;1;0.0
Goal_705;1065163;0.0;0.2222222222222222;1065163;371707.7174999999;0.2781680644863721;3600;1.0
Goal_792;1065163;4.148321237938572E7;0.05555555555555555;1352915;2.0950618881400004E7;0.05556206645893021;105;0.0
Goal_793;1065163;4.148321237938572E7;0.1111111111111111;1349850;3.907999658759999E7;0.11095347166427666;263;0.0
Goal_794;1065163;4.148321237938572E7;0.16666666666666666;1225677;6597048.263599998;0.1664490997493024;6;0.0
Goal_795;1065163;4.148321237938572E7;0.2222222222222222;1309918;3444508.8055;0.22221048933868914;26;0.0
Goal_796;1065163;4.148321237938572E7;0.2777777777777778;1319420;4075899.0621999996;0.27776842065218543;29;0.0
Goal_797;1065163;4.148321237938572E7;0.3333333333333333;1065163;1.78512518078E7;0.333333645461431;9;0.0
Goal_798;1065163;4.148321237938572E7;0.38888888888888884;1068316;325661.5377;0.38887766750606106;3;0.0
Goal_799;1065163;4.148321237938572E7;0.4444444444444444;1065163;857264.9832000001;0.3856774741410591;1;0.0
Goal_800;1065163;4.148321237938572E7;0.5;1065982;0.0;0.4020471345239744;1;0.0
Goal_711;1065163;4609245.819931746;0.0;1169398;4609245.718300001;0.06567398562529983;3600;1.0
Goal_721;1065163;9218491.639863493;0.0;1285045;3850307.872999999;0.052464975810298485;3600;1.0
Goal_731;1065163;1.382773745979524E7;0.0;1449062;1.3642931738699999E7;0.0030224583584966074;3600;1.0
Goal_741;1065163;1.8436983279726986E7;0.0;1198464;5964461.4134;0.0926601408249282;3600;1.0
Goal_751;1065163;2.304622909965873E7;0.0;1187684;7359349.335000001;0.057073596253071346;3600;1.0
Goal_761;1065163;2.765547491959048E7;0.0;1457574;1.3055246097800002E7;0.0013233179258351757;3600;1.0
Goal_807;1008284;0.0;0.3333333333333333;1009469;0.0;0.3105514787146845;1;0.0
Goal_808;1008284;0.0;0.38888888888888884;1009469;0.0;0.3105514787146845;1;0.0
Goal_809;1008284;0.0;0.4444444444444444;1014437;0.0;0.3215192885814131;4;0.0
Goal_810;1008284;0.0;0.5;1009469;0.0;0.3105514787146845;1;0.0
Goal_771;1065163;3.2264720739522226E7;0.0;1451842;1.67515171262E7;0.002193087233385429;3600;1.0
Goal_812;1008284;4609245.819931746;0.05555555555555555;1335940;4602138.248800001;0.055561036795974336;133;0.0
Goal_781;1065163;3.687396655945397E7;0.0;1186234;8373912.358400001;0.06048739283192659;3600;1.0
Goal_814;1008284;4609245.819931746;0.16666666666666666;1094210;1672243.6221;0.1666692171449866;61;0.0
Goal_815;1008284;4609245.819931746;0.2222222222222222;1308842;3214806.5788;0.22119382896722978;34;0.0
Goal_816;1008284;4609245.819931746;0.2777777777777778;1008825;1268354.4515;0.27774896118218073;13;0.0
Goal_817;1008284;4609245.819931746;0.3333333333333333;1013982;0.0;0.30783429596405026;0;0.0
Goal_818;1008284;4609245.819931746;0.38888888888888884;1013982;0.0;0.30783429596405026;1;0.0
Goal_819;1008284;4609245.819931746;0.4444444444444444;1013982;0.0;0.30783429596405026;1;0.0
Goal_820;1008284;4609245.819931746;0.5;1013982;0.0;0.30783429596405026;1;0.0
Goal_813;1008284;4609245.819931746;0.1111111111111111;1185320;1611097.1588999997;0.11110514762317242;711;0.0
Goal_822;1008284;9218491.639863493;0.05555555555555555;1221865;2416624.4063000004;0.05434650360044814;35;0.0
Goal_806;1008284;0.0;0.2777777777777778;1201490;0.0;0.2771352150389023;1367;0.0
Goal_824;1008284;9218491.639863493;0.16666666666666666;1063323;1257109.1826;0.16666436857203057;6;0.0
Goal_823;1008284;9218491.639863493;0.1111111111111111;1008284;9209620.7999;0.09688362805600395;24;0.0
Goal_826;1008284;9218491.639863493;0.2777777777777778;1008826;1316220.2875;0.27720105123499716;8;0.0
Goal_827;1008284;9218491.639863493;0.3333333333333333;1013982;0.0;0.30783429596405026;1;0.0
Goal_828;1008284;9218491.639863493;0.38888888888888884;1013982;0.0;0.30783429596405026;1;0.0
Goal_829;1008284;9218491.639863493;0.4444444444444444;1013982;0.0;0.30783429596405026;1;0.0
Goal_830;1008284;9218491.639863493;0.5;1013982;0.0;0.30783429596405026;1;0.0
Goal_825;1008284;9218491.639863493;0.2222222222222222;1111947;4688527.451500001;0.22148879259826693;62;0.0
Goal_791;1065163;4.148321237938572E7;0.0;1455529;2.58837402238E7;0.0015551264100283997;3600;1.0
Goal_833;1008284;1.382773745979524E7;0.1111111111111111;1268633;5230076.2043;0.11036579130305446;20;0.0
Goal_834;1008284;1.382773745979524E7;0.16666666666666666;1019549;2087637.3270000003;0.16330582074490016;63;0.0
Goal_835;1008284;1.382773745979524E7;0.2222222222222222;1012145;9059885.8606;0.21760249723492847;24;0.0
Goal_836;1008284;1.382773745979524E7;0.2777777777777778;1008284;1418736.9800999998;0.27771322451382946;12;0.0
Goal_837;1008284;1.382773745979524E7;0.3333333333333333;1013982;0.0;0.30783429596405026;1;0.0
Goal_838;1008284;1.382773745979524E7;0.38888888888888884;1013982;0.0;0.30783429596405026;1;0.0
Goal_839;1008284;1.382773745979524E7;0.4444444444444444;1013982;0.0;0.30783429596405026;1;0.0
Goal_840;1008284;1.382773745979524E7;0.5;1013982;0.0;0.30783429596405026;1;0.0
Goal_832;1008284;1.382773745979524E7;0.05555555555555555;1259614;6777261.914699999;0.05390332387530747;338;0.0
Goal_842;1008284;1.8436983279726986E7;0.05555555555555555;1365967;1.1619809721299998E7;0.05556422854977072;172;0.0
Goal_843;1008284;1.8436983279726986E7;0.1111111111111111;1250242;2179751.6165;0.10990528846036964;5;0.0
Goal_844;1008284;1.8436983279726986E7;0.16666666666666666;1186394;433342.5702;0.16666592310471234;26;0.0
Goal_845;1008284;1.8436983279726986E7;0.2222222222222222;1302306;3115874.432600001;0.22221257904954506;28;0.0
Goal_846;1008284;1.8436983279726986E7;0.2777777777777778;1268030;2074935.6881;0.2777781483590893;18;0.0
Goal_847;1008284;1.8436983279726986E7;0.3333333333333333;1013982;0.0;0.30783429596405004;1;0.0
Goal_848;1008284;1.8436983279726986E7;0.38888888888888884;1013982;0.0;0.30783429596405004;1;0.0
Goal_849;1008284;1.8436983279726986E7;0.4444444444444444;1013982;0.0;0.30783429596405004;1;0.0
Goal_850;1008284;1.8436983279726986E7;0.5;1013982;0.0;0.30783429596405004;1;0.0
Goal_801;1008284;0.0;0.0;1229398;187638.5972;0.04166193666721466;3600;0.7553886664313076
Goal_802;1008284;0.0;0.05555555555555555;1193519;120400.32319999998;0.055562766029970276;3600;0.30250953528873537
Goal_853;1008284;2.304622909965873E7;0.1111111111111111;1118245;1443290.3931000002;0.10872975570085422;10;0.0
Goal_854;1008284;2.304622909965873E7;0.16666666666666666;1337946;4552347.7842;0.16612082026537195;11;0.0
Goal_855;1008284;2.304622909965873E7;0.2222222222222222;1297195;3094567.9098;0.21891232715986345;31;0.0
Goal_856;1008284;2.304622909965873E7;0.2777777777777778;1272525;2137832.5297999997;0.27777816505952774;18;0.0
Goal_857;1008284;2.304622909965873E7;0.3333333333333333;1013982;0.0;0.30783429596405004;1;0.0
Goal_858;1008284;2.304622909965873E7;0.38888888888888884;1013982;0.0;0.30783429596405004;1;0.0
Goal_859;1008284;2.304622909965873E7;0.4444444444444444;1013982;0.0;0.30783429596405004;0;0.0
Goal_860;1008284;2.304622909965873E7;0.5;1013982;0.0;0.30783429596405004;1;0.0
Goal_803;1008284;0.0;0.1111111111111111;1217795;154881.1507;0.11111012453753577;3600;0.7029778514735058
Goal_804;1008284;0.0;0.16666666666666666;1299024;434714.6352;0.165869685573757;3600;1.0
Goal_863;1008284;2.765547491959048E7;0.1111111111111111;1148430;2786365.321699999;0.1006383496715659;49;0.0
Goal_864;1008284;2.765547491959048E7;0.16666666666666666;1054603;2600612.0164;0.16650909267691927;16;0.0
Goal_865;1008284;2.765547491959048E7;0.2222222222222222;1322460;4112663.402199999;0.22108167560283815;34;0.0
Goal_866;1008284;2.765547491959048E7;0.2777777777777778;1008284;478055.5188000001;0.2777090615409423;10;0.0
Goal_867;1008284;2.765547491959048E7;0.3333333333333333;1013982;0.0;0.30783429596405004;1;0.0
Goal_868;1008284;2.765547491959048E7;0.38888888888888884;1013982;0.0;0.30783429596405004;1;0.0
Goal_869;1008284;2.765547491959048E7;0.4444444444444444;1013982;0.0;0.30783429596405004;1;0.0
Goal_870;1008284;2.765547491959048E7;0.5;1013982;0.0;0.30783429596405004;1;0.0
Goal_805;1008284;0.0;0.2222222222222222;1008284;375034.64410000003;0.25165295404668464;3600;1.0
Goal_872;1008284;3.2264720739522226E7;0.05555555555555555;1308020;6541057.8591;0.054464400855485526;32;0.0
Goal_873;1008284;3.2264720739522226E7;0.1111111111111111;1232295;3964255.3981999997;0.1090728272663657;48;0.0
Goal_874;1008284;3.2264720739522226E7;0.16666666666666666;1253908;1797470.6687;0.1600628401648907;18;0.0
Goal_875;1008284;3.2264720739522226E7;0.2222222222222222;1086933;2872345.7147999993;0.22221270078056884;41;0.0
Goal_876;1008284;3.2264720739522226E7;0.2777777777777778;1272713;2109023.3628000002;0.27740168976056817;16;0.0
Goal_877;1008284;3.2264720739522226E7;0.3333333333333333;1013982;0.0;0.30783429596405004;1;0.0
Goal_878;1008284;3.2264720739522226E7;0.38888888888888884;1013982;0.0;0.30783429596405004;0;0.0
Goal_879;1008284;3.2264720739522226E7;0.4444444444444444;1013982;0.0;0.30783429596405004;1;0.0
Goal_880;1008284;3.2264720739522226E7;0.5;1013982;0.0;0.30783429596405004;1;0.0
Goal_862;1008284;2.765547491959048E7;0.05555555555555555;1150230;1.85545513002E7;0.055557587274389274;551;0.0
Goal_811;1008284;4609245.819931746;0.0;1451626;4605519.523200001;0.002356636017212509;3600;1.0
Goal_883;1008284;3.687396655945397E7;0.1111111111111111;1237390;4198863.161999999;0.11021461871663447;31;0.0
Goal_884;1008284;3.687396655945397E7;0.16666666666666666;1014835;2091371.8895999999;0.15201339901742386;9;0.0
Goal_885;1008284;3.687396655945397E7;0.2222222222222222;1302015;3345374.7743;0.22221636692373872;26;0.0
Goal_886;1008284;3.687396655945397E7;0.2777777777777778;1297731;3060709.6833999995;0.27777816848091696;21;0.0
Goal_887;1008284;3.687396655945397E7;0.3333333333333333;1013982;0.0;0.30783429596405004;1;0.0
Goal_888;1008284;3.687396655945397E7;0.38888888888888884;1013982;0.0;0.30783429596405004;1;0.0
Goal_889;1008284;3.687396655945397E7;0.4444444444444444;1013982;0.0;0.30783429596405004;0;0.0
Goal_890;1008284;3.687396655945397E7;0.5;1013982;0.0;0.30783429596405004;1;0.0
Goal_881;1008284;3.687396655945397E7;0.0;1458009;1.0537026520600004E7;0.001139634459123917;975;0.0
Goal_892;1008284;4.148321237938572E7;0.05555555555555555;1309459;2.34258219179E7;0.05554043861385136;43;0.0
Goal_882;1008284;3.687396655945397E7;0.05555555555555555;1301899;2.0191203609500002E7;0.054116750716281414;1014;0.0
Goal_893;1008284;4.148321237938572E7;0.1111111111111111;1354394;1.9460252467800006E7;0.11109371798915679;94;0.0
Goal_894;1008284;4.148321237938572E7;0.16666666666666666;1274298;1145265.385;0.16665450984113636;7;0.0
Goal_896;1008284;4.148321237938572E7;0.2777777777777778;1274746;2041356.6572999998;0.27777843010072795;18;0.0
Goal_897;1008284;4.148321237938572E7;0.3333333333333333;1013982;0.0;0.30783429596405004;1;0.0
Goal_895;1008284;4.148321237938572E7;0.2222222222222222;1309353;3432147.9194000005;0.22198964050966727;26;0.0
Goal_898;1008284;4.148321237938572E7;0.38888888888888884;1013982;0.0;0.30783429596405004;0;0.0
Goal_899;1008284;4.148321237938572E7;0.4444444444444444;1013982;0.0;0.30783429596405004;0;0.0
Goal_900;1008284;4.148321237938572E7;0.5;1013982;0.0;0.30783429596405004;0;0.0
Goal_821;1008284;9218491.639863493;0.0;1279848;8084370.471400002;0.0382394264713347;3600;1.0
Goal_871;1008284;3.2264720739522226E7;0.0;1459292;1.5524944076000005E7;0.001029045620305306;1453;0.0
Goal_831;1008284;1.382773745979524E7;0.0;1153133;9088319.879699998;0.08424422379662953;3600;1.0
Goal_841;1008284;1.8436983279726986E7;0.0;1344224;4485782.278900001;0.05739196178799164;3600;1.0
Goal_906;951405;0.0;0.2777777777777778;953405;0.0;0.2696222992408034;1;0.0
Goal_907;951405;0.0;0.3333333333333333;953051;0.0;0.2830571517617102;1;0.0
Goal_908;951405;0.0;0.38888888888888884;953051;0.0;0.2830571517617102;0;0.0
Goal_909;951405;0.0;0.4444444444444444;953051;0.0;0.2830571517617102;1;0.0
Goal_910;951405;0.0;0.5;953051;0.0;0.2830571517617102;1;0.0
Goal_851;1008284;2.304622909965873E7;0.0;1271255;4881248.9492999995;0.11781343067648162;3600;1.0
Goal_852;1008284;2.304622909965873E7;0.05555555555555555;1210788;8964123.062199999;0.10135910615614974;3600;1.0
Goal_913;951405;4609245.819931746;0.1111111111111111;1265234;2182375.0280999998;0.07267302671818564;24;0.0
Goal_914;951405;4609245.819931746;0.16666666666666666;992446;566136.2548;0.16487802926586304;46;0.0
Goal_915;951405;4609245.819931746;0.2222222222222222;952881;3479053.6722;0.2024844211085043;32;0.0
Goal_916;951405;4609245.819931746;0.2777777777777778;951409;475640.3926000001;0.275501724155756;7;0.0
Goal_917;951405;4609245.819931746;0.3333333333333333;952069;0.0;0.28244311448244264;2;0.0
Goal_918;951405;4609245.819931746;0.38888888888888884;951405;17722.827;0.2707562290483066;1;0.0
Goal_919;951405;4609245.819931746;0.4444444444444444;951405;17722.827;0.2707562290483066;1;0.0
Goal_920;951405;4609245.819931746;0.5;951405;17722.827;0.2707562290483066;0;0.0
Goal_861;1008284;2.765547491959048E7;0.0;1301472;6581537.693199999;0.055164697611898586;3600;1.0
Goal_912;951405;4609245.819931746;0.05555555555555555;1217004;4201492.2688;0.05533287969656291;1730;0.0
Goal_923;951405;9218491.639863493;0.1111111111111111;996503;8103145.467700001;0.09369644819406853;28;0.0
Goal_924;951405;9218491.639863493;0.16666666666666666;1289078;3238347.9098999994;0.15000665643023656;17;0.0
Goal_925;951405;9218491.639863493;0.2222222222222222;1282715;2376305.1949;0.2222213251935299;26;0.0
Goal_926;951405;9218491.639863493;0.2777777777777778;951405;209434.16370000003;0.27777850775008434;4;0.0
Goal_927;951405;9218491.639863493;0.3333333333333333;952069;0.0;0.28244311448244264;2;0.0
Goal_928;951405;9218491.639863493;0.38888888888888884;951405;17722.827;0.2707562290483066;0;0.0
Goal_929;951405;9218491.639863493;0.4444444444444444;951405;17722.827;0.2707562290483066;1;0.0
Goal_930;951405;9218491.639863493;0.5;951405;17722.827;0.2707562290483066;0;0.0
Goal_891;1008284;4.148321237938572E7;0.0;1276157;4665058.9931;0.05700825559022541;3600;1.0
Goal_932;951405;1.382773745979524E7;0.05555555555555555;1232605;916571.3815;0.05425150018038353;43;0.0
Goal_933;951405;1.382773745979524E7;0.1111111111111111;1271809;8446664.316499999;0.11057568067315382;127;0.0
Goal_934;951405;1.382773745979524E7;0.16666666666666666;1126058;7323793.6069;0.16666681863946137;23;0.0
Goal_935;951405;1.382773745979524E7;0.2222222222222222;1033869;834483.1474;0.2180788284216477;27;0.0
Goal_936;951405;1.382773745979524E7;0.2777777777777778;951405;261354.4782;0.27697175582820033;7;0.0
Goal_937;951405;1.382773745979524E7;0.3333333333333333;952069;0.0;0.28244311448244264;3;0.0
Goal_938;951405;1.382773745979524E7;0.38888888888888884;951405;17722.827;0.2707562290483066;1;0.0
Goal_939;951405;1.382773745979524E7;0.4444444444444444;951405;17722.827;0.2707562290483066;0;0.0
Goal_940;951405;1.382773745979524E7;0.5;951405;17722.827;0.2707562290483066;1;0.0
Goal_901;951405;0.0;0.0;1228795;179786.63950000005;0.04215960370739497;3600;0.8011995032107988
Goal_902;951405;0.0;0.05555555555555555;1227744;248583.94019999995;0.07227071137313051;3600;0.8761060546351871
Goal_943;951405;1.8436983279726986E7;0.1111111111111111;1033302;3790698.071199999;0.0998993481963132;50;0.0
Goal_944;951405;1.8436983279726986E7;0.16666666666666666;951405;1.2070661677700004E7;0.16370139091058067;15;0.0
Goal_903;951405;0.0;0.1111111111111111;1180671;94621.35450000002;0.1111109540486785;3600;0.746483174430416
Goal_946;951405;1.8436983279726986E7;0.2777777777777778;951409;1612409.6913000003;0.2767363313334322;8;0.0
Goal_947;951405;1.8436983279726986E7;0.3333333333333333;952069;0.0;0.28244311448244264;3;0.0
Goal_948;951405;1.8436983279726986E7;0.38888888888888884;951405;17722.827;0.2707562290483066;1;0.0
Goal_949;951405;1.8436983279726986E7;0.4444444444444444;951405;17722.827;0.2707562290483066;1;0.0
Goal_904;951405;0.0;0.16666666666666666;1287122;952509.6380000003;0.16544401146769128;3600;1.0
Goal_950;951405;1.8436983279726986E7;0.5;951405;17722.827;0.2707562290483066;0;0.0
Goal_945;951405;1.8436983279726986E7;0.2222222222222222;1013595;538944.8801999999;0.22207451220802815;30;0.0
Goal_953;951405;2.304622909965873E7;0.1111111111111111;1242212;1468536.0461;0.10165467881629446;34;0.0
Goal_922;951405;9218491.639863493;0.05555555555555555;1341643;3083912.395199999;0.05551961020350287;2091;0.0
Goal_955;951405;2.304622909965873E7;0.2222222222222222;1306253;3700394.0252999994;0.22066857795742184;24;0.0
Goal_956;951405;2.304622909965873E7;0.2777777777777778;951406;1.5930077256700004E7;0.2742718617328864;6;0.0
Goal_957;951405;2.304622909965873E7;0.3333333333333333;952069;0.0;0.28244311448244264;3;0.0
Goal_958;951405;2.304622909965873E7;0.38888888888888884;951405;17722.827;0.2707562290483066;1;0.0
Goal_959;951405;2.304622909965873E7;0.4444444444444444;951405;17722.827;0.2707562290483066;1;0.0
Goal_960;951405;2.304622909965873E7;0.5;951405;17722.827;0.2707562290483066;0;0.0
Goal_954;951405;2.304622909965873E7;0.16666666666666666;1086190;2428531.329999999;0.1665639135991698;119;0.0
Goal_905;951405;0.0;0.2222222222222222;951405;71290.2081;0.231848012024554;3600;1.0
Goal_942;951405;1.8436983279726986E7;0.05555555555555555;1314407;8089471.2525;0.055565740354767364;308;0.0
Goal_963;951405;2.765547491959048E7;0.1111111111111111;1224010;1752443.4511;0.10935552464660565;33;0.0
Goal_962;951405;2.765547491959048E7;0.05555555555555555;1232524;1.5086108439000003E7;0.054906723098370476;87;0.0
Goal_964;951405;2.765547491959048E7;0.16666666666666666;955556;2135782.8083000006;0.1500685335659919;37;0.0
Goal_965;951405;2.765547491959048E7;0.2222222222222222;1178903;8070705.539899997;0.2218377177950997;26;0.0
Goal_966;951405;2.765547491959048E7;0.2777777777777778;952069;991332.3957999998;0.27456027248107595;4;0.0
Goal_968;951405;2.765547491959048E7;0.38888888888888884;951405;17722.827;0.2707562290483066;1;0.0
Goal_967;951405;2.765547491959048E7;0.3333333333333333;952069;0.0;0.28244311448244264;2;0.0
Goal_970;951405;2.765547491959048E7;0.5;951405;17722.827;0.2707562290483066;1;0.0
Goal_969;951405;2.765547491959048E7;0.4444444444444444;951405;17722.827;0.2707562290483066;1;0.0
Goal_972;951405;3.2264720739522226E7;0.05555555555555555;1203593;2021080.2865000004;0.05522499535267761;23;0.0
Goal_973;951405;3.2264720739522226E7;0.1111111111111111;1264347;1.4027486341800002E7;0.08398679332072816;30;0.0
Goal_974;951405;3.2264720739522226E7;0.16666666666666666;951434;1.09118147911E7;0.1430692873649415;16;0.0
Goal_976;951405;3.2264720739522226E7;0.2777777777777778;954820;305100.3454;0.2744400868982513;5;0.0
Goal_977;951405;3.2264720739522226E7;0.3333333333333333;952069;0.0;0.28244311448244264;2;0.0
Goal_978;951405;3.2264720739522226E7;0.38888888888888884;951405;17722.827;0.2707562290483066;1;0.0
Goal_979;951405;3.2264720739522226E7;0.4444444444444444;951405;17722.827;0.2707562290483066;0;0.0
Goal_975;951405;3.2264720739522226E7;0.2222222222222222;1315047;4390174.424600001;0.21427252903638097;24;0.0
Goal_980;951405;3.2264720739522226E7;0.5;951405;17722.827;0.2707562290483066;1;0.0
Goal_982;951405;3.687396655945397E7;0.05555555555555555;1278294;2716258.8290999997;0.053741687674166726;13;0.0
Goal_952;951405;2.304622909965873E7;0.05555555555555555;1289501;1905299.2359;0.05556007302124335;334;0.0
Goal_984;951405;3.687396655945397E7;0.16666666666666666;1013376;1.1537319630400002E7;0.15387733149581315;37;0.0
Goal_985;951405;3.687396655945397E7;0.2222222222222222;1304961;3449573.1373000005;0.22112899877703496;22;0.0
Goal_986;951405;3.687396655945397E7;0.2777777777777778;954820;305100.3454;0.2744400868982513;4;0.0
Goal_987;951405;3.687396655945397E7;0.3333333333333333;952069;0.0;0.28244311448244264;2;0.0
Goal_988;951405;3.687396655945397E7;0.38888888888888884;951405;17722.827;0.2707562290483066;1;0.0
Goal_989;951405;3.687396655945397E7;0.4444444444444444;951405;17722.827;0.2707562290483066;1;0.0
Goal_990;951405;3.687396655945397E7;0.5;951405;17722.827;0.2707562290483066;0;0.0
Goal_911;951405;4609245.819931746;0.0;1169874;4599516.9218999995;0.06637113320052453;3600;1.0
Goal_992;951405;4.148321237938572E7;0.05555555555555555;1296773;5855641.785899999;0.055559083380047725;280;0.0
Goal_993;951405;4.148321237938572E7;0.1111111111111111;1237769;2.4802841578500003E7;0.1111049338426235;28;0.0
Goal_994;951405;4.148321237938572E7;0.16666666666666666;951693;8768628.4976;0.1605389480094738;24;0.0
Goal_995;951405;4.148321237938572E7;0.2222222222222222;1295393;2670129.2264;0.22222080456086413;28;0.0
Goal_996;951405;4.148321237938572E7;0.2777777777777778;954820;305100.3454;0.2744400868982513;5;0.0
Goal_997;951405;4.148321237938572E7;0.3333333333333333;952069;0.0;0.28244311448244264;3;0.0
Goal_998;951405;4.148321237938572E7;0.38888888888888884;951405;17722.827;0.2707562290483066;0;0.0
Goal_999;951405;4.148321237938572E7;0.4444444444444444;951405;17722.827;0.2707562290483066;1;0.0
Goal_1000;951405;4.148321237938572E7;0.5;951405;17722.827;0.2707562290483066;1;0.0
Goal_921;951405;9218491.639863493;0.0;1265550;7977552.001200001;0.05967166640994299;3600;1.0
Goal_983;951405;3.687396655945397E7;0.1111111111111111;1160715;1.1059684497899998E7;0.10611530202527103;1321;0.0
Goal_931;951405;1.382773745979524E7;0.0;1456297;7986298.262600002;0.0014508925412940544;3600;1.0
Goal_941;951405;1.8436983279726986E7;0.0;1454682;9875958.270399997;0.0029568476152095568;3600;1.0
Goal_951;951405;2.304622909965873E7;0.0;1430769;9633369.1535;0.009210055125806523;3600;1.0
Goal_961;951405;2.765547491959048E7;0.0;1337908;7632099.073000001;0.05574881376014719;3600;1.0
Goal_971;951405;3.2264720739522226E7;0.0;1401927;1.6998949211400006E7;0.03603549792436679;3600;1.0
Goal_981;951405;3.687396655945397E7;0.0;1451601;3.03591808362E7;0.002937570603911901;3600;1.0
Goal_991;951405;4.148321237938572E7;0.0;1290284;2.617674262340001E7;0.04389126771910319;3600;1.0
