Goal_8;305196;0.0;0.38888888888888884;285042;2514897.6038000006;0.3796712742877859;1;0.0
Goal_9;305196;0.0;0.4444444444444444;285042;2514897.6038000006;0.3796712742877859;1;0.0
Goal_10;305196;0.0;0.5;285042;2514897.6038000006;0.3796712742877859;2;0.0
Goal_1;305196;0.0;0.0;280083;2536332.3874000004;0.2975514646336007;3600;0.10251695249570146
Goal_2;305196;0.0;0.05555555555555555;279953;2516795.293699998;0.3010678995560596;3600;0.11188208887759558
Goal_3;305196;0.0;0.1111111111111111;279956;2518547.6308999998;0.301362606923747;3600;0.11829054203678682
Goal_5;305196;0.0;0.2222222222222222;271010;2214773.5074000005;0.29423088464593017;3600;0.18489131129695668
Goal_4;305196;0.0;0.16666666666666666;280444;2536561.3623000006;0.30183588226560476;3600;0.12859122022941655
Goal_18;305196;904429.0288444442;0.38888888888888884;285042;2514897.6038000006;0.3796712742877859;2;1.3202486435493398E-13
Goal_19;305196;904429.0288444442;0.4444444444444444;285042;2514897.6038000006;0.3796712742877859;2;1.3202486435493398E-13
Goal_20;305196;904429.0288444442;0.5;285042;2514897.6038000006;0.3796712742877859;1;1.3202486435493398E-13
Goal_6;305196;0.0;0.2777777777777778;285322;2729216.2060000007;0.30008975463887566;3600;0.1310682227641488
Goal_7;305196;0.0;0.3333333333333333;290564;2834363.6112;0.3333368805846783;3600;0.0015507767590585834
Goal_11;305196;904429.0288444442;0.0;280197;2527651.003500001;0.30088372961683785;3600;0.12533184606459205
Goal_12;305196;904429.0288444442;0.05555555555555555;279995;2516800.2918;0.3025042630771839;3600;0.13245795782980987
Goal_13;305196;904429.0288444442;0.1111111111111111;279832;2499376.311500001;0.3023539153128852;3600;0.13807422784985174
Goal_14;305196;904429.0288444442;0.16666666666666666;279260;2479676.9493999993;0.3032629326430275;3600;0.15713169184454312
Goal_15;305196;904429.0288444442;0.2222222222222222;270645;2202683.971299999;0.29527918787833357;3600;0.22460157501949152
Goal_28;305196;1808858.0576888884;0.38888888888888884;285042;2514897.6038000006;0.3796712742877859;1;2.6268743989344215E-13
Goal_29;305196;1808858.0576888884;0.4444444444444444;285042;2514897.6038000006;0.3796712742877859;1;2.6268743989344215E-13
Goal_30;305196;1808858.0576888884;0.5;285042;2514897.6038000006;0.3796712742877859;1;2.6268743989344215E-13
Goal_16;305196;904429.0288444442;0.2777777777777778;283197;2675004.203399999;0.2883430227794962;3600;0.12114720953214334
Goal_17;305196;904429.0288444442;0.3333333333333333;287658;2676862.2782000015;0.33333404232929215;3600;0.004721736466790759
Goal_21;305196;1808858.0576888884;0.0;285283;2732275.881200002;0.2995054475054149;3600;0.1283112479441166
Goal_22;305196;1808858.0576888884;0.05555555555555555;279485;2490619.2559999996;0.30089101371504307;3600;0.1503686971851677
Goal_23;305196;1808858.0576888884;0.1111111111111111;280361;2535933.8592000003;0.30083716789896553;3600;0.15931388690973838
Goal_24;305196;1808858.0576888884;0.16666666666666666;279507;2503896.3023;0.30462400264879974;3600;0.19661334042273695
Goal_25;305196;1808858.0576888884;0.2222222222222222;270545;2203453.027;0.29469755902712413;3600;0.27555093370142464
Goal_38;305196;2713287.0865333327;0.38888888888888884;288509;2713309.4904000005;0.35843537312794127;4;5.961843199600091E-16
Goal_39;305196;2713287.0865333327;0.4444444444444444;288509;2713309.4904000005;0.35843537312794127;6;5.961843199600091E-16
Goal_40;305196;2713287.0865333327;0.5;288509;2713309.4904000005;0.35843537312794127;5;5.961843199600091E-16
Goal_26;305196;1808858.0576888884;0.2777777777777778;283011;2672924.0407999996;0.2873954499102081;3600;0.16472553940321516
Goal_27;305196;1808858.0576888884;0.3333333333333333;288256;2708652.4313000003;0.33333860163553475;3600;0.005948821833995039
Goal_31;305196;2713287.0865333327;0.0;282422;2713157.418200001;0.29948156261058906;3600;0.17169698883725462
Goal_32;305196;2713287.0865333327;0.05555555555555555;282198;2713092.603399999;0.30270010988319795;3600;0.1910305067739117
Goal_33;305196;2713287.0865333327;0.1111111111111111;282301;2710852.5466000005;0.3010909283554999;3600;0.19839727061881574
Goal_34;305196;2713287.0865333327;0.16666666666666666;282599;2713285.8012999985;0.3038716480940186;3600;0.2378996762862629
Goal_47;305196;3617716.115377777;0.3333333333333333;296043;3617704.4980999986;0.31070232231298994;1;0.0
Goal_48;305196;3617716.115377777;0.38888888888888884;296043;3617704.4980999986;0.31070232231298994;1;0.0
Goal_49;305196;3617716.115377777;0.4444444444444444;296043;3617704.4980999986;0.31070232231298994;1;0.0
Goal_50;305196;3617716.115377777;0.5;296043;3617704.4980999986;0.31070232231298994;1;0.0
Goal_35;305196;2713287.0865333327;0.2222222222222222;283411;2713284.3776000007;0.30282747808998955;3600;0.2844104003114349
Goal_36;305196;2713287.0865333327;0.2777777777777778;287129;2783050.8383000004;0.3049051769358927;3600;0.3760343593706382
Goal_37;305196;2713287.0865333327;0.3333333333333333;289885;2794963.3100000005;0.3333336463142019;3600;0.0037851675742614
Goal_41;305196;3617716.115377777;0.0;293685;3543189.087200002;0.3016835448890638;3600;0.0870908776071503
Goal_42;305196;3617716.115377777;0.05555555555555555;293528;3223765.0961999996;0.3013793216435137;3600;0.09016511848270858
Goal_43;305196;3617716.115377777;0.1111111111111111;293767;3316960.1594000007;0.3031474648965612;3600;0.10493372785606027
Goal_57;305196;4522145.144222221;0.3333333333333333;296043;3901284.7613000004;0.31070232231298994;2;0.0
Goal_58;305196;4522145.144222221;0.38888888888888884;296043;3901284.7613000004;0.31070232231298994;1;0.0
Goal_59;305196;4522145.144222221;0.4444444444444444;296043;3901284.7613000004;0.31070232231298994;1;0.0
Goal_60;305196;4522145.144222221;0.5;296043;3901284.7613000004;0.31070232231298994;1;0.0
Goal_44;305196;3617716.115377777;0.16666666666666666;293268;3397453.0721999984;0.3031307425557876;3600;0.13290853280641035
Goal_45;305196;3617716.115377777;0.2222222222222222;294685;3394674.073500001;0.3077807701857497;3600;0.18577289805128114
Goal_46;305196;3617716.115377777;0.2777777777777778;293274;3295779.6887999987;0.3019614987485476;3600;0.36352304794624335
Goal_51;305196;4522145.144222221;0.0;293147;3863679.0739000025;0.2999940386402358;3600;0.0858734640983454
Goal_52;305196;4522145.144222221;0.05555555555555555;293842;3974525.5679000025;0.30186684002237013;3600;0.08827540898870909
Goal_53;305196;4522145.144222221;0.1111111111111111;293553;3749875.759700001;0.3010553117382133;3600;0.09650105052234054
Goal_67;305196;5426574.173066665;0.3333333333333333;296043;3901284.7613000004;0.31070232231298994;1;0.0
Goal_68;305196;5426574.173066665;0.38888888888888884;296043;3901284.7613000004;0.31070232231298994;1;0.0
Goal_69;305196;5426574.173066665;0.4444444444444444;296043;3901284.7613000004;0.31070232231298994;2;0.0
Goal_70;305196;5426574.173066665;0.5;296043;3901284.7613000004;0.31070232231298994;1;0.0
Goal_54;305196;4522145.144222221;0.16666666666666666;293904;3858410.620500002;0.302280045334453;3600;0.11642868055347375
Goal_55;305196;4522145.144222221;0.2222222222222222;293715;3313953.4198999996;0.302948706509096;3600;0.16754618157044363
Goal_56;305196;4522145.144222221;0.2777777777777778;289438;3732343.6151999994;0.2938156388356221;3600;0.38973490074527667
Goal_61;305196;5426574.173066665;0.0;292825;4271120.661700002;0.29918493138522023;3600;0.08622473673530602
Goal_62;305196;5426574.173066665;0.05555555555555555;292480;4063634.1827999996;0.29890568907784576;3600;0.09210025800771506
Goal_63;305196;5426574.173066665;0.1111111111111111;293613;4221382.106400003;0.3012492582793793;3600;0.09667573880169542
Goal_77;305196;6331003.2019111095;0.3333333333333333;296043;3901284.7613000004;0.31070232231298994;1;0.0
Goal_78;305196;6331003.2019111095;0.38888888888888884;296043;3901284.7613000004;0.31070232231298994;1;0.0
Goal_79;305196;6331003.2019111095;0.4444444444444444;296043;3901284.7613000004;0.31070232231298994;1;0.0
Goal_80;305196;6331003.2019111095;0.5;296043;3901284.7613000004;0.31070232231298994;1;0.0
Goal_64;305196;5426574.173066665;0.16666666666666666;293145;3698398.0005;0.30018232740912953;3600;0.11619022679407116
Goal_65;305196;5426574.173066665;0.2222222222222222;293837;3748390.7487000003;0.3045538279540247;3600;0.17797011630326243
Goal_66;305196;5426574.173066665;0.2777777777777778;292454;3573038.1958000027;0.2991283599048433;3600;0.3563384922568361
Goal_71;305196;6331003.2019111095;0.0;293427;4332640.788100004;0.3007011247154458;3600;0.08559570149415222
Goal_72;305196;6331003.2019111095;0.05555555555555555;293136;4109289.9305000016;0.2999886750313488;3600;0.08848565561836401
Goal_73;305196;6331003.2019111095;0.1111111111111111;293750;4001851.1100000013;0.30197947964994953;3600;0.09867832147609396
Goal_87;305196;7235432.230755554;0.3333333333333333;296043;3901284.7613000004;0.31070232231298994;1;0.0
Goal_88;305196;7235432.230755554;0.38888888888888884;296043;3901284.7613000004;0.31070232231298994;2;0.0
Goal_89;305196;7235432.230755554;0.4444444444444444;296043;3901284.7613000004;0.31070232231298994;1;0.0
Goal_90;305196;7235432.230755554;0.5;296043;3901284.7613000004;0.31070232231298994;2;0.0
Goal_74;305196;6331003.2019111095;0.16666666666666666;293659;3399228.3495999994;0.30305082519669013;3600;0.1257108742557658
Goal_75;305196;6331003.2019111095;0.2222222222222222;293800;3700442.7619000003;0.3053956250079673;3600;0.18552404092141153
Goal_76;305196;6331003.2019111095;0.2777777777777778;290996;4041578.2007999998;0.29718024098086576;3600;0.3794812204955008
Goal_81;305196;7235432.230755554;0.0;293427;4332640.788100004;0.3007011247154458;3600;0.08559570149415222
Goal_82;305196;7235432.230755554;0.05555555555555555;293136;4109289.9305000016;0.2999886750313488;3600;0.08848737338250458
Goal_83;305196;7235432.230755554;0.1111111111111111;293750;4001851.1100000013;0.30197947964994953;3600;0.09867832147609396
Goal_97;305196;8139861.259599998;0.3333333333333333;296043;3901284.7613000004;0.31070232231298994;1;0.0
Goal_98;305196;8139861.259599998;0.38888888888888884;296043;3901284.7613000004;0.31070232231298994;2;0.0
Goal_99;305196;8139861.259599998;0.4444444444444444;296043;3901284.7613000004;0.31070232231298994;1;0.0
Goal_100;305196;8139861.259599998;0.5;296043;3901284.7613000004;0.31070232231298994;1;0.0
Goal_84;305196;7235432.230755554;0.16666666666666666;293659;3399228.3495999994;0.30305082519669013;3600;0.12571176926250258
Goal_85;305196;7235432.230755554;0.2222222222222222;293800;3700442.7619000003;0.3053956250079673;3600;0.18552404092141153
Goal_86;305196;7235432.230755554;0.2777777777777778;290996;4041578.2007999998;0.29718024098086576;3600;0.3794812204955008
Goal_91;305196;8139861.259599998;0.0;293427;4332640.788100004;0.3007011247154458;3600;0.08559570149415222
Goal_92;305196;8139861.259599998;0.05555555555555555;293136;4109289.9305000016;0.2999886750313488;3600;0.08848565561836401
Goal_93;305196;8139861.259599998;0.1111111111111111;293750;4001851.1100000013;0.30197947964994953;3600;0.09867832147609396
Goal_94;305196;8139861.259599998;0.16666666666666666;293659;3399228.3495999994;0.30305082519669013;3600;0.1257108742557658
Goal_108;292123;0.0;0.38888888888888884;285042;2514897.6038000006;0.3796712742877859;2;0.0
Goal_109;292123;0.0;0.4444444444444444;285042;2514897.6038000006;0.3796712742877859;1;0.0
Goal_110;292123;0.0;0.5;285042;2514897.6038000006;0.3796712742877859;1;0.0
Goal_95;305196;8139861.259599998;0.2222222222222222;293800;3700442.7619000003;0.3053956250079673;3600;0.18552404092141153
Goal_96;305196;8139861.259599998;0.2777777777777778;290996;4041578.2007999998;0.29718024098086576;3600;0.3794812204955004
Goal_101;292123;0.0;0.0;280217;2525741.5526;0.30104556970423557;3600;0.12215523419910487
Goal_102;292123;0.0;0.05555555555555555;280063;2522323.9198000003;0.29832671215345774;3600;0.11700842726716354
Goal_103;292123;0.0;0.1111111111111111;279862;2522051.6393;0.2978819717670401;3600;0.12369464051932537
Goal_104;292123;0.0;0.16666666666666666;280285;2537948.6035000007;0.2995254254468697;3600;0.14023279397521768
Goal_105;292123;0.0;0.2222222222222222;268954;2153871.4753000005;0.2925089754495123;3600;0.2172835194448642
Goal_118;292123;904429.0288444442;0.38888888888888884;285042;2514897.6038000006;0.3796712742877859;1;1.774071335758386E-13
Goal_119;292123;904429.0288444442;0.4444444444444444;285042;2514897.6038000006;0.3796712742877859;1;1.774071335758386E-13
Goal_120;292123;904429.0288444442;0.5;285042;2514897.6038000006;0.3796712742877859;1;1.774071335758386E-13
Goal_106;292123;0.0;0.2777777777777778;287024;2785694.149300001;0.30223627665426694;3600;0.15944742524509042
Goal_107;292123;0.0;0.3333333333333333;289282;2761462.662900001;0.33334156595190306;3600;0.0019897521420258707
Goal_111;292123;904429.0288444442;0.0;280049;2517935.6594;0.2993618513745145;3600;0.13716483844784322
Goal_112;292123;904429.0288444442;0.05555555555555555;280465;2539232.2671;0.3012810565348568;3600;0.14601142022516062
Goal_113;292123;904429.0288444442;0.1111111111111111;279203;2483870.9226999995;0.303391835230775;3600;0.16534244750890348
Goal_114;292123;904429.0288444442;0.16666666666666666;279904;2515251.2772999997;0.3005379504645177;3600;0.1722557224702298
Goal_115;292123;904429.0288444442;0.2222222222222222;269804;2167837.8460999993;0.2950636478851842;3600;0.26964261624554176
Goal_128;292123;1808858.0576888884;0.38888888888888884;285042;2514897.6038000006;0.3796712742877859;1;4.371176292011421E-13
Goal_129;292123;1808858.0576888884;0.4444444444444444;285042;2514897.6038000006;0.3796712742877859;1;4.371176292011421E-13
Goal_130;292123;1808858.0576888884;0.5;285042;2514897.6038000006;0.3796712742877859;1;4.371176292011421E-13
Goal_116;292123;904429.0288444442;0.2777777777777778;285087;2722293.4299000003;0.2985880182961389;3600;0.2048001953387212
Goal_117;292123;904429.0288444442;0.3333333333333333;288498;2720913.1860000016;0.3333633210239492;3600;0.005085768546620231
Goal_121;292123;1808858.0576888884;0.0;279476;2504897.3813;0.2973668436671602;3600;0.16061117706834702
Goal_122;292123;1808858.0576888884;0.05555555555555555;279746;2519262.8952999995;0.2972321404301676;3600;0.16383759284661184
Goal_123;292123;1808858.0576888884;0.1111111111111111;279889;2509620.655899999;0.30235052023785614;3600;0.1943598408363559
Goal_124;292123;1808858.0576888884;0.16666666666666666;280211;2538309.0633999975;0.2970850516166351;3600;0.2009292896496405
Goal_125;292123;1808858.0576888884;0.2222222222222222;270392;2188224.3177000005;0.2929910553157465;3600;0.3361446295131885
Goal_138;292123;2713287.0865333327;0.38888888888888884;288509;2713309.4904000005;0.3584353731279413;5;0.0
Goal_139;292123;2713287.0865333327;0.4444444444444444;288509;2713309.4904000005;0.3584353731279413;4;0.0
Goal_140;292123;2713287.0865333327;0.5;288509;2713309.4904000005;0.3584353731279413;5;0.0
Goal_126;292123;1808858.0576888884;0.2777777777777778;284359;2691990.0335000013;0.29972287440030276;3600;0.32555979374356436
Goal_127;292123;1808858.0576888884;0.3333333333333333;287923;2690983.892600001;0.3333891307433739;3600;0.011998864753131173
Goal_131;292123;2713287.0865333327;0.0;282410;2707999.1910999985;0.3014449995834579;3600;0.21547498462544484
Goal_132;292123;2713287.0865333327;0.05555555555555555;282234;2711773.6503;0.29878259187827455;3600;0.21196387304096814
Goal_133;292123;2713287.0865333327;0.1111111111111111;286073;2787105.827100002;0.30186854972328886;3600;0.2136455558275739
Goal_134;292123;2713287.0865333327;0.16666666666666666;282426;2709804.106799999;0.3008790842814668;3600;0.2878243333148885
Goal_135;292123;2713287.0865333327;0.2222222222222222;282349;2711862.2658;0.3029522425164469;3600;0.4107809953318923
Goal_148;292123;3617716.115377777;0.38888888888888884;292123;3557262.7486999994;0.3410258769398101;1;0.0
Goal_149;292123;3617716.115377777;0.4444444444444444;292123;3557262.7486999994;0.3410258769398101;2;0.0
Goal_150;292123;3617716.115377777;0.5;292123;3557262.7486999994;0.3410258769398101;1;0.0
Goal_147;292123;3617716.115377777;0.3333333333333333;293020;3597351.3206;0.33330463969135576;411;0.0
Goal_136;292123;2713287.0865333327;0.2777777777777778;286122;2727640.1048;0.3067349733962228;3600;0.6988595013268148
Goal_137;292123;2713287.0865333327;0.3333333333333333;288429;2716374.8676000014;0.33333526977078304;3600;0.03534511155973547
Goal_141;292123;3617716.115377777;0.0;290726;3406084.770599999;0.30107924200205566;3600;0.1454237822581291
Goal_142;292123;3617716.115377777;0.05555555555555555;290940;3417553.1022999985;0.3026536194969612;3600;0.15606037186334382
Goal_143;292123;3617716.115377777;0.1111111111111111;290759;3458615.4613999994;0.30272580610062066;3600;0.17749643958742156
Goal_157;292123;4522145.144222221;0.3333333333333333;292411;3533972.3592;0.3333171346874626;40;0.0
Goal_158;292123;4522145.144222221;0.38888888888888884;292123;3765382.5280999998;0.34730906504548925;1;0.0
Goal_159;292123;4522145.144222221;0.4444444444444444;292123;3765382.5280999998;0.34730906504548925;2;0.0
Goal_160;292123;4522145.144222221;0.5;292123;3765382.5280999998;0.34730906504548925;1;0.0
Goal_144;292123;3617716.115377777;0.16666666666666666;292127;3616248.607;0.31207492625374467;3600;0.25818427013276807
Goal_145;292123;3617716.115377777;0.2222222222222222;291606;3598915.1719000004;0.3078590801035786;3600;0.3498780514691218
Goal_146;292123;3617716.115377777;0.2777777777777778;290144;3260503.228299998;0.29459858186937027;3600;1.0
Goal_151;292123;4522145.144222221;0.0;291484;3588203.5056000017;0.30419485646021066;3600;0.15139997332248842
Goal_152;292123;4522145.144222221;0.05555555555555555;291553;3527870.215599999;0.30448778584775954;3600;0.1571727662010924
Goal_153;292123;4522145.144222221;0.1111111111111111;291297;3496572.5619;0.3053624565223631;3600;0.1846476233285097
Goal_167;292123;5426574.173066665;0.3333333333333333;292123;3658458.1709;0.3333059016653422;41;0.0
Goal_168;292123;5426574.173066665;0.38888888888888884;292123;3765382.5280999998;0.34730906504548925;2;0.0
Goal_169;292123;5426574.173066665;0.4444444444444444;292123;3765382.5280999998;0.34730906504548925;1;0.0
Goal_170;292123;5426574.173066665;0.5;292123;3765382.5280999998;0.34730906504548925;1;0.0
Goal_154;292123;4522145.144222221;0.16666666666666666;291333;3329367.168399998;0.307185208067939;3600;0.23922831016949694
Goal_155;292123;4522145.144222221;0.2222222222222222;290824;3668910.1883999994;0.30526938827124445;3600;0.34561008500784685
Goal_156;292123;4522145.144222221;0.2777777777777778;291419;3444954.141500001;0.3112064958198486;3600;1.0
Goal_161;292123;5426574.173066665;0.0;291054;3868309.7047999995;0.30309266623474196;3600;0.1517111976410606
Goal_162;292123;5426574.173066665;0.05555555555555555;291335;3844170.8051999994;0.3044148095144052;3600;0.16007075566199874
Goal_163;292123;5426574.173066665;0.1111111111111111;290985;3632818.112999998;0.30393935314688886;3600;0.1810312527909308
Goal_177;292123;6331003.2019111095;0.3333333333333333;292399;3814939.4708;0.33311077678701984;47;0.0
Goal_178;292123;6331003.2019111095;0.38888888888888884;292123;3765382.5280999998;0.34730906504548925;1;0.0
Goal_179;292123;6331003.2019111095;0.4444444444444444;292123;3765382.5280999998;0.34730906504548925;1;0.0
Goal_180;292123;6331003.2019111095;0.5;292123;3765382.5280999998;0.34730906504548925;1;0.0
Goal_164;292123;5426574.173066665;0.16666666666666666;291111;3758986.0019999985;0.3036552586467083;3600;0.21855888166799722
Goal_165;292123;5426574.173066665;0.2222222222222222;291603;3805209.197399999;0.3064295739201838;3600;0.33742950543238986
Goal_166;292123;5426574.173066665;0.2777777777777778;291625;3346296.6716;0.31143824193005243;3600;1.0
Goal_171;292123;6331003.2019111095;0.0;291294;3760225.1582999984;0.30228491875248564;3600;0.1436464190609291
Goal_172;292123;6331003.2019111095;0.05555555555555555;291156;3853513.6602000007;0.30163586433667866;3600;0.14701043314056964
Goal_173;292123;6331003.2019111095;0.1111111111111111;291344;3681223.8712999998;0.30322918313126196;3600;0.1707102119724863
Goal_187;292123;7235432.230755554;0.3333333333333333;292399;3814939.4708;0.33311077678701984;50;0.0
Goal_188;292123;7235432.230755554;0.38888888888888884;292123;3765382.5280999998;0.34730906504548925;1;0.0
Goal_189;292123;7235432.230755554;0.4444444444444444;292123;3765382.5280999998;0.34730906504548925;1;0.0
Goal_190;292123;7235432.230755554;0.5;292123;3765382.5280999998;0.34730906504548925;1;0.0
Goal_174;292123;6331003.2019111095;0.16666666666666666;291331;3908236.989199999;0.3061609918143798;3600;0.23214812315805985
Goal_175;292123;6331003.2019111095;0.2222222222222222;291179;3713569.533099999;0.30318111725917185;3600;0.31812647569305974
Goal_176;292123;6331003.2019111095;0.2777777777777778;291366;3699607.2622000016;0.31093904920041304;3600;1.0
Goal_181;292123;7235432.230755554;0.0;291291;3813716.875599999;0.3022650869831797;3600;0.14357982392843677
Goal_182;292123;7235432.230755554;0.05555555555555555;291141;3852418.4562;0.3015594917215451;3600;0.14680513904412965
Goal_183;292123;7235432.230755554;0.1111111111111111;291344;3681223.8712999998;0.30322918313126196;3600;0.1707102119724863
Goal_197;292123;8139861.259599998;0.3333333333333333;292399;3814939.4708;0.33311077678701984;42;0.0
Goal_198;292123;8139861.259599998;0.38888888888888884;292123;3765382.5280999998;0.34730906504548925;1;0.0
Goal_199;292123;8139861.259599998;0.4444444444444444;292123;3765382.5280999998;0.34730906504548925;1;0.0
Goal_200;292123;8139861.259599998;0.5;292123;3765382.5280999998;0.34730906504548925;1;0.0
Goal_184;292123;7235432.230755554;0.16666666666666666;291507;3871693.379899999;0.3065946241471982;3600;0.23189440632312178
Goal_185;292123;7235432.230755554;0.2222222222222222;291179;3713569.533099999;0.30318111725917185;3600;0.31808918103719486
Goal_186;292123;7235432.230755554;0.2777777777777778;291366;3699607.2622000016;0.31093904920041304;3600;1.0
Goal_191;292123;8139861.259599998;0.0;291291;3813716.875599999;0.3022650869831797;3600;0.14358101886273678
Goal_192;292123;8139861.259599998;0.05555555555555555;291141;3852418.4562;0.3015594917215451;3600;0.14680513904412965
Goal_193;292123;8139861.259599998;0.1111111111111111;291344;3681223.8712999998;0.30322918313126196;3600;0.17071257884432323
Goal_194;292123;8139861.259599998;0.16666666666666666;291497;3871402.797099999;0.30656978129045453;3600;0.2319071427999334
Goal_195;292123;8139861.259599998;0.2222222222222222;291179;3713569.533099999;0.30318111725917185;3600;0.31808918103719486
Goal_209;279051;0.0;0.4444444444444444;279051;2196591.937000001;0.4107725555429744;1;0.0
Goal_210;279051;0.0;0.5;279051;2196591.937000001;0.4107725555429744;1;0.0
Goal_196;292123;8139861.259599998;0.2777777777777778;291366;3699607.2622000016;0.31093904920041304;3600;1.0
Goal_201;279051;0.0;0.0;279049;2494681.174799999;0.30009298979448334;3600;0.13950629586183141
Goal_202;279051;0.0;0.05555555555555555;279056;2503739.3539;0.2996835026727435;3600;0.14228546791226976
Goal_203;279051;0.0;0.1111111111111111;277838;2443010.8080999996;0.3017852298150861;3600;0.1594267836485952
Goal_204;279051;0.0;0.16666666666666666;279003;2494358.503099999;0.3042138909792298;3600;0.1838296585425699
Goal_205;279051;0.0;0.2222222222222222;269272;2172945.4620000008;0.2927431559588479;3600;0.25886184214740476
Goal_206;279051;0.0;0.2777777777777778;278954;2426761.3222;0.3045631009018044;3600;0.2262250767256145
Goal_207;279051;0.0;0.3333333333333333;279110;2314629.3212999986;0.33485650591870986;3600;0.06064069528873141
Goal_219;279051;904429.0288444442;0.4444444444444444;279051;2196591.937000001;0.4107725555429744;1;2.3323574630752865E-13
Goal_220;279051;904429.0288444442;0.5;279051;2196591.937000001;0.4107725555429744;1;2.3323574630752865E-13
Goal_208;279051;0.0;0.38888888888888884;279051;2202201.6815;0.38888367005223246;3600;0.00253032688854117
Goal_211;279051;904429.0288444442;0.0;279051;2495314.0949000004;0.2989018812329967;3600;0.16196943796175886
Goal_212;279051;904429.0288444442;0.05555555555555555;279044;2482738.796199999;0.30220261900875633;3600;0.17591221967341014
Goal_213;279051;904429.0288444442;0.1111111111111111;278680;2467728.3541999995;0.3017283318513164;3600;0.1881243549494943
Goal_214;279051;904429.0288444442;0.16666666666666666;279051;2482542.002399999;0.30572958242124376;3600;0.23043763555881805
Goal_215;279051;904429.0288444442;0.2222222222222222;269813;2169638.0119999996;0.29484246585277313;3600;0.3334647606961587
Goal_216;279051;904429.0288444442;0.2777777777777778;279070;2486669.4706000006;0.2986703563170441;3600;0.3021207597462195
Goal_217;279051;904429.0288444442;0.3333333333333333;279051;2263102.3986000004;0.34113558087028395;3600;0.15422197170136417
Goal_229;279051;1808858.0576888884;0.4444444444444444;279051;2196591.937000001;0.4107725555429744;1;1.107771920639096E-12
Goal_230;279051;1808858.0576888884;0.5;279051;2196591.937000001;0.4107725555429744;1;1.107771920639096E-12
Goal_218;279051;904429.0288444442;0.38888888888888884;279051;2200986.7723000003;0.38888840339195596;3600;0.001123652935708575
Goal_221;279051;1808858.0576888884;0.0;278662;2464014.7606999995;0.30118568469764345;3600;0.2086417955880327
Goal_222;279051;1808858.0576888884;0.05555555555555555;279051;2489419.0590000004;0.29921428839194636;3600;0.2066212453654009
Goal_223;279051;1808858.0576888884;0.1111111111111111;279034;2478462.4061000003;0.3059822848568859;3600;0.2555090616126343
Goal_224;279051;1808858.0576888884;0.16666666666666666;278660;2461596.5169999986;0.30013707782285415;3600;0.2721331469241898
Goal_225;279051;1808858.0576888884;0.2222222222222222;270081;2182637.4192000013;0.2951281391632099;3600;0.46670707193596767
Goal_226;279051;1808858.0576888884;0.2777777777777778;278190;2434432.1843000003;0.29811627605190055;3600;0.5456188580155099
Goal_237;279051;2713287.0865333327;0.3333333333333333;280241;2626030.5118000004;0.3332585349456399;252;0.0
Goal_239;279051;2713287.0865333327;0.4444444444444444;279051;2675097.9189999998;0.42456292678079594;1;0.0
Goal_240;279051;2713287.0865333327;0.5;279051;2675097.9189999998;0.42456292678079594;2;0.0
Goal_227;279051;1808858.0576888884;0.3333333333333333;279311;2306352.315199999;0.3338461240959314;3600;0.217421530216904
Goal_228;279051;1808858.0576888884;0.38888888888888884;279051;2200984.8799;0.38888136777776333;3600;0.005759033810441
Goal_238;279051;2713287.0865333327;0.38888888888888884;279132;2614080.1034000004;0.38760209233791537;343;0.0
Goal_231;279051;2713287.0865333327;0.0;278687;2668678.4488000013;0.29681124811504506;3600;0.28280965999141694
Goal_232;279051;2713287.0865333327;0.05555555555555555;278603;2690799.251599999;0.29745898769440404;3600;0.2972945494095509
Goal_233;279051;2713287.0865333327;0.1111111111111111;279084;2690903.7705;0.30188143191400485;3600;0.34932733291025797
Goal_247;279051;3617716.115377777;0.3333333333333333;289120;3617686.1939000003;0.32830587913961456;238;0.0
Goal_248;279051;3617716.115377777;0.38888888888888884;280007;3083639.752899999;0.38689616795503506;192;0.0
Goal_249;279051;3617716.115377777;0.4444444444444444;279051;3174822.4974999996;0.4276168188765384;1;0.0
Goal_250;279051;3617716.115377777;0.5;279051;3174822.4974999996;0.4276168188765384;2;0.0
Goal_234;279051;2713287.0865333327;0.16666666666666666;278441;2681861.910699999;0.2944533628939181;3600;0.40185227489517367
Goal_235;279051;2713287.0865333327;0.2222222222222222;279051;2696935.6259000003;0.30158532989172715;3600;0.6571544852488742
Goal_236;279051;2713287.0865333327;0.2777777777777778;279037;2618684.801199999;0.2998449375805281;3600;1.0
Goal_241;279051;3617716.115377777;0.0;278642;2876561.9088000013;0.2986377038425786;3600;0.2920771913169294
Goal_242;279051;3617716.115377777;0.05555555555555555;278679;3045634.8931999984;0.2965497260768009;3600;0.2918317194501553
Goal_243;279051;3617716.115377777;0.1111111111111111;278949;2996986.061;0.3030601653944325;3600;0.35649146324904574
Goal_244;279051;3617716.115377777;0.16666666666666666;279055;3061403.4708000002;0.29026825328246975;3600;0.3653157923918074
Goal_245;279051;3617716.115377777;0.2222222222222222;278977;3046693.5298000015;0.3028027798501515;3600;0.6640884577509325
Goal_259;279051;4522145.144222221;0.4444444444444444;279051;3174822.4974999996;0.4276168188765384;1;0.0
Goal_260;279051;4522145.144222221;0.5;279051;3174822.4974999996;0.4276168188765384;1;0.0
Goal_257;279051;4522145.144222221;0.3333333333333333;279626;3276197.106299999;0.33330218796379946;743;0.0
Goal_246;279051;3617716.115377777;0.2777777777777778;279057;3161093.0308999997;0.29648860935502164;3600;1.0
Goal_251;279051;4522145.144222221;0.0;279032;3258272.5897999993;0.2974774875218238;3600;0.2814039551227283
Goal_252;279051;4522145.144222221;0.05555555555555555;279042;3036845.486600002;0.29331204684386447;3600;0.2704108762896731
Goal_253;279051;4522145.144222221;0.1111111111111111;278218;3099632.3653999995;0.2963968009421489;3600;0.3330446833541883
Goal_258;279051;4522145.144222221;0.38888888888888884;282251;3556092.820700001;0.3888814423973092;2395;0.0
Goal_254;279051;4522145.144222221;0.16666666666666666;278992;3051054.3936;0.3000121384078583;3600;0.424848170269767
Goal_268;279051;5426574.173066665;0.38888888888888884;279051;3165727.0732999993;0.3888843227419536;40;0.0
Goal_269;279051;5426574.173066665;0.4444444444444444;279051;3174822.4974999996;0.4276168188765384;1;0.0
Goal_270;279051;5426574.173066665;0.5;279051;3174822.4974999996;0.4276168188765384;2;0.0
Goal_267;279051;5426574.173066665;0.3333333333333333;279571;3361623.269700001;0.33332959327692874;360;0.0
Goal_255;279051;4522145.144222221;0.2222222222222222;279125;3038376.140300001;0.2937748789701958;3600;0.6138040584945462
Goal_256;279051;4522145.144222221;0.2777777777777778;281459;3205582.6570999995;0.3067607754332479;3600;1.0
Goal_261;279051;5426574.173066665;0.0;278964;3131218.1214000015;0.30119824468770434;3600;0.29990853421088437
Goal_262;279051;5426574.173066665;0.05555555555555555;279023;3096502.782000001;0.28867013923651497;3600;0.24615701987711455
Goal_263;279051;5426574.173066665;0.1111111111111111;279049;3031074.0700000008;0.3022876645114127;3600;0.35133389392363445
Goal_277;279051;6331003.2019111095;0.3333333333333333;281453;3394802.0674;0.33333276706822684;425;0.0
Goal_278;279051;6331003.2019111095;0.38888888888888884;279051;3165727.0732999993;0.3888843227419536;44;0.0
Goal_279;279051;6331003.2019111095;0.4444444444444444;279051;3174822.4974999996;0.4276168188765384;1;0.0
Goal_280;279051;6331003.2019111095;0.5;279051;3174822.4974999996;0.4276168188765384;1;0.0
Goal_264;279051;5426574.173066665;0.16666666666666666;279051;3075973.2881999994;0.29259311228939533;3600;0.3801659211032507
Goal_265;279051;5426574.173066665;0.2222222222222222;278805;3082481.1264;0.29923720238030627;3600;0.648477844802803
Goal_266;279051;5426574.173066665;0.2777777777777778;278997;3087632.3895;0.3113030174546676;3600;1.0
Goal_271;279051;6331003.2019111095;0.0;279072;3110738.0398000013;0.29247314905778715;3600;0.2563485491140752
Goal_272;279051;6331003.2019111095;0.05555555555555555;279018;3123479.4386;0.3008621471019528;3600;0.30815015499157644
Goal_273;279051;6331003.2019111095;0.1111111111111111;279051;3085521.7761000013;0.3025788041486605;3600;0.3527463210645584
Goal_274;279051;6331003.2019111095;0.16666666666666666;279051;3086630.268000002;0.3037005467645109;3600;0.4438581113000414
Goal_288;279051;7235432.230755554;0.38888888888888884;279051;3165727.0732999993;0.3888843227419536;39;0.0
Goal_289;279051;7235432.230755554;0.4444444444444444;279051;3174822.4974999996;0.4276168188765384;1;0.0
Goal_290;279051;7235432.230755554;0.5;279051;3174822.4974999996;0.4276168188765384;1;0.0
Goal_275;279051;6331003.2019111095;0.2222222222222222;278799;3111481.0352999996;0.3002246537419228;3600;0.653623291452213
Goal_287;279051;7235432.230755554;0.3333333333333333;281453;3394802.0674;0.33333276706822684;383;0.0
Goal_276;279051;6331003.2019111095;0.2777777777777778;280207;3495063.7552999994;0.29831732486815343;3600;1.0
Goal_281;279051;7235432.230755554;0.0;279072;3110738.0398000013;0.29247314905778715;3600;0.2563485491140752
Goal_282;279051;7235432.230755554;0.05555555555555555;279018;3123479.4386;0.3008621471019528;3600;0.30815015499157644
Goal_283;279051;7235432.230755554;0.1111111111111111;279051;3085521.7761000013;0.3025788041486605;3600;0.35276086588801914
Goal_284;279051;7235432.230755554;0.16666666666666666;279051;3086630.268000002;0.3037005467645109;3600;0.4438581113000414
Goal_298;279051;8139861.259599998;0.38888888888888884;279051;3165727.0732999993;0.3888843227419536;43;0.0
Goal_299;279051;8139861.259599998;0.4444444444444444;279051;3174822.4974999996;0.4276168188765384;1;0.0
Goal_300;279051;8139861.259599998;0.5;279051;3174822.4974999996;0.4276168188765384;1;0.0
Goal_297;279051;8139861.259599998;0.3333333333333333;281453;3394802.0674;0.33333276706822684;416;0.0
Goal_285;279051;7235432.230755554;0.2222222222222222;278799;3111481.0352999996;0.3002246537419228;3600;0.653623291452213
Goal_286;279051;7235432.230755554;0.2777777777777778;280207;3495063.7552999994;0.29831732486815343;3600;1.0
Goal_291;279051;8139861.259599998;0.0;279072;3110738.0398000013;0.29247314905778715;3600;0.2563485491140752
Goal_292;279051;8139861.259599998;0.05555555555555555;279018;3123479.4386;0.3008621471019528;3600;0.30815015499157644
Goal_293;279051;8139861.259599998;0.1111111111111111;279051;3085521.7761000013;0.3025788041486605;3600;0.35276086588801914
Goal_294;279051;8139861.259599998;0.16666666666666666;279051;3086630.268000002;0.3037005467645109;3600;0.4438581113000414
Goal_295;279051;8139861.259599998;0.2222222222222222;278799;3111481.0352999996;0.3002246537419228;3600;0.6536128487772516
Goal_296;279051;8139861.259599998;0.2777777777777778;280207;3495063.7552999994;0.29831732486815343;3600;1.0
Goal_310;265979;0.0;0.5;265979;1612368.9013000003;0.4575062857980334;1;0.0
Goal_301;265979;0.0;0.0;265979;1993778.0044000002;0.30478386726346457;3600;0.177510834018837
Goal_302;265979;0.0;0.05555555555555555;265971;1997429.346899999;0.30057179140234724;3600;0.16750721386489278
Goal_303;265979;0.0;0.1111111111111111;265978;2007291.2366000002;0.2974712684983768;3600;0.16926750293967424
Goal_304;265979;0.0;0.16666666666666666;265979;2008863.6713999994;0.29843949468907677;3600;0.19545735773734188
Goal_305;265979;0.0;0.2222222222222222;265979;2021419.1973999997;0.2920167106989249;3600;0.3135468599188838
Goal_306;265979;0.0;0.2777777777777778;266047;1939392.1337999997;0.30472712891555687;3600;0.268051703510106
Goal_307;265979;0.0;0.3333333333333333;266124;1751265.640100001;0.3621418167714871;3600;0.3227896832623346
Goal_308;265979;0.0;0.38888888888888884;265972;1673922.103499999;0.388907432562053;3600;0.03338455563120848
Goal_309;265979;0.0;0.4444444444444444;265979;1614280.8006;0.44444270276793746;3600;0.0011608270667515408
Goal_320;265979;904429.0288444442;0.5;265979;1612368.9013000003;0.4575062857980334;1;3.1864869486302075E-13
Goal_311;265979;904429.0288444442;0.0;265979;1991836.4525000008;0.3017180423097365;3600;0.20258594880738803
Goal_312;265979;904429.0288444442;0.05555555555555555;265979;2011272.6442000014;0.29879829190759444;3600;0.19984280503313528
Goal_313;265979;904429.0288444442;0.1111111111111111;265979;2002567.9622000002;0.2996350261051739;3600;0.21862816137151792
Goal_314;265979;904429.0288444442;0.16666666666666666;266100;2015478.2123000002;0.2967118952468584;3600;0.24355379697060778
Goal_315;265979;904429.0288444442;0.2222222222222222;265979;2029288.8331;0.29124307472125516;3600;0.423558371119342
Goal_316;265979;904429.0288444442;0.2777777777777778;266033;1973524.4245999993;0.3012256175591262;3600;0.4069765275481013
Goal_317;265979;904429.0288444442;0.3333333333333333;265976;1756664.5000999994;0.36028589637254793;3600;0.498770335901852
Goal_318;265979;904429.0288444442;0.38888888888888884;266105;1741298.1894000005;0.38889949158492754;3600;0.14611881077952527
Goal_329;265979;1808858.0576888884;0.4444444444444444;265979;1789355.6578000009;0.4444235745046699;84;0.0
Goal_330;265979;1808858.0576888884;0.5;265979;1808850.9740000006;0.46732797537239007;1;0.0
Goal_319;265979;904429.0288444442;0.4444444444444444;265979;1615981.3422;0.444444452180198;3600;0.005037806244268435
Goal_328;265979;1808858.0576888884;0.38888888888888884;266177;1808819.9127000012;0.38888941716458897;654;0.0
Goal_321;265979;1808858.0576888884;0.0;266083;2006772.0122000002;0.2978147093542647;3600;0.24293495635799942
Goal_322;265979;1808858.0576888884;0.05555555555555555;265980;1995933.281099999;0.3027305764240857;3600;0.2721677650443399
Goal_323;265979;1808858.0576888884;0.1111111111111111;265979;2007678.3758000007;0.30097494909837563;3600;0.29595380707900476
Goal_324;265979;1808858.0576888884;0.16666666666666666;266002;2010002.9148000004;0.2982241189871481;3600;0.34749180482371395
Goal_325;265979;1808858.0576888884;0.2222222222222222;265980;2006610.208600001;0.2938673930022403;3600;0.6773615632669154
Goal_338;265979;2713287.0865333327;0.38888888888888884;267830;2646739.0172000006;0.3888894573812855;43;0.0
Goal_326;265979;1808858.0576888884;0.2777777777777778;265979;1987467.5665000004;0.2966337902212038;3600;0.9841228158158388
Goal_340;265979;2713287.0865333327;0.5;265979;2617728.6027000016;0.47791086205354893;1;0.0
Goal_339;265979;2713287.0865333327;0.4444444444444444;266288;2420837.9780999995;0.44407509975925136;92;0.0
Goal_337;265979;2713287.0865333327;0.3333333333333333;267045;2487737.8608999997;0.3328396697466834;596;0.0
Goal_327;265979;1808858.0576888884;0.3333333333333333;266407;1847357.0001;0.3380931245571292;3600;1.0
Goal_331;265979;2713287.0865333327;0.0;265979;2510217.462;0.3021087729676809;3600;0.2765571152959711
Goal_332;265979;2713287.0865333327;0.05555555555555555;266445;2714696.6722999993;0.3037410770946535;3600;0.29447518231469566
Goal_333;265979;2713287.0865333327;0.1111111111111111;266215;2709346.408000001;0.300028302906711;3600;0.30884715358902964
Goal_334;265979;2713287.0865333327;0.16666666666666666;266132;2556409.984500001;0.2974886971578697;3600;0.3700668090421964
Goal_347;265979;3617716.115377777;0.3333333333333333;266261;2815413.504999999;0.3328179700521747;1058;0.0
Goal_335;265979;2713287.0865333327;0.2222222222222222;265979;2689298.316500001;0.2966933424562194;3600;0.8247706403006344
Goal_350;265979;3617716.115377777;0.5;265979;2617728.6027000016;0.47791086205354893;1;0.0
Goal_349;265979;3617716.115377777;0.4444444444444444;266161;2446496.3220999995;0.44287619120591865;179;0.0
Goal_348;265979;3617716.115377777;0.38888888888888884;265979;2847262.9818999995;0.38875328307027956;398;0.0
Goal_336;265979;2713287.0865333327;0.2777777777777778;265979;2586818.7544;0.31655350471074456;3600;1.0
Goal_341;265979;3617716.115377777;0.0;270074;3022255.6936;0.3005209093714026;3600;0.26889090364865564
Goal_342;265979;3617716.115377777;0.05555555555555555;270098;3023584.4336;0.30022058205680613;3600;0.27691083866092664
Goal_343;265979;3617716.115377777;0.1111111111111111;277078;2878636.0673999996;0.30428033639300983;3600;0.3309798425834829
Goal_357;265979;4522145.144222221;0.3333333333333333;270605;2802030.5921999994;0.33323822466831293;132;0.0
Goal_358;265979;4522145.144222221;0.38888888888888884;267114;2849535.3013000023;0.3884287747406088;36;0.0
Goal_344;265979;3617716.115377777;0.16666666666666666;265979;2540399.7576999995;0.29309785823544515;3600;0.3419649078178831
Goal_360;265979;4522145.144222221;0.5;265979;2617728.6027000016;0.47791086205354893;1;0.0
Goal_359;265979;4522145.144222221;0.4444444444444444;265983;2772709.3697;0.44308705926192016;159;0.0
Goal_345;265979;3617716.115377777;0.2222222222222222;265998;2582292.7268999987;0.28925691562867983;3600;0.802607049529753
Goal_346;265979;3617716.115377777;0.2777777777777778;271860;3021855.298899999;0.3228451720964043;3600;1.0
Goal_351;265979;4522145.144222221;0.0;265968;2902264.2472999985;0.3011141226838961;3600;0.2719143382913508
Goal_352;265979;4522145.144222221;0.05555555555555555;266182;3090988.3463;0.3106077217707554;3600;0.3260359258811901
Goal_353;265979;4522145.144222221;0.1111111111111111;265979;2807390.7826;0.3056658618026047;3600;0.3379525083665863
Goal_354;265979;4522145.144222221;0.16666666666666666;265979;2781264.695899999;0.29468984695841216;3600;0.35239010952495464
Goal_368;265979;5426574.173066665;0.38888888888888884;266300;2853513.4102000007;0.3888634410078776;31;0.0
Goal_367;265979;5426574.173066665;0.3333333333333333;266032;3122370.3665999994;0.3332798729650673;294;0.0
Goal_370;265979;5426574.173066665;0.5;265979;2617728.6027000016;0.47791086205354893;1;0.0
Goal_369;265979;5426574.173066665;0.4444444444444444;266315;2747187.6201;0.4440778869626273;110;0.0
Goal_355;265979;4522145.144222221;0.2222222222222222;265980;2863434.8562999987;0.2885479596930894;3610;0.8002202123957984
Goal_356;265979;4522145.144222221;0.2777777777777778;273982;3095532.4664;0.2960864284991803;3600;1.0
Goal_361;265979;5426574.173066665;0.0;265987;2831073.1456000004;0.28015886593796935;3600;0.15875556692955342
Goal_362;265979;5426574.173066665;0.05555555555555555;267043;2825373.9638999985;0.2988169234125925;3600;0.2698578633654769
Goal_363;265979;5426574.173066665;0.1111111111111111;265981;2749027.8418;0.30410145704965513;3600;0.33007123562171053
Goal_377;265979;6331003.2019111095;0.3333333333333333;266032;3122370.3665999994;0.3332798729650673;315;0.0
Goal_378;265979;6331003.2019111095;0.38888888888888884;266300;2853513.4102000007;0.3888634410078776;31;0.0
Goal_379;265979;6331003.2019111095;0.4444444444444444;266315;2747187.6201;0.4440778869626273;103;0.0
Goal_380;265979;6331003.2019111095;0.5;265979;2617728.6027000016;0.47791086205354893;1;0.0
Goal_364;265979;5426574.173066665;0.16666666666666666;268423;3022989.8754999996;0.2944966233278789;3600;0.35113889840252904
Goal_365;265979;5426574.173066665;0.2222222222222222;265081;2682211.919200001;0.29129692491824066;3600;0.8167313201307925
Goal_366;265979;5426574.173066665;0.2777777777777778;274385;3204385.244799999;0.3159792704474799;3600;1.0
Goal_371;265979;6331003.2019111095;0.0;265979;2865424.3264;0.28782868571573295;3600;0.20299153656346322
Goal_372;265979;6331003.2019111095;0.05555555555555555;267521;2711133.5856000013;0.29683720727635626;3600;0.25973150680527723
Goal_373;265979;6331003.2019111095;0.1111111111111111;265982;2892252.3240000005;0.2975424352436279;3600;0.29537096403081703
Goal_374;265979;6331003.2019111095;0.16666666666666666;268499;3026929.101899999;0.29447633682114643;3600;0.351007669005415
Goal_388;265979;7235432.230755554;0.38888888888888884;266300;2853513.4102000007;0.3888634410078776;32;0.0
Goal_389;265979;7235432.230755554;0.4444444444444444;266315;2747187.6201;0.4440778869626273;101;0.0
Goal_390;265979;7235432.230755554;0.5;265979;2617728.6027000016;0.47791086205354893;1;0.0
Goal_387;265979;7235432.230755554;0.3333333333333333;266032;3122370.3665999994;0.3332798729650673;283;0.0
Goal_375;265979;6331003.2019111095;0.2222222222222222;265971;2839900.5227999985;0.29858961773219367;3600;0.8296151382166359
Goal_376;265979;6331003.2019111095;0.2777777777777778;274698;3286907.8300999994;0.3085815163400981;3600;1.0
Goal_381;265979;7235432.230755554;0.0;265979;2865424.3264;0.28782868571573295;3600;0.20299153656346322
Goal_382;265979;7235432.230755554;0.05555555555555555;267521;2711133.5856000013;0.29683720727635626;3600;0.25973150680527723
Goal_383;265979;7235432.230755554;0.1111111111111111;265982;2892252.3240000005;0.2975424352436279;3600;0.29537096403081703
Goal_384;265979;7235432.230755554;0.16666666666666666;268499;3026929.101899999;0.29447633682114643;3600;0.351007669005415
Goal_398;265979;8139861.259599998;0.38888888888888884;266300;2853513.4102000007;0.3888634410078776;31;0.0
Goal_399;265979;8139861.259599998;0.4444444444444444;266315;2747187.6201;0.4440778869626273;110;0.0
Goal_400;265979;8139861.259599998;0.5;265979;2617728.6027000016;0.47791086205354893;1;0.0
Goal_397;265979;8139861.259599998;0.3333333333333333;266032;3122370.3665999994;0.3332798729650673;305;0.0
Goal_385;265979;7235432.230755554;0.2222222222222222;265971;2839900.5227999985;0.29858961773219367;3600;0.8296151382166359
Goal_386;265979;7235432.230755554;0.2777777777777778;274698;3286907.8300999994;0.3085815163400981;3600;1.0
Goal_391;265979;8139861.259599998;0.0;265979;2865424.3264;0.28782868571573295;3600;0.20299153656346322
Goal_392;265979;8139861.259599998;0.05555555555555555;267521;2711133.5856000013;0.29683720727635626;3600;0.25973150680527723
Goal_393;265979;8139861.259599998;0.1111111111111111;265982;2892252.3240000005;0.2975424352436279;3600;0.29537096403081703
Goal_394;265979;8139861.259599998;0.16666666666666666;268499;3026929.101899999;0.29447633682114643;3600;0.351007669005415
Goal_395;265979;8139861.259599998;0.2222222222222222;265971;2839900.5227999985;0.29858961773219367;3600;0.8296151382166359
Goal_396;265979;8139861.259599998;0.2777777777777778;274698;3286907.8300999994;0.3085815163400981;3600;1.0
Goal_410;252907;0.0;0.5;252907;1150193.4202999999;0.48772470785840977;2;0.0
Goal_401;252907;0.0;0.0;252902;1689776.4870999998;0.29253687835580516;3600;0.13290684348702447
Goal_402;252907;0.0;0.05555555555555555;252915;1690553.7266999993;0.29479517410065714;3600;0.14474940875708522
Goal_403;252907;0.0;0.1111111111111111;252993;1693375.8031000008;0.292768464558641;3600;0.14794977378719465
Goal_404;252907;0.0;0.16666666666666666;252914;1728601.0521000004;0.2898308409791477;3600;0.16389210465406312
Goal_405;252907;0.0;0.2222222222222222;252907;1678561.4029000003;0.2954105742600051;3600;0.2182813092999421
Goal_406;252907;0.0;0.2777777777777778;252905;1605209.8090000013;0.29646576003599695;3600;0.2322938687318902
Goal_407;252907;0.0;0.3333333333333333;252908;1427822.4081000003;0.34522024390899325;3600;0.2632298585556023
Goal_408;252907;0.0;0.38888888888888884;252756;1241566.2464;0.39542898266914317;3600;0.16742745896190286
Goal_409;252907;0.0;0.4444444444444444;252906;1172382.2055;0.44442610692301654;3600;0.012386514554076728
Goal_420;252907;904429.0288444442;0.5;252907;1150193.4202999999;0.48772470785840977;2;7.821034804176864E-13
Goal_411;252907;904429.0288444442;0.0;252907;1695331.1725000006;0.29312581452064695;3600;0.16884765663825393
Goal_412;252907;904429.0288444442;0.05555555555555555;252930;1696832.2588000004;0.2906749809017912;3600;0.1627910048796511
Goal_413;252907;904429.0288444442;0.1111111111111111;252919;1667436.7845000005;0.29082523608742256;3600;0.17198762331173717
Goal_414;252907;904429.0288444442;0.16666666666666666;252909;1692788.2903999994;0.2921652655711283;3600;0.22060054170011184
Goal_415;252907;904429.0288444442;0.2222222222222222;252906;1676887.6410999987;0.29547349453800514;3600;0.3131286003181019
Goal_416;252907;904429.0288444442;0.2777777777777778;252987;1592844.5767999995;0.2995277068553022;3600;0.4540747230201215
Goal_417;252907;904429.0288444442;0.3333333333333333;252902;1372008.4243999997;0.3521102460953778;3600;0.6120013948601388
Goal_428;252907;1808858.0576888884;0.38888888888888884;252907;1762144.6151000003;0.3888830955570162;36;0.0
Goal_429;252907;1808858.0576888884;0.4444444444444444;253485;1808751.3146000004;0.44438229787236944;20;0.0
Goal_430;252907;1808858.0576888884;0.5;252907;1808847.8006000007;0.4941962481722607;1;0.0
Goal_418;252907;904429.0288444442;0.38888888888888884;252907;1265006.5137999996;0.3942106559356138;3600;0.4368797456195802
Goal_419;252907;904429.0288444442;0.4444444444444444;252907;1183473.8036999998;0.44410498033936585;3600;0.09043748137091898
Goal_421;252907;1808858.0576888884;0.0;254696;1818719.0779000001;0.29006168799640264;3600;0.21786938997083577
Goal_422;252907;1808858.0576888884;0.05555555555555555;252921;1790085.3585999997;0.28554800441962047;3600;0.19769276650061254
Goal_423;252907;1808858.0576888884;0.1111111111111111;253849;1810672.0621;0.29247409607826425;3600;0.26710904056550666
Goal_424;252907;1808858.0576888884;0.16666666666666666;252914;1801828.4656000005;0.2850918632827182;3600;0.28502918062919763
Goal_425;252907;1808858.0576888884;0.2222222222222222;253854;1808353.7249;0.28508400371285814;3600;0.48201612245592174
Goal_438;252907;2713287.0865333327;0.38888888888888884;264987;2531686.9629;0.3888086518322147;31;0.0
Goal_439;252907;2713287.0865333327;0.4444444444444444;253592;2248650.1137000006;0.44442673202247884;28;0.0
Goal_440;252907;2713287.0865333327;0.5;252907;2016784.2340000006;0.4969073421908524;1;0.0
Goal_426;252907;1808858.0576888884;0.2777777777777778;253727;1808390.3891999992;0.29486702437965445;3600;1.0
Goal_437;252907;2713287.0865333327;0.3333333333333333;264976;2298685.120100001;0.3330756733565726;475;0.0
Goal_427;252907;1808858.0576888884;0.3333333333333333;253890;1753351.1032000005;0.3333407934973686;3600;1.0
Goal_431;252907;2713287.0865333327;0.0;262231;2666351.808599998;0.30226769914196033;3600;0.27731732516757474
Goal_432;252907;2713287.0865333327;0.05555555555555555;264009;2713277.0475000027;0.3005440996648909;3600;0.2785218073260803
Goal_433;252907;2713287.0865333327;0.1111111111111111;262439;2646252.729399997;0.2914831736710186;3600;0.26073877532482825
Goal_434;252907;2713287.0865333327;0.16666666666666666;261977;2703617.3269999987;0.3012875613707768;3600;0.3928123076848597
Goal_448;252907;3617716.115377777;0.38888888888888884;264697;2597191.8975999993;0.3885506695619778;23;0.0
Goal_449;252907;3617716.115377777;0.4444444444444444;256318;2224263.7567000007;0.442022008646231;28;0.0
Goal_450;252907;3617716.115377777;0.5;252907;2016784.2340000006;0.4969073421908524;1;0.0
Goal_435;252907;2713287.0865333327;0.2222222222222222;265951;2661857.6761999982;0.30843989660501137;3600;0.6389565801555116
Goal_436;252907;2713287.0865333327;0.2777777777777778;263987;2610791.6329999994;0.32093244477503236;3600;1.0
Goal_441;252907;3617716.115377777;0.0;261123;2692233.6306999987;0.30046309391382786;3600;0.2686101828248299
Goal_442;252907;3617716.115377777;0.05555555555555555;263212;2510943.740500002;0.2938361088373806;3600;0.24396935291539595
Goal_443;252907;3617716.115377777;0.1111111111111111;272595;3033778.7234000023;0.3075578515153795;3600;0.34729177528771643
Goal_444;252907;3617716.115377777;0.16666666666666666;267672;2760767.751799999;0.2997759908517953;3600;0.38392711876708313
Goal_445;252907;3617716.115377777;0.2222222222222222;271304;3082232.376499999;0.3076147471044689;3600;0.6349002121805845
Goal_458;252907;4522145.144222221;0.38888888888888884;264697;2597191.8975999993;0.3885506695619778;26;0.0
Goal_459;252907;4522145.144222221;0.4444444444444444;257115;2251691.6448999997;0.4444380215920626;34;0.0
Goal_460;252907;4522145.144222221;0.5;252907;2016784.2340000006;0.4969073421908524;1;0.0
Goal_457;252907;4522145.144222221;0.3333333333333333;281574;3097709.9112999993;0.3333241263661119;283;0.0
Goal_446;252907;3617716.115377777;0.2777777777777778;265115;2801973.2109000003;0.3001247774187303;3600;1.0
Goal_447;252907;3617716.115377777;0.3333333333333333;270553;2839200.3719999995;0.3368298726443463;3600;1.0
Goal_451;252907;4522145.144222221;0.0;256284;2547797.5178999994;0.29227013526773726;3600;0.22703090737519396
Goal_452;252907;4522145.144222221;0.05555555555555555;265255;2729187.7240999984;0.2977458507292103;3600;0.26440554546915657
Goal_453;252907;4522145.144222221;0.1111111111111111;254758;2406172.8719999995;0.2890759666861655;3600;0.2462325707056803
Goal_467;252907;5426574.173066665;0.3333333333333333;280073;3139717.9363000006;0.3331539271882385;267;0.0
Goal_468;252907;5426574.173066665;0.38888888888888884;264697;2597191.8975999993;0.3885506695619778;28;0.0
Goal_469;252907;5426574.173066665;0.4444444444444444;253783;2232073.268;0.44397589762966255;30;0.0
Goal_470;252907;5426574.173066665;0.5;252907;2016784.2340000006;0.4969073421908524;1;0.0
Goal_454;252907;4522145.144222221;0.16666666666666666;265761;2710195.8947999985;0.29478623237444296;3600;0.3530122999843248
Goal_455;252907;4522145.144222221;0.2222222222222222;271409;3087405.0164999994;0.3105955701406484;3600;0.6491879900750813
Goal_456;252907;4522145.144222221;0.2777777777777778;275525;3106890.0474000005;0.3009607807945317;3600;1.0
Goal_461;252907;5426574.173066665;0.0;262221;2846292.5282999994;0.3002779307970937;3600;0.2677078744330542
Goal_462;252907;5426574.173066665;0.05555555555555555;252986;2481558.660700001;0.29157142304229383;3600;0.231735140366587
Goal_463;252907;5426574.173066665;0.1111111111111111;253099;2472735.1363;0.2834728691767846;3600;0.21067775542421718
Goal_464;252907;5426574.173066665;0.16666666666666666;264347;2893136.212500001;0.3026382982282804;3600;0.40057440035068614
Goal_478;252907;6331003.2019111095;0.38888888888888884;264697;2597191.8975999993;0.3885506695619778;26;0.0
Goal_479;252907;6331003.2019111095;0.4444444444444444;256832;2250166.790499999;0.4444380383646938;35;0.0
Goal_480;252907;6331003.2019111095;0.5;252907;2016784.2340000006;0.4969073421908524;1;0.0
Goal_465;252907;5426574.173066665;0.2222222222222222;271257;3080457.5277999993;0.31035921506753744;3600;0.6480918800122835
Goal_466;252907;5426574.173066665;0.2777777777777778;276542;3323295.7861;0.3162752290604834;3600;1.0
Goal_471;252907;6331003.2019111095;0.0;259543;2799190.342400001;0.292080677680575;3600;0.22602778042504815
Goal_472;252907;6331003.2019111095;0.05555555555555555;258883;2509981.1395999985;0.29440712724529483;3600;0.24700725682169658
Goal_473;252907;6331003.2019111095;0.1111111111111111;258920;2850732.061799999;0.2904917437076758;3600;0.2548177585745764
Goal_474;252907;6331003.2019111095;0.16666666666666666;262463;2743531.683099998;0.30288665000935167;3600;0.40198370318423754
Goal_475;252907;6331003.2019111095;0.2222222222222222;271386;3085794.0354;0.3106022183702596;3600;0.6492198728445396
Goal_488;252907;7235432.230755554;0.38888888888888884;264697;2597191.8975999993;0.3885506695619778;27;0.0
Goal_489;252907;7235432.230755554;0.4444444444444444;256832;2250166.790499999;0.4444380383646938;33;0.0
Goal_490;252907;7235432.230755554;0.5;252907;2016784.2340000006;0.4969073421908524;1;0.0
Goal_476;252907;6331003.2019111095;0.2777777777777778;277551;3350411.8516000006;0.31980515096872075;3600;1.0
Goal_477;252907;6331003.2019111095;0.3333333333333333;265534;2648116.4549;0.34329778993320986;3600;1.0
Goal_481;252907;7235432.230755554;0.0;256891;2570721.4513000003;0.2918020315739114;3600;0.2245491361610698
Goal_482;252907;7235432.230755554;0.05555555555555555;258883;2509981.1395999985;0.29440712724529483;3600;0.24700725682169658
Goal_483;252907;7235432.230755554;0.1111111111111111;258920;2850732.061799999;0.2904917437076758;3600;0.2548177783579212
Goal_484;252907;7235432.230755554;0.16666666666666666;262463;2743531.683099998;0.30288665000935167;3600;0.40198370318423754
Goal_485;252907;7235432.230755554;0.2222222222222222;271386;3085794.0354;0.3106022183702596;3600;0.6492198728445396
Goal_486;252907;7235432.230755554;0.2777777777777778;277551;3350411.8516000006;0.31980515096872075;3600;1.0
Goal_498;252907;8139861.259599998;0.38888888888888884;264697;2597191.8975999993;0.3885506695619778;24;0.0
Goal_500;252907;8139861.259599998;0.5;252907;2016784.2340000006;0.4969073421908524;1;0.0
Goal_499;252907;8139861.259599998;0.4444444444444444;256832;2250166.790499999;0.4444380383646938;31;0.0
Goal_487;252907;7235432.230755554;0.3333333333333333;265534;2648116.4549;0.34329778993320986;3600;1.0
Goal_491;252907;8139861.259599998;0.0;261101;2753397.417199999;0.294028901503197;3600;0.23625061044387496
Goal_492;252907;8139861.259599998;0.05555555555555555;258883;2509981.1395999985;0.29440712724529483;3600;0.24700725682169658
Goal_493;252907;8139861.259599998;0.1111111111111111;258920;2850732.061799999;0.2904917437076758;3600;0.2548177783579212
Goal_494;252907;8139861.259599998;0.16666666666666666;262463;2743531.683099998;0.30288665000935167;3600;0.40198370318423754
Goal_495;252907;8139861.259599998;0.2222222222222222;271386;3085794.0354;0.3106022183702596;3600;0.6492198728445396
Goal_496;252907;8139861.259599998;0.2777777777777778;277551;3350411.8516000006;0.31980515096872075;3600;1.0
Goal_497;252907;8139861.259599998;0.3333333333333333;265534;2648116.4549;0.34329778993320986;3600;1.0
Goal_510;239835;0.0;0.5;239835;800326.9440000001;0.4978087790439294;2;0.0
Goal_501;239835;0.0;0.0;239837;1373020.6966000001;0.2956014200185214;3600;0.12182442321899287
Goal_502;239835;0.0;0.05555555555555555;239842;1360614.3955;0.29884258977284456;3600;0.13578210667943788
Goal_503;239835;0.0;0.1111111111111111;239845;1366564.0621;0.29454179472164455;3600;0.12877222627790041
Goal_504;239835;0.0;0.16666666666666666;239968;1365129.5816;0.29692862584730645;3600;0.1606191635985195
Goal_505;239835;0.0;0.2222222222222222;240085;1371351.2953999997;0.29495199464560157;3600;0.20864762159285788
Goal_506;239835;0.0;0.2777777777777778;239834;1260116.6485000006;0.3066251395941358;3600;0.33820462056490064
Goal_507;239835;0.0;0.3333333333333333;239899;1059785.8656;0.33795044902365;3600;0.22256733259449682
Goal_508;239835;0.0;0.38888888888888884;239565;895925.4303999996;0.3976292892664949;3600;0.26787509858379466
Goal_509;239835;0.0;0.4444444444444444;239832;829224.2011;0.44487512759697956;3600;0.042549374313005664
Goal_520;239835;904429.0288444442;0.5;239835;904424.6432;0.49729214502621266;2;0.0
Goal_511;239835;904429.0288444442;0.0;240140;1371657.9352999993;0.29480756155431953;3600;0.14914102910331947
Goal_512;239835;904429.0288444442;0.05555555555555555;239840;1372996.3909000005;0.29645850282933267;3600;0.16259954814562835
Goal_513;239835;904429.0288444442;0.1111111111111111;239835;1373419.7089999996;0.29681891039380803;3600;0.18158539329831563
Goal_514;239835;904429.0288444442;0.16666666666666666;240343;1372668.2966999998;0.2941224373071205;3600;0.20205595427004552
Goal_519;239835;904429.0288444442;0.4444444444444444;239835;904162.5511000002;0.44437914032230497;2028;0.0
Goal_515;239835;904429.0288444442;0.2222222222222222;239876;1360897.9756000002;0.29761629249370186;3600;0.331416356327333
Goal_516;239835;904429.0288444442;0.2777777777777778;239934;1232594.2336;0.31021918067031923;3600;0.8439276710972925
Goal_528;239835;1808858.0576888884;0.38888888888888884;240379;1618785.0827000001;0.38883161508428526;38;0.0
Goal_529;239835;1808858.0576888884;0.4444444444444444;239854;1466016.7265000003;0.44444516406259305;45;0.0
Goal_530;239835;1808858.0576888884;0.5;239835;1439780.3346000002;0.49894248928623847;1;0.0
Goal_517;239835;904429.0288444442;0.3333333333333333;239834;1046798.3324999997;0.34378187134713634;3600;0.9780095466892893
Goal_518;239835;904429.0288444442;0.38888888888888884;239887;921958.2259000002;0.39272743772850094;3600;1.0
Goal_527;239835;1808858.0576888884;0.3333333333333333;244766;1716811.0034000007;0.3331726904777691;795;0.0
Goal_521;239835;1808858.0576888884;0.0;254362;1809096.0608000006;0.2932307735760716;3600;0.23216801667221582
Goal_522;239835;1808858.0576888884;0.05555555555555555;253777;1810436.9553000007;0.292540136950769;3600;0.23744765175225802
Goal_523;239835;1808858.0576888884;0.1111111111111111;250890;1763631.7539000001;0.29290734572100374;3600;0.26913839299701564
Goal_524;239835;1808858.0576888884;0.16666666666666666;253996;1810488.5723999997;0.2908968175192495;3600;0.32767255588606325
Goal_525;239835;1808858.0576888884;0.2222222222222222;255732;1838192.1863000006;0.3004391051755037;3600;0.6161476332204358
Goal_538;239835;2713287.0865333327;0.38888888888888884;253455;2178131.701800001;0.3888652536991417;69;0.0
Goal_540;239835;2713287.0865333327;0.5;239835;1439780.3346000002;0.49894248928623847;1;0.0
Goal_539;239835;2713287.0865333327;0.4444444444444444;239844;1608930.9929000002;0.444435160567266;43;0.0
Goal_526;239835;1808858.0576888884;0.2777777777777778;248296;1804286.7516999997;0.31122410561386926;3600;1.0
Goal_531;239835;2713287.0865333327;0.0;267196;2710740.345799999;0.2958943956261087;3600;0.24601455364059863
Goal_532;239835;2713287.0865333327;0.05555555555555555;266755;2704557.9016999993;0.2913406923638227;3600;0.23063785439638584
Goal_533;239835;2713287.0865333327;0.1111111111111111;267353;2663216.266799999;0.3087841532686593;3600;0.3533770105765594
Goal_534;239835;2713287.0865333327;0.16666666666666666;268669;2595839.9305;0.28741620323252165;3600;0.302619997035547
Goal_535;239835;2713287.0865333327;0.2222222222222222;263693;2590509.465;0.29356059906137333;3600;0.5670968098292456
Goal_548;239835;3617716.115377777;0.38888888888888884;269168;2584323.1195000005;0.3728972287298432;239;0.0
Goal_549;239835;3617716.115377777;0.4444444444444444;239879;1613194.0161000001;0.4441305231094898;35;0.0
Goal_550;239835;3617716.115377777;0.5;239835;1439780.3346000002;0.49894248928623847;1;0.0
Goal_537;239835;2713287.0865333327;0.3333333333333333;264458;2674642.3372999984;0.3333307817413471;3017;0.0
Goal_536;239835;2713287.0865333327;0.2777777777777778;263405;2414983.9581999998;0.2930762419918931;3600;1.0
Goal_541;239835;3617716.115377777;0.0;267838;2923591.1954000015;0.30334531421791144;3600;0.28254911580243336
Goal_542;239835;3617716.115377777;0.05555555555555555;269168;2891228.3829000015;0.3048226017730514;3600;0.2994326249560574
Goal_543;239835;3617716.115377777;0.1111111111111111;256281;2278222.6094;0.3100743387151164;3600;0.3595303803100919
Goal_544;239835;3617716.115377777;0.16666666666666666;257607;2500896.4343999997;0.3027211099975816;3600;0.401232504046444
Goal_545;239835;3617716.115377777;0.2222222222222222;271814;3011214.3017999986;0.3072164177864468;3600;0.6460601783749368
Goal_557;239835;4522145.144222221;0.3333333333333333;288183;3552867.6412999993;0.3283717733546534;320;0.0
Goal_546;239835;3617716.115377777;0.2777777777777778;283695;3207517.081800002;0.3092992891184319;3600;1.0
Goal_560;239835;4522145.144222221;0.5;239835;1439780.3346000002;0.49894248928623847;1;0.0
Goal_559;239835;4522145.144222221;0.4444444444444444;239867;1600083.4044;0.4442627581258195;26;0.0
Goal_558;239835;4522145.144222221;0.38888888888888884;263020;2696205.6068;0.3852702184970429;284;0.0
Goal_547;239835;3617716.115377777;0.3333333333333333;273894;2794590.640399999;0.3380321848326256;3600;1.0
Goal_551;239835;4522145.144222221;0.0;257632;2493253.1594000007;0.3008863487627838;3600;0.2707691395005546
Goal_552;239835;4522145.144222221;0.05555555555555555;269281;2962302.5769000007;0.31542039078783307;3600;0.3471949264267095
Goal_553;239835;4522145.144222221;0.1111111111111111;264776;2921742.9197999984;0.3079862613585899;3600;0.3495216307963374
Goal_554;239835;4522145.144222221;0.16666666666666666;267943;2965061.694600001;0.30354475877190307;3600;0.40586903017157083
Goal_555;239835;4522145.144222221;0.2222222222222222;257916;2664093.9346;0.3050255084401624;3600;0.6351969976907768
Goal_569;239835;5426574.173066665;0.4444444444444444;239867;1577699.1889000002;0.4442627581258195;30;0.0
Goal_570;239835;5426574.173066665;0.5;239835;1439780.3346000002;0.49894248928623847;1;0.0
Goal_568;239835;5426574.173066665;0.38888888888888884;249696;2059464.8205000004;0.38888974669680015;43;0.0
Goal_556;239835;4522145.144222221;0.2777777777777778;266067;2624510.4935000013;0.298464535672403;3600;1.0
Goal_567;239835;5426574.173066665;0.3333333333333333;288183;3552867.6412999993;0.3283717733546534;295;0.0
Goal_561;239835;5426574.173066665;0.0;251771;2359388.6784999995;0.2972815584426231;3600;0.2529763152893749
Goal_562;239835;5426574.173066665;0.05555555555555555;252834;2386832.605499998;0.3049925064807322;3600;0.3002337078503686
Goal_563;239835;5426574.173066665;0.1111111111111111;265371;2917500.027600001;0.3065310651354739;3600;0.3423943220505385
Goal_577;239835;6331003.2019111095;0.3333333333333333;283391;3435695.757500001;0.3333334623554934;105;0.0
Goal_578;239835;6331003.2019111095;0.38888888888888884;249696;2059464.8205000004;0.38888974669680015;45;0.0
Goal_579;239835;6331003.2019111095;0.4444444444444444;239867;1577699.1889000002;0.4442627581258195;28;0.0
Goal_580;239835;6331003.2019111095;0.5;239835;1439780.3346000002;0.49894248928623847;1;0.0
Goal_564;239835;5426574.173066665;0.16666666666666666;272071;3254688.5191000006;0.308212378693471;3600;0.4311055792385182
Goal_565;239835;5426574.173066665;0.2222222222222222;260404;2765215.585399999;0.2953094422339866;3600;0.5789416395162503
Goal_566;239835;5426574.173066665;0.2777777777777778;283911;3352516.2574;0.3000240179627356;3600;1.0
Goal_571;239835;6331003.2019111095;0.0;266935;3040314.107100001;0.29779345112813793;3600;0.2555423038863783
Goal_572;239835;6331003.2019111095;0.05555555555555555;268993;2895211.6907999995;0.30389445563356493;3600;0.2949925058900256
Goal_573;239835;6331003.2019111095;0.1111111111111111;260386;2613746.173600001;0.29601132315805506;3600;0.2870178357013197
Goal_574;239835;6331003.2019111095;0.16666666666666666;272741;3235650.5488000005;0.30810145442039744;3600;0.4305263874033938
Goal_588;239835;7235432.230755554;0.38888888888888884;249696;2059464.8205000004;0.38888974669680015;42;0.0
Goal_587;239835;7235432.230755554;0.3333333333333333;283391;3435695.757500001;0.3333334623554934;98;0.0
Goal_590;239835;7235432.230755554;0.5;239835;1439780.3346000002;0.49894248928623847;1;0.0
Goal_589;239835;7235432.230755554;0.4444444444444444;239867;1577699.1889000002;0.4442627581258195;29;0.0
Goal_575;239835;6331003.2019111095;0.2222222222222222;266362;2849695.9354999987;0.3149296680037728;3600;0.6801774119072083
Goal_576;239835;6331003.2019111095;0.2777777777777778;284234;3517339.8342999993;0.3140333183025326;3600;1.0
Goal_581;239835;7235432.230755554;0.0;266935;3040314.107100001;0.29779345112813793;3600;0.2555423038863783
Goal_582;239835;7235432.230755554;0.05555555555555555;268993;2895211.6907999995;0.30389445563356493;3600;0.2949925058900256
Goal_583;239835;7235432.230755554;0.1111111111111111;260386;2613746.173600001;0.29601132315805506;3600;0.2870178357013197
Goal_597;239835;8139861.259599998;0.3333333333333333;283391;3435695.757500001;0.3333334623554934;103;0.0
Goal_598;239835;8139861.259599998;0.38888888888888884;249696;2059464.8205000004;0.38888974669680015;43;0.0
Goal_599;239835;8139861.259599998;0.4444444444444444;239867;1577699.1889000002;0.4442627581258195;30;0.0
Goal_600;239835;8139861.259599998;0.5;239835;1439780.3346000002;0.49894248928623847;1;0.0
Goal_584;239835;7235432.230755554;0.16666666666666666;272741;3235650.5488000005;0.30810145442039744;3600;0.4305263874033938
Goal_585;239835;7235432.230755554;0.2222222222222222;266362;2849695.9354999987;0.3149296680037728;3600;0.6801774119072083
Goal_586;239835;7235432.230755554;0.2777777777777778;284234;3517339.8342999993;0.3140333183025326;3600;1.0
Goal_591;239835;8139861.259599998;0.0;266935;3040314.107100001;0.29779345112813793;3600;0.2555423038863783
Goal_592;239835;8139861.259599998;0.05555555555555555;252750;2415621.3156;0.3040022567969947;3600;0.29550949440594376
Goal_593;239835;8139861.259599998;0.1111111111111111;260386;2613746.173600001;0.29601132315805506;3600;0.2870178357013197
Goal_594;239835;8139861.259599998;0.16666666666666666;272741;3235650.5488000005;0.30810145442039744;3600;0.4305263874033938
Goal_595;239835;8139861.259599998;0.2222222222222222;266362;2849695.9354999987;0.3149296680037728;3600;0.6801774119072083
Goal_596;239835;8139861.259599998;0.2777777777777778;284234;3517339.8342999993;0.3140333183025326;3600;1.0
Goal_610;226763;0.0;0.5;226763;516780.5710999999;0.48867111463078305;1;0.0
Goal_601;226763;0.0;0.0;226774;983596.6386000002;0.31364829524957943;3600;0.15045341100968967
Goal_602;226763;0.0;0.05555555555555555;226763;987461.1536000002;0.31158016452668696;3600;0.14605439495266742
Goal_603;226763;0.0;0.1111111111111111;226858;1004939.3427;0.309421753541336;3600;0.1517433778629829
Goal_604;226763;0.0;0.16666666666666666;226955;996048.6065000003;0.3102233114249884;3600;0.1779076066570172
Goal_605;226763;0.0;0.2222222222222222;226867;1001922.2910000002;0.309714909200158;3600;0.2219126687072267
Goal_606;226763;0.0;0.2777777777777778;226763;968262.5265999998;0.3147270498784929;3600;0.5389153985627112
Goal_607;226763;0.0;0.3333333333333333;226877;754598.7368999999;0.3545181480177214;3600;0.49195091241448713
Goal_608;226763;0.0;0.38888888888888884;226835;603805.8304999998;0.3910639258620855;3600;0.15426552745516034
Goal_618;226763;904429.0288444442;0.38888888888888884;226777;860586.9027999998;0.3888885362445414;35;0.0
Goal_620;226763;904429.0288444442;0.5;226763;882733.349;0.4912755479233473;1;0.0
Goal_619;226763;904429.0288444442;0.4444444444444444;226962;849265.1678000002;0.44444062440926574;97;0.0
Goal_609;226763;0.0;0.4444444444444444;226763;529360.7192999998;0.4444448672475208;3600;0.010270598633930485
Goal_611;226763;904429.0288444442;0.0;226980;998121.6123000003;0.3099897479960377;3600;0.17431430639469103
Goal_612;226763;904429.0288444442;0.05555555555555555;226894;998276.1706000002;0.3094713194547457;3600;0.17720166075540497
Goal_613;226763;904429.0288444442;0.1111111111111111;226805;992249.5307000001;0.3135208259535727;3600;0.21767046934790343
Goal_614;226763;904429.0288444442;0.16666666666666666;226763;1001071.4519000001;0.3126967933109371;3600;0.2609933544050045
Goal_615;226763;904429.0288444442;0.2222222222222222;226909;1002648.1520000001;0.3094549879130761;3600;0.3387590549820632
Goal_628;226763;1808858.0576888884;0.38888888888888884;242018;1621564.2589000007;0.3888508521736464;42;0.0
Goal_629;226763;1808858.0576888884;0.4444444444444444;227605;966785.1799999999;0.4444273626205043;39;0.0
Goal_630;226763;1808858.0576888884;0.5;226763;882733.349;0.4912755479233473;1;0.0
Goal_616;226763;904429.0288444442;0.2777777777777778;226769;904389.4427999996;0.3280644824399316;3600;1.0
Goal_617;226763;904429.0288444442;0.3333333333333333;230013;951949.0876000002;0.34114452477275853;3600;1.0
Goal_621;226763;1808858.0576888884;0.0;252129;1807997.6984999997;0.2928898936874364;3600;0.2304650315089302
Goal_622;226763;1808858.0576888884;0.05555555555555555;254207;1809385.3097999995;0.2888689252881435;3600;0.21706436229587775
Goal_623;226763;1808858.0576888884;0.1111111111111111;255632;1851739.1263000001;0.29671331825502034;3600;0.3024151318402884
Goal_624;226763;1808858.0576888884;0.16666666666666666;255832;1867437.6969000003;0.29170904230151623;3600;0.3520232259711292
Goal_625;226763;1808858.0576888884;0.2222222222222222;253918;1808400.7372;0.2936023361645656;3600;0.5721245409745264
Goal_638;226763;2713287.0865333327;0.38888888888888884;247202;1717373.7181000004;0.3887431866050373;193;0.0
Goal_639;226763;2713287.0865333327;0.4444444444444444;226763;887855.0853999999;0.4441643353999682;32;0.0
Goal_640;226763;2713287.0865333327;0.5;226763;882733.349;0.4912755479233473;1;0.0
Goal_626;226763;1808858.0576888884;0.2777777777777778;246593;1740806.0240000004;0.29700232623157435;3600;1.0
Goal_627;226763;1808858.0576888884;0.3333333333333333;243073;1704661.7623999987;0.33414353693987053;3600;1.0
Goal_631;226763;2713287.0865333327;0.0;263709;2544795.8112000003;0.29156129233748546;3600;0.22367936133237906
Goal_632;226763;2713287.0865333327;0.05555555555555555;262264;2648834.943599999;0.2971609395310802;3600;0.26182490424169014
Goal_633;226763;2713287.0865333327;0.1111111111111111;257797;2497124.769599998;0.29515605507961107;3600;0.28257582248414803
Goal_634;226763;2713287.0865333327;0.16666666666666666;262600;2626719.1110999994;0.31304462087804774;3600;0.455734282462572
Goal_635;226763;2713287.0865333327;0.2222222222222222;263748;2640654.8970999997;0.3022606859343529;3600;0.627396455415097
Goal_648;226763;3617716.115377777;0.38888888888888884;289478;3617711.146499999;0.32993955557899746;101;0.0
Goal_649;226763;3617716.115377777;0.4444444444444444;228542;1040754.8562000003;0.4435892469838964;30;0.0
Goal_650;226763;3617716.115377777;0.5;226763;882733.349;0.4912755479233473;1;0.0
Goal_636;226763;2713287.0865333327;0.2777777777777778;264417;2712833.2562000006;0.31723477379390147;3600;1.0
Goal_637;226763;2713287.0865333327;0.3333333333333333;263501;2618718.5141999996;0.33608915354897995;3600;1.0
Goal_641;226763;3617716.115377777;0.0;263001;2753542.910600002;0.2941140455664375;3600;0.23708829995045813
Goal_642;226763;3617716.115377777;0.05555555555555555;266982;2836872.4455000004;0.3150635553865794;3600;0.34592744975587963
Goal_643;226763;3617716.115377777;0.1111111111111111;267862;2885172.7867;0.30738090039912475;3600;0.34689124156578766
Goal_644;226763;3617716.115377777;0.16666666666666666;267962;2927578.6965999985;0.31774738873180175;3600;0.47783135526159043
Goal_645;226763;3617716.115377777;0.2222222222222222;263449;2698188.3413;0.308200461605522;3600;0.656931845076379
Goal_646;226763;3617716.115377777;0.2777777777777778;272258;2897816.1329000005;0.30174669416408867;3600;1.0
Goal_657;226763;4522145.144222221;0.3333333333333333;280953;3287546.0313999983;0.3333345458305539;33;0.0
Goal_660;226763;4522145.144222221;0.5;226763;882733.349;0.4912755479233473;1;0.0
Goal_659;226763;4522145.144222221;0.4444444444444444;228542;1040754.8562000003;0.4435892469838964;30;0.0
Goal_658;226763;4522145.144222221;0.38888888888888884;256326;2470677.4730999996;0.38718188462691006;102;0.0
Goal_647;226763;3617716.115377777;0.3333333333333333;271578;2898979.150599999;0.3330976624424632;3253;0.0
Goal_651;226763;4522145.144222221;0.0;267293;2937544.0834999997;0.3156143998638788;3600;0.33749033435714393
Goal_652;226763;4522145.144222221;0.05555555555555555;267020;2646154.8314000014;0.30621418121620825;3600;0.306270750790849
Goal_653;226763;4522145.144222221;0.1111111111111111;261483;2496272.9499;0.29575747228229604;3600;0.2859395085103229
Goal_667;226763;5426574.173066665;0.3333333333333333;270383;3059588.211099999;0.33332677688572077;534;0.0
Goal_668;226763;5426574.173066665;0.38888888888888884;280781;3155178.103099999;0.37071657343432896;142;0.0
Goal_669;226763;5426574.173066665;0.4444444444444444;228542;1040754.8562000003;0.4435892469838964;28;0.0
Goal_670;226763;5426574.173066665;0.5;226763;882733.349;0.4912755479233473;1;0.0
Goal_654;226763;4522145.144222221;0.16666666666666666;271497;2939939.847799999;0.30502543909922525;3600;0.4144385052349859
Goal_655;226763;4522145.144222221;0.2222222222222222;263793;2712315.2323;0.30854177211985195;3600;0.6585126955250795
Goal_656;226763;4522145.144222221;0.2777777777777778;265820;3076840.689;0.31357148351136843;3600;1.0
Goal_661;226763;5426574.173066665;0.0;267293;2937538.9284;0.31562717685875885;3600;0.3375438121951249
Goal_662;226763;5426574.173066665;0.05555555555555555;266706;2750642.0119000007;0.3068690718205274;3600;0.3093286689586293
Goal_663;226763;5426574.173066665;0.1111111111111111;272868;3026333.0159;0.3074032443061792;3600;0.34699843735123087
Goal_677;226763;6331003.2019111095;0.3333333333333333;272168;3167094.4366999995;0.3333201732755118;308;0.0
Goal_664;226763;5426574.173066665;0.16666666666666666;268403;2929283.2330999994;0.31733915487753744;3600;0.47597339924322235
Goal_678;226763;6331003.2019111095;0.38888888888888884;280781;3155178.103099999;0.37071657343432896;142;0.0
Goal_680;226763;6331003.2019111095;0.5;226763;882733.349;0.4912755479233473;1;0.0
Goal_679;226763;6331003.2019111095;0.4444444444444444;228542;1040754.8562000003;0.4435892469838964;28;0.0
Goal_665;226763;5426574.173066665;0.2222222222222222;264932;2709750.5384;0.3083935564086846;3600;0.657828257536348
Goal_666;226763;5426574.173066665;0.2777777777777778;281146;3323305.1542;0.29821128479613074;3600;1.0
Goal_671;226763;6331003.2019111095;0.0;267293;2937538.9284;0.31562717685875885;3600;0.3375438121951249
Goal_672;226763;6331003.2019111095;0.05555555555555555;266706;2750642.0119000007;0.3068690718205274;3600;0.3093286689586293
Goal_673;226763;6331003.2019111095;0.1111111111111111;258954;2672973.3321999996;0.2993974671301228;3600;0.3059568785731679
Goal_687;226763;7235432.230755554;0.3333333333333333;272168;3167094.4366999995;0.3333201732755118;308;0.0
Goal_688;226763;7235432.230755554;0.38888888888888884;280781;3155178.103099999;0.37071657343432896;129;0.0
Goal_689;226763;7235432.230755554;0.4444444444444444;228542;1040754.8562000003;0.4435892469838964;29;0.0
Goal_690;226763;7235432.230755554;0.5;226763;882733.349;0.4912755479233473;1;0.0
Goal_674;226763;6331003.2019111095;0.16666666666666666;270877;2957248.0681999996;0.3034967107225018;3600;0.40597112693654724
Goal_675;226763;6331003.2019111095;0.2222222222222222;264932;2709750.5384;0.3083935564086846;3600;0.6578282578164155
Goal_676;226763;6331003.2019111095;0.2777777777777778;281872;3642763.4565000003;0.2970212266917052;3600;1.0
Goal_681;226763;7235432.230755554;0.0;267293;2937538.9284;0.31562717685875885;3600;0.3375438121951249
Goal_682;226763;7235432.230755554;0.05555555555555555;266706;2750642.0119000007;0.3068690718205274;3600;0.3093286689586293
Goal_683;226763;7235432.230755554;0.1111111111111111;258954;2672973.3321999996;0.2993974671301228;3600;0.3059568785731679
Goal_684;226763;7235432.230755554;0.16666666666666666;270877;2957248.0681999996;0.3034967107225018;3600;0.40597112693654724
Goal_698;226763;8139861.259599998;0.38888888888888884;280781;3155178.103099999;0.37071657343432896;138;0.0
Goal_699;226763;8139861.259599998;0.4444444444444444;228542;1040754.8562000003;0.4435892469838964;29;0.0
Goal_700;226763;8139861.259599998;0.5;226763;882733.349;0.4912755479233473;1;0.0
Goal_697;226763;8139861.259599998;0.3333333333333333;272168;3167094.4366999995;0.3333201732755118;309;0.0
Goal_685;226763;7235432.230755554;0.2222222222222222;264932;2709750.5384;0.3083935564086846;3600;0.6578282578164155
Goal_686;226763;7235432.230755554;0.2777777777777778;281872;3642763.4565000003;0.2970212266917052;3600;1.0
Goal_691;226763;8139861.259599998;0.0;267293;2937538.9284;0.31562717685875885;3600;0.3375438121951249
Goal_692;226763;8139861.259599998;0.05555555555555555;266706;2750642.0119000007;0.3068690718205274;3600;0.3093286689586293
Goal_693;226763;8139861.259599998;0.1111111111111111;258954;2672973.3321999996;0.2993974671301228;3600;0.3059568785731679
Goal_694;226763;8139861.259599998;0.16666666666666666;270877;2957248.0681999996;0.3034967107225018;3600;0.40597112693654724
Goal_695;226763;8139861.259599998;0.2222222222222222;264932;2709750.5384;0.3083935564086846;3600;0.6578282578164155
Goal_696;226763;8139861.259599998;0.2777777777777778;281872;3642763.4565000003;0.2970212266917052;3600;1.0
Goal_710;213691;0.0;0.5;213691;287301.61389999994;0.4721561013291834;1;0.0
Goal_701;213691;0.0;0.0;215100;692193.9345;0.3271342527128854;3600;0.1724245863369712
Goal_702;213691;0.0;0.05555555555555555;216534;747402.9885999999;0.32393520659398617;3600;0.17348515529793296
Goal_703;213691;0.0;0.1111111111111111;214896;710145.3266;0.326422559284536;3600;0.19136626181440056
Goal_704;213691;0.0;0.16666666666666666;214586;682413.9289999998;0.3316554426818401;3600;0.24127131630923615
Goal_705;213691;0.0;0.2222222222222222;214397;692533.2078000001;0.3301995436286626;3600;0.2866818277472454
Goal_706;213691;0.0;0.2777777777777778;221029;858119.3262;0.3203727605856679;3600;0.6196253396748793
Goal_707;213691;0.0;0.3333333333333333;214106;562562.9836;0.3478872428222664;3600;0.5207418459941653
Goal_708;213691;0.0;0.38888888888888884;213825;372418.25680000015;0.3888814680406441;3600;0.10392599051929698
Goal_719;213691;904429.0288444442;0.4444444444444444;213739;538488.7164;0.4438672574605803;35;0.0
Goal_720;213691;904429.0288444442;0.5;213691;459084.2765999999;0.4621188870122931;1;0.0
Goal_709;213691;0.0;0.4444444444444444;213691;294662.73569999996;0.44444295470299494;3600;0.008623839926380336
Goal_711;213691;904429.0288444442;0.0;222284;904661.1167999995;0.31505353100257144;3600;0.18755178230954692
Goal_718;213691;904429.0288444442;0.38888888888888884;213691;599772.3022999999;0.3888783273628629;778;0.0
Goal_712;213691;904429.0288444442;0.05555555555555555;221993;910288.1830999999;0.3152441793657287;3600;0.19592525921565976
Goal_713;213691;904429.0288444442;0.1111111111111111;222901;945329.0886999998;0.31257558734897906;3600;0.21084082729251424
Goal_714;213691;904429.0288444442;0.16666666666666666;222776;911753.1007;0.3159292387975707;3600;0.2682830602652349
Goal_715;213691;904429.0288444442;0.2222222222222222;222762;912421.3069999999;0.3169160908646395;3600;0.3752126405196095
Goal_716;213691;904429.0288444442;0.2777777777777778;220415;904429.3760999996;0.3225384544533951;3600;1.0
Goal_729;213691;1808858.0576888884;0.4444444444444444;214288;534777.8343999999;0.44343689976843625;30;0.0
Goal_730;213691;1808858.0576888884;0.5;213691;459084.2765999999;0.4621188870122931;1;0.0
Goal_717;213691;904429.0288444442;0.3333333333333333;217006;902843.8665000001;0.3518842525598686;3600;1.0
Goal_721;213691;1808858.0576888884;0.0;252876;1800061.1981000006;0.29319907510928916;3600;0.23211199214719397
Goal_722;213691;1808858.0576888884;0.05555555555555555;253046;1807736.3511000006;0.2952021789944206;3600;0.2514018778348556
Goal_723;213691;1808858.0576888884;0.1111111111111111;254040;1807771.7044999998;0.293082853663555;3600;0.2703566325851436
Goal_724;213691;1808858.0576888884;0.16666666666666666;254217;1808865.0256;0.29317960060452236;3600;0.34281264922936583
Goal_725;213691;1808858.0576888884;0.2222222222222222;255712;1838674.090100001;0.2995649146291415;3600;0.6266164042011841
Goal_726;213691;1808858.0576888884;0.2777777777777778;248268;1800688.0500999994;0.31058942728982214;3600;1.0
Goal_727;213691;1808858.0576888884;0.3333333333333333;241960;1581513.3349000004;0.3393896767498862;3600;1.0
Goal_739;213691;2713287.0865333327;0.4444444444444444;214288;534777.8343999999;0.44343689976843625;25;0.0
Goal_740;213691;2713287.0865333327;0.5;213691;459084.2765999999;0.4621188870122931;1;0.0
Goal_728;213691;1808858.0576888884;0.38888888888888884;213693;610822.2349000009;0.41121545608483395;3600;1.0
Goal_731;213691;2713287.0865333327;0.0;265367;2713158.767400001;0.28248000981160204;3600;0.1729698280792458
Goal_732;213691;2713287.0865333327;0.05555555555555555;260582;2514504.7151000015;0.2938267995000603;3600;0.24447656854831865
Goal_733;213691;2713287.0865333327;0.1111111111111111;267576;2688095.705399997;0.3100922056709308;3600;0.36002850658063207
Goal_734;213691;2713287.0865333327;0.16666666666666666;261647;2394422.7473999993;0.3037379014600615;3600;0.4074682156902798
Goal_735;213691;2713287.0865333327;0.2222222222222222;264232;2547828.0971;0.30521626442946714;3600;0.6512568331289329
Goal_747;213691;3617716.115377777;0.3333333333333333;269634;2975877.8203000003;0.3331940790294242;118;0.0
Goal_736;213691;2713287.0865333327;0.2777777777777778;263305;2657879.861699999;0.29923284098616343;3600;1.0
Goal_749;213691;3617716.115377777;0.4444444444444444;214288;534777.8343999999;0.44343689976843625;27;0.0
Goal_750;213691;3617716.115377777;0.5;213691;459084.2765999999;0.4621188870122931;1;0.0
Goal_737;213691;2713287.0865333327;0.3333333333333333;274442;2713279.8927999996;0.33129954518679444;3308;0.0
Goal_748;213691;3617716.115377777;0.38888888888888884;224169;1083813.7419;0.38884318857174355;670;0.0
Goal_738;213691;2713287.0865333327;0.38888888888888884;214242;631476.0138999999;0.4047588512053632;3600;1.0
Goal_741;213691;3617716.115377777;0.0;269292;3074233.9992999993;0.31178783981368025;3600;0.32123157798336466
Goal_742;213691;3617716.115377777;0.05555555555555555;269960;3110429.1680999994;0.3104018693260375;3600;0.32558219414718775
Goal_743;213691;3617716.115377777;0.1111111111111111;271843;2993512.208300002;0.30065149564151383;3600;0.31277089615472664
Goal_744;213691;3617716.115377777;0.16666666666666666;253080;2396353.6150000007;0.3039427780192853;3600;0.40863241202806766
Goal_758;213691;4522145.144222221;0.38888888888888884;272239;2866438.6079999986;0.3838829195344964;111;0.0
Goal_759;213691;4522145.144222221;0.4444444444444444;214288;534777.8343999999;0.44343689976843625;28;0.0
Goal_760;213691;4522145.144222221;0.5;213691;459084.2765999999;0.4621188870122931;1;0.0
Goal_745;213691;3617716.115377777;0.2222222222222222;263916;2821039.2396000004;0.2990758969508803;3600;0.6189106427027791
Goal_757;213691;4522145.144222221;0.3333333333333333;273755;3251727.1337000015;0.33332410175787924;522;0.0
Goal_746;213691;3617716.115377777;0.2777777777777778;252675;2149014.2698;0.2989504573669815;3600;1.0
Goal_751;213691;4522145.144222221;0.0;259814;2450897.0596999982;0.307894785333761;3600;0.30395631838084813
Goal_752;213691;4522145.144222221;0.05555555555555555;262761;2699675.7324999995;0.29996203622878764;3600;0.2761245155412361
Goal_753;213691;4522145.144222221;0.1111111111111111;274871;3255197.137900001;0.30292899332350093;3600;0.3246663202906847
Goal_754;213691;4522145.144222221;0.16666666666666666;264685;2974325.8548999988;0.3173489074052328;3600;0.4761611346197715
Goal_767;213691;5426574.173066665;0.3333333333333333;289998;3767817.8754999978;0.3239255177944813;103;0.0
Goal_769;213691;5426574.173066665;0.4444444444444444;214288;534777.8343999999;0.44343689976843625;25;0.0
Goal_770;213691;5426574.173066665;0.5;213691;459084.2765999999;0.4621188870122931;1;0.0
Goal_768;213691;5426574.173066665;0.38888888888888884;272239;2866438.6079999986;0.3838829195344964;122;0.0
Goal_755;213691;4522145.144222221;0.2222222222222222;264451;2862574.1117999996;0.29668923934928704;3600;0.604869160883005
Goal_756;213691;4522145.144222221;0.2777777777777778;279572;3242791.889499999;0.29770603071103674;3600;1.0
Goal_761;213691;5426574.173066665;0.0;261286;2839170.2159000007;0.29414980835105425;3600;0.23738696287239244
Goal_762;213691;5426574.173066665;0.05555555555555555;264797;2617092.1989000016;0.28692324139392655;3600;0.20621977076052858
Goal_763;213691;5426574.173066665;0.1111111111111111;273610;3238343.7139999997;0.30352515968681154;3600;0.32772142263515214
Goal_777;213691;6331003.2019111095;0.3333333333333333;289998;3767817.8754999978;0.3239255177944813;109;0.0
Goal_778;213691;6331003.2019111095;0.38888888888888884;272239;2866438.6079999986;0.3838829195344964;123;0.0
Goal_779;213691;6331003.2019111095;0.4444444444444444;214288;534777.8343999999;0.44343689976843625;29;0.0
Goal_780;213691;6331003.2019111095;0.5;213691;459084.2765999999;0.4621188870122931;1;0.0
Goal_764;213691;5426574.173066665;0.16666666666666666;267521;2889150.241600003;0.29698282038510565;3600;0.3676780196450189
Goal_765;213691;5426574.173066665;0.2222222222222222;264494;2865034.9164999994;0.29669467110200154;3600;0.6049023175040994
Goal_766;213691;5426574.173066665;0.2777777777777778;277139;3321279.3706000014;0.3042673416382894;3600;1.0
Goal_771;213691;6331003.2019111095;0.0;261920;2642820.127300002;0.29616048420943564;3600;0.2477071681668091
Goal_772;213691;6331003.2019111095;0.05555555555555555;271376;3165939.8679000004;0.31192037889895;3600;0.33235176933912025
Goal_773;213691;6331003.2019111095;0.1111111111111111;273610;3238343.7139999997;0.30352515968681154;3600;0.32772142263515214
Goal_787;213691;7235432.230755554;0.3333333333333333;289998;3767817.8754999978;0.3239255177944813;103;0.0
Goal_774;213691;6331003.2019111095;0.16666666666666666;266289;3002311.4853999987;0.3150682233190381;3600;0.46558363158545574
Goal_788;213691;7235432.230755554;0.38888888888888884;272239;2866438.6079999986;0.3838829195344964;126;0.0
Goal_790;213691;7235432.230755554;0.5;213691;459084.2765999999;0.4621188870122931;1;0.0
Goal_789;213691;7235432.230755554;0.4444444444444444;214288;534777.8343999999;0.44343689976843625;24;0.0
Goal_775;213691;6331003.2019111095;0.2222222222222222;264482;2864644.1811999995;0.2966902557722008;3600;0.6048752912868224
Goal_776;213691;6331003.2019111095;0.2777777777777778;277139;3321279.3706000014;0.3042673416382894;3600;1.0
Goal_781;213691;7235432.230755554;0.0;261920;2642820.127300002;0.29616048420943564;3600;0.2477071681668091
Goal_782;213691;7235432.230755554;0.05555555555555555;271376;3165939.8679000004;0.31192037889895;3600;0.33235176933912025
Goal_783;213691;7235432.230755554;0.1111111111111111;273610;3238343.7139999997;0.30352515968681154;3600;0.32772142263515214
Goal_797;213691;8139861.259599998;0.3333333333333333;289998;3767817.8754999978;0.3239255177944813;106;0.0
Goal_784;213691;7235432.230755554;0.16666666666666666;266289;3002311.4853999987;0.3150682233190381;3600;0.46558363158545574
Goal_798;213691;8139861.259599998;0.38888888888888884;272239;2866438.6079999986;0.3838829195344964;126;0.0
Goal_799;213691;8139861.259599998;0.4444444444444444;214288;534777.8343999999;0.44343689976843625;27;0.0
Goal_800;213691;8139861.259599998;0.5;213691;459084.2765999999;0.4621188870122931;1;0.0
Goal_785;213691;7235432.230755554;0.2222222222222222;264482;2864644.1811999995;0.2966902557722008;3600;0.6048752912868224
Goal_786;213691;7235432.230755554;0.2777777777777778;277139;3321279.3706000014;0.3042673416382894;3600;1.0
Goal_791;213691;8139861.259599998;0.0;261920;2642820.127300002;0.29616048420943564;3600;0.2477071681668091
Goal_792;213691;8139861.259599998;0.05555555555555555;271376;3165939.8679000004;0.31192037889895;3600;0.33235176933912025
Goal_793;213691;8139861.259599998;0.1111111111111111;273610;3238343.7139999997;0.30352515968681154;3600;0.32772142263515214
Goal_794;213691;8139861.259599998;0.16666666666666666;266289;3002311.4853999987;0.3150682233190381;3600;0.46558363158545574
Goal_795;213691;8139861.259599998;0.2222222222222222;264482;2864644.1811999995;0.2966902557722008;3600;0.6048752912868224
Goal_796;213691;8139861.259599998;0.2777777777777778;277139;3321279.3706000014;0.3042673416382894;3600;1.0
Goal_810;200619;0.0;0.5;200619;99505.9727;0.4522232394431947;1;0.0
Goal_801;200619;0.0;0.0;214910;725588.9221999997;0.32508947957685214;3600;0.1700177825199643
Goal_802;200619;0.0;0.05555555555555555;216631;754593.7367999998;0.3238969760227867;3600;0.17470453461254767
Goal_809;200619;0.0;0.4444444444444444;200619;99792.33759999998;0.44444490312232704;659;0.0
Goal_803;200619;0.0;0.1111111111111111;215999;741654.6373999998;0.3238905766071737;3600;0.1861522063025677
Goal_804;200619;0.0;0.16666666666666666;216886;737298.6297000002;0.3231736205501801;3600;0.2105638503268743
Goal_805;200619;0.0;0.2222222222222222;213463;663482.9903000001;0.33390875872622955;3600;0.30109050936441234
Goal_806;200619;0.0;0.2777777777777778;219353;809202.5619000001;0.3243547623245989;3600;0.6268150881872371
Goal_818;200619;904429.0288444442;0.38888888888888884;200905;406567.62090000004;0.3888848250369462;56;0.0
Goal_819;200619;904429.0288444442;0.4444444444444444;200619;203415.44429999997;0.4358825746799418;1;0.0
Goal_820;200619;904429.0288444442;0.5;200619;203415.44429999997;0.4358825746799418;1;0.0
Goal_807;200619;0.0;0.3333333333333333;200664;236131.4394;0.37775802938662995;3600;0.8840546754123516
Goal_808;200619;0.0;0.38888888888888884;200619;169011.78169999996;0.39151034383813405;3600;0.5067258045607747
Goal_811;200619;904429.0288444442;0.0;222845;912382.2869999993;0.3148669001112786;3600;0.18847858444013024
Goal_812;200619;904429.0288444442;0.05555555555555555;223055;915095.2899999999;0.31827981936046323;3600;0.2128314377744548
Goal_813;200619;904429.0288444442;0.1111111111111111;222983;924706.6539;0.3161200258344973;3600;0.22536193001849636
Goal_814;200619;904429.0288444442;0.16666666666666666;223202;932421.5410999998;0.3144827178652589;3600;0.264999176218952
Goal_815;200619;904429.0288444442;0.2222222222222222;222318;904424.7712999998;0.3163997264453964;3600;0.36836558748662845
Goal_816;200619;904429.0288444442;0.2777777777777778;222500;901688.3768999997;0.32100495874945606;3600;1.0
Goal_829;200619;1808858.0576888884;0.4444444444444444;200619;203415.44429999997;0.4358825746799418;2;0.0
Goal_830;200619;1808858.0576888884;0.5;200619;203415.44429999997;0.4358825746799418;2;0.0
Goal_828;200619;1808858.0576888884;0.38888888888888884;201889;462052.7519999999;0.3888859475191358;36;0.0
Goal_827;200619;1808858.0576888884;0.3333333333333333;240446;1748160.7068000007;0.33332952917924796;897;0.0
Goal_817;200619;904429.0288444442;0.3333333333333333;221630;904367.4092000003;0.3416680622152286;3600;1.0
Goal_821;200619;1808858.0576888884;0.0;253802;1808972.5583000006;0.2916626434284319;3600;0.2240452877424545
Goal_822;200619;1808858.0576888884;0.05555555555555555;253686;1804298.1607000004;0.29380061038823435;3600;0.2439915163609171
Goal_823;200619;1808858.0576888884;0.1111111111111111;253335;1817312.5517;0.2947344492063508;3600;0.2822409768275777
Goal_837;200619;2713287.0865333327;0.3333333333333333;259019;2485318.3273;0.3333315263907967;131;0.0
Goal_838;200619;2713287.0865333327;0.38888888888888884;201889;462052.7519999999;0.3888859475191358;32;0.0
Goal_839;200619;2713287.0865333327;0.4444444444444444;200619;203415.44429999997;0.4358825746799418;1;0.0
Goal_840;200619;2713287.0865333327;0.5;200619;203415.44429999997;0.4358825746799418;1;0.0
Goal_824;200619;1808858.0576888884;0.16666666666666666;252159;1806163.6175;0.29214842130295404;3600;0.33592261167057524
Goal_825;200619;1808858.0576888884;0.2222222222222222;255423;1844294.5516999993;0.2952006675331417;3600;0.5712243636221122
Goal_826;200619;1808858.0576888884;0.2777777777777778;248359;1804007.8519000001;0.30492080206379296;3600;1.0
Goal_831;200619;2713287.0865333327;0.0;260357;2550227.1034999993;0.2919014876639407;3600;0.22565386310111446
Goal_832;200619;2713287.0865333327;0.05555555555555555;262404;2713456.571700001;0.30108446249786397;3600;0.2818015869030128
Goal_833;200619;2713287.0865333327;0.1111111111111111;262303;2607032.0301000006;0.29849969775043605;3600;0.30124894343710557
Goal_847;200619;3617716.115377777;0.3333333333333333;275144;3395448.421499999;0.3326896969109482;130;0.0
Goal_834;200619;2713287.0865333327;0.16666666666666666;252562;2142548.2557;0.28953563191233894;3600;0.3184762744059439
Goal_849;200619;3617716.115377777;0.4444444444444444;200619;203415.44429999997;0.4358825746799418;1;0.0
Goal_848;200619;3617716.115377777;0.38888888888888884;200628;479781.0613000002;0.38888779945836255;34;0.0
Goal_850;200619;3617716.115377777;0.5;200619;203415.44429999997;0.4358825746799418;1;0.0
Goal_835;200619;2713287.0865333327;0.2222222222222222;259504;2450380.4407000006;0.2880491477806226;3600;0.508222492542045
Goal_836;200619;2713287.0865333327;0.2777777777777778;264230;2599050.642800001;0.300418529035789;3600;1.0
Goal_841;200619;3617716.115377777;0.0;262149;2623134.1001;0.3004949575386329;3600;0.26930989232285596
Goal_842;200619;3617716.115377777;0.05555555555555555;260836;2660579.530300002;0.29126406050137216;3600;0.2306523555641247
Goal_843;200619;3617716.115377777;0.1111111111111111;268403;2803484.9870999996;0.30610857856286633;3600;0.34076031676241847
Goal_844;200619;3617716.115377777;0.16666666666666666;268623;2797620.2230000007;0.30756862594950735;3600;0.42829606895911665
Goal_858;200619;4522145.144222221;0.38888888888888884;200628;479781.0613000002;0.38888779945836255;33;0.0
Goal_859;200619;4522145.144222221;0.4444444444444444;200619;203415.44429999997;0.4358825746799418;1;0.0
Goal_860;200619;4522145.144222221;0.5;200619;203415.44429999997;0.4358825746799418;1;0.0
Goal_857;200619;4522145.144222221;0.3333333333333333;271734;3233032.3182999985;0.3328908899077406;100;0.0
Goal_845;200619;3617716.115377777;0.2222222222222222;250947;2267669.826;0.30160062195443604;3600;0.602729116276613
Goal_846;200619;3617716.115377777;0.2777777777777778;277168;3228211.3347;0.3025812685474212;3600;1.0
Goal_851;200619;4522145.144222221;0.0;258344;2418715.5522000017;0.30290569602742046;3600;0.2808942513869669
Goal_852;200619;4522145.144222221;0.05555555555555555;254819;2495589.4451000025;0.2969882657238264;3600;0.26108890185941935
Goal_853;200619;4522145.144222221;0.1111111111111111;267578;2835353.639000001;0.30869044748338076;3600;0.3533764573244315
Goal_867;200619;5426574.173066665;0.3333333333333333;271680;3192468.766599999;0.33332631550755826;154;0.0
Goal_868;200619;5426574.173066665;0.38888888888888884;200628;479781.0613000002;0.38888779945836255;36;0.0
Goal_869;200619;5426574.173066665;0.4444444444444444;200619;203415.44429999997;0.4358825746799418;1;0.0
Goal_870;200619;5426574.173066665;0.5;200619;203415.44429999997;0.4358825746799418;1;0.0
Goal_854;200619;4522145.144222221;0.16666666666666666;268367;2834181.5992;0.3078158823109847;3600;0.4295968949648222
Goal_855;200619;4522145.144222221;0.2222222222222222;251603;2375730.0773000005;0.2989614632197827;3600;0.5869857551214622
Goal_856;200619;4522145.144222221;0.2777777777777778;281546;3185898.583600002;0.29694460298054914;3600;1.0
Goal_861;200619;5426574.173066665;0.0;253037;2530893.6594000007;0.2962438324636112;3600;0.24818826138256758
Goal_862;200619;5426574.173066665;0.05555555555555555;265777;3044534.2610000023;0.2989933279005822;3600;0.27131917305780034
Goal_863;200619;5426574.173066665;0.1111111111111111;267674;2824944.1786000007;0.31114064633175614;3600;0.3650033912962888
Goal_864;200619;5426574.173066665;0.16666666666666666;268201;2802280.3073;0.307805590444542;3600;0.4295428540549802
Goal_878;200619;6331003.2019111095;0.38888888888888884;200628;479781.0613000002;0.38888779945836255;35;0.0
Goal_879;200619;6331003.2019111095;0.4444444444444444;200619;203415.44429999997;0.4358825746799418;1;0.0
Goal_880;200619;6331003.2019111095;0.5;200619;203415.44429999997;0.4358825746799418;1;0.0
Goal_877;200619;6331003.2019111095;0.3333333333333333;292877;3962589.8816000004;0.31630137533522085;229;0.0
Goal_865;200619;5426574.173066665;0.2222222222222222;250039;2282042.6991999997;0.3064549610682491;3600;0.6290617651133803
Goal_866;200619;5426574.173066665;0.2777777777777778;278118;3236306.1805;0.30286321403917893;3600;1.0
Goal_871;200619;6331003.2019111095;0.0;266331;2926040.0393;0.3002958168717971;3600;0.2683402588332575
Goal_872;200619;6331003.2019111095;0.05555555555555555;254373;2546330.8439000007;0.2920190609404597;3600;0.23477485774328277
Goal_873;200619;6331003.2019111095;0.1111111111111111;266872;2806438.1223000004;0.3092045617353813;3600;0.3558436435807772
Goal_887;200619;7235432.230755554;0.3333333333333333;292877;3962589.8816000004;0.31630137533522085;247;0.0
Goal_888;200619;7235432.230755554;0.38888888888888884;200628;479781.0613000002;0.38888779945836255;35;0.0
Goal_889;200619;7235432.230755554;0.4444444444444444;200619;203415.44429999997;0.4358825746799418;1;0.0
Goal_890;200619;7235432.230755554;0.5;200619;203415.44429999997;0.4358825746799418;1;0.0
Goal_874;200619;6331003.2019111095;0.16666666666666666;268201;2802280.3073;0.307805590444542;3600;0.42954253877551735
Goal_875;200619;6331003.2019111095;0.2222222222222222;250873;2302404.2465000013;0.30077987007507156;3600;0.597948787408572
Goal_876;200619;6331003.2019111095;0.2777777777777778;275350;3317795.7867999994;0.2973246984773197;3600;1.0
Goal_881;200619;7235432.230755554;0.0;254672;2470296.2155000013;0.3011348320109042;3600;0.2724118463603482
Goal_882;200619;7235432.230755554;0.05555555555555555;254373;2546330.8439000007;0.2920190609404597;3600;0.23477485774328277
Goal_883;200619;7235432.230755554;0.1111111111111111;266872;2806438.1223000004;0.3092045617353813;3600;0.3558436435807772
Goal_884;200619;7235432.230755554;0.16666666666666666;268201;2802280.3073;0.307805590444542;3600;0.42954253877551735
Goal_898;200619;8139861.259599998;0.38888888888888884;200628;479781.0613000002;0.38888779945836255;35;0.0
Goal_899;200619;8139861.259599998;0.4444444444444444;200619;203415.44429999997;0.4358825746799418;1;0.0
Goal_900;200619;8139861.259599998;0.5;200619;203415.44429999997;0.4358825746799418;1;0.0
Goal_897;200619;8139861.259599998;0.3333333333333333;292877;3962589.8816000004;0.31630137533522085;231;0.0
Goal_885;200619;7235432.230755554;0.2222222222222222;250873;2302404.2465000013;0.30077987007507156;3600;0.597948787408572
Goal_886;200619;7235432.230755554;0.2777777777777778;275350;3317795.7867999994;0.2973246984773197;3600;1.0
Goal_891;200619;8139861.259599998;0.0;254672;2470296.2155000013;0.3011348320109042;3600;0.2724118463603482
Goal_892;200619;8139861.259599998;0.05555555555555555;254373;2546330.8439000007;0.2920190609404597;3600;0.23477485774328277
Goal_893;200619;8139861.259599998;0.1111111111111111;266872;2806438.1223000004;0.3092045617353813;3600;0.3558436435807772
Goal_894;200619;8139861.259599998;0.16666666666666666;268201;2802280.3073;0.307805590444542;3600;0.42954253877551735
Goal_895;200619;8139861.259599998;0.2222222222222222;250873;2302404.2465000013;0.30077987007507156;3600;0.597948787408572
Goal_909;187547;0.0;0.4444444444444444;187547;0.0;0.40849215120272186;1;0.0
Goal_910;187547;0.0;0.5;187547;0.0;0.40849215120272186;1;0.0
Goal_896;200619;8139861.259599998;0.2777777777777778;275350;3317795.7867999994;0.2973246984773197;3600;1.0
Goal_901;187547;0.0;0.0;216168;746834.5512;0.32374220910782864;3600;0.1683187823232457
Goal_902;187547;0.0;0.05555555555555555;217322;784518.2294999998;0.3194307443226709;3600;0.16108891128846015
Goal_903;187547;0.0;0.1111111111111111;217969;776524.4016999998;0.3211365231477245;3600;0.18064085840366764
Goal_904;187547;0.0;0.16666666666666666;218805;799273.7241000001;0.31827628261806157;3600;0.1995582528938829
Goal_905;187547;0.0;0.2222222222222222;217477;770030.3124000002;0.3248916654179241;3600;0.27563667073959114
Goal_906;187547;0.0;0.2777777777777778;217561;743622.6456;0.32551351680892066;3600;0.618334975218477
Goal_918;187547;904429.0288444442;0.38888888888888884;195635;232483.63949999993;0.38884096361968074;330;0.0
Goal_919;187547;904429.0288444442;0.4444444444444444;187547;0.0;0.40849215120272186;1;0.0
Goal_920;187547;904429.0288444442;0.5;187547;0.0;0.40849215120272186;1;0.0
Goal_907;187547;0.0;0.3333333333333333;197470;218576.63249999998;0.3784567218038005;3600;0.9262455451169873
Goal_908;187547;0.0;0.38888888888888884;190837;59009.5844;0.39322997322581116;3600;0.9367707701564466
Goal_911;187547;904429.0288444442;0.0;224326;949387.6635999999;0.3101063822884867;3600;0.1724720247339943
Goal_912;187547;904429.0288444442;0.05555555555555555;223577;936378.6124999998;0.31152026458664567;3600;0.18245899947882824
Goal_913;187547;904429.0288444442;0.1111111111111111;224985;975193.3961999996;0.3101719184966711;3600;0.20495356182004598
Goal_914;187547;904429.0288444442;0.16666666666666666;223903;960873.3600000001;0.30967335772088667;3600;0.24204322460865865
Goal_915;187547;904429.0288444442;0.2222222222222222;223489;932808.2643000003;0.31121621056659293;3600;0.33727807590968056
Goal_927;187547;1808858.0576888884;0.3333333333333333;237349;1688817.345399999;0.3333318276475035;239;0.0
Goal_929;187547;1808858.0576888884;0.4444444444444444;187547;0.0;0.40849215120272186;1;0.0
Goal_930;187547;1808858.0576888884;0.5;187547;0.0;0.40849215120272186;1;0.0
Goal_928;187547;1808858.0576888884;0.38888888888888884;198389;274149.6194999999;0.38866939079965634;657;0.0
Goal_916;187547;904429.0288444442;0.2777777777777778;225898;942642.5048999998;0.31805023884214667;3600;1.0
Goal_917;187547;904429.0288444442;0.3333333333333333;223841;901737.0155999998;0.35537910730174843;3600;1.0
Goal_921;187547;1808858.0576888884;0.0;255140;1827092.1069999996;0.29202660721322343;3600;0.230689268275145
Goal_922;187547;1808858.0576888884;0.05555555555555555;255483;1839388.4548999993;0.2915516903359589;3600;0.24002043650814894
Goal_923;187547;1808858.0576888884;0.1111111111111111;254350;1808313.3866000003;0.2915835415476276;3600;0.2615884466110114
Goal_937;187547;2713287.0865333327;0.3333333333333333;258557;2702801.602600002;0.3332127861374047;156;0.0
Goal_924;187547;1808858.0576888884;0.16666666666666666;252353;1769287.303999999;0.292116616777955;3600;0.33572112529991244
Goal_939;187547;2713287.0865333327;0.4444444444444444;187547;0.0;0.40849215120272186;1;0.0
Goal_940;187547;2713287.0865333327;0.5;187547;0.0;0.40849215120272186;1;0.0
Goal_925;187547;1808858.0576888884;0.2222222222222222;255478;1852375.9756999991;0.28884692456245126;3600;0.5292675313025865
Goal_926;187547;1808858.0576888884;0.2777777777777778;249342;1764435.828599999;0.2951271054253886;3600;1.0
Goal_931;187547;2713287.0865333327;0.0;269476;2683765.545599999;0.2898018058609964;3600;0.21439246319273503
Goal_932;187547;2713287.0865333327;0.05555555555555555;259847;2380583.0876000007;0.28657661467373685;3600;0.20428783204021567
Goal_933;187547;2713287.0865333327;0.1111111111111111;263900;2568886.262899999;0.3122491694454731;3600;0.37015639700852715
Goal_934;187547;2713287.0865333327;0.16666666666666666;260659;2482867.648400001;0.3032821462195329;3600;0.40498210008124486
Goal_947;187547;3617716.115377777;0.3333333333333333;268923;3104473.3037000014;0.3328345234542048;126;0.0
Goal_948;187547;3617716.115377777;0.38888888888888884;194049;231553.92319999996;0.38888947855024375;166;0.0
Goal_949;187547;3617716.115377777;0.4444444444444444;187547;0.0;0.40849215120272186;1;0.0
Goal_950;187547;3617716.115377777;0.5;187547;0.0;0.40849215120272186;1;0.0
Goal_935;187547;2713287.0865333327;0.2222222222222222;263062;2457553.6463999995;0.2965580882883251;3600;0.569635388388357
Goal_936;187547;2713287.0865333327;0.2777777777777778;262088;2695017.327300002;0.3182318156515365;3600;1.0
Goal_938;187547;2713287.0865333327;0.38888888888888884;192743;193244.42550000004;0.38978634850506805;3600;1.0
Goal_941;187547;3617716.115377777;0.0;269790;2744702.084899999;0.30532934542140183;3600;0.29226526344480097
Goal_942;187547;3617716.115377777;0.05555555555555555;277307;3212873.669100001;0.30798520418638403;3600;0.3146569089888819
Goal_943;187547;3617716.115377777;0.1111111111111111;267399;2698869.6503000017;0.2921810277403308;3600;0.2655349689608526
Goal_957;187547;4522145.144222221;0.3333333333333333;273279;3511072.6276000016;0.33301189804734366;133;0.0
Goal_944;187547;3617716.115377777;0.16666666666666666;266236;2891410.0519;0.2993670106570085;3600;0.3822806171761222
Goal_959;187547;4522145.144222221;0.4444444444444444;187547;0.0;0.40849215120272186;1;0.0
Goal_960;187547;4522145.144222221;0.5;187547;0.0;0.40849215120272186;1;0.0
Goal_945;187547;3617716.115377777;0.2222222222222222;265616;2930551.959200001;0.29240722139558917;3600;0.5405059125301781
Goal_958;187547;4522145.144222221;0.38888888888888884;258106;2668477.2282;0.38069918678021186;883;0.0
Goal_946;187547;3617716.115377777;0.2777777777777778;275903;3240277.1619999977;0.2924234085806798;3600;1.0
Goal_951;187547;4522145.144222221;0.0;269149;2799364.2975000013;0.3020838951834853;3600;0.27697616176100104
Goal_952;187547;4522145.144222221;0.05555555555555555;269132;2817315.1585999997;0.29750246647773243;3600;0.26373318007067204
Goal_953;187547;4522145.144222221;0.1111111111111111;266800;2862175.4168;0.3044362314262254;3600;0.3323817363436976
Goal_967;187547;5426574.173066665;0.3333333333333333;270895;3178073.6246000007;0.33121875756439645;77;0.0
Goal_954;187547;4522145.144222221;0.16666666666666666;260911;2521390.4564;0.304843919119782;3600;0.4136559189168381
Goal_969;187547;5426574.173066665;0.4444444444444444;187547;0.0;0.40849215120272186;1;0.0
Goal_970;187547;5426574.173066665;0.5;187547;0.0;0.40849215120272186;1;0.0
Goal_955;187547;4522145.144222221;0.2222222222222222;254365;2501359.0581999994;0.29533619830355634;3600;0.5614097987513605
Goal_956;187547;4522145.144222221;0.2777777777777778;265724;2788632.0324000004;0.29243249391017273;3600;1.0
Goal_961;187547;5426574.173066665;0.0;255697;2591578.875799999;0.29553512681755867;3600;0.24457839634506193
Goal_962;187547;5426574.173066665;0.05555555555555555;272467;3192760.596499998;0.28513196112506894;3600;0.19588502492389315
Goal_963;187547;5426574.173066665;0.1111111111111111;266396;2818422.7591000004;0.29614318795461103;3600;0.28825521013186245
Goal_968;187547;5426574.173066665;0.38888888888888884;195422;281514.4348;0.3887005728704469;2369;0.0
Goal_964;187547;5426574.173066665;0.16666666666666666;261859;2747937.5780000007;0.2977274790503011;3600;0.3723451363309636
Goal_977;187547;6331003.2019111095;0.3333333333333333;270895;3178073.6246000007;0.33121875756439645;79;0.0
Goal_979;187547;6331003.2019111095;0.4444444444444444;187547;0.0;0.40849215120272186;1;0.0
Goal_980;187547;6331003.2019111095;0.5;187547;0.0;0.40849215120272186;1;0.0
Goal_978;187547;6331003.2019111095;0.38888888888888884;195521;258400.4102;0.3888805793859501;815;0.0
Goal_965;187547;5426574.173066665;0.2222222222222222;269232;2949647.7774999975;0.3084571324526858;3600;0.6373369568577013
Goal_966;187547;5426574.173066665;0.2777777777777778;265868;2762917.1738;0.2903971658208795;3600;1.0
Goal_971;187547;6331003.2019111095;0.0;277400;3371282.0509999986;0.30956235241354774;3600;0.3114881971346795
Goal_972;187547;6331003.2019111095;0.05555555555555555;268283;3047366.4488000013;0.2967412536745756;3600;0.2598134603190109
Goal_973;187547;6331003.2019111095;0.1111111111111111;269528;2948489.1637;0.30052589660615786;3600;0.3121261490951125
Goal_987;187547;7235432.230755554;0.3333333333333333;270895;3178073.6246000007;0.33121875756439645;73;0.0
Goal_974;187547;6331003.2019111095;0.16666666666666666;263021;2599273.1977;0.3099611698569577;3600;0.4406655529354491
Goal_988;187547;7235432.230755554;0.38888888888888884;195521;258400.4102;0.3888805793859501;828;0.0
Goal_989;187547;7235432.230755554;0.4444444444444444;187547;0.0;0.40849215120272186;1;0.0
Goal_990;187547;7235432.230755554;0.5;187547;0.0;0.40849215120272186;1;0.0
Goal_975;187547;6331003.2019111095;0.2222222222222222;263471;2940703.6651000003;0.3076300083160649;3600;0.6332532902909108
Goal_976;187547;6331003.2019111095;0.2777777777777778;268588;3056486.7013999997;0.2908110586351999;3600;1.0
Goal_981;187547;7235432.230755554;0.0;277400;3371282.0509999986;0.30956235241354774;3600;0.3114881971346795
Goal_982;187547;7235432.230755554;0.05555555555555555;268283;3047366.4488000013;0.2967412536745756;3600;0.259813460470487
Goal_983;187547;7235432.230755554;0.1111111111111111;269528;2948489.1637;0.30052589660615786;3600;0.3121261490951125
Goal_984;187547;7235432.230755554;0.16666666666666666;263021;2599273.1977;0.3099611698569577;3600;0.4406655529354491
Goal_997;187547;8139861.259599998;0.3333333333333333;270895;3178073.6246000007;0.33121875756439645;76;0.0
Goal_999;187547;8139861.259599998;0.4444444444444444;187547;0.0;0.40849215120272186;1;0.0
Goal_1000;187547;8139861.259599998;0.5;187547;0.0;0.40849215120272186;1;0.0
Goal_985;187547;7235432.230755554;0.2222222222222222;263471;2940703.6651000003;0.3076300083160649;3600;0.6332532902909108
Goal_986;187547;7235432.230755554;0.2777777777777778;268588;3056486.7013999997;0.2908110586351999;3600;1.0
Goal_998;187547;8139861.259599998;0.38888888888888884;195521;258400.4102;0.3888805793859501;793;0.0
Goal_991;187547;8139861.259599998;0.0;277400;3371282.0509999986;0.30956235241354774;3600;0.3114881971346795
Goal_992;187547;8139861.259599998;0.05555555555555555;268283;3047366.4488000013;0.2967412536745756;3600;0.2598134603190109
Goal_993;187547;8139861.259599998;0.1111111111111111;269528;2948489.1637;0.30052589660615786;3600;0.3121261490951125
Goal_994;187547;8139861.259599998;0.16666666666666666;263021;2599273.1977;0.3099611698569577;3600;0.4406655529354491
Goal_995;187547;8139861.259599998;0.2222222222222222;263471;2940703.6651000003;0.3076300083160649;3600;0.6332532902909108
Goal_996;187547;8139861.259599998;0.2777777777777778;268588;3056486.7013999997;0.2908110586351999;3600;1.0
