Goal_9;621736;0.0;0.4444444444444444;602265;3391712.494499999;0.4274096272801182;152;6.2328237474667076E-15
Goal_10;621736;0.0;0.5;602265;3391712.494499999;0.4274096272801182;177;1.246564749493342E-15
Goal_1;621736;0.0;0.0;600306;4413274.196399999;0.18287170359915175;3600;0.3543933825869071
Goal_2;621736;0.0;0.05555555555555555;603073;4567885.480700002;0.1748954713097982;3600;0.33786957187208455
Goal_3;621736;0.0;0.1111111111111111;602826;4365672.912499998;0.19095289078111474;3600;0.3400046889242824
Goal_4;621736;0.0;0.16666666666666666;594516;3794732.1879000026;0.23642398246502924;3600;0.37647940113047607
Goal_5;621736;0.0;0.2222222222222222;598686;3963098.6263000006;0.23026631916553517;3600;0.18730505091273922
Goal_6;621736;0.0;0.2777777777777778;602781;3788973.1926999995;0.2777774408775574;3600;0.08757950323515583
Goal_7;621736;0.0;0.3333333333333333;607451;3889564.278900002;0.33333520868423033;3600;0.056659390864561766
Goal_19;621736;2126982.0543111106;0.4444444444444444;602265;3391712.494499999;0.4274096272801182;190;0.0
Goal_20;621736;2126982.0543111106;0.5;602265;3391712.494499999;0.4274096272801182;161;1.982157571734306E-16
Goal_8;621736;0.0;0.38888888888888884;603613;3486736.2592;0.3888646548907574;3600;0.017442693303299166
Goal_11;621736;2126982.0543111106;0.0;604363;4735982.601999997;0.14972970340746913;3600;0.4059575162705613
Goal_12;621736;2126982.0543111106;0.05555555555555555;599097;4396608.632299997;0.17974842535020424;3600;0.48525959607331504
Goal_13;621736;2126982.0543111106;0.1111111111111111;600708;4361368.408099999;0.19840244345011623;3600;0.5103487900451574
Goal_14;621736;2126982.0543111106;0.16666666666666666;600115;3928767.9929999975;0.23033039290848126;3600;0.4887196845738781
Goal_15;621736;2126982.0543111106;0.2222222222222222;581009;3500682.6913;0.26358716635493284;3600;0.5377248917418315
Goal_16;621736;2126982.0543111106;0.2777777777777778;598627;3634041.609299999;0.27786848026518857;3600;0.18063703252596267
Goal_17;621736;2126982.0543111106;0.3333333333333333;601922;3567362.065400001;0.33333437233385044;3600;0.10628507845567485
Goal_18;621736;2126982.0543111106;0.38888888888888884;603887;3498837.145599999;0.3888888461790206;3600;0.03321359683296771
Goal_21;621736;4253964.108622221;0.0;603250;4370972.344299997;0.17960601580277946;3600;0.7304803463931189
Goal_22;621736;4253964.108622221;0.05555555555555555;599307;4326201.4109;0.18875554607528444;3600;0.7770753441145852
Goal_23;621736;4253964.108622221;0.1111111111111111;599871;4666670.189899999;0.1962382796974946;3600;0.8537249779926938
Goal_24;621736;4253964.108622221;0.16666666666666666;598618;4255710.282300001;0.2249793837627541;3600;0.8709078386644613
Goal_25;621736;4253964.108622221;0.2222222222222222;606385;4253965.2969;0.2494365311275173;3600;0.8483465313415793
Goal_26;621736;4253964.108622221;0.2777777777777778;608991;4215538.966699999;0.2777772971435822;3600;0.7119990919470373
Goal_27;621736;4253964.108622221;0.3333333333333333;613677;4253988.145399999;0.3333313860522522;3600;0.43694424437909923
Goal_28;621736;4253964.108622221;0.38888888888888884;615552;4253990.462399998;0.36366808899428776;3600;0.08127108216075246
Goal_38;621736;6380946.162933332;0.38888888888888884;621736;6380945.177900001;0.33178412277481967;344;0.0
Goal_29;621736;4253964.108622221;0.4444444444444444;615557;4253978.232199998;0.3655449338262808;3600;0.10858308340763376
Goal_30;621736;4253964.108622221;0.5;615293;4253949.313999997;0.3679687101090356;3600;0.20839204025987662
Goal_31;621736;6380946.162933332;0.0;612635;6380938.389500001;0.12857404953030763;3600;0.8872265309968734
Goal_32;621736;6380946.162933332;0.05555555555555555;600579;6380920.6488999985;0.1679802578582484;3600;0.9577741344217604
Goal_33;621736;6380946.162933332;0.1111111111111111;612985;6380946.267700001;0.1756768877517533;3600;0.9782236782916225
Goal_34;621736;6380946.162933332;0.16666666666666666;608525;6380974.810900001;0.2166784172570194;3600;0.9980554835224892
Goal_35;621736;6380946.162933332;0.2222222222222222;613811;6380442.208099999;0.25356071451099593;3600;0.9999999999999114
Goal_36;621736;6380946.162933332;0.2777777777777778;611076;6375143.828699999;0.30253817789087;3600;0.9999999999997102
Goal_47;621736;8507928.217244443;0.3333333333333333;621736;8507925.618800001;0.3109546517689093;124;0.0
Goal_37;621736;6380946.162933332;0.3333333333333333;620930;6328409.8670999985;0.3201137563857794;3600;0.9999999999886501
Goal_39;621736;6380946.162933332;0.4444444444444444;621728;6362475.781899998;0.3251017286004531;3600;0.9999999923202987
Goal_48;621736;8507928.217244443;0.38888888888888884;621736;8477820.032299997;0.3172732862876631;1211;0.0
Goal_40;621736;6380946.162933332;0.5;621510;6380938.4067;0.316485542838877;3600;0.9999999999126041
Goal_41;621736;8507928.217244443;0.0;600756;8330858.135199997;0.12589409460210188;3600;0.9162253659038878
Goal_50;621736;8507928.217244443;0.5;621736;8075682.062900003;0.31408734669214494;697;0.0
Goal_42;621736;8507928.217244443;0.05555555555555555;613030;8417450.314000001;0.14968430403865574;3600;0.9326654719984588
Goal_43;621736;8507928.217244443;0.1111111111111111;612532;8507946.057800002;0.16368034157123384;3600;0.9836781995419466
Goal_44;621736;8507928.217244443;0.16666666666666666;613646;8374770.435400002;0.2185362865554428;3600;0.996427472783015
Goal_45;621736;8507928.217244443;0.2222222222222222;611584;8507687.577699997;0.25084643987344785;3600;0.9999999999998429
Goal_46;621736;8507928.217244443;0.2777777777777778;621312;8412421.275500001;0.2777579780218374;3600;0.999999999990238
Goal_58;621736;1.0634910271555554E7;0.38888888888888884;621736;1.0151245652499998E7;0.3077735597852073;193;0.0
Goal_49;621736;8507928.217244443;0.4444444444444444;621640;8068618.238499999;0.3431110621292305;3600;0.9999999998581388
Goal_60;621736;1.0634910271555554E7;0.5;621736;9554040.1713;0.31459176037792747;853;0.0
Goal_51;621736;1.0634910271555554E7;0.0;607697;1.0634915457700005E7;0.11969125096909727;3600;0.8949702220921315
Goal_52;621736;1.0634910271555554E7;0.05555555555555555;618457;1.0622049958600001E7;0.14373010308032286;3600;0.9110221964042288
Goal_53;621736;1.0634910271555554E7;0.1111111111111111;617407;9319039.318000002;0.1719272898836349;3600;0.9740251349300854
Goal_54;621736;1.0634910271555554E7;0.16666666666666666;614318;1.0236104082300002E7;0.22939549874606924;3600;0.9978237487754669
Goal_55;621736;1.0634910271555554E7;0.2222222222222222;619233;1.0634766348600002E7;0.2334640477924572;3600;0.9999999999998618
Goal_66;621736;1.2761892325866664E7;0.2777777777777778;621736;1.0909112550900003E7;0.27644316331445234;609;0.0
Goal_68;621736;1.2761892325866664E7;0.38888888888888884;621736;1.0616299142900001E7;0.30408553452326836;513;0.0
Goal_57;621736;1.0634910271555554E7;0.3333333333333333;621736;9587406.6743;0.30904799252192006;3343;0.0
Goal_56;621736;1.0634910271555554E7;0.2777777777777778;621423;1.0454049486100001E7;0.2737063252216911;3600;0.999999999991843
Goal_70;621736;1.2761892325866664E7;0.5;621736;1.16313261745E7;0.31059134511364606;110;0.0
Goal_69;621736;1.2761892325866664E7;0.4444444444444444;621736;1.0551060477799993E7;0.3138657843650612;256;0.0
Goal_59;621736;1.0634910271555554E7;0.4444444444444444;621423;1.0210892649299996E7;0.29716078736197715;3600;0.9999999999945253
Goal_61;621736;1.2761892325866664E7;0.0;615647;1.18485675682E7;0.0882968784110239;3600;0.8037462214176645
Goal_62;621736;1.2761892325866664E7;0.05555555555555555;618182;1.2219197536900003E7;0.14239495190467785;3600;0.9119432862945712
Goal_67;621736;1.2761892325866664E7;0.3333333333333333;621736;1.0190760017499993E7;0.31722117567610464;2352;0.0
Goal_63;621736;1.2761892325866664E7;0.1111111111111111;605704;9691432.343899997;0.18218440937197786;3600;0.9855772773023181
Goal_64;621736;1.2761892325866664E7;0.16666666666666666;616965;1.0050817022400005E7;0.18006318116570103;3600;0.9902960170012624
Goal_78;621736;1.4888874380177774E7;0.38888888888888884;621736;1.00577685572E7;0.3232908923465922;209;0.0
Goal_77;621736;1.4888874380177774E7;0.3333333333333333;621736;9758734.917000003;0.3285661573307892;467;0.0
Goal_65;621736;1.2761892325866664E7;0.2222222222222222;618120;1.06810808102E7;0.25664525811761757;3600;0.9999999999997319
Goal_80;621736;1.4888874380177774E7;0.5;621736;1.1615855759500004E7;0.29746708541502137;391;0.0
Goal_79;621736;1.4888874380177774E7;0.4444444444444444;621736;1.11758493988E7;0.32976335889106423;1188;0.0
Goal_71;621736;1.4888874380177774E7;0.0;618189;1.21107299347E7;0.0832102231365062;3600;0.7255935064439626
Goal_72;621736;1.4888874380177774E7;0.05555555555555555;611173;9067542.6615;0.16728099110791073;3600;0.9492716022122295
Goal_73;621736;1.4888874380177774E7;0.1111111111111111;616148;1.4523714095900007E7;0.20586629721108868;3600;0.9853693049335787
Goal_74;621736;1.4888874380177774E7;0.16666666666666666;616827;9642365.161600001;0.2044824852885218;3600;0.9974327142096377
Goal_75;621736;1.4888874380177774E7;0.2222222222222222;616898;1.3386468091699997E7;0.25186248550191714;3600;0.9999999999999111
Goal_89;621736;1.7015856434488885E7;0.4444444444444444;621736;1.4145153984E7;0.32053306923483205;204;0.0
Goal_87;621736;1.7015856434488885E7;0.3333333333333333;621736;1.09302108378E7;0.32305509469828575;891;0.0
Goal_88;621736;1.7015856434488885E7;0.38888888888888884;621736;9727588.528599996;0.3333882244949013;815;0.0
Goal_90;621736;1.7015856434488885E7;0.5;621736;9497834.531800002;0.33649104165951893;408;0.0
Goal_76;621736;1.4888874380177774E7;0.2777777777777778;621423;9685574.690799994;0.26560481944831393;3600;0.9999999999980727
Goal_81;621736;1.7015856434488885E7;0.0;609471;1.08511025013E7;0.1244715986208524;3600;0.8968541171852468
Goal_82;621736;1.7015856434488885E7;0.05555555555555555;610865;1.138813241289999E7;0.17807502307871267;3600;0.9527986937195047
Goal_83;621736;1.7015856434488885E7;0.1111111111111111;603006;1.5901046776400002E7;0.1883946281999007;3600;0.9845204175253386
Goal_96;621736;1.9142838488799997E7;0.2777777777777778;621736;1.01983795705E7;0.27432949021067415;367;0.0
Goal_97;621736;1.9142838488799997E7;0.3333333333333333;621736;1.0750804276999997E7;0.3171785492511166;274;0.0
Goal_98;621736;1.9142838488799997E7;0.38888888888888884;621736;9715265.315199997;0.3101727473963171;235;0.0
Goal_99;621736;1.9142838488799997E7;0.4444444444444444;621736;1.1052048471800001E7;0.33972754335661415;168;0.0
Goal_100;621736;1.9142838488799997E7;0.5;621736;1.1052438948600002E7;0.3010840166620585;257;0.0
Goal_84;621736;1.7015856434488885E7;0.16666666666666666;602860;8390338.381199997;0.2290600294154397;3600;0.9973992404934726
Goal_85;621736;1.7015856434488885E7;0.2222222222222222;621046;1.1737747754200006E7;0.2222188690978568;3600;0.9999999999934398
Goal_86;621736;1.7015856434488885E7;0.2777777777777778;619138;1.0559372484800002E7;0.2732704394662237;3600;0.9999999999987246
Goal_91;621736;1.9142838488799997E7;0.0;611211;8994339.5902;0.17043329088722825;3600;0.9290651873142486
Goal_92;621736;1.9142838488799997E7;0.05555555555555555;610655;9659841.036799997;0.162470955387821;3600;0.9475326892556913
Goal_93;621736;1.9142838488799997E7;0.1111111111111111;604361;1.0181190893200003E7;0.19476402619435856;3600;0.9925378330146308
Goal_94;621736;1.9142838488799997E7;0.16666666666666666;619925;1.5237576671899999E7;0.21878686271859524;3600;0.9965804867482957
Goal_95;621736;1.9142838488799997E7;0.2222222222222222;607263;9746304.400000004;0.2227045704852819;3600;0.9999999999995035
Goal_110;588814;0.0;0.5;588814;2745601.4967000005;0.45380173456986794;188;0.0
Goal_101;588814;0.0;0.0;588814;4204452.5781;0.1616295480659539;3600;0.3762482533250028
Goal_102;588814;0.0;0.05555555555555555;588814;4224835.054800001;0.16859424960955577;3600;0.4009044022017335
Goal_103;588814;0.0;0.1111111111111111;588821;3895448.0190000003;0.18454368001069277;3600;0.39442516403240097
Goal_104;588814;0.0;0.16666666666666666;588768;3776798.3968000007;0.22458525349028996;3600;0.4566628811598564
Goal_105;588814;0.0;0.2222222222222222;588814;3365515.9005999984;0.2771621908259086;3600;0.47512002174084217
Goal_106;588814;0.0;0.2777777777777778;588814;3300378.6616999996;0.27777852058440067;3600;0.1323138225390189
Goal_107;588814;0.0;0.3333333333333333;588814;3122177.381800001;0.3333330132739942;3600;0.11632933646590793
Goal_108;588814;0.0;0.38888888888888884;588814;2806900.2271000007;0.38888880735350884;3600;0.018147536866948623
Goal_109;588814;0.0;0.4444444444444444;588814;2746805.698200001;0.4444387472528154;3600;8.772354086515953E-5
Goal_120;588814;2126982.0543111106;0.5;588814;2745601.4967000005;0.4538017345699726;144;9.38096525588736E-16
Goal_111;588814;2126982.0543111106;0.0;588814;4062975.6861999994;0.17334641809880277;3600;0.669591600271368
Goal_112;588814;2126982.0543111106;0.05555555555555555;588814;3835965.8947000015;0.18129352778440103;3600;0.687487208755476
Goal_113;588814;2126982.0543111106;0.1111111111111111;588814;4693504.268799999;0.19928972568689873;3600;0.7833987191406241
Goal_114;588814;2126982.0543111106;0.16666666666666666;588813;3478104.1245000004;0.2354732867418818;3600;0.7631670639754291
Goal_115;588814;2126982.0543111106;0.2222222222222222;585830;3191670.235200001;0.2888621468330377;3600;0.8114768584668361
Goal_116;588814;2126982.0543111106;0.2777777777777778;588814;3328797.8335000016;0.27777767411946164;3600;0.38796084384956314
Goal_127;588814;4253964.108622221;0.3333333333333333;588814;4253948.852500002;0.333330895464375;700;0.0
Goal_117;588814;2126982.0543111106;0.3333333333333333;588814;2963986.088499999;0.3333327943583115;3600;0.19878731931560145
Goal_129;588814;4253964.108622221;0.4444444444444444;588814;4232606.3149;0.4282119521588655;66;0.0
Goal_130;588814;4253964.108622221;0.5;588814;4253958.730099998;0.4232733704228299;79;0.0
Goal_128;588814;4253964.108622221;0.38888888888888884;588816;4253960.627499999;0.3888806403647207;362;0.0
Goal_118;588814;2126982.0543111106;0.38888888888888884;588814;2878199.205299999;0.38888660098426453;3600;0.2548411797125135
Goal_119;588814;2126982.0543111106;0.4444444444444444;588814;2750035.9395999997;0.44439860926223407;3600;0.006022203084605513
Goal_121;588814;4253964.108622221;0.0;587189;4879985.334100004;0.17203308538517195;3600;1.0
Goal_126;588814;4253964.108622221;0.2777777777777778;588816;4241684.100100002;0.27777775876670513;2041;0.0
Goal_122;588814;4253964.108622221;0.05555555555555555;588814;5139364.615299998;0.18291663306537967;3600;1.0
Goal_137;588814;6380946.162933332;0.3333333333333333;588814;6160804.787499998;0.33324274049652747;120;0.0
Goal_138;588814;6380946.162933332;0.38888888888888884;588814;6364556.873899997;0.38705899348862055;127;0.0
Goal_139;588814;6380946.162933332;0.4444444444444444;588814;6347187.543500002;0.4222219671906974;52;0.0
Goal_140;588814;6380946.162933332;0.5;588816;6044989.229499998;0.42568834638108716;67;0.0
Goal_136;588814;6380946.162933332;0.2777777777777778;588814;6346666.453300001;0.2777731362901336;696;0.0
Goal_123;588814;4253964.108622221;0.1111111111111111;588811;4463555.347199997;0.1654482125885979;3600;1.0
Goal_124;588814;4253964.108622221;0.16666666666666666;583258;4318772.044099999;0.27910980116510375;3600;1.0
Goal_125;588814;4253964.108622221;0.2222222222222222;584055;4393117.969599999;0.26481129681801463;3600;1.0
Goal_145;588814;8507928.217244443;0.2222222222222222;588814;8478009.122700002;0.22141169956494783;620;0.0
Goal_146;588814;8507928.217244443;0.2777777777777778;589010;7730540.678700002;0.2777766343031249;119;0.0
Goal_147;588814;8507928.217244443;0.3333333333333333;588814;8505392.2658;0.33333335485969395;685;0.0
Goal_148;588814;8507928.217244443;0.38888888888888884;588987;7373966.584000001;0.38887845851220426;109;0.0
Goal_149;588814;8507928.217244443;0.4444444444444444;588814;6767339.212399999;0.43844226830902444;63;0.0
Goal_131;588814;6380946.162933332;0.0;589337;6377614.7048999965;0.11550744315726909;3600;1.0
Goal_132;588814;6380946.162933332;0.05555555555555555;586700;6380960.413700003;0.20801614322699988;3600;1.0
Goal_150;588814;8507928.217244443;0.5;588814;8054278.150200003;0.41780801289318076;55;0.0
Goal_133;588814;6380946.162933332;0.1111111111111111;588814;6368489.0904;0.2058421746588963;3600;1.0
Goal_134;588814;6380946.162933332;0.16666666666666666;588814;6377477.574899998;0.2065516109460228;3600;1.0
Goal_135;588814;6380946.162933332;0.2222222222222222;586007;6372491.303599999;0.26231122043324606;3600;1.0
Goal_141;588814;8507928.217244443;0.0;587822;8026360.631900002;0.19431782954724064;3600;1.0
Goal_155;588814;1.0634910271555554E7;0.2222222222222222;588814;9680575.251800004;0.21671999283263169;1319;0.0
Goal_157;588814;1.0634910271555554E7;0.3333333333333333;588814;1.0220021276900003E7;0.33332981910012505;95;0.0
Goal_159;588814;1.0634910271555554E7;0.4444444444444444;588814;7914771.645999999;0.41275781931181094;74;0.0
Goal_142;588814;8507928.217244443;0.05555555555555555;588814;8462297.252700001;0.17469519014760618;3600;1.0
Goal_160;588814;1.0634910271555554E7;0.5;588814;6310596.987000002;0.4354037039637464;51;0.0
Goal_143;588814;8507928.217244443;0.1111111111111111;588814;8506996.4525;0.14000539777161325;3600;1.0
Goal_153;588814;1.0634910271555554E7;0.1111111111111111;588815;1.0446003549500002E7;0.11110020279646848;1747;0.0
Goal_158;588814;1.0634910271555554E7;0.38888888888888884;588814;8023818.8829000015;0.3888656623930287;371;0.0
Goal_144;588814;8507928.217244443;0.16666666666666666;588776;7596202.531899999;0.21188565296093062;3600;1.0
Goal_163;588814;1.2761892325866664E7;0.1111111111111111;588814;9510285.18369999;0.11110768393384657;475;0.0
Goal_154;588814;1.0634910271555554E7;0.16666666666666666;589288;1.0046049208500002E7;0.16666774919207644;2143;0.0
Goal_167;588814;1.2761892325866664E7;0.3333333333333333;588850;8626810.086500006;0.3303005728998739;95;0.0
Goal_165;588814;1.2761892325866664E7;0.2222222222222222;589570;1.2516954060300002E7;0.18952394064135186;461;0.0
Goal_169;588814;1.2761892325866664E7;0.4444444444444444;588814;6423462.494699999;0.4185502678083737;57;0.0
Goal_170;588814;1.2761892325866664E7;0.5;588814;7604551.2492;0.44712465235586757;55;0.0
Goal_168;588814;1.2761892325866664E7;0.38888888888888884;588815;7024961.6751;0.38880158214137056;254;0.0
Goal_166;588814;1.2761892325866664E7;0.2777777777777778;588878;8937892.068699999;0.27775913857122825;1325;0.0
Goal_152;588814;1.0634910271555554E7;0.05555555555555555;592937;1.0463874298000006E7;0.051349420566039194;3255;0.0
Goal_151;588814;1.0634910271555554E7;0.0;584762;8969761.001000004;0.19267854322457753;3600;1.0
Goal_175;588814;1.4888874380177774E7;0.2222222222222222;588814;9499603.120699996;0.22220676870870015;335;0.0
Goal_156;588814;1.0634910271555554E7;0.2777777777777778;587594;9066227.592600003;0.2777028532126448;3600;1.0
Goal_177;588814;1.4888874380177774E7;0.3333333333333333;588814;7697997.743799999;0.3332151606416735;360;0.0
Goal_179;588814;1.4888874380177774E7;0.4444444444444444;588814;9148385.329199998;0.43445003355696815;66;0.0
Goal_180;588814;1.4888874380177774E7;0.5;588814;7386719.989700002;0.4053050572191579;72;0.0
Goal_178;588814;1.4888874380177774E7;0.38888888888888884;589032;9322321.271799998;0.38873908733232954;295;0.0
Goal_176;588814;1.4888874380177774E7;0.2777777777777778;589474;7935680.272499999;0.27777781209939256;677;0.0
Goal_182;588814;1.7015856434488885E7;0.05555555555555555;589491;1.6908595998E7;0.0555567199528104;748;0.0
Goal_161;588814;1.2761892325866664E7;0.0;594548;9923178.955099994;0.06949342307776853;3600;1.0
Goal_162;588814;1.2761892325866664E7;0.05555555555555555;588815;9770094.335600002;0.06326087824154515;3600;1.0
Goal_186;588814;1.7015856434488885E7;0.2777777777777778;589501;1.0505928976999998E7;0.27777833304472394;93;0.0
Goal_164;588814;1.2761892325866664E7;0.16666666666666666;588694;8419538.2026;0.18672766831679014;3600;1.0
Goal_188;588814;1.7015856434488885E7;0.38888888888888884;588814;8484704.4863;0.387829846708336;113;0.0
Goal_187;588814;1.7015856434488885E7;0.3333333333333333;588814;8390856.200199999;0.3314563896532063;232;0.0
Goal_189;588814;1.7015856434488885E7;0.4444444444444444;588814;1.27544673258E7;0.4311540133811534;84;0.0
Goal_185;588814;1.7015856434488885E7;0.2222222222222222;589500;1.5761217685000004E7;0.22203148705060397;390;0.0
Goal_190;588814;1.7015856434488885E7;0.5;588814;6552213.964999999;0.42477693126407784;70;0.0
Goal_171;588814;1.4888874380177774E7;0.0;588814;1.0459166455499995E7;0.10502618592693092;3600;1.0
Goal_172;588814;1.4888874380177774E7;0.05555555555555555;595421;9166859.317300005;0.11804910185130109;3600;1.0
Goal_173;588814;1.4888874380177774E7;0.1111111111111111;586225;9175050.455199994;0.17158284183325;3600;1.0
Goal_194;588814;1.9142838488799997E7;0.16666666666666666;588814;1.87849566462E7;0.16665060145921465;320;0.0
Goal_195;588814;1.9142838488799997E7;0.2222222222222222;588946;1.9142426806100003E7;0.22222351685335417;446;0.0
Goal_196;588814;1.9142838488799997E7;0.2777777777777778;588814;1.07333230073E7;0.2775625287633999;337;0.0
Goal_198;588814;1.9142838488799997E7;0.38888888888888884;588814;8224763.526499999;0.3886830379738411;106;0.0
Goal_199;588814;1.9142838488799997E7;0.4444444444444444;588814;1.8353353267499994E7;0.40871274088303067;105;0.0
Goal_200;588814;1.9142838488799997E7;0.5;588814;7397820.543399998;0.42069154050949037;68;0.0
Goal_183;588814;1.7015856434488885E7;0.1111111111111111;588822;1.6696504559000006E7;0.11110497015521706;2423;0.0
Goal_197;588814;1.9142838488799997E7;0.3333333333333333;588814;7545126.9723999975;0.3333349514777105;464;0.0
Goal_174;588814;1.4888874380177774E7;0.16666666666666666;588814;9321230.5345;0.22021181171817616;3600;1.0
Goal_181;588814;1.7015856434488885E7;0.0;587299;1.6568190047500005E7;0.11902508601946768;3600;1.0
Goal_184;588814;1.7015856434488885E7;0.16666666666666666;589054;1.0333269704100002E7;0.19606846437702263;3600;1.0
Goal_191;588814;1.9142838488799997E7;0.0;588815;1.4466658982799994E7;0.08835175974944358;3600;1.0
Goal_192;588814;1.9142838488799997E7;0.05555555555555555;585960;1.6194493870000007E7;0.10755009040572733;3600;1.0
Goal_193;588814;1.9142838488799997E7;0.1111111111111111;588829;1.0385192320999997E7;0.11363877638069843;3600;1.0
Goal_210;555892;0.0;0.5;555892;1454418.0515999997;0.4920841418354825;50;0.0
Goal_201;555892;0.0;0.0;558264;3405210.3155;0.1930629734566864;3600;0.5499183157278782
Goal_202;555892;0.0;0.05555555555555555;558542;3590782.725300002;0.175872887922794;3600;0.5390048404613521
Goal_203;555892;0.0;0.1111111111111111;555881;3402746.2967999997;0.2254814746540825;3600;0.6270580683696404
Goal_204;555892;0.0;0.16666666666666666;567822;3001344.0001999997;0.23243053717089118;3600;0.5780000063427438
Goal_205;555892;0.0;0.2222222222222222;559349;2863557.1327;0.25168005107450825;3600;0.5201555304919218
Goal_206;555892;0.0;0.2777777777777778;555893;2462222.689399999;0.2777769463685716;3600;0.30654221302034523
Goal_217;555892;2126982.0543111106;0.3333333333333333;555894;2125332.2440000004;0.3333163598930322;431;0.0
Goal_207;555892;0.0;0.3333333333333333;555892;1935471.0664;0.33333331172315706;3600;0.17777136190897394
Goal_208;555892;0.0;0.38888888888888884;555892;1692889.673800001;0.3888886207442511;3600;0.11428359834290094
Goal_209;555892;0.0;0.4444444444444444;555892;1487087.0184000002;0.4444440703167868;3600;0.013604080972263427
Goal_220;555892;2126982.0543111106;0.5;555892;2023678.2344000002;0.4848496053052102;98;0.0
Goal_211;555892;2126982.0543111106;0.0;555906;2957825.8108000015;0.24118885516045271;3600;0.8818967625361106
Goal_219;555892;2126982.0543111106;0.4444444444444444;555892;2123163.0685999994;0.4432945433018471;885;0.0
Goal_212;555892;2126982.0543111106;0.05555555555555555;555892;3452450.3278999995;0.20319215191113357;3600;0.8847012023774412
Goal_213;555892;2126982.0543111106;0.1111111111111111;556763;3615147.4859999977;0.20492283035711528;3600;0.9587824253529009
Goal_214;555892;2126982.0543111106;0.16666666666666666;555892;3302224.4274000013;0.24102449546072136;3600;1.0
Goal_215;555892;2126982.0543111106;0.2222222222222222;555892;3033790.448600001;0.24216643943707628;3600;1.0
Goal_216;555892;2126982.0543111106;0.2777777777777778;555892;2627677.693100001;0.27777727241512457;3600;1.0
Goal_229;555892;4253964.108622221;0.4444444444444444;555892;4209159.219399999;0.4442618383427071;108;0.0
Goal_230;555892;4253964.108622221;0.5;555892;4241285.0125;0.48317146313949505;52;0.0
Goal_227;555892;4253964.108622221;0.3333333333333333;555893;4253958.061299998;0.3333317446200168;484;0.0
Goal_228;555892;4253964.108622221;0.38888888888888884;556236;4253694.1230000025;0.38888960098184205;476;0.0
Goal_218;555892;2126982.0543111106;0.38888888888888884;555892;2123286.018000001;0.3888887957574841;3600;0.0
Goal_226;555892;4253964.108622221;0.2777777777777778;555892;4253912.956100001;0.2777593491596715;1742;0.0
Goal_221;555892;4253964.108622221;0.0;555892;4474672.736500002;0.12804257328092938;3600;1.0
Goal_222;555892;4253964.108622221;0.05555555555555555;555892;4254305.866400002;0.222188031811087;3600;1.0
Goal_223;555892;4253964.108622221;0.1111111111111111;556236;4272320.938600001;0.1959101279253124;3600;1.0
Goal_237;555892;6380946.162933332;0.3333333333333333;555953;6276506.572999999;0.33319594090684124;113;0.0
Goal_238;555892;6380946.162933332;0.38888888888888884;555892;6170755.489400002;0.387920708582121;119;0.0
Goal_240;555892;6380946.162933332;0.5;555892;5834011.5084;0.4814388706178621;61;0.0
Goal_224;555892;4253964.108622221;0.16666666666666666;555892;4464352.517099999;0.1667341439264447;3600;1.0
Goal_239;555892;6380946.162933332;0.4444444444444444;555892;6290617.4116;0.4444164178459317;100;0.0
Goal_225;555892;4253964.108622221;0.2222222222222222;555899;4261050.334300002;0.23759824342036306;3600;1.0
Goal_236;555892;6380946.162933332;0.2777777777777778;556911;6276239.436199997;0.27758229282576913;1054;0.0
Goal_231;555892;6380946.162933332;0.0;557020;6380688.335799995;0.17524680977530774;3600;1.0
Goal_232;555892;6380946.162933332;0.05555555555555555;560031;6380900.9979;0.08639509827569644;3600;1.0
Goal_233;555892;6380946.162933332;0.1111111111111111;553582;6380944.980299996;0.1665835702425419;3600;1.0
Goal_247;555892;8507928.217244443;0.3333333333333333;557668;7812394.516899999;0.33327187249589957;105;0.0
Goal_246;555892;8507928.217244443;0.2777777777777778;555892;8077746.9684000015;0.277777110676938;333;0.0
Goal_248;555892;8507928.217244443;0.38888888888888884;555892;7537972.484699999;0.3883692865197783;123;0.0
Goal_250;555892;8507928.217244443;0.5;555892;5827225.295399998;0.4791023335324463;46;0.0
Goal_249;555892;8507928.217244443;0.4444444444444444;555921;6978502.1578;0.44443950241440144;148;0.0
Goal_245;555892;8507928.217244443;0.2222222222222222;561568;8069873.327700002;0.22219212127452792;842;0.0
Goal_234;555892;6380946.162933332;0.16666666666666666;555892;6279340.332000002;0.1952846310101694;3600;1.0
Goal_235;555892;6380946.162933332;0.2222222222222222;557191;6380829.880500002;0.23298350445048835;3600;1.0
Goal_252;555892;1.0634910271555554E7;0.05555555555555555;555985;1.05619897542E7;0.05551376953685059;962;0.0
Goal_257;555892;1.0634910271555554E7;0.3333333333333333;555892;1.04242034403E7;0.32153790916761466;92;0.0
Goal_255;555892;1.0634910271555554E7;0.2222222222222222;555918;8505591.855099997;0.2130072324393867;314;0.0
Goal_258;555892;1.0634910271555554E7;0.38888888888888884;555893;7616284.216500002;0.3888450177557246;122;0.0
Goal_260;555892;1.0634910271555554E7;0.5;555892;6308563.632199999;0.46689893793709325;51;0.0
Goal_259;555892;1.0634910271555554E7;0.4444444444444444;556477;1.0480619637799993E7;0.4424189091557364;126;0.0
Goal_256;555892;1.0634910271555554E7;0.2777777777777778;555892;8830825.994500004;0.2728585513289606;350;0.0
Goal_253;555892;1.0634910271555554E7;0.1111111111111111;556514;9611499.442699995;0.11111213273978958;1597;0.0
Goal_264;555892;1.2761892325866664E7;0.16666666666666666;555892;1.2761889995199999E7;0.15897019304699023;114;0.0
Goal_262;555892;1.2761892325866664E7;0.05555555555555555;559667;1.2366308102599995E7;0.055554227815134284;606;0.0
Goal_265;555892;1.2761892325866664E7;0.2222222222222222;555892;1.21205304912E7;0.21703313096983384;123;0.0
Goal_267;555892;1.2761892325866664E7;0.3333333333333333;561942;7619375.635899999;0.33161510819653295;119;0.0
Goal_241;555892;8507928.217244443;0.0;564536;8507931.3436;0.045529877828308724;3600;1.0
Goal_242;555892;8507928.217244443;0.05555555555555555;555892;8469731.317899996;0.07509627903963785;3600;1.0
Goal_243;555892;8507928.217244443;0.1111111111111111;560184;8507918.8509;0.1116323887733821;3600;1.0
Goal_268;555892;1.2761892325866664E7;0.38888888888888884;559205;6507059.374199997;0.3885137213267882;124;0.0
Goal_270;555892;1.2761892325866664E7;0.5;555892;5729679.277200002;0.4775824295144328;58;0.0
Goal_269;555892;1.2761892325866664E7;0.4444444444444444;555892;1.0120493909599997E7;0.44352514115807457;79;0.0
Goal_266;555892;1.2761892325866664E7;0.2777777777777778;555892;1.27232785281E7;0.277777522663782;423;0.0
Goal_263;555892;1.2761892325866664E7;0.1111111111111111;557523;1.0933024706700005E7;0.10997656645799792;1040;0.0
Goal_276;555892;1.4888874380177774E7;0.2777777777777778;555894;8327675.973399998;0.2777724689722356;213;0.0
Goal_275;555892;1.4888874380177774E7;0.2222222222222222;555892;1.4888871710399987E7;0.21458482930723027;302;0.0
Goal_273;555892;1.4888874380177774E7;0.1111111111111111;558742;1.0621482730799997E7;0.1111126993173266;477;0.0
Goal_278;555892;1.4888874380177774E7;0.38888888888888884;555896;5740305.9304;0.38802824126511787;116;0.0
Goal_254;555892;1.0634910271555554E7;0.16666666666666666;556165;9928000.442700004;0.16664505272195873;2579;0.0
Goal_280;555892;1.4888874380177774E7;0.5;555892;5398828.464999998;0.47675696083545765;49;0.0
Goal_274;555892;1.4888874380177774E7;0.16666666666666666;555898;1.3804746290299999E7;0.16665514413401156;532;0.0
Goal_279;555892;1.4888874380177774E7;0.4444444444444444;555892;1.2546650570199998E7;0.4408387945161885;60;0.0
Goal_244;555892;8507928.217244443;0.16666666666666666;555891;7709376.292100005;0.21327605768763988;3600;1.0
Goal_277;555892;1.4888874380177774E7;0.3333333333333333;557702;1.0486456416699998E7;0.3333341441537706;299;0.0
Goal_284;555892;1.7015856434488885E7;0.16666666666666666;555900;1.70158243233E7;0.16400410543186292;358;0.0
Goal_285;555892;1.7015856434488885E7;0.2222222222222222;555900;1.0004085617200008E7;0.22222245939394308;562;0.0
Goal_286;555892;1.7015856434488885E7;0.2777777777777778;556397;1.68669715143E7;0.27777531665333766;476;0.0
Goal_288;555892;1.7015856434488885E7;0.38888888888888884;555892;5849216.664199999;0.38877058130830244;124;0.0
Goal_289;555892;1.7015856434488885E7;0.4444444444444444;555898;1.2697238599200001E7;0.44442277839631283;130;0.0
Goal_290;555892;1.7015856434488885E7;0.5;555892;9493729.915599998;0.4722840460418187;50;0.0
Goal_287;555892;1.7015856434488885E7;0.3333333333333333;555945;1.3752287558800006E7;0.3333219948512019;409;0.0
Goal_251;555892;1.0634910271555554E7;0.0;555892;1.0124443906599995E7;0.07266027545074603;3600;1.0
Goal_293;555892;1.9142838488799997E7;0.1111111111111111;560712;8942287.445099993;0.11110849557665801;661;0.0
Goal_294;555892;1.9142838488799997E7;0.16666666666666666;555893;9131448.6706;0.16627116723098118;1006;0.0
Goal_295;555892;1.9142838488799997E7;0.2222222222222222;555921;1.4775223145499997E7;0.22222254238858252;548;0.0
Goal_296;555892;1.9142838488799997E7;0.2777777777777778;556278;7498091.151699999;0.2777772253421362;196;0.0
Goal_261;555892;1.2761892325866664E7;0.0;580334;1.1074575211700005E7;0.029569672145586586;3600;1.0
Goal_298;555892;1.9142838488799997E7;0.38888888888888884;555892;5849216.664199999;0.38877058130830244;128;0.0
Goal_300;555892;1.9142838488799997E7;0.5;555892;5041786.339699999;0.48172183759329923;55;0.0
Goal_299;555892;1.9142838488799997E7;0.4444444444444444;555892;1.3119795165299999E7;0.4419420578922643;160;0.0
Goal_283;555892;1.7015856434488885E7;0.1111111111111111;557101;1.0248226304599993E7;0.11111006366230616;2775;0.0
Goal_297;555892;1.9142838488799997E7;0.3333333333333333;555892;7853013.010799996;0.33233776091290296;851;0.0
Goal_271;555892;1.4888874380177774E7;0.0;555917;1.48178114054E7;0.05888182379769483;3600;1.0
Goal_272;555892;1.4888874380177774E7;0.05555555555555555;555892;9534768.493900001;0.10236552230147852;3600;1.0
Goal_281;555892;1.7015856434488885E7;0.0;569820;1.5385997350100003E7;0.029788328219557122;3600;1.0
Goal_282;555892;1.7015856434488885E7;0.05555555555555555;555892;1.0922503052499993E7;0.11783533026219084;3600;1.0
Goal_291;555892;1.9142838488799997E7;0.0;569479;1.0228165600000007E7;0.04243780726779087;3600;1.0
Goal_292;555892;1.9142838488799997E7;0.05555555555555555;563870;1.5985516128500003E7;0.11365877491107884;3600;1.0
Goal_310;522970;0.0;0.5;522970;520268.29030000005;0.48686022231453857;35;0.0
Goal_301;522970;0.0;0.0;545931;3480261.2047000024;0.1634608308640939;3600;0.6374886880981965
Goal_302;522970;0.0;0.05555555555555555;543642;3891975.510399998;0.18074927223397316;3600;0.7069828068427968
Goal_303;522970;0.0;0.1111111111111111;555126;3742444.0358000016;0.19066933691265997;3600;0.7235880948003589
Goal_304;522970;0.0;0.16666666666666666;534067;3219970.055199999;0.20760827594705117;3600;0.6989268581854512
Goal_305;522970;0.0;0.2222222222222222;538382;2435659.4229;0.28339758480261024;3600;0.7723078697174993
Goal_306;522970;0.0;0.2777777777777778;552495;2635665.6063;0.2829284248219954;3600;0.6939492749604637
Goal_307;522970;0.0;0.3333333333333333;532754;1749732.4450999997;0.33333339583973637;3600;0.590286263165842
Goal_308;522970;0.0;0.38888888888888884;522971;880352.2335999998;0.38888838196865255;3600;0.30382129227389576
Goal_319;522970;2126982.0543111106;0.4444444444444444;522970;2126933.848599999;0.4444450028703077;401;0.0
Goal_320;522970;2126982.0543111106;0.5;522970;1920166.3409;0.48826270969441515;46;0.0
Goal_309;522970;0.0;0.4444444444444444;522970;567880.4441;0.4444438584434513;3600;0.05698532491952556
Goal_311;522970;2126982.0543111106;0.0;535901;3483790.7876000013;0.13723367329549419;3600;1.0
Goal_318;522970;2126982.0543111106;0.38888888888888884;522981;2123763.0701;0.3888810858102784;1146;0.0
Goal_312;522970;2126982.0543111106;0.05555555555555555;530263;3755861.294500002;0.2041188899922555;3600;1.0
Goal_313;522970;2126982.0543111106;0.1111111111111111;536392;3537102.8696;0.17866837577521477;3600;1.0
Goal_314;522970;2126982.0543111106;0.16666666666666666;531599;3290186.5718999994;0.22276011061692627;3600;1.0
Goal_315;522970;2126982.0543111106;0.2222222222222222;530009;3388065.720200002;0.2629984371322772;3600;1.0
Goal_328;522970;4253964.108622221;0.38888888888888884;522970;4253940.315900002;0.388885059811936;81;0.0
Goal_316;522970;2126982.0543111106;0.2777777777777778;530122;2582478.1062000003;0.27777889781873377;3600;1.0
Goal_317;522970;2126982.0543111106;0.3333333333333333;522974;2417122.862599999;0.3333373005471957;3600;1.0
Goal_327;522970;4253964.108622221;0.3333333333333333;526475;4186361.4089;0.33119772446828016;272;0.0
Goal_330;522970;4253964.108622221;0.5;522970;2419409.5100000007;0.4915799724177524;54;0.0
Goal_329;522970;4253964.108622221;0.4444444444444444;522970;3597012.0104;0.44403696601456233;245;0.0
Goal_326;522970;4253964.108622221;0.2777777777777778;522970;4236318.076999999;0.27777098204104;1591;0.0
Goal_334;522970;6380946.162933332;0.16666666666666666;523070;6080976.697399997;0.16666664156863306;727;0.0
Goal_321;522970;4253964.108622221;0.0;522970;4262371.5917;0.12093451695265126;3600;1.0
Goal_335;522970;6380946.162933332;0.2222222222222222;525984;6380924.675600001;0.21643028811368475;352;0.0
Goal_333;522970;6380946.162933332;0.1111111111111111;527005;6325285.8356;0.1111111101041406;1221;0.0
Goal_339;522970;6380946.162933332;0.4444444444444444;522970;5441916.382599999;0.4408581768442142;8;0.0
Goal_322;522970;4253964.108622221;0.05555555555555555;523360;4281767.2179999985;0.193086405652407;3600;1.0
Goal_340;522970;6380946.162933332;0.5;522970;2657238.1788000003;0.49053836108031146;18;0.0
Goal_338;522970;6380946.162933332;0.38888888888888884;524367;5591315.356900002;0.3885070595176825;158;0.0
Goal_323;522970;4253964.108622221;0.1111111111111111;522982;4836806.701299999;0.2614858776281658;3600;1.0
Goal_337;522970;6380946.162933332;0.3333333333333333;524676;6199627.039699999;0.33156112504705093;391;0.0
Goal_344;522970;8507928.217244443;0.16666666666666666;523101;7346726.9787;0.16666632391391625;249;0.0
Goal_343;522970;8507928.217244443;0.1111111111111111;523140;8502831.101699995;0.11110487466477906;341;0.0
Goal_345;522970;8507928.217244443;0.2222222222222222;523490;7807579.288899994;0.2217526652132819;288;0.0
Goal_324;522970;4253964.108622221;0.16666666666666666;522970;4258816.986799998;0.19413340949114577;3600;1.0
Goal_349;522970;8507928.217244443;0.4444444444444444;522976;3316375.0236000004;0.44366751442222174;105;0.0
Goal_350;522970;8507928.217244443;0.5;522970;3080733.861200001;0.49047357484941634;51;0.0
Goal_348;522970;8507928.217244443;0.38888888888888884;527243;6009858.782300004;0.3888874076164018;266;0.0
Goal_347;522970;8507928.217244443;0.3333333333333333;522970;6798508.1252999995;0.26257696922756907;399;0.0
Goal_346;522970;8507928.217244443;0.2777777777777778;525318;7027449.362999997;0.27713983424274063;491;0.0
Goal_354;522970;1.0634910271555554E7;0.16666666666666666;522970;1.0619892621600002E7;0.13646045084186004;100;0.0
Goal_355;522970;1.0634910271555554E7;0.2222222222222222;522970;1.0096265177500002E7;0.2217660372294378;96;0.0
Goal_352;522970;1.0634910271555554E7;0.05555555555555555;543812;1.0581832285499997E7;0.05556313768390119;359;0.0
Goal_357;522970;1.0634910271555554E7;0.3333333333333333;522970;1.06288120274E7;0.2971341137159822;44;0.0
Goal_356;522970;1.0634910271555554E7;0.2777777777777778;526892;7721446.918900002;0.2777786266034755;130;0.0
Goal_358;522970;1.0634910271555554E7;0.38888888888888884;526179;5350062.973200003;0.3888887247761424;127;0.0
Goal_342;522970;8507928.217244443;0.05555555555555555;526526;8327533.9482;0.05553098998769512;1252;0.0
Goal_359;522970;1.0634910271555554E7;0.4444444444444444;522976;3316375.0236000004;0.44366751442222174;114;0.0
Goal_360;522970;1.0634910271555554E7;0.5;522970;2765486.912800001;0.49072816379431283;60;0.0
Goal_353;522970;1.0634910271555554E7;0.1111111111111111;539436;1.0331051214300001E7;0.11061384447428835;645;0.0
Goal_325;522970;4253964.108622221;0.2222222222222222;522936;4527128.486699999;0.2390805776539997;3600;1.0
Goal_364;522970;1.2761892325866664E7;0.16666666666666666;522972;6845642.113200001;0.15980022427386198;224;0.0
Goal_366;522970;1.2761892325866664E7;0.2777777777777778;523188;1.2745629938100003E7;0.27774412500961476;308;0.0
Goal_367;522970;1.2761892325866664E7;0.3333333333333333;523057;1.2670652040000001E7;0.3332054829887855;240;0.0
Goal_331;522970;6380946.162933332;0.0;531542;6380945.626800003;0.118983532397428;3600;1.0
Goal_332;522970;6380946.162933332;0.05555555555555555;541457;6366737.579599995;0.09499490245989313;3600;1.0
Goal_370;522970;1.2761892325866664E7;0.5;522970;2795161.6275000004;0.4903568581978573;55;0.0
Goal_368;522970;1.2761892325866664E7;0.38888888888888884;522970;6539378.902199996;0.38821881835991284;192;0.0
Goal_369;522970;1.2761892325866664E7;0.4444444444444444;522970;3305174.7807000005;0.4444439374330832;106;0.0
Goal_365;522970;1.2761892325866664E7;0.2222222222222222;528497;8457931.587600004;0.22222242575729967;1112;0.0
Goal_373;522970;1.4888874380177774E7;0.1111111111111111;523643;9401373.502700003;0.10163864095032786;234;0.0
Goal_374;522970;1.4888874380177774E7;0.16666666666666666;526035;8976563.898500001;0.1661168163728245;228;0.0
Goal_376;522970;1.4888874380177774E7;0.2777777777777778;523222;7480405.371100005;0.27773185040545517;172;0.0
Goal_336;522970;6380946.162933332;0.2777777777777778;522968;6118281.768900001;0.29740684338083057;3600;1.0
Goal_377;522970;1.4888874380177774E7;0.3333333333333333;522970;6584711.400400001;0.32886223545069987;224;0.0
Goal_375;522970;1.4888874380177774E7;0.2222222222222222;523037;1.15572782734E7;0.22221874502296246;649;0.0
Goal_379;522970;1.4888874380177774E7;0.4444444444444444;522984;4830970.5258;0.4444429656865862;83;0.0
Goal_378;522970;1.4888874380177774E7;0.38888888888888884;523133;6982029.830299998;0.38886631054509874;152;0.0
Goal_380;522970;1.4888874380177774E7;0.5;522970;2795161.6275000004;0.4903568581978573;69;0.0
Goal_341;522970;8507928.217244443;0.0;542675;8507903.0545;0.03821573938315502;3600;1.0
Goal_384;522970;1.7015856434488885E7;0.16666666666666666;522970;8534638.782500003;0.16342830656560794;297;0.0
Goal_362;522970;1.2761892325866664E7;0.05555555555555555;539002;9765005.4517;0.05555650282933186;2685;0.0
Goal_385;522970;1.7015856434488885E7;0.2222222222222222;523321;1.3425096661599997E7;0.22222222626189586;118;0.0
Goal_387;522970;1.7015856434488885E7;0.3333333333333333;524787;1.0964442520400006E7;0.3333233874847807;124;0.0
Goal_351;522970;1.0634910271555554E7;0.0;532602;1.0590195987399992E7;0.04673262355775102;3600;1.0
Goal_386;522970;1.7015856434488885E7;0.2777777777777778;527253;9502916.789300002;0.27286925687238744;299;0.0
Goal_388;522970;1.7015856434488885E7;0.38888888888888884;523907;6140507.867399998;0.388886754376282;121;0.0
Goal_389;522970;1.7015856434488885E7;0.4444444444444444;522984;4830970.5258;0.4444429656865862;102;0.0
Goal_390;522970;1.7015856434488885E7;0.5;522970;1.01984748708E7;0.4920552558986276;47;0.0
Goal_393;522970;1.9142838488799997E7;0.1111111111111111;522970;1.3959803808799995E7;0.10109515208606147;116;0.0
Goal_394;522970;1.9142838488799997E7;0.16666666666666666;522970;9607411.912600001;0.16650365678188614;257;0.0
Goal_395;522970;1.9142838488799997E7;0.2222222222222222;530107;1.44120133608E7;0.22207822899512966;120;0.0
Goal_361;522970;1.2761892325866664E7;0.0;534563;9725949.357400002;0.06187016177600574;3600;1.0
Goal_363;522970;1.2761892325866664E7;0.1111111111111111;530099;9763246.103799993;0.12178791588297602;3600;1.0
Goal_397;522970;1.9142838488799997E7;0.3333333333333333;523046;1.1909418831799999E7;0.3332921335130226;129;0.0
Goal_392;522970;1.9142838488799997E7;0.05555555555555555;533009;1.4545595385500003E7;0.05556400153772588;734;0.0
Goal_400;522970;1.9142838488799997E7;0.5;522970;1.01984748708E7;0.4920552558986276;55;0.0
Goal_399;522970;1.9142838488799997E7;0.4444444444444444;522984;4830970.5258;0.4444429656865862;85;0.0
Goal_398;522970;1.9142838488799997E7;0.38888888888888884;522970;5953935.818799999;0.38802207424623725;238;0.0
Goal_396;522970;1.9142838488799997E7;0.2777777777777778;522970;9309508.942799995;0.27180531763706095;433;0.0
Goal_382;522970;1.7015856434488885E7;0.05555555555555555;530202;1.1725750940799996E7;0.05555536915982689;2541;0.0
Goal_371;522970;1.4888874380177774E7;0.0;525148;1.0087084184900003E7;0.048769361018970926;3600;1.0
Goal_372;522970;1.4888874380177774E7;0.05555555555555555;522970;1.2651051843200002E7;0.0564945949086386;3600;1.0
Goal_383;522970;1.7015856434488885E7;0.1111111111111111;535632;8189145.384700002;0.11111313472772126;2881;0.0
Goal_381;522970;1.7015856434488885E7;0.0;524123;9427126.402;0.07942032356954301;3600;1.0
Goal_391;522970;1.9142838488799997E7;0.0;526698;1.44335076667E7;0.053593341083530095;3600;1.0
Goal_410;490048;0.0;0.5;490101;0.0;0.44938669160919265;64;0.0
Goal_402;490048;0.0;0.05555555555555555;531781;3419021.8005000004;0.20882652200812657;3600;0.8154848381560104
Goal_401;490048;0.0;0.0;527946;3739732.5041;0.21037133601990946;3600;0.8093685128634998
Goal_403;490048;0.0;0.1111111111111111;525291;2523736.7441000007;0.26304747793202987;3600;0.8591837553923843
Goal_404;490048;0.0;0.16666666666666666;548963;3356801.836899999;0.2262083308700277;3600;0.8557785625403
Goal_405;490048;0.0;0.2222222222222222;549979;3431434.966699998;0.22218454217542133;3600;0.8544849130571927
Goal_406;490048;0.0;0.2777777777777778;537109;2392610.931999999;0.27777852767672623;3600;0.8702014734517887
Goal_407;490048;0.0;0.3333333333333333;490670;1546684.0368999995;0.33630937281131545;3600;0.907339908314276
Goal_408;490048;0.0;0.38888888888888884;491290;492333.2290999999;0.39781344544401853;3600;0.9610044160124717
Goal_418;490048;2126982.0543111106;0.38888888888888884;490139;1419133.2036000001;0.388889334509003;330;0.0
Goal_420;490048;2126982.0543111106;0.5;490048;953426.7194;0.4815765513019232;5;0.0
Goal_419;490048;2126982.0543111106;0.4444444444444444;492030;1531481.7917000004;0.44442771612391013;184;0.0
Goal_409;490048;0.0;0.4444444444444444;490048;14434.161799999998;0.4444444735054193;3600;1.0
Goal_423;490048;4253964.108622221;0.1111111111111111;491278;4247991.516199998;0.11111526594619534;282;0.0
Goal_417;490048;2126982.0543111106;0.3333333333333333;490092;2126704.8821;0.33333346365630573;1638;0.0
Goal_411;490048;2126982.0543111106;0.0;499238;2975654.268900002;0.11957312938809049;3600;1.0
Goal_426;490048;4253964.108622221;0.2777777777777778;494156;4170176.278600001;0.2777465294790013;200;0.0
Goal_427;490048;4253964.108622221;0.3333333333333333;490253;4203663.289299999;0.33330570833434564;378;0.0
Goal_428;490048;4253964.108622221;0.38888888888888884;490048;4248146.0726;0.34166860332866617;39;0.0
Goal_413;490048;2126982.0543111106;0.1111111111111111;509362;3672865.4464;0.20675781508013888;3600;1.0
Goal_412;490048;2126982.0543111106;0.05555555555555555;510277;3430616.5157;0.1524627283166993;3600;1.0
Goal_430;490048;4253964.108622221;0.5;490048;948085.6520000001;0.4825268269375858;5;0.0
Goal_414;490048;2126982.0543111106;0.16666666666666666;504715;2963693.084800001;0.2628370920110183;3600;1.0
Goal_429;490048;4253964.108622221;0.4444444444444444;490048;1289600.5583999995;0.44444451399323304;222;0.0
Goal_415;490048;2126982.0543111106;0.2222222222222222;490048;2576242.0660999995;0.22222279010975995;3600;1.0
Goal_435;490048;6380946.162933332;0.2222222222222222;498912;5931062.552899999;0.2222200795485244;105;0.0
Goal_433;490048;6380946.162933332;0.1111111111111111;490048;6263126.929400003;0.0786319030389267;236;0.0
Goal_436;490048;6380946.162933332;0.2777777777777778;490510;6326543.070099999;0.2777783615283308;148;0.0
Goal_438;490048;6380946.162933332;0.38888888888888884;490335;3411683.1995;0.3878064956728626;67;0.0
Goal_439;490048;6380946.162933332;0.4444444444444444;490048;5268966.243799999;0.4379413522887797;16;0.0
Goal_440;490048;6380946.162933332;0.5;490048;953426.7194;0.4815765513019232;4;0.0
Goal_437;490048;6380946.162933332;0.3333333333333333;493566;5384043.704200002;0.33280871989734;251;0.0
Goal_416;490048;2126982.0543111106;0.2777777777777778;514562;2970166.2509000013;0.2783751621779083;3600;1.0
Goal_443;490048;8507928.217244443;0.1111111111111111;500593;8460334.123100001;0.1098335150719361;217;0.0
Goal_444;490048;8507928.217244443;0.16666666666666666;491586;6580656.104099998;0.1658913927733844;198;0.0
Goal_421;490048;4253964.108622221;0.0;490278;4280561.630000002;0.17072692446798213;3600;1.0
Goal_445;490048;8507928.217244443;0.2222222222222222;490048;7640656.192400001;0.22221861611043597;84;0.0
Goal_422;490048;4253964.108622221;0.05555555555555555;490168;4253634.5178000005;0.16076349804213982;3600;1.0
Goal_448;490048;8507928.217244443;0.38888888888888884;499494;3510836.4343000017;0.3888888047734652;107;0.0
Goal_449;490048;8507928.217244443;0.4444444444444444;490048;5031188.657699999;0.44170464657825875;14;0.0
Goal_450;490048;8507928.217244443;0.5;490048;953426.7194;0.4815765513019232;5;0.0
Goal_446;490048;8507928.217244443;0.2777777777777778;490310;6332082.446699997;0.2774016691985434;241;0.0
Goal_425;490048;4253964.108622221;0.2222222222222222;495449;3949595.574099999;0.22222211589230484;2597;0.0
Goal_447;490048;8507928.217244443;0.3333333333333333;492224;7258771.0606;0.328937476389762;268;0.0
Goal_454;490048;1.0634910271555554E7;0.16666666666666666;491168;1.0522558598299997E7;0.16473726809995132;309;0.0
Goal_424;490048;4253964.108622221;0.16666666666666666;490048;4563216.451400001;0.17109146734435982;3600;1.0
Goal_455;490048;1.0634910271555554E7;0.2222222222222222;490652;7282785.441600002;0.21956464073517162;281;0.0
Goal_456;490048;1.0634910271555554E7;0.2777777777777778;497159;8335843.416;0.27281788701038096;140;0.0
Goal_457;490048;1.0634910271555554E7;0.3333333333333333;490053;8798064.964200001;0.3333139200440771;197;0.0
Goal_459;490048;1.0634910271555554E7;0.4444444444444444;490048;5031188.657699999;0.44170464657825875;13;0.0
Goal_460;490048;1.0634910271555554E7;0.5;490048;953426.7194;0.4815765513019232;4;0.0
Goal_458;490048;1.0634910271555554E7;0.38888888888888884;490313;3739363.6172999996;0.38888965849920926;409;0.0
Goal_453;490048;1.0634910271555554E7;0.1111111111111111;498235;8456058.312100003;0.1110153539985278;1451;0.0
Goal_463;490048;1.2761892325866664E7;0.1111111111111111;496653;9801412.108899998;0.11110990925205126;69;0.0
Goal_464;490048;1.2761892325866664E7;0.16666666666666666;490048;1.0267989860899998E7;0.16264695205646099;70;0.0
Goal_432;490048;6380946.162933332;0.05555555555555555;500156;6248049.203300007;0.055560077178597844;3244;0.0
Goal_466;490048;1.2761892325866664E7;0.2777777777777778;511745;6967390.384;0.2777752407147997;158;0.0
Goal_431;490048;6380946.162933332;0.0;523366;6380931.706499999;0.05514319668255832;3600;1.0
Goal_434;490048;6380946.162933332;0.16666666666666666;495246;6282492.457;0.2424968373037716;3600;1.0
Goal_469;490048;1.2761892325866664E7;0.4444444444444444;490048;5031188.657699999;0.44170464657825875;16;0.0
Goal_465;490048;1.2761892325866664E7;0.2222222222222222;526452;6722496.101499999;0.22222121960419744;585;0.0
Goal_470;490048;1.2761892325866664E7;0.5;490048;953426.7194;0.4815765513019232;5;0.0
Goal_442;490048;8507928.217244443;0.05555555555555555;524793;8281316.8178999955;0.05554038737846772;3421;0.0
Goal_467;490048;1.2761892325866664E7;0.3333333333333333;494044;1.1927534615000002E7;0.33123165534246346;600;0.0
Goal_441;490048;8507928.217244443;0.0;530175;8507386.3681;0.1169248866729543;3600;1.0
Goal_468;490048;1.2761892325866664E7;0.38888888888888884;490086;3531604.8492000005;0.38888305735002926;514;0.0
Goal_475;490048;1.4888874380177774E7;0.2222222222222222;523950;6878067.938900003;0.22222337481533966;109;0.0
Goal_474;490048;1.4888874380177774E7;0.16666666666666666;490056;1.0825132902800001E7;0.15985294951411064;224;0.0
Goal_452;490048;1.0634910271555554E7;0.05555555555555555;503283;1.0047717749599999E7;0.055560888179509535;2886;0.0
Goal_479;490048;1.4888874380177774E7;0.4444444444444444;490048;5031188.657699999;0.44170464657825875;16;0.0
Goal_480;490048;1.4888874380177774E7;0.5;490048;953426.7194;0.4815765513019232;4;0.0
Goal_473;490048;1.4888874380177774E7;0.1111111111111111;507003;1.22416091647E7;0.1100951427580087;455;0.0
Goal_477;490048;1.4888874380177774E7;0.3333333333333333;491644;7589349.675799997;0.33333471260810066;295;0.0
Goal_478;490048;1.4888874380177774E7;0.38888888888888884;501266;5518340.6274000015;0.38822521736822385;317;0.0
Goal_484;490048;1.7015856434488885E7;0.16666666666666666;505947;9429039.241399998;0.1660817093789992;84;0.0
Goal_476;490048;1.4888874380177774E7;0.2777777777777778;504443;7491068.6574;0.2777774992473098;540;0.0
Goal_485;490048;1.7015856434488885E7;0.2222222222222222;492747;7574932.322500001;0.22161303152426576;182;0.0
Goal_486;490048;1.7015856434488885E7;0.2777777777777778;491470;1.0152873658599991E7;0.2777764624702596;288;0.0
Goal_488;490048;1.7015856434488885E7;0.38888888888888884;499476;3748588.440900001;0.388887255782748;143;0.0
Goal_451;490048;1.0634910271555554E7;0.0;511012;8557171.232699996;0.06251602936464608;3600;1.0
Goal_490;490048;1.7015856434488885E7;0.5;490048;953426.7194;0.4815765513019232;5;0.0
Goal_489;490048;1.7015856434488885E7;0.4444444444444444;490048;5031188.657699999;0.44170464657825875;19;0.0
Goal_487;490048;1.7015856434488885E7;0.3333333333333333;490915;1.0959835446200002E7;0.3332963400431713;285;0.0
Goal_493;490048;1.9142838488799997E7;0.1111111111111111;490049;1.1597415306899996E7;0.111066515703602;246;0.0
Goal_483;490048;1.7015856434488885E7;0.1111111111111111;501872;1.3340738529600002E7;0.11102790544365164;991;0.0
Goal_494;490048;1.9142838488799997E7;0.16666666666666666;497619;9551549.268200003;0.15692378005006746;235;0.0
Goal_496;490048;1.9142838488799997E7;0.2777777777777778;490131;9012808.207899999;0.27469173891026255;94;0.0
Goal_495;490048;1.9142838488799997E7;0.2222222222222222;492373;1.28170273183E7;0.22221848983843037;352;0.0
Goal_497;490048;1.9142838488799997E7;0.3333333333333333;490315;6912556.2350999955;0.33332342977026086;275;0.0
Goal_461;490048;1.2761892325866664E7;0.0;540747;9395097.783600006;0.09317661387479714;3600;1.0
Goal_498;490048;1.9142838488799997E7;0.38888888888888884;499476;3748588.440900001;0.388887255782748;126;0.0
Goal_499;490048;1.9142838488799997E7;0.4444444444444444;490048;5031188.657699999;0.44170464657825875;16;0.0
Goal_500;490048;1.9142838488799997E7;0.5;490048;953426.7194;0.4815765513019232;4;0.0
Goal_462;490048;1.2761892325866664E7;0.05555555555555555;507217;8892156.043100001;0.06543402982700139;3600;1.0
Goal_471;490048;1.4888874380177774E7;0.0;542659;1.2405410009599987E7;0.03888324530965239;3600;1.0
Goal_472;490048;1.4888874380177774E7;0.05555555555555555;494742;9664888.0702;0.10411660489600509;3600;1.0
Goal_482;490048;1.7015856434488885E7;0.05555555555555555;503110;1.1153345286099995E7;0.055555648149543294;3322;0.0
Goal_481;490048;1.7015856434488885E7;0.0;509855;7306147.3284;0.09884293090070151;3600;1.0
Goal_491;490048;1.9142838488799997E7;0.0;509724;1.1975714448700003E7;0.07284384340336227;3600;1.0
Goal_492;490048;1.9142838488799997E7;0.05555555555555555;495578;1.1384521334499998E7;0.05661007453966092;3600;1.0
Goal_510;457126;0.0;0.5;457954;0.0;0.4521413014949535;4;0.0
Goal_509;457126;0.0;0.4444444444444444;457892;0.0;0.4132810792192118;110;0.0
Goal_502;457126;0.0;0.05555555555555555;495650;3899107.1776000005;0.22785322516445763;3600;0.9035390904657451
Goal_501;457126;0.0;0.0;498263;2379554.8384000016;0.2700776960936355;3600;0.8816337485992302
Goal_503;457126;0.0;0.1111111111111111;522933;3356569.2646999997;0.22016469205129244;3600;0.9196769569050751
Goal_504;457126;0.0;0.16666666666666666;393111;811330.7716000001;0.29058271473396435;3600;0.963075690247893
Goal_505;457126;0.0;0.2222222222222222;402138;505918.3261999999;0.3151363529227718;3600;0.9904892732677016
Goal_506;457126;0.0;0.2777777777777778;373510;536179.4590000001;0.2809707464450286;3600;1.0
Goal_507;457126;0.0;0.3333333333333333;457127;1140160.2886;0.3400758336956795;3600;1.0
Goal_519;457126;2126982.0543111106;0.4444444444444444;467428;400460.4394;0.4436136821120092;73;0.0
Goal_520;457126;2126982.0543111106;0.5;457256;0.0;0.4527662139309728;4;0.0
Goal_518;457126;2126982.0543111106;0.38888888888888884;457126;1235319.7199999997;0.38888781050882865;519;0.0
Goal_508;457126;0.0;0.38888888888888884;459040;247657.42190000007;0.3888891306809459;3600;1.0
Goal_511;457126;2126982.0543111106;0.0;490405;3845243.166999999;0.16367062161015025;3600;1.0
Goal_512;457126;2126982.0543111106;0.05555555555555555;480707;3639842.824800002;0.11602768255016932;3600;1.0
Goal_516;457126;2126982.0543111106;0.2777777777777778;460892;2123702.433399999;0.27777702677813887;2591;0.0
Goal_526;457126;4253964.108622221;0.2777777777777778;458387;4239032.449;0.2777777820711708;409;0.0
Goal_514;457126;2126982.0543111106;0.16666666666666666;458831;2831473.6160999993;0.17575507144529048;3600;1.0
Goal_513;457126;2126982.0543111106;0.1111111111111111;472832;3208271.746799999;0.19173428843894505;3600;1.0
Goal_515;457126;2126982.0543111106;0.2222222222222222;511748;3465745.4232;0.2819179124975236;3600;1.0
Goal_530;457126;4253964.108622221;0.5;457256;0.0;0.4527662139309728;3;0.0
Goal_529;457126;4253964.108622221;0.4444444444444444;460695;269164.7142;0.44443534410207663;50;0.0
Goal_528;457126;4253964.108622221;0.38888888888888884;457126;4015538.8340999978;0.3443107850278978;178;0.0
Goal_524;457126;4253964.108622221;0.16666666666666666;459070;4247647.415200001;0.16666755541872583;1127;0.0
Goal_527;457126;4253964.108622221;0.3333333333333333;497662;4036464.3093999997;0.33318077092081916;587;0.0
Goal_534;457126;6380946.162933332;0.16666666666666666;461332;6327362.1056;0.16622672314353024;324;0.0
Goal_517;457126;2126982.0543111106;0.3333333333333333;457126;2126976.1853999994;0.33332276412644296;2898;0.0
Goal_535;457126;6380946.162933332;0.2222222222222222;457126;6301283.120900001;0.2177788205089332;466;0.0
Goal_537;457126;6380946.162933332;0.3333333333333333;457774;5941981.092799997;0.2409735418439739;198;0.0
Goal_539;457126;6380946.162933332;0.4444444444444444;460603;240770.4369;0.4444419629475026;69;0.0
Goal_540;457126;6380946.162933332;0.5;457256;0.0;0.4527662139309728;4;0.0
Goal_536;457126;6380946.162933332;0.2777777777777778;510716;5865853.197200002;0.27777428623130673;520;0.0
Goal_538;457126;6380946.162933332;0.38888888888888884;458561;1022792.4758000004;0.3887585370950812;873;0.0
Goal_525;457126;4253964.108622221;0.2222222222222222;457638;4224220.551200001;0.22207695769269464;2582;0.0
Goal_521;457126;4253964.108622221;0.0;470690;4258837.634399999;0.11809960340039623;3600;1.0
Goal_522;457126;4253964.108622221;0.05555555555555555;467756;4253955.826499999;0.06940277209717492;3600;1.0
Goal_545;457126;8507928.217244443;0.2222222222222222;458868;6610311.384199999;0.22222255446562234;77;0.0
Goal_546;457126;8507928.217244443;0.2777777777777778;525348;7049514.051999999;0.27777680223012585;102;0.0
Goal_523;457126;4253964.108622221;0.1111111111111111;466774;4298302.942100001;0.13973908009580008;3600;1.0
Goal_549;457126;8507928.217244443;0.4444444444444444;457147;580480.7465;0.44444486297715324;45;0.0
Goal_550;457126;8507928.217244443;0.5;457256;0.0;0.4527662139309728;3;0.0
Goal_547;457126;8507928.217244443;0.3333333333333333;475292;4348439.078199999;0.3333332242221969;246;0.0
Goal_543;457126;8507928.217244443;0.1111111111111111;458722;6059606.180399998;0.11111289716922793;641;0.0
Goal_544;457126;8507928.217244443;0.16666666666666666;457126;8204447.490500001;0.16612803064410736;805;0.0
Goal_548;457126;8507928.217244443;0.38888888888888884;457421;1253332.9145000002;0.38847201420534117;885;0.0
Goal_554;457126;1.0634910271555554E7;0.16666666666666666;457416;8470862.407900002;0.1665502091904015;322;0.0
Goal_556;457126;1.0634910271555554E7;0.2777777777777778;459788;1.0258527705600005E7;0.2775913705927218;207;0.0
Goal_555;457126;1.0634910271555554E7;0.2222222222222222;457126;8799422.840700002;0.21868715227386465;343;0.0
Goal_558;457126;1.0634910271555554E7;0.38888888888888884;457129;1118093.6135;0.3888875115390049;138;0.0
Goal_557;457126;1.0634910271555554E7;0.3333333333333333;457126;9745398.838300005;0.2770089607631719;192;0.0
Goal_560;457126;1.0634910271555554E7;0.5;457256;0.0;0.4527662139309728;3;0.0
Goal_559;457126;1.0634910271555554E7;0.4444444444444444;457147;580480.7465;0.44444486297715324;51;0.0
Goal_531;457126;6380946.162933332;0.0;519093;6380308.400600002;0.07966065120101816;3600;1.0
Goal_532;457126;6380946.162933332;0.05555555555555555;477203;6372818.5830000015;0.07132603968584152;3600;1.0
Goal_563;457126;1.2761892325866664E7;0.1111111111111111;463762;7699482.970799997;0.11111430670756722;69;0.0
Goal_533;457126;6380946.162933332;0.1111111111111111;498061;6380933.522599998;0.13536380692249095;3600;1.0
Goal_565;457126;1.2761892325866664E7;0.2222222222222222;457126;9219895.210499996;0.2148693716015344;115;0.0
Goal_566;457126;1.2761892325866664E7;0.2777777777777778;471763;7344212.124699998;0.27540475779704876;232;0.0
Goal_567;457126;1.2761892325866664E7;0.3333333333333333;462384;7728854.2836;0.3333268502484815;218;0.0
Goal_569;457126;1.2761892325866664E7;0.4444444444444444;462821;646189.7768999999;0.44363215125348265;48;0.0
Goal_570;457126;1.2761892325866664E7;0.5;457256;0.0;0.4527662139309728;4;0.0
Goal_552;457126;1.0634910271555554E7;0.05555555555555555;493214;1.060582164289999E7;0.05556081610623414;2167;0.0
Goal_553;457126;1.0634910271555554E7;0.1111111111111111;462864;9689716.0538;0.11104840629476782;2138;0.0
Goal_568;457126;1.2761892325866664E7;0.38888888888888884;457159;901028.686;0.38840289752025514;397;0.0
Goal_574;457126;1.4888874380177774E7;0.16666666666666666;463776;8941488.445799997;0.16581607614636484;87;0.0
Goal_541;457126;8507928.217244443;0.0;520741;8425958.904;0.04761166939937539;3600;1.0
Goal_576;457126;1.4888874380177774E7;0.2777777777777778;464983;6676516.7107;0.2777772415905094;178;0.0
Goal_542;457126;8507928.217244443;0.05555555555555555;503222;7640997.4773999965;0.1203855688409813;3600;1.0
Goal_564;457126;1.2761892325866664E7;0.16666666666666666;457140;1.0386939288600001E7;0.16665608605158247;1056;0.0
Goal_579;457126;1.4888874380177774E7;0.4444444444444444;462821;646189.7768999999;0.44363215125348265;61;0.0
Goal_580;457126;1.4888874380177774E7;0.5;457256;0.0;0.4527662139309728;4;0.0
Goal_575;457126;1.4888874380177774E7;0.2222222222222222;464901;1.0364695968300002E7;0.2217387389699194;351;0.0
Goal_573;457126;1.4888874380177774E7;0.1111111111111111;458187;7457599.662100002;0.11110222904542902;611;0.0
Goal_577;457126;1.4888874380177774E7;0.3333333333333333;458020;6637857.276500003;0.33316111550707506;317;0.0
Goal_578;457126;1.4888874380177774E7;0.38888888888888884;457234;1063706.1411999997;0.3888887810908886;355;0.0
Goal_584;457126;1.7015856434488885E7;0.16666666666666666;468567;6784288.0254999995;0.164885474751351;72;0.0
Goal_585;457126;1.7015856434488885E7;0.2222222222222222;457274;8702175.731099999;0.2222226111872353;228;0.0
Goal_586;457126;1.7015856434488885E7;0.2777777777777778;458952;8222486.139799998;0.27772113965530215;237;0.0
Goal_583;457126;1.7015856434488885E7;0.1111111111111111;460047;7935464.303800003;0.11111148888536418;464;0.0
Goal_589;457126;1.7015856434488885E7;0.4444444444444444;462604;629201.4029999999;0.4441792199589989;54;0.0
Goal_590;457126;1.7015856434488885E7;0.5;457256;0.0;0.4527662139309728;3;0.0
Goal_587;457126;1.7015856434488885E7;0.3333333333333333;458640;1.1914704105599994E7;0.33262580977518363;379;0.0
Goal_551;457126;1.0634910271555554E7;0.0;544170;9399481.519400006;0.052874804356314274;3600;1.0
Goal_593;457126;1.9142838488799997E7;0.1111111111111111;458180;9562214.286900003;0.11065854502605553;231;0.0
Goal_588;457126;1.7015856434488885E7;0.38888888888888884;457423;1288101.5100999998;0.3887250660314052;726;0.0
Goal_594;457126;1.9142838488799997E7;0.16666666666666666;457126;6075404.672199994;0.1630557288318415;205;0.0
Goal_595;457126;1.9142838488799997E7;0.2222222222222222;458394;7512589.618200001;0.22222251447872804;200;0.0
Goal_596;457126;1.9142838488799997E7;0.2777777777777778;457399;6235094.863599998;0.2735694250712961;213;0.0
Goal_597;457126;1.9142838488799997E7;0.3333333333333333;457126;1.0685607520200001E7;0.33149280050454893;439;0.0
Goal_599;457126;1.9142838488799997E7;0.4444444444444444;462604;629201.4029999999;0.4441792199589989;54;0.0
Goal_600;457126;1.9142838488799997E7;0.5;457256;0.0;0.4527662139309728;4;0.0
Goal_561;457126;1.2761892325866664E7;0.0;526414;9054706.801400004;0.12186813442961172;3600;1.0
Goal_562;457126;1.2761892325866664E7;0.05555555555555555;491584;1.2427768422200002E7;0.07214771947003475;3600;1.0
Goal_598;457126;1.9142838488799997E7;0.38888888888888884;457423;1288101.5100999998;0.3887250660314052;667;0.0
Goal_592;457126;1.9142838488799997E7;0.05555555555555555;539998;1.3310596268699998E7;0.05555955283881119;1758;0.0
Goal_571;457126;1.4888874380177774E7;0.0;528818;1.2026591612300003E7;0.14929755398498407;3600;1.0
Goal_582;457126;1.7015856434488885E7;0.05555555555555555;494777;1.1568922671600001E7;0.05556354330426754;3051;0.0
Goal_572;457126;1.4888874380177774E7;0.05555555555555555;514040;9480476.579599997;0.09910935873209145;3600;1.0
Goal_608;424204;0.0;0.38888888888888884;425266;0.0;0.3818168423721457;55;0.0
Goal_609;424204;0.0;0.4444444444444444;424679;0.0;0.39485538635370254;3;0.0
Goal_610;424204;0.0;0.5;424679;0.0;0.39485538635370254;3;0.0
Goal_581;457126;1.7015856434488885E7;0.0;524959;1.2550634612100001E7;0.06524946137340668;3600;1.0
Goal_591;457126;1.9142838488799997E7;0.0;534251;1.3595954954499997E7;0.05395087891015789;3600;1.0
Goal_601;424204;0.0;0.0;424229;1142379.8006;0.3493369530924813;3600;0.946588639100829
Goal_602;424204;0.0;0.05555555555555555;410516;934901.1925999998;0.30730140290931035;3600;0.96201985587339
Goal_603;424204;0.0;0.1111111111111111;330243;353199.59039999987;0.22065791542633312;3600;0.9786614685744894
Goal_604;424204;0.0;0.16666666666666666;412012;1037054.4577999996;0.3056827087060145;3600;1.0
Goal_605;424204;0.0;0.2222222222222222;398719;505211.0794;0.30642789272837906;3600;1.0
Goal_618;424204;2126982.0543111106;0.38888888888888884;426914;169946.9408;0.3888675844672143;46;0.0
Goal_619;424204;2126982.0543111106;0.4444444444444444;425105;73083.44949999999;0.39346797699523844;4;0.0
Goal_620;424204;2126982.0543111106;0.5;425105;73083.44949999999;0.39346797699523844;3;0.0
Goal_606;424204;0.0;0.2777777777777778;424206;567923.4949000002;0.34352788254486827;3600;1.0
Goal_607;424204;0.0;0.3333333333333333;423907;437799.91689999984;0.33901058666940226;3600;1.0
Goal_611;424204;2126982.0543111106;0.0;427997;2491358.0240999996;0.10798292700777906;3600;1.0
Goal_617;424204;2126982.0543111106;0.3333333333333333;424205;1318100.7384999995;0.3333334673436427;1055;0.0
Goal_612;424204;2126982.0543111106;0.05555555555555555;455293;3533184.291799999;0.10813700049490499;3600;1.0
Goal_625;424204;4253964.108622221;0.2222222222222222;431286;4214903.402700002;0.22219599424934544;562;0.0
Goal_626;424204;4253964.108622221;0.2777777777777778;424221;4253829.8678;0.27776958431066784;409;0.0
Goal_628;424204;4253964.108622221;0.38888888888888884;424204;261041.59250000003;0.3878096225235037;37;0.0
Goal_629;424204;4253964.108622221;0.4444444444444444;425105;73083.44949999999;0.39346797699523844;3;0.0
Goal_630;424204;4253964.108622221;0.5;425105;73083.44949999999;0.39346797699523844;3;0.0
Goal_613;424204;2126982.0543111106;0.1111111111111111;446529;3379432.8296;0.1940847919779891;3600;1.0
Goal_614;424204;2126982.0543111106;0.16666666666666666;447602;3214845.5928999996;0.20693837124265763;3600;1.0
Goal_615;424204;2126982.0543111106;0.2222222222222222;444158;2821830.4061000003;0.22222236049367294;3600;1.0
Goal_616;424204;2126982.0543111106;0.2777777777777778;447818;3092863.4465999994;0.2854746596733111;3600;1.0
Goal_635;424204;6380946.162933332;0.2222222222222222;426270;5568501.105899999;0.2208330843087124;194;0.0
Goal_636;424204;6380946.162933332;0.2777777777777778;424204;6358339.836400002;0.2685016746732425;30;0.0
Goal_634;424204;6380946.162933332;0.16666666666666666;426160;6067520.397500003;0.16666490535766337;280;0.0
Goal_638;424204;6380946.162933332;0.38888888888888884;424204;41658.6526;0.38888695219635655;39;0.0
Goal_639;424204;6380946.162933332;0.4444444444444444;425105;73083.44949999999;0.39346797699523844;2;0.0
Goal_640;424204;6380946.162933332;0.5;425105;73083.44949999999;0.39346797699523844;3;0.0
Goal_621;424204;4253964.108622221;0.0;445260;4518363.039299999;0.15488020001061492;3600;1.0
Goal_622;424204;4253964.108622221;0.05555555555555555;436118;4258994.1121;0.16151126485153577;3600;1.0
Goal_623;424204;4253964.108622221;0.1111111111111111;425470;4253506.275099999;0.17351996973299533;3600;1.0
Goal_643;424204;8507928.217244443;0.1111111111111111;432270;7557810.8654;0.10988219996037749;253;0.0
Goal_624;424204;4253964.108622221;0.16666666666666666;429159;4254113.416599999;0.17763639282481022;3600;1.0
Goal_646;424204;8507928.217244443;0.2777777777777778;424206;5180300.184199998;0.27777537082111536;68;0.0
Goal_645;424204;8507928.217244443;0.2222222222222222;534487;7660744.992899999;0.2222225392497494;143;0.0
Goal_648;424204;8507928.217244443;0.38888888888888884;424204;41658.6526;0.38888695219635655;40;0.0
Goal_649;424204;8507928.217244443;0.4444444444444444;425105;73083.44949999999;0.39346797699523844;3;0.0
Goal_650;424204;8507928.217244443;0.5;425105;73083.44949999999;0.39346797699523844;3;0.0
Goal_644;424204;8507928.217244443;0.16666666666666666;430864;8348668.4293;0.16666676955467968;244;0.0
Goal_627;424204;4253964.108622221;0.3333333333333333;424131;865662.8095999997;0.33335699023108756;3600;1.0
Goal_631;424204;6380946.162933332;0.0;443279;6366531.051600003;0.1466398720539019;3600;1.0
Goal_653;424204;1.0634910271555554E7;0.1111111111111111;425231;6657277.060500003;0.1111014488315336;244;0.0
Goal_655;424204;1.0634910271555554E7;0.2222222222222222;433731;7325292.426999999;0.22222217531742328;216;0.0
Goal_632;424204;6380946.162933332;0.05555555555555555;459735;6380890.121800001;0.09064723293547033;3600;1.0
Goal_654;424204;1.0634910271555554E7;0.16666666666666666;424394;7677777.240499998;0.16595845637354076;311;0.0
Goal_658;424204;1.0634910271555554E7;0.38888888888888884;424204;41658.6526;0.38888695219635655;46;0.0
Goal_659;424204;1.0634910271555554E7;0.4444444444444444;425105;73083.44949999999;0.39346797699523844;3;0.0
Goal_660;424204;1.0634910271555554E7;0.5;425105;73083.44949999999;0.39346797699523844;3;0.0
Goal_656;424204;1.0634910271555554E7;0.2777777777777778;424584;4921296.4809;0.277775909079554;348;0.0
Goal_637;424204;6380946.162933332;0.3333333333333333;424327;1372152.8790999993;0.33331532925607316;2496;0.0
Goal_647;424204;8507928.217244443;0.3333333333333333;424471;898378.3982999999;0.3333324926799055;1837;0.0
Goal_663;424204;1.2761892325866664E7;0.1111111111111111;461002;7066771.592099998;0.11111386496572599;238;0.0
Goal_664;424204;1.2761892325866664E7;0.16666666666666666;444508;6154133.490800003;0.1614420799685404;75;0.0
Goal_666;424204;1.2761892325866664E7;0.2777777777777778;427724;6228160.825100003;0.2769306002915486;193;0.0
Goal_665;424204;1.2761892325866664E7;0.2222222222222222;424621;6838077.821399999;0.22206023605537875;214;0.0
Goal_668;424204;1.2761892325866664E7;0.38888888888888884;424204;41658.6526;0.38888695219635655;35;0.0
Goal_669;424204;1.2761892325866664E7;0.4444444444444444;425105;73083.44949999999;0.39346797699523844;3;0.0
Goal_670;424204;1.2761892325866664E7;0.5;425105;73083.44949999999;0.39346797699523844;4;0.0
Goal_657;424204;1.0634910271555554E7;0.3333333333333333;438995;3444874.4824000006;0.33333400434142846;1172;0.0
Goal_633;424204;6380946.162933332;0.1111111111111111;435527;6380670.031799999;0.11968344329628522;3600;1.0
Goal_673;424204;1.4888874380177774E7;0.1111111111111111;424204;8470503.055499997;0.1103071698269235;103;0.0
Goal_674;424204;1.4888874380177774E7;0.16666666666666666;444508;6154133.490800003;0.1614420799685404;72;0.0
Goal_667;424204;1.2761892325866664E7;0.3333333333333333;558387;6473701.865299997;0.30427715174612974;456;0.0
Goal_675;424204;1.4888874380177774E7;0.2222222222222222;424861;6689339.780800002;0.22219933479123863;231;0.0
Goal_676;424204;1.4888874380177774E7;0.2777777777777778;424206;6183961.7624;0.27775510226018396;194;0.0
Goal_678;424204;1.4888874380177774E7;0.38888888888888884;424204;41658.6526;0.38888695219635655;32;0.0
Goal_679;424204;1.4888874380177774E7;0.4444444444444444;425105;73083.44949999999;0.39346797699523844;3;0.0
Goal_680;424204;1.4888874380177774E7;0.5;425105;73083.44949999999;0.39346797699523844;3;0.0
Goal_641;424204;8507928.217244443;0.0;500886;8474493.476499999;0.05674044109810089;3600;1.0
Goal_642;424204;8507928.217244443;0.05555555555555555;464112;7602414.5475;0.07282003199489522;3600;1.0
Goal_683;424204;1.7015856434488885E7;0.1111111111111111;430006;7857287.509300004;0.11061295488460744;545;0.0
Goal_684;424204;1.7015856434488885E7;0.16666666666666666;444508;6154133.490800003;0.1614420799685404;78;0.0
Goal_651;424204;1.0634910271555554E7;0.0;507489;1.0634815773099994E7;0.058078697079448384;3600;1.0
Goal_686;424204;1.7015856434488885E7;0.2777777777777778;424204;7912487.9024;0.23370849822722653;22;0.0
Goal_652;424204;1.0634910271555554E7;0.05555555555555555;443862;7391144.0577;0.13937386930637283;3600;1.0
Goal_688;424204;1.7015856434488885E7;0.38888888888888884;424204;41658.6526;0.38888695219635655;36;0.0
Goal_689;424204;1.7015856434488885E7;0.4444444444444444;425105;73083.44949999999;0.39346797699523844;3;0.0
Goal_690;424204;1.7015856434488885E7;0.5;425105;73083.44949999999;0.39346797699523844;3;0.0
Goal_685;424204;1.7015856434488885E7;0.2222222222222222;428824;6412917.5106000025;0.22129666811321488;200;0.0
Goal_661;424204;1.2761892325866664E7;0.0;529745;7862732.428200004;0.07720996901756809;3600;1.0
Goal_662;424204;1.2761892325866664E7;0.05555555555555555;479643;1.2151210044900017E7;0.1123899928289936;3600;1.0
Goal_694;424204;1.9142838488799997E7;0.16666666666666666;444508;6154133.490800003;0.1614420799685404;70;0.0
Goal_695;424204;1.9142838488799997E7;0.2222222222222222;424204;6595687.751599999;0.2222096170640695;200;0.0
Goal_696;424204;1.9142838488799997E7;0.2777777777777778;487138;5101371.658399996;0.2777766694896297;97;0.0
Goal_671;424204;1.4888874380177774E7;0.0;482779;8625968.853800006;0.11779523965272842;3600;1.0
Goal_693;424204;1.9142838488799997E7;0.1111111111111111;477875;9060119.743199999;0.11111466628321742;1004;0.0
Goal_699;424204;1.9142838488799997E7;0.4444444444444444;425105;73083.44949999999;0.39346797699523844;3;0.0
Goal_700;424204;1.9142838488799997E7;0.5;425105;73083.44949999999;0.39346797699523844;3;0.0
Goal_698;424204;1.9142838488799997E7;0.38888888888888884;424204;41658.6526;0.38888695219635655;35;0.0
Goal_672;424204;1.4888874380177774E7;0.05555555555555555;491220;1.1770615661300005E7;0.07136391822659127;3600;1.0
Goal_677;424204;1.4888874380177774E7;0.3333333333333333;424204;690854.0781;0.34682281244383273;3600;1.0
Goal_681;424204;1.7015856434488885E7;0.0;553176;1.2168359217299994E7;0.04131759172063675;3600;1.0
Goal_682;424204;1.7015856434488885E7;0.05555555555555555;475731;1.01170729983E7;0.06161125055394219;3600;1.0
Goal_687;424204;1.7015856434488885E7;0.3333333333333333;422692;1053724.4862999995;0.33974246914922046;3600;1.0
Goal_691;424204;1.9142838488799997E7;0.0;536800;1.5571545187400008E7;0.07325384408254473;3600;1.0
Goal_708;391282;0.0;0.38888888888888884;393179;0.0;0.3367811605397751;3;0.0
Goal_707;391282;0.0;0.3333333333333333;395321;0.0;0.3330713074444973;61;0.0
Goal_709;391282;0.0;0.4444444444444444;393179;0.0;0.3367811605397751;3;0.0
Goal_710;391282;0.0;0.5;393179;0.0;0.3367811605397751;3;0.0
Goal_692;424204;1.9142838488799997E7;0.05555555555555555;429244;7746179.373199998;0.14332959312594037;3600;1.0
Goal_697;424204;1.9142838488799997E7;0.3333333333333333;424203;1046957.6968999999;0.3333503857667351;3600;1.0
Goal_701;391282;0.0;0.0;391282;636335.1877000002;0.31888202970713353;3600;0.9559296582649288
Goal_702;391282;0.0;0.05555555555555555;368816;913461.7852999999;0.2781838550087755;3600;0.9822865608522641
Goal_703;391282;0.0;0.1111111111111111;321445;314251.9391000002;0.20177414841771305;3600;1.0
Goal_717;391282;2126982.0543111106;0.3333333333333333;392831;3921.264;0.33059001767324986;27;0.0
Goal_718;391282;2126982.0543111106;0.38888888888888884;393179;0.0;0.3367811605397751;4;0.0
Goal_719;391282;2126982.0543111106;0.4444444444444444;393179;0.0;0.3367811605397751;3;0.0
Goal_720;391282;2126982.0543111106;0.5;393179;0.0;0.3367811605397751;4;0.0
Goal_704;391282;0.0;0.16666666666666666;362576;534514.49;0.26001236929471955;3600;1.0
Goal_705;391282;0.0;0.2222222222222222;389564;730961.7633000003;0.2877680608642696;3600;1.0
Goal_706;391282;0.0;0.2777777777777778;391243;751624.581;0.29221345851788055;3600;1.0
Goal_711;391282;2126982.0543111106;0.0;474782;3495809.778500001;0.1523847211174956;3600;1.0
Goal_712;391282;2126982.0543111106;0.05555555555555555;417372;2967828.584;0.1567206158450965;3600;1.0
Goal_726;391282;4253964.108622221;0.2777777777777778;400615;4251288.7466;0.2774948318182566;79;0.0
Goal_713;391282;2126982.0543111106;0.1111111111111111;418309;3328165.8351000003;0.18820601978582086;3600;1.0
Goal_728;391282;4253964.108622221;0.38888888888888884;393179;0.0;0.3367811605397751;3;0.0
Goal_727;391282;4253964.108622221;0.3333333333333333;392831;3921.264;0.33059001767324986;22;0.0
Goal_729;391282;4253964.108622221;0.4444444444444444;393179;0.0;0.3367811605397751;3;0.0
Goal_730;391282;4253964.108622221;0.5;393179;0.0;0.3367811605397751;4;0.0
Goal_724;391282;4253964.108622221;0.16666666666666666;395420;4184096.2500999994;0.16666863547864652;1479;0.0
Goal_725;391282;4253964.108622221;0.2222222222222222;402454;4244358.104899996;0.2222216723618349;897;0.0
Goal_734;391282;6380946.162933332;0.16666666666666666;400719;5945992.6601;0.1666693774482667;80;0.0
Goal_735;391282;6380946.162933332;0.2222222222222222;395894;6066197.588700002;0.22215297320778807;311;0.0
Goal_736;391282;6380946.162933332;0.2777777777777778;506450;6029436.5859999955;0.2777795163788554;149;0.0
Goal_737;391282;6380946.162933332;0.3333333333333333;392831;3921.264;0.33059001767324986;27;0.0
Goal_738;391282;6380946.162933332;0.38888888888888884;393179;0.0;0.3367811605397751;3;0.0
Goal_739;391282;6380946.162933332;0.4444444444444444;393179;0.0;0.3367811605397751;2;0.0
Goal_740;391282;6380946.162933332;0.5;393179;0.0;0.3367811605397751;3;0.0
Goal_714;391282;2126982.0543111106;0.16666666666666666;424227;3473257.3021;0.1891428246526219;3600;1.0
Goal_715;391282;2126982.0543111106;0.2222222222222222;405954;2690751.7797000012;0.22222300802384326;3600;1.0
Goal_716;391282;2126982.0543111106;0.2777777777777778;391282;1288220.3033000003;0.29624152451283453;3600;1.0
Goal_721;391282;4253964.108622221;0.0;434640;4263719.8204000015;0.13490645072239815;3600;1.0
Goal_744;391282;8507928.217244443;0.16666666666666666;393164;6895910.4756;0.1666665927217998;211;0.0
Goal_746;391282;8507928.217244443;0.2777777777777778;391282;6382088.281600002;0.20377663689509912;9;0.0
Goal_747;391282;8507928.217244443;0.3333333333333333;392831;3921.264;0.33059001767324986;19;0.0
Goal_748;391282;8507928.217244443;0.38888888888888884;393179;0.0;0.3367811605397751;3;0.0
Goal_749;391282;8507928.217244443;0.4444444444444444;393179;0.0;0.3367811605397751;2;0.0
Goal_750;391282;8507928.217244443;0.5;393179;0.0;0.3367811605397751;2;0.0
Goal_745;391282;8507928.217244443;0.2222222222222222;403428;6720202.016499998;0.22206590785434208;201;0.0
Goal_722;391282;4253964.108622221;0.05555555555555555;460442;4285316.459599997;0.19055087923113723;3600;1.0
Goal_723;391282;4253964.108622221;0.1111111111111111;399512;4003150.602700001;0.18158538304567365;3600;1.0
Goal_754;391282;1.0634910271555554E7;0.16666666666666666;398934;7858352.4661;0.16666846087955564;228;0.0
Goal_755;391282;1.0634910271555554E7;0.2222222222222222;391397;5747130.941799999;0.22186609318958342;246;0.0
Goal_756;391282;1.0634910271555554E7;0.2777777777777778;391282;6382088.281600002;0.20377663689509912;10;0.0
Goal_757;391282;1.0634910271555554E7;0.3333333333333333;392831;3921.264;0.33059001767324986;24;0.0
Goal_758;391282;1.0634910271555554E7;0.38888888888888884;393179;0.0;0.3367811605397751;3;0.0
Goal_759;391282;1.0634910271555554E7;0.4444444444444444;393179;0.0;0.3367811605397751;2;0.0
Goal_760;391282;1.0634910271555554E7;0.5;393179;0.0;0.3367811605397751;3;0.0
Goal_731;391282;6380946.162933332;0.0;400682;6380855.265899995;0.17235679426697395;3600;1.0
Goal_732;391282;6380946.162933332;0.05555555555555555;455948;6346805.143700001;0.07841723972250378;3600;1.0
Goal_733;391282;6380946.162933332;0.1111111111111111;405501;6380945.787900003;0.1468076375339787;3600;1.0
Goal_764;391282;1.2761892325866664E7;0.16666666666666666;394497;5940083.531100002;0.16638973961098238;228;0.0
Goal_765;391282;1.2761892325866664E7;0.2222222222222222;395817;8228384.008300002;0.22179459071244823;490;0.0
Goal_741;391282;8507928.217244443;0.0;476367;7082175.7409;0.10047063079718582;3600;1.0
Goal_767;391282;1.2761892325866664E7;0.3333333333333333;392831;3921.264;0.33059001767324986;25;0.0
Goal_768;391282;1.2761892325866664E7;0.38888888888888884;393179;0.0;0.3367811605397751;3;0.0
Goal_769;391282;1.2761892325866664E7;0.4444444444444444;393179;0.0;0.3367811605397751;3;0.0
Goal_770;391282;1.2761892325866664E7;0.5;393179;0.0;0.3367811605397751;3;0.0
Goal_742;391282;8507928.217244443;0.05555555555555555;456066;7570812.606800001;0.06849957243907742;3600;1.0
Goal_766;391282;1.2761892325866664E7;0.2777777777777778;391282;6552646.1973;0.2732667246263684;359;0.0
Goal_763;391282;1.2761892325866664E7;0.1111111111111111;432543;8531573.1108;0.11111189665387723;1790;0.0
Goal_743;391282;8507928.217244443;0.1111111111111111;437391;8304254.4590000035;0.11159074586000914;3600;1.0
Goal_774;391282;1.4888874380177774E7;0.16666666666666666;405193;5770202.453600001;0.1489363591472431;269;0.0
Goal_751;391282;1.0634910271555554E7;0.0;494973;8549424.165200006;0.10206360750211114;3600;1.0
Goal_777;391282;1.4888874380177774E7;0.3333333333333333;392831;3921.264;0.33059001767324986;25;0.0
Goal_778;391282;1.4888874380177774E7;0.38888888888888884;393179;0.0;0.3367811605397751;3;0.0
Goal_773;391282;1.4888874380177774E7;0.1111111111111111;414421;7223594.797399999;0.11111207739244726;711;0.0
Goal_779;391282;1.4888874380177774E7;0.4444444444444444;393179;0.0;0.3367811605397751;2;0.0
Goal_752;391282;1.0634910271555554E7;0.05555555555555555;463076;8360741.5019000005;0.08926257395757246;3600;1.0
Goal_780;391282;1.4888874380177774E7;0.5;393179;0.0;0.3367811605397751;3;0.0
Goal_775;391282;1.4888874380177774E7;0.2222222222222222;391649;5421015.5615;0.2220048168621022;338;0.0
Goal_753;391282;1.0634910271555554E7;0.1111111111111111;489704;9703508.989599992;0.1282504827072362;3600;1.0
Goal_784;391282;1.7015856434488885E7;0.16666666666666666;391437;6495983.398299999;0.16510771996170312;230;0.0
Goal_776;391282;1.4888874380177774E7;0.2777777777777778;391282;6207779.8732;0.27585310201843904;426;0.0
Goal_783;391282;1.7015856434488885E7;0.1111111111111111;408507;7484404.730800003;0.11110675562812053;288;0.0
Goal_787;391282;1.7015856434488885E7;0.3333333333333333;392831;3921.264;0.33059001767324986;28;0.0
Goal_788;391282;1.7015856434488885E7;0.38888888888888884;393179;0.0;0.3367811605397751;3;0.0
Goal_789;391282;1.7015856434488885E7;0.4444444444444444;393179;0.0;0.3367811605397751;3;0.0
Goal_790;391282;1.7015856434488885E7;0.5;393179;0.0;0.3367811605397751;4;0.0
Goal_785;391282;1.7015856434488885E7;0.2222222222222222;392009;5525302.9903;0.22221883025232217;233;0.0
Goal_786;391282;1.7015856434488885E7;0.2777777777777778;391293;4549329.77;0.2737598735696667;217;0.0
Goal_761;391282;1.2761892325866664E7;0.0;525922;9568538.405700004;0.052997502575246214;3600;1.0
Goal_793;391282;1.9142838488799997E7;0.1111111111111111;415609;8450008.4261;0.1111111429105934;478;0.0
Goal_796;391282;1.9142838488799997E7;0.2777777777777778;391610;4781212.611699997;0.2777774939615217;68;0.0
Goal_797;391282;1.9142838488799997E7;0.3333333333333333;392831;3921.264;0.33059001767324986;25;0.0
Goal_798;391282;1.9142838488799997E7;0.38888888888888884;393179;0.0;0.3367811605397751;3;0.0
Goal_799;391282;1.9142838488799997E7;0.4444444444444444;393179;0.0;0.3367811605397751;2;0.0
Goal_800;391282;1.9142838488799997E7;0.5;393179;0.0;0.3367811605397751;3;0.0
Goal_795;391282;1.9142838488799997E7;0.2222222222222222;391282;7755986.689399999;0.21813934339609387;202;0.0
Goal_794;391282;1.9142838488799997E7;0.16666666666666666;391282;6635338.496100001;0.1641609948779023;591;0.0
Goal_762;391282;1.2761892325866664E7;0.05555555555555555;464044;8748827.592600001;0.06501745047151056;3600;1.0
Goal_771;391282;1.4888874380177774E7;0.0;524294;1.2662225519199999E7;0.0625814921410154;3600;1.0
Goal_772;391282;1.4888874380177774E7;0.05555555555555555;520542;8208780.830100002;0.08980014466929483;3600;1.0
Goal_782;391282;1.7015856434488885E7;0.05555555555555555;513469;1.2868016376099998E7;0.15622375861075088;3600;1.0
Goal_781;391282;1.7015856434488885E7;0.0;537520;9992299.0175;0.04254591641451547;3600;1.0
Goal_807;358360;0.0;0.3333333333333333;362823;0.0;0.29659092172650153;3;0.0
Goal_808;358360;0.0;0.38888888888888884;362823;0.0;0.29659092172650153;3;0.0
Goal_810;358360;0.0;0.5;362823;0.0;0.29659092172650153;3;0.0
Goal_809;358360;0.0;0.4444444444444444;362823;0.0;0.29659092172650153;3;0.0
Goal_791;391282;1.9142838488799997E7;0.0;477840;1.2586405091799997E7;0.06817217847416093;3600;1.0
Goal_792;391282;1.9142838488799997E7;0.05555555555555555;453562;7206378.198299999;0.15497068140818707;3600;1.0
Goal_801;358360;0.0;0.0;352609;881138.8573000003;0.2440773868679213;3600;0.9606925961631108
Goal_802;358360;0.0;0.05555555555555555;357921;846915.0823999997;0.24852118939303314;3600;0.9931803686804226
Goal_803;358360;0.0;0.1111111111111111;342758;431580.3529999999;0.23376744251395937;3600;1.0
Goal_817;358360;2126982.0543111106;0.3333333333333333;362823;0.0;0.29659092172650153;3;0.0
Goal_818;358360;2126982.0543111106;0.38888888888888884;362823;0.0;0.29659092172650153;3;0.0
Goal_819;358360;2126982.0543111106;0.4444444444444444;362823;0.0;0.29659092172650153;4;0.0
Goal_820;358360;2126982.0543111106;0.5;362823;0.0;0.29659092172650153;3;0.0
Goal_816;358360;2126982.0543111106;0.2777777777777778;358843;232643.7254;0.2777646484592681;51;0.0
Goal_804;358360;0.0;0.16666666666666666;358360;468914.6424;0.2578752198530269;3600;1.0
Goal_805;358360;0.0;0.2222222222222222;358360;612574.4071;0.2513967386660515;3600;1.0
Goal_806;358360;0.0;0.2777777777777778;358360;37021.6733;0.2777777429096209;3600;1.0
Goal_812;358360;2126982.0543111106;0.05555555555555555;405380;3617793.973300002;0.1868571718788237;3600;1.0
Goal_811;358360;2126982.0543111106;0.0;406338;2921062.9242000007;0.11572318231971189;3600;1.0
Goal_827;358360;4253964.108622221;0.3333333333333333;362823;0.0;0.29659092172650153;3;0.0
Goal_828;358360;4253964.108622221;0.38888888888888884;362823;0.0;0.29659092172650153;3;0.0
Goal_829;358360;4253964.108622221;0.4444444444444444;362823;0.0;0.29659092172650153;3;0.0
Goal_830;358360;4253964.108622221;0.5;362823;0.0;0.29659092172650153;2;0.0
Goal_826;358360;4253964.108622221;0.2777777777777778;358360;235051.5636;0.2777793189500778;59;0.0
Goal_813;358360;2126982.0543111106;0.1111111111111111;394749;3521287.5183;0.20175923755826491;3600;1.0
Goal_814;358360;2126982.0543111106;0.16666666666666666;401034;3698884.4223000007;0.17545964186484247;3600;1.0
Goal_834;358360;6380946.162933332;0.16666666666666666;396470;5521921.475500001;0.16663446338013663;254;0.0
Goal_835;358360;6380946.162933332;0.2222222222222222;404320;6026450.8895;0.22222188554851105;420;0.0
Goal_836;358360;6380946.162933332;0.2777777777777778;358364;203130.88009999998;0.2777764989556872;38;0.0
Goal_837;358360;6380946.162933332;0.3333333333333333;362823;0.0;0.29659092172650153;3;0.0
Goal_838;358360;6380946.162933332;0.38888888888888884;362823;0.0;0.29659092172650153;3;0.0
Goal_839;358360;6380946.162933332;0.4444444444444444;362823;0.0;0.29659092172650153;3;0.0
Goal_840;358360;6380946.162933332;0.5;362823;0.0;0.29659092172650153;2;0.0
Goal_815;358360;2126982.0543111106;0.2222222222222222;358361;1471299.8638;0.2455913981148026;3600;1.0
Goal_821;358360;4253964.108622221;0.0;429841;4846505.149099997;0.17245199666868338;3600;1.0
Goal_822;358360;4253964.108622221;0.05555555555555555;390427;4304863.4294;0.18496300946832128;3600;1.0
Goal_823;358360;4253964.108622221;0.1111111111111111;418325;4253894.748200001;0.13393906120694354;3600;1.0
Goal_844;358360;8507928.217244443;0.16666666666666666;374315;6109831.5781999985;0.16666697156085727;276;0.0
Goal_846;358360;8507928.217244443;0.2777777777777778;358365;234452.5697;0.2776921335284676;43;0.0
Goal_847;358360;8507928.217244443;0.3333333333333333;362823;0.0;0.29659092172650153;3;0.0
Goal_848;358360;8507928.217244443;0.38888888888888884;362823;0.0;0.29659092172650153;3;0.0
Goal_849;358360;8507928.217244443;0.4444444444444444;362823;0.0;0.29659092172650153;3;0.0
Goal_850;358360;8507928.217244443;0.5;362823;0.0;0.29659092172650153;3;0.0
Goal_833;358360;6380946.162933332;0.1111111111111111;434142;6380483.009199995;0.11111397864644847;1198;0.0
Goal_845;358360;8507928.217244443;0.2222222222222222;358360;5879724.096099999;0.2203455476206249;296;0.0
Goal_824;358360;4253964.108622221;0.16666666666666666;383099;4246797.7641;0.18678721815523766;3600;1.0
Goal_825;358360;4253964.108622221;0.2222222222222222;346954;1723910.1641000002;0.24726667926427312;3600;1.0
Goal_854;358360;1.0634910271555554E7;0.16666666666666666;383012;7288534.434500001;0.16666407041256737;237;0.0
Goal_856;358360;1.0634910271555554E7;0.2777777777777778;358365;234452.5697;0.2776921335284676;50;0.0
Goal_857;358360;1.0634910271555554E7;0.3333333333333333;362823;0.0;0.29659092172650153;3;0.0
Goal_858;358360;1.0634910271555554E7;0.38888888888888884;362823;0.0;0.29659092172650153;3;0.0
Goal_859;358360;1.0634910271555554E7;0.4444444444444444;362823;0.0;0.29659092172650153;3;0.0
Goal_860;358360;1.0634910271555554E7;0.5;362823;0.0;0.29659092172650153;2;0.0
Goal_855;358360;1.0634910271555554E7;0.2222222222222222;366934;5459316.269999999;0.22128835620694623;483;0.0
Goal_853;358360;1.0634910271555554E7;0.1111111111111111;430400;7711458.610500003;0.11111294413998211;1772;0.0
Goal_831;358360;6380946.162933332;0.0;503402;6380952.745799996;0.1098211059967314;3600;1.0
Goal_832;358360;6380946.162933332;0.05555555555555555;365284;6352685.236699998;0.15304771910661227;3600;1.0
Goal_863;358360;1.2761892325866664E7;0.1111111111111111;414413;5869386.637899998;0.1110955344991613;331;0.0
Goal_866;358360;1.2761892325866664E7;0.2777777777777778;358365;234452.5697;0.2776921335284676;48;0.0
Goal_867;358360;1.2761892325866664E7;0.3333333333333333;362823;0.0;0.29659092172650153;4;0.0
Goal_868;358360;1.2761892325866664E7;0.38888888888888884;362823;0.0;0.29659092172650153;3;0.0
Goal_869;358360;1.2761892325866664E7;0.4444444444444444;362823;0.0;0.29659092172650153;4;0.0
Goal_870;358360;1.2761892325866664E7;0.5;362823;0.0;0.29659092172650153;3;0.0
Goal_865;358360;1.2761892325866664E7;0.2222222222222222;378413;4947865.966799999;0.22220778207426978;252;0.0
Goal_841;358360;8507928.217244443;0.0;572695;7537464.050600003;0.1460493369686289;3600;1.0
Goal_842;358360;8507928.217244443;0.05555555555555555;463101;8428167.909900006;0.08829001917071241;3600;1.0
Goal_843;358360;8507928.217244443;0.1111111111111111;462002;7989982.890500001;0.12090088197925267;3600;1.0
Goal_864;358360;1.2761892325866664E7;0.16666666666666666;366660;6442349.3402999975;0.16666700119456046;1156;0.0
Goal_876;358360;1.4888874380177774E7;0.2777777777777778;358365;234452.5697;0.2776921335284676;38;0.0
Goal_877;358360;1.4888874380177774E7;0.3333333333333333;362823;0.0;0.29659092172650153;3;0.0
Goal_878;358360;1.4888874380177774E7;0.38888888888888884;362823;0.0;0.29659092172650153;2;0.0
Goal_879;358360;1.4888874380177774E7;0.4444444444444444;362823;0.0;0.29659092172650153;2;0.0
Goal_880;358360;1.4888874380177774E7;0.5;362823;0.0;0.29659092172650153;2;0.0
Goal_851;358360;1.0634910271555554E7;0.0;547669;1.006349421500001E7;0.09544607455632358;3600;1.0
Goal_852;358360;1.0634910271555554E7;0.05555555555555555;401822;9533143.712099995;0.17274981559282573;3600;1.0
Goal_874;358360;1.4888874380177774E7;0.16666666666666666;386571;6847676.3375;0.16666819324006218;656;0.0
Goal_873;358360;1.4888874380177774E7;0.1111111111111111;439004;9668945.389199998;0.1111109847023291;986;0.0
Goal_884;358360;1.7015856434488885E7;0.16666666666666666;423788;8742195.8145;0.16666511830307343;474;0.0
Goal_886;358360;1.7015856434488885E7;0.2777777777777778;358365;234452.5697;0.2776921335284676;40;0.0
Goal_887;358360;1.7015856434488885E7;0.3333333333333333;362823;0.0;0.29659092172650153;3;0.0
Goal_888;358360;1.7015856434488885E7;0.38888888888888884;362823;0.0;0.29659092172650153;3;0.0
Goal_889;358360;1.7015856434488885E7;0.4444444444444444;362823;0.0;0.29659092172650153;2;0.0
Goal_890;358360;1.7015856434488885E7;0.5;362823;0.0;0.29659092172650153;2;0.0
Goal_861;358360;1.2761892325866664E7;0.0;561674;9678032.413000006;0.06270673665200237;3600;1.0
Goal_862;358360;1.2761892325866664E7;0.05555555555555555;486687;1.1161007269799996E7;0.1781503269711235;3600;1.0
Goal_871;358360;1.4888874380177774E7;0.0;535322;1.3999107539400002E7;0.07046155753292342;3600;1.0
Goal_872;358360;1.4888874380177774E7;0.05555555555555555;421236;6254846.827800003;0.15072627458329627;3600;1.0
Goal_894;358360;1.9142838488799997E7;0.16666666666666666;406704;6209713.476700001;0.1666297474655445;426;0.0
Goal_883;358360;1.7015856434488885E7;0.1111111111111111;418746;7151589.0576;0.1111080958656902;2782;0.0
Goal_897;358360;1.9142838488799997E7;0.3333333333333333;362823;0.0;0.29659092172650153;3;0.0
Goal_898;358360;1.9142838488799997E7;0.38888888888888884;362823;0.0;0.29659092172650153;3;0.0
Goal_899;358360;1.9142838488799997E7;0.4444444444444444;362823;0.0;0.29659092172650153;3;0.0
Goal_900;358360;1.9142838488799997E7;0.5;362823;0.0;0.29659092172650153;3;0.0
Goal_896;358360;1.9142838488799997E7;0.2777777777777778;358365;234452.5697;0.2776921335284676;35;0.0
Goal_875;358360;1.4888874380177774E7;0.2222222222222222;358360;1694874.7544000007;0.2521519283578925;3600;1.0
Goal_881;358360;1.7015856434488885E7;0.0;532972;1.1493383427099995E7;0.09533109268792224;3600;1.0
Goal_882;358360;1.7015856434488885E7;0.05555555555555555;386869;6000074.130399999;0.18842817250073854;3600;1.0
Goal_885;358360;1.7015856434488885E7;0.2222222222222222;358362;844469.6675999996;0.2625712229448755;3600;1.0
Goal_906;325438;0.0;0.2777777777777778;329245;0.0;0.24629952684714596;3;0.0
Goal_907;325438;0.0;0.3333333333333333;329245;0.0;0.24629952684714596;2;0.0
Goal_908;325438;0.0;0.38888888888888884;329245;0.0;0.24629952684714596;2;0.0
Goal_909;325438;0.0;0.4444444444444444;329245;0.0;0.24629952684714596;2;0.0
Goal_910;325438;0.0;0.5;329245;0.0;0.24629952684714596;3;0.0
Goal_891;358360;1.9142838488799997E7;0.0;510300;1.4979904233099993E7;0.07139442491287461;3600;1.0
Goal_892;358360;1.9142838488799997E7;0.05555555555555555;511758;8008640.279100004;0.14273310495346014;3600;1.0
Goal_893;358360;1.9142838488799997E7;0.1111111111111111;358360;999067.6347;0.2510269837378289;3600;1.0
Goal_895;358360;1.9142838488799997E7;0.2222222222222222;358360;898258.6846000002;0.2557496424141309;3600;1.0
Goal_901;325438;0.0;0.0;323146;418728.3425;0.2081836361973835;3600;0.9639728601960446
Goal_916;325438;2126982.0543111106;0.2777777777777778;329245;0.0;0.24629952684714596;3;0.0
Goal_917;325438;2126982.0543111106;0.3333333333333333;329245;0.0;0.24629952684714596;3;0.0
Goal_902;325438;0.0;0.05555555555555555;324774;326042.98920000007;0.20812129266782728;3600;0.9762065236883027
Goal_918;325438;2126982.0543111106;0.38888888888888884;329245;0.0;0.24629952684714596;3;0.0
Goal_919;325438;2126982.0543111106;0.4444444444444444;329245;0.0;0.24629952684714596;2;0.0
Goal_920;325438;2126982.0543111106;0.5;329245;0.0;0.24629952684714596;3;0.0
Goal_915;325438;2126982.0543111106;0.2222222222222222;325487;1298536.3341000003;0.22218794482695464;455;0.0
Goal_903;325438;0.0;0.1111111111111111;315168;314840.98260000005;0.1987449428117333;3600;1.0
Goal_904;325438;0.0;0.16666666666666666;325438;241868.52670000002;0.2118871089998448;3600;1.0
Goal_925;325438;4253964.108622221;0.2222222222222222;325482;480648.831;0.2222222776769211;171;0.0
Goal_926;325438;4253964.108622221;0.2777777777777778;329245;0.0;0.24629952684714596;3;0.0
Goal_927;325438;4253964.108622221;0.3333333333333333;329245;0.0;0.24629952684714596;3;0.0
Goal_928;325438;4253964.108622221;0.38888888888888884;329245;0.0;0.24629952684714596;4;0.0
Goal_929;325438;4253964.108622221;0.4444444444444444;329245;0.0;0.24629952684714596;3;0.0
Goal_905;325438;0.0;0.2222222222222222;325438;51264.68640000001;0.22222598824314338;3600;1.0
Goal_930;325438;4253964.108622221;0.5;329245;0.0;0.24629952684714596;3;0.0
Goal_911;325438;2126982.0543111106;0.0;479193;3061876.7359;0.1325993055734962;3600;1.0
Goal_912;325438;2126982.0543111106;0.05555555555555555;325438;936434.0397999999;0.20926904321342923;3600;1.0
Goal_913;325438;2126982.0543111106;0.1111111111111111;325438;1030411.7878999996;0.21310359623953556;3600;1.0
Goal_935;325438;6380946.162933332;0.2222222222222222;325441;335426.2359999999;0.22222438391394467;69;0.0
Goal_936;325438;6380946.162933332;0.2777777777777778;329245;0.0;0.24629952684714596;3;0.0
Goal_937;325438;6380946.162933332;0.3333333333333333;329245;0.0;0.24629952684714596;3;0.0
Goal_938;325438;6380946.162933332;0.38888888888888884;329245;0.0;0.24629952684714596;3;0.0
Goal_939;325438;6380946.162933332;0.4444444444444444;329245;0.0;0.24629952684714596;4;0.0
Goal_940;325438;6380946.162933332;0.5;329245;0.0;0.24629952684714596;4;0.0
Goal_914;325438;2126982.0543111106;0.16666666666666666;325438;609136.967;0.21374336302584238;3600;1.0
Goal_921;325438;4253964.108622221;0.0;447386;4270961.081599999;0.15485152151206713;3600;1.0
Goal_922;325438;4253964.108622221;0.05555555555555555;463658;4253964.665899999;0.13176860862317066;3600;1.0
Goal_944;325438;8507928.217244443;0.16666666666666666;370773;5941905.980000001;0.166659697291888;1145;0.0
Goal_945;325438;8507928.217244443;0.2222222222222222;325438;438643.9304;0.22218134998179453;120;0.0
Goal_946;325438;8507928.217244443;0.2777777777777778;329245;0.0;0.24629952684714596;3;0.0
Goal_947;325438;8507928.217244443;0.3333333333333333;329245;0.0;0.24629952684714596;3;0.0
Goal_948;325438;8507928.217244443;0.38888888888888884;329245;0.0;0.24629952684714596;3;0.0
Goal_949;325438;8507928.217244443;0.4444444444444444;329245;0.0;0.24629952684714596;3;0.0
Goal_950;325438;8507928.217244443;0.5;329245;0.0;0.24629952684714596;4;0.0
Goal_943;325438;8507928.217244443;0.1111111111111111;428978;8433857.8549;0.1580180272800078;3600;1.0
Goal_923;325438;4253964.108622221;0.1111111111111111;360842;4242586.6701;0.16648826907861566;3600;1.0
Goal_933;325438;6380946.162933332;0.1111111111111111;416072;6380935.857600001;0.12302640045662094;3600;1.0
Goal_941;325438;8507928.217244443;0.0;514245;8304354.978199996;0.07585915298730839;3600;1.0
Goal_942;325438;8507928.217244443;0.05555555555555555;325438;848803.8648000002;0.2170669209077819;3600;1.0
Goal_934;325438;6380946.162933332;0.16666666666666666;325438;739435.9338000002;0.20882317954151813;3600;1.0
Goal_924;325438;4253964.108622221;0.16666666666666666;325438;608417.4301000001;0.210268188834475;3600;1.0
Goal_931;325438;6380946.162933332;0.0;464727;6342692.105600001;0.11424183219449424;3600;1.0
Goal_932;325438;6380946.162933332;0.05555555555555555;325438;2038347.8904000004;0.2135197991789732;3600;1.0
Goal_956;325438;1.0634910271555554E7;0.2777777777777778;329245;0.0;0.24629952684714596;2;0.0
Goal_960;325438;1.0634910271555554E7;0.5;329245;0.0;0.24629952684714596;2;0.0
Goal_958;325438;1.0634910271555554E7;0.38888888888888884;329245;0.0;0.24629952684714596;2;0.0
Goal_959;325438;1.0634910271555554E7;0.4444444444444444;329245;0.0;0.24629952684714596;2;0.0
Goal_957;325438;1.0634910271555554E7;0.3333333333333333;329245;0.0;0.24629952684714596;3;0.0
Goal_965;325438;1.2761892325866664E7;0.2222222222222222;325447;191638.1888;0.2222207478761682;122;0.0
Goal_966;325438;1.2761892325866664E7;0.2777777777777778;329245;0.0;0.24629952684714596;3;0.0
Goal_955;325438;1.0634910271555554E7;0.2222222222222222;325438;393324.9966;0.2222234241908877;134;0.0
Goal_967;325438;1.2761892325866664E7;0.3333333333333333;329245;0.0;0.24629952684714596;3;0.0
Goal_968;325438;1.2761892325866664E7;0.38888888888888884;329245;0.0;0.24629952684714596;3;0.0
Goal_969;325438;1.2761892325866664E7;0.4444444444444444;329245;0.0;0.24629952684714596;2;0.0
Goal_970;325438;1.2761892325866664E7;0.5;329245;0.0;0.24629952684714596;3;0.0
Goal_951;325438;1.0634910271555554E7;0.0;490079;9156543.900999999;0.07423385511672581;3600;1.0
Goal_954;325438;1.0634910271555554E7;0.16666666666666666;397777;6359855.341299997;0.16666693650416345;1387;0.0
Goal_964;325438;1.2761892325866664E7;0.16666666666666666;381449;6448208.6506;0.16666291451352536;2151;0.0
Goal_975;325438;1.4888874380177774E7;0.2222222222222222;325447;191638.1888;0.2222207478761682;132;0.0
Goal_976;325438;1.4888874380177774E7;0.2777777777777778;329245;0.0;0.24629952684714596;4;0.0
Goal_977;325438;1.4888874380177774E7;0.3333333333333333;329245;0.0;0.24629952684714596;3;0.0
Goal_978;325438;1.4888874380177774E7;0.38888888888888884;329245;0.0;0.24629952684714596;4;0.0
Goal_979;325438;1.4888874380177774E7;0.4444444444444444;329245;0.0;0.24629952684714596;3;0.0
Goal_980;325438;1.4888874380177774E7;0.5;329245;0.0;0.24629952684714596;3;0.0
Goal_953;325438;1.0634910271555554E7;0.1111111111111111;475272;8703173.340100002;0.19032310394176252;3600;1.0
Goal_952;325438;1.0634910271555554E7;0.05555555555555555;325438;1074704.9537000002;0.20780362256611382;3600;1.0
Goal_963;325438;1.2761892325866664E7;0.1111111111111111;435383;8527142.947899995;0.15486776551126719;3600;1.0
Goal_961;325438;1.2761892325866664E7;0.0;542716;1.0678226060300002E7;0.0726764275633709;3600;1.0
Goal_962;325438;1.2761892325866664E7;0.05555555555555555;325437;8782776.863599997;0.2143697279759578;3600;1.0
Goal_986;325438;1.7015856434488885E7;0.2777777777777778;329245;0.0;0.24629952684714596;3;0.0
Goal_987;325438;1.7015856434488885E7;0.3333333333333333;329245;0.0;0.24629952684714596;3;0.0
Goal_988;325438;1.7015856434488885E7;0.38888888888888884;329245;0.0;0.24629952684714596;3;0.0
Goal_989;325438;1.7015856434488885E7;0.4444444444444444;329245;0.0;0.24629952684714596;2;0.0
Goal_990;325438;1.7015856434488885E7;0.5;329245;0.0;0.24629952684714596;3;0.0
Goal_985;325438;1.7015856434488885E7;0.2222222222222222;325447;191638.1888;0.2222207478761682;119;0.0
Goal_971;325438;1.4888874380177774E7;0.0;513378;1.2557345997599985E7;0.08996144225940166;3600;1.0
Goal_972;325438;1.4888874380177774E7;0.05555555555555555;325438;4154993.832799999;0.21068023574572378;3600;1.0
Goal_973;325438;1.4888874380177774E7;0.1111111111111111;490864;1.0913776066300001E7;0.12344556839091504;3600;1.0
Goal_974;325438;1.4888874380177774E7;0.16666666666666666;325438;624922.3174;0.20911134962181946;3600;1.0
Goal_996;325438;1.9142838488799997E7;0.2777777777777778;329245;0.0;0.24629952684714596;3;0.0
Goal_997;325438;1.9142838488799997E7;0.3333333333333333;329245;0.0;0.24629952684714596;3;0.0
Goal_995;325438;1.9142838488799997E7;0.2222222222222222;325447;191638.1888;0.2222207478761682;99;0.0
Goal_998;325438;1.9142838488799997E7;0.38888888888888884;329245;0.0;0.24629952684714596;3;0.0
Goal_999;325438;1.9142838488799997E7;0.4444444444444444;329245;0.0;0.24629952684714596;3;0.0
Goal_1000;325438;1.9142838488799997E7;0.5;329245;0.0;0.24629952684714596;3;0.0
Goal_981;325438;1.7015856434488885E7;0.0;535423;9061428.983100003;0.07213267444591138;3600;1.0
Goal_982;325438;1.7015856434488885E7;0.05555555555555555;466816;6317401.371800004;0.1819589179377269;3600;1.0
Goal_983;325438;1.7015856434488885E7;0.1111111111111111;400227;7655804.670200001;0.20125896612801816;3600;1.0
Goal_984;325438;1.7015856434488885E7;0.16666666666666666;325438;1004121.1336999999;0.21260358481684735;3600;1.0
Goal_991;325438;1.9142838488799997E7;0.0;544873;1.4124455503199987E7;0.10684319261851002;3600;1.0
Goal_992;325438;1.9142838488799997E7;0.05555555555555555;325438;1608575.5832999994;0.2177017034739097;3600;1.0
Goal_993;325438;1.9142838488799997E7;0.1111111111111111;325438;661535.9945999999;0.21319991162973823;3600;1.0
Goal_994;325438;1.9142838488799997E7;0.16666666666666666;369803;7503292.110500001;0.17399814067070485;3600;1.0
