Meta_1;613974;0.0;0.0;613974;1522298.1485000001;3.51169283923506E-13;17;0.0
Meta_10;613974;0.0;0.5;613974;1522298.1485000001;3.1377439584837384E-13;18;0.0
Meta_100;613974;1.0006593805300003E7;0.5;613974;4965911.377799998;4.6161967390732273E-17;47;0.0
Meta_101;590971;0.0;0.0;599818;1354463.2669000009;0.0644671292394631;3600;0.38224468544137974
Meta_102;590971;0.0;0.05555555555555555;601130;1259071.0581000007;0.07624138453578255;3600;0.33175628957069847
Meta_103;590971;0.0;0.1111111111111111;598771;1163759.0229;0.11111049058486532;3600;0.21731661000993366
Meta_104;590971;0.0;0.16666666666666666;590971;979562.7518999999;0.16666817103720835;3600;0.11954938734705275
Meta_105;590971;0.0;0.2222222222222222;590971;914200.1134000001;0.22222220207764987;3600;0.08891541981551011
Meta_106;590971;0.0;0.2777777777777778;590971;833382.3832;0.2777780678137242;3600;0.02237882210412804
Meta_107;590971;0.0;0.3333333333333333;590971;810360.4424999999;0.33333479577283565;3600;3.0197644449559763E-4
Meta_108;590971;0.0;0.38888888888888884;590971;807852.2251999998;0.3627456634592609;19;0.0
Meta_109;590971;0.0;0.4444444444444444;590971;807852.2251999998;0.3627456634592609;20;0.0
Meta_11;613974;1111843.7561444447;0.0;613974;1522298.1485000001;8.956737291214458E-17;26;6.893325184453958E-16
Meta_110;590971;0.0;0.5;590971;807852.2251999998;0.3627456634592609;21;0.0
Meta_111;590971;1111843.7561444447;0.0;604298;1358143.2958999998;0.050659746323910654;3600;1.0
Meta_112;590971;1111843.7561444447;0.05555555555555555;604457;1404486.8083000004;0.06789154748705113;3600;1.0
Meta_113;590971;1111843.7561444447;0.1111111111111111;596415;1369848.5274;0.12680127431319074;3600;1.0
Meta_114;590971;1111843.7561444447;0.16666666666666666;594603;1111836.5101000003;0.16666560216177212;1435;0.0
Meta_115;590971;1111843.7561444447;0.2222222222222222;595614;1087608.4411000002;0.2207035611574451;341;0.0
Meta_116;590971;1111843.7561444447;0.2777777777777778;590971;1111841.5006;0.276478791555167;742;0.0
Meta_117;590971;1111843.7561444447;0.3333333333333333;591047;1045448.7355;0.3261059451065525;726;0.0
Meta_118;590971;1111843.7561444447;0.38888888888888884;590985;1111838.9111;0.381423021776888;236;0.0
Meta_119;590971;1111843.7561444447;0.4444444444444444;590971;1110456.6147999999;0.39193079470435394;45;0.0
Meta_12;613974;1111843.7561444447;0.05555555555555555;613974;1522298.1485000001;3.115825062958622E-13;17;0.0
Meta_120;590971;1111843.7561444447;0.5;590971;1093251.7567;0.3335475253573211;275;0.0
Meta_121;590971;2223687.5122888894;0.0;595489;2159345.7910000007;0.13709180593413473;3600;1.0
Meta_122;590971;2223687.5122888894;0.05555555555555555;597642;2017828.1995;0.05421653732112968;500;0.0
Meta_123;590971;2223687.5122888894;0.1111111111111111;593002;2191846.2122;0.11028795814270721;1337;0.0
Meta_124;590971;2223687.5122888894;0.16666666666666666;597746;2207778.7657;0.16602621506117773;179;0.0
Meta_125;590971;2223687.5122888894;0.2222222222222222;590971;2096184.3470999997;0.2130269403386405;439;0.0
Meta_126;590971;2223687.5122888894;0.2777777777777778;591953;2022587.2994;0.2776979024288286;241;0.0
Meta_127;590971;2223687.5122888894;0.3333333333333333;590971;2204671.5930999997;0.33304429809500147;257;0.0
Meta_128;590971;2223687.5122888894;0.38888888888888884;590971;2218790.0769999996;0.37602421365250677;138;0.0
Meta_129;590971;2223687.5122888894;0.4444444444444444;590971;2223686.665199999;0.3749238811035616;140;0.0
Meta_13;613974;1111843.7561444447;0.1111111111111111;613974;1522298.1485000001;3.115825062958622E-13;21;0.0
Meta_130;590971;2223687.5122888894;0.5;590971;2209577.6920999996;0.37508233374002015;128;0.0
Meta_131;590971;3335531.2684333343;0.0;606297;3149347.3298999993;0.013690455693725779;3600;1.0
Meta_132;590971;3335531.2684333343;0.05555555555555555;590979;3221345.0151999984;0.03259320233792277;184;0.0
Meta_133;590971;3335531.2684333343;0.1111111111111111;602498;3327491.9604;0.1066064200534377;716;0.0
Meta_134;590971;3335531.2684333343;0.16666666666666666;593903;3225557.8331999984;0.1664169572607763;710;0.0
Meta_135;590971;3335531.2684333343;0.2222222222222222;591828;3303454.351499999;0.2221764291208038;582;0.0
Meta_136;590971;3335531.2684333343;0.2777777777777778;591626;3293562.5371999997;0.2777614349274013;174;0.0
Meta_137;590971;3335531.2684333343;0.3333333333333333;591068;3234641.0724999984;0.33332388076458863;275;0.0
Meta_138;590971;3335531.2684333343;0.38888888888888884;590971;3305625.349399999;0.35710751225006754;139;0.0
Meta_139;590971;3335531.2684333343;0.4444444444444444;590971;3323961.1347999983;0.3628315404081996;22;0.0
Meta_14;613974;1111843.7561444447;0.16666666666666666;613974;1522298.1485000001;3.115825062958622E-13;21;0.0
Meta_140;590971;3335531.2684333343;0.5;590971;3335524.7986999983;0.3755283383261416;12;0.0
Meta_141;590971;4447375.024577779;0.0;605028;4408541.740499997;0.019489027567824252;3600;1.0
Meta_142;590971;4447375.024577779;0.05555555555555555;595344;4369131.147199998;0.024933291474323493;618;0.0
Meta_143;590971;4447375.024577779;0.1111111111111111;591167;4004518.210399999;0.11109075442719095;152;0.0
Meta_144;590971;4447375.024577779;0.16666666666666666;595148;4257972.976399998;0.16397390816193902;184;0.0
Meta_145;590971;4447375.024577779;0.2222222222222222;591400;4371097.1641999995;0.2171497689101496;221;0.0
Meta_146;590971;4447375.024577779;0.2777777777777778;591311;3554358.0836999984;0.2775611611178768;174;0.0
Meta_147;590971;4447375.024577779;0.3333333333333333;591201;3591147.055299998;0.33333286725447114;731;0.0
Meta_148;590971;4447375.024577779;0.38888888888888884;590971;4425408.7453999985;0.3659220121434971;117;0.0
Meta_149;590971;4447375.024577779;0.4444444444444444;590971;4425408.7453999985;0.3659220121434971;127;0.0
Meta_15;613974;1111843.7561444447;0.2222222222222222;613974;1522298.1485000001;3.161661762205857E-13;16;0.0
Meta_150;590971;4447375.024577779;0.5;590971;3919293.3609999986;0.35304421763529215;21;0.0
Meta_151;590971;5559218.780722223;0.0;604743;5529152.4849000005;0.01484509178049744;3600;1.0
Meta_152;590971;5559218.780722223;0.05555555555555555;613478;5192426.7842999995;0.0296917887662763;406;0.0
Meta_153;590971;5559218.780722223;0.1111111111111111;590971;4552049.976399999;0.11106408875616097;137;0.0
Meta_154;590971;5559218.780722223;0.16666666666666666;590998;4705449.576500001;0.16573781153209985;141;0.0
Meta_155;590971;5559218.780722223;0.2222222222222222;592114;4590202.978899999;0.22221959210636447;172;0.0
Meta_156;590971;5559218.780722223;0.2777777777777778;596401;4362742.639699998;0.2210434427893212;149;0.0
Meta_157;590971;5559218.780722223;0.3333333333333333;591030;4309066.321900001;0.3333289405120187;246;0.0
Meta_158;590971;5559218.780722223;0.38888888888888884;590971;3787323.452099998;0.3527960620813709;113;0.0
Meta_159;590971;5559218.780722223;0.4444444444444444;590971;4806977.1355;0.3492239269185041;123;0.0
Meta_16;613974;1111843.7561444447;0.2777777777777778;613974;1522298.1485000001;3.115825062958622E-13;15;0.0
Meta_160;590971;5559218.780722223;0.5;590971;3891561.4439999983;0.35426847922115445;39;0.0
Meta_161;590971;6671062.536866669;0.0;598080;4749975.6192999985;0.019723858144609533;3600;1.0
Meta_162;590971;6671062.536866669;0.05555555555555555;590971;5193437574;0.03904509966926608;155;0.0
Meta_163;590971;6671062.536866669;0.1111111111111111;591488;4319455.845699998;0.11105079831094655;310;0.0
Meta_164;590971;6671062.536866669;0.16666666666666666;592119;4492992.215100001;0.16666791834962846;124;0.0
Meta_165;590971;6671062.536866669;0.2222222222222222;590971;5093366.054899997;0.22127935576232716;30;0.0
Meta_166;590971;6671062.536866669;0.2777777777777778;590971;5982852.627399999;0.1344575785320798;45;0.0
Meta_167;590971;6671062.536866669;0.3333333333333333;590971;2872609.5061999983;0.3333134232164625;473;0.0
Meta_168;590971;6671062.536866669;0.38888888888888884;590971;3787323.452099998;0.3527960620813709;116;0.0
Meta_169;590971;6671062.536866669;0.4444444444444444;590971;4335559.599699999;0.3492239269185041;178;0.0
Meta_17;613974;1111843.7561444447;0.3333333333333333;613974;1522298.1485000001;3.115822067186639E-13;18;0.0
Meta_170;590971;6671062.536866669;0.5;590971;4361584.813199999;0.35513711933381503;131;0.0
Meta_171;590971;7782906.293011113;0.0;613974;6419916.353800001;2.4251439608514798E-14;1480;0.0
Meta_172;590971;7782906.293011113;0.05555555555555555;591229;5590875.677700002;0.027381829149997858;563;0.0
Meta_173;590971;7782906.293011113;0.1111111111111111;590973;4129072.7042999975;0.11109497062683657;132;0.0
Meta_174;590971;7782906.293011113;0.16666666666666666;591295;4446188.266900001;0.165848646044961;125;0.0
Meta_175;590971;7782906.293011113;0.2222222222222222;595261;4919871.058899998;0.22210028596787534;153;0.0
Meta_176;590971;7782906.293011113;0.2777777777777778;594163;4031205.631499999;0.2777683219373486;194;0.0
Meta_177;590971;7782906.293011113;0.3333333333333333;590971;3751716.5050999993;0.3186902108221765;339;0.0
Meta_178;590971;7782906.293011113;0.38888888888888884;590971;3787323.452099998;0.3527960620813709;152;0.0
Meta_179;590971;7782906.293011113;0.4444444444444444;590971;5693179.470499999;0.3492239269185041;115;0.0
Meta_18;613974;1111843.7561444447;0.38888888888888884;613974;1522298.1485000001;3.115822067186639E-13;17;0.0
Meta_180;590971;7782906.293011113;0.5;590971;4062711.4363999977;0.331253170867087;26;0.0
Meta_181;590971;8894750.049155558;0.0;613974;4379327.0621;7.65193265703118E-14;549;0.0
Meta_182;590971;8894750.049155558;0.05555555555555555;606375;5904455.2685;0.0555606609213134;564;0.0
Meta_183;590971;8894750.049155558;0.1111111111111111;590971;4314435.088899998;0.08593251044799725;142;0.0
Meta_184;590971;8894750.049155558;0.16666666666666666;591295;4446188.266900001;0.165848646044961;156;0.0
Meta_185;590971;8894750.049155558;0.2222222222222222;594911;4816759.714399998;0.21803620015320807;53;0.0
Meta_186;590971;8894750.049155558;0.2777777777777778;592465;4087116.5988999987;0.27775573566317896;148;0.0
Meta_187;590971;8894750.049155558;0.3333333333333333;592377;5241928.221999998;0.33333283086356746;86;0.0
Meta_188;590971;8894750.049155558;0.38888888888888884;590971;3787323.452099998;0.3527960620813709;138;0.0
Meta_189;590971;8894750.049155558;0.4444444444444444;590971;5693179.470499999;0.3492239269185041;125;0.0
Meta_19;613974;1111843.7561444447;0.4444444444444444;613974;1522298.1485000001;3.123166064776839E-13;17;0.0
Meta_190;590971;8894750.049155558;0.5;590971;4062711.4363999977;0.331253170867087;22;0.0
Meta_191;590971;1.0006593805300003E7;0.0;611054;6089453.702699998;0.02770528873620464;3600;1.0
Meta_192;590971;1.0006593805300003E7;0.05555555555555555;591445;6082693.5858000005;0.05555649211488488;150;0.0
Meta_193;590971;1.0006593805300003E7;0.1111111111111111;590971;4314435.088899998;0.08593251044799725;144;0.0
Meta_194;590971;1.0006593805300003E7;0.16666666666666666;591295;4446188.266900001;0.165848646044961;123;0.0
Meta_198;590971;1.0006593805300003E7;0.38888888888888884;590971;3787323.452099998;0.3527960620813709;105;0.0
Meta_199;590971;1.0006593805300003E7;0.4444444444444444;590971;5693179.470499999;0.3492239269185041;109;0.0
Meta_2;613974;0.0;0.05555555555555555;613974;1522298.1485000001;3.130013902441837E-13;15;0.0
Meta_20;613974;1111843.7561444447;0.5;613974;1522298.1485000001;3.123166064776839E-13;17;0.0
Meta_200;590971;1.0006593805300003E7;0.5;590971;4062711.4363999977;0.331253170867087;20;0.0
Meta_201;567968;0.0;0.0;573261;1177266.3166;0.13914996097076618;3600;0.6204252194169508
Meta_202;567968;0.0;0.05555555555555555;572509;1143541.3232999998;0.12152014198458622;3600;0.5553071129489122
Meta_203;567968;0.0;0.1111111111111111;595638;1148849.7515000002;0.111111060019041;3600;0.4920692740328836
Meta_204;567968;0.0;0.16666666666666666;586086;934046.1645;0.16666656403291633;3600;0.468504656015871
Meta_205;567968;0.0;0.2222222222222222;575609;922165.1864000007;0.22222093187252617;3600;0.5247452828366551
Meta_206;567968;0.0;0.2777777777777778;571349;661530.6888999998;0.2777775177811855;3600;0.39328158198602275
Meta_207;567968;0.0;0.3333333333333333;567968;534313.0064;0.333332883828761;3600;0.2858010158702901
Meta_208;567968;0.0;0.38888888888888884;567968;453797.4852000002;0.38888746684736697;3600;0.17377639759678506
Meta_209;567968;0.0;0.4444444444444444;567968;375290.08120000025;0.44444473376201954;3600;8.12669887218787E-5
Meta_21;613974;2223687.5122888894;0.0;613974;2215704.948200001;2.96216242888647E-17;40;0.0
Meta_210;567968;0.0;0.5;567968;374933.4919000002;0.4525927561747117;20;0.0
Meta_211;567968;1111843.7561444447;0.0;589763;1535981079;0.06485002970450388;3623;1.0
Meta_212;567968;1111843.7561444447;0.05555555555555555;584057;1306272.6875999991;0.13089326183882788;3600;1.0
Meta_213;567968;1111843.7561444447;0.1111111111111111;580300;1267751.3272;0.1702951816363072;3600;1.0
Meta_214;567968;1111843.7561444447;0.16666666666666666;574623;1111336.3605000007;0.16648523506870472;1281;0.0
Meta_215;567968;1111843.7561444447;0.2222222222222222;570573;1047860.5200999995;0.22085237881559588;757;0.0
Meta_216;567968;1111843.7561444447;0.2777777777777778;567972;1018707.6208000003;0.2743809892911231;392;0.0
Meta_217;567968;1111843.7561444447;0.3333333333333333;568130;1103066.1665999996;0.3333245591903607;525;0.0
Meta_218;567968;1111843.7561444447;0.38888888888888884;584450;1111555.3521999998;0.31323401927882466;259;0.0
Meta_219;567968;1111843.7561444447;0.4444444444444444;569847;1033488.1881999997;0.44405815211294697;103;0.0
Meta_22;613974;2223687.5122888894;0.05555555555555555;613974;2154380.9030999998;0.0;64;0.0
Meta_220;567968;1111843.7561444447;0.5;567968;1107736.2389;0.4581077452955501;97;0.0
Meta_221;567968;2223687.5122888894;0.0;608680;2108814.8789000004;0.026056319691922625;3600;1.0
Meta_222;567968;2223687.5122888894;0.05555555555555555;599768;2204756.2353000008;0.10329325665792576;3600;1.0
Meta_223;567968;2223687.5122888894;0.1111111111111111;574334;2201490.031499999;0.11083514169065828;410;0.0
Meta_224;567968;2223687.5122888894;0.16666666666666666;567968;2214150.032299999;0.1617503523500792;338;0.0
Meta_227;567968;2223687.5122888894;0.3333333333333333;570658;2097252.576200001;0.33164148747930283;1030;0.0
Meta_228;567968;2223687.5122888894;0.38888888888888884;590773;2085187.4456999998;0.283720976709481;574;0.0
Meta_229;567968;2223687.5122888894;0.4444444444444444;567968;2222474.5404;0.427005475072648;13;0.0
Meta_23;613974;2223687.5122888894;0.1111111111111111;613974;2220293.0057;0.0;56;0.0
Meta_230;567968;2223687.5122888894;0.5;567968;2223264.0445;0.4467391690156136;29;0.0
Meta_231;567968;3335531.2684333343;0.0;604372;3317137.889700001;0.022722864899460533;3600;1.0
Meta_232;567968;3335531.2684333343;0.05555555555555555;583155;2802573.3765999996;0.05555740430503517;421;0.0
Meta_233;567968;3335531.2684333343;0.1111111111111111;573580;3327216.0897999997;0.1110427176310404;236;0.0
Meta_234;567968;3335531.2684333343;0.16666666666666666;568249;2903953.6989999986;0.16666666731067034;45;0.0
Meta_235;567968;3335531.2684333343;0.2222222222222222;580584;3327405.320100001;0.22222445495674947;349;0.0
Meta_236;567968;3335531.2684333343;0.2777777777777778;568562;2896322.206099999;0.2777777917604376;199;0.0
Meta_237;567968;3335531.2684333343;0.3333333333333333;567981;3039701.208799999;0.3330241486652017;548;0.0
Meta_238;567968;3335531.2684333343;0.38888888888888884;567968;3259435.431199998;0.38876382960309125;172;0.0
Meta_239;567968;3335531.2684333343;0.4444444444444444;567968;3021987.7574999984;0.43120937196961906;7;0.0
Meta_24;613974;2223687.5122888894;0.16666666666666666;613974;2223670.1845;4.560136119674442E-15;73;0.0
Meta_240;567968;3335531.2684333343;0.5;567968;3021987.7574999984;0.43120937196961906;7;0.0
Meta_241;567968;4447375.024577779;0.0;607555;4349938.923500001;0.018107507164710514;3600;1.0
Meta_242;567968;4447375.024577779;0.05555555555555555;570317;3527631.4762000004;0.05553748934767178;958;0.0
Meta_243;567968;4447375.024577779;0.1111111111111111;568226;4282436.1951;0.11110418067909567;361;0.0
Meta_244;567968;4447375.024577779;0.16666666666666666;574478;3773971.3585999985;0.16663615074521615;440;0.0
Meta_245;567968;4447375.024577779;0.2222222222222222;573849;4446839345;0.22219438900020164;135;0.0
Meta_246;567968;4447375.024577779;0.2777777777777778;567968;3487217.7328;0.27763729724339964;107;0.0
Meta_247;567968;4447375.024577779;0.3333333333333333;570841;3413028.3654999984;0.3333219472699065;368;0.0
Meta_248;567968;4447375.024577779;0.38888888888888884;567968;3351852.4719999987;0.3887514263820403;216;0.0
Meta_25;613974;2223687.5122888894;0.2222222222222222;613974;2143232.6374999997;7.959481395738228E-15;71;0.0
Meta_251;567968;5559218.780722223;0.0;612024;4968045.103799999;0.01047019505791683;3600;1.0
Meta_252;567968;5559218.780722223;0.05555555555555555;583188;4710856.465300001;0.0555551035799415;367;0.0
Meta_253;567968;5559218.780722223;0.1111111111111111;568225;4386810.269899998;0.11111277161627339;335;0.0
Meta_254;567968;5559218.780722223;0.16666666666666666;582480;3560085.5260999976;0.16629728205593602;316;0.0
Meta_255;567968;5559218.780722223;0.2222222222222222;567968;3880717.054999999;0.22179844651518682;96;0.0
Meta_256;567968;5559218.780722223;0.2777777777777778;567975;4632061.518899999;0.27766619061496406;170;0.0
Meta_257;567968;5559218.780722223;0.3333333333333333;574999;4460988.439000002;0.33304034402198684;113;0.0
Meta_258;567968;5559218.780722223;0.38888888888888884;568003;4084073.215499999;0.38876914430325904;225;0.0
Meta_259;567968;5559218.780722223;0.4444444444444444;567968;4819275.2129999995;0.426984003345031;6;0.0
Meta_26;613974;2223687.5122888894;0.2777777777777778;613974;2212431.2032;6.463968357679283E-18;57;0.0
Meta_260;567968;5559218.780722223;0.5;567968;4819275.2129999995;0.426984003345031;7;0.0
Meta_261;567968;6671062.536866669;0.0;613974;5141869.988099998;4.263475944534756E-15;886;0.0
Meta_262;567968;6671062.536866669;0.05555555555555555;602972;5118187.6985;0.05530035351164697;105;0.0
Meta_263;567968;6671062.536866669;0.1111111111111111;567988;5975254.153000001;0.10577652427788653;96;0.0
Meta_264;567968;6671062.536866669;0.16666666666666666;577430;5144651.864900001;0.16666867728171608;143;0.0
Meta_265;567968;6671062.536866669;0.2222222222222222;567968;4497401.4766;0.21988620531028136;29;0.0
Meta_266;567968;6671062.536866669;0.2777777777777778;576084;3951718.8323999993;0.2765585107481112;150;0.0
Meta_267;567968;6671062.536866669;0.3333333333333333;569186;4270393669;0.33292451559925634;1265;0.0
Meta_268;567968;6671062.536866669;0.38888888888888884;567968;4045845.8327999976;0.3729840641315628;205;0.0
Meta_269;567968;6671062.536866669;0.4444444444444444;567968;4819275.2129999995;0.426984003345031;7;0.0
Meta_27;613974;2223687.5122888894;0.3333333333333333;613974;2206037.293699999;1.315936551592932E-13;76;0.0
Meta_270;567968;6671062.536866669;0.5;567968;5230713.6236;0.4290949764100862;7;0.0
Meta_271;567968;7782906.293011113;0.0;613974;2788743.5921999975;6.264914713735036E-14;998;0.0
Meta_272;567968;7782906.293011113;0.05555555555555555;589857;4710220.207400001;0.05620867809661737;3600;1.0
Meta_273;567968;7782906.293011113;0.1111111111111111;577368;4422467.145399999;0.11091368863050485;355;0.0
Meta_274;567968;7782906.293011113;0.16666666666666666;567968;4532539.421099997;0.1598368706849826;103;0.0
Meta_275;567968;7782906.293011113;0.2222222222222222;577736;5422643.606199998;0.22162322003318274;106;0.0
Meta_276;567968;7782906.293011113;0.2777777777777778;568150;4562274.595000002;0.27777486574998306;154;0.0
Meta_277;567968;7782906.293011113;0.3333333333333333;567984;5737449.410800002;0.3328754288028808;637;0.0
Meta_278;567968;7782906.293011113;0.38888888888888884;570300;5010776.0005;0.3888795042165458;133;0.0
Meta_279;567968;7782906.293011113;0.4444444444444444;567968;4335960.637599999;0.4230929643404831;7;0.0
Meta_28;613974;2223687.5122888894;0.38888888888888884;613974;2223686.3310999996;0.0;67;0.0
Meta_280;567968;7782906.293011113;0.5;567968;5230713.6236;0.4290949764100862;6;0.0
Meta_281;567968;8894750.049155558;0.0;613974;5509153.0688000005;8.014642070239525E-14;1171;0.0
Meta_282;567968;8894750.049155558;0.05555555555555555;608094;5075956.1014;0.05556404704314727;95;0.0
Meta_283;567968;8894750.049155558;0.1111111111111111;596927;6531984607;0.11054290406252269;220;0.0
Meta_284;567968;8894750.049155558;0.16666666666666666;567972;5336883.961099998;0.16666067387465203;36;0.0
Meta_285;567968;8894750.049155558;0.2222222222222222;569816;4910054.7156;0.22221620385081842;106;0.0
Meta_286;567968;8894750.049155558;0.2777777777777778;579363;4723816.239700002;0.2751387249872558;290;0.0
Meta_287;567968;8894750.049155558;0.3333333333333333;569476;3718476.614199999;0.333138695409152;481;0.0
Meta_288;567968;8894750.049155558;0.38888888888888884;568682;4907810.6856999975;0.3888832601506253;196;0.0
Meta_289;567968;8894750.049155558;0.4444444444444444;567968;4324150.3198;0.4249482294809099;6;0.0
Meta_29;613974;2223687.5122888894;0.4444444444444444;613974;2213343.393099998;7.717120098512655E-15;59;0.0
Meta_290;567968;8894750.049155558;0.5;567968;5230713.6236;0.4290949764100862;6;0.0
Meta_291;567968;1.0006593805300003E7;0.0;601577;5137799.0194;0.051483767881090235;3600;1.0
Meta_292;567968;1.0006593805300003E7;0.05555555555555555;608094;5075956.1014;0.05556404704314727;99;0.0
Meta_293;567968;1.0006593805300003E7;0.1111111111111111;585996;4430394.966899999;0.11110870215759204;379;0.0
Meta_294;567968;1.0006593805300003E7;0.16666666666666666;596945;5660768.853599999;0.16637317556876308;383;0.0
Meta_295;567968;1.0006593805300003E7;0.2222222222222222;569816;4910054.7156;0.22221620385081842;107;0.0
Meta_296;567968;1.0006593805300003E7;0.2777777777777778;568882;4626783938;0.27777597003845533;123;0.0
Meta_297;567968;1.0006593805300003E7;0.3333333333333333;570247;3888375.2365999985;0.3328685712100914;663;0.0
Meta_298;567968;1.0006593805300003E7;0.38888888888888884;567975;4708201.077799996;0.3883159784089489;160;0.0
Meta_299;567968;1.0006593805300003E7;0.4444444444444444;567968;4324150.3198;0.4249482294809099;6;0.0
Meta_3;613974;0.0;0.1111111111111111;613974;1522298.1485000001;3.130013902441837E-13;15;0.0
Meta_30;613974;2223687.5122888894;0.5;613974;2223685.2098;4.7514564482855796E-15;63;0.0
Meta_300;567968;1.0006593805300003E7;0.5;567968;5230713.6236;0.4290949764100862;7;0.0
Meta_301;544965;0.0;0.0;567009;1295552.2915000003;0.08944423308296934;3600;0.572580979346005
Meta_302;544965;0.0;0.05555555555555555;556290;1109445.7877999994;0.11260585352634514;3600;0.585079441924546
Meta_303;544965;0.0;0.1111111111111111;566135;1224732.0680000004;0.14290224916100155;3600;0.6579943243752456
Meta_304;544965;0.0;0.16666666666666666;565275;952751.4932999995;0.1666667969081717;3600;0.5111038390377833
Meta_305;544965;0.0;0.2222222222222222;562668;934152.7069999998;0.2222350026115562;3600;0.6331296582676536
Meta_306;544965;0.0;0.2777777777777778;560721;725754.5331;0.27777744688919603;3600;0.6549039729465821
Meta_307;544965;0.0;0.3333333333333333;558581;444407.8917;0.3333325117378233;3600;0.5911542912708885
Meta_309;544965;0.0;0.4444444444444444;544965;131703.4663;0.44444075827221463;3600;0.25337478889417375
Meta_31;613974;3335531.2684333343;0.0;613974;3331676.8304;3.002315549687157E-14;49;0.0
Meta_310;544965;0.0;0.5;544965;84719.0766;0.4968441211356091;10;0.0
Meta_311;544965;1111843.7561444447;0.0;546162;1123717.5251999993;0.15182347031036614;3600;1.0
Meta_312;544965;1111843.7561444447;0.05555555555555555;596594;1400872.5784999998;0.07988168827462258;3600;1.0
Meta_313;544965;1111843.7561444447;0.1111111111111111;562107;1344545.7360999996;0.12268644323413365;3600;1.0
Meta_314;544965;1111843.7561444447;0.16666666666666666;550794;1107427.6066999997;0.16666258348259166;1447;0.0
Meta_315;544965;1111843.7561444447;0.2222222222222222;546132;1111473.7523999994;0.24645647784442207;3600;1.0
Meta_316;544965;1111843.7561444447;0.2777777777777778;548972;1068896.5052999998;0.27774967881826196;357;0.0
Meta_317;544965;1111843.7561444447;0.3333333333333333;548492;1028518.5220000002;0.33323171303693366;832;0.0
Meta_318;544965;1111843.7561444447;0.38888888888888884;545001;993884.3348999993;0.3887439647159826;143;0.0
Meta_319;544965;1111843.7561444447;0.4444444444444444;544987;1107002.7840999998;0.4444438973840814;26;0.0
Meta_32;613974;3335531.2684333343;0.05555555555555555;613974;3220410.6754999994;0.0;34;0.0
Meta_320;544965;1111843.7561444447;0.5;544965;1084799.7120999997;0.4824828475273093;6;0.0
Meta_321;544965;2223687.5122888894;0.0;600871;2219861.5208999994;0.018326726508601454;3600;1.0
Meta_322;544965;2223687.5122888894;0.05555555555555555;554284;2225194.6746000005;0.08772369779105;3600;1.0
Meta_323;544965;2223687.5122888894;0.1111111111111111;562681;2135908.2155000004;0.11095060330554703;410;0.0
Meta_324;544965;2223687.5122888894;0.16666666666666666;552763;2053236.4434000002;0.17575086412540653;3600;1.0
Meta_325;544965;2223687.5122888894;0.2222222222222222;559284;2220715.9539;0.22126781201285142;403;0.0
Meta_326;544965;2223687.5122888894;0.2777777777777778;547613;1544052.0700000008;0.2777562409118369;1028;0.0
Meta_327;544965;2223687.5122888894;0.3333333333333333;545517;2048642.9681999995;0.3332211409935058;133;0.0
Meta_328;544965;2223687.5122888894;0.38888888888888884;547688;2035971.0489000003;0.3884637604017793;194;0.0
Meta_329;544965;2223687.5122888894;0.4444444444444444;551036;1863341.6038000002;0.44385352983592263;94;0.0
Meta_33;613974;3335531.2684333343;0.1111111111111111;613974;3296782.4657000005;0.0;54;0.0
Meta_330;544965;2223687.5122888894;0.5;544965;1840696.0596999999;0.48019770334738326;9;0.0
Meta_331;544965;3335531.2684333343;0.0;604172;3340384.8501000027;0.054538968301137795;3600;1.0
Meta_332;544965;3335531.2684333343;0.05555555555555555;593180;3118154.322299999;0.05156099029764212;510;0.0
Meta_333;544965;3335531.2684333343;0.1111111111111111;560222;3166522.8609000016;0.11019304271739647;363;0.0
Meta_334;544965;3335531.2684333343;0.16666666666666666;545158;2855034.008899999;0.16660929397301108;597;0.0
Meta_335;544965;3335531.2684333343;0.2222222222222222;550089;2377161.4940999993;0.22343154337385646;3600;1.0
Meta_336;544965;3335531.2684333343;0.2777777777777778;548237;3167272.163799999;0.27776662409049824;966;0.0
Meta_337;544965;3335531.2684333343;0.3333333333333333;567108;2803052.7049999987;0.31800352163624923;411;0.0
Meta_338;544965;3335531.2684333343;0.38888888888888884;545189;2210888.0907999994;0.38888883492987786;146;0.0
Meta_339;544965;3335531.2684333343;0.4444444444444444;544968;2435875.6824999982;0.44444437611446314;97;0.0
Meta_34;613974;3335531.2684333343;0.16666666666666666;613974;3326634.4111999986;1.370361291828008E-15;22;0.0
Meta_340;544965;3335531.2684333343;0.5;544965;2607064.4124;0.4822455388036748;7;0.0
Meta_341;544965;4447375.024577779;0.0;613974;3276941.867299998;2.0440862733524486E-17;700;0.0
Meta_342;544965;4447375.024577779;0.05555555555555555;571077;4321999.385899998;0.053907758593202584;824;0.0
Meta_344;544965;4447375.024577779;0.16666666666666666;577094;3622959.4463000013;0.16638934019585705;196;0.0
Meta_345;544965;4447375.024577779;0.2222222222222222;544965;4158934.177399999;0.21062790528729425;392;0.0
Meta_346;544965;4447375.024577779;0.2777777777777778;544965;4316558.301899998;0.27409581521132065;217;0.0
Meta_347;544965;4447375.024577779;0.3333333333333333;564218;3562172.5424;0.33248513088529075;149;0.0
Meta_348;544965;4447375.024577779;0.38888888888888884;546023;3830410.1016;0.3888810426502707;121;0.0
Meta_349;544965;4447375.024577779;0.4444444444444444;546396;2772388.249999999;0.4444282181698603;25;0.0
Meta_35;613974;3335531.2684333343;0.2222222222222222;613974;3032148.371499999;0.0;48;0.0
Meta_350;544965;4447375.024577779;0.5;544965;2607064.4124;0.4822455388036748;6;0.0
Meta_351;544965;5559218.780722223;0.0;613974;4792282.230099998;0.0;2241;0.0
Meta_352;544965;5559218.780722223;0.05555555555555555;613974;5510261.614699998;2.5283016306797577E-14;90;0.0
Meta_353;544965;5559218.780722223;0.1111111111111111;600972;4316334.423000001;0.11019858844788333;267;0.0
Meta_354;544965;5559218.780722223;0.16666666666666666;545088;3323834.958799998;0.16619643377161689;445;0.0
Meta_355;544965;5559218.780722223;0.2222222222222222;544965;3848755.175399999;0.2221970096782687;319;0.0
Meta_356;544965;5559218.780722223;0.2777777777777778;559194;4195526.1351999985;0.27755168339080183;104;0.0
Meta_357;544965;5559218.780722223;0.3333333333333333;544970;4013765.78;0.33318191441710915;528;0.0
Meta_358;544965;5559218.780722223;0.38888888888888884;545057;3632792.7004000004;0.38888828305601586;45;0.0
Meta_359;544965;5559218.780722223;0.4444444444444444;544998;2574210.1306999987;0.44444415436020834;83;0.0
Meta_36;613974;3335531.2684333343;0.2777777777777778;613974;3334072.8618999985;0.0;66;0.0
Meta_360;544965;5559218.780722223;0.5;544965;2607064.4124;0.4822455388036748;6;0.0
Meta_361;544965;6671062.536866669;0.0;576103;5559750.8248000005;0.0649813508588322;3600;1.0
Meta_362;544965;6671062.536866669;0.05555555555555555;599599;4089012.8735000007;0.05555581155303209;1884;0.0
Meta_363;544965;6671062.536866669;0.1111111111111111;577403;3962803.847999998;0.10645657375247163;2689;0.0
Meta_364;544965;6671062.536866669;0.16666666666666666;553389;3743209.887599998;0.16457683142183044;643;0.0
Meta_365;544965;6671062.536866669;0.2222222222222222;570789;4531867.422499999;0.2222199736386202;133;0.0
Meta_366;544965;6671062.536866669;0.2777777777777778;554360;3638457.8663999997;0.27777774447575576;137;0.0
Meta_367;544965;6671062.536866669;0.3333333333333333;571329;3172097.460500001;0.3194116048123516;199;0.0
Meta_368;544965;6671062.536866669;0.38888888888888884;555626;3850574.5760999983;0.3885517593154521;102;0.0
Meta_369;544965;6671062.536866669;0.4444444444444444;544973;2600746.1503999983;0.44442363241889515;91;0.0
Meta_37;613974;3335531.2684333343;0.3333333333333333;613974;3325549.990999997;4.550965081938222E-14;53;0.0
Meta_370;544965;6671062.536866669;0.5;544965;3282253.4891999997;0.4822455388036748;6;0.0
Meta_371;544965;7782906.293011113;0.0;605016;5087904.318700005;0.02137208677435461;3600;1.0
Meta_372;544965;7782906.293011113;0.05555555555555555;609981;5501597.044399998;0.05572540073527901;3600;1.0
Meta_373;544965;7782906.293011113;0.1111111111111111;563777;3236313.1089999992;0.11105098903212562;906;0.0
Meta_374;544965;7782906.293011113;0.16666666666666666;554781;4148338.9136;0.16666712400110037;184;0.0
Meta_375;544965;7782906.293011113;0.2222222222222222;565849;4388205.512999999;0.21853241560024467;29;0.0
Meta_376;544965;7782906.293011113;0.2777777777777778;555207;3774517.1564999986;0.2777795514020623;172;0.0
Meta_377;544965;7782906.293011113;0.3333333333333333;571329;3172097.460500001;0.3194116048123516;194;0.0
Meta_378;544965;7782906.293011113;0.38888888888888884;553975;3738544.8987000007;0.38888931736672894;108;0.0
Meta_379;544965;7782906.293011113;0.4444444444444444;544998;2531735.794799999;0.44431918448538404;91;0.0
Meta_38;613974;3335531.2684333343;0.38888888888888884;613974;3275653.411399998;0.0;34;0.0
Meta_380;544965;7782906.293011113;0.5;544965;2607064.4124;0.4822455388036748;6;0.0
Meta_381;544965;8894750.049155558;0.0;613974;7636395.1477000015;4.990753239621604E-14;362;0.0
Meta_382;544965;8894750.049155558;0.05555555555555555;579030;5425227.435799998;0.0468442922969865;609;0.0
Meta_383;544965;8894750.049155558;0.1111111111111111;550873;3356126.413899998;0.11111313263752978;41;0.0
Meta_384;544965;8894750.049155558;0.16666666666666666;585709;4169570.860199999;0.16666242233992157;145;0.0
Meta_385;544965;8894750.049155558;0.2222222222222222;561257;2763444.383499997;0.221949715000058;353;0.0
Meta_386;544965;8894750.049155558;0.2777777777777778;555019;3740079.9538999987;0.27777794589543403;136;0.0
Meta_387;544965;8894750.049155558;0.3333333333333333;571329;3172097.460500001;0.3194116048123516;195;0.0
Meta_388;544965;8894750.049155558;0.38888888888888884;553975;3738544.8987000007;0.38888931736672894;103;0.0
Meta_389;544965;8894750.049155558;0.4444444444444444;544966;2693865.002099999;0.4443716412872361;106;0.0
Meta_39;613974;3335531.2684333343;0.4444444444444444;613974;3294380.844799999;1.939190507303785E-16;53;0.0
Meta_390;544965;8894750.049155558;0.5;544965;1889370.8946000002;0.4822455388036748;6;0.0
Meta_391;544965;1.0006593805300003E7;0.0;613974;5702858.915900003;7.848149419415959E-14;651;0.0
Meta_392;544965;1.0006593805300003E7;0.05555555555555555;589457;4687608.503799999;0.0554309069590187;409;0.0
Meta_393;544965;1.0006593805300003E7;0.1111111111111111;598997;3718520.0359000014;0.10654465280882648;653;0.0
Meta_394;544965;1.0006593805300003E7;0.16666666666666666;577532;4050763.0835;0.16666699617684338;138;0.0
Meta_395;544965;1.0006593805300003E7;0.2222222222222222;549056;3805540.4054999994;0.21776164874297574;402;0.0
Meta_396;544965;1.0006593805300003E7;0.2777777777777778;555019;3740079.9538999987;0.27777794589543403;129;0.0
Meta_397;544965;1.0006593805300003E7;0.3333333333333333;571329;3172097.460500001;0.3194116048123516;185;0.0
Meta_398;544965;1.0006593805300003E7;0.38888888888888884;553975;3738544.8987000007;0.38888931736672894;102;0.0
Meta_399;544965;1.0006593805300003E7;0.4444444444444444;544966;2693865.002099999;0.4443716412872361;110;0.0
Meta_4;613974;0.0;0.16666666666666666;613974;1522298.1485000001;3.147480752831025E-13;18;0.0
Meta_40;613974;3335531.2684333343;0.5;613974;3327584.8041;0.0;70;0.0
Meta_400;544965;1.0006593805300003E7;0.5;544965;2607064.4124;0.4822455388036748;6;0.0
Meta_401;521962;0.0;0.0;548681;1356566.8977000006;0.06916059692218726;3600;0.5408841516292432
Meta_402;521962;0.0;0.05555555555555555;542321;1185907.5402000006;0.13064581724263863;3600;0.6979977464730599
Meta_403;521962;0.0;0.1111111111111111;537287;901293.4531999999;0.18905367131359763;3600;0.7974780759061867
Meta_404;521962;0.0;0.16666666666666666;554174;1224114.2182000007;0.16666290442380008;3600;0.7060880911100456
Meta_405;521962;0.0;0.2222222222222222;525510;603584.7716999999;0.27675666330177134;3602;0.8970924719552114
Meta_406;521962;0.0;0.2777777777777778;538753;555159.8205000001;0.27777618712457836;3600;0.6808798275095156
Meta_407;521962;0.0;0.3333333333333333;522030;318274391;0.3333320743916952;3600;0.6493254326236607
Meta_408;521962;0.0;0.38888888888888884;527836;170397.8834;0.41019273109583604;3600;0.9672767366467856
Meta_409;521962;0.0;0.4444444444444444;523320;101080.31629999998;0.4498349153086542;3600;1.0
Meta_41;613974;4447375.024577779;0.0;613974;4430044.909099999;6.463968357679283E-18;27;0.0
Meta_410;521962;0.0;0.5;525440;0.0;0.49974530061343286;66;0.0
Meta_411;521962;1111843.7561444447;0.0;539350;1369881.9371;0.0826001191303081;3600;1.0
Meta_412;521962;1111843.7561444447;0.05555555555555555;525814;1111841.8700000006;0.22284563899609713;3600;1.0
Meta_413;521962;1111843.7561444447;0.1111111111111111;549681;1312413.7919;0.11111194794005251;3600;1.0
Meta_414;521962;1111843.7561444447;0.16666666666666666;557609;1111530.843599999;0.18164194466731953;3600;1.0
Meta_415;521962;1111843.7561444447;0.2222222222222222;553055;1111848.6882999996;0.2699653762252702;3600;1.0
Meta_416;521962;1111843.7561444447;0.2777777777777778;541812;1093515.2686000003;0.27775434380328423;654;0.0
Meta_417;521962;1111843.7561444447;0.3333333333333333;522381;973228.9472999997;0.3333030739461244;682;0.0
Meta_418;521962;1111843.7561444447;0.38888888888888884;527252;812442.9498999997;0.3888893715922164;151;0.0
Meta_419;521962;1111843.7561444447;0.4444444444444444;525113;1080168.4542999999;0.44444379739913065;126;0.0
Meta_42;613974;4447375.024577779;0.05555555555555555;613974;4334263.4486;1.635246533578366E-14;19;0.0
Meta_420;521962;1111843.7561444447;0.5;521962;1081417.6083999996;0.49288694200658995;15;0.0
Meta_421;521962;2223687.5122888894;0.0;568572;2220958.489799999;0.13125096996402041;3600;1.0
Meta_422;521962;2223687.5122888894;0.05555555555555555;596389;2029415.1767000002;0.055563648539824165;3165;0.0
Meta_423;521962;2223687.5122888894;0.1111111111111111;583806;2170791.480600002;0.11111171673253059;121;0.0
Meta_424;521962;2223687.5122888894;0.16666666666666666;536886;2052673.3839999994;0.16613424275936323;721;0.0
Meta_425;521962;2223687.5122888894;0.2222222222222222;544333;2104486.9157999996;0.22222128796452956;1805;0.0
Meta_426;521962;2223687.5122888894;0.2777777777777778;532718;2068546.895099999;0.2777762651123603;412;0.0
Meta_427;521962;2223687.5122888894;0.3333333333333333;540903;1677147.1390000002;0.3332690664116316;130;0.0
Meta_428;521962;2223687.5122888894;0.38888888888888884;549161;2058555.5754;0.3881146899288797;129;0.0
Meta_429;521962;2223687.5122888894;0.4444444444444444;527060;2039600.0224000004;0.44444422991955285;25;0.0
Meta_43;613974;4447375.024577779;0.1111111111111111;613974;4268240.025299999;8.907735898196337E-14;43;0.0
Meta_430;521962;2223687.5122888894;0.5;521962;2166708.3301;0.49157189162052267;6;0.0
Meta_431;521962;3335531.2684333343;0.0;606853;3281466.2887000013;0.023484675060908802;3600;1.0
Meta_432;521962;3335531.2684333343;0.05555555555555555;569068;3331989.2249000003;0.055564525254939566;387;0.0
Meta_433;521962;3335531.2684333343;0.1111111111111111;569044;3335067.0521000004;0.11070082305364733;487;0.0
Meta_434;521962;3335531.2684333343;0.16666666666666666;565406;2638484.3364999993;0.1666661892852101;397;0.0
Meta_435;521962;3335531.2684333343;0.2222222222222222;529076;2558997.108599998;0.220738598852584;712;0.0
Meta_436;521962;3335531.2684333343;0.2777777777777778;522405;2989224.8425999987;0.2776409777846053;609;0.0
Meta_437;521962;3335531.2684333343;0.3333333333333333;532234;3335480.2042;0.33327871868150477;109;0.0
Meta_438;521962;3335531.2684333343;0.38888888888888884;522291;1608226.4778999994;0.3888750736469046;329;0.0
Meta_439;521962;3335531.2684333343;0.4444444444444444;522200;2843444.3008999983;0.4442769703741418;112;0.0
Meta_44;613974;4447375.024577779;0.16666666666666666;613974;4204494.6419;0.0;32;0.0
Meta_440;521962;3335531.2684333343;0.5;521962;3055905.1393999993;0.49116515260015475;6;0.0
Meta_441;521962;4447375.024577779;0.0;569594;3316764.119599999;0.09544481379342042;3600;1.0
Meta_442;521962;4447375.024577779;0.05555555555555555;610593;4227395.615899999;0.057865282030252346;3600;1.0
Meta_443;521962;4447375.024577779;0.1111111111111111;584174;3645590.2690999997;0.11111251045605963;81;0.0
Meta_444;521962;4447375.024577779;0.16666666666666666;568206;3793443.7539999983;0.16666925991682388;1612;0.0
Meta_445;521962;4447375.024577779;0.2222222222222222;554204;2638114.488500001;0.22222194765111367;143;0.0
Meta_446;521962;4447375.024577779;0.2777777777777778;528842;3582625.049299999;0.27777086628897435;2933;0.0
Meta_447;521962;4447375.024577779;0.3333333333333333;532623;3745056.630100001;0.3318372188329008;201;0.0
Meta_448;521962;4447375.024577779;0.38888888888888884;522065;3536151.5609;0.38888293088147824;142;0.0
Meta_449;521962;4447375.024577779;0.4444444444444444;530896;4029361702;0.4444422289261478;83;0.0
Meta_45;613974;4447375.024577779;0.2222222222222222;613974;4431950.2936;4.78333658468267E-16;24;0.0
Meta_450;521962;4447375.024577779;0.5;521962;3726725.2514;0.4937948319382775;8;0.0
Meta_451;521962;5559218.780722223;0.0;608946;2940091.0248000002;0.008284608018833923;3600;1.0
Meta_452;521962;5559218.780722223;0.05555555555555555;606399;4706379.292599998;0.05157401567068749;496;0.0
Meta_453;521962;5559218.780722223;0.1111111111111111;592182;4260186.838700002;0.11104894553671131;909;0.0
Meta_454;521962;5559218.780722223;0.16666666666666666;568602;4336956.3544000015;0.1666667895929389;329;0.0
Meta_455;521962;5559218.780722223;0.2222222222222222;533259;3434885.4234;0.22222432287111366;123;0.0
Meta_456;521962;5559218.780722223;0.2777777777777778;530727;4719800.966200002;0.2765637831788629;142;0.0
Meta_457;521962;5559218.780722223;0.3333333333333333;535908;4632112.423300002;0.33300953507951314;104;0.0
Meta_458;521962;5559218.780722223;0.38888888888888884;523094;3371857.2682999987;0.38888920392137627;103;0.0
Meta_459;521962;5559218.780722223;0.4444444444444444;526519;4084640.8597000022;0.4443898485669899;23;0.0
Meta_46;613974;4447375.024577779;0.2777777777777778;613974;4387273.2009000005;0.0;59;0.0
Meta_460;521962;5559218.780722223;0.5;521962;3726725.2514;0.4937948319382775;7;0.0
Meta_461;521962;6671062.536866669;0.0;613974;6120521.364899998;5.672239670998209E-14;361;0.0
Meta_462;521962;6671062.536866669;0.05555555555555555;600982;4783632.4376;0.055557888757611855;1123;0.0
Meta_463;521962;6671062.536866669;0.1111111111111111;602310;4871524.064200001;0.11111179183807968;100;0.0
Meta_464;521962;6671062.536866669;0.16666666666666666;606783;5147430.280400003;0.11701563901522213;473;0.0
Meta_465;521962;6671062.536866669;0.2222222222222222;530717;3276680.0902;0.2221458666252496;132;0.0
Meta_466;521962;6671062.536866669;0.2777777777777778;536915;4299025.763300002;0.27776190021790576;114;0.0
Meta_467;521962;6671062.536866669;0.3333333333333333;522197;5019920.539900001;0.3332091807384079;120;0.0
Meta_468;521962;6671062.536866669;0.38888888888888884;522669;3903985.9475;0.3887278000076452;104;0.0
Meta_469;521962;6671062.536866669;0.4444444444444444;522087;4342078.334499999;0.44444220440551147;23;0.0
Meta_47;613974;4447375.024577779;0.3333333333333333;613974;3904490.194799999;0.0;29;0.0
Meta_470;521962;6671062.536866669;0.5;521962;3726725.2514;0.4937948319382775;8;0.0
Meta_471;521962;7782906.293011113;0.0;605958;6009428.964600001;0.02987744863420592;3600;1.0
Meta_472;521962;7782906.293011113;0.05555555555555555;594012;4257338.298999998;0.039988392106132954;83;0.0
Meta_473;521962;7782906.293011113;0.1111111111111111;576246;3547759.232099999;0.11111121929028162;107;0.0
Meta_474;521962;7782906.293011113;0.16666666666666666;600831;5648868.1984;0.15954899210274676;237;0.0
Meta_475;521962;7782906.293011113;0.2222222222222222;558212;5560426.657500002;0.2221944109060714;115;0.0
Meta_476;521962;7782906.293011113;0.2777777777777778;536915;4299025.763300002;0.27776190021790576;121;0.0
Meta_477;521962;7782906.293011113;0.3333333333333333;524209;4464022.059200001;0.33081124083746455;169;0.0
Meta_478;521962;7782906.293011113;0.38888888888888884;521963;3569958.2123999977;0.38882615766211087;103;0.0
Meta_479;521962;7782906.293011113;0.4444444444444444;522089;4147435.7157000024;0.4444427104501026;24;0.0
Meta_48;613974;4447375.024577779;0.38888888888888884;613974;3871966.324999999;7.799439059738759E-14;48;0.0
Meta_480;521962;7782906.293011113;0.5;521962;3726725.2514;0.4937948319382775;8;0.0
Meta_481;521962;8894750.049155558;0.0;613974;5238050.749399998;6.440109222826893E-14;1075;0.0
Meta_482;521962;8894750.049155558;0.05555555555555555;613974;5860573.984000004;8.089143681974228E-14;371;0.0
Meta_483;521962;8894750.049155558;0.1111111111111111;599805;4212687.169599998;0.1111118251650662;197;0.0
Meta_484;521962;8894750.049155558;0.16666666666666666;536001;3267867.119299998;0.16653030673773592;967;0.0
Meta_485;521962;8894750.049155558;0.2222222222222222;543033;5320925.300400001;0.22219188436440654;121;0.0
Meta_486;521962;8894750.049155558;0.2777777777777778;536915;4299025.763300002;0.27776190021790576;120;0.0
Meta_487;521962;8894750.049155558;0.3333333333333333;524209;4464022.059200001;0.33081124083746455;163;0.0
Meta_488;521962;8894750.049155558;0.38888888888888884;526804;4223604.549999997;0.38862671779860736;85;0.0
Meta_489;521962;8894750.049155558;0.4444444444444444;523901;4303943.2662;0.44444464472700074;24;0.0
Meta_49;613974;4447375.024577779;0.4444444444444444;613974;4434714.6214000005;5.02861841557685E-16;26;0.0
Meta_490;521962;8894750.049155558;0.5;521962;3726725.2514;0.4937948319382775;8;0.0
Meta_491;521962;1.0006593805300003E7;0.0;603105;7111245.7246;0.12232263944067576;3600;1.0
Meta_492;521962;1.0006593805300003E7;0.05555555555555555;583295;4109166.4845999987;0.07553743575050084;3600;1.0
Meta_493;521962;1.0006593805300003E7;0.1111111111111111;565035;4865537.946899999;0.11108971034416561;1485;0.0
Meta_494;521962;1.0006593805300003E7;0.16666666666666666;561293;4127280.191200001;0.16666650456382287;315;0.0
Meta_495;521962;1.0006593805300003E7;0.2222222222222222;543033;5320925.300400001;0.22219188436440654;116;0.0
Meta_496;521962;1.0006593805300003E7;0.2777777777777778;536915;4299025.763300002;0.27776190021790576;112;0.0
Meta_497;521962;1.0006593805300003E7;0.3333333333333333;524209;4464022.059200001;0.33081124083746455;160;0.0
Meta_498;521962;1.0006593805300003E7;0.38888888888888884;524281;3508451.0704999985;0.38888438558698174;99;0.0
Meta_499;521962;1.0006593805300003E7;0.4444444444444444;522436;3971018.8944000015;0.4443630318543851;25;0.0
Meta_5;613974;0.0;0.2222222222222222;613974;1522298.1485000001;3.147480752831025E-13;15;0.0
Meta_50;613974;4447375.024577779;0.5;613974;4438520628;3.87838101460757E-16;71;0.0
Meta_500;521962;1.0006593805300003E7;0.5;521962;3726725.2514;0.4937948319382775;8;0.0
Meta_501;498960;0.0;0.0;576967;1672236.2491000001;0.0908685313242059;3600;0.6892314700204649
Meta_502;498960;0.0;0.05555555555555555;555469;1133179.9215999993;0.11701675495962874;3600;0.684930168062032
Meta_503;498960;0.0;0.1111111111111111;552243;1141051.8139000006;0.14963743529562307;3600;0.7591379823974469
Meta_504;498960;0.0;0.16666666666666666;509980;715357.6570000005;0.27087847442393376;3600;0.919511898873294
Meta_505;498960;0.0;0.2222222222222222;506790;645062.8906000002;0.27997220289626895;3600;0.924424154975419
Meta_506;498960;0.0;0.2777777777777778;513989;520791.75460000004;0.27777749928816325;3600;0.766641289557827
Meta_507;498960;0.0;0.3333333333333333;521392;565327.8225999997;0.37834183131749966;3612;0.9790513136405575
Meta_508;498960;0.0;0.38888888888888884;512642;360560.87830000004;0.392707275455158;3600;1.0
Meta_509;498960;0.0;0.4444444444444444;503741;120667.56420000007;0.4459523565796218;3600;1.0
Meta_51;613974;5559218.780722223;0.0;613974;5514911.617799997;6.463968357679283E-18;12;0.0
Meta_510;498960;0.0;0.5;499413;0.0;0.49931292486644274;6;0.0
Meta_511;498960;1111843.7561444447;0.0;552019;1298023.7793999994;0.06337386080712183;3600;1.0
Meta_512;498960;1111843.7561444447;0.05555555555555555;557420;1326557.5526000003;0.11023346072272361;3600;1.0
Meta_513;498960;1111843.7561444447;0.1111111111111111;513619;1097528.2009;0.21666329716616875;3600;1.0
Meta_514;498960;1111843.7561444447;0.16666666666666666;499976;1173161.2752999999;0.2538923780705238;3600;1.0
Meta_515;498960;1111843.7561444447;0.2222222222222222;527245;1103084.4193999998;0.22221761066109316;1258;0.0
Meta_516;498960;1111843.7561444447;0.2777777777777778;515954;1108955.0518000002;0.2775693805318136;1177;0.0
Meta_517;498960;1111843.7561444447;0.3333333333333333;500865;1070010.4725000004;0.33341735173788806;3600;1.0
Meta_518;498960;1111843.7561444447;0.38888888888888884;504594;1046039.6532000001;0.38888748009160123;142;0.0
Meta_519;498960;1111843.7561444447;0.4444444444444444;535315;1027117.9770000003;0.4444373992200696;107;0.0
Meta_52;613974;5559218.780722223;0.05555555555555555;613974;5111592.0647;0.0;15;0.0
Meta_520;498960;1111843.7561444447;0.5;498960;1107201.8002;0.49913265961549735;7;0.0
Meta_521;498960;2223687.5122888894;0.0;561056;2105593.985100001;0.07345556627601381;3600;1.0
Meta_522;498960;2223687.5122888894;0.05555555555555555;580678;2168964.4097999996;0.055561434776819685;1102;0.0
Meta_523;498960;2223687.5122888894;0.1111111111111111;523950;2191443.392199999;0.11111126888160992;39;0.0
Meta_524;498960;2223687.5122888894;0.16666666666666666;575374;2122052.9320000005;0.16666318507145853;3468;0.0
Meta_525;498960;2223687.5122888894;0.2222222222222222;546427;2047277.6923000002;0.22212692945900142;1450;0.0
Meta_526;498960;2223687.5122888894;0.2777777777777778;534530;2222861.9278999995;0.27777906741653163;103;0.0
Meta_527;498960;2223687.5122888894;0.3333333333333333;511240;1851528.4203000008;0.33332711032745244;381;0.0
Meta_528;498960;2223687.5122888894;0.38888888888888884;523208;2222497.6883999994;0.38888827654490377;177;0.0
Meta_529;498960;2223687.5122888894;0.4444444444444444;506391;1985342.2658000002;0.44444489870231163;140;0.0
Meta_53;613974;5559218.780722223;0.1111111111111111;613974;5559211.282799997;0.0;30;0.0
Meta_530;498960;2223687.5122888894;0.5;501088;1739987.8376999998;0.4982176654056311;8;0.0
Meta_531;498960;3335531.2684333343;0.0;587937;3236405.0434999997;0.056838084570044106;3600;1.0
Meta_532;498960;3335531.2684333343;0.05555555555555555;575136;3218284.4353;0.05435163674616489;447;0.0
Meta_533;498960;3335531.2684333343;0.1111111111111111;597092;3335317.1341999993;0.11107262974455238;462;0.0
Meta_534;498960;3335531.2684333343;0.16666666666666666;558563;3296121.0456;0.16632369862428384;91;0.0
Meta_535;498960;3335531.2684333343;0.2222222222222222;520773;3056373.637099999;0.2220987511189876;88;0.0
Meta_536;498960;3335531.2684333343;0.2777777777777778;543920;2949867.6652999995;0.28471230560413047;3600;1.0
Meta_537;498960;3335531.2684333343;0.3333333333333333;512017;2492981.4731999994;0.3333322031166154;177;0.0
Meta_538;498960;3335531.2684333343;0.38888888888888884;499037;2887990.4493;0.38888976852180884;105;0.0
Meta_539;498960;3335531.2684333343;0.4444444444444444;506093;2229512.7844000002;0.4444441963803526;27;0.0
Meta_54;613974;5559218.780722223;0.16666666666666666;613974;5173891.068799998;3.569888325904232E-14;29;0.0
Meta_540;498960;3335531.2684333343;0.5;501607;1638404.4811999998;0.4991191732640795;7;0.0
Meta_541;498960;4447375.024577779;0.0;603736;3909553.330099999;0.05680068490772089;3600;1.0
Meta_542;498960;4447375.024577779;0.05555555555555555;600325;4403304.053299998;0.05555832569680356;354;0.0
Meta_543;498960;4447375.024577779;0.1111111111111111;607672;3939706.185600001;0.024541996441745196;805;0.0
Meta_544;498960;4447375.024577779;0.16666666666666666;550083;3398730.5975999995;0.163346155866251;90;0.0
Meta_545;498960;4447375.024577779;0.2222222222222222;518373;2854692.9726000014;0.22208074513410203;142;0.0
Meta_546;498960;4447375.024577779;0.2777777777777778;509130;3185360.512000002;0.2770154490788115;708;0.0
Meta_547;498960;4447375.024577779;0.3333333333333333;507980;3362999.0669000004;0.33151691620820084;102;0.0
Meta_548;498960;4447375.024577779;0.38888888888888884;508729;2697241.6023999993;0.3884177499439548;60;0.0
Meta_549;498960;4447375.024577779;0.4444444444444444;498960;2544647.5180999995;0.44428563183281766;80;0.0
Meta_55;613974;5559218.780722223;0.2222222222222222;613974;5313890.869299998;1.9798309919827652E-14;19;0.0
Meta_550;498960;4447375.024577779;0.5;501607;1638404.4811999998;0.4991191732640795;7;0.0
Meta_551;498960;5559218.780722223;0.0;591129;4371228.280500001;0.08182836576441387;3600;1.0
Meta_552;498960;5559218.780722223;0.05555555555555555;601291;5000418.805799999;0.055557237455413605;36;0.0
Meta_553;498960;5559218.780722223;0.1111111111111111;599136;4475198.5689;0.11111248614042148;320;0.0
Meta_554;498960;5559218.780722223;0.16666666666666666;572722;3248932.4210999985;0.18093825311015446;3600;1.0
Meta_555;498960;5559218.780722223;0.2222222222222222;502475;3088822.7003999995;0.22222293345956207;461;0.0
Meta_556;498960;5559218.780722223;0.2777777777777778;522567;3323894.3634;0.27734980474247306;214;0.0
Meta_557;498960;5559218.780722223;0.3333333333333333;596743;4945667.638200001;0.2442628660346232;569;0.0
Meta_558;498960;5559218.780722223;0.38888888888888884;503129;3174651.7280999986;0.3888713871549428;128;0.0
Meta_559;498960;5559218.780722223;0.4444444444444444;519681;2266630.333700001;0.43504814787722634;101;0.0
Meta_56;613974;5559218.780722223;0.2777777777777778;613974;5150800.452499999;0.0;28;0.0
Meta_560;498960;5559218.780722223;0.5;501607;1638404.4811999998;0.4991191732640795;7;0.0
Meta_561;498960;6671062.536866669;0.0;595497;5876304.111899999;0.052193880409961646;3600;1.0
Meta_562;498960;6671062.536866669;0.05555555555555555;589799;4695531.330000001;0.055516084175069154;314;0.0
Meta_563;498960;6671062.536866669;0.1111111111111111;528241;4288840.964499999;0.1038035507239452;347;0.0
Meta_564;498960;6671062.536866669;0.16666666666666666;568357;3282210.5328000025;0.16658169206949666;1009;0.0
Meta_565;498960;6671062.536866669;0.2222222222222222;581745;6096512.149100002;0.21632258558196624;389;0.0
Meta_566;498960;6671062.536866669;0.2777777777777778;534107;3467824.3434;0.2777731850809485;219;0.0
Meta_567;498960;6671062.536866669;0.3333333333333333;500528;3253104.0367000005;0.333330843807193;176;0.0
Meta_568;498960;6671062.536866669;0.38888888888888884;499019;3043999.716299999;0.38881416119393775;137;0.0
Meta_569;498960;6671062.536866669;0.4444444444444444;504484;2213639.5822999994;0.44440044908037035;36;0.0
Meta_57;613974;5559218.780722223;0.3333333333333333;613974;5253483.279099998;1.1566365969663593E-13;42;0.0
Meta_570;498960;6671062.536866669;0.5;501607;1638404.4811999998;0.4991191732640795;7;0.0
Meta_571;498960;7782906.293011113;0.0;613974;4869658.408699996;7.315123341447543E-14;288;0.0
Meta_572;498960;7782906.293011113;0.05555555555555555;594940;5948962.7925999975;0.055556503049977904;347;0.0
Meta_573;498960;7782906.293011113;0.1111111111111111;594399;4060785.7561000013;0.11107264379070433;1151;0.0
Meta_574;498960;7782906.293011113;0.16666666666666666;525536;3744762.3315;0.1658360163142788;939;0.0
Meta_575;498960;7782906.293011113;0.2222222222222222;511768;3115339.6147000007;0.22220030105335992;148;0.0
Meta_576;498960;7782906.293011113;0.2777777777777778;514232;3771251.8219000003;0.2777757154897689;212;0.0
Meta_577;498960;7782906.293011113;0.3333333333333333;499015;3813156.6361999996;0.33329667205106667;179;0.0
Meta_578;498960;7782906.293011113;0.38888888888888884;499019;3043999.716299999;0.38881416119393775;143;0.0
Meta_579;498960;7782906.293011113;0.4444444444444444;502850;2383477.8987000003;0.44440218429830924;83;0.0
Meta_58;613974;5559218.780722223;0.38888888888888884;613974;5529924.620599999;0.0;37;0.0
Meta_580;498960;7782906.293011113;0.5;501607;1638404.4811999998;0.4991191732640795;7;0.0
Meta_581;498960;8894750.049155558;0.0;613974;8262971.335899999;0.0;1308;0.0
Meta_582;498960;8894750.049155558;0.05555555555555555;613974;5325115.7935999995;2.0266370630007898E-16;350;0.0
Meta_583;498960;8894750.049155558;0.1111111111111111;591095;4154153.190499998;0.1111116218684597;371;0.0
Meta_584;498960;8894750.049155558;0.16666666666666666;609191;4180662.8271000003;0.09743086849725761;674;0.0
Meta_585;498960;8894750.049155558;0.2222222222222222;524801;4196992.0368;0.22156190677705476;154;0.0
Meta_586;498960;8894750.049155558;0.2777777777777778;514232;3771251.8219000003;0.2777757154897689;224;0.0
Meta_587;498960;8894750.049155558;0.3333333333333333;499995;2966949.8995000003;0.33330777019810826;109;0.0
Meta_588;498960;8894750.049155558;0.38888888888888884;502466;2935275.776500001;0.3885137476015647;118;0.0
Meta_589;498960;8894750.049155558;0.4444444444444444;506099;2258248.4389;0.4443307813636603;84;0.0
Meta_59;613974;5559218.780722223;0.4444444444444444;613974;5478768.388999998;2.1977492416109565E-16;19;0.0
Meta_590;498960;8894750.049155558;0.5;501607;1638404.4811999998;0.4991191732640795;7;0.0
Meta_591;498960;1.0006593805300003E7;0.0;590514;6308731.8758999985;0.09381296584127805;3600;1.0
Meta_592;498960;1.0006593805300003E7;0.05555555555555555;601653;5884084.284299998;0.03304634745428165;356;0.0
Meta_593;498960;1.0006593805300003E7;0.1111111111111111;598268;4254790.233500001;0.11085023233379566;566;0.0
Meta_594;498960;1.0006593805300003E7;0.16666666666666666;538203;7389397.266600004;0.1754299898663525;3600;1.0
Meta_595;498960;1.0006593805300003E7;0.2222222222222222;509669;3945036.8392;0.2222224548148412;141;0.0
Meta_596;498960;1.0006593805300003E7;0.2777777777777778;514232;3771251.8219000003;0.2777757154897689;229;0.0
Meta_597;498960;1.0006593805300003E7;0.3333333333333333;499519;3325879.3122000005;0.33309329704425117;112;0.0
Meta_598;498960;1.0006593805300003E7;0.38888888888888884;503079;2364592821;0.38888859235802303;126;0.0
Meta_599;498960;1.0006593805300003E7;0.4444444444444444;507272;2330796752;0.4437435468982065;37;0.0
Meta_6;613974;0.0;0.2777777777777778;613974;1522298.1485000001;3.147480752831025E-13;17;0.0
Meta_60;613974;5559218.780722223;0.5;613974;5553496.178799997;3.661140549999214E-16;33;0.0
Meta_600;498960;1.0006593805300003E7;0.5;501607;1638404.4811999998;0.4991191732640795;7;0.0
Meta_601;475957;0.0;0.0;533404;1078124.7894000001;0.14538960032861442;3600;0.7426069637642545
Meta_602;475957;0.0;0.05555555555555555;564624;986956.6752;0.1875392035525081;3600;0.8395420047810758
Meta_603;475957;0.0;0.1111111111111111;481416;884689.59;0.22012524451581134;3600;0.8831783115144739
Meta_604;475957;0.0;0.16666666666666666;488955;1206535.3096;0.2810677217416195;3600;0.9453574244605286
Meta_605;475957;0.0;0.2222222222222222;480982;687447.7754999999;0.30055469344919933;3600;0.9523316413273843
Meta_606;475957;0.0;0.2777777777777778;465568;1748721.8118999994;0.2953026161172779;3600;0.9789825769024053
Meta_607;475957;0.0;0.3333333333333333;507894;362566.75200000004;0.3855981978506172;3600;0.9921831261920079
Meta_608;475957;0.0;0.38888888888888884;475977;401947.91219999985;0.38888876725802923;3600;1.0
Meta_609;475957;0.0;0.4444444444444444;476316;0.0;0.44393534655865224;1338;0.0
Meta_61;613974;6671062.536866669;0.0;613974;5346367.297099998;7.79703594716258E-14;34;0.0
Meta_610;475957;0.0;0.5;479060;0.0;0.49713643774624966;6;0.0
Meta_611;475957;1111843.7561444447;0.0;522972;1111844.5261;0.16064799544368738;3600;1.0
Meta_612;475957;1111843.7561444447;0.05555555555555555;515908;1408447.9104;0.17117716611537984;3600;1.0
Meta_613;475957;1111843.7561444447;0.1111111111111111;518965;1170074.717200001;0.27162742020693953;3600;1.0
Meta_614;475957;1111843.7561444447;0.16666666666666666;496371;1111843.9437000004;0.30797183914177195;3600;1.0
Meta_615;475957;1111843.7561444447;0.2222222222222222;501384;1019250.7804000003;0.2225421911799156;3600;1.0
Meta_616;475957;1111843.7561444447;0.2777777777777778;510001;1099485.5438000003;0.2777777571502484;887;0.0
Meta_617;475957;1111843.7561444447;0.3333333333333333;483907;912464.5062;0.3316080160402123;147;0.0
Meta_618;475957;1111843.7561444447;0.38888888888888884;503326;813982.6667000001;0.38769003193606727;152;0.0
Meta_619;475957;1111843.7561444447;0.4444444444444444;494086;963659.2786999999;0.44444175066979846;102;0.0
Meta_62;613974;6671062.536866669;0.05555555555555555;613974;5573440.513799999;0.0;18;0.0
Meta_620;475957;1111843.7561444447;0.5;475957;1073734.5321;0.4983649058394083;5;0.0
Meta_621;475957;2223687.5122888894;0.0;580653;2215017.5398999997;0.12450025764580347;3600;1.0
Meta_622;475957;2223687.5122888894;0.05555555555555555;591302;2043961.4147999997;0.10623803430166143;3600;1.0
Meta_623;475957;2223687.5122888894;0.1111111111111111;582770;1880228.6876999987;0.13109226556292522;3600;1.0
Meta_624;475957;2223687.5122888894;0.16666666666666666;586508;2174847.1566999997;0.1666108313719723;370;0.0
Meta_625;475957;2223687.5122888894;0.2222222222222222;552487;2189476.7600000002;0.22125146427945788;1317;0.0
Meta_626;475957;2223687.5122888894;0.2777777777777778;524308;2114532.7504999996;0.27775703830744114;45;0.0
Meta_627;475957;2223687.5122888894;0.3333333333333333;480127;1918944.0773000007;0.3332994898770725;457;0.0
Meta_628;475957;2223687.5122888894;0.38888888888888884;485730;1798617.9503999995;0.3887002550785411;153;0.0
Meta_629;475957;2223687.5122888894;0.4444444444444444;512287;1655551.1590999998;0.44443133131826423;138;0.0
Meta_63;613974;6671062.536866669;0.1111111111111111;613974;5717712.361699997;0.0;32;0.0
Meta_630;475957;2223687.5122888894;0.5;475957;1436824.2781999998;0.4961877877642509;8;0.0
Meta_631;475957;3335531.2684333343;0.0;600475;3242676.4474000013;0.049643082044922474;3600;1.0
Meta_632;475957;3335531.2684333343;0.05555555555555555;591363;3240164.3467000024;0.059293704673243075;3600;1.0
Meta_633;475957;3335531.2684333343;0.1111111111111111;567355;3164367.6974999993;0.11110731003054605;317;0.0
Meta_634;475957;3335531.2684333343;0.16666666666666666;540307;3304075.8334999993;0.16663133547794776;422;0.0
Meta_635;475957;3335531.2684333343;0.2222222222222222;551834;2720020.9638;0.2160509761664858;187;0.0
Meta_636;475957;3335531.2684333343;0.2777777777777778;487008;2868069.4814000013;0.27777823097771803;148;0.0
Meta_637;475957;3335531.2684333343;0.3333333333333333;480670;2449206.1662999997;0.33332954034939116;115;0.0
Meta_638;475957;3335531.2684333343;0.38888888888888884;476280;2174999.9510999997;0.38884076028335485;130;0.0
Meta_639;475957;3335531.2684333343;0.4444444444444444;499342;1636755.6091000002;0.44419188284313654;83;0.0
Meta_64;613974;6671062.536866669;0.16666666666666666;613974;4335247.9094;0.0;29;0.0
Meta_640;475957;3335531.2684333343;0.5;479237;1838864.7254999995;0.4976556541079131;7;0.0
Meta_641;475957;4447375.024577779;0.0;605246;4441675.638000001;0.02954755138065854;3600;1.0
Meta_642;475957;4447375.024577779;0.05555555555555555;599106;3090128.062300001;0.05471132705090668;599;0.0
Meta_643;475957;4447375.024577779;0.1111111111111111;588541;3824218.6879999973;0.1111151077194601;396;0.0
Meta_644;475957;4447375.024577779;0.16666666666666666;570462;3311377.5415000007;0.16084343451081484;384;0.0
Meta_645;475957;4447375.024577779;0.2222222222222222;503533;2332647.5168000003;0.22222179832814304;153;0.0
Meta_646;475957;4447375.024577779;0.2777777777777778;503031;2390077.0114000007;0.27704625295316637;330;0.0
Meta_647;475957;4447375.024577779;0.3333333333333333;491630;2901820.766000001;0.3333337925615909;203;0.0
Meta_648;475957;4447375.024577779;0.38888888888888884;509425;2753500.107999999;0.37837470246926913;120;0.0
Meta_649;475957;4447375.024577779;0.4444444444444444;495391;2856947.7506999997;0.44418937697380284;162;0.0
Meta_65;613974;6671062.536866669;0.2222222222222222;613974;6303169.093999998;0.0;37;0.0
Meta_650;475957;4447375.024577779;0.5;475957;1436824.2781999998;0.4961877877642509;8;0.0
Meta_651;475957;5559218.780722223;0.0;589975;5225760.914800001;0.03626598638849412;3600;1.0
Meta_652;475957;5559218.780722223;0.05555555555555555;587115;4631074.750499998;0.04931699203712308;287;0.0
Meta_653;475957;5559218.780722223;0.1111111111111111;576036;3500131.411799999;0.10575821696066694;265;0.0
Meta_654;475957;5559218.780722223;0.16666666666666666;507926;3165989.094099998;0.1662193924962651;40;0.0
Meta_655;475957;5559218.780722223;0.2222222222222222;498896;2672847.2751;0.222222013301751;107;0.0
Meta_656;475957;5559218.780722223;0.2777777777777778;536683;3294470.6965000015;0.27777862702725004;1454;0.0
Meta_657;475957;5559218.780722223;0.3333333333333333;513356;2897022.772099999;0.3333330763880665;179;0.0
Meta_658;475957;5559218.780722223;0.38888888888888884;496720;2251288.1478999997;0.388831989391765;168;0.0
Meta_659;475957;5559218.780722223;0.4444444444444444;491603;2799215.6579000005;0.4444279160056455;87;0.0
Meta_66;613974;6671062.536866669;0.2777777777777778;613974;4975900.717599999;0.0;17;0.0
Meta_660;475957;5559218.780722223;0.5;475957;1436824.2781999998;0.4961877877642509;7;0.0
Meta_661;475957;6671062.536866669;0.0;600703;4928341.451700001;0.08641261639465245;3600;1.0
Meta_662;475957;6671062.536866669;0.05555555555555555;601974;3309723.0989999995;0.055142324304630876;498;0.0
Meta_663;475957;6671062.536866669;0.1111111111111111;532977;4040439.0657000006;0.11111548311963004;357;0.0
Meta_664;475957;6671062.536866669;0.16666666666666666;545249;3278096.504399999;0.16666594217348638;737;0.0
Meta_665;475957;6671062.536866669;0.2222222222222222;488935;4011664.3730999976;0.22178375787756147;733;0.0
Meta_666;475957;6671062.536866669;0.2777777777777778;548174;3588484.0020000013;0.2763098554780376;914;0.0
Meta_667;475957;6671062.536866669;0.3333333333333333;495644;2872465.1000999985;0.33002039274166206;3191;0.0
Meta_668;475957;6671062.536866669;0.38888888888888884;501467;2507248.2307999996;0.38848472050969146;166;0.0
Meta_669;475957;6671062.536866669;0.4444444444444444;484487;2414276.7621999998;0.4444009974294221;106;0.0
Meta_67;613974;6671062.536866669;0.3333333333333333;613974;5659883.297299996;0.0;36;0.0
Meta_670;475957;6671062.536866669;0.5;475957;1436824.2781999998;0.4961877877642509;8;0.0
Meta_671;475957;7782906.293011113;0.0;598253;6587012.9233000055;0.06380534899434961;3600;1.0
Meta_672;475957;7782906.293011113;0.05555555555555555;613974;7241311.169599997;1.0702844003555362E-13;307;0.0
Meta_673;475957;7782906.293011113;0.1111111111111111;582552;4853321.2252;0.11111457281385469;351;0.0
Meta_674;475957;7782906.293011113;0.16666666666666666;560653;3394887.5856000003;0.1660852420496166;361;0.0
Meta_675;475957;7782906.293011113;0.2222222222222222;510298;2685739.2376000006;0.222188000788748;586;0.0
Meta_676;475957;7782906.293011113;0.2777777777777778;601005;4579412.509899998;0.15365148916280919;525;0.0
Meta_678;475957;7782906.293011113;0.38888888888888884;507407;2442767.7765;0.38887446412356386;168;0.0
Meta_679;475957;7782906.293011113;0.4444444444444444;477071;2469886.0133999996;0.4444429862776631;91;0.0
Meta_68;613974;6671062.536866669;0.38888888888888884;613974;5079546.099099999;0.0;14;0.0
Meta_680;475957;7782906.293011113;0.5;475957;1436824.2781999998;0.4961877877642509;8;0.0
Meta_681;475957;8894750.049155558;0.0;600288;5204314.126000003;0.024462413251069383;3600;1.0
Meta_682;475957;8894750.049155558;0.05555555555555555;577422;5281253.653400003;0.09393057570997694;3600;1.0
Meta_683;475957;8894750.049155558;0.1111111111111111;591215;5696851.7273;0.0650343743635152;307;0.0
Meta_684;475957;8894750.049155558;0.16666666666666666;554829;2935128.4612999987;0.1666386152515074;459;0.0
Meta_685;475957;8894750.049155558;0.2222222222222222;479642;4715322.388000001;0.22222340840100963;275;0.0
Meta_686;475957;8894750.049155558;0.2777777777777778;477425;2767741.5891;0.27491691060525664;451;0.0
Meta_687;475957;8894750.049155558;0.3333333333333333;476075;2356920.326999999;0.33311887874223645;129;0.0
Meta_688;475957;8894750.049155558;0.38888888888888884;500449;2100780.2163;0.38824640178903014;205;0.0
Meta_689;475957;8894750.049155558;0.4444444444444444;486827;2643992.9949;0.44343253626669227;90;0.0
Meta_69;613974;6671062.536866669;0.4444444444444444;613974;5665393.381899998;0.0;18;0.0
Meta_690;475957;8894750.049155558;0.5;475957;1436824.2781999998;0.4961877877642509;8;0.0
Meta_691;475957;1.0006593805300003E7;0.0;601446;4018676.8553000004;0.04114749970732578;3600;1.0
Meta_692;475957;1.0006593805300003E7;0.05555555555555555;579905;5973383.6680999985;0.05555873998766238;802;0.0
Meta_693;475957;1.0006593805300003E7;0.1111111111111111;562599;6119716.691299997;0.11111157181436264;978;0.0
Meta_694;475957;1.0006593805300003E7;0.16666666666666666;529424;3445355.0775000025;0.16666323225660387;2601;0.0
Meta_695;475957;1.0006593805300003E7;0.2222222222222222;559857;3943976.280200001;0.2199660077665202;255;0.0
Meta_696;475957;1.0006593805300003E7;0.2777777777777778;520131;3013409.543100001;0.2768597043748558;409;0.0
Meta_697;475957;1.0006593805300003E7;0.3333333333333333;478551;2638040.489599999;0.3333194564279867;109;0.0
Meta_698;475957;1.0006593805300003E7;0.38888888888888884;500449;2100780.2163;0.38824640178903014;194;0.0
Meta_699;475957;1.0006593805300003E7;0.4444444444444444;476460;2391379.6985;0.4444051998347579;102;0.0
Meta_7;613974;0.0;0.3333333333333333;613974;1522298.1485000001;3.147480752831025E-13;17;0.0
Meta_70;613974;6671062.536866669;0.5;613974;5391102.387799999;3.89182431666579E-16;52;0.0
Meta_700;475957;1.0006593805300003E7;0.5;475957;1436824.2781999998;0.4961877877642509;8;0.0
Meta_701;452954;0.0;0.0;493160;1181191.6090999998;0.20758425457401328;3600;0.8646135912902657
Meta_702;452954;0.0;0.05555555555555555;550540;1025069.6753999998;0.14563329794993932;3600;0.7709973595803603
Meta_703;452954;0.0;0.1111111111111111;452975;399078.9325;0.3310650471737607;3600;0.9511001577428863
Meta_704;452954;0.0;0.16666666666666666;472785;1127756.7238000003;0.279702054232785;3600;0.9610351106064281
Meta_705;452954;0.0;0.2222222222222222;445717;1621983.7480000004;0.3053326697465478;3600;0.9759901055112769
Meta_706;452954;0.0;0.2777777777777778;459745;1070545.5292000012;0.316023699742733;3600;0.9800756433739386
Meta_707;452954;0.0;0.3333333333333333;453241;636273.0228999999;0.333335244697984;3600;1.0
Meta_708;452954;0.0;0.38888888888888884;452954;73531.77779999998;0.388829396181682;3600;1.0
Meta_709;452954;0.0;0.4444444444444444;453331;0.0;0.41521807678459444;500;0.0
Meta_71;613974;7782906.293011113;0.0;613974;5225497.627099998;0.0;16;0.0
Meta_710;452954;0.0;0.5;453186;0.0;0.4871409180428151;5;0.0
Meta_711;452954;1111843.7561444447;0.0;536493;1275928812;0.16935450268910657;3611;1.0
Meta_712;452954;1111843.7561444447;0.05555555555555555;524549;1110999.4248;0.15428404798493897;3600;1.0
Meta_713;452954;1111843.7561444447;0.1111111111111111;513883;1111727.5004000003;0.2704710861208365;3600;1.0
Meta_714;452954;1111843.7561444447;0.16666666666666666;530225;1097108.2334999996;0.20567115421331073;3600;1.0
Meta_715;452954;1111843.7561444447;0.2222222222222222;544221;1106607.9997;0.22220218908023134;1552;0.0
Meta_716;452954;1111843.7561444447;0.2777777777777778;510687;1079354137;0.28723806888493586;3600;1.0
Meta_717;452954;1111843.7561444447;0.3333333333333333;483260;1051204.6741000006;0.33333208324330027;458;0.0
Meta_718;452954;1111843.7561444447;0.38888888888888884;487663;1086767.4386;0.3887229251996605;168;0.0
Meta_719;452954;1111843.7561444447;0.4444444444444444;453239;958188.9539999999;0.4444410669691739;129;0.0
Meta_72;613974;7782906.293011113;0.05555555555555555;613974;5059440.404199999;2.327028608764542E-16;27;0.0
Meta_720;452954;1111843.7561444447;0.5;454739;1101921654;0.4887855447321942;20;0.0
Meta_721;452954;2223687.5122888894;0.0;590717;2200570.6216000007;0.086043260784167;3600;1.0
Meta_722;452954;2223687.5122888894;0.05555555555555555;544019;2158161.8328;0.16786844663842043;3600;1.0
Meta_723;452954;2223687.5122888894;0.1111111111111111;556519;2106267.7601000005;0.18031976372213115;3600;1.0
Meta_725;452954;2223687.5122888894;0.2222222222222222;519498;2195100.2097000005;0.22112859460134535;672;0.0
Meta_726;452954;2223687.5122888894;0.2777777777777778;499853;2178671.4682000005;0.2777787131714323;542;0.0
Meta_728;452954;2223687.5122888894;0.38888888888888884;524426;1725614.7401000003;0.3888833938223145;242;0.0
Meta_729;452954;2223687.5122888894;0.4444444444444444;458169;1225549.5959000003;0.444442823394166;106;0.0
Meta_73;613974;7782906.293011113;0.1111111111111111;613974;5412965.726499998;0.0;14;0.0
Meta_730;452954;2223687.5122888894;0.5;455282;745197.3882000002;0.4853338116130156;7;0.0
Meta_731;452954;3335531.2684333343;0.0;590192;3335530.3201999986;0.1087865499787984;3600;1.0
Meta_732;452954;3335531.2684333343;0.05555555555555555;579359;2177316.0526;0.05439148725788219;1455;0.0
Meta_733;452954;3335531.2684333343;0.1111111111111111;570816;3178098.2872;0.1109598795607108;305;0.0
Meta_734;452954;3335531.2684333343;0.16666666666666666;573178;2699037.2079000007;0.16639684975356203;2109;0.0
Meta_735;452954;3335531.2684333343;0.2222222222222222;517464;2759716.230900001;0.22222352291125072;98;0.0
Meta_736;452954;3335531.2684333343;0.2777777777777778;478334;2700162.514899999;0.2777380172102594;113;0.0
Meta_737;452954;3335531.2684333343;0.3333333333333333;465902;2513776.4066999992;0.3333305610899449;177;0.0
Meta_738;452954;3335531.2684333343;0.38888888888888884;452990;1918568.8453000004;0.3887809904609336;180;0.0
Meta_739;452954;3335531.2684333343;0.4444444444444444;453964;1281852.0776999996;0.44444345024259346;171;0.0
Meta_74;613974;7782906.293011113;0.16666666666666666;613974;6086824.635299998;0.0;13;0.0
Meta_740;452954;3335531.2684333343;0.5;455282;745197.3882000002;0.4853338116130156;7;0.0
Meta_741;452954;4447375.024577779;0.0;593879;4117482.6704000025;0.029663816986437365;3600;1.0
Meta_742;452954;4447375.024577779;0.05555555555555555;572044;4179229.9960000007;0.05551931634913514;965;0.0
Meta_743;452954;4447375.024577779;0.1111111111111111;556332;4407653.325499999;0.110752586157671;985;0.0
Meta_744;452954;4447375.024577779;0.16666666666666666;560352;3436279.0887;0.16586922847179406;335;0.0
Meta_745;452954;4447375.024577779;0.2222222222222222;495040;2436061.5240999996;0.22222283991570133;278;0.0
Meta_746;452954;4447375.024577779;0.2777777777777778;489755;3463208.4287999985;0.2777770837219814;396;0.0
Meta_747;452954;4447375.024577779;0.3333333333333333;503367;3965047.2794999992;0.33333299676037875;1790;0.0
Meta_748;452954;4447375.024577779;0.38888888888888884;455222;1843417.6406999999;0.3888794389890076;181;0.0
Meta_749;452954;4447375.024577779;0.4444444444444444;453338;3329321.3836000003;0.4444144512760708;95;0.0
Meta_75;613974;7782906.293011113;0.2222222222222222;613974;5778983.806699999;6.78343446979075E-14;22;0.0
Meta_750;452954;4447375.024577779;0.5;455282;745197.3882000002;0.4853338116130156;7;0.0
Meta_751;452954;5559218.780722223;0.0;563587;3892702.1707000015;0.10157570064024032;3600;1.0
Meta_752;452954;5559218.780722223;0.05555555555555555;603453;4989108.724699998;0.05552835666890871;3261;0.0
Meta_753;452954;5559218.780722223;0.1111111111111111;573138;2838067.140300001;0.11111154550273425;108;0.0
Meta_754;452954;5559218.780722223;0.16666666666666666;568148;3346372.274099999;0.16403528896037978;1032;0.0
Meta_755;452954;5559218.780722223;0.2222222222222222;552278;5287907.4887;0.22222131007680984;95;0.0
Meta_756;452954;5559218.780722223;0.2777777777777778;486649;3382488.776499999;0.2773241676188757;406;0.0
Meta_757;452954;5559218.780722223;0.3333333333333333;455401;3277592.5556000005;0.33223720248022;783;0.0
Meta_758;452954;5559218.780722223;0.38888888888888884;475465;1604096.8262;0.38888152749331356;258;0.0
Meta_759;452954;5559218.780722223;0.4444444444444444;453537;4167159.170900001;0.4444224977021882;100;0.0
Meta_76;613974;7782906.293011113;0.2777777777777778;613974;5029547.835299999;0.0;49;0.0
Meta_760;452954;5559218.780722223;0.5;455282;745197.3882000002;0.4853338116130156;7;0.0
Meta_761;452954;6671062.536866669;0.0;593598;4476957.207199998;0.026093921453432766;3600;1.0
Meta_762;452954;6671062.536866669;0.05555555555555555;613974;5235087.411000001;3.840852576121124E-14;357;0.0
Meta_763;452954;6671062.536866669;0.1111111111111111;613974;4354498.329099998;1.7102052757009993E-17;521;0.0
Meta_764;452954;6671062.536866669;0.16666666666666666;604187;3838547.1944999984;0.09598543340514293;472;0.0
Meta_765;452954;6671062.536866669;0.2222222222222222;497356;3462066.9616;0.2218367246004115;113;0.0
Meta_766;452954;6671062.536866669;0.2777777777777778;535212;4292035.862899999;0.27777857515095344;111;0.0
Meta_767;452954;6671062.536866669;0.3333333333333333;475236;3232342.5906;0.3333262827933668;401;0.0
Meta_768;452954;6671062.536866669;0.38888888888888884;456146;1928050.2958999998;0.38858868990198475;184;0.0
Meta_769;452954;6671062.536866669;0.4444444444444444;452974;2961112.286800001;0.4444441513902058;90;0.0
Meta_77;613974;7782906.293011113;0.3333333333333333;613974;5959225.100999998;6.463968357679283E-18;13;0.0
Meta_772;452954;7782906.293011113;0.05555555555555555;600683;6540350.5439;0.0554057845301997;804;0.0
Meta_773;452954;7782906.293011113;0.1111111111111111;552918;3691308.103299999;0.11111148551638168;33;0.0
Meta_774;452954;7782906.293011113;0.16666666666666666;573131;3323748.0916999998;0.1576885503134701;315;0.0
Meta_775;452954;7782906.293011113;0.2222222222222222;489810;3860962.4379;0.22045051891574227;54;0.0
Meta_776;452954;7782906.293011113;0.2777777777777778;533971;3047455554;0.2777781015004732;364;0.0
Meta_777;452954;7782906.293011113;0.3333333333333333;483073;2429011.4368999987;0.3304408595351709;542;0.0
Meta_778;452954;7782906.293011113;0.38888888888888884;603879;3949424.8320999993;0.18923120004521732;87;0.0
Meta_779;452954;7782906.293011113;0.4444444444444444;452974;2961112.286800001;0.4444441513902058;84;0.0
Meta_78;613974;7782906.293011113;0.38888888888888884;613974;5223594.6691999985;0.0;50;0.0
Meta_780;452954;7782906.293011113;0.5;455282;745197.3882000002;0.4853338116130156;7;0.0
Meta_781;452954;8894750.049155558;0.0;613968;5466534.260099999;5.1558384466567364E-5;2829;0.0
Meta_782;452954;8894750.049155558;0.05555555555555555;603073;4815252.222499998;0.04011981985863514;835;0.0
Meta_783;452954;8894750.049155558;0.1111111111111111;574202;3572299.612699999;0.11111423902118425;30;0.0
Meta_784;452954;8894750.049155558;0.16666666666666666;589117;3689904.0916999998;0.1665708572786854;406;0.0
Meta_785;452954;8894750.049155558;0.2222222222222222;466115;3842513.1099;0.22220710006909297;103;0.0
Meta_786;452954;8894750.049155558;0.2777777777777778;529529;2960506.5270999987;0.27776803817214635;339;0.0
Meta_787;452954;8894750.049155558;0.3333333333333333;523623;4605501.951899998;0.3332917284608724;361;0.0
Meta_788;452954;8894750.049155558;0.38888888888888884;473550;2491140.0862;0.3888823651106814;150;0.0
Meta_789;452954;8894750.049155558;0.4444444444444444;452974;2961112.286800001;0.4444441513902058;84;0.0
Meta_79;613974;7782906.293011113;0.4444444444444444;613974;5638386.7722999975;0.0;17;0.0
Meta_790;452954;8894750.049155558;0.5;455282;745197.3882000002;0.4853338116130156;7;0.0
Meta_791;452954;1.0006593805300003E7;0.0;605180;5738586.3958;0.01279803511264909;3600;1.0
Meta_792;452954;1.0006593805300003E7;0.05555555555555555;583906;5214495.519300002;0.05555607293411168;309;0.0
Meta_793;452954;1.0006593805300003E7;0.1111111111111111;574202;3572299.612699999;0.11111423902118425;30;0.0
Meta_794;452954;1.0006593805300003E7;0.16666666666666666;560082;3295275.3026000015;0.16347132223332506;415;0.0
Meta_795;452954;1.0006593805300003E7;0.2222222222222222;541973;3133396.944700001;0.22222033301743238;347;0.0
Meta_796;452954;1.0006593805300003E7;0.2777777777777778;571148;2848443.0547000016;0.277227154580139;444;0.0
Meta_797;452954;1.0006593805300003E7;0.3333333333333333;461609;3063332.5157999992;0.3330135632714154;196;0.0
Meta_798;452954;1.0006593805300003E7;0.38888888888888884;613974;4422079.654999999;0.0;121;0.0
Meta_799;452954;1.0006593805300003E7;0.4444444444444444;453044;2901141.3586000004;0.44444446486181766;140;0.0
Meta_8;613974;0.0;0.38888888888888884;613974;1522298.1485000001;3.147477808429015E-13;15;0.0
Meta_80;613974;7782906.293011113;0.5;613974;5974325.738999998;0.0;14;0.0
Meta_800;452954;1.0006593805300003E7;0.5;455282;745197.3882000002;0.4853338116130156;7;0.0
Meta_801;429951;0.0;0.0;481229;802163.2200000004;0.29086105819559177;3600;0.9220438344614945
Meta_802;429951;0.0;0.05555555555555555;509100;3054411.9997000005;0.17761286531261278;3600;0.9090858353989113
Meta_803;429951;0.0;0.1111111111111111;506681;1003135.6423999999;0.2340137545511359;3600;0.9139386215597641
Meta_804;429951;0.0;0.16666666666666666;430228;1195584.871699999;0.28806309243586203;3600;0.9585254617388654
Meta_805;429951;0.0;0.2222222222222222;431455;626031.3792000004;0.3222394709429428;3600;0.9828849698109313
Meta_806;429951;0.0;0.2777777777777778;432829;758538.85;0.3144097548614931;3600;1.0
Meta_807;429951;0.0;0.3333333333333333;429951;339738.3183999999;0.33333342292806845;3600;1.0
Meta_808;429951;0.0;0.38888888888888884;431102;0.0;0.387332545156452;667;0.0
Meta_809;429951;0.0;0.4444444444444444;430785;0.0;0.44345302965167843;89;0.0
Meta_81;613974;8894750.049155558;0.0;613974;4975019.447399998;3.514308009949243E-14;19;0.0
Meta_810;429951;0.0;0.5;430418;0.0;0.4696138360386968;5;0.0
Meta_811;429951;1111843.7561444447;0.0;517909;1364981.4998999997;0.09842043156715431;3600;1.0
Meta_812;429951;1111843.7561444447;0.05555555555555555;527966;1136033.8266999996;0.16242446172536457;3606;1.0
Meta_813;429951;1111843.7561444447;0.1111111111111111;545199;1111843.2915999996;0.22862510190632523;3600;1.0
Meta_814;429951;1111843.7561444447;0.16666666666666666;464087;1582688.4806000006;0.2083190319600426;3615;1.0
Meta_815;429951;1111843.7561444447;0.2222222222222222;462450;1809012.4387999992;0.27416862297428246;3614;1.0
Meta_816;429951;1111843.7561444447;0.2777777777777778;524805;1111425.0589000003;0.2777737340288618;3237;0.0
Meta_817;429951;1111843.7561444447;0.3333333333333333;481119;1108381.1771999996;0.33333212583083455;1459;0.0
Meta_818;429951;1111843.7561444447;0.38888888888888884;459987;841550.1746;0.38888747476199437;337;0.0
Meta_819;429951;1111843.7561444447;0.4444444444444444;430329;690554.0386;0.44403911436441507;12;0.0
Meta_82;613974;8894750.049155558;0.05555555555555555;613974;5275917.406899998;1.2118808130477642E-14;28;0.0
Meta_820;429951;1111843.7561444447;0.5;433452;601528.8431;0.46639161174665716;6;0.0
Meta_821;429951;2223687.5122888894;0.0;524889;2223592.6607000004;0.1404232603482383;3600;1.0
Meta_822;429951;2223687.5122888894;0.05555555555555555;599511;2006889.7323;0.09235295366058212;3601;1.0
Meta_823;429951;2223687.5122888894;0.1111111111111111;544586;2223502.7169;0.11109511520202357;413;0.0
Meta_824;429951;2223687.5122888894;0.16666666666666666;559309;2219330.482200002;0.1666605326352673;367;0.0
Meta_825;429951;2223687.5122888894;0.2222222222222222;555310;2207345.3075999995;0.222222754683738;115;0.0
Meta_826;429951;2223687.5122888894;0.2777777777777778;487546;2193973.1863;0.27774206146653035;92;0.0
Meta_827;429951;2223687.5122888894;0.3333333333333333;502415;2092310.7216000012;0.33333224980828063;387;0.0
Meta_828;429951;2223687.5122888894;0.38888888888888884;516009;2080333.2959999999;0.3888884162262732;816;0.0
Meta_829;429951;2223687.5122888894;0.4444444444444444;431891;934848.5135000002;0.4443386668154895;124;0.0
Meta_83;613974;8894750.049155558;0.1111111111111111;613974;6026840.186399998;3.656572687272234E-17;22;0.0
Meta_830;429951;2223687.5122888894;0.5;433452;601528.8431;0.46639161174665716;5;0.0
Meta_831;429951;3335531.2684333343;0.0;580869;3132809.8697999995;0.03856955927086953;3600;1.0
Meta_832;429951;3335531.2684333343;0.05555555555555555;546852;2087695.9053999993;0.055558353771912476;821;0.0
Meta_833;429951;3335531.2684333343;0.1111111111111111;562973;3267962704;0.11105207266968084;296;0.0
Meta_834;429951;3335531.2684333343;0.16666666666666666;549880;3098131.877699999;0.16653284415317024;793;0.0
Meta_835;429951;3335531.2684333343;0.2222222222222222;509141;2550068.2001;0.22222136822622943;127;0.0
Meta_836;429951;3335531.2684333343;0.2777777777777778;514044;2460789.4474000004;0.2775528733447649;103;0.0
Meta_837;429951;3335531.2684333343;0.3333333333333333;496239;1944571.7018000004;0.33333306016378905;95;0.0
Meta_838;429951;3335531.2684333343;0.38888888888888884;516696;3014387.914300001;0.38874572827179327;99;0.0
Meta_839;429951;3335531.2684333343;0.4444444444444444;434366;2109251.0586000006;0.4443883641512913;103;0.0
Meta_84;613974;8894750.049155558;0.16666666666666666;613974;5632401.151999998;3.701953843540797E-14;32;0.0
Meta_840;429951;3335531.2684333343;0.5;433452;601528.8431;0.46639161174665716;5;0.0
Meta_841;429951;4447375.024577779;0.0;595399;4064837.6701999987;0.03065849812153574;3600;1.0
Meta_842;429951;4447375.024577779;0.05555555555555555;593575;3583481.5850999993;0.05555705845691834;122;0.0
Meta_843;429951;4447375.024577779;0.1111111111111111;562694;3863253.4310999997;0.11090740270632173;395;0.0
Meta_844;429951;4447375.024577779;0.16666666666666666;520615;3377376.7758;0.1624531072976591;496;0.0
Meta_845;429951;4447375.024577779;0.2222222222222222;542779;3539061.530099999;0.2221676711343266;142;0.0
Meta_846;429951;4447375.024577779;0.2777777777777778;502137;3003337.4927999973;0.2777765616694863;210;0.0
Meta_847;429951;4447375.024577779;0.3333333333333333;451505;3438869.8786999993;0.33289001727710016;119;0.0
Meta_848;429951;4447375.024577779;0.38888888888888884;607107;4303466.115099998;0.14209426262651095;353;0.0
Meta_849;429951;4447375.024577779;0.4444444444444444;429964;1017098.5706999995;0.4444450387561952;455;0.0
Meta_85;613974;8894750.049155558;0.2222222222222222;613974;5773271.968699997;0.0;17;0.0
Meta_850;429951;4447375.024577779;0.5;433452;601528.8431;0.46639161174665716;5;0.0
Meta_851;429951;5559218.780722223;0.0;609566;5404183.123599999;0.008758669865850747;3600;1.0
Meta_852;429951;5559218.780722223;0.05555555555555555;590411;3484793.276000001;0.05552491339804365;412;0.0
Meta_853;429951;5559218.780722223;0.1111111111111111;568535;3387786.8492000015;0.11111189854460415;538;0.0
Meta_854;429951;5559218.780722223;0.16666666666666666;562647;3994883.6203000005;0.16156756095141622;306;0.0
Meta_855;429951;5559218.780722223;0.2222222222222222;578167;3604420.4986000005;0.20540298117670175;338;0.0
Meta_856;429951;5559218.780722223;0.2777777777777778;508585;3211776.1366;0.2763166429056357;108;0.0
Meta_857;429951;5559218.780722223;0.3333333333333333;429951;4820544.263399998;0.3232185459098633;23;0.0
Meta_858;429951;5559218.780722223;0.38888888888888884;606024;4898839.4237;0.14677114179526488;407;0.0
Meta_859;429951;5559218.780722223;0.4444444444444444;429951;773188.9872999999;0.44444136211818597;115;0.0
Meta_86;613974;8894750.049155558;0.2777777777777778;613974;5749005.582999998;3.892361083003997E-16;38;0.0
Meta_860;429951;5559218.780722223;0.5;433452;601528.8431;0.46639161174665716;6;0.0
Meta_861;429951;6671062.536866669;0.0;591919;3547970.9710999997;0.07160690880208158;3600;1.0
Meta_862;429951;6671062.536866669;0.05555555555555555;567167;4535469.0977;0.05556250093546825;1859;0.0
Meta_863;429951;6671062.536866669;0.1111111111111111;579908;5736608.579500003;0.11059207709549707;366;0.0
Meta_864;429951;6671062.536866669;0.16666666666666666;528724;3264919.4807999968;0.16663856272006985;390;0.0
Meta_865;429951;6671062.536866669;0.2222222222222222;539374;3911425.0489;0.22222424475545402;769;0.0
Meta_866;429951;6671062.536866669;0.2777777777777778;519044;2925181.140099998;0.27758038434217686;95;0.0
Meta_867;429951;6671062.536866669;0.3333333333333333;476305;2131662.074400001;0.33333151416655815;174;0.0
Meta_868;429951;6671062.536866669;0.38888888888888884;601842;4815236.191299998;0.18960291884780914;334;0.0
Meta_869;429951;6671062.536866669;0.4444444444444444;429951;773188.9872999999;0.44444136211818597;117;0.0
Meta_87;613974;8894750.049155558;0.3333333333333333;613974;4944159.553599998;3.749101647453985E-16;36;0.0
Meta_870;429951;6671062.536866669;0.5;433452;601528.8431;0.46639161174665716;5;0.0
Meta_871;429951;7782906.293011113;0.0;573226;4010485.3756;0.08000212912483311;3600;1.0
Meta_872;429951;7782906.293011113;0.05555555555555555;576986;5176410.176499996;0.05555421990634063;1348;0.0
Meta_873;429951;7782906.293011113;0.1111111111111111;581244;3760382.4339999976;0.10607434592267687;449;0.0
Meta_874;429951;7782906.293011113;0.16666666666666666;562496;2668868444;0.16666881829022603;387;0.0
Meta_875;429951;7782906.293011113;0.2222222222222222;505486;3395986.4821999976;0.22208560780859987;144;0.0
Meta_876;429951;7782906.293011113;0.2777777777777778;436345;2885193.678199999;0.2777781845458254;145;0.0
Meta_877;429951;7782906.293011113;0.3333333333333333;534492;2370019.0327999997;0.3333341281394892;106;0.0
Meta_878;429951;7782906.293011113;0.38888888888888884;515138;2708664.066099999;0.38884545686157024;303;0.0
Meta_879;429951;7782906.293011113;0.4444444444444444;429951;773188.9872999999;0.44444136211818597;112;0.0
Meta_88;613974;8894750.049155558;0.38888888888888884;613974;5625793.782499998;6.229744132802563E-14;20;0.0
Meta_880;429951;7782906.293011113;0.5;433452;601528.8431;0.46639161174665716;5;0.0
Meta_881;429951;8894750.049155558;0.0;578738;3341198.1216999986;0.06396102377874492;3600;1.0
Meta_882;429951;8894750.049155558;0.05555555555555555;610276;3694113.726000001;0.055556093827518006;951;0.0
Meta_883;429951;8894750.049155558;0.1111111111111111;555601;4481833.2303;0.1099793962375187;2892;0.0
Meta_884;429951;8894750.049155558;0.16666666666666666;554317;2480541.9266999997;0.16662588157178457;387;0.0
Meta_885;429951;8894750.049155558;0.2222222222222222;505486;3395986.4821999976;0.22208560780859987;142;0.0
Meta_886;429951;8894750.049155558;0.2777777777777778;431245;2936262.065000001;0.2777792445885084;148;0.0
Meta_887;429951;8894750.049155558;0.3333333333333333;451687;2233305.3000999996;0.33321328820839774;100;0.0
Meta_888;429951;8894750.049155558;0.38888888888888884;501911;2817454.9985000007;0.3871391231344823;400;0.0
Meta_889;429951;8894750.049155558;0.4444444444444444;429951;773188.9872999999;0.44444136211818597;114;0.0
Meta_89;613974;8894750.049155558;0.4444444444444444;613974;5682000.540599997;1.9262625705884265E-15;41;0.0
Meta_890;429951;8894750.049155558;0.5;433452;601528.8431;0.46639161174665716;5;0.0
Meta_891;429951;1.0006593805300003E7;0.0;590021;3732371.648799999;0.032613507992190184;3600;1.0
Meta_892;429951;1.0006593805300003E7;0.05555555555555555;586140;3309064.1304000006;0.0529910255680406;373;0.0
Meta_893;429951;1.0006593805300003E7;0.1111111111111111;613359;5742886.612000002;0.0459753066150314;467;0.0
Meta_894;429951;1.0006593805300003E7;0.16666666666666666;485997;4220218.911499999;0.16621194615700252;107;0.0
Meta_895;429951;1.0006593805300003E7;0.2222222222222222;522753;2990249.7305;0.2192033136936178;608;0.0
Meta_896;429951;1.0006593805300003E7;0.2777777777777778;431245;2936262.065000001;0.2777792445885084;148;0.0
Meta_897;429951;1.0006593805300003E7;0.3333333333333333;491077;2603279.9856;0.3333098914558902;46;0.0
Meta_898;429951;1.0006593805300003E7;0.38888888888888884;602099;3862955.8893999984;0.1725145620009479;336;0.0
Meta_899;429951;1.0006593805300003E7;0.4444444444444444;429951;773188.9872999999;0.44444136211818597;112;0.0
Meta_9;613974;0.0;0.4444444444444444;613974;1522298.1485000001;3.1377439584837384E-13;18;0.0
Meta_90;613974;8894750.049155558;0.5;613974;4995762.895399999;0.0;53;0.0
Meta_900;429951;1.0006593805300003E7;0.5;433452;601528.8431;0.46639161174665716;5;0.0
Meta_901;406949;0.0;0.0;530307;1106345.5412999997;0.18339080322982923;3600;0.8412770859149238
Meta_902;406949;0.0;0.05555555555555555;409721;1101893.8028999998;0.3298051026256339;3600;0.9501340943889299
Meta_903;406949;0.0;0.1111111111111111;406948;936790.1457000001;0.2850032530099951;3600;0.947453900666505
Meta_904;406949;0.0;0.16666666666666666;410556;599790.2568000001;0.32234916961374976;3600;0.9720976118099982
Meta_905;406949;0.0;0.2222222222222222;406942;973792.3808999996;0.2795513654126258;3600;0.9759928817081609
Meta_906;406949;0.0;0.2777777777777778;407049;676159.7705000001;0.2906035495202798;3600;1.0
Meta_907;406949;0.0;0.3333333333333333;406949;154153.9667;0.33333315604473723;3600;1.0
Meta_908;406949;0.0;0.38888888888888884;409903;0.0;0.3874950682893907;1521;0.0
Meta_909;406949;0.0;0.4444444444444444;407076;0.0;0.4232584803398164;4;0.0
Meta_91;613974;1.0006593805300003E7;0.0;613974;5462597.654999999;5.211417897645646E-16;38;0.0
Meta_910;406949;0.0;0.5;407076;0.0;0.4232584803398164;4;0.0
Meta_911;406949;1111843.7561444447;0.0;550722;1293243.0229999998;0.16300228672309172;3600;1.0
Meta_912;406949;1111843.7561444447;0.05555555555555555;520631;1510815.4499000004;0.17471956548265744;3600;1.0
Meta_913;406949;1111843.7561444447;0.1111111111111111;537490;1325891.2751;0.15251415468891594;3600;1.0
Meta_914;406949;1111843.7561444447;0.16666666666666666;482211;1714822.9524000005;0.16671688901327975;3600;1.0
Meta_915;406949;1111843.7561444447;0.2222222222222222;530150;1304354.0328999998;0.22222350461913704;3600;1.0
Meta_916;406949;1111843.7561444447;0.2777777777777778;528687;1109427.3767000004;0.27777783890519575;1083;0.0
Meta_92;613974;1.0006593805300003E7;0.05555555555555555;613974;5105624.585499998;0.0;14;0.0
Meta_93;613974;1.0006593805300003E7;0.1111111111111111;613974;6026840.186399998;3.656572687272234E-17;23;0.0
Meta_94;613974;1.0006593805300003E7;0.16666666666666666;613974;5056646.948499999;6.809906475318498E-16;24;0.0
Meta_95;613974;1.0006593805300003E7;0.2222222222222222;613974;5788833.377299998;0.0;18;0.0
Meta_96;613974;1.0006593805300003E7;0.2777777777777778;613974;5753723.073199998;0.0;34;0.0
Meta_97;613974;1.0006593805300003E7;0.3333333333333333;613974;5038824.231499998;7.75676202921514E-17;50;0.0
Meta_98;613974;1.0006593805300003E7;0.38888888888888884;613974;4560521.7516;0.0;14;0.0
Meta_99;613974;1.0006593805300003E7;0.4444444444444444;613974;5654419.521299998;0.0;57;0.0
Meta_250;567968;4447375.024577779;0.5;567968;4324150.3198;0.4249482294809099;7;0.0
Meta_249;567968;4447375.024577779;0.4444444444444444;567968;2993934.909699999;0.42696961514833665;9;0.0
Meta_770;452954;6671062.536866669;0.5;455282;745197.3882000002;0.4853338116130156;8;0.0
Meta_195;590971;1.0006593805300003E7;0.2222222222222222;590971;4823031.472799998;0.2211999719642246;39;0.0
Meta_196;590971;1.0006593805300003E7;0.2777777777777778;590973;4116101.8008999988;0.26296393102668236;136;0.0
Meta_226;567968;2223687.5122888894;0.2777777777777778;569383;2220651.8988999994;0.2777783600982518;187;0.0
Meta_677;475957;7782906.293011113;0.3333333333333333;484144;2789733.1263999986;0.33133550414569257;188;0.0
Meta_920;406949;1111843.7561444447;0.5;406949;522641.01580000005;0.45128649465144516;8;0.0
Meta_225;567968;2223687.5122888894;0.2222222222222222;574540;2086802.8667000001;0.22205799870075255;218;0.0
Meta_727;452954;2223687.5122888894;0.3333333333333333;468063;1713474.3231999998;0.33322319092033115;248;0.0
Meta_197;590971;1.0006593805300003E7;0.3333333333333333;591835;5252806.347200001;0.33166218798329367;319;0.0
Meta_919;406949;1111843.7561444447;0.4444444444444444;406949;542872.51;0.4441464959654285;280;0.0
Meta_925;406949;2223687.5122888894;0.2222222222222222;499315;1817279.4056999993;0.21602286537521306;210;0.0
Meta_924;406949;2223687.5122888894;0.16666666666666666;468013;2163425.4803000004;0.16666907536506026;372;0.0
Meta_771;452954;7782906.293011113;0.0;613974;4368878.198199998;6.409135455193695E-14;688;0.0
Meta_724;452954;2223687.5122888894;0.16666666666666666;563198;2136922.9992000004;0.16618895947458395;805;0.0
Meta_929;406949;2223687.5122888894;0.4444444444444444;407251;665842.1656000001;0.4444345602676786;178;0.0
Meta_930;406949;2223687.5122888894;0.5;406949;522641.01580000005;0.45128649465144516;8;0.0
Meta_343;544965;4447375.024577779;0.1111111111111111;546465;4008789.8107999978;0.0969575291600173;1027;0.0
Meta_922;406949;2223687.5122888894;0.05555555555555555;601792;2142873.8004;0.05555680582324399;1003;0.0
Meta_927;406949;2223687.5122888894;0.3333333333333333;463721;2123656.047500001;0.3330249901243581;688;0.0
Meta_932;406949;3335531.2684333343;0.05555555555555555;596469;3251361.4361;0.054891810400765184;520;0.0
Meta_934;406949;3335531.2684333343;0.16666666666666666;500296;2157071.8209000006;0.16666661086089085;233;0.0
Meta_918;406949;1111843.7561444447;0.38888888888888884;407167;1061487.43;0.3880192954391791;1506;0.0
Meta_926;406949;2223687.5122888894;0.2777777777777778;534872;2031291.8445000001;0.2777704149989867;1015;0.0
Meta_935;406949;3335531.2684333343;0.2222222222222222;523287;2717522.9852999994;0.22222267521276812;365;0.0
Meta_928;406949;2223687.5122888894;0.38888888888888884;411143;1257631.4195;0.38888888344844924;1293;0.0
Meta_940;406949;3335531.2684333343;0.5;406949;522641.01580000005;0.45128649465144516;8;0.0
Meta_939;406949;3335531.2684333343;0.4444444444444444;407251;665842.1656000001;0.4444345602676786;180;0.0
Meta_936;406949;3335531.2684333343;0.2777777777777778;516068;2584148.2271999996;0.2777643849618596;666;0.0
Meta_933;406949;3335531.2684333343;0.1111111111111111;598661;3164455.8121;0.1111111719480951;1126;0.0
Meta_937;406949;3335531.2684333343;0.3333333333333333;592891;3121753.6039999994;0.25375746107389086;784;0.0
Meta_944;406949;4447375.024577779;0.16666666666666666;514001;2458916.3273999994;0.16622714199031904;225;0.0
Meta_942;406949;4447375.024577779;0.05555555555555555;613974;3836411.361800001;8.842895708073527E-14;514;0.0
Meta_945;406949;4447375.024577779;0.2222222222222222;507144;3008208.108799998;0.2220768196471728;255;0.0
Meta_943;406949;4447375.024577779;0.1111111111111111;568499;2759153.5537000005;0.1105453217914477;598;0.0
Meta_949;406949;4447375.024577779;0.4444444444444444;406952;658156.3463000001;0.44426438382297084;147;0.0
Meta_950;406949;4447375.024577779;0.5;406949;522641.01580000005;0.45128649465144516;9;0.0
Meta_946;406949;4447375.024577779;0.2777777777777778;523207;4365677.277499999;0.27726207044214823;531;0.0
Meta_938;406949;3335531.2684333343;0.38888888888888884;407071;1558255.9985;0.3888891320873657;1660;0.0
Meta_947;406949;4447375.024577779;0.3333333333333333;602806;4220934.4131999975;0.14169006641235665;775;0.0
Meta_308;544965;0.0;0.38888888888888884;544965;362195.2587999999;0.38888622588312366;3600;0.637956001160122
Meta_923;406949;2223687.5122888894;0.1111111111111111;498952;1989655.2166000002;0.11110354313172073;3372;0.0
Meta_917;406949;1111843.7561444447;0.3333333333333333;505185;1111806.5107000002;0.33352166723269927;3600;1.0
Meta_948;406949;4447375.024577779;0.38888888888888884;406995;1482220.7283000005;0.3888880396224898;1033;0.0
Meta_955;406949;5559218.780722223;0.2222222222222222;508712;2681548.3318999996;0.22146363171324804;163;0.0
Meta_921;406949;2223687.5122888894;0.0;565648;2222501.0779000013;0.08240954280159418;3600;1.0
Meta_960;406949;5559218.780722223;0.5;406949;522641.01580000005;0.45128649465144516;8;0.0
Meta_953;406949;5559218.780722223;0.1111111111111111;583979;3021947.7407;0.11107331760521615;482;0.0
Meta_959;406949;5559218.780722223;0.4444444444444444;406952;658156.3463000001;0.44426438382297084;147;0.0
Meta_958;406949;5559218.780722223;0.38888888888888884;407224;1096200.5044000002;0.38888982005402223;431;0.0
Meta_956;406949;5559218.780722223;0.2777777777777778;497294;3178828.4388000006;0.27777629183877406;636;0.0
Meta_962;406949;6671062.536866669;0.05555555555555555;577120;3943238.1352999993;0.05556067292369114;486;0.0
Meta_964;406949;6671062.536866669;0.16666666666666666;484330;2712665.9264;0.16603660330421113;193;0.0
Meta_965;406949;6671062.536866669;0.2222222222222222;488069;2525959.6555999992;0.22166161127795558;142;0.0
Meta_954;406949;5559218.780722223;0.16666666666666666;578508;2370229.515000001;0.1618561368582518;1146;0.0
Meta_931;406949;3335531.2684333343;0.0;605284;3283048.7644999987;0.02213010554157558;3600;1.0
Meta_970;406949;6671062.536866669;0.5;406949;522641.01580000005;0.45128649465144516;8;0.0
Meta_966;406949;6671062.536866669;0.2777777777777778;447199;2666738.628;0.2774750111198681;279;0.0
Meta_957;406949;5559218.780722223;0.3333333333333333;592072;3966952.898700001;0.1873530353460018;995;0.0
Meta_972;406949;7782906.293011113;0.05555555555555555;580993;4694372.068899999;0.05555545993803911;47;0.0
Meta_969;406949;6671062.536866669;0.4444444444444444;406952;658156.3463000001;0.44426438382297084;163;0.0
Meta_963;406949;6671062.536866669;0.1111111111111111;534218;2928675.2656000014;0.10625648975513394;937;0.0
Meta_974;406949;7782906.293011113;0.16666666666666666;484330;2712665.9264;0.16603660330421113;197;0.0
Meta_967;406949;6671062.536866669;0.3333333333333333;406984;2934193.9093;0.33333471124782527;525;0.0
Meta_975;406949;7782906.293011113;0.2222222222222222;484697;3604956.3614;0.22222200794909347;259;0.0
Meta_979;406949;7782906.293011113;0.4444444444444444;406952;658156.3463000001;0.44426438382297084;164;0.0
Meta_980;406949;7782906.293011113;0.5;406949;522641.01580000005;0.45128649465144516;10;0.0
Meta_977;406949;7782906.293011113;0.3333333333333333;471194;4163693.2538999994;0.33229586599998046;611;0.0
Meta_976;406949;7782906.293011113;0.2777777777777778;536376;2013573.7800999994;0.27751509416027464;674;0.0
Meta_941;406949;4447375.024577779;0.0;585628;3656333.8689999986;0.059908165516408055;3600;1.0
Meta_978;406949;7782906.293011113;0.38888888888888884;406949;1311626.1743999994;0.38882708395346316;756;0.0
Meta_982;406949;8894750.049155558;0.05555555555555555;597172;3444939.887699999;0.0555581993259004;159;0.0
Meta_985;406949;8894750.049155558;0.2222222222222222;492444;3013250.7355;0.21004187948400083;278;0.0
Meta_983;406949;8894750.049155558;0.1111111111111111;565109;3518695.5470999996;0.10610981123797238;586;0.0
Meta_968;406949;6671062.536866669;0.38888888888888884;407096;2120483.0979999998;0.3888383555435453;1712;0.0
Meta_989;406949;8894750.049155558;0.4444444444444444;406951;664563.3803999999;0.444445007626919;171;0.0
Meta_990;406949;8894750.049155558;0.5;406949;522641.01580000005;0.45128649465144516;10;0.0
Meta_984;406949;8894750.049155558;0.16666666666666666;552881;2861589.858;0.1527338934098341;713;0.0
Meta_992;406949;1.0006593805300003E7;0.05555555555555555;587233;3692303.9867000002;0.05553742352688091;211;0.0
Meta_951;406949;5559218.780722223;0.0;613972;3786948.9422999984;6.0565651464926005E-5;3544;0.0
Meta_973;406949;7782906.293011113;0.1111111111111111;571623;3155889.7785999994;0.07704069966733487;1977;0.0
Meta_952;406949;5559218.780722223;0.05555555555555555;567942;3283269.237799999;0.07402837775086156;3600;1.0
Meta_995;406949;1.0006593805300003E7;0.2222222222222222;479459;2786364.394500001;0.22222250074922795;166;0.0
Meta_994;406949;1.0006593805300003E7;0.16666666666666666;470188;3367392.427699999;0.16666675412392687;234;0.0
Meta_988;406949;8894750.049155558;0.38888888888888884;406949;1645222.0902000004;0.38880494012130884;976;0.0
Meta_997;406949;1.0006593805300003E7;0.3333333333333333;435407;4607336.5288;0.3328189919107846;410;0.0
Meta_1000;406949;1.0006593805300003E7;0.5;406949;522641.01580000005;0.45128649465144516;16;0.0
Meta_999;406949;1.0006593805300003E7;0.4444444444444444;406951;664563.3803999999;0.444445007626919;207;0.0
Meta_993;406949;1.0006593805300003E7;0.1111111111111111;572415;5091604.931500001;0.11111358073804038;761;0.0
Meta_961;406949;6671062.536866669;0.0;605374;5558040.459199998;0.00932537999397728;3601;1.0
Meta_991;406949;1.0006593805300003E7;0.0;613974;7518032.382700001;1.1873660643461999E-15;1157;0.0
Meta_996;406949;1.0006593805300003E7;0.2777777777777778;471021;3748629.2266999986;0.27777101193474113;873;0.0
Meta_987;406949;8894750.049155558;0.3333333333333333;461052;5080535.2303;0.33316772221304114;1661;0.0
Meta_971;406949;7782906.293011113;0.0;567234;5326997.463699999;0.09246928276232255;3600;1.0
Meta_986;406949;8894750.049155558;0.2777777777777778;557091;6460403.346200001;0.27759086805828576;2911;0.0
Meta_981;406949;8894750.049155558;0.0;604223;6638769.2574000005;0.039781093615392886;3601;1.0
Meta_998;406949;1.0006593805300003E7;0.38888888888888884;406949;1346602.8114999998;0.3885276989308305;2441;0.0
