Meta_8;107214;0.0;0.38888888888888884;71996;135903.122996792;0.3888896653303155;230;2.1278266849043403E-7
Meta_9;107214;0.0;0.4444444444444444;74119;204780.3891;0.4435600997950307;0;0.0
Meta_10;107214;0.0;0.5;74119;204780.3891;0.4435600997950307;0;0.0
Meta_1;107214;0.0;0.0;70435;116880.91176409538;0.3484341738694624;3600;0.005891788153433874
Meta_2;107214;0.0;0.05555555555555555;70311;111790.34552804136;0.34853499438572777;3600;0.005388714027849952
Meta_3;107214;0.0;0.1111111111111111;70389;114937.48017245931;0.3484792249628225;3600;0.004545489696008187
Meta_4;107214;0.0;0.16666666666666666;70324;112127.41842576687;0.34856657085036435;3600;0.006774230240067257
Meta_5;107214;0.0;0.2222222222222222;70397;115209.90078351961;0.3484930608238504;3600;0.005686432834831934
Meta_6;107214;0.0;0.2777777777777778;70389;115087.08681830799;0.34845460478572704;3600;0.007993057705551412
Meta_7;107214;0.0;0.3333333333333333;70313;111799.38935716526;0.3485499316515808;3600;0.009536962922060665
Meta_20;107214;348222.5548190283;0.5;77443;348251.02228170563;0.4611214355736461;0;1.5634470981850982E-7
Meta_11;107214;348222.5548190283;0.0;75686;348201.23700436554;0.358326226590772;3600;0.006969386500577568
Meta_12;107214;348222.5548190283;0.05555555555555555;75614;348222.4214868989;0.3578508877849171;3600;0.009175872498603037
Meta_13;107214;348222.5548190283;0.1111111111111111;75647;348237.8528489155;0.35802880751110866;3600;0.012343040747519024
Meta_14;107214;348222.5548190283;0.16666666666666666;75663;348213.0531119191;0.3581398837985815;3600;0.00934725700381605
Meta_15;107214;348222.5548190283;0.2222222222222222;75639;348219.11926414113;0.35798644176418476;3600;0.011378189990770466
Meta_17;107214;348222.5548190283;0.3333333333333333;75694;348244.43354630604;0.3585194697872838;3600;0.017207281199693395
Meta_16;107214;348222.5548190283;0.2777777777777778;75639;348226.5957073293;0.358039090556246;3600;0.017193667620015365
Meta_18;107214;348222.5548190283;0.38888888888888884;76748;348239.8812949202;0.3888864614760431;3600;0.005723194755163091
Meta_19;107214;348222.5548190283;0.4444444444444444;77387;348253.3952638161;0.4444439151755648;3600;4.715441181617492E-5
Meta_30;107214;696445.1096380566;0.5;84330;696475.2739076895;0.49376881971354236;0;0.0
Meta_21;107214;696445.1096380566;0.0;77023;410157.1468858337;0.36576730285661696;3600;0.016266276842987662
Meta_22;107214;696445.1096380566;0.05555555555555555;76902;404852.0720394582;0.36499634491431093;3600;0.013045797543193106
Meta_23;107214;696445.1096380566;0.1111111111111111;77001;409208.0160300833;0.36568881654715363;3600;0.016089204745728333
Meta_24;107214;696445.1096380566;0.16666666666666666;77022;407991.22749132704;0.3657850568373331;3600;0.015475302809660234
Meta_25;107214;696445.1096380566;0.2222222222222222;76822;400240.5242675845;0.3644940187690924;3600;0.024876990958104663
Meta_26;107214;696445.1096380566;0.2777777777777778;76976;406580.82462849823;0.36547851042387264;3600;0.013062020447205738
Meta_27;107214;696445.1096380566;0.3333333333333333;76980;406486.9925211273;0.3654930944069984;3600;0.01936553256355403
Meta_28;107214;696445.1096380566;0.38888888888888884;79976;534363.6391048109;0.388890785289543;3600;0.018990704735374793
Meta_29;107214;696445.1096380566;0.4444444444444444;83902;694056.212782029;0.44444644190655364;3600;9.175139576586874E-4
Meta_40;107214;1044667.6644570848;0.5;85412;767530.2247583162;0.49666044500557543;0;0.0
Meta_31;107214;1044667.6644570848;0.0;76905;407009.78753913555;0.36501677115451453;3600;0.018416051426880926
Meta_32;107214;1044667.6644570848;0.05555555555555555;76875;405764.0222795964;0.3648243321172609;3600;0.01892904758262539
Meta_33;107214;1044667.6644570848;0.1111111111111111;76905;406721.23477514804;0.36501754109523377;3600;0.01888810939612357
Meta_34;107214;1044667.6644570848;0.16666666666666666;76957;408708.973903172;0.3653510421558493;3600;0.01980851710463799
Meta_35;107214;1044667.6644570848;0.2222222222222222;76901;406414.6633541986;0.36499268992894707;3600;0.02304019294360001
Meta_36;107214;1044667.6644570848;0.2777777777777778;76906;406994.86072866194;0.36501573089216244;3600;0.0163367984478134
Meta_37;107214;1044667.6644570848;0.3333333333333333;77010;411445.40249262564;0.3656893026083815;3600;0.019570141064120503
Meta_39;107214;1044667.6644570848;0.4444444444444444;83902;698778.0962329356;0.44444440133301855;3600;0.00169204117410718
Meta_38;107214;1044667.6644570848;0.38888888888888884;79975;538792.5706551599;0.3888888414253931;3600;0.008981312783561358
Meta_50;107214;1392890.2192761132;0.5;85412;767530.2247583162;0.49666044500557543;0;0.0
Meta_41;107214;1392890.2192761132;0.0;76934;407763.0532101404;0.3652111110565705;3600;0.01874239198245149
Meta_42;107214;1392890.2192761132;0.05555555555555555;76815;402953.69756722404;0.364452686316858;3600;0.018641329716815536
Meta_43;107214;1392890.2192761132;0.1111111111111111;76915;407751.206716289;0.36507989421635073;3600;0.018971945939426846
Meta_44;107214;1392890.2192761132;0.16666666666666666;76932;408787.7091836474;0.3652178081007879;3600;0.019973156798885356
Meta_45;107214;1392890.2192761132;0.2222222222222222;76804;402921.36447158933;0.3643950029654965;3600;0.02318092807764756
Meta_46;107214;1392890.2192761132;0.2777777777777778;76889;406213.35809374624;0.36490516302870724;3600;0.015495488465717267
Meta_47;107214;1392890.2192761132;0.3333333333333333;76789;401772.248296794;0.3643072401225572;3600;0.018450619944229352
Meta_49;107214;1392890.2192761132;0.4444444444444444;83901;698861.4562928359;0.44444444444444453;3600;0.0015633603316020882
Meta_48;107214;1392890.2192761132;0.38888888888888884;79972;538029.0674388402;0.38889277343141293;3600;0.009195598346790419
Meta_60;107214;1741112.7740951416;0.5;85412;767530.2247583162;0.49666044500557543;0;0.0
Meta_51;107214;1741112.7740951416;0.0;76974;409674.64926419494;0.3654578451021675;3600;0.018749703312619385
Meta_52;107214;1741112.7740951416;0.05555555555555555;76815;402953.69756722404;0.364452686316858;3600;0.01865179867410369
Meta_53;107214;1741112.7740951416;0.1111111111111111;76915;407751.206716289;0.36507989421635073;3600;0.01896570888546682
Meta_54;107214;1741112.7740951416;0.16666666666666666;76932;408787.7091836474;0.3652178081007879;3600;0.019969256510396122
Meta_55;107214;1741112.7740951416;0.2222222222222222;76765;401057.5583188861;0.3641545421837162;3600;0.023174583492850297
Meta_56;107214;1741112.7740951416;0.2777777777777778;76889;406213.35809374624;0.36490516302870724;3600;0.0155153089415909
Meta_57;107214;1741112.7740951416;0.3333333333333333;76789;401772.248296794;0.3643072401225572;3600;0.01846060503148687
Meta_58;107214;1741112.7740951416;0.38888888888888884;79972;538029.0674388402;0.38889277343141293;3600;0.009190862717977354
Meta_59;107214;1741112.7740951416;0.4444444444444444;83901;698861.4562928359;0.44444444444444453;3600;0.0015685574343406925
Meta_70;107214;2089335.3289141697;0.5;85412;767530.2247583162;0.49666044500557543;0;0.0
Meta_61;107214;2089335.3289141697;0.0;76974;409674.64926419494;0.3654578451021675;3600;0.018756012306429242
Meta_62;107214;2089335.3289141697;0.05555555555555555;76815;402953.69756722404;0.364452686316858;3600;0.018644376881274592
Meta_63;107214;2089335.3289141697;0.1111111111111111;76915;407751.206716289;0.36507989421635073;3600;0.018969681821432136
Meta_64;107214;2089335.3289141697;0.16666666666666666;76932;408787.7091836474;0.3652178081007879;3600;0.019974114776345035
Meta_65;107214;2089335.3289141697;0.2222222222222222;76765;401057.5583188861;0.3641545421837162;3600;0.02317210300139203
Meta_66;107214;2089335.3289141697;0.2777777777777778;76889;406213.35809374624;0.36490516302870724;3600;0.015519283247309711
Meta_67;107214;2089335.3289141697;0.3333333333333333;76789;401772.248296794;0.3643072401225572;3600;0.018465152458572737
Meta_68;107214;2089335.3289141697;0.38888888888888884;79972;538029.0674388402;0.38889277343141293;3600;0.00919434844378055
Meta_69;107214;2089335.3289141697;0.4444444444444444;83901;698861.4562928359;0.44444444444444453;3600;0.0015648850649138883
Meta_80;107214;2437557.883733198;0.5;85412;767530.2247583162;0.49666044500557543;0;0.0
Meta_71;107214;2437557.883733198;0.0;76974;409674.64926419494;0.3654578451021675;3600;0.018750757834381116
Meta_72;107214;2437557.883733198;0.05555555555555555;76815;402953.69756722404;0.364452686316858;3600;0.018647563969490268
Meta_73;107214;2437557.883733198;0.1111111111111111;76915;407751.206716289;0.36507989421635073;3600;0.018971093282465778
Meta_74;107214;2437557.883733198;0.16666666666666666;76932;408787.7091836474;0.3652178081007879;3600;0.01997999869069757
Meta_75;107214;2437557.883733198;0.2222222222222222;76765;401057.5583188861;0.3641545421837162;3600;0.023169944492966128
Meta_76;107214;2437557.883733198;0.2777777777777778;76889;406213.35809374624;0.36490516302870724;3600;0.015529607828192847
Meta_77;107214;2437557.883733198;0.3333333333333333;76789;401772.248296794;0.3643072401225572;3600;0.018470140946480477
Meta_78;107214;2437557.883733198;0.38888888888888884;79972;538029.0674388402;0.38889277343141293;3600;0.009192387749684835
Meta_79;107214;2437557.883733198;0.4444444444444444;83901;698861.4562928359;0.44444444444444453;3600;0.0015653161788807112
Meta_90;107214;2785780.4385522264;0.5;85412;767530.2247583162;0.49666044500557543;0;0.0
Meta_81;107214;2785780.4385522264;0.0;76934;407763.0532101404;0.3652111110565705;3600;0.018743230593568406
Meta_82;107214;2785780.4385522264;0.05555555555555555;76815;402953.69756722404;0.364452686316858;3600;0.018647455230885446
Meta_84;107214;2785780.4385522264;0.16666666666666666;76932;408787.7091836474;0.3652178081007879;3600;0.0199785064978062
Meta_83;107214;2785780.4385522264;0.1111111111111111;76915;407751.206716289;0.36507989421635073;3600;0.01897205316981796
Meta_85;107214;2785780.4385522264;0.2222222222222222;76804;402921.36447158933;0.3643950029654965;3600;0.023178415211825922
Meta_86;107214;2785780.4385522264;0.2777777777777778;76889;406213.35809374624;0.36490516302870724;3600;0.015508089241069464
Meta_87;107214;2785780.4385522264;0.3333333333333333;76789;401772.248296794;0.3643072401225572;3600;0.018459124862262588
Meta_88;107214;2785780.4385522264;0.38888888888888884;79972;538029.0674388402;0.38889277343141293;3600;0.009201276468320314
Meta_89;107214;2785780.4385522264;0.4444444444444444;83901;698861.4562928359;0.44444444444444453;3600;0.0015672809498894246
Meta_100;107214;3134002.9933712548;0.5;85412;767530.2247583162;0.49666044500557543;0;0.0
Meta_91;107214;3134002.9933712548;0.0;76934;407763.0532101404;0.3652111110565705;3600;0.018741387003780238
Meta_92;107214;3134002.9933712548;0.05555555555555555;76815;402953.69756722404;0.364452686316858;3600;0.01863665433080735
Meta_93;107214;3134002.9933712548;0.1111111111111111;76915;407751.206716289;0.36507989421635073;3600;0.018974830890992174
Meta_94;107214;3134002.9933712548;0.16666666666666666;76932;408787.7091836474;0.3652178081007879;3600;0.019983195872081687
Meta_95;107214;3134002.9933712548;0.2222222222222222;76804;402921.36447158933;0.3643950029654965;3600;0.02317909139330979
Meta_96;107214;3134002.9933712548;0.2777777777777778;76893;406394.01540050306;0.36492989038610424;3600;0.015532309671951907
Meta_97;107214;3134002.9933712548;0.3333333333333333;76789;401772.248296794;0.3643072401225572;3600;0.01847088016296015
Meta_98;107214;3134002.9933712548;0.38888888888888884;79972;538029.0674388402;0.38889277343141293;3600;0.009194517886679238
Meta_109;102798;0.0;0.4444444444444444;74119;204780.3891;0.4435600997950307;0;0.0
Meta_110;102798;0.0;0.5;74119;204780.3891;0.4435600997950307;0;0.0
Meta_108;102798;0.0;0.38888888888888884;71996;135903.122996792;0.3888896653303155;240;2.0673598548385183E-7
Meta_99;107214;3134002.9933712548;0.4444444444444444;83901;698861.4562928359;0.44444444444444453;3600;0.001567688110012009
Meta_101;102798;0.0;0.0;70379;114715.7938813292;0.3484734272200318;3600;0.0058686017434342085
Meta_102;102798;0.0;0.05555555555555555;70357;113695.2446531999;0.34849751455697364;3600;0.004593178361446422
Meta_103;102798;0.0;0.1111111111111111;70416;116208.93840476985;0.34842955407799725;3600;0.004247085350890824
Meta_104;102798;0.0;0.16666666666666666;70417;116200.49796433769;0.3484469556288219;3600;0.006532673948405948
Meta_105;102798;0.0;0.2222222222222222;70385;114899.91473724274;0.34845957059236726;3600;0.004945923250762985
Meta_106;102798;0.0;0.2777777777777778;70362;113076.3360600015;0.34864225009118993;3600;0.005171056799422799
Meta_107;102798;0.0;0.3333333333333333;70368;113926.49218177554;0.34852931362403966;3600;0.007891031300317852
Meta_120;102798;348222.5548190283;0.5;77443;348251.02228170563;0.4611214355736461;0;1.835739366375962E-7
Meta_119;102798;348222.5548190283;0.4444444444444444;77387;348252.8137352608;0.444445461574679;1966;2.2324789155977474E-7
Meta_113;102798;348222.5548190283;0.1111111111111111;75661;348229.66305227124;0.35813340119584025;3600;0.008021506049880436
Meta_118;102798;348222.5548190283;0.38888888888888884;76750;348236.06732288824;0.3888886841867418;3600;0.0065253185748869805
Meta_114;102798;348222.5548190283;0.16666666666666666;75647;348222.0274753875;0.35804578848269025;3600;0.01590424594923109
Meta_122;102798;696445.1096380566;0.05555555555555555;76913;403960.8377279288;0.36507092036389543;3600;0.01606549610397063
Meta_112;102798;348222.5548190283;0.05555555555555555;75642;348221.52222375886;0.3579803640062007;3600;0.008651610799624149
Meta_116;102798;348222.5548190283;0.2777777777777778;75630;348220.8468803484;0.3579203694983309;3600;0.011191420696783543
Meta_121;102798;696445.1096380566;0.0;76975;408474.22502730583;0.36545148478192674;3600;0.015638598270084014
Meta_117;102798;348222.5548190283;0.3333333333333333;75646;348200.7659420543;0.3580707467439552;3600;0.017421944517602456
Meta_111;102798;348222.5548190283;0.0;75672;348222.4824861299;0.35819567377745837;3600;0.009824521631881106
Meta_115;102798;348222.5548190283;0.2222222222222222;75646;348221.01995978097;0.3580563850972238;3600;0.010295372617015075
Meta_130;102798;696445.1096380566;0.5;84330;696475.2739076895;0.49376881971354236;0;0.0
Meta_129;102798;696445.1096380566;0.4444444444444444;83902;696445.1090971124;0.4444440757101714;1442;2.3024374789210899E-7
Meta_123;102798;696445.1096380566;0.1111111111111111;77006;409434.34857600945;0.3656692152001355;3600;0.015105872225811497
Meta_124;102798;696445.1096380566;0.16666666666666666;76878;402739.3504285726;0.36484250766125736;3600;0.018042193816163097
Meta_127;102798;696445.1096380566;0.3333333333333333;76922;405861.380106892;0.36512002769501967;3600;0.031875985775001434
Meta_126;102798;696445.1096380566;0.2777777777777778;76924;406625.13430253614;0.36518215920263214;3600;0.021780725802496397
Meta_131;102798;1044667.6644570848;0.0;76956;409253.23495223647;0.3653445029931115;3600;0.011613204426694609
Meta_125;102798;696445.1096380566;0.2222222222222222;76942;406591.95351617446;0.3652632389251269;3600;0.015933209642274536
Meta_132;102798;1044667.6644570848;0.05555555555555555;76895;406889.83662320825;0.3649585816449341;3600;0.02009174530886373
Meta_128;102798;696445.1096380566;0.38888888888888884;79962;534723.9718167065;0.3888889458979439;3601;0.025070459774507746
Meta_133;102798;1044667.6644570848;0.1111111111111111;76919;407450.3686675756;0.36510168433635987;3600;0.020537852825380218
Meta_140;102798;1044667.6644570848;0.5;85412;767530.2247583162;0.49666044500557543;0;0.0
Meta_134;102798;1044667.6644570848;0.16666666666666666;76900;406401.58959039336;0.36498936158309336;3600;0.022222063747213347
Meta_135;102798;1044667.6644570848;0.2222222222222222;76891;406041.23293255595;0.3649221794491061;3600;0.024104236277822332
Meta_137;102798;1044667.6644570848;0.3333333333333333;76917;407394.18407510803;0.3650941619835924;3600;0.024025098253451203
Meta_136;102798;1044667.6644570848;0.2777777777777778;76866;405106.7320352458;0.3647659012914209;3600;0.031069507600595715
Meta_139;102798;1044667.6644570848;0.4444444444444444;83901;698750.7424724792;0.44444444444444514;3600;0.0019160369149846185
Meta_141;102798;1392890.2192761132;0.0;77023;412267.9923616538;0.36577367241113845;3600;0.011508810508823037
Meta_143;102798;1392890.2192761132;0.1111111111111111;76945;408381.3043093811;0.36526439841870856;3600;0.018117453182459664
Meta_142;102798;1392890.2192761132;0.05555555555555555;76900;406792.3505937305;0.3649798036013473;3600;0.020343853962584847
Meta_150;102798;1392890.2192761132;0.5;85412;767530.2247583162;0.49666044500557543;0;0.0
Meta_138;102798;1044667.6644570848;0.38888888888888884;79972;537968.5748687808;0.3888888753793351;3600;0.011095498561630434
Meta_144;102798;1392890.2192761132;0.16666666666666666;76916;407137.18377680395;0.3650958019029236;3600;0.02216578518392029
Meta_145;102798;1392890.2192761132;0.2222222222222222;76889;406515.8296347594;0.36493703430289115;3600;0.024402360537165824
Meta_146;102798;1392890.2192761132;0.2777777777777778;76922;407496.74970460025;0.36511389179517684;3600;0.030403600979583494
Meta_147;102798;1392890.2192761132;0.3333333333333333;76903;406688.32455254963;0.3650000984518152;3600;0.02295859554116493
Meta_148;102798;1392890.2192761132;0.38888888888888884;79974;538013.6290436874;0.3888921228711898;3600;0.011046555170815934
Meta_149;102798;1392890.2192761132;0.4444444444444444;83902;698867.8129224487;0.44444651200273977;3600;0.001750006947776135
Meta_151;102798;1741112.7740951416;0.0;77023;412267.9923616538;0.36577367241113845;3600;0.01151623278067209
Meta_160;102798;1741112.7740951416;0.5;85412;767530.2247583162;0.49666044500557543;0;0.0
Meta_153;102798;1741112.7740951416;0.1111111111111111;76945;408381.3043093811;0.36526439841870856;3600;0.018133639002001326
Meta_152;102798;1741112.7740951416;0.05555555555555555;76900;406792.3505937305;0.3649798036013473;3600;0.02034909506335121
Meta_154;102798;1741112.7740951416;0.16666666666666666;76916;407137.18377680395;0.3650958019029236;3600;0.02216507349750317
Meta_155;102798;1741112.7740951416;0.2222222222222222;76889;406515.8296347594;0.36493703430289115;3600;0.024417444512003745
Meta_156;102798;1741112.7740951416;0.2777777777777778;76926;407604.79160460026;0.3651392229688811;3600;0.030437326400670803
Meta_157;102798;1741112.7740951416;0.3333333333333333;76903;406688.32455254963;0.3650000984518152;3600;0.022916494039992973
Meta_158;102798;1741112.7740951416;0.38888888888888884;79974;538013.6290436874;0.3888921228711898;3600;0.011049730280884355
Meta_159;102798;1741112.7740951416;0.4444444444444444;83902;698867.8129224487;0.44444651200273977;3600;0.0017418430612118178
Meta_163;102798;2089335.3289141697;0.1111111111111111;76945;408381.3043093811;0.36526439841870856;3600;0.018149171745328797
Meta_170;102798;2089335.3289141697;0.5;85412;767530.2247583162;0.49666044500557543;0;0.0
Meta_161;102798;2089335.3289141697;0.0;77023;412267.9923616538;0.36577367241113845;3600;0.011520524427741456
Meta_164;102798;2089335.3289141697;0.16666666666666666;76916;407137.18377680395;0.3650958019029236;3600;0.022157002484520256
Meta_162;102798;2089335.3289141697;0.05555555555555555;76900;406792.3505937305;0.3649798036013473;3600;0.02034967959827667
Meta_166;102798;2089335.3289141697;0.2777777777777778;76926;407604.79160460026;0.3651392229688811;3600;0.030454031777786522
Meta_165;102798;2089335.3289141697;0.2222222222222222;76889;406515.8296347594;0.36493703430289115;3600;0.024406895399580474
Meta_167;102798;2089335.3289141697;0.3333333333333333;76903;406688.32455254963;0.3650000984518152;3600;0.022890962369092084
Meta_168;102798;2089335.3289141697;0.38888888888888884;79974;538013.6290436874;0.3888921228711898;3600;0.011033109456305975
Meta_169;102798;2089335.3289141697;0.4444444444444444;83902;698867.8129224487;0.44444651200273977;3600;0.0017530507847386705
Meta_180;102798;2437557.883733198;0.5;85412;767530.2247583162;0.49666044500557543;0;0.0
Meta_173;102798;2437557.883733198;0.1111111111111111;76945;408381.3043093811;0.36526439841870856;3600;0.018121353681558275
Meta_171;102798;2437557.883733198;0.0;77023;412267.9923616538;0.36577367241113845;3600;0.011511326346009772
Meta_172;102798;2437557.883733198;0.05555555555555555;76911;407328.0372785641;0.3650475148665269;3600;0.02035477136621104
Meta_174;102798;2437557.883733198;0.16666666666666666;76916;407137.18377680395;0.3650958019029236;3600;0.022164731015421085
Meta_177;102798;2437557.883733198;0.3333333333333333;76903;406688.32455254963;0.3650000984518152;3600;0.022972503502054754
Meta_175;102798;2437557.883733198;0.2222222222222222;76889;406515.8296347594;0.36493703430289115;3600;0.024416168033471557
Meta_176;102798;2437557.883733198;0.2777777777777778;76926;407604.79160460026;0.3651392229688811;3600;0.030455712992717324
Meta_178;102798;2437557.883733198;0.38888888888888884;79974;538013.6290436874;0.3888921228711898;3600;0.011035562373494219
Meta_179;102798;2437557.883733198;0.4444444444444444;83902;698867.8129224487;0.44444651200273977;3600;0.0017395404878664403
Meta_190;102798;2785780.4385522264;0.5;85412;767530.2247583162;0.49666044500557543;0;0.0
Meta_181;102798;2785780.4385522264;0.0;77023;412267.9923616538;0.36577367241113845;3600;0.011502434966289806
Meta_183;102798;2785780.4385522264;0.1111111111111111;76945;408381.3043093811;0.36526439841870856;3600;0.01808407419292049
Meta_182;102798;2785780.4385522264;0.05555555555555555;76911;407328.0372785641;0.3650475148665269;3600;0.020356228911478855
Meta_187;102798;2785780.4385522264;0.3333333333333333;76903;406688.32455254963;0.3650000984518152;3600;0.023007547949839544
Meta_184;102798;2785780.4385522264;0.16666666666666666;76916;407137.18377680395;0.3650958019029236;3600;0.022171847472897976
Meta_186;102798;2785780.4385522264;0.2777777777777778;76926;407604.79160460026;0.3651392229688811;3600;0.03044285138026644
Meta_185;102798;2785780.4385522264;0.2222222222222222;76889;406515.8296347594;0.36493703430289115;3600;0.024418545680948197
Meta_188;102798;2785780.4385522264;0.38888888888888884;79974;538013.6290436874;0.3888921228711898;3600;0.011054156668348488
Meta_189;102798;2785780.4385522264;0.4444444444444444;83902;698867.8129224487;0.44444651200273977;3600;0.0017491599005816803
Meta_200;102798;3134002.9933712548;0.5;85412;767530.2247583162;0.49666044500557543;0;0.0
Meta_191;102798;3134002.9933712548;0.0;77023;412267.9923616538;0.36577367241113845;3600;0.0115124331985577
Meta_192;102798;3134002.9933712548;0.05555555555555555;76880;405836.55256670323;0.3648567478462872;3600;0.020327868717669145
Meta_193;102798;3134002.9933712548;0.1111111111111111;76945;408381.3043093811;0.36526439841870856;3600;0.018081481211303874
Meta_194;102798;3134002.9933712548;0.16666666666666666;76916;407137.18377680395;0.3650958019029236;3600;0.022168217388121792
Meta_197;102798;3134002.9933712548;0.3333333333333333;76903;406688.32455254963;0.3650000984518152;3600;0.022990298413706662
Meta_195;102798;3134002.9933712548;0.2222222222222222;76889;406515.8296347594;0.36493703430289115;3600;0.02441023881378797
Meta_199;102798;3134002.9933712548;0.4444444444444444;83902;698867.8129224487;0.44444651200273977;3600;0.0017535267237618055
Meta_196;102798;3134002.9933712548;0.2777777777777778;76926;407604.79160460026;0.3651392229688811;3600;0.03044908359064424
Meta_198;102798;3134002.9933712548;0.38888888888888884;79974;538013.6290436874;0.3888921228711898;3600;0.01104652663994658
Meta_210;98383;0.0;0.5;74119;204780.3891;0.4435600997950307;0;2.0051862532979652E-16
Meta_209;98383;0.0;0.4444444444444444;74119;204780.3891;0.4435600997950307;0;2.0051862532979652E-16
Meta_208;98383;0.0;0.38888888888888884;71996;135903.122996792;0.3888896653303155;282;1.9397209088779066E-7
Meta_201;98383;0.0;0.0;70292;110738.02022964848;0.34860202983460936;3600;0.0051041629863249035
Meta_202;98383;0.0;0.05555555555555555;70360;114080.3239224209;0.3484539262431881;3600;0.006055088108600093
Meta_203;98383;0.0;0.1111111111111111;70348;113211.45914122573;0.348522229685991;3600;0.00576166860828359
Meta_204;98383;0.0;0.16666666666666666;70363;114078.7428555949;0.34847567318325373;3600;0.0071258667908323855
Meta_206;98383;0.0;0.2777777777777778;70393;115174.02272415816;0.34847671396552105;3600;0.010251933275448998
Meta_205;98383;0.0;0.2222222222222222;70384;114830.36111629849;0.3484752241370413;3600;0.008716014554201816
Meta_207;98383;0.0;0.3333333333333333;70394;115368.1117071666;0.34843984360316416;3600;0.012906776080579893
Meta_220;98383;348222.5548190283;0.5;77443;348251.02228170563;0.4611214355736461;0;2.2227731934105296E-7
Meta_211;98383;348222.5548190283;0.0;75636;348201.81780674285;0.35799589017182243;3600;0.011218692538961668
Meta_212;98383;348222.5548190283;0.05555555555555555;75663;348220.5790862885;0.3581126893150749;3601;0.013058644152951958
Meta_213;98383;348222.5548190283;0.1111111111111111;75641;348218.17538816744;0.35798809937047277;3600;0.011583106434118006
Meta_214;98383;348222.5548190283;0.16666666666666666;75644;348192.1999842246;0.35806963332664815;3600;0.01637044622661286
Meta_219;98383;348222.5548190283;0.4444444444444444;77387;348252.8137352608;0.444445461574679;3150;2.2724869166359241E-7
Meta_215;98383;348222.5548190283;0.2222222222222222;75654;348219.4064042827;0.358096886603415;3600;0.010583231086159113
Meta_216;98383;348222.5548190283;0.2777777777777778;75636;348206.7351562657;0.35796885511710513;3600;0.017157924996990714
Meta_217;98383;348222.5548190283;0.3333333333333333;75681;348198.89014478907;0.35827129488563;3600;0.021927374457619036
Meta_218;98383;348222.5548190283;0.38888888888888884;76750;348242.2098644178;0.3888820642425538;3600;0.008582673489073035
Meta_221;98383;696445.1096380566;0.0;76891;402073.91847750224;0.3649571147026583;3600;0.017799924389188728
Meta_230;98383;696445.1096380566;0.5;84330;696475.2739076895;0.49376881971354236;0;4.2605567989590784E-16
Meta_222;98383;696445.1096380566;0.05555555555555555;76983;408602.6968089071;0.36553681348325473;3600;0.014412836717579824
Meta_223;98383;696445.1096380566;0.1111111111111111;76998;409078.20567870425;0.36561962696909156;3600;0.019529945423103098
Meta_224;98383;696445.1096380566;0.16666666666666666;76942;405391.4803097469;0.36525616395235383;3600;0.018487863245281132
Meta_225;98383;696445.1096380566;0.2222222222222222;76945;406950.61362798756;0.36527147003871535;3600;0.025465777715053733
Meta_226;98383;696445.1096380566;0.2777777777777778;76965;407719.160695699;0.3654353530810054;3600;0.021773039581327494
Meta_227;98383;696445.1096380566;0.3333333333333333;77133;413898.7756365481;0.3664964531790947;3600;0.028591093798017452
Meta_228;98383;696445.1096380566;0.38888888888888884;79961;533137.8376030652;0.38889293774453554;3600;0.03159092621708333
Meta_229;98383;696445.1096380566;0.4444444444444444;83902;693925.0952691643;0.4444476761065508;3600;0.0015939672591251456
Meta_240;98383;1044667.6644570848;0.5;85412;767530.2247583162;0.49666044500557543;0;5.770287309512425E-16
Meta_232;98383;1044667.6644570848;0.05555555555555555;76962;409860.6082552581;0.36538049369984243;3600;0.01260134579067578
Meta_231;98383;1044667.6644570848;0.0;76927;407929.86961998756;0.3651707050931557;3600;0.021523261711363765
Meta_233;98383;1044667.6644570848;0.1111111111111111;76912;406699.1851366102;0.3650539756768262;3600;0.021860856735506765
Meta_234;98383;1044667.6644570848;0.16666666666666666;76996;410902.97619652346;0.36560068457398415;3600;0.020668490187388283
Meta_235;98383;1044667.6644570848;0.2222222222222222;76958;409056.1567712811;0.365353531115666;3600;0.012356026366623096
Meta_236;98383;1044667.6644570848;0.2777777777777778;76930;408018.65894051606;0.3651847978586691;3600;0.01985948794165829
Meta_237;98383;1044667.6644570848;0.3333333333333333;77043;412358.25321660703;0.36593821748376393;3600;0.02651243827498968
Meta_238;98383;1044667.6644570848;0.38888888888888884;79974;539071.7230056837;0.38889154911979845;3600;0.01439809233251314
Meta_239;98383;1044667.6644570848;0.4444444444444444;83902;698703.0509292276;0.44444747288821945;3600;0.002442044532945845
Meta_250;98383;1392890.2192761132;0.5;85412;767530.2247583162;0.49666044500557543;0;5.770287309512425E-16
Meta_241;98383;1392890.2192761132;0.0;76883;406059.13802532287;0.364883641995106;3600;0.021662794180821423
Meta_242;98383;1392890.2192761132;0.05555555555555555;76969;409318.8392500915;0.36542484502706585;3600;0.012661754011157891
Meta_243;98383;1392890.2192761132;0.1111111111111111;76916;407749.89042665524;0.36508113976162065;3600;0.021976743368642356
Meta_244;98383;1392890.2192761132;0.16666666666666666;76913;407304.259040051;0.3650733416054642;3600;0.0243098732983463
Meta_245;98383;1392890.2192761132;0.2222222222222222;76893;406427.29242826276;0.3649477698394814;3600;0.012365598573732959
Meta_246;98383;1392890.2192761132;0.2777777777777778;76726;399132.5927919948;0.3639260362133518;3600;0.019314703327481617
Meta_247;98383;1392890.2192761132;0.3333333333333333;76900;406190.0083524103;0.3649885099023437;3600;0.024609118364596852
Meta_248;98383;1392890.2192761132;0.38888888888888884;79976;538717.1295150458;0.38889392788839233;3600;0.014286589839489622
Meta_249;98383;1392890.2192761132;0.4444444444444444;83901;698741.3261961292;0.44444444444444464;3600;0.0025171038668032712
Meta_260;98383;1741112.7740951416;0.5;85412;767530.2247583162;0.49666044500557543;0;5.770287309512425E-16
Meta_251;98383;1741112.7740951416;0.0;76883;406059.13802532287;0.364883641995106;3600;0.021664291008326488
Meta_252;98383;1741112.7740951416;0.05555555555555555;76969;409318.8392500915;0.36542484502706585;3600;0.012658902554686687
Meta_253;98383;1741112.7740951416;0.1111111111111111;76916;407749.89042665524;0.36508113976162065;3600;0.021985720777577173
Meta_254;98383;1741112.7740951416;0.16666666666666666;76913;407304.259040051;0.3650733416054642;3600;0.02428528903157425
Meta_255;98383;1741112.7740951416;0.2222222222222222;76893;406427.29242826276;0.3649477698394814;3600;0.012360011788946404
Meta_256;98383;1741112.7740951416;0.2777777777777778;76726;399132.5927919948;0.3639260362133518;3600;0.01932884265999277
Meta_257;98383;1741112.7740951416;0.3333333333333333;76900;406190.0083524103;0.3649885099023437;3600;0.024630028178463256
Meta_258;98383;1741112.7740951416;0.38888888888888884;79976;538717.1295150458;0.38889392788839233;3600;0.01428831856833677
Meta_259;98383;1741112.7740951416;0.4444444444444444;83901;698741.3261961292;0.44444444444444464;3600;0.002518075637242249
Meta_270;98383;2089335.3289141697;0.5;85412;767530.2247583162;0.49666044500557543;0;5.770287309512425E-16
Meta_261;98383;2089335.3289141697;0.0;76879;405951.096125323;0.3648585440650906;3600;0.021648850206532597
Meta_262;98383;2089335.3289141697;0.05555555555555555;76969;409318.8392500915;0.36542484502706585;3600;0.012667193119486825
Meta_263;98383;2089335.3289141697;0.1111111111111111;76916;407749.89042665524;0.36508113976162065;3600;0.021990566343885007
Meta_264;98383;2089335.3289141697;0.16666666666666666;76913;407304.259040051;0.3650733416054642;3600;0.02431271738319877
Meta_265;98383;2089335.3289141697;0.2222222222222222;76893;406427.29242826276;0.3649477698394814;3600;0.012349758633827347
Meta_266;98383;2089335.3289141697;0.2777777777777778;76726;399132.5927919948;0.3639260362133518;3600;0.019317445062400254
Meta_267;98383;2089335.3289141697;0.3333333333333333;76900;406190.0083524103;0.3649885099023437;3600;0.02461352980583733
Meta_268;98383;2089335.3289141697;0.38888888888888884;79976;538717.1295150458;0.38889392788839233;3600;0.014297530376039853
Meta_269;98383;2089335.3289141697;0.4444444444444444;83901;698741.3261961292;0.44444444444444464;3600;0.002521259089196579
Meta_280;98383;2437557.883733198;0.5;85412;767530.2247583162;0.49666044500557543;0;5.770287309512425E-16
Meta_271;98383;2437557.883733198;0.0;76879;405951.096125323;0.3648585440650906;3600;0.02164829937445288
Meta_272;98383;2437557.883733198;0.05555555555555555;76969;409318.8392500915;0.36542484502706585;3600;0.012655333687345345
Meta_273;98383;2437557.883733198;0.1111111111111111;76916;407749.89042665524;0.36508113976162065;3600;0.021977986923885296
Meta_275;98383;2437557.883733198;0.2222222222222222;76893;406427.29242826276;0.3649477698394814;3600;0.01237128721502481
Meta_274;98383;2437557.883733198;0.16666666666666666;76913;407304.259040051;0.3650733416054642;3600;0.024302588114217785
Meta_276;98383;2437557.883733198;0.2777777777777778;76726;399132.5927919948;0.3639260362133518;3600;0.019324971831012217
Meta_277;98383;2437557.883733198;0.3333333333333333;76900;406190.0083524103;0.3649885099023437;3600;0.02464220498036817
Meta_278;98383;2437557.883733198;0.38888888888888884;79976;538717.1295150458;0.38889392788839233;3600;0.014300982727513137
Meta_279;98383;2437557.883733198;0.4444444444444444;83901;698741.3261961292;0.44444444444444464;3600;0.0025224481877994167
Meta_290;98383;2785780.4385522264;0.5;85412;767530.2247583162;0.49666044500557543;0;5.770287309512425E-16
Meta_281;98383;2785780.4385522264;0.0;76879;405951.096125323;0.3648585440650906;3600;0.021653654793658588
Meta_282;98383;2785780.4385522264;0.05555555555555555;76969;409318.8392500915;0.36542484502706585;3600;0.012647922444441411
Meta_283;98383;2785780.4385522264;0.1111111111111111;76916;407749.89042665524;0.36508113976162065;3600;0.021977403725400108
Meta_284;98383;2785780.4385522264;0.16666666666666666;76913;407304.259040051;0.3650733416054642;3600;0.024309914642880057
Meta_286;98383;2785780.4385522264;0.2777777777777778;76726;399132.5927919948;0.3639260362133518;3600;0.01931635138488967
Meta_285;98383;2785780.4385522264;0.2222222222222222;76893;406427.29242826276;0.3649477698394814;3600;0.012351119261601215
Meta_287;98383;2785780.4385522264;0.3333333333333333;76900;406190.0083524103;0.3649885099023437;3600;0.02462551142332486
Meta_288;98383;2785780.4385522264;0.38888888888888884;79976;538717.1295150458;0.38889392788839233;3600;0.014295426712699719
Meta_289;98383;2785780.4385522264;0.4444444444444444;83901;698741.3261961292;0.44444444444444464;3600;0.0025278216352994263
Meta_300;98383;3134002.9933712548;0.5;85412;767530.2247583162;0.49666044500557543;0;5.770287309512425E-16
Meta_291;98383;3134002.9933712548;0.0;76883;406059.13802532287;0.364883641995106;3600;0.021665341745792436
Meta_292;98383;3134002.9933712548;0.05555555555555555;76969;409318.8392500915;0.36542484502706585;3600;0.012648506462693342
Meta_293;98383;3134002.9933712548;0.1111111111111111;76916;407749.89042665524;0.36508113976162065;3600;0.021968759302364957
Meta_294;98383;3134002.9933712548;0.16666666666666666;76913;407304.259040051;0.3650733416054642;3600;0.02431514156435691
Meta_295;98383;3134002.9933712548;0.2222222222222222;76893;406427.29242826276;0.3649477698394814;3600;0.012364897135504106
Meta_297;98383;3134002.9933712548;0.3333333333333333;76900;406190.0083524103;0.3649885099023437;3600;0.02464172426181108
Meta_296;98383;3134002.9933712548;0.2777777777777778;76726;399132.5927919948;0.3639260362133518;3600;0.019318892413248613
Meta_298;98383;3134002.9933712548;0.38888888888888884;79976;538717.1295150458;0.38889392788839233;3600;0.014293549768569308
Meta_299;98383;3134002.9933712548;0.4444444444444444;83901;698741.3261961292;0.44444444444444464;3600;0.002521602156873567
Meta_301;93967;0.0;0.0;70369;114097.29331917786;0.3485051793115004;3600;0.004807584415712688
Meta_309;93967;0.0;0.4444444444444444;74119;204780.3891;0.4435600997950307;0;0.0
Meta_310;93967;0.0;0.5;74119;204780.3891;0.4435600997950307;0;0.0
Meta_308;93967;0.0;0.38888888888888884;71999;136012.834896792;0.3888899809109373;68;0.0
Meta_302;93967;0.0;0.05555555555555555;70344;113206.28210267663;0.3484964572887344;3600;0.006318797380123495
Meta_303;93967;0.0;0.1111111111111111;70373;114413.78805516206;0.3484733059780286;3600;0.007811511244960906
Meta_304;93967;0.0;0.16666666666666666;70314;111752.11027044764;0.3485620727295932;3600;0.005615855168079286
Meta_305;93967;0.0;0.2222222222222222;70375;114285.97145726548;0.3485181178718231;3600;0.0071263339229351765
Meta_306;93967;0.0;0.2777777777777778;70311;111525.75400418178;0.3485833085352537;3600;0.009900069785677661
Meta_307;93967;0.0;0.3333333333333333;70407;115787.90854191645;0.34845033749779963;3600;0.009680801618893413
Meta_320;93967;348222.5548190283;0.5;77443;348251.02228170563;0.4611214355736461;0;1.334753364527646E-7
Meta_313;93967;348222.5548190283;0.1111111111111111;75664;348201.35970803373;0.3581412936858197;3600;0.012007898871705553
Meta_312;93967;348222.5548190283;0.05555555555555555;75644;348225.33584756847;0.358004946309624;3600;0.012110474548726132
Meta_311;93967;348222.5548190283;0.0;75635;348216.66900296544;0.3579722490270015;3600;0.01215094071675658
Meta_314;93967;348222.5548190283;0.16666666666666666;75656;348225.92849053623;0.3581061549850609;3600;0.013233575290242324
Meta_315;93967;348222.5548190283;0.2222222222222222;75654;348226.3774675062;0.35808494395314944;3600;0.014161439882375995
Meta_319;93967;348222.5548190283;0.4444444444444444;77387;348252.8137352608;0.444445461574679;1124;1.9004757769514581E-7
Meta_316;93967;348222.5548190283;0.2777777777777778;75655;348215.88537136704;0.3580763901293032;3600;0.017947072651619624
Meta_317;93967;348222.5548190283;0.3333333333333333;75675;348214.00786747073;0.358245629944456;3600;0.014320724256620627
Meta_318;93967;348222.5548190283;0.38888888888888884;76748;348244.1326857253;0.38888894323556267;3600;0.009152148174393354
Meta_330;93967;696445.1096380566;0.5;84330;696475.2739076895;0.49376881971354236;0;0.0
Meta_321;93967;696445.1096380566;0.0;77013;408787.62649877794;0.36571198344786543;3600;0.019470898048084863
Meta_324;93967;696445.1096380566;0.16666666666666666;76959;406192.07669846684;0.3653661910599671;3600;0.024511336165938296
Meta_322;93967;696445.1096380566;0.05555555555555555;77007;408024.0781314188;0.3656705145498233;3600;0.01385069536023978
Meta_323;93967;696445.1096380566;0.1111111111111111;76974;408123.6577673672;0.3654699568145611;3600;0.02110823436194679
Meta_325;93967;696445.1096380566;0.2222222222222222;77017;408053.2483568793;0.36575507741432534;3600;0.021163289369936965
Meta_326;93967;696445.1096380566;0.2777777777777778;76969;408165.7429719341;0.36541784109834313;3600;0.031163882082656125
Meta_327;93967;696445.1096380566;0.3333333333333333;76942;405006.0746754646;0.36524961004685824;3600;0.039609355374355656
Meta_328;93967;696445.1096380566;0.38888888888888884;79949;534195.8761917944;0.3888921655813002;3600;0.039312572590807365
Meta_329;93967;696445.1096380566;0.4444444444444444;83900;694377.185166229;0.4444447538449731;3600;0.006803600038759876
Meta_340;93967;1044667.6644570848;0.5;85412;767530.2247583162;0.49666044500557543;0;0.0
Meta_331;93967;1044667.6644570848;0.0;76862;405241.4556425506;0.3647485224991597;3600;0.023476703779643338
Meta_332;93967;1044667.6644570848;0.05555555555555555;76967;409501.3883531252;0.3654148941892125;3600;0.02367667811853769
Meta_333;93967;1044667.6644570848;0.1111111111111111;76914;407263.039583064;0.36506858177432994;3600;0.024557360259678154
Meta_334;93967;1044667.6644570848;0.16666666666666666;77023;412334.97595202236;0.36578566101371696;3600;0.022843178321453272
Meta_335;93967;1044667.6644570848;0.2222222222222222;76883;405740.865631362;0.36486984077121754;3600;0.030813804103791566
Meta_336;93967;1044667.6644570848;0.2777777777777778;76867;404786.4925014487;0.3647795449976926;3600;0.025888319547381283
Meta_337;93967;1044667.6644570848;0.3333333333333333;76807;402771.6563216753;0.3644177452104567;3600;0.024834916914851887
Meta_338;93967;1044667.6644570848;0.38888888888888884;79967;538211.4446871368;0.38888810303992843;3600;0.02099926256857198
Meta_339;93967;1044667.6644570848;0.4444444444444444;83901;698668.3611528642;0.44444444444444464;3600;0.003733449539326485
Meta_350;93967;1392890.2192761132;0.5;85412;767530.2247583162;0.49666044500557543;0;0.0
Meta_341;93967;1392890.2192761132;0.0;76914;407228.75654204417;0.3650742270732989;3600;0.023361538917879805
Meta_342;93967;1392890.2192761132;0.05555555555555555;76919;406994.3015132918;0.3651034811972193;3600;0.02370133851489387
Meta_343;93967;1392890.2192761132;0.1111111111111111;76717;399413.4196020602;0.36391087208612377;3600;0.024885995493848484
Meta_344;93967;1392890.2192761132;0.16666666666666666;76977;410239.36804442987;0.36546771659465904;3600;0.023819288890027154
Meta_345;93967;1392890.2192761132;0.2222222222222222;76887;406419.114717861;0.36492927585209617;3600;0.031293492933679494
Meta_346;93967;1392890.2192761132;0.2777777777777778;76953;408985.8158268802;0.3653229850700972;3600;0.02595180389953981
Meta_347;93967;1392890.2192761132;0.3333333333333333;77020;412391.3889324623;0.3657933659488233;3600;0.025997490016364845
Meta_348;93967;1392890.2192761132;0.38888888888888884;79970;538880.1826942603;0.38889245840549114;3600;0.020554638217079087
Meta_349;93967;1392890.2192761132;0.4444444444444444;83902;698781.7193955438;0.4444472529124036;3600;0.0037439556433765423
Meta_360;93967;1741112.7740951416;0.5;85412;767530.2247583162;0.49666044500557543;0;0.0
Meta_351;93967;1741112.7740951416;0.0;76914;407228.75654204417;0.3650742270732989;3600;0.023383615359756582
Meta_352;93967;1741112.7740951416;0.05555555555555555;76919;406994.3015132918;0.3651034811972193;3600;0.02369332833004034
Meta_353;93967;1741112.7740951416;0.1111111111111111;76802;402359.76493490755;0.36440323875652786;3600;0.024761893830377513
Meta_354;93967;1741112.7740951416;0.16666666666666666;76977;410239.36804442987;0.36546771659465904;3600;0.023781833654076663
Meta_356;93967;1741112.7740951416;0.2777777777777778;76953;408985.8158268802;0.3653229850700972;3600;0.02595733257719379
Meta_355;93967;1741112.7740951416;0.2222222222222222;76887;406419.114717861;0.36492927585209617;3600;0.03131155786538798
Meta_357;93967;1741112.7740951416;0.3333333333333333;77020;412391.3889324623;0.3657933659488233;3600;0.025994418092221753
Meta_358;93967;1741112.7740951416;0.38888888888888884;79970;538880.1826942603;0.38889245840549114;3600;0.02055238954076082
Meta_359;93967;1741112.7740951416;0.4444444444444444;83902;698781.7193955438;0.4444472529124036;3600;0.0037477091854772695
Meta_370;93967;2089335.3289141697;0.5;85412;767530.2247583162;0.49666044500557543;0;0.0
Meta_361;93967;2089335.3289141697;0.0;76914;407228.75654204417;0.3650742270732989;3600;0.0233568511752304
Meta_362;93967;2089335.3289141697;0.05555555555555555;76919;406994.3015132918;0.3651034811972193;3600;0.02370641057890049
Meta_363;93967;2089335.3289141697;0.1111111111111111;76802;402359.76493490755;0.36440323875652786;3600;0.024751742176185337
Meta_364;93967;2089335.3289141697;0.16666666666666666;76977;410239.36804442987;0.36546771659465904;3600;0.02372819581003129
Meta_365;93967;2089335.3289141697;0.2222222222222222;76887;406419.114717861;0.36492927585209617;3600;0.031319665634290346
Meta_367;93967;2089335.3289141697;0.3333333333333333;77020;412391.3889324623;0.3657933659488233;3600;0.025987692426545188
Meta_366;93967;2089335.3289141697;0.2777777777777778;76953;408985.8158268802;0.3653229850700972;3600;0.02595506216323343
Meta_368;93967;2089335.3289141697;0.38888888888888884;79970;538880.1826942603;0.38889245840549114;3600;0.02055490863337815
Meta_369;93967;2089335.3289141697;0.4444444444444444;83902;698781.7193955438;0.4444472529124036;3600;0.0037423892911574714
Meta_380;93967;2437557.883733198;0.5;85412;767530.2247583162;0.49666044500557543;0;0.0
Meta_371;93967;2437557.883733198;0.0;76914;407228.75654204417;0.3650742270732989;3600;0.02337382190357411
Meta_372;93967;2437557.883733198;0.05555555555555555;76919;406994.3015132918;0.3651034811972193;3600;0.023695375525160718
Meta_373;93967;2437557.883733198;0.1111111111111111;76802;402359.76493490755;0.36440323875652786;3600;0.024765983042464194
Meta_374;93967;2437557.883733198;0.16666666666666666;76977;410239.36804442987;0.36546771659465904;3600;0.023774992763536625
Meta_375;93967;2437557.883733198;0.2222222222222222;76887;406419.114717861;0.36492927585209617;3600;0.03130529391552654
Meta_376;93967;2437557.883733198;0.2777777777777778;76953;408985.8158268802;0.3653229850700972;3600;0.02595040842123144
Meta_377;93967;2437557.883733198;0.3333333333333333;77020;412391.3889324623;0.3657933659488233;3600;0.025990385066338103
Meta_378;93967;2437557.883733198;0.38888888888888884;79970;538880.1826942603;0.38889245840549114;3600;0.020550639345014353
Meta_379;93967;2437557.883733198;0.4444444444444444;83902;698781.7193955438;0.4444472529124036;3600;0.0037480573031482742
Meta_390;93967;2785780.4385522264;0.5;85412;767530.2247583162;0.49666044500557543;0;0.0
Meta_381;93967;2785780.4385522264;0.0;76914;407228.75654204417;0.3650742270732989;3600;0.023378711711295245
Meta_382;93967;2785780.4385522264;0.05555555555555555;76919;406994.3015132918;0.3651034811972193;3600;0.023701383527535074
Meta_383;93967;2785780.4385522264;0.1111111111111111;76802;402359.76493490755;0.36440323875652786;3600;0.024759405346050138
Meta_384;93967;2785780.4385522264;0.16666666666666666;76977;410239.36804442987;0.36546771659465904;3600;0.023781260231558122
Meta_385;93967;2785780.4385522264;0.2222222222222222;76887;406419.114717861;0.36492927585209617;3600;0.031294666443343964
Meta_386;93967;2785780.4385522264;0.2777777777777778;76953;408985.8158268802;0.3653229850700972;3600;0.02594612452916485
Meta_387;93967;2785780.4385522264;0.3333333333333333;77020;412391.3889324623;0.3657933659488233;3600;0.026000846423059155
Meta_389;93967;2785780.4385522264;0.4444444444444444;83902;698781.7193955438;0.4444472529124036;3600;0.003749436671264232
Meta_388;93967;2785780.4385522264;0.38888888888888884;79970;538880.1826942603;0.38889245840549114;3600;0.02054493433468656
Meta_400;93967;3134002.9933712548;0.5;85412;767530.2247583162;0.49666044500557543;0;0.0
Meta_391;93967;3134002.9933712548;0.0;76914;407228.75654204417;0.3650742270732989;3600;0.02339643882788834
Meta_392;93967;3134002.9933712548;0.05555555555555555;76919;406994.3015132918;0.3651034811972193;3600;0.023692862836035604
Meta_393;93967;3134002.9933712548;0.1111111111111111;76968;409092.0026068128;0.3654778817031833;3600;0.024980014944454735
Meta_394;93967;3134002.9933712548;0.16666666666666666;76977;410239.36804442987;0.36546771659465904;3600;0.02380904568702419
Meta_395;93967;3134002.9933712548;0.2222222222222222;76887;406419.114717861;0.36492927585209617;3600;0.03131450936670988
Meta_396;93967;3134002.9933712548;0.2777777777777778;76953;408985.8158268802;0.3653229850700972;3600;0.02595256140627246
Meta_397;93967;3134002.9933712548;0.3333333333333333;77020;412391.3889324623;0.3657933659488233;3600;0.025933469600830966
Meta_398;93967;3134002.9933712548;0.38888888888888884;79970;538880.1826942603;0.38889245840549114;3600;0.02053660345105812
Meta_409;89552;0.0;0.4444444444444444;74119;204780.3891;0.4435600997950307;0;0.0
Meta_399;93967;3134002.9933712548;0.4444444444444444;83902;698781.7193955438;0.4444472529124036;3600;0.0037526087425928394
Meta_410;89552;0.0;0.5;74119;204780.3891;0.4435600997950307;0;0.0
Meta_401;89552;0.0;0.0;70293;110669.41888407368;0.3486319694725072;3600;0.0056042296852860315
Meta_402;89552;0.0;0.05555555555555555;70397;115394.10190075009;0.3484603193773749;3600;0.007220432698800122
Meta_408;89552;0.0;0.38888888888888884;71996;135903.26516540925;0.3888899411558958;72;0.0
Meta_403;89552;0.0;0.1111111111111111;70332;112476.55515019584;0.34854691400204285;3600;0.00754742121211099
Meta_404;89552;0.0;0.16666666666666666;70371;114319.71506571816;0.3484749356516322;3600;0.007661639774146389
Meta_405;89552;0.0;0.2222222222222222;70294;111023.84180591357;0.348563786148682;3600;0.010664875559967334
Meta_406;89552;0.0;0.2777777777777778;70388;114966.25551006627;0.34846813735462334;3600;0.010111965794248896
Meta_419;89552;348222.5548190283;0.4444444444444444;77387;348252.8137352608;0.444445461574679;1195;1.6673131719553782E-7
Meta_420;89552;348222.5548190283;0.5;77443;348251.02228170563;0.4611214355736461;0;1.821379630466443E-7
Meta_407;89552;0.0;0.3333333333333333;70336;112685.39853007912;0.3485402118100965;3600;0.013090326727071385
Meta_411;89552;348222.5548190283;0.0;75646;348212.2985001927;0.3580277844725093;3600;0.013867517721977491
Meta_412;89552;348222.5548190283;0.05555555555555555;75667;348206.548480359;0.35816782858476287;3600;0.012260346559262749
Meta_413;89552;348222.5548190283;0.1111111111111111;75657;348211.02185387816;0.35810982160898464;3600;0.012044619503226228
Meta_414;89552;348222.5548190283;0.16666666666666666;75641;348211.38670204213;0.3580922105033881;3600;0.016102692665631666
Meta_415;89552;348222.5548190283;0.2222222222222222;75654;348022.1914508106;0.35811343021707;3600;0.01704528395686434
Meta_416;89552;348222.5548190283;0.2777777777777778;75642;348215.76054801536;0.35813300473709664;3601;0.030772923523933366
Meta_417;89552;348222.5548190283;0.3333333333333333;75663;348225.4064807302;0.3581188249428326;3600;0.020114193533627076
Meta_418;89552;348222.5548190283;0.38888888888888884;76748;348231.51143550366;0.3888850475464109;3600;0.010939253188686555
Meta_430;89552;696445.1096380566;0.5;84330;696475.2739076895;0.49376881971354236;0;0.0
Meta_429;89552;696445.1096380566;0.4444444444444444;83902;696444.44468933;0.4444436559772276;1853;0.0
Meta_421;89552;696445.1096380566;0.0;76994;409324.81589978904;0.3656252166442124;3600;0.01817368895933636
Meta_422;89552;696445.1096380566;0.05555555555555555;76974;406517.9354080738;0.3654708491744499;3600;0.020700720526102796
Meta_423;89552;696445.1096380566;0.1111111111111111;76791;399299.4206428137;0.36433211949715094;3600;0.02297984959423185
Meta_425;89552;696445.1096380566;0.2222222222222222;76861;401674.9866047084;0.36474290839533585;3600;0.024290009685220493
Meta_424;89552;696445.1096380566;0.16666666666666666;77050;411952.9875022054;0.36597663868587355;3600;0.023895608151486617
Meta_426;89552;696445.1096380566;0.2777777777777778;76851;401503.41737048264;0.36467979841129994;3600;0.03251834682854325
Meta_427;89552;696445.1096380566;0.3333333333333333;76912;405277.8522166551;0.36505997143756846;3600;0.05655507183403868
Meta_428;89552;696445.1096380566;0.38888888888888884;79973;534071.8198931733;0.38888673066992374;3600;0.05861251990726395
Meta_440;89552;1044667.6644570848;0.5;85412;767530.2247583162;0.49666044500557543;0;0.0
Meta_431;89552;1044667.6644570848;0.0;76908;407030.5664405022;0.36506359649168973;3600;0.026095587468273684
Meta_432;89552;1044667.6644570848;0.05555555555555555;76895;406130.5680926023;0.3649732386554817;3600;0.026650534187021662
Meta_433;89552;1044667.6644570848;0.1111111111111111;76928;407690.78370099777;0.36517007661242834;3600;0.027537533882474482
Meta_434;89552;1044667.6644570848;0.16666666666666666;76866;405563.514549756;0.3647830497281341;3600;0.031206202677785837
Meta_435;89552;1044667.6644570848;0.2222222222222222;76861;404829.94416258845;0.3647433975626698;3600;0.03519284835001742
Meta_436;89552;1044667.6644570848;0.2777777777777778;76820;403048.48286808585;0.36448631806565457;3600;0.047992457092884896
Meta_437;89552;1044667.6644570848;0.3333333333333333;76836;404102.9710965102;0.36457890531240095;3600;0.03442245404406932
Meta_438;89552;1044667.6644570848;0.38888888888888884;79974;538814.4880105022;0.3888877450293939;3600;0.027023148780750895
Meta_439;89552;1044667.6644570848;0.4444444444444444;83902;698818.2622050702;0.44444679803813836;3600;0.007752060619413257
Meta_450;89552;1392890.2192761132;0.5;85412;767530.2247583162;0.49666044500557543;0;0.0
Meta_441;89552;1392890.2192761132;0.0;76845;404348.0161222659;0.3646536918389932;3600;0.02592946956560521
Meta_442;89552;1392890.2192761132;0.05555555555555555;76913;406919.8425439244;0.36506385973801225;3600;0.02656744708665839
Meta_443;89552;1392890.2192761132;0.1111111111111111;76709;398486.5933994163;0.36383546611888706;3600;0.02827906903062197
Meta_444;89552;1392890.2192761132;0.16666666666666666;76890;406908.5900757789;0.36495405563856803;3600;0.031152938461229896
Meta_445;89552;1392890.2192761132;0.2222222222222222;76905;406848.4269641596;0.36500794526623526;3600;0.03586013749230026
Meta_446;89552;1392890.2192761132;0.2777777777777778;76802;402432.8393761991;0.3643880866966029;3600;0.04821748629447386
Meta_447;89552;1392890.2192761132;0.3333333333333333;76951;408510.8595325628;0.36530255582990834;3600;0.03414152509289699
Meta_448;89552;1392890.2192761132;0.38888888888888884;79973;538902.2874435816;0.38889189155055376;3600;0.027001565703092246
Meta_449;89552;1392890.2192761132;0.4444444444444444;83902;698822.861768862;0.44444446416507527;3600;0.007750619904784201
Meta_460;89552;1741112.7740951416;0.5;85412;767530.2247583162;0.49666044500557543;0;0.0
Meta_451;89552;1741112.7740951416;0.0;76845;404348.0161222659;0.3646536918389932;3600;0.025944840390643095
Meta_452;89552;1741112.7740951416;0.05555555555555555;76913;406919.8425439244;0.36506385973801225;3600;0.026577894232342015
Meta_453;89552;1741112.7740951416;0.1111111111111111;76709;398486.5933994163;0.36383546611888706;3600;0.028281546157536527
Meta_454;89552;1741112.7740951416;0.16666666666666666;76890;406908.5900757789;0.36495405563856803;3600;0.031144625210273787
Meta_455;89552;1741112.7740951416;0.2222222222222222;76885;405892.6289371322;0.3648846900731738;3600;0.03583524049500746
Meta_456;89552;1741112.7740951416;0.2777777777777778;76802;402432.8393761991;0.3643880866966029;3601;0.04821349407177279
Meta_457;89552;1741112.7740951416;0.3333333333333333;76951;408510.8595325628;0.36530255582990834;3600;0.03414446853610533
Meta_458;89552;1741112.7740951416;0.38888888888888884;79973;538902.2874435816;0.38889189155055376;3600;0.026990325462532536
Meta_459;89552;1741112.7740951416;0.4444444444444444;83902;698822.861768862;0.44444446416507527;3600;0.0077555792823604825
Meta_470;89552;2089335.3289141697;0.5;85412;767530.2247583162;0.49666044500557543;0;0.0
Meta_461;89552;2089335.3289141697;0.0;76845;404348.0161222659;0.3646536918389932;3600;0.02594697406412769
Meta_462;89552;2089335.3289141697;0.05555555555555555;76913;406919.8425439244;0.36506385973801225;3600;0.026579022810017547
Meta_463;89552;2089335.3289141697;0.1111111111111111;76709;398486.5933994163;0.36383546611888706;3600;0.028286566631863793
Meta_464;89552;2089335.3289141697;0.16666666666666666;76890;406908.5900757789;0.36495405563856803;3600;0.03114740208714497
Meta_465;89552;2089335.3289141697;0.2222222222222222;76885;405892.6289371322;0.3648846900731738;3600;0.03583976625632768
Meta_466;89552;2089335.3289141697;0.2777777777777778;76802;402432.8393761991;0.3643880866966029;3600;0.04820356940868683
Meta_467;89552;2089335.3289141697;0.3333333333333333;76953;408635.19513256283;0.36531472266856935;3600;0.034119543525186584
Meta_468;89552;2089335.3289141697;0.38888888888888884;79973;538902.2874435816;0.38889189155055376;3600;0.027010778702707634
Meta_469;89552;2089335.3289141697;0.4444444444444444;83902;698822.861768862;0.44444446416507527;3600;0.007764266382702781
Meta_480;89552;2437557.883733198;0.5;85412;767530.2247583162;0.49666044500557543;0;0.0
Meta_471;89552;2437557.883733198;0.0;76845;404348.0161222659;0.3646536918389932;3600;0.025944979683663303
Meta_472;89552;2437557.883733198;0.05555555555555555;76913;406919.8425439244;0.36506385973801225;3600;0.026571822664085018
Meta_473;89552;2437557.883733198;0.1111111111111111;76709;398486.5933994163;0.36383546611888706;3600;0.028286413941442504
Meta_474;89552;2437557.883733198;0.16666666666666666;76890;406908.5900757789;0.36495405563856803;3600;0.03116112585889478
Meta_475;89552;2437557.883733198;0.2222222222222222;76885;405892.6289371322;0.3648846900731738;3600;0.03583976254271657
Meta_476;89552;2437557.883733198;0.2777777777777778;76802;402432.8393761991;0.3643880866966029;3600;0.04820562939923439
Meta_477;89552;2437557.883733198;0.3333333333333333;76953;408635.19513256283;0.36531472266856935;3600;0.034136773267718905
Meta_478;89552;2437557.883733198;0.38888888888888884;79973;538902.2874435816;0.38889189155055376;3600;0.026994977940760476
Meta_479;89552;2437557.883733198;0.4444444444444444;83902;698822.861768862;0.44444446416507527;3600;0.0077651800498716355
Meta_490;89552;2785780.4385522264;0.5;85412;767530.2247583162;0.49666044500557543;0;0.0
Meta_481;89552;2785780.4385522264;0.0;76845;404348.0161222659;0.3646536918389932;3600;0.025941291074945055
Meta_482;89552;2785780.4385522264;0.05555555555555555;76913;406919.8425439244;0.36506385973801225;3600;0.02657198817827969
Meta_483;89552;2785780.4385522264;0.1111111111111111;76709;398486.5933994163;0.36383546611888706;3600;0.028281584378656258
Meta_484;89552;2785780.4385522264;0.16666666666666666;76890;406908.5900757789;0.36495405563856803;3600;0.03116640824513549
Meta_485;89552;2785780.4385522264;0.2222222222222222;76905;406848.4269641596;0.36500794526623526;3600;0.03585458122491404
Meta_486;89552;2785780.4385522264;0.2777777777777778;76802;402432.8393761991;0.3643880866966029;3600;0.048206579256774365
Meta_487;89552;2785780.4385522264;0.3333333333333333;76953;408635.19513256283;0.36531472266856935;3600;0.03408276920393968
Meta_488;89552;2785780.4385522264;0.38888888888888884;79973;538902.2874435816;0.38889189155055376;3600;0.02700249224680226
Meta_489;89552;2785780.4385522264;0.4444444444444444;83902;698822.861768862;0.44444446416507527;3600;0.007775820222720446
Meta_500;89552;3134002.9933712548;0.5;85412;767530.2247583162;0.49666044500557543;0;0.0
Meta_491;89552;3134002.9933712548;0.0;76845;404348.0161222659;0.3646536918389932;3600;0.0259412623651613
Meta_493;89552;3134002.9933712548;0.1111111111111111;76709;398486.5933994163;0.36383546611888706;3600;0.028281584378656258
Meta_492;89552;3134002.9933712548;0.05555555555555555;76913;406919.8425439244;0.36506385973801225;3600;0.02657376952583301
Meta_494;89552;3134002.9933712548;0.16666666666666666;76890;406908.5900757789;0.36495405563856803;3600;0.03116946693166223
Meta_495;89552;3134002.9933712548;0.2222222222222222;76885;405892.6289371322;0.3648846900731738;3600;0.03585151293298587
Meta_496;89552;3134002.9933712548;0.2777777777777778;76802;402432.8393761991;0.3643880866966029;3600;0.04821038775465914
Meta_497;89552;3134002.9933712548;0.3333333333333333;76953;408635.19513256283;0.36531472266856935;3600;0.03411635209364864
Meta_508;85136;0.0;0.38888888888888884;71990;135683.80366540927;0.3888896907886538;516;1.9919074609842968E-7
Meta_509;85136;0.0;0.4444444444444444;74119;204780.3891;0.4435600997950307;0;0.0
Meta_510;85136;0.0;0.5;74119;204780.3891;0.4435600997950307;0;0.0
Meta_498;89552;3134002.9933712548;0.38888888888888884;79973;538902.2874435816;0.38889189155055376;3600;0.026977596287633764
Meta_499;89552;3134002.9933712548;0.4444444444444444;83902;698822.861768862;0.44444446416507527;3600;0.007760372486368814
Meta_501;85136;0.0;0.0;70445;117205.00521830798;0.3484483499664356;3600;0.006991241959252378
Meta_502;85136;0.0;0.05555555555555555;70446;117650.22995871544;0.34837872613620796;3600;0.008169145865154208
Meta_503;85136;0.0;0.1111111111111111;70351;113468.03291131905;0.3485003405306877;3600;0.00633813253345585
Meta_504;85136;0.0;0.16666666666666666;70393;114929.21394006332;0.3485057237367461;3600;0.008792851676209211
Meta_505;85136;0.0;0.2222222222222222;70345;112866.18793974331;0.348567230046687;3600;0.008002914019262678
Meta_506;85136;0.0;0.2777777777777778;70378;114593.45766179642;0.34847647064885817;3600;0.005321953916301711
Meta_507;85136;0.0;0.3333333333333333;70406;115962.38024083649;0.3484154645612095;3600;0.01287310428008809
Meta_520;85136;348222.5548190283;0.5;77443;348251.02228170563;0.4611214355736461;0;0.0
Meta_519;85136;348222.5548190283;0.4444444444444444;77387;348252.95706787024;0.44444488806753213;74;0.0
Meta_511;85136;348222.5548190283;0.0;75644;348223.43147184706;0.35804278033665515;3600;0.011725042838383673
Meta_512;85136;348222.5548190283;0.05555555555555555;75630;348222.6310354266;0.35793380971215494;3600;0.010187639323082387
Meta_513;85136;348222.5548190283;0.1111111111111111;75642;348220.13007821864;0.3579675533866956;3600;0.01816256530464895
Meta_514;85136;348222.5548190283;0.16666666666666666;75648;348220.0163869009;0.35801885662674765;3600;0.015784401226595444
Meta_515;85136;348222.5548190283;0.2222222222222222;75623;348217.1746201968;0.3578777400232832;3600;0.02041324813872984
Meta_516;85136;348222.5548190283;0.2777777777777778;75626;348215.420600291;0.3579176964369899;3600;0.028949596270541035
Meta_517;85136;348222.5548190283;0.3333333333333333;75643;348210.4317851042;0.35798288510972154;3600;0.033940935866720263
Meta_518;85136;348222.5548190283;0.38888888888888884;76753;348221.2593196873;0.3888899371866293;3600;0.0075624943579503815
Meta_530;85136;696445.1096380566;0.5;84330;696475.2739076895;0.49376881971354236;0;0.0
Meta_521;85136;696445.1096380566;0.0;76745;398431.80245327024;0.3640213197954624;3600;0.014901390138445042
Meta_522;85136;696445.1096380566;0.05555555555555555;76817;401846.05351470003;0.3644734493067455;3600;0.014351866674201191
Meta_523;85136;696445.1096380566;0.1111111111111111;76744;398381.6038674411;0.3640228398220502;3600;0.007129878059117888
Meta_524;85136;696445.1096380566;0.16666666666666666;76819;401798.08936916955;0.3644708673349472;3600;0.013753117015000954
Meta_525;85136;696445.1096380566;0.2222222222222222;76845;402963.9934070365;0.3646444744687865;3600;0.02197650554734013
Meta_526;85136;696445.1096380566;0.2777777777777778;76823;401901.10362714384;0.36450144473737356;3600;0.0169044625193637
Meta_527;85136;696445.1096380566;0.3333333333333333;76822;401826.8788339006;0.36448968487827904;3600;0.03773188346629738
Meta_529;85136;696445.1096380566;0.4444444444444444;83902;695788.6599695998;0.4444473310905076;3600;0.01406687579490437
Meta_528;85136;696445.1096380566;0.38888888888888884;79972;537373.4903447303;0.3888942784447375;3600;0.059030789168214776
Meta_540;85136;1044667.6644570848;0.5;85136;754340.2119853393;0.495299681949137;0;0.0
Meta_531;85136;1044667.6644570848;0.0;76818;403152.59548902663;0.36446513110186385;3600;0.017740480908523718
Meta_532;85136;1044667.6644570848;0.05555555555555555;76868;405433.39221900096;0.3647996649238455;3600;0.02321519940401351
Meta_533;85136;1044667.6644570848;0.1111111111111111;76657;396058.8679107738;0.36349340907019906;3600;0.019660992964698757
Meta_534;85136;1044667.6644570848;0.16666666666666666;76820;403247.98087216396;0.36447928080026065;3600;0.02099520679142213
Meta_535;85136;1044667.6644570848;0.2222222222222222;76756;400335.4088318589;0.3640975194127412;3600;0.024146736945990014
Meta_536;85136;1044667.6644570848;0.2777777777777778;76828;403603.96692699834;0.3645314471944477;3600;0.028292025216680346
Meta_537;85136;1044667.6644570848;0.3333333333333333;76814;403068.053473787;0.3644901030081295;3600;0.06685481763242805
Meta_538;85136;1044667.6644570848;0.38888888888888884;79973;537640.8969005148;0.3888880616525824;3600;0.05687082448301932
Meta_539;85136;1044667.6644570848;0.4444444444444444;83902;698761.3602666522;0.444444830180141;3600;0.012173973301042081
Meta_550;85136;1392890.2192761132;0.5;85136;754340.2119853393;0.495299681949137;0;0.0
Meta_541;85136;1392890.2192761132;0.0;76764;400787.60891779873;0.3641366560963403;3600;0.017682759699345397
Meta_542;85136;1392890.2192761132;0.05555555555555555;76724;398674.24092782685;0.363928502538275;3600;0.02374565671483713
Meta_543;85136;1392890.2192761132;0.1111111111111111;76831;403843.413972164;0.3645524920335788;3600;0.01948189916679108
Meta_544;85136;1392890.2192761132;0.16666666666666666;76811;402868.51522429567;0.36442206631157;3600;0.02091480494851452
Meta_545;85136;1392890.2192761132;0.2222222222222222;76698;397663.18766128825;0.3637436974936205;3600;0.025976499960695912
Meta_546;85136;1392890.2192761132;0.2777777777777778;76772;401232.62597199564;0.36418268308796603;3600;0.031446191133786605
Meta_547;85136;1392890.2192761132;0.3333333333333333;76746;399971.07117671217;0.36402837057727117;3600;0.0670663755468022
Meta_548;85136;1392890.2192761132;0.38888888888888884;79974;537470.4619772988;0.38889431088827536;3600;0.05851609283659791
Meta_549;85136;1392890.2192761132;0.4444444444444444;83902;698773.2964945176;0.44444415495714124;3600;0.003629779721579355
Meta_560;85136;1741112.7740951416;0.5;85136;754340.2119853393;0.495299681949137;0;0.0
Meta_551;85136;1741112.7740951416;0.0;76764;400787.60891779873;0.3641366560963403;3600;0.01766991883843772
Meta_552;85136;1741112.7740951416;0.05555555555555555;76724;398674.24092782685;0.363928502538275;3600;0.023742107762495687
Meta_553;85136;1741112.7740951416;0.1111111111111111;76831;403843.413972164;0.3645524920335788;3600;0.019472202118470415
Meta_554;85136;1741112.7740951416;0.16666666666666666;76811;402868.51522429567;0.36442206631157;3600;0.020918164659769905
Meta_555;85136;1741112.7740951416;0.2222222222222222;76699;397680.3807612882;0.36374998645574147;3600;0.0259927088071722
Meta_556;85136;1741112.7740951416;0.2777777777777778;76772;401232.62597199564;0.36418268308796603;3600;0.031436551949688904
Meta_557;85136;1741112.7740951416;0.3333333333333333;76746;399971.07117671217;0.36402837057727117;3600;0.06707106054005584
Meta_558;85136;1741112.7740951416;0.38888888888888884;79974;537470.4619772988;0.38889431088827536;3600;0.05849157405649768
Meta_559;85136;1741112.7740951416;0.4444444444444444;83902;698773.2964945176;0.44444415495714124;3600;0.003481432001565586
Meta_570;85136;2089335.3289141697;0.5;85136;754340.2119853393;0.495299681949137;0;0.0
Meta_561;85136;2089335.3289141697;0.0;76764;400787.60891779873;0.3641366560963403;3600;0.01766204863598124
Meta_563;85136;2089335.3289141697;0.1111111111111111;76831;403843.413972164;0.3645524920335788;3600;0.0194560562188938
Meta_562;85136;2089335.3289141697;0.05555555555555555;76724;398674.24092782685;0.363928502538275;3600;0.02374721877640122
Meta_564;85136;2089335.3289141697;0.16666666666666666;76811;402868.51522429567;0.36442206631157;3600;0.02089806616473247
Meta_565;85136;2089335.3289141697;0.2222222222222222;76699;397689.60826128826;0.3637498575737674;3600;0.02594838369925117
Meta_566;85136;2089335.3289141697;0.2777777777777778;76772;401232.62597199564;0.36418268308796603;3600;0.03143663746761256
Meta_567;85136;2089335.3289141697;0.3333333333333333;76746;399971.07117671217;0.36402837057727117;3600;0.06704092460912975
Meta_568;85136;2089335.3289141697;0.38888888888888884;79974;537470.4619772988;0.38889431088827536;3600;0.05847502010839968
Meta_569;85136;2089335.3289141697;0.4444444444444444;83902;698773.2964945176;0.44444415495714124;3600;0.003821872146589842
Meta_580;85136;2437557.883733198;0.5;85136;754340.2119853393;0.495299681949137;0;0.0
Meta_571;85136;2437557.883733198;0.0;76764;400787.60891779873;0.3641366560963403;3600;0.01762483335483481
Meta_572;85136;2437557.883733198;0.05555555555555555;76724;398674.24092782685;0.363928502538275;3600;0.023742186674599115
Meta_573;85136;2437557.883733198;0.1111111111111111;76831;403843.413972164;0.3645524920335788;3600;0.019464523291937524
Meta_574;85136;2437557.883733198;0.16666666666666666;76811;402868.51522429567;0.36442206631157;3600;0.020899282154661403
Meta_575;85136;2437557.883733198;0.2222222222222222;76698;397663.18766128825;0.3637436974936205;3600;0.02598722150349975
Meta_576;85136;2437557.883733198;0.2777777777777778;76773;401287.4072760497;0.3641887202816717;3600;0.031420309734354605
Meta_577;85136;2437557.883733198;0.3333333333333333;76746;399971.07117671217;0.36402837057727117;3600;0.06706714280427219
Meta_578;85136;2437557.883733198;0.38888888888888884;79974;537470.4619772988;0.38889431088827536;3600;0.05848342152859498
Meta_579;85136;2437557.883733198;0.4444444444444444;83902;698773.2964945176;0.44444415495714124;3600;0.0029168542958824253
Meta_590;85136;2785780.4385522264;0.5;85136;754340.2119853393;0.495299681949137;0;0.0
Meta_581;85136;2785780.4385522264;0.0;76764;400787.60891779873;0.3641366560963403;3600;0.017676203095658847
Meta_582;85136;2785780.4385522264;0.05555555555555555;76724;398674.24092782685;0.363928502538275;3600;0.02373913272204328
Meta_583;85136;2785780.4385522264;0.1111111111111111;76831;403843.413972164;0.3645524920335788;3600;0.019470781166251117
Meta_584;85136;2785780.4385522264;0.16666666666666666;76811;402868.51522429567;0.36442206631157;3600;0.020897630748986686
Meta_585;85136;2785780.4385522264;0.2222222222222222;76699;397709.9590612882;0.36374956663060604;3600;0.02593383370940862
Meta_586;85136;2785780.4385522264;0.2777777777777778;76772;401232.62597199564;0.36418268308796603;3600;0.03142367205248335
Meta_587;85136;2785780.4385522264;0.3333333333333333;76746;399971.07117671217;0.36402837057727117;3600;0.0670528995898323
Meta_588;85136;2785780.4385522264;0.38888888888888884;79974;537470.4619772988;0.38889431088827536;3600;0.058493542971271455
Meta_589;85136;2785780.4385522264;0.4444444444444444;83902;698773.2964945176;0.44444415495714124;3600;0.0032252140563227374
Meta_600;85136;3134002.9933712548;0.5;85136;754340.2119853393;0.495299681949137;0;0.0
Meta_591;85136;3134002.9933712548;0.0;76764;400787.60891779873;0.3641366560963403;3600;0.01766452835848616
Meta_592;85136;3134002.9933712548;0.05555555555555555;76724;398674.24092782685;0.363928502538275;3600;0.023738026770526534
Meta_593;85136;3134002.9933712548;0.1111111111111111;76831;403843.413972164;0.3645524920335788;3600;0.01945951414400323
Meta_594;85136;3134002.9933712548;0.16666666666666666;76811;402868.51522429567;0.36442206631157;3600;0.02091730775812892
Meta_595;85136;3134002.9933712548;0.2222222222222222;76699;397725.22216128826;0.36374976228401057;3600;0.02594138269575843
Meta_596;85136;3134002.9933712548;0.2777777777777778;76772;401232.62597199564;0.36418268308796603;3600;0.031434912197535345
Meta_597;85136;3134002.9933712548;0.3333333333333333;76745;399926.77697671216;0.36402221367863935;3600;0.06708141309771187
Meta_598;85136;3134002.9933712548;0.38888888888888884;79974;537470.4619772988;0.38889431088827536;3600;0.05831313688283436
Meta_609;80721;0.0;0.4444444444444444;74119;204780.3891;0.4435600997950307;0;0.0
Meta_610;80721;0.0;0.5;74119;204780.3891;0.4435600997950307;0;0.0
Meta_608;80721;0.0;0.38888888888888884;71994;135830.101596792;0.388889201394415;79;0.0
Meta_599;85136;3134002.9933712548;0.4444444444444444;83902;698773.2964945176;0.44444415495714124;3600;0.0036200713249816725
Meta_601;80721;0.0;0.0;70389;114801.43704871979;0.3485072602014301;3600;0.00921573175496259
Meta_602;80721;0.0;0.05555555555555555;70351;113812.41277108048;0.3484437962098313;3600;0.005704962908071524
Meta_603;80721;0.0;0.1111111111111111;70287;110438.24770010657;0.34862689378146333;3600;0.00965891587623951
Meta_604;80721;0.0;0.16666666666666666;70313;111578.52440755062;0.3485870280445326;3600;0.011561658277920443
Meta_605;80721;0.0;0.2222222222222222;70358;113448.8761432328;0.34854835113694554;3600;0.012203899061313314
Meta_606;80721;0.0;0.2777777777777778;70360;113763.66261349637;0.3485054666746979;3600;0.010298248916383253
Meta_607;80721;0.0;0.3333333333333333;70451;117735.40852375659;0.3483979017787589;3600;0.021777104130391092
Meta_620;80721;348222.5548190283;0.5;77443;348251.02228170563;0.4611214355736461;0;0.0
Meta_611;80721;348222.5548190283;0.0;75634;348222.7795622992;0.3579410187439401;3600;0.015374813159168428
Meta_612;80721;348222.5548190283;0.05555555555555555;75633;348217.5955337535;0.3579306553730969;3600;0.019991257617973747
Meta_619;80721;348222.5548190283;0.4444444444444444;77387;348253.1215378913;0.4444452121916837;103;0.0
Meta_613;80721;348222.5548190283;0.1111111111111111;75653;348221.5133002708;0.35806508587614844;3600;0.019310748908973725
Meta_614;80721;348222.5548190283;0.16666666666666666;75642;348220.99520050886;0.35797294796244017;3600;0.011370541138989079
Meta_615;80721;348222.5548190283;0.2222222222222222;75657;348222.60458368296;0.358062445996763;3600;0.019099997680693887
Meta_616;80721;348222.5548190283;0.2777777777777778;75643;348221.15048780286;0.35798789691237787;3600;0.025916401819759075
Meta_617;80721;348222.5548190283;0.3333333333333333;75655;348222.34591221955;0.3580712637698704;3600;0.04639600607444342
Meta_629;80721;696445.1096380566;0.4444444444444444;80764;571283.0265474971;0.4444399789688799;0;0.0
Meta_630;80721;696445.1096380566;0.5;80721;573755.0940870947;0.4682167481429402;0;0.0
Meta_618;80721;348222.5548190283;0.38888888888888884;76753;348220.4085093451;0.3888894596313464;3600;0.006075053003605434
Meta_621;80721;696445.1096380566;0.0;76818;401765.05060251785;0.3644697556523552;3600;0.012518859042091605
Meta_622;80721;696445.1096380566;0.05555555555555555;76812;401475.4259355445;0.3644332042575193;3600;0.013878380197727622
Meta_623;80721;696445.1096380566;0.1111111111111111;76773;399560.6295122186;0.3642065853632366;3600;0.03224465386399767
Meta_624;80721;696445.1096380566;0.16666666666666666;76802;401165.99160929455;0.3643764751920294;3600;0.034499512854117516
Meta_625;80721;696445.1096380566;0.2222222222222222;76815;401648.5566366034;0.3644467820878465;3600;0.015418319718619568
Meta_626;80721;696445.1096380566;0.2777777777777778;76831;402126.2628855196;0.3645497826637846;3600;0.032944705151993735
Meta_627;80721;696445.1096380566;0.3333333333333333;76817;401692.912238027;0.3644602800414359;3600;0.0637171777620093
Meta_639;80721;1044667.6644570848;0.4444444444444444;80721;555532.1293346537;0.44437400439592106;0;0.0
Meta_640;80721;1044667.6644570848;0.5;80721;553258.1108501819;0.48776941151374054;0;0.0
Meta_628;80721;696445.1096380566;0.38888888888888884;79972;539129.6675979352;0.3888934557721348;3600;0.4966545242666499
Meta_631;80721;1044667.6644570848;0.0;76744;399614.70544932643;0.3640331886513383;3600;0.015098410045726728
Meta_632;80721;1044667.6644570848;0.05555555555555555;76798;402394.3419564603;0.3643485579208774;3600;0.013121935838070963
Meta_633;80721;1044667.6644570848;0.1111111111111111;76734;399363.38695731404;0.36395537444798726;3600;0.017195177271449612
Meta_634;80721;1044667.6644570848;0.16666666666666666;76788;401828.07070456183;0.3642814141038185;3600;0.025782023038325688
Meta_635;80721;1044667.6644570848;0.2222222222222222;76832;403833.57050944166;0.36455984894836413;3600;0.02736643604289022
Meta_636;80721;1044667.6644570848;0.2777777777777778;76819;403252.9392568759;0.36448372415248415;3600;0.030740901963350487
Meta_637;80721;1044667.6644570848;0.3333333333333333;76771;401075.29577769357;0.364178025445798;3600;0.08279926766759717
Meta_649;80721;1392890.2192761132;0.4444444444444444;80721;555532.1293346537;0.44437400439592106;0;0.0
Meta_650;80721;1392890.2192761132;0.5;80721;553258.1108501819;0.48776941151374054;0;0.0
Meta_638;80721;1044667.6644570848;0.38888888888888884;79973;537402.965993761;0.3888939692181246;3600;0.3759268257854005
Meta_641;80721;1392890.2192761132;0.0;76804;402524.16243682266;0.36438555264173494;3600;0.024395948564689414
Meta_642;80721;1392890.2192761132;0.05555555555555555;76796;402200.41992242215;0.36433136726052007;3600;0.03417964512012627
Meta_643;80721;1392890.2192761132;0.1111111111111111;76810;402855.26158902666;0.36441675278088115;3600;0.03706174073964081
Meta_644;80721;1392890.2192761132;0.16666666666666666;76823;403538.38370374363;0.3645066033764932;3600;0.039411155711319035
Meta_645;80721;1392890.2192761132;0.2222222222222222;76761;400817.88843364053;0.36415017584838766;3600;0.020334727639529714
Meta_646;80721;1392890.2192761132;0.2777777777777778;76743;399620.4030372317;0.36401248781355205;3600;0.04171893954416689
Meta_647;80721;1392890.2192761132;0.3333333333333333;76819;403229.20010502276;0.3644730004705459;3600;0.07975280103482019
Meta_659;80721;1741112.7740951416;0.4444444444444444;80721;555532.1293346537;0.44437400439592106;0;0.0
Meta_660;80721;1741112.7740951416;0.5;80721;553258.1108501819;0.48776941151374054;0;0.0
Meta_648;80721;1392890.2192761132;0.38888888888888884;79974;538279.519796481;0.38889299339965316;3600;0.36400447423522325
Meta_651;80721;1741112.7740951416;0.0;76804;402524.16243682266;0.36438555264173494;3600;0.02442787232671146
Meta_652;80721;1741112.7740951416;0.05555555555555555;76796;402200.41992242215;0.36433136726052007;3600;0.03415771351990186
Meta_653;80721;1741112.7740951416;0.1111111111111111;76810;402855.26158902666;0.36441675278088115;3600;0.037054436921228624
Meta_654;80721;1741112.7740951416;0.16666666666666666;76823;403538.38370374363;0.3645066033764932;3600;0.03941470143607905
Meta_655;80721;1741112.7740951416;0.2222222222222222;76761;400817.88843364053;0.36415017584838766;3600;0.020334809663096705
Meta_656;80721;1741112.7740951416;0.2777777777777778;76743;399616.190769798;0.36401253845078124;3600;0.04176791422035887
Meta_657;80721;1741112.7740951416;0.3333333333333333;76819;403233.4123724565;0.3644728908587654;3600;0.0796993644701844
Meta_669;80721;2089335.3289141697;0.4444444444444444;80721;555532.1293346537;0.44437400439592106;0;0.0
Meta_670;80721;2089335.3289141697;0.5;80721;553258.1108501819;0.48776941151374054;0;0.0
Meta_658;80721;1741112.7740951416;0.38888888888888884;79974;538279.519796481;0.38889299339965316;3600;0.36358392259099503
Meta_661;80721;2089335.3289141697;0.0;76804;402524.16243682266;0.36438555264173494;3600;0.024435274377180433
Meta_662;80721;2089335.3289141697;0.05555555555555555;76796;402200.41992242215;0.36433136726052007;3600;0.03415886277378897
Meta_663;80721;2089335.3289141697;0.1111111111111111;76810;402855.26158902666;0.36441675278088115;3600;0.03707170117587958
Meta_664;80721;2089335.3289141697;0.16666666666666666;76823;403538.38370374363;0.3645066033764932;3600;0.03939741455858063
Meta_665;80721;2089335.3289141697;0.2222222222222222;76761;400817.88843364053;0.36415017584838766;3600;0.020336176834226335
Meta_666;80721;2089335.3289141697;0.2777777777777778;76743;399616.190769798;0.36401253845078124;3600;0.04181288440697147
Meta_667;80721;2089335.3289141697;0.3333333333333333;76819;403233.4123724565;0.3644728908587654;3600;0.07971445222979705
Meta_679;80721;2437557.883733198;0.4444444444444444;80721;555532.1293346537;0.44437400439592106;0;0.0
Meta_680;80721;2437557.883733198;0.5;80721;553258.1108501819;0.48776941151374054;0;0.0
Meta_668;80721;2089335.3289141697;0.38888888888888884;79974;538279.519796481;0.38889299339965316;3600;0.363805516971668
Meta_671;80721;2437557.883733198;0.0;76804;402524.16243682266;0.36438555264173494;3600;0.0244227600615334
Meta_672;80721;2437557.883733198;0.05555555555555555;76796;402200.41992242215;0.36433136726052007;3600;0.0341499398546351
Meta_673;80721;2437557.883733198;0.1111111111111111;76810;402855.26158902666;0.36441675278088115;3600;0.03707572159533745
Meta_674;80721;2437557.883733198;0.16666666666666666;76823;403538.38370374363;0.3645066033764932;3600;0.03941693185326828
Meta_675;80721;2437557.883733198;0.2222222222222222;76761;400817.88843364053;0.36415017584838766;3600;0.02030254586930974
Meta_676;80721;2437557.883733198;0.2777777777777778;76743;399620.4030372317;0.36401248781355205;3600;0.04170915225119556
Meta_677;80721;2437557.883733198;0.3333333333333333;76819;403233.4123724565;0.3644728908587654;3600;0.07964998660530988
Meta_689;80721;2785780.4385522264;0.4444444444444444;80721;555532.1293346537;0.44437400439592106;0;0.0
Meta_690;80721;2785780.4385522264;0.5;80721;553258.1108501819;0.48776941151374054;0;0.0
Meta_678;80721;2437557.883733198;0.38888888888888884;79974;538279.519796481;0.38889299339965316;3600;0.3634928273213372
Meta_681;80721;2785780.4385522264;0.0;76804;402524.16243682266;0.36438555264173494;3600;0.02441497429215975
Meta_682;80721;2785780.4385522264;0.05555555555555555;76796;402200.41992242215;0.36433136726052007;3600;0.03417505431082894
Meta_683;80721;2785780.4385522264;0.1111111111111111;76810;402855.26158902666;0.36441675278088115;3600;0.0370656381372717
Meta_684;80721;2785780.4385522264;0.16666666666666666;76823;403538.38370374363;0.3645066033764932;3600;0.03939304684980561
Meta_685;80721;2785780.4385522264;0.2222222222222222;76761;400817.88843364053;0.36415017584838766;3600;0.020363531560356113
Meta_686;80721;2785780.4385522264;0.2777777777777778;76743;399616.190769798;0.36401253845078124;3600;0.04177827146009751
Meta_687;80721;2785780.4385522264;0.3333333333333333;76819;403229.20010502276;0.3644730004705459;3600;0.0797529277511609
Meta_699;80721;3134002.9933712548;0.4444444444444444;80721;555532.1293346537;0.44437400439592106;0;0.0
Meta_700;80721;3134002.9933712548;0.5;80721;553258.1108501819;0.48776941151374054;0;0.0
Meta_688;80721;2785780.4385522264;0.38888888888888884;79974;538279.519796481;0.38889299339965316;3600;0.3635118485456774
Meta_691;80721;3134002.9933712548;0.0;76804;402524.16243682266;0.36438555264173494;3600;0.024412432922657795
Meta_692;80721;3134002.9933712548;0.05555555555555555;76796;402200.41992242215;0.36433136726052007;3600;0.03416378797237242
Meta_693;80721;3134002.9933712548;0.1111111111111111;76810;402855.26158902666;0.36441675278088115;3600;0.03705371649396566
Meta_694;80721;3134002.9933712548;0.16666666666666666;76823;403538.38370374363;0.3645066033764932;3600;0.039414256535015964
Meta_695;80721;3134002.9933712548;0.2222222222222222;76761;400817.88843364053;0.36415017584838766;3600;0.02035528968200471
Meta_696;80721;3134002.9933712548;0.2777777777777778;76743;399616.190769798;0.36401253845078124;3600;0.04181823375946487
Meta_697;80721;3134002.9933712548;0.3333333333333333;76819;403233.4123724565;0.3644728908587654;3600;0.07973019700471737
Meta_709;76305;0.0;0.4444444444444444;74119;204780.3891;0.4435600997950307;0;0.0
Meta_710;76305;0.0;0.5;74119;204780.3891;0.4435600997950307;0;0.0
Meta_698;80721;3134002.9933712548;0.38888888888888884;79974;538279.519796481;0.38889299339965316;3600;0.3634945033280371
Meta_701;76305;0.0;0.0;70273;110323.66387827213;0.3485812611746224;3600;0.010318392283422748
Meta_708;76305;0.0;0.38888888888888884;71996;135903.22746540926;0.38888991100195347;194;0.0
Meta_702;76305;0.0;0.05555555555555555;70298;110918.64105198032;0.3486164853845477;3600;0.010975536162688156
Meta_703;76305;0.0;0.1111111111111111;70432;116875.71501475101;0.34842822579204497;3600;0.011195822308161688
Meta_704;76305;0.0;0.16666666666666666;70313;111893.97265310236;0.34854029620583915;3600;0.0130595092061032
Meta_705;76305;0.0;0.2222222222222222;70417;116006.12775414798;0.3484876686278589;3600;0.015023329610169873
Meta_718;76305;348222.5548190283;0.38888888888888884;76305;348216.09156929964;0.3886891242023323;2;0.0
Meta_719;76305;348222.5548190283;0.4444444444444444;76305;346620.694634774;0.4444399651467171;0;0.0
Meta_720;76305;348222.5548190283;0.5;76305;345010.0582898118;0.4669258684238914;0;0.0
Meta_706;76305;0.0;0.2777777777777778;70353;113468.5436091857;0.34851250272586326;3600;0.015403626098792455
Meta_707;76305;0.0;0.3333333333333333;70561;123093.36597722881;0.3481977385202255;3600;0.022037823854771005
Meta_711;76305;348222.5548190283;0.0;75660;348218.00551342074;0.3581288214863181;3600;0.023869537957136533
Meta_712;76305;348222.5548190283;0.05555555555555555;75636;348222.32034365594;0.35798941246878985;3600;0.00817674022888276
Meta_713;76305;348222.5548190283;0.1111111111111111;75666;347929.60662732983;0.35826323634845614;3600;0.01611403584773035
Meta_714;76305;348222.5548190283;0.16666666666666666;75634;348223.18263193296;0.3579370577360907;3600;0.02412164362821334
Meta_715;76305;348222.5548190283;0.2222222222222222;75656;348222.4129478902;0.3580724893980957;3600;0.017957662207652474
Meta_728;76305;696445.1096380566;0.38888888888888884;76427;389267.04993654235;0.3888729555919945;2;0.0
Meta_729;76305;696445.1096380566;0.4444444444444444;76645;381205.33568590874;0.44206229644906264;0;0.0
Meta_730;76305;696445.1096380566;0.5;76305;345010.0582898118;0.4669258684238914;0;0.0
Meta_716;76305;348222.5548190283;0.2777777777777778;75654;348223.13771918986;0.3580650238461505;3600;0.049644316108772485
Meta_717;76305;348222.5548190283;0.3333333333333333;75639;348224.8247093677;0.3579559014560976;3600;0.11844619769930473
Meta_721;76305;696445.1096380566;0.0;76302;379783.108221098;0.36143816575794124;3600;0.023987534416516618
Meta_722;76305;696445.1096380566;0.05555555555555555;76305;379965.38825634937;0.3614664180178617;3600;0.02818674505364388
Meta_723;76305;696445.1096380566;0.1111111111111111;76305;379725.4522334229;0.36144789237216246;3600;0.03339599663403237
Meta_724;76305;696445.1096380566;0.16666666666666666;76305;379991.5171426132;0.3614510648855634;3600;0.03131740561974519
Meta_725;76305;696445.1096380566;0.2222222222222222;76305;379552.08485911926;0.36148427083658186;3600;0.04385450062153688
Meta_738;76305;1044667.6644570848;0.38888888888888884;76397;408831.1595753172;0.38887702011095243;0;0.0
Meta_739;76305;1044667.6644570848;0.4444444444444444;76555;403535.77326347807;0.44441071467949855;0;0.0
Meta_740;76305;1044667.6644570848;0.5;76305;397011.7583285506;0.4788151434441049;0;0.0
Meta_726;76305;696445.1096380566;0.2777777777777778;76305;379423.8908772604;0.361448936994543;3600;0.06979270020921542
Meta_727;76305;696445.1096380566;0.3333333333333333;76305;380318.82081482385;0.361457625660297;3600;0.16701088007901765
Meta_731;76305;1044667.6644570848;0.0;76305;380745.49263920623;0.3614669886740309;3600;0.01806372109807087
Meta_732;76305;1044667.6644570848;0.05555555555555555;76305;380963.51353093894;0.361450608598034;3600;0.029122986929573318
Meta_733;76305;1044667.6644570848;0.1111111111111111;76305;381070.8291097571;0.3614471519592048;3600;0.03129956930842316
Meta_734;76305;1044667.6644570848;0.16666666666666666;76305;381092.2346422662;0.3614481065478502;3600;0.03271276780318102
Meta_735;76305;1044667.6644570848;0.2222222222222222;76305;381064.52607995295;0.3614497263589456;3600;0.04309097046534832
Meta_748;76305;1392890.2192761132;0.38888888888888884;76397;408831.1595753172;0.38887702011095243;0;0.0
Meta_749;76305;1392890.2192761132;0.4444444444444444;76555;403535.77326347807;0.44441071467949855;0;0.0
Meta_750;76305;1392890.2192761132;0.5;76305;397011.7583285506;0.4788151434441049;0;0.0
Meta_736;76305;1044667.6644570848;0.2777777777777778;76304;381282.97190858703;0.3614486196743997;3600;0.07702930719739239
Meta_737;76305;1044667.6644570848;0.3333333333333333;76305;381069.8918828941;0.3614672582152;3600;0.1990021748986208
Meta_741;76305;1392890.2192761132;0.0;76305;381303.2869066943;0.3614929662626323;3600;0.018159285235943932
Meta_742;76305;1392890.2192761132;0.05555555555555555;76305;380564.0517954971;0.3614514071345413;3600;0.02908449901172168
Meta_743;76305;1392890.2192761132;0.1111111111111111;76300;380528.1288089497;0.3614453329806502;3600;0.02346970366374685
Meta_744;76305;1392890.2192761132;0.16666666666666666;76305;380952.3418002493;0.36144469950266117;3600;0.03276736815151767
Meta_745;76305;1392890.2192761132;0.2222222222222222;76304;381050.05633034;0.36144333213261454;3600;0.0435357315982543
Meta_758;76305;1741112.7740951416;0.38888888888888884;76397;408831.1595753172;0.38887702011095243;0;0.0
Meta_759;76305;1741112.7740951416;0.4444444444444444;76555;403535.77326347807;0.44441071467949855;0;0.0
Meta_760;76305;1741112.7740951416;0.5;76305;397011.7583285506;0.4788151434441049;0;0.0
Meta_746;76305;1392890.2192761132;0.2777777777777778;76305;381498.58219348453;0.36146052782750343;3600;0.07478039523248795
Meta_747;76305;1392890.2192761132;0.3333333333333333;76301;380658.9118918943;0.36145211209489525;3600;0.19812402509344287
Meta_751;76305;1741112.7740951416;0.0;76305;381303.2869066943;0.3614929662626323;3600;0.0181552044999571
Meta_752;76305;1741112.7740951416;0.05555555555555555;76305;380564.0517954971;0.3614514071345413;3600;0.029084561866383866
Meta_753;76305;1741112.7740951416;0.1111111111111111;76300;380528.1288089497;0.3614453329806502;3600;0.023471376111871035
Meta_754;76305;1741112.7740951416;0.16666666666666666;76305;380952.3418002493;0.36144469950266117;3600;0.03278518782365916
Meta_755;76305;1741112.7740951416;0.2222222222222222;76304;381050.05633034;0.36144333213261454;3600;0.043557890265702705
Meta_768;76305;2089335.3289141697;0.38888888888888884;76397;408831.1595753172;0.38887702011095243;0;0.0
Meta_769;76305;2089335.3289141697;0.4444444444444444;76555;403535.77326347807;0.44441071467949855;0;0.0
Meta_770;76305;2089335.3289141697;0.5;76305;397011.7583285506;0.4788151434441049;0;0.0
Meta_756;76305;1741112.7740951416;0.2777777777777778;76305;381498.58219348453;0.36146052782750343;3600;0.07479682415309045
Meta_757;76305;1741112.7740951416;0.3333333333333333;76301;380658.9118918943;0.36145211209489525;3600;0.1980630576048823
Meta_761;76305;2089335.3289141697;0.0;76305;381303.2869066943;0.3614929662626323;3600;0.018149708689784154
Meta_762;76305;2089335.3289141697;0.05555555555555555;76305;380564.0517954971;0.3614514071345413;3600;0.02908333536070454
Meta_763;76305;2089335.3289141697;0.1111111111111111;76300;380528.1288089497;0.3614453329806502;3600;0.023480685452428127
Meta_764;76305;2089335.3289141697;0.16666666666666666;76305;380952.3418002493;0.36144469950266117;3600;0.0327728739325392
Meta_765;76305;2089335.3289141697;0.2222222222222222;76304;381050.05633034;0.36144333213261454;3600;0.04354702282938606
Meta_778;76305;2437557.883733198;0.38888888888888884;76397;408831.1595753172;0.38887702011095243;0;0.0
Meta_779;76305;2437557.883733198;0.4444444444444444;76555;403535.77326347807;0.44441071467949855;0;0.0
Meta_780;76305;2437557.883733198;0.5;76305;397011.7583285506;0.4788151434441049;0;0.0
Meta_766;76305;2089335.3289141697;0.2777777777777778;76305;381498.58219348453;0.36146052782750343;3600;0.07479684480361443
Meta_767;76305;2089335.3289141697;0.3333333333333333;76301;380658.9118918943;0.36145211209489525;3600;0.19811242563818843
Meta_771;76305;2437557.883733198;0.0;76305;381303.2869066943;0.3614929662626323;3600;0.018149199919257904
Meta_772;76305;2437557.883733198;0.05555555555555555;76305;380564.0517954971;0.3614514071345413;3600;0.029088250539982836
Meta_773;76305;2437557.883733198;0.1111111111111111;76300;380528.1288089497;0.3614453329806502;3600;0.023457737800265624
Meta_774;76305;2437557.883733198;0.16666666666666666;76305;380952.3418002493;0.36144469950266117;3600;0.03276942503049895
Meta_775;76305;2437557.883733198;0.2222222222222222;76304;381050.05633034;0.36144333213261454;3600;0.04354447752136951
Meta_788;76305;2785780.4385522264;0.38888888888888884;76397;408831.1595753172;0.38887702011095243;0;0.0
Meta_789;76305;2785780.4385522264;0.4444444444444444;76555;403535.77326347807;0.44441071467949855;0;0.0
Meta_790;76305;2785780.4385522264;0.5;76305;397011.7583285506;0.4788151434441049;0;0.0
Meta_776;76305;2437557.883733198;0.2777777777777778;76305;381498.58219348453;0.36146052782750343;3600;0.07479688868251384
Meta_777;76305;2437557.883733198;0.3333333333333333;76301;380658.9118918943;0.36145211209489525;3600;0.1981321938765876
Meta_781;76305;2785780.4385522264;0.0;76305;381303.2869066943;0.3614929662626323;3600;0.018149896246790254
Meta_782;76305;2785780.4385522264;0.05555555555555555;76305;380564.0517954971;0.3614514071345413;3600;0.029088697403776873
Meta_783;76305;2785780.4385522264;0.1111111111111111;76300;380528.1288089497;0.3614453329806502;3600;0.023472511870417247
Meta_784;76305;2785780.4385522264;0.16666666666666666;76305;380952.3418002493;0.36144469950266117;3600;0.03276316145488729
Meta_785;76305;2785780.4385522264;0.2222222222222222;76304;381050.05633034;0.36144333213261454;3600;0.043548291427473955
Meta_798;76305;3134002.9933712548;0.38888888888888884;76397;408831.1595753172;0.38887702011095243;0;0.0
Meta_799;76305;3134002.9933712548;0.4444444444444444;76555;403535.77326347807;0.44441071467949855;0;0.0
Meta_800;76305;3134002.9933712548;0.5;76305;397011.7583285506;0.4788151434441049;0;0.0
Meta_786;76305;2785780.4385522264;0.2777777777777778;76305;381498.58219348453;0.36146052782750343;3600;0.07477771925106019
Meta_787;76305;2785780.4385522264;0.3333333333333333;76301;380658.9118918943;0.36145211209489525;3600;0.19807033680889038
Meta_791;76305;3134002.9933712548;0.0;76305;381303.2869066943;0.3614929662626323;3600;0.018148603638230183
Meta_792;76305;3134002.9933712548;0.05555555555555555;76305;380564.0517954971;0.3614514071345413;3600;0.029080954457017513
Meta_793;76305;3134002.9933712548;0.1111111111111111;76300;380528.1288089497;0.3614453329806502;3600;0.023469192024164302
Meta_794;76305;3134002.9933712548;0.16666666666666666;76305;380952.3418002493;0.36144469950266117;3600;0.03277747261712905
Meta_795;76305;3134002.9933712548;0.2222222222222222;76304;381050.05633034;0.36144333213261454;3600;0.043539316713965125
Meta_808;71890;0.0;0.38888888888888884;71890;132062.71920849555;0.3888901513043281;8;0.0
Meta_809;71890;0.0;0.4444444444444444;71890;127760.9136;0.4202118920102101;0;0.0
Meta_810;71890;0.0;0.5;71890;127760.9136;0.4202118920102101;0;0.0
Meta_796;76305;3134002.9933712548;0.2777777777777778;76305;381498.58219348453;0.36146052782750343;3600;0.07479059937465071
Meta_797;76305;3134002.9933712548;0.3333333333333333;76301;380658.9118918943;0.36145211209489525;3600;0.19814521705111415
Meta_801;71890;0.0;0.0;70395;115333.08630314161;0.34844786359756724;3600;0.008875717069072937
Meta_802;71890;0.0;0.05555555555555555;70406;115522.28709667733;0.3484877476115857;3600;0.01126052065930756
Meta_803;71890;0.0;0.1111111111111111;70395;115529.8097249225;0.3484277005804643;3600;0.01121110098277358
Meta_804;71890;0.0;0.16666666666666666;70486;119293.34535425097;0.34835989363343756;3600;0.012808636960794963
Meta_805;71890;0.0;0.2222222222222222;70393;115058.73409002952;0.3484849637242862;3600;0.01551214766581687
Meta_818;71890;348222.5548190283;0.38888888888888884;71890;160646.14496884335;0.383920106263263;0;0.0
Meta_819;71890;348222.5548190283;0.4444444444444444;71890;141473.30818981177;0.4316124745500643;0;0.0
Meta_820;71890;348222.5548190283;0.5;71890;141473.30818981177;0.4316124745500643;0;0.0
Meta_806;71890;0.0;0.2777777777777778;70294;111618.28953538266;0.3484828503875127;3600;0.015769881815230487
Meta_807;71890;0.0;0.3333333333333333;70387;114415.73639570478;0.348564922729874;3600;0.051431468208075044
Meta_811;71890;348222.5548190283;0.0;71890;189142.47296947247;0.3474381173153922;3600;0.0024713935551764887
Meta_812;71890;348222.5548190283;0.05555555555555555;71912;188394.7738950844;0.3474431555746209;3600;0.0021378593591810787
Meta_813;71890;348222.5548190283;0.1111111111111111;71890;187402.0840838474;0.3474254377317126;3600;8.228111501353514E-4
Meta_814;71890;348222.5548190283;0.16666666666666666;71890;187666.5416300763;0.3474231840936958;3600;0.001305093739276283
Meta_815;71890;348222.5548190283;0.2222222222222222;71890;189327.1674674539;0.3474280307072077;3600;0.0020620577881048496
Meta_828;71890;696445.1096380566;0.38888888888888884;71890;160646.14496884335;0.383920106263263;0;0.0
Meta_829;71890;696445.1096380566;0.4444444444444444;71890;141473.30818981177;0.4316124745500643;0;0.0
Meta_830;71890;696445.1096380566;0.5;71890;141473.30818981177;0.4316124745500643;0;0.0
Meta_816;71890;348222.5548190283;0.2777777777777778;71890;189114.96597796583;0.34742627424799716;3600;0.0027820854288996178
Meta_817;71890;348222.5548190283;0.3333333333333333;71890;187829.10647361513;0.34742770909786475;3600;0.02794930566079674
Meta_821;71890;696445.1096380566;0.0;71890;188959.13119941036;0.3474319224410023;3600;0.002021114741349754
Meta_822;71890;696445.1096380566;0.05555555555555555;71890;187392.3037671141;0.34743141237843334;3600;0.002872969859204143
Meta_823;71890;696445.1096380566;0.1111111111111111;71890;188149.79918631006;0.34742055753324075;3600;3.8396919194383014E-4
Meta_824;71890;696445.1096380566;0.16666666666666666;71891;190228.82124804737;0.34742926836506793;3600;0.001631139261300569
Meta_825;71890;696445.1096380566;0.2222222222222222;71890;188407.41443829762;0.3474255250874526;3600;0.0013716959054321694
Meta_838;71890;1044667.6644570848;0.38888888888888884;72188;213666.5282156705;0.38888376217288007;0;0.0
Meta_839;71890;1044667.6644570848;0.4444444444444444;71890;202045.78729955095;0.4443475847844333;0;0.0
Meta_840;71890;1044667.6644570848;0.5;71890;200269.6527798794;0.46005062573400324;0;0.0
Meta_826;71890;696445.1096380566;0.2777777777777778;71890;188910.14423505976;0.34742063215593966;3600;0.001264633838105055
Meta_827;71890;696445.1096380566;0.3333333333333333;71890;187160.02848468185;0.347423360184236;3600;0.03601480868675997
Meta_831;71890;1044667.6644570848;0.0;71890;188982.43571157946;0.347425224656315;3600;6.101851255269816E-4
Meta_832;71890;1044667.6644570848;0.05555555555555555;71891;189305.84429077743;0.34742294952082875;3600;7.19149908738424E-4
Meta_833;71890;1044667.6644570848;0.1111111111111111;71890;188934.7757962837;0.34742584910307117;3600;0.0018006554412463027
Meta_834;71890;1044667.6644570848;0.16666666666666666;71890;189216.24974024016;0.347423040202885;3600;0.0021886369035445078
Meta_835;71890;1044667.6644570848;0.2222222222222222;71890;188967.32590001723;0.3474229647181997;3600;0.0014220846968066231
Meta_848;71890;1392890.2192761132;0.38888888888888884;72188;213666.5282156705;0.38888376217288007;0;0.0
Meta_849;71890;1392890.2192761132;0.4444444444444444;71890;202045.78729955095;0.4443475847844333;0;0.0
Meta_850;71890;1392890.2192761132;0.5;71890;200269.6527798794;0.46005062573400324;0;0.0
Meta_836;71890;1044667.6644570848;0.2777777777777778;71890;189223.2631382291;0.3474202492893821;3600;0.0026392880033843324
Meta_837;71890;1044667.6644570848;0.3333333333333333;71890;189160.90077411223;0.3474207335213764;3600;0.012594857896031618
Meta_841;71890;1392890.2192761132;0.0;71890;189269.4451720967;0.34742473333942026;3600;6.345673577613785E-4
Meta_842;71890;1392890.2192761132;0.05555555555555555;71890;189471.52972861152;0.3474265635540653;3600;7.555722894252558E-4
Meta_843;71890;1392890.2192761132;0.1111111111111111;71890;189751.41530301026;0.34742859695442474;3600;0.002181541849975301
Meta_844;71890;1392890.2192761132;0.16666666666666666;71890;189447.21226492952;0.34742174550108484;3600;0.002664827436148567
Meta_845;71890;1392890.2192761132;0.2222222222222222;71890;189396.1166139471;0.3474253603311475;3600;0.001535109858756173
Meta_858;71890;1741112.7740951416;0.38888888888888884;72188;213666.5282156705;0.38888376217288007;0;0.0
Meta_859;71890;1741112.7740951416;0.4444444444444444;71890;202045.78729955095;0.4443475847844333;0;0.0
Meta_860;71890;1741112.7740951416;0.5;71890;200269.6527798794;0.46005062573400324;0;0.0
Meta_846;71890;1392890.2192761132;0.2777777777777778;71890;189275.2911434667;0.34741987597904417;3600;0.002637828505944456
Meta_847;71890;1392890.2192761132;0.3333333333333333;71890;189212.36109672944;0.3474202416572099;3600;0.01328106240122641
Meta_851;71890;1741112.7740951416;0.0;71890;189269.4451720967;0.34742473333942026;3600;6.367563660202951E-4
Meta_852;71890;1741112.7740951416;0.05555555555555555;71890;189471.52972861152;0.3474265635540653;3600;7.586794458206706E-4
Meta_853;71890;1741112.7740951416;0.1111111111111111;71890;189751.41530301026;0.34742859695442474;3600;0.0021936969456560107
Meta_854;71890;1741112.7740951416;0.16666666666666666;71890;189447.21226492952;0.34742174550108484;3600;0.0026646520146246405
Meta_855;71890;1741112.7740951416;0.2222222222222222;71890;189396.1166139471;0.3474253603311475;3601;0.0015349602637752145
Meta_868;71890;2089335.3289141697;0.38888888888888884;72188;213666.5282156705;0.38888376217288007;0;0.0
Meta_869;71890;2089335.3289141697;0.4444444444444444;71890;202045.78729955095;0.4443475847844333;0;0.0
Meta_870;71890;2089335.3289141697;0.5;71890;200269.6527798794;0.46005062573400324;0;0.0
Meta_856;71890;1741112.7740951416;0.2777777777777778;71890;189275.2911434667;0.34741987597904417;3600;0.0026377374760279053
Meta_857;71890;1741112.7740951416;0.3333333333333333;71890;189212.36109672944;0.3474202416572099;3600;0.013276367977832566
Meta_861;71890;2089335.3289141697;0.0;71890;189278.58321507234;0.3474226161166724;3600;6.113995460638079E-4
Meta_862;71890;2089335.3289141697;0.05555555555555555;71890;189471.52972861152;0.3474265635540653;3600;7.548391930546145E-4
Meta_863;71890;2089335.3289141697;0.1111111111111111;71890;189751.41530301026;0.34742859695442474;3600;0.0021923529718302338
Meta_864;71890;2089335.3289141697;0.16666666666666666;71890;189447.21226492952;0.34742174550108484;3600;0.0026656355296694615
Meta_865;71890;2089335.3289141697;0.2222222222222222;71890;189396.1166139471;0.3474253603311475;3600;0.0015352867756504534
Meta_878;71890;2437557.883733198;0.38888888888888884;72188;213666.5282156705;0.38888376217288007;0;0.0
Meta_879;71890;2437557.883733198;0.4444444444444444;71890;202045.78729955095;0.4443475847844333;0;0.0
Meta_880;71890;2437557.883733198;0.5;71890;200269.6527798794;0.46005062573400324;0;0.0
Meta_866;71890;2089335.3289141697;0.2777777777777778;71890;189275.2911434667;0.34741987597904417;3600;0.0026385790915455444
Meta_867;71890;2089335.3289141697;0.3333333333333333;71890;189212.36109672944;0.3474202416572099;3600;0.013303338869868375
Meta_871;71890;2437557.883733198;0.0;71890;189269.4451720967;0.34742473333942026;3600;6.356099282470953E-4
Meta_872;71890;2437557.883733198;0.05555555555555555;71890;189471.52972861152;0.3474265635540653;3600;7.583530223282117E-4
Meta_873;71890;2437557.883733198;0.1111111111111111;71890;189751.41530301026;0.34742859695442474;3600;0.0021913674455936293
Meta_874;71890;2437557.883733198;0.16666666666666666;71890;189447.21226492952;0.34742174550108484;3600;0.00266405835696408
Meta_875;71890;2437557.883733198;0.2222222222222222;71890;189396.1166139471;0.3474253603311475;3600;0.0015350464342373915
Meta_888;71890;2785780.4385522264;0.38888888888888884;72188;213666.5282156705;0.38888376217288007;0;0.0
Meta_889;71890;2785780.4385522264;0.4444444444444444;71890;202045.78729955095;0.4443475847844333;0;0.0
Meta_890;71890;2785780.4385522264;0.5;71890;200269.6527798794;0.46005062573400324;0;0.0
Meta_876;71890;2437557.883733198;0.2777777777777778;71890;189275.2911434667;0.34741987597904417;3600;0.0026367706930688563
Meta_877;71890;2437557.883733198;0.3333333333333333;71890;189212.36109672944;0.3474202416572099;3600;0.01329259417576748
Meta_881;71890;2785780.4385522264;0.0;71890;189269.4451720967;0.34742473333942026;3600;6.37475864718825E-4
Meta_882;71890;2785780.4385522264;0.05555555555555555;71890;189471.52972861152;0.3474265635540653;3600;7.583001139555797E-4
Meta_883;71890;2785780.4385522264;0.1111111111111111;71890;189751.41530301026;0.34742859695442474;3600;0.0021844889696771364
Meta_884;71890;2785780.4385522264;0.16666666666666666;71890;189447.21226492952;0.34742174550108484;3600;0.0026649647446814278
Meta_885;71890;2785780.4385522264;0.2222222222222222;71890;189396.1166139471;0.3474253603311475;3600;0.0015354139039632036
Meta_898;71890;3134002.9933712548;0.38888888888888884;72188;213666.5282156705;0.38888376217288007;0;0.0
Meta_899;71890;3134002.9933712548;0.4444444444444444;71890;202045.78729955095;0.4443475847844333;0;0.0
Meta_900;71890;3134002.9933712548;0.5;71890;200269.6527798794;0.46005062573400324;0;0.0
Meta_886;71890;2785780.4385522264;0.2777777777777778;71890;189275.2911434667;0.34741987597904417;3600;0.0026379121689157153
Meta_887;71890;2785780.4385522264;0.3333333333333333;71890;189212.36109672944;0.3474202416572099;3600;0.013296356831123405
Meta_891;71890;3134002.9933712548;0.0;71890;189269.4451720967;0.34742473333942026;3600;6.364872912703071E-4
Meta_892;71890;3134002.9933712548;0.05555555555555555;71890;189471.52972861152;0.3474265635540653;3600;7.569189546160252E-4
Meta_893;71890;3134002.9933712548;0.1111111111111111;71890;189751.41530301026;0.34742859695442474;3600;0.002172146518075019
Meta_894;71890;3134002.9933712548;0.16666666666666666;71890;189447.21226492952;0.34742174550108484;3600;0.0026651181129357434
Meta_895;71890;3134002.9933712548;0.2222222222222222;71890;189396.1166139471;0.3474253603311475;3600;0.0015348864607589272
Meta_908;67475;0.0;0.38888888888888884;67475;0.0;0.36080121229411005;0;0.0
Meta_909;67475;0.0;0.4444444444444444;67475;0.0;0.36080121229411005;0;0.0
Meta_910;67475;0.0;0.5;67475;0.0;0.36080121229411005;0;0.0
Meta_896;71890;3134002.9933712548;0.2777777777777778;71890;189275.2911434667;0.34741987597904417;3600;0.002638830957232068
Meta_897;71890;3134002.9933712548;0.3333333333333333;71890;189212.36109672944;0.3474202416572099;3600;0.01329918296056427
Meta_901;67475;0.0;0.0;67939;17399.8945747962;0.35550948668316434;3600;2.0945301451115358E-4
Meta_911;67475;348222.5548190283;0.0;71373;165583.2463732255;0.34725085028162656;1216;2.2948936812776416E-7
Meta_915;67475;348222.5548190283;0.2222222222222222;71332;165120.3711239568;0.3472497661396198;211;2.3048708815743597E-7
Meta_902;67475;0.0;0.05555555555555555;67938;17391.75887597973;0.35551073062113414;3600;1.4345483515864084E-4
Meta_903;67475;0.0;0.1111111111111111;67935;17241.349574920885;0.355536453218724;3600;1.627455006384703E-4
Meta_918;67475;348222.5548190283;0.38888888888888884;67475;0.0;0.36080121229411005;0;0.0
Meta_919;67475;348222.5548190283;0.4444444444444444;67475;0.0;0.36080121229411005;0;0.0
Meta_920;67475;348222.5548190283;0.5;67475;0.0;0.36080121229411005;0;0.0
Meta_914;67475;348222.5548190283;0.16666666666666666;71345;165000.37451106787;0.3472500482025647;2036;2.2819484200816833E-7
Meta_922;67475;696445.1096380566;0.05555555555555555;71345;165232.28655551863;0.3472497101312807;41;0.0
Meta_923;67475;696445.1096380566;0.1111111111111111;71338;164541.85745416724;0.34724967154106334;183;7.90065116340992E-10
Meta_904;67475;0.0;0.16666666666666666;67937;17356.83070748716;0.3555168276152182;3600;2.816819869103057E-4
Meta_924;67475;696445.1096380566;0.16666666666666666;71337;164870.58345416727;0.34724977496683185;169;2.2968076244908704E-7
Meta_905;67475;0.0;0.2222222222222222;67935;17275.04424353815;0.3555311540200871;3600;3.8955614560429294E-4
Meta_927;67475;696445.1096380566;0.3333333333333333;71351;164813.27869900566;0.34724948503470915;25;0.0
Meta_928;67475;696445.1096380566;0.38888888888888884;67475;0.0;0.36080121229411005;0;0.0
Meta_929;67475;696445.1096380566;0.4444444444444444;67475;0.0;0.36080121229411005;0;0.0
Meta_930;67475;696445.1096380566;0.5;67475;0.0;0.36080121229411005;0;0.0
Meta_931;67475;1044667.6644570848;0.0;71350;165789.7132013158;0.34724946567494275;35;2.339107504473952E-8
Meta_932;67475;1044667.6644570848;0.05555555555555555;71359;166204.53761077538;0.347249524611494;10;2.1262305851305332E-7
Meta_933;67475;1044667.6644570848;0.1111111111111111;71359;166191.63757550632;0.3472495019788995;38;1.6369980831497276E-7
Meta_926;67475;696445.1096380566;0.2777777777777778;71348;165331.43841254295;0.34725007887606685;553;0.0
Meta_934;67475;1044667.6644570848;0.16666666666666666;71353;165925.582274155;0.34724945117582373;23;0.0
Meta_936;67475;1044667.6644570848;0.2777777777777778;71356;166047.5513053699;0.34724946358912984;12;6.804989746935246E-8
Meta_935;67475;1044667.6644570848;0.2222222222222222;71351;165874.08100401852;0.34724947860265315;65;0.0
Meta_938;67475;1044667.6644570848;0.38888888888888884;67475;0.0;0.36080121229411005;0;0.0
Meta_939;67475;1044667.6644570848;0.4444444444444444;67475;0.0;0.36080121229411005;0;0.0
Meta_940;67475;1044667.6644570848;0.5;67475;0.0;0.36080121229411005;0;0.0
Meta_941;67475;1392890.2192761132;0.0;71350;165789.7132013158;0.34724946567494275;34;2.339107504473952E-8
Meta_942;67475;1392890.2192761132;0.05555555555555555;71359;166204.53761077538;0.347249524611494;10;2.1262305851305332E-7
Meta_943;67475;1392890.2192761132;0.1111111111111111;71359;166191.63757550632;0.3472495019788995;37;1.6369980831497276E-7
Meta_944;67475;1392890.2192761132;0.16666666666666666;71353;165925.582274155;0.34724945117582373;22;0.0
Meta_945;67475;1392890.2192761132;0.2222222222222222;71351;165874.08100401852;0.34724947860265315;64;0.0
Meta_946;67475;1392890.2192761132;0.2777777777777778;71356;166047.5513053699;0.34724946358912984;12;6.804989746935246E-8
Meta_906;67475;0.0;0.2777777777777778;67938;17364.40230748716;0.35551531302715306;3600;3.223305768046042E-4
Meta_948;67475;1392890.2192761132;0.38888888888888884;67475;0.0;0.36080121229411005;0;0.0
Meta_949;67475;1392890.2192761132;0.4444444444444444;67475;0.0;0.36080121229411005;0;0.0
Meta_950;67475;1392890.2192761132;0.5;67475;0.0;0.36080121229411005;0;0.0
Meta_907;67475;0.0;0.3333333333333333;67934;17194.468742354613;0.35554461498165024;3600;9.689298459544908E-4
Meta_952;67475;1741112.7740951416;0.05555555555555555;71359;166204.53761077538;0.347249524611494;10;2.1262305851305332E-7
Meta_951;67475;1741112.7740951416;0.0;71350;165789.7132013158;0.34724946567494275;34;2.339107504473952E-8
Meta_937;67475;1044667.6644570848;0.3333333333333333;71353;165869.21180266715;0.3472504021745412;353;0.0
Meta_954;67475;1741112.7740951416;0.16666666666666666;71353;165925.582274155;0.34724945117582373;22;0.0
Meta_956;67475;1741112.7740951416;0.2777777777777778;71356;166047.5513053699;0.34724946358912984;8;6.804989746935246E-8
Meta_953;67475;1741112.7740951416;0.1111111111111111;71359;166191.63757550632;0.3472495019788995;35;1.6369980831497276E-7
Meta_958;67475;1741112.7740951416;0.38888888888888884;67475;0.0;0.36080121229411005;0;0.0
Meta_959;67475;1741112.7740951416;0.4444444444444444;67475;0.0;0.36080121229411005;0;0.0
Meta_960;67475;1741112.7740951416;0.5;67475;0.0;0.36080121229411005;0;0.0
Meta_961;67475;2089335.3289141697;0.0;71350;165789.7132013158;0.34724946567494275;35;2.339107504473952E-8
Meta_955;67475;1741112.7740951416;0.2222222222222222;71351;165874.08100401852;0.34724947860265315;64;0.0
Meta_912;67475;348222.5548190283;0.05555555555555555;71340;164713.9715515324;0.34724961201272836;3600;5.596147798017967E-7
Meta_962;67475;2089335.3289141697;0.05555555555555555;71359;166204.53761077538;0.347249524611494;9;2.1262305851305332E-7
Meta_913;67475;348222.5548190283;0.1111111111111111;71368;166631.74153847288;0.3472500752193092;3600;6.7034290958082975E-6
Meta_964;67475;2089335.3289141697;0.16666666666666666;71353;165925.582274155;0.34724945117582373;23;0.0
Meta_963;67475;2089335.3289141697;0.1111111111111111;71359;166191.63757550632;0.3472495019788995;37;1.6369980831497276E-7
Meta_968;67475;2089335.3289141697;0.38888888888888884;67475;0.0;0.36080121229411005;0;0.0
Meta_969;67475;2089335.3289141697;0.4444444444444444;67475;0.0;0.36080121229411005;0;0.0
Meta_970;67475;2089335.3289141697;0.5;67475;0.0;0.36080121229411005;0;0.0
Meta_966;67475;2089335.3289141697;0.2777777777777778;71356;166047.5513053699;0.34724946358912984;12;6.804989746935246E-8
Meta_972;67475;2437557.883733198;0.05555555555555555;71359;166204.53761077538;0.347249524611494;10;2.1262305851305332E-7
Meta_965;67475;2089335.3289141697;0.2222222222222222;71351;165874.08100401852;0.34724947860265315;65;0.0
Meta_971;67475;2437557.883733198;0.0;71350;165789.7132013158;0.34724946567494275;35;2.339107504473952E-8
Meta_973;67475;2437557.883733198;0.1111111111111111;71359;166191.63757550632;0.3472495019788995;37;1.6369980831497276E-7
Meta_974;67475;2437557.883733198;0.16666666666666666;71353;165925.582274155;0.34724945117582373;22;0.0
Meta_976;67475;2437557.883733198;0.2777777777777778;71356;166047.5513053699;0.34724946358912984;12;6.804989746935246E-8
Meta_978;67475;2437557.883733198;0.38888888888888884;67475;0.0;0.36080121229411005;0;0.0
Meta_979;67475;2437557.883733198;0.4444444444444444;67475;0.0;0.36080121229411005;0;0.0
Meta_980;67475;2437557.883733198;0.5;67475;0.0;0.36080121229411005;0;0.0
Meta_981;67475;2785780.4385522264;0.0;71350;165789.7132013158;0.34724946567494275;30;2.339107504473952E-8
Meta_975;67475;2437557.883733198;0.2222222222222222;71351;165874.08100401852;0.34724947860265315;65;0.0
Meta_982;67475;2785780.4385522264;0.05555555555555555;71359;166204.53761077538;0.347249524611494;10;2.1262305851305332E-7
Meta_984;67475;2785780.4385522264;0.16666666666666666;71353;165925.582274155;0.34724945117582373;23;0.0
Meta_983;67475;2785780.4385522264;0.1111111111111111;71359;166191.63757550632;0.3472495019788995;37;1.6369980831497276E-7
Meta_986;67475;2785780.4385522264;0.2777777777777778;71356;166047.5513053699;0.34724946358912984;12;6.804989746935246E-8
Meta_985;67475;2785780.4385522264;0.2222222222222222;71351;165874.08100401852;0.34724947860265315;65;0.0
Meta_988;67475;2785780.4385522264;0.38888888888888884;67475;0.0;0.36080121229411005;0;0.0
Meta_989;67475;2785780.4385522264;0.4444444444444444;67475;0.0;0.36080121229411005;0;0.0
Meta_990;67475;2785780.4385522264;0.5;67475;0.0;0.36080121229411005;0;0.0
Meta_991;67475;3134002.9933712548;0.0;71350;165789.7132013158;0.34724946567494275;35;2.339107504473952E-8
Meta_992;67475;3134002.9933712548;0.05555555555555555;71359;166204.53761077538;0.347249524611494;10;2.1262305851305332E-7
Meta_993;67475;3134002.9933712548;0.1111111111111111;71359;166191.63757550632;0.3472495019788995;37;1.6369980831497276E-7
Meta_994;67475;3134002.9933712548;0.16666666666666666;71353;165925.582274155;0.34724945117582373;23;0.0
Meta_947;67475;1392890.2192761132;0.3333333333333333;71359;166130.45094158876;0.3472497024392233;563;0.0
Meta_996;67475;3134002.9933712548;0.2777777777777778;71356;166047.5513053699;0.34724946358912984;12;6.804989746935246E-8
Meta_995;67475;3134002.9933712548;0.2222222222222222;71351;165874.08100401852;0.34724947860265315;62;0.0
Meta_998;67475;3134002.9933712548;0.38888888888888884;67475;0.0;0.36080121229411005;0;0.0
Meta_999;67475;3134002.9933712548;0.4444444444444444;67475;0.0;0.36080121229411005;0;0.0
Meta_1000;67475;3134002.9933712548;0.5;67475;0.0;0.36080121229411005;0;0.0
Meta_957;67475;1741112.7740951416;0.3333333333333333;71359;166130.45094158876;0.3472497024392233;580;0.0
Meta_967;67475;2089335.3289141697;0.3333333333333333;71359;166130.45094158876;0.3472497024392233;583;0.0
Meta_977;67475;2437557.883733198;0.3333333333333333;71359;166130.45094158876;0.3472497024392233;551;0.0
Meta_987;67475;2785780.4385522264;0.3333333333333333;71359;166130.45094158876;0.3472497024392233;547;0.0
Meta_997;67475;3134002.9933712548;0.3333333333333333;71359;166130.45094158876;0.3472497024392233;522;0.0
Meta_916;67475;348222.5548190283;0.2777777777777778;71320;164198.87847051714;0.3472507462512249;3600;0.0016217519663662798
Meta_917;67475;348222.5548190283;0.3333333333333333;71349;164694.8424608992;0.34724958637139375;3600;6.996071258117361E-6
Meta_921;67475;696445.1096380566;0.0;71340;164343.80541541352;0.3472500012170147;3600;4.2118777336450894E-4
Meta_925;67475;696445.1096380566;0.2222222222222222;71344;164444.21304605907;0.3472497559776648;3600;8.374722023916021E-4
