
Gurobi 11.0.3 (linux64, Java) logging started qua 11 dez 2024 09:11:57 -03

Set parameter Username
Academic license - for non-commercial use only - expires 2025-10-10
Set parameter NonConvex to value 2
Set parameter TimeLimit to value 3600
Set parameter LogToConsole to value 0
Set parameter MIPGap to value 2.3060879868461677e-07
Set parameter Threads to value 2
Set parameter NodefileDir to value "/home/ps12398/experiment_epec/goalProgrammingMarcos/"
Set parameter NodefileStart to value 1
Gurobi Optimizer version 11.0.3 build v11.0.3rc0 (linux64)

CPU model: Intel(R) Xeon(R) CPU           X5650  @ 2.67GHz, instruction set [SSE2]
Thread count: 12 physical cores, 24 logical processors, using up to 2 threads

Optimize a model with 8150 rows, 5573 columns and 26647 nonzeros
Model fingerprint: 0xde01cc85
Model has 57 quadratic constraints
Variable types: 2762 continuous, 2811 integer (52 binary)
Coefficient statistics:
  Matrix range     [2e-02, 8e+05]
  QMatrix range    [2e-02, 3e+04]
  QLMatrix range   [1e+00, 3e+04]
  Objective range  [1e+00, 9e+06]
  Bounds range     [1e+00, 1e+08]
  RHS range        [1e+00, 3e+05]
  QRHS range       [3e-03, 3e-03]
Presolve removed 8121 rows and 5528 columns
Presolve time: 0.05s
Presolved: 102 rows, 69 columns, 518 nonzeros
Presolved model has 24 bilinear constraint(s)

Solving non-convex MIQCP

Variable types: 51 continuous, 18 integer (0 binary)
Found heuristic solution: objective 2475748.5283

Root relaxation: objective 1.950361e+06, 39 iterations, 0.00 seconds (0.00 work units)

    Nodes    |    Current Node    |     Objective Bounds      |     Work
 Expl Unexpl |  Obj  Depth IntInf | Incumbent    BestBd   Gap | It/Node Time

     0     0 1950360.69    0   39 2475748.53 1950360.69  21.2%     -    0s
H    0     0                    2367603.4943 1950360.69  17.6%     -    0s
H    0     0                    2342455.2294 1950360.69  16.7%     -    0s
     0     0 1985948.79    0   39 2342455.23 1985948.79  15.2%     -    0s
H    0     0                    2240850.2713 1985948.79  11.4%     -    0s
     0     0 2026833.12    0   39 2240850.27 2026833.12  9.55%     -    0s
H    0     0                    2212059.9298 2026833.12  8.37%     -    0s
     0     0 2027189.51    0   39 2212059.93 2027189.51  8.36%     -    0s
H    0     0                    2189145.3201 2027189.51  7.40%     -    0s
     0     0 2028873.25    0   39 2189145.32 2028873.25  7.32%     -    0s
     0     2 2028873.25    0   39 2189145.32 2028873.25  7.32%     -    0s
H   21    24                    2179707.4682 2028882.43  6.92%   1.8    0s
H 1665  1714                    2169741.8610 2028882.43  6.49%   3.3    0s
H 1750  1901                    2162498.0733 2028882.43  6.18%   3.3    0s
H 1944  2091                    2156308.2157 2028894.06  5.91%   3.5    0s
H 2623  2564                    2153473.9707 2028894.06  5.79%   3.9    0s
H 7861  4934                    2144323.4091 2102090.55  1.97%   4.1    3s
H 8156  4926                    2144310.3979 2102090.55  1.97%   4.0    3s
H 9122  5400                    2144220.1026 2102136.18  1.96%   4.0    4s
* 9301  5434             420    2144193.1065 2102144.83  1.96%   4.0    4s
H 9484  5435                    2144192.7205 2102144.83  1.96%   4.0    4s
 11922  7201 2141972.64  180   28 2144192.72 2102365.95  1.95%   4.0    5s
H11935  7034                    2143375.8766 2102365.95  1.91%   4.0    5s
H12189  7115                    2143369.8068 2102376.76  1.91%   4.0    5s
H14195  8011                    2143356.0786 2102807.00  1.89%   4.4    5s
H14789  8076                    2142940.2708 2102840.72  1.87%   4.4    6s
H16172  8854                    2142878.0656 2103223.25  1.85%   4.6    6s
 23962 13252 2126820.93  155   32 2142878.07 2104951.24  1.77%   5.0   10s
 35532 18732 2138531.42  154   31 2142878.07 2105946.71  1.72%   5.5   15s
 48003 23285     cutoff  163      2142878.07 2106687.05  1.69%   5.9   20s
 59800 27633     cutoff  151      2142878.07 2107019.78  1.67%   6.3   25s
 71430 32275 2135829.95  179   31 2142878.07 2107255.01  1.66%   6.5   30s
 82165 36017 2137364.42  161   30 2142878.07 2107458.94  1.65%   6.6   35s
 93951 40396 2130442.99  136   29 2142878.07 2107673.20  1.64%   6.7   40s
 105238 44614 2137032.78  150   30 2142878.07 2107866.55  1.63%   6.8   45s
 116382 48471     cutoff  169      2142878.07 2108043.25  1.63%   6.9   50s
 128094 52780     cutoff  160      2142878.07 2108210.38  1.62%   7.0   55s
 139209 56450 2135117.75  157   31 2142878.07 2108377.83  1.61%   7.0   60s
 150641 60657 2141067.74  159   31 2142878.07 2108536.25  1.60%   7.1   65s
 162001 64454 2136433.45  186   29 2142878.07 2108668.36  1.60%   7.1   70s
 173652 68902 2138034.96  159   31 2142878.07 2108792.59  1.59%   7.1   75s
 185151 72955 2114942.71  169   33 2142878.07 2108922.02  1.58%   7.1   80s
 196854 77302     cutoff  179      2142878.07 2109038.20  1.58%   7.1   85s
 208517 81636 2139920.68  158   28 2142878.07 2109156.67  1.57%   7.1   90s
 220415 86262 2125058.15  169   33 2142878.07 2109262.35  1.57%   7.1   95s
 231785 90145 2111822.42  140   34 2142878.07 2109361.67  1.56%   7.1  100s
 243754 94826     cutoff  146      2142878.07 2109451.26  1.56%   7.1  105s
 255854 99319 2142488.16  146   32 2142878.07 2109550.22  1.56%   7.1  110s
 267586 103891 2141403.31  153   31 2142878.07 2109624.82  1.55%   7.1  115s
 279303 108043 2110983.41  169   35 2142878.07 2109717.29  1.55%   7.1  120s
 292770 112757 2140189.10  194   30 2142878.07 2109816.80  1.54%   7.1  125s
 309921 118837     cutoff  148      2142878.07 2109938.35  1.54%   7.1  130s
 326779 124991 2136591.81  180   31 2142878.07 2110053.46  1.53%   7.1  135s
 343714 130561 2138009.51  151   29 2142878.07 2110166.16  1.53%   7.1  140s
 361394 137131 2139913.98  164   31 2142878.07 2110268.06  1.52%   7.1  145s
 377458 143331     cutoff  160      2142878.07 2110367.10  1.52%   7.0  150s
 389528 147543     cutoff  149      2142878.07 2110438.55  1.51%   7.0  155s
H392379 145776                    2141944.0914 2110457.04  1.47%   7.0  156s
H395444 147026                    2141943.6683 2110482.50  1.47%   7.0  157s
H396406 147279                    2141943.6425 2110489.21  1.47%   7.0  158s
 400625 148507     cutoff  151      2141943.64 2110511.97  1.47%   7.0  160s
H403532 149205                    2141894.6417 2110530.46  1.46%   7.0  161s
 411636 151870 2118852.59  134   35 2141894.64 2110577.11  1.46%   7.0  165s
 423772 155729 2128881.29  147   32 2141894.64 2110647.53  1.46%   7.1  170s
 436177 159798 2138023.12  152   28 2141894.64 2110726.27  1.46%   7.1  175s
 447465 163525 2130595.94  145   29 2141894.64 2110799.40  1.45%   7.1  180s
 458924 166819 2122768.00  196   33 2141894.64 2110860.58  1.45%   7.1  185s
 470635 170605 2138173.57  157   31 2141894.64 2110932.25  1.45%   7.1  190s
 482369 174372     cutoff  137      2141894.64 2110994.82  1.44%   7.1  195s
 494900 177948 2140586.85  150   31 2141894.64 2111071.65  1.44%   7.1  200s
 506598 181598 2127162.36  140   34 2141894.64 2111139.09  1.44%   7.1  205s
 518804 185209     cutoff  155      2141894.64 2111216.68  1.43%   7.1  210s
 530505 188328 2138978.44  170   29 2141894.64 2111290.80  1.43%   7.1  215s
 542057 191737 2130669.35  197   32 2141894.64 2111356.64  1.43%   7.1  220s
 555235 195603 2140751.75  150   32 2141894.64 2111441.03  1.42%   7.1  225s
 567187 198815 2112773.11  136   34 2141894.64 2111520.85  1.42%   7.1  230s
 578818 202421 2112110.86  174   36 2141894.64 2111603.60  1.41%   7.1  235s
 590642 206052     cutoff  138      2141894.64 2111688.68  1.41%   7.1  240s
 602334 209229 2136002.57  156   32 2141894.64 2111773.29  1.41%   7.1  245s
 613801 212417 2128030.04  136   31 2141894.64 2111843.99  1.40%   7.1  250s
 625448 215900 2121619.11  137   35 2141894.64 2111922.30  1.40%   7.1  255s
 637100 219416 2130462.06  145   29 2141894.64 2112007.39  1.40%   7.1  260s
 648807 222536 2113902.85  181   34 2141894.64 2112084.80  1.39%   7.1  265s
 660691 225723 2126459.90  153   36 2141894.64 2112153.20  1.39%   7.1  270s
 671879 229203     cutoff  144      2141894.64 2112223.88  1.39%   7.1  275s
 683512 232851 2134119.34  163   31 2141894.64 2112299.11  1.38%   7.1  280s
 694477 236070 2136603.31  156   29 2141894.64 2112374.88  1.38%   7.1  285s
 705968 239066 2129795.67  143   30 2141894.64 2112462.92  1.37%   7.1  290s
 716321 241826 2129889.18  168   32 2141894.64 2112525.68  1.37%   7.1  295s
 727690 245157 2136392.24  140   31 2141894.64 2112604.73  1.37%   7.1  300s
 738519 247813     cutoff  159      2141894.64 2112683.54  1.36%   7.1  305s
 749608 250873 2133745.10  136   33 2141894.64 2112764.16  1.36%   7.1  310s
 760342 253910 2137736.16  250   29 2141894.64 2112837.43  1.36%   7.1  315s
 771212 256798 2138173.93  150   31 2141894.64 2112916.40  1.35%   7.1  320s
 782165 259865 2140833.75  194   29 2141894.64 2113000.83  1.35%   7.1  325s
 793718 263182     cutoff  145      2141894.64 2113091.73  1.34%   7.1  330s
 804394 266058     cutoff  141      2141894.64 2113167.26  1.34%   7.1  335s
H810977 267710                    2141893.9972 2113217.84  1.34%   7.1  338s
 815459 268946 2138598.65  153   30 2141894.00 2113250.20  1.34%   7.1  340s
 826567 271442 2141054.60  141   32 2141894.00 2113335.96  1.33%   7.1  345s
 837953 274686 2140840.50  157   32 2141894.00 2113417.52  1.33%   7.1  350s
 849093 277976 2139020.16  149   29 2141894.00 2113490.08  1.33%   7.1  355s
 860340 281222     cutoff  166      2141894.00 2113575.00  1.32%   7.1  360s
 871440 284347 2127025.11  143   32 2141894.00 2113657.17  1.32%   7.1  365s
 882301 287308 2132387.86  161   34 2141894.00 2113745.20  1.31%   7.1  370s
 893738 290592     cutoff  150      2141894.00 2113826.24  1.31%   7.1  375s
 905354 294324 2137272.67  154   29 2141894.00 2113914.50  1.31%   7.1  380s
 917079 297457 2138925.80  134   31 2141894.00 2114000.08  1.30%   7.1  385s
 928622 301450     cutoff  154      2141894.00 2114088.36  1.30%   7.1  390s
 940160 304938 2132507.74  150   32 2141894.00 2114180.37  1.29%   7.1  395s
 951464 308072 2140430.06  143   32 2141894.00 2114273.47  1.29%   7.1  400s
 962288 311034 2137589.26  199   29 2141894.00 2114358.47  1.29%   7.1  405s
 973988 314555     cutoff  147      2141894.00 2114435.87  1.28%   7.1  410s
 985398 317484 2134099.70  181   31 2141894.00 2114511.95  1.28%   7.1  415s
 997863 320853 2136084.96  137   34 2141894.00 2114596.97  1.27%   7.1  420s
 1009317 324021     cutoff  147      2141894.00 2114685.32  1.27%   7.1  425s
 1020449 326973     cutoff  174      2141894.00 2114768.86  1.27%   7.1  430s
 1031507 329778     cutoff  166      2141894.00 2114847.64  1.26%   7.1  435s
 1042971 332645     cutoff  140      2141894.00 2114930.59  1.26%   7.1  440s
 1053729 335522     cutoff  140      2141894.00 2115005.70  1.26%   7.1  445s
 1065079 338729     cutoff  209      2141894.00 2115073.54  1.25%   7.1  450s
 1075830 341899 2140062.79  144   30 2141894.00 2115144.68  1.25%   7.1  455s
 1087238 344889 2139044.06  139   29 2141894.00 2115220.55  1.25%   7.1  460s
 1098222 347566 2140392.64  153   31 2141894.00 2115302.72  1.24%   7.1  465s
 1109260 350138 2120904.36  140   31 2141894.00 2115377.95  1.24%   7.1  470s
 1120879 353161     cutoff  153      2141894.00 2115458.68  1.23%   7.1  475s
 1131836 355800 2134669.75  158   32 2141894.00 2115539.68  1.23%   7.1  480s
 1142741 358699     cutoff  139      2141894.00 2115625.19  1.23%   7.1  485s
 1154323 361885     cutoff  158      2141894.00 2115712.29  1.22%   7.1  490s
 1165524 364674     cutoff  175      2141894.00 2115793.23  1.22%   7.1  495s
 1176998 367553     cutoff  149      2141894.00 2115879.26  1.21%   7.1  500s
 1188031 370378 2122082.58  167   32 2141894.00 2115958.81  1.21%   7.1  505s
 1199037 373010     cutoff  146      2141894.00 2116035.73  1.21%   7.1  510s
 1210164 375988 2125994.73  139   33 2141894.00 2116110.31  1.20%   7.1  515s
 1222098 378741 2137588.99  146   32 2141894.00 2116197.08  1.20%   7.1  520s
 1234200 383180 2130459.28  167   32 2141894.00 2116268.79  1.20%   7.1  525s
 1245671 386073 2140837.01  144   31 2141894.00 2116359.26  1.19%   7.1  530s
 1256949 388986 2128556.78  142   31 2141894.00 2116434.28  1.19%   7.1  535s
 1268627 391809 2141448.62  163   26 2141894.00 2116509.87  1.19%   7.1  540s
 1280042 394643 2137752.49  176   28 2141894.00 2116579.85  1.18%   7.1  545s
 1291905 397996     cutoff  144      2141894.00 2116651.97  1.18%   7.1  550s
 1303566 400677     cutoff  153      2141894.00 2116720.65  1.18%   7.1  555s
 1314819 403776 2139146.25  183   35 2141894.00 2116779.37  1.17%   7.1  560s
 1326501 406798     cutoff  149      2141894.00 2116843.99  1.17%   7.1  565s
 1338196 409683 2134452.26  149   30 2141894.00 2116914.72  1.17%   7.2  570s
 1349756 413184     cutoff  158      2141894.00 2116979.94  1.16%   7.2  575s
 1360830 415828 2132553.22  160   32 2141894.00 2117049.08  1.16%   7.2  580s
 1372431 418917     cutoff  157      2141894.00 2117120.19  1.16%   7.2  585s
 1383815 421737 2126864.26  144   31 2141894.00 2117180.96  1.15%   7.2  590s
 1395965 424805 2132450.51  152   28 2141894.00 2117250.08  1.15%   7.2  595s
 1407333 427550 2136329.82  144   29 2141894.00 2117314.57  1.15%   7.2  600s
 1418467 431046 2140167.43  148   31 2141894.00 2117373.55  1.14%   7.2  605s
 1430677 433925 2139448.44  149   22 2141894.00 2117447.60  1.14%   7.2  610s
 1446728 437800 2141233.27  160   28 2141894.00 2117536.95  1.14%   7.2  615s
H1451857 438255                    2141786.9399 2117562.97  1.13%   7.2  616s
H1451954 438253                    2141786.6258 2117562.97  1.13%   7.2  616s
*1452019 438204             432    2141781.3790 2117562.97  1.13%   7.2  616s
H1452116 438268                    2141781.3255 2117563.14  1.13%   7.2  617s
H1452416 438357                    2141781.2843 2117564.29  1.13%   7.2  617s
 1458244 439782 2139536.67  143   31 2141781.28 2117591.94  1.13%   7.2  620s
 1470217 443881     cutoff  148      2141781.28 2117648.33  1.13%   7.2  625s
 1481526 446365 2135337.77  132   31 2141781.28 2117715.80  1.12%   7.2  630s
 1492480 448905     cutoff  150      2141781.28 2117778.56  1.12%   7.2  635s
 1503101 451479 2140398.66  145   30 2141781.28 2117843.88  1.12%   7.2  640s
 1514720 454334 2126260.17  129   33 2141781.28 2117911.41  1.11%   7.2  645s
 1525489 457126 2140975.74  148   30 2141781.28 2117975.45  1.11%   7.2  650s
 1536791 460234 2129626.71  146   23 2141781.28 2118036.55  1.11%   7.2  655s
 1547944 462940 2139918.75  145   31 2141781.28 2118101.52  1.11%   7.2  660s
 1559003 465926 2125138.63  144   30 2141781.28 2118160.27  1.10%   7.2  665s
 1570704 468901     cutoff  161      2141781.28 2118221.33  1.10%   7.2  670s
 1581953 471899 2126984.85  146   33 2141781.28 2118274.23  1.10%   7.2  675s
 1592978 475041     cutoff  156      2141781.28 2118327.60  1.10%   7.2  680s
 1604210 478066 2135035.48  151   29 2141781.28 2118375.55  1.09%   7.2  685s
 1615879 481340     cutoff  177      2141781.28 2118429.90  1.09%   7.2  690s
 1626992 484066     cutoff  148      2141781.28 2118485.19  1.09%   7.2  695s
 1639014 487777 2133750.20  139   30 2141781.28 2118542.54  1.09%   7.2  700s
 1650715 491810 2121876.75  133   35 2141781.28 2118592.61  1.08%   7.2  705s
 1662534 495971 2135241.00  152   30 2141781.28 2118641.24  1.08%   7.2  710s
 1674118 499422 2141520.98  160   32 2141781.28 2118698.98  1.08%   7.2  715s
 1686097 502905 2136674.42  150   28 2141781.28 2118757.46  1.07%   7.2  720s
 1697523 506806 2133473.06  134   32 2141781.28 2118810.52  1.07%   7.1  725s
 1709491 511055 2129334.70  163   33 2141781.28 2118858.91  1.07%   7.1  730s
 1722316 516376     cutoff  171      2141781.28 2118905.90  1.07%   7.1  735s
 1734231 520570     cutoff  147      2141781.28 2118960.59  1.07%   7.1  740s
 1745760 524052 2138282.16  153   31 2141781.28 2119020.64  1.06%   7.1  745s
H1749342 524642                    2141724.8881 2119037.33  1.06%   7.1  746s
H1750925 525059                    2141724.8472 2119044.83  1.06%   7.1  747s
 1756974 527050 2138234.36  148   32 2141724.85 2119073.81  1.06%   7.1  750s
H1760360 525903                    2141536.1980 2119086.86  1.05%   7.1  751s
H1768126 528654                    2141519.2598 2119117.09  1.05%   7.1  754s
H1768389 528624                    2141513.7407 2119118.10  1.05%   7.1  755s
H1769251 528775                    2141510.6850 2119122.73  1.05%   7.1  755s
H1777171 531362                    2141489.4440 2119153.32  1.04%   7.1  758s
 1780484 532429 2128847.72  138   34 2141489.44 2119169.08  1.04%   7.1  760s
 1792085 536095     cutoff  163      2141489.44 2119223.13  1.04%   7.1  765s
 1804323 539998     cutoff  141      2141489.44 2119278.32  1.04%   7.1  770s
 1816861 544680 2140459.25  133   32 2141489.44 2119327.33  1.03%   7.1  775s
 1828589 548466     cutoff  209      2141489.44 2119378.01  1.03%   7.1  780s
 1840997 552596 2138078.67  226   29 2141489.44 2119432.77  1.03%   7.1  785s
 1852434 556461     cutoff  144      2141489.44 2119488.29  1.03%   7.1  790s
 1864994 561174     cutoff  148      2141489.44 2119536.22  1.03%   7.1  795s
 1877443 565983 2141084.02  142   32 2141489.44 2119581.75  1.02%   7.1  800s
 1889635 570425 2135527.26  146   30 2141489.44 2119631.15  1.02%   7.1  805s
 1904252 575558 2121526.47  138   34 2141489.44 2119689.89  1.02%   7.1  810s
 1921930 581669 2132826.71  180   32 2141489.44 2119758.94  1.01%   7.1  815s
 1935979 586406 2136121.67  159   31 2141489.44 2119813.32  1.01%   7.1  820s
 1948188 590752 2138350.45  155   31 2141489.44 2119857.85  1.01%   7.1  825s
 1963329 595861 2136364.15  148   28 2141489.44 2119911.22  1.01%   7.1  830s
H1964221 596075                    2141487.5478 2119914.48  1.01%   7.1  830s
 1975231 600369 2135594.59  142   29 2141487.55 2119954.67  1.01%   7.1  835s
H1982684 602789                    2141482.7573 2119978.98  1.00%   7.1  837s
H1983863 603064                    2141475.3662 2119982.99  1.00%   7.1  837s
H1985288 603433                    2141469.3780 2119988.80  1.00%   7.1  838s
H1987279 602092                    2141310.4809 2119993.92  1.00%   7.1  839s
H1988134 602450                    2141308.9767 2119995.27  1.00%   7.0  839s
 1988942 602730     cutoff  145      2141308.98 2119997.44  1.00%   7.0  840s
 2002218 607837 2123032.52  156   34 2141308.98 2120041.63  0.99%   7.0  845s
 2017174 613432 2140569.72  179   21 2141308.98 2120089.53  0.99%   7.0  850s
 2031375 619026     cutoff  166      2141308.98 2120132.22  0.99%   7.0  855s
 2045877 624883 2140503.60  153   28 2141308.98 2120177.82  0.99%   7.0  860s
 2059356 630235 2121136.23  136   35 2141308.98 2120214.59  0.99%   7.0  865s
H2071439 635177                    2141290.7957 2120249.08  0.98%   7.0  869s
 2073144 635807 2132034.38  150   36 2141290.80 2120253.14  0.98%   7.0  870s
H2076175 637125                    2141290.3001 2120258.27  0.98%   7.0  870s
H2076329 636720                    2141255.9988 2120258.74  0.98%   7.0  870s
 2087466 641408 2136467.62  164   28 2141256.00 2120288.75  0.98%   7.0  875s
 2101751 646589     cutoff  148      2141256.00 2120331.26  0.98%   7.0  880s
 2115628 652480 2140247.85  169   25 2141256.00 2120366.95  0.98%   7.0  885s
 2129289 657993     cutoff  143      2141256.00 2120402.47  0.97%   7.0  890s
 2147491 665775 2139163.92  187   30 2141256.00 2120445.45  0.97%   7.0  895s
 2166752 673720     cutoff  202      2141256.00 2120491.20  0.97%   7.0  900s
 2186488 682366 2141144.89  223   17 2141256.00 2120532.41  0.97%   6.9  905s
 2202644 689145 2134270.67  132   31 2141256.00 2120569.21  0.97%   6.9  910s
*2220486 694128             260    2141128.6425 2120611.93  0.96%   6.9  914s
H2220542 694050                    2141118.9751 2120611.93  0.96%   6.9  915s
H2233542 699112                    2141100.7830 2120640.04  0.96%   6.9  918s
H2233770 698781                    2141080.0966 2120640.62  0.95%   6.9  918s
H2233849 698604                    2141062.6789 2120640.92  0.95%   6.9  919s
H2234178 698685                    2141062.2473 2120641.52  0.95%   6.9  919s
H2236872 699706                    2141050.8655 2120645.86  0.95%   6.9  919s
 2237314 699900 2138652.75  153   21 2141050.87 2120646.83  0.95%   6.9  920s
 2257533 708914 2127059.53  147   33 2141050.87 2120691.13  0.95%   6.9  925s
 2277573 717937 2132974.90  137   33 2141050.87 2120732.76  0.95%   6.9  930s
 2296951 726588 2136367.72  153   26 2141050.87 2120770.77  0.95%   6.9  935s
 2310646 732736     cutoff  140      2141050.87 2120794.76  0.95%   6.9  940s
 2325179 739445 2134504.83  153   28 2141050.87 2120821.07  0.94%   6.9  945s
 2340380 746197 2138054.71  160   24 2141050.87 2120848.06  0.94%   6.9  950s
 2354373 752454 2133157.62  178   30 2141050.87 2120872.19  0.94%   6.8  955s
 2370006 759321 2140231.03  182   17 2141050.87 2120897.32  0.94%   6.8  960s
 2383510 765372 2126654.84  161   29 2141050.87 2120919.59  0.94%   6.8  965s
 2399225 772600 2137399.06  157   33 2141050.87 2120947.99  0.94%   6.8  970s
 2412834 778771     cutoff  147      2141050.87 2120972.89  0.94%   6.8  975s
 2427804 784650 2138851.83  162   28 2141050.87 2120999.32  0.94%   6.8  980s
 2441106 790307 2131495.93  147   33 2141050.87 2121018.93  0.94%   6.8  985s
 2455490 796792 2140289.02  164   31 2141050.87 2121040.74  0.93%   6.8  990s
 2470238 802804 2133849.27  147   30 2141050.87 2121060.76  0.93%   6.8  995s
 2483580 808296 2130338.63  132   31 2141050.87 2121081.71  0.93%   6.8 1000s
 2500023 815445 2122831.05  154   35 2141050.87 2121106.76  0.93%   6.8 1005s
 2512967 821383     cutoff  142      2141050.87 2121121.86  0.93%   6.8 1010s
 2526932 827822 2126969.09  135   35 2141050.87 2121138.03  0.93%   6.8 1015s
 2539577 833805 2137138.09  167   21 2141050.87 2121150.82  0.93%   6.8 1020s
 2553562 839658 2138370.36  157   31 2141050.87 2121167.83  0.93%   6.7 1025s
 2567002 846017 2123891.81  153   36 2141050.87 2121183.66  0.93%   6.7 1030s
 2580335 852068 2140554.30  199   29 2141050.87 2121200.75  0.93%   6.7 1035s
 2594518 858387     cutoff  148      2141050.87 2121218.74  0.93%   6.7 1040s
 2608486 865449     cutoff  167      2141050.87 2121232.86  0.93%   6.7 1045s
 2622168 872015 2138869.60  151   30 2141050.87 2121249.05  0.92%   6.7 1050s
 2635528 878476 2131993.71  153   30 2141050.87 2121262.51  0.92%   6.7 1055s
 2649714 885356 2137789.21  135   32 2141050.87 2121278.23  0.92%   6.7 1060s
 2663250 891719 2122891.04  152   35 2141050.87 2121291.23  0.92%   6.7 1065s
 2677091 898541 2127418.59  147   33 2141050.87 2121305.74  0.92%   6.7 1070s
 2690822 905319 2121872.69  139   33 2141050.87 2121318.55  0.92%   6.7 1075s
 2704663 912119     cutoff  172      2141050.87 2121332.84  0.92%   6.6 1080s
 2718687 919174     cutoff  135      2141050.87 2121346.04  0.92%   6.6 1085s
H2724055 921572                    2141043.5149 2121349.85  0.92%   6.6 1086s
H2725746 922309                    2141042.1689 2121351.02  0.92%   6.6 1087s
H2726983 918833                    2140873.6792 2121351.69  0.91%   6.6 1088s
H2727435 918963                    2140866.5469 2121352.29  0.91%   6.6 1088s
H2728174 918503                    2140838.9789 2121353.21  0.91%   6.6 1088s
H2729528 919183                    2140838.5813 2121354.37  0.91%   6.6 1089s
 2730485 919760 2139988.69  203   28 2140838.58 2121354.96  0.91%   6.6 1090s
 2744465 926587 2124796.41  165   34 2140838.58 2121367.62  0.91%   6.6 1095s
 2758664 933612 2133449.91  177   33 2140838.58 2121378.31  0.91%   6.6 1100s
 2773050 940938     cutoff  186      2140838.58 2121392.10  0.91%   6.6 1105s
 2786606 947947 2138094.75  171   32 2140838.58 2121402.15  0.91%   6.6 1110s
 2800861 955118     cutoff  150      2140838.58 2121414.06  0.91%   6.6 1115s
 2814442 961954     cutoff  161      2140838.58 2121425.25  0.91%   6.6 1120s
 2828290 968846     cutoff  135      2140838.58 2121437.58  0.91%   6.6 1125s
 2841948 975951     cutoff  166      2140838.58 2121449.33  0.91%   6.6 1130s
 2855332 982362 2122946.91  150   35 2140838.58 2121459.39  0.91%   6.5 1135s
 2868968 988491 2132870.03  142   28 2140838.58 2121469.21  0.90%   6.5 1140s
 2882243 994973 2138178.87  162   23 2140838.58 2121479.92  0.90%   6.5 1145s
 2895786 1001799 2140524.41  175   33 2140838.58 2121489.51  0.90%   6.5 1150s
 2909220 1008573 2123545.34  175   35 2140838.58 2121500.25  0.90%   6.5 1155s
 2922483 1014787 2140447.99  192   25 2140838.58 2121510.02  0.90%   6.5 1160s
 2935542 1021603 2137824.93  187   31 2140838.58 2121518.33  0.90%   6.5 1165s
H2937425 1022008                    2140820.1385 2121519.26  0.90%   6.5 1165s
H2939530 1021507                    2140765.7888 2121520.77  0.90%   6.5 1166s
H2939836 1021627                    2140765.3601 2121520.81  0.90%   6.5 1167s
 2947668 1025708 2138008.54  169   31 2140765.36 2121525.54  0.90%   6.5 1170s
 2961142 1032819     cutoff  152      2140765.36 2121533.51  0.90%   6.5 1175s
 2975051 1039896 2122953.63  158   35 2140765.36 2121542.24  0.90%   6.5 1180s
 2988178 1046414 2139554.90  200   19 2140765.36 2121549.53  0.90%   6.5 1185s
 3002158 1053659 2136592.96  174   23 2140765.36 2121558.25  0.90%   6.5 1190s
 3015526 1060584 2125097.07  155   33 2140765.36 2121566.26  0.90%   6.5 1195s
 3028548 1067024 2137597.23  147   32 2140765.36 2121573.99  0.90%   6.5 1200s
 3042859 1074417 2123211.16  185   34 2140765.36 2121582.81  0.90%   6.4 1205s
 3056192 1081019 2137368.03  140   19 2140765.36 2121589.04  0.90%   6.4 1210s
 3069646 1087966 2138231.22  184   18 2140765.36 2121595.56  0.90%   6.4 1215s
 3083761 1095242 2131181.26  171   32 2140765.36 2121604.23  0.90%   6.4 1220s
 3097078 1101810 2123021.04  155   36 2140765.36 2121611.25  0.89%   6.4 1225s
 3109940 1108139 2126500.70  167   33 2140765.36 2121618.79  0.89%   6.4 1230s
 3123561 1114876 2127442.70  155   30 2140765.36 2121625.61  0.89%   6.4 1235s
 3136634 1121486 2129633.08  152   31 2140765.36 2121632.70  0.89%   6.4 1240s
 3150855 1128861 2123566.58  138   34 2140765.36 2121639.68  0.89%   6.4 1245s
 3164437 1135723 2130800.38  144   32 2140765.36 2121646.18  0.89%   6.4 1250s
 3178569 1143111     cutoff  146      2140765.36 2121652.84  0.89%   6.4 1255s
 3192333 1150617     cutoff  156      2140765.36 2121658.22  0.89%   6.4 1260s
 3206307 1157966 2138808.04  185   17 2140765.36 2121664.94  0.89%   6.4 1265s
 3219036 1164423 2138060.46  203   30 2140765.36 2121670.76  0.89%   6.3 1270s
 3233055 1171733 2124960.39  135   31 2140765.36 2121676.99  0.89%   6.3 1275s
 3246540 1178905 2137307.18  163   35 2140765.36 2121682.64  0.89%   6.3 1280s
 3259434 1186008 2140290.29  222   26 2140765.36 2121688.07  0.89%   6.3 1285s
 3272980 1192902 2138480.40  157   32 2140765.36 2121693.36  0.89%   6.3 1290s
 3286680 1199843 2132500.56  148   30 2140765.36 2121698.76  0.89%   6.3 1295s
 3299741 1206835 2135479.79  185   21 2140765.36 2121703.85  0.89%   6.3 1300s
 3313774 1214483 2131665.34  196   31 2140765.36 2121709.04  0.89%   6.3 1305s
 3326872 1221628 2137351.65  171   23 2140765.36 2121713.30  0.89%   6.3 1310s
 3339819 1228503 2139488.05  159   17 2140765.36 2121718.53  0.89%   6.3 1315s
 3353076 1235105     cutoff  171      2140765.36 2121723.70  0.89%   6.3 1320s
 3366476 1242696 2125429.78  187   36 2140765.36 2121728.36  0.89%   6.3 1325s
 3380291 1250378     cutoff  174      2140765.36 2121732.98  0.89%   6.3 1330s
 3393443 1256758 infeasible  157      2140765.36 2121738.18  0.89%   6.3 1335s
 3406809 1263718     cutoff  183      2140765.36 2121742.61  0.89%   6.2 1340s
 3419307 1269271 2139643.44  154   29 2140765.36 2121747.78  0.89%   6.2 1345s
 3432317 1275346 2136760.09  156   28 2140765.36 2121752.92  0.89%   6.2 1350s
 3445739 1282090 2135669.41  198   30 2140765.36 2121758.51  0.89%   6.2 1355s
 3459941 1289942     cutoff  205      2140765.36 2121763.01  0.89%   6.2 1360s
 3472864 1296029 2134903.85  169   21 2140765.36 2121767.40  0.89%   6.2 1365s
 3485791 1302270 2136722.52  168   35 2140765.36 2121771.91  0.89%   6.2 1370s
 3500434 1309882 2136317.07  165   23 2140765.36 2121776.45  0.89%   6.2 1375s
 3513772 1316381 2124094.21  165   33 2140765.36 2121781.06  0.89%   6.2 1380s
 3527667 1323090 2125291.76  186   34 2140765.36 2121785.45  0.89%   6.2 1385s
 3540817 1330387 2132227.07  136   22 2140765.36 2121789.44  0.89%   6.2 1390s
 3554721 1336986 2139023.47  173   28 2140765.36 2121794.20  0.89%   6.2 1395s
 3568321 1343560 2134573.85  158   25 2140765.36 2121798.48  0.89%   6.2 1400s
 3581754 1350130 2131898.38  156   35 2140765.36 2121802.49  0.89%   6.2 1405s
 3595756 1357136 2127440.87  161   32 2140765.36 2121806.34  0.89%   6.2 1410s
 3609395 1363666     cutoff  171      2140765.36 2121810.40  0.89%   6.1 1415s
 3622987 1370237     cutoff  147      2140765.36 2121814.31  0.89%   6.1 1420s
 3636791 1377938 2132733.17  141   29 2140765.36 2121817.91  0.89%   6.1 1425s
 3650383 1384613 2137410.79  152   33 2140765.36 2121821.64  0.88%   6.1 1430s
H3657874 1387093                    2140737.4899 2121823.90  0.88%   6.1 1433s
 3662488 1389090 2140259.63  161   21 2140737.49 2121825.05  0.88%   6.1 1435s
 3675642 1395874 2139094.58  171   30 2140737.49 2121828.64  0.88%   6.1 1440s
 3690248 1402846     cutoff  189      2140737.49 2121833.04  0.88%   6.1 1445s
 3704406 1409432 2133156.23  164   30 2140737.49 2121837.19  0.88%   6.1 1450s
 3717492 1415586 2140243.63  182   15 2140737.49 2121841.00  0.88%   6.1 1455s
 3731142 1421939 2138032.84  159   20 2140737.49 2121844.92  0.88%   6.1 1460s
 3743745 1427785 2139046.44  141   20 2140737.49 2121849.25  0.88%   6.1 1465s
 3757153 1434813 2140722.52  175   30 2140737.49 2121852.37  0.88%   6.1 1470s
 3770165 1441540     cutoff  173      2140737.49 2121855.51  0.88%   6.1 1475s
 3783225 1447625     cutoff  173      2140737.49 2121858.69  0.88%   6.1 1480s
 3796279 1454384     cutoff  165      2140737.49 2121861.59  0.88%   6.1 1485s
 3809336 1460564 2136561.61  162   30 2140737.49 2121865.08  0.88%   6.1 1490s
 3822829 1468114     cutoff  153      2140737.49 2121867.70  0.88%   6.1 1495s
 3836084 1474965 2140088.01  189   17 2140737.49 2121870.62  0.88%   6.1 1500s
 3849469 1481346     cutoff  187      2140737.49 2121873.39  0.88%   6.0 1505s
 3863064 1488559     cutoff  164      2140737.49 2121876.44  0.88%   6.0 1510s
 3875809 1494608     cutoff  167      2140737.49 2121879.61  0.88%   6.0 1515s
 3888277 1499986     cutoff  176      2140737.49 2121883.03  0.88%   6.0 1520s
 3900532 1505497 2128327.16  146   31 2140737.49 2121886.34  0.88%   6.0 1525s
 3913276 1511098 2122027.75  178   37 2140737.49 2121889.58  0.88%   6.0 1530s
 3925612 1516988 2140437.61  192   30 2140737.49 2121892.32  0.88%   6.0 1535s
 3938868 1523643 2127576.03  175   33 2140737.49 2121895.26  0.88%   6.0 1540s
 3951745 1529547 2138345.48  178   33 2140737.49 2121898.36  0.88%   6.0 1545s
 3964054 1535261 2136455.05  152   23 2140737.49 2121901.58  0.88%   6.0 1550s
 3976805 1540915     cutoff  167      2140737.49 2121904.72  0.88%   6.0 1555s
 3989021 1545998     cutoff  165      2140737.49 2121907.77  0.88%   6.0 1560s
 4001588 1551519 2137724.49  159   23 2140737.49 2121910.76  0.88%   6.0 1565s
 4014508 1557254     cutoff  184      2140737.49 2121913.79  0.88%   6.0 1570s
 4026612 1562606 2137553.78  168   21 2140737.49 2121916.56  0.88%   6.0 1575s
 4039928 1568551 2136191.92  157   33 2140737.49 2121919.71  0.88%   6.0 1580s
 4052227 1573606 2140446.25  181   29 2140737.49 2121922.56  0.88%   6.0 1585s
 4065316 1579457     cutoff  176      2140737.49 2121925.63  0.88%   6.0 1590s
 4078170 1585477     cutoff  163      2140737.49 2121928.72  0.88%   6.0 1595s
 4091213 1591552 2122565.91  152   36 2140737.49 2121931.64  0.88%   6.0 1600s
 4103976 1597825 2124552.92  162   34 2140737.49 2121934.18  0.88%   6.0 1605s
 4116330 1603265 2137133.77  157   19 2140737.49 2121936.64  0.88%   6.0 1610s
 4129363 1608924     cutoff  189      2140737.49 2121939.75  0.88%   6.0 1615s
 4142151 1614674 2136989.95  163   18 2140737.49 2121942.48  0.88%   5.9 1620s
 4155279 1620721 2139233.10  173   32 2140737.49 2121945.30  0.88%   5.9 1625s
 4168027 1626172 2137742.21  183   21 2140737.49 2121948.00  0.88%   5.9 1630s
 4180788 1631743     cutoff  169      2140737.49 2121950.71  0.88%   5.9 1635s
 4193801 1637740 2138748.73  177   22 2140737.49 2121953.25  0.88%   5.9 1640s
 4206299 1643557 2135132.62  138   29 2140737.49 2121956.16  0.88%   5.9 1645s
 4218789 1649170 2132400.51  141   32 2140737.49 2121958.94  0.88%   5.9 1650s
 4231862 1655077 2140732.44  200   16 2140737.49 2121961.57  0.88%   5.9 1655s
 4244664 1661086 2122295.10  167   36 2140737.49 2121963.93  0.88%   5.9 1660s
 4257701 1666779 2140271.23  181   22 2140737.49 2121966.41  0.88%   5.9 1665s
 4270567 1672593 2136048.21  158   22 2140737.49 2121968.73  0.88%   5.9 1670s
 4283307 1678409 2139061.74  169   21 2140737.49 2121971.00  0.88%   5.9 1675s
 4296339 1683952 2139126.42  167   22 2140737.49 2121973.36  0.88%   5.9 1680s
 4308942 1689691 2134403.10  190   23 2140737.49 2121975.79  0.88%   5.9 1685s
 4322143 1695641     cutoff  154      2140737.49 2121978.08  0.88%   5.9 1690s
 4334840 1701452 2135001.86  178   24 2140737.49 2121980.49  0.88%   5.9 1695s
 4348172 1707309 2139275.40  146   21 2140737.49 2121983.11  0.88%   5.9 1700s
 4360611 1712522     cutoff  179      2140737.49 2121985.48  0.88%   5.9 1705s
Created node file directory '/home/ps12398/experiment_epec/goalProgrammingMarcos//grbnodes6'
 4369647 1716525 2136395.44  160   23 2140737.49 2121986.82  0.88%   5.9 1710s
 4380837 1719071     cutoff  174      2140737.49 2121987.07  0.88%   5.9 1715s
 4391462 1721365     cutoff  181      2140737.49 2121987.40  0.88%   5.9 1720s
 4402802 1724896     cutoff  178      2140737.49 2121987.66  0.88%   5.9 1725s
 4413871 1728726 2140133.11  176   32 2140737.49 2121987.86  0.88%   5.9 1730s
 4421842 1732144     cutoff  167      2140737.49 2121988.07  0.88%   5.9 1735s
 4433639 1735836     cutoff  163      2140737.49 2121988.41  0.88%   5.9 1740s
 4444813 1738865     cutoff  163      2140737.49 2121988.65  0.88%   5.9 1745s
 4456418 1742241     cutoff  169      2140737.49 2121989.00  0.88%   5.9 1750s
 4464219 1745509     cutoff  199      2140737.49 2121989.16  0.88%   5.9 1755s
 4475523 1748636     cutoff  179      2140737.49 2121989.42  0.88%   5.9 1760s
 4486343 1752821     cutoff  170      2140737.49 2121989.64  0.88%   5.9 1765s
 4497630 1755474 2132835.61  159   32 2140737.49 2121990.00  0.88%   5.8 1770s
 4508829 1758692 2140464.77  175   31 2140737.49 2121990.25  0.88%   5.8 1775s
 4516722 1761251     cutoff  153      2140737.49 2121990.44  0.88%   5.8 1780s
 4527380 1765716 2140125.28  166   20 2140737.49 2121990.64  0.88%   5.8 1785s
 4538870 1769643     cutoff  171      2140737.49 2121990.89  0.88%   5.8 1790s
 4547682 1773481     cutoff  192      2140737.49 2121991.08  0.88%   5.8 1795s
 4558638 1777316     cutoff  171      2140737.49 2121991.27  0.88%   5.8 1800s
 4569732 1781479     cutoff  213      2140737.49 2121991.56  0.88%   5.8 1805s
 4580555 1784462     cutoff  185      2140737.49 2121991.88  0.88%   5.8 1810s
 4588838 1787146 2139788.31  174   29 2140737.49 2121992.03  0.88%   5.8 1815s
 4599569 1790358 2136648.25  174   30 2140737.49 2121992.24  0.88%   5.8 1820s
 4610783 1793541 2138748.36  172   23 2140737.49 2121992.58  0.88%   5.8 1825s
 4622078 1795849 2140332.56  178   22 2140737.49 2121992.91  0.88%   5.8 1830s
 4633137 1797715 2135649.03  150   31 2140737.49 2121993.16  0.88%   5.8 1835s
 4643830 1800976 2139705.77  183   20 2140737.49 2121993.36  0.88%   5.8 1840s
 4654550 1804917 2139435.71  184   31 2140737.49 2121993.56  0.88%   5.8 1845s
 4666519 1810423 2135527.66  181   21 2140737.49 2121993.74  0.88%   5.8 1850s
 4677646 1814078 2140724.92  182   29 2140737.49 2121994.02  0.88%   5.8 1855s
 4687124 1817198     cutoff  177      2140737.49 2121994.24  0.88%   5.8 1860s
 4698360 1820383     cutoff  168      2140737.49 2121994.49  0.88%   5.8 1865s
 4710304 1824050 2135004.54  176   22 2140737.49 2121994.81  0.88%   5.8 1870s
 4720927 1827528 2135364.21  177   21 2140737.49 2121994.96  0.88%   5.8 1875s
 4729491 1830482     cutoff  188      2140737.49 2121995.13  0.88%   5.8 1880s
 4741254 1834706 2138370.89  189   19 2140737.49 2121995.33  0.88%   5.8 1885s
 4753636 1838470     cutoff  175      2140737.49 2121995.64  0.88%   5.8 1890s
 4762174 1841987 2138705.16  180   20 2140737.49 2121995.74  0.88%   5.8 1895s
 4773664 1845947     cutoff  177      2140737.49 2121996.01  0.88%   5.8 1900s
 4784968 1849920     cutoff  164      2140737.49 2121996.20  0.88%   5.8 1905s
 4798059 1854138 2136559.66  196   20 2140737.49 2121996.54  0.88%   5.8 1910s
 4807054 1856218 2139313.03  165   20 2140737.49 2121996.72  0.88%   5.8 1915s
 4819101 1860794 2140436.96  221   16 2140737.49 2121996.95  0.88%   5.8 1920s
 4832101 1866000 2138158.75  202   20 2140737.49 2121997.14  0.88%   5.8 1925s
 4840901 1869244 2123995.74  165   36 2140737.49 2121997.37  0.88%   5.8 1930s
 4851486 1872284 2139612.94  186   28 2140737.49 2121997.57  0.88%   5.8 1935s
 4862175 1874292     cutoff  171      2140737.49 2121997.79  0.88%   5.8 1940s
 4872843 1877383 2140087.53  163   20 2140737.49 2121998.00  0.88%   5.8 1945s
 4882925 1879089 2139874.81  189   19 2140737.49 2121998.31  0.88%   5.8 1950s
 4894560 1882178     cutoff  190      2140737.49 2121998.65  0.88%   5.8 1955s
 4903567 1885581 2132352.14  157   32 2140737.49 2121998.82  0.88%   5.8 1960s
 4914708 1888532 2126535.50  166   33 2140737.49 2121999.07  0.88%   5.8 1965s
 4926141 1891990 2137511.95  186   23 2140737.49 2121999.33  0.88%   5.8 1970s
 4936836 1894281 2138984.33  172   23 2140737.49 2121999.56  0.88%   5.8 1975s
 4946682 1898859 2140581.03  177   33 2140737.49 2121999.72  0.88%   5.8 1980s
 4959170 1903157     cutoff  192      2140737.49 2121999.99  0.88%   5.8 1985s
 4974908 1907509     cutoff  180      2140737.49 2122000.58  0.88%   5.8 1990s
 4987089 1911775 2136503.01  183   21 2140737.49 2122000.85  0.88%   5.8 1995s
 5002685 1916814 2135753.08  170   34 2140737.49 2122001.13  0.88%   5.8 2000s
 5018691 1922302 2140113.98  165   21 2140737.49 2122001.41  0.88%   5.7 2005s
 5027685 1925708 2134763.62  179   24 2140737.49 2122001.56  0.88%   5.7 2010s
 5038865 1930189 2136666.57  191   22 2140737.49 2122001.68  0.88%   5.7 2015s
 5050810 1935925     cutoff  186      2140737.49 2122001.85  0.88%   5.7 2020s
 5057937 1938246     cutoff  186      2140737.49 2122002.00  0.88%   5.7 2025s
 5068940 1942074 2128013.57  183   30 2140737.49 2122002.22  0.88%   5.7 2030s
 5080130 1945414 2136553.78  167   22 2140737.49 2122002.46  0.88%   5.7 2035s
 5091070 1949210 2138704.85  179   29 2140737.49 2122002.61  0.88%   5.7 2040s
 5099226 1951681 2124452.46  190   35 2140737.49 2122002.76  0.88%   5.7 2045s
 5110273 1954265 2137794.07  167   24 2140737.49 2122003.00  0.88%   5.7 2050s
 5121377 1958898 2139412.18  179   22 2140737.49 2122003.24  0.88%   5.7 2055s
 5132170 1961363     cutoff  161      2140737.49 2122003.44  0.88%   5.7 2060s
 5140433 1965219 2137260.11  201   30 2140737.49 2122003.63  0.88%   5.7 2065s
 5151653 1969238 2123495.78  166   35 2140737.49 2122003.87  0.88%   5.7 2070s
 5162757 1973527 2136223.31  165   31 2140737.49 2122004.10  0.88%   5.7 2075s
 5170894 1976922 2136678.43  155   23 2140737.49 2122004.27  0.88%   5.7 2080s
 5181905 1980074     cutoff  163      2140737.49 2122004.48  0.88%   5.7 2085s
 5193731 1982490     cutoff  175      2140737.49 2122004.80  0.88%   5.7 2090s
 5204959 1986238     cutoff  188      2140737.49 2122005.01  0.88%   5.7 2095s
 5215479 1989548 2140386.48  162   23 2140737.49 2122005.22  0.88%   5.7 2101s
 5223302 1991347 2137177.25  164   18 2140737.49 2122005.43  0.88%   5.7 2105s
 5233989 1993800 2124936.36  149   35 2140737.49 2122005.67  0.88%   5.7 2110s
 5245046 1997944 2139344.80  187   34 2140737.49 2122005.88  0.88%   5.7 2115s
 5256335 2001091 2138003.20  153   21 2140737.49 2122006.13  0.87%   5.7 2120s
 5263953 2004304     cutoff  188      2140737.49 2122006.24  0.87%   5.7 2125s
 5276108 2007933     cutoff  172      2140737.49 2122006.46  0.87%   5.7 2130s
 5287169 2010176 2132524.85  184   32 2140737.49 2122006.65  0.87%   5.7 2135s
 5298164 2015395 2136381.70  193   22 2140737.49 2122006.84  0.87%   5.7 2140s
 5306110 2017965     cutoff  169      2140737.49 2122006.97  0.87%   5.7 2145s
 5317371 2021877 2140407.33  164   34 2140737.49 2122007.28  0.87%   5.7 2150s
 5327982 2025119 2140295.16  182   32 2140737.49 2122007.45  0.87%   5.7 2155s
 5339214 2029601 2138113.02  167   21 2140737.49 2122007.66  0.87%   5.7 2160s
 5347323 2031594     cutoff  164      2140737.49 2122007.78  0.87%   5.7 2165s
H5352259 2033663                    2140735.3633 2122007.85  0.87%   5.7 2167s
H5352394 2033658                    2140735.0752 2122007.85  0.87%   5.7 2167s
 5357901 2035683 2139393.93  213   18 2140735.08 2122007.91  0.87%   5.7 2170s
 5369040 2038764     cutoff  189      2140735.08 2122008.22  0.87%   5.7 2175s
 5379712 2043579 2136544.96  168   30 2140735.08 2122008.44  0.87%   5.7 2180s
 5390322 2047878 2139756.35  195   14 2140735.08 2122008.67  0.87%   5.7 2185s
 5402085 2051475 2125004.91  185   35 2140735.08 2122008.92  0.87%   5.7 2190s
 5414335 2056066     cutoff  169      2140735.08 2122009.18  0.87%   5.7 2195s
 5423917 2059722 2138047.32  163   25 2140735.08 2122009.39  0.87%   5.7 2200s
 5435087 2062506     cutoff  192      2140735.08 2122009.64  0.87%   5.7 2205s
 5446844 2066140     cutoff  177      2140735.08 2122009.95  0.87%   5.7 2210s
 5457393 2070442     cutoff  251      2140735.08 2122010.13  0.87%   5.7 2215s
 5466767 2071676 2132941.01  163   32 2140735.08 2122010.38  0.87%   5.7 2220s
 5478659 2073334     cutoff  153      2140735.08 2122010.57  0.87%   5.7 2225s
 5490176 2076222     cutoff  186      2140735.08 2122010.81  0.87%   5.7 2230s
 5502894 2081142     cutoff  173      2140735.08 2122011.09  0.87%   5.7 2235s
 5513146 2084876 2128646.91  173   33 2140735.08 2122011.31  0.87%   5.7 2240s
 5525092 2087917     cutoff  177      2140735.08 2122011.54  0.87%   5.7 2245s
 5536862 2090485 2140034.72  172   24 2140735.08 2122011.82  0.87%   5.7 2250s
 5549299 2095014 2134580.01  180   26 2140735.08 2122012.11  0.87%   5.6 2255s
 5559959 2098270 2137958.88  167   22 2140735.08 2122012.34  0.87%   5.6 2260s
 5572095 2102880     cutoff  182      2140735.08 2122012.59  0.87%   5.6 2265s
 5584570 2106100 2139102.04  192   28 2140735.08 2122012.92  0.87%   5.6 2270s
 5595900 2109228     cutoff  175      2140735.08 2122013.16  0.87%   5.6 2275s
 5606130 2111675 2138393.10  176   24 2140735.08 2122013.43  0.87%   5.6 2280s
 5617856 2114313 2140217.15  176   32 2140735.08 2122013.68  0.87%   5.6 2285s
 5630406 2118310     cutoff  185      2140735.08 2122013.95  0.87%   5.6 2290s
 5641670 2121770     cutoff  185      2140735.08 2122014.10  0.87%   5.6 2295s
 5650783 2124064 2140124.08  176   30 2140735.08 2122014.35  0.87%   5.6 2300s
 5662466 2127773     cutoff  192      2140735.08 2122014.58  0.87%   5.6 2305s
 5673683 2131197 2136746.98  167   31 2140735.08 2122014.91  0.87%   5.6 2310s
 5685287 2135570     cutoff  170      2140735.08 2122015.08  0.87%   5.6 2315s
 5694390 2136780 2137350.40  176   30 2140735.08 2122015.40  0.87%   5.6 2320s
 5705072 2140401 2140536.48  192   20 2140735.08 2122015.56  0.87%   5.6 2325s
 5716017 2144042 2134758.23  157   30 2140735.08 2122015.85  0.87%   5.6 2330s
 5726213 2147435 2140523.87  188   28 2140735.08 2122016.04  0.87%   5.6 2335s
 5734661 2150120     cutoff  185      2140735.08 2122016.21  0.87%   5.6 2340s
 5746123 2153399 2139547.84  168   26 2140735.08 2122016.50  0.87%   5.6 2345s
 5757431 2156158 2140403.44  185   32 2140735.08 2122016.78  0.87%   5.6 2350s
 5769690 2159970 2129984.49  177   34 2140735.08 2122017.05  0.87%   5.6 2355s
 5779127 2163919     cutoff  196      2140735.08 2122017.20  0.87%   5.6 2360s
 5790621 2166552     cutoff  180      2140735.08 2122017.55  0.87%   5.6 2365s
 5801847 2170721 2133097.64  173   31 2140735.08 2122017.77  0.87%   5.6 2370s
 5813471 2173001 2140052.76  169   21 2140735.08 2122018.07  0.87%   5.6 2375s
 5826141 2175579     cutoff  163      2140735.08 2122018.37  0.87%   5.6 2380s
 5835928 2178601 2140406.18  187   21 2140735.08 2122018.57  0.87%   5.6 2385s
 5847365 2182461 2137169.58  164   25 2140735.08 2122018.85  0.87%   5.6 2390s
 5857853 2184134 2135877.20  187   23 2140735.08 2122019.08  0.87%   5.6 2395s
 5868692 2188171 2135564.04  175   34 2140735.08 2122019.34  0.87%   5.6 2400s
 5879866 2189909     cutoff  174      2140735.08 2122019.59  0.87%   5.6 2405s
 5887384 2191618 2138600.84  170   21 2140735.08 2122019.72  0.87%   5.6 2410s
 5899226 2193946 2139092.22  182   31 2140735.08 2122020.07  0.87%   5.6 2415s
 5911863 2196633 2125093.41  166   34 2140735.08 2122020.35  0.87%   5.6 2420s
 5923853 2200023     cutoff  184      2140735.08 2122020.72  0.87%   5.6 2425s
 5935445 2204558 2122555.97  171   35 2140735.08 2122021.00  0.87%   5.6 2431s
 5944041 2206174     cutoff  185      2140735.08 2122021.22  0.87%   5.6 2435s
 5955592 2207868     cutoff  169      2140735.08 2122021.46  0.87%   5.6 2440s
 5966038 2210984 2135172.03  173   33 2140735.08 2122021.66  0.87%   5.6 2445s
 5977178 2212928     cutoff  154      2140735.08 2122022.01  0.87%   5.6 2450s
 5988610 2216825 2139883.29  178   29 2140735.08 2122022.21  0.87%   5.6 2455s
 5997914 2219551     cutoff  166      2140735.08 2122022.38  0.87%   5.6 2460s
 6008743 2223192     cutoff  185      2140735.08 2122022.59  0.87%   5.6 2465s
 6019835 2226581 2139884.36  160   20 2140735.08 2122022.81  0.87%   5.6 2470s
 6032054 2231168 2134594.75  166   23 2140735.08 2122023.04  0.87%   5.6 2475s
 6040594 2233971     cutoff  180      2140735.08 2122023.22  0.87%   5.6 2480s
 6052365 2238255 2122338.45  168   37 2140735.08 2122023.46  0.87%   5.6 2485s
 6063938 2242826     cutoff  179      2140735.08 2122023.65  0.87%   5.6 2490s
 6073552 2245029 2126617.78  164   32 2140735.08 2122023.85  0.87%   5.6 2495s
 6084770 2248335     cutoff  162      2140735.08 2122024.11  0.87%   5.6 2500s
 6096105 2251056     cutoff  185      2140735.08 2122024.36  0.87%   5.6 2505s
 6107415 2254258     cutoff  178      2140735.08 2122024.61  0.87%   5.6 2510s
 6118343 2256616 2122476.18  156   35 2140735.08 2122024.81  0.87%   5.6 2515s
 6128604 2258376 2137050.63  175   32 2140735.08 2122025.14  0.87%   5.6 2520s
 6138197 2261831 2128920.06  160   33 2140735.08 2122025.30  0.87%   5.6 2525s
 6150208 2266389     cutoff  194      2140735.08 2122025.49  0.87%   5.6 2530s
 6161508 2270544 2139757.61  172   32 2140735.08 2122025.76  0.87%   5.6 2535s
 6170519 2273552 2140120.68  184   28 2140735.08 2122025.95  0.87%   5.6 2540s
 6182028 2276589 2139982.20  163   29 2140735.08 2122026.25  0.87%   5.6 2545s
 6193756 2279559     cutoff  168      2140735.08 2122026.46  0.87%   5.5 2550s
 6204651 2283129 2126465.57  169   33 2140735.08 2122026.73  0.87%   5.5 2555s
 6214969 2285479 2136887.22  166   20 2140735.08 2122026.99  0.87%   5.5 2560s
 6224834 2288657 2138916.75  161   19 2140735.08 2122027.15  0.87%   5.5 2565s
 6236085 2292658 2138169.08  166   17 2140735.08 2122027.34  0.87%   5.5 2570s
 6247315 2295930     cutoff  173      2140735.08 2122027.58  0.87%   5.5 2575s
 6256036 2299495 2125841.40  179   34 2140735.08 2122027.65  0.87%   5.5 2580s
 6267927 2303166 2122887.76  157   36 2140735.08 2122027.94  0.87%   5.5 2585s
 6279339 2307076 2140550.04  185   23 2140735.08 2122028.19  0.87%   5.5 2590s
 6290707 2311105     cutoff  169      2140735.08 2122028.39  0.87%   5.5 2595s
 6299397 2313697     cutoff  182      2140735.08 2122028.63  0.87%   5.5 2600s
 6310598 2317619     cutoff  191      2140735.08 2122028.84  0.87%   5.5 2605s
 6321754 2320831 2138549.60  200   17 2140735.08 2122029.08  0.87%   5.5 2610s
 6332961 2323357     cutoff  166      2140735.08 2122029.35  0.87%   5.5 2615s
 6342021 2327639     cutoff  177      2140735.08 2122029.49  0.87%   5.5 2620s
 6353047 2330548     cutoff  166      2140735.08 2122029.79  0.87%   5.5 2625s
 6364179 2333968 2138181.70  169   23 2140735.08 2122030.04  0.87%   5.5 2630s
 6376144 2338676 2139279.36  167   24 2140735.08 2122030.22  0.87%   5.5 2635s
 6384437 2341066 2140492.08  191   13 2140735.08 2122030.36  0.87%   5.5 2640s
 6396259 2344501 2139665.03  193   32 2140735.08 2122030.64  0.87%   5.5 2645s
 6407758 2347540 2138607.06  178   16 2140735.08 2122030.89  0.87%   5.5 2650s
 6419200 2350705     cutoff  167      2140735.08 2122031.13  0.87%   5.5 2655s
 6427976 2352236 2138720.41  172   35 2140735.08 2122031.32  0.87%   5.5 2660s
 6438867 2355611     cutoff  180      2140735.08 2122031.52  0.87%   5.5 2665s
 6450327 2359333     cutoff  166      2140735.08 2122031.77  0.87%   5.5 2670s
 6462113 2365088 2140544.51  177   18 2140735.08 2122032.01  0.87%   5.5 2675s
 6470680 2367523 2140484.21  174   20 2140735.08 2122032.23  0.87%   5.5 2680s
 6481938 2371720 2140726.37  169   21 2140735.08 2122032.38  0.87%   5.5 2685s
 6493144 2375090     cutoff  182      2140735.08 2122032.64  0.87%   5.5 2690s
 6504371 2377316 2138228.44  176   20 2140735.08 2122032.91  0.87%   5.5 2695s
 6513578 2379547     cutoff  322      2140735.08 2122033.17  0.87%   5.5 2700s
 6524622 2383047 2139157.35  170   34 2140735.08 2122033.43  0.87%   5.5 2705s
 6536688 2387771     cutoff  175      2140735.08 2122033.71  0.87%   5.5 2710s
 6548194 2390980     cutoff  161      2140735.08 2122033.90  0.87%   5.5 2715s
 6557796 2394208 2140322.27  163   31 2140735.08 2122034.09  0.87%   5.5 2720s
 6569073 2397024 2139599.38  169   27 2140735.08 2122034.42  0.87%   5.5 2725s
 6579994 2399737     cutoff  150      2140735.08 2122034.71  0.87%   5.5 2730s
 6591568 2402531 2137975.73  171   19 2140735.08 2122034.95  0.87%   5.5 2735s
 6602324 2404731 2138060.69  180   33 2140735.08 2122035.19  0.87%   5.5 2740s
 6611856 2408399 2138760.43  177   23 2140735.08 2122035.34  0.87%   5.5 2745s
 6623209 2412454 2136693.26  172   24 2140735.08 2122035.58  0.87%   5.5 2750s
 6635142 2415839 2138097.66  184   22 2140735.08 2122035.82  0.87%   5.5 2755s
 6646171 2419507     cutoff  162      2140735.08 2122036.03  0.87%   5.5 2760s
 6656128 2423501     cutoff  201      2140735.08 2122036.25  0.87%   5.5 2765s
 6668176 2428093     cutoff  177      2140735.08 2122036.53  0.87%   5.5 2770s
 6679517 2431696 2139824.03  166   30 2140735.08 2122036.72  0.87%   5.5 2775s
 6689031 2435298     cutoff  162      2140735.08 2122036.93  0.87%   5.5 2780s
 6699625 2437976 2136641.57  173   25 2140735.08 2122037.14  0.87%   5.5 2785s
 6711183 2440125     cutoff  167      2140735.08 2122037.47  0.87%   5.5 2790s
 6722252 2443070 2140352.01  221   25 2140735.08 2122037.73  0.87%   5.5 2795s
 6734090 2446326 2140146.52  170   20 2140735.08 2122038.00  0.87%   5.5 2800s
 6743930 2450918 2139854.25  172   31 2140735.08 2122038.13  0.87%   5.5 2805s
 6755448 2452715     cutoff  188      2140735.08 2122038.45  0.87%   5.5 2810s
 6767022 2455332 2140036.55  169   18 2140735.08 2122038.71  0.87%   5.5 2815s
 6778395 2459152 2140682.13  205   20 2140735.08 2122038.85  0.87%   5.5 2820s
 6788376 2462398     cutoff  159      2140735.08 2122039.06  0.87%   5.5 2825s
 6799571 2464723     cutoff  172      2140735.08 2122039.29  0.87%   5.5 2830s
H6808919 2467530                    2140598.7290 2122039.49  0.87%   5.5 2834s
 6810323 2467891 2140394.23  188   30 2140598.73 2122039.54  0.87%   5.5 2835s
 6821752 2471224     cutoff  183      2140598.73 2122039.74  0.87%   5.5 2840s
H6821757 2471218                    2140592.2806 2122039.74  0.87%   5.5 2840s
 6830512 2474350 2140113.97  171   33 2140592.28 2122039.88  0.87%   5.5 2845s
 6841446 2476881     cutoff  170      2140592.28 2122040.14  0.87%   5.5 2850s
 6853365 2480608 2137631.51  168   23 2140592.28 2122040.34  0.87%   5.5 2855s
 6864235 2483051     cutoff  182      2140592.28 2122040.59  0.87%   5.5 2860s
 6875662 2486618 2135859.55  172   32 2140592.28 2122040.83  0.87%   5.5 2865s
 6884548 2489082 2127359.63  170   33 2140592.28 2122041.01  0.87%   5.4 2870s
 6895379 2492547 2123364.57  172   37 2140592.28 2122041.28  0.87%   5.4 2875s
 6906408 2494978     cutoff  217      2140592.28 2122041.48  0.87%   5.4 2880s
 6918159 2498196 2137207.31  163   29 2140592.28 2122041.75  0.87%   5.4 2885s
 6926613 2501222     cutoff  220      2140592.28 2122041.91  0.87%   5.4 2890s
 6937310 2503763     cutoff  174      2140592.28 2122042.12  0.87%   5.4 2895s
 6948750 2508236 2139687.59  193   33 2140592.28 2122042.27  0.87%   5.4 2900s
 6960280 2511622 2138337.41  173   21 2140592.28 2122042.51  0.87%   5.4 2905s
 6969429 2515063     cutoff  183      2140592.28 2122042.67  0.87%   5.4 2910s
 6980492 2519433     cutoff  181      2140592.28 2122042.85  0.87%   5.4 2915s
 6991925 2522389     cutoff  166      2140592.28 2122043.14  0.87%   5.4 2920s
 7002847 2525686 2138199.51  173   23 2140592.28 2122043.39  0.87%   5.4 2925s
 7012736 2529188 2140103.93  182   17 2140592.28 2122043.52  0.87%   5.4 2930s
 7024600 2533311     cutoff  213      2140592.28 2122043.69  0.87%   5.4 2935s
 7036242 2536118 2133563.10  189   31 2140592.28 2122043.92  0.87%   5.4 2940s
 7047743 2538700 2138888.88  162   29 2140592.28 2122044.21  0.87%   5.4 2945s
 7059057 2541736     cutoff  161      2140592.28 2122044.42  0.87%   5.4 2950s
 7067979 2544800 2140435.72  160   31 2140592.28 2122044.61  0.87%   5.4 2955s
 7078626 2546861 2139110.31  190   31 2140592.28 2122044.83  0.87%   5.4 2960s
 7088846 2549584     cutoff  183      2140592.28 2122044.99  0.87%   5.4 2965s
 7099943 2554175 2138404.61  165   23 2140592.28 2122045.14  0.87%   5.4 2970s
 7108832 2556019 2138203.98  182   21 2140592.28 2122045.34  0.87%   5.4 2975s
 7118620 2559482 2140578.11  220   30 2140592.28 2122045.50  0.87%   5.4 2980s
 7129650 2561819 2139640.30  182   29 2140592.28 2122045.72  0.87%   5.4 2985s
 7140592 2564760 2124644.86  151   35 2140592.28 2122045.94  0.87%   5.4 2990s
 7151255 2567602     cutoff  159      2140592.28 2122046.22  0.87%   5.4 2995s
 7159064 2569952     cutoff  163      2140592.28 2122046.35  0.87%   5.4 3000s
 7169742 2574004 2140474.60  206   20 2140592.28 2122046.59  0.87%   5.4 3005s
 7181367 2578378     cutoff  161      2140592.28 2122046.82  0.87%   5.4 3010s
 7192937 2582062 2139507.69  184   20 2140592.28 2122047.05  0.87%   5.4 3015s
 7201642 2583963 2139950.53  173   32 2140592.28 2122047.25  0.87%   5.4 3020s
 7213366 2586988 2138878.65  169   22 2140592.28 2122047.46  0.87%   5.4 3025s
 7224676 2592059     cutoff  167      2140592.28 2122047.69  0.87%   5.4 3030s
 7236453 2596044 2136954.15  184   22 2140592.28 2122047.91  0.87%   5.4 3035s
 7245015 2598677     cutoff  182      2140592.28 2122048.11  0.87%   5.4 3040s
 7256111 2602491 2140326.70  144   22 2140592.28 2122048.31  0.87%   5.4 3045s
 7267389 2605402     cutoff  201      2140592.28 2122048.55  0.87%   5.4 3050s
 7279227 2608875     cutoff  170      2140592.28 2122048.72  0.87%   5.4 3055s
 7288548 2611460 2123704.49  158   32 2140592.28 2122048.93  0.87%   5.4 3060s
 7299963 2614570 2136345.64  175   23 2140592.28 2122049.14  0.87%   5.4 3065s
 7311750 2617163 2139879.31  170   33 2140592.28 2122049.42  0.87%   5.4 3070s
 7323714 2619282 2135290.48  161   24 2140592.28 2122049.68  0.87%   5.4 3075s
 7334633 2620653 2138081.97  165   32 2140592.28 2122049.86  0.87%   5.4 3080s
 7345738 2622893     cutoff  181      2140592.28 2122050.13  0.87%   5.4 3085s
 7355632 2627152 2137240.37  171   24 2140592.28 2122050.26  0.87%   5.4 3090s
 7367440 2630355 2138824.12  200   21 2140592.28 2122050.52  0.87%   5.4 3095s
 7379516 2634215     cutoff  205      2140592.28 2122050.74  0.87%   5.4 3100s
 7388426 2636880     cutoff  182      2140592.28 2122050.92  0.87%   5.4 3105s
 7399352 2640546 2132035.92  160   25 2140592.28 2122051.07  0.87%   5.4 3110s
 7410466 2644568 2136103.31  177   32 2140592.28 2122051.29  0.87%   5.4 3115s
 7422096 2648447     cutoff  173      2140592.28 2122051.48  0.87%   5.4 3120s
 7430709 2650892 2136887.81  161   21 2140592.28 2122051.63  0.87%   5.4 3125s
 7441930 2655034 2137947.81  178   22 2140592.28 2122051.79  0.87%   5.4 3130s
 7453468 2659259 2139104.30  179   31 2140592.28 2122052.02  0.87%   5.4 3135s
 7462475 2663149 2138454.16  165   31 2140592.28 2122052.16  0.87%   5.4 3140s
 7473153 2666779     cutoff  158      2140592.28 2122052.27  0.87%   5.4 3145s
 7484660 2670084 2138943.26  178   33 2140592.28 2122052.44  0.87%   5.4 3150s
 7496112 2673550 2138961.51  177   21 2140592.28 2122052.74  0.87%   5.4 3155s
 7508031 2676742 2140262.15  183   32 2140592.28 2122052.93  0.87%   5.4 3160s

Gurobi 11.0.3 (linux64, Java) logging started qua 11 dez 2024 15:00:42 -03

Set parameter Username
Academic license - for non-commercial use only - expires 2025-10-10
Set parameter NonConvex to value 2
Set parameter TimeLimit to value 3600
Set parameter LogToConsole to value 0
Set parameter MIPGap to value 2.3060879868461677e-07
Set parameter Threads to value 2
Set parameter NodefileDir to value "/home/ps12398/experiment_epec/goalProgrammingMarcos/"
Set parameter NodefileStart to value 1
Gurobi Optimizer version 11.0.3 build v11.0.3rc0 (linux64)

CPU model: Intel(R) Xeon(R) CPU           X5650  @ 2.67GHz, instruction set [SSE2]
Thread count: 12 physical cores, 24 logical processors, using up to 2 threads

Optimize a model with 8150 rows, 5573 columns and 26647 nonzeros
Model fingerprint: 0xde01cc85
Model has 57 quadratic constraints
Variable types: 2762 continuous, 2811 integer (52 binary)
Coefficient statistics:
  Matrix range     [2e-02, 8e+05]
  QMatrix range    [2e-02, 3e+04]
  QLMatrix range   [1e+00, 3e+04]
  Objective range  [1e+00, 9e+06]
  Bounds range     [1e+00, 1e+08]
  RHS range        [1e+00, 3e+05]
  QRHS range       [3e-03, 3e-03]
Presolve removed 8121 rows and 5528 columns
Presolve time: 0.04s
Presolved: 102 rows, 69 columns, 518 nonzeros
Presolved model has 24 bilinear constraint(s)

Solving non-convex MIQCP

Variable types: 51 continuous, 18 integer (0 binary)
Found heuristic solution: objective 2475748.5283

Root relaxation: objective 1.950361e+06, 39 iterations, 0.00 seconds (0.00 work units)

    Nodes    |    Current Node    |     Objective Bounds      |     Work
 Expl Unexpl |  Obj  Depth IntInf | Incumbent    BestBd   Gap | It/Node Time

     0     0 1950360.69    0   39 2475748.53 1950360.69  21.2%     -    0s
H    0     0                    2367603.4943 1950360.69  17.6%     -    0s
H    0     0                    2342455.2294 1950360.69  16.7%     -    0s
     0     0 1985948.79    0   39 2342455.23 1985948.79  15.2%     -    0s
H    0     0                    2240850.2713 1985948.79  11.4%     -    0s
     0     0 2026833.12    0   39 2240850.27 2026833.12  9.55%     -    0s
H    0     0                    2212059.9298 2026833.12  8.37%     -    0s
     0     0 2027189.51    0   39 2212059.93 2027189.51  8.36%     -    0s
H    0     0                    2189145.3201 2027189.51  7.40%     -    0s
     0     0 2028873.25    0   39 2189145.32 2028873.25  7.32%     -    0s
     0     2 2028873.25    0   39 2189145.32 2028873.25  7.32%     -    0s
H   21    24                    2179707.4682 2028882.43  6.92%   1.8    0s
H 1665  1714                    2169741.8610 2028882.43  6.49%   3.3    0s
H 1750  1901                    2162498.0733 2028882.43  6.18%   3.3    0s
H 1944  2091                    2156308.2157 2028894.06  5.91%   3.5    0s
H 2623  2564                    2153473.9707 2028894.06  5.79%   3.9    0s
H 7861  4934                    2144323.4091 2102090.55  1.97%   4.1    3s
H 8156  4926                    2144310.3979 2102090.55  1.97%   4.0    3s
H 9122  5400                    2144220.1026 2102136.18  1.96%   4.0    4s
* 9301  5434             420    2144193.1065 2102144.83  1.96%   4.0    4s
H 9484  5435                    2144192.7205 2102144.83  1.96%   4.0    4s
H11935  7034                    2143375.8766 2102365.95  1.91%   4.0    4s
 12183  7120     cutoff  367      2143375.88 2102376.76  1.91%   4.0    5s
H12189  7115                    2143369.8068 2102376.76  1.91%   4.0    5s
H14195  8011                    2143356.0786 2102807.00  1.89%   4.4    5s
H14789  8076                    2142940.2708 2102840.72  1.87%   4.4    6s
H16172  8854                    2142878.0656 2103223.25  1.85%   4.6    6s
 24403 13475 2120585.08  143   35 2142878.07 2104974.90  1.77%   5.1   10s
 35996 18939     cutoff  147      2142878.07 2106020.81  1.72%   5.5   15s
 48290 23370     cutoff  197      2142878.07 2106700.98  1.69%   5.9   20s
 60021 27719 2131650.23  153   34 2142878.07 2107023.54  1.67%   6.3   25s
 71736 32362     cutoff  153      2142878.07 2107260.57  1.66%   6.5   30s
 82783 36223 2123785.60  150   36 2142878.07 2107468.14  1.65%   6.6   35s
 94252 40512     cutoff  166      2142878.07 2107681.45  1.64%   6.8   40s
 105238 44614 2137032.78  150   30 2142878.07 2107866.55  1.63%   6.8   45s
 116141 48424 2134112.90  138   30 2142878.07 2108038.99  1.63%   6.9   50s
 127461 52523 2142682.25  167   30 2142878.07 2108200.98  1.62%   7.0   55s
 138292 56127     cutoff  172      2142878.07 2108369.12  1.61%   7.0   60s
 149411 60238 2114619.12  145   36 2142878.07 2108517.09  1.60%   7.1   65s
 160531 64009     cutoff  163      2142878.07 2108652.75  1.60%   7.1   70s
 171890 68408 2138829.81  151   33 2142878.07 2108775.12  1.59%   7.1   75s
 183081 72126 2129227.37  153   34 2142878.07 2108898.08  1.59%   7.1   80s
 194363 76415     cutoff  164      2142878.07 2109016.69  1.58%   7.1   85s
 205623 80865 2139703.13  145   30 2142878.07 2109122.06  1.58%   7.1   90s
 217001 84851     cutoff  155      2142878.07 2109230.10  1.57%   7.1   95s
 228230 89040 2130409.11  187   30 2142878.07 2109332.96  1.57%   7.1  100s
 239617 93203 2124217.02  141   32 2142878.07 2109418.63  1.56%   7.1  105s
 251394 97777     cutoff  152      2142878.07 2109511.28  1.56%   7.1  110s
 262848 101800     cutoff  192      2142878.07 2109600.91  1.55%   7.1  115s
 274850 106345     cutoff  155      2142878.07 2109680.13  1.55%   7.1  120s
 286206 110440     cutoff  209      2142878.07 2109773.50  1.54%   7.1  125s
 297632 114374     cutoff  147      2142878.07 2109850.98  1.54%   7.1  130s
 309345 118626 2133108.21  142   30 2142878.07 2109933.79  1.54%   7.1  135s
 320325 122407     cutoff  157      2142878.07 2110011.84  1.53%   7.1  140s
 332200 126837     cutoff  188      2142878.07 2110094.14  1.53%   7.1  145s
 343714 130561 2138009.51  151   29 2142878.07 2110166.16  1.53%   7.1  150s
 355218 134603     cutoff  154      2142878.07 2110231.96  1.52%   7.1  155s
 367089 139277 2134301.66  146   32 2142878.07 2110307.01  1.52%   7.1  160s
 378954 143902 2140568.07  148   31 2142878.07 2110374.30  1.52%   7.0  165s
 390813 148090 2113228.22  137   34 2142878.07 2110445.43  1.51%   7.0  170s
H392379 145776                    2141944.0914 2110457.04  1.47%   7.0  170s
H395444 147026                    2141943.6683 2110482.50  1.47%   7.0  172s
H396406 147279                    2141943.6425 2110489.21  1.47%   7.0  172s
 401213 148766 2116030.84  140   32 2141943.64 2110516.45  1.47%   7.0  175s
H403532 149205                    2141894.6417 2110530.46  1.46%   7.0  176s
 412272 152109 2134828.88  207   30 2141894.64 2110581.48  1.46%   7.0  180s
 423772 155729 2128881.29  147   32 2141894.64 2110647.53  1.46%   7.1  185s
 435258 159516 2134599.01  147   32 2141894.64 2110719.33  1.46%   7.1  190s
 446243 163012 2135605.53  137   32 2141894.64 2110792.20  1.45%   7.1  195s
 457752 166555     cutoff  148      2141894.64 2110854.10  1.45%   7.1  200s
 469079 170255 2140848.56  167   28 2141894.64 2110919.07  1.45%   7.1  205s
 480283 173719 2140904.24  176   34 2141894.64 2110982.77  1.44%   7.1  210s
 491479 176896     cutoff  182      2141894.64 2111053.58  1.44%   7.1  215s
 502992 180374 2115359.46  138   32 2141894.64 2111117.97  1.44%   7.1  220s
 514513 183947     cutoff  145      2141894.64 2111186.74  1.43%   7.1  225s
 524933 186814 2126151.81  143   33 2141894.64 2111256.57  1.43%   7.1  230s
 536934 190223     cutoff  151      2141894.64 2111328.03  1.43%   7.1  235s
 547972 193473 2140099.36  154   30 2141894.64 2111391.95  1.42%   7.1  240s
 559466 196845 2123407.41  139   32 2141894.64 2111470.63  1.42%   7.1  245s
 570643 200113     cutoff  165      2141894.64 2111543.08  1.42%   7.1  250s
 582166 203418 2136856.00  142   29 2141894.64 2111627.53  1.41%   7.1  255s
 593416 206728 2140660.67  150   31 2141894.64 2111707.07  1.41%   7.1  260s
 604671 209838 2133509.99  156   32 2141894.64 2111790.44  1.41%   7.1  265s
 615550 212832     cutoff  156      2141894.64 2111855.23  1.40%   7.1  270s
 626940 216378     cutoff  154      2141894.64 2111930.40  1.40%   7.1  275s
 638016 219710 2140394.56  144   29 2141894.64 2112012.21  1.40%   7.1  280s
 648807 222536 2113902.85  181   34 2141894.64 2112084.80  1.39%   7.1  285s
 660391 225644     cutoff  152      2141894.64 2112151.28  1.39%   7.1  290s
 671593 229075     cutoff  160      2141894.64 2112222.52  1.39%   7.1  295s
 683233 232721     cutoff  145      2141894.64 2112296.30  1.38%   7.1  300s
 694477 236070 2136603.31  156   29 2141894.64 2112374.88  1.38%   7.1  305s
 705968 239066 2129795.67  143   30 2141894.64 2112462.92  1.37%   7.1  310s
 716640 241932 2113663.53  135   33 2141894.64 2112528.00  1.37%   7.1  315s
 728256 245300     cutoff  145      2141894.64 2112607.91  1.37%   7.1  320s
 739457 248114     cutoff  146      2141894.64 2112691.81  1.36%   7.1  325s
 750746 251070     cutoff  144      2141894.64 2112771.79  1.36%   7.1  330s
 761831 254338 2134629.23  151   32 2141894.64 2112850.15  1.36%   7.1  335s
 772980 257263 2129131.15  139   30 2141894.64 2112929.98  1.35%   7.1  340s
 783986 260274 2137535.67  145   31 2141894.64 2113015.85  1.35%   7.1  345s
 795171 263615 2116480.58  161   32 2141894.64 2113100.08  1.34%   7.1  350s
 806512 266573     cutoff  152      2141894.64 2113185.36  1.34%   7.1  355s
H810977 267710                    2141893.9972 2113217.84  1.34%   7.1  357s
 817112 269371 2140370.88  152   30 2141894.00 2113260.64  1.34%   7.1  360s
 828801 272189 2117725.04  137   33 2141894.00 2113347.87  1.33%   7.1  365s
 839785 275323 2138946.70  140   29 2141894.00 2113428.92  1.33%   7.1  370s
 851484 278470 2133967.02  179   33 2141894.00 2113508.18  1.33%   7.1  375s
 862780 282123 2131819.10  153   31 2141894.00 2113592.13  1.32%   7.1  380s
 873771 284963 2135917.11  132   33 2141894.00 2113679.95  1.32%   7.1  385s
 884802 288012 2137593.52  175   29 2141894.00 2113761.31  1.31%   7.1  390s
 896531 291481 2135669.55  149   33 2141894.00 2113844.09  1.31%   7.1  395s
 907701 294942 2116483.60  126   35 2141894.00 2113932.08  1.31%   7.1  400s
 919064 298258 2127239.38  143   32 2141894.00 2114017.63  1.30%   7.1  405s
 930443 301924 2138602.41  180   31 2141894.00 2114104.83  1.30%   7.1  410s
 941892 305310 2126860.29  142   32 2141894.00 2114195.30  1.29%   7.1  415s
 953093 308385 2139885.39  156   30 2141894.00 2114286.91  1.29%   7.1  420s
 964472 311688     cutoff  156      2141894.00 2114371.73  1.28%   7.1  425s
 976000 315075     cutoff  149      2141894.00 2114448.20  1.28%   7.1  430s
 987709 318023     cutoff  142      2141894.00 2114530.67  1.28%   7.1  435s
 998977 321092 2140170.78  143   30 2141894.00 2114605.05  1.27%   7.1  440s
 1010524 324397     cutoff  171      2141894.00 2114691.86  1.27%   7.1  445s
 1021613 327400 2137588.92  152   28 2141894.00 2114776.73  1.27%   7.1  450s
 1033008 330089     cutoff  161      2141894.00 2114860.95  1.26%   7.1  455s
 1044155 332894 2138904.34  147   29 2141894.00 2114937.92  1.26%   7.1  460s
 1055592 336074 2135922.67  161   29 2141894.00 2115016.61  1.25%   7.1  465s
 1066424 339037     cutoff  144      2141894.00 2115081.94  1.25%   7.1  470s
 1077680 342421     cutoff  150      2141894.00 2115158.54  1.25%   7.1  475s
 1089048 345306 2124417.41  155   33 2141894.00 2115236.02  1.24%   7.1  480s
 1100360 347982 2133704.28  140   32 2141894.00 2115318.31  1.24%   7.1  485s
 1111665 350699     cutoff  141      2141894.00 2115396.70  1.24%   7.1  490s
 1122883 353537     cutoff  146      2141894.00 2115474.90  1.23%   7.1  495s
 1134286 356623 2134604.77  165   32 2141894.00 2115557.61  1.23%   7.1  500s
 1145156 359233 2128078.33  139   34 2141894.00 2115646.46  1.23%   7.1  505s
 1157047 362528 2120880.98  139   32 2141894.00 2115730.11  1.22%   7.1  510s
 1168256 365308 2136338.09  145   30 2141894.00 2115817.52  1.22%   7.1  515s
 1179476 368146     cutoff  139      2141894.00 2115898.97  1.21%   7.1  520s
 1191006 371019 2128663.62  158   31 2141894.00 2115977.75  1.21%   7.1  525s
 1201951 373841 2135174.74  148   30 2141894.00 2116053.52  1.21%   7.1  530s
 1212865 376480     cutoff  134      2141894.00 2116133.63  1.20%   7.1  535s
 1224608 379336     cutoff  156      2141894.00 2116213.26  1.20%   7.1  540s
 1236535 383909 2137615.75  153   30 2141894.00 2116284.33  1.20%   7.1  545s
 1247698 386584     cutoff  150      2141894.00 2116373.29  1.19%   7.1  550s
 1259153 389529 2120655.19  131   37 2141894.00 2116448.99  1.19%   7.1  555s
 1270509 392276 2138942.27  146   32 2141894.00 2116520.18  1.18%   7.1  560s
 1282020 395392 2134469.64  148   31 2141894.00 2116590.15  1.18%   7.1  565s
 1293564 398461     cutoff  151      2141894.00 2116662.60  1.18%   7.1  570s
 1305405 401246 2139352.77  146   29 2141894.00 2116728.49  1.17%   7.1  575s
 1316708 404330 2129112.80  197   34 2141894.00 2116787.85  1.17%   7.1  580s
 1328345 407315 2125917.53  132   34 2141894.00 2116853.23  1.17%   7.1  585s
 1339745 410127 2133932.41  163   33 2141894.00 2116923.98  1.17%   7.2  590s
 1351174 413570 2129617.97  168   35 2141894.00 2116990.85  1.16%   7.2  595s
 1362632 416228     cutoff  149      2141894.00 2117061.14  1.16%   7.2  600s
 1373899 419285 2132511.05  150   31 2141894.00 2117127.72  1.16%   7.2  605s
 1385359 422054 2121678.26  148   32 2141894.00 2117188.75  1.15%   7.2  610s
 1397148 425130 2127082.54  133   34 2141894.00 2117255.48  1.15%   7.2  615s
 1408517 427857     cutoff  144      2141894.00 2117319.61  1.15%   7.2  620s
 1419997 431417 2137730.38  144   29 2141894.00 2117380.88  1.14%   7.2  625s
 1431582 434082     cutoff  140      2141894.00 2117452.58  1.14%   7.2  630s
 1442886 436965 2134718.02  138   32 2141894.00 2117515.96  1.14%   7.2  635s
H1451857 438255                    2141786.9399 2117562.97  1.13%   7.2  639s
H1451954 438253                    2141786.6258 2117562.97  1.13%   7.2  639s
*1452019 438204             432    2141781.3790 2117562.97  1.13%   7.2  639s
H1452116 438268                    2141781.3255 2117563.14  1.13%   7.2  639s
H1452416 438357                    2141781.2843 2117564.29  1.13%   7.2  639s
 1453682 438672     cutoff  205      2141781.28 2117571.39  1.13%   7.2  640s
 1465515 442108     cutoff  137      2141781.28 2117625.83  1.13%   7.2  645s
 1477165 445343 2141034.42  209   27 2141781.28 2117689.46  1.12%   7.2  650s
 1488232 447885 2138355.79  149   28 2141781.28 2117753.72  1.12%   7.2  655s
 1499469 450554 2125567.26  136   33 2141781.28 2117821.68  1.12%   7.2  660s
 1511215 453513     cutoff  145      2141781.28 2117888.09  1.12%   7.2  665s
 1522378 456118     cutoff  142      2141781.28 2117958.79  1.11%   7.2  670s
 1534490 459861 2122483.93  145   34 2141781.28 2118024.48  1.11%   7.2  675s
 1545485 462348     cutoff  147      2141781.28 2118087.05  1.11%   7.2  680s
 1556240 465197     cutoff  144      2141781.28 2118145.44  1.10%   7.2  685s
 1567674 467995     cutoff  174      2141781.28 2118206.81  1.10%   7.2  690s
 1579015 470951 2139435.63  142   30 2141781.28 2118259.24  1.10%   7.2  695s
 1589998 474188     cutoff  165      2141781.28 2118313.56  1.10%   7.2  700s
 1601532 477449     cutoff  202      2141781.28 2118363.05  1.09%   7.2  705s
 1612889 480390 2138888.70  133   31 2141781.28 2118417.61  1.09%   7.2  710s
 1624282 483440     cutoff  137      2141781.28 2118473.03  1.09%   7.2  715s
 1636755 487204     cutoff  147      2141781.28 2118531.72  1.09%   7.2  720s
 1648699 491097 2140501.35  192   28 2141781.28 2118584.74  1.08%   7.2  725s
 1661278 495570 2124205.53  130   36 2141781.28 2118637.42  1.08%   7.2  730s
 1673230 499105     cutoff  140      2141781.28 2118694.54  1.08%   7.2  735s
 1685213 502655 2141655.97  140   23 2141781.28 2118750.60  1.08%   7.2  740s
 1697523 506806 2133473.06  134   32 2141781.28 2118810.52  1.07%   7.1  745s
 1710140 511502 2131016.94  365   27 2141781.28 2118858.91  1.07%   7.1  750s
 1723121 516617 2132239.53  143   34 2141781.28 2118911.43  1.07%   7.1  755s
 1735370 520894     cutoff  157      2141781.28 2118967.59  1.07%   7.1  760s
 1747695 524795     cutoff  159      2141781.28 2119029.83  1.06%   7.1  765s
H1749342 524642                    2141724.8881 2119037.33  1.06%   7.1  765s
H1750925 525059                    2141724.8472 2119044.83  1.06%   7.1  766s
 1759277 527772 2129906.07  133   36 2141724.85 2119082.25  1.06%   7.1  770s
H1760360 525903                    2141536.1980 2119086.86  1.05%   7.1  770s
H1768126 528654                    2141519.2598 2119117.09  1.05%   7.1  773s
H1768389 528624                    2141513.7407 2119118.10  1.05%   7.1  773s
H1769251 528775                    2141510.6850 2119122.73  1.05%   7.1  774s
 1771811 529838 2137531.66  279   21 2141510.68 2119132.99  1.04%   7.1  775s
H1777171 531362                    2141489.4440 2119153.32  1.04%   7.1  777s
 1784595 533957     cutoff  155      2141489.44 2119184.53  1.04%   7.1  780s
 1795513 537229 2138595.69  144   30 2141489.44 2119238.79  1.04%   7.1  785s
 1807694 541400     cutoff  156      2141489.44 2119290.50  1.04%   7.1  790s
 1819909 545896 2138359.06  149   32 2141489.44 2119337.78  1.03%   7.1  795s
 1830990 549214 2127543.13  148   32 2141489.44 2119388.82  1.03%   7.1  800s
 1843012 553223     cutoff  145      2141489.44 2119444.50  1.03%   7.1  805s
 1855110 557706 2131492.93  143   32 2141489.44 2119497.53  1.03%   7.1  810s
 1867453 562222     cutoff  127      2141489.44 2119544.98  1.02%   7.1  815s
 1879829 566960     cutoff  147      2141489.44 2119591.06  1.02%   7.1  820s
 1891556 571001 2128108.12  152   32 2141489.44 2119639.09  1.02%   7.1  825s
 1903947 575525 2132538.79  165   30 2141489.44 2119688.65  1.02%   7.1  830s
 1915642 579039 2138045.07  159   26 2141489.44 2119738.32  1.02%   7.1  835s
 1927554 583549     cutoff  148      2141489.44 2119783.05  1.01%   7.1  840s
 1938967 587323 2140555.01  168   31 2141489.44 2119824.69  1.01%   7.1  845s
 1951491 591882 2133848.75  132   30 2141489.44 2119869.01  1.01%   7.1  850s
 1964213 596053 2139988.46  171   32 2141489.44 2119914.32  1.01%   7.1  855s
H1964221 596075                    2141487.5478 2119914.48  1.01%   7.1  855s
 1975829 600590 2135607.33  141   29 2141487.55 2119956.49  1.01%   7.1  860s
H1982684 602789                    2141482.7573 2119978.98  1.00%   7.1  862s
H1983863 603064                    2141475.3662 2119982.99  1.00%   7.1  863s
H1985288 603433                    2141469.3780 2119988.80  1.00%   7.1  863s
H1987279 602092                    2141310.4809 2119993.92  1.00%   7.1  864s
H1988134 602450                    2141308.9767 2119995.27  1.00%   7.0  865s
 2001083 607336 2135381.44  133   32 2141308.98 2120037.69  0.99%   7.0  870s
 2014455 612423 2138444.67  165   28 2141308.98 2120081.25  0.99%   7.0  875s
 2027739 617627 2131192.65  151   27 2141308.98 2120121.22  0.99%   7.0  880s
 2040423 622745 2138133.57  143   29 2141308.98 2120161.19  0.99%   7.0  885s
 2054295 628187 2133167.19  138   33 2141308.98 2120200.70  0.99%   7.0  890s
 2066987 633419 2137840.05  170   29 2141308.98 2120238.57  0.98%   7.0  895s
H2071439 635177                    2141290.7957 2120249.08  0.98%   7.0  896s
H2076175 637125                    2141290.3001 2120258.27  0.98%   7.0  898s
H2076329 636720                    2141255.9988 2120258.74  0.98%   7.0  898s
 2079630 638113 2132987.87  131   32 2141256.00 2120267.80  0.98%   7.0  900s
 2093494 643672 2123364.17  139   34 2141256.00 2120305.21  0.98%   7.0  905s
 2106728 648566 2125766.96  148   35 2141256.00 2120344.42  0.98%   7.0  910s
 2119280 653949 2131456.12  149   33 2141256.00 2120378.69  0.98%   7.0  915s
 2132697 659547 2138588.13  150   29 2141256.00 2120411.56  0.97%   7.0  920s
 2146191 664967 2129201.75  175   32 2141256.00 2120442.94  0.97%   7.0  925s
 2159134 670184 2133631.27  144   32 2141256.00 2120475.59  0.97%   7.0  930s
 2173366 676768 2129400.69  146   29 2141256.00 2120503.68  0.97%   7.0  935s
 2187155 682616 2138769.72  143   21 2141256.00 2120533.78  0.97%   6.9  940s
 2200543 688246 2139620.44  170   27 2141256.00 2120564.36  0.97%   6.9  945s
 2214756 693929 2140429.76  144   31 2141256.00 2120597.81  0.96%   6.9  950s
*2220486 694128             260    2141128.6425 2120611.93  0.96%   6.9  952s
H2220542 694050                    2141118.9751 2120611.93  0.96%   6.9  952s
 2226415 696573 2141105.85  176   31 2141118.98 2120624.54  0.96%   6.9  955s
H2233542 699112                    2141100.7830 2120640.04  0.96%   6.9  957s
H2233770 698781                    2141080.0966 2120640.62  0.95%   6.9  958s
H2233849 698604                    2141062.6789 2120640.92  0.95%   6.9  958s
H2234178 698685                    2141062.2473 2120641.52  0.95%   6.9  958s
H2236872 699706                    2141050.8655 2120645.86  0.95%   6.9  959s
 2238521 700417 2140972.92  199   20 2141050.87 2120648.96  0.95%   6.9  960s
 2252573 706749 2123337.29  134   34 2141050.87 2120680.04  0.95%   6.9  965s
 2266498 713087 2138959.75  146   32 2141050.87 2120710.96  0.95%   6.9  970s
 2280184 719002     cutoff  151      2141050.87 2120738.06  0.95%   6.9  975s
 2293601 725163     cutoff  153      2141050.87 2120765.66  0.95%   6.9  980s
 2307390 731351 2131805.77  180   30 2141050.87 2120788.88  0.95%   6.9  985s
 2321145 737549 2131314.07  144   34 2141050.87 2120813.79  0.95%   6.9  990s
 2335173 744132     cutoff  155      2141050.87 2120839.42  0.94%   6.9  995s
 2349073 750000     cutoff  134      2141050.87 2120864.36  0.94%   6.9 1000s
 2362523 756228     cutoff  143      2141050.87 2120885.51  0.94%   6.8 1005s
 2376177 762091     cutoff  173      2141050.87 2120906.08  0.94%   6.8 1010s
 2389329 767931 2135661.77  152   30 2141050.87 2120930.27  0.94%   6.8 1015s
 2402708 774167     cutoff  150      2141050.87 2120954.10  0.94%   6.8 1020s
 2416876 780243 2140742.03  145   28 2141050.87 2120981.46  0.94%   6.8 1025s
 2431087 786055 2122839.23  145   36 2141050.87 2121003.94  0.94%   6.8 1030s
 2445232 792362     cutoff  163      2141050.87 2121027.05  0.94%   6.8 1035s
 2458969 798386 2138792.48  143   32 2141050.87 2121046.03  0.93%   6.8 1040s
 2474561 804521     cutoff  139      2141050.87 2121067.26  0.93%   6.8 1045s
 2487882 810269 2123982.68  149   32 2141050.87 2121088.87  0.93%   6.8 1050s
 2500863 815760 2121864.27  150   37 2141050.87 2121107.95  0.93%   6.8 1055s
 2514625 822369     cutoff  164      2141050.87 2121123.43  0.93%   6.8 1060s
 2528574 828563 2130933.71  231   30 2141050.87 2121139.67  0.93%   6.8 1065s
 2541594 834622 2127520.78  146   31 2141050.87 2121152.81  0.93%   6.8 1070s
 2555208 840428     cutoff  157      2141050.87 2121170.52  0.93%   6.7 1075s
 2568781 846716 2122455.27  147   35 2141050.87 2121185.77  0.93%   6.7 1080s
 2582304 852717     cutoff  172      2141050.87 2121202.54  0.93%   6.7 1085s
 2596354 859306 2140866.79  188   20 2141050.87 2121220.43  0.93%   6.7 1090s
 2610088 866212 2136267.82  158   34 2141050.87 2121234.45  0.93%   6.7 1095s
 2624248 873053 2137805.07  141   22 2141050.87 2121250.93  0.92%   6.7 1100s
 2637631 879443 2123155.89  144   36 2141050.87 2121264.95  0.92%   6.7 1105s
 2652340 886538     cutoff  155      2141050.87 2121281.65  0.92%   6.7 1110s
 2672250 896244 2121319.30  139   36 2141050.87 2121299.93  0.92%   6.7 1115s
 2692770 906264 2140155.01  143   31 2141050.87 2121320.61  0.92%   6.7 1120s
 2710772 915271     cutoff  149      2141050.87 2121339.20  0.92%   6.6 1125s
H2724055 921572                    2141043.5149 2121349.85  0.92%   6.6 1129s
 2724442 921720 2141000.21  564    6 2141043.51 2121350.11  0.92%   6.6 1130s
H2725746 922309                    2141042.1689 2121351.02  0.92%   6.6 1130s
H2726983 918833                    2140873.6792 2121351.69  0.91%   6.6 1130s
H2727435 918963                    2140866.5469 2121352.29  0.91%   6.6 1131s
H2728174 918503                    2140838.9789 2121353.21  0.91%   6.6 1131s
H2729528 919183                    2140838.5813 2121354.37  0.91%   6.6 1132s
 2739618 924220 2137832.95  185   30 2140838.58 2121363.69  0.91%   6.6 1135s
 2754419 931328 2129064.12  135   33 2140838.58 2121374.92  0.91%   6.6 1140s
 2770067 939452 2123021.40  147   33 2140838.58 2121389.05  0.91%   6.6 1145s
 2790429 949789 2129793.48  143   34 2140838.58 2121405.15  0.91%   6.6 1150s
 2810619 960176 2137139.47  174   29 2140838.58 2121421.90  0.91%   6.6 1155s
 2827303 968408 2121736.87  147   34 2140838.58 2121436.74  0.91%   6.6 1160s
 2841394 975584     cutoff  165      2140838.58 2121448.88  0.91%   6.6 1165s
 2855045 982260 2122125.71  146   38 2140838.58 2121459.18  0.91%   6.5 1170s
 2868968 988491 2132870.03  142   28 2140838.58 2121469.21  0.90%   6.5 1175s
 2882545 995188 2124225.15  174   32 2140838.58 2121479.94  0.90%   6.5 1180s
 2896969 1002234 2132435.68  144   25 2140838.58 2121490.64  0.90%   6.5 1185s
 2911284 1009394 2137897.12  152   33 2140838.58 2121501.98  0.90%   6.5 1190s
 2924971 1015863     cutoff  153      2140838.58 2121511.71  0.90%   6.5 1195s
H2937425 1022008                    2140820.1385 2121519.26  0.90%   6.5 1199s
 2937704 1022181     cutoff  173      2140820.14 2121519.57  0.90%   6.5 1200s
H2939530 1021507                    2140765.7888 2121520.77  0.90%   6.5 1200s
H2939836 1021627                    2140765.3601 2121520.81  0.90%   6.5 1201s
 2951320 1027507 2121704.47  152   38 2140765.36 2121527.99  0.90%   6.5 1205s
 2965440 1034906 2138033.63  160   25 2140765.36 2121536.15  0.90%   6.5 1210s
 2979644 1042269 2135943.39  147   33 2140765.36 2121544.65  0.90%   6.5 1215s
 2993449 1049177 2136265.45  174   25 2140765.36 2121552.57  0.90%   6.5 1220s
 3007253 1056536 2124827.47  182   35 2140765.36 2121561.55  0.90%   6.5 1225s
 3021241 1063411 2135480.56  190   32 2140765.36 2121569.55  0.90%   6.5 1230s
 3035042 1070305 2134337.22  218   30 2140765.36 2121577.51  0.90%   6.4 1235s
 3049038 1077102     cutoff  149      2140765.36 2121585.62  0.90%   6.4 1240s
 3063308 1084847 2137770.63  178   29 2140765.36 2121592.30  0.90%   6.4 1245s
 3076914 1091871 2134908.57  162   31 2140765.36 2121599.38  0.90%   6.4 1250s
 3090753 1098694 2124064.36  175   32 2140765.36 2121607.56  0.89%   6.4 1255s
 3104643 1105302 2134300.14  138   21 2140765.36 2121616.01  0.89%   6.4 1260s
 3118191 1112447     cutoff  148      2140765.36 2121622.63  0.89%   6.4 1265s
 3131426 1118794     cutoff  180      2140765.36 2121629.98  0.89%   6.4 1270s
 3145742 1126319 2138968.62  168   20 2140765.36 2121636.89  0.89%   6.4 1275s
 3159838 1133327 2138207.63  152   23 2140765.36 2121644.08  0.89%   6.4 1280s
 3174562 1141117 2128298.52  154   35 2140765.36 2121651.23  0.89%   6.4 1285s
 3188200 1148252 2124441.20  164   34 2140765.36 2121656.73  0.89%   6.4 1290s
 3203093 1156351     cutoff  167      2140765.36 2121663.56  0.89%   6.4 1295s
 3216362 1163128     cutoff  179      2140765.36 2121669.72  0.89%   6.3 1300s
 3230298 1170330 2131067.11  158   35 2140765.36 2121675.96  0.89%   6.3 1305s
 3244102 1177624 2139345.67  195   19 2140765.36 2121681.72  0.89%   6.3 1310s
 3257605 1184883 2139096.99  170   33 2140765.36 2121687.18  0.89%   6.3 1315s
 3271774 1192369 2123998.16  141   36 2140765.36 2121693.01  0.89%   6.3 1320s
 3285149 1199187 2139293.92  169   19 2140765.36 2121698.20  0.89%   6.3 1325s
 3298472 1206198 2135403.55  186   23 2140765.36 2121703.35  0.89%   6.3 1330s
 3312548 1213773 2139183.99  162   21 2140765.36 2121708.66  0.89%   6.3 1335s
 3326026 1221099     cutoff  189      2140765.36 2121713.09  0.89%   6.3 1340s
 3339275 1228139     cutoff  172      2140765.36 2121718.26  0.89%   6.3 1345s
 3353076 1235105     cutoff  171      2140765.36 2121723.70  0.89%   6.3 1350s
 3367062 1243037     cutoff  162      2140765.36 2121728.59  0.89%   6.3 1355s
 3381244 1250880     cutoff  167      2140765.36 2121733.31  0.89%   6.3 1360s
 3394283 1257180 2140102.44  169   33 2140765.36 2121738.49  0.89%   6.3 1365s
 3408395 1264464 2121934.53  147   35 2140765.36 2121743.34  0.89%   6.2 1370s
 3420854 1269966 2122909.23  160   36 2140765.36 2121748.46  0.89%   6.2 1375s
 3433566 1275988 2125188.23  137   35 2140765.36 2121753.28  0.89%   6.2 1380s
 3446420 1282472 2126832.39  169   33 2140765.36 2121758.80  0.89%   6.2 1385s
 3460681 1290188     cutoff  171      2140765.36 2121763.34  0.89%   6.2 1390s
 3473451 1296257     cutoff  170      2140765.36 2121767.56  0.89%   6.2 1395s
 3486411 1302605     cutoff  161      2140765.36 2121772.25  0.89%   6.2 1400s
 3500434 1309882 2136317.07  165   23 2140765.36 2121776.45  0.89%   6.2 1405s
 3513488 1316257 2123357.14  158   34 2140765.36 2121780.99  0.89%   6.2 1410s
 3527033 1322773 2127942.57  154   32 2140765.36 2121785.22  0.89%   6.2 1415s
 3540245 1330043 2137970.40  200   33 2140765.36 2121789.12  0.89%   6.2 1420s
 3554121 1336773 2135891.39  165   21 2140765.36 2121793.93  0.89%   6.2 1425s
 3567369 1343161 2140588.40  172   32 2140765.36 2121798.15  0.89%   6.2 1430s
 3580569 1349653 2122022.38  156   35 2140765.36 2121802.16  0.89%   6.2 1435s
 3594568 1356601     cutoff  181      2140765.36 2121805.99  0.89%   6.2 1440s
 3607865 1362919 2140566.19  210   19 2140765.36 2121809.97  0.89%   6.1 1445s
 3621726 1369602 2137368.28  168   29 2140765.36 2121814.04  0.89%   6.1 1450s
 3635549 1377283 2121864.60  156   36 2140765.36 2121817.53  0.89%   6.1 1455s
 3649496 1384234 2123866.84  161   34 2140765.36 2121821.40  0.88%   6.1 1460s
H3657874 1387093                    2140737.4899 2121823.90  0.88%   6.1 1463s
 3662200 1388999 2136417.23  156   33 2140737.49 2121824.94  0.88%   6.1 1465s
 3675228 1395755 2137577.10  171   22 2140737.49 2121828.59  0.88%   6.1 1470s
 3688977 1402232 2133440.05  162   27 2140737.49 2121832.58  0.88%   6.1 1475s
 3702544 1408545     cutoff  166      2140737.49 2121836.61  0.88%   6.1 1480s
 3715666 1414876     cutoff  178      2140737.49 2121840.49  0.88%   6.1 1485s
 3729346 1421140 2125437.93  133   36 2140737.49 2121844.40  0.88%   6.1 1490s
 3741990 1427059 2139321.54  174   30 2140737.49 2121848.78  0.88%   6.1 1495s
 3755977 1434236 2124560.42  165   34 2140737.49 2121852.05  0.88%   6.1 1500s
 3769107 1440994 2137535.76  170   31 2140737.49 2121855.30  0.88%   6.1 1505s
 3782249 1447183 2138631.95  177   20 2140737.49 2121858.52  0.88%   6.1 1510s
 3795356 1453942 2122798.38  152   36 2140737.49 2121861.38  0.88%   6.1 1515s
 3809013 1460423     cutoff  163      2140737.49 2121864.97  0.88%   6.1 1520s
 3822541 1467994 2126164.48  159   34 2140737.49 2121867.64  0.88%   6.1 1525s
 3836403 1475054     cutoff  232      2140737.49 2121870.62  0.88%   6.1 1530s
 3850155 1481752 2127656.20  179   35 2140737.49 2121873.51  0.88%   6.0 1535s
 3864714 1489337 2134296.03  137   32 2140737.49 2121876.87  0.88%   6.0 1540s
 3878307 1495845 2135892.07  154   27 2140737.49 2121880.11  0.88%   6.0 1545s
 3897376 1504115 2122579.62  164   35 2140737.49 2121885.53  0.88%   6.0 1550s
 3916240 1512415 2139412.79  149   29 2140737.49 2121890.40  0.88%   6.0 1555s
 3935561 1522014     cutoff  200      2140737.49 2121894.45  0.88%   6.0 1560s
 3954927 1531029 2136845.04  158   23 2140737.49 2121899.33  0.88%   6.0 1565s
 3974206 1539844 2122464.33  173   37 2140737.49 2121904.00  0.88%   6.0 1570s
 3992785 1547728 2140214.12  190   22 2140737.49 2121908.76  0.88%   6.0 1575s
 4009523 1554911 2137250.24  166   18 2140737.49 2121912.46  0.88%   6.0 1580s
 4024138 1561628 2130762.20  192   32 2140737.49 2121915.91  0.88%   6.0 1585s
 4041410 1569136     cutoff  180      2140737.49 2121920.06  0.88%   6.0 1590s
 4061201 1577793 2132010.19  168   26 2140737.49 2121924.65  0.88%   6.0 1595s
 4075164 1584027 2124882.02  176   32 2140737.49 2121928.00  0.88%   6.0 1600s
 4089098 1590575 2137947.21  173   28 2140737.49 2121931.20  0.88%   6.0 1605s
 4105315 1598413 2140108.35  190   22 2140737.49 2121934.49  0.88%   6.0 1610s
 4119018 1604450 2135051.00  169   25 2140737.49 2121937.32  0.88%   6.0 1615s
 4133054 1610727 2140511.72  179   20 2140737.49 2121940.52  0.88%   6.0 1620s
 4146173 1616515     cutoff  189      2140737.49 2121943.40  0.88%   5.9 1625s
 4161043 1623215     cutoff  141      2140737.49 2121946.63  0.88%   5.9 1630s
 4174712 1629229     cutoff  171      2140737.49 2121949.42  0.88%   5.9 1635s
 4188019 1635008 infeasible  177      2140737.49 2121952.16  0.88%   5.9 1640s
 4200987 1641047 2132061.05  162   32 2140737.49 2121954.91  0.88%   5.9 1645s
 4214868 1647396 2123142.92  174   36 2140737.49 2121958.11  0.88%   5.9 1650s
 4227888 1653198 2133763.39  154   32 2140737.49 2121960.93  0.88%   5.9 1655s
 4241082 1659374     cutoff  174      2140737.49 2121963.32  0.88%   5.9 1660s
 4254665 1665549     cutoff  168      2140737.49 2121965.73  0.88%   5.9 1665s
 4267848 1671409     cutoff  177      2140737.49 2121968.17  0.88%   5.9 1670s
 4281330 1677573 2140010.18  200   18 2140737.49 2121970.64  0.88%   5.9 1675s
 4294252 1683145 2136854.64  165   18 2140737.49 2121972.85  0.88%   5.9 1680s
 4306910 1688819 infeasible  169      2140737.49 2121975.28  0.88%   5.9 1685s
 4320372 1694729 2125246.21  166   33 2140737.49 2121977.80  0.88%   5.9 1690s
 4333059 1700450 2137198.64  205   32 2140737.49 2121980.35  0.88%   5.9 1695s
 4347069 1706829     cutoff  177      2140737.49 2121982.91  0.88%   5.9 1700s
 4359809 1712197     cutoff  163      2140737.49 2121985.34  0.88%   5.9 1705s
Created node file directory '/home/ps12398/experiment_epec/goalProgrammingMarcos//grbnodes25'
 4369926 1716579     cutoff  167      2140737.49 2121986.82  0.88%   5.9 1710s
 4383429 1719286     cutoff  151      2140737.49 2121987.17  0.88%   5.9 1715s
 4395510 1722409 2136135.73  185   25 2140737.49 2121987.56  0.88%   5.9 1720s
 4407734 1726305     cutoff  183      2140737.49 2121987.77  0.88%   5.9 1725s
 4419034 1730792 2137188.52  167   24 2140737.49 2121988.04  0.88%   5.9 1730s
 4431193 1734861 infeasible  193      2140737.49 2121988.34  0.88%   5.9 1735s
 4442979 1738463     cutoff  181      2140737.49 2121988.63  0.88%   5.9 1740s
 4454787 1741803 2136498.34  169   29 2140737.49 2121988.97  0.88%   5.9 1745s
 4464219 1745509     cutoff  199      2140737.49 2121989.16  0.88%   5.9 1750s
 4475523 1748636     cutoff  179      2140737.49 2121989.42  0.88%   5.9 1755s
 4487380 1753592 2138758.50  166   19 2140737.49 2121989.68  0.88%   5.8 1760s
 4499406 1755558     cutoff  198      2140737.49 2121990.01  0.88%   5.8 1765s
 4511217 1759288 2123799.66  169   36 2140737.49 2121990.30  0.88%   5.8 1770s
 4520247 1762863 2140044.76  180   20 2140737.49 2121990.44  0.88%   5.8 1775s
 4531678 1767288 2140291.10  202   18 2140737.49 2121990.72  0.88%   5.8 1780s
 4543413 1771095 2134544.81  172   24 2140737.49 2121991.02  0.88%   5.8 1785s
 4552096 1774694     cutoff  171      2140737.49 2121991.20  0.88%   5.8 1790s
 4563831 1779890 2140141.19  151   27 2140737.49 2121991.40  0.88%   5.8 1795s
 4574702 1782817 2138964.06  190   18 2140737.49 2121991.75  0.88%   5.8 1800s
 4585671 1786026 2122408.65  139   32 2140737.49 2121991.97  0.88%   5.8 1805s
 4593828 1788031 2137139.69  177   31 2140737.49 2121992.12  0.88%   5.8 1810s
 4605560 1791183     cutoff  165      2140737.49 2121992.46  0.88%   5.8 1815s
 4616292 1793807 2137076.21  166   21 2140737.49 2121992.76  0.88%   5.8 1820s
 4628413 1797036     cutoff  152      2140737.49 2121993.04  0.88%   5.8 1825s
 4639634 1799496 2139590.32  183   28 2140737.49 2121993.29  0.88%   5.8 1830s
 4648399 1802712 2140574.72  178   29 2140737.49 2121993.46  0.88%   5.8 1835s
 4660182 1806629 2140496.95  175   31 2140737.49 2121993.65  0.88%   5.8 1840s
 4671828 1812260     cutoff  172      2140737.49 2121993.85  0.88%   5.8 1845s
 4681321 1815088     cutoff  195      2140737.49 2121994.15  0.88%   5.8 1850s
 4693594 1818482     cutoff  181      2140737.49 2121994.37  0.88%   5.8 1855s
 4705365 1822070 2122904.73  158   34 2140737.49 2121994.68  0.88%   5.8 1860s
 4716460 1826281 2137222.94  159   23 2140737.49 2121994.88  0.88%   5.8 1865s
 4726869 1829243     cutoff  172      2140737.49 2121995.09  0.88%   5.8 1870s
 4738176 1833495 2138143.56  169   20 2140737.49 2121995.30  0.88%   5.8 1875s
 4750811 1837862     cutoff  172      2140737.49 2121995.56  0.88%   5.8 1880s
 4761813 1841827 2138154.15  175   19 2140737.49 2121995.74  0.88%   5.8 1885s
 4772508 1845360 2140284.36  167   20 2140737.49 2121996.01  0.88%   5.8 1890s
 4783594 1849290 2140488.20  170   30 2140737.49 2121996.19  0.88%   5.8 1895s
 4795660 1852918     cutoff  186      2140737.49 2121996.45  0.88%   5.8 1900s
 4803694 1855284 2138224.66  180   20 2140737.49 2121996.63  0.88%   5.8 1905s
 4815195 1858735 2138107.40  173   20 2140737.49 2121996.90  0.88%   5.8 1910s
 4826429 1863536     cutoff  177      2140737.49 2121997.05  0.88%   5.8 1915s
 4838082 1868068 2136231.36  184   20 2140737.49 2121997.32  0.88%   5.8 1920s
 4846443 1869648 2138254.13  166   23 2140737.49 2121997.49  0.88%   5.8 1925s
 4857768 1872862     cutoff  175      2140737.49 2121997.71  0.88%   5.8 1930s
 4869092 1876851 2137036.88  154   20 2140737.49 2121997.91  0.88%   5.8 1935s
 4880444 1878092 2123326.74  156   36 2140737.49 2121998.27  0.88%   5.8 1940s
 4891942 1881987 2140344.33  182   30 2140737.49 2121998.53  0.88%   5.8 1945s
 4900867 1884785 2135554.78  188   31 2140737.49 2121998.73  0.88%   5.8 1950s
 4911992 1887540     cutoff  167      2140737.49 2121998.99  0.88%   5.8 1955s
 4923532 1890872     cutoff  157      2140737.49 2121999.24  0.88%   5.8 1960s
 4934188 1893731 2134869.17  179   32 2140737.49 2121999.47  0.88%   5.8 1965s
 4944064 1897886 2137496.30  181   21 2140737.49 2121999.68  0.88%   5.8 1970s
 4955252 1901809 2131289.82  160   32 2140737.49 2121999.92  0.88%   5.8 1975s
 4966478 1905553 2126341.33  176   35 2140737.49 2122000.28  0.88%   5.8 1980s
 4977956 1908189     cutoff  182      2140737.49 2122000.66  0.88%   5.8 1985s
 4987438 1912051 2137157.69  190   23 2140737.49 2122000.85  0.88%   5.8 1990s
 4998596 1915710 2124455.77  163   35 2140737.49 2122001.08  0.88%   5.8 1995s
 5010012 1919025     cutoff  175      2140737.49 2122001.25  0.88%   5.8 2000s
 5020331 1923412     cutoff  190      2140737.49 2122001.44  0.88%   5.7 2005s
 5031266 1927436 2140412.19  196   19 2140737.49 2122001.59  0.88%   5.7 2010s
 5042937 1932419 2138536.46  199   20 2140737.49 2122001.73  0.88%   5.7 2015s
 5053596 1937077 2140310.05  194   30 2140737.49 2122001.91  0.88%   5.7 2020s
 5064466 1941140     cutoff  180      2140737.49 2122002.09  0.88%   5.7 2025s
 5077156 1944492     cutoff  160      2140737.49 2122002.39  0.88%   5.7 2030s
 5088658 1948926 2137845.38  226   27 2140737.49 2122002.56  0.88%   5.7 2035s
 5100132 1952502 2131765.89  203   32 2140737.49 2122002.76  0.88%   5.7 2040s
 5116675 1956952 2140154.22  167   30 2140737.49 2122003.15  0.88%   5.7 2045s
 5134022 1961505 2140224.94  181   32 2140737.49 2122003.51  0.88%   5.7 2050s
 5143762 1966685 2139596.52  176   22 2140737.49 2122003.71  0.88%   5.7 2055s
 5155930 1970118 2138073.86  173   28 2140737.49 2122003.94  0.88%   5.7 2060s
 5167499 1976559 2140002.80  210   20 2140737.49 2122004.16  0.88%   5.7 2066s
 5176114 1978660 2140685.15  192   31 2140737.49 2122004.37  0.88%   5.7 2070s
 5187296 1981337 2125487.10  167   33 2140737.49 2122004.67  0.88%   5.7 2075s
 5198476 1984024 2138835.70  171   28 2140737.49 2122004.90  0.88%   5.7 2080s
 5210469 1988246 2137858.82  147   24 2140737.49 2122005.10  0.88%   5.7 2085s
 5220035 1990499 2135642.64  178   22 2140737.49 2122005.35  0.88%   5.7 2090s
 5231238 1992553     cutoff  176      2140737.49 2122005.61  0.88%   5.7 2095s
 5244132 1997141 2124427.65  176   34 2140737.49 2122005.88  0.88%   5.7 2100s
 5255728 2000531 2139083.08  169   20 2140737.49 2122006.11  0.87%   5.7 2105s
 5264899 2004689     cutoff  161      2140737.49 2122006.28  0.87%   5.7 2110s
 5276947 2008212 2139591.19  175   21 2140737.49 2122006.46  0.87%   5.7 2115s
 5287753 2010575 2136996.33  187   22 2140737.49 2122006.65  0.87%   5.7 2120s
 5299181 2015797     cutoff  215      2140737.49 2122006.84  0.87%   5.7 2125s
 5308381 2019387     cutoff  177      2140737.49 2122007.02  0.87%   5.7 2130s
 5319843 2021962 2140224.27  175   33 2140737.49 2122007.31  0.87%   5.7 2135s
 5331393 2026541     cutoff  175      2140737.49 2122007.56  0.87%   5.7 2140s
 5342191 2030432 2137219.13  176   22 2140737.49 2122007.69  0.87%   5.7 2145s
 5352121 2033664     cutoff  184      2140737.49 2122007.85  0.87%   5.7 2150s
H5352259 2033663                    2140735.3633 2122007.85  0.87%   5.7 2150s
H5352394 2033658                    2140735.0752 2122007.85  0.87%   5.7 2150s
 5361606 2036496 2122501.73  173   35 2140735.08 2122008.06  0.87%   5.7 2155s
 5374284 2040539 2135432.87  171   35 2140735.08 2122008.34  0.87%   5.7 2160s
 5383827 2045305 2137298.21  179   30 2140735.08 2122008.55  0.87%   5.7 2165s
 5396127 2049815 2140324.48  201   32 2140735.08 2122008.79  0.87%   5.7 2170s
 5407380 2053415     cutoff  190      2140735.08 2122009.04  0.87%   5.7 2175s
 5417808 2058505 2139463.06  176   23 2140735.08 2122009.23  0.87%   5.7 2180s
 5429478 2061675 2137989.79  163   18 2140735.08 2122009.51  0.87%   5.7 2185s
 5441031 2064218 2139994.87  141   20 2140735.08 2122009.79  0.87%   5.7 2190s
 5452862 2068568 2135827.80  175   23 2140735.08 2122010.09  0.87%   5.7 2195s
 5462619 2071319     cutoff  172      2140735.08 2122010.27  0.87%   5.7 2200s
 5474585 2072958 2136206.53  169   32 2140735.08 2122010.49  0.87%   5.7 2205s
 5486374 2076110     cutoff  182      2140735.08 2122010.68  0.87%   5.7 2210s
 5497938 2079681 2140383.52  195   20 2140735.08 2122010.95  0.87%   5.7 2215s
 5510554 2083255 2138730.52  163   20 2140735.08 2122011.25  0.87%   5.7 2221s
 5519875 2086775 2139971.36  179   31 2140735.08 2122011.40  0.87%   5.7 2225s
 5531211 2089479 2140494.91  173   29 2140735.08 2122011.69  0.87%   5.7 2230s
 5543300 2092486 2135255.20  165   24 2140735.08 2122011.96  0.87%   5.7 2235s
 5552982 2097081     cutoff  188      2140735.08 2122012.19  0.87%   5.6 2240s
 5564272 2099485 2140335.78  191   30 2140735.08 2122012.44  0.87%   5.6 2245s
 5576254 2103939 2136460.78  170   22 2140735.08 2122012.69  0.87%   5.6 2250s
 5587625 2107118 2137328.93  200   22 2140735.08 2122012.99  0.87%   5.6 2255s
 5598903 2109842 2140332.90  184   15 2140735.08 2122013.23  0.87%   5.6 2260s
 5608840 2112259     cutoff  153      2140735.08 2122013.49  0.87%   5.6 2265s
 5620513 2115600 2138049.66  190   23 2140735.08 2122013.72  0.87%   5.6 2270s
 5632948 2118601     cutoff  183      2140735.08 2122013.98  0.87%   5.6 2275s
 5644038 2121946 2136767.37  164   22 2140735.08 2122014.17  0.87%   5.6 2280s
 5653451 2124821     cutoff  239      2140735.08 2122014.44  0.87%   5.6 2285s
 5665452 2129249 2136623.43  191   31 2140735.08 2122014.65  0.87%   5.6 2290s
 5677246 2132606     cutoff  173      2140735.08 2122014.97  0.87%   5.6 2295s
 5688828 2136008 2140329.31  173   32 2140735.08 2122015.24  0.87%   5.6 2300s
 5697760 2137907     cutoff  196      2140735.08 2122015.44  0.87%   5.6 2305s
 5709431 2141632     cutoff  182      2140735.08 2122015.72  0.87%   5.6 2310s
 5720485 2145502     cutoff  198      2140735.08 2122015.93  0.87%   5.6 2315s
 5730837 2149706 2139824.64  175   29 2140735.08 2122016.10  0.87%   5.6 2320s
 5741893 2152227     cutoff  172      2140735.08 2122016.38  0.87%   5.6 2325s
 5753927 2155512     cutoff  177      2140735.08 2122016.68  0.87%   5.6 2330s
 5765418 2158683 2139396.25  175   31 2140735.08 2122016.96  0.87%   5.6 2335s
 5777408 2163041 2132429.65  188   32 2140735.08 2122017.20  0.87%   5.6 2340s
 5786988 2166237     cutoff  178      2140735.08 2122017.45  0.87%   5.6 2345s
 5798441 2169625 2134807.11  179   33 2140735.08 2122017.71  0.87%   5.6 2350s
 5810102 2172228     cutoff  179      2140735.08 2122017.99  0.87%   5.6 2355s
 5821708 2174538     cutoff  156      2140735.08 2122018.28  0.87%   5.6 2360s
 5831575 2177681 2140268.13  183   31 2140735.08 2122018.49  0.87%   5.6 2365s
 5843377 2181103 2139297.33  181   17 2140735.08 2122018.78  0.87%   5.6 2370s
 5854606 2183021     cutoff  170      2140735.08 2122018.95  0.87%   5.6 2375s
 5866902 2187267 2137964.84  198   24 2140735.08 2122019.26  0.87%   5.6 2380s
 5878463 2189490     cutoff  186      2140735.08 2122019.58  0.87%   5.6 2385s
 5887939 2191648     cutoff  167      2140735.08 2122019.75  0.87%   5.6 2390s
 5900799 2194352 2125853.37  153   34 2140735.08 2122020.08  0.87%   5.6 2395s
 5916624 2198579 2128272.61  167   30 2140735.08 2122020.46  0.87%   5.6 2400s
 5929797 2202319 2140414.71  191   31 2140735.08 2122020.92  0.87%   5.6 2405s
 5941443 2205676 2139874.11  178   31 2140735.08 2122021.17  0.87%   5.6 2410s
 5953710 2207781 2140237.62  170   32 2140735.08 2122021.41  0.87%   5.6 2415s
 5964238 2210217 infeasible  196      2140735.08 2122021.65  0.87%   5.6 2420s
 5977178 2212928     cutoff  154      2140735.08 2122022.01  0.87%   5.6 2425s
 5991167 2218175 2138355.20  166   34 2140735.08 2122022.25  0.87%   5.6 2430s
 6002825 2221580 2128055.46  172   35 2140735.08 2122022.49  0.87%   5.6 2435s
 6015009 2225452 2140015.77  176   22 2140735.08 2122022.73  0.87%   5.6 2440s
 6027334 2229629     cutoff  201      2140735.08 2122022.91  0.87%   5.6 2445s
 6038110 2232893     cutoff  179      2140735.08 2122023.18  0.87%   5.6 2450s
 6050749 2237883     cutoff  187      2140735.08 2122023.42  0.87%   5.6 2455s
 6062448 2242353     cutoff  248      2140735.08 2122023.58  0.87%   5.6 2460s
 6072953 2244771     cutoff  181      2140735.08 2122023.85  0.87%   5.6 2465s
 6086284 2249124 2138271.32  172   30 2140735.08 2122024.12  0.87%   5.6 2470s
 6097868 2251656 2140112.66  168   31 2140735.08 2122024.39  0.87%   5.6 2475s
 6110215 2254785 2136762.32  182   24 2140735.08 2122024.64  0.87%   5.6 2480s
 6122802 2257364     cutoff  165      2140735.08 2122024.91  0.87%   5.6 2485s
 6132193 2259087     cutoff  165      2140735.08 2122025.18  0.87%   5.6 2490s
 6144121 2264493     cutoff  180      2140735.08 2122025.37  0.87%   5.6 2495s
 6156365 2268343 2135139.65  169   24 2140735.08 2122025.60  0.87%   5.6 2500s
 6166609 2271728     cutoff  170      2140735.08 2122025.89  0.87%   5.6 2505s
 6178346 2276111 2137803.06  195   23 2140735.08 2122026.13  0.87%   5.6 2510s
 6190593 2278022     cutoff  195      2140735.08 2122026.43  0.87%   5.5 2515s
 6202191 2282532 2139028.02  213   33 2140735.08 2122026.67  0.87%   5.5 2520s
 6214105 2285283 2140454.29  188   11 2140735.08 2122026.99  0.87%   5.5 2525s
 6225096 2288673     cutoff  170      2140735.08 2122027.16  0.87%   5.5 2530s
 6237362 2293067     cutoff  236      2140735.08 2122027.35  0.87%   5.5 2535s
 6249142 2297137     cutoff  170      2140735.08 2122027.58  0.87%   5.5 2540s
 6259361 2300809 2126890.93  175   34 2140735.08 2122027.75  0.87%   5.5 2545s
 6271288 2304227 2137970.22  174   33 2140735.08 2122028.02  0.87%   5.5 2550s
 6283334 2308977     cutoff  145      2140735.08 2122028.26  0.87%   5.5 2555s
 6293151 2312086 2140271.40  194   31 2140735.08 2122028.40  0.87%   5.5 2560s
 6304583 2315376     cutoff  189      2140735.08 2122028.72  0.87%   5.5 2565s
 6316242 2319152     cutoff  162      2140735.08 2122028.98  0.87%   5.5 2570s
 6327975 2322310 2134127.07  151   30 2140735.08 2122029.28  0.87%   5.5 2575s
 6337442 2326040 2136968.26  163   21 2140735.08 2122029.42  0.87%   5.5 2580s
 6348498 2328749     cutoff  175      2140735.08 2122029.67  0.87%   5.5 2585s
 6360623 2333389     cutoff  173      2140735.08 2122029.99  0.87%   5.5 2590s
 6373345 2337254 2139762.85  210   21 2140735.08 2122030.16  0.87%   5.5 2595s
 6383538 2340972     cutoff  181      2140735.08 2122030.36  0.87%   5.5 2600s
 6394922 2343594 2136532.32  173   21 2140735.08 2122030.63  0.87%   5.5 2605s
 6406439 2346901 2138536.75  204   31 2140735.08 2122030.86  0.87%   5.5 2610s
 6418176 2350599 2140065.16  196   28 2140735.08 2122031.12  0.87%   5.5 2615s
 6427976 2352236 2138720.41  172   35 2140735.08 2122031.32  0.87%   5.5 2620s
 6437994 2355454 2140649.58  177   34 2140735.08 2122031.49  0.87%   5.5 2625s
 6449374 2359129     cutoff  182      2140735.08 2122031.75  0.87%   5.5 2630s
 6460708 2364502 2137415.40  160   33 2140735.08 2122031.99  0.87%   5.5 2635s
 6469804 2367111 2138808.99  187   23 2140735.08 2122032.18  0.87%   5.5 2640s
 6481039 2371404     cutoff  172      2140735.08 2122032.38  0.87%   5.5 2645s
 6492228 2374778 2134782.95  165   21 2140735.08 2122032.60  0.87%   5.5 2650s
 6503425 2376976 2131953.00  169   31 2140735.08 2122032.88  0.87%   5.5 2655s
 6512239 2378982     cutoff  191      2140735.08 2122033.15  0.87%   5.5 2660s
 6523673 2382556 2138650.74  167   33 2140735.08 2122033.39  0.87%   5.5 2665s
 6535191 2387488     cutoff  178      2140735.08 2122033.69  0.87%   5.5 2670s
 6547046 2390977     cutoff  185      2140735.08 2122033.89  0.87%   5.5 2675s
 6555852 2394061     cutoff  186      2140735.08 2122034.05  0.87%   5.5 2680s
 6567499 2396586     cutoff  187      2140735.08 2122034.33  0.87%   5.5 2685s
 6578582 2399617 2140323.91  189   17 2140735.08 2122034.68  0.87%   5.5 2690s
 6589823 2401842 2140000.58  179   30 2140735.08 2122034.94  0.87%   5.5 2695s
 6601075 2404613     cutoff  159      2140735.08 2122035.15  0.87%   5.5 2700s
 6610681 2407826     cutoff  194      2140735.08 2122035.34  0.87%   5.5 2705s
 6622898 2412262 2133802.29  163   24 2140735.08 2122035.58  0.87%   5.5 2710s
 6635142 2415839 2138097.66  184   22 2140735.08 2122035.82  0.87%   5.5 2715s
 6647122 2419658     cutoff  203      2140735.08 2122036.06  0.87%   5.5 2720s
 6657601 2424013 2135396.53  174   23 2140735.08 2122036.29  0.87%   5.5 2725s
 6670782 2428895 2140301.92  165   21 2140735.08 2122036.59  0.87%   5.5 2730s
 6685437 2434049 2134307.94  160   36 2140735.08 2122036.85  0.87%   5.5 2735s
 6696783 2437544     cutoff  156      2140735.08 2122037.10  0.87%   5.5 2740s
 6709220 2439982     cutoff  164      2140735.08 2122037.40  0.87%   5.5 2745s
 6722554 2443296 2137314.85  168   25 2140735.08 2122037.73  0.87%   5.5 2750s
 6735232 2447081 2136199.29  178   26 2140735.08 2122038.00  0.87%   5.5 2755s
 6744884 2450998 2140233.27  189   18 2140735.08 2122038.17  0.87%   5.5 2760s
 6757574 2452765     cutoff  191      2140735.08 2122038.50  0.87%   5.5 2765s
 6769433 2455671     cutoff  160      2140735.08 2122038.76  0.87%   5.5 2770s
 6781176 2459553 2136150.33  159   21 2140735.08 2122038.91  0.87%   5.5 2775s
 6790479 2462909 2122967.09  171   35 2140735.08 2122039.08  0.87%   5.5 2780s
 6806389 2465821 2132784.92  159   33 2140735.08 2122039.49  0.87%   5.5 2785s
H6808919 2467530                    2140598.7290 2122039.49  0.87%   5.5 2786s
 6818059 2469996     cutoff  194      2140598.73 2122039.69  0.87%   5.5 2790s
H6821757 2471218                    2140592.2806 2122039.74  0.87%   5.5 2791s
 6829504 2474084     cutoff  149      2140592.28 2122039.86  0.87%   5.5 2795s
 6840594 2476751     cutoff  180      2140592.28 2122040.14  0.87%   5.5 2800s
 6853365 2480608 2137631.51  168   23 2140592.28 2122040.34  0.87%   5.5 2805s
 6866409 2483557     cutoff  166      2140592.28 2122040.64  0.87%   5.5 2810s
 6878482 2487535     cutoff  183      2140592.28 2122040.90  0.87%   5.5 2815s
 6888398 2490200 2137831.71  173   31 2140592.28 2122041.10  0.87%   5.4 2820s
 6899484 2493307     cutoff  167      2140592.28 2122041.35  0.87%   5.4 2825s
 6912398 2495948     cutoff  162      2140592.28 2122041.66  0.87%   5.4 2830s
 6924134 2500021     cutoff  179      2140592.28 2122041.84  0.87%   5.4 2835s
 6933720 2503540 2139935.35  202   18 2140592.28 2122042.01  0.87%   5.4 2840s
 6945080 2506539 2139317.51  184   28 2140592.28 2122042.23  0.87%   5.4 2845s
 6957138 2511045 2138467.50  178   21 2140592.28 2122042.40  0.87%   5.4 2850s
 6968919 2515020 2138389.49  175   28 2140592.28 2122042.64  0.87%   5.4 2855s
 6979074 2519094 2134844.47  168   31 2140592.28 2122042.82  0.87%   5.4 2860s
 6990915 2522067 2123276.45  156   37 2140592.28 2122043.14  0.87%   5.4 2865s
 7003477 2526049     cutoff  177      2140592.28 2122043.39  0.87%   5.4 2870s
 7013581 2529483 2137428.70  180   20 2140592.28 2122043.53  0.87%   5.4 2875s
 7026020 2533368 2136756.05  163   31 2140592.28 2122043.73  0.87%   5.4 2880s
 7038093 2536500 2139878.14  204   24 2140592.28 2122043.93  0.87%   5.4 2885s
 7049927 2538964     cutoff  172      2140592.28 2122044.23  0.87%   5.4 2890s
 7061030 2542262 2136144.65  175   23 2140592.28 2122044.48  0.87%   5.4 2895s
 7071712 2544945 infeasible  172      2140592.28 2122044.72  0.87%   5.4 2900s
 7083360 2547821 2139840.31  168   28 2140592.28 2122044.91  0.87%   5.4 2905s
 7095106 2552292     cutoff  190      2140592.28 2122045.07  0.87%   5.4 2910s
 7106267 2555314     cutoff  178      2140592.28 2122045.28  0.87%   5.4 2915s
 7115432 2557503     cutoff  182      2140592.28 2122045.47  0.87%   5.4 2920s
 7127676 2561378 2137398.91  170   21 2140592.28 2122045.67  0.87%   5.4 2925s
 7139696 2564550     cutoff  177      2140592.28 2122045.94  0.87%   5.4 2930s
 7151774 2567818 2137705.20  184   21 2140592.28 2122046.23  0.87%   5.4 2935s
 7161938 2570599     cutoff  218      2140592.28 2122046.42  0.87%   5.4 2940s
 7174727 2576395 2139529.02  165   19 2140592.28 2122046.66  0.87%   5.4 2945s
 7187836 2579414 2123938.68  169   31 2140592.28 2122047.01  0.87%   5.4 2950s
 7198966 2583393 2136992.38  163   24 2140592.28 2122047.20  0.87%   5.4 2955s
 7210933 2585623 2140480.16  180   31 2140592.28 2122047.44  0.87%   5.4 2960s
 7223122 2591820     cutoff  200      2140592.28 2122047.59  0.87%   5.4 2965s
 7235018 2595284 2140198.79  159   29 2140592.28 2122047.85  0.87%   5.4 2970s
 7245631 2598828     cutoff  174      2140592.28 2122048.15  0.87%   5.4 2975s
 7257860 2603467     cutoff  184      2140592.28 2122048.33  0.87%   5.4 2980s
 7269562 2606499     cutoff  175      2140592.28 2122048.57  0.87%   5.4 2985s
 7281739 2609697     cutoff  175      2140592.28 2122048.78  0.87%   5.4 2990s
 7290966 2611915     cutoff  156      2140592.28 2122049.00  0.87%   5.4 2995s
 7302750 2615439     cutoff  175      2140592.28 2122049.23  0.87%   5.4 3000s
 7314460 2617418 2137992.65  169   20 2140592.28 2122049.50  0.87%   5.4 3005s

Gurobi 11.0.3 (linux64, Java) logging started sáb 14 dez 2024 21:14:41 -03

Set parameter Username
Academic license - for non-commercial use only - expires 2025-10-10
Set parameter NonConvex to value 2
Set parameter TimeLimit to value 3600
Set parameter LogToConsole to value 0
Set parameter MIPGap to value 2.3060879868461677e-07
Set parameter Threads to value 2
Set parameter NodefileDir to value "/home/ps12398/experiment_epec/goalProgrammingMarcos/"
Set parameter NodefileStart to value 1
Gurobi Optimizer version 11.0.3 build v11.0.3rc0 (linux64)

CPU model: Intel(R) Xeon(R) CPU           X5650  @ 2.67GHz, instruction set [SSE2]
Thread count: 12 physical cores, 24 logical processors, using up to 2 threads

Optimize a model with 8150 rows, 5573 columns and 26647 nonzeros
Model fingerprint: 0xde01cc85
Model has 57 quadratic constraints
Variable types: 2762 continuous, 2811 integer (52 binary)
Coefficient statistics:
  Matrix range     [2e-02, 8e+05]
  QMatrix range    [2e-02, 3e+04]
  QLMatrix range   [1e+00, 3e+04]
  Objective range  [1e+00, 9e+06]
  Bounds range     [1e+00, 1e+08]
  RHS range        [1e+00, 3e+05]
  QRHS range       [3e-03, 3e-03]
Presolve removed 8121 rows and 5528 columns
Presolve time: 0.05s
Presolved: 102 rows, 69 columns, 518 nonzeros
Presolved model has 24 bilinear constraint(s)

Solving non-convex MIQCP

Variable types: 51 continuous, 18 integer (0 binary)
Found heuristic solution: objective 2475748.5283

Root relaxation: objective 1.950361e+06, 39 iterations, 0.00 seconds (0.00 work units)

    Nodes    |    Current Node    |     Objective Bounds      |     Work
 Expl Unexpl |  Obj  Depth IntInf | Incumbent    BestBd   Gap | It/Node Time

     0     0 1950360.69    0   39 2475748.53 1950360.69  21.2%     -    0s
H    0     0                    2367603.4943 1950360.69  17.6%     -    0s
H    0     0                    2342455.2294 1950360.69  16.7%     -    0s
     0     0 1985948.79    0   39 2342455.23 1985948.79  15.2%     -    0s
H    0     0                    2240850.2713 1985948.79  11.4%     -    0s
     0     0 2026833.12    0   39 2240850.27 2026833.12  9.55%     -    0s
H    0     0                    2212059.9298 2026833.12  8.37%     -    0s
     0     0 2027189.51    0   39 2212059.93 2027189.51  8.36%     -    0s
H    0     0                    2189145.3201 2027189.51  7.40%     -    0s
     0     0 2028873.25    0   39 2189145.32 2028873.25  7.32%     -    0s
     0     2 2028873.25    0   39 2189145.32 2028873.25  7.32%     -    0s
H   21    24                    2179707.4682 2028882.43  6.92%   1.8    0s
H 1665  1714                    2169741.8610 2028882.43  6.49%   3.3    0s
H 1750  1901                    2162498.0733 2028882.43  6.18%   3.3    0s
H 1944  2091                    2156308.2157 2028894.06  5.91%   3.5    0s
H 2623  2564                    2153473.9707 2028894.06  5.79%   3.9    0s
H 7861  4934                    2144323.4091 2102090.55  1.97%   4.1    3s
H 8156  4926                    2144310.3979 2102090.55  1.97%   4.0    3s
H 9122  5400                    2144220.1026 2102136.18  1.96%   4.0    4s
* 9301  5434             420    2144193.1065 2102144.83  1.96%   4.0    4s
H 9484  5435                    2144192.7205 2102144.83  1.96%   4.0    4s
 11922  7201 2141972.64  180   28 2144192.72 2102365.95  1.95%   4.0    5s
H11935  7034                    2143375.8766 2102365.95  1.91%   4.0    5s
H12189  7115                    2143369.8068 2102376.76  1.91%   4.0    5s
H14195  8011                    2143356.0786 2102807.00  1.89%   4.4    5s
H14789  8076                    2142940.2708 2102840.72  1.87%   4.4    6s
H16172  8854                    2142878.0656 2103223.25  1.85%   4.6    6s
 26317 14294 2133681.21  131   35 2142878.07 2105239.18  1.76%   5.1   10s
 38200 19850 2122705.98  137   36 2142878.07 2106202.40  1.71%   5.5   15s
 50507 24243 2118603.42  140   36 2142878.07 2106780.66  1.68%   6.0   20s
 62386 28652     cutoff  143      2142878.07 2107078.03  1.67%   6.3   25s
 73878 33198     cutoff  148      2142878.07 2107297.99  1.66%   6.5   30s
 84936 37083 2126729.74  144   34 2142878.07 2107513.46  1.65%   6.6   35s
 96297 41216 2139551.75  151   31 2142878.07 2107723.48  1.64%   6.8   40s
 107359 45412 2137382.52  161   31 2142878.07 2107900.05  1.63%   6.9   45s
 118229 49159 2133588.92  147   31 2142878.07 2108069.36  1.62%   6.9   50s
 129385 53125 2138019.76  141   29 2142878.07 2108231.38  1.62%   7.0   55s
 140820 57093 2138043.57  170   32 2142878.07 2108394.10  1.61%   7.0   60s
 151845 61068     cutoff  202      2142878.07 2108546.67  1.60%   7.1   65s
 162862 64738 2137619.55  160   31 2142878.07 2108677.02  1.60%   7.1   70s
 174184 69113     cutoff  149      2142878.07 2108801.54  1.59%   7.1   75s
 185151 72955 2114942.71  169   33 2142878.07 2108922.02  1.58%   7.1   80s
 196854 77302     cutoff  179      2142878.07 2109038.20  1.58%   7.1   85s
 208196 81542 2141345.62  165   30 2142878.07 2109153.93  1.57%   7.1   90s
 219521 85843     cutoff  154      2142878.07 2109252.04  1.57%   7.1   95s
 230920 89905     cutoff  174      2142878.07 2109355.07  1.56%   7.1  100s
 242182 94326 2135044.65  144   28 2142878.07 2109438.11  1.56%   7.1  105s
 254076 98556 2136129.59  147   28 2142878.07 2109533.42  1.56%   7.1  110s
 265409 102941 2141637.08  148   30 2142878.07 2109614.63  1.55%   7.1  115s
 277111 107260 2124149.45  140   31 2142878.07 2109699.86  1.55%   7.1  120s
 289013 111559 2128667.95  163   32 2142878.07 2109792.19  1.54%   7.1  125s
 300330 115309 2123509.66  146   35 2142878.07 2109873.57  1.54%   7.1  130s
 311834 119558     cutoff  147      2142878.07 2109955.06  1.54%   7.1  135s
 323119 123596 2139560.60  142   30 2142878.07 2110028.11  1.53%   7.1  140s
 334914 127772 2122854.27  141   33 2142878.07 2110109.73  1.53%   7.1  145s
 346396 131126 2123964.82  174   35 2142878.07 2110183.67  1.53%   7.1  150s
 357979 135754 2135891.06  146   30 2142878.07 2110248.25  1.52%   7.1  155s
 369572 140156     cutoff  180      2142878.07 2110321.02  1.52%   7.1  160s
 381643 144763 2132228.79  146   33 2142878.07 2110389.55  1.52%   7.0  165s
H392379 145776                    2141944.0914 2110457.04  1.47%   7.0  169s
 393086 146097 2138108.12  179   31 2141944.09 2110464.12  1.47%   7.0  170s
H395444 147026                    2141943.6683 2110482.50  1.47%   7.0  171s
H396406 147279                    2141943.6425 2110489.21  1.47%   7.0  171s
H403532 149205                    2141894.6417 2110530.46  1.46%   7.0  174s
 403977 149451     cutoff  175      2141894.64 2110534.16  1.46%   7.0  175s
 415036 152858     cutoff  166      2141894.64 2110596.22  1.46%   7.0  180s
 426652 156714 2137141.37  148   32 2141894.64 2110667.86  1.46%   7.0  185s
 438407 160713 2140634.17  159   31 2141894.64 2110737.36  1.45%   7.1  190s
 449382 164226 2134891.10  145   30 2141894.64 2110808.53  1.45%   7.1  195s
 460469 167275     cutoff  160      2141894.64 2110867.68  1.45%   7.1  200s
 471825 171022     cutoff  144      2141894.64 2110938.55  1.45%   7.1  205s
 483296 174635     cutoff  153      2141894.64 2111000.69  1.44%   7.1  210s
 494274 177696 2134326.77  176   31 2141894.64 2111068.76  1.44%   7.1  215s
 505733 181366     cutoff  156      2141894.64 2111132.73  1.44%   7.1  220s
 516971 184617 2132798.52  162   33 2141894.64 2111206.56  1.43%   7.1  225s
 528044 187636 2125263.50  142   33 2141894.64 2111274.97  1.43%   7.1  230s
 540001 191285     cutoff  155      2141894.64 2111344.34  1.43%   7.1  235s
 550961 194377     cutoff  143      2141894.64 2111410.83  1.42%   7.1  240s
 562391 197678 2135803.30  148   32 2141894.64 2111490.67  1.42%   7.1  245s
 573921 201089 2136062.95  152   29 2141894.64 2111570.29  1.42%   7.1  250s
 585001 204366 2121053.32  143   30 2141894.64 2111650.50  1.41%   7.1  255s
 596250 207575 2116655.25  148   31 2141894.64 2111727.85  1.41%   7.1  260s
 607800 210798     cutoff  146      2141894.64 2111809.86  1.40%   7.1  265s
 618633 213879 2132152.18  146   27 2141894.64 2111875.31  1.40%   7.1  270s
 629777 217309 2132722.34  144   31 2141894.64 2111951.40  1.40%   7.1  275s
 640755 220404     cutoff  146      2141894.64 2112029.38  1.39%   7.1  280s
 651888 223282 2124908.94  142   32 2141894.64 2112102.85  1.39%   7.1  285s
 663377 226469     cutoff  135      2141894.64 2112169.87  1.39%   7.1  290s
 674727 230070 2133416.93  141   33 2141894.64 2112239.89  1.38%   7.1  295s
 686214 233647 2130789.29  149   33 2141894.64 2112320.11  1.38%   7.1  300s
 697551 236932 2135056.38  147   33 2141894.64 2112400.54  1.38%   7.1  305s
 708667 239789 2140325.63  186   30 2141894.64 2112477.19  1.37%   7.1  310s
 719800 242881     cutoff  157      2141894.64 2112546.32  1.37%   7.1  315s
 731059 245851 2136595.67  141   29 2141894.64 2112628.83  1.37%   7.1  320s
 742390 248894 2140459.25  152   27 2141894.64 2112711.51  1.36%   7.1  325s
 753388 251994 2133503.44  157   31 2141894.64 2112788.45  1.36%   7.1  330s
 764795 255125     cutoff  143      2141894.64 2112871.92  1.36%   7.1  335s
 776044 258207     cutoff  154      2141894.64 2112955.46  1.35%   7.1  340s
 786996 261064 2123090.75  146   33 2141894.64 2113043.70  1.35%   7.1  345s
 798195 264435 2133982.80  154   31 2141894.64 2113120.27  1.34%   7.1  350s
 809336 267368 2113487.18  174   33 2141894.64 2113204.92  1.34%   7.1  355s
H810977 267710                    2141893.9972 2113217.84  1.34%   7.1  355s
 819836 269872 2117554.20  146   30 2141894.00 2113282.81  1.34%   7.1  360s
 831817 272907     cutoff  149      2141894.00 2113371.18  1.33%   7.1  365s
 842584 276070     cutoff  146      2141894.00 2113444.56  1.33%   7.1  370s
 854525 279457 2135784.57  154   30 2141894.00 2113531.57  1.32%   7.1  375s
 865833 282965 2141496.70  146   29 2141894.00 2113614.65  1.32%   7.1  380s
 876846 285770 2116778.66  182   36 2141894.00 2113702.71  1.32%   7.1  385s
 887846 288855 2139740.69  155   30 2141894.00 2113784.84  1.31%   7.1  390s
 899524 292157     cutoff  147      2141894.00 2113875.15  1.31%   7.1  395s
 910698 295747 2122042.52  140   32 2141894.00 2113954.50  1.30%   7.1  400s
 921645 298829     cutoff  143      2141894.00 2114038.68  1.30%   7.1  405s
 933283 303059 2136424.05  154   32 2141894.00 2114122.67  1.30%   7.1  410s
 944437 306008 2141486.94  151   32 2141894.00 2114218.09  1.29%   7.1  415s
 955783 309247     cutoff  152      2141894.00 2114310.87  1.29%   7.1  420s
 966943 312451 2138679.09  144   33 2141894.00 2114390.17  1.28%   7.1  425s
 978100 315526 2126525.57  150   33 2141894.00 2114462.86  1.28%   7.1  430s
 989514 318630     cutoff  165      2141894.00 2114543.78  1.28%   7.1  435s
 1000479 321571 2132190.88  193   32 2141894.00 2114616.46  1.27%   7.1  440s
 1011772 324673     cutoff  163      2141894.00 2114701.21  1.27%   7.1  445s
 1022801 327620 2135663.53  142   30 2141894.00 2114785.70  1.27%   7.1  450s
 1033972 330286     cutoff  173      2141894.00 2114868.63  1.26%   7.1  455s
 1044817 333088 2136887.66  135   32 2141894.00 2114942.07  1.26%   7.1  460s
 1055911 336250 2132224.69  138   32 2141894.00 2115018.05  1.25%   7.1  465s
 1066722 339200 2137127.55  153   32 2141894.00 2115084.28  1.25%   7.1  470s
 1077981 342468 2132853.51  143   30 2141894.00 2115160.07  1.25%   7.1  475s
 1089338 345366     cutoff  143      2141894.00 2115236.84  1.24%   7.1  480s
 1100360 347982 2133704.28  140   32 2141894.00 2115318.31  1.24%   7.1  485s
 1111360 350604 2139272.70  187   30 2141894.00 2115394.62  1.24%   7.1  490s
 1122629 353521     cutoff  141      2141894.00 2115472.68  1.23%   7.1  495s
 1133674 356395 2136537.38  144   31 2141894.00 2115551.16  1.23%   7.1  500s
 1144226 359039     cutoff  152      2141894.00 2115640.13  1.23%   7.1  505s
 1155794 362214     cutoff  188      2141894.00 2115722.37  1.22%   7.1  510s
 1166743 364982     cutoff  166      2141894.00 2115804.60  1.22%   7.1  515s
 1177979 367762     cutoff  151      2141894.00 2115888.95  1.21%   7.1  520s
 1189240 370627     cutoff  191      2141894.00 2115966.16  1.21%   7.1  525s
 1200619 373491     cutoff  147      2141894.00 2116044.47  1.21%   7.1  530s
 1211091 376177 2138489.19  142   28 2141894.00 2116118.08  1.20%   7.1  535s
 1222439 378843     cutoff  156      2141894.00 2116198.32  1.20%   7.1  540s
 1234200 383180 2130459.28  167   32 2141894.00 2116268.79  1.20%   7.1  545s
 1244995 385890 2118683.07  146   34 2141894.00 2116356.39  1.19%   7.1  550s
 1256544 388893     cutoff  187      2141894.00 2116431.83  1.19%   7.1  555s
 1267382 391394     cutoff  132      2141894.00 2116502.60  1.19%   7.1  560s
 1278530 394315     cutoff  152      2141894.00 2116571.38  1.18%   7.1  565s
 1290112 397555 2128252.48  142   34 2141894.00 2116640.32  1.18%   7.1  570s
 1301191 400192 2136758.37  145   28 2141894.00 2116708.18  1.18%   7.1  575s
 1312468 403168 2121949.04  140   32 2141894.00 2116764.99  1.17%   7.1  580s
 1324042 406256 2125628.03  143   32 2141894.00 2116829.74  1.17%   7.1  585s
 1335255 408937     cutoff  171      2141894.00 2116894.74  1.17%   7.2  590s
 1346357 412084 2141608.61  154   31 2141894.00 2116961.33  1.16%   7.2  595s
 1357053 414811 2135883.48  155   31 2141894.00 2117026.90  1.16%   7.2  600s
 1368625 417721     cutoff  138      2141894.00 2117101.15  1.16%   7.2  605s
 1379988 420660 2137686.18  153   29 2141894.00 2117157.14  1.15%   7.2  610s
 1391203 423723 2135583.16  174   30 2141894.00 2117221.56  1.15%   7.2  615s
 1402113 426297 2141464.73  158   30 2141894.00 2117283.97  1.15%   7.2  620s
 1413675 429235 2136267.09  159   28 2141894.00 2117350.13  1.15%   7.2  625s
 1424763 432552 2139687.85  159   30 2141894.00 2117411.32  1.14%   7.2  630s
 1436410 435352 2134416.02  143   32 2141894.00 2117478.76  1.14%   7.2  635s
 1447356 437938     cutoff  144      2141894.00 2117540.64  1.14%   7.2  640s
H1451857 438255                    2141786.9399 2117562.97  1.13%   7.2  642s
H1451954 438253                    2141786.6258 2117562.97  1.13%   7.2  642s
*1452019 438204             432    2141781.3790 2117562.97  1.13%   7.2  642s
H1452116 438268                    2141781.3255 2117563.14  1.13%   7.2  642s
H1452416 438357                    2141781.2843 2117564.29  1.13%   7.2  642s
 1457317 439530 2124307.97  155   33 2141781.28 2117586.81  1.13%   7.2  645s
 1469279 443692 2129654.51  284   27 2141781.28 2117643.18  1.13%   7.2  650s
 1480966 446274 2138229.09  144   30 2141781.28 2117712.10  1.12%   7.2  655s
 1492214 448852 2140658.21  170   31 2141781.28 2117776.45  1.12%   7.2  660s
 1503714 451603 2139172.11  162   31 2141781.28 2117848.01  1.12%   7.2  665s
 1516340 454744 infeasible  146      2141781.28 2117920.12  1.11%   7.2  670s
 1527275 457681 2132964.95  185   27 2141781.28 2117983.79  1.11%   7.2  675s
 1538571 460705     cutoff  147      2141781.28 2118047.01  1.11%   7.2  680s
 1550350 463513     cutoff  154      2141781.28 2118116.22  1.10%   7.2  685s
 1561697 466605 2134773.92  148   31 2141781.28 2118173.85  1.10%   7.2  690s
 1573883 469914     cutoff  141      2141781.28 2118235.05  1.10%   7.2  695s
 1585050 472690 2140206.38  158   32 2141781.28 2118290.06  1.10%   7.2  700s
 1597024 476408 2137771.65  144   30 2141781.28 2118344.29  1.09%   7.2  705s
 1608479 479384 2124284.28  136   34 2141781.28 2118393.38  1.09%   7.2  710s
 1620321 482434     cutoff  143      2141781.28 2118454.83  1.09%   7.2  715s
 1631635 485404     cutoff  148      2141781.28 2118510.92  1.09%   7.2  720s
 1643836 489534     cutoff  140      2141781.28 2118560.86  1.08%   7.2  725s
 1655688 493257 2137135.30  153   29 2141781.28 2118613.35  1.08%   7.2  730s
 1667768 497615 2136980.29  151   29 2141781.28 2118665.40  1.08%   7.2  735s
 1680126 501158 2137734.87  146   21 2141781.28 2118727.54  1.08%   7.2  740s
 1691737 504696 2140847.40  145   30 2141781.28 2118784.97  1.07%   7.2  745s
 1703574 508568 2131724.16  149   31 2141781.28 2118836.98  1.07%   7.1  750s
 1716318 514204 2128240.49  174   31 2141781.28 2118882.22  1.07%   7.1  755s
 1728279 518373 2136751.61  199   27 2141781.28 2118936.27  1.07%   7.1  760s
 1740966 522727     cutoff  171      2141781.28 2118995.94  1.06%   7.1  765s
H1749342 524642                    2141724.8881 2119037.33  1.06%   7.1  768s
H1750925 525059                    2141724.8472 2119044.83  1.06%   7.1  769s
 1751787 525249 2121539.97  142   35 2141724.85 2119049.54  1.06%   7.1  770s
H1760360 525903                    2141536.1980 2119086.86  1.05%   7.1  773s
 1763568 527346 2136133.94  163   31 2141536.20 2119097.38  1.05%   7.1  775s
H1768126 528654                    2141519.2598 2119117.09  1.05%   7.1  776s
H1768389 528624                    2141513.7407 2119118.10  1.05%   7.1  777s
H1769251 528775                    2141510.6850 2119122.73  1.05%   7.1  777s
 1775368 530937 2139449.60  151   29 2141510.68 2119147.55  1.04%   7.1  780s
H1777171 531362                    2141489.4440 2119153.32  1.04%   7.1  780s
 1788625 535251 2138880.86  157   31 2141489.44 2119204.32  1.04%   7.1  785s
 1800972 538818 2137560.43  149   29 2141489.44 2119263.34  1.04%   7.1  790s
 1813713 543340 2129241.86  136   32 2141489.44 2119316.25  1.04%   7.1  795s
 1826917 548060 2139050.59  172   28 2141489.44 2119369.43  1.03%   7.1  800s
 1839214 551966 2124148.18  148   33 2141489.44 2119423.70  1.03%   7.1  805s
 1850905 555825 2130897.64  150   30 2141489.44 2119482.93  1.03%   7.1  810s
 1863136 560523     cutoff  157      2141489.44 2119529.22  1.03%   7.1  815s
 1875746 565541 2129272.37  150   31 2141489.44 2119573.82  1.02%   7.1  820s
 1889886 570545     cutoff  147      2141489.44 2119632.16  1.02%   7.1  825s
 1902359 574833 2136253.00  142   32 2141489.44 2119684.34  1.02%   7.1  830s
 1914735 578788 2136884.10  141   32 2141489.44 2119733.38  1.02%   7.1  835s
 1928839 583968 2126808.81  141   32 2141489.44 2119787.24  1.01%   7.1  840s
 1941420 588189     cutoff  158      2141489.44 2119834.44  1.01%   7.1  845s
 1956121 593584     cutoff  146      2141489.44 2119884.03  1.01%   7.1  850s
H1964221 596075                    2141487.5478 2119914.48  1.01%   7.1  853s
 1968196 597774 2126624.91  152   35 2141487.55 2119930.69  1.01%   7.1  855s
 1981224 602393 2139565.20  145   30 2141487.55 2119975.12  1.00%   7.1  860s
H1982684 602789                    2141482.7573 2119978.98  1.00%   7.1  860s
H1983863 603064                    2141475.3662 2119982.99  1.00%   7.1  860s
H1985288 603433                    2141469.3780 2119988.80  1.00%   7.1  861s
H1987279 602092                    2141310.4809 2119993.92  1.00%   7.1  862s
H1988134 602450                    2141308.9767 2119995.27  1.00%   7.0  862s
 1994367 604698 2140052.37  191   31 2141308.98 2120015.48  0.99%   7.0  865s
 2007323 609513     cutoff  144      2141308.98 2120060.29  0.99%   7.0  870s
 2023847 616336 2138642.02  161   29 2141308.98 2120109.66  0.99%   7.0  875s
 2037718 621478     cutoff  146      2141308.98 2120152.29  0.99%   7.0  880s
 2050352 626612 2136071.64  141   31 2141308.98 2120189.62  0.99%   7.0  885s
 2063084 631674 2137375.71  152   29 2141308.98 2120226.65  0.98%   7.0  890s
H2071439 635177                    2141290.7957 2120249.08  0.98%   7.0  892s
H2076175 637125                    2141290.3001 2120258.27  0.98%   7.0  893s
H2076329 636720                    2141255.9988 2120258.74  0.98%   7.0  893s
 2081184 638776 2140308.97  181   29 2141256.00 2120271.67  0.98%   7.0  895s
 2096484 644686 2136499.25  153   29 2141256.00 2120314.15  0.98%   7.0  900s
 2109692 649920 2128103.48  174   31 2141256.00 2120350.82  0.98%   7.0  905s
 2122990 655496     cutoff  156      2141256.00 2120386.54  0.97%   7.0  910s
 2135787 660605 2124747.62  146   35 2141256.00 2120421.84  0.97%   7.0  915s
 2148459 666102 2132422.94  159   22 2141256.00 2120447.37  0.97%   7.0  920s
 2161611 671353 2125622.68  156   36 2141256.00 2120481.20  0.97%   7.0  925s
 2175114 677498     cutoff  152      2141256.00 2120506.58  0.97%   7.0  930s
 2188036 683153     cutoff  150      2141256.00 2120536.20  0.97%   6.9  935s
 2201134 688411 2128688.63  149   31 2141256.00 2120566.18  0.97%   6.9  940s
 2214756 693929 2140429.76  144   31 2141256.00 2120597.81  0.96%   6.9  945s
*2220486 694128             260    2141128.6425 2120611.93  0.96%   6.9  947s
H2220542 694050                    2141118.9751 2120611.93  0.96%   6.9  947s
 2226415 696573 2141105.85  176   31 2141118.98 2120624.54  0.96%   6.9  950s
H2233542 699112                    2141100.7830 2120640.04  0.96%   6.9  952s
H2233770 698781                    2141080.0966 2120640.62  0.95%   6.9  953s
H2233849 698604                    2141062.6789 2120640.92  0.95%   6.9  953s
H2234178 698685                    2141062.2473 2120641.52  0.95%   6.9  953s
H2236872 699706                    2141050.8655 2120645.86  0.95%   6.9  954s
 2237631 700001     cutoff  151      2141050.87 2120647.43  0.95%   6.9  955s
 2251457 706189 2135938.74  163   32 2141050.87 2120677.62  0.95%   6.9  960s
 2265589 712742 2132220.33  142   31 2141050.87 2120708.93  0.95%   6.9  965s
 2279281 718682 2129455.59  165   31 2141050.87 2120736.48  0.95%   6.9  970s
 2295767 726082 2140941.28  150   30 2141050.87 2120768.75  0.95%   6.9  975s
 2310646 732736     cutoff  140      2141050.87 2120794.76  0.95%   6.9  980s
 2323897 738922 2137770.47  165   32 2141050.87 2120819.47  0.94%   6.9  985s
 2337795 745096 2127873.28  138   31 2141050.87 2120844.51  0.94%   6.9  990s
 2351244 750832 2127683.48  158   32 2141050.87 2120867.50  0.94%   6.9  995s
 2364592 757055 2137637.97  154   32 2141050.87 2120889.06  0.94%   6.8 1000s
 2378121 762846 2134764.70  155   26 2141050.87 2120909.89  0.94%   6.8 1005s
 2391220 768769 2130075.63  135   34 2141050.87 2120933.59  0.94%   6.8 1010s
 2404532 775049 2139759.36  150   30 2141050.87 2120957.36  0.94%   6.8 1015s
 2417796 780742 2132135.33  175   30 2141050.87 2120983.26  0.94%   6.8 1020s
 2431656 786228 2128397.25  269   32 2141050.87 2121004.92  0.94%   6.8 1025s
 2444629 792052 2126624.84  145   30 2141050.87 2121026.11  0.94%   6.8 1030s
 2457808 797745     cutoff  153      2141050.87 2121044.44  0.93%   6.8 1035s
 2470531 802962 2121637.25  169   35 2141050.87 2121061.31  0.93%   6.8 1040s
 2483319 808197 2129364.50  144   28 2141050.87 2121081.52  0.93%   6.8 1045s
 2499731 815295 2136850.80  145   22 2141050.87 2121106.42  0.93%   6.8 1050s
 2518802 824267 2137490.95  141   30 2141050.87 2121128.85  0.93%   6.8 1055s
 2538215 833104 2130213.64  153   32 2141050.87 2121149.05  0.93%   6.8 1060s
 2556543 841129 2141047.49  203   15 2141050.87 2121171.33  0.93%   6.7 1065s
 2570005 847311 2122786.13  152   37 2141050.87 2121187.16  0.93%   6.7 1070s
 2583234 853216 2121272.11  150   36 2141050.87 2121203.73  0.93%   6.7 1075s
 2596982 859640 2121616.41  160   37 2141050.87 2121221.36  0.93%   6.7 1080s
 2611124 866736 2126026.17  143   36 2141050.87 2121235.31  0.93%   6.7 1085s
 2627259 874845 2122358.20  148   34 2141050.87 2121253.15  0.92%   6.7 1090s
 2640800 881084     cutoff  172      2141050.87 2121268.86  0.92%   6.7 1095s
 2659695 889873 2138983.18  152   24 2141050.87 2121288.36  0.92%   6.7 1100s
 2677776 898866 2130860.73  179   33 2141050.87 2121306.06  0.92%   6.7 1105s
 2693359 906531 2139765.06  169   31 2141050.87 2121321.61  0.92%   6.7 1110s
 2713827 916774     cutoff  188      2141050.87 2121342.04  0.92%   6.6 1115s
H2724055 921572                    2141043.5149 2121349.85  0.92%   6.6 1117s
H2725746 922309                    2141042.1689 2121351.02  0.92%   6.6 1118s
H2726983 918833                    2140873.6792 2121351.69  0.91%   6.6 1118s
H2727435 918963                    2140866.5469 2121352.29  0.91%   6.6 1119s
H2728174 918503                    2140838.9789 2121353.21  0.91%   6.6 1119s
H2729528 919183                    2140838.5813 2121354.37  0.91%   6.6 1120s
 2742173 925369     cutoff  129      2140838.58 2121365.80  0.91%   6.6 1125s
 2756252 932466 2140722.36  286   22 2140838.58 2121376.13  0.91%   6.6 1130s
 2770362 939575 2127678.17  142   32 2140838.58 2121389.35  0.91%   6.6 1135s
 2784555 946904 2138305.91  180   21 2140838.58 2121400.50  0.91%   6.6 1140s
 2798246 953947 2140111.55  169   29 2140838.58 2121411.79  0.91%   6.6 1145s
 2811809 960749     cutoff  145      2140838.58 2121423.15  0.91%   6.6 1150s
 2831885 970802     cutoff  145      2140838.58 2121440.29  0.91%   6.6 1155s
 2847896 978656     cutoff  152      2140838.58 2121453.96  0.91%   6.6 1160s
 2861462 985314     cutoff  154      2140838.58 2121463.53  0.91%   6.5 1165s
 2875004 991467 2135398.43  166   24 2140838.58 2121473.68  0.90%   6.5 1170s
 2888591 998286 2129996.70  153   32 2140838.58 2121483.92  0.90%   6.5 1175s
 2902129 1004993 2129073.57  150   32 2140838.58 2121494.47  0.90%   6.5 1180s
 2915859 1011615 2140044.62  162   32 2140838.58 2121505.31  0.90%   6.5 1185s
 2929322 1018526 2135207.32  182   33 2140838.58 2121514.37  0.90%   6.5 1190s
H2937425 1022008                    2140820.1385 2121519.26  0.90%   6.5 1193s
H2939530 1021507                    2140765.7888 2121520.77  0.90%   6.5 1194s
H2939836 1021627                    2140765.3601 2121520.81  0.90%   6.5 1194s
 2941039 1022318     cutoff  153      2140765.36 2121521.41  0.90%   6.5 1195s
 2954892 1029438 2140045.69  157   35 2140765.36 2121529.98  0.90%   6.5 1200s
 2968899 1036705 2134322.97  165   33 2140765.36 2121538.19  0.90%   6.5 1205s
 2982554 1043496 2139796.41  149   29 2140765.36 2121546.45  0.90%   6.5 1210s
 2995838 1050347 2138607.87  161   20 2140765.36 2121554.37  0.90%   6.5 1215s
 3009088 1057517     cutoff  141      2140765.36 2121562.42  0.90%   6.5 1220s
 3023363 1064359 2140716.58  184   29 2140765.36 2121570.74  0.90%   6.5 1225s
 3036560 1071059     cutoff  160      2140765.36 2121578.65  0.90%   6.4 1230s
 3049712 1077626 2136966.38  170   30 2140765.36 2121585.98  0.90%   6.4 1235s
 3063573 1085025 2133067.17  131   30 2140765.36 2121592.53  0.90%   6.4 1240s
 3076650 1091773 2140627.92  179   27 2140765.36 2121599.20  0.90%   6.4 1245s
 3089762 1098202 2122249.60  148   38 2140765.36 2121607.13  0.89%   6.4 1250s
 3103466 1104688 2138663.81  176   32 2140765.36 2121615.47  0.89%   6.4 1255s
 3116343 1111545 2140545.78  186   19 2140765.36 2121621.73  0.89%   6.4 1260s
 3129631 1117943 2138007.55  171   29 2140765.36 2121628.90  0.89%   6.4 1265s
 3143731 1125202     cutoff  210      2140765.36 2121635.91  0.89%   6.4 1270s
 3157221 1132075 2135130.97  161   24 2140765.36 2121642.70  0.89%   6.4 1275s
 3170962 1139186 2125457.50  152   33 2140765.36 2121649.84  0.89%   6.4 1280s
 3184490 1146449     cutoff  169      2140765.36 2121655.33  0.89%   6.4 1285s
 3198500 1153782 2138330.40  165   23 2140765.36 2121661.11  0.89%   6.4 1290s
 3211868 1160473     cutoff  177      2140765.36 2121668.04  0.89%   6.3 1295s
 3225421 1167828 2121682.07  155   35 2140765.36 2121673.65  0.89%   6.3 1300s
 3239200 1175191 2136629.33  176   24 2140765.36 2121679.69  0.89%   6.3 1305s
 3252456 1182061 2139406.07  164   31 2140765.36 2121684.84  0.89%   6.3 1310s
 3265371 1188965 2138812.13  173   28 2140765.36 2121690.52  0.89%   6.3 1315s
 3278922 1196059 2122452.08  155   36 2140765.36 2121695.53  0.89%   6.3 1320s
 3291906 1202574     cutoff  154      2140765.36 2121700.90  0.89%   6.3 1325s
 3306080 1210197 2130229.61  169   32 2140765.36 2121706.15  0.89%   6.3 1330s
 3319764 1217732 2138950.77  211   28 2140765.36 2121711.04  0.89%   6.3 1335s
 3333494 1225082     cutoff  173      2140765.36 2121716.30  0.89%   6.3 1340s
 3346442 1231788 2121737.57  146   37 2140765.36 2121720.96  0.89%   6.3 1345s
 3360676 1239577 2138253.81  194   32 2140765.36 2121726.01  0.89%   6.3 1350s
 3374328 1246986     cutoff  158      2140765.36 2121730.72  0.89%   6.3 1355s
 3387507 1254164 2126453.34  159   32 2140765.36 2121735.47  0.89%   6.3 1360s
 3400634 1260788 2139360.96  321   18 2140765.36 2121740.39  0.89%   6.3 1365s
 3413387 1266763 2122375.21  154   38 2140765.36 2121745.19  0.89%   6.2 1370s
 3427274 1273072 infeasible  179      2140765.36 2121751.07  0.89%   6.2 1375s
 3442138 1280301 2121763.63  155   36 2140765.36 2121757.11  0.89%   6.2 1380s
 3455677 1287337 2137366.45  188   22 2140765.36 2121761.96  0.89%   6.2 1385s
 3470631 1294994 2139156.16  178   18 2140765.36 2121766.62  0.89%   6.2 1390s
 3483192 1301088     cutoff  189      2140765.36 2121771.14  0.89%   6.2 1395s
 3497617 1308318 2138371.22  189   19 2140765.36 2121775.75  0.89%   6.2 1400s
 3512594 1315852 2138100.37  187   21 2140765.36 2121780.68  0.89%   6.2 1405s
 3526753 1322564 2134375.49  161   24 2140765.36 2121785.17  0.89%   6.2 1410s
 3541736 1330909 2124179.71  163   34 2140765.36 2121789.71  0.89%   6.2 1415s
 3556209 1337737     cutoff  194      2140765.36 2121794.64  0.89%   6.2 1420s
 3569516 1344191 2133714.21  178   31 2140765.36 2121798.79  0.89%   6.2 1425s
 3582707 1350594     cutoff  166      2140765.36 2121802.64  0.89%   6.2 1430s
 3596392 1357462     cutoff  178      2140765.36 2121806.53  0.89%   6.2 1435s
 3609721 1363757 2139768.23  174   20 2140765.36 2121810.51  0.89%   6.1 1440s
 3622987 1370237     cutoff  147      2140765.36 2121814.31  0.89%   6.1 1445s
 3636791 1377938 2132733.17  141   29 2140765.36 2121817.91  0.89%   6.1 1450s
 3650922 1384899 2123393.96  145   34 2140765.36 2121821.82  0.88%   6.1 1455s
H3657874 1387093                    2140737.4899 2121823.90  0.88%   6.1 1458s
 3663112 1389361 2127532.41  159   31 2140737.49 2121825.21  0.88%   6.1 1460s
 3675642 1395874 2139094.58  171   30 2140737.49 2121828.64  0.88%   6.1 1465s
 3689920 1402699 2126480.97  153   30 2140737.49 2121832.98  0.88%   6.1 1470s
 3705546 1410077     cutoff  180      2140737.49 2121837.57  0.88%   6.1 1475s
 3719302 1416467 2140352.89  167   17 2140737.49 2121841.49  0.88%   6.1 1480s
 3734311 1423141 2133855.46  147   24 2140737.49 2121846.40  0.88%   6.1 1485s
 3747994 1430231 2123937.80  170   36 2140737.49 2121850.14  0.88%   6.1 1490s
 3763467 1437858 2122612.00  154   35 2140737.49 2121854.17  0.88%   6.1 1495s
 3777087 1444700 2122465.64  165   37 2140737.49 2121857.27  0.88%   6.1 1500s
 3791366 1451641 2130796.96  154   32 2140737.49 2121860.50  0.88%   6.1 1505s
 3807823 1459882 2137481.04  167   32 2140737.49 2121864.68  0.88%   6.1 1510s
 3826422 1469862     cutoff  193      2140737.49 2121868.50  0.88%   6.1 1515s
 3845476 1479338     cutoff  166      2140737.49 2121872.67  0.88%   6.1 1520s
 3860179 1487004 2134606.94  155   29 2140737.49 2121875.90  0.88%   6.0 1525s
 3873962 1493620 2121894.49  165   37 2140737.49 2121879.14  0.88%   6.0 1530s
 3886480 1499230 2122219.47  162   36 2140737.49 2121882.45  0.88%   6.0 1535s
 3901110 1505817     cutoff  161      2140737.49 2121886.56  0.88%   6.0 1540s
 3915615 1512193     cutoff  184      2140737.49 2121890.19  0.88%   6.0 1545s
 3929013 1518438     cutoff  172      2140737.49 2121893.06  0.88%   6.0 1550s
 3942279 1525448 2140157.78  182   28 2140737.49 2121895.99  0.88%   6.0 1555s
 3956158 1531664 2134409.76  192   23 2140737.49 2121899.62  0.88%   6.0 1560s
 3970016 1538050 2122270.98  157   33 2140737.49 2121902.95  0.88%   6.0 1565s
 3983006 1543680 2122356.29  161   36 2140737.49 2121906.28  0.88%   6.0 1570s
 3999476 1550627 2121968.06  174   37 2140737.49 2121910.22  0.88%   6.0 1575s
 4017846 1558844 2138824.70  171   31 2140737.49 2121914.55  0.88%   6.0 1580s
 4034345 1565982 2140631.98  177   31 2140737.49 2121918.47  0.88%   6.0 1585s
 4046904 1571525 2122140.49  160   36 2140737.49 2121921.32  0.88%   6.0 1590s
 4061781 1577945 2140304.50  172   31 2140737.49 2121924.81  0.88%   6.0 1595s
 4076710 1584774     cutoff  172      2140737.49 2121928.26  0.88%   6.0 1600s
 4090276 1591221 2122523.74  150   35 2140737.49 2121931.40  0.88%   6.0 1605s
 4103060 1597480     cutoff  169      2140737.49 2121934.08  0.88%   6.0 1610s
 4115457 1602910     cutoff  183      2140737.49 2121936.44  0.88%   6.0 1615s
 4130198 1609336 2138427.22  171   22 2140737.49 2121940.00  0.88%   6.0 1620s
 4142801 1615036 2125772.46  165   35 2140737.49 2121942.55  0.88%   5.9 1625s
 4156155 1621039 2122642.90  153   36 2140737.49 2121945.56  0.88%   5.9 1630s
 4169280 1626662 2140253.26  185   18 2140737.49 2121948.23  0.88%   5.9 1635s
 4181711 1632097     cutoff  161      2140737.49 2121950.84  0.88%   5.9 1640s
 4194643 1638071 2139165.33  181   27 2140737.49 2121953.52  0.88%   5.9 1645s
 4207204 1643969 2139109.22  182   31 2140737.49 2121956.43  0.88%   5.9 1650s
 4219961 1649826 2125058.87  145   32 2140737.49 2121959.18  0.88%   5.9 1655s
 4233418 1655760 2137975.05  173   17 2140737.49 2121961.82  0.88%   5.9 1660s
 4246413 1661808 2139093.18  162   30 2140737.49 2121964.18  0.88%   5.9 1665s
 4259074 1667523 2122261.72  164   36 2140737.49 2121966.64  0.88%   5.9 1670s
 4271851 1673316 2130043.59  190   32 2140737.49 2121968.96  0.88%   5.9 1675s
 4284471 1678855 2122513.74  175   37 2140737.49 2121971.29  0.88%   5.9 1680s
 4297230 1684325 2123060.40  157   36 2140737.49 2121973.57  0.88%   5.9 1685s
 4309544 1690029 2138990.59  201   20 2140737.49 2121975.94  0.88%   5.9 1690s
 4322759 1695957 2139935.14  179   26 2140737.49 2121978.18  0.88%   5.9 1695s
 4335720 1701790     cutoff  191      2140737.49 2121980.71  0.88%   5.9 1700s
 4348736 1707490     cutoff  162      2140737.49 2121983.21  0.88%   5.9 1705s
 4361256 1712825 2124103.13  178   34 2140737.49 2121985.60  0.88%   5.9 1710s
Created node file directory '/home/ps12398/experiment_epec/goalProgrammingMarcos//grbnodes46'
 4371006 1716597 2129279.50  165   32 2140737.49 2121986.87  0.88%   5.9 1715s
 4382891 1719240 2122257.29  164   38 2140737.49 2121987.15  0.88%   5.9 1720s
 4394597 1722100 2140127.24  173   18 2140737.49 2121987.52  0.88%   5.9 1725s
 4406658 1725818 2138436.84  165   22 2140737.49 2121987.76  0.88%   5.9 1730s
 4419034 1730792 2137188.52  167   24 2140737.49 2121988.04  0.88%   5.9 1735s
 4428710 1733613     cutoff  187      2140737.49 2121988.31  0.88%   5.9 1740s
 4441227 1737916 2125077.20  177   34 2140737.49 2121988.59  0.88%   5.9 1745s
 4453539 1741226 2139939.07  174   22 2140737.49 2121988.94  0.88%   5.9 1750s
 4463322 1745358 2140242.18  193   19 2140737.49 2121989.16  0.88%   5.9 1755s
 4474940 1748596     cutoff  181      2140737.49 2121989.40  0.88%   5.9 1760s
 4486045 1752673     cutoff  153      2140737.49 2121989.64  0.88%   5.9 1765s
 4497918 1755483 2139888.71  191   20 2140737.49 2121990.00  0.88%   5.8 1770s
 4508829 1758692 2140464.77  175   31 2140737.49 2121990.25  0.88%   5.8 1775s
 4519895 1762854     cutoff  177      2140737.49 2121990.44  0.88%   5.8 1780s
 4536176 1768596 2139266.43  169   29 2140737.49 2121990.84  0.88%   5.8 1785s
 4547682 1773481     cutoff  192      2140737.49 2121991.08  0.88%   5.8 1790s
 4557242 1777183 2138648.06  190   19 2140737.49 2121991.25  0.88%   5.8 1795s
 4568495 1781341 2139347.42  184   32 2140737.49 2121991.55  0.88%   5.8 1800s
 4579170 1784197 2139887.40  180   32 2140737.49 2121991.85  0.88%   5.8 1805s
 4588838 1787146 2139788.31  174   29 2140737.49 2121992.03  0.88%   5.8 1810s
 4598996 1789786 2127076.93  163   31 2140737.49 2121992.24  0.88%   5.8 1815s
 4611033 1793589 2138334.13  171   19 2140737.49 2121992.58  0.88%   5.8 1820s
 4622665 1796075 2137282.78  162   23 2140737.49 2121992.91  0.88%   5.8 1825s
 4634045 1798207 2134270.42  170   29 2140737.49 2121993.16  0.88%   5.8 1830s
 4643830 1800976 2139705.77  183   20 2140737.49 2121993.36  0.88%   5.8 1835s
 4654550 1804917 2139435.71  184   31 2140737.49 2121993.56  0.88%   5.8 1840s
 4666519 1810423 2135527.66  181   21 2140737.49 2121993.74  0.88%   5.8 1845s
 4677359 1814065     cutoff  188      2140737.49 2121994.02  0.88%   5.8 1850s
 4687642 1817210 2140383.39  178   21 2140737.49 2121994.26  0.88%   5.8 1855s
 4698655 1820381     cutoff  169      2140737.49 2121994.49  0.88%   5.8 1860s
 4709990 1823814     cutoff  188      2140737.49 2121994.81  0.88%   5.8 1865s
 4720595 1827506 2139490.87  180   34 2140737.49 2121994.95  0.88%   5.8 1870s
 4728918 1830305     cutoff  176      2140737.49 2121995.12  0.88%   5.8 1875s
 4739545 1833686 2140188.81  201   20 2140737.49 2121995.33  0.88%   5.8 1880s
 4751707 1838153 2135577.79  172   34 2140737.49 2121995.61  0.88%   5.8 1885s
 4761813 1841827 2138154.15  175   19 2140737.49 2121995.74  0.88%   5.8 1891s
 4770207 1845051 2138525.53  163   21 2140737.49 2121995.94  0.88%   5.8 1895s
 4781232 1848701 2129992.87  166   33 2140737.49 2121996.14  0.88%   5.8 1900s
 4793093 1851775     cutoff  171      2140737.49 2121996.41  0.88%   5.8 1905s
 4802490 1855022     cutoff  191      2140737.49 2121996.60  0.88%   5.8 1910s
 4812305 1858066 2131669.14  191   31 2140737.49 2121996.84  0.88%   5.8 1915s
 4823258 1862478     cutoff  179      2140737.49 2121996.99  0.88%   5.8 1920s
 4834556 1867081 2140491.24  185   20 2140737.49 2121997.19  0.88%   5.8 1925s
 4843111 1869360 2140113.56  184   30 2140737.49 2121997.46  0.88%   5.8 1930s
 4854138 1872407 2136142.10  156   20 2140737.49 2121997.65  0.88%   5.8 1935s
 4864382 1874935     cutoff  188      2140737.49 2121997.84  0.88%   5.8 1940s
 4875547 1877636 2138014.92  156   30 2140737.49 2121998.11  0.88%   5.8 1945s
 4886108 1880197 2136191.07  192   21 2140737.49 2121998.38  0.88%   5.8 1950s
 4895877 1883132 2138308.36  183   21 2140737.49 2121998.66  0.88%   5.8 1955s
 4906208 1886592 2139036.63  170   31 2140737.49 2121998.87  0.88%   5.8 1960s
 4916998 1889199 2139436.26  178   29 2140737.49 2121999.12  0.88%   5.8 1965s
 4928309 1892326     cutoff  160      2140737.49 2121999.37  0.88%   5.8 1970s
 4939237 1894631     cutoff  163      2140737.49 2121999.59  0.88%   5.8 1975s
 4949763 1899462     cutoff  176      2140737.49 2121999.84  0.88%   5.8 1980s
 4959983 1903595     cutoff  196      2140737.49 2121999.99  0.88%   5.8 1985s
 4971567 1907200 infeasible  177      2140737.49 2122000.47  0.88%   5.8 1990s
 4982018 1910355 2136142.82  187   31 2140737.49 2122000.70  0.88%   5.8 1995s
 4992089 1913294     cutoff  199      2140737.49 2122000.95  0.88%   5.8 2000s
 5004263 1917612 2139438.67  212   28 2140737.49 2122001.13  0.88%   5.8 2005s
 5014958 1920489 2136420.52  161   23 2140737.49 2122001.32  0.88%   5.7 2010s
 5024154 1924424 2123675.77  155   33 2140737.49 2122001.49  0.88%   5.7 2015s
 5036635 1929401     cutoff  179      2140737.49 2122001.66  0.88%   5.7 2020s
 5048225 1934801 2135218.50  183   22 2140737.49 2122001.83  0.88%   5.7 2025s
 5055515 1937493 2135311.77  159   20 2140737.49 2122001.96  0.88%   5.7 2030s
 5066520 1941260     cutoff  180      2140737.49 2122002.16  0.88%   5.7 2035s
 5078298 1944956 2139891.93  166   31 2140737.49 2122002.41  0.88%   5.7 2040s
 5089643 1949170 2137904.33  271   27 2140737.49 2122002.56  0.88%   5.7 2045s
 5097603 1950985     cutoff  191      2140737.49 2122002.71  0.88%   5.7 2050s
 5109512 1954156 2140122.02  175   21 2140737.49 2122002.99  0.88%   5.7 2055s
 5122040 1959094 2140409.49  197   19 2140737.49 2122003.24  0.88%   5.7 2060s
 5133693 1961508     cutoff  173      2140737.49 2122003.50  0.88%   5.7 2065s
 5141901 1965318     cutoff  161      2140737.49 2122003.70  0.88%   5.7 2070s
 5152887 1969780 infeasible  180      2140737.49 2122003.87  0.88%   5.7 2075s
 5163623 1974364     cutoff  167      2140737.49 2122004.10  0.88%   5.7 2080s
 5172054 1977333 2135206.04  150   23 2140737.49 2122004.30  0.88%   5.7 2085s
 5182827 1980139 2140154.72  186   30 2140737.49 2122004.48  0.88%   5.7 2090s
 5194356 1983089 2131556.13  177   31 2140737.49 2122004.81  0.88%   5.7 2095s
 5204959 1986238     cutoff  188      2140737.49 2122005.01  0.88%   5.7 2100s
 5215479 1989548 2140386.48  162   23 2140737.49 2122005.22  0.88%   5.7 2105s
 5224792 1991648 2140411.35  182   21 2140737.49 2122005.48  0.88%   5.7 2110s
 5235801 1994629     cutoff  155      2140737.49 2122005.69  0.88%   5.7 2115s
 5247055 1998192     cutoff  172      2140737.49 2122005.91  0.88%   5.7 2120s
 5258497 2001777     cutoff  162      2140737.49 2122006.15  0.87%   5.7 2125s
 5267110 2005371 2136474.46  164   23 2140737.49 2122006.32  0.87%   5.7 2130s
 5278112 2008521     cutoff  191      2140737.49 2122006.46  0.87%   5.7 2135s
 5290290 2011750 2130060.75  186   32 2140737.49 2122006.74  0.87%   5.7 2140s
 5301379 2017079 2138402.57  180   21 2140737.49 2122006.89  0.87%   5.7 2145s
 5311137 2020346     cutoff  168      2140737.49 2122007.09  0.87%   5.7 2150s
 5321720 2022579     cutoff  181      2140737.49 2122007.34  0.87%   5.7 2155s
 5333319 2027776 2138243.27  193   32 2140737.49 2122007.57  0.87%   5.7 2160s
 5342191 2030432 2137219.13  176   22 2140737.49 2122007.69  0.87%   5.7 2165s
H5352259 2033663                    2140735.3633 2122007.85  0.87%   5.7 2170s
H5352394 2033658                    2140735.0752 2122007.85  0.87%   5.7 2171s
 5360973 2036345 2138752.56  164   28 2140735.08 2122008.05  0.87%   5.7 2175s
 5372000 2039872 2139159.41  151   34 2140735.08 2122008.28  0.87%   5.7 2180s
 5380740 2043744     cutoff  187      2140735.08 2122008.44  0.87%   5.7 2185s
 5392095 2048373 2140041.13  190   33 2140735.08 2122008.70  0.87%   5.7 2190s
 5402384 2051677 2136813.66  194   33 2140735.08 2122008.92  0.87%   5.7 2195s
 5414335 2056066     cutoff  169      2140735.08 2122009.18  0.87%   5.7 2200s
 5422530 2059483 2140051.54  173   22 2140735.08 2122009.38  0.87%   5.7 2205s
 5433337 2062392     cutoff  185      2140735.08 2122009.59  0.87%   5.7 2210s
 5444763 2065997 2136423.98  179   33 2140735.08 2122009.87  0.87%   5.7 2215s
 5455058 2069237     cutoff  185      2140735.08 2122010.10  0.87%   5.7 2220s
 5465010 2071457     cutoff  173      2140735.08 2122010.34  0.87%   5.7 2225s
 5476317 2073027     cutoff  176      2140735.08 2122010.53  0.87%   5.7 2230s
 5487071 2076110     cutoff  174      2140735.08 2122010.68  0.87%   5.7 2235s
 5498894 2080241 2136592.88  182   31 2140735.08 2122010.95  0.87%   5.7 2240s
 5510554 2083255 2138730.52  163   20 2140735.08 2122011.25  0.87%   5.7 2245s
 5520805 2087094 2138676.74  169   18 2140735.08 2122011.41  0.87%   5.7 2250s
 5532342 2089524 2129265.15  165   34 2140735.08 2122011.72  0.87%   5.7 2255s
 5544296 2092886     cutoff  178      2140735.08 2122011.96  0.87%   5.7 2260s
 5553947 2097516 2138956.33  157   31 2140735.08 2122012.20  0.87%   5.6 2265s
 5566914 2101264 2138521.90  190   30 2140735.08 2122012.45  0.87%   5.6 2270s
 5578902 2104525 2140283.33  195   28 2140735.08 2122012.73  0.87%   5.6 2275s
 5589794 2107462     cutoff  194      2140735.08 2122013.06  0.87%   5.6 2280s
 5601181 2110629 2136085.44  164   33 2140735.08 2122013.29  0.87%   5.6 2286s
 5609929 2112815 2139586.28  175   20 2140735.08 2122013.49  0.87%   5.6 2290s
 5621197 2115687 2140501.89  206   13 2140735.08 2122013.74  0.87%   5.6 2295s
 5633541 2118703 2132717.19  183   26 2140735.08 2122013.99  0.87%   5.6 2300s
 5644307 2121979 2137237.04  165   24 2140735.08 2122014.17  0.87%   5.6 2305s
 5652700 2124523     cutoff  174      2140735.08 2122014.40  0.87%   5.6 2310s
 5664808 2128689 2133004.74  178   31 2140735.08 2122014.65  0.87%   5.6 2315s
 5676687 2132546 2139874.52  172   17 2140735.08 2122014.96  0.87%   5.6 2320s
 5687603 2135833     cutoff  170      2140735.08 2122015.19  0.87%   5.6 2325s
 5694928 2136801 2138665.98  171   21 2140735.08 2122015.42  0.87%   5.6 2330s
 5705977 2140869     cutoff  156      2140735.08 2122015.61  0.87%   5.6 2335s
 5716669 2143963 2138192.06  164   20 2140735.08 2122015.85  0.87%   5.6 2340s
 5727622 2148068 2138211.81  171   22 2140735.08 2122016.04  0.87%   5.6 2345s
 5736481 2150504 2136860.24  172   21 2140735.08 2122016.27  0.87%   5.6 2350s
 5747800 2153749     cutoff  179      2140735.08 2122016.54  0.87%   5.6 2355s
 5758634 2156722     cutoff  185      2140735.08 2122016.81  0.87%   5.6 2360s
 5770218 2160160 2140419.71  192   17 2140735.08 2122017.08  0.87%   5.6 2365s
 5779127 2163919     cutoff  196      2140735.08 2122017.20  0.87%   5.6 2370s
 5790096 2166528 2122327.30  153   36 2140735.08 2122017.55  0.87%   5.6 2375s
 5800614 2170152 2138846.64  175   32 2140735.08 2122017.74  0.87%   5.6 2380s
 5811909 2172429     cutoff  169      2140735.08 2122018.03  0.87%   5.6 2385s
 5823191 2174606 2140351.11  180   20 2140735.08 2122018.33  0.87%   5.6 2390s
 5832763 2177731     cutoff  163      2140735.08 2122018.49  0.87%   5.6 2395s
 5843668 2181100 2140296.94  192   29 2140735.08 2122018.81  0.87%   5.6 2400s
 5854606 2183021     cutoff  170      2140735.08 2122018.95  0.87%   5.6 2405s
 5866902 2187267 2137964.84  198   24 2140735.08 2122019.26  0.87%   5.6 2410s
 5878141 2189328 2140636.96  182   28 2140735.08 2122019.58  0.87%   5.6 2415s
 5887668 2191619 2138797.21  170   20 2140735.08 2122019.75  0.87%   5.6 2420s
 5905212 2195321 2139897.27  182   21 2140735.08 2122020.20  0.87%   5.6 2425s
 5922062 2199812 2136514.92  166   28 2140735.08 2122020.64  0.87%   5.6 2430s
 5933557 2203773 2140098.99  183   31 2140735.08 2122020.97  0.87%   5.6 2435s
 5942784 2206108 2139019.08  170   20 2140735.08 2122021.19  0.87%   5.6 2440s
 5954558 2207840     cutoff  168      2140735.08 2122021.44  0.87%   5.6 2445s
 5964828 2210426     cutoff  188      2140735.08 2122021.65  0.87%   5.6 2450s
 5976050 2212709 2135881.94  165   23 2140735.08 2122021.96  0.87%   5.6 2455s
 5987723 2216792     cutoff  158      2140735.08 2122022.19  0.87%   5.6 2460s
 5997052 2219512 2125551.23  167   31 2140735.08 2122022.35  0.87%   5.6 2465s
 6008167 2223035 2139604.12  181   21 2140735.08 2122022.56  0.87%   5.6 2470s
 6019835 2226581 2139884.36  160   20 2140735.08 2122022.81  0.87%   5.6 2475s
 6032054 2231168 2134594.75  166   23 2140735.08 2122023.04  0.87%   5.6 2480s
 6041969 2234262 2137638.42  163   32 2140735.08 2122023.23  0.87%   5.6 2485s
 6053252 2238736 2123687.78  169   33 2140735.08 2122023.48  0.87%   5.6 2490s
 6064220 2242909 2140417.67  180   33 2140735.08 2122023.67  0.87%   5.6 2495s
 6072387 2244740 2136873.52  160   23 2140735.08 2122023.84  0.87%   5.6 2500s
 6083898 2247988     cutoff  175      2140735.08 2122024.09  0.87%   5.6 2505s
 6095432 2250985     cutoff  174      2140735.08 2122024.35  0.87%   5.6 2510s
 6106945 2254243     cutoff  195      2140735.08 2122024.60  0.87%   5.6 2515s
 6118717 2256902 2127004.93  164   35 2140735.08 2122024.81  0.87%   5.6 2520s
 6128604 2258376 2137050.63  175   32 2140735.08 2122025.14  0.87%   5.6 2525s
 6139414 2262921 2136228.95  168   30 2140735.08 2122025.30  0.87%   5.6 2530s
 6151595 2266503 2140017.58  180   31 2140735.08 2122025.50  0.87%   5.6 2535s
 6162384 2270750     cutoff  175      2140735.08 2122025.77  0.87%   5.6 2540s
 6171101 2273571     cutoff  174      2140735.08 2122025.97  0.87%   5.6 2545s
 6182654 2276672     cutoff  155      2140735.08 2122026.29  0.87%   5.5 2550s
 6194721 2280030 2138296.72  168   30 2140735.08 2122026.46  0.87%   5.5 2555s
 6205839 2283442     cutoff  191      2140735.08 2122026.74  0.87%   5.5 2560s
 6215256 2285558 2134986.66  169   25 2140735.08 2122026.99  0.87%   5.5 2565s
 6228927 2289817     cutoff  166      2140735.08 2122027.21  0.87%   5.5 2570s
 6243258 2294764     cutoff  204      2140735.08 2122027.47  0.87%   5.5 2575s
 6255414 2299204 2122054.12  162   34 2140735.08 2122027.64  0.87%   5.5 2580s
 6267002 2302946     cutoff  172      2140735.08 2122027.91  0.87%   5.5 2585s
 6277893 2306990 2140687.81  157   20 2140735.08 2122028.12  0.87%   5.5 2590s
 6289106 2310695 2135504.61  173   32 2140735.08 2122028.35  0.87%   5.5 2595s
 6297851 2313509 2140457.68  214   32 2140735.08 2122028.48  0.87%   5.5 2600s
 6309459 2317449     cutoff  187      2140735.08 2122028.84  0.87%   5.5 2605s
 6320133 2319787     cutoff  169      2140735.08 2122029.08  0.87%   5.5 2610s
 6331187 2323010     cutoff  171      2140735.08 2122029.32  0.87%   5.5 2615s
 6339780 2326994     cutoff  181      2140735.08 2122029.46  0.87%   5.5 2620s
 6351110 2329352 2127252.62  164   32 2140735.08 2122029.78  0.87%   5.5 2625s
 6362967 2333582     cutoff  165      2140735.08 2122030.01  0.87%   5.5 2630s
 6375122 2338567     cutoff  167      2140735.08 2122030.21  0.87%   5.5 2635s
 6383827 2341027 2139557.10  180   20 2140735.08 2122030.36  0.87%   5.5 2640s
 6395367 2343982 2136958.45  174   32 2140735.08 2122030.63  0.87%   5.5 2645s
 6406439 2346901 2138536.75  204   31 2140735.08 2122030.86  0.87%   5.5 2650s
 6418176 2350599 2140065.16  196   28 2140735.08 2122031.12  0.87%   5.5 2655s
 6427976 2352236 2138720.41  172   35 2140735.08 2122031.32  0.87%   5.5 2660s
 6437632 2355400     cutoff  192      2140735.08 2122031.48  0.87%   5.5 2665s
 6449028 2359036 2136474.59  176   25 2140735.08 2122031.74  0.87%   5.5 2670s
 6462113 2365088 2140544.51  177   18 2140735.08 2122032.01  0.87%   5.5 2675s
 6471536 2367777 2139647.82  185   20 2140735.08 2122032.23  0.87%   5.5 2680s
 6482768 2372041     cutoff  177      2140735.08 2122032.40  0.87%   5.5 2685s
 6495602 2375705 infeasible  163      2140735.08 2122032.67  0.87%   5.5 2690s
 6507552 2377777 2124020.58  169   37 2140735.08 2122033.03  0.87%   5.5 2695s
 6516754 2380040 2139470.76  185   21 2140735.08 2122033.24  0.87%   5.5 2700s
 6529075 2385725 2140591.00  247   12 2140735.08 2122033.54  0.87%   5.5 2705s
 6543347 2389912 2139028.70  194   20 2140735.08 2122033.83  0.87%   5.5 2710s
 6554163 2393790     cutoff  179      2140735.08 2122034.01  0.87%   5.5 2715s
 6567499 2396586     cutoff  187      2140735.08 2122034.33  0.87%   5.5 2720s
 6578866 2399634 2140383.21  178   19 2140735.08 2122034.68  0.87%   5.5 2725s
 6590677 2402045     cutoff  144      2140735.08 2122034.95  0.87%   5.5 2730s
 6601408 2404650 2136099.13  170   22 2140735.08 2122035.15  0.87%   5.5 2735s
 6610016 2407527     cutoff  187      2140735.08 2122035.33  0.87%   5.5 2740s
 6622619 2412252 2139799.77  176   34 2140735.08 2122035.57  0.87%   5.5 2745s
 6634842 2415658 2137644.30  181   20 2140735.08 2122035.82  0.87%   5.5 2750s
 6646171 2419507     cutoff  162      2140735.08 2122036.03  0.87%   5.5 2755s
 6655836 2423479 2140382.28  181   19 2140735.08 2122036.23  0.87%   5.5 2760s
 6668176 2428093     cutoff  177      2140735.08 2122036.53  0.87%   5.5 2765s
 6679517 2431696 2139824.03  166   30 2140735.08 2122036.72  0.87%   5.5 2770s
 6688775 2435183     cutoff  183      2140735.08 2122036.92  0.87%   5.5 2775s
 6702083 2438243     cutoff  199      2140735.08 2122037.22  0.87%   5.5 2780s
 6714529 2440959 2125526.96  162   34 2140735.08 2122037.56  0.87%   5.5 2785s
 6727599 2445085     cutoff  191      2140735.08 2122037.85  0.87%   5.5 2790s
 6737160 2448164 2140646.89  191   22 2140735.08 2122038.00  0.87%   5.5 2795s
 6748385 2451518     cutoff  172      2140735.08 2122038.22  0.87%   5.5 2800s
 6759801 2453305 2138257.96  188   35 2140735.08 2122038.53  0.87%   5.5 2805s
 6770751 2456202 2139932.69  165   20 2140735.08 2122038.77  0.87%   5.5 2810s
 6781729 2459762 2136436.05  158   23 2140735.08 2122038.93  0.87%   5.5 2815s
 6789889 2462601 2140147.36  175   29 2140735.08 2122039.08  0.87%   5.5 2820s
 6801069 2464821     cutoff  189      2140735.08 2122039.35  0.87%   5.5 2825s
H6808919 2467530                    2140598.7290 2122039.49  0.87%   5.5 2828s
 6810870 2468243     cutoff  183      2140598.73 2122039.54  0.87%   5.5 2830s
 6821424 2471227 2138206.50  172   23 2140598.73 2122039.73  0.87%   5.5 2835s
H6821757 2471218                    2140592.2806 2122039.74  0.87%   5.5 2835s
 6830512 2474350 2140113.97  171   33 2140592.28 2122039.88  0.87%   5.5 2840s
 6840893 2476900     cutoff  179      2140592.28 2122040.14  0.87%   5.5 2845s
 6852514 2479671 2140458.16  175   28 2140592.28 2122040.33  0.87%   5.5 2850s
 6863412 2483031 2140084.08  206   32 2140592.28 2122040.46  0.87%   5.5 2855s
 6874807 2486253 2139967.22  186   28 2140592.28 2122040.80  0.87%   5.5 2860s
 6884548 2489082 2127359.63  170   33 2140592.28 2122041.01  0.87%   5.4 2865s
 6895891 2492711 2136284.26  176   24 2140592.28 2122041.28  0.87%   5.4 2870s
 6907695 2495266 2140107.30  149   21 2140592.28 2122041.50  0.87%   5.4 2875s
 6920040 2498972     cutoff  185      2140592.28 2122041.75  0.87%   5.4 2880s
 6929056 2501780     cutoff  173      2140592.28 2122041.96  0.87%   5.4 2885s
 6940125 2504854 2136624.00  174   32 2140592.28 2122042.15  0.87%   5.4 2890s
 6952064 2508970 2139897.76  162   28 2140592.28 2122042.32  0.87%   5.4 2895s
 6963907 2513250 2136854.25  183   29 2140592.28 2122042.56  0.87%   5.4 2900s
 6973102 2516152     cutoff  186      2140592.28 2122042.70  0.87%   5.4 2905s
 6984278 2520531 2140500.13  168   32 2140592.28 2122042.93  0.87%   5.4 2910s
 6996071 2523814 2135980.95  167   31 2140592.28 2122043.23  0.87%   5.4 2915s
 7008118 2527245 2136312.17  188   22 2140592.28 2122043.43  0.87%   5.4 2920s
 7018310 2530839 2139733.54  176   31 2140592.28 2122043.59  0.87%   5.4 2925s
 7030308 2534711 2136014.62  160   30 2140592.28 2122043.80  0.87%   5.4 2930s
 7042588 2537992     cutoff  178      2140592.28 2122044.05  0.87%   5.4 2935s
 7053887 2540322 2139911.24  164   32 2140592.28 2122044.31  0.87%   5.4 2940s
 7063464 2542696     cutoff  175      2140592.28 2122044.54  0.87%   5.4 2945s
 7074350 2545155 2139478.53  171   22 2140592.28 2122044.74  0.87%   5.4 2950s
 7085536 2548449 2136787.68  178   20 2140592.28 2122044.94  0.87%   5.4 2955s
 7097729 2553996     cutoff  167      2140592.28 2122045.10  0.87%   5.4 2960s
 7108832 2556019 2138203.98  182   21 2140592.28 2122045.34  0.87%   5.4 2966s
 7117839 2559106 2139504.67  199   20 2140592.28 2122045.50  0.87%   5.4 2970s
 7129293 2561625     cutoff  169      2140592.28 2122045.70  0.87%   5.4 2975s
 7140592 2564760 2124644.86  151   35 2140592.28 2122045.94  0.87%   5.4 2980s
 7151774 2567818 2137705.20  184   21 2140592.28 2122046.23  0.87%   5.4 2985s
 7160664 2570433 2137812.93  168   30 2140592.28 2122046.36  0.87%   5.4 2990s
 7172112 2575180 2138091.50  190   34 2140592.28 2122046.62  0.87%   5.4 2995s
 7183921 2578506 2135442.68  176   33 2140592.28 2122046.91  0.87%   5.4 3000s
 7195317 2582855     cutoff  186      2140592.28 2122047.08  0.87%   5.4 3005s
 7205488 2584193 2140475.26  198   31 2140592.28 2122047.38  0.87%   5.4 3010s
 7217070 2588693 2124281.28  182   36 2140592.28 2122047.53  0.87%   5.4 3015s
 7228818 2593731     cutoff  171      2140592.28 2122047.75  0.87%   5.4 3020s
 7240472 2596668 2136838.48  164   22 2140592.28 2122048.02  0.87%   5.4 3025s
 7250449 2600584 2138718.70  177   22 2140592.28 2122048.23  0.87%   5.4 3030s
 7262627 2604033 2134000.37  194   26 2140592.28 2122048.44  0.87%   5.4 3035s
 7273952 2607907     cutoff  169      2140592.28 2122048.65  0.87%   5.4 3040s
 7282935 2610459 2139557.51  179   32 2140592.28 2122048.78  0.87%   5.4 3045s
 7294742 2612660 2139932.88  190   31 2140592.28 2122049.09  0.87%   5.4 3050s
 7306066 2616459 2133785.58  188   30 2140592.28 2122049.29  0.87%   5.4 3055s
 7317819 2617726 2140179.01  172   32 2140592.28 2122049.58  0.87%   5.4 3060s
 7329061 2620166     cutoff  192      2140592.28 2122049.74  0.87%   5.4 3065s
 7340569 2622201 2139267.78  168   27 2140592.28 2122050.04  0.87%   5.4 3070s
 7349144 2624108 2136884.49  190   20 2140592.28 2122050.17  0.87%   5.4 3075s
 7361315 2628178 2136869.51  176   31 2140592.28 2122050.41  0.87%   5.4 3080s
 7372341 2631797     cutoff  180      2140592.28 2122050.63  0.87%   5.4 3085s
 7384131 2635448 2137338.53  155   30 2140592.28 2122050.83  0.87%   5.4 3090s
 7392685 2638255 2139715.21  179   30 2140592.28 2122050.96  0.87%   5.4 3095s
 7404060 2642000     cutoff  173      2140592.28 2122051.16  0.87%   5.4 3100s
 7415659 2646205 2136522.61  170   32 2140592.28 2122051.35  0.87%   5.4 3105s
 7426299 2650350 2138873.51  178   25 2140592.28 2122051.55  0.87%   5.4 3110s
 7437032 2653678 2135548.68  187   30 2140592.28 2122051.69  0.87%   5.4 3115s
 7448669 2657903 2136697.53  190   32 2140592.28 2122051.95  0.87%   5.4 3120s
 7462131 2662959 2140401.14  213   33 2140592.28 2122052.13  0.87%   5.4 3125s
 7471951 2666655     cutoff  157      2140592.28 2122052.25  0.87%   5.4 3130s
 7482911 2669510 2125469.95  170   34 2140592.28 2122052.44  0.87%   5.4 3135s
 7494057 2672205     cutoff  179      2140592.28 2122052.70  0.87%   5.4 3140s
 7505729 2675697 2139740.42  171   28 2140592.28 2122052.88  0.87%   5.4 3145s
 7514358 2679000 2138301.24  183   28 2140592.28 2122053.10  0.87%   5.4 3150s
 7526074 2682623     cutoff  208      2140592.28 2122053.30  0.87%   5.4 3155s
 7538156 2687338 2136191.41  183   21 2140592.28 2122053.48  0.87%   5.4 3160s
 7548978 2689988     cutoff  155      2140592.28 2122053.73  0.87%   5.4 3165s
 7556144 2692503 2140011.53  229   19 2140592.28 2122053.88  0.87%   5.4 3170s
 7567211 2694143 2140413.80  152   18 2140592.28 2122054.17  0.87%   5.4 3175s
 7577969 2697053 2139968.53  179   24 2140592.28 2122054.42  0.87%   5.4 3180s
 7589913 2700329 2136431.97  173   23 2140592.28 2122054.65  0.87%   5.4 3185s
 7598897 2703869     cutoff  179      2140592.28 2122054.91  0.87%   5.4 3190s
 7609218 2708808 2139547.16  177   22 2140592.28 2122055.04  0.87%   5.4 3195s
 7620729 2712182 2139612.21  204   22 2140592.28 2122055.24  0.87%   5.4 3200s
 7631611 2716135 2133576.88  175   24 2140592.28 2122055.43  0.87%   5.4 3205s
 7641338 2718417     cutoff  161      2140592.28 2122055.68  0.87%   5.4 3210s
 7652357 2723369 2140147.95  217   15 2140592.28 2122055.82  0.87%   5.4 3215s
 7662913 2726522     cutoff  183      2140592.28 2122055.99  0.87%   5.4 3220s
 7674219 2729007     cutoff  168      2140592.28 2122056.24  0.87%   5.4 3225s
 7683052 2732296     cutoff  174      2140592.28 2122056.35  0.87%   5.4 3230s
 7694122 2734262 2140288.50  185   14 2140592.28 2122056.58  0.87%   5.4 3235s
 7704945 2737929 2140040.14  206   32 2140592.28 2122056.84  0.87%   5.4 3240s
 7716396 2742955 2136697.40  200   32 2140592.28 2122057.04  0.87%   5.4 3245s
 7724663 2745211     cutoff  157      2140592.28 2122057.21  0.87%   5.4 3250s
 7736564 2748040 2128338.34  171   34 2140592.28 2122057.50  0.87%   5.4 3255s
 7747507 2750047 2139164.62  187   22 2140592.28 2122057.71  0.87%   5.4 3260s
 7759210 2754854 2129854.58  162   33 2140592.28 2122057.87  0.87%   5.4 3265s
 7768696 2758212     cutoff  178      2140592.28 2122058.04  0.87%   5.4 3270s
 7780009 2761312 2139473.20  192   17 2140592.28 2122058.29  0.87%   5.4 3275s
 7790966 2765267     cutoff  175      2140592.28 2122058.47  0.87%   5.4 3280s
 7802952 2768774 2123215.59  164   33 2140592.28 2122058.74  0.87%   5.4 3285s
 7813233 2772253     cutoff  197      2140592.28 2122058.90  0.87%   5.4 3290s
 7824847 2776365 2139247.86  184   22 2140592.28 2122059.08  0.87%   5.4 3295s
 7839374 2780012 2140538.72  205   18 2140592.28 2122059.31  0.87%   5.4 3300s
 7854476 2784288 2136304.88  178   30 2140592.28 2122059.58  0.87%   5.4 3305s
 7863686 2788037     cutoff  169      2140592.28 2122059.74  0.87%   5.4 3310s
 7875089 2790047 2137233.36  167   32 2140592.28 2122059.95  0.87%   5.3 3315s
 7886435 2794460     cutoff  164      2140592.28 2122060.18  0.87%   5.3 3320s
 7898353 2797442 2124935.18  171   34 2140592.28 2122060.46  0.87%   5.3 3325s
 7908064 2800537 2132512.87  179   32 2140592.28 2122060.67  0.87%   5.3 3330s
 7919677 2804005     cutoff  195      2140592.28 2122060.91  0.87%   5.3 3335s
 7931234 2807779 2139727.00  218   28 2140592.28 2122061.12  0.87%   5.3 3340s
 7942659 2810530 2133411.44  169   24 2140592.28 2122061.39  0.87%   5.3 3345s
 7950883 2812481 2139866.07  220   26 2140592.28 2122061.54  0.87%   5.3 3350s
 7961980 2816990 2139454.17  170   31 2140592.28 2122061.72  0.87%   5.3 3355s
 7972997 2819743 2124621.57  169   33 2140592.28 2122061.96  0.87%   5.3 3360s
 7984200 2822849 2140138.76  164   20 2140592.28 2122062.18  0.87%   5.3 3365s
 7995193 2826125 2135699.47  170   23 2140592.28 2122062.44  0.87%   5.3 3370s
 8004076 2828912     cutoff  178      2140592.28 2122062.64  0.87%   5.3 3375s
 8015640 2832119     cutoff  153      2140592.28 2122062.87  0.87%   5.3 3380s
 8027344 2835315 2138939.31  166   21 2140592.28 2122063.13  0.87%   5.3 3385s
 8039360 2837692 2133081.08  168   33 2140592.28 2122063.47  0.87%   5.3 3390s
 8047961 2839905 2139013.23  169   31 2140592.28 2122063.69  0.87%   5.3 3395s
 8059764 2842717     cutoff  163      2140592.28 2122064.00  0.87%   5.3 3400s
 8070457 2844966 2140204.87  143   22 2140592.28 2122064.25  0.87%   5.3 3405s
 8082608 2848840 2139997.87  182   23 2140592.28 2122064.47  0.87%   5.3 3410s
 8094577 2852626 2139011.55  196   29 2140592.28 2122064.69  0.87%   5.3 3415s
 8102741 2855671 2140147.96  187   21 2140592.28 2122064.80  0.87%   5.3 3420s
 8114484 2860390     cutoff  174      2140592.28 2122065.00  0.87%   5.3 3425s
 8126322 2864053     cutoff  163      2140592.28 2122065.24  0.87%   5.3 3430s
 8138091 2866844 2135746.48  179   25 2140592.28 2122065.46  0.87%   5.3 3435s
 8146913 2869168     cutoff  166      2140592.28 2122065.60  0.87%   5.3 3440s
 8157864 2871595 2139770.25  169   34 2140592.28 2122065.92  0.87%   5.3 3445s
 8168552 2874895 2122298.70  144   35 2140592.28 2122066.08  0.87%   5.3 3450s
 8179841 2878326     cutoff  176      2140592.28 2122066.25  0.87%   5.3 3455s
 8188054 2881091     cutoff  153      2140592.28 2122066.39  0.87%   5.3 3460s
 8199242 2884676     cutoff  154      2140592.28 2122066.51  0.87%   5.3 3465s
 8210232 2889207 2140302.63  197   16 2140592.28 2122066.65  0.87%   5.3 3470s
 8221737 2892857     cutoff  178      2140592.28 2122066.92  0.87%   5.3 3475s
 8230943 2895870 2139952.47  189   30 2140592.28 2122067.03  0.87%   5.3 3480s
 8242746 2898201 2139838.29  180   35 2140592.28 2122067.44  0.87%   5.3 3485s
 8255116 2901225 2140154.73  188   19 2140592.28 2122067.78  0.87%   5.3 3490s
 8266311 2904443 2140459.87  185   30 2140592.28 2122068.00  0.87%   5.3 3495s
 8277796 2907050     cutoff  165      2140592.28 2122068.33  0.87%   5.3 3500s
 8287130 2909542 2138584.57  167   31 2140592.28 2122068.56  0.87%   5.3 3505s
 8298834 2912641     cutoff  175      2140592.28 2122068.77  0.87%   5.3 3510s
 8310654 2915098 2139471.38  163   22 2140592.28 2122069.00  0.87%   5.3 3515s
 8321945 2917433 2139746.56  197   20 2140592.28 2122069.25  0.87%   5.3 3520s
 8333432 2919490     cutoff  214      2140592.28 2122069.57  0.87%   5.3 3525s
 8342890 2922530 2134922.14  170   34 2140592.28 2122069.74  0.87%   5.3 3530s
 8354045 2925781 2139963.78  199   20 2140592.28 2122069.94  0.87%   5.3 3535s
 8365819 2929529 2135406.93  190   23 2140592.28 2122070.16  0.87%   5.3 3540s
 8377316 2932757 2138814.12  176   23 2140592.28 2122070.37  0.87%   5.3 3545s
 8386246 2936371     cutoff  151      2140592.28 2122070.53  0.87%   5.3 3550s
 8398267 2940741     cutoff  145      2140592.28 2122070.77  0.87%   5.3 3555s
 8409845 2943856     cutoff  171      2140592.28 2122071.08  0.87%   5.3 3560s
 8424353 2947701     cutoff  197      2140592.28 2122071.36  0.87%   5.3 3565s
 8434321 2950309 2139776.41  163   30 2140592.28 2122071.54  0.87%   5.3 3570s
 8447610 2954145 2139893.54  168   20 2140592.28 2122071.75  0.87%   5.3 3575s
 8460179 2958717 2139021.87  164   23 2140592.28 2122071.94  0.87%   5.3 3580s
 8470128 2961635 2138481.17  177   19 2140592.28 2122072.13  0.87%   5.3 3585s
 8482775 2966640 2139759.44  176   30 2140592.28 2122072.30  0.87%   5.3 3590s
 8495656 2970085     cutoff  177      2140592.28 2122072.58  0.87%   5.3 3595s
 8507036 2974110 2139192.99  175   21 2140592.28 2122072.71  0.87%   5.3 3600s

Cutting planes:
  RLT: 18

Explored 8507076 nodes (44953006 simplex iterations) in 3600.01 seconds (1526.28 work units)
Thread count was 2 (of 24 available processors)

Solution count 10: 2.14059e+06 2.1406e+06 2.14074e+06 ... 2.14104e+06

Time limit reached
Best objective 2.140592280583e+06, best bound 2.122072709291e+06, gap 0.8652%
