
Gurobi 11.0.3 (linux64, Java) logging started qua 11 dez 2024 09:51:20 -03

Set parameter Username
Academic license - for non-commercial use only - expires 2025-10-10
Set parameter NonConvex to value 2
Set parameter TimeLimit to value 3600
Set parameter LogToConsole to value 0
Set parameter MIPGap to value 2.3060879868461677e-07
Set parameter Threads to value 2
Set parameter NodefileDir to value "/home/ps12398/experiment_epec/goalProgrammingMarcos/"
Set parameter NodefileStart to value 1
Gurobi Optimizer version 11.0.3 build v11.0.3rc0 (linux64)

CPU model: Intel(R) Xeon(R) CPU           X5650  @ 2.67GHz, instruction set [SSE2]
Thread count: 12 physical cores, 24 logical processors, using up to 2 threads

Optimize a model with 8150 rows, 5573 columns and 26647 nonzeros
Model fingerprint: 0x99878453
Model has 57 quadratic constraints
Variable types: 2762 continuous, 2811 integer (52 binary)
Coefficient statistics:
  Matrix range     [2e-02, 8e+05]
  QMatrix range    [2e-02, 3e+04]
  QLMatrix range   [1e+00, 3e+04]
  Objective range  [1e+00, 9e+06]
  Bounds range     [1e+00, 1e+08]
  RHS range        [1e+00, 7e+05]
Presolve removed 8121 rows and 5528 columns
Presolve time: 0.05s
Presolved: 102 rows, 69 columns, 518 nonzeros
Presolved model has 24 bilinear constraint(s)

Solving non-convex MIQCP

Variable types: 51 continuous, 18 integer (0 binary)
Found heuristic solution: objective 2502516.1147

Root relaxation: objective 1.881449e+06, 65 iterations, 0.00 seconds (0.00 work units)

    Nodes    |    Current Node    |     Objective Bounds      |     Work
 Expl Unexpl |  Obj  Depth IntInf | Incumbent    BestBd   Gap | It/Node Time

     0     0 1881448.90    0   39 2502516.11 1881448.90  24.8%     -    0s
H    0     0                    2325876.9745 1881448.90  19.1%     -    0s
     0     0 1980990.99    0   40 2325876.97 1980990.99  14.8%     -    0s
H    0     0                    2234627.4857 1980990.99  11.4%     -    0s
     0     0 2027110.99    0   39 2234627.49 2027110.99  9.29%     -    0s
     0     0 2031127.37    0   39 2234627.49 2031127.37  9.11%     -    0s
H    0     0                    2208530.3778 2031127.37  8.03%     -    0s
     0     0 2031127.37    0   39 2208530.38 2031127.37  8.03%     -    0s
H    0     0                    2205279.2563 2031127.37  7.90%     -    0s
     0     2 2031127.37    0   39 2205279.26 2031127.37  7.90%     -    0s
H    4     6                    2204286.3299 2031127.37  7.86%   1.2    0s
H   17    20                    2201545.3532 2031129.44  7.74%   1.3    0s
H   21    24                    2201259.5962 2031129.44  7.73%   1.3    0s
H   27    30                    2200153.3241 2031130.13  7.68%   1.2    0s
H   29    36                    2198621.6666 2031130.13  7.62%   1.2    0s
H   33    36                    2198043.4107 2031130.82  7.59%   1.2    0s
H   44    54                    2197403.0060 2031132.90  7.57%   1.2    0s
H  160   286                    2192927.4285 2031146.71  7.38%   1.3    0s
H  285   509                    2192769.9601 2031159.84  7.37%   1.3    0s
H 1577  1700                    2182343.4685 2031250.33  6.92%   2.7    0s
H 1944  2153                    2181705.3592 2031251.01  6.90%   3.0    0s
H 2274  2392                    2180679.8704 2031251.01  6.85%   2.9    0s
H 2720  2574                    2179545.5448 2104303.45  3.45%   3.1    1s
H 3108  2781                    2170096.2293 2104303.45  3.03%   2.9    1s
H 3205  2749                    2169702.4136 2104303.45  3.01%   2.9    1s
H 3690  2964                    2167067.9989 2104303.45  2.90%   3.2    1s
H 4369  3124                    2166052.7331 2104303.45  2.85%   3.7    1s
* 5678  3048             711    2166045.0578 2104432.88  2.84%   4.0    2s
* 5679  2950             711    2166031.6154 2104432.88  2.84%   4.0    2s
 17867 12683 2151597.97  494   27 2166031.62 2104734.48  2.83%   3.9    5s
*20658 13942             162    2166013.9506 2104752.95  2.83%   4.0    5s
*20674 13938             171    2165932.1002 2104752.95  2.82%   4.0    5s
*20677 13938             173    2165928.0891 2104752.95  2.82%   4.0    5s
H21538 14584                    2165254.5943 2104765.73  2.79%   4.0    5s
H23758 16104                    2165231.9280 2104893.99  2.79%   3.8    6s
*23780 16103             182    2165204.7598 2104893.99  2.79%   3.8    6s
*23782 16097             183    2165175.8702 2104893.99  2.78%   3.8    6s
*23785 16097             185    2165173.8467 2104893.99  2.78%   3.8    6s
*23788 16097             187    2165173.5780 2104893.99  2.78%   3.8    6s
*23790 16097             188    2165173.4673 2104893.99  2.78%   3.8    6s
*23791 16097             188    2165173.4590 2104893.99  2.78%   3.8    6s
*23792 16097             186    2165173.3822 2104893.99  2.78%   3.8    6s
*26213 17949             228    2164814.6899 2104964.22  2.76%   3.7    7s
*26214 17949             228    2164814.6866 2104964.22  2.76%   3.7    7s
H27454 18597                    2164255.9315 2104966.90  2.74%   3.6    7s
H28641 19486                    2164209.3410 2104969.27  2.74%   3.6    7s
H28943 19642                    2164141.7229 2104969.42  2.73%   3.6    7s
H30365 20710                    2164117.0203 2104971.94  2.73%   3.5    8s
*32244 21563             227    2163752.4727 2104975.09  2.72%   3.4    8s
*32245 21563             227    2163751.5050 2104975.09  2.72%   3.4    8s
 38024 25501     cutoff   94      2163751.51 2105128.86  2.71%   3.3   10s
 58053 39715 2131641.99  284   28 2163751.51 2105485.49  2.69%   3.0   15s
H66255 45246                    2163674.6736 2105511.25  2.69%   3.0   17s
H67470 46117                    2163602.5624 2105512.99  2.68%   3.0   17s
H68672 46690                    2163556.2232 2105518.78  2.68%   3.0   17s
H70018 47330                    2163513.1941 2105523.80  2.68%   3.0   18s
 76483 51556 2132236.64  425   28 2163513.19 2105541.93  2.68%   2.9   20s
H82914 55493                    2163512.6811 2105559.29  2.68%   2.9   21s
 94856 63328 2147723.87  613   32 2163512.68 2105607.47  2.68%   2.9   25s
 113526 74322 2142948.77   85   24 2163512.68 2105892.86  2.66%   2.9   30s
H123475 81190                    2163461.6498 2106143.69  2.65%   2.8   32s
H126608 82690                    2163461.6414 2106233.15  2.65%   2.8   33s
H128431 84125                    2163434.5867 2106243.01  2.64%   2.8   33s
H129505 84431                    2163434.5331 2106245.68  2.64%   2.8   34s
 132495 86149 2154533.09  121   29 2163434.53 2106323.56  2.64%   2.8   35s
 153484 100872 2144684.84  429   35 2163434.53 2106970.98  2.61%   2.7   40s
 173888 112915 2163050.21  151   14 2163434.53 2107180.44  2.60%   2.7   45s
 193331 125444 2163418.54  385   19 2163434.53 2107280.94  2.60%   2.7   50s
 213981 139955 2156144.09  206   29 2163434.53 2108380.82  2.54%   2.6   55s
 235421 155168 2160666.14  266   28 2163434.53 2108837.27  2.52%   2.6   60s
 254033 167364 2147835.15  302   33 2163434.53 2108897.68  2.52%   2.6   65s
*272521 178516             745    2163283.4508 2109226.76  2.50%   2.5   69s
*272529 178246             744    2163228.9320 2109226.76  2.50%   2.5   69s
 273603 178928     cutoff  126      2163228.93 2109265.51  2.49%   2.5   70s
 295858 192903 2140222.26  389   35 2163228.93 2109852.42  2.47%   2.5   75s
H314626 204804                    2163214.0262 2110567.17  2.43%   2.5   79s
 319038 206733 2150447.87   86   25 2163214.03 2110617.89  2.43%   2.5   80s
 337690 217630     cutoff  442      2163214.03 2111337.76  2.40%   2.5   85s
 354928 227511 2154216.34  128   32 2163214.03 2112295.21  2.35%   2.6   90s
 372959 236962 2146504.37  122   35 2163214.03 2113105.24  2.32%   2.6   95s
 390893 246825 2129141.13  718   36 2163214.03 2113666.86  2.29%   2.6  100s
 408835 256963     cutoff  729      2163214.03 2114151.75  2.27%   2.7  105s
 426716 265792 2162436.38  163   22 2163214.03 2114579.57  2.25%   2.7  110s
 443565 274521 2161044.84  114   36 2163214.03 2114915.56  2.23%   2.7  115s
 460722 283535 2149085.54   79   24 2163214.03 2115460.75  2.21%   2.8  120s
H478751 292793                    2163198.7558 2116058.84  2.18%   2.8  125s
 495307 300760     cutoff  736      2163198.76 2116526.48  2.16%   2.8  130s
 511195 305027 2147056.79  322   22 2163198.76 2116605.02  2.15%   2.9  135s
H525288 307923                    2163042.2525 2116647.99  2.14%   2.9  139s
 526077 308171 2159458.92  348   22 2163042.25 2116647.99  2.14%   2.9  140s
 541695 313831 2149425.44  470   32 2163042.25 2116759.54  2.14%   3.0  145s
 558218 321799 2117098.15  109   36 2163042.25 2117042.29  2.13%   3.0  150s
 574456 330041     cutoff  104      2163042.25 2117284.47  2.12%   3.1  155s
 591754 339444 2137835.03   74   36 2163042.25 2117638.42  2.10%   3.0  160s
 608714 348065     cutoff  233      2163042.25 2118137.15  2.08%   3.0  165s
 625496 355995     cutoff  227      2163042.25 2118505.77  2.06%   3.1  170s
 641490 363147 2146876.18  721   24 2163042.25 2118838.19  2.04%   3.1  175s
 658445 371048     cutoff   75      2163042.25 2119090.68  2.03%   3.1  180s
 676514 381340     cutoff  664      2163042.25 2119168.02  2.03%   3.1  185s
H677233 379468                    2162866.1978 2119168.02  2.02%   3.1  185s
 692915 388020 2149491.77  103   24 2162866.20 2119337.19  2.01%   3.1  190s
 711061 396521 2150611.82  216   32 2162866.20 2119589.38  2.00%   3.1  195s
 727712 404349     cutoff  337      2162866.20 2119719.68  1.99%   3.1  200s
 742805 410078     cutoff  475      2162866.20 2119823.18  1.99%   3.1  205s
 760701 415110 2143134.79  236   34 2162866.20 2119881.91  1.99%   3.1  210s
 778184 424630     cutoff  402      2162866.20 2120103.87  1.98%   3.1  215s
 794894 433909     cutoff  504      2162866.20 2120333.74  1.97%   3.1  220s
 813409 444824 2149682.76  727   35 2162866.20 2120444.10  1.96%   3.1  225s
 830427 452940     cutoff  170      2162866.20 2120564.11  1.96%   3.1  230s
 848572 462321     cutoff  346      2162866.20 2120683.38  1.95%   3.1  235s
 864053 465970 2153655.88  616   21 2162866.20 2120721.04  1.95%   3.1  240s
 879967 471239 2161935.60  376   17 2162866.20 2120766.95  1.95%   3.1  245s
 896868 478844 2159410.81  259   33 2162866.20 2120819.60  1.94%   3.1  250s
 915154 489100 2138650.02  324   35 2162866.20 2120898.84  1.94%   3.1  255s
 931993 498415 2132870.98   82   34 2162866.20 2121052.90  1.93%   3.1  260s
 949037 506573     cutoff  468      2162866.20 2121187.47  1.93%   3.1  265s
 965813 515984 2132248.86  235   35 2162866.20 2121270.62  1.92%   3.1  270s
 983735 526721 2125090.86  123   36 2162866.20 2121451.85  1.91%   3.0  275s
 1002115 537236     cutoff   99      2162866.20 2121618.46  1.91%   3.0  280s
 1020403 547347     cutoff  143      2162866.20 2121809.57  1.90%   3.0  285s
 1038676 557849     cutoff  746      2162866.20 2121960.81  1.89%   3.0  290s
 1056438 567426     cutoff  422      2162866.20 2122099.88  1.88%   3.0  295s
 1074283 577151 2156212.21  101   30 2162866.20 2122183.64  1.88%   3.0  300s
 1092167 585969 2146084.60  396   33 2162866.20 2122228.36  1.88%   3.0  305s
 1109790 593861 2139304.68  512   35 2162866.20 2122265.35  1.88%   3.0  310s
 1127032 601562 2157207.21  296   32 2162866.20 2122288.39  1.88%   3.0  315s
 1145097 610435 2147181.84   73   20 2162866.20 2122340.63  1.87%   2.9  320s
 1162389 620188     cutoff  557      2162866.20 2122480.42  1.87%   2.9  325s
 1180300 629948     cutoff  157      2162866.20 2122572.94  1.86%   2.9  330s
 1197147 638596 2140113.92  254   36 2162866.20 2122669.45  1.86%   2.9  335s
 1215490 648552 2135436.57  131   36 2162866.20 2122784.83  1.85%   2.9  340s
 1233673 656529     cutoff  591      2162866.20 2122866.43  1.85%   2.9  345s
 1249867 664042 2141590.82  369   35 2162866.20 2122934.05  1.85%   2.9  350s
H1254270 664609                    2162708.1552 2122956.90  1.84%   2.9  351s
 1266887 671964 2159404.81  448   33 2162708.16 2123038.37  1.83%   2.9  355s
 1292865 683146     cutoff  232      2162708.16 2123122.25  1.83%   2.9  360s
 1319507 697544 2144655.22  150   35 2162708.16 2123203.32  1.83%   2.9  365s
 1345186 712278 2155593.56  458   31 2162708.16 2123260.94  1.82%   2.9  370s
 1370510 724971     cutoff  558      2162708.16 2123365.41  1.82%   2.9  375s
 1395336 737923 2126547.15  223   37 2162708.16 2123440.85  1.82%   2.9  380s
 1419890 749163 2133819.65   69   36 2162708.16 2123528.81  1.81%   2.9  385s
 1445166 763240 2145173.56  414   35 2162708.16 2123630.18  1.81%   2.9  390s
 1470319 777059 2155714.25  218   22 2162708.16 2123704.19  1.80%   2.9  395s
 1490868 787970     cutoff  468      2162708.16 2123789.09  1.80%   2.9  400s
 1509221 798650 2161299.07  633   30 2162708.16 2123831.28  1.80%   2.8  405s
 1535625 812113     cutoff  307      2162708.16 2123911.50  1.79%   2.8  410s
 1561703 824349     cutoff  594      2162708.16 2123983.02  1.79%   2.8  415s
 1587841 838233     cutoff  120      2162708.16 2124061.50  1.79%   2.8  420s
 1613706 852436     cutoff  140      2162708.16 2124140.90  1.78%   2.8  425s
 1638803 865218 2137497.87  571   37 2162708.16 2124202.98  1.78%   2.8  430s
 1663503 878047 2159921.10  295   33 2162708.16 2124248.41  1.78%   2.8  435s
 1680915 886028     cutoff  183      2162708.16 2124285.12  1.78%   2.8  440s
 1696720 893530 2161024.37  691   31 2162708.16 2124315.38  1.78%   2.8  445s
 1713290 901415 2146122.30  489   34 2162708.16 2124351.11  1.77%   2.8  450s
 1729194 910109 2144143.87  733   35 2162708.16 2124395.12  1.77%   2.8  455s
 1747156 919633     cutoff  195      2162708.16 2124452.32  1.77%   2.8  460s
 1765198 929815 2158872.25  492   23 2162708.16 2124506.98  1.77%   2.8  465s
 1781629 939173     cutoff  255      2162708.16 2124538.18  1.76%   2.8  470s
 1798828 947980 2150283.18  179   34 2162708.16 2124576.88  1.76%   2.8  475s
 1815943 958136 2155491.65   90   34 2162708.16 2124611.90  1.76%   2.8  480s
 1833543 967181     cutoff  658      2162708.16 2124658.65  1.76%   2.8  485s
 1850171 976178 2129061.69  193   38 2162708.16 2124699.16  1.76%   2.7  490s
 1874937 988945     cutoff  457      2162708.16 2124759.72  1.75%   2.7  495s
 1899818 1001945 2152037.73  100   36 2162708.16 2124807.11  1.75%   2.7  500s
 1923391 1014988 2159115.65  315   32 2162708.16 2124844.23  1.75%   2.7  505s
 1940605 1024967 2137532.72   80   37 2162708.16 2124889.07  1.75%   2.7  510s
 1959883 1035071 2161221.59  112   27 2162708.16 2124934.75  1.75%   2.7  515s
H1974802 1042955                    2162694.1092 2124962.70  1.74%   2.7  519s
 1976586 1044046 2150150.96  486   33 2162694.11 2124963.68  1.74%   2.7  520s
H1977267 1042973                    2162624.4525 2124964.02  1.74%   2.7  520s
 1997344 1054136 2152637.29  121   33 2162624.45 2124992.18  1.74%   2.7  525s
 2014810 1063022 2162395.99  377   18 2162624.45 2125029.71  1.74%   2.7  530s
 2030543 1070747 2153906.78  745   32 2162624.45 2125060.85  1.74%   2.7  535s
 2047940 1080570 2158766.00  597   29 2162624.45 2125101.87  1.74%   2.7  540s
 2067800 1091838 2161946.14  368   32 2162624.45 2125127.74  1.73%   2.7  545s
 2084492 1100972 2133511.99  274   37 2162624.45 2125148.53  1.73%   2.7  550s
 2101728 1109997 2161633.97  234   20 2162624.45 2125176.16  1.73%   2.7  555s
 2118035 1118677 2154392.94  712   31 2162624.45 2125202.21  1.73%   2.7  560s
 2135536 1128530 2159166.83  246   32 2162624.45 2125249.07  1.73%   2.7  565s
 2151802 1137233 2153933.69   73   21 2162624.45 2125290.60  1.73%   2.7  570s
 2171682 1148282 2134815.98  112   36 2162624.45 2125327.33  1.72%   2.7  575s
 2189489 1157908 2147776.13  234   34 2162624.45 2125376.09  1.72%   2.7  580s
 2208309 1167702 2161031.94  277   21 2162624.45 2125402.80  1.72%   2.7  585s
 2227780 1178664     cutoff  126      2162624.45 2125439.34  1.72%   2.7  590s
 2245456 1188572 2147463.14   72   35 2162624.45 2125476.13  1.72%   2.7  595s
 2262132 1198478     cutoff  172      2162624.45 2125509.83  1.72%   2.7  600s
 2279209 1207739     cutoff   98      2162624.45 2125548.60  1.71%   2.6  605s
 2296109 1216671 2154480.54  627   32 2162624.45 2125579.36  1.71%   2.6  610s
 2315207 1227189 2151767.16  687   33 2162624.45 2125617.62  1.71%   2.6  615s
 2332222 1236220 2157377.70   92   32 2162624.45 2125647.17  1.71%   2.6  620s
 2349655 1245456 2132800.87  177   37 2162624.45 2125684.30  1.71%   2.6  625s
 2366321 1254362     cutoff  580      2162624.45 2125718.69  1.71%   2.6  630s
 2383012 1263210 2158946.92  596   32 2162624.45 2125754.77  1.70%   2.6  635s
 2400373 1272536     cutoff  694      2162624.45 2125792.10  1.70%   2.6  640s
 2416362 1280985 2160166.15  744   31 2162624.45 2125814.84  1.70%   2.6  645s
 2433803 1290672     cutoff  449      2162624.45 2125846.21  1.70%   2.6  650s
 2451974 1299627 2143852.14  537   35 2162624.45 2125875.98  1.70%   2.6  655s
 2469478 1308980 2159329.78  322   23 2162624.45 2125906.22  1.70%   2.6  660s
 2486671 1318787 2153116.67  270   26 2162624.45 2125933.38  1.70%   2.6  665s
 2503854 1326722 2153277.14  127   29 2162624.45 2125964.42  1.70%   2.6  670s
 2521882 1336870 2128733.82  409   38 2162624.45 2125990.91  1.69%   2.6  675s
 2539508 1347163     cutoff   82      2162624.45 2126022.38  1.69%   2.6  680s
 2556207 1355940 2146309.59  493   34 2162624.45 2126060.73  1.69%   2.6  685s
 2573281 1364483 2155659.90  114   33 2162624.45 2126086.67  1.69%   2.6  690s
 2589349 1373307 2150313.77  119   35 2162624.45 2126107.24  1.69%   2.6  695s
 2606288 1381949 2162295.38  316   22 2162624.45 2126131.06  1.69%   2.6  700s
 2622172 1390626     cutoff  742      2162624.45 2126148.46  1.69%   2.6  705s
 2639078 1400052     cutoff  366      2162624.45 2126176.64  1.69%   2.6  710s
 2655511 1409384 2145506.54  123   36 2162624.45 2126201.96  1.68%   2.6  715s
 2672301 1418615 2162547.75  516   30 2162624.45 2126210.35  1.68%   2.6  720s
 2688548 1426985     cutoff  362      2162624.45 2126237.55  1.68%   2.6  725s
 2705457 1436594     cutoff  170      2162624.45 2126262.95  1.68%   2.6  730s
 2721246 1445401 2156566.50  148   23 2162624.45 2126281.44  1.68%   2.6  735s
 2738016 1454420 2155571.74  361   30 2162624.45 2126305.86  1.68%   2.6  740s
 2754388 1462374 2141550.13  189   37 2162624.45 2126331.38  1.68%   2.6  745s
 2771214 1471662     cutoff  215      2162624.45 2126350.17  1.68%   2.6  750s
 2788264 1480895 2156245.48  217   33 2162624.45 2126372.50  1.68%   2.6  755s
 2806462 1490495 2159193.54  270   30 2162624.45 2126396.59  1.68%   2.6  760s
 2823269 1498998 2136042.47  371   35 2162624.45 2126419.38  1.67%   2.6  765s
 2840411 1507714 2154036.65   66   36 2162624.45 2126445.29  1.67%   2.6  770s
 2856034 1514511 2144042.39   83   35 2162624.45 2126464.23  1.67%   2.6  775s
 2872672 1522707 2151837.15  176   34 2162624.45 2126487.64  1.67%   2.6  780s
 2888414 1530484     cutoff  513      2162624.45 2126511.05  1.67%   2.6  785s
 2904305 1538432     cutoff  303      2162624.45 2126535.24  1.67%   2.6  790s
 2920274 1546924 2152699.94  620   33 2162624.45 2126557.78  1.67%   2.6  795s

Gurobi 11.0.3 (linux64, Java) logging started qua 11 dez 2024 15:00:42 -03

Set parameter Username
Academic license - for non-commercial use only - expires 2025-10-10
Set parameter NonConvex to value 2
Set parameter TimeLimit to value 3600
Set parameter LogToConsole to value 0
Set parameter MIPGap to value 2.3060879868461677e-07
Set parameter Threads to value 2
Set parameter NodefileDir to value "/home/ps12398/experiment_epec/goalProgrammingMarcos/"
Set parameter NodefileStart to value 1
Gurobi Optimizer version 11.0.3 build v11.0.3rc0 (linux64)

CPU model: Intel(R) Xeon(R) CPU           X5650  @ 2.67GHz, instruction set [SSE2]
Thread count: 12 physical cores, 24 logical processors, using up to 2 threads

Optimize a model with 8150 rows, 5573 columns and 26647 nonzeros
Model fingerprint: 0x99878453
Model has 57 quadratic constraints
Variable types: 2762 continuous, 2811 integer (52 binary)
Coefficient statistics:
  Matrix range     [2e-02, 8e+05]
  QMatrix range    [2e-02, 3e+04]
  QLMatrix range   [1e+00, 3e+04]
  Objective range  [1e+00, 9e+06]
  Bounds range     [1e+00, 1e+08]
  RHS range        [1e+00, 7e+05]
Presolve removed 8121 rows and 5528 columns
Presolve time: 0.04s
Presolved: 102 rows, 69 columns, 518 nonzeros
Presolved model has 24 bilinear constraint(s)

Solving non-convex MIQCP

Variable types: 51 continuous, 18 integer (0 binary)
Found heuristic solution: objective 2502516.1147

Root relaxation: objective 1.881449e+06, 65 iterations, 0.00 seconds (0.00 work units)

    Nodes    |    Current Node    |     Objective Bounds      |     Work
 Expl Unexpl |  Obj  Depth IntInf | Incumbent    BestBd   Gap | It/Node Time

     0     0 1881448.90    0   39 2502516.11 1881448.90  24.8%     -    0s
H    0     0                    2325876.9745 1881448.90  19.1%     -    0s
     0     0 1980990.99    0   40 2325876.97 1980990.99  14.8%     -    0s
H    0     0                    2234627.4857 1980990.99  11.4%     -    0s
     0     0 2027110.99    0   39 2234627.49 2027110.99  9.29%     -    0s
     0     0 2031127.37    0   39 2234627.49 2031127.37  9.11%     -    0s
H    0     0                    2208530.3778 2031127.37  8.03%     -    0s
     0     0 2031127.37    0   39 2208530.38 2031127.37  8.03%     -    0s
H    0     0                    2205279.2563 2031127.37  7.90%     -    0s
     0     2 2031127.37    0   39 2205279.26 2031127.37  7.90%     -    0s
H    4     6                    2204286.3299 2031127.37  7.86%   1.2    0s
H   17    20                    2201545.3532 2031129.44  7.74%   1.3    0s
H   21    24                    2201259.5962 2031129.44  7.73%   1.3    0s
H   27    30                    2200153.3241 2031130.13  7.68%   1.2    0s
H   29    36                    2198621.6666 2031130.13  7.62%   1.2    0s
H   33    36                    2198043.4107 2031130.82  7.59%   1.2    0s
H   44    54                    2197403.0060 2031132.90  7.57%   1.2    0s
H  160   286                    2192927.4285 2031146.71  7.38%   1.3    0s
H  285   509                    2192769.9601 2031159.84  7.37%   1.3    0s
H 1577  1700                    2182343.4685 2031250.33  6.92%   2.7    0s
H 1944  2153                    2181705.3592 2031251.01  6.90%   3.0    0s
H 2274  2392                    2180679.8704 2031251.01  6.85%   2.9    0s
H 2720  2574                    2179545.5448 2104303.45  3.45%   3.1    1s
H 3108  2781                    2170096.2293 2104303.45  3.03%   2.9    1s
H 3205  2749                    2169702.4136 2104303.45  3.01%   2.9    1s
H 3690  2964                    2167067.9989 2104303.45  2.90%   3.2    1s
H 4369  3124                    2166052.7331 2104303.45  2.85%   3.7    1s
* 5678  3048             711    2166045.0578 2104432.88  2.84%   4.0    2s
* 5679  2950             711    2166031.6154 2104432.88  2.84%   4.0    2s
 18453 13116 2110993.86   63   35 2166031.62 2104752.95  2.83%   3.9    5s
*20658 13942             162    2166013.9506 2104752.95  2.83%   4.0    5s
*20674 13938             171    2165932.1002 2104752.95  2.82%   4.0    5s
*20677 13938             173    2165928.0891 2104752.95  2.82%   4.0    5s
H21538 14584                    2165254.5943 2104765.73  2.79%   4.0    5s
H23758 16104                    2165231.9280 2104893.99  2.79%   3.8    6s
*23780 16103             182    2165204.7598 2104893.99  2.79%   3.8    6s
*23782 16097             183    2165175.8702 2104893.99  2.78%   3.8    6s
*23785 16097             185    2165173.8467 2104893.99  2.78%   3.8    6s
*23788 16097             187    2165173.5780 2104893.99  2.78%   3.8    6s
*23790 16097             188    2165173.4673 2104893.99  2.78%   3.8    6s
*23791 16097             188    2165173.4590 2104893.99  2.78%   3.8    6s
*23792 16097             186    2165173.3822 2104893.99  2.78%   3.8    6s
*26213 17949             228    2164814.6899 2104964.22  2.76%   3.7    6s
*26214 17949             228    2164814.6866 2104964.22  2.76%   3.7    6s
H27454 18597                    2164255.9315 2104966.90  2.74%   3.6    7s
H28641 19486                    2164209.3410 2104969.27  2.74%   3.6    7s
H28943 19642                    2164141.7229 2104969.42  2.73%   3.6    7s
H30365 20710                    2164117.0203 2104971.94  2.73%   3.5    7s
*32244 21563             227    2163752.4727 2104975.09  2.72%   3.4    8s
*32245 21563             227    2163751.5050 2104975.09  2.72%   3.4    8s
 39474 26995 2147185.21  716   22 2163751.51 2105196.39  2.71%   3.2   10s
 59720 40893 2120578.22  278   39 2163751.51 2105489.83  2.69%   3.0   15s
H66255 45246                    2163674.6736 2105511.25  2.69%   3.0   16s
H67470 46117                    2163602.5624 2105512.99  2.68%   3.0   17s
H68672 46690                    2163556.2232 2105518.78  2.68%   3.0   17s
H70018 47330                    2163513.1941 2105523.80  2.68%   3.0   17s
 78297 52676 2151413.97  452   23 2163513.19 2105548.40  2.68%   2.9   20s
H82914 55493                    2163512.6811 2105559.29  2.68%   2.9   21s
 97193 64813     cutoff  621      2163512.68 2105617.59  2.68%   2.9   25s
 116690 76546 2142632.80  100   36 2163512.68 2105971.70  2.66%   2.9   30s
H123475 81190                    2163461.6498 2106143.69  2.65%   2.8   31s
H126608 82690                    2163461.6414 2106233.15  2.65%   2.8   32s
H128431 84125                    2163434.5867 2106243.01  2.64%   2.8   33s
H129505 84431                    2163434.5331 2106245.68  2.64%   2.8   33s
 136758 89531     cutoff  169      2163434.53 2106508.42  2.63%   2.8   35s
 157708 103249 2138843.75  269   37 2163434.53 2106970.98  2.61%   2.7   40s
 179097 115778 2159819.34  717   35 2163434.53 2107217.30  2.60%   2.7   45s
 198429 128441     cutoff  232      2163434.53 2107419.93  2.59%   2.7   50s
 220477 144789 2144802.97  291   34 2163434.53 2108684.62  2.53%   2.6   55s
 241391 159306     cutoff  423      2163434.53 2108858.18  2.52%   2.6   60s
 260647 170746 2159509.35  363   33 2163434.53 2108938.72  2.52%   2.6   65s
*272521 178516             745    2163283.4508 2109226.76  2.50%   2.5   67s
*272529 178246             744    2163228.9320 2109226.76  2.50%   2.5   67s
 283308 185396     cutoff  313      2163228.93 2109624.85  2.48%   2.5   70s
 306152 199419 2153230.00  728   21 2163228.93 2110213.73  2.45%   2.5   75s
H314626 204804                    2163214.0262 2110567.17  2.43%   2.5   76s
 328095 212718     cutoff  350      2163214.03 2110965.03  2.42%   2.5   80s
 346166 222083 2156606.78   72   35 2163214.03 2111809.51  2.38%   2.5   85s
 364280 232756 2161834.00  232   27 2163214.03 2112652.54  2.34%   2.6   90s
 382715 242662 2133863.35   73   35 2163214.03 2113492.36  2.30%   2.6   95s
 400725 252580 2160584.31  747   30 2163214.03 2113843.04  2.28%   2.7  100s
 423541 264635 2159397.98  127   20 2163214.03 2114540.39  2.25%   2.7  105s
 448087 277072 2147165.12   72   34 2163214.03 2115153.44  2.22%   2.7  110s
 468828 288178     cutoff  727      2163214.03 2115751.86  2.19%   2.8  115s
H478751 292793                    2163198.7558 2116058.84  2.18%   2.8  117s
 486063 296521     cutoff  247      2163198.76 2116274.84  2.17%   2.8  120s
 503065 303366     cutoff  592      2163198.76 2116605.02  2.15%   2.8  125s
 518912 306772 2159024.36  301   30 2163198.76 2116631.74  2.15%   2.9  130s
H525288 307923                    2163042.2525 2116647.99  2.14%   2.9  132s
 533875 310196 2156183.33  709   22 2163042.25 2116647.99  2.14%   3.0  135s
 550921 318615 2144950.14   86   34 2163042.25 2116855.43  2.14%   3.0  140s
 567032 325788 2155598.74  226   24 2163042.25 2117140.65  2.12%   3.1  145s
 585515 336247     cutoff  121      2163042.25 2117459.48  2.11%   3.0  150s
 602739 345056 2162996.16  484   31 2163042.25 2117986.28  2.08%   3.1  155s
 620643 354237 2154321.40   82   21 2163042.25 2118443.79  2.06%   3.1  160s
 636463 360972 2157447.41  387   23 2163042.25 2118740.17  2.05%   3.1  165s
 654004 368907     cutoff  200      2163042.25 2118972.16  2.04%   3.1  170s
 671954 378532 2153571.20  728   32 2163042.25 2119168.02  2.03%   3.1  175s
H677233 379468                    2162866.1978 2119168.02  2.02%   3.1  176s
 688983 385873 2153770.15  197   33 2162866.20 2119249.52  2.02%   3.1  180s
 707781 394473     cutoff  289      2162866.20 2119570.46  2.00%   3.1  185s
 725668 403554 2157762.22  533   23 2162866.20 2119700.55  2.00%   3.1  190s
 741383 409560 2140578.36  367   36 2162866.20 2119823.18  1.99%   3.1  195s
 759769 414859     cutoff  376      2162866.20 2119880.25  1.99%   3.1  200s
 778746 424849     cutoff  280      2162866.20 2120103.87  1.98%   3.1  205s
 796589 434742     cutoff  589      2162866.20 2120333.74  1.97%   3.1  210s
 816308 446262     cutoff  725      2162866.20 2120457.95  1.96%   3.1  215s
 834129 455331 2152241.18  452   29 2162866.20 2120593.97  1.95%   3.1  220s
 852405 462843 2124137.00   92   37 2162866.20 2120693.99  1.95%   3.1  225s
 868364 466723     cutoff  129      2162866.20 2120729.17  1.95%   3.1  230s
 885066 472656     cutoff  651      2162866.20 2120777.87  1.95%   3.1  235s
 903445 482707 2157668.37  219   34 2162866.20 2120851.72  1.94%   3.1  240s
 921252 492069     cutoff  744      2162866.20 2120964.89  1.94%   3.1  245s
 940038 502896 2138277.68  100   31 2162866.20 2121105.04  1.93%   3.1  250s
 956646 510646 2155560.32  130   31 2162866.20 2121246.43  1.92%   3.1  255s
 974613 521717 2154406.45  530   32 2162866.20 2121340.66  1.92%   3.0  260s
 993433 532202 2133001.28  265   37 2162866.20 2121564.64  1.91%   3.0  265s
 1012200 543292     cutoff  139      2162866.20 2121728.49  1.90%   3.0  270s
 1031944 554005 2162071.48  340   32 2162866.20 2121897.93  1.89%   3.0  275s
 1049695 563747     cutoff  378      2162866.20 2122065.07  1.89%   3.0  280s
 1068517 574130 2151702.03  125   34 2162866.20 2122172.69  1.88%   3.0  285s
 1086380 583549 2145331.03  110   34 2162866.20 2122210.94  1.88%   3.0  290s
 1104922 591561     cutoff  131      2162866.20 2122259.16  1.88%   3.0  295s
 1122659 599594 2143479.55  679   34 2162866.20 2122287.98  1.88%   3.0  300s
 1140570 607671 2130231.38  163   37 2162866.20 2122327.85  1.87%   3.0  305s
 1158847 618386     cutoff  561      2162866.20 2122454.63  1.87%   2.9  310s
 1177472 628372     cutoff  195      2162866.20 2122554.47  1.86%   2.9  315s
 1195187 637741 2124586.67  343   38 2162866.20 2122662.71  1.86%   2.9  320s
 1213716 647699 2151214.38  518   33 2162866.20 2122770.79  1.85%   2.9  325s
 1231996 655709 2156422.82  533   31 2162866.20 2122855.91  1.85%   2.9  330s
 1249108 663675 2148449.03  481   33 2162866.20 2122934.05  1.85%   2.9  335s
H1254270 664609                    2162708.1552 2122956.90  1.84%   2.9  336s
 1267673 672459     cutoff  246      2162708.16 2123040.67  1.83%   2.9  340s
 1286491 680254 2142578.75  137   37 2162708.16 2123099.09  1.83%   2.9  345s
 1303939 689178 2161825.23  111   31 2162708.16 2123158.79  1.83%   2.9  350s
 1321574 698935 2140109.47  542   33 2162708.16 2123206.05  1.83%   2.9  355s
 1340578 709611 2159910.32  241   20 2162708.16 2123254.32  1.82%   2.9  360s
 1359163 719861     cutoff  476      2162708.16 2123321.85  1.82%   2.9  365s
 1375617 727136 2151198.93   87   32 2162708.16 2123379.49  1.82%   2.9  370s
 1394124 737129 2146498.46  448   36 2162708.16 2123435.72  1.82%   2.9  375s
 1410342 744291 2152862.74   85   25 2162708.16 2123494.00  1.81%   2.9  380s
 1427940 753425 2160545.95  321   27 2162708.16 2123564.52  1.81%   2.9  385s
 1445829 763608     cutoff  731      2162708.16 2123632.63  1.81%   2.9  390s
 1464039 773545     cutoff  108      2162708.16 2123686.00  1.80%   2.9  395s
 1481664 783030 2158932.44  557   29 2162708.16 2123766.75  1.80%   2.9  400s
 1500183 793453 2127183.83  527   38 2162708.16 2123814.57  1.80%   2.8  405s
 1517680 802666     cutoff  175      2162708.16 2123855.31  1.80%   2.8  410s
 1535981 812243 2157210.95  201   32 2162708.16 2123912.16  1.79%   2.8  415s
 1554248 820797 2152281.28  113   34 2162708.16 2123972.85  1.79%   2.8  420s
 1572086 829516     cutoff  645      2162708.16 2124014.46  1.79%   2.8  425s
 1590420 839623 2161734.16  447   31 2162708.16 2124066.83  1.79%   2.8  430s
 1608171 849684     cutoff  382      2162708.16 2124127.34  1.78%   2.8  435s
 1626671 859305 2145399.47  328   35 2162708.16 2124178.86  1.78%   2.8  440s
 1643797 868026 2140129.48  156   36 2162708.16 2124212.40  1.78%   2.8  445s
 1660540 876534 2161910.40  200   32 2162708.16 2124243.34  1.78%   2.8  450s
 1677544 884802     cutoff  727      2162708.16 2124277.33  1.78%   2.8  455s
 1694240 892565 2136680.35   69   37 2162708.16 2124312.87  1.78%   2.8  460s
 1711005 900296 2153796.78  723   33 2162708.16 2124343.21  1.77%   2.8  465s
 1728303 909692 2129175.01  568   37 2162708.16 2124394.75  1.77%   2.8  470s
 1746600 919292 2158826.12  207   32 2162708.16 2124450.83  1.77%   2.8  475s
 1765198 929815 2158872.25  492   23 2162708.16 2124506.98  1.77%   2.8  480s
 1783106 940143 2133430.25   74   36 2162708.16 2124542.81  1.76%   2.8  485s
 1800367 948957 2155208.01  183   21 2162708.16 2124579.84  1.76%   2.8  490s
 1818349 959277 2134104.02  305   36 2162708.16 2124615.59  1.76%   2.8  495s
 1835859 968555 2156912.24  110   18 2162708.16 2124664.44  1.76%   2.8  500s
 1854158 978468 2160484.99  498   24 2162708.16 2124711.41  1.76%   2.7  505s
 1871447 986939     cutoff  289      2162708.16 2124753.32  1.75%   2.7  510s
 1888724 996434     cutoff  514      2162708.16 2124788.43  1.75%   2.7  515s
 1912786 1008918 2134140.39  117   36 2162708.16 2124826.85  1.75%   2.7  520s
 1937785 1023227 2161338.62  254   30 2162708.16 2124883.09  1.75%   2.7  525s
 1962980 1036548 2151932.73  340   34 2162708.16 2124941.45  1.75%   2.7  530s
H1974802 1042955                    2162694.1092 2124962.70  1.74%   2.7  532s
H1977267 1042973                    2162624.4525 2124964.02  1.74%   2.7  533s
 1987166 1049060 2141678.43  459   36 2162624.45 2124977.38  1.74%   2.7  535s
 2013002 1061945 2153530.39   83   33 2162624.45 2125028.64  1.74%   2.7  540s
 2037297 1074416 infeasible  247      2162624.45 2125079.19  1.74%   2.7  545s
 2063653 1089438     cutoff  749      2162624.45 2125122.43  1.73%   2.7  550s
 2088453 1102912 2161933.67  198   32 2162624.45 2125156.74  1.73%   2.7  555s
 2112957 1115844 2150140.74   85   33 2162624.45 2125193.33  1.73%   2.7  560s
 2138849 1130255 2148395.74  252   34 2162624.45 2125258.56  1.73%   2.7  565s
 2161603 1142596 2153127.72  336   33 2162624.45 2125312.22  1.73%   2.7  570s
 2178743 1151942     cutoff  625      2162624.45 2125346.01  1.72%   2.7  575s
 2199132 1162547 2160642.99  243   33 2162624.45 2125389.01  1.72%   2.7  580s
 2216735 1172714     cutoff  114      2162624.45 2125422.43  1.72%   2.7  585s
 2236465 1183542 2134908.29  489   32 2162624.45 2125457.11  1.72%   2.7  590s
 2254595 1193999 2150563.36  705   32 2162624.45 2125493.45  1.72%   2.7  595s
 2274426 1204796     cutoff  531      2162624.45 2125540.75  1.71%   2.6  600s
 2299402 1218705     cutoff  392      2162624.45 2125584.55  1.71%   2.6  605s
 2323833 1231439 2159657.25  236   30 2162624.45 2125634.43  1.71%   2.6  610s
 2349655 1245456 2132800.87  177   37 2162624.45 2125684.30  1.71%   2.6  615s
 2374596 1258997     cutoff  405      2162624.45 2125734.41  1.71%   2.6  620s
 2400084 1272332 2161096.07  723   24 2162624.45 2125792.10  1.70%   2.6  625s
 2424797 1285591 2160647.93  203   18 2162624.45 2125826.48  1.70%   2.6  630s
 2449505 1297937 2146904.84  100   35 2162624.45 2125873.37  1.70%   2.6  635s
 2474597 1311830 2157663.73   98   33 2162624.45 2125912.61  1.70%   2.6  640s
 2499748 1324823 2150603.33  504   34 2162624.45 2125957.06  1.70%   2.6  645s
 2523981 1338082 2160082.09  705   23 2162624.45 2125994.88  1.69%   2.6  650s
 2549141 1351968     cutoff  532      2162624.45 2126044.56  1.69%   2.6  655s
 2568928 1362230     cutoff  452      2162624.45 2126080.16  1.69%   2.6  660s
 2585282 1370915     cutoff  370      2162624.45 2126103.00  1.69%   2.6  665s
 2608160 1382980 2161823.60  473   33 2162624.45 2126133.53  1.69%   2.6  670s
 2632735 1396673 2148206.91  675   35 2162624.45 2126163.40  1.69%   2.6  675s
 2650682 1406270 2162073.35  259   19 2162624.45 2126195.40  1.68%   2.6  680s
 2670307 1417711     cutoff  483      2162624.45 2126210.33  1.68%   2.6  685s
 2693406 1429561 2152352.40  419   34 2162624.45 2126247.15  1.68%   2.6  690s
 2711318 1440017 2139770.64  117   33 2162624.45 2126269.63  1.68%   2.6  695s
 2729635 1450479 2161288.75  236   32 2162624.45 2126295.41  1.68%   2.6  700s
 2747007 1458900     cutoff  135      2162624.45 2126319.15  1.68%   2.6  705s
 2764339 1467984 2159469.31  709   30 2162624.45 2126346.15  1.68%   2.6  710s
 2784530 1478939 2154885.59   98   28 2162624.45 2126367.51  1.68%   2.6  715s
 2809389 1491701 2157055.69  648   34 2162624.45 2126399.41  1.68%   2.6  720s
 2834374 1504686 2148905.13  517   31 2162624.45 2126436.09  1.67%   2.6  725s
 2854875 1514187 2154258.40  628   25 2162624.45 2126461.98  1.67%   2.6  730s
 2871518 1522112     cutoff  391      2162624.45 2126485.04  1.67%   2.6  735s
 2887772 1530189 2143413.44   67   35 2162624.45 2126510.21  1.67%   2.6  740s
 2903988 1538303     cutoff  690      2162624.45 2126535.05  1.67%   2.6  745s
 2920572 1547032     cutoff  628      2162624.45 2126557.97  1.67%   2.6  750s
 2937075 1555864 2140377.77  702   36 2162624.45 2126576.68  1.67%   2.6  755s
 2953143 1563904 2158182.58  198   33 2162624.45 2126600.46  1.67%   2.6  760s
 2968828 1572568 2146045.52   82   35 2162624.45 2126620.47  1.66%   2.6  765s
 2985696 1581496 2149289.19   94   33 2162624.45 2126647.37  1.66%   2.6  770s
 3002305 1589750 2148062.12  625   34 2162624.45 2126675.68  1.66%   2.6  775s
 3018499 1597980 2161481.62  407   34 2162624.45 2126693.41  1.66%   2.6  780s
Created node file directory '/home/ps12398/experiment_epec/goalProgrammingMarcos//grbnodes7'
 3030649 1602356     cutoff  103      2162624.45 2126699.11  1.66%   2.6  785s
 3045770 1608293 2159363.01  273   33 2162624.45 2126703.96  1.66%   2.6  790s
 3061052 1614162     cutoff  161      2162624.45 2126707.30  1.66%   2.6  795s
 3072561 1618534     cutoff  120      2162624.45 2126711.61  1.66%   2.6  800s
 3087921 1622736     cutoff  254      2162624.45 2126716.78  1.66%   2.6  805s
 3103451 1628527     cutoff  296      2162624.45 2126721.93  1.66%   2.6  810s
 3115499 1633833 2161425.01  164   15 2162624.45 2126725.71  1.66%   2.6  815s
 3129905 1637531 2146782.31  536   31 2162624.45 2126729.82  1.66%   2.6  820s
H3141836 1640486                    2162620.5348 2126733.47  1.66%   2.6  824s
H3143250 1640652                    2162620.4738 2126733.90  1.66%   2.6  825s
H3143840 1640717                    2162620.4332 2126734.20  1.66%   2.6  825s
H3145561 1641589                    2162620.4138 2126734.91  1.66%   2.6  826s
 3154528 1644301     cutoff   90      2162620.41 2126737.16  1.66%   2.6  830s
 3163904 1648066 2153748.96  110   21 2162620.41 2126739.23  1.66%   2.6  835s
 3180148 1653703 2161299.74  119   31 2162620.41 2126747.35  1.66%   2.6  840s
 3194592 1658907     cutoff  357      2162620.41 2126753.08  1.66%   2.6  845s
H3202381 1661107                    2162590.7561 2126754.52  1.66%   2.6  848s
 3206516 1662715 2130957.29   80   37 2162590.76 2126756.15  1.66%   2.6  850s
 3215047 1665369 2141276.65  104   34 2162590.76 2126758.60  1.66%   2.6  855s
 3227875 1668471 2155687.43  326   36 2162590.76 2126760.44  1.66%   2.6  860s
 3241564 1673263 2160354.40   90   26 2162590.76 2126762.28  1.66%   2.6  865s
 3255305 1677517     cutoff  135      2162590.76 2126766.67  1.66%   2.6  870s
 3265611 1681340 2161722.71  729   30 2162590.76 2126768.46  1.66%   2.6  875s
 3281329 1687665     cutoff  312      2162590.76 2126772.29  1.66%   2.6  880s
 3296487 1694703 2159121.71  516   32 2162590.76 2126776.29  1.66%   2.6  885s
 3308773 1697723 2156547.66  279   32 2162590.76 2126779.44  1.66%   2.6  891s
 3320505 1702975     cutoff  247      2162590.76 2126782.16  1.66%   2.6  895s
 3335055 1708319 2162036.76  590   31 2162590.76 2126786.79  1.66%   2.6  900s
 3349356 1713430 2162249.44  645   31 2162590.76 2126791.06  1.66%   2.6  906s
 3360273 1716870     cutoff  372      2162590.76 2126796.34  1.66%   2.6  910s
 3375007 1722509     cutoff  428      2162590.76 2126803.08  1.65%   2.6  915s
 3389385 1728540     cutoff  269      2162590.76 2126805.90  1.65%   2.6  921s
 3400238 1731434     cutoff  245      2162590.76 2126810.96  1.65%   2.6  925s
 3415075 1736113 2161439.07  523   29 2162590.76 2126816.82  1.65%   2.6  930s
H3423797 1739122                    2162590.4934 2126820.47  1.65%   2.6  933s
 3429032 1741748 2144662.25  167   36 2162590.49 2126821.82  1.65%   2.6  935s
 3439555 1745368     cutoff  317      2162590.49 2126824.77  1.65%   2.6  940s
 3454676 1750905 2159393.92  116   30 2162590.49 2126828.93  1.65%   2.6  945s
 3469498 1755765 2152872.34  281   33 2162590.49 2126833.30  1.65%   2.6  950s
 3484251 1759844 2158819.87  107   30 2162590.49 2126838.96  1.65%   2.6  955s
 3495944 1763293     cutoff   99      2162590.49 2126843.40  1.65%   2.6  960s
 3509733 1767577 2158808.01  223   28 2162590.49 2126846.99  1.65%   2.6  965s
 3524205 1771562 2158648.42  113   22 2162590.49 2126855.59  1.65%   2.6  970s
 3539250 1775831     cutoff  124      2162590.49 2126862.30  1.65%   2.6  975s
 3548785 1779476 2154885.66  188   32 2162590.49 2126865.41  1.65%   2.6  980s
 3563961 1786569 2139554.39  367   37 2162590.49 2126871.34  1.65%   2.6  985s
 3578774 1790284 2159300.92  667   32 2162590.49 2126877.11  1.65%   2.6  990s
 3590277 1794414 2156167.71  275   33 2162590.49 2126881.81  1.65%   2.6  995s
 3604643 1798899     cutoff  594      2162590.49 2126888.88  1.65%   2.6 1000s
 3619663 1804494 2159333.02  147   27 2162590.49 2126894.10  1.65%   2.6 1005s
H3634787 1809260                    2162590.0861 2126898.78  1.65%   2.6 1010s
 3644979 1814417     cutoff  421      2162590.09 2126901.23  1.65%   2.6 1015s
 3659787 1819303 2141147.44  298   33 2162590.09 2126905.46  1.65%   2.6 1020s
 3674536 1824323     cutoff  122      2162590.09 2126908.60  1.65%   2.6 1025s
H3683514 1827829                    2162589.1486 2126911.53  1.65%   2.6 1029s
 3685254 1828662 2156799.10  373   30 2162589.15 2126911.97  1.65%   2.6 1030s
 3700078 1834115 2161396.13  353   22 2162589.15 2126915.61  1.65%   2.6 1035s
 3715447 1840326 2140322.81  283   35 2162589.15 2126920.35  1.65%   2.6 1040s
 3726450 1843502 2160073.52  101   29 2162589.15 2126923.91  1.65%   2.6 1045s
 3740946 1851034 2154875.12   95   30 2162589.15 2126927.67  1.65%   2.6 1050s
 3755033 1855438     cutoff  420      2162589.15 2126931.28  1.65%   2.6 1055s
 3765487 1858893     cutoff  112      2162589.15 2126934.18  1.65%   2.6 1060s
 3779147 1864092 2156281.98  123   27 2162589.15 2126938.07  1.65%   2.6 1065s
 3795980 1869992 2158435.54  374   33 2162589.15 2126941.61  1.65%   2.6 1070s
 3809388 1875996 2152089.60  304   32 2162589.15 2126945.72  1.65%   2.6 1075s
 3823993 1881253 2158944.02  736   30 2162589.15 2126947.93  1.65%   2.6 1080s
 3838852 1886353 2154404.82  183   29 2162589.15 2126951.42  1.65%   2.6 1085s
 3851281 1892966     cutoff  118      2162589.15 2126954.82  1.65%   2.6 1090s
 3868212 1898644     cutoff  118      2162589.15 2126960.16  1.65%   2.5 1095s
 3884503 1903265     cutoff  110      2162589.15 2126963.46  1.65%   2.5 1100s
 3899810 1908104 2159860.54  262   34 2162589.15 2126967.75  1.65%   2.5 1105s
 3916936 1913332 2161357.91  133   22 2162589.15 2126975.40  1.65%   2.5 1110s
 3933165 1918245     cutoff  478      2162589.15 2126979.41  1.65%   2.5 1115s
 3944933 1923264     cutoff  722      2162589.15 2126983.25  1.65%   2.5 1120s
 3963040 1931099 2143160.29  117   32 2162589.15 2126989.99  1.65%   2.5 1125s
 3974718 1936831     cutoff  233      2162589.15 2126994.09  1.65%   2.5 1130s
 3991806 1943710     cutoff  142      2162589.15 2126998.65  1.65%   2.5 1135s
 4006191 1949293 2161393.73  430   31 2162589.15 2127004.61  1.65%   2.5 1140s
 4023101 1957623 2159291.59  103   31 2162589.15 2127010.29  1.65%   2.5 1145s
 4039457 1963096 2153707.55  232   32 2162589.15 2127014.95  1.64%   2.5 1150s
 4053988 1966215     cutoff   87      2162589.15 2127020.75  1.64%   2.5 1155s
 4073711 1973356     cutoff  105      2162589.15 2127026.83  1.64%   2.5 1160s
 4087998 1980059 2154520.78  179   20 2162589.15 2127030.92  1.64%   2.5 1165s
 4105002 1987036 2161362.47  426   32 2162589.15 2127036.30  1.64%   2.5 1170s
 4120081 1993202     cutoff   95      2162589.15 2127041.45  1.64%   2.5 1176s
 4131938 1996028 2139152.21  259   35 2162589.15 2127046.41  1.64%   2.5 1180s
 4147086 2002355 2161432.77  325   32 2162589.15 2127050.92  1.64%   2.5 1185s
 4163069 2008372     cutoff  184      2162589.15 2127056.72  1.64%   2.5 1191s
 4174061 2012527 2158628.82  119   30 2162589.15 2127060.42  1.64%   2.5 1195s
 4194943 2022123 2150360.20   88   34 2162589.15 2127067.20  1.64%   2.5 1200s
 4208083 2026202     cutoff  223      2162589.15 2127073.01  1.64%   2.5 1205s
 4226796 2034586 2139997.42   69   26 2162589.15 2127077.38  1.64%   2.5 1210s
 4238646 2039256 2139924.17  249   23 2162589.15 2127080.59  1.64%   2.5 1215s
 4255014 2045605 2156424.70   73   31 2162589.15 2127087.83  1.64%   2.5 1220s
H4259239 2047042                    2162574.9778 2127088.62  1.64%   2.5 1221s
 4267518 2050899     cutoff  623      2162574.98 2127090.55  1.64%   2.5 1225s
 4282232 2056184 2157114.95  143   33 2162574.98 2127095.43  1.64%   2.5 1230s
 4298774 2061066     cutoff  182      2162574.98 2127103.85  1.64%   2.5 1235s
 4312522 2065930 2133540.49   72   37 2162574.98 2127110.78  1.64%   2.5 1240s
 4328996 2071043     cutoff  314      2162574.98 2127116.07  1.64%   2.5 1245s
 4345739 2077675 2158713.32  212   22 2162574.98 2127124.43  1.64%   2.5 1250s
 4359117 2082889 2159128.69  202   34 2162574.98 2127127.32  1.64%   2.5 1255s
 4376287 2090345 2152582.44  338   32 2162574.98 2127131.73  1.64%   2.5 1260s
 4387723 2094342     cutoff  161      2162574.98 2127136.98  1.64%   2.5 1265s
 4404953 2101236 2139925.43   82   32 2162574.98 2127140.82  1.64%   2.5 1270s
 4420088 2107054 2159089.90  160   34 2162574.98 2127145.76  1.64%   2.5 1276s
 4433150 2112317 2151694.36  417   36 2162574.98 2127150.09  1.64%   2.5 1280s
 4449231 2117798 2161359.76  104   30 2162574.98 2127153.59  1.64%   2.5 1285s
 4459770 2121619 2145997.84  229   35 2162574.98 2127157.94  1.64%   2.5 1290s
 4476510 2127905     cutoff  265      2162574.98 2127163.23  1.64%   2.5 1295s
 4491915 2132669 2159872.23  123   32 2162574.98 2127169.32  1.64%   2.5 1300s
 4503500 2136851     cutoff  109      2162574.98 2127173.53  1.64%   2.5 1305s
 4518845 2141970 2152509.62  468   33 2162574.98 2127177.96  1.64%   2.5 1310s
 4533918 2147161     cutoff  601      2162574.98 2127185.00  1.64%   2.5 1315s
 4545614 2152367     cutoff  445      2162574.98 2127187.55  1.64%   2.5 1320s
 4562774 2160933 2146533.35  478   33 2162574.98 2127193.90  1.64%   2.5 1325s
 4574151 2166293 2154276.08  701   28 2162574.98 2127195.57  1.64%   2.5 1330s
 4590815 2172908 2155318.59  120   31 2162574.98 2127200.47  1.64%   2.5 1335s
 4602170 2177636 2161435.59  119   22 2162574.98 2127204.53  1.64%   2.5 1340s
 4618918 2184797 2152935.81  110   33 2162574.98 2127209.23  1.64%   2.5 1345s
 4631888 2190309 2152509.78   98   32 2162574.98 2127212.58  1.64%   2.5 1350s
 4646905 2196274 2137315.33  110   35 2162574.98 2127215.56  1.64%   2.5 1355s
 4662941 2202752 2139408.17  210   27 2162574.98 2127220.00  1.63%   2.5 1360s
 4674324 2206852     cutoff  210      2162574.98 2127224.43  1.63%   2.5 1365s
 4689697 2213026 2158019.95  170   31 2162574.98 2127229.56  1.63%   2.5 1370s
 4702864 2219030     cutoff  115      2162574.98 2127231.97  1.63%   2.5 1375s
 4718824 2225253     cutoff  687      2162574.98 2127235.16  1.63%   2.5 1380s
 4734271 2231040     cutoff  105      2162574.98 2127239.97  1.63%   2.5 1386s
 4748459 2235458     cutoff  127      2162574.98 2127245.88  1.63%   2.5 1390s
 4764602 2240009     cutoff  124      2162574.98 2127252.47  1.63%   2.5 1395s
 4778716 2245009 2129200.71  177   36 2162574.98 2127257.30  1.63%   2.5 1400s
 4796601 2251755 2159365.57  144   21 2162574.98 2127264.41  1.63%   2.5 1405s
H4811543 2256769                    2162574.3093 2127268.41  1.63%   2.5 1409s
 4812740 2257352 2155742.33  101   33 2162574.31 2127269.40  1.63%   2.5 1410s
H4815798 2258535                    2162570.0212 2127270.10  1.63%   2.5 1412s
H4816900 2258702                    2162570.0088 2127270.62  1.63%   2.5 1413s
H4817322 2258764                    2162570.0021 2127270.95  1.63%   2.5 1413s
 4821814 2260640 2150180.11   81   32 2162570.00 2127272.66  1.63%   2.5 1415s
 4837691 2265800     cutoff  122      2162570.00 2127278.47  1.63%   2.4 1420s
 4852592 2272404     cutoff   93      2162570.00 2127284.32  1.63%   2.4 1426s
 4864048 2276634     cutoff  184      2162570.00 2127286.91  1.63%   2.4 1430s
 4880391 2281279 2149557.36   89   32 2162570.00 2127293.10  1.63%   2.4 1435s
H4885420 2283379                    2162566.7619 2127294.27  1.63%   2.4 1436s
H4885609 2283530                    2162566.5653 2127294.37  1.63%   2.4 1437s
 4893275 2285913 2156492.76  312   32 2162566.57 2127298.55  1.63%   2.4 1440s
 4908020 2290630 2156218.32  166   30 2162566.57 2127303.36  1.63%   2.4 1445s
 4923882 2295911 2159498.16  130   34 2162566.57 2127308.89  1.63%   2.4 1450s
 4934844 2300256 2139529.26  161   37 2162566.57 2127312.68  1.63%   2.4 1455s
 4951949 2306503     cutoff  100      2162566.57 2127317.78  1.63%   2.4 1460s
 4968514 2312904     cutoff  118      2162566.57 2127323.90  1.63%   2.4 1465s
 4981063 2317506 2153518.31  106   31 2162566.57 2127327.50  1.63%   2.4 1470s
 4998859 2324650     cutoff  278      2162566.57 2127332.57  1.63%   2.4 1475s
 5012348 2330266 2162292.15  201   31 2162566.57 2127336.45  1.63%   2.4 1480s
 5030900 2336960 2155914.47   96   32 2162566.57 2127342.17  1.63%   2.4 1485s
 5047073 2343238 2153122.57  493   21 2162566.57 2127343.02  1.63%   2.4 1490s
 5064907 2352564 2160751.97  217   22 2162566.57 2127346.63  1.63%   2.4 1495s
 5077701 2356214 2162416.93  706   21 2162566.57 2127350.97  1.63%   2.4 1500s
H5091991 2362045                    2162562.0007 2127354.87  1.63%   2.4 1504s
 5093733 2362581 2159200.92   81   30 2162562.00 2127355.22  1.63%   2.4 1505s
 5109441 2367711     cutoff  206      2162562.00 2127360.64  1.63%   2.4 1510s
 5121206 2371633 2144717.28  292   37 2162562.00 2127363.35  1.63%   2.4 1515s
H5132031 2375252                    2162561.9500 2127366.75  1.63%   2.4 1519s
H5133325 2375382                    2162561.8930 2127367.41  1.63%   2.4 1520s
H5136770 2376673                    2162561.8886 2127368.68  1.63%   2.4 1521s
H5138897 2377505                    2162560.0812 2127369.66  1.63%   2.4 1522s
H5148080 2381823                    2162560.0746 2127372.28  1.63%   2.4 1524s
 5148536 2381987 2158727.75  141   30 2162560.07 2127372.28  1.63%   2.4 1525s
H5149618 2382048                    2162560.0479 2127372.38  1.63%   2.4 1525s
 5159290 2385682 2158227.22  101   22 2162560.05 2127375.34  1.63%   2.4 1530s
 5176394 2390928 2160173.29  170   30 2162560.05 2127379.99  1.63%   2.4 1535s
H5186760 2395212                    2162560.0312 2127382.46  1.63%   2.4 1538s
 5189647 2396366 2155730.51  271   35 2162560.03 2127383.19  1.63%   2.4 1541s
 5201837 2400877 2157905.86   81   31 2162560.03 2127385.52  1.63%   2.4 1545s
 5218826 2407316 2140587.37  666   36 2162560.03 2127390.50  1.63%   2.4 1550s
 5229773 2412504 2162452.42  110   29 2162560.03 2127392.45  1.63%   2.4 1555s
 5246373 2418392 2155412.74  221   33 2162560.03 2127397.93  1.63%   2.4 1560s
 5262037 2423497     cutoff  226      2162560.03 2127403.39  1.63%   2.4 1565s
 5273758 2428016 2139779.83  528   33 2162560.03 2127405.86  1.63%   2.4 1570s
 5290454 2433315     cutoff  211      2162560.03 2127410.68  1.63%   2.4 1575s
 5305990 2436976 2159112.71  570   31 2162560.03 2127412.31  1.63%   2.4 1580s
 5322332 2441272     cutoff   94      2162560.03 2127417.35  1.63%   2.4 1585s
 5337898 2446368 2153575.26  123   32 2162560.03 2127422.91  1.62%   2.4 1590s
 5352145 2450766 2144210.20  281   36 2162560.03 2127427.89  1.62%   2.4 1595s
 5366593 2457414 2154368.43  109   32 2162560.03 2127430.29  1.62%   2.4 1600s
 5381716 2463539 2153718.27  515   32 2162560.03 2127433.06  1.62%   2.4 1605s
 5401475 2470822 2148011.66   92   23 2162560.03 2127439.46  1.62%   2.4 1610s
 5418479 2477581 2146292.04  429   34 2162560.03 2127442.91  1.62%   2.4 1615s
 5431740 2482988 2162488.81  555   21 2162560.03 2127446.59  1.62%   2.4 1620s
 5451657 2491872 2152063.86  337   20 2162560.03 2127450.15  1.62%   2.4 1626s
 5464024 2496936     cutoff  450      2162560.03 2127451.81  1.62%   2.4 1630s
 5478563 2503001     cutoff  246      2162560.03 2127454.69  1.62%   2.4 1635s
 5489246 2507626 2159855.02   99   32 2162560.03 2127457.19  1.62%   2.4 1640s
 5504088 2513826 2143895.05  127   36 2162560.03 2127461.01  1.62%   2.4 1645s
 5520588 2519898 2150671.59  143   36 2162560.03 2127465.92  1.62%   2.4 1651s
 5531066 2523374 2159807.48  109   21 2162560.03 2127468.90  1.62%   2.4 1655s
 5545917 2528193 2142898.64  231   24 2162560.03 2127471.91  1.62%   2.4 1660s
 5561422 2533752 2157378.48  463   30 2162560.03 2127472.77  1.62%   2.4 1665s
 5572830 2540282 2155401.58  289   31 2162560.03 2127474.62  1.62%   2.4 1670s
 5588910 2546432 2140106.93  174   31 2162560.03 2127478.07  1.62%   2.4 1675s
 5599764 2550629 2156051.90  453   34 2162560.03 2127480.40  1.62%   2.4 1680s
 5616951 2558481     cutoff  198      2162560.03 2127483.14  1.62%   2.4 1685s
 5629506 2563616 2160677.48  221   27 2162560.03 2127486.79  1.62%   2.4 1690s
 5645818 2569849 2132712.81   75   36 2162560.03 2127490.50  1.62%   2.4 1695s
 5659598 2575472 2141700.55  585   36 2162560.03 2127495.28  1.62%   2.4 1701s
 5672659 2580754 2147778.60  729   34 2162560.03 2127499.17  1.62%   2.4 1705s
 5688944 2587882 2149877.60  226   26 2162560.03 2127502.25  1.62%   2.4 1710s
 5698205 2591327 2154235.19  163   35 2162560.03 2127505.04  1.62%   2.4 1715s
 5713679 2597097 2162141.40  128   30 2162560.03 2127509.29  1.62%   2.4 1720s
 5729098 2602777 2158600.68  137   33 2162560.03 2127514.48  1.62%   2.4 1726s
 5740265 2606235 2154376.75  263   35 2162560.03 2127517.89  1.62%   2.4 1730s
 5756789 2613362 2128201.45  531   34 2162560.03 2127522.39  1.62%   2.4 1735s
 5770338 2617191 2146479.59  257   33 2162560.03 2127526.55  1.62%   2.4 1741s
 5782578 2623174 2151640.81  151   35 2162560.03 2127528.58  1.62%   2.4 1745s
 5798154 2629602 2153798.56  381   33 2162560.03 2127532.33  1.62%   2.4 1750s
 5809567 2633539 2161164.88  457   32 2162560.03 2127536.63  1.62%   2.4 1755s
 5825249 2638889     cutoff  391      2162560.03 2127543.43  1.62%   2.4 1760s
 5841797 2644104 2160355.24   90   34 2162560.03 2127548.23  1.62%   2.4 1765s
H5844446 2645163                    2162554.2948 2127548.87  1.62%   2.4 1767s
 5853550 2648813     cutoff   81      2162554.29 2127551.41  1.62%   2.4 1770s
 5871079 2655965     cutoff  330      2162554.29 2127555.01  1.62%   2.4 1775s
 5884626 2660866 2140380.43  125   33 2162554.29 2127557.63  1.62%   2.4 1780s
 5901288 2667355 2159900.17   82   32 2162554.29 2127561.00  1.62%   2.4 1785s
 5913552 2672304 2156834.57  206   20 2162554.29 2127562.86  1.62%   2.4 1790s
 5931590 2677888 2159385.63   80   31 2162554.29 2127567.09  1.62%   2.4 1795s
 5951885 2685589 2162506.17   88   22 2162554.29 2127573.38  1.62%   2.4 1800s
 5968678 2690928 2160249.12  119   32 2162554.29 2127578.76  1.62%   2.4 1805s
 5991241 2698440     cutoff  178      2162554.29 2127584.00  1.62%   2.4 1810s
 6011134 2706318 2155040.75  217   33 2162554.29 2127591.53  1.62%   2.4 1815s
H6011325 2706293                    2162480.4102 2127591.53  1.61%   2.4 1815s
 6029254 2710782 2152307.11  705   35 2162480.41 2127595.05  1.61%   2.4 1820s
 6042205 2716303 2155564.20  119   31 2162480.41 2127598.31  1.61%   2.4 1825s
 6061565 2724106     cutoff  227      2162480.41 2127602.45  1.61%   2.4 1830s
 6073286 2728609 2159771.52  641   31 2162480.41 2127606.51  1.61%   2.4 1835s
 6088923 2733697 2152549.36  361   34 2162480.41 2127610.10  1.61%   2.4 1840s
 6105088 2738937     cutoff  226      2162480.41 2127616.36  1.61%   2.4 1845s
 6117256 2742231 2161376.23  125   32 2162480.41 2127620.65  1.61%   2.4 1850s
 6140052 2752158 2152603.91  183   32 2162480.41 2127626.95  1.61%   2.4 1855s
 6153184 2756862     cutoff  494      2162480.41 2127631.76  1.61%   2.4 1860s
 6168948 2762490     cutoff  163      2162480.41 2127635.74  1.61%   2.4 1865s
 6185468 2767458 2158587.43  246   31 2162480.41 2127641.32  1.61%   2.4 1871s
 6197585 2771382     cutoff  308      2162480.41 2127644.61  1.61%   2.4 1875s
 6213699 2777676 2130316.39   95   37 2162480.41 2127648.41  1.61%   2.4 1880s
 6224712 2781298     cutoff  128      2162480.41 2127652.03  1.61%   2.4 1885s
 6240268 2786572 2158725.89  320   20 2162480.41 2127656.73  1.61%   2.4 1890s
 6255975 2792415     cutoff   85      2162480.41 2127658.26  1.61%   2.4 1895s
 6267247 2797173     cutoff  133      2162480.41 2127661.98  1.61%   2.4 1900s
 6283957 2802431     cutoff  506      2162480.41 2127667.62  1.61%   2.4 1905s
H6293111 2805917                    2162468.0768 2127669.80  1.61%   2.4 1908s
 6297706 2807715 2159794.95  213   33 2162468.08 2127669.92  1.61%   2.4 1910s
H6299389 2807978                    2162467.9051 2127670.66  1.61%   2.4 1910s
 6309001 2812472 2147235.81  121   33 2162467.91 2127672.69  1.61%   2.4 1915s
 6326196 2818697 2146215.14   96   32 2162467.91 2127676.20  1.61%   2.4 1920s
 6338570 2823761     cutoff  643      2162467.91 2127676.49  1.61%   2.4 1925s
 6356871 2831415 2139963.62  705   35 2162467.91 2127680.96  1.61%   2.4 1930s
 6371828 2836573     cutoff  268      2162467.91 2127683.52  1.61%   2.4 1936s
 6383704 2840383     cutoff  494      2162467.91 2127685.28  1.61%   2.4 1940s
H6392811 2843326                    2162467.8569 2127688.01  1.61%   2.4 1943s
 6398738 2845518 2146192.08   81   33 2162467.86 2127689.29  1.61%   2.4 1945s
 6412582 2851122 2148520.97  372   33 2162467.86 2127692.25  1.61%   2.4 1950s
 6429513 2858967 2150870.37  726   30 2162467.86 2127695.59  1.61%   2.4 1955s
H6437136 2861419                    2162467.8183 2127697.85  1.61%   2.4 1957s
 6444815 2863328     cutoff  451      2162467.82 2127700.10  1.61%   2.4 1960s
 6458530 2867302     cutoff  139      2162467.82 2127703.88  1.61%   2.4 1965s
H6470722 2871179                    2162459.0577 2127707.84  1.61%   2.4 1969s
 6473559 2872922     cutoff  740      2162459.06 2127708.76  1.61%   2.4 1970s
 6490335 2877613 2158472.96  317   33 2162459.06 2127713.51  1.61%   2.4 1975s
 6504568 2884660 2152183.91  490   33 2162459.06 2127715.77  1.61%   2.4 1980s
 6520740 2890820 2140357.45  100   31 2162459.06 2127719.62  1.61%   2.4 1985s
 6533281 2894584 2146035.85   73   34 2162459.06 2127723.85  1.61%   2.4 1990s
 6549280 2899563     cutoff  503      2162459.06 2127728.91  1.61%   2.4 1995s
 6564258 2905167 2161079.85  182   32 2162459.06 2127731.83  1.61%   2.4 2000s
 6578227 2911070     cutoff  720      2162459.06 2127734.04  1.61%   2.4 2005s
 6593063 2916190 2159616.63  483   32 2162459.06 2127737.30  1.61%   2.4 2010s
 6603371 2920005     cutoff  271      2162459.06 2127740.06  1.61%   2.3 2015s
 6619163 2926320 2157124.34  108   35 2162459.06 2127743.72  1.61%   2.3 2020s
 6634319 2931894 2146270.34   99   35 2162459.06 2127748.10  1.61%   2.3 2025s
 6645125 2934997 2141752.80  293   35 2162459.06 2127751.58  1.61%   2.3 2030s
 6660863 2940243     cutoff  495      2162459.06 2127756.36  1.60%   2.3 2035s
 6676149 2946286     cutoff   99      2162459.06 2127759.97  1.60%   2.3 2040s
 6687070 2950560 2145180.38   82   34 2162459.06 2127761.93  1.60%   2.3 2045s
 6702625 2956558 2160382.06  159   34 2162459.06 2127766.89  1.60%   2.3 2050s
 6714852 2961023 2160472.42  372   32 2162459.06 2127769.87  1.60%   2.3 2055s
 6731092 2968982 2152328.20  124   31 2162459.06 2127773.84  1.60%   2.3 2060s
 6745737 2974820 2148860.34  303   34 2162459.06 2127775.68  1.60%   2.3 2065s
 6759518 2979942 2150868.86  211   32 2162459.06 2127779.19  1.60%   2.3 2070s
 6777801 2984571 2140591.44   88   34 2162459.06 2127783.74  1.60%   2.3 2075s
 6791158 2988745 2161116.01  250   33 2162459.06 2127787.59  1.60%   2.3 2080s
 6808076 2995604 2162299.45  225   33 2162459.06 2127791.41  1.60%   2.3 2085s
 6824651 3000162 2137244.26  475   32 2162459.06 2127797.49  1.60%   2.3 2090s
 6835465 3004006 2160259.80  152   31 2162459.06 2127800.50  1.60%   2.3 2095s
 6851723 3011444     cutoff  206      2162459.06 2127804.24  1.60%   2.3 2100s
 6864122 3016342 2155450.71  355   33 2162459.06 2127807.06  1.60%   2.3 2105s
 6879429 3020653 2153090.22  378   23 2162459.06 2127810.96  1.60%   2.3 2110s
 6895617 3027261 2144901.91  128   34 2162459.06 2127814.74  1.60%   2.3 2115s
H6903628 3030081                    2162453.2353 2127816.74  1.60%   2.3 2119s
 6904013 3030221 2160615.76  701   34 2162453.24 2127817.17  1.60%   2.3 2120s
 6919685 3035940 2148035.42  412   35 2162453.24 2127821.86  1.60%   2.3 2125s
 6940717 3041976 2143702.21  103   35 2162453.24 2127827.42  1.60%   2.3 2130s
 6956273 3048829 2139529.37   70   36 2162453.24 2127830.22  1.60%   2.3 2135s
 6973079 3055443 2132437.15  133   37 2162453.24 2127832.94  1.60%   2.3 2140s
 6985084 3058453 2160343.69  362   32 2162453.24 2127835.94  1.60%   2.3 2145s
 7001463 3063953 2157158.87  198   23 2162453.24 2127840.93  1.60%   2.3 2150s
 7017158 3070481 2147795.74  220   30 2162453.24 2127844.89  1.60%   2.3 2155s
 7031629 3075980     cutoff  451      2162453.24 2127848.70  1.60%   2.3 2160s
 7047944 3081704     cutoff  131      2162453.24 2127852.82  1.60%   2.3 2165s
 7060744 3087226 2143307.11   91   33 2162453.24 2127856.33  1.60%   2.3 2170s
 7076786 3093233 2158263.92  127   30 2162453.24 2127859.46  1.60%   2.3 2175s
 7090633 3098295     cutoff  200      2162453.24 2127863.38  1.60%   2.3 2180s
 7106411 3103660     cutoff  125      2162453.24 2127867.17  1.60%   2.3 2185s
H7106598 3103658                    2162450.0684 2127867.17  1.60%   2.3 2185s
H7114452 3108078                    2162437.3676 2127868.73  1.60%   2.3 2188s
H7114775 3108216                    2162437.0732 2127868.73  1.60%   2.3 2189s
 7118347 3109859     cutoff   95      2162437.07 2127869.54  1.60%   2.3 2190s
 7129373 3115096     cutoff  228      2162437.07 2127871.02  1.60%   2.3 2195s
 7146651 3121858 2154493.04   90   32 2162437.07 2127875.50  1.60%   2.3 2200s
 7159464 3125763 2148829.49  382   32 2162437.07 2127878.85  1.60%   2.3 2205s
 7176463 3132051 2151567.53  505   32 2162437.07 2127883.14  1.60%   2.3 2210s
H7191986 3136498                    2162427.7102 2127887.28  1.60%   2.3 2215s
H7194476 3137182                    2162427.6848 2127887.78  1.60%   2.3 2216s
 7202250 3141474     cutoff  619      2162427.68 2127888.16  1.60%   2.3 2220s
 7218225 3147066 2158548.89  343   33 2162427.68 2127891.23  1.60%   2.3 2225s
 7230601 3152653     cutoff  308      2162427.68 2127892.68  1.60%   2.3 2230s
 7244861 3157761 2162159.94  108   30 2162427.68 2127897.07  1.60%   2.3 2235s
 7260992 3162224 2158864.69  115   35 2162427.68 2127901.11  1.60%   2.3 2240s
 7273436 3166664 infeasible   94      2162427.68 2127903.89  1.60%   2.3 2245s
 7289524 3173798 2157231.53  170   31 2162427.68 2127908.55  1.60%   2.3 2250s
 7305921 3180523     cutoff  546      2162427.68 2127912.40  1.60%   2.3 2255s
 7321083 3185549     cutoff  123      2162427.68 2127916.72  1.60%   2.3 2260s
 7338821 3191636 2145307.08   91   32 2162427.68 2127920.54  1.60%   2.3 2265s
 7350060 3195328 2128037.46   82   35 2162427.68 2127922.08  1.60%   2.3 2270s
 7366960 3202306 2160802.96  312   31 2162427.68 2127925.89  1.60%   2.3 2275s
 7383666 3208192 2151678.36  296   21 2162427.68 2127929.89  1.60%   2.3 2281s
 7395595 3211508 2145251.10  104   23 2162427.68 2127932.35  1.60%   2.3 2285s
 7411967 3217240 2160537.59   89   32 2162427.68 2127935.76  1.60%   2.3 2290s
 7424272 3221791 2159902.15  420   33 2162427.68 2127939.07  1.59%   2.3 2295s
 7440636 3227637 2158850.57  368   32 2162427.68 2127943.37  1.59%   2.3 2300s
 7457670 3233751     cutoff   96      2162427.68 2127946.37  1.59%   2.3 2305s
 7471686 3237782 2162076.60  384   25 2162427.68 2127949.27  1.59%   2.3 2310s
 7488019 3242763     cutoff  340      2162427.68 2127953.61  1.59%   2.3 2315s
 7506051 3248228 2159678.24  421   22 2162427.68 2127958.87  1.59%   2.3 2320s
 7519901 3254815     cutoff  189      2162427.68 2127960.47  1.59%   2.3 2325s
 7540718 3261521 2138366.17  181   34 2162427.68 2127966.37  1.59%   2.3 2330s
 7553657 3265689 2146530.12  137   34 2162427.68 2127967.65  1.59%   2.3 2335s
 7574843 3273205 2149587.34  164   34 2162427.68 2127972.67  1.59%   2.3 2340s
 7588562 3277617 2161526.48  669   29 2162427.68 2127975.29  1.59%   2.3 2345s
 7605207 3283609 2147622.55  383   33 2162427.68 2127978.24  1.59%   2.3 2350s
 7621361 3289317 2160254.17   93   30 2162427.68 2127980.94  1.59%   2.3 2355s
 7632866 3292794     cutoff  183      2162427.68 2127983.37  1.59%   2.3 2360s
 7648694 3299278 2155988.91   91   23 2162427.68 2127987.00  1.59%   2.3 2365s
 7661226 3303852 2138860.36   92   35 2162427.68 2127990.29  1.59%   2.3 2370s
 7676732 3309460     cutoff  537      2162427.68 2127993.34  1.59%   2.3 2375s
H7678192 3309670                    2162426.5489 2127993.78  1.59%   2.3 2376s
H7685033 3312572                    2162420.1057 2127995.65  1.59%   2.3 2378s
H7685189 3312720                    2162419.8571 2127995.65  1.59%   2.3 2379s
 7687672 3313626     cutoff  387      2162419.86 2127996.24  1.59%   2.3 2380s
 7698061 3317870 2147639.41  364   33 2162419.86 2127998.66  1.59%   2.3 2385s
 7714006 3323556     cutoff  184      2162419.86 2128002.79  1.59%   2.3 2390s
 7730414 3329772 2155356.88  278   32 2162419.86 2128006.83  1.59%   2.3 2395s
 7741217 3334124     cutoff  489      2162419.86 2128008.93  1.59%   2.3 2400s
 7756669 3339563     cutoff  650      2162419.86 2128011.50  1.59%   2.3 2405s
 7772307 3344118 2149374.95  487   35 2162419.86 2128015.29  1.59%   2.3 2410s
 7783958 3348734 2135288.37   84   33 2162419.86 2128018.20  1.59%   2.3 2415s
 7799008 3354192 2151289.02  176   34 2162419.86 2128022.81  1.59%   2.3 2420s
 7811825 3359941     cutoff  252      2162419.86 2128026.12  1.59%   2.3 2425s
 7829878 3365120     cutoff  180      2162419.86 2128030.69  1.59%   2.3 2430s
 7845775 3370150     cutoff  667      2162419.86 2128034.43  1.59%   2.3 2435s
 7856973 3374822 2152123.47  168   34 2162419.86 2128036.51  1.59%   2.3 2440s
 7875487 3381124     cutoff  185      2162419.86 2128040.80  1.59%   2.3 2445s
 7887924 3386692     cutoff  574      2162419.86 2128042.51  1.59%   2.3 2450s
 7906534 3393449 2162105.60  753   30 2162419.86 2128045.25  1.59%   2.3 2455s
H7920310 3399424                    2162417.5993 2128047.34  1.59%   2.3 2459s
 7921013 3399613 2162146.58  250   21 2162417.60 2128047.38  1.59%   2.3 2460s
 7935013 3405186 2157174.95  210   32 2162417.60 2128050.08  1.59%   2.3 2465s
 7951310 3410742     cutoff  154      2162417.60 2128053.00  1.59%   2.3 2470s
 7961922 3415194 2146766.55  239   35 2162417.60 2128053.96  1.59%   2.3 2475s
 7978082 3421190 2160573.69  677   31 2162417.60 2128058.06  1.59%   2.3 2480s
 7992973 3428079 2160924.78  199   27 2162417.60 2128060.97  1.59%   2.3 2485s
 8004788 3434707 2159528.89  203   31 2162417.60 2128064.19  1.59%   2.3 2490s
 8020509 3438685     cutoff  112      2162417.60 2128068.85  1.59%   2.3 2495s
 8030972 3442079     cutoff  358      2162417.60 2128071.46  1.59%   2.3 2500s
 8047503 3447563     cutoff  540      2162417.60 2128074.80  1.59%   2.3 2505s
 8063254 3453106     cutoff  575      2162417.60 2128077.18  1.59%   2.3 2510s
 8075061 3457520     cutoff  369      2162417.60 2128079.66  1.59%   2.3 2515s
 8089977 3463821 2157342.96  182   24 2162417.60 2128081.55  1.59%   2.3 2520s
 8106646 3468715 2134091.64  140   38 2162417.60 2128085.27  1.59%   2.3 2525s
 8117661 3471989     cutoff  607      2162417.60 2128088.17  1.59%   2.3 2530s
 8133619 3477985     cutoff  100      2162417.60 2128091.02  1.59%   2.3 2535s
 8150787 3483851 2144520.65  244   24 2162417.60 2128093.47  1.59%   2.3 2540s
 8170517 3490521     cutoff  175      2162417.60 2128097.91  1.59%   2.3 2545s
 8185218 3497428 2148969.81  120   33 2162417.60 2128100.62  1.59%   2.3 2550s
 8200774 3504434 2139196.76  625   34 2162417.60 2128102.38  1.59%   2.3 2555s
 8215072 3510614 2144499.82  182   35 2162417.60 2128104.88  1.59%   2.3 2560s
 8229740 3517278 2147456.37  163   35 2162417.60 2128107.77  1.59%   2.3 2565s
 8243907 3522149     cutoff  261      2162417.60 2128110.68  1.59%   2.3 2570s
 8254353 3526626     cutoff   89      2162417.60 2128112.24  1.59%   2.3 2575s
 8270731 3533250     cutoff  108      2162417.60 2128114.15  1.59%   2.3 2580s
 8285452 3537945 2161698.86  248   30 2162417.60 2128117.46  1.59%   2.3 2585s
 8299184 3542672 2146538.89  108   35 2162417.60 2128119.70  1.59%   2.3 2590s
 8312548 3547020 2161346.98  493   23 2162417.60 2128121.70  1.59%   2.3 2595s
 8324671 3550782     cutoff  211      2162417.60 2128124.24  1.59%   2.3 2601s
 8334505 3553557     cutoff  500      2162417.60 2128126.17  1.59%   2.3 2605s
 8348016 3557925     cutoff  138      2162417.60 2128128.95  1.59%   2.3 2610s
 8361900 3562551 2135937.45  143   36 2162417.60 2128131.49  1.59%   2.3 2615s
 8372048 3566974 2154769.14  112   31 2162417.60 2128132.91  1.59%   2.3 2620s
 8385608 3570101 2162022.15  315   34 2162417.60 2128136.04  1.59%   2.3 2625s
 8398874 3575723 2162348.44  431   32 2162417.60 2128138.06  1.59%   2.3 2630s
 8410116 3578959 2156897.78  250   21 2162417.60 2128141.11  1.59%   2.3 2635s
 8422308 3583238     cutoff  181      2162417.60 2128144.14  1.58%   2.3 2640s
 8435842 3587559 2159242.68  324   22 2162417.60 2128146.72  1.58%   2.3 2645s
 8448559 3592941 2160746.08  153   34 2162417.60 2128147.99  1.58%   2.3 2650s
 8460038 3596362 2161755.15  687   31 2162417.60 2128149.63  1.58%   2.3 2655s
 8473632 3600929 2155121.05  182   31 2162417.60 2128150.73  1.58%   2.3 2660s
 8486963 3605048     cutoff  120      2162417.60 2128152.54  1.58%   2.3 2665s
 8496581 3607770 2158982.38  152   33 2162417.60 2128153.55  1.58%   2.3 2670s
 8509341 3610633 2155423.25   91   32 2162417.60 2128155.32  1.58%   2.3 2675s
 8523010 3616275 2153469.75  409   31 2162417.60 2128156.86  1.58%   2.3 2680s
 8535700 3620682 2161952.53  458   34 2162417.60 2128158.76  1.58%   2.3 2686s
 8544669 3622789 2139718.76  283   35 2162417.60 2128159.92  1.58%   2.3 2690s
 8558408 3628517 2155236.89  343   17 2162417.60 2128161.42  1.58%   2.3 2695s
 8572506 3633134 2162130.64  128   31 2162417.60 2128163.35  1.58%   2.3 2700s
 8582332 3636580 2161949.88  270   31 2162417.60 2128164.46  1.58%   2.3 2705s
 8595551 3642227     cutoff  132      2162417.60 2128165.98  1.58%   2.3 2710s
 8607607 3648297 2149755.91  141   32 2162417.60 2128167.64  1.58%   2.3 2716s
 8618234 3651428     cutoff  250      2162417.60 2128170.02  1.58%   2.3 2720s
 8632325 3656161     cutoff  219      2162417.60 2128172.23  1.58%   2.3 2725s
 8645955 3660678     cutoff  514      2162417.60 2128174.60  1.58%   2.3 2730s
 8654884 3663711     cutoff  450      2162417.60 2128176.41  1.58%   2.3 2735s
 8667936 3668074 2156175.31  221   33 2162417.60 2128179.24  1.58%   2.3 2740s
 8680954 3672302 2161286.46   89   34 2162417.60 2128182.31  1.58%   2.3 2745s
 8694335 3676161 2142736.43  239   34 2162417.60 2128185.24  1.58%   2.3 2750s
 8704536 3679029 2160406.16  147   31 2162417.60 2128187.94  1.58%   2.3 2755s
 8719565 3683106 2161785.74  517   28 2162417.60 2128190.91  1.58%   2.3 2760s
 8732256 3686704 2153659.13  115   33 2162417.60 2128192.85  1.58%   2.3 2765s
 8742180 3691290 2160020.85  350   31 2162417.60 2128194.53  1.58%   2.3 2770s
 8755681 3695535 2162079.36  173   23 2162417.60 2128196.17  1.58%   2.3 2775s
 8769207 3700156 2159309.64  197   24 2162417.60 2128198.13  1.58%   2.3 2780s
 8779630 3704048 2142100.65  241   36 2162417.60 2128199.45  1.58%   2.3 2785s
 8793052 3708907     cutoff   98      2162417.60 2128203.13  1.58%   2.3 2790s
 8807821 3712904 2154877.54  387   19 2162417.60 2128206.37  1.58%   2.3 2795s
 8820465 3717257 2159581.37  172   31 2162417.60 2128209.24  1.58%   2.3 2800s
 8829580 3720702 2160169.03   85   32 2162417.60 2128210.79  1.58%   2.3 2805s
 8842289 3724742     cutoff  133      2162417.60 2128213.82  1.58%   2.3 2810s
 8855294 3728746 2153152.70  122   34 2162417.60 2128216.64  1.58%   2.3 2815s
 8865287 3733291     cutoff   87      2162417.60 2128218.25  1.58%   2.3 2820s
 8878921 3738333     cutoff  120      2162417.60 2128220.21  1.58%   2.3 2825s
 8892915 3742734     cutoff  270      2162417.60 2128223.45  1.58%   2.3 2830s
 8903063 3745272     cutoff  733      2162417.60 2128224.38  1.58%   2.3 2835s
 8916258 3748309 2155286.11  176   30 2162417.60 2128227.83  1.58%   2.3 2840s
 8930148 3752956     cutoff   77      2162417.60 2128230.68  1.58%   2.3 2845s
 8944333 3757079 2161173.33  150   20 2162417.60 2128234.26  1.58%   2.3 2850s
 8955741 3761517 2158913.15  266   30 2162417.60 2128236.52  1.58%   2.3 2855s
 8969173 3767087 2152847.93  156   34 2162417.60 2128238.56  1.58%   2.3 2860s
 8983133 3771521 2161817.58  132   20 2162417.60 2128241.63  1.58%   2.3 2866s
H8987355 3772657                    2162409.5734 2128242.52  1.58%   2.3 2868s
H8988970 3773823                    2162409.3248 2128242.70  1.58%   2.3 2869s
 8990608 3774446     cutoff   81      2162409.32 2128242.98  1.58%   2.3 2870s
 9002805 3776917     cutoff  232      2162409.32 2128245.27  1.58%   2.3 2875s
 9017178 3782681 2157370.09  729   34 2162409.32 2128248.55  1.58%   2.3 2880s
 9027191 3786940 2152447.58  370   32 2162409.32 2128249.68  1.58%   2.3 2885s
 9040193 3791695 2142327.64  104   36 2162409.32 2128252.39  1.58%   2.3 2890s
 9054044 3795841     cutoff  729      2162409.32 2128254.51  1.58%   2.3 2895s
 9064316 3798641 2159326.43  117   32 2162409.32 2128254.79  1.58%   2.3 2900s
 9077323 3803880     cutoff  115      2162409.32 2128257.03  1.58%   2.3 2905s
H9078459 3804001                    2162407.3855 2128257.64  1.58%   2.3 2906s
H9079401 3804652                    2162407.3838 2128257.68  1.58%   2.3 2906s
H9080746 3805184                    2162407.3649 2128257.76  1.58%   2.3 2907s
 9089872 3808043     cutoff  119      2162407.36 2128259.67  1.58%   2.3 2910s
 9105277 3812960     cutoff  560      2162407.36 2128262.93  1.58%   2.3 2915s
 9119492 3818195 2161890.00  403   22 2162407.36 2128265.19  1.58%   2.3 2920s
 9131938 3821225     cutoff  138      2162407.36 2128268.26  1.58%   2.3 2925s
 9143470 3825727 2158275.70  180   19 2162407.36 2128269.60  1.58%   2.3 2930s
 9156315 3828443     cutoff  718      2162407.36 2128271.61  1.58%   2.3 2935s
 9169269 3832876 2143210.08  169   36 2162407.36 2128273.59  1.58%   2.3 2940s
 9181966 3837099 2157991.36  137   21 2162407.36 2128276.39  1.58%   2.3 2945s
 9190441 3839167 2144555.93   79   35 2162407.36 2128278.36  1.58%   2.3 2950s
 9203941 3843464     cutoff  129      2162407.36 2128280.58  1.58%   2.3 2955s
 9216807 3848604 2155335.78  378   35 2162407.36 2128283.21  1.58%   2.3 2960s
 9226114 3852406     cutoff  254      2162407.36 2128284.76  1.58%   2.3 2965s
 9240405 3857790 2143635.80  236   35 2162407.36 2128287.39  1.58%   2.3 2970s
 9253041 3861478 2143313.90  444   35 2162407.36 2128289.99  1.58%   2.3 2975s
 9265649 3864964 2149761.72  347   36 2162407.36 2128292.62  1.58%   2.3 2980s
 9275641 3867780 2143452.70  194   34 2162407.36 2128294.00  1.58%   2.3 2985s
 9289416 3872111 2159899.91  188   29 2162407.36 2128296.89  1.58%   2.3 2990s
 9302964 3875695 2144708.49  146   24 2162407.36 2128299.51  1.58%   2.3 2995s
 9316231 3879482 2158302.14  124   31 2162407.36 2128302.80  1.58%   2.3 3000s
 9325924 3883077 2153154.59  654   34 2162407.36 2128304.15  1.58%   2.3 3005s

Gurobi 11.0.3 (linux64, Java) logging started sáb 14 dez 2024 21:14:41 -03

Set parameter Username
Academic license - for non-commercial use only - expires 2025-10-10
Set parameter NonConvex to value 2
Set parameter TimeLimit to value 3600
Set parameter LogToConsole to value 0
Set parameter MIPGap to value 2.3060879868461677e-07
Set parameter Threads to value 2
Set parameter NodefileDir to value "/home/ps12398/experiment_epec/goalProgrammingMarcos/"
Set parameter NodefileStart to value 1
Gurobi Optimizer version 11.0.3 build v11.0.3rc0 (linux64)

CPU model: Intel(R) Xeon(R) CPU           X5650  @ 2.67GHz, instruction set [SSE2]
Thread count: 12 physical cores, 24 logical processors, using up to 2 threads

Optimize a model with 8150 rows, 5573 columns and 26647 nonzeros
Model fingerprint: 0x99878453
Model has 57 quadratic constraints
Variable types: 2762 continuous, 2811 integer (52 binary)
Coefficient statistics:
  Matrix range     [2e-02, 8e+05]
  QMatrix range    [2e-02, 3e+04]
  QLMatrix range   [1e+00, 3e+04]
  Objective range  [1e+00, 9e+06]
  Bounds range     [1e+00, 1e+08]
  RHS range        [1e+00, 7e+05]
Presolve removed 8121 rows and 5528 columns
Presolve time: 0.05s
Presolved: 102 rows, 69 columns, 518 nonzeros
Presolved model has 24 bilinear constraint(s)

Solving non-convex MIQCP

Variable types: 51 continuous, 18 integer (0 binary)
Found heuristic solution: objective 2502516.1147

Root relaxation: objective 1.881449e+06, 65 iterations, 0.00 seconds (0.00 work units)

    Nodes    |    Current Node    |     Objective Bounds      |     Work
 Expl Unexpl |  Obj  Depth IntInf | Incumbent    BestBd   Gap | It/Node Time

     0     0 1881448.90    0   39 2502516.11 1881448.90  24.8%     -    0s
H    0     0                    2325876.9745 1881448.90  19.1%     -    0s
     0     0 1980990.99    0   40 2325876.97 1980990.99  14.8%     -    0s
H    0     0                    2234627.4857 1980990.99  11.4%     -    0s
     0     0 2027110.99    0   39 2234627.49 2027110.99  9.29%     -    0s
     0     0 2031127.37    0   39 2234627.49 2031127.37  9.11%     -    0s
H    0     0                    2208530.3778 2031127.37  8.03%     -    0s
     0     0 2031127.37    0   39 2208530.38 2031127.37  8.03%     -    0s
H    0     0                    2205279.2563 2031127.37  7.90%     -    0s
     0     2 2031127.37    0   39 2205279.26 2031127.37  7.90%     -    0s
H    4     6                    2204286.3299 2031127.37  7.86%   1.2    0s
H   17    20                    2201545.3532 2031129.44  7.74%   1.3    0s
H   21    24                    2201259.5962 2031129.44  7.73%   1.3    0s
H   27    30                    2200153.3241 2031130.13  7.68%   1.2    0s
H   29    36                    2198621.6666 2031130.13  7.62%   1.2    0s
H   33    36                    2198043.4107 2031130.82  7.59%   1.2    0s
H   44    54                    2197403.0060 2031132.90  7.57%   1.2    0s
H  160   286                    2192927.4285 2031146.71  7.38%   1.3    0s
H  285   509                    2192769.9601 2031159.84  7.37%   1.3    0s
H 1577  1700                    2182343.4685 2031250.33  6.92%   2.7    0s
H 1944  2153                    2181705.3592 2031251.01  6.90%   3.0    0s
H 2274  2392                    2180679.8704 2031251.01  6.85%   2.9    0s
H 2720  2574                    2179545.5448 2104303.45  3.45%   3.1    1s
H 3108  2781                    2170096.2293 2104303.45  3.03%   2.9    1s
H 3205  2749                    2169702.4136 2104303.45  3.01%   2.9    1s
H 3690  2964                    2167067.9989 2104303.45  2.90%   3.2    1s
H 4369  3124                    2166052.7331 2104303.45  2.85%   3.7    1s
* 5678  3048             711    2166045.0578 2104432.88  2.84%   4.0    2s
* 5679  2950             711    2166031.6154 2104432.88  2.84%   4.0    2s
 18107 12979 2151760.02  568   27 2166031.62 2104751.74  2.83%   3.9    5s
*20658 13942             162    2166013.9506 2104752.95  2.83%   4.0    5s
*20674 13938             171    2165932.1002 2104752.95  2.82%   4.0    5s
*20677 13938             173    2165928.0891 2104752.95  2.82%   4.0    5s
H21538 14584                    2165254.5943 2104765.73  2.79%   4.0    5s
H23758 16104                    2165231.9280 2104893.99  2.79%   3.8    6s
*23780 16103             182    2165204.7598 2104893.99  2.79%   3.8    6s
*23782 16097             183    2165175.8702 2104893.99  2.78%   3.8    6s
*23785 16097             185    2165173.8467 2104893.99  2.78%   3.8    6s
*23788 16097             187    2165173.5780 2104893.99  2.78%   3.8    6s
*23790 16097             188    2165173.4673 2104893.99  2.78%   3.8    6s
*23791 16097             188    2165173.4590 2104893.99  2.78%   3.8    6s
*23792 16097             186    2165173.3822 2104893.99  2.78%   3.8    6s
*26213 17949             228    2164814.6899 2104964.22  2.76%   3.7    6s
*26214 17949             228    2164814.6866 2104964.22  2.76%   3.7    6s
H27454 18597                    2164255.9315 2104966.90  2.74%   3.6    7s
H28641 19486                    2164209.3410 2104969.27  2.74%   3.6    7s
H28943 19642                    2164141.7229 2104969.42  2.73%   3.6    7s
H30365 20710                    2164117.0203 2104971.94  2.73%   3.5    8s
*32244 21563             227    2163752.4727 2104975.09  2.72%   3.4    8s
*32245 21563             227    2163751.5050 2104975.09  2.72%   3.4    8s
 39027 26656 2147025.62  498   22 2163751.51 2105196.39  2.71%   3.3   10s
 59120 40476 2137509.10  298   28 2163751.51 2105487.62  2.69%   3.0   15s
H66255 45246                    2163674.6736 2105511.25  2.69%   3.0   16s
H67470 46117                    2163602.5624 2105512.99  2.68%   3.0   17s
H68672 46690                    2163556.2232 2105518.78  2.68%   3.0   17s
H70018 47330                    2163513.1941 2105523.80  2.68%   3.0   18s
 77358 52032     cutoff  470      2163513.19 2105545.51  2.68%   2.9   20s
H82914 55493                    2163512.6811 2105559.29  2.68%   2.9   21s
 96589 64570 2131234.86  603   36 2163512.68 2105615.39  2.68%   2.9   25s
 116145 76179 2129204.43  106   37 2163512.68 2105971.70  2.66%   2.9   30s
H123475 81190                    2163461.6498 2106143.69  2.65%   2.8   32s
H126608 82690                    2163461.6414 2106233.15  2.65%   2.8   32s
H128431 84125                    2163434.5867 2106243.01  2.64%   2.8   33s
H129505 84431                    2163434.5331 2106245.68  2.64%   2.8   33s
 135700 88711 2146864.52  162   35 2163434.53 2106505.71  2.63%   2.8   35s
 156808 102706 2156152.27  308   34 2163434.53 2106970.98  2.61%   2.7   40s
 178333 115402 2158640.78  720   30 2163434.53 2107217.30  2.60%   2.7   45s
 197730 128122 2152648.93  110   32 2163434.53 2107412.55  2.59%   2.7   50s
 219197 143977 2156190.20  101   30 2163434.53 2108670.62  2.53%   2.6   55s
 240265 158539     cutoff  384      2163434.53 2108854.38  2.52%   2.6   60s
 259598 170287 2109503.97   73   37 2163434.53 2108928.48  2.52%   2.6   65s
*272521 178516             745    2163283.4508 2109226.76  2.50%   2.5   67s
*272529 178246             744    2163228.9320 2109226.76  2.50%   2.5   67s
 281058 184295 2162429.20  675   14 2163228.93 2109520.82  2.48%   2.5   70s
 304061 198217 2160317.64  121   28 2163228.93 2110128.64  2.45%   2.5   75s
H314626 204804                    2163214.0262 2110567.17  2.43%   2.5   77s
 326215 211702 2133710.53  258   38 2163214.03 2110894.32  2.42%   2.5   80s
 344365 221238 2143592.86  468   36 2163214.03 2111719.95  2.38%   2.5   85s
 361884 231559     cutoff  486      2163214.03 2112612.05  2.34%   2.6   90s
 380716 241399     cutoff  147      2163214.03 2113454.76  2.30%   2.6   95s
 398408 251490 2136572.29  135   37 2163214.03 2113805.07  2.28%   2.7  100s
 416481 261282     cutoff  238      2163214.03 2114446.51  2.25%   2.7  105s
 433593 269566 2160536.28  186   21 2163214.03 2114648.46  2.25%   2.7  110s
 450584 278346 2157060.26  731   31 2163214.03 2115177.49  2.22%   2.7  115s
 469124 288327 2162882.53  730   30 2163214.03 2115767.68  2.19%   2.8  120s
H478751 292793                    2163198.7558 2116058.84  2.18%   2.8  122s
 486063 296521     cutoff  247      2163198.76 2116274.84  2.17%   2.8  125s
 503419 303380 2154168.90  711   32 2163198.76 2116605.02  2.15%   2.8  130s
 518601 306742 2159316.78   98   30 2163198.76 2116631.74  2.15%   2.9  135s
H525288 307923                    2163042.2525 2116647.99  2.14%   2.9  137s
 533244 310078 2153690.05  444   20 2163042.25 2116647.99  2.14%   3.0  140s
 550262 318207 2155306.52  158   34 2163042.25 2116842.77  2.14%   3.0  145s
 566082 325372 2125384.63  110   34 2163042.25 2117110.90  2.12%   3.1  150s
 584317 335690 2140697.75  716   34 2163042.25 2117421.56  2.11%   3.0  155s
 601366 344460 2148209.92   98   33 2163042.25 2117923.61  2.09%   3.0  160s
 618856 353436     cutoff  242      2163042.25 2118412.42  2.06%   3.1  165s
 634751 360393 2150596.37  443   34 2163042.25 2118734.79  2.05%   3.1  170s
 651447 367703 2160735.10  456   20 2163042.25 2118940.72  2.04%   3.1  175s
 669040 376940     cutoff  734      2163042.25 2119168.02  2.03%   3.1  180s
H677233 379468                    2162866.1978 2119168.02  2.02%   3.1  182s
 686416 384213     cutoff  328      2162866.20 2119229.71  2.02%   3.1  185s
 704206 393694 2143340.46  192   36 2162866.20 2119541.49  2.00%   3.1  190s
 722681 402198 2161223.82  572   32 2162866.20 2119700.55  2.00%   3.1  195s
 738344 408045 2154542.04  105   33 2162866.20 2119781.73  1.99%   3.1  200s
 755918 413761     cutoff  434      2162866.20 2119855.09  1.99%   3.1  205s
 774491 422886 2146644.56  200   22 2162866.20 2120097.90  1.98%   3.1  210s
 792045 432438     cutoff  166      2162866.20 2120305.33  1.97%   3.1  215s
 811261 443626 2138434.40  472   37 2162866.20 2120441.54  1.96%   3.1  220s
 828375 451889 2142718.33  697   31 2162866.20 2120527.62  1.96%   3.1  225s
 847049 461911 2154012.60  261   20 2162866.20 2120676.00  1.95%   3.1  230s
 862866 465695 2135312.94  212   36 2162866.20 2120715.63  1.95%   3.1  235s
 878996 470574 2147954.69  593   22 2162866.20 2120765.23  1.95%   3.1  240s
 896255 478418 2157541.34  206   31 2162866.20 2120818.16  1.94%   3.1  245s
 914499 488513 2145295.90  196   34 2162866.20 2120895.51  1.94%   3.1  250s
 932308 498648 2155767.00  123   34 2162866.20 2121059.78  1.93%   3.1  255s
 949689 507062 2157144.90  105   34 2162866.20 2121187.91  1.93%   3.1  260s
 966810 516567 2153490.75  252   23 2162866.20 2121273.08  1.92%   3.1  265s
 984656 527089 2156423.16  149   30 2162866.20 2121459.46  1.91%   3.0  270s
 1003674 538229 2160559.75  716   30 2162866.20 2121638.34  1.91%   3.0  275s
 1022404 548594 2154067.93  120   33 2162866.20 2121823.09  1.90%   3.0  280s
 1040096 558797 2132668.59  230   37 2162866.20 2121977.85  1.89%   3.0  285s
 1058594 568604 2132306.06   84   38 2162866.20 2122119.99  1.88%   3.0  290s
 1076100 577777     cutoff  270      2162866.20 2122187.75  1.88%   3.0  295s
 1093865 586859 2141786.18   95   35 2162866.20 2122233.49  1.88%   3.0  300s
 1111352 594839 2151075.70  151   33 2162866.20 2122266.54  1.88%   3.0  305s
 1129586 602385     cutoff  712      2162866.20 2122290.82  1.88%   3.0  310s
 1146944 611276 2161752.95  204   23 2162866.20 2122358.05  1.87%   2.9  315s
 1165654 622169 2152683.66   79   34 2162866.20 2122492.60  1.87%   2.9  320s
 1183289 631762 2132924.69   65   37 2162866.20 2122587.70  1.86%   2.9  325s
 1200433 640303     cutoff  203      2162866.20 2122682.99  1.86%   2.9  330s
 1219189 649831 2159549.38  251   33 2162866.20 2122802.10  1.85%   2.9  335s
 1236737 658133     cutoff  123      2162866.20 2122881.37  1.85%   2.9  340s
 1253567 665907 2145881.27  112   30 2162866.20 2122952.83  1.85%   2.9  345s
H1254270 664609                    2162708.1552 2122956.90  1.84%   2.9  345s
 1271006 674148 2145463.47  243   34 2162708.16 2123061.17  1.83%   2.9  350s
 1289943 681622     cutoff  250      2162708.16 2123110.88  1.83%   2.9  355s
 1307345 691175 2155082.29  475   33 2162708.16 2123173.62  1.83%   2.9  360s
 1324366 700530 2142379.95   96   35 2162708.16 2123207.56  1.83%   2.9  365s
 1342637 710860 2161040.16  146   30 2162708.16 2123256.21  1.82%   2.9  370s
 1360916 720719 2136514.76   87   37 2162708.16 2123327.07  1.82%   2.9  375s
 1377452 728441 2162389.86  213   20 2162708.16 2123381.73  1.82%   2.9  380s
 1395056 737578 2161749.41  387   32 2162708.16 2123438.40  1.82%   2.9  385s
 1411344 744945 2156701.91  286   33 2162708.16 2123498.38  1.81%   2.9  390s
 1428627 753729     cutoff  104      2162708.16 2123567.37  1.81%   2.9  395s
 1446141 763680 2152193.33  222   34 2162708.16 2123634.90  1.81%   2.9  400s
 1464327 773684     cutoff  730      2162708.16 2123689.23  1.80%   2.9  405s
 1481664 783030 2158932.44  557   29 2162708.16 2123766.75  1.80%   2.9  410s
 1499553 793082 2153113.44  228   34 2162708.16 2123814.57  1.80%   2.8  415s
 1517063 802416     cutoff  214      2162708.16 2123851.28  1.80%   2.8  420s
 1535352 811841 2159493.28  475   23 2162708.16 2123911.01  1.79%   2.8  425s
 1553311 820183 2161309.73   83   31 2162708.16 2123969.80  1.79%   2.8  430s
 1570953 829049 2148933.42  305   35 2162708.16 2124008.78  1.79%   2.8  435s
 1589103 838895     cutoff  216      2162708.16 2124066.51  1.79%   2.8  440s
 1606953 849029     cutoff  732      2162708.16 2124123.78  1.78%   2.8  445s
 1625078 858278 2160744.44  197   32 2162708.16 2124175.64  1.78%   2.8  450s
 1641949 867009     cutoff   97      2162708.16 2124207.96  1.78%   2.8  455s
 1659387 876112     cutoff  185      2162708.16 2124241.31  1.78%   2.8  460s
 1675243 883750 2157434.64  437   35 2162708.16 2124272.09  1.78%   2.8  465s
 1692631 892234 2146420.78  387   32 2162708.16 2124309.17  1.78%   2.8  470s
 1708205 898624 2138352.59  165   36 2162708.16 2124335.94  1.77%   2.8  475s
 1725029 907769     cutoff  202      2162708.16 2124384.03  1.77%   2.8  480s
 1743243 917458     cutoff  613      2162708.16 2124441.93  1.77%   2.8  485s
 1761406 927565 2161531.36  345   32 2162708.16 2124499.05  1.77%   2.8  490s
 1778924 937747 2154526.73  553   31 2162708.16 2124529.56  1.77%   2.8  495s
 1796380 946542 2160935.34  720   32 2162708.16 2124569.26  1.76%   2.8  500s
 1814041 957161     cutoff  150      2162708.16 2124607.22  1.76%   2.8  505s
 1831986 966440 2154539.62  606   29 2162708.16 2124654.91  1.76%   2.8  510s
 1849288 975707 2155582.92  384   31 2162708.16 2124695.75  1.76%   2.8  515s
 1866431 984489 2155674.36  373   31 2162708.16 2124743.00  1.76%   2.7  520s
 1883699 994057 2155267.70  316   34 2162708.16 2124784.11  1.75%   2.7  525s
 1900463 1002336     cutoff  243      2162708.16 2124808.75  1.75%   2.7  530s
 1917726 1011565     cutoff  160      2162708.16 2124838.14  1.75%   2.7  535s
 1934803 1021394 2137348.09  236   36 2162708.16 2124876.41  1.75%   2.7  540s
 1951427 1030289 2156232.56  326   33 2162708.16 2124915.73  1.75%   2.7  545s
 1968558 1039604     cutoff  654      2162708.16 2124951.95  1.75%   2.7  550s
H1974802 1042955                    2162694.1092 2124962.70  1.74%   2.7  552s
H1977267 1042973                    2162624.4525 2124964.02  1.74%   2.7  553s
 1983782 1047065 2153103.97  453   32 2162624.45 2124970.01  1.74%   2.7  555s
 2000611 1055724 2157256.44  450   31 2162624.45 2125001.46  1.74%   2.7  560s
 2017209 1064169 2158529.66  210   33 2162624.45 2125034.84  1.74%   2.7  565s
 2033329 1072262 2137321.14  134   36 2162624.45 2125068.82  1.74%   2.7  570s
 2050503 1081953 2158439.90  236   31 2162624.45 2125107.60  1.73%   2.7  575s
 2067800 1091838 2161946.14  368   32 2162624.45 2125127.74  1.73%   2.7  580s
 2084122 1100827 2161949.19  189   16 2162624.45 2125148.37  1.73%   2.7  585s
 2101110 1109666 2136591.74  275   37 2162624.45 2125175.30  1.73%   2.7  590s
 2117400 1118317 2158086.30  735   34 2162624.45 2125201.65  1.73%   2.7  595s
 2134922 1128136 2137924.49  347   37 2162624.45 2125248.59  1.73%   2.7  600s
 2151533 1137075 2148447.84  282   33 2162624.45 2125290.46  1.73%   2.7  605s
 2168937 1146725 2145056.40  289   34 2162624.45 2125321.53  1.72%   2.7  610s
 2185292 1155474 2144356.10  723   34 2162624.45 2125363.38  1.72%   2.7  615s
 2202931 1164639 2138113.22  191   36 2162624.45 2125396.49  1.72%   2.7  620s
 2219956 1174445 2155447.05  298   33 2162624.45 2125428.57  1.72%   2.7  625s
 2237273 1183987 2149992.50  112   34 2162624.45 2125458.12  1.72%   2.7  630s
 2254595 1193999 2150563.36  705   32 2162624.45 2125493.45  1.72%   2.7  635s
 2272302 1203781 2156509.08  572   33 2162624.45 2125536.40  1.71%   2.7  640s
 2288836 1212677     cutoff  731      2162624.45 2125563.83  1.71%   2.6  645s
 2306164 1222409 2159622.90  161   34 2162624.45 2125595.98  1.71%   2.6  650s
 2322241 1230590 2135283.42   93   37 2162624.45 2125630.26  1.71%   2.6  655s
 2342467 1241414     cutoff  134      2162624.45 2125666.08  1.71%   2.6  660s
 2360154 1250973 2160037.72  248   29 2162624.45 2125703.73  1.71%   2.6  665s
 2376946 1260095 2131032.28  522   36 2162624.45 2125739.31  1.71%   2.6  670s
 2394763 1269885     cutoff  110      2162624.45 2125783.65  1.70%   2.6  675s
 2410574 1277895 2130810.39  710   37 2162624.45 2125806.19  1.70%   2.6  680s
 2428078 1287424 2145336.06  241   34 2162624.45 2125833.35  1.70%   2.6  685s
 2444304 1295414 2147614.05  741   32 2162624.45 2125864.63  1.70%   2.6  690s
 2460092 1304050 2146998.84   74   35 2162624.45 2125891.28  1.70%   2.6  695s
 2477943 1313611 2154433.33  594   33 2162624.45 2125920.28  1.70%   2.6  700s
 2495205 1322696 2160040.67   94   32 2162624.45 2125948.34  1.70%   2.6  705s
 2511752 1331051 2159754.71  360   29 2162624.45 2125977.48  1.69%   2.6  710s
 2529558 1341375 2161492.88  382   31 2162624.45 2126006.14  1.69%   2.6  715s
 2546433 1350680 2150208.70  190   34 2162624.45 2126039.83  1.69%   2.6  720s
 2561537 1358310 2128702.48  122   38 2162624.45 2126068.86  1.69%   2.6  725s
 2577174 1366508 2145429.09  602   35 2162624.45 2126089.69  1.69%   2.6  730s
 2593435 1375452 2130444.71  601   37 2162624.45 2126113.82  1.69%   2.6  735s
 2609971 1383960     cutoff  162      2162624.45 2126135.26  1.69%   2.6  740s
 2625697 1392673 2157792.97   92   21 2162624.45 2126154.93  1.69%   2.6  745s
 2642434 1401999     cutoff  622      2162624.45 2126178.09  1.69%   2.6  750s
 2659234 1411302 2148881.01  190   32 2162624.45 2126206.42  1.68%   2.6  755s
 2676061 1420724 2129871.18  236   37 2162624.45 2126217.50  1.68%   2.6  760s
 2692499 1429052 2153035.26   83   34 2162624.45 2126246.06  1.68%   2.6  765s
 2709735 1438962     cutoff  629      2162624.45 2126267.65  1.68%   2.6  770s
 2726218 1448513     cutoff  132      2162624.45 2126288.59  1.68%   2.6  775s
 2742244 1456561 2157571.94  630   31 2162624.45 2126312.98  1.68%   2.6  780s
 2758985 1464889     cutoff  618      2162624.45 2126339.02  1.68%   2.6  785s
 2775797 1473978     cutoff   97      2162624.45 2126357.39  1.68%   2.6  790s
 2792790 1483419 2137566.28  203   37 2162624.45 2126377.96  1.68%   2.6  795s
 2809435 1491818 2159769.46  651   24 2162624.45 2126399.41  1.68%   2.6  800s
 2827143 1500957 2152112.00  465   32 2162624.45 2126426.29  1.67%   2.6  805s
 2843277 1509152 2129271.12  595   39 2162624.45 2126449.87  1.67%   2.6  810s
 2860235 1516713     cutoff  353      2162624.45 2126468.90  1.67%   2.6  815s
 2875720 1524482     cutoff  525      2162624.45 2126491.00  1.67%   2.6  820s
 2892257 1532237 2135703.42  313   36 2162624.45 2126515.93  1.67%   2.6  825s
 2907894 1540208     cutoff  502      2162624.45 2126541.97  1.67%   2.6  830s
 2924681 1548916     cutoff  339      2162624.45 2126562.81  1.67%   2.6  835s
 2940332 1557530     cutoff  216      2162624.45 2126583.45  1.67%   2.6  840s
 2956958 1565956     cutoff  427      2162624.45 2126602.24  1.67%   2.6  845s
 2973093 1574841 2155533.28  290   33 2162624.45 2126626.60  1.66%   2.6  850s
 2989882 1583758 2132871.97  165   37 2162624.45 2126654.06  1.66%   2.6  855s
 3005884 1591646 2162384.63  142   20 2162624.45 2126680.50  1.66%   2.6  860s
Created node file directory '/home/ps12398/experiment_epec/goalProgrammingMarcos//grbnodes37'
 3019492 1598491 2158937.99  155   24 2162624.45 2126694.22  1.66%   2.6  865s
 3032484 1602673 2160514.26  303   32 2162624.45 2126699.40  1.66%   2.6  870s
 3046940 1608637 2138189.25   87   34 2162624.45 2126704.81  1.66%   2.6  875s
 3061662 1614402 2156089.74  134   27 2162624.45 2126707.52  1.66%   2.6  880s
 3073158 1618845 2155652.73   89   33 2162624.45 2126711.82  1.66%   2.6  885s
 3095745 1626390 2150398.95  593   32 2162624.45 2126719.36  1.66%   2.6  890s
 3109629 1631471 2154651.87  265   30 2162624.45 2126723.46  1.66%   2.6  896s
 3119514 1635403 2155827.38  275   32 2162624.45 2126726.75  1.66%   2.6  900s
 3133686 1639253     cutoff  129      2162624.45 2126730.77  1.66%   2.6  905s
H3141836 1640486                    2162620.5348 2126733.47  1.66%   2.6  908s
H3143250 1640652                    2162620.4738 2126733.90  1.66%   2.6  909s
H3143840 1640717                    2162620.4332 2126734.20  1.66%   2.6  909s
 3145195 1641452 2150634.16   90   33 2162620.43 2126734.91  1.66%   2.6  910s
H3145561 1641589                    2162620.4138 2126734.91  1.66%   2.6  910s
 3158443 1645797 2150430.70  157   35 2162620.41 2126738.37  1.66%   2.6  915s
 3168542 1649332 2146806.53  318   35 2162620.41 2126741.49  1.66%   2.6  920s
 3183628 1654644     cutoff  101      2162620.41 2126749.44  1.66%   2.6  925s
 3197550 1659255     cutoff  119      2162620.41 2126753.90  1.66%   2.6  930s
H3202381 1661107                    2162590.7561 2126754.52  1.66%   2.6  932s
 3210510 1663600 2154745.63  124   28 2162590.76 2126757.41  1.66%   2.6  935s
 3221739 1667422     cutoff  134      2162590.76 2126760.44  1.66%   2.6  940s
 3235662 1671203     cutoff  444      2162590.76 2126760.49  1.66%   2.6  945s
 3250339 1675974 2162528.81  169   29 2162590.76 2126765.23  1.66%   2.6  950s
 3263751 1680503     cutoff  642      2162590.76 2126768.46  1.66%   2.6  955s
 3272657 1684095     cutoff  564      2162590.76 2126770.42  1.66%   2.6  960s
 3286870 1689684 2136848.38  210   37 2162590.76 2126774.24  1.66%   2.6  965s
 3301300 1695978 2162164.91  685   29 2162590.76 2126776.29  1.66%   2.6  970s
 3310650 1698824 2149909.69  199   33 2162590.76 2126779.72  1.66%   2.6  975s
 3325381 1704497 2159737.11  334   24 2162590.76 2126783.74  1.66%   2.6  980s
 3338876 1709029     cutoff  636      2162590.76 2126787.54  1.66%   2.6  985s
 3349356 1713430 2162249.44  645   31 2162590.76 2126791.06  1.66%   2.6  990s
 3361427 1717043 2160738.02  106   20 2162590.76 2126797.67  1.66%   2.6  995s
 3376145 1723640 2152341.12  191   33 2162590.76 2126803.08  1.65%   2.6 1000s
 3389385 1728540     cutoff  269      2162590.76 2126805.90  1.65%   2.6 1006s
 3399433 1731288     cutoff  251      2162590.76 2126810.21  1.65%   2.6 1010s
 3413915 1735807 2149845.32  497   34 2162590.76 2126816.14  1.65%   2.6 1015s
H3423797 1739122                    2162590.4934 2126820.47  1.65%   2.6 1019s
 3425594 1740367 2148664.96  255   33 2162590.49 2126821.61  1.65%   2.6 1020s
 3435878 1744719 2150111.75  212   22 2162590.49 2126823.12  1.65%   2.6 1025s
 3449445 1748105 2158636.78   89   33 2162590.49 2126826.73  1.65%   2.6 1030s
 3463538 1754023 2162234.67  304   31 2162590.49 2126830.83  1.65%   2.6 1035s
 3476814 1758050     cutoff   90      2162590.49 2126835.22  1.65%   2.6 1040s
 3487255 1760885 2160679.44  205   31 2162590.49 2126840.01  1.65%   2.6 1045s
 3498654 1763796 2142273.49  262   35 2162590.49 2126844.43  1.65%   2.6 1050s
 3511387 1768336 2144054.28  536   30 2162590.49 2126847.63  1.65%   2.6 1055s
 3524535 1771582 2161043.02  256   16 2162590.49 2126855.62  1.65%   2.6 1060s
 3538976 1775810     cutoff  521      2162590.49 2126861.63  1.65%   2.6 1065s
 3548422 1779379     cutoff  117      2162590.49 2126865.41  1.65%   2.6 1070s
 3563252 1786459 2154749.40  149   30 2162590.49 2126871.34  1.65%   2.6 1075s
 3577369 1790058     cutoff  100      2162590.49 2126876.71  1.65%   2.6 1080s
 3587003 1793834 2146251.22  127   33 2162590.49 2126879.74  1.65%   2.6 1085s
 3600530 1797370     cutoff   91      2162590.49 2126886.03  1.65%   2.6 1090s
 3615371 1802120     cutoff  106      2162590.49 2126892.50  1.65%   2.6 1095s
 3630620 1807888 2161246.76  342   32 2162590.49 2126897.22  1.65%   2.6 1100s
H3634787 1809260                    2162590.0861 2126898.78  1.65%   2.6 1101s
 3639821 1811299 2160019.93  104   31 2162590.09 2126900.56  1.65%   2.6 1105s
 3654611 1818231 2160011.90  410   30 2162590.09 2126903.49  1.65%   2.6 1110s
 3668042 1821892 2155874.79   91   32 2162590.09 2126907.33  1.65%   2.6 1115s
 3677672 1825281 2130364.32  117   36 2162590.09 2126909.93  1.65%   2.6 1120s
H3683514 1827829                    2162589.1486 2126911.53  1.65%   2.6 1122s
 3689881 1830346 2151963.49  156   31 2162589.15 2126913.16  1.65%   2.6 1125s
 3704446 1834852 2161964.32  307   35 2162589.15 2126917.43  1.65%   2.6 1130s
 3715934 1840686 2155962.68  329   34 2162589.15 2126920.35  1.65%   2.6 1135s
 3729558 1845285 2157074.34  200   32 2162589.15 2126924.83  1.65%   2.6 1140s
 3743106 1851584     cutoff  328      2162589.15 2126927.80  1.65%   2.6 1145s
 3756685 1855663     cutoff   96      2162589.15 2126932.01  1.65%   2.6 1150s
 3765487 1858893     cutoff  112      2162589.15 2126934.18  1.65%   2.6 1155s
 3778228 1863717 2142142.34   85   35 2162589.15 2126938.02  1.65%   2.6 1160s
 3792520 1868673     cutoff  169      2162589.15 2126940.89  1.65%   2.6 1165s
 3802210 1872577 2162057.11  158   29 2162589.15 2126944.71  1.65%   2.6 1170s
 3816195 1877682     cutoff  729      2162589.15 2126946.77  1.65%   2.6 1175s
 3829425 1882733     cutoff  502      2162589.15 2126949.38  1.65%   2.6 1180s
 3842020 1888576 2157515.98  149   29 2162589.15 2126951.67  1.65%   2.6 1186s
 3855222 1893934 2158508.70  682   31 2162589.15 2126955.95  1.65%   2.6 1190s
 3870786 1899569     cutoff  104      2162589.15 2126960.55  1.65%   2.5 1195s
 3885648 1903769 2131619.02   75   35 2162589.15 2126963.68  1.65%   2.5 1201s
 3897473 1907352 2157558.34   90   32 2162589.15 2126966.93  1.65%   2.5 1205s
 3914127 1912805     cutoff  702      2162589.15 2126973.41  1.65%   2.5 1210s
 3929042 1916487 2160056.51  168   29 2162589.15 2126979.16  1.65%   2.5 1215s
 3940560 1921819 2158413.82  634   28 2162589.15 2126980.58  1.65%   2.5 1220s
 3956592 1928005 2158575.63  375   33 2162589.15 2126987.73  1.65%   2.5 1225s
 3968339 1934053 2152814.13   98   33 2162589.15 2126991.93  1.65%   2.5 1230s
 3982236 1940074 2157368.28  303   33 2162589.15 2126996.26  1.65%   2.5 1235s
 3998040 1946410 2155850.05  110   29 2162589.15 2127000.54  1.65%   2.5 1240s
 4010126 1951638     cutoff  199      2162589.15 2127005.63  1.65%   2.5 1245s
 4027507 1958621     cutoff  113      2162589.15 2127011.02  1.65%   2.5 1250s
 4042592 1963404     cutoff   79      2162589.15 2127015.76  1.64%   2.5 1255s
 4051546 1965807 2161838.03  588   22 2162589.15 2127019.46  1.64%   2.5 1260s
 4066722 1971416     cutoff  649      2162589.15 2127024.18  1.64%   2.5 1265s
 4082263 1976672 2137431.69  319   37 2162589.15 2127030.08  1.64%   2.5 1270s
 4091991 1981376 2149476.78   89   34 2162589.15 2127031.74  1.64%   2.5 1275s
 4107451 1988122     cutoff   81      2162589.15 2127037.08  1.64%   2.5 1280s
 4120081 1993202     cutoff   95      2162589.15 2127041.45  1.64%   2.5 1285s
 4133461 1996512     cutoff  658      2162589.15 2127046.97  1.64%   2.5 1290s
 4149625 2003741 2142543.74  109   26 2162589.15 2127051.87  1.64%   2.5 1295s
 4163069 2008372     cutoff  184      2162589.15 2127056.72  1.64%   2.5 1301s
 4176091 2013658 2158328.50  104   23 2162589.15 2127062.12  1.64%   2.5 1305s
 4192694 2021057 2155512.95  117   27 2162589.15 2127066.27  1.64%   2.5 1310s
 4204158 2024862     cutoff  571      2162589.15 2127071.87  1.64%   2.5 1315s
 4220904 2031567     cutoff  123      2162589.15 2127076.00  1.64%   2.5 1320s
 4232400 2036648     cutoff  279      2162589.15 2127078.33  1.64%   2.5 1325s
 4248927 2043517     cutoff   99      2162589.15 2127084.47  1.64%   2.5 1330s
H4259239 2047042                    2162574.9778 2127088.62  1.64%   2.5 1334s
 4262743 2049176 2145528.13  175   36 2162574.98 2127089.21  1.64%   2.5 1335s
 4275065 2053361 2127963.49   93   38 2162574.98 2127093.81  1.64%   2.5 1340s
 4291495 2058596 2155346.52  372   33 2162574.98 2127100.35  1.64%   2.5 1345s
 4308065 2064697 2161311.35   96   32 2162574.98 2127107.81  1.64%   2.5 1350s
 4319313 2067908 2155729.83  131   34 2162574.98 2127112.68  1.64%   2.5 1355s
 4335236 2073351 2153776.22   77   35 2162574.98 2127119.29  1.64%   2.5 1360s
 4349093 2079259 2151062.24   93   33 2162574.98 2127125.04  1.64%   2.5 1365s
 4364534 2085676 2147557.38  178   34 2162574.98 2127129.24  1.64%   2.5 1370s
 4380229 2091018 infeasible  223      2162574.98 2127135.10  1.64%   2.5 1375s
 4391904 2096472     cutoff  228      2162574.98 2127138.14  1.64%   2.5 1380s
 4409012 2102411 2136913.20  599   38 2162574.98 2127142.72  1.64%   2.5 1385s
 4422463 2108077     cutoff  131      2162574.98 2127146.64  1.64%   2.5 1390s
 4439798 2114494 2153069.68  235   32 2162574.98 2127150.81  1.64%   2.5 1395s
 4455238 2120138 2152441.41  108   35 2162574.98 2127156.19  1.64%   2.5 1400s
 4466876 2123632 2159285.81  168   18 2162574.98 2127160.52  1.64%   2.5 1405s
 4482641 2130382     cutoff  379      2162574.98 2127164.77  1.64%   2.5 1410s
 4495787 2134645 2156615.86  112   27 2162574.98 2127169.91  1.64%   2.5 1415s
 4509585 2138341 2155447.31   76   34 2162574.98 2127175.27  1.64%   2.5 1420s
 4525238 2143946 2148554.40  542   31 2162574.98 2127180.77  1.64%   2.5 1425s
 4538175 2148879 2159880.07   92   31 2162574.98 2127185.78  1.64%   2.5 1430s
 4556330 2157147     cutoff  104      2162574.98 2127191.76  1.64%   2.5 1435s
 4569423 2163689     cutoff  110      2162574.98 2127195.21  1.64%   2.5 1440s
 4584705 2169772 2158695.37  357   29 2162574.98 2127198.90  1.64%   2.5 1445s
 4600594 2177036 2157608.94  181   27 2162574.98 2127204.21  1.64%   2.5 1451s
 4611922 2181655 2144325.54  178   37 2162574.98 2127206.86  1.64%   2.5 1455s
 4627997 2188092 2147491.47  137   36 2162574.98 2127211.61  1.64%   2.5 1460s
 4639270 2193075 2148331.77  727   33 2162574.98 2127213.80  1.64%   2.5 1465s
 4655192 2199633 2157942.38  576   32 2162574.98 2127217.39  1.63%   2.5 1470s
 4665857 2204059 2147353.09  266   34 2162574.98 2127220.43  1.63%   2.5 1475s
 4682398 2210154 2158453.77  334   22 2162574.98 2127226.88  1.63%   2.5 1480s
 4697767 2216755     cutoff   97      2162574.98 2127231.21  1.63%   2.5 1485s
 4709713 2221487     cutoff  386      2162574.98 2127234.06  1.63%   2.5 1490s
 4726759 2228560     cutoff  667      2162574.98 2127237.19  1.63%   2.5 1495s
 4737439 2231452 2160554.27  355   33 2162574.98 2127242.12  1.63%   2.5 1500s
 4754225 2237614     cutoff  175      2162574.98 2127247.55  1.63%   2.5 1505s
 4770584 2242412 2143890.60  253   35 2162574.98 2127254.19  1.63%   2.5 1510s
 4780808 2246026     cutoff  143      2162574.98 2127258.56  1.63%   2.5 1515s
 4797884 2252138     cutoff  219      2162574.98 2127264.87  1.63%   2.5 1520s
H4811543 2256769                    2162574.3093 2127268.41  1.63%   2.5 1524s
 4812435 2257329     cutoff  239      2162574.31 2127269.09  1.63%   2.5 1525s
H4815798 2258535                    2162570.0212 2127270.10  1.63%   2.5 1527s
H4816900 2258702                    2162570.0088 2127270.62  1.63%   2.5 1528s
H4817322 2258764                    2162570.0021 2127270.95  1.63%   2.5 1528s
 4822063 2260760 2151655.49   95   34 2162570.00 2127272.66  1.63%   2.5 1530s
 4838519 2266036     cutoff   85      2162570.00 2127279.54  1.63%   2.4 1535s
 4852592 2272404     cutoff   93      2162570.00 2127284.32  1.63%   2.4 1540s
 4867623 2277838 2158451.76  252   31 2162570.00 2127287.96  1.63%   2.4 1545s
 4884827 2283194     cutoff   99      2162570.00 2127294.27  1.63%   2.4 1550s
H4885420 2283379                    2162566.7619 2127294.27  1.63%   2.4 1550s
H4885609 2283530                    2162566.5653 2127294.37  1.63%   2.4 1551s
 4895618 2286704     cutoff   95      2162566.57 2127299.01  1.63%   2.4 1555s
 4911698 2291584 2141680.53  172   36 2162566.57 2127305.36  1.63%   2.4 1560s
 4928472 2297833 2162558.77  546   35 2162566.57 2127310.04  1.63%   2.4 1565s
 4938278 2301761     cutoff  323      2162566.57 2127313.51  1.63%   2.4 1570s
 4955329 2307135     cutoff  117      2162566.57 2127319.96  1.63%   2.4 1575s
 4970442 2313273 2162232.36  180   30 2162566.57 2127324.95  1.63%   2.4 1581s
 4982818 2318521 2159901.38  137   30 2162566.57 2127327.72  1.63%   2.4 1585s
 5000459 2325687 2154972.45  115   31 2162566.57 2127332.99  1.63%   2.4 1590s
 5012899 2330761 2145384.04  338   34 2162566.57 2127336.64  1.63%   2.4 1595s
 5029510 2336581 2147185.13  164   34 2162566.57 2127340.97  1.63%   2.4 1600s
 5041797 2341737     cutoff  421      2162566.57 2127343.02  1.63%   2.4 1605s
 5058347 2349728 2150830.46  107   33 2162566.57 2127344.86  1.63%   2.4 1610s
 5074667 2355747     cutoff  424      2162566.57 2127349.99  1.63%   2.4 1615s
 5085527 2359639 2161501.12  117   29 2162566.57 2127352.59  1.63%   2.4 1620s
H5091991 2362045                    2162562.0007 2127354.87  1.63%   2.4 1622s
 5100538 2365688 2136708.68  523   36 2162562.00 2127356.87  1.63%   2.4 1625s
 5112919 2369731 2157666.59  450   29 2162562.00 2127361.86  1.63%   2.4 1630s
 5129591 2374076 2159733.19  406   34 2162562.00 2127366.42  1.63%   2.4 1635s
H5132031 2375252                    2162561.9500 2127366.75  1.63%   2.4 1636s
H5133325 2375382                    2162561.8930 2127367.41  1.63%   2.4 1637s
H5136770 2376673                    2162561.8886 2127368.68  1.63%   2.4 1638s
H5138897 2377505                    2162560.0812 2127369.66  1.63%   2.4 1639s
 5141043 2378885 2155276.37  120   30 2162560.08 2127370.08  1.63%   2.4 1640s
H5148080 2381823                    2162560.0746 2127372.28  1.63%   2.4 1642s
H5149618 2382048                    2162560.0479 2127372.38  1.63%   2.4 1643s
 5151541 2383448 2160697.39  383   32 2162560.05 2127373.15  1.63%   2.4 1645s
 5167276 2388879 2158449.80  162   33 2162560.05 2127377.53  1.63%   2.4 1650s
 5184391 2393850 2160801.85  120   22 2162560.05 2127381.53  1.63%   2.4 1655s
H5186760 2395212                    2162560.0312 2127382.46  1.63%   2.4 1656s
 5194856 2398449 2145211.07  126   34 2162560.03 2127384.48  1.63%   2.4 1660s
 5211980 2405373 2160824.85  296   21 2162560.03 2127387.95  1.63%   2.4 1665s
 5225388 2410362 2145526.96  124   36 2162560.03 2127391.87  1.63%   2.4 1670s
 5241427 2416382 2146851.71   95   34 2162560.03 2127396.65  1.63%   2.4 1675s
 5257206 2422327 2150733.55  122   32 2162560.03 2127402.11  1.63%   2.4 1680s
 5269555 2426710     cutoff  327      2162560.03 2127404.80  1.63%   2.4 1685s
 5286058 2432197 2160032.11  585   26 2162560.03 2127408.89  1.63%   2.4 1690s
 5303813 2436132     cutoff  630      2162560.03 2127412.31  1.63%   2.4 1695s
 5316679 2439403     cutoff  120      2162560.03 2127415.94  1.63%   2.4 1700s
 5332408 2443837 2140882.04  131   34 2162560.03 2127421.83  1.62%   2.4 1705s
 5349739 2450090 2150403.48  169   32 2162560.03 2127427.31  1.62%   2.4 1710s
 5361959 2455018     cutoff  214      2162560.03 2127429.71  1.62%   2.4 1715s
 5378263 2461698 2156170.55  295   26 2162560.03 2127432.77  1.62%   2.4 1720s
 5390551 2466310     cutoff  366      2162560.03 2127436.44  1.62%   2.4 1725s
 5411734 2474598 2151697.27  186   30 2162560.03 2127442.11  1.62%   2.4 1730s
 5426830 2480972 infeasible   78      2162560.03 2127446.09  1.62%   2.4 1735s
 5443193 2488168 2151048.69  441   32 2162560.03 2127448.57  1.62%   2.4 1740s
 5453168 2492583 2134296.70   79   37 2162560.03 2127450.90  1.62%   2.4 1745s
 5468619 2499583 2153871.92  119   30 2162560.03 2127452.25  1.62%   2.4 1750s
 5483713 2505400     cutoff  179      2162560.03 2127455.69  1.62%   2.4 1756s
 5495406 2509998 2135729.58   77   35 2162560.03 2127458.65  1.62%   2.4 1760s
 5510933 2516078     cutoff  101      2162560.03 2127463.82  1.62%   2.4 1765s
 5524172 2520652     cutoff  122      2162560.03 2127466.98  1.62%   2.4 1770s
 5540370 2526220 2159489.19   98   30 2162560.03 2127471.79  1.62%   2.4 1775s
 5557225 2532422 2153600.41  549   23 2162560.03 2127472.77  1.62%   2.4 1780s
 5568723 2537614     cutoff  235      2162560.03 2127473.51  1.62%   2.4 1785s
 5584394 2544715 2162262.86  180   30 2162560.03 2127476.91  1.62%   2.4 1790s
 5596496 2549866     cutoff  524      2162560.03 2127479.27  1.62%   2.4 1795s
 5612400 2556722     cutoff  190      2162560.03 2127481.54  1.62%   2.4 1800s
 5624871 2561791 2155684.72  112   30 2162560.03 2127485.69  1.62%   2.4 1805s
 5641117 2568259     cutoff  129      2162560.03 2127489.32  1.62%   2.4 1810s
 5656767 2574149 2130544.82  277   38 2162560.03 2127494.60  1.62%   2.4 1815s
 5670240 2579784 2160737.41  167   29 2162560.03 2127497.93  1.62%   2.4 1820s
 5687052 2587014 2144125.16  236   33 2162560.03 2127501.97  1.62%   2.4 1825s
 5698776 2591474 2150548.01  125   34 2162560.03 2127505.51  1.62%   2.4 1830s
 5715428 2597590     cutoff  140      2162560.03 2127509.69  1.62%   2.4 1835s
 5729098 2602777 2158600.68  137   33 2162560.03 2127514.48  1.62%   2.4 1840s
 5742733 2607510 2153999.51  688   31 2162560.03 2127518.31  1.62%   2.4 1845s
 5759110 2614011 2145042.66  151   34 2162560.03 2127523.01  1.62%   2.4 1850s
 5772543 2617655     cutoff  535      2162560.03 2127526.71  1.62%   2.4 1855s
 5788855 2625225     cutoff  192      2162560.03 2127530.11  1.62%   2.4 1860s
 5801538 2630756     cutoff  174      2162560.03 2127533.36  1.62%   2.4 1865s
 5817425 2635894     cutoff  111      2162560.03 2127541.01  1.62%   2.4 1870s
 5833478 2641348     cutoff  130      2162560.03 2127545.10  1.62%   2.4 1875s
H5844446 2645163                    2162554.2948 2127548.87  1.62%   2.4 1880s
 5858394 2650763 2155450.09  414   34 2162554.29 2127552.40  1.62%   2.4 1885s
 5874920 2656320 2152185.69  236   35 2162554.29 2127555.60  1.62%   2.4 1890s
 5887312 2662060 2160754.79  102   30 2162554.29 2127558.06  1.62%   2.4 1895s
 5903508 2668163     cutoff  293      2162554.29 2127561.48  1.62%   2.4 1900s
 5916253 2673216 2156263.90   97   34 2162554.29 2127564.04  1.62%   2.4 1905s
 5933275 2678217 2160142.54   97   31 2162554.29 2127567.25  1.62%   2.4 1910s
 5949409 2684651 2161925.25  104   21 2162554.29 2127572.36  1.62%   2.4 1915s
 5961871 2689352     cutoff  200      2162554.29 2127576.91  1.62%   2.4 1920s
 5978820 2693443     cutoff  196      2162554.29 2127580.68  1.62%   2.4 1925s
 5991241 2698440     cutoff  178      2162554.29 2127584.00  1.62%   2.4 1930s
 6006139 2704426 2151352.33  146   34 2162554.29 2127589.75  1.62%   2.4 1935s
H6011325 2706293                    2162480.4102 2127591.53  1.61%   2.4 1937s
 6020805 2709128     cutoff   82      2162480.41 2127593.07  1.61%   2.4 1940s
 6034490 2713023 2151271.67  200   33 2162480.41 2127597.06  1.61%   2.4 1945s
 6050827 2719922 2161001.34  349   22 2162480.41 2127600.66  1.61%   2.4 1950s
 6065602 2726159 2148609.38  418   32 2162480.41 2127603.76  1.61%   2.4 1955s
 6082311 2732082 2152126.37   81   33 2162480.41 2127608.21  1.61%   2.4 1960s
 6098605 2736769 2159587.17  531   34 2162480.41 2127613.22  1.61%   2.4 1965s
 6109585 2740673 2159110.73  210   30 2162480.41 2127617.93  1.61%   2.4 1970s
 6126442 2746358 2160476.17  118   31 2162480.41 2127623.13  1.61%   2.4 1975s
 6143329 2752782 2155751.85  130   30 2162480.41 2127628.34  1.61%   2.4 1980s
 6156896 2758269     cutoff  160      2162480.41 2127632.89  1.61%   2.4 1985s
 6174127 2764251 2161299.33  247   19 2162480.41 2127637.29  1.61%   2.4 1990s
 6185719 2767495     cutoff  248      2162480.41 2127641.32  1.61%   2.4 1995s
 6201988 2772972     cutoff  670      2162480.41 2127646.10  1.61%   2.4 2000s
 6219028 2779656 2151791.35  188   33 2162480.41 2127649.59  1.61%   2.4 2005s
 6230841 2783308 2151199.26  556   33 2162480.41 2127654.29  1.61%   2.4 2010s
 6247360 2789412 2161660.83  243   22 2162480.41 2127656.78  1.61%   2.4 2015s
 6262701 2795084 2154191.44  277   30 2162480.41 2127660.08  1.61%   2.4 2021s
 6276542 2799844 2161467.45  114   32 2162480.41 2127665.20  1.61%   2.4 2025s
H6293111 2805917                    2162468.0768 2127669.80  1.61%   2.4 2030s
H6299389 2807978                    2162467.9051 2127670.66  1.61%   2.4 2032s
 6304457 2809979     cutoff  160      2162467.91 2127671.68  1.61%   2.4 2035s
 6322921 2817182     cutoff  165      2162467.91 2127675.74  1.61%   2.4 2040s
 6336915 2823134 2143085.46  257   24 2162467.91 2127676.21  1.61%   2.4 2045s
 6356004 2830803     cutoff  381      2162467.91 2127680.63  1.61%   2.4 2050s
 6371178 2836210 2143781.60  125   31 2162467.91 2127683.52  1.61%   2.4 2055s
 6383367 2840168 2160594.61  160   32 2162467.91 2127685.28  1.61%   2.4 2060s
H6392811 2843326                    2162467.8569 2127688.01  1.61%   2.4 2062s
 6402547 2847110 2155542.83   89   32 2162467.86 2127689.83  1.61%   2.4 2065s
 6415236 2852173     cutoff  289      2162467.86 2127693.02  1.61%   2.4 2070s
 6432623 2860236 2153166.98  193   31 2162467.86 2127696.16  1.61%   2.4 2075s
H6437136 2861419                    2162467.8183 2127697.85  1.61%   2.4 2076s
 6446930 2863925     cutoff  165      2162467.82 2127700.65  1.61%   2.4 2081s
 6465564 2869038 2155905.64   85   33 2162467.82 2127706.20  1.61%   2.4 2085s
H6470722 2871179                    2162459.0577 2127707.84  1.61%   2.4 2086s
 6483430 2876297 2156065.38  232   32 2162459.06 2127711.87  1.61%   2.4 2090s
 6497612 2881390 2160083.47   99   31 2162459.06 2127714.35  1.61%   2.4 2095s
 6514166 2888554 2160311.03  134   21 2162459.06 2127717.76  1.61%   2.4 2100s
 6526012 2891658     cutoff  113      2162459.06 2127721.16  1.61%   2.4 2105s
 6543109 2897649     cutoff  165      2162459.06 2127726.53  1.61%   2.4 2110s
 6562656 2904336 2162137.19  404   30 2162459.06 2127731.26  1.61%   2.4 2115s
 6575905 2909639     cutoff  550      2162459.06 2127733.84  1.61%   2.4 2120s
 6594145 2916303     cutoff  100      2162459.06 2127737.97  1.61%   2.3 2125s
 6607309 2921658 2149069.39   96   33 2162459.06 2127741.23  1.61%   2.3 2130s
 6624608 2928726 2158214.90  580   35 2162459.06 2127744.82  1.61%   2.3 2135s
 6637780 2932782 2160596.50  109   31 2162459.06 2127749.37  1.61%   2.3 2140s
 6655482 2938610 2146590.17  253   25 2162459.06 2127754.35  1.60%   2.3 2145s
 6672379 2944642 2160415.78  576   31 2162459.06 2127759.57  1.60%   2.3 2150s
 6684458 2949593 2154859.04   98   30 2162459.06 2127761.17  1.60%   2.3 2155s
 6702029 2956450 2159094.70  173   30 2162459.06 2127766.84  1.60%   2.3 2160s
 6714082 2960970 2156854.87  307   35 2162459.06 2127769.87  1.60%   2.3 2165s
 6731431 2969213 2154120.62  128   31 2162459.06 2127773.84  1.60%   2.3 2170s
 6745737 2974820 2148860.34  303   34 2162459.06 2127775.68  1.60%   2.3 2175s
 6759232 2979736 2135183.03  202   37 2162459.06 2127779.19  1.60%   2.3 2180s
 6775680 2984100 2161036.96  501   27 2162459.06 2127782.78  1.60%   2.3 2185s
 6790447 2988704     cutoff  103      2162459.06 2127787.46  1.60%   2.3 2190s
 6807226 2995456 2129115.67  214   34 2162459.06 2127791.02  1.60%   2.3 2195s
 6824394 3000038 2159636.06  142   33 2162459.06 2127797.49  1.60%   2.3 2200s
 6836361 3004390 2157549.03   93   32 2162459.06 2127801.33  1.60%   2.3 2205s
 6854389 3011811     cutoff  238      2162459.06 2127805.16  1.60%   2.3 2210s
 6867630 3017231 2153557.44  209   33 2162459.06 2127807.57  1.60%   2.3 2215s
 6883649 3021605 2158984.46  381   30 2162459.06 2127811.81  1.60%   2.3 2220s
 6901021 3029348 2155795.76  254   32 2162459.06 2127815.97  1.60%   2.3 2225s
H6903628 3030081                    2162453.2353 2127816.74  1.60%   2.3 2227s
 6910451 3032396 2159767.40  108   33 2162453.24 2127818.54  1.60%   2.3 2230s
 6927928 3038078     cutoff   89      2162453.24 2127824.01  1.60%   2.3 2235s
 6944993 3043555     cutoff  310      2162453.24 2127828.38  1.60%   2.3 2241s
 6957830 3049749 2158093.95  721   33 2162453.24 2127830.31  1.60%   2.3 2245s
 6975150 3055867 2158793.99   94   31 2162453.24 2127833.44  1.60%   2.3 2250s
 6987976 3059626 2152800.14  606   31 2162453.24 2127836.44  1.60%   2.3 2255s
 7004727 3066243 2155194.80  110   31 2162453.24 2127841.75  1.60%   2.3 2260s
 7019126 3071581 2147746.00  728   33 2162453.24 2127845.12  1.60%   2.3 2265s
 7035654 3077966 2158538.83  222   30 2162453.24 2127849.49  1.60%   2.3 2270s
 7052460 3083451 2151000.48   93   32 2162453.24 2127854.31  1.60%   2.3 2275s
 7067402 3090274 2147056.36   91   34 2162453.24 2127857.33  1.60%   2.3 2280s
 7083567 3095644     cutoff  158      2162453.24 2127861.97  1.60%   2.3 2285s
 7097772 3100360 2155080.72  241   31 2162453.24 2127865.30  1.60%   2.3 2290s
H7106598 3103658                    2162450.0684 2127867.17  1.60%   2.3 2292s
 7112954 3107459 2146250.75   89   33 2162450.07 2127868.44  1.60%   2.3 2295s
H7114452 3108078                    2162437.3676 2127868.73  1.60%   2.3 2296s
H7114775 3108216                    2162437.0732 2127868.73  1.60%   2.3 2296s
 7123841 3112654     cutoff  316      2162437.07 2127870.18  1.60%   2.3 2300s
 7141483 3119907     cutoff   93      2162437.07 2127873.79  1.60%   2.3 2305s
 7159135 3125567 2141349.19  381   37 2162437.07 2127878.85  1.60%   2.3 2310s
 7172203 3130816 2154304.19  669   33 2162437.07 2127881.64  1.60%   2.3 2315s
 7188419 3135347     cutoff  215      2162437.07 2127885.68  1.60%   2.3 2320s
H7191986 3136498                    2162427.7102 2127887.28  1.60%   2.3 2321s
H7194476 3137182                    2162427.6848 2127887.78  1.60%   2.3 2322s
 7197715 3139547 2153242.52  311   22 2162427.68 2127887.78  1.60%   2.3 2325s
 7214266 3145996 2158555.17   90   33 2162427.68 2127890.55  1.60%   2.3 2330s
 7230601 3152653     cutoff  308      2162427.68 2127892.68  1.60%   2.3 2335s
 7244861 3157761 2162159.94  108   30 2162427.68 2127897.07  1.60%   2.3 2340s
 7261596 3162353 2153357.52   98   29 2162427.68 2127901.58  1.60%   2.3 2345s
 7273734 3166686 2161742.50   97   31 2162427.68 2127903.93  1.60%   2.3 2350s
 7290728 3174009 2161472.97  106   33 2162427.68 2127909.39  1.60%   2.3 2355s
 7305921 3180523     cutoff  546      2162427.68 2127912.40  1.60%   2.3 2361s
 7318852 3184809     cutoff  115      2162427.68 2127916.05  1.60%   2.3 2365s
 7336079 3190505     cutoff  207      2162427.68 2127919.69  1.60%   2.3 2370s
 7350060 3195328 2128037.46   82   35 2162427.68 2127922.08  1.60%   2.3 2375s
 7366665 3202289 2157478.96  306   30 2162427.68 2127925.89  1.60%   2.3 2380s
 7383666 3208192 2151678.36  296   21 2162427.68 2127929.89  1.60%   2.3 2385s
 7396806 3212109 2161026.34  174   21 2162427.68 2127932.48  1.60%   2.3 2390s
 7416554 3218590     cutoff  231      2162427.68 2127936.69  1.60%   2.3 2395s
 7431903 3224546     cutoff  171      2162427.68 2127940.83  1.59%   2.3 2400s
 7448417 3230828 2155976.64   80   34 2162427.68 2127945.12  1.59%   2.3 2405s
 7463335 3235671 2144304.23  356   34 2162427.68 2127948.05  1.59%   2.3 2410s
 7478350 3239860 2161029.11  154   30 2162427.68 2127951.11  1.59%   2.3 2415s
 7494750 3245179     cutoff  187      2162427.68 2127955.09  1.59%   2.3 2420s
 7507903 3249231     cutoff  134      2162427.68 2127959.57  1.59%   2.3 2425s
 7524732 3256523     cutoff  103      2162427.68 2127961.05  1.59%   2.3 2430s
 7541369 3261861 2150939.90  190   33 2162427.68 2127966.37  1.59%   2.3 2435s
 7554188 3265821     cutoff  144      2162427.68 2127967.89  1.59%   2.3 2440s
 7572377 3271935     cutoff  133      2162427.68 2127972.00  1.59%   2.3 2445s
 7586322 3276952 2142901.78  142   34 2162427.68 2127974.80  1.59%   2.3 2450s
 7603600 3283013 2156344.99  176   30 2162427.68 2127977.76  1.59%   2.3 2455s
 7622172 3289600 2144438.66   76   36 2162427.68 2127981.53  1.59%   2.3 2460s
 7634068 3293084 2160699.18  169   31 2162427.68 2127983.64  1.59%   2.3 2465s
 7649500 3299380 2159699.49  128   30 2162427.68 2127987.14  1.59%   2.3 2470s
 7663051 3304992 2157342.37  210   21 2162427.68 2127990.70  1.59%   2.3 2475s
H7678192 3309670                    2162426.5489 2127993.78  1.59%   2.3 2480s
H7685033 3312572                    2162420.1057 2127995.65  1.59%   2.3 2482s
H7685189 3312720                    2162419.8571 2127995.65  1.59%   2.3 2483s
 7690465 3315121 2153982.96  359   33 2162419.86 2127996.69  1.59%   2.3 2485s
 7702951 3319416 2148914.89  523   30 2162419.86 2127999.84  1.59%   2.3 2490s
 7720180 3325341     cutoff  106      2162419.86 2128004.69  1.59%   2.3 2495s
 7734580 3331528 2157589.11  741   33 2162419.86 2128007.20  1.59%   2.3 2500s
 7748183 3336975     cutoff  175      2162419.86 2128010.62  1.59%   2.3 2505s
 7763777 3341328 2161424.37  628   30 2162419.86 2128013.12  1.59%   2.3 2510s
 7775290 3345478 2156740.07  106   34 2162419.86 2128015.77  1.59%   2.3 2515s
 7792182 3352092     cutoff  117      2162419.86 2128020.11  1.59%   2.3 2520s
 7808283 3358053     cutoff   97      2162419.86 2128025.16  1.59%   2.3 2525s
 7821804 3362967     cutoff  155      2162419.86 2128028.09  1.59%   2.3 2530s
 7838518 3368239 2149792.95  130   36 2162419.86 2128032.39  1.59%   2.3 2535s
 7851243 3372749 2147169.79  128   33 2162419.86 2128035.55  1.59%   2.3 2540s
 7867806 3377807     cutoff   92      2162419.86 2128039.22  1.59%   2.3 2545s
 7884751 3385381 2154632.86  194   34 2162419.86 2128041.86  1.59%   2.3 2550s
 7896857 3389906     cutoff  141      2162419.86 2128043.52  1.59%   2.3 2555s
 7913447 3396090 2161710.17  326   29 2162419.86 2128046.86  1.59%   2.3 2560s
H7920310 3399424                    2162417.5993 2128047.34  1.59%   2.3 2563s
 7923604 3401248 2149072.75  124   31 2162417.60 2128047.69  1.59%   2.3 2565s
 7940306 3407429     cutoff  508      2162417.60 2128050.56  1.59%   2.3 2570s
 7957373 3413236 2159002.46  543   31 2162417.60 2128053.87  1.59%   2.3 2575s
 7968751 3417462     cutoff  671      2162417.60 2128055.30  1.59%   2.3 2580s
 7984812 3424620     cutoff  272      2162417.60 2128059.27  1.59%   2.3 2585s
 7997986 3430876 2149303.74  110   33 2162417.60 2128063.03  1.59%   2.3 2590s
 8014884 3436882     cutoff  600      2162417.60 2128067.78  1.59%   2.3 2595s
 8029443 3441949 2150966.39   91   32 2162417.60 2128071.29  1.59%   2.3 2600s
 8044743 3446087 2156406.91  249   29 2162417.60 2128074.55  1.59%   2.3 2605s
 8061216 3452604 2160505.16  403   32 2162417.60 2128077.06  1.59%   2.3 2610s
 8076324 3458117     cutoff  364      2162417.60 2128079.66  1.59%   2.3 2615s
 8094794 3465497     cutoff  107      2162417.60 2128082.36  1.59%   2.3 2620s
 8107298 3469303 2151820.96  154   32 2162417.60 2128085.27  1.59%   2.3 2625s
 8123369 3474433 2160927.21  383   23 2162417.60 2128088.85  1.59%   2.3 2630s
 8139320 3479391 infeasible  359      2162417.60 2128091.91  1.59%   2.3 2635s
 8151150 3484001 2157900.97  259   28 2162417.60 2128093.47  1.59%   2.3 2640s
 8167392 3489623 2153044.71  328   35 2162417.60 2128096.95  1.59%   2.3 2645s
 8183310 3496113 2160845.88  315   30 2162417.60 2128099.91  1.59%   2.3 2650s
 8194375 3501820 2151824.94  728   34 2162417.60 2128101.43  1.59%   2.3 2655s
 8211809 3509087 2156583.64   88   32 2162417.60 2128104.27  1.59%   2.3 2660s
 8223972 3514471     cutoff   99      2162417.60 2128106.94  1.59%   2.3 2665s
 8238173 3520463 2154865.35  198   30 2162417.60 2128108.93  1.59%   2.3 2670s
 8249078 3524581 2154935.08  313   35 2162417.60 2128111.29  1.59%   2.3 2675s
 8261469 3529863 2160238.38  123   30 2162417.60 2128112.90  1.59%   2.3 2680s
 8274602 3533955 2152172.77  203   35 2162417.60 2128115.55  1.59%   2.3 2685s
 8285171 3537931 2160005.92  271   21 2162417.60 2128117.45  1.59%   2.3 2690s
 8299184 3542672 2146538.89  108   35 2162417.60 2128119.70  1.59%   2.3 2695s
 8313103 3547491 2142871.77  226   35 2162417.60 2128121.82  1.59%   2.3 2700s
 8324671 3550782     cutoff  211      2162417.60 2128124.24  1.59%   2.3 2705s
 8338831 3555106     cutoff  139      2162417.60 2128126.88  1.59%   2.3 2710s
 8352556 3558895 2142624.70  411   37 2162417.60 2128129.80  1.59%   2.3 2715s
 8366145 3563862     cutoff  734      2162417.60 2128131.77  1.59%   2.3 2720s
 8376539 3567794 2156958.30  369   25 2162417.60 2128133.78  1.59%   2.3 2725s
 8390612 3572110     cutoff  104      2162417.60 2128136.86  1.59%   2.3 2730s
 8404284 3576794     cutoff  267      2162417.60 2128139.97  1.59%   2.3 2735s
 8414808 3580414 2135319.99  465   35 2162417.60 2128142.43  1.59%   2.3 2740s
 8428229 3585602 2161579.76  206   30 2162417.60 2128145.61  1.58%   2.3 2745s
 8442584 3590329     cutoff  170      2162417.60 2128147.76  1.58%   2.3 2750s
 8452440 3594399     cutoff  626      2162417.60 2128148.61  1.58%   2.3 2755s
 8466076 3598715 2158565.85   94   31 2162417.60 2128150.11  1.58%   2.3 2760s
 8479690 3602617 2131028.99  267   37 2162417.60 2128151.88  1.58%   2.3 2765s
 8491570 3606686 2151983.67  141   32 2162417.60 2128153.11  1.58%   2.3 2770s
 8504038 3609622     cutoff  355      2162417.60 2128154.74  1.58%   2.3 2775s
 8517137 3613773 2149806.24  382   33 2162417.60 2128156.12  1.58%   2.3 2780s
 8531534 3618880     cutoff  440      2162417.60 2128158.07  1.58%   2.3 2785s
 8542193 3622560 2159680.89  184   31 2162417.60 2128159.73  1.58%   2.3 2790s
 8556067 3627745     cutoff  411      2162417.60 2128161.13  1.58%   2.3 2795s
 8570141 3632031     cutoff   98      2162417.60 2128163.04  1.58%   2.3 2800s
 8580346 3635398 2162112.25  486   30 2162417.60 2128164.27  1.58%   2.3 2805s
 8594229 3642027 2150526.38  523   16 2162417.60 2128165.71  1.58%   2.3 2810s
 8607607 3648297 2149755.91  141   32 2162417.60 2128167.64  1.58%   2.3 2815s
 8618504 3651437     cutoff  353      2162417.60 2128170.03  1.58%   2.3 2820s
 8631688 3655934 2148959.07   90   33 2162417.60 2128172.16  1.58%   2.3 2825s
 8645646 3660513 2158427.20  501   29 2162417.60 2128174.54  1.58%   2.3 2830s
 8656070 3664140 2159411.89  295   34 2162417.60 2128176.58  1.58%   2.3 2835s
 8669526 3668204 2161165.06  670   34 2162417.60 2128179.63  1.58%   2.3 2840s
 8684522 3674055 2154978.74  128   29 2162417.60 2128182.79  1.58%   2.3 2845s
 8695382 3676801     cutoff  260      2162417.60 2128185.54  1.58%   2.3 2850s
 8708465 3680707 2160818.51  296   32 2162417.60 2128188.34  1.58%   2.3 2855s
 8721895 3683861 2155944.14  120   29 2162417.60 2128191.35  1.58%   2.3 2860s
 8735794 3688205 2159746.52  100   32 2162417.60 2128193.44  1.58%   2.3 2865s
 8746526 3693140 2145056.07   82   33 2162417.60 2128195.51  1.58%   2.3 2870s
 8760604 3697826     cutoff  144      2162417.60 2128196.67  1.58%   2.3 2875s
 8774955 3702300 2158381.32  116   33 2162417.60 2128198.81  1.58%   2.3 2880s
 8785845 3706375 2135604.13  118   33 2162417.60 2128200.60  1.58%   2.3 2885s
 8800318 3711199 2132823.53  301   37 2162417.60 2128204.85  1.58%   2.3 2890s
 8814977 3715069 2160662.58  144   31 2162417.60 2128207.95  1.58%   2.3 2895s
 8826844 3719982     cutoff  100      2162417.60 2128210.53  1.58%   2.3 2900s
 8841811 3724709 2160491.68  177   31 2162417.60 2128213.80  1.58%   2.3 2905s
 8855558 3728788 2154585.87  130   31 2162417.60 2128216.64  1.58%   2.3 2910s
 8866369 3733633 2141106.07  573   35 2162417.60 2128218.60  1.58%   2.3 2915s
 8880505 3738806 2161395.39   87   30 2162417.60 2128220.90  1.58%   2.3 2920s
 8893752 3743213 2147554.67  234   34 2162417.60 2128223.64  1.58%   2.3 2925s
 8904275 3745383 2158787.80  299   31 2162417.60 2128225.23  1.58%   2.3 2930s
 8916851 3748307     cutoff  116      2162417.60 2128227.89  1.58%   2.3 2935s
 8930373 3752963     cutoff   82      2162417.60 2128230.68  1.58%   2.3 2940s
 8944600 3757170 2137180.11   90   32 2162417.60 2128234.32  1.58%   2.3 2945s
 8957314 3761968     cutoff  101      2162417.60 2128236.57  1.58%   2.3 2950s
 8970887 3767263 2154920.30  737   32 2162417.60 2128239.03  1.58%   2.3 2955s
 8983133 3771521 2161817.58  132   20 2162417.60 2128241.63  1.58%   2.3 2960s
H8987355 3772657                    2162409.5734 2128242.52  1.58%   2.3 2962s
H8988970 3773823                    2162409.3248 2128242.70  1.58%   2.3 2962s
 8994941 3775352 2160752.45  251   29 2162409.32 2128243.83  1.58%   2.3 2965s
 9007393 3779023     cutoff  194      2162409.32 2128246.13  1.58%   2.3 2970s
 9021376 3784777 2155138.41  609   31 2162409.32 2128249.07  1.58%   2.3 2975s
 9032625 3788556 2153896.96  445   34 2162409.32 2128250.58  1.58%   2.3 2980s
 9046407 3793760     cutoff  192      2162409.32 2128253.39  1.58%   2.3 2985s
 9059596 3797264 2148794.13  368   34 2162409.32 2128254.51  1.58%   2.3 2990s
 9069697 3800810     cutoff   92      2162409.32 2128255.51  1.58%   2.3 2995s
H9078459 3804001                    2162407.3855 2128257.64  1.58%   2.3 2998s
H9079401 3804652                    2162407.3838 2128257.68  1.58%   2.3 2999s
H9080746 3805184                    2162407.3649 2128257.76  1.58%   2.3 3000s
 9094173 3809053     cutoff  287      2162407.36 2128260.82  1.58%   2.3 3005s
 9105032 3812961 2156088.00  441   28 2162407.36 2128262.86  1.58%   2.3 3010s
 9119759 3818219     cutoff  136      2162407.36 2128265.19  1.58%   2.3 3015s
 9132354 3821596 2141756.30   85   34 2162407.36 2128268.26  1.58%   2.3 3020s
 9143470 3825727 2158275.70  180   19 2162407.36 2128269.60  1.58%   2.3 3025s
 9155131 3827985     cutoff  368      2162407.36 2128271.61  1.58%   2.3 3030s
 9169269 3832876 2143210.08  169   36 2162407.36 2128273.59  1.58%   2.3 3035s
 9183127 3837345 2131422.72  117   38 2162407.36 2128276.64  1.58%   2.3 3040s
 9192501 3839943 2160416.84  718   32 2162407.36 2128278.67  1.58%   2.3 3045s
 9205436 3844076 2158251.44  667   34 2162407.36 2128280.94  1.58%   2.3 3050s
 9218133 3849016     cutoff   88      2162407.36 2128283.47  1.58%   2.3 3055s
 9228074 3853026     cutoff  155      2162407.36 2128285.00  1.58%   2.3 3060s
 9242593 3858545 2160217.64  106   33 2162407.36 2128287.95  1.58%   2.3 3065s
 9255894 3862219 2145284.16   79   34 2162407.36 2128290.67  1.58%   2.3 3070s
 9268524 3865665     cutoff  232      2162407.36 2128292.89  1.58%   2.3 3075s
 9277603 3868234 2159957.98  416   31 2162407.36 2128294.41  1.58%   2.3 3080s
 9291387 3872343     cutoff  739      2162407.36 2128297.33  1.58%   2.3 3085s
 9304678 3875896     cutoff  173      2162407.36 2128299.61  1.58%   2.3 3090s
 9317409 3879648     cutoff  570      2162407.36 2128303.11  1.58%   2.3 3095s
 9329841 3884296 2143649.96  515   34 2162407.36 2128305.28  1.58%   2.3 3100s
 9342859 3889128 2158750.77   97   32 2162407.36 2128308.11  1.58%   2.3 3105s
 9355373 3892637 2158058.77  103   30 2162407.36 2128310.58  1.58%   2.3 3110s
 9365992 3897006 2159460.14   92   32 2162407.36 2128312.00  1.58%   2.3 3115s
 9380900 3901598     cutoff  123      2162407.36 2128315.78  1.58%   2.3 3120s
 9391431 3906621 2160732.36  565   27 2162407.36 2128317.05  1.58%   2.3 3125s
 9407634 3911947     cutoff  341      2162407.36 2128321.29  1.58%   2.3 3130s
 9423797 3916174 2157535.80  194   27 2162407.36 2128325.17  1.58%   2.3 3135s
 9436137 3920627 2161630.14  341   32 2162407.36 2128327.94  1.58%   2.3 3140s
 9452632 3925620     cutoff   91      2162407.36 2128331.85  1.58%   2.3 3145s
H9453129 3925647                    2162405.1087 2128331.98  1.58%   2.3 3145s
H9458385 3926645                    2162405.0654 2128334.21  1.58%   2.3 3147s
 9467165 3930313 2157748.49  254   26 2162405.07 2128335.49  1.58%   2.3 3150s
 9478536 3935202 2159179.59  336   34 2162405.07 2128337.80  1.58%   2.3 3155s
 9494972 3941100     cutoff  140      2162405.07 2128341.74  1.58%   2.3 3160s
 9509442 3946357     cutoff  187      2162405.07 2128344.18  1.58%   2.3 3165s
 9525510 3951798     cutoff  117      2162405.07 2128346.95  1.58%   2.3 3170s
 9541435 3957436     cutoff  182      2162405.07 2128349.70  1.57%   2.3 3175s
 9553355 3962374 2141905.79  190   35 2162405.07 2128352.06  1.57%   2.3 3180s
 9571677 3968602 2162251.08  116   32 2162405.07 2128356.39  1.57%   2.3 3185s
 9585212 3974036 2128503.27  107   29 2162405.07 2128359.34  1.57%   2.3 3190s
 9602201 3980500 2150889.80  193   32 2162405.07 2128362.42  1.57%   2.3 3195s
 9618222 3987118 2152814.39  132   34 2162405.07 2128364.97  1.57%   2.3 3200s
 9632860 3991861     cutoff   88      2162405.07 2128367.98  1.57%   2.3 3205s
 9650820 3999592 2148132.22  234   35 2162405.07 2128371.24  1.57%   2.3 3210s
 9663977 4004105     cutoff  129      2162405.07 2128373.91  1.57%   2.3 3215s
 9681237 4009365     cutoff  312      2162405.07 2128377.43  1.57%   2.3 3220s
H9691064 4012308                    2162405.0453 2128379.74  1.57%   2.3 3223s
 9693776 4013646 2154126.61  272   21 2162405.05 2128379.75  1.57%   2.3 3225s
 9709116 4018194 2160001.77   89   32 2162405.05 2128383.36  1.57%   2.3 3230s
 9725961 4024846     cutoff  151      2162405.05 2128386.78  1.57%   2.3 3235s
 9737770 4028776 2162225.61  315   23 2162405.05 2128388.01  1.57%   2.3 3240s
 9755812 4035742     cutoff  695      2162405.05 2128390.36  1.57%   2.3 3245s
 9767747 4040671 2160860.56  336   33 2162405.05 2128391.69  1.57%   2.3 3250s
 9784033 4045838 2140321.11  686   36 2162405.05 2128395.64  1.57%   2.3 3255s
 9799265 4052960     cutoff  331      2162405.05 2128397.40  1.57%   2.3 3260s
 9811449 4058127     cutoff  512      2162405.05 2128399.14  1.57%   2.3 3265s
 9827407 4063536     cutoff  543      2162405.05 2128402.27  1.57%   2.3 3270s
H9829333 4063872                    2162403.7371 2128402.56  1.57%   2.3 3271s
H9829449 4064281                    2162403.6143 2128402.56  1.57%   2.3 3271s
 9836751 4067889 2155358.82   96   30 2162403.61 2128403.44  1.57%   2.3 3275s
 9853019 4074330 2152596.99  247   33 2162403.61 2128406.35  1.57%   2.3 3280s
 9866017 4079959 2149741.88  100   30 2162403.61 2128407.56  1.57%   2.3 3285s
 9880861 4085435 2162185.71  295   31 2162403.61 2128410.88  1.57%   2.3 3290s
 9897797 4091372 2157321.20  112   34 2162403.61 2128414.42  1.57%   2.3 3295s
 9910006 4095457     cutoff  108      2162403.61 2128417.01  1.57%   2.3 3300s
 9926648 4101269 2159487.91  113   31 2162403.61 2128419.99  1.57%   2.3 3305s
 9940916 4106053 2161979.55   94   30 2162403.61 2128422.72  1.57%   2.3 3310s
 9955366 4111677 2162228.98  527   32 2162403.61 2128425.02  1.57%   2.3 3315s
 9972293 4117397 2152689.92  511   33 2162403.61 2128428.73  1.57%   2.3 3320s
 9983202 4121348 2143074.69  116   36 2162403.61 2128430.25  1.57%   2.3 3325s
 10000245 4127943 2144109.20  185   35 2162403.61 2128433.99  1.57%   2.3 3330s
 10015584 4132192     cutoff  250      2162403.61 2128436.91  1.57%   2.3 3335s
 10027835 4137350 2158729.92  140   27 2162403.61 2128439.12  1.57%   2.3 3340s
 10044500 4143313 2162122.83  160   32 2162403.61 2128442.38  1.57%   2.3 3345s
 10057752 4148054 2159637.92  301   22 2162403.61 2128444.97  1.57%   2.3 3350s
 10074841 4154000     cutoff  107      2162403.61 2128448.27  1.57%   2.3 3355s
 10089442 4159221 2152823.63  111   31 2162403.61 2128451.57  1.57%   2.3 3360s
H10092949 4160228                    2162402.2602 2128451.96  1.57%   2.3 3362s
 10101871 4163680 2159770.86  111   30 2162402.26 2128453.82  1.57%   2.3 3365s
 10118604 4169009     cutoff  704      2162402.26 2128456.90  1.57%   2.3 3370s
 10131252 4174472 2157559.83  188   32 2162402.26 2128458.96  1.57%   2.3 3375s
 10148024 4181548 2159409.68  222   29 2162402.26 2128461.31  1.57%   2.3 3380s
 10159777 4186882 2159918.40  176   29 2162402.26 2128463.54  1.57%   2.3 3385s
H10160605 4186905                    2162401.4439 2128463.66  1.57%   2.3 3385s
H10161623 4187450                    2162401.1058 2128463.66  1.57%   2.3 3386s
 10172528 4191547 2150269.46  122   33 2162401.11 2128465.32  1.57%   2.3 3390s
 10188722 4197692 2141241.30   75   36 2162401.11 2128467.95  1.57%   2.3 3395s
 10200794 4202357 2143670.09  300   34 2162401.11 2128470.45  1.57%   2.3 3400s
 10217113 4209053     cutoff  326      2162401.11 2128474.65  1.57%   2.3 3405s
 10229273 4213463 2156109.46  110   31 2162401.11 2128476.43  1.57%   2.3 3410s
 10245376 4218976 2157340.62  113   33 2162401.11 2128479.69  1.57%   2.3 3415s
 10260492 4224895 2159042.56  587   31 2162401.11 2128482.75  1.57%   2.3 3421s
 10273151 4229196     cutoff  127      2162401.11 2128485.26  1.57%   2.3 3425s
 10289293 4232714 2160505.65  327   30 2162401.11 2128489.18  1.57%   2.3 3430s
 10305644 4237525 2153713.94   89   31 2162401.11 2128493.35  1.57%   2.3 3435s
 10316747 4241721     cutoff  343      2162401.11 2128495.93  1.57%   2.3 3440s
 10333775 4247647     cutoff  243      2162401.11 2128498.43  1.57%   2.3 3445s
 10346837 4253911 2144633.90  524   30 2162401.11 2128499.42  1.57%   2.3 3450s
 10362840 4258846     cutoff  200      2162401.11 2128502.34  1.57%   2.3 3455s
 10377963 4265019 2135976.20  556   36 2162401.11 2128505.07  1.57%   2.3 3460s
 10391955 4270150     cutoff  100      2162401.11 2128508.60  1.57%   2.3 3465s
 10408449 4275156     cutoff  724      2162401.11 2128512.00  1.57%   2.3 3470s
 10420307 4279598 2157568.82   91   33 2162401.11 2128514.31  1.57%   2.3 3475s
 10438028 4286125     cutoff  217      2162401.11 2128517.50  1.57%   2.3 3480s
 10453358 4291819 2158335.56  173   33 2162401.11 2128521.17  1.57%   2.3 3485s
 10467034 4297071 2152357.64   91   33 2162401.11 2128523.67  1.57%   2.3 3490s
 10483140 4302961 2158936.28  107   31 2162401.11 2128526.57  1.57%   2.3 3495s
 10495675 4307145     cutoff  588      2162401.11 2128528.69  1.57%   2.3 3500s
 10514470 4314618 2160763.20  239   33 2162401.11 2128531.44  1.57%   2.3 3505s
 10526248 4318681     cutoff  567      2162401.11 2128533.71  1.57%   2.3 3510s
 10543760 4325163 2152768.53  233   26 2162401.11 2128537.82  1.57%   2.3 3515s
 10560309 4331745 2151598.62  138   30 2162401.11 2128540.63  1.57%   2.3 3521s
 10572724 4336462     cutoff  265      2162401.11 2128542.68  1.57%   2.3 3525s
 10588875 4341797     cutoff  227      2162401.11 2128545.09  1.57%   2.3 3530s
 10601835 4347524 2154296.99  105   29 2162401.11 2128546.84  1.57%   2.3 3535s
 10618338 4354473 2151976.94  107   33 2162401.11 2128549.05  1.57%   2.3 3540s
 10630900 4357774     cutoff  317      2162401.11 2128551.47  1.57%   2.3 3545s
 10646127 4362427 2155910.67   96   32 2162401.11 2128553.50  1.57%   2.3 3550s
 10662049 4368663     cutoff  240      2162401.11 2128556.16  1.57%   2.3 3555s
 10674814 4373535 2158298.93  643   36 2162401.11 2128558.70  1.57%   2.3 3560s
 10693578 4380630     cutoff  272      2162401.11 2128562.70  1.56%   2.3 3565s
 10705615 4384959     cutoff  110      2162401.11 2128565.56  1.56%   2.3 3570s
 10722479 4390715 2158745.39  145   32 2162401.11 2128568.08  1.56%   2.3 3575s
 10738505 4395977     cutoff  105      2162401.11 2128572.32  1.56%   2.3 3580s
 10751633 4402253     cutoff  194      2162401.11 2128574.52  1.56%   2.3 3585s
 10769736 4409762 2158840.47  262   33 2162401.11 2128578.01  1.56%   2.3 3590s
 10782887 4413383     cutoff  388      2162401.11 2128581.49  1.56%   2.3 3595s
 10798214 4417211     cutoff  402      2162401.11 2128584.18  1.56%   2.3 3600s

Cutting planes:
  RLT: 16

Explored 10798293 nodes (24619451 simplex iterations) in 3600.01 seconds (1070.83 work units)
Thread count was 2 (of 24 available processors)

Solution count 10: 2.1624e+06 2.1624e+06 2.1624e+06 ... 2.16243e+06

Time limit reached
Best objective 2.162401105810e+06, best bound 2.128584183617e+06, gap 1.5639%
