Meta_1;613974;0.0;0.0;565139;3500544.202600001;0.18980652193423334;3626;0.16059319773847852
Meta_10;613974;0.0;0.5;576032;3601830.836900002;0.23484878609687648;2;0.0
Meta_100;613974;1.0006593805300003E7;0.5;587960;5869596.984899997;0.18206293846001023;2;0.0
Meta_1000;406949;1.0006593805300003E7;0.5;406949;0.0;0.4136009457044452;9;0.0
Meta_101;590971;0.0;0.0;566383;3495718.436599999;0.20055092840248206;3600;0.21108123042059862
Meta_102;590971;0.0;0.05555555555555555;565750;3482231.8175000013;0.1945840480538394;3600;0.20204382148655034
Meta_103;590971;0.0;0.1111111111111111;567380;3506587.1083000004;0.19804169098821292;3632;0.22443420387471058
Meta_104;590971;0.0;0.16666666666666666;580219;3918043.928800003;0.1682164494359975;3600;0.017753129344583937
Meta_105;590971;0.0;0.2222222222222222;576482;3627611.1008000025;0.22222037842902684;3601;9.159993790082635E-5
Meta_106;590971;0.0;0.2777777777777778;576032;3601830.836900002;0.23484878609687648;2;0.0
Meta_107;590971;0.0;0.3333333333333333;576032;3601830.836900002;0.23484878609687648;2;0.0
Meta_108;590971;0.0;0.38888888888888884;576032;3601830.836900002;0.23484878609687648;2;0.0
Meta_109;590971;0.0;0.4444444444444444;576032;3601830.836900002;0.23484878609687648;2;0.0
Meta_11;613974;1111843.7561444447;0.0;571162;3617805.7183;0.18657651126285243;3600;0.14970506332439162
Meta_110;590971;0.0;0.5;576032;3601830.836900002;0.23484878609687648;25;0.0
Meta_111;590971;1111843.7561444447;0.0;574990;3775403.0170000014;0.18181902281274906;3600;0.1570124905005787
Meta_112;590971;1111843.7561444447;0.05555555555555555;571502;3641145.4916000008;0.18373687141786724;3600;0.17878706408289424
Meta_113;590971;1111843.7561444447;0.1111111111111111;566457;3465611.408300001;0.20700113674086462;3600;0.3095156360004
Meta_114;590971;1111843.7561444447;0.16666666666666666;580411;3919283.5483000027;0.16719407564519115;3600;0.014200169149074288
Meta_115;590971;1111843.7561444447;0.2222222222222222;576440;3625428.893800002;0.22200171722796985;3600;2.1315938372748635E-4
Meta_116;590971;1111843.7561444447;0.2777777777777778;576032;3601830.836900002;0.23484878609687648;3;0.0
Meta_117;590971;1111843.7561444447;0.3333333333333333;576032;3601830.836900002;0.23484878609687648;4;0.0
Meta_118;590971;1111843.7561444447;0.38888888888888884;576032;3601830.836900002;0.23484878609687648;4;0.0
Meta_119;590971;1111843.7561444447;0.4444444444444444;576032;3601830.836900002;0.23484878609687648;3;0.0
Meta_12;613974;1111843.7561444447;0.05555555555555555;571496;3622709.3724000016;0.19639172047743544;3600;0.18238851143105667
Meta_120;590971;1111843.7561444447;0.5;576032;3601830.836900002;0.23484878609687648;2;0.0
Meta_121;590971;2223687.5122888894;0.0;571584;3635079.0008;0.18865496117383995;3601;0.23055054608026307
Meta_122;590971;2223687.5122888894;0.05555555555555555;571985;3702560.126199999;0.18502930815240887;3601;0.23314302627905428
Meta_123;590971;2223687.5122888894;0.1111111111111111;564897;3415111.3118000003;0.20514408249497026;3628;0.3806673221134373
Meta_124;590971;2223687.5122888894;0.16666666666666666;580604;3924785.808100003;0.1669849159985283;3600;0.01665804347462867
Meta_125;590971;2223687.5122888894;0.2222222222222222;576422;3624551.107800002;0.22219305407446208;3600;3.8397389104397885E-4
Meta_126;590971;2223687.5122888894;0.2777777777777778;576032;3601830.836900002;0.23484878609687648;4;0.0
Meta_127;590971;2223687.5122888894;0.3333333333333333;576032;3601830.836900002;0.23484878609687648;4;0.0
Meta_128;590971;2223687.5122888894;0.38888888888888884;576032;3601830.836900002;0.23484878609687648;3;0.0
Meta_129;590971;2223687.5122888894;0.4444444444444444;576032;3601830.836900002;0.23484878609687648;3;0.0
Meta_13;613974;1111843.7561444447;0.1111111111111111;565216;3434598.0395000023;0.20400636260264476;3600;0.24864978371156174
Meta_130;590971;2223687.5122888894;0.5;576032;3601830.836900002;0.23484878609687648;2;0.0
Meta_131;590971;3335531.2684333343;0.0;563386;3397582.033100001;0.20495964741823422;3613;0.4111604485967401
Meta_132;590971;3335531.2684333343;0.05555555555555555;566927;3487607.427400001;0.20153882111810068;3600;0.4031723707187825
Meta_133;590971;3335531.2684333343;0.1111111111111111;566601;3492017.028900001;0.20283379926526288;3600;0.48648061927474373
Meta_134;590971;3335531.2684333343;0.16666666666666666;580789;3933973.596900003;0.16696500108969625;3600;0.03151258222946607
Meta_135;590971;3335531.2684333343;0.2222222222222222;576445;3625820.6791000017;0.2222239101273074;3600;7.552974883403006E-4
Meta_136;590971;3335531.2684333343;0.2777777777777778;576032;3601830.836900002;0.23484878609687648;4;0.0
Meta_137;590971;3335531.2684333343;0.3333333333333333;576032;3601830.836900002;0.23484878609687648;4;0.0
Meta_138;590971;3335531.2684333343;0.38888888888888884;576032;3601830.836900002;0.23484878609687648;4;0.0
Meta_139;590971;3335531.2684333343;0.4444444444444444;576032;3601830.836900002;0.23484878609687648;4;0.0
Meta_14;613974;1111843.7561444447;0.16666666666666666;580335;3908808.0206000023;0.1672575242411156;3600;0.009308775235602432
Meta_140;590971;3335531.2684333343;0.5;576032;3601830.836900002;0.23484878609687648;4;0.0
Meta_141;590971;4447375.024577779;0.0;585225;4449575.9392;0.16485302408653565;3600;0.14885483912112507
Meta_142;590971;4447375.024577779;0.05555555555555555;585811;4447392.263199999;0.16633321653159508;3600;0.16425295779559684
Meta_143;590971;4447375.024577779;0.1111111111111111;585631;4436181.449700001;0.1643125122676411;3600;0.22116813310538855
Meta_144;590971;4447375.024577779;0.16666666666666666;587543;4447352.1387;0.16667311610173036;3600;0.026545433064064084
Meta_145;590971;4447375.024577779;0.2222222222222222;587700;4447392.742299999;0.1750332326663804;3;0.0
Meta_146;590971;4447375.024577779;0.2777777777777778;587700;4447392.742299999;0.1750332326663804;3;0.0
Meta_147;590971;4447375.024577779;0.3333333333333333;587700;4447392.742299999;0.1750332326663804;3;0.0
Meta_148;590971;4447375.024577779;0.38888888888888884;587700;4447392.742299999;0.1750332326663804;2;0.0
Meta_149;590971;4447375.024577779;0.4444444444444444;587700;4447392.742299999;0.1750332326663804;3;0.0
Meta_15;613974;1111843.7561444447;0.2222222222222222;576477;3627416.727100002;0.22176694646506315;3600;1.4229569171732536E-4
Meta_150;590971;4447375.024577779;0.5;587700;4447392.742299999;0.1750332326663804;3;0.0
Meta_151;590971;5559218.780722223;0.0;587836;4872692.138600001;0.1647316538100409;3600;0.07945217370103273
Meta_152;590971;5559218.780722223;0.05555555555555555;587685;4964874.239599998;0.1657339259643982;3600;0.1034480830060428
Meta_153;590971;5559218.780722223;0.1111111111111111;587128;5063325.475999998;0.1639945386077165;3600;0.15161176089669554
Meta_154;590971;5559218.780722223;0.16666666666666666;587960;5300601.6319999965;0.16639286308336607;52;0.0
Meta_155;590971;5559218.780722223;0.2222222222222222;587960;5559216.985199998;0.17437425694622774;2;0.0
Meta_156;590971;5559218.780722223;0.2777777777777778;587960;5559216.985199998;0.17437425694622774;3;0.0
Meta_157;590971;5559218.780722223;0.3333333333333333;587960;5559216.985199998;0.17437425694622774;3;0.0
Meta_158;590971;5559218.780722223;0.38888888888888884;587960;5559216.985199998;0.17437425694622774;3;0.0
Meta_159;590971;5559218.780722223;0.4444444444444444;587960;5559216.985199998;0.17437425694622774;3;0.0
Meta_16;613974;1111843.7561444447;0.2777777777777778;576032;3601830.836900002;0.23484878609687648;5;0.0
Meta_160;590971;5559218.780722223;0.5;587960;5559216.985199998;0.17437425694622774;3;0.0
Meta_161;590971;6671062.536866669;0.0;587863;5307106.249999998;0.16470841539807687;3600;0.07458757954733625
Meta_162;590971;6671062.536866669;0.05555555555555555;587175;5317655.041099998;0.16407817283532858;3600;0.0954365043876471
Meta_163;590971;6671062.536866669;0.1111111111111111;585603;5187522.878400001;0.1670498563181042;3600;0.24366031770500304
Meta_164;590971;6671062.536866669;0.16666666666666666;587960;6192045.203699995;0.1666671551201091;49;0.0
Meta_165;590971;6671062.536866669;0.2222222222222222;587960;6066001.8452999955;0.17437425694622774;2;0.0
Meta_166;590971;6671062.536866669;0.2777777777777778;587960;6066001.8452999955;0.17437425694622774;3;0.0
Meta_167;590971;6671062.536866669;0.3333333333333333;587960;6066001.8452999955;0.17437425694622774;3;0.0
Meta_168;590971;6671062.536866669;0.38888888888888884;587960;6066001.8452999955;0.17437425694622774;2;0.0
Meta_169;590971;6671062.536866669;0.4444444444444444;587960;6066001.8452999955;0.17437425694622774;2;0.0
Meta_17;613974;1111843.7561444447;0.3333333333333333;576032;3601830.836900002;0.23484878609687648;5;0.0
Meta_170;590971;6671062.536866669;0.5;587960;6066001.8452999955;0.17437425694622774;3;0.0
Meta_171;590971;7782906.293011113;0.0;587864;5552886.3316;0.16496473497562902;3600;0.07721716785211358
Meta_172;590971;7782906.293011113;0.05555555555555555;586225;5414875.943600002;0.16583342865128167;3600;0.13890067398596864
Meta_173;590971;7782906.293011113;0.1111111111111111;587934;5630928.394799999;0.1648696267251858;3600;0.1272850669319998
Meta_174;590971;7782906.293011113;0.16666666666666666;587960;5391189.859799999;0.16619758774793486;72;0.0
Meta_175;590971;7782906.293011113;0.2222222222222222;587960;6066001.8452999955;0.17437425694622774;2;0.0
Meta_176;590971;7782906.293011113;0.2777777777777778;587960;6066001.8452999955;0.17437425694622774;2;0.0
Meta_177;590971;7782906.293011113;0.3333333333333333;587960;6066001.8452999955;0.17437425694622774;2;0.0
Meta_178;590971;7782906.293011113;0.38888888888888884;587960;6066001.8452999955;0.17437425694622774;2;0.0
Meta_179;590971;7782906.293011113;0.4444444444444444;587960;6066001.8452999955;0.17437425694622774;3;0.0
Meta_18;613974;1111843.7561444447;0.38888888888888884;576032;3601830.836900002;0.23484878609687648;7;0.0
Meta_180;590971;7782906.293011113;0.5;587960;6066001.8452999955;0.17437425694622774;2;0.0
Meta_181;590971;8894750.049155558;0.0;587789;5564344.962299998;0.1641562924995873;3600;0.07024694347120851
Meta_182;590971;8894750.049155558;0.05555555555555555;587710;5499433.818899998;0.16554343528101237;3600;0.09711694358297254
Meta_183;590971;8894750.049155558;0.1111111111111111;587509;5515621.031099997;0.1647569286133474;3600;0.14073321683843154
Meta_184;590971;8894750.049155558;0.16666666666666666;587960;5535218.175199999;0.16664051720503925;102;0.0
Meta_185;590971;8894750.049155558;0.2222222222222222;587960;6066001.8452999955;0.17437425694622774;2;0.0
Meta_186;590971;8894750.049155558;0.2777777777777778;587960;6066001.8452999955;0.17437425694622774;3;0.0
Meta_187;590971;8894750.049155558;0.3333333333333333;587960;6066001.8452999955;0.17437425694622774;3;0.0
Meta_188;590971;8894750.049155558;0.38888888888888884;587960;6066001.8452999955;0.17437425694622774;2;0.0
Meta_189;590971;8894750.049155558;0.4444444444444444;587960;6066001.8452999955;0.17437425694622774;2;0.0
Meta_19;613974;1111843.7561444447;0.4444444444444444;576032;3601830.836900002;0.23484878609687648;5;0.0
Meta_190;590971;8894750.049155558;0.5;587960;6066001.8452999955;0.17437425694622774;2;0.0
Meta_191;590971;1.0006593805300003E7;0.0;587718;5562429.3427;0.16601355508709661;3600;0.09171338909492974
Meta_192;590971;1.0006593805300003E7;0.05555555555555555;585008;5446773.157699997;0.16765149268543225;3600;0.18500568804154488
Meta_193;590971;1.0006593805300003E7;0.1111111111111111;587304;5482156.273400001;0.16496066296975484;3600;0.15512652435741317
Meta_194;590971;1.0006593805300003E7;0.16666666666666666;587960;5536127.708199998;0.16665513157166148;84;0.0
Meta_195;590971;1.0006593805300003E7;0.2222222222222222;587960;6066001.8452999955;0.17437425694622774;2;0.0
Meta_196;590971;1.0006593805300003E7;0.2777777777777778;587960;6066001.8452999955;0.17437425694622774;2;0.0
Meta_197;590971;1.0006593805300003E7;0.3333333333333333;587960;6066001.8452999955;0.17437425694622774;3;0.0
Meta_198;590971;1.0006593805300003E7;0.38888888888888884;587960;6066001.8452999955;0.17437425694622774;2;0.0
Meta_199;590971;1.0006593805300003E7;0.4444444444444444;587960;6066001.8452999955;0.17437425694622774;2;0.0
Meta_2;613974;0.0;0.05555555555555555;565154;3483955.844400002;0.18642781855465868;3600;0.1541694844452708
Meta_20;613974;1111843.7561444447;0.5;576032;3601830.836900002;0.23484878609687648;5;0.0
Meta_200;590971;1.0006593805300003E7;0.5;587960;6066001.8452999955;0.17437425694622774;2;0.0
Meta_201;567968;0.0;0.0;566793;3484508.217200003;0.20390027870700772;3653;0.260568221363568
Meta_202;567968;0.0;0.05555555555555555;567968;3535678.0987000004;0.20643351298810336;3600;0.27616571022838
Meta_203;567968;0.0;0.1111111111111111;565246;3449706.261400002;0.19480100499795228;3600;0.2745443905392015
Meta_204;567968;0.0;0.16666666666666666;567797;3411824.8269999996;0.19802066985770903;3600;0.21282089483407596
Meta_205;567968;0.0;0.2222222222222222;568050;3249825.104800003;0.22928193308817144;3600;0.07076831385688002
Meta_206;567968;0.0;0.2777777777777778;567968;3207564.2395000015;0.2777797468469281;27;0.0
Meta_207;567968;0.0;0.3333333333333333;567968;3207562.1335000014;0.2778885290803002;2;0.0
Meta_208;567968;0.0;0.38888888888888884;567968;3207562.1335000014;0.2778885290803002;2;0.0
Meta_209;567968;0.0;0.4444444444444444;567968;3207562.1335000014;0.2778885290803002;2;0.0
Meta_21;613974;2223687.5122888894;0.0;571978;3689061.2000000007;0.184483815578479;3600;0.17302230530174453
Meta_210;567968;0.0;0.5;567968;3207562.1335000014;0.2778885290803002;2;0.0
Meta_211;567968;1111843.7561444447;0.0;567752;3479816.6589000016;0.20412742719793509;3622;0.30176223712238376
Meta_212;567968;1111843.7561444447;0.05555555555555555;567812;3478604.5168000027;0.20746137200991907;3600;0.32644605511441016
Meta_213;567968;1111843.7561444447;0.1111111111111111;567056;3534022.1290000007;0.1991927732137062;3637;0.37194226214236203
Meta_214;567968;1111843.7561444447;0.16666666666666666;567455;3353776.3103;0.19333474972184952;3600;0.25000294666417383
Meta_215;567968;1111843.7561444447;0.2222222222222222;567967;3250750.954200001;0.22226829702487086;3600;0.013970723598682568
Meta_216;567968;1111843.7561444447;0.2777777777777778;567968;3207564.2395000015;0.27777974684692813;144;0.0
Meta_217;567968;1111843.7561444447;0.3333333333333333;567968;3207562.1335000014;0.2778885290803002;4;0.0
Meta_218;567968;1111843.7561444447;0.38888888888888884;567968;3207562.1335000014;0.2778885290803002;3;0.0
Meta_219;567968;1111843.7561444447;0.4444444444444444;567968;3207562.1335000014;0.2778885290803002;2;0.0
Meta_22;613974;2223687.5122888894;0.05555555555555555;574196;3716270.899000001;0.18377145015140195;3600;0.16304237438456684
Meta_220;567968;1111843.7561444447;0.5;567968;3207562.1335000014;0.2778885290803002;2;0.0
Meta_221;567968;2223687.5122888894;0.0;567581;3473265.6174000013;0.20196978842165964;3600;0.3744216459732364
Meta_222;567968;2223687.5122888894;0.05555555555555555;567968;3486911.916400002;0.20839031915432207;3600;0.4209096761768906
Meta_223;567968;2223687.5122888894;0.1111111111111111;565913;3429386.0543000014;0.2169798007649943;3600;0.5628699141353966
Meta_224;567968;2223687.5122888894;0.16666666666666666;567955;3351034.2679000003;0.20387728950214526;3600;0.47683727647317425
Meta_225;567968;2223687.5122888894;0.2222222222222222;567880;3255190.7141000023;0.22413977524131307;3600;0.08804574962165344
Meta_226;567968;2223687.5122888894;0.2777777777777778;567968;3207564.941500001;0.2777437671439272;114;0.0
Meta_227;567968;2223687.5122888894;0.3333333333333333;567968;3207562.1335000014;0.2778885290803002;4;0.0
Meta_228;567968;2223687.5122888894;0.38888888888888884;567968;3207562.1335000014;0.2778885290803002;3;0.0
Meta_229;567968;2223687.5122888894;0.4444444444444444;567968;3207562.1335000014;0.2778885290803002;3;0.0
Meta_23;613974;2223687.5122888894;0.1111111111111111;565797;3436382.964700001;0.21521306775578863;3600;0.32818117330934676
Meta_230;567968;2223687.5122888894;0.5;567968;3207562.1335000014;0.2778885290803002;3;0.0
Meta_231;567968;3335531.2684333343;0.0;565352;3449693.8661;0.1938451362379878;3600;0.5222663117253508
Meta_232;567968;3335531.2684333343;0.05555555555555555;567968;3490582.992800002;0.21732182180952198;3600;0.640608287919439
Meta_233;567968;3335531.2684333343;0.1111111111111111;567224;3508652.3870999995;0.1965440022546085;3600;0.7477765835174723
Meta_234;567968;3335531.2684333343;0.16666666666666666;568554;3404976.826600001;0.19812121387561685;3600;1.0
Meta_235;567968;3335531.2684333343;0.2222222222222222;567772;3370234.971200001;0.2262729848167403;3600;1.0
Meta_236;567968;3335531.2684333343;0.2777777777777778;567968;3335513.007000002;0.27610229567847866;66;0.0
Meta_237;567968;3335531.2684333343;0.3333333333333333;567968;3320129.443500001;0.3000210331931552;3;0.0
Meta_238;567968;3335531.2684333343;0.38888888888888884;567968;3320129.443500001;0.3000210331931552;4;0.0
Meta_239;567968;3335531.2684333343;0.4444444444444444;567968;3320129.443500001;0.3000210331931552;3;0.0
Meta_24;613974;2223687.5122888894;0.16666666666666666;580290;3907288.160900004;0.1672952437474673;3600;0.012739430230130395
Meta_240;567968;3335531.2684333343;0.5;567968;3320129.443500001;0.3000210331931552;4;0.0
Meta_241;567968;4447375.024577779;0.0;568130;4149328.884900001;0.2260196458171775;3648;0.7064798270564066
Meta_242;567968;4447375.024577779;0.05555555555555555;566444;4231722.267799998;0.22872286897481917;3600;0.7640798970169986
Meta_243;567968;4447375.024577779;0.1111111111111111;566790;4159210.269100001;0.2301886001088858;3600;0.9381433791877172
Meta_244;567968;4447375.024577779;0.16666666666666666;567968;4403367.421600002;0.20374745284969903;3600;1.0
Meta_245;567968;4447375.024577779;0.2222222222222222;569968;4269513.318800003;0.22888347154288655;3600;1.0
Meta_246;567968;4447375.024577779;0.2777777777777778;567968;4429076.444500002;0.27777337682563646;39;0.0
Meta_247;567968;4447375.024577779;0.3333333333333333;567968;4447365.0724;0.32186249149778845;2;0.0
Meta_248;567968;4447375.024577779;0.38888888888888884;567968;4447365.0724;0.32186249149778845;2;0.0
Meta_249;567968;4447375.024577779;0.4444444444444444;567968;4447365.0724;0.32186249149778845;2;0.0
Meta_25;613974;2223687.5122888894;0.2222222222222222;576428;3624910.248600002;0.22221209209751736;3600;2.5091259692422625E-4
Meta_250;567968;4447375.024577779;0.5;567968;4447365.0724;0.32186249149778845;2;0.0
Meta_251;567968;5559218.780722223;0.0;567914;4103759.4164;0.22522299535162532;3600;0.7046405011306757
Meta_252;567968;5559218.780722223;0.05555555555555555;567847;4281460.0526;0.22656371107062995;3600;0.7536554252428084
Meta_253;567968;5559218.780722223;0.1111111111111111;564114;4158802.7290999996;0.22134060218794335;3600;0.9351794759585049
Meta_254;567968;5559218.780722223;0.16666666666666666;571563;5330174.2512;0.19919014040563812;3600;1.0
Meta_255;567968;5559218.780722223;0.2222222222222222;569158;5262579.040399999;0.22582767797218406;3600;1.0
Meta_256;567968;5559218.780722223;0.2777777777777778;567971;3950289.2159000016;0.2777768909111519;879;0.0
Meta_257;567968;5559218.780722223;0.3333333333333333;567968;5009054.411699998;0.320206311535095;3;0.0
Meta_258;567968;5559218.780722223;0.38888888888888884;567968;5009054.411699998;0.320206311535095;2;0.0
Meta_259;567968;5559218.780722223;0.4444444444444444;567968;5009054.411699998;0.320206311535095;3;0.0
Meta_26;613974;2223687.5122888894;0.2777777777777778;576032;3601830.836900002;0.23484878609687648;5;0.0
Meta_260;567968;5559218.780722223;0.5;567968;5009054.411699998;0.320206311535095;3;0.0
Meta_261;567968;6671062.536866669;0.0;567968;4706091.751500001;0.21954159938275317;3617;0.6851537808191923
Meta_262;567968;6671062.536866669;0.05555555555555555;565625;4578896.464600002;0.2122619627875078;3659;0.7240139365734872
Meta_263;567968;6671062.536866669;0.1111111111111111;567963;4581097.1501;0.22428344968791264;3600;0.9280888514610695
Meta_264;567968;6671062.536866669;0.16666666666666666;570330;4561696.351899998;0.18359868985746333;3600;1.0
Meta_267;567968;6671062.536866669;0.3333333333333333;567968;5009054.411699998;0.320206311535095;2;0.0
Meta_268;567968;6671062.536866669;0.38888888888888884;567968;5009054.411699998;0.320206311535095;2;0.0
Meta_269;567968;6671062.536866669;0.4444444444444444;567968;5009054.411699998;0.320206311535095;2;0.0
Meta_27;613974;2223687.5122888894;0.3333333333333333;576032;3601830.836900002;0.23484878609687648;7;0.0
Meta_270;567968;6671062.536866669;0.5;567968;5009054.411699998;0.320206311535095;2;0.0
Meta_271;567968;7782906.293011113;0.0;567919;4924960.647700002;0.21681532083704375;3614;0.6773685356374206
Meta_272;567968;7782906.293011113;0.05555555555555555;567968;5016517.505900001;0.2143407200309539;3600;0.7173184109085604
Meta_273;567968;7782906.293011113;0.1111111111111111;567961;4897243.695400001;0.22167272482580921;3650;0.9258346973594432
Meta_274;567968;7782906.293011113;0.16666666666666666;568138;5509894.573900002;0.19926220521159593;3600;1.0
Meta_275;567968;7782906.293011113;0.2222222222222222;567968;4917160078;0.21831751007408431;92;0.0
Meta_276;567968;7782906.293011113;0.2777777777777778;569285;4824887.251100001;0.27776674542153124;378;0.0
Meta_277;567968;7782906.293011113;0.3333333333333333;567968;5009054.411699998;0.320206311535095;2;0.0
Meta_278;567968;7782906.293011113;0.38888888888888884;567968;5009054.411699998;0.320206311535095;3;0.0
Meta_279;567968;7782906.293011113;0.4444444444444444;567968;5009054.411699998;0.320206311535095;2;0.0
Meta_28;613974;2223687.5122888894;0.38888888888888884;576032;3601830.836900002;0.23484878609687648;7;0.0
Meta_280;567968;7782906.293011113;0.5;567968;5009054.411699998;0.320206311535095;2;0.0
Meta_281;567968;8894750.049155558;0.0;567968;4875797.1637;0.22208129883529643;3607;0.6922162219926057
Meta_282;567968;8894750.049155558;0.05555555555555555;567968;4975410.716100001;0.22134865778939847;3618;0.7361188123428345
Meta_283;567968;8894750.049155558;0.1111111111111111;567968;4851243.764699997;0.2123471416418868;3600;0.9167327537818745
Meta_284;567968;8894750.049155558;0.16666666666666666;567971;5431839.600300001;0.1997779902520687;3600;1.0
Meta_285;567968;8894750.049155558;0.2222222222222222;569382;4982154.5057;0.22208595896664352;338;0.0
Meta_286;567968;8894750.049155558;0.2777777777777778;568333;4980637.765799999;0.27508579622855434;222;0.0
Meta_287;567968;8894750.049155558;0.3333333333333333;567968;5009054.411699998;0.320206311535095;2;0.0
Meta_288;567968;8894750.049155558;0.38888888888888884;567968;5009054.411699998;0.320206311535095;2;0.0
Meta_289;567968;8894750.049155558;0.4444444444444444;567968;5009054.411699998;0.320206311535095;2;0.0
Meta_29;613974;2223687.5122888894;0.4444444444444444;576032;3601830.836900002;0.23484878609687648;5;0.0
Meta_290;567968;8894750.049155558;0.5;567968;5009054.411699998;0.320206311535095;2;0.0
Meta_291;567968;1.0006593805300003E7;0.0;567252;4841680.455699997;0.2116819598854385;3654;0.6655839170067718
Meta_292;567968;1.0006593805300003E7;0.05555555555555555;567968;4912706.320400006;0.22648464842936622;3656;0.7487020419834081
Meta_293;567968;1.0006593805300003E7;0.1111111111111111;566628;4784375.940900003;0.22487908009922444;3600;0.9306323398308295
Meta_294;567968;1.0006593805300003E7;0.16666666666666666;568866;5454554.484600003;0.19970912429803642;3600;1.0
Meta_295;567968;1.0006593805300003E7;0.2222222222222222;569559;5054099.450499998;0.22220531168795624;1054;0.0
Meta_296;567968;1.0006593805300003E7;0.2777777777777778;568128;4815173.826299998;0.2776139781820251;559;0.0
Meta_297;567968;1.0006593805300003E7;0.3333333333333333;567968;5009054.411699998;0.320206311535095;1;0.0
Meta_298;567968;1.0006593805300003E7;0.38888888888888884;567968;5009054.411699998;0.320206311535095;2;0.0
Meta_299;567968;1.0006593805300003E7;0.4444444444444444;567968;5009054.411699998;0.320206311535095;1;0.0
Meta_3;613974;0.0;0.1111111111111111;565543;3473411.992500002;0.19831279156790466;3600;0.19595392580147108
Meta_30;613974;2223687.5122888894;0.5;576032;3601830.836900002;0.23484878609687648;8;0.0
Meta_300;567968;1.0006593805300003E7;0.5;567968;5009054.411699998;0.320206311535095;1;0.0
Meta_301;544965;0.0;0.0;545270;2897076.7299000025;0.2074295804094864;3600;0.28374426933194136
Meta_302;544965;0.0;0.05555555555555555;544965;2888820.400400003;0.19536336352136618;3600;0.24898479839496368
Meta_303;544965;0.0;0.1111111111111111;544965;2765734.6619000025;0.23667981981100095;3600;0.5122801994316825
Meta_304;544965;0.0;0.16666666666666666;544963;2624577.740700002;0.2497509874438181;3629;0.4970164893911576
Meta_305;544965;0.0;0.2222222222222222;545688;2589735.8528000014;0.26194356017826925;3600;0.3791802004194889
Meta_306;544965;0.0;0.2777777777777778;544968;2564693.755300002;0.2967049990124017;3600;0.2817424124289825
Meta_307;544965;0.0;0.3333333333333333;545558;2449374.1761000007;0.3334093693471027;3600;0.04029900687177055
Meta_308;544965;0.0;0.38888888888888884;544965;2352490.0746;0.38888657388182113;3600;0.0026083181246341703
Meta_309;544965;0.0;0.4444444444444444;544965;2346350.6519000004;0.4177508689760676;3;0.0
Meta_31;613974;3335531.2684333343;0.0;565475;3456743.758100001;0.20181240496924516;3600;0.30201042734436945
Meta_310;544965;0.0;0.5;544965;2346350.6519000004;0.4177508689760676;2;0.0
Meta_311;544965;1111843.7561444447;0.0;544904;2904074.5374999987;0.2067445153838472;3600;0.35487743018342405
Meta_312;544965;1111843.7561444447;0.05555555555555555;544855;2916094.571699999;0.20548484965918312;3600;0.36859080447161674
Meta_313;544965;1111843.7561444447;0.1111111111111111;544965;2812441.790300001;0.23342366046679092;3600;0.6393949839113984
Meta_314;544965;1111843.7561444447;0.16666666666666666;544963;2662964.671900001;0.24055954802578983;3600;0.6144807958962007
Meta_315;544965;1111843.7561444447;0.2222222222222222;545075;2617924.7210999997;0.2607224726068075;3600;0.5291685826022646
Meta_316;544965;1111843.7561444447;0.2777777777777778;544959;2518110.1477;0.2856563023479507;3600;0.26149854103201037
Meta_317;544965;1111843.7561444447;0.3333333333333333;545265;2456131.6669000015;0.3415921895872425;3600;0.2812546757590927
Meta_318;544965;1111843.7561444447;0.38888888888888884;544965;2350828.1005;0.3888897126969267;3600;0.0036132028828725665
Meta_319;544965;1111843.7561444447;0.4444444444444444;544965;2346350.6519000004;0.4177508689760676;2;0.0
Meta_32;613974;3335531.2684333343;0.05555555555555555;574077;3691281.6697000004;0.18890664719903222;3600;0.22965384520817514
Meta_320;544965;1111843.7561444447;0.5;544965;2346350.6519000004;0.4177508689760676;2;0.0
Meta_321;544965;2223687.5122888894;0.0;545167;2922593.887799999;0.1982787976935225;3600;0.42945817734336966
Meta_322;544965;2223687.5122888894;0.05555555555555555;545149;2882421.752599999;0.2149137459131514;3600;0.5226306568285921
Meta_323;544965;2223687.5122888894;0.1111111111111111;544688;2738949.036500002;0.24980156857189723;3600;0.8614497210385926
Meta_324;544965;2223687.5122888894;0.16666666666666666;544965;2654355.822100001;0.23657534005953632;3600;0.8812005351063142
Meta_325;544965;2223687.5122888894;0.2222222222222222;544794;2557913.387599997;0.2598326002884737;3600;0.8758926500540185
Meta_326;544965;2223687.5122888894;0.2777777777777778;544965;2493808.705099999;0.2894836066035603;3600;0.7907749027682914
Meta_327;544965;2223687.5122888894;0.3333333333333333;544660;2379071.4878;0.3387509141208804;3600;0.6943934751508022
Meta_328;544965;2223687.5122888894;0.38888888888888884;544965;2352734.0394;0.38841162948329644;3600;0.049451287136539825
Meta_329;544965;2223687.5122888894;0.4444444444444444;544965;2346350.6519000004;0.4177508689760676;2;0.0
Meta_33;613974;3335531.2684333343;0.1111111111111111;566253;3451864.6680000005;0.2081039273854208;3600;0.37243789607983824
Meta_330;544965;2223687.5122888894;0.5;544965;2346350.6519000004;0.4177508689760676;2;0.0
Meta_331;544965;3335531.2684333343;0.0;545712;3322714.672200003;0.20218229731026816;3642;0.5556807365662585
Meta_332;544965;3335531.2684333343;0.05555555555555555;545219;3341289.9392000004;0.2017872697348094;3600;0.5978173644186066
Meta_333;544965;3335531.2684333343;0.1111111111111111;545711;3232049.6294;0.2222231178459384;3600;0.9649212063570609
Meta_334;544965;3335531.2684333343;0.16666666666666666;545066;3343165.3454999975;0.2152932590651985;3600;1.0
Meta_335;544965;3335531.2684333343;0.2222222222222222;545010;3335769.4867;0.2324598219403857;3626;1.0
Meta_336;544965;3335531.2684333343;0.2777777777777778;545004;3277306.3589;0.28096304700983543;3600;1.0
Meta_337;544965;3335531.2684333343;0.3333333333333333;544965;3194293.1816000035;0.33322697866265627;604;0.0
Meta_338;544965;3335531.2684333343;0.38888888888888884;545078;3281500.2756000017;0.38888585687051963;92;0.0
Meta_339;544965;3335531.2684333343;0.4444444444444444;544965;3335522.245300002;0.42383024711913225;2;0.0
Meta_34;613974;3335531.2684333343;0.16666666666666666;580323;3913157.8395000026;0.1667832921504614;3600;0.015424967658285728
Meta_340;544965;3335531.2684333343;0.5;544965;3335522.245300002;0.42383024711913225;2;0.0
Meta_341;544965;4447375.024577779;0.0;547121;3658769.569999998;0.18037362680354171;3600;0.43935952458833505
Meta_342;544965;4447375.024577779;0.05555555555555555;564176;4447338.0672999965;0.19632082366720943;3650;0.572646469298637
Meta_343;544965;4447375.024577779;0.1111111111111111;545346;3508994.8746000016;0.21832288433677066;3600;0.9641598256858914
Meta_344;544965;4447375.024577779;0.16666666666666666;544964;3482989.118399999;0.22384030968631158;3600;1.0
Meta_345;544965;4447375.024577779;0.2222222222222222;547712;3656807.7724000006;0.2218635100504566;356;0.0
Meta_346;544965;4447375.024577779;0.2777777777777778;546236;3491214.9067999995;0.2768531812970009;739;0.0
Meta_347;544965;4447375.024577779;0.3333333333333333;544965;3354078.5009999983;0.3332463715898194;423;0.0
Meta_348;544965;4447375.024577779;0.38888888888888884;544967;3257183.922799999;0.3888832938595992;1804;0.0
Meta_349;544965;4447375.024577779;0.4444444444444444;544965;4300382.609500002;0.4348163707205587;2;0.0
Meta_35;613974;3335531.2684333343;0.2222222222222222;576418;3624162.778700002;0.22220633014928376;3600;2.828896259752508E-4
Meta_350;544965;4447375.024577779;0.5;544965;4300382.609500002;0.4348163707205587;2;0.0
Meta_351;544965;5559218.780722223;0.0;548313;4062012.8560000025;0.20100077860332483;3600;0.5489696457789933
Meta_352;544965;5559218.780722223;0.05555555555555555;549851;3857197.558300002;0.20633841827765323;3654;0.6177281888274134
Meta_353;544965;5559218.780722223;0.1111111111111111;544970;3869422.625900001;0.20558565139317095;3633;0.9576780781483271
Meta_354;544965;5559218.780722223;0.16666666666666666;545097;3163355.800900003;0.22003671623802354;3600;1.0
Meta_355;544965;5559218.780722223;0.2222222222222222;547049;3641811.619299998;0.2340472503224217;3600;1.0
Meta_356;544965;5559218.780722223;0.2777777777777778;544978;3176774.5984000014;0.27768281469676465;1292;0.0
Meta_357;544965;5559218.780722223;0.3333333333333333;544965;3370835.7047000006;0.33333396438914564;711;0.0
Meta_358;544965;5559218.780722223;0.38888888888888884;545093;4240108.219900002;0.388886226182801;76;0.0
Meta_359;544965;5559218.780722223;0.4444444444444444;544965;4300382.609500002;0.4348163707205587;2;0.0
Meta_36;613974;3335531.2684333343;0.2777777777777778;576032;3601830.836900002;0.23484878609687648;6;0.0
Meta_360;544965;5559218.780722223;0.5;544965;4300382.609500002;0.4348163707205587;2;0.0
Meta_361;544965;6671062.536866669;0.0;552636;4282944.984099999;0.17960753409111957;3611;0.4315002575600322
Meta_362;544965;6671062.536866669;0.05555555555555555;551492;4210276.4541;0.1872552844020943;3600;0.5239460034223876
Meta_363;544965;6671062.536866669;0.1111111111111111;552771;4001168.7906000004;0.1969390781791347;3649;0.9352572082106028
Meta_364;544965;6671062.536866669;0.16666666666666666;554790;4225226.153100001;0.22362817907656482;3601;1.0
Meta_365;544965;6671062.536866669;0.2222222222222222;555170;4053166.1407000003;0.22222090213546458;946;0.0
Meta_366;544965;6671062.536866669;0.2777777777777778;558287;4074717.811600002;0.2518944096089389;142;0.0
Meta_367;544965;6671062.536866669;0.3333333333333333;545043;3742705.836900002;0.3332202049544947;148;0.0
Meta_368;544965;6671062.536866669;0.38888888888888884;544966;4478627.002300001;0.3888895203596884;85;0.0
Meta_369;544965;6671062.536866669;0.4444444444444444;544965;4300382.609500002;0.4348163707205587;2;0.0
Meta_37;613974;3335531.2684333343;0.3333333333333333;576032;3601830.836900002;0.23484878609687648;7;0.0
Meta_370;544965;6671062.536866669;0.5;544965;4300382.609500002;0.4348163707205587;3;0.0
Meta_371;544965;7782906.293011113;0.0;552271;4541888.429799996;0.17419012200210018;3633;0.3955620275737932
Meta_372;544965;7782906.293011113;0.05555555555555555;557531;4633591.2354;0.17934570252370327;3600;0.4765260774138415
Meta_373;544965;7782906.293011113;0.1111111111111111;554856;4468916.517300001;0.18415952408015798;3636;0.6776149800026972
Meta_374;544965;7782906.293011113;0.16666666666666666;554179;4311548.309600001;0.2149784318563368;3616;1.0
Meta_375;544965;7782906.293011113;0.2222222222222222;549669;4330033.360600003;0.22222102135531316;231;0.0
Meta_376;544965;7782906.293011113;0.2777777777777778;545567;3996469.9234;0.27754155982804773;267;0.0
Meta_377;544965;7782906.293011113;0.3333333333333333;544967;4076290.425000002;0.3327426494299873;200;0.0
Meta_378;544965;7782906.293011113;0.38888888888888884;545047;4626724.6201;0.3888495501949253;62;0.0
Meta_379;544965;7782906.293011113;0.4444444444444444;544965;4300382.609500002;0.4348163707205587;2;0.0
Meta_38;613974;3335531.2684333343;0.38888888888888884;576032;3601830.836900002;0.23484878609687648;6;0.0
Meta_380;544965;7782906.293011113;0.5;544965;4300382.609500002;0.4348163707205587;3;0.0
Meta_381;544965;8894750.049155558;0.0;562409;4738489.560300003;0.18260080095312467;3600;0.45015399279549234
Meta_382;544965;8894750.049155558;0.05555555555555555;562559;4762791.769599998;0.17716985960727646;3600;0.4624906604984566
Meta_383;544965;8894750.049155558;0.1111111111111111;555116;4502564.040300001;0.18039215552310192;3600;0.6559620488545211
Meta_384;544965;8894750.049155558;0.16666666666666666;563290;4694171.3288;0.19937158465805566;3600;1.0
Meta_385;544965;8894750.049155558;0.2222222222222222;563003;4512773.611999998;0.22335061809503984;3600;1.0
Meta_386;544965;8894750.049155558;0.2777777777777778;546005;4028379.1417000024;0.27773719746836184;243;0.0
Meta_387;544965;8894750.049155558;0.3333333333333333;544985;4169156.9651000025;0.333327807130949;97;0.0
Meta_388;544965;8894750.049155558;0.38888888888888884;544972;4465667.601000002;0.38888871161898153;81;0.0
Meta_389;544965;8894750.049155558;0.4444444444444444;544965;4300382.609500002;0.4348163707205587;2;0.0
Meta_39;613974;3335531.2684333343;0.4444444444444444;576032;3601830.836900002;0.23484878609687648;6;0.0
Meta_390;544965;8894750.049155558;0.5;544965;4300382.609500002;0.4348163707205587;2;0.0
Meta_391;544965;1.0006593805300003E7;0.0;562409;4738489.560300003;0.18260080095312467;3600;0.45015399279549234
Meta_392;544965;1.0006593805300003E7;0.05555555555555555;551191;4487531.252400001;0.17779951181415146;3600;0.4665476610843189
Meta_393;544965;1.0006593805300003E7;0.1111111111111111;553864;4558104.332799997;0.1748167273658824;3600;0.6182803164651519
Meta_394;544965;1.0006593805300003E7;0.16666666666666666;557501;4655119.344500003;0.2045242955699353;3600;1.0
Meta_395;544965;1.0006593805300003E7;0.2222222222222222;563003;4475944.064799996;0.22335061809503984;3600;1.0
Meta_396;544965;1.0006593805300003E7;0.2777777777777778;552247;4169738.7761;0.2777715285981528;134;0.0
Meta_397;544965;1.0006593805300003E7;0.3333333333333333;546394;4135346.727900001;0.33171751232585023;116;0.0
Meta_398;544965;1.0006593805300003E7;0.38888888888888884;545306;4648809.469199998;0.38888851496187987;65;0.0
Meta_399;544965;1.0006593805300003E7;0.4444444444444444;544965;4300382.609500002;0.4348163707205587;2;0.0
Meta_4;613974;0.0;0.16666666666666666;579902;3888881.014100003;0.1688862571466027;3600;0.014530029405927583
Meta_40;613974;3335531.2684333343;0.5;576032;3601830.836900002;0.23484878609687648;6;0.0
Meta_400;544965;1.0006593805300003E7;0.5;544965;4300382.609500002;0.4348163707205587;3;0.0
Meta_401;521962;0.0;0.0;521986;2554521.1976;0.19825173649433298;3609;0.2574522633828165
Meta_402;521962;0.0;0.05555555555555555;523182;2591998.987500001;0.19789527610911167;3600;0.27228234185582745
Meta_403;521962;0.0;0.1111111111111111;524258;2594865.887200001;0.20354366024691772;3600;0.3346004842221576
Meta_404;521962;0.0;0.16666666666666666;521962;2290082.1227999995;0.22722767308920583;3618;0.4397740829842034
Meta_405;521962;0.0;0.2222222222222222;521962;2095424.2687000008;0.25630115442661583;3644;0.38921351122959635
Meta_406;521962;0.0;0.2777777777777778;521600;1960096.1126;0.2849678294740536;3600;0.1771899401871621
Meta_407;521962;0.0;0.3333333333333333;521962;1801822.0108000014;0.3333073991388216;3600;0.020509352588757118
Meta_408;521962;0.0;0.38888888888888884;522009;1716874.7711999994;0.3889438089744095;3600;0.011000844124846086
Meta_409;521962;0.0;0.4444444444444444;521962;1668131.3440000003;0.44444456843491126;3600;8.251354466217425E-4
Meta_41;613974;4447375.024577779;0.0;586022;4447492.184199998;0.1626057044330347;3600;0.06769380757844444
Meta_410;521962;0.0;0.5;521962;1661276.170800001;0.47387817215572653;2;0.0
Meta_411;521962;1111843.7561444447;0.0;522839;2540760.4200999998;0.21148239215599884;3600;0.3809109328501447
Meta_412;521962;1111843.7561444447;0.05555555555555555;521962;2542439.3882999993;0.21406097777884261;3600;0.41030082978617477
Meta_413;521962;1111843.7561444447;0.1111111111111111;522567;2533093.887600001;0.22174965194192917;3600;0.5100643693748792
Meta_414;521962;1111843.7561444447;0.16666666666666666;521965;2266237.6845000004;0.23365085659323917;3600;0.6375148373164613
Meta_415;521962;1111843.7561444447;0.2222222222222222;521963;2063973.8328000002;0.25708455911524786;3627;0.5948689132315024
Meta_416;521962;1111843.7561444447;0.2777777777777778;522378;1972692.3717000003;0.27829410499525625;3620;0.1529148555892034
Meta_417;521962;1111843.7561444447;0.3333333333333333;521993;1820706.6768999998;0.3337863764181385;3600;0.10502979159918856
Meta_418;521962;1111843.7561444447;0.38888888888888884;521962;1719285.5043000004;0.3881325427819135;3600;0.030347218059535122
Meta_419;521962;1111843.7561444447;0.4444444444444444;521962;1668350.0426999996;0.4443815544178539;3600;0.0030358990475542872
Meta_42;613974;4447375.024577779;0.05555555555555555;585007;4423044.9191999985;0.16726209993755659;3600;0.11736967993124209
Meta_420;521962;1111843.7561444447;0.5;521962;1661276.170800001;0.47387817215572653;2;0.0
Meta_421;521962;2223687.5122888894;0.0;522276;2528593.7253000005;0.2189354554959217;3620;0.534720800606857
Meta_422;521962;2223687.5122888894;0.05555555555555555;522422;2511752.5106999995;0.2162236606651059;3600;0.5539587280475349
Meta_423;521962;2223687.5122888894;0.1111111111111111;522087;2518896.7318;0.2189149562577061;3600;0.6929508874265591
Meta_424;521962;2223687.5122888894;0.16666666666666666;522043;2250143.7468000003;0.2532143639047857;3600;1.0
Meta_425;521962;2223687.5122888894;0.2222222222222222;521975;2387390.9094999996;0.2527285821967055;3638;1.0
Meta_426;521962;2223687.5122888894;0.2777777777777778;522731;2308506.330400001;0.28988592306141636;3601;1.0
Meta_427;521962;2223687.5122888894;0.3333333333333333;522010;2227214.5377999996;0.3333365732037292;3600;1.0
Meta_428;521962;2223687.5122888894;0.38888888888888884;522525;2080157.9741999996;0.3888768175316887;961;0.0
Meta_429;521962;2223687.5122888894;0.4444444444444444;522108;2182689.5453000003;0.44439406742514537;41;0.0
Meta_43;613974;4447375.024577779;0.1111111111111111;585514;4443020.1634;0.1662338273403399;3600;0.128287692298741
Meta_430;521962;2223687.5122888894;0.5;521962;2223683.0805000006;0.4760786213555357;7;0.0
Meta_431;521962;3335531.2684333343;0.0;539608;3343473.333200001;0.20153515113272263;3655;0.5525477003039742
Meta_432;521962;3335531.2684333343;0.05555555555555555;540111;3331599.824200002;0.2005342813609272;3600;0.5921107207804851
Meta_433;521962;3335531.2684333343;0.1111111111111111;537182;3317253.5366999987;0.20146881321930743;3600;0.7880023399188797
Meta_434;521962;3335531.2684333343;0.16666666666666666;538415;3337528.9739;0.2191889637726575;3600;1.0
Meta_435;521962;3335531.2684333343;0.2222222222222222;543645;3262290.0146000017;0.22984881922594746;3600;1.0
Meta_436;521962;3335531.2684333343;0.2777777777777778;543437;3219709.4646000005;0.27773703540540223;1767;0.0
Meta_437;521962;3335531.2684333343;0.3333333333333333;535815;2856531.606500001;0.33333389127515123;291;0.0
Meta_438;521962;3335531.2684333343;0.38888888888888884;523994;3322114.548600001;0.3885150438000276;35;0.0
Meta_439;521962;3335531.2684333343;0.4444444444444444;522612;3276505.0549000003;0.4444350382801997;31;0.0
Meta_44;613974;4447375.024577779;0.16666666666666666;587550;4447382.258699999;0.16666558006260257;3600;0.0029666725163362546
Meta_440;521962;3335531.2684333343;0.5;521962;3335531.2430000007;0.474509122275471;6;0.0
Meta_441;521962;4447375.024577779;0.0;552918;3707529.993299999;0.19947828908677656;3649;0.5417186245019808
Meta_442;521962;4447375.024577779;0.05555555555555555;548861;3753631.7565999986;0.1940995159321678;3626;0.562079263998827
Meta_443;521962;4447375.024577779;0.1111111111111111;546609;3849106.334299999;0.19579149399026496;3607;0.7694749120821117
Meta_444;521962;4447375.024577779;0.16666666666666666;542531;3546139.3536000005;0.2292925935509852;3600;1.0
Meta_445;521962;4447375.024577779;0.2222222222222222;537191;4011516.156600002;0.2543893954769659;3600;1.0
Meta_446;521962;4447375.024577779;0.2777777777777778;540313;3421203.877300001;0.27693157304733773;469;0.0
Meta_447;521962;4447375.024577779;0.3333333333333333;530502;3962183.447900001;0.3333239886779966;60;0.0
Meta_448;521962;4447375.024577779;0.38888888888888884;521965;3516711.3249000018;0.3888147152293747;33;0.0
Meta_449;521962;4447375.024577779;0.4444444444444444;523082;3480019.208700001;0.4429247782487064;43;0.0
Meta_45;613974;4447375.024577779;0.2222222222222222;587700;4447392.742299999;0.1750332326663804;3;0.0
Meta_450;521962;4447375.024577779;0.5;521962;3443199.4786000005;0.4715307744368282;2;0.0
Meta_451;521962;5559218.780722223;0.0;556484;4160062.701699999;0.1938320388924541;3600;0.5146407671133711
Meta_452;521962;5559218.780722223;0.05555555555555555;548619;3818110.0952000003;0.20606243772355864;3600;0.6153651115998776
Meta_453;521962;5559218.780722223;0.1111111111111111;547020;4048587.2112;0.1888315031939413;3652;0.7425211069591513
Meta_454;521962;5559218.780722223;0.16666666666666666;566587;4931119.901599994;0.20740793412541347;3600;1.0
Meta_455;521962;5559218.780722223;0.2222222222222222;543020;4736005.928199999;0.2572521783856201;3600;1.0
Meta_456;521962;5559218.780722223;0.2777777777777778;545176;3263481.615100002;0.27766340993362415;323;0.0
Meta_458;521962;5559218.780722223;0.38888888888888884;522023;3714331.6522999997;0.38870376483790925;30;0.0
Meta_459;521962;5559218.780722223;0.4444444444444444;523082;3480019.208700001;0.4429247782487064;34;0.0
Meta_46;613974;4447375.024577779;0.2777777777777778;587700;4447392.742299999;0.1750332326663804;3;0.0
Meta_460;521962;5559218.780722223;0.5;521962;3443199.4786000005;0.4715307744368282;2;0.0
Meta_461;521962;6671062.536866669;0.0;555417;4241059.359000001;0.17932797516909368;3617;0.4302607914222928
Meta_462;521962;6671062.536866669;0.05555555555555555;544733;4042211.9532;0.18625442543496248;3600;0.5179377467580069
Meta_463;521962;6671062.536866669;0.1111111111111111;548603;4127950.629500002;0.19274315390410357;3600;0.7548866633935865
Meta_464;521962;6671062.536866669;0.16666666666666666;547937;4044833.5552000008;0.20066415933510232;3637;1.0
Meta_465;521962;6671062.536866669;0.2222222222222222;552299;4217051445;0.222217826302706;208;0.0
Meta_466;521962;6671062.536866669;0.2777777777777778;528373;3294193.684500002;0.2777767603683421;2661;0.0
Meta_467;521962;6671062.536866669;0.3333333333333333;522304;3775332.696500001;0.3333339448472293;50;0.0
Meta_468;521962;6671062.536866669;0.38888888888888884;522023;3714331.6522999997;0.38870376483790925;31;0.0
Meta_469;521962;6671062.536866669;0.4444444444444444;523082;3480019.208700001;0.4429247782487064;31;0.0
Meta_47;613974;4447375.024577779;0.3333333333333333;587700;4447392.742299999;0.1750332326663804;3;0.0
Meta_470;521962;6671062.536866669;0.5;521962;3443199.4786000005;0.4715307744368282;2;0.0
Meta_471;521962;7782906.293011113;0.0;550974;4442979.812200002;0.18411527117694426;3600;0.4593878332451297
Meta_472;521962;7782906.293011113;0.05555555555555555;552913;4323596.5539;0.18026761660821314;3618;0.4821479955757754
Meta_473;521962;7782906.293011113;0.1111111111111111;556425;4514511.0698000025;0.18418545594586486;3632;0.7180008567104655
Meta_474;521962;7782906.293011113;0.16666666666666666;576289;5109103.751500002;0.17438244369390288;3600;1.0
Meta_475;521962;7782906.293011113;0.2222222222222222;541202;3901094.5057000015;0.22222234757177406;1085;0.0
Meta_476;521962;7782906.293011113;0.2777777777777778;535560;3784754.5333999996;0.27769985294654864;387;0.0
Meta_477;521962;7782906.293011113;0.3333333333333333;523050;3715130.7854000023;0.33333335073027154;55;0.0
Meta_478;521962;7782906.293011113;0.38888888888888884;522023;3714331.6522999997;0.38870376483790925;35;0.0
Meta_479;521962;7782906.293011113;0.4444444444444444;523082;3480019.208700001;0.4429247782487064;32;0.0
Meta_48;613974;4447375.024577779;0.38888888888888884;587700;4447392.742299999;0.1750332326663804;3;0.0
Meta_480;521962;7782906.293011113;0.5;521962;3443199.4786000005;0.4715307744368282;2;0.0
Meta_481;521962;8894750.049155558;0.0;558737;4688021.589299999;0.17583377191535124;3600;0.4073140229975655
Meta_482;521962;8894750.049155558;0.05555555555555555;567751;4895063.801900002;0.1752482469827655;3600;0.4486277317553737
Meta_483;521962;8894750.049155558;0.1111111111111111;557957;4499817.699500006;0.18211124941226367;3661;0.7076022342826214
Meta_484;521962;8894750.049155558;0.16666666666666666;535366;3997331.7874000003;0.21301343036182402;3600;1.0
Meta_485;521962;8894750.049155558;0.2222222222222222;557687;4440514427;0.2276719139943033;3600;1.0
Meta_486;521962;8894750.049155558;0.2777777777777778;534896;3797348.8671000013;0.27776984069987665;494;0.0
Meta_487;521962;8894750.049155558;0.3333333333333333;523050;3715130.7854000023;0.33333335073027154;56;0.0
Meta_488;521962;8894750.049155558;0.38888888888888884;522023;3714331.6522999997;0.38870376483790925;31;0.0
Meta_489;521962;8894750.049155558;0.4444444444444444;523082;3480019.208700001;0.4429247782487064;32;0.0
Meta_49;613974;4447375.024577779;0.4444444444444444;587700;4447392.742299999;0.1750332326663804;3;0.0
Meta_490;521962;8894750.049155558;0.5;521962;3443199.4786000005;0.4715307744368282;1;0.0
Meta_491;521962;1.0006593805300003E7;0.0;554085;4600002.940900003;0.18020829114762113;3637;0.4356278066867889
Meta_492;521962;1.0006593805300003E7;0.05555555555555555;550799;4503542.126899998;0.1881838921809953;3658;0.5288129245175642
Meta_493;521962;1.0006593805300003E7;0.1111111111111111;559727;4519338.766099999;0.1871486953618658;3600;0.7319746242377787
Meta_494;521962;1.0006593805300003E7;0.16666666666666666;521911;3546861.5996000017;0.21977385460739363;3600;1.0
Meta_495;521962;1.0006593805300003E7;0.2222222222222222;556457;4388968.243199999;0.2222236646942471;428;0.0
Meta_496;521962;1.0006593805300003E7;0.2777777777777778;538697;3960992.8965999996;0.2777681256471993;475;0.0
Meta_497;521962;1.0006593805300003E7;0.3333333333333333;523050;3715130.7854000023;0.33333335073027154;54;0.0
Meta_498;521962;1.0006593805300003E7;0.38888888888888884;522023;3714331.6522999997;0.38870376483790925;33;0.0
Meta_499;521962;1.0006593805300003E7;0.4444444444444444;523082;3480019.208700001;0.4429247782487064;31;0.0
Meta_5;613974;0.0;0.2222222222222222;576504;3628828.6100000017;0.22222242136843964;3600;9.637762001611123E-7
Meta_50;613974;4447375.024577779;0.5;587700;4447392.742299999;0.1750332326663804;3;0.0
Meta_500;521962;1.0006593805300003E7;0.5;521962;3443199.4786000005;0.4715307744368282;2;0.0
Meta_501;498960;0.0;0.0;508387;2282515.0928000025;0.220308500181455;3600;0.3087981877744167
Meta_502;498960;0.0;0.05555555555555555;511305;2350231.2977999994;0.2080704222775274;3600;0.2821455752799528
Meta_503;498960;0.0;0.1111111111111111;515246;2432928.711900001;0.21824480925711734;3600;0.3805029663738636
Meta_504;498960;0.0;0.16666666666666666;499233;1989146.6615000002;0.23365585219794616;3600;0.48830421750654596
Meta_505;498960;0.0;0.2222222222222222;498967;1793198.7281000006;0.2532119302147503;3600;0.42744548045331987
Meta_506;498960;0.0;0.2777777777777778;499021;1493903.5277000004;0.29595464976088026;3600;0.3681049746588538
Meta_507;498960;0.0;0.3333333333333333;499248;1451816.6533999997;0.33943039281964416;3645;0.2626787078868513
Meta_508;498960;0.0;0.38888888888888884;498959;1255224.261300001;0.38890345357174805;3600;0.054146802872647684
Meta_509;498960;0.0;0.4444444444444444;498960;1174663.4366000006;0.4444418155281269;3600;0.014424120086552746
Meta_51;613974;5559218.780722223;0.0;587859;4794607.484499997;0.16531091327090144;3600;0.052630323253712155
Meta_510;498960;0.0;0.5;498960;1149636.0609;0.49661422437960867;1;0.0
Meta_511;498960;1111843.7561444447;0.0;508179;2302514.8983000005;0.224425992255665;3637;0.4047672358994489
Meta_513;498960;1111843.7561444447;0.1111111111111111;512169;2387123.4354000012;0.22014918905074354;3603;0.4957086861743349
Meta_514;498960;1111843.7561444447;0.16666666666666666;499122;1983436.1650999999;0.2383386389453832;3600;0.706380807278064
Meta_515;498960;1111843.7561444447;0.2222222222222222;498980;1727815.0406000006;0.2541795686801966;3600;0.7036334807204826
Meta_516;498960;1111843.7561444447;0.2777777777777778;498845;1544631.2551999984;0.2921893246247549;3600;0.7173702209370031
Meta_517;498960;1111843.7561444447;0.3333333333333333;499051;1389060.8077999994;0.3374575133295427;3600;0.6451358549481171
Meta_518;498960;1111843.7561444447;0.38888888888888884;498960;1244726.7933;0.3888739156344478;3600;0.42675529022492076
Meta_519;498960;1111843.7561444447;0.4444444444444444;498960;1169106.2861999995;0.4477137987204923;3600;0.8229870861244014
Meta_52;613974;5559218.780722223;0.05555555555555555;587470;5242075.2365000015;0.16519305429889589;3600;0.06148212958177448
Meta_520;498960;1111843.7561444447;0.5;498960;1149636.0609;0.49661422437960867;2;0.0
Meta_521;498960;2223687.5122888894;0.0;508501;2267092.7567000017;0.2264985200577921;3600;0.5390692583399913
Meta_522;498960;2223687.5122888894;0.05555555555555555;507768;2283628.7186999996;0.22839693289584154;3600;0.5817659535706357
Meta_523;498960;2223687.5122888894;0.1111111111111111;507655;2263555.7618;0.22926874494756042;3612;0.7195129283207929
Meta_524;498960;2223687.5122888894;0.16666666666666666;505428;2226058.588899999;0.23948858873673817;3600;1.0
Meta_525;498960;2223687.5122888894;0.2222222222222222;508280;2228996.7774000014;0.2483570501612652;3600;1.0
Meta_526;498960;2223687.5122888894;0.2777777777777778;503778;2187147.2188999997;0.2811767873583787;3600;1.0
Meta_527;498960;2223687.5122888894;0.3333333333333333;501684;2222098.3296000008;0.33333326521052814;1428;0.0
Meta_528;498960;2223687.5122888894;0.38888888888888884;498960;2109325.3401;0.38810843026300235;54;0.0
Meta_529;498960;2223687.5122888894;0.4444444444444444;498960;2083407.8842000002;0.44444509989900827;54;0.0
Meta_53;613974;5559218.780722223;0.1111111111111111;586836;4845242.9761999985;0.162812033886074;3600;0.07024197478852019
Meta_530;498960;2223687.5122888894;0.5;498960;2223682.4615999996;0.49569281905601476;2;0.0
Meta_531;498960;3335531.2684333343;0.0;538275;3334140.0920999967;0.1964158729481737;3600;0.5284576626318432
Meta_532;498960;3335531.2684333343;0.05555555555555555;540152;3335507.7960999985;0.20179409151693034;3629;0.598735382745345
Meta_533;498960;3335531.2684333343;0.1111111111111111;542624;3335508.7345999996;0.20336253298147317;3600;0.7985019446664247
Meta_534;498960;3335531.2684333343;0.16666666666666666;538202;3334814.661200002;0.21190902895627592;3600;1.0
Meta_535;498960;3335531.2684333343;0.2222222222222222;530449;3336165.1249000006;0.2578048610586411;3600;1.0
Meta_536;498960;3335531.2684333343;0.2777777777777778;528376;3022057.6848000004;0.27777072177775786;2326;0.0
Meta_537;498960;3335531.2684333343;0.3333333333333333;529321;2892206684;0.3333280834042311;2631;0.0
Meta_538;498960;3335531.2684333343;0.38888888888888884;499728;2643970.3123000013;0.3888787279772615;39;0.0
Meta_539;498960;3335531.2684333343;0.4444444444444444;513233;2270781.1433;0.44428633309445686;199;0.0
Meta_54;613974;5559218.780722223;0.16666666666666666;587960;4877047.020899999;0.16664651159744892;145;0.0
Meta_540;498960;3335531.2684333343;0.5;498960;2427709.3973;0.4938002211889528;2;0.0
Meta_541;498960;4447375.024577779;0.0;555788;3974145.901400002;0.20287233506120747;3600;0.5579904188461167
Meta_542;498960;4447375.024577779;0.05555555555555555;547860;3614075.9853999997;0.20359592057184608;3600;0.6063543829294347
Meta_543;498960;4447375.024577779;0.1111111111111111;541018;3669349.9651000006;0.19297253282206425;3629;0.772552280139009
Meta_544;498960;4447375.024577779;0.16666666666666666;546436;3465054.606400001;0.2028392602340476;3600;1.0
Meta_545;498960;4447375.024577779;0.2222222222222222;549990;4340547.451599999;0.22407382828253572;3600;1.0
Meta_546;498960;4447375.024577779;0.2777777777777778;537855;3071410.2785;0.27764540185383796;554;0.0
Meta_547;498960;4447375.024577779;0.3333333333333333;510455;3194944.8318000007;0.3320311943721303;59;0.0
Meta_548;498960;4447375.024577779;0.38888888888888884;506558;2962127.8805;0.3888686912839316;56;0.0
Meta_549;498960;4447375.024577779;0.4444444444444444;537792;3012199.818100002;0.31483587327950613;78;0.0
Meta_55;613974;5559218.780722223;0.2222222222222222;587960;5471862.311499998;0.18280255379593038;3;0.0
Meta_550;498960;4447375.024577779;0.5;498960;2427709.3973;0.4938002211889528;2;0.0
Meta_551;498960;5559218.780722223;0.0;541203;3645378.7787999995;0.20835224682536657;3617;0.5809122413719199
Meta_552;498960;5559218.780722223;0.05555555555555555;548471;3809463.4458999983;0.19598642047014797;3632;0.5723708554233697
Meta_553;498960;5559218.780722223;0.1111111111111111;545769;3829058.0492;0.19494697040852854;3600;0.7731876914841496
Meta_554;498960;5559218.780722223;0.16666666666666666;546832;4529984.8466;0.221529013761792;3600;1.0
Meta_555;498960;5559218.780722223;0.2222222222222222;547807;4547597.905099998;0.22222215743989684;103;0.0
Meta_556;498960;5559218.780722223;0.2777777777777778;532998;2958097.199400001;0.2763936215556772;681;0.0
Meta_557;498960;5559218.780722223;0.3333333333333333;511566;3223622.4296999997;0.3333318146993369;67;0.0
Meta_558;498960;5559218.780722223;0.38888888888888884;507792;2969973.5761;0.388877144016007;49;0.0
Meta_559;498960;5559218.780722223;0.4444444444444444;498963;2550196.3632999985;0.4443859751064992;54;0.0
Meta_56;613974;5559218.780722223;0.2777777777777778;587960;5471862.311499998;0.18280255379593038;2;0.0
Meta_560;498960;5559218.780722223;0.5;498960;2427709.3973;0.4938002211889528;2;0.0
Meta_561;498960;6671062.536866669;0.0;554330;4195598.508100001;0.17943698372935935;3606;0.4323831058494883
Meta_562;498960;6671062.536866669;0.05555555555555555;557548;4301905.450000003;0.18078924767282276;3612;0.4868742721817877
Meta_563;498960;6671062.536866669;0.1111111111111111;556709;4303002.720499997;0.18210678681445946;3600;0.7163040476902478
Meta_564;498960;6671062.536866669;0.16666666666666666;571023;4709207.125800001;0.18468181263460953;3600;1.0
Meta_565;498960;6671062.536866669;0.2222222222222222;553901;4497843.923299999;0.2221288427694812;38;0.0
Meta_566;498960;6671062.536866669;0.2777777777777778;500719;2718047.4213000005;0.27777622483232645;516;0.0
Meta_567;498960;6671062.536866669;0.3333333333333333;511566;3223622.4296999997;0.3333318146993369;64;0.0
Meta_568;498960;6671062.536866669;0.38888888888888884;504687;2908807.000500002;0.38888665161768937;54;0.0
Meta_569;498960;6671062.536866669;0.4444444444444444;498963;2550196.3632999985;0.4443859751064992;55;0.0
Meta_57;613974;5559218.780722223;0.3333333333333333;587960;5471862.311499998;0.18280255379593038;2;0.0
Meta_570;498960;6671062.536866669;0.5;498960;2427709.3973;0.4938002211889528;2;0.0
Meta_571;498960;7782906.293011113;0.0;558772;4665859129;0.17967912425068355;3600;0.43394201898777013
Meta_572;498960;7782906.293011113;0.05555555555555555;553348;4471706.191400003;0.18192461554724987;3626;0.4938961920054955
Meta_573;498960;7782906.293011113;0.1111111111111111;557642;4732316.854600001;0.18078713998387588;3633;0.7097618122649891
Meta_575;498960;7782906.293011113;0.2222222222222222;552143;4569721.011099998;0.22259192352719073;3600;1.0
Meta_576;498960;7782906.293011113;0.2777777777777778;535201;3863397.161300001;0.2767099194786861;1740;0.0
Meta_577;498960;7782906.293011113;0.3333333333333333;505595;3096533.7141000004;0.33307558315229574;56;0.0
Meta_578;498960;7782906.293011113;0.38888888888888884;504687;2908807.000500002;0.38888665161768937;52;0.0
Meta_579;498960;7782906.293011113;0.4444444444444444;498963;2550196.3632999985;0.4443859751064992;51;0.0
Meta_58;613974;5559218.780722223;0.38888888888888884;587960;5471862.311499998;0.18280255379593038;4;0.0
Meta_580;498960;7782906.293011113;0.5;498960;2427709.3973;0.4938002211889528;1;0.0
Meta_581;498960;8894750.049155558;0.0;549218;4447425.414299998;0.1885351984456007;3600;0.48574336255825007
Meta_582;498960;8894750.049155558;0.05555555555555555;560812;4614648.775699998;0.1787205630278032;3613;0.47364862073199954
Meta_583;498960;8894750.049155558;0.1111111111111111;556681;4543046.8482;0.18788275980931432;3628;0.7427787237927873
Meta_584;498960;8894750.049155558;0.16666666666666666;578160;5193649.940199999;0.17835383177764394;3600;1.0
Meta_585;498960;8894750.049155558;0.2222222222222222;575328;4885766.486499999;0.21682630298878647;103;0.0
Meta_586;498960;8894750.049155558;0.2777777777777778;526949;3748020.8940000013;0.27904137985923233;3600;1.0
Meta_587;498960;8894750.049155558;0.3333333333333333;505595;3096533.7141000004;0.33307558315229574;57;0.0
Meta_588;498960;8894750.049155558;0.38888888888888884;504687;2908807.000500002;0.38888665161768937;52;0.0
Meta_589;498960;8894750.049155558;0.4444444444444444;498963;2550196.3632999985;0.4443859751064992;54;0.0
Meta_59;613974;5559218.780722223;0.4444444444444444;587960;5471862.311499998;0.18280255379593038;3;0.0
Meta_590;498960;8894750.049155558;0.5;498960;2427709.3973;0.4938002211889528;1;0.0
Meta_591;498960;1.0006593805300003E7;0.0;554051;4498157.354499999;0.18916682353881345;3628;0.4892947285014441
Meta_592;498960;1.0006593805300003E7;0.05555555555555555;560763;4709706.108199998;0.1857448372896443;3649;0.5164701905458262
Meta_593;498960;1.0006593805300003E7;0.1111111111111111;562236;4774559.985300003;0.17916724008598697;3600;0.7089205595307366
Meta_594;498960;1.0006593805300003E7;0.16666666666666666;577750;5251750.778100001;0.1811841245375166;3611;1.0
Meta_595;498960;1.0006593805300003E7;0.2222222222222222;559851;4851194.137499996;0.22077836590591526;29;0.0
Meta_596;498960;1.0006593805300003E7;0.2777777777777778;542111;4171595.6877999995;0.27762323401980965;141;0.0
Meta_597;498960;1.0006593805300003E7;0.3333333333333333;505595;3096533.7141000004;0.33307558315229574;59;0.0
Meta_598;498960;1.0006593805300003E7;0.38888888888888884;504687;2908807.000500002;0.38888665161768937;54;0.0
Meta_599;498960;1.0006593805300003E7;0.4444444444444444;519908;3459588.555900002;0.44174057422308566;149;0.0
Meta_6;613974;0.0;0.2777777777777778;576032;3601830.836900002;0.23484878609687648;2;0.0
Meta_60;613974;5559218.780722223;0.5;587960;5471862.311499998;0.18280255379593038;3;0.0
Meta_600;498960;1.0006593805300003E7;0.5;498960;2427709.3973;0.4938002211889528;2;0.0
Meta_601;475957;0.0;0.0;514018;2428910.9864000008;0.19807468238663775;3600;0.24193176264456437
Meta_602;475957;0.0;0.05555555555555555;508097;2273185.7577;0.21596307625494693;3600;0.30234570151984913
Meta_603;475957;0.0;0.1111111111111111;515705;2438905.9233000013;0.21200591251584977;3600;0.3558796255236398
Meta_604;475957;0.0;0.16666666666666666;502155;2120573.854299999;0.22365514045006152;3600;0.46543641093493077
Meta_605;475957;0.0;0.2222222222222222;476546;1479697.8705;0.264220548584488;3639;0.5195978646599797
Meta_606;475957;0.0;0.2777777777777778;475958;1104713.2965999995;0.3218838217342493;3600;0.6706841470937533
Meta_607;475957;0.0;0.3333333333333333;475958;990753.2601000002;0.34819416863785985;3600;0.49762171380756626
Meta_608;475957;0.0;0.38888888888888884;475957;844939.392599999;0.3888894955979979;3600;0.0817066949964385
Meta_609;475957;0.0;0.4444444444444444;475955;747761.9538000003;0.44445212697275627;3600;0.012116164788174035
Meta_61;613974;6671062.536866669;0.0;585697;5054110.710999996;0.17038787369268532;3600;0.11319794720119761
Meta_610;475957;0.0;0.5;475957;729339.0084999999;0.4935070241588794;2;0.0
Meta_611;475957;1111843.7561444447;0.0;511683;2350008.0943000005;0.21607457632379104;3600;0.3759587319895412
Meta_612;475957;1111843.7561444447;0.05555555555555555;507192;2259150.0054;0.22264182800219262;3600;0.40958342063762276
Meta_613;475957;1111843.7561444447;0.1111111111111111;513448;2371226.625999999;0.2247539633243761;3609;0.512642206840184
Meta_614;475957;1111843.7561444447;0.16666666666666666;499844;2039154.1381000013;0.23175002778254475;3600;0.6794286269063943
Meta_615;475957;1111843.7561444447;0.2222222222222222;475957;1421692.6143999998;0.26572122926660274;3602;0.8487582373696526
Meta_616;475957;1111843.7561444447;0.2777777777777778;475957;1212800.9403000004;0.3040936884311735;3600;1.0
Meta_617;475957;1111843.7561444447;0.3333333333333333;475958;1156625.4566999988;0.3434119140394337;3636;1.0
Meta_618;475957;1111843.7561444447;0.38888888888888884;475957;1110945.5085000007;0.38888697093854946;2190;0.0
Meta_619;475957;1111843.7561444447;0.4444444444444444;475963;1078345.3334;0.4444262087608969;49;0.0
Meta_62;613974;6671062.536866669;0.05555555555555555;587824;5217750.993199998;0.16466488138250188;3600;0.04918357579218151
Meta_620;475957;1111843.7561444447;0.5;475957;1111832.6001000002;0.49501616104148777;2;0.0
Meta_621;475957;2223687.5122888894;0.0;511473;2336109.5253999988;0.22135517380531783;3603;0.5258046361916485
Meta_622;475957;2223687.5122888894;0.05555555555555555;508342;2319565.574900001;0.22577588515765792;3600;0.5758659947051432
Meta_623;475957;2223687.5122888894;0.1111111111111111;511308;2338682.558000001;0.22661185275796927;3600;0.7256751197772264
Meta_624;475957;2223687.5122888894;0.16666666666666666;510023;2278630.5668999986;0.23673223500540932;3600;1.0
Meta_625;475957;2223687.5122888894;0.2222222222222222;511636;2315607.4437000025;0.24407985645537816;3600;1.0
Meta_626;475957;2223687.5122888894;0.2777777777777778;510701;2191572.5183;0.2792311618511906;3600;1.0
Meta_627;475957;2223687.5122888894;0.3333333333333333;491692;2208337.451999999;0.3333307912598346;55;0.0
Meta_628;475957;2223687.5122888894;0.38888888888888884;506750;2211381.9118999992;0.3888776883182893;458;0.0
Meta_629;475957;2223687.5122888894;0.4444444444444444;476028;1118194.8073999998;0.44443245254418046;124;0.0
Meta_63;613974;6671062.536866669;0.1111111111111111;586424;5136090.248099997;0.16613093658880856;3600;0.10242265723502753
Meta_630;475957;2223687.5122888894;0.5;475957;1804818.7524000003;0.49573329613998374;1;0.0
Meta_631;475957;3335531.2684333343;0.0;543707;3311480.068700001;0.1888771431173562;3644;0.49026076465492197
Meta_632;475957;3335531.2684333343;0.05555555555555555;538974;3316131.6347;0.1838842234858508;3608;0.5085661573227818
Meta_633;475957;3335531.2684333343;0.1111111111111111;538364;3335519.6141000018;0.20136494522209628;3600;0.7976934362637903
Meta_634;475957;3335531.2684333343;0.16666666666666666;537246;3189409.8218000005;0.2201203261159094;3615;1.0
Meta_635;475957;3335531.2684333343;0.2222222222222222;538768;3219301.2879999997;0.2222236767898296;583;0.0
Meta_636;475957;3335531.2684333343;0.2777777777777778;548589;3335509.731200002;0.25595998891763555;95;0.0
Meta_637;475957;3335531.2684333343;0.3333333333333333;528478;3205784.483600004;0.3329243236905721;519;0.0
Meta_638;475957;3335531.2684333343;0.38888888888888884;519282;3307467.7722000005;0.38885212997190355;50;0.0
Meta_639;475957;3335531.2684333343;0.4444444444444444;476191;1863453.7404000005;0.4442110614169245;38;0.0
Meta_64;613974;6671062.536866669;0.16666666666666666;587960;5158112.819199999;0.1664679925921117;97;0.0
Meta_640;475957;3335531.2684333343;0.5;475957;1804818.7524000003;0.49573329613998374;1;0.0
Meta_641;475957;4447375.024577779;0.0;552142;3740574.6773000015;0.20232922560552483;3600;0.5557356325644325
Meta_642;475957;4447375.024577779;0.05555555555555555;561448;3985434.299000001;0.19590259733412166;3688;0.5729360345527796
Meta_643;475957;4447375.024577779;0.1111111111111111;551888;3651723.4116;0.18386064049791886;3600;0.7341569276388009
Meta_644;475957;4447375.024577779;0.16666666666666666;531577;3079345.1898000007;0.23064794943343855;3624;1.0
Meta_645;475957;4447375.024577779;0.2222222222222222;538422;3417502.629099999;0.22238757093060763;3600;1.0
Meta_646;475957;4447375.024577779;0.2777777777777778;523878;2745662.1108000004;0.27764755072818537;265;0.0
Meta_647;475957;4447375.024577779;0.3333333333333333;524007;2797283.346600002;0.3333339195674963;1031;0.0
Meta_648;475957;4447375.024577779;0.38888888888888884;515301;3028351.2933999985;0.3883954627614211;56;0.0
Meta_649;475957;4447375.024577779;0.4444444444444444;476066;1934727.7549;0.444425966904217;32;0.0
Meta_65;613974;6671062.536866669;0.2222222222222222;587960;5869596.984899997;0.18206293846001023;2;0.0
Meta_650;475957;4447375.024577779;0.5;475957;1804818.7524000003;0.49573329613998374;2;0.0
Meta_651;475957;5559218.780722223;0.0;552572;3859025.973900001;0.18372511738206623;3657;0.4612424905499163
Meta_652;475957;5559218.780722223;0.05555555555555555;546697;3961402.2165000006;0.1910200689361983;3600;0.5487786643313658
Meta_653;475957;5559218.780722223;0.1111111111111111;552828;3936169.9595000003;0.19587922629132087;3600;0.7808697887166941
Meta_654;475957;5559218.780722223;0.16666666666666666;534380;3182916.0285;0.21707590294561926;3636;1.0
Meta_655;475957;5559218.780722223;0.2222222222222222;587960;4777395.198299998;0.16773359391619028;110;0.0
Meta_656;475957;5559218.780722223;0.2777777777777778;533527;3093896.4888000013;0.27744433588860173;505;0.0
Meta_657;475957;5559218.780722223;0.3333333333333333;509904;3064751.4387;0.3333336772308706;61;0.0
Meta_658;475957;5559218.780722223;0.38888888888888884;502068;2949990.162499999;0.388519033278595;54;0.0
Meta_659;475957;5559218.780722223;0.4444444444444444;476066;1934727.7549;0.444425966904217;30;0.0
Meta_66;613974;6671062.536866669;0.2777777777777778;587960;5869596.984899997;0.18206293846001023;3;0.0
Meta_660;475957;5559218.780722223;0.5;475957;1804818.7524000003;0.49573329613998374;1;0.0
Meta_661;475957;6671062.536866669;0.0;561850;4473102.257599999;0.17913094455142878;3605;0.4309919000300776
Meta_662;475957;6671062.536866669;0.05555555555555555;550258;4247381.148599997;0.18800359398390573;3600;0.530581030246767
Meta_663;475957;6671062.536866669;0.1111111111111111;548438;4028255.9062999994;0.18739994710531516;3638;0.7464641290432951
Meta_664;475957;6671062.536866669;0.16666666666666666;582441;4975637.9863;0.1885946121019695;3600;1.0
Meta_665;475957;6671062.536866669;0.2222222222222222;537101;3666143.2117;0.2244738243618456;3600;1.0
Meta_666;475957;6671062.536866669;0.2777777777777778;526065;3367700.3129;0.27777721006434763;850;0.0
Meta_667;475957;6671062.536866669;0.3333333333333333;516224;3344925.770200002;0.3333332458471471;77;0.0
Meta_668;475957;6671062.536866669;0.38888888888888884;518820;3126531.3288000003;0.3883204346426208;458;0.0
Meta_669;475957;6671062.536866669;0.4444444444444444;476066;1934727.7549;0.444425966904217;36;0.0
Meta_67;613974;6671062.536866669;0.3333333333333333;587960;5869596.984899997;0.18206293846001023;3;0.0
Meta_670;475957;6671062.536866669;0.5;475957;1804818.7524000003;0.49573329613998374;2;0.0
Meta_671;475957;7782906.293011113;0.0;566995;4844398.378600003;0.1791908915669339;3600;0.43137693131451577
Meta_672;475957;7782906.293011113;0.05555555555555555;550895;4487367.857299999;0.19133168161388672;3600;0.5482576654293049
Meta_673;475957;7782906.293011113;0.1111111111111111;563286;4694963.667600002;0.18300449644239916;3667;0.7267967219981516
Meta_674;475957;7782906.293011113;0.16666666666666666;539324;3919432.7907999977;0.21421475852943034;3600;1.0
Meta_675;475957;7782906.293011113;0.2222222222222222;535477;3851341.092999999;0.24325966668763652;3600;1.0
Meta_676;475957;7782906.293011113;0.2777777777777778;537738;3907183.1708000004;0.27772946661908043;133;0.0
Meta_677;475957;7782906.293011113;0.3333333333333333;516224;3344925.770200002;0.3333332458471471;75;0.0
Meta_678;475957;7782906.293011113;0.38888888888888884;501458;3002343.070400001;0.3888866818038133;58;0.0
Meta_679;475957;7782906.293011113;0.4444444444444444;476066;1934727.7549;0.444425966904217;31;0.0
Meta_68;613974;6671062.536866669;0.38888888888888884;587960;5869596.984899997;0.18206293846001023;3;0.0
Meta_680;475957;7782906.293011113;0.5;475957;1804818.7524000003;0.49573329613998374;1;0.0
Meta_681;475957;8894750.049155558;0.0;558566;4667814.4716;0.17961278495445418;3600;0.4340504387207075
Meta_682;475957;8894750.049155558;0.05555555555555555;558513;4535614.416900002;0.18546658943248545;3600;0.5163749790175681
Meta_683;475957;8894750.049155558;0.1111111111111111;547200;4332359.1941;0.1831353010246031;3600;0.7273981540295976
Meta_684;475957;8894750.049155558;0.16666666666666666;534605;3891162.877599998;0.21675304888252922;3623;1.0
Meta_685;475957;8894750.049155558;0.2222222222222222;532277;3878722.6887;0.23591253280497498;3600;1.0
Meta_686;475957;8894750.049155558;0.2777777777777778;528411;3663812.6228000005;0.2777113685094783;1119;0.0
Meta_687;475957;8894750.049155558;0.3333333333333333;516224;3344925.770200002;0.3333332458471471;71;0.0
Meta_688;475957;8894750.049155558;0.38888888888888884;501458;3002343.070400001;0.3888866818038133;60;0.0
Meta_689;475957;8894750.049155558;0.4444444444444444;476066;1934727.7549;0.444425966904217;31;0.0
Meta_69;613974;6671062.536866669;0.4444444444444444;587960;5869596.984899997;0.18206293846001023;2;0.0
Meta_690;475957;8894750.049155558;0.5;475957;1804818.7524000003;0.49573329613998374;1;0.0
Meta_691;475957;1.0006593805300003E7;0.0;564511;4774850.150599998;0.180365167306165;3658;0.43875886314269225
Meta_692;475957;1.0006593805300003E7;0.05555555555555555;551344;4408604.229500003;0.18451881914005047;3600;0.510896474372359
Meta_693;475957;1.0006593805300003E7;0.1111111111111111;559506;4560319.5145999985;0.18699167084201102;3600;0.7447142041532218
Meta_694;475957;1.0006593805300003E7;0.16666666666666666;539313;3988290.124099999;0.21242466839190283;3600;1.0
Meta_695;475957;1.0006593805300003E7;0.2222222222222222;540396;3934474.953400001;0.22280183998731917;3600;1.0
Meta_696;475957;1.0006593805300003E7;0.2777777777777778;521327;3558115.1476999996;0.2773873982951234;437;0.0
Meta_697;475957;1.0006593805300003E7;0.3333333333333333;516224;3344925.770200002;0.3333332458471471;74;0.0
Meta_698;475957;1.0006593805300003E7;0.38888888888888884;501458;3002343.070400001;0.3888866818038133;60;0.0
Meta_699;475957;1.0006593805300003E7;0.4444444444444444;476066;1934727.7549;0.444425966904217;33;0.0
Meta_7;613974;0.0;0.3333333333333333;576032;3601830.836900002;0.23484878609687648;3;0.0
Meta_70;613974;6671062.536866669;0.5;587960;5869596.984899997;0.18206293846001023;2;0.0
Meta_700;475957;1.0006593805300003E7;0.5;475957;1804818.7524000003;0.49573329613998374;2;0.0
Meta_701;452954;0.0;0.0;514701;2425447231;0.19990916383835908;3600;0.24856100185120206
Meta_702;452954;0.0;0.05555555555555555;512399;2376738.972599999;0.20926125982540325;3600;0.2897776654893898
Meta_703;452954;0.0;0.1111111111111111;515046;2446423.410200001;0.21439660750810297;3600;0.36692446263202155
Meta_704;452954;0.0;0.16666666666666666;502296;2107591149;0.21971102321408617;3600;0.4450392344860313
Meta_705;452954;0.0;0.2222222222222222;459613;1133354.3889000004;0.2951486725244729;3600;0.7196174016078649
Meta_706;452954;0.0;0.2777777777777778;453114;918771.2514;0.3161206577809143;3600;0.7110937181157644
Meta_707;452954;0.0;0.3333333333333333;452975;668957.6041;0.3450791999083806;3600;0.5443632651460591
Meta_708;452954;0.0;0.38888888888888884;453037;484276.65060000005;0.3895170953217673;3600;0.1464456985270907
Meta_709;452954;0.0;0.4444444444444444;452954;396464.10579999996;0.4444439029658198;3600;0.0017145909491412012
Meta_71;613974;7782906.293011113;0.0;587349;5459267.9947;0.16584770505743882;3600;0.06125769167750745
Meta_710;452954;0.0;0.5;452954;392885.58840000007;0.4657076011010173;1;0.0
Meta_711;452954;1111843.7561444447;0.0;512853;2389685.3584999996;0.2131742195792238;3600;0.3704833532092843
Meta_712;452954;1111843.7561444447;0.05555555555555555;513974;2384965.906599999;0.21245711678751272;3600;0.3853252561346478
Meta_713;452954;1111843.7561444447;0.1111111111111111;513978;2400473.8278;0.22082855312889368;3600;0.5017701292377895
Meta_714;452954;1111843.7561444447;0.16666666666666666;501747;2084914.534200001;0.2332447743049455;3600;0.6834218755974271
Meta_715;452954;1111843.7561444447;0.2222222222222222;474713;1433359.2928000002;0.2609809598771539;3638;0.8399729413931779
Meta_716;452954;1111843.7561444447;0.2777777777777778;463133;1190780.4965;0.305590456220157;3636;1.0
Meta_717;452954;1111843.7561444447;0.3333333333333333;458388;1111791.5818000003;0.3333222995913005;358;0.0
Meta_718;452954;1111843.7561444447;0.38888888888888884;453156;1022502.7995;0.3883967842689014;56;0.0
Meta_719;452954;1111843.7561444447;0.4444444444444444;452954;1002146.7729;0.4438696229157397;35;0.0
Meta_72;613974;7782906.293011113;0.05555555555555555;587794;5526399.909000001;0.16588358887109897;3600;0.0581548491482233
Meta_720;452954;1111843.7561444447;0.5;452954;913000.3374999999;0.4844873740626374;1;0.0
Meta_721;452954;2223687.5122888894;0.0;507945;2287272.8333;0.2300746516161654;3600;0.5557916466089271
Meta_722;452954;2223687.5122888894;0.05555555555555555;517186;2493411.551299998;0.22577681272982233;3600;0.5967919610426136
Meta_723;452954;2223687.5122888894;0.1111111111111111;506836;2252315.432800002;0.23267720289743218;3607;0.7313352497205018
Meta_724;452954;2223687.5122888894;0.16666666666666666;507272;2220519.3546;0.22984341081506846;3600;1.0
Meta_725;452954;2223687.5122888894;0.2222222222222222;484027;2198422.3731000004;0.2878178327563106;3600;1.0
Meta_726;452954;2223687.5122888894;0.2777777777777778;508183;2221460.8670000015;0.27777783154110075;2230;0.0
Meta_727;452954;2223687.5122888894;0.3333333333333333;499708;2075610.056799999;0.3332598260295584;380;0.0
Meta_728;452954;2223687.5122888894;0.38888888888888884;487417;1884653.6607999995;0.3875132878749134;429;0.0
Meta_729;452954;2223687.5122888894;0.4444444444444444;454794;1066165.2358000004;0.4443954695403888;28;0.0
Meta_73;613974;7782906.293011113;0.1111111111111111;585802;5419715.924099998;0.16728823851073843;3600;0.12334060811735616
Meta_730;452954;2223687.5122888894;0.5;452954;913000.3374999999;0.4844873740626374;1;0.0
Meta_731;452954;3335531.2684333343;0.0;543059;3335469.9945000005;0.19842660470848872;3633;0.5382700559261702
Meta_732;452954;3335531.2684333343;0.05555555555555555;542688;3327880.582400002;0.20136787493295594;3600;0.5970746554971323
Meta_733;452954;3335531.2684333343;0.1111111111111111;541231;3285665.339300001;0.18052468717236084;3600;0.7131213467817717
Meta_734;452954;3335531.2684333343;0.16666666666666666;530060;3303872.191699999;0.22508383193610057;3600;1.0
Meta_735;452954;3335531.2684333343;0.2222222222222222;510555;2895251.0643999986;0.2534566754055281;3600;1.0
Meta_736;452954;3335531.2684333343;0.2777777777777778;531375;3005613.4412000016;0.2777778757812918;787;0.0
Meta_737;452954;3335531.2684333343;0.3333333333333333;495181;2755834264;0.33324287435477906;58;0.0
Meta_738;452954;3335531.2684333343;0.38888888888888884;482299;1704044.5460999997;0.3888010839291544;440;0.0
Meta_739;452954;3335531.2684333343;0.4444444444444444;452998;1042482.9920999999;0.4442203863377658;29;0.0
Meta_74;613974;7782906.293011113;0.16666666666666666;587960;5822396.606999995;0.16590226610364928;38;0.0
Meta_740;452954;3335531.2684333343;0.5;452954;913000.3374999999;0.4844873740626374;1;0.0
Meta_741;452954;4447375.024577779;0.0;547713;3756199.9608999984;0.18371362496611957;3600;0.46135095433945084
Meta_742;452954;4447375.024577779;0.05555555555555555;553842;3945395.675200001;0.2064970713834137;3600;0.6184384353472325
Meta_743;452954;4447375.024577779;0.1111111111111111;554454;3930359.2909;0.19686610084886969;3609;0.7801064088500891
Meta_744;452954;4447375.024577779;0.16666666666666666;540533;4205850.626599997;0.2286449719667709;3600;1.0
Meta_745;452954;4447375.024577779;0.2222222222222222;523227;2835820.1511999983;0.23123053745227434;3600;1.0
Meta_746;452954;4447375.024577779;0.2777777777777778;542909;4256331.720999999;0.28288499894268315;3600;1.0
Meta_747;452954;4447375.024577779;0.3333333333333333;517677;3396939.3803999997;0.3377125111103904;3600;1.0
Meta_748;452954;4447375.024577779;0.38888888888888884;474120;1849725.2538000008;0.38810335379381583;56;0.0
Meta_749;452954;4447375.024577779;0.4444444444444444;452998;1042482.9920999999;0.4442203863377658;29;0.0
Meta_75;613974;7782906.293011113;0.2222222222222222;587960;5869596.984899997;0.18206293846001023;2;0.0
Meta_750;452954;4447375.024577779;0.5;452954;913000.3374999999;0.4844873740626374;1;0.0
Meta_751;452954;5559218.780722223;0.0;552604;3736232.2245999984;0.2050085618204112;3600;0.5674408874233206
Meta_752;452954;5559218.780722223;0.05555555555555555;554278;3955961.3274000008;0.18825727591517805;3652;0.5334888070000248
Meta_753;452954;5559218.780722223;0.1111111111111111;556959;3997908.736100001;0.20116571496018223;3632;0.7933100835522934
Meta_754;452954;5559218.780722223;0.16666666666666666;563951;5040537.2644;0.2050376634997152;3600;1.0
Meta_755;452954;5559218.780722223;0.2222222222222222;538146;3572627.839800003;0.2235701679655689;3600;1.0
Meta_756;452954;5559218.780722223;0.2777777777777778;527598;3771486.857200002;0.30531313075351535;3600;1.0
Meta_757;452954;5559218.780722223;0.3333333333333333;506030;3183265.5412000013;0.33794514798105646;3600;1.0
Meta_758;452954;5559218.780722223;0.38888888888888884;481035;2034039.2047000004;0.387978399502566;59;0.0
Meta_759;452954;5559218.780722223;0.4444444444444444;452998;1042482.9920999999;0.4442203863377658;27;0.0
Meta_76;613974;7782906.293011113;0.2777777777777778;587960;5869596.984899997;0.18206293846001023;2;0.0
Meta_760;452954;5559218.780722223;0.5;452954;913000.3374999999;0.4844873740626374;1;0.0
Meta_761;452954;6671062.536866669;0.0;560361;4404031.953700002;0.17262075784773642;3643;0.3874949863785652
Meta_762;452954;6671062.536866669;0.05555555555555555;560939;4365519.691899997;0.1909053003209817;3600;0.5454509259911167
Meta_763;452954;6671062.536866669;0.1111111111111111;562426;4513996.590800001;0.184620993469893;3600;0.7293960787479585
Meta_764;452954;6671062.536866669;0.16666666666666666;564850;5313225.310399997;0.1969916867984319;3600;1.0
Meta_765;452954;6671062.536866669;0.2222222222222222;571520;4888076.127299998;0.2220652817430795;128;0.0
Meta_766;452954;6671062.536866669;0.2777777777777778;537420;4210138.361800002;0.29290313436799265;3600;1.0
Meta_767;452954;6671062.536866669;0.3333333333333333;516516;2972907.155200002;0.333326445443522;749;0.0
Meta_768;452954;6671062.536866669;0.38888888888888884;476794;1846707.5807;0.38586888163007177;55;0.0
Meta_769;452954;6671062.536866669;0.4444444444444444;452998;1042482.9920999999;0.4442203863377658;26;0.0
Meta_77;613974;7782906.293011113;0.3333333333333333;587960;5869596.984899997;0.18206293846001023;2;0.0
Meta_770;452954;6671062.536866669;0.5;452954;913000.3374999999;0.4844873740626374;1;0.0
Meta_771;452954;7782906.293011113;0.0;549749;4407378.790200001;0.17934250230753013;3600;0.4325606177237308
Meta_772;452954;7782906.293011113;0.05555555555555555;549814;4399440.748700002;0.19214962737235486;3609;0.5518084034017076
Meta_773;452954;7782906.293011113;0.1111111111111111;541752;4116379.7527000015;0.1959798350783028;3601;0.7743494194030206
Meta_774;452954;7782906.293011113;0.16666666666666666;549295;4471703.342899999;0.20054249704236324;3600;1.0
Meta_775;452954;7782906.293011113;0.2222222222222222;526636;3572860.9707999974;0.2354579329698054;3600;1.0
Meta_776;452954;7782906.293011113;0.2777777777777778;525819;3863706.1191000007;0.2845050988807243;3600;1.0
Meta_777;452954;7782906.293011113;0.3333333333333333;535871;3850880.844200002;0.3296289627868584;454;0.0
Meta_778;452954;7782906.293011113;0.38888888888888884;476794;1846707.5807;0.38586888163007177;56;0.0
Meta_779;452954;7782906.293011113;0.4444444444444444;453140;1039180.2312999999;0.44435511146138473;38;0.0
Meta_78;613974;7782906.293011113;0.38888888888888884;587960;5869596.984899997;0.18206293846001023;2;0.0
Meta_780;452954;7782906.293011113;0.5;452954;913000.3374999999;0.4844873740626374;1;0.0
Meta_781;452954;8894750.049155558;0.0;558530;4599691.026699999;0.1796637066130267;3600;0.4345873365140503
Meta_782;452954;8894750.049155558;0.05555555555555555;556972;4524469.248699999;0.18707387979049545;3631;0.52479618475795
Meta_783;452954;8894750.049155558;0.1111111111111111;552891;4386413.3985;0.18289889436056503;3600;0.7215175729233593
Meta_784;452954;8894750.049155558;0.16666666666666666;531677;3818857.1795999995;0.24516102858168476;3600;1.0
Meta_785;452954;8894750.049155558;0.2222222222222222;536763;3683993.6319999998;0.22212022280633756;2432;0.0
Meta_786;452954;8894750.049155558;0.2777777777777778;519809;3400463.3980000024;0.27751608259458926;380;0.0
Meta_787;452954;8894750.049155558;0.3333333333333333;513708;3309164.7174000014;0.333303365926357;2171;0.0
Meta_788;452954;8894750.049155558;0.38888888888888884;476794;1846707.5807;0.38586888163007177;60;0.0
Meta_789;452954;8894750.049155558;0.4444444444444444;453140;1039180.2312999999;0.44435511146138473;39;0.0
Meta_79;613974;7782906.293011113;0.4444444444444444;587960;5869596.984899997;0.18206293846001023;2;0.0
Meta_790;452954;8894750.049155558;0.5;452954;913000.3374999999;0.4844873740626374;2;0.0
Meta_791;452954;1.0006593805300003E7;0.0;554228;4554136.557700002;0.17784355092678883;3600;0.4229342666416404
Meta_792;452954;1.0006593805300003E7;0.05555555555555555;556972;4524469.248699999;0.18707387979049545;3600;0.52479618475795
Meta_793;452954;1.0006593805300003E7;0.1111111111111111;563253;4783074.432199999;0.18612751487189141;3600;0.7363587077450364
Meta_794;452954;1.0006593805300003E7;0.16666666666666666;565119;5472219.552700004;0.20427065700837904;3600;1.0
Meta_795;452954;1.0006593805300003E7;0.2222222222222222;536763;3683993.6319999998;0.22212022280633756;2465;0.0
Meta_796;452954;1.0006593805300003E7;0.2777777777777778;528198;3613699.9757000036;0.27776832156222814;2105;0.0
Meta_797;452954;1.0006593805300003E7;0.3333333333333333;513708;3309164.7174000014;0.333303365926357;2133;0.0
Meta_798;452954;1.0006593805300003E7;0.38888888888888884;476794;1846707.5807;0.38586888163007177;56;0.0
Meta_799;452954;1.0006593805300003E7;0.4444444444444444;453140;1039180.2312999999;0.44435511146138473;36;0.0
Meta_8;613974;0.0;0.38888888888888884;576032;3601830.836900002;0.23484878609687648;3;0.0
Meta_80;613974;7782906.293011113;0.5;587960;5869596.984899997;0.18206293846001023;2;0.0
Meta_801;429951;0.0;0.0;514551;2401522.2835;0.20780318047573768;3600;0.27612659083495733
Meta_802;429951;0.0;0.05555555555555555;511466;2299115.4916;0.21115135426989087;3600;0.28657589548012813
Meta_803;429951;0.0;0.1111111111111111;510274;2322152.9798000003;0.21363741087444768;3620;0.3467626816525857
Meta_804;429951;0.0;0.16666666666666666;500939;2062300.921299999;0.2203959596369236;3600;0.4410984038016945
Meta_805;429951;0.0;0.2222222222222222;468410;1320971.2599;0.2754022481685875;3620;0.6673256870020609
Meta_806;429951;0.0;0.2777777777777778;456403;999654.1958;0.3096808099051581;3600;0.7076147087916375
Meta_807;429951;0.0;0.3333333333333333;429952;371634.1049000003;0.3650110868102902;3600;0.8986898180454463
Meta_808;429951;0.0;0.38888888888888884;453226;845782.2179999999;0.3566865320082019;3600;0.839102513059564
Meta_809;429951;0.0;0.4444444444444444;429951;136076.4015;0.4380227627413383;1;0.0
Meta_81;613974;8894750.049155558;0.0;587819;5523796.744200001;0.16515849264720495;3600;0.049464715490768855
Meta_810;429951;0.0;0.5;429951;136076.4015;0.4380227627413383;1;0.0
Meta_811;429951;1111843.7561444447;0.0;508781;2301105.5838000006;0.22038635558938888;3600;0.38804775904022615
Meta_812;429951;1111843.7561444447;0.05555555555555555;508891;2316859.2846999993;0.21894582463509926;3600;0.40279835251335966
Meta_813;429951;1111843.7561444447;0.1111111111111111;512917;2366103.482100001;0.2152674654009561;3600;0.4681792740390767
Meta_814;429951;1111843.7561444447;0.16666666666666666;502632;2104383.469500001;0.22793432688050072;3600;0.6562722661994205
Meta_815;429951;1111843.7561444447;0.2222222222222222;472204;1428754.2067999989;0.262823485995591;3600;0.8425286811151965
Meta_816;429951;1111843.7561444447;0.2777777777777778;472512;1316225.0944999994;0.29160857685878755;3600;1.0
Meta_817;429951;1111843.7561444447;0.3333333333333333;464636;1106605.7547;0.3333327294835737;987;0.0
Meta_818;429951;1111843.7561444447;0.38888888888888884;459252;1059425.8161999995;0.3888895036300576;418;0.0
Meta_819;429951;1111843.7561444447;0.4444444444444444;430374;399089.2794;0.44395607782700325;59;0.0
Meta_82;613974;8894750.049155558;0.05555555555555555;586655;5452161.929699999;0.1688324600011355;3600;0.09633164501746665
Meta_820;429951;1111843.7561444447;0.5;429951;354392.36720000015;0.4546300589704708;2;0.0
Meta_821;429951;2223687.5122888894;0.0;508597;2291346.3076000023;0.225826713911286;3600;0.5382169526932833
Meta_822;429951;2223687.5122888894;0.05555555555555555;508476;2297686.154600001;0.2280108725954609;3600;0.5812818410277711
Meta_823;429951;2223687.5122888894;0.1111111111111111;508091;2276064.0642999993;0.22712384638147548;3600;0.7150745954045079
Meta_824;429951;2223687.5122888894;0.16666666666666666;512140;2366235.6011999995;0.21145719486024772;3600;1.0
Meta_825;429951;2223687.5122888894;0.2222222222222222;510919;2306151.828000001;0.2683595719217674;3600;1.0
Meta_826;429951;2223687.5122888894;0.2777777777777778;494747;2383489.3808000004;0.29394708215051935;3600;1.0
Meta_827;429951;2223687.5122888894;0.3333333333333333;496986;2223710.4815999996;0.33342679273316045;3600;1.0
Meta_828;429951;2223687.5122888894;0.38888888888888884;459166;985615.2059000003;0.38888335826038123;258;0.0
Meta_829;429951;2223687.5122888894;0.4444444444444444;429961;544071.8865000001;0.444402637772992;60;0.0
Meta_83;613974;8894750.049155558;0.1111111111111111;587787;5469642.844799999;0.16608045081608594;3600;0.07287036396459774
Meta_830;429951;2223687.5122888894;0.5;429951;354392.36720000015;0.4546300589704708;1;0.0
Meta_831;429951;3335531.2684333343;0.0;538726;3335454.7556999973;0.19772662027979096;3600;0.5356802345442312
Meta_832;429951;3335531.2684333343;0.05555555555555555;539390;3330073.6955999983;0.20519586049210498;3600;0.6138659367345928
Meta_833;429951;3335531.2684333343;0.1111111111111111;541754;3329214.126300001;0.2038100498836819;3600;0.8037794964160272
Meta_834;429951;3335531.2684333343;0.16666666666666666;529264;3009376.375700002;0.21072037506513364;3600;1.0
Meta_835;429951;3335531.2684333343;0.2222222222222222;528375;3011293.1954;0.24287650460487734;3628;1.0
Meta_836;429951;3335531.2684333343;0.2777777777777778;521021;2760480.2818000005;0.27775714597286866;561;0.0
Meta_837;429951;3335531.2684333343;0.3333333333333333;511617;2650090.968499999;0.3325029034951135;285;0.0
Meta_838;429951;3335531.2684333343;0.38888888888888884;543018;3335484.8050000016;0.24095234822336503;135;0.0
Meta_839;429951;3335531.2684333343;0.4444444444444444;430395;400037.8706;0.4439024331887179;55;0.0
Meta_84;613974;8894750.049155558;0.16666666666666666;587960;6076700.620799995;0.16652363117627067;34;0.0
Meta_840;429951;3335531.2684333343;0.5;429951;354392.36720000015;0.4546300589704708;2;0.0
Meta_841;429951;4447375.024577779;0.0;555257;3977604.300100001;0.19999092117076292;3600;0.5461273724317924
Meta_842;429951;4447375.024577779;0.05555555555555555;553222;3754737.2521999995;0.18848176890562526;3655;0.5355318360770677
Meta_843;429951;4447375.024577779;0.1111111111111111;545790;3797933.6185000013;0.20708067187863896;3636;0.8124028757997073
Meta_844;429951;4447375.024577779;0.16666666666666666;555016;3916880.8302999986;0.19884824882728483;3600;1.0
Meta_845;429951;4447375.024577779;0.2222222222222222;527612;3303942.833200003;0.24129824189941754;3600;1.0
Meta_846;429951;4447375.024577779;0.2777777777777778;523999;3192406.8466000017;0.27775731791003755;296;0.0
Meta_847;429951;4447375.024577779;0.3333333333333333;510773;2390138.4560999996;0.33333284221387904;273;0.0
Meta_848;429951;4447375.024577779;0.38888888888888884;452871;1002855.4738999999;0.3888546332863829;240;0.0
Meta_849;429951;4447375.024577779;0.4444444444444444;430433;447402.3510000001;0.44268535181615787;61;0.0
Meta_85;613974;8894750.049155558;0.2222222222222222;587960;5869596.984899997;0.18206293846001023;2;0.0
Meta_850;429951;4447375.024577779;0.5;429951;354392.36720000015;0.4546300589704708;2;0.0
Meta_851;429951;5559218.780722223;0.0;553027;3838731.936300001;0.19764969555069212;3600;0.5353188769718882
Meta_852;429951;5559218.780722223;0.05555555555555555;554348;4034258.125600001;0.20654063179756837;3600;0.6192688123726228
Meta_853;429951;5559218.780722223;0.1111111111111111;548918;3738778.471900001;0.1994019491906019;3600;0.7910446164282471
Meta_854;429951;5559218.780722223;0.16666666666666666;531568;3355620.1579999984;0.21669767541443222;3600;1.0
Meta_855;429951;5559218.780722223;0.2222222222222222;512127;2692449.6187999994;0.24413950121442504;3600;1.0
Meta_856;429951;5559218.780722223;0.2777777777777778;523869;3641230.4036999997;0.30087797592817506;3600;1.0
Meta_857;429951;5559218.780722223;0.3333333333333333;522897;2743453637;0.3333335621496257;194;0.0
Meta_858;429951;5559218.780722223;0.38888888888888884;457031;1063505.4414000004;0.38888056642023355;308;0.0
Meta_859;429951;5559218.780722223;0.4444444444444444;429983;420471.88430000003;0.44421012043156105;58;0.0
Meta_86;613974;8894750.049155558;0.2777777777777778;587960;5869596.984899997;0.18206293846001023;2;0.0
Meta_860;429951;5559218.780722223;0.5;429951;354392.36720000015;0.4546300589704708;1;0.0
Meta_861;429951;6671062.536866669;0.0;552974;4127963.5428000004;0.1790022219773296;3600;0.4312349224442632
Meta_862;429951;6671062.536866669;0.05555555555555555;546133;4036465.5710999966;0.18344417867659435;3672;0.504766155111483
Meta_863;429951;6671062.536866669;0.1111111111111111;546924;4015995.693200005;0.18479387546982276;3600;0.7339404415223572
Meta_864;429951;6671062.536866669;0.16666666666666666;535048;3875707.9833000004;0.20250459563607506;3655;1.0
Meta_865;429951;6671062.536866669;0.2222222222222222;540866;3562531.020300001;0.22210012775132898;1704;0.0
Meta_866;429951;6671062.536866669;0.2777777777777778;515084;3128700.5778999995;0.27726974906987234;808;0.0
Meta_867;429951;6671062.536866669;0.3333333333333333;522342;3349317.195500001;0.33304124071124697;263;0.0
Meta_868;429951;6671062.536866669;0.38888888888888884;429953;704237.6325999998;0.3967408176061672;3600;1.0
Meta_869;429951;6671062.536866669;0.4444444444444444;430146;457814.39690000005;0.44338989084886626;58;0.0
Meta_87;613974;8894750.049155558;0.3333333333333333;587960;5869596.984899997;0.18206293846001023;2;0.0
Meta_870;429951;6671062.536866669;0.5;429951;354392.36720000015;0.4546300589704708;2;0.0
Meta_871;429951;7782906.293011113;0.0;554298;4450433.658700001;0.19288306097973354;3600;0.5101613690620943
Meta_872;429951;7782906.293011113;0.05555555555555555;546964;4295532.110100001;0.1897838493167537;3652;0.5403367997155506
Meta_873;429951;7782906.293011113;0.1111111111111111;553826;4520330.403200003;0.18575457177968743;3607;0.7382148734033421
Meta_874;429951;7782906.293011113;0.16666666666666666;534940;3979373.1241000006;0.21838705488373295;3600;1.0
Meta_875;429951;7782906.293011113;0.2222222222222222;513452;3307158.000100002;0.256076989170087;3600;1.0
Meta_876;429951;7782906.293011113;0.2777777777777778;515058;3251492.0922;0.2777677014711583;459;0.0
Meta_877;429951;7782906.293011113;0.3333333333333333;511526;3450290.1424000002;0.33116447439352287;331;0.0
Meta_878;429951;7782906.293011113;0.38888888888888884;435451;856147.6070000002;0.3888775969497968;1221;0.0
Meta_879;429951;7782906.293011113;0.4444444444444444;429966;453012.04390000005;0.4444091460779666;60;0.0
Meta_88;613974;8894750.049155558;0.38888888888888884;587960;5869596.984899997;0.18206293846001023;2;0.0
Meta_880;429951;7782906.293011113;0.5;429951;354392.36720000015;0.4546300589704708;1;0.0
Meta_881;429951;8894750.049155558;0.0;546990;4464745.693299999;0.1886238798242386;3600;0.48779049777014183
Meta_882;429951;8894750.049155558;0.05555555555555555;544316;4162257.0414999994;0.1864347361957787;3627;0.5220635273640094
Meta_883;429951;8894750.049155558;0.1111111111111111;555151;4418298.382100005;0.18481200977461593;3600;0.7340224148517976
Meta_884;429951;8894750.049155558;0.16666666666666666;532671;3858248.370399999;0.20720739638163557;3600;1.0
Meta_885;429951;8894750.049155558;0.2222222222222222;558556;4489569.988799999;0.22222286876386962;615;0.0
Meta_886;429951;8894750.049155558;0.2777777777777778;530045;3801934.1342000025;0.2777567644420463;237;0.0
Meta_887;429951;8894750.049155558;0.3333333333333333;511526;3450290.1424000002;0.33116447439352287;329;0.0
Meta_888;429951;8894750.049155558;0.38888888888888884;435451;856147.6070000002;0.3888775969497968;1216;0.0
Meta_889;429951;8894750.049155558;0.4444444444444444;429966;453012.04390000005;0.4444091460779666;63;0.0
Meta_89;613974;8894750.049155558;0.4444444444444444;587960;5869596.984899997;0.18206293846001023;3;0.0
Meta_890;429951;8894750.049155558;0.5;429951;354392.36720000015;0.4546300589704708;2;0.0
Meta_891;429951;1.0006593805300003E7;0.0;549513;4342650.682100001;0.18877026706824213;3600;0.4885846044407085
Meta_892;429951;1.0006593805300003E7;0.05555555555555555;550563;4453470.169999997;0.1845123147190794;3600;0.5110533779467862
Meta_893;429951;1.0006593805300003E7;0.1111111111111111;556070;4468738.925999999;0.1817378213986781;3600;0.7195314265516751
Meta_894;429951;1.0006593805300003E7;0.16666666666666666;535911;3911573.767500001;0.21267028651478098;3600;1.0
Meta_895;429951;1.0006593805300003E7;0.2222222222222222;558797;4434426.696600001;0.22392154821149382;3600;1.0
Meta_896;429951;1.0006593805300003E7;0.2777777777777778;520821;3409745.3416000023;0.27769109931282865;1526;0.0
Meta_897;429951;1.0006593805300003E7;0.3333333333333333;511526;3450290.1424000002;0.33116447439352287;330;0.0
Meta_898;429951;1.0006593805300003E7;0.38888888888888884;435451;856147.6070000002;0.3888775969497968;1218;0.0
Meta_899;429951;1.0006593805300003E7;0.4444444444444444;429966;453012.04390000005;0.4444091460779666;61;0.0
Meta_9;613974;0.0;0.4444444444444444;576032;3601830.836900002;0.23484878609687648;2;0.0
Meta_90;613974;8894750.049155558;0.5;587960;5869596.984899997;0.18206293846001023;2;0.0
Meta_900;429951;1.0006593805300003E7;0.5;429951;354392.36720000015;0.4546300589704708;2;0.0
Meta_901;406949;0.0;0.0;513791;2369680.9065000014;0.20665963046408561;3635;0.2673353239413269
Meta_902;406949;0.0;0.05555555555555555;511108;2340010.3709000004;0.21139581985039657;3607;0.29317323586485106
Meta_903;406949;0.0;0.1111111111111111;514923;2442132.799700001;0.20247191957264066;3600;0.31738965598276636
Meta_904;406949;0.0;0.16666666666666666;498647;2006960.554699999;0.22776067048491683;3600;0.4671777622842148
Meta_905;406949;0.0;0.2222222222222222;461249;1145870.5568000001;0.28411537141582976;3600;0.6833658904318022
Meta_906;406949;0.0;0.2777777777777778;450505;872609.8809999997;0.3099246605765246;3600;0.6917532565153753
Meta_907;406949;0.0;0.3333333333333333;422510;346258.62699999986;0.37038822341270056;3614;0.9527490986965413
Meta_908;406949;0.0;0.38888888888888884;412534;91697.21350000004;0.39493526098805687;3600;0.9554887693504323
Meta_909;406949;0.0;0.4444444444444444;406949;0.0;0.4136009457044452;1;0.0
Meta_91;613974;1.0006593805300003E7;0.0;585960;5482263.7004999975;0.1694161480226894;3600;0.10380914130230733
Meta_910;406949;0.0;0.5;406949;0.0;0.4136009457044452;2;0.0
Meta_911;406949;1111843.7561444447;0.0;508908;2305321.5116;0.2162781063780222;3600;0.37128610473421764
Meta_912;406949;1111843.7561444447;0.05555555555555555;510327;2317625.857900001;0.21618009694274165;3600;0.391680617349739
Meta_913;406949;1111843.7561444447;0.1111111111111111;513022;2381262.402299999;0.22084996768506754;3600;0.4988210124495831
Meta_914;406949;1111843.7561444447;0.16666666666666666;501995;2107475.009599998;0.22383005282640442;3628;0.6522148573305299
Meta_915;406949;1111843.7561444447;0.2222222222222222;482717;1606058.6687;0.2602801761736672;3600;0.8476112070048913
Meta_916;406949;1111843.7561444447;0.2777777777777778;465183;1223699.9916;0.2998990742760303;3600;1.0
Meta_917;406949;1111843.7561444447;0.3333333333333333;461069;1116120.0501000006;0.33739306597480084;3662;1.0
Meta_918;406949;1111843.7561444447;0.38888888888888884;418053;312956.8677;0.3901699634576489;3600;1.0
Meta_919;406949;1111843.7561444447;0.4444444444444444;406949;0.0;0.4136009457044452;1;0.0
Meta_92;613974;1.0006593805300003E7;0.05555555555555555;586122;5451265.035799999;0.16891797369950567;3600;0.10501511254904407
Meta_920;406949;1111843.7561444447;0.5;406949;0.0;0.4136009457044452;1;0.0
Meta_921;406949;2223687.5122888894;0.0;510949;2344635.783699999;0.22111216676136813;3600;0.5260479382309562
Meta_922;406949;2223687.5122888894;0.05555555555555555;509819;2309447.281900001;0.22690202439088436;3600;0.5788411482845432
Meta_923;406949;2223687.5122888894;0.1111111111111111;511701;2337837.3091000016;0.2204981883351228;3600;0.6996114764370437
Meta_924;406949;2223687.5122888894;0.16666666666666666;508081;2250599.8233999996;0.23929369845301848;3626;1.0
Meta_925;406949;2223687.5122888894;0.2222222222222222;493535;2223906.4717999995;0.2797742616402804;3600;1.0
Meta_926;406949;2223687.5122888894;0.2777777777777778;503876;2133485.501000001;0.27776347252233113;231;0.0
Meta_927;406949;2223687.5122888894;0.3333333333333333;450534;1241135.4852000002;0.33333272142733306;443;0.0
Meta_928;406949;2223687.5122888894;0.38888888888888884;416533;289581.33290000004;0.3917506234725532;3600;1.0
Meta_929;406949;2223687.5122888894;0.4444444444444444;406949;0.0;0.4136009457044452;1;0.0
Meta_93;613974;1.0006593805300003E7;0.1111111111111111;587333;5600470.110499997;0.16448022550049363;3600;0.0663991866902658
Meta_930;406949;2223687.5122888894;0.5;406949;0.0;0.4136009457044452;1;0.0
Meta_931;406949;3335531.2684333343;0.0;538895;3335493.522500002;0.19829947511051704;3600;0.5383592888198926
Meta_932;406949;3335531.2684333343;0.05555555555555555;536399;3334223.3372000023;0.2007767157106062;3605;0.5952548132908027
Meta_933;406949;3335531.2684333343;0.1111111111111111;540971;3330104.5072000013;0.19530709502135837;3600;0.7749023106423403
Meta_934;406949;3335531.2684333343;0.16666666666666666;537594;3287008.1035000007;0.2085507600089873;3600;1.0
Meta_935;406949;3335531.2684333343;0.2222222222222222;546737;3272718.2350000003;0.24666266279486365;3603;1.0
Meta_936;406949;3335531.2684333343;0.2777777777777778;532156;3080250.236099999;0.2776145531172497;3394;0.0
Meta_937;406949;3335531.2684333343;0.3333333333333333;491683;2116948.0076;0.33333245117728205;696;0.0
Meta_938;406949;3335531.2684333343;0.38888888888888884;416613;295486.75230000005;0.3916671735467887;3600;1.0
Meta_939;406949;3335531.2684333343;0.4444444444444444;406949;0.0;0.4136009457044452;1;0.0
Meta_94;613974;1.0006593805300003E7;0.16666666666666666;587960;6076700.620799995;0.16652363117627067;35;0.0
Meta_940;406949;3335531.2684333343;0.5;406949;0.0;0.4136009457044452;1;0.0
Meta_941;406949;4447375.024577779;0.0;554117;3788389.3311999985;0.20049655425647284;3654;0.5485692451720957
Meta_942;406949;4447375.024577779;0.05555555555555555;550625;3766549.5316999992;0.2053625915608059;3600;0.6145421586350336
Meta_943;406949;4447375.024577779;0.1111111111111111;541834;3563489.2642;0.19571730890356112;3600;0.7762954584062437
Meta_944;406949;4447375.024577779;0.16666666666666666;534769;3320929.333200001;0.22098156040873818;3600;1.0
Meta_945;406949;4447375.024577779;0.2222222222222222;536148;4130343.6806000005;0.2580853941276987;3600;1.0
Meta_946;406949;4447375.024577779;0.2777777777777778;518513;2793807.6173000005;0.2771449256457395;314;0.0
Meta_947;406949;4447375.024577779;0.3333333333333333;423435;488024.24230000004;0.3973960100473785;3600;1.0
Meta_948;406949;4447375.024577779;0.38888888888888884;417804;333749.86209999985;0.3906509591526941;3600;1.0
Meta_949;406949;4447375.024577779;0.4444444444444444;406949;0.0;0.4136009457044452;1;0.0
Meta_95;613974;1.0006593805300003E7;0.2222222222222222;587960;5869596.984899997;0.18206293846001023;3;0.0
Meta_950;406949;4447375.024577779;0.5;406949;0.0;0.4136009457044452;1;0.0
Meta_951;406949;5559218.780722223;0.0;547795;3790969.909499999;0.21092410152288102;3600;0.5911000133040111
Meta_952;406949;5559218.780722223;0.05555555555555555;547693;3861098.254699998;0.18624733673447028;3600;0.5232358359133115
Meta_953;406949;5559218.780722223;0.1111111111111111;544680;3846586.3834;0.19461844009595092;3647;0.7726042374980412
Meta_954;406949;5559218.780722223;0.16666666666666666;556612;5129191.303399995;0.2208542615967992;3600;1.0
Meta_955;406949;5559218.780722223;0.2222222222222222;553644;4972715.065800002;0.25007350301335113;3600;1.0
Meta_956;406949;5559218.780722223;0.2777777777777778;533488;3209117.604999999;0.27773965174341597;1650;0.0
Meta_957;406949;5559218.780722223;0.3333333333333333;425681;589059.7779999999;0.3932621833094444;3600;1.0
Meta_958;406949;5559218.780722223;0.38888888888888884;417804;333749.86209999985;0.3906509591526941;3600;1.0
Meta_959;406949;5559218.780722223;0.4444444444444444;406949;0.0;0.4136009457044452;1;0.0
Meta_96;613974;1.0006593805300003E7;0.2777777777777778;587960;5869596.984899997;0.18206293846001023;2;0.0
Meta_960;406949;5559218.780722223;0.5;406949;0.0;0.4136009457044452;1;0.0
Meta_961;406949;6671062.536866669;0.0;553858;4339035.5556000015;0.17988795154412676;3600;0.4368331459981449
Meta_962;406949;6671062.536866669;0.05555555555555555;548040;4118185.918000001;0.18424116458735776;3600;0.5094418196585748
Meta_963;406949;6671062.536866669;0.1111111111111111;557171;4160648.820800001;0.1893906735239754;3600;0.7502192820451908
Meta_964;406949;6671062.536866669;0.16666666666666666;545962;4633836.4646000005;0.21085502135070883;3600;1.0
Meta_965;406949;6671062.536866669;0.2222222222222222;515226;3084673.540200002;0.25171608804201945;3600;1.0
Meta_966;406949;6671062.536866669;0.2777777777777778;544184;3900518.350200003;0.27770022465139843;286;0.0
Meta_967;406949;6671062.536866669;0.3333333333333333;458144;1377227.3726999995;0.33333468564110974;1107;0.0
Meta_968;406949;6671062.536866669;0.38888888888888884;449501;1076353.6547000003;0.388819604459432;817;0.0
Meta_969;406949;6671062.536866669;0.4444444444444444;406949;0.0;0.4136009457044452;1;0.0
Meta_97;613974;1.0006593805300003E7;0.3333333333333333;587960;5869596.984899997;0.18206293846001023;3;0.0
Meta_970;406949;6671062.536866669;0.5;406949;0.0;0.4136009457044452;1;0.0
Meta_971;406949;7782906.293011113;0.0;550917;4390936.9078;0.19020685883166139;3600;0.4951887083818757
Meta_972;406949;7782906.293011113;0.05555555555555555;557040;4541647.001700002;0.19119746443784477;3610;0.5477194284879108
Meta_973;406949;7782906.293011113;0.1111111111111111;547530;4218331.579799999;0.1858773097260048;3600;0.7352911278386226
Meta_974;406949;7782906.293011113;0.16666666666666666;541106;4788781.291999998;0.2288558557679692;3600;1.0
Meta_975;406949;7782906.293011113;0.2222222222222222;550470;5051759.246299998;0.23911603748142043;3600;1.0
Meta_976;406949;7782906.293011113;0.2777777777777778;557806;4505632.704600001;0.2777196250599442;217;0.0
Meta_977;406949;7782906.293011113;0.3333333333333333;510630;2934908.102799999;0.33332246050364195;304;0.0
Meta_978;406949;7782906.293011113;0.38888888888888884;416613;295486.75230000005;0.3916671735467887;3600;1.0
Meta_979;406949;7782906.293011113;0.4444444444444444;406949;0.0;0.4136009457044452;1;0.0
Meta_98;613974;1.0006593805300003E7;0.38888888888888884;587960;5869596.984899997;0.18206293846001023;3;0.0
Meta_980;406949;7782906.293011113;0.5;406949;0.0;0.4136009457044452;1;0.0
Meta_981;406949;8894750.049155558;0.0;552815;4530486.2656000005;0.18552803177099092;3617;0.46940463205798155
Meta_982;406949;8894750.049155558;0.05555555555555555;557464;4491381.969099998;0.18504482345068624;3600;0.5141264202455939
Meta_983;406949;8894750.049155558;0.1111111111111111;559779;4462892.4399;0.18493851400929556;3616;0.7310554599584248
Meta_984;406949;8894750.049155558;0.16666666666666666;540559;4554024.933499998;0.22479541127003808;3600;1.0
Meta_986;406949;8894750.049155558;0.2777777777777778;545060;4041640.3884000024;0.2777684309844673;246;0.0
Meta_987;406949;8894750.049155558;0.3333333333333333;499757;2738867.0645;0.33203937080964707;245;0.0
Meta_989;406949;8894750.049155558;0.4444444444444444;406949;0.0;0.4136009457044452;1;0.0
Meta_99;613974;1.0006593805300003E7;0.4444444444444444;587960;5869596.984899997;0.18206293846001023;2;0.0
Meta_990;406949;8894750.049155558;0.5;406949;0.0;0.4136009457044452;1;0.0
Meta_996;406949;1.0006593805300003E7;0.2777777777777778;540955;3863378.567400002;0.27777828867214244;203;0.0
Meta_997;406949;1.0006593805300003E7;0.3333333333333333;499757;2738867.0645;0.33203937080964707;243;0.0
Meta_999;406949;1.0006593805300003E7;0.4444444444444444;406949;0.0;0.4136009457044452;1;0.0
Meta_457;521962;5559218.780722223;0.3333333333333333;527047;3836287.102100002;0.33329451818699884;96;0.0
Meta_266;567968;6671062.536866669;0.2777777777777778;567968;4427435.512600001;0.25962817747101175;133;0.0
Meta_265;567968;6671062.536866669;0.2222222222222222;568314;4478922.9114999985;0.22074351176139273;176;0.0
Meta_988;406949;8894750.049155558;0.38888888888888884;564232;4523617.029500001;0.24204887733384509;211;0.0
Meta_998;406949;1.0006593805300003E7;0.38888888888888884;564232;4523617.029500001;0.24204887733384509;332;0.0
Meta_574;498960;7782906.293011113;0.16666666666666666;556463;4873051.794100002;0.21080724003588783;3600;1.0
Meta_985;406949;8894750.049155558;0.2222222222222222;531422;3656991.5135000013;0.22799016933296531;3600;1.0
Meta_512;498960;1111843.7561444447;0.05555555555555555;507627;2282997.1635;0.22265807104318117;3601;0.41434886109823926
Meta_994;406949;1.0006593805300003E7;0.16666666666666666;545068;4276590.6913;0.19693984011685484;3606;1.0
Meta_993;406949;1.0006593805300003E7;0.1111111111111111;556429;4504803.160200001;0.1875853970603022;3608;0.7426868691271782
Meta_992;406949;1.0006593805300003E7;0.05555555555555555;561631;4475469.999499998;0.18444914372382387;3618;0.5106857270790681
Meta_995;406949;1.0006593805300003E7;0.2222222222222222;543306;4912854.903900001;0.22243855193921586;3600;1.0
Meta_991;406949;1.0006593805300003E7;0.0;559059;4463287.8631;0.1871028549503387;3712;0.47834458489020226
Meta_800;452954;1.0006593805300003E7;0.5;452954;913000.3374999999;0.4844873740626374;1;0.0
