Meta_1;229303;0.0;0.0;229303;927054.9299000001;1.0328298024216959E-14;1;0.0
Meta_2;229303;0.0;0.05555555555555555;229303;927054.9299000001;1.1260135874024131E-14;1;9.854071371014299E-16
Meta_3;229303;0.0;0.1111111111111111;229303;927054.9299000001;1.0276611975085123E-14;1;6.158794606883939E-16
Meta_4;229303;0.0;0.16666666666666666;229303;927054.9299000001;0.0;1;2.463517842753576E-16
Meta_5;229303;0.0;0.2222222222222222;229303;927054.9299000001;1.126150410827059E-14;1;9.854071371014299E-16
Meta_6;229303;0.0;0.2777777777777778;229303;927054.9299000001;0.0;2;2.463517842753576E-16
Meta_8;229303;0.0;0.38888888888888884;229303;927054.9299000001;0.0;1;2.463517842753576E-16
Meta_7;229303;0.0;0.3333333333333333;229303;927054.9299000001;0.0;1;2.463517842753576E-16
Meta_9;229303;0.0;0.4444444444444444;229303;927054.9299000001;0.0;1;2.463517842753576E-16
Meta_11;229303;327063.5630666669;0.0;229303;927054.9299000001;1.126150410827059E-14;1;0.0
Meta_10;229303;0.0;0.5;229303;927054.9299000001;1.0945320126855364E-14;1;7.390553528260726E-16
Meta_12;229303;327063.5630666669;0.05555555555555555;229303;927054.9299000001;0.0;1;0.0
Meta_13;229303;327063.5630666669;0.1111111111111111;229303;927054.9299000001;2.4209232049150297E-16;1;1.5225661482930767E-15
Meta_14;229303;327063.5630666669;0.16666666666666666;229303;927054.9299000001;0.0;1;0.0
Meta_15;229303;327063.5630666669;0.2222222222222222;229303;927054.9299000001;1.0024553412208585E-14;1;0.0
Meta_16;229303;327063.5630666669;0.2777777777777778;229303;927054.9299000001;1.0982331810924465E-14;1;0.0
Meta_17;229303;327063.5630666669;0.3333333333333333;229303;927054.9299000001;1.0982331810924465E-14;1;0.0
Meta_18;229303;327063.5630666669;0.38888888888888884;229303;927054.9299000001;1.0982331810924465E-14;1;0.0
Meta_19;229303;327063.5630666669;0.4444444444444444;229303;927054.9299000001;1.0982331810924465E-14;1;0.0
Meta_20;229303;327063.5630666669;0.5;229303;927054.9299000001;1.0982331810924465E-14;1;0.0
Meta_21;229303;654127.1261333338;0.0;229303;927054.9299000001;1.1831285108473457E-14;1;2.9287442148650878E-15
Meta_23;229303;654127.1261333338;0.1111111111111111;229303;927054.9299000001;2.4209232049150297E-16;1;0.0
Meta_22;229303;654127.1261333338;0.05555555555555555;229303;927054.9299000001;1.0684101925875349E-14;1;1.0459800767375333E-15
Meta_24;229303;654127.1261333338;0.16666666666666666;229303;927054.9299000001;0.0;2;4.183920306950136E-16
Meta_25;229303;654127.1261333338;0.2222222222222222;229303;927054.9299000001;2.4209232049150297E-16;1;0.0
Meta_27;229303;654127.1261333338;0.3333333333333333;229303;927054.9299000001;9.626758544595914E-15;1;0.0
Meta_26;229303;654127.1261333338;0.2777777777777778;229303;927054.9299000001;9.626758544595914E-15;1;0.0
Meta_28;229303;654127.1261333338;0.38888888888888884;229303;927054.9299000001;9.626758544595914E-15;1;0.0
Meta_29;229303;654127.1261333338;0.4444444444444444;229303;927054.9299000001;9.626758544595914E-15;1;0.0
Meta_30;229303;654127.1261333338;0.5;229303;927054.9299000001;9.626758544595914E-15;1;0.0
Meta_32;229303;981190.6892000006;0.05555555555555555;229303;981178.2201999997;7.482406421066321E-16;2;0.0
Meta_31;229303;981190.6892000006;0.0;229303;981183.9864999998;1.0992845999887305E-16;3;0.0
Meta_34;229303;981190.6892000006;0.16666666666666666;229303;976759.1244999998;2.198569199977461E-17;2;0.0
Meta_35;229303;981190.6892000006;0.2222222222222222;229303;974931.7193999998;1.0992845999887305E-16;2;0.0
Meta_33;229303;981190.6892000006;0.1111111111111111;229303;971248.6767999997;1.0992845999887305E-17;4;0.0
Meta_36;229303;981190.6892000006;0.2777777777777778;229303;970733.2136999998;1.0992845999887305E-16;1;0.0
Meta_37;229303;981190.6892000006;0.3333333333333333;229303;980958.2074;2.458075092193466E-17;2;0.0
Meta_38;229303;981190.6892000006;0.38888888888888884;229303;981189.5644999999;0.0;2;0.0
Meta_39;229303;981190.6892000006;0.4444444444444444;229303;978421.0912;2.406604903335543E-15;2;0.0
Meta_41;229303;1308254.2522666676;0.0;229303;1306906.0251;1.0992845999887305E-16;2;0.0
Meta_40;229303;981190.6892000006;0.5;229303;966089.5099999998;7.374225276580398E-17;4;1.0E100
Meta_42;229303;1308254.2522666676;0.05555555555555555;229303;1308238.0429999998;1.0992845999887305E-16;1;0.0
Meta_43;229303;1308254.2522666676;0.1111111111111111;229303;1300583.8654999998;2.626209085007837E-15;3;0.0
Meta_45;229303;1308254.2522666676;0.2222222222222222;229303;1307147.3973000005;1.0992845999887305E-16;1;0.0
Meta_46;229303;1308254.2522666676;0.2777777777777778;229303;1308241.6340000008;0.0;1;0.0
Meta_44;229303;1308254.2522666676;0.16666666666666666;229303;1254555.0232;1.0992845999887305E-17;3;0.0
Meta_47;229303;1308254.2522666676;0.3333333333333333;229303;1304344.1227000004;1.0992845999887305E-16;1;0.0
Meta_48;229303;1308254.2522666676;0.38888888888888884;229303;1302640.4441000007;1.0992845999887305E-16;1;0.0
Meta_49;229303;1308254.2522666676;0.4444444444444444;229303;1308251.6213000005;1.8606508155386656E-15;1;0.0
Meta_51;229303;1635317.8153333345;0.0;229303;1627321.9474000006;0.0;1;0.0
Meta_50;229303;1308254.2522666676;0.5;229303;1246333.2402000001;1.3418478607282016E-16;2;0.0
Meta_52;229303;1635317.8153333345;0.05555555555555555;229303;1558808.5222000005;1.3650175909232223E-15;1;0.0
Meta_53;229303;1635317.8153333345;0.1111111111111111;229303;1594358.0330000008;2.6926863520719043E-17;1;0.0
Meta_54;229303;1635317.8153333345;0.16666666666666666;229303;1615294.7421000006;1.0992845999887305E-16;2;0.0
Meta_56;229303;1635317.8153333345;0.2777777777777778;229303;1604738.4430999998;1.0992845999887305E-16;1;0.0
Meta_55;229303;1635317.8153333345;0.2222222222222222;229303;1635317.5336;1.7588553599819688E-16;2;0.0
Meta_57;229303;1635317.8153333345;0.3333333333333333;229303;1604738.4430999998;1.0992845999887305E-16;2;0.0
Meta_59;229303;1635317.8153333345;0.4444444444444444;229303;1604738.4430999998;1.0992845999887305E-16;1;0.0
Meta_58;229303;1635317.8153333345;0.38888888888888884;229303;1604738.4430999998;1.0992845999887305E-16;2;0.0
Meta_60;229303;1635317.8153333345;0.5;229303;1604738.4430999998;1.0992845999887305E-16;2;0.0
Meta_61;229303;1962381.3784000012;0.0;229303;1696891.2924000004;0.0;1;0.0
Meta_62;229303;1962381.3784000012;0.05555555555555555;229303;1788929.8186999997;1.935490263084366E-15;1;0.0
Meta_65;229303;1962381.3784000012;0.2222222222222222;229303;1840052.5000000002;2.603703785810335E-15;1;0.0
Meta_63;229303;1962381.3784000012;0.1111111111111111;229303;1801939.393900001;4.397138399954922E-17;2;0.0
Meta_64;229303;1962381.3784000012;0.16666666666666666;229303;1892716.366800001;1.0992845999887305E-16;2;0.0
Meta_66;229303;1962381.3784000012;0.2777777777777778;229303;1905405.0406000004;0.0;2;0.0
Meta_68;229303;1962381.3784000012;0.38888888888888884;229303;1856471.4626999996;0.0;1;0.0
Meta_67;229303;1962381.3784000012;0.3333333333333333;229303;1940993.3878999995;0.0;2;0.0
Meta_69;229303;1962381.3784000012;0.4444444444444444;229303;1957806.0694000004;0.0;2;0.0
Meta_70;229303;1962381.3784000012;0.5;229303;1926352.9574999996;0.0;2;0.0
Meta_71;229303;2289444.941466668;0.0;229303;1670543.8778000006;1.9265727080722582E-15;1;0.0
Meta_72;229303;2289444.941466668;0.05555555555555555;229303;1788929.8186999997;1.935490263084366E-15;1;0.0
Meta_73;229303;2289444.941466668;0.1111111111111111;229303;2207483.8586000013;1.3592066195592264E-15;1;0.0
Meta_74;229303;2289444.941466668;0.16666666666666666;229303;2205936.890700001;1.2321798651815499E-15;1;0.0
Meta_76;229303;2289444.941466668;0.2777777777777778;229303;2289443.6026999997;0.0;1;0.0
Meta_75;229303;2289444.941466668;0.2222222222222222;229303;2195580.553;7.035421439927875E-16;1;0.0
Meta_77;229303;2289444.941466668;0.3333333333333333;229303;2118329.5264;0.0;1;0.0
Meta_78;229303;2289444.941466668;0.38888888888888884;229303;2116156.4305999996;0.0;2;0.0
Meta_79;229303;2289444.941466668;0.4444444444444444;229303;2117759.9841999994;0.0;1;0.0
Meta_80;229303;2289444.941466668;0.5;229303;2233248.9858999997;1.0019965561195553E-14;2;0.0
Meta_81;229303;2616508.504533335;0.0;229303;1689921.2147000006;0.0;1;0.0
Meta_82;229303;2616508.504533335;0.05555555555555555;229303;1788929.8186999997;1.935490263084366E-15;1;0.0
Meta_83;229303;2616508.504533335;0.1111111111111111;229303;2207483.8586000013;1.3592066195592264E-15;1;0.0
Meta_84;229303;2616508.504533335;0.16666666666666666;229303;2205936.890700001;1.2321798651815499E-15;1;0.0
Meta_85;229303;2616508.504533335;0.2222222222222222;229303;2582812.3775;9.234644952794725E-16;2;0.0
Meta_86;229303;2616508.504533335;0.2777777777777778;229303;1964993.5939999996;6.595707599932383E-17;3;0.0
Meta_87;229303;2616508.504533335;0.3333333333333333;229303;2051020.9271;0.0;2;0.0
Meta_88;229303;2616508.504533335;0.38888888888888884;229303;1958536.0366999996;0.0;2;0.0
Meta_89;229303;2616508.504533335;0.4444444444444444;229303;2128331.5700999997;8.794276799909844E-17;2;0.0
Meta_91;229303;2943572.067600002;0.0;229303;1666140.4640000004;1.9264158912791883E-15;1;0.0
Meta_90;229303;2616508.504533335;0.5;229303;2118967.2361999997;1.0992845999887305E-16;2;0.0
Meta_92;229303;2943572.067600002;0.05555555555555555;229303;1788929.8186999997;1.935490263084366E-15;1;0.0
Meta_93;229303;2943572.067600002;0.1111111111111111;229303;2207483.8586000013;1.3592066195592264E-15;2;0.0
Meta_94;229303;2943572.067600002;0.16666666666666666;229303;2205936.890700001;1.2321798651815499E-15;1;0.0
Meta_97;229303;2943572.067600002;0.3333333333333333;229303;1981406.0166999996;0.0;1;0.0
Meta_95;229303;2943572.067600002;0.2222222222222222;229303;2908924.3456;3.927400968911359E-15;2;0.0
Meta_98;229303;2943572.067600002;0.38888888888888884;229303;1958536.0366999996;0.0;1;0.0
Meta_96;229303;2943572.067600002;0.2777777777777778;229303;1915489.3921999997;0.0;3;0.0
Meta_99;229303;2943572.067600002;0.4444444444444444;229303;2038796.5143;0.0;2;0.0
Meta_100;229303;2943572.067600002;0.5;229303;2117059.9251999995;1.882603109613182E-15;3;0.0
Meta_107;219366;0.0;0.3333333333333333;219366;611522.6028;0.2972019725399471;1;0.0
Meta_108;219366;0.0;0.38888888888888884;219366;611522.6028;0.2972019725399471;1;0.0
Meta_109;219366;0.0;0.4444444444444444;219366;611522.6028;0.29720197253994696;2;0.0
Meta_110;219366;0.0;0.5;219366;611522.6028;0.29720197253994696;2;0.0
Meta_106;219366;0.0;0.2777777777777778;219366;611895.1275999999;0.2777777177154635;62;0.0
Meta_102;219366;0.0;0.05555555555555555;223043;783512.2634999999;0.06158052673800878;3600;0.17694921913887535
Meta_101;219366;0.0;0.0;226417;848109.8556999997;0.03501812726475162;3600;0.20957024563119503
Meta_103;219366;0.0;0.1111111111111111;219400;677209.4824;0.11111403680085567;3600;0.05490818783205158
Meta_104;219366;0.0;0.16666666666666666;219366;638330.4600000001;0.16665861726305442;3600;0.01976423746562529
Meta_117;219366;327063.5630666669;0.3333333333333333;219366;611522.6028;0.297201972539947;2;0.0
Meta_119;219366;327063.5630666669;0.4444444444444444;219366;611522.6028;0.29720197253994696;1;0.0
Meta_118;219366;327063.5630666669;0.38888888888888884;219366;611522.6028;0.297201972539947;1;0.0
Meta_120;219366;327063.5630666669;0.5;219366;611522.6028;0.29720197253994696;2;0.0
Meta_116;219366;327063.5630666669;0.2777777777777778;219366;611895.1275999999;0.2777777177154647;31;0.0
Meta_124;219366;654127.1261333338;0.16666666666666666;219584;651280.5051999999;0.16665917825828516;59;0.0
Meta_125;219366;654127.1261333338;0.2222222222222222;219366;654061.7801999998;0.22066076172890442;7;0.0
Meta_126;219366;654127.1261333338;0.2777777777777778;219366;638358.7601;0.2752690712264392;12;0.0
Meta_127;219366;654127.1261333338;0.3333333333333333;219462;653106.4621999998;0.29732360495231835;1;0.0
Meta_128;219366;654127.1261333338;0.38888888888888884;219366;653236.5302;0.29108495556645425;3;0.0
Meta_129;219366;654127.1261333338;0.4444444444444444;219366;654124.4219999999;0.2729267642250534;2;0.0
Meta_130;219366;654127.1261333338;0.5;219366;654122.5703;0.30681494873091064;2;0.0
Meta_105;219366;0.0;0.2222222222222222;219366;619206.1514999999;0.22222203216937594;3600;0.0020925393138251044
Meta_111;219366;327063.5630666669;0.0;225919;842475.7509;0.03723090723040364;3611;0.31751726593408763
Meta_112;219366;327063.5630666669;0.05555555555555555;223119;783783.3545;0.060109230387105916;3600;0.29240637389908253
Meta_134;219366;981190.6892000006;0.16666666666666666;220261;938371.1692999997;0.16658252803613155;9;0.0
Meta_133;219366;981190.6892000006;0.1111111111111111;220384;980070.0244999998;0.110056517085557;45;0.0
Meta_135;219366;981190.6892000006;0.2222222222222222;219371;844971.7444999999;0.22222248407283354;7;0.0
Meta_136;219366;981190.6892000006;0.2777777777777778;219366;981189.6526999999;0.2759310926202767;2;0.0
Meta_138;219366;981190.6892000006;0.38888888888888884;219366;910866.6188999999;0.34381705338471397;1;0.0
Meta_139;219366;981190.6892000006;0.4444444444444444;219436;953343.3927999999;0.3541075694722422;2;0.0
Meta_140;219366;981190.6892000006;0.5;219366;981172.5407999998;0.3347607063533211;1;0.0
Meta_137;219366;981190.6892000006;0.3333333333333333;220305;970618.8724999997;0.25734088873569005;12;0.0
Meta_142;219366;1308254.2522666676;0.05555555555555555;219503;1221203.3318999999;0.055457417468725526;9;0.0
Meta_143;219366;1308254.2522666676;0.1111111111111111;220719;1270201.5608;0.11109809226167519;12;0.0
Meta_144;219366;1308254.2522666676;0.16666666666666666;219366;1210635.4608999998;0.12747513770290664;7;0.0
Meta_145;219366;1308254.2522666676;0.2222222222222222;219407;926348.1535999996;0.22188708782243477;4;0.0
Meta_146;219366;1308254.2522666676;0.2777777777777778;219599;1126642.8952;0.27731131570672957;5;0.0
Meta_147;219366;1308254.2522666676;0.3333333333333333;219739;1308234.9010000003;0.33333084470201424;10;0.0
Meta_148;219366;1308254.2522666676;0.38888888888888884;219366;1296702.5147000002;0.32201086585776617;1;0.0
Meta_149;219366;1308254.2522666676;0.4444444444444444;219366;1291257.6779000002;0.3441162504859658;2;0.0
Meta_150;219366;1308254.2522666676;0.5;220511;1299971.2104000002;0.3220409097757225;1;0.0
Meta_151;219366;1635317.8153333345;0.0;229303;1337865.7422000002;6.0623029142483435E-15;38;0.0
Meta_152;219366;1635317.8153333345;0.05555555555555555;219366;1418714.3091000004;0.047855657660753774;21;0.0
Meta_153;219366;1635317.8153333345;0.1111111111111111;219366;1565077.4596000006;0.01233984041490747;6;0.0
Meta_154;219366;1635317.8153333345;0.16666666666666666;219366;1506912.577;0.16483971785257154;5;0.0
Meta_155;219366;1635317.8153333345;0.2222222222222222;219510;1376522.5731999995;0.22091256612944868;6;0.0
Meta_156;219366;1635317.8153333345;0.2777777777777778;219366;1635309.2694;0.25273174914440794;2;0.0
Meta_157;219366;1635317.8153333345;0.3333333333333333;220860;1550007.4810999997;0.3101821964618896;4;0.0
Meta_158;219366;1635317.8153333345;0.38888888888888884;219366;1561958.0685;0.2835480554756715;1;0.0
Meta_159;219366;1635317.8153333345;0.4444444444444444;219366;1590522.5358000002;0.29720765008479383;2;0.0
Meta_160;219366;1635317.8153333345;0.5;220078;1603350.594;0.2973676644726097;1;0.0
Meta_161;219366;1962381.3784000012;0.0;229303;1628053.4518000004;1.2862926346611741E-14;16;0.0
Meta_162;219366;1962381.3784000012;0.05555555555555555;219562;1715936.6976000005;0.0555393451895865;6;0.0
Meta_163;219366;1962381.3784000012;0.1111111111111111;223766;1626058.296100001;0.10167902269506228;3;0.0
Meta_164;219366;1962381.3784000012;0.16666666666666666;224460;1627816.7255000004;0.15637289558468095;7;0.0
Meta_165;219366;1962381.3784000012;0.2222222222222222;220046;1472173.419;0.22220764733826723;6;0.0
Meta_166;219366;1962381.3784000012;0.2777777777777778;219366;1511383.8340000005;0.26428626259355315;1;0.0
Meta_167;219366;1962381.3784000012;0.3333333333333333;219366;1590029.5193;0.3259367598743379;1;0.0
Meta_168;219366;1962381.3784000012;0.38888888888888884;219366;1962368.6888;0.309998309963205;2;0.0
Meta_169;219366;1962381.3784000012;0.4444444444444444;219366;1579794.0429000005;0.28584212414404425;1;0.0
Meta_170;219366;1962381.3784000012;0.5;219366;1455605.3783000002;0.27426920777867414;1;0.0
Meta_171;219366;2289444.941466668;0.0;229303;2160936.7181000006;1.0742125640731483E-14;33;0.0
Meta_172;219366;2289444.941466668;0.05555555555555555;221453;1967511.7790000006;0.043257580782200294;4;0.0
Meta_173;219366;2289444.941466668;0.1111111111111111;222050;1667286.2224000006;0.10882603906935896;4;0.0
Meta_174;219366;2289444.941466668;0.16666666666666666;219654;1472598.8853;0.16447930275562855;2;0.0
Meta_175;219366;2289444.941466668;0.2222222222222222;219375;1561145.3946;0.21884926588855455;5;0.0
Meta_176;219366;2289444.941466668;0.2777777777777778;219366;1493937.2638;0.2527789900978077;2;0.0
Meta_177;219366;2289444.941466668;0.3333333333333333;219366;1607825.1214;0.298698035101558;1;0.0
Meta_178;219366;2289444.941466668;0.38888888888888884;219366;1559471.6923999998;0.298059299127451;1;0.0
Meta_179;219366;2289444.941466668;0.4444444444444444;219366;1473296.8631000007;0.3287061032400886;1;0.0
Meta_180;219366;2289444.941466668;0.5;220603;1569900.0996000005;0.2688492000157274;1;0.0
Meta_141;219366;1308254.2522666676;0.0;229303;1308254.1482000002;0.0;325;0.0
Meta_182;219366;2616508.504533335;0.05555555555555555;219669;1708882.6376000005;0.05555307339473042;5;0.0
Meta_183;219366;2616508.504533335;0.1111111111111111;219366;1572979.0436;0.05668802425219795;4;0.0
Meta_184;219366;2616508.504533335;0.16666666666666666;219366;1754309.5644000005;0.16400678413922964;3;0.0
Meta_185;219366;2616508.504533335;0.2222222222222222;220909;1310269.9885999998;0.21588107249121238;2;0.0
Meta_186;219366;2616508.504533335;0.2777777777777778;222989;1672701.9215999998;0.23995898393075057;4;0.0
Meta_187;219366;2616508.504533335;0.3333333333333333;219366;1659313.9972;0.3100360191727379;1;0.0
Meta_188;219366;2616508.504533335;0.38888888888888884;219366;1453116.9966999998;0.28699580745880726;1;0.0
Meta_189;219366;2616508.504533335;0.4444444444444444;219366;1721565.3264999997;0.23276257981698728;1;0.0
Meta_190;219366;2616508.504533335;0.5;219366;1480338.6259000003;0.28367626523323275;2;0.0
Meta_191;219366;2943572.067600002;0.0;229303;1946743.9335999999;1.4330379622259574E-14;5;0.0
Meta_192;219366;2943572.067600002;0.05555555555555555;219366;1858265.9530999996;0.012394605118498828;6;0.0
Meta_193;219366;2943572.067600002;0.1111111111111111;219366;1947251.1889000013;0.012394605118497713;7;0.0
Meta_194;219366;2943572.067600002;0.16666666666666666;219366;1685245.4643000006;0.0990171187531684;4;0.0
Meta_195;219366;2943572.067600002;0.2222222222222222;219367;1354673.8942999989;0.2184357729960729;1;0.0
Meta_196;219366;2943572.067600002;0.2777777777777778;219913;1612083.2763000003;0.2688492000157274;1;0.0
Meta_197;219366;2943572.067600002;0.3333333333333333;219366;1549809.5291000002;0.3141878590306394;1;0.0
Meta_198;219366;2943572.067600002;0.38888888888888884;220686;1535656.9523;0.3101821964618896;1;0.0
Meta_199;219366;2943572.067600002;0.4444444444444444;219366;1594703.6264000002;0.32203776388810806;1;0.0
Meta_200;219366;2943572.067600002;0.5;219925;1554333.2843000002;0.2836367870880281;2;0.0
Meta_181;219366;2616508.504533335;0.0;229303;1813432.1338000002;1.37260990874914E-15;98;0.0
Meta_113;219366;327063.5630666669;0.1111111111111111;219603;680445.4918999997;0.1111128022896277;3600;0.11424048039377907
Meta_114;219366;327063.5630666669;0.16666666666666666;219366;638156.8594000001;0.16667272769329042;3600;0.0377098361558585
Meta_115;219366;327063.5630666669;0.2222222222222222;219366;619255.0748999999;0.22222344226493254;3600;0.0038315536988559116
Meta_121;219366;654127.1261333338;0.0;225123;848219.3514;0.04731673884690288;3600;0.8363468131551289
Meta_122;219366;654127.1261333338;0.05555555555555555;222825;778726.8988000002;0.06245977905596352;3600;0.9136022830283329
Meta_123;219366;654127.1261333338;0.1111111111111111;220873;711535.1667000002;0.11111072890066488;3600;1.0
Meta_131;219366;981190.6892000006;0.0;221004;993190.1984;0.0610997544151976;3600;1.0
Meta_209;209430;0.0;0.4444444444444444;209430;383678.6282999999;0.4367215152456468;1;0.0
Meta_210;209430;0.0;0.5;209430;383678.6282999999;0.43672151524564623;1;0.0
Meta_132;219366;981190.6892000006;0.05555555555555555;225666;973307.9221999996;0.05555810148936669;3541;0.0
Meta_201;209430;0.0;0.0;226435;847152.7917999997;0.03457714263342881;3600;0.4211137565631641
Meta_202;209430;0.0;0.05555555555555555;224987;809610.9666;0.055558131726824264;3600;0.4057957759729861
Meta_203;209430;0.0;0.1111111111111111;219605;687626.7942;0.11110701865233111;3600;0.3431271623908212
Meta_204;209430;0.0;0.16666666666666666;211248;560161.6191;0.1763923181986367;3600;0.33956051755666156
Meta_205;209430;0.0;0.2222222222222222;209515;465613.6117;0.22222005266697134;3600;0.12366495285912821
Meta_206;209430;0.0;0.2777777777777778;209430;423329.3878;0.2777742833845931;3600;0.07018054017001993
Meta_207;209430;0.0;0.3333333333333333;209430;400478.85619999975;0.3333348132441751;3600;0.01886627366406957
Meta_208;209430;0.0;0.38888888888888884;209430;387830.9638;0.3888901415144853;3600;0.0010974755281404204
Meta_220;209430;327063.5630666669;0.5;209430;383678.6282999999;0.43672151524564623;1;0.0
Meta_219;209430;327063.5630666669;0.4444444444444444;209430;383678.6282999999;0.4367215152456468;1;1.377841785744452E-13
Meta_211;209430;327063.5630666669;0.0;225938;840527.7117999999;0.03539001182350182;3600;0.6571131802248522
Meta_212;209430;327063.5630666669;0.05555555555555555;225340;813250.5594;0.05556354420094008;3600;0.6807098591639115
Meta_214;209430;327063.5630666669;0.16666666666666666;214150;595630.4491999999;0.16665816926241744;3600;0.6272552643127605
Meta_213;209430;327063.5630666669;0.1111111111111111;209430;716284.1013999999;0.1111131184943966;3600;0.6848192096553847
Meta_226;209430;654127.1261333338;0.2777777777777778;209757;609186.1392999998;0.2753004733192035;15;0.0
Meta_227;209430;654127.1261333338;0.3333333333333333;209431;643637.8606;0.3329800378096722;15;0.0
Meta_228;209430;654127.1261333338;0.38888888888888884;212832;653738.0373;0.30671518111176943;5;0.0
Meta_229;209430;654127.1261333338;0.4444444444444444;209430;654123.0914;0.4418214396430682;2;0.0
Meta_230;209430;654127.1261333338;0.5;209430;583032.3836000001;0.44096280448378816;2;0.0
Meta_225;209430;654127.1261333338;0.2222222222222222;209475;636955.9687999998;0.22220097974344483;355;0.0
Meta_224;209430;654127.1261333338;0.16666666666666666;209434;653773.0249000001;0.1660703629235148;2229;0.0
Meta_233;209430;981190.6892000006;0.1111111111111111;209544;963306.7634999998;0.11096092011955187;248;0.0
Meta_234;209430;981190.6892000006;0.16666666666666666;213296;912103.6727999996;0.14626127531922323;40;0.0
Meta_235;209430;981190.6892000006;0.2222222222222222;211177;850697.6853999998;0.22216723374475614;13;0.0
Meta_236;209430;981190.6892000006;0.2777777777777778;210594;981179.7134;0.2754509798626886;16;0.0
Meta_237;209430;981190.6892000006;0.3333333333333333;210297;877419.7364000002;0.33282126149657537;54;0.0
Meta_238;209430;981190.6892000006;0.38888888888888884;211054;691043.4018;0.38888384176916213;21;0.0
Meta_239;209430;981190.6892000006;0.4444444444444444;209430;823645.0409999999;0.4297480262355564;1;0.0
Meta_240;209430;981190.6892000006;0.5;209430;979978.2355999997;0.4383288211067499;1;0.0
Meta_241;209430;1308254.2522666676;0.0;229303;1281024.4988000002;1.9398417853373435E-14;73;0.0
Meta_242;209430;1308254.2522666676;0.05555555555555555;209430;1252272.2721999995;0.043930457387614474;3;0.0
Meta_243;209430;1308254.2522666676;0.1111111111111111;209430;1269947.8458999998;0.10319437366478951;4;0.0
Meta_244;209430;1308254.2522666676;0.16666666666666666;214304;1148078.2817999998;0.16457299466342737;5;0.0
Meta_245;209430;1308254.2522666676;0.2222222222222222;209430;1196831.2476;0.20913018964031188;13;0.0
Meta_246;209430;1308254.2522666676;0.2777777777777778;209432;1300824.3336000005;0.2760260070631436;8;0.0
Meta_247;209430;1308254.2522666676;0.3333333333333333;209927;1013654.3472000001;0.3333245187133476;9;0.0
Meta_248;209430;1308254.2522666676;0.38888888888888884;209682;1156569.6975;0.3858800842259784;9;0.0
Meta_249;209430;1308254.2522666676;0.4444444444444444;209430;1297821.5431999997;0.4236364321874817;5;0.0
Meta_250;209430;1308254.2522666676;0.5;209430;1302595.9545;0.43458090810628436;3;0.0
Meta_251;209430;1635317.8153333345;0.0;229303;1635311.3802000007;0.0;163;0.0
Meta_252;209430;1635317.8153333345;0.05555555555555555;209430;1586531.3602000002;0.0506596143966563;4;0.0
Meta_253;209430;1635317.8153333345;0.1111111111111111;209912;1530688.4678000002;0.1008630123063032;5;0.0
Meta_254;209430;1635317.8153333345;0.16666666666666666;209430;1206579.4954;0.14261362647517206;4;0.0
Meta_255;209430;1635317.8153333345;0.2222222222222222;210032;1229938.3539000005;0.2198048138514809;6;0.0
Meta_256;209430;1635317.8153333345;0.2777777777777778;209436;1252683.1673000003;0.27705128494260767;4;0.0
Meta_257;209430;1635317.8153333345;0.3333333333333333;212604;1288243.9250999996;0.3327206986183886;8;0.0
Meta_258;209430;1635317.8153333345;0.38888888888888884;209457;1188900.9875999999;0.38836531047900297;8;0.0
Meta_259;209430;1635317.8153333345;0.4444444444444444;209430;1464077.0179;0.43458090810628436;2;0.0
Meta_260;209430;1635317.8153333345;0.5;209430;1419272.0233999998;0.4345809081062843;2;0.0
Meta_261;209430;1962381.3784000012;0.0;229303;1962378.7095000008;1.355289076283736E-16;7;0.0
Meta_262;209430;1962381.3784000012;0.05555555555555555;210846;1446235.0954000002;0.03240335231044358;4;0.0
Meta_263;209430;1962381.3784000012;0.1111111111111111;209430;1541972.1225;0.0841329711310762;3;0.0
Meta_264;209430;1962381.3784000012;0.16666666666666666;214900;1366609.8840000003;0.16044935312777903;5;0.0
Meta_265;209430;1962381.3784000012;0.2222222222222222;212280;1591254.6165000007;0.2221172110494892;4;0.0
Meta_266;209430;1962381.3784000012;0.2777777777777778;209508;1210444.3801000002;0.2777781621735437;5;0.0
Meta_267;209430;1962381.3784000012;0.3333333333333333;211138;1556668.1409000002;0.3321474905876855;13;0.0
Meta_268;209430;1962381.3784000012;0.38888888888888884;209430;1274981.9142999996;0.3723768092339338;28;0.0
Meta_269;209430;1962381.3784000012;0.4444444444444444;209430;762079.4479999999;0.43407756211175885;1;0.0
Meta_270;209430;1962381.3784000012;0.5;209430;1464077.0179;0.43458090810628436;2;0.0
Meta_215;209430;327063.5630666669;0.2222222222222222;209738;471009.3564000001;0.2222212110033553;3600;0.4441578243356244
Meta_271;209430;2289444.941466668;0.0;229260;1711499.9575000003;5.757042393668398E-4;85;0.0
Meta_272;209430;2289444.941466668;0.05555555555555555;209430;1456608.6064;0.050104388022534446;4;0.0
Meta_216;209430;327063.5630666669;0.2777777777777778;209430;477973.5097;0.27777318201434337;3600;0.5003353680632086
Meta_273;209430;2289444.941466668;0.1111111111111111;210324;1298512.4351000006;0.10879081649035661;3;0.0
Meta_275;209430;2289444.941466668;0.2222222222222222;216097;1370496.9288;0.2222223021632149;3;0.0
Meta_274;209430;2289444.941466668;0.16666666666666666;212439;1243156.0226000003;0.16594251472740038;5;0.0
Meta_276;209430;2289444.941466668;0.2777777777777778;210045;1258020.2858000004;0.27749610767587723;6;0.0
Meta_279;209430;2289444.941466668;0.4444444444444444;209430;1388255.0219;0.4345809081062859;3;0.0
Meta_278;209430;2289444.941466668;0.38888888888888884;209582;1446513.7252;0.38842150876694975;9;0.0
Meta_280;209430;2289444.941466668;0.5;209430;1302312.0344999998;0.43458090810628436;2;0.0
Meta_277;209430;2289444.941466668;0.3333333333333333;209434;882096.0101999999;0.327877322105739;15;0.0
Meta_282;209430;2616508.504533335;0.05555555555555555;210246;1607222.4345000007;0.05554901722935171;4;0.0
Meta_284;209430;2616508.504533335;0.16666666666666666;209430;1251352.4099000003;0.1404242981843714;2;0.0
Meta_283;209430;2616508.504533335;0.1111111111111111;209430;1901811.8776000007;0.024787962918376337;5;0.0
Meta_217;209430;327063.5630666669;0.3333333333333333;209430;401286.50759999995;0.3333254357288708;3600;0.1677909212186272
Meta_285;209430;2616508.504533335;0.2222222222222222;210354;1395585.9947000004;0.22053787449924178;6;0.0
Meta_286;209430;2616508.504533335;0.2777777777777778;210497;1359867.7669000002;0.27776629902000205;7;0.0
Meta_289;209430;2616508.504533335;0.4444444444444444;209430;1464077.0179;0.43458090810628436;3;0.0
Meta_290;209430;2616508.504533335;0.5;209430;1066816.6593;0.4226577777615117;2;0.0
Meta_288;209430;2616508.504533335;0.38888888888888884;209435;1332706.2936000004;0.388798364462364;11;0.0
Meta_287;209430;2616508.504533335;0.3333333333333333;214114;1157627.6670999997;0.3278191986429314;19;0.0
Meta_292;209430;2943572.067600002;0.05555555555555555;209430;1516893.9498000003;0.02441157319174018;4;0.0
Meta_293;209430;2943572.067600002;0.1111111111111111;209640;1519788.6172000007;0.1080735072396825;3;0.0
Meta_294;209430;2943572.067600002;0.16666666666666666;209761;1139317.6248000003;0.13990178859438396;5;0.0
Meta_296;209430;2943572.067600002;0.2777777777777778;209430;1343189.1739999996;0.2771436882776489;6;0.0
Meta_295;209430;2943572.067600002;0.2222222222222222;213246;1387660.6236;0.21277315265732127;9;0.0
Meta_291;209430;2943572.067600002;0.0;229303;1749622.3361000004;1.0852723053514989E-14;25;0.0
Meta_299;209430;2943572.067600002;0.4444444444444444;209430;1464077.0179;0.43458090810628436;3;0.0
Meta_298;209430;2943572.067600002;0.38888888888888884;209607;1188099.7482;0.38885601326758007;10;0.0
Meta_297;209430;2943572.067600002;0.3333333333333333;209585;1212249.6992999997;0.33333224388923827;11;0.0
Meta_300;209430;2943572.067600002;0.5;209430;1464077.0179;0.43458090810628436;2;0.0
Meta_281;209430;2616508.504533335;0.0;229303;1825975.7569000006;1.9417028934792025E-14;98;0.0
Meta_218;209430;327063.5630666669;0.38888888888888884;209430;387819.96609999996;0.38888892292517657;3600;0.009050508636070613
Meta_221;209430;654127.1261333338;0.0;214191;662182.9821;0.14349565583379062;3600;1.0
Meta_222;209430;654127.1261333338;0.05555555555555555;216609;774985.2558999998;0.08578849488561509;3600;1.0
Meta_223;209430;654127.1261333338;0.1111111111111111;209711;648175.5362000002;0.14787868832006826;3600;1.0
Meta_232;209430;981190.6892000006;0.05555555555555555;209654;931398.8324999999;0.055540157646434565;2786;0.0
Meta_231;209430;981190.6892000006;0.0;221010;978879.5781999998;0.07717131979166965;3600;1.0
Meta_310;199493;0.0;0.5;199493;198694.71419999996;0.48936719566022835;1;0.0
Meta_303;199493;0.0;0.1111111111111111;207585;788920.7159999999;0.11111183905987536;3600;0.49798425333630797
Meta_302;199493;0.0;0.05555555555555555;225753;840016.8976;0.05899429097205214;3615;0.4377682932196982
Meta_301;199493;0.0;0.0;205311;685830.2444000001;0.09273563374603187;3629;0.396578657049872
Meta_304;199493;0.0;0.16666666666666666;208830;548798.909;0.16666613416053272;3600;0.408658283437114
Meta_305;199493;0.0;0.2222222222222222;206993;440329.7712000001;0.22222217934572014;3600;0.34521023864861916
Meta_306;199493;0.0;0.2777777777777778;203469;357982.41259999987;0.2777772725642366;3600;0.27752316754203393
Meta_307;199493;0.0;0.3333333333333333;200316;281318.87059999997;0.3333336534493164;3600;0.16826404995544328
Meta_318;199493;327063.5630666669;0.38888888888888884;199687;317807.53620000003;0.3888161112778539;48;0.0
Meta_319;199493;327063.5630666669;0.4444444444444444;199597;310652.1094000001;0.4418112903879499;8;0.0
Meta_320;199493;327063.5630666669;0.5;199836;327062.0559;0.48306961762722245;1;0.0
Meta_308;199493;0.0;0.38888888888888884;199493;221822.30359999993;0.38888930574405756;3600;0.03419712075200291
Meta_309;199493;0.0;0.4444444444444444;199493;203380.7913999999;0.4444439987805585;3600;0.0034594652800058845
Meta_311;199493;327063.5630666669;0.0;210306;784262.3060999999;0.07484386939160352;3628;0.702717251584379
Meta_317;199493;327063.5630666669;0.3333333333333333;199498;327063.2602000001;0.3317379417105208;3046;0.0
Meta_325;199493;654127.1261333338;0.2222222222222222;209882;631697.3549999999;0.22221792195177092;316;0.0
Meta_326;199493;654127.1261333338;0.2777777777777778;204646;585557.5406999999;0.2760819650774489;60;0.0
Meta_327;199493;654127.1261333338;0.3333333333333333;200520;580228.5537;0.33328152906154107;8;0.0
Meta_328;199493;654127.1261333338;0.38888888888888884;199535;559896.0085000002;0.38844677959317553;13;0.0
Meta_312;199493;327063.5630666669;0.05555555555555555;213943;679029.6808999998;0.11869545288347377;3600;0.8248075607432688
Meta_330;199493;654127.1261333338;0.5;199493;524706.8451999999;0.4728669860184857;1;0.0
Meta_329;199493;654127.1261333338;0.4444444444444444;199566;567412.1841999999;0.4442528537697161;7;0.0
Meta_313;199493;327063.5630666669;0.1111111111111111;201294;644613.5141000001;0.11198002958499087;3600;0.9274655193853292
Meta_314;199493;327063.5630666669;0.16666666666666666;201766;481914.38460000016;0.19435830527694914;3600;1.0
Meta_334;199493;981190.6892000006;0.16666666666666666;216917;948820.9896999999;0.16666777539872077;18;0.0
Meta_315;199493;327063.5630666669;0.2222222222222222;206146;593847.6415;0.22221521926894472;3612;1.0
Meta_335;199493;981190.6892000006;0.2222222222222222;207481;965926.9808999997;0.22222101399652633;7;0.0
Meta_336;199493;981190.6892000006;0.2777777777777778;199495;753125.4416;0.27704281934576497;15;0.0
Meta_337;199493;981190.6892000006;0.3333333333333333;201638;917233.4058999999;0.3316554318341416;15;0.0
Meta_339;199493;981190.6892000006;0.4444444444444444;199656;904220.1794;0.44407505813513687;5;0.0
Meta_338;199493;981190.6892000006;0.38888888888888884;199717;725516.3197999999;0.38852127330948977;14;0.0
Meta_340;199493;981190.6892000006;0.5;199493;937158.3401;0.47758533750797144;1;0.0
Meta_342;199493;1308254.2522666676;0.05555555555555555;199493;1261859.7348000002;0.03706350347985752;5;0.0
Meta_316;199493;327063.5630666669;0.2777777777777778;200546;406687.23509999993;0.27777700284971624;3600;1.0
Meta_344;199493;1308254.2522666676;0.16666666666666666;201286;989834.0573;0.16374499338965193;10;0.0
Meta_345;199493;1308254.2522666676;0.2222222222222222;204834;1256142.2603000004;0.22221632474590639;6;0.0
Meta_333;199493;981190.6892000006;0.1111111111111111;204423;978938.3003000001;0.11103565247153668;155;0.0
Meta_346;199493;1308254.2522666676;0.2777777777777778;203685;1091645.0431;0.27733385773410607;9;0.0
Meta_347;199493;1308254.2522666676;0.3333333333333333;199527;1308252.3557000002;0.3326720181796714;8;0.0
Meta_349;199493;1308254.2522666676;0.4444444444444444;202390;887445.9178;0.4032022524842082;3;0.0
Meta_348;199493;1308254.2522666676;0.38888888888888884;201801;1066189.7607999998;0.3888856978430891;7;0.0
Meta_350;199493;1308254.2522666676;0.5;199493;735990.8551;0.47648708001216317;1;0.0
Meta_352;199493;1635317.8153333345;0.05555555555555555;199493;1510150.4237000009;0.05124972700666232;3;0.0
Meta_353;199493;1635317.8153333345;0.1111111111111111;199493;1600117.5945000006;0.037182568036874135;4;0.0
Meta_354;199493;1635317.8153333345;0.16666666666666666;208371;1317379.8624;0.16573564518091954;6;0.0
Meta_321;199493;654127.1261333338;0.0;213271;709944.8997;0.12687832214505623;3600;1.0
Meta_355;199493;1635317.8153333345;0.2222222222222222;206873;1292706.2804999996;0.22090504301260133;8;0.0
Meta_356;199493;1635317.8153333345;0.2777777777777778;204990;1323452.0807000003;0.27712854155692873;8;0.0
Meta_357;199493;1635317.8153333345;0.3333333333333333;203862;919855.9503999999;0.33311804944633866;11;0.0
Meta_358;199493;1635317.8153333345;0.38888888888888884;201728;1006474.4664000003;0.3888728571238799;8;0.0
Meta_360;199493;1635317.8153333345;0.5;199493;735990.8551;0.47648708001216317;1;0.0
Meta_359;199493;1635317.8153333345;0.4444444444444444;199861;1222004.2486;0.44444367738997387;6;0.0
Meta_351;199493;1635317.8153333345;0.0;229303;1453029.7652000003;9.212353747716395E-14;78;0.0
Meta_362;199493;1962381.3784000012;0.05555555555555555;224329;1466173.7066000002;0.0523753534921821;31;0.0
Meta_363;199493;1962381.3784000012;0.1111111111111111;199493;1482693.6831000005;0.10651807323509695;4;0.0
Meta_364;199493;1962381.3784000012;0.16666666666666666;202727;1359498.1087999998;0.16523280747191588;5;0.0
Meta_365;199493;1962381.3784000012;0.2222222222222222;204900;1185765.8756000001;0.22220010455011668;7;0.0
Meta_366;199493;1962381.3784000012;0.2777777777777778;199493;897061.7744999998;0.2777579400112026;3;0.0
Meta_367;199493;1962381.3784000012;0.3333333333333333;199536;1227027.9913999997;0.3332508931013324;7;0.0
Meta_368;199493;1962381.3784000012;0.38888888888888884;200038;1437374.0352999999;0.38814117833055983;7;0.0
Meta_370;199493;1962381.3784000012;0.5;199493;735990.8551;0.47648708001216317;1;0.0
Meta_369;199493;1962381.3784000012;0.4444444444444444;199493;1116011.5468;0.4430028071583075;3;0.0
Meta_322;199493;654127.1261333338;0.05555555555555555;214361;752714.5729999999;0.10299555087467047;3620;1.0
Meta_372;199493;2289444.941466668;0.05555555555555555;204219;1443863.7851;0.031110968625127487;6;0.0
Meta_373;199493;2289444.941466668;0.1111111111111111;199493;1592111.9010000005;0.10458333088156682;5;0.0
Meta_375;199493;2289444.941466668;0.2222222222222222;204637;1240085.946;0.22212624933010508;5;0.0
Meta_376;199493;2289444.941466668;0.2777777777777778;209938;1067161.0092000002;0.2777783559279656;8;0.0
Meta_374;199493;2289444.941466668;0.16666666666666666;216964;1617023.7916000003;0.12417195191802888;19;0.0
Meta_377;199493;2289444.941466668;0.3333333333333333;229303;1838489.6509000005;1.0992845999887305E-17;7;0.0
Meta_378;199493;2289444.941466668;0.38888888888888884;202050;929829.8206999999;0.3887687953303677;8;0.0
Meta_380;199493;2289444.941466668;0.5;199493;735990.8551;0.47648708001216317;1;0.0
Meta_379;199493;2289444.941466668;0.4444444444444444;199493;948506.906;0.44341719832238985;4;0.0
Meta_382;199493;2616508.504533335;0.05555555555555555;204149;1394166.3954;0.038239593507046116;3;0.0
Meta_383;199493;2616508.504533335;0.1111111111111111;222986;1665302.2621000006;0.09978402735729812;4;0.0
Meta_361;199493;1962381.3784000012;0.0;229303;1868441.1579000007;8.226087027541375E-15;115;0.0
Meta_385;199493;2616508.504533335;0.2222222222222222;203443;1332533.5048000007;0.22188923165265367;7;0.0
Meta_384;199493;2616508.504533335;0.16666666666666666;211412;1841424.0075000005;0.16661746208284614;12;0.0
Meta_386;199493;2616508.504533335;0.2777777777777778;202300;970962.9599999996;0.27777909197084005;7;0.0
Meta_387;199493;2616508.504533335;0.3333333333333333;199666;1094496.1394999998;0.33331246824008304;9;0.0
Meta_381;199493;2616508.504533335;0.0;229303;1827415.276800001;1.211874896048196E-14;36;0.0
Meta_390;199493;2616508.504533335;0.5;201263;1031560.1660000001;0.47475686324718686;1;0.0
Meta_388;199493;2616508.504533335;0.38888888888888884;204215;1733697.3656;0.3878904867611454;8;0.0
Meta_389;199493;2616508.504533335;0.4444444444444444;199495;618213.4569;0.4439173917751884;6;0.0
Meta_392;199493;2943572.067600002;0.05555555555555555;199493;1517516.7530000005;0.03707062325153539;4;0.0
Meta_393;199493;2943572.067600002;0.1111111111111111;212861;1547804.7709000004;0.09030710268918221;4;0.0
Meta_394;199493;2943572.067600002;0.16666666666666666;199493;1314942.7047;0.14164707895311524;6;0.0
Meta_395;199493;2943572.067600002;0.2222222222222222;206071;1389223.0452000005;0.22017110131019219;5;0.0
Meta_396;199493;2943572.067600002;0.2777777777777778;208205;1057378.9682;0.2771168928287861;4;0.0
Meta_397;199493;2943572.067600002;0.3333333333333333;199775;1105231.2192000004;0.33321846711260744;8;0.0
Meta_399;199493;2943572.067600002;0.4444444444444444;199512;888553.8899;0.44440195813282124;5;0.0
Meta_400;199493;2943572.067600002;0.5;199840;1013699.6498999998;0.4747568632471868;1;0.0
Meta_371;199493;2289444.941466668;0.0;229263;1563687.9659000002;5.309146012027258E-4;123;0.0
Meta_398;199493;2943572.067600002;0.38888888888888884;199547;973548.0388999999;0.3877126688175511;22;0.0
Meta_343;199493;1308254.2522666676;0.1111111111111111;204520;1301925.0364000003;0.11095082162538483;337;0.0
Meta_391;199493;2943572.067600002;0.0;229303;1573708.8163;1.684609085724781E-14;65;0.0
Meta_323;199493;654127.1261333338;0.1111111111111111;208176;676371.0538;0.16635409844399895;3600;1.0
Meta_324;199493;654127.1261333338;0.16666666666666666;204747;824949.6279000001;0.167367926984041;3600;1.0
Meta_341;199493;1308254.2522666676;0.0;229303;1195913.2319;0.0;1399;0.0
Meta_331;199493;981190.6892000006;0.0;219499;968943.5341999998;0.08917867111324364;3600;1.0
Meta_332;199493;981190.6892000006;0.05555555555555555;203241;982097.5975;0.07263642817434361;3600;1.0
Meta_410;189557;0.0;0.5;189557;54914.5657;0.49729572092590857;1;0.0
Meta_401;189557;0.0;0.0;210746;778687.4485;0.04720997058144835;3600;0.41795384470247243
Meta_402;189557;0.0;0.05555555555555555;221412;794501.1913999997;0.05556103970465244;3600;0.443236723083322
Meta_403;189557;0.0;0.1111111111111111;190565;512990.4103;0.1834093594232425;3600;0.7577972198312763
Meta_404;189557;0.0;0.16666666666666666;205966;532059.8518000002;0.20287790793148774;3600;0.7532385238920267
Meta_405;189557;0.0;0.2222222222222222;198166;537496.3844999998;0.22222433437871522;3620;0.6411701586686896
Meta_406;189557;0.0;0.2777777777777778;201845;351035.9633999999;0.27777769735808727;3603;0.5558424370600575
Meta_417;189557;327063.5630666669;0.3333333333333333;189557;327061.3105;0.3318805343304349;131;0.0
Meta_418;189557;327063.5630666669;0.38888888888888884;189557;322180.85269999993;0.3888762101851522;106;0.0
Meta_419;189557;327063.5630666669;0.4444444444444444;194701;324066.77880000003;0.4441403776451843;8;0.0
Meta_420;189557;327063.5630666669;0.5;190054;315152.12820000004;0.496343559800959;1;0.0
Meta_407;189557;0.0;0.3333333333333333;195706;241674.2134;0.33333262885253895;3600;0.5027982594807268
Meta_408;189557;0.0;0.38888888888888884;190480;158540.0134;0.3888894972714557;3600;0.4535313440465629
Meta_409;189557;0.0;0.4444444444444444;189557;67994.61580000001;0.44444528093011426;3600;0.04148912903893708
Meta_411;189557;327063.5630666669;0.0;210691;804122.2764999999;0.04669982474707353;3600;0.6289122212511893
Meta_425;189557;654127.1261333338;0.2222222222222222;189563;650993.9278999999;0.22219866240987696;17;0.0
Meta_426;189557;654127.1261333338;0.2777777777777778;192948;565899.0901999999;0.275622473460995;345;0.0
Meta_427;189557;654127.1261333338;0.3333333333333333;189891;516445.0176999999;0.33333275081132496;20;0.0
Meta_428;189557;654127.1261333338;0.38888888888888884;197065;434197.68279999983;0.388752376433287;10;0.0
Meta_412;189557;327063.5630666669;0.05555555555555555;214958;734316.3434999998;0.10581199602275689;3600;0.9370964738144292
Meta_430;189557;654127.1261333338;0.5;189557;370167.4468;0.49509053144717113;1;0.0
Meta_414;189557;327063.5630666669;0.16666666666666666;202967;534258.0311;0.1789892675161413;3600;1.0
Meta_429;189557;654127.1261333338;0.4444444444444444;193432;500041.8628;0.4317734232107333;9;0.0
Meta_415;189557;327063.5630666669;0.2222222222222222;200296;491512.80390000006;0.222221432751676;3600;1.0
Meta_413;189557;327063.5630666669;0.1111111111111111;189557;654192.8391999998;0.11111205411348472;3613;1.0
Meta_434;189557;981190.6892000006;0.16666666666666666;194295;843629.4082;0.16665775947019967;8;0.0
Meta_436;189557;981190.6892000006;0.2777777777777778;189557;876645.3802999997;0.2749720234787515;12;0.0
Meta_433;189557;981190.6892000006;0.1111111111111111;198868;883120.2757999998;0.10582999259611467;32;0.0
Meta_416;189557;327063.5630666669;0.2777777777777778;189936;385238.7025000001;0.27777410827399596;3600;1.0
Meta_437;189557;981190.6892000006;0.3333333333333333;190534;898502.9139999999;0.33279912715633786;9;0.0
Meta_440;189557;981190.6892000006;0.5;189557;370167.4468;0.49509053144717113;1;0.0
Meta_439;189557;981190.6892000006;0.4444444444444444;189557;975701.668;0.43926279576685057;13;0.0
Meta_438;189557;981190.6892000006;0.38888888888888884;191252;870785.4774999999;0.23762638430776284;23;0.0
Meta_442;189557;1308254.2522666676;0.05555555555555555;189559;1284191.8004;0.04846028361301094;8;0.0
Meta_444;189557;1308254.2522666676;0.16666666666666666;190156;1306226.7855000002;0.15528367035820062;13;0.0
Meta_443;189557;1308254.2522666676;0.1111111111111111;192194;1304565.0214999996;0.11050418762851641;31;0.0
Meta_446;189557;1308254.2522666676;0.2777777777777778;189557;1187038.9150999996;0.2604011219866423;5;0.0
Meta_447;189557;1308254.2522666676;0.3333333333333333;194714;971150.1799;0.33283985147914047;16;0.0
Meta_445;189557;1308254.2522666676;0.2222222222222222;203151;1308251.2610999998;0.18655521881507184;35;0.0
Meta_449;189557;1308254.2522666676;0.4444444444444444;189794;634396.8791000001;0.4441141477093766;6;0.0
Meta_448;189557;1308254.2522666676;0.38888888888888884;205534;954025.7350000001;0.3888874871707056;9;0.0
Meta_450;189557;1308254.2522666676;0.5;189557;370167.4468;0.49509053144717113;1;0.0
Meta_452;189557;1635317.8153333345;0.05555555555555555;190859;1348269.5433000003;0.047951916994618926;6;0.0
Meta_432;189557;981190.6892000006;0.05555555555555555;192815;935018.2793;0.055530802116300536;144;0.0
Meta_453;189557;1635317.8153333345;0.1111111111111111;189610;1177360.2654000001;0.10839660710794838;17;0.0
Meta_454;189557;1635317.8153333345;0.16666666666666666;189580;1051773.9703999995;0.14397619968445002;19;0.0
Meta_455;189557;1635317.8153333345;0.2222222222222222;229303;1327080.4505;1.5350674030661155E-16;15;0.0
Meta_456;189557;1635317.8153333345;0.2777777777777778;197073;1061945.1997;0.277773661895929;11;0.0
Meta_458;189557;1635317.8153333345;0.38888888888888884;202827;782846.7405999999;0.38856686051591033;9;0.0
Meta_457;189557;1635317.8153333345;0.3333333333333333;197190;1289256.9659000004;0.32912799043022223;15;0.0
Meta_460;189557;1635317.8153333345;0.5;189557;370167.4468;0.49509053144717113;0;0.0
Meta_459;189557;1635317.8153333345;0.4444444444444444;193300;735801.1037999999;0.4444432215370323;6;0.0
Meta_462;189557;1962381.3784000012;0.05555555555555555;198624;1674288.2053000003;0.05551145090856916;8;0.0
Meta_463;189557;1962381.3784000012;0.1111111111111111;189821;1957029.9848000007;0.111033299551266;24;0.0
Meta_451;189557;1635317.8153333345;0.0;229303;1561395.8799000003;0.0;107;0.0
Meta_465;189557;1962381.3784000012;0.2222222222222222;191583;1344859.5869999998;0.22222161225877815;5;0.0
Meta_464;189557;1962381.3784000012;0.16666666666666666;189557;1156317.4721999997;0.1436948672802685;8;0.0
Meta_466;189557;1962381.3784000012;0.2777777777777778;190634;1293958.0572;0.27725043031734403;8;0.0
Meta_467;189557;1962381.3784000012;0.3333333333333333;189642;745971.8463999999;0.33311197624833483;15;0.0
Meta_468;189557;1962381.3784000012;0.38888888888888884;207274;992809.0585;0.3887658978958742;9;0.0
Meta_470;189557;1962381.3784000012;0.5;189557;370167.4468;0.49509053144717113;1;0.0
Meta_469;189557;1962381.3784000012;0.4444444444444444;190956;583891.0176999999;0.444441879817776;5;0.0
Meta_472;189557;2289444.941466668;0.05555555555555555;193935;1376741.387;0.04440877365650023;4;0.0
Meta_473;189557;2289444.941466668;0.1111111111111111;202815;1661270.5441000008;0.10936364206323818;15;0.0
Meta_474;189557;2289444.941466668;0.16666666666666666;200562;1247611.5311;0.16665496334725008;7;0.0
Meta_475;189557;2289444.941466668;0.2222222222222222;190181;1258040.9916;0.22096117201695017;18;0.0
Meta_476;189557;2289444.941466668;0.2777777777777778;195770;1240662.4608999996;0.27094454940794443;5;0.0
Meta_477;189557;2289444.941466668;0.3333333333333333;229303;2225762.5794;1.1798760442528636E-15;5;0.0
Meta_478;189557;2289444.941466668;0.38888888888888884;229303;1791356.3412000004;7.723739757745654E-15;6;0.0
Meta_479;189557;2289444.941466668;0.4444444444444444;191563;597629.3626000001;0.4444221392792446;8;0.0
Meta_480;189557;2289444.941466668;0.5;189557;370167.4468;0.49509053144717113;1;0.0
Meta_481;189557;2616508.504533335;0.0;229303;1692357.9408000011;0.0;133;0.0
Meta_482;189557;2616508.504533335;0.05555555555555555;189557;1291288.4812000003;0.048386426801814694;9;0.0
Meta_483;189557;2616508.504533335;0.1111111111111111;196145;1623355.1464000002;0.1098127488318393;8;0.0
Meta_484;189557;2616508.504533335;0.16666666666666666;195052;1258805.2704999999;0.1428337499200396;22;0.0
Meta_485;189557;2616508.504533335;0.2222222222222222;217587;1450386.8610000003;0.20312582976971988;10;0.0
Meta_486;189557;2616508.504533335;0.2777777777777778;201765;1413231.9128;0.2772889002393685;10;0.0
Meta_487;189557;2616508.504533335;0.3333333333333333;191808;1213860.2192000009;0.31698763516760575;30;0.0
Meta_488;189557;2616508.504533335;0.38888888888888884;194575;758813.8488;0.3846847360315068;24;0.0
Meta_489;189557;2616508.504533335;0.4444444444444444;189649;536672.0588;0.4444110013875559;8;0.0
Meta_490;189557;2616508.504533335;0.5;189557;370167.4468;0.49509053144717113;1;0.0
Meta_421;189557;654127.1261333338;0.0;199551;754204.0272000002;0.08170542158447765;3600;1.0
Meta_492;189557;2943572.067600002;0.05555555555555555;228647;1618380.5923000001;0.025045858176284175;24;0.0
Meta_435;189557;981190.6892000006;0.2222222222222222;202897;959836.5160999998;0.22204295328814774;916;0.0
Meta_494;189557;2943572.067600002;0.16666666666666666;196800;1700844.5901000006;0.1666340026728126;15;0.0
Meta_495;189557;2943572.067600002;0.2222222222222222;189629;1444457.9474999995;0.22221160120206937;9;0.0
Meta_496;189557;2943572.067600002;0.2777777777777778;190442;1344996.6400000001;0.2544773234773694;10;0.0
Meta_497;189557;2943572.067600002;0.3333333333333333;195890;1208017.1738;0.3333321005772737;15;0.0
Meta_498;189557;2943572.067600002;0.38888888888888884;204003;812389.5219999999;0.38883149615866536;7;0.0
Meta_499;189557;2943572.067600002;0.4444444444444444;195086;965261.7336000002;0.44352478275917256;10;0.0
Meta_500;189557;2943572.067600002;0.5;189557;370167.4468;0.49509053144717113;1;0.0
Meta_491;189557;2943572.067600002;0.0;229073;1952944.4294000007;9.57208670647435E-4;386;0.0
Meta_422;189557;654127.1261333338;0.05555555555555555;198835;724916.4886999999;0.08633099993707509;3600;1.0
Meta_423;189557;654127.1261333338;0.1111111111111111;205698;663438.1828000001;0.1379103799975794;3600;1.0
Meta_424;189557;654127.1261333338;0.16666666666666666;203859;657079.0443;0.19403333118272081;3600;1.0
Meta_431;189557;981190.6892000006;0.0;209447;981176.7443;0.055942932088557246;3600;1.0
Meta_441;189557;1308254.2522666676;0.0;213733;1268699.2628000001;0.03258382847216789;3600;1.0
Meta_461;189557;1962381.3784000012;0.0;222631;1542032.8210000002;0.09716570858061965;3600;1.0
Meta_471;189557;2289444.941466668;0.0;205582;1477070.1548;0.06759567319106011;3600;1.0
Meta_493;189557;2943572.067600002;0.1111111111111111;201447;2137479.0468;0.12272180242494952;3600;1.0
Meta_510;179620;0.0;0.5;180092;0.0;0.4902941078450978;0;0.0
Meta_501;179620;0.0;0.0;226479;856469.0486999998;0.033963019949839454;3600;0.4513742956753389
Meta_502;179620;0.0;0.05555555555555555;200143;871388.4189999999;0.05657430026945059;3600;0.5218724738116607
Meta_503;179620;0.0;0.1111111111111111;189666;731967.7563;0.13563825740470734;3600;0.6718806663538077
Meta_504;179620;0.0;0.16666666666666666;192011;672702.3085;0.18087246142622873;3600;0.7663136476550041
Meta_505;179620;0.0;0.2222222222222222;182285;567050.8768999998;0.22222202217950385;3600;0.7493622516880498
Meta_506;179620;0.0;0.2777777777777778;185537;512841.7376999998;0.2777767554976632;3600;0.8087797454448105
Meta_507;179620;0.0;0.3333333333333333;184715;280342.54269999993;0.3333333144690237;3600;0.772903161717528
Meta_518;179620;327063.5630666669;0.38888888888888884;192069;283335.6502;0.38874045842740973;15;0.0
Meta_519;179620;327063.5630666669;0.4444444444444444;179937;282455.7235;0.44326339700287054;42;0.0
Meta_520;179620;327063.5630666669;0.5;179620;283034.7783;0.48894868412005305;1;0.0
Meta_517;179620;327063.5630666669;0.3333333333333333;193011;321714.8111;0.3333224215221907;127;0.0
Meta_508;179620;0.0;0.38888888888888884;179700;145837.47699999998;0.38888872692367077;3600;0.7566346074040673
Meta_509;179620;0.0;0.4444444444444444;179933;46726.92420000001;0.4444443085349385;3600;1.0
Meta_524;179620;654127.1261333338;0.16666666666666666;197779;653977.6919000002;0.1666571451376826;498;0.0
Meta_511;179620;327063.5630666669;0.0;191646;743696.4540999999;0.055321331142972045;3600;0.6287289043070737
Meta_526;179620;654127.1261333338;0.2777777777777778;179625;651865.4719999998;0.27775672431216;19;0.0
Meta_525;179620;654127.1261333338;0.2222222222222222;179736;653481.3806999999;0.22152805862969144;42;0.0
Meta_527;179620;654127.1261333338;0.3333333333333333;202780;638849.2257000003;0.32962949284562404;16;0.0
Meta_528;179620;654127.1261333338;0.38888888888888884;198841;468753.2610999999;0.38886817281408786;11;0.0
Meta_530;179620;654127.1261333338;0.5;179620;283034.7783;0.48894868412005305;1;0.0
Meta_529;179620;654127.1261333338;0.4444444444444444;185989;329715.86649999995;0.4444446356692707;10;0.0
Meta_512;179620;327063.5630666669;0.05555555555555555;185184;532829.1805;0.17107086351809783;3600;1.0
Meta_533;179620;981190.6892000006;0.1111111111111111;180698;921274.9231999998;0.10624389332500835;13;0.0
Meta_514;179620;327063.5630666669;0.16666666666666666;188765;545795.2766999999;0.16690643657555942;3600;1.0
Meta_535;179620;981190.6892000006;0.2222222222222222;180811;851095.9799999999;0.22204480574215013;12;0.0
Meta_534;179620;981190.6892000006;0.16666666666666666;179635;951286.6916999999;0.1538913057161745;28;0.0
Meta_515;179620;327063.5630666669;0.2222222222222222;190000;605907.5733000002;0.22440883676899653;3600;1.0
Meta_513;179620;327063.5630666669;0.1111111111111111;189585;744928.8892999998;0.11111084483828365;3649;1.0
Meta_537;179620;981190.6892000006;0.3333333333333333;184303;722648.8753000003;0.33333122946363836;12;0.0
Meta_540;179620;981190.6892000006;0.5;179620;283034.7783;0.48894868412005305;1;0.0
Meta_538;179620;981190.6892000006;0.38888888888888884;190378;694523.0472;0.38888808013561255;13;0.0
Meta_536;179620;981190.6892000006;0.2777777777777778;179874;960364.7779999999;0.26631983677857474;33;0.0
Meta_539;179620;981190.6892000006;0.4444444444444444;186446;565288.4179000003;0.4444356124384031;14;0.0
Meta_543;179620;1308254.2522666676;0.1111111111111111;211402;1168940.4373999997;0.10737366900508932;21;0.0
Meta_545;179620;1308254.2522666676;0.2222222222222222;179634;1274656.3677;0.21461893304375024;5;0.0
Meta_546;179620;1308254.2522666676;0.2777777777777778;195848;792422.2362999996;0.2776934836481733;10;0.0
Meta_547;179620;1308254.2522666676;0.3333333333333333;179965;1291315.9926999998;0.3333339976036038;17;0.0
Meta_548;179620;1308254.2522666676;0.38888888888888884;182720;570512.25;0.38815101534298224;10;0.0
Meta_549;179620;1308254.2522666676;0.4444444444444444;181961;934666.8086999998;0.4432187363903773;11;0.0
Meta_550;179620;1308254.2522666676;0.5;179620;283034.7783;0.48894868412005305;1;0.0
Meta_544;179620;1308254.2522666676;0.16666666666666666;194599;1138170.1909999996;0.16557456227114412;170;0.0
Meta_552;179620;1635317.8153333345;0.05555555555555555;216243;1617108.8704000004;0.04863169622976122;28;0.0
Meta_553;179620;1635317.8153333345;0.1111111111111111;181651;1199475.7861000004;0.10990159045082847;11;0.0
Meta_554;179620;1635317.8153333345;0.16666666666666666;182431;1381443.7582999996;0.15948724024673927;7;0.0
Meta_555;179620;1635317.8153333345;0.2222222222222222;203321;1465427.8536000005;0.21743214308597755;3;0.0
Meta_556;179620;1635317.8153333345;0.2777777777777778;186623;747284.3816999999;0.2737827249128144;9;0.0
Meta_557;179620;1635317.8153333345;0.3333333333333333;193569;611241.0892999999;0.3333026220679405;10;0.0
Meta_558;179620;1635317.8153333345;0.38888888888888884;181566;1633471.2792000007;0.38876925575418286;10;0.0
Meta_559;179620;1635317.8153333345;0.4444444444444444;181955;613171.9136;0.444070889983839;9;0.0
Meta_560;179620;1635317.8153333345;0.5;179620;283034.7783;0.48894868412005305;1;0.0
Meta_523;179620;654127.1261333338;0.1111111111111111;187621;654117.0187000002;0.11111236466133774;1237;0.0
Meta_562;179620;1962381.3784000012;0.05555555555555555;213001;1924175.5161;0.05334506220241315;5;0.0
Meta_563;179620;1962381.3784000012;0.1111111111111111;187453;1713464.0284;0.10971266062668436;8;0.0
Meta_564;179620;1962381.3784000012;0.16666666666666666;187148;1634989.931;0.12891745082392478;7;0.0
Meta_565;179620;1962381.3784000012;0.2222222222222222;183396;1082501.3441999997;0.22214704641873467;46;0.0
Meta_566;179620;1962381.3784000012;0.2777777777777778;179620;1271009.2604999999;0.2728392298011202;22;0.0
Meta_567;179620;1962381.3784000012;0.3333333333333333;179677;750576.9555999999;0.33246425172447736;9;0.0
Meta_568;179620;1962381.3784000012;0.38888888888888884;180761;836121.5623;0.38888280469787695;15;0.0
Meta_569;179620;1962381.3784000012;0.4444444444444444;180555;667218.407;0.4441011238790413;13;0.0
Meta_570;179620;1962381.3784000012;0.5;179620;283034.7783;0.48894868412005305;0;0.0
Meta_531;179620;981190.6892000006;0.0;229303;952976.5787999999;0.0;860;0.0
Meta_572;179620;2289444.941466668;0.05555555555555555;188038;1970015.4754000003;0.051470602819242116;4;0.0
Meta_532;179620;981190.6892000006;0.05555555555555555;219183;977368.4003999997;0.055468057942818984;865;0.0
Meta_573;179620;2289444.941466668;0.1111111111111111;181387;1311487.3950000003;0.1098156903493992;7;0.0
Meta_574;179620;2289444.941466668;0.16666666666666666;185887;1595029.5815000003;0.11717779675480014;4;0.0
Meta_576;179620;2289444.941466668;0.2777777777777778;186455;1075452.2499000002;0.2567825517340685;5;0.0
Meta_575;179620;2289444.941466668;0.2222222222222222;212706;1446863.0244999998;0.22222044524473994;11;0.0
Meta_577;179620;2289444.941466668;0.3333333333333333;182739;816110.1545000002;0.33298047957934707;11;0.0
Meta_578;179620;2289444.941466668;0.38888888888888884;184609;1733706.6435999998;0.3888898059697744;18;0.0
Meta_580;179620;2289444.941466668;0.5;179620;283034.7783;0.48894868412005305;1;0.0
Meta_579;179620;2289444.941466668;0.4444444444444444;179620;523570.32840000006;0.4444063938321067;8;0.0
Meta_581;179620;2616508.504533335;0.0;229303;1754491.1905000005;1.5546231902119453E-17;23;0.0
Meta_582;179620;2616508.504533335;0.05555555555555555;224523;1601597.4463000007;0.055424958522339654;27;0.0
Meta_583;179620;2616508.504533335;0.1111111111111111;179620;2071258.5896;0.08514877209928928;11;0.0
Meta_584;179620;2616508.504533335;0.16666666666666666;199824;1389856.1278000001;0.16540286281870906;9;0.0
Meta_585;179620;2616508.504533335;0.2222222222222222;184636;1152202.7577;0.21752491129287804;14;0.0
Meta_587;179620;2616508.504533335;0.3333333333333333;186787;812797.3926000001;0.3332398354584951;9;0.0
Meta_586;179620;2616508.504533335;0.2777777777777778;183280;886267.8084999996;0.2762216371437707;29;0.0
Meta_588;179620;2616508.504533335;0.38888888888888884;191480;760777.3684000002;0.3886274616372694;14;0.0
Meta_589;179620;2616508.504533335;0.4444444444444444;195709;689801.7840999998;0.4433875455835805;9;0.0
Meta_590;179620;2616508.504533335;0.5;179620;283034.7783;0.48894868412005305;1;0.0
Meta_592;179620;2943572.067600002;0.05555555555555555;196072;2215420.0096000005;0.04853047742866489;6;0.0
Meta_593;179620;2943572.067600002;0.1111111111111111;183892;1680219.4692000006;0.07448009252219974;10;0.0
Meta_594;179620;2943572.067600002;0.16666666666666666;218980;1494065.5854999998;0.16665959880509532;9;0.0
Meta_595;179620;2943572.067600002;0.2222222222222222;215060;1445220.2777999993;0.22148782775500583;17;0.0
Meta_596;179620;2943572.067600002;0.2777777777777778;186262;1256587.2497999999;0.27526753766264955;14;0.0
Meta_571;179620;2289444.941466668;0.0;229303;2007614.8253000001;0.0;371;0.0
Meta_598;179620;2943572.067600002;0.38888888888888884;185853;815875.7796;0.38722942674918287;11;0.0
Meta_599;179620;2943572.067600002;0.4444444444444444;181628;473493.1745000001;0.4431506511464541;8;0.0
Meta_600;179620;2943572.067600002;0.5;179620;283034.7783;0.48894868412005305;1;0.0
Meta_597;179620;2943572.067600002;0.3333333333333333;188098;1145507.1998000003;0.3333324236869174;122;0.0
Meta_516;179620;327063.5630666669;0.2777777777777778;186100;503516.22069999995;0.27777820180625884;3600;1.0
Meta_521;179620;654127.1261333338;0.0;194662;716314.6783;0.07567400316391748;3600;1.0
Meta_522;179620;654127.1261333338;0.05555555555555555;189207;713507.7390999999;0.0646297861953747;3600;1.0
Meta_542;179620;1308254.2522666676;0.05555555555555555;220462;1277000.7817000002;0.059400560376761266;3600;1.0
Meta_541;179620;1308254.2522666676;0.0;219642;1286937.7693000005;0.07199927429127592;3600;1.0
Meta_551;179620;1635317.8153333345;0.0;192998;1512908.0447000002;0.10698461751086932;3600;1.0
Meta_561;179620;1962381.3784000012;0.0;205447;1872284.6540000003;0.07938389246273692;3600;1.0
Meta_591;179620;2943572.067600002;0.0;218236;2833661.2634999994;0.033235092159916144;3600;1.0
Meta_610;169684;0.0;0.5;170859;0.0;0.47534920413278337;1;0.0
Meta_601;169684;0.0;0.0;174091;706277.6836000001;0.07354898113462742;3600;0.44127158578504005
Meta_602;169684;0.0;0.05555555555555555;191879;696486.7822000001;0.10274873482252107;3600;0.5269972479220635
Meta_603;169684;0.0;0.1111111111111111;188084;602763.3358999998;0.18028545477909336;3600;0.8024443126384322
Meta_604;169684;0.0;0.16666666666666666;184396;547844.5608999999;0.1666685153307084;3600;0.6328693289946418
Meta_605;169684;0.0;0.2222222222222222;199544;503143.5767000001;0.22222241313700763;3600;0.7044265828533891
Meta_607;169684;0.0;0.3333333333333333;172079;345494.34780000005;0.3333331427398267;3600;0.8973874256704595
Meta_606;169684;0.0;0.2777777777777778;175410;547304.8886000001;0.27777802414597547;3600;0.8557995272599161
Meta_618;169684;327063.5630666669;0.38888888888888884;183777;270134.38450000004;0.3887646808898437;10;0.0
Meta_619;169684;327063.5630666669;0.4444444444444444;169684;131794.21839999998;0.4444277184423499;10;0.0
Meta_620;169684;327063.5630666669;0.5;171742;66411.7013;0.47455929959683907;1;0.0
Meta_608;169684;0.0;0.38888888888888884;170310;142783.17629999996;0.3888885218317436;3600;0.9021812976765048
Meta_609;169684;0.0;0.4444444444444444;170078;15211.8501;0.44444344092674987;3600;1.0
Meta_611;169684;327063.5630666669;0.0;191234;796939.1142000001;0.05458081427660266;3600;0.6629912956166043
Meta_624;169684;654127.1261333338;0.16666666666666666;172683;615034.7906999998;0.16552544524952606;16;0.0
Meta_625;169684;654127.1261333338;0.2222222222222222;171404;644167.2127999999;0.22213047687227389;34;0.0
Meta_626;169684;654127.1261333338;0.2777777777777778;169825;654122.24;0.27763850850604505;34;0.0
Meta_627;169684;654127.1261333338;0.3333333333333333;184369;640151.5221000001;0.33287906247139276;19;0.0
Meta_628;169684;654127.1261333338;0.38888888888888884;190179;629590.7037000001;0.3797861410339996;8;0.0
Meta_629;169684;654127.1261333338;0.4444444444444444;169885;235368.79640000002;0.44383869766771306;24;0.0
Meta_612;169684;327063.5630666669;0.05555555555555555;180491;547508.1333999998;0.1595825360260983;3600;1.0
Meta_630;169684;654127.1261333338;0.5;171742;66411.7013;0.47455929959683907;1;0.0
Meta_613;169684;327063.5630666669;0.1111111111111111;190748;542903.6172999999;0.17563150421309742;3600;1.0
Meta_633;169684;981190.6892000006;0.1111111111111111;174175;966266.2300999998;0.11108119987007956;20;0.0
Meta_634;169684;981190.6892000006;0.16666666666666666;215111;901452.3872999998;0.16662481310475527;68;0.0
Meta_635;169684;981190.6892000006;0.2222222222222222;191348;840214.0611999999;0.22213920733662082;12;0.0
Meta_636;169684;981190.6892000006;0.2777777777777778;204923;946192.1342999999;0.2771643778046557;12;0.0
Meta_637;169684;981190.6892000006;0.3333333333333333;169750;881279.0142999999;0.3326543224022605;8;0.0
Meta_638;169684;981190.6892000006;0.38888888888888884;186515;860522.4560999997;0.3888851871341093;17;0.0
Meta_639;169684;981190.6892000006;0.4444444444444444;169759;467658.1855999999;0.44442874170200347;9;0.0
Meta_640;169684;981190.6892000006;0.5;171742;66411.7013;0.47455929959683907;1;0.0
Meta_641;169684;1308254.2522666676;0.0;229303;1308242.8531000002;0.0;574;0.0
Meta_617;169684;327063.5630666669;0.3333333333333333;180853;325840.51729999995;0.33333479615712086;1926;0.0
Meta_643;169684;1308254.2522666676;0.1111111111111111;169684;1293933.6709;0.07268385776702928;4;0.0
Meta_644;169684;1308254.2522666676;0.16666666666666666;170350;1279780.8647000005;0.16666092974302918;8;0.0
Meta_645;169684;1308254.2522666676;0.2222222222222222;200934;1213946.4447999997;0.22054576587049957;38;0.0
Meta_642;169684;1308254.2522666676;0.05555555555555555;210567;1079319.6387999998;0.05549322529431219;310;0.0
Meta_646;169684;1308254.2522666676;0.2777777777777778;169754;1277666.0775000006;0.27773170314587164;13;0.0
Meta_648;169684;1308254.2522666676;0.38888888888888884;180889;706384.7728999999;0.38888765609008785;12;0.0
Meta_647;169684;1308254.2522666676;0.3333333333333333;186445;934623.6712999999;0.333032158849237;18;0.0
Meta_650;169684;1308254.2522666676;0.5;171742;66411.7013;0.47455929959683907;1;0.0
Meta_649;169684;1308254.2522666676;0.4444444444444444;169684;314800.0403;0.4444234289129163;12;0.0
Meta_652;169684;1635317.8153333345;0.05555555555555555;197516;1557507.2339;0.03953480082584529;2;0.0
Meta_653;169684;1635317.8153333345;0.1111111111111111;180330;1603668.2552;0.06373882209800998;5;0.0
Meta_614;169684;327063.5630666669;0.16666666666666666;192506;559754.4860999999;0.16666534799102212;3611;1.0
Meta_655;169684;1635317.8153333345;0.2222222222222222;173818;1423136.4099000003;0.21478470916853104;10;0.0
Meta_656;169684;1635317.8153333345;0.2777777777777778;169745;1069034.492;0.2771868615486025;7;0.0
Meta_657;169684;1635317.8153333345;0.3333333333333333;205772;983027.4113000003;0.33333417486055195;14;0.0
Meta_658;169684;1635317.8153333345;0.38888888888888884;200343;854480.04;0.3885062642460837;10;0.0
Meta_659;169684;1635317.8153333345;0.4444444444444444;169684;573249.8892999999;0.44444457483285416;11;0.0
Meta_660;169684;1635317.8153333345;0.5;171742;66411.7013;0.47455929959683907;1;0.0
Meta_654;169684;1635317.8153333345;0.16666666666666666;207530;886198.5143000002;0.16599964057625805;272;0.0
Meta_662;169684;1962381.3784000012;0.05555555555555555;218795;1962378.9806000008;0.026341514740885447;8;0.0
Meta_663;169684;1962381.3784000012;0.1111111111111111;169684;1518756.8994000002;0.07805088777676862;4;0.0
Meta_664;169684;1962381.3784000012;0.16666666666666666;188701;776536.3249000001;0.1640054973657641;10;0.0
Meta_665;169684;1962381.3784000012;0.2222222222222222;225618;1911130.2778999999;0.02738523397588666;32;0.0
Meta_666;169684;1962381.3784000012;0.2777777777777778;174166;1332844.0965000002;0.25727595103195056;4;0.0
Meta_667;169684;1962381.3784000012;0.3333333333333333;185236;862086.6693;0.3333336298882607;9;0.0
Meta_668;169684;1962381.3784000012;0.38888888888888884;169684;473028.7011;0.3824239569571784;9;0.0
Meta_669;169684;1962381.3784000012;0.4444444444444444;173667;607117.1838000001;0.4444441145632947;11;0.0
Meta_670;169684;1962381.3784000012;0.5;171742;66411.7013;0.47455929959683907;1;0.0
Meta_651;169684;1635317.8153333345;0.0;229303;1635306.0001000008;0.0;403;0.0
Meta_672;169684;2289444.941466668;0.05555555555555555;202771;1754993.4022000001;0.05554935803320859;6;0.0
Meta_673;169684;2289444.941466668;0.1111111111111111;192158;1533098.6601000004;0.107288312695932;8;0.0
Meta_674;169684;2289444.941466668;0.16666666666666666;181419;1310867.9501000002;0.13399979801508755;6;0.0
Meta_675;169684;2289444.941466668;0.2222222222222222;170342;1821911.8444000005;0.2221797208881147;10;0.0
Meta_676;169684;2289444.941466668;0.2777777777777778;170346;1914643.7310000001;0.27471571366865144;5;0.0
Meta_677;169684;2289444.941466668;0.3333333333333333;177822;1517564.3702000002;0.3333196180905805;10;0.0
Meta_678;169684;2289444.941466668;0.38888888888888884;195651;713744.9980000003;0.38887648172304606;10;0.0
Meta_679;169684;2289444.941466668;0.4444444444444444;169684;194923.4356;0.4444421188434214;9;0.0
Meta_680;169684;2289444.941466668;0.5;171742;66411.7013;0.47455929959683907;1;0.0
Meta_615;169684;327063.5630666669;0.2222222222222222;190592;696394.5563;0.22534249606476;3600;1.0
Meta_682;169684;2616508.504533335;0.05555555555555555;197516;1534729.201900001;0.03953480082584528;5;0.0
Meta_616;169684;327063.5630666669;0.2777777777777778;193948;464302.30350000015;0.2777794600679796;3600;1.0
Meta_683;169684;2616508.504533335;0.1111111111111111;196454;1469908.7269;0.11031667336430692;8;0.0
Meta_684;169684;2616508.504533335;0.16666666666666666;169684;1918954.3026999994;0.15254423674759496;3;0.0
Meta_686;169684;2616508.504533335;0.2777777777777778;170843;1106624.5802999998;0.27663660479086083;5;0.0
Meta_687;169684;2616508.504533335;0.3333333333333333;187473;1205430.4555999998;0.29238044311372396;11;0.0
Meta_688;169684;2616508.504533335;0.38888888888888884;174272;1073991.4711999998;0.3887927304766709;8;0.0
Meta_685;169684;2616508.504533335;0.2222222222222222;184594;1234693.8424999998;0.20615814375290853;42;0.0
Meta_689;169684;2616508.504533335;0.4444444444444444;169684;202231.9037;0.44302437153306795;9;0.0
Meta_690;169684;2616508.504533335;0.5;171742;66411.7013;0.47455929959683907;1;0.0
Meta_692;169684;2943572.067600002;0.05555555555555555;204325;1731366.6935000003;0.05329466111882685;2;0.0
Meta_693;169684;2943572.067600002;0.1111111111111111;177647;1682119.4726000007;0.11109456999390555;12;0.0
Meta_694;169684;2943572.067600002;0.16666666666666666;170066;1261346.0773;0.15469817781868928;7;0.0
Meta_695;169684;2943572.067600002;0.2222222222222222;175045;1199564.3397;0.22191332064469452;2;0.0
Meta_696;169684;2943572.067600002;0.2777777777777778;188352;2453760.7876000004;0.27757300457194134;15;0.0
Meta_697;169684;2943572.067600002;0.3333333333333333;180484;1161704.2967000003;0.33333314551120863;12;0.0
Meta_698;169684;2943572.067600002;0.38888888888888884;179858;599264.1686999999;0.38848399834410546;9;0.0
Meta_699;169684;2943572.067600002;0.4444444444444444;173422;533789.1035;0.44443532561674776;6;0.0
Meta_700;169684;2943572.067600002;0.5;171742;66411.7013;0.47455929959683907;1;0.0
Meta_671;169684;2289444.941466668;0.0;229303;1613613.6158000003;0.0;376;0.0
Meta_621;169684;654127.1261333338;0.0;196851;727159.1914;0.07931172158891536;3600;1.0
Meta_622;169684;654127.1261333338;0.05555555555555555;195192;708536.525;0.06584509637252937;3600;1.0
Meta_623;169684;654127.1261333338;0.1111111111111111;192687;678789.2300999997;0.13654593537168988;3600;1.0
Meta_631;169684;981190.6892000006;0.0;202527;981551.1553000002;0.10715895714815482;3600;1.0
Meta_632;169684;981190.6892000006;0.05555555555555555;207161;960106.4991999998;0.09426331138051645;3600;1.0
Meta_661;169684;1962381.3784000012;0.0;197835;1833972.9293000007;0.09580324157117;3600;1.0
Meta_681;169684;2616508.504533335;0.0;199010;2292813.3347;0.10019117334229058;3600;1.0
Meta_709;159747;0.0;0.4444444444444444;160430;0.0;0.4431620241256004;1;0.0
Meta_710;159747;0.0;0.5;161465;0.0;0.45269973903817023;1;0.0
Meta_691;169684;2943572.067600002;0.0;213749;2088992.5731000004;0.07601589002283887;3600;1.0
Meta_701;159747;0.0;0.0;226772;863157.6011999998;0.03384410799644839;3600;0.4831523149316172
Meta_702;159747;0.0;0.05555555555555555;167809;720303.8336999998;0.08040244361775552;3600;0.47561823560328303
Meta_703;159747;0.0;0.1111111111111111;174262;602053.8444000001;0.11114667609833957;3600;0.5013898930090177
Meta_704;159747;0.0;0.16666666666666666;201075;684414.9918999998;0.18568885358611434;3600;0.8475338793127023
Meta_705;159747;0.0;0.2222222222222222;172229;827695.8110000001;0.2222254865865002;3606;0.8746681664838676
Meta_706;159747;0.0;0.2777777777777778;175284;561162.5791000004;0.2777776704754633;3600;0.8995946033404019
Meta_707;159747;0.0;0.3333333333333333;189739;371910.45349999995;0.33333302170374324;3600;1.0
Meta_719;159747;327063.5630666669;0.4444444444444444;159747;106962.67390000002;0.44426523675718266;1;0.0
Meta_720;159747;327063.5630666669;0.5;159747;23849.4942;0.4454786026094574;1;0.0
Meta_718;159747;327063.5630666669;0.38888888888888884;162384;232282.869;0.38872311907867585;156;0.0
Meta_708;159747;0.0;0.38888888888888884;159747;103010.4019;0.38888936507036875;3600;1.0
Meta_711;159747;327063.5630666669;0.0;226790;900538.2182;0.033658107433234864;3600;0.7731235964745209
Meta_712;159747;327063.5630666669;0.05555555555555555;225424;851181.7991000002;0.055567415538514874;3600;0.8592734544055473
Meta_725;159747;654127.1261333338;0.2222222222222222;174408;644885.8047000002;0.2220237594767988;39;0.0
Meta_726;159747;654127.1261333338;0.2777777777777778;160941;638558.5260000001;0.27773806013132524;9;0.0
Meta_713;159747;327063.5630666669;0.1111111111111111;213291;711027.4884000001;0.11139338602317002;3600;1.0
Meta_714;159747;327063.5630666669;0.16666666666666666;185682;586178.6118999999;0.16666554822276308;3600;1.0
Meta_729;159747;654127.1261333338;0.4444444444444444;159747;106962.67390000002;0.44426523675718266;2;0.0
Meta_730;159747;654127.1261333338;0.5;159747;23849.4942;0.4454786026094574;1;0.0
Meta_727;159747;654127.1261333338;0.3333333333333333;160159;506784.10770000005;0.3332274063259101;144;0.0
Meta_728;159747;654127.1261333338;0.38888888888888884;159747;379893.32070000004;0.3888896398528643;353;0.0
Meta_733;159747;981190.6892000006;0.1111111111111111;167626;935236.0571999999;0.10975585582205502;63;0.0
Meta_715;159747;327063.5630666669;0.2222222222222222;192285;799891.6079000002;0.22222774700721065;3603;1.0
Meta_716;159747;327063.5630666669;0.2777777777777778;187032;533451.5073;0.27777952024838065;3600;1.0
Meta_736;159747;981190.6892000006;0.2777777777777778;171132;909212.5403999999;0.2713147012821819;8;0.0
Meta_737;159747;981190.6892000006;0.3333333333333333;161285;766431.0469999998;0.33184455021855586;44;0.0
Meta_738;159747;981190.6892000006;0.38888888888888884;162856;240794.79450000002;0.38880484654541775;115;0.0
Meta_739;159747;981190.6892000006;0.4444444444444444;159747;106962.67390000002;0.44426523675718266;2;0.0
Meta_740;159747;981190.6892000006;0.5;159747;23849.4942;0.4454786026094574;1;0.0
Meta_717;159747;327063.5630666669;0.3333333333333333;153644;327904.67639999994;0.33333293832128424;3600;1.0
Meta_734;159747;981190.6892000006;0.16666666666666666;214101;980469.3080999999;0.16396009722503724;903;0.0
Meta_743;159747;1308254.2522666676;0.1111111111111111;190046;907055.5291999999;0.10099393643189844;110;0.0
Meta_732;159747;981190.6892000006;0.05555555555555555;193015;935376.1475;0.055431157917289774;1368;0.0
Meta_745;159747;1308254.2522666676;0.2222222222222222;200786;1046437.8120999999;0.22221526730590505;10;0.0
Meta_744;159747;1308254.2522666676;0.16666666666666666;171401;1176170.0557999993;0.1657939732806466;68;0.0
Meta_747;159747;1308254.2522666676;0.3333333333333333;170949;813734.0414000003;0.3328778608045696;13;0.0
Meta_746;159747;1308254.2522666676;0.2777777777777778;175666;1071454.2962;0.2774520165363783;68;0.0
Meta_749;159747;1308254.2522666676;0.4444444444444444;159747;106962.67390000002;0.44426523675718266;1;0.0
Meta_750;159747;1308254.2522666676;0.5;159747;23849.4942;0.4454786026094574;0;0.0
Meta_742;159747;1308254.2522666676;0.05555555555555555;208138;1285231.7877000002;0.05555913470478357;520;0.0
Meta_752;159747;1635317.8153333345;0.05555555555555555;187241;1595818.1413999996;0.052344907489024664;9;0.0
Meta_753;159747;1635317.8153333345;0.1111111111111111;159747;1356197.5206000004;0.10571170998197982;5;0.0
Meta_754;159747;1635317.8153333345;0.16666666666666666;173804;1285948.1190000004;0.1660051583044457;12;0.0
Meta_755;159747;1635317.8153333345;0.2222222222222222;160968;1550954.8729;0.22194650539508343;11;0.0
Meta_756;159747;1635317.8153333345;0.2777777777777778;194136;1199162.9564;0.2776417313555172;17;0.0
Meta_748;159747;1308254.2522666676;0.38888888888888884;159747;395160.2287;0.38648044682121396;179;0.0
Meta_735;159747;981190.6892000006;0.2222222222222222;205920;949090.7253999998;0.22192828296932726;857;0.0
Meta_757;159747;1635317.8153333345;0.3333333333333333;191910;1415609.0955000005;0.3314739966870065;11;0.0
Meta_759;159747;1635317.8153333345;0.4444444444444444;159747;106962.67390000002;0.44426523675718266;2;0.0
Meta_760;159747;1635317.8153333345;0.5;159747;23849.4942;0.4454786026094574;0;0.0
Meta_721;159747;654127.1261333338;0.0;187088;658637.0338999998;0.09592042408074047;3600;1.0
Meta_763;159747;1962381.3784000012;0.1111111111111111;160246;1369524.2297000003;0.08403811407132325;2;0.0
Meta_764;159747;1962381.3784000012;0.16666666666666666;185490;1922818.3098000004;0.16238028777202562;4;0.0
Meta_765;159747;1962381.3784000012;0.2222222222222222;183735;1196975.7095;0.2220456700747816;7;0.0
Meta_766;159747;1962381.3784000012;0.2777777777777778;190439;1154799.0894000004;0.2776762306399275;16;0.0
Meta_767;159747;1962381.3784000012;0.3333333333333333;162364;1014577.6556999998;0.3332565814193143;21;0.0
Meta_762;159747;1962381.3784000012;0.05555555555555555;222357;1772115.1333;0.05553030680293612;68;0.0
Meta_769;159747;1962381.3784000012;0.4444444444444444;159747;106962.67390000002;0.44426523675718266;2;0.0
Meta_770;159747;1962381.3784000012;0.5;159747;23849.4942;0.4454786026094574;1;0.0
Meta_758;159747;1635317.8153333345;0.38888888888888884;161099;393905.58910000004;0.38717267354251317;149;0.0
Meta_768;159747;1962381.3784000012;0.38888888888888884;159778;462325.58369999996;0.38862907886024495;77;0.0
Meta_722;159747;654127.1261333338;0.05555555555555555;211878;962098.4593999999;0.16109138828422956;3600;1.0
Meta_772;159747;2289444.941466668;0.05555555555555555;194951;1804576.968100001;0.052470867457165546;29;0.0
Meta_773;159747;2289444.941466668;0.1111111111111111;202059;1522081.8834000002;0.10567533463758029;95;0.0
Meta_774;159747;2289444.941466668;0.16666666666666666;174447;1642262.7934000003;0.1666113834208816;84;0.0
Meta_776;159747;2289444.941466668;0.2777777777777778;214188;1787479.4395000003;0.27776203578234226;10;0.0
Meta_777;159747;2289444.941466668;0.3333333333333333;179746;1151432.8229999999;0.3332629890969601;13;0.0
Meta_775;159747;2289444.941466668;0.2222222222222222;178061;1175185.7546999997;0.22222172744740057;92;0.0
Meta_779;159747;2289444.941466668;0.4444444444444444;159747;106962.67390000002;0.44426523675718266;1;0.0
Meta_780;159747;2289444.941466668;0.5;159747;23849.4942;0.4454786026094574;1;0.0
Meta_782;159747;2616508.504533335;0.05555555555555555;200392;1399309.5427;0.04632240119999154;4;0.0
Meta_783;159747;2616508.504533335;0.1111111111111111;218333;1501268.1106999998;0.10529643487643586;22;0.0
Meta_784;159747;2616508.504533335;0.16666666666666666;172885;2100350.8474;0.1664912656468497;6;0.0
Meta_724;159747;654127.1261333338;0.16666666666666666;175363;649668.6900000002;0.16665931221726374;2305;0.0
Meta_785;159747;2616508.504533335;0.2222222222222222;160049;1537691.2929999998;0.20668918732638866;28;0.0
Meta_786;159747;2616508.504533335;0.2777777777777778;159747;1389783.1583000005;0.2727675117947124;22;0.0
Meta_787;159747;2616508.504533335;0.3333333333333333;171978;1145977.3691000005;0.3332775771696361;16;0.0
Meta_778;159747;2289444.941466668;0.38888888888888884;159936;571124.9280000001;0.3888827736217496;99;0.0
Meta_789;159747;2616508.504533335;0.4444444444444444;159747;106962.67390000002;0.44426523675718266;2;0.0
Meta_790;159747;2616508.504533335;0.5;159747;23849.4942;0.4454786026094574;1;0.0
Meta_781;159747;2616508.504533335;0.0;229303;2616506.4498999994;0.0;167;0.0
Meta_793;159747;2943572.067600002;0.1111111111111111;159763;1254272.9640000002;0.10963121125373776;5;0.0
Meta_794;159747;2943572.067600002;0.16666666666666666;192353;2927327.3151999996;0.1666359939515389;7;0.0
Meta_795;159747;2943572.067600002;0.2222222222222222;197648;2447168.0315;0.21579727782674085;14;0.0
Meta_788;159747;2616508.504533335;0.38888888888888884;160671;836907.2119000001;0.38886475388483505;123;0.0
Meta_796;159747;2943572.067600002;0.2777777777777778;179762;1809146.4084;0.2776627919850256;10;0.0
Meta_797;159747;2943572.067600002;0.3333333333333333;206379;1458080.6179999998;0.33154271411801517;24;0.0
Meta_799;159747;2943572.067600002;0.4444444444444444;159747;106962.67390000002;0.44426523675718266;2;0.0
Meta_800;159747;2943572.067600002;0.5;159747;23849.4942;0.4454786026094574;1;0.0
Meta_741;159747;1308254.2522666676;0.0;229292;1223560.1011999997;6.52594523182345E-4;1370;0.0
Meta_761;159747;1962381.3784000012;0.0;229303;1884728.9630000005;2.5372155369393554E-14;787;0.0
Meta_798;159747;2943572.067600002;0.38888888888888884;169808;373745.7439;0.3880577086053333;355;0.0
Meta_771;159747;2289444.941466668;0.0;229267;1779949.0468000004;9.114431763580052E-4;802;0.0
Meta_723;159747;654127.1261333338;0.1111111111111111;202533;664109.3581;0.12559823044414958;3600;1.0
Meta_792;159747;2943572.067600002;0.05555555555555555;226156;1573400.5511000005;0.018129435566212982;1220;0.0
Meta_731;159747;981190.6892000006;0.0;188137;981187.4000000001;0.07773422763758052;3600;1.0
Meta_751;159747;1635317.8153333345;0.0;197807;1620969.1281000003;0.0656711320871728;3600;1.0
Meta_809;149811;0.0;0.4444444444444444;150811;0.0;0.4043449142608094;1;0.0
Meta_810;149811;0.0;0.5;150811;0.0;0.4043449142608094;1;0.0
Meta_791;159747;2943572.067600002;0.0;212663;2593633.9955;0.08400196152151033;3600;1.0
Meta_801;149811;0.0;0.0;175248;777010.2192999998;0.06904900876640038;3604;0.46906930003839986
Meta_802;149811;0.0;0.05555555555555555;191583;756998.2221000002;0.05555360332985411;3600;0.35567441705379943
Meta_803;149811;0.0;0.1111111111111111;209207;783915.0426000003;0.11111045218574243;3600;0.6328963176253987
Meta_804;149811;0.0;0.16666666666666666;170996;995542.8859000001;0.2038162874130485;3600;0.9256113596758208
Meta_805;149811;0.0;0.2222222222222222;207196;572401.2;0.22221447841348432;3600;0.8474235981323166
Meta_806;149811;0.0;0.2777777777777778;201568;455579.1799999998;0.27777934649364;3600;0.9335339113971296
Meta_818;149811;327063.5630666669;0.38888888888888884;149812;121226.4874;0.38888636798116444;11;0.0
Meta_819;149811;327063.5630666669;0.4444444444444444;150240;44105.240000000005;0.4267717367727736;1;0.0
Meta_820;149811;327063.5630666669;0.5;151614;0.0;0.4207099076036493;1;0.0
Meta_817;149811;327063.5630666669;0.3333333333333333;149869;293744.8191999999;0.33310834394002486;551;0.0
Meta_807;149811;0.0;0.3333333333333333;150278;171496.69569999998;0.333334804991657;3600;1.0
Meta_823;149811;654127.1261333338;0.1111111111111111;179552;646361.2673000001;0.11109499619039863;259;0.0
Meta_808;149811;0.0;0.38888888888888884;150012;152.2884;0.3888898091576193;3600;1.0
Meta_825;149811;654127.1261333338;0.2222222222222222;158608;553511.8611999999;0.22221179928476836;132;0.0
Meta_824;149811;654127.1261333338;0.16666666666666666;185395;648571.9480000002;0.16614879594949503;661;0.0
Meta_827;149811;654127.1261333338;0.3333333333333333;157437;648823.7011;0.33333381679629287;25;0.0
Meta_828;149811;654127.1261333338;0.38888888888888884;150050;199670.7506;0.38887431278822887;4;0.0
Meta_829;149811;654127.1261333338;0.4444444444444444;150078;0.0;0.41432753184822874;1;0.0
Meta_830;149811;654127.1261333338;0.5;150121;0.0;0.4207099076036493;0;0.0
Meta_811;149811;327063.5630666669;0.0;226396;872616.8430000002;0.03432346090562178;3600;0.7947376467968497
Meta_812;149811;327063.5630666669;0.05555555555555555;176643;789573.7282000001;0.0661125312332021;3620;0.8841417885234236
Meta_813;149811;327063.5630666669;0.1111111111111111;189211;655749.8368999998;0.11521107826294805;3615;1.0
Meta_834;149811;981190.6892000006;0.16666666666666666;210950;981189.4946999999;0.16497170937907732;93;0.0
Meta_835;149811;981190.6892000006;0.2222222222222222;162712;852889.034;0.2222199256425343;20;0.0
Meta_836;149811;981190.6892000006;0.2777777777777778;154109;981185.2002999999;0.267023298220711;84;0.0
Meta_814;149811;327063.5630666669;0.16666666666666666;189359;542205.0918999999;0.19284528644829824;3600;1.0
Meta_838;149811;981190.6892000006;0.38888888888888884;149815;278320.6343;0.3876481958040852;8;0.0
Meta_839;149811;981190.6892000006;0.4444444444444444;149811;13664.4472;0.4163745333576523;1;0.0
Meta_840;149811;981190.6892000006;0.5;149811;13664.4472;0.4163745333576523;1;0.0
Meta_815;149811;327063.5630666669;0.2222222222222222;181771;654666.2891999999;0.25480229734225474;3600;1.0
Meta_816;149811;327063.5630666669;0.2777777777777778;147879;480785.96190000005;0.2813910588131843;3600;1.0
Meta_837;149811;981190.6892000006;0.3333333333333333;200161;899054.4641000001;0.3315113214068696;145;0.0
Meta_844;149811;1308254.2522666676;0.16666666666666666;190067;1199330.0254000002;0.15848542790739753;16;0.0
Meta_845;149811;1308254.2522666676;0.2222222222222222;206845;1248977.4487;0.22184392450807777;18;0.0
Meta_846;149811;1308254.2522666676;0.2777777777777778;154150;1161035.0037999996;0.2627042046868472;29;0.0
Meta_832;149811;981190.6892000006;0.05555555555555555;198627;973826.7405000001;0.053342051602938055;1391;0.0
Meta_848;149811;1308254.2522666676;0.38888888888888884;151447;81442.7993;0.3887952565580895;32;0.0
Meta_849;149811;1308254.2522666676;0.4444444444444444;149811;13664.4472;0.4163745333576523;1;0.0
Meta_850;149811;1308254.2522666676;0.5;149811;13664.4472;0.4163745333576523;1;0.0
Meta_821;149811;654127.1261333338;0.0;201845;664678.2119999999;0.13460217098711497;3600;1.0
Meta_822;149811;654127.1261333338;0.05555555555555555;192991;729941.7944000002;0.09034862149706102;3600;1.0
Meta_853;149811;1635317.8153333345;0.1111111111111111;223208;1502421.8251000005;0.10494318699069673;36;0.0
Meta_854;149811;1635317.8153333345;0.16666666666666666;150545;1555499.0027000003;0.16220950077377622;9;0.0
Meta_855;149811;1635317.8153333345;0.2222222222222222;219309;1406602.6072000002;0.22031462417187714;8;0.0
Meta_856;149811;1635317.8153333345;0.2777777777777778;201160;1504069.861;0.2776950167819629;125;0.0
Meta_847;149811;1308254.2522666676;0.3333333333333333;149973;523921.20199999993;0.3328938945853212;783;0.0
Meta_858;149811;1635317.8153333345;0.38888888888888884;149811;280716.62539999996;0.3880766990691101;8;0.0
Meta_859;149811;1635317.8153333345;0.4444444444444444;149811;13664.4472;0.4163745333576523;1;0.0
Meta_860;149811;1635317.8153333345;0.5;149811;13664.4472;0.4163745333576523;1;0.0
Meta_861;149811;1962381.3784000012;0.0;229303;1770734.824000001;0.0;226;0.0
Meta_862;149811;1962381.3784000012;0.05555555555555555;225272;1959532.0454000002;0.05550140539168588;25;0.0
Meta_863;149811;1962381.3784000012;0.1111111111111111;217450;1702829.0269000004;0.11090949539812692;12;0.0
Meta_864;149811;1962381.3784000012;0.16666666666666666;206995;1677593.8019999997;0.16361235563313214;10;0.0
Meta_826;149811;654127.1261333338;0.2777777777777778;141505;435155.9887000001;0.27815450492016025;3600;1.0
Meta_865;149811;1962381.3784000012;0.2222222222222222;212471;1260535.8741;0.2175489922764435;17;0.0
Meta_866;149811;1962381.3784000012;0.2777777777777778;198012;1962358.7758000004;0.18864531168294413;14;0.0
Meta_868;149811;1962381.3784000012;0.38888888888888884;149820;251106.12559999997;0.3885344594501833;16;0.0
Meta_869;149811;1962381.3784000012;0.4444444444444444;149811;13664.4472;0.4163745333576523;1;0.0
Meta_870;149811;1962381.3784000012;0.5;149811;13664.4472;0.4163745333576523;1;0.0
Meta_871;149811;2289444.941466668;0.0;229303;1915085.1542000005;0.0;22;0.0
Meta_857;149811;1635317.8153333345;0.3333333333333333;149837;714495.4354999998;0.33329714121758514;479;0.0
Meta_873;149811;2289444.941466668;0.1111111111111111;226538;1466206.4610000004;0.09852450946840713;23;0.0
Meta_872;149811;2289444.941466668;0.05555555555555555;186675;1737671.7991000006;0.055540553106405134;29;0.0
Meta_874;149811;2289444.941466668;0.16666666666666666;150738;2254401.701100001;0.16476129982763824;5;0.0
Meta_876;149811;2289444.941466668;0.2777777777777778;229303;2289437.0566000007;1.0992845999887305E-17;6;0.0
Meta_875;149811;2289444.941466668;0.2222222222222222;211123;1259205.0843999996;0.22181603978097222;8;0.0
Meta_878;149811;2289444.941466668;0.38888888888888884;149935;217400.413;0.38888975437904766;7;0.0
Meta_879;149811;2289444.941466668;0.4444444444444444;149811;44100.7428;0.4196133200292178;1;0.0
Meta_880;149811;2289444.941466668;0.5;149811;13664.4472;0.4163745333576523;1;0.0
Meta_877;149811;2289444.941466668;0.3333333333333333;171261;1072017.0304000003;0.33315957506984395;279;0.0
Meta_841;149811;1308254.2522666676;0.0;229303;1243512.1418000003;0.0;1670;0.0
Meta_882;149811;2616508.504533335;0.05555555555555555;194219;1422169.3382;0.05555363699049888;33;0.0
Meta_884;149811;2616508.504533335;0.16666666666666666;205835;1517748.1568999998;0.16643976913949401;13;0.0
Meta_885;149811;2616508.504533335;0.2222222222222222;152914;1703419.2865;0.1986303211107714;9;0.0
Meta_886;149811;2616508.504533335;0.2777777777777778;206162;1391450.2162;0.27777721805626965;29;0.0
Meta_883;149811;2616508.504533335;0.1111111111111111;215881;1584983.8186000008;0.10897401098254822;79;0.0
Meta_831;149811;981190.6892000006;0.0;195566;972519.1474000002;0.09217028476241768;3600;1.0
Meta_889;149811;2616508.504533335;0.4444444444444444;149811;44100.7428;0.4196133200292178;1;0.0
Meta_890;149811;2616508.504533335;0.5;149811;13664.4472;0.4163745333576523;1;0.0
Meta_888;149811;2616508.504533335;0.38888888888888884;149812;154984.0452;0.38835615423413045;22;0.0
Meta_892;149811;2943572.067600002;0.05555555555555555;190729;1669801.5248000007;0.04799502400249093;28;0.0
Meta_893;149811;2943572.067600002;0.1111111111111111;220891;1393340.4640000004;0.11111314051232456;18;0.0
Meta_894;149811;2943572.067600002;0.16666666666666666;149811;1888534.4589000007;0.1642689893905686;33;0.0
Meta_895;149811;2943572.067600002;0.2222222222222222;151036;1889178.9449;0.22221366244422175;11;0.0
Meta_896;149811;2943572.067600002;0.2777777777777778;200449;1086801.4135;0.2738879230824237;73;0.0
Meta_887;149811;2616508.504533335;0.3333333333333333;204084;1307296.2462;0.3333277738271888;214;0.0
Meta_898;149811;2943572.067600002;0.38888888888888884;149811;218405.6849;0.3887516394932262;8;0.0
Meta_899;149811;2943572.067600002;0.4444444444444444;149811;44100.7428;0.4196133200292178;1;0.0
Meta_900;149811;2943572.067600002;0.5;149811;13664.4472;0.4163745333576523;1;0.0
Meta_867;149811;1962381.3784000012;0.3333333333333333;168295;1164528.1555;0.3333310501530151;1046;0.0
Meta_852;149811;1635317.8153333345;0.05555555555555555;193550;889558.0968999999;0.054729763350955765;1835;0.0
Meta_851;149811;1635317.8153333345;0.0;229303;1406630.4344;0.0;2461;0.0
Meta_833;149811;981190.6892000006;0.1111111111111111;210768;964348.2972;0.12552813451108474;3600;1.0
Meta_842;149811;1308254.2522666676;0.05555555555555555;213411;1236894.2746;0.07392992346542837;3600;1.0
Meta_843;149811;1308254.2522666676;0.1111111111111111;161635;1214809.652;0.13409339359524447;3600;1.0
Meta_881;149811;2616508.504533335;0.0;229283;2215599.529100001;9.73135929143534E-4;2781;0.0
Meta_908;139875;0.0;0.38888888888888884;141388;0.0;0.36333936076402584;1;0.0
Meta_909;139875;0.0;0.4444444444444444;141388;0.0;0.36333936076402584;1;0.0
Meta_910;139875;0.0;0.5;141388;0.0;0.36333936076402584;1;0.0
Meta_897;149811;2943572.067600002;0.3333333333333333;150154;929317.9442999997;0.3313438548491113;2517;0.0
Meta_891;149811;2943572.067600002;0.0;201131;1879006.6426999993;0.0700315237660228;3600;1.0
Meta_901;139875;0.0;0.0;190469;714718.7834999998;0.06000660504530733;3600;0.36988243704335105
Meta_902;139875;0.0;0.05555555555555555;197716;730472.4661;0.06840671228843312;3600;0.4800637508894365
Meta_903;139875;0.0;0.1111111111111111;117815;155385.47410000002;0.21309564648773469;3600;0.9684022253601395
Meta_904;139875;0.0;0.16666666666666666;125264;127003.415;0.24592415936354636;3600;0.9759087070302244
Meta_917;139875;327063.5630666669;0.3333333333333333;140201;201491.6004999999;0.33332415198225984;31;0.0
Meta_918;139875;327063.5630666669;0.38888888888888884;139875;16715.804799999998;0.3771280305185846;0;0.0
Meta_919;139875;327063.5630666669;0.4444444444444444;140860;62502.780000000006;0.3633393607640258;1;0.0
Meta_920;139875;327063.5630666669;0.5;140704;62502.780000000006;0.36367131354885107;1;0.0
Meta_905;139875;0.0;0.2222222222222222;141026;369402.73920000007;0.26320221042314834;3600;0.9560704120781004
Meta_906;139875;0.0;0.2777777777777778;139875;357445.74189999996;0.27777766334255544;3600;1.0
Meta_907;139875;0.0;0.3333333333333333;139875;37773.0288;0.33333120955364687;3600;1.0
Meta_911;139875;327063.5630666669;0.0;168641;734963.9260000001;0.07654595725030328;3600;0.8020011787585785
Meta_912;139875;327063.5630666669;0.05555555555555555;176139;630038.9197;0.11627424707334934;3600;1.0
Meta_926;139875;654127.1261333338;0.2777777777777778;140357;649137.7549000002;0.2770045215653604;133;0.0
Meta_927;139875;654127.1261333338;0.3333333333333333;140036;333767.43950000004;0.32915236546415944;116;0.0
Meta_928;139875;654127.1261333338;0.38888888888888884;139875;16715.804799999998;0.3771280305185846;1;0.0
Meta_929;139875;654127.1261333338;0.4444444444444444;139875;16715.804799999998;0.3771280305185846;1;0.0
Meta_930;139875;654127.1261333338;0.5;139875;16715.804799999998;0.3771280305185846;0;0.0
Meta_923;139875;654127.1261333338;0.1111111111111111;194507;653945.3454999999;0.11109934642151874;1130;0.0
Meta_925;139875;654127.1261333338;0.2222222222222222;147552;600260.0098000001;0.22219317709385764;625;0.0
Meta_932;139875;981190.6892000006;0.05555555555555555;207144;979622.5065;0.05532243029565874;232;0.0
Meta_934;139875;981190.6892000006;0.16666666666666666;143066;907405.5234000001;0.16645948779650063;147;0.0
Meta_935;139875;981190.6892000006;0.2222222222222222;202591;754751.9443000001;0.22179519635826894;113;0.0
Meta_933;139875;981190.6892000006;0.1111111111111111;209941;896831.5065;0.11111232356204671;498;0.0
Meta_937;139875;981190.6892000006;0.3333333333333333;139917;155677.89349999998;0.33333476363046;21;0.0
Meta_938;139875;981190.6892000006;0.38888888888888884;139875;16715.804799999998;0.3771280305185846;0;0.0
Meta_939;139875;981190.6892000006;0.4444444444444444;140067;75176.319;0.3633393607640258;1;0.0
Meta_940;139875;981190.6892000006;0.5;139875;16715.804799999998;0.3771280305185846;1;0.0
Meta_936;139875;981190.6892000006;0.2777777777777778;193766;981185.7114;0.27777902241012997;101;0.0
Meta_913;139875;327063.5630666669;0.1111111111111111;202961;739200.4517999999;0.18893907098191673;3600;1.0
Meta_942;139875;1308254.2522666676;0.05555555555555555;191558;1182201.6986;0.05546741520381004;36;0.0
Meta_943;139875;1308254.2522666676;0.1111111111111111;183080;1175246.0905999998;0.09627540860354308;27;0.0
Meta_944;139875;1308254.2522666676;0.16666666666666666;152897;1301834.4575999996;0.16635059845509392;18;0.0
Meta_945;139875;1308254.2522666676;0.2222222222222222;196936;946305.0607999997;0.22213590129755995;20;0.0
Meta_947;139875;1308254.2522666676;0.3333333333333333;143469;370764.1633000001;0.3333033270859696;13;0.0
Meta_948;139875;1308254.2522666676;0.38888888888888884;139875;16715.804799999998;0.3771280305185846;1;0.0
Meta_949;139875;1308254.2522666676;0.4444444444444444;139875;16715.804799999998;0.3771280305185846;1;0.0
Meta_950;139875;1308254.2522666676;0.5;139875;16715.804799999998;0.3771280305185846;1;0.0
Meta_946;139875;1308254.2522666676;0.2777777777777778;203288;1153099.1043999998;0.2743922359265728;127;0.0
Meta_952;139875;1635317.8153333345;0.05555555555555555;223193;1625952.3914999997;0.04301204805607767;28;0.0
Meta_914;139875;327063.5630666669;0.16666666666666666;120457;323611.69820000004;0.21122959763837643;3600;1.0
Meta_954;139875;1635317.8153333345;0.16666666666666666;211558;1284641.7687;0.16666580139957532;11;0.0
Meta_951;139875;1635317.8153333345;0.0;229277;1523773.554600001;3.734849105499726E-4;175;0.0
Meta_955;139875;1635317.8153333345;0.2222222222222222;192537;1290919.7732;0.22206375962829186;43;0.0
Meta_956;139875;1635317.8153333345;0.2777777777777778;173306;1535392.9618999998;0.27766993862387995;41;0.0
Meta_958;139875;1635317.8153333345;0.38888888888888884;139875;16715.804799999998;0.3771280305185846;1;0.0
Meta_959;139875;1635317.8153333345;0.4444444444444444;139875;16715.804799999998;0.3771280305185846;1;0.0
Meta_960;139875;1635317.8153333345;0.5;139875;16715.804799999998;0.3771280305185846;1;0.0
Meta_916;139875;327063.5630666669;0.2777777777777778;139876;326474.8362000001;0.27777769559443355;3472;0.0
Meta_962;139875;1962381.3784000012;0.05555555555555555;220642;1736737.9033;0.05546045273836369;13;0.0
Meta_963;139875;1962381.3784000012;0.1111111111111111;164240;1836049.2428;0.11110028417949655;8;0.0
Meta_941;139875;1308254.2522666676;0.0;229303;1295988.8739000002;0.0;551;0.0
Meta_924;139875;654127.1261333338;0.16666666666666666;197150;643982.5633;0.16666514662762752;2226;0.0
Meta_964;139875;1962381.3784000012;0.16666666666666666;219108;1780212.5184999993;0.16336888651848405;26;0.0
Meta_915;139875;327063.5630666669;0.2222222222222222;133506;327382.4179999999;0.2553696006530927;3600;1.0
Meta_968;139875;1962381.3784000012;0.38888888888888884;139875;16715.804799999998;0.3771280305185846;1;0.0
Meta_969;139875;1962381.3784000012;0.4444444444444444;139875;16715.804799999998;0.3771280305185846;1;0.0
Meta_965;139875;1962381.3784000012;0.2222222222222222;146745;1535489.8875;0.19312586340665291;32;0.0
Meta_970;139875;1962381.3784000012;0.5;139875;16715.804799999998;0.3771280305185846;0;0.0
Meta_966;139875;1962381.3784000012;0.2777777777777778;183300;1773562.4042999994;0.27679156890291085;31;0.0
Meta_972;139875;2289444.941466668;0.05555555555555555;217813;2143770.204200001;0.05555622520104473;4;0.0
Meta_973;139875;2289444.941466668;0.1111111111111111;168797;1636401.8415000003;0.1078378004127613;33;0.0
Meta_974;139875;2289444.941466668;0.16666666666666666;213938;2041649.6496000004;0.15867004900511208;47;0.0
Meta_975;139875;2289444.941466668;0.2222222222222222;150377;2283132.8206;0.22208414266016754;38;0.0
Meta_976;139875;2289444.941466668;0.2777777777777778;187394;1299564.2567;0.26506871714347163;23;0.0
Meta_978;139875;2289444.941466668;0.38888888888888884;139875;16715.804799999998;0.3771280305185846;1;0.0
Meta_979;139875;2289444.941466668;0.4444444444444444;139875;16715.804799999998;0.3771280305185846;1;0.0
Meta_980;139875;2289444.941466668;0.5;139875;16715.804799999998;0.3771280305185846;0;0.0
Meta_967;139875;1962381.3784000012;0.3333333333333333;139934;124011.9026;0.33331540885475003;133;0.0
Meta_977;139875;2289444.941466668;0.3333333333333333;140053;332101.16170000006;0.3332876329202162;34;0.0
Meta_983;139875;2616508.504533335;0.1111111111111111;146404;1504781.3619000004;0.10981993822981816;10;0.0
Meta_982;139875;2616508.504533335;0.05555555555555555;190945;1496758.7662;0.05553809711464116;25;0.0
Meta_984;139875;2616508.504533335;0.16666666666666666;199182;2517817.5478;0.16411689950964606;31;0.0
Meta_981;139875;2616508.504533335;0.0;229303;1563536.4641000002;0.0;91;0.0
Meta_986;139875;2616508.504533335;0.2777777777777778;204871;1368883.7464;0.2699390881037169;27;0.0
Meta_985;139875;2616508.504533335;0.2222222222222222;169431;1455446.1222000003;0.22222280331479818;48;0.0
Meta_989;139875;2616508.504533335;0.4444444444444444;139875;16715.804799999998;0.3771280305185846;1;0.0
Meta_988;139875;2616508.504533335;0.38888888888888884;139875;16715.804799999998;0.3771280305185846;1;0.0
Meta_990;139875;2616508.504533335;0.5;139875;16715.804799999998;0.3771280305185846;1;0.0
Meta_987;139875;2616508.504533335;0.3333333333333333;229303;2616495.4598999997;1.5546231902119453E-17;26;0.0
Meta_957;139875;1635317.8153333345;0.3333333333333333;169269;961627.0878000001;0.3326582517806308;502;0.0
Meta_993;139875;2943572.067600002;0.1111111111111111;217972;1730295.5762000002;0.10886862736076891;8;0.0
Meta_994;139875;2943572.067600002;0.16666666666666666;153836;1162943.2744999996;0.16616117502016728;11;0.0
Meta_995;139875;2943572.067600002;0.2222222222222222;229303;2943571.4521000013;1.904016779158511E-17;8;0.0
Meta_992;139875;2943572.067600002;0.05555555555555555;228735;1918533.6842999998;0.051158977547109595;46;0.0
Meta_998;139875;2943572.067600002;0.38888888888888884;139875;16715.804799999998;0.3771280305185846;0;0.0
Meta_999;139875;2943572.067600002;0.4444444444444444;139875;16715.804799999998;0.3771280305185846;1;0.0
Meta_1000;139875;2943572.067600002;0.5;139875;16715.804799999998;0.3771280305185846;0;0.0
Meta_997;139875;2943572.067600002;0.3333333333333333;139875;331566.23309999995;0.3333337462852476;25;0.0
Meta_991;139875;2943572.067600002;0.0;229289;2336497.7504000003;1.7462460668107193E-5;63;0.0
Meta_996;139875;2943572.067600002;0.2777777777777778;166782;1554798.2042;0.27776092462091706;116;0.0
Meta_921;139875;654127.1261333338;0.0;199323;657384.3657;0.14034533391687404;3600;1.0
Meta_922;139875;654127.1261333338;0.05555555555555555;186760;666271.0735;0.08512631381794292;3600;1.0
Meta_953;139875;1635317.8153333345;0.1111111111111111;220402;1445864.7284;0.11058897706917947;1335;0.0
Meta_931;139875;981190.6892000006;0.0;229303;981187.8106;0.0;2447;0.0
Meta_961;139875;1962381.3784000012;0.0;193216;1363921.5002;0.0477627220127269;3600;1.0
Meta_971;139875;2289444.941466668;0.0;217622;1992054.1596000004;0.017456663985883362;3600;1.0
