Goal_10;978485;0.0;0.5;976888;3386773.723300005;0.13347626909705984;803;0.0
Goal_6;978485;0.0;0.2777777777777778;976888;3386773.723300005;0.1334762690970601;807;0.0
Goal_9;978485;0.0;0.4444444444444444;976888;3386773.723300005;0.1334762690970601;832;0.0
Goal_7;978485;0.0;0.3333333333333333;976888;3386773.723300005;0.13347626909705979;902;0.0
Goal_4;978485;0.0;0.16666666666666666;976888;3386773.723300005;0.13347626909705998;918;0.0
Goal_8;978485;0.0;0.38888888888888884;976888;3386773.723300005;0.13347626909706006;922;0.0
Goal_5;978485;0.0;0.2222222222222222;976888;3386773.723300005;0.13347626909705956;978;1.0403936791130991E-14
Goal_14;978485;1191270.181822221;0.16666666666666666;976888;3386773.723300005;0.13347626909705804;529;0.0
Goal_16;978485;1191270.181822221;0.2777777777777778;976888;3386773.723300005;0.1334762690970601;584;5.726837192409396E-14
Goal_3;978485;0.0;0.1111111111111111;977679;3431436.338700005;0.11111565710714325;1512;0.0
Goal_17;978485;1191270.181822221;0.3333333333333333;976888;3386773.723300005;0.13347626909705737;562;3.8178914616062264E-16
Goal_15;978485;1191270.181822221;0.2222222222222222;976888;3386773.723300005;0.1334762690970601;713;7.52124617936434E-14
Goal_13;978485;1191270.181822221;0.1111111111111111;977676;3431281.019800005;0.11111568197555231;946;0.0
Goal_18;978485;1191270.181822221;0.38888888888888884;976888;3386773.723300005;0.13347626909705732;508;1.9089457308031712E-16
Goal_20;978485;1191270.181822221;0.5;976888;3386773.723300005;0.13347626909705812;542;1.5271565846425689E-15
Goal_19;978485;1191270.181822221;0.4444444444444444;976888;3386773.723300005;0.1334762690970601;833;0.0
Goal_24;978485;2382540.363644442;0.16666666666666666;976888;3386773.723300005;0.1334762690970601;537;2.000609902620633E-16
Goal_25;978485;2382540.363644442;0.2222222222222222;976888;3386773.723300005;0.1334762690970601;499;1.7205245162537445E-14
Goal_26;978485;2382540.363644442;0.2777777777777778;976888;3386773.723300005;0.13347626909705554;476;2.0006099026208546E-16
Goal_27;978485;2382540.363644442;0.3333333333333333;976888;3386773.723300005;0.13347626909705743;497;1.0003049513106122E-14
Goal_28;978485;2382540.363644442;0.38888888888888884;976888;3386773.723300005;0.1334762690970601;529;1.6004879220965064E-15
Goal_29;978485;2382540.363644442;0.4444444444444444;976888;3386773.723300005;0.1334762690970573;477;1.8005489123588987E-15
Goal_30;978485;2382540.363644442;0.5;976888;3386773.723300005;0.1334762690970542;468;1.0003049513104052E-15
Goal_2;978485;0.0;0.05555555555555555;978323;3473786.5256000045;0.0998339408840405;3600;0.006623202630374676
Goal_1;978485;0.0;0.0;978447;3478631.289300005;0.09988639194935876;3601;0.005845124098289717
Goal_35;978485;3573810.5454666633;0.2222222222222222;978485;3573644.7769000027;0.09989507372449613;465;0.0
Goal_11;978485;1191270.181822221;0.0;977899;3459990.4244000018;0.09972278643432947;3602;0.009759313880224935
Goal_12;978485;1191270.181822221;0.05555555555555555;978393;3476588.8366000038;0.0998547883643712;3602;0.007731398978633065
Goal_36;978485;3573810.5454666633;0.2777777777777778;978485;3569129.1097000046;0.09989507372449613;432;0.0
Goal_33;978485;3573810.5454666633;0.1111111111111111;978485;3573799.142600003;0.09989507372449613;1141;0.0
Goal_34;978485;3573810.5454666633;0.16666666666666666;978485;3573799.9675000045;0.09989507372449709;1292;0.0
Goal_21;978485;2382540.363644442;0.0;978438;3478217.199800005;0.09988299094866882;3602;0.011851007478431574
Goal_22;978485;2382540.363644442;0.05555555555555555;978376;3475907.3504000036;0.09984756480763445;3602;0.014811540604473738
Goal_37;978485;3573810.5454666633;0.3333333333333333;978485;3573806.9310000045;0.09989507372449613;891;0.0
Goal_39;978485;3573810.5454666633;0.4444444444444444;978485;3564290.1504000043;0.09989507372449613;873;0.0
Goal_23;978485;2382540.363644442;0.1111111111111111;977679;3431436.338700005;0.11111565710714325;3602;3.653041555059574E-5
Goal_40;978485;3573810.5454666633;0.5;978485;3572453.656100003;0.09989507372449775;871;0.0
Goal_38;978485;3573810.5454666633;0.38888888888888884;978485;3560045.6721000024;0.09989507372449613;1343;0.0
Goal_43;978485;4765080.727288884;0.1111111111111111;978485;4765080.375700002;0.09989507372449613;845;0.0
Goal_46;978485;4765080.727288884;0.2777777777777778;978485;4723759.503900003;0.09989507372449613;779;0.0
Goal_49;978485;4765080.727288884;0.4444444444444444;978485;4747092.371900003;0.09989507372449613;298;0.0
Goal_45;978485;4765080.727288884;0.2222222222222222;978485;4636746.748900003;0.09989507372449613;1103;0.0
Goal_31;978485;3573810.5454666633;0.0;978485;3573810.4204000016;0.09989507372449613;3602;0.010155456858494085
Goal_44;978485;4765080.727288884;0.16666666666666666;978485;4605163.564400003;0.09989507372449613;1412;0.0
Goal_48;978485;4765080.727288884;0.38888888888888884;978485;4657630.229200002;0.09989507372449613;1048;0.0
Goal_50;978485;4765080.727288884;0.5;978485;4653860.618900003;0.09989507372449644;673;0.0
Goal_32;978485;3573810.5454666633;0.05555555555555555;978485;3573807.3378000027;0.09989507372449613;3602;0.013923489817298882
Goal_47;978485;4765080.727288884;0.3333333333333333;978485;4765078.238500003;0.09989507372449613;1438;0.0
Goal_53;978485;5956350.909111105;0.1111111111111111;978485;5956350.8094;0.09989507372449613;246;0.0
Goal_54;978485;5956350.909111105;0.16666666666666666;978485;5882764.382700001;0.09989507372449243;249;0.0
Goal_59;978485;5956350.909111105;0.4444444444444444;978485;5956349.298800004;0.0998950737244961;293;0.0
Goal_60;978485;5956350.909111105;0.5;978485;5926419.6521000005;0.09989507372449606;319;0.0
Goal_55;978485;5956350.909111105;0.2222222222222222;978485;5897405.999499994;0.0998950737244946;772;0.0
Goal_56;978485;5956350.909111105;0.2777777777777778;978485;5956350.202600001;0.09989507372449613;1134;0.0
Goal_58;978485;5956350.909111105;0.38888888888888884;978485;5956349.326;0.09989507372449613;1200;0.0
Goal_63;978485;7147621.090933327;0.1111111111111111;978485;7147606.353100004;0.0998950737245027;719;0.0
Goal_57;978485;5956350.909111105;0.3333333333333333;978485;5956348.183499998;0.09989507372449613;1470;0.0
Goal_41;978485;4765080.727288884;0.0;978485;4720010.183100003;0.09989507372449613;3602;0.009230163339979064
Goal_67;978485;7147621.090933327;0.3333333333333333;978485;7140804.432700008;0.09989507372449613;260;0.0
Goal_64;978485;7147621.090933327;0.16666666666666666;978485;7147603.388400001;0.09989507372449614;701;0.0
Goal_68;978485;7147621.090933327;0.38888888888888884;978485;7090441.394300008;0.09989507372449613;220;0.0
Goal_42;978485;4765080.727288884;0.05555555555555555;978485;4525261.852900002;0.09989507372449613;3601;0.013993363680417318
Goal_65;978485;7147621.090933327;0.2222222222222222;978485;7146223.831500001;0.09989507372449613;1277;0.0
Goal_66;978485;7147621.090933327;0.2777777777777778;978485;7142716.550299999;0.09989507372449613;1230;0.0
Goal_70;978485;7147621.090933327;0.5;978485;7147620.859599996;0.09989507372449613;1175;0.0
Goal_69;978485;7147621.090933327;0.4444444444444444;978485;7147620.9989;0.09989507372449613;1320;0.0
Goal_51;978485;5956350.909111105;0.0;978485;5956350.626600002;0.09989507372449613;3602;0.009358352227114168
Goal_52;978485;5956350.909111105;0.05555555555555555;978485;5956216.031899993;0.09989507372449613;3602;0.013199859643226465
Goal_76;978485;8338891.272755547;0.2777777777777778;978485;8182390.543200005;0.09989507372449613;646;0.0
Goal_77;978485;8338891.272755547;0.3333333333333333;978485;8124231.915600004;0.09989507372449623;632;0.0
Goal_75;978485;8338891.272755547;0.2222222222222222;978485;8276128.537900002;0.09989507372449613;800;0.0
Goal_78;978485;8338891.272755547;0.38888888888888884;978485;8256384.388100009;0.09989507372449613;611;0.0
Goal_73;978485;8338891.272755547;0.1111111111111111;978485;8338891.048799999;0.09989507372449613;1287;0.0
Goal_74;978485;8338891.272755547;0.16666666666666666;978485;8240937.023600005;0.09989507372449613;1270;0.0
Goal_61;978485;7147621.090933327;0.0;978485;7067193.943599999;0.09989507372449613;3602;0.009297088862940185
Goal_62;978485;7147621.090933327;0.05555555555555555;978485;6723171.965800006;0.09989507372449469;3602;0.01198956568970389
Goal_85;978485;9530161.454577768;0.2222222222222222;978485;9049929.313900013;0.09989507372449612;265;0.0
Goal_83;978485;9530161.454577768;0.1111111111111111;978485;9478054.812700007;0.09989507372449613;612;0.0
Goal_84;978485;9530161.454577768;0.16666666666666666;978485;9512497.842600003;0.09989507372449612;785;0.0
Goal_80;978485;8338891.272755547;0.5;978485;8338890.791800015;0.09989507372449613;1054;0.0
Goal_79;978485;8338891.272755547;0.4444444444444444;978485;8338889.940999998;0.09989507372449613;1246;0.0
Goal_89;978485;9530161.454577768;0.4444444444444444;978485;9514664.817099998;0.09989507372449613;278;0.0
Goal_86;978485;9530161.454577768;0.2777777777777778;978485;9530154.8609;0.09989507372449613;1125;0.0
Goal_88;978485;9530161.454577768;0.38888888888888884;978485;8933929.786800005;0.09989507372448345;731;0.0
Goal_71;978485;8338891.272755547;0.0;978484;7144213.896900003;0.09989404953765697;3602;0.009347193939683196
Goal_72;978485;8338891.272755547;0.05555555555555555;978485;8198194.599800012;0.09989507372449613;3601;0.013463370646339455
Goal_87;978485;9530161.454577768;0.3333333333333333;978485;9432151.553099995;0.09989507372449613;1272;0.0
Goal_95;978485;1.072143163639999E7;0.2222222222222222;978485;1.0441298847399997E7;0.09989507372449613;207;0.0
Goal_94;978485;1.072143163639999E7;0.16666666666666666;978485;1.07214308792E7;0.09989507372449613;674;0.0
Goal_90;978485;9530161.454577768;0.5;978485;9431687.446999995;0.09989507372449613;1181;0.0
Goal_93;978485;1.072143163639999E7;0.1111111111111111;978485;1.0684682396999996E7;0.09989507372449613;1379;0.0
Goal_96;978485;1.072143163639999E7;0.2777777777777778;978485;1.0691425652499998E7;0.09989507372449613;1137;0.0
Goal_100;978485;1.072143163639999E7;0.5;978485;1.0019586892099999E7;0.09989507372449416;616;0.0
Goal_98;978485;1.072143163639999E7;0.38888888888888884;978485;1.0358911348900001E7;0.0998950737244993;1397;0.0
Goal_99;978485;1.072143163639999E7;0.4444444444444444;978485;1.0721430815499995E7;0.09989507372449613;1406;0.0
Goal_81;978485;9530161.454577768;0.0;978485;9523830.714000003;0.09989507372449613;3602;0.005417000959023128
Goal_82;978485;9530161.454577768;0.05555555555555555;978485;9488412.899000002;0.09989507372449613;3602;0.013914133480917839
Goal_97;978485;1.072143163639999E7;0.3333333333333333;978485;1.0272532929000005E7;0.09989507372449613;2024;0.0
Goal_108;948520;0.0;0.38888888888888884;948520;2296579.4694;0.36038029365740504;476;4.999195701629883E-14
Goal_109;948520;0.0;0.4444444444444444;948520;2296579.4694;0.36038029365808916;393;4.355359891571688E-15
Goal_91;978485;1.072143163639999E7;0.0;978485;8179003.280199998;0.09989507372449613;3602;0.009519474312539338
Goal_92;978485;1.072143163639999E7;0.05555555555555555;978485;7600962.606200007;0.09989507372449613;3602;0.013511512995304398
Goal_110;948520;0.0;0.5;948520;2296579.4694;0.3603802936580892;457;6.627721574130814E-15
Goal_101;948520;0.0;0.0;943157;2649576.9764000014;0.1548675903229139;3601;0.40282468463631177
Goal_102;948520;0.0;0.05555555555555555;944618;2674121.0721999984;0.1634205005341538;3601;0.45249357427252596
Goal_103;948520;0.0;0.1111111111111111;948520;2809424.847300002;0.11841358271391353;3602;0.16795849318059833
Goal_104;948520;0.0;0.16666666666666666;948520;2575309.4126999998;0.16666469288011504;3601;0.07035369876725218
Goal_105;948520;0.0;0.2222222222222222;948520;2475760.7616000012;0.22221970112339684;3601;0.05674226356250668
Goal_106;948520;0.0;0.2777777777777778;948520;2349144.7568000015;0.27774743975142185;3602;0.018883408505491476
Goal_107;948520;0.0;0.3333333333333333;948520;2299869.468200001;0.3332939736501599;3602;3.2648134020002396E-4
Goal_118;948520;1191270.181822221;0.38888888888888884;948520;2296579.4694;0.36038029365808916;483;1.8689060924598383E-14
Goal_119;948520;1191270.181822221;0.4444444444444444;948520;2296579.4694;0.36038029365808893;462;1.5147975696779793E-14
Goal_120;948520;1191270.181822221;0.5;948520;2296579.4694;0.36038029365757845;466;9.777329767920696E-14
Goal_111;948520;1191270.181822221;0.0;948541;2852043.367;0.1168389785144811;3602;0.3409586973690794
Goal_112;948520;1191270.181822221;0.05555555555555555;948517;2775472.869299999;0.13173760750866625;3601;0.4416912903471649
Goal_113;948520;1191270.181822221;0.1111111111111111;948520;2758437.540100001;0.1271052068404586;3602;0.3410793211672363
Goal_114;948520;1191270.181822221;0.16666666666666666;948520;2591338.8914999985;0.16666620818099262;3602;0.14035397713596193
Goal_126;948520;2382540.363644442;0.2777777777777778;948520;2382455.712500001;0.2777761885111343;1263;0.0
Goal_115;948520;1191270.181822221;0.2222222222222222;948520;2442200.1047999994;0.22221694531969208;3601;0.08688155247602422
Goal_116;948520;1191270.181822221;0.2777777777777778;948520;2343004.1262;0.2777787796708938;3601;0.03369367115337794
Goal_117;948520;1191270.181822221;0.3333333333333333;948520;2300433.1752000004;0.33332398466723406;3602;0.003365061547897052
Goal_130;948520;2382540.363644442;0.5;948520;2371352.6920000007;0.3594820281411955;887;0.0
Goal_128;948520;2382540.363644442;0.38888888888888884;948520;2378516.8989;0.354276993059835;1112;0.0
Goal_129;948520;2382540.363644442;0.4444444444444444;948520;2348405.3227999997;0.36913964457762766;1087;0.0
Goal_121;948520;2382540.363644442;0.0;945693;2706389.331800001;0.1475438600809791;3600;0.6935772901324881
Goal_122;948520;2382540.363644442;0.05555555555555555;948106;2765993.6217000023;0.1350508550103403;3602;0.7369520667036827
Goal_123;948520;2382540.363644442;0.1111111111111111;948487;2716361.5045000017;0.13669100492303923;3600;0.9106030526584407
Goal_127;948520;2382540.363644442;0.3333333333333333;948520;2380932.2270999993;0.3331785361351619;1423;0.0
Goal_136;948520;3573810.5454666633;0.2777777777777778;948520;3340374.9768;0.2707537210898528;370;0.0
Goal_124;948520;2382540.363644442;0.16666666666666666;948520;2657007.9356;0.16666502895619237;3602;0.9594827140130321
Goal_125;948520;2382540.363644442;0.2222222222222222;948524;2527666.174600002;0.22222043695690077;3602;1.0
Goal_138;948520;3573810.5454666633;0.38888888888888884;948520;3378750.4690000024;0.34645566499516184;721;0.0
Goal_137;948520;3573810.5454666633;0.3333333333333333;948520;3573807.0254000016;0.3196671220189925;1082;0.0
Goal_135;948520;3573810.5454666633;0.2222222222222222;948520;3573789.9154000017;0.21952991214479103;1299;0.0
Goal_134;948520;3573810.5454666633;0.16666666666666666;948532;3560105.891200003;0.16664868888050866;1454;0.0
Goal_140;948520;3573810.5454666633;0.5;948520;3573807.3551000007;0.363175909395844;771;0.0
Goal_139;948520;3573810.5454666633;0.4444444444444444;948520;3565570.6843000003;0.3390916531907402;1260;0.0
Goal_145;948520;4765080.727288884;0.2222222222222222;949895;4643721.454100001;0.216495789307022;1033;0.0
Goal_143;948520;4765080.727288884;0.1111111111111111;951286;4702943.923500003;0.1111102404920001;1320;0.0
Goal_147;948520;4765080.727288884;0.3333333333333333;948520;4765069.574199999;0.32917744443951685;826;0.0
Goal_144;948520;4765080.727288884;0.16666666666666666;948604;4641471.7571;0.16661900364773619;1367;0.0
Goal_146;948520;4765080.727288884;0.2777777777777778;948639;4763824.161600004;0.2777292069025318;1140;0.0
Goal_131;948520;3573810.5454666633;0.0;944632;3532949.2336999956;0.15702725016399322;3601;0.7856483552230763
Goal_148;948520;4765080.727288884;0.38888888888888884;948520;4762299.559600001;0.2902804302571448;746;0.0
Goal_132;948520;3573810.5454666633;0.05555555555555555;948520;3573809.1986000007;0.12280988296482619;3600;0.7812513487946959
Goal_149;948520;4765080.727288884;0.4444444444444444;948520;4764878.939600003;0.34800006511322823;920;0.0
Goal_133;948520;3573810.5454666633;0.1111111111111111;948520;3573199.161399997;0.11448071736422531;3602;1.0
Goal_150;948520;4765080.727288884;0.5;948520;4765080.6681;0.33834464420311405;1103;0.0
Goal_154;948520;5956350.909111105;0.16666666666666666;948520;5894345.0352;0.16625403886631385;872;0.0
Goal_153;948520;5956350.909111105;0.1111111111111111;948520;5856838.025700003;0.11108018303577977;1355;0.0
Goal_156;948520;5956350.909111105;0.2777777777777778;948520;5956350.884500004;0.27187052099599196;916;0.0
Goal_141;948520;4765080.727288884;0.0;948527;4726777.343;0.12375224005976417;3602;0.6271005002674327
Goal_157;948520;5956350.909111105;0.3333333333333333;948520;5956348.660900003;0.3116145150258446;983;0.0
Goal_142;948520;4765080.727288884;0.05555555555555555;940701;4495904.315500001;0.16466745406982705;3601;0.9063409645914462
Goal_158;948520;5956350.909111105;0.38888888888888884;948520;5934002.994799998;0.3618247418473021;844;0.0
Goal_159;948520;5956350.909111105;0.4444444444444444;948520;5452798.559100002;0.34369216769338995;807;0.0
Goal_160;948520;5956350.909111105;0.5;948520;5693120.8132;0.34961883480246897;720;0.0
Goal_155;948520;5956350.909111105;0.2222222222222222;948520;5829908.9431;0.22221990881618664;1631;0.0
Goal_168;948520;7147621.090933327;0.38888888888888884;948520;6749068.005500003;0.3667097926148273;556;0.0
Goal_165;948520;7147621.090933327;0.2222222222222222;948520;7147613.795200001;0.21508129934354972;1151;0.0
Goal_163;948520;7147621.090933327;0.1111111111111111;952018;6704131.631900002;0.11057165491426002;1250;0.0
Goal_164;948520;7147621.090933327;0.16666666666666666;948520;6739666.8255999945;0.16659978808306378;1508;0.0
Goal_166;948520;7147621.090933327;0.2777777777777778;948520;6440662.3472000025;0.2776747365304521;1186;0.0
Goal_167;948520;7147621.090933327;0.3333333333333333;948520;7068013.944999999;0.33298561054447734;1250;0.0
Goal_151;948520;5956350.909111105;0.0;947726;5735438.3889;0.15331451132923857;3600;0.7611692506621855
Goal_152;948520;5956350.909111105;0.05555555555555555;948361;5687320.291700003;0.1388715301398051;3602;0.8388161196890935
Goal_169;948520;7147621.090933327;0.4444444444444444;948520;6655016.284500006;0.2757307002750894;914;0.0
Goal_170;948520;7147621.090933327;0.5;948520;7109420.761100001;0.3573859551943101;1081;0.0
Goal_175;948520;8338891.272755547;0.2222222222222222;948520;8338839.243100002;0.22156131436797832;1060;0.0
Goal_177;948520;8338891.272755547;0.3333333333333333;948520;8338889.032900005;0.3202337576201669;1006;0.0
Goal_176;948520;8338891.272755547;0.2777777777777778;948520;8338886.520600002;0.24351871605821304;1106;0.0
Goal_173;948520;8338891.272755547;0.1111111111111111;948520;7200837.452900003;0.11109657712548997;1517;0.0
Goal_174;948520;8338891.272755547;0.16666666666666666;949975;7044521.614099999;0.1666596463925712;1390;0.0
Goal_178;948520;8338891.272755547;0.38888888888888884;948520;8338119.8578000115;0.3717337593996679;1092;0.0
Goal_161;948520;7147621.090933327;0.0;948520;7094220.499400001;0.12324601446330284;3602;0.6240440207908302
Goal_162;948520;7147621.090933327;0.05555555555555555;948520;6546619.938100001;0.1279859677786433;3601;0.80260312499743
Goal_179;948520;8338891.272755547;0.4444444444444444;948520;8338891.0727;0.32941269489175384;1035;0.0
Goal_180;948520;8338891.272755547;0.5;948520;8332488.546900004;0.3944854411619376;941;0.0
Goal_187;948520;9530161.454577768;0.3333333333333333;948520;8616919.232400004;0.2954723247000221;665;0.0
Goal_183;948520;9530161.454577768;0.1111111111111111;951261;8788064.414900001;0.11102541031850696;1514;0.0
Goal_185;948520;9530161.454577768;0.2222222222222222;948520;9124591.262599995;0.21708327011907638;1276;0.0
Goal_184;948520;9530161.454577768;0.16666666666666666;952432;9481115.412299998;0.16663963105924307;1426;0.0
Goal_188;948520;9530161.454577768;0.38888888888888884;948520;9040262.019600011;0.34087971436874265;906;0.0
Goal_171;948520;8338891.272755547;0.0;948530;8031066.925399995;0.11521785498147095;3602;0.5698039496402687
Goal_186;948520;9530161.454577768;0.2777777777777778;948520;7412286.5885000015;0.27776815407942684;1297;0.0
Goal_172;948520;8338891.272755547;0.05555555555555555;948520;7352848.913700001;0.12281991328135854;3601;0.7812685656684825
Goal_190;948520;9530161.454577768;0.5;948520;7034346.9226;0.35604449896862483;819;0.0
Goal_189;948520;9530161.454577768;0.4444444444444444;948520;9440204.545500003;0.35269764668299625;995;0.0
Goal_193;948520;1.072143163639999E7;0.1111111111111111;958060;9781039.378099998;0.1111136756719092;1304;0.0
Goal_195;948520;1.072143163639999E7;0.2222222222222222;948520;8981207.508700006;0.2222222728029403;1319;0.0
Goal_196;948520;1.072143163639999E7;0.2777777777777778;948520;1.0266030333299996E7;0.2772486885245128;1061;0.0
Goal_194;948520;1.072143163639999E7;0.16666666666666666;948520;6594505.7369;0.1666578927185188;1450;0.0
Goal_198;948520;1.072143163639999E7;0.38888888888888884;950158;9600753.136999996;0.3341680391287827;810;0.0
Goal_197;948520;1.072143163639999E7;0.3333333333333333;948520;1.0640967134799998E7;0.33333338208695673;920;0.0
Goal_181;948520;9530161.454577768;0.0;948520;8160026.714300005;0.11994389058081661;3601;0.6030587096774722
Goal_182;948520;9530161.454577768;0.05555555555555555;946361;8326153.952400006;0.15488958452576398;3601;0.880754123965758
Goal_199;948520;1.072143163639999E7;0.4444444444444444;948520;9412343.812800007;0.37241545677066396;917;0.0
Goal_200;948520;1.072143163639999E7;0.5;948520;1.0707797754900003E7;0.33787884918243066;961;0.0
Goal_191;948520;1.072143163639999E7;0.0;948525;9374604.798300002;0.11131945973971802;3602;0.5391799274767168
Goal_192;948520;1.072143163639999E7;0.05555555555555555;948330;1.0235796497800006E7;0.13208472201312055;3602;0.8184896663056194
Goal_210;918555;0.0;0.5;918555;1443208.8431999998;0.4497369763166872;53;0.0
Goal_201;918555;0.0;0.0;918555;2369259.7662999984;0.15219581477813748;3601;0.4063879746592453
Goal_202;918555;0.0;0.05555555555555555;920618;2442753.4781;0.14159813449595937;3601;0.38928202669562967
Goal_203;918555;0.0;0.1111111111111111;918590;2474302.928000002;0.14249898264488947;3601;0.3924818268763307
Goal_204;918555;0.0;0.16666666666666666;918661;2247895.8654000005;0.16666938557776936;3602;0.1981081853614631
Goal_205;918555;0.0;0.2222222222222222;918555;1938698.8137999997;0.22222123051502604;3602;0.19777578465654058
Goal_206;918555;0.0;0.2777777777777778;918565;1875350.8364000006;0.2777776414230347;3601;0.20639261330711373
Goal_207;918555;0.0;0.3333333333333333;918555;1820862.5702;0.33336285379788516;3600;0.20566396269869763
Goal_208;918555;0.0;0.38888888888888884;918555;1517213.2277000004;0.38888287760783335;3602;0.04877139056596697
Goal_209;918555;0.0;0.4444444444444444;918555;1443548.3117;0.44444281528180135;3601;9.316194804576158E-5
Goal_220;918555;1191270.181822221;0.5;918555;1443208.8431999998;0.4497369763166872;27;2.786983329143931E-11
Goal_211;918555;1191270.181822221;0.0;919830;2345624.3181000026;0.15090322721471425;3601;0.5584264187957951
Goal_212;918555;1191270.181822221;0.05555555555555555;919445;2424577.1709000003;0.13744305737087562;3601;0.532956991309313
Goal_213;918555;1191270.181822221;0.1111111111111111;918645;2355100.1910999985;0.15049701989765435;3600;0.6367739246279366
Goal_214;918555;1191270.181822221;0.16666666666666666;918555;2164895.2761000004;0.18036564877580902;3600;0.5857211434126856
Goal_215;918555;1191270.181822221;0.2222222222222222;918555;2101487.2255999986;0.22222259464827446;3601;0.4962708184705286
Goal_216;918555;1191270.181822221;0.2777777777777778;918649;1750502.4947000006;0.27777828005164446;3602;0.3430793273110147
Goal_217;918555;1191270.181822221;0.3333333333333333;918555;1580396.7102000008;0.3333339246282012;3601;0.22123107780725998
Goal_218;918555;1191270.181822221;0.38888888888888884;918555;1487153.7001000012;0.3888892924645371;3601;0.11410636385139909
Goal_219;918555;1191270.181822221;0.4444444444444444;918555;1443540.0852999997;0.44444431827966924;3602;5.8297446452743286E-5
Goal_228;918555;2382540.363644442;0.38888888888888884;918555;2382539.9658;0.3830334010839216;990;0.0
Goal_226;918555;2382540.363644442;0.2777777777777778;918555;2327974.6676000007;0.2771308580538662;1555;0.0
Goal_227;918555;2382540.363644442;0.3333333333333333;918555;2382527.8693000013;0.33333243639381044;1386;0.0
Goal_230;918555;2382540.363644442;0.5;918555;2382534.052700002;0.4609458604509255;931;0.0
Goal_225;918555;2382540.363644442;0.2222222222222222;918773;2380056.3037000005;0.2222222843892605;1757;0.0
Goal_229;918555;2382540.363644442;0.4444444444444444;918555;2382538.636599999;0.4438413106592815;1224;0.0
Goal_221;918555;2382540.363644442;0.0;920050;2437122.7844999987;0.14453846485607585;3601;0.7306299623740298
Goal_222;918555;2382540.363644442;0.05555555555555555;918850;2506900.122;0.1604502657673609;3601;0.8641398090847983
Goal_235;918555;3573810.5454666633;0.2222222222222222;919446;3570217.8214999973;0.22222326239131115;1502;0.0
Goal_238;918555;3573810.5454666633;0.38888888888888884;918555;3573800.8806000007;0.38887937638382336;1271;0.0
Goal_234;918555;3573810.5454666633;0.16666666666666666;918967;3536962.3872000007;0.16666431604833637;1692;0.0
Goal_223;918555;2382540.363644442;0.1111111111111111;919712;2814870.5989000024;0.1412724317615494;3601;1.0
Goal_236;918555;3573810.5454666633;0.2777777777777778;919003;3484147.8964999993;0.2777721050662221;1589;0.0
Goal_237;918555;3573810.5454666633;0.3333333333333333;918800;3537524.2809999986;0.3333335848397912;1473;0.0
Goal_224;918555;2382540.363644442;0.16666666666666666;918555;2638042.965499999;0.16664627678012708;3601;1.0
Goal_240;918555;3573810.5454666633;0.5;918555;3406677.0432;0.45315882947184866;773;0.0
Goal_239;918555;3573810.5454666633;0.4444444444444444;919187;3539760.0641000024;0.4437902650414743;969;0.0
Goal_245;918555;4765080.727288884;0.2222222222222222;920837;4590548.602099999;0.221122530492191;782;0.0
Goal_231;918555;3573810.5454666633;0.0;933007;3575232.991199999;0.10733638811492721;3602;0.509182015939009
Goal_247;918555;4765080.727288884;0.3333333333333333;919234;4462169.137300004;0.33332111215805194;842;0.0
Goal_244;918555;4765080.727288884;0.16666666666666666;919998;4682857.1123;0.16648578256992302;1655;0.0
Goal_232;918555;3573810.5454666633;0.05555555555555555;919482;3568775.264899998;0.12040901774675873;3602;0.6867053965016452
Goal_233;918555;3573810.5454666633;0.1111111111111111;918825;3573527.071000001;0.12479823140596;3601;1.0
Goal_243;918555;4765080.727288884;0.1111111111111111;921060;4745675.049399996;0.11111501597655096;1998;0.0
Goal_248;918555;4765080.727288884;0.38888888888888884;918555;4748145.5907000005;0.3880027528234696;1245;0.0
Goal_246;918555;4765080.727288884;0.2777777777777778;921400;4365132.432300002;0.2776624119489837;1446;0.0
Goal_249;918555;4765080.727288884;0.4444444444444444;918555;4743053.931600001;0.435276469171494;1028;0.0
Goal_250;918555;4765080.727288884;0.5;918677;4763575.657600003;0.4577394255533023;953;0.0
Goal_258;918555;5956350.909111105;0.38888888888888884;918555;5942716.005700006;0.37401942430199;235;0.0
Goal_255;918555;5956350.909111105;0.2222222222222222;918555;5939702.985799996;0.22221792447792138;1046;0.0
Goal_253;918555;5956350.909111105;0.1111111111111111;931265;5952525.567499996;0.11111101879364439;1418;0.0
Goal_256;918555;5956350.909111105;0.2777777777777778;920708;5722852.183600001;0.2777761300981919;1219;0.0
Goal_254;918555;5956350.909111105;0.16666666666666666;918663;5849627.202999992;0.16666612193111294;1436;0.0
Goal_241;918555;4765080.727288884;0.0;918555;4764736.871600001;0.12747138684950104;3602;0.6530979493298834
Goal_242;918555;4765080.727288884;0.05555555555555555;918724;4767123.528700003;0.12553413245236988;3602;0.7417450588367814
Goal_257;918555;5956350.909111105;0.3333333333333333;920448;5611468.706900005;0.33327480025866;1146;0.0
Goal_259;918555;5956350.909111105;0.4444444444444444;918555;5929481.157600001;0.4391554008291666;845;0.0
Goal_260;918555;5956350.909111105;0.5;918555;5956350.477700006;0.46828216972553394;1093;0.0
Goal_266;918555;7147621.090933327;0.2777777777777778;918559;7024578.731900002;0.27767549793098295;1280;0.0
Goal_265;918555;7147621.090933327;0.2222222222222222;919302;6581012.862300001;0.22068007414457672;1422;0.0
Goal_264;918555;7147621.090933327;0.16666666666666666;937226;7026153.491599997;0.1666682058344298;1460;0.0
Goal_263;918555;7147621.090933327;0.1111111111111111;929716;7116775.123100001;0.111111528792344;1538;0.0
Goal_267;918555;7147621.090933327;0.3333333333333333;918555;6302536.278100005;0.3332823072187894;1419;0.0
Goal_268;918555;7147621.090933327;0.38888888888888884;918555;6058324.987399998;0.38258578696085893;868;0.0
Goal_251;918555;5956350.909111105;0.0;918579;5956768.924600007;0.12096539980877494;3602;0.6128184452066465
Goal_252;918555;5956350.909111105;0.05555555555555555;918561;5944761.147400007;0.12346119966778277;3602;0.7328860102091552
Goal_269;918555;7147621.090933327;0.4444444444444444;918555;7060090.173300003;0.4443980976107181;612;0.0
Goal_270;918555;7147621.090933327;0.5;918555;7147605.458999999;0.46655898405664725;693;0.0
Goal_275;918555;8338891.272755547;0.2222222222222222;918841;7316411.481500004;0.22222177098050053;711;0.0
Goal_274;918555;8338891.272755547;0.16666666666666666;919380;7948852.010800004;0.1666674529680826;1371;0.0
Goal_276;918555;8338891.272755547;0.2777777777777778;918555;6316776.857000003;0.27765045866068716;1343;0.0
Goal_278;918555;8338891.272755547;0.38888888888888884;919520;8315633.412900002;0.3888053645515638;1030;0.0
Goal_261;918555;7147621.090933327;0.0;918792;6950097.535599998;0.12215177550865847;3602;0.6199148132257273
Goal_277;918555;8338891.272755547;0.3333333333333333;918555;7474228.17;0.3324519288150247;1263;0.0
Goal_273;918555;8338891.272755547;0.1111111111111111;928097;7052231.2027;0.11111124467047094;1704;0.0
Goal_262;918555;7147621.090933327;0.05555555555555555;918584;7142146.172399998;0.11982862099642448;3601;0.7144078267158153
Goal_279;918555;8338891.272755547;0.4444444444444444;918555;8027171.109300005;0.4443328304131637;990;0.0
Goal_280;918555;8338891.272755547;0.5;918555;7701271.555800004;0.450989138054071;586;0.0
Goal_285;918555;9530161.454577768;0.2222222222222222;919583;7334952.7996000005;0.22220904571035174;1285;0.0
Goal_284;918555;9530161.454577768;0.16666666666666666;918589;9202932.5142;0.16666533413418855;1367;0.0
Goal_286;918555;9530161.454577768;0.2777777777777778;918555;6887361.808099998;0.27776983070877526;1343;0.0
Goal_287;918555;9530161.454577768;0.3333333333333333;918580;7812878.941999996;0.3333344179117226;1404;0.0
Goal_288;918555;9530161.454577768;0.38888888888888884;918555;9145546.537199996;0.37459577174697856;1380;0.0
Goal_271;918555;8338891.272755547;0.0;918593;8309312.132700001;0.10824271936587854;3601;0.5160876428757045
Goal_272;918555;8338891.272755547;0.05555555555555555;918555;7641272.6805;0.11332826133117528;3601;0.6750611354106968
Goal_290;918555;9530161.454577768;0.5;918555;7385648.238999998;0.46386348340401723;473;0.0
Goal_283;918555;9530161.454577768;0.1111111111111111;951030;8448972.740500001;0.11111449188301782;2022;0.0
Goal_289;918555;9530161.454577768;0.4444444444444444;918555;7276126.1056;0.43677502264508394;741;0.0
Goal_293;918555;1.072143163639999E7;0.1111111111111111;925054;7495932.731999997;0.11035659296890606;1354;0.0
Goal_296;918555;1.072143163639999E7;0.2777777777777778;927072;1.0450422408000002E7;0.2764254467691375;1199;0.0
Goal_295;918555;1.072143163639999E7;0.2222222222222222;919953;1.0127579179299992E7;0.22222221065813555;1308;0.0
Goal_294;918555;1.072143163639999E7;0.16666666666666666;927038;1.0180478371200005E7;0.16585183014416746;1344;0.0
Goal_300;918555;1.072143163639999E7;0.5;918555;1.0440914536400003E7;0.4596080925934538;216;0.0
Goal_297;918555;1.072143163639999E7;0.3333333333333333;922623;1.0696860207200002E7;0.3333307505639416;1465;0.0
Goal_281;918555;9530161.454577768;0.0;918585;9424842.628399998;0.1093334018373648;3602;0.525399419385244
Goal_282;918555;9530161.454577768;0.05555555555555555;918555;9460749.388000004;0.11857491461208601;3602;0.7036115166805277
Goal_298;918555;1.072143163639999E7;0.38888888888888884;919069;6891079.736100004;0.3888833084334277;1503;0.0
Goal_299;918555;1.072143163639999E7;0.4444444444444444;918618;9519200.8162;0.4444446385009259;785;0.0
Goal_291;918555;1.072143163639999E7;0.0;918553;1.0430331757099994E7;0.11901566687061764;3601;0.6015038331575694
Goal_292;918555;1.072143163639999E7;0.05555555555555555;918557;1.0058094898399998E7;0.12366882235727521;3601;0.7283882034969416
Goal_310;888591;0.0;0.5;888591;791647.5636;0.49626037457731226;41;0.0
Goal_301;888591;0.0;0.0;889351;2042741.5776000002;0.18079868595932874;3600;0.5666131185556408
Goal_302;888591;0.0;0.05555555555555555;888591;2160301.6068999986;0.17690926951103897;3601;0.5947981111152757
Goal_303;888591;0.0;0.1111111111111111;888793;2078336.0344000002;0.17283058093943568;3601;0.602975614838412
Goal_304;888591;0.0;0.16666666666666666;893763;1928457.8384999994;0.21777122641253685;3601;0.6648401541254705
Goal_305;888591;0.0;0.2222222222222222;889254;1813972.766399999;0.23298182811346754;3600;0.5140236971264701
Goal_306;888591;0.0;0.2777777777777778;888591;1324014.9527;0.27778455768230903;3600;0.2541954461262329
Goal_307;888591;0.0;0.3333333333333333;888591;1101879.5952999997;0.33333465806115165;3601;0.18258175418925693
Goal_308;888591;0.0;0.38888888888888884;888591;962671.6268999996;0.388884319973118;3601;0.12828933444363547
Goal_317;888591;1191270.181822221;0.3333333333333333;888796;1187505.586500001;0.33333234524559496;1312;0.0
Goal_309;888591;0.0;0.4444444444444444;888591;823907.0327000001;0.44428432737191775;3601;0.024351003229065787
Goal_318;888591;1191270.181822221;0.38888888888888884;888866;1191001.8368000002;0.3888783070932023;1703;0.0
Goal_319;888591;1191270.181822221;0.4444444444444444;888690;1186601.4777000004;0.4444411523006581;1430;0.0
Goal_311;888591;1191270.181822221;0.0;891404;2246285.738700001;0.15033819584398972;3601;0.6556871161492103
Goal_320;888591;1191270.181822221;0.5;888591;1159890.3454000005;0.4957531918374425;553;0.0
Goal_312;888591;1191270.181822221;0.05555555555555555;891956;2602829.1681999997;0.11664780879165894;3601;0.6514810116514079
Goal_313;888591;1191270.181822221;0.1111111111111111;890026;2136207.7344000004;0.16321843215812648;3602;0.8594523203482101
Goal_314;888591;1191270.181822221;0.16666666666666666;888591;1934895.1945999989;0.22311329070791636;3600;0.966525474693552
Goal_315;888591;1191270.181822221;0.2222222222222222;890730;1760731.907000001;0.22216179409825537;3602;1.0
Goal_316;888591;1191270.181822221;0.2777777777777778;889649;1526185.4029999997;0.27776898910420916;3602;1.0
Goal_325;888591;2382540.363644442;0.2222222222222222;891085;2382523.7011000006;0.22221802826779097;2217;0.0
Goal_330;888591;2382540.363644442;0.5;888591;2358992.8383999993;0.49727740558407;841;0.0
Goal_328;888591;2382540.363644442;0.38888888888888884;888628;2336211.0312000006;0.3887179250229622;1334;0.0
Goal_327;888591;2382540.363644442;0.3333333333333333;889106;2352969.1005;0.3332730735741172;1548;0.0
Goal_329;888591;2382540.363644442;0.4444444444444444;888592;1949598.3965000003;0.4440661213792641;1375;0.0
Goal_326;888591;2382540.363644442;0.2777777777777778;888758;2371118.8163000015;0.2777612836316646;1705;0.0
Goal_321;888591;2382540.363644442;0.0;888607;2464609.209500001;0.1484958297845214;3602;0.7728458927663249
Goal_322;888591;2382540.363644442;0.05555555555555555;892914;2565064.518800001;0.15655343470427843;3603;0.9132602246513203
Goal_323;888591;2382540.363644442;0.1111111111111111;893095;2385566.9135000026;0.1496910901578289;3602;1.0
Goal_324;888591;2382540.363644442;0.16666666666666666;889212;2654368.2031000005;0.16666720795817155;3602;1.0
Goal_340;888591;3573810.5454666633;0.5;888591;3573802.935499999;0.48352840638762185;664;0.0
Goal_335;888591;3573810.5454666633;0.2222222222222222;888591;3569445.0051999986;0.22222203636486376;1692;0.0
Goal_339;888591;3573810.5454666633;0.4444444444444444;888630;3400057.3986000023;0.4444308600234689;1276;0.0
Goal_336;888591;3573810.5454666633;0.2777777777777778;890209;3521901.806900001;0.2777788394200671;1706;0.0
Goal_334;888591;3573810.5454666633;0.16666666666666666;889111;3442052.678099999;0.16599572189795517;1887;0.0
Goal_338;888591;3573810.5454666633;0.38888888888888884;888591;3419428.330899998;0.38873734116369074;1429;0.0
Goal_337;888591;3573810.5454666633;0.3333333333333333;888591;3549827.620700001;0.33313513524699095;1696;0.0
Goal_331;888591;3573810.5454666633;0.0;896790;3573780.6771000023;0.13359079968635879;3602;0.6820059127303844
Goal_345;888591;4765080.727288884;0.2222222222222222;888592;4621741.998999998;0.22222289697337727;1275;0.0
Goal_332;888591;3573810.5454666633;0.05555555555555555;894407;3573012.374399998;0.13220574222389422;3602;0.7953285758206284
Goal_344;888591;4765080.727288884;0.16666666666666666;888933;4764389.072400005;0.16666622938626938;1464;0.0
Goal_347;888591;4765080.727288884;0.3333333333333333;888591;4643541.661899998;0.3333120036963702;1314;0.0
Goal_346;888591;4765080.727288884;0.2777777777777778;888626;3707095.146499999;0.27777907654218675;1442;0.0
Goal_333;888591;3573810.5454666633;0.1111111111111111;891637;3573037.9401999987;0.13187664547198225;3602;1.0
Goal_350;888591;4765080.727288884;0.5;888591;3364016.6558000017;0.49293546560885676;650;0.0
Goal_343;888591;4765080.727288884;0.1111111111111111;934692;4765071.144;0.11111378770870063;2428;0.0
Goal_348;888591;4765080.727288884;0.38888888888888884;888591;4700643.191600002;0.38881191150697164;1404;0.0
Goal_349;888591;4765080.727288884;0.4444444444444444;888591;4734566.0315;0.4439726606611804;1214;0.0
Goal_341;888591;4765080.727288884;0.0;888699;4765076.001200001;0.13897543317332806;3602;0.6996805882166515
Goal_353;888591;5956350.909111105;0.1111111111111111;915714;5953633.957500002;0.11111149163314556;1429;0.0
Goal_354;888591;5956350.909111105;0.16666666666666666;889998;5709143.538900007;0.16666708289805665;1414;0.0
Goal_342;888591;4765080.727288884;0.05555555555555555;888714;4762907.410199999;0.1486350542513098;3602;0.8339932919994616
Goal_355;888591;5956350.909111105;0.2222222222222222;888621;5852440.673899999;0.2218726706797114;1598;0.0
Goal_356;888591;5956350.909111105;0.2777777777777778;888831;5955188.6303999955;0.27777766894888606;1317;0.0
Goal_357;888591;5956350.909111105;0.3333333333333333;888591;4876587.474599998;0.33304310671543325;1454;0.0
Goal_358;888591;5956350.909111105;0.38888888888888884;888591;5951054.077500004;0.38887367504150633;1465;0.0
Goal_360;888591;5956350.909111105;0.5;888591;5956350.858800002;0.4902538516662766;1031;0.0
Goal_359;888591;5956350.909111105;0.4444444444444444;888591;5618341.5525999945;0.4268498990771709;1100;0.0
Goal_351;888591;5956350.909111105;0.0;888799;5969631.686700003;0.12960578298227787;3602;0.6672345068318424
Goal_364;888591;7147621.090933327;0.16666666666666666;888636;7032779.898899998;0.1630607997768776;1358;0.0
Goal_352;888591;5956350.909111105;0.05555555555555555;888591;5957352.341100005;0.13134818171906545;3602;0.7653797877407104
Goal_367;888591;7147621.090933327;0.3333333333333333;890429;4706602.207999999;0.3332713671957919;1152;0.0
Goal_365;888591;7147621.090933327;0.2222222222222222;891537;6854256.458900003;0.22222124719465733;1347;0.0
Goal_366;888591;7147621.090933327;0.2777777777777778;889996;7146144.009600001;0.2777249422085466;1414;0.0
Goal_368;888591;7147621.090933327;0.38888888888888884;888591;7125974.417599995;0.38888771217652995;1424;0.0
Goal_370;888591;7147621.090933327;0.5;888591;4067430.6803;0.4930791064942746;522;0.0
Goal_369;888591;7147621.090933327;0.4444444444444444;888591;6619894.554000005;0.44318792689802666;826;0.0
Goal_374;888591;8338891.272755547;0.16666666666666666;888591;6797623.004800007;0.16520024044519857;862;0.0
Goal_363;888591;7147621.090933327;0.1111111111111111;912417;7085870.991200002;0.11111086578814851;2863;0.0
Goal_373;888591;8338891.272755547;0.1111111111111111;934340;7667808.391700002;0.11111236291075118;1217;0.0
Goal_361;888591;7147621.090933327;0.0;889017;7150006.580300002;0.12146021987970936;3601;0.6017564789494015
Goal_376;888591;8338891.272755547;0.2777777777777778;889269;8338657.005600006;0.2776760468442674;1221;0.0
Goal_375;888591;8338891.272755547;0.2222222222222222;888591;8195067.483599999;0.2222102136700445;1504;0.0
Goal_378;888591;8338891.272755547;0.38888888888888884;890379;8133624.885000006;0.3888787681056908;824;0.0
Goal_380;888591;8338891.272755547;0.5;888591;8204999.1789000025;0.4934970329222498;640;0.0
Goal_362;888591;7147621.090933327;0.05555555555555555;890151;7030210.623900005;0.12977290784758017;3602;0.8168464379875223
Goal_377;888591;8338891.272755547;0.3333333333333333;890516;7759411.608600009;0.3333031403075566;1287;0.0
Goal_379;888591;8338891.272755547;0.4444444444444444;889145;7440778.666400008;0.4443771076613889;941;0.0
Goal_387;888591;9530161.454577768;0.3333333333333333;891180;5372959.998900005;0.33328543624459034;822;0.0
Goal_388;888591;9530161.454577768;0.38888888888888884;888593;8241686.809800007;0.3888669600605533;887;0.0
Goal_383;888591;9530161.454577768;0.1111111111111111;889997;8211614.084900005;0.11111076339611516;1484;0.0
Goal_384;888591;9530161.454577768;0.16666666666666666;944080;9053813.245599998;0.16663304777150395;1397;0.0
Goal_385;888591;9530161.454577768;0.2222222222222222;912968;6294750.224599998;0.22222224394571197;1438;0.0
Goal_386;888591;9530161.454577768;0.2777777777777778;888644;6613433.7929;0.27773809150000955;1429;0.0
Goal_371;888591;8338891.272755547;0.0;897233;8342728.318099994;0.1109435394614529;3601;0.5438696341682232
Goal_372;888591;8338891.272755547;0.05555555555555555;888592;8338875.179399999;0.12313319729732507;3602;0.7103924928360211
Goal_389;888591;9530161.454577768;0.4444444444444444;888733;3538995.559099999;0.44440352164316976;801;0.0
Goal_390;888591;9530161.454577768;0.5;888591;6390023.7002000045;0.4941551090386037;593;0.0
Goal_396;888591;1.072143163639999E7;0.2777777777777778;889484;6897438.504700004;0.277776289385998;798;0.0
Goal_398;888591;1.072143163639999E7;0.38888888888888884;888594;9876600.8289;0.3888817337123504;884;0.0
Goal_393;888591;1.072143163639999E7;0.1111111111111111;896574;1.0603010962199993E7;0.11111463914209115;1391;0.0
Goal_397;888591;1.072143163639999E7;0.3333333333333333;888591;1.0721431103499997E7;0.33088609704270944;1173;0.0
Goal_394;888591;1.072143163639999E7;0.16666666666666666;888591;7462146.044300004;0.16526613275484353;1408;0.0
Goal_395;888591;1.072143163639999E7;0.2222222222222222;888591;8468344.385300001;0.191465635245089;1289;0.0
Goal_381;888591;9530161.454577768;0.0;888592;9166739.340200005;0.12336040866363653;3603;0.6392760788590292
Goal_400;888591;1.072143163639999E7;0.5;888591;1.070869884889999E7;0.4917912731144232;606;0.0
Goal_382;888591;9530161.454577768;0.05555555555555555;889633;8941145.4485;0.12192838757871623;3602;0.7018068705996695
Goal_399;888591;1.072143163639999E7;0.4444444444444444;888591;7691926.415100003;0.44440245813591833;1254;0.0
Goal_391;888591;1.072143163639999E7;0.0;888591;1.0649217867500009E7;0.13572970646311341;3601;0.6966170975384801
Goal_392;888591;1.072143163639999E7;0.05555555555555555;888593;1.0592663195400005E7;0.1190435574215421;3601;0.6816957521178116
Goal_410;858626;0.0;0.5;858626;297500.79800000007;0.4929470957358618;38;0.0
Goal_401;858626;0.0;0.0;859041;2007133.1544999997;0.17714726709218467;3600;0.5812615299569641
Goal_402;858626;0.0;0.05555555555555555;859793;2057391.5928000007;0.17224664722664595;3600;0.622828411886963
Goal_403;858626;0.0;0.1111111111111111;863964;2009973.9308999998;0.18737704516325163;3601;0.7103527563265462
Goal_404;858626;0.0;0.16666666666666666;859309;2042218.9738999999;0.21525992501446978;3602;0.7478156750163502
Goal_405;858626;0.0;0.2222222222222222;860486;1715653.4423999991;0.22477220232061146;3602;0.5823453447744362
Goal_406;858626;0.0;0.2777777777777778;862223;1275167.4194999994;0.2777588649848285;3601;0.5437086939141402
Goal_407;858626;0.0;0.3333333333333333;858626;997922.5425000008;0.33397924975634913;3601;0.5708696493208919
Goal_408;858626;0.0;0.38888888888888884;858626;498060.5230000002;0.3888891459620544;3602;0.2698820254807734
Goal_418;858626;1191270.181822221;0.38888888888888884;858658;1174321.3283000002;0.38888765500823536;1652;0.0
Goal_409;858626;0.0;0.4444444444444444;858626;338578.6064999999;0.4444451633326223;3600;0.07673780120132612
Goal_411;858626;1191270.181822221;0.0;858719;2393104.0334999994;0.13637381927536005;3601;0.69815142665632
Goal_419;858626;1191270.181822221;0.4444444444444444;858626;1180491.0116999997;0.4441545256100986;1334;0.0
Goal_420;858626;1191270.181822221;0.5;858626;1191269.6346999994;0.4936618019700207;601;0.0
Goal_412;858626;1191270.181822221;0.05555555555555555;903500;2605813.016399999;0.1427735303302652;3602;0.8044981846730119
Goal_413;858626;1191270.181822221;0.1111111111111111;859237;2069189.5594;0.17108753569009152;3602;1.0
Goal_414;858626;1191270.181822221;0.16666666666666666;861613;1997951.0558999993;0.199429422271035;3602;1.0
Goal_415;858626;1191270.181822221;0.2222222222222222;858742;1959902.3849000002;0.22222241842207116;3602;1.0
Goal_417;858626;1191270.181822221;0.3333333333333333;858671;1190160.0928000002;0.3332981093700201;3262;0.0
Goal_416;858626;1191270.181822221;0.2777777777777778;860300;1428306.1599999997;0.27777853887643167;3602;1.0
Goal_430;858626;2382540.363644442;0.5;858626;2243305.7303000004;0.49731769177564517;646;0.0
Goal_425;858626;2382540.363644442;0.2222222222222222;858749;2380675.3219999997;0.2222128688706667;1163;0.0
Goal_429;858626;2382540.363644442;0.4444444444444444;859726;2357719.814200001;0.4440863058058676;1511;0.0
Goal_427;858626;2382540.363644442;0.3333333333333333;858822;2369020.506200001;0.33332776703574263;1615;0.0
Goal_426;858626;2382540.363644442;0.2777777777777778;858626;2376444.748400001;0.27777850607692445;1667;0.0
Goal_424;858626;2382540.363644442;0.16666666666666666;865142;2377303.4485999993;0.16666696612919027;2657;0.0
Goal_428;858626;2382540.363644442;0.38888888888888884;864008;2364214.2428000015;0.38853866848321833;1776;0.0
Goal_421;858626;2382540.363644442;0.0;863723;2457008.370800001;0.1531657003345135;3603;0.7738099250955025
Goal_422;858626;2382540.363644442;0.05555555555555555;864884;2736731.0437000007;0.14405126588480088;3601;0.8909052777992127
Goal_423;858626;2382540.363644442;0.1111111111111111;859964;2606118.5107;0.13783549281377397;3601;1.0
Goal_440;858626;3573810.5454666633;0.5;858626;2806173.6380000003;0.49847862152463845;532;0.0
Goal_436;858626;3573810.5454666633;0.2777777777777778;859094;3390169.857699997;0.2774236339503377;1446;0.0
Goal_435;858626;3573810.5454666633;0.2222222222222222;864811;3359445.9768000003;0.2222196781697779;1651;0.0
Goal_438;858626;3573810.5454666633;0.38888888888888884;858732;3573729.615399998;0.38879881974457753;1250;0.0
Goal_437;858626;3573810.5454666633;0.3333333333333333;858650;3560223.5316000013;0.33326830918851624;1624;0.0
Goal_434;858626;3573810.5454666633;0.16666666666666666;886676;3508720.4461000003;0.16665979016927177;1859;0.0
Goal_439;858626;3573810.5454666633;0.4444444444444444;858630;3171306.8596000005;0.4444450417192698;1375;0.0
Goal_431;858626;3573810.5454666633;0.0;859365;3568170.8337000003;0.15042644290937005;3602;0.7465580797743891
Goal_432;858626;3573810.5454666633;0.05555555555555555;863704;3573596.876099999;0.18370663910294785;3601;0.9063034024113307
Goal_446;858626;4765080.727288884;0.2777777777777778;863559;4647482.298199999;0.27760089213158406;1343;0.0
Goal_445;858626;4765080.727288884;0.2222222222222222;858705;4427516.6212;0.22222264781147147;1378;0.0
Goal_444;858626;4765080.727288884;0.16666666666666666;865363;4692144.3078000005;0.16666693217715992;1487;0.0
Goal_447;858626;4765080.727288884;0.3333333333333333;858626;3787268.748800002;0.3331653115477505;1317;0.0
Goal_450;858626;4765080.727288884;0.5;858626;4749617.737400002;0.49341112204939763;82;0.0
Goal_433;858626;3573810.5454666633;0.1111111111111111;863367;3568085.701000003;0.14728828269245575;3603;1.0
Goal_443;858626;4765080.727288884;0.1111111111111111;911199;4734931.5956;0.1111114679556574;2188;0.0
Goal_449;858626;4765080.727288884;0.4444444444444444;859135;4324886.173299999;0.4444438586323592;843;0.0
Goal_448;858626;4765080.727288884;0.38888888888888884;864385;4350710.611600002;0.38888905122213047;1361;0.0
Goal_441;858626;4765080.727288884;0.0;859240;4765078.2077;0.16183079943822892;3601;0.7908862781501568
Goal_455;858626;5956350.909111105;0.2222222222222222;869410;5955768.566200004;0.22217141452938416;1215;0.0
Goal_454;858626;5956350.909111105;0.16666666666666666;865412;5902430.296999996;0.16666683661649281;1556;0.0
Goal_442;858626;4765080.727288884;0.05555555555555555;866916;4756181.673100002;0.1759840008375512;3601;0.8996942549855882
Goal_460;858626;5956350.909111105;0.5;858626;4210270.539799999;0.49813072087806465;589;0.0
Goal_457;858626;5956350.909111105;0.3333333333333333;870309;5212865.793300001;0.3307327143605466;1451;0.0
Goal_456;858626;5956350.909111105;0.2777777777777778;858962;5213152.298999996;0.2777747436544396;1644;0.0
Goal_459;858626;5956350.909111105;0.4444444444444444;858633;5614869.488399998;0.44442961826792826;1129;0.0
Goal_458;858626;5956350.909111105;0.38888888888888884;867985;4404616.620399999;0.38884387670614884;1792;0.0
Goal_463;858626;7147621.090933327;0.1111111111111111;895105;7020110.1821;0.11111469122986498;1445;0.0
Goal_451;858626;5956350.909111105;0.0;862140;5955356.065100005;0.12982011141948532;3601;0.6556068152801863
Goal_452;858626;5956350.909111105;0.05555555555555555;859949;5958380.869699998;0.14617519444607505;3601;0.8869536924025564
Goal_453;858626;5956350.909111105;0.1111111111111111;882279;5663982.807100002;0.12218507651359597;3602;1.0
Goal_464;858626;7147621.090933327;0.16666666666666666;870343;6935004.852800002;0.16666686318023774;1463;0.0
Goal_465;858626;7147621.090933327;0.2222222222222222;860329;6065780.222700002;0.22220247994314574;1487;0.0
Goal_466;858626;7147621.090933327;0.2777777777777778;863350;5167413.055700003;0.27777775707038493;1298;0.0
Goal_467;858626;7147621.090933327;0.3333333333333333;859282;5757731.2086000005;0.3333275451626591;1217;0.0
Goal_469;858626;7147621.090933327;0.4444444444444444;858655;4358581.295399999;0.4443850581413774;843;0.0
Goal_470;858626;7147621.090933327;0.5;858626;3551231.2709;0.4975151523352407;840;0.0
Goal_468;858626;7147621.090933327;0.38888888888888884;858791;6310474.189;0.3888890211834165;934;0.0
Goal_473;858626;8338891.272755547;0.1111111111111111;895728;8333976.440600003;0.11111275427723535;1208;0.0
Goal_477;858626;8338891.272755547;0.3333333333333333;865580;6357696.043900006;0.3332220371105391;763;0.0
Goal_461;858626;7147621.090933327;0.0;926686;7148826.776100002;0.11069320512194628;3601;0.5487398196490708
Goal_480;858626;8338891.272755547;0.5;858626;5756542.9076000005;0.48817639906801497;56;0.0
Goal_474;858626;8338891.272755547;0.16666666666666666;860208;6233590.403400002;0.16659436910743852;1455;0.0
Goal_475;858626;8338891.272755547;0.2222222222222222;860498;5524327.302500003;0.22221945356250275;1372;0.0
Goal_478;858626;8338891.272755547;0.38888888888888884;873608;5363245.759599999;0.38887235064344877;929;0.0
Goal_462;858626;7147621.090933327;0.05555555555555555;858628;7147618.980299997;0.13433433395059047;3602;0.8870643026134166
Goal_476;858626;8338891.272755547;0.2777777777777778;865072;6102766.469600003;0.2774878128137981;1121;0.0
Goal_479;858626;8338891.272755547;0.4444444444444444;858626;5627931.597100002;0.4431358425021451;604;0.0
Goal_487;858626;9530161.454577768;0.3333333333333333;861625;5700966.0523;0.3319216497111154;1136;0.0
Goal_489;858626;9530161.454577768;0.4444444444444444;858626;5907392.962700003;0.4373015883238017;111;0.0
Goal_485;858626;9530161.454577768;0.2222222222222222;861015;8135988.4469000045;0.2220311682278776;1364;0.0
Goal_484;858626;9530161.454577768;0.16666666666666666;881134;7113085.804600002;0.1666667674379772;1421;0.0
Goal_490;858626;9530161.454577768;0.5;858626;5066158.230100001;0.4851994964923557;55;0.0
Goal_486;858626;9530161.454577768;0.2777777777777778;858626;7458168.0901000025;0.2777792832425518;1419;0.0
Goal_488;858626;9530161.454577768;0.38888888888888884;858627;5855103.902800001;0.3888801341288314;1416;0.0
Goal_471;858626;8338891.272755547;0.0;859895;8300125.6307000015;0.1418937587626312;3600;0.7181950672277679
Goal_483;858626;9530161.454577768;0.1111111111111111;936216;9021646.9964;0.11111349623682804;1874;0.0
Goal_472;858626;8338891.272755547;0.05555555555555555;858761;8338449.532000006;0.14124867055499268;3602;0.8829850925810337
Goal_496;858626;1.072143163639999E7;0.2777777777777778;858774;7083300.1311000055;0.2777132411923771;822;0.0
Goal_495;858626;1.072143163639999E7;0.2222222222222222;893772;7062432.275200003;0.22212471219220178;1172;0.0
Goal_494;858626;1.072143163639999E7;0.16666666666666666;858655;1.0444586233699998E7;0.16666797589920504;1267;0.0
Goal_500;858626;1.072143163639999E7;0.5;858626;5066158.230100001;0.4851994964923557;55;0.0
Goal_498;858626;1.072143163639999E7;0.38888888888888884;866211;4658230.667700001;0.3888897565110755;1303;0.0
Goal_497;858626;1.072143163639999E7;0.3333333333333333;858626;6384254.973200001;0.3333117205577733;1351;0.0
Goal_493;858626;1.072143163639999E7;0.1111111111111111;932933;1.0015955304299997E7;0.1111103250763686;1795;0.0
Goal_481;858626;9530161.454577768;0.0;869238;9060168.784200005;0.11461145391394735;3602;0.585222158902143
Goal_482;858626;9530161.454577768;0.05555555555555555;864692;8498226.497900005;0.13940681791543183;3601;0.8900729216604982
Goal_499;858626;1.072143163639999E7;0.4444444444444444;861627;5651372.913899999;0.444263057004889;978;0.0
Goal_491;858626;1.072143163639999E7;0.0;925072;9304849.249699995;0.1102882880414159;3602;0.5331795112981851
Goal_492;858626;1.072143163639999E7;0.05555555555555555;859202;9616927.772300001;0.1361996350853224;3602;0.8401141141260843
Goal_510;828662;0.0;0.5;828679;0.0;0.4614582707844426;476;0.0
Goal_501;828662;0.0;0.0;834610;2465701.1291000005;0.12121866595259512;3601;0.5322422142157787
Goal_502;828662;0.0;0.05555555555555555;829635;1973070.3184999996;0.1722509898963976;3600;0.6559931923069924
Goal_503;828662;0.0;0.1111111111111111;828662;2010230.2640000014;0.19997777919669413;3600;0.778699627463845
Goal_504;828662;0.0;0.16666666666666666;830921;2011568.5646000002;0.1876255306824054;3601;0.727959395755874
Goal_505;828662;0.0;0.2222222222222222;838914;1862977.0887;0.22667936991955678;3601;0.737288500395299
Goal_506;828662;0.0;0.2777777777777778;834910;1425864.249799999;0.2777784460856551;3602;0.759597923790807
Goal_507;828662;0.0;0.3333333333333333;829701;905119.1418999998;0.33332588514003175;3601;0.8086067079619871
Goal_508;828662;0.0;0.38888888888888884;828664;409734.1135000001;0.388888907882322;3601;0.8622324924190041
Goal_519;828662;1191270.181822221;0.4444444444444444;828662;1191263.0271999997;0.4444252430476335;1359;0.0
Goal_509;828662;0.0;0.4444444444444444;828675;44940.64869999998;0.4444450688631212;3602;1.0
Goal_518;828662;1191270.181822221;0.38888888888888884;835657;1180560.5640999998;0.38888898927948745;1619;0.0
Goal_517;828662;1191270.181822221;0.3333333333333333;830096;1174564.3747999996;0.3333334112992544;1689;0.0
Goal_511;828662;1191270.181822221;0.0;829069;1993692.2354000004;0.18736233809366704;3602;0.813140559841096
Goal_520;828662;1191270.181822221;0.5;828664;1191269.3912000002;0.4862418610340539;1078;0.0
Goal_512;828662;1191270.181822221;0.05555555555555555;828714;1911613.532699998;0.1778474296050592;3601;0.861541748573566
Goal_513;828662;1191270.181822221;0.1111111111111111;830972;1992799.7698000006;0.1706624840612143;3601;1.0
Goal_514;828662;1191270.181822221;0.16666666666666666;829095;2083016.9588999986;0.170128478590449;3602;1.0
Goal_515;828662;1191270.181822221;0.2222222222222222;832660;1890026.0698;0.22380267390659062;3602;1.0
Goal_516;828662;1191270.181822221;0.2777777777777778;828947;1414374.8517000007;0.2777795749469766;3602;1.0
Goal_525;828662;2382540.363644442;0.2222222222222222;829049;2382083.5741000003;0.22217388940117486;1715;0.0
Goal_530;828662;2382540.363644442;0.5;828662;2257030.3377000005;0.4940961194973956;1211;0.0
Goal_527;828662;2382540.363644442;0.3333333333333333;828685;2379749.390599998;0.3333336426123322;1627;0.0
Goal_529;828662;2382540.363644442;0.4444444444444444;833026;2382534.433;0.44440738759737314;1316;0.0
Goal_526;828662;2382540.363644442;0.2777777777777778;828889;2275870.6138000004;0.27773947132058574;1705;0.0
Goal_528;828662;2382540.363644442;0.38888888888888884;830963;2336794.2020000014;0.3888883343454395;1417;0.0
Goal_521;828662;2382540.363644442;0.0;837089;2599538.5962999994;0.1463493500586814;3602;0.7651177627851248
Goal_522;828662;2382540.363644442;0.05555555555555555;835023;2407411.429399999;0.16802742685808209;3601;0.9100363064318895
Goal_523;828662;2382540.363644442;0.1111111111111111;838589;2386428.3533999985;0.15829814698830616;3601;1.0
Goal_524;828662;2382540.363644442;0.16666666666666666;835393;2442585.2339999997;0.16896663028905506;3602;1.0
Goal_539;828662;3573810.5454666633;0.4444444444444444;829821;3518257.447999998;0.4443706024707506;781;0.0
Goal_536;828662;3573810.5454666633;0.2777777777777778;828668;3512003.870700001;0.27777760987748423;1406;0.0
Goal_535;828662;3573810.5454666633;0.2222222222222222;831368;3557520.6253000028;0.22221337097421257;1472;0.0
Goal_537;828662;3573810.5454666633;0.3333333333333333;834274;3513338.595700003;0.33291822248666675;1292;0.0
Goal_540;828662;3573810.5454666633;0.5;828662;3061775.2020999994;0.49442453364285;955;0.0
Goal_534;828662;3573810.5454666633;0.16666666666666666;851493;3559395.9131;0.16666699223968345;2048;0.0
Goal_538;828662;3573810.5454666633;0.38888888888888884;828694;2639522.544700001;0.3888814125032291;1697;0.0
Goal_531;828662;3573810.5454666633;0.0;846795;3573810.3220000016;0.16947386715189358;3602;0.8087944925220477
Goal_546;828662;4765080.727288884;0.2777777777777778;832070;4069692.6324000014;0.27742260732880875;1307;0.0
Goal_544;828662;4765080.727288884;0.16666666666666666;876980;4507621.443600002;0.1666557530529937;1595;0.0
Goal_545;828662;4765080.727288884;0.2222222222222222;840104;4341345.043599997;0.2179826244102167;1479;0.0
Goal_550;828662;4765080.727288884;0.5;828662;3020085.7893999987;0.4972029181386094;54;0.0
Goal_532;828662;3573810.5454666633;0.05555555555555555;842980;3565529.8013999998;0.136906953091185;3602;0.8460455187111915
Goal_533;828662;3573810.5454666633;0.1111111111111111;868541;3572634.1306000003;0.13530902372121845;3601;1.0
Goal_547;828662;4765080.727288884;0.3333333333333333;829428;3604022.107800001;0.33326917147560636;1369;0.0
Goal_555;828662;5956350.909111105;0.2222222222222222;842371;5940584.8144000005;0.22222320335098825;950;0.0
Goal_549;828662;4765080.727288884;0.4444444444444444;828668;4083295.719900001;0.4444267329208787;1275;0.0
Goal_548;828662;4765080.727288884;0.38888888888888884;828662;4635587.629800002;0.3887587578906803;1417;0.0
Goal_554;828662;5956350.909111105;0.16666666666666666;862185;5837183.670200002;0.16666743137054485;1297;0.0
Goal_541;828662;4765080.727288884;0.0;847604;4764380.604800002;0.1558076440903585;3602;0.7766569672542498
Goal_542;828662;4765080.727288884;0.05555555555555555;829077;4760905.527500004;0.1350842416563425;3602;0.8443539398932258
Goal_543;828662;4765080.727288884;0.1111111111111111;878955;4765064.504000002;0.12006650757513009;3602;1.0
Goal_559;828662;5956350.909111105;0.4444444444444444;828662;3991386.471099999;0.44440653339369673;817;0.0
Goal_556;828662;5956350.909111105;0.2777777777777778;859350;5151102.718200003;0.2775625188448425;1266;0.0
Goal_557;828662;5956350.909111105;0.3333333333333333;828884;4769658.8938;0.33333139285697166;1307;0.0
Goal_558;828662;5956350.909111105;0.38888888888888884;832287;4528886.118399999;0.38271787973808;1282;0.0
Goal_560;828662;5956350.909111105;0.5;828984;3099432.4542999985;0.49545596247709556;1023;0.0
Goal_551;828662;5956350.909111105;0.0;861768;5956125.236299996;0.14719287828207486;3601;0.7570848511140654
Goal_552;828662;5956350.909111105;0.05555555555555555;830361;5914192.351500001;0.17807217140350162;3601;0.9112835408798503
Goal_566;828662;7147621.090933327;0.2777777777777778;851224;6247417.334100006;0.2774684428196829;1153;0.0
Goal_564;828662;7147621.090933327;0.16666666666666666;871398;5287758.0797999995;0.16428268366745302;1274;0.0
Goal_553;828662;5956350.909111105;0.1111111111111111;893007;5951675.035499996;0.12737799167370203;3601;1.0
Goal_565;828662;7147621.090933327;0.2222222222222222;832817;5226396.566000001;0.22221294173129413;1240;0.0
Goal_570;828662;7147621.090933327;0.5;828662;3806824.6876999987;0.4958986514225542;56;0.0
Goal_567;828662;7147621.090933327;0.3333333333333333;833421;5768002.246000003;0.3333342547360789;1268;0.0
Goal_569;828662;7147621.090933327;0.4444444444444444;836534;3973383.1589999986;0.44441315050910807;1119;0.0
Goal_574;828662;8338891.272755547;0.16666666666666666;828662;8118356.077000001;0.16643527368499184;1232;0.0
Goal_568;828662;7147621.090933327;0.38888888888888884;828684;5708917.750900004;0.38885260466966837;1531;0.0
Goal_561;828662;7147621.090933327;0.0;831460;7147619.504500003;0.14316901962831768;3601;0.7362357917653147
Goal_575;828662;8338891.272755547;0.2222222222222222;829690;6001740.306300004;0.22221909954670988;1399;0.0
Goal_562;828662;7147621.090933327;0.05555555555555555;828662;7016994.854699997;0.19548207792809233;3601;0.928241772073322
Goal_580;828662;8338891.272755547;0.5;828662;3534175.3193999995;0.4976319046634421;51;0.0
Goal_563;828662;7147621.090933327;0.1111111111111111;897000;6972903.027900003;0.11111378407382433;3092;0.0
Goal_576;828662;8338891.272755547;0.2777777777777778;828697;6199820.377400002;0.2772802267526176;1116;0.0
Goal_579;828662;8338891.272755547;0.4444444444444444;828878;4737362.1488;0.44278399676236674;976;0.0
Goal_577;828662;8338891.272755547;0.3333333333333333;831227;6704800.511599994;0.3332458919900612;1255;0.0
Goal_578;828662;8338891.272755547;0.38888888888888884;830663;6150883.7205;0.3888884644229128;1157;0.0
Goal_584;828662;9530161.454577768;0.16666666666666666;869995;7088747.482700003;0.16630914149386794;1290;0.0
Goal_571;828662;8338891.272755547;0.0;829422;8234090.853300002;0.1480316460592887;3602;0.7595651404710196
Goal_572;828662;8338891.272755547;0.05555555555555555;854471;8125347.677900008;0.13055290534542863;3602;0.8348451700906395
Goal_586;828662;9530161.454577768;0.2777777777777778;842620;6108370.172200002;0.27778007882555783;1083;0.0
Goal_573;828662;8338891.272755547;0.1111111111111111;925268;8238955.909399998;0.11114791164280609;3602;1.0
Goal_590;828662;9530161.454577768;0.5;828662;3223900.5148999984;0.4978267724725493;54;0.0
Goal_587;828662;9530161.454577768;0.3333333333333333;837804;6352949.952399996;0.3333125981532724;1239;0.0
Goal_585;828662;9530161.454577768;0.2222222222222222;828856;8421974.523400001;0.22205007066935623;1507;0.0
Goal_583;828662;9530161.454577768;0.1111111111111111;913172;8816359.621900005;0.11111156230594343;2399;0.0
Goal_589;828662;9530161.454577768;0.4444444444444444;829702;3520365.1900999993;0.4444445111075395;953;0.0
Goal_588;828662;9530161.454577768;0.38888888888888884;830682;4229505.814200001;0.38881068857910234;1468;0.0
Goal_595;828662;1.072143163639999E7;0.2222222222222222;848751;6281606.424500001;0.22222221606783693;992;0.0
Goal_594;828662;1.072143163639999E7;0.16666666666666666;838494;7300254.788600005;0.1666394232545017;1310;0.0
Goal_581;828662;9530161.454577768;0.0;893915;8676613.8119;0.11177891692736515;3601;0.590526462255987
Goal_596;828662;1.072143163639999E7;0.2777777777777778;834732;6157112.308300002;0.2777788266285731;1125;0.0
Goal_582;828662;9530161.454577768;0.05555555555555555;831145;9370362.789400004;0.15284605216178349;3601;0.8817038686217603
Goal_600;828662;1.072143163639999E7;0.5;828662;3223900.5148999984;0.4978267724725493;51;0.0
Goal_597;828662;1.072143163639999E7;0.3333333333333333;835899;6029014.976999996;0.33328390042422823;1355;0.0
Goal_599;828662;1.072143163639999E7;0.4444444444444444;828773;3559317.2208;0.44440157582396056;1135;0.0
Goal_598;828662;1.072143163639999E7;0.38888888888888884;828662;4028902.5960999997;0.3888336695145307;1596;0.0
Goal_591;828662;1.072143163639999E7;0.0;828663;8422639.393;0.17200011653538042;3601;0.8186565600367904
Goal_592;828662;1.072143163639999E7;0.05555555555555555;887899;9511195.547800003;0.12482306862978129;3602;0.8051018104055879
Goal_593;828662;1.072143163639999E7;0.1111111111111111;895098;1.0095936607600007E7;0.11360869795484797;3602;1.0
Goal_610;798697;0.0;0.5;798797;0.0;0.46221558922269174;22;0.0
Goal_601;798697;0.0;0.0;800118;1975737.6694999991;0.18468665010964125;3600;0.6742670838951634
Goal_602;798697;0.0;0.05555555555555555;799802;2615839.8319000015;0.12299007186640437;3601;0.6321222709261327
Goal_603;798697;0.0;0.1111111111111111;800660;2087228.9508000019;0.1809538062243151;3600;0.7755371881993298
Goal_604;798697;0.0;0.16666666666666666;802849;2288705.6359000006;0.21175762089154612;3602;0.8433715573016618
Goal_605;798697;0.0;0.2222222222222222;803325;1896449.2110999997;0.2227283993643019;3602;0.7867216452194328
Goal_606;798697;0.0;0.2777777777777778;799403;1598601.5743;0.2777790375962935;3602;0.8655711176616337
Goal_607;798697;0.0;0.3333333333333333;804387;843946.0807000002;0.33333344126810305;3601;0.9077132434554978
Goal_608;798697;0.0;0.38888888888888884;798697;367284.23590000015;0.3888885979593105;3602;1.0
Goal_609;798697;0.0;0.4444444444444444;800625;29.0769;0.44354430333392597;3602;1.0
Goal_611;798697;1191270.181822221;0.0;808526;2474999.753800001;0.12206780710443839;3602;0.7961909016831773
Goal_618;798697;1191270.181822221;0.38888888888888884;798697;1185324.5109;0.3888882109704237;1618;0.0
Goal_620;798697;1191270.181822221;0.5;798697;1186044.9189000002;0.48162636873333764;1056;0.0
Goal_617;798697;1191270.181822221;0.3333333333333333;803640;1191264.6451999994;0.3333308797420574;2325;0.0
Goal_619;798697;1191270.181822221;0.4444444444444444;800765;1137756.3635000004;0.4444335217567312;1289;0.0
Goal_612;798697;1191270.181822221;0.05555555555555555;799301;2027443.9489000002;0.17619531666893684;3602;0.9358560108669142
Goal_613;798697;1191270.181822221;0.1111111111111111;812444;2073020.4650999992;0.15828231724959133;3602;1.0
Goal_614;798697;1191270.181822221;0.16666666666666666;799598;1891217.6017999998;0.18361605784603932;3602;1.0
Goal_615;798697;1191270.181822221;0.2222222222222222;799711;1938614.0184000002;0.22259569624988096;3602;1.0
Goal_616;798697;1191270.181822221;0.2777777777777778;803961;1302222.790699999;0.2777674892697278;3601;1.0
Goal_630;798697;2382540.363644442;0.5;798697;2082825.4337999998;0.4918943568453526;39;0.0
Goal_629;798697;2382540.363644442;0.4444444444444444;798697;1930947.8833000008;0.4444431959885076;1379;0.0
Goal_625;798697;2382540.363644442;0.2222222222222222;814618;2382538.3777000005;0.22222236349842456;1741;0.0
Goal_628;798697;2382540.363644442;0.38888888888888884;799557;2374831.582499999;0.388548855096851;1475;0.0
Goal_627;798697;2382540.363644442;0.3333333333333333;800297;2291831.4415;0.3331801769938248;1515;0.0
Goal_626;798697;2382540.363644442;0.2777777777777778;805863;2380311.0349000013;0.2777775489700328;1757;0.0
Goal_621;798697;2382540.363644442;0.0;805623;2398201.0073999995;0.18511977034743743;3602;0.8591035416194852
Goal_635;798697;3573810.5454666633;0.2222222222222222;816667;3572137.9955999977;0.22222189847728618;1336;0.0
Goal_624;798697;2382540.363644442;0.16666666666666666;814038;2379059.5848000003;0.1666687742471898;3269;0.0
Goal_622;798697;2382540.363644442;0.05555555555555555;798798;2843775.1621000017;0.14078552491058455;3602;0.9025810455817632
Goal_640;798697;3573810.5454666633;0.5;798697;1959542.1313999996;0.4923207623777333;48;0.0
Goal_623;798697;2382540.363644442;0.1111111111111111;836288;2390777.7271999987;0.15579956452888746;3602;1.0
Goal_634;798697;3573810.5454666633;0.16666666666666666;848250;3571073.7769;0.16625367431396723;1630;0.0
Goal_636;798697;3573810.5454666633;0.2777777777777778;818271;3487156.214599998;0.277763133550377;1538;0.0
Goal_637;798697;3573810.5454666633;0.3333333333333333;809227;3518162.735300002;0.3333297577201843;1461;0.0
Goal_639;798697;3573810.5454666633;0.4444444444444444;798697;3482920.278300003;0.4443578945176355;1231;0.0
Goal_638;798697;3573810.5454666633;0.38888888888888884;798700;2982579.2981000007;0.3888679735946162;1476;0.0
Goal_631;798697;3573810.5454666633;0.0;814171;3571416.664600002;0.13904696124993837;3602;0.7363101229589781
Goal_644;798697;4765080.727288884;0.16666666666666666;808816;4397520.709300001;0.1634096871742672;1584;0.0
Goal_645;798697;4765080.727288884;0.2222222222222222;798699;4027839.6428999985;0.2222071227018757;1283;0.0
Goal_632;798697;3573810.5454666633;0.05555555555555555;802997;3573718.303199999;0.16395010289272924;3602;0.9340826023038227
Goal_633;798697;3573810.5454666633;0.1111111111111111;818561;3573732.5756999995;0.16682401188640683;3602;1.0
Goal_646;798697;4765080.727288884;0.2777777777777778;801400;4477069.2969;0.27774648400197627;1237;0.0
Goal_647;798697;4765080.727288884;0.3333333333333333;800314;4664187.046200001;0.33333456984360144;1304;0.0
Goal_650;798697;4765080.727288884;0.5;801910;2397017.929499999;0.4924675768659469;902;0.0
Goal_648;798697;4765080.727288884;0.38888888888888884;841216;4729449.021900003;0.388885588298918;1472;0.0
Goal_649;798697;4765080.727288884;0.4444444444444444;798699;3973805.5382000017;0.44444367339976926;1198;0.0
Goal_641;798697;4765080.727288884;0.0;799264;4733807.459300006;0.17437822599712385;3602;0.8421922372413307
Goal_642;798697;4765080.727288884;0.05555555555555555;876263;4765603.239400003;0.12487960672145192;3602;0.8251936163952629
Goal_643;798697;4765080.727288884;0.1111111111111111;802795;4765034.641000001;0.14338188785487646;3602;1.0
Goal_655;798697;5956350.909111105;0.2222222222222222;835814;5899813.085299999;0.2221890555764372;1269;0.0
Goal_654;798697;5956350.909111105;0.16666666666666666;858161;5808452.471500002;0.16663871175290346;1588;0.0
Goal_656;798697;5956350.909111105;0.2777777777777778;820786;5371298.112399997;0.2776876054204689;1532;0.0
Goal_657;798697;5956350.909111105;0.3333333333333333;800475;4885132.275000005;0.3333345201486464;1503;0.0
Goal_660;798697;5956350.909111105;0.5;800086;1819239.0204999996;0.4858130219019585;1266;0.0
Goal_659;798697;5956350.909111105;0.4444444444444444;800028;3563190.9876999995;0.44444340605403077;1396;0.0
Goal_658;798697;5956350.909111105;0.38888888888888884;798820;4728353.5651;0.3887524342745177;1762;0.0
Goal_651;798697;5956350.909111105;0.0;897406;5956305.321100004;0.1093318202836573;3602;0.5564869914026747
Goal_652;798697;5956350.909111105;0.05555555555555555;845099;5954486.7648;0.13254625126129355;3602;0.849020584893154
Goal_653;798697;5956350.909111105;0.1111111111111111;895170;5761757.823699998;0.12160137613858561;3602;1.0
Goal_664;798697;7147621.090933327;0.16666666666666666;839499;6938790.4254;0.16666676981240147;1488;0.0
Goal_666;798697;7147621.090933327;0.2777777777777778;804386;4745427.5631;0.27777071139729237;1003;0.0
Goal_665;798697;7147621.090933327;0.2222222222222222;800750;5668958.279000002;0.22212063069591734;1339;0.0
Goal_669;798697;7147621.090933327;0.4444444444444444;802253;2634682.411199998;0.44443880570940564;1078;0.0
Goal_667;798697;7147621.090933327;0.3333333333333333;811947;6317216.254300006;0.33094767177601514;1392;0.0
Goal_663;798697;7147621.090933327;0.1111111111111111;894961;7147583.1877999995;0.11111239415919781;2483;0.0
Goal_668;798697;7147621.090933327;0.38888888888888884;798985;6949615.6278000055;0.38888483837779836;1424;0.0
Goal_670;798697;7147621.090933327;0.5;798697;1781919.8739;0.4906821785930814;1231;0.0
Goal_661;798697;7147621.090933327;0.0;824340;7077613.752000003;0.1384934112761701;3602;0.7544527260789252
Goal_662;798697;7147621.090933327;0.05555555555555555;819855;7139511.343600002;0.14968602560017918;3602;0.9112447933290982
Goal_676;798697;8338891.272755547;0.2777777777777778;803662;5259417.063900004;0.27682616160170664;1124;0.0
Goal_674;798697;8338891.272755547;0.16666666666666666;822506;8127138.687700003;0.16649995020595018;1297;0.0
Goal_675;798697;8338891.272755547;0.2222222222222222;800811;5501039.8919;0.22208088388795777;1295;0.0
Goal_678;798697;8338891.272755547;0.38888888888888884;802627;4584937.058300001;0.3888845020071735;827;0.0
Goal_677;798697;8338891.272755547;0.3333333333333333;806739;4914885.529600003;0.3332974160694485;1131;0.0
Goal_673;798697;8338891.272755547;0.1111111111111111;906894;8080939.004800004;0.11111347475150592;2159;0.0
Goal_679;798697;8338891.272755547;0.4444444444444444;798733;3867053.9577000006;0.4444446858182991;1079;0.0
Goal_680;798697;8338891.272755547;0.5;798697;1781919.8739;0.4906821785930814;1156;0.0
Goal_685;798697;9530161.454577768;0.2222222222222222;810272;6174079.400700004;0.22222411635910097;1423;0.0
Goal_684;798697;9530161.454577768;0.16666666666666666;812314;9285157.71959999;0.1666669639796495;1525;0.0
Goal_671;798697;8338891.272755547;0.0;816875;8247068.604799996;0.13999565182528384;3602;0.7395795380086788
Goal_672;798697;8338891.272755547;0.05555555555555555;813594;7993743.794000007;0.14223220728188737;3602;0.9112143027933332
Goal_686;798697;9530161.454577768;0.2777777777777778;798701;5601654.104200001;0.2777107197902885;1278;0.0
Goal_687;798697;9530161.454577768;0.3333333333333333;851835;7442249.967900001;0.333328661861889;1400;0.0
Goal_688;798697;9530161.454577768;0.38888888888888884;798979;4309213.064299999;0.3888445014423495;1229;0.0
Goal_690;798697;9530161.454577768;0.5;798697;1781919.8739;0.4906821785930814;1218;0.0
Goal_689;798697;9530161.454577768;0.4444444444444444;824868;4688619.336299999;0.44393600985703735;1342;0.0
Goal_695;798697;1.072143163639999E7;0.2222222222222222;803539;7046535.759600006;0.22222036075379673;1225;0.0
Goal_681;798697;9530161.454577768;0.0;800240;9478822.759500002;0.13833567759713167;3602;0.7285145378417677
Goal_682;798697;9530161.454577768;0.05555555555555555;798847;9341106.587000007;0.17232492797052015;3601;0.9248599415249613
Goal_683;798697;9530161.454577768;0.1111111111111111;820199;8021783.573900006;0.17835460958882074;3602;1.0
Goal_694;798697;1.072143163639999E7;0.16666666666666666;856019;8916579.539399996;0.16666699552285544;1545;0.0
Goal_696;798697;1.072143163639999E7;0.2777777777777778;798749;7812845.2072;0.2777230218351002;1204;0.0
Goal_697;798697;1.072143163639999E7;0.3333333333333333;815614;7051429.393399995;0.33331770320721443;1364;0.0
Goal_693;798697;1.072143163639999E7;0.1111111111111111;900683;1.0193146596300012E7;0.11111527427718149;2853;0.0
Goal_700;798697;1.072143163639999E7;0.5;798697;1781919.8739;0.4906821785930814;1246;0.0
Goal_698;798697;1.072143163639999E7;0.38888888888888884;801144;7175762.868799998;0.3888887412675057;1538;0.0
Goal_699;798697;1.072143163639999E7;0.4444444444444444;798697;5800127.935699999;0.44444045326002085;1500;0.0
Goal_691;798697;1.072143163639999E7;0.0;841383;1.0643061770700002E7;0.1216951548367707;3602;0.655585662561133
Goal_692;798697;1.072143163639999E7;0.05555555555555555;810705;9446764.399399996;0.1494536717062519;3602;0.8917884156628092
Goal_710;768733;0.0;0.5;772575;0.0;0.45927659816647737;810;0.0
Goal_701;768733;0.0;0.0;796179;2598021.718300001;0.1261948092335398;3601;0.620481172344712
Goal_709;768733;0.0;0.4444444444444444;768839;0.0;0.44400493165308696;2021;0.0
Goal_702;768733;0.0;0.05555555555555555;772628;2380894.7920000004;0.13358418738383024;3601;0.6682326985588475
Goal_703;768733;0.0;0.1111111111111111;795856;2228043.0564;0.17226016104544462;3602;0.7972477037935103
Goal_704;768733;0.0;0.16666666666666666;768798;1797765.3960999998;0.2860422215666585;3601;0.922744945724251
Goal_705;768733;0.0;0.2222222222222222;822428;2240052.179999999;0.22450460707179618;3601;0.8833821116516807
Goal_706;768733;0.0;0.2777777777777778;768813;1761209.8278999985;0.27777810284456594;3602;0.8993628476500367
Goal_707;768733;0.0;0.3333333333333333;768733;836907.6257000002;0.33332793937730404;3602;1.0
Goal_708;768733;0.0;0.38888888888888884;768743;79527.54279999997;0.388889697724569;3602;1.0
Goal_720;768733;1191270.181822221;0.5;768733;1064648.0329999998;0.48426206600412475;54;0.0
Goal_717;768733;1191270.181822221;0.3333333333333333;769211;1174868.6234999995;0.33321684734616613;1440;0.0
Goal_711;768733;1191270.181822221;0.0;779496;2061697.1844000001;0.14983949202356772;3602;0.8439014090973685
Goal_718;768733;1191270.181822221;0.38888888888888884;768733;1096791.9030999993;0.38889005412319877;1456;0.0
Goal_719;768733;1191270.181822221;0.4444444444444444;768733;1161132.5664000006;0.44444415812465726;1389;0.0
Goal_712;768733;1191270.181822221;0.05555555555555555;787446;2258237.992;0.16463011947920783;3601;0.9582320250415415
Goal_713;768733;1191270.181822221;0.1111111111111111;788565;2321535.9855;0.12760670956775244;3602;1.0
Goal_714;768733;1191270.181822221;0.16666666666666666;794486;2002024.5009999997;0.17261221177299413;3602;1.0
Goal_715;768733;1191270.181822221;0.2222222222222222;774837;1759992.1443999999;0.2222162230212652;3602;1.0
Goal_716;768733;1191270.181822221;0.2777777777777778;769608;1662977.6853999996;0.2777778557787066;3602;1.0
Goal_730;768733;2382540.363644442;0.5;768733;2266846.8134999997;0.49188402607772413;24;0.0
Goal_725;768733;2382540.363644442;0.2222222222222222;768962;2323937.9765999997;0.22193075922131797;1577;0.0
Goal_721;768733;2382540.363644442;0.0;808315;2879108.284499999;0.1317745285495943;3602;0.7864048551242387
Goal_728;768733;2382540.363644442;0.38888888888888884;781548;2283219.534099998;0.38876559889968115;1577;0.0
Goal_727;768733;2382540.363644442;0.3333333333333333;775929;2380516.447200002;0.3333297358932439;1664;0.0
Goal_726;768733;2382540.363644442;0.2777777777777778;804054;2382296.4562000004;0.2777695165681688;1675;0.0
Goal_729;768733;2382540.363644442;0.4444444444444444;768833;2325740.2737999996;0.44441045995793216;1382;0.0
Goal_722;768733;2382540.363644442;0.05555555555555555;814021;2381266.283300001;0.16949444410073505;3601;0.9571785878568998
Goal_723;768733;2382540.363644442;0.1111111111111111;816446;2413877.496799998;0.17026082576340495;3602;1.0
Goal_724;768733;2382540.363644442;0.16666666666666666;800901;2395240.4847000022;0.17101498890511518;3603;1.0
Goal_740;768733;3573810.5454666633;0.5;774946;2761209.8778999997;0.4878667486941944;26;0.0
Goal_734;768733;3573810.5454666633;0.16666666666666666;787292;3547156.6482000006;0.16666812789060712;1504;0.0
Goal_736;768733;3573810.5454666633;0.2777777777777778;771298;3334355.1791999997;0.2777663845412941;1476;0.0
Goal_737;768733;3573810.5454666633;0.3333333333333333;770426;3459456.115600002;0.33333381378540106;1557;0.0
Goal_735;768733;3573810.5454666633;0.2222222222222222;823887;3543563.186900002;0.22217324637260946;1679;0.0
Goal_739;768733;3573810.5454666633;0.4444444444444444;771287;3265780.135500002;0.44422122397543035;1403;0.0
Goal_738;768733;3573810.5454666633;0.38888888888888884;795017;3130678.068499999;0.38875059978766435;1526;0.0
Goal_731;768733;3573810.5454666633;0.0;868558;3565481.2895999993;0.1702382024516662;3601;0.8340731753622089
Goal_732;768733;3573810.5454666633;0.05555555555555555;853697;3595274.864899998;0.17064466987419705;3601;0.9270173200647992
Goal_745;768733;4765080.727288884;0.2222222222222222;782554;4055502.4373999992;0.22202522820924575;1245;0.0
Goal_750;768733;4765080.727288884;0.5;774946;2761209.8778999997;0.4878667486941944;20;0.0
Goal_744;768733;4765080.727288884;0.16666666666666666;816850;4595594.968;0.16666851043022365;1372;0.0
Goal_749;768733;4765080.727288884;0.4444444444444444;768754;4305340.055699999;0.4441332132377842;663;0.0
Goal_733;768733;3573810.5454666633;0.1111111111111111;775548;3571589.3432000023;0.1654255189856561;3603;1.0
Goal_746;768733;4765080.727288884;0.2777777777777778;784864;3998969.644600001;0.2776579440179742;1462;0.0
Goal_747;768733;4765080.727288884;0.3333333333333333;768748;4130133.8779999977;0.33328645552283637;1549;0.0
Goal_748;768733;4765080.727288884;0.38888888888888884;768842;4202039.6948;0.38886946525966853;1490;0.0
Goal_741;768733;4765080.727288884;0.0;783655;4765049.795199999;0.15896902084791062;3602;0.8060064811445655
Goal_754;768733;5956350.909111105;0.16666666666666666;769337;5928245.773600001;0.16666920318276607;1503;0.0
Goal_742;768733;4765080.727288884;0.05555555555555555;846727;4769042.882900003;0.16112385550051417;3602;0.9212568600605575
Goal_755;768733;5956350.909111105;0.2222222222222222;768773;5765103.405900002;0.2221845315456204;1394;0.0
Goal_760;768733;5956350.909111105;0.5;774946;2761209.8778999997;0.4878667486941944;20;0.0
Goal_743;768733;4765080.727288884;0.1111111111111111;863550;4741225.221499997;0.1318219562395962;3602;1.0
Goal_756;768733;5956350.909111105;0.2777777777777778;795778;5222477.376300004;0.277680260567638;1449;0.0
Goal_757;768733;5956350.909111105;0.3333333333333333;768733;5487473.369399999;0.33328747267269015;1534;0.0
Goal_759;768733;5956350.909111105;0.4444444444444444;769232;4099323.5927000004;0.44443334564810666;1116;0.0
Goal_758;768733;5956350.909111105;0.38888888888888884;775463;4814093.705000003;0.3882625107766686;1634;0.0
Goal_751;768733;5956350.909111105;0.0;848741;5949204.604700006;0.13212029887225882;3601;0.7113219079897408
Goal_753;768733;5956350.909111105;0.1111111111111111;886206;5906347.856800002;0.11111348617980632;3321;0.0
Goal_752;768733;5956350.909111105;0.05555555555555555;813160;5907142.276500008;0.1589867892955906;3601;0.9105779538688994
Goal_770;768733;7147621.090933327;0.5;774946;2761209.8778999997;0.4878667486941944;26;0.0
Goal_765;768733;7147621.090933327;0.2222222222222222;789310;6171910.4240999995;0.22222356138959934;1372;0.0
Goal_764;768733;7147621.090933327;0.16666666666666666;819129;6920898.523000005;0.1666680699016463;1848;0.0
Goal_763;768733;7147621.090933327;0.1111111111111111;883403;7129564.2699;0.11111416611978309;2143;0.0
Goal_767;768733;7147621.090933327;0.3333333333333333;771795;6776659.1545;0.285522214183049;1354;0.0
Goal_766;768733;7147621.090933327;0.2777777777777778;818479;5422132.159500003;0.27767768072345783;1682;0.0
Goal_769;768733;7147621.090933327;0.4444444444444444;768932;4027418.180400001;0.44444364604075626;1432;0.0
Goal_768;768733;7147621.090933327;0.38888888888888884;768864;5008916.629300001;0.3888892752267144;1597;0.0
Goal_774;768733;8338891.272755547;0.16666666666666666;780991;6146928.721100001;0.1666126117077553;1080;0.0
Goal_761;768733;7147621.090933327;0.0;833139;7001579.734500001;0.14285810532166263;3602;0.7583792175723003
Goal_762;768733;7147621.090933327;0.05555555555555555;829707;6974045.307900002;0.15216037772128338;3602;0.8932388496347797
Goal_780;768733;8338891.272755547;0.5;774946;2761209.8778999997;0.4878667486941944;23;0.0
Goal_773;768733;8338891.272755547;0.1111111111111111;918449;7627454.834099997;0.11110840547400881;1664;0.0
Goal_775;768733;8338891.272755547;0.2222222222222222;877779;7612873.795800004;0.22217961069186712;1428;0.0
Goal_776;768733;8338891.272755547;0.2777777777777778;771621;5878675.152499999;0.277778378282925;1417;0.0
Goal_777;768733;8338891.272755547;0.3333333333333333;789469;7436659.663800004;0.333334692787233;1466;0.0
Goal_779;768733;8338891.272755547;0.4444444444444444;781930;4214075.104300001;0.44444278976991364;1435;0.0
Goal_778;768733;8338891.272755547;0.38888888888888884;768737;4985649.717800001;0.38888446056595494;1625;0.0
Goal_771;768733;8338891.272755547;0.0;839927;8335334.276600005;0.14432073270767246;3601;0.7588323669219422
Goal_784;768733;9530161.454577768;0.16666666666666666;773969;5493222.559500005;0.1666667268039752;1399;0.0
Goal_790;768733;9530161.454577768;0.5;774946;2761209.8778999997;0.4878667486941944;26;0.0
Goal_772;768733;8338891.272755547;0.05555555555555555;782145;8319708.6918;0.16151979299002897;3602;0.9160416341675834
Goal_785;768733;9530161.454577768;0.2222222222222222;882908;8220278.218700001;0.22192905529610002;1495;0.0
Goal_787;768733;9530161.454577768;0.3333333333333333;790987;5424321.007000005;0.3333332363773739;1632;0.0
Goal_786;768733;9530161.454577768;0.2777777777777778;768817;8892371.822299998;0.27777779881734327;1899;0.0
Goal_788;768733;9530161.454577768;0.38888888888888884;768733;5708876.243599999;0.3885983439633476;1908;0.0
Goal_789;768733;9530161.454577768;0.4444444444444444;768754;4295546.961900002;0.4444219985969296;1539;0.0
Goal_781;768733;9530161.454577768;0.0;847044;8961751.192999998;0.13729517973608235;3602;0.7339215940862068
Goal_795;768733;1.072143163639999E7;0.2222222222222222;770586;5277506.283100002;0.22220711981593683;859;0.0
Goal_782;768733;9530161.454577768;0.05555555555555555;780545;8879989.415199999;0.14629645817740133;3602;0.8945604295262497
Goal_800;768733;1.072143163639999E7;0.5;774946;2761209.8778999997;0.4878667486941944;22;0.0
Goal_783;768733;9530161.454577768;0.1111111111111111;776085;5679783.491400004;0.1475280912624216;3602;1.0
Goal_794;768733;1.072143163639999E7;0.16666666666666666;774138;8930353.946200002;0.16666844777495304;1463;0.0
Goal_796;768733;1.072143163639999E7;0.2777777777777778;770110;7204460.272300004;0.27767225816137003;1425;0.0
Goal_797;768733;1.072143163639999E7;0.3333333333333333;792460;5045894.498400003;0.3333016190027507;1597;0.0
Goal_798;768733;1.072143163639999E7;0.38888888888888884;768791;5062578.638299999;0.3888890022294381;1401;0.0
Goal_799;768733;1.072143163639999E7;0.4444444444444444;768733;5887096.156800002;0.44442706004982946;1394;0.0
Goal_791;768733;1.072143163639999E7;0.0;783908;9561323.311599996;0.1391310236962229;3602;0.7523655261520117
Goal_792;768733;1.072143163639999E7;0.05555555555555555;789143;9938715.704299988;0.14689169121585188;3601;0.9078836592182931
Goal_793;768733;1.072143163639999E7;0.1111111111111111;833604;1.0330565816899993E7;0.1370218644993073;3602;1.0
Goal_810;738768;0.0;0.5;743869;0.0;0.46319870140958896;31;0.0
Goal_809;738768;0.0;0.4444444444444444;744154;0.0;0.44142660324141436;778;0.0
Goal_808;738768;0.0;0.38888888888888884;738809;0.0;0.3888791306567633;952;0.0
Goal_801;738768;0.0;0.0;787668;2248558.5193999987;0.1726785578747784;3602;0.7214667926934444
Goal_802;738768;0.0;0.05555555555555555;770531;2527521.744799999;0.1234129122620836;3602;0.6927859424945145
Goal_803;738768;0.0;0.1111111111111111;755841;2514884.76;0.14293468925269437;3602;0.8034048403184788
Goal_804;738768;0.0;0.16666666666666666;747599;2275773.092100001;0.19782542695757913;3601;0.8505914014042935
Goal_805;738768;0.0;0.2222222222222222;594016;140138.2411;0.2663250844485337;3601;0.9655459264871873
Goal_806;738768;0.0;0.2777777777777778;738768;1592960.2292999993;0.2871777451844004;3602;1.0
Goal_807;738768;0.0;0.3333333333333333;738768;650291.4172999995;0.333333530268371;3602;1.0
Goal_820;738768;1191270.181822221;0.5;738768;1158263.8312;0.474063379400643;33;0.0
Goal_811;738768;1191270.181822221;0.0;746957;2300400.506900001;0.15728757424391682;3602;0.8686689048566206
Goal_818;738768;1191270.181822221;0.38888888888888884;738771;1191262.5595;0.3888381274693071;1272;0.0
Goal_817;738768;1191270.181822221;0.3333333333333333;750450;1187703.2696;0.3332746894798069;1629;0.0
Goal_812;738768;1191270.181822221;0.05555555555555555;772198;2422253.7128000017;0.13370171813943346;3602;0.9601343199930671
Goal_819;738768;1191270.181822221;0.4444444444444444;738768;447450.8223;0.44416743245488677;1368;0.0
Goal_813;738768;1191270.181822221;0.1111111111111111;775218;1912453.192499999;0.18167307528042245;3602;1.0
Goal_814;738768;1191270.181822221;0.16666666666666666;772954;2079086.3090000013;0.19037540464360522;3601;1.0
Goal_815;738768;1191270.181822221;0.2222222222222222;743125;2484760.9300000025;0.23119691813524465;3602;1.0
Goal_816;738768;1191270.181822221;0.2777777777777778;738768;1508295.2172999997;0.30535457182205267;3602;1.0
Goal_830;738768;2382540.363644442;0.5;738768;1486956.3719;0.4796997210930723;22;0.0
Goal_827;738768;2382540.363644442;0.3333333333333333;754519;2164964.0265000015;0.33333350929351335;1408;0.0
Goal_826;738768;2382540.363644442;0.2777777777777778;739377;2258430.8411000003;0.2777606909063497;1684;0.0
Goal_829;738768;2382540.363644442;0.4444444444444444;742137;2366011.689500001;0.44231438012438185;827;0.0
Goal_825;738768;2382540.363644442;0.2222222222222222;747060;2379578.8159999987;0.22221528239075353;2005;0.0
Goal_821;738768;2382540.363644442;0.0;757492;2631855.8499999996;0.18761315993896704;3602;0.8748768361958238
Goal_828;738768;2382540.363644442;0.38888888888888884;747113;2326909.041;0.38888549926818045;1545;0.0
Goal_822;738768;2382540.363644442;0.05555555555555555;776252;3193271.274699996;0.1363759099837797;3602;0.9449908820589076
Goal_835;738768;3573810.5454666633;0.2222222222222222;751317;3451297.961800001;0.22215027686935426;1172;0.0
Goal_823;738768;2382540.363644442;0.1111111111111111;792465;2391242.9078;0.14167585644771183;3601;1.0
Goal_840;738768;3573810.5454666633;0.5;738768;1959513.7937999999;0.47982376927872256;24;0.0
Goal_834;738768;3573810.5454666633;0.16666666666666666;857779;3538433.492900001;0.1666685276309603;1531;0.0
Goal_824;738768;2382540.363644442;0.16666666666666666;806804;2380882.8859000015;0.17129601780206052;3603;1.0
Goal_837;738768;3573810.5454666633;0.3333333333333333;744308;3573741.122400003;0.33331861096775994;993;0.0
Goal_836;738768;3573810.5454666633;0.2777777777777778;757336;3003745.800899999;0.2777731631100147;1382;0.0
Goal_833;738768;3573810.5454666633;0.1111111111111111;843301;3573659.234200003;0.11110951292861712;2840;0.0
Goal_839;738768;3573810.5454666633;0.4444444444444444;764353;3369958.214100002;0.4444330741607916;1395;0.0
Goal_838;738768;3573810.5454666633;0.38888888888888884;775260;3179437.94;0.3888889304969559;1665;0.0
Goal_844;738768;4765080.727288884;0.16666666666666666;819201;4716882.499800004;0.16666493669492077;1522;0.0
Goal_831;738768;3573810.5454666633;0.0;823888;3572300.7840000005;0.1640782666061238;3602;0.8244057949679342
Goal_832;738768;3573810.5454666633;0.05555555555555555;867278;3588320.898;0.11360725458522118;3602;0.9425780939978762
Goal_850;738768;4765080.727288884;0.5;738768;1959513.7937999999;0.47982376927872256;24;0.0
Goal_845;738768;4765080.727288884;0.2222222222222222;743533;4408393.6878;0.2222238576980946;1493;0.0
Goal_847;738768;4765080.727288884;0.3333333333333333;744457;4512380.1092;0.3333333176788346;1322;0.0
Goal_846;738768;4765080.727288884;0.2777777777777778;795404;4722264.370699999;0.27764281523852075;1469;0.0
Goal_848;738768;4765080.727288884;0.38888888888888884;739652;4765042.570700006;0.388751075898119;1535;0.0
Goal_849;738768;4765080.727288884;0.4444444444444444;763160;3623782.2339999997;0.4437491769580976;1286;0.0
Goal_841;738768;4765080.727288884;0.0;798470;4765065.531800004;0.15491183489245916;3601;0.832132390318287
Goal_842;738768;4765080.727288884;0.05555555555555555;817393;4767607.802900001;0.16000807587682267;3602;0.9481568703158261
Goal_843;738768;4765080.727288884;0.1111111111111111;882994;4713789.496200005;0.12375395160410906;3602;1.0
Goal_860;738768;5956350.909111105;0.5;738768;1959513.7937999999;0.47982376927872256;23;0.0
Goal_854;738768;5956350.909111105;0.16666666666666666;807347;5622516.798500002;0.16665798494103365;1420;0.0
Goal_855;738768;5956350.909111105;0.2222222222222222;754329;4723022.341700003;0.2221850041875429;1319;0.0
Goal_856;738768;5956350.909111105;0.2777777777777778;747130;5184722.951500005;0.2777761240782918;1569;0.0
Goal_857;738768;5956350.909111105;0.3333333333333333;738768;3733655.8564999998;0.3333341867862266;1452;0.0
Goal_859;738768;5956350.909111105;0.4444444444444444;738768;3247189.037000001;0.44435386018594325;1423;0.0
Goal_858;738768;5956350.909111105;0.38888888888888884;754907;5510787.586499999;0.38888888765697066;1624;0.0
Goal_851;738768;5956350.909111105;0.0;786940;5952803.8321;0.14599360591517777;3601;0.7763460890310244
Goal_852;738768;5956350.909111105;0.05555555555555555;745072;5937651.455400004;0.18607075863629355;3602;0.9471788340223942
Goal_853;738768;5956350.909111105;0.1111111111111111;834068;5853061.788099998;0.1365366409778015;3601;1.0
Goal_863;738768;7147621.090933327;0.1111111111111111;911309;6820643.000300006;0.11110473164070422;1433;0.0
Goal_870;738768;7147621.090933327;0.5;738768;1959513.7937999999;0.47982376927872256;20;0.0
Goal_865;738768;7147621.090933327;0.2222222222222222;751241;5113627.245900001;0.2222239793973249;1272;0.0
Goal_864;738768;7147621.090933327;0.16666666666666666;763342;6902362.825200003;0.16657529279702232;1452;0.0
Goal_866;738768;7147621.090933327;0.2777777777777778;766956;5922401.578000004;0.277777015952317;1080;0.0
Goal_867;738768;7147621.090933327;0.3333333333333333;751572;5195438.198200004;0.33318851073441236;1502;0.0
Goal_869;738768;7147621.090933327;0.4444444444444444;738768;4728090.135999998;0.4438603183984291;1420;0.0
Goal_868;738768;7147621.090933327;0.38888888888888884;747522;4479947.922500005;0.38888268351378796;1526;0.0
Goal_874;738768;8338891.272755547;0.16666666666666666;943341;8141113.4031000035;0.16636193679620592;1433;0.0
Goal_861;738768;7147621.090933327;0.0;743498;6882693.383099999;0.19157313961100114;3602;0.8892867808061904
Goal_880;738768;8338891.272755547;0.5;738768;1959513.7937999999;0.47982376927872256;19;0.0
Goal_875;738768;8338891.272755547;0.2222222222222222;739690;6840686.381200004;0.22220928284553407;1274;0.0
Goal_862;738768;7147621.090933327;0.05555555555555555;739027;7047631.022300001;0.214100671532589;3602;0.9707636473604839
Goal_876;738768;8338891.272755547;0.2777777777777778;739211;6694503.769100002;0.2773363533744018;1453;0.0
Goal_877;738768;8338891.272755547;0.3333333333333333;744118;5401002.698099998;0.333323472916304;1464;0.0
Goal_878;738768;8338891.272755547;0.38888888888888884;738768;5284532.5139999995;0.3879681940047112;1671;0.0
Goal_879;738768;8338891.272755547;0.4444444444444444;738768;4478234.273699999;0.44433843010004365;1476;0.0
Goal_871;738768;8338891.272755547;0.0;738815;8098126.1462999955;0.19203051454998815;3602;0.8626776066854508
Goal_872;738768;8338891.272755547;0.05555555555555555;738768;7275509.655800002;0.22400240475838143;3600;0.9798875482391459
Goal_883;738768;9530161.454577768;0.1111111111111111;895481;7895717.738199999;0.11111411964836812;1640;0.0
Goal_890;738768;9530161.454577768;0.5;738768;1959513.7937999999;0.47982376927872256;29;0.0
Goal_873;738768;8338891.272755547;0.1111111111111111;863195;7709275.202400004;0.12536348095362962;3602;1.0
Goal_885;738768;9530161.454577768;0.2222222222222222;778082;7201823.211399995;0.22222277964239395;1016;0.0
Goal_884;738768;9530161.454577768;0.16666666666666666;897587;9311699.346000008;0.16666570890677018;1534;0.0
Goal_886;738768;9530161.454577768;0.2777777777777778;743707;5199780.130000003;0.2777754199221916;1228;0.0
Goal_887;738768;9530161.454577768;0.3333333333333333;738768;3582701.6351000005;0.33306835866622986;1595;0.0
Goal_889;738768;9530161.454577768;0.4444444444444444;740512;6814850.007400003;0.44431470304874293;1463;0.0
Goal_888;738768;9530161.454577768;0.38888888888888884;739120;4892229.0967;0.3887333791767424;1544;0.0
Goal_881;738768;9530161.454577768;0.0;761209;8001745.724600001;0.21017196474935834;3601;0.8998590959468806
Goal_895;738768;1.072143163639999E7;0.2222222222222222;754970;5077891.440799999;0.222223493705275;1101;0.0
Goal_900;738768;1.072143163639999E7;0.5;738768;1959513.7937999999;0.47982376927872256;22;0.0
Goal_882;738768;9530161.454577768;0.05555555555555555;785041;9409232.6705;0.14540010743577142;3601;0.9207672539865868
Goal_894;738768;1.072143163639999E7;0.16666666666666666;744108;6536581.738000002;0.16474880310518805;1363;0.0
Goal_896;738768;1.072143163639999E7;0.2777777777777778;738768;8297977.328500001;0.27777870041302727;1391;0.0
Goal_899;738768;1.072143163639999E7;0.4444444444444444;755822;2407397.776299999;0.4444407175522348;1155;0.0
Goal_898;738768;1.072143163639999E7;0.38888888888888884;740215;4624537.0364999985;0.38874888906263727;1512;0.0
Goal_893;738768;1.072143163639999E7;0.1111111111111111;890189;1.001510196529999E7;0.11111210046795801;2870;0.0
Goal_897;738768;1.072143163639999E7;0.3333333333333333;749834;7471785.868000003;0.3331879019799928;2050;0.0
Goal_891;738768;1.072143163639999E7;0.0;738770;9332217.26729999;0.17981101464760263;3602;0.8627923760009896
Goal_892;738768;1.072143163639999E7;0.05555555555555555;777809;1.0215886259000005E7;0.14403713785357541;3601;0.9262056457489997
Goal_910;708804;0.0;0.5;709719;0.0;0.4478287347958517;18;0.0
Goal_909;708804;0.0;0.4444444444444444;709242;0.0;0.43964423989527607;518;0.0
Goal_901;708804;0.0;0.0;811746;2228738.938099997;0.1703613241131235;3601;0.7328553192558057
Goal_902;708804;0.0;0.05555555555555555;799660;2522716.2182000005;0.15449356863884084;3602;0.759227126703298
Goal_903;708804;0.0;0.1111111111111111;719689;2523330.3024999993;0.1951284799843158;3601;0.8617777561560371
Goal_904;708804;0.0;0.16666666666666666;584453;95100.83789999997;0.2618720925463662;3600;0.9571374083459868
Goal_905;708804;0.0;0.2222222222222222;747467;2166731.981699999;0.2383681845390408;3600;0.9201447614133321
Goal_906;708804;0.0;0.2777777777777778;708804;1109798.3783000002;0.29796938976742726;3603;1.0
Goal_907;708804;0.0;0.3333333333333333;708804;349259.1624999998;0.33333331522686527;3601;1.0
Goal_908;708804;0.0;0.38888888888888884;709229;47.3953;0.38533438723662095;3601;1.0
Goal_920;708804;1191270.181822221;0.5;710136;1176344.0591;0.4586719931329321;17;0.0
Goal_919;708804;1191270.181822221;0.4444444444444444;708804;688663.5124000001;0.44444222359625063;565;0.0
Goal_911;708804;1191270.181822221;0.0;745806;1956350.2597000008;0.1636006478357359;3602;0.871883538030229
Goal_912;708804;1191270.181822221;0.05555555555555555;753298;2315640.5006999993;0.14260440648058464;3602;0.9737341156814904
Goal_918;708804;1191270.181822221;0.38888888888888884;708804;849533.3561000002;0.38878782420399627;1516;0.0
Goal_913;708804;1191270.181822221;0.1111111111111111;774451;2307695.4861999988;0.13136753012481878;3601;1.0
Goal_914;708804;1191270.181822221;0.16666666666666666;780918;2276536.702000001;0.17992903798965426;3602;1.0
Goal_915;708804;1191270.181822221;0.2222222222222222;744768;2126603.0391000006;0.22222163808900947;3601;1.0
Goal_925;708804;2382540.363644442;0.2222222222222222;769132;2368509.0924000028;0.222210847314207;1544;0.0
Goal_916;708804;1191270.181822221;0.2777777777777778;711948;1697368.6546999994;0.27777948076548137;3602;1.0
Goal_930;708804;2382540.363644442;0.5;708968;1248736.7774;0.45867199313293217;24;0.0
Goal_917;708804;1191270.181822221;0.3333333333333333;708804;1545726.5630000005;0.3333315923362315;3602;1.0
Goal_927;708804;2382540.363644442;0.3333333333333333;712097;2364535.6957000014;0.3333338061050077;1098;0.0
Goal_926;708804;2382540.363644442;0.2777777777777778;775730;2328093.6605000016;0.27777196294892215;1542;0.0
Goal_928;708804;2382540.363644442;0.38888888888888884;709299;2270833.1003;0.3884779817635711;1453;0.0
Goal_921;708804;2382540.363644442;0.0;747766;3425153.674000002;0.210053669761797;3601;0.9279520589622552
Goal_929;708804;2382540.363644442;0.4444444444444444;708809;1364206.0960999997;0.44443868404700165;1038;0.0
Goal_922;708804;2382540.363644442;0.05555555555555555;747442;2430039.346199998;0.18414820507482618;3601;1.0
Goal_923;708804;2382540.363644442;0.1111111111111111;768581;2486294.0093000024;0.14155262293518686;3601;1.0
Goal_924;708804;2382540.363644442;0.16666666666666666;773335;2400718.349499998;0.18753070909338015;3602;1.0
Goal_940;708804;3573810.5454666633;0.5;708804;1239999.8742;0.4580604082185332;32;0.0
Goal_939;708804;3573810.5454666633;0.4444444444444444;713371;1387721.0443000004;0.44441525479357835;747;0.0
Goal_937;708804;3573810.5454666633;0.3333333333333333;708875;3573231.1542;0.3333333743932135;1181;0.0
Goal_935;708804;3573810.5454666633;0.2222222222222222;716743;3545141.4210000006;0.22222163093475758;1387;0.0
Goal_936;708804;3573810.5454666633;0.2777777777777778;711561;3572163.6033000043;0.27777785144300077;1335;0.0
Goal_938;708804;3573810.5454666633;0.38888888888888884;709205;2801484.3816;0.3888755888781582;1556;0.0
Goal_934;708804;3573810.5454666633;0.16666666666666666;795512;3573797.874999997;0.16666727791068725;1829;0.0
Goal_944;708804;4765080.727288884;0.16666666666666666;733450;4140581.0946000027;0.16661956670345443;1288;0.0
Goal_933;708804;3573810.5454666633;0.1111111111111111;869012;3573715.8363000043;0.11111232484774376;3205;0.0
Goal_945;708804;4765080.727288884;0.2222222222222222;709121;4697916.814600001;0.22217171247605613;1353;0.0
Goal_931;708804;3573810.5454666633;0.0;708814;3551599.474399997;0.2470022825693624;3601;0.9359679373642676
Goal_950;708804;4765080.727288884;0.5;708968;1248736.7774;0.45867199313293217;25;0.0
Goal_946;708804;4765080.727288884;0.2777777777777778;774728;4304520.084599999;0.2771222873056679;1299;0.0
Goal_932;708804;3573810.5454666633;0.05555555555555555;809800;3548247.830699997;0.13961344088032204;3602;0.9548020639639752
Goal_947;708804;4765080.727288884;0.3333333333333333;709609;4101400.3731000028;0.3326405626272977;1669;0.0
Goal_949;708804;4765080.727288884;0.4444444444444444;708844;1314993.1818000001;0.4444441825421612;955;0.0
Goal_948;708804;4765080.727288884;0.38888888888888884;709795;3929290.783300003;0.38888898556070484;1502;0.0
Goal_954;708804;5956350.909111105;0.16666666666666666;719792;5754326.271199993;0.1666482834023077;1323;0.0
Goal_941;708804;4765080.727288884;0.0;866507;4644084.409599999;0.12720880386893846;3602;0.7202971163890527
Goal_942;708804;4765080.727288884;0.05555555555555555;754061;4765505.4697999945;0.15806608153642013;3602;0.9741071921908828
Goal_955;708804;5956350.909111105;0.2222222222222222;757279;5619915.596099998;0.222222274135305;1297;0.0
Goal_960;708804;5956350.909111105;0.5;708804;1156832.6912;0.45862521444507137;21;0.0
Goal_943;708804;4765080.727288884;0.1111111111111111;838904;4735751.688599994;0.13946857660899134;3602;1.0
Goal_956;708804;5956350.909111105;0.2777777777777778;743487;5282755.9905;0.2777769495100133;1344;0.0
Goal_959;708804;5956350.909111105;0.4444444444444444;711011;1295528.4284999997;0.4444443083175556;994;0.0
Goal_957;708804;5956350.909111105;0.3333333333333333;754543;3618683.4771;0.33333248703998813;1542;0.0
Goal_958;708804;5956350.909111105;0.38888888888888884;708849;3447802.4863000014;0.3886045784054769;1460;0.0
Goal_951;708804;5956350.909111105;0.0;828848;5899839.294399994;0.13898342549663498;3601;0.7366163574031781
Goal_952;708804;5956350.909111105;0.05555555555555555;713489;5882721.467899995;0.19479464085261475;3601;0.9829440053112576
Goal_964;708804;7147621.090933327;0.16666666666666666;820365;5872553.210800008;0.16665024470685044;1517;0.0
Goal_970;708804;7147621.090933327;0.5;708968;1248736.7774;0.45867199313293217;20;0.0
Goal_953;708804;5956350.909111105;0.1111111111111111;886659;5903159.7113000015;0.11567370923087873;3602;1.0
Goal_965;708804;7147621.090933327;0.2222222222222222;730674;4852391.383500005;0.22220997454040442;1277;0.0
Goal_966;708804;7147621.090933327;0.2777777777777778;745217;5921561.081700003;0.2777780893044458;1336;0.0
Goal_969;708804;7147621.090933327;0.4444444444444444;716375;1654083.1931000003;0.44444418388488005;824;0.0
Goal_967;708804;7147621.090933327;0.3333333333333333;774321;6553407.629300002;0.3330665621962291;1409;0.0
Goal_963;708804;7147621.090933327;0.1111111111111111;904917;6814832.473199995;0.11111230979120829;2440;0.0
Goal_968;708804;7147621.090933327;0.38888888888888884;709877;3717684.4451999986;0.38877709573517844;1492;0.0
Goal_961;708804;7147621.090933327;0.0;710812;6505714.791700003;0.22365591217025893;3602;0.9146032269577091
Goal_962;708804;7147621.090933327;0.05555555555555555;785701;7107474.617700005;0.17219421266749874;3601;0.9808035177959341
Goal_980;708804;8338891.272755547;0.5;708968;1248736.7774;0.45867199313293217;23;0.0
Goal_977;708804;8338891.272755547;0.3333333333333333;747567;3769999.5122999987;0.3327359787623158;1086;0.0
Goal_974;708804;8338891.272755547;0.16666666666666666;811593;5722536.155800002;0.1666655058252389;1394;0.0
Goal_975;708804;8338891.272755547;0.2222222222222222;758879;4884258.832499998;0.2218306149566775;1329;0.0
Goal_976;708804;8338891.272755547;0.2777777777777778;807446;7864251.362700002;0.2777779284706725;1299;0.0
Goal_979;708804;8338891.272755547;0.4444444444444444;710039;4818744.9483;0.4444444458727607;738;0.0
Goal_978;708804;8338891.272755547;0.38888888888888884;726227;6268971.198000001;0.3888885468892044;1314;0.0
Goal_984;708804;9530161.454577768;0.16666666666666666;708833;6645578.837800002;0.16570813913285593;1427;0.0
Goal_985;708804;9530161.454577768;0.2222222222222222;715435;7771504.879300002;0.22215484790116777;1425;0.0
Goal_971;708804;8338891.272755547;0.0;710461;6044999.4635000015;0.23572950249552635;3600;0.925877766843028
Goal_986;708804;9530161.454577768;0.2777777777777778;711951;9503238.298600001;0.277778181147334;1154;0.0
Goal_972;708804;8338891.272755547;0.05555555555555555;709272;7626652.586199997;0.19782114547598809;3601;0.99162114390613
Goal_990;708804;9530161.454577768;0.5;708804;1241754.0018000002;0.45764583113567825;19;0.0
Goal_973;708804;8338891.272755547;0.1111111111111111;896540;7949013.8555999985;0.11438166769119923;3602;1.0
Goal_987;708804;9530161.454577768;0.3333333333333333;715348;6083036.674800001;0.33333210758616694;1429;0.0
Goal_983;708804;9530161.454577768;0.1111111111111111;916947;9217417.876500007;0.11111127261022632;2191;0.0
Goal_989;708804;9530161.454577768;0.4444444444444444;709765;1250884.5762000002;0.44440295490326126;861;0.0
Goal_988;708804;9530161.454577768;0.38888888888888884;708804;4093906.685300002;0.3888892116665701;1423;0.0
Goal_981;708804;9530161.454577768;0.0;708804;8478078.57119999;0.21937698941138994;3601;0.9139206178304499
Goal_982;708804;9530161.454577768;0.05555555555555555;708804;7548402.784799996;0.22505343375075115;3602;0.9868184271306579
Goal_1000;708804;1.072143163639999E7;0.5;708968;1248736.7774;0.45867199313293217;23;0.0
Goal_994;708804;1.072143163639999E7;0.16666666666666666;812667;8801794.951499999;0.1666674288574507;1788;0.0
Goal_997;708804;1.072143163639999E7;0.3333333333333333;708804;3885787.7586000017;0.3333276842574279;1258;0.0
Goal_995;708804;1.072143163639999E7;0.2222222222222222;715545;6843702.6499;0.22210874516846899;1562;0.0
Goal_996;708804;1.072143163639999E7;0.2777777777777778;773337;8695498.139799995;0.2777694905910825;1603;0.0
Goal_993;708804;1.072143163639999E7;0.1111111111111111;928439;1.02324409555E7;0.11103546047048518;2095;0.0
Goal_999;708804;1.072143163639999E7;0.4444444444444444;708805;1742971.0980000007;0.444444542640609;979;0.0
Goal_998;708804;1.072143163639999E7;0.38888888888888884;812340;4973815.811399999;0.3888849689760276;1557;0.0
Goal_991;708804;1.072143163639999E7;0.0;709041;7440618.115199996;0.21025236798084343;3602;0.9032655791823502
Goal_992;708804;1.072143163639999E7;0.05555555555555555;793371;1.0624009860099994E7;0.16746292058214213;3601;0.9709484007776583
