
Gurobi 11.0.3 (linux64, Java) logging started qua 17 dez 2025 14:14:01 -03

Set parameter WLSAccessID
Set parameter WLSSecret
Set parameter LicenseID to value 2566693
Academic license 2566693 - for non-commercial use only - registered to ja___@ufv.br
Set parameter NonConvex to value 2
Set parameter TimeLimit to value 3600
Set parameter LogToConsole to value 0
Set parameter MIPGap to value 1.8403064957571938e-08
Set parameter Threads to value 2
Set parameter NodefileDir to value "/home/ps12398/gp-momulap/goalProgrammingMarcos/"
Set parameter NodefileStart to value 1
Gurobi Optimizer version 11.0.3 build v11.0.3rc0 (linux64)

CPU model: Intel(R) Xeon(R) CPU           X5650  @ 2.67GHz, instruction set [SSE2]
Thread count: 12 physical cores, 24 logical processors, using up to 2 threads

Academic license 2566693 - for non-commercial use only - registered to ja___@ufv.br
Optimize a model with 733928 rows, 495518 columns and 5922184 nonzeros
Model fingerprint: 0x60e4f3c8
Model has 502 quadratic constraints
Variable types: 247512 continuous, 248006 integer (497 binary)
Coefficient statistics:
  Matrix range     [2e-03, 7e+06]
  QMatrix range    [2e-03, 1e+05]
  QLMatrix range   [1e+00, 1e+05]
  Objective range  [1e+00, 1e+08]
  Bounds range     [1e+00, 1e+08]
  RHS range        [1e+00, 1e+06]
Presolve removed 476570 rows and 238149 columns (presolve time = 5s) ...
Presolve removed 728393 rows and 489419 columns
Presolve time: 9.97s
Presolved: 8645 rows, 7058 columns, 2079615 nonzeros
Presolved model has 2 SOS constraint(s)
Presolved model has 497 bilinear constraint(s)

Solving non-convex MIQCP

Variable types: 1727 continuous, 5331 integer (499 binary)
Found heuristic solution: objective 5.334934e+07

Root simplex log...

Iteration    Objective       Primal Inf.    Dual Inf.      Time
       0    0.0000000e+00   1.531923e+04   0.000000e+00     34s
     942    3.4154362e+06   0.000000e+00   0.000000e+00     35s

Root relaxation: objective 3.415436e+06, 942 iterations, 1.16 seconds (0.28 work units)
Total elapsed time = 35.24s (DegenMoves)

    Nodes    |    Current Node    |     Objective Bounds      |     Work
 Expl Unexpl |  Obj  Depth IntInf | Incumbent    BestBd   Gap | It/Node Time

     0     0 3415435.87    0  769 5.3349e+07 3415435.87  93.6%     -   35s
     0     0 3801178.25    0  802 5.3349e+07 3801178.25  92.9%     -   40s
     0     0 4365843.89    0  730 5.3349e+07 4365843.89  91.8%     -   43s
     0     0 4568947.08    0  787 5.3349e+07 4568947.08  91.4%     -   46s
     0     0 4575299.29    0  787 5.3349e+07 4575299.29  91.4%     -   47s
     0     0 4723402.18    0  792 5.3349e+07 4723402.18  91.1%     -   53s
     0     0 4726476.50    0  764 5.3349e+07 4726476.50  91.1%     -   58s
     0     0 4752652.75    0  690 5.3349e+07 4752652.75  91.1%     -   63s
     0     0 4756611.11    0  694 5.3349e+07 4756611.11  91.1%     -   66s
     0     0 4757535.59    0  717 5.3349e+07 4757535.59  91.1%     -   71s
     0     0 4757839.39    0  700 5.3349e+07 4757839.39  91.1%     -   73s
     0     0 4758233.91    0  700 5.3349e+07 4758233.91  91.1%     -   74s
     0     0 4758714.09    0  700 5.3349e+07 4758714.09  91.1%     -   84s
     0     2 4758714.09    0  700 5.3349e+07 4758714.09  91.1%     -  113s
     1     4 4758714.09    1  698 5.3349e+07 4758714.09  91.1%  12.0  116s
     5     8 4758714.09    2  648 5.3349e+07 4758714.09  91.1%  13.6  121s
     9    12 4759700.84    3  631 5.3349e+07 4758714.09  91.1%  11.2  125s
    13    16 4760667.55    5  623 5.3349e+07 4758714.09  91.1%   9.1  130s
    19    22 4763335.40    8  642 5.3349e+07 4758714.09  91.1%  10.5  137s
    23    26 4764029.19   10  617 5.3349e+07 4758714.09  91.1%  12.5  141s
    29    32 4764601.51   13  596 5.3349e+07 4758714.09  91.1%  11.6  149s
    31    34 4765177.59   14  608 5.3349e+07 4758714.09  91.1%  11.9  151s
    35    38 4766196.90   16  609 5.3349e+07 4758714.09  91.1%  12.9  155s
    37    41 4766200.44   17  621 5.3349e+07 4758714.09  91.1%  12.7  160s
    42    45 4768109.67   19  618 5.3349e+07 4758714.09  91.1%  12.2  165s
    48    51 4772292.43   21  604 5.3349e+07 4758714.09  91.1%  13.0  171s
    50    55 4768527.83   22  620 5.3349e+07 4758714.09  91.1%  14.2  175s
    56    61 4768599.19   25  615 5.3349e+07 4758714.09  91.1%  13.2  192s
    60    65 4772853.86   27  623 5.3349e+07 4758714.09  91.1%  12.8  196s
    68    73 4776358.04   31  614 5.3349e+07 4758714.09  91.1%  11.7  204s
    72    79 4776487.90   33  641 5.3349e+07 4758714.09  91.1%  11.3  209s
    78    83 4779031.93   35  604 5.3349e+07 4758714.09  91.1%  11.6  213s
    82    87 4779714.00   37  624 5.3349e+07 4758714.09  91.1%  11.7  216s
    86    89 4779890.54   39  613 5.3349e+07 4758714.09  91.1%  11.4  228s
    88    95 4780177.44   40  617 5.3349e+07 4758714.09  91.1%  11.3  234s
    94   101 4781562.80   42  624 5.3349e+07 4758714.09  91.1%  10.9  242s
   100   108 4783097.98   45  620 5.3349e+07 4758714.09  91.1%  11.1  249s
   107   114 4783219.19   48  607 5.3349e+07 4758714.09  91.1%  10.9  255s
   113   119 4789522.29   51  610 5.3349e+07 4758714.09  91.1%  11.3  261s
   118   127 4791075.59   54  624 5.3349e+07 4758714.09  91.1%  11.1  270s
   126   135 4791785.46   58  617 5.3349e+07 4758714.09  91.1%  10.9  279s
   134   143 4793182.02   62  612 5.3349e+07 4758714.09  91.1%  10.4  286s
   142   147 4793527.54   66  626 5.3349e+07 4758714.09  91.1%  10.7  330s
   146   156 4794016.58   68  623 5.3349e+07 4758714.09  91.1%  10.8  340s
   155   167 4796284.56   73  623 5.3349e+07 4758714.09  91.1%  10.6  350s
   166   175 4796785.00   78  630 5.3349e+07 4758714.09  91.1%  10.2  359s
   174   185 4797090.82   80  626 5.3349e+07 4758714.09  91.1%  10.5  370s
   184   196 4797414.32   85  631 5.3349e+07 4758714.09  91.1%  10.2  380s
   195   206 4803597.95   90  615 5.3349e+07 4758714.09  91.1%  10.2  391s
   205   217 4808336.66   94  614 5.3349e+07 4758714.09  91.1%  10.5  401s
   216   229 4811934.21   99  612 5.3349e+07 4758714.09  91.1%  10.5  413s
   228   241 4828828.00  103  599 5.3349e+07 4758714.09  91.1%  10.7  425s
   240   253 4843410.59  108  596 5.3349e+07 4758714.09  91.1%  10.9  436s
   252   266 4862204.98  113  600 5.3349e+07 4758714.09  91.1%  10.9  449s
   265   279 4880868.61  119  591 5.3349e+07 4758714.09  91.1%  10.9  463s
   278   293 4884517.55  125  596 5.3349e+07 4758714.09  91.1%  10.7  477s
   292   302 4911725.60  135  581 5.3349e+07 4758714.09  91.1%  11.8  489s
H  301   305                    4.998047e+07 4758714.09  90.5%  14.3  511s
   304   319 4922656.57  139  578 4.9980e+07 4758714.09  90.5%  14.6  523s
   318   333 4947510.36  145  581 4.9980e+07 4758714.09  90.5%  14.3  541s
   332   341 5223395.14  151  583 4.9980e+07 4758714.09  90.5%  16.6  552s
   340   364 5060778.46  153  559 4.9980e+07 4758714.09  90.5%  17.5  564s
H  363   381                    4.988213e+07 4758714.09  90.5%  18.4  587s
H  379   381                    4.358225e+07 4758714.09  89.1%  17.9  587s
   380   446 5061994.74  177  556 4.3582e+07 4758714.09  89.1%  17.8  618s
   445   516 5062051.69  195  555 4.3582e+07 4758714.09  89.1%  15.6  643s
   515   591 5062109.87  211  556 4.3582e+07 4758714.09  89.1%  13.6  664s
   590   593 5062150.37  227  555 4.3582e+07 4758714.09  89.1%  12.1  718s
   592   680 5062159.21  227  556 4.3582e+07 4758714.09  89.1%  12.0  741s
   679   769 5062227.73  247  556 4.3582e+07 4758714.09  89.1%  10.7  767s
   768   887 5062271.27  264  555 4.3582e+07 4758714.09  89.1%   9.6  786s
   886  1007 5062450.18  319  554 4.3582e+07 4758714.09  89.1%   8.4  804s
H 1006  1044                    4.107515e+07 4758714.09  88.4%   7.6  822s
  1043  1137 5062639.84  380  554 4.1075e+07 4758714.09  88.4%   7.3  843s
  1136  1232 5062814.56  435  552 4.1075e+07 4758714.09  88.4%   6.8  866s
  1231  1317 5063018.09  501  552 4.1075e+07 4758714.09  88.4%   6.4  884s
  1316  1398 5063187.88  556  551 4.1075e+07 4758714.09  88.4%   6.0  903s
  1397  1463 5063362.69  604  551 4.1075e+07 4758714.09  88.4%   5.8  928s
  1462  1518 5063467.54  638  551 4.1075e+07 4758714.09  88.4%   5.5  958s
  1517  1574 5063521.80  654  550 4.1075e+07 4758714.09  88.4%   5.4  984s
  1573  1632 5063566.37  669  545 4.1075e+07 4758714.09  88.4%   5.2 1014s
  1631  1694 5063613.03  685  548 4.1075e+07 4758714.09  88.4%   5.1 1046s
  1693  1756 5063665.31  702  544 4.1075e+07 4758714.09  88.4%   4.9 1079s
  1755  1834 5063715.11  719  543 4.1075e+07 4758714.09  88.4%   4.8 1114s
  1833  1914 5063773.86  738  547 4.1075e+07 4758714.09  88.4%   4.6 1148s
  1913  1975 5063828.93  756  542 4.1075e+07 4758714.09  88.4%   4.5 1179s
H 1973  1975                    5899734.5930 4758714.09  19.3%   4.4 1179s
  1974  2026 5063889.91  776  545 5899734.59 4758714.09  19.3%   4.4 1208s
  2025  2132 5063904.37  784  540 5899734.59 4758714.09  19.3%   4.3 1243s
  2131  2230 5063978.26  836  539 5899734.59 4758714.09  19.3%   4.1 1279s
  2229  2325 5064054.00  895  538 5899734.59 4758714.09  19.3%   4.0 1314s
  2324  2423 5064123.77  952  537 5899734.59 4758714.09  19.3%   3.9 1344s
  2422  2456 5064197.28 1011  537 5899734.59 4758714.09  19.3%   3.8 1358s
H 2451  2456                    5898205.1246 4758714.09  19.3%   3.8 1358s
  2455  2603 5064243.95 1032  534 5898205.12 4758714.09  19.3%   3.8 1388s
  2602  2738 5064285.76 1138  534 5898205.12 4758714.09  19.3%   3.6 1421s
  2737  2875 5064323.60 1233  532 5898205.12 4758714.09  19.3%   3.5 1446s
  2874  2998 5064352.17 1346  534 5898205.12 4758714.09  19.3%   3.4 1473s
  2997  3055 5064396.09 1442  528 5898205.12 4758714.09  19.3%   3.3 1497s
  3054  3232 5064414.97 1488  528 5898205.12 4758714.09  19.3%   3.2 1536s
  3231  3422 5064468.40 1618  528 5898205.12 4758714.09  19.3%   3.1 1573s
H 3273  3422                    5887014.6202 4758714.09  19.2%   3.1 1573s
H 3357  3422                    5870638.3148 4758714.09  18.9%   3.0 1573s
  3421  3685 5064514.04 1729  528 5870638.31 4758714.09  18.9%   3.0 1608s
  3685  3686 5020374.77 1147 2193 5870638.31 4758714.09  18.9%   2.9 1745s
  3687  3687 5019355.61  335  273 5870638.31 4758714.09  18.9%   2.9 1752s
  3690  3689 5064260.82 1073  235 5870638.31 4773468.26  18.7%   2.9 1755s
H 3691  3505                    5389055.1927 4777028.54  11.4%   2.9 1758s
  3696  3508 5020532.47 1263  205 5389055.19 4781609.99  11.3%   2.8 1760s
  3705  3514 5019762.09  675  173 5389055.19 4782959.12  11.2%   2.8 1765s
H 3712  3344                    5355921.5820 4782959.12  10.7%   3.8 1774s
  3714  3345 5064039.07  879  247 5355921.58 4782959.12  10.7%   3.8 1775s
H 3717  3180                    5265486.3185 4782959.12  9.16%   3.8 1781s
  3721  3183 4882538.35  123  173 5265486.32 4782959.12  9.16%   3.8 1785s
  3722  3183 5064478.34 1639  173 5265486.32 4782959.12  9.16%   3.8 1794s
  3723  3184 5062384.34  296  173 5265486.32 4782959.12  9.16%   3.8 1797s
  3724  3188 5191089.19   25  843 5265486.32 4783065.17  9.16%   5.4 1800s
  3738  3197 5194446.76   29  817 5265486.32 4783225.90  9.16%   5.4 1805s
  3751  3206 5199711.44   32  779 5265486.32 4783225.90  9.16%   5.4 1811s
H 3752  3046                    5259269.6158 4783225.90  9.05%   5.4 1811s
  3769  3060 5201988.92   38  715 5259269.62 4783225.90  9.05%   5.5 1815s
H 3775  2911                    5245178.9142 4783225.90  8.81%   5.5 1817s
  3780  2914 5201713.36   42  694 5245178.91 4783225.90  8.81%   5.5 1821s
  3796  2925 5202403.40   47  639 5245178.91 4783225.90  8.81%   5.5 1826s
H 3809  2785                    5193095.4930 4783225.90  7.89%   5.6 1830s
  3821  2787 4783727.73   30  597 5193095.49 4783727.73  7.88%   5.6 1835s
  3837  2796 4785253.66   34  608 5193095.49 4783828.10  7.88%   5.7 1844s
  3839  2799 4795773.40   34  650 5193095.49 4783828.10  7.88%   5.7 1846s
  3851  2804 4785455.96   37  577 5193095.49 4783828.10  7.88%   5.7 1851s
  3859  2801 4785422.41   39  572 5193095.49 4783828.10  7.88%   5.7 1856s
H 3861  2664                    5156498.8522 4783828.10  7.23%   5.7 1856s
  3868  2666 4785372.56   42  562 5156498.85 4783828.10  7.23%   5.7 1861s
  3880  2662 4785380.58   45  556 5156498.85 4783828.10  7.23%   5.7 1865s
  3897  2654 4785392.55   49  549 5156498.85 4783828.10  7.23%   5.7 1873s
  3900  2659 4785404.54   49  548 5156498.85 4783828.10  7.23%   5.7 1876s
H 3915  2537                    5132253.3996 4783828.10  6.79%   5.7 1881s
  3928  2549 4785592.20   55  551 5132253.40 4783828.10  6.79%   5.7 1887s
  3936  2551 4785534.87   57  547 5132253.40 4783828.10  6.79%   5.7 1891s
H 3941  2429                    5048727.9357 4783828.10  5.25%   5.7 1897s
  3945  2438 4785542.85   60  543 5048727.94 4783828.10  5.25%   5.7 1900s
  3965  2447 4785557.73   65  537 5048727.94 4783828.10  5.25%   5.7 1906s
  3979  2461 4785564.78   68  535 5048727.94 4783828.10  5.25%   5.7 1912s
  3989  2467 4785570.66   71  536 5048727.94 4783828.10  5.25%   5.7 1916s
  3999  2470 4785575.98   74  535 5048727.94 4783828.10  5.25%   5.7 1921s
H 4001  2352                    5039959.8805 4783828.10  5.08%   5.7 1921s
  4005  2365 4785716.87   75  535 5039959.88 4783828.10  5.08%   5.6 1925s
H 4033  2266                    5039916.5094 4783828.10  5.08%   5.6 1934s
H 4039  2158                    5033257.1591 4783828.10  4.96%   5.6 1934s
  4040  2173 4785587.93   84  535 5033257.16 4783828.10  4.96%   5.6 1938s
  4056  2183 4785592.72   88  535 5033257.16 4783828.10  4.96%   5.6 1944s
H 4070  2078                    5030079.8253 4783828.10  4.90%   5.6 1944s
  4071  2094 4785599.65   92  534 5030079.83 4783828.10  4.90%   5.6 1949s
  4087  2102 4785604.98   96  542 5030079.83 4783828.10  4.90%   5.6 1956s
H 4090  2005                    5027018.1618 4783828.10  4.84%   5.6 1956s
H 4100  1926                    5026944.6697 4783828.10  4.84%   5.5 1962s
  4116  1937 4792519.20  102  550 5026944.67 4783828.10  4.84%   5.6 1968s
  4132  1950 4785668.47  106  530 5026944.67 4783828.10  4.84%   5.6 1974s
H 4143  1860                    5022223.4927 4783828.10  4.75%   5.6 1974s
  4150  1876 4785673.68  111  526 5022223.49 4783828.10  4.75%   5.5 1981s
  4168  1887 4785676.94  116  520 5022223.49 4783828.10  4.75%   5.5 1987s
H 4179  1801                    5015794.4826 4783828.10  4.62%   5.5 1987s
  4185  1819 4785678.92  121  519 5015794.48 4783828.10  4.62%   5.5 1993s
H 4205  1755                    5009767.1391 4783828.10  4.51%   5.5 2001s
  4225  1773 4785682.46  130  519 5009767.14 4783828.10  4.51%   5.5 2008s
H 4249  1717                    5008651.5966 4783828.10  4.49%   5.4 2015s
  4275  1732 4785689.55  142  517 5008651.60 4783828.10  4.49%   5.4 2024s
H 4299  1680                    5005060.1767 4783828.10  4.42%   5.4 2033s
H 4325  1631                    5003268.6813 4783828.10  4.39%   5.4 2043s
  4352  1650 4785695.49  161  519 5003268.68 4783828.10  4.39%   5.4 2053s
H 4365  1583                    5000307.8779 4783828.10  4.33%   5.3 2053s
H 4380  1547                    4995798.5225 4783828.10  4.24%   5.3 2063s
  4409  1565 4785702.81  174  517 4995798.52 4783828.10  4.24%   5.3 2072s
H 4434  1499                    4994764.9804 4783828.10  4.22%   5.3 2072s
  4437  1531 4785704.00  182  519 4994764.98 4783828.10  4.22%   5.3 2082s
  4470  1552 4785707.32  190  519 4994764.98 4783828.10  4.22%   5.2 2093s
H 4487  1492                    4992660.9029 4783828.10  4.18%   5.2 2093s
  4502  1515 4785712.75  198  517 4992660.90 4783828.10  4.18%   5.2 2104s
H 4513  1460                    4991603.1637 4783828.10  4.16%   5.2 2104s
  4530  1491 4785715.85  205  518 4991603.16 4783828.10  4.16%   5.2 2116s
H 4567  1464                    4990996.9038 4783828.10  4.15%   5.2 2129s
H 4585  1412                    4989680.0820 4783828.10  4.13%   5.1 2129s
  4601  1442 4785736.43  223  518 4989680.08 4783828.10  4.13%   5.1 2141s
H 4630  1389                    4987552.7907 4783828.10  4.08%   5.1 2141s
  4637  1427 4785751.56  233  519 4987552.79 4783828.10  4.08%   5.1 2155s
H 4656  1379                    4987505.7862 4783828.10  4.08%   5.1 2155s
  4678  1406 4785755.70  243  519 4987505.79 4783828.10  4.08%   5.1 2167s
H 4712  1398                    4985017.4426 4783828.10  4.04%   5.1 2181s
  4756  1426 4785776.50  262  519 4985017.44 4783828.10  4.04%   5.0 2194s
H 4759  1387                    4983960.5892 4783828.10  4.02%   5.0 2194s
H 4780  1344                    4983482.2211 4783828.10  4.01%   5.0 2194s
  4798  1383 4785795.88  272  517 4983482.22 4783828.10  4.01%   5.0 2208s
H 4806  1346                    4982575.1586 4783828.10  3.99%   5.0 2208s
  4843  1381 4785798.51  283  519 4982575.16 4783828.10  3.99%   5.0 2223s
H 4876  1337                    4980411.4592 4783828.10  3.95%   4.9 2223s
  4890  1382 4785818.12  294  517 4980411.46 4783828.10  3.95%   4.9 2240s
H 4928  1338                    4975917.1648 4783828.10  3.86%   4.9 2240s
  4942  1386 4785823.70  307  518 4975917.16 4783828.10  3.86%   4.9 2258s
  4994  1423 4785842.01  320  517 4975917.16 4783828.10  3.86%   4.9 2277s
H 5006  1390                    4973223.1189 4783828.10  3.81%   4.9 2277s
  5049  1426 4785924.18  333  519 4973223.12 4783828.10  3.81%   4.9 2296s
H 5075  1389                    4972761.9729 4783828.10  3.80%   4.9 2296s
  5099  1445 4786012.24  346  518 4972761.97 4783828.10  3.80%   4.9 2315s
  5163  1487 4786043.03  362  517 4972761.97 4783828.10  3.80%   4.8 2337s
  5226  1530 4786046.62  378  552 4972761.97 4783828.10  3.80%   4.8 2359s
H 5290  1573                    4972495.2892 4783828.10  3.79%   4.8 2382s
H 5357  1644                    4971877.6840 4783828.10  3.78%   4.8 2406s
  5428  1718 4786615.94  427  519 4971877.68 4783828.10  3.78%   4.8 2431s
  5502  1796 4786864.63  445  518 4971877.68 4783828.10  3.78%   4.8 2456s
  5580  1875 4787134.94  465  519 4971877.68 4783828.10  3.78%   4.8 2481s
H 5622  1875                    4970831.0235 4783828.10  3.76%   4.8 2481s
  5661  1961 4787370.35  486  536 4970831.02 4783828.10  3.76%   4.8 2508s
H 5747  2047                    4970544.0270 4783828.10  3.76%   4.8 2535s
H 5790  2047                    4970253.9572 4783828.10  3.75%   4.8 2535s
  5833  2137 4788019.15  529  518 4970253.96 4783828.10  3.75%   4.8 2563s
  5923  2235 4788350.67  552  536 4970253.96 4783828.10  3.75%   4.8 2592s
  6021  2332 4788707.14  576  536 4970253.96 4783828.10  3.75%   4.8 2624s
  6118  2435 4789086.24  600  517 4970253.96 4783828.10  3.75%   4.9 2657s
H 6170  2435                    4970245.4899 4783828.10  3.75%   4.9 2657s
H 6221  2545                    4969664.7494 4783828.10  3.74%   4.9 2689s
H 6331  2648                    4969650.6261 4783828.10  3.74%   4.9 2718s
H 6381  2648                    4969538.7221 4783828.10  3.74%   4.9 2718s
H 6434  2764                    4968923.4992 4783828.10  3.73%   4.9 2754s
  6550  2882 4790469.72  707  517 4968923.50 4783828.10  3.73%   4.9 2788s
H 6610  2882                    4968923.4857 4783828.10  3.73%   4.9 2788s
  6668  3007 4790487.42  737  517 4968923.49 4783828.10  3.73%   4.9 2825s
H 6793  3136                    4968386.1103 4783828.10  3.71%   4.9 2862s
  6922  3270 4790525.18  801  517 4968386.11 4783828.10  3.71%   4.8 2901s
  7056  3408 4790546.51  834  539 4968386.11 4783828.10  3.71%   4.8 2942s
H 7194  3557                    4965777.2389 4783828.10  3.66%   4.8 2987s
  7343  3711 4790586.55  905  517 4965777.24 4783828.10  3.66%   4.8 3031s
H 7497  3869                    4964846.7991 4783828.10  3.65%   4.8 3085s
H 7655  4033                    4964008.2311 4783828.10  3.63%   4.7 3141s
H 7735  4033                    4963359.7897 4783828.10  3.62%   4.7 3141s
  7819  4209 4790740.64 1022  514 4963359.79 4783828.10  3.62%   4.7 3194s
H 7906  4209                    4963265.8412 4783828.10  3.62%   4.7 3194s
H 7995  4380                    4963035.6249 4783828.10  3.61%   4.7 3251s
H 8081  4380                    4960341.5360 4783828.10  3.56%   4.7 3251s
  8166  4567 4790856.89 1108  512 4960341.54 4783828.10  3.56%   4.7 3311s
H 8353  4762                    4960245.7430 4783828.10  3.56%   4.8 3377s
H 8448  4762                    4959212.5811 4783828.10  3.54%   4.8 3377s
  8548  4969 4790889.20 1201  512 4959212.58 4783828.10  3.54%   4.9 3439s

Gurobi 11.0.3 (linux64, Java) logging started qua 17 dez 2025 15:14:08 -03

Set parameter WLSAccessID
Set parameter WLSSecret
Set parameter LicenseID to value 2566693
Academic license 2566693 - for non-commercial use only - registered to ja___@ufv.br
Set parameter NonConvex to value 2
Set parameter TimeLimit to value 3600
Set parameter LogToConsole to value 0
Set parameter MIPGap to value 1.8403064957571938e-08
Set parameter Threads to value 2
Set parameter NodefileDir to value "/home/ps12398/gp-momulap/goalProgrammingMarcos/"
Set parameter NodefileStart to value 1
Gurobi Optimizer version 11.0.3 build v11.0.3rc0 (linux64)

CPU model: Intel(R) Xeon(R) CPU           X5650  @ 2.67GHz, instruction set [SSE2]
Thread count: 12 physical cores, 24 logical processors, using up to 2 threads

Academic license 2566693 - for non-commercial use only - registered to ja___@ufv.br
Optimize a model with 733928 rows, 495518 columns and 5922184 nonzeros
Model fingerprint: 0x60e4f3c8
Model has 502 quadratic constraints
Variable types: 247512 continuous, 248006 integer (497 binary)
Coefficient statistics:
  Matrix range     [2e-03, 7e+06]
  QMatrix range    [2e-03, 1e+05]
  QLMatrix range   [1e+00, 1e+05]
  Objective range  [1e+00, 1e+08]
  Bounds range     [1e+00, 1e+08]
  RHS range        [1e+00, 1e+06]
Presolve removed 0 rows and 0 columns (presolve time = 72s) ...
Presolve removed 728396 rows and 489421 columns (presolve time = 75s) ...
Presolve removed 728396 rows and 489421 columns (presolve time = 81s) ...
Presolve removed 728396 rows and 489421 columns (presolve time = 1096s) ...
Presolve removed 728393 rows and 489419 columns
Presolve time: 1096.31s
Presolved: 8645 rows, 7058 columns, 2079615 nonzeros
Presolved model has 2 SOS constraint(s)
Presolved model has 497 bilinear constraint(s)

Solving non-convex MIQCP

Variable types: 1727 continuous, 5331 integer (499 binary)

Explored 0 nodes (0 simplex iterations) in 4337.11 seconds (1.85 work units)
Thread count was 2 (of 24 available processors)

Solution count 0

Time limit reached
Best objective -, best bound 0.000000000000e+00, gap -

Gurobi 11.0.3 (linux64, Java) logging started qui 18 dez 2025 08:04:49 -03

Set parameter WLSAccessID
Set parameter WLSSecret
Set parameter LicenseID to value 2566693
Academic license 2566693 - for non-commercial use only - registered to ja___@ufv.br

Gurobi 11.0.3 (linux64, Java) logging started qui 18 dez 2025 08:10:46 -03

Set parameter WLSAccessID
Set parameter WLSSecret
Set parameter LicenseID to value 2566693
Academic license 2566693 - for non-commercial use only - registered to ja___@ufv.br

Gurobi 11.0.3 (linux64, Java) logging started qui 18 dez 2025 08:12:11 -03

Set parameter WLSAccessID
Set parameter WLSSecret
Set parameter LicenseID to value 2566693
Academic license 2566693 - for non-commercial use only - registered to ja___@ufv.br

Gurobi 11.0.3 (linux64, Java) logging started qui 18 dez 2025 08:19:06 -03

Set parameter WLSAccessID
Set parameter WLSSecret
Set parameter LicenseID to value 2566693
Academic license 2566693 - for non-commercial use only - registered to ja___@ufv.br
Set parameter NonConvex to value 2

Gurobi 11.0.3 (linux64, Java) logging started qui 18 dez 2025 08:36:19 -03

Set parameter WLSAccessID
Set parameter WLSSecret
Set parameter LicenseID to value 2566693
Academic license 2566693 - for non-commercial use only - registered to ja___@ufv.br
Set parameter NonConvex to value 2

Gurobi 11.0.3 (linux64, Java) logging started qui 18 dez 2025 10:58:56 -03

Set parameter WLSAccessID
Set parameter WLSSecret
Set parameter LicenseID to value 2566693
Academic license 2566693 - for non-commercial use only - registered to ja___@ufv.br

Gurobi 11.0.3 (linux64, Java) logging started qui 18 dez 2025 11:29:35 -03

Set parameter WLSAccessID
Set parameter WLSSecret
Set parameter LicenseID to value 2566693
Academic license 2566693 - for non-commercial use only - registered to ja___@ufv.br

Gurobi 11.0.3 (linux64, Java) logging started qui 18 dez 2025 11:55:00 -03

Set parameter WLSAccessID
Set parameter WLSSecret
Set parameter LicenseID to value 2566693
Academic license 2566693 - for non-commercial use only - registered to ja___@ufv.br

Gurobi 11.0.3 (linux64, Java) logging started qui 18 dez 2025 15:05:03 -03

Set parameter WLSAccessID
Set parameter WLSSecret
Set parameter LicenseID to value 2566693
Academic license 2566693 - for non-commercial use only - registered to ja___@ufv.br
Set parameter NonConvex to value 2
Set parameter TimeLimit to value 3600
Set parameter LogToConsole to value 0
Set parameter MIPGap to value 1.8403064957571938e-08
Set parameter Threads to value 1

Gurobi 11.0.3 (linux64, Java) logging started seg 22 dez 2025 09:55:56 -03

Set parameter WLSAccessID
Set parameter WLSSecret
Set parameter LicenseID to value 2566693
Academic license 2566693 - for non-commercial use only - registered to ja___@ufv.br

Gurobi 11.0.3 (linux64, Java) logging started seg 22 dez 2025 11:16:12 -03

Set parameter WLSAccessID
Set parameter WLSSecret
Set parameter LicenseID to value 2566693
Academic license 2566693 - for non-commercial use only - registered to ja___@ufv.br

Gurobi 11.0.3 (linux64, Java) logging started seg 22 dez 2025 11:38:36 -03

Set parameter WLSAccessID
Set parameter WLSSecret
Set parameter LicenseID to value 2566693
Academic license 2566693 - for non-commercial use only - registered to ja___@ufv.br

Gurobi 11.0.3 (linux64, Java) logging started seg 22 dez 2025 11:56:03 -03

Set parameter WLSAccessID
Set parameter WLSSecret
Set parameter LicenseID to value 2566693
Academic license 2566693 - for non-commercial use only - registered to ja___@ufv.br

Gurobi 11.0.3 (linux64, Java) logging started seg 22 dez 2025 15:43:22 -03

Set parameter WLSAccessID
Set parameter WLSSecret
Set parameter LicenseID to value 2566693
Academic license 2566693 - for non-commercial use only - registered to ja___@ufv.br

Gurobi 11.0.3 (linux64, Java) logging started ter 23 dez 2025 10:31:39 -03

Set parameter WLSAccessID
Set parameter WLSSecret
Set parameter LicenseID to value 2566693
Academic license 2566693 - for non-commercial use only - registered to ja___@ufv.br
Set parameter NonConvex to value 2
Set parameter TimeLimit to value 3600
Set parameter MIPGap to value 1.8403064957571938e-08
Set parameter Threads to value 2
Set parameter Cuts to value 1
Set parameter NodefileDir to value "/home/ps12398/gp-momulap/goalProgrammingMarcos/"
Set parameter NodefileStart to value 0.1
Gurobi Optimizer version 11.0.3 build v11.0.3rc0 (linux64)

CPU model: Intel(R) Xeon(R) CPU           X5650  @ 2.67GHz, instruction set [SSE2]
Thread count: 12 physical cores, 24 logical processors, using up to 2 threads

Academic license 2566693 - for non-commercial use only - registered to ja___@ufv.br
Optimize a model with 733928 rows, 495518 columns and 5922184 nonzeros
Model fingerprint: 0x60e4f3c8
Model has 502 quadratic constraints
Variable types: 247512 continuous, 248006 integer (497 binary)
Coefficient statistics:
  Matrix range     [2e-03, 7e+06]
  QMatrix range    [2e-03, 1e+05]
  QLMatrix range   [1e+00, 1e+05]
  Objective range  [1e+00, 1e+08]
  Bounds range     [1e+00, 1e+08]
  RHS range        [1e+00, 1e+06]
Presolve removed 728393 rows and 489419 columns
Presolve time: 2.97s
Presolved: 8645 rows, 7058 columns, 2079615 nonzeros
Presolved model has 2 SOS constraint(s)
Presolved model has 497 bilinear constraint(s)

Solving non-convex MIQCP

Variable types: 1727 continuous, 5331 integer (499 binary)
Found heuristic solution: objective 5.334934e+07

Root simplex log...

Iteration    Objective       Primal Inf.    Dual Inf.      Time
       0    0.0000000e+00   1.531923e+04   0.000000e+00     15s
     942    3.4154359e+06   0.000000e+00   0.000000e+00     16s

Root relaxation: objective 3.415436e+06, 942 iterations, 0.53 seconds (0.28 work units)
Total elapsed time = 15.64s (DegenMoves)

    Nodes    |    Current Node    |     Objective Bounds      |     Work
 Expl Unexpl |  Obj  Depth IntInf | Incumbent    BestBd   Gap | It/Node Time

     0     0 3415435.87    0  769 5.3349e+07 3415435.87  93.6%     -   15s
     0     0 3801178.25    0  802 5.3349e+07 3801178.25  92.9%     -   18s
     0     0 4365843.89    0  730 5.3349e+07 4365843.89  91.8%     -   19s
     0     0 4568947.08    0  787 5.3349e+07 4568947.08  91.4%     -   21s
     0     0 4575299.29    0  787 5.3349e+07 4575299.29  91.4%     -   21s
     0     0 4723402.18    0  792 5.3349e+07 4723402.18  91.1%     -   24s
     0     0 4726476.50    0  764 5.3349e+07 4726476.50  91.1%     -   26s
     0     0 4752652.75    0  690 5.3349e+07 4752652.75  91.1%     -   28s
     0     0 4756611.11    0  694 5.3349e+07 4756611.11  91.1%     -   30s
     0     0 4757535.59    0  717 5.3349e+07 4757535.59  91.1%     -   31s
     0     0 4757839.39    0  700 5.3349e+07 4757839.39  91.1%     -   32s
     0     0 4758233.91    0  700 5.3349e+07 4758233.91  91.1%     -   32s
     0     0 4758714.09    0  700 5.3349e+07 4758714.09  91.1%     -   38s
     0     2 4758714.09    0  700 5.3349e+07 4758714.09  91.1%     -   48s
     7    10 4759163.50    3  671 5.3349e+07 4758714.09  91.1%  11.4   50s
    29    32 4764601.51   13  596 5.3349e+07 4758714.09  91.1%  11.6   55s
    54    57 4768573.09   24  650 5.3349e+07 4758714.09  91.1%  13.5   60s
    72    79 4776487.90   33  641 5.3349e+07 4758714.09  91.1%  11.3   65s
    88    95 4780177.44   40  617 5.3349e+07 4758714.09  91.1%  11.3   70s
   113   119 4789522.29   51  610 5.3349e+07 4758714.09  91.1%  11.3   75s
   142   146 4793527.54   66  626 5.3349e+07 4758714.09  91.1%  10.7   90s
   175   186 4805824.84   80  596 5.3349e+07 4758714.09  91.1%  11.0   96s
   205   215 4817017.21   96  604 5.3349e+07 4758714.09  91.1%  10.7  101s
   238   250 4834678.90  112  580 5.3349e+07 4758714.09  91.1%  10.2  106s
   261   274 4841780.78  124  582 5.3349e+07 4758714.09  91.1%   9.9  110s
   294   311 4883039.75  138  563 5.3349e+07 4758714.09  91.1%  14.6  116s
H  310   313                    4.998047e+07 4758714.09  90.5%  14.2  120s
   336   347 5053689.27  157  560 4.9980e+07 4758714.09  90.5%  17.1  126s
H  341   347                    4.799067e+07 4758714.09  90.1%  18.0  126s
   390   429 5054405.66  184  554 4.7991e+07 4758714.09  90.1%  16.5  134s
H  427   429                    4.283420e+07 4758714.09  88.9%  15.2  134s
   428   499 5054447.91  218  554 4.2834e+07 4758714.09  88.9%  15.2  139s
   498   575 5054507.37  246  553 4.2834e+07 4758714.09  88.9%  13.3  143s
   574   649 5054554.59  284  553 4.2834e+07 4758714.09  88.9%  11.7  147s
   648   651 5054599.32  320  553 4.2834e+07 4758714.09  88.9%  10.5  157s
   650   713 5054600.58  321  553 4.2834e+07 4758714.09  88.9%  10.4  161s
   779   852 5054687.39  383  552 4.2834e+07 4758714.09  88.9%   8.9  168s
   851   927 5054742.63  418  551 4.2834e+07 4758714.09  88.9%   8.2  172s
   926  1015 5054778.04  459  540 4.2834e+07 4758714.09  88.9%   7.7  177s
  1014  1057 5054794.00  522  542 4.2834e+07 4758714.09  88.9%   7.1  181s
  1056  1132 5054801.07  550  542 4.2834e+07 4758714.09  88.9%   6.8  186s
  1131  1226 5054822.43  598  530 4.2834e+07 4758714.09  88.9%   6.5  191s
  1225  1325 5054829.82  666  530 4.2834e+07 4758714.09  88.9%   6.0  197s
  1324  1424 5054837.65  738  530 4.2834e+07 4758714.09  88.9%   5.7  202s
  1423  1528 5054845.47  810  530 4.2834e+07 4758714.09  88.9%   5.3  208s
  1527  1616 5054853.73  886  530 4.2834e+07 4758714.09  88.9%   5.0  212s
H 1595  1616                    4.283420e+07 4758714.09  88.9%   4.9  212s
  1615  1710 5054861.12  954  530 4.2834e+07 4758714.09  88.9%   4.8  218s
  1709  1819 5054868.51 1022  530 4.2834e+07 4758714.09  88.9%   4.6  224s
H 1818  1877                    4.265601e+07 4758714.09  88.8%   4.4  230s
H 1847  1877                    5939304.1366 4758714.09  19.9%   4.4  230s
  1876  1990 5054879.35 1119  529 5939304.14 4758714.09  19.9%   4.3  236s
  1989  2085 5054913.88 1199  526 5939304.14 4758714.09  19.9%   4.1  241s
  2084  2087 5054938.74 1259  526 5939304.14 4758714.09  19.9%   4.0  245s
  2086  2276 5054939.34 1260  526 5939304.14 4758714.09  19.9%   4.0  251s
  2275  2474 5054978.51 1355  526 5939304.14 4758714.09  19.9%   3.7  257s
  2473  2672 5055019.93 1455  526 5939304.14 4758714.09  19.9%   3.5  262s
  2671  2831 5055060.53 1553  526 5939304.14 4758714.09  19.9%   3.3  269s
  2830  3016 5055079.73 1590  524 5939304.14 4758714.09  19.9%   3.2  275s
H 2914  3016                    5933657.9320 4758714.09  19.8%   3.3  275s
  3015  3144 5055121.74 1675  523 5933657.93 4758714.09  19.8%   3.2  281s
  3143  3278 5055146.99 1739  523 5933657.93 4758714.09  19.8%   3.1  287s
  3277  3450 5055173.66 1782  523 5933657.93 4758714.09  19.8%   3.1  294s
  3449  3628 5055215.08 1837  518 5933657.93 4758714.09  19.8%   3.2  302s
  3628  3629 5055255.03 1847 2193 5933657.93 4758714.09  19.8%   3.1  338s
  3630  3630 5054886.81 1129  273 5933657.93 4758714.09  19.8%   3.1  340s
H 3646  3460                    5871691.6271 4782747.11  18.5%   4.1  345s
H 3646  3287                    5869975.6322 4782747.11  18.5%   4.1  345s
H 3649  3125                    5752975.6420 4782747.11  16.9%   4.1  349s
  3674  3145 4785340.90   31  628 5752975.64 4784547.24  16.8%   5.8  350s
H 3677  2989                    5736885.0713 4784918.63  16.6%   5.8  351s
H 3678  2841                    5667656.7299 4784918.63  15.6%   5.8  351s
  3945  3290 4785659.12  118  536 5667656.73 4785122.69  15.6%   5.7  355s
H 4135  3085                    5282429.1615 4785122.69  9.41%   5.4  355s
H 4774  3402                    5249497.5825 4785122.69  8.85%   5.0  357s
H 4837  3254                    5225645.3716 4785122.69  8.43%   5.0  357s
H 4924  3189                    5033280.3242 4785122.69  4.93%   5.0  358s
  5212  3569 4786807.31  512  535 5033280.32 4785122.69  4.93%   4.8  360s
H 6020  3818                    5025744.5087 4785122.69  4.79%   4.5  363s
  6309  4236 4787580.75  830  526 5025744.51 4785122.69  4.79%   4.4  365s
  7328  4930 4787961.29 1098  514 5025744.51 4785122.69  4.79%   4.3  370s
  8737  5943 4788065.73 1459  515 5025744.51 4785122.69  4.79%   4.3  376s
  9740  6631 4788238.00 1716  516 5025744.51 4785122.69  4.79%   4.3  380s
 10901  7642 4788579.92 2003  512 5025744.51 4785122.69  4.79%   4.2  385s
 12097  8578 4788876.20 2252  526 5025744.51 4785122.69  4.79%   4.3  390s
 12999  9542 4790858.81 2392  500 5025744.51 4785122.69  4.79%   4.5  395s
H13126  9542                    5024773.4071 4785122.69  4.77%   4.5  395s
H13199  9725                    5020328.6591 4785122.69  4.69%   4.5  397s
 13680 10354 4791059.45 2499  499 5020328.66 4785122.69  4.69%   4.4  400s
 14686 11129 4792029.73 2662  497 5020328.66 4785122.69  4.69%   4.4  405s
 15643 12244 infeasible 2949      5020328.66 4785122.69  4.69%   4.8  411s
H15742 12244                    5018667.9234 4785122.69  4.65%   4.8  411s
 16489 12930 4940107.71 3109  604 5018667.92 4785122.69  4.65%   5.0  415s
H16775 13157                    5017757.3892 4785122.69  4.64%   5.4  418s
 16913 13363 4952780.51 3197  588 5017757.39 4785122.69  4.64%   5.5  420s
H17290 13666                    5016436.5752 4785122.69  4.61%   5.7  423s
 17614 14074 4959928.01 3306  556 5016436.58 4785122.69  4.61%   5.8  426s
 18200 14639 4963766.09 3495  553 5016436.58 4785122.69  4.61%   6.1  431s
H18208 14638                    5015375.9952 4785122.69  4.59%   6.1  431s
 18737 15173 4983794.09 3574  576 5015376.00 4785122.69  4.59%   6.1  435s
H19310 15552                    5006601.7291 4785122.69  4.42%   6.6  442s
 19520 15738 4972721.66 3732  545 5006601.73 4785122.69  4.42%   6.7  445s
H19804 16152                    5006451.5707 4785122.69  4.42%   6.8  449s
H19948 16076                    4996714.0104 4785122.69  4.23%   6.7  449s
 20024 16190 4975838.88 3878  536 4996714.01 4785122.69  4.23%   6.7  450s
 20504 16747 4786328.40   43  647 4996714.01 4785153.86  4.23%   6.9  455s
H21221 17435                    4993276.6430 4785153.86  4.17%   6.9  459s
 21539 17944 4797670.14  132  550 4993276.64 4785153.86  4.17%   6.9  461s
H22313 18361                    4992949.2475 4785153.86  4.16%   6.9  463s
 22468 18954 4800053.35  372  531 4992949.25 4785153.86  4.16%   6.8  465s
H23540 19258                    4987462.7667 4785153.86  4.06%   6.6  468s
H23541 19050                    4981278.6241 4785153.86  3.94%   6.6  468s
 23542 19200 4802217.43  637  524 4981278.62 4785153.86  3.94%   6.6  470s
H24248 19933                    4978176.7119 4785153.86  3.88%   6.5  474s
 24489 20181 4804661.84  916  522 4978176.71 4785153.86  3.88%   6.5  475s
 25291 21043 4805762.11 1132  518 4978176.71 4785153.86  3.88%   6.4  481s
H25598 20591                    4974071.5548 4785153.86  3.80%   6.3  481s
 26472 21922 4806743.93 1558  516 4974071.55 4785153.86  3.80%   6.3  486s
 27307 22654 4806857.05 1803  516 4974071.55 4785153.86  3.80%   6.2  490s
H27888 22849                    4973097.6162 4785153.86  3.78%   6.4  492s
 28205 23134 4807008.92 1921  500 4973097.62 4785153.86  3.78%   6.6  495s
H28280 23160                    4971990.6204 4785153.86  3.76%   6.7  496s
H28326 23135                    4970522.0186 4785153.86  3.73%   6.8  496s
 28586 23578 4786037.54   34  627 4970522.02 4785154.12  3.73%   7.1  501s
H29172 24086                    4970290.4395 4785154.12  3.72%   7.1  504s
H29410 23962                    4968546.7213 4785154.12  3.69%   7.0  504s
 29411 24595 4787909.53  275  531 4968546.72 4785154.12  3.69%   7.0  506s
H30222 24530                    4964948.9054 4785154.12  3.62%   6.9  507s
 30223 25104 4789613.43  540  526 4964948.91 4785154.12  3.62%   6.9  510s
 31720 26586 4791273.13  940  525 4964948.91 4785154.12  3.62%   6.7  515s
 33273 28036 4792426.67 1333  524 4964948.91 4785154.12  3.62%   6.5  520s
 34485 29191 4792900.03 1624  520 4964948.91 4785154.12  3.62%   6.3  525s
 35461 30187 4793056.31 1893  512 4964948.91 4785154.12  3.62%   6.2  530s
H36176 30168                    4961787.7730 4785154.12  3.56%   6.2  531s
 36976 31396 4793180.48 2313  508 4961787.77 4785154.12  3.56%   6.1  536s
 37921 32188 4793244.54 2497  536 4961787.77 4785154.12  3.56%   6.0  540s
H38708 32693                    4960942.8896 4785154.12  3.54%   6.1  544s
 38769 32834 4794053.04 2622  512 4960942.89 4785154.12  3.54%   6.1  546s
H38909 32635                    4950225.1545 4785154.12  3.33%   6.1  546s
 39406 33310 4797628.55 2782  513 4950225.15 4785154.12  3.33%   6.2  550s
 39860 33658 4933464.89 2888  533 4950225.15 4785154.12  3.33%   6.6  555s
 40381 34124 4945913.61 3004  540 4950225.15 4785154.12  3.33%   6.8  560s
H40391 33625                    4935727.4457 4785154.12  3.05%   6.8  560s
 40947 34208 4786916.33  158  540 4935727.45 4785335.18  3.05%   6.9  565s
H41464 34517                    4935727.4215 4785335.18  3.05%   6.9  567s
H41759 34744                    4935153.9515 4785335.18  3.04%   6.9  568s
 41776 34985 4787528.04  491  531 4935153.95 4785335.18  3.04%   6.9  570s
H42228 35326                    4934874.0288 4785335.18  3.03%   7.0  572s
Created node file directory '/home/ps12398/gp-momulap/goalProgrammingMarcos//grbnodes0'
 42929 36237 4788155.57  818  525 4934874.03 4785335.18  3.03%   6.9  577s
H43170 36237                    4928241.9531 4785335.18  2.90%   6.9  577s
 43885 37389 4788475.65 1071  525 4928241.95 4785335.18  2.90%   6.8  581s
H44454 37742                    4922669.1941 4785335.18  2.79%   6.7  583s
 44807 38262 4788745.76 1281  520 4922669.19 4785335.18  2.79%   6.6  585s
H45772 38709                    4920046.4468 4785335.18  2.74%   6.5  589s
H45772 38709                    4914872.7373 4785335.18  2.64%   6.5  589s
 45774 38946 4790041.94 1504  521 4914872.74 4785335.18  2.64%   6.5  590s
 46497 39697 4796243.17 1700  517 4914872.74 4785335.18  2.64%   6.6  595s
H46762 39991                    4914750.1550 4785335.18  2.63%   6.6  597s
 47238 40506 4799085.60 1905  529 4914750.15 4785335.18  2.63%   6.6  600s
 48081 41262 4800918.09 2135  519 4914750.15 4785335.18  2.63%   6.6  606s
 48848 42096 4803278.44 2344  520 4914750.15 4785335.18  2.63%   6.6  611s
 49490 42736 4811826.23 2532  518 4914750.15 4785335.18  2.63%   6.6  616s
 50047 43214 4825958.90 2703  515 4914750.15 4785335.18  2.63%   6.6  620s
H50197 43214                    4914430.0891 4785335.18  2.63%   6.6  620s
 50826 43799 4813655.67 2921  521 4914430.09 4785335.18  2.63%   6.6  626s
H51023 44022                    4913913.1987 4785335.18  2.62%   6.7  628s
 51366 44602 4825981.63 3036  528 4913913.20 4785335.18  2.62%   6.7  631s
 51840 45112 4827422.92 3167  532 4913913.20 4785335.18  2.62%   6.7  635s
H52177 45228                    4896760.4670 4785335.18  2.28%   6.7  636s
 52655 45908 4832879.32 3346  522 4896760.47 4785335.18  2.28%   6.7  641s
H53337 46526                    4895134.2701 4785335.18  2.24%   6.7  645s
 54205 47557 4843910.23 3734  521 4895134.27 4785335.18  2.24%   6.7  652s
H54624 47727                    4893677.4721 4785335.18  2.21%   6.6  653s
H54720 47727                    4892668.0788 4785335.18  2.19%   6.6  653s
 54794 47901 4846324.76 3863  521 4892668.08 4785335.18  2.19%   6.7  655s
H55199 48406                    4891715.6642 4785335.18  2.17%   6.7  659s
 55477 48563 4853120.77 4035  524 4891715.66 4785335.18  2.17%   6.7  661s
H55511 48563                    4886845.7515 4785335.18  2.08%   6.7  661s
H55797 48735                    4884784.9204 4785335.18  2.04%   6.7  662s
 55997 48856 4855369.35 4203  524 4884784.92 4785335.18  2.04%   6.8  666s
H55998 48842                    4879144.3309 4785335.18  1.92%   6.8  666s
H56007 48975                    4878051.9436 4785345.15  1.90%   6.8  668s
 56286 49427 4789990.02   80  643 4878051.94 4785345.15  1.90%   6.9  670s
 56973 49817 4873690.14  161  662 4878051.94 4785346.35  1.90%   7.0  677s
H57023 49788                    4870228.5860 4785346.35  1.74%   7.0  677s
 57629 50954 4797790.31  108  613 4870228.59 4785346.35  1.74%   7.0  681s
H58250 51205                    4869660.5484 4785346.35  1.73%   6.9  683s
 58926 52028 4817948.86  479  602 4869660.55 4785346.35  1.73%   7.0  686s
 59453 52092 4861058.67  825  660 4869660.55 4785349.00  1.73%   7.1  691s
H59503 52092                    4868889.1805 4785349.00  1.72%   7.1  691s
H59843 52507                    4868855.5029 4785350.15  1.72%   7.5  696s
H59922 52505                    4867745.3858 4785350.15  1.69%   7.5  696s
 60394 52932 4836481.10  246  680 4867745.39 4785357.76  1.69%   7.6  700s
 61137 53516 4795864.87  156  570 4867745.39 4785365.20  1.69%   7.7  706s
H61138 53516                    4866209.9670 4785365.20  1.66%   7.7  706s
 61543 54365 4796639.28  269  570 4866209.97 4785365.20  1.66%   7.7  711s
 62305 55005 4818822.57  459  578 4866209.97 4785365.20  1.66%   7.7  715s
H62764 55264                    4866163.7906 4785365.20  1.66%   7.8  717s
 62887 55586 4822901.70  612  579 4866163.79 4785365.20  1.66%   7.8  720s
 63849 56555 4823847.19  803  581 4866163.79 4785365.20  1.66%   7.8  726s
H64229 56833                    4865826.9609 4785365.20  1.65%   7.8  729s
 64456 57072 4825787.58  877  587 4865826.96 4785365.20  1.65%   7.8  731s
 64944 57578 4792243.38   51  613 4865826.96 4785366.04  1.65%   7.8  735s
H65285 56133                    4832049.4101 4785366.04  0.97%   7.9  737s
 65664 56155 infeasible  315      4832049.41 4785366.04  0.97%   8.0  741s
 66097 56182 infeasible  508      4832049.41 4785372.64  0.97%   8.0  745s
H66546 53026                    4822331.8033 4785376.08  0.77%   8.2  749s
 66719 53105 4808954.61  295  539 4822331.80 4785376.08  0.77%   8.3  751s
 67264 53458 4817356.42  471  308 4822331.80 4785399.23  0.77%   8.4  756s
 67627 53681 4799262.27   79  646 4822331.80 4785404.43  0.77%   8.5  760s
 68156 53934     cutoff   45      4822331.80 4785416.84  0.77%   8.9  766s
 68563 54327 4795810.53   78  603 4822331.80 4785429.05  0.77%   9.2  771s
H68819 54340                    4822030.0473 4785429.05  0.76%   9.3  774s
 68822 54370 4820317.57   61  639 4822030.05 4785435.24  0.76%   9.4  776s
 69237 54594 4814273.55   83  670 4822030.05 4785463.05  0.76%   9.7  780s
 69786 55078 4809401.19   42  626 4822030.05 4785470.65  0.76%   9.9  786s
 70212 55182     cutoff   43      4822030.05 4785486.87  0.76%  10.2  791s
 70501 55371     cutoff   47      4822030.05 4785490.54  0.76%  10.4  795s
 70971 55583 4811678.15  101  669 4822030.05 4785496.19  0.76%  10.8  800s
 71385 55877     cutoff   75      4822030.05 4785503.52  0.76%  10.9  805s
 71799 56215     cutoff   62      4822030.05 4785506.83  0.76%  11.3  810s
 72322 56493 4798498.80   75  640 4822030.05 4785507.72  0.76%  11.4  815s
 72744 56602 4809138.37   66  628 4822030.05 4785514.43  0.76%  11.7  821s
H72751 56599                    4820877.7311 4785514.43  0.73%  11.7  821s
 73045 56868 4816257.23  146  633 4820877.73 4785516.16  0.73%  11.7  826s
 73241 56951 4803760.12   89  685 4820877.73 4785518.11  0.73%  11.8  830s
 73684 57166     cutoff   65      4820877.73 4785520.47  0.73%  12.2  836s
 74208 57449 4790953.28   97  621 4820877.73 4785522.82  0.73%  12.3  840s
 74730 57722 4785561.09   39  626 4820877.73 4785526.10  0.73%  12.7  846s
 75427 58369 4813365.64  478  504 4820877.73 4785527.84  0.73%  12.9  851s
 75853 58545     cutoff   45      4820877.73 4785531.25  0.73%  13.0  856s
 76197 58688 4799251.57   80  645 4820877.73 4785537.08  0.73%  13.1  860s
 76550 58854 4810954.18  108  647 4820877.73 4785538.63  0.73%  13.3  867s
H76793 58853                    4819708.6159 4785540.32  0.71%  13.3  867s
 77020 59109     cutoff   88      4819708.62 4785542.90  0.71%  13.4  871s
 77426 59238 4785981.43   42  648 4819708.62 4785545.35  0.71%  13.5  876s
 77928 59526 4809649.88   58  668 4819708.62 4785548.08  0.71%  13.7  880s
 78218 59713 4800039.52   90  619 4819708.62 4785554.58  0.71%  14.2  885s
 78569 59920 4800332.53   95  645 4819708.62 4785558.17  0.71%  14.5  890s
 79239 60339 infeasible   54      4819708.62 4785560.55  0.71%  14.7  897s
 79676 60568 4785965.93   41  624 4819708.62 4785562.96  0.71%  14.9  902s
 80015 60749     cutoff   59      4819708.62 4785572.07  0.71%  15.2  906s
 80442 60993     cutoff   76      4819708.62 4785577.91  0.71%  15.5  913s
H80615 60948                    4817614.9534 4785577.91  0.66%  15.5  913s
 80691 61250 4804946.07  194  586 4817614.95 4785581.14  0.66%  15.6  916s
 81091 61427 4794973.33   46  628 4817614.95 4785583.08  0.66%  15.6  920s
 81700 61583 4794378.80   43  592 4817614.95 4785586.97  0.66%  15.7  925s
 82028 61735     cutoff   52      4817614.95 4785590.25  0.66%  16.0  930s
 82546 61980 4785699.18   39  573 4817614.95 4785596.08  0.66%  16.2  936s
 83158 62497 4805436.52  220  587 4817614.95 4785605.33  0.66%  16.3  942s
 83558 62521     cutoff  349      4817614.95 4785607.06  0.66%  16.3  945s
 83962 62733     cutoff  119      4817614.95 4785616.13  0.66%  16.5  951s
 84417 62871 4812641.61  117  656 4817614.95 4785625.24  0.66%  16.7  956s
 84849 63227 4805784.81  233  585 4817614.95 4785629.83  0.66%  16.8  962s
 85133 63541 4815599.39  359  501 4817614.95 4785629.83  0.66%  16.9  965s
 85844 63818     cutoff  480      4817614.95 4785635.14  0.66%  16.9  971s
 86431 64077     cutoff  381      4817614.95 4785641.73  0.66%  17.1  977s
 86907 64323     cutoff  125      4817614.95 4785648.57  0.66%  17.4  982s
 87149 64441 4799752.25  118  619 4817614.95 4785652.02  0.66%  17.4  985s
 87677 64849 4798270.71   76  668 4817614.95 4785658.51  0.66%  17.6  992s
 88114 64972 4816403.50  393  509 4817614.95 4785662.09  0.66%  17.6  995s
 88606 65357 4787575.43   52  631 4817614.95 4785668.62  0.66%  17.8 1001s
 89273 65550     cutoff  146      4817614.95 4785673.76  0.66%  17.9 1006s
 89715 65716 4810323.74  139  686 4817614.95 4785685.42  0.66%  18.2 1012s
 90025 65817 4807628.89   98  591 4817614.95 4785691.94  0.66%  18.3 1015s
 90675 66299 4788062.22   50  572 4817614.95 4785699.82  0.66%  18.4 1022s
 91027 66435 4793893.50  126  629 4817614.95 4785700.37  0.66%  18.5 1025s
 91491 66605 4790486.37  158  671 4817614.95 4785709.31  0.66%  18.7 1030s
 91983 67027     cutoff   50      4817614.95 4785718.34  0.66%  19.0 1036s
 92447 67087 4813672.57  356  515 4817614.95 4785720.41  0.66%  19.0 1041s
 93216 67570 4817499.65  155  652 4817614.95 4785730.21  0.66%  19.1 1047s
 93661 67585     cutoff  335      4817614.95 4785733.01  0.66%  19.0 1050s
 94056 67953 4805357.24  202  610 4817614.95 4785741.19  0.66%  19.2 1058s
 94384 68142 4807772.02   82  633 4817614.95 4785743.63  0.66%  19.3 1061s
 94930 68414 4799824.47  163  617 4817614.95 4785750.26  0.66%  19.4 1067s
 95295 68708 4797389.61   68  643 4817614.95 4785756.09  0.66%  19.4 1070s
 96233 69009 infeasible  342      4817614.95 4785758.69  0.66%  19.4 1077s
 96476 69094 4817291.57  106  609 4817614.95 4785760.65  0.66%  19.5 1080s
 96953 69363 4799811.47   68  573 4817614.95 4785765.20  0.66%  19.8 1086s
 97528 69676 4810587.30  197  626 4817614.95 4785769.70  0.66%  19.9 1092s
 97850 69870     cutoff   77      4817614.95 4785769.75  0.66%  19.9 1095s
 98401 70140     cutoff   61      4817614.95 4785773.39  0.66%  20.1 1100s
 98946 70252 4801752.72  163  671 4817614.95 4785779.09  0.66%  20.2 1106s
 99453 70722     cutoff  182      4817614.95 4785782.26  0.66%  20.4 1112s
 99777 71200     cutoff   68      4817614.95 4785784.91  0.66%  20.4 1117s
 100839 71649 4798192.96   54  620 4817614.95 4785787.81  0.66%  20.4 1122s
 101261 71806     cutoff  200      4817614.95 4785791.65  0.66%  20.5 1127s
 101499 71874     cutoff  193      4817614.95 4785792.82  0.66%  20.5 1130s
 102060 72249 4812705.90   87  615 4817614.95 4785798.27  0.66%  20.6 1136s
 102591 72458 4798564.49   83  617 4817614.95 4785799.24  0.66%  20.8 1141s
 103126 72806 4789183.29   69  623 4817614.95 4785801.32  0.66%  21.0 1147s
 103400 72880     cutoff   88      4817614.95 4785802.71  0.66%  21.1 1150s
 103859 73108     cutoff   91      4817614.95 4785807.49  0.66%  21.1 1155s
 104288 73189 4799564.29  171  620 4817614.95 4785810.23  0.66%  21.3 1160s
 104763 73579     cutoff   90      4817614.95 4785812.12  0.66%  21.4 1166s
 105389 73992 4807766.03  280  601 4817614.95 4785813.30  0.66%  21.5 1173s
 105703 74360 4795120.14   61  612 4817614.95 4785815.84  0.66%  21.6 1176s
 106735 75201 4808114.18  525  603 4817614.95 4785815.84  0.66%  21.6 1183s
 107048 75369 4810196.30  551  608 4817614.95 4785815.84  0.66%  21.6 1185s
 107484 75648     cutoff  183      4817614.95 4785818.70  0.66%  21.8 1191s
 108060 75922 4805073.17  248  586 4817614.95 4785822.18  0.66%  21.9 1197s
 108584 76243 4786595.40   39  651 4817614.95 4785826.62  0.66%  22.0 1202s
 108890 76359     cutoff  168      4817614.95 4785826.96  0.66%  22.1 1205s
 109475 76691     cutoff  211      4817614.95 4785829.35  0.66%  22.2 1210s
 109982 77031 4811586.43   48  662 4817614.95 4785830.49  0.66%  22.3 1217s
 110342 77131 4807607.49  326  556 4817614.95 4785834.14  0.66%  22.3 1220s
 110806 77242 4796336.10   60  630 4817614.95 4785837.40  0.66%  22.6 1226s
 111221 77362     cutoff  219      4817614.95 4785842.42  0.66%  22.8 1231s
 111541 77458     cutoff   66      4817614.95 4785845.05  0.66%  23.1 1236s
 112176 77872 4807381.31  268  611 4817614.95 4785849.36  0.66%  23.2 1242s
 112444 77911     cutoff  115      4817614.95 4785850.87  0.66%  23.3 1245s
 113004 78098     cutoff  247      4817614.95 4785855.32  0.66%  23.3 1251s
 113571 78438 4811942.58  392  578 4817614.95 4785862.34  0.66%  23.4 1258s
 113806 78517 4817397.26  489  514 4817614.95 4785863.66  0.66%  23.5 1261s
 114289 78710     cutoff  224      4817614.95 4785866.90  0.66%  23.6 1266s
 114816 78970 4816107.25  126  622 4817614.95 4785872.04  0.66%  23.8 1272s
 115052 79257 4790664.35  194  655 4817614.95 4785873.27  0.66%  23.8 1276s
 115740 79838 4789283.49   61  600 4817614.95 4785876.25  0.66%  24.0 1283s
 116133 80367 4811960.40  178  608 4817614.95 4785876.25  0.66%  24.0 1286s
 116838 80962 4815571.44  207  545 4817614.95 4785877.48  0.66%  24.3 1292s
 117459 81069 4809663.42  161  276 4817614.95 4785878.05  0.66%  24.3 1296s
 118020 81500     cutoff   58      4817614.95 4785881.62  0.66%  24.5 1302s
 118936 81996 4806808.72   59  597 4817614.95 4785881.84  0.66%  24.5 1308s
 119164 82224 4798766.38  160  646 4817614.95 4785884.35  0.66%  24.6 1311s
 119646 82326 4812045.24  156  663 4817614.95 4785886.99  0.66%  24.6 1316s
 120066 82567     cutoff   50      4817614.95 4785890.19  0.66%  24.8 1321s
 120357 82727 infeasible  141      4817614.95 4785892.40  0.66%  24.9 1325s
 120966 82852     cutoff   43      4817614.95 4785896.05  0.66%  24.9 1330s
 121425 83015 4816247.06  225  553 4817614.95 4785903.48  0.66%  25.1 1336s
 121910 83209 4805424.49  101  624 4817614.95 4785905.61  0.66%  25.2 1342s
 122147 83354 4808981.38  134  624 4817614.95 4785906.80  0.66%  25.3 1345s
 122735 83585 4786512.31   43  658 4817614.95 4785908.72  0.66%  25.3 1351s
 123171 83797     cutoff   64      4817614.95 4785915.24  0.66%  25.4 1357s
 123450 83886     cutoff  167      4817614.95 4785916.14  0.66%  25.5 1360s
 124005 84026     cutoff  203      4817614.95 4785922.61  0.66%  25.5 1366s
 124537 84136     cutoff  217      4817614.95 4785928.28  0.66%  25.6 1372s
 124773 84172 4798783.12  175  646 4817614.95 4785928.45  0.66%  25.7 1375s
 125369 84467 4798064.78   59  661 4817614.95 4785930.35  0.66%  25.9 1382s
 125599 84496 4797808.06   66  665 4817614.95 4785931.83  0.66%  26.0 1385s
 125993 84748 4809937.89   93  397 4817614.95 4785933.69  0.66%  26.2 1392s
 126402 84869     cutoff   74      4817614.95 4785933.84  0.66%  26.3 1395s
 126915 84928     cutoff   58      4817614.95 4785933.84  0.66%  26.3 1400s
 127376 84978 4797285.88   67  660 4817614.95 4785934.22  0.66%  26.5 1406s
 127774 85156     cutoff   68      4817614.95 4785935.44  0.66%  26.7 1412s
 128072 85179 4816131.83  230  527 4817614.95 4785935.44  0.66%  26.8 1415s
 128525 85516     cutoff  255      4817614.95 4785935.44  0.66%  26.9 1422s
 128824 85782     cutoff  253      4817614.95 4785936.88  0.66%  26.9 1426s
 129432 85888     cutoff  134      4817614.95 4785936.88  0.66%  27.0 1433s
 129717 85959     cutoff  155      4817614.95 4785940.15  0.66%  27.1 1435s
 130212 86166 4807443.25  230  635 4817614.95 4785940.22  0.66%  27.2 1443s
 130528 86414     cutoff  236      4817614.95 4785940.22  0.66%  27.2 1446s
 131111 86843 4811839.58  247  616 4817614.95 4785940.22  0.66%  27.4 1453s
 131410 86856     cutoff  251      4817614.95 4785940.22  0.66%  27.5 1456s
 131800 86877 4815312.87  258  593 4817614.95 4785941.43  0.66%  27.7 1462s
 132001 86945 4791680.81   43  575 4817614.95 4785941.92  0.66%  27.8 1465s
 132527 86984 4813391.64  139  622 4817614.95 4785941.92  0.66%  27.9 1470s
 132918 87191     cutoff   55      4817614.95 4785942.05  0.66%  28.1 1476s
 133271 87271 4808625.42  152  613 4817614.95 4785942.05  0.66%  28.3 1481s
 133635 87575 4798707.18   75  591 4817614.95 4785942.61  0.66%  28.6 1490s
H133697 87575                    4816410.6915 4785942.61  0.63%  28.6 1490s
H133888 87830                    4816098.3733 4785942.61  0.63%  28.8 1497s
H134059 87829                    4816079.5841 4785942.61  0.63%  28.8 1497s
 134094 87850     cutoff  134      4816079.58 4785942.71  0.63%  29.0 1501s
 134528 88109     cutoff  189      4816079.58 4785945.97  0.63%  29.3 1509s
 134976 88277 4786749.46   42  571 4816079.58 4785946.25  0.63%  29.3 1512s
 135269 88326 4791434.57   56  598 4816079.58 4785946.25  0.63%  29.3 1515s
 135613 88532 4803176.39   74  562 4816079.58 4785946.25  0.63%  29.6 1522s
 135877 88655 4803560.61   77  577 4816079.58 4785946.25  0.63%  29.7 1526s
H136227 88690                    4815861.7345 4785946.25  0.62%  29.8 1529s
 136304 88765 4813354.45   96  572 4815861.73 4785946.25  0.62%  29.8 1532s
 136531 88868     cutoff  106      4815861.73 4785946.25  0.62%  29.8 1535s
 137035 89049 4812391.30  120  575 4815861.73 4785946.25  0.62%  29.9 1542s
 137251 89074 4811890.76  125  569 4815861.73 4785946.25  0.62%  30.0 1545s
H137602 89160                    4815817.6841 4785946.25  0.62%  30.3 1552s
H137629 89155                    4815646.7618 4785946.25  0.62%  30.3 1552s
 137708 89235     cutoff  143      4815646.76 4785946.25  0.62%  30.3 1556s
 137984 89369 4813456.56  150  568 4815646.76 4785946.25  0.62%  30.3 1560s
H138546 89479                    4815553.0475 4785946.25  0.61%  30.3 1564s
 138684 89531 4815130.80  184  535 4815553.05 4785946.25  0.61%  30.3 1568s
 138891 89511     cutoff  188      4815553.05 4785946.25  0.61%  30.4 1571s
H138997 89511                    4815528.2871 4785946.25  0.61%  30.5 1571s
 139005 89653     cutoff  187      4815528.29 4785949.22  0.61%  30.6 1575s
 139543 90152 4793542.84  118  587 4815528.29 4785949.78  0.61%  30.7 1583s
 139830 90481 4807663.33  161  604 4815528.29 4785949.78  0.61%  30.8 1588s
 140191 90834 4797655.44  196  588 4815528.29 4785949.78  0.61%  30.9 1591s
 140598 91141 4805706.64  443  597 4815528.29 4785949.78  0.61%  31.0 1595s
 141372 91264     cutoff   55      4815528.29 4785951.30  0.61%  31.1 1603s
 141743 91310     cutoff   56      4815528.29 4785952.17  0.61%  31.1 1607s
 142042 91319 4807751.53  220  660 4815528.29 4785952.96  0.61%  31.2 1610s
 142619 91512 4812273.67  381  563 4815528.29 4785955.98  0.61%  31.3 1617s
 142925 91557     cutoff   59      4815528.29 4785956.60  0.61%  31.3 1620s
 143372 91802 4813604.34   91  618 4815528.29 4785957.61  0.61%  31.5 1627s
 143625 92022     cutoff  233      4815528.29 4785957.61  0.61%  31.5 1631s
 143909 92035 4808889.21  233  659 4815528.29 4785958.13  0.61%  31.6 1635s
 144310 92213 4798295.78   63  603 4815528.29 4785959.13  0.61%  31.7 1642s
 144621 92244 4807304.60   76  598 4815528.29 4785959.93  0.61%  31.8 1646s
 144943 92360 4806943.84  227  607 4815528.29 4785960.86  0.61%  31.8 1650s
 145606 92434 4806166.80   59  662 4815528.29 4785961.56  0.61%  31.9 1657s
 145775 92557 4786098.76   43  653 4815528.29 4785961.67  0.61%  32.1 1660s
 146250 92808     cutoff   61      4815528.29 4785961.67  0.61%  32.4 1668s
 146624 92889 4794885.61   65  682 4815528.29 4785961.74  0.61%  32.4 1672s
 146947 92889 4806453.53   72  602 4815528.29 4785963.62  0.61%  32.4 1675s
 147351 93026 4807393.38  229  657 4815528.29 4785966.10  0.61%  32.6 1683s
 147601 93142 4802905.92  235  664 4815528.29 4785966.69  0.61%  32.6 1688s
 147973 93228     cutoff   72      4815528.29 4785967.23  0.61%  32.7 1692s
 148409 93279     cutoff   89      4815528.29 4785967.23  0.61%  32.6 1697s
 148762 93314     cutoff  100      4815528.29 4785967.51  0.61%  32.6 1701s
 149075 93542 4796666.43   54  614 4815528.29 4785967.78  0.61%  32.7 1705s
 149747 93589 4808076.14   57  660 4815528.29 4785968.42  0.61%  32.7 1712s
 149983 93628 4809812.75   90  624 4815528.29 4785968.91  0.61%  32.8 1716s
 150341 93639     cutoff   98      4815528.29 4785968.91  0.61%  32.8 1720s
 150863 93645 4807746.09  231  662 4815528.29 4785970.70  0.61%  32.9 1726s
 151288 93871     cutoff   50      4815528.29 4785971.91  0.61%  33.2 1733s
 151567 94296 4797301.10   73  576 4815528.29 4785971.91  0.61%  33.4 1738s
 152049 94316 4806812.04  101  605 4815528.29 4785971.91  0.61%  33.3 1742s
H152069 94312                    4815383.7404 4785971.91  0.61%  33.3 1742s
H152083 94481                    4814907.4051 4785971.91  0.60%  33.3 1746s
 152369 94581 4786748.83   43  669 4814907.41 4785972.30  0.60%  33.4 1750s
H152374 94568                    4814489.2099 4785972.30  0.59%  33.4 1750s
H152733 94672                    4814487.8853 4785972.48  0.59%  33.4 1754s
 152870 94718     cutoff   72      4814487.89 4785972.55  0.59%  33.4 1757s
 153069 94848 4804059.45   82  609 4814487.89 4785972.55  0.59%  33.5 1762s
 153440 94842     cutoff  101      4814487.89 4785972.55  0.59%  33.5 1766s
 153893 94856 4797007.06  235  636 4814487.89 4785974.87  0.59%  33.7 1772s
 154007 94891     cutoff  238      4814487.89 4785975.30  0.59%  33.8 1776s
 154333 94909 4805221.27   72  623 4814487.89 4785976.65  0.59%  33.8 1780s
 154768 94986 4805478.59  232  669 4814487.89 4785977.87  0.59%  34.0 1787s
 155043 95008 4810543.34  236  661 4814487.89 4785978.48  0.59%  34.0 1790s
 155349 95038 4795275.77  239  647 4814487.89 4785978.48  0.59%  34.3 1796s
 155487 95175     cutoff  247      4814487.89 4785979.82  0.59%  34.4 1800s
 156142 95377 4795733.27   42  624 4814487.89 4785980.87  0.59%  34.5 1808s
 156429 95456 4797383.90   51  623 4814487.89 4785980.87  0.59%  34.5 1812s
 156709 95492 4804307.44   69  593 4814487.89 4785980.87  0.59%  34.6 1816s
H157023 95530                    4814448.3320 4785980.87  0.59%  34.8 1819s
H157040 95566                    4814411.0210 4785980.87  0.59%  34.8 1823s
 157210 95605     cutoff   86      4814411.02 4785980.87  0.59%  34.9 1828s
H157289 95605                    4814388.5046 4785980.87  0.59%  34.9 1828s
 157355 95696 4809421.28   92  596 4814388.50 4785980.87  0.59%  35.0 1832s
 157594 95906     cutoff   99      4814388.50 4785980.87  0.59%  35.0 1835s
 157877 96099 4810540.81  110  587 4814388.50 4785980.87  0.59%  35.1 1840s
H158661 96197                    4814387.4584 4785980.87  0.59%  35.2 1848s
 158852 96207 4806663.48  236  669 4814387.46 4785988.07  0.59%  35.3 1851s
 159064 96233 4810659.12  237  664 4814387.46 4785988.07  0.59%  35.3 1856s
 159348 96290     cutoff  267      4814387.46 4785989.33  0.59%  35.5 1860s
 159971 96330 4795282.49  241  646 4814387.46 4785991.93  0.59%  35.5 1868s
 160354 96430     cutoff   64      4814387.46 4785992.12  0.59%  35.6 1873s
H160546 96428                    4814321.4849 4785992.47  0.59%  35.6 1873s
 160730 96569 4794723.56   69  634 4814321.48 4785992.47  0.59%  35.6 1878s
H160804 96568                    4814240.9792 4785992.47  0.59%  35.6 1878s
 161068 96671 4798281.50   93  596 4814240.98 4785992.47  0.59%  35.6 1882s
 161331 96822 4803630.19  100  600 4814240.98 4785992.47  0.59%  35.6 1886s
 161756 96849     cutoff  127      4814240.98 4785992.66  0.59%  35.6 1891s
 162104 96884     cutoff   50      4814240.98 4785993.18  0.59%  35.7 1896s
H162312 96879                    4814235.5072 4785994.00  0.59%  35.7 1900s
 162740 96978 4807688.74  246  671 4814235.51 4785994.84  0.59%  35.8 1908s
 163103 97015     cutoff   92      4814235.51 4785995.87  0.59%  35.8 1913s
 163460 97070     cutoff   96      4814235.51 4785996.73  0.59%  35.9 1917s
 163731 97093 4804982.74   84  631 4814235.51 4785997.06  0.59%  35.9 1921s
 164004 97126 4804771.04   97  620 4814235.51 4785997.87  0.59%  36.0 1925s
 164689 97197     cutoff  273      4814235.51 4786000.63  0.59%  36.1 1932s
 164908 97332     cutoff  242      4814235.51 4786001.17  0.59%  36.4 1938s
 165143 97428     cutoff  102      4814235.51 4786001.17  0.59%  36.5 1942s
 165408 97452     cutoff  105      4814235.51 4786001.17  0.59%  36.5 1947s
 165768 97524 4813012.09  125  615 4814235.51 4786002.39  0.59%  36.6 1951s
 166175 97568 4795455.12   91  626 4814235.51 4786004.23  0.59%  36.6 1955s
 166788 97754 4807091.56  137  617 4814235.51 4786005.69  0.59%  36.8 1963s
 167068 97752 4806457.83  114  616 4814235.51 4786005.69  0.59%  36.9 1968s
 167194 97758 4806542.26  114  639 4814235.51 4786005.86  0.59%  37.0 1972s
 167432 97768     cutoff   59      4814235.51 4786005.86  0.59%  37.1 1976s
 167583 97831 4792487.84   59  624 4814235.51 4786005.86  0.59%  37.1 1980s
 168234 97986 4797788.59   66  621 4814235.51 4786006.91  0.59%  37.3 1989s
 168554 98106     cutoff   75      4814235.51 4786007.05  0.59%  37.3 1993s
 168935 98246     cutoff   93      4814235.51 4786007.27  0.59%  37.4 1998s
 169248 98250     cutoff  298      4814235.51 4786007.51  0.59%  37.4 2001s
 169338 98354 4796072.62  245  632 4814235.51 4786007.51  0.59%  37.4 2005s
 169629 98528 4805844.47  244  646 4814235.51 4786008.35  0.59%  37.9 2012s
 169822 98558 4796714.42   89  619 4814235.51 4786008.35  0.59%  38.1 2016s
 170069 98656     cutoff   89      4814235.51 4786008.35  0.59%  38.1 2021s
 170460 98689     cutoff  102      4814235.51 4786008.35  0.59%  38.1 2026s
 170776 98718     cutoff  119      4814235.51 4786008.35  0.59%  38.2 2031s
 171185 98754     cutoff  117      4814235.51 4786009.56  0.59%  38.1 2037s
 171576 98916     cutoff   57      4814235.51 4786010.69  0.59%  38.2 2042s
 172057 99044 4797137.67   69  636 4814235.51 4786011.08  0.59%  38.2 2047s
 172399 99136 4804607.35   99  619 4814235.51 4786011.08  0.59%  38.2 2051s
 172678 99300 4805466.71  111  608 4814235.51 4786011.08  0.59%  38.3 2056s
 173032 99376 4807638.22  124  614 4814235.51 4786011.08  0.59%  38.4 2060s
 173555 99414     cutoff  130      4814235.51 4786011.61  0.59%  38.5 2067s
 173733 99504 4797268.62   65  662 4814235.51 4786011.61  0.59%  38.7 2071s
 173937 99649 4806074.86   93  597 4814235.51 4786011.61  0.59%  38.8 2076s
 174290 99635     cutoff   97      4814235.51 4786013.37  0.59%  38.8 2081s
 174528 99659 4799429.39   56  633 4814235.51 4786016.45  0.59%  38.8 2085s
 175107 99957 4809722.43  168  294 4814235.51 4786017.11  0.59%  39.1 2094s
H175108 99957                    4814226.2691 4786017.11  0.59%  39.1 2094s
H175254 99957                    4814133.6149 4786017.11  0.58%  39.0 2094s
 175313 100027     cutoff  221      4814133.61 4786017.57  0.58%  39.0 2099s
 175821 100208 4813388.53  261  608 4814133.61 4786018.12  0.58%  39.0 2104s
 176198 100455     cutoff   95      4814133.61 4786018.12  0.58%  39.1 2108s
 176519 100670 4801040.43  105  623 4814133.61 4786019.20  0.58%  39.1 2113s
 176781 100805 4812985.95  102  641 4814133.61 4786019.20  0.58%  39.1 2117s
 177095 101404 4814011.91  148  575 4814133.61 4786020.00  0.58%  39.1 2122s
 177880 101563 4813755.89   82  595 4814133.61 4786021.52  0.58%  39.0 2127s
 178201 101586     cutoff  252      4814133.61 4786021.94  0.58%  39.1 2130s
H178241 101586                    4814129.0028 4786021.94  0.58%  39.1 2130s
 178565 101794 4796503.60  251  636 4814129.00 4786021.94  0.58%  39.2 2138s
 178882 101844 4806858.64  278  609 4814129.00 4786024.82  0.58%  39.3 2142s
 179156 101859     cutoff  113      4814129.00 4786025.92  0.58%  39.4 2146s
 179343 101870     cutoff  112      4814129.00 4786025.92  0.58%  39.5 2150s
H179504 101870                    4814101.1304 4786025.92  0.58%  39.6 2151s
 179717 101918     cutoff  117      4814101.13 4786028.69  0.58%  39.7 2158s
 180022 102000 4812906.35   92  637 4814101.13 4786031.08  0.58%  39.7 2162s
 180387 101991     cutoff   76      4814101.13 4786033.07  0.58%  39.7 2167s
 180649 102040 4794983.36  248  638 4814101.13 4786034.99  0.58%  39.8 2171s
 181149 102185 4805636.46   76  628 4814101.13 4786035.02  0.58%  39.9 2179s
 181399 102224 4809267.21   86  645 4814101.13 4786035.02  0.58%  40.0 2183s
 181615 102236 4807565.98   87  620 4814101.13 4786035.02  0.58%  40.2 2187s
 181889 102285 4811201.18   91  644 4814101.13 4786037.21  0.58%  40.2 2191s
 182240 102531     cutoff   58      4814101.13 4786037.54  0.58%  40.3 2196s
 182693 102755 4813282.93  335  233 4814101.13 4786037.64  0.58%  40.3 2201s
 183153 102788     cutoff  561      4814101.13 4786037.64  0.58%  40.3 2206s
 183540 102835 4813985.68  558  205 4814101.13 4786038.84  0.58%  40.3 2210s
H183797 102834                    4814098.7396 4786038.84  0.58%  40.3 2210s
 184167 102859 4807559.53  262  611 4814098.74 4786042.46  0.58%  40.3 2218s
 184453 102884 4794249.19  251  638 4814098.74 4786043.79  0.58%  40.4 2223s
 184649 102922     cutoff  260      4814098.74 4786043.79  0.58%  40.5 2228s
 185003 102925 4812929.10  309  598 4814098.74 4786043.80  0.58%  40.5 2232s
 185271 102947 4807189.47   61  654 4814098.74 4786045.43  0.58%  40.6 2236s
 185681 103053     cutoff  323      4814098.74 4786046.09  0.58%  40.8 2242s
 185897 103098     cutoff  103      4814098.74 4786047.53  0.58%  40.8 2247s
 186282 103142 4810137.84  265  632 4814098.74 4786048.24  0.58%  40.8 2251s
 186713 103217 4808973.24  293  621 4814098.74 4786048.99  0.58%  41.0 2258s
 186922 103315 4804434.32   63  641 4814098.74 4786048.99  0.58%  41.1 2262s
 187188 103373 4805878.54   86  593 4814098.74 4786049.47  0.58%  41.1 2267s
 187404 103563     cutoff   77      4814098.74 4786050.21  0.58%  41.2 2272s
 187786 103577     cutoff   72      4814098.74 4786050.63  0.58%  41.2 2275s
 188035 103795 4787857.47   44  649 4814098.74 4786052.43  0.58%  41.3 2280s
 188669 103957 4796440.41   91  581 4814098.74 4786052.43  0.58%  41.4 2288s
 188838 104005 4798902.72  122  606 4814098.74 4786052.43  0.58%  41.5 2291s
 189004 104072 4800473.75  125  611 4814098.74 4786052.43  0.58%  41.6 2295s
 189495 104195 4805369.31  135  601 4814098.74 4786052.43  0.58%  41.8 2303s
 189764 104281 4802040.37  139  602 4814098.74 4786052.43  0.58%  41.8 2307s
 190000 104578 4806177.98  150  595 4814098.74 4786052.43  0.58%  41.9 2313s
 190414 104796 4809866.43  167  595 4814098.74 4786056.51  0.58%  41.9 2318s
 190819 104981 4809591.00   66  705 4814098.74 4786057.36  0.58%  41.9 2324s
 191372 105034 4813453.20  179  521 4814098.74 4786057.78  0.58%  41.8 2328s
 191696 105041     cutoff   93      4814098.74 4786058.56  0.58%  41.9 2331s
 191919 105213     cutoff  273      4814098.74 4786059.77  0.58%  41.9 2336s
 192607 105272 4797642.05   75  592 4814098.74 4786061.24  0.58%  41.9 2344s
H192792 105272                    4814096.3015 4786061.24  0.58%  41.9 2344s
 192795 105331 4809940.26  113  619 4814096.30 4786061.29  0.58%  41.9 2347s
 193097 105419 4806353.01  103  611 4814096.30 4786061.77  0.58%  42.0 2351s
 193398 105498     cutoff   99      4814096.30 4786061.92  0.58%  42.0 2356s
 193631 105538     cutoff   96      4814096.30 4786062.16  0.58%  42.0 2361s
 193995 105659     cutoff   72      4814096.30 4786064.10  0.58%  42.0 2365s
 194727 105783 4808956.90   99  616 4814096.30 4786065.85  0.58%  42.1 2375s
 195392 105871 4813201.80  267  656 4814096.30 4786067.37  0.58%  42.1 2381s
 195490 105924 4794709.16  265  668 4814096.30 4786067.37  0.58%  42.2 2386s
 195771 106022     cutoff  267      4814096.30 4786067.37  0.58%  42.2 2390s
 196041 106123     cutoff  278      4814096.30 4786067.37  0.58%  42.3 2395s
 196786 106157     cutoff  294      4814096.30 4786071.73  0.58%  42.3 2403s
 197046 106208 4804037.81   64  616 4814096.30 4786073.95  0.58%  42.4 2407s
 197382 106280     cutoff   70      4814096.30 4786077.04  0.58%  42.4 2411s
 197639 106435 4793643.99   86  663 4814096.30 4786077.52  0.58%  42.5 2416s
 198049 106574     cutoff  141      4814096.30 4786077.61  0.58%  42.5 2420s
 198532 106626 4796333.13  271  663 4814096.30 4786077.61  0.58%  42.5 2428s
 198707 106723 4806348.60  272  666 4814096.30 4786077.61  0.58%  42.6 2431s
 198872 106974 4803639.18  286  609 4814096.30 4786079.56  0.58%  42.8 2436s
 199231 107223 4803841.30   50  673 4814096.30 4786079.56  0.58%  42.9 2440s
H199832 107440                    4814070.0168 4786079.56  0.58%  42.9 2444s
 199914 107580     cutoff   69      4814070.02 4786079.56  0.58%  42.9 2448s
 200139 107706 4801630.17   79  610 4814070.02 4786079.56  0.58%  43.1 2453s
 200351 108005     cutoff   92      4814070.02 4786079.56  0.58%  43.1 2457s
 200706 108343     cutoff   94      4814070.02 4786079.56  0.58%  43.3 2462s
 201272 108479 4805528.97  100  601 4814070.02 4786080.42  0.58%  43.3 2466s
 201609 108514 4805815.64   95  573 4814070.02 4786081.59  0.58%  43.3 2470s
H202042 108544                    4814067.0505 4786083.35  0.58%  43.4 2474s
 202160 108585 4812730.87   58  663 4814067.05 4786084.52  0.58%  43.4 2478s
 202459 108611     cutoff  273      4814067.05 4786084.52  0.58%  43.4 2482s
 202647 108757 4807190.13  277  644 4814067.05 4786084.52  0.58%  43.5 2487s
 202970 108800 4809515.08  300  616 4814067.05 4786085.20  0.58%  43.5 2490s
 203418 108982 4810806.08   75  617 4814067.05 4786086.07  0.58%  43.7 2498s
 203717 109030 4805513.54   94  610 4814067.05 4786086.07  0.58%  43.8 2501s
 203877 109094     cutoff  105      4814067.05 4786086.79  0.58%  44.0 2505s
 204465 109264 4812967.63   75  620 4814067.05 4786089.64  0.58%  44.2 2514s
 204846 109383 4787798.23   45  641 4814067.05 4786091.28  0.58%  44.2 2518s
 205257 109476 4802785.25   67  679 4814067.05 4786093.67  0.58%  44.1 2523s
 205618 109511     cutoff   89      4814067.05 4786094.46  0.58%  44.1 2527s
 205916 109548     cutoff  294      4814067.05 4786096.06  0.58%  44.2 2532s
 206224 109612 4805077.66  295  627 4814067.05 4786096.06  0.58%  44.3 2535s
 206436 109852 4805862.22  296  625 4814067.05 4786096.82  0.58%  44.5 2540s
 206794 109886 4813662.84  214  567 4814067.05 4786098.17  0.58%  44.6 2545s
 207379 109977 4795668.12  277  658 4814067.05 4786101.00  0.58%  44.6 2554s
 207757 109984     cutoff  290      4814067.05 4786101.57  0.58%  44.6 2558s
 208156 110105 4811057.92   87  658 4814067.05 4786101.86  0.58%  44.6 2563s
 208548 110137 4812397.40  194  577 4814067.05 4786102.48  0.58%  44.6 2567s
 208856 110152 4813765.50  206  573 4814067.05 4786102.48  0.58%  44.6 2571s
 209065 110263     cutoff  208      4814067.05 4786104.33  0.58%  44.6 2575s
 209714 110518 4796487.83   43  623 4814067.05 4786107.59  0.58%  44.6 2584s
 210040 110722 4811799.06   90  604 4814067.05 4786108.02  0.58%  44.6 2588s
 210364 110767 4812046.01   82  603 4814067.05 4786108.77  0.58%  44.7 2592s
 210644 110773     cutoff   85      4814067.05 4786110.03  0.58%  44.7 2596s
 210811 110805 4811684.22   80  633 4814067.05 4786110.42  0.58%  44.7 2600s
 211373 110995 4807961.82   76  691 4814067.05 4786112.44  0.58%  44.8 2608s
 211738 111076 4795353.90  283  666 4814067.05 4786113.30  0.58%  44.7 2612s
 212113 111234     cutoff   89      4814067.05 4786113.78  0.58%  44.7 2617s
 212539 111355 4807650.54  147  298 4814067.05 4786115.19  0.58%  44.7 2622s
 213056 111372     cutoff  100      4814067.05 4786116.58  0.58%  44.6 2625s
 213602 111432     cutoff   95      4814067.05 4786118.02  0.58%  44.6 2633s
 213897 111475 4809999.55   67  609 4814067.05 4786118.34  0.58%  44.6 2638s
 214220 111508     cutoff  284      4814067.05 4786119.06  0.58%  44.6 2642s
 214458 111532 4805900.35  312  625 4814067.05 4786119.06  0.58%  44.7 2645s
H214670 111557                    4814066.8620 4786119.97  0.58%  44.8 2649s
 214805 111558 4796610.79   59  631 4814066.86 4786120.60  0.58%  44.8 2652s
 214993 111590 4796656.99   64  627 4814066.86 4786120.60  0.58%  45.0 2658s
 215191 111674     cutoff   59      4814066.86 4786122.41  0.58%  45.0 2662s
 215430 111736 4811788.06   61  593 4814066.86 4786124.97  0.58%  45.0 2666s
 215718 111744     cutoff   70      4814066.86 4786127.24  0.58%  45.0 2670s
 215911 111799     cutoff   64      4814066.86 4786127.91  0.58%  45.3 2677s
 216111 111922     cutoff   92      4814066.86 4786128.11  0.58%  45.4 2681s
 216387 112031     cutoff  288      4814066.86 4786130.54  0.58%  45.4 2685s
 216996 112136 4793574.27   54  651 4814066.86 4786130.80  0.58%  45.4 2693s
 217387 112223     cutoff   85      4814066.86 4786131.51  0.58%  45.4 2698s
 217722 112339     cutoff  305      4814066.86 4786132.45  0.58%  45.4 2702s
 217982 112457 4806562.48  321  627 4814066.86 4786133.02  0.58%  45.5 2705s
 218232 112526     cutoff   57      4814066.86 4786133.03  0.58%  45.6 2710s
H218397 112525                    4814034.5712 4786133.03  0.58%  45.6 2710s
 218521 112631     cutoff   77      4814034.57 4786133.74  0.58%  45.6 2715s
 219133 112705 4811241.95  322  591 4814034.57 4786134.17  0.58%  45.6 2724s
 219419 112799     cutoff  334      4814034.57 4786135.07  0.58%  45.6 2728s
 219730 112978 4802965.28  298  582 4814034.57 4786135.83  0.58%  45.6 2733s
 220136 113175 4812707.37  107  618 4814034.57 4786136.71  0.58%  45.6 2737s
 220439 113280 4795169.55  294  652 4814034.57 4786136.71  0.58%  45.7 2742s
 220716 113395 4795635.88  293  636 4814034.57 4786136.71  0.58%  45.7 2747s
 221053 113415 4806879.92  310  620 4814034.57 4786136.71  0.58%  45.8 2752s
 221228 113422 4806930.48  310  620 4814034.57 4786139.10  0.58%  45.9 2755s
 221579 113574 4795111.42  296  644 4814034.57 4786139.10  0.58%  46.1 2762s
 221787 113736 4803664.11  302  581 4814034.57 4786139.10  0.58%  46.1 2766s
 222055 113734     cutoff  326      4814034.57 4786142.34  0.58%  46.3 2771s
 222349 113876 4787319.67   46  672 4814034.57 4786145.74  0.58%  46.3 2775s
 222759 114008     cutoff  286      4814034.57 4786147.76  0.58%  46.4 2785s
 223746 114254 4809629.82   69  587 4814034.57 4786148.95  0.58%  46.4 2793s
 223978 114321     cutoff   87      4814034.57 4786149.74  0.58%  46.4 2797s
 224424 114348 4804112.65   75  593 4814034.57 4786151.24  0.58%  46.4 2802s
 224779 114409 4801180.49  289  675 4814034.57 4786152.36  0.58%  46.4 2805s
H224884 114409                    4814033.9234 4786152.36  0.58%  46.4 2805s
 224946 114440     cutoff   80      4814033.92 4786153.03  0.58%  46.4 2810s
 225410 114789 4790437.69   54  654 4814033.92 4786153.03  0.58%  46.5 2818s
 225639 114864 4805525.15   66  664 4814033.92 4786154.13  0.58%  46.6 2823s
 226001 114875 4813822.16  356  588 4814033.92 4786154.54  0.58%  46.6 2826s
 226232 114965 4811955.11  353  589 4814033.92 4786155.42  0.58%  46.6 2831s
 226611 114972 4806857.18   88  610 4814033.92 4786157.40  0.58%  46.7 2837s
 226787 114979 4811173.70   88  618 4814033.92 4786158.15  0.58%  46.8 2841s
 226968 115047 4801242.78  292  671 4814033.92 4786159.96  0.58%  46.8 2845s
 227568 115139     cutoff   85      4814033.92 4786165.64  0.58%  46.8 2854s
 227931 115435 4807180.40  349  609 4814033.92 4786167.02  0.58%  46.8 2859s
 228380 115731     cutoff   82      4814033.92 4786167.02  0.58%  46.8 2864s
 228773 116366 4813090.62   93  590 4814033.92 4786167.79  0.58%  46.8 2870s
 229910 116541 4801097.98   70  702 4814033.92 4786169.76  0.58%  46.7 2878s
 230297 116567     cutoff  303      4814033.92 4786172.15  0.58%  46.7 2882s
 230583 116605     cutoff   68      4814033.92 4786172.15  0.58%  46.7 2885s
 231087 116658 4804916.00   66  592 4814033.92 4786172.82  0.58%  46.8 2891s
 231294 116691 4811158.28  315  611 4814033.92 4786175.57  0.58%  46.8 2896s
 231530 116688     cutoff   71      4814033.92 4786177.36  0.58%  46.8 2900s
H231946 116798                    4814028.9225 4786181.65  0.58%  46.8 2904s
 232135 116813     cutoff   80      4814028.92 4786181.93  0.58%  46.8 2907s
 232330 116854 4790942.46   63  640 4814028.92 4786182.14  0.58%  46.9 2911s
 232826 116900     cutoff  319      4814028.92 4786182.81  0.58%  46.9 2918s
 233080 116913 4813557.15  360  588 4814028.92 4786183.91  0.58%  47.0 2922s
 233301 116943     cutoff   75      4814028.92 4786184.77  0.58%  47.0 2926s
 233628 117179 4813302.63  405  665 4814028.92 4786187.25  0.58%  47.0 2931s
 233948 117333 4803027.40  170  598 4814028.92 4786189.12  0.58%  47.1 2935s
H233963 117333                    4814028.8832 4786189.12  0.58%  47.1 2935s
 234236 117796 4805678.38  240  592 4814028.88 4786189.12  0.58%  47.0 2942s
 234825 118244 4804574.38  461  592 4814028.88 4786189.12  0.58%  47.0 2949s
 235466 118655 4805143.12  674  592 4814028.88 4786189.12  0.58%  46.9 2955s
 236055 119071 4808250.26  873  593 4814028.88 4786189.12  0.58%  46.8 2960s
 236545 119195 4809823.66 1046  560 4814028.88 4786189.12  0.58%  46.8 2965s
 237075 119227     cutoff  331      4814028.88 4786194.10  0.58%  46.8 2972s
 237262 119237     cutoff  307      4814028.88 4786194.69  0.58%  46.9 2975s
 237776 119308 4807316.71   60  533 4814028.88 4786199.48  0.58%  46.9 2983s
 238027 119495 4800788.96  305  668 4814028.88 4786201.27  0.58%  46.9 2986s
 238316 119589 4806860.29  335  624 4814028.88 4786201.60  0.58%  46.9 2991s
 238649 119621 4807182.81   60  541 4814028.88 4786201.60  0.58%  46.9 2995s
 239312 119780 4812411.42  336  590 4814028.88 4786203.99  0.58%  46.9 3003s
 239634 119859 4805220.65   82  627 4814028.88 4786204.26  0.58%  46.9 3007s
 240026 119887 4806996.26  326  624 4814028.88 4786206.10  0.58%  46.9 3011s
 240494 120022     cutoff   49      4814028.88 4786207.47  0.58%  46.9 3018s
 240657 120092     cutoff   55      4814028.88 4786207.47  0.58%  47.0 3022s
 240843 120149 4801944.32   62  620 4814028.88 4786207.47  0.58%  47.2 3025s
 241375 120401 4807802.70   81  622 4814028.88 4786207.47  0.58%  47.3 3033s
 241677 120467     cutoff   89      4814028.88 4786207.47  0.58%  47.3 3036s
 242056 120555 4804292.38   98  573 4814028.88 4786207.47  0.58%  47.3 3043s
 242292 120590     cutoff  103      4814028.88 4786207.47  0.58%  47.3 3047s
 242525 120693     cutoff   97      4814028.88 4786210.83  0.58%  47.3 3050s
 242762 120747 4803674.48   56  591 4814028.88 4786210.83  0.58%  47.4 3055s
H242810 120747                    4814028.8045 4786210.83  0.58%  47.4 3055s
 243189 120990 4806409.19  338  622 4814028.80 4786212.57  0.58%  47.4 3063s
 243502 121071 4807365.02  330  623 4814028.80 4786213.22  0.58%  47.4 3066s
 243685 121194 4788643.41   57  624 4814028.80 4786213.22  0.58%  47.5 3070s
 244304 121295     cutoff   76      4814028.80 4786215.39  0.58%  47.5 3078s
 244582 121345     cutoff   54      4814028.80 4786215.72  0.58%  47.5 3082s
 244859 121359 4796359.54  312  662 4814028.80 4786215.86  0.58%  47.5 3085s
 245357 121467 4795599.30  319  665 4814028.80 4786218.28  0.58%  47.6 3093s
 245668 121468 4806273.62  344  625 4814028.80 4786221.86  0.58%  47.6 3097s
 245927 121516     cutoff  355      4814028.80 4786223.31  0.58%  47.6 3101s
 246238 121542     cutoff  317      4814028.80 4786225.18  0.58%  47.6 3105s
 246540 121560     cutoff   90      4814028.80 4786229.96  0.58%  47.6 3110s
 247194 121722 4802721.22   92  612 4814028.80 4786232.35  0.58%  47.6 3119s
 247564 121773     cutoff   63      4814028.80 4786233.22  0.58%  47.6 3123s
 247905 121801 4812355.87   84  570 4814028.80 4786233.34  0.58%  47.6 3126s
 248209 121854 4803275.39   53  609 4814028.80 4786235.07  0.58%  47.6 3131s
 248862 121946 4810628.46   50  568 4814028.80 4786238.72  0.58%  47.6 3139s
 249139 121975 4805352.96   74  570 4814028.80 4786239.85  0.58%  47.7 3143s
 249424 122014 4811238.89   92  582 4814028.80 4786240.80  0.58%  47.7 3146s
 249620 122116     cutoff   73      4814028.80 4786240.91  0.58%  47.7 3150s
 250274 122272     cutoff  100      4814028.80 4786241.45  0.58%  47.7 3158s
 250472 122296     cutoff   99      4814028.80 4786241.60  0.58%  47.8 3161s
 250717 122373 4805861.55   74  634 4814028.80 4786241.92  0.58%  47.8 3165s
 251370 122412     cutoff   84      4814028.80 4786242.25  0.58%  47.8 3173s
 251727 122440     cutoff   60      4814028.80 4786244.55  0.58%  47.8 3178s
 252064 122507 4787818.94   44  657 4814028.80 4786244.91  0.58%  47.8 3183s
 252287 122561     cutoff  108      4814028.80 4786246.90  0.58%  47.8 3186s
 252493 122713 4809813.40  331  599 4814028.80 4786247.43  0.58%  48.0 3190s
 253095 122891     cutoff  325      4814028.80 4786251.72  0.58%  48.1 3198s
 253451 123063 4791154.35   53  602 4814028.80 4786253.27  0.58%  48.1 3202s
 253756 123258 4795080.06  103  590 4814028.80 4786253.27  0.58%  48.1 3207s
 253987 123449 4797356.25  142  584 4814028.80 4786253.27  0.58%  48.1 3211s
 254339 123571 4803882.01  196  594 4814028.80 4786253.27  0.58%  48.3 3217s
 254515 123697 4804307.68  209  586 4814028.80 4786253.27  0.58%  48.4 3222s
 254763 124215 4804702.68  236  590 4814028.80 4786256.50  0.58%  48.4 3226s
H255663 124273                    4813982.4415 4786258.66  0.58%  48.4 3233s
 255703 124393     cutoff   82      4813982.44 4786259.25  0.58%  48.4 3238s
H255704 124393                    4813980.9293 4786259.25  0.58%  48.4 3238s
 256021 124571 4793424.98   68  648 4813980.93 4786259.25  0.58%  48.4 3242s
 256317 124764 4796945.34  107  586 4813980.93 4786259.25  0.58%  48.4 3247s
 256618 124806 4800532.73  130  631 4813980.93 4786259.25  0.58%  48.4 3251s
 257109 124997 4805284.54  152  620 4813980.93 4786261.03  0.58%  48.5 3258s
 257275 125005 4803238.60   62  595 4813980.93 4786261.03  0.58%  48.6 3262s
H257334 125005                    4813979.5389 4786261.03  0.58%  48.6 3262s
 257414 125176     cutoff   63      4813979.54 4786264.04  0.58%  48.6 3266s
 257711 125391 4812700.72   99  585 4813979.54 4786264.93  0.58%  48.6 3270s
 258042 125500     cutoff   57      4813979.54 4786266.43  0.58%  48.6 3275s
 258659 125549 4796258.27   70  621 4813979.54 4786270.17  0.58%  48.6 3282s
 258852 125615     cutoff  339      4813979.54 4786270.85  0.58%  48.7 3287s
 259179 125637 4812012.61   86  581 4813979.54 4786273.00  0.58%  48.8 3291s
 259447 125730 4804140.70   62  666 4813979.54 4786274.81  0.58%  48.8 3295s
 260118 125789 4808643.69   78  670 4813979.54 4786275.72  0.58%  48.8 3304s
 260350 125803 4809596.44  341  646 4813979.54 4786280.41  0.58%  48.8 3307s
 260481 125843 4795298.33  337  633 4813979.54 4786280.41  0.58%  48.9 3310s
 260810 125898     cutoff  348      4813979.54 4786282.20  0.58%  49.2 3317s
 261092 126002     cutoff  107      4813979.54 4786282.80  0.58%  49.2 3322s
 261482 126141     cutoff  103      4813979.54 4786282.89  0.58%  49.1 3327s
 261887 126180 4793374.44   70  577 4813979.54 4786284.96  0.58%  49.1 3331s
 262066 126310 4795403.41   74  598 4813979.54 4786284.96  0.58%  49.2 3335s
 262390 126474 4795949.02   94  583 4813979.54 4786284.96  0.58%  49.2 3340s
 263042 127109 4802134.74  144  583 4813979.54 4786284.96  0.58%  49.2 3349s
 263344 127217 4802210.30  141  584 4813979.54 4786284.96  0.58%  49.2 3352s
 263482 127537     cutoff  159      4813979.54 4786284.96  0.58%  49.3 3356s
 263820 127963 4809034.58  185  599 4813979.54 4786284.96  0.58%  49.4 3361s
 264261 128061 4805160.73  196  592 4813979.54 4786284.96  0.58%  49.5 3365s
 264486 128275 4805170.87  197  592 4813979.54 4786284.96  0.58%  49.6 3370s
 265155 128613 4806637.43  332  554 4813979.54 4786284.96  0.58%  49.7 3378s
 265445 129020 4809585.47  347  554 4813979.54 4786284.96  0.58%  49.8 3382s
 266022 129077     cutoff  685      4813979.54 4786287.35  0.58%  49.7 3387s
 266369 129303 4791561.62   77  619 4813979.54 4786287.35  0.58%  49.7 3392s
 266848 129313 4797797.29  125  597 4813979.54 4786287.35  0.58%  49.7 3396s

Gurobi 11.0.3 (linux64, Java) logging started ter 23 dez 2025 13:36:48 -03

Set parameter WLSAccessID
Set parameter WLSSecret
Set parameter LicenseID to value 2566693
Academic license 2566693 - for non-commercial use only - registered to ja___@ufv.br
Set parameter NonConvex to value 2
Set parameter TimeLimit to value 3600
Set parameter LogToConsole to value 0
Set parameter MIPGap to value 1.8403064957571938e-08
Set parameter Threads to value 2
Set parameter Cuts to value 1
Set parameter NodefileDir to value "/home/ps12398/gp-momulap/goalProgrammingMarcos/"
Set parameter NodefileStart to value 0.1
Gurobi Optimizer version 11.0.3 build v11.0.3rc0 (linux64)

CPU model: Intel(R) Xeon(R) CPU           X5650  @ 2.67GHz, instruction set [SSE2]
Thread count: 12 physical cores, 24 logical processors, using up to 2 threads

Academic license 2566693 - for non-commercial use only - registered to ja___@ufv.br
Optimize a model with 733928 rows, 495518 columns and 5922184 nonzeros
Model fingerprint: 0x60e4f3c8
Model has 502 quadratic constraints
Variable types: 247512 continuous, 248006 integer (497 binary)
Coefficient statistics:
  Matrix range     [2e-03, 7e+06]
  QMatrix range    [2e-03, 1e+05]
  QLMatrix range   [1e+00, 1e+05]
  Objective range  [1e+00, 1e+08]
  Bounds range     [1e+00, 1e+08]
  RHS range        [1e+00, 1e+06]
Presolve removed 476570 rows and 238149 columns (presolve time = 5s) ...
Presolve removed 723084 rows and 489155 columns (presolve time = 10s) ...
Presolve removed 728393 rows and 489419 columns
Presolve time: 12.26s
Presolved: 8645 rows, 7058 columns, 2079615 nonzeros
Presolved model has 2 SOS constraint(s)
Presolved model has 497 bilinear constraint(s)

Solving non-convex MIQCP

Variable types: 1727 continuous, 5331 integer (499 binary)
Found heuristic solution: objective 5.334934e+07

Root simplex log...

Iteration    Objective       Primal Inf.    Dual Inf.      Time
       0    0.0000000e+00   1.531923e+04   0.000000e+00     41s
     942    3.4154359e+06   0.000000e+00   0.000000e+00     42s

Root relaxation: objective 3.415436e+06, 942 iterations, 1.85 seconds (0.28 work units)
Total elapsed time = 42.30s (DegenMoves)

    Nodes    |    Current Node    |     Objective Bounds      |     Work
 Expl Unexpl |  Obj  Depth IntInf | Incumbent    BestBd   Gap | It/Node Time

     0     0 3415435.87    0  769 5.3349e+07 3415435.87  93.6%     -   42s
     0     0 3801178.25    0  802 5.3349e+07 3801178.25  92.9%     -   49s
     0     0 4365843.89    0  730 5.3349e+07 4365843.89  91.8%     -   52s
     0     0 4568947.08    0  787 5.3349e+07 4568947.08  91.4%     -   56s
     0     0 4575299.29    0  787 5.3349e+07 4575299.29  91.4%     -   58s
     0     0 4723402.18    0  792 5.3349e+07 4723402.18  91.1%     -   67s
     0     0 4726476.50    0  764 5.3349e+07 4726476.50  91.1%     -   74s
     0     0 4752652.75    0  690 5.3349e+07 4752652.75  91.1%     -   80s
     0     0 4756611.11    0  694 5.3349e+07 4756611.11  91.1%     -   83s
     0     0 4757535.59    0  717 5.3349e+07 4757535.59  91.1%     -   85s
     0     0 4757839.39    0  700 5.3349e+07 4757839.39  91.1%     -   88s
     0     0 4758233.91    0  700 5.3349e+07 4758233.91  91.1%     -   90s
     0     0 4758714.09    0  700 5.3349e+07 4758714.09  91.1%     -  103s
     0     2 4758714.09    0  700 5.3349e+07 4758714.09  91.1%     -  126s
     5     8 4758714.09    2  648 5.3349e+07 4758714.09  91.1%  13.6  130s
    15    18 4761184.78    6  606 5.3349e+07 4758714.09  91.1%   8.2  135s
    25    30 4764223.34   11  605 5.3349e+07 4758714.09  91.1%  12.5  141s
    31    34 4765177.59   14  608 5.3349e+07 4758714.09  91.1%  11.9  146s
    37    41 4766200.44   17  621 5.3349e+07 4758714.09  91.1%  12.7  150s
    48    51 4772292.43   21  604 5.3349e+07 4758714.09  91.1%  13.0  156s
    54    57 4768573.09   24  650 5.3349e+07 4758714.09  91.1%  13.5  160s
    56    61 4768599.19   25  615 5.3349e+07 4758714.09  91.1%  13.2  165s
    68    73 4776358.04   31  614 5.3349e+07 4758714.09  91.1%  11.7  171s
    78    83 4779031.93   35  604 5.3349e+07 4758714.09  91.1%  11.6  175s
    86    89 4779890.54   39  613 5.3349e+07 4758714.09  91.1%  11.4  184s
    88    95 4780177.44   40  617 5.3349e+07 4758714.09  91.1%  11.3  187s
    94   101 4781562.80   42  624 5.3349e+07 4758714.09  91.1%  10.9  190s
   107   114 4783219.19   48  607 5.3349e+07 4758714.09  91.1%  10.9  198s
   113   119 4789522.29   51  610 5.3349e+07 4758714.09  91.1%  11.3  202s
   118   127 4791075.59   54  624 5.3349e+07 4758714.09  91.1%  11.1  207s
   126   135 4791785.46   58  617 5.3349e+07 4758714.09  91.1%  10.9  212s
   134   143 4793182.02   62  612 5.3349e+07 4758714.09  91.1%  10.4  217s
   142   146 4793527.54   66  626 5.3349e+07 4758714.09  91.1%  10.7  255s
   145   156 4794016.58   68  623 5.3349e+07 4758714.09  91.1%  10.7  262s
   155   167 4796284.56   73  623 5.3349e+07 4758714.09  91.1%  10.7  267s
   166   176 4796785.00   78  630 5.3349e+07 4758714.09  91.1%  10.2  273s
   175   186 4805824.84   80  596 5.3349e+07 4758714.09  91.1%  11.0  279s
   185   196 4813566.68   86  606 5.3349e+07 4758714.09  91.1%  11.3  284s
   195   206 4813797.61   91  610 5.3349e+07 4758714.09  91.1%  10.9  290s
   205   215 4817017.21   96  604 5.3349e+07 4758714.09  91.1%  10.7  297s
   214   227 4821480.72  100  587 5.3349e+07 4758714.09  91.1%  10.5  304s
   226   239 4827130.07  106  590 5.3349e+07 4758714.09  91.1%  10.4  311s
   238   250 4834678.90  112  580 5.3349e+07 4758714.09  91.1%  10.2  318s
   249   262 4840067.89  118  588 5.3349e+07 4758714.09  91.1%  10.1  325s
   261   274 4841780.78  124  582 5.3349e+07 4758714.09  91.1%   9.9  333s
   273   289 4855387.48  130  575 5.3349e+07 4758714.09  91.1%   9.9  339s
   288   295 4906489.30  136  560 5.3349e+07 4758714.09  91.1%  11.0  345s
   294   311 4883039.75  138  563 5.3349e+07 4758714.09  91.1%  14.6  353s
H  310   313                    4.998047e+07 4758714.09  90.5%  14.2  372s
   312   323 4904146.73  147  560 4.9980e+07 4758714.09  90.5%  14.1  379s
   322   337 4927934.94  151  560 4.9980e+07 4758714.09  90.5%  16.1  386s
   336   347 5053689.27  157  560 4.9980e+07 4758714.09  90.5%  17.1  391s
H  341   347                    4.799067e+07 4758714.09  90.1%  18.0  391s
   346   391 5053706.81  161  557 4.7991e+07 4758714.09  90.1%  18.0  404s
   390   429 5054405.66  184  554 4.7991e+07 4758714.09  90.1%  16.5  420s
H  427   429                    4.283420e+07 4758714.09  88.9%  15.2  420s
   428   499 5054447.91  218  554 4.2834e+07 4758714.09  88.9%  15.2  433s
   498   575 5054507.37  246  553 4.2834e+07 4758714.09  88.9%  13.3  447s
   574   649 5054554.59  284  553 4.2834e+07 4758714.09  88.9%  11.7  461s
   648   651 5054599.32  320  553 4.2834e+07 4758714.09  88.9%  10.5  494s
   650   713 5054600.58  321  553 4.2834e+07 4758714.09  88.9%  10.4  506s
   712   780 5054647.63  351  552 4.2834e+07 4758714.09  88.9%   9.6  517s
   779   852 5054687.39  383  552 4.2834e+07 4758714.09  88.9%   8.9  528s
   851   927 5054742.63  418  551 4.2834e+07 4758714.09  88.9%   8.2  539s
   926  1015 5054778.04  459  540 4.2834e+07 4758714.09  88.9%   7.7  552s
  1014  1057 5054794.00  522  542 4.2834e+07 4758714.09  88.9%   7.1  561s
  1056  1132 5054801.07  550  542 4.2834e+07 4758714.09  88.9%   6.8  573s
  1131  1226 5054822.43  598  530 4.2834e+07 4758714.09  88.9%   6.5  587s
  1225  1325 5054829.82  666  530 4.2834e+07 4758714.09  88.9%   6.0  601s
  1324  1424 5054837.65  738  530 4.2834e+07 4758714.09  88.9%   5.7  614s
  1423  1528 5054845.47  810  530 4.2834e+07 4758714.09  88.9%   5.3  628s
  1527  1616 5054853.73  886  530 4.2834e+07 4758714.09  88.9%   5.0  639s
H 1595  1616                    4.283420e+07 4758714.09  88.9%   4.9  639s
  1615  1710 5054861.12  954  530 4.2834e+07 4758714.09  88.9%   4.8  653s
  1709  1819 5054868.51 1022  530 4.2834e+07 4758714.09  88.9%   4.6  668s
H 1818  1877                    4.265601e+07 4758714.09  88.8%   4.4  683s
H 1847  1877                    5939304.1366 4758714.09  19.9%   4.4  683s
  1876  1990 5054879.35 1119  529 5939304.14 4758714.09  19.9%   4.3  700s
  1989  2085 5054913.88 1199  526 5939304.14 4758714.09  19.9%   4.1  713s
  2084  2087 5054938.74 1259  526 5939304.14 4758714.09  19.9%   4.0  722s
  2086  2276 5054939.34 1260  526 5939304.14 4758714.09  19.9%   4.0  737s
  2275  2474 5054978.51 1355  526 5939304.14 4758714.09  19.9%   3.7  754s
  2473  2672 5055019.93 1455  526 5939304.14 4758714.09  19.9%   3.5  772s
  2671  2831 5055060.53 1553  526 5939304.14 4758714.09  19.9%   3.3  792s
  2830  3016 5055079.73 1590  524 5939304.14 4758714.09  19.9%   3.2  812s
H 2914  3016                    5933657.9320 4758714.09  19.8%   3.3  812s
  3015  3144 5055121.74 1675  523 5933657.93 4758714.09  19.8%   3.2  831s
  3143  3278 5055146.99 1739  523 5933657.93 4758714.09  19.8%   3.1  849s
  3277  3450 5055173.66 1782  523 5933657.93 4758714.09  19.8%   3.1  869s
  3449  3628 5055215.08 1837  518 5933657.93 4758714.09  19.8%   3.2  892s
  3628  3629 5055255.03 1847 2193 5933657.93 4758714.09  19.8%   3.1  992s
  3630  3630 5054886.81 1129  273 5933657.93 4758714.09  19.8%   3.1  995s
  3636  3634 5053838.83  796  217 5933657.93 4780713.33  19.4%   3.1 1000s
  3644  3641 5054852.76  876  274 5933657.93 4782747.11  19.4%   4.1 1005s
H 3646  3460                    5871691.6271 4782747.11  18.5%   4.1 1010s
H 3646  3287                    5869975.6322 4782747.11  18.5%   4.1 1010s
  3649  3289 5054786.95  487  167 5869975.63 4782747.11  18.5%   4.1 1017s
H 3649  3125                    5752975.6420 4782747.11  16.9%   4.1 1020s
H 3677  2989                    5736885.0713 4784918.63  16.6%   5.8 1026s
H 3678  2841                    5667656.7299 4784918.63  15.6%   5.8 1026s
  3779  3073 4785804.99   56  603 5667656.73 4785122.69  15.6%   5.8 1031s
  3945  3290 4785659.12  118  536 5667656.73 4785122.69  15.6%   5.7 1038s
H 4135  3085                    5282429.1615 4785122.69  9.41%   5.4 1038s
  4217  3340 4785936.90  213  536 5282429.16 4785122.69  9.41%   5.4 1041s
H 4774  3402                    5249497.5825 4785122.69  8.85%   5.0 1045s
H 4837  3254                    5225645.3716 4785122.69  8.43%   5.0 1045s
H 4924  3189                    5033280.3242 4785122.69  4.93%   5.0 1048s
  4970  3415 4786597.37  440  535 5033280.32 4785122.69  4.93%   4.9 1050s
  5446  3734 4787009.85  582  535 5033280.32 4785122.69  4.93%   4.7 1055s
  5930  3963 4787427.61  725  535 5033280.32 4785122.69  4.93%   4.5 1061s
H 6020  3818                    5025744.5087 4785122.69  4.79%   4.5 1061s
  6309  4236 4787580.75  830  526 5025744.51 4785122.69  4.79%   4.4 1067s
  6594  4425 4787613.42  914  526 5025744.51 4785122.69  4.79%   4.3 1070s
  7162  4686 4791347.55 1070  556 5025744.51 4785122.69  4.79%   4.2 1077s
  7328  4930 4787961.29 1098  514 5025744.51 4785122.69  4.79%   4.3 1081s
  7936  5428 4788010.33 1256  514 5025744.51 4785122.69  4.79%   4.3 1087s
  8328  5706 4788043.77 1355  534 5025744.51 4785122.69  4.79%   4.3 1091s
  8737  5943 4788065.73 1459  515 5025744.51 4785122.69  4.79%   4.3 1095s
  9110  6040 4788094.91 1553  515 5025744.51 4785122.69  4.79%   4.3 1100s
  9740  6631 4788238.00 1716  516 5025744.51 4785122.69  4.79%   4.3 1108s
 10133  6927 4788361.95 1817  513 5025744.51 4785122.69  4.79%   4.3 1112s
 10560  7248 4788479.51 1919  512 5025744.51 4785122.69  4.79%   4.2 1116s
 11295  7924 4788704.25 2107  512 5025744.51 4785122.69  4.79%   4.2 1122s
 11577  8212 4788764.02 2157  512 5025744.51 4785122.69  4.79%   4.3 1126s
 12097  8578 4788876.20 2252  526 5025744.51 4785122.69  4.79%   4.3 1131s
 12465  9045 4790835.57 2276  508 5025744.51 4785122.69  4.79%   4.4 1136s
 12999  9542 4790858.81 2392  500 5025744.51 4785122.69  4.79%   4.5 1142s
H13126  9542                    5024773.4071 4785122.69  4.77%   4.5 1142s
 13198  9725 4790863.33 2441  500 5024773.41 4785122.69  4.77%   4.5 1146s
H13199  9725                    5020328.6591 4785122.69  4.69%   4.5 1146s
 13381 10022 4790882.81 2454  508 5020328.66 4785122.69  4.69%   4.4 1150s
 14014 10740 4791191.40 2544  499 5020328.66 4785122.69  4.69%   4.4 1158s
 14400 10869 4791248.00 2632  497 5020328.66 4785122.69  4.69%   4.3 1161s
 14529 11022 4791231.75 2645  497 5020328.66 4785122.69  4.69%   4.3 1165s
 14795 11200 4792179.79 2705  500 5020328.66 4785122.69  4.69%   4.4 1171s
 15049 11627 4852352.76 2783  499 5020328.66 4785122.69  4.69%   4.6 1177s
 15334 11933 4854373.37 2853  502 5020328.66 4785122.69  4.69%   4.7 1180s
H15742 12244                    5018667.9234 4785122.69  4.65%   4.8 1184s
 15964 12421 4856428.35 2999  500 5018667.92 4785122.69  4.65%   4.8 1187s
 16151 12513 infeasible 3035      5018667.92 4785122.69  4.65%   4.9 1190s
 16489 12930 4940107.71 3109  604 5018667.92 4785122.69  4.65%   5.0 1196s
H16775 13157                    5017757.3892 4785122.69  4.64%   5.4 1203s
 16913 13363 4952780.51 3197  588 5017757.39 4785122.69  4.64%   5.5 1207s
 17123 13526 4956091.07 3224  574 5017757.39 4785122.69  4.64%   5.6 1211s
H17290 13666                    5016436.5752 4785122.69  4.61%   5.7 1214s
 17433 13845 4957889.18 3267  555 5016436.58 4785122.69  4.61%   5.7 1218s
 17614 14074 4959928.01 3306  556 5016436.58 4785122.69  4.61%   5.8 1222s
 17843 14261 4960099.93 3368  552 5016436.58 4785122.69  4.61%   5.9 1225s
 18200 14639 4963766.09 3495  553 5016436.58 4785122.69  4.61%   6.1 1232s
H18208 14638                    5015375.9952 4785122.69  4.59%   6.1 1232s
 18410 14964 4964815.22 3531  556 5015376.00 4785122.69  4.59%   6.1 1235s
 18948 15318 4966287.12 3602  547 5015376.00 4785122.69  4.59%   6.1 1241s
 19176 15526 4969302.58 3648  531 5015376.00 4785122.69  4.59%   6.4 1248s
H19310 15552                    5006601.7291 4785122.69  4.42%   6.6 1257s
 19343 15722 4970939.50 3701  533 5006601.73 4785122.69  4.42%   6.6 1260s
 19542 15968 4972869.38 3742  536 5006601.73 4785122.69  4.42%   6.7 1269s
H19804 16152                    5006451.5707 4785122.69  4.42%   6.8 1273s
H19948 16076                    4996714.0104 4785122.69  4.23%   6.7 1273s
 20024 16190 4975838.88 3878  536 4996714.01 4785122.69  4.23%   6.7 1277s
 20186 16333 4992725.42 3932  548 4996714.01 4785122.69  4.23%   6.8 1281s
 20504 16747 4786328.40   43  647 4996714.01 4785153.86  4.23%   6.9 1289s
 20827 17138 4788057.58   91  610 4996714.01 4785153.86  4.23%   6.9 1294s
H21221 17435                    4993276.6430 4785153.86  4.17%   6.9 1299s
 21539 17944 4797670.14  132  550 4993276.64 4785153.86  4.17%   6.9 1304s
 22048 18364 4798372.60  239  531 4993276.64 4785153.86  4.17%   6.8 1309s
H22313 18361                    4992949.2475 4785153.86  4.16%   6.9 1309s
 22468 18954 4800053.35  372  531 4992949.25 4785153.86  4.16%   6.8 1313s
 23061 19433 4801204.31  524  546 4992949.25 4785153.86  4.16%   6.7 1318s
H23540 19258                    4987462.7667 4785153.86  4.06%   6.6 1323s
H23541 19050                    4981278.6241 4785153.86  3.94%   6.6 1323s
 23542 19200 4802217.43  637  524 4981278.62 4785153.86  3.94%   6.6 1327s
 23692 19756 4802511.13  667  524 4981278.62 4785153.86  3.94%   6.6 1332s
H24248 19933                    4978176.7119 4785153.86  3.88%   6.5 1337s
 24489 20181 4804661.84  916  522 4978176.71 4785153.86  3.88%   6.5 1341s
 24737 20735 4804983.51  978  520 4978176.71 4785153.86  3.88%   6.5 1346s
 25291 21043 4805762.11 1132  518 4978176.71 4785153.86  3.88%   6.4 1355s
H25598 20591                    4974071.5548 4785153.86  3.80%   6.3 1355s
 26016 21464 4806685.59 1420  515 4974071.55 4785153.86  3.80%   6.3 1363s
 26472 21922 4806743.93 1558  516 4974071.55 4785153.86  3.80%   6.3 1368s
 26930 22299 4806805.66 1699  515 4974071.55 4785153.86  3.80%   6.2 1373s
 27307 22654 4806857.05 1803  516 4974071.55 4785153.86  3.80%   6.2 1377s
 27711 22846 4806904.66 1860  499 4974071.55 4785153.86  3.80%   6.3 1382s
H27888 22849                    4973097.6162 4785153.86  3.78%   6.4 1384s
 27994 23006 4806975.03 1895  500 4973097.62 4785153.86  3.78%   6.4 1387s
 28152 23059 4807001.10 1915  500 4973097.62 4785153.86  3.78%   6.5 1390s
H28280 23160                    4971990.6204 4785153.86  3.76%   6.7 1396s
H28326 23135                    4970522.0186 4785153.86  3.73%   6.8 1396s
 28489 23296 4808377.33 1988  502 4970522.02 4785153.86  3.73%   6.9 1402s
 28537 23313 4808387.67 1998  514 4970522.02 4785154.12  3.73%   7.0 1405s
 28586 23578 4786037.54   34  627 4970522.02 4785154.12  3.73%   7.1 1410s
 28899 24090 4787206.37  138  532 4970522.02 4785154.12  3.73%   7.1 1416s
H29172 24086                    4970290.4395 4785154.12  3.72%   7.1 1416s
H29410 23962                    4968546.7213 4785154.12  3.69%   7.0 1416s
 29411 24595 4787909.53  275  531 4968546.72 4785154.12  3.69%   7.0 1421s
 30044 24774 4789038.78  451  530 4968546.72 4785154.12  3.69%   6.9 1426s
H30222 24530                    4964948.9054 4785154.12  3.62%   6.9 1426s
 30223 25104 4789613.43  540  526 4964948.91 4785154.12  3.62%   6.9 1431s
 30797 25654 4790530.94  695  525 4964948.91 4785154.12  3.62%   6.9 1436s
 31347 26027 4790976.01  846  525 4964948.91 4785154.12  3.62%   6.8 1440s
 32279 27065 4791693.88 1082  524 4964948.91 4785154.12  3.62%   6.7 1449s
 32758 27580 4792057.44 1207  524 4964948.91 4785154.12  3.62%   6.6 1454s
 33273 28036 4792426.67 1333  524 4964948.91 4785154.12  3.62%   6.5 1458s
 33729 28516 4792672.67 1441  520 4964948.91 4785154.12  3.62%   6.4 1463s
 34209 28792 4792828.60 1565  520 4964948.91 4785154.12  3.62%   6.4 1467s
 34485 29191 4792900.03 1624  520 4964948.91 4785154.12  3.62%   6.3 1471s
 34884 29615 4792982.22 1740  520 4964948.91 4785154.12  3.62%   6.3 1475s
 35461 30187 4793056.31 1893  512 4964948.91 4785154.12  3.62%   6.2 1482s
 35880 30484 4793101.46 2011  512 4964948.91 4785154.12  3.62%   6.2 1487s
H36176 30168                    4961787.7730 4785154.12  3.56%   6.2 1487s
 36177 30563 4793137.50 2104  510 4961787.77 4785154.12  3.56%   6.2 1491s
 36572 30967 4793169.70 2208  507 4961787.77 4785154.12  3.56%   6.1 1495s
 37405 31705 4793191.58 2421  508 4961787.77 4785154.12  3.56%   6.1 1502s
 37714 31912 4793212.19 2470  508 4961787.77 4785154.12  3.56%   6.0 1505s
 38197 32434 4793302.76 2533  500 4961787.77 4785154.12  3.56%   6.1 1512s
 38443 32662 4793357.77 2569  501 4961787.77 4785154.12  3.56%   6.1 1515s
H38708 32693                    4960942.8896 4785154.12  3.54%   6.1 1518s
 38769 32834 4794053.04 2622  512 4960942.89 4785154.12  3.54%   6.1 1522s
H38909 32635                    4950225.1545 4785154.12  3.33%   6.1 1522s
 38910 32801 4794074.89 2651  502 4950225.15 4785154.12  3.33%   6.1 1525s
 39184 33115 4795927.94 2728  516 4950225.15 4785154.12  3.33%   6.2 1531s
 39406 33310 4797628.55 2782  513 4950225.15 4785154.12  3.33%   6.2 1535s
 39664 33471 4926902.84 2832  571 4950225.15 4785154.12  3.33%   6.4 1541s
 39860 33658 4933464.89 2888  533 4950225.15 4785154.12  3.33%   6.6 1547s
 39996 33883 4934281.45 2908  522 4950225.15 4785154.12  3.33%   6.7 1550s
 40381 34124 4945913.61 3004  540 4950225.15 4785154.12  3.33%   6.8 1560s
H40391 33625                    4935727.4457 4785154.12  3.05%   6.8 1560s
 40511 33728     cutoff 3037      4935727.45 4785335.18  3.05%   6.8 1565s
 40947 34208 4786916.33  158  540 4935727.45 4785335.18  3.05%   6.9 1572s
 41192 34517 4786949.85  264  539 4935727.45 4785335.18  3.05%   6.9 1576s
H41464 34517                    4935727.4215 4785335.18  3.05%   6.9 1576s
 41503 34776 4787334.38  363  531 4935727.42 4785335.18  3.05%   6.9 1580s
H41759 34744                    4935153.9515 4785335.18  3.04%   6.9 1580s
 42037 35337 4787749.10  602  543 4935153.95 4785335.18  3.04%   7.0 1588s
H42228 35326                    4934874.0288 4785335.18  3.03%   7.0 1588s
 42391 35864 4787979.67  698  531 4934874.03 4785335.18  3.03%   6.9 1592s
Created node file directory '/home/ps12398/gp-momulap/goalProgrammingMarcos//grbnodes9'
 42929 36237 4788155.57  818  525 4934874.03 4785335.18  3.03%   6.9 1599s
H43170 36237                    4928241.9531 4785335.18  2.90%   6.9 1599s
 43302 36820 4788311.24  938  525 4928241.95 4785335.18  2.90%   6.8 1602s
 43885 37389 4788475.65 1071  525 4928241.95 4785335.18  2.90%   6.8 1606s
H44454 37742                    4922669.1941 4785335.18  2.79%   6.7 1611s
 44807 38262 4788745.76 1281  520 4922669.19 4785335.18  2.79%   6.6 1616s
 45327 38707 4788904.05 1404  521 4922669.19 4785335.18  2.79%   6.6 1621s
H45772 38709                    4920046.4468 4785335.18  2.74%   6.5 1626s
H45772 38709                    4914872.7373 4785335.18  2.64%   6.5 1626s
 46011 39241 4792424.31 1553  537 4914872.74 4785335.18  2.64%   6.5 1632s
 46306 39432 4795360.32 1628  516 4914872.74 4785335.18  2.64%   6.5 1636s
H46762 39991                    4914750.1550 4785335.18  2.63%   6.6 1642s
 47056 40173 4798833.00 1859  529 4914750.15 4785335.18  2.63%   6.6 1645s
 47571 40772 4799403.84 2000  520 4914750.15 4785335.18  2.63%   6.6 1652s
 47837 41016 4800852.54 2071  519 4914750.15 4785335.18  2.63%   6.6 1656s
 48081 41262 4800918.09 2135  519 4914750.15 4785335.18  2.63%   6.6 1660s
 48608 41783 4802557.58 2280  520 4914750.15 4785335.18  2.63%   6.6 1667s
 48848 42096 4803278.44 2344  520 4914750.15 4785335.18  2.63%   6.6 1671s
 49161 42425 4811586.19 2433  517 4914750.15 4785335.18  2.63%   6.6 1675s
 49801 42982 4811979.99 2634  517 4914750.15 4785335.18  2.63%   6.6 1683s
 50047 43214 4825958.90 2703  515 4914750.15 4785335.18  2.63%   6.6 1687s
H50197 43214                    4914430.0891 4785335.18  2.63%   6.6 1687s
 50279 43453 4812688.87 2779  516 4914430.09 4785335.18  2.63%   6.6 1690s
 50826 43799 4813655.67 2921  521 4914430.09 4785335.18  2.63%   6.6 1699s
 50864 44022 4814040.60 2930  522 4914430.09 4785335.18  2.63%   6.6 1703s
H51023 44022                    4913913.1987 4785335.18  2.62%   6.7 1703s
 51087 44301 4814434.48 2979  527 4913913.20 4785335.18  2.62%   6.7 1707s
 51366 44602 4825981.63 3036  528 4913913.20 4785335.18  2.62%   6.7 1711s
 51840 45112 4827422.92 3167  532 4913913.20 4785335.18  2.62%   6.7 1718s
H52177 45228                    4896760.4670 4785335.18  2.28%   6.7 1721s
 52293 45590 4831663.79 3280  529 4896760.47 4785335.18  2.28%   6.7 1725s
 52974 46271 4833377.22 3415  524 4896760.47 4785335.18  2.28%   6.7 1731s
H53337 46526                    4895134.2701 4785335.18  2.24%   6.7 1734s
 53592 46894 4835594.25 3570  521 4895134.27 4785335.18  2.24%   6.6 1739s
 53960 47138 4840231.29 3663  527 4895134.27 4785335.18  2.24%   6.6 1743s
 54205 47557 4843910.23 3734  521 4895134.27 4785335.18  2.24%   6.7 1747s
H54624 47727                    4893677.4721 4785335.18  2.21%   6.6 1750s
H54720 47727                    4892668.0788 4785335.18  2.19%   6.6 1750s
 54968 48128 4847245.80 3912  521 4892668.08 4785335.18  2.19%   6.7 1757s
H55199 48406                    4891715.6642 4785335.18  2.17%   6.7 1762s
H55511 48563                    4886845.7515 4785335.18  2.08%   6.7 1764s
 55645 48736 4853677.95 4077  524 4886845.75 4785335.18  2.08%   6.7 1767s
H55797 48735                    4884784.9204 4785335.18  2.04%   6.7 1767s
 55997 48856 4855369.35 4203  524 4884784.92 4785335.18  2.04%   6.8 1774s
H55998 48842                    4879144.3309 4785335.18  1.92%   6.8 1774s
 55999 48975 4856260.44 4203  551 4879144.33 4785345.15  1.92%   6.8 1777s
H56007 48975                    4878051.9436 4785345.15  1.90%   6.8 1777s
 56149 49112 4787209.40   56  655 4878051.94 4785345.15  1.90%   6.8 1780s
 56609 49665 4832361.75  115  628 4878051.94 4785345.15  1.90%   6.9 1787s
 56865 49739 4848986.44  141  614 4878051.94 4785345.15  1.90%   6.9 1790s
 56973 49817 4873690.14  161  662 4878051.94 4785346.35  1.90%   7.0 1797s
H57023 49788                    4870228.5860 4785346.35  1.74%   7.0 1797s
 57075 50337 4785809.06   41  612 4870228.59 4785346.35  1.74%   7.0 1800s
H58250 51205                    4869660.5484 4785346.35  1.73%   6.9 1808s
 58519 51587 4812057.83  194  602 4869660.55 4785346.35  1.73%   6.9 1811s
 58926 52028 4817948.86  479  602 4869660.55 4785346.35  1.73%   7.0 1815s
 59453 52092 4861058.67  825  660 4869660.55 4785349.00  1.73%   7.1 1824s
H59503 52092                    4868889.1805 4785349.00  1.72%   7.1 1825s
 59661 52268     cutoff  101      4868889.18 4785349.00  1.72%   7.2 1830s
H59843 52507                    4868855.5029 4785350.15  1.72%   7.5 1836s
H59922 52505                    4867745.3858 4785350.15  1.69%   7.5 1836s
 60218 52867 4813924.39  187  610 4867745.39 4785350.15  1.69%   7.5 1843s
 60394 52932 4836481.10  246  680 4867745.39 4785357.76  1.69%   7.6 1845s
 60770 53514 4788378.36   75  620 4867745.39 4785365.20  1.69%   7.7 1853s
 61137 53516 4795864.87  156  570 4867745.39 4785365.20  1.69%   7.7 1858s
H61138 53516                    4866209.9670 4785365.20  1.66%   7.7 1858s
 61139 53920 4795607.40  157  570 4866209.97 4785365.20  1.66%   7.7 1863s
 61543 54365 4796639.28  269  570 4866209.97 4785365.20  1.66%   7.7 1868s
 61988 54682 4797218.86  394  570 4866209.97 4785365.20  1.66%   7.7 1873s
 62305 55005 4818822.57  459  578 4866209.97 4785365.20  1.66%   7.7 1878s
 62628 55264 4821972.90  544  583 4866209.97 4785365.20  1.66%   7.7 1882s
H62764 55264                    4866163.7906 4785365.20  1.66%   7.8 1882s
 62887 55586 4822901.70  612  579 4866163.79 4785365.20  1.66%   7.8 1888s
 63209 55902 4822313.45  682  580 4866163.79 4785365.20  1.66%   7.8 1893s
 63525 56226 4823386.59  747  581 4866163.79 4785365.20  1.66%   7.8 1897s
 63849 56555 4823847.19  803  581 4866163.79 4785365.20  1.66%   7.8 1902s
 64178 56833 4824723.35  851  585 4866163.79 4785365.20  1.66%   7.8 1907s
H64229 56833                    4865826.9609 4785365.20  1.65%   7.8 1908s
 64456 57072 4825787.58  877  587 4865826.96 4785365.20  1.65%   7.8 1912s
 64702 57286 4839492.70  919  588 4865826.96 4785366.04  1.65%   7.8 1917s
 64944 57578 4792243.38   51  613 4865826.96 4785366.04  1.65%   7.8 1921s
 65238 57757 4812992.01  131  525 4865826.96 4785366.04  1.65%   7.8 1925s
H65285 56133                    4832049.4101 4785366.04  0.97%   7.9 1925s
 65417 56148 4823413.01  202  286 4832049.41 4785366.04  0.97%   7.9 1930s
 65664 56155 infeasible  315      4832049.41 4785366.04  0.97%   8.0 1935s
 65872 56161 infeasible  413      4832049.41 4785366.04  0.97%   8.0 1940s
 66097 56182 infeasible  508      4832049.41 4785372.64  0.97%   8.0 1945s
 66400 56364 4795730.72   92  532 4832049.41 4785376.08  0.97%   8.2 1951s
H66546 53026                    4822331.8033 4785376.08  0.77%   8.2 1954s
 66719 53105 4808954.61  295  539 4822331.80 4785376.08  0.77%   8.3 1957s
 66858 53245 4812295.83  348  513 4822331.80 4785376.08  0.77%   8.3 1960s
 67264 53458 4817356.42  471  308 4822331.80 4785399.23  0.77%   8.4 1966s
 67627 53681 4799262.27   79  646 4822331.80 4785404.43  0.77%   8.5 1972s
 67775 53741 4792756.10   46  620 4822331.80 4785408.79  0.77%   8.7 1975s
 68000 53910 4806976.69   60  658 4822331.80 4785416.26  0.77%   8.8 1982s
 68222 53956 4801001.74   86  627 4822331.80 4785422.04  0.77%   9.1 1987s
 68292 54151 4797210.50   54  651 4822331.80 4785424.77  0.77%   9.2 1992s
 68563 54327 4795810.53   78  603 4822331.80 4785429.05  0.77%   9.2 1996s
 68818 54342     cutoff   60      4822331.80 4785429.05  0.77%   9.3 2003s
H68819 54340                    4822030.0473 4785429.05  0.76%   9.3 2003s
 68822 54370 4820317.57   61  639 4822030.05 4785435.24  0.76%   9.4 2007s
 68963 54456     cutoff   43      4822030.05 4785445.03  0.76%   9.5 2010s
 69237 54594 4814273.55   83  670 4822030.05 4785463.05  0.76%   9.7 2017s
 69332 54764 4797769.72   62  667 4822030.05 4785465.18  0.76%   9.8 2022s
 69572 54938 4812759.97  118  594 4822030.05 4785468.62  0.76%   9.8 2027s
 69786 55078 4809401.19   42  626 4822030.05 4785470.65  0.76%   9.9 2031s
 69970 55099 4801741.20   93  619 4822030.05 4785473.79  0.76%  10.0 2035s
 70212 55182     cutoff   43      4822030.05 4785486.87  0.76%  10.2 2041s
 70332 55306 4785592.77   43  624 4822030.05 4785489.68  0.76%  10.3 2045s
 70636 55412 4813169.02   80  675 4822030.05 4785490.74  0.76%  10.5 2052s
 70794 55545 4790925.47   89  621 4822030.05 4785493.97  0.76%  10.6 2056s
 70971 55583 4811678.15  101  669 4822030.05 4785496.19  0.76%  10.8 2061s
 71109 55790 4796965.26   52  626 4822030.05 4785499.26  0.76%  10.9 2066s
 71385 55877     cutoff   75      4822030.05 4785503.52  0.76%  10.9 2071s
 71549 55947 4817250.23   57  682 4822030.05 4785504.39  0.76%  11.0 2075s
 71799 56215     cutoff   62      4822030.05 4785506.83  0.76%  11.3 2084s
 72029 56438 4821378.76  193  585 4822030.05 4785507.62  0.76%  11.4 2088s
 72322 56493 4798498.80   75  640 4822030.05 4785507.72  0.76%  11.4 2093s
 72482 56562 4796246.65   55  633 4822030.05 4785509.38  0.76%  11.4 2098s
 72626 56590     cutoff  100      4822030.05 4785510.71  0.76%  11.5 2102s
 72744 56602 4809138.37   66  628 4822030.05 4785514.43  0.76%  11.7 2107s
H72751 56599                    4820877.7311 4785514.43  0.73%  11.7 2107s
 72760 56792 4795626.33   69  655 4820877.73 4785514.59  0.73%  11.7 2112s
 73045 56868 4816257.23  146  633 4820877.73 4785516.16  0.73%  11.7 2117s
 73241 56951 4803760.12   89  685 4820877.73 4785518.11  0.73%  11.8 2125s
 73535 57069     cutoff  188      4820877.73 4785520.27  0.73%  12.1 2133s
 73684 57166     cutoff   65      4820877.73 4785520.47  0.73%  12.2 2137s
 73919 57403 4801899.94   92  659 4820877.73 4785522.45  0.73%  12.3 2143s
 74208 57449 4790953.28   97  621 4820877.73 4785522.82  0.73%  12.3 2147s
 74355 57525 4795398.84   49  657 4820877.73 4785523.14  0.73%  12.4 2150s
 74730 57722 4785561.09   39  626 4820877.73 4785526.10  0.73%  12.7 2159s
 74942 58163 4807404.43   81  545 4820877.73 4785527.84  0.73%  12.8 2163s
 75427 58369 4813365.64  478  504 4820877.73 4785527.84  0.73%  12.9 2168s
 75687 58456 4819721.47  561  533 4820877.73 4785531.13  0.73%  12.9 2172s
 75853 58545     cutoff   45      4820877.73 4785531.25  0.73%  13.0 2177s
 76015 58602 4816830.44   56  644 4820877.73 4785533.80  0.73%  13.0 2180s
 76370 58746     cutoff  108      4820877.73 4785537.38  0.73%  13.2 2188s
 76550 58854 4810954.18  108  647 4820877.73 4785538.63  0.73%  13.3 2196s
H76793 58853                    4819708.6159 4785540.32  0.71%  13.3 2197s
 76794 59002 4803269.15   57  528 4819708.62 4785540.85  0.71%  13.3 2202s
 77020 59109     cutoff   88      4819708.62 4785542.90  0.71%  13.4 2207s
 77237 59142 4819546.88  160  635 4819708.62 4785545.04  0.71%  13.5 2212s
 77426 59238 4785981.43   42  648 4819708.62 4785545.35  0.71%  13.5 2218s
 77640 59432     cutoff   51      4819708.62 4785546.61  0.71%  13.6 2224s
 77928 59526 4809649.88   58  668 4819708.62 4785548.08  0.71%  13.7 2229s
 78085 59611 4799022.87   82  648 4819708.62 4785548.75  0.71%  13.9 2233s
 78218 59713 4800039.52   90  619 4819708.62 4785554.58  0.71%  14.2 2239s
 78414 59791     cutoff  107      4819708.62 4785555.63  0.71%  14.4 2244s
 78569 59920 4800332.53   95  645 4819708.62 4785558.17  0.71%  14.5 2250s
 78778 60077 4797290.18   45  643 4819708.62 4785560.41  0.71%  14.5 2255s
 79007 60209     cutoff  102      4819708.62 4785560.55  0.71%  14.7 2261s
 79239 60339 infeasible   54      4819708.62 4785560.55  0.71%  14.7 2267s
 79462 60470 4793401.81   50  574 4819708.62 4785561.42  0.71%  14.8 2272s
 79676 60568 4785965.93   41  624 4819708.62 4785562.96  0.71%  14.9 2277s
 79864 60627 4799923.77   99  656 4819708.62 4785568.79  0.71%  15.0 2282s
 80015 60749     cutoff   59      4819708.62 4785572.07  0.71%  15.2 2287s
 80213 60848 4799092.29   97  647 4819708.62 4785575.31  0.71%  15.3 2293s
 80442 60993     cutoff   76      4819708.62 4785577.91  0.71%  15.5 2301s
H80615 60948                    4817614.9534 4785577.91  0.66%  15.5 2301s
 80691 61250 4804946.07  194  586 4817614.95 4785581.14  0.66%  15.6 2309s
 81091 61427 4794973.33   46  628 4817614.95 4785583.08  0.66%  15.6 2316s
 81397 61558 4788684.75   71  608 4817614.95 4785584.42  0.66%  15.7 2324s
 81700 61583 4794378.80   43  592 4817614.95 4785586.97  0.66%  15.7 2328s
 81803 61683 4785877.48   36  622 4817614.95 4785588.05  0.66%  15.9 2334s
 82028 61735     cutoff   52      4817614.95 4785590.25  0.66%  16.0 2340s
 82248 61832     cutoff   56      4817614.95 4785593.21  0.66%  16.1 2346s
 82546 61980 4785699.18   39  573 4817614.95 4785596.08  0.66%  16.2 2353s
 82850 62166 4817607.72   41  595 4817614.95 4785601.23  0.66%  16.2 2360s
 83158 62497 4805436.52  220  587 4817614.95 4785605.33  0.66%  16.3 2366s
 83558 62521     cutoff  349      4817614.95 4785607.06  0.66%  16.3 2372s
 83742 62599 4785798.52   42  622 4817614.95 4785610.30  0.66%  16.4 2378s
 83962 62733     cutoff  119      4817614.95 4785616.13  0.66%  16.5 2383s
 84202 62804 4788336.22   57  633 4817614.95 4785619.01  0.66%  16.6 2388s
 84417 62871 4812641.61  117  656 4817614.95 4785625.24  0.66%  16.7 2393s
 84560 63049 4807130.83   78  648 4817614.95 4785627.10  0.66%  16.8 2400s
 84849 63227 4805784.81  233  585 4817614.95 4785629.83  0.66%  16.8 2405s
 85133 63541 4815599.39  359  501 4817614.95 4785629.83  0.66%  16.9 2413s
 85573 63628 4816544.23  442  502 4817614.95 4785629.83  0.66%  16.9 2418s
 85844 63818     cutoff  480      4817614.95 4785635.14  0.66%  16.9 2425s
 86166 63961 4808614.00  256  578 4817614.95 4785635.14  0.66%  17.0 2432s
 86431 64077     cutoff  381      4817614.95 4785641.73  0.66%  17.1 2439s
 86665 64246 4795164.30   45  578 4817614.95 4785645.08  0.66%  17.2 2444s
 86907 64323     cutoff  125      4817614.95 4785648.57  0.66%  17.4 2450s
 87149 64441 4799752.25  118  619 4817614.95 4785652.02  0.66%  17.4 2456s
 87393 64539     cutoff   64      4817614.95 4785654.40  0.66%  17.6 2463s
 87677 64849 4798270.71   76  668 4817614.95 4785658.51  0.66%  17.6 2470s
 88114 64972 4816403.50  393  509 4817614.95 4785662.09  0.66%  17.6 2476s
 88341 65165 4808458.96  148  621 4817614.95 4785665.38  0.66%  17.7 2482s
 88606 65357 4787575.43   52  631 4817614.95 4785668.62  0.66%  17.8 2488s
 88960 65462 4793970.02   50  576 4817614.95 4785671.02  0.66%  17.8 2494s
 89273 65550     cutoff  146      4817614.95 4785673.76  0.66%  17.9 2500s
 89715 65716 4810323.74  139  686 4817614.95 4785685.42  0.66%  18.2 2510s
 90025 65817 4807628.89   98  591 4817614.95 4785691.94  0.66%  18.3 2516s
 90294 66028 4798976.14  133  619 4817614.95 4785699.18  0.66%  18.4 2524s
 90675 66299 4788062.22   50  572 4817614.95 4785699.82  0.66%  18.4 2529s
 91027 66435 4793893.50  126  629 4817614.95 4785700.37  0.66%  18.5 2535s
 91278 66496     cutoff  141      4817614.95 4785706.20  0.66%  18.6 2541s
 91491 66605 4790486.37  158  671 4817614.95 4785709.31  0.66%  18.7 2547s
 91790 66671 4812386.04  144  607 4817614.95 4785712.03  0.66%  18.8 2552s
 91983 67027     cutoff   50      4817614.95 4785718.34  0.66%  19.0 2559s
 92447 67087 4813672.57  356  515 4817614.95 4785720.41  0.66%  19.0 2570s
 92905 67213 4802249.85  149  663 4817614.95 4785724.21  0.66%  19.0 2575s
 93216 67570 4817499.65  155  652 4817614.95 4785730.21  0.66%  19.1 2581s
 93661 67585     cutoff  335      4817614.95 4785733.01  0.66%  19.0 2587s
 93694 67628 4813301.35  348  512 4817614.95 4785733.01  0.66%  19.1 2593s
 93843 67717     cutoff  370      4817614.95 4785736.04  0.66%  19.1 2598s
 94056 67953 4805357.24  202  610 4817614.95 4785741.19  0.66%  19.2 2605s
 94384 68142 4807772.02   82  633 4817614.95 4785743.63  0.66%  19.3 2611s
 94712 68212     cutoff  177      4817614.95 4785747.71  0.66%  19.3 2617s
 94930 68414 4799824.47  163  617 4817614.95 4785750.26  0.66%  19.4 2623s
 95295 68708 4797389.61   68  643 4817614.95 4785756.09  0.66%  19.4 2630s
 95692 68877 infeasible  158      4817614.95 4785756.59  0.66%  19.4 2639s
 96233 69009 infeasible  342      4817614.95 4785758.69  0.66%  19.4 2645s
 96476 69094 4817291.57  106  609 4817614.95 4785760.65  0.66%  19.5 2651s
 96760 69194     cutoff   82      4817614.95 4785762.26  0.66%  19.6 2656s
 96953 69363 4799811.47   68  573 4817614.95 4785765.20  0.66%  19.8 2661s
 97226 69499     cutoff  169      4817614.95 4785767.16  0.66%  19.8 2667s
 97528 69676 4810587.30  197  626 4817614.95 4785769.70  0.66%  19.9 2675s
 97850 69870     cutoff   77      4817614.95 4785769.75  0.66%  19.9 2682s
 98140 69960 4813472.63  168  668 4817614.95 4785770.95  0.66%  20.0 2688s
 98401 70140     cutoff   61      4817614.95 4785773.39  0.66%  20.1 2694s
 98705 70190     cutoff  116      4817614.95 4785775.58  0.66%  20.1 2700s
 98946 70252 4801752.72  163  671 4817614.95 4785779.09  0.66%  20.2 2705s
 99132 70488     cutoff  188      4817614.95 4785779.12  0.66%  20.3 2711s
 99453 70722     cutoff  182      4817614.95 4785782.26  0.66%  20.4 2718s
 99777 71200     cutoff   68      4817614.95 4785784.91  0.66%  20.4 2725s
 100363 71597 4816530.48   82  666 4817614.95 4785785.62  0.66%  20.4 2730s
 101043 71726     cutoff   55      4817614.95 4785790.07  0.66%  20.5 2737s
 101261 71806     cutoff  200      4817614.95 4785791.65  0.66%  20.5 2742s
 101499 71874     cutoff  193      4817614.95 4785792.82  0.66%  20.5 2748s
 101732 72075     cutoff  176      4817614.95 4785796.22  0.66%  20.6 2754s
 102060 72249 4812705.90   87  615 4817614.95 4785798.27  0.66%  20.6 2759s
 102329 72380 4797793.56   61  605 4817614.95 4785798.51  0.66%  20.7 2765s
 102591 72458 4798564.49   83  617 4817614.95 4785799.24  0.66%  20.8 2770s
 102831 72625 4805928.42  113  611 4817614.95 4785799.95  0.66%  20.9 2776s
 103126 72806 4789183.29   69  623 4817614.95 4785801.32  0.66%  21.0 2782s
 103400 72880     cutoff   88      4817614.95 4785802.71  0.66%  21.1 2788s
 103644 72968     cutoff   59      4817614.95 4785805.44  0.66%  21.1 2794s
 103859 73108     cutoff   91      4817614.95 4785807.49  0.66%  21.1 2799s
 104129 73137     cutoff  268      4817614.95 4785808.71  0.66%  21.2 2805s
 104426 73395 4810902.30  195  615 4817614.95 4785811.32  0.66%  21.4 2814s
 104763 73579     cutoff   90      4817614.95 4785812.12  0.66%  21.4 2819s
 105046 73869 4807066.71  177  607 4817614.95 4785812.12  0.66%  21.5 2826s
 105389 73992 4807766.03  280  601 4817614.95 4785813.30  0.66%  21.5 2832s
 105703 74360 4795120.14   61  612 4817614.95 4785815.84  0.66%  21.6 2836s
 106089 74990 4805105.94  152  586 4817614.95 4785815.84  0.66%  21.6 2841s
 106735 75201 4808114.18  525  603 4817614.95 4785815.84  0.66%  21.6 2846s
 107048 75369 4810196.30  551  608 4817614.95 4785815.84  0.66%  21.6 2851s
 107331 75394 4802452.21  182  666 4817614.95 4785815.89  0.66%  21.7 2856s
 107484 75648     cutoff  183      4817614.95 4785818.70  0.66%  21.8 2863s
 107856 75734     cutoff  125      4817614.95 4785820.66  0.66%  21.9 2868s
 108060 75922 4805073.17  248  586 4817614.95 4785822.18  0.66%  21.9 2873s
 108362 75981 4816279.03  422  511 4817614.95 4785823.52  0.66%  22.0 2879s
 108584 76243 4786595.40   39  651 4817614.95 4785826.62  0.66%  22.0 2883s
 108890 76359     cutoff  168      4817614.95 4785826.96  0.66%  22.1 2888s
 109173 76554     cutoff  109      4817614.95 4785829.02  0.66%  22.1 2894s
 109475 76691     cutoff  211      4817614.95 4785829.35  0.66%  22.2 2899s
 109712 76810     cutoff  195      4817614.95 4785829.71  0.66%  22.3 2906s
 109982 77031 4811586.43   48  662 4817614.95 4785830.49  0.66%  22.3 2911s
 110342 77131 4807607.49  326  556 4817614.95 4785834.14  0.66%  22.3 2915s
 110806 77242 4796336.10   60  630 4817614.95 4785837.40  0.66%  22.6 2923s
 111012 77305 4799484.79  116  658 4817614.95 4785840.51  0.66%  22.7 2928s
 111221 77362     cutoff  219      4817614.95 4785842.42  0.66%  22.8 2932s
 111374 77398 4802173.79  190  662 4817614.95 4785843.70  0.66%  23.0 2938s
 111541 77458     cutoff   66      4817614.95 4785845.05  0.66%  23.1 2942s
 111767 77797     cutoff  184      4817614.95 4785848.48  0.66%  23.1 2949s
 112176 77872 4807381.31  268  611 4817614.95 4785849.36  0.66%  23.2 2954s
 112444 77911     cutoff  115      4817614.95 4785850.87  0.66%  23.3 2960s
 112741 78075     cutoff   63      4817614.95 4785855.16  0.66%  23.3 2966s
 113004 78098     cutoff  247      4817614.95 4785855.32  0.66%  23.3 2972s
 113194 78345     cutoff  151      4817614.95 4785858.49  0.66%  23.4 2978s
 113571 78438 4811942.58  392  578 4817614.95 4785862.34  0.66%  23.4 2983s
 113806 78517 4817397.26  489  514 4817614.95 4785863.66  0.66%  23.5 2987s
 114032 78653 4808741.22   86  615 4817614.95 4785866.89  0.66%  23.5 2993s
 114289 78710     cutoff  224      4817614.95 4785866.90  0.66%  23.6 2999s
 114516 78877 4802406.27  198  668 4817614.95 4785869.49  0.66%  23.7 3005s
 114816 78970 4816107.25  126  622 4817614.95 4785872.04  0.66%  23.8 3011s
 115052 79257 4790664.35  194  655 4817614.95 4785873.27  0.66%  23.8 3017s
 115455 79449 4815438.14  469  562 4817614.95 4785875.66  0.66%  23.8 3023s
 115740 79838 4789283.49   61  600 4817614.95 4785876.25  0.66%  24.0 3030s
 116133 80367 4811960.40  178  608 4817614.95 4785876.25  0.66%  24.0 3035s
 116692 80431     cutoff   48      4817614.95 4785876.84  0.66%  24.1 3040s
 117459 81069 4809663.42  161  276 4817614.95 4785878.05  0.66%  24.3 3050s
 118020 81500     cutoff   58      4817614.95 4785881.62  0.66%  24.5 3059s
 118447 81897 4814783.64  245  279 4817614.95 4785881.81  0.66%  24.5 3063s
 118936 81996 4806808.72   59  597 4817614.95 4785881.84  0.66%  24.5 3068s
 119164 82224 4798766.38  160  646 4817614.95 4785884.35  0.66%  24.6 3073s
 119470 82294     cutoff   73      4817614.95 4785885.22  0.66%  24.6 3077s
 119646 82326 4812045.24  156  663 4817614.95 4785886.99  0.66%  24.6 3082s
 119852 82382 4802511.59  206  665 4817614.95 4785888.79  0.66%  24.7 3087s
 120066 82567     cutoff   50      4817614.95 4785890.19  0.66%  24.8 3093s
 120357 82727 infeasible  141      4817614.95 4785892.40  0.66%  24.9 3098s
 120717 82797 4815367.87  210  545 4817614.95 4785895.21  0.66%  24.9 3103s
 120966 82852     cutoff   43      4817614.95 4785896.05  0.66%  24.9 3108s
 121190 82901     cutoff  153      4817614.95 4785899.33  0.66%  25.0 3113s
 121425 83015 4816247.06  225  553 4817614.95 4785903.48  0.66%  25.1 3119s
 121682 83121     cutoff  137      4817614.95 4785905.53  0.66%  25.1 3124s
 121910 83209 4805424.49  101  624 4817614.95 4785905.61  0.66%  25.2 3130s
 122442 83494     cutoff  223      4817614.95 4785908.55  0.66%  25.3 3138s
 122735 83585 4786512.31   43  658 4817614.95 4785908.72  0.66%  25.3 3143s
 122944 83644     cutoff   68      4817614.95 4785909.95  0.66%  25.4 3146s
 123171 83797     cutoff   64      4817614.95 4785915.24  0.66%  25.4 3151s
 123450 83886     cutoff  167      4817614.95 4785916.14  0.66%  25.5 3157s
 123711 83960 4813513.21  235  627 4817614.95 4785919.88  0.66%  25.5 3163s
 124005 84026     cutoff  203      4817614.95 4785922.61  0.66%  25.5 3169s
 124272 84074     cutoff   51      4817614.95 4785925.00  0.66%  25.6 3174s
 124537 84136     cutoff  217      4817614.95 4785928.28  0.66%  25.6 3180s
 124773 84172 4798783.12  175  646 4817614.95 4785928.45  0.66%  25.7 3187s
 125007 84448 4797659.80   59  666 4817614.95 4785930.35  0.66%  25.7 3193s
 125369 84467 4798064.78   59  661 4817614.95 4785930.35  0.66%  25.9 3199s
 125599 84496 4797808.06   66  665 4817614.95 4785931.83  0.66%  26.0 3205s
 125993 84748 4809937.89   93  397 4817614.95 4785933.69  0.66%  26.2 3217s
 126402 84869     cutoff   74      4817614.95 4785933.84  0.66%  26.3 3223s
 126743 84885 4814035.50   59  658 4817614.95 4785933.84  0.66%  26.3 3228s
 126915 84928     cutoff   58      4817614.95 4785933.84  0.66%  26.3 3233s
 127174 84955     cutoff   98      4817614.95 4785934.22  0.66%  26.4 3238s
 127376 84978 4797285.88   67  660 4817614.95 4785934.22  0.66%  26.5 3243s
 127580 84986     cutoff   73      4817614.95 4785934.56  0.66%  26.6 3248s
 127774 85156     cutoff   68      4817614.95 4785935.44  0.66%  26.7 3254s
 128072 85179 4816131.83  230  527 4817614.95 4785935.44  0.66%  26.8 3260s
 128344 85290 4817333.92  241  513 4817614.95 4785935.44  0.66%  26.8 3265s
 128525 85516     cutoff  255      4817614.95 4785935.44  0.66%  26.9 3273s
 128824 85782     cutoff  253      4817614.95 4785936.88  0.66%  26.9 3280s
 129136 85863 4811785.45   73  554 4817614.95 4785936.88  0.66%  27.0 3287s
 129432 85888     cutoff  134      4817614.95 4785936.88  0.66%  27.0 3293s
 129717 85959     cutoff  155      4817614.95 4785940.15  0.66%  27.1 3298s
 129934 86047 4805438.74  222  608 4817614.95 4785940.22  0.66%  27.2 3304s
 130212 86166 4807443.25  230  635 4817614.95 4785940.22  0.66%  27.2 3312s
 130528 86414     cutoff  236      4817614.95 4785940.22  0.66%  27.2 3318s
 130822 86644     cutoff  238      4817614.95 4785940.22  0.66%  27.3 3325s
 131111 86843 4811839.58  247  616 4817614.95 4785940.22  0.66%  27.4 3331s
 131410 86856     cutoff  251      4817614.95 4785940.22  0.66%  27.5 3337s
 131613 86892     cutoff  252      4817614.95 4785940.22  0.66%  27.6 3343s
 131800 86877 4815312.87  258  593 4817614.95 4785941.43  0.66%  27.7 3349s
 132001 86945 4791680.81   43  575 4817614.95 4785941.92  0.66%  27.8 3354s
 132282 86986     cutoff   78      4817614.95 4785941.92  0.66%  27.8 3361s
 132527 86984 4813391.64  139  622 4817614.95 4785941.92  0.66%  27.9 3366s
 132691 87095 4813420.08  140  619 4817614.95 4785942.05  0.66%  28.0 3373s
 132918 87191     cutoff   55      4817614.95 4785942.05  0.66%  28.1 3379s
 133128 87246     cutoff  121      4817614.95 4785942.05  0.66%  28.2 3384s
 133271 87271 4808625.42  152  613 4817614.95 4785942.05  0.66%  28.3 3388s
 133396 87467 4810795.81   48  646 4817614.95 4785942.61  0.66%  28.4 3394s
 133635 87575 4798707.18   75  591 4817614.95 4785942.61  0.66%  28.6 3404s
H133697 87575                    4816410.6915 4785942.61  0.63%  28.6 3404s
 133778 87657 4798979.08   82  614 4816410.69 4785942.61  0.63%  28.7 3411s
H133888 87830                    4816098.3733 4785942.61  0.63%  28.8 3418s
H134059 87829                    4816079.5841 4785942.61  0.63%  28.8 3418s
 134094 87850     cutoff  134      4816079.58 4785942.71  0.63%  29.0 3426s
 134309 87855     cutoff  237      4816079.58 4785944.13  0.63%  29.1 3433s
 134528 88109     cutoff  189      4816079.58 4785945.97  0.63%  29.3 3441s
 134976 88277 4786749.46   42  571 4816079.58 4785946.25  0.63%  29.3 3446s
 135269 88326 4791434.57   56  598 4816079.58 4785946.25  0.63%  29.3 3451s
 135438 88395 4797127.23   62  594 4816079.58 4785946.25  0.63%  29.5 3455s
 135613 88532 4803176.39   74  562 4816079.58 4785946.25  0.63%  29.6 3462s
 135877 88655 4803560.61   77  577 4816079.58 4785946.25  0.63%  29.7 3470s
H136227 88690                    4815861.7345 4785946.25  0.62%  29.8 3474s
 136304 88765 4813354.45   96  572 4815861.73 4785946.25  0.62%  29.8 3481s
 136531 88868     cutoff  106      4815861.73 4785946.25  0.62%  29.8 3488s
 136760 88965     cutoff  116      4815861.73 4785946.25  0.62%  29.9 3493s
 137035 89049 4812391.30  120  575 4815861.73 4785946.25  0.62%  29.9 3499s
 137251 89074 4811890.76  125  569 4815861.73 4785946.25  0.62%  30.0 3504s
 137412 89124 4814689.06  124  573 4815861.73 4785946.25  0.62%  30.2 3511s
H137602 89160                    4815817.6841 4785946.25  0.62%  30.3 3518s
H137629 89155                    4815646.7618 4785946.25  0.62%  30.3 3518s
 137708 89235     cutoff  143      4815646.76 4785946.25  0.62%  30.3 3525s
 137984 89369 4813456.56  150  568 4815646.76 4785946.25  0.62%  30.3 3532s
 138353 89484 4814273.60  166  567 4815646.76 4785946.25  0.62%  30.3 3541s
H138546 89479                    4815553.0475 4785946.25  0.61%  30.3 3541s
 138684 89531 4815130.80  184  535 4815553.05 4785946.25  0.61%  30.3 3546s
 138891 89511     cutoff  188      4815553.05 4785946.25  0.61%  30.4 3551s
H138997 89511                    4815528.2871 4785946.25  0.61%  30.5 3551s
 139005 89653     cutoff  187      4815528.29 4785949.22  0.61%  30.6 3558s
 139269 89893     cutoff   74      4815528.29 4785949.78  0.61%  30.7 3565s
 139543 90152 4793542.84  118  587 4815528.29 4785949.78  0.61%  30.7 3572s
 139830 90481 4807663.33  161  604 4815528.29 4785949.78  0.61%  30.8 3581s
 140191 90834 4797655.44  196  588 4815528.29 4785949.78  0.61%  30.9 3586s
 140598 91141 4805706.64  443  597 4815528.29 4785949.78  0.61%  31.0 3594s
 141095 91152 4809293.75  589  596 4815528.29 4785950.96  0.61%  31.1 3600s

Cutting planes:
  Gomory: 52
  Implied bound: 27
  MIR: 473
  StrongCG: 78
  Flow cover: 504
  RLT: 48
  Relax-and-lift: 3

Explored 141332 nodes (4400661 simplex iterations) in 3601.22 seconds (1175.12 work units)
Thread count was 2 (of 24 available processors)

Solution count 10: 4.81553e+06 4.81555e+06 4.81565e+06 ... 4.81971e+06

Time limit reached
Best objective 4.815528287125e+06, best bound 4.785951299238e+06, gap 0.6142%
