Meta_8;711526;0.0;0.38888888888888884;659786;6436485.283899999;0.3634963937142019;1;0.0
Meta_9;711526;0.0;0.4444444444444444;659786;6436485.283899999;0.3634963937142019;1;0.0
Meta_10;711526;0.0;0.5;659786;6436485.283899999;0.3634963937142019;1;0.0
Meta_1;711526;0.0;0.0;635309;5757378.382999999;0.3009260348398299;3600;0.09223809257807865
Meta_2;711526;0.0;0.05555555555555555;648777;6237714.002100001;0.311031446497973;3600;0.10480585223035956
Meta_3;711526;0.0;0.1111111111111111;641898;5994017.474700001;0.30662970728796124;3600;0.10561818668740877
Meta_4;711526;0.0;0.16666666666666666;635894;5872501.699100002;0.2927286924413886;3600;0.08714979788092402
Meta_5;711526;0.0;0.2222222222222222;633930;5731533.131200002;0.2971258261172584;3600;0.1592019581467556
Meta_18;711526;1588314.7348666657;0.38888888888888884;659786;6436485.283899999;0.3634963937142019;1;0.0
Meta_19;711526;1588314.7348666657;0.4444444444444444;659786;6436485.283899999;0.3634963937142019;1;0.0
Meta_20;711526;1588314.7348666657;0.5;659786;6436485.283899999;0.3634963937142019;1;0.0
Meta_6;711526;0.0;0.2777777777777778;631844;5664331.6735;0.30125975183052583;3600;0.1518608788425482
Meta_7;711526;0.0;0.3333333333333333;662582;6628262.036699997;0.3333345781440575;3600;0.0024911794281799672
Meta_11;711526;1588314.7348666657;0.0;639713;5936556.5819;0.3011462287275343;3600;0.09817619377977158
Meta_12;711526;1588314.7348666657;0.05555555555555555;640422;5962841.171400001;0.3026203053034749;3600;0.10310640071163749
Meta_13;711526;1588314.7348666657;0.1111111111111111;641659;5966215.205500001;0.31075119197302126;3600;0.12809426414592726
Meta_14;711526;1588314.7348666657;0.16666666666666666;637116;5805113.9857;0.30830573843180187;3600;0.1379930247787693
Meta_15;711526;1588314.7348666657;0.2222222222222222;629849;5530287.881200001;0.30418530938019395;3600;0.2064331800527038
Meta_28;711526;3176629.4697333314;0.38888888888888884;659786;6436485.283899999;0.3634963937142019;1;0.0
Meta_29;711526;3176629.4697333314;0.4444444444444444;659786;6436485.283899999;0.3634963937142019;1;0.0
Meta_30;711526;3176629.4697333314;0.5;659786;6436485.283899999;0.3634963937142019;1;0.0
Meta_16;711526;1588314.7348666657;0.2777777777777778;645888;6049717.186399999;0.3160695298490348;3600;0.20362831123418978
Meta_17;711526;1588314.7348666657;0.3333333333333333;660830;6543849.085499998;0.33333331217328344;3600;0.006074710970099953
Meta_21;711526;3176629.4697333314;0.0;650368;6466213.781400001;0.30903595341254625;3600;0.12845891881194835
Meta_22;711526;3176629.4697333314;0.05555555555555555;639457;5957267.262299999;0.2953303172786749;3600;0.0951957342775894
Meta_23;711526;3176629.4697333314;0.1111111111111111;642008;5965736.215700001;0.3100447449566266;3600;0.13955002928063304
Meta_24;711526;3176629.4697333314;0.16666666666666666;641528;5952696.759799998;0.3104497125674279;3600;0.1560769261301231
Meta_25;711526;3176629.4697333314;0.2222222222222222;629108;5507473.893400001;0.3047295931973977;3600;0.24030032489506759
Meta_38;711526;4764944.204599997;0.38888888888888884;659786;6436485.283899999;0.3634963937142019;1;0.0
Meta_39;711526;4764944.204599997;0.4444444444444444;659786;6436485.283899999;0.3634963937142019;1;0.0
Meta_40;711526;4764944.204599997;0.5;659786;6436485.283899999;0.3634963937142019;1;0.0
Meta_26;711526;3176629.4697333314;0.2777777777777778;635264;5723233.5485000005;0.30971224702294475;3600;0.23792818517379324
Meta_27;711526;3176629.4697333314;0.3333333333333333;661359;6566664.858299999;0.33333546168182676;3600;0.006431291481569678
Meta_31;711526;4764944.204599997;0.0;641361;5965022.232699998;0.3071825992573167;3600;0.13875833167033524
Meta_32;711526;4764944.204599997;0.05555555555555555;641497;5978179.290099998;0.30439130385858787;3600;0.132358495204123
Meta_33;711526;4764944.204599997;0.1111111111111111;636433;5820932.193600003;0.3004980670545398;3600;0.1363993995703692
Meta_34;711526;4764944.204599997;0.16666666666666666;637346;5839260.580100001;0.30312864778492987;3600;0.16043569252225134
Meta_35;711526;4764944.204599997;0.2222222222222222;629199;5499968.281399999;0.3103163399292013;3600;0.304942499752213
Meta_48;711526;6353258.939466663;0.38888888888888884;659786;6436485.283899999;0.3634963937142019;1;0.0
Meta_49;711526;6353258.939466663;0.4444444444444444;659786;6436485.283899999;0.3634963937142019;1;0.0
Meta_50;711526;6353258.939466663;0.5;659786;6436485.283899999;0.3634963937142019;1;0.0
Meta_36;711526;4764944.204599997;0.2777777777777778;646593;6210683.3761;0.30136355451449887;3600;0.22904424272388196
Meta_37;711526;4764944.204599997;0.3333333333333333;660584;6528094.8073999975;0.3333319005866263;3600;0.00978922194886206
Meta_41;711526;6353258.939466663;0.0;646029;6372289.6252999995;0.3038121650763649;3600;0.13298212057223288
Meta_42;711526;6353258.939466663;0.05555555555555555;645519;6361984.299900001;0.30391334444595425;3600;0.13778635193753053
Meta_43;711526;6353258.939466663;0.1111111111111111;646534;6353224.152700003;0.30849420203213307;3600;0.1619581110341032
Meta_44;711526;6353258.939466663;0.16666666666666666;647759;6365529.041800001;0.31328160103342845;3600;0.22366206101926223
Meta_57;711526;7941573.674333328;0.3333333333333333;681691;7941609.0277;0.323603340508473;1;0.0
Meta_58;711526;7941573.674333328;0.38888888888888884;681691;7941609.0277;0.323603340508473;1;0.0
Meta_59;711526;7941573.674333328;0.4444444444444444;681691;7941609.0277;0.323603340508473;1;0.0
Meta_60;711526;7941573.674333328;0.5;681691;7941609.0277;0.323603340508473;1;0.0
Meta_45;711526;6353258.939466663;0.2222222222222222;641021;6346097.749899997;0.3002995051023672;3600;0.32248001155834155
Meta_46;711526;6353258.939466663;0.2777777777777778;654699;6963012.123899997;0.3099551229039476;3600;0.39901656551733516
Meta_47;711526;6353258.939466663;0.3333333333333333;663871;6705095.628;0.33333307181266264;3600;0.01166101278346555
Meta_51;711526;7941573.674333328;0.0;656430;7684361.012699999;0.32006574839319846;3600;0.23487876088069934
Meta_52;711526;7941573.674333328;0.05555555555555555;655888;7622126.3325;0.315043240979386;3600;0.22433722032659736
Meta_53;711526;7941573.674333328;0.1111111111111111;656307;7926404.611199999;0.3191904544648934;3600;0.25466596003794906
Meta_67;711526;9529888.409199994;0.3333333333333333;681878;9382656.474000005;0.3236930793855108;1;0.0
Meta_68;711526;9529888.409199994;0.38888888888888884;681878;9382656.474000005;0.3236930793855108;1;0.0
Meta_69;711526;9529888.409199994;0.4444444444444444;681878;9382656.474000005;0.3236930793855108;1;0.0
Meta_70;711526;9529888.409199994;0.5;681878;9382656.474000005;0.3236930793855108;1;0.0
Meta_54;711526;7941573.674333328;0.16666666666666666;660114;7760438.385;0.3195410793868872;3600;0.27365551066082733
Meta_55;711526;7941573.674333328;0.2222222222222222;655562;7849026.334999999;0.31383967453828265;3600;0.32253055895719374
Meta_56;711526;7941573.674333328;0.2777777777777778;668552;7938846.714699998;0.30633796770232274;3600;0.38022567230025617
Meta_61;711526;9529888.409199994;0.0;656150;8296734.885799999;0.31892257344099506;3600;0.23200685597937956
Meta_62;711526;9529888.409199994;0.05555555555555555;655744;8291310.262199999;0.31945756132706776;3600;0.24067377758497838
Meta_63;711526;9529888.409199994;0.1111111111111111;656293;8077107.4051;0.31848148468356713;3600;0.25207222193157747
Meta_77;711526;1.111820314406666E7;0.3333333333333333;681878;9382656.474000005;0.3236930793855108;1;0.0
Meta_78;711526;1.111820314406666E7;0.38888888888888884;681878;9382656.474000005;0.3236930793855108;1;0.0
Meta_79;711526;1.111820314406666E7;0.4444444444444444;681878;9382656.474000005;0.3236930793855108;1;0.0
Meta_80;711526;1.111820314406666E7;0.5;681878;9382656.474000005;0.3236930793855108;1;0.0
Meta_64;711526;9529888.409199994;0.16666666666666666;656395;8306331.328700001;0.32236831172532476;3600;0.3016103347128834
Meta_65;711526;9529888.409199994;0.2222222222222222;673263;9224018.891099999;0.31272076907566704;3600;0.20430130968061305
Meta_66;711526;9529888.409199994;0.2777777777777778;670854;8319295.263699997;0.3077981144070381;3600;0.37061768305039966
Meta_71;711526;1.111820314406666E7;0.0;655585;8287231.179599999;0.317810558021625;3600;0.23029002632170797
Meta_72;711526;1.111820314406666E7;0.05555555555555555;656766;8334380.8971;0.3181904043336171;3600;0.232144406754075
Meta_73;711526;1.111820314406666E7;0.1111111111111111;656379;8333590.902899998;0.3188890772553637;3600;0.2532575628115204
Meta_87;711526;1.2706517878933325E7;0.3333333333333333;681878;9382656.474000005;0.3236930793855108;1;0.0
Meta_88;711526;1.2706517878933325E7;0.38888888888888884;681878;9382656.474000005;0.3236930793855108;1;0.0
Meta_89;711526;1.2706517878933325E7;0.4444444444444444;681878;9382656.474000005;0.3236930793855108;1;0.0
Meta_90;711526;1.2706517878933325E7;0.5;681878;9382656.474000005;0.3236930793855108;1;0.0
Meta_74;711526;1.111820314406666E7;0.16666666666666666;656319;8503584.476700002;0.3187442220689029;3600;0.287575614315388
Meta_75;711526;1.111820314406666E7;0.2222222222222222;673960;8779689.529899998;0.31154009264533256;3600;0.19112618934849676
Meta_76;711526;1.111820314406666E7;0.2777777777777778;672349;9488687.528499998;0.3099811878639439;3600;0.3746114082609159
Meta_81;711526;1.2706517878933325E7;0.0;656598;8337010.565799999;0.3169121954992451;3600;0.2231609195496719
Meta_82;711526;1.2706517878933325E7;0.05555555555555555;656234;8352203.904199999;0.31734479871112947;3600;0.23122293753399725
Meta_83;711526;1.2706517878933325E7;0.1111111111111111;656522;8271625.343199999;0.318829477377405;3600;0.25240958800720287
Meta_97;711526;1.4294832613799991E7;0.3333333333333333;681878;9382656.474000005;0.3236930793855108;1;0.0
Meta_98;711526;1.4294832613799991E7;0.38888888888888884;681878;9382656.474000005;0.3236930793855108;1;0.0
Meta_99;711526;1.4294832613799991E7;0.4444444444444444;681878;9382656.474000005;0.3236930793855108;1;0.0
Meta_100;711526;1.4294832613799991E7;0.5;681878;9382656.474000005;0.3236930793855108;1;0.0
Meta_84;711526;1.2706517878933325E7;0.16666666666666666;656458;8294174.887800001;0.3192253026021509;3600;0.2888967429588825
Meta_85;711526;1.2706517878933325E7;0.2222222222222222;672460;9425703.612600002;0.3094714184663951;3600;0.1886027116273499
Meta_86;711526;1.2706517878933325E7;0.2777777777777778;670360;9070226.383199995;0.3074477713198712;3600;0.3723730400388462
Meta_91;711526;1.4294832613799991E7;0.0;656817;8350268.133199997;0.3137598248435774;3600;0.21104562745281502
Meta_92;711526;1.4294832613799991E7;0.05555555555555555;656571;8340620.087200001;0.31703339257837515;3600;0.22880117456421703
Meta_93;711526;1.4294832613799991E7;0.1111111111111111;656401;8274429.755999998;0.31892888337026465;3600;0.253272150319036
Meta_94;711526;1.4294832613799991E7;0.16666666666666666;670057;8979615.070700003;0.3196123587964876;3600;0.22493626021498186
Meta_108;681511;0.0;0.38888888888888884;659786;6436485.283899999;0.3634963937142019;1;0.0
Meta_109;681511;0.0;0.4444444444444444;659786;6436485.283899999;0.3634963937142019;1;0.0
Meta_110;681511;0.0;0.5;659786;6436485.283899999;0.3634963937142019;1;0.0
Meta_95;711526;1.4294832613799991E7;0.2222222222222222;668871;8906677.689099997;0.31764171011276254;3600;0.26474068414464635
Meta_96;711526;1.4294832613799991E7;0.2777777777777778;662763;8741624.664299995;0.3008982306074137;3600;0.39016798210587017
Meta_101;681511;0.0;0.0;638981;5977417.605599998;0.29196772891002004;3600;0.07770972859119027
Meta_102;681511;0.0;0.05555555555555555;641967;5981666.858400001;0.3108776394733152;3600;0.12310416176430675
Meta_103;681511;0.0;0.1111111111111111;641111;5939163.193900002;0.30860734348093494;3600;0.12295560912942029
Meta_104;681511;0.0;0.16666666666666666;640406;5894943.436299999;0.30806499785067026;3600;0.13218798311777186
Meta_105;681511;0.0;0.2222222222222222;629228;5573718.719100002;0.29904985710267656;3600;0.19667524561272376
Meta_118;681511;1588314.7348666657;0.38888888888888884;659786;6436485.283899999;0.3634963937142019;1;0.0
Meta_119;681511;1588314.7348666657;0.4444444444444444;659786;6436485.283899999;0.3634963937142019;1;0.0
Meta_120;681511;1588314.7348666657;0.5;659786;6436485.283899999;0.3634963937142019;1;0.0
Meta_106;681511;0.0;0.2777777777777778;627543;5627865.056099999;0.2861249980118834;3600;0.13264350300358452
Meta_107;681511;0.0;0.3333333333333333;665176;6793454.514899999;0.33342923115374024;3600;0.006752594784471271
Meta_111;681511;1588314.7348666657;0.0;641940;5978450.012299999;0.30749443849930597;3600;0.12427015831934903
Meta_112;681511;1588314.7348666657;0.05555555555555555;636746;5813751.597000004;0.3043944442634989;3600;0.12504897324235406
Meta_113;681511;1588314.7348666657;0.1111111111111111;639742;5904341.465700002;0.30417059603919067;3600;0.12613652742762005
Meta_114;681511;1588314.7348666657;0.16666666666666666;638424;5856352.203699999;0.3021262245009244;3600;0.13400327601331355
Meta_115;681511;1588314.7348666657;0.2222222222222222;632763;5658319.7876;0.30802583222216556;3600;0.25165623642036145
Meta_128;681511;3176629.4697333314;0.38888888888888884;659786;6436485.283899999;0.3634963937142019;1;0.0
Meta_129;681511;3176629.4697333314;0.4444444444444444;659786;6436485.283899999;0.3634963937142019;1;0.0
Meta_130;681511;3176629.4697333314;0.5;659786;6436485.283899999;0.3634963937142019;1;0.0
Meta_116;681511;1588314.7348666657;0.2777777777777778;646235;6153073.2403;0.30356422920783616;3600;0.19269920799572038
Meta_117;681511;1588314.7348666657;0.3333333333333333;660683;6530232.277299999;0.33333408555145144;3600;0.006805410555449458
Meta_121;681511;3176629.4697333314;0.0;639607;5911148.1932000015;0.30491172510849296;3600;0.1355410916841677
Meta_122;681511;3176629.4697333314;0.05555555555555555;638767;5939256.7677;0.29407255880419886;3600;0.10584470869697014
Meta_123;681511;3176629.4697333314;0.1111111111111111;640741;6004096.129;0.30162695234268744;3600;0.13732019426862113
Meta_124;681511;3176629.4697333314;0.16666666666666666;641722;5938318.055499997;0.31059570656852226;3600;0.1797869109994911
Meta_125;681511;3176629.4697333314;0.2222222222222222;629195;5509904.638500001;0.3045457936797085;3600;0.286834249195879
Meta_138;681511;4764944.204599997;0.38888888888888884;659786;6436485.283899999;0.3634963937142019;1;0.0
Meta_139;681511;4764944.204599997;0.4444444444444444;659786;6436485.283899999;0.3634963937142019;1;0.0
Meta_140;681511;4764944.204599997;0.5;659786;6436485.283899999;0.3634963937142019;1;0.0
Meta_126;681511;3176629.4697333314;0.2777777777777778;645930;6133287.000399998;0.30736509141786816;3600;0.2641409241307517
Meta_127;681511;3176629.4697333314;0.3333333333333333;660911;6548352.527099998;0.33333774266194166;3600;0.009924201548266003
Meta_131;681511;4764944.204599997;0.0;639463;5953222.611400001;0.30357649739430703;3600;0.1538046765523238
Meta_132;681511;4764944.204599997;0.05555555555555555;640745;5990422.143999999;0.30011609839229275;3600;0.14107145611542854
Meta_133;681511;4764944.204599997;0.1111111111111111;643738;6079853.503599999;0.31234094038376126;3600;0.19478606002430593
Meta_134;681511;4764944.204599997;0.16666666666666666;640810;5960699.1566;0.3058761862184913;3600;0.19711446412667988
Meta_135;681511;4764944.204599997;0.2222222222222222;628745;5505446.686500003;0.30231626728864275;3600;0.34236978853133954
Meta_148;681511;6353258.939466663;0.38888888888888884;659786;6436485.283899999;0.3634963937142019;1;0.0
Meta_149;681511;6353258.939466663;0.4444444444444444;659786;6436485.283899999;0.3634963937142019;1;0.0
Meta_150;681511;6353258.939466663;0.5;659786;6436485.283899999;0.3634963937142019;1;0.0
Meta_136;681511;4764944.204599997;0.2777777777777778;650561;6217185.554099999;0.3217011514199465;3600;0.4185161524912641
Meta_137;681511;4764944.204599997;0.3333333333333333;661086;6554681.474700001;0.33336922120848844;3600;0.015469355435478088
Meta_141;681511;6353258.939466663;0.0;645555;6355912.5865;0.3001427167473986;3600;0.139601623507842
Meta_142;681511;6353258.939466663;0.05555555555555555;648117;6357493.995199998;0.30890012537373623;3600;0.19809357126383362
Meta_143;681511;6353258.939466663;0.1111111111111111;647290;6359294.403700002;0.307243080117154;3600;0.18223695748731084
Meta_144;681511;6353258.939466663;0.16666666666666666;649187;6353229.884199999;0.3114189374540919;3600;0.2577985673240372
Meta_157;681511;7941573.674333328;0.3333333333333333;681511;7941551.889200001;0.3235743447998805;1;0.0
Meta_158;681511;7941573.674333328;0.38888888888888884;681511;7937986.299199999;0.3235743447998805;1;0.0
Meta_159;681511;7941573.674333328;0.4444444444444444;681511;7937986.299199999;0.3235743447998805;1;0.0
Meta_160;681511;7941573.674333328;0.5;681511;7937986.299199999;0.3235743447998805;1;0.0
Meta_145;681511;6353258.939466663;0.2222222222222222;641474;6353265.0779;0.30133441220517027;3600;0.4220992571691302
Meta_146;681511;6353258.939466663;0.2777777777777778;667621;7203203.304899997;0.31497942727248324;3600;0.555716233996233
Meta_147;681511;6353258.939466663;0.3333333333333333;662431;6618765.467999998;0.33333423120485856;3600;0.015024023865897363
Meta_151;681511;7941573.674333328;0.0;660257;7805491.024800001;0.3188486212315108;3600;0.25428773094345075
Meta_152;681511;7941573.674333328;0.05555555555555555;655887;7616617.8655;0.3148831756249775;3600;0.2648119124261957
Meta_153;681511;7941573.674333328;0.1111111111111111;660578;7869444.512599995;0.32432003699191053;3600;0.3063043676889329
Meta_167;681511;9529888.409199994;0.3333333333333333;681511;9258316.389400005;0.3239875880298632;1;0.0
Meta_168;681511;9529888.409199994;0.38888888888888884;681511;9258316.389400005;0.3239875880298632;1;0.0
Meta_169;681511;9529888.409199994;0.4444444444444444;681511;9258316.389400005;0.3239875880298632;1;0.0
Meta_170;681511;9529888.409199994;0.5;681511;9258316.389400005;0.3239875880298632;1;0.0
Meta_154;681511;7941573.674333328;0.16666666666666666;671207;7933737.593299999;0.3098041515101762;3600;0.2157209937390261
Meta_155;681511;7941573.674333328;0.2222222222222222;675121;7908878.997099999;0.31313728464599433;3600;0.26933897475667534
Meta_156;681511;7941573.674333328;0.2777777777777778;675428;7916448.057700001;0.31541872558315615;3600;0.45516346252662343
Meta_161;681511;9529888.409199994;0.0;656268;8337764.485899997;0.31910281074590496;3600;0.2727862580644293
Meta_162;681511;9529888.409199994;0.05555555555555555;666797;8526007.601399997;0.32353920009250026;3600;0.2507550646563653
Meta_163;681511;9529888.409199994;0.1111111111111111;655562;8117964.087999999;0.3184996696610259;3600;0.3049021018532912
Meta_177;681511;1.111820314406666E7;0.3333333333333333;681511;9258316.389400005;0.3239875880298632;1;0.0
Meta_178;681511;1.111820314406666E7;0.38888888888888884;681511;9258316.389400005;0.3239875880298632;1;0.0
Meta_179;681511;1.111820314406666E7;0.4444444444444444;681511;9258316.389400005;0.3239875880298632;1;0.0
Meta_180;681511;1.111820314406666E7;0.5;681511;9258316.389400005;0.3239875880298632;1;0.0
Meta_164;681511;9529888.409199994;0.16666666666666666;656334;8182831.0232;0.31950836581491365;3600;0.3568197971435156
Meta_165;681511;9529888.409199994;0.2222222222222222;674134;8721967.9456;0.31188534654885663;3600;0.26817912560884566
Meta_166;681511;9529888.409199994;0.2777777777777778;675712;8729297.906399999;0.3134431460714098;3600;0.4103916795043608
Meta_171;681511;1.111820314406666E7;0.0;655906;8350739.0037;0.31705653936979566;3600;0.2663551183043776
Meta_172;681511;1.111820314406666E7;0.05555555555555555;658359;8498378.6615;0.3170651488698654;3600;0.26249763395179365
Meta_173;681511;1.111820314406666E7;0.1111111111111111;656806;8357208.1714;0.317158753622216;3600;0.2935457084330032
Meta_187;681511;1.2706517878933325E7;0.3333333333333333;681511;9258316.389400005;0.3239875880298632;1;0.0
Meta_188;681511;1.2706517878933325E7;0.38888888888888884;681511;9258316.389400005;0.3239875880298632;1;0.0
Meta_189;681511;1.2706517878933325E7;0.4444444444444444;681511;9258316.389400005;0.3239875880298632;1;0.0
Meta_190;681511;1.2706517878933325E7;0.5;681511;9258316.389400005;0.3239875880298632;1;0.0
Meta_174;681511;1.111820314406666E7;0.16666666666666666;669274;8480523.442599999;0.3059608764337424;3600;0.20498401632726224
Meta_175;681511;1.111820314406666E7;0.2222222222222222;676404;9214161.7408;0.31483371326774284;3600;0.27157288321413076
Meta_176;681511;1.111820314406666E7;0.2777777777777778;675852;9324822.7534;0.31394001074128663;3600;0.35050009409258864
Meta_181;681511;1.2706517878933325E7;0.0;656595;8339861.8067000015;0.32042334136123934;3600;0.27649522648329006
Meta_182;681511;1.2706517878933325E7;0.05555555555555555;656171;8326539.301599996;0.3167485078304938;3600;0.27106814598770046
Meta_183;681511;1.2706517878933325E7;0.1111111111111111;660800;8695815.286500001;0.32408990073703303;3600;0.30432784128511625
Meta_197;681511;1.4294832613799991E7;0.3333333333333333;681511;9258316.389400005;0.3239875880298632;1;0.0
Meta_198;681511;1.4294832613799991E7;0.38888888888888884;681511;9258316.389400005;0.3239875880298632;1;0.0
Meta_199;681511;1.4294832613799991E7;0.4444444444444444;681511;9258316.389400005;0.3239875880298632;1;0.0
Meta_200;681511;1.4294832613799991E7;0.5;681511;9258316.389400005;0.3239875880298632;1;0.0
Meta_184;681511;1.2706517878933325E7;0.16666666666666666;659507;8348434.332799995;0.32193924884974734;3600;0.35209176874661535
Meta_185;681511;1.2706517878933325E7;0.2222222222222222;658145;8508829.6941;0.3145997424948354;3600;0.41158492230278443
Meta_186;681511;1.2706517878933325E7;0.2777777777777778;668468;9161956.095800003;0.30566661297032216;3600;0.3476395084926601
Meta_191;681511;1.4294832613799991E7;0.0;655291;8191977.5008000005;0.31491571648758987;3600;0.2606061861395119
Meta_192;681511;1.4294832613799991E7;0.05555555555555555;659094;8440642.593400002;0.3172018999206635;3600;0.259661340576106
Meta_193;681511;1.4294832613799991E7;0.1111111111111111;663866;9110142.742400002;0.32545022711022925;3600;0.295986818099351
Meta_194;681511;1.4294832613799991E7;0.16666666666666666;656347;8585095.2237;0.3195657876089081;3600;0.35700892919214705
Meta_195;681511;1.4294832613799991E7;0.2222222222222222;674986;9482802.972499998;0.3128213694844488;3600;0.26793822772331277
Meta_209;651497;0.0;0.4444444444444444;651497;5988615.2099;0.3938066213153119;1;0.0
Meta_210;651497;0.0;0.5;651497;5988615.2099;0.3938066213153119;1;0.0
Meta_196;681511;1.4294832613799991E7;0.2777777777777778;666131;9122173.6405;0.3036413223553995;3600;0.35991221731410267
Meta_201;651497;0.0;0.0;644863;6083249.998300002;0.30880531332287653;3600;0.12543241302203978
Meta_208;651497;0.0;0.38888888888888884;651497;5988776.7412;0.3888909720972422;1696;2.3977027092304772E-8
Meta_202;651497;0.0;0.05555555555555555;637478;5790900.7618;0.30395144043119376;3600;0.1205242690261569
Meta_203;651497;0.0;0.1111111111111111;641710;5981994.152800004;0.3109076127520737;3600;0.14680343368467352
Meta_204;651497;0.0;0.16666666666666666;639795;5901553.023800002;0.3095618936825947;3600;0.1592121798495182
Meta_205;651497;0.0;0.2222222222222222;630796;5567310.088;0.30607052550781316;3600;0.24796326702765545
Meta_206;651497;0.0;0.2777777777777778;647161;6210475.7174;0.3022534814313752;3600;0.1892676677888244
Meta_219;651497;1588314.7348666657;0.4444444444444444;651497;5988615.2099;0.3938066213153119;1;0.0
Meta_220;651497;1588314.7348666657;0.5;651497;5988615.2099;0.3938066213153119;1;0.0
Meta_207;651497;0.0;0.3333333333333333;651497;6087671.728299998;0.33333350931498457;3600;0.015435070978695304
Meta_218;651497;1588314.7348666657;0.38888888888888884;651497;5988776.7471;0.38889054035885334;168;2.4656267519436835E-8
Meta_211;651497;1588314.7348666657;0.0;640086;5984865.369500001;0.2967409002420034;3600;0.1119194365744178
Meta_212;651497;1588314.7348666657;0.05555555555555555;642470;5991714.852299998;0.30982811506028807;3600;0.15083877932322004
Meta_213;651497;1588314.7348666657;0.1111111111111111;639942;5971114.227499998;0.300649802478244;3600;0.13609810882434983
Meta_214;651497;1588314.7348666657;0.16666666666666666;641016;6009497.342699995;0.2982816147466456;3600;0.14123453785358295
Meta_215;651497;1588314.7348666657;0.2222222222222222;626881;5458923.972399999;0.30101589531571676;3600;0.2725575387230926
Meta_216;651497;1588314.7348666657;0.2777777777777778;629250;5751408.199099997;0.29902670012472893;3600;0.2868955449015089
Meta_229;651497;3176629.4697333314;0.4444444444444444;651497;5988615.2099;0.3938066213153119;1;0.0
Meta_230;651497;3176629.4697333314;0.5;651497;5988615.2099;0.3938066213153119;1;0.0
Meta_217;651497;1588314.7348666657;0.3333333333333333;651480;6085413.639199998;0.33584085733676716;3600;0.04942861386705128
Meta_221;651497;3176629.4697333314;0.0;639605;5915727.688399998;0.3013722787971408;3600;0.14347740391026645
Meta_222;651497;3176629.4697333314;0.05555555555555555;641203;5987390.2239000015;0.302352982679663;3600;0.1492109783986177
Meta_223;651497;3176629.4697333314;0.1111111111111111;641238;5999337.258600002;0.3024653720050241;3600;0.16193678369140377
Meta_228;651497;3176629.4697333314;0.38888888888888884;651497;5988776.716700002;0.3888910760301016;2511;2.471421044718155E-8
Meta_224;651497;3176629.4697333314;0.16666666666666666;642352;5968296.8602;0.3121394114120759;3600;0.2206720037411407
Meta_225;651497;3176629.4697333314;0.2222222222222222;628048;5464076.290199999;0.3043470063757204;3600;0.35652329098216845
Meta_226;651497;3176629.4697333314;0.2777777777777778;650924;6173094.312499999;0.33008044769004624;3600;0.46632690570962504
Meta_227;651497;3176629.4697333314;0.3333333333333333;651497;6112435.095299998;0.3333339669445294;3600;0.04082137590903501
Meta_231;651497;4764944.204599997;0.0;640759;5938617.359800002;0.30384452273111595;3600;0.17529781016592264
Meta_232;651497;4764944.204599997;0.05555555555555555;640997;5962494.2763;0.30515025914128346;3600;0.1869041161699454
Meta_233;651497;4764944.204599997;0.1111111111111111;641767;5942846.3028000025;0.31178508784127423;3600;0.22850117758450086
Meta_234;651497;4764944.204599997;0.16666666666666666;642213;5967887.214700002;0.31184444432967956;3600;0.26751765651978504
Meta_235;651497;4764944.204599997;0.2222222222222222;628332;5484441.852600003;0.30400396313702915;3600;0.45700740657183603
Meta_239;651497;4764944.204599997;0.4444444444444444;651497;5988615.2099;0.3938066213153119;1;0.0
Meta_240;651497;4764944.204599997;0.5;651497;5988615.2099;0.3938066213153119;1;0.0
Meta_236;651497;4764944.204599997;0.2777777777777778;633146;5724877.9306;0.29863474096979614;3600;0.5293143392926357
Meta_248;651497;6353258.939466663;0.38888888888888884;651497;6353241.4064;0.38680146344204963;27;0.0
Meta_249;651497;6353258.939466663;0.4444444444444444;651497;6328826.345799998;0.4036119101661143;1;0.0
Meta_250;651497;6353258.939466663;0.5;651497;6328826.345799998;0.4036119101661143;1;0.0
Meta_237;651497;4764944.204599997;0.3333333333333333;651381;6095152.605100001;0.33475146728350996;3600;0.13140365987850175
Meta_238;651497;4764944.204599997;0.38888888888888884;651497;5988776.710600001;0.3888913349477165;3600;8.669486974153536E-8
Meta_241;651497;6353258.939466663;0.0;648197;6352152.8257;0.3129167659607916;3600;0.24936097479085625
Meta_247;651497;6353258.939466663;0.3333333333333333;651502;6352328.164999998;0.3333096133278114;1759;0.0
Meta_242;651497;6353258.939466663;0.05555555555555555;644878;6353247.056999996;0.2958737336261082;3600;0.19030852273503795
Meta_243;651497;6353258.939466663;0.1111111111111111;647704;6353948.186499997;0.3090941860225707;3600;0.2674508137553504
Meta_257;651497;7941573.674333328;0.3333333333333333;652730;7485731.470599998;0.3331207881858657;36;0.0
Meta_244;651497;6353258.939466663;0.16666666666666666;650420;6368003.783499999;0.31378796907504597;3600;0.33874751313400736
Meta_259;651497;7941573.674333328;0.4444444444444444;651497;7702602.826500002;0.41464033214212015;1;0.0
Meta_260;651497;7941573.674333328;0.5;651497;7702602.826500002;0.41464033214212015;1;0.0
Meta_258;651497;7941573.674333328;0.38888888888888884;653885;7890502.415600002;0.3888892079195115;863;0.0
Meta_245;651497;6353258.939466663;0.2222222222222222;646845;6347388.5337000005;0.3074927571258307;3600;0.5386634339807349
Meta_246;651497;6353258.939466663;0.2777777777777778;641968;6352685.383499999;0.2957177452081806;3600;1.0
Meta_251;651497;7941573.674333328;0.0;651497;7845271.407300001;0.2923836843340129;3600;0.14396290240879478
Meta_252;651497;7941573.674333328;0.05555555555555555;651496;7539958.494200003;0.29504206590690524;3600;0.16227615869819373
Meta_253;651497;7941573.674333328;0.1111111111111111;651497;7579823.3934;0.30270552406509743;3600;0.2104563899800975
Meta_254;651497;7941573.674333328;0.16666666666666666;651586;7847626.891400001;0.2945947680765497;3600;0.23042975262361576
Meta_255;651497;7941573.674333328;0.2222222222222222;651491;7930172.897499999;0.30932754523045985;3600;0.5268208423164432
Meta_269;651497;9529888.409199994;0.4444444444444444;651497;7702602.826500002;0.41464033214212015;1;0.0
Meta_270;651497;9529888.409199994;0.5;651497;7702602.826500002;0.41464033214212015;1;0.0
Meta_256;651497;7941573.674333328;0.2777777777777778;651487;7941308.577299998;0.3071488540743077;3600;1.0
Meta_268;651497;9529888.409199994;0.38888888888888884;654419;8321007.738700002;0.3888896729101555;80;0.0
Meta_267;651497;9529888.409199994;0.3333333333333333;652121;7610122.9568;0.3333327125194348;132;0.0
Meta_261;651497;9529888.409199994;0.0;651447;7921484.391200002;0.30687231051661296;3600;0.2218499100483672
Meta_262;651497;9529888.409199994;0.05555555555555555;649963;8647480.4341;0.29025758035132293;3600;0.14376444181790116
Meta_263;651497;9529888.409199994;0.1111111111111111;651497;8196452.238699997;0.2958265868685025;3600;0.19125097959427284
Meta_277;651497;1.111820314406666E7;0.3333333333333333;653224;7652008.745699999;0.3333338757417321;49;0.0
Meta_264;651497;9529888.409199994;0.16666666666666666;651689;7894972.5987;0.30928379498340025;3600;0.328597908033985
Meta_279;651497;1.111820314406666E7;0.4444444444444444;651497;7702602.826500002;0.41464033214212015;1;0.0
Meta_280;651497;1.111820314406666E7;0.5;651497;7702602.826500002;0.41464033214212015;1;0.0
Meta_278;651497;1.111820314406666E7;0.38888888888888884;653276;7721019.886600003;0.3682730268400009;21;0.0
Meta_265;651497;9529888.409199994;0.2222222222222222;651497;8399165.4959;0.30073656483485295;3600;0.4631443719680017
Meta_266;651497;9529888.409199994;0.2777777777777778;651503;7802815.103000001;0.29555610338751875;3600;1.0
Meta_271;651497;1.111820314406666E7;0.0;651695;8143703.647700003;0.3076311121641196;3600;0.22534618153908897
Meta_272;651497;1.111820314406666E7;0.05555555555555555;651243;7937921.769300001;0.3035776484474641;3600;0.19858165673388234
Meta_273;651497;1.111820314406666E7;0.1111111111111111;648990;8372555.935399999;0.29001368584548387;3600;0.1745690167190083
Meta_274;651497;1.111820314406666E7;0.16666666666666666;651492;8154963.427499998;0.30558268920480797;3600;0.30534421114681115
Meta_288;651497;1.2706517878933325E7;0.38888888888888884;651498;7638042.4491;0.3745765877101867;18;0.0
Meta_289;651497;1.2706517878933325E7;0.4444444444444444;651497;7702602.826500002;0.41464033214212015;1;0.0
Meta_290;651497;1.2706517878933325E7;0.5;651497;7702602.826500002;0.41464033214212015;1;0.0
Meta_287;651497;1.2706517878933325E7;0.3333333333333333;651618;7667532.245899999;0.3333335842707035;51;0.0
Meta_275;651497;1.111820314406666E7;0.2222222222222222;644410;8315585.315400002;0.3044771606528084;3600;0.5383399802411208
Meta_276;651497;1.111820314406666E7;0.2777777777777778;651495;7775716.3991;0.2960105282633978;3600;1.0
Meta_281;651497;1.2706517878933325E7;0.0;651523;8117870.500499998;0.30641373489610363;3600;0.22131572641200747
Meta_282;651497;1.2706517878933325E7;0.05555555555555555;651497;8246344.723199997;0.29410091123216453;3600;0.14052014028795348
Meta_283;651497;1.2706517878933325E7;0.1111111111111111;650823;8401494.358699996;0.29702928195963946;3600;0.20379086277857086
Meta_284;651497;1.2706517878933325E7;0.16666666666666666;651555;7981873.283100001;0.3081277751831666;3600;0.32146338142477626
Meta_285;651497;1.2706517878933325E7;0.2222222222222222;651690;8324048.5443;0.3044923207010716;3600;0.48539600275700007
Meta_286;651497;1.2706517878933325E7;0.2777777777777778;651497;8054942.762000001;0.2959675506645337;3600;1.0
Meta_291;651497;1.4294832613799991E7;0.0;652583;8046708.9918;0.30579420355459286;3600;0.21611261732593648
Meta_292;651497;1.4294832613799991E7;0.05555555555555555;650883;8281681.220399997;0.29256896836514346;3600;0.1523686266838318
Meta_298;651497;1.4294832613799991E7;0.38888888888888884;653850;8005022.165800001;0.36929111634283424;23;0.0
Meta_299;651497;1.4294832613799991E7;0.4444444444444444;651497;7702602.826500002;0.41464033214212015;1;0.0
Meta_300;651497;1.4294832613799991E7;0.5;651497;7702602.826500002;0.41464033214212015;1;0.0
Meta_294;651497;1.4294832613799991E7;0.16666666666666666;651497;8635795.348099997;0.30173561914904207;3600;0.2796380446581945
Meta_295;651497;1.4294832613799991E7;0.2222222222222222;644502;8358033.806500005;0.3048599327657677;3600;0.53989472942488
Meta_296;651497;1.4294832613799991E7;0.2777777777777778;651496;8054821.920600001;0.2959687035531404;3600;1.0
Meta_309;621483;0.0;0.4444444444444444;621483;4549863.037000002;0.4302933073306775;1;2.0456511681586665E-16
Meta_310;621483;0.0;0.5;621483;4549863.037000002;0.4302933073306775;1;2.0456511681586665E-16
Meta_297;651497;1.4294832613799991E7;0.3333333333333333;651598;7991375.8769;0.3425173850724487;3600;1.0
Meta_301;621483;0.0;0.0;621108;5029067.732600001;0.30515905340124394;3600;0.13563448271617357
Meta_302;621483;0.0;0.05555555555555555;621137;5010985.760500002;0.31132896719671377;3600;0.15803125953695954
Meta_303;621483;0.0;0.1111111111111111;620737;4944243.9681;0.31113876386412037;3600;0.1642265170049976
Meta_304;621483;0.0;0.16666666666666666;621594;5007307.651199999;0.3111517607167354;3600;0.18525917357977784
Meta_305;621483;0.0;0.2222222222222222;621382;5197142.861900002;0.3007013086160573;3600;0.28580947003979373
Meta_306;621483;0.0;0.2777777777777778;621894;4886961.476999998;0.32742362715399476;3600;0.3548944029057732
Meta_307;621483;0.0;0.3333333333333333;621493;4763585.694900001;0.3351043685402988;3600;0.056358100895396245
Meta_319;621483;1588314.7348666657;0.4444444444444444;621483;4549863.037000002;0.4302933073306775;1;0.0
Meta_320;621483;1588314.7348666657;0.5;621483;4549863.037000002;0.4302933073306775;2;0.0
Meta_308;621483;0.0;0.38888888888888884;621483;4589807.180500002;0.38888909573812036;3600;0.00858477018824689
Meta_311;621483;1588314.7348666657;0.0;621444;4996153.725400001;0.31207085600361284;3600;0.17724848838660204
Meta_312;621483;1588314.7348666657;0.05555555555555555;621483;5148788.655;0.2953153278195812;3600;0.12813139943912272
Meta_313;621483;1588314.7348666657;0.1111111111111111;621488;4995116.5571;0.31484118964720476;3600;0.2050478480037181
Meta_314;621483;1588314.7348666657;0.16666666666666666;621254;4983511.828;0.313420423432381;3600;0.22696834834174842
Meta_315;621483;1588314.7348666657;0.2222222222222222;621480;5297795.938599999;0.2925424822402031;3600;0.3187597558713125
Meta_316;621483;1588314.7348666657;0.2777777777777778;621483;5014282.133399999;0.3109932579253432;3600;0.37497903727192144
Meta_317;621483;1588314.7348666657;0.3333333333333333;621506;4734820.7914;0.3458378507844965;3600;0.2181221356513961
Meta_329;621483;3176629.4697333314;0.4444444444444444;621483;4549863.037000002;0.4302933073306775;2;0.0
Meta_330;621483;3176629.4697333314;0.5;621483;4549863.037000002;0.4302933073306775;1;0.0
Meta_318;621483;1588314.7348666657;0.38888888888888884;621483;4592944.367300002;0.3888884499140747;3600;0.013890053136185517
Meta_321;621483;3176629.4697333314;0.0;621333;5087890.497399998;0.2985329881550623;3600;0.15668055862364924
Meta_322;621483;3176629.4697333314;0.05555555555555555;621461;5140800.504899997;0.2959244432393486;3600;0.15348191130146888
Meta_323;621483;3176629.4697333314;0.1111111111111111;621484;5095821.2332999995;0.3047415888742309;3600;0.20506307145932182
Meta_324;621483;3176629.4697333314;0.16666666666666666;621424;4984523.738600001;0.30896222945098095;3600;0.25160041504065883
Meta_325;621483;3176629.4697333314;0.2222222222222222;621001;5182734.249500002;0.30480436507431075;3600;0.470933051649814
Meta_326;621483;3176629.4697333314;0.2777777777777778;621483;5123661.384800002;0.32206834742128543;3600;0.62363168102887
Meta_327;621483;3176629.4697333314;0.3333333333333333;621482;5035355.487200003;0.33486668294469835;3600;0.27445400855144886
Meta_339;621483;4764944.204599997;0.4444444444444444;621483;4764939.2432;0.44322685665764217;1;0.0
Meta_340;621483;4764944.204599997;0.5;621483;4764939.2432;0.44322685665764217;1;0.0
Meta_328;621483;3176629.4697333314;0.38888888888888884;621483;4584097.497700003;0.3888882274845448;3600;0.021585156875500514
Meta_331;621483;4764944.204599997;0.0;621383;5079542.7853;0.30248799618546396;3600;0.2075736099351536
Meta_338;621483;4764944.204599997;0.38888888888888884;621483;4761637.2979000015;0.38875224089511995;497;0.0
Meta_332;621483;4764944.204599997;0.05555555555555555;620457;5148289.722500004;0.2983783649590228;3600;0.20618851466038043
Meta_333;621483;4764944.204599997;0.1111111111111111;621482;5023240.117000001;0.31176859235522764;3600;0.2810092716117958
Meta_334;621483;4764944.204599997;0.16666666666666666;621484;4994198.4767999975;0.31230998363577617;3600;0.3404500116330273
Meta_335;621483;4764944.204599997;0.2222222222222222;621444;5216359.7561;0.3016369994611068;3600;0.5436866262618778
Meta_348;621483;6353258.939466663;0.38888888888888884;621483;6352591.4709;0.386341793339758;182;0.0
Meta_349;621483;6353258.939466663;0.4444444444444444;621483;6353256.318299999;0.44285577698782236;1;0.0
Meta_350;621483;6353258.939466663;0.5;621483;6353256.318299999;0.44285577698782236;1;0.0
Meta_336;621483;4764944.204599997;0.2777777777777778;621449;5136133.563299999;0.2951799983667932;3600;1.0
Meta_337;621483;4764944.204599997;0.3333333333333333;621483;4787936.914100002;0.3418153914160644;3600;1.0
Meta_341;621483;6353258.939466663;0.0;621624;6107309.501399999;0.29766039819605056;3600;0.1914025526979529
Meta_342;621483;6353258.939466663;0.05555555555555555;621480;6234374.170799997;0.29132291863295096;3600;0.1617419636776665
Meta_343;621483;6353258.939466663;0.1111111111111111;621532;6352854.7098;0.2882856106912319;3600;0.1340853589031
Meta_344;621483;6353258.939466663;0.16666666666666666;621540;6273786.875000003;0.309024616724964;3600;0.3483993656331708
Meta_347;621483;6353258.939466663;0.3333333333333333;625174;6299056.719199998;0.33333364135862503;2607;0.0
Meta_358;621483;7941573.674333328;0.38888888888888884;628438;6929328.198699998;0.38880628228767544;81;0.0
Meta_359;621483;7941573.674333328;0.4444444444444444;621483;6475866.920299999;0.4411393790919353;1;0.0
Meta_360;621483;7941573.674333328;0.5;621483;6475866.920299999;0.4411393790919353;1;0.0
Meta_345;621483;6353258.939466663;0.2222222222222222;621484;6303138.070199997;0.29730326384934086;3600;0.4894455299821132
Meta_357;621483;7941573.674333328;0.3333333333333333;621849;6376123.081600002;0.3333333656455128;1047;0.0
Meta_346;621483;6353258.939466663;0.2777777777777778;621485;6343635.194899998;0.3152460904903725;3600;1.0
Meta_351;621483;7941573.674333328;0.0;621541;6695697.337700002;0.30359631622418065;3600;0.2227126406859367
Meta_352;621483;7941573.674333328;0.05555555555555555;621483;6570631.515599997;0.2971567732968;3600;0.19549242317012236
Meta_353;621483;7941573.674333328;0.1111111111111111;621483;6955454.490700002;0.2918560740680333;3600;0.1645581917289573
Meta_367;621483;9529888.409199994;0.3333333333333333;621549;7248141.176299999;0.33324667524884016;34;0.0
Meta_368;621483;9529888.409199994;0.38888888888888884;621490;7013844.1244;0.3888891598216922;21;0.0
Meta_369;621483;9529888.409199994;0.4444444444444444;621483;6475866.920299999;0.4411393790919353;1;0.0
Meta_370;621483;9529888.409199994;0.5;621483;6475866.920299999;0.4411393790919353;1;0.0
Meta_354;621483;7941573.674333328;0.16666666666666666;625098;7225420.000700004;0.3112780720008015;3600;0.36157666271195626
Meta_355;621483;7941573.674333328;0.2222222222222222;621438;6978926.4232;0.2965154445420474;3600;0.5324700752953534
Meta_356;621483;7941573.674333328;0.2777777777777778;621496;6805489.486999999;0.2959617844593718;3600;1.0
Meta_361;621483;9529888.409199994;0.0;621988;6549591.615099996;0.29333995538727076;3609;0.16740837206028664
Meta_362;621483;9529888.409199994;0.05555555555555555;620488;6600829.890300003;0.3095568484597225;3600;0.26628850688483025
Meta_363;621483;9529888.409199994;0.1111111111111111;621565;6906348.3516999995;0.2909902305806072;3600;0.15035935808151124
Meta_364;621483;9529888.409199994;0.16666666666666666;622362;6847224.546900002;0.308715603490669;3600;0.3439432148758682
Meta_378;621483;1.111820314406666E7;0.38888888888888884;621828;6335078.153300001;0.3888513058179279;82;0.0
Meta_379;621483;1.111820314406666E7;0.4444444444444444;621483;6475866.920299999;0.4411393790919353;1;0.0
Meta_380;621483;1.111820314406666E7;0.5;621483;6475866.920299999;0.4411393790919353;1;0.0
Meta_365;621483;9529888.409199994;0.2222222222222222;621483;7061079.674099996;0.2907999155573397;3600;0.4874415284161801
Meta_366;621483;9529888.409199994;0.2777777777777778;621687;6521339.218799995;0.30931987336139843;3600;1.0
Meta_371;621483;1.111820314406666E7;0.0;621732;6518393.899200001;0.29927776607326156;3600;0.19962385434081786
Meta_372;621483;1.111820314406666E7;0.05555555555555555;623390;6718505.792700003;0.31427332436809613;3600;0.2834890723426427
Meta_373;621483;1.111820314406666E7;0.1111111111111111;621860;6948492.311400002;0.2983669810315257;3600;0.2266610154529057
Meta_374;621483;1.111820314406666E7;0.16666666666666666;621812;6772280.267100003;0.30976936990389803;3600;0.35096417793667783
Meta_375;621483;1.111820314406666E7;0.2222222222222222;621540;7172104.449399997;0.29796820678501956;3600;0.5423425921329764
Meta_388;621483;1.2706517878933325E7;0.38888888888888884;621828;6476471.617200001;0.3888287056687154;84;0.0
Meta_389;621483;1.2706517878933325E7;0.4444444444444444;621483;6475866.920299999;0.4411393790919353;1;0.0
Meta_390;621483;1.2706517878933325E7;0.5;621483;6475866.920299999;0.4411393790919353;1;0.0
Meta_376;621483;1.111820314406666E7;0.2777777777777778;621483;6764156.289099994;0.28944496422976296;3600;1.0
Meta_377;621483;1.111820314406666E7;0.3333333333333333;621934;7007756.925199999;0.35041382660415077;3600;1.0
Meta_381;621483;1.2706517878933325E7;0.0;621599;7000473.358500003;0.3035558779919001;3600;0.22250574094969025
Meta_387;621483;1.2706517878933325E7;0.3333333333333333;621567;6437157.310000001;0.3333248981421885;1790;0.0
Meta_382;621483;1.2706517878933325E7;0.05555555555555555;621518;6731672.873200004;0.29496371104695157;3600;0.18304290772094112
Meta_383;621483;1.2706517878933325E7;0.1111111111111111;621566;6851969.261100003;0.2877033638573651;3600;0.15803627187516067
Meta_384;621483;1.2706517878933325E7;0.16666666666666666;622743;7117561.682600003;0.30924856941883266;3600;0.348765680382517
Meta_398;621483;1.4294832613799991E7;0.38888888888888884;625845;6478936.241799998;0.38777788746388997;91;0.0
Meta_399;621483;1.4294832613799991E7;0.4444444444444444;621483;6475866.920299999;0.4411393790919353;1;0.0
Meta_400;621483;1.4294832613799991E7;0.5;621483;6475866.920299999;0.4411393790919353;1;0.0
Meta_385;621483;1.2706517878933325E7;0.2222222222222222;621500;6909662.475100001;0.29306264502002766;3600;0.505992183927181
Meta_386;621483;1.2706517878933325E7;0.2777777777777778;621484;6765860.8429;0.294831673071699;3600;1.0
Meta_391;621483;1.4294832613799991E7;0.0;620859;6891663.5757;0.3180928473465814;3600;0.29500075455522196
Meta_392;621483;1.4294832613799991E7;0.05555555555555555;621485;6779067.423399999;0.2904343460176914;3600;0.15638814771026902
Meta_397;621483;1.4294832613799991E7;0.3333333333333333;621815;6132951.653200001;0.3333328264719608;2469;0.0
Meta_393;621483;1.4294832613799991E7;0.1111111111111111;621483;6894625.792199999;0.29117052987683234;3600;0.18136568250553936
Meta_394;621483;1.4294832613799991E7;0.16666666666666666;621822;6959636.238099999;0.3131818903860022;3600;0.3760718747136843
Meta_395;621483;1.4294832613799991E7;0.2222222222222222;621490;6917928.553399999;0.2967060358706828;3600;0.5334554423859108
Meta_396;621483;1.4294832613799991E7;0.2777777777777778;621484;6765860.8429;0.294831673071699;3600;1.0
Meta_410;591469;0.0;0.5;591469;3273490.585000001;0.4574442526520609;1;0.0
Meta_401;591469;0.0;0.0;591461;3929799.044400001;0.30139485960933854;3600;0.14216657688575754
Meta_402;591469;0.0;0.05555555555555555;592114;4038101.496500001;0.2899810647266638;3600;0.11004035512354624
Meta_403;591469;0.0;0.1111111111111111;591440;3893178.8476999984;0.3039017762763708;3600;0.16308963030301876
Meta_404;591469;0.0;0.16666666666666666;591407;3876317.125799998;0.30867907294255814;3600;0.2047421164337861
Meta_405;591469;0.0;0.2222222222222222;591468;4005339.403400001;0.2888521171964754;3600;0.2738308006990268
Meta_406;591469;0.0;0.2777777777777778;591469;3951731.0858999994;0.2963917662696616;3600;0.24990060518041296
Meta_407;591469;0.0;0.3333333333333333;590897;3584838.6249999986;0.33570762637216767;3600;0.08688980012717536
Meta_408;591469;0.0;0.38888888888888884;591469;3356893.3435;0.38888896681183255;3600;0.005140746891874207
Meta_409;591469;0.0;0.4444444444444444;591469;3276266.211;0.44444435545083205;3600;9.686175591908616E-5
Meta_420;591469;1588314.7348666657;0.5;591469;3273490.585000001;0.4574442526520609;1;0.0
Meta_411;591469;1588314.7348666657;0.0;591625;3930788.2646;0.29979580648562526;3600;0.158820369668011
Meta_412;591469;1588314.7348666657;0.05555555555555555;591470;3923458.6166999973;0.301706864067603;3600;0.17064062657338355
Meta_413;591469;1588314.7348666657;0.1111111111111111;591466;3915255.6353;0.30125407384735936;3600;0.18249939639918497
Meta_414;591469;1588314.7348666657;0.16666666666666666;591470;3938739.149000001;0.2984664811030519;3600;0.20114639202279705
Meta_415;591469;1588314.7348666657;0.2222222222222222;591469;3981879.4055;0.29304097643101534;3600;0.38275773641278904
Meta_416;591469;1588314.7348666657;0.2777777777777778;591469;3916107.7259;0.3019836063227085;3600;0.41505955130145084
Meta_417;591469;1588314.7348666657;0.3333333333333333;591460;3653235.9617999992;0.3353496762956728;3600;0.15868991029748833
Meta_418;591469;1588314.7348666657;0.38888888888888884;591469;3358192.4114;0.38888941177680886;3600;0.026529495212195782
Meta_419;591469;1588314.7348666657;0.4444444444444444;591469;3276287.365000001;0.4444439188275428;3600;2.607120423418874E-4
Meta_430;591469;3176629.4697333314;0.5;591469;3273490.585000001;0.4574442526520609;1;0.0
Meta_421;591469;3176629.4697333314;0.0;591469;3913041.7341000005;0.3011602606038701;3600;0.19514663591630382
Meta_422;591469;3176629.4697333314;0.05555555555555555;591428;3919492.0350000006;0.3016217297069426;3600;0.20455424133440325
Meta_423;591469;3176629.4697333314;0.1111111111111111;591469;3914389.6258;0.3038182053875731;3600;0.2368682490011876
Meta_424;591469;3176629.4697333314;0.16666666666666666;591455;3958212.2249999987;0.29614006064053155;3600;0.24492996291355443
Meta_425;591469;3176629.4697333314;0.2222222222222222;591459;3938275.1344000013;0.29727396774252784;3600;0.5621407457479619
Meta_426;591469;3176629.4697333314;0.2777777777777778;591593;3928685.025399999;0.29800994644165324;3600;0.7410591006643756
Meta_437;591469;4764944.204599997;0.3333333333333333;591705;4758689.4171;0.3333208076726287;334;0.0
Meta_438;591469;4764944.204599997;0.38888888888888884;591804;4693239.656600001;0.3888891029521452;13;0.0
Meta_439;591469;4764944.204599997;0.4444444444444444;591469;4468349.932200002;0.4444427139749742;11;0.0
Meta_440;591469;4764944.204599997;0.5;591469;4764932.2178;0.4569324046054898;1;0.0
Meta_427;591469;3176629.4697333314;0.3333333333333333;591469;3581737.1059000017;0.3333401808426635;3600;0.4029870602965917
Meta_428;591469;3176629.4697333314;0.38888888888888884;591469;3359391.4122000015;0.3888900077271557;3600;0.1364926393666578
Meta_429;591469;3176629.4697333314;0.4444444444444444;591469;3276272.246400001;0.4444454081414795;3600;0.0034520953880208057
Meta_431;591469;4764944.204599997;0.0;591469;4747741.065400001;0.31383234218986383;3600;0.2725903023672728
Meta_432;591469;4764944.204599997;0.05555555555555555;591749;4748752.198899999;0.2898407772123561;3600;0.1527973948963044
Meta_433;591469;4764944.204599997;0.1111111111111111;605185;4764989.826799997;0.29283501706380044;3600;0.1746862084070795
Meta_447;591469;6353258.939466663;0.3333333333333333;605414;6070663.332999995;0.3333338099962983;225;0.0
Meta_448;591469;6353258.939466663;0.38888888888888884;591481;5342259.0049;0.38888938547448365;19;0.0
Meta_449;591469;6353258.939466663;0.4444444444444444;591469;5373782.335;0.44401710366787417;10;0.0
Meta_450;591469;6353258.939466663;0.5;591469;5271827.201000001;0.46769616235266787;1;0.0
Meta_434;591469;4764944.204599997;0.16666666666666666;600081;4764160.5108;0.2928429118308058;3600;0.22124118317651445
Meta_435;591469;4764944.204599997;0.2222222222222222;592641;4703152.335500002;0.31123797474615705;3600;0.48163739111802456
Meta_436;591469;4764944.204599997;0.2777777777777778;596425;4763797.2438;0.31046191568775827;3600;1.0
Meta_441;591469;6353258.939466663;0.0;593372;5197706.953;0.2970794382129804;3600;0.1882365177945337
Meta_442;591469;6353258.939466663;0.05555555555555555;593473;5142857.197399997;0.29773204198346165;3600;0.19871005549962137
Meta_443;591469;6353258.939466663;0.1111111111111111;616030;6290180.836700003;0.296156638997963;3600;0.19945260817424412
Meta_444;591469;6353258.939466663;0.16666666666666666;611602;5996036.567399996;0.29165662206550796;3600;0.210306815231862
Meta_458;591469;7941573.674333328;0.38888888888888884;614345;6346792.688899999;0.38888935368454414;52;0.0
Meta_459;591469;7941573.674333328;0.4444444444444444;591884;5613676.459399999;0.4444444816933801;13;0.0
Meta_460;591469;7941573.674333328;0.5;591469;5271827.201000001;0.46769616235266787;1;0.0
Meta_445;591469;6353258.939466663;0.2222222222222222;591541;5277197.8247;0.29173299408998044;3600;0.5088585859493531
Meta_446;591469;6353258.939466663;0.2777777777777778;592554;5144884.729100003;0.28815831163556765;3600;1.0
Meta_451;591469;7941573.674333328;0.0;614697;6707903.1875;0.3223819198342027;3600;0.3105342636887009
Meta_452;591469;7941573.674333328;0.05555555555555555;618516;6689716.523000002;0.3228364378277983;3600;0.3221188413052292
Meta_457;591469;7941573.674333328;0.3333333333333333;591633;5388647.062099998;0.3333337571229056;1589;0.0
Meta_453;591469;7941573.674333328;0.1111111111111111;622001;7012459.441500001;0.3127094172516445;3600;0.30285659332001785
Meta_454;591469;7941573.674333328;0.16666666666666666;600817;5983672.228600004;0.30869619505649054;3600;0.34620230964544874
Meta_468;591469;9529888.409199994;0.38888888888888884;618308;6475625.433699999;0.38582114413743435;79;0.0
Meta_469;591469;9529888.409199994;0.4444444444444444;595987;5567851.2629;0.4444447813688804;9;0.0
Meta_470;591469;9529888.409199994;0.5;591469;5271827.201000001;0.46769616235266787;1;0.0
Meta_467;591469;9529888.409199994;0.3333333333333333;610783;6024238.699799996;0.33327081441654344;644;0.0
Meta_455;591469;7941573.674333328;0.2222222222222222;592989;5609836.890099999;0.29298485510854505;3600;0.5191057694299223
Meta_456;591469;7941573.674333328;0.2777777777777778;591873;5780107.354200003;0.29401300493952576;3600;1.0
Meta_461;591469;9529888.409199994;0.0;591518;5944627.115600002;0.29601450328659035;3600;0.18228569053113747
Meta_462;591469;9529888.409199994;0.05555555555555555;592646;5530266.409699998;0.3098960708182158;3600;0.2624279482848393
Meta_463;591469;9529888.409199994;0.1111111111111111;613124;6464043.403499998;0.2908598674274899;3600;0.159356605363295
Meta_464;591469;9529888.409199994;0.16666666666666666;626285;7364927.397800002;0.2917750659310822;3600;0.21134880355534869
Meta_478;591469;1.111820314406666E7;0.38888888888888884;600164;5415254.6431;0.3857716696547704;34;0.0
Meta_479;591469;1.111820314406666E7;0.4444444444444444;595987;5567851.2629;0.4444447813688804;9;0.0
Meta_480;591469;1.111820314406666E7;0.5;591469;5271827.201000001;0.46769616235266787;0;0.0
Meta_465;591469;9529888.409199994;0.2222222222222222;597966;5601800.280899998;0.294451280372602;3619;0.5312577332630306
Meta_466;591469;9529888.409199994;0.2777777777777778;613105;6678761.755700001;0.29874371599571264;3600;1.0
Meta_471;591469;1.111820314406666E7;0.0;592104;5662000.051099999;0.31691801257920166;3600;0.28668618501798876
Meta_472;591469;1.111820314406666E7;0.05555555555555555;604738;6178009.975899997;0.31057207210113635;3600;0.2657413206669071
Meta_477;591469;1.111820314406666E7;0.3333333333333333;599266;5767841.6329999985;0.33333371330893635;3029;0.0
Meta_473;591469;1.111820314406666E7;0.1111111111111111;611255;6708189.918699999;0.2917096820746303;3600;0.16609840105994542
Meta_474;591469;1.111820314406666E7;0.16666666666666666;604412;6128343.516100001;0.3111350438500751;3600;0.36024982201435807
Meta_488;591469;1.2706517878933325E7;0.38888888888888884;593895;5184740.139000001;0.3802131477760025;110;0.0
Meta_489;591469;1.2706517878933325E7;0.4444444444444444;595987;5567851.2629;0.4444447813688804;8;0.0
Meta_490;591469;1.2706517878933325E7;0.5;591469;5271827.201000001;0.46769616235266787;1;0.0
Meta_475;591469;1.111820314406666E7;0.2222222222222222;603521;6053558.781399998;0.2949285422599852;3600;0.5347644186142337
Meta_476;591469;1.111820314406666E7;0.2777777777777778;591469;5528691.9076;0.2957272874193022;3600;1.0
Meta_481;591469;1.2706517878933325E7;0.0;591469;5368749.488900001;0.30371520806857927;3600;0.22256519775455472
Meta_487;591469;1.2706517878933325E7;0.3333333333333333;591469;5986112.694199998;0.3333269616272525;1087;0.0
Meta_482;591469;1.2706517878933325E7;0.05555555555555555;592855;6011983.924699999;0.31548995198930274;3600;0.2891810985652583
Meta_483;591469;1.2706517878933325E7;0.1111111111111111;597405;5975352.807700002;0.30838067068362296;3600;0.27864608658200063
Meta_484;591469;1.2706517878933325E7;0.16666666666666666;603096;6042996.131600003;0.31103207426416246;3600;0.3596558015769991
Meta_497;591469;1.4294832613799991E7;0.3333333333333333;615097;6408845.1215;0.3333345725461215;724;0.0
Meta_499;591469;1.4294832613799991E7;0.4444444444444444;595987;5567851.2629;0.4444447813688804;9;0.0
Meta_500;591469;1.4294832613799991E7;0.5;591469;5271827.201000001;0.46769616235266787;1;0.0
Meta_498;591469;1.4294832613799991E7;0.38888888888888884;593895;5184740.139000001;0.3802131477760025;107;0.0
Meta_485;591469;1.2706517878933325E7;0.2222222222222222;598229;5620547.567699999;0.29718648581799734;3600;0.5507388125104384
Meta_486;591469;1.2706517878933325E7;0.2777777777777778;636078;7067637.184799999;0.3005899553947945;3600;1.0
Meta_491;591469;1.4294832613799991E7;0.0;609131;6728814.9379;0.32003705048898695;3600;0.2998415290944794
Meta_492;591469;1.4294832613799991E7;0.05555555555555555;596911;5821835.360599997;0.31206305932475814;3600;0.2729699016102505
Meta_493;591469;1.4294832613799991E7;0.1111111111111111;595037;5548610.910199998;0.3083470114749322;3600;0.27817765376786646
Meta_494;591469;1.4294832613799991E7;0.16666666666666666;608940;6094392.117400003;0.3113815161619066;3600;0.36166872353184115
Meta_495;591469;1.4294832613799991E7;0.2222222222222222;602019;5626266.224899997;0.29436091332454706;3600;0.5305884460547158
Meta_496;591469;1.4294832613799991E7;0.2777777777777778;610664;6646151.865400001;0.28971288048723287;3600;1.0
Meta_510;561455;0.0;0.5;561455;2255688.0097999997;0.4844777043186796;1;0.0
Meta_501;561455;0.0;0.0;562028;3230697.3932000003;0.28855138936654634;3600;0.09190033324255928
Meta_502;561455;0.0;0.05555555555555555;561671;3285542.8036000007;0.2820856682752952;3600;0.0709738493439805
Meta_503;561455;0.0;0.1111111111111111;561961;3221795.585799999;0.29040570782335257;3600;0.10987490240960222
Meta_504;561455;0.0;0.16666666666666666;562005;3201543.6105999993;0.2926375816060337;3600;0.13685607770099187
Meta_505;561455;0.0;0.2222222222222222;561709;3185027.5047999993;0.2929093823109458;3600;0.17887358464145156
Meta_506;561455;0.0;0.2777777777777778;561415;3029382.0935;0.3002573708419806;3600;0.2992783091229414
Meta_507;561455;0.0;0.3333333333333333;561180;2681308.7224000003;0.34127682762846656;3600;0.19740871813487726
Meta_508;561455;0.0;0.38888888888888884;561407;2416939.607099999;0.3888934467961405;3600;0.024397907761115646
Meta_509;561455;0.0;0.4444444444444444;561455;2284481.4277999997;0.4443196972604962;3600;0.0036689017836106655
Meta_520;561455;1588314.7348666657;0.5;561455;2255688.0097999997;0.4844777043186796;1;0.0
Meta_511;561455;1588314.7348666657;0.0;561738;3199462.730700002;0.2910154682602217;3600;0.11805803173861015
Meta_512;561455;1588314.7348666657;0.05555555555555555;563534;3310495.285499999;0.2873607750151845;3600;0.11515406736741189
Meta_513;561455;1588314.7348666657;0.1111111111111111;562085;3200154.8856000006;0.2974423501531071;3600;0.1682202534030303
Meta_514;561455;1588314.7348666657;0.16666666666666666;562608;3167183.8653;0.29513306649248605;3600;0.1824000166999818
Meta_515;561455;1588314.7348666657;0.2222222222222222;562374;3222672.2994999993;0.29127678815352487;3600;0.2348893152214463
Meta_516;561455;1588314.7348666657;0.2777777777777778;561540;3031903.4155999995;0.2983991812488871;3600;0.4710643676600643
Meta_517;561455;1588314.7348666657;0.3333333333333333;561444;2693824.7058;0.3333350569207876;3600;0.16482888326810288
Meta_528;561455;3176629.4697333314;0.38888888888888884;565564;3174337.4454;0.38859890559787946;112;0.0
Meta_529;561455;3176629.4697333314;0.4444444444444444;561455;3175862.3333999985;0.4444445134863391;22;0.0
Meta_530;561455;3176629.4697333314;0.5;561455;3173673.158399999;0.4801377069386471;1;0.0
Meta_518;561455;1588314.7348666657;0.38888888888888884;561470;2431354.4449000005;0.39121150669519683;3600;0.21912646394057053
Meta_519;561455;1588314.7348666657;0.4444444444444444;561455;2282896.6626999998;0.4444460875691733;3600;0.008901674260356065
Meta_521;561455;3176629.4697333314;0.0;561475;3265279.9873999977;0.29277234737540847;3600;0.16139357820176786
Meta_522;561455;3176629.4697333314;0.05555555555555555;562352;3355878.7185;0.2860960744881846;3600;0.13913162561948908
Meta_523;561455;3176629.4697333314;0.1111111111111111;561478;3244075.604099999;0.2942924944568192;3600;0.19413868551752775
Meta_524;561455;3176629.4697333314;0.16666666666666666;561770;3172857.7947999984;0.30209339092260973;3600;0.28901514214143575
Meta_525;561455;3176629.4697333314;0.2222222222222222;561455;3261068.1546999984;0.29788804971784355;3600;0.423902332729311
Meta_538;561455;4764944.204599997;0.38888888888888884;578263;4685762.664100001;0.38848487018875705;310;0.0
Meta_539;561455;4764944.204599997;0.4444444444444444;562733;3633298.3693999993;0.4444444969201428;14;0.0
Meta_540;561455;4764944.204599997;0.5;561455;3821876.9785;0.4800603871008931;1;0.0
Meta_526;561455;3176629.4697333314;0.2777777777777778;561800;3188026.7098999987;0.30257369262709644;3600;1.0
Meta_527;561455;3176629.4697333314;0.3333333333333333;561074;3204707.0828000023;0.3334008750567605;3600;1.0
Meta_531;561455;4764944.204599997;0.0;585845;4662439.4874;0.31753851836113145;3600;0.2894712476909601
Meta_532;561455;4764944.204599997;0.05555555555555555;590294;4761206.056;0.2866363833640746;3624;0.13300547500510457
Meta_533;561455;4764944.204599997;0.1111111111111111;595631;4756011.767600003;0.30466412611008253;3600;0.25762879129066457
Meta_534;561455;4764944.204599997;0.16666666666666666;595902;4751275.125999995;0.3082078060320429;3600;0.34147666971223994
Meta_547;561455;6353258.939466663;0.3333333333333333;607135;6265900.6293;0.33317867277968133;390;0.0
Meta_548;561455;6353258.939466663;0.38888888888888884;600145;5610158.227900003;0.38888984949529287;11;0.0
Meta_549;561455;6353258.939466663;0.4444444444444444;569332;4256208.900400001;0.4444445099810424;11;0.0
Meta_550;561455;6353258.939466663;0.5;561455;3821876.9785;0.4800603871008931;1;0.0
Meta_535;561455;4764944.204599997;0.2222222222222222;604375;4749369.508100001;0.293169319716104;3600;0.3478882317067757
Meta_536;561455;4764944.204599997;0.2777777777777778;604234;4764923.917799997;0.2937240156747669;3600;1.0
Meta_537;561455;4764944.204599997;0.3333333333333333;582270;4749580.384799998;0.3402857595542654;3600;1.0
Meta_541;561455;6353258.939466663;0.0;581796;5192106.132000002;0.3085051268269434;3600;0.24725171066762933
Meta_542;561455;6353258.939466663;0.05555555555555555;561927;3979242.1196999988;0.3180046679822484;3600;0.300731181625963
Meta_543;561455;6353258.939466663;0.1111111111111111;597654;5562698.543200005;0.30430734475608123;3600;0.2542303070645572
Meta_544;561455;6353258.939466663;0.16666666666666666;600008;5863872.431100001;0.3063284514400054;3600;0.3296050083010309
Meta_558;561455;7941573.674333328;0.38888888888888884;580226;4743487.447200001;0.38888899358161283;15;0.0
Meta_557;561455;7941573.674333328;0.3333333333333333;614513;6617375.296300001;0.3333336619521055;176;0.0
Meta_560;561455;7941573.674333328;0.5;561455;3821876.9785;0.4800603871008931;1;0.0
Meta_559;561455;7941573.674333328;0.4444444444444444;562332;4248876.6239;0.444445280452787;10;0.0
Meta_545;561455;6353258.939466663;0.2222222222222222;612377;5935330.426600001;0.2932819865921444;3600;0.34913421326362126
Meta_546;561455;6353258.939466663;0.2777777777777778;611934;6352383.140299998;0.29327603527359586;3600;1.0
Meta_551;561455;7941573.674333328;0.0;595037;5265569.334;0.29099869856246124;3600;0.15395688892811457
Meta_552;561455;7941573.674333328;0.05555555555555555;585368;5260914.562499999;0.31391242123814916;3600;0.2817871807579745
Meta_553;561455;7941573.674333328;0.1111111111111111;596541;5804165.796599999;0.3162675543675872;3600;0.3237022476686935
Meta_554;561455;7941573.674333328;0.16666666666666666;622421;6977119.7647;0.308418688446098;3600;0.34344427304032954
Meta_568;561455;9529888.409199994;0.38888888888888884;562186;4093819.2049000016;0.38888940299725255;23;0.0
Meta_569;561455;9529888.409199994;0.4444444444444444;564938;4287608.1296;0.44438757646114546;11;0.0
Meta_570;561455;9529888.409199994;0.5;561455;3821876.9785;0.4800603871008931;1;0.0
Meta_555;561455;7941573.674333328;0.2222222222222222;607612;5577095.364899998;0.30261792618916894;3600;0.4472909404142087
Meta_556;561455;7941573.674333328;0.2777777777777778;629948;6888100.347000002;0.29103963692515483;3600;1.0
Meta_561;561455;9529888.409199994;0.0;599967;5756992.595299999;0.3225808476393017;3600;0.31143112980654164
Meta_562;561455;9529888.409199994;0.05555555555555555;572513;4701991.908900001;0.3087283636283502;3600;0.2564518563859856
Meta_563;561455;9529888.409199994;0.1111111111111111;561545;4108556.7468999983;0.31241184256634263;3600;0.3044735651516095
Meta_564;561455;9529888.409199994;0.16666666666666666;611531;6546744.1029;0.31297362196415507;3600;0.3710999340765917
Meta_577;561455;1.111820314406666E7;0.3333333333333333;595718;5759219.878900001;0.33333252180486644;388;0.0
Meta_578;561455;1.111820314406666E7;0.38888888888888884;562186;4093819.2049000016;0.38888940299725255;23;0.0
Meta_579;561455;1.111820314406666E7;0.4444444444444444;576751;4811425.697999999;0.444434746385518;11;0.0
Meta_580;561455;1.111820314406666E7;0.5;561455;3821876.9785;0.4800603871008931;1;0.0
Meta_565;561455;9529888.409199994;0.2222222222222222;623845;7045932.374200002;0.2929724612320502;3600;0.34591005923211515
Meta_566;561455;9529888.409199994;0.2777777777777778;610009;6247843.556499997;0.3103706912069721;3600;1.0
Meta_567;561455;9529888.409199994;0.3333333333333333;604880;6037087.452999999;0.33333364573913804;3544;0.0
Meta_571;561455;1.111820314406666E7;0.0;590128;5743334.0185;0.3002834764278651;3600;0.20546744023716484
Meta_572;561455;1.111820314406666E7;0.05555555555555555;612545;6511059.3565;0.29661611718862396;3600;0.19244980613186605
Meta_573;561455;1.111820314406666E7;0.1111111111111111;602952;6137887.586700002;0.30693792291936384;3600;0.26982618828093463
Meta_574;561455;1.111820314406666E7;0.16666666666666666;618992;7009923.647200004;0.2918012055412976;3600;0.21157089148720576
Meta_587;561455;1.2706517878933325E7;0.3333333333333333;598778;5837356.8861;0.3333343906202651;479;0.0
Meta_576;561455;1.111820314406666E7;0.2777777777777778;617159;6601415.1202;0.29199663264650755;3600;1.0
Meta_575;561455;1.111820314406666E7;0.2222222222222222;621302;7239535.882500003;0.2910372298959929;3600;0.3203610924009186
Meta_590;561455;1.2706517878933325E7;0.5;561455;3821876.9785;0.4800603871008931;1;0.0
Meta_589;561455;1.2706517878933325E7;0.4444444444444444;561668;4314563.375100001;0.44437278205151637;12;0.0
Meta_588;561455;1.2706517878933325E7;0.38888888888888884;562186;4093819.2049000016;0.38888940299725255;22;0.0
Meta_581;561455;1.2706517878933325E7;0.0;598339;5454166.963700002;0.2891221962480992;3600;0.14293891628181765
Meta_582;561455;1.2706517878933325E7;0.05555555555555555;591841;5385207.424500001;0.29831809659797565;3600;0.20196827354484484
Meta_583;561455;1.2706517878933325E7;0.1111111111111111;604556;5955647.8782;0.3296016739477028;3600;0.3841886667111811
Meta_597;561455;1.4294832613799991E7;0.3333333333333333;587231;5731967.166200001;0.33333267371137476;28;0.0
Meta_598;561455;1.4294832613799991E7;0.38888888888888884;562186;4093819.2049000016;0.38888940299725255;21;0.0
Meta_599;561455;1.4294832613799991E7;0.4444444444444444;561668;4314563.375100001;0.44437278205151637;13;0.0
Meta_600;561455;1.4294832613799991E7;0.5;561455;3821876.9785;0.4800603871008931;1;0.0
Meta_584;561455;1.2706517878933325E7;0.16666666666666666;599868;5792093.584400002;0.3055234170998015;3600;0.32289058941945004
Meta_585;561455;1.2706517878933325E7;0.2222222222222222;603110;5593161.5534;0.3099051414462686;3600;0.5054390850420745
Meta_586;561455;1.2706517878933325E7;0.2777777777777778;623960;6818195.5819999995;0.29364697575570875;3600;1.0
Meta_591;561455;1.4294832613799991E7;0.0;597342;5928433.103299999;0.2856196959854024;3600;0.12179001581354255
Meta_592;561455;1.4294832613799991E7;0.05555555555555555;605665;6469703.382099999;0.2866012002799284;3600;0.13278408914206208
Meta_593;561455;1.4294832613799991E7;0.1111111111111111;598389;6233907.215399998;0.2900128279113247;3600;0.1736898403192207
Meta_594;561455;1.4294832613799991E7;0.16666666666666666;596106;5658458.647000004;0.30646636458403204;3600;0.3300981499757187
Meta_595;561455;1.4294832613799991E7;0.2222222222222222;602913;5584985.294299998;0.3098298972437145;3600;0.5049443159592405
Meta_596;561455;1.4294832613799991E7;0.2777777777777778;619708;6737231.104100003;0.29185769457039634;3600;1.0
Meta_610;531441;0.0;0.5;531441;1486158.3504999997;0.4910589522333104;1;0.0
Meta_601;531441;0.0;0.0;533107;2327736.5989999995;0.3065820365764426;3600;0.13418327011746528
Meta_602;531441;0.0;0.05555555555555555;532062;2301547.2803;0.30605920876034426;3600;0.13297564169213674
Meta_603;531441;0.0;0.1111111111111111;531435;2391675.8389000003;0.2961017284372919;3600;0.10437736162955778
Meta_604;531441;0.0;0.16666666666666666;531441;2324856.0562;0.3010696172134903;3600;0.14286226119104276
Meta_605;531441;0.0;0.2222222222222222;532438;2392473.2524999985;0.2975233472633727;3600;0.17347049493142028
Meta_606;531441;0.0;0.2777777777777778;531616;2172789.541;0.31645038587911173;3600;0.5317481704958036
Meta_607;531441;0.0;0.3333333333333333;531513;1923948.3251999998;0.3376202995851912;3600;0.2276045722699774
Meta_608;531441;0.0;0.38888888888888884;531710;1696339.5771000006;0.39038998396791164;3600;0.12577419505333723
Meta_619;531441;1588314.7348666657;0.4444444444444444;531475;1578634.665;0.4444450708398195;95;0.0
Meta_620;531441;1588314.7348666657;0.5;531441;1588312.7406;0.49339715146221774;1;0.0
Meta_609;531441;0.0;0.4444444444444444;531441;1518045.5815999995;0.44444485541399703;3600;0.0065202225918022175
Meta_611;531441;1588314.7348666657;0.0;531461;2326645.503499998;0.3048437559885932;3600;0.15112905643661334
Meta_612;531441;1588314.7348666657;0.05555555555555555;533949;2410136.4601000003;0.2964600631009905;3600;0.12011015058722577
Meta_613;531441;1588314.7348666657;0.1111111111111111;531644;2323503.931999998;0.30076087216584574;3600;0.14796107703134626
Meta_614;531441;1588314.7348666657;0.16666666666666666;531714;2337661.1727;0.30054347128236375;3600;0.18026360743372088
Meta_615;531441;1588314.7348666657;0.2222222222222222;531470;2314028.8392000003;0.3100828175560962;3600;0.585781380919772
Meta_616;531441;1588314.7348666657;0.2777777777777778;531445;2172459.9789999994;0.3173911870854605;3600;0.8806325609658157
Meta_617;531441;1588314.7348666657;0.3333333333333333;531431;1950732.8180000007;0.34234532523495315;3600;0.9095922495940784
Meta_618;531441;1588314.7348666657;0.38888888888888884;531444;1751970.3175999995;0.38909774138653647;3600;1.0
Meta_630;531441;3176629.4697333314;0.5;531441;2545935.8333;0.4918468720974434;1;0.0
Meta_629;531441;3176629.4697333314;0.4444444444444444;531527;2458376.3138;0.4443765542396367;12;0.0
Meta_621;531441;3176629.4697333314;0.0;559549;3263577.444999999;0.29137318604571144;3600;0.15395466506422606
Meta_627;531441;3176629.4697333314;0.3333333333333333;538043;3049582.6073;0.3333165483035808;1012;0.0
Meta_628;531441;3176629.4697333314;0.38888888888888884;535388;3176607.5075000003;0.3865760648863331;576;0.0
Meta_622;531441;3176629.4697333314;0.05555555555555555;560854;3279056.2312;0.29040098189774277;3600;0.15547718191236484
Meta_623;531441;3176629.4697333314;0.1111111111111111;559161;3200324.8690999993;0.2971135724746746;3600;0.2070784603914543
Meta_624;531441;3176629.4697333314;0.16666666666666666;560595;3290027.4410000015;0.29179704567769715;3600;0.23507650898122798
Meta_625;531441;3176629.4697333314;0.2222222222222222;559641;3180441.6787000024;0.30051987060419283;3600;0.49985457477687273
Meta_639;531441;4764944.204599997;0.4444444444444444;532043;2678416.5544000003;0.4444302717935602;12;0.0
Meta_640;531441;4764944.204599997;0.5;531441;2545935.8333;0.4918468720974434;1;0.0
Meta_626;531441;3176629.4697333314;0.2777777777777778;554685;3176977.0745999995;0.2960277401697474;3600;1.0
Meta_637;531441;4764944.204599997;0.3333333333333333;562264;4352110.119599998;0.33333340638493086;1268;0.0
Meta_638;531441;4764944.204599997;0.38888888888888884;583701;4653783.741499999;0.3888322435767243;1564;0.0
Meta_631;531441;4764944.204599997;0.0;604784;4748853.2305;0.31841553691867075;3600;0.2933799091960505
Meta_632;531441;4764944.204599997;0.05555555555555555;590852;4755698.117099999;0.3154122179139134;3600;0.2888194702845419
Meta_633;531441;4764944.204599997;0.1111111111111111;553506;3695342.1873999992;0.30900910181397945;3600;0.2867841149594852
Meta_647;531441;6353258.939466663;0.3333333333333333;580151;5130395.074600003;0.3333333899614507;24;0.0
Meta_648;531441;6353258.939466663;0.38888888888888884;561898;4091234.7252000016;0.3888887748804583;13;0.0
Meta_649;531441;6353258.939466663;0.4444444444444444;531462;2698844.2893;0.4444390360675222;10;0.0
Meta_650;531441;6353258.939466663;0.5;531441;2545935.8333;0.4918468720974434;1;0.0
Meta_634;531441;4764944.204599997;0.16666666666666666;604487;4750726.800099998;0.29414916599696744;3600;0.23307867260406068
Meta_635;531441;4764944.204599997;0.2222222222222222;596310;4764893.822499998;0.29706880168479605;3600;0.4421339131739074
Meta_636;531441;4764944.204599997;0.2777777777777778;572913;4642438.098700001;0.3000735265648199;3600;1.0
Meta_641;531441;6353258.939466663;0.0;587204;5535904.087800001;0.32547290756589375;3600;0.32369157834017326
Meta_642;531441;6353258.939466663;0.05555555555555555;610596;6196498.1239;0.28617270981631115;3600;0.1300833542218533
Meta_643;531441;6353258.939466663;0.1111111111111111;608393;5751720.772600004;0.2845006159781294;3600;0.1355418391419104
Meta_657;531441;7941573.674333328;0.3333333333333333;598764;5571595.929100002;0.33333397655414093;506;0.0
Meta_644;531441;6353258.939466663;0.16666666666666666;617372;6090857.281699998;0.2937075388599222;3600;0.2291528214497879
Meta_659;531441;7941573.674333328;0.4444444444444444;531462;2698844.2893;0.4444390360675222;11;0.0
Meta_660;531441;7941573.674333328;0.5;531441;2545935.8333;0.4918468720974434;1;0.0
Meta_658;531441;7941573.674333328;0.38888888888888884;581403;4847297.038999998;0.3888857197955986;212;0.0
Meta_645;531441;6353258.939466663;0.2222222222222222;595339;5393000.926299999;0.3046887640310984;3600;0.5360460743380581
Meta_646;531441;6353258.939466663;0.2777777777777778;594991;5083819.328899996;0.29961788499435804;3600;1.0
Meta_651;531441;7941573.674333328;0.0;592186;5322181.004999999;0.3148044228847549;3600;0.2770757326642728
Meta_652;531441;7941573.674333328;0.05555555555555555;595686;5682432.1989;0.2941791302368268;3600;0.17851794528749731
Meta_653;531441;7941573.674333328;0.1111111111111111;618433;6874542.362800001;0.2927792036549784;3600;0.17425078741433853
Meta_654;531441;7941573.674333328;0.16666666666666666;598742;5734085.198699998;0.3067022728424363;3600;0.33091858377964495
Meta_667;531441;9529888.409199994;0.3333333333333333;594381;5738370.5169;0.3333338486396562;430;0.0
Meta_668;531441;9529888.409199994;0.38888888888888884;570433;4534352.2911;0.3845382519838918;101;0.0
Meta_669;531441;9529888.409199994;0.4444444444444444;531462;2698844.2893;0.4444390360675222;11;0.0
Meta_670;531441;9529888.409199994;0.5;531441;2545935.8333;0.4918468720974434;1;0.0
Meta_655;531441;7941573.674333328;0.2222222222222222;609909;6431749.317999998;0.2946662705801152;3600;0.4146055894951933
Meta_656;531441;7941573.674333328;0.2777777777777778;596881;5729381.929600003;0.29341819966942634;3600;1.0
Meta_661;531441;9529888.409199994;0.0;577633;5023552.714800004;0.30571642582742475;3600;0.23345626998012495
Meta_662;531441;9529888.409199994;0.05555555555555555;618767;6332145.737199998;0.3155159666113943;3600;0.287467228065346
Meta_663;531441;9529888.409199994;0.1111111111111111;618502;6754928.5787999965;0.2954773411001112;3600;0.19545620028070723
Meta_664;531441;9529888.409199994;0.16666666666666666;606156;6245481.603500003;0.31079722620573885;3600;0.3576634887354701
Meta_678;531441;1.111820314406666E7;0.38888888888888884;558171;4166225.3478000006;0.38888921325276227;24;0.0
Meta_679;531441;1.111820314406666E7;0.4444444444444444;531462;2698844.2893;0.4444390360675222;10;0.0
Meta_680;531441;1.111820314406666E7;0.5;531441;2545935.8333;0.4918468720974434;1;0.0
Meta_665;531441;9529888.409199994;0.2222222222222222;607348;6354178.326900002;0.2904985928348329;3600;0.3592721813239288
Meta_666;531441;9529888.409199994;0.2777777777777778;605835;6331207.874899997;0.291844568208395;3600;1.0
Meta_671;531441;1.111820314406666E7;0.0;608037;5712784.081799999;0.3124180431861638;3600;0.26350840146359594
Meta_672;531441;1.111820314406666E7;0.05555555555555555;608979;6556073.957900001;0.296995323603919;3600;0.1945857847337086
Meta_677;531441;1.111820314406666E7;0.3333333333333333;603162;6007807.403900004;0.33329627614634205;1189;0.0
Meta_673;531441;1.111820314406666E7;0.1111111111111111;602860;6232547.995400004;0.30667634039007585;3600;0.2683002225408986
Meta_674;531441;1.111820314406666E7;0.16666666666666666;602888;6007969.409900008;0.3104127523690329;3600;0.3568298865846487
Meta_688;531441;1.2706517878933325E7;0.38888888888888884;567513;4287418.5471;0.3888895595614346;22;0.0
Meta_689;531441;1.2706517878933325E7;0.4444444444444444;531462;2698844.2893;0.4444390360675222;11;0.0
Meta_690;531441;1.2706517878933325E7;0.5;531441;2545935.8333;0.4918468720974434;1;0.0
Meta_675;531441;1.111820314406666E7;0.2222222222222222;607348;6355417.826300001;0.2904783015117932;3600;0.3590564200334519
Meta_676;531441;1.111820314406666E7;0.2777777777777778;608053;6386062.983600001;0.29514014584484255;3600;1.0
Meta_681;531441;1.2706517878933325E7;0.0;592127;5293530.379700003;0.3073876980287343;3600;0.24154096134126662
Meta_682;531441;1.2706517878933325E7;0.05555555555555555;560572;4501021.469800001;0.30421150419363424;3600;0.2336456136759292
Meta_683;531441;1.2706517878933325E7;0.1111111111111111;586123;5480753.383099998;0.31098924984261317;3600;0.2971622492969832
Meta_684;531441;1.2706517878933325E7;0.16666666666666666;604810;5955902.403400005;0.3086129981353495;3600;0.3444391889393174
Meta_685;531441;1.2706517878933325E7;0.2222222222222222;592768;5755768.881600001;0.30792153453985843;3600;0.5410645178243878
Meta_698;531441;1.4294832613799991E7;0.38888888888888884;567513;4287418.5471;0.3888895595614346;24;0.0
Meta_699;531441;1.4294832613799991E7;0.4444444444444444;531462;2698844.2893;0.4444390360675222;12;0.0
Meta_700;531441;1.4294832613799991E7;0.5;531441;2545935.8333;0.4918468720974434;1;0.0
Meta_686;531441;1.2706517878933325E7;0.2777777777777778;610117;6592388.253099997;0.31156731800010085;3600;1.0
Meta_697;531441;1.4294832613799991E7;0.3333333333333333;583924;5198355.371100002;0.3333344668065802;329;0.0
Meta_687;531441;1.2706517878933325E7;0.3333333333333333;574904;4722249.936799999;0.33803482620400793;3600;1.0
Meta_691;531441;1.4294832613799991E7;0.0;596673;5368735.4386;0.31113640252476454;3600;0.2599299267862017
Meta_692;531441;1.4294832613799991E7;0.05555555555555555;582496;5001236.319100003;0.3202506141291392;3600;0.3108081101800226
Meta_693;531441;1.4294832613799991E7;0.1111111111111111;616636;6679657.7337000035;0.3091970738589589;3600;0.28315613584978905
Meta_694;531441;1.4294832613799991E7;0.16666666666666666;605966;6741975.8565;0.28322805070711493;3600;0.16351923845751776
Meta_695;531441;1.4294832613799991E7;0.2222222222222222;592769;5755753.768200002;0.3079354069871027;3600;0.5411508021503809
Meta_696;531441;1.4294832613799991E7;0.2777777777777778;610043;6578387.937299997;0.3106519083539801;3600;1.0
Meta_710;501427;0.0;0.5;501427;854828.8531;0.4823953981322511;1;0.0
Meta_701;501427;0.0;0.0;502008;1500115.0993999997;0.323482030834337;3600;0.17157229423137002
Meta_702;501427;0.0;0.05555555555555555;502252;1532391.3152000003;0.32065175415010955;3600;0.16609396331909634
Meta_703;501427;0.0;0.1111111111111111;501439;1572107.260099999;0.32209449150995056;3600;0.1906502094535205
Meta_704;501427;0.0;0.16666666666666666;516445;2045844.5185;0.304614794321349;3600;0.17755970997991183
Meta_705;501427;0.0;0.2222222222222222;511700;1879910.7445000014;0.3132151455087288;3600;0.2374870505575179
Meta_706;501427;0.0;0.2777777777777778;513198;1949109.7255000006;0.3113084026542757;3600;0.5946901155561034
Meta_707;501427;0.0;0.3333333333333333;501427;1312799.5817;0.3418585397321715;3600;0.4061884534985961
Meta_718;501427;1588314.7348666657;0.38888888888888884;501427;1560501.0080999995;0.38881420904623865;178;0.0
Meta_719;501427;1588314.7348666657;0.4444444444444444;504669;1483141.4969999997;0.444442843246343;8;0.0
Meta_720;501427;1588314.7348666657;0.5;501427;1588314.5092;0.49000392188465025;1;0.0
Meta_708;501427;0.0;0.38888888888888884;501427;968589.3232999997;0.388888918775268;3600;0.04034032193597991
Meta_709;501427;0.0;0.4444444444444444;501427;871037.2036999998;0.444444453563319;3600;0.0060474579290161305
Meta_711;501427;1588314.7348666657;0.0;505089;1727260.6616999994;0.31260339451280145;3600;0.17158835113164572
Meta_712;501427;1588314.7348666657;0.05555555555555555;518578;2084302.543200001;0.30424076788168075;3600;0.1707012127065883
Meta_713;501427;1588314.7348666657;0.1111111111111111;505820;1744360.7531999992;0.31333787692066367;3600;0.2019953191259857
Meta_714;501427;1588314.7348666657;0.16666666666666666;507169;1781491.6155;0.3130448566757292;3600;0.24801670732946235
Meta_727;501427;3176629.4697333314;0.3333333333333333;514567;2186185.6427;0.33333340772272574;362;0.0
Meta_728;501427;3176629.4697333314;0.38888888888888884;528812;2931865.134300001;0.3888901325803778;14;0.0
Meta_729;501427;3176629.4697333314;0.4444444444444444;501803;1814013.6219000015;0.44444326954568025;9;0.0
Meta_730;501427;3176629.4697333314;0.5;501427;1773407.6897;0.4902892366927837;1;0.0
Meta_715;501427;1588314.7348666657;0.2222222222222222;512239;1905752.9504000004;0.31046244680406615;3600;0.3189618781854694
Meta_716;501427;1588314.7348666657;0.2777777777777778;514562;1967264.4082999995;0.31142040149588496;3600;0.9483509614203129
Meta_717;501427;1588314.7348666657;0.3333333333333333;502785;1593516.5079000003;0.33333878155425145;3600;1.0
Meta_721;501427;3176629.4697333314;0.0;559225;3251117.5803999985;0.29059478809747097;3600;0.1467182024097957
Meta_722;501427;3176629.4697333314;0.05555555555555555;559782;3276018.4468;0.29187321063796207;3600;0.16294439750822964
Meta_723;501427;3176629.4697333314;0.1111111111111111;561197;3329091.6574;0.28873013768430855;3600;0.1699453411639944
Meta_724;501427;3176629.4697333314;0.16666666666666666;560444;3288360.899300001;0.2897216302206487;3600;0.21642144399229654
Meta_738;501427;4764944.204599997;0.38888888888888884;547583;3688315.0348000005;0.3888883336547253;15;0.0
Meta_739;501427;4764944.204599997;0.4444444444444444;501427;1801604.847100001;0.4443396452614976;10;0.0
Meta_740;501427;4764944.204599997;0.5;501427;1773407.6897;0.4902892366927837;1;0.0
Meta_737;501427;4764944.204599997;0.3333333333333333;569751;4291769.097599999;0.33333332334843985;200;0.0
Meta_725;501427;3176629.4697333314;0.2222222222222222;556388;3175281.8430999992;0.29417501157782383;3600;0.4015437742880657
Meta_726;501427;3176629.4697333314;0.2777777777777778;548526;3176577.1628999985;0.308313279293671;3600;1.0
Meta_731;501427;4764944.204599997;0.0;583571;4727347.2793999985;0.31065401760883876;3600;0.25762979435704736
Meta_732;501427;4764944.204599997;0.05555555555555555;595616;4759495.925900002;0.3184252280673089;3600;0.3023120200658468
Meta_733;501427;4764944.204599997;0.1111111111111111;587682;4714428.5757;0.2993254534295194;3600;0.23239576106126714
Meta_734;501427;4764944.204599997;0.16666666666666666;592334;4635639.0142;0.30692482657318054;3600;0.33299013805039623
Meta_748;501427;6353258.939466663;0.38888888888888884;579477;5003508.619899998;0.38445133607607646;124;0.0
Meta_749;501427;6353258.939466663;0.4444444444444444;501847;1862966.6266000012;0.44419030662343306;9;0.0
Meta_750;501427;6353258.939466663;0.5;501427;1773407.6897;0.4902892366927837;1;0.0
Meta_735;501427;4764944.204599997;0.2222222222222222;572694;4610638.106699999;0.30691542275428035;3600;0.5092091639468911
Meta_736;501427;4764944.204599997;0.2777777777777778;571057;4764758.2179999985;0.29821377748520284;3600;1.0
Meta_741;501427;6353258.939466663;0.0;608040;6280068.1761;0.30926386187817734;3600;0.24691408867905776
Meta_742;501427;6353258.939466663;0.05555555555555555;593904;5930522.416000001;0.3145511169006272;3600;0.2847860680378622
Meta_743;501427;6353258.939466663;0.1111111111111111;609238;5823063.856600002;0.29375664243246485;3600;0.18193328912564746
Meta_744;501427;6353258.939466663;0.16666666666666666;605627;6100653.170599999;0.2919151277167093;3600;0.21264856515313973
Meta_745;501427;6353258.939466663;0.2222222222222222;601256;6220268.026300001;0.29142993783719073;3600;0.3839043582455283
Meta_758;501427;7941573.674333328;0.38888888888888884;535350;3249936.665999999;0.38838218040979805;22;0.0
Meta_759;501427;7941573.674333328;0.4444444444444444;501847;1862966.6266000012;0.44419030662343306;9;0.0
Meta_760;501427;7941573.674333328;0.5;501427;1773407.6897;0.4902892366927837;1;0.0
Meta_746;501427;6353258.939466663;0.2777777777777778;606842;6156912.566200002;0.2931631660700345;3600;1.0
Meta_747;501427;6353258.939466663;0.3333333333333333;593543;5342650.412699997;0.3515042047374815;3600;1.0
Meta_757;501427;7941573.674333328;0.3333333333333333;598876;6001119.4405;0.3333335218186891;1635;0.0
Meta_751;501427;7941573.674333328;0.0;604722;5980834.649300002;0.29547279498998213;3600;0.1793845248310677
Meta_752;501427;7941573.674333328;0.05555555555555555;600545;5890392.124299999;0.2887261210380807;3600;0.14599135915880354
Meta_753;501427;7941573.674333328;0.1111111111111111;598620;6021117.767900004;0.3087556722005294;3600;0.28065775272129156
Meta_754;501427;7941573.674333328;0.16666666666666666;616101;6378971.4718;0.2917091087460718;3600;0.2107367913482139
Meta_768;501427;9529888.409199994;0.38888888888888884;536425;3405267.3325;0.38889015713222874;21;0.0
Meta_769;501427;9529888.409199994;0.4444444444444444;501847;1862966.6266000012;0.44419030662343306;10;0.0
Meta_770;501427;9529888.409199994;0.5;501427;1773407.6897;0.4902892366927837;1;0.0
Meta_767;501427;9529888.409199994;0.3333333333333333;579017;4708763.547700003;0.333334726282443;240;0.0
Meta_755;501427;7941573.674333328;0.2222222222222222;614465;6717169.100100002;0.2922540996691518;3600;0.3578451385896696
Meta_756;501427;7941573.674333328;0.2777777777777778;601131;5735116.463000001;0.29288301566831837;3600;1.0
Meta_761;501427;9529888.409199994;0.0;613281;6575508.8134;0.29279603912280455;3600;0.16431182593164526
Meta_762;501427;9529888.409199994;0.05555555555555555;596668;5475271.249799999;0.29963308811342443;3600;0.20908882926296124
Meta_763;501427;9529888.409199994;0.1111111111111111;605396;5531044.7774;0.2922940509604583;3600;0.17072230573110028
Meta_764;501427;9529888.409199994;0.16666666666666666;601661;6118285.830499999;0.30522088909293876;3600;0.3211579484161073
Meta_778;501427;1.111820314406666E7;0.38888888888888884;536425;3405267.3325;0.38889015713222874;22;0.0
Meta_779;501427;1.111820314406666E7;0.4444444444444444;501847;1862966.6266000012;0.44419030662343306;9;0.0
Meta_780;501427;1.111820314406666E7;0.5;501427;1773407.6897;0.4902892366927837;1;0.0
Meta_765;501427;9529888.409199994;0.2222222222222222;595955;5794145.0276000025;0.32226575051074213;3600;0.6035589998211696
Meta_766;501427;9529888.409199994;0.2777777777777778;602975;6283529.198400002;0.29397663513199646;3600;1.0
Meta_771;501427;1.111820314406666E7;0.0;592852;5725112.329100005;0.28394736251747615;3600;0.1114149160154206
Meta_772;501427;1.111820314406666E7;0.05555555555555555;585668;5495110.189400001;0.2913930653580601;3600;0.16203043320153424
Meta_773;501427;1.111820314406666E7;0.1111111111111111;605315;5520718.395799999;0.292410793985854;3600;0.17149608487125004
Meta_774;501427;1.111820314406666E7;0.16666666666666666;606164;6223267.497900003;0.3050660004182897;3600;0.3201750865393425
Meta_775;501427;1.111820314406666E7;0.2222222222222222;588017;5214573.918900002;0.3033928385446616;3600;0.48179892704256555
Meta_788;501427;1.2706517878933325E7;0.38888888888888884;533858;3238844.2707999996;0.3875481361888684;18;0.0
Meta_789;501427;1.2706517878933325E7;0.4444444444444444;501847;1862966.6266000012;0.44419030662343306;9;0.0
Meta_790;501427;1.2706517878933325E7;0.5;501427;1773407.6897;0.4902892366927837;1;0.0
Meta_776;501427;1.111820314406666E7;0.2777777777777778;603318;6039630.093800004;0.292711338801443;3600;1.0
Meta_777;501427;1.111820314406666E7;0.3333333333333333;562244;4282301.698000002;0.3333350580914527;3600;1.0
Meta_781;501427;1.2706517878933325E7;0.0;615036;6959648.188699999;0.32175635393453655;3600;0.3077027581011309
Meta_787;501427;1.2706517878933325E7;0.3333333333333333;582432;5114703.504300002;0.3333338255790101;1944;0.0
Meta_782;501427;1.2706517878933325E7;0.05555555555555555;601742;6365397.023200003;0.2995231177476879;3600;0.20852445008247333
Meta_783;501427;1.2706517878933325E7;0.1111111111111111;605092;5504551.2661;0.2924295142766262;3600;0.17160776898724617
Meta_797;501427;1.4294832613799991E7;0.3333333333333333;587490;5360410.518700002;0.3333339410577685;153;0.0
Meta_798;501427;1.4294832613799991E7;0.38888888888888884;536833;3265107.8526999988;0.3886758627427966;23;0.0
Meta_799;501427;1.4294832613799991E7;0.4444444444444444;501847;1862966.6266000012;0.44419030662343306;9;0.0
Meta_800;501427;1.4294832613799991E7;0.5;501427;1773407.6897;0.4902892366927837;1;0.0
Meta_784;501427;1.2706517878933325E7;0.16666666666666666;606019;6211518.6416;0.3045189929655844;3600;0.31668514282390814
Meta_785;501427;1.2706517878933325E7;0.2222222222222222;614469;6421801.3009;0.2977850300886897;3600;0.4227668683627976
Meta_786;501427;1.2706517878933325E7;0.2777777777777778;596301;5698320.034999998;0.31482174830854426;3600;1.0
Meta_791;501427;1.4294832613799991E7;0.0;596987;5711814.159299998;0.28688305475660225;3600;0.12950769073273055
Meta_792;501427;1.4294832613799991E7;0.05555555555555555;598638;6214960.4245000025;0.289983097841741;3600;0.1535744532485178
Meta_793;501427;1.4294832613799991E7;0.1111111111111111;619769;6755764.3652;0.29244495556861605;3600;0.1717101819233421
Meta_794;501427;1.4294832613799991E7;0.16666666666666666;606332;6233993.430500003;0.3042800542274408;3600;0.31515140336575986
Meta_795;501427;1.4294832613799991E7;0.2222222222222222;613759;6476679.5386000015;0.29240935530354983;3600;0.35978824960859074
Meta_796;501427;1.4294832613799991E7;0.2777777777777778;596301;5698320.034999998;0.31482174830854426;3600;1.0
Meta_810;471413;0.0;0.5;471413;329870.35260000004;0.45725288151888577;1;0.0
Meta_801;471413;0.0;0.0;495696;1451128.1103999994;0.323245770985055;3600;0.1714811324601703
Meta_802;471413;0.0;0.05555555555555555;497701;1501646.1723000004;0.3224627013526922;3600;0.17673680460251176
Meta_803;471413;0.0;0.1111111111111111;499766;1620718.7486999999;0.31450558290379166;3600;0.16422387299876573
Meta_804;471413;0.0;0.16666666666666666;497241;1536564.178099999;0.31655917579350956;3600;0.19426898059479078
Meta_805;471413;0.0;0.2222222222222222;502557;1644922.567700001;0.31528584347427163;3600;0.22883851814198278
Meta_806;471413;0.0;0.2777777777777778;528105;2364414.0460000006;0.2979211500389417;3600;0.5845634050618158
Meta_807;471413;0.0;0.3333333333333333;493751;1317774.6270000003;0.3333335864918104;3600;0.4773400905872662
Meta_808;471413;0.0;0.38888888888888884;471396;406710.4760000001;0.3907807657691222;3600;0.35329090584173906
Meta_818;471413;1588314.7348666657;0.38888888888888884;487225;1397925.3309;0.38888732449567515;726;0.0
Meta_820;471413;1588314.7348666657;0.5;471413;982859.5746000003;0.47567962568639927;1;0.0
Meta_819;471413;1588314.7348666657;0.4444444444444444;478817;1305305.7508000003;0.4443980717471732;8;0.0
Meta_809;471413;0.0;0.4444444444444444;471413;330212.71690000006;0.44444442412138613;3600;1.3655722797191866E-5
Meta_811;471413;1588314.7348666657;0.0;508235;1847031.6455999997;0.3085567667345121;3600;0.16292243923525276
Meta_812;471413;1588314.7348666657;0.05555555555555555;507444;1804639.223999999;0.3099204698958488;3600;0.1709738680800946
Meta_813;471413;1588314.7348666657;0.1111111111111111;507390;1814408.4459999998;0.30904895152048584;3600;0.18536793031871407
Meta_814;471413;1588314.7348666657;0.16666666666666666;508185;1817113.2658;0.3107604992949445;3600;0.23774400176307556
Meta_815;471413;1588314.7348666657;0.2222222222222222;517669;2051493.1411999997;0.30765032163012435;3600;0.5719835374745471
Meta_827;471413;3176629.4697333314;0.3333333333333333;549332;3159418.839899999;0.3333329967442473;141;0.0
Meta_829;471413;3176629.4697333314;0.4444444444444444;477990;1379265.9564;0.4443641863419082;9;0.0
Meta_830;471413;3176629.4697333314;0.5;471413;982859.5746000003;0.47567962568639927;1;0.0
Meta_828;471413;3176629.4697333314;0.38888888888888884;531962;3048948.433899999;0.3885937651687192;231;0.0
Meta_817;471413;1588314.7348666657;0.3333333333333333;494469;1552017.6175999998;0.33333337399557017;2259;0.0
Meta_816;471413;1588314.7348666657;0.2777777777777778;514522;1953280.0828000004;0.3111941201527407;3600;1.0
Meta_821;471413;3176629.4697333314;0.0;558277;3217224.0595;0.2902286514613602;3600;0.14083189268127982
Meta_822;471413;3176629.4697333314;0.05555555555555555;560860;3287726.3289000005;0.291861396549396;3600;0.164557539180268
Meta_823;471413;3176629.4697333314;0.1111111111111111;559031;3203538.3682999997;0.2907299604172897;3600;0.1680919227652121
Meta_824;471413;3176629.4697333314;0.16666666666666666;558100;3169434.1523000016;0.30030784988329146;3600;0.2806848235391141
Meta_825;471413;3176629.4697333314;0.2222222222222222;554973;3162743.366100001;0.29933170224490874;3600;0.4329420919927406
Meta_839;471413;4764944.204599997;0.4444444444444444;471419;1076744.9898;0.4442675417284877;8;0.0
Meta_840;471413;4764944.204599997;0.5;471413;982859.5746000003;0.47567962568639927;1;0.0
Meta_837;471413;4764944.204599997;0.3333333333333333;562677;4042802.3113000016;0.33333406495511386;521;0.0
Meta_826;471413;3176629.4697333314;0.2777777777777778;556373;3177103.518900001;0.3018186652483938;3600;1.0
Meta_831;471413;4764944.204599997;0.0;588959;4699680.6378999995;0.3038726964619547;3600;0.22412601107734642
Meta_832;471413;4764944.204599997;0.05555555555555555;591639;4760480.587200001;0.28497827682522875;3600;0.12248728324107727
Meta_838;471413;4764944.204599997;0.38888888888888884;528642;3404383.7408999996;0.38838943276838656;1142;0.0
Meta_833;471413;4764944.204599997;0.1111111111111111;603482;4765020.962999998;0.2919255798565806;3600;0.16770891203039998
Meta_834;471413;4764944.204599997;0.16666666666666666;586797;4628888.313000001;0.3179074489221264;3600;0.40146109872534436
Meta_848;471413;6353258.939466663;0.38888888888888884;567211;4360915.4751;0.3887785447760219;83;0.0
Meta_849;471413;6353258.939466663;0.4444444444444444;471459;931260.1074;0.4443887168912714;9;0.0
Meta_850;471413;6353258.939466663;0.5;471413;982859.5746000003;0.47567962568639927;1;0.0
Meta_835;471413;4764944.204599997;0.2222222222222222;600914;4736978.069499998;0.30551169433801484;3600;0.43389850220461557
Meta_836;471413;4764944.204599997;0.2777777777777778;598010;4695441.6276;0.2983411606781889;3600;1.0
Meta_847;471413;6353258.939466663;0.3333333333333333;583911;5226530.3226999985;0.3333346126325181;2350;0.0
Meta_841;471413;6353258.939466663;0.0;590451;5285187.150800002;0.3134149658105222;3600;0.2706516112192499
Meta_842;471413;6353258.939466663;0.05555555555555555;584246;4691023.789099998;0.31262868400954325;3600;0.27568408757111135
Meta_843;471413;6353258.939466663;0.1111111111111111;593885;5666447.1335;0.29750344424042924;3600;0.22143601740334726
Meta_844;471413;6353258.939466663;0.16666666666666666;612997;5893086.918899997;0.29420283120009116;3600;0.2339305846753855
Meta_845;471413;6353258.939466663;0.2222222222222222;584031;5292267.0963999955;0.2893299500469968;3600;0.5018170293635317
Meta_859;471413;7941573.674333328;0.4444444444444444;471459;931260.1074;0.4443887168912714;9;0.0
Meta_860;471413;7941573.674333328;0.5;471413;982859.5746000003;0.47567962568639927;1;0.0
Meta_846;471413;6353258.939466663;0.2777777777777778;591016;5217630.9164;0.31004000911608937;3600;1.0
Meta_858;471413;7941573.674333328;0.38888888888888884;485486;1367540.6664000002;0.38888162586983566;177;0.0
Meta_851;471413;7941573.674333328;0.0;602821;5914227.971199997;0.29716057019262415;3600;0.18867978221756104
Meta_852;471413;7941573.674333328;0.05555555555555555;602022;5658267.392499997;0.2888031725849703;3600;0.14646414581880718
Meta_853;471413;7941573.674333328;0.1111111111111111;600994;6236106.0094;0.30768055462551175;3600;0.27428575997229776
Meta_854;471413;7941573.674333328;0.16666666666666666;616225;6330748.730100001;0.2969206124100098;3600;0.25720744692622527
Meta_867;471413;9529888.409199994;0.3333333333333333;560526;4259432.985;0.3332081774370926;340;0.0
Meta_855;471413;7941573.674333328;0.2222222222222222;579172;4958271.532099998;0.28594722849963516;3600;0.38627600798557515
Meta_869;471413;9529888.409199994;0.4444444444444444;471459;931260.1074;0.4443887168912714;9;0.0
Meta_870;471413;9529888.409199994;0.5;471413;982859.5746000003;0.47567962568639927;1;0.0
Meta_856;471413;7941573.674333328;0.2777777777777778;613380;6565160.257699999;0.292596282638049;3600;1.0
Meta_868;471413;9529888.409199994;0.38888888888888884;530429;3257750.5518999994;0.38878656649741367;260;0.0
Meta_857;471413;7941573.674333328;0.3333333333333333;584243;5242615.839599997;0.33521804038887254;3600;1.0
Meta_861;471413;9529888.409199994;0.0;615662;6432478.4645000035;0.2955372804511763;3600;0.17974271427526928
Meta_862;471413;9529888.409199994;0.05555555555555555;601955;5762750.583;0.2994242534749526;3600;0.208063798899723
Meta_863;471413;9529888.409199994;0.1111111111111111;612504;6489254.651699998;0.29259267369883335;3600;0.17347009885103068
Meta_877;471413;1.111820314406666E7;0.3333333333333333;564757;4473324.0627999995;0.33333020398007857;310;0.0
Meta_878;471413;1.111820314406666E7;0.38888888888888884;530429;3413688.2457000013;0.38864063152342737;231;0.0
Meta_879;471413;1.111820314406666E7;0.4444444444444444;471459;931260.1074;0.4443887168912714;8;0.0
Meta_880;471413;1.111820314406666E7;0.5;471413;982859.5746000003;0.47567962568639927;1;0.0
Meta_864;471413;9529888.409199994;0.16666666666666666;616095;6325304.8347;0.29691919471614925;3600;0.25719794164618304
Meta_865;471413;9529888.409199994;0.2222222222222222;582943;5059104.6291000005;0.29575241662211926;3600;0.48595960906405095
Meta_866;471413;9529888.409199994;0.2777777777777778;602832;5901037.2479;0.3132145291567103;3600;1.0
Meta_871;471413;1.111820314406666E7;0.0;603468;5934830.761800001;0.3127835398776346;3600;0.2677039324662467
Meta_872;471413;1.111820314406666E7;0.05555555555555555;605852;6446809.436699996;0.28674588471898427;3600;0.13369317857534818
Meta_873;471413;1.111820314406666E7;0.1111111111111111;594454;5732186.011200001;0.2994484966448224;3600;0.23008933198056858
Meta_887;471413;1.2706517878933325E7;0.3333333333333333;560506;4208040.358299999;0.33332923210067267;246;0.0
Meta_874;471413;1.111820314406666E7;0.16666666666666666;596213;5595626.439400002;0.3087399817586394;3600;0.3446791158169863
Meta_889;471413;1.2706517878933325E7;0.4444444444444444;471459;931260.1074;0.4443887168912714;8;0.0
Meta_890;471413;1.2706517878933325E7;0.5;471413;982859.5746000003;0.47567962568639927;1;0.0
Meta_888;471413;1.2706517878933325E7;0.38888888888888884;530429;3413688.2457000013;0.38864063152342737;236;0.0
Meta_875;471413;1.111820314406666E7;0.2222222222222222;582943;5063160.546;0.29568916159244346;3600;0.4854541840212434
Meta_876;471413;1.111820314406666E7;0.2777777777777778;601649;5834258.492300001;0.3124826826522644;3600;1.0
Meta_881;471413;1.2706517878933325E7;0.0;606337;6399616.765099998;0.30890665671216266;3600;0.24920746043656336
Meta_882;471413;1.2706517878933325E7;0.05555555555555555;601947;6471566.245600002;0.2837269384921296;3609;0.11442071419653227
Meta_883;471413;1.2706517878933325E7;0.1111111111111111;596173;5664292.501300003;0.29428006542293245;3600;0.20143589705860113
Meta_884;471413;1.2706517878933325E7;0.16666666666666666;616471;6777811.3347999975;0.29116831187575737;3600;0.20560476338862774
Meta_898;471413;1.4294832613799991E7;0.38888888888888884;530429;3413688.2457000013;0.38864063152342737;258;0.0
Meta_899;471413;1.4294832613799991E7;0.4444444444444444;471459;931260.1074;0.4443887168912714;8;0.0
Meta_900;471413;1.4294832613799991E7;0.5;471413;982859.5746000003;0.47567962568639927;1;0.0
Meta_897;471413;1.4294832613799991E7;0.3333333333333333;560520;4302398.4027;0.3333267099548811;298;0.0
Meta_885;471413;1.2706517878933325E7;0.2222222222222222;580637;5159932.337500002;0.2980778118991428;3600;0.5645071841038749
Meta_886;471413;1.2706517878933325E7;0.2777777777777778;601647;5833991.827200001;0.31248910015891845;3600;1.0
Meta_891;471413;1.4294832613799991E7;0.0;598593;6040407.5517;0.2900592138823752;3600;0.14846753636285748
Meta_892;471413;1.4294832613799991E7;0.05555555555555555;606844;6410924.649400001;0.2825350562767288;3600;0.10663188554349991
Meta_893;471413;1.4294832613799991E7;0.1111111111111111;573850;4720166.1453;0.30299602294127526;3600;0.25375333619463936
Meta_894;471413;1.4294832613799991E7;0.16666666666666666;616683;6787246.243299998;0.29114930781544923;3600;0.20545044558156
Meta_895;471413;1.4294832613799991E7;0.2222222222222222;608909;6167651.2202;0.31022573619434923;3600;0.48450936579803794
Meta_909;441399;0.0;0.4444444444444444;441399;0.0;0.4108314843830718;1;0.0
Meta_910;441399;0.0;0.5;441399;0.0;0.4108314843830718;1;0.0
Meta_896;471413;1.4294832613799991E7;0.2777777777777778;601647;5834004.809800001;0.31249186700448756;3600;1.0
Meta_901;441399;0.0;0.0;498547;1517946.221100001;0.3209668712591808;3600;0.16712185822607767
Meta_902;441399;0.0;0.05555555555555555;516562;2018604.6781999997;0.3092934820333051;3600;0.1632611690566653
Meta_903;441399;0.0;0.1111111111111111;508234;1800456.121300001;0.3116265083217165;3600;0.167515475052676
Meta_904;441399;0.0;0.16666666666666666;502749;1632961.5307999998;0.3162014546291671;3600;0.2026912350321266
Meta_905;441399;0.0;0.2222222222222222;506883;1729033.9906000006;0.31940305042389067;3600;0.26690561993920897
Meta_906;441399;0.0;0.2777777777777778;500061;1609720.6855000006;0.3149711017590202;3600;0.5965632100066616
Meta_907;441399;0.0;0.3333333333333333;476742;936890.7211999998;0.3435307870609982;3600;0.8209736810956451
Meta_919;441399;1588314.7348666657;0.4444444444444444;441399;0.0;0.4108314843830718;1;0.0
Meta_920;441399;1588314.7348666657;0.5;441399;0.0;0.4108314843830718;1;0.0
Meta_908;441399;0.0;0.38888888888888884;450900;194680.77320000005;0.3888900394143162;3600;0.8075527998499804
Meta_918;441399;1588314.7348666657;0.38888888888888884;456042;457459.3758000001;0.3888705728874757;300;0.0
Meta_911;441399;1588314.7348666657;0.0;506537;1759895.7543;0.31208803372542854;3600;0.17221143916462195
Meta_912;441399;1588314.7348666657;0.05555555555555555;515047;1962908.4104999998;0.30770276929518436;3600;0.17595018802220766
Meta_913;441399;1588314.7348666657;0.1111111111111111;506522;1738866.5273999998;0.3116529463397504;3600;0.19175923120809682
Meta_914;441399;1588314.7348666657;0.16666666666666666;508677;1844539.4502999992;0.3104711423190766;3600;0.23942522843399372
Meta_915;441399;1588314.7348666657;0.2222222222222222;512664;1903772.3141000012;0.309311126534299;3600;0.2987764007809734
Meta_927;441399;3176629.4697333314;0.3333333333333333;521342;2766870.4642999987;0.33333428649130953;280;0.0
Meta_929;441399;3176629.4697333314;0.4444444444444444;441399;0.0;0.4108314843830718;1;0.0
Meta_930;441399;3176629.4697333314;0.5;441399;0.0;0.4108314843830718;1;0.0
Meta_916;441399;1588314.7348666657;0.2777777777777778;514160;1971757.2969999989;0.3096834054716431;3600;0.9339232896873861
Meta_917;441399;1588314.7348666657;0.3333333333333333;488496;1546780.3799000003;0.3490657320608936;3600;1.0
Meta_928;441399;3176629.4697333314;0.38888888888888884;466753;927886.6874000006;0.3877031894934963;607;0.0
Meta_921;441399;3176629.4697333314;0.0;562256;3315130.1317999996;0.2919824026320657;3600;0.16318827922298854
Meta_922;441399;3176629.4697333314;0.05555555555555555;560455;3279259.2587999995;0.2937436014514007;3600;0.1749480906113666
Meta_923;441399;3176629.4697333314;0.1111111111111111;560237;3264531.309200001;0.2935148693207811;3600;0.19262034616712256
Meta_924;441399;3176629.4697333314;0.16666666666666666;560397;3308316.2564;0.2882119095977191;3600;0.20799953156345402
Meta_938;441399;4764944.204599997;0.38888888888888884;563419;4053511.3777;0.38888953530232206;421;0.0
Meta_939;441399;4764944.204599997;0.4444444444444444;441399;0.0;0.4108314843830718;1;0.0
Meta_940;441399;4764944.204599997;0.5;441399;0.0;0.4108314843830718;1;0.0
Meta_925;441399;3176629.4697333314;0.2222222222222222;560870;3317383.9408999993;0.28933857983057304;3600;0.3563085092433086
Meta_926;441399;3176629.4697333314;0.2777777777777778;552081;3112898.0514999996;0.29499624115634454;3600;1.0
Meta_931;441399;4764944.204599997;0.0;574546;4694311.478899998;0.30662179548764135;3600;0.23797637157229834
Meta_932;441399;4764944.204599997;0.05555555555555555;585301;4764425.2486999985;0.29052785164116657;3600;0.15695133651047147
Meta_933;441399;4764944.204599997;0.1111111111111111;601657;4764891.814399997;0.2929067574972337;3600;0.17553950878609
Meta_934;441399;4764944.204599997;0.16666666666666666;595136;4767706.284399997;0.3071264934949209;3600;0.33451718060706265
Meta_935;441399;4764944.204599997;0.2222222222222222;602260;4763229.969399999;0.30565811889744376;3600;0.4370766877030693
Meta_936;441399;4764944.204599997;0.2777777777777778;600465;4765074.637699999;0.2922196216807656;3600;1.0
Meta_949;441399;6353258.939466663;0.4444444444444444;441399;0.0;0.4108314843830718;1;0.0
Meta_950;441399;6353258.939466663;0.5;441399;0.0;0.4108314843830718;1;0.0
Meta_937;441399;4764944.204599997;0.3333333333333333;535758;3091925.7979999995;0.33233084000940677;3436;0.0
Meta_941;441399;6353258.939466663;0.0;602393;5763171.165199997;0.2889974111409619;3600;0.14219873169148897
Meta_947;441399;6353258.939466663;0.3333333333333333;545917;3615279.0175000015;0.33333355505854156;1303;0.0
Meta_942;441399;6353258.939466663;0.05555555555555555;581763;5273600.3467;0.30797141012831475;3600;0.2503878842520913
Meta_948;441399;6353258.939466663;0.38888888888888884;564114;4114789.5188999986;0.3873618080759558;1830;0.0
Meta_943;441399;6353258.939466663;0.1111111111111111;609032;6340647.155399998;0.2904029568950908;3600;0.15599894295498787
Meta_944;441399;6353258.939466663;0.16666666666666666;597209;5788045.048100001;0.31109702749695906;3600;0.35984867110505103
Meta_945;441399;6353258.939466663;0.2222222222222222;604368;6240414.376099999;0.3073599183425154;3600;0.45066148983542637
Meta_946;441399;6353258.939466663;0.2777777777777778;600263;5331493.376800001;0.2871256706174797;3600;1.0
Meta_951;441399;7941573.674333328;0.0;607857;6021211.876;0.31040429041087303;3600;0.25280272347412935
Meta_952;441399;7941573.674333328;0.05555555555555555;605243;5728432.7015;0.2932985567995663;3600;0.173394165791779
Meta_953;441399;7941573.674333328;0.1111111111111111;612474;6851052.9353;0.2924322349837734;3600;0.1717054771612283
Meta_954;441399;7941573.674333328;0.16666666666666666;597057;6018589.821900001;0.3074522165673283;3600;0.33617232038605677
Meta_955;441399;7941573.674333328;0.2222222222222222;616980;6270828.314099997;0.2921613723464226;3600;0.30033469752329345
Meta_956;441399;7941573.674333328;0.2777777777777778;600549;5711453.1592;0.31026249532755684;3600;1.0
Meta_957;441399;7941573.674333328;0.3333333333333333;613200;6415295.148699999;0.33743195538473586;3600;1.0
Meta_959;441399;7941573.674333328;0.4444444444444444;441399;0.0;0.4108314843830718;0;0.0
Meta_960;441399;7941573.674333328;0.5;441399;0.0;0.4108314843830718;1;0.0
Meta_958;441399;7941573.674333328;0.38888888888888884;573757;4202201.263700002;0.38340561613237684;1088;0.0
Meta_967;441399;9529888.409199994;0.3333333333333333;523059;3090085.7358000004;0.3333333395965322;339;0.0
Meta_969;441399;9529888.409199994;0.4444444444444444;441399;0.0;0.4108314843830718;1;0.0
Meta_970;441399;9529888.409199994;0.5;441399;0.0;0.4108314843830718;0;0.0
Meta_961;441399;9529888.409199994;0.0;595111;5640887.782200001;0.3127363093948196;3600;0.2674827015891168
Meta_962;441399;9529888.409199994;0.05555555555555555;605352;6173710.447300002;0.29548703608797194;3600;0.185500749757612
Meta_968;441399;9529888.409199994;0.38888888888888884;491212;1759832.2144000006;0.38887616688894916;2020;0.0
Meta_963;441399;9529888.409199994;0.1111111111111111;620507;6819564.7301;0.29342455704740666;3600;0.17944849857674933
Meta_964;441399;9529888.409199994;0.16666666666666666;620151;6723942.209799999;0.2907198602825604;3600;0.20156528662918693
Meta_965;441399;9529888.409199994;0.2222222222222222;618370;6638814.651500002;0.31004884858068993;3600;0.47086277375482016
Meta_979;441399;1.111820314406666E7;0.4444444444444444;441399;0.0;0.4108314843830718;1;0.0
Meta_980;441399;1.111820314406666E7;0.5;441399;0.0;0.4108314843830718;0;0.0
Meta_966;441399;9529888.409199994;0.2777777777777778;600755;5719785.0619;0.3102325230672176;3600;1.0
Meta_971;441399;1.111820314406666E7;0.0;606666;6573230.5758;0.28556506031804413;3600;0.1214539583722661
Meta_972;441399;1.111820314406666E7;0.05555555555555555;601048;5763062.774300002;0.29997383620277307;3600;0.2110655503432163
Meta_978;441399;1.111820314406666E7;0.38888888888888884;496072;1825639.3880999996;0.3888899439765245;2223;0.0
Meta_973;441399;1.111820314406666E7;0.1111111111111111;617868;6979389.7805;0.2940251221988461;3600;0.18413482089829075
Meta_974;441399;1.111820314406666E7;0.16666666666666666;613391;6589834.320900002;0.2938600998317456;3600;0.23079996082865264
Meta_975;441399;1.111820314406666E7;0.2222222222222222;621986;6517168.772000003;0.2928659330699635;3600;0.3091267278448217
Meta_976;441399;1.111820314406666E7;0.2777777777777778;616104;6499783.451500004;0.29371692437393954;3600;1.0
Meta_989;441399;1.2706517878933325E7;0.4444444444444444;441399;0.0;0.4108314843830718;1;0.0
Meta_990;441399;1.2706517878933325E7;0.5;441399;0.0;0.4108314843830718;1;0.0
Meta_987;441399;1.2706517878933325E7;0.3333333333333333;555576;4515835.3304;0.33326449495553484;568;0.0
Meta_977;441399;1.111820314406666E7;0.3333333333333333;505975;2235626.2079000003;0.3340746185583148;3600;1.0
Meta_981;441399;1.2706517878933325E7;0.0;600240;6337011.5765;0.28753294698888665;3600;0.1334385174929231
Meta_988;441399;1.2706517878933325E7;0.38888888888888884;501970;2071939.7122999988;0.3888722014984234;881;0.0
Meta_982;441399;1.2706517878933325E7;0.05555555555555555;596882;5587187.568599999;0.30188069795404965;3600;0.22134916815786654
Meta_983;441399;1.2706517878933325E7;0.1111111111111111;617851;6971007.1833;0.2940120041160659;3600;0.1840498851217305
Meta_984;441399;1.2706517878933325E7;0.16666666666666666;618986;6826328.333999999;0.29103088173508246;3600;0.20450303571405104
Meta_985;441399;1.2706517878933325E7;0.2222222222222222;619250;6680119.474199995;0.3062830513588947;3600;0.44195188788779555
Meta_999;441399;1.4294832613799991E7;0.4444444444444444;441399;0.0;0.4108314843830718;1;0.0
Meta_997;441399;1.4294832613799991E7;0.3333333333333333;563069;4686733.8522;0.3332267738780574;801;0.0
Meta_986;441399;1.2706517878933325E7;0.2777777777777778;599445;6154076.2228999995;0.30520217902873525;3600;1.0
Meta_998;441399;1.4294832613799991E7;0.38888888888888884;511585;2542052.4815999987;0.38610370943971645;1404;0.0
Meta_991;441399;1.4294832613799991E7;0.0;597412;6109551.651100003;0.2957947440794819;3600;0.18117011758942408
Meta_992;441399;1.4294832613799991E7;0.05555555555555555;599521;5610481.405999999;0.30849911808453995;3600;0.25550865046013843
Meta_993;441399;1.4294832613799991E7;0.1111111111111111;618146;6986083.670799999;0.29411331099433075;3600;0.18470545726675425
Meta_994;441399;1.4294832613799991E7;0.16666666666666666;613192;6575241.541500003;0.29407140468985526;3600;0.23243114899073747
Meta_995;441399;1.4294832613799991E7;0.2222222222222222;619176;6676792.788499996;0.3062488749164905;3600;0.441688796972971
Meta_996;441399;1.4294832613799991E7;0.2777777777777778;609434;6137645.633799999;0.29807954909082046;3600;1.0
Meta_1000;441399;1.4294832613799991E7;0.5;441399;0.0;0.4108314843830718;0;0.0
Meta_293;651497;1.4294832613799991E7;0.1111111111111111;651475;8191700.751200002;0.29645639247657735;3600;0.19677105357797048
