
Gurobi 11.0.3 (linux64, Java) logging started qui 28 nov 2024 09:53:07 -03

Set parameter Username
Academic license - for non-commercial use only - expires 2025-10-10
Set parameter NonConvex to value 2
Set parameter TimeLimit to value 3600
Set parameter LogToConsole to value 0
Set parameter MIPGap to value 1.0622098813775087e-07
Set parameter Threads to value 2
Set parameter NodefileDir to value "/home/ps12398/experiment_hosp/goalProgrammingMarcos/"
Set parameter NodefileStart to value 1
Gurobi Optimizer version 11.0.3 build v11.0.3rc0 (linux64)

CPU model: Intel(R) Xeon(R) CPU           X5650  @ 2.67GHz, instruction set [SSE2]
Thread count: 12 physical cores, 24 logical processors, using up to 2 threads

Optimize a model with 15775 rows, 11484 columns and 142661 nonzeros
Model fingerprint: 0x1a42f79b
Model has 80 quadratic constraints
Variable types: 5706 continuous, 5778 integer (75 binary)
Coefficient statistics:
  Matrix range     [1e-02, 3e+06]
  QMatrix range    [1e-02, 5e+04]
  QLMatrix range   [1e+00, 5e+04]
  Objective range  [1e+00, 2e+07]
  Bounds range     [1e+00, 1e+08]
  RHS range        [1e+00, 3e+05]
  QRHS range       [3e-02, 3e-02]
Presolve removed 15055 rows and 10772 columns
Presolve time: 0.34s
Presolved: 1142 rows, 843 columns, 12276 nonzeros
Presolved model has 75 bilinear constraint(s)

Solving non-convex MIQCP

Variable types: 212 continuous, 631 integer (28 binary)
Found heuristic solution: objective 5451333.8997

Root relaxation: objective 0.000000e+00, 112 iterations, 0.01 seconds (0.00 work units)

    Nodes    |    Current Node    |     Objective Bounds      |     Work
 Expl Unexpl |  Obj  Depth IntInf | Incumbent    BestBd   Gap | It/Node Time

     0     0    0.00000    0  109 5451333.90    0.00000   100%     -    0s
H    0     0                    2089379.4568    0.00000   100%     -    0s
     0     0    0.00000    0  151 2089379.46    0.00000   100%     -    0s
H    0     0                    1807352.2557    0.00000   100%     -    0s
     0     0    0.00000    0  142 1807352.26    0.00000   100%     -    0s
     0     0    0.00000    0  155 1807352.26    0.00000   100%     -    0s
     0     0    0.00000    0  179 1807352.26    0.00000   100%     -    0s
     0     0    0.00000    0  198 1807352.26    0.00000   100%     -    1s
     0     0    0.00000    0  204 1807352.26    0.00000   100%     -    1s
     0     0    0.00000    0  201 1807352.26    0.00000   100%     -    1s
     0     0    0.00000    0  196 1807352.26    0.00000   100%     -    1s
     0     2    0.00000    0  181 1807352.26    0.00000   100%     -    1s
   723   838 99898.1012  212  160 1807352.26    0.00000   100%  24.1    5s
H  901   991                    1783947.8711    0.00000   100%  21.4    5s
H 1449  1620                    1783255.2793    0.00000   100%  16.3    7s
H 1619  1791                    1783254.5031    0.00000   100%  15.6    7s
  2263  2450 185501.262  777  147 1783254.50    0.00000   100%  13.6   10s
H 3194  3415                    1776110.5333    0.00000   100%  12.8   13s
  3658  3659 139557.508 1113  121 1776110.53    0.00000   100%  12.8   15s
H 3670  3483                    1670856.1893    0.00000   100%  12.8   19s
  3672  3484 9500.07096  549  134 1670856.19    0.00000   100%  12.8   20s
H 3771  3412                    1629155.9733    0.00000   100%  15.7   23s
H 3887  3345                    1592505.1085    0.00000   100%  15.5   24s
H 4023  3249                    1592505.0371    0.00000   100%  15.6   24s
  4051  3485 261032.632  124  134 1592505.04    0.00000   100%  16.0   25s
H 5063  3955                    1587571.7678    0.00000   100%  14.5   27s
H 5488  4030                    1587571.3805    0.00000   100%  14.0   28s
  6084  4613 341281.669  704  114 1587571.38    0.00000   100%  13.3   30s
H 6234  4428                    1586145.8205    0.00000   100%  13.2   30s
H 8110  5543                    1586089.0726    0.00000   100%  12.5   34s
  8263  5680 410631.686 1211  119 1586089.07    0.00000   100%  12.5   35s
H 8976  6154                    1432060.7571    0.00000   100%  12.3   37s
H 9285  6366                    1418561.1351    0.00000   100%  12.3   38s
H 9501  6184                    1417863.5005    0.00000   100%  12.4   38s
H 9715  6460                    1398140.9408    0.00000   100%  12.3   39s
 10134  6798 477465.132 1759  115 1398140.94    0.00000   100%  12.3   40s
H10291  6798                    1397217.6642    0.00000   100%  12.4   40s
H11354  7872                    1397119.0919    0.00000   100%  12.3   42s
 12551  9012 849623.288 2362   85 1397119.09    0.00000   100%  12.2   45s
 14380 10948 621783.759  443  123 1397119.09    0.00000   100%  11.5   50s
H16664 13272                    1383400.0231    0.00000   100%  11.2   54s
 17124 13554 659021.175 1102   93 1383400.02    0.00000   100%  11.2   55s
H17628 14022                    1379080.3275    0.00000   100%  11.2   56s
H19181 15490                    1379072.9174    0.00000   100%  11.3   59s
 19342 15708 681171.975 1696   83 1379072.92    0.00000   100%  11.3   60s
 21684 18267 698848.839 2349  106 1379072.92    0.00000   100%  11.4   65s
 24007 20433 710614.581 2884  110 1379072.92    0.00000   100%  11.6   70s
 25862 22256 724010.411 3352   94 1379072.92    0.00000   100%  12.2   75s
H26207 22497                    1323256.5240    0.00000   100%  12.2   75s
 28240 24685 738401.617 3970   94 1323256.52    0.00000   100%  12.5   80s
H29266 25531                    1323219.4506    0.00000   100%  12.7   82s
H29553 25833                    1323218.9295    0.00000   100%  12.7   82s
 30068 26560 756961.856 4437  115 1323218.93    0.00000   100%  12.8   85s
 32642 29042 767708.900 5090  105 1323218.93    0.00000   100%  13.0   90s
 35041 31163 778734.687 5718   89 1323218.93    0.00000   100%  13.0   95s
 37147 33639 893161.434 6309  105 1323218.93    0.00000   100%  12.8  100s
 39431 35759 1207856.51 6952   95 1323218.93    0.00000   100%  12.7  105s
 41225 37531 434620.229  119  145 1323218.93    0.00000   100%  12.5  110s
H42588 38583                    1319825.9148    0.00000   100%  12.4  113s
H42636 38809                    1317820.9309    0.00000   100%  12.4  114s
H42790 38759                    1299104.1407    0.00000   100%  12.4  114s
 43231 39458 520098.041  769   92 1299104.14    0.00000   100%  12.4  115s
 45356 41554 535057.591 1347  104 1299104.14    0.00000   100%  12.3  120s
H47241 43516                    1299103.7625    0.00000   100%  12.2  124s
 47863 44113 554188.472 2070   92 1299103.76    0.00000   100%  12.2  125s
H48310 44392                    1293140.1134    0.00000   100%  12.2  126s
H48867 45099                    1292988.1578    0.00000   100%  12.2  127s
H50056 45593                    1249883.9488    0.00000   100%  12.1  129s
H50200 45717                    1249883.3885    0.00000   100%  12.1  130s
H50250 45639                    1230849.1630    0.00000   100%  12.1  130s
H50444 45874                    1222850.8258    0.00000   100%  12.1  130s
H50660 46266                    1220233.9935    0.00000   100%  12.1  131s
H52384 47708                    1173681.5132    0.00000   100%  11.8  134s
H52795 48147                    1168808.2533    0.00000   100%  11.8  134s
H53071 48109                    1161789.0198    0.00000   100%  11.7  134s
 53263 48504 1047951.96 3643   67 1161789.02    0.00000   100%  11.7  135s
H53658 48746                    1151026.3613    0.00000   100%  11.7  135s
H53924 48444                    1115090.0220    0.00000   100%  11.6  136s
H54143 48571                    1115087.6623    0.00000   100%  11.6  136s
H54300 48754                    1110552.7981    0.00000   100%  11.6  137s
H54445 49070                    1109181.5513    0.00000   100%  11.6  138s
H54783 49275                    1105535.3584    0.00000   100%  11.5  139s
H55064 49412                    1101014.1471    0.00000   100%  11.5  139s
 55382 49534 1060126.33 4194   68 1101014.15    0.00000   100%  11.5  140s
H55396 49471                    1100329.4303    0.00000   100%  11.5  140s
H55697 49778                    1099994.3069    0.00000   100%  11.5  141s
H55823 50088                    1099991.8045    0.00000   100%  11.5  142s
H56883 50669                    1093193.5503    0.00000   100%  11.5  144s
 57096 50877 596694.919  235  143 1093193.55    0.00000   100%  11.5  145s
H57197 50877                    1093192.9044    0.00000   100%  11.5  145s
H58354 52089                    1090828.2899    0.00000   100%  11.5  147s
H58506 51924                    1083808.0766    0.00000   100%  11.5  147s
H58599 51394                    1065647.5011    0.00000   100%  11.5  148s
H58933 51703                    1065626.9159    0.00000   100%  11.5  149s
H59109 51562                    1063978.6664    0.00000   100%  11.5  149s
 59601 52281 741368.794  932  101 1063978.67    0.00000   100%  11.5  150s
 61511 54067 761087.741  371  121 1063978.67    0.00000   100%  11.4  155s
 64015 56560 879326.171 1149  108 1063978.67    0.00000   100%  11.3  160s
H65523 57716                    1062866.7389    0.00000   100%  11.2  162s
H65863 57925                    1062864.3778    0.00000   100%  11.2  164s
 66090 58166 941729.569 1626   98 1062864.38    0.00000   100%  11.2  165s
 68298 60571 951298.269 2321   83 1062864.38    0.00000   100%  11.1  170s
 70507 62533 972801.925 2873   95 1062864.38    0.00000   100%  11.0  175s
 72363 64409 698967.623  203  133 1062864.38    0.00000   100%  10.9  180s
 74910 66889 976607.660  737  100 1062864.38    0.00000   100%  10.8  185s
 76755 68797 752825.468  440  124 1062864.38    0.00000   100%  10.6  190s
H78967 70416                    1062634.9296    0.00000   100%  10.4  194s
H78974 70160                    1061921.5856    0.00000   100%  10.4  194s
H79001 70505                    1061921.4185    0.00000   100%  10.4  195s
 81238 72280 1005106.57  632   94 1061921.42    0.00000   100%  10.3  200s
 83828 75138 970524.933  860  109 1061921.42    0.00000   100%  10.1  205s
 86434 77167 754442.295  587  128 1061921.42    0.00000   100%  10.0  211s
H86435 76916                    1060684.6055    0.00000   100%  10.0  211s
 88116 78943 777476.570 1026  133 1060684.61    0.00000   100%  10.1  215s
 91113 81873 839953.907 1807  122 1060684.61    0.00000   100%  10.2  220s
 93717 84513 906600.140 2454  120 1060684.61    0.00000   100%  10.3  225s
H94853 85686                    1060684.5824    0.00000   100%  10.3  227s
 96432 87095 931093.809 3074   86 1060684.58    0.00000   100%  10.4  230s
 98083 88754 1038283.74 3514   72 1060684.58    0.00000   100%  10.3  235s
 100703 90841 952533.735  212  109 1060684.58    0.00000   100%  10.2  240s
 102468 92765 934591.148  838  116 1060684.58    0.00000   100%  10.1  245s
 105707 95667 945789.888  740   91 1060684.58    0.00000   100%   9.9  250s
H107788 97160                    1057011.1241    0.00000   100%   9.8  254s
 107865 97427    0.00000   75  129 1057011.12    0.00000   100%   9.8  255s
 110248 99426 784202.401  416  108 1057011.12    0.00000   100%   9.7  260s
H110709 99692                    1055762.2863    0.00000   100%   9.7  261s
H110890 99993                    1055762.2186    0.00000   100%   9.8  262s
H111331 100240                    1055762.2105    0.00000   100%   9.7  262s
 112082 100997 1014353.14 1042   78 1055762.21    0.00000   100%   9.7  265s
 114153 103099 569890.371  102  153 1055762.21    0.00000   100%   9.7  270s
 116011 104566 infeasible  332      1055762.21    0.00000   100%   9.6  275s
 117130 105708 552359.670   97  152 1055762.21    0.00000   100%   9.7  280s
 119258 107904 940381.485  688   96 1055762.21    0.00000   100%   9.6  285s
 121303 109858 27313.1072   76  153 1055762.21    0.00000   100%   9.6  290s
 123824 112020 1028719.51  337  105 1055762.21    0.00000   100%   9.5  295s
H124140 112154                    1055748.6964    0.00000   100%   9.5  296s
 125526 113740 844321.758  141  134 1055748.70    0.00000   100%   9.5  300s
 127477 115071 768899.280  447  113 1055748.70    0.00000   100%   9.5  306s
 129446 117783 839838.381  780  119 1055748.70    0.00000   100%   9.4  310s
 132047 119787 927582.227 1466  106 1055748.70    0.00000   100%   9.4  315s
 134264 121944 961083.633 2210   92 1055748.70    0.00000   100%   9.4  320s
 137422 124838 991939.026 3312   82 1055748.70    0.00000   100%   9.3  325s
 140561 127755     cutoff 3999      1055748.70    0.00000   100%   9.3  330s
H142375 127711                    1047596.5804    0.00000   100%   9.3  333s
 142903 128243     cutoff  277      1047596.58    0.00000   100%   9.3  335s
H143743 128967                    1047517.2988    0.00000   100%   9.3  336s
H143905 129144                    1047517.2982    0.00000   100%   9.3  337s
 145286 130405 infeasible  208      1047517.30    0.00000   100%   9.3  340s
H146396 131261                    1047517.2960    0.00000   100%   9.3  343s
 146890 131928 661476.295  245  128 1047517.30    0.00000   100%   9.3  345s
 148771 133656 990419.277  808   92 1047517.30    0.00000   100%   9.3  350s
 151377 136184 1025127.01 1665   80 1047517.30    0.00000   100%   9.2  355s
 154091 138869 698983.747   88  137 1047517.30    0.00000   100%   9.2  360s
 156598 140783 839958.441  208  129 1047517.30    0.00000   100%   9.1  365s
 158240 141651    0.00000   74  141 1047517.30    0.00000   100%   9.1  371s
 159398 142782 909358.420  196  116 1047517.30    0.00000   100%   9.1  375s
 161177 144503 599926.656  246  129 1047517.30    0.00000   100%   9.1  380s
 163243 146242 907171.759  789   90 1047517.30    0.00000   100%   9.1  385s
 165254 148361 934852.951 1386   99 1047517.30    0.00000   100%   9.1  390s
 167074 150272 948071.910 1948  100 1047517.30    0.00000   100%   9.1  395s
 168499 151421 947361.492 2439   83 1047517.30    0.00000   100%   9.1  400s
 170768 153318 975016.466 3222   79 1047517.30    0.00000   100%   9.0  405s
H171788 153853                    1046367.8370    0.00000   100%   9.0  407s
 173508 155468 643499.729  513  111 1046367.84    0.00000   100%   9.0  411s
 175451 157680 885938.558 1323   95 1046367.84    0.00000   100%   8.9  415s
 178298 159846 744988.603  103  146 1046367.84    0.00000   100%   8.9  420s
 179840 161639 672027.063  388  129 1046367.84    0.00000   100%   8.9  425s
 182264 163724 973231.678  195   98 1046367.84    0.00000   100%   8.9  430s
 183946 165260 961215.161  258  105 1046367.84    0.00000   100%   8.9  435s
H184305 165549                    1046358.7041    0.00000   100%   8.9  435s
 186898 167949 843001.493  470  115 1046358.70    0.00000   100%   8.9  440s
 189145 170199 1017436.81 1708   95 1046358.70    0.00000   100%   8.8  445s
 192438 173111 1010611.04  143  107 1046358.70    0.00000   100%   8.8  450s
 194708 175395 527998.595  268  118 1046358.70    0.00000   100%   8.9  455s
 197487 177846 infeasible  116      1046358.70    0.00000   100%   8.8  460s
 199336 179268 710028.635  574  121 1046358.70    0.00000   100%   8.8  465s
 201841 182069 926724.859 1987   91 1046358.70    0.00000   100%   8.8  470s
 204418 184302 980883.770  147  122 1046358.70    0.00000   100%   8.8  475s
 207042 186711 643817.669   97  138 1046358.70    0.00000   100%   8.7  480s
H209344 186903                    1035536.1172    0.00000   100%   8.8  485s
 211084 188604 887737.953 1000   84 1035536.12    0.00000   100%   8.8  490s
H212745 189791                    1035491.1791    0.00000   100%   8.8  494s
 212832 189936 864333.571  118  119 1035491.18    0.00000   100%   8.8  495s
H213354 190263                    1035465.0624    0.00000   100%   8.8  496s
 214408 191044     cutoff  235      1035465.06    0.00000   100%   8.8  500s
H214442 190963                    1034758.2337    0.00000   100%   8.8  500s
H215647 192283                    1034757.9127    0.00000   100%   8.8  504s
 215811 192613 818976.646  421   98 1034757.91    0.00000   100%   8.8  505s
 217917 194187 559578.583   96  136 1034757.91    0.00000   100%   8.8  510s
 219118 195218 471563.916  106  140 1034757.91    0.00000   100%   8.8  515s
 220287 196541 689427.692  712  104 1034757.91    0.00000   100%   8.8  520s
 223036 198941 952398.001 2091   85 1034757.91    0.00000   100%   8.7  525s
 224365 200216 792674.877  232  127 1034757.91    0.00000   100%   8.8  530s
H225412 200892                    1034749.5642    0.00000   100%   8.7  533s
 225903 201249 957243.460  244  112 1034749.56    0.00000   100%   8.7  535s
 227834 203501 827392.740  505  118 1034749.56    0.00000   100%   8.8  540s
 230117 205299 952440.862  151  136 1034749.56    0.00000   100%   8.7  545s
 231422 206678 874298.976  108  136 1034749.56    0.00000   100%   8.7  550s
 233450 208747 716927.132  444  126 1034749.56    0.00000   100%   8.7  555s
 235552 210972 819842.332 1049  116 1034749.56    0.00000   100%   8.7  560s
 237330 212176 623826.268  114  148 1034749.56    0.00000   100%   8.8  565s
H238365 213011                    1034744.5513    0.00000   100%   8.8  567s
H238377 213010                    1034741.4431    0.00000   100%   8.8  567s
 239531 214462 891585.995  672  120 1034741.44    0.00000   100%   8.8  570s
 241295 215979     cutoff  212      1034741.44    0.00000   100%   8.8  575s
 244112 218986 861525.245  576  112 1034741.44    0.00000   100%   8.8  580s
 245915 220466 1016828.94  136  128 1034741.44    0.00000   100%   8.7  585s
 247736 222134 410093.342   95  150 1034741.44    0.00000   100%   8.8  590s
 249033 223207 922347.866  161  109 1034741.44    0.00000   100%   8.8  595s
 250829 224484 299076.871   83  164 1034741.44    0.00000   100%   8.8  601s
 251937 225667 753932.856  402  136 1034741.44    0.00000   100%   8.8  605s
 253483 226828 389586.635   99  147 1034741.44    0.00000   100%   8.8  610s
 255560 229084 981313.934  836   88 1034741.44    0.00000   100%   8.8  616s
 257405 230499 599614.576  102  137 1034741.44    0.00000   100%   8.8  620s
 258871 232031 641925.238  239  117 1034741.44    0.00000   100%   8.8  625s
 261339 234207 20859.8039   79  162 1034741.44    0.00000   100%   8.8  630s
 262818 235456 555899.405  294  131 1034741.44    0.00000   100%   8.8  635s
 265124 237894 947415.884  982   87 1034741.44    0.00000   100%   8.8  640s
 266432 239149 966702.524 1361   75 1034741.44    0.00000   100%   8.8  645s
 269138 241333 897753.692  198  101 1034741.44    0.00000   100%   8.7  650s
 271009 242810 444293.889  136  138 1034741.44    0.00000   100%   8.8  656s
 272671 244374 715659.808  613  128 1034741.44    0.00000   100%   8.8  660s
 275292 247110 922177.411 1435   84 1034741.44    0.00000   100%   8.8  665s
 277261 248517     cutoff  138      1034741.44    0.00000   100%   8.8  670s
 279068 249842     cutoff  116      1034741.44    0.00000   100%   8.8  675s
H280848 251299                    1034714.8490    0.00000   100%   8.8  679s
 281015 251512 397531.955   82  137 1034714.85    0.00000   100%   8.8  680s
 282101 252299 infeasible   75      1034714.85    0.00000   100%   8.8  685s
 283557 253890 787829.736  113  135 1034714.85    0.00000   100%   8.8  690s
 285500 255318 209247.984   80  150 1034714.85    0.00000   100%   8.8  695s
 287119 257180 682001.317  605  106 1034714.85    0.00000   100%   8.8  700s
H287760 257619                    1034714.8413    0.00000   100%   8.8  701s
 290192 259753 942574.259 2141   82 1034714.84    0.00000   100%   8.7  705s
 291651 260836 948903.246  140  123 1034714.84    0.00000   100%   8.7  710s
 293733 263063 799965.555  342  105 1034714.84    0.00000   100%   8.7  715s
 296717 265661 563497.375   92  143 1034714.84    0.00000   100%   8.7  721s
 299060 267721    0.00000   76  159 1034714.84    0.00000   100%   8.7  725s
 300565 268952 727649.031  318  134 1034714.84    0.00000   100%   8.7  730s
H300610 268952                    1034701.4189    0.00000   100%   8.7  730s
 301756 270372 967898.025  699   97 1034701.42    0.00000   100%   8.7  736s
 303462 271696 892529.310  106  136 1034701.42    0.00000   100%   8.7  740s
 304801 272711 18249.8499   65  165 1034701.42    0.00000   100%   8.7  745s
 306982 274982 665804.955  138  139 1034701.42    0.00000   100%   8.7  750s
 308606 276352 759852.138   83  152 1034701.42    0.00000   100%   8.7  755s
 310448 277934 459616.490   93  150 1034701.42    0.00000   100%   8.7  760s
 312391 279474     cutoff  179      1034701.42    0.00000   100%   8.8  765s
 314096 281055 32946.8909   76  152 1034701.42    0.00000   100%   8.8  770s
 315833 282497 infeasible  131      1034701.42    0.00000   100%   8.8  775s
 317239 283991 737513.506  165  129 1034701.42    0.00000   100%   8.8  780s
H318990 285140                    1034257.3581    0.00000   100%   8.8  784s
 319147 285615 969931.280  109  131 1034257.36    0.00000   100%   8.8  785s
H320477 287085                    1034183.2421    0.00000   100%   8.8  788s
H321257 287586                    1034183.1867    0.00000   100%   8.8  789s
 321541 288116 888425.189  653   85 1034183.19    0.00000   100%   8.8  790s
H322072 288633                    1034183.1724    0.00000   100%   8.8  790s
H322821 286574                    1024413.8903    0.00000   100%   8.8  792s
H323019 287146                    1024413.8775    0.00000   100%   8.8  793s
H323336 287146                    1024413.8761    0.00000   100%   8.8  793s
H324092 287992                    1024413.8683    0.00000   100%   8.8  794s
 324475 288421 973720.598 2256   70 1024413.87    0.00000   100%   8.8  795s
 325868 289234 872058.628  180  113 1024413.87    0.00000   100%   8.8  800s
 327392 290344 923275.507  220  127 1024413.87    0.00000   100%   8.8  805s
 328419 291295 944194.939  107  132 1024413.87    0.00000   100%   8.8  810s
H329029 291750                    1024413.8680    0.00000   100%   8.8  812s
H330075 276018                    992379.31964    0.00000   100%   8.8  815s
H331346 275227                    988816.61661    0.00000   100%   8.8  817s
H332653 275928                    987970.04037    0.00000   100%   8.8  818s
H333090 275907                    987929.80284    0.00000   100%   8.7  820s
 335624 278276 39282.0183   75  161 987929.803    0.00000   100%   8.7  825s
 337033 279448 898335.750  116  134 987929.803    0.00000   100%   8.7  830s
 338187 280403 680447.783  115  141 987929.803    0.00000   100%   8.8  835s
H339800 281645                    987929.78090    0.00000   100%   8.8  838s
 340394 282474 916063.727  710  111 987929.781    0.00000   100%   8.8  840s
 342465 284197     cutoff  112      987929.781    0.00000   100%   8.8  845s
 343997 285412     cutoff  152      987929.781    0.00000   100%   8.8  850s
 346344 287812    0.00000   68  159 987929.781    0.00000   100%   8.8  855s
 348799 289951 523364.098   85  160 987929.781    0.00000   100%   8.8  860s
 349981 291122 582471.942  290  119 987929.781    0.00000   100%   8.8  865s
 351777 292756 499519.834  103  148 987929.781    0.00000   100%   8.8  870s
H352685 293378                    987928.53282    0.00000   100%   8.8  873s
H352691 293305                    987785.48558    0.00000   100%   8.8  873s
H352695 292729                    986983.20304    0.00000   100%   8.8  873s
H352696 290671                    984145.22224    0.00000   100%   8.8  873s
H352722 285293                    977692.80629    0.00000   100%   8.8  873s
H352827 285285                    977520.19723    0.00000   100%   8.8  874s
 353164 285743 824677.690  514  123 977520.197    0.00000   100%   8.8  875s
 354839 287177 962103.497 1129   92 977520.197    0.00000   100%   8.8  880s
 356463 288574 68072.4920   67  167 977520.197    0.00000   100%   8.9  885s
 357861 289508     cutoff  124      977520.197    0.00000   100%   8.9  890s
 358599 290161 695840.662  314  143 977520.197    0.00000   100%   8.9  895s
H358680 290150                    977512.07840    0.00000   100%   8.9  895s
 359692 290901     cutoff  396      977512.078    0.00000   100%   8.9  900s
 361207 292244     cutoff  499      977512.078    0.00000   100%   8.9  905s
 362845 293557 895505.360  125  128 977512.078    0.00000   100%   8.9  910s
 363657 294337 539618.172   90  145 977512.078    0.00000   100%   8.9  916s
 365272 295959    0.00000   67  159 977512.078    0.00000   100%   8.9  920s
 367066 297567 834138.780  162   97 977512.078    0.00000   100%   8.9  925s
 369076 299208 691582.692  528  131 977512.078    0.00000   100%   8.9  930s
 370496 300612 605910.410   91  147 977512.078    0.00000   100%   8.9  935s
H371460 300989                    977225.54746    0.00000   100%   9.0  938s
H371465 297592                    973639.81594    0.00000   100%   9.0  939s
H371470 293985                    969442.66118    0.00000   100%   9.0  939s
H371477 291954                    966451.55414    0.00000   100%   9.0  939s
H371480 287116                    962204.67377    0.00000   100%   9.0  939s
 371730 287692 600005.801  131  143 962204.674    0.00000   100%   9.0  940s
 373222 289068 20840.8884   66  162 962204.674    0.00000   100%   9.0  945s
 374899 290506 907051.087  100  133 962204.674    0.00000   100%   9.0  950s
 377032 292067 757054.874  115  129 962204.674    0.00000   100%   9.0  955s
 377749 292616 463043.081   90  155 962204.674    0.00000   100%   9.0  960s
 379219 293857 937076.738  568   91 962204.674    0.00000   100%   9.0  965s
 380448 294647 722141.367  120  147 962204.674    0.00000   100%   9.1  970s
 382390 296920 695730.458  519  114 962204.674    0.00000   100%   9.1  975s
H384130 288941                    955508.92366    0.00000   100%   9.1  980s
H384191 283805                    951067.68480    0.00000   100%   9.1  980s
H384350 277225                    945520.04545    0.00000   100%   9.1  981s
H384900 253298                    923518.99124    0.00000   100%   9.1  984s
H385225 244937                    916829.47805    0.00000   100%   9.1  985s
H385411 214121                    888153.56850    0.00000   100%   9.1  985s
H385510 199392                    867523.83985    0.00000   100%   9.1  986s
H385633 199377                    867486.78468    0.00000   100%   9.1  986s
H385692 189013                    851706.92449    0.00000   100%   9.1  987s
H385785 188864                    851509.76555    0.00000   100%   9.1  987s
H385896 187592                    848957.08428    0.00000   100%   9.1  988s
H385967 187209                    847841.69715    0.00000   100%   9.1  989s
 386225 187529 683820.856  197  141 847841.697    0.00000   100%   9.1  990s
H387443 185440                    842927.13388    0.00000   100%   9.2  993s
H387526 184403                    840879.43054    0.00000   100%   9.2  994s
 387711 184878 452601.256  101  144 840879.431    0.00000   100%   9.2  995s
H389198 185566                    840879.41878    0.00000   100%   9.2  999s
 389448 185738     cutoff  107      840879.419    0.00000   100%   9.2 1000s
 390230 186662 432339.376  101  152 840879.419    0.00000   100%   9.2 1005s
H391050 176304                    820380.13386    0.00000   100%   9.2 1007s
 391742 176864 793296.373  102  143 820380.134    0.00000   100%   9.2 1010s
 393269 178435 538369.233   89  154 820380.134    0.00000   100%   9.2 1015s
H394019 178683                    820380.12211    0.00000   100%   9.2 1016s
 394846 179399 562177.112   95  161 820380.122    0.00000   100%   9.3 1020s
 396143 180664 476049.850  121  150 820380.122    0.00000   100%   9.3 1025s
 397881 181720     cutoff  100      820380.122    0.00000   100%   9.3 1030s
 399066 182836 639093.999  146  145 820380.122    0.00000   100%   9.3 1035s
H399895 180965                    816261.34864    0.00000   100%   9.4 1038s
 400173 181777 575293.840  235  122 816261.349    0.00000   100%   9.4 1040s
 402219 183406 275748.924   82  157 816261.349    0.00000   100%   9.4 1045s
H403228 184027                    816157.08819    0.00000   100%   9.4 1047s
H403635 183932                    815341.97376    0.00000   100%   9.4 1049s
 403676 184115 809081.228  571  126 815341.974    0.00000   100%   9.4 1050s
H404673 183306                    813046.96301    0.00000   100%   9.4 1053s
 405079 183585 687261.748  121  133 813046.963    0.00000   100%   9.4 1055s
H405468 184076                    813046.57966    0.00000   100%   9.4 1057s
H406547 184802                    812978.76840    0.00000   100%   9.4 1060s
 408507 186463 5080.41419   75  155 812978.768    0.00000   100%   9.5 1065s
H408640 186458                    812973.45427    0.00000   100%   9.5 1065s
 410229 187421    0.00000   73  146 812973.454    0.00000   100%   9.5 1070s
H410509 187638                    812968.21175    0.00000   100%   9.5 1071s
 411285 188435 576046.903   89  153 812968.212    0.00000   100%   9.5 1075s
 413391 189897 541638.218   90  116 812968.212    0.00000   100%   9.6 1080s
 414896 191223 300535.625   82  158 812968.212    0.00000   100%   9.6 1085s
 415904 192164 452408.090  201  133 812968.212    0.00000   100%   9.6 1090s
 418379 193923 426115.189   84  157 812968.212    0.00000   100%   9.7 1095s
 419934 195106 643167.982  100  144 812968.212    0.00000   100%   9.7 1100s
 420619 195538    0.00000   73  145 812968.212    0.00000   100%   9.7 1105s
H420753 146428                    740914.95239    0.00000   100%   9.7 1106s
 421730 146983 8274.23487   69  158 740914.952    0.00000   100%   9.8 1110s
 423182 148284 64954.7914   72  167 740914.952    0.00000   100%   9.8 1115s
 424842 149520 636233.754   85  164 740914.952    0.00000   100%   9.8 1120s
 425644 150278 547634.455  158  133 740914.952    0.00000   100%   9.8 1125s
H426382 150635                    740914.95230    0.00000   100%   9.9 1126s
 427935 151931     cutoff  399      740914.952    0.00000   100%   9.9 1130s
 430305 153679 667203.403  115  141 740914.952    0.00000   100%   9.9 1135s
 431909 154777 387884.823   81  167 740914.952    0.00000   100%  10.0 1140s
 432878 155502 infeasible  107      740914.952    0.00000   100%  10.0 1145s
 433508 156019 657406.956   98  141 740914.952    0.00000   100%  10.0 1150s
 434503 157054 603105.783  125  148 740914.952    0.00000   100%  10.0 1155s
H434716 157051                    740909.12860    0.00000   100%  10.0 1155s
 435712 157639 44873.1684   73  164 740909.129    0.00000   100%  10.1 1160s
 436803 158650 576630.705  266  144 740909.129    0.00000   100%  10.1 1165s
 438357 159866     cutoff  819      740909.129    0.00000   100%  10.1 1170s
 440047 160200 656357.786  416  106 740909.129    0.00000   100%  10.1 1175s
 441257 161129 692615.889  125  137 740909.129    0.00000   100%  10.2 1180s
 443172 162209 498650.655   83  157 740909.129    0.00000   100%  10.2 1185s
 444350 163232 418312.164  120  159 740909.129    0.00000   100%  10.2 1190s
 445906 164188 221326.598   80  160 740909.129    0.00000   100%  10.2 1195s
 447165 165257 546531.419   88  146 740909.129    0.00000   100%  10.2 1200s
H447444 164722                    739966.08684    0.00000   100%  10.2 1202s
H447448 162736                    736677.05835    0.00000   100%  10.2 1202s
H447462 158263                    729265.56372    0.00000   100%  10.2 1203s
H447494 155496                    723702.99044    0.00000   100%  10.2 1203s
H447511 155395                    723512.04519    0.00000   100%  10.2 1203s
H447516 152311                    717336.98606    0.00000   100%  10.2 1204s
H447718 152306                    717327.32735    0.00000   100%  10.2 1204s
 447816 152392 598224.886  197  126 717327.327    0.00000   100%  10.2 1205s
 448838 153226 289891.721   81  161 717327.327    0.00000   100%  10.3 1210s
 450493 154262    0.00000   65  149 717327.327    0.00000   100%  10.3 1215s
 451509 155141 535345.756  120  143 717327.327    0.00000   100%  10.4 1220s
 453082 156114 575321.170  102  139 717327.327    0.00000   100%  10.4 1225s
 454725 157413 16798.5415   73  174 717327.327    0.00000   100%  10.4 1230s
 455727 158508 542913.459  128  153 717327.327    0.00000   100%  10.5 1236s
 456933 159298 535610.149  107  142 717327.327    0.00000   100%  10.5 1240s
 458591 160301 580925.096  295  130 717327.327    0.00000   100%  10.5 1245s
 459476 161137 635006.132  308  130 717327.327    0.00000   100%  10.5 1250s
H460530 157696                    710119.85728    0.00000   100%  10.6 1254s
H460624 153322                    702080.57352    0.00000   100%  10.6 1254s
 460719 153402     cutoff   97      702080.574    0.00000   100%  10.6 1255s
H460720 153399                    702076.69220    0.00000   100%  10.6 1255s
H461017 153531                    702074.24435    0.00000   100%  10.6 1256s
 461723 154208 230395.005   71  166 702074.244    0.00000   100%  10.6 1260s
 462920 155282 483936.013  344  139 702074.244    0.00000   100%  10.6 1265s
 464124 156014 557590.876  120  142 702074.244    0.00000   100%  10.7 1270s
 465761 157353 446385.691   91  157 702074.244    0.00000   100%  10.7 1276s
 466477 157708 642031.662  315  121 702074.244    0.00000   100%  10.7 1280s
 467661 159012 572974.966  267  120 702074.244    0.00000   100%  10.7 1285s
 469088 159701 52857.5944   68  165 702074.244    0.00000   100%  10.8 1291s
 470350 160690 330775.638   82  168 702074.244    0.00000   100%  10.8 1295s
 471503 161339 532484.747   99  149 702074.244    0.00000   100%  10.8 1300s
 472509 162174 503888.023   90  150 702074.244    0.00000   100%  10.9 1305s
 473788 162893 149524.972   79  155 702074.244    0.00000   100%  10.9 1311s
H473790 158141                    695524.38442    0.00000   100%  10.9 1311s
H473904 157251                    694380.03053    0.00000   100%  10.9 1311s
H474339 157779                    694379.78151    0.00000   100%  10.9 1314s
 474648 158039 564191.523  134  149 694379.782    0.00000   100%  10.9 1315s
 475619 158452 669462.283   79  164 694379.782    0.00000   100%  11.0 1320s
 476770 159027 9657.71691   67  160 694379.782    0.00000   100%  11.0 1325s
 477700 159928 45035.7935   70  169 694379.782    0.00000   100%  11.1 1331s
H477831 156153                    689094.01082    0.00000   100%  11.1 1331s
 478978 157323    0.00000   63  158 689094.011    0.00000   100%  11.1 1335s
H479688 157491                    689094.00013    0.00000   100%  11.1 1337s
 480266 157818 infeasible   94      689094.000    0.00000   100%  11.1 1340s
 481818 158950 581679.607   86  154 689094.000    0.00000   100%  11.1 1346s
H481999 159152                    689093.76180    0.00000   100%  11.1 1347s
 482747 160101 507906.326  269  141 689093.762    0.00000   100%  11.1 1350s
 484102 161041 519945.823  126  136 689093.762    0.00000   100%  11.2 1356s
 485251 161691     cutoff   90      689093.762    0.00000   100%  11.2 1360s
 486940 162914     cutoff   95      689093.762    0.00000   100%  11.2 1365s
 487992 164319 581694.440  292  133 689093.762    0.00000   100%  11.2 1370s
 489271 165325 400884.412   88  149 689093.762    0.00000   100%  11.3 1375s
 490658 166159    0.00000   73  153 689093.762    0.00000   100%  11.3 1380s
 491958 166975     cutoff   86      689093.762    0.00000   100%  11.3 1385s
 493089 167883 688329.459  115  149 689093.762    0.00000   100%  11.4 1390s
 494973 169187 500276.381   86  142 689093.762    0.00000   100%  11.4 1395s
H494975 168874                    688625.75010    0.00000   100%  11.4 1395s
H494978 168630                    688278.49121    0.00000   100%  11.4 1395s
H494982 168557                    688167.76564    0.00000   100%  11.4 1395s
H494989 166954                    685907.62840    0.00000   100%  11.4 1395s
H495002 159548                    674866.57881    0.00000   100%  11.4 1395s
H495027 158461                    672976.87241    0.00000   100%  11.4 1395s
H495512 157769                    670945.59857    0.00000   100%  11.4 1398s
H495784 158044                    670944.53971    0.00000   100%  11.4 1399s
 496048 158254     cutoff   95      670944.540    0.00000   100%  11.4 1400s
 497397 159231 509337.656  268  126 670944.540    0.00000   100%  11.4 1405s
 498525 160032 437563.647  107  148 670944.540    0.00000   100%  11.5 1410s
H499205 159508                    669508.14595    0.00000   100%  11.5 1411s
H499265 159698                    669508.14524    0.00000   100%  11.5 1413s
H499549 159837                    669507.11173    0.00000   100%  11.5 1414s
 499790 160003 558709.123   94  124 669507.112    0.00000   100%  11.5 1415s
H500301 160242                    669506.62285    0.00000   100%  11.5 1417s
 501085 160725 168665.907   80  156 669506.623    0.00000   100%  11.6 1420s
 502159 161298     cutoff   96      669506.623    0.00000   100%  11.6 1425s
 503156 161968 609841.574   99  150 669506.623    0.00000   100%  11.7 1430s
 504239 162430     cutoff  105      669506.623    0.00000   100%  11.7 1435s
 505532 163323 23898.4858   76  157 669506.623    0.00000   100%  11.8 1440s
 506796 164403 604470.933   86  137 669506.623    0.00000   100%  11.8 1445s
 507934 165015 373172.355   86  152 669506.623    0.00000   100%  11.8 1450s
 509701 166398 605423.551  521  137 669506.623    0.00000   100%  11.9 1455s
 510880 166989 14253.2389   77  154 669506.623    0.00000   100%  11.9 1460s
 512147 167907 654814.426   89  155 669506.623    0.00000   100%  12.0 1466s
 513115 168509     cutoff   97      669506.623    0.00000   100%  12.0 1471s
H513122 168371                    669268.59181    0.00000   100%  12.0 1471s
H513127 168159                    668913.40927    0.00000   100%  12.0 1471s
H513225 165162                    664386.36237    0.00000   100%  12.0 1471s
H513241 159569                    655393.76498    0.00000   100%  12.0 1471s
 514062 160149 557356.973   86  158 655393.765    0.00000   100%  12.0 1475s
 514963 160660 188809.573   68  173 655393.765    0.00000   100%  12.1 1480s
 516216 161562 80332.3967   77  163 655393.765    0.00000   100%  12.1 1485s
 517734 162744 454497.078   76  171 655393.765    0.00000   100%  12.1 1490s
 518965 163644 614362.855   98  152 655393.765    0.00000   100%  12.1 1495s
 519871 164349    0.00000   59  155 655393.765    0.00000   100%  12.2 1500s
 521166 165132 9224.97802   64  161 655393.765    0.00000   100%  12.2 1505s
 522542 166059     cutoff   78      655393.765    0.00000   100%  12.2 1510s
 523369 166599 589207.490  139  150 655393.765    0.00000   100%  12.3 1515s
 524673 167214 1174.24282   72  162 655393.765    0.00000   100%  12.3 1520s
 525571 167960 517291.674   86  152 655393.765    0.00000   100%  12.4 1525s
H526124 165399                    650363.98451    0.00000   100%  12.4 1527s
 526472 165854    0.00000   64  152 650363.985    0.00000   100%  12.4 1530s
H527377 166441                    650363.96847    0.00000   100%  12.4 1532s
 528092 166902 586033.360   93  150 650363.968    0.00000   100%  12.4 1536s
H528643 166695                    649524.91185    0.00000   100%  12.5 1538s
H528796 165797                    647779.64376    0.00000   100%  12.5 1539s
 528991 166030 238869.745   71  153 647779.644    0.00000   100%  12.5 1541s
H529283 166148                    647779.07720    0.00000   100%  12.5 1542s
 530098 166621     cutoff   88      647779.077    0.00000   100%  12.5 1545s
H530470 166716                    647699.35681    0.00000   100%  12.5 1547s
H530722 165980                    646245.83782    0.00000   100%  12.5 1548s
 531186 166390 589932.711  176  142 646245.838    0.00000   100%  12.6 1551s
 532253 167089     cutoff   91      646245.838    0.00000   100%  12.6 1555s
H532254 167020                    646123.53817    0.00000   100%  12.6 1555s
H532478 167330                    646122.97159    0.00000   100%  12.6 1557s
H532879 167506                    646122.96973    0.00000   100%  12.6 1558s
 533612 168059 501876.096  189  138 646122.970    0.00000   100%  12.6 1561s
 534690 168715    0.00000   63  143 646122.970    0.00000   100%  12.7 1565s
 535943 169586     cutoff  109      646122.970    0.00000   100%  12.7 1570s
H536346 169743                    646101.95965    0.00000   100%  12.7 1571s
 537051 170176     cutoff   96      646101.960    0.00000   100%  12.7 1575s
 538522 171233 557482.915  251  129 646101.960    0.00000   100%  12.7 1580s
 539023 171592 8631.47872   71  167 646101.960    0.00000   100%  12.8 1585s
 540165 172262     cutoff  100      646101.960    0.00000   100%  12.8 1590s
 541519 173619 477559.882  154  144 646101.960    0.00000   100%  12.8 1596s
 543258 174659 568697.446  395  124 646101.960    0.00000   100%  12.8 1601s
 544020 174944     cutoff  110      646101.960    0.00000   100%  12.8 1605s
 544869 175456     cutoff   92      646101.960    0.00000   100%  12.9 1610s
 546366 176671 565762.880  142  138 646101.960    0.00000   100%  12.9 1615s
 548073 177918 536053.115  200  131 646101.960    0.00000   100%  13.0 1620s
H548903 178143                    645991.87811    0.00000   100%  13.0 1624s
H548923 176698                    643767.62753    0.00000   100%  13.0 1624s
H548939 171326                    634669.59940    0.00000   100%  13.0 1624s
 549011 171408 376442.659   73  153 634669.599    0.00000   100%  13.0 1626s
H549171 171631                    634666.39121    0.00000   100%  13.0 1627s
H550225 159826                    614742.32932    0.00000   100%  13.0 1631s
 551225 160353 458778.300   94  116 614742.329    0.00000   100%  13.1 1635s
 552213 160894 184933.083   78  164 614742.329    0.00000   100%  13.1 1640s
 553242 161533 587608.573   87  145 614742.329    0.00000   100%  13.2 1645s
 554279 162028 354781.872   87  136 614742.329    0.00000   100%  13.2 1650s
H554366 162394                    614742.18626    0.00000   100%  13.2 1652s
 555255 162769 542710.973   97  159 614742.186    0.00000   100%  13.2 1655s
 556371 163488 487197.108   84  148 614742.186    0.00000   100%  13.3 1660s
 557222 164046 538760.014   91  137 614742.186    0.00000   100%  13.3 1665s
 558482 165034 infeasible   87      614742.186    0.00000   100%  13.3 1670s
 559546 165721 488248.933  166  133 614742.186    0.00000   100%  13.3 1675s
 561081 166728 165215.276   65  166 614742.186    0.00000   100%  13.4 1681s
 562137 167415     cutoff   91      614742.186    0.00000   100%  13.4 1685s
 563803 168740 434920.593   92  158 614742.186    0.00000   100%  13.5 1691s
 564789 169182     cutoff   89      614742.186    0.00000   100%  13.5 1695s
 565997 169933     cutoff   89      614742.186    0.00000   100%  13.5 1700s
H566983 170208                    614246.37735    0.00000   100%  13.6 1706s
H567047 169372                    612953.33483    0.00000   100%  13.6 1706s
H567056 150468                    588843.17061    0.00000   100%  13.6 1706s
 567750 151004     cutoff   83      588843.171    0.00000   100%  13.6 1710s
H568522 151355                    588840.09666    0.00000   100%  13.6 1714s
 568768 151562 21881.6675   73  159 588840.097    0.00000   100%  13.6 1715s
 569680 152643 274074.556   77  159 588840.097    0.00000   100%  13.7 1721s
H570962 117275                    543899.86167    0.00000   100%  13.7 1724s
H571101 117383                    543896.54107    0.00000   100%  13.7 1725s
H572106 117943                    543896.52671    0.00000   100%  13.7 1730s
 573335 118634 224666.271   79  157 543896.527    0.00000   100%  13.8 1736s
 574328 119339 144278.636   76  175 543896.527    0.00000   100%  13.8 1741s
 575016 119611     cutoff   75      543896.527    0.00000   100%  13.8 1746s
 575876 120088     cutoff   84      543896.527    0.00000   100%  13.9 1750s
 576899 120933 295372.838   78  146 543896.527    0.00000   100%  13.9 1755s
 578244 121866 487383.921   90  169 543896.527    0.00000   100%  13.9 1760s
 579264 122348    0.00000   56  156 543896.527    0.00000   100%  14.0 1765s
 579942 122658    0.00000   68  138 543896.527    0.00000   100%  14.0 1771s
 580738 123096 12610.7512   70  163 543896.527    0.00000   100%  14.1 1775s
 582058 123971     cutoff   81      543896.527    0.00000   100%  14.1 1780s
 583153 124609     cutoff   80      543896.527    0.00000   100%  14.1 1785s
 584541 125417 476247.180   97  144 543896.527    0.00000   100%  14.2 1790s
 584897 125599     cutoff   85      543896.527    0.00000   100%  14.2 1795s
 585998 126134 475471.355   99  158 543896.527    0.00000   100%  14.2 1800s
 586968 126819 364877.253   83  162 543896.527    0.00000   100%  14.3 1805s
 588030 127258     cutoff   96      543896.527    0.00000   100%  14.3 1811s
 588849 127674    0.00000   58  161 543896.527    0.00000   100%  14.3 1815s
 589996 128376     cutoff   74      543896.527    0.00000   100%  14.4 1821s
 590755 128814     cutoff   79      543896.527    0.00000   100%  14.4 1825s
 591962 129381 425451.140   96  157 543896.527    0.00000   100%  14.5 1830s
 593075 130041    0.00000   66  155 543896.527    0.00000   100%  14.5 1835s
 594316 130657 24175.3143   73  163 543896.527    0.00000   100%  14.5 1841s
 595149 131083 412033.434   92  145 543896.527    0.00000   100%  14.6 1845s
 596032 131654 2333.23249   58  167 543896.527    0.00000   100%  14.6 1850s
 596909 132388 12811.5209   54  172 543896.527    0.00000   100%  14.7 1855s
 598190 133069 447434.561  131  152 543896.527    0.00000   100%  14.7 1860s
 599463 133879     cutoff  104      543896.527    0.00000   100%  14.7 1866s
 600439 134316 90187.3871   73  177 543896.527    0.00000   100%  14.8 1870s
 601987 135256 infeasible   90      543896.527    0.00000   100%  14.8 1876s
 603040 135830 442393.208   71  179 543896.527    0.00000   100%  14.8 1880s
 604046 136352 119826.346   69  164 543896.527    0.00000   100%  14.9 1885s
 604824 136800 538663.105   93  167 543896.527    0.00000   100%  14.9 1890s
 605715 137270     cutoff   87      543896.527    0.00000   100%  14.9 1896s
 606669 137739 502113.005   87  143 543896.527    0.00000   100%  15.0 1900s
 607749 138411 30815.7436   72  152 543896.527    0.00000   100%  15.0 1906s
H608656 138860                    543893.36532    0.00000   100%  15.1 1910s
H608952 139041                    543890.04650    0.00000   100%  15.1 1911s
 609819 139567 469956.015   87  152 543890.046    0.00000   100%  15.1 1916s
 610697 139915 45141.3282   75  152 543890.046    0.00000   100%  15.1 1920s
 611706 140519    0.00000   55  170 543890.046    0.00000   100%  15.2 1926s
 612526 140933 254090.870   67  175 543890.046    0.00000   100%  15.2 1930s
 613754 141543  398.44508   70  160 543890.046    0.00000   100%  15.2 1935s
 614884 142431 193725.753   68  176 543890.046    0.00000   100%  15.3 1940s
 615907 142769 398851.310   84  161 543890.046    0.00000   100%  15.3 1946s
 616593 143238 185983.821   63  172 543890.046    0.00000   100%  15.3 1950s
 617759 143933 12202.8346   63  154 543890.046    0.00000   100%  15.4 1956s
 618552 144482 327529.519   75  169 543890.046    0.00000   100%  15.4 1960s
 619788 145109 13168.1874   60  169 543890.046    0.00000   100%  15.4 1965s
 620734 145792 412306.532  121  164 543890.046    0.00000   100%  15.5 1970s
 621488 146141 10991.8144   61  163 543890.046    0.00000   100%  15.5 1975s
 622412 146653 91788.1801   65  164 543890.046    0.00000   100%  15.5 1980s
 623838 147537 338947.004   82  164 543890.046    0.00000   100%  15.6 1985s
 625092 148221 155539.735   69  183 543890.046    0.00000   100%  15.6 1990s
 626051 148713     cutoff   89      543890.046    0.00000   100%  15.7 1995s

Gurobi 11.0.3 (linux64, Java) logging started ter 03 dez 2024 20:00:15 -03

Set parameter Username
Academic license - for non-commercial use only - expires 2025-10-10
Set parameter NonConvex to value 2
Set parameter TimeLimit to value 3600
Set parameter LogToConsole to value 0
Set parameter MIPGap to value 1.0622098813775087e-07
Set parameter Threads to value 2
Set parameter NodefileDir to value "/home/ps12398/experiment_hosp/goalProgrammingMarcos/"
Set parameter NodefileStart to value 1
Gurobi Optimizer version 11.0.3 build v11.0.3rc0 (linux64)

CPU model: Intel(R) Xeon(R) CPU           X5650  @ 2.67GHz, instruction set [SSE2]
Thread count: 12 physical cores, 24 logical processors, using up to 2 threads

Optimize a model with 15775 rows, 11484 columns and 142661 nonzeros
Model fingerprint: 0x1a42f79b
Model has 80 quadratic constraints
Variable types: 5706 continuous, 5778 integer (75 binary)
Coefficient statistics:
  Matrix range     [1e-02, 3e+06]
  QMatrix range    [1e-02, 5e+04]
  QLMatrix range   [1e+00, 5e+04]
  Objective range  [1e+00, 2e+07]
  Bounds range     [1e+00, 1e+08]
  RHS range        [1e+00, 3e+05]
  QRHS range       [3e-02, 3e-02]
Presolve removed 15055 rows and 10772 columns
Presolve time: 0.30s
Presolved: 1142 rows, 843 columns, 12276 nonzeros
Presolved model has 75 bilinear constraint(s)

Solving non-convex MIQCP

Variable types: 212 continuous, 631 integer (28 binary)
Found heuristic solution: objective 5451333.8997

Root relaxation: objective 0.000000e+00, 112 iterations, 0.01 seconds (0.00 work units)

    Nodes    |    Current Node    |     Objective Bounds      |     Work
 Expl Unexpl |  Obj  Depth IntInf | Incumbent    BestBd   Gap | It/Node Time

     0     0    0.00000    0  109 5451333.90    0.00000   100%     -    0s
H    0     0                    2089379.4568    0.00000   100%     -    0s
     0     0    0.00000    0  151 2089379.46    0.00000   100%     -    0s
H    0     0                    1807352.2557    0.00000   100%     -    0s
     0     0    0.00000    0  142 1807352.26    0.00000   100%     -    0s
     0     0    0.00000    0  155 1807352.26    0.00000   100%     -    0s
     0     0    0.00000    0  179 1807352.26    0.00000   100%     -    0s
     0     0    0.00000    0  198 1807352.26    0.00000   100%     -    0s
     0     0    0.00000    0  204 1807352.26    0.00000   100%     -    0s
     0     0    0.00000    0  201 1807352.26    0.00000   100%     -    1s
     0     0    0.00000    0  196 1807352.26    0.00000   100%     -    1s
     0     2    0.00000    0  181 1807352.26    0.00000   100%     -    1s
   837   991 130530.854  250  154 1807352.26    0.00000   100%  22.6    5s
H  901   991                    1783947.8711    0.00000   100%  21.4    5s
H 1449  1620                    1783255.2793    0.00000   100%  16.3    6s
H 1619  1791                    1783254.5031    0.00000   100%  15.6    7s
  2816  2996 205662.596 1087  123 1783254.50    0.00000   100%  12.7   10s
H 3194  3415                    1776110.5333    0.00000   100%  12.8   11s
  3669  3666 132200.870  361   87 1776110.53    0.00000   100%  12.8   15s
H 3670  3483                    1670856.1893    0.00000   100%  12.8   15s
H 3771  3412                    1629155.9733    0.00000   100%  15.7   18s
H 3887  3345                    1592505.1085    0.00000   100%  15.5   19s
H 4023  3249                    1592505.0371    0.00000   100%  15.6   19s
  4051  3485 261032.632  124  134 1592505.04    0.00000   100%  16.0   20s
H 5063  3955                    1587571.7678    0.00000   100%  14.5   22s
H 5488  4030                    1587571.3805    0.00000   100%  14.0   23s
  6084  4613 341281.669  704  114 1587571.38    0.00000   100%  13.3   25s
H 6234  4428                    1586145.8205    0.00000   100%  13.2   25s
H 8110  5543                    1586089.0726    0.00000   100%  12.5   29s
  8263  5680 410631.686 1211  119 1586089.07    0.00000   100%  12.5   30s
H 8976  6154                    1432060.7571    0.00000   100%  12.3   32s
H 9285  6366                    1418561.1351    0.00000   100%  12.3   33s
H 9501  6184                    1417863.5005    0.00000   100%  12.4   33s
H 9715  6460                    1398140.9408    0.00000   100%  12.3   34s
H10291  6798                    1397217.6642    0.00000   100%  12.4   34s
 10472  7130 476628.842 1838   93 1397217.66    0.00000   100%  12.3   35s
H11354  7872                    1397119.0919    0.00000   100%  12.3   37s
 12551  9012 849623.288 2362   85 1397119.09    0.00000   100%  12.2   40s
 14380 10948 621783.759  443  123 1397119.09    0.00000   100%  11.5   45s
H16664 13272                    1383400.0231    0.00000   100%  11.2   49s
 17124 13554 659021.175 1102   93 1383400.02    0.00000   100%  11.2   50s
H17628 14022                    1379080.3275    0.00000   100%  11.2   50s
H19181 15490                    1379072.9174    0.00000   100%  11.3   53s
 19864 16361 684783.532 1841   83 1379072.92    0.00000   100%  11.3   55s
 24007 20433 710614.581 2884  110 1379072.92    0.00000   100%  11.6   60s
 25862 22256 724010.411 3352   94 1379072.92    0.00000   100%  12.2   65s
H26207 22497                    1323256.5240    0.00000   100%  12.2   66s
 28240 24685 738401.617 3970   94 1323256.52    0.00000   100%  12.5   70s
H29266 25531                    1323219.4506    0.00000   100%  12.7   72s
H29553 25833                    1323218.9295    0.00000   100%  12.7   72s
 30068 26560 756961.856 4437  115 1323218.93    0.00000   100%  12.8   75s
 32642 29042 767708.900 5090  105 1323218.93    0.00000   100%  13.0   80s
 35041 31163 778734.687 5718   89 1323218.93    0.00000   100%  13.0   85s
 37147 33639 893161.434 6309  105 1323218.93    0.00000   100%  12.8   90s
 39747 36127 1230562.42 7027   83 1323218.93    0.00000   100%  12.6   95s
 41562 37866 484897.436  224  129 1323218.93    0.00000   100%  12.5  100s
H42588 38583                    1319825.9148    0.00000   100%  12.4  102s
H42636 38809                    1317820.9309    0.00000   100%  12.4  102s
H42790 38759                    1299104.1407    0.00000   100%  12.4  102s
 43927 40152 529939.541  958  110 1299104.14    0.00000   100%  12.4  105s
 46532 42791 539048.705 1679   89 1299104.14    0.00000   100%  12.2  110s
H47241 43516                    1299103.7625    0.00000   100%  12.2  111s
H48310 44392                    1293140.1134    0.00000   100%  12.2  113s
H48867 45099                    1292988.1578    0.00000   100%  12.2  114s
 49261 45485 584752.653 2499   95 1292988.16    0.00000   100%  12.1  115s
H50056 45593                    1249883.9488    0.00000   100%  12.1  116s
H50200 45717                    1249883.3885    0.00000   100%  12.1  117s
H50250 45639                    1230849.1630    0.00000   100%  12.1  117s
H50444 45874                    1222850.8258    0.00000   100%  12.1  118s
H50660 46266                    1220233.9935    0.00000   100%  12.1  119s
 51532 47141 953959.391 3147   92 1220233.99    0.00000   100%  11.9  120s
H52384 47708                    1173681.5132    0.00000   100%  11.8  121s
H52795 48147                    1168808.2533    0.00000   100%  11.8  122s
H53071 48109                    1161789.0198    0.00000   100%  11.7  122s
H53658 48746                    1151026.3613    0.00000   100%  11.7  124s
H53924 48444                    1115090.0220    0.00000   100%  11.6  124s
 54058 48571 1049744.99 3864   88 1115090.02    0.00000   100%  11.6  125s
H54143 48571                    1115087.6623    0.00000   100%  11.6  125s
H54300 48754                    1110552.7981    0.00000   100%  11.6  125s
H54445 49070                    1109181.5513    0.00000   100%  11.6  126s
H54783 49275                    1105535.3584    0.00000   100%  11.5  127s
H55064 49412                    1101014.1471    0.00000   100%  11.5  127s
H55396 49471                    1100329.4303    0.00000   100%  11.5  129s
H55697 49778                    1099994.3069    0.00000   100%  11.5  129s
H55823 50088                    1099991.8045    0.00000   100%  11.5  130s
H56883 50669                    1093193.5503    0.00000   100%  11.5  132s
H57197 50877                    1093192.9044    0.00000   100%  11.5  133s
 57806 51647 607669.887  412  138 1093192.90    0.00000   100%  11.5  135s
H58354 52089                    1090828.2899    0.00000   100%  11.5  136s
H58506 51924                    1083808.0766    0.00000   100%  11.5  136s
H58599 51394                    1065647.5011    0.00000   100%  11.5  137s
H58933 51703                    1065626.9159    0.00000   100%  11.5  137s
H59109 51562                    1063978.6664    0.00000   100%  11.5  137s
 59962 52615 748387.800 1035  112 1063978.67    0.00000   100%  11.5  140s
 62147 54725 776664.482  557  113 1063978.67    0.00000   100%  11.4  145s
 64345 56975 888422.611 1226  101 1063978.67    0.00000   100%  11.3  150s
H65523 57716                    1062866.7389    0.00000   100%  11.2  151s
H65863 57925                    1062864.3778    0.00000   100%  11.2  153s
 66331 58465 930072.913 1712   83 1062864.38    0.00000   100%  11.2  155s
 68740 60841 954800.573 2441   84 1062864.38    0.00000   100%  11.1  160s
 70993 62804 1020992.98 3025   82 1062864.38    0.00000   100%  11.0  165s
 72638 64847 733307.508  252  132 1062864.38    0.00000   100%  10.9  170s
 75423 67345 127973.987   84  137 1062864.38    0.00000   100%  10.7  175s
 77613 69633 936825.444  687  108 1062864.38    0.00000   100%  10.6  180s
H78967 70416                    1062634.9296    0.00000   100%  10.4  182s
H78974 70160                    1061921.5856    0.00000   100%  10.4  182s
H79001 70505                    1061921.4185    0.00000   100%  10.4  183s
 79793 71228 676351.372  241  126 1061921.42    0.00000   100%  10.4  185s
 81605 72872    0.00000   76  135 1061921.42    0.00000   100%  10.3  190s
 84585 75408 520297.963  133  132 1061921.42    0.00000   100%  10.1  195s
H86435 76916                    1060684.6055    0.00000   100%  10.0  199s
 86615 77351 752716.676  631  105 1060684.61    0.00000   100%  10.0  200s
 90492 81276 791848.687 1662  106 1060684.61    0.00000   100%  10.2  205s
 92787 83554 875935.226 2204   91 1060684.61    0.00000   100%  10.2  210s
H94853 85686                    1060684.5824    0.00000   100%  10.3  213s
 95549 86317 931389.718 2870  117 1060684.58    0.00000   100%  10.3  215s
 97502 88201 1036101.88 3395   88 1060684.58    0.00000   100%  10.3  220s
 99470 89952 731135.117  201  116 1060684.58    0.00000   100%  10.3  225s
 101730 91752 807670.625  354  136 1060684.58    0.00000   100%  10.1  230s
 103876 94073 582769.702  146  134 1060684.58    0.00000   100%  10.0  235s
 106969 96538 1011135.59 1430   67 1060684.58    0.00000   100%   9.9  241s
H107788 97160                    1057011.1241    0.00000   100%   9.8  243s
 108651 97904 1021137.32  226  111 1057011.12    0.00000   100%   9.8  245s
 110510 99611 824925.907  511  113 1057011.12    0.00000   100%   9.7  250s
H110709 99692                    1055762.2863    0.00000   100%   9.7  250s
H110890 99993                    1055762.2186    0.00000   100%   9.8  251s
H111331 100240                    1055762.2105    0.00000   100%   9.7  252s
 112082 100997 1014353.14 1042   78 1055762.21    0.00000   100%   9.7  255s
 114748 103658     cutoff  289      1055762.21    0.00000   100%   9.7  260s
 116682 105242 860779.463  144  134 1055762.21    0.00000   100%   9.7  265s
 117803 106427 753281.882  242  153 1055762.21    0.00000   100%   9.6  270s
 120303 108673 infeasible   80      1055762.21    0.00000   100%   9.6  275s
 122281 110515 1032274.31  288  114 1055762.21    0.00000   100%   9.5  280s
H124140 112154                    1055748.6964    0.00000   100%   9.5  282s
 125526 113740 844321.758  141  134 1055748.70    0.00000   100%   9.5  285s
 127479 115383 784273.157  447  125 1055748.70    0.00000   100%   9.5  290s
 131119 118904 910018.317 1112  115 1055748.70    0.00000   100%   9.4  295s
 133769 121422 962125.100 2039   91 1055748.70    0.00000   100%   9.4  300s
 136477 123806 979893.003 2982   91 1055748.70    0.00000   100%   9.4  305s
 139641 126977 1011897.31 3817   81 1055748.70    0.00000   100%   9.3  310s
 142336 129161 944748.547  122  134 1055748.70    0.00000   100%   9.3  315s
H142375 127711                    1047596.5804    0.00000   100%   9.3  315s
 143591 128978    0.00000   76  151 1047596.58    0.00000   100%   9.3  320s
H143743 128967                    1047517.2988    0.00000   100%   9.3  320s
H143905 129144                    1047517.2982    0.00000   100%   9.3  321s
 145505 130469 1011584.64  169  115 1047517.30    0.00000   100%   9.3  325s
H146396 131261                    1047517.2960    0.00000   100%   9.3  327s
 147560 132415 916852.916  438  114 1047517.30    0.00000   100%   9.3  330s
 149817 134608 1002985.93 1146  102 1047517.30    0.00000   100%   9.3  335s
 151770 136438 719628.976  115  141 1047517.30    0.00000   100%   9.2  340s
 155084 139618     cutoff  108      1047517.30    0.00000   100%   9.1  345s
 157187 141097 956938.277  253  127 1047517.30    0.00000   100%   9.1  350s
 158488 142159 913335.856  208  121 1047517.30    0.00000   100%   9.1  355s
 160077 143301 594419.110   98  139 1047517.30    0.00000   100%   9.1  360s
 162360 145744 830572.336  531  123 1047517.30    0.00000   100%   9.1  365s
 164037 147252 922948.030 1056   86 1047517.30    0.00000   100%   9.1  370s
 166138 149203 930563.476 1676   74 1047517.30    0.00000   100%   9.1  375s
 168497 151164 954023.366 2438   79 1047517.30    0.00000   100%   9.1  380s
 170534 153119 965957.233 3111   83 1047517.30    0.00000   100%   9.0  385s
H171788 153853                    1046367.8370    0.00000   100%   9.0  387s
 173103 155376 503900.495  415  121 1046367.84    0.00000   100%   9.0  390s
 175451 157680 885938.558 1323   95 1046367.84    0.00000   100%   8.9  395s
 178401 159923    0.00000   65  127 1046367.84    0.00000   100%   8.9  400s
 180962 162468 622637.910   98  153 1046367.84    0.00000   100%   8.9  405s
 183412 164795 1033982.63  204  118 1046367.84    0.00000   100%   8.9  410s
H184305 165549                    1046358.7041    0.00000   100%   8.9  413s
 185193 166535 607387.639  177  137 1046358.70    0.00000   100%   8.9  415s
 187837 168896 946656.385  933   90 1046358.70    0.00000   100%   8.9  420s
 190113 170946 872011.256  127  135 1046358.70    0.00000   100%   8.8  425s
 192129 172946 680354.498  100  134 1046358.70    0.00000   100%   8.8  430s
 194081 174672 8106.60794   71  156 1046358.70    0.00000   100%   8.9  435s
 196074 176691 816471.757  921  109 1046358.70    0.00000   100%   8.8  440s
 198272 178403 472745.487  112  142 1046358.70    0.00000   100%   8.8  445s
 200033 180164 777133.331  856  127 1046358.70    0.00000   100%   8.8  450s
 203755 183529 1026430.72 3100   94 1046358.70    0.00000   100%   8.8  455s
 205687 185585 1002767.34  151  120 1046358.70    0.00000   100%   8.8  460s
 208234 187817 716937.352  182  126 1046358.70    0.00000   100%   8.7  465s
H209344 186903                    1035536.1172    0.00000   100%   8.8  468s
 209586 186905 852337.093  606   88 1035536.12    0.00000   100%   8.8  470s
 211872 189161     cutoff 1255      1035536.12    0.00000   100%   8.8  475s
H212745 189791                    1035491.1791    0.00000   100%   8.8  477s
H213354 190263                    1035465.0624    0.00000   100%   8.8  479s
 213621 190594 667874.108  142  125 1035465.06    0.00000   100%   8.8  480s
H214442 190963                    1034758.2337    0.00000   100%   8.8  482s
 214720 191470 490597.462  112  129 1034758.23    0.00000   100%   8.8  485s
H215647 192283                    1034757.9127    0.00000   100%   8.8  486s
 217642 194142 982545.976  285  119 1034757.91    0.00000   100%   8.8  490s
 219479 195925 613591.802  225  110 1034757.91    0.00000   100%   8.8  495s
 222262 198374 918193.285 1661   83 1034757.91    0.00000   100%   8.7  500s
 224077 199893 690602.452  118  141 1034757.91    0.00000   100%   8.8  505s
H225412 200892                    1034749.5642    0.00000   100%   8.7  509s
 225689 201208 52073.7110   78  150 1034749.56    0.00000   100%   8.7  510s
 227834 203501 827392.740  505  118 1034749.56    0.00000   100%   8.8  515s
 230117 205299 952440.862  151  136 1034749.56    0.00000   100%   8.7  520s
 231969 207080     cutoff  147      1034749.56    0.00000   100%   8.7  525s
 234363 209645 745298.516  697   96 1034749.56    0.00000   100%   8.7  530s
 236137 211333 915545.046 1170   97 1034749.56    0.00000   100%   8.7  535s
 238321 213011 844714.523  355  131 1034749.56    0.00000   100%   8.8  540s
H238365 213011                    1034744.5513    0.00000   100%   8.8  540s
H238377 213010                    1034741.4431    0.00000   100%   8.8  540s
 240440 215066 972028.051  889  132 1034741.44    0.00000   100%   8.7  546s
 242014 216852 502864.312   99  142 1034741.44    0.00000   100%   8.8  550s
 244956 219796 973707.852  801   86 1034741.44    0.00000   100%   8.7  555s
 246896 221339 1019559.91  161  115 1034741.44    0.00000   100%   8.8  560s
 248767 222769 484013.023   88  159 1034741.44    0.00000   100%   8.8  565s
 250382 224258 854150.727  103  137 1034741.44    0.00000   100%   8.8  570s
 251225 224974 551093.832  131  142 1034741.44    0.00000   100%   8.8  575s
 253151 226585 204914.666   75  156 1034741.44    0.00000   100%   8.8  580s
 255071 228676 928971.534  551   93 1034741.44    0.00000   100%   8.8  585s
 257631 230731 957411.591  176  114 1034741.44    0.00000   100%   8.8  590s
 259589 232912 736622.235  456  111 1034741.44    0.00000   100%   8.8  595s
 261579 234340 969790.541  227  112 1034741.44    0.00000   100%   8.8  600s
 263041 235793 552759.222  385  119 1034741.44    0.00000   100%   8.8  605s
 265124 237894 947415.884  982   87 1034741.44    0.00000   100%   8.8  610s
 266432 239149 966702.524 1361   75 1034741.44    0.00000   100%   8.8  615s
 268644 240819 850999.643  164  126 1034741.44    0.00000   100%   8.7  620s
 271009 242810 444293.889  136  138 1034741.44    0.00000   100%   8.8  625s
 273349 245100 874732.747  849   88 1034741.44    0.00000   100%   8.8  630s
 275754 247524 952812.992 1609   70 1034741.44    0.00000   100%   8.8  635s
 277589 248807 25376.9849   75  156 1034741.44    0.00000   100%   8.8  640s
 279496 250331 910113.257  141  117 1034741.44    0.00000   100%   8.8  645s
H280848 251299                    1034714.8490    0.00000   100%   8.8  649s
 281015 251512 397531.955   82  137 1034714.85    0.00000   100%   8.8  650s
 282101 252299 infeasible   75      1034714.85    0.00000   100%   8.8  655s
 283557 253890 787829.736  113  135 1034714.85    0.00000   100%   8.8  660s
 285500 255318 209247.984   80  150 1034714.85    0.00000   100%   8.8  665s
 287119 257180 682001.317  605  106 1034714.85    0.00000   100%   8.8  670s
H287760 257619                    1034714.8413    0.00000   100%   8.8  670s
 290843 260410 998776.841 2521   79 1034714.84    0.00000   100%   8.7  675s
 292306 261527 366397.846   87  155 1034714.84    0.00000   100%   8.7  680s
 294626 263918 948864.528  590   80 1034714.84    0.00000   100%   8.7  685s
 296717 265661 563497.375   92  143 1034714.84    0.00000   100%   8.7  690s
 299213 267764 779784.167  104  136 1034714.84    0.00000   100%   8.7  695s
 300565 268952 727649.031  318  134 1034714.84    0.00000   100%   8.7  700s
H300610 268952                    1034701.4189    0.00000   100%   8.7  700s
 301756 270372 967898.025  699   97 1034701.42    0.00000   100%   8.7  705s
 304045 272034 infeasible  199      1034701.42    0.00000   100%   8.7  710s
 305308 273444 616056.025   97  158 1034701.42    0.00000   100%   8.7  715s
 307364 275255    0.00000   63  151 1034701.42    0.00000   100%   8.7  720s
 309160 276994 864194.566  151  114 1034701.42    0.00000   100%   8.7  725s
 310904 278419 732603.927  158  133 1034701.42    0.00000   100%   8.8  730s
 312479 279578 694294.597  113  140 1034701.42    0.00000   100%   8.8  735s
 314096 281055 32946.8909   76  152 1034701.42    0.00000   100%   8.8  740s
 315833 282497 infeasible  131      1034701.42    0.00000   100%   8.8  745s
 317749 283993 832700.464  283  128 1034701.42    0.00000   100%   8.8  750s
H318990 285140                    1034257.3581    0.00000   100%   8.8  753s
 319147 285615 969931.280  109  131 1034257.36    0.00000   100%   8.8  755s
H320477 287085                    1034183.2421    0.00000   100%   8.8  758s
H321257 287586                    1034183.1867    0.00000   100%   8.8  759s
 321541 288116 888425.189  653   85 1034183.19    0.00000   100%   8.8  760s
H322072 288633                    1034183.1724    0.00000   100%   8.8  760s
H322821 286574                    1024413.8903    0.00000   100%   8.8  762s
H323019 287146                    1024413.8775    0.00000   100%   8.8  763s
H323336 287146                    1024413.8761    0.00000   100%   8.8  763s
H324092 287992                    1024413.8683    0.00000   100%   8.8  764s
 324475 288421 973720.598 2256   70 1024413.87    0.00000   100%   8.8  765s
 326211 289423 898010.118  111  136 1024413.87    0.00000   100%   8.8  770s
 327502 290556 608690.987   92  145 1024413.87    0.00000   100%   8.8  775s
 328774 291434    0.00000   69  140 1024413.87    0.00000   100%   8.8  780s
H329029 291750                    1024413.8680    0.00000   100%   8.8  781s
H330075 276018                    992379.31964    0.00000   100%   8.8  783s
H331346 275227                    988816.61661    0.00000   100%   8.8  785s
H332653 275928                    987970.04037    0.00000   100%   8.8  787s
H333090 275907                    987929.80284    0.00000   100%   8.7  788s
 333979 277209 844689.023 2494   86 987929.803    0.00000   100%   8.7  790s
 335897 278499 242304.187   78  154 987929.803    0.00000   100%   8.7  795s
 337251 279551     cutoff  104      987929.803    0.00000   100%   8.7  800s
 338766 280891 607633.774  143  140 987929.803    0.00000   100%   8.8  805s
H339800 281645                    987929.78090    0.00000   100%   8.8  807s
 340394 282474 916063.727  710  111 987929.781    0.00000   100%   8.8  810s
 342219 283922 864088.129  104  155 987929.781    0.00000   100%   8.8  815s
 343678 285196 822249.872  141  131 987929.781    0.00000   100%   8.8  820s
 345991 287387    0.00000   79  142 987929.781    0.00000   100%   8.8  825s
 348537 289488 459455.278   81  167 987929.781    0.00000   100%   8.8  831s
 349371 290266 438513.997   92  157 987929.781    0.00000   100%   8.8  835s
 351612 292478     cutoff  125      987929.781    0.00000   100%   8.8  840s
H352685 293378                    987928.53282    0.00000   100%   8.8  842s
H352691 293305                    987785.48558    0.00000   100%   8.8  842s
H352695 292729                    986983.20304    0.00000   100%   8.8  842s
H352696 290671                    984145.22224    0.00000   100%   8.8  842s
H352722 285293                    977692.80629    0.00000   100%   8.8  843s
H352827 285285                    977520.19723    0.00000   100%   8.8  843s
 353164 285743 824677.690  514  123 977520.197    0.00000   100%   8.8  845s
 354985 287408 46882.1010   69  165 977520.197    0.00000   100%   8.8  850s
 357085 288979 867636.561  115  138 977520.197    0.00000   100%   8.9  855s
 358379 289940 694252.413  225  144 977520.197    0.00000   100%   8.9  860s
H358680 290150                    977512.07840    0.00000   100%   8.9  862s
 359378 290828 859217.989  195  115 977512.078    0.00000   100%   8.9  866s
 360798 291975 709159.429  364  129 977512.078    0.00000   100%   8.9  870s
 362499 293439 767161.515  111  127 977512.078    0.00000   100%   8.9  875s
 363244 294001 614544.452   94  155 977512.078    0.00000   100%   8.9  880s
 364775 295710 914196.194  357  110 977512.078    0.00000   100%   8.9  885s
 366479 297404     cutoff  111      977512.078    0.00000   100%   8.9  890s
 369076 299208 691582.692  528  131 977512.078    0.00000   100%   8.9  895s
 370698 300659 912016.525  115  142 977512.078    0.00000   100%   8.9  900s
H371460 300989                    977225.54746    0.00000   100%   9.0  903s
H371465 297592                    973639.81594    0.00000   100%   9.0  903s
H371470 293985                    969442.66118    0.00000   100%   9.0  903s
H371477 291954                    966451.55414    0.00000   100%   9.0  903s
H371480 287116                    962204.67377    0.00000   100%   9.0  903s
 371730 287692 600005.801  131  143 962204.674    0.00000   100%   9.0  905s
 373648 289334 937691.979  153  112 962204.674    0.00000   100%   9.0  910s
 375206 290720 547497.695   83  155 962204.674    0.00000   100%   9.0  915s
 377032 292067 757054.874  115  129 962204.674    0.00000   100%   9.0  920s
 378225 293280 738143.928  236  127 962204.674    0.00000   100%   9.0  925s
 379399 293902 307052.310   73  151 962204.674    0.00000   100%   9.0  930s
 380653 294780 48584.1156   71  165 962204.674    0.00000   100%   9.1  935s
 382390 296920 695730.458  519  114 962204.674    0.00000   100%   9.1  940s
H384130 288941                    955508.92366    0.00000   100%   9.1  944s
H384191 283805                    951067.68480    0.00000   100%   9.1  944s
 384275 284027     cutoff  130      951067.685    0.00000   100%   9.1  945s
H384350 277225                    945520.04545    0.00000   100%   9.1  945s
H384900 253298                    923518.99124    0.00000   100%   9.1  948s
H385225 244937                    916829.47805    0.00000   100%   9.1  949s
H385411 214121                    888153.56850    0.00000   100%   9.1  949s
H385510 199392                    867523.83985    0.00000   100%   9.1  950s
H385633 199377                    867486.78468    0.00000   100%   9.1  950s
H385692 189013                    851706.92449    0.00000   100%   9.1  951s
H385785 188864                    851509.76555    0.00000   100%   9.1  951s
H385896 187592                    848957.08428    0.00000   100%   9.1  952s
H385967 187209                    847841.69715    0.00000   100%   9.1  952s
 386814 187801 838589.709  451  134 847841.697    0.00000   100%   9.1  955s
H387443 185440                    842927.13388    0.00000   100%   9.2  957s
H387526 184403                    840879.43054    0.00000   100%   9.2  957s
 388504 185197    0.00000   70  153 840879.431    0.00000   100%   9.2  960s
H389198 185566                    840879.41878    0.00000   100%   9.2  962s
 389582 185806 802095.741  151  142 840879.419    0.00000   100%   9.2  966s
 390604 187098 522138.565  140  140 840879.419    0.00000   100%   9.2  970s
H391050 176304                    820380.13386    0.00000   100%   9.2  971s
 392390 177523     cutoff   92      820380.134    0.00000   100%   9.2  975s
H394019 178683                    820380.12211    0.00000   100%   9.2  979s
 394117 178784 700245.747  342  120 820380.122    0.00000   100%   9.2  980s
 394846 179399 562177.112   95  161 820380.122    0.00000   100%   9.3  985s
 396960 181269 634248.768  514  119 820380.122    0.00000   100%   9.3  990s
 398324 182121     cutoff  102      820380.122    0.00000   100%   9.3  995s
 399669 183140 756993.013  127  142 820380.122    0.00000   100%   9.3 1000s
H399895 180965                    816261.34864    0.00000   100%   9.4 1002s
 400725 182284 687912.624  332  124 816261.349    0.00000   100%   9.4 1005s
 402552 183801 543672.923  155  137 816261.349    0.00000   100%   9.4 1010s
H403228 184027                    816157.08819    0.00000   100%   9.4 1011s
H403635 183932                    815341.97376    0.00000   100%   9.4 1013s
 404242 184770 34236.4409   75  154 815341.974    0.00000   100%   9.4 1015s
H404673 183306                    813046.96301    0.00000   100%   9.4 1016s
H405468 184076                    813046.57966    0.00000   100%   9.4 1020s
H406547 184802                    812978.76840    0.00000   100%   9.4 1024s
 406876 185003 2384.96737   74  164 812978.768    0.00000   100%   9.4 1025s
 408507 186463 5080.41419   75  155 812978.768    0.00000   100%   9.5 1030s
H408640 186458                    812973.45427    0.00000   100%   9.5 1030s
 410050 187419     cutoff   97      812973.454    0.00000   100%   9.5 1035s
H410509 187638                    812968.21175    0.00000   100%   9.5 1039s
 410623 187859    0.00000   68  146 812968.212    0.00000   100%   9.5 1040s
 412950 189532     cutoff  110      812968.212    0.00000   100%   9.6 1045s
 415232 191307 765444.290  103  133 812968.212    0.00000   100%   9.6 1050s
 417212 193340 682366.531  613  118 812968.212    0.00000   100%   9.6 1055s
 418727 194084 137810.528   87  157 812968.212    0.00000   100%   9.7 1060s
 420091 195193 691963.766  109  123 812968.212    0.00000   100%   9.7 1065s
H420753 146428                    740914.95239    0.00000   100%   9.7 1069s
 421062 146667 712997.570  101  135 740914.952    0.00000   100%   9.7 1070s
 422410 148026 574428.315  170  133 740914.952    0.00000   100%   9.8 1075s
 424457 149290 37711.5433   69  167 740914.952    0.00000   100%   9.8 1080s
 425385 149997 367421.734   85  156 740914.952    0.00000   100%   9.8 1086s
H426382 150635                    740914.95230    0.00000   100%   9.9 1089s
 426604 150700 35157.8341   76  158 740914.952    0.00000   100%   9.9 1090s
 428206 152072 699757.261   95  156 740914.952    0.00000   100%   9.9 1095s
 429855 153437     cutoff  421      740914.952    0.00000   100%   9.9 1100s
 431449 154583 632308.820  486  127 740914.952    0.00000   100%   9.9 1105s
 432979 155552 638152.110   95  152 740914.952    0.00000   100%  10.0 1110s
 433618 156182 72033.5248   76  155 740914.952    0.00000   100%  10.0 1115s
H434716 157051                    740909.12860    0.00000   100%  10.0 1119s
 434985 157293 infeasible  232      740909.129    0.00000   100%  10.0 1120s
 435943 157835     cutoff   86      740909.129    0.00000   100%  10.1 1125s
 437218 159008 600525.151  414  130 740909.129    0.00000   100%  10.1 1130s
 438624 160073 659096.222  132  117 740909.129    0.00000   100%  10.1 1135s
 440852 160701     cutoff  589      740909.129    0.00000   100%  10.2 1140s
 443453 162291 737608.289   98  143 740909.129    0.00000   100%  10.2 1145s
 445906 164188 221326.598   80  160 740909.129    0.00000   100%  10.2 1150s
 447165 165257 546531.419   88  146 740909.129    0.00000   100%  10.2 1155s
H447444 164722                    739966.08684    0.00000   100%  10.2 1157s
H447448 162736                    736677.05835    0.00000   100%  10.2 1157s
H447462 158263                    729265.56372    0.00000   100%  10.2 1158s
H447494 155496                    723702.99044    0.00000   100%  10.2 1158s
H447511 155395                    723512.04519    0.00000   100%  10.2 1158s
H447516 152311                    717336.98606    0.00000   100%  10.2 1159s
H447718 152306                    717327.32735    0.00000   100%  10.2 1159s
 447816 152392 598224.886  197  126 717327.327    0.00000   100%  10.2 1160s
 449178 153668 529521.967  175  138 717327.327    0.00000   100%  10.3 1166s
 450493 154262    0.00000   65  149 717327.327    0.00000   100%  10.3 1170s
 451883 155450 598560.574  290  124 717327.327    0.00000   100%  10.4 1175s
 453294 156292 410428.307   88  146 717327.327    0.00000   100%  10.4 1180s
 454725 157413 16798.5415   73  174 717327.327    0.00000   100%  10.4 1185s
 455727 158508 542913.459  128  153 717327.327    0.00000   100%  10.5 1191s
 456933 159298 535610.149  107  142 717327.327    0.00000   100%  10.5 1195s
 458591 160301 580925.096  295  130 717327.327    0.00000   100%  10.5 1200s
 459794 161289 665066.657  428  143 717327.327    0.00000   100%  10.5 1205s
H460530 157696                    710119.85728    0.00000   100%  10.6 1208s
H460624 153322                    702080.57352    0.00000   100%  10.6 1208s
H460720 153399                    702076.69220    0.00000   100%  10.6 1209s
 460921 153533 641799.575   94  147 702076.692    0.00000   100%  10.6 1210s
H461017 153531                    702074.24435    0.00000   100%  10.6 1210s
 462000 154266 390851.342  105  157 702074.244    0.00000   100%  10.6 1215s
 462920 155282 483936.013  344  139 702074.244    0.00000   100%  10.6 1220s
 464124 156014 557590.876  120  142 702074.244    0.00000   100%  10.7 1225s
 465382 157067     cutoff  111      702074.244    0.00000   100%  10.7 1230s
 466477 157708 642031.662  315  121 702074.244    0.00000   100%  10.7 1235s
 468240 159156 607252.410  111  152 702074.244    0.00000   100%  10.7 1240s
 469847 160339     cutoff  216      702074.244    0.00000   100%  10.8 1245s
 471037 161101 484594.887   88  157 702074.244    0.00000   100%  10.8 1250s
 471593 161568 580324.357  136  138 702074.244    0.00000   100%  10.8 1255s
 472978 162364     cutoff  108      702074.244    0.00000   100%  10.9 1260s
H473790 158141                    695524.38442    0.00000   100%  10.9 1263s
H473904 157251                    694380.03053    0.00000   100%  10.9 1263s
 474142 157492 572363.370   90  153 694380.031    0.00000   100%  10.9 1265s
H474339 157779                    694379.78151    0.00000   100%  10.9 1266s
 475441 158348 infeasible   90      694379.782    0.00000   100%  11.0 1270s
 476770 159027 9657.71691   67  160 694379.782    0.00000   100%  11.0 1275s
H477831 156153                    689094.01082    0.00000   100%  11.1 1278s
 478506 156978 567382.558   99  162 689094.011    0.00000   100%  11.1 1280s
H479688 157491                    689094.00013    0.00000   100%  11.1 1283s
 480074 157718 427167.807   81  158 689094.000    0.00000   100%  11.1 1285s
 481414 158944 607630.614  468  109 689094.000    0.00000   100%  11.1 1290s
H481999 159152                    689093.76180    0.00000   100%  11.1 1293s
 482747 160101 507906.326  269  141 689093.762    0.00000   100%  11.1 1296s
 483918 160638 589123.553   98  142 689093.762    0.00000   100%  11.2 1300s
 485497 161844 637669.559   95  154 689093.762    0.00000   100%  11.2 1305s
 486940 162914     cutoff   95      689093.762    0.00000   100%  11.2 1310s
 487992 164319 581694.440  292  133 689093.762    0.00000   100%  11.2 1315s
 489271 165325 400884.412   88  149 689093.762    0.00000   100%  11.3 1320s
 490658 166159    0.00000   73  153 689093.762    0.00000   100%  11.3 1325s
 491732 166895 591424.382  193  135 689093.762    0.00000   100%  11.3 1330s
 492805 167680 561541.865   99  154 689093.762    0.00000   100%  11.3 1335s
 494279 168897 580391.552  312  139 689093.762    0.00000   100%  11.4 1340s
H494975 168874                    688625.75010    0.00000   100%  11.4 1343s
H494978 168630                    688278.49121    0.00000   100%  11.4 1343s
H494982 168557                    688167.76564    0.00000   100%  11.4 1343s
H494989 166954                    685907.62840    0.00000   100%  11.4 1343s
H495002 159548                    674866.57881    0.00000   100%  11.4 1343s
H495027 158461                    672976.87241    0.00000   100%  11.4 1343s
 495250 158671     cutoff   91      672976.872    0.00000   100%  11.4 1345s
H495512 157769                    670945.59857    0.00000   100%  11.4 1346s
H495784 158044                    670944.53971    0.00000   100%  11.4 1347s
 496596 158550 618646.099   88  154 670944.540    0.00000   100%  11.4 1350s
 497701 159362 134928.420   76  167 670944.540    0.00000   100%  11.5 1355s
 498932 160331 608412.540  254  145 670944.540    0.00000   100%  11.5 1360s
H499205 159508                    669508.14595    0.00000   100%  11.5 1360s
H499265 159698                    669508.14524    0.00000   100%  11.5 1361s
H499549 159837                    669507.11173    0.00000   100%  11.5 1362s
H500301 160242                    669506.62285    0.00000   100%  11.5 1364s
 500445 160328 27928.0690   78  156 669506.623    0.00000   100%  11.5 1365s
 501492 160911 576355.945   96  158 669506.623    0.00000   100%  11.6 1370s
 502403 161386 593229.137  101  159 669506.623    0.00000   100%  11.6 1375s
 503490 162092 598119.206  112  148 669506.623    0.00000   100%  11.7 1380s
 504476 162565 10054.6661   69  168 669506.623    0.00000   100%  11.7 1385s
 505785 163824 432879.013   89  144 669506.623    0.00000   100%  11.8 1390s
 507235 164551 542157.911   95  148 669506.623    0.00000   100%  11.8 1395s
 508259 165318 431147.045   89  156 669506.623    0.00000   100%  11.9 1400s
 510160 166688 17579.7699   70  166 669506.623    0.00000   100%  11.9 1405s
 511315 167279 544132.308  107  153 669506.623    0.00000   100%  11.9 1410s
 512638 168227 520439.981   94  151 669506.623    0.00000   100%  12.0 1416s
H513122 168371                    669268.59181    0.00000   100%  12.0 1419s
H513127 168159                    668913.40927    0.00000   100%  12.0 1419s
H513225 165162                    664386.36237    0.00000   100%  12.0 1419s
H513241 159569                    655393.76498    0.00000   100%  12.0 1419s
 513328 159675     cutoff   83      655393.765    0.00000   100%  12.0 1420s
 514587 160383 636842.467   75  168 655393.765    0.00000   100%  12.0 1426s
 515497 161211 399612.385   85  154 655393.765    0.00000   100%  12.1 1430s
 517168 162332 568609.356  331  146 655393.765    0.00000   100%  12.1 1435s
 518024 163194 433519.954  177  133 655393.765    0.00000   100%  12.1 1441s
 519200 163929 389141.856   79  159 655393.765    0.00000   100%  12.1 1445s
 520342 164589     cutoff   89      655393.765    0.00000   100%  12.2 1450s
 521775 165521 554712.913   80  159 655393.765    0.00000   100%  12.2 1455s
 523039 166267 438606.043   88  160 655393.765    0.00000   100%  12.3 1461s
 523935 166911     cutoff   89      655393.765    0.00000   100%  12.3 1465s
 524861 167364 267622.111   70  169 655393.765    0.00000   100%  12.3 1470s
 526119 168195 586309.756   94  151 655393.765    0.00000   100%  12.4 1475s
H526124 165399                    650363.98451    0.00000   100%  12.4 1475s
 526857 166322 542922.187  162  143 650363.985    0.00000   100%  12.4 1480s
H527377 166441                    650363.96847    0.00000   100%  12.4 1481s
 528092 166902 586033.360   93  150 650363.968    0.00000   100%  12.4 1485s
H528643 166695                    649524.91185    0.00000   100%  12.5 1487s
H528796 165797                    647779.64376    0.00000   100%  12.5 1488s
 529282 166148     cutoff   87      647779.644    0.00000   100%  12.5 1490s
H529283 166148                    647779.07720    0.00000   100%  12.5 1490s
 530327 166751 500896.044   93  155 647779.077    0.00000   100%  12.5 1495s
H530470 166716                    647699.35681    0.00000   100%  12.5 1495s
H530722 165980                    646245.83782    0.00000   100%  12.5 1496s
 531463 166503     cutoff   97      646245.838    0.00000   100%  12.6 1500s
H532254 167020                    646123.53817    0.00000   100%  12.6 1504s
 532477 167330 infeasible   84      646123.538    0.00000   100%  12.6 1505s
H532478 167330                    646122.97159    0.00000   100%  12.6 1505s
H532879 167506                    646122.96973    0.00000   100%  12.6 1507s
 533612 168059 501876.096  189  138 646122.970    0.00000   100%  12.6 1510s
 534690 168715    0.00000   63  143 646122.970    0.00000   100%  12.7 1515s
 536150 169755 375476.658   81  155 646122.970    0.00000   100%  12.7 1520s
H536346 169743                    646101.95965    0.00000   100%  12.7 1520s
 537539 170474    0.00000   74  157 646101.960    0.00000   100%  12.7 1526s
 538872 171234     cutoff   91      646101.960    0.00000   100%  12.8 1531s
 539593 171770     cutoff   90      646101.960    0.00000   100%  12.8 1535s
 540801 172755 527048.137  134  139 646101.960    0.00000   100%  12.8 1540s
 542459 173888 640575.045   90  152 646101.960    0.00000   100%  12.8 1545s
 543874 174830     cutoff  100      646101.960    0.00000   100%  12.8 1551s
 544707 175289     cutoff   92      646101.960    0.00000   100%  12.9 1555s
 545686 176130 551618.208  173  132 646101.960    0.00000   100%  12.9 1560s
 547128 177165 19212.2654   67  168 646101.960    0.00000   100%  12.9 1566s
 548488 178043    0.00000   61  165 646101.960    0.00000   100%  13.0 1570s
H548903 178143                    645991.87811    0.00000   100%  13.0 1573s
H548923 176698                    643767.62753    0.00000   100%  13.0 1573s
H548939 171326                    634669.59940    0.00000   100%  13.0 1573s
 549011 171408 376442.659   73  153 634669.599    0.00000   100%  13.0 1575s
H549171 171631                    634666.39121    0.00000   100%  13.0 1577s
H550225 159826                    614742.32932    0.00000   100%  13.0 1580s
 551225 160353 458778.300   94  116 614742.329    0.00000   100%  13.1 1585s
 552422 160957     cutoff   81      614742.329    0.00000   100%  13.1 1591s
 553242 161533 587608.573   87  145 614742.329    0.00000   100%  13.2 1595s
 554341 162394 442463.834  110  144 614742.329    0.00000   100%  13.2 1601s
H554366 162394                    614742.18626    0.00000   100%  13.2 1601s
 555476 162914 438686.583   88  149 614742.186    0.00000   100%  13.2 1605s
 556673 163560 240497.874   69  158 614742.186    0.00000   100%  13.3 1610s
 557615 164201 486649.474   91  147 614742.186    0.00000   100%  13.3 1615s
 558955 165248 515162.454  234  117 614742.186    0.00000   100%  13.3 1621s
 559890 165861    0.00000   57  148 614742.186    0.00000   100%  13.4 1625s
 561081 166728 165215.276   65  166 614742.186    0.00000   100%  13.4 1630s
 562137 167415     cutoff   91      614742.186    0.00000   100%  13.4 1635s
 563181 168024     cutoff   87      614742.186    0.00000   100%  13.5 1640s
 564388 168838 254487.446   82  164 614742.186    0.00000   100%  13.5 1645s
 565429 169547 432155.824   83  149 614742.186    0.00000   100%  13.5 1651s
 566434 170255    0.00000   58  151 614742.186    0.00000   100%  13.6 1655s
H566983 170208                    614246.37735    0.00000   100%  13.6 1659s
H567047 169372                    612953.33483    0.00000   100%  13.6 1659s
H567056 150468                    588843.17061    0.00000   100%  13.6 1659s
 567158 150770 45912.2747   63  170 588843.171    0.00000   100%  13.6 1660s
 568250 151234 238773.407   75  167 588843.171    0.00000   100%  13.6 1665s
H568522 151355                    588840.09666    0.00000   100%  13.6 1666s
 569621 151897 46351.6862   63  160 588840.097    0.00000   100%  13.7 1670s
H570962 117275                    543899.86167    0.00000   100%  13.7 1674s
H571101 117383                    543896.54107    0.00000   100%  13.7 1675s
H572106 117943                    543896.52671    0.00000   100%  13.7 1680s
 573335 118634 224666.271   79  157 543896.527    0.00000   100%  13.8 1685s
 574700 119371 489232.130   83  160 543896.527    0.00000   100%  13.8 1691s
 575255 119862 391520.995   88  164 543896.527    0.00000   100%  13.9 1695s
 576395 120304     cutoff   83      543896.527    0.00000   100%  13.9 1700s
 578010 121611     cutoff   90      543896.527    0.00000   100%  13.9 1705s
 579050 122215    0.00000   58  153 543896.527    0.00000   100%  14.0 1710s
 579940 122527    0.00000   67  143 543896.527    0.00000   100%  14.0 1715s
 580978 123272     cutoff   84      543896.527    0.00000   100%  14.1 1721s
 582058 123971     cutoff   81      543896.527    0.00000   100%  14.1 1725s
 583153 124609     cutoff   80      543896.527    0.00000   100%  14.1 1730s
 584541 125417 476247.180   97  144 543896.527    0.00000   100%  14.2 1735s
 585128 125775 463682.944   77  155 543896.527    0.00000   100%  14.2 1740s
 586214 126440 256949.819   74  166 543896.527    0.00000   100%  14.2 1745s
 587205 126885 495498.476   83  154 543896.527    0.00000   100%  14.3 1750s
 588268 127451     cutoff   72      543896.527    0.00000   100%  14.3 1755s
 589317 127998 411444.661   74  173 543896.527    0.00000   100%  14.4 1760s
 590177 128490     cutoff   67      543896.527    0.00000   100%  14.4 1765s
 591400 129123 441780.318  133  107 543896.527    0.00000   100%  14.4 1770s
 592486 129666    0.00000   65  166 543896.527    0.00000   100%  14.5 1775s
 593635 130257 236882.709   72  163 543896.527    0.00000   100%  14.5 1781s
 594571 130785 261599.159   72  156 543896.527    0.00000   100%  14.6 1785s
 595524 131354 81148.6343   67  166 543896.527    0.00000   100%  14.6 1790s
 596243 131923 412583.703   76  159 543896.527    0.00000   100%  14.6 1795s
 597633 132768     cutoff   88      543896.527    0.00000   100%  14.7 1800s
 598732 133450 479211.421   84  166 543896.527    0.00000   100%  14.7 1805s
 599827 133992 419173.990   73  158 543896.527    0.00000   100%  14.7 1810s
 600676 134478 499255.339   87  168 543896.527    0.00000   100%  14.8 1815s
 602219 135429 273054.704   73  170 543896.527    0.00000   100%  14.8 1820s
 603299 135974     cutoff   76      543896.527    0.00000   100%  14.8 1825s
 604276 136548 322458.906   83  159 543896.527    0.00000   100%  14.9 1830s
 605281 137094 19836.8090   63  166 543896.527    0.00000   100%  14.9 1835s
 606040 137422 317163.492   78  162 543896.527    0.00000   100%  15.0 1840s
 607162 138057 infeasible   97      543896.527    0.00000   100%  15.0 1845s
 608292 138718 368738.310   74  148 543896.527    0.00000   100%  15.0 1850s
H608656 138860                    543893.36532    0.00000   100%  15.1 1851s
H608952 139041                    543890.04650    0.00000   100%  15.1 1852s
 609819 139567 469956.015   87  152 543890.046    0.00000   100%  15.1 1855s
 610697 139915 45141.3282   75  152 543890.046    0.00000   100%  15.1 1860s
 611706 140519    0.00000   55  170 543890.046    0.00000   100%  15.2 1866s
 612526 140933 254090.870   67  175 543890.046    0.00000   100%  15.2 1870s
 613754 141543  398.44508   70  160 543890.046    0.00000   100%  15.2 1875s
 614884 142431 193725.753   68  176 543890.046    0.00000   100%  15.3 1880s
 615907 142769 398851.310   84  161 543890.046    0.00000   100%  15.3 1886s
 616593 143238 185983.821   63  172 543890.046    0.00000   100%  15.3 1890s
 617759 143933 12202.8346   63  154 543890.046    0.00000   100%  15.4 1895s
 619228 144797    0.00000   59  157 543890.046    0.00000   100%  15.4 1900s
 620734 145792 412306.532  121  164 543890.046    0.00000   100%  15.5 1905s
 621875 146347 infeasible   75      543890.046    0.00000   100%  15.5 1910s
 623581 147267     cutoff   89      543890.046    0.00000   100%  15.6 1915s
 625092 148221 155539.735   69  183 543890.046    0.00000   100%  15.6 1920s
 626051 148713     cutoff   89      543890.046    0.00000   100%  15.7 1925s
 626929 149264    0.00000   62  166 543890.046    0.00000   100%  15.7 1931s
 627620 149779 223918.915   68  184 543890.046    0.00000   100%  15.7 1935s
 629004 150652 475227.891   76  158 543890.046    0.00000   100%  15.8 1941s
 629988 151123 115225.935   71  165 543890.046    0.00000   100%  15.8 1945s
 631134 151811 397641.604   70  173 543890.046    0.00000   100%  15.8 1950s
 631715 152181 429119.908   79  160 543890.046    0.00000   100%  15.8 1955s
 632953 152864 363540.733   78  159 543890.046    0.00000   100%  15.9 1961s
 633883 153329 114558.409   74  168 543890.046    0.00000   100%  15.9 1965s
 634984 153885 195377.124   65  173 543890.046    0.00000   100%  16.0 1970s
 636019 154461 433339.002  144  140 543890.046    0.00000   100%  16.0 1975s
 636645 154766 381065.539   82  161 543890.046    0.00000   100%  16.0 1980s
 637982 155640 269627.389   70  174 543890.046    0.00000   100%  16.0 1985s
 639046 156297 399727.783   73  146 543890.046    0.00000   100%  16.1 1991s
 639978 156837 5195.84084   65  160 543890.046    0.00000   100%  16.1 1995s
 641045 157417 252710.681   69  163 543890.046    0.00000   100%  16.2 2001s
 641721 157833 125579.949   74  167 543890.046    0.00000   100%  16.2 2006s
 642699 158271 379135.398   80  161 543890.046    0.00000   100%  16.2 2010s
 643828 158965     cutoff   79      543890.046    0.00000   100%  16.2 2015s
 644903 159556     cutoff   83      543890.046    0.00000   100%  16.3 2021s
 645768 159949 63884.8038   59  167 543890.046    0.00000   100%  16.3 2025s
 646712 160822 375804.451  169  147 543890.046    0.00000   100%  16.4 2030s
 647916 161625     cutoff  101      543890.046    0.00000   100%  16.4 2035s
 649153 162458 175012.820   73  166 543890.046    0.00000   100%  16.4 2041s
 650073 162972     cutoff   75      543890.046    0.00000   100%  16.4 2045s
 651158 163558    0.00000   68  155 543890.046    0.00000   100%  16.5 2050s
 652059 163914 410040.430   72  172 543890.046    0.00000   100%  16.5 2055s
 653030 164879     cutoff   71      543890.046    0.00000   100%  16.5 2060s
 654278 165751 292649.380   66  171 543890.046    0.00000   100%  16.5 2065s
 655459 166390 386422.980   77  136 543890.046    0.00000   100%  16.6 2071s
 656267 166783 24660.8374   61  169 543890.046    0.00000   100%  16.6 2075s
 657269 167502 16634.5311   65  160 543890.046    0.00000   100%  16.6 2080s
 658591 168181     cutoff   75      543890.046    0.00000   100%  16.6 2085s
 659647 168759 405891.785   79  140 543890.046    0.00000   100%  16.7 2090s
 660655 169280 18740.5237   69  164 543890.046    0.00000   100%  16.7 2095s
 661730 169867 489774.342   89  142 543890.046    0.00000   100%  16.7 2100s
 662395 170194 108087.062   69  160 543890.046    0.00000   100%  16.8 2105s
 663481 170908 21517.1562   58  163 543890.046    0.00000   100%  16.8 2110s
 665181 171931 471363.055   80  173 543890.046    0.00000   100%  16.8 2115s
 666749 173352 47130.9567   58  165 543890.046    0.00000   100%  16.9 2121s
 667828 173826 21687.5583   71  164 543890.046    0.00000   100%  16.9 2125s
 669054 174623    0.00000   56  164 543890.046    0.00000   100%  16.9 2130s
 670214 175812 397223.396  253  123 543890.046    0.00000   100%  16.9 2135s
 671846 176515 4795.94192   60  167 543890.046    0.00000   100%  16.9 2141s
 672428 176804 487924.660   72  174 543890.046    0.00000   100%  17.0 2145s
 673657 177506     cutoff   78      543890.046    0.00000   100%  17.0 2150s
 674570 178037     cutoff   82      543890.046    0.00000   100%  17.0 2155s
 675630 178564     cutoff   75      543890.046    0.00000   100%  17.1 2160s
 676865 179354     cutoff   81      543890.046    0.00000   100%  17.1 2165s
H677006 163922                    524176.15979    0.00000   100%  17.1 2165s
 677587 164366 227299.147   67  168 524176.160    0.00000   100%  17.1 2170s
 678738 165018 448288.963   82  174 524176.160    0.00000   100%  17.1 2175s
 679861 165835 29640.9350   63  171 524176.160    0.00000   100%  17.2 2180s
 681156 166454 481350.509   81  167 524176.160    0.00000   100%  17.2 2185s
 682253 167302     cutoff   90      524176.160    0.00000   100%  17.2 2190s
 683254 167941 391609.904   87  150 524176.160    0.00000   100%  17.2 2195s
 685268 169202 infeasible   87      524176.160    0.00000   100%  17.2 2200s
 686358 169901 72360.3084   65  171 524176.160    0.00000   100%  17.3 2205s
 687294 170588    0.00000   60  160 524176.160    0.00000   100%  17.3 2210s
 688229 170914 325444.893   64  171 524176.160    0.00000   100%  17.3 2215s
 689033 171531 2426.69212   63  167 524176.160    0.00000   100%  17.4 2220s
H689785 171829                    524157.89190    0.00000   100%  17.4 2223s
H689795 169125                    520397.47136    0.00000   100%  17.4 2223s
H690152 169438                    520397.06354    0.00000   100%  17.4 2225s
 691452 170686 105899.529   62  148 520397.064    0.00000   100%  17.4 2231s
 692600 171085    0.00000   52  162 520397.064    0.00000   100%  17.4 2235s
 693317 171750 35926.6840   62  171 520397.064    0.00000   100%  17.4 2241s
 694358 172253 29959.2510   63  174 520397.064    0.00000   100%  17.5 2245s
 695563 172922     cutoff   98      520397.064    0.00000   100%  17.5 2250s
 696640 173638 269266.469   71  159 520397.064    0.00000   100%  17.5 2256s
 697523 174232     cutoff   95      520397.064    0.00000   100%  17.5 2260s
 698327 174541 23202.0258   57  169 520397.064    0.00000   100%  17.6 2265s
 699387 175393 354638.134   69  175 520397.064    0.00000   100%  17.6 2270s
 700697 176141 infeasible   77      520397.064    0.00000   100%  17.6 2275s
 701883 177154     cutoff  120      520397.064    0.00000   100%  17.6 2280s
H702863 177075                    519691.23440    0.00000   100%  17.6 2282s
 703550 177400 14565.6899   55  170 519691.234    0.00000   100%  17.7 2285s
H704104 177854                    519690.21068    0.00000   100%  17.7 2288s
 704658 178145 346619.158   76  168 519690.211    0.00000   100%  17.7 2291s
 705597 178781    0.00000   61  167 519690.211    0.00000   100%  17.7 2295s
 706574 179599 237236.988   90  162 519690.211    0.00000   100%  17.7 2300s
 708027 180452 167619.999   72  168 519690.211    0.00000   100%  17.8 2305s
 709025 181037 402594.047   86  163 519690.211    0.00000   100%  17.8 2310s
 710463 182004 390347.742  159  123 519690.211    0.00000   100%  17.8 2315s
 711617 182544    0.00000   64  167 519690.211    0.00000   100%  17.8 2320s
 712790 183318     cutoff   83      519690.211    0.00000   100%  17.9 2325s
 713839 183883 461775.535  103  172 519690.211    0.00000   100%  17.9 2330s
 715533 184942 425762.360   94  159 519690.211    0.00000   100%  17.9 2335s
 717124 185949 420375.927   72  168 519690.211    0.00000   100%  17.9 2341s
H717133 182178                    513611.81676    0.00000   100%  17.9 2341s
H717149 176511                    504145.64387    0.00000   100%  17.9 2341s
H717299 176406                    503741.85533    0.00000   100%  17.9 2342s
 717970 176710 infeasible  100      503741.855    0.00000   100%  18.0 2345s
 718882 177008 10167.4316   64  166 503741.855    0.00000   100%  18.0 2350s
 719643 177440 48638.0176   57  166 503741.855    0.00000   100%  18.0 2355s
 720785 178118     cutoff   71      503741.855    0.00000   100%  18.0 2361s
 721711 178520     cutoff   71      503741.855    0.00000   100%  18.0 2365s
 722912 179115 365195.474   63  176 503741.855    0.00000   100%  18.1 2370s
 723908 179705    0.00000   58  161 503741.855    0.00000   100%  18.1 2376s
 724592 180079     cutoff   78      503741.855    0.00000   100%  18.1 2380s
 725601 180655 345840.772   74  170 503741.855    0.00000   100%  18.2 2385s
 726638 181215 276658.598   74  171 503741.855    0.00000   100%  18.2 2390s
 727548 181810    0.00000   56  179 503741.855    0.00000   100%  18.2 2395s
H728437 179862                    499536.36059    0.00000   100%  18.2 2400s
H729245 179978                    499533.97214    0.00000   100%  18.3 2402s
 729514 180134 425182.943  489  126 499533.972    0.00000   100%  18.3 2405s
 730561 180487 391984.997  549  127 499533.972    0.00000   100%  18.3 2411s
 731439 180917     cutoff  604      499533.972    0.00000   100%  18.3 2415s
H731879 180132                    498086.08642    0.00000   100%  18.3 2416s
H732483 180252                    498083.69797    0.00000   100%  18.3 2418s
 733222 180498    0.00000   56  166 498083.698    0.00000   100%  18.3 2421s
 734284 180995    0.00000   58  166 498083.698    0.00000   100%  18.4 2426s
 734825 181442 2074.37013   58  177 498083.698    0.00000   100%  18.4 2430s
 735994 182010    0.00000   59  167 498083.698    0.00000   100%  18.4 2435s
 737027 182567 358504.901   78  162 498083.698    0.00000   100%  18.4 2440s
 738243 183112 344084.763   69  173 498083.698    0.00000   100%  18.5 2445s
H738721 183259                    497965.89113    0.00000   100%  18.5 2447s
 739298 183671 26406.4560   69  168 497965.891    0.00000   100%  18.5 2451s
H739793 183949                    497965.89080    0.00000   100%  18.5 2454s
 740088 184059     cutoff   83      497965.891    0.00000   100%  18.5 2455s
 741088 184635 383152.310   87  154 497965.891    0.00000   100%  18.6 2461s
 742181 185237     cutoff   74      497965.891    0.00000   100%  18.6 2465s
 743053 185705 20949.2735   65  165 497965.891    0.00000   100%  18.6 2470s
 744204 186339 259014.001   74  162 497965.891    0.00000   100%  18.6 2475s
 744947 186886 43055.4736   55  175 497965.891    0.00000   100%  18.6 2481s
 746125 187465 421842.367   79  181 497965.891    0.00000   100%  18.7 2485s
 747765 188397 450642.696   66  180 497965.891    0.00000   100%  18.7 2490s
 749146 189084     cutoff   63      497965.891    0.00000   100%  18.7 2495s
 750479 189942    0.00000   53  165 497965.891    0.00000   100%  18.8 2501s
 751675 190511 68119.0866   62  164 497965.891    0.00000   100%  18.8 2505s
H752493 190501                    497252.24405    0.00000   100%  18.8 2509s
H752497 190304                    496929.73052    0.00000   100%  18.8 2509s
H752498 189337                    495124.74188    0.00000   100%  18.8 2509s
H752562 188524                    493778.44537    0.00000   100%  18.8 2509s
H752621 188618                    493776.00190    0.00000   100%  18.8 2511s
 753386 189109 409950.254   77  171 493776.002    0.00000   100%  18.8 2515s
 754675 189958 infeasible   70      493776.002    0.00000   100%  18.9 2520s
 755412 190311 1699.85663   64  174 493776.002    0.00000   100%  18.9 2525s
 756499 190843 325203.491   81  166 493776.002    0.00000   100%  18.9 2530s
 757610 191422 190412.909   77  171 493776.002    0.00000   100%  19.0 2536s
 758468 191876 464800.638   71  154 493776.002    0.00000   100%  19.0 2540s
 759770 192542 163218.417   64  171 493776.002    0.00000   100%  19.0 2545s
 760593 192914 335099.051   80  164 493776.002    0.00000   100%  19.0 2551s
 761513 193333     cutoff   66      493776.002    0.00000   100%  19.1 2555s
 762753 193987 26808.2826   57  174 493776.002    0.00000   100%  19.1 2560s
 764003 194657 21838.0041   71  168 493776.002    0.00000   100%  19.1 2566s
 765000 195138     cutoff   75      493776.002    0.00000   100%  19.1 2570s
H765337 194998                    493438.94614    0.00000   100%  19.1 2572s
 765755 195473 264674.672   71  175 493438.946    0.00000   100%  19.2 2575s
H766864 196197                    493438.94609    0.00000   100%  19.2 2580s
H766864 196196                    493436.54844    0.00000   100%  19.2 2580s
 768168 196793 60148.3728   64  174 493436.548    0.00000   100%  19.2 2585s
 769386 197938 347771.669  127  110 493436.548    0.00000   100%  19.2 2592s
 770620 198292 infeasible   91      493436.548    0.00000   100%  19.2 2595s
 771562 198952 258564.777   73  142 493436.548    0.00000   100%  19.2 2600s
 772539 199616 52978.4196   65  165 493436.548    0.00000   100%  19.3 2605s
 773730 200341     cutoff   90      493436.548    0.00000   100%  19.3 2610s
H774021 199791                    491804.07779    0.00000   100%  19.3 2611s
 774862 200110     cutoff   73      491804.078    0.00000   100%  19.3 2615s
H774864 200110                    491804.05270    0.00000   100%  19.3 2615s
H775618 200406                    491804.05261    0.00000   100%  19.3 2617s
 775705 200573     cutoff   75      491804.053    0.00000   100%  19.3 2620s
H776309 200976                    491727.36540    0.00000   100%  19.3 2621s
H776620 201174                    491719.04616    0.00000   100%  19.3 2623s
 777028 201409 358085.846   68  174 491719.046    0.00000   100%  19.4 2625s
 777821 201828     cutoff   68      491719.046    0.00000   100%  19.4 2630s
 778987 202509 396487.387   69  175 491719.046    0.00000   100%  19.4 2635s
H779544 202775                    491715.85065    0.00000   100%  19.5 2637s
H779544 202766                    491705.50625    0.00000   100%  19.5 2637s
 780031 203113 182784.386   61  190 491705.506    0.00000   100%  19.5 2640s
 780748 203339 218619.032   61  187 491705.506    0.00000   100%  19.5 2646s
 781266 203760 296471.032   59  171 491705.506    0.00000   100%  19.5 2650s
 782515 204466 432164.896   82  155 491705.506    0.00000   100%  19.6 2655s
 783339 204919     cutoff   75      491705.506    0.00000   100%  19.6 2660s
 784794 205654 310699.658   77  136 491705.506    0.00000   100%  19.6 2666s
 785622 206083 43968.8939   66  166 491705.506    0.00000   100%  19.6 2670s
H785951 206252                    491699.70599    0.00000   100%  19.6 2673s
 786256 206408     cutoff   88      491699.706    0.00000   100%  19.6 2675s
H787118 206789                    491567.97789    0.00000   100%  19.7 2679s
 787373 206895 95511.7163   58  183 491567.978    0.00000   100%  19.7 2681s
 788610 207632    0.00000   57  155 491567.978    0.00000   100%  19.7 2686s
H789358 207978                    491542.88404    0.00000   100%  19.7 2689s
 789497 208164 282773.827   73  164 491542.884    0.00000   100%  19.7 2690s
 790770 208992 339047.211  155  146 491542.884    0.00000   100%  19.8 2697s
 791801 209461 46780.1153   61  178 491542.884    0.00000   100%  19.8 2701s
 793059 210551 20105.0513   56  180 491542.884    0.00000   100%  19.8 2706s
 794462 211307 403407.116   70  176 491542.884    0.00000   100%  19.8 2710s
 795705 212085 7235.22702   58  165 491542.884    0.00000   100%  19.8 2715s
 796493 212635 104032.109   64  152 491542.884    0.00000   100%  19.8 2720s
 798485 214177    0.00000   57  161 491542.884    0.00000   100%  19.8 2725s
 800311 215126 260196.126   74  165 491542.884    0.00000   100%  19.9 2730s
 801486 215800     cutoff   87      491542.884    0.00000   100%  19.9 2735s
H802100 215949                    491412.11882    0.00000   100%  19.9 2739s
H802128 213894                    487775.93085    0.00000   100%  19.9 2739s
H802170 212504                    485638.24652    0.00000   100%  19.9 2739s
H802239 212639                    485637.90416    0.00000   100%  19.9 2740s
 803560 213392 351215.768   66  180 485637.904    0.00000   100%  19.9 2745s
 804652 213956 infeasible   77      485637.904    0.00000   100%  19.9 2750s
 805848 214557     cutoff   71      485637.904    0.00000   100%  20.0 2755s
 806449 214865 34760.7595   68  176 485637.904    0.00000   100%  20.0 2760s
 807541 215556     cutoff   71      485637.904    0.00000   100%  20.0 2765s
 809229 216992 367085.258  253  146 485637.904    0.00000   100%  20.0 2770s
 810626 217569 359626.487   68  161 485637.904    0.00000   100%  20.0 2775s
 811361 217975 64160.5202   64  175 485637.904    0.00000   100%  20.1 2780s
 812432 218516 376966.630   74  162 485637.904    0.00000   100%  20.1 2785s
 813619 219112     cutoff   79      485637.904    0.00000   100%  20.1 2790s
H814900 217612                    481741.60304    0.00000   100%  20.1 2796s
H815204 217732                    481741.14741    0.00000   100%  20.1 2797s
 815619 218018 249951.839   68  157 481741.147    0.00000   100%  20.1 2800s
 816487 218459 331097.547   97  135 481741.147    0.00000   100%  20.2 2805s
 817420 218977    0.00000   52  167 481741.147    0.00000   100%  20.2 2810s
 818531 219510 421011.645   66  172 481741.147    0.00000   100%  20.2 2815s
 819702 220137 36456.6751   57  170 481741.147    0.00000   100%  20.3 2821s
 820433 220543     cutoff   77      481741.147    0.00000   100%  20.3 2825s
 821525 221010     cutoff   65      481741.147    0.00000   100%  20.3 2831s
 822058 221318 69172.5541   57  168 481741.147    0.00000   100%  20.3 2835s
H823057 221671                    481731.43363    0.00000   100%  20.4 2839s
 823153 221843 20383.4491   56  163 481731.434    0.00000   100%  20.4 2840s
 824104 222646 374529.482   72  178 481731.434    0.00000   100%  20.4 2846s
 825254 223141    0.00000   55  171 481731.434    0.00000   100%  20.4 2850s
 826654 223978 131589.361   66  174 481731.434    0.00000   100%  20.5 2855s
 827401 224497 103858.655   72  165 481731.434    0.00000   100%  20.5 2860s
H828566 224945                    481730.97383    0.00000   100%  20.5 2864s
 828737 225137     cutoff   79      481730.974    0.00000   100%  20.5 2866s
 829698 225583 368565.590   62  155 481730.974    0.00000   100%  20.5 2870s
 830896 226320     cutoff   77      481730.974    0.00000   100%  20.5 2875s
 831976 226774 41833.4756   56  173 481730.974    0.00000   100%  20.6 2880s
 832668 227170 406405.010   96  145 481730.974    0.00000   100%  20.6 2885s
 833734 227889 59888.1821   58  181 481730.974    0.00000   100%  20.6 2891s
 834630 228346 8083.68330   55  175 481730.974    0.00000   100%  20.7 2895s
 835598 228841 342419.063   64  177 481730.974    0.00000   100%  20.7 2901s
 836597 229288 360625.085   61  151 481730.974    0.00000   100%  20.7 2905s
 837445 229805 146437.328   66  174 481730.974    0.00000   100%  20.7 2911s
 838502 230604 220175.066   72  167 481730.974    0.00000   100%  20.8 2916s
 839493 231043 113939.996   58  183 481730.974    0.00000   100%  20.8 2920s
 840452 231625  725.18751   54  176 481730.974    0.00000   100%  20.8 2926s
 841414 232067 406122.550   74  166 481730.974    0.00000   100%  20.8 2931s
H841429 231544                    480784.35795    0.00000   100%  20.8 2931s
H842101 232108                    480781.94531    0.00000   100%  20.8 2934s
 842488 232120 302298.126   70  173 480781.945    0.00000   100%  20.8 2936s
 843260 233390 270320.391  181  142 480781.945    0.00000   100%  20.9 2941s
 844588 233905    0.00000   54  174 480781.945    0.00000   100%  20.9 2945s
 845709 234546     cutoff   89      480781.945    0.00000   100%  20.9 2951s
 847445 235920    0.00000   58  161 480781.945    0.00000   100%  20.9 2957s
 848278 236462 161908.739   71  167 480781.945    0.00000   100%  20.9 2960s
 849476 237051 infeasible   84      480781.945    0.00000   100%  20.9 2965s
 850820 237707     cutoff   74      480781.945    0.00000   100%  20.9 2970s
 852056 238318     cutoff   66      480781.945    0.00000   100%  21.0 2975s
 852962 238915 379432.373  243  136 480781.945    0.00000   100%  21.0 2980s
 854525 239936 377585.424   85  158 480781.945    0.00000   100%  21.0 2985s
H854757 239388                    479584.42632    0.00000   100%  21.0 2987s
H854870 236539                    474064.58636    0.00000   100%  21.0 2987s
 855118 236914 16227.4461   57  173 474064.586    0.00000   100%  21.0 2990s
 856435 237647     cutoff   94      474064.586    0.00000   100%  21.0 2995s
 857606 238254    0.00000   53  176 474064.586    0.00000   100%  21.0 3000s
 858432 238635 28030.7935   64  172 474064.586    0.00000   100%  21.1 3005s
 859431 239164    0.00000   56  176 474064.586    0.00000   100%  21.1 3010s
 860430 239673 57471.0445   59  185 474064.586    0.00000   100%  21.1 3015s
 861450 240294    0.00000   65  165 474064.586    0.00000   100%  21.1 3020s
 862461 240826 infeasible   65      474064.586    0.00000   100%  21.2 3025s
H862463 240472                    473394.83149    0.00000   100%  21.2 3025s
 863340 240948 360738.941   77  179 473394.831    0.00000   100%  21.2 3031s
 864401 241623 199696.003   71  144 473394.831    0.00000   100%  21.2 3035s
 865886 242312 351926.180   81  166 473394.831    0.00000   100%  21.2 3041s
 866706 242868 8312.16813   56  182 473394.831    0.00000   100%  21.2 3045s
H867785 243323                    473377.80455    0.00000   100%  21.3 3050s
 868475 243740 130901.622   62  182 473377.805    0.00000   100%  21.3 3055s
 869244 244219 306609.138   67  171 473377.805    0.00000   100%  21.3 3060s
 870528 244825 9812.66618   59  182 473377.805    0.00000   100%  21.3 3066s
 871546 245375 98785.4033   59  178 473377.805    0.00000   100%  21.3 3070s
 872706 246023 38359.0425   66  172 473377.805    0.00000   100%  21.3 3075s
 873562 246423     cutoff   70      473377.805    0.00000   100%  21.4 3080s
 874543 247098 344452.111   71  169 473377.805    0.00000   100%  21.4 3085s
 875909 247817 289073.440   72  177 473377.805    0.00000   100%  21.4 3090s
 877753 248794 212854.180   65  164 473377.805    0.00000   100%  21.4 3095s
 879027 249518     cutoff   80      473377.805    0.00000   100%  21.5 3101s
 879929 249928     cutoff   71      473377.805    0.00000   100%  21.5 3105s
H880581 250072                    473154.64438    0.00000   100%  21.5 3108s
H880614 249721                    472430.48462    0.00000   100%  21.5 3108s
H880665 249621                    472211.75194    0.00000   100%  21.5 3109s
H880680 247088                    467528.47076    0.00000   100%  21.5 3109s
 880719 247154     cutoff   63      467528.471    0.00000   100%  21.5 3110s
H880721 246586                    466325.92037    0.00000   100%  21.5 3110s
H880823 246586                    466325.51190    0.00000   100%  21.5 3110s
 881547 247087 22280.1275   52  188 466325.512    0.00000   100%  21.6 3115s
 882561 247626 15953.7279   53  171 466325.512    0.00000   100%  21.6 3121s
 883343 248050    0.00000   53  169 466325.512    0.00000   100%  21.6 3125s
 883856 248220 105204.307   61  169 466325.512    0.00000   100%  21.6 3130s
 884759 248679 26403.3372   54  180 466325.512    0.00000   100%  21.7 3135s
 885937 249143 75645.4495   56  179 466325.512    0.00000   100%  21.7 3141s
 886724 249584    0.00000   48  158 466325.512    0.00000   100%  21.7 3145s
 887777 250167 61362.0451   54  172 466325.512    0.00000   100%  21.8 3151s
 888700 250583 194042.191   59  183 466325.512    0.00000   100%  21.8 3155s
 889176 250959    0.00000   55  183 466325.512    0.00000   100%  21.8 3160s
 890209 251466 288724.800   60  183 466325.512    0.00000   100%  21.9 3165s
 891647 252261    0.00000   51  177 466325.512    0.00000   100%  21.9 3171s
 892785 252801 5588.25031   52  177 466325.512    0.00000   100%  21.9 3175s
H893773 253151                    466170.49374    0.00000   100%  21.9 3178s
H893781 253131                    466120.58793    0.00000   100%  21.9 3178s
H893793 250320                    460725.00660    0.00000   100%  21.9 3178s
 893966 250365 276296.016   63  171 460725.007    0.00000   100%  21.9 3180s
 895305 251298     cutoff   57      460725.007    0.00000   100%  22.0 3185s
 896528 251858     cutoff   69      460725.007    0.00000   100%  22.0 3191s
 897486 252380 15067.2801   55  184 460725.007    0.00000   100%  22.0 3196s
 898471 252838 353869.901   71  179 460725.007    0.00000   100%  22.0 3200s
 899510 253454 375581.353   66  170 460725.007    0.00000   100%  22.1 3206s
 900609 254318 337869.001  157  149 460725.007    0.00000   100%  22.1 3210s
 902189 255058 346028.043   71  176 460725.007    0.00000   100%  22.1 3216s
 902927 255354     cutoff   69      460725.007    0.00000   100%  22.1 3220s
 904023 256491 294033.513  341   92 460725.007    0.00000   100%  22.1 3226s
 905452 257192 55750.6981   55  172 460725.007    0.00000   100%  22.1 3230s
 906610 257889 250363.166   62  185 460725.007    0.00000   100%  22.1 3235s
H906618 256460                    458035.79410    0.00000   100%  22.1 3235s
 908058 257281 335296.406   63  147 458035.794    0.00000   100%  22.2 3240s
 908973 257800    0.00000   55  167 458035.794    0.00000   100%  22.2 3245s
 909597 258050 318533.893   67  181 458035.794    0.00000   100%  22.2 3250s
 910463 258523 306889.344   66  148 458035.794    0.00000   100%  22.2 3256s
 911174 258868     cutoff   72      458035.794    0.00000   100%  22.3 3260s
 912242 259407 31142.4906   56  173 458035.794    0.00000   100%  22.3 3266s
 913156 259860 37130.9565   56  187 458035.794    0.00000   100%  22.3 3270s
 914376 260445 316763.252   74  146 458035.794    0.00000   100%  22.4 3276s
 915331 260944 440373.044   67  171 458035.794    0.00000   100%  22.4 3281s
 916299 261607 361333.979   73  174 458035.794    0.00000   100%  22.4 3285s
 917457 262245 394249.105  266  111 458035.794    0.00000   100%  22.4 3290s
 918896 262827 363473.385   63  180 458035.794    0.00000   100%  22.4 3295s
 919597 263129 147956.342   60  151 458035.794    0.00000   100%  22.4 3300s
 920927 263863 334810.202   79  162 458035.794    0.00000   100%  22.4 3306s
 921828 264335 228624.941   61  177 458035.794    0.00000   100%  22.5 3310s
 923072 265089 82097.3372   67  167 458035.794    0.00000   100%  22.5 3315s
 924437 265989     cutoff   81      458035.794    0.00000   100%  22.5 3320s
 925034 266212     cutoff   87      458035.794    0.00000   100%  22.5 3325s
 926228 266869 95256.9638   59  185 458035.794    0.00000   100%  22.5 3330s
 927654 267773    0.00000   55  161 458035.794    0.00000   100%  22.6 3335s
 929676 268872 237593.528   69  165 458035.794    0.00000   100%  22.6 3341s
 930178 269527 405624.047  216  138 458035.794    0.00000   100%  22.6 3345s
 931835 270178 312944.671   68  179 458035.794    0.00000   100%  22.6 3350s
 933498 271428 321812.116   71  152 458035.794    0.00000   100%  22.6 3355s
 934615 272020 217813.889   64  185 458035.794    0.00000   100%  22.6 3360s
 935275 272349 350322.392   70  168 458035.794    0.00000   100%  22.6 3365s
 936272 272822 33743.1875   56  181 458035.794    0.00000   100%  22.6 3370s
 937147 273265 372280.148   95  166 458035.794    0.00000   100%  22.7 3375s
 938277 273857    0.00000   51  172 458035.794    0.00000   100%  22.7 3380s
 939493 274411     cutoff   70      458035.794    0.00000   100%  22.7 3386s
 940255 274709 33117.9207   57  173 458035.794    0.00000   100%  22.7 3391s
 940915 275075 18788.4594   52  180 458035.794    0.00000   100%  22.7 3395s
 941970 275616     cutoff   70      458035.794    0.00000   100%  22.7 3400s
 942807 276260     cutoff   68      458035.794    0.00000   100%  22.8 3405s
H943016 275243                    456287.33766    0.00000   100%  22.8 3405s
 944893 276216 283243.719   68  172 456287.338    0.00000   100%  22.8 3410s
 945627 276622 293365.966   64  166 456287.338    0.00000   100%  22.8 3415s
 946705 277165 199213.468   72  177 456287.338    0.00000   100%  22.8 3420s
 947775 277667 241433.436   65  182 456287.338    0.00000   100%  22.8 3426s
 948614 278479     cutoff   66      456287.338    0.00000   100%  22.8 3430s
 950098 278999     cutoff   65      456287.338    0.00000   100%  22.9 3435s
 951002 279405 365199.010   68  174 456287.338    0.00000   100%  22.9 3441s
 951702 279746 378517.499   70  169 456287.338    0.00000   100%  22.9 3445s
 953009 280502 78814.4108   64  179 456287.338    0.00000   100%  22.9 3450s
 954304 281098 66069.4778   70  172 456287.338    0.00000   100%  22.9 3455s
 955402 281616 322772.407   59  178 456287.338    0.00000   100%  23.0 3460s
 955933 281854 281331.843   61  157 456287.338    0.00000   100%  23.0 3465s
 956528 282202 infeasible   61      456287.338    0.00000   100%  23.0 3470s
 957436 282661 331099.358   62  164 456287.338    0.00000   100%  23.0 3475s
 958489 283144    0.00000   49  177 456287.338    0.00000   100%  23.1 3481s
 959377 283552     cutoff   60      456287.338    0.00000   100%  23.1 3485s
 960163 283952     cutoff   61      456287.338    0.00000   100%  23.1 3491s
 960977 284251 193371.766   54  168 456287.338    0.00000   100%  23.1 3496s
 961556 284603 238615.557   64  182 456287.338    0.00000   100%  23.2 3500s
 962557 285146 222986.871   62  178 456287.338    0.00000   100%  23.2 3506s
 963467 285634 298538.268   61  166 456287.338    0.00000   100%  23.2 3510s
 964314 286012     cutoff   64      456287.338    0.00000   100%  23.2 3515s
 965170 286569     cutoff   61      456287.338    0.00000   100%  23.3 3520s
 966026 286899     cutoff   62      456287.338    0.00000   100%  23.3 3525s
 967242 287705 344078.103   89  161 456287.338    0.00000   100%  23.3 3531s
 968292 288079     cutoff   68      456287.338    0.00000   100%  23.3 3535s
 969053 288527 296268.610   62  179 456287.338    0.00000   100%  23.3 3540s
 970130 289001 316666.349   64  167 456287.338    0.00000   100%  23.4 3545s
 970948 289515    0.00000   50  171 456287.338    0.00000   100%  23.4 3550s
 971599 289917    0.00000   47  159 456287.338    0.00000   100%  23.4 3555s
 972898 290455 414427.612   68  164 456287.338    0.00000   100%  23.4 3560s
 973916 290941 358166.769   63  176 456287.338    0.00000   100%  23.4 3566s
 974690 291308 77246.2346   53  175 456287.338    0.00000   100%  23.5 3570s
 975771 292007 319512.525   65  182 456287.338    0.00000   100%  23.5 3576s
 976510 292259    0.00000   50  164 456287.338    0.00000   100%  23.5 3581s
 977488 292729 296177.901   63  170 456287.338    0.00000   100%  23.5 3585s
 978680 293310 17178.9580   52  173 456287.338    0.00000   100%  23.6 3591s
 979661 293845 379217.411   80  157 456287.338    0.00000   100%  23.6 3595s
 980670 294328 21713.7519   51  188 456287.338    0.00000   100%  23.6 3600s

Cutting planes:
  Implied bound: 2
  MIR: 32
  Flow cover: 11
  RLT: 14

Explored 980895 nodes (23142936 simplex iterations) in 3600.04 seconds (2377.24 work units)
Thread count was 2 (of 24 available processors)

Solution count 10: 456287 458036 460725 ... 472430

Time limit reached
Best objective 4.562873376557e+05, best bound 0.000000000000e+00, gap 100.0000%
