Meta_10;393342;0.0;0.5;267522;2055956.6301432422;0.49058309413434714;0;0.0
Meta_1;393342;0.0;0.0;229222;970177.6906579633;0.32257578786950986;3600;0.051410338172447674
Meta_2;393342;0.0;0.05555555555555555;230947;1038658.2127135291;0.3227940121893752;3615;0.05151092036363125
Meta_3;393342;0.0;0.1111111111111111;226002;854411.8540894483;0.3214525405968681;3612;0.054148953282211136
Meta_4;393342;0.0;0.16666666666666666;229783;984228.679602635;0.32377577718551803;3600;0.05835701494352303
Meta_5;393342;0.0;0.2222222222222222;229153;955412.3220727268;0.3235066425172021;3611;0.062137527173989265
Meta_6;393342;0.0;0.2777777777777778;226290;869154.5054725278;0.32100536494348636;3614;0.06712601466069013
Meta_7;393342;0.0;0.3333333333333333;236274;1190522.0523981557;0.33334913416813083;3600;0.031329777437349715
Meta_8;393342;0.0;0.38888888888888884;256223;1749539.0288400776;0.3888900101659174;3614;0.013155120320293767
Meta_9;393342;0.0;0.4444444444444444;263287;1897627.9141342607;0.4444454819490105;3600;0.00275892714219899
Meta_20;393342;872749.4104992194;0.5;267522;2055956.6301432422;0.49058309413434714;0;0.0
Meta_11;393342;872749.4104992194;0.0;234817;1153519.8400029659;0.3296020672791674;3600;0.06449043722008208
Meta_12;393342;872749.4104992194;0.05555555555555555;234368;1126271.0087113415;0.33183850546690946;3612;0.06946071463113922
Meta_13;393342;872749.4104992194;0.1111111111111111;233538;1084874.7276109445;0.3325703174803542;3678;0.07286415775403317
Meta_14;393342;872749.4104992194;0.16666666666666666;233862;1105548.614245437;0.32995938742435726;3681;0.07161302627931189
Meta_15;393342;872749.4104992194;0.2222222222222222;233999;1114675.123105922;0.3321713453162193;3671;0.08337440016865375
Meta_16;393342;872749.4104992194;0.2777777777777778;234787;1151777.5432479493;0.3318216572619236;3643;0.0927608028334629
Meta_17;393342;872749.4104992194;0.3333333333333333;242909;1316577.3338758517;0.35850254973778906;3600;0.09594040835160926
Meta_18;393342;872749.4104992194;0.38888888888888884;255593;1749912.1791130288;0.3946067633107957;3600;0.04260632460897462
Meta_19;393342;872749.4104992194;0.4444444444444444;263259;1896341.7449201986;0.444444226496306;3600;0.0023585574113981454
Meta_30;393342;1745498.8209984389;0.5;267522;2055956.6301432422;0.49058309413434714;0;0.0
Meta_21;393342;1745498.8209984389;0.0;249294;1745496.9679992548;0.3469375164813785;3600;0.0807328059306917
Meta_22;393342;1745498.8209984389;0.05555555555555555;249168;1745493.2296233012;0.3460787270467348;3600;0.0801612886602399
Meta_23;393342;1745498.8209984389;0.1111111111111111;249190;1742558.8552202436;0.34610914715745417;3600;0.08284396704541663
Meta_24;393342;1745498.8209984389;0.16666666666666666;249092;1745495.5520888146;0.3457278200483166;3627;0.0872359580738049
Meta_25;393342;1745498.8209984389;0.2222222222222222;249175;1745419.861697869;0.34597060251746736;3600;0.09542379980619906
Meta_26;393342;1745498.8209984389;0.2777777777777778;249217;1745308.9737367202;0.3466942365072818;3622;0.10994931108015361
Meta_27;393342;1745498.8209984389;0.3333333333333333;250839;1749730.7210917894;0.3548228852751518;3622;0.0993710593934092
Meta_28;393342;1745498.8209984389;0.38888888888888884;254951;1739045.3028968065;0.3936121632014449;3600;0.04697271718712202
Meta_29;393342;1745498.8209984389;0.4444444444444444;264082;1935676.8587631353;0.4444508644824988;3600;0.0028826476881283563
Meta_40;393342;2618248.2314976584;0.5;278204;2618275.0434945193;0.4942699370529926;0;0.0
Meta_31;393342;2618248.2314976584;0.0;252353;1967446.8910779;0.35291713358671467;3632;0.08402048512593137
Meta_32;393342;2618248.2314976584;0.05555555555555555;253622;1960785.2780389746;0.3550211163687673;3617;0.08494211480995065
Meta_33;393342;2618248.2314976584;0.1111111111111111;252307;1970106.6801658385;0.3525663227000972;3600;0.08714249743307571
Meta_34;393342;2618248.2314976584;0.16666666666666666;252973;1997289.7198491523;0.35400620201706823;3600;0.09313960859157999
Meta_35;393342;2618248.2314976584;0.2222222222222222;250337;1899157.0904444389;0.34818583838667727;3643;0.09769900313737906
Meta_36;393342;2618248.2314976584;0.2777777777777778;253446;2013670.8407742565;0.3548569890316723;3624;0.11511965444204156
Meta_37;393342;2618248.2314976584;0.3333333333333333;253479;2026205.6303809395;0.3560827303221725;3638;0.12656092309219977
Meta_38;393342;2618248.2314976584;0.38888888888888884;264869;2386051.0117517747;0.392300844970592;3618;0.07152094513898795
Meta_39;393342;2618248.2314976584;0.4444444444444444;276353;2619260.8611136544;0.44444607235167183;3600;0.007359611937687473
Meta_50;393342;3490997.6419968777;0.5;283081;3113161.774885887;0.49368810398367735;0;0.0
Meta_41;393342;3490997.6419968777;0.0;253165;2004392.149072018;0.3540550104960809;3600;0.08169853531534854
Meta_42;393342;3490997.6419968777;0.05555555555555555;252510;1977368.2707703407;0.35193075088267345;3600;0.08042374585224243
Meta_43;393342;3490997.6419968777;0.1111111111111111;252673;1983751.736948609;0.3528140967691573;3600;0.08462098519415251
Meta_44;393342;3490997.6419968777;0.16666666666666666;251319;1937394.2080927894;0.3498294550505915;3600;0.08669407016760176
Meta_45;393342;3490997.6419968777;0.2222222222222222;252959;1995688.3095532286;0.35396299402397047;3600;0.0985918655717669
Meta_46;393342;3490997.6419968777;0.2777777777777778;252438;1969525.905880927;0.3528495409278286;3600;0.11086497270842716
Meta_47;393342;3490997.6419968777;0.3333333333333333;254259;2043918.8523283552;0.3576170601097768;3600;0.12401450010335094
Meta_48;393342;3490997.6419968777;0.38888888888888884;264950;2451677.999357287;0.3889317548023563;3600;0.04865975555857345
Meta_49;393342;3490997.6419968777;0.4444444444444444;279017;2944693.990327204;0.444444417256493;3600;0.011559714707650598
Meta_60;393342;4363747.052496097;0.5;283081;3113161.774885887;0.49368810398367735;0;0.0
Meta_51;393342;4363747.052496097;0.0;252827;1987792.4229702153;0.35277593325385104;3600;0.08052388283250037
Meta_52;393342;4363747.052496097;0.05555555555555555;250779;1908703.3794346305;0.34918772005577137;3600;0.08086300621881895
Meta_53;393342;4363747.052496097;0.1111111111111111;253231;2004960.6991573758;0.3541328672397187;3603;0.08575668727284257
Meta_54;393342;4363747.052496097;0.16666666666666666;251243;1927818.4141037832;0.35106743768280413;3600;0.08983560223375281
Meta_55;393342;4363747.052496097;0.2222222222222222;252965;1990393.3333278878;0.353478830054824;3600;0.09705088689834905
Meta_56;393342;4363747.052496097;0.2777777777777778;249857;1875018.5114866055;0.3476892317961873;3600;0.1081164831596727
Meta_57;393342;4363747.052496097;0.3333333333333333;250843;1907805.1321180325;0.35120920572572834;3602;0.11999171669040842
Meta_58;393342;4363747.052496097;0.38888888888888884;265090;2462025.1491564135;0.38898024595662545;3600;0.047278688056971156
Meta_59;393342;4363747.052496097;0.4444444444444444;278934;2942611.8396808403;0.4444456663115808;3600;0.012126510029644204
Meta_70;393342;5236496.462995317;0.5;283081;3113161.774885887;0.49368810398367735;0;0.0
Meta_61;393342;5236496.462995317;0.0;252084;1963122.0530282897;0.3516783301650645;3600;0.07975830953037513
Meta_62;393342;5236496.462995317;0.05555555555555555;252896;1987817.230164444;0.3536522662839674;3606;0.08180054724356535
Meta_63;393342;5236496.462995317;0.1111111111111111;250607;1917745.0514042783;0.3493767753513892;3600;0.08361423249163902
Meta_64;393342;5236496.462995317;0.16666666666666666;249102;1857517.8725386707;0.3456611414414905;3601;0.08552590133226547
Meta_65;393342;5236496.462995317;0.2222222222222222;252754;1986225.2165275898;0.3527842955856387;3600;0.09727139192675487
Meta_66;393342;5236496.462995317;0.2777777777777778;251944;1955911.4269317165;0.35227687854313083;3608;0.1116616891661159
Meta_67;393342;5236496.462995317;0.3333333333333333;253651;2017987.1744625922;0.3561215270673977;3608;0.12220731576303484
Meta_68;393342;5236496.462995317;0.38888888888888884;264865;2457161.1497630537;0.3888926590805618;3600;0.04633760822651595
Meta_69;393342;5236496.462995317;0.4444444444444444;279033;2946028.6461194605;0.44444476000952654;3607;0.011242025652713235
Meta_80;393342;6109245.873494536;0.5;283081;3280687.4557632343;0.494418020042953;0;0.0
Meta_71;393342;6109245.873494536;0.0;252618;2035387.8679123411;0.3529929254675042;3600;0.08196341649155883
Meta_72;393342;6109245.873494536;0.05555555555555555;252555;2032396.3775449914;0.35290979954896134;3600;0.08169196854700272
Meta_73;393342;6109245.873494536;0.1111111111111111;252212;2026482.4051560375;0.35218004511282014;3600;0.08412907025521875
Meta_74;393342;6109245.873494536;0.16666666666666666;253216;2101719.865102466;0.3541044187227111;3600;0.08989682560965502
Meta_75;393342;6109245.873494536;0.2222222222222222;253531;2113753.7931761304;0.3553536570435746;3602;0.10004673445217944
Meta_76;393342;6109245.873494536;0.2777777777777778;253885;2137771.367130048;0.3558456310124193;3600;0.11328296951904036
Meta_77;393342;6109245.873494536;0.3333333333333333;252731;2081585.366709838;0.35496048482525777;3600;0.12391073150589565
Meta_78;393342;6109245.873494536;0.38888888888888884;265472;2595971.347128531;0.3889300950690676;3600;0.043355018345961095
Meta_79;393342;6109245.873494536;0.4444444444444444;279097;3126450.778519621;0.4444440953490813;3600;0.008261320140111399
Meta_90;393342;6981995.2839937555;0.5;283081;3280687.4557632343;0.494418020042953;0;0.0
Meta_81;393342;6981995.2839937555;0.0;252618;2035387.8679123411;0.3529929254675042;3600;0.08196341649155883
Meta_82;393342;6981995.2839937555;0.05555555555555555;252555;2032396.3775449914;0.35290979954896134;3600;0.08169667282786568
Meta_83;393342;6981995.2839937555;0.1111111111111111;252234;2026570.9038631797;0.3522220103272468;3600;0.08415501216030723
Meta_84;393342;6981995.2839937555;0.16666666666666666;253216;2101719.865102466;0.3541044187227111;3600;0.08989758182129012
Meta_85;393342;6981995.2839937555;0.2222222222222222;253531;2113753.7931761304;0.3553536570435746;3600;0.10003357040676522
Meta_86;393342;6981995.2839937555;0.2777777777777778;253885;2137771.367130048;0.3558456310124193;3600;0.11328296951904036
Meta_87;393342;6981995.2839937555;0.3333333333333333;252731;2081585.366709838;0.35496048482525777;3600;0.1239329979376933
Meta_88;393342;6981995.2839937555;0.38888888888888884;265472;2595971.347128531;0.3889300950690676;3600;0.04335766883716451
Meta_89;393342;6981995.2839937555;0.4444444444444444;279097;3126450.778519621;0.4444440953490813;3600;0.00826266364068073
Meta_100;393342;7854744.694492975;0.5;283081;3280687.4557632343;0.494418020042953;0;0.0
Meta_91;393342;7854744.694492975;0.0;252618;2035387.8679123411;0.3529929254675042;3608;0.08196341649155883
Meta_92;393342;7854744.694492975;0.05555555555555555;252555;2032396.3775449914;0.35290979954896134;3600;0.08169700660777336
Meta_93;393342;7854744.694492975;0.1111111111111111;252204;2026146.1189560376;0.35216872761522255;3600;0.08414125161119161
Meta_94;393342;7854744.694492975;0.16666666666666666;253216;2101719.865102466;0.3541044187227111;3605;0.08989682560965502
Meta_95;393342;7854744.694492975;0.2222222222222222;253531;2113753.7931761304;0.3553536570435746;3600;0.10003357040676522
Meta_96;393342;7854744.694492975;0.2777777777777778;253889;2137842.4064275604;0.3558563368028055;3600;0.113295381457368
Meta_97;393342;7854744.694492975;0.3333333333333333;252731;2081585.366709838;0.35496048482525777;3600;0.12390884788315436
Meta_98;393342;7854744.694492975;0.38888888888888884;265472;2595971.347128531;0.3889300950690676;3600;0.043355018345961095
Meta_99;393342;7854744.694492975;0.4444444444444444;279097;3126450.778519621;0.4444440953490813;3600;0.008261215357716234
Meta_110;371884;0.0;0.5;267522;2055956.6301432422;0.49058309413434714;0;0.0
Meta_101;371884;0.0;0.0;229441;978516.2208205612;0.32213824901641314;3600;0.05451357831862839
Meta_102;371884;0.0;0.05555555555555555;226145;863350.1853786142;0.3222026311405039;3641;0.05884063734546381
Meta_103;371884;0.0;0.1111111111111111;229815;981416.7239610697;0.3239326627588988;3620;0.06010731507884697
Meta_104;371884;0.0;0.16666666666666666;229985;992052.3916729599;0.3232253043598985;3621;0.06238375090870139
Meta_105;371884;0.0;0.2222222222222222;228177;915177.6868106689;0.3231945413319272;3600;0.06827393534428694
Meta_106;371884;0.0;0.2777777777777778;224984;796939.012452461;0.32231140533910435;3618;0.07776803271901997
Meta_107;371884;0.0;0.3333333333333333;229127;900463.032829052;0.333479084908011;3600;0.04088959144420169
Meta_108;371884;0.0;0.38888888888888884;255775;1733068.5827087977;0.3888868279227433;3600;0.015564429891275204
Meta_109;371884;0.0;0.4444444444444444;263585;1911938.9773653182;0.444445407570974;3600;0.0032180526458106934
Meta_120;371884;872749.4104992194;0.5;267522;2055956.6301432422;0.49058309413434714;0;0.0
Meta_111;371884;872749.4104992194;0.0;234031;1118044.8188104988;0.3306859781888724;3610;0.07295221667038519
Meta_112;371884;872749.4104992194;0.05555555555555555;231676;1029854.4130187479;0.32896691349359386;3615;0.07142597889404925
Meta_113;371884;872749.4104992194;0.1111111111111111;234765;1153919.858780376;0.3295972506613593;3669;0.07393423069003949
Meta_114;371884;872749.4104992194;0.16666666666666666;236460;1244297.9955717123;0.329926745911645;3643;0.08054383587585971
Meta_115;371884;872749.4104992194;0.2222222222222222;233675;1107289.7530747685;0.32906868054909394;3622;0.08497432189206747
Meta_116;371884;872749.4104992194;0.2777777777777778;232098;1033018.4708960223;0.32943856291312956;3600;0.09773249992024206
Meta_117;371884;872749.4104992194;0.3333333333333333;243179;1399538.379070088;0.3502185995901354;3600;0.08851659650412887
Meta_118;371884;872749.4104992194;0.38888888888888884;255375;1755675.5891485407;0.39361703839300083;3600;0.04685647840440911
Meta_119;371884;872749.4104992194;0.4444444444444444;263764;1919606.4783773294;0.4444435082970358;3600;0.0025075803511399463
Meta_130;371884;1745498.8209984389;0.5;267522;2055956.6301432422;0.49058309413434714;0;0.0
Meta_121;371884;1745498.8209984389;0.0;248812;1745478.2781431824;0.3449624431945168;3600;0.08559861400351997
Meta_122;371884;1745498.8209984389;0.05555555555555555;248990;1745959.8522004455;0.34625585721807456;3600;0.08907459033952034
Meta_123;371884;1745498.8209984389;0.1111111111111111;249260;1745507.631021785;0.3461724335647104;3600;0.09097508003643817
Meta_124;371884;1745498.8209984389;0.16666666666666666;249036;1745512.8061229903;0.3456881935166931;3611;0.09666788864709955
Meta_125;371884;1745498.8209984389;0.2222222222222222;248940;1745330.003611171;0.3453503376470035;3637;0.10595955597239164
Meta_126;371884;1745498.8209984389;0.2777777777777778;248369;1731035.0363260438;0.34397999286299163;3600;0.12052380681533245
Meta_127;371884;1745498.8209984389;0.3333333333333333;249905;1744340.1811295415;0.35193909952963054;3600;0.10919163009875
Meta_128;371884;1745498.8209984389;0.38888888888888884;259300;1850770.948172671;0.4045538338086872;3600;0.09631542406829267
Meta_129;371884;1745498.8209984389;0.4444444444444444;263343;1903952.082913917;0.4444509129096511;3600;0.005110977807081624
Meta_140;371884;2618248.2314976584;0.5;278204;2618275.0434945193;0.4942699370529926;1;0.0
Meta_131;371884;2618248.2314976584;0.0;252786;1994815.069485607;0.3538862856640302;3600;0.09260281325892374
Meta_132;371884;2618248.2314976584;0.05555555555555555;252453;1908793.61259442;0.352947737430489;3628;0.09273814458913342
Meta_133;371884;2618248.2314976584;0.1111111111111111;253985;2034968.3401678107;0.35571967160040746;3600;0.09681759814600686
Meta_134;371884;2618248.2314976584;0.16666666666666666;253107;2009313.7561231675;0.35422339267561975;3600;0.10299805411249914
Meta_135;371884;2618248.2314976584;0.2222222222222222;252794;1990504.5199464397;0.3530757729173549;3600;0.11152345667282305
Meta_136;371884;2618248.2314976584;0.2777777777777778;251241;1916872.5647484558;0.3510514401488509;3600;0.12994713046042383
Meta_137;371884;2618248.2314976584;0.3333333333333333;248857;1848117.1598804218;0.34649443431864235;3628;0.13954086064951987
Meta_138;371884;2618248.2314976584;0.38888888888888884;264047;2417123.840232578;0.39020990201731737;3600;0.08065127057152677
Meta_139;371884;2618248.2314976584;0.4444444444444444;276183;2618235.013993706;0.44444512313393364;3600;0.008935606089846239
Meta_150;371884;3490997.6419968777;0.5;283081;3113161.774885887;0.49368810398367735;0;0.0
Meta_141;371884;3490997.6419968777;0.0;250680;1911733.1469128288;0.34879055175587304;3600;0.08636755294950163
Meta_142;371884;3490997.6419968777;0.05555555555555555;252814;1992052.9776201749;0.353377925088919;3600;0.08969752744399576
Meta_143;371884;3490997.6419968777;0.1111111111111111;251112;1924849.124130971;0.35025884216674996;3600;0.09208339151535921
Meta_144;371884;3490997.6419968777;0.16666666666666666;250890;1914186.321118167;0.34955970244467915;3600;0.09761431678097587
Meta_145;371884;3490997.6419968777;0.2222222222222222;252040;1954623.984250556;0.3527982173713395;3600;0.11111587309030845
Meta_146;371884;3490997.6419968777;0.2777777777777778;249885;1885034.708976483;0.3478697251265657;3601;0.12306670919862575
Meta_147;371884;3490997.6419968777;0.3333333333333333;255979;2115303.0008725733;0.3619821998285039;3600;0.14963731713370257
Meta_148;371884;3490997.6419968777;0.38888888888888884;264693;2435514.511493793;0.3888903020754681;3600;0.058249879996938134
Meta_149;371884;3490997.6419968777;0.4444444444444444;279000;2945705.6290792865;0.444445042383783;3600;0.01427016459562565
Meta_160;371884;4363747.052496097;0.5;283081;3113161.774885887;0.49368810398367735;0;0.0
Meta_151;371884;4363747.052496097;0.0;251751;1950796.9802888068;0.35183355520961523;3600;0.08939087276217976
Meta_152;371884;4363747.052496097;0.05555555555555555;252962;1999541.1943247775;0.35375058535037807;3602;0.08991078099600305
Meta_153;371884;4363747.052496097;0.1111111111111111;252854;1985408.3140015514;0.3533237697904456;3600;0.09277960814349377
Meta_154;371884;4363747.052496097;0.16666666666666666;248190;1820128.5250601252;0.34487419491360766;3600;0.09730293898422485
Meta_155;371884;4363747.052496097;0.2222222222222222;252826;1988659.9293272926;0.3529594522782415;3600;0.10752146545227635
Meta_156;371884;4363747.052496097;0.2777777777777778;253226;2004494.9571702494;0.354098338846364;3600;0.1264435881000842
Meta_157;371884;4363747.052496097;0.3333333333333333;253966;2041525.5073643916;0.3565553733470668;3600;0.13986954467687857
Meta_158;371884;4363747.052496097;0.38888888888888884;265306;2456146.341245714;0.3888911547155491;3600;0.052303126153287284
Meta_159;371884;4363747.052496097;0.4444444444444444;279002;2948817.5096994024;0.4444436621850652;3600;0.014382452408913117
Meta_170;371884;5236496.462995317;0.5;283081;3113161.774885887;0.49368810398367735;0;0.0
Meta_161;371884;5236496.462995317;0.0;249139;1853635.7442843113;0.34750125749490096;3600;0.08934564280395448
Meta_162;371884;5236496.462995317;0.05555555555555555;252208;1966542.7943815694;0.3522318691332889;3600;0.09068193619064797
Meta_163;371884;5236496.462995317;0.1111111111111111;252907;1988638.3643203375;0.3537607920126572;3600;0.09324319859222312
Meta_164;371884;5236496.462995317;0.16666666666666666;252312;1974832.1596423457;0.3526572742484511;3605;0.09943777102656111
Meta_165;371884;5236496.462995317;0.2222222222222222;252050;1946960.230869765;0.351836593093902;3600;0.10887959139722482
Meta_166;371884;5236496.462995317;0.2777777777777778;252832;1983937.3827175219;0.3537914196464503;3600;0.1274117900529825
Meta_167;371884;5236496.462995317;0.3333333333333333;252406;1947672.6708085162;0.35597530648995496;3600;0.14954677235936223
Meta_168;371884;5236496.462995317;0.38888888888888884;264527;2448033.588910669;0.3890019300145552;3600;0.06368851424420374
Meta_169;371884;5236496.462995317;0.4444444444444444;279023;2940917.698577335;0.4444466946127919;3600;0.014164297819660361
Meta_180;371884;6109245.873494536;0.5;283081;3280687.4557632343;0.494418020042953;0;0.0
Meta_171;371884;6109245.873494536;0.0;248897;1903515.276749583;0.34633076135059077;3600;0.08747012996138889
Meta_172;371884;6109245.873494536;0.05555555555555555;252742;2042455.6793775924;0.3535089809175045;3600;0.09011722808533876
Meta_173;371884;6109245.873494536;0.1111111111111111;252905;2051832.1014665023;0.35345804901266553;3600;0.09371763659187982
Meta_174;371884;6109245.873494536;0.16666666666666666;251256;2028461.2092331664;0.3504165282292694;3600;0.09779285693340364
Meta_175;371884;6109245.873494536;0.2222222222222222;253376;2111473.3925344027;0.35445305586349585;3600;0.10991373851920862
Meta_176;371884;6109245.873494536;0.2777777777777778;253455;2117467.0075360765;0.3544267491942557;3600;0.1262785225933706
Meta_177;371884;6109245.873494536;0.3333333333333333;253830;2133537.5020853407;0.35655710789643585;3600;0.1421391362106102
Meta_178;371884;6109245.873494536;0.38888888888888884;264997;2587210.2426885404;0.3889010203777753;3600;0.05681042356158227
Meta_179;371884;6109245.873494536;0.4444444444444444;279063;3125102.687068072;0.4444452607447972;3600;0.01060146789975512
Meta_190;371884;6981995.2839937555;0.5;283081;3280687.4557632343;0.494418020042953;0;0.0
Meta_181;371884;6981995.2839937555;0.0;249157;1911692.7405261595;0.34638566968183115;3602;0.08652865626041067
Meta_182;371884;6981995.2839937555;0.05555555555555555;252662;2043092.0993964497;0.353453359649538;3602;0.09030501125389032
Meta_183;371884;6981995.2839937555;0.1111111111111111;252905;2051832.1014665023;0.35345804901266553;3600;0.09373138136667332
Meta_184;371884;6981995.2839937555;0.16666666666666666;251256;2028461.2092331664;0.3504165282292694;3600;0.09779349669164347
Meta_185;371884;6981995.2839937555;0.2222222222222222;253376;2111473.3925344027;0.35445305586349585;3600;0.10991373851920862
Meta_186;371884;6981995.2839937555;0.2777777777777778;253455;2117467.0075360765;0.3544267491942557;3600;0.12628613683844978
Meta_187;371884;6981995.2839937555;0.3333333333333333;253830;2133537.5020853407;0.35655710789643585;3600;0.14215324434700177
Meta_188;371884;6981995.2839937555;0.38888888888888884;264997;2587210.2426885404;0.3889010203777753;3600;0.05680466909277136
Meta_189;371884;6981995.2839937555;0.4444444444444444;279063;3125102.687068072;0.4444452607447972;3600;0.01060146789975512
Meta_200;371884;7854744.694492975;0.5;283081;3280687.4557632343;0.494418020042953;0;0.0
Meta_191;371884;7854744.694492975;0.0;249114;1911414.2257166882;0.34632641496287264;3600;0.08656929421100937
Meta_192;371884;7854744.694492975;0.05555555555555555;252740;2042334.364678087;0.35350763926701945;3600;0.09012204760382678
Meta_193;371884;7854744.694492975;0.1111111111111111;252905;2051832.1014665023;0.35345804901266553;3607;0.09373138136667332
Meta_194;371884;7854744.694492975;0.16666666666666666;251256;2028461.2092331664;0.3504165282292694;3600;0.09780714184944812
Meta_195;371884;7854744.694492975;0.2222222222222222;253376;2111473.3925344027;0.35445305586349585;3600;0.10991373851920862
Meta_196;371884;7854744.694492975;0.2777777777777778;253455;2117467.0075360765;0.3544267491942557;3600;0.12629407408913806
Meta_197;371884;7854744.694492975;0.3333333333333333;253830;2133537.5020853407;0.35655710789643585;3603;0.1421391362106102
Meta_198;371884;7854744.694492975;0.38888888888888884;264997;2587210.2426885404;0.3889010203777753;3603;0.056781729141955166
Meta_199;371884;7854744.694492975;0.4444444444444444;279063;3125102.687068072;0.4444452607447972;3600;0.010596995253040285
Meta_210;350427;0.0;0.5;267522;2055956.6301432422;0.49058309413434714;0;0.0
Meta_201;350427;0.0;0.0;227105;883197.6056224175;0.32219640825804474;3633;0.061795279542893815
Meta_202;350427;0.0;0.05555555555555555;229841;984968.2146375079;0.32320548322318293;3600;0.06189575055677408
Meta_203;350427;0.0;0.1111111111111111;224912;817753.2907182642;0.3218589932049995;3600;0.0667660025148184
Meta_204;350427;0.0;0.16666666666666666;224528;794486.7495067121;0.321768222419505;3612;0.0702118500194997
Meta_205;350427;0.0;0.2222222222222222;228889;954200.9929514438;0.3229574338899439;3643;0.07603976819049484
Meta_206;350427;0.0;0.2777777777777778;228574;929029.7477069066;0.32401495373285;3607;0.08912141399270683
Meta_207;350427;0.0;0.3333333333333333;237351;1249455.3091620328;0.33364114420300783;3605;0.043410284224356194
Meta_208;350427;0.0;0.38888888888888884;255247;1709835.3930240234;0.38888926221772424;3600;0.018256536576428166
Meta_209;350427;0.0;0.4444444444444444;263516;1908372.8309034416;0.4444451194358558;3613;0.00372551876785581
Meta_220;350427;872749.4104992194;0.5;267522;2055956.6301432422;0.49058309413434714;0;0.0
Meta_211;350427;872749.4104992194;0.0;235031;1151860.5534536669;0.33175719597578246;3624;0.08162906303521399
Meta_212;350427;872749.4104992194;0.05555555555555555;234428;1135747.0725748548;0.3317521729260181;3694;0.08376009238486289
Meta_213;350427;872749.4104992194;0.1111111111111111;235356;1164298.6983258605;0.3331925770495914;3600;0.08920054369069823
Meta_214;350427;872749.4104992194;0.16666666666666666;235237;1179230.9328155664;0.3294407890476148;3638;0.087431957043699
Meta_215;350427;872749.4104992194;0.2222222222222222;233893;1115650.295423283;0.33016144061755043;3627;0.09858801403301679
Meta_217;350427;872749.4104992194;0.3333333333333333;241979;1276841.8884518107;0.3555536854466979;3600;0.11542502645988002
Meta_216;350427;872749.4104992194;0.2777777777777778;233961;1123043.6593029888;0.3287696206711629;3703;0.11017699961037891
Meta_218;350427;872749.4104992194;0.38888888888888884;254337;1715379.8840212077;0.3955805572133703;3600;0.06733083889379607
Meta_219;350427;872749.4104992194;0.4444444444444444;263957;1928585.7615675598;0.44444388520130695;3600;0.002946932387594914
Meta_230;350427;1745498.8209984389;0.5;267522;2055956.6301432422;0.49058309413434714;0;0.0
Meta_221;350427;1745498.8209984389;0.0;249151;1745507.0838612993;0.34616391802700025;3600;0.09627003530965215
Meta_222;350427;1745498.8209984389;0.05555555555555555;248990;1745431.452013886;0.3457659067022887;3600;0.09719778610153511
Meta_223;350427;1745498.8209984389;0.1111111111111111;246181;1646659.597676763;0.3403496147766764;3601;0.09940399313343384
Meta_224;350427;1745498.8209984389;0.16666666666666666;248874;1743476.1686733072;0.345138445220157;3641;0.10736429484199735
Meta_225;350427;1745498.8209984389;0.2222222222222222;249025;1745500.4977396016;0.3460014248366038;3611;0.12167072149234773
Meta_226;350427;1745498.8209984389;0.2777777777777778;249128;1745505.1559380891;0.3461152489632337;3637;0.14250656342508253
Meta_227;350427;1745498.8209984389;0.3333333333333333;250020;1745529.3496177709;0.3506018379056199;3656;0.12303034337335463
Meta_228;350427;1745498.8209984389;0.38888888888888884;258846;1852659.782912639;0.40152647176454026;3600;0.10236183724289204
Meta_229;350427;1745498.8209984389;0.4444444444444444;262948;1882775.4791862033;0.4444678370401048;3600;0.004405927841363757
Meta_240;350427;2618248.2314976584;0.5;278204;2618275.0434945193;0.4942699370529926;0;0.0
Meta_231;350427;2618248.2314976584;0.0;252181;1968212.0906196204;0.3516019055383263;3647;0.09886911326870156
Meta_232;350427;2618248.2314976584;0.05555555555555555;252994;1995599.7083367058;0.3537175366509734;3600;0.10223879273704878
Meta_233;350427;2618248.2314976584;0.1111111111111111;252924;1996049.352367142;0.35334102752734486;3618;0.1057166726288914
Meta_234;350427;2618248.2314976584;0.16666666666666666;251746;1936091.1872082255;0.3518505153144601;3613;0.11479414121753163
Meta_235;350427;2618248.2314976584;0.2222222222222222;253187;2003236.2241755277;0.3543060615919538;3625;0.12815152134961447
Meta_236;350427;2618248.2314976584;0.2777777777777778;252923;1946357.9342445086;0.3535928074876556;3600;0.14917290318631526
Meta_237;350427;2618248.2314976584;0.3333333333333333;255875;2097634.966859204;0.36177711388458206;3600;0.1839879787129554
Meta_238;350427;2618248.2314976584;0.38888888888888884;265469;2503101.480407213;0.39262743491315316;3618;0.10258029005786942
Meta_239;350427;2618248.2314976584;0.4444444444444444;276272;2618273.079684546;0.4444427509932238;3600;0.012393713656854955
Meta_250;350427;3490997.6419968777;0.5;283081;3113161.774885887;0.49368810398367735;0;0.0
Meta_241;350427;3490997.6419968777;0.0;253118;2005190.3100472675;0.35390963825375904;3600;0.09824195991862021
Meta_242;350427;3490997.6419968777;0.05555555555555555;251901;1950605.365714598;0.35156952718639856;3600;0.098641492281799
Meta_243;350427;3490997.6419968777;0.1111111111111111;248858;1851383.3973543693;0.34605656210295904;3600;0.1014486712069073
Meta_244;350427;3490997.6419968777;0.16666666666666666;252995;1990776.8766025375;0.3537801733730621;3600;0.1115176696338623
Meta_245;350427;3490997.6419968777;0.2222222222222222;249798;1876617.9631142612;0.3481862998994198;3600;0.12313654408191632
Meta_246;350427;3490997.6419968777;0.2777777777777778;252914;1990656.753145864;0.35352191571670305;3600;0.14560113249740556
Meta_247;350427;3490997.6419968777;0.3333333333333333;254123;2048713.0138528459;0.35768237640079475;3600;0.1728135939221933
Meta_248;350427;3490997.6419968777;0.38888888888888884;264632;2454266.9269532366;0.3890664189911851;3600;0.07913299494870338
Meta_249;350427;3490997.6419968777;0.4444444444444444;279005;2947920.4598275386;0.44444536257359496;3600;0.018765041214200476
Meta_260;350427;4363747.052496097;0.5;283081;3113161.774885887;0.49368810398367735;0;0.0
Meta_251;350427;4363747.052496097;0.0;252568;1985717.1920677547;0.3529056110609132;3600;0.09797659832750281
Meta_252;350427;4363747.052496097;0.05555555555555555;250440;1901554.506167255;0.3487731300415404;3600;0.09705152462884395
Meta_253;350427;4363747.052496097;0.1111111111111111;252932;1993541.0074936973;0.3532028957110305;3602;0.10267413864618607
Meta_254;350427;4363747.052496097;0.16666666666666666;253512;2014207.2020800917;0.35504146968883205;3600;0.11262509423039954
Meta_255;350427;4363747.052496097;0.2222222222222222;251038;1911226.1270744128;0.35015296917812155;3600;0.12259753420497244
Meta_256;350427;4363747.052496097;0.2777777777777778;252036;1965617.777450818;0.3519745783866752;3606;0.14534029703932513
Meta_257;350427;4363747.052496097;0.3333333333333333;252647;1973135.5965107807;0.35486547972844024;3604;0.17088592562532656
Meta_258;350427;4363747.052496097;0.38888888888888884;265221;2457941.183485846;0.388899149015275;3600;0.06712766042402699
Meta_259;350427;4363747.052496097;0.4444444444444444;279017;2943235.3189077307;0.4444447566300822;3603;0.018213996480144542
Meta_270;350427;5236496.462995317;0.5;283081;3113161.774885887;0.49368810398367735;0;0.0
Meta_261;350427;5236496.462995317;0.0;248839;1845910.3017248285;0.3458418284912271;3600;0.09450050445011958
Meta_262;350427;5236496.462995317;0.05555555555555555;250280;1888300.8925190424;0.34928046894645054;3600;0.09969527579610366
Meta_263;350427;5236496.462995317;0.1111111111111111;249005;1853387.347143203;0.34687487710453296;3600;0.10274156840705315
Meta_264;350427;5236496.462995317;0.16666666666666666;253239;2012127.7552156965;0.35442177913132233;3600;0.11217732660501469
Meta_265;350427;5236496.462995317;0.2222222222222222;248063;1817318.5744432658;0.3430787990359967;3600;0.11475356025091292
Meta_266;350427;5236496.462995317;0.2777777777777778;252876;1992459.9869560786;0.3538104921986171;3600;0.14599216143258215
Meta_267;350427;5236496.462995317;0.3333333333333333;253331;2013950.798180702;0.35656400792037507;3600;0.17240430227975392
Meta_268;350427;5236496.462995317;0.38888888888888884;265016;2439508.0870210454;0.3888902484294413;3603;0.06888236834416835
Meta_269;350427;5236496.462995317;0.4444444444444444;278994;2942533.5465689115;0.4444453882682255;3600;0.018766230695427967
Meta_280;350427;6109245.873494536;0.5;283081;3280687.4557632343;0.494418020042953;0;0.0
Meta_271;350427;6109245.873494536;0.0;251119;1979809.94339613;0.3502174552447349;3600;0.09789858146002407
Meta_272;350427;6109245.873494536;0.05555555555555555;251432;1989724.3853923003;0.35061816436129783;3604;0.09797105219614533
Meta_273;350427;6109245.873494536;0.1111111111111111;251424;1996327.5092760026;0.35062612390264497;3600;0.10147894468883682
Meta_274;350427;6109245.873494536;0.16666666666666666;253107;2099273.71482206;0.35381716636542715;3600;0.11083510319721136
Meta_275;350427;6109245.873494536;0.2222222222222222;253411;2113087.942439984;0.3545027005188375;3600;0.12453154451823217
Meta_276;350427;6109245.873494536;0.2777777777777778;252660;2086819.8615004788;0.3525066767678984;3600;0.14457926746279176
Meta_277;350427;6109245.873494536;0.3333333333333333;254949;2179138.116817375;0.35981685317879825;3600;0.17792234042429816
Meta_278;350427;6109245.873494536;0.38888888888888884;265261;2594867.4822073653;0.388893746107353;3602;0.06790166295244143
Meta_279;350427;6109245.873494536;0.4444444444444444;279045;3124957.7398247505;0.44444396875703673;3600;0.01448445716600899
Meta_290;350427;6981995.2839937555;0.5;283081;3280687.4557632343;0.494418020042953;0;0.0
Meta_281;350427;6981995.2839937555;0.0;251119;1979809.94339613;0.3502174552447349;3604;0.09791219270523645
Meta_282;350427;6981995.2839937555;0.05555555555555555;251432;1989724.3853923003;0.35061816436129783;3607;0.09797105219614533
Meta_283;350427;6981995.2839937555;0.1111111111111111;251503;1999723.6493819132;0.35070014004987604;3600;0.10130155331891375
Meta_284;350427;6981995.2839937555;0.16666666666666666;253107;2099273.71482206;0.35381716636542715;3600;0.11084084825358156
Meta_285;350427;6981995.2839937555;0.2222222222222222;253411;2113087.942439984;0.3545027005188375;3600;0.12453154451823217
Meta_286;350427;6981995.2839937555;0.2777777777777778;252660;2086819.8615004788;0.3525066767678984;3605;0.14457940227047397
Meta_287;350427;6981995.2839937555;0.3333333333333333;254949;2179138.116817375;0.35981685317879825;3600;0.1779289072093356
Meta_288;350427;6981995.2839937555;0.38888888888888884;265261;2594867.4822073653;0.388893746107353;3611;0.06790166295244143
Meta_289;350427;6981995.2839937555;0.4444444444444444;279045;3124957.7398247505;0.44444396875703673;3600;0.014484216040261271
Meta_300;350427;7854744.694492975;0.5;283081;3280687.4557632343;0.494418020042953;0;0.0
Meta_291;350427;7854744.694492975;0.0;251119;1979809.94339613;0.3502174552447349;3600;0.09789858146002407
Meta_292;350427;7854744.694492975;0.05555555555555555;251432;1989724.3853923003;0.35061816436129783;3606;0.09797105219614533
Meta_293;350427;7854744.694492975;0.1111111111111111;251591;2001703.1784836906;0.35083508813903536;3600;0.10126225325701751
Meta_294;350427;7854744.694492975;0.16666666666666666;253107;2099273.71482206;0.35381716636542715;3600;0.11083510319721136
Meta_295;350427;7854744.694492975;0.2222222222222222;253411;2113087.942439984;0.3545027005188375;3600;0.12453154451823217
Meta_296;350427;7854744.694492975;0.2777777777777778;252660;2086819.8615004788;0.3525066767678984;3600;0.14457926746279176
Meta_297;350427;7854744.694492975;0.3333333333333333;254949;2179138.116817375;0.35981685317879825;3600;0.17792234042429816
Meta_298;350427;7854744.694492975;0.38888888888888884;265272;2588882.1602525995;0.3888896796396325;3600;0.06775149372033488
Meta_299;350427;7854744.694492975;0.4444444444444444;279045;3124957.7398247505;0.44444396875703673;3600;0.014484249723266882
Meta_310;328970;0.0;0.5;267522;2055956.6301432422;0.49058309413434714;0;0.0
Meta_301;328970;0.0;0.0;229252;954216.8162964197;0.32358701882267316;3611;0.06866614480847776
Meta_302;328970;0.0;0.05555555555555555;226840;875234.0060589998;0.3221578887750837;3630;0.0688216425843478
Meta_303;328970;0.0;0.1111111111111111;229620;967286.9641133195;0.32460317385064547;3600;0.07402727155354483
Meta_304;328970;0.0;0.16666666666666666;229195;982594.6290582869;0.32201328409344715;3600;0.0761457720704599
Meta_306;328970;0.0;0.2777777777777778;230927;1020508.7703816784;0.32444602897822594;3606;0.10071160118394695
Meta_305;328970;0.0;0.2222222222222222;229372;954925.6352744919;0.3246913276134931;3631;0.08823298949212453
Meta_307;328970;0.0;0.3333333333333333;230250;966483.0569689922;0.3341635905751565;3600;0.06107454217810899
Meta_308;328970;0.0;0.38888888888888884;253572;1653783.7930397827;0.389120445346399;3600;0.026976445592986585
Meta_309;328970;0.0;0.4444444444444444;263740;1919124.466061458;0.44444177304099625;3600;0.003530576640361164
Meta_320;328970;872749.4104992194;0.5;267522;2055956.6301432422;0.49058309413434714;0;0.0
Meta_311;328970;872749.4104992194;0.0;235614;1193296.4357969745;0.3300686102291649;3600;0.0877666954842944
Meta_312;328970;872749.4104992194;0.05555555555555555;234088;1121154.1238912316;0.32923318123723355;3633;0.08632571783782508
Meta_313;328970;872749.4104992194;0.1111111111111111;235662;1187283.5310191943;0.3324700138492573;3600;0.0985304099948641
Meta_314;328970;872749.4104992194;0.16666666666666666;233972;1108605.6858960928;0.3307489995153276;3600;0.10092615423047588
Meta_315;328970;872749.4104992194;0.2222222222222222;232971;1052791.5401456899;0.33299406221355016;3636;0.11920646144771371
Meta_317;328970;872749.4104992194;0.3333333333333333;244749;1432827.1706274613;0.3566078350593724;3600;0.14707268013015906
Meta_316;328970;872749.4104992194;0.2777777777777778;235492;1196087.1360907361;0.3289317344179379;3688;0.12984337559531586
Meta_318;328970;872749.4104992194;0.38888888888888884;255367;1721930.8212599738;0.3950980236768507;3600;0.06990067619830921
Meta_319;328970;872749.4104992194;0.4444444444444444;263495;1907732.3687392257;0.44445439181806;3600;0.004310113178990358
Meta_330;328970;1745498.8209984389;0.5;267522;2055956.6301432422;0.49058309413434714;0;0.0
Meta_321;328970;1745498.8209984389;0.0;246906;1733410.6152613754;0.3428120125480947;3600;0.10883933312730014
Meta_322;328970;1745498.8209984389;0.05555555555555555;247251;1683428.0638623436;0.34142600228404296;3600;0.10468198972079039
Meta_323;328970;1745498.8209984389;0.1111111111111111;247503;1700642.1714447797;0.34170271630179044;3600;0.10907968107642647
Meta_324;328970;1745498.8209984389;0.16666666666666666;248021;1714717.0417523193;0.3433764995209;3600;0.12083849981654632
Meta_325;328970;1745498.8209984389;0.2222222222222222;248669;1733681.3699982825;0.3464002766421193;3600;0.1437778663162228
Meta_326;328970;1745498.8209984389;0.2777777777777778;248133;1736292.8020590292;0.345365950358211;3611;0.16688811675800655
Meta_327;328970;1745498.8209984389;0.3333333333333333;250215;1745487.3366312962;0.3525468642465967;3605;0.15560087326399505
Meta_328;328970;1745498.8209984389;0.38888888888888884;256101;1723382.616146293;0.39994331922793924;3600;0.11997117110490367
Meta_329;328970;1745498.8209984389;0.4444444444444444;263383;1925123.4500439947;0.4444349424480241;3600;0.013822126106227656
Meta_340;328970;2618248.2314976584;0.5;278204;2618275.0434945193;0.4942699370529926;0;0.0
Meta_331;328970;2618248.2314976584;0.0;252477;1981719.5117679164;0.3520980685599414;3600;0.11046324372780933
Meta_332;328970;2618248.2314976584;0.05555555555555555;251407;1938735.621761376;0.3502277594455842;3600;0.11177730355103856
Meta_333;328970;2618248.2314976584;0.1111111111111111;252253;1968630.928477804;0.3515972551792922;3600;0.1168550187153814
Meta_334;328970;2618248.2314976584;0.16666666666666666;252084;1966174.467886176;0.3514945365502593;3600;0.1271172797805992
Meta_335;328970;2618248.2314976584;0.2222222222222222;252096;1966741.0465638442;0.35142110449676994;3615;0.14364866508398386
Meta_336;328970;2618248.2314976584;0.2777777777777778;252153;1963204.691501459;0.3516126153904371;3600;0.16782783323078077
Meta_337;328970;2618248.2314976584;0.3333333333333333;249568;1835625.41071385;0.34746534776636195;3602;0.17731794957597036
Meta_338;328970;2618248.2314976584;0.38888888888888884;264457;2410917.858307067;0.38892426214877585;3600;0.11356603269564097
Meta_339;328970;2618248.2314976584;0.4444444444444444;276241;2621092.991643;0.44444690316100616;3600;0.01922008523466729
Meta_350;328970;3490997.6419968777;0.5;283081;3127186.6721498985;0.49480029849215373;0;0.0
Meta_341;328970;3490997.6419968777;0.0;251325;1936016.3463951019;0.3499363816507674;3600;0.10681616084579362
Meta_342;328970;3490997.6419968777;0.05555555555555555;252264;1977308.932028838;0.352266591367801;3600;0.11047524659237892
Meta_343;328970;3490997.6419968777;0.1111111111111111;253488;2018699.3284878444;0.3545163024078585;3609;0.11614316290231094
Meta_344;328970;3490997.6419968777;0.16666666666666666;252045;1960532.2122913355;0.35171647407840306;3600;0.12422874401205021
Meta_345;328970;3490997.6419968777;0.2222222222222222;250238;1884620.3619369154;0.3485911270513798;3600;0.13981319971523248
Meta_346;328970;3490997.6419968777;0.2777777777777778;252762;1992576.53613571;0.35249222793098994;3604;0.16007913796059794
Meta_347;328970;3490997.6419968777;0.3333333333333333;252006;1955353.7419465103;0.35126684666290287;3600;0.16529717822274376
Meta_348;328970;3490997.6419968777;0.38888888888888884;264746;2436141.588451826;0.3888896064079101;3600;0.09818983394877046
Meta_349;328970;3490997.6419968777;0.4444444444444444;279048;2946473.3531854744;0.44444525406207175;3600;0.02509488209425192
Meta_360;328970;4363747.052496097;0.5;283081;3127186.6721498985;0.49480029849215373;0;0.0
Meta_351;328970;4363747.052496097;0.0;252080;1969033.491767074;0.3515759031425728;3610;0.10829679554592418
Meta_352;328970;4363747.052496097;0.05555555555555555;252466;1984651.5712087087;0.35217851484586904;3600;0.10920052826325126
Meta_353;328970;4363747.052496097;0.1111111111111111;250081;1893960.7545877034;0.3495886605600751;3608;0.11846625900272494
Meta_354;328970;4363747.052496097;0.16666666666666666;252083;1961748.4702665552;0.35301050885719965;3600;0.12842313116171555
Meta_355;328970;4363747.052496097;0.2222222222222222;253041;1995087.9348291028;0.3536180807345794;3600;0.1431074100540667
Meta_356;328970;4363747.052496097;0.2777777777777778;251099;1932748.7547104424;0.34914069419134364;3600;0.15698997884491087
Meta_357;328970;4363747.052496097;0.3333333333333333;251309;1934416.836419572;0.35062507103234963;3600;0.1659968949941
Meta_358;328970;4363747.052496097;0.38888888888888884;264536;2428854.021591644;0.38938970979086207;3600;0.1056404889702376
Meta_359;328970;4363747.052496097;0.4444444444444444;279082;2949713.16462167;0.4444436203317752;3600;0.024472469612178905
Meta_370;328970;5236496.462995317;0.5;283081;3127186.6721498985;0.49480029849215373;0;0.0
Meta_361;328970;5236496.462995317;0.0;249241;1858178.9117990395;0.3467696587195797;3609;0.10706830976361602
Meta_362;328970;5236496.462995317;0.05555555555555555;251752;1947678.090954684;0.352044795172433;3600;0.11195136485692724
Meta_363;328970;5236496.462995317;0.1111111111111111;253109;2001425.0476738634;0.3541451871441054;3600;0.11699918035538781
Meta_364;328970;5236496.462995317;0.16666666666666666;250197;1890538.9589194355;0.348675922646809;3603;0.12426226255282789
Meta_365;328970;5236496.462995317;0.2222222222222222;253274;2008950.6360519666;0.35420512328154663;3600;0.142514930489119
Meta_366;328970;5236496.462995317;0.2777777777777778;252583;1983995.3567366402;0.3522198315582131;3600;0.16047511563169847
Meta_367;328970;5236496.462995317;0.3333333333333333;252005;1962168.7025778762;0.35109860786604746;3602;0.16329181604780835
Meta_368;328970;5236496.462995317;0.38888888888888884;264495;2418867.2723202645;0.38904470687063475;3606;0.10274362511277517
Meta_369;328970;5236496.462995317;0.4444444444444444;279045;2954272.3811542494;0.44444492605078056;3600;0.025543599332257347
Meta_380;328970;6109245.873494536;0.5;283081;3273637.545063235;0.494418020042953;0;0.0
Meta_371;328970;6109245.873494536;0.0;250346;2013156.8952422747;0.3490040945037088;3600;0.10817205209769977
Meta_372;328970;6109245.873494536;0.05555555555555555;251957;2070877.4928497805;0.3510969021943569;3600;0.1087355687022169
Meta_373;328970;6109245.873494536;0.1111111111111111;253222;2127921.348557586;0.3539963286263057;3600;0.11544557299024191
Meta_374;328970;6109245.873494536;0.16666666666666666;252875;2079228.9660216188;0.35391731952849975;3600;0.12709825790704823
Meta_375;328970;6109245.873494536;0.2222222222222222;253143;2094457.478972574;0.35384472796970984;3600;0.14349265368176758
Meta_376;328970;6109245.873494536;0.2777777777777778;252768;2083026.8340933402;0.35338009759056105;3607;0.17198356341217508
Meta_377;328970;6109245.873494536;0.3333333333333333;253085;2101133.244447135;0.35449447690173536;3600;0.20756925732204062
Meta_378;328970;6109245.873494536;0.38888888888888884;265067;2570568.298186407;0.3889720669262607;3600;0.09467742945302428
Meta_379;328970;6109245.873494536;0.4444444444444444;279015;3110864.0515786237;0.4444404796047475;3600;0.02609824838860703
Meta_390;328970;6981995.2839937555;0.5;283081;3273637.545063235;0.494418020042953;0;0.0
Meta_381;328970;6981995.2839937555;0.0;250567;2019888.5994422748;0.3492972120394341;3600;0.10795249087343213
Meta_382;328970;6981995.2839937555;0.05555555555555555;251957;2070877.4928497805;0.3510969021943569;3600;0.1087355687022169
Meta_383;328970;6981995.2839937555;0.1111111111111111;253222;2127921.348557586;0.3539963286263057;3600;0.11544409550279948
Meta_384;328970;6981995.2839937555;0.16666666666666666;252875;2079228.9660216188;0.35391731952849975;3605;0.12709825790704823
Meta_385;328970;6981995.2839937555;0.2222222222222222;253143;2094457.478972574;0.35384472796970984;3600;0.14349265368176758
Meta_386;328970;6981995.2839937555;0.2777777777777778;252768;2083026.8340933402;0.35338009759056105;3600;0.17198356341217508
Meta_387;328970;6981995.2839937555;0.3333333333333333;253047;2100028.7343471344;0.3545343155926342;3600;0.2081406621250478
Meta_388;328970;6981995.2839937555;0.38888888888888884;265067;2570568.298186407;0.3889720669262607;3600;0.094573684321885
Meta_389;328970;6981995.2839937555;0.4444444444444444;279015;3110864.0515786237;0.4444404796047475;3600;0.02609824838860703
Meta_400;328970;7854744.694492975;0.5;283081;3273637.545063235;0.494418020042953;0;0.0
Meta_391;328970;7854744.694492975;0.0;250346;2013156.8952422747;0.3490040945037088;3600;0.10817205209769977
Meta_392;328970;7854744.694492975;0.05555555555555555;251957;2070877.4928497805;0.3510969021943569;3605;0.1087355687022169
Meta_393;328970;7854744.694492975;0.1111111111111111;253222;2127921.348557586;0.3539963286263057;3600;0.11544409550279948
Meta_394;328970;7854744.694492975;0.16666666666666666;252875;2079228.9660216188;0.35391731952849975;3600;0.12709825790704823
Meta_395;328970;7854744.694492975;0.2222222222222222;253143;2094457.478972574;0.35384472796970984;3603;0.14349142098102494
Meta_396;328970;7854744.694492975;0.2777777777777778;252768;2083026.8340933402;0.35338009759056105;3600;0.17196357977857163
Meta_397;328970;7854744.694492975;0.3333333333333333;253047;2100028.7343471344;0.3545343155926342;3600;0.2081406621250478
Meta_398;328970;7854744.694492975;0.38888888888888884;265067;2570568.298186407;0.3889720669262607;3600;0.09465859034078648
Meta_399;328970;7854744.694492975;0.4444444444444444;279015;3110864.0515786237;0.4444404796047475;3600;0.02609775576499214
Meta_410;307513;0.0;0.5;267522;2055956.6301432422;0.49058309413434714;0;0.0
Meta_401;307513;0.0;0.0;228674;950858.7267730051;0.32160781506802755;3604;0.07266579404969324
Meta_403;307513;0.0;0.1111111111111111;230011;979822.6293114838;0.32445032770343424;3606;0.08239939962645039
Meta_402;307513;0.0;0.05555555555555555;225194;814791.0037588964;0.3212637177777907;3642;0.07609722717144052
Meta_404;307513;0.0;0.16666666666666666;228805;949185.5954339043;0.322877269054678;3603;0.08663968695850421
Meta_405;307513;0.0;0.2222222222222222;224600;797381.4746980852;0.32171560409991123;3626;0.09932490524721858
Meta_406;307513;0.0;0.2777777777777778;226918;881554.408873552;0.3222537616175512;3600;0.11718527147701155
Meta_407;307513;0.0;0.3333333333333333;235647;1158733.7547378289;0.33339046556641805;3600;0.0586082684282165
Meta_408;307513;0.0;0.38888888888888884;253800;1671552.3553928053;0.38850854964292464;3600;0.033413065962812204
Meta_409;307513;0.0;0.4444444444444444;264028;1933413.5750373248;0.4444585336348567;3600;0.004854245430274165
Meta_420;307513;872749.4104992194;0.5;267522;2055956.6301432422;0.49058309413434714;0;0.0
Meta_411;307513;872749.4104992194;0.0;234734;1138776.9446727757;0.33305977957581406;3600;0.10575031357170497
Meta_412;307513;872749.4104992194;0.05555555555555555;233367;1096022.666275843;0.32927084449614535;3600;0.0983131117421645
Meta_414;307513;872749.4104992194;0.16666666666666666;235267;1183112.3022179788;0.328840483805436;3600;0.11060776785371892
Meta_413;307513;872749.4104992194;0.1111111111111111;234528;1141565.8931350948;0.3300389307690386;3674;0.104310600114607
Meta_415;307513;872749.4104992194;0.2222222222222222;233545;1098414.183391064;0.3294185926755361;3693;0.1280256208260851
Meta_416;307513;872749.4104992194;0.2777777777777778;234742;1158060.445313915;0.33102738492305966;3622;0.16500847535362512
Meta_418;307513;872749.4104992194;0.38888888888888884;259224;1894597.2795865415;0.4009584860446216;3600;0.13497232373613569
Meta_417;307513;872749.4104992194;0.3333333333333333;244536;1450783.5876283394;0.35067175007154483;3612;0.15400093152718816
Meta_419;307513;872749.4104992194;0.4444444444444444;263776;1920164.8916898952;0.44443129946597015;3600;0.00400675892851319
Meta_430;307513;1745498.8209984389;0.5;267522;2055956.6301432422;0.49058309413434714;0;0.0
Meta_421;307513;1745498.8209984389;0.0;249159;1744318.158090762;0.345810764169859;3600;0.12068422128295865
Meta_422;307513;1745498.8209984389;0.05555555555555555;248790;1744139.3574309929;0.3462293880428725;3600;0.1261125101910695
Meta_423;307513;1745498.8209984389;0.1111111111111111;248947;1743472.3895477434;0.345174613732955;3600;0.12823305515922329
Meta_424;307513;1745498.8209984389;0.16666666666666666;249123;1741382.0041746055;0.34540791652230496;3600;0.14040269477012773
Meta_425;307513;1745498.8209984389;0.2222222222222222;249441;1745463.0032442103;0.3478307624390483;3600;0.170223221196988
Meta_426;307513;1745498.8209984389;0.2777777777777778;249225;1744295.337780329;0.3466966586235392;3600;0.20185925353113904
Meta_427;307513;1745498.8209984389;0.3333333333333333;249586;1745484.7218885177;0.3529705238157564;3600;0.21442457063633003
Meta_428;307513;1745498.8209984389;0.38888888888888884;255902;1754897.2975266252;0.3943078594006532;3600;0.11176145911085852
Meta_429;307513;1745498.8209984389;0.4444444444444444;263487;1925923.6123003312;0.44472105183302285;3600;0.022476341156758926
Meta_440;307513;2618248.2314976584;0.5;278204;2618275.0434945193;0.4942699370529926;0;0.0
Meta_431;307513;2618248.2314976584;0.0;251873;1952659.3563888678;0.3512776263872177;3600;0.12502284237634953
Meta_432;307513;2618248.2314976584;0.05555555555555555;252188;1976765.0001602266;0.3517508316595712;3611;0.12766979260254144
Meta_433;307513;2618248.2314976584;0.1111111111111111;251851;1950533.3138754684;0.35083222408263254;3619;0.13295534379840857
Meta_434;307513;2618248.2314976584;0.16666666666666666;251606;1946292.4500556383;0.35018350200239046;3611;0.14502880593898385
Meta_435;307513;2618248.2314976584;0.2222222222222222;252746;1993933.155181979;0.35258118501512814;3602;0.1696787238158064
Meta_436;307513;2618248.2314976584;0.2777777777777778;251905;1960249.4398721962;0.35073210885310485;3600;0.20184927085308854
Meta_437;307513;2618248.2314976584;0.3333333333333333;253681;2014957.6712526695;0.35714477788178545;3620;0.2545116946144572
Meta_438;307513;2618248.2314976584;0.38888888888888884;265083;2411896.394161824;0.38891685387413716;3600;0.1577264353194626
Meta_439;307513;2618248.2314976584;0.4444444444444444;276124;2618316.2277681367;0.4444098456185759;3600;0.03407673780220175
Meta_450;307513;3490997.6419968777;0.5;283081;3127186.6721498985;0.49480029849215373;0;0.0
Meta_441;307513;3490997.6419968777;0.0;253410;2008998.188547314;0.35475165024350674;3600;0.1249926202672736
Meta_442;307513;3490997.6419968777;0.05555555555555555;249815;1880699.744491734;0.3482746506370245;3602;0.12531611429131753
Meta_443;307513;3490997.6419968777;0.1111111111111111;250827;1922595.2036333727;0.3484601792572802;3600;0.1289159268430889
Meta_444;307513;3490997.6419968777;0.16666666666666666;248459;1836329.7130941073;0.3455074714703469;3600;0.14263632057842113
Meta_445;307513;3490997.6419968777;0.2222222222222222;251413;1923577.779123358;0.3513143829295378;3600;0.16951893440686863
Meta_446;307513;3490997.6419968777;0.2777777777777778;252917;1995338.3431208297;0.3531367098564022;3600;0.19919078828344716
Meta_447;307513;3490997.6419968777;0.3333333333333333;253189;1992711.9595577964;0.3542312054333441;3600;0.22645012356138222
Meta_448;307513;3490997.6419968777;0.38888888888888884;264621;2430169.1475830646;0.38930882501550573;3603;0.15463424681767596
Meta_449;307513;3490997.6419968777;0.4444444444444444;279041;2945921.7793672993;0.44444530758420686;3600;0.04445580339192629
Meta_460;307513;4363747.052496097;0.5;283081;3127186.6721498985;0.49480029849215373;0;0.0
Meta_451;307513;4363747.052496097;0.0;253312;2006924.5492861855;0.35432335573280144;3600;0.123955781753045
Meta_452;307513;4363747.052496097;0.05555555555555555;247085;1770205.223534275;0.3433229577750959;3600;0.12404010121332834
Meta_453;307513;4363747.052496097;0.1111111111111111;251136;1928109.5392886018;0.3489709363154794;3600;0.12889788609803388
Meta_454;307513;4363747.052496097;0.16666666666666666;253533;2014668.1709148777;0.3547074260326552;3608;0.14632906652288236
Meta_455;307513;4363747.052496097;0.2222222222222222;252997;2005248.4815315406;0.35352716461873596;3600;0.16694870443376345
Meta_456;307513;4363747.052496097;0.2777777777777778;251522;1943549.7875977315;0.34957742946855175;3600;0.19491207999301452
Meta_457;307513;4363747.052496097;0.3333333333333333;254000;2036092.6718946272;0.3570200882545689;3600;0.2358810440711825
Meta_458;307513;4363747.052496097;0.38888888888888884;264781;2439665.798038594;0.38890226274857276;3600;0.14681984467234496
Meta_459;307513;4363747.052496097;0.4444444444444444;279042;2954615.5552430092;0.4444444935545988;3600;0.04457369189241685
Meta_470;307513;5236496.462995317;0.5;283081;3127186.6721498985;0.49480029849215373;0;0.0
Meta_461;307513;5236496.462995317;0.0;252576;1982638.0109434796;0.3527086529933006;3600;0.12275380511306337
Meta_462;307513;5236496.462995317;0.05555555555555555;252876;1989193.2474473347;0.3533873576953021;3600;0.1253730205364412
Meta_463;307513;5236496.462995317;0.1111111111111111;248751;1828182.8831882365;0.34603583945460664;3600;0.13036208946383945
Meta_464;307513;5236496.462995317;0.16666666666666666;253562;2017166.0215844128;0.3546641486299228;3600;0.14604358641243714
Meta_465;307513;5236496.462995317;0.2222222222222222;250983;1924575.5877482253;0.34870510052359266;3600;0.16184982727147126
Meta_466;307513;5236496.462995317;0.2777777777777778;252330;1966300.6401659052;0.351811204566684;3600;0.1966816360081378
Meta_467;307513;5236496.462995317;0.3333333333333333;252448;1979402.6855588385;0.35248055278073837;3606;0.22352013170520096
Meta_468;307513;5236496.462995317;0.38888888888888884;264824;2434938.7966331644;0.38892026368961047;3605;0.14621398431396251
Meta_469;307513;5236496.462995317;0.4444444444444444;279099;2946293.1651084805;0.444443721544194;3600;0.04279064404221149
Meta_480;307513;6109245.873494536;0.5;283081;3273637.545063235;0.494418020042953;0;0.0
Meta_471;307513;6109245.873494536;0.0;249827;1992543.8337935528;0.3477904066800916;3600;0.12108840992638191
Meta_472;307513;6109245.873494536;0.05555555555555555;253460;2131780.762259576;0.35460921935782713;3600;0.12680298811937496
Meta_473;307513;6109245.873494536;0.1111111111111111;250805;2026894.1323790057;0.34867633125782854;3607;0.12901556804525513
Meta_474;307513;6109245.873494536;0.16666666666666666;253149;2095231.4596510048;0.35409411333458424;3600;0.1456551612777109
Meta_475;307513;6109245.873494536;0.2222222222222222;252128;2053274.4363031266;0.35274794272139504;3610;0.17096064897893112
Meta_476;307513;6109245.873494536;0.2777777777777778;252032;2054351.2654191176;0.3512266006436344;3600;0.20664429294731868
Meta_477;307513;6109245.873494536;0.3333333333333333;256744;2254485.658819052;0.36419742692559526;3601;0.29791393820614226
Meta_478;307513;6109245.873494536;0.38888888888888884;264991;2582573.2097457363;0.3888869695631055;3600;0.13580613509763542
Meta_479;307513;6109245.873494536;0.4444444444444444;279095;3117398.0294049736;0.4444434363730909;3600;0.033470457707023483
Meta_490;307513;6981995.2839937555;0.5;283081;3273637.545063235;0.494418020042953;0;0.0
Meta_481;307513;6981995.2839937555;0.0;249824;1993923.3269716133;0.3478039000903999;3600;0.12114857105797923
Meta_482;307513;6981995.2839937555;0.05555555555555555;253460;2131780.762259576;0.35460921935782713;3600;0.12680298811937496
Meta_483;307513;6981995.2839937555;0.1111111111111111;250805;2026894.1323790057;0.34867633125782854;3600;0.12901292924264451
Meta_484;307513;6981995.2839937555;0.16666666666666666;253149;2095231.4596510048;0.35409411333458424;3600;0.14566893558100538
Meta_485;307513;6981995.2839937555;0.2222222222222222;252032;2049036.450403127;0.3526360332816671;3600;0.17115542812210913
Meta_486;307513;6981995.2839937555;0.2777777777777778;252032;2054351.2654191176;0.3512266006436344;3600;0.20664084219394824
Meta_487;307513;6981995.2839937555;0.3333333333333333;256744;2254485.658819052;0.36419742692559526;3600;0.2979211579887584
Meta_488;307513;6981995.2839937555;0.38888888888888884;264991;2582573.2097457363;0.3888869695631055;3600;0.13580613509763542
Meta_489;307513;6981995.2839937555;0.4444444444444444;279095;3117398.0294049736;0.4444434363730909;3600;0.03347995616351963
Meta_500;307513;7854744.694492975;0.5;283081;3273637.545063235;0.494418020042953;0;0.0
Meta_491;307513;7854744.694492975;0.0;249884;1994709.4941489;0.3478235248147939;3600;0.12083921391470259
Meta_492;307513;7854744.694492975;0.05555555555555555;253460;2131780.762259576;0.35460921935782713;3600;0.12680298811937496
Meta_493;307513;7854744.694492975;0.1111111111111111;250805;2026894.1323790057;0.34867633125782854;3600;0.12901320017607298
Meta_494;307513;7854744.694492975;0.16666666666666666;253149;2095231.4596510048;0.35409411333458424;3600;0.1456571525195039
Meta_495;307513;7854744.694492975;0.2222222222222222;252147;2053144.864317788;0.35276149677076496;3600;0.1708860649910768
Meta_496;307513;7854744.694492975;0.2777777777777778;252032;2054351.2654191176;0.3512266006436344;3606;0.20664818257096892
Meta_497;307513;7854744.694492975;0.3333333333333333;256744;2254485.658819052;0.36419742692559526;3602;0.29791393820614226
Meta_498;307513;7854744.694492975;0.38888888888888884;264991;2582573.2097457363;0.3888869695631055;3600;0.13577294888980745
Meta_499;307513;7854744.694492975;0.4444444444444444;279095;3117398.0294049736;0.4444434363730909;3600;0.0334683723403063
Meta_510;286056;0.0;0.5;267522;2055956.6301432422;0.49058309413434714;0;0.0
Meta_501;286056;0.0;0.0;228773;931839.1977587182;0.32512044995853484;3600;0.09083227554820943
Meta_502;286056;0.0;0.05555555555555555;225314;817604.630171059;0.3217335132800574;3633;0.08701674035783173
Meta_503;286056;0.0;0.1111111111111111;230355;992825.3337643268;0.3251690016846625;3600;0.09625804873194713
Meta_504;286056;0.0;0.16666666666666666;230580;1006813.3870391968;0.3243339672816598;3600;0.10269956939316714
Meta_505;286056;0.0;0.2222222222222222;228631;937247.6340460383;0.32279668905100606;3607;0.11278485253354047
Meta_507;286056;0.0;0.3333333333333333;227269;840042.7007143138;0.3345458958135041;3600;0.10031082496605757
Meta_506;286056;0.0;0.2777777777777778;223826;767975.3479421713;0.32172220544148183;3649;0.14482646724071582
Meta_508;286056;0.0;0.38888888888888884;255683;1729913.8646587275;0.38889260956538196;3600;0.0354931830283905
Meta_509;286056;0.0;0.4444444444444444;264135;1937946.204972172;0.44444378874300156;3600;0.0062052120482618675
Meta_520;286056;872749.4104992194;0.5;267522;2055956.6301432422;0.49058309413434714;0;0.0
Meta_511;286056;872749.4104992194;0.0;236455;1224121.6139726231;0.33166812588390215;3600;0.11694524311368305
Meta_512;286056;872749.4104992194;0.05555555555555555;236651;1245584.3038265393;0.3310383235538918;3600;0.11839387764835652
Meta_513;286056;872749.4104992194;0.1111111111111111;231383;1021237.7475419028;0.32869860290992897;3623;0.11920620611118901
Meta_514;286056;872749.4104992194;0.16666666666666666;237379;1284709.8035622374;0.33032408865260826;3600;0.13614012076069332
Meta_515;286056;872749.4104992194;0.2222222222222222;233318;1077892.9328998332;0.33244879005815536;3635;0.16503013677609746
Meta_516;286056;872749.4104992194;0.2777777777777778;234511;1137826.0318273178;0.3297608613967323;3600;0.19771819046890854
Meta_518;286056;872749.4104992194;0.38888888888888884;257506;1811174.6113353563;0.3978079734532776;3600;0.1521805566030665
Meta_517;286056;872749.4104992194;0.3333333333333333;244157;1428473.2705039282;0.3508788390320633;3683;0.2056221655003477
Meta_519;286056;872749.4104992194;0.4444444444444444;264231;1954238.2181227435;0.4444478963553913;3600;0.017068648228740234
Meta_530;286056;1745498.8209984389;0.5;267522;2055956.6301432422;0.49058309413434714;0;0.0
Meta_521;286056;1745498.8209984389;0.0;248532;1732864.4266704894;0.34483260699978424;3600;0.13951479065225017
Meta_522;286056;1745498.8209984389;0.05555555555555555;249333;1745484.6099685975;0.3467490480954554;3600;0.1443228952601291
Meta_523;286056;1745498.8209984389;0.1111111111111111;248093;1716357.4454293938;0.34511343198019767;3607;0.15494283342408677
Meta_524;286056;1745498.8209984389;0.16666666666666666;248653;1738680.8470337824;0.34443382834661457;3600;0.1656938905107369
Meta_525;286056;1745498.8209984389;0.2222222222222222;249191;1745478.8001669159;0.34731661524779517;3600;0.20700748955206308
Meta_526;286056;1745498.8209984389;0.2777777777777778;248940;1742754.710663735;0.34633814051405726;3600;0.26124676187452234
Meta_527;286056;1745498.8209984389;0.3333333333333333;249352;1745541.0201815625;0.351774756918551;3610;0.30308248190895626
Meta_528;286056;1745498.8209984389;0.38888888888888884;255448;1729545.4756866952;0.39413081002936634;3600;0.18539396065814764
Meta_529;286056;1745498.8209984389;0.4444444444444444;263258;1914286.3027333664;0.44446743840055036;3600;0.03238671983304515
Meta_540;286056;2618248.2314976584;0.5;278204;2618275.0434945193;0.4942699370529926;0;0.0
Meta_531;286056;2618248.2314976584;0.0;252285;1973197.5735099693;0.3518043389181451;3606;0.14438891197243442
Meta_532;286056;2618248.2314976584;0.05555555555555555;252338;1967230.0571292047;0.35184360493482036;3600;0.1470040906068515
Meta_533;286056;2618248.2314976584;0.1111111111111111;252769;1992252.9853895241;0.35288882525192167;3606;0.1565640172500742
Meta_534;286056;2618248.2314976584;0.16666666666666666;251646;1945717.3476937888;0.3502117420938802;3600;0.17176917351025464
Meta_535;286056;2618248.2314976584;0.2222222222222222;252185;1971673.5181452066;0.3515967105591218;3600;0.2068898035642587
Meta_536;286056;2618248.2314976584;0.2777777777777778;252065;1975246.242434339;0.3514267770437076;3600;0.2650369676522852
Meta_537;286056;2618248.2314976584;0.3333333333333333;250437;1832335.2184482373;0.3501621981100492;3621;0.358086566670923
Meta_538;286056;2618248.2314976584;0.38888888888888884;264514;2423764.8733648467;0.3889857308472819;3600;0.33832934236287565
Meta_539;286056;2618248.2314976584;0.4444444444444444;276048;2617990.948333724;0.4444445129096529;3600;0.114368341675128
Meta_550;286056;3490997.6419968777;0.5;283081;3127186.6721498985;0.49480029849215373;0;0.0
Meta_541;286056;3490997.6419968777;0.0;251309;1932278.833567922;0.3492442139076613;3600;0.1364442118357836
Meta_542;286056;3490997.6419968777;0.05555555555555555;251501;1945065.3756009205;0.3496610196205208;3600;0.13865890837053674
Meta_543;286056;3490997.6419968777;0.1111111111111111;247416;1791473.4064479908;0.3435213068434697;3600;0.14988970828249354
Meta_544;286056;3490997.6419968777;0.16666666666666666;251281;1935224.4944000316;0.3491615422256102;3600;0.16600081384167265
Meta_545;286056;3490997.6419968777;0.2222222222222222;252127;1960260.8799412947;0.3523618619643214;3600;0.20499536935847032
Meta_546;286056;3490997.6419968777;0.2777777777777778;252252;1971683.1630230595;0.351665121464626;3600;0.255801027988677
Meta_547;286056;3490997.6419968777;0.3333333333333333;252073;1962430.515001886;0.3518245850640941;3600;0.33267403354180436
Meta_548;286056;3490997.6419968777;0.38888888888888884;264887;2429936.851209676;0.38895326302952926;3600;0.291891893740856
Meta_549;286056;3490997.6419968777;0.4444444444444444;279050;2953378.78528076;0.44444478121159264;3600;0.18676728565468098
Meta_560;286056;4363747.052496097;0.5;283081;3127186.6721498985;0.49480029849215373;0;0.0
Meta_551;286056;4363747.052496097;0.0;252421;1977486.021436431;0.3517739682708442;3600;0.1389898924591879
Meta_552;286056;4363747.052496097;0.05555555555555555;251432;1939768.0931882472;0.34955539933712926;3607;0.14128614626735764
Meta_553;286056;4363747.052496097;0.1111111111111111;251877;1955703.2284261952;0.35071697288481957;3600;0.15057888896767715
Meta_554;286056;4363747.052496097;0.16666666666666666;253329;2014290.4470297706;0.35379350198116083;3600;0.16974543105764855
Meta_555;286056;4363747.052496097;0.2222222222222222;252621;1985809.00721766;0.35226820585472823;3600;0.19858705226107667
Meta_556;286056;4363747.052496097;0.2777777777777778;251747;1947285.906984724;0.3510316326120518;3600;0.25990189947292963
Meta_557;286056;4363747.052496097;0.3333333333333333;253964;2027546.9224355218;0.3567791971894012;3600;0.34632545205295984
Meta_558;286056;4363747.052496097;0.38888888888888884;264801;2444067.7999021355;0.38889196658017827;3600;0.2931634760187539
Meta_559;286056;4363747.052496097;0.4444444444444444;279037;2950755.879595246;0.44444419477502;3600;0.18675487590604578
Meta_570;286056;5236496.462995317;0.5;283081;3127186.6721498985;0.49480029849215373;0;0.0
Meta_561;286056;5236496.462995317;0.0;251982;1955127.7235349738;0.3509546914286247;3600;0.13853723989234856
Meta_562;286056;5236496.462995317;0.05555555555555555;252244;1968101.2522544195;0.3514133274143634;3600;0.14380733786702923
Meta_563;286056;5236496.462995317;0.1111111111111111;251959;1965497.2823219828;0.35056634900523986;3600;0.1498428878245287
Meta_564;286056;5236496.462995317;0.16666666666666666;252840;1990388.03120628;0.35298479872332655;3600;0.16952811324036526
Meta_565;286056;5236496.462995317;0.2222222222222222;252286;1972721.4827993028;0.35307937906174486;3601;0.20692527344529502
Meta_566;286056;5236496.462995317;0.2777777777777778;252319;1969819.9678204258;0.3514889857193496;3600;0.25713253906226297
Meta_567;286056;5236496.462995317;0.3333333333333333;252348;1978897.3205741763;0.3536229753568277;3604;0.3443863482941473
Meta_568;286056;5236496.462995317;0.38888888888888884;264805;2439011.1938241464;0.38924400175529833;3602;0.30097503936218406
Meta_569;286056;5236496.462995317;0.4444444444444444;279053;2949483.2469198606;0.44444509983281266;3603;0.18397042286750742
Meta_580;286056;6109245.873494536;0.5;283081;3236295.69656471;0.4959196791420498;0;0.0
Meta_571;286056;6109245.873494536;0.0;251744;2061087.0261678481;0.35159517659850636;3600;0.14249559768878334
Meta_572;286056;6109245.873494536;0.05555555555555555;252361;2091487.918028458;0.3515900904564881;3604;0.14128562885192192
Meta_573;286056;6109245.873494536;0.1111111111111111;252833;2105114.6150959483;0.35272138011636495;3600;0.1512526482463019
Meta_574;286056;6109245.873494536;0.16666666666666666;252337;2064937.6845942454;0.3515352427137547;3600;0.16638986525029623
Meta_575;286056;6109245.873494536;0.2222222222222222;253064;2101568.7391508566;0.35394163984966853;3600;0.2040705332786127
Meta_576;286056;6109245.873494536;0.2777777777777778;253156;2099204.440193258;0.35353966585412233;3600;0.25745704094114436
Meta_577;286056;6109245.873494536;0.3333333333333333;253503;2103518.900631561;0.3559456747290091;3600;0.3491212798279889
Meta_578;286056;6109245.873494536;0.38888888888888884;265054;2574959.6216057977;0.38888849329662806;3600;0.2652971843149329
Meta_579;286056;6109245.873494536;0.4444444444444444;279081;3117453.038317739;0.44444282021342435;3600;0.17473621043040988
Meta_590;286056;6981995.2839937555;0.5;283081;3236295.69656471;0.4959196791420498;0;0.0
Meta_581;286056;6981995.2839937555;0.0;251744;2061087.0261678481;0.35159517659850636;3604;0.14250330410318732
Meta_582;286056;6981995.2839937555;0.05555555555555555;252361;2091487.918028458;0.3515900904564881;3600;0.14128562885192192
Meta_583;286056;6981995.2839937555;0.1111111111111111;252833;2105114.6150959483;0.35272138011636495;3600;0.1512526482463019
Meta_584;286056;6981995.2839937555;0.16666666666666666;252337;2064697.7290584703;0.35154470511946406;3600;0.16643093186895772
Meta_585;286056;6981995.2839937555;0.2222222222222222;253118;2102243.4506995166;0.35404450059326337;3600;0.20419557925614307
Meta_586;286056;6981995.2839937555;0.2777777777777778;253156;2099204.440193258;0.35353966585412233;3600;0.2574649102059482
Meta_587;286056;6981995.2839937555;0.3333333333333333;253503;2103518.900631561;0.3559456747290091;3600;0.3491212798279889
Meta_588;286056;6981995.2839937555;0.38888888888888884;265054;2574959.6216057977;0.38888849329662806;3600;0.2652971843149329
Meta_589;286056;6981995.2839937555;0.4444444444444444;279081;3117453.038317739;0.44444282021342435;3601;0.17477660954569005
Meta_600;286056;7854744.694492975;0.5;283081;3236295.69656471;0.4959196791420498;0;0.0
Meta_591;286056;7854744.694492975;0.0;251744;2061087.0261678481;0.35159517659850636;3600;0.1424689237394755
Meta_592;286056;7854744.694492975;0.05555555555555555;252361;2091487.918028458;0.3515900904564881;3600;0.14128562885192192
Meta_593;286056;7854744.694492975;0.1111111111111111;252833;2105114.6150959483;0.35272138011636495;3600;0.15124169339901342
Meta_594;286056;7854744.694492975;0.16666666666666666;252337;2064780.254092033;0.35151920419739185;3605;0.1663062678870899
Meta_595;286056;7854744.694492975;0.2222222222222222;253064;2101568.7391508566;0.35394163984966853;3602;0.2040705332786127
Meta_596;286056;7854744.694492975;0.2777777777777778;253156;2099204.440193258;0.35353966585412233;3603;0.25745704094114436
Meta_597;286056;7854744.694492975;0.3333333333333333;253503;2103518.900631561;0.3559456747290091;3600;0.3491212798279889
Meta_598;286056;7854744.694492975;0.38888888888888884;265056;2575035.894805798;0.38888885049724664;3600;0.2652159811171663
Meta_599;286056;7854744.694492975;0.4444444444444444;279081;3117453.038317739;0.44444282021342435;3600;0.1747233751843781
Meta_610;264599;0.0;0.5;264599;1922437.365343242;0.4884489790596608;0;0.0
Meta_601;264599;0.0;0.0;230259;989507.2214204964;0.3249426295728881;3600;0.09999110222618696
Meta_603;264599;0.0;0.1111111111111111;230057;987421.045869234;0.32453307647765495;3600;0.10848321487461486
Meta_602;264599;0.0;0.05555555555555555;228738;947543.366789725;0.3227525403238487;3638;0.09803181346348958
Meta_604;264599;0.0;0.16666666666666666;230373;1007617.1962653924;0.32298899785359136;3600;0.11381817918442422
Meta_605;264599;0.0;0.2222222222222222;228119;923002.9619625343;0.32304673014666535;3600;0.13772639259779354
Meta_606;264599;0.0;0.2777777777777778;228548;928239.2602595339;0.32437654896064017;3636;0.18427768723426
Meta_607;264599;0.0;0.3333333333333333;231145;965698.5930702692;0.3333403121968567;3600;0.10890600713602284
Meta_608;264599;0.0;0.38888888888888884;253368;1654231.2593030413;0.38967547414745146;3600;0.07389749694082917
Meta_609;264599;0.0;0.4444444444444444;264133;1939131.3834942265;0.44444123968702043;3600;0.01031960565986867
Meta_620;264599;872749.4104992194;0.5;264599;1922437.365343242;0.4884489790596608;0;0.0
Meta_611;264599;872749.4104992194;0.0;235046;1160980.605974055;0.33152888140260095;3600;0.13572939923076988
Meta_612;264599;872749.4104992194;0.05555555555555555;234949;1155810.4271977649;0.33136025597645574;3629;0.13783382941813974
Meta_614;264599;872749.4104992194;0.16666666666666666;237218;1274593.1128573925;0.33096087866988927;3627;0.1659975888124102
Meta_613;264599;872749.4104992194;0.1111111111111111;233459;1087632.3677871027;0.3302326512137584;3703;0.14240864073335374
Meta_615;264599;872749.4104992194;0.2222222222222222;234317;1133348.2462905818;0.3292246515459757;3621;0.19017411348327545
Meta_616;264599;872749.4104992194;0.2777777777777778;233935;1099856.905561837;0.3310510045032568;3641;0.27057477905381977
Meta_617;264599;872749.4104992194;0.3333333333333333;238414;1202902.6941170166;0.34657796146931413;3600;0.2793105160233635
Meta_618;264599;872749.4104992194;0.38888888888888884;257410;1856237.7761044586;0.38935204546218094;3600;0.12965648050446463
Meta_619;264599;872749.4104992194;0.4444444444444444;262732;1872571.3360318495;0.4444447020413392;3600;0.012759017259926012
Meta_630;264599;1745498.8209984389;0.5;264599;1922437.365343242;0.4884489790596608;0;0.0
Meta_621;264599;1745498.8209984389;0.0;248965;1742618.4275620915;0.3456572104569624;3600;0.1652247036703819
Meta_622;264599;1745498.8209984389;0.05555555555555555;248986;1741872.9340360013;0.3465704849348813;3630;0.17276801847011092
Meta_623;264599;1745498.8209984389;0.1111111111111111;249194;1745497.9370223053;0.3468547712954447;3663;0.1851798289294491
Meta_625;264599;1745498.8209984389;0.2222222222222222;246658;1670532.7450987669;0.3430790873825181;3600;0.26478461869474285
Meta_624;264599;1745498.8209984389;0.16666666666666666;249025;1744391.2572956793;0.34583536664724496;3681;0.20739519184618008
Meta_626;264599;1745498.8209984389;0.2777777777777778;249154;1745068.119999489;0.34733163324513505;3670;0.3726869467748922
Meta_627;264599;1745498.8209984389;0.3333333333333333;250731;1756125.7150138498;0.35415581335394525;3600;0.5571652549964844
Meta_628;264599;1745498.8209984389;0.38888888888888884;255905;1745574.3666388504;0.3928400108215722;3600;0.438145337740262
Meta_629;264599;1745498.8209984389;0.4444444444444444;262741;1893071.3021025294;0.44443999321419636;3600;0.17667608697922216
Meta_640;264599;2618248.2314976584;0.5;264599;2167695.3212178773;0.49322387540555646;0;0.0
Meta_639;264599;2618248.2314976584;0.4444444444444444;265218;2377235.014926539;0.4441975412728378;31;0.0
Meta_631;264599;2618248.2314976584;0.0;251678;1951768.697940809;0.35018773315097873;3600;0.16774212311017728
Meta_632;264599;2618248.2314976584;0.05555555555555555;251657;1924878.2985501136;0.3504062429062718;3603;0.17256610981325005
Meta_633;264599;2618248.2314976584;0.1111111111111111;251961;1957035.3440951614;0.35146578714637655;3618;0.18767854992238397
Meta_634;264599;2618248.2314976584;0.16666666666666666;252014;1953276.3581416565;0.3513017473320341;3620;0.2120899223086727
Meta_635;264599;2618248.2314976584;0.2222222222222222;252019;1959212.982797894;0.3513723449920979;3600;0.26525419526725086
Meta_636;264599;2618248.2314976584;0.2777777777777778;252671;1986686.277221412;0.3525163266930657;3617;0.3732381339979943
Meta_637;264599;2618248.2314976584;0.3333333333333333;251448;1939023.5736152625;0.3515426272704024;3625;0.6740404412781266
Meta_649;264599;3490997.6419968777;0.4444444444444444;264614;2404962.936527281;0.44326474676076805;58;0.0
Meta_650;264599;3490997.6419968777;0.5;264599;2167695.3212178773;0.49322387540555646;0;0.0
Meta_638;264599;2618248.2314976584;0.38888888888888884;264565;2440042.781430011;0.3888910115531633;3600;1.0
Meta_641;264599;3490997.6419968777;0.0;252204;1975886.581027106;0.35135256948483357;3600;0.16381162457719342
Meta_642;264599;3490997.6419968777;0.05555555555555555;252360;1976219.123378047;0.3513705606023539;3600;0.16576071846159462
Meta_643;264599;3490997.6419968777;0.1111111111111111;252442;1981317.0570871108;0.3520429661517409;3600;0.18196709339630512
Meta_644;264599;3490997.6419968777;0.16666666666666666;252567;1983223.4945457343;0.3520790098479885;3600;0.2066415460075218
Meta_648;264599;3490997.6419968777;0.38888888888888884;264599;2424635.6277380195;0.38887321242856554;2438;0.0
Meta_645;264599;3490997.6419968777;0.2222222222222222;252046;1960164.5736770607;0.3509126721569441;3600;0.2557660559649096
Meta_646;264599;3490997.6419968777;0.2777777777777778;252182;1970925.4291562121;0.3516221907776413;3600;0.3608685128698874
Meta_659;264599;4363747.052496097;0.4444444444444444;264707;2512772.203609461;0.44436422439321727;43;0.0
Meta_660;264599;4363747.052496097;0.5;264599;2167695.3212178773;0.49322387540555646;0;0.0
Meta_647;264599;3490997.6419968777;0.3333333333333333;251510;1957789.9780125357;0.35137920000067596;3600;0.6383889799281164
Meta_651;264599;4363747.052496097;0.0;252000;1959533.1409442911;0.35072036709553267;3600;0.1625153077789444
Meta_652;264599;4363747.052496097;0.05555555555555555;252742;1986216.9910843023;0.352561485435646;3600;0.16980103625402113
Meta_653;264599;4363747.052496097;0.1111111111111111;251351;1940478.7778039686;0.3495221817262585;3600;0.17876400474028614
Meta_654;264599;4363747.052496097;0.16666666666666666;251657;1945403.0124613391;0.3499760355663971;3600;0.1987710890644636
Meta_655;264599;4363747.052496097;0.2222222222222222;251605;1947070.8402850563;0.3516731055031237;3600;0.2622326747830656
Meta_656;264599;4363747.052496097;0.2777777777777778;252679;1991992.4306944802;0.35308385693133637;3600;0.36525339468191315
Meta_657;264599;4363747.052496097;0.3333333333333333;255126;2074791.6204384821;0.35926840665600995;3600;0.6490397164979819
Meta_669;264599;5236496.462995317;0.4444444444444444;264673;2420610.3826884003;0.44430561627934007;42;0.0
Meta_670;264599;5236496.462995317;0.5;264599;2167695.3212178773;0.49322387540555646;0;0.0
Meta_658;264599;4363747.052496097;0.38888888888888884;264564;2441070.260812425;0.3888924404929424;3600;1.0
Meta_668;264599;5236496.462995317;0.38888888888888884;264602;2448370.5405789185;0.388861794746854;512;0.0
Meta_661;264599;5236496.462995317;0.0;252196;1974245.4446960317;0.35118150135050075;3607;0.16301602924174835
Meta_662;264599;5236496.462995317;0.05555555555555555;253033;2001808.4382898884;0.3531732076686214;3600;0.17023175253796843
Meta_663;264599;5236496.462995317;0.1111111111111111;250776;1916919.9859957562;0.34812711318100853;3600;0.17375982831355824
Meta_664;264599;5236496.462995317;0.16666666666666666;252187;1965277.1409734625;0.35122710116179967;3607;0.2005736692453017
Meta_665;264599;5236496.462995317;0.2222222222222222;252656;1975243.3388813033;0.35245190096067563;3602;0.25842483275789624
Meta_666;264599;5236496.462995317;0.2777777777777778;252108;1956503.1467362053;0.3522096105629076;3600;0.3637012798746323
Meta_679;264599;6109245.873494536;0.4444444444444444;264599;2517528.370781233;0.444444902882615;4;0.0
Meta_680;264599;6109245.873494536;0.5;264599;2480052.3658929793;0.49424791687939684;0;0.0
Meta_667;264599;5236496.462995317;0.3333333333333333;253580;2009003.1442519599;0.3557944413958491;3600;0.6465718266177082
Meta_671;264599;6109245.873494536;0.0;251678;2061319.2923628187;0.35015062457667684;3600;0.16137187858644184
Meta_672;264599;6109245.873494536;0.05555555555555555;253218;2130648.968462957;0.3537565482223522;3600;0.17132264699870794
Meta_673;264599;6109245.873494536;0.1111111111111111;252290;2094129.962193394;0.3514125562100598;3601;0.1787640841793201
Meta_674;264599;6109245.873494536;0.16666666666666666;252538;2075928.5794003285;0.35199094994424734;3600;0.20700483717281706
Meta_675;264599;6109245.873494536;0.2222222222222222;251422;2030507.0729192577;0.34949992585234124;3600;0.2527366596564462
Meta_676;264599;6109245.873494536;0.2777777777777778;252564;2075928.8066423454;0.35218303744308077;3600;0.3602992935248436
Meta_677;264599;6109245.873494536;0.3333333333333333;252386;2066516.9375832675;0.353302458090901;3600;0.6446885670907216
Meta_689;264599;6981995.2839937555;0.4444444444444444;264599;2517528.370781233;0.444444902882615;5;0.0
Meta_690;264599;6981995.2839937555;0.5;264599;2480052.3658929793;0.49424791687939684;0;0.0
Meta_678;264599;6109245.873494536;0.38888888888888884;264052;2529577.5892509012;0.3889545389620332;3600;1.0
Meta_681;264599;6981995.2839937555;0.0;251678;2061319.2923628187;0.35015062457667684;3600;0.16136492768603158
Meta_682;264599;6981995.2839937555;0.05555555555555555;253218;2130648.968462957;0.3537565482223522;3605;0.1713357362052808
Meta_683;264599;6981995.2839937555;0.1111111111111111;252290;2094078.6601154213;0.35141259543030257;3600;0.1788154067528563
Meta_684;264599;6981995.2839937555;0.16666666666666666;252538;2075928.5794003285;0.35199094994424734;3600;0.20701352792801192
Meta_685;264599;6981995.2839937555;0.2222222222222222;251422;2030507.0729192577;0.34949992585234124;3600;0.2527350321622276
Meta_686;264599;6981995.2839937555;0.2777777777777778;252564;2076078.2879748836;0.3521735568708663;3600;0.3602013054195014
Meta_687;264599;6981995.2839937555;0.3333333333333333;252386;2066516.9375832675;0.353302458090901;3600;0.6447190550971987
Meta_699;264599;7854744.694492975;0.4444444444444444;264599;2517528.370781233;0.444444902882615;6;0.0
Meta_700;264599;7854744.694492975;0.5;264599;2480052.3658929793;0.49424791687939684;0;0.0
Meta_688;264599;6981995.2839937555;0.38888888888888884;264052;2529577.5892509012;0.3889545389620332;3600;1.0
Meta_691;264599;7854744.694492975;0.0;251678;2061319.2923628187;0.35015062457667684;3600;0.1613829396231712
Meta_692;264599;7854744.694492975;0.05555555555555555;253200;2130123.683462957;0.35371444017828696;3600;0.1712539447392458
Meta_693;264599;7854744.694492975;0.1111111111111111;252290;2094129.962193394;0.3514125562100598;3600;0.1787843788122477
Meta_694;264599;7854744.694492975;0.16666666666666666;252538;2075928.5794003285;0.35199094994424734;3600;0.20700483717281706
Meta_695;264599;7854744.694492975;0.2222222222222222;251422;2030507.0729192577;0.34949992585234124;3600;0.2527350321622276
Meta_696;264599;7854744.694492975;0.2777777777777778;252564;2075862.6061748837;0.3521701954771794;3600;0.3601537589666184
Meta_697;264599;7854744.694492975;0.3333333333333333;252386;2066516.9375832675;0.353302458090901;3600;0.6446885670907216
Meta_698;264599;7854744.694492975;0.38888888888888884;264052;2529577.5892509012;0.3889545389620332;3600;1.0
Meta_710;243142;0.0;0.5;243142;1052958.2525801705;0.4699530975593082;0;0.0
Meta_701;243142;0.0;0.0;226820;873954.062357193;0.3214109820233533;3600;0.09303965348038032
Meta_702;243142;0.0;0.05555555555555555;227920;899953.8491747144;0.32399109873768134;3600;0.10233284727329615
Meta_703;243142;0.0;0.1111111111111111;226029;844272.1201611648;0.32139610359370174;3613;0.10301076583911577
Meta_704;243142;0.0;0.16666666666666666;226495;856079.4989553584;0.32217232950484465;3600;0.11848969779694334
Meta_705;243142;0.0;0.2222222222222222;225611;832496.4194797791;0.32154642434140934;3600;0.14495298265861722
Meta_706;243142;0.0;0.2777777777777778;227081;881911.2375940691;0.3226509096265908;3612;0.2066953631304434
Meta_707;243142;0.0;0.3333333333333333;237986;1264773.7117377354;0.3341480822433601;3600;0.16635197659737078
Meta_708;243142;0.0;0.38888888888888884;243092;1177833.660076491;0.38889104399130797;3600;0.05619117578985161
Meta_709;243142;0.0;0.4444444444444444;243142;1066417.2626500875;0.4444443322554319;3600;0.012468527532706612
Meta_720;243142;872749.4104992194;0.5;243142;1052958.2525801705;0.4699530975593082;0;0.0
Meta_711;243142;872749.4104992194;0.0;233347;1078615.6080371914;0.3320333529507513;3661;0.16389557621060433
Meta_712;243142;872749.4104992194;0.05555555555555555;232771;1088204.8024426885;0.32645412170046123;3669;0.14942928064521652
Meta_713;243142;872749.4104992194;0.1111111111111111;234981;1168294.5376678149;0.32912725198709136;3674;0.17055990947818583
Meta_714;243142;872749.4104992194;0.16666666666666666;234867;1164096.7834466596;0.32872912920679687;3675;0.19567385063089876
Meta_716;243142;872749.4104992194;0.2777777777777778;231855;1028891.5702700829;0.33056068574984016;3639;0.4120754069817195
Meta_715;243142;872749.4104992194;0.2222222222222222;233186;1082359.791369999;0.33065033850688724;3668;0.26211508280768625
Meta_717;243142;872749.4104992194;0.3333333333333333;242154;1314572.31245001;0.3547030082443571;3600;0.643924690007884
Meta_728;243142;1745498.8209984389;0.38888888888888884;244029;1426528.5023523145;0.38825565465035705;81;0.0
Meta_729;243142;1745498.8209984389;0.4444444444444444;247238;1550905.387176767;0.44212362902308294;13;0.0
Meta_730;243142;1745498.8209984389;0.5;243142;1245467.478028843;0.47258737618981544;0;0.0
Meta_718;243142;872749.4104992194;0.38888888888888884;242968;1185213.1945882302;0.38888941317798753;3600;0.250829237148084
Meta_719;243142;872749.4104992194;0.4444444444444444;243142;1066373.9579910908;0.44444281713075456;3600;0.015230280814459964
Meta_721;243142;1745498.8209984389;0.0;243146;1612206.0943238859;0.3345625432768367;3608;0.1570567304182346
Meta_722;243142;1745498.8209984389;0.05555555555555555;243146;1554913.301021456;0.3363049451236151;3610;0.1710010924207157
Meta_723;243142;1745498.8209984389;0.1111111111111111;243140;1601683.8856360468;0.33503116651574266;3600;0.17948302716598152
Meta_724;243142;1745498.8209984389;0.16666666666666666;243089;1594549.9139180183;0.335329339174188;3600;0.214776141956008
Meta_725;243142;1745498.8209984389;0.2222222222222222;243143;1548053.7213959098;0.3363263578613694;3600;0.29518032500418
Meta_727;243142;1745498.8209984389;0.3333333333333333;243145;1526506.0010736864;0.3380601154676427;3600;1.0
Meta_739;243142;2618248.2314976584;0.4444444444444444;245714;1547285.8557856611;0.4444452164269621;9;0.0
Meta_740;243142;2618248.2314976584;0.5;243142;1245467.478028843;0.47258737618981544;0;0.0
Meta_726;243142;1745498.8209984389;0.2777777777777778;243135;1545102.3425101778;0.33611901060780763;3628;0.5214198319495311
Meta_738;243142;2618248.2314976584;0.38888888888888884;243183;1369749.9379450688;0.38850401784195254;124;0.0
Meta_731;243142;2618248.2314976584;0.0;243140;1562537.1384909912;0.33470924988559697;3600;0.16902593124623538
Meta_732;243142;2618248.2314976584;0.05555555555555555;243142;1622816.8340551176;0.33486990127079974;3611;0.17474468453382833
Meta_733;243142;2618248.2314976584;0.1111111111111111;243153;1616344.8715100954;0.3357526270145333;3644;0.19579983257259356
Meta_734;243142;2618248.2314976584;0.16666666666666666;243123;1533071.2061016166;0.3348402475614353;3600;0.2255775697692136
Meta_735;243142;2618248.2314976584;0.2222222222222222;242927;1595806.842945262;0.33698463404256424;3600;0.3180637752079402
Meta_748;243142;3490997.6419968777;0.38888888888888884;246859;1751235.509659378;0.38888884568470294;126;0.0
Meta_749;243142;3490997.6419968777;0.4444444444444444;243713;1533101.2298491073;0.4410625671013425;30;0.0
Meta_750;243142;3490997.6419968777;0.5;243142;1245467.478028843;0.47258737618981544;0;0.0
Meta_736;243142;2618248.2314976584;0.2777777777777778;243156;1536326.0453734666;0.3356579257557891;3600;0.5477243458625017
Meta_737;243142;2618248.2314976584;0.3333333333333333;243940;1562208.610804159;0.33970356812285374;3600;1.0
Meta_742;243142;3490997.6419968777;0.05555555555555555;243135;1632740.5442130067;0.3346237514368471;3600;0.15759605424569179
Meta_741;243142;3490997.6419968777;0.0;243135;1619208.3734127332;0.33536257156742977;3612;0.1577685316381441
Meta_743;243142;3490997.6419968777;0.1111111111111111;243144;1616906.2549247704;0.3355722583699304;3600;0.17905954620807424
Meta_744;243142;3490997.6419968777;0.16666666666666666;243135;1619861.951891075;0.3353999271916697;3600;0.2094332917694415
Meta_745;243142;3490997.6419968777;0.2222222222222222;243139;1628540.8497954502;0.3349941042721652;3606;0.2783631059220524
Meta_758;243142;4363747.052496097;0.38888888888888884;246859;1751235.509659378;0.38888884568470294;116;0.0
Meta_759;243142;4363747.052496097;0.4444444444444444;247674;1717732.949853985;0.4443876335589735;11;0.0
Meta_760;243142;4363747.052496097;0.5;243142;1245467.478028843;0.47258737618981544;0;0.0
Meta_746;243142;3490997.6419968777;0.2777777777777778;242950;1613290.6698926922;0.33579553805720114;3600;0.5078556918448803
Meta_747;243142;3490997.6419968777;0.3333333333333333;244668;1660986.3236015956;0.3412578568956567;3600;1.0
Meta_751;243142;4363747.052496097;0.0;243135;1629278.9101858856;0.33492208150845365;3600;0.15480203800681105
Meta_752;243142;4363747.052496097;0.05555555555555555;243143;1626468.617827786;0.3348247425776344;3600;0.15821570961589124
Meta_753;243142;4363747.052496097;0.1111111111111111;243163;1624503.4558442552;0.33552394837952154;3600;0.1759852906742159
Meta_754;243142;4363747.052496097;0.16666666666666666;243142;1616504.756148253;0.33583901298755897;3600;0.21255239886700716
Meta_755;243142;4363747.052496097;0.2222222222222222;243114;1632233.177405151;0.33521782487681584;3600;0.28025907943553485
Meta_756;243142;4363747.052496097;0.2777777777777778;243135;1619943.6451550904;0.3351506273007357;3605;0.4985980899856388
Meta_769;243142;5236496.462995317;0.4444444444444444;246227;1633494.5618295942;0.4444444931997787;7;0.0
Meta_770;243142;5236496.462995317;0.5;243142;1245467.478028843;0.47258737618981544;0;0.0
Meta_768;243142;5236496.462995317;0.38888888888888884;246859;1751235.509659378;0.38888884568470294;125;0.0
Meta_757;243142;4363747.052496097;0.3333333333333333;243141;1608168.3457449595;0.33860002029428704;3600;1.0
Meta_761;243142;5236496.462995317;0.0;243122;1617705.40516274;0.3351312642067234;3600;0.1559748078680896
Meta_762;243142;5236496.462995317;0.05555555555555555;243143;1624002.9274134054;0.33521881919754026;3607;0.16030491130149643
Meta_763;243142;5236496.462995317;0.1111111111111111;243140;1621829.7128307503;0.33551773744317365;3600;0.17670757905110632
Meta_764;243142;5236496.462995317;0.16666666666666666;243143;1619492.0999117016;0.33547180362861984;3600;0.20985316019755695
Meta_765;243142;5236496.462995317;0.2222222222222222;243132;1626839.0649748503;0.3355915889426381;3600;0.27981841162908466
Meta_778;243142;6109245.873494536;0.38888888888888884;243490;1729696.6175371374;0.3886784019299243;46;0.0
Meta_779;243142;6109245.873494536;0.4444444444444444;243267;1702543.0591618707;0.44408829160307456;10;0.0
Meta_780;243142;6109245.873494536;0.5;243142;1714191.54801745;0.48238507815607645;0;0.0
Meta_766;243142;5236496.462995317;0.2777777777777778;243140;1622352.7185328386;0.33521119340559363;3607;0.49928284170503234
Meta_767;243142;5236496.462995317;0.3333333333333333;242870;1613895.0645772156;0.3382769310768717;3600;1.0
Meta_771;243142;6109245.873494536;0.0;243143;1709016.2872169998;0.33537773682504773;3600;0.15634681953795687
Meta_772;243142;6109245.873494536;0.05555555555555555;243146;1723020.4277174135;0.3355064487404833;3600;0.16204655356060196
Meta_773;243142;6109245.873494536;0.1111111111111111;243142;1715087.0952331237;0.33477175880912674;3600;0.17187429554893935
Meta_774;243142;6109245.873494536;0.16666666666666666;243142;1695279.2077555812;0.33495802895345145;3600;0.20485243831402133
Meta_775;243142;6109245.873494536;0.2222222222222222;243148;1707493.3694672028;0.3366285236750995;3600;0.2896044910864169
Meta_788;243142;6981995.2839937555;0.38888888888888884;243490;1729696.6175371374;0.3886784019299243;39;0.0
Meta_789;243142;6981995.2839937555;0.4444444444444444;243267;1702543.0591618707;0.44408829160307456;10;0.0
Meta_790;243142;6981995.2839937555;0.5;243142;1714191.54801745;0.48238507815607645;0;0.0
Meta_776;243142;6109245.873494536;0.2777777777777778;243181;1709750.4225985524;0.33586705823683477;3600;0.5001503201119941
Meta_777;243142;6109245.873494536;0.3333333333333333;243147;1690666.660716325;0.337557224115496;3600;1.0
Meta_781;243142;6981995.2839937555;0.0;243143;1709016.2872169998;0.33537773682504773;3600;0.1563411443889099
Meta_782;243142;6981995.2839937555;0.05555555555555555;243146;1723020.4277174135;0.3355064487404833;3600;0.16204490285690684
Meta_783;243142;6981995.2839937555;0.1111111111111111;243142;1715087.0952331237;0.33477175880912674;3600;0.171872070526794
Meta_784;243142;6981995.2839937555;0.16666666666666666;243142;1695279.2077555812;0.33495802895345145;3600;0.20485243831402133
Meta_785;243142;6981995.2839937555;0.2222222222222222;243148;1707493.3694672028;0.3366285236750995;3600;0.2896028856438335
Meta_798;243142;7854744.694492975;0.38888888888888884;243490;1729696.6175371374;0.3886784019299243;44;0.0
Meta_799;243142;7854744.694492975;0.4444444444444444;243267;1702543.0591618707;0.44408829160307456;8;0.0
Meta_800;243142;7854744.694492975;0.5;243142;1714191.54801745;0.48238507815607645;0;0.0
Meta_786;243142;6981995.2839937555;0.2777777777777778;243181;1709750.4225985524;0.33586705823683477;3601;0.5001503201119941
Meta_787;243142;6981995.2839937555;0.3333333333333333;243147;1690666.660716325;0.337557224115496;3600;1.0
Meta_791;243142;7854744.694492975;0.0;243143;1709016.2872169998;0.33537773682504773;3600;0.15634681953795687
Meta_792;243142;7854744.694492975;0.05555555555555555;243146;1723020.4277174135;0.3355064487404833;3600;0.16204492433583084
Meta_793;243142;7854744.694492975;0.1111111111111111;243142;1715087.0952331237;0.33477175880912674;3600;0.17186066642196998
Meta_794;243142;7854744.694492975;0.16666666666666666;243142;1695279.2077555812;0.33495802895345145;3605;0.20485243831402133
Meta_795;243142;7854744.694492975;0.2222222222222222;243148;1707493.3694672028;0.3366285236750995;3601;0.2896028856438335
Meta_796;243142;7854744.694492975;0.2777777777777778;243181;1709750.4225985524;0.33586705823683477;3600;0.5001503201119941
Meta_809;221685;0.0;0.4444444444444444;221685;400457.0349280759;0.4262443952882623;0;0.0
Meta_810;221685;0.0;0.5;221685;400457.0349280759;0.4262443952882623;0;0.0
Meta_797;243142;7854744.694492975;0.3333333333333333;243147;1690666.660716325;0.337557224115496;3600;1.0
Meta_801;221685;0.0;0.0;221706;701649.6729813012;0.32087425105583056;3611;0.06655217859869549
Meta_802;221685;0.0;0.05555555555555555;221691;700549.1634912587;0.320583654994987;3600;0.06656884474215718
Meta_803;221685;0.0;0.1111111111111111;221636;697771.2173093662;0.32032384959720195;3602;0.07039449502589143
Meta_804;221685;0.0;0.16666666666666666;221681;688490.9064472935;0.3201645245395809;3600;0.0788760876495914
Meta_805;221685;0.0;0.2222222222222222;221686;692633.9620567288;0.3202979583761785;3600;0.1038263355259965
Meta_806;221685;0.0;0.2777777777777778;221685;693169.8586364877;0.32064996720013456;3611;0.17663115815716232
Meta_818;221685;872749.4104992194;0.38888888888888884;221685;540676.3895615715;0.38666433162502784;59;0.0
Meta_819;221685;872749.4104992194;0.4444444444444444;221685;505553.9636961435;0.42470801164414934;0;0.0
Meta_820;221685;872749.4104992194;0.5;221685;505553.9636961435;0.42470801164414934;0;0.0
Meta_807;221685;0.0;0.3333333333333333;221685;571488.5012793726;0.33334898250816486;3600;0.17302989420728362
Meta_817;221685;872749.4104992194;0.3333333333333333;225601;859412.559761431;0.33321880859712616;1339;0.0
Meta_808;221685;0.0;0.38888888888888884;221685;417743.5114373598;0.38888864279074686;3600;0.007192166980343953
Meta_811;221685;872749.4104992194;0.0;222657;786550.3577516372;0.31740754552665684;3600;0.0639777030066064
Meta_812;221685;872749.4104992194;0.05555555555555555;221686;756794.1959062434;0.3173327854833374;3600;0.0633064236662612
Meta_813;221685;872749.4104992194;0.1111111111111111;221711;769264.1614660679;0.3182642564604199;3600;0.07741948329359362
Meta_814;221685;872749.4104992194;0.16666666666666666;223674;827432.5849771068;0.31782326252444565;3600;0.09162408434518117
Meta_828;221685;1745498.8209984389;0.38888888888888884;221711;658431.5821019069;0.38883665520880456;7;0.0
Meta_829;221685;1745498.8209984389;0.4444444444444444;221685;505553.9636961435;0.42470801164414934;0;0.0
Meta_830;221685;1745498.8209984389;0.5;221685;505553.9636961435;0.42470801164414934;0;0.0
Meta_815;221685;872749.4104992194;0.2222222222222222;222859;811950.6016143674;0.31905487070876876;3600;0.14353761245673205
Meta_816;221685;872749.4104992194;0.2777777777777778;222440;795840.0805640739;0.3189545326700476;3600;0.3034892814534446
Meta_821;221685;1745498.8209984389;0.0;224800;909936.9656196259;0.318762237050536;3600;0.10619942006218218
Meta_822;221685;1745498.8209984389;0.05555555555555555;221686;786217.6253701014;0.31994337651860866;3600;0.11236505835989219
Meta_823;221685;1745498.8209984389;0.1111111111111111;221685;776793.4525348694;0.31811888477991307;3600;0.11183027875329724
Meta_824;221685;1745498.8209984389;0.16666666666666666;227184;963606.1995701246;0.3197344082542988;3600;0.15158557766376896
Meta_837;221685;2618248.2314976584;0.3333333333333333;227859;1002085.0069785637;0.3333335812178296;117;0.0
Meta_838;221685;2618248.2314976584;0.38888888888888884;221711;658431.5821019069;0.38883665520880456;7;0.0
Meta_839;221685;2618248.2314976584;0.4444444444444444;221685;505553.9636961435;0.42470801164414934;0;0.0
Meta_840;221685;2618248.2314976584;0.5;221685;505553.9636961435;0.42470801164414934;0;0.0
Meta_825;221685;1745498.8209984389;0.2222222222222222;223591;860293.728878526;0.32251394108661546;3600;0.2360738647922852
Meta_826;221685;1745498.8209984389;0.2777777777777778;222331;805049.2914087231;0.3215133017941669;3600;0.4627671870904798
Meta_827;221685;1745498.8209984389;0.3333333333333333;231453;1120518.1020720985;0.3333961431626495;3600;1.0
Meta_831;221685;2618248.2314976584;0.0;221985;782510.8908612843;0.32598786236965765;3609;0.14891112449196844
Meta_832;221685;2618248.2314976584;0.05555555555555555;229601;1046680.9454098922;0.3208404087894688;3600;0.12497908833962752
Meta_833;221685;2618248.2314976584;0.1111111111111111;233659;1212863.6128391456;0.32739693249679935;3600;0.17906559094552693
Meta_847;221685;3490997.6419968777;0.3333333333333333;231841;1181390.0656568909;0.333318528025721;170;0.0
Meta_848;221685;3490997.6419968777;0.38888888888888884;221705;650898.396048268;0.3887026309999391;10;0.0
Meta_849;221685;3490997.6419968777;0.4444444444444444;221685;505553.9636961435;0.42470801164414934;0;0.0
Meta_850;221685;3490997.6419968777;0.5;221685;505553.9636961435;0.42470801164414934;0;0.0
Meta_834;221685;2618248.2314976584;0.16666666666666666;224281;876673.5277302553;0.319849374434187;3600;0.16085657925992292
Meta_835;221685;2618248.2314976584;0.2222222222222222;222063;799301.8249034061;0.3233321154713777;3600;0.26009692932350165
Meta_836;221685;2618248.2314976584;0.2777777777777778;225223;888769.8272610527;0.3231606281711763;3600;0.5155293241300717
Meta_841;221685;3490997.6419968777;0.0;221720;818578.9279522599;0.3201185438859043;3600;0.1145181066129053
Meta_842;221685;3490997.6419968777;0.05555555555555555;221713;798834.0557231903;0.32008897703751193;3600;0.11803249206518894
Meta_843;221685;3490997.6419968777;0.1111111111111111;223901;875953.8363004625;0.3181762298908721;3600;0.11330810996891623
Meta_844;221685;3490997.6419968777;0.16666666666666666;221793;808547.1390138407;0.31986725325877075;3600;0.15602258697751406
Meta_858;221685;4363747.052496097;0.38888888888888884;221705;650898.396048268;0.3887026309999391;8;0.0
Meta_859;221685;4363747.052496097;0.4444444444444444;221685;505553.9636961435;0.42470801164414934;0;0.0
Meta_860;221685;4363747.052496097;0.5;221685;505553.9636961435;0.42470801164414934;0;0.0
Meta_845;221685;3490997.6419968777;0.2222222222222222;223100;851930.708434217;0.3214845609154993;3600;0.2274292135409932
Meta_846;221685;3490997.6419968777;0.2777777777777778;229295;1090056.8126962963;0.32073368418472537;3600;0.46651555226248453
Meta_851;221685;4363747.052496097;0.0;228256;1053234.7330437156;0.3199715467992268;3600;0.10947633522912502
Meta_852;221685;4363747.052496097;0.05555555555555555;225269;936560.3060110038;0.3197223611154321;3600;0.11550425646617958
Meta_853;221685;4363747.052496097;0.1111111111111111;222496;844798.6491273177;0.3187989752767121;3600;0.12253239696530874
Meta_857;221685;4363747.052496097;0.3333333333333333;228299;1027387.6473972357;0.33324061723197534;2306;0.0
Meta_854;221685;4363747.052496097;0.16666666666666666;222421;824378.056333652;0.31825041457826164;3600;0.13959137811900124
Meta_868;221685;5236496.462995317;0.38888888888888884;221705;650898.396048268;0.3887026309999391;8;0.0
Meta_869;221685;5236496.462995317;0.4444444444444444;221685;505553.9636961435;0.42470801164414934;0;0.0
Meta_870;221685;5236496.462995317;0.5;221685;505553.9636961435;0.42470801164414934;0;0.0
Meta_855;221685;4363747.052496097;0.2222222222222222;222034;823090.1687021522;0.3190196543281251;3600;0.2041247394620027
Meta_856;221685;4363747.052496097;0.2777777777777778;223654;890625.404515647;0.3225328231546211;3600;0.49671448042015653
Meta_861;221685;5236496.462995317;0.0;221681;819679.8419190971;0.31952095882194564;3600;0.11008249995316348
Meta_867;221685;5236496.462995317;0.3333333333333333;226506;968680.3594176847;0.333150297211721;1543;0.0
Meta_862;221685;5236496.462995317;0.05555555555555555;222186;819895.6591049092;0.31829317831169107;3606;0.10557604702141839
Meta_863;221685;5236496.462995317;0.1111111111111111;221846;800349.8606603269;0.31810258347167875;3600;0.11605456503920004
Meta_864;221685;5236496.462995317;0.16666666666666666;229784;1105274.321382985;0.3204333985815804;3600;0.16003953808128799
Meta_878;221685;6109245.873494536;0.38888888888888884;222271;849494.029375119;0.3884684021933212;65;0.0
Meta_879;221685;6109245.873494536;0.4444444444444444;222428;918955.2519339847;0.44325647546596547;5;0.0
Meta_880;221685;6109245.873494536;0.5;221685;866993.0999302866;0.4571421947717415;0;0.0
Meta_877;221685;6109245.873494536;0.3333333333333333;231284;1183067.0811138712;0.33320650287170267;925;0.0
Meta_865;221685;5236496.462995317;0.2222222222222222;223642;889671.3231065443;0.3211423496913976;3600;0.22970884803264577
Meta_866;221685;5236496.462995317;0.2777777777777778;223337;874581.2490539334;0.318775258572733;3615;0.4464769921748351
Meta_871;221685;6109245.873494536;0.0;229266;1149070.7025658642;0.32080833106247814;3600;0.11734264488822815
Meta_872;221685;6109245.873494536;0.05555555555555555;222149;872163.7088232626;0.3185314464080078;3600;0.10796259951254443
Meta_873;221685;6109245.873494536;0.1111111111111111;223724;929921.8954928577;0.31888171078706123;3600;0.12036577598559357
Meta_874;221685;6109245.873494536;0.16666666666666666;222865;882408.5401293758;0.3176723657513599;3600;0.1379060536509163
Meta_888;221685;6981995.2839937555;0.38888888888888884;222271;849494.029375119;0.3884684021933212;68;0.0
Meta_889;221685;6981995.2839937555;0.4444444444444444;222428;918955.2519339847;0.44325647546596547;5;0.0
Meta_890;221685;6981995.2839937555;0.5;221685;866993.0999302866;0.4571421947717415;0;0.0
Meta_875;221685;6109245.873494536;0.2222222222222222;227066;1057657.573079163;0.3195333955122178;3600;0.20037604671115694
Meta_876;221685;6109245.873494536;0.2777777777777778;222172;868887.3859728369;0.32152665803127034;3600;0.48706698675805904
Meta_887;221685;6981995.2839937555;0.3333333333333333;231284;1183067.0811138712;0.33320650287170267;948;0.0
Meta_881;221685;6981995.2839937555;0.0;229303;1151872.634965864;0.3207950087457584;3600;0.11726928639089222
Meta_882;221685;6981995.2839937555;0.05555555555555555;222149;872163.7088232626;0.3185314464080078;3600;0.10796261171191872
Meta_883;221685;6981995.2839937555;0.1111111111111111;223724;929921.8954928577;0.31888171078706123;3609;0.12036591962630623
Meta_884;221685;6981995.2839937555;0.16666666666666666;222865;882408.5401293758;0.3176723657513599;3600;0.137906818661377
Meta_898;221685;7854744.694492975;0.38888888888888884;222271;849494.029375119;0.3884684021933212;66;0.0
Meta_899;221685;7854744.694492975;0.4444444444444444;222428;918955.2519339847;0.44325647546596547;6;0.0
Meta_900;221685;7854744.694492975;0.5;221685;866993.0999302866;0.4571421947717415;0;0.0
Meta_885;221685;6981995.2839937555;0.2222222222222222;227097;1059159.020301379;0.31955240676564745;3600;0.20056032064244345
Meta_886;221685;6981995.2839937555;0.2777777777777778;221951;856233.5470072816;0.32164087886144577;3600;0.48854057201069745
Meta_897;221685;7854744.694492975;0.3333333333333333;231284;1183067.0811138712;0.33320650287170267;961;0.0
Meta_891;221685;7854744.694492975;0.0;229288;1151285.0777658643;0.32089976320817903;3600;0.11784610636465678
Meta_892;221685;7854744.694492975;0.05555555555555555;222149;872163.7088232626;0.3185314464080078;3600;0.10796261517713678
Meta_893;221685;7854744.694492975;0.1111111111111111;223724;929921.8954928577;0.31888171078706123;3600;0.12036644738175639
Meta_894;221685;7854744.694492975;0.16666666666666666;222865;882408.5401293758;0.3176723657513599;3600;0.13790621217304125
Meta_908;200228;0.0;0.38888888888888884;200228;0.0;0.33732677227207836;0;0.0
Meta_909;200228;0.0;0.4444444444444444;200228;0.0;0.33732677227207836;0;0.0
Meta_910;200228;0.0;0.5;200228;0.0;0.33732677227207836;0;0.0
Meta_895;221685;7854744.694492975;0.2222222222222222;227097;1059159.020301379;0.31955240676564745;3600;0.20056032064244345
Meta_896;221685;7854744.694492975;0.2777777777777778;221961;857157.7355150598;0.3216449289101417;3600;0.48861050198150674
Meta_901;200228;0.0;0.0;205511;151785.99614070918;0.3276917731208155;3600;0.02734434659027419
Meta_902;200228;0.0;0.05555555555555555;205431;150155.00956757632;0.32784836365908593;3602;0.028430649719252857
Meta_903;200228;0.0;0.1111111111111111;205797;165531.1593855153;0.32722445596865435;3600;0.031025145933157822
Meta_904;200228;0.0;0.16666666666666666;206099;170442.41900052354;0.3269913705580762;3600;0.03658902171472831
Meta_917;200228;872749.4104992194;0.3333333333333333;204728;147472.08054484686;0.3333302772121182;218;0.0
Meta_918;200228;872749.4104992194;0.38888888888888884;200228;0.0;0.33732677227207836;0;0.0
Meta_919;200228;872749.4104992194;0.4444444444444444;200228;0.0;0.33732677227207836;0;0.0
Meta_920;200228;872749.4104992194;0.5;200228;0.0;0.33732677227207836;0;0.0
Meta_905;200228;0.0;0.2222222222222222;205075;136843.712606099;0.32834555581814584;3600;0.05140396110448568
Meta_906;200228;0.0;0.2777777777777778;205622;156329.8805985046;0.32758645297614325;3600;0.08977433923918446
Meta_907;200228;0.0;0.3333333333333333;201921;38430.0631036756;0.33333481254322206;3600;0.3639560963515914
Meta_911;200228;872749.4104992194;0.0;225205;872564.549842938;0.3203379588971122;3600;0.08536166362930998
Meta_912;200228;872749.4104992194;0.05555555555555555;225030;873004.1442277798;0.3208773100281628;3600;0.09140808279780983
Meta_913;200228;872749.4104992194;0.1111111111111111;219979;697278.8974286035;0.318534306688853;3602;0.08457786743884958
Meta_914;200228;872749.4104992194;0.16666666666666666;218511;648661.5596053186;0.3197793395984315;3600;0.1131002028846144
Meta_928;200228;1745498.8209984389;0.38888888888888884;200228;0.0;0.33732677227207836;0;0.0
Meta_929;200228;1745498.8209984389;0.4444444444444444;200228;0.0;0.33732677227207836;0;0.0
Meta_930;200228;1745498.8209984389;0.5;200228;0.0;0.33732677227207836;0;0.0
Meta_915;200228;872749.4104992194;0.2222222222222222;224770;868462.1611165373;0.3196723375275726;3600;0.15907236749501916
Meta_916;200228;872749.4104992194;0.2777777777777778;224978;872538.7409315541;0.3213193078012349;3600;0.36369099611190464
Meta_927;200228;1745498.8209984389;0.3333333333333333;219036;684384.3963673109;0.33333215402000566;1156;0.0
Meta_921;200228;1745498.8209984389;0.0;215386;535064.9609988786;0.32186104747728184;3600;0.1240467852908579
Meta_922;200228;1745498.8209984389;0.05555555555555555;218326;642719.3610564817;0.3226812850865129;3601;0.13270228882643598
Meta_923;200228;1745498.8209984389;0.1111111111111111;222067;791733.8051561965;0.3206414737875113;3600;0.1337115794755393
Meta_924;200228;1745498.8209984389;0.16666666666666666;230071;1081711.1572785815;0.3244462482189972;3600;0.18800127705830919
Meta_938;200228;2618248.2314976584;0.38888888888888884;200228;0.0;0.33732677227207836;0;0.0
Meta_939;200228;2618248.2314976584;0.4444444444444444;200228;0.0;0.33732677227207836;0;0.0
Meta_940;200228;2618248.2314976584;0.5;200228;0.0;0.33732677227207836;0;0.0
Meta_937;200228;2618248.2314976584;0.3333333333333333;217358;582861.7229513855;0.3333328306839953;307;0.0
Meta_925;200228;1745498.8209984389;0.2222222222222222;216082;581577.0165992687;0.32350332095424283;3600;0.25178402567565206
Meta_926;200228;1745498.8209984389;0.2777777777777778;220804;740433.5792181937;0.32212682374317675;3600;0.4911318014374223
Meta_931;200228;2618248.2314976584;0.0;221846;771090.9325539109;0.3206413986615894;3600;0.12271429519138137
Meta_932;200228;2618248.2314976584;0.05555555555555555;224143;857494.6383873681;0.3202919772051977;3600;0.12451605070656291
Meta_933;200228;2618248.2314976584;0.1111111111111111;223683;839304.8228629498;0.3197913079468599;3600;0.13424302826798545
Meta_947;200228;3490997.6419968777;0.3333333333333333;213004;507825.15520937013;0.3333235887790484;88;0.0
Meta_948;200228;3490997.6419968777;0.38888888888888884;200228;0.0;0.33732677227207836;0;0.0
Meta_949;200228;3490997.6419968777;0.4444444444444444;200228;0.0;0.33732677227207836;0;0.0
Meta_950;200228;3490997.6419968777;0.5;200228;0.0;0.33732677227207836;0;0.0
Meta_934;200228;2618248.2314976584;0.16666666666666666;224547;867724.3055315841;0.32098667950578846;3600;0.17057640561318385
Meta_935;200228;2618248.2314976584;0.2222222222222222;217255;609816.349444857;0.3218079634334348;3600;0.2471577631792918
Meta_936;200228;2618248.2314976584;0.2777777777777778;219373;702713.7029563277;0.3201023205069169;3615;0.48587847580326216
Meta_941;200228;3490997.6419968777;0.0;217387;638957.431119106;0.32082848816846427;3600;0.11939942718734513
Meta_942;200228;3490997.6419968777;0.05555555555555555;216391;603099.1806846109;0.32302178927746755;3600;0.13557870447703507
Meta_943;200228;3490997.6419968777;0.1111111111111111;227222;987993.3464892766;0.322701239008407;3606;0.1472889137029928
Meta_957;200228;4363747.052496097;0.3333333333333333;213004;507825.15520937013;0.3333235887790484;105;0.0
Meta_958;200228;4363747.052496097;0.38888888888888884;200228;0.0;0.33732677227207836;0;0.0
Meta_959;200228;4363747.052496097;0.4444444444444444;200228;0.0;0.33732677227207836;0;0.0
Meta_960;200228;4363747.052496097;0.5;200228;0.0;0.33732677227207836;0;0.0
Meta_944;200228;3490997.6419968777;0.16666666666666666;219465;727105.8256917775;0.3221625701697598;3600;0.17328776471984303
Meta_945;200228;3490997.6419968777;0.2222222222222222;213390;498586.3234292611;0.3242728138360562;3600;0.2608375265503711
Meta_946;200228;3490997.6419968777;0.2777777777777778;226344;995282.7210440953;0.321973717992594;3600;0.49273246541210325
Meta_951;200228;4363747.052496097;0.0;215273;557899.9770224921;0.32205585868215947;3600;0.12591984124309372
Meta_952;200228;4363747.052496097;0.05555555555555555;218329;682153.8675783555;0.32232195741365055;3600;0.13146954507554207
Meta_953;200228;4363747.052496097;0.1111111111111111;218983;709085.3764545656;0.32137344313715516;3600;0.1388574988136481
Meta_967;200228;5236496.462995317;0.3333333333333333;213004;507825.15520937013;0.3333235887790484;98;0.0
Meta_968;200228;5236496.462995317;0.38888888888888884;200228;0.0;0.33732677227207836;0;0.0
Meta_969;200228;5236496.462995317;0.4444444444444444;200228;0.0;0.33732677227207836;0;0.0
Meta_970;200228;5236496.462995317;0.5;200228;0.0;0.33732677227207836;0;0.0
Meta_954;200228;4363747.052496097;0.16666666666666666;217127;637789.6120864725;0.32207048551443973;3600;0.17249080764728067
Meta_955;200228;4363747.052496097;0.2222222222222222;221261;771416.0932746097;0.3245750974682062;3600;0.26319671730501076
Meta_956;200228;4363747.052496097;0.2777777777777778;216184;613258.9335647252;0.32373364103837676;3600;0.5141146440570695
Meta_961;200228;5236496.462995317;0.0;217463;646010.6995987239;0.3215323539758081;3606;0.12325661404406564
Meta_962;200228;5236496.462995317;0.05555555555555555;215345;567171.1892477236;0.3215404221368702;3600;0.12684701472493692
Meta_963;200228;5236496.462995317;0.1111111111111111;216202;596279.4506836737;0.3219042297758043;3600;0.1422470500610998
Meta_977;200228;6109245.873494536;0.3333333333333333;208139;334332.8560217829;0.3333285886067706;34;0.0
Meta_978;200228;6109245.873494536;0.38888888888888884;200228;0.0;0.33732677227207836;0;0.0
Meta_979;200228;6109245.873494536;0.4444444444444444;200228;0.0;0.33732677227207836;0;0.0
Meta_980;200228;6109245.873494536;0.5;200228;0.0;0.33732677227207836;0;0.0
Meta_964;200228;5236496.462995317;0.16666666666666666;214477;531821.4851530343;0.3220763444711187;3600;0.17191632073462354
Meta_965;200228;5236496.462995317;0.2222222222222222;216107;592019.2367089409;0.3217779847727243;3600;0.23825903968448944
Meta_966;200228;5236496.462995317;0.2777777777777778;215439;581047.1771846382;0.3234848897273188;3600;0.5108397579984278
Meta_971;200228;6109245.873494536;0.0;214512;551757.7970194749;0.32056677434837316;3600;0.11901097886652318
Meta_972;200228;6109245.873494536;0.05555555555555555;214174;525033.5298934075;0.32173637077597433;3600;0.12910479548731937
Meta_973;200228;6109245.873494536;0.1111111111111111;215210;573541.3009351923;0.3208530412010805;3600;0.1368961911387053
Meta_987;200228;6981995.2839937555;0.3333333333333333;208139;334332.8560217829;0.3333285886067706;37;0.0
Meta_988;200228;6981995.2839937555;0.38888888888888884;200228;0.0;0.33732677227207836;0;0.0
Meta_989;200228;6981995.2839937555;0.4444444444444444;200228;0.0;0.33732677227207836;0;0.0
Meta_990;200228;6981995.2839937555;0.5;200228;0.0;0.33732677227207836;0;0.0
Meta_974;200228;6109245.873494536;0.16666666666666666;218267;698734.0767085662;0.32227660731389607;3600;0.17349172282148823
Meta_975;200228;6109245.873494536;0.2222222222222222;217132;676213.6265117595;0.3228657379082855;3600;0.2487505238437207
Meta_976;200228;6109245.873494536;0.2777777777777778;216184;635576.485635647;0.319689151384314;3600;0.4659219764947181
Meta_981;200228;6981995.2839937555;0.0;214512;551757.7970194749;0.32056677434837316;3600;0.11901251647309034
Meta_982;200228;6981995.2839937555;0.05555555555555555;214174;525033.5298934075;0.32173637077597433;3600;0.12909211216147048
Meta_983;200228;6981995.2839937555;0.1111111111111111;215210;573541.3009351923;0.3208530412010805;3600;0.1369164526050714
Meta_997;200228;7854744.694492975;0.3333333333333333;208139;334332.8560217829;0.3333285886067706;36;0.0
Meta_998;200228;7854744.694492975;0.38888888888888884;200228;0.0;0.33732677227207836;0;0.0
Meta_999;200228;7854744.694492975;0.4444444444444444;200228;0.0;0.33732677227207836;0;0.0
Meta_1000;200228;7854744.694492975;0.5;200228;0.0;0.33732677227207836;0;0.0
Meta_984;200228;6981995.2839937555;0.16666666666666666;218267;698734.0767085662;0.32227660731389607;3600;0.1734819778612568
Meta_985;200228;6981995.2839937555;0.2222222222222222;217132;676213.6265117595;0.3228657379082855;3600;0.2487505238437207
Meta_986;200228;6981995.2839937555;0.2777777777777778;216182;635323.0144569676;0.3196742222818667;3600;0.46557590138522625
Meta_991;200228;7854744.694492975;0.0;214512;551757.7970194749;0.32056677434837316;3600;0.1190101788513234
Meta_992;200228;7854744.694492975;0.05555555555555555;214174;525033.5298934075;0.32173637077597433;3600;0.12897859181837398
Meta_993;200228;7854744.694492975;0.1111111111111111;215268;577038.4722711542;0.32065504764016756;3600;0.1355864832507611
Meta_994;200228;7854744.694492975;0.16666666666666666;218188;697680.7089272704;0.32210791500059854;3600;0.17220348573062116
Meta_995;200228;7854744.694492975;0.2222222222222222;217086;670945.4776607505;0.3223117774688251;3600;0.2435863438581094
Meta_996;200228;7854744.694492975;0.2777777777777778;216181;635319.3896319016;0.3196731368381641;3600;0.4655314187612612
