Meta_910;311742;0.0;0.5;311742;0.0;0.42828382190763215;0;0.0
Meta_909;311742;0.0;0.4444444444444444;311742;0.0;0.42828382190763215;0;0.0
Meta_919;311742;1047808.969307363;0.4444444444444444;311742;0.0;0.42828382190763215;0;0.0
Meta_920;311742;1047808.969307363;0.5;311742;0.0;0.42828382190763215;0;0.0
Meta_929;311742;2095617.938614726;0.4444444444444444;311742;0.0;0.42828382190763215;0;0.0
Meta_930;311742;2095617.938614726;0.5;311742;0.0;0.42828382190763215;0;0.0
Meta_940;311742;3143426.907922089;0.5;311742;0.0;0.42828382190763215;0;0.0
Meta_939;311742;3143426.907922089;0.4444444444444444;311742;0.0;0.42828382190763215;0;0.0
Meta_949;311742;4191235.877229452;0.4444444444444444;311742;0.0;0.42828382190763215;0;0.0
Meta_950;311742;4191235.877229452;0.5;311742;0.0;0.42828382190763215;0;0.0
Meta_959;311742;5239044.846536815;0.4444444444444444;311742;0.0;0.42828382190763215;0;0.0
Meta_960;311742;5239044.846536815;0.5;311742;0.0;0.42828382190763215;0;0.0
Meta_969;311742;6286853.815844178;0.4444444444444444;311742;0.0;0.42828382190763215;0;0.0
Meta_970;311742;6286853.815844178;0.5;311742;0.0;0.42828382190763215;0;0.0
Meta_979;311742;7334662.785151541;0.4444444444444444;311742;0.0;0.42828382190763215;0;0.0
Meta_980;311742;7334662.785151541;0.5;311742;0.0;0.42828382190763215;0;0.0
Meta_989;311742;8382471.754458904;0.4444444444444444;311742;0.0;0.42828382190763215;0;0.0
Meta_990;311742;8382471.754458904;0.5;311742;0.0;0.42828382190763215;0;0.0
Meta_999;311742;9430280.723766267;0.4444444444444444;311742;0.0;0.42828382190763215;0;0.0
Meta_1000;311742;9430280.723766267;0.5;311742;0.0;0.42828382190763215;0;0.0
Meta_903;311742;0.0;0.1111111111111111;325430;426977.7719514013;0.39769504534987943;3600;0.042275887649414916
Meta_906;311742;0.0;0.2777777777777778;326047;422822.7271698545;0.39763212724486796;3600;0.06598488307517317
Meta_908;311742;0.0;0.38888888888888884;326266;436564.92961085367;0.3973827681421705;3600;0.3048051812093655
Meta_904;311742;0.0;0.16666666666666666;326677;442844.78918949806;0.3970644052553888;3600;0.04937465870464196
Meta_905;311742;0.0;0.2222222222222222;327465;483250.7391763652;0.39647955889652786;3600;0.068809375824492
Meta_901;311742;0.0;0.0;327661;467644.4999368623;0.39667970025075505;3600;0.04731064915368392
Meta_902;311742;0.0;0.05555555555555555;327700;491087.60644379206;0.3958938675179569;3600;0.04810370102064815
Meta_803;328029;0.0;0.1111111111111111;328021;493396.176672018;0.3970272477501975;3600;0.04899478194681721
Meta_808;328029;0.0;0.38888888888888884;328028;483710.6020506371;0.3964234661302172;3600;0.32018454386792256
Meta_810;328029;0.0;0.5;328029;213348.79527274112;0.4534263857776752;0;0.0
Meta_805;328029;0.0;0.2222222222222222;328029;488817.98798592517;0.3966926478233507;3600;0.05267851569083439
Meta_820;328029;1047808.969307363;0.5;328029;347063.331283453;0.4674184694403723;0;0.0
Meta_809;328029;0.0;0.4444444444444444;328029;215896.45913965307;0.4444454059676769;3600;5.143457424272582E-4
Meta_830;328029;2095617.938614726;0.5;328029;347063.331283453;0.4674184694403723;0;0.0
Meta_829;328029;2095617.938614726;0.4444444444444444;328029;313754.3922615888;0.4440498247972365;19;0.0
Meta_840;328029;3143426.907922089;0.5;328029;347063.331283453;0.4674184694403723;0;0.0
Meta_850;328029;4191235.877229452;0.5;328029;472134.95932713273;0.4528756221442565;0;0.0
Meta_860;328029;5239044.846536815;0.5;328029;472134.95932713273;0.4528756221442565;0;0.0
Meta_870;328029;6286853.815844178;0.5;328029;472134.95932713273;0.4528756221442565;0;0.0
Meta_880;328029;7334662.785151541;0.5;328029;472134.95932713273;0.4528756221442565;0;0.0
Meta_890;328029;8382471.754458904;0.5;328029;472134.95932713273;0.4528756221442565;0;0.0
Meta_900;328029;9430280.723766267;0.5;328029;472134.95932713273;0.4528756221442565;0;0.0
Meta_806;328029;0.0;0.2777777777777778;328030;506461.1441138053;0.395603715648433;3600;0.0719707724282929
Meta_801;328029;0.0;0.0;328036;490248.81794587296;0.39591614401268;3600;0.036408505385173484
Meta_907;311742;0.0;0.3333333333333333;328088;485954.81325830467;0.3967045027452032;3600;0.1466294944835022
Meta_807;328029;0.0;0.3333333333333333;328100;498629.2596511578;0.39658897835893053;3600;0.12876625085189186
Meta_804;328029;0.0;0.16666666666666666;328385;500403.2647921029;0.39632128707475484;3600;0.05761534071095008
Meta_802;328029;0.0;0.05555555555555555;328658;509114.27438773174;0.39536632145164957;3600;0.04724340328517334
Meta_849;328029;4191235.877229452;0.4444444444444444;329478;533875.477849097;0.44421818130446583;1;0.0
Meta_859;328029;5239044.846536815;0.4444444444444444;329478;533875.477849097;0.44421818130446583;1;0.0
Meta_869;328029;6286853.815844178;0.4444444444444444;329478;533875.477849097;0.44421818130446583;0;0.0
Meta_879;328029;7334662.785151541;0.4444444444444444;329478;533875.477849097;0.44421818130446583;1;0.0
Meta_889;328029;8382471.754458904;0.4444444444444444;329478;533875.477849097;0.44421818130446583;0;0.0
Meta_899;328029;9430280.723766267;0.4444444444444444;329478;533875.477849097;0.44421818130446583;1;0.0
Meta_839;328029;3143426.907922089;0.4444444444444444;329909;526040.19975286;0.4428961883458392;10;0.0
Meta_828;328029;2095617.938614726;0.38888888888888884;331275;664393.620224714;0.3948483583684721;3600;1.0
Meta_928;311742;2095617.938614726;0.38888888888888884;331966;698729.3164638826;0.39719232020522527;3600;1.0
Meta_927;311742;2095617.938614726;0.3333333333333333;333121;722742.9518443211;0.3933938569707028;3608;0.15647177925824043
Meta_836;328029;3143426.907922089;0.2777777777777778;333254;724717.9433611602;0.39370048520686707;3600;0.08047018383913428
Meta_818;328029;1047808.969307363;0.38888888888888884;333328;730118.5979061844;0.392461790957835;3600;1.0
Meta_814;328029;1047808.969307363;0.16666666666666666;333747;749415.8897500065;0.39226319665330994;3600;0.029555014707294755
Meta_937;311742;3143426.907922089;0.3333333333333333;333750;759543.1577234699;0.39247815308761735;3600;0.13939163249208356
Meta_912;311742;1047808.969307363;0.05555555555555555;333817;754997.7313817147;0.39259982418232364;3600;0.025425897623466316
Meta_916;311742;1047808.969307363;0.2777777777777778;333921;738849.1948389747;0.39360074172313614;3600;0.07289521986695074
Meta_947;311742;4191235.877229452;0.3333333333333333;333949;758241.3488807698;0.39243533063519015;3600;0.096970018603391
Meta_957;311742;5239044.846536815;0.3333333333333333;333949;758241.3488807698;0.39243533063519015;3600;0.09339191712477363
Meta_967;311742;6286853.815844178;0.3333333333333333;333949;758241.3488807698;0.39243533063519015;3600;0.09510574718925431
Meta_977;311742;7334662.785151541;0.3333333333333333;333949;758241.3488807698;0.39243533063519015;3600;0.09484446598690396
Meta_987;311742;8382471.754458904;0.3333333333333333;333949;758241.3488807698;0.39243533063519015;3600;0.0931936335341761
Meta_997;311742;9430280.723766267;0.3333333333333333;333949;758241.3488807698;0.39243533063519015;3600;0.10279332168539189
Meta_998;311742;9430280.723766267;0.38888888888888884;333951;778753.0738389405;0.3953891467645717;3600;1.0
Meta_972;311742;7334662.785151541;0.05555555555555555;333975;772400.3862935686;0.39331362314336343;3600;0.03301201001814304
Meta_992;311742;9430280.723766267;0.05555555555555555;333975;772400.3862935686;0.39331362314336343;3600;0.033453959768053515
Meta_842;328029;4191235.877229452;0.05555555555555555;333989;791470.0966578464;0.39235020504359847;3600;0.029002410523127537
Meta_852;328029;5239044.846536815;0.05555555555555555;333989;791470.0966578464;0.39235020504359847;3600;0.028864061489202446
Meta_862;328029;6286853.815844178;0.05555555555555555;333989;791470.0966578464;0.39235020504359847;3600;0.028950953811600493
Meta_872;328029;7334662.785151541;0.05555555555555555;333989;791470.0966578464;0.39235020504359847;3600;0.02879532794103962
Meta_882;328029;8382471.754458904;0.05555555555555555;333989;791470.0966578464;0.39235020504359847;3600;0.02880118161854665
Meta_892;328029;9430280.723766267;0.05555555555555555;333989;791470.0966578464;0.39235020504359847;3600;0.02903135647112877
Meta_921;311742;2095617.938614726;0.0;333993;755165.5821732285;0.3922272894093473;3600;0.02046413486540629
Meta_832;328029;3143426.907922089;0.05555555555555555;334054;786940.4779680107;0.3922479475537026;3600;0.029029670508767272
Meta_985;311742;8382471.754458904;0.2222222222222222;334140;762872.4943334294;0.392590388265313;3600;0.060526765246704556
Meta_945;311742;4191235.877229452;0.2222222222222222;334144;763006.972516233;0.3925876520701127;3600;0.0594554657464831
Meta_965;311742;6286853.815844178;0.2222222222222222;334144;763006.972516233;0.3925876520701127;3600;0.05948447792356352
Meta_975;311742;7334662.785151541;0.2222222222222222;334144;763006.972516233;0.3925876520701127;3600;0.060401564828579196
Meta_932;311742;3143426.907922089;0.05555555555555555;334158;775965.9490679535;0.39226597563594773;3600;0.03125366447316911
Meta_845;328029;4191235.877229452;0.2222222222222222;334181;787012.8055748093;0.3921332078179035;3600;0.03766177479965391
Meta_855;328029;5239044.846536815;0.2222222222222222;334181;787012.8055748093;0.3921332078179035;3600;0.03765099171042491
Meta_865;328029;6286853.815844178;0.2222222222222222;334181;787012.8055748093;0.3921332078179035;3600;0.03765414650021454
Meta_875;328029;7334662.785151541;0.2222222222222222;334181;787012.8055748093;0.3921332078179035;3600;0.03768230439462088
Meta_885;328029;8382471.754458904;0.2222222222222222;334181;787012.8055748093;0.3921332078179035;3600;0.03765624498285281
Meta_895;328029;9430280.723766267;0.2222222222222222;334181;787012.8055748093;0.3921332078179035;3600;0.03763315233815613
Meta_955;311742;5239044.846536815;0.2222222222222222;334234;761017.7111742295;0.39267335080982557;3600;0.06186842084846382
Meta_925;311742;2095617.938614726;0.2222222222222222;334245;757548.401755305;0.39217752124798655;3600;0.04678275406039706
Meta_817;328029;1047808.969307363;0.3333333333333333;334256;771498.8894699854;0.39381250685848884;3600;0.11866971349963837
Meta_822;328029;2095617.938614726;0.05555555555555555;334289;772830.655166396;0.3922019673872487;3600;0.028816510754505146
Meta_813;328029;1047808.969307363;0.1111111111111111;334311;789697.1783228328;0.39248496024269575;3600;0.03074967685334402
Meta_935;311742;3143426.907922089;0.2222222222222222;334332;784088.9237170254;0.39217108585672383;3600;0.02774606300798076
Meta_933;311742;3143426.907922089;0.1111111111111111;334339;764103.90926868;0.3922751582477086;3600;0.031801942878772006
Meta_837;328029;3143426.907922089;0.3333333333333333;334341;768091.2224687655;0.3935140839385597;3600;0.13055932275146404
Meta_844;328029;4191235.877229452;0.16666666666666666;334373;781578.3894486927;0.39211458290604034;3600;0.03073276407948756
Meta_854;328029;5239044.846536815;0.16666666666666666;334373;781578.3894486927;0.39211458290604034;3600;0.029477800641107277
Meta_864;328029;6286853.815844178;0.16666666666666666;334373;781578.3894486927;0.39211458290604034;3600;0.03024210910755526
Meta_874;328029;7334662.785151541;0.16666666666666666;334373;781578.3894486927;0.39211458290604034;3600;0.03120769736540717
Meta_884;328029;8382471.754458904;0.16666666666666666;334373;781578.3894486927;0.39211458290604034;3600;0.030479029598863602
Meta_894;328029;9430280.723766267;0.16666666666666666;334373;781578.3894486927;0.39211458290604034;3600;0.02892441690856662
Meta_911;311742;1047808.969307363;0.0;334378;786855.6318588068;0.39235800523125053;3600;0.027050534915255046
Meta_913;311742;1047808.969307363;0.1111111111111111;334380;729283.6622076882;0.393260392187751;3600;0.038089755022305084
Meta_824;328029;2095617.938614726;0.16666666666666666;334495;784159.5896269894;0.3921163378390973;3600;0.03427951598191958
Meta_825;328029;2095617.938614726;0.2222222222222222;334519;778711.2559195225;0.3920991273684913;3600;0.03983654901934542
Meta_848;328029;4191235.877229452;0.38888888888888884;334548;805039.5910214402;0.3925573065135286;3600;1.0
Meta_858;328029;5239044.846536815;0.38888888888888884;334548;805039.5910214402;0.3925573065135286;3600;1.0
Meta_868;328029;6286853.815844178;0.38888888888888884;334548;805039.5910214402;0.3925573065135286;3600;1.0
Meta_878;328029;7334662.785151541;0.38888888888888884;334548;805039.5910214402;0.3925573065135286;3600;1.0
Meta_888;328029;8382471.754458904;0.38888888888888884;334548;805039.5910214402;0.3925573065135286;3600;1.0
Meta_898;328029;9430280.723766267;0.38888888888888884;334548;805039.5910214402;0.3925573065135286;3600;1.0
Meta_834;328029;3143426.907922089;0.16666666666666666;334550;781468.5118831366;0.3923476593264409;3600;0.028952087506068973
Meta_812;328029;1047808.969307363;0.05555555555555555;334564;759707.3336571618;0.39210864534374734;3600;0.02611503294263522
Meta_993;311742;9430280.723766267;0.1111111111111111;334578;779297.4991070476;0.3921026881351962;3600;0.02846679339551154
Meta_996;311742;9430280.723766267;0.2777777777777778;334609;793308.4027734391;0.39299295669683054;3600;0.06715084011231615
Meta_943;311742;4191235.877229452;0.1111111111111111;334625;772305.2418753832;0.39209309432309;3600;0.02835211514323051
Meta_953;311742;5239044.846536815;0.1111111111111111;334625;772305.2418753832;0.39209309432309;3600;0.028362668030415154
Meta_963;311742;6286853.815844178;0.1111111111111111;334625;772305.2418753832;0.39209309432309;3600;0.02836598307238348
Meta_973;311742;7334662.785151541;0.1111111111111111;334625;772305.2418753832;0.39209309432309;3600;0.02835409547419252
Meta_983;311742;8382471.754458904;0.1111111111111111;334625;772305.2418753832;0.39209309432309;3600;0.028340883248120816
Meta_995;311742;9430280.723766267;0.2222222222222222;334641;777035.052644371;0.3932294089577522;3600;0.06594042482466762
Meta_944;311742;4191235.877229452;0.16666666666666666;334702;775033.9814732095;0.39209465862650017;3600;0.025633628830282397
Meta_954;311742;5239044.846536815;0.16666666666666666;334702;775033.9814732095;0.39209465862650017;3600;0.025629365206163525
Meta_964;311742;6286853.815844178;0.16666666666666666;334702;775033.9814732095;0.39209465862650017;3600;0.02562936408548625
Meta_974;311742;7334662.785151541;0.16666666666666666;334702;775033.9814732095;0.39209465862650017;3600;0.025643863586049344
Meta_984;311742;8382471.754458904;0.16666666666666666;334702;775033.9814732095;0.39209465862650017;3600;0.02563571821536972
Meta_994;311742;9430280.723766267;0.16666666666666666;334702;775694.5642732094;0.39209474460140054;3600;0.025702811951795832
Meta_841;328029;4191235.877229452;0.0;334714;802952.3531398599;0.3934483217913918;3600;0.03515842564307606
Meta_851;328029;5239044.846536815;0.0;334714;802952.3531398599;0.3934483217913918;3600;0.03564335496169147
Meta_861;328029;6286853.815844178;0.0;334714;802952.3531398599;0.3934483217913918;3600;0.035387907112850496
Meta_871;328029;7334662.785151541;0.0;334714;802952.3531398599;0.3934483217913918;3600;0.03530709220687773
Meta_881;328029;8382471.754458904;0.0;334714;802952.3531398599;0.3934483217913918;3601;0.035161969388175195
Meta_891;328029;9430280.723766267;0.0;334714;802952.3531398599;0.3934483217913918;3600;0.03513030945439149
Meta_948;311742;4191235.877229452;0.38888888888888884;334759;793725.7156960944;0.39388579523154904;3600;1.0
Meta_958;311742;5239044.846536815;0.38888888888888884;334759;793725.7156960944;0.39388579523154904;3600;1.0
Meta_968;311742;6286853.815844178;0.38888888888888884;334759;793725.7156960944;0.39388579523154904;3600;1.0
Meta_978;311742;7334662.785151541;0.38888888888888884;334759;793725.7156960944;0.39388579523154904;3600;1.0
Meta_988;311742;8382471.754458904;0.38888888888888884;334759;793725.7156960944;0.39388579523154904;3600;1.0
Meta_811;328029;1047808.969307363;0.0;334769;769139.7746392308;0.39210945621074983;3600;0.02584895190235059
Meta_835;328029;3143426.907922089;0.2222222222222222;334811;789455.1982172413;0.3933554599668224;3600;0.057355971351709334
Meta_923;311742;2095617.938614726;0.1111111111111111;334831;764279.1470074697;0.3921281765047605;3600;0.03037313514971041
Meta_816;328029;1047808.969307363;0.2777777777777778;334832;771020.5313793346;0.3921120973813036;3600;0.04729095757124077
Meta_847;328029;4191235.877229452;0.3333333333333333;334872;777332.1025470935;0.3932168273545759;3600;0.11645442565409349
Meta_857;328029;5239044.846536815;0.3333333333333333;334872;777332.1025470935;0.3932168273545759;3600;0.11702498007767034
Meta_867;328029;6286853.815844178;0.3333333333333333;334872;777332.1025470935;0.3932168273545759;3600;0.11680482379002897
Meta_877;328029;7334662.785151541;0.3333333333333333;334872;777332.1025470935;0.3932168273545759;3600;0.11697715363514312
Meta_887;328029;8382471.754458904;0.3333333333333333;334872;777332.1025470935;0.3932168273545759;3600;0.1166395436488265
Meta_897;328029;9430280.723766267;0.3333333333333333;334872;777332.1025470935;0.3932168273545759;3600;0.11706227397985781
Meta_931;311742;3143426.907922089;0.0;334882;785575.4278778661;0.39212885644997736;3600;0.03252117669543057
Meta_918;311742;1047808.969307363;0.38888888888888884;334944;779582.3192271957;0.39232415151706945;3600;1.0
Meta_934;311742;3143426.907922089;0.16666666666666666;334959;788633.6038721338;0.3922057940948027;3600;0.009004943657401735
Meta_941;311742;4191235.877229452;0.0;334977;797197.7043538786;0.39231637817259346;3600;0.0268993369491285
Meta_951;311742;5239044.846536815;0.0;334977;797197.7043538786;0.39231637817259346;3600;0.0269535074190774
Meta_961;311742;6286853.815844178;0.0;334977;797197.7043538786;0.39231637817259346;3600;0.026985915634180953
Meta_971;311742;7334662.785151541;0.0;334977;797197.7043538786;0.39231637817259346;3600;0.02708141998426321
Meta_981;311742;8382471.754458904;0.0;334977;797197.7043538786;0.39231637817259346;3600;0.02695747947241644
Meta_991;311742;9430280.723766267;0.0;334977;797197.7043538786;0.39231637817259346;3600;0.026936115661566676
Meta_917;311742;1047808.969307363;0.3333333333333333;335001;782046.9349083356;0.39308419777337794;3600;0.10886237121942334
Meta_823;328029;2095617.938614726;0.1111111111111111;335064;806636.9610979729;0.3927029196003745;3600;0.0341133848300258
Meta_826;328029;2095617.938614726;0.2777777777777778;335082;813665.4346917277;0.39330479053932793;3600;0.07083960333202569
Meta_922;311742;2095617.938614726;0.05555555555555555;335247;798961.9607171225;0.3921601424021013;3600;0.020610181106981755
Meta_946;311742;4191235.877229452;0.2777777777777778;335299;816576.4875671244;0.39270074242015923;3600;0.0616196660828819
Meta_956;311742;5239044.846536815;0.2777777777777778;335299;835748.3217579571;0.39270074242015923;3600;0.06211925199702436
Meta_966;311742;6286853.815844178;0.2777777777777778;335299;816576.4875671244;0.39270074242015923;3600;0.06163112499314035
Meta_976;311742;7334662.785151541;0.2777777777777778;335299;835748.3217579571;0.39270074242015923;3600;0.062115429479252124
Meta_986;311742;8382471.754458904;0.2777777777777778;335299;835748.3217579571;0.39270074242015923;3600;0.06189003167652385
Meta_819;328029;1047808.969307363;0.4444444444444444;335316;493967.686336181;0.444406326330205;18;0.0
Meta_926;311742;2095617.938614726;0.2777777777777778;335324;801417.3833691712;0.39325581564937423;3600;0.07432125467686684
Meta_827;328029;2095617.938614726;0.3333333333333333;335329;799646.1913473206;0.3934651081600489;3600;0.12547047001764786
Meta_843;328029;4191235.877229452;0.1111111111111111;335373;824127.4560842357;0.3922912994210056;3600;0.026556005633758373
Meta_853;328029;5239044.846536815;0.1111111111111111;335373;824127.4560842357;0.3922912994210056;3600;0.026319432008244756
Meta_863;328029;6286853.815844178;0.1111111111111111;335373;824127.4560842357;0.3922912994210056;3600;0.02625335269483668
Meta_883;328029;8382471.754458904;0.1111111111111111;335373;824127.4560842357;0.3922912994210056;3600;0.026331858220462998
Meta_936;311742;3143426.907922089;0.2777777777777778;335411;823995.9598921691;0.3924829894075287;3601;0.048556502513486616
Meta_873;328029;7334662.785151541;0.1111111111111111;335485;827204.5198386576;0.3923116617313854;3600;0.026960085770976482
Meta_893;328029;9430280.723766267;0.1111111111111111;335485;827204.5198386576;0.3923116617313854;3600;0.02735531881291859
Meta_942;311742;4191235.877229452;0.05555555555555555;335552;794266.1140984406;0.3930885918626639;3600;0.03166771511771026
Meta_952;311742;5239044.846536815;0.05555555555555555;335552;794266.1140984406;0.3930885918626639;3600;0.03155971526165442
Meta_962;311742;6286853.815844178;0.05555555555555555;335552;794266.1140984406;0.3930885918626639;3600;0.03149469369127912
Meta_982;311742;8382471.754458904;0.05555555555555555;335552;794266.1140984406;0.3930885918626639;3600;0.03153199018574671
Meta_833;328029;3143426.907922089;0.1111111111111111;335722;834729.1363832437;0.39365208017706527;3600;0.04153717615903481
Meta_886;328029;8382471.754458904;0.2777777777777778;335782;836980.5706109031;0.3927017031323566;3600;0.05857476709849212
Meta_838;328029;3143426.907922089;0.38888888888888884;335853;861500.5792338364;0.39402949476290505;3600;1.0
Meta_831;328029;3143426.907922089;0.0;336078;813393.1974291094;0.3924512178863675;3600;0.030639165864964565
Meta_914;311742;1047808.969307363;0.16666666666666666;336138;817340.4790494747;0.3931016676960506;3600;0.03787044467747019
Meta_815;328029;1047808.969307363;0.2222222222222222;336157;834617.8897349768;0.3940503064443649;3600;0.05622779491634234
Meta_846;328029;4191235.877229452;0.2777777777777778;336169;857676.5121621038;0.3927230376186438;3600;0.0590639932003766
Meta_856;328029;5239044.846536815;0.2777777777777778;336169;857676.5121621038;0.3927230376186438;3600;0.05932062527333129
Meta_866;328029;6286853.815844178;0.2777777777777778;336169;857676.5121621038;0.3927230376186438;3600;0.05930712415762689
Meta_876;328029;7334662.785151541;0.2777777777777778;336169;857676.5121621038;0.3927230376186438;3600;0.05893343719043058
Meta_896;328029;9430280.723766267;0.2777777777777778;336169;857676.5121621038;0.3927230376186438;3600;0.05942246958896099
Meta_915;311742;1047808.969307363;0.2222222222222222;336547;860554.5793113582;0.3928530255056759;3600;0.04503370790029723
Meta_938;311742;3143426.907922089;0.38888888888888884;337012;857175.3940827767;0.3931572737814521;3600;1.0
Meta_924;311742;2095617.938614726;0.16666666666666666;337546;886764.7076100952;0.39356634912817373;3600;0.0446073126681202
Meta_821;328029;2095617.938614726;0.0;337644;878343.3818901012;0.39346605737786267;3600;0.03638168932369586
Meta_708;344316;0.0;0.38888888888888884;342767;873134.871287719;0.39458528200706855;3600;0.23132425417596938
Meta_604;360603;0.0;0.16666666666666666;343798;912774.3381916456;0.3945167930485992;3600;0.041019996189594565
Meta_605;360603;0.0;0.2222222222222222;343828;917973.365635064;0.3950470071029315;3600;0.05103172580274748
Meta_502;376890;0.0;0.05555555555555555;343843;913754.2776768779;0.39482607369609013;3600;0.03457117564682183
Meta_703;344316;0.0;0.1111111111111111;343920;903597.0617493181;0.39541519522090096;3600;0.03849860635161857
Meta_704;344316;0.0;0.16666666666666666;344033;928008.429234046;0.3944715014649127;3600;0.04045658193420377
Meta_6;458326;0.0;0.2777777777777778;344049;922955.0123933103;0.39401374710082876;3600;0.03147965628738606
Meta_603;360603;0.0;0.1111111111111111;344049;906104.6075167658;0.39577517596946993;3600;0.040935586046221877
Meta_108;442038;0.0;0.38888888888888884;344141;914966.0989827337;0.3964711091776803;3600;0.06503276160660637
Meta_407;393177;0.0;0.3333333333333333;344161;924447.1280134021;0.39438961406874773;3600;0.052143519144842256
Meta_106;442038;0.0;0.2777777777777778;344218;905613.0399609125;0.3960035963823051;3600;0.04039002478736401
Meta_105;442038;0.0;0.2222222222222222;344241;932290.4049303513;0.39415862881178515;3600;0.029438205875652355
Meta_107;442038;0.0;0.3333333333333333;344246;921552.7526661087;0.39579698689603093;3600;0.04678397532665413
Meta_401;393177;0.0;0.0;344260;922228.2183644312;0.39488501259914555;3600;0.03086492533677209
Meta_738;344316;3143426.907922089;0.38888888888888884;344275;1026214.3331027466;0.39583909558418917;3600;1.0
Meta_710;344316;0.0;0.5;344316;581151.4015574165;0.4778345835558255;0;0.0
Meta_701;344316;0.0;0.0;344316;934480.5946113835;0.39461502879807375;3600;0.03266056447477286
Meta_702;344316;0.0;0.05555555555555555;344316;923961.8831082315;0.39478512493849266;3600;0.03446308178047891
Meta_705;344316;0.0;0.2222222222222222;344316;905101.0704006415;0.39604515518930367;3600;0.05087963922622139
Meta_720;344316;1047808.969307363;0.5;344316;1047828.7435562904;0.48251054273728416;0;0.0
Meta_706;344316;0.0;0.2777777777777778;344316;932461.0014779216;0.3943044638525454;3600;0.057206994359321243
Meta_707;344316;0.0;0.3333333333333333;344316;918998.6703300327;0.3952999673420274;3602;0.09047801524167952
Meta_709;344316;0.0;0.4444444444444444;344316;604615.3728022254;0.44444490333446035;3600;0.0062379936567990985
Meta_713;344316;1047808.969307363;0.1111111111111111;344316;1010918.1179499268;0.3943195575259117;3600;0.03586580210447551
Meta_714;344316;1047808.969307363;0.16666666666666666;344316;1026423.5339166102;0.3939917236575771;3600;0.03775483653750139
Meta_730;344316;2095617.938614726;0.5;344316;1070088.9082562902;0.48261787011065854;0;0.0
Meta_716;344316;1047808.969307363;0.2777777777777778;344316;1011373.4998887846;0.39383096380940924;3600;0.0621970431725265
Meta_717;344316;1047808.969307363;0.3333333333333333;344316;1010748.275211915;0.39441933291506764;3600;0.11231970155970734
Meta_729;344316;2095617.938614726;0.4444444444444444;344316;971092.8056622604;0.44088995323182406;11;0.0
Meta_722;344316;2095617.938614726;0.05555555555555555;344316;1009559.5045357344;0.39398306761187857;3600;0.03191895932715962
Meta_723;344316;2095617.938614726;0.1111111111111111;344316;999136.0787346539;0.3941320848968099;3600;0.03402098417911206
Meta_740;344316;3143426.907922089;0.5;344316;1070088.9082562902;0.48261787011065854;0;0.0
Meta_726;344316;2095617.938614726;0.2777777777777778;344316;1048153.8595310255;0.3937173820558203;3603;0.06550665924072206
Meta_727;344316;2095617.938614726;0.3333333333333333;344316;1002362.1608705028;0.39453581556479733;3600;0.1312535300007881
Meta_732;344316;3143426.907922089;0.05555555555555555;344316;1028196.0025437227;0.39404921571842816;3600;0.03268855078394076
Meta_733;344316;3143426.907922089;0.1111111111111111;344316;1046417.360842016;0.39386987074833535;3600;0.034311085441938935
Meta_735;344316;3143426.907922089;0.2222222222222222;344316;1038041.6736723734;0.3935993035141617;3600;0.047635379383673286
Meta_750;344316;4191235.877229452;0.5;344316;1225663.8249359676;0.4833770094297622;0;0.0
Meta_737;344316;3143426.907922089;0.3333333333333333;344316;1062623.809418675;0.39456142350028617;3600;0.13196543070950417
Meta_741;344316;4191235.877229452;0.0;344316;1079957.24414616;0.3941299118215517;3600;0.03169827508916107
Meta_745;344316;4191235.877229452;0.2222222222222222;344316;1044770.615323013;0.3939671555488637;3600;0.04528785914826805
Meta_760;344316;5239044.846536815;0.5;344316;1225663.8249359676;0.4833770094297622;0;0.0
Meta_746;344316;4191235.877229452;0.2777777777777778;344316;1007627.5041421419;0.3938881486400734;3600;0.06733572804925966
Meta_747;344316;4191235.877229452;0.3333333333333333;344316;1052842.3734906763;0.39428081248902674;3600;0.11858346763133411
Meta_751;344316;5239044.846536815;0.0;344316;1079957.24414616;0.3941299118215517;3600;0.031697222355722525
Meta_755;344316;5239044.846536815;0.2222222222222222;344316;1044770.615323013;0.3939671555488637;3600;0.04528616118552652
Meta_770;344316;6286853.815844178;0.5;344316;1225663.8249359676;0.4833770094297622;0;0.0
Meta_756;344316;5239044.846536815;0.2777777777777778;344316;1007627.5041421419;0.3938881486400734;3600;0.06730560812151136
Meta_757;344316;5239044.846536815;0.3333333333333333;344316;1028066.6191333284;0.3942924697564262;3600;0.1187786110190171
Meta_761;344316;6286853.815844178;0.0;344316;1079957.24414616;0.3941299118215517;3600;0.031699641254920356
Meta_780;344316;7334662.785151541;0.5;344316;1225663.8249359676;0.4833770094297622;0;0.0
Meta_765;344316;6286853.815844178;0.2222222222222222;344316;1044770.615323013;0.3939671555488637;3600;0.0453018248592146
Meta_766;344316;6286853.815844178;0.2777777777777778;344316;1007627.5041421419;0.3938881486400734;3600;0.067335724453082
Meta_767;344316;6286853.815844178;0.3333333333333333;344316;1028217.6319333285;0.394292468245052;3600;0.11877466506878365
Meta_771;344316;7334662.785151541;0.0;344316;1079957.24414616;0.3941299118215517;3600;0.03169030768696102
Meta_790;344316;8382471.754458904;0.5;344316;1225663.8249359676;0.4833770094297622;0;0.0
Meta_775;344316;7334662.785151541;0.2222222222222222;344316;1044770.615323013;0.3939671555488637;3600;0.04530020529714163
Meta_776;344316;7334662.785151541;0.2777777777777778;344316;1007627.5041421419;0.3938881486400734;3600;0.06734194235815776
Meta_777;344316;7334662.785151541;0.3333333333333333;344316;1019239.0267279048;0.39469643201633176;3600;0.12506278226173237
Meta_781;344316;8382471.754458904;0.0;344316;1079957.24414616;0.3941299118215517;3600;0.031715257924634206
Meta_800;344316;9430280.723766267;0.5;344316;1225663.8249359676;0.4833770094297622;0;0.0
Meta_785;344316;8382471.754458904;0.2222222222222222;344316;1044770.615323013;0.3939671555488637;3600;0.04530185163929602
Meta_786;344316;8382471.754458904;0.2777777777777778;344316;1007627.5041421419;0.3938881486400734;3600;0.06734144722471865
Meta_787;344316;8382471.754458904;0.3333333333333333;344316;1028066.6191333284;0.3942924697564262;3600;0.1187784488262505
Meta_791;344316;9430280.723766267;0.0;344316;1079957.24414616;0.3941299118215517;3600;0.03169852549721029
Meta_795;344316;9430280.723766267;0.2222222222222222;344316;1044770.615323013;0.3939671555488637;3600;0.04535606628263334
Meta_796;344316;9430280.723766267;0.2777777777777778;344316;1007627.5041421419;0.3938881486400734;3600;0.06734170598893158
Meta_797;344316;9430280.723766267;0.3333333333333333;344316;1009727.3914575994;0.39456255651624583;3600;0.12299255807685339
Meta_724;344316;2095617.938614726;0.16666666666666666;344317;1022957.1212681141;0.3942968683216533;3600;0.041347992310192615
Meta_712;344316;1047808.969307363;0.05555555555555555;344318;1047768.6900624484;0.3938101404283726;3600;0.03116909253326572
Meta_736;344316;3143426.907922089;0.2777777777777778;344320;1008036.5437343385;0.3937880460900662;3600;0.06080604227520507
Meta_718;344316;1047808.969307363;0.38888888888888884;344329;987513.4548172111;0.39669930353325267;3600;1.0
Meta_743;344316;4191235.877229452;0.1111111111111111;344329;1013423.298722777;0.39456566328984555;3600;0.03712100503926321
Meta_763;344316;6286853.815844178;0.1111111111111111;344329;1013423.298722777;0.39456566328984555;3600;0.03712698572465176
Meta_739;344316;3143426.907922089;0.4444444444444444;344331;1125144.3066332391;0.44442813320474583;12;0.0
Meta_719;344316;1047808.969307363;0.4444444444444444;344336;900924.613412296;0.44444445716351244;1;0.0
Meta_778;344316;7334662.785151541;0.38888888888888884;344336;1037703.39723434;0.3949435346202399;3600;1.0
Meta_715;344316;1047808.969307363;0.2222222222222222;344347;1044318.1015785282;0.39397474255060705;3600;0.04580336764341204
Meta_753;344316;5239044.846536815;0.1111111111111111;344352;1016114.920522777;0.39455305712482197;3600;0.037032570562826876
Meta_773;344316;7334662.785151541;0.1111111111111111;344352;1016114.920522777;0.39455305712482197;3600;0.03704522777059538
Meta_783;344316;8382471.754458904;0.1111111111111111;344352;1016114.920522777;0.39455305712482197;3600;0.03700658008481264
Meta_793;344316;9430280.723766267;0.1111111111111111;344352;1016114.920522777;0.39455305712482197;3603;0.03704151403608964
Meta_788;344316;8382471.754458904;0.38888888888888884;344369;1034591.614483157;0.3948968176231876;3600;1.0
Meta_607;360603;0.0;0.3333333333333333;344370;926579.9838987053;0.39484278737740663;3605;0.0859665939586541
Meta_711;344316;1047808.969307363;0.0;344378;1042859.7263937558;0.3942428599956623;3600;0.030659616706853302
Meta_728;344316;2095617.938614726;0.38888888888888884;344379;1065868.2214528765;0.3960870451938784;3600;1.0
Meta_731;344316;3143426.907922089;0.0;344380;1035622.9501926716;0.39412817610643247;3600;0.031949670329872434
Meta_4;458326;0.0;0.16666666666666666;344382;934612.9914142063;0.394098623735702;3601;0.023928922345088845
Meta_742;344316;4191235.877229452;0.05555555555555555;344398;1068573.088806429;0.3942577614628643;3600;0.031434401032626486
Meta_752;344316;5239044.846536815;0.05555555555555555;344398;1068573.088806429;0.3942577614628643;3600;0.031434401032626486
Meta_762;344316;6286853.815844178;0.05555555555555555;344398;1068573.088806429;0.3942577614628643;3600;0.031434401032626486
Meta_772;344316;7334662.785151541;0.05555555555555555;344398;1068573.088806429;0.3942577614628643;3600;0.03143304362346825
Meta_782;344316;8382471.754458904;0.05555555555555555;344398;1068573.088806429;0.3942577614628643;3600;0.031434401032626486
Meta_792;344316;9430280.723766267;0.05555555555555555;344398;1068573.088806429;0.3942577614628643;3600;0.03143304362346825
Meta_744;344316;4191235.877229452;0.16666666666666666;344404;1056908.9860649519;0.3937696398401041;3600;0.03608059490024797
Meta_754;344316;5239044.846536815;0.16666666666666666;344404;1056908.9860649519;0.3937696398401041;3600;0.03608211849469027
Meta_764;344316;6286853.815844178;0.16666666666666666;344404;1056908.9860649519;0.3937696398401041;3600;0.03605367652371193
Meta_774;344316;7334662.785151541;0.16666666666666666;344404;1056908.9860649519;0.3937696398401041;3600;0.03605367847512304
Meta_784;344316;8382471.754458904;0.16666666666666666;344404;1056908.9860649519;0.3937696398401041;3600;0.03605100509530565
Meta_794;344316;9430280.723766267;0.16666666666666666;344404;1056908.9860649519;0.3937696398401041;3600;0.036051803969134
Meta_725;344316;2095617.938614726;0.2222222222222222;344416;1004667.2337761006;0.39398498120023645;3600;0.0500315581919867
Meta_721;344316;2095617.938614726;0.0;344441;1018849.4651187973;0.3951723257437775;3600;0.03956313287748917
Meta_768;344316;6286853.815844178;0.38888888888888884;344452;1052938.554042223;0.3952403344057627;3600;1.0
Meta_205;425751;0.0;0.2222222222222222;344461;939497.2866423423;0.39400760015977304;3600;0.032664670388907455
Meta_404;393177;0.0;0.16666666666666666;344468;931657.3266251929;0.39436485275571265;3600;0.031301625997527005
Meta_748;344316;4191235.877229452;0.38888888888888884;344532;1054489.2201422232;0.3952485795314599;3600;1.0
Meta_758;344316;5239044.846536815;0.38888888888888884;344532;1054489.2201422232;0.3952485795314599;3600;1.0
Meta_798;344316;9430280.723766267;0.38888888888888884;344532;1054489.2201422232;0.3952485795314599;3600;1.0
Meta_608;360603;0.0;0.38888888888888884;344670;901036.8511602975;0.3977570162151469;3605;0.1925575159283748
Meta_207;425751;0.0;0.3333333333333333;344679;930865.3447927121;0.3956667885612063;3600;0.049760492477159274
Meta_508;376890;0.0;0.38888888888888884;344751;919703.3032639617;0.3967629051688838;3600;0.13389871226912006
Meta_402;393177;0.0;0.05555555555555555;344783;931289.0895728202;0.39522656591155814;3600;0.03104420487512221
Meta_303;409464;0.0;0.1111111111111111;344799;929397.8451394836;0.3955497275651636;3600;0.03094664103887406
Meta_734;344316;3143426.907922089;0.16666666666666666;344801;1026989.8858490112;0.3937520387434058;3600;0.03805371659553714
Meta_602;360603;0.0;0.05555555555555555;344818;933356.9102133138;0.39528594685666374;3603;0.03699107173937007
Meta_503;376890;0.0;0.1111111111111111;344835;950116.1319408771;0.3942973304441363;3600;0.03358191752885061
Meta_101;442038;0.0;0.0;344864;954091.5687505576;0.39411767032819006;3600;0.025638559687828345
Meta_8;458326;0.0;0.38888888888888884;344885;908622.0473397606;0.3973547285642095;3600;0.05614613569353418
Meta_405;393177;0.0;0.2222222222222222;344907;941553.8675492246;0.39560903174320433;3600;0.042923344397744485
Meta_103;442038;0.0;0.1111111111111111;344912;951069.3905949392;0.3951877034653861;3600;0.02950112797233724
Meta_304;409464;0.0;0.16666666666666666;344928;945005.4043531902;0.3954980635981536;3600;0.0341851827691739
Meta_601;360603;0.0;0.0;344960;947402.7917151492;0.3951641578914391;3602;0.036880340584901354
Meta_302;409464;0.0;0.05555555555555555;344963;946204.2505358497;0.3948075820824479;3604;0.028191191451764987
Meta_7;458326;0.0;0.3333333333333333;344976;943548.9196692315;0.3952214386536575;3600;0.03999342082337856
Meta_505;376890;0.0;0.2222222222222222;344993;939046.4376531165;0.39542329349844224;3600;0.043867309403137975
Meta_202;425751;0.0;0.05555555555555555;345062;938090.9735588625;0.39582938215485236;3601;0.030199365934494248
Meta_307;409464;0.0;0.3333333333333333;345076;963388.3575728224;0.3944977081833694;3600;0.05045987850849012
Meta_403;393177;0.0;0.1111111111111111;345169;951013.9282582233;0.39491039851011916;3600;0.031448144672433044
Meta_206;425751;0.0;0.2777777777777778;345170;959203.7884142342;0.3949526924609172;3600;0.03781172223229273
Meta_301;409464;0.0;0.0;345258;950189.7497943804;0.3960419381939663;3600;0.031099621450720448
Meta_201;425751;0.0;0.0;345286;967578.2676693514;0.3948281037317117;3600;0.029000698081227107
Meta_606;360603;0.0;0.2777777777777778;345329;954793.0886747726;0.3950718138083106;3600;0.061421935366527756
Meta_305;409464;0.0;0.2222222222222222;345370;955527.3361674115;0.39545319066551965;3600;0.03781381284167437
Meta_204;425751;0.0;0.16666666666666666;345394;958931.7889593131;0.3953581525729883;3600;0.030931242448080626
Meta_507;376890;0.0;0.3333333333333333;345399;967585.278921365;0.39467539341721075;3600;0.07075214265835045
Meta_5;458326;0.0;0.2222222222222222;345429;963410.2565731679;0.39533828037348495;3600;0.03163011198039832
Meta_102;442038;0.0;0.05555555555555555;345470;970412.4722176875;0.3949533791720733;3600;0.027542341231973123
Meta_208;425751;0.0;0.38888888888888884;345473;946010.8526488241;0.3964993334880835;3602;0.06985100463609017
Meta_3;458326;0.0;0.1111111111111111;345574;978315.7000070866;0.3949621146442646;3600;0.027463743682113913
Meta_306;409464;0.0;0.2777777777777778;345579;973243.5301686709;0.3952013746504869;3600;0.04184299224977088
Meta_408;393177;0.0;0.38888888888888884;345706;983491.9444657215;0.3946458073147947;3601;0.09396943803707103
Meta_406;393177;0.0;0.2777777777777778;345770;960376.0738716177;0.3965390420137387;3600;0.05100403260879324
Meta_506;376890;0.0;0.2777777777777778;345789;982213.0127574755;0.3948171989887028;3600;0.052948659709796404
Meta_504;376890;0.0;0.16666666666666666;345918;981285.878631818;0.39552668368981964;3600;0.03967225594135618
Meta_308;409464;0.0;0.38888888888888884;346008;978626.1575264133;0.39609418345495145;3602;0.08359125138268524
Meta_203;425751;0.0;0.1111111111111111;346048;996095.8733669742;0.39477498961173974;3600;0.03036355148859341
Meta_501;376890;0.0;0.0;346069;988680.9268134311;0.39547266790952645;3602;0.0343462877271082
Meta_104;442038;0.0;0.16666666666666666;346503;1013678.575287502;0.39567910744256185;3600;0.03072859722795167
Meta_749;344316;4191235.877229452;0.4444444444444444;346720;1082931.2361558592;0.4435353503770165;25;0.0
Meta_759;344316;5239044.846536815;0.4444444444444444;346720;1082931.2361558592;0.4435353503770165;25;0.0
Meta_769;344316;6286853.815844178;0.4444444444444444;346720;1082931.2361558592;0.4435353503770165;23;0.0
Meta_779;344316;7334662.785151541;0.4444444444444444;346720;1082931.2361558592;0.4435353503770165;39;0.0
Meta_789;344316;8382471.754458904;0.4444444444444444;346720;1082931.2361558592;0.4435353503770165;24;0.0
Meta_799;344316;9430280.723766267;0.4444444444444444;346720;1082931.2361558592;0.4435353503770165;28;0.0
Meta_217;425751;1047808.969307363;0.3333333333333333;346828;1047703.9026634959;0.3964380043153765;3600;0.056267969404868556
Meta_615;360603;1047808.969307363;0.2222222222222222;346935;1047820.0000899012;0.39537315785568455;3600;0.052352166717565624
Meta_516;376890;1047808.969307363;0.2777777777777778;347035;1048154.9689286882;0.3954720612802496;3600;0.054902949840797625
Meta_15;458326;1047808.969307363;0.2222222222222222;347091;1047763.6992945926;0.3961387591403078;3600;0.030451688673407248
Meta_414;393177;1047808.969307363;0.16666666666666666;347104;1047886.8829629896;0.39546116152114746;3603;0.034970720080703066
Meta_611;360603;1047808.969307363;0.0;347120;1047176.8492591307;0.3957436808385986;3600;0.03706516094462836
Meta_312;409464;1047808.969307363;0.05555555555555555;347124;1046859.0784712809;0.3957564771548857;3600;0.029666333908982993
Meta_113;442038;1047808.969307363;0.1111111111111111;347155;1050873.5725095754;0.395812865579042;3600;0.02682843640982245
Meta_315;409464;1047808.969307363;0.2222222222222222;347188;1047712.5373617698;0.3962205092953977;3600;0.039473692203658664
Meta_416;393177;1047808.969307363;0.2777777777777778;347257;1047804.7017186763;0.3956436222258686;3603;0.049338408083405616
Meta_117;442038;1047808.969307363;0.3333333333333333;347269;1047174.9282068948;0.3954375836089372;3600;0.04190180677880464
Meta_115;442038;1047808.969307363;0.2222222222222222;347292;1047716.6558992341;0.39607874742479293;3600;0.03161645824227705
Meta_314;409464;1047808.969307363;0.16666666666666666;347294;1047802.2728085596;0.3956305662978704;3600;0.03173905920309621
Meta_313;409464;1047808.969307363;0.1111111111111111;347296;1048563.4975158455;0.39556686730088164;3600;0.029989743396043184
Meta_612;360603;1047808.969307363;0.05555555555555555;347296;1047853.5454305661;0.3959391553745135;3602;0.03836038534753855
Meta_11;458326;1047808.969307363;0.0;347299;1047845.3179450952;0.39572447596407684;3600;0.022682991925039413
Meta_412;393177;1047808.969307363;0.05555555555555555;347305;1048404.5028973379;0.3961233099408718;3600;0.032687138939618395
Meta_417;393177;1047808.969307363;0.3333333333333333;347307;1047817.7538857632;0.3960134692301588;3600;0.07004345778626013
Meta_13;458326;1047808.969307363;0.1111111111111111;347326;1047837.4227877406;0.3955650199947791;3600;0.022932387646891386
Meta_513;376890;1047808.969307363;0.1111111111111111;347327;1048188.8956700945;0.39578132440564673;3600;0.03581396094380205
Meta_311;409464;1047808.969307363;0.0;347340;1047845.4958286594;0.3958581155134965;3600;0.02859668402148114
Meta_18;458326;1047808.969307363;0.38888888888888884;347341;1047831.1075593649;0.398107413749491;3600;0.07180396850476624
Meta_411;393177;1047808.969307363;0.0;347369;1047779.6383624623;0.3958941333641088;3600;0.031093607949363056
Meta_613;360603;1047808.969307363;0.1111111111111111;347369;1047423.0212239458;0.3965398757492892;3600;0.04292123633401895
Meta_17;458326;1047808.969307363;0.3333333333333333;347377;1047837.0059744593;0.3960819530981619;3600;0.03993289736301062
Meta_512;376890;1047808.969307363;0.05555555555555555;347378;1051541.4975875518;0.39593380012510393;3600;0.03484667802602421
Meta_517;376890;1047808.969307363;0.3333333333333333;347378;1047832.6193227555;0.3970593298213732;3600;0.09287200810407209
Meta_12;458326;1047808.969307363;0.05555555555555555;347389;1047946.6672305118;0.39669539726652564;3600;0.025602502418677696
Meta_317;409464;1047808.969307363;0.3333333333333333;347399;1046214.8887225747;0.3974864812288468;3600;0.06704619276335701
Meta_618;360603;1047808.969307363;0.38888888888888884;347402;1048959.3736739946;0.396652765905735;3600;0.35756563614329767
Meta_114;442038;1047808.969307363;0.16666666666666666;347423;1048413.9030702823;0.39671228130344655;3600;0.030617578783109754
Meta_614;360603;1047808.969307363;0.16666666666666666;347428;1048120.8076963301;0.39596202707292405;3600;0.044196554411430826
Meta_616;360603;1047808.969307363;0.2777777777777778;347454;1048008.1568966814;0.395879616960715;3600;0.06611843734755826
Meta_511;376890;1047808.969307363;0.0;347459;1047958.4571043222;0.3964924298620882;3601;0.035829401569149204
Meta_415;393177;1047808.969307363;0.2222222222222222;347474;1047827.0413818277;0.39632304788149303;3600;0.042252570697759055
Meta_216;425751;1047808.969307363;0.2777777777777778;347482;1047822.2109740812;0.3972236569689263;3600;0.04412384697055772
Meta_212;425751;1047808.969307363;0.05555555555555555;347490;1049851.0038173154;0.39672285442942623;3600;0.02915573505904135
Meta_316;409464;1047808.969307363;0.2777777777777778;347498;1046288.501868616;0.3962548703347932;3600;0.044776492601221816
Meta_218;425751;1047808.969307363;0.38888888888888884;347509;1049217.3274574566;0.3979540060545902;3600;0.09784700129712658
Meta_213;425751;1047808.969307363;0.1111111111111111;347527;1049972.0234394905;0.3967814106934414;3600;0.0301261652857583
Meta_214;425751;1047808.969307363;0.16666666666666666;347541;1047826.1826609831;0.3969209567404455;3600;0.032927756430954566
Meta_413;393177;1047808.969307363;0.1111111111111111;347563;1049892.0125114718;0.39654713118766266;3600;0.03383878654678091
Meta_515;376890;1047808.969307363;0.2222222222222222;347613;1047766.6815250838;0.39717153105103664;3600;0.05108710730557389
Meta_514;376890;1047808.969307363;0.16666666666666666;347623;1047888.9470570992;0.39734025688745295;3600;0.044794535981979876
Meta_309;409464;0.0;0.4444444444444444;347653;730651.6267469203;0.44444411464997896;3600;0.0030308232010619078
Meta_211;425751;1047808.969307363;0.0;347656;1059933.7132496014;0.3966066531909024;3600;0.029125966345427
Meta_518;376890;1047808.969307363;0.38888888888888884;347705;1047828.7444699103;0.396822041372597;3601;0.20594942330002566
Meta_617;360603;1047808.969307363;0.3333333333333333;347775;1047316.1410979464;0.3975735493895467;3600;0.11997846264014235
Meta_215;425751;1047808.969307363;0.2222222222222222;347797;1052090.7212560093;0.397234754414182;3605;0.03742569855652277
Meta_318;409464;1047808.969307363;0.38888888888888884;347852;1047820.82528716;0.3982585712138871;3600;0.11918083639822676
Meta_112;442038;1047808.969307363;0.05555555555555555;347881;1054575.1017811103;0.3975358860444085;3601;0.028723241098767713
Meta_14;458326;1047808.969307363;0.16666666666666666;347904;1064479.8536134753;0.3971710546452996;3600;0.0297348538003326
Meta_111;442038;1047808.969307363;0.0;347959;1047824.2754931591;0.3978288831215054;3600;0.028465110182557454
Meta_116;442038;1047808.969307363;0.2777777777777778;347990;1060434.5641028588;0.3974877647755664;3600;0.04051636492603854
Meta_118;442038;1047808.969307363;0.38888888888888884;348003;1047835.0931736049;0.3987891102181818;3600;0.08337901460865596
Meta_209;425751;0.0;0.4444444444444444;348134;750833.6573393497;0.4444437368900988;3600;0.0047557631429893015
Meta_418;393177;1047808.969307363;0.38888888888888884;348258;1046309.7010094365;0.3991580129334329;3600;0.1589232640585836
Meta_409;393177;0.0;0.4444444444444444;348386;761228.9006285553;0.4444433020803342;3600;0.004247163075200002
Meta_109;442038;0.0;0.4444444444444444;348720;775478.4851361569;0.4444455596137159;3600;0.004046329789812159
Meta_9;458326;0.0;0.4444444444444444;348726;776115.7237814037;0.44444476229080554;3600;0.0036316473566772233
Meta_509;376890;0.0;0.4444444444444444;348738;775731.088812869;0.44444486174774184;3600;0.005995788191346093
Meta_609;360603;0.0;0.4444444444444444;349218;796276.8341415152;0.44444420248548644;3600;0.00827723958702772
Meta_10;458326;0.0;0.5;350314;802886.6936585756;0.48479049197719726;0;0.0
Meta_110;442038;0.0;0.5;350314;802886.6936585756;0.48479049197719726;0;0.0
Meta_210;425751;0.0;0.5;350314;802886.6936585756;0.48479049197719726;0;0.0
Meta_310;409464;0.0;0.5;350314;802886.6936585756;0.48479049197719726;0;1.3741412700974577E-16
Meta_410;393177;0.0;0.5;350314;802886.6936585756;0.48479049197719726;0;0.0
Meta_510;376890;0.0;0.5;350314;802886.6936585756;0.48479049197719726;0;1.173379144470419E-16
Meta_610;360603;0.0;0.5;350314;802886.6936585756;0.48479049197719726;0;0.0
Meta_26;458326;2095617.938614726;0.2777777777777778;351227;1288473.930568856;0.3987663404041634;3600;0.03370885357845026
Meta_627;360603;2095617.938614726;0.3333333333333333;351308;1318197.158209497;0.39894304165804056;3600;0.13202622063899846
Meta_42;458326;4191235.877229452;0.05555555555555555;351338;1310568.706735484;0.3989478634970285;3600;0.024675040989512773
Meta_62;458326;6286853.815844178;0.05555555555555555;351338;1310568.706735484;0.3989478634970285;3600;0.024698591568103268
Meta_52;458326;5239044.846536815;0.05555555555555555;351338;1310568.706735484;0.3989478634970285;3600;0.024747903795562277
Meta_192;442038;9430280.723766267;0.05555555555555555;351400;1305977.0407297465;0.3991029257084264;3600;0.026529832646363948
Meta_482;393177;8382471.754458904;0.05555555555555555;351402;1328795.2861916644;0.39920024840848417;3600;0.036316336491164315
Meta_327;409464;2095617.938614726;0.3333333333333333;351409;1356204.5930733175;0.39910111935850684;3600;0.0658272315002836
Meta_622;360603;2095617.938614726;0.05555555555555555;351435;1289869.237628875;0.3993947657685504;3600;0.04242292469276913
Meta_341;409464;4191235.877229452;0.0;351459;1340295.1386867107;0.3987317491119974;3600;0.023571116827908814
Meta_351;409464;5239044.846536815;0.0;351459;1340295.1386867107;0.3987317491119974;3600;0.023810552039663025
Meta_361;409464;6286853.815844178;0.0;351459;1340295.1386867107;0.3987317491119974;3600;0.02382274622677308
Meta_371;409464;7334662.785151541;0.0;351459;1340295.1386867107;0.3987317491119974;3601;0.023838601658276573
Meta_381;409464;8382471.754458904;0.0;351459;1340295.1386867107;0.3987317491119974;3600;0.02285657296787323
Meta_391;409464;9430280.723766267;0.0;351459;1340295.1386867107;0.3987317491119974;3600;0.023734271401549056
Meta_76;458326;7334662.785151541;0.2777777777777778;351470;1331438.224183327;0.3992432122291559;3600;0.03792886282610863
Meta_66;458326;6286853.815844178;0.2777777777777778;351470;1331438.224183327;0.3992432122291559;3600;0.037842674056117416
Meta_86;458326;8382471.754458904;0.2777777777777778;351470;1331438.224183327;0.3992432122291559;3600;0.03784682595464453
Meta_96;458326;9430280.723766267;0.2777777777777778;351470;1331438.224183327;0.3992432122291559;3601;0.038089308317121956
Meta_431;393177;3143426.907922089;0.0;351537;1338126.0832930044;0.3987269992986594;3600;0.03111890148002335
Meta_346;409464;4191235.877229452;0.2777777777777778;351674;1368652.0591920991;0.3996179992690061;3600;0.05232706269190218
Meta_356;409464;5239044.846536815;0.2777777777777778;351674;1368714.592062511;0.3996179992690061;3600;0.052165791549684676
Meta_366;409464;6286853.815844178;0.2777777777777778;351674;1368714.592062511;0.3996179992690061;3600;0.0521460210385401
Meta_376;409464;7334662.785151541;0.2777777777777778;351674;1368714.592062511;0.3996179992690061;3600;0.052163779132477515
Meta_386;409464;8382471.754458904;0.2777777777777778;351674;1368714.592062511;0.3996179992690061;3600;0.05215726082994745
Meta_396;409464;9430280.723766267;0.2777777777777778;351674;1368714.592062511;0.3996179992690061;3600;0.0520929262227571
Meta_28;458326;2095617.938614726;0.38888888888888884;351696;1347586.9037729986;0.3994966343332501;3600;0.060916309611408995
Meta_534;376890;3143426.907922089;0.16666666666666666;351712;1334296.104702843;0.39959238535772434;3600;0.047327580974755035
Meta_546;376890;4191235.877229452;0.2777777777777778;351775;1321872.2118734715;0.3994196692560093;3600;0.06576014339391642
Meta_566;376890;6286853.815844178;0.2777777777777778;351775;1321072.1694734718;0.3994196692560093;3600;0.06556622680528093
Meta_576;376890;7334662.785151541;0.2777777777777778;351775;1321072.1694734718;0.3994196692560093;3600;0.06574643630951475
Meta_596;376890;9430280.723766267;0.2777777777777778;351775;1321872.2118734715;0.3994196692560093;3600;0.06580373655493581
Meta_138;442038;3143426.907922089;0.38888888888888884;351778;1323931.4779185802;0.3996222750402414;3600;0.0709308579136058
Meta_556;376890;5239044.846536815;0.2777777777777778;351779;1321132.2721734715;0.3994225807740045;3600;0.0653773961308662
Meta_586;376890;8382471.754458904;0.2777777777777778;351779;1321132.2721734715;0.3994225807740045;3600;0.06532372192821466
Meta_537;376890;3143426.907922089;0.3333333333333333;351802;1332829.1715019313;0.3998094938171517;3600;0.10422758165310378
Meta_332;409464;3143426.907922089;0.05555555555555555;351810;1342800.9048677622;0.39920293395966944;3600;0.03271711410924881
Meta_535;376890;3143426.907922089;0.2222222222222222;351851;1335359.5125735092;0.39913256776239364;3600;0.04856736490621697
Meta_325;409464;2095617.938614726;0.2222222222222222;351856;1325149.6925611936;0.3992139932744028;3600;0.041498893643356655
Meta_436;393177;3143426.907922089;0.2777777777777778;351856;1318980.3522754633;0.39935239340251993;3600;0.05710615190921708
Meta_245;425751;4191235.877229452;0.2222222222222222;351861;1371962.4164970082;0.3994469925645095;3600;0.03696388771675132
Meta_255;425751;5239044.846536815;0.2222222222222222;351861;1371962.4164970082;0.3994469925645095;3600;0.03686726782188315
Meta_265;425751;6286853.815844178;0.2222222222222222;351861;1371962.4164970082;0.3994469925645095;3600;0.036973692144065706
Meta_275;425751;7334662.785151541;0.2222222222222222;351861;1371962.4164970082;0.3994469925645095;3600;0.03691774246579861
Meta_285;425751;8382471.754458904;0.2222222222222222;351861;1371962.4164970082;0.3994469925645095;3600;0.03694969109319689
Meta_295;425751;9430280.723766267;0.2222222222222222;351861;1371962.4164970082;0.3994469925645095;3600;0.036929159806026825
Meta_521;376890;2095617.938614726;0.0;351869;1302725.0869653742;0.39926521756412675;3600;0.03652125172198916
Meta_532;376890;3143426.907922089;0.05555555555555555;351870;1325262.9912717717;0.3994532951245148;3600;0.03917058326508642
Meta_425;393177;2095617.938614726;0.2222222222222222;351899;1363047.0388231112;0.399166177664976;3600;0.044370268591860114
Meta_222;425751;2095617.938614726;0.05555555555555555;351905;1319701.4155756307;0.3993682129301275;3600;0.030768874859753964
Meta_27;458326;2095617.938614726;0.3333333333333333;351911;1339009.274419859;0.39987624900606683;3600;0.0449130409433657
Meta_638;360603;3143426.907922089;0.38888888888888884;351961;1368061.8781594888;0.39982055968936236;3600;0.29143009709603124
Meta_133;442038;3143426.907922089;0.1111111111111111;351964;1305191.2497415242;0.40007052777092006;3600;0.029989999716427636
Meta_524;376890;2095617.938614726;0.16666666666666666;351976;1338720.3435628302;0.39930448149512665;3600;0.04373798811593483
Meta_67;458326;6286853.815844178;0.3333333333333333;351984;1346288.0280753064;0.39979251454996995;3600;0.04242011279129294
Meta_77;458326;7334662.785151541;0.3333333333333333;351984;1346288.0280753064;0.39979251454996995;3600;0.04227834666106632
Meta_87;458326;8382471.754458904;0.3333333333333333;351984;1346288.0280753064;0.39979251454996995;3600;0.04222043665494376
Meta_157;442038;5239044.846536815;0.3333333333333333;351984;1351690.6431842737;0.39987608608145;3600;0.049876360174883456
Meta_167;442038;6286853.815844178;0.3333333333333333;351984;1351690.6431842737;0.39987608608145;3600;0.049979616798634344
Meta_177;442038;7334662.785151541;0.3333333333333333;351984;1351690.6431842737;0.39987608608145;3600;0.05001904769379414
Meta_634;360603;3143426.907922089;0.16666666666666666;351992;1364201.3593823144;0.39955525519721374;3600;0.043215138540281424
Meta_626;360603;2095617.938614726;0.2777777777777778;352034;1351851.0416972656;0.400031122143848;3600;0.07728962883283783
Meta_323;409464;2095617.938614726;0.1111111111111111;352037;1309957.804958571;0.39984574894421726;3600;0.03587629943000694
Meta_625;360603;2095617.938614726;0.2222222222222222;352040;1356026.6676629388;0.39959197671562385;3600;0.05878760159837619
Meta_22;458326;2095617.938614726;0.05555555555555555;352051;1311326.9185565945;0.39995082322910586;3600;0.02577253816477223
Meta_522;376890;2095617.938614726;0.05555555555555555;352057;1350506.338551963;0.3997732095763174;3600;0.038793516945789856
Meta_21;458326;2095617.938614726;0.0;352077;1356717.838402524;0.4001433819331482;3601;0.023988112172591454
Meta_542;376890;4191235.877229452;0.05555555555555555;352092;1373007.0528372684;0.3997345685337387;3600;0.03598548093341604
Meta_552;376890;5239044.846536815;0.05555555555555555;352092;1373007.0528372684;0.3997345685337387;3600;0.035983942435418644
Meta_562;376890;6286853.815844178;0.05555555555555555;352092;1373007.0528372684;0.3997345685337387;3600;0.03588758068917992
Meta_572;376890;7334662.785151541;0.05555555555555555;352092;1373007.0528372684;0.3997345685337387;3600;0.03558098390486973
Meta_582;376890;8382471.754458904;0.05555555555555555;352092;1373007.0528372684;0.3997345685337387;3600;0.03576313398741286
Meta_592;376890;9430280.723766267;0.05555555555555555;352092;1373007.0528372684;0.3997345685337387;3600;0.03557752485369598
Meta_465;393177;6286853.815844178;0.2222222222222222;352099;1387459.0480095956;0.40007695435190294;3600;0.0425323686682625
Meta_485;393177;8382471.754458904;0.2222222222222222;352099;1387459.0480095956;0.40007695435190294;3600;0.04255004896961533
Meta_495;393177;9430280.723766267;0.2222222222222222;352099;1387459.0480095956;0.40007695435190294;3600;0.042702253106962185
Meta_432;393177;3143426.907922089;0.05555555555555555;352101;1356710.822925687;0.40017928146668674;3600;0.03527965893418235
Meta_68;458326;6286853.815844178;0.38888888888888884;352107;1348071.4738590163;0.4001674159811078;3600;0.05890633749525683
Meta_78;458326;7334662.785151541;0.38888888888888884;352107;1348071.4738590163;0.4001674159811078;3600;0.058871647728776344
Meta_88;458326;8382471.754458904;0.38888888888888884;352107;1348071.4738590163;0.4001674159811078;3600;0.058931767455226235
Meta_98;458326;9430280.723766267;0.38888888888888884;352107;1348071.4738590163;0.4001674159811078;3600;0.05892266469125359
Meta_122;442038;2095617.938614726;0.05555555555555555;352110;1335455.1979724753;0.39961045036027687;3600;0.02756924070135149
Meta_227;425751;2095617.938614726;0.3333333333333333;352128;1337690.9158841392;0.3999227808418135;3600;0.059894414658661355
Meta_454;393177;5239044.846536815;0.16666666666666666;352133;1403239.9130106436;0.39951270105266584;3600;0.03430833485537862
Meta_474;393177;7334662.785151541;0.16666666666666666;352133;1403239.9130106436;0.39951270105266584;3600;0.03429907916517491
Meta_484;393177;8382471.754458904;0.16666666666666666;352133;1403239.9130106436;0.39951270105266584;3600;0.034261000677118535
Meta_444;393177;4191235.877229452;0.16666666666666666;352134;1403477.1472328205;0.3995122390041806;3600;0.03418715672671224
Meta_464;393177;6286853.815844178;0.16666666666666666;352134;1403477.1472328205;0.3995122390041806;3600;0.03419885205016146
Meta_494;393177;9430280.723766267;0.16666666666666666;352134;1403477.1472328205;0.3995122390041806;3600;0.03419370193940944
Meta_72;458326;7334662.785151541;0.05555555555555555;352137;1355823.807971872;0.39975572806967435;3600;0.024587180475476957
Meta_82;458326;8382471.754458904;0.05555555555555555;352137;1355823.807971872;0.39975572806967435;3600;0.024665096111289583
Meta_97;458326;9430280.723766267;0.3333333333333333;352138;1331152.8014462353;0.39995082461979936;3600;0.04193117759729346
Meta_128;442038;2095617.938614726;0.38888888888888884;352145;1315854.7407984475;0.39992475288039264;3600;0.06849036429089865
Meta_545;376890;4191235.877229452;0.2222222222222222;352152;1344864.571290979;0.39970871351321957;3600;0.046473234380215174
Meta_555;376890;5239044.846536815;0.2222222222222222;352152;1344864.571290979;0.39970871351321957;3600;0.046915215606003764
Meta_565;376890;6286853.815844178;0.2222222222222222;352152;1344864.571290979;0.39970871351321957;3600;0.046579783939915104
Meta_575;376890;7334662.785151541;0.2222222222222222;352152;1344864.571290979;0.39970871351321957;3600;0.046737783517841414
Meta_585;376890;8382471.754458904;0.2222222222222222;352152;1344649.6284909789;0.3997083502941593;3600;0.04641414871577873
Meta_595;376890;9430280.723766267;0.2222222222222222;352152;1344649.6284909789;0.3997083502941593;3600;0.04642178841034274
Meta_645;360603;4191235.877229452;0.2222222222222222;352155;1413040.6521165515;0.4000006929056581;3600;0.06022097437687779
Meta_655;360603;5239044.846536815;0.2222222222222222;352155;1413040.6521165515;0.4000006929056581;3600;0.06006710647716019
Meta_665;360603;6286853.815844178;0.2222222222222222;352155;1413040.6521165515;0.4000006929056581;3600;0.060151146155860806
Meta_675;360603;7334662.785151541;0.2222222222222222;352155;1413040.6521165515;0.4000006929056581;3600;0.05983946668659888
Meta_685;360603;8382471.754458904;0.2222222222222222;352155;1413040.6521165515;0.4000006929056581;3600;0.06010834703152994
Meta_695;360603;9430280.723766267;0.2222222222222222;352155;1413040.6521165515;0.4000006929056581;3600;0.06036315395489999
Meta_44;458326;4191235.877229452;0.16666666666666666;352160;1355817.7982113282;0.3999631344554866;3600;0.028671174552288722
Meta_54;458326;5239044.846536815;0.16666666666666666;352160;1355817.7982113282;0.3999631344554866;3600;0.028672789004860838
Meta_64;458326;6286853.815844178;0.16666666666666666;352160;1355817.7982113282;0.3999631344554866;3600;0.02874162061593377
Meta_438;393177;3143426.907922089;0.38888888888888884;352165;1349645.6441116035;0.40024088336622843;3600;0.1433524614544844
Meta_631;360603;3143426.907922089;0.0;352166;1346512.4322074067;0.3997489416761351;3600;0.03403345424499933
Meta_441;393177;4191235.877229452;0.0;352168;1395127.7737300154;0.3997957212094688;3600;0.03174300050424661
Meta_451;393177;5239044.846536815;0.0;352168;1395127.7737300154;0.3997957212094688;3600;0.031976481617732117
Meta_461;393177;6286853.815844178;0.0;352168;1395127.7737300154;0.3997957212094688;3600;0.03177538574314325
Meta_471;393177;7334662.785151541;0.0;352168;1395127.7737300154;0.3997957212094688;3600;0.031821611659170454
Meta_481;393177;8382471.754458904;0.0;352168;1395127.7737300154;0.3997957212094688;3600;0.031881131582677906
Meta_491;393177;9430280.723766267;0.0;352168;1395127.7737300154;0.3997957212094688;3600;0.031703064445032174
Meta_321;409464;2095617.938614726;0.0;352169;1327083.2037741905;0.3995808600577198;3600;0.030752317258394918
Meta_548;376890;4191235.877229452;0.38888888888888884;352170;1339292.8604830238;0.4002354549913987;3600;0.19225953761033812
Meta_558;376890;5239044.846536815;0.38888888888888884;352170;1339292.8604830238;0.4002354549913987;3600;0.19323449917964303
Meta_568;376890;6286853.815844178;0.38888888888888884;352170;1339292.8604830238;0.4002354549913987;3600;0.193154478177816
Meta_578;376890;7334662.785151541;0.38888888888888884;352170;1339292.8604830238;0.4002354549913987;3600;0.19714250108709436
Meta_588;376890;8382471.754458904;0.38888888888888884;352170;1339292.8604830238;0.4002354549913987;3600;0.19417509482424142
Meta_598;376890;9430280.723766267;0.38888888888888884;352170;1339292.8604830238;0.4002354549913987;3600;0.19320876486720917
Meta_433;393177;3143426.907922089;0.1111111111111111;352176;1359766.4031364648;0.3997945253085968;3600;0.03521901106400168
Meta_623;360603;2095617.938614726;0.1111111111111111;352179;1361095.0124767208;0.3999511569074418;3600;0.04319992317533635
Meta_445;393177;4191235.877229452;0.2222222222222222;352195;1395717.6301544332;0.40009483242834576;3600;0.04193252005522833
Meta_455;393177;5239044.846536815;0.2222222222222222;352195;1395717.6301544332;0.40009483242834576;3600;0.041894673892835105
Meta_475;393177;7334662.785151541;0.2222222222222222;352195;1395717.6301544332;0.40009483242834576;3600;0.04193251249037679
Meta_423;393177;2095617.938614726;0.1111111111111111;352212;1316990.512476677;0.39962609349509604;3600;0.03651650262479057
Meta_71;458326;7334662.785151541;0.0;352256;1335697.342841426;0.4002378688667034;3600;0.025596131339558452
Meta_81;458326;8382471.754458904;0.0;352256;1335697.342841426;0.4002378688667034;3600;0.025593241387174306
Meta_91;458326;9430280.723766267;0.0;352256;1335697.342841426;0.4002378688667034;3600;0.025552082673125684
Meta_236;425751;3143426.907922089;0.2777777777777778;352256;1326053.047795452;0.4002278286561935;3600;0.04654941184493036
Meta_442;393177;4191235.877229452;0.05555555555555555;352256;1394859.33507291;0.4000173870275902;3600;0.0352009464011032
Meta_462;393177;6286853.815844178;0.05555555555555555;352256;1394859.33507291;0.4000173870275902;3600;0.035179625623868865
Meta_472;393177;7334662.785151541;0.05555555555555555;352256;1394859.33507291;0.4000173870275902;3600;0.035187963647166295
Meta_452;393177;5239044.846536815;0.05555555555555555;352257;1394883.0968122424;0.40007211322286534;3600;0.03541752335504768
Meta_337;409464;3143426.907922089;0.3333333333333333;352259;1330331.356404061;0.4002636918429682;3600;0.07003715137292797
Meta_237;425751;3143426.907922089;0.3333333333333333;352266;1337437.7898085676;0.400121584541059;3600;0.0518871003752575
Meta_492;393177;9430280.723766267;0.05555555555555555;352267;1394949.3568914717;0.400109201140894;3600;0.03551243853043872
Meta_536;376890;3143426.907922089;0.2777777777777778;352267;1310406.1280122115;0.4000308249407103;3600;0.0678345417045198
Meta_637;360603;3143426.907922089;0.3333333333333333;352289;1305885.1429086716;0.40027461746550297;3600;0.12591776312042954
Meta_648;360603;4191235.877229452;0.38888888888888884;352289;1334512.5591161128;0.400046919774218;3600;0.36473216491508015
Meta_658;360603;5239044.846536815;0.38888888888888884;352289;1334512.5591161128;0.400046919774218;3600;0.3662230672451508
Meta_668;360603;6286853.815844178;0.38888888888888884;352289;1334512.5591161128;0.400046919774218;3600;0.36652443987446387
Meta_678;360603;7334662.785151541;0.38888888888888884;352289;1334512.5591161128;0.400046919774218;3600;0.3660067014895125
Meta_688;360603;8382471.754458904;0.38888888888888884;352289;1334512.5591161128;0.400046919774218;3600;0.3657270682276975
Meta_698;360603;9430280.723766267;0.38888888888888884;352289;1334512.5591161128;0.400046919774218;3600;0.3680639276776604
Meta_533;376890;3143426.907922089;0.1111111111111111;352298;1312869.8708475607;0.40048716861754446;3600;0.04305904917791225
Meta_653;360603;5239044.846536815;0.1111111111111111;352298;1378064.2709319305;0.40009342721646934;3600;0.04173677068839195
Meta_663;360603;6286853.815844178;0.1111111111111111;352298;1377984.4795319305;0.4000912778983579;3600;0.04164194674834765
Meta_673;360603;7334662.785151541;0.1111111111111111;352298;1377984.4795319305;0.4000912778983579;3600;0.04164367637614686
Meta_683;360603;8382471.754458904;0.1111111111111111;352298;1377984.4795319305;0.4000912778983579;3600;0.04160745946316402
Meta_693;360603;9430280.723766267;0.1111111111111111;352298;1378064.2709319305;0.40009342721646934;3601;0.041749279515310364
Meta_557;376890;5239044.846536815;0.3333333333333333;352303;1335486.9231159268;0.4000352353619415;3600;0.07892364632770252
Meta_643;360603;4191235.877229452;0.1111111111111111;352305;1376886.7165516529;0.40015507209370504;3600;0.04243067417014179
Meta_422;393177;2095617.938614726;0.05555555555555555;352306;1369591.4125564045;0.400192152479905;3600;0.03335532388377185
Meta_435;393177;3143426.907922089;0.2222222222222222;352310;1323731.8923068522;0.40031519153946377;3600;0.048085307587563714
Meta_437;393177;3143426.907922089;0.3333333333333333;352310;1374292.0258071795;0.4001821202980591;3600;0.06891157509328691
Meta_427;393177;2095617.938614726;0.3333333333333333;352311;1322599.9012353178;0.3999673392369326;3600;0.07584941820081528
Meta_547;376890;4191235.877229452;0.3333333333333333;352313;1332561.416098199;0.40010408732335123;3600;0.08096967819294813
Meta_567;376890;6286853.815844178;0.3333333333333333;352313;1332581.009898199;0.4001055778275049;3600;0.08157174443955266
Meta_597;376890;9430280.723766267;0.3333333333333333;352313;1332561.416098199;0.40010408732335123;3600;0.0802332685187483
Meta_92;458326;9430280.723766267;0.05555555555555555;352328;1388681.4694722062;0.40020606648596785;3600;0.025292289489285788
Meta_46;458326;4191235.877229452;0.2777777777777778;352330;1347573.4024641206;0.40008515447087106;3600;0.03695588134567297
Meta_56;458326;5239044.846536815;0.2777777777777778;352330;1347573.4024641206;0.40008515447087106;3600;0.036809587349505825
Meta_577;376890;7334662.785151541;0.3333333333333333;352334;1332932.5236358042;0.40016782108563487;3600;0.08346746886717957
Meta_126;442038;2095617.938614726;0.2777777777777778;352337;1331932.5020297926;0.40011676644423394;3600;0.0397535921522474
Meta_235;425751;3143426.907922089;0.2222222222222222;352339;1315020.6163727893;0.4000914518871577;3600;0.03752188341961706
Meta_628;360603;2095617.938614726;0.38888888888888884;352352;1385334.9185686407;0.40006070680241557;3600;0.3939140932849935
Meta_248;425751;4191235.877229452;0.38888888888888884;352357;1401376.4059592104;0.40031793271708704;3600;0.07656876569738055
Meta_258;425751;5239044.846536815;0.38888888888888884;352357;1401376.4059592104;0.40031793271708704;3600;0.07653721163799337
Meta_268;425751;6286853.815844178;0.38888888888888884;352357;1401376.4059592104;0.40031793271708704;3600;0.076897593175239
Meta_278;425751;7334662.785151541;0.38888888888888884;352357;1401376.4059592104;0.40031793271708704;3600;0.07661318344722325
Meta_288;425751;8382471.754458904;0.38888888888888884;352357;1401376.4059592104;0.40031793271708704;3600;0.07631033645877681
Meta_298;425751;9430280.723766267;0.38888888888888884;352357;1401376.4059592104;0.40031793271708704;3600;0.07636449459598608
Meta_541;376890;4191235.877229452;0.0;352360;1386184.0599924217;0.3998737851986817;3600;0.03417537302997397
Meta_571;376890;7334662.785151541;0.0;352360;1386184.0599924217;0.3998737851986817;3600;0.0341124568139299
Meta_581;376890;8382471.754458904;0.0;352360;1386184.0599924217;0.3998737851986817;3600;0.03414922028497771
Meta_551;376890;5239044.846536815;0.0;352361;1386248.8136924214;0.3998743442626691;3600;0.03380320194856351
Meta_276;425751;7334662.785151541;0.2777777777777778;352368;1369252.6004722724;0.3999064226833529;3600;0.0427274010195674
Meta_296;425751;9430280.723766267;0.2777777777777778;352368;1369252.6004722724;0.3999064226833529;3600;0.0428589131165455
Meta_587;376890;8382471.754458904;0.3333333333333333;352370;1366726.5661535948;0.400016521731355;3600;0.07653505499434012
Meta_256;425751;5239044.846536815;0.2777777777777778;352388;1402793.5445002199;0.3999268085768631;3600;0.04211154783937369
Meta_246;425751;4191235.877229452;0.2777777777777778;352394;1369610.9505764607;0.3999386257373715;3600;0.042471776035009824
Meta_266;425751;6286853.815844178;0.2777777777777778;352394;1369610.9505764607;0.3999386257373715;3600;0.04265047742620755
Meta_286;425751;8382471.754458904;0.2777777777777778;352394;1369610.9505764607;0.3999386257373715;3600;0.04261436917219984
Meta_343;409464;4191235.877229452;0.1111111111111111;352394;1379231.0477371109;0.4002993841927058;3600;0.03554574821702099
Meta_353;409464;5239044.846536815;0.1111111111111111;352394;1379231.0477371109;0.4002993841927058;3600;0.035546503907834794
Meta_363;409464;6286853.815844178;0.1111111111111111;352394;1379231.0477371109;0.4002993841927058;3600;0.03554969467938108
Meta_373;409464;7334662.785151541;0.1111111111111111;352394;1379231.0477371109;0.4002993841927058;3600;0.035544443669140315
Meta_383;409464;8382471.754458904;0.1111111111111111;352394;1379231.0477371109;0.4002993841927058;3600;0.03555438846319029
Meta_393;409464;9430280.723766267;0.1111111111111111;352394;1379231.0477371109;0.4002993841927058;3600;0.03554969467938108
Meta_345;409464;4191235.877229452;0.2222222222222222;352398;1421302.4344662642;0.4003276625607747;3600;0.042689340155926986
Meta_355;409464;5239044.846536815;0.2222222222222222;352398;1421302.4344662642;0.4003276625607747;3600;0.04203697043030251
Meta_365;409464;6286853.815844178;0.2222222222222222;352398;1421302.4344662642;0.4003276625607747;3600;0.04220685888884188
Meta_375;409464;7334662.785151541;0.2222222222222222;352398;1421302.4344662642;0.4003276625607747;3600;0.042313390730635426
Meta_385;409464;8382471.754458904;0.2222222222222222;352398;1421302.4344662642;0.4003276625607747;3600;0.04232244710070752
Meta_395;409464;9430280.723766267;0.2222222222222222;352398;1421302.4344662642;0.4003276625607747;3600;0.04225436472976005
Meta_354;409464;5239044.846536815;0.16666666666666666;352399;1412454.4148891864;0.40021409258390606;3600;0.03453339571417213
Meta_364;409464;6286853.815844178;0.16666666666666666;352399;1412454.4148891864;0.40021409258390606;3600;0.0345982965308394
Meta_374;409464;7334662.785151541;0.16666666666666666;352399;1412364.4976891866;0.40021409258390606;3600;0.03463895598030833
Meta_394;409464;9430280.723766267;0.16666666666666666;352399;1412364.4976891866;0.40021409258390606;3600;0.03463131656022046
Meta_544;376890;4191235.877229452;0.16666666666666666;352403;1397598.425185995;0.40013160639901313;3600;0.04466952617975901
Meta_554;376890;5239044.846536815;0.16666666666666666;352403;1397598.425185995;0.40013160639901313;3600;0.04474290197745616
Meta_564;376890;6286853.815844178;0.16666666666666666;352403;1397598.425185995;0.40013160639901313;3600;0.044735754671207856
Meta_574;376890;7334662.785151541;0.16666666666666666;352403;1397598.425185995;0.40013160639901313;3600;0.044694744121949403
Meta_584;376890;8382471.754458904;0.16666666666666666;352403;1397598.425185995;0.40013160639901313;3600;0.044783454327253315
Meta_594;376890;9430280.723766267;0.16666666666666666;352403;1397598.425185995;0.40013160639901313;3600;0.04474772196478073
Meta_447;393177;4191235.877229452;0.3333333333333333;352409;1337301.667314901;0.40046416261502055;3600;0.08082191754097923
Meta_457;393177;5239044.846536815;0.3333333333333333;352409;1337301.667314901;0.40046416261502055;3600;0.08075839236426467
Meta_467;393177;6286853.815844178;0.3333333333333333;352409;1337301.667314901;0.40046416261502055;3600;0.08077388283124635
Meta_477;393177;7334662.785151541;0.3333333333333333;352409;1337301.667314901;0.40046416261502055;3600;0.08081094945213685
Meta_487;393177;8382471.754458904;0.3333333333333333;352409;1337301.667314901;0.40046416261502055;3600;0.08076069108942072
Meta_497;393177;9430280.723766267;0.3333333333333333;352409;1337301.667314901;0.40046416261502055;3600;0.08068778835836932
Meta_642;360603;4191235.877229452;0.05555555555555555;352411;1364442.3968115088;0.40018590671666665;3600;0.03881554176694551
Meta_652;360603;5239044.846536815;0.05555555555555555;352411;1364442.3968115088;0.40018590671666665;3600;0.03833553021995572
Meta_662;360603;6286853.815844178;0.05555555555555555;352411;1364442.3968115088;0.40018590671666665;3600;0.03897161950800985
Meta_672;360603;7334662.785151541;0.05555555555555555;352411;1364442.3968115088;0.40018590671666665;3601;0.03895157446490638
Meta_682;360603;8382471.754458904;0.05555555555555555;352411;1364442.3968115088;0.40018590671666665;3600;0.03894252433980853
Meta_692;360603;9430280.723766267;0.05555555555555555;352411;1364442.3968115088;0.40018590671666665;3600;0.038339739990721336
Meta_641;360603;4191235.877229452;0.0;352426;1397728.3936768523;0.4001184882783003;3600;0.03668321025251146
Meta_651;360603;5239044.846536815;0.0;352426;1397728.3936768523;0.4001184882783003;3600;0.036570153617361795
Meta_661;360603;6286853.815844178;0.0;352426;1397728.3936768523;0.4001184882783003;3600;0.036856008133748515
Meta_671;360603;7334662.785151541;0.0;352426;1397728.3936768523;0.4001184882783003;3600;0.03672465309564831
Meta_681;360603;8382471.754458904;0.0;352426;1397728.3936768523;0.4001184882783003;3600;0.03657622463355333
Meta_691;360603;9430280.723766267;0.0;352426;1397728.3936768523;0.4001184882783003;3600;0.03664359722349945
Meta_528;376890;2095617.938614726;0.38888888888888884;352433;1378888.3999902532;0.40005325994035185;3600;0.20024829837184524
Meta_421;393177;2095617.938614726;0.0;352444;1359588.743446893;0.4004411692830187;3600;0.03481316808270854
Meta_336;409464;3143426.907922089;0.2777777777777778;352446;1356359.505586393;0.4002779687934952;3600;0.04593855208936934
Meta_523;376890;2095617.938614726;0.1111111111111111;352446;1350415.6822021387;0.40005758199354685;3600;0.039725817387674486
Meta_428;393177;2095617.938614726;0.38888888888888884;352448;1367626.5263277236;0.40006056295209985;3600;0.14348046732986625
Meta_37;458326;3143426.907922089;0.3333333333333333;352449;1328768.2115213152;0.4003839526680436;3600;0.043264221016081156
Meta_561;376890;6286853.815844178;0.0;352451;1390017.4937640815;0.40017524116869196;3600;0.03505916823386025
Meta_591;376890;9430280.723766267;0.0;352451;1390017.4937640815;0.40017524116869196;3600;0.03524662906599407
Meta_344;409464;4191235.877229452;0.16666666666666666;352452;1415676.758428377;0.4003265076273609;3600;0.03499188690514768
Meta_384;409464;8382471.754458904;0.16666666666666666;352452;1415676.758428377;0.4003265076273609;3600;0.03504271261996253
Meta_263;425751;6286853.815844178;0.1111111111111111;352453;1403729.4767662066;0.40035292009798495;3600;0.029604910448069198
Meta_293;425751;9430280.723766267;0.1111111111111111;352453;1403729.4767662066;0.40035292009798495;3600;0.02967809827992368
Meta_331;409464;3143426.907922089;0.0;352456;1363609.7802921564;0.40021600542377517;3600;0.025485700247327096
Meta_525;376890;2095617.938614726;0.2222222222222222;352464;1326484.2706963366;0.40012128486655374;3600;0.05097072460603598
Meta_326;409464;2095617.938614726;0.2777777777777778;352474;1371605.9735892205;0.40040440385695375;3600;0.05275911430698721
Meta_624;360603;2095617.938614726;0.16666666666666666;352474;1331101.4596828013;0.3999446844384347;3600;0.04597122257064578
Meta_134;442038;3143426.907922089;0.16666666666666666;352479;1343296.6545846183;0.40062714708444114;3600;0.030871824362011063
Meta_146;442038;4191235.877229452;0.2777777777777778;352486;1391966.5798613024;0.4001388947688405;3600;0.0384168442581421
Meta_156;442038;5239044.846536815;0.2777777777777778;352486;1391966.5798613024;0.4001388947688405;3600;0.0385925568998337
Meta_166;442038;6286853.815844178;0.2777777777777778;352486;1393250.6234564662;0.4001388947688405;3600;0.039053249175132365
Meta_176;442038;7334662.785151541;0.2777777777777778;352486;1386771.6935240887;0.4001388947688405;3600;0.0391542764139296
Meta_186;442038;8382471.754458904;0.2777777777777778;352486;1393250.6234564662;0.4001388947688405;3600;0.038695114995560095
Meta_196;442038;9430280.723766267;0.2777777777777778;352486;1391966.5798613024;0.4001388947688405;3600;0.0385925568998337
Meta_646;360603;4191235.877229452;0.2777777777777778;352486;1396549.280881927;0.4006955565710686;3600;0.08027505730132481
Meta_656;360603;5239044.846536815;0.2777777777777778;352486;1396549.280881927;0.4006955565710686;3600;0.0796685820808033
Meta_666;360603;6286853.815844178;0.2777777777777778;352486;1396549.280881927;0.4006955565710686;3600;0.08017912357070434
Meta_676;360603;7334662.785151541;0.2777777777777778;352486;1396549.280881927;0.4006955565710686;3600;0.08014986515343316
Meta_686;360603;8382471.754458904;0.2777777777777778;352486;1396549.280881927;0.4006955565710686;3600;0.08005740206739081
Meta_696;360603;9430280.723766267;0.2777777777777778;352486;1396549.280881927;0.4006955565710686;3600;0.07975406407255514
Meta_36;458326;3143426.907922089;0.2777777777777778;352490;1335497.4268015444;0.40054233243936416;3600;0.0361331375457291
Meta_543;376890;4191235.877229452;0.1111111111111111;352490;1403474.8448857006;0.40026341935037985;3600;0.0373206063822437
Meta_553;376890;5239044.846536815;0.1111111111111111;352490;1403474.8448857006;0.40026341935037985;3600;0.03745279085064414
Meta_563;376890;6286853.815844178;0.1111111111111111;352490;1403474.8448857006;0.40026341935037985;3600;0.03764005557152179
Meta_593;376890;9430280.723766267;0.1111111111111111;352490;1403474.8448857006;0.40026341935037985;3600;0.03823663965823258
Meta_647;360603;4191235.877229452;0.3333333333333333;352495;1378713.9170309794;0.4002517471047989;3600;0.11706562155861927
Meta_657;360603;5239044.846536815;0.3333333333333333;352495;1378713.9170309794;0.4002517471047989;3600;0.11659122386435959
Meta_667;360603;6286853.815844178;0.3333333333333333;352495;1378713.9170309794;0.4002517471047989;3600;0.11638325017783832
Meta_677;360603;7334662.785151541;0.3333333333333333;352495;1378713.9170309794;0.4002517471047989;3600;0.11649295654369582
Meta_687;360603;8382471.754458904;0.3333333333333333;352495;1378713.9170309794;0.4002517471047989;3600;0.11722272772168546
Meta_697;360603;9430280.723766267;0.3333333333333333;352495;1378713.9170309794;0.4002517471047989;3600;0.11738194681669588
Meta_328;409464;2095617.938614726;0.38888888888888884;352497;1346550.8866504403;0.400206451802608;3600;0.08900101351377675
Meta_426;393177;2095617.938614726;0.2777777777777778;352499;1332022.0656039177;0.40024488439527905;3600;0.04833952518381992
Meta_244;425751;4191235.877229452;0.16666666666666666;352508;1339629.9144157167;0.4005038399500999;3600;0.02971839124548601
Meta_254;425751;5239044.846536815;0.16666666666666666;352508;1339629.9144157167;0.4005038399500999;3600;0.02986191090327466
Meta_284;425751;8382471.754458904;0.16666666666666666;352508;1339629.9144157167;0.4005038399500999;3600;0.029929144108926824
Meta_294;425751;9430280.723766267;0.16666666666666666;352508;1339629.9144157167;0.4005038399500999;3600;0.029827369641522408
Meta_131;442038;3143426.907922089;0.0;352512;1389711.9321265488;0.40003098584353214;3600;0.026760650608941516
Meta_264;425751;6286853.815844178;0.16666666666666666;352527;1359782.428769779;0.40053223959708245;3600;0.03014602293156721
Meta_274;425751;7334662.785151541;0.16666666666666666;352527;1359782.428769779;0.40053223959708245;3600;0.03004389217634489
Meta_338;409464;3143426.907922089;0.38888888888888884;352527;1379748.21829512;0.4004901334292049;3600;0.1018524803069965
Meta_23;458326;2095617.938614726;0.1111111111111111;352529;1357985.4059816839;0.4003224173976282;3600;0.027199470731192665
Meta_147;442038;4191235.877229452;0.3333333333333333;352536;1383610.634100595;0.40021722621628664;3600;0.04783017943329016
Meta_187;442038;8382471.754458904;0.3333333333333333;352536;1364570.9173639268;0.40021722621628664;3600;0.047697225113105424
Meta_197;442038;9430280.723766267;0.3333333333333333;352536;1364570.9173639268;0.40021722621628664;3600;0.04765983757781843
Meta_335;409464;3143426.907922089;0.2222222222222222;352539;1365834.614287405;0.40051716560354117;3600;0.04116400011351432
Meta_476;393177;7334662.785151541;0.2777777777777778;352540;1338318.4381602078;0.4002585653893924;3600;0.051397055211025194
Meta_486;393177;8382471.754458904;0.2777777777777778;352540;1338318.4381602078;0.4002585653893924;3601;0.051387513637489356
Meta_446;393177;4191235.877229452;0.2777777777777778;352542;1324228.198715917;0.4002809575060955;3600;0.05167517704536401
Meta_456;393177;5239044.846536815;0.2777777777777778;352542;1324228.198715917;0.4002809575060955;3600;0.05181974776309701
Meta_466;393177;6286853.815844178;0.2777777777777778;352542;1324228.198715917;0.4002809575060955;3600;0.0517783484024232
Meta_496;393177;9430280.723766267;0.2777777777777778;352542;1324228.198715917;0.4002809575060955;3600;0.051769483042315705
Meta_47;458326;4191235.877229452;0.3333333333333333;352547;1380169.2587115928;0.400516354807132;3600;0.042717613313727136
Meta_57;458326;5239044.846536815;0.3333333333333333;352547;1380169.2587115928;0.400516354807132;3600;0.041015184753979514
Meta_125;442038;2095617.938614726;0.2222222222222222;352551;1364196.706490405;0.4003374670710184;3600;0.034166919106398685
Meta_434;393177;3143426.907922089;0.16666666666666666;352553;1377657.9880076966;0.40012575274446505;3600;0.03738190595254167
Meta_635;360603;3143426.907922089;0.2222222222222222;352554;1368735.2069662935;0.40044222724205236;3600;0.05750056703839042
Meta_621;360603;2095617.938614726;0.0;352564;1343608.6947532694;0.4007225345811012;3600;0.04242848221688981
Meta_243;425751;4191235.877229452;0.1111111111111111;352565;1386408.8913687146;0.4003114405853363;3600;0.02871259633501083
Meta_253;425751;5239044.846536815;0.1111111111111111;352565;1386408.8913687146;0.4003114405853363;3600;0.028640109179873533
Meta_273;425751;7334662.785151541;0.1111111111111111;352565;1386408.8913687146;0.4003114405853363;3600;0.02878981248432408
Meta_283;425751;8382471.754458904;0.1111111111111111;352565;1386408.8913687146;0.4003114405853363;3600;0.02885193785803513
Meta_123;442038;2095617.938614726;0.1111111111111111;352567;1377244.865144922;0.4002889126399214;3600;0.028999885544728123
Meta_333;409464;3143426.907922089;0.1111111111111111;352568;1356551.424777061;0.40069776275570684;3600;0.03223319345873787
Meta_73;458326;7334662.785151541;0.1111111111111111;352581;1374101.3478819216;0.4004005177132613;3600;0.023938285365975295
Meta_83;458326;8382471.754458904;0.1111111111111111;352581;1374101.3478819216;0.4004005177132613;3600;0.023982209499450527
Meta_93;458326;9430280.723766267;0.1111111111111111;352581;1374101.3478819216;0.4004005177132613;3600;0.023934618971717704
Meta_573;376890;7334662.785151541;0.1111111111111111;352585;1405790.449671027;0.400336458632411;3600;0.036981705373788615
Meta_583;376890;8382471.754458904;0.1111111111111111;352585;1405790.449671027;0.400336458632411;3600;0.037009408258409024
Meta_633;360603;3143426.907922089;0.1111111111111111;352587;1388914.9759058321;0.40012819406568195;3600;0.04146200101992186
Meta_74;458326;7334662.785151541;0.16666666666666666;352605;1400060.025421574;0.40037406685617155;3600;0.028135106654624004
Meta_84;458326;8382471.754458904;0.16666666666666666;352605;1400060.025421574;0.40037406685617155;3600;0.028159196149057104
Meta_94;458326;9430280.723766267;0.16666666666666666;352605;1400060.025421574;0.40037406685617155;3600;0.028141380596527384
Meta_424;393177;2095617.938614726;0.16666666666666666;352606;1373381.6554692066;0.40031601677111606;3600;0.04048525183287603
Meta_95;458326;9430280.723766267;0.2222222222222222;352622;1353165.546517008;0.40047634390471076;3600;0.030741527478455953
Meta_121;442038;2095617.938614726;0.0;352626;1380394.2039056362;0.4004394041563467;3600;0.029414389665816693
Meta_124;442038;2095617.938614726;0.16666666666666666;352626;1330575.0928699235;0.4008092696012494;3600;0.03267486870655005
Meta_348;409464;4191235.877229452;0.38888888888888884;352626;1356712.5719244464;0.4005730370544578;3600;0.10059744016132037
Meta_358;409464;5239044.846536815;0.38888888888888884;352626;1356712.5719244464;0.4005730370544578;3600;0.10006741053334126
Meta_368;409464;6286853.815844178;0.38888888888888884;352626;1356712.5719244464;0.4005730370544578;3600;0.10020403010638486
Meta_378;409464;7334662.785151541;0.38888888888888884;352626;1356712.5719244464;0.4005730370544578;3600;0.10006741053334126
Meta_388;409464;8382471.754458904;0.38888888888888884;352626;1356712.5719244464;0.4005730370544578;3600;0.1001292727697321
Meta_398;409464;9430280.723766267;0.38888888888888884;352626;1356712.5719244464;0.4005730370544578;3600;0.10028753047567422
Meta_247;425751;4191235.877229452;0.3333333333333333;352634;1414895.879246407;0.4004853040313197;3600;0.05554945535176479
Meta_257;425751;5239044.846536815;0.3333333333333333;352634;1414895.879246407;0.4004853040313197;3600;0.05575132194326308
Meta_267;425751;6286853.815844178;0.3333333333333333;352634;1414895.879246407;0.4004853040313197;3600;0.05553276304680745
Meta_277;425751;7334662.785151541;0.3333333333333333;352634;1414895.879246407;0.4004853040313197;3600;0.05553619052131831
Meta_287;425751;8382471.754458904;0.3333333333333333;352634;1414895.879246407;0.4004853040313197;3600;0.055458655341296126
Meta_297;425751;9430280.723766267;0.3333333333333333;352634;1414895.879246407;0.4004853040313197;3600;0.05557040982092073
Meta_334;409464;3143426.907922089;0.16666666666666666;352635;1378139.6118978534;0.4003897086952322;3600;0.03514639565060575
Meta_226;425751;2095617.938614726;0.2777777777777778;352642;1371894.4746664753;0.4002303099766699;3600;0.03930767397038329
Meta_135;442038;3143426.907922089;0.2222222222222222;352644;1361288.2215692562;0.4008649046677976;3600;0.034416783409959906
Meta_342;409464;4191235.877229452;0.05555555555555555;352649;1418517.8397199805;0.4005047204408788;3600;0.0322340403160199
Meta_352;409464;5239044.846536815;0.05555555555555555;352649;1418517.8397199805;0.4005047204408788;3600;0.032125871770015545
Meta_362;409464;6286853.815844178;0.05555555555555555;352649;1418517.8397199805;0.4005047204408788;3600;0.032195490057877765
Meta_372;409464;7334662.785151541;0.05555555555555555;352649;1418517.8397199805;0.4005047204408788;3600;0.032100646066570336
Meta_382;409464;8382471.754458904;0.05555555555555555;352649;1418517.8397199805;0.4005047204408788;3600;0.03203798112790196
Meta_392;409464;9430280.723766267;0.05555555555555555;352649;1418517.8397199805;0.4005047204408788;3600;0.032112874313561406
Meta_526;376890;2095617.938614726;0.2777777777777778;352649;1374105.211243705;0.40048931526366793;3600;0.06408142492777494
Meta_527;376890;2095617.938614726;0.3333333333333333;352650;1369810.8893731963;0.4010033125457199;3600;0.10336320102362953
Meta_35;458326;3143426.907922089;0.2222222222222222;352654;1330275.6134043932;0.4006405256043329;3600;0.03133256571120098
Meta_43;458326;4191235.877229452;0.1111111111111111;352675;1380534.6886157864;0.40058935979939236;3600;0.02215455733591215
Meta_53;458326;5239044.846536815;0.1111111111111111;352675;1380534.6886157864;0.40058935979939236;3600;0.022149367580863343
Meta_63;458326;6286853.815844178;0.1111111111111111;352675;1380534.6886157864;0.40058935979939236;3600;0.02226515563707323
Meta_636;360603;3143426.907922089;0.2777777777777778;352675;1364608.027386857;0.40060985751510125;3600;0.07413259524422151
Meta_136;442038;3143426.907922089;0.2777777777777778;352678;1347126.78607683;0.40085545263066363;3600;0.04101376447415347
Meta_225;425751;2095617.938614726;0.2222222222222222;352683;1342713.8419201195;0.4004809856192151;3600;0.03795752055312144
Meta_322;409464;2095617.938614726;0.05555555555555555;352690;1348341.6245670042;0.40077614544154294;3603;0.03582537516892114
Meta_228;425751;2095617.938614726;0.38888888888888884;352706;1362037.5935976712;0.40074808606582435;3600;0.080144965952672
Meta_531;376890;3143426.907922089;0.0;352707;1388727.89530604;0.4004856509847594;3600;0.035989434914457025
Meta_458;393177;5239044.846536815;0.38888888888888884;352721;1347036.0727333815;0.40058979535539274;3600;0.12179998138866407
Meta_468;393177;6286853.815844178;0.38888888888888884;352721;1347036.0727333815;0.40058979535539274;3600;0.12295843163944506
Meta_478;393177;7334662.785151541;0.38888888888888884;352721;1347036.0727333815;0.40058979535539274;3600;0.12242298925499193
Meta_488;393177;8382471.754458904;0.38888888888888884;352721;1347036.0727333815;0.40058979535539274;3600;0.12163452517610937
Meta_25;458326;2095617.938614726;0.2222222222222222;352731;1342042.5572294677;0.40042921186986963;3600;0.02693989500140855
Meta_538;376890;3143426.907922089;0.38888888888888884;352732;1336474.8398150387;0.40062575601236905;3600;0.20587170729557447
Meta_448;393177;4191235.877229452;0.38888888888888884;352735;1347122.9526333816;0.40060848071285693;3600;0.12363232007205763
Meta_498;393177;9430280.723766267;0.38888888888888884;352735;1347122.9526333816;0.40060848071285693;3600;0.12455684351975314
Meta_252;425751;5239044.846536815;0.05555555555555555;352737;1379958.5653612767;0.4006032248634777;3600;0.028412328030459847
Meta_282;425751;8382471.754458904;0.05555555555555555;352737;1379958.5653612767;0.4006032248634777;3600;0.02838167911478506
Meta_292;425751;9430280.723766267;0.05555555555555555;352737;1379958.5653612767;0.4006032248634777;3600;0.02839917026623475
Meta_242;425751;4191235.877229452;0.05555555555555555;352739;1379940.4677612768;0.40060557460352286;3600;0.028351776824063684
Meta_262;425751;6286853.815844178;0.05555555555555555;352739;1379940.4677612768;0.40060557460352286;3600;0.028326223551024706
Meta_272;425751;7334662.785151541;0.05555555555555555;352739;1379940.4677612768;0.40060557460352286;3600;0.028347520189562506
Meta_34;458326;3143426.907922089;0.16666666666666666;352746;1375469.7600217306;0.4006484199192561;3600;0.029396554072009702
Meta_231;425751;3143426.907922089;0.0;352750;1326452.933325419;0.40070945197804103;3600;0.029368294565758468
Meta_644;360603;4191235.877229452;0.16666666666666666;352756;1436766.6971295306;0.4009771596336959;3600;0.04636577974324085
Meta_654;360603;5239044.846536815;0.16666666666666666;352756;1436766.6971295306;0.4009771596336959;3600;0.04659822970943403
Meta_664;360603;6286853.815844178;0.16666666666666666;352756;1436766.6971295306;0.4009771596336959;3600;0.046503523179960184
Meta_674;360603;7334662.785151541;0.16666666666666666;352756;1436766.6971295306;0.4009771596336959;3600;0.04619188595387957
Meta_684;360603;8382471.754458904;0.16666666666666666;352756;1436766.6971295306;0.4009771596336959;3600;0.04612362314610725
Meta_694;360603;9430280.723766267;0.16666666666666666;352756;1436766.6971295306;0.4009771596336959;3600;0.04668811101994203
Meta_32;458326;3143426.907922089;0.05555555555555555;352769;1384031.3590436783;0.4006460704759323;3600;0.026909361555236537
Meta_127;442038;2095617.938614726;0.3333333333333333;352790;1369215.056200362;0.4010494750818565;3600;0.05165998363655429
Meta_144;442038;4191235.877229452;0.16666666666666666;352799;1386846.8800839318;0.40056923403180794;3600;0.0284847769183861
Meta_154;442038;5239044.846536815;0.16666666666666666;352799;1386846.8800839318;0.40056923403180794;3600;0.02842627702481314
Meta_164;442038;6286853.815844178;0.16666666666666666;352799;1386846.8800839318;0.40056923403180794;3600;0.028360108320248843
Meta_174;442038;7334662.785151541;0.16666666666666666;352799;1386846.8800839318;0.40056923403180794;3600;0.02835287463888299
Meta_184;442038;8382471.754458904;0.16666666666666666;352799;1386846.8800839318;0.40056923403180794;3600;0.02837553161349553
Meta_194;442038;9430280.723766267;0.16666666666666666;352799;1386846.8800839318;0.40056923403180794;3600;0.02839975496699985
Meta_142;442038;4191235.877229452;0.05555555555555555;352809;1390777.8810671985;0.40099856942229656;3600;0.026972820702312692
Meta_152;442038;5239044.846536815;0.05555555555555555;352809;1390777.8810671985;0.40099856942229656;3600;0.026981516295240274
Meta_162;442038;6286853.815844178;0.05555555555555555;352809;1390777.8810671985;0.40099856942229656;3600;0.026967142043119254
Meta_172;442038;7334662.785151541;0.05555555555555555;352809;1390777.8810671985;0.40099856942229656;3600;0.027012240496305833
Meta_182;442038;8382471.754458904;0.05555555555555555;352809;1390777.8810671985;0.40099856942229656;3600;0.02698393117769349
Meta_45;458326;4191235.877229452;0.2222222222222222;352810;1367013.2798734333;0.401045657044874;3600;0.032284280063159664
Meta_55;458326;5239044.846536815;0.2222222222222222;352810;1367013.2798734333;0.401045657044874;3600;0.03226967855893754
Meta_65;458326;6286853.815844178;0.2222222222222222;352810;1367013.2798734333;0.401045657044874;3600;0.03226539411860887
Meta_632;360603;3143426.907922089;0.05555555555555555;352824;1377346.0412581144;0.4004927052131015;3600;0.039050966505931956
Meta_33;458326;3143426.907922089;0.1111111111111111;352887;1393036.9774814046;0.40104666345287293;3600;0.026621638789789126
Meta_233;425751;3143426.907922089;0.1111111111111111;352908;1401392.2650408193;0.40081202853210907;3600;0.03220512498941411
Meta_38;458326;3143426.907922089;0.38888888888888884;352918;1386793.4939008937;0.4009156551475504;3600;0.05734045626977401
Meta_241;425751;4191235.877229452;0.0;352919;1393664.7069285996;0.4007939393346731;3600;0.028975521352630672
Meta_251;425751;5239044.846536815;0.0;352919;1393664.7069285996;0.4007939393346731;3600;0.028978308151071126
Meta_261;425751;6286853.815844178;0.0;352919;1393664.7069285996;0.4007939393346731;3600;0.029005034301694342
Meta_271;425751;7334662.785151541;0.0;352919;1393664.7069285996;0.4007939393346731;3600;0.029007044593255506
Meta_281;425751;8382471.754458904;0.0;352919;1393664.7069285996;0.4007939393346731;3600;0.02885400803453243
Meta_291;425751;9430280.723766267;0.0;352919;1393664.7069285996;0.4007939393346731;3600;0.02893403318926238
Meta_75;458326;7334662.785151541;0.2222222222222222;352921;1368072.7277606754;0.40098677233034125;3600;0.03132505110699589
Meta_85;458326;8382471.754458904;0.2222222222222222;352921;1368072.7277606754;0.40098677233034125;3600;0.031327349338303834
Meta_24;458326;2095617.938614726;0.16666666666666666;352943;1360289.6445002074;0.4011646029112664;3600;0.031128222921391016
Meta_148;442038;4191235.877229452;0.38888888888888884;352969;1407068.8495652797;0.40110598889802535;3600;0.07371593077421369
Meta_158;442038;5239044.846536815;0.38888888888888884;352969;1407068.8495652797;0.40110598889802535;3600;0.07360919694364183
Meta_168;442038;6286853.815844178;0.38888888888888884;352969;1407068.8495652797;0.40110598889802535;3600;0.07370040026559427
Meta_178;442038;7334662.785151541;0.38888888888888884;352969;1407068.8495652797;0.40110598889802535;3600;0.07370983837955658
Meta_188;442038;8382471.754458904;0.38888888888888884;352969;1407068.8495652797;0.40110598889802535;3601;0.07369415205409852
Meta_198;442038;9430280.723766267;0.38888888888888884;352969;1407068.8495652797;0.40110598889802535;3600;0.07370459901891181
Meta_61;458326;6286853.815844178;0.0;352972;1347272.9583862135;0.40098449824542104;3600;0.024723635132328444
Meta_51;458326;5239044.846536815;0.0;352972;1347272.9583862135;0.40098449824542104;3600;0.02469674080408305
Meta_143;442038;4191235.877229452;0.1111111111111111;352984;1360253.2477096594;0.4009792246525011;3600;0.026183118313967146
Meta_153;442038;5239044.846536815;0.1111111111111111;352984;1360253.2477096594;0.4009792246525011;3600;0.02614444299229083
Meta_163;442038;6286853.815844178;0.1111111111111111;352984;1360253.2477096594;0.4009792246525011;3601;0.026006787207205496
Meta_173;442038;7334662.785151541;0.1111111111111111;352984;1360253.2477096594;0.4009792246525011;3600;0.026086646964681676
Meta_183;442038;8382471.754458904;0.1111111111111111;352984;1360253.2477096594;0.4009792246525011;3600;0.02600123999636233
Meta_193;442038;9430280.723766267;0.1111111111111111;352984;1360253.2477096594;0.4009792246525011;3600;0.026152877084268666
Meta_238;425751;3143426.907922089;0.38888888888888884;352990;1370124.5967428808;0.40129641735109356;3600;0.08965380919585403
Meta_324;409464;2095617.938614726;0.16666666666666666;353009;1366102.808004962;0.4011162089048881;3600;0.03757611088109661
Meta_132;442038;3143426.907922089;0.05555555555555555;353012;1364001.0043006022;0.4010777802638784;3600;0.02889140488357865
Meta_41;458326;4191235.877229452;0.0;353025;1349198.7116773943;0.4010521323845358;3600;0.024661526823247248
Meta_224;425751;2095617.938614726;0.16666666666666666;353026;1389558.3052363726;0.4012131992361492;3600;0.03603703022412185
Meta_141;442038;4191235.877229452;0.0;353076;1362192.1502503292;0.40106280464598143;3600;0.019109925840510196
Meta_151;442038;5239044.846536815;0.0;353076;1362192.1502503292;0.40106280464598143;3600;0.01911909668778628
Meta_161;442038;6286853.815844178;0.0;353076;1362192.1502503292;0.40106280464598143;3600;0.019143664551708395
Meta_171;442038;7334662.785151541;0.0;353076;1362192.1502503292;0.40106280464598143;3600;0.019125289145282807
Meta_181;442038;8382471.754458904;0.0;353076;1362192.1502503292;0.40106280464598143;3600;0.019073049120931548
Meta_191;442038;9430280.723766267;0.0;353076;1362192.1502503292;0.40106280464598143;3600;0.019158255718382623
Meta_232;425751;3143426.907922089;0.05555555555555555;353084;1370049.455580238;0.40125418440897337;3600;0.030300058949687854
Meta_223;425751;2095617.938614726;0.1111111111111111;353095;1349752.6164610954;0.40135738983114266;3600;0.03187963079717404
Meta_137;442038;3143426.907922089;0.3333333333333333;353110;1389954.4227283054;0.40144512583200553;3600;0.05114388266122185
Meta_48;458326;4191235.877229452;0.38888888888888884;353130;1388735.9542106485;0.4014596430945523;3600;0.0588194008431118
Meta_145;442038;4191235.877229452;0.2222222222222222;353130;1409527.0617716531;0.40106957678883526;3600;0.031467160547446735
Meta_155;442038;5239044.846536815;0.2222222222222222;353130;1409527.0617716531;0.40106957678883526;3600;0.031497238784360254
Meta_185;442038;8382471.754458904;0.2222222222222222;353130;1409545.0795716532;0.40106986518004456;3600;0.03175212843140531
Meta_165;442038;6286853.815844178;0.2222222222222222;353131;1409539.453371653;0.4010697982230954;3600;0.03136747441202083
Meta_175;442038;7334662.785151541;0.2222222222222222;353131;1409539.453371653;0.4010697982230954;3600;0.03139536806624424
Meta_195;442038;9430280.723766267;0.2222222222222222;353131;1409539.453371653;0.4010697982230954;3600;0.03126611394861053
Meta_58;458326;5239044.846536815;0.38888888888888884;353168;1414466.246271131;0.4015866981948112;3600;0.059376251410254335
Meta_347;409464;4191235.877229452;0.3333333333333333;353234;1415148.690212833;0.40145671982407943;3600;0.06545131869696849
Meta_357;409464;5239044.846536815;0.3333333333333333;353234;1415148.690212833;0.40145671982407943;3600;0.06547252291488706
Meta_367;409464;6286853.815844178;0.3333333333333333;353234;1415148.690212833;0.40145671982407943;3600;0.06546372455260425
Meta_377;409464;7334662.785151541;0.3333333333333333;353234;1415148.690212833;0.40145671982407943;3600;0.06548413055899611
Meta_387;409464;8382471.754458904;0.3333333333333333;353234;1415148.690212833;0.40145671982407943;3600;0.06547925949966162
Meta_397;409464;9430280.723766267;0.3333333333333333;353234;1415148.690212833;0.40145671982407943;3600;0.06544283783904582
Meta_463;393177;6286853.815844178;0.1111111111111111;353257;1427962.5268014153;0.4016300175358407;3600;0.03676768211229163
Meta_443;393177;4191235.877229452;0.1111111111111111;353266;1412147.4205800605;0.40151306125271685;3600;0.03603793844546447
Meta_453;393177;5239044.846536815;0.1111111111111111;353266;1412147.4205800605;0.40151306125271685;3600;0.03611093955809107
Meta_473;393177;7334662.785151541;0.1111111111111111;353266;1412147.4205800605;0.40151306125271685;3600;0.03606024853708067
Meta_483;393177;8382471.754458904;0.1111111111111111;353266;1412147.4205800605;0.40151306125271685;3600;0.036076027866660476
Meta_493;393177;9430280.723766267;0.1111111111111111;353266;1412147.4205800605;0.40151306125271685;3600;0.036087747158800906
Meta_221;425751;2095617.938614726;0.0;353271;1420305.8167736894;0.4014319072216786;3600;0.029010482693212183
Meta_234;425751;3143426.907922089;0.16666666666666666;353476;1402903.6360324982;0.40195719489416043;3600;0.03408742929101613
Meta_31;458326;3143426.907922089;0.0;353547;1418879.8245520364;0.4020168275237099;3600;0.02581049908795728
Meta_319;409464;1047808.969307363;0.4444444444444444;354548;1047833.3362440052;0.44444391393924315;3600;0.00875013297773697
Meta_519;376890;1047808.969307363;0.4444444444444444;354550;1048246.3767272594;0.4444444835617235;3600;0.019797825044578825
Meta_119;442038;1047808.969307363;0.4444444444444444;354563;1047852.06844339;0.4444448805520952;3600;0.005197168470379904
Meta_19;458326;1047808.969307363;0.4444444444444444;354599;1047847.995498694;0.44444532608969994;3600;0.0037073828822507295
Meta_419;393177;1047808.969307363;0.4444444444444444;354604;1047821.5627601878;0.44444403581813374;3600;0.010916967630651054
Meta_219;425751;1047808.969307363;0.4444444444444444;354606;1047826.8856091613;0.4444433553694667;3600;0.005829988009709079
Meta_619;360603;1047808.969307363;0.4444444444444444;355135;1079866.076034371;0.4444445908327623;3600;0.11055496734421709
Meta_20;458326;1047808.969307363;0.5;355464;1047847.5802674106;0.4888254990571111;0;0.0
Meta_120;442038;1047808.969307363;0.5;355464;1047847.5802674106;0.4888254990571111;0;0.0
Meta_220;425751;1047808.969307363;0.5;355464;1047847.5802674106;0.4888254990571111;0;0.0
Meta_320;409464;1047808.969307363;0.5;355464;1047847.5802674106;0.4888254990571111;0;0.0
Meta_420;393177;1047808.969307363;0.5;355464;1047847.5802674106;0.4888254990571111;0;0.0
Meta_520;376890;1047808.969307363;0.5;355464;1047847.5802674106;0.4888254990571111;0;0.0
Meta_620;360603;1047808.969307363;0.5;355464;1047847.5802674106;0.4888254990571111;0;0.0
Meta_630;360603;2095617.938614726;0.5;360603;1603739.984265125;0.48921758975890645;0;0.0
Meta_640;360603;3143426.907922089;0.5;360603;1603739.984265125;0.48921758975890645;0;0.0
Meta_639;360603;3143426.907922089;0.4444444444444444;360603;1626345.8133576522;0.4444006358829853;10;0.0
Meta_650;360603;4191235.877229452;0.5;360603;1680220.0202651252;0.48718727564070663;0;0.0
Meta_660;360603;5239044.846536815;0.5;360603;1680220.0202651252;0.48718727564070663;0;0.0
Meta_670;360603;6286853.815844178;0.5;360603;1680220.0202651252;0.48718727564070663;0;0.0
Meta_680;360603;7334662.785151541;0.5;360603;1680220.0202651252;0.48718727564070663;0;0.0
Meta_690;360603;8382471.754458904;0.5;360603;1680220.0202651252;0.48718727564070663;0;0.0
Meta_700;360603;9430280.723766267;0.5;360603;1680220.0202651252;0.48718727564070663;0;0.0
Meta_629;360603;2095617.938614726;0.4444444444444444;360739;1589277.0888935206;0.4426335253777559;17;0.0
Meta_649;360603;4191235.877229452;0.4444444444444444;361571;1723142.7588101274;0.44415115879868433;13;0.0
Meta_659;360603;5239044.846536815;0.4444444444444444;361571;1723142.7588101274;0.44415115879868433;12;0.0
Meta_669;360603;6286853.815844178;0.4444444444444444;361571;1723142.7588101274;0.44415115879868433;13;0.0
Meta_679;360603;7334662.785151541;0.4444444444444444;361571;1723142.7588101274;0.44415115879868433;13;0.0
Meta_689;360603;8382471.754458904;0.4444444444444444;361571;1723142.7588101274;0.44415115879868433;13;0.0
Meta_699;360603;9430280.723766267;0.4444444444444444;361571;1723142.7588101274;0.44415115879868433;14;0.0
Meta_349;409464;4191235.877229452;0.4444444444444444;366256;1868343.539015922;0.44444434682933454;3600;0.025729410379811506
Meta_359;409464;5239044.846536815;0.4444444444444444;366256;1868343.539015922;0.44444434682933454;3600;0.02573024287461223
Meta_369;409464;6286853.815844178;0.4444444444444444;366256;1868343.539015922;0.44444434682933454;3600;0.025728939861471876
Meta_379;409464;7334662.785151541;0.4444444444444444;366256;1868343.539015922;0.44444434682933454;3600;0.025730355651768323
Meta_389;409464;8382471.754458904;0.4444444444444444;366256;1868343.539015922;0.44444434682933454;3600;0.025728904565215382
Meta_399;409464;9430280.723766267;0.4444444444444444;366256;1868343.539015922;0.44444434682933454;3600;0.025728253196444405
Meta_239;425751;3143426.907922089;0.4444444444444444;366275;1855190.4680031876;0.4444467713291519;3600;0.017984474807055943
Meta_429;393177;2095617.938614726;0.4444444444444444;366276;1869675.042174289;0.44444022844881814;3600;0.044335702066218716
Meta_529;376890;2095617.938614726;0.4444444444444444;366349;1863114.0953133926;0.44452982670554325;3600;0.10857438091366958
Meta_329;409464;2095617.938614726;0.4444444444444444;366376;1868871.557100735;0.44447052764556305;3600;0.025970498423473414
Meta_539;376890;3143426.907922089;0.4444444444444444;366384;1847457.7004297879;0.44444434164729063;3600;0.09736488477514281
Meta_549;376890;4191235.877229452;0.4444444444444444;366399;1850392.335769393;0.44445125169546934;3600;0.08935494050474307
Meta_559;376890;5239044.846536815;0.4444444444444444;366399;1850392.335769393;0.44445125169546934;3600;0.08937186773378986
Meta_569;376890;6286853.815844178;0.4444444444444444;366399;1850392.335769393;0.44445125169546934;3600;0.08934975393732639
Meta_579;376890;7334662.785151541;0.4444444444444444;366399;1850392.335769393;0.44445125169546934;3600;0.08935028929506246
Meta_589;376890;8382471.754458904;0.4444444444444444;366399;1850392.335769393;0.44445125169546934;3600;0.08935028929506246
Meta_599;376890;9430280.723766267;0.4444444444444444;366399;1850392.335769393;0.44445125169546934;3600;0.08937955393589805
Meta_129;442038;2095617.938614726;0.4444444444444444;366429;1831089.2839529936;0.4444450090177887;3600;0.011275705251130013
Meta_139;442038;3143426.907922089;0.4444444444444444;366437;1852693.2070528816;0.4444455321727351;3600;0.011150773649469781
Meta_29;458326;2095617.938614726;0.4444444444444444;366446;1833027.824919134;0.44444553001160164;3600;0.009142896363607711
Meta_149;442038;4191235.877229452;0.4444444444444444;366448;1864922.9826915897;0.44444533165845573;3600;0.009509622730022288
Meta_159;442038;5239044.846536815;0.4444444444444444;366448;1864922.9826915897;0.44444533165845573;3600;0.009557812274079853
Meta_169;442038;6286853.815844178;0.4444444444444444;366448;1864922.9826915897;0.44444533165845573;3600;0.009523194621985951
Meta_179;442038;7334662.785151541;0.4444444444444444;366448;1864922.9826915897;0.44444533165845573;3600;0.009501368272923959
Meta_189;442038;8382471.754458904;0.4444444444444444;366448;1864922.9826915897;0.44444533165845573;3600;0.009507648124777434
Meta_199;442038;9430280.723766267;0.4444444444444444;366448;1864922.9826915897;0.44444533165845573;3600;0.00949811043839953
Meta_39;458326;3143426.907922089;0.4444444444444444;366452;1844211.2458047515;0.4444415400158641;3600;0.009182081205412912
Meta_229;425751;2095617.938614726;0.4444444444444444;366456;1875042.4466892018;0.4444424641995591;3600;0.013746294103117587
Meta_339;409464;3143426.907922089;0.4444444444444444;366456;1869631.3052796714;0.4444452078322282;3600;0.014697291565620151
Meta_249;425751;4191235.877229452;0.4444444444444444;366461;1918208.666073009;0.44444493911660105;3600;0.010540377820162561
Meta_259;425751;5239044.846536815;0.4444444444444444;366461;1918208.666073009;0.44444493911660105;3600;0.010531223709338542
Meta_269;425751;6286853.815844178;0.4444444444444444;366461;1918208.666073009;0.44444493911660105;3600;0.010519322453576093
Meta_279;425751;7334662.785151541;0.4444444444444444;366461;1918208.666073009;0.44444493911660105;3600;0.010523796815502256
Meta_289;425751;8382471.754458904;0.4444444444444444;366461;1918208.666073009;0.44444493911660105;3600;0.010506608311158933
Meta_299;425751;9430280.723766267;0.4444444444444444;366461;1918208.666073009;0.44444493911660105;3600;0.010520624460187804
Meta_449;393177;4191235.877229452;0.4444444444444444;366463;1871688.5614869108;0.4444425875456044;3600;0.026438222489245298
Meta_459;393177;5239044.846536815;0.4444444444444444;366463;1871688.5614869108;0.4444425875456044;3600;0.0264280901400014
Meta_469;393177;6286853.815844178;0.4444444444444444;366463;1871688.5614869108;0.4444425875456044;3600;0.02644515498819508
Meta_479;393177;7334662.785151541;0.4444444444444444;366463;1871688.5614869108;0.4444425875456044;3600;0.026429662429226525
Meta_489;393177;8382471.754458904;0.4444444444444444;366463;1871688.5614869108;0.4444425875456044;3600;0.0264280901400014
Meta_499;393177;9430280.723766267;0.4444444444444444;366463;1871688.5614869108;0.4444425875456044;3600;0.026473575899411673
Meta_69;458326;6286853.815844178;0.4444444444444444;366471;1895730.2184657108;0.44444453143964646;3600;0.008510707727613722
Meta_79;458326;7334662.785151541;0.4444444444444444;366471;1895730.2184657108;0.44444453143964646;3600;0.00851395601662914
Meta_89;458326;8382471.754458904;0.4444444444444444;366471;1895730.2184657108;0.44444453143964646;3600;0.008489014777549554
Meta_99;458326;9430280.723766267;0.4444444444444444;366471;1895730.2184657108;0.44444453143964646;3600;0.008483684533985968
Meta_49;458326;4191235.877229452;0.4444444444444444;366472;1895838.1007186119;0.4444421845955035;3600;0.008289635814633276
Meta_59;458326;5239044.846536815;0.4444444444444444;366472;1895838.1007186119;0.4444421845955035;3600;0.00828965065226473
Meta_439;393177;3143426.907922089;0.4444444444444444;366483;1851839.2145054995;0.44444496753620066;3600;0.022995980188930114
Meta_30;458326;2095617.938614726;0.5;368703;2069333.804566821;0.4902231352774378;0;0.0
Meta_40;458326;3143426.907922089;0.5;368703;2069333.804566821;0.4902231352774378;0;0.0
Meta_50;458326;4191235.877229452;0.5;368703;2005397.1442219974;0.49033529230058726;0;0.0
Meta_60;458326;5239044.846536815;0.5;368703;2005397.1442219974;0.49033529230058726;0;0.0
Meta_70;458326;6286853.815844178;0.5;368703;2005397.1442219974;0.49033529230058726;0;0.0
Meta_80;458326;7334662.785151541;0.5;368703;2005397.1442219974;0.49033529230058726;0;0.0
Meta_90;458326;8382471.754458904;0.5;368703;2005397.1442219974;0.49033529230058726;0;0.0
Meta_100;458326;9430280.723766267;0.5;368703;2005397.1442219974;0.49033529230058726;0;0.0
Meta_130;442038;2095617.938614726;0.5;368703;2069333.804566821;0.4902231352774378;0;0.0
Meta_140;442038;3143426.907922089;0.5;368703;2069333.804566821;0.4902231352774378;0;0.0
Meta_150;442038;4191235.877229452;0.5;368703;2005397.1442219974;0.49033529230058726;0;0.0
Meta_160;442038;5239044.846536815;0.5;368703;2005397.1442219974;0.49033529230058726;0;0.0
Meta_170;442038;6286853.815844178;0.5;368703;2005397.1442219974;0.49033529230058726;0;0.0
Meta_180;442038;7334662.785151541;0.5;368703;2005397.1442219974;0.49033529230058726;0;0.0
Meta_190;442038;8382471.754458904;0.5;368703;2005397.1442219974;0.49033529230058726;0;0.0
Meta_200;442038;9430280.723766267;0.5;368703;2005397.1442219974;0.49033529230058726;0;0.0
Meta_230;425751;2095617.938614726;0.5;368703;2069333.804566821;0.4902231352774378;0;0.0
Meta_240;425751;3143426.907922089;0.5;368703;2069333.804566821;0.4902231352774378;0;0.0
Meta_250;425751;4191235.877229452;0.5;368703;2005397.1442219974;0.49033529230058726;0;0.0
Meta_260;425751;5239044.846536815;0.5;368703;2005397.1442219974;0.49033529230058726;0;0.0
Meta_270;425751;6286853.815844178;0.5;368703;2005397.1442219974;0.49033529230058726;0;0.0
Meta_280;425751;7334662.785151541;0.5;368703;2005397.1442219974;0.49033529230058726;0;0.0
Meta_290;425751;8382471.754458904;0.5;368703;2005397.1442219974;0.49033529230058726;0;0.0
Meta_300;425751;9430280.723766267;0.5;368703;2005397.1442219974;0.49033529230058726;0;0.0
Meta_330;409464;2095617.938614726;0.5;368703;1919780.20355597;0.49217568285904184;0;0.0
Meta_340;409464;3143426.907922089;0.5;368703;1919780.20355597;0.49217568285904184;0;0.0
Meta_350;409464;4191235.877229452;0.5;368703;1965165.3563651252;0.48874819162698735;0;0.0
Meta_360;409464;5239044.846536815;0.5;368703;1965165.3563651252;0.48874819162698735;0;0.0
Meta_370;409464;6286853.815844178;0.5;368703;1965165.3563651252;0.48874819162698735;0;0.0
Meta_380;409464;7334662.785151541;0.5;368703;1965165.3563651252;0.48874819162698735;0;0.0
Meta_390;409464;8382471.754458904;0.5;368703;1965165.3563651252;0.48874819162698735;0;0.0
Meta_400;409464;9430280.723766267;0.5;368703;1965165.3563651252;0.48874819162698735;0;0.0
Meta_430;393177;2095617.938614726;0.5;368703;1919780.20355597;0.49217568285904184;0;0.0
Meta_440;393177;3143426.907922089;0.5;368703;1919780.20355597;0.49217568285904184;0;0.0
Meta_450;393177;4191235.877229452;0.5;368703;1965165.3563651252;0.48874819162698735;0;0.0
Meta_460;393177;5239044.846536815;0.5;368703;1965165.3563651252;0.48874819162698735;0;0.0
Meta_470;393177;6286853.815844178;0.5;368703;1965165.3563651252;0.48874819162698735;0;0.0
Meta_480;393177;7334662.785151541;0.5;368703;1965165.3563651252;0.48874819162698735;0;0.0
Meta_490;393177;8382471.754458904;0.5;368703;1965165.3563651252;0.48874819162698735;0;0.0
Meta_500;393177;9430280.723766267;0.5;368703;1965165.3563651252;0.48874819162698735;0;0.0
Meta_530;376890;2095617.938614726;0.5;368703;1919780.20355597;0.49217568285904184;0;0.0
Meta_540;376890;3143426.907922089;0.5;368703;1919780.20355597;0.49217568285904184;0;0.0
Meta_550;376890;4191235.877229452;0.5;368703;1965165.3563651252;0.48874819162698735;0;0.0
Meta_560;376890;5239044.846536815;0.5;368703;1965165.3563651252;0.48874819162698735;0;0.0
Meta_570;376890;6286853.815844178;0.5;368703;1965165.3563651252;0.48874819162698735;0;0.0
Meta_580;376890;7334662.785151541;0.5;368703;1965165.3563651252;0.48874819162698735;0;0.0
Meta_590;376890;8382471.754458904;0.5;368703;1965165.3563651252;0.48874819162698735;0;0.0
Meta_600;376890;9430280.723766267;0.5;368703;1965165.3563651252;0.48874819162698735;0;0.0
Meta_16;458326;1047808.969307363;0.2777777777777778;347322;1047865.513092957;0.39664604904770967;3600;0.03597215668398029
Meta_1;458326;0.0;0.0;345377;968272.672691962;0.3953102725358202;3600;0.026792380282514017
Meta_2;458326;0.0;0.05555555555555555;345241;966254.2944020217;0.3950324992269014;3603;0.026150325398712444
