
Gurobi 11.0.3 (linux64, Java) logging started qua 17 dez 2025 14:21:35 -03

Set parameter WLSAccessID
Set parameter WLSSecret
Set parameter LicenseID to value 2566693
Academic license 2566693 - for non-commercial use only - registered to ja___@ufv.br
Set parameter NonConvex to value 2
Set parameter TimeLimit to value 3600
Set parameter LogToConsole to value 0
Set parameter MIPGap to value 4.7478399160473358e-08
Set parameter Threads to value 2
Set parameter NodefileDir to value "/home/ps12398/efpe/goalProgrammingMarcos/"
Set parameter NodefileStart to value 1
Gurobi Optimizer version 11.0.3 build v11.0.3rc0 (linux64)

CPU model: Intel(R) Xeon(R) CPU           X5650  @ 2.67GHz, instruction set [SSE2]
Thread count: 12 physical cores, 24 logical processors, using up to 2 threads

Academic license 2566693 - for non-commercial use only - registered to ja___@ufv.br
Optimize a model with 62245 rows, 41913 columns and 208202 nonzeros
Model fingerprint: 0xcfecc301
Model has 149 quadratic constraints
Variable types: 20886 continuous, 21027 integer (144 binary)
Coefficient statistics:
  Matrix range     [7e-03, 6e+06]
  QMatrix range    [7e-03, 1e+05]
  QLMatrix range   [1e+00, 1e+05]
  Objective range  [1e+00, 4e+07]
  Bounds range     [1e+00, 1e+08]
  RHS range        [1e+00, 1e+06]
  QRHS range       [3e-03, 3e-03]
Presolve removed 61899 rows and 41199 columns
Presolve time: 0.21s
Presolved: 915 rows, 891 columns, 20832 nonzeros
Presolved model has 2 SOS constraint(s)
Presolved model has 144 bilinear constraint(s)

Solving non-convex MIQCP

Variable types: 470 continuous, 421 integer (146 binary)
Found heuristic solution: objective 1.391690e+07

Root relaxation: objective 1.019587e+07, 145 iterations, 0.02 seconds (0.00 work units)

    Nodes    |    Current Node    |     Objective Bounds      |     Work
 Expl Unexpl |  Obj  Depth IntInf | Incumbent    BestBd   Gap | It/Node Time

     0     0 1.0196e+07    0  137 1.3917e+07 1.0196e+07  26.7%     -    0s
H    0     0                    1.245831e+07 1.0196e+07  18.2%     -    0s
     0     0 1.0473e+07    0  137 1.2458e+07 1.0473e+07  15.9%     -    0s
H    0     0                    1.183217e+07 1.0473e+07  11.5%     -    0s
     0     0 1.0632e+07    0  135 1.1832e+07 1.0632e+07  10.1%     -    0s
H    0     0                    1.176703e+07 1.0632e+07  9.65%     -    0s
     0     0 1.0635e+07    0  135 1.1767e+07 1.0635e+07  9.62%     -    0s
     0     0 1.0638e+07    0  136 1.1767e+07 1.0638e+07  9.60%     -    0s
     0     0 1.0638e+07    0  136 1.1767e+07 1.0638e+07  9.60%     -    0s
     0     0 1.0638e+07    0  136 1.1767e+07 1.0638e+07  9.60%     -    0s
H    0     0                    1.176697e+07 1.0638e+07  9.60%     -    0s
     0     0 1.0638e+07    0  136 1.1767e+07 1.0638e+07  9.60%     -    0s
     0     0 1.0638e+07    0  136 1.1767e+07 1.0638e+07  9.59%     -    0s
H    0     0                    1.154737e+07 1.0638e+07  7.87%     -    0s
     0     2 1.0638e+07    0  136 1.1547e+07 1.0638e+07  7.87%     -    0s
H  265   268                    1.154460e+07 1.0639e+07  7.85%   2.1    1s
H  356   372                    1.152139e+07 1.0639e+07  7.66%   2.2    1s
H  420   422                    1.151263e+07 1.0639e+07  7.59%   2.6    1s
H  945   963                    1.150311e+07 1.0639e+07  7.51%   2.4    2s
H 1071  1097                    1.150129e+07 1.0639e+07  7.50%   2.3    3s
H 1084  1097                    1.149971e+07 1.0639e+07  7.49%   2.3    3s
H 1198  1220                    1.149920e+07 1.0639e+07  7.48%   2.2    3s
H 1459  1499                    1.149784e+07 1.0639e+07  7.47%   2.1    4s
H 1483  1499                    1.149547e+07 1.0639e+07  7.45%   2.1    4s
H 1498  1588                    1.149542e+07 1.0639e+07  7.45%   2.1    4s
  1724  1794 1.0678e+07  816  122 1.1495e+07 1.0639e+07  7.45%   2.0    5s
H 1783  1794                    1.149481e+07 1.0639e+07  7.45%   2.0    5s
H 3693  3694                    1.141631e+07 1.0639e+07  6.81%   1.9    9s
  3697  3697 1.0683e+07 1054   50 1.1416e+07 1.0664e+07  6.59%   1.9   10s
H 3698  3513                    1.141631e+07 1.0666e+07  6.58%   1.9   10s
H 3720  3353                    1.141602e+07 1.0953e+07  4.06%   2.0   13s
H 3720  3185                    1.141424e+07 1.0953e+07  4.04%   2.0   13s
  3729  3192 1.0953e+07 1335   50 1.1414e+07 1.0953e+07  4.04%   2.1   15s
H 3999  3222                    1.140976e+07 1.0990e+07  3.68%   2.5   17s
H 4006  3068                    1.140029e+07 1.0990e+07  3.60%   2.5   17s
  5260  4066 1.1006e+07  415  113 1.1400e+07 1.0990e+07  3.60%   3.1   20s
  8170  6100 1.1049e+07 1141   99 1.1400e+07 1.0990e+07  3.60%   3.9   25s
 10922  7963 1.1058e+07 1831  100 1.1400e+07 1.0990e+07  3.60%   5.3   30s
 13694 10194 1.1070e+07 2483  128 1.1400e+07 1.0990e+07  3.60%   6.0   35s
H14834 11119                    1.139814e+07 1.0990e+07  3.58%   5.8   38s
H14926 11310                    1.139251e+07 1.0990e+07  3.53%   5.8   39s
 15333 11953 1.1003e+07  160  116 1.1393e+07 1.0990e+07  3.53%   5.7   40s
H15961 12564                    1.138872e+07 1.0990e+07  3.50%   5.7   41s
H16292 12860                    1.138363e+07 1.0990e+07  3.46%   5.7   42s
H17440 13935                    1.137871e+07 1.0990e+07  3.41%   5.8   43s
 18207 14749 1.1019e+07  914  125 1.1379e+07 1.0990e+07  3.41%   6.0   45s
H18477 15028                    1.137870e+07 1.0990e+07  3.41%   6.1   45s
H19464 15867                    1.137842e+07 1.0990e+07  3.41%   6.2   46s
H20705 17255                    1.137325e+07 1.0990e+07  3.37%   6.4   49s
 21250 17796 1.1027e+07 1657  101 1.1373e+07 1.0990e+07  3.37%   6.5   50s
H22043 18396                    1.137321e+07 1.0990e+07  3.37%   6.5   51s
H22407 18698                    1.137321e+07 1.0990e+07  3.37%   6.5   51s
H23511 19964                    1.137227e+07 1.0990e+07  3.36%   6.5   53s
 24324 20814 1.1037e+07 2440  112 1.1372e+07 1.0990e+07  3.36%   6.4   55s
H24542 21036                    1.137219e+07 1.0990e+07  3.36%   6.4   55s
H25845 22118                    1.134463e+07 1.0990e+07  3.12%   6.2   59s
 25846 22324 1.1000e+07   96  114 1.1345e+07 1.0990e+07  3.12%   6.2   60s
 28453 24949 1.1025e+07  780  124 1.1345e+07 1.0990e+07  3.12%   6.1   65s
 31086 27645 1.1033e+07 1484  120 1.1345e+07 1.0990e+07  3.12%   6.3   70s
 33978 30524 1.1042e+07 2261  101 1.1345e+07 1.0990e+07  3.12%   6.4   75s
 37111 33612 1.1010e+07  341  118 1.1345e+07 1.0990e+07  3.12%   6.1   80s
 39634 36148 1.1057e+07  960  117 1.1345e+07 1.0990e+07  3.12%   6.1   85s
 42798 39318 1.1070e+07 1809  123 1.1345e+07 1.0990e+07  3.12%   6.5   90s
 45689 42174 1.0995e+07   62  128 1.1345e+07 1.0990e+07  3.12%   6.7   95s
 49092 45792 1.1069e+07 1304   99 1.1345e+07 1.0990e+07  3.12%   6.4  100s
 52394 48884 1.0995e+07   60  125 1.1345e+07 1.0990e+07  3.12%   6.1  105s
 55257 51910 1.1098e+07 1158  116 1.1345e+07 1.0990e+07  3.12%   5.9  110s
 59235 55745 1.1007e+07  109  115 1.1345e+07 1.0990e+07  3.12%   5.7  115s
 62875 59542 1.1083e+07 1575  113 1.1345e+07 1.0990e+07  3.12%   5.5  120s
 65528 62082 1.1119e+07 2482  107 1.1345e+07 1.0990e+07  3.12%   5.3  125s
 69432 66120 1.1074e+07 1364   97 1.1345e+07 1.0990e+07  3.12%   5.2  130s
 73550 69957 1.1343e+07  365   91 1.1345e+07 1.0991e+07  3.12%   5.0  135s
 76864 73404 1.1025e+07  676  110 1.1345e+07 1.0991e+07  3.12%   4.9  140s
H78827 75275                    1.134463e+07 1.0991e+07  3.12%   4.8  142s
 80695 77158 1.1058e+07 1411  124 1.1345e+07 1.0991e+07  3.12%   4.8  145s
H81271 77674                    1.134463e+07 1.0991e+07  3.12%   4.8  146s
H83555 79799                    1.133833e+07 1.0991e+07  3.07%   4.8  148s
 84378 80713 1.1091e+07 2157   97 1.1338e+07 1.0991e+07  3.07%   4.8  150s
H87692 83955                    1.133716e+07 1.0991e+07  3.06%   4.8  154s
 87916 84226 1.0997e+07   53  128 1.1337e+07 1.0991e+07  3.06%   4.8  155s
 92547 88690 1.1161e+07 2493  104 1.1337e+07 1.0991e+07  3.06%   4.7  160s
 95376 91196 1.1320e+07  562   89 1.1337e+07 1.0991e+07  3.06%   4.6  165s
 98291 93859 1.1078e+07 1553  105 1.1337e+07 1.0991e+07  3.06%   4.6  171s
 100611 96445 1.1091e+07 2481  116 1.1337e+07 1.0991e+07  3.06%   4.6  175s
 103664 99399 1.1086e+07 1312  103 1.1337e+07 1.0991e+07  3.06%   4.5  180s
 107565 103347 1.1086e+07  235  110 1.1337e+07 1.0991e+07  3.05%   4.4  185s
 110095 105682 1.1050e+07  473   99 1.1337e+07 1.0991e+07  3.05%   4.4  190s
 112917 108547 1.1057e+07  953   96 1.1337e+07 1.0991e+07  3.05%   4.4  195s
 115641 111068 1.1063e+07 1507   99 1.1337e+07 1.0991e+07  3.05%   4.4  200s
 118004 113443 1.1068e+07 1873  110 1.1337e+07 1.0991e+07  3.05%   4.5  205s
H118701 113850                    1.133674e+07 1.0991e+07  3.05%   4.5  207s
 119866 115268 1.1067e+07 2109   99 1.1337e+07 1.0991e+07  3.05%   4.6  210s
*121688 116832             549    1.133672e+07 1.0991e+07  3.05%   4.6  213s
 122479 117874 1.1069e+07 2484   96 1.1337e+07 1.0991e+07  3.05%   4.6  215s
 125905 121307 1.1069e+07  617  112 1.1337e+07 1.0991e+07  3.05%   4.6  220s
 128864 124259 1.1107e+07 2338  100 1.1337e+07 1.0991e+07  3.05%   4.5  225s
 132720 127974 1.1037e+07  176  108 1.1337e+07 1.0991e+07  3.05%   4.4  230s
H134538 129366                    1.132401e+07 1.0991e+07  2.94%   4.4  232s
 136316 131410 1.1112e+07 2175   99 1.1324e+07 1.0991e+07  2.94%   4.4  235s
 140216 135075 1.1026e+07  308  121 1.1324e+07 1.0991e+07  2.94%   4.4  240s
 144188 139194 1.1117e+07 1181  106 1.1324e+07 1.0991e+07  2.94%   4.3  245s
 147733 142593 1.1146e+07 1902  101 1.1324e+07 1.0991e+07  2.94%   4.3  250s
 150365 145153 1.1154e+07 2303  102 1.1324e+07 1.0991e+07  2.94%   4.4  255s
 153303 148178 1.1029e+07  100  112 1.1324e+07 1.0991e+07  2.94%   4.4  260s
 157503 152375 1.1108e+07 2123   99 1.1324e+07 1.0991e+07  2.94%   4.3  265s
 161628 156340 1.1037e+07  529  102 1.1324e+07 1.0991e+07  2.94%   4.3  270s
 165290 159931 1.1121e+07 2364  101 1.1324e+07 1.0991e+07  2.94%   4.3  275s
*166290 160608             633    1.132393e+07 1.0991e+07  2.94%   4.3  276s
*166296 160607             633    1.132388e+07 1.0991e+07  2.94%   4.3  276s
*166307 160602             634    1.132380e+07 1.0991e+07  2.94%   4.3  276s
*166308 160595             632    1.132372e+07 1.0991e+07  2.94%   4.3  276s
H167698 161804                    1.131832e+07 1.0991e+07  2.89%   4.2  278s
 168423 162704 1.1079e+07  827  107 1.1318e+07 1.0991e+07  2.89%   4.2  280s
 171962 166208 1.1118e+07 2484  111 1.1318e+07 1.0991e+07  2.89%   4.2  285s
 175119 169371 1.1090e+07 1336  102 1.1318e+07 1.0991e+07  2.89%   4.1  290s
 178748 172956 1.1025e+07  571  113 1.1318e+07 1.0991e+07  2.89%   4.1  295s
 181561 175881 1.1105e+07 1893  100 1.1318e+07 1.0991e+07  2.89%   4.1  300s
 184632 178726 1.1036e+07  108  111 1.1318e+07 1.0991e+07  2.89%   4.2  305s
 188413 182544 1.1094e+07  922  102 1.1318e+07 1.0991e+07  2.89%   4.1  310s
 191988 185994 1.1004e+07   62  125 1.1318e+07 1.0991e+07  2.89%   4.1  315s
*192838 186452             516    1.131832e+07 1.0991e+07  2.89%   4.1  316s
*192839 186451             516    1.131828e+07 1.0991e+07  2.89%   4.1  316s
*192842 186451             515    1.131827e+07 1.0991e+07  2.89%   4.1  316s
*192843 186449             514    1.131821e+07 1.0991e+07  2.89%   4.1  316s
*192844 186447             514    1.131819e+07 1.0991e+07  2.89%   4.1  316s
 196098 190004 1.1102e+07 1721  108 1.1318e+07 1.0991e+07  2.89%   4.1  320s
 200744 194556 1.1059e+07  653  119 1.1318e+07 1.0991e+07  2.89%   4.0  325s
 205073 198887 1.1181e+07 2484   97 1.1318e+07 1.0991e+07  2.89%   4.0  330s
*206691 200423             567    1.131810e+07 1.0991e+07  2.89%   4.0  332s
 208376 202193 1.1065e+07  743  107 1.1318e+07 1.0991e+07  2.89%   4.0  335s
 211919 205649 1.1116e+07 2484   98 1.1318e+07 1.0991e+07  2.89%   3.9  340s
 215035 208811 1.1052e+07  507  109 1.1318e+07 1.0991e+07  2.89%   3.9  345s
 217669 211400 1.1062e+07 1014  103 1.1318e+07 1.0991e+07  2.89%   3.9  350s
 221305 215029 1.1072e+07 1615   99 1.1318e+07 1.0991e+07  2.89%   4.0  355s
 224115 217834 1.1076e+07 2071  100 1.1318e+07 1.0991e+07  2.89%   4.0  360s
H225812 219296                    1.131569e+07 1.0991e+07  2.87%   4.0  362s
H225900 219289                    1.131513e+07 1.0991e+07  2.86%   4.1  362s
 227401 220781 1.1114e+07 2484  114 1.1315e+07 1.0991e+07  2.86%   4.1  365s
 230633 223895 1.1282e+07  746   86 1.1315e+07 1.0991e+07  2.86%   4.1  370s
 234256 226994     cutoff  188      1.1315e+07 1.0991e+07  2.86%   4.0  375s
*235802 227796             718    1.130508e+07 1.0991e+07  2.77%   4.0  377s
 238081 230215 1.1043e+07 1300  112 1.1305e+07 1.0991e+07  2.77%   4.0  380s
 242361 234179     cutoff  420      1.1305e+07 1.0991e+07  2.77%   4.0  385s
 246027 237692 1.1049e+07 1184  111 1.1305e+07 1.0991e+07  2.77%   4.0  390s
H248827 239694                    1.130022e+07 1.0991e+07  2.73%   3.9  394s
 248870 239922 1.1128e+07 2478  100 1.1300e+07 1.0991e+07  2.73%   3.9  395s
 252453 243596 1.1065e+07 1012  107 1.1300e+07 1.0991e+07  2.73%   4.0  400s
 255939 246950 1.1088e+07 2484  109 1.1300e+07 1.0991e+07  2.73%   3.9  405s
 259824 250840 1.1090e+07 2048  103 1.1300e+07 1.0991e+07  2.73%   4.0  410s
 264082 255080 1.1091e+07 1668  100 1.1300e+07 1.0991e+07  2.73%   4.0  415s
 268804 259746 1.1095e+07 1007  104 1.1300e+07 1.0991e+07  2.73%   4.0  420s
 273050 264004 1.1113e+07  177  106 1.1300e+07 1.0991e+07  2.73%   3.9  425s
 275961 266291 1.1297e+07  727   93 1.1300e+07 1.0991e+07  2.73%   4.0  430s
 279580 269757 1.1014e+07  145  111 1.1300e+07 1.0991e+07  2.73%   4.0  435s
 283121 273405 1.1114e+07 1844  107 1.1300e+07 1.0991e+07  2.73%   4.0  440s
H284305 274473                    1.130000e+07 1.0991e+07  2.73%   4.0  441s
H284909 275064                    1.129973e+07 1.0991e+07  2.73%   4.0  442s
H286076 276234                    1.129967e+07 1.0992e+07  2.73%   4.0  444s
 286736 276853 1.1165e+07  341  104 1.1300e+07 1.0992e+07  2.73%   4.0  445s
 289767 279735     cutoff  396      1.1300e+07 1.0992e+07  2.73%   3.9  450s
 293334 283075 1.1036e+07  597  120 1.1300e+07 1.0992e+07  2.73%   3.9  455s
 297570 287281 1.1115e+07 2398   98 1.1300e+07 1.0992e+07  2.73%   3.9  460s
 301382 291256 1.1102e+07  821  104 1.1300e+07 1.0992e+07  2.73%   3.9  465s
 305726 295371 1.1300e+07  310  102 1.1300e+07 1.0992e+07  2.73%   3.9  470s
 309707 299411 1.1127e+07 2047   97 1.1300e+07 1.0992e+07  2.73%   3.8  475s
 312963 302571 1.1025e+07  533  105 1.1300e+07 1.0992e+07  2.73%   3.8  480s
 316170 305804 1.1101e+07 1821  103 1.1300e+07 1.0992e+07  2.73%   3.9  485s
 318941 308501 1.1275e+07  374   91 1.1300e+07 1.0992e+07  2.73%   3.9  490s
H319133 308500                    1.129965e+07 1.0992e+07  2.73%   3.9  490s
H320335 309643                    1.129954e+07 1.0992e+07  2.73%   3.9  494s
 320556 309951 1.1041e+07  107  112 1.1300e+07 1.0992e+07  2.73%   3.9  495s
 323749 312924 1.1045e+07  175  107 1.1300e+07 1.0992e+07  2.73%   3.9  500s
 327510 316676 1.1114e+07 1979  106 1.1300e+07 1.0992e+07  2.73%   3.8  505s
 330579 319634     cutoff  379      1.1300e+07 1.0992e+07  2.72%   3.8  510s
 333978 323095 1.1096e+07 1613  104 1.1300e+07 1.0992e+07  2.72%   3.8  515s
 337762 326893 1.1080e+07  653  105 1.1300e+07 1.0992e+07  2.72%   3.8  520s
 341328 330358 1.1132e+07 2483  110 1.1300e+07 1.0992e+07  2.72%   3.8  525s
 344256 333218 1.1094e+07 1103  103 1.1300e+07 1.0992e+07  2.72%   3.8  530s
 347621 336484 1.1023e+07  100  116 1.1300e+07 1.0992e+07  2.72%   3.8  535s
 350759 339714 1.1136e+07 2150  102 1.1300e+07 1.0992e+07  2.72%   3.8  540s
 354280 343169 1.1092e+07  817  107 1.1300e+07 1.0992e+07  2.72%   3.8  545s
 357990 346779 1.1015e+07  137  114 1.1300e+07 1.0992e+07  2.72%   3.8  550s
 362004 350722 1.1127e+07 2086  100 1.1300e+07 1.0992e+07  2.72%   3.8  555s
 365660 354159 1.1084e+07  581  107 1.1300e+07 1.0992e+07  2.72%   3.8  560s
 368801 357315 1.1131e+07 2480  104 1.1300e+07 1.0992e+07  2.72%   3.8  565s
 372235 360787 1.1086e+07  712  102 1.1300e+07 1.0992e+07  2.72%   3.8  570s
 375602 364168 1.1131e+07 2484  106 1.1300e+07 1.0992e+07  2.72%   3.8  575s
 379041 367516 1.1086e+07 1322  103 1.1300e+07 1.0992e+07  2.72%   3.7  580s
 382069 370501 1.1121e+07  306  103 1.1300e+07 1.0992e+07  2.72%   3.7  585s
 385188 373585 1.1092e+07 1485  102 1.1300e+07 1.0992e+07  2.72%   3.7  590s
 389238 377579 1.1055e+07  400  108 1.1300e+07 1.0992e+07  2.72%   3.8  595s
 393613 381813 1.1108e+07 2479  116 1.1300e+07 1.0992e+07  2.72%   3.8  600s
 395928 384004 1.1040e+07  363  108 1.1300e+07 1.0992e+07  2.72%   3.8  605s
 400094 388049 1.1147e+07 2479  106 1.1300e+07 1.0992e+07  2.72%   3.8  610s
 403298 391115 1.1093e+07  792  104 1.1300e+07 1.0992e+07  2.72%   3.7  615s
 406587 394334 1.1142e+07 2492  103 1.1300e+07 1.0992e+07  2.72%   3.7  620s
 410258 397854 1.1025e+07  468  111 1.1300e+07 1.0992e+07  2.72%   3.7  625s
 413555 400797 1.1113e+07 1807  103 1.1300e+07 1.0992e+07  2.72%   3.7  630s
 416866 404201 1.1197e+07  379   98 1.1300e+07 1.0992e+07  2.72%   3.7  635s
 420459 407616 1.1105e+07 1418  102 1.1300e+07 1.0992e+07  2.72%   3.7  640s
 425004 412123 1.1080e+07  704  106 1.1300e+07 1.0992e+07  2.72%   3.7  645s
 428348 415433 1.1133e+07 2503  106 1.1300e+07 1.0992e+07  2.72%   3.7  650s
 431395 418483 1.1085e+07  671  110 1.1300e+07 1.0992e+07  2.72%   3.7  655s
 434889 421584 1.1181e+07 2517  105 1.1300e+07 1.0992e+07  2.72%   3.7  660s
 438284 425014 1.1149e+07 1600  100 1.1300e+07 1.0992e+07  2.72%   3.7  665s
 441849 428546 1.1041e+07  294  111 1.1300e+07 1.0992e+07  2.72%   3.7  670s
 445973 432583 1.1165e+07 2517  107 1.1300e+07 1.0992e+07  2.72%   3.7  675s
 449105 435839 1.1076e+07 1280  111 1.1300e+07 1.0992e+07  2.72%   3.7  680s
 452289 438981 1.1138e+07 2513  103 1.1300e+07 1.0992e+07  2.72%   3.7  685s
 455603 442176 1.1285e+07  615   86 1.1300e+07 1.0992e+07  2.72%   3.7  690s
 458550 444954 1.1194e+07  327   97 1.1300e+07 1.0992e+07  2.72%   3.7  695s
 461473 447830 1.1095e+07 1412  105 1.1300e+07 1.0992e+07  2.72%   3.7  700s
 463668 449938 1.1133e+07 2482  105 1.1300e+07 1.0992e+07  2.72%   3.7  705s
 466298 452523 1.0993e+07   55  130 1.1300e+07 1.0992e+07  2.72%   3.7  710s
*468460 454394             600    1.129953e+07 1.0992e+07  2.72%   3.7  713s
*468473 454394             603    1.129952e+07 1.0992e+07  2.72%   3.7  713s
*468488 454394             605    1.129942e+07 1.0992e+07  2.72%   3.7  713s
H468787 454905                    1.129919e+07 1.0992e+07  2.72%   3.7  715s
 472217 458518 1.1057e+07  129  104 1.1299e+07 1.0992e+07  2.72%   3.7  720s
 475533 461651 1.1117e+07 1367  105 1.1299e+07 1.0992e+07  2.72%   3.7  725s
 479285 465251     cutoff  351      1.1299e+07 1.0992e+07  2.72%   3.7  730s
*480278 466141             457    1.129918e+07 1.0992e+07  2.72%   3.7  732s
*480279 466140             457    1.129918e+07 1.0992e+07  2.72%   3.7  732s
*480280 466140             456    1.129917e+07 1.0992e+07  2.72%   3.7  732s
*480309 466139             462    1.129917e+07 1.0992e+07  2.72%   3.7  732s
*480310 466138             461    1.129916e+07 1.0992e+07  2.72%   3.7  732s
*480463 466359             461    1.129915e+07 1.0992e+07  2.72%   3.7  733s
 481467 467364 1.1029e+07  520  105 1.1299e+07 1.0992e+07  2.72%   3.6  735s
 485470 471456 1.1117e+07 2006  101 1.1299e+07 1.0992e+07  2.72%   3.6  740s
 488781 474520 1.1289e+07  299   97 1.1299e+07 1.0992e+07  2.72%   3.6  745s
 491289 476453 1.1002e+07   58  127 1.1299e+07 1.0992e+07  2.72%   3.6  750s
 495164 480338 1.1066e+07  813  114 1.1299e+07 1.0992e+07  2.72%   3.6  755s
 498535 483527 1.1184e+07 2510  103 1.1299e+07 1.0992e+07  2.72%   3.6  760s
 501505 486547 1.1102e+07  646  105 1.1299e+07 1.0992e+07  2.72%   3.6  765s
 504950 489913 1.1149e+07 2490   96 1.1299e+07 1.0992e+07  2.72%   3.6  770s
 508045 492807 1.1077e+07  345  114 1.1299e+07 1.0992e+07  2.72%   3.6  775s
 511967 496574 1.1131e+07 2490  108 1.1299e+07 1.0992e+07  2.72%   3.6  780s
 515089 499855 1.1101e+07  964  108 1.1299e+07 1.0992e+07  2.72%   3.6  785s
 518758 503369 1.1010e+07   75  123 1.1299e+07 1.0992e+07  2.72%   3.6  790s
 521756 506309 1.1146e+07 1788   98 1.1299e+07 1.0992e+07  2.72%   3.6  795s
H524788 508843                    1.129766e+07 1.0992e+07  2.71%   3.6  799s
 524980 508845 1.1284e+07  513   93 1.1298e+07 1.0992e+07  2.71%   3.6  800s
 527628 511603 1.1104e+07 1063  106 1.1298e+07 1.0992e+07  2.71%   3.6  805s
 530434 514411 1.1158e+07 2499  105 1.1298e+07 1.0992e+07  2.71%   3.6  810s
 533814 517943 1.1089e+07  863  109 1.1298e+07 1.0992e+07  2.71%   3.6  815s
 537727 521733 1.1194e+07 2499  106 1.1298e+07 1.0992e+07  2.71%   3.6  820s
 540955 524740 1.1077e+07  790  100 1.1298e+07 1.0992e+07  2.71%   3.6  825s
 545113 528732 1.1120e+07 2484  110 1.1298e+07 1.0992e+07  2.71%   3.6  830s
 548763 532505 1.1101e+07  995   99 1.1298e+07 1.0992e+07  2.71%   3.6  835s
 552928 536485 1.1010e+07   80  118 1.1298e+07 1.0992e+07  2.70%   3.6  840s
 556742 540355 1.1068e+07 1271  101 1.1298e+07 1.0992e+07  2.70%   3.6  845s
 559585 543150 1.1147e+07 2495  102 1.1298e+07 1.0992e+07  2.70%   3.6  850s
 563739 547296 1.1075e+07 1299  101 1.1298e+07 1.0992e+07  2.70%   3.6  855s
 566414 549583 1.1025e+07  104  112 1.1298e+07 1.0992e+07  2.70%   3.6  860s
 570774 553713 1.1017e+07  454  113 1.1298e+07 1.0992e+07  2.70%   3.6  865s
 574345 557313 1.1104e+07 1241  100 1.1298e+07 1.0992e+07  2.70%   3.6  870s
 577304 560167 1.1114e+07 1723   99 1.1298e+07 1.0992e+07  2.70%   3.7  875s
 580807 563777 1.1121e+07 2293   97 1.1298e+07 1.0992e+07  2.70%   3.7  880s
 583679 566441 1.1098e+07  214  104 1.1298e+07 1.0992e+07  2.70%   3.7  885s
 586575 568823 1.1079e+07  990  100 1.1298e+07 1.0992e+07  2.70%   3.7  890s
 589723 571893 1.1144e+07 2490  104 1.1298e+07 1.0992e+07  2.70%   3.7  895s
 592941 574699     cutoff 1369      1.1298e+07 1.0992e+07  2.70%   3.7  900s
 595972 577838 1.1126e+07 1710  100 1.1298e+07 1.0992e+07  2.70%   3.7  905s
 599355 581228 1.1052e+07  356  110 1.1298e+07 1.0992e+07  2.70%   3.7  910s
 603103 584700 1.1125e+07 2491   97 1.1298e+07 1.0992e+07  2.70%   3.7  916s
H603309 584816                    1.129738e+07 1.0992e+07  2.70%   3.7  917s
H603754 585379                    1.129712e+07 1.0992e+07  2.70%   3.7  918s
 604427 586105 1.1035e+07  241  116 1.1297e+07 1.0992e+07  2.70%   3.7  920s
 607927 589749 1.1125e+07 2175   97 1.1297e+07 1.0992e+07  2.70%   3.7  925s
H609105 590658                    1.129711e+07 1.0992e+07  2.70%   3.7  927s
 610624 592239 1.1031e+07  276  114 1.1297e+07 1.0992e+07  2.70%   3.7  930s
 613078 594726 1.1101e+07 1858  104 1.1297e+07 1.0992e+07  2.70%   3.7  935s
 616209 597892 1.1074e+07  619  101 1.1297e+07 1.0992e+07  2.70%   3.7  940s
 619732 601408 1.1125e+07 2310   99 1.1297e+07 1.0992e+07  2.70%   3.7  945s
 623473 605134 1.1073e+07  886  104 1.1297e+07 1.0992e+07  2.70%   3.7  950s
 627576 609048 1.1144e+07 2500  103 1.1297e+07 1.0992e+07  2.70%   3.7  955s
 630747 612407 1.1082e+07 1342  105 1.1297e+07 1.0992e+07  2.70%   3.7  960s
 634465 615891 1.1041e+07  124  113 1.1297e+07 1.0992e+07  2.70%   3.7  965s
 637365 618756 1.1023e+07  602  104 1.1297e+07 1.0992e+07  2.70%   3.7  970s
 640932 622273 1.1110e+07 1936  104 1.1297e+07 1.0992e+07  2.70%   3.7  975s
 643495 624801 1.1190e+07  212   99 1.1297e+07 1.0992e+07  2.70%   3.7  980s
 646923 628136 1.1086e+07 1476  101 1.1297e+07 1.0992e+07  2.70%   3.7  985s
 649835 630896 1.1013e+07   76  121 1.1297e+07 1.0992e+07  2.70%   3.7  990s
 652809 633981 1.1094e+07 1377   98 1.1297e+07 1.0992e+07  2.70%   3.7  995s
 655980 637082 1.1001e+07   61  128 1.1297e+07 1.0992e+07  2.70%   3.7 1000s
 659509 640304 1.1000e+07   72  127 1.1297e+07 1.0992e+07  2.70%   3.7 1005s
 662947 643889 1.1101e+07 1771  100 1.1297e+07 1.0992e+07  2.70%   3.7 1010s
 666205 647084 1.1076e+07  540  106 1.1297e+07 1.0992e+07  2.70%   3.7 1015s
 669859 650704 1.1114e+07 2343  104 1.1297e+07 1.0992e+07  2.70%   3.7 1020s
 673368 654227 1.1068e+07  406  112 1.1297e+07 1.0992e+07  2.70%   3.7 1025s
 677435 658195 1.1138e+07 2490  101 1.1297e+07 1.0992e+07  2.70%   3.7 1030s
 679636 660433 1.1084e+07  918  105 1.1297e+07 1.0992e+07  2.70%   3.7 1035s
 682968 663664 1.1139e+07 2499  106 1.1297e+07 1.0992e+07  2.70%   3.7 1040s
 685579 666392 1.1061e+07 1227  111 1.1297e+07 1.0992e+07  2.70%   3.7 1045s
H686716 667233                    1.129517e+07 1.0992e+07  2.68%   3.7 1046s
 688465 669146 1.1080e+07  158  106 1.1295e+07 1.0992e+07  2.68%   3.7 1050s
 690673 670776 1.1125e+07  304  107 1.1295e+07 1.0992e+07  2.68%   3.8 1055s
 694569 674692 1.1117e+07 1210  100 1.1295e+07 1.0992e+07  2.68%   3.8 1060s
 698377 678376 1.1066e+07  333  108 1.1295e+07 1.0992e+07  2.68%   3.8 1065s
 702550 682414 1.1136e+07 2449   99 1.1295e+07 1.0992e+07  2.68%   3.7 1070s
 705546 685554 1.1088e+07  960  109 1.1295e+07 1.0992e+07  2.68%   3.7 1075s
 709476 689352 1.1010e+07   85  118 1.1295e+07 1.0992e+07  2.68%   3.7 1080s
 713019 693005 1.1104e+07 1608  100 1.1295e+07 1.0992e+07  2.68%   3.7 1085s
 717099 696843 1.1186e+07  282  100 1.1295e+07 1.0992e+07  2.68%   3.7 1090s
 719793 699356 1.1065e+07  471  113 1.1295e+07 1.0992e+07  2.68%   3.7 1095s
 723034 702686 1.1113e+07 2340  104 1.1295e+07 1.0992e+07  2.68%   3.7 1100s
 725341 704799 1.1000e+07   53  127 1.1295e+07 1.0992e+07  2.68%   3.8 1105s
 727979 707600 1.1116e+07 1849  100 1.1295e+07 1.0992e+07  2.68%   3.8 1110s
 730982 710519 1.1024e+07  509  113 1.1295e+07 1.0992e+07  2.68%   3.8 1115s
 734806 714481 1.1102e+07 2027  109 1.1295e+07 1.0992e+07  2.68%   3.8 1120s
 738633 718114 1.1088e+07  951  104 1.1295e+07 1.0992e+07  2.68%   3.8 1125s
 741805 721037 1.1143e+07 2521  108 1.1295e+07 1.0992e+07  2.68%   3.8 1130s
 744424 723734 1.1037e+07  490  111 1.1295e+07 1.0992e+07  2.68%   3.8 1135s
 747873 727250 1.1138e+07 1973   94 1.1295e+07 1.0992e+07  2.68%   3.8 1140s
 751218 730482 1.1078e+07  460  103 1.1295e+07 1.0992e+07  2.68%   3.8 1145s
 755073 734187 1.1149e+07 2493  104 1.1295e+07 1.0992e+07  2.68%   3.7 1150s
 758161 737312 1.1070e+07  430  104 1.1295e+07 1.0992e+07  2.68%   3.7 1155s
 761774 740766 1.1152e+07 2503  110 1.1295e+07 1.0992e+07  2.68%   3.7 1160s
 765443 744570 1.1104e+07 1298  106 1.1295e+07 1.0992e+07  2.68%   3.7 1165s
 769063 748091 1.1022e+07  128  113 1.1295e+07 1.0992e+07  2.68%   3.7 1170s
 772121 751134 1.1108e+07 1789  101 1.1295e+07 1.0992e+07  2.68%   3.7 1175s
 775398 754293 1.1130e+07  352  103 1.1295e+07 1.0992e+07  2.68%   3.7 1180s
 779050 757863 1.1113e+07 1874   98 1.1295e+07 1.0992e+07  2.68%   3.7 1185s
 781799 760492 1.1005e+07   71  127 1.1295e+07 1.0992e+07  2.68%   3.7 1190s
 785018 763760 1.1098e+07  820  105 1.1295e+07 1.0992e+07  2.68%   3.7 1195s
 789120 767719 1.1144e+07  277  104 1.1295e+07 1.0992e+07  2.68%   3.7 1200s
 793181 771789 1.1134e+07 1905  104 1.1295e+07 1.0992e+07  2.68%   3.7 1205s
 796519 775124 1.1029e+07  465  116 1.1295e+07 1.0992e+07  2.68%   3.7 1210s
 800668 779238 1.1107e+07 2110  102 1.1295e+07 1.0992e+07  2.68%   3.7 1215s
 804584 783083 1.1035e+07  225  111 1.1295e+07 1.0992e+07  2.68%   3.7 1220s
 808293 786573 1.1141e+07 2481  100 1.1295e+07 1.0992e+07  2.68%   3.7 1225s
 809696 788026 1.1011e+07  114  116 1.1295e+07 1.0992e+07  2.68%   3.7 1230s
 812931 791243 1.1050e+07  677  118 1.1295e+07 1.0992e+07  2.68%   3.7 1235s
 816673 795094 1.1081e+07 1485   97 1.1295e+07 1.0992e+07  2.68%   3.7 1240s
 819625 797904 1.1090e+07 2305  100 1.1295e+07 1.0992e+07  2.68%   3.7 1245s
 823488 801730 1.1059e+07  203  112 1.1295e+07 1.0992e+07  2.68%   3.7 1250s
 827667 805852 1.1123e+07 1869   99 1.1295e+07 1.0992e+07  2.68%   3.7 1255s
 831962 809848 1.1023e+07  148  111 1.1295e+07 1.0992e+07  2.68%   3.7 1260s
 836212 814236 1.1115e+07 2239  103 1.1295e+07 1.0992e+07  2.68%   3.7 1265s
 839875 817821 1.1086e+07  576  104 1.1295e+07 1.0992e+07  2.68%   3.7 1270s
 844268 822010 1.1162e+07 2524  105 1.1295e+07 1.0992e+07  2.68%   3.7 1275s
 847061 824758 1.1045e+07  639  123 1.1295e+07 1.0992e+07  2.68%   3.7 1280s
 850029 827672 1.1060e+07 1228  106 1.1295e+07 1.0992e+07  2.68%   3.7 1285s
 853065 830746 1.1092e+07 1966  112 1.1295e+07 1.0992e+07  2.68%   3.7 1290s
 856495 833976 1.1109e+07 2494  111 1.1295e+07 1.0992e+07  2.68%   3.7 1295s
 859188 836776 1.1056e+07  332  116 1.1295e+07 1.0992e+07  2.68%   3.7 1300s
 863379 840829 1.1143e+07 2493  104 1.1295e+07 1.0992e+07  2.68%   3.7 1305s
 865913 843025 1.1262e+07  572   88 1.1295e+07 1.0992e+07  2.68%   3.7 1310s
 868859 845649 1.1108e+07 1356   98 1.1295e+07 1.0992e+07  2.68%   3.7 1315s
 871798 848502 1.1147e+07 2497  105 1.1295e+07 1.0992e+07  2.68%   3.7 1320s
 874846 851565 1.1120e+07 1285   96 1.1295e+07 1.0992e+07  2.68%   3.7 1325s
 877776 854438 1.1061e+07  142  118 1.1295e+07 1.0992e+07  2.68%   3.7 1330s
 880884 856971 1.1086e+07  728  113 1.1295e+07 1.0992e+07  2.68%   3.8 1335s
 883708 859773 1.1172e+07 2521  102 1.1295e+07 1.0992e+07  2.68%   3.8 1340s
 886330 862320 1.1112e+07 1000  102 1.1295e+07 1.0992e+07  2.68%   3.8 1346s
 888698 864777 1.1144e+07 2495  106 1.1295e+07 1.0992e+07  2.68%   3.8 1350s
 891275 867314 1.1051e+07  667  118 1.1295e+07 1.0992e+07  2.68%   3.8 1355s
H894563 870440                    1.129470e+07 1.0992e+07  2.68%   3.8 1359s
 894736 870905 1.1140e+07 2183   98 1.1295e+07 1.0992e+07  2.68%   3.8 1360s
 897727 873734 1.1043e+07  232  110 1.1295e+07 1.0992e+07  2.68%   3.8 1365s
 902050 877971 1.1135e+07 2391  100 1.1295e+07 1.0992e+07  2.68%   3.8 1370s
 905369 881008 1.1025e+07   70  118 1.1295e+07 1.0992e+07  2.68%   3.8 1375s
 908071 883648 1.1041e+07  658  114 1.1295e+07 1.0992e+07  2.68%   3.8 1380s
 911637 887351 1.1128e+07 2213   99 1.1295e+07 1.0992e+07  2.68%   3.8 1385s
 915239 890594 1.1046e+07  430  121 1.1295e+07 1.0992e+07  2.68%   3.8 1390s
 918780 894217 1.1142e+07 2491   97 1.1295e+07 1.0992e+07  2.68%   3.8 1395s
 921858 897251 1.1067e+07  559  103 1.1295e+07 1.0992e+07  2.68%   3.8 1400s
 924932 900269 1.1121e+07 2247   98 1.1295e+07 1.0992e+07  2.68%   3.8 1405s
 928235 903246 1.1020e+07  738  108 1.1295e+07 1.0992e+07  2.68%   3.8 1410s
 931798 906832 1.1064e+07 2172  110 1.1295e+07 1.0992e+07  2.68%   3.7 1415s
 934901 909871 1.1082e+07  558  112 1.1295e+07 1.0993e+07  2.68%   3.7 1420s
 938703 913596 1.1150e+07 2500  102 1.1295e+07 1.0993e+07  2.68%   3.7 1425s
 941821 916677 1.1107e+07 1287  105 1.1295e+07 1.0993e+07  2.68%   3.7 1430s
 944863 919774 1.1027e+07  188  112 1.1295e+07 1.0993e+07  2.68%   3.7 1435s
 948528 923310 1.1128e+07 2215   99 1.1295e+07 1.0993e+07  2.68%   3.7 1441s
 950527 925455 1.1042e+07  174  119 1.1295e+07 1.0993e+07  2.68%   3.7 1445s
 954202 929136 1.1070e+07  961  120 1.1295e+07 1.0993e+07  2.68%   3.7 1450s
 957984 932814 1.1156e+07 2492  105 1.1295e+07 1.0993e+07  2.68%   3.7 1455s
 961295 935844 1.1029e+07  199  109 1.1295e+07 1.0993e+07  2.68%   3.7 1460s
 964474 939044 1.1100e+07 1746  107 1.1295e+07 1.0993e+07  2.68%   3.7 1465s
 968164 942657 1.1072e+07  712  109 1.1295e+07 1.0993e+07  2.68%   3.7 1470s
 972311 946671 1.1132e+07 2494  108 1.1295e+07 1.0993e+07  2.68%   3.7 1475s
 975671 949865 1.1067e+07  432  108 1.1295e+07 1.0993e+07  2.68%   3.7 1480s
 979636 953811 1.1124e+07 2494  107 1.1295e+07 1.0993e+07  2.68%   3.7 1485s
 982399 956388 1.1017e+07   76  119 1.1295e+07 1.0993e+07  2.68%   3.7 1490s
 985647 959656 1.1094e+07 1570  103 1.1295e+07 1.0993e+07  2.68%   3.7 1495s
 988567 962440 1.1086e+07  714  104 1.1295e+07 1.0993e+07  2.68%   3.7 1500s
 991682 965594 1.1150e+07 2483   98 1.1295e+07 1.0993e+07  2.68%   3.7 1505s
 994824 968795 1.1088e+07  871  104 1.1295e+07 1.0993e+07  2.68%   3.7 1510s
 998428 972326 1.1139e+07 2497  103 1.1295e+07 1.0993e+07  2.68%   3.7 1515s
 1001709 975559 1.1085e+07  825  103 1.1295e+07 1.0993e+07  2.67%   3.7 1520s
 1005096 978550 1.1147e+07 2509  111 1.1295e+07 1.0993e+07  2.67%   3.7 1525s
 1008096 981723 1.1054e+07  529  106 1.1295e+07 1.0993e+07  2.67%   3.7 1530s
 1011584 985213 1.1145e+07 2263   98 1.1295e+07 1.0993e+07  2.67%   3.7 1535s
 1014507 988138 1.1080e+07  858  107 1.1295e+07 1.0993e+07  2.67%   3.7 1540s
 1017205 990744 1.1121e+07 2404  101 1.1295e+07 1.0993e+07  2.67%   3.7 1545s
 1020263 993345     cutoff  584      1.1295e+07 1.0993e+07  2.67%   3.7 1550s
 1022552 994882 1.1288e+07  794   94 1.1295e+07 1.0993e+07  2.67%   3.7 1555s
 1025450 996983 1.1280e+07 1150   90 1.1295e+07 1.0993e+07  2.67%   3.7 1560s
 1028184 999341 1.1088e+07  773  101 1.1295e+07 1.0993e+07  2.67%   3.7 1565s
 1032038 1003042 1.1120e+07 2502  101 1.1295e+07 1.0993e+07  2.67%   3.7 1570s
 1035179 1005899     cutoff  710      1.1295e+07 1.0993e+07  2.67%   3.7 1575s
 1037577 1007536 1.1263e+07  957   97 1.1295e+07 1.0993e+07  2.67%   3.7 1580s
 1040584 1009549 1.1267e+07 1174   97 1.1295e+07 1.0993e+07  2.67%   3.8 1585s
 1043225 1011590 1.1067e+07  170  115 1.1295e+07 1.0993e+07  2.67%   3.8 1590s
 1045915 1014172 1.1111e+07 1111  101 1.1295e+07 1.0993e+07  2.67%   3.8 1595s
 1049493 1017720 1.1003e+07   72  120 1.1295e+07 1.0993e+07  2.67%   3.8 1600s
 1051982 1019241     cutoff  655      1.1295e+07 1.0993e+07  2.67%   3.8 1605s
 1054590 1021588 1.1019e+07  162  110 1.1295e+07 1.0993e+07  2.67%   3.8 1610s
 1058264 1025347 1.1114e+07 1937  100 1.1295e+07 1.0993e+07  2.67%   3.8 1615s
 1061101 1028025 1.1143e+07  341  104 1.1295e+07 1.0993e+07  2.67%   3.8 1620s
 1063755 1030661 1.1117e+07 1305  101 1.1295e+07 1.0993e+07  2.67%   3.8 1625s

Gurobi 11.0.3 (linux64, Java) logging started qua 17 dez 2025 14:54:13 -03

Set parameter WLSAccessID
Set parameter WLSSecret
Set parameter LicenseID to value 2566693

Gurobi 11.0.3 (linux64, Java) logging started qui 18 dez 2025 11:09:15 -03

Set parameter WLSAccessID
Set parameter WLSSecret
Set parameter LicenseID to value 2566693
Academic license 2566693 - for non-commercial use only - registered to ja___@ufv.br
Set parameter NonConvex to value 2
Set parameter TimeLimit to value 3600
Set parameter LogToConsole to value 0
Set parameter MIPGap to value 4.7478399160473358e-08
Set parameter Threads to value 2
Set parameter NodefileDir to value "/home/ps12398/efpe/goalProgrammingMarcos/"
Set parameter NodefileStart to value 1
Gurobi Optimizer version 11.0.3 build v11.0.3rc0 (linux64)

CPU model: Intel(R) Xeon(R) CPU           X5650  @ 2.67GHz, instruction set [SSE2]
Thread count: 12 physical cores, 24 logical processors, using up to 2 threads

Academic license 2566693 - for non-commercial use only - registered to ja___@ufv.br
Optimize a model with 62245 rows, 41913 columns and 208202 nonzeros
Model fingerprint: 0xcfecc301
Model has 149 quadratic constraints
Variable types: 20886 continuous, 21027 integer (144 binary)
Coefficient statistics:
  Matrix range     [7e-03, 6e+06]
  QMatrix range    [7e-03, 1e+05]
  QLMatrix range   [1e+00, 1e+05]
  Objective range  [1e+00, 4e+07]
  Bounds range     [1e+00, 1e+08]
  RHS range        [1e+00, 1e+06]
  QRHS range       [3e-03, 3e-03]
Presolve removed 61899 rows and 41199 columns
Presolve time: 0.22s
Presolved: 915 rows, 891 columns, 20832 nonzeros
Presolved model has 2 SOS constraint(s)
Presolved model has 144 bilinear constraint(s)

Solving non-convex MIQCP

Variable types: 470 continuous, 421 integer (146 binary)
Found heuristic solution: objective 1.391690e+07

Root relaxation: objective 1.019587e+07, 145 iterations, 0.01 seconds (0.00 work units)

    Nodes    |    Current Node    |     Objective Bounds      |     Work
 Expl Unexpl |  Obj  Depth IntInf | Incumbent    BestBd   Gap | It/Node Time

     0     0 1.0196e+07    0  137 1.3917e+07 1.0196e+07  26.7%     -    0s
H    0     0                    1.245831e+07 1.0196e+07  18.2%     -    0s
     0     0 1.0473e+07    0  137 1.2458e+07 1.0473e+07  15.9%     -    0s
H    0     0                    1.183217e+07 1.0473e+07  11.5%     -    0s
     0     0 1.0632e+07    0  135 1.1832e+07 1.0632e+07  10.1%     -    0s
H    0     0                    1.176703e+07 1.0632e+07  9.65%     -    0s
     0     0 1.0635e+07    0  135 1.1767e+07 1.0635e+07  9.62%     -    0s
     0     0 1.0638e+07    0  136 1.1767e+07 1.0638e+07  9.60%     -    0s
     0     0 1.0638e+07    0  136 1.1767e+07 1.0638e+07  9.60%     -    0s
     0     0 1.0638e+07    0  136 1.1767e+07 1.0638e+07  9.60%     -    0s
H    0     0                    1.176697e+07 1.0638e+07  9.60%     -    0s
     0     0 1.0638e+07    0  136 1.1767e+07 1.0638e+07  9.60%     -    0s
     0     0 1.0638e+07    0  136 1.1767e+07 1.0638e+07  9.59%     -    0s
H    0     0                    1.154737e+07 1.0638e+07  7.87%     -    0s
     0     2 1.0638e+07    0  136 1.1547e+07 1.0638e+07  7.87%     -    1s
H  265   268                    1.154460e+07 1.0639e+07  7.85%   2.1    2s
H  356   372                    1.152139e+07 1.0639e+07  7.66%   2.2    2s
H  420   422                    1.151263e+07 1.0639e+07  7.59%   2.6    2s
H  945   963                    1.150311e+07 1.0639e+07  7.51%   2.4    4s
H 1071  1097                    1.150129e+07 1.0639e+07  7.50%   2.3    4s
H 1084  1097                    1.149971e+07 1.0639e+07  7.49%   2.3    4s
H 1198  1220                    1.149920e+07 1.0639e+07  7.48%   2.2    4s
  1219  1293 1.0674e+07  562  117 1.1499e+07 1.0639e+07  7.48%   2.2    5s
H 1459  1499                    1.149784e+07 1.0639e+07  7.47%   2.1    5s
H 1483  1499                    1.149547e+07 1.0639e+07  7.45%   2.1    5s
H 1498  1588                    1.149542e+07 1.0639e+07  7.45%   2.1    5s
H 1783  1794                    1.149481e+07 1.0639e+07  7.45%   2.0    6s
  3185  3349 1.0694e+07 1554  119 1.1495e+07 1.0639e+07  7.45%   1.9   10s
H 3693  3694                    1.141631e+07 1.0639e+07  6.81%   1.9   11s
H 3698  3513                    1.141631e+07 1.0666e+07  6.58%   1.9   11s
H 3720  3353                    1.141602e+07 1.0953e+07  4.06%   2.0   14s
H 3720  3185                    1.141424e+07 1.0953e+07  4.04%   2.0   14s
  3721  3186 1.0953e+07 1433   50 1.1414e+07 1.0953e+07  4.04%   2.0   15s
H 3999  3222                    1.140976e+07 1.0990e+07  3.68%   2.5   19s
H 4006  3068                    1.140029e+07 1.0990e+07  3.60%   2.5   19s
  4519  3504 1.1002e+07  220  112 1.1400e+07 1.0990e+07  3.60%   2.8   20s
  6878  5156 1.1021e+07  805  111 1.1400e+07 1.0990e+07  3.60%   3.6   25s
  9245  6866 1.1055e+07 1417  111 1.1400e+07 1.0990e+07  3.60%   4.6   30s
 12038  8711 1.1061e+07 2092   99 1.1400e+07 1.0990e+07  3.60%   5.7   35s
 14640 11119 1.1071e+07 2483  120 1.1400e+07 1.0990e+07  3.60%   5.8   41s
H14834 11119                    1.139814e+07 1.0990e+07  3.58%   5.8   41s
H14926 11310                    1.139251e+07 1.0990e+07  3.53%   5.8   41s
H15961 12564                    1.138872e+07 1.0990e+07  3.50%   5.7   44s
H16292 12860                    1.138363e+07 1.0990e+07  3.46%   5.7   44s
 16588 13138 1.1012e+07  493  106 1.1384e+07 1.0990e+07  3.46%   5.7   45s
H17440 13935                    1.137871e+07 1.0990e+07  3.41%   5.8   46s
H18477 15028                    1.137870e+07 1.0990e+07  3.41%   6.1   48s
 19326 15867 1.1021e+07 1189  101 1.1379e+07 1.0990e+07  3.41%   6.2   50s
H19464 15867                    1.137842e+07 1.0990e+07  3.41%   6.2   50s
H20705 17255                    1.137325e+07 1.0990e+07  3.37%   6.4   52s
H22043 18396                    1.137321e+07 1.0990e+07  3.37%   6.5   54s
 22124 18698 1.1031e+07 1877  125 1.1373e+07 1.0990e+07  3.37%   6.5   55s
H22407 18698                    1.137321e+07 1.0990e+07  3.37%   6.5   55s
H23511 19964                    1.137227e+07 1.0990e+07  3.36%   6.5   57s
H24542 21036                    1.137219e+07 1.0990e+07  3.36%   6.4   58s
 25600 22072 1.1059e+07 2484  118 1.1372e+07 1.0990e+07  3.36%   6.3   60s
H25845 22118                    1.134463e+07 1.0990e+07  3.12%   6.2   61s
 27229 23827 1.1023e+07  447  103 1.1345e+07 1.0990e+07  3.12%   6.1   65s
 30005 26565 1.1028e+07 1194  102 1.1345e+07 1.0990e+07  3.12%   6.2   70s
 32783 29356 1.1038e+07 1933  112 1.1345e+07 1.0990e+07  3.12%   6.4   75s
 35790 32287 1.1068e+07 2483  115 1.1345e+07 1.0990e+07  3.12%   6.3   80s
 38270 34834 1.1021e+07  620  109 1.1345e+07 1.0990e+07  3.12%   6.1   85s
 40610 37131 1.1060e+07 1221   98 1.1345e+07 1.0990e+07  3.12%   6.2   90s
 43046 39587 1.1070e+07 1876  123 1.1345e+07 1.0990e+07  3.12%   6.5   95s
 45902 42385 1.1008e+07  155  118 1.1345e+07 1.0990e+07  3.12%   6.7  100s
 49092 45792 1.1069e+07 1304   99 1.1345e+07 1.0990e+07  3.12%   6.4  105s
 51968 48483 1.1109e+07 2484  118 1.1345e+07 1.0990e+07  3.12%   6.1  110s
 54970 51529 1.1083e+07 1035  113 1.1345e+07 1.0990e+07  3.12%   5.9  115s
 59010 55507 1.1177e+07 2484  104 1.1345e+07 1.0990e+07  3.12%   5.7  120s
 61558 58119 1.1056e+07  918  114 1.1345e+07 1.0990e+07  3.12%   5.5  125s
 64974 61248 1.1105e+07 2420  105 1.1345e+07 1.0990e+07  3.12%   5.4  131s
 67225 63749 1.1016e+07  439  109 1.1345e+07 1.0990e+07  3.12%   5.3  135s
 71039 67746 1.1080e+07 2117   99 1.1345e+07 1.0990e+07  3.12%   5.1  140s
 74505 70961 1.1006e+07  226  110 1.1345e+07 1.0991e+07  3.12%   4.9  145s
 77863 74369 1.1032e+07  887  102 1.1345e+07 1.0991e+07  3.12%   4.8  150s
H78827 75275                    1.134463e+07 1.0991e+07  3.12%   4.8  151s
H81271 77674                    1.134463e+07 1.0991e+07  3.12%   4.8  154s
 81454 77985 1.1073e+07 1475  110 1.1345e+07 1.0991e+07  3.12%   4.8  155s
H83555 79799                    1.133833e+07 1.0991e+07  3.07%   4.8  158s
 84617 80969 1.1092e+07 2218   97 1.1338e+07 1.0991e+07  3.07%   4.8  160s
H87692 83955                    1.133716e+07 1.0991e+07  3.06%   4.8  164s
 87916 84226 1.0997e+07   53  128 1.1337e+07 1.0991e+07  3.06%   4.8  165s
 91466 87916 1.1137e+07 1889   93 1.1337e+07 1.0991e+07  3.06%   4.7  170s
 94270 90236 1.1001e+07   56  125 1.1337e+07 1.0991e+07  3.06%   4.7  175s
 97280 93167 1.1055e+07 1018  102 1.1337e+07 1.0991e+07  3.06%   4.6  180s
 99186 95118 1.1082e+07 2008  106 1.1337e+07 1.0991e+07  3.06%   4.6  185s
 102287 98088 1.1034e+07  552  119 1.1337e+07 1.0991e+07  3.06%   4.5  190s
 105622 101245 1.1106e+07 2484  112 1.1337e+07 1.0991e+07  3.06%   4.5  195s
 108453 104043 1.1013e+07  105  121 1.1337e+07 1.0991e+07  3.05%   4.4  200s
 111131 106735 1.1052e+07  658   98 1.1337e+07 1.0991e+07  3.05%   4.4  205s
 113979 109511 1.1060e+07 1150   99 1.1337e+07 1.0991e+07  3.05%   4.4  210s
 116584 111954 1.1065e+07 1672   95 1.1337e+07 1.0991e+07  3.05%   4.5  215s
 118532 113896 1.1066e+07 1941  105 1.1337e+07 1.0991e+07  3.05%   4.5  220s
H118701 113850                    1.133674e+07 1.0991e+07  3.05%   4.5  220s
 121323 116691 1.1069e+07 2325   96 1.1337e+07 1.0991e+07  3.05%   4.6  225s
*121688 116832             549    1.133672e+07 1.0991e+07  3.05%   4.6  225s
 124377 119801 1.1252e+07  322   94 1.1337e+07 1.0991e+07  3.05%   4.6  230s
 127779 123055 1.1086e+07 1705  102 1.1337e+07 1.0991e+07  3.05%   4.5  235s
 130754 126059 1.1255e+07  334   89 1.1337e+07 1.0991e+07  3.05%   4.5  240s
 133859 129120 1.1089e+07  801  106 1.1337e+07 1.0991e+07  3.05%   4.4  245s
H134538 129366                    1.132401e+07 1.0991e+07  2.94%   4.4  246s
 137138 132188 1.1128e+07 2484  103 1.1324e+07 1.0991e+07  2.94%   4.4  250s
 140216 135075 1.1026e+07  308  121 1.1324e+07 1.0991e+07  2.94%   4.4  255s
 143429 138421 1.1111e+07 1021  109 1.1324e+07 1.0991e+07  2.94%   4.3  260s
 146328 141137 1.1136e+07 1650   98 1.1324e+07 1.0991e+07  2.94%   4.3  265s
 150145 144974 1.1151e+07 2259  101 1.1324e+07 1.0991e+07  2.94%   4.4  270s
 153033 147838 1.1301e+07  317   93 1.1324e+07 1.0991e+07  2.94%   4.4  275s
 156402 151348 1.1103e+07 1466  104 1.1324e+07 1.0991e+07  2.94%   4.4  280s
 159435 154248 1.1116e+07  228  105 1.1324e+07 1.0991e+07  2.94%   4.3  285s
 162563 157279 1.1067e+07  974  117 1.1324e+07 1.0991e+07  2.94%   4.3  290s
 166104 160642 1.1130e+07 2484  103 1.1324e+07 1.0991e+07  2.94%   4.3  295s
*166290 160608             633    1.132393e+07 1.0991e+07  2.94%   4.3  295s
*166296 160607             633    1.132388e+07 1.0991e+07  2.94%   4.3  295s
*166307 160602             634    1.132380e+07 1.0991e+07  2.94%   4.3  295s
*166308 160595             632    1.132372e+07 1.0991e+07  2.94%   4.3  295s
H167698 161804                    1.131832e+07 1.0991e+07  2.89%   4.2  298s
 168738 163018 1.1081e+07  982  107 1.1318e+07 1.0991e+07  2.89%   4.2  300s
 172545 166764 1.1127e+07 2484  107 1.1318e+07 1.0991e+07  2.89%   4.2  305s
 175759 170003 1.1094e+07 1741  104 1.1318e+07 1.0991e+07  2.89%   4.1  310s
 179024 173204 1.1027e+07  723  106 1.1318e+07 1.0991e+07  2.89%   4.1  315s
 181949 176275 1.1114e+07 2097   98 1.1318e+07 1.0991e+07  2.89%   4.1  320s
 184632 178726 1.1036e+07  108  111 1.1318e+07 1.0991e+07  2.89%   4.2  325s
 187637 181786 1.1084e+07  585  105 1.1318e+07 1.0991e+07  2.89%   4.1  330s
 190771 184840 1.1124e+07 2338   97 1.1318e+07 1.0991e+07  2.89%   4.1  335s
*192838 186452             516    1.131832e+07 1.0991e+07  2.89%   4.1  338s
*192839 186451             516    1.131828e+07 1.0991e+07  2.89%   4.1  338s
*192842 186451             515    1.131827e+07 1.0991e+07  2.89%   4.1  338s
*192843 186449             514    1.131821e+07 1.0991e+07  2.89%   4.1  338s
*192844 186447             514    1.131819e+07 1.0991e+07  2.89%   4.1  338s
 194003 187918 1.1067e+07  687  107 1.1318e+07 1.0991e+07  2.89%   4.1  340s
 197627 191528 1.1112e+07 2484  108 1.1318e+07 1.0991e+07  2.89%   4.0  345s
 200744 194556 1.1059e+07  653  119 1.1318e+07 1.0991e+07  2.89%   4.0  350s
 204252 198116 1.1141e+07 2251   98 1.1318e+07 1.0991e+07  2.89%   4.0  355s
*206691 200423             567    1.131810e+07 1.0991e+07  2.89%   4.0  359s
 207191 200988 1.1038e+07  218  109 1.1318e+07 1.0991e+07  2.89%   4.0  360s
 210337 204191 1.1095e+07 1660  100 1.1318e+07 1.0991e+07  2.89%   3.9  365s
 213573 207353 1.1037e+07  212  105 1.1318e+07 1.0991e+07  2.89%   3.9  370s
 216424 210089 1.1059e+07  752  104 1.1318e+07 1.0991e+07  2.89%   3.9  375s
 219143 212907 1.1067e+07 1280  102 1.1318e+07 1.0991e+07  2.89%   3.9  380s
 221884 215603 1.1073e+07 1725  101 1.1318e+07 1.0991e+07  2.89%   4.0  385s
 224449 218188 1.1092e+07 2124  117 1.1318e+07 1.0991e+07  2.89%   4.0  390s
H225812 219296                    1.131569e+07 1.0991e+07  2.87%   4.0  393s
H225900 219289                    1.131513e+07 1.0991e+07  2.86%   4.1  393s
 227175 220577 1.1135e+07 2484  112 1.1315e+07 1.0991e+07  2.86%   4.1  395s
 230633 223895 1.1282e+07  746   86 1.1315e+07 1.0991e+07  2.86%   4.1  400s
 234526 227265     cutoff  225      1.1315e+07 1.0991e+07  2.86%   4.0  405s
*235802 227796             718    1.130508e+07 1.0991e+07  2.77%   4.0  406s
 238425 230464 1.1044e+07 1468  108 1.1305e+07 1.0991e+07  2.77%   4.0  410s
 242361 234179     cutoff  420      1.1305e+07 1.0991e+07  2.77%   4.0  415s
 245317 237092 1.1037e+07 1069  121 1.1305e+07 1.0991e+07  2.77%   4.0  420s
 248455 240057 1.1105e+07 2349  102 1.1305e+07 1.0991e+07  2.77%   3.9  425s
H248827 239694                    1.130022e+07 1.0991e+07  2.73%   3.9  425s
 250533 241545 1.1278e+07  352   99 1.1300e+07 1.0991e+07  2.73%   4.0  430s
 253621 244758 1.1071e+07 1659  102 1.1300e+07 1.0991e+07  2.73%   3.9  435s
 256622 247564 1.1290e+07  159   96 1.1300e+07 1.0991e+07  2.73%   3.9  440s
 259533 250548 1.1088e+07 1841   99 1.1300e+07 1.0991e+07  2.73%   4.0  445s
 262318 253286 1.1074e+07  620  105 1.1300e+07 1.0991e+07  2.73%   4.0  450s
 265963 256953 1.1107e+07 2484  100 1.1300e+07 1.0991e+07  2.73%   4.0  455s
 268804 259746 1.1095e+07 1007  104 1.1300e+07 1.0991e+07  2.73%   4.0  460s
 272404 263255 1.1273e+07  393   91 1.1300e+07 1.0991e+07  2.73%   4.0  465s
 275307 265672 1.1277e+07  516   90 1.1300e+07 1.0991e+07  2.73%   4.0  470s
 277956 268212 1.1090e+07  106  107 1.1300e+07 1.0991e+07  2.73%   4.0  475s
 281011 271253 1.1034e+07 1049  105 1.1300e+07 1.0991e+07  2.73%   4.0  480s
H284305 274473                    1.130000e+07 1.0991e+07  2.73%   4.0  484s
 284593 274789 1.1160e+07 2498  104 1.1300e+07 1.0991e+07  2.73%   4.0  485s
H284909 275064                    1.129973e+07 1.0991e+07  2.73%   4.0  485s
H286076 276234                    1.129967e+07 1.0992e+07  2.73%   4.0  487s
 287735 277713 1.1230e+07  326   98 1.1300e+07 1.0992e+07  2.73%   3.9  490s
 290783 280618 1.1254e+07  293   93 1.1300e+07 1.0992e+07  2.73%   3.9  495s
 293991 283837 1.1047e+07  691  117 1.1300e+07 1.0992e+07  2.73%   3.9  500s
 297570 287281 1.1115e+07 2398   98 1.1300e+07 1.0992e+07  2.73%   3.9  505s
 300244 290034 1.1060e+07  324  115 1.1300e+07 1.0992e+07  2.73%   3.9  510s
 304191 293813 1.1125e+07 2483  106 1.1300e+07 1.0992e+07  2.73%   3.9  515s
 307610 297343 1.1095e+07  847  103 1.1300e+07 1.0992e+07  2.73%   3.9  520s
 311217 300721 1.1161e+07 2484  106 1.1300e+07 1.0992e+07  2.73%   3.8  525s
 314186 303798 1.1041e+07  977  115 1.1300e+07 1.0992e+07  2.73%   3.8  530s
 317402 306926 1.1122e+07 2480  103 1.1300e+07 1.0992e+07  2.73%   3.9  535s
H319133 308500                    1.129965e+07 1.0992e+07  2.73%   3.9  538s
 319236 308502 1.1282e+07  555   92 1.1300e+07 1.0992e+07  2.73%   3.9  540s
H320335 309643                    1.129954e+07 1.0992e+07  2.73%   3.9  543s
 321655 310990 1.1265e+07  608   84 1.1300e+07 1.0992e+07  2.73%   3.9  545s
 324725 313948 1.1082e+07  575  104 1.1300e+07 1.0992e+07  2.73%   3.9  550s
 328206 317307 1.1125e+07 2355  104 1.1300e+07 1.0992e+07  2.73%   3.8  555s
 330851 319974 1.1037e+07  132  111 1.1300e+07 1.0992e+07  2.72%   3.8  560s
 334312 323405 1.1100e+07 1804  104 1.1300e+07 1.0992e+07  2.72%   3.8  565s
 337762 326893 1.1080e+07  653  105 1.1300e+07 1.0992e+07  2.72%   3.8  570s
 341328 330358 1.1132e+07 2483  110 1.1300e+07 1.0992e+07  2.72%   3.8  575s
 343952 332915 1.1092e+07  920  106 1.1300e+07 1.0992e+07  2.72%   3.8  580s
 346904 335816 1.1135e+07 2478  113 1.1300e+07 1.0992e+07  2.72%   3.8  585s
 349620 338539 1.1118e+07 1398  105 1.1300e+07 1.0992e+07  2.72%   3.8  590s
 352442 341407 1.1097e+07  264  111 1.1300e+07 1.0992e+07  2.72%   3.8  595s
 354909 343795 1.1099e+07 1218  103 1.1300e+07 1.0992e+07  2.72%   3.8  600s
 357990 346779 1.1015e+07  137  114 1.1300e+07 1.0992e+07  2.72%   3.8  605s
 360760 349471 1.1107e+07 1488  109 1.1300e+07 1.0992e+07  2.72%   3.8  610s
 364181 352833 1.1059e+07  149  116 1.1300e+07 1.0992e+07  2.72%   3.8  615s
 367801 356313 1.1118e+07 1941   99 1.1300e+07 1.0992e+07  2.72%   3.8  620s
 371016 359569 1.1032e+07  165  106 1.1300e+07 1.0992e+07  2.72%   3.8  625s
 374870 363437 1.1119e+07 2248  101 1.1300e+07 1.0992e+07  2.72%   3.8  630s
 378147 366698 1.1079e+07  765  106 1.1300e+07 1.0992e+07  2.72%   3.7  635s
 381048 369477 1.1127e+07 2483  110 1.1300e+07 1.0992e+07  2.72%   3.7  640s
 383677 372009 1.1072e+07  572  104 1.1300e+07 1.0992e+07  2.72%   3.7  645s
 386829 375158 1.1122e+07 2473  100 1.1300e+07 1.0992e+07  2.72%   3.8  650s
 389536 377865 1.1064e+07  542  111 1.1300e+07 1.0992e+07  2.72%   3.8  655s
 393107 381427 1.1109e+07 2484  115 1.1300e+07 1.0992e+07  2.72%   3.8  660s
 394827 382774 1.1273e+07  461   91 1.1300e+07 1.0992e+07  2.72%   3.8  665s
 397602 385422 1.1098e+07 1148  104 1.1300e+07 1.0992e+07  2.72%   3.8  670s
 400849 388723 1.1005e+07   58  126 1.1300e+07 1.0992e+07  2.72%   3.8  675s
 404147 392037 1.1109e+07 1322  105 1.1300e+07 1.0992e+07  2.72%   3.7  680s
 407677 395368     cutoff  314      1.1300e+07 1.0992e+07  2.72%   3.7  685s
 410764 398363 1.1037e+07  555  110 1.1300e+07 1.0992e+07  2.72%   3.7  690s
 413838 401123 1.1123e+07 1985  103 1.1300e+07 1.0992e+07  2.72%   3.7  695s
 416866 404201 1.1197e+07  379   98 1.1300e+07 1.0992e+07  2.72%   3.7  700s
 420459 407616 1.1105e+07 1418  102 1.1300e+07 1.0992e+07  2.72%   3.7  705s
 423749 410841 1.1036e+07  165  113 1.1300e+07 1.0992e+07  2.72%   3.7  710s
 427027 414195 1.1114e+07 1858  102 1.1300e+07 1.0992e+07  2.72%   3.7  715s
 430113 417116 1.1027e+07  111  113 1.1300e+07 1.0992e+07  2.72%   3.7  720s
 433186 420222 1.1143e+07 1663  103 1.1300e+07 1.0992e+07  2.72%   3.7  725s
 436050 422718 1.1067e+07  273  113 1.1300e+07 1.0992e+07  2.72%   3.7  730s
 438893 425620 1.1165e+07 1983   99 1.1300e+07 1.0992e+07  2.72%   3.7  735s
 441849 428546 1.1041e+07  294  111 1.1300e+07 1.0992e+07  2.72%   3.7  740s
 444723 431500 1.1145e+07 1827   97 1.1300e+07 1.0992e+07  2.72%   3.7  745s
 447469 434155 1.1030e+07  489  104 1.1300e+07 1.0992e+07  2.72%   3.7  750s
 450401 437196 1.1109e+07 1969  100 1.1300e+07 1.0992e+07  2.72%   3.7  755s
 454230 440879 1.1101e+07  122  104 1.1300e+07 1.0992e+07  2.72%   3.7  760s
 457406 443831 1.1283e+07  343   89 1.1300e+07 1.0992e+07  2.72%   3.7  765s
 460504 446913 1.1085e+07  883  105 1.1300e+07 1.0992e+07  2.72%   3.7  770s
 463298 449476 1.1125e+07 2416  101 1.1300e+07 1.0992e+07  2.72%   3.7  775s
 465989 452222 1.1280e+07  416   92 1.1300e+07 1.0992e+07  2.72%   3.7  780s
*468460 454394             600    1.129953e+07 1.0992e+07  2.72%   3.7  783s
*468473 454394             603    1.129952e+07 1.0992e+07  2.72%   3.7  784s
*468488 454394             605    1.129942e+07 1.0992e+07  2.72%   3.7  784s
H468787 454905                    1.129919e+07 1.0992e+07  2.72%   3.7  785s
 472217 458518 1.1057e+07  129  104 1.1299e+07 1.0992e+07  2.72%   3.7  790s
 475533 461651 1.1117e+07 1367  105 1.1299e+07 1.0992e+07  2.72%   3.7  795s
 479528 465569 1.1061e+07  134  112 1.1299e+07 1.0992e+07  2.72%   3.7  800s
*480278 466141             457    1.129918e+07 1.0992e+07  2.72%   3.7  801s
*480279 466140             457    1.129918e+07 1.0992e+07  2.72%   3.7  801s
*480280 466140             456    1.129917e+07 1.0992e+07  2.72%   3.7  801s
*480309 466139             462    1.129917e+07 1.0992e+07  2.72%   3.7  802s
*480310 466138             461    1.129916e+07 1.0992e+07  2.72%   3.7  802s
*480463 466359             461    1.129915e+07 1.0992e+07  2.72%   3.7  802s
 481973 467931 1.1042e+07  714  114 1.1299e+07 1.0992e+07  2.72%   3.6  805s
 485470 471456 1.1117e+07 2006  101 1.1299e+07 1.0992e+07  2.72%   3.6  810s
 488280 474092 1.1001e+07   59  128 1.1299e+07 1.0992e+07  2.72%   3.6  815s
 490348 475530 1.1009e+07   80  123 1.1299e+07 1.0992e+07  2.72%   3.6  820s
 493100 478238 1.1015e+07  351  112 1.1299e+07 1.0992e+07  2.72%   3.6  825s
 496172 481365 1.1097e+07 1314  102 1.1299e+07 1.0992e+07  2.72%   3.6  830s
 498792 483819 1.1174e+07 2509  104 1.1299e+07 1.0992e+07  2.72%   3.6  835s
 501862 486932 1.1108e+07  806  104 1.1299e+07 1.0992e+07  2.72%   3.6  840s
 504950 489913 1.1149e+07 2490   96 1.1299e+07 1.0992e+07  2.72%   3.6  845s
 508045 492807 1.1077e+07  345  114 1.1299e+07 1.0992e+07  2.72%   3.6  850s
 511396 496077 1.1121e+07 2151  100 1.1299e+07 1.0992e+07  2.72%   3.6  855s
 514711 499494 1.1088e+07  790  109 1.1299e+07 1.0992e+07  2.72%   3.6  860s
 518510 503163 1.1146e+07 2509  105 1.1299e+07 1.0992e+07  2.72%   3.6  865s
 521470 506031 1.1143e+07 1587   99 1.1299e+07 1.0992e+07  2.72%   3.6  870s
 524271 508854 1.1047e+07  165  105 1.1299e+07 1.0992e+07  2.72%   3.6  875s
H524788 508843                    1.129766e+07 1.0992e+07  2.71%   3.6  876s
 526236 510265 1.1046e+07  231  107 1.1298e+07 1.0992e+07  2.71%   3.6  880s
 528768 512919 1.1140e+07 1772   97 1.1298e+07 1.0992e+07  2.71%   3.6  885s
 531938 515983 1.1032e+07  354  118 1.1298e+07 1.0992e+07  2.71%   3.6  890s
 534873 519034 1.1098e+07 1411  104 1.1298e+07 1.0992e+07  2.71%   3.6  895s
 537727 521733 1.1194e+07 2499  106 1.1298e+07 1.0992e+07  2.71%   3.6  900s
 539957 523671 1.1054e+07  314  111 1.1298e+07 1.0992e+07  2.71%   3.6  905s
 543787 527539 1.1107e+07 2252  104 1.1298e+07 1.0992e+07  2.71%   3.6  910s
 546430 530106 1.1015e+07   75  118 1.1298e+07 1.0992e+07  2.71%   3.6  915s
 550052 533733 1.1115e+07 1761   96 1.1298e+07 1.0992e+07  2.71%   3.6  920s
 553201 536779 1.1021e+07  182  110 1.1298e+07 1.0992e+07  2.70%   3.6  925s
 556742 540355 1.1068e+07 1271  101 1.1298e+07 1.0992e+07  2.70%   3.6  930s
 559585 543150 1.1147e+07 2495  102 1.1298e+07 1.0992e+07  2.70%   3.6  935s
 562772 546282 1.1062e+07  670  103 1.1298e+07 1.0992e+07  2.70%   3.6  940s
 565658 548768 1.1104e+07 2487  108 1.1298e+07 1.0992e+07  2.70%   3.6  945s
 569292 552338 1.1015e+07  180  114 1.1298e+07 1.0992e+07  2.70%   3.6  950s
 572446 555385 1.1078e+07  868  110 1.1298e+07 1.0992e+07  2.70%   3.6  955s
 575212 558204 1.1108e+07 1371   99 1.1298e+07 1.0992e+07  2.70%   3.6  960s
 577939 560774 1.1116e+07 1843  103 1.1298e+07 1.0992e+07  2.70%   3.7  965s
 580080 563073 1.1151e+07 2204  107 1.1298e+07 1.0992e+07  2.70%   3.7  970s
 583040 565854 1.1159e+07 2489  105 1.1298e+07 1.0992e+07  2.70%   3.7  975s
 585088 567583 1.1024e+07  134  111 1.1298e+07 1.0992e+07  2.70%   3.7  980s
 587677 569826 1.1100e+07 1767  105 1.1298e+07 1.0992e+07  2.70%   3.7  985s
 590746 572956 1.1078e+07  322  108 1.1298e+07 1.0992e+07  2.70%   3.7  990s
 593641 575460 1.1061e+07  392  111 1.1298e+07 1.0992e+07  2.70%   3.7  995s
 596312 578258 1.1130e+07 1933   98 1.1298e+07 1.0992e+07  2.70%   3.7 1000s
 599702 581527 1.1071e+07  500  112 1.1298e+07 1.0992e+07  2.70%   3.7 1005s
 602796 584565 1.1120e+07 2368   97 1.1298e+07 1.0992e+07  2.70%   3.7 1010s
H603309 584816                    1.129738e+07 1.0992e+07  2.70%   3.7 1012s
H603754 585379                    1.129712e+07 1.0992e+07  2.70%   3.7 1014s
 604181 585830 1.1027e+07  123  112 1.1297e+07 1.0992e+07  2.70%   3.7 1015s
 607140 588931 1.1109e+07 1700  100 1.1297e+07 1.0992e+07  2.70%   3.7 1020s
H609105 590658                    1.129711e+07 1.0992e+07  2.70%   3.7 1022s
 610189 591769 1.0994e+07   58  131 1.1297e+07 1.0992e+07  2.70%   3.7 1025s
 612465 594129 1.1087e+07 1453  101 1.1297e+07 1.0992e+07  2.70%   3.7 1030s
 615308 596915 1.1026e+07  165  114 1.1297e+07 1.0992e+07  2.70%   3.7 1035s
 618461 600214 1.1118e+07 1725  103 1.1297e+07 1.0992e+07  2.70%   3.7 1040s
 621819 603222 1.1017e+07   87  114 1.1297e+07 1.0992e+07  2.70%   3.7 1045s
 624956 606706 1.1105e+07 1620  101 1.1297e+07 1.0992e+07  2.70%   3.7 1050s
 627934 609423 1.1117e+07  246  106 1.1297e+07 1.0992e+07  2.70%   3.7 1055s
 631125 612881 1.1086e+07 1516  103 1.1297e+07 1.0992e+07  2.70%   3.7 1060s
 634205 615739 1.1151e+07 2489  104 1.1297e+07 1.0992e+07  2.70%   3.7 1065s
 636693 618085 1.1019e+07  294  107 1.1297e+07 1.0992e+07  2.70%   3.7 1070s
 639978 621354 1.1090e+07 1477  104 1.1297e+07 1.0992e+07  2.70%   3.7 1075s
 642854 624108 1.1172e+07 2492  107 1.1297e+07 1.0992e+07  2.70%   3.7 1080s
 645907 627077 1.1074e+07  950  103 1.1297e+07 1.0992e+07  2.70%   3.7 1085s
 648972 630075 1.1137e+07 2507  108 1.1297e+07 1.0992e+07  2.70%   3.7 1090s
 651919 633005 1.1078e+07  839  105 1.1297e+07 1.0992e+07  2.70%   3.7 1095s
 655390 636500 1.1134e+07 2490  106 1.1297e+07 1.0992e+07  2.70%   3.7 1100s
 658500 639414 1.1032e+07   86  111 1.1297e+07 1.0992e+07  2.70%   3.7 1105s
 661362 642334 1.1087e+07 1001  103 1.1297e+07 1.0992e+07  2.70%   3.7 1110s
 664709 645479 1.1148e+07 2500  107 1.1297e+07 1.0992e+07  2.70%   3.7 1115s
 667954 648871 1.1098e+07 1428  102 1.1297e+07 1.0992e+07  2.70%   3.7 1120s
 670975 651658 1.1156e+07 2511  106 1.1297e+07 1.0992e+07  2.70%   3.7 1125s
 674040 654942 1.1080e+07  716  105 1.1297e+07 1.0992e+07  2.70%   3.7 1130s
 677435 658195 1.1138e+07 2490  101 1.1297e+07 1.0992e+07  2.70%   3.7 1135s
 679042 659850 1.1074e+07  563  104 1.1297e+07 1.0992e+07  2.70%   3.7 1140s
 682172 662897 1.1131e+07 2456   98 1.1297e+07 1.0992e+07  2.70%   3.7 1145s
 684294 665063 1.1032e+07  611  112 1.1297e+07 1.0992e+07  2.70%   3.7 1150s
 686481 667320 1.1095e+07 1687  103 1.1297e+07 1.0992e+07  2.70%   3.7 1155s
H686716 667233                    1.129517e+07 1.0992e+07  2.68%   3.7 1155s
 688918 669398     cutoff  385      1.1295e+07 1.0992e+07  2.68%   3.7 1160s
 691041 670922     cutoff  523      1.1295e+07 1.0992e+07  2.68%   3.8 1165s
 693748 673831 1.1096e+07  821  103 1.1295e+07 1.0992e+07  2.68%   3.8 1170s
 697365 677260 1.1149e+07 2492  101 1.1295e+07 1.0992e+07  2.68%   3.8 1175s
 700521 680594 1.1107e+07 1414  101 1.1295e+07 1.0992e+07  2.68%   3.8 1180s
 703654 683549 1.0996e+07   57  127 1.1295e+07 1.0992e+07  2.68%   3.8 1185s
 707068 687111 1.1125e+07 1736   99 1.1295e+07 1.0992e+07  2.68%   3.7 1190s
 710211 690037 1.1039e+07  390  117 1.1295e+07 1.0992e+07  2.68%   3.7 1195s
 713414 693393 1.1107e+07 1782  101 1.1295e+07 1.0992e+07  2.68%   3.7 1200s
 716382 696198 1.1235e+07  136   98 1.1295e+07 1.0992e+07  2.68%   3.7 1205s
 719544 699116 1.1053e+07  334  112 1.1295e+07 1.0992e+07  2.68%   3.7 1210s
 722720 702357 1.1106e+07 2169  103 1.1295e+07 1.0992e+07  2.68%   3.7 1215s
 725341 704799 1.1000e+07   53  127 1.1295e+07 1.0992e+07  2.68%   3.8 1220s
 727642 707244 1.1113e+07 1602  102 1.1295e+07 1.0992e+07  2.68%   3.8 1225s
 730716 710247 1.1022e+07  390  112 1.1295e+07 1.0992e+07  2.68%   3.8 1230s
 734015 713675 1.1087e+07 1642  105 1.1295e+07 1.0992e+07  2.68%   3.8 1235s
 737284 716753 1.1023e+07  172  113 1.1295e+07 1.0992e+07  2.68%   3.8 1240s
 740298 719679 1.1125e+07 1914  101 1.1295e+07 1.0992e+07  2.68%   3.8 1245s
 742350 721562 1.1146e+07 2521  105 1.1295e+07 1.0992e+07  2.68%   3.8 1250s
 745150 724481 1.1073e+07  692  114 1.1295e+07 1.0992e+07  2.68%   3.8 1255s
 748593 727743 1.1143e+07 2428   95 1.1295e+07 1.0992e+07  2.68%   3.8 1260s
 751218 730482 1.1078e+07  460  103 1.1295e+07 1.0992e+07  2.68%   3.8 1265s
 754489 733658 1.1128e+07 2148   99 1.1295e+07 1.0992e+07  2.68%   3.7 1270s
 757487 736631 1.1031e+07  173  113 1.1295e+07 1.0992e+07  2.68%   3.7 1275s
 760321 739420 1.1106e+07 1719  100 1.1295e+07 1.0992e+07  2.68%   3.7 1280s
 763084 742102 1.1025e+07  127  111 1.1295e+07 1.0992e+07  2.68%   3.7 1285s
 766189 745347 1.1112e+07 1681  100 1.1295e+07 1.0992e+07  2.68%   3.7 1290s
 769556 748556 1.1071e+07  380  112 1.1295e+07 1.0992e+07  2.68%   3.7 1295s
 772468 751492 1.1112e+07 1963  101 1.1295e+07 1.0992e+07  2.68%   3.7 1300s
 775661 754439 1.1284e+07  424   91 1.1295e+07 1.0992e+07  2.68%   3.7 1305s
 778442 757275 1.1099e+07 1524   97 1.1295e+07 1.0992e+07  2.68%   3.7 1310s
 781283 760001 1.1037e+07  106  114 1.1295e+07 1.0992e+07  2.68%   3.7 1315s
 784046 762702 1.1053e+07  352  119 1.1295e+07 1.0992e+07  2.68%   3.7 1320s
 787072 765703 1.1128e+07 2065   99 1.1295e+07 1.0992e+07  2.68%   3.7 1325s
 789999 768643 1.1062e+07  346  107 1.1295e+07 1.0992e+07  2.68%   3.7 1330s
 793479 772086 1.1139e+07 2113   98 1.1295e+07 1.0992e+07  2.68%   3.7 1335s
 795945 774505 1.1022e+07  347  117 1.1295e+07 1.0992e+07  2.68%   3.7 1340s
 799376 778010 1.1085e+07 1434  104 1.1295e+07 1.0992e+07  2.68%   3.7 1345s
 802317 780821 1.1139e+07 2500  107 1.1295e+07 1.0992e+07  2.68%   3.7 1350s
 806177 784740 1.1100e+07 1193  105 1.1295e+07 1.0992e+07  2.68%   3.7 1355s
 808753 787002 1.1153e+07 2488  105 1.1295e+07 1.0992e+07  2.68%   3.7 1360s
 809999 788318 1.1014e+07  170  116 1.1295e+07 1.0992e+07  2.68%   3.7 1365s
 812693 790958 1.1049e+07  617  118 1.1295e+07 1.0992e+07  2.68%   3.7 1370s
 815615 793991 1.1081e+07 1264  110 1.1295e+07 1.0992e+07  2.68%   3.7 1375s
 818639 796920 1.1086e+07 2004   98 1.1295e+07 1.0992e+07  2.68%   3.7 1380s
 821359 799692 1.1059e+07  110  116 1.1295e+07 1.0992e+07  2.68%   3.7 1385s
 824401 802508 1.1019e+07   75  114 1.1295e+07 1.0992e+07  2.68%   3.7 1390s
 827300 805438 1.1120e+07 1670  103 1.1295e+07 1.0992e+07  2.68%   3.7 1395s
 830485 808540 1.1072e+07  197  107 1.1295e+07 1.0992e+07  2.68%   3.7 1400s
 833472 811448 1.1091e+07  951   97 1.1295e+07 1.0992e+07  2.68%   3.7 1405s
 837143 814945 1.1128e+07 2513  104 1.1295e+07 1.0992e+07  2.68%   3.7 1410s
 840232 818165 1.1093e+07  716  108 1.1295e+07 1.0992e+07  2.68%   3.7 1415s
 843652 821539 1.1161e+07 2525  106 1.1295e+07 1.0992e+07  2.68%   3.7 1420s
 846190 823863 1.1035e+07  471  111 1.1295e+07 1.0992e+07  2.68%   3.7 1425s
 849819 827424 1.1058e+07 1177  110 1.1295e+07 1.0992e+07  2.68%   3.7 1430s
 852428 830062 1.1080e+07 1835   97 1.1295e+07 1.0992e+07  2.68%   3.7 1435s
 855720 833316 1.1092e+07 2494  111 1.1295e+07 1.0992e+07  2.68%   3.7 1440s
 858324 835812 1.1280e+07  323   97 1.1295e+07 1.0992e+07  2.68%   3.7 1445s
 862038 839533 1.1115e+07 1605  100 1.1295e+07 1.0992e+07  2.68%   3.7 1450s
 865095 842467 1.1024e+07   71  113 1.1295e+07 1.0992e+07  2.68%   3.7 1455s
 867331 844018 1.1064e+07  514  117 1.1295e+07 1.0992e+07  2.68%   3.7 1460s
 870716 847526 1.1127e+07 2237   98 1.1295e+07 1.0992e+07  2.68%   3.7 1465s
 873226 849855 1.1034e+07  298  104 1.1295e+07 1.0992e+07  2.68%   3.7 1470s
 875793 852524 1.1129e+07 1859   99 1.1295e+07 1.0992e+07  2.68%   3.7 1475s
 878310 854886 1.1248e+07  420   94 1.1295e+07 1.0992e+07  2.68%   3.7 1480s
 880157 856241 1.1029e+07  284  104 1.1295e+07 1.0992e+07  2.68%   3.8 1485s
 882626 858783 1.1129e+07 1994  104 1.1295e+07 1.0992e+07  2.68%   3.8 1490s
 885478 861545 1.1035e+07  480  103 1.1295e+07 1.0992e+07  2.68%   3.8 1495s
 887154 863330 1.1126e+07 1575  100 1.1295e+07 1.0992e+07  2.68%   3.8 1500s
 889661 865667 1.0993e+07   61  129 1.1295e+07 1.0992e+07  2.68%   3.8 1505s
 892397 868570 1.1092e+07 1109  105 1.1295e+07 1.0992e+07  2.68%   3.8 1510s
H894563 870440                    1.129470e+07 1.0992e+07  2.68%   3.8 1513s
 895772 871816 1.1175e+07 2500  102 1.1295e+07 1.0992e+07  2.68%   3.8 1515s
 898407 874456 1.1076e+07  520  109 1.1295e+07 1.0992e+07  2.68%   3.8 1520s
 902295 878242 1.1146e+07 2493  108 1.1295e+07 1.0992e+07  2.68%   3.8 1525s
 905666 881203 1.1261e+07  131   98 1.1295e+07 1.0992e+07  2.68%   3.8 1530s
 908397 883895 1.1044e+07  772  104 1.1295e+07 1.0992e+07  2.68%   3.8 1535s
 911249 886888 1.1125e+07 1991   97 1.1295e+07 1.0992e+07  2.68%   3.8 1540s
 915239 890594 1.1046e+07  430  121 1.1295e+07 1.0992e+07  2.68%   3.8 1545s
 918780 894217 1.1142e+07 2491   97 1.1295e+07 1.0992e+07  2.68%   3.8 1550s

Gurobi 11.0.3 (linux64, Java) logging started qui 18 dez 2025 11:44:39 -03

Set parameter WLSAccessID
Set parameter WLSSecret
Set parameter LicenseID to value 2566693
Academic license 2566693 - for non-commercial use only - registered to ja___@ufv.br
Set parameter NonConvex to value 2
Set parameter TimeLimit to value 3600
Set parameter LogToConsole to value 0
Set parameter MIPGap to value 4.7478399160473358e-08
Set parameter Threads to value 1
Set parameter NodefileDir to value "/home/ps12398/efpe/goalProgrammingMarcos/"
Set parameter NodefileStart to value 0.5
Gurobi Optimizer version 11.0.3 build v11.0.3rc0 (linux64)

CPU model: Intel(R) Xeon(R) CPU           X5650  @ 2.67GHz, instruction set [SSE2]
Thread count: 12 physical cores, 24 logical processors, using up to 1 threads

Academic license 2566693 - for non-commercial use only - registered to ja___@ufv.br
Optimize a model with 62245 rows, 41913 columns and 208202 nonzeros
Model fingerprint: 0xcfecc301
Model has 149 quadratic constraints
Variable types: 20886 continuous, 21027 integer (144 binary)
Coefficient statistics:
  Matrix range     [7e-03, 6e+06]
  QMatrix range    [7e-03, 1e+05]
  QLMatrix range   [1e+00, 1e+05]
  Objective range  [1e+00, 4e+07]
  Bounds range     [1e+00, 1e+08]
  RHS range        [1e+00, 1e+06]
  QRHS range       [3e-03, 3e-03]
Presolve removed 61899 rows and 41199 columns
Presolve time: 0.12s
Presolved: 915 rows, 891 columns, 20832 nonzeros
Presolved model has 2 SOS constraint(s)
Presolved model has 144 bilinear constraint(s)

Solving non-convex MIQCP

Variable types: 470 continuous, 421 integer (146 binary)
Found heuristic solution: objective 1.391690e+07

Root relaxation: objective 1.019587e+07, 145 iterations, 0.01 seconds (0.00 work units)

    Nodes    |    Current Node    |     Objective Bounds      |     Work
 Expl Unexpl |  Obj  Depth IntInf | Incumbent    BestBd   Gap | It/Node Time

     0     0 1.0196e+07    0  137 1.3917e+07 1.0196e+07  26.7%     -    0s
H    0     0                    1.245831e+07 1.0196e+07  18.2%     -    0s
     0     0 1.0473e+07    0  137 1.2458e+07 1.0473e+07  15.9%     -    0s
H    0     0                    1.183217e+07 1.0473e+07  11.5%     -    0s
     0     0 1.0632e+07    0  135 1.1832e+07 1.0632e+07  10.1%     -    0s
H    0     0                    1.176703e+07 1.0632e+07  9.65%     -    0s
     0     0 1.0635e+07    0  135 1.1767e+07 1.0635e+07  9.62%     -    0s
     0     0 1.0638e+07    0  136 1.1767e+07 1.0638e+07  9.60%     -    0s
     0     0 1.0638e+07    0  136 1.1767e+07 1.0638e+07  9.60%     -    0s
     0     0 1.0638e+07    0  136 1.1767e+07 1.0638e+07  9.60%     -    0s
H    0     0                    1.176697e+07 1.0638e+07  9.60%     -    0s
     0     0 1.0638e+07    0  136 1.1767e+07 1.0638e+07  9.60%     -    0s
     0     0 1.0638e+07    0  136 1.1767e+07 1.0638e+07  9.59%     -    0s
H    0     0                    1.154737e+07 1.0638e+07  7.87%     -    0s
     0     2 1.0638e+07    0  136 1.1547e+07 1.0638e+07  7.87%     -    0s
H  201   201                    1.154736e+07 1.0639e+07  7.87%   2.2    1s
H  257   257                    1.149773e+07 1.0639e+07  7.47%   1.9    1s
H  376   376                    1.149133e+07 1.0639e+07  7.42%   1.7    1s
H  741   741                    1.149021e+07 1.0639e+07  7.41%   1.6    2s
H  873   873                    1.148947e+07 1.0639e+07  7.40%   1.5    3s
H  993   993                    1.148943e+07 1.0639e+07  7.40%   1.5    3s
H 1188  1188                    1.148689e+07 1.0639e+07  7.38%   1.5    4s
  1583  1585 1.0670e+07 1556  118 1.1487e+07 1.0639e+07  7.38%   1.4    5s
H 2557  2428                    1.147570e+07 1.0666e+07  7.06%   1.8    7s
H 2568  2315                    1.147332e+07 1.0667e+07  7.03%   1.9    7s
H 2570  2200                    1.144315e+07 1.0667e+07  6.78%   1.9    7s
H 2570  2090                    1.144209e+07 1.0667e+07  6.78%   1.9    7s
H 2578  1992                    1.142954e+07 1.0685e+07  6.51%   2.0    9s
H 2586  1899                    1.142561e+07 1.0685e+07  6.48%   2.1    9s
  2588  1900 1.0685e+07 1772   50 1.1426e+07 1.0685e+07  6.48%   2.1   10s
H 2592  1808                    1.142394e+07 1.0961e+07  4.06%   2.3   10s
H 2592  1718                    1.142388e+07 1.0961e+07  4.06%   2.3   10s
H 2593  1633                    1.141864e+07 1.0961e+07  4.01%   2.3   10s
H 2914  1765                    1.139721e+07 1.0986e+07  3.61%   2.6   12s
H 3069  1791                    1.139718e+07 1.0986e+07  3.61%   2.9   13s
H 3884  2260                    1.139624e+07 1.0986e+07  3.60%   4.1   14s
  3911  2280 1.1008e+07  723  122 1.1396e+07 1.0986e+07  3.60%   4.1   15s
H 4175  2384                    1.139250e+07 1.0986e+07  3.57%   4.6   15s
  5854  3505 1.1019e+07 1695  104 1.1393e+07 1.0986e+07  3.57%   8.9   20s
H 7976  5373                    1.138924e+07 1.0986e+07  3.54%  10.4   24s
H 7985  5382                    1.138810e+07 1.0986e+07  3.53%  10.4   24s
  8004  5403 1.0992e+07   85  126 1.1388e+07 1.0986e+07  3.53%  10.3   25s
H 8985  6382                    1.138810e+07 1.0986e+07  3.53%   9.6   26s
H10308  7705                    1.138308e+07 1.0986e+07  3.49%   8.9   28s
 11066  8465 1.1023e+07 1616  115 1.1383e+07 1.0986e+07  3.49%   8.6   30s
 14218 11617 1.1007e+07  505  109 1.1383e+07 1.0986e+07  3.49%   7.4   35s
 16924 14323 1.1027e+07 1858  101 1.1383e+07 1.0986e+07  3.49%   6.9   40s
 19914 17313 1.1015e+07  669  105 1.1383e+07 1.0986e+07  3.49%   6.8   45s
 22963 20362 1.1031e+07 2194  102 1.1383e+07 1.0986e+07  3.49%   6.5   50s
H25911 23308                    1.138286e+07 1.0986e+07  3.49%   6.2   54s
 26115 23514 1.1024e+07 1082  101 1.1383e+07 1.0986e+07  3.49%   6.2   55s
H26911 24308                    1.138175e+07 1.0986e+07  3.48%   6.2   56s
 29350 26749 1.1064e+07 2516  110 1.1382e+07 1.0986e+07  3.48%   6.1   60s
 31874 29273 1.1028e+07 1275  110 1.1382e+07 1.0986e+07  3.48%   6.1   65s
 34893 32292 1.0998e+07   94  121 1.1382e+07 1.0986e+07  3.48%   6.1   70s
 38078 35477 1.1038e+07 1687  100 1.1382e+07 1.0986e+07  3.48%   6.1   75s
H39848 37245                    1.138122e+07 1.0986e+07  3.47%   6.1   78s
 41035 38434 1.1015e+07  667  105 1.1381e+07 1.0986e+07  3.47%   6.0   80s
H41994 39391                    1.138119e+07 1.0986e+07  3.47%   6.1   81s
H42662 40059                    1.138103e+07 1.0986e+07  3.47%   6.1   82s
 44172 41571 1.1040e+07 2235  111 1.1381e+07 1.0986e+07  3.47%   6.1   85s
 47837 45236 1.1053e+07 2508  113 1.1381e+07 1.0986e+07  3.47%   5.9   90s
 51092 48491 1.1051e+07 2481  100 1.1381e+07 1.0986e+07  3.47%   5.6   95s
 54633 52032 1.1052e+07 2524  115 1.1381e+07 1.0986e+07  3.47%   5.4  100s
H55040 52437                    1.137733e+07 1.0986e+07  3.44%   5.4  100s
H55041 52438                    1.137732e+07 1.0986e+07  3.44%   5.4  100s
 59963 57362 1.1029e+07 1402  126 1.1377e+07 1.0986e+07  3.44%   5.3  105s
 65352 62751 1.1057e+07 2524  112 1.1377e+07 1.0986e+07  3.44%   5.2  110s
H67425 64822                    1.137232e+07 1.0986e+07  3.40%   5.2  112s
 70830 68229 1.1027e+07 1644  101 1.1372e+07 1.0986e+07  3.40%   5.0  115s
 75717 73072 1.1003e+07  204  119 1.1372e+07 1.0986e+07  3.40%   4.8  120s
H76149 73502                    1.136761e+07 1.0986e+07  3.36%   4.8  120s
H76246 73599                    1.136519e+07 1.0986e+07  3.34%   4.8  120s
H76343 73696                    1.136465e+07 1.0986e+07  3.33%   4.8  120s
H76537 73890                    1.136430e+07 1.0986e+07  3.33%   4.8  121s
H76634 73987                    1.136200e+07 1.0986e+07  3.31%   4.8  121s
H76925 74273                    1.135330e+07 1.0986e+07  3.24%   4.9  121s
H77119 74467                    1.135310e+07 1.0986e+07  3.23%   4.9  121s
H77410 74758                    1.135227e+07 1.0986e+07  3.23%   4.9  122s
H77507 74855                    1.135172e+07 1.0986e+07  3.22%   4.9  122s
 79230 76580 1.1070e+07 1961   98 1.1352e+07 1.0986e+07  3.22%   5.2  125s
H81754 79102                    1.134911e+07 1.0986e+07  3.20%   5.4  128s
H82754 80102                    1.134908e+07 1.0986e+07  3.20%   5.4  129s
 83281 80631 1.1102e+07 2515   97 1.1349e+07 1.0986e+07  3.20%   5.4  130s
H84387 81735                    1.134818e+07 1.0986e+07  3.19%   5.3  131s
H85387 82665                    1.134797e+07 1.0986e+07  3.19%   5.3  132s
H85742 83020                    1.134565e+07 1.0986e+07  3.17%   5.3  132s
 88357 85548 1.1325e+07  554   55 1.1346e+07 1.0986e+07  3.17%   5.2  135s
H92251 89291                    1.134233e+07 1.0986e+07  3.14%   5.0  139s
*92315 89335             553    1.134189e+07 1.0986e+07  3.14%   5.0  139s
 92742 89721 1.1133e+07  169   78 1.1342e+07 1.0986e+07  3.14%   5.0  140s
*93110 90067             528    1.134188e+07 1.0986e+07  3.14%   5.0  140s
*93115 90066             528    1.134187e+07 1.0986e+07  3.14%   5.0  140s
H93803 90558                    1.133061e+07 1.0986e+07  3.04%   5.0  141s
 97834 94448 1.1159e+07  743   72 1.1331e+07 1.0986e+07  3.04%   4.9  145s
 103212 99825 1.1168e+07 2529   74 1.1331e+07 1.0986e+07  3.04%   4.8  150s
 107603 104125 1.1163e+07  695   80 1.1331e+07 1.0986e+07  3.04%   4.7  155s
 112166 108658 1.1153e+07  937   77 1.1331e+07 1.0986e+07  3.04%   4.7  160s
 115694 112184 1.1203e+07 2525  115 1.1331e+07 1.0986e+07  3.04%   4.8  165s
H117646 113806                    1.132658e+07 1.0986e+07  3.00%   4.8  167s
 120018 116088     cutoff 1027      1.1327e+07 1.0987e+07  3.00%   4.7  170s
 124862 120689 1.1123e+07  244   81 1.1327e+07 1.0987e+07  3.00%   4.6  175s
 130026 125790 1.1208e+07 1829   63 1.1327e+07 1.0987e+07  3.00%   4.5  180s
 134967 130151 1.1223e+07 2514   72 1.1327e+07 1.0987e+07  3.00%   4.5  185s
 139443 134482 1.1128e+07  298  116 1.1327e+07 1.0987e+07  3.00%   4.4  190s
 143918 138907 1.1136e+07  611  121 1.1327e+07 1.0987e+07  3.00%   4.4  195s
 147734 142723 1.1185e+07 2519   67 1.1327e+07 1.0987e+07  3.00%   4.5  200s
H150354 145160                    1.132458e+07 1.0987e+07  2.98%   4.4  202s
H150451 145248                    1.132396e+07 1.0987e+07  2.98%   4.4  202s
H151130 145924                    1.132377e+07 1.0987e+07  2.98%   4.4  203s
 152816 147594 1.1179e+07 1430   67 1.1324e+07 1.0987e+07  2.98%   4.4  205s
H153178 147954                    1.132376e+07 1.0987e+07  2.98%   4.4  205s
H153943 148712                    1.132280e+07 1.0987e+07  2.97%   4.4  206s
H156756 151471                    1.132227e+07 1.0987e+07  2.96%   4.3  208s
 157934 152596 1.1319e+07  310   92 1.1322e+07 1.0987e+07  2.96%   4.3  210s
 163035 157584 1.1211e+07 1634   96 1.1322e+07 1.0987e+07  2.96%   4.2  215s
 167032 161447 1.1204e+07 2126   60 1.1322e+07 1.0987e+07  2.96%   4.2  220s
H169129 163405                    1.132225e+07 1.0987e+07  2.96%   4.2  222s
 171916 166116 1.1223e+07 2533   69 1.1322e+07 1.0987e+07  2.96%   4.1  225s
H172664 165616                    1.131555e+07 1.0987e+07  2.91%   4.1  225s
H172761 165322                    1.130990e+07 1.0987e+07  2.86%   4.1  225s
H172802 165353                    1.130989e+07 1.0987e+07  2.86%   4.1  225s
 176932 169405 1.1124e+07  410  121 1.1310e+07 1.0987e+07  2.86%   4.1  230s
H177076 169532                    1.130971e+07 1.0987e+07  2.85%   4.1  230s
 180667 173125 1.1182e+07 2277   81 1.1310e+07 1.0987e+07  2.85%   4.2  235s
 185606 178015 1.1200e+07  562  109 1.1310e+07 1.0987e+07  2.85%   4.1  240s
 190424 182789 1.1209e+07 2090   63 1.1310e+07 1.0987e+07  2.85%   4.1  245s
 195485 187469 1.1237e+07 2311   63 1.1310e+07 1.0987e+07  2.85%   4.0  250s
 199816 191653 1.1205e+07 2488  108 1.1310e+07 1.0987e+07  2.85%   4.0  255s
 204559 196209 1.1141e+07  432   78 1.1310e+07 1.0987e+07  2.85%   4.0  260s
 209706 201227 1.1187e+07 1839   66 1.1310e+07 1.0987e+07  2.85%   3.9  265s
 213492 205013 1.1170e+07 1398   65 1.1310e+07 1.0987e+07  2.85%   3.9  270s
 218587 210108 1.1266e+07 2392  101 1.1310e+07 1.0987e+07  2.85%   3.9  275s
 223044 214173 1.1218e+07 2266   95 1.1310e+07 1.0987e+07  2.85%   3.9  280s
 227978 219083 1.1252e+07 1415  105 1.1310e+07 1.0987e+07  2.85%   3.9  285s
 231498 222122 1.1202e+07  577   76 1.1310e+07 1.0987e+07  2.85%   3.9  290s
 236187 226682 1.1154e+07  590   79 1.1310e+07 1.0987e+07  2.85%   3.8  295s
 240522 230939 1.1147e+07  644   88 1.1310e+07 1.0987e+07  2.85%   3.8  300s
 244908 235325 1.1177e+07  161  118 1.1310e+07 1.0987e+07  2.85%   3.9  305s
 249369 239618 1.1305e+07  409   56 1.1310e+07 1.0987e+07  2.85%   3.9  310s
 254200 244288 1.1170e+07  355   77 1.1310e+07 1.0987e+07  2.85%   3.8  315s
 258476 248215 1.1309e+07  428   58 1.1310e+07 1.0987e+07  2.85%   3.8  320s
 262820 252235 1.1205e+07 1547   64 1.1310e+07 1.0987e+07  2.85%   3.8  325s
 267505 256792 1.1240e+07 1676   62 1.1310e+07 1.0987e+07  2.85%   3.8  330s
 271232 260291 1.1156e+07  272  119 1.1310e+07 1.0987e+07  2.85%   3.8  335s
 275636 264524 1.1179e+07  315   80 1.1310e+07 1.0987e+07  2.85%   3.8  340s
 280395 269157 1.1254e+07  553  108 1.1310e+07 1.0987e+07  2.85%   3.7  345s
 284796 273478 1.1166e+07 1814   79 1.1310e+07 1.0987e+07  2.85%   3.8  350s
 288958 277626 1.1234e+07 1836   99 1.1310e+07 1.0987e+07  2.85%   3.8  355s
 293310 281778 1.1224e+07 1554   63 1.1310e+07 1.0987e+07  2.85%   3.7  360s
 297904 286170 1.1232e+07 1646   96 1.1310e+07 1.0988e+07  2.85%   3.7  365s
 302935 291166 1.1217e+07  780   61 1.1310e+07 1.0988e+07  2.85%   3.7  370s
 307244 295272 1.1217e+07 1178   98 1.1310e+07 1.0988e+07  2.85%   3.7  375s
 311039 298917 1.1165e+07 1142  100 1.1310e+07 1.0988e+07  2.85%   3.7  380s
 314833 302711 1.1195e+07  627   68 1.1310e+07 1.0988e+07  2.85%   3.8  385s
 319505 307365 1.1267e+07 2210   91 1.1310e+07 1.0988e+07  2.85%   3.8  390s
 324090 311779 1.1118e+07   88  134 1.1310e+07 1.0988e+07  2.85%   3.7  395s
 328959 316573 1.1156e+07  131   90 1.1310e+07 1.0988e+07  2.85%   3.7  400s
 333294 320751 1.1207e+07  780   65 1.1310e+07 1.0988e+07  2.85%   3.7  405s
 338647 326104 1.1232e+07 2523   73 1.1310e+07 1.0988e+07  2.85%   3.7  410s
 343128 330526 1.1147e+07  541   72 1.1310e+07 1.0988e+07  2.85%   3.7  415s
 347247 334645 1.1216e+07 2516   75 1.1310e+07 1.0988e+07  2.85%   3.7  420s
 352113 339355 1.1269e+07 2553   58 1.1310e+07 1.0988e+07  2.85%   3.7  425s
 356779 343785 1.1172e+07  168   82 1.1310e+07 1.0988e+07  2.85%   3.7  430s
 361814 348747 1.1231e+07 1591   58 1.1310e+07 1.0988e+07  2.85%   3.7  435s
 366851 353725 1.1218e+07  261   76 1.1310e+07 1.0988e+07  2.85%   3.6  440s
 370643 357275 1.1138e+07  513  110 1.1310e+07 1.0988e+07  2.85%   3.6  445s
 375836 362355 1.1227e+07 1476   61 1.1310e+07 1.0988e+07  2.85%   3.6  450s
 380597 367034 1.1266e+07 2232   58 1.1310e+07 1.0988e+07  2.85%   3.6  455s
 385226 371593 1.1159e+07  331  118 1.1310e+07 1.0988e+07  2.84%   3.6  460s
 389474 375821 1.1257e+07 1093   98 1.1310e+07 1.0988e+07  2.84%   3.6  465s
 394153 380346 1.1291e+07 2521   60 1.1310e+07 1.0988e+07  2.84%   3.6  470s
 397893 384037 1.1205e+07 1728   76 1.1310e+07 1.0988e+07  2.84%   3.6  475s
 401885 388008 1.1223e+07 1678   63 1.1310e+07 1.0988e+07  2.84%   3.6  480s
 406740 392863 1.1143e+07  216   74 1.1310e+07 1.0988e+07  2.84%   3.6  485s
 410119 396180 1.1170e+07  163   80 1.1310e+07 1.0988e+07  2.84%   3.6  490s
 413130 399079 1.1127e+07   83   92 1.1310e+07 1.0988e+07  2.84%   3.6  495s
 415601 401325 1.1219e+07 1434   62 1.1310e+07 1.0988e+07  2.84%   3.6  500s
 418475 404175 1.1190e+07  905  108 1.1310e+07 1.0988e+07  2.84%   3.6  505s
 421675 407363 1.1206e+07  941   62 1.1310e+07 1.0988e+07  2.84%   3.6  510s
 424735 410284 1.1229e+07  459  107 1.1310e+07 1.0988e+07  2.84%   3.6  515s
 427855 413338 1.1249e+07 1937   58 1.1310e+07 1.0988e+07  2.84%   3.6  520s
 430380 415817 1.1207e+07 1208  104 1.1310e+07 1.0988e+07  2.84%   3.6  525s
 433346 418653 1.1162e+07  444  117 1.1310e+07 1.0988e+07  2.84%   3.6  530s
 436807 422113 1.1212e+07  627   79 1.1310e+07 1.0988e+07  2.84%   3.6  535s
 439984 425218 1.1189e+07  474   74 1.1310e+07 1.0988e+07  2.84%   3.5  540s
 443077 428192 1.1222e+07  211  118 1.1310e+07 1.0988e+07  2.84%   3.5  545s
H443683 423722                    1.129164e+07 1.0988e+07  2.69%   3.5  547s
H444683 424547                    1.129160e+07 1.0988e+07  2.69%   3.5  549s
 444850 424684 1.1282e+07  293   68 1.1292e+07 1.0988e+07  2.69%   3.5  550s
 447274 426912 1.1139e+07  101   85 1.1292e+07 1.0988e+07  2.69%   3.5  555s
 450133 429453 1.1255e+07 2195   91 1.1292e+07 1.0988e+07  2.69%   3.5  560s
 452435 431476 1.1220e+07  206  123 1.1292e+07 1.0988e+07  2.69%   3.5  565s
 455600 434619 1.1259e+07 2400   96 1.1292e+07 1.0988e+07  2.69%   3.5  570s
 457587 436312 1.1146e+07  104  124 1.1292e+07 1.0988e+07  2.69%   3.5  575s
 460144 438766 1.1232e+07 1601  104 1.1292e+07 1.0988e+07  2.69%   3.5  580s
 462487 441075 1.1173e+07  963   81 1.1292e+07 1.0988e+07  2.69%   3.5  585s
 466637 445225 1.1133e+07  444  122 1.1292e+07 1.0988e+07  2.69%   3.6  590s
 471599 450136 1.1250e+07 1731   98 1.1292e+07 1.0988e+07  2.68%   3.6  595s
 475182 453360 1.1282e+07  402   58 1.1292e+07 1.0988e+07  2.68%   3.6  600s
 479848 457943 1.1200e+07 1193  100 1.1292e+07 1.0988e+07  2.68%   3.5  605s
 483956 461885 1.1165e+07  179   83 1.1292e+07 1.0988e+07  2.68%   3.5  610s
 487333 465198 1.1170e+07  826   72 1.1292e+07 1.0988e+07  2.68%   3.5  615s
 491847 469684 1.1154e+07  348   73 1.1292e+07 1.0988e+07  2.68%   3.6  620s
 495010 472815 1.1162e+07  619  122 1.1292e+07 1.0989e+07  2.68%   3.5  625s
 498083 475820     cutoff  419      1.1292e+07 1.0989e+07  2.68%   3.5  630s
 500708 478279 1.1270e+07 1877   95 1.1292e+07 1.0989e+07  2.68%   3.5  635s
 503704 481076 1.1102e+07   78   98 1.1292e+07 1.0989e+07  2.68%   3.5  640s
 506357 483671 1.1129e+07  185   84 1.1292e+07 1.0989e+07  2.68%   3.5  645s
 509467 486780 1.1134e+07  113   78 1.1292e+07 1.0989e+07  2.68%   3.5  650s
 512528 489752 1.1281e+07  393  106 1.1292e+07 1.0989e+07  2.68%   3.5  655s
 515036 492119 1.1178e+07 1101   78 1.1292e+07 1.0989e+07  2.68%   3.5  660s
 518080 495163 1.1221e+07 2581   74 1.1292e+07 1.0989e+07  2.68%   3.5  665s
 520544 497539 1.1140e+07  141  121 1.1292e+07 1.0989e+07  2.68%   3.5  670s
 523332 500179 1.1226e+07  540   64 1.1292e+07 1.0989e+07  2.68%   3.5  675s
 524965 500322     cutoff  946      1.1292e+07 1.0989e+07  2.68%   3.6  680s
 527917 503226 1.1241e+07 2495  107 1.1292e+07 1.0989e+07  2.68%   3.6  685s
H530397 500483                    1.128232e+07 1.0989e+07  2.60%   3.6  690s
 533125 503133 1.1219e+07  257   67 1.1282e+07 1.0989e+07  2.60%   3.6  695s
 535566 505370 1.1135e+07  433  120 1.1282e+07 1.0989e+07  2.60%   3.6  700s
H538288 508044                    1.128232e+07 1.0989e+07  2.60%   3.6  704s
 538542 508300 1.1131e+07  326  115 1.1282e+07 1.0989e+07  2.60%   3.6  705s
 541392 511150 1.1188e+07 1751   63 1.1282e+07 1.0989e+07  2.60%   3.6  710s
 544345 513788 1.1148e+07  304   77 1.1282e+07 1.0989e+07  2.60%   3.6  715s
 547634 517033 1.1128e+07  157  120 1.1282e+07 1.0989e+07  2.60%   3.6  720s
 549965 519272 1.1260e+07 1478  103 1.1282e+07 1.0989e+07  2.60%   3.6  725s
H550651 519848                    1.128232e+07 1.0989e+07  2.60%   3.6  726s
 552523 521696 1.1231e+07 1465   93 1.1282e+07 1.0989e+07  2.60%   3.6  730s
 555480 524553 1.1217e+07  498   71 1.1282e+07 1.0989e+07  2.60%   3.6  735s
 558629 527536 1.1258e+07 1192   59 1.1282e+07 1.0989e+07  2.60%   3.6  740s
 561585 530360 1.1263e+07 2515   92 1.1282e+07 1.0989e+07  2.60%   3.6  745s
 563390 532121 1.1155e+07  965  119 1.1282e+07 1.0989e+07  2.60%   3.6  750s
 565488 534219 1.1171e+07 2014  119 1.1282e+07 1.0989e+07  2.60%   3.6  755s
 568314 537045 1.1249e+07 1383   57 1.1282e+07 1.0989e+07  2.60%   3.6  760s
 571383 540038 1.1253e+07 2440   59 1.1282e+07 1.0989e+07  2.60%   3.6  765s
 573829 542366 1.1247e+07 1886   56 1.1282e+07 1.0989e+07  2.60%   3.6  770s
 577585 545888     cutoff  433      1.1282e+07 1.0989e+07  2.60%   3.6  775s
 581205 549290 1.1145e+07  354  121 1.1282e+07 1.0989e+07  2.60%   3.6  780s
 584764 552849 1.1203e+07 2133   78 1.1282e+07 1.0989e+07  2.60%   3.7  785s
 588695 556672 1.1203e+07  675   72 1.1282e+07 1.0989e+07  2.60%   3.7  790s
 593823 561760 1.1229e+07  646  109 1.1282e+07 1.0989e+07  2.60%   3.6  795s
 597034 564720 1.1137e+07  406  114 1.1282e+07 1.0989e+07  2.60%   3.6  800s
 601800 569416 1.1263e+07 1881   56 1.1282e+07 1.0989e+07  2.60%   3.6  805s
 606222 573646 1.1189e+07  662  102 1.1282e+07 1.0989e+07  2.60%   3.6  810s
 611030 578332 1.1145e+07  232   81 1.1282e+07 1.0989e+07  2.60%   3.6  815s
 614850 581922 1.1267e+07 1034  107 1.1282e+07 1.0989e+07  2.60%   3.6  820s
 619147 586061 1.1137e+07   98  129 1.1282e+07 1.0989e+07  2.60%   3.6  825s
 623695 590490     cutoff  330      1.1282e+07 1.0989e+07  2.60%   3.6  830s
 627670 594169 1.1243e+07  279   66 1.1282e+07 1.0989e+07  2.60%   3.6  835s
 631629 598044 1.1180e+07  795   85 1.1282e+07 1.0989e+07  2.60%   3.6  840s
 635676 602051 1.1208e+07  968  101 1.1282e+07 1.0989e+07  2.60%   3.6  845s
 640088 606341 1.1244e+07  273   66 1.1282e+07 1.0989e+07  2.60%   3.6  850s
 643411 609538 1.1158e+07  978  118 1.1282e+07 1.0989e+07  2.60%   3.6  855s
 647504 613631 1.1223e+07  579   74 1.1282e+07 1.0989e+07  2.60%   3.6  860s
 652224 618279 1.1264e+07 2523   90 1.1282e+07 1.0989e+07  2.60%   3.6  865s
 655905 621748 1.1246e+07 1296   62 1.1282e+07 1.0989e+07  2.60%   3.6  870s
 660119 625674 1.1202e+07  832  105 1.1282e+07 1.0989e+07  2.60%   3.6  875s
H664072 629437                    1.128231e+07 1.0989e+07  2.60%   3.6  879s
 664181 629548 1.1138e+07  370  120 1.1282e+07 1.0989e+07  2.60%   3.6  880s
 668035 633402 1.1200e+07 2297   60 1.1282e+07 1.0989e+07  2.60%   3.6  885s
 672389 637641 1.1171e+07  537  107 1.1282e+07 1.0989e+07  2.60%   3.6  890s
 677216 642432 1.1247e+07 2520   92 1.1282e+07 1.0989e+07  2.60%   3.6  895s
 680961 646015 1.1102e+07  123  134 1.1282e+07 1.0989e+07  2.60%   3.6  900s
 685023 649885 1.1235e+07 1384   59 1.1282e+07 1.0989e+07  2.60%   3.6  905s
 689528 654262 1.1194e+07  944   70 1.1282e+07 1.0989e+07  2.60%   3.6  910s
 692908 657616     cutoff 2522      1.1282e+07 1.0989e+07  2.60%   3.6  915s
 696472 660976 1.1259e+07 1857  100 1.1282e+07 1.0989e+07  2.60%   3.6  920s
 700581 664795 1.1132e+07  109   85 1.1282e+07 1.0990e+07  2.59%   3.6  925s
Created node file directory '/home/ps12398/efpe/goalProgrammingMarcos//grbnodes15'
 703728 667766 1.1194e+07  230   80 1.1282e+07 1.0990e+07  2.59%   3.6  936s
 706741 670583 1.1160e+07  589  107 1.1282e+07 1.0990e+07  2.59%   3.6  940s
 710642 674322     cutoff 1233      1.1282e+07 1.0990e+07  2.59%   3.6  945s
 715144 678678 1.1245e+07  509  105 1.1282e+07 1.0990e+07  2.59%   3.6  950s
 718695 682095 1.1260e+07 2085  102 1.1282e+07 1.0990e+07  2.59%   3.6  961s
 721315 684531 1.1231e+07  294   63 1.1282e+07 1.0990e+07  2.59%   3.6  965s
 724767 687885 1.1172e+07 1504   58 1.1282e+07 1.0990e+07  2.59%   3.6  970s
 729454 692492 1.1204e+07  685   66 1.1282e+07 1.0990e+07  2.59%   3.6  975s
 731690 694676 1.1147e+07  382  113 1.1282e+07 1.0990e+07  2.59%   3.6  984s
 732618 695604 1.1191e+07 1203  101 1.1282e+07 1.0990e+07  2.59%   3.6  985s
 736930 699722 1.1233e+07 1357  103 1.1282e+07 1.0990e+07  2.59%   3.6  990s
 740798 703482 1.1227e+07 1886   90 1.1282e+07 1.0990e+07  2.59%   3.6  995s
 744972 707540 1.1193e+07 2317   94 1.1282e+07 1.0990e+07  2.59%   3.6 1006s
 748086 710620 1.1257e+07 2275   90 1.1282e+07 1.0990e+07  2.59%   3.6 1010s
 752167 714427 1.1192e+07 1089   66 1.1282e+07 1.0990e+07  2.59%   3.6 1015s
 755672 717862 1.1250e+07  990   96 1.1282e+07 1.0990e+07  2.59%   3.6 1020s
 758286 720366 1.1184e+07  297   73 1.1282e+07 1.0990e+07  2.59%   3.6 1033s
 759128 721208 1.1211e+07 1139   62 1.1282e+07 1.0990e+07  2.59%   3.6 1035s
 762022 723964 1.1191e+07 1116   99 1.1282e+07 1.0990e+07  2.59%   3.6 1040s
 764699 726427 1.1155e+07  165   81 1.1282e+07 1.0990e+07  2.59%   3.6 1045s
 767746 729416 1.1146e+07  324  116 1.1282e+07 1.0990e+07  2.59%   3.6 1050s
 770075 731693 1.1124e+07  164  117 1.1282e+07 1.0990e+07  2.59%   3.6 1055s
 770191 731809 1.1139e+07  222  113 1.1282e+07 1.0990e+07  2.59%   3.6 1064s
 770363 731981 1.1140e+07  308  113 1.1282e+07 1.0990e+07  2.59%   3.6 1065s
 772657 734275 1.1203e+07 1455   99 1.1282e+07 1.0990e+07  2.59%   3.6 1070s
 775009 736605 1.1259e+07 2527   65 1.1282e+07 1.0990e+07  2.59%   3.6 1075s
 777847 739335 1.1204e+07  209  115 1.1282e+07 1.0990e+07  2.59%   3.6 1080s
 780271 741653 1.1231e+07 1070  101 1.1282e+07 1.0990e+07  2.59%   3.6 1085s
 781355 742519 1.1107e+07  112  130 1.1282e+07 1.0990e+07  2.59%   3.6 1096s
 783098 744262 1.1240e+07 1528   93 1.1282e+07 1.0990e+07  2.59%   3.6 1100s
 785703 746669 1.1204e+07  556   69 1.1282e+07 1.0990e+07  2.59%   3.6 1105s
 788853 749781 1.1226e+07 1079   63 1.1282e+07 1.0990e+07  2.59%   3.6 1110s
 791333 752133 1.1138e+07  424  126 1.1282e+07 1.0990e+07  2.59%   3.6 1115s
 793397 754197 1.1182e+07 1456  116 1.1282e+07 1.0990e+07  2.59%   3.6 1128s
 794271 755071 1.1191e+07 1893  105 1.1282e+07 1.0990e+07  2.59%   3.6 1130s
 796763 757549 1.1169e+07  449  110 1.1282e+07 1.0990e+07  2.59%   3.6 1135s
 798773 759413 1.1125e+07  104  131 1.1282e+07 1.0990e+07  2.59%   3.6 1140s
 801311 761825 1.1203e+07 1141  101 1.1282e+07 1.0990e+07  2.59%   3.6 1145s
 804394 764830 1.1105e+07   89  131 1.1282e+07 1.0990e+07  2.59%   3.6 1150s
 804805 765241 1.1165e+07  387  114 1.1282e+07 1.0990e+07  2.59%   3.6 1158s
 805724 766160 1.1265e+07  969   59 1.1282e+07 1.0990e+07  2.59%   3.6 1160s
 808759 769163     cutoff 2583      1.1282e+07 1.0990e+07  2.59%   3.6 1165s
 811106 771300 1.1121e+07  205  126 1.1282e+07 1.0990e+07  2.59%   3.6 1170s
 812846 773040 1.1164e+07 1075  110 1.1282e+07 1.0990e+07  2.59%   3.6 1175s
 815396 775590 1.1193e+07 2350   77 1.1282e+07 1.0990e+07  2.59%   3.6 1180s
 815910 776104 1.1222e+07 2537   77 1.1282e+07 1.0990e+07  2.59%   3.6 1187s
 818321 778491 1.1181e+07  252   77 1.1282e+07 1.0990e+07  2.59%   3.6 1190s
 822895 782875 1.1230e+07 1714  104 1.1282e+07 1.0990e+07  2.59%   3.6 1195s
 827323 787118 1.1273e+07 1641   66 1.1282e+07 1.0990e+07  2.59%   3.6 1200s
 827674 787457 1.1253e+07 1981   57 1.1282e+07 1.0990e+07  2.59%   3.6 1206s
 829861 789426 1.1226e+07  783   66 1.1282e+07 1.0990e+07  2.59%   3.6 1210s
 834497 794008 1.1187e+07  699   66 1.1282e+07 1.0990e+07  2.59%   3.6 1215s
 838606 798065 1.1165e+07  796   77 1.1282e+07 1.0990e+07  2.59%   3.6 1225s
 841314 800773 1.1228e+07 2150   69 1.1282e+07 1.0990e+07  2.59%   3.6 1230s
 845359 804640 1.1140e+07  165   76 1.1282e+07 1.0990e+07  2.59%   3.6 1235s
 849704 808859 1.1177e+07  558  110 1.1282e+07 1.0990e+07  2.59%   3.6 1245s
 852958 811997 1.1203e+07  656   71 1.1282e+07 1.0990e+07  2.59%   3.6 1250s
 856091 815064 1.1218e+07 1153   73 1.1282e+07 1.0990e+07  2.59%   3.6 1255s
 858938 817847 1.1209e+07 1406   95 1.1282e+07 1.0990e+07  2.59%   3.6 1260s
 860937 819796 1.1195e+07  144   76 1.1282e+07 1.0990e+07  2.59%   3.6 1272s
 862344 821163 1.1213e+07 1117   70 1.1282e+07 1.0990e+07  2.59%   3.6 1275s
 865304 824013 1.1261e+07  899   63 1.1282e+07 1.0990e+07  2.59%   3.6 1280s
 867989 826568 1.1246e+07 1555   61 1.1282e+07 1.0990e+07  2.59%   3.6 1285s
 870844 829265 1.1134e+07  172   83 1.1282e+07 1.0990e+07  2.59%   3.6 1290s
 873029 831408 1.1128e+07  241  124 1.1282e+07 1.0990e+07  2.59%   3.6 1300s
 875051 833430 1.1206e+07 1883   95 1.1282e+07 1.0990e+07  2.59%   3.6 1305s
 878006 836275 1.1217e+07 1298   94 1.1282e+07 1.0990e+07  2.59%   3.6 1310s
 881206 839386 1.1238e+07 2067   95 1.1282e+07 1.0990e+07  2.59%   3.6 1315s
 883497 841462 1.1147e+07  467   84 1.1282e+07 1.0990e+07  2.59%   3.6 1320s
 883949 841914 1.1160e+07  693  111 1.1282e+07 1.0990e+07  2.59%   3.6 1329s
 884246 842211 1.1167e+07  841  118 1.1282e+07 1.0990e+07  2.59%   3.6 1330s
 886099 844064 1.1191e+07 1768  107 1.1282e+07 1.0990e+07  2.59%   3.6 1335s
 888370 846299 1.1144e+07  137   82 1.1282e+07 1.0990e+07  2.59%   3.6 1340s
 891398 849295 1.1209e+07 1765   61 1.1282e+07 1.0990e+07  2.59%   3.6 1345s
 894478 852291 1.1241e+07 1280   63 1.1282e+07 1.0990e+07  2.59%   3.6 1350s
 894553 852366 1.1242e+07 1355   93 1.1282e+07 1.0990e+07  2.59%   3.6 1357s
 895566 853209 1.1271e+07  436  102 1.1282e+07 1.0991e+07  2.59%   3.6 1360s
 898070 855593 1.1154e+07  663  112 1.1282e+07 1.0991e+07  2.59%   3.6 1365s
 900435 857958 1.1226e+07 2624   68 1.1282e+07 1.0991e+07  2.59%   3.6 1370s
 903559 861014 1.1247e+07 2047  101 1.1282e+07 1.0991e+07  2.59%   3.6 1375s
 905632 862955 1.1133e+07  167   84 1.1282e+07 1.0991e+07  2.59%   3.6 1386s
 907482 864789 1.1246e+07 1822   99 1.1282e+07 1.0991e+07  2.59%   3.6 1390s
 910343 867508 1.1161e+07  220   85 1.1282e+07 1.0991e+07  2.59%   3.6 1395s
 913212 870311 1.1215e+07 2155   95 1.1282e+07 1.0991e+07  2.59%   3.6 1400s
 916072 873041 1.1133e+07  194   86 1.1282e+07 1.0991e+07  2.59%   3.6 1405s
 917256 874065 1.1170e+07  421   74 1.1282e+07 1.0991e+07  2.59%   3.6 1415s
 920487 877232 1.1245e+07  949   97 1.1282e+07 1.0991e+07  2.59%   3.6 1420s
 922860 879474 1.1235e+07 1465   95 1.1282e+07 1.0991e+07  2.59%   3.6 1425s
 925187 881679 1.1168e+07  707  118 1.1282e+07 1.0991e+07  2.59%   3.6 1430s
 927453 883945 1.1195e+07 1840   78 1.1282e+07 1.0991e+07  2.59%   3.6 1435s
 928085 884577 1.1191e+07 2156   76 1.1282e+07 1.0991e+07  2.59%   3.6 1443s
 929232 885724 1.1211e+07 2533   74 1.1282e+07 1.0991e+07  2.59%   3.6 1445s
 932876 889142 1.1248e+07  335   61 1.1282e+07 1.0991e+07  2.59%   3.6 1450s
 937703 893837 1.1162e+07  238   83 1.1282e+07 1.0991e+07  2.59%   3.6 1455s
 939559 895593 1.1214e+07  879   72 1.1282e+07 1.0991e+07  2.59%   3.6 1462s
 941061 897023 1.1146e+07  257   85 1.1282e+07 1.0991e+07  2.58%   3.6 1465s
 943461 899265 1.1143e+07  233   80 1.1282e+07 1.0991e+07  2.58%   3.6 1470s
 945693 901397 1.1155e+07  999   70 1.1282e+07 1.0991e+07  2.58%   3.6 1475s
 948700 904404 1.1197e+07 2503   63 1.1282e+07 1.0991e+07  2.58%   3.6 1480s
 949930 905634 1.1161e+07  465  113 1.1282e+07 1.0991e+07  2.58%   3.6 1489s
 950351 906055 1.1182e+07  801  102 1.1282e+07 1.0991e+07  2.58%   3.6 1490s
 953271 908949 1.1154e+07  497   81 1.1282e+07 1.0991e+07  2.58%   3.6 1495s
 955582 911154 1.1171e+07  692   69 1.1282e+07 1.0991e+07  2.58%   3.6 1500s
 958464 913976 1.1221e+07 1584   98 1.1282e+07 1.0991e+07  2.58%   3.6 1505s
 961268 916682 1.1234e+07 1770   95 1.1282e+07 1.0991e+07  2.58%   3.6 1516s
 963303 918589 1.1143e+07  497  120 1.1282e+07 1.0991e+07  2.58%   3.6 1520s
 966453 921717 1.1117e+07   88   93 1.1282e+07 1.0991e+07  2.58%   3.6 1525s
 968732 923900 1.1159e+07  278   87 1.1282e+07 1.0991e+07  2.58%   3.6 1530s
 971798 926924 1.1188e+07  967  104 1.1282e+07 1.0991e+07  2.58%   3.6 1542s
 973299 928417 1.1272e+07 2461  108 1.1282e+07 1.0991e+07  2.58%   3.6 1545s
 975450 930518 1.1167e+07 1107   72 1.1282e+07 1.0991e+07  2.58%   3.6 1550s
 978355 933423 1.1193e+07 2560   59 1.1282e+07 1.0991e+07  2.58%   3.6 1555s
 980722 935764 1.1233e+07 1721   94 1.1282e+07 1.0991e+07  2.58%   3.6 1560s
 983621 938531 1.1175e+07 1625   70 1.1282e+07 1.0991e+07  2.58%   3.6 1572s
 985476 940382     cutoff  411      1.1282e+07 1.0991e+07  2.58%   3.6 1575s
 988070 942774 1.1179e+07  418   76 1.1282e+07 1.0991e+07  2.58%   3.6 1580s
 992164 946634 1.1271e+07 2525   67 1.1282e+07 1.0991e+07  2.58%   3.6 1585s
 994999 949379 1.1208e+07  938   99 1.1282e+07 1.0991e+07  2.58%   3.6 1593s
 996404 950784 1.1225e+07 2204   96 1.1282e+07 1.0991e+07  2.58%   3.6 1595s
 1000871 955055 1.1135e+07  122   80 1.1282e+07 1.0991e+07  2.58%   3.6 1600s
 1005645 959727 1.1257e+07 1874   93 1.1282e+07 1.0991e+07  2.58%   3.5 1605s
 1006257 960283 1.1126e+07  270  118 1.1282e+07 1.0991e+07  2.58%   3.5 1611s
 1009324 963312     cutoff 2537      1.1282e+07 1.0991e+07  2.58%   3.5 1615s
 1012596 966282 1.1202e+07  332   76 1.1282e+07 1.0991e+07  2.58%   3.5 1620s
 1016115 969677 1.1215e+07  712  105 1.1282e+07 1.0991e+07  2.58%   3.5 1625s
 1017021 970583 1.1232e+07 1574   97 1.1282e+07 1.0991e+07  2.58%   3.5 1633s
 1017759 971319 1.1262e+07 2094   95 1.1282e+07 1.0991e+07  2.58%   3.5 1635s
 1020030 973557 1.1184e+07 1132   98 1.1282e+07 1.0991e+07  2.58%   3.5 1640s
 1022028 975555 1.1195e+07 2131   93 1.1282e+07 1.0991e+07  2.58%   3.6 1645s
 1023982 977489 1.1174e+07  645  116 1.1282e+07 1.0991e+07  2.58%   3.6 1650s
 1026975 980312 1.1233e+07 1009   67 1.1282e+07 1.0991e+07  2.58%   3.6 1655s
 1026989 980326 1.1235e+07 1023   69 1.1282e+07 1.0991e+07  2.58%   3.6 1662s
 1028939 982232 1.1235e+07  839   65 1.1282e+07 1.0991e+07  2.58%   3.6 1665s
 1033379 986576 1.1213e+07 1051   63 1.1282e+07 1.0991e+07  2.58%   3.6 1670s
 1037824 990839 1.1249e+07 1528   94 1.1282e+07 1.0991e+07  2.58%   3.6 1675s
 1038456 991471 1.1264e+07 2160   91 1.1282e+07 1.0991e+07  2.58%   3.6 1681s
 1040887 993791 1.1276e+07  292   67 1.1282e+07 1.0991e+07  2.58%   3.5 1685s
 1043636 996454 1.1150e+07  383  126 1.1282e+07 1.0991e+07  2.58%   3.5 1690s
 1045801 998619 1.1225e+07 1466   97 1.1282e+07 1.0991e+07  2.58%   3.6 1695s
 1047919 1000611 1.1112e+07  114  125 1.1282e+07 1.0991e+07  2.58%   3.6 1700s
 1048264 1000956 1.1138e+07  392  117 1.1282e+07 1.0991e+07  2.58%   3.6 1708s
 1049220 1001912 1.1240e+07  983   96 1.1282e+07 1.0991e+07  2.58%   3.6 1710s
 1051836 1004418 1.1261e+07 1116   59 1.1282e+07 1.0991e+07  2.58%   3.6 1715s
 1054788 1007232 1.1267e+07 2181   53 1.1282e+07 1.0991e+07  2.58%   3.6 1720s
 1057782 1010078 1.1269e+07 2519   64 1.1282e+07 1.0991e+07  2.58%   3.6 1725s
 1060353 1012457 1.1127e+07  336  120 1.1282e+07 1.0991e+07  2.58%   3.6 1730s
 1061135 1013239 1.1189e+07  844   99 1.1282e+07 1.0991e+07  2.58%   3.6 1738s
 1062255 1014359 1.1258e+07 1652   92 1.1282e+07 1.0991e+07  2.58%   3.5 1740s
 1065141 1017129 1.1121e+07  176  121 1.1282e+07 1.0991e+07  2.58%   3.5 1745s
 1067328 1019122 1.1176e+07  310   81 1.1282e+07 1.0991e+07  2.58%   3.5 1750s
 1070244 1021944 1.1199e+07  259  109 1.1282e+07 1.0991e+07  2.58%   3.5 1755s
 1072050 1023694 1.1162e+07  780   82 1.1282e+07 1.0991e+07  2.58%   3.5 1764s
 1072646 1024290 1.1198e+07 1266  110 1.1282e+07 1.0991e+07  2.58%   3.5 1765s
 1077156 1028552 1.1245e+07  517  113 1.1282e+07 1.0991e+07  2.58%   3.5 1770s
 1081058 1032241 1.1205e+07  217   71 1.1282e+07 1.0991e+07  2.58%   3.5 1775s
 1083897 1034876 1.1236e+07 1829   60 1.1282e+07 1.0991e+07  2.58%   3.5 1783s
 1085169 1036014     cutoff 2626      1.1282e+07 1.0991e+07  2.58%   3.5 1785s
 1089035 1039754 1.1182e+07 1111   68 1.1282e+07 1.0991e+07  2.58%   3.5 1790s
 1092728 1043447 1.1172e+07  443   81 1.1282e+07 1.0991e+07  2.58%   3.5 1795s
 1094596 1045199 1.1164e+07  297   77 1.1282e+07 1.0991e+07  2.58%   3.5 1802s
 1096024 1046627 1.1243e+07 1725   93 1.1282e+07 1.0991e+07  2.58%   3.5 1805s
 1098805 1049202 1.1227e+07  172  111 1.1282e+07 1.0991e+07  2.58%   3.5 1810s
 1101261 1051538 1.1141e+07  152   79 1.1282e+07 1.0991e+07  2.58%   3.5 1815s
 1104271 1054484 1.1252e+07  754  105 1.1282e+07 1.0991e+07  2.58%   3.5 1820s
 1106198 1056247 1.1227e+07 1120   96 1.1282e+07 1.0991e+07  2.58%   3.5 1825s
 1107028 1057077 1.1260e+07 1950   68 1.1282e+07 1.0991e+07  2.58%   3.5 1831s
 1110519 1060360 1.1248e+07 2612   64 1.1282e+07 1.0991e+07  2.58%   3.5 1835s
 1114922 1064579 1.1183e+07  549   66 1.1282e+07 1.0991e+07  2.58%   3.5 1840s
 1117226 1066883 1.1244e+07 2535   92 1.1282e+07 1.0991e+07  2.58%   3.5 1848s
 1118775 1068348 1.1148e+07  226   85 1.1282e+07 1.0991e+07  2.58%   3.5 1850s
 1122155 1071454 1.1211e+07  397  115 1.1282e+07 1.0991e+07  2.58%   3.5 1855s
 1126403 1075222     cutoff  607      1.1282e+07 1.0991e+07  2.58%   3.5 1860s
 1128795 1077594 1.1195e+07 1271  103 1.1282e+07 1.0991e+07  2.58%   3.5 1868s
 1130287 1079086 1.1216e+07 2017   73 1.1282e+07 1.0991e+07  2.58%   3.5 1870s
 1132770 1081565 1.1240e+07 1068   99 1.1282e+07 1.0991e+07  2.58%   3.5 1875s
 1135570 1084291 1.1241e+07 2122   58 1.1282e+07 1.0991e+07  2.58%   3.5 1880s
 1138540 1087125 1.1151e+07  219   80 1.1282e+07 1.0991e+07  2.58%   3.5 1885s
 1139616 1088201 1.1266e+07 1295  100 1.1282e+07 1.0991e+07  2.58%   3.5 1894s
 1139703 1088266 1.1181e+07  210  122 1.1282e+07 1.0991e+07  2.58%   3.5 1895s
 1142303 1090700 1.1131e+07   98   83 1.1282e+07 1.0991e+07  2.58%   3.5 1900s
 1144691 1093064 1.1232e+07 2002   96 1.1282e+07 1.0991e+07  2.58%   3.5 1905s
 1147417 1095666     cutoff  153      1.1282e+07 1.0991e+07  2.58%   3.5 1910s
 1150364 1098463     cutoff  421      1.1282e+07 1.0991e+07  2.58%   3.5 1915s
 1150948 1099031 1.1138e+07  377   84 1.1282e+07 1.0991e+07  2.58%   3.5 1922s
 1152880 1100963 1.1183e+07 1343   76 1.1282e+07 1.0991e+07  2.58%   3.5 1925s
 1156759 1104792 1.1183e+07  849  111 1.1282e+07 1.0991e+07  2.58%   3.5 1930s
 1160949 1108894 1.1252e+07 2618   67 1.1282e+07 1.0991e+07  2.58%   3.5 1939s
 1160968 1108913 1.1259e+07 2619   68 1.1282e+07 1.0991e+07  2.58%   3.5 1940s
 1164838 1112591     cutoff  251      1.1282e+07 1.0991e+07  2.58%   3.5 1945s
 1168911 1116421 1.1197e+07  847  101 1.1282e+07 1.0991e+07  2.58%   3.5 1950s
 1171268 1118686 1.1268e+07  278   65 1.1282e+07 1.0991e+07  2.58%   3.5 1957s
 1173346 1120732 1.1255e+07 2141   90 1.1282e+07 1.0991e+07  2.58%   3.5 1960s
 1177484 1124780 1.1258e+07 1979   92 1.1282e+07 1.0991e+07  2.58%   3.5 1965s
 1181186 1128412 1.1180e+07 1732   72 1.1282e+07 1.0991e+07  2.58%   3.5 1970s
 1183048 1130274 1.1199e+07 2521   75 1.1282e+07 1.0991e+07  2.58%   3.5 1977s
 1185628 1132772 1.1192e+07  308  106 1.1282e+07 1.0991e+07  2.58%   3.5 1980s
 1189318 1136332 1.1242e+07 1022  101 1.1282e+07 1.0991e+07  2.58%   3.5 1985s
 1193172 1140012 1.1120e+07  108  131 1.1282e+07 1.0991e+07  2.58%   3.5 1990s
 1193784 1140624 1.1184e+07  720  101 1.1282e+07 1.0991e+07  2.58%   3.5 1996s
 1197524 1144264 1.1150e+07  180   82 1.1282e+07 1.0992e+07  2.58%   3.5 2000s
 1201696 1148302 1.1159e+07 1071   67 1.1282e+07 1.0992e+07  2.58%   3.5 2005s
 1204796 1151402 1.1218e+07 2543   74 1.1282e+07 1.0992e+07  2.58%   3.5 2014s
 1205470 1152076 1.1140e+07  360  118 1.1282e+07 1.0992e+07  2.58%   3.5 2015s
 1210512 1157116 1.1253e+07 2119   89 1.1282e+07 1.0992e+07  2.58%   3.5 2020s
 1215021 1161439 1.1177e+07  804  106 1.1282e+07 1.0992e+07  2.58%   3.5 2025s
 1215846 1162264 1.1233e+07 1629   90 1.1282e+07 1.0992e+07  2.58%   3.5 2032s
 1217099 1163415 1.1133e+07  162  121 1.1282e+07 1.0992e+07  2.58%   3.5 2035s
 1220135 1166341     cutoff  236      1.1282e+07 1.0992e+07  2.58%   3.5 2040s
 1222476 1168612 1.1239e+07  140   70 1.1282e+07 1.0992e+07  2.58%   3.5 2045s
 1226082 1172190 1.1252e+07 2628   63 1.1282e+07 1.0992e+07  2.58%   3.5 2056s
 1228380 1174442 1.1228e+07 1912   55 1.1282e+07 1.0992e+07  2.58%   3.5 2060s
 1231349 1177293 1.1264e+07 1737   94 1.1282e+07 1.0992e+07  2.58%   3.5 2065s
 1234502 1180230 1.1274e+07 2438  104 1.1282e+07 1.0992e+07  2.58%   3.5 2070s
 1237399 1182980     cutoff  400      1.1282e+07 1.0992e+07  2.58%   3.5 2075s
 1237697 1183274 1.1187e+07  380   72 1.1282e+07 1.0992e+07  2.58%   3.5 2083s
 1239042 1184619 1.1235e+07 1725   54 1.1282e+07 1.0992e+07  2.58%   3.5 2085s
 1242132 1187575 1.1212e+07 1814   95 1.1282e+07 1.0992e+07  2.58%   3.5 2090s
 1244340 1189653 1.1135e+07  124   84 1.1282e+07 1.0992e+07  2.58%   3.5 2095s
 1247316 1192551 1.1210e+07 1188  101 1.1282e+07 1.0992e+07  2.58%   3.5 2100s
 1249088 1194259 1.1214e+07  949   57 1.1282e+07 1.0992e+07  2.58%   3.5 2110s
 1251609 1196630 1.1154e+07  592  111 1.1282e+07 1.0992e+07  2.58%   3.5 2115s
 1254624 1199479 1.1106e+07   97   91 1.1282e+07 1.0992e+07  2.58%   3.5 2120s
 1256979 1201760 1.1124e+07  251  128 1.1282e+07 1.0992e+07  2.58%   3.5 2125s
 1259564 1204345 1.1209e+07 1543   75 1.1282e+07 1.0992e+07  2.58%   3.5 2130s
 1259934 1204715 1.1210e+07 1728   75 1.1282e+07 1.0992e+07  2.58%   3.5 2137s
 1261258 1206039 1.1213e+07 2390   66 1.1282e+07 1.0992e+07  2.58%   3.5 2140s
 1264215 1208880 1.1211e+07 1514   56 1.1282e+07 1.0992e+07  2.58%   3.5 2145s
 1267306 1211831 1.1245e+07 1848   58 1.1282e+07 1.0992e+07  2.58%   3.5 2150s
 1270438 1214925 1.1249e+07 2529   63 1.1282e+07 1.0992e+07  2.58%   3.5 2162s
 1272171 1216658 1.1233e+07 1358   56 1.1282e+07 1.0992e+07  2.58%   3.5 2165s
 1275412 1219741 1.1257e+07 1948   90 1.1282e+07 1.0992e+07  2.58%   3.5 2170s
 1277508 1221697 1.1216e+07  844   60 1.1282e+07 1.0992e+07  2.58%   3.5 2175s
 1280269 1224338 1.1240e+07  884   58 1.1282e+07 1.0992e+07  2.58%   3.5 2180s
 1281055 1225088 1.1142e+07  370  124 1.1282e+07 1.0992e+07  2.58%   3.5 2188s
 1281689 1225722 1.1157e+07  687   85 1.1282e+07 1.0992e+07  2.58%   3.5 2190s
 1284672 1228705 1.1197e+07 2179   61 1.1282e+07 1.0992e+07  2.58%   3.5 2195s
 1287883 1231916 1.1230e+07 2120   57 1.1282e+07 1.0992e+07  2.58%   3.5 2200s
 1290725 1234672     cutoff 1707      1.1282e+07 1.0992e+07  2.58%   3.5 2205s
 1292119 1236004 1.1228e+07 1054  100 1.1282e+07 1.0992e+07  2.58%   3.5 2214s
 1292406 1236291 1.1238e+07 1341   98 1.1282e+07 1.0992e+07  2.58%   3.5 2215s
 1295129 1238880 1.1152e+07  236   82 1.1282e+07 1.0992e+07  2.58%   3.5 2220s
 1297670 1241353 1.1132e+07  208  117 1.1282e+07 1.0992e+07  2.58%   3.5 2225s
 1301062 1244745 1.1253e+07  276   60 1.1282e+07 1.0992e+07  2.58%   3.5 2230s
 1303446 1247057 1.1259e+07 2106   93 1.1282e+07 1.0992e+07  2.58%   3.5 2240s
 1306086 1249571 1.1269e+07  317   69 1.1282e+07 1.0992e+07  2.58%   3.5 2245s
 1309046 1252335 1.1155e+07  120   84 1.1282e+07 1.0992e+07  2.58%   3.5 2250s
 1311827 1254996 infeasible  306      1.1282e+07 1.0992e+07  2.58%   3.5 2255s
 1314043 1257170 1.1177e+07  205   77 1.1282e+07 1.0992e+07  2.57%   3.5 2265s
 1316412 1259427 1.1201e+07 1736   55 1.1282e+07 1.0992e+07  2.57%   3.5 2270s
 1319364 1262297 1.1256e+07 1322   99 1.1282e+07 1.0992e+07  2.57%   3.5 2275s
 1322259 1265164 1.1201e+07 2020   63 1.1282e+07 1.0992e+07  2.57%   3.5 2280s
 1323947 1266852 1.1243e+07 2536   67 1.1282e+07 1.0992e+07  2.57%   3.5 2287s
 1325843 1268748 1.1210e+07 1033   63 1.1282e+07 1.0992e+07  2.57%   3.5 2290s
 1329469 1272000 1.1171e+07  688  102 1.1282e+07 1.0992e+07  2.57%   3.5 2295s
 1333725 1276038 1.1153e+07  680   69 1.1282e+07 1.0992e+07  2.57%   3.5 2300s
 1335038 1277351 1.1174e+07 1337   67 1.1282e+07 1.0992e+07  2.57%   3.5 2307s
 1337055 1279368 1.1207e+07 2345   79 1.1282e+07 1.0992e+07  2.57%   3.5 2310s
 1340643 1282800 1.1125e+07  205  119 1.1282e+07 1.0992e+07  2.57%   3.5 2315s
 1343924 1285979 1.1213e+07  690  103 1.1282e+07 1.0992e+07  2.57%   3.5 2324s
 1344207 1286262 1.1228e+07  757  100 1.1282e+07 1.0992e+07  2.57%   3.5 2325s
 1348142 1289733 1.1208e+07  364   74 1.1282e+07 1.0992e+07  2.57%   3.5 2330s
 1352200 1293393 1.1197e+07 1255  100 1.1282e+07 1.0992e+07  2.57%   3.5 2335s
 1356338 1297331 1.1231e+07  238   63 1.1282e+07 1.0992e+07  2.57%   3.5 2340s
 1358006 1298759 1.1196e+07  773  100 1.1282e+07 1.0992e+07  2.57%   3.5 2347s
 1360754 1301507 1.1245e+07 2536  104 1.1282e+07 1.0992e+07  2.57%   3.5 2350s
 1364233 1304740 1.1135e+07  483  108 1.1282e+07 1.0992e+07  2.57%   3.5 2355s
 1366642 1307149 1.1188e+07 1687  112 1.1282e+07 1.0992e+07  2.57%   3.5 2365s
 1368899 1309406 1.1203e+07 2538   74 1.1282e+07 1.0992e+07  2.57%   3.5 2370s
 1371299 1311752     cutoff  165      1.1282e+07 1.0992e+07  2.57%   3.5 2375s
 1373883 1314082 1.1265e+07 1632   97 1.1282e+07 1.0992e+07  2.57%   3.5 2380s
 1375563 1315430 1.1127e+07  180   77 1.1282e+07 1.0992e+07  2.57%   3.5 2385s
 1378423 1318248 1.1218e+07  300  104 1.1282e+07 1.0992e+07  2.57%   3.5 2396s
 1379630 1319153 1.1275e+07  681  111 1.1282e+07 1.0992e+07  2.57%   3.5 2400s
 1381464 1320595     cutoff  236      1.1282e+07 1.0992e+07  2.57%   3.5 2405s
 1384412 1323447 1.1275e+07 2526  101 1.1282e+07 1.0992e+07  2.57%   3.5 2410s
 1386620 1325319 1.1256e+07 1351  103 1.1282e+07 1.0992e+07  2.57%   3.5 2415s
 1388932 1327595 1.1220e+07 1213  104 1.1282e+07 1.0992e+07  2.57%   3.5 2420s
 1389947 1328610 1.1257e+07 1835   58 1.1282e+07 1.0992e+07  2.57%   3.5 2428s
 1390829 1329468 1.1168e+07  673   70 1.1282e+07 1.0992e+07  2.57%   3.5 2430s
 1393615 1331918 1.1159e+07  265   86 1.1282e+07 1.0992e+07  2.57%   3.5 2435s
 1396407 1334472 1.1142e+07  240   86 1.1282e+07 1.0992e+07  2.57%   3.5 2440s
 1399823 1337290 1.1225e+07 2479   93 1.1282e+07 1.0992e+07  2.57%   3.5 2445s
 1401663 1339130 1.1239e+07 2658  102 1.1282e+07 1.0992e+07  2.57%   3.5 2453s
 1402724 1340187 1.1263e+07  264   72 1.1282e+07 1.0992e+07  2.57%   3.5 2455s
 1406033 1342996 1.1263e+07 2641   98 1.1282e+07 1.0992e+07  2.57%   3.5 2460s
 1410138 1346709 1.1255e+07 2533   66 1.1282e+07 1.0992e+07  2.57%   3.5 2465s
 1411064 1347611 1.1265e+07 2537   63 1.1282e+07 1.0992e+07  2.57%   3.5 2472s
 1412714 1348947 1.1249e+07 1059   99 1.1282e+07 1.0992e+07  2.57%   3.5 2475s
 1417031 1352883 1.1225e+07 1232  100 1.1282e+07 1.0992e+07  2.57%   3.5 2480s
 1419796 1355164     cutoff  167      1.1282e+07 1.0992e+07  2.57%   3.5 2485s
 1423345 1358593 1.1254e+07 2513   63 1.1282e+07 1.0992e+07  2.57%   3.5 2490s
 1423570 1358818 1.1259e+07 2519   63 1.1282e+07 1.0992e+07  2.57%   3.5 2495s
 1425574 1360356 1.1179e+07  211   74 1.1282e+07 1.0992e+07  2.57%   3.5 2500s
 1428439 1363083 1.1197e+07  544  115 1.1282e+07 1.0992e+07  2.57%   3.5 2505s
 1430679 1364971 1.1144e+07  186   80 1.1282e+07 1.0992e+07  2.57%   3.5 2510s
 1433641 1367825 1.1268e+07 2533   99 1.1282e+07 1.0992e+07  2.57%   3.5 2515s
 1435848 1369758 1.1190e+07  833  110 1.1282e+07 1.0992e+07  2.57%   3.5 2524s
 1436174 1370084 1.1209e+07 1003  105 1.1282e+07 1.0992e+07  2.57%   3.5 2525s
 1439980 1373586 1.1221e+07  130   79 1.1282e+07 1.0992e+07  2.57%   3.5 2530s
 1443681 1376809 1.1118e+07  144  125 1.1282e+07 1.0992e+07  2.57%   3.5 2535s
 1446671 1379799 1.1171e+07 1639   78 1.1282e+07 1.0992e+07  2.57%   3.5 2540s
 1447796 1380924 1.1177e+07 2202   63 1.1282e+07 1.0992e+07  2.57%   3.5 2550s
 1451715 1384615 1.1215e+07  715  100 1.1282e+07 1.0992e+07  2.57%   3.5 2555s
 1456045 1388719 1.1214e+07  913  101 1.1282e+07 1.0992e+07  2.57%   3.5 2560s
 1459387 1391685 1.1211e+07 1002   60 1.1282e+07 1.0992e+07  2.57%   3.5 2568s
 1460736 1393024 1.1269e+07 2343   95 1.1282e+07 1.0992e+07  2.57%   3.5 2570s
 1464078 1395692 1.1245e+07 1960   56 1.1282e+07 1.0992e+07  2.57%   3.5 2575s
 1468173 1399397 1.1274e+07 2525  104 1.1282e+07 1.0992e+07  2.57%   3.5 2580s
 1472078 1402880 1.1145e+07  303  116 1.1282e+07 1.0992e+07  2.57%   3.5 2589s
 1472243 1403045 1.1167e+07  404  114 1.1282e+07 1.0992e+07  2.57%   3.5 2590s
 1475633 1406271 1.1166e+07  671   83 1.1282e+07 1.0992e+07  2.57%   3.5 2595s
 1480019 1410657 1.1233e+07 2535   70 1.1282e+07 1.0992e+07  2.57%   3.5 2600s
 1481267 1411905 1.1231e+07 2532   70 1.1282e+07 1.0992e+07  2.57%   3.5 2607s
 1482500 1413048 1.1200e+07  795  111 1.1282e+07 1.0992e+07  2.57%   3.5 2610s
 1484805 1415117 1.1265e+07  324   56 1.1282e+07 1.0992e+07  2.57%   3.5 2615s
 1487646 1417662 1.1123e+07  232  123 1.1282e+07 1.0992e+07  2.57%   3.5 2620s
 1490424 1420358 1.1237e+07  683   98 1.1282e+07 1.0992e+07  2.57%   3.5 2625s
 1492976 1422811 1.1248e+07 2406   99 1.1282e+07 1.0992e+07  2.57%   3.5 2633s
 1493517 1423142 1.1265e+07 2535  100 1.1282e+07 1.0992e+07  2.57%   3.5 2635s
 1495231 1424542 1.1240e+07  907  100 1.1282e+07 1.0992e+07  2.57%   3.5 2640s
 1497781 1426858 1.1163e+07  121  121 1.1282e+07 1.0992e+07  2.57%   3.5 2645s
 1500336 1428967 1.1148e+07  570   89 1.1282e+07 1.0992e+07  2.57%   3.5 2650s
 1503849 1432480 1.1218e+07 2326  103 1.1282e+07 1.0992e+07  2.57%   3.5 2655s
 1504003 1432634 1.1231e+07 2403  111 1.1282e+07 1.0992e+07  2.57%   3.5 2660s
 1506263 1434442 1.1155e+07  518  118 1.1282e+07 1.0992e+07  2.57%   3.5 2665s
 1511087 1439224 1.1165e+07  187   79 1.1282e+07 1.0992e+07  2.57%   3.5 2670s
 1513974 1441819 1.1267e+07 1300   93 1.1282e+07 1.0992e+07  2.57%   3.5 2679s
 1514049 1441856 1.1121e+07  101   86 1.1282e+07 1.0992e+07  2.57%   3.5 2680s
 1516647 1444198 1.1247e+07 1419   92 1.1282e+07 1.0992e+07  2.57%   3.5 2685s
 1519054 1446401 1.1222e+07 1098   63 1.1282e+07 1.0992e+07  2.57%   3.5 2690s
 1521502 1448783 1.1200e+07  613  100 1.1282e+07 1.0992e+07  2.57%   3.5 2695s
 1524845 1451656 1.1111e+07  103  126 1.1282e+07 1.0992e+07  2.57%   3.5 2700s
 1526592 1453359 1.1244e+07  211   68 1.1282e+07 1.0992e+07  2.57%   3.5 2706s
 1529448 1456083 1.1139e+07  295  124 1.1282e+07 1.0992e+07  2.57%   3.5 2710s
 1533456 1460091 1.1190e+07 2299   77 1.1282e+07 1.0992e+07  2.57%   3.5 2715s
 1538230 1464775 1.1153e+07  155   82 1.1282e+07 1.0992e+07  2.57%   3.5 2720s
 1538505 1464998 1.1118e+07  134  121 1.1282e+07 1.0992e+07  2.57%   3.5 2726s
 1541444 1467937 1.1234e+07 2440   60 1.1282e+07 1.0992e+07  2.57%   3.5 2730s
 1545824 1472140 1.1214e+07  311   69 1.1282e+07 1.0992e+07  2.57%   3.5 2735s
 1548466 1474271 1.1249e+07  709  106 1.1282e+07 1.0992e+07  2.57%   3.5 2744s
 1548719 1474456 1.1147e+07  172  114 1.1282e+07 1.0992e+07  2.57%   3.5 2745s
 1553058 1478511 1.1208e+07 1111  101 1.1282e+07 1.0992e+07  2.57%   3.5 2750s
 1556869 1482294 1.1174e+07  403   81 1.1282e+07 1.0992e+07  2.57%   3.5 2755s
 1558777 1484200 1.1262e+07 2310   91 1.1282e+07 1.0992e+07  2.57%   3.5 2763s
 1559453 1484712     cutoff  147      1.1282e+07 1.0992e+07  2.57%   3.5 2765s
 1563201 1488142 1.1163e+07  796  108 1.1282e+07 1.0992e+07  2.57%   3.5 2770s
 1567407 1492348 1.1219e+07 2540   72 1.1282e+07 1.0992e+07  2.57%   3.6 2775s
 1570821 1495762 1.1251e+07 2185   92 1.1282e+07 1.0992e+07  2.57%   3.5 2784s
 1571275 1496210 1.1271e+07 2523   98 1.1282e+07 1.0992e+07  2.57%   3.5 2785s
 1574180 1498349 1.1222e+07 1034   67 1.1282e+07 1.0992e+07  2.57%   3.5 2790s
 1578754 1502739 1.1146e+07  117  120 1.1282e+07 1.0992e+07  2.57%   3.5 2795s
 1582114 1505793 1.1206e+07  162   70 1.1282e+07 1.0992e+07  2.57%   3.5 2804s
 1582470 1506141 1.1224e+07  169   73 1.1282e+07 1.0992e+07  2.57%   3.5 2805s
 1585109 1507928     cutoff  323      1.1282e+07 1.0992e+07  2.57%   3.6 2810s
 1588961 1511462 1.1269e+07 2611   96 1.1282e+07 1.0992e+07  2.57%   3.6 2815s
 1592511 1514290 1.1217e+07 1335   97 1.1282e+07 1.0992e+07  2.57%   3.6 2820s
 1593593 1515372 1.1245e+07 2290   57 1.1282e+07 1.0992e+07  2.57%   3.6 2827s
 1594858 1516637 1.1254e+07 2536   58 1.1282e+07 1.0992e+07  2.57%   3.6 2830s
 1596712 1518479 1.1153e+07  504  123 1.1282e+07 1.0992e+07  2.57%   3.6 2835s
 1599014 1520781 1.1196e+07 1655  102 1.1282e+07 1.0992e+07  2.57%   3.6 2840s
 1601191 1522958 1.1203e+07 2523  112 1.1282e+07 1.0992e+07  2.57%   3.6 2845s
 1602311 1524078 1.1229e+07 2527  110 1.1282e+07 1.0992e+07  2.57%   3.6 2855s
 1605648 1527151 1.1160e+07  591   77 1.1282e+07 1.0992e+07  2.57%   3.6 2860s
 1609190 1530338 1.1181e+07  352   84 1.1282e+07 1.0992e+07  2.57%   3.6 2865s
 1613329 1534291     cutoff  488      1.1282e+07 1.0992e+07  2.57%   3.6 2870s
 1617014 1537472 1.1280e+07 2037  102 1.1282e+07 1.0992e+07  2.57%   3.6 2875s
 1617543 1537931 1.1137e+07  229   86 1.1282e+07 1.0992e+07  2.57%   3.6 2880s
 1619032 1539090 1.1210e+07  368   64 1.1282e+07 1.0992e+07  2.57%   3.6 2885s
 1621555 1541418 1.1141e+07  583  121 1.1282e+07 1.0992e+07  2.57%   3.6 2890s
 1624943 1544806 1.1238e+07 2654   66 1.1282e+07 1.0992e+07  2.57%   3.6 2895s
 1627810 1547589 1.1201e+07  676  109 1.1282e+07 1.0992e+07  2.57%   3.6 2900s
 1628510 1548289 1.1260e+07 1376   91 1.1282e+07 1.0992e+07  2.57%   3.6 2908s
 1629110 1548783 1.1223e+07  283  100 1.1282e+07 1.0992e+07  2.57%   3.6 2910s
 1631802 1551205 1.1167e+07  331   75 1.1282e+07 1.0992e+07  2.57%   3.6 2915s
 1634061 1553386     cutoff  217      1.1282e+07 1.0992e+07  2.57%   3.6 2920s
 1635233 1554078 1.1150e+07  393  112 1.1282e+07 1.0992e+07  2.57%   3.6 2925s
 1638411 1557242 1.1277e+07 2517   60 1.1282e+07 1.0992e+07  2.57%   3.6 2930s
 1640717 1558944 1.1259e+07 1555   92 1.1282e+07 1.0993e+07  2.57%   3.6 2940s
 1642758 1560753 1.1247e+07 1622   91 1.1282e+07 1.0993e+07  2.57%   3.6 2945s
 1644634 1562477 1.1147e+07  726   77 1.1282e+07 1.0993e+07  2.57%   3.6 2950s
 1646822 1564665 1.1181e+07 1820   64 1.1282e+07 1.0993e+07  2.57%   3.6 2955s
 1649362 1567205 1.1194e+07 2659  105 1.1282e+07 1.0993e+07  2.57%   3.6 2960s
 1651629 1569282 1.1139e+07  336  112 1.1282e+07 1.0993e+07  2.57%   3.6 2965s
 1651976 1569629 1.1232e+07  683  101 1.1282e+07 1.0993e+07  2.57%   3.6 2972s
 1653531 1571144 1.1132e+07  189  116 1.1282e+07 1.0993e+07  2.57%   3.6 2975s
 1656318 1573853 1.1132e+07  127  127 1.1282e+07 1.0993e+07  2.57%   3.6 2980s
 1657997 1575226 1.1155e+07  402  113 1.1282e+07 1.0993e+07  2.57%   3.6 2985s
 1660563 1577536 1.1251e+07 1833   59 1.1282e+07 1.0993e+07  2.57%   3.6 2990s
 1664013 1580612 1.1138e+07  311  124 1.1282e+07 1.0993e+07  2.57%   3.6 3000s
 1666396 1582845 1.1135e+07  356  122 1.1282e+07 1.0993e+07  2.57%   3.6 3005s
 1669536 1585985 1.1240e+07 2649   66 1.1282e+07 1.0993e+07  2.57%   3.6 3010s
 1671898 1588301 1.1174e+07  526  115 1.1282e+07 1.0993e+07  2.57%   3.6 3015s
 1674536 1590859 1.1247e+07  135  109 1.1282e+07 1.0993e+07  2.57%   3.6 3025s
 1676762 1592687 1.1251e+07 1618   91 1.1282e+07 1.0993e+07  2.57%   3.6 3030s
 1679838 1595649 1.1254e+07 2438   58 1.1282e+07 1.0993e+07  2.57%   3.6 3035s
 1682122 1597393 1.1250e+07  257  106 1.1282e+07 1.0993e+07  2.57%   3.6 3040s
 1685103 1600220 1.1127e+07  320  108 1.1282e+07 1.0993e+07  2.57%   3.6 3045s
 1686696 1601813 1.1223e+07  943  102 1.1282e+07 1.0993e+07  2.57%   3.6 3054s
 1686720 1601837 1.1223e+07  946  102 1.1282e+07 1.0993e+07  2.57%   3.6 3055s
 1690819 1605680 1.1243e+07 1263   57 1.1282e+07 1.0993e+07  2.57%   3.6 3060s
 1692950 1607485 1.1217e+07  145  104 1.1282e+07 1.0993e+07  2.57%   3.6 3065s
 1695158 1609251 1.1220e+07  275  104 1.1282e+07 1.0993e+07  2.57%   3.6 3070s
 1697109 1611022 1.1260e+07 1770   70 1.1282e+07 1.0993e+07  2.57%   3.6 3079s
 1697337 1611214 1.1239e+07  238   60 1.1282e+07 1.0993e+07  2.57%   3.6 3080s
 1701173 1614681 1.1149e+07  160   81 1.1282e+07 1.0993e+07  2.57%   3.6 3085s
 1703906 1616968     cutoff  145      1.1282e+07 1.0993e+07  2.57%   3.6 3090s
 1705990 1618624 1.1173e+07  309   77 1.1282e+07 1.0993e+07  2.57%   3.6 3095s
 1708874 1621470 1.1226e+07  645  100 1.1282e+07 1.0993e+07  2.57%   3.6 3100s
 1709242 1621838 1.1252e+07  711   63 1.1282e+07 1.0993e+07  2.57%   3.6 3105s
 1710750 1622962 1.1155e+07  286  118 1.1282e+07 1.0993e+07  2.57%   3.6 3110s
 1713290 1625316 1.1145e+07  159   83 1.1282e+07 1.0993e+07  2.57%   3.6 3115s
 1715770 1627752 1.1193e+07  727  107 1.1282e+07 1.0993e+07  2.57%   3.6 3120s
 1718069 1630051 1.1222e+07 1876  101 1.1282e+07 1.0993e+07  2.57%   3.6 3125s
 1720227 1631921 1.1276e+07 2541  106 1.1282e+07 1.0993e+07  2.57%   3.6 3130s
 1721116 1632530 1.1126e+07  169  117 1.1282e+07 1.0993e+07  2.57%   3.6 3136s
 1723254 1634650 1.1274e+07  702   99 1.1282e+07 1.0993e+07  2.57%   3.6 3140s
 1727678 1638750 1.1170e+07  257  120 1.1282e+07 1.0993e+07  2.57%   3.6 3145s
 1731724 1642376 1.1193e+07  768  109 1.1282e+07 1.0993e+07  2.57%   3.6 3150s
 1734490 1645018 1.1175e+07  654  110 1.1282e+07 1.0993e+07  2.57%   3.6 3156s
 1737558 1647902     cutoff  466      1.1282e+07 1.0993e+07  2.57%   3.6 3160s
 1740199 1650167 1.1148e+07  533  110 1.1282e+07 1.0993e+07  2.57%   3.6 3165s
 1743188 1653156 1.1183e+07 2027   78 1.1282e+07 1.0993e+07  2.57%   3.6 3170s
 1744982 1654950 1.1200e+07 2535   70 1.1282e+07 1.0993e+07  2.57%   3.6 3177s
 1747061 1656985 1.1217e+07  728  109 1.1282e+07 1.0993e+07  2.57%   3.6 3180s
 1751697 1661297 1.1210e+07 1194   72 1.1282e+07 1.0993e+07  2.57%   3.6 3185s
 1754948 1664542 1.1264e+07 2536   63 1.1282e+07 1.0993e+07  2.57%   3.6 3194s
 1755331 1664817     cutoff  247      1.1282e+07 1.0993e+07  2.57%   3.6 3195s
 1758996 1667960 1.1279e+07 1689  106 1.1282e+07 1.0993e+07  2.57%   3.6 3200s
 1763423 1672115 1.1217e+07  673  101 1.1282e+07 1.0993e+07  2.57%   3.6 3205s
 1765852 1674544 1.1269e+07 2535   60 1.1282e+07 1.0993e+07  2.57%   3.6 3211s
 1768563 1676943 1.1163e+07  578  119 1.1282e+07 1.0993e+07  2.56%   3.6 3215s
 1772625 1681005 1.1208e+07 2546   70 1.1282e+07 1.0993e+07  2.56%   3.6 3220s
 1776588 1684908 1.1165e+07  108   87 1.1282e+07 1.0993e+07  2.56%   3.6 3230s
 1779815 1687889 1.1280e+07  502   62 1.1282e+07 1.0993e+07  2.56%   3.6 3235s
 1782442 1690044 1.1146e+07  409  110 1.1282e+07 1.0993e+07  2.56%   3.6 3240s
 1785728 1693186 1.1224e+07 1924   57 1.1282e+07 1.0993e+07  2.56%   3.6 3245s
 1788453 1695497 1.1147e+07  126   83 1.1282e+07 1.0993e+07  2.56%   3.6 3250s
 1789314 1696294 1.1261e+07  171   67 1.1282e+07 1.0993e+07  2.56%   3.6 3256s
 1790777 1697424 1.1215e+07  995   68 1.1282e+07 1.0993e+07  2.56%   3.6 3260s
 1794001 1700418 1.1244e+07  763   64 1.1282e+07 1.0993e+07  2.56%   3.6 3265s
 1798087 1704178 1.1151e+07  403  118 1.1282e+07 1.0993e+07  2.56%   3.6 3270s
 1801386 1707227 1.1251e+07  136  117 1.1282e+07 1.0993e+07  2.56%   3.6 3278s
 1802420 1707901 1.1175e+07  337   82 1.1282e+07 1.0993e+07  2.56%   3.6 3280s
 1807049 1712298 1.1262e+07  388   58 1.1282e+07 1.0993e+07  2.56%   3.6 3285s
 1810140 1715126     cutoff  324      1.1282e+07 1.0993e+07  2.56%   3.6 3290s
 1813096 1717893 1.1170e+07  525  118 1.1282e+07 1.0993e+07  2.56%   3.6 3295s
 1813156 1717953 1.1173e+07  555  112 1.1282e+07 1.0993e+07  2.56%   3.6 3300s
 1815370 1720167 1.1195e+07 1662  111 1.1282e+07 1.0993e+07  2.56%   3.6 3305s
 1818003 1722800 1.1231e+07 2540   70 1.1282e+07 1.0993e+07  2.56%   3.6 3310s
 1821033 1725822 1.1260e+07 1972   90 1.1282e+07 1.0993e+07  2.56%   3.6 3315s
 1823375 1727702 1.1145e+07  340  115 1.1282e+07 1.0993e+07  2.56%   3.6 3320s
 1823605 1727932 1.1147e+07  383  113 1.1282e+07 1.0993e+07  2.56%   3.6 3327s
 1825019 1729346 1.1222e+07  991  100 1.1282e+07 1.0993e+07  2.56%   3.6 3330s
 1829220 1733313 1.1209e+07  863  103 1.1282e+07 1.0993e+07  2.56%   3.6 3335s
 1832996 1736583 1.1266e+07  330  103 1.1282e+07 1.0993e+07  2.56%   3.6 3340s
 1834192 1737669 1.1188e+07  740   74 1.1282e+07 1.0993e+07  2.56%   3.6 3349s
 1834509 1737986 1.1232e+07 1057  107 1.1282e+07 1.0993e+07  2.56%   3.6 3350s
 1837235 1740470 1.1198e+07  720  102 1.1282e+07 1.0993e+07  2.56%   3.6 3355s
 1841169 1744306     cutoff 2532      1.1282e+07 1.0993e+07  2.56%   3.6 3360s
 1845442 1748245 1.1150e+07  927   71 1.1282e+07 1.0993e+07  2.56%   3.6 3365s
 1845485 1748288 1.1151e+07  948   78 1.1282e+07 1.0993e+07  2.56%   3.6 3372s
 1847247 1750050 1.1187e+07 1829   76 1.1282e+07 1.0993e+07  2.56%   3.6 3375s
 1850198 1752885 1.1275e+07 2661   65 1.1282e+07 1.0993e+07  2.56%   3.6 3380s
 1852913 1755268     cutoff  395      1.1282e+07 1.0993e+07  2.56%   3.6 3385s
 1855791 1757712     cutoff 2070      1.1282e+07 1.0993e+07  2.56%   3.6 3390s
 1856832 1758747 1.1162e+07  716  115 1.1282e+07 1.0993e+07  2.56%   3.6 3399s
 1856981 1758896 1.1175e+07  786  112 1.1282e+07 1.0993e+07  2.56%   3.6 3400s
 1860229 1762144 1.1255e+07 2550   66 1.1282e+07 1.0993e+07  2.56%   3.6 3405s
 1862596 1764059 1.1115e+07  119  128 1.1282e+07 1.0993e+07  2.56%   3.6 3410s
 1864306 1765153 1.1145e+07  147   81 1.1282e+07 1.0993e+07  2.56%   3.6 3415s
 1868205 1768700 1.1237e+07 1015   61 1.1282e+07 1.0993e+07  2.56%   3.6 3425s
 1872452 1772797 1.1186e+07  546  110 1.1282e+07 1.0993e+07  2.56%   3.6 3430s
 1875341 1775686 1.1224e+07 1990   98 1.1282e+07 1.0993e+07  2.56%   3.6 3435s
 1879165 1779364 1.1213e+07 1036   68 1.1282e+07 1.0993e+07  2.56%   3.6 3440s
 1879492 1779691 1.1240e+07 1363   62 1.1282e+07 1.0993e+07  2.56%   3.6 3445s
 1883228 1783169 1.1144e+07  114  121 1.1282e+07 1.0993e+07  2.56%   3.6 3450s
 1885465 1785097 1.1220e+07 1324   74 1.1282e+07 1.0993e+07  2.56%   3.6 3455s
 1888583 1787903 1.1242e+07  286   62 1.1282e+07 1.0993e+07  2.56%   3.6 3460s
 1891494 1790695 1.1232e+07  983   65 1.1282e+07 1.0993e+07  2.56%   3.6 3465s
 1892209 1791410 1.1256e+07 1385   58 1.1282e+07 1.0993e+07  2.56%   3.6 3472s
 1894023 1793196 1.1218e+07 1587  108 1.1282e+07 1.0993e+07  2.56%   3.6 3475s
 1896484 1794891 1.1276e+07  490   56 1.1282e+07 1.0993e+07  2.56%   3.6 3480s
 1899200 1797361     cutoff  143      1.1282e+07 1.0993e+07  2.56%   3.6 3485s
 1900674 1797999 1.1121e+07  211  120 1.1282e+07 1.0993e+07  2.56%   3.6 3490s
 1903332 1800657 1.1194e+07 1540  111 1.1282e+07 1.0993e+07  2.56%   3.6 3495s
 1904618 1801943 1.1201e+07 2183   68 1.1282e+07 1.0993e+07  2.56%   3.6 3503s
 1905388 1802713 1.1223e+07 2553   61 1.1282e+07 1.0993e+07  2.56%   3.7 3505s
 1909415 1806184 1.1162e+07  588  115 1.1282e+07 1.0993e+07  2.56%   3.7 3510s
 1914695 1811280 1.1169e+07  692   81 1.1282e+07 1.0993e+07  2.56%   3.7 3515s
 1914718 1811303 1.1170e+07  715   76 1.1282e+07 1.0993e+07  2.56%   3.7 3522s
 1917441 1813870 1.1278e+07  755  113 1.1282e+07 1.0993e+07  2.56%   3.6 3525s
 1921180 1816923 1.1262e+07  158  106 1.1282e+07 1.0993e+07  2.56%   3.7 3530s
 1925928 1821355 1.1222e+07 2671   67 1.1282e+07 1.0993e+07  2.56%   3.7 3535s
 1927113 1822540 1.1235e+07 2677   62 1.1282e+07 1.0993e+07  2.56%   3.7 3541s
 1930484 1825732     cutoff  545      1.1282e+07 1.0993e+07  2.56%   3.6 3545s
 1934353 1828432 1.1135e+07  277  129 1.1282e+07 1.0993e+07  2.56%   3.7 3550s
 1938638 1832717 1.1182e+07 2420   63 1.1282e+07 1.0993e+07  2.56%   3.7 3555s
 1939473 1833552 1.1199e+07 2679   76 1.1282e+07 1.0993e+07  2.56%   3.7 3561s
 1942216 1836295 1.1201e+07 1271  110 1.1282e+07 1.0993e+07  2.56%   3.7 3565s
 1944908 1838394 1.1279e+07  495   66 1.1282e+07 1.0993e+07  2.56%   3.7 3570s
 1947641 1840759 1.1161e+07  376  115 1.1282e+07 1.0993e+07  2.56%   3.7 3575s
 1950405 1843168 infeasible  303      1.1282e+07 1.0993e+07  2.56%   3.7 3580s
 1951717 1844115 1.1143e+07  326   85 1.1282e+07 1.0993e+07  2.56%   3.7 3589s
 1951919 1844317 1.1155e+07  528   80 1.1282e+07 1.0993e+07  2.56%   3.7 3590s
 1955187 1847487 1.1238e+07 1540   96 1.1282e+07 1.0993e+07  2.56%   3.7 3595s

Cutting planes:
  RLT: 48

Explored 1958491 nodes (7171598 simplex iterations) in 3600.07 seconds (1136.32 work units)
Thread count was 1 (of 24 available processors)

Solution count 10: 1.12823e+07 1.12823e+07 1.12823e+07 ... 1.13228e+07

Time limit reached
Best objective 1.128230910286e+07, best bound 1.099345375676e+07, gap 2.5603%
