
Gurobi 11.0.3 (linux64, Java) logging started qua 17 dez 2025 14:21:35 -03

Set parameter WLSAccessID
Set parameter WLSSecret
Set parameter LicenseID to value 2566693
Academic license 2566693 - for non-commercial use only - registered to ja___@ufv.br
Set parameter NonConvex to value 2
Set parameter TimeLimit to value 3600
Set parameter LogToConsole to value 0
Set parameter MIPGap to value 4.7478399160473358e-08
Set parameter Threads to value 2
Set parameter NodefileDir to value "/home/ps12398/efpe/goalProgrammingMarcos/"
Set parameter NodefileStart to value 1
Gurobi Optimizer version 11.0.3 build v11.0.3rc0 (linux64)

CPU model: Intel(R) Xeon(R) CPU           X5650  @ 2.67GHz, instruction set [SSE2]
Thread count: 12 physical cores, 24 logical processors, using up to 2 threads

Academic license 2566693 - for non-commercial use only - registered to ja___@ufv.br
Optimize a model with 62245 rows, 41913 columns and 208202 nonzeros
Model fingerprint: 0xbb220166
Model has 149 quadratic constraints
Variable types: 20886 continuous, 21027 integer (144 binary)
Coefficient statistics:
  Matrix range     [7e-03, 6e+06]
  QMatrix range    [7e-03, 1e+05]
  QLMatrix range   [1e+00, 1e+05]
  Objective range  [1e+00, 4e+07]
  Bounds range     [1e+00, 1e+08]
  RHS range        [1e+00, 5e+05]
  QRHS range       [1e-01, 1e-01]
Presolve removed 61899 rows and 41199 columns
Presolve time: 0.22s
Presolved: 915 rows, 891 columns, 20832 nonzeros
Presolved model has 2 SOS constraint(s)
Presolved model has 144 bilinear constraint(s)

Solving non-convex MIQCP

Variable types: 470 continuous, 421 integer (146 binary)
Found heuristic solution: objective 9366421.3691

Root relaxation: objective 6.712323e+06, 189 iterations, 0.01 seconds (0.01 work units)

    Nodes    |    Current Node    |     Objective Bounds      |     Work
 Expl Unexpl |  Obj  Depth IntInf | Incumbent    BestBd   Gap | It/Node Time

     0     0 6712322.62    0  136 9366421.37 6712322.62  28.3%     -    0s
H    0     0                    8992807.0313 6712322.62  25.4%     -    0s
     0     0 7018803.82    0  138 8992807.03 7018803.82  22.0%     -    0s
     0     0 7144714.73    0  136 8992807.03 7144714.73  20.6%     -    0s
H    0     0                    8210477.2030 7144725.93  13.0%     -    0s
     0     0 7145803.17    0  136 8210477.20 7145803.17  13.0%     -    0s
     0     0 7147851.42    0  136 8210477.20 7147851.42  12.9%     -    0s
     0     0 7147958.64    0  136 8210477.20 7147958.64  12.9%     -    0s
     0     0 7148091.60    0  136 8210477.20 7148091.60  12.9%     -    0s
     0     0 7148109.61    0  136 8210477.20 7148109.61  12.9%     -    0s
     0     0 7148109.61    0  136 8210477.20 7148109.61  12.9%     -    0s
     0     0 7149437.82    0  136 8210477.20 7149437.82  12.9%     -    0s
H    0     0                    8080846.3656 7149448.02  11.5%     -    0s
H    0     0                    8059391.8171 7149448.02  11.3%     -    0s
     0     2 7149448.02    0  136 8059391.82 7149448.02  11.3%     -    1s
H  323   342                    8046588.5427 7151096.11  11.1%   1.9    1s
H 1459  1474                    7990419.6242 7151096.11  10.5%   1.7    2s
H 1572  1622                    7989743.5765 7151096.11  10.5%   1.7    2s
H 1653  1692                    7989346.3899 7151096.11  10.5%   1.7    2s
H 2326  2377                    7988573.2303 7151096.11  10.5%   1.5    3s
H 2429  2513                    7982011.8923 7151096.11  10.4%   1.5    4s
H 3011  3098                    7978304.3599 7151096.11  10.4%   1.5    4s
  3097  3269 7257207.10 1573  108 7978304.36 7151096.11  10.4%   1.5    5s
H 3782  3590                    7968486.7824 7197518.15  9.68%   1.7    8s
H 3784  3413                    7947972.2294 7205045.72  9.35%   1.7    8s
  3794  3421 7253033.27 1267   50 7947972.23 7205274.25  9.34%   1.8   10s
H 3798  3253                    7939974.5354 7432509.08  6.39%   1.8   10s
H 3800  3092                    7928648.0850 7433830.37  6.24%   1.8   10s
H 3995  3069                    7922507.8807 7447488.77  6.00%   2.0   12s
H 5145  3725                    7915436.7786 7447488.77  5.91%   2.5   13s
H 5921  4129                    7914340.8611 7447488.77  5.90%   3.7   14s
  6580  4598 7476377.68  703  101 7914340.86 7447488.77  5.90%   4.8   15s
H 6794  4597                    7913660.7745 7447488.77  5.89%   5.2   15s
H 7368  4838                    7913156.5400 7447488.77  5.88%   5.9   16s
H 7376  4715                    7912433.4242 7447488.77  5.88%   5.9   16s
H 7958  5029                    7909166.2089 7447488.77  5.84%   6.5   17s
H 8512  5313                    7908344.4934 7447488.77  5.83%   6.8   18s
H 8928  5489                    7907475.3072 7447488.77  5.82%   7.0   19s
  9473  5926 7480665.96 1247  100 7907475.31 7447488.77  5.82%   7.4   20s
H10903  7280                    7906399.6069 7447488.77  5.80%   8.1   22s
H11382  7574                    7894529.1012 7447488.77  5.66%   8.1   22s
H11450  7822                    7879797.7858 7447488.77  5.49%   8.1   22s
H12614  8918                    7875813.4670 7447488.77  5.44%   8.0   24s
 12979  9415 7494295.71 1880  101 7875813.47 7447488.77  5.44%   8.0   25s
 15486 11886 7499227.33 2429  102 7875813.47 7447488.77  5.44%   8.5   30s
H15524 11886                    7870101.5143 7447488.77  5.37%   8.5   30s
H15952 12263                    7859532.6192 7447488.77  5.24%   8.5   30s
H16831 13098                    7856899.6630 7447517.36  5.21%   8.3   31s
 19022 15469 7508688.06  658  118 7856899.66 7447517.36  5.21%   8.3   35s
 22490 18955 7553849.99 1437  113 7856899.66 7447517.36  5.21%   8.1   40s
 26097 22531 7575205.57 2375  110 7856899.66 7447517.36  5.21%   8.1   45s
 29314 25683 7499470.98  492  104 7856899.66 7447710.98  5.21%   8.0   50s
H31904 28249                    7840600.7324 7447710.98  5.01%   7.9   54s
 32362 28810 7565543.72 1216  105 7840600.73 7447710.98  5.01%   7.8   55s
 36562 33009 7582234.35 2411   94 7840600.73 7447710.98  5.01%   7.7   60s
H39451 35746                    7840556.0568 7447806.01  5.01%   7.6   64s
H39536 35746                    7840548.5744 7447806.01  5.01%   7.6   64s
 39970 36390 7533726.62  575  111 7840548.57 7447806.01  5.01%   7.6   65s
 44607 40965 7558267.29 1765  106 7840548.57 7447806.01  5.01%   7.6   70s
H45511 41796                    7838872.6250 7447806.01  4.99%   7.5   71s
H46005 42338                    7838309.0102 7447806.01  4.98%   7.5   71s
H46877 43136                    7837250.8391 7447806.01  4.97%   7.5   72s
H47234 43631                    7836160.1985 7447806.01  4.96%   7.5   73s
H48586 44872                    7834485.1661 7447806.01  4.94%   7.4   74s
 48681 45101 7577644.68 2474  106 7834485.17 7447810.68  4.94%   7.3   75s
 52903 49387 7577586.88 1605   96 7834485.17 7447825.01  4.94%   7.0   80s
 56894 53262 7519995.03  323  116 7834485.17 7447825.41  4.94%   6.7   85s
 61136 57542 7609408.38 2349   90 7834485.17 7447825.41  4.94%   6.4   90s
 63110 59528 7531854.12  376  114 7834485.17 7447858.31  4.93%   6.3   95s
 67619 64037 7629117.96 2474   96 7834485.17 7447858.31  4.93%   6.0  100s
 72204 68679 7666765.73 1751   88 7834485.17 7448000.40  4.93%   5.7  105s
 77139 73643 7647084.34 1346   93 7834485.17 7448043.22  4.93%   5.5  110s
 81684 78063 7662239.48 1338   99 7834485.17 7448090.48  4.93%   5.4  115s
 85458 81867 7817953.85  870   90 7834485.17 7448111.32  4.93%   5.3  120s
 89304 85701 7670443.64 1710   90 7834485.17 7448124.04  4.93%   5.3  125s
 93267 89392 7620167.19  162  110 7834485.17 7448287.33  4.93%   5.2  131s
H93741 89849                    7832628.8361 7448296.04  4.91%   5.2  131s
 96121 92419 7637679.54  863   92 7832628.84 7448465.38  4.90%   5.1  135s
 101779 97966 7616940.67  985   90 7832628.84 7448501.11  4.90%   4.9  140s
 106432 102540 7461689.57  139  115 7832628.84 7448555.74  4.90%   4.8  145s
 110624 106931 7703207.73 1810   89 7832628.84 7448600.86  4.90%   4.7  150s
 114871 111050 7624945.72  909   92 7832628.84 7448634.46  4.90%   4.6  155s
 118688 114611 7625797.83  288  108 7832628.84 7448653.97  4.90%   4.7  160s
 120172 115574 7812252.14  583   88 7832628.84 7448653.97  4.90%   4.8  165s
 122293 116809 7813692.90  882   88 7832628.84 7448653.97  4.90%   4.9  170s
 124816 118974 7495846.10  383  113 7832628.84 7448681.68  4.90%   5.0  175s
 128605 122883 7659147.38  260   99 7832628.84 7448702.12  4.90%   4.9  180s
 132501 126576 7745704.51 2129   92 7832628.84 7448710.20  4.90%   4.8  185s
 137486 131397 7665648.68 1363   91 7832628.84 7448823.15  4.90%   4.7  190s
 140747 134556 7719046.89 2473   93 7832628.84 7448823.15  4.90%   4.7  195s
 145075 138768 7527557.27  225  116 7832628.84 7448841.85  4.90%   4.6  200s
 148997 142668 7738982.11 2474  101 7832628.84 7448850.88  4.90%   4.7  205s
 152135 145961 7666196.24 1329   89 7832628.84 7448862.18  4.90%   4.7  210s
 156447 150166 7566394.61  592  116 7832628.84 7448886.84  4.90%   4.6  215s
 160455 154099 7694362.49 1980   90 7832628.84 7448886.84  4.90%   4.6  220s
 163780 157003 7459375.36  104  123 7832628.84 7448903.83  4.90%   4.6  226s
 165539 158697     cutoff  506      7832628.84 7448903.83  4.90%   4.6  230s
 168650 161561 7814551.37  916   89 7832628.84 7448903.83  4.90%   4.6  235s
 172550 165511 7669854.15 1601   89 7832628.84 7448934.29  4.90%   4.6  240s
 176671 169337 7543914.71  443  111 7832628.84 7448943.13  4.90%   4.5  245s
 180009 172704 7613828.56 1286   91 7832628.84 7448943.13  4.90%   4.6  250s
 183327 176011 7630796.40 2083   97 7832628.84 7448943.13  4.90%   4.7  255s
 187080 179477 7530112.73  455  118 7832628.84 7448975.59  4.90%   4.7  261s
 189213 182099 7708699.94 1416   90 7832628.84 7448975.59  4.90%   4.7  265s
 192587 185175 7508082.76  378  117 7832628.84 7449008.85  4.90%   4.6  270s
 196926 189420 7647869.48 2387   90 7832628.84 7449008.85  4.90%   4.6  275s
 201253 193683 7704436.63 1351   90 7832628.84 7449035.16  4.90%   4.5  280s
 205213 197295 7473282.46  219  113 7832628.84 7449046.71  4.90%   4.4  285s
 209307 201396 7560355.16  910  105 7832628.84 7449046.71  4.90%   4.4  290s
 211946 203972 7570659.76 1455   90 7832628.84 7449046.71  4.90%   4.4  295s
 215047 206852 7577642.47 1904   89 7832628.84 7449046.71  4.90%   4.5  301s
 217215 209322 7579548.07 2237   89 7832628.84 7449046.71  4.90%   4.5  305s
 220914 213006 7607258.50  683  112 7832628.84 7449084.84  4.90%   4.5  310s
 225757 217534 7561367.44  141  119 7832628.84 7449088.53  4.90%   4.4  315s
 229204 221110 7724000.33 1220   93 7832628.84 7449097.84  4.90%   4.4  320s
 232849 224425 7622035.49 1113   90 7832628.84 7449103.72  4.90%   4.3  325s
H236234 227481                    7826641.0445 7449130.00  4.82%   4.3  330s
H236722 227918                    7825662.2768 7449137.61  4.81%   4.3  330s
H237240 228424                    7824269.0695 7449137.61  4.79%   4.3  331s
H238517 229685                    7823350.8739 7449137.61  4.78%   4.3  333s
 239919 231246 7740889.60 2473   92 7823350.87 7449137.61  4.78%   4.3  335s
H240188 231324                    7822129.8341 7449137.61  4.77%   4.3  335s
 241937 233167 7541144.03  383  116 7822129.83 7449156.31  4.77%   4.4  340s
H244083 234990                    7821659.2152 7449156.31  4.76%   4.4  343s
 244772 235771 7792803.64 2315   90 7821659.22 7449157.88  4.76%   4.4  345s
H245416 235951                    7818346.1867 7449157.88  4.72%   4.4  346s
H245722 235856                    7815512.7345 7449157.88  4.69%   4.4  347s
H246520 236299                    7814357.6962 7449167.49  4.67%   4.4  348s
 247741 237871 7666714.45 1183   94 7814357.70 7449167.49  4.67%   4.4  350s
H248022 237687                    7813991.4231 7449167.49  4.67%   4.4  350s
H249073 238799                    7813388.0021 7449167.49  4.66%   4.3  351s
 252682 242341 7590402.20  736  106 7813388.00 7449170.73  4.66%   4.3  355s
 256879 246501 7621637.49  335  111 7813388.00 7449184.63  4.66%   4.3  360s
 261158 250876 7683129.55 1627   89 7813388.00 7449196.27  4.66%   4.3  365s
 264731 254084 7505118.25  171  122 7813388.00 7449206.81  4.66%   4.2  370s
 268518 257877 7691339.78 1476   92 7813388.00 7449213.86  4.66%   4.2  375s
 272149 261513 7550455.31  129  127 7813388.00 7449243.03  4.66%   4.2  380s
 275111 264241 7502151.29  333  120 7813388.00 7449252.90  4.66%   4.2  385s
 280288 269419 7633725.42 2404   90 7813388.00 7449252.90  4.66%   4.1  390s
 284913 273940 7688002.15 1311   91 7813388.00 7449257.72  4.66%   4.1  395s
 289177 277980 7517348.68  298  116 7813388.00 7449270.67  4.66%   4.1  400s
 292435 280875 7755921.14 2456   90 7813388.00 7449270.67  4.66%   4.1  405s
 295412 283921 7637856.90 1293   99 7813388.00 7449278.92  4.66%   4.1  410s
 298285 286498     cutoff  223      7813388.00 7449279.12  4.66%   4.1  416s
 300133 288546 7604710.79  638  110 7813388.00 7449286.86  4.66%   4.1  420s
 303728 291911 7471085.65  167  113 7813388.00 7449299.85  4.66%   4.1  425s
 307671 295887 7771619.74 2473   94 7813388.00 7449299.85  4.66%   4.1  430s
 312785 300905 7740229.02 1995   90 7813388.00 7449326.04  4.66%   4.1  435s
 316311 304336 7626978.52  842  101 7813388.00 7449330.66  4.66%   4.1  440s
 319798 307679 7736186.54 2471  105 7813388.00 7449340.23  4.66%   4.1  445s
 323291 311202 7738023.56 1922  100 7813388.00 7449347.41  4.66%   4.1  450s
 325773 313510 7595056.42  583  101 7813388.00 7449363.38  4.66%   4.1  455s
 329442 317098 7542926.16  366  120 7813388.00 7449370.07  4.66%   4.1  460s
 332757 320332 7787927.31 2473  100 7813388.00 7449370.07  4.66%   4.1  465s
 335430 323040 7671782.18  502   90 7813388.00 7449387.56  4.66%   4.1  470s
 338835 326324 7696354.14 1735   89 7813388.00 7449387.56  4.66%   4.1  475s
 342542 329795     cutoff  278      7813388.00 7449422.55  4.66%   4.1  480s
 346873 334266 7502073.65  342  119 7813388.00 7449423.70  4.66%   4.1  485s
 350256 337692 7736122.01 1720   89 7813388.00 7449423.70  4.66%   4.1  490s
 354156 341139 7804766.29  323  105 7813388.00 7449442.52  4.66%   4.1  495s
 358903 345817 7799640.27  358   95 7813388.00 7449445.38  4.66%   4.1  500s
 362694 349446     cutoff  196      7813388.00 7449447.54  4.66%   4.1  505s
 365604 352450 7622189.18  991  106 7813388.00 7449459.53  4.66%   4.1  510s
 368693 355578 7657667.02 2474   97 7813388.00 7449459.53  4.66%   4.1  515s
 372758 359646 7686825.66 1442   88 7813388.00 7449474.30  4.66%   4.1  520s
 377076 363647 7522976.21  344  120 7813388.00 7449483.77  4.66%   4.1  525s
 381857 368431 7558689.06  357  112 7813388.00 7449489.77  4.66%   4.0  530s
 387233 373919 7681773.38 1038   94 7813388.00 7449491.93  4.66%   4.0  535s
 392452 378773 7724800.48 1568   96 7813388.00 7449496.33  4.66%   4.0  540s
 394973 381330 7463353.19  140  118 7813388.00 7449507.40  4.66%   4.0  545s
 398618 384916 7637535.03 1667   90 7813388.00 7449507.40  4.66%   3.9  550s
 402399 388481 7744966.88  344   96 7813388.00 7449517.11  4.66%   3.9  555s
 405163 391071 7689464.64 1534   89 7813388.00 7449520.69  4.66%   3.9  560s
 409277 395176 7665935.23 1666   89 7813388.00 7449526.32  4.66%   3.9  565s
 412994 398827 7626504.61  772  100 7813388.00 7449529.56  4.66%   3.9  570s
 416385 402089 7666158.49 2474   95 7813388.00 7449529.56  4.66%   3.9  575s
 417941 403687 7666562.29  787  104 7813388.00 7449534.11  4.66%   3.9  580s
 421073 406785 7535736.43  320  119 7813388.00 7449544.20  4.66%   3.9  585s
 425686 411119 7773990.07 2474   91 7813388.00 7449553.57  4.66%   3.9  590s
 429473 414870 7673167.56 1126   89 7813388.00 7449555.15  4.66%   3.9  595s
 432640 418151 7686474.80 2271  101 7813388.00 7449555.15  4.66%   3.9  600s
 436399 421745 7766841.19 1314   96 7813388.00 7449566.59  4.66%   3.9  605s
 440559 425726 7665531.98 1480   91 7813388.00 7449572.63  4.66%   3.9  610s
 443691 428443 7601906.89  512  100 7813388.00 7449577.32  4.66%   3.9  615s
 447849 432633 7682695.71 2474  105 7813388.00 7449577.32  4.66%   3.9  620s
 451539 436250 7748720.91 1619   93 7813388.00 7449579.77  4.66%   3.9  625s
 453819 438400 7456021.69  108  126 7813388.00 7449588.70  4.66%   3.9  630s
 457914 442448 7606390.87  679   92 7813388.00 7449600.56  4.66%   3.8  635s
 461288 445444 7634114.79 2469   88 7813388.00 7449600.56  4.66%   3.8  640s
 464876 449230 7636353.33  810   94 7813388.00 7449620.27  4.66%   3.8  645s
 468451 452524 7467263.21  211  114 7813388.00 7449634.91  4.66%   3.8  650s
 473358 457335 7637359.82 2367   90 7813388.00 7449634.91  4.66%   3.8  655s
 477020 460966 7632424.95  874  102 7813388.00 7449634.91  4.66%   3.8  660s
 480759 464732 7488796.16  308  111 7813388.00 7449648.40  4.66%   3.8  665s
 484533 467967 7466676.66  196  114 7813388.00 7449651.49  4.66%   3.7  671s
 486178 469884 7595530.56 1085   90 7813388.00 7449651.49  4.66%   3.7  675s
 489655 473349 7699503.73  314  102 7813388.00 7449653.92  4.66%   3.8  680s
 493639 477115 7795098.64 2492  101 7813388.00 7449654.66  4.66%   3.8  685s
 497644 481101     cutoff 2084      7813388.00 7449661.86  4.66%   3.8  690s
 501335 484675 7472873.24  220  114 7813388.00 7449677.68  4.65%   3.8  695s
 505494 488759 7742847.95 1902   90 7813388.00 7449677.68  4.65%   3.8  700s
 508336 491357 7477631.54  231  110 7813388.00 7449686.33  4.65%   3.8  705s
 511772 494875 7454491.54  102  126 7813388.00 7449691.23  4.65%   3.7  710s
 514451 497141 7604894.71  617  106 7813388.00 7449691.23  4.65%   3.7  716s
H514452 496746                    7811716.6516 7449691.23  4.63%   3.7  716s
H515447 498021                    7811714.3204 7449691.23  4.63%   3.7  719s
 516066 498657 7622970.14  903   90 7811714.32 7449691.23  4.63%   3.7  720s
 519209 501750 7633261.29 1419   89 7811714.32 7449691.23  4.63%   3.7  725s
 522290 504725 7645514.66 2024   89 7811714.32 7449691.23  4.63%   3.8  730s
 525121 507574 7654139.36 2485   95 7811714.32 7449712.59  4.63%   3.8  735s
 529177 511662 7662278.98 1682   89 7811714.32 7449712.97  4.63%   3.8  740s
 532921 515023 7492734.89  432  119 7811714.32 7449720.79  4.63%   3.8  745s
 537022 519096 7648949.90 2485   90 7811714.32 7449720.79  4.63%   3.8  750s
 540768 522859 7782097.70 1850   88 7811714.32 7449732.48  4.63%   3.8  755s
 543876 525989 7715798.91 1714   89 7811714.32 7449732.70  4.63%   3.8  760s
 546220 528046     cutoff  345      7811714.32 7449735.22  4.63%   3.8  765s
 549774 531834 7746333.57 2237   96 7811714.32 7449735.89  4.63%   3.8  770s
 554035 536089 7618874.00 1752   90 7811714.32 7449740.59  4.63%   3.8  775s
 557805 539667 7608722.41  476  103 7811714.32 7449748.42  4.63%   3.8  780s
 561758 543262 7770223.52 2472   89 7811714.32 7449748.42  4.63%   3.8  785s
 565208 546794 7611556.66  820   94 7811714.32 7449750.72  4.63%   3.7  790s
 569048 550377 7668538.68 2481  102 7811714.32 7449750.72  4.63%   3.8  795s
 572614 553944 7688608.61 1707   88 7811714.32 7449754.75  4.63%   3.8  800s
 574814 556070 7545110.35  393  116 7811714.32 7449760.15  4.63%   3.8  805s
 578711 559774 7632308.12  226  112 7811714.32 7449760.90  4.63%   3.8  810s
 582190 563282 7452300.50  117  128 7811714.32 7449766.31  4.63%   3.8  815s
 585789 566809 7583649.62 1135  100 7811714.32 7449769.31  4.63%   3.8  820s
H586563 565008                    7801502.9920 7449769.31  4.51%   3.8  821s
H588576 565920                    7798735.3596 7449771.82  4.47%   3.8  823s
 589999 567400 7660784.49  957  102 7798735.36 7449771.82  4.47%   3.8  825s
H591503 568752                    7798700.6603 7449771.82  4.47%   3.8  826s
 593595 570653     cutoff 2473      7798700.66 7449771.82  4.47%   3.8  831s
H595402 572597                    7798700.3911 7449776.20  4.47%   3.7  835s
H596559 573459                    7798693.1779 7449776.20  4.47%   3.7  836s
H598923 575852                    7798659.8399 7449778.88  4.47%   3.7  839s
 599055 576079 7578327.32  413   99 7798659.84 7449778.88  4.47%   3.7  840s
H601881 578842                    7798583.5577 7449778.88  4.47%   3.7  843s
 602635 579531 7634142.15  968  105 7798583.56 7449778.88  4.47%   3.8  845s
H604443 581228                    7798581.2216 7449778.88  4.47%   3.8  848s
 605819 582752 7661447.75 1775   91 7798581.22 7449778.88  4.47%   3.8  850s
 608917 585826 7667508.36 2329   88 7798581.22 7449778.88  4.47%   3.8  855s
H610790 587546                    7798566.4482 7449792.61  4.47%   3.8  858s
 611776 588700 7780701.10  384  101 7798566.45 7449794.63  4.47%   3.8  860s
 615361 592346 7746850.47 2129   89 7798566.45 7449794.63  4.47%   3.8  865s
 618999 595606 7588641.66  510  109 7798566.45 7449797.84  4.47%   3.8  870s
 622822 599237 7476369.52  197  114 7798566.45 7449800.94  4.47%   3.8  875s
 625677 602177 7671146.78 1799   88 7798566.45 7449800.94  4.47%   3.7  880s
 628656 604986 7557105.72  423  114 7798566.45 7449803.26  4.47%   3.7  885s
 631484 607651 7591226.81  850   90 7798566.45 7449803.26  4.47%   3.7  890s
 634755 611071 7601631.71 1372   90 7798566.45 7449803.26  4.47%   3.8  895s
 637319 613471 7624119.08 1820  105 7798566.45 7449803.26  4.47%   3.8  901s
 640076 616270 7618337.00 2220   88 7798566.45 7449803.26  4.47%   3.8  905s
 643711 620079 7686569.78 2484  105 7798566.45 7449811.39  4.47%   3.8  910s
 647601 623662     cutoff 2159      7798566.45 7449817.95  4.47%   3.8  915s
 649843 625969 7649126.38 1052   99 7798566.45 7449818.46  4.47%   3.8  920s
 653865 629780 7477402.78  238  107 7798566.45 7449823.76  4.47%   3.8  925s
 657156 632838 7763641.98 2402   89 7798566.45 7449823.76  4.47%   3.8  930s
H661213 636863                    7798553.6772 7449828.42  4.47%   3.7  935s
H662367 637976                    7798553.5981 7449831.70  4.47%   3.7  937s
 664221 640068 7670173.68 1164   93 7798553.60 7449831.70  4.47%   3.7  940s
 668092 643601 7560858.21  550  108 7798553.60 7449839.41  4.47%   3.7  945s
 670711 646430 7679019.71 1894   89 7798553.60 7449839.41  4.47%   3.7  950s
 674168 649699 7661695.98 1212   92 7798553.60 7449842.24  4.47%   3.7  955s
 677710 653250 7768697.65 2487   99 7798553.60 7449845.82  4.47%   3.7  960s
 680682 656015 7484533.44  160  120 7798553.60 7449855.51  4.47%   3.7  965s
H680754 656015                    7798553.4453 7449855.51  4.47%   3.7  965s
 684649 659866 7600883.08 1701   91 7798553.45 7449858.24  4.47%   3.7  970s
 688843 663893 7561589.18  503  108 7798553.45 7449865.80  4.47%   3.7  975s
 692496 667617 7480923.15  218  111 7798553.45 7449874.63  4.47%   3.7  980s
H696098 670852                    7798553.1231 7449874.63  4.47%   3.7  984s
 696732 671610 7745558.67 2479   98 7798553.12 7449874.63  4.47%   3.7  985s
 699054 673944 7585651.72  464  112 7798553.12 7449880.34  4.47%   3.7  990s
 702290 677220 7662102.28 2201   89 7798553.12 7449880.34  4.47%   3.7  995s
 706300 681077 7699861.44  711   95 7798553.12 7449883.39  4.47%   3.7 1000s
 708865 683497 7539798.64  369  112 7798553.12 7449893.08  4.47%   3.7 1005s
 711115 685769 7665840.65  882  110 7798553.12 7449893.08  4.47%   3.7 1010s
 714631 689278 7657484.30 1969   97 7798553.12 7449893.08  4.47%   3.7 1015s
 717507 692029 7593841.59  167  121 7798553.12 7449893.55  4.47%   3.7 1020s
 720487 695194 7665301.69 1592   90 7798553.12 7449893.63  4.47%   3.7 1025s
 722593 696651 7469225.24  115  121 7798553.12 7449895.72  4.47%   3.7 1030s
 725726 699881 7654551.37 1546   93 7798553.12 7449899.75  4.47%   3.7 1035s
 729583 703591 7658579.97 1134   93 7798553.12 7449900.32  4.47%   3.7 1040s
 733177 707162 7591619.10  680  102 7798553.12 7449903.56  4.47%   3.7 1045s
 737571 711379 7648022.32 2496  102 7798553.12 7449906.16  4.47%   3.7 1050s
 741671 715336 7750125.76 1728   89 7798553.12 7449906.16  4.47%   3.7 1055s
 745841 719497 7710745.71 1810   90 7798553.12 7449909.19  4.47%   3.7 1060s
 747469 720906 7691069.80  298  104 7798553.12 7449909.53  4.47%   3.7 1065s
 751173 724637 7722405.47 2498   95 7798553.12 7449910.93  4.47%   3.7 1070s
 753738 727314 7626851.74  602   92 7798553.12 7449913.90  4.47%   3.7 1075s
 758369 731932 7450536.95   98  127 7798553.12 7449919.65  4.47%   3.7 1080s
 762264 735546 7723869.41 2048   91 7798553.12 7449920.52  4.47%   3.7 1085s
 766822 739997 7690822.71 1601   89 7798553.12 7449927.77  4.47%   3.7 1090s
 770864 743845 7621370.93  730   99 7798553.12 7449930.84  4.47%   3.7 1095s
 773780 746471 7477634.22  192  114 7798553.12 7449930.84  4.47%   3.7 1100s
 777241 750109 7767785.29 1836   88 7798553.12 7449933.19  4.47%   3.7 1105s
 780281 752881 7502367.30  297  118 7798553.12 7449939.96  4.47%   3.7 1110s
 783149 754428 7783212.34 1231   86 7798553.12 7449939.96  4.47%   3.7 1115s
 786839 757930 7610711.09 1163   92 7798553.12 7449942.35  4.47%   3.7 1120s
 791145 761903 7570311.15  350  114 7798553.12 7449943.85  4.47%   3.7 1125s
 795185 765941 7748728.31 2491   97 7798553.12 7449943.85  4.47%   3.7 1130s
H797150 766904                    7797177.5973 7449951.80  4.45%   3.7 1132s
 799238 769335 7703427.72 1108   89 7797177.60 7449952.41  4.45%   3.7 1135s
 803420 773368 7735827.59  684   91 7797177.60 7449952.41  4.45%   3.7 1140s
 807744 777448 7643269.58  744   91 7797177.60 7449958.32  4.45%   3.7 1145s
H810247 779592                    7796801.5602 7449958.32  4.45%   3.7 1148s
 811299 780828 7752438.23 2489   97 7796801.56 7449958.32  4.45%   3.7 1150s
 814738 784178 7670811.06 1424   94 7796801.56 7449963.04  4.45%   3.7 1155s
 818189 787220 7455372.37  146  117 7796801.56 7449968.53  4.45%   3.7 1160s
 821541 790212 7679116.59 1893   90 7796801.56 7449968.53  4.45%   3.7 1165s
 824571 793446 7673805.86  912   91 7796801.56 7449970.02  4.45%   3.7 1170s
 827641 796397 7475832.86  133  124 7796801.56 7449970.24  4.45%   3.7 1175s
 831332 800099 7687033.40 2431   93 7796801.56 7449972.18  4.45%   3.7 1180s
 834102 802958 7635163.93  959   90 7796801.56 7449974.27  4.45%   3.7 1185s
 837489 806126 7478452.20  159  114 7796801.56 7449977.42  4.45%   3.7 1190s
 841219 810114 7728207.27 1987   98 7796801.56 7449978.16  4.45%   3.7 1195s
 844672 812941 7531616.10  289  117 7796801.56 7449984.43  4.45%   3.7 1200s
 848817 817169 7754458.16 2483   97 7796801.56 7449984.43  4.45%   3.7 1205s
 852294 820737 7595227.90  666  105 7796801.56 7449988.07  4.45%   3.7 1210s
 855847 823981 infeasible  184      7796801.56 7449992.80  4.45%   3.7 1215s
 860029 828108     cutoff 2247      7796801.56 7449997.36  4.45%   3.7 1220s
 864172 832373 7672459.47 1817   89 7796801.56 7449997.36  4.45%   3.7 1225s
 869326 837223     cutoff 1562      7796801.56 7450000.09  4.45%   3.7 1230s
 872458 840305 7607615.03  664   95 7796801.56 7450009.74  4.45%   3.7 1235s
 876960 844704 7596424.60  510   91 7796801.56 7450010.06  4.45%   3.6 1240s
 879186 846684 7598748.44  867   90 7796801.56 7450010.06  4.45%   3.7 1245s
 881799 849629 7608234.40 1319   89 7796801.56 7450010.06  4.45%   3.7 1250s
 884448 852157 7615833.34 1824   89 7796801.56 7450010.06  4.45%   3.7 1255s
 888039 855459 7624279.77 2406   89 7796801.56 7450010.06  4.45%   3.7 1260s
 891972 859556 7663990.63  643   96 7796801.56 7450018.33  4.45%   3.7 1265s
 894801 862187 7493927.48  370  117 7796801.56 7450025.34  4.45%   3.7 1270s
 898645 866072 7514087.55  223  120 7796801.56 7450025.82  4.45%   3.7 1275s
 902542 869670 7515278.75  146  121 7796801.56 7450027.80  4.45%   3.7 1280s
 905646 872452 7511770.25  221  124 7796801.56 7450034.04  4.45%   3.7 1285s
 909061 876240 7604914.04  860   90 7796801.56 7450034.04  4.45%   3.7 1290s
 912576 879544 7617908.36 1575   95 7796801.56 7450034.04  4.45%   3.7 1295s
 916301 883231 7625446.44 2151   89 7796801.56 7450034.04  4.45%   3.7 1300s
 920511 887476 7460363.61  155  119 7796801.56 7450038.11  4.45%   3.7 1305s
 925149 891994 7605927.02 2089   90 7796801.56 7450038.11  4.45%   3.7 1310s
 928947 895664 7581599.79  363  103 7796801.56 7450046.07  4.45%   3.7 1315s
 931466 898089 7620397.19  831   90 7796801.56 7450046.07  4.45%   3.7 1320s
 935187 901899 7628398.90 1376   97 7796801.56 7450046.07  4.45%   3.7 1325s
 938661 905199 7660772.41 1947  101 7796801.56 7450046.07  4.45%   3.7 1330s
 941362 907633 7636409.90 2359   90 7796801.56 7450046.07  4.45%   3.7 1336s
 943264 909892 7541549.91  213  119 7796801.56 7450050.89  4.45%   3.7 1340s
 946836 913265 7676424.93  604  102 7796801.56 7450056.23  4.45%   3.7 1345s
 950638 916870 7654319.72 1580   90 7796801.56 7450056.80  4.45%   3.7 1350s
 954120 920242 7617318.68  787   95 7796801.56 7450059.80  4.45%   3.7 1355s
 956545 922428 7754383.22 2484   99 7796801.56 7450059.80  4.45%   3.7 1360s
 960075 926155 7663773.24 1496   89 7796801.56 7450060.24  4.45%   3.7 1365s
 963659 929374 7518549.90  556  108 7796801.56 7450061.23  4.45%   3.7 1370s
 969007 934618 7784775.00  327  106 7796801.56 7450063.84  4.45%   3.7 1375s
 972701 938524 7707227.03 2282   89 7796801.56 7450063.84  4.45%   3.7 1380s
 976502 942045 7621162.56  863  101 7796801.56 7450067.93  4.45%   3.7 1385s
 980101 945657 7558584.18  547  113 7796801.56 7450069.71  4.45%   3.7 1390s
 984139 949560 7631561.47 2494  111 7796801.56 7450069.71  4.45%   3.7 1395s
 986861 951982     cutoff  403      7796801.56 7450072.60  4.45%   3.7 1400s
 990596 956004 7668506.63 1428   89 7796801.56 7450072.71  4.45%   3.7 1405s
 994047 959153 7675185.46 1466   89 7796801.56 7450073.79  4.45%   3.7 1410s
 998237 962995 7537570.90  266  117 7796801.56 7450076.97  4.45%   3.7 1415s
 1002241 966829 7786574.28  310   91 7796801.56 7450079.59  4.45%   3.7 1420s
 1006243 970979 7620782.29  808   97 7796801.56 7450079.59  4.45%   3.7 1425s
 1009031 973712 7635350.12 1429   98 7796801.56 7450079.59  4.45%   3.7 1430s
 1011594 976182 7642009.93 1849   90 7796801.56 7450079.59  4.45%   3.7 1435s
 1013754 978303 7653290.23 2429   90 7796801.56 7450079.59  4.45%   3.7 1440s
 1016751 981356 7531906.97  226  118 7796801.56 7450084.34  4.45%   3.7 1445s
 1019888 984242 7673319.21 1757   93 7796801.56 7450084.47  4.45%   3.7 1450s
 1022786 987135 7617065.13  619  102 7796801.56 7450088.76  4.45%   3.7 1455s
 1027615 991665 7593864.41  232  112 7796801.56 7450096.04  4.45%   3.7 1460s
 1031174 995306 7733201.97 1991   89 7796801.56 7450096.05  4.45%   3.7 1465s
 1034611 998632 7659836.63 1342   89 7796801.56 7450103.57  4.45%   3.7 1470s
 1038472 1002228 7601948.60  152  120 7796801.56 7450104.90  4.45%   3.7 1475s
 1040784 1004344 7583221.18  562  101 7796801.56 7450106.05  4.45%   3.7 1480s
 1045186 1008629 7597477.46  235  113 7796801.56 7450106.84  4.45%   3.7 1485s
 1049671 1012984 7633338.29 2292   88 7796801.56 7450109.33  4.45%   3.7 1490s
 1053028 1016239 7513427.26  389  118 7796801.56 7450117.92  4.45%   3.7 1495s
 1056410 1019577 7511211.94  443  111 7796801.56 7450118.52  4.45%   3.7 1500s
 1059308 1022196 7795836.75 2476  105 7796801.56 7450118.52  4.45%   3.7 1506s
 1061258 1024483 7615778.66  835  104 7796801.56 7450120.21  4.45%   3.7 1510s
 1065717 1028793 7642203.55  611   98 7796801.56 7450120.51  4.45%   3.7 1515s
 1070501 1033422 7472176.25  126  119 7796801.56 7450123.54  4.45%   3.7 1520s
 1074702 1037329 7729257.26 2488   95 7796801.56 7450123.54  4.45%   3.7 1525s
 1078096 1040858 7610685.11  769   97 7796801.56 7450129.04  4.45%   3.7 1530s
 1082304 1045017 7626232.02 1692   95 7796801.56 7450129.04  4.45%   3.7 1535s
 1086465 1049041 7637658.42 2364   89 7796801.56 7450129.04  4.45%   3.7 1540s
 1089822 1052223 7633372.55  221  113 7796801.56 7450137.84  4.45%   3.7 1545s
 1094554 1056841 7490220.50  145  120 7796801.56 7450138.59  4.45%   3.7 1550s
 1098064 1060390 7693915.81 1626   89 7796801.56 7450141.84  4.45%   3.7 1555s
 1102348 1064302 7661180.05 1381   89 7796801.56 7450145.35  4.45%   3.7 1560s
 1105622 1067404 7617652.91  828   94 7796801.56 7450150.69  4.45%   3.7 1565s
 1108995 1070674 7450709.98  102  126 7796801.56 7450150.83  4.45%   3.7 1570s
 1110852 1072680 7714628.15 1055   94 7796801.56 7450150.83  4.45%   3.7 1575s
Created node file directory '/home/ps12398/efpe/goalProgrammingMarcos//grbnodes2'
 1113062 1074707 7770122.91 2492   91 7796801.56 7450150.83  4.45%   3.7 1617s
 1114098 1075746 7587623.40  225  112 7796801.56 7450153.08  4.45%   3.7 1620s
 1117382 1079163 7668778.24 2165   90 7796801.56 7450153.73  4.45%   3.7 1625s
 1123874 1085534 7699358.75 2423   89 7796801.56 7450155.78  4.45%   3.7 1630s

Gurobi 11.0.3 (linux64, Java) logging started qua 17 dez 2025 14:54:13 -03

Set parameter WLSAccessID
Set parameter WLSSecret
Set parameter LicenseID to value 2566693

Gurobi 11.0.3 (linux64, Java) logging started qui 18 dez 2025 11:09:15 -03

Set parameter WLSAccessID
Set parameter WLSSecret
Set parameter LicenseID to value 2566693
Academic license 2566693 - for non-commercial use only - registered to ja___@ufv.br
Set parameter NonConvex to value 2
Set parameter TimeLimit to value 3600
Set parameter LogToConsole to value 0
Set parameter MIPGap to value 4.7478399160473358e-08
Set parameter Threads to value 2
Set parameter NodefileDir to value "/home/ps12398/efpe/goalProgrammingMarcos/"
Set parameter NodefileStart to value 1
Gurobi Optimizer version 11.0.3 build v11.0.3rc0 (linux64)

CPU model: Intel(R) Xeon(R) CPU           X5650  @ 2.67GHz, instruction set [SSE2]
Thread count: 12 physical cores, 24 logical processors, using up to 2 threads

Academic license 2566693 - for non-commercial use only - registered to ja___@ufv.br
Optimize a model with 62245 rows, 41913 columns and 208202 nonzeros
Model fingerprint: 0xbb220166
Model has 149 quadratic constraints
Variable types: 20886 continuous, 21027 integer (144 binary)
Coefficient statistics:
  Matrix range     [7e-03, 6e+06]
  QMatrix range    [7e-03, 1e+05]
  QLMatrix range   [1e+00, 1e+05]
  Objective range  [1e+00, 4e+07]
  Bounds range     [1e+00, 1e+08]
  RHS range        [1e+00, 5e+05]
  QRHS range       [1e-01, 1e-01]
Presolve removed 61899 rows and 41199 columns
Presolve time: 0.16s
Presolved: 915 rows, 891 columns, 20832 nonzeros
Presolved model has 2 SOS constraint(s)
Presolved model has 144 bilinear constraint(s)

Solving non-convex MIQCP

Variable types: 470 continuous, 421 integer (146 binary)
Found heuristic solution: objective 9366421.3691

Root relaxation: objective 6.712323e+06, 189 iterations, 0.02 seconds (0.01 work units)

    Nodes    |    Current Node    |     Objective Bounds      |     Work
 Expl Unexpl |  Obj  Depth IntInf | Incumbent    BestBd   Gap | It/Node Time

     0     0 6712322.62    0  136 9366421.37 6712322.62  28.3%     -    0s
H    0     0                    8992807.0313 6712322.62  25.4%     -    0s
     0     0 7018803.82    0  138 8992807.03 7018803.82  22.0%     -    0s
     0     0 7144714.73    0  136 8992807.03 7144714.73  20.6%     -    0s
H    0     0                    8210477.2030 7144725.93  13.0%     -    0s
     0     0 7145803.17    0  136 8210477.20 7145803.17  13.0%     -    0s
     0     0 7147851.42    0  136 8210477.20 7147851.42  12.9%     -    0s
     0     0 7147958.64    0  136 8210477.20 7147958.64  12.9%     -    0s
     0     0 7148091.60    0  136 8210477.20 7148091.60  12.9%     -    0s
     0     0 7148109.61    0  136 8210477.20 7148109.61  12.9%     -    0s
     0     0 7148109.61    0  136 8210477.20 7148109.61  12.9%     -    0s
     0     0 7149437.82    0  136 8210477.20 7149437.82  12.9%     -    0s
H    0     0                    8080846.3656 7149448.02  11.5%     -    1s
H    0     0                    8059391.8171 7149448.02  11.3%     -    1s
     0     2 7149448.02    0  136 8059391.82 7149448.02  11.3%     -    1s
H  323   342                    8046588.5427 7151096.11  11.1%   1.9    1s
H 1459  1474                    7990419.6242 7151096.11  10.5%   1.7    3s
H 1572  1622                    7989743.5765 7151096.11  10.5%   1.7    3s
H 1653  1692                    7989346.3899 7151096.11  10.5%   1.7    3s
  2325  2377 7251982.77 1182  117 7989346.39 7151096.11  10.5%   1.5    5s
H 2326  2377                    7988573.2303 7151096.11  10.5%   1.5    5s
H 2429  2513                    7982011.8923 7151096.11  10.4%   1.5    5s
H 3011  3098                    7978304.3599 7151096.11  10.4%   1.5    6s
H 3782  3590                    7968486.7824 7197518.15  9.68%   1.7   10s
H 3784  3413                    7947972.2294 7205045.72  9.35%   1.7   10s
H 3798  3253                    7939974.5354 7432509.08  6.39%   1.8   12s
H 3800  3092                    7928648.0850 7433830.37  6.24%   1.8   12s
H 3995  3069                    7922507.8807 7447488.77  6.00%   2.0   14s
  5007  3790 7469861.47  335  118 7922507.88 7447488.77  6.00%   2.4   15s
H 5145  3725                    7915436.7786 7447488.77  5.91%   2.5   15s
H 5921  4129                    7914340.8611 7447488.77  5.90%   3.7   16s
H 6794  4597                    7913660.7745 7447488.77  5.89%   5.2   18s
H 7368  4838                    7913156.5400 7447488.77  5.88%   5.9   19s
H 7376  4715                    7912433.4242 7447488.77  5.88%   5.9   19s
  7752  5065 7479070.19  945  103 7912433.42 7447488.77  5.88%   6.2   20s
H 7958  5029                    7909166.2089 7447488.77  5.84%   6.5   20s
H 8512  5313                    7908344.4934 7447488.77  5.83%   6.8   21s
H 8928  5489                    7907475.3072 7447488.77  5.82%   7.0   22s
 10305  6688 7487563.11 1398  125 7907475.31 7447488.77  5.82%   7.9   25s
H10903  7280                    7906399.6069 7447488.77  5.80%   8.1   26s
H11382  7574                    7894529.1012 7447488.77  5.66%   8.1   26s
H11450  7822                    7879797.7858 7447488.77  5.49%   8.1   26s
H12614  8918                    7875813.4670 7447488.77  5.44%   8.0   29s
 13224  9655 7495929.68 1917  126 7875813.47 7447488.77  5.44%   7.9   30s
 14832 11167 7496863.30 2240  100 7875813.47 7447488.77  5.44%   8.3   35s
H15524 11886                    7870101.5143 7447488.77  5.37%   8.5   36s
H15952 12263                    7859532.6192 7447488.77  5.24%   8.5   37s
H16831 13098                    7856899.6630 7447517.36  5.21%   8.3   38s
 17864 14356 7488121.26  377  103 7856899.66 7447517.36  5.21%   8.3   40s
 20909 17348 7546910.31 1061  100 7856899.66 7447517.36  5.21%   8.2   45s
 24524 21008 7564498.09 1982   94 7856899.66 7447517.36  5.21%   8.1   50s
 28117 24530 7494415.42  223  115 7856899.66 7447710.98  5.21%   8.0   55s
 29967 26398 7535018.68  638  104 7856899.66 7447710.98  5.21%   8.0   60s
H31904 28249                    7840600.7324 7447710.98  5.01%   7.9   62s
 33255 29687 7569121.49 1487   97 7840600.73 7447710.98  5.01%   7.8   65s
 36562 33009 7582234.35 2411   94 7840600.73 7447710.98  5.01%   7.7   70s
H39451 35746                    7840556.0568 7447806.01  5.01%   7.6   74s
H39536 35746                    7840548.5744 7447806.01  5.01%   7.6   74s
 39763 36161 7510142.58  530  120 7840548.57 7447806.01  5.01%   7.6   75s
 43441 39848 7573797.08 1465  107 7840548.57 7447806.01  5.01%   7.6   80s
H45511 41796                    7838872.6250 7447806.01  4.99%   7.5   82s
H46005 42338                    7838309.0102 7447806.01  4.98%   7.5   83s
H46877 43136                    7837250.8391 7447806.01  4.97%   7.5   84s
 47225 43631 7564043.22 2351   97 7837250.84 7447806.01  4.97%   7.5   85s
H47234 43631                    7836160.1985 7447806.01  4.96%   7.5   85s
H48586 44872                    7834485.1661 7447806.01  4.94%   7.4   86s
 50917 47313 7558530.38  951  109 7834485.17 7447825.01  4.94%   7.1   90s
 54904 51348 7593917.81 2305  103 7834485.17 7447825.01  4.94%   6.9   95s
 58409 54876 7577693.37  939   94 7834485.17 7447825.41  4.94%   6.6  100s
 61658 57938 7622941.23 2474  100 7834485.17 7447825.41  4.94%   6.4  105s
 65907 62443 7619695.89 1621   90 7834485.17 7447858.31  4.93%   6.1  110s
 69726 66139 7608417.85  677  108 7834485.17 7448000.40  4.93%   5.8  115s
 73898 70335 7674807.43 2472   95 7834485.17 7448000.40  4.93%   5.6  120s
 77452 73933 7649245.90 1572   93 7834485.17 7448043.22  4.93%   5.5  125s
 81684 78063 7662239.48 1338   99 7834485.17 7448090.48  4.93%   5.4  130s
 85262 81649 7815780.58  742   90 7834485.17 7448111.32  4.93%   5.4  135s
 88186 84624 7653138.93 1088   94 7834485.17 7448124.04  4.93%   5.4  140s
 91577 87918 7746308.44 2474   98 7834485.17 7448124.04  4.93%   5.2  145s
 93664 89849 7832377.55  197  100 7834485.17 7448296.04  4.93%   5.2  150s
H93741 89849                    7832628.8361 7448296.04  4.91%   5.2  150s
 96450 92714 7639895.70 1112   90 7832628.84 7448465.38  4.90%   5.1  155s
 101024 97220 7560209.75  638  108 7832628.84 7448501.11  4.90%   5.0  160s
 105107 101369 7649127.39 2470  100 7832628.84 7448501.11  4.90%   4.8  165s
 108454 104580 7577393.69  707  103 7832628.84 7448600.86  4.90%   4.8  170s
 113078 109117 7508231.29  117  113 7832628.84 7448622.11  4.90%   4.7  175s
 116520 112622 7708715.93 1980   90 7832628.84 7448634.46  4.90%   4.6  180s
 118974 114801 7811077.05  367   88 7832628.84 7448653.97  4.90%   4.7  185s
 120172 115574 7812252.14  583   88 7832628.84 7448653.97  4.90%   4.8  190s
 121922 116593 7813308.92  830   88 7832628.84 7448653.97  4.90%   4.9  195s
 124126 118328 7829154.22  373  106 7832628.84 7448681.68  4.90%   5.0  200s
 127366 121739 7760307.31 2025   91 7832628.84 7448681.68  4.90%   4.9  205s
 131183 125299 7690483.28 1107   97 7832628.84 7448710.20  4.90%   4.8  210s
 134152 128140 7469459.45  180  115 7832628.84 7448823.15  4.90%   4.8  215s
 138392 131956 7670857.78 1748   91 7832628.84 7448823.15  4.90%   4.7  221s
 140179 134000 7677083.80 2407   91 7832628.84 7448823.15  4.90%   4.7  225s
 144095 138025 7781374.51 1823   89 7832628.84 7448839.98  4.90%   4.6  230s
 147750 141545 7708345.97 1719   91 7832628.84 7448850.88  4.90%   4.7  235s
 150671 144320 7522040.16  431  120 7832628.84 7448862.18  4.90%   4.7  240s
 154059 147554 7805054.60 2463   88 7832628.84 7448862.18  4.90%   4.7  245s
 156905 150555 7593804.66  726  105 7832628.84 7448886.84  4.90%   4.6  250s
 160854 154459 7696971.28 2224   88 7832628.84 7448886.84  4.90%   4.6  255s
 163780 157003 7459375.36  104  123 7832628.84 7448903.83  4.90%   4.6  260s
 165722 158875     cutoff  530      7832628.84 7448903.83  4.90%   4.6  265s
 169288 161976     cutoff 1077      7832628.84 7448903.83  4.90%   4.6  270s
 173550 166476 7673814.66 2099   89 7832628.84 7448934.29  4.90%   4.5  275s
 176872 169551 7555319.70  499  114 7832628.84 7448943.13  4.90%   4.5  280s
 179789 172474 7613102.31 1230   91 7832628.84 7448943.13  4.90%   4.6  285s
 182650 175312 7626169.60 1920   90 7832628.84 7448943.13  4.90%   4.7  290s
 185686 178435 7809954.97  332  101 7832628.84 7448951.47  4.90%   4.7  295s
 188080 181123 7660570.52  903   98 7832628.84 7448975.59  4.90%   4.7  300s
 192587 185175 7508082.76  378  117 7832628.84 7449008.85  4.90%   4.6  305s
 196508 189085 7645388.04 2114   89 7832628.84 7449008.85  4.90%   4.6  310s
 200293 192616 7613504.18  796  104 7832628.84 7449035.16  4.90%   4.5  315s
 204779 196927 7451173.90  109  123 7832628.84 7449046.71  4.90%   4.4  320s
 209015 201172 7558024.96  848  112 7832628.84 7449046.71  4.90%   4.4  325s
 212169 204179 7585979.66 1501  105 7832628.84 7449046.71  4.90%   4.5  330s
 215047 206852 7577642.47 1904   89 7832628.84 7449046.71  4.90%   4.5  335s
 217521 209632 7579966.70 2276   89 7832628.84 7449046.71  4.90%   4.5  340s
 220325 212325 7483196.16  431  104 7832628.84 7449084.84  4.90%   4.5  345s
 224686 216556 7795426.97 2470   99 7832628.84 7449084.84  4.90%   4.4  350s
 227539 219445 7544187.80  421  100 7832628.84 7449097.84  4.90%   4.4  355s
 231144 222836 7467305.43  255  115 7832628.84 7449103.72  4.90%   4.4  360s
 234241 225848 7639157.18 1964   90 7832628.84 7449103.72  4.90%   4.3  365s
H236234 227481                    7826641.0445 7449130.00  4.82%   4.3  368s
H236722 227918                    7825662.2768 7449137.61  4.81%   4.3  369s
 237009 228435 7547550.48  469  105 7825662.28 7449137.61  4.81%   4.3  370s
H237240 228424                    7824269.0695 7449137.61  4.79%   4.3  370s
H238517 229685                    7823350.8739 7449137.61  4.78%   4.3  372s
 240151 231415 7762418.13 2473  102 7823350.87 7449137.61  4.78%   4.3  375s
H240188 231324                    7822129.8341 7449137.61  4.77%   4.3  375s
 241680 232871 7480415.88  242  110 7822129.83 7449156.31  4.77%   4.4  380s
H244083 234990                    7821659.2152 7449156.31  4.76%   4.4  383s
 244460 235621 7788771.64 2089   89 7821659.22 7449156.31  4.76%   4.4  385s
H245416 235951                    7818346.1867 7449157.88  4.72%   4.4  386s
H245722 235856                    7815512.7345 7449157.88  4.69%   4.4  387s
H246520 236299                    7814357.6962 7449167.49  4.67%   4.4  388s
 247000 236982 7608931.74  775   97 7814357.70 7449167.49  4.67%   4.4  390s
H248022 237687                    7813991.4231 7449167.49  4.67%   4.4  391s
H249073 238799                    7813388.0021 7449167.49  4.66%   4.3  392s
 250835 240528 7809341.38 2474  100 7813388.00 7449170.73  4.66%   4.3  395s
 254660 244282 7704138.35 2062   89 7813388.00 7449170.73  4.66%   4.3  400s
 258011 247546 7454822.64  100  125 7813388.00 7449196.27  4.66%   4.3  405s
 262122 251752 7689117.79 2099   91 7813388.00 7449196.27  4.66%   4.2  410s
 265180 254576 7650361.58  371  100 7813388.00 7449206.81  4.66%   4.2  415s
 268048 257193 7658808.86 1115  100 7813388.00 7449213.86  4.66%   4.2  420s
 270838 260259 7776346.22 2473  101 7813388.00 7449233.19  4.66%   4.2  425s
 273706 262800 7528173.71  246  119 7813388.00 7449248.71  4.66%   4.2  430s
 277243 266516 7611047.59 1103  101 7813388.00 7449252.90  4.66%   4.2  435s
 280915 270089 7647157.50 2469  100 7813388.00 7449252.90  4.66%   4.1  440s
 284591 273580 7670033.44 1106   98 7813388.00 7449257.72  4.66%   4.1  445s
 288108 276968 7572473.18  199  116 7813388.00 7449268.97  4.66%   4.1  450s
 292105 280768 7754942.05 2223   90 7813388.00 7449270.67  4.66%   4.1  455s
 295704 284208 7638195.94 1488   89 7813388.00 7449278.92  4.66%   4.1  460s
 298285 286498     cutoff  223      7813388.00 7449279.12  4.66%   4.1  465s
 301420 289938 7723771.87 1577   90 7813388.00 7449286.86  4.66%   4.1  470s
 304963 293209 7706973.15  892   95 7813388.00 7449299.85  4.66%   4.1  475s
 309056 297288     cutoff  257      7813388.00 7449326.04  4.66%   4.1  480s
 313682 301711     cutoff 2474      7813388.00 7449326.04  4.66%   4.1  485s
 316916 305040 7700109.57 1213   89 7813388.00 7449330.66  4.66%   4.1  490s
 320954 308726 7517929.20  320  121 7813388.00 7449347.41  4.66%   4.1  495s
 323927 311762     cutoff 2353      7813388.00 7449347.41  4.66%   4.1  500s
 326001 313748 7612990.67  750  102 7813388.00 7449363.38  4.66%   4.1  505s
 328963 316650     cutoff  285      7813388.00 7449370.07  4.66%   4.1  510s
 332013 319791 7746777.12 2211  104 7813388.00 7449370.07  4.66%   4.1  515s
 334883 322449 7580127.86  349  115 7813388.00 7449387.56  4.66%   4.1  520s
 338228 325828 7694482.12 1539   89 7813388.00 7449387.56  4.66%   4.1  525s
 341308 328917 7746784.50 2471   99 7813388.00 7449387.56  4.66%   4.1  530s
 344469 331886 7687361.76 1137   88 7813388.00 7449422.55  4.66%   4.1  535s
 348140 335383 7637647.04  698  107 7813388.00 7449423.70  4.66%   4.1  541s
 350751 338193 7738442.67 1977   88 7813388.00 7449423.70  4.66%   4.1  545s
 353897 340951 7548458.01  187  119 7813388.00 7449438.50  4.66%   4.1  550s
 357315 344474 7761397.32 2045   88 7813388.00 7449442.52  4.66%   4.1  555s
 360852 347904 7662301.02 1213   89 7813388.00 7449445.38  4.66%   4.1  560s
 363568 350322 7454862.20  109  123 7813388.00 7449459.16  4.66%   4.1  565s
 367312 354093 7639865.19 1907   90 7813388.00 7449459.53  4.66%   4.1  570s
 369511 356335 7685178.39 2474  100 7813388.00 7449468.80  4.66%   4.1  575s
 373223 360145 7693230.73 1701   91 7813388.00 7449474.30  4.66%   4.1  580s
 377076 363647 7522976.21  344  120 7813388.00 7449483.77  4.66%   4.1  585s
 380084 366673 7627436.23  246  109 7813388.00 7449486.23  4.66%   4.0  590s
 384228 370714 7707347.27 1546   89 7813388.00 7449489.77  4.66%   4.0  595s
 388235 374624 7688754.29 1641   88 7813388.00 7449491.93  4.66%   4.0  600s
 392163 378485 7671766.73 1381   89 7813388.00 7449496.33  4.66%   4.0  605s
 394561 380772 7616014.28  196  114 7813388.00 7449500.98  4.66%   4.0  610s
 397618 383847 7629194.28 1224   96 7813388.00 7449507.40  4.66%   3.9  615s
 401935 388084 7455512.17  112  123 7813388.00 7449512.81  4.66%   3.9  620s
 405540 391410 7692020.23 1821   89 7813388.00 7449520.69  4.66%   3.9  625s
 409972 395785 7678309.63 2137   88 7813388.00 7449526.32  4.66%   3.9  630s
 412994 398827 7626504.61  772  100 7813388.00 7449529.56  4.66%   3.9  635s
 416385 402089 7666158.49 2474   95 7813388.00 7449529.56  4.66%   3.9  640s
 417941 403687 7666562.29  787  104 7813388.00 7449534.11  4.66%   3.9  645s
 420840 406456 7477457.12  222  106 7813388.00 7449544.20  4.66%   3.9  650s
 425518 410895 7782825.65 2474   89 7813388.00 7449544.20  4.66%   3.9  655s
 429473 414870 7673167.56 1126   89 7813388.00 7449555.15  4.66%   3.9  660s
 433363 418780 7710895.84 2468  100 7813388.00 7449555.15  4.66%   3.9  665s
 436776 422034 7784583.65 1520   89 7813388.00 7449572.05  4.66%   3.9  670s
 440222 425418 7655746.57 1263   89 7813388.00 7449572.63  4.66%   3.9  675s
 443279 428087 7512381.44  291  119 7813388.00 7449577.32  4.66%   3.9  680s
 447289 431984 7669463.87 2474  104 7813388.00 7449577.32  4.66%   3.9  685s
 450546 435215 7669833.60 1026   90 7813388.00 7449579.77  4.66%   3.9  690s
 452697 437199     cutoff 2178      7813388.00 7449585.59  4.66%   3.9  695s
 455479 439878 7797901.90  215   99 7813388.00 7449589.40  4.66%   3.8  700s
 459370 443669 7622427.53 1449   88 7813388.00 7449600.56  4.66%   3.8  705s
 462732 446963 7689286.54  277  104 7813388.00 7449620.21  4.66%   3.8  710s
 466743 450821 7754022.19 2030   89 7813388.00 7449620.27  4.66%   3.8  715s
 470306 454428 7616714.13  845   90 7813388.00 7449634.91  4.66%   3.8  720s
 474177 458169 7695790.70 2474  105 7813388.00 7449634.91  4.66%   3.8  725s
 477627 461516 7674671.55 1283   90 7813388.00 7449634.91  4.66%   3.8  730s
 480759 464732 7488796.16  308  111 7813388.00 7449648.40  4.66%   3.8  735s
 484533 467967 7466676.66  196  114 7813388.00 7449651.49  4.66%   3.7  741s
 486178 469884 7595530.56 1085   90 7813388.00 7449651.49  4.66%   3.7  745s
 489655 473349 7699503.73  314  102 7813388.00 7449653.92  4.66%   3.8  750s
 492587 476271 7735018.23 1857   89 7813388.00 7449654.66  4.66%   3.8  755s
 495152 478675 7610207.72  500  109 7813388.00 7449658.61  4.66%   3.8  760s
 498129 481603 7566646.81  366  109 7813388.00 7449661.86  4.66%   3.8  765s
 501335 484675 7472873.24  220  114 7813388.00 7449677.68  4.65%   3.8  770s
 505166 488478 7740848.73 1680   90 7813388.00 7449677.68  4.65%   3.8  775s
 508336 491357 7477631.54  231  110 7813388.00 7449686.33  4.65%   3.8  780s
 512155 495142 7466488.67  161  117 7813388.00 7449691.23  4.65%   3.7  785s
 514451 497141 7604894.71  617  106 7813388.00 7449691.23  4.65%   3.7  791s
H514452 496746                    7811716.6516 7449691.23  4.63%   3.7  791s
H515447 498021                    7811714.3204 7449691.23  4.63%   3.7  794s
 516066 498657 7622970.14  903   90 7811714.32 7449691.23  4.63%   3.7  795s
 518902 501460 7632460.12 1376   89 7811714.32 7449691.23  4.63%   3.7  800s
 521626 504120 7647751.54 1871  111 7811714.32 7449691.23  4.63%   3.8  805s
 524069 506554 7650263.44 2429   89 7811714.32 7449691.23  4.63%   3.8  810s
 527786 510172 7595509.85  740   98 7811714.32 7449712.97  4.63%   3.8  815s
 531329 513728 7767904.43 2494   94 7811714.32 7449712.97  4.63%   3.8  820s
 534963 517271 7636752.22 1223   90 7811714.32 7449720.79  4.63%   3.8  825s
 538853 521068 7608382.15  583  106 7811714.32 7449730.84  4.63%   3.8  830s
 542396 524623 7635983.66  662  102 7811714.32 7449732.70  4.63%   3.8  835s
 546043 527788 7545594.25  263  119 7811714.32 7449735.22  4.63%   3.8  842s
 547512 529553 7622096.55  778  104 7811714.32 7449735.89  4.63%   3.8  845s
 551337 533192 7498409.06  292  116 7811714.32 7449740.59  4.63%   3.8  850s
 555357 537420 7632635.16 2407   90 7811714.32 7449740.59  4.63%   3.8  855s
 558561 540410 7668491.98  851   94 7811714.32 7449748.42  4.63%   3.8  860s
 562389 543819 7471304.32  107  123 7811714.32 7449750.19  4.63%   3.8  865s
 565614 547225 7628451.21  934  103 7811714.32 7449750.72  4.63%   3.7  870s
 569833 551167 7654785.12  377  102 7811714.32 7449754.57  4.63%   3.8  875s
 572614 553944 7688608.61 1707   88 7811714.32 7449754.75  4.63%   3.8  880s
 574586 555794 7481668.69  249  109 7811714.32 7449760.15  4.63%   3.8  885s
 577630 558871 7773166.41 2411   93 7811714.32 7449760.15  4.63%   3.8  890s
 580531 561742 7663722.86 1235  101 7811714.32 7449760.90  4.63%   3.8  895s
 583765 564817 7474662.05  368  101 7811714.32 7449769.31  4.63%   3.8  900s
H586563 565008                    7801502.9920 7449769.31  4.51%   3.8  904s
 587028 565388 7596965.14 1858   87 7801502.99 7449769.31  4.51%   3.8  905s
H588576 565920                    7798735.3596 7449771.82  4.47%   3.8  907s
 590729 568290 7700912.53 1352   90 7798735.36 7449771.82  4.47%   3.8  910s
H591503 568752                    7798700.6603 7449771.82  4.47%   3.8  910s
 593595 570653     cutoff 2473      7798700.66 7449771.82  4.47%   3.8  915s
H595402 572597                    7798700.3911 7449776.20  4.47%   3.7  919s
 595694 573009 7689202.08 1221   88 7798700.39 7449776.20  4.47%   3.7  920s
H596559 573459                    7798693.1779 7449776.20  4.47%   3.7  920s
H598923 575852                    7798659.8399 7449778.88  4.47%   3.7  924s
 599055 576079 7578327.32  413   99 7798659.84 7449778.88  4.47%   3.7  925s
H601881 578842                    7798583.5577 7449778.88  4.47%   3.7  930s
H604443 581228                    7798581.2216 7449778.88  4.47%   3.8  934s
 604570 581472 7648029.62 1463   97 7798581.22 7449778.88  4.47%   3.8  935s
 607741 584592 7665711.60 2104   88 7798581.22 7449778.88  4.47%   3.8  940s
 610378 587253 7718672.63 2499   97 7798581.22 7449778.88  4.47%   3.8  945s
H610790 587546                    7798566.4482 7449792.61  4.47%   3.8  946s
 613553 590417 7639978.82  926   88 7798566.45 7449794.63  4.47%   3.8  950s
 617121 593936 7607450.70  292  113 7798566.45 7449797.70  4.47%   3.8  955s
 621000 597606     cutoff 1677      7798566.45 7449797.84  4.47%   3.8  960s
 623740 600312 7587292.44  588  103 7798566.45 7449800.94  4.47%   3.8  965s
 627240 603490 7454895.32   99  128 7798566.45 7449803.26  4.47%   3.7  970s
 631258 607499 7590470.19  810   89 7798566.45 7449803.26  4.47%   3.7  975s
 635132 611414 7602534.21 1417   89 7798566.45 7449803.26  4.47%   3.8  980s
 637532 613716 7611450.16 1869   90 7798566.45 7449803.26  4.47%   3.8  985s
 640546 616684 7618744.90 2280   88 7798566.45 7449803.26  4.47%   3.8  990s
 644399 620644 7459059.67  135  122 7798566.45 7449811.51  4.47%   3.8  995s
 647342 623422 7701205.20 2008   89 7798566.45 7449811.51  4.47%   3.8 1000s
 649213 625197 7608415.24  688  103 7798566.45 7449818.46  4.47%   3.8 1005s
 652647 628582     cutoff 2484      7798566.45 7449821.61  4.47%   3.8 1010s
 655929 631933 7730891.40 1574   97 7798566.45 7449823.76  4.47%   3.8 1015s
 659632 635661 7632378.44  795   92 7798566.45 7449828.42  4.47%   3.7 1020s
H661213 636863                    7798553.6772 7449828.42  4.47%   3.7 1022s
H662367 637976                    7798553.5981 7449831.70  4.47%   3.7 1024s
 662822 638558 7570524.06  403  111 7798553.60 7449831.70  4.47%   3.7 1025s
 666838 642342 7633366.26  337  108 7798553.60 7449831.97  4.47%   3.7 1030s
 669833 645103 7674351.98 1429   89 7798553.60 7449839.41  4.47%   3.7 1036s
 672411 647888 7454336.25  120  122 7798553.60 7449842.24  4.47%   3.7 1040s
 675750 651385 7683488.82 2252   88 7798553.60 7449842.24  4.47%   3.7 1045s
 679214 654620 7643892.57  283  112 7798553.60 7449848.79  4.47%   3.7 1050s
H680754 656015                    7798553.4453 7449855.51  4.47%   3.7 1052s
 682302 657622 7560919.86  522  106 7798553.45 7449858.24  4.47%   3.7 1055s
 686670 661853 7640680.54 2486  108 7798553.45 7449858.24  4.47%   3.7 1060s
 689297 664444 7624942.75  833  104 7798553.45 7449865.80  4.47%   3.7 1065s
 692897 667997 7525404.63  366  117 7798553.45 7449874.63  4.47%   3.7 1070s
H696098 670852                    7798553.1231 7449874.63  4.47%   3.7 1074s
 696466 671424 7731339.04 2428   89 7798553.12 7449874.63  4.47%   3.7 1075s
 698743 673690 7559137.75  367  112 7798553.12 7449880.34  4.47%   3.7 1080s
 702682 677585 7663634.11 2366   89 7798553.12 7449880.34  4.47%   3.7 1085s
 706842 681527 7760786.70 1066   89 7798553.12 7449884.01  4.47%   3.7 1090s
 709520 684082 7584058.58  523  107 7798553.12 7449893.08  4.47%   3.7 1095s
 711884 686556 7630412.18 1122   92 7798553.12 7449893.08  4.47%   3.7 1100s
 714631 689278 7657484.30 1969   97 7798553.12 7449893.08  4.47%   3.7 1105s
 717015 691663 7691638.37 2492   93 7798553.12 7449893.08  4.47%   3.7 1110s
 719681 694387 7652573.08 1056   92 7798553.12 7449893.63  4.47%   3.7 1115s
 721547 695990 7676890.33 2306   89 7798553.12 7449893.63  4.47%   3.7 1120s
 724112 698262 7606192.75  626   96 7798553.12 7449899.75  4.47%   3.7 1125s
 728113 702022 7474371.33  193  109 7798553.12 7449900.32  4.47%   3.7 1130s
 731272 705110 7457410.24  126  123 7798553.12 7449903.56  4.47%   3.7 1135s
 735477 709387 7617243.92 1709   90 7798553.12 7449903.56  4.47%   3.7 1140s
 739495 713443 7608999.75  453  100 7798553.12 7449906.16  4.47%   3.7 1145s
 742781 716318 7467425.14  128  117 7798553.12 7449907.69  4.47%   3.7 1150s
 746143 719781 7732853.62 2014   91 7798553.12 7449909.19  4.47%   3.7 1155s
 748313 721911 7572971.64  515  106 7798553.12 7449910.93  4.47%   3.7 1160s
 752021 725497 7746191.70 2498  100 7798553.12 7449911.87  4.47%   3.7 1165s
 755340 728917 7648166.29 1513   90 7798553.12 7449913.90  4.47%   3.7 1170s
 759282 732808 7473352.92  187  112 7798553.12 7449920.52  4.47%   3.7 1175s
 762536 735897 7751033.68 2252   91 7798553.12 7449920.52  4.47%   3.7 1180s
 765718 738875 7656862.89  904   92 7798553.12 7449927.77  4.47%   3.7 1185s
 769833 742737 7471748.77  151  116 7798553.12 7449930.84  4.47%   3.7 1190s
 773780 746471 7477634.22  192  114 7798553.12 7449930.84  4.47%   3.7 1196s
 775897 748745 7652474.69  826   92 7798553.12 7449932.10  4.47%   3.7 1200s
 779487 752042 7795991.00  198  102 7798553.12 7449939.20  4.47%   3.7 1205s
 781849 753861     cutoff  862      7798553.12 7449939.96  4.47%   3.7 1210s
 784272 755132     cutoff 1511      7798553.12 7449940.86  4.47%   3.7 1215s
 787890 758861 7620964.87 1644  104 7798553.12 7449942.35  4.47%   3.7 1220s
 792013 762947 7636202.11  995   90 7798553.12 7449943.85  4.47%   3.7 1225s
 794906 765643 7728229.85 2491   92 7798553.12 7449943.85  4.47%   3.7 1230s
H797150 766904                    7797177.5973 7449951.80  4.45%   3.7 1234s
 797867 767787 7613153.64  368  106 7797177.60 7449952.41  4.45%   3.7 1235s
 802052 771687 7782370.76 2501  101 7797177.60 7449952.41  4.45%   3.7 1240s
 806391 776076 7747814.78  405   94 7797177.60 7449958.32  4.45%   3.7 1245s
 810232 779742 7693698.42 2489   97 7797177.60 7449958.32  4.45%   3.7 1250s
H810247 779592                    7796801.5602 7449958.32  4.45%   3.7 1250s
 813437 782795 7607596.42  536  104 7796801.56 7449963.04  4.45%   3.7 1255s
 817896 786835     cutoff  432      7796801.56 7449968.53  4.45%   3.7 1260s
 821541 790212 7679116.59 1893   90 7796801.56 7449968.53  4.45%   3.7 1265s
 824294 793123 7651492.03  701  101 7796801.56 7449970.02  4.45%   3.7 1270s
 827641 796397 7475832.86  133  124 7796801.56 7449970.24  4.45%   3.7 1275s
 832035 800765 7721449.91 2495   94 7796801.56 7449974.27  4.45%   3.7 1280s
 835398 804264 7646023.40 1837   90 7796801.56 7449974.27  4.45%   3.7 1285s
 839219 808055 7608538.06  825   98 7796801.56 7449978.16  4.45%   3.7 1290s
 842906 811351 7766708.54 2492  100 7796801.56 7449983.37  4.45%   3.7 1295s
 844955 813402 7574985.54  382  113 7796801.56 7449984.43  4.45%   3.7 1300s
 848670 816981 7766270.88 2481  103 7796801.56 7449984.43  4.45%   3.7 1305s
 852294 820737 7595227.90  666  105 7796801.56 7449988.07  4.45%   3.7 1310s
 856257 824454 7450099.50  104  126 7796801.56 7449996.61  4.45%   3.7 1315s
 860029 828108     cutoff 2247      7796801.56 7449997.36  4.45%   3.7 1320s
 863801 831958 7670279.58 1600   89 7796801.56 7449997.36  4.45%   3.7 1325s
 867818 835936 7646154.07  818   89 7796801.56 7450000.09  4.45%   3.7 1330s
 871137 838827 7477839.16  122  118 7796801.56 7450005.39  4.45%   3.7 1335s
 874875 842519 7454020.92  122  122 7796801.56 7450010.06  4.45%   3.6 1340s
 878972 846622 7598612.37  823   91 7796801.56 7450010.06  4.45%   3.7 1345s
 881132 848948 7606931.75 1229   88 7796801.56 7450010.06  4.45%   3.7 1350s
 884448 852157 7615833.34 1824   89 7796801.56 7450010.06  4.45%   3.7 1355s
 887618 855155 7622855.19 2303   89 7796801.56 7450010.06  4.45%   3.7 1360s
 891388 858965 7526210.12  354  112 7796801.56 7450018.33  4.45%   3.7 1365s
 894448 861913 7483711.22  171  112 7796801.56 7450025.34  4.45%   3.7 1370s
 897965 865360 7763858.81 2134   87 7796801.56 7450025.82  4.45%   3.7 1375s
 901293 868561 7650905.88 1295   88 7796801.56 7450026.23  4.45%   3.7 1380s
 905203 872227 7459979.88  124  118 7796801.56 7450034.04  4.45%   3.7 1385s
 906569 873645 7572062.38  417  102 7796801.56 7450034.04  4.45%   3.7 1390s
 910382 877407 7608993.67 1059   90 7796801.56 7450034.04  4.45%   3.7 1395s
 913359 880475 7619982.58 1725   89 7796801.56 7450034.04  4.45%   3.7 1400s
 916705 883532 7626334.85 2243   88 7796801.56 7450034.04  4.45%   3.7 1405s
 919902 886801 7623361.16  242  109 7796801.56 7450037.24  4.45%   3.7 1410s
 923740 890863 7599552.70 1338   90 7796801.56 7450038.11  4.45%   3.7 1415s
 927298 893996 7770239.33  222  101 7796801.56 7450046.07  4.45%   3.7 1420s
 930673 897213 7619166.55  726   90 7796801.56 7450046.07  4.45%   3.7 1425s
 932989 899600 7652278.98  997  101 7796801.56 7450046.07  4.45%   3.7 1430s
 936596 903026 7628678.78 1583   91 7796801.56 7450046.07  4.45%   3.7 1435s
 939586 906198 7664023.83 2082  100 7796801.56 7450046.07  4.45%   3.7 1440s
 941401 907821 7666641.02 2359  100 7796801.56 7450046.07  4.45%   3.7 1445s
 945078 911305 7787811.24  256  112 7796801.56 7450052.81  4.45%   3.7 1450s
 949218 915369 7545836.94  613  111 7796801.56 7450056.80  4.45%   3.7 1455s
 953028 919004 7452360.70  107  125 7796801.56 7450059.80  4.45%   3.7 1460s
 955908 921718 7730817.66 2071   89 7796801.56 7450059.80  4.45%   3.7 1465s
 958813 924802 7604079.55  627  104 7796801.56 7450060.24  4.45%   3.7 1470s
 962261 927917 7773196.21 2491  100 7796801.56 7450060.34  4.45%   3.7 1475s
 965630 931615 7654868.61 1828   90 7796801.56 7450061.23  4.45%   3.7 1480s
 969692 935304 7555593.24  425  118 7796801.56 7450063.84  4.45%   3.7 1485s
 973506 939158 7772294.47 2486   99 7796801.56 7450063.84  4.45%   3.7 1490s
 976799 942295 7640166.56 1067   89 7796801.56 7450067.93  4.45%   3.7 1495s
 980495 946078 7582331.69  688   93 7796801.56 7450069.71  4.45%   3.7 1500s
 984761 950199 7654104.27 2493  110 7796801.56 7450069.71  4.45%   3.7 1505s
 987298 952458 7741279.54  257  107 7796801.56 7450072.71  4.45%   3.7 1510s
 991697 956641 7498251.52  151  122 7796801.56 7450072.76  4.45%   3.7 1515s
 995825 960903 7719699.24 2412   89 7796801.56 7450073.79  4.45%   3.7 1520s
 998888 963796 7648409.38  667   99 7796801.56 7450076.97  4.45%   3.7 1525s
 1002411 967061 7451179.56  132  119 7796801.56 7450079.59  4.45%   3.7 1530s
 1005462 970206 7598153.45  657  106 7796801.56 7450079.59  4.45%   3.7 1535s
 1008552 973133 7631986.48 1336   91 7796801.56 7450079.59  4.45%   3.7 1540s
 1011390 975964 7641305.43 1813   90 7796801.56 7450079.59  4.45%   3.7 1546s
 1013301 977868 7650797.50 2320   90 7796801.56 7450079.59  4.45%   3.7 1550s

Gurobi 11.0.3 (linux64, Java) logging started qui 18 dez 2025 11:44:39 -03

Set parameter WLSAccessID
Set parameter WLSSecret
Set parameter LicenseID to value 2566693
Academic license 2566693 - for non-commercial use only - registered to ja___@ufv.br
Set parameter NonConvex to value 2
Set parameter TimeLimit to value 3600
Set parameter LogToConsole to value 0
Set parameter MIPGap to value 4.7478399160473358e-08
Set parameter Threads to value 1
Set parameter NodefileDir to value "/home/ps12398/efpe/goalProgrammingMarcos/"
Set parameter NodefileStart to value 0.5
Gurobi Optimizer version 11.0.3 build v11.0.3rc0 (linux64)

CPU model: Intel(R) Xeon(R) CPU           X5650  @ 2.67GHz, instruction set [SSE2]
Thread count: 12 physical cores, 24 logical processors, using up to 1 threads

Academic license 2566693 - for non-commercial use only - registered to ja___@ufv.br
Optimize a model with 62245 rows, 41913 columns and 208202 nonzeros
Model fingerprint: 0xbb220166
Model has 149 quadratic constraints
Variable types: 20886 continuous, 21027 integer (144 binary)
Coefficient statistics:
  Matrix range     [7e-03, 6e+06]
  QMatrix range    [7e-03, 1e+05]
  QLMatrix range   [1e+00, 1e+05]
  Objective range  [1e+00, 4e+07]
  Bounds range     [1e+00, 1e+08]
  RHS range        [1e+00, 5e+05]
  QRHS range       [1e-01, 1e-01]
Presolve removed 61899 rows and 41199 columns
Presolve time: 0.14s
Presolved: 915 rows, 891 columns, 20832 nonzeros
Presolved model has 2 SOS constraint(s)
Presolved model has 144 bilinear constraint(s)

Solving non-convex MIQCP

Variable types: 470 continuous, 421 integer (146 binary)
Found heuristic solution: objective 9366421.3691

Root relaxation: objective 6.712323e+06, 189 iterations, 0.01 seconds (0.01 work units)

    Nodes    |    Current Node    |     Objective Bounds      |     Work
 Expl Unexpl |  Obj  Depth IntInf | Incumbent    BestBd   Gap | It/Node Time

     0     0 6712322.62    0  136 9366421.37 6712322.62  28.3%     -    0s
H    0     0                    8992807.0313 6712322.62  25.4%     -    0s
     0     0 7018803.82    0  138 8992807.03 7018803.82  22.0%     -    0s
     0     0 7144714.73    0  136 8992807.03 7144714.73  20.6%     -    0s
H    0     0                    8210477.2030 7144725.93  13.0%     -    0s
     0     0 7145803.17    0  136 8210477.20 7145803.17  13.0%     -    0s
     0     0 7147851.42    0  136 8210477.20 7147851.42  12.9%     -    0s
     0     0 7147958.64    0  136 8210477.20 7147958.64  12.9%     -    0s
     0     0 7148091.60    0  136 8210477.20 7148091.60  12.9%     -    0s
     0     0 7148109.61    0  136 8210477.20 7148109.61  12.9%     -    0s
     0     0 7148109.61    0  136 8210477.20 7148109.61  12.9%     -    0s
     0     0 7149437.82    0  136 8210477.20 7149437.82  12.9%     -    0s
H    0     0                    8080846.3656 7149448.02  11.5%     -    0s
H    0     0                    8059391.8171 7149448.02  11.3%     -    0s
     0     2 7149453.29    0  136 8059391.82 7149453.29  11.3%     -    0s
H 1556  1556                    8041337.8646 7150595.72  11.1%   1.6    3s
H 1806  1806                    8037750.2128 7150595.72  11.0%   1.5    3s
H 2191  2191                    8016498.3142 7150595.72  10.8%   1.4    4s
H 2403  2403                    8015045.2234 7150595.72  10.8%   1.5    4s
H 2526  2526                    8001277.3226 7150595.72  10.6%   1.5    4s
  2551  2552 7159419.82  157   33 8001277.32 7150595.72  10.6%   1.6    5s
H 2555  2427                    7981533.8900 7184762.34  10.0%   1.6    5s
H 2568  2316                    7979611.5870 7195693.37  9.82%   1.8    6s
H 2570  2202                    7963193.2222 7203004.64  9.55%   1.8    6s
H 2584  2103                    7938730.9139 7431747.29  6.39%   2.1    8s
H 2594  2005                    7931182.5824 7431883.49  6.30%   2.2    9s
H 2594  1904                    7928852.0352 7431883.49  6.27%   2.2    9s
  2864  2086 7457733.91  218  118 7928852.04 7444571.12  6.11%   2.3   10s
H 3399  2346                    7927052.9053 7444571.12  6.09%   2.6   10s
H 3496  2320                    7926270.0444 7444571.12  6.08%   2.6   10s
H 3884  2492                    7915319.6534 7444571.12  5.95%   2.8   11s
H 5115  3232                    7910938.1907 7444571.12  5.90%   4.9   13s
  5910  3764 7546108.38 1741   93 7910938.19 7444571.12  5.90%   5.9   15s
H 7279  4684                    7910575.6848 7444571.12  5.89%   6.6   16s
H 7373  4778                    7908171.5202 7444571.12  5.86%   6.6   16s
H 7686  5091                    7907252.6928 7444571.12  5.85%   6.4   17s
H 8055  5460                    7906534.8209 7444600.57  5.84%   6.4   18s
H 8249  5654                    7894205.1952 7444600.57  5.70%   6.4   18s
H 8443  5848                    7883279.3599 7444600.57  5.56%   6.4   18s
H 8637  6042                    7876679.2147 7444600.57  5.49%   6.4   18s
H 8831  6236                    7875800.3645 7444600.57  5.47%   6.4   19s
H 8973  6378                    7871177.4768 7444600.57  5.42%   6.4   19s
H 9017  6422                    7856508.8795 7444600.57  5.24%   6.4   19s
  9345  6752 7525230.53  824  103 7856508.88 7444600.57  5.24%   6.5   20s
H 9596  7001                    7852857.3907 7444600.57  5.20%   6.5   20s
H 9970  7375                    7850958.6190 7444600.57  5.18%   6.4   20s
H10298  7703                    7844477.2564 7444600.57  5.10%   6.5   21s
H10799  8204                    7839010.1618 7444600.57  5.03%   6.8   22s
H11819  9224                    7838856.0075 7444600.57  5.03%   7.2   24s
 12012  9419 7570770.48 2157  102 7838856.01 7444600.57  5.03%   7.3   25s
H13258 10663                    7838855.9915 7444744.73  5.03%   7.2   26s
 14597 12004 7518638.95  812  116 7838855.99 7444744.73  5.03%   7.3   30s
 18222 15629 7568970.81 2476  108 7838855.99 7444744.73  5.03%   7.8   35s
H20691 18096                    7838689.1999 7444752.74  5.03%   7.6   38s
 21905 19312 7547142.85 1832   94 7838689.20 7444752.74  5.03%   7.7   40s
 25453 22860 7519757.67  966  120 7838689.20 7444814.02  5.02%   7.6   45s
 27265 24672 7540305.24 1872  127 7838689.20 7444814.02  5.02%   8.4   50s
 29962 27369 7538597.09  585  115 7838689.20 7444871.54  5.02%   8.7   55s
 33470 30877 7601722.99 2339  107 7838689.20 7444871.54  5.02%   8.7   60s
H35327 32732                    7838680.3010 7444903.55  5.02%   8.4   63s
 36577 33984 7561087.14 1253  109 7838680.30 7444903.55  5.02%   8.3   65s
 40336 37743 7513174.34  686  118 7838680.30 7444933.00  5.02%   8.4   70s
 43334 40741 7601898.07 2185  105 7838680.30 7444933.00  5.02%   8.4   75s
 47605 45012 7469658.07  164  110 7838680.30 7445424.32  5.02%   8.0   80s
 51238 48645 7509100.11  506   96 7838680.30 7445529.12  5.02%   7.6   85s
 55982 53389 7560169.92 1967   92 7838680.30 7445553.87  5.02%   7.2   90s
 60500 57907 7513577.87  528  111 7838680.30 7445690.16  5.01%   6.8   95s
H64353 61758                    7836541.9404 7445693.83  4.99%   6.5  100s
 69045 66452 7616294.65 2478   98 7836541.94 7445694.66  4.99%   6.2  105s
 72408 69765 7683704.16 2478  100 7836541.94 7445744.43  4.99%   6.0  110s
 75597 72954 7586949.93 1569  103 7836541.94 7445747.18  4.99%   6.1  115s
H75788 73143                    7836511.5493 7445747.18  4.99%   6.1  115s
H77118 74473                    7835123.4208 7445747.18  4.97%   6.2  117s
H77199 74554                    7835123.4168 7445747.18  4.97%   6.2  118s
H78199 75554                    7835122.8274 7445747.80  4.97%   6.2  119s
 78722 76079 7541774.04  897  114 7835122.83 7445747.80  4.97%   6.1  120s
 82005 79318 7584191.56  767  105 7835122.83 7445797.55  4.97%   6.0  125s
 86224 83487 7632484.64 1315   90 7835122.83 7445812.72  4.97%   5.8  130s
H89341 86393                    7829259.8078 7445856.01  4.90%   5.7  134s
H89348 86393                    7829203.0342 7445856.01  4.90%   5.7  134s
H89349 86392                    7829186.9089 7445856.01  4.90%   5.7  134s
 89690 86685 7486035.86  203  109 7829186.91 7445871.67  4.90%   5.7  135s
 94128 91101 7770484.17 1748   91 7829186.91 7445886.33  4.90%   5.5  140s
 97872 94759 7618913.86 2481  101 7829186.91 7445894.40  4.90%   5.4  145s
 101751 98488 7561538.84  641  111 7829186.91 7445920.73  4.90%   5.2  150s
 104968 101607 7513652.53  415  117 7829186.91 7445940.37  4.90%   5.2  155s
 108189 104828 7594441.11 2025  106 7829186.91 7445940.37  4.90%   5.3  160s
 111961 108560 7802484.76 2143   96 7829186.91 7445957.36  4.89%   5.2  165s
 115921 112398 7654979.05 2484  100 7829186.91 7445971.73  4.89%   5.1  170s
 119179 115604 7811593.37 2489  101 7829186.91 7445978.02  4.89%   5.1  175s
 123148 119421 7662909.30 1492   96 7829186.91 7445997.17  4.89%   5.0  180s
H124525 120703                    7829107.9894 7446001.35  4.89%   4.9  181s
 127045 123145 7554508.64  508  116 7829107.99 7446005.62  4.89%   4.9  185s
 131085 127155 7548052.75  550  110 7829107.99 7446022.73  4.89%   4.8  190s
 133091 129161 7611671.47 1553  109 7829107.99 7446022.73  4.89%   5.0  195s
 136322 132392 7581940.45  959  107 7829107.99 7446023.03  4.89%   5.1  200s
 140861 136899 7671915.77 2267   90 7829107.99 7446044.78  4.89%   5.0  205s
 145345 141307 7500899.05  258  109 7829107.99 7446076.41  4.89%   4.9  210s
 148999 144909 7566911.42  634  108 7829107.99 7446081.81  4.89%   4.8  215s
 153778 149660 7651693.64 2161   91 7829107.99 7446083.22  4.89%   4.8  220s
 157845 153283 7650317.33 1678   90 7829107.99 7446167.79  4.89%   4.7  225s
 161463 156853 7660169.75 2181   92 7829107.99 7446181.71  4.89%   4.7  230s
 164831 160201 7617029.04 1218  106 7829107.99 7446202.36  4.89%   4.7  235s
 167928 163298 7559366.98  486  113 7829107.99 7446211.02  4.89%   4.8  240s
 171187 166441 7485480.55  225  110 7829107.99 7446227.39  4.89%   4.7  245s
 175835 171063 7676352.29 1569   98 7829107.99 7446240.46  4.89%   4.7  250s
 180104 175262 7680037.96 2028   89 7829107.99 7446290.40  4.89%   4.6  255s
 183973 179115 7632691.16 2485  104 7829107.99 7446306.19  4.89%   4.6  260s
 188227 183149     cutoff  663      7829107.99 7446320.06  4.89%   4.5  265s
 191858 186444 7483254.22  182  111 7829107.99 7446328.63  4.89%   4.5  270s
 195964 190546 7591805.12  743  109 7829107.99 7446330.81  4.89%   4.4  275s
 198736 193318 7654684.39 2129  104 7829107.99 7446330.81  4.89%   4.5  280s
 202076 196658 7731492.76 2237   93 7829107.99 7446330.81  4.89%   4.5  285s
 204936 198838 7658743.91  707  105 7829107.99 7446335.82  4.89%   4.5  290s
 209467 203369 7744815.53 2483   96 7829107.99 7446335.82  4.89%   4.5  295s
 212927 206791 7471762.94  102  121 7829107.99 7446368.75  4.89%   4.4  300s
 216376 209754 7765374.17 2075   91 7829107.99 7446391.03  4.89%   4.4  305s
 220365 213601     cutoff  403      7829107.99 7446402.47  4.89%   4.3  310s
 224401 217577 7819096.49  636   90 7829107.99 7446408.05  4.89%   4.3  315s
 227596 220632 7607705.16 1454  103 7829107.99 7446435.80  4.89%   4.4  320s
 230082 223118 7691319.82 2482  101 7829107.99 7446435.80  4.89%   4.4  325s
 233940 226920 7519760.10  467  119 7829107.99 7446453.96  4.89%   4.4  330s
 238361 231261 7746136.98 1898   90 7829107.99 7446491.28  4.89%   4.3  335s
 242499 235399 7725489.31 2485  108 7829107.99 7446494.83  4.89%   4.3  340s
 246009 238895 7576030.43  726  111 7829107.99 7446509.36  4.89%   4.3  345s
 249814 242502 7597624.40  990  110 7829107.99 7446519.33  4.89%   4.2  350s
 253691 246209 7645162.64 1393   90 7829107.99 7446531.62  4.89%   4.2  355s
 257927 250429 7682102.33 2410   91 7829107.99 7446542.98  4.89%   4.2  360s
 261884 254314 7477996.97  122  119 7829107.99 7446544.40  4.89%   4.2  365s
 264721 257027 7653277.12 1596   90 7829107.99 7446579.38  4.89%   4.1  370s
 268858 261162 7680114.60 2427   93 7829107.99 7446593.12  4.89%   4.1  375s
 272840 265112 7518352.95  368  121 7829107.99 7446597.15  4.89%   4.1  380s
 276073 268229 7812613.04  723   89 7829107.99 7446597.38  4.89%   4.1  385s
H276528 268642                    7827121.0987 7446597.38  4.86%   4.1  385s
*276531 268639            1023    7827005.9898 7446597.38  4.86%   4.1  385s
*276535 268634            1022    7826942.7326 7446597.38  4.86%   4.1  385s
*276543 268629            1022    7826902.0230 7446597.38  4.86%   4.1  386s
*276546 268626            1020    7826898.7600 7446597.38  4.86%   4.1  386s
*276550 268626            1019    7826896.5043 7446597.38  4.86%   4.1  386s
*276551 268623            1019    7826875.6446 7446597.38  4.86%   4.1  386s
H277476 269502                    7826416.2334 7446597.81  4.85%   4.0  387s
 279516 271420     cutoff  305      7826416.23 7446600.79  4.85%   4.0  390s
 283118 274956 7601523.48  859  107 7826416.23 7446609.39  4.85%   4.0  395s
 285611 277449 7615535.40 2106   93 7826416.23 7446609.39  4.85%   4.1  400s
 289288 281114 7786404.62 1962   88 7826416.23 7446610.74  4.85%   4.1  405s
 291812 283382 7614711.82   94   94 7826416.23 7446664.35  4.85%   4.1  410s
 295411 286825 7752370.30  203   72 7826416.23 7446668.50  4.85%   4.1  415s
 299224 290586 7721750.05 2420  107 7826416.23 7446671.30  4.85%   4.1  420s
 302086 293280 7789728.20  186   60 7826416.23 7446695.93  4.85%   4.0  425s
 305467 296476 7740834.48  519  111 7826416.23 7446700.03  4.85%   4.0  430s
 308991 299914     cutoff  348      7826416.23 7446700.54  4.85%   4.0  435s
 312085 302922 7712048.92  631   77 7826416.23 7446711.62  4.85%   4.0  440s
H313058 303818                    7825180.4176 7446711.62  4.84%   4.0  441s
H314284 304962                    7823758.4501 7446711.62  4.82%   4.0  442s
H314478 305129                    7822995.7695 7446711.62  4.81%   4.0  443s
H314672 305319                    7822769.3489 7446711.62  4.81%   4.0  443s
H315310 305723                    7820520.7967 7446712.35  4.78%   4.0  444s
 315800 306215 7784421.23  913   70 7820520.80 7446712.35  4.78%   4.0  445s
 319249 309436 7642357.47  109   88 7820520.80 7446727.41  4.78%   4.0  450s
H319782 304272                    7800472.6368 7446727.41  4.53%   4.0  451s
H320505 304964                    7800472.5177 7446756.20  4.53%   4.0  452s
H320735 304607                    7799503.8533 7446756.20  4.52%   4.0  452s
 322112 305894 7662241.17  310   82 7799503.85 7446771.75  4.52%   4.0  455s
 325566 309236 7654234.74  317   84 7799503.85 7446789.56  4.52%   3.9  460s
 328664 312334 7769069.35 1866   69 7799503.85 7446789.56  4.52%   4.0  465s
 332135 315668 7774662.27 1768   71 7799503.85 7446812.56  4.52%   3.9  470s
 334995 318385 7745647.97 1641   89 7799503.85 7446815.13  4.52%   3.9  475s
 338149 321354     cutoff 1780      7799503.85 7446828.00  4.52%   3.9  480s
 341259 324119 7781004.18 1700   60 7799503.85 7446835.69  4.52%   3.9  485s
 344630 327327 7772603.86 1622   90 7799503.85 7446847.29  4.52%   3.9  490s
 347123 329576 7773802.93  567   70 7799503.85 7446875.45  4.52%   3.9  495s
 350404 332601 7752228.85  280   70 7799503.85 7446883.37  4.52%   3.9  500s
 354110 336173 7755379.22 2330   51 7799503.85 7446899.27  4.52%   3.8  505s
 357155 339052     cutoff  505      7799503.85 7446909.24  4.52%   3.8  510s
 360192 341919 7682650.32  457  117 7799503.85 7446920.31  4.52%   3.8  515s
 362726 344422 7713712.50  187   73 7799503.85 7446920.31  4.52%   3.8  520s
 365541 347139     cutoff 1021      7799503.85 7446921.37  4.52%   3.8  525s
 368912 350325 7735777.52  909  111 7799503.85 7446974.38  4.52%   3.8  530s
 371543 352658 7698883.34  192   81 7799503.85 7446998.26  4.52%   3.8  535s
 375083 356113 7775927.57  866   75 7799503.85 7447007.30  4.52%   3.8  540s
 377588 358461 7774019.98  745   72 7799503.85 7447019.89  4.52%   3.8  545s
 380872 361528 7723965.46  363  114 7799503.85 7447032.20  4.52%   3.7  550s
 384338 364850 7753056.00 1026   60 7799503.85 7447039.63  4.52%   3.7  555s
 387818 368164 7737913.49 1367   67 7799503.85 7447054.93  4.52%   3.7  560s
H388717 368238                    7797554.5737 7447076.54  4.49%   3.7  561s
 391373 370857 7676713.81  147  117 7797554.57 7447077.61  4.49%   3.7  565s
 394209 373526 7734837.59  405   70 7797554.57 7447093.74  4.49%   3.7  570s
 397518 376624 7730065.59  737  101 7797554.57 7447117.33  4.49%   3.7  575s
 400672 379719 7655438.63  102   85 7797554.57 7447131.21  4.49%   3.7  580s
 403848 382701 7781448.17 1166  101 7797554.57 7447154.94  4.49%   3.6  585s
 406990 385742 7793644.56 2485   76 7797554.57 7447156.47  4.49%   3.6  590s
 409587 388303 7745628.97 1365   91 7797554.57 7447157.56  4.49%   3.6  595s
H411897 390495                    7797325.0065 7447157.56  4.49%   3.7  599s
 411966 390524 7794972.41 2490  109 7797325.01 7447157.56  4.49%   3.7  600s
 415066 393523 7789510.45 2484   56 7797325.01 7447160.76  4.49%   3.7  605s
 417979 396266 7773398.51  504   60 7797325.01 7447178.70  4.49%   3.7  610s
 421267 399312 7744302.79  774  100 7797325.01 7447203.02  4.49%   3.6  615s
 424173 402211 7765609.94  691  101 7797325.01 7447212.95  4.49%   3.6  620s
 427299 405125 7732389.76  362   65 7797325.01 7447227.80  4.49%   3.6  625s
 430594 408274 7759548.24  901   65 7797325.01 7447248.39  4.49%   3.6  630s
 433691 411055 7706392.65  203  112 7797325.01 7447311.12  4.49%   3.6  635s
 436525 413649 7719088.77  317   69 7797325.01 7447323.68  4.49%   3.6  640s
 440077 417023 7734501.74  226   68 7797325.01 7447335.44  4.49%   3.6  645s
 442424 419345 7738835.82 1217  104 7797325.01 7447336.83  4.49%   3.6  650s
 445120 422041 7763818.24 2492  100 7797325.01 7447336.83  4.49%   3.6  655s
 448341 425125 7780407.57  924   57 7797325.01 7447349.81  4.49%   3.6  660s
H449120 425315                    7796321.3685 7447362.03  4.48%   3.6  662s
 451078 427275 7783030.85 2268  107 7796321.37 7447362.03  4.48%   3.6  665s
 454319 430190 7700601.69  152  115 7796321.37 7447393.65  4.48%   3.6  670s
 457455 433196 7675012.80  482  118 7796321.37 7447412.52  4.48%   3.6  675s
 459939 435680 7746418.11 1724  110 7796321.37 7447412.52  4.48%   3.6  680s
H461479 437170                    7796217.3716 7447412.52  4.47%   3.7  683s
 461861 437552 7792373.87 2492  113 7796217.37 7447412.52  4.47%   3.7  685s
 465168 440599 7698637.57  232  108 7796217.37 7447429.63  4.47%   3.6  690s
 467990 443275 7710393.71 1319   90 7796217.37 7447434.39  4.47%   3.6  695s
 471468 446614 7694617.72  139   75 7796217.37 7447457.17  4.47%   3.6  700s
 474311 449141 7686998.36  574  118 7796217.37 7447516.49  4.47%   3.6  705s
 477492 452322 7762680.50 2164  110 7796217.37 7447516.49  4.47%   3.6  710s
 479638 454298 7604816.92   92  135 7796217.37 7447542.55  4.47%   3.6  715s
 483102 457595 7772269.34  879  105 7796217.37 7447555.13  4.47%   3.6  720s
 486169 460368     cutoff  781      7796217.37 7447586.83  4.47%   3.6  725s
 489385 463547 7745968.22 2490  111 7796217.37 7447595.06  4.47%   3.6  730s
 492056 466013 7662417.94  603  118 7796217.37 7447611.61  4.47%   3.6  735s
 494919 468872 7758780.90 2034   70 7796217.37 7447611.61  4.47%   3.6  740s
 497470 471396 7778859.28 1083   51 7796217.37 7447624.54  4.47%   3.6  745s
 500563 474283 7765942.33  681  105 7796217.37 7447646.30  4.47%   3.6  750s
 503361 476750 7695696.20  662   98 7796217.37 7447700.20  4.47%   3.6  755s
 506409 479766     cutoff  594      7796217.37 7447706.86  4.47%   3.6  760s
 509361 482450 7654020.28  144  124 7796217.37 7447775.04  4.47%   3.6  765s
 512937 485984 7615865.37   90   96 7796217.37 7447778.18  4.47%   3.6  770s
 516673 489359 7706022.30  518  100 7796217.37 7447907.70  4.47%   3.6  775s
 521711 494179 7777597.26  513   57 7796217.37 7447975.65  4.47%   3.6  780s
 526716 498826 7777123.11  273   56 7796217.37 7448045.22  4.47%   3.6  785s
 530516 502533 7760471.39 1656  108 7796217.37 7448088.09  4.47%   3.6  790s
 535063 506867 7757714.90 1821   90 7796217.37 7448119.03  4.46%   3.6  795s
 539227 510676 7714561.77  614  102 7796217.37 7448207.43  4.46%   3.6  800s
 543054 514298 7752616.62 1111  112 7796217.37 7448217.73  4.46%   3.6  805s
 546428 517540 7633056.02  102   87 7796217.37 7448275.26  4.46%   3.6  810s
 549793 520605     cutoff  414      7796217.37 7448340.32  4.46%   3.6  815s
 554630 525295 7617091.19  120  130 7796217.37 7448405.30  4.46%   3.6  820s
H557560 527177                    7793951.4591 7448405.30  4.43%   3.6  823s
H557754 526269                    7792424.7844 7448405.30  4.41%   3.6  823s
 558976 527493 7767122.90 2293   45 7792424.78 7448405.30  4.41%   3.6  825s
H559298 527812                    7792424.0570 7448405.30  4.41%   3.6  825s
 562745 530904 7662928.74  220  114 7792424.06 7448481.22  4.41%   3.6  830s
 567524 535288 7685990.11  484  115 7792424.06 7448564.00  4.41%   3.6  835s
 571876 539346 7788283.14  233   61 7792424.06 7448605.98  4.41%   3.6  840s
 577087 544285 7745654.99  246   65 7792424.06 7448716.37  4.41%   3.6  845s
H579647 546785                    7792412.6503 7448718.50  4.41%   3.6  848s
 580872 548012 7754491.73 1847  107 7792412.65 7448718.50  4.41%   3.6  850s
H585399 549386                    7788369.5240 7448765.00  4.36%   3.6  854s
 585615 549532     cutoff 1197      7788369.52 7448765.00  4.36%   3.6  855s
H585728 548070                    7786488.4617 7448782.28  4.34%   3.6  855s
H586447 548562                    7786343.3046 7448802.28  4.34%   3.6  856s
 590396 552354 7744898.37 2478  111 7786343.30 7448865.50  4.33%   3.6  860s
H593538 554645                    7785911.0390 7448956.23  4.33%   3.6  863s
 594523 555496 7783065.17  241   66 7785911.04 7449017.31  4.33%   3.6  865s
H598417 559260                    7785903.5689 7449027.77  4.33%   3.6  869s
 598677 559460     cutoff  294      7785903.57 7449031.65  4.33%   3.6  870s
 602983 563279 7779176.09  322   65 7785903.57 7449106.00  4.33%   3.6  875s
 606680 566798 7785061.57 1489   49 7785903.57 7449145.88  4.33%   3.6  880s
 610730 570162 7617799.27  106  129 7785903.57 7449235.46  4.32%   3.6  885s
 614317 573585 7707252.08  692  107 7785903.57 7449292.88  4.32%   3.6  890s
Created node file directory '/home/ps12398/efpe/goalProgrammingMarcos//grbnodes13'
 616479 575563 7737231.49  719  107 7785903.57 7449313.57  4.32%   3.6  899s
 616763 575847 7767555.48  895   98 7785903.57 7449313.57  4.32%   3.6  900s
 620282 578945 7721579.99  213  120 7785903.57 7449379.37  4.32%   3.6  905s
 624490 582876 7652179.40  180  117 7785903.57 7449421.67  4.32%   3.6  910s
 628297 586350 7774283.49  565  107 7785903.57 7449501.20  4.32%   3.6  915s
 631752 589500 7783654.16  845  100 7785903.57 7449571.33  4.32%   3.6  925s
 635802 593288 7733781.08  277  113 7785903.57 7449616.20  4.32%   3.6  930s
 640200 597166 7742404.89  224  115 7785903.57 7449684.62  4.32%   3.6  935s
 644525 600921 7745318.37  221  109 7785903.57 7449796.91  4.32%   3.6  940s
 646000 602210 7655523.12  148  118 7785903.57 7449848.61  4.32%   3.6  947s
 647906 603967 7668532.23  453  117 7785903.57 7449852.61  4.32%   3.6  950s
 652078 607790     cutoff  826      7785903.57 7449938.98  4.32%   3.6  955s
 656051 611426 7650825.92  132  124 7785903.57 7450098.66  4.31%   3.6  960s
 659255 614251 7661541.08  119  125 7785903.57 7450220.31  4.31%   3.6  969s
 659597 614565 7663169.34  171  118 7785903.57 7450220.31  4.31%   3.6  970s
 663823 618555 7770823.89 1263   60 7785903.57 7450304.52  4.31%   3.6  975s
 667935 622210 7756800.87  455  112 7785903.57 7450423.17  4.31%   3.6  980s
 672293 626106 7709134.52  137   70 7785903.57 7450498.87  4.31%   3.6  985s
 672393 626192 7723507.74  169   71 7785903.57 7450502.88  4.31%   3.6  990s
 675732 629218 7781605.00  740  102 7785903.57 7450540.80  4.31%   3.5  995s
 679578 632707 7744971.38  552  115 7785903.57 7450594.82  4.31%   3.6 1000s
 683588 636462 7766629.49 1271  104 7785903.57 7450662.91  4.31%   3.6 1005s
 684399 637273 7769834.22 1677   91 7785903.57 7450662.91  4.31%   3.6 1011s
 687055 639569 7742332.36  276   65 7785903.57 7450771.09  4.30%   3.6 1015s
 691235 643312     cutoff  267      7785903.57 7450889.06  4.30%   3.6 1020s
 695346 646886 7690588.90  353  116 7785903.57 7451008.25  4.30%   3.5 1025s
 698637 649988 7723314.97  231   60 7785903.57 7451069.32  4.30%   3.6 1034s
 699148 650388 7708286.39  154  115 7785903.57 7451099.66  4.30%   3.6 1035s
 703415 654210 7686356.25  291  110 7785903.57 7451297.45  4.30%   3.5 1040s
 707613 657997     cutoff  712      7785903.57 7451377.17  4.30%   3.5 1045s
 711599 661594 7638257.46  150  121 7785903.57 7451449.50  4.30%   3.5 1050s
 713020 662943 7735470.23  191   67 7785903.57 7451480.51  4.30%   3.5 1056s
 715463 665038     cutoff  541      7785903.57 7451544.25  4.29%   3.5 1060s
 718380 667773 7687292.75  436  112 7785903.57 7451602.05  4.29%   3.5 1065s
 721128 670258 7756374.35  387   60 7785903.57 7451626.13  4.29%   3.5 1070s
 723854 672591 7638989.54  102   85 7785903.57 7451759.13  4.29%   3.5 1075s
*726075 674529             778    7785902.9071 7451815.01  4.29%   3.5 1079s
 726535 674925 7661955.21  232  127 7785902.91 7451832.95  4.29%   3.5 1080s
 727062 675452 7691991.86  495  115 7785902.91 7451832.95  4.29%   3.5 1088s
 728071 676461 7747921.85 1000  104 7785902.91 7451832.95  4.29%   3.5 1090s
 731741 679715 7729157.79  172   68 7785902.91 7451925.09  4.29%   3.5 1095s
H734197 682029                    7784041.4402 7451955.31  4.27%   3.5 1097s
H734294 682120                    7782164.3431 7451955.31  4.24%   3.5 1098s
H734391 682205                    7781477.7632 7451955.31  4.23%   3.5 1098s
*734464 682265             948    7781475.8303 7451955.31  4.23%   3.5 1098s
*734466 682265             947    7781471.6169 7451955.31  4.23%   3.5 1098s
*734471 682261             946    7781454.8726 7451955.31  4.23%   3.5 1098s
 735846 683501 7704202.41  223  116 7781454.87 7451986.86  4.23%   3.5 1100s
 740705 687914 7672729.33  189  119 7781454.87 7452094.49  4.23%   3.5 1105s
 741107 688291 7747482.48  272   63 7781454.87 7452100.08  4.23%   3.5 1110s
 745097 691850 7771227.37  593  102 7781454.87 7452216.36  4.23%   3.5 1115s
 749155 695552     cutoff  639      7781454.87 7452318.70  4.23%   3.5 1120s
 751781 697871 7780220.00  703   98 7781454.87 7452400.29  4.23%   3.5 1125s
H753209 699279                    7780169.6519 7452425.34  4.21%   3.5 1127s
H753306 688936                    7779999.7652 7452425.34  4.21%   3.5 1127s
 754282 689799 7698148.44  216  113 7779999.77 7452451.24  4.21%   3.5 1136s
 756384 691733 7749686.83  760   98 7779999.77 7452496.64  4.21%   3.5 1140s
 758809 693834     cutoff  248      7779999.77 7452575.67  4.21%   3.5 1145s
 761743 696543 7763804.55  551   99 7779999.77 7452672.12  4.21%   3.5 1150s
 763673 697673 7637411.20  162  123 7779999.77 7452765.18  4.21%   3.5 1155s
 766156 699908 7749196.78  338  108 7779999.77 7452795.77  4.21%   3.5 1160s
 768391 701492 7704662.67  126   69 7779999.77 7452851.09  4.20%   3.5 1165s
 768633 701684 7693476.83  114   76 7779999.77 7452864.34  4.20%   3.5 1172s
 770388 702913     cutoff  241      7779999.77 7452886.51  4.20%   3.5 1175s
 773853 705432 7685115.13  248  123 7779999.77 7452945.42  4.20%   3.5 1180s
H775034 706591                    7779972.2255 7452945.42  4.20%   3.5 1181s
 776783 707573 7721230.84  168  119 7779972.23 7453006.94  4.20%   3.5 1185s
 779586 710138 7771247.23  231  108 7779972.23 7453011.07  4.20%   3.5 1190s
 781538 711205 7644856.99  141  123 7779972.23 7453077.15  4.20%   3.5 1195s
 783424 712769 7765899.83  566   66 7779972.23 7453080.02  4.20%   3.5 1205s
 786061 714383 7775713.17  142   66 7779972.23 7453113.78  4.20%   3.5 1210s
 789139 716387 7775008.05  215   58 7779972.23 7453150.28  4.20%   3.5 1215s
 792397 718791 7658436.95  199  119 7779972.23 7453235.43  4.20%   3.6 1220s
 795483 720608 7637380.14  145  124 7779972.23 7453325.11  4.20%   3.6 1225s
 797914 722557 7762287.98  194   63 7779972.23 7453328.82  4.20%   3.6 1230s
 799960 723877 7776150.38  186   64 7779972.23 7453372.84  4.20%   3.6 1235s
 800239 723988 7741779.83  162   67 7779972.23 7453392.11  4.20%   3.6 1242s
 801620 725259 7687009.16  288  118 7779972.23 7453410.98  4.20%   3.6 1245s
 804231 726854 7647927.96  101  131 7779972.23 7453447.79  4.20%   3.6 1250s
 807913 729968 7744234.61  695  107 7779972.23 7453507.92  4.20%   3.6 1255s
 810864 731439     cutoff  181      7779972.23 7453539.13  4.20%   3.6 1260s
 814467 734151 7681138.83  137  117 7779972.23 7453598.44  4.20%   3.6 1265s
 817673 736767 7751020.59  813  108 7779972.23 7453601.66  4.20%   3.6 1273s
 818601 737579 7673105.04  208  117 7779972.23 7453614.10  4.19%   3.6 1275s
 822151 740270 7746955.02  148  105 7779972.23 7453654.96  4.19%   3.6 1280s
 825465 742525 7710563.11  141  119 7779972.23 7453749.95  4.19%   3.6 1285s
 828776 744852 7667571.00  195  111 7779972.23 7453831.74  4.19%   3.6 1290s
 832176 747372 7664960.26  114   77 7779972.23 7453940.96  4.19%   3.6 1295s
 833397 748393 7694708.32  318  112 7779972.23 7453964.26  4.19%   3.6 1300s
 836665 751107 7737190.09  480  106 7779972.23 7453982.75  4.19%   3.6 1305s
 840325 753998 7732684.67  558  107 7779972.23 7454017.28  4.19%   3.6 1310s
H841091 754752                    7779724.4748 7454017.28  4.19%   3.6 1311s
H841188 754774                    7779681.4604 7454017.28  4.19%   3.6 1311s
 843682 756425     cutoff  168      7779681.46 7454049.49  4.19%   3.6 1315s
 847242 759126 7669842.74  354  121 7779681.46 7454080.47  4.19%   3.6 1320s
 848172 760056 7707548.53  819  107 7779681.46 7454080.47  4.19%   3.6 1325s
 850890 761398 7660376.88  189  119 7779681.46 7454113.61  4.18%   3.6 1330s
 853006 763046 7777543.17  409   65 7779681.46 7454117.06  4.18%   3.6 1335s
 854749 763849 7744111.46  182   74 7779681.46 7454137.16  4.18%   3.6 1340s
 857034 765812 7755194.19  472  105 7779681.46 7454154.35  4.18%   3.6 1345s
 858787 766563 7762337.93  192  102 7779681.46 7454191.17  4.18%   3.6 1350s
 860976 768257 7644465.53  193  124 7779681.46 7454207.26  4.18%   3.6 1355s
 863600 770474 7774648.28  187   61 7779681.46 7454233.29  4.18%   3.6 1360s
 864332 771024 7683097.57  359  117 7779681.46 7454254.57  4.18%   3.6 1367s
 865729 772201 7731102.55  224   69 7779681.46 7454258.48  4.18%   3.6 1370s
 868149 774218 7761073.23  462   98 7779681.46 7454267.79  4.18%   3.6 1375s
 870223 775570 7778005.36  276   47 7779681.46 7454318.23  4.18%   3.6 1380s
 871948 776333 7649581.62  148  123 7779681.46 7454352.47  4.18%   3.6 1385s
 875075 778986 7765743.36  188  104 7779681.46 7454366.95  4.18%   3.6 1390s
 878394 781246 7771978.20  571   97 7779681.46 7454475.04  4.18%   3.6 1395s
 879424 781887 7760449.54  167   63 7779681.46 7454506.81  4.18%   3.7 1400s
 882920 784322 7684899.02  281  120 7779681.46 7454531.71  4.18%   3.7 1405s
 886130 786449 7775564.76  171  107 7779681.46 7454581.52  4.18%   3.7 1410s
 889133 788548     cutoff  594      7779681.46 7454584.27  4.18%   3.7 1415s
 891202 789673     cutoff  171      7779681.46 7454594.66  4.18%   3.7 1420s
 893739 791829 7743121.85 1084  107 7779681.46 7454608.46  4.18%   3.7 1425s
 896076 793868 7743354.30  577   98 7779681.46 7454616.10  4.18%   3.7 1433s
 896606 794142     cutoff  197      7779681.46 7454616.92  4.18%   3.7 1435s
 898399 795076 7761079.42  171   64 7779681.46 7454664.36  4.18%   3.7 1440s
 900492 796530 7678804.48  311  116 7779681.46 7454672.48  4.18%   3.7 1445s
 902887 798219     cutoff  184      7779681.46 7454687.42  4.18%   3.7 1450s
 905215 799995 7646935.48  128  122 7779681.46 7454748.39  4.18%   3.7 1455s
 907783 802287 7745074.43  167  108 7779681.46 7454768.62  4.18%   3.7 1460s
 909673 803250 7776820.91  207   58 7779681.46 7454795.76  4.18%   3.7 1465s
 912038 805113 7686711.91  107   81 7779681.46 7454824.06  4.18%   3.7 1470s
 912837 805660 7673230.29  331  124 7779681.46 7454832.71  4.18%   3.7 1476s
 914711 807349 7724006.02  126   85 7779681.46 7454840.24  4.18%   3.7 1480s
 916560 808235 7646100.41  177  125 7779681.46 7454877.13  4.18%   3.7 1485s
 918775 809871 7635593.40  102   95 7779681.46 7454891.63  4.17%   3.7 1490s
 920831 811338 7775047.44  276   63 7779681.46 7454913.48  4.17%   3.7 1495s
 923118 813137 7718293.28  421  102 7779681.46 7454930.91  4.17%   3.7 1500s
 925222 814467     cutoff  448      7779681.46 7454961.17  4.17%   3.7 1505s
 927478 816110     cutoff  198      7779681.46 7454964.58  4.17%   3.7 1510s
 928641 817031 7671933.47  260  117 7779681.46 7454969.75  4.17%   3.7 1516s
 930245 818347 7765875.30  273   66 7779681.46 7454988.29  4.17%   3.7 1520s
 932435 819944     cutoff  785      7779681.46 7455013.87  4.17%   3.7 1525s
 934345 821119 7766772.07  231  108 7779681.46 7455018.81  4.17%   3.7 1530s
 936845 822916 7770639.99  235   61 7779681.46 7455035.28  4.17%   3.7 1535s
 938861 823930 7658595.65  172  116 7779681.46 7455048.64  4.17%   3.7 1540s
 941155 825523 7644224.93  164   87 7779681.46 7455067.71  4.17%   3.7 1545s
 943369 827141 7704300.15  196  111 7779681.46 7455100.45  4.17%   3.7 1550s
 944058 827792 7653627.91  158  120 7779681.46 7455110.22  4.17%   3.7 1555s
 946326 829582 7702060.26  133  117 7779681.46 7455123.01  4.17%   3.7 1560s
 948096 830500 7774106.68  171   57 7779681.46 7455126.78  4.17%   3.7 1565s
 950136 831700 7728112.88  360  106 7779681.46 7455139.85  4.17%   3.7 1570s
 952557 833771 7768837.10  818   71 7779681.46 7455141.73  4.17%   3.7 1575s
 954430 834944 7757101.78  194  114 7779681.46 7455158.29  4.17%   3.7 1580s
 956265 835875 7632902.64  107  130 7779681.46 7455195.70  4.17%   3.7 1585s
 958857 838197 7776057.30  190   61 7779681.46 7455198.84  4.17%   3.7 1590s
 960886 839462     cutoff  164      7779681.46 7455215.56  4.17%   3.7 1595s
 961349 839825 7675049.92  249  124 7779681.46 7455217.99  4.17%   3.7 1600s
 964002 842254 7690546.62  315  113 7779681.46 7455220.11  4.17%   3.7 1605s
 966222 843696 7701875.96  245  118 7779681.46 7455242.05  4.17%   3.7 1610s
 968198 844988 7633677.71  124  128 7779681.46 7455258.94  4.17%   3.7 1615s
 970761 847216 7715740.59  150   73 7779681.46 7455272.35  4.17%   3.7 1620s
 973305 849255 7739394.70  312   59 7779681.46 7455281.93  4.17%   3.7 1625s
 975747 851207 7751938.89  648  102 7779681.46 7455297.09  4.17%   3.7 1630s
 976878 851783 7697479.44  236  115 7779681.46 7455312.46  4.17%   3.7 1637s
 977823 852147     cutoff  188      7779681.46 7455346.84  4.17%   3.7 1640s
 980494 854546     cutoff  292      7779681.46 7455359.36  4.17%   3.7 1645s
 982679 856130     cutoff  173      7779681.46 7455368.93  4.17%   3.7 1650s
 984582 857079 7664948.74  154  120 7779681.46 7455403.86  4.17%   3.7 1655s
 987041 859200 7705821.86  258  113 7779681.46 7455421.40  4.17%   3.7 1660s
 988853 860008 7773771.39  203   55 7779681.46 7455443.87  4.17%   3.7 1665s
 991550 862397 7777610.79  536  112 7779681.46 7455454.79  4.17%   3.7 1670s
 992038 862674 7764280.88  314  103 7779681.46 7455464.58  4.17%   3.7 1675s
 993863 863669 7768507.25  211   58 7779681.46 7455490.51  4.17%   3.7 1680s
 996234 865526 7730347.87  459  107 7779681.46 7455508.73  4.17%   3.7 1685s
 998266 866895     cutoff  196      7779681.46 7455525.55  4.17%   3.7 1690s
 1000422 868411 7673478.16  197  121 7779681.46 7455548.84  4.17%   3.7 1695s
 1002669 869987 7718396.36  206  110 7779681.46 7455552.76  4.17%   3.7 1700s
 1004783 871275 7655561.46  124  126 7779681.46 7455601.29  4.17%   3.7 1705s
 1007427 873769 7697226.20  280  117 7779681.46 7455604.89  4.17%   3.7 1710s
 1008072 874414 7763980.48  495  100 7779681.46 7455604.89  4.17%   3.7 1715s
 1010260 875863     cutoff  594      7779681.46 7455621.07  4.17%   3.7 1720s
 1012362 877138 7681180.70  224  119 7779681.46 7455645.91  4.17%   3.7 1725s
 1014628 879056 7717462.97  151   62 7779681.46 7455651.80  4.17%   3.7 1730s
 1016318 879621 7752524.72  251  105 7779681.46 7455694.12  4.16%   3.7 1735s
 1018828 881819 7761383.55  733  103 7779681.46 7455710.85  4.16%   3.7 1740s
 1021105 883708 7661227.73  105  131 7779681.46 7455726.24  4.16%   3.7 1745s
 1023130 885075     cutoff  229      7779681.46 7455731.16  4.16%   3.7 1750s
 1024643 885754 7636545.01  104  131 7779681.46 7455749.70  4.16%   3.7 1757s
 1025950 887061 7730709.66  432  108 7779681.46 7455749.70  4.16%   3.7 1760s
 1028131 888682 7773779.96  183   55 7779681.46 7455771.89  4.16%   3.7 1765s
 1030319 890036 7709241.61  471  118 7779681.46 7455791.00  4.16%   3.7 1770s
 1033071 892644 7760303.51  517  101 7779681.46 7455796.33  4.16%   3.7 1775s
 1034936 893344 7645174.31  133  126 7779681.46 7455833.62  4.16%   3.7 1780s
 1037247 895174 7746655.78  406  104 7779681.46 7455853.29  4.16%   3.7 1785s
 1039059 896154 7662287.48  156  122 7779681.46 7455875.44  4.16%   3.7 1790s
 1039980 897075 7773217.19  617   66 7779681.46 7455875.44  4.16%   3.7 1795s
 1041926 898429 7667272.90  156  120 7779681.46 7455902.78  4.16%   3.8 1800s
H1043185 899528                    7779646.9607 7455903.84  4.16%   3.8 1803s
 1043819 899607 7776315.25  211   65 7779646.96 7455915.54  4.16%   3.8 1805s
 1046734 901033 7668357.02  208  115 7779646.96 7455942.06  4.16%   3.8 1810s
 1050465 904136 7762376.53  898   94 7779646.96 7455948.81  4.16%   3.8 1815s
 1053168 905208 7647156.11  193  123 7779646.96 7455971.34  4.16%   3.8 1820s
 1056220 908010 7753293.40  155   74 7779646.96 7455977.95  4.16%   3.8 1827s
 1057806 908671 7761085.92  159   61 7779646.96 7455994.27  4.16%   3.8 1830s
 1061234 911193 7778585.90  245   63 7779646.96 7456019.89  4.16%   3.8 1835s
 1063680 912287 7776301.55  186   62 7779646.96 7456054.46  4.16%   3.8 1840s
 1067283 915069 7749431.39  200   67 7779646.96 7456082.17  4.16%   3.8 1845s
 1070522 917508 7662848.06  174  120 7779646.96 7456096.60  4.16%   3.8 1850s
 1072533 918933 7764439.58  172   62 7779646.96 7456099.45  4.16%   3.8 1855s
 1075068 920212 7634281.94  105  133 7779646.96 7456150.05  4.16%   3.8 1860s
 1078493 922837 7660891.06  245  117 7779646.96 7456162.53  4.16%   3.8 1865s
 1082406 926048 7778918.07  479   97 7779646.96 7456178.58  4.16%   3.8 1870s
 1084827 926880 7642589.37  159  127 7779646.96 7456212.69  4.16%   3.8 1875s
 1088359 929676 7660719.36  182  118 7779646.96 7456219.78  4.16%   3.8 1880s
 1090560 931441 7730415.55  414  104 7779646.96 7456232.61  4.16%   3.8 1885s
 1093804 933973 7732877.16  134   73 7779646.96 7456253.71  4.16%   3.8 1890s
 1096826 935679 7702361.63  402  111 7779646.96 7456274.05  4.16%   3.8 1895s
 1099920 938026 7748464.56  143   70 7779646.96 7456284.94  4.16%   3.8 1900s
 1103287 940450 7760655.99  530  105 7779646.96 7456301.23  4.16%   3.8 1905s
 1104716 941399 7774083.65  166   59 7779646.96 7456322.68  4.16%   3.8 1910s
 1108135 944020 7648169.34  149  121 7779646.96 7456339.43  4.16%   3.8 1915s
 1111524 946373 7772065.20  164   59 7779646.96 7456361.65  4.16%   3.8 1920s
 1114716 948546 7690178.93  316  114 7779646.96 7456389.34  4.16%   3.8 1925s
 1118048 951001 7766216.11  228   59 7779646.96 7456444.02  4.15%   3.8 1930s
 1121131 953312 7776629.36  161   62 7779646.96 7456460.49  4.15%   3.8 1935s
 1122953 953831 7746302.37  167   67 7779646.96 7456477.54  4.15%   3.8 1940s
 1125900 956069 7773768.64  567   97 7779646.96 7456489.29  4.15%   3.8 1945s
 1128551 957073     cutoff  194      7779646.96 7456522.57  4.15%   3.8 1950s
 1131906 959675 7779582.36  149   66 7779646.96 7456529.45  4.15%   3.8 1955s
 1134137 960590 7704122.48  308  112 7779646.96 7456543.92  4.15%   3.8 1960s
H1134807 961245                    7778932.6795 7456543.92  4.14%   3.8 1961s
H1134904 961329                    7778392.8703 7456543.92  4.14%   3.8 1961s
H1135001 950949                    7776802.6230 7456543.92  4.12%   3.8 1961s
H1135195 951119                    7776462.8696 7456543.92  4.11%   3.8 1962s
*1135196 951120             838    7776462.6468 7456543.92  4.11%   3.8 1962s
 1136199 952109 7694720.46  314  113 7776462.65 7456544.44  4.11%   3.8 1965s
 1138178 953196 7764507.96  216   63 7776462.65 7456566.38  4.11%   3.8 1970s
 1139129 954077 7736375.41  173  109 7776462.65 7456566.61  4.11%   3.8 1975s
H1140197 954576                    7776426.9871 7456569.63  4.11%   3.8 1978s
H1140600 954609                    7776397.1065 7456571.47  4.11%   3.8 1979s
 1140656 954613 7774730.27  229   64 7776397.11 7456571.47  4.11%   3.8 1980s
 1142881 956242     cutoff  173      7776397.11 7456582.28  4.11%   3.8 1985s
 1144785 957448 7681009.16  199   80 7776397.11 7456595.31  4.11%   3.9 1990s
 1146968 959175 7678442.87  290  117 7776397.11 7456606.58  4.11%   3.9 1995s
 1148802 960283     cutoff  206      7776397.11 7456610.96  4.11%   3.9 2000s
 1150604 961310 7740146.56  154  112 7776397.11 7456636.99  4.11%   3.9 2005s
 1152920 963308     cutoff  686      7776397.11 7456637.94  4.11%   3.9 2010s
 1155684 965112 7763254.83  182   72 7776397.11 7456664.04  4.11%   3.9 2015s
 1158076 967066 7758951.58  467  107 7776397.11 7456675.08  4.11%   3.9 2020s
 1160971 968646 7770813.92  230   67 7776397.11 7456701.76  4.11%   3.9 2025s
 1164735 971940 7719564.21  161  118 7776397.11 7456709.99  4.11%   3.9 2030s
 1167048 972960 7771843.43  167   65 7776397.11 7456723.16  4.11%   3.9 2035s
 1170308 975155     cutoff  250      7776397.11 7456751.71  4.11%   3.9 2040s
 1173003 977174 7668748.96  273  116 7776397.11 7456761.16  4.11%   3.9 2046s
 1174538 978309 7771217.82  170   64 7776397.11 7456766.77  4.11%   3.9 2050s
 1176267 979162     cutoff  156      7776397.11 7456772.70  4.11%   3.9 2055s
 1178427 980656 7695561.21  252  112 7776397.11 7456786.17  4.11%   3.9 2060s
 1180451 981898 7632452.68  201  123 7776397.11 7456794.29  4.11%   3.9 2065s
 1182493 983401 7768218.61  176   74 7776397.11 7456812.73  4.11%   3.9 2070s
 1184791 985125 7773589.54  250   66 7776397.11 7456824.58  4.11%   3.9 2075s
 1186166 985592     cutoff  204      7776397.11 7456841.80  4.11%   3.9 2080s
 1188369 987447 7747541.01  476  106 7776397.11 7456860.99  4.11%   3.9 2085s
 1190098 988236     cutoff  245      7776397.11 7456874.46  4.11%   3.9 2090s
 1191545 988613 7630643.12  111  128 7776397.11 7456898.11  4.11%   3.9 2098s
 1192679 989747 7711373.21  326  110 7776397.11 7456898.11  4.11%   3.9 2100s
 1194781 991503 7759921.80  170  106 7776397.11 7456904.35  4.11%   3.9 2105s
 1196363 992180 7752160.60  158  109 7776397.11 7456922.09  4.11%   3.9 2110s
 1198622 993889 7739076.16  454  105 7776397.11 7456934.65  4.11%   3.9 2115s
 1200521 995154 7767155.26  154  114 7776397.11 7456939.11  4.11%   3.9 2120s
 1202513 996356 7663797.26  192  118 7776397.11 7456961.61  4.11%   3.9 2125s
 1204609 998045 7770581.44  489  105 7776397.11 7456968.37  4.11%   3.9 2130s
 1206901 999754 7699325.45  363  116 7776397.11 7456989.73  4.11%   3.9 2135s
 1207909 1000622 7721130.93  126   71 7776397.11 7457000.50  4.11%   3.9 2140s
 1210360 1002616     cutoff  214      7776397.11 7457016.47  4.11%   3.9 2145s
 1212212 1003430 7629148.31  119  127 7776397.11 7457030.65  4.11%   3.9 2150s
 1214431 1005309 7724354.56  134   73 7776397.11 7457044.25  4.11%   3.9 2155s
 1216487 1006701     cutoff  204      7776397.11 7457050.49  4.11%   3.9 2160s
 1219365 1008840 7714221.96  307  114 7776397.11 7457061.38  4.11%   3.9 2165s
 1222385 1010319     cutoff  222      7776397.11 7457112.58  4.11%   3.9 2170s
 1224563 1012255 7474626.86  104  130 7776397.11 7457118.80  4.11%   3.9 2175s
 1226265 1013579     cutoff  284      7776397.11 7457121.53  4.11%   3.9 2180s
 1227820 1013956     cutoff  214      7776397.11 7457158.60  4.11%   3.9 2185s
 1230166 1015908 7744177.23  357  104 7776397.11 7457168.43  4.11%   3.9 2190s
 1231770 1016622 7760027.15  182   59 7776397.11 7457175.51  4.11%   3.9 2195s
 1233561 1017636 7707688.13  327  111 7776397.11 7457185.17  4.10%   3.9 2200s
 1236170 1019867 7691046.77  249  121 7776397.11 7457194.56  4.10%   3.9 2205s
 1239034 1021505 7657080.40  146  123 7776397.11 7457212.66  4.10%   3.9 2210s
 1241078 1023195     cutoff  169      7776397.11 7457217.80  4.10%   3.9 2215s
 1243827 1024878     cutoff  266      7776397.11 7457230.28  4.10%   3.9 2220s
 1246107 1026686     cutoff  256      7776397.11 7457242.87  4.10%   3.9 2225s
 1247895 1027668     cutoff  130      7776397.11 7457264.10  4.10%   3.9 2230s
 1250062 1029271     cutoff  219      7776397.11 7457269.25  4.10%   3.9 2235s
 1251814 1029966 7640941.92  113  124 7776397.11 7457280.11  4.10%   3.9 2240s
 1253805 1031634     cutoff  181      7776397.11 7457281.71  4.10%   3.9 2245s
 1255435 1032257 7651890.68  124  123 7776397.11 7457293.23  4.10%   3.9 2250s
 1258215 1034919 7773575.76  717  111 7776397.11 7457294.56  4.10%   3.9 2255s
 1259176 1035712     cutoff  169      7776397.11 7457294.65  4.10%   3.9 2260s
 1260760 1036074     cutoff  256      7776397.11 7457318.72  4.10%   3.9 2265s
 1263054 1037872 7723623.67  330  105 7776397.11 7457326.23  4.10%   3.9 2270s
 1264904 1039166 7742145.81  160  114 7776397.11 7457327.46  4.10%   4.0 2275s
 1266574 1039795 7672849.10  201  121 7776397.11 7457338.88  4.10%   4.0 2280s
 1268686 1041741 7744532.91  468  103 7776397.11 7457341.57  4.10%   4.0 2285s
 1270490 1042602 7635969.32  105  132 7776397.11 7457359.23  4.10%   4.0 2290s
 1272098 1043517 7702917.93  133   70 7776397.11 7457365.23  4.10%   4.0 2295s
 1274054 1045405 7752495.74  540   99 7776397.11 7457365.32  4.10%   4.0 2301s
 1275194 1045699 7771159.38  149   62 7776397.11 7457376.79  4.10%   4.0 2305s
 1276912 1046891 7751831.42  673  101 7776397.11 7457383.38  4.10%   4.0 2310s
 1279146 1048835 7743168.23  159  113 7776397.11 7457390.10  4.10%   4.0 2315s
 1281644 1050965 7752848.67  423  104 7776397.11 7457393.95  4.10%   4.0 2320s
 1283579 1052174     cutoff  181      7776397.11 7457412.75  4.10%   4.0 2325s
 1285488 1053446 7773894.05  152   61 7776397.11 7457425.76  4.10%   4.0 2330s
 1287583 1055059 7723994.65  279  108 7776397.11 7457428.44  4.10%   4.0 2335s
 1288179 1055637 7768368.62  434  102 7776397.11 7457428.44  4.10%   4.0 2340s
 1290104 1056885 7770780.07  346  103 7776397.11 7457442.24  4.10%   4.0 2345s
 1291975 1057778 7633511.55  142  126 7776397.11 7457475.99  4.10%   4.0 2350s
 1294457 1060092 7774689.66  151   63 7776397.11 7457478.75  4.10%   4.0 2355s
 1296270 1060813 7764475.03  185   64 7776397.11 7457488.86  4.10%   4.0 2360s
 1298897 1063214 7770517.20  485   99 7776397.11 7457496.85  4.10%   4.0 2365s
 1300469 1063990 7758744.00  211   63 7776397.11 7457512.25  4.10%   4.0 2370s
 1302116 1064663 7643274.75  137  123 7776397.11 7457543.18  4.10%   4.0 2375s
 1304463 1066596 7741897.76  176   66 7776397.11 7457559.34  4.10%   4.0 2380s
 1305575 1067564 7710066.99  163  113 7776397.11 7457561.26  4.10%   4.0 2385s
 1307413 1068579 7627502.58  132  125 7776397.11 7457572.91  4.10%   4.0 2390s
 1310802 1071407 7727335.06  379  108 7776397.11 7457584.04  4.10%   4.0 2395s
 1313387 1072923 7754051.50  164   75 7776397.11 7457591.75  4.10%   4.0 2400s
 1316587 1074756     cutoff  591      7776397.11 7457599.58  4.10%   4.0 2405s
 1318848 1075620 7697909.96  161  114 7776397.11 7457614.58  4.10%   4.0 2410s
 1321968 1077842     cutoff  172      7776397.11 7457630.97  4.10%   4.0 2415s
 1323550 1078596 7761802.00  179   65 7776397.11 7457660.40  4.10%   4.0 2420s
 1327344 1081916 7762674.85  568  104 7776397.11 7457684.65  4.10%   4.0 2425s
 1330235 1083266 7691112.79  291  113 7776397.11 7457715.13  4.10%   4.0 2430s
 1333586 1085621     cutoff  431      7776397.11 7457739.52  4.10%   4.0 2435s
 1337196 1088431     cutoff  165      7776397.11 7457754.46  4.10%   4.0 2440s
 1338710 1089619     cutoff  165      7776397.11 7457764.57  4.10%   4.0 2445s
 1342074 1091968 7759943.89  525  109 7776397.11 7457785.95  4.10%   4.0 2450s
 1345100 1093759     cutoff  152      7776397.11 7457813.23  4.10%   4.0 2455s
 1348035 1095787 7769189.43  158   59 7776397.11 7457839.09  4.10%   4.0 2460s
 1351459 1098493     cutoff  176      7776397.11 7457861.66  4.10%   4.0 2465s
 1354105 1100018 7706868.62  119   75 7776397.11 7457893.17  4.10%   4.0 2470s
 1355264 1101067 7686292.72  220  119 7776397.11 7457893.72  4.10%   4.0 2475s
 1357196 1102142     cutoff  191      7776397.11 7457922.49  4.10%   4.0 2480s
 1358677 1102688 7768994.14  231   63 7776397.11 7457935.89  4.10%   4.0 2485s
 1360830 1104570 7763613.41  138   72 7776397.11 7457958.63  4.09%   4.0 2490s
 1362433 1105132 7775112.83  189  104 7776397.11 7457978.85  4.09%   4.0 2495s
 1364722 1106871 7738841.34  471  105 7776397.11 7457988.40  4.09%   4.0 2500s
 1366879 1108524     cutoff  194      7776397.11 7457998.59  4.09%   4.0 2505s
 1368968 1110030 7617463.73  108  131 7776397.11 7458011.94  4.09%   4.0 2510s
H1369202 1099653                    7773574.5309 7458013.25  4.06%   4.0 2511s
H1371105 1101437                    7772855.4526 7458017.31  4.05%   4.0 2514s
 1371117 1101441     cutoff  180      7772855.45 7458017.31  4.05%   4.0 2515s
H1372106 1102110                    7772855.4114 7458019.92  4.05%   4.0 2519s
 1372210 1102212 7650387.09  117  124 7772855.41 7458020.30  4.05%   4.0 2520s
 1373999 1103240 7670601.61  137  124 7772855.41 7458033.40  4.05%   4.0 2525s
 1377051 1105555 7765020.41  184  109 7772855.41 7458048.39  4.05%   4.0 2530s
 1380061 1107329 7652356.14  152  123 7772855.41 7458068.46  4.05%   4.0 2535s
 1383136 1109447 7665271.21  133  124 7772855.41 7458092.49  4.05%   4.0 2540s
 1386198 1111622 7742373.16  390  106 7772855.41 7458109.82  4.05%   4.0 2545s
 1388271 1113105 7655723.86  131  123 7772855.41 7458116.73  4.05%   4.0 2550s
 1391809 1115617 7722253.68  152   75 7772855.41 7458136.08  4.05%   4.0 2555s
 1394705 1117421 7743815.64  409  104 7772855.41 7458178.42  4.05%   4.0 2560s
 1396160 1118498 7685849.78  133  123 7772855.41 7458205.17  4.05%   4.0 2565s
 1397979 1119492 7770095.84  184   61 7772855.41 7458225.73  4.05%   4.0 2570s
 1401260 1122176 7769413.98  140   75 7772855.41 7458253.18  4.05%   4.0 2575s
 1403192 1123387     cutoff  551      7772855.41 7458264.62  4.05%   4.0 2580s
 1406562 1125530     cutoff  179      7772855.41 7458278.12  4.05%   4.0 2585s
 1409208 1127265 7687550.63  211  119 7772855.41 7458325.17  4.05%   4.0 2590s
 1411859 1129255 7683511.56  320  119 7772855.41 7458337.78  4.05%   4.0 2595s
 1414128 1131199 7726897.19  169  114 7772855.41 7458366.12  4.05%   4.0 2600s
 1417353 1133442     cutoff  217      7772855.41 7458375.15  4.05%   4.0 2605s
 1419277 1134125 7649749.18  109   92 7772855.41 7458425.00  4.05%   4.0 2611s
 1421973 1136421 7695527.67  224  126 7772855.41 7458440.71  4.05%   4.0 2615s
 1425068 1138240 7662122.94  148  121 7772855.41 7458475.38  4.04%   4.0 2620s
 1427740 1139684 7771193.90  193   74 7772855.41 7458499.69  4.04%   4.0 2625s
 1430449 1142175 7728514.31  381  108 7772855.41 7458504.13  4.04%   4.0 2630s
 1432158 1143329 7767329.09  195   78 7772855.41 7458510.77  4.04%   4.0 2635s
 1433753 1143715     cutoff  188      7772855.41 7458537.52  4.04%   4.1 2640s
 1435127 1145087 7714723.57  324  109 7772855.41 7458541.01  4.04%   4.1 2645s
 1437061 1146329 7694214.03  136  118 7772855.41 7458553.93  4.04%   4.1 2650s
 1438783 1147241     cutoff  203      7772855.41 7458559.01  4.04%   4.1 2655s
 1440968 1148972 7759492.46  527  105 7772855.41 7458575.92  4.04%   4.1 2660s
 1442373 1149391 7658758.12  223   82 7772855.41 7458601.99  4.04%   4.1 2665s
 1444156 1150540     cutoff  192      7772855.41 7458609.82  4.04%   4.1 2670s
 1446576 1152746 7754214.96  491  103 7772855.41 7458612.20  4.04%   4.1 2675s
 1448644 1154267 7770787.02  772   68 7772855.41 7458621.12  4.04%   4.1 2680s
 1450161 1155057     cutoff  264      7772855.41 7458640.90  4.04%   4.1 2685s
 1451274 1155988 7718499.85  291  112 7772855.41 7458653.97  4.04%   4.1 2690s
 1453640 1156994     cutoff  198      7772855.41 7458669.84  4.04%   4.1 2695s
 1457326 1160197 7766453.57  279   62 7772855.41 7458684.71  4.04%   4.1 2700s
 1460236 1162251     cutoff  214      7772855.41 7458698.02  4.04%   4.1 2705s
 1463025 1163525 7650094.87  182  120 7772855.41 7458713.10  4.04%   4.1 2710s
 1466447 1166123 7759223.77  189   61 7772855.41 7458725.80  4.04%   4.1 2715s
 1467620 1166543 7763915.75  190   62 7772855.41 7458735.98  4.04%   4.1 2720s
 1470640 1168625 7727189.66  243   72 7772855.41 7458763.67  4.04%   4.1 2725s
 1472888 1170186 7686619.08  346  113 7772855.41 7458784.32  4.04%   4.1 2730s
 1474846 1171408     cutoff  186      7772855.41 7458805.83  4.04%   4.1 2735s
 1476628 1172298     cutoff  215      7772855.41 7458809.73  4.04%   4.1 2740s
 1478566 1173986 7721459.58  338  110 7772855.41 7458814.49  4.04%   4.1 2745s
 1481394 1175871 7771991.87  203  106 7772855.41 7458829.15  4.04%   4.1 2750s
 1483049 1177272 7756846.43  300  108 7772855.41 7458839.14  4.04%   4.1 2755s
 1485179 1178778 7762043.44  161   61 7772855.41 7458843.17  4.04%   4.1 2760s
 1486757 1179318     cutoff  342      7772855.41 7458856.33  4.04%   4.1 2765s
 1489057 1181264 7704746.87  129  122 7772855.41 7458865.06  4.04%   4.1 2770s
 1490498 1182042     cutoff  208      7772855.41 7458866.28  4.04%   4.1 2775s
 1492333 1182944 7673066.94  272  117 7772855.41 7458888.62  4.04%   4.1 2780s
 1494678 1184982 7720882.38  200  114 7772855.41 7458890.99  4.04%   4.1 2785s
 1496542 1185987     cutoff  169      7772855.41 7458907.08  4.04%   4.1 2790s
 1498368 1187541 7690331.87  347  116 7772855.41 7458909.94  4.04%   4.1 2795s
 1500392 1188967 7699471.72  246   78 7772855.41 7458918.28  4.04%   4.1 2800s
 1502417 1189817     cutoff  262      7772855.41 7458923.72  4.04%   4.1 2805s
 1505780 1192266 7670723.63  186  116 7772855.41 7458945.67  4.04%   4.1 2810s
 1508197 1193976 7658018.29  287  119 7772855.41 7458953.02  4.04%   4.1 2815s
 1510543 1195905     cutoff  323      7772855.41 7458956.39  4.04%   4.1 2820s
 1511943 1196619 7721570.38  130   66 7772855.41 7458967.47  4.04%   4.1 2825s
 1514006 1198104 7697923.79  287  117 7772855.41 7458974.01  4.04%   4.1 2830s
 1515144 1199058 7684241.16  287  118 7772855.41 7458989.46  4.04%   4.1 2835s
 1517007 1200182 7655104.08  157   79 7772855.41 7459002.73  4.04%   4.1 2840s
 1519101 1201680 7749458.91  473  102 7772855.41 7459014.11  4.04%   4.1 2845s
 1520726 1202203 7766095.33  189  103 7772855.41 7459032.62  4.04%   4.1 2850s
 1522727 1203776 7630048.08  151  129 7772855.41 7459045.46  4.04%   4.1 2855s
 1525062 1205823 7464852.08   98  133 7772855.41 7459050.73  4.04%   4.1 2860s
 1528045 1207393 7659672.26  203  120 7772855.41 7459072.21  4.04%   4.1 2865s
 1530553 1209491 7748819.10  259   81 7772855.41 7459079.83  4.04%   4.1 2870s
 1533542 1211393 7653777.73  181  118 7772855.41 7459096.81  4.04%   4.1 2875s
 1536711 1213763 7704953.44  119   72 7772855.41 7459106.74  4.04%   4.1 2880s
 1539732 1215995     cutoff  209      7772855.41 7459119.61  4.04%   4.1 2885s
 1543119 1218538 7751276.11  163  106 7772855.41 7459137.97  4.04%   4.1 2890s
 1545632 1220455 7762424.48  562   98 7772855.41 7459147.40  4.04%   4.1 2895s
 1548520 1221919 7673740.61  230  119 7772855.41 7459162.04  4.04%   4.1 2900s
H1551422 1214300                    7771962.8080 7459163.21  4.02%   4.1 2904s
 1551990 1214870 7765887.61 1372   93 7771962.81 7459163.21  4.02%   4.1 2905s
 1554623 1215714 7765677.90  225  110 7771962.81 7459200.19  4.02%   4.1 2910s
 1556954 1217743 7760256.48  241   76 7771962.81 7459202.81  4.02%   4.1 2915s
 1558515 1218194 7742565.67  167   73 7771962.81 7459227.62  4.02%   4.1 2920s
H1558516 1218193                    7771906.7819 7459227.62  4.02%   4.1 2920s
 1560042 1219436 7754436.02  459  104 7771906.78 7459230.16  4.02%   4.1 2927s
 1561095 1220112 7747078.66  173   78 7771906.78 7459251.11  4.02%   4.1 2930s
 1562796 1220955 7706923.20  118   71 7771906.78 7459273.99  4.02%   4.1 2935s
 1565141 1222922 7750387.68  183  116 7771906.78 7459292.31  4.02%   4.1 2940s
 1567097 1224297 7708335.95  416  110 7771906.78 7459309.03  4.02%   4.1 2945s
 1569283 1225977 7682231.19  235  115 7771906.78 7459321.23  4.02%   4.1 2950s
 1570887 1227164 7765809.79  258   60 7771906.78 7459332.15  4.02%   4.1 2955s
H1571820 1227651                    7771880.3061 7459336.55  4.02%   4.1 2958s
 1572350 1227846 7767087.12  145   66 7771880.31 7459341.51  4.02%   4.1 2960s
 1574584 1229582 7654633.47  135  120 7771880.31 7459350.68  4.02%   4.1 2965s
 1576548 1230720 7692495.12  244  120 7771880.31 7459362.30  4.02%   4.1 2970s
 1577772 1231604 7716309.90  151  116 7771880.31 7459365.55  4.02%   4.1 2975s
 1580300 1233773 7771052.50  686   99 7771880.31 7459372.42  4.02%   4.1 2980s
 1581980 1234229     cutoff  166      7771880.31 7459410.28  4.02%   4.1 2985s
 1584261 1236086 7686834.93  262  117 7771880.31 7459418.32  4.02%   4.1 2990s
 1586151 1237471 7651715.70  116  126 7771880.31 7459429.49  4.02%   4.1 2995s
 1588440 1239166 7720699.73  359  107 7771880.31 7459457.13  4.02%   4.1 3000s
 1590297 1240121 7482998.15  110  126 7771880.31 7459478.63  4.02%   4.1 3005s
 1592658 1241720 7750895.28  292   74 7771880.31 7459482.20  4.02%   4.1 3010s
 1594194 1242833 7713892.15  392  110 7771880.31 7459486.53  4.02%   4.1 3015s
 1596111 1244218 7771848.55  154   62 7771880.31 7459508.49  4.02%   4.1 3020s
 1597798 1244958 7649334.66  238  120 7771880.31 7459533.52  4.02%   4.1 3025s
 1600216 1247039 7771404.16  210   62 7771880.31 7459539.44  4.02%   4.1 3030s
 1602421 1248766 7769871.96  165   61 7771880.31 7459549.73  4.02%   4.1 3035s
 1605671 1250872 7763367.38  190  109 7771880.31 7459559.39  4.02%   4.1 3040s
 1608011 1252549     cutoff  141      7771880.31 7459576.38  4.02%   4.1 3045s
 1611328 1255036 7768279.25  582  107 7771880.31 7459593.47  4.02%   4.1 3050s
 1613656 1256401 7752972.39  240  114 7771880.31 7459635.56  4.02%   4.2 3055s
 1615961 1258042     cutoff  157      7771880.31 7459656.19  4.02%   4.2 3060s
 1618623 1259465 7658100.31  205  124 7771880.31 7459683.81  4.02%   4.2 3065s
 1622025 1262143 7756604.06  175   61 7771880.31 7459703.59  4.02%   4.2 3070s
 1623480 1262548 7735888.90  159  113 7771880.31 7459718.96  4.02%   4.2 3075s
 1624945 1263941 7727873.66  439  108 7771880.31 7459723.02  4.02%   4.2 3080s
 1627112 1265676 7755560.19  189  110 7771880.31 7459733.41  4.02%   4.2 3085s
 1629045 1266910 7697370.17  140  119 7771880.31 7459746.69  4.02%   4.2 3090s
 1632377 1269658 7766425.63  454  113 7771880.31 7459756.99  4.02%   4.2 3095s
 1635702 1271939 7759099.48  422  104 7771880.31 7459770.81  4.02%   4.2 3100s
 1638371 1273738 7750028.10  178  120 7771880.31 7459799.14  4.02%   4.2 3105s
 1639614 1274399 7660000.53  240  122 7771880.31 7459805.28  4.02%   4.2 3110s
 1641871 1276120 7769603.94  503   99 7771880.31 7459811.78  4.02%   4.2 3115s
 1643517 1276809 7768333.24  200   59 7771880.31 7459826.25  4.02%   4.2 3120s
 1645840 1278891 7719048.29  248   84 7771880.31 7459826.80  4.02%   4.2 3125s
 1647500 1279767 7478344.53  163  125 7771880.31 7459846.17  4.01%   4.2 3130s
 1649847 1281658 7766973.71  486  107 7771880.31 7459856.50  4.01%   4.2 3135s
 1651570 1282338 7769030.05  181   63 7771880.31 7459868.00  4.01%   4.2 3140s
 1653526 1283617 7651827.75  197  125 7771880.31 7459872.13  4.01%   4.2 3145s
 1654990 1285081 7754380.58  655  102 7771880.31 7459872.13  4.01%   4.2 3150s
 1656453 1286058 7759930.33  218  104 7771880.31 7459874.00  4.01%   4.2 3155s
 1658016 1286528 7767410.50  220   66 7771880.31 7459887.59  4.01%   4.2 3160s
 1660142 1288106 7768318.09  241   71 7771880.31 7459893.14  4.01%   4.2 3165s
 1662005 1289277 7700471.88  398  117 7771880.31 7459906.64  4.01%   4.2 3170s
 1663904 1290650 7692082.33  229  118 7771880.31 7459914.32  4.01%   4.2 3175s
 1666068 1292137 7727993.62  132   80 7771880.31 7459922.86  4.01%   4.2 3180s
 1669276 1294330 7771715.05  232   72 7771880.31 7459935.44  4.01%   4.2 3185s
 1671337 1295443 7757669.92  168  106 7771880.31 7459951.14  4.01%   4.2 3190s
 1674783 1297966 7692824.39  220  120 7771880.31 7459962.46  4.01%   4.2 3195s
 1677384 1299723 7696758.90  292  110 7771880.31 7459971.74  4.01%   4.2 3200s
 1680122 1301147 7771001.16  190   64 7771880.31 7459980.84  4.01%   4.2 3205s
 1683622 1303835 7674359.85  157  123 7771880.31 7459998.60  4.01%   4.2 3210s
 1686150 1305523 7671660.02  160  120 7771880.31 7460015.61  4.01%   4.2 3215s
 1689139 1308046 7762272.44  164   60 7771880.31 7460024.89  4.01%   4.2 3220s
 1691262 1309101     cutoff  146      7771880.31 7460046.94  4.01%   4.2 3225s
 1693732 1311383 7701186.95  373  118 7771880.31 7460058.21  4.01%   4.2 3230s
 1696125 1312961 7711946.76  265  120 7771880.31 7460074.10  4.01%   4.2 3235s
 1699392 1315308     cutoff  274      7771880.31 7460090.04  4.01%   4.2 3240s
 1701140 1316274 7759962.75  154   59 7771880.31 7460110.63  4.01%   4.2 3245s
 1703162 1317436 7678298.27  273  118 7771880.31 7460115.12  4.01%   4.2 3250s
 1705394 1319236 7711236.96  412  117 7771880.31 7460124.34  4.01%   4.2 3255s
 1707146 1320275 7755215.12  209  109 7771880.31 7460153.43  4.01%   4.2 3260s
 1708781 1321192     cutoff  254      7771880.31 7460160.92  4.01%   4.2 3265s
 1711047 1323044     cutoff  162      7771880.31 7460181.09  4.01%   4.2 3270s
 1712634 1323585 7704358.89  128   75 7771880.31 7460203.46  4.01%   4.2 3275s
 1714797 1325492 7701495.69  303  110 7771880.31 7460215.22  4.01%   4.2 3280s
 1716020 1326411 7767280.18  150   67 7771880.31 7460227.05  4.01%   4.2 3285s
 1717601 1326933 7664603.71  153  118 7771880.31 7460250.05  4.01%   4.2 3290s
 1720092 1329250 7750270.85  157   75 7771880.31 7460257.73  4.01%   4.2 3295s
 1721309 1329649 7682424.61  184  119 7771880.31 7460268.74  4.01%   4.2 3300s
 1723505 1331305 7697386.72  266  115 7771880.31 7460276.23  4.01%   4.2 3305s
 1725335 1332431 7770844.07  188   64 7771880.31 7460280.88  4.01%   4.2 3310s
 1727010 1333176     cutoff  190      7771880.31 7460291.21  4.01%   4.2 3315s
 1729334 1334966 7758329.67  218   75 7771880.31 7460301.10  4.01%   4.2 3320s
 1731122 1335898 7709647.31  127  118 7771880.31 7460306.53  4.01%   4.2 3325s
 1733212 1337143 7697857.81  303  115 7771880.31 7460322.43  4.01%   4.2 3330s
 1734466 1337981 7694133.47  123   77 7771880.31 7460330.53  4.01%   4.2 3335s
 1736113 1338886 7751131.23  170   67 7771880.31 7460336.85  4.01%   4.2 3340s
 1738026 1340130 7675155.26  222  119 7771880.31 7460350.03  4.01%   4.2 3345s
 1739947 1341466     cutoff  172      7771880.31 7460363.54  4.01%   4.2 3350s
 1741876 1342659 7770076.75  189  110 7771880.31 7460394.99  4.01%   4.2 3355s
 1744386 1344356 7745394.07  256  107 7771880.31 7460412.33  4.01%   4.2 3360s
 1746935 1345804 7767449.12  599  109 7771880.31 7460420.14  4.01%   4.2 3365s
 1750124 1348273 7723678.69  168   70 7771880.31 7460429.67  4.01%   4.2 3370s
 1751855 1348956 7679591.22  166  116 7771880.31 7460447.12  4.01%   4.2 3375s
 1754275 1350704     cutoff  533      7771880.31 7460461.32  4.01%   4.2 3380s
 1757094 1352772 7737551.20  172   70 7771880.31 7460483.67  4.01%   4.2 3385s
 1759815 1354163 7667723.38  201  115 7771880.31 7460500.78  4.01%   4.2 3390s
 1763351 1356895 7748566.18  155   66 7771880.31 7460520.83  4.01%   4.2 3395s
 1766037 1358821 7754015.30  152   68 7771880.31 7460531.92  4.01%   4.2 3400s
 1767806 1359262 7700653.41  167  116 7771880.31 7460548.79  4.01%   4.2 3405s
 1770625 1361631 7754173.91  445  102 7771880.31 7460552.71  4.01%   4.2 3410s
 1771828 1361904 7689793.90  124   77 7771880.31 7460567.09  4.01%   4.2 3415s
 1773644 1363290 7752271.84  369  103 7771880.31 7460570.70  4.01%   4.2 3420s
 1775070 1363901     cutoff  153      7771880.31 7460586.13  4.01%   4.2 3425s
 1777386 1365781 7713897.25  288  113 7771880.31 7460593.24  4.01%   4.2 3430s
 1779254 1367149 7758788.17  183   68 7771880.31 7460593.65  4.01%   4.2 3435s
 1780790 1367525 7771498.23  166   69 7771880.31 7460609.84  4.01%   4.2 3440s
 1783183 1369870 7755724.97  437  105 7771880.31 7460610.94  4.01%   4.2 3446s
 1784042 1370427 7760540.40  209   65 7771880.31 7460613.69  4.01%   4.2 3450s
 1786091 1372040 7766564.46  737  110 7771880.31 7460615.38  4.01%   4.2 3455s
 1788236 1373373 7745502.63  336  105 7771880.31 7460633.08  4.00%   4.2 3460s
 1790228 1374210     cutoff  137      7771880.31 7460662.19  4.00%   4.2 3465s
 1792479 1376097 7760697.69  212   67 7771880.31 7460680.10  4.00%   4.2 3470s
 1794603 1377163 7752596.55  190  112 7771880.31 7460696.42  4.00%   4.2 3475s
 1797699 1379654     cutoff  137      7771880.31 7460704.84  4.00%   4.2 3480s
 1798999 1380471 7741493.67  162   65 7771880.31 7460723.71  4.00%   4.2 3485s
 1800827 1381485 7661849.51  150  123 7771880.31 7460739.60  4.00%   4.2 3490s
 1802946 1383089     cutoff  201      7771880.31 7460758.64  4.00%   4.2 3495s
 1805271 1384731 7676190.14  222  114 7771880.31 7460785.69  4.00%   4.2 3500s
 1807628 1386901 7721174.79  152  116 7771880.31 7460787.55  4.00%   4.2 3505s
 1809443 1387828 7701703.05  189  118 7771880.31 7460807.54  4.00%   4.2 3510s
 1811743 1389799 7745010.55  371  106 7771880.31 7460815.90  4.00%   4.2 3515s
 1813377 1390670 7770788.46  148   69 7771880.31 7460831.85  4.00%   4.2 3520s
 1814780 1391127 7655724.09  126  121 7771880.31 7460853.35  4.00%   4.2 3525s
 1816390 1392517 7733637.39  171   64 7771880.31 7460857.44  4.00%   4.2 3530s
 1818361 1393940     cutoff  159      7771880.31 7460864.81  4.00%   4.2 3535s
 1820474 1395375 7710640.72  263  110 7771880.31 7460871.82  4.00%   4.2 3540s
 1821789 1396056     cutoff  174      7771880.31 7460883.54  4.00%   4.2 3545s
 1823408 1397005     cutoff  168      7771880.31 7460897.81  4.00%   4.2 3550s
 1825641 1398748 7722911.52  337  106 7771880.31 7460904.07  4.00%   4.2 3555s
 1827925 1400422     cutoff  381      7771880.31 7460915.63  4.00%   4.2 3560s
 1829875 1401756 7739827.15  343  102 7771880.31 7460927.08  4.00%   4.2 3566s
 1831630 1402558 7769610.53  136   65 7771880.31 7460939.67  4.00%   4.2 3570s
 1834401 1404646     cutoff  464      7771880.31 7460975.88  4.00%   4.2 3575s
 1837342 1406118 7690993.54  218  114 7771880.31 7461000.07  4.00%   4.2 3580s
 1840522 1408566 7745493.87  469  104 7771880.31 7461019.57  4.00%   4.2 3585s
 1843425 1410760 7757668.34  503  101 7771880.31 7461027.24  4.00%   4.2 3590s
 1846027 1411767 7659347.11  157  118 7771880.31 7461052.23  4.00%   4.3 3595s

Cutting planes:
  RLT: 90

Explored 1847769 nodes (7856794 simplex iterations) in 3600.04 seconds (1195.56 work units)
Thread count was 1 (of 24 available processors)

Solution count 10: 7.77188e+06 7.77191e+06 7.77196e+06 ... 7.77839e+06

Time limit reached
Best objective 7.771880306104e+06, best bound 7.461056226433e+06, gap 3.9993%
