
Gurobi 11.0.3 (linux64, Java) logging started qua 17 dez 2025 14:21:35 -03

Set parameter WLSAccessID
Set parameter WLSSecret
Set parameter LicenseID to value 2566693
Academic license 2566693 - for non-commercial use only - registered to ja___@ufv.br
Set parameter NonConvex to value 2
Set parameter TimeLimit to value 3600
Set parameter LogToConsole to value 0
Set parameter MIPGap to value 4.7478399160473358e-08
Set parameter Threads to value 2
Set parameter NodefileDir to value "/home/ps12398/efpe/goalProgrammingMarcos/"
Set parameter NodefileStart to value 1
Gurobi Optimizer version 11.0.3 build v11.0.3rc0 (linux64)

CPU model: Intel(R) Xeon(R) CPU           X5650  @ 2.67GHz, instruction set [SSE2]
Thread count: 12 physical cores, 24 logical processors, using up to 2 threads

Academic license 2566693 - for non-commercial use only - registered to ja___@ufv.br
Optimize a model with 62245 rows, 41913 columns and 208202 nonzeros
Model fingerprint: 0xdafe0c53
Model has 149 quadratic constraints
Variable types: 20886 continuous, 21027 integer (144 binary)
Coefficient statistics:
  Matrix range     [7e-03, 6e+06]
  QMatrix range    [7e-03, 1e+05]
  QLMatrix range   [1e+00, 1e+05]
  Objective range  [1e+00, 4e+07]
  Bounds range     [1e+00, 1e+08]
  RHS range        [1e+00, 5e+05]
  QRHS range       [5e-02, 5e-02]
Presolve removed 61899 rows and 41199 columns
Presolve time: 0.17s
Presolved: 915 rows, 891 columns, 20832 nonzeros
Presolved model has 2 SOS constraint(s)
Presolved model has 144 bilinear constraint(s)

Solving non-convex MIQCP

Variable types: 470 continuous, 421 integer (146 binary)
Found heuristic solution: objective 1.196669e+07

Root relaxation: objective 9.312596e+06, 112 iterations, 0.05 seconds (0.00 work units)

    Nodes    |    Current Node    |     Objective Bounds      |     Work
 Expl Unexpl |  Obj  Depth IntInf | Incumbent    BestBd   Gap | It/Node Time

     0     0 9312595.55    0  136 1.1967e+07 9312595.55  22.2%     -    0s
H    0     0                    1.159308e+07 9312595.55  19.7%     -    0s
     0     0 9619076.75    0  138 1.1593e+07 9619076.75  17.0%     -    0s
H    0     0                    1.088092e+07 9619076.75  11.6%     -    0s
     0     0 9744987.66    0  136 1.0881e+07 9744987.66  10.4%     -    0s
H    0     0                    1.081075e+07 9744987.66  9.86%     -    0s
     0     0 9746076.10    0  136 1.0811e+07 9746076.10  9.85%     -    0s
     0     0 9748124.35    0  136 1.0811e+07 9748124.35  9.83%     -    0s
     0     0 9748231.57    0  136 1.0811e+07 9748231.57  9.83%     -    0s
     0     0 9748364.52    0  136 1.0811e+07 9748364.52  9.83%     -    0s
     0     0 9748364.75    0  136 1.0811e+07 9748364.75  9.83%     -    0s
     0     0 9748382.12    0  136 1.0811e+07 9748382.12  9.83%     -    0s
     0     0 9749710.75    0  136 1.0811e+07 9749710.75  9.81%     -    0s
H    0     0                    1.068112e+07 9749729.03  8.72%     -    0s
H    0     0                    1.065966e+07 9749729.03  8.54%     -    0s
     0     2 9749729.03    0  136 1.0660e+07 9749729.03  8.54%     -    0s
H  257   276                    1.065696e+07 9751369.03  8.50%   1.3    1s
H  345   370                    1.065176e+07 9751369.03  8.45%   1.7    1s
H  359   370                    1.065123e+07 9751369.03  8.45%   1.7    1s
H 1362  1424                    1.064346e+07 9751369.03  8.38%   1.8    3s
  2560  2675 9824864.66 1277  113 1.0643e+07 9751369.03  8.38%   1.6    5s
H 3642  3459                    1.060832e+07 9784322.64  7.77%   1.5    7s
H 3644  3288                    1.058155e+07 9784936.57  7.53%   1.5    7s
H 3657  3134                    1.057225e+07 9797989.35  7.32%   1.6    9s
H 3659  2979                    1.055170e+07 9805368.43  7.07%   1.6    9s
  3665  2984 9805368.43  354   50 1.0552e+07 9805368.43  7.07%   1.7   10s
H 3673  2841                    1.054040e+07 1.0029e+07  4.86%   1.8   11s
H 3675  2701                    1.052902e+07 1.0030e+07  4.74%   1.8   11s
H 4369  3087                    1.051689e+07 1.0046e+07  4.47%   2.0   14s
H 4757  3209                    1.049469e+07 1.0046e+07  4.27%   2.2   14s
H 4782  3078                    1.049098e+07 1.0046e+07  4.24%   2.2   14s
H 5048  3155                    1.049005e+07 1.0046e+07  4.23%   2.3   14s
  5224  3303 1.0076e+07  444  104 1.0490e+07 1.0046e+07  4.23%   2.4   15s
H 5547  3387                    1.048843e+07 1.0046e+07  4.22%   2.6   15s
H 5674  3321                    1.048477e+07 1.0046e+07  4.18%   2.6   15s
H 5869  3401                    1.048054e+07 1.0046e+07  4.14%   2.7   15s
H 6309  3624                    1.047860e+07 1.0046e+07  4.13%   3.0   16s
H 6367  3515                    1.047832e+07 1.0046e+07  4.12%   3.0   16s
H 6600  3631                    1.046966e+07 1.0046e+07  4.04%   3.2   16s
H 7135  3848                    1.046863e+07 1.0046e+07  4.03%   3.8   17s
H 8500  4902                    1.046688e+07 1.0046e+07  4.02%   4.4   19s
H 8734  5219                    1.045574e+07 1.0046e+07  3.92%   4.4   19s
H 8894  5219                    1.044888e+07 1.0046e+07  3.85%   4.5   19s
  9217  5807 1.0140e+07 1467  107 1.0449e+07 1.0046e+07  3.85%   4.7   20s
H10426  6914                    1.044887e+07 1.0046e+07  3.85%   5.3   21s
H12024  8399                    1.044428e+07 1.0046e+07  3.81%   5.9   23s
H12844  9284                    1.043572e+07 1.0046e+07  3.73%   6.2   25s
H15049 11600                    1.043557e+07 1.0046e+07  3.73%   5.9   29s
H15448 11786                    1.043533e+07 1.0046e+07  3.73%   5.8   29s
 15470 12020 1.0085e+07  411  109 1.0435e+07 1.0046e+07  3.73%   5.8   30s
H16544 12861                    1.043127e+07 1.0046e+07  3.69%   5.8   31s
 19407 15915 1.0154e+07 1387   98 1.0431e+07 1.0046e+07  3.69%   6.0   35s
 22337 18799 1.0186e+07 2023  105 1.0431e+07 1.0046e+07  3.69%   6.4   40s
 25162 21760 1.0209e+07 2450  101 1.0431e+07 1.0046e+07  3.69%   6.5   45s
 28180 24695 1.0181e+07  753  101 1.0431e+07 1.0047e+07  3.69%   6.6   50s
 30961 27466 1.0195e+07 1387   93 1.0431e+07 1.0047e+07  3.69%   6.9   55s
 32186 28702 1.0197e+07 1689   95 1.0431e+07 1.0047e+07  3.69%   7.0   60s
 34847 31356 1.0201e+07 2302   93 1.0431e+07 1.0047e+07  3.69%   7.0   65s
H36928 33290                    1.043076e+07 1.0047e+07  3.68%   6.8   68s
H37360 33770                    1.042895e+07 1.0047e+07  3.67%   6.8   69s
H37949 34318                    1.040944e+07 1.0047e+07  3.49%   6.8   69s
 38002 34555 1.0143e+07  528  120 1.0409e+07 1.0047e+07  3.49%   6.8   70s
 40898 37424 1.0193e+07 1293   95 1.0409e+07 1.0047e+07  3.49%   7.1   75s
 44818 41331 1.0212e+07 2261  104 1.0409e+07 1.0047e+07  3.49%   7.3   80s
 49398 46000 1.0173e+07  849  106 1.0409e+07 1.0047e+07  3.48%   6.9   85s
H50769 47211                    1.040863e+07 1.0047e+07  3.47%   6.8   86s
H50771 47211                    1.040851e+07 1.0047e+07  3.47%   6.8   86s
H50777 47211                    1.040844e+07 1.0047e+07  3.47%   6.8   86s
H50778 47211                    1.040425e+07 1.0047e+07  3.43%   6.8   86s
H51500 47961                    1.040360e+07 1.0047e+07  3.43%   6.7   87s
H52961 49494                    1.040290e+07 1.0047e+07  3.42%   6.6   89s
H53561 50187                    1.040288e+07 1.0047e+07  3.42%   6.5   90s
H53689 50187                    1.040268e+07 1.0047e+07  3.42%   6.5   90s
H56570 52972                    1.040259e+07 1.0047e+07  3.42%   6.3   93s
 57257 53895 1.0227e+07 1750   93 1.0403e+07 1.0047e+07  3.42%   6.2   95s
 61353 57678 1.0145e+07  406  118 1.0403e+07 1.0047e+07  3.42%   6.0  100s
 64871 61552 1.0260e+07 2062   93 1.0403e+07 1.0047e+07  3.42%   5.8  105s
 68462 64945 1.0181e+07  634  115 1.0403e+07 1.0047e+07  3.42%   5.7  110s
H69680 66086                    1.040256e+07 1.0047e+07  3.42%   5.6  111s
H70873 67532                    1.040035e+07 1.0047e+07  3.40%   5.5  112s
 73318 69756 1.0268e+07 2450   97 1.0400e+07 1.0047e+07  3.39%   5.4  115s
 76506 73122 1.0165e+07  713  118 1.0400e+07 1.0047e+07  3.39%   5.3  120s
 80063 76481 1.0201e+07 1469  102 1.0400e+07 1.0047e+07  3.39%   5.2  125s
 83456 79943 1.0209e+07 2112  102 1.0400e+07 1.0047e+07  3.39%   5.2  130s
H83753 80106                    1.039905e+07 1.0047e+07  3.38%   5.2  130s
H84928 81229                    1.039685e+07 1.0047e+07  3.36%   5.2  132s
 86232 82657 1.0139e+07  185  122 1.0397e+07 1.0047e+07  3.36%   5.2  135s
 88840 85283 1.0340e+07  439   95 1.0397e+07 1.0048e+07  3.36%   5.1  140s
H90994 87135                    1.039529e+07 1.0048e+07  3.35%   5.0  143s
 91993 88454 1.0248e+07 1304   94 1.0395e+07 1.0048e+07  3.35%   5.0  145s
H92705 88853                    1.039462e+07 1.0048e+07  3.34%   5.0  145s
H93780 90186                    1.039364e+07 1.0048e+07  3.33%   4.9  146s
H93894 90186                    1.039359e+07 1.0048e+07  3.33%   4.9  146s
H95267 91632                    1.039357e+07 1.0048e+07  3.33%   4.9  148s
 96506 92798 1.0255e+07  877   92 1.0394e+07 1.0048e+07  3.33%   4.9  150s
 101284 97442 1.0333e+07  312  101 1.0394e+07 1.0048e+07  3.33%   4.7  155s
H103909 99781                    1.039332e+07 1.0048e+07  3.33%   4.7  159s
 104088 100020 1.0147e+07  402  108 1.0393e+07 1.0048e+07  3.33%   4.7  160s
 108262 104075 1.0216e+07 1217   91 1.0393e+07 1.0048e+07  3.33%   4.7  165s
 110767 106503 1.0225e+07 1822   95 1.0393e+07 1.0048e+07  3.33%   4.8  170s
 114615 110398 1.0259e+07 2446   98 1.0393e+07 1.0048e+07  3.33%   4.8  175s
H116797 112162                    1.039331e+07 1.0048e+07  3.33%   4.8  177s
 117705 112736 1.0370e+07  180  108 1.0393e+07 1.0048e+07  3.32%   4.9  180s
 122196 117152     cutoff 2449      1.0393e+07 1.0048e+07  3.32%   4.8  185s
 125594 120324 1.0151e+07  454  106 1.0393e+07 1.0048e+07  3.32%   4.8  190s
 129065 123706 1.0205e+07 1065   91 1.0393e+07 1.0048e+07  3.32%   4.8  195s
 132600 127192 1.0209e+07 1608   93 1.0393e+07 1.0048e+07  3.32%   4.8  200s
 135856 130618 1.0246e+07 2190   99 1.0393e+07 1.0048e+07  3.32%   4.8  205s
 138700 133088 1.0225e+07  154  117 1.0393e+07 1.0048e+07  3.32%   4.8  210s
H139061 133361                    1.039232e+07 1.0048e+07  3.31%   4.8  212s
H139205 133692                    1.039221e+07 1.0048e+07  3.31%   4.8  212s
H140042 134500                    1.038557e+07 1.0048e+07  3.25%   4.8  213s
 141775 136273 1.0269e+07  853  110 1.0386e+07 1.0048e+07  3.25%   4.8  215s
 145157 139383 1.0358e+07 2450  102 1.0386e+07 1.0048e+07  3.25%   4.7  220s
 149753 143973 1.0244e+07  837   98 1.0386e+07 1.0048e+07  3.25%   4.7  225s
H152691 146534                    1.038541e+07 1.0048e+07  3.25%   4.6  227s
 154540 148360 1.0057e+07   97  117 1.0385e+07 1.0048e+07  3.25%   4.6  230s
 158894 152768 1.0220e+07  913   98 1.0385e+07 1.0048e+07  3.25%   4.6  235s
 162205 155821 1.0224e+07 1768   93 1.0385e+07 1.0048e+07  3.25%   4.7  240s
H165318 158649                    1.038541e+07 1.0048e+07  3.25%   4.7  243s
 166035 159407 1.0056e+07  151  119 1.0385e+07 1.0048e+07  3.25%   4.7  245s
 170630 163956 1.0315e+07 2448  110 1.0385e+07 1.0048e+07  3.25%   4.6  250s
 173876 167163 1.0220e+07  504  101 1.0385e+07 1.0048e+07  3.25%   4.6  255s
H178210 171226                    1.038540e+07 1.0048e+07  3.25%   4.5  259s
 178524 171539 1.0326e+07 2450   99 1.0385e+07 1.0048e+07  3.25%   4.5  260s
 183114 176324 1.0316e+07 2266   91 1.0385e+07 1.0048e+07  3.25%   4.4  265s
 186649 179448 1.0143e+07  417  109 1.0385e+07 1.0048e+07  3.25%   4.4  270s
H190803 183535                    1.038540e+07 1.0048e+07  3.25%   4.4  274s
 190965 183710 1.0223e+07 1159   96 1.0385e+07 1.0048e+07  3.25%   4.4  275s
 193826 186617 1.0270e+07 1643  107 1.0385e+07 1.0048e+07  3.25%   4.5  280s
 198237 191130 1.0288e+07 2166  108 1.0385e+07 1.0048e+07  3.25%   4.5  285s
 202470 195196 1.0134e+07  123  118 1.0385e+07 1.0048e+07  3.25%   4.6  290s
 207361 199820 1.0310e+07 1167   92 1.0385e+07 1.0048e+07  3.25%   4.5  295s
 211910 204261 1.0062e+07  125  122 1.0385e+07 1.0048e+07  3.25%   4.4  300s
 216558 208743 1.0227e+07 1117   89 1.0385e+07 1.0048e+07  3.25%   4.4  305s
 221053 213275 1.0241e+07 1931   96 1.0385e+07 1.0048e+07  3.25%   4.5  310s
 224821 216294 1.0173e+07  513  105 1.0385e+07 1.0048e+07  3.25%   4.5  315s
 228362 218863 1.0143e+07  445  114 1.0385e+07 1.0048e+07  3.25%   4.5  320s
 231669 221332 1.0303e+07 2448   98 1.0385e+07 1.0048e+07  3.25%   4.5  325s
 235048 223938 1.0351e+07 2239   94 1.0385e+07 1.0048e+07  3.25%   4.5  330s
 237824 225957 1.0326e+07 1657   93 1.0385e+07 1.0048e+07  3.25%   4.5  335s
 240413 227281 1.0162e+07  218  115 1.0385e+07 1.0048e+07  3.25%   4.6  340s
 243429 229582 1.0258e+07  147  111 1.0385e+07 1.0048e+07  3.25%   4.6  345s
 246782 233145 1.0097e+07  142  115 1.0385e+07 1.0048e+07  3.25%   4.5  350s
 251082 236988 1.0305e+07  346  102 1.0385e+07 1.0048e+07  3.25%   4.5  355s
 255047 241125 1.0311e+07 2231   92 1.0385e+07 1.0048e+07  3.25%   4.5  360s
 259774 245612 1.0330e+07 1300   90 1.0385e+07 1.0048e+07  3.25%   4.4  365s
 264824 250519 1.0311e+07 1479   92 1.0385e+07 1.0048e+07  3.25%   4.4  370s
 268531 254004 1.0162e+07  636  108 1.0385e+07 1.0048e+07  3.25%   4.4  375s
 272177 257607 1.0307e+07 2446   97 1.0385e+07 1.0048e+07  3.25%   4.4  380s
 275292 260802 1.0282e+07  905   90 1.0385e+07 1.0048e+07  3.25%   4.4  385s
 280970 266344 1.0304e+07 1826   92 1.0385e+07 1.0048e+07  3.25%   4.4  390s
 286550 271660 1.0061e+07  167  115 1.0385e+07 1.0048e+07  3.25%   4.3  395s
 291214 276275 1.0259e+07 2087   91 1.0385e+07 1.0048e+07  3.25%   4.3  400s
 295035 279782 1.0316e+07  169  102 1.0385e+07 1.0048e+07  3.25%   4.3  405s
 298449 283044 1.0235e+07  930   91 1.0385e+07 1.0048e+07  3.25%   4.3  410s
 302007 286675 1.0260e+07 1979   91 1.0385e+07 1.0048e+07  3.25%   4.4  415s
 305050 289416     cutoff  265      1.0385e+07 1.0048e+07  3.25%   4.4  420s
 309048 293332     cutoff 2446      1.0385e+07 1.0048e+07  3.25%   4.4  425s
 314798 298975 1.0139e+07  217  116 1.0385e+07 1.0048e+07  3.25%   4.4  430s
 318802 302860 1.0098e+07  268  117 1.0385e+07 1.0048e+07  3.25%   4.4  435s
H323731 307541                    1.038538e+07 1.0048e+07  3.25%   4.3  439s
 323828 307769 1.0264e+07 2449  108 1.0385e+07 1.0048e+07  3.25%   4.3  440s
 326775 310618 1.0113e+07  155  116 1.0385e+07 1.0048e+07  3.25%   4.4  445s
 329890 313584 1.0280e+07  322  106 1.0385e+07 1.0048e+07  3.25%   4.4  450s
 333386 317301 1.0296e+07 1531   93 1.0385e+07 1.0048e+07  3.25%   4.5  455s
H336469 319775                    1.038389e+07 1.0048e+07  3.23%   4.5  459s
 336516 320071 1.0214e+07  338  112 1.0384e+07 1.0048e+07  3.23%   4.5  460s
H337554 321012                    1.038389e+07 1.0048e+07  3.23%   4.5  461s
 340649 323938 1.0181e+07  267  113 1.0384e+07 1.0048e+07  3.23%   4.4  465s
 344062 327254 1.0288e+07 1383   89 1.0384e+07 1.0048e+07  3.23%   4.4  470s
 347414 330543 1.0200e+07  346  114 1.0384e+07 1.0048e+07  3.23%   4.4  475s
 350369 333104 1.0198e+07  446  101 1.0384e+07 1.0048e+07  3.23%   4.4  480s
 354385 337290 1.0347e+07 2450   99 1.0384e+07 1.0048e+07  3.23%   4.4  485s
 357480 340189 1.0210e+07  646  105 1.0384e+07 1.0048e+07  3.23%   4.4  490s
 360169 342830 1.0276e+07 1386  106 1.0384e+07 1.0048e+07  3.23%   4.5  495s
H361950 344623                    1.038285e+07 1.0048e+07  3.22%   4.6  499s
 362464 345168 1.0284e+07 1901  107 1.0383e+07 1.0048e+07  3.22%   4.6  500s
 365075 347731 1.0322e+07 2450  100 1.0383e+07 1.0048e+07  3.22%   4.7  505s
 367914 350529 1.0143e+07  137  123 1.0383e+07 1.0048e+07  3.22%   4.7  510s
 371529 353752     cutoff  234      1.0383e+07 1.0048e+07  3.22%   4.6  515s
H375034 357081                    1.038274e+07 1.0048e+07  3.22%   4.6  519s
 375294 357616 1.0245e+07 1167   93 1.0383e+07 1.0048e+07  3.22%   4.6  520s
 380400 362387 1.0075e+07   95  123 1.0383e+07 1.0048e+07  3.22%   4.6  525s
 383871 365665 1.0258e+07  344  106 1.0383e+07 1.0048e+07  3.22%   4.6  530s
 388184 369649 1.0085e+07  143  124 1.0383e+07 1.0048e+07  3.22%   4.6  535s
 390895 372156 1.0132e+07  313  118 1.0383e+07 1.0048e+07  3.22%   4.6  540s
 395607 376860 1.0238e+07 2369   89 1.0383e+07 1.0048e+07  3.22%   4.6  545s
 397635 378786 1.0218e+07  385  106 1.0383e+07 1.0049e+07  3.22%   4.6  550s
 401240 382348 1.0360e+07  431   96 1.0383e+07 1.0049e+07  3.22%   4.5  555s
 405903 386943 1.0208e+07 1986   90 1.0383e+07 1.0049e+07  3.22%   4.5  560s
 409305 390008 1.0351e+07  525   96 1.0383e+07 1.0049e+07  3.22%   4.5  565s
 412581 393367 1.0261e+07  891   92 1.0383e+07 1.0049e+07  3.22%   4.5  570s
 416170 396883 1.0288e+07 1589   88 1.0383e+07 1.0049e+07  3.22%   4.5  575s
 419887 400529 1.0313e+07 2449  100 1.0383e+07 1.0049e+07  3.22%   4.5  580s
H420889 401254                    1.038273e+07 1.0049e+07  3.22%   4.5  581s
 423187 403509 1.0072e+07   87  125 1.0383e+07 1.0049e+07  3.22%   4.5  585s
 427084 407517 1.0102e+07  221  119 1.0383e+07 1.0049e+07  3.22%   4.5  590s
 430798 410767 1.0189e+07  489   93 1.0383e+07 1.0049e+07  3.22%   4.5  595s
 434519 414398 1.0205e+07 1258   91 1.0383e+07 1.0049e+07  3.22%   4.5  600s
 438075 417774 1.0214e+07 1952   91 1.0383e+07 1.0049e+07  3.22%   4.5  605s
 441513 421091 1.0107e+07  141  119 1.0383e+07 1.0049e+07  3.22%   4.6  610s
 445373 425139 1.0208e+07 1796   91 1.0383e+07 1.0049e+07  3.22%   4.6  615s
 449230 428668 1.0133e+07  232  118 1.0383e+07 1.0049e+07  3.22%   4.6  620s
 452616 432015 1.0229e+07  438  107 1.0383e+07 1.0049e+07  3.22%   4.5  625s
 456715 435591 1.0097e+07  135  121 1.0383e+07 1.0049e+07  3.22%   4.5  631s
 459329 438190     cutoff  375      1.0383e+07 1.0049e+07  3.22%   4.5  635s
 462476 441159 1.0261e+07  379  109 1.0383e+07 1.0049e+07  3.22%   4.5  640s
 465563 444219 1.0243e+07  435  111 1.0383e+07 1.0049e+07  3.22%   4.5  645s
 468871 447311 1.0063e+07  120  123 1.0383e+07 1.0049e+07  3.22%   4.6  650s
 472132 450565 1.0202e+07 1149   90 1.0383e+07 1.0049e+07  3.22%   4.6  655s
 475847 454146 1.0100e+07  131  114 1.0383e+07 1.0049e+07  3.22%   4.6  660s
 479044 457325 1.0205e+07  451  103 1.0383e+07 1.0049e+07  3.22%   4.6  665s
 482662 460770 1.0215e+07 1122   93 1.0383e+07 1.0049e+07  3.22%   4.6  671s
 485581 463660 1.0228e+07 1745  107 1.0383e+07 1.0049e+07  3.22%   4.6  675s
 489314 467288 1.0258e+07 2459  101 1.0383e+07 1.0049e+07  3.22%   4.6  680s
 494066 471823 1.0258e+07  860   96 1.0383e+07 1.0049e+07  3.22%   4.6  685s
 497683 475071 1.0059e+07   93  125 1.0383e+07 1.0049e+07  3.22%   4.6  690s
 501176 478475 1.0207e+07  947   91 1.0383e+07 1.0049e+07  3.22%   4.6  695s
 505293 482776 1.0218e+07 1838   92 1.0383e+07 1.0049e+07  3.22%   4.6  700s
 509039 486170 1.0242e+07 2463   95 1.0383e+07 1.0049e+07  3.22%   4.6  705s
 512246 489055     cutoff  737      1.0383e+07 1.0049e+07  3.22%   4.6  710s
 516484 493377 1.0229e+07 1892   92 1.0383e+07 1.0049e+07  3.22%   4.6  715s
 520709 497319 1.0131e+07  350  118 1.0383e+07 1.0049e+07  3.22%   4.6  720s
 524459 501068 1.0117e+07  260  120 1.0383e+07 1.0049e+07  3.22%   4.5  725s
 529219 505844 1.0222e+07 2275   93 1.0383e+07 1.0049e+07  3.22%   4.5  730s
 532554 508959 1.0088e+07  167  119 1.0383e+07 1.0049e+07  3.22%   4.5  735s
 535549 511849 1.0099e+07  221  119 1.0383e+07 1.0049e+07  3.22%   4.5  740s
 540301 516799 1.0254e+07 2118   90 1.0383e+07 1.0049e+07  3.22%   4.5  745s
 542935 519193 1.0169e+07  283  118 1.0383e+07 1.0049e+07  3.22%   4.5  750s
 546015 522026 1.0147e+07  330  118 1.0383e+07 1.0049e+07  3.22%   4.5  755s
H548881 524826                    1.038273e+07 1.0049e+07  3.22%   4.5  758s
H550082 526062                    1.038257e+07 1.0049e+07  3.21%   4.5  760s
 553916 529696 1.0246e+07  418  109 1.0383e+07 1.0049e+07  3.21%   4.5  765s
 556631 532415 1.0220e+07 1054   91 1.0383e+07 1.0049e+07  3.21%   4.5  770s
 559377 535224 1.0231e+07 1834   90 1.0383e+07 1.0049e+07  3.21%   4.6  775s
 562182 538037 1.0238e+07 2362   89 1.0383e+07 1.0049e+07  3.21%   4.7  780s
H562832 538493                    1.038181e+07 1.0049e+07  3.21%   4.7  781s
H563006 538427                    1.037920e+07 1.0049e+07  3.18%   4.7  782s
 565202 540947     cutoff  179      1.0379e+07 1.0049e+07  3.18%   4.7  785s
 569061 544556 1.0130e+07  246  121 1.0379e+07 1.0049e+07  3.18%   4.7  790s
 572561 547934 1.0110e+07  188  121 1.0379e+07 1.0049e+07  3.18%   4.7  795s
 576786 551797 1.0092e+07  171  110 1.0379e+07 1.0049e+07  3.18%   4.7  800s
 579364 554280 1.0095e+07  159  126 1.0379e+07 1.0049e+07  3.18%   4.7  805s
 582160 557345 1.0230e+07 1236   91 1.0379e+07 1.0049e+07  3.18%   4.7  810s
 585679 560511 1.0315e+07  224  106 1.0379e+07 1.0049e+07  3.18%   4.7  815s
 587483 562184 1.0146e+07  335  119 1.0379e+07 1.0049e+07  3.18%   4.7  820s
 591017 565857 1.0258e+07  904   92 1.0379e+07 1.0049e+07  3.18%   4.7  825s
 595170 569809 1.0165e+07  340  115 1.0379e+07 1.0049e+07  3.18%   4.7  830s
 598229 572706 1.0210e+07 1051   92 1.0379e+07 1.0049e+07  3.18%   4.7  835s
 601094 575359 1.0219e+07 1763   91 1.0379e+07 1.0049e+07  3.18%   4.7  840s
 604270 578613 1.0229e+07 2379   91 1.0379e+07 1.0049e+07  3.18%   4.7  845s
 607530 581964 1.0193e+07  496  106 1.0379e+07 1.0049e+07  3.18%   4.7  850s
 611788 585770 1.0143e+07  337  115 1.0379e+07 1.0049e+07  3.18%   4.7  855s
 615845 589779     cutoff  338      1.0379e+07 1.0049e+07  3.18%   4.7  860s
 619298 593169 1.0074e+07  116  124 1.0379e+07 1.0049e+07  3.18%   4.7  865s
 623057 596876 1.0194e+07  520  105 1.0379e+07 1.0049e+07  3.18%   4.7  870s
 627665 601266 1.0347e+07 2460   94 1.0379e+07 1.0049e+07  3.18%   4.7  875s
 630998 604403 1.0118e+07  230  122 1.0379e+07 1.0049e+07  3.18%   4.7  880s
 634116 607603 1.0198e+07  869   90 1.0379e+07 1.0049e+07  3.18%   4.7  885s
 637154 610602 1.0205e+07 1402   90 1.0379e+07 1.0049e+07  3.18%   4.7  890s
 639446 612802 1.0212e+07 1840   90 1.0379e+07 1.0049e+07  3.18%   4.7  895s
 642258 615458 1.0110e+07  144  123 1.0379e+07 1.0049e+07  3.18%   4.7  900s
 645333 618573 1.0064e+07  125  118 1.0379e+07 1.0049e+07  3.18%   4.7  905s
 648717 621808 1.0213e+07 2026   99 1.0379e+07 1.0049e+07  3.18%   4.7  910s
 652268 625160 1.0282e+07 1018   90 1.0379e+07 1.0049e+07  3.18%   4.7  915s
 656642 629433 1.0263e+07 1802   90 1.0379e+07 1.0049e+07  3.18%   4.6  920s
 659890 632482 1.0334e+07 1001   92 1.0379e+07 1.0049e+07  3.18%   4.6  925s
 662683 634845 1.0297e+07 1035   89 1.0379e+07 1.0049e+07  3.18%   4.6  930s
 666431 638613 1.0190e+07  684   92 1.0379e+07 1.0049e+07  3.18%   4.6  935s
 669737 641844 1.0199e+07 1357   92 1.0379e+07 1.0049e+07  3.18%   4.7  940s
 673273 645339 1.0244e+07 2199   91 1.0379e+07 1.0049e+07  3.18%   4.7  945s
 676868 648593     cutoff  154      1.0379e+07 1.0049e+07  3.18%   4.7  950s
 680603 652175 1.0096e+07  105  126 1.0379e+07 1.0049e+07  3.18%   4.7  955s
 683849 655475 1.0254e+07  724   93 1.0379e+07 1.0049e+07  3.18%   4.7  960s
 687190 658568 1.0289e+07 1402  102 1.0379e+07 1.0049e+07  3.18%   4.7  965s
 689196 660437 1.0283e+07 1788   90 1.0379e+07 1.0049e+07  3.18%   4.7  970s
 691570 662728 1.0286e+07 2302   90 1.0379e+07 1.0049e+07  3.18%   4.7  975s
 695075 666279 1.0372e+07  960  108 1.0379e+07 1.0049e+07  3.18%   4.7  980s
 698227 669117     cutoff 1022      1.0379e+07 1.0049e+07  3.18%   4.7  985s
 701792 672675 1.0225e+07  125   85 1.0379e+07 1.0049e+07  3.18%   4.7  990s
 705642 676134 1.0293e+07  136  114 1.0379e+07 1.0049e+07  3.18%   4.7  995s
 709647 680132 1.0314e+07 1048   91 1.0379e+07 1.0049e+07  3.18%   4.7 1000s
 713269 683539 1.0293e+07  290  112 1.0379e+07 1.0049e+07  3.18%   4.6 1005s
 716437 686646 1.0357e+07  651   79 1.0379e+07 1.0049e+07  3.18%   4.7 1010s
 719221 689328 1.0288e+07  301   86 1.0379e+07 1.0049e+07  3.18%   4.7 1015s
 722319 692235 1.0356e+07  860  109 1.0379e+07 1.0049e+07  3.18%   4.6 1020s
 725246 695010     cutoff  235      1.0379e+07 1.0049e+07  3.18%   4.6 1025s
 728286 697883 1.0311e+07 1325  105 1.0379e+07 1.0049e+07  3.18%   4.6 1030s
 731484 700823 1.0346e+07 2461  113 1.0379e+07 1.0049e+07  3.18%   4.6 1035s
 734467 703851 1.0251e+07  574  100 1.0379e+07 1.0049e+07  3.18%   4.6 1040s
 736649 706176 1.0322e+07 1312   92 1.0379e+07 1.0049e+07  3.18%   4.6 1045s
 740194 709229 1.0367e+07 2474  110 1.0379e+07 1.0049e+07  3.18%   4.6 1050s
 743681 712766 1.0338e+07  701   99 1.0379e+07 1.0049e+07  3.18%   4.6 1055s
 746616 715343 1.0348e+07 1012   73 1.0379e+07 1.0049e+07  3.18%   4.6 1060s
 749896 718431 1.0345e+07  728   75 1.0379e+07 1.0049e+07  3.18%   4.6 1065s
 753024 721260 1.0289e+07  174   85 1.0379e+07 1.0049e+07  3.18%   4.6 1070s
 756013 724041 1.0318e+07  677   79 1.0379e+07 1.0049e+07  3.18%   4.6 1075s
 758852 726684 1.0319e+07  661   74 1.0379e+07 1.0049e+07  3.18%   4.5 1080s
 762124 729637 1.0277e+07  357  119 1.0379e+07 1.0049e+07  3.18%   4.5 1085s
 765095 732418 1.0311e+07  979   91 1.0379e+07 1.0049e+07  3.18%   4.5 1090s
 767682 734992 1.0317e+07 1529   91 1.0379e+07 1.0049e+07  3.18%   4.5 1095s
 770582 737857 1.0323e+07 2092   91 1.0379e+07 1.0049e+07  3.18%   4.6 1100s
 773021 740377 1.0207e+07   87   96 1.0379e+07 1.0049e+07  3.18%   4.6 1105s
 776524 743179 1.0358e+07  842  116 1.0379e+07 1.0049e+07  3.18%   4.6 1110s
 777936 744696 1.0244e+07  218  109 1.0379e+07 1.0049e+07  3.18%   4.6 1115s
 782088 748763 1.0311e+07 1892  107 1.0379e+07 1.0049e+07  3.18%   4.6 1120s
 785481 751992 1.0379e+07  303   62 1.0379e+07 1.0049e+07  3.18%   4.6 1125s
 788715 755129 1.0223e+07  149  119 1.0379e+07 1.0049e+07  3.18%   4.5 1130s
 792076 758276 1.0259e+07  110   83 1.0379e+07 1.0049e+07  3.18%   4.5 1135s
 795057 761141 1.0258e+07  184  125 1.0379e+07 1.0049e+07  3.18%   4.5 1140s
 798189 764233 1.0305e+07  466   82 1.0379e+07 1.0049e+07  3.18%   4.5 1145s
 801851 767919 1.0324e+07 1411  102 1.0379e+07 1.0049e+07  3.18%   4.5 1150s
 804505 770145 1.0359e+07  445   60 1.0379e+07 1.0049e+07  3.18%   4.5 1155s
 807551 772871 1.0355e+07 1014  110 1.0379e+07 1.0049e+07  3.18%   4.5 1160s
 810914 776403 1.0319e+07  726  104 1.0379e+07 1.0049e+07  3.18%   4.5 1165s
 814995 780103 1.0273e+07  343   94 1.0379e+07 1.0049e+07  3.18%   4.5 1170s
 818640 783648 1.0305e+07  712   78 1.0379e+07 1.0049e+07  3.18%   4.5 1175s
 822822 787603 1.0261e+07  280   90 1.0379e+07 1.0049e+07  3.18%   4.5 1180s
 826574 791269 1.0268e+07  430   75 1.0379e+07 1.0049e+07  3.18%   4.5 1185s
 829041 793710 1.0361e+07 1039   69 1.0379e+07 1.0049e+07  3.18%   4.5 1190s
 832511 796944 1.0328e+07  505   67 1.0379e+07 1.0049e+07  3.18%   4.5 1195s
 836887 801117 1.0293e+07 1555   92 1.0379e+07 1.0049e+07  3.18%   4.5 1200s
 840708 804840 1.0250e+07  293   83 1.0379e+07 1.0049e+07  3.18%   4.5 1205s
 844121 808151 1.0299e+07  766  103 1.0379e+07 1.0049e+07  3.18%   4.4 1210s
 847323 811200     cutoff 2339      1.0379e+07 1.0049e+07  3.18%   4.5 1215s
 849835 813585 1.0279e+07  178   75 1.0379e+07 1.0049e+07  3.18%   4.5 1220s
 852967 816554 1.0359e+07  995  114 1.0379e+07 1.0049e+07  3.18%   4.5 1225s
 855805 819329 1.0306e+07  687  102 1.0379e+07 1.0049e+07  3.18%   4.5 1230s
 858983 822197 1.0355e+07 1067  109 1.0379e+07 1.0049e+07  3.18%   4.4 1235s
 862987 826124 1.0304e+07 1339   93 1.0379e+07 1.0049e+07  3.18%   4.4 1240s
 866473 829378 1.0269e+07  165  121 1.0379e+07 1.0049e+07  3.18%   4.4 1245s
 868504 831280 1.0302e+07  449  113 1.0379e+07 1.0049e+07  3.18%   4.4 1250s
 871667 834267 1.0268e+07  476   78 1.0379e+07 1.0049e+07  3.18%   4.4 1255s
 874421 836779 1.0336e+07 1148   55 1.0379e+07 1.0049e+07  3.18%   4.4 1260s
 877211 839393     cutoff  970      1.0379e+07 1.0049e+07  3.18%   4.4 1265s
 880506 842627 1.0363e+07  896   98 1.0379e+07 1.0049e+07  3.18%   4.4 1270s
 883475 845460 1.0288e+07  438  110 1.0379e+07 1.0049e+07  3.18%   4.4 1275s
 887623 849562 1.0347e+07 1120  101 1.0379e+07 1.0049e+07  3.18%   4.4 1280s
 892074 853613 1.0343e+07  769   97 1.0379e+07 1.0049e+07  3.18%   4.4 1285s
 896407 857779 1.0317e+07 1680   90 1.0379e+07 1.0049e+07  3.18%   4.4 1290s
 900357 861598 1.0343e+07  615   72 1.0379e+07 1.0049e+07  3.18%   4.3 1295s
 901873 863071 1.0257e+07  345   97 1.0379e+07 1.0049e+07  3.18%   4.3 1300s
 905195 866197 1.0278e+07  739   91 1.0379e+07 1.0049e+07  3.18%   4.3 1305s
 908872 869898 1.0242e+07  124   85 1.0379e+07 1.0049e+07  3.18%   4.3 1310s
 912838 873589 1.0273e+07  531  116 1.0379e+07 1.0049e+07  3.18%   4.3 1315s
 916696 877131 1.0347e+07  206  109 1.0379e+07 1.0049e+07  3.18%   4.3 1320s
 919714 880156 1.0305e+07  663  107 1.0379e+07 1.0049e+07  3.18%   4.3 1325s
 922467 882947 1.0313e+07 1232   90 1.0379e+07 1.0049e+07  3.18%   4.3 1330s
 925032 885389 1.0319e+07 1710   91 1.0379e+07 1.0049e+07  3.18%   4.3 1335s
 928747 889032 1.0327e+07 2291   91 1.0379e+07 1.0049e+07  3.18%   4.3 1340s
 931572 891631 1.0324e+07  534   73 1.0379e+07 1.0049e+07  3.18%   4.3 1345s
 935151 895026 1.0375e+07 1144  113 1.0379e+07 1.0049e+07  3.18%   4.3 1350s
 939128 898834 1.0343e+07  543  105 1.0379e+07 1.0049e+07  3.18%   4.3 1355s
 941975 901385 1.0329e+07  524   83 1.0379e+07 1.0049e+07  3.18%   4.3 1361s
 943920 903671 1.0262e+07  612  106 1.0379e+07 1.0049e+07  3.18%   4.3 1365s
 947445 906917 1.0324e+07 2255   91 1.0379e+07 1.0049e+07  3.18%   4.3 1370s
 950299 909622 1.0323e+07  598  105 1.0379e+07 1.0049e+07  3.18%   4.3 1375s
 953514 912623 1.0303e+07  923  107 1.0379e+07 1.0049e+07  3.18%   4.3 1380s
 957004 915986 1.0352e+07 2477  100 1.0379e+07 1.0049e+07  3.18%   4.3 1385s
 959695 918792 1.0247e+07  217   75 1.0379e+07 1.0049e+07  3.18%   4.3 1390s
 963578 922277 1.0290e+07  556   77 1.0379e+07 1.0049e+07  3.18%   4.3 1395s
 967175 925819 1.0243e+07  111   85 1.0379e+07 1.0049e+07  3.18%   4.3 1400s
 970913 929321 1.0335e+07  720   80 1.0379e+07 1.0049e+07  3.18%   4.3 1405s
 974114 932411 1.0359e+07 1113  113 1.0379e+07 1.0049e+07  3.18%   4.3 1410s
 977170 935380 1.0233e+07  101   87 1.0379e+07 1.0049e+07  3.18%   4.2 1415s
 980083 937841     cutoff 1373      1.0379e+07 1.0049e+07  3.18%   4.2 1420s
 980954 938657 1.0353e+07  322  106 1.0379e+07 1.0049e+07  3.18%   4.2 1425s
 984399 942063     cutoff  147      1.0379e+07 1.0049e+07  3.18%   4.2 1430s
 988057 945587 1.0312e+07  826  107 1.0379e+07 1.0049e+07  3.18%   4.2 1435s
 991474 948915 1.0341e+07 1408   90 1.0379e+07 1.0049e+07  3.18%   4.2 1440s
 994983 952615 1.0331e+07  799   74 1.0379e+07 1.0049e+07  3.18%   4.2 1445s
 997954 955208 1.0229e+07  115   85 1.0379e+07 1.0049e+07  3.18%   4.2 1450s
 1001135 958255 1.0245e+07  229   83 1.0379e+07 1.0049e+07  3.18%   4.2 1455s
 1005377 962478 1.0288e+07  593   72 1.0379e+07 1.0050e+07  3.18%   4.2 1460s
 1008936 965879 1.0232e+07  102   86 1.0379e+07 1.0050e+07  3.18%   4.2 1465s
 1012917 969964 1.0278e+07  818  100 1.0379e+07 1.0050e+07  3.18%   4.2 1470s
 1017111 973893 1.0332e+07 2468  101 1.0379e+07 1.0050e+07  3.18%   4.2 1475s
 1020713 977226 1.0257e+07  310  118 1.0379e+07 1.0050e+07  3.18%   4.2 1480s
 1024321 980950 1.0360e+07 2296   90 1.0379e+07 1.0050e+07  3.18%   4.2 1485s
 1027970 984255 1.0350e+07 1260   76 1.0379e+07 1.0050e+07  3.18%   4.2 1490s
 1031570 987633 1.0341e+07  882  100 1.0379e+07 1.0050e+07  3.18%   4.2 1495s
 1034611 990569 1.0292e+07  224   74 1.0379e+07 1.0050e+07  3.18%   4.2 1500s
 1037972 993893 1.0243e+07  224  105 1.0379e+07 1.0050e+07  3.18%   4.2 1505s
 1041401 997350 1.0317e+07 2208   90 1.0379e+07 1.0050e+07  3.18%   4.2 1510s
 1044215 999845 1.0311e+07  593  107 1.0379e+07 1.0050e+07  3.18%   4.2 1515s
 1047594 1002839 1.0254e+07  291  118 1.0379e+07 1.0050e+07  3.18%   4.2 1520s
 1051486 1006662 1.0324e+07 2462  101 1.0379e+07 1.0050e+07  3.18%   4.1 1525s
 1054304 1009300 1.0286e+07  179   70 1.0379e+07 1.0050e+07  3.18%   4.1 1530s
 1057204 1012053 1.0360e+07  867   75 1.0379e+07 1.0050e+07  3.18%   4.2 1535s
 1060406 1015251 1.0293e+07 1478   90 1.0379e+07 1.0050e+07  3.18%   4.2 1540s
 1064445 1018900     cutoff  506      1.0379e+07 1.0050e+07  3.18%   4.1 1545s
 1067525 1022070 1.0311e+07  606  111 1.0379e+07 1.0050e+07  3.18%   4.1 1550s
 1071261 1025450 1.0333e+07  773  100 1.0379e+07 1.0050e+07  3.18%   4.1 1555s
 1074704 1028700 1.0344e+07  666   82 1.0379e+07 1.0050e+07  3.18%   4.1 1560s
 1078259 1031853 1.0245e+07  119   82 1.0379e+07 1.0050e+07  3.18%   4.1 1566s
 1080499 1034248 1.0378e+07  761   79 1.0379e+07 1.0050e+07  3.18%   4.1 1570s
Created node file directory '/home/ps12398/efpe/goalProgrammingMarcos//grbnodes1'
 1081096 1034885 1.0268e+07  417  109 1.0379e+07 1.0050e+07  3.18%   4.1 1590s
 1083951 1037463 1.0252e+07  124   80 1.0379e+07 1.0050e+07  3.18%   4.1 1595s
 1087130 1040331     cutoff  559      1.0379e+07 1.0050e+07  3.18%   4.1 1600s
 1090381 1043460 1.0352e+07 1454   73 1.0379e+07 1.0050e+07  3.18%   4.1 1605s
 1092751 1045528 1.0266e+07  179  120 1.0379e+07 1.0050e+07  3.18%   4.1 1610s
 1095515 1047845 1.0250e+07  339  101 1.0379e+07 1.0050e+07  3.18%   4.1 1615s
 1098508 1050945 1.0302e+07 2058   91 1.0379e+07 1.0050e+07  3.18%   4.1 1620s

Gurobi 11.0.3 (linux64, Java) logging started qua 17 dez 2025 14:54:13 -03

Set parameter WLSAccessID
Set parameter WLSSecret
Set parameter LicenseID to value 2566693

Gurobi 11.0.3 (linux64, Java) logging started qui 18 dez 2025 11:09:15 -03

Set parameter WLSAccessID
Set parameter WLSSecret
Set parameter LicenseID to value 2566693
Academic license 2566693 - for non-commercial use only - registered to ja___@ufv.br
Set parameter NonConvex to value 2
Set parameter TimeLimit to value 3600
Set parameter LogToConsole to value 0
Set parameter MIPGap to value 4.7478399160473358e-08
Set parameter Threads to value 2
Set parameter NodefileDir to value "/home/ps12398/efpe/goalProgrammingMarcos/"
Set parameter NodefileStart to value 1
Gurobi Optimizer version 11.0.3 build v11.0.3rc0 (linux64)

CPU model: Intel(R) Xeon(R) CPU           X5650  @ 2.67GHz, instruction set [SSE2]
Thread count: 12 physical cores, 24 logical processors, using up to 2 threads

Academic license 2566693 - for non-commercial use only - registered to ja___@ufv.br
Optimize a model with 62245 rows, 41913 columns and 208202 nonzeros
Model fingerprint: 0xdafe0c53
Model has 149 quadratic constraints
Variable types: 20886 continuous, 21027 integer (144 binary)
Coefficient statistics:
  Matrix range     [7e-03, 6e+06]
  QMatrix range    [7e-03, 1e+05]
  QLMatrix range   [1e+00, 1e+05]
  Objective range  [1e+00, 4e+07]
  Bounds range     [1e+00, 1e+08]
  RHS range        [1e+00, 5e+05]
  QRHS range       [5e-02, 5e-02]
Presolve removed 61899 rows and 41199 columns
Presolve time: 0.17s
Presolved: 915 rows, 891 columns, 20832 nonzeros
Presolved model has 2 SOS constraint(s)
Presolved model has 144 bilinear constraint(s)

Solving non-convex MIQCP

Variable types: 470 continuous, 421 integer (146 binary)
Found heuristic solution: objective 1.196669e+07

Root relaxation: objective 9.312596e+06, 112 iterations, 0.02 seconds (0.00 work units)

    Nodes    |    Current Node    |     Objective Bounds      |     Work
 Expl Unexpl |  Obj  Depth IntInf | Incumbent    BestBd   Gap | It/Node Time

     0     0 9312595.55    0  136 1.1967e+07 9312595.55  22.2%     -    0s
H    0     0                    1.159308e+07 9312595.55  19.7%     -    0s
     0     0 9619076.75    0  138 1.1593e+07 9619076.75  17.0%     -    0s
H    0     0                    1.088092e+07 9619076.75  11.6%     -    0s
     0     0 9744987.66    0  136 1.0881e+07 9744987.66  10.4%     -    0s
H    0     0                    1.081075e+07 9744987.66  9.86%     -    0s
     0     0 9746076.10    0  136 1.0811e+07 9746076.10  9.85%     -    0s
     0     0 9748124.35    0  136 1.0811e+07 9748124.35  9.83%     -    0s
     0     0 9748231.57    0  136 1.0811e+07 9748231.57  9.83%     -    0s
     0     0 9748364.52    0  136 1.0811e+07 9748364.52  9.83%     -    0s
     0     0 9748364.75    0  136 1.0811e+07 9748364.75  9.83%     -    0s
     0     0 9748382.12    0  136 1.0811e+07 9748382.12  9.83%     -    0s
     0     0 9749710.75    0  136 1.0811e+07 9749710.75  9.81%     -    1s
H    0     0                    1.068112e+07 9749729.03  8.72%     -    1s
H    0     0                    1.065966e+07 9749729.03  8.54%     -    1s
     0     2 9749729.03    0  136 1.0660e+07 9749729.03  8.54%     -    1s
H  257   276                    1.065696e+07 9751369.03  8.50%   1.3    2s
H  345   370                    1.065176e+07 9751369.03  8.45%   1.7    2s
H  359   370                    1.065123e+07 9751369.03  8.45%   1.7    2s
H 1362  1424                    1.064346e+07 9751369.03  8.38%   1.8    4s
  1788  1918 9822708.34  884  110 1.0643e+07 9751369.03  8.38%   1.7    5s
H 3642  3459                    1.060832e+07 9784322.64  7.77%   1.5    8s
H 3644  3288                    1.058155e+07 9784936.57  7.53%   1.5    8s
  3653  3295 9800528.09  602   50 1.0582e+07 9786540.50  7.51%   1.6   10s
H 3657  3134                    1.057225e+07 9797989.35  7.32%   1.6   10s
H 3659  2979                    1.055170e+07 9805368.43  7.07%   1.6   10s
H 3673  2841                    1.054040e+07 1.0029e+07  4.86%   1.8   12s
H 3675  2701                    1.052902e+07 1.0030e+07  4.74%   1.8   12s
  3950  2931 1.0055e+07  137  125 1.0529e+07 1.0046e+07  4.58%   1.9   15s
H 4369  3087                    1.051689e+07 1.0046e+07  4.47%   2.0   15s
H 4757  3209                    1.049469e+07 1.0046e+07  4.27%   2.2   16s
H 4782  3078                    1.049098e+07 1.0046e+07  4.24%   2.2   16s
H 5048  3155                    1.049005e+07 1.0046e+07  4.23%   2.3   16s
H 5547  3387                    1.048843e+07 1.0046e+07  4.22%   2.6   17s
H 5674  3321                    1.048477e+07 1.0046e+07  4.18%   2.6   17s
H 5869  3401                    1.048054e+07 1.0046e+07  4.14%   2.7   17s
H 6309  3624                    1.047860e+07 1.0046e+07  4.13%   3.0   18s
H 6367  3515                    1.047832e+07 1.0046e+07  4.12%   3.0   18s
H 6600  3631                    1.046966e+07 1.0046e+07  4.04%   3.2   18s
H 7135  3848                    1.046863e+07 1.0046e+07  4.03%   3.8   19s
  7256  4037 1.0103e+07  998  119 1.0469e+07 1.0046e+07  4.03%   3.9   20s
H 8500  4902                    1.046688e+07 1.0046e+07  4.02%   4.4   22s
H 8734  5219                    1.045574e+07 1.0046e+07  3.92%   4.4   22s
H 8894  5219                    1.044888e+07 1.0046e+07  3.85%   4.5   22s
 10357  6914 1.0141e+07 1754   93 1.0449e+07 1.0046e+07  3.85%   5.3   25s
H10426  6914                    1.044887e+07 1.0046e+07  3.85%   5.3   25s
H12024  8399                    1.044428e+07 1.0046e+07  3.81%   5.9   27s
H12844  9284                    1.043572e+07 1.0046e+07  3.73%   6.2   29s
 13540 10156 1.0176e+07 2449  104 1.0436e+07 1.0046e+07  3.73%   6.2   30s
H15049 11600                    1.043557e+07 1.0046e+07  3.73%   5.9   33s
H15448 11786                    1.043533e+07 1.0046e+07  3.73%   5.8   34s
 15930 12492 1.0089e+07  536  108 1.0435e+07 1.0046e+07  3.73%   5.8   35s
H16544 12861                    1.043127e+07 1.0046e+07  3.69%   5.8   35s
 19407 15915 1.0154e+07 1387   98 1.0431e+07 1.0046e+07  3.69%   6.0   40s
 22652 19129 1.0186e+07 2088  105 1.0431e+07 1.0046e+07  3.69%   6.5   45s
 26330 22844 1.0108e+07  242  120 1.0431e+07 1.0047e+07  3.69%   6.4   50s
 29112 25513 1.0192e+07  979  104 1.0431e+07 1.0047e+07  3.69%   6.7   55s
 31150 27468 1.0204e+07 1428  106 1.0431e+07 1.0047e+07  3.69%   6.9   61s
 32956 29469 1.0197e+07 1866   95 1.0431e+07 1.0047e+07  3.69%   7.0   65s
 35748 32318 1.0205e+07 2450  101 1.0431e+07 1.0047e+07  3.69%   6.9   70s
H36928 33290                    1.043076e+07 1.0047e+07  3.68%   6.8   71s
H37360 33770                    1.042895e+07 1.0047e+07  3.67%   6.8   72s
H37949 34318                    1.040944e+07 1.0047e+07  3.49%   6.8   73s
 38897 35431 1.0183e+07  791  115 1.0409e+07 1.0047e+07  3.49%   6.8   75s
 41476 38003 1.0196e+07 1448   92 1.0409e+07 1.0047e+07  3.49%   7.1   80s
 44600 41134 1.0207e+07 2205   93 1.0409e+07 1.0047e+07  3.49%   7.3   85s
 48451 45137 1.0129e+07  536  108 1.0409e+07 1.0047e+07  3.48%   7.0   90s
H50769 47211                    1.040863e+07 1.0047e+07  3.47%   6.8   93s
H50771 47211                    1.040851e+07 1.0047e+07  3.47%   6.8   93s
H50777 47211                    1.040844e+07 1.0047e+07  3.47%   6.8   93s
H50778 47211                    1.040425e+07 1.0047e+07  3.43%   6.8   93s
H51500 47961                    1.040360e+07 1.0047e+07  3.43%   6.7   94s
 52045 48773 1.0219e+07 2421   93 1.0404e+07 1.0047e+07  3.43%   6.7   95s
H52961 49494                    1.040290e+07 1.0047e+07  3.42%   6.6   96s
H53561 50187                    1.040288e+07 1.0047e+07  3.42%   6.5   96s
H53689 50187                    1.040268e+07 1.0047e+07  3.42%   6.5   96s
 56345 52972 1.0217e+07 1134   93 1.0403e+07 1.0047e+07  3.42%   6.3  100s
H56570 52972                    1.040259e+07 1.0047e+07  3.42%   6.3  100s
 60675 57235 1.0091e+07  237  121 1.0403e+07 1.0047e+07  3.42%   6.0  105s
 63142 59707 1.0240e+07 1102   93 1.0403e+07 1.0047e+07  3.42%   5.9  110s
 67352 63880 1.0079e+07  175  118 1.0403e+07 1.0047e+07  3.42%   5.7  115s
H69680 66086                    1.040256e+07 1.0047e+07  3.42%   5.6  118s
H70873 67532                    1.040035e+07 1.0047e+07  3.40%   5.5  119s
 71252 67938 1.0236e+07 2040   99 1.0400e+07 1.0047e+07  3.40%   5.5  120s
 75054 71501 1.0133e+07  456  115 1.0400e+07 1.0047e+07  3.39%   5.3  125s
 79147 75616 1.0195e+07 1254   93 1.0400e+07 1.0047e+07  3.39%   5.2  130s
 82312 78815 1.0203e+07 1920   94 1.0400e+07 1.0047e+07  3.39%   5.2  135s
H83753 80106                    1.039905e+07 1.0047e+07  3.38%   5.2  137s
H84928 81229                    1.039685e+07 1.0047e+07  3.36%   5.2  139s
 85262 81716 1.0235e+07 2448  101 1.0397e+07 1.0047e+07  3.36%   5.2  140s
 87298 83706 1.0086e+07  118  127 1.0397e+07 1.0047e+07  3.36%   5.1  145s
 90870 87135 1.0152e+07  659  114 1.0397e+07 1.0048e+07  3.36%   5.0  150s
H90994 87135                    1.039529e+07 1.0048e+07  3.35%   5.0  150s
H92705 88853                    1.039462e+07 1.0048e+07  3.34%   5.0  152s
H93780 90186                    1.039364e+07 1.0048e+07  3.33%   4.9  154s
H93894 90186                    1.039359e+07 1.0048e+07  3.33%   4.9  154s
 94503 90899 1.0067e+07  155  116 1.0394e+07 1.0048e+07  3.33%   4.9  155s
H95267 91632                    1.039357e+07 1.0048e+07  3.33%   4.9  156s
 98182 94411 1.0266e+07 1977   92 1.0394e+07 1.0048e+07  3.33%   4.8  160s
 101926 98017 1.0144e+07  276  118 1.0394e+07 1.0048e+07  3.33%   4.7  165s
H103909 99781                    1.039332e+07 1.0048e+07  3.33%   4.7  168s
 104955 100939 1.0182e+07  631  102 1.0393e+07 1.0048e+07  3.33%   4.7  170s
 108262 104075 1.0216e+07 1217   91 1.0393e+07 1.0048e+07  3.33%   4.7  175s
 109877 105583 1.0220e+07 1613   92 1.0393e+07 1.0048e+07  3.33%   4.8  180s
 113048 108811 1.0226e+07 2218   91 1.0393e+07 1.0048e+07  3.33%   4.8  185s
 116071 111643 1.0254e+07  239  111 1.0393e+07 1.0048e+07  3.33%   4.9  190s
H116797 112162                    1.039331e+07 1.0048e+07  3.33%   4.8  191s
 118218 113030 1.0059e+07  114  123 1.0393e+07 1.0048e+07  3.32%   4.9  195s
 121743 116809 1.0314e+07 2252   92 1.0393e+07 1.0048e+07  3.32%   4.8  200s
 125594 120324 1.0151e+07  454  106 1.0393e+07 1.0048e+07  3.32%   4.8  205s
 129682 124370 1.0206e+07 1208   94 1.0393e+07 1.0048e+07  3.32%   4.8  210s
 132982 127530 1.0209e+07 1704   93 1.0393e+07 1.0048e+07  3.32%   4.8  215s
 136261 130960 1.0219e+07 2227  101 1.0393e+07 1.0048e+07  3.32%   4.8  220s
 138927 133095 1.0050e+07   82  131 1.0393e+07 1.0048e+07  3.32%   4.8  226s
H139061 133361                    1.039232e+07 1.0048e+07  3.31%   4.8  226s
H139205 133692                    1.039221e+07 1.0048e+07  3.31%   4.8  227s
H140042 134500                    1.038557e+07 1.0048e+07  3.25%   4.8  228s
 141272 135845 1.0231e+07  623  100 1.0386e+07 1.0048e+07  3.25%   4.8  230s
 144978 139107 1.0351e+07 2450   97 1.0386e+07 1.0048e+07  3.25%   4.7  235s
 149037 143080 1.0151e+07  509  118 1.0386e+07 1.0048e+07  3.25%   4.7  240s
H152691 146534                    1.038541e+07 1.0048e+07  3.25%   4.6  243s
 153646 147553 1.0374e+07 2450  101 1.0385e+07 1.0048e+07  3.25%   4.6  245s
 158254 152107 1.0205e+07  817   93 1.0385e+07 1.0048e+07  3.25%   4.6  250s
 160949 154425 1.0217e+07 1478   96 1.0385e+07 1.0048e+07  3.25%   4.7  255s
 164977 158393 1.0235e+07 2236   99 1.0385e+07 1.0048e+07  3.25%   4.7  260s
H165318 158649                    1.038541e+07 1.0048e+07  3.25%   4.7  261s
 167947 161545 1.0255e+07 1108   92 1.0385e+07 1.0048e+07  3.25%   4.7  265s
 172199 165475 1.0078e+07  148  117 1.0385e+07 1.0048e+07  3.25%   4.6  270s
 175796 169230 1.0235e+07 1530   92 1.0385e+07 1.0048e+07  3.25%   4.5  275s
H178210 171226                    1.038540e+07 1.0048e+07  3.25%   4.5  277s
 179685 172942 1.0198e+07  658  110 1.0385e+07 1.0048e+07  3.25%   4.5  280s
 183982 176753 1.0335e+07 2448  102 1.0385e+07 1.0048e+07  3.25%   4.4  285s
 187044 179834 1.0160e+07  480  112 1.0385e+07 1.0048e+07  3.25%   4.4  290s
 190656 183373 1.0218e+07 1091   94 1.0385e+07 1.0048e+07  3.25%   4.4  295s
H190803 183535                    1.038540e+07 1.0048e+07  3.25%   4.4  295s
 193554 186316 1.0236e+07 1606   90 1.0385e+07 1.0048e+07  3.25%   4.5  300s
 197259 190082 1.0245e+07 2071   91 1.0385e+07 1.0048e+07  3.25%   4.5  305s
 200918 193679 1.0294e+07 2449  108 1.0385e+07 1.0048e+07  3.25%   4.6  310s
 205224 197836 1.0118e+07  260  120 1.0385e+07 1.0048e+07  3.25%   4.5  315s
 209272 201560 1.0368e+07 2446  104 1.0385e+07 1.0048e+07  3.25%   4.5  320s
 212651 204929 1.0108e+07  226  118 1.0385e+07 1.0048e+07  3.25%   4.4  325s
 215553 207762 1.0225e+07  955   91 1.0385e+07 1.0048e+07  3.25%   4.4  330s
 219594 211830 1.0257e+07 1717   99 1.0385e+07 1.0048e+07  3.25%   4.5  335s
 223122 214950 1.0240e+07 2352   89 1.0385e+07 1.0048e+07  3.25%   4.5  340s
 225711 217152 1.0296e+07 1191   91 1.0385e+07 1.0048e+07  3.25%   4.5  345s
 228782 219131 1.0175e+07  651  114 1.0385e+07 1.0048e+07  3.25%   4.5  350s
 231444 221207 1.0275e+07 2421   93 1.0385e+07 1.0048e+07  3.25%   4.5  355s
 233585 222865 1.0283e+07 1067   91 1.0385e+07 1.0048e+07  3.25%   4.5  360s
 236245 224661 1.0179e+07  474  113 1.0385e+07 1.0048e+07  3.25%   4.5  365s
 239506 226865 1.0053e+07  114  127 1.0385e+07 1.0048e+07  3.25%   4.6  370s
 242519 228984 1.0303e+07 1458   91 1.0385e+07 1.0048e+07  3.25%   4.6  375s
 245852 232303 1.0343e+07  856   91 1.0385e+07 1.0048e+07  3.25%   4.6  380s
 249848 235930 1.0319e+07 1606   91 1.0385e+07 1.0048e+07  3.25%   4.5  385s
 253858 239868 1.0292e+07 1488   92 1.0385e+07 1.0048e+07  3.25%   4.5  390s
 258381 244130 1.0198e+07  421  106 1.0385e+07 1.0048e+07  3.25%   4.5  395s
 262373 248071 1.0052e+07   98  128 1.0385e+07 1.0048e+07  3.25%   4.4  400s
 266162 251684 1.0323e+07 2436   93 1.0385e+07 1.0048e+07  3.25%   4.4  405s
 269951 255475 1.0232e+07 1283   93 1.0385e+07 1.0048e+07  3.25%   4.4  410s
 273366 258723 1.0110e+07  110  119 1.0385e+07 1.0048e+07  3.25%   4.4  415s
 276141 261609 1.0291e+07 1501   92 1.0385e+07 1.0048e+07  3.25%   4.4  420s
 280970 266344 1.0304e+07 1826   92 1.0385e+07 1.0048e+07  3.25%   4.4  425s
 284803 270114 1.0317e+07 1469   92 1.0385e+07 1.0048e+07  3.25%   4.3  430s
 290144 275190 1.0249e+07 1364   92 1.0385e+07 1.0048e+07  3.25%   4.3  435s
 294270 279230 1.0198e+07  266  109 1.0385e+07 1.0048e+07  3.25%   4.3  440s
 297006 281582 1.0229e+07  491   94 1.0385e+07 1.0048e+07  3.25%   4.3  445s
 299771 284381 1.0241e+07 1336   94 1.0385e+07 1.0048e+07  3.25%   4.3  450s
 302286 286943 1.0261e+07 2063   91 1.0385e+07 1.0048e+07  3.25%   4.4  455s
 304882 289307 1.0372e+07  255  107 1.0385e+07 1.0048e+07  3.25%   4.4  460s
 307852 292388 1.0333e+07 1660   89 1.0385e+07 1.0048e+07  3.25%   4.4  465s
 311656 296102 1.0330e+07 1077   92 1.0385e+07 1.0048e+07  3.25%   4.4  470s
 315904 300162 1.0248e+07  300  106 1.0385e+07 1.0048e+07  3.25%   4.4  475s
 319408 303499 1.0182e+07  501   95 1.0385e+07 1.0048e+07  3.25%   4.4  480s
 323129 307087 1.0230e+07 2449   99 1.0385e+07 1.0048e+07  3.25%   4.3  485s
H323731 307541                    1.038538e+07 1.0048e+07  3.25%   4.3  486s
 325790 309787 1.0340e+07  939   91 1.0385e+07 1.0048e+07  3.25%   4.3  490s
 328270 312124 1.0345e+07 1003   89 1.0385e+07 1.0048e+07  3.25%   4.4  495s
 330650 314295 1.0106e+07  263  122 1.0385e+07 1.0048e+07  3.25%   4.4  500s
 334845 318559 1.0353e+07 2447   97 1.0385e+07 1.0048e+07  3.25%   4.5  505s
H336469 319775                    1.038389e+07 1.0048e+07  3.23%   4.5  508s
 337218 320582 1.0355e+07  778   91 1.0384e+07 1.0048e+07  3.23%   4.5  510s
H337554 321012                    1.038389e+07 1.0048e+07  3.23%   4.5  510s
 340403 323720 1.0080e+07  133  116 1.0384e+07 1.0048e+07  3.23%   4.4  515s
 343236 326429 1.0282e+07  817   92 1.0384e+07 1.0048e+07  3.23%   4.4  520s
 346751 329683 1.0334e+07 2450  102 1.0384e+07 1.0048e+07  3.23%   4.4  525s
 350108 332982 1.0145e+07  312  113 1.0384e+07 1.0048e+07  3.23%   4.4  530s
 352306 335259 1.0266e+07 1525   89 1.0384e+07 1.0048e+07  3.23%   4.4  535s
 355934 338659 1.0098e+07  301  125 1.0384e+07 1.0048e+07  3.23%   4.4  540s
 358580 341226 1.0270e+07  937  104 1.0384e+07 1.0048e+07  3.23%   4.4  545s
 360729 343422 1.0282e+07 1542   93 1.0384e+07 1.0048e+07  3.23%   4.5  550s
H361950 344623                    1.038285e+07 1.0048e+07  3.22%   4.6  553s
 362724 345467 1.0285e+07 1953  106 1.0383e+07 1.0048e+07  3.22%   4.6  555s
 365325 347974 1.0311e+07 2448   99 1.0383e+07 1.0048e+07  3.22%   4.7  560s
 367914 350529 1.0143e+07  137  123 1.0383e+07 1.0048e+07  3.22%   4.7  565s
 371333 353515 1.0148e+07  154  123 1.0383e+07 1.0048e+07  3.22%   4.6  570s
 375033 357086 1.0258e+07 1023  103 1.0383e+07 1.0048e+07  3.22%   4.6  575s
H375034 357081                    1.038274e+07 1.0048e+07  3.22%   4.6  575s
 379100 361081 1.0116e+07  194  118 1.0383e+07 1.0048e+07  3.22%   4.6  580s
 382248 364081 1.0174e+07  413  110 1.0383e+07 1.0048e+07  3.22%   4.6  585s
 385630 367564 1.0270e+07  428  102 1.0383e+07 1.0048e+07  3.22%   4.6  590s
 388661 370056 1.0087e+07  102  121 1.0383e+07 1.0048e+07  3.22%   4.6  595s
 391605 373025 1.0204e+07  551   99 1.0383e+07 1.0048e+07  3.22%   4.6  600s
 396123 377249 1.0256e+07 2450  114 1.0383e+07 1.0048e+07  3.22%   4.6  605s
 397635 378786 1.0218e+07  385  106 1.0383e+07 1.0049e+07  3.22%   4.6  610s
 400922 382015 1.0234e+07  273  108 1.0383e+07 1.0049e+07  3.22%   4.5  615s
 404461 385441 1.0200e+07 1180   90 1.0383e+07 1.0049e+07  3.22%   4.5  620s
 407858 388689 1.0060e+07  101  130 1.0383e+07 1.0049e+07  3.22%   4.5  625s
 411043 391757 1.0239e+07  489   99 1.0383e+07 1.0049e+07  3.22%   4.5  630s
 414209 394903 1.0269e+07 1228   91 1.0383e+07 1.0049e+07  3.22%   4.5  635s
 417121 397748 1.0292e+07 1895   89 1.0383e+07 1.0049e+07  3.22%   4.5  640s
 420395 400874 1.0350e+07 2450   92 1.0383e+07 1.0049e+07  3.22%   4.5  645s
H420889 401254                    1.038273e+07 1.0049e+07  3.22%   4.5  646s
 423187 403509 1.0072e+07   87  125 1.0383e+07 1.0049e+07  3.22%   4.5  650s
 427084 407517 1.0102e+07  221  119 1.0383e+07 1.0049e+07  3.22%   4.5  655s
 430542 410455 1.0187e+07  420   94 1.0383e+07 1.0049e+07  3.22%   4.5  660s
 433674 413436 1.0204e+07 1129   91 1.0383e+07 1.0049e+07  3.22%   4.5  665s
 436877 416668 1.0210e+07 1659   91 1.0383e+07 1.0049e+07  3.22%   4.5  670s
 439531 419271 1.0217e+07 2285   91 1.0383e+07 1.0049e+07  3.22%   4.6  675s
 442715 422482 1.0178e+07  409  103 1.0383e+07 1.0049e+07  3.22%   4.6  680s
 447458 427012 1.0258e+07 2469  109 1.0383e+07 1.0049e+07  3.22%   4.6  685s
 450621 430147 1.0306e+07 1134   91 1.0383e+07 1.0049e+07  3.22%   4.5  690s
 453967 433196 1.0371e+07  246   99 1.0383e+07 1.0049e+07  3.22%   4.5  695s
 456721 435933 1.0100e+07  136  122 1.0383e+07 1.0049e+07  3.22%   4.5  700s
 459672 438392 1.0362e+07  242  104 1.0383e+07 1.0049e+07  3.22%   4.5  705s
 462476 441159 1.0261e+07  379  109 1.0383e+07 1.0049e+07  3.22%   4.5  710s
 465310 443905 1.0167e+07  268  121 1.0383e+07 1.0049e+07  3.22%   4.5  715s
 468325 446782     cutoff  714      1.0383e+07 1.0049e+07  3.22%   4.6  720s
 471106 449528 1.0186e+07  505  100 1.0383e+07 1.0049e+07  3.22%   4.6  725s
 474035 452434 1.0214e+07 2106   90 1.0383e+07 1.0049e+07  3.22%   4.6  730s
 477248 455386 1.0288e+07  384  110 1.0383e+07 1.0049e+07  3.22%   4.6  735s
 480292 458533 1.0217e+07  746  101 1.0383e+07 1.0049e+07  3.22%   4.6  740s
 482662 460770 1.0215e+07 1122   93 1.0383e+07 1.0049e+07  3.22%   4.6  745s
 485237 463431 1.0223e+07 1674   91 1.0383e+07 1.0049e+07  3.22%   4.6  750s
 488275 466298 1.0262e+07 2377  100 1.0383e+07 1.0049e+07  3.22%   4.6  755s
 491257 469130 1.0138e+07  153  122 1.0383e+07 1.0049e+07  3.22%   4.6  760s
 494421 472384 1.0277e+07 1018   94 1.0383e+07 1.0049e+07  3.22%   4.6  765s
 497683 475071 1.0059e+07   93  125 1.0383e+07 1.0049e+07  3.22%   4.6  770s
 500772 478059 1.0209e+07  830  103 1.0383e+07 1.0049e+07  3.22%   4.6  775s
 503873 481240 1.0215e+07 1577   92 1.0383e+07 1.0049e+07  3.22%   4.6  780s
 507345 484569 1.0237e+07 2176  101 1.0383e+07 1.0049e+07  3.22%   4.6  785s
 510707 487579 1.0373e+07  312   98 1.0383e+07 1.0049e+07  3.22%   4.6  790s
 514490 491551 1.0214e+07  872   91 1.0383e+07 1.0049e+07  3.22%   4.6  795s
 518271 495126 1.0265e+07 2456  102 1.0383e+07 1.0049e+07  3.22%   4.6  800s
 521147 497800 1.0333e+07  606  100 1.0383e+07 1.0049e+07  3.22%   4.6  805s
 524459 501068 1.0117e+07  260  120 1.0383e+07 1.0049e+07  3.22%   4.5  810s
 528894 505503 1.0221e+07 2152   91 1.0383e+07 1.0049e+07  3.22%   4.5  815s
 532554 508959 1.0088e+07  167  119 1.0383e+07 1.0049e+07  3.22%   4.5  820s
 535549 511849 1.0099e+07  221  119 1.0383e+07 1.0049e+07  3.22%   4.5  825s
 539307 515791 1.0261e+07 1691  104 1.0383e+07 1.0049e+07  3.22%   4.5  830s
 541733 517947 1.0335e+07 2464   96 1.0383e+07 1.0049e+07  3.22%   4.5  835s
 544622 520891 1.0104e+07  136  113 1.0383e+07 1.0049e+07  3.22%   4.5  840s
 548038 524095 1.0118e+07  254  121 1.0383e+07 1.0049e+07  3.22%   4.5  845s
H548881 524826                    1.038273e+07 1.0049e+07  3.22%   4.5  846s
H550082 526062                    1.038257e+07 1.0049e+07  3.21%   4.5  848s
 551240 527258 1.0256e+07  451  101 1.0383e+07 1.0049e+07  3.21%   4.5  850s
 554237 529998 1.0213e+07  497   91 1.0383e+07 1.0049e+07  3.21%   4.5  855s
 556449 532246 1.0219e+07 1011   91 1.0383e+07 1.0049e+07  3.21%   4.5  860s
 558694 534574 1.0251e+07 1665  106 1.0383e+07 1.0049e+07  3.21%   4.6  865s
 561410 537330 1.0258e+07 2213  105 1.0383e+07 1.0049e+07  3.21%   4.7  870s
H562832 538493                    1.038181e+07 1.0049e+07  3.21%   4.7  872s
H563006 538427                    1.037920e+07 1.0049e+07  3.18%   4.7  873s
 564099 539736 1.0263e+07  356  115 1.0379e+07 1.0049e+07  3.18%   4.7  875s
 567586 543247 1.0310e+07  667  104 1.0379e+07 1.0049e+07  3.18%   4.7  880s
 571085 546320     cutoff  304      1.0379e+07 1.0049e+07  3.18%   4.7  885s
 573877 549097 1.0080e+07  188  115 1.0379e+07 1.0049e+07  3.18%   4.7  890s
 577023 552095 1.0156e+07  324  118 1.0379e+07 1.0049e+07  3.18%   4.7  895s
 579802 554732 1.0060e+07  113  121 1.0379e+07 1.0049e+07  3.18%   4.7  900s
 582673 557831 1.0233e+07 1529   91 1.0379e+07 1.0049e+07  3.18%   4.7  905s
 586129 561007 1.0127e+07  276  119 1.0379e+07 1.0049e+07  3.18%   4.7  910s
 587898 562806 1.0310e+07  569  102 1.0379e+07 1.0049e+07  3.18%   4.7  915s
 591017 565857 1.0258e+07  904   92 1.0379e+07 1.0049e+07  3.18%   4.7  920s
 594393 569070 1.0094e+07  216  127 1.0379e+07 1.0049e+07  3.18%   4.7  925s
 597080 571559 1.0207e+07  808   97 1.0379e+07 1.0049e+07  3.18%   4.7  930s
 599965 574226 1.0215e+07 1454   91 1.0379e+07 1.0049e+07  3.18%   4.7  935s
 602538 576930 1.0224e+07 2095  101 1.0379e+07 1.0049e+07  3.18%   4.7  940s
 606025 580365 1.0259e+07 2459  111 1.0379e+07 1.0049e+07  3.18%   4.7  945s
 609136 583321 1.0097e+07  131  118 1.0379e+07 1.0049e+07  3.18%   4.7  950s
 612331 586348 1.0272e+07  663   96 1.0379e+07 1.0049e+07  3.18%   4.7  955s
 615487 589491 1.0222e+07  273  115 1.0379e+07 1.0049e+07  3.18%   4.7  960s
 618662 592539 1.0236e+07  420  114 1.0379e+07 1.0049e+07  3.18%   4.7  965s
 621472 595138 1.0061e+07   82  129 1.0379e+07 1.0049e+07  3.18%   4.7  970s
 624796 598723 1.0280e+07 1263   90 1.0379e+07 1.0049e+07  3.18%   4.7  975s
 629603 603232 1.0208e+07  660  104 1.0379e+07 1.0049e+07  3.18%   4.7  980s
 632867 606293 1.0212e+07  640  103 1.0379e+07 1.0049e+07  3.18%   4.7  985s
 635724 609187 1.0203e+07 1166   98 1.0379e+07 1.0049e+07  3.18%   4.7  990s
 638970 612370 1.0209e+07 1742   91 1.0379e+07 1.0049e+07  3.18%   4.7  995s
 640672 613963 1.0218e+07 2143  101 1.0379e+07 1.0049e+07  3.18%   4.7 1000s
 643153 616470 1.0123e+07  319  116 1.0379e+07 1.0049e+07  3.18%   4.7 1005s
 646327 619476 1.0186e+07  515  103 1.0379e+07 1.0049e+07  3.18%   4.7 1010s
 649919 622782 1.0269e+07 2464  100 1.0379e+07 1.0049e+07  3.18%   4.7 1015s
 653359 626201 1.0085e+07  229  113 1.0379e+07 1.0049e+07  3.18%   4.7 1020s
 657686 630240 1.0300e+07 2466  100 1.0379e+07 1.0049e+07  3.18%   4.6 1025s
 660962 633224 1.0237e+07  252  109 1.0379e+07 1.0049e+07  3.18%   4.6 1030s
 664380 636604 1.0139e+07  363  118 1.0379e+07 1.0049e+07  3.18%   4.6 1035s
 667889 639953 1.0193e+07  953   93 1.0379e+07 1.0049e+07  3.18%   4.7 1040s
 670835 643023 1.0205e+07 1617   95 1.0379e+07 1.0049e+07  3.18%   4.7 1045s
 674607 646481 1.0246e+07 2384   91 1.0379e+07 1.0049e+07  3.18%   4.7 1050s
 677514 649220 1.0152e+07  266  119 1.0379e+07 1.0049e+07  3.18%   4.7 1055s
 680305 651946 1.0229e+07  294  112 1.0379e+07 1.0049e+07  3.18%   4.7 1060s
 683407 655076 1.0261e+07  631  106 1.0379e+07 1.0049e+07  3.18%   4.7 1065s
 686315 657686 1.0275e+07 1233   90 1.0379e+07 1.0049e+07  3.18%   4.7 1070s
 688666 659829 1.0282e+07 1693   90 1.0379e+07 1.0049e+07  3.18%   4.7 1076s
 690570 661815 1.0285e+07 2077   92 1.0379e+07 1.0049e+07  3.18%   4.7 1080s
 693161 664293 1.0253e+07  277  121 1.0379e+07 1.0049e+07  3.18%   4.7 1085s
 696346 667566 1.0243e+07  211   77 1.0379e+07 1.0049e+07  3.18%   4.7 1090s
 699300 670149     cutoff  288      1.0379e+07 1.0049e+07  3.18%   4.7 1095s
 702204 672960 1.0351e+07  324   65 1.0379e+07 1.0049e+07  3.18%   4.7 1100s
 705461 675937 1.0228e+07   93  131 1.0379e+07 1.0049e+07  3.18%   4.7 1105s
 708395 678933 1.0284e+07  562  103 1.0379e+07 1.0049e+07  3.18%   4.7 1110s
 711784 682192 1.0329e+07 2201   95 1.0379e+07 1.0049e+07  3.18%   4.7 1115s
 714399 684606 1.0331e+07  599  105 1.0379e+07 1.0049e+07  3.18%   4.7 1120s
 716878 687085 1.0263e+07  151  121 1.0379e+07 1.0049e+07  3.18%   4.7 1125s
 719421 689562 1.0337e+07  440  116 1.0379e+07 1.0049e+07  3.18%   4.7 1130s
 722319 692235 1.0356e+07  860  109 1.0379e+07 1.0049e+07  3.18%   4.6 1135s
 725958 695641 1.0246e+07  384  103 1.0379e+07 1.0049e+07  3.18%   4.6 1140s
 729003 698645 1.0317e+07 1633  107 1.0379e+07 1.0049e+07  3.18%   4.6 1145s
 732107 701631 1.0274e+07  209   83 1.0379e+07 1.0049e+07  3.18%   4.6 1150s
 735291 704847 1.0296e+07  793  100 1.0379e+07 1.0049e+07  3.18%   4.6 1155s
 737161 706788 1.0324e+07 1536   90 1.0379e+07 1.0049e+07  3.18%   4.6 1160s
 740194 709229 1.0367e+07 2474  110 1.0379e+07 1.0049e+07  3.18%   4.6 1165s
 742906 711943 1.0261e+07  294  118 1.0379e+07 1.0049e+07  3.18%   4.6 1170s
 745711 714626 1.0304e+07  583   74 1.0379e+07 1.0049e+07  3.18%   4.6 1175s
 748242 716792 infeasible  813      1.0379e+07 1.0049e+07  3.18%   4.6 1180s
 750940 719250 1.0273e+07  188   87 1.0379e+07 1.0049e+07  3.18%   4.6 1185s
 753635 721849 1.0286e+07  229   84 1.0379e+07 1.0049e+07  3.18%   4.6 1190s
 756642 724524 1.0350e+07  946   77 1.0379e+07 1.0049e+07  3.18%   4.6 1195s
 759677 727337 1.0226e+07  136  123 1.0379e+07 1.0049e+07  3.18%   4.5 1200s
 762367 729895 1.0272e+07  410  115 1.0379e+07 1.0049e+07  3.18%   4.5 1205s
 764909 732213 1.0311e+07  928   93 1.0379e+07 1.0049e+07  3.18%   4.5 1210s
 767215 734455 1.0316e+07 1426   91 1.0379e+07 1.0049e+07  3.18%   4.5 1215s
 769674 736960 1.0327e+07 1929  107 1.0379e+07 1.0049e+07  3.18%   4.5 1220s
 772405 739631 1.0337e+07 2444   90 1.0379e+07 1.0049e+07  3.18%   4.6 1225s
 775918 742802 1.0308e+07  411  113 1.0379e+07 1.0049e+07  3.18%   4.6 1230s
 777624 744286 1.0212e+07  101  125 1.0379e+07 1.0049e+07  3.18%   4.6 1235s
 780677 747486 1.0301e+07 1205   92 1.0379e+07 1.0049e+07  3.18%   4.6 1240s
 784174 750737 1.0356e+07 2462  101 1.0379e+07 1.0049e+07  3.18%   4.6 1245s
 786686 753053 1.0299e+07  399   84 1.0379e+07 1.0049e+07  3.18%   4.6 1250s
 789770 756189 1.0284e+07  527  110 1.0379e+07 1.0049e+07  3.18%   4.5 1255s
 792972 759183 1.0277e+07  380   83 1.0379e+07 1.0049e+07  3.18%   4.5 1260s
 795875 761962 1.0293e+07  335  109 1.0379e+07 1.0049e+07  3.18%   4.5 1265s
 798463 764466 1.0343e+07  600   78 1.0379e+07 1.0049e+07  3.18%   4.5 1270s
 801490 767561 1.0320e+07 1166   91 1.0379e+07 1.0049e+07  3.18%   4.5 1275s
 804141 770053 1.0287e+07  213   77 1.0379e+07 1.0049e+07  3.18%   4.5 1280s
 807156 772777 1.0323e+07  809  103 1.0379e+07 1.0049e+07  3.18%   4.5 1285s
 810537 776002 1.0294e+07  527  115 1.0379e+07 1.0049e+07  3.18%   4.5 1290s
 813825 778982 1.0304e+07  275   76 1.0379e+07 1.0049e+07  3.18%   4.5 1295s
 817126 781900 1.0368e+07  846   84 1.0379e+07 1.0049e+07  3.18%   4.5 1300s
 820753 785714 1.0278e+07  383   83 1.0379e+07 1.0049e+07  3.18%   4.5 1305s
 823740 788346 1.0231e+07   88   89 1.0379e+07 1.0049e+07  3.18%   4.5 1310s
 826929 791616 1.0279e+07  519   81 1.0379e+07 1.0049e+07  3.18%   4.5 1315s
 828716 793379 1.0342e+07  974   70 1.0379e+07 1.0049e+07  3.18%   4.5 1320s
 831449 795971 1.0264e+07  208  119 1.0379e+07 1.0049e+07  3.18%   4.5 1325s
 834735 798951 1.0279e+07  526  113 1.0379e+07 1.0049e+07  3.18%   4.5 1330s
 838531 802622 1.0307e+07 2427  115 1.0379e+07 1.0049e+07  3.18%   4.5 1335s
 841266 805277 1.0292e+07  629   74 1.0379e+07 1.0049e+07  3.18%   4.4 1340s
 844121 808151 1.0299e+07  766  103 1.0379e+07 1.0049e+07  3.18%   4.4 1345s
 847323 811200     cutoff 2339      1.0379e+07 1.0049e+07  3.18%   4.5 1350s
 850348 814145 1.0275e+07  282  104 1.0379e+07 1.0049e+07  3.18%   4.5 1355s
 852967 816554 1.0359e+07  995  114 1.0379e+07 1.0049e+07  3.18%   4.5 1360s
 855805 819329 1.0306e+07  687  102 1.0379e+07 1.0049e+07  3.18%   4.5 1365s
 858516 822013 1.0314e+07  804  101 1.0379e+07 1.0049e+07  3.18%   4.4 1370s
 861579 824786 1.0275e+07  635  106 1.0379e+07 1.0049e+07  3.18%   4.4 1375s
 865288 828321 1.0345e+07 2474  109 1.0379e+07 1.0049e+07  3.18%   4.4 1380s
 868055 830785 1.0259e+07  305  126 1.0379e+07 1.0049e+07  3.18%   4.4 1385s
 870168 832719 1.0218e+07   94   92 1.0379e+07 1.0049e+07  3.18%   4.4 1390s
 873077 835591 1.0312e+07  829   67 1.0379e+07 1.0049e+07  3.18%   4.4 1395s
 875780 838028 1.0260e+07  286  122 1.0379e+07 1.0049e+07  3.18%   4.4 1400s
 879217 841519 1.0294e+07  335  116 1.0379e+07 1.0049e+07  3.18%   4.4 1405s
 882428 844388 1.0289e+07  140  114 1.0379e+07 1.0049e+07  3.18%   4.4 1410s
 885480 847262 1.0213e+07   98  133 1.0379e+07 1.0049e+07  3.18%   4.4 1415s
 889250 850924 1.0232e+07  106   88 1.0379e+07 1.0049e+07  3.18%   4.4 1420s
 892367 853782 1.0358e+07  958  103 1.0379e+07 1.0049e+07  3.18%   4.4 1425s
 895427 856870 1.0317e+07 1238  105 1.0379e+07 1.0049e+07  3.18%   4.4 1430s
 898420 859774 1.0351e+07 2468  100 1.0379e+07 1.0049e+07  3.18%   4.4 1435s
 900885 861839 1.0233e+07  126  123 1.0379e+07 1.0049e+07  3.18%   4.3 1440s
 903133 864248     cutoff  834      1.0379e+07 1.0049e+07  3.18%   4.3 1445s
 905901 867077 1.0282e+07 1186   91 1.0379e+07 1.0049e+07  3.18%   4.3 1450s
 909226 870314 1.0268e+07  313  101 1.0379e+07 1.0049e+07  3.18%   4.3 1455s
 912560 873306 1.0265e+07  415  119 1.0379e+07 1.0049e+07  3.18%   4.3 1460s
 915578 876296 1.0349e+07 2004  100 1.0379e+07 1.0049e+07  3.18%   4.3 1465s
 918333 878949 1.0268e+07  401  117 1.0379e+07 1.0049e+07  3.18%   4.3 1470s
 921161 881668 1.0310e+07  969   91 1.0379e+07 1.0049e+07  3.18%   4.3 1475s
 923736 884079 1.0321e+07 1407  106 1.0379e+07 1.0049e+07  3.18%   4.3 1480s
 926182 886676 1.0339e+07 1920  107 1.0379e+07 1.0049e+07  3.18%   4.3 1485s
 929599 889799 1.0356e+07 2468  104 1.0379e+07 1.0049e+07  3.18%   4.3 1490s
 932608 892658 1.0243e+07  119   83 1.0379e+07 1.0049e+07  3.18%   4.3 1495s
 935887 895843 1.0293e+07  334   88 1.0379e+07 1.0049e+07  3.18%   4.3 1500s
 938924 898687 1.0328e+07  482  100 1.0379e+07 1.0049e+07  3.18%   4.3 1505s
 941706 901383 1.0294e+07  377   80 1.0379e+07 1.0049e+07  3.18%   4.3 1510s
 943151 902775 1.0242e+07  276  105 1.0379e+07 1.0049e+07  3.18%   4.3 1515s
 946679 906319 1.0315e+07 1889   98 1.0379e+07 1.0049e+07  3.18%   4.3 1520s
 949444 908693 1.0233e+07  109  130 1.0379e+07 1.0049e+07  3.18%   4.3 1525s
 952043 911196 1.0251e+07  380   94 1.0379e+07 1.0049e+07  3.18%   4.3 1530s
 955169 914255 1.0308e+07 1819   93 1.0379e+07 1.0049e+07  3.18%   4.3 1535s
 957545 916571 1.0364e+07 2477  112 1.0379e+07 1.0049e+07  3.18%   4.3 1540s
 960060 919121 1.0293e+07  384   83 1.0379e+07 1.0049e+07  3.18%   4.3 1545s
 962908 921764 1.0245e+07  195   83 1.0379e+07 1.0049e+07  3.18%   4.3 1550s

Gurobi 11.0.3 (linux64, Java) logging started qui 18 dez 2025 11:44:39 -03

Set parameter WLSAccessID
Set parameter WLSSecret
Set parameter LicenseID to value 2566693
Academic license 2566693 - for non-commercial use only - registered to ja___@ufv.br
Set parameter NonConvex to value 2
Set parameter TimeLimit to value 3600
Set parameter LogToConsole to value 0
Set parameter MIPGap to value 4.7478399160473358e-08
Set parameter Threads to value 1
Set parameter NodefileDir to value "/home/ps12398/efpe/goalProgrammingMarcos/"
Set parameter NodefileStart to value 0.5
Gurobi Optimizer version 11.0.3 build v11.0.3rc0 (linux64)

CPU model: Intel(R) Xeon(R) CPU           X5650  @ 2.67GHz, instruction set [SSE2]
Thread count: 12 physical cores, 24 logical processors, using up to 1 threads

Academic license 2566693 - for non-commercial use only - registered to ja___@ufv.br
Optimize a model with 62245 rows, 41913 columns and 208202 nonzeros
Model fingerprint: 0xdafe0c53
Model has 149 quadratic constraints
Variable types: 20886 continuous, 21027 integer (144 binary)
Coefficient statistics:
  Matrix range     [7e-03, 6e+06]
  QMatrix range    [7e-03, 1e+05]
  QLMatrix range   [1e+00, 1e+05]
  Objective range  [1e+00, 4e+07]
  Bounds range     [1e+00, 1e+08]
  RHS range        [1e+00, 5e+05]
  QRHS range       [5e-02, 5e-02]
Presolve removed 61899 rows and 41199 columns
Presolve time: 0.14s
Presolved: 915 rows, 891 columns, 20832 nonzeros
Presolved model has 2 SOS constraint(s)
Presolved model has 144 bilinear constraint(s)

Solving non-convex MIQCP

Variable types: 470 continuous, 421 integer (146 binary)
Found heuristic solution: objective 1.196669e+07

Root relaxation: objective 9.312596e+06, 112 iterations, 0.01 seconds (0.00 work units)

    Nodes    |    Current Node    |     Objective Bounds      |     Work
 Expl Unexpl |  Obj  Depth IntInf | Incumbent    BestBd   Gap | It/Node Time

     0     0 9312595.55    0  136 1.1967e+07 9312595.55  22.2%     -    0s
H    0     0                    1.159308e+07 9312595.55  19.7%     -    0s
     0     0 9619076.75    0  138 1.1593e+07 9619076.75  17.0%     -    0s
H    0     0                    1.088092e+07 9619076.75  11.6%     -    0s
     0     0 9744987.66    0  136 1.0881e+07 9744987.66  10.4%     -    0s
H    0     0                    1.081075e+07 9744987.66  9.86%     -    0s
     0     0 9746076.10    0  136 1.0811e+07 9746076.10  9.85%     -    0s
     0     0 9748124.35    0  136 1.0811e+07 9748124.35  9.83%     -    0s
     0     0 9748231.57    0  136 1.0811e+07 9748231.57  9.83%     -    0s
     0     0 9748364.52    0  136 1.0811e+07 9748364.52  9.83%     -    0s
     0     0 9748364.75    0  136 1.0811e+07 9748364.75  9.83%     -    0s
     0     0 9748382.12    0  136 1.0811e+07 9748382.12  9.83%     -    0s
     0     0 9749710.75    0  136 1.0811e+07 9749710.75  9.81%     -    0s
H    0     0                    1.068112e+07 9749729.03  8.72%     -    0s
H    0     0                    1.065966e+07 9749729.03  8.54%     -    0s
     0     2 9749729.03    0  136 1.0660e+07 9749729.03  8.54%     -    0s
H  272   272                    1.064805e+07 9750868.65  8.43%   1.6    1s
H 1272  1272                    1.064102e+07 9750868.65  8.37%   1.5    2s
H 1889  1889                    1.063185e+07 9750868.65  8.29%   1.4    3s
H 2429  2429                    1.059916e+07 9750868.65  8.00%   1.6    4s
H 2526  2526                    1.059636e+07 9750868.65  7.98%   1.9    4s
  2554  2554 9815128.66 1459   50 1.0596e+07 9784496.78  7.66%   1.9    5s
H 2555  2427                    1.058218e+07 9785103.64  7.53%   1.9    5s
H 2568  2316                    1.057393e+07 9796069.88  7.36%   2.1    6s
H 2570  2202                    1.055855e+07 9803403.54  7.15%   2.0    6s
H 2584  2103                    1.053633e+07 1.0027e+07  4.83%   2.2    8s
H 2594  2005                    1.052920e+07 1.0027e+07  4.77%   2.3    9s
  2959  2251 1.0060e+07  251  118 1.0529e+07 1.0044e+07  4.61%   2.5   10s
H 3787  2700                    1.051708e+07 1.0044e+07  4.50%   2.5   11s
H 3884  2669                    1.048183e+07 1.0044e+07  4.18%   2.6   11s
H 3981  2643                    1.047063e+07 1.0044e+07  4.08%   2.8   11s
H 4118  2648                    1.047032e+07 1.0044e+07  4.08%   2.9   11s
H 4175  2605                    1.046684e+07 1.0044e+07  4.04%   2.9   11s
H 5175  3194                    1.046644e+07 1.0044e+07  4.04%   6.1   12s
H 6697  4135                    1.046472e+07 1.0044e+07  4.02%   7.2   14s
H 6830  4235                    1.046441e+07 1.0044e+07  4.02%   7.3   14s
H 7365  4770                    1.046273e+07 1.0044e+07  4.01%   7.3   14s
H 7570  4975                    1.045993e+07 1.0044e+07  3.98%   7.2   14s
  7614  5021 1.0142e+07 2449  108 1.0460e+07 1.0044e+07  3.98%   7.1   15s
H 8289  5694                    1.045962e+07 1.0044e+07  3.98%   6.8   15s
H 9461  6866                    1.045750e+07 1.0044e+07  3.96%   6.7   16s
H10505  7910                    1.045741e+07 1.0044e+07  3.96%   7.0   17s
H11935  9340                    1.045547e+07 1.0044e+07  3.94%   7.6   19s
 12125  9532 1.0182e+07 2210   98 1.0455e+07 1.0044e+07  3.94%   7.6   20s
H12145  9550                    1.045283e+07 1.0044e+07  3.92%   7.6   20s
H12314  9719                    1.045276e+07 1.0044e+07  3.92%   7.7   20s
H13314 10719                    1.045060e+07 1.0044e+07  3.89%   7.5   21s
H13391 10796                    1.045057e+07 1.0044e+07  3.89%   7.5   21s
 17258 14665 1.0199e+07 2150  104 1.0451e+07 1.0044e+07  3.89%   7.6   25s
 22262 19669 1.0230e+07 2023  101 1.0451e+07 1.0044e+07  3.89%   7.2   30s
H25783 23188                    1.045053e+07 1.0044e+07  3.89%   7.1   33s
H25922 23327                    1.044671e+07 1.0044e+07  3.86%   7.1   33s
H26919 24324                    1.044527e+07 1.0044e+07  3.84%   7.3   34s
 26939 24346 1.0213e+07 1735  104 1.0445e+07 1.0044e+07  3.84%   7.3   35s
H27625 25030                    1.044369e+07 1.0044e+07  3.83%   7.4   35s
 31819 29226 1.0204e+07 1549   93 1.0444e+07 1.0044e+07  3.83%   7.4   40s
 36633 34040 1.0230e+07 1328  101 1.0444e+07 1.0044e+07  3.83%   7.4   45s
H39984 37389                    1.043857e+07 1.0044e+07  3.78%   7.4   48s
H39987 37392                    1.043812e+07 1.0044e+07  3.78%   7.4   48s
H39990 37395                    1.043812e+07 1.0044e+07  3.78%   7.4   48s
H39992 37397                    1.043746e+07 1.0044e+07  3.77%   7.4   48s
H39994 37399                    1.043648e+07 1.0044e+07  3.76%   7.4   48s
H39995 37400                    1.043646e+07 1.0044e+07  3.76%   7.4   48s
 41014 38421 1.0209e+07 1083  101 1.0436e+07 1.0044e+07  3.76%   7.5   50s
H43129 40534                    1.043635e+07 1.0044e+07  3.76%   7.5   52s
H44129 41534                    1.043635e+07 1.0044e+07  3.76%   7.5   53s
H45930 43335                    1.043635e+07 1.0044e+07  3.76%   7.2   54s
 45966 43373 1.0252e+07 1643   91 1.0436e+07 1.0044e+07  3.76%   7.2   55s
 52621 50028 1.0205e+07 2011   93 1.0436e+07 1.0044e+07  3.76%   6.7   60s
 59271 56678 1.0248e+07 2303   91 1.0436e+07 1.0044e+07  3.76%   6.2   65s
 65188 62595 1.0209e+07 2135   90 1.0436e+07 1.0044e+07  3.76%   5.8   70s
 71977 69364 1.0371e+07 2457   91 1.0436e+07 1.0044e+07  3.76%   5.6   75s
 77103 74480 1.0260e+07 2438   97 1.0436e+07 1.0044e+07  3.76%   5.7   80s
H78978 76353                    1.043580e+07 1.0044e+07  3.75%   5.6   81s
H80384 77759                    1.043495e+07 1.0044e+07  3.74%   5.6   82s
 82903 80222 1.0304e+07 1603   91 1.0435e+07 1.0044e+07  3.74%   5.5   85s
H83918 81235                    1.043435e+07 1.0044e+07  3.74%   5.5   85s
 88948 86037 1.0426e+07  307  103 1.0434e+07 1.0044e+07  3.74%   5.3   90s
 94913 91950 1.0215e+07 1189   89 1.0434e+07 1.0045e+07  3.74%   5.1   95s
 101349 98206 1.0319e+07 1270   89 1.0434e+07 1.0045e+07  3.73%   5.0  100s
 106125 102920 1.0220e+07 1467   97 1.0434e+07 1.0045e+07  3.73%   5.0  105s
 111656 108295 1.0122e+07  312  124 1.0434e+07 1.0045e+07  3.73%   5.0  110s
 118635 115100 1.0168e+07  392  120 1.0434e+07 1.0045e+07  3.73%   4.8  115s
 124580 120825 1.0255e+07  196  106 1.0434e+07 1.0045e+07  3.73%   4.7  120s
H129279 125484                    1.043365e+07 1.0045e+07  3.72%   4.6  123s
 131274 127373 1.0094e+07  166  122 1.0434e+07 1.0045e+07  3.72%   4.6  125s
 134985 131084 1.0226e+07 2022   92 1.0434e+07 1.0045e+07  3.72%   4.8  130s
 141325 137398 1.0401e+07 1954   90 1.0434e+07 1.0045e+07  3.72%   4.8  135s
H141638 137663                    1.043361e+07 1.0045e+07  3.72%   4.8  135s
H141644 137628                    1.042779e+07 1.0045e+07  3.67%   4.8  135s
H141645 137629                    1.042779e+07 1.0045e+07  3.67%   4.8  135s
H142645 138555                    1.042218e+07 1.0045e+07  3.62%   4.8  136s
 147347 142633 1.0391e+07 1905   89 1.0422e+07 1.0045e+07  3.62%   4.7  140s
 153461 148661 1.0376e+07 2432   90 1.0422e+07 1.0045e+07  3.62%   4.6  145s
H155004 150002                    1.042207e+07 1.0045e+07  3.62%   4.6  146s
H155006 150004                    1.042204e+07 1.0045e+07  3.62%   4.6  146s
H155007 150004                    1.042178e+07 1.0045e+07  3.61%   4.6  146s
H155010 150007                    1.042176e+07 1.0045e+07  3.61%   4.6  146s
H155011 149994                    1.042115e+07 1.0045e+07  3.61%   4.6  146s
 159595 154566 1.0336e+07 1723   97 1.0421e+07 1.0045e+07  3.61%   4.5  150s
H162374 157269                    1.041824e+07 1.0045e+07  3.58%   4.5  153s
 164034 158931 1.0224e+07 1957  109 1.0418e+07 1.0045e+07  3.58%   4.6  155s
 170214 165061 1.0303e+07 1525   93 1.0418e+07 1.0045e+07  3.58%   4.6  160s
H174778 169505                    1.041824e+07 1.0045e+07  3.58%   4.6  163s
H175486 170053                    1.041822e+07 1.0045e+07  3.58%   4.6  164s
H175570 170056                    1.041819e+07 1.0045e+07  3.58%   4.6  164s
 175579 170059 1.0400e+07  600   92 1.0418e+07 1.0045e+07  3.58%   4.6  165s
 182251 176575 1.0300e+07 1108   96 1.0418e+07 1.0045e+07  3.58%   4.5  170s
H187929 182104                    1.041818e+07 1.0045e+07  3.58%   4.4  174s
H187930 182103                    1.041769e+07 1.0045e+07  3.58%   4.4  174s
 188330 182505 1.0329e+07 2396   91 1.0418e+07 1.0045e+07  3.58%   4.4  175s
 193162 187295 1.0233e+07 2225  101 1.0418e+07 1.0045e+07  3.57%   4.5  180s
 198757 192804 1.0195e+07 2239   92 1.0418e+07 1.0045e+07  3.57%   4.4  185s
 205207 198974 1.0084e+07  174  126 1.0418e+07 1.0045e+07  3.57%   4.3  190s
 211978 205567 1.0289e+07 1596   90 1.0418e+07 1.0045e+07  3.57%   4.3  195s
 216741 210230 1.0195e+07 1409  103 1.0418e+07 1.0045e+07  3.57%   4.3  200s
 222354 215827 1.0334e+07 2460   91 1.0418e+07 1.0045e+07  3.57%   4.3  205s
 229174 222531 1.0076e+07  139  109 1.0418e+07 1.0045e+07  3.57%   4.3  210s
 234990 228287 1.0097e+07  160  124 1.0418e+07 1.0045e+07  3.57%   4.2  215s
 241344 234389 1.0136e+07  269  117 1.0418e+07 1.0045e+07  3.57%   4.2  220s
 247078 240009 1.0144e+07  167  121 1.0418e+07 1.0045e+07  3.57%   4.1  225s
 253281 245902 1.0388e+07 2370   90 1.0418e+07 1.0045e+07  3.57%   4.1  230s
H254144 246657                    1.041466e+07 1.0045e+07  3.55%   4.1  230s
 260157 252594 1.0310e+07 1727   89 1.0415e+07 1.0045e+07  3.55%   4.0  235s
H260505 252939                    1.041453e+07 1.0045e+07  3.54%   4.0  235s
H261220 253387                    1.041118e+07 1.0045e+07  3.51%   4.0  235s
H262220 254289                    1.041117e+07 1.0045e+07  3.51%   4.0  236s
H264193 256188                    1.041109e+07 1.0045e+07  3.51%   4.0  239s
H265072 257067                    1.041108e+07 1.0045e+07  3.51%   4.0  239s
 265493 257490 1.0338e+07 1409   92 1.0411e+07 1.0045e+07  3.51%   4.0  240s
H266072 258051                    1.041052e+07 1.0045e+07  3.51%   4.0  240s
H267344 259237                    1.041041e+07 1.0045e+07  3.51%   4.0  241s
H267644 259525                    1.040984e+07 1.0045e+07  3.50%   4.0  241s
H269605 261450                    1.040922e+07 1.0045e+07  3.49%   4.0  243s
H269770 261129                    1.040488e+07 1.0045e+07  3.45%   4.0  244s
 270628 261989 1.0230e+07 2034  103 1.0405e+07 1.0045e+07  3.45%   4.0  245s
H270770 262118                    1.040486e+07 1.0045e+07  3.45%   4.0  245s
 276467 267719 1.0281e+07  572   95 1.0405e+07 1.0045e+07  3.45%   4.0  250s
 282288 273386 1.0339e+07 2084   90 1.0405e+07 1.0046e+07  3.45%   4.0  255s
 288453 279373 1.0073e+07  134  117 1.0405e+07 1.0046e+07  3.45%   4.0  260s
 294591 285041 1.0057e+07  258  121 1.0405e+07 1.0046e+07  3.45%   3.9  265s
 298944 289394 1.0262e+07 2434   96 1.0405e+07 1.0046e+07  3.45%   4.0  270s
 305387 295659 1.0188e+07 1704   90 1.0405e+07 1.0046e+07  3.45%   4.0  275s
 311320 301442 1.0270e+07  264   98 1.0405e+07 1.0046e+07  3.45%   4.0  280s
 317668 307630 1.0238e+07 2468   98 1.0405e+07 1.0046e+07  3.45%   3.9  285s
 323335 313179 1.0237e+07 1577   96 1.0405e+07 1.0046e+07  3.45%   3.9  290s
 328333 318071 1.0227e+07  950   98 1.0405e+07 1.0046e+07  3.45%   3.9  295s
 334564 324082 1.0243e+07  746   93 1.0405e+07 1.0046e+07  3.45%   3.9  300s
 340425 329867 1.0286e+07 1051   89 1.0405e+07 1.0046e+07  3.45%   3.9  305s
 346473 335643 1.0083e+07  164  115 1.0405e+07 1.0046e+07  3.45%   3.9  310s
 352988 342026 1.0212e+07  709   93 1.0405e+07 1.0046e+07  3.45%   3.8  315s
 357750 345088 1.0236e+07  884   93 1.0405e+07 1.0046e+07  3.45%   3.8  320s
 363366 350592 1.0051e+07  108  123 1.0405e+07 1.0046e+07  3.45%   3.8  325s
 369283 356329 1.0271e+07 1392   95 1.0405e+07 1.0046e+07  3.45%   3.8  330s
 374441 361455 1.0067e+07  125  120 1.0405e+07 1.0046e+07  3.45%   3.9  335s
 379767 366745 1.0252e+07  235  107 1.0405e+07 1.0046e+07  3.45%   3.9  340s
 385623 372229 1.0161e+07  530  103 1.0405e+07 1.0046e+07  3.45%   3.9  345s
 391282 377722 1.0391e+07  385   91 1.0405e+07 1.0046e+07  3.45%   3.8  350s
 397593 383695 1.0294e+07 1683   92 1.0405e+07 1.0046e+07  3.45%   3.8  355s
 404192 390174     cutoff 2127      1.0405e+07 1.0046e+07  3.45%   3.8  360s
 410276 395958 1.0197e+07  552  105 1.0405e+07 1.0046e+07  3.45%   3.8  365s
 416549 401915 1.0191e+07  576  110 1.0405e+07 1.0046e+07  3.45%   3.8  370s
 423611 408774 1.0190e+07  425  107 1.0405e+07 1.0046e+07  3.45%   3.7  375s
 430296 415327 1.0092e+07  374  110 1.0405e+07 1.0046e+07  3.45%   3.7  380s
 437153 421974 1.0375e+07 2402   90 1.0405e+07 1.0046e+07  3.45%   3.7  385s
 441986 426767 1.0279e+07 2452  101 1.0405e+07 1.0046e+07  3.45%   3.8  390s
 448350 433019 1.0064e+07  113  125 1.0405e+07 1.0046e+07  3.45%   3.7  395s
 454933 439402 1.0115e+07  256  120 1.0405e+07 1.0046e+07  3.45%   3.7  400s
 461715 446066 1.0184e+07  305  107 1.0405e+07 1.0046e+07  3.45%   3.7  405s
 466720 450931 1.0222e+07 1763   99 1.0405e+07 1.0046e+07  3.45%   3.7  410s
 472825 456970 1.0253e+07 2113   92 1.0405e+07 1.0046e+07  3.45%   3.7  415s
 478977 462812 1.0105e+07  348  121 1.0405e+07 1.0046e+07  3.45%   3.7  420s
 485834 469593 1.0060e+07   82  129 1.0405e+07 1.0046e+07  3.45%   3.7  425s
 491503 475164 1.0233e+07 1546  101 1.0405e+07 1.0046e+07  3.45%   3.7  430s
 497579 481196 1.0331e+07 1181   90 1.0405e+07 1.0046e+07  3.45%   3.7  435s
 503927 487332 1.0332e+07 1592   91 1.0405e+07 1.0046e+07  3.45%   3.7  440s
 510612 493737 1.0159e+07  180  117 1.0405e+07 1.0046e+07  3.45%   3.7  445s
 517046 500017 1.0074e+07  259  123 1.0405e+07 1.0046e+07  3.45%   3.7  450s
H519437 502161                    1.040392e+07 1.0046e+07  3.44%   3.7  452s
 522321 505037 1.0393e+07  361   92 1.0404e+07 1.0046e+07  3.44%   3.7  455s
 529410 511944 1.0291e+07 2469  109 1.0404e+07 1.0046e+07  3.44%   3.7  460s
H531797 514256                    1.040382e+07 1.0046e+07  3.44%   3.7  462s
H531798 513898                    1.040290e+07 1.0046e+07  3.43%   3.7  462s
H531803 513903                    1.040290e+07 1.0046e+07  3.43%   3.7  462s
H532803 514809                    1.040252e+07 1.0046e+07  3.43%   3.7  462s
 535701 517693 1.0321e+07 1836   99 1.0403e+07 1.0046e+07  3.43%   3.7  465s
 541643 523109     cutoff 1336      1.0403e+07 1.0046e+07  3.43%   3.7  470s
H545162 526528                    1.040250e+07 1.0046e+07  3.42%   3.7  473s
H545163 526193                    1.040146e+07 1.0046e+07  3.42%   3.7  473s
H545167 526197                    1.040146e+07 1.0046e+07  3.42%   3.7  473s
H546167 527028                    1.040074e+07 1.0046e+07  3.41%   3.7  474s
 546588 527451 1.0251e+07 2290  100 1.0401e+07 1.0046e+07  3.41%   3.7  475s
 552858 533683 1.0126e+07  193  120 1.0401e+07 1.0046e+07  3.41%   3.7  480s
Created node file directory '/home/ps12398/efpe/goalProgrammingMarcos//grbnodes3'
 556640 537287 1.0277e+07 1343   97 1.0401e+07 1.0046e+07  3.41%   3.7  491s
 560960 541467 1.0112e+07  338  119 1.0401e+07 1.0046e+07  3.41%   3.7  495s
 567118 547477 1.0209e+07  693   94 1.0401e+07 1.0046e+07  3.41%   3.7  500s
 571934 552177 1.0224e+07 1228   91 1.0401e+07 1.0046e+07  3.41%   3.7  512s
 574482 554725 1.0296e+07 2461   97 1.0401e+07 1.0046e+07  3.41%   3.8  515s
 580874 560985 1.0152e+07  651   97 1.0401e+07 1.0046e+07  3.41%   3.8  520s
 583295 563406 1.0219e+07 2459  104 1.0401e+07 1.0046e+07  3.41%   3.8  529s
 584376 564487 1.0221e+07  871   99 1.0401e+07 1.0046e+07  3.41%   3.8  530s
 590634 570507 1.0302e+07 1156   92 1.0401e+07 1.0046e+07  3.41%   3.7  535s
 596039 575788 1.0319e+07 1915   92 1.0401e+07 1.0046e+07  3.41%   3.7  546s
 600760 580233 1.0296e+07 1186   90 1.0401e+07 1.0046e+07  3.41%   3.7  550s
 607392 586665 1.0073e+07  130  118 1.0401e+07 1.0046e+07  3.41%   3.7  555s
 608501 587750 1.0365e+07 1218   89 1.0401e+07 1.0046e+07  3.41%   3.7  563s
 609897 589120 1.0275e+07 1317   92 1.0401e+07 1.0046e+07  3.41%   3.7  565s
 616323 595318 1.0282e+07  152  109 1.0401e+07 1.0046e+07  3.41%   3.7  570s
 620015 598920 1.0073e+07  166  114 1.0401e+07 1.0046e+07  3.41%   3.7  580s
 625224 603989 1.0391e+07  256  108 1.0401e+07 1.0046e+07  3.41%   3.7  585s
 631710 610311 1.0176e+07 1402   93 1.0401e+07 1.0046e+07  3.41%   3.6  590s
 632005 610606 1.0179e+07 1682   93 1.0401e+07 1.0046e+07  3.41%   3.6  597s
H634253 612852                    1.040054e+07 1.0046e+07  3.41%   3.6  599s
 634475 613076 1.0232e+07 1221   90 1.0401e+07 1.0046e+07  3.41%   3.6  600s
H635253 613852                    1.040053e+07 1.0046e+07  3.40%   3.6  600s
 641003 619398 1.0156e+07  298  109 1.0401e+07 1.0046e+07  3.40%   3.6  605s
 643627 622022 1.0237e+07 1610   89 1.0401e+07 1.0046e+07  3.40%   3.6  614s
 643656 622051 1.0259e+07 1624   97 1.0401e+07 1.0046e+07  3.40%   3.6  615s
 647535 625924 1.0368e+07 1794  102 1.0401e+07 1.0046e+07  3.40%   3.7  620s
 653396 631649 1.0390e+07 1486  101 1.0401e+07 1.0046e+07  3.40%   3.6  625s
 654044 632241 1.0185e+07  545  109 1.0401e+07 1.0046e+07  3.40%   3.6  632s
 656653 634760 1.0330e+07  305   99 1.0401e+07 1.0046e+07  3.40%   3.6  635s
 662818 640777 1.0272e+07  892   91 1.0401e+07 1.0046e+07  3.40%   3.6  640s
 665495 643380 1.0286e+07 1280   89 1.0401e+07 1.0046e+07  3.40%   3.6  649s
 666501 644386 1.0347e+07 2286   90 1.0401e+07 1.0046e+07  3.40%   3.6  650s
 671061 648838 1.0216e+07 2008   99 1.0401e+07 1.0046e+07  3.40%   3.7  655s
 676476 654165 1.0318e+07 1163   92 1.0401e+07 1.0046e+07  3.40%   3.7  666s
 680190 657825 1.0300e+07 2468  101 1.0401e+07 1.0047e+07  3.40%   3.7  670s
 686570 663939 1.0240e+07  748  106 1.0401e+07 1.0047e+07  3.40%   3.7  675s
 687703 665030 1.0202e+07  207  111 1.0401e+07 1.0047e+07  3.40%   3.6  682s
 690444 667735 1.0197e+07 1047  101 1.0401e+07 1.0047e+07  3.40%   3.6  685s
 696650 673837 1.0233e+07  855  100 1.0401e+07 1.0047e+07  3.40%   3.6  690s
 697949 675136 1.0216e+07 1505   93 1.0401e+07 1.0047e+07  3.40%   3.7  698s
 699604 676791 1.0244e+07 2332   99 1.0401e+07 1.0047e+07  3.40%   3.7  700s
 706022 683027 1.0356e+07 2057   95 1.0401e+07 1.0047e+07  3.40%   3.7  705s
H707515 684402                    1.039872e+07 1.0047e+07  3.39%   3.7  706s
 708695 685584 1.0206e+07 1095   91 1.0399e+07 1.0047e+07  3.39%   3.7  714s
 709946 686835 1.0227e+07 2282   90 1.0399e+07 1.0047e+07  3.39%   3.7  715s
 716312 692967     cutoff  437      1.0399e+07 1.0047e+07  3.39%   3.6  720s
H719874 696365                    1.039842e+07 1.0047e+07  3.38%   3.6  722s
H719880 696371                    1.039835e+07 1.0047e+07  3.38%   3.6  723s
 720292 696785 1.0275e+07 1023   91 1.0398e+07 1.0047e+07  3.38%   3.6  729s
 721048 697541 1.0290e+07 1769   91 1.0398e+07 1.0047e+07  3.38%   3.6  730s
 727894 704331 1.0071e+07  124  119 1.0398e+07 1.0047e+07  3.38%   3.6  735s
 730240 706645 1.0282e+07 2219   90 1.0398e+07 1.0047e+07  3.38%   3.6  744s
 730832 707227 1.0362e+07 2470   98 1.0398e+07 1.0047e+07  3.38%   3.6  745s
 736786 713017 1.0221e+07  138  110 1.0398e+07 1.0047e+07  3.38%   3.6  750s
 740274 716403 1.0192e+07  711   97 1.0398e+07 1.0047e+07  3.38%   3.6  760s
 746684 722695 1.0191e+07  669  104 1.0398e+07 1.0047e+07  3.38%   3.6  765s
 749571 725582 1.0267e+07 2113   91 1.0398e+07 1.0047e+07  3.38%   3.6  775s
 755264 731211 1.0199e+07 1894   93 1.0398e+07 1.0047e+07  3.38%   3.6  780s
H758057 733926                    1.039812e+07 1.0047e+07  3.38%   3.6  782s
 760611 736448 1.0330e+07 1318   90 1.0398e+07 1.0047e+07  3.38%   3.6  790s
 766026 741703 1.0244e+07 1982   92 1.0398e+07 1.0047e+07  3.38%   3.6  795s
 771977 747352 1.0304e+07 1264  100 1.0398e+07 1.0047e+07  3.38%   3.6  806s
 775965 751252 1.0213e+07  915   96 1.0398e+07 1.0047e+07  3.38%   3.6  810s
 782767 758024 1.0344e+07 2463  103 1.0398e+07 1.0047e+07  3.38%   3.6  815s
 783699 758908 1.0214e+07  601  106 1.0398e+07 1.0047e+07  3.38%   3.6  822s
 786998 762155 1.0331e+07 1510   90 1.0398e+07 1.0047e+07  3.38%   3.6  825s
 793123 767880 1.0216e+07 2359   90 1.0398e+07 1.0047e+07  3.38%   3.6  830s
 794971 769728 1.0214e+07  706  103 1.0398e+07 1.0047e+07  3.38%   3.6  838s
 796381 771138 1.0273e+07 1411  102 1.0398e+07 1.0047e+07  3.38%   3.6  840s
 801534 776247     cutoff  378      1.0398e+07 1.0047e+07  3.38%   3.6  845s
 802246 776891 1.0256e+07  661   98 1.0398e+07 1.0047e+07  3.38%   3.6  853s
 804640 779219 1.0252e+07 1072   99 1.0398e+07 1.0047e+07  3.38%   3.6  855s
H808763 783146                    1.039783e+07 1.0047e+07  3.38%   3.6  858s
H809763 784100                    1.039765e+07 1.0047e+07  3.38%   3.6  859s
 810735 785074 1.0280e+07 1806   90 1.0398e+07 1.0047e+07  3.38%   3.6  860s
 815563 789854 1.0348e+07 2178   90 1.0398e+07 1.0047e+07  3.38%   3.6  870s
 820718 794653 1.0191e+07  687   99 1.0398e+07 1.0047e+07  3.37%   3.6  875s
H822122 796055                    1.039761e+07 1.0047e+07  3.37%   3.6  876s
H822123 796056                    1.039761e+07 1.0047e+07  3.37%   3.6  876s
 825228 799133 1.0088e+07  262  107 1.0398e+07 1.0047e+07  3.37%   3.6  885s
 830012 803813 1.0283e+07  989   92 1.0398e+07 1.0047e+07  3.37%   3.6  890s
 836596 810209 1.0244e+07  531  104 1.0398e+07 1.0047e+07  3.37%   3.6  895s
 838319 811932 1.0323e+07 2254   92 1.0398e+07 1.0047e+07  3.37%   3.6  901s
 842525 816122 1.0334e+07 1168   99 1.0398e+07 1.0047e+07  3.37%   3.6  905s
 847883 821324 1.0249e+07  826   99 1.0398e+07 1.0047e+07  3.37%   3.6  916s
 851532 824973 1.0275e+07 2468   97 1.0398e+07 1.0047e+07  3.37%   3.6  920s
 857882 831159 1.0174e+07 1708  111 1.0398e+07 1.0047e+07  3.37%   3.6  925s
 859388 832665 1.0159e+07  282  114 1.0398e+07 1.0047e+07  3.37%   3.6  932s
 862166 835291 1.0213e+07  919   96 1.0398e+07 1.0047e+07  3.37%   3.6  935s
 868826 841755 1.0209e+07 2239   93 1.0398e+07 1.0047e+07  3.37%   3.6  940s
H870459 843386                    1.039720e+07 1.0047e+07  3.37%   3.6  941s
 871517 844362 1.0145e+07  340  111 1.0397e+07 1.0047e+07  3.37%   3.6  949s
 872359 845204 1.0197e+07  761  113 1.0397e+07 1.0047e+07  3.37%   3.6  950s
H873227 846070                    1.039714e+07 1.0047e+07  3.37%   3.6  951s
 875637 848482 1.0231e+07 2400  108 1.0397e+07 1.0047e+07  3.37%   3.7  955s
H876568 849411                    1.039703e+07 1.0047e+07  3.37%   3.7  955s
 879126 851791 1.0221e+07  610   96 1.0397e+07 1.0047e+07  3.37%   3.7  965s
H882849 855408                    1.039694e+07 1.0047e+07  3.37%   3.7  968s
 884945 857506 1.0259e+07 2134   95 1.0397e+07 1.0047e+07  3.37%   3.7  970s
H888991 861480                    1.039552e+07 1.0047e+07  3.35%   3.7  973s
H889991 862460                    1.039552e+07 1.0047e+07  3.35%   3.7  974s
 890990 863445 1.0328e+07 1043  100 1.0396e+07 1.0047e+07  3.35%   3.7  975s
 891317 863772 1.0353e+07 1370   91 1.0396e+07 1.0047e+07  3.35%   3.7  982s
 894831 867066 1.0068e+07  165  119 1.0396e+07 1.0047e+07  3.35%   3.7  985s
 899328 871563 1.0306e+07 1601   91 1.0396e+07 1.0047e+07  3.35%   3.7  990s
 902974 875013 1.0237e+07  712   92 1.0396e+07 1.0047e+07  3.35%   3.7  995s
 903304 875343 1.0258e+07 1042   96 1.0396e+07 1.0047e+07  3.35%   3.7 1004s
 903727 875766 1.0267e+07 1465   91 1.0396e+07 1.0047e+07  3.35%   3.7 1005s
 907860 879815 1.0352e+07  379   93 1.0396e+07 1.0047e+07  3.35%   3.6 1010s
 911932 883827 1.0322e+07  887   97 1.0396e+07 1.0047e+07  3.35%   3.6 1015s
 915374 887113 1.0207e+07  524  117 1.0396e+07 1.0047e+07  3.35%   3.6 1020s
 915383 887122 1.0195e+07  529   97 1.0396e+07 1.0047e+07  3.35%   3.6 1028s
 916088 887827 1.0237e+07  881   98 1.0396e+07 1.0047e+07  3.35%   3.7 1030s
 918404 890143 1.0270e+07 2039  106 1.0396e+07 1.0047e+07  3.35%   3.7 1035s
 922272 893987 1.0260e+07 2407   91 1.0396e+07 1.0047e+07  3.35%   3.7 1040s
 923584 895299 1.0194e+07  721   92 1.0396e+07 1.0047e+07  3.35%   3.7 1052s
 926747 898352     cutoff  527      1.0396e+07 1.0047e+07  3.35%   3.7 1055s
 931796 902465 1.0152e+07  522  101 1.0396e+07 1.0047e+07  3.35%   3.7 1060s
 938134 908649 1.0193e+07 1050  101 1.0396e+07 1.0047e+07  3.35%   3.7 1065s
 938761 909276 1.0219e+07 1677   95 1.0396e+07 1.0047e+07  3.35%   3.7 1072s
 942022 912423 1.0387e+07  346   99 1.0396e+07 1.0047e+07  3.35%   3.7 1075s
 948127 918318 1.0132e+07  360  116 1.0396e+07 1.0047e+07  3.35%   3.7 1080s
 950801 920992 1.0253e+07 2471  111 1.0396e+07 1.0047e+07  3.35%   3.7 1089s
 950970 921161 1.0262e+07 2469  107 1.0396e+07 1.0047e+07  3.35%   3.7 1090s
 956316 926369 1.0333e+07 1363   91 1.0396e+07 1.0047e+07  3.35%   3.7 1095s
H960571 930442                    1.039552e+07 1.0047e+07  3.35%   3.7 1098s
 963039 932912 1.0197e+07 2459  103 1.0396e+07 1.0047e+07  3.35%   3.7 1100s
 964141 933972 1.0130e+07  345  115 1.0396e+07 1.0047e+07  3.35%   3.7 1109s
 964304 934135 1.0162e+07  426  108 1.0396e+07 1.0047e+07  3.35%   3.7 1110s
 968160 937991 1.0289e+07 2354  103 1.0396e+07 1.0047e+07  3.35%   3.7 1115s
 971757 941454 1.0341e+07  169   99 1.0396e+07 1.0047e+07  3.35%   3.8 1125s
H972930 942553                    1.039552e+07 1.0047e+07  3.35%   3.7 1126s
H972932 942555                    1.039549e+07 1.0047e+07  3.35%   3.7 1126s
H972933 942556                    1.039526e+07 1.0047e+07  3.35%   3.7 1126s
H972935 942558                    1.039413e+07 1.0047e+07  3.34%   3.7 1126s
H972993 942616                    1.039384e+07 1.0047e+07  3.34%   3.7 1126s
 977312 946823 1.0167e+07  808  104 1.0394e+07 1.0047e+07  3.34%   3.7 1130s
 983867 953288 1.0353e+07 2440   90 1.0394e+07 1.0047e+07  3.34%   3.7 1135s
 987821 957056 1.0136e+07  259  120 1.0394e+07 1.0047e+07  3.34%   3.7 1144s
 988086 957251     cutoff  427      1.0394e+07 1.0047e+07  3.34%   3.7 1145s
 992258 961333 1.0264e+07 1912   98 1.0394e+07 1.0047e+07  3.34%   3.7 1150s
 994241 963316 1.0147e+07  406  112 1.0394e+07 1.0047e+07  3.34%   3.8 1159s
 994545 963620 1.0192e+07  669   97 1.0394e+07 1.0047e+07  3.34%   3.8 1160s
 1001261 970234 1.0179e+07  824   97 1.0394e+07 1.0047e+07  3.34%   3.7 1165s
 1007504 976295 1.0214e+07 1156   93 1.0394e+07 1.0047e+07  3.34%   3.7 1170s
 1009817 978608 1.0187e+07  539  102 1.0394e+07 1.0047e+07  3.34%   3.7 1178s
 1011767 980502 1.0161e+07  425  106 1.0394e+07 1.0047e+07  3.34%   3.7 1180s
H1018020 986601                    1.039383e+07 1.0047e+07  3.34%   3.7 1185s
 1021316 989899 1.0242e+07 2283   93 1.0394e+07 1.0047e+07  3.34%   3.7 1196s
 1026001 994518 1.0210e+07 1780   91 1.0394e+07 1.0047e+07  3.34%   3.7 1200s
H1030379 998756                    1.039383e+07 1.0047e+07  3.34%   3.7 1203s
 1031969 1000232 1.0280e+07 1077   95 1.0394e+07 1.0047e+07  3.34%   3.7 1205s
 1033056 1001277 1.0375e+07  259  101 1.0394e+07 1.0047e+07  3.34%   3.7 1212s
 1036165 1004346 1.0338e+07  255   99 1.0394e+07 1.0047e+07  3.34%   3.7 1215s
 1042771 1010782     cutoff 2359      1.0394e+07 1.0047e+07  3.34%   3.7 1220s
 1046851 1014346 1.0223e+07 2239   92 1.0394e+07 1.0047e+07  3.34%   3.7 1230s
 1051600 1019021 1.0177e+07  651  103 1.0394e+07 1.0047e+07  3.33%   3.7 1235s
 1057848 1025087 1.0208e+07  910   94 1.0394e+07 1.0047e+07  3.33%   3.7 1240s
 1058167 1025406 1.0350e+07 1229   91 1.0394e+07 1.0047e+07  3.33%   3.7 1250s
 1061690 1028703 1.0331e+07 1902   90 1.0394e+07 1.0047e+07  3.33%   3.7 1255s
 1065910 1032879 1.0182e+07  492   98 1.0394e+07 1.0047e+07  3.33%   3.7 1260s
 1068937 1035906 1.0241e+07 2006   90 1.0394e+07 1.0047e+07  3.33%   3.7 1274s
 1069458 1036427 1.0268e+07 2266  103 1.0394e+07 1.0047e+07  3.33%   3.7 1275s
 1073258 1040119     cutoff  485      1.0394e+07 1.0047e+07  3.33%   3.7 1280s
 1077931 1044706 1.0218e+07 1587   95 1.0394e+07 1.0047e+07  3.33%   3.7 1285s
 1081000 1047731 1.0265e+07 1892   90 1.0394e+07 1.0047e+07  3.33%   3.7 1298s
 1082004 1048673 1.0213e+07  556   99 1.0394e+07 1.0047e+07  3.33%   3.7 1300s
 1085423 1052060 1.0294e+07  815   91 1.0394e+07 1.0047e+07  3.33%   3.7 1305s
 1089370 1055815 1.0364e+07 1057   93 1.0394e+07 1.0047e+07  3.33%   3.7 1310s
 1092906 1059003 1.0189e+07  720   98 1.0394e+07 1.0047e+07  3.33%   3.7 1315s
 1093994 1060091 1.0216e+07 1264   98 1.0394e+07 1.0047e+07  3.33%   3.7 1323s
 1094938 1061035 1.0201e+07 1736   97 1.0394e+07 1.0047e+07  3.33%   3.7 1325s
 1100153 1066226 1.0209e+07 2465  115 1.0394e+07 1.0047e+07  3.33%   3.7 1330s
 1104108 1070081 1.0167e+07  200  112 1.0394e+07 1.0047e+07  3.33%   3.7 1340s
 1109516 1075329 1.0313e+07 1391   89 1.0394e+07 1.0047e+07  3.33%   3.7 1345s
 1114837 1080496 1.0202e+07 1014  102 1.0394e+07 1.0047e+07  3.33%   3.7 1350s
 1116515 1082082 1.0196e+07  796  105 1.0394e+07 1.0047e+07  3.33%   3.7 1357s
 1119056 1084479 1.0150e+07  167  118 1.0394e+07 1.0047e+07  3.33%   3.7 1360s
H1124941 1090204                    1.038840e+07 1.0047e+07  3.28%   3.7 1364s
 1125476 1090741 1.0252e+07 1971   90 1.0388e+07 1.0047e+07  3.28%   3.7 1365s
 1128977 1094230 1.0337e+07 2474  103 1.0388e+07 1.0047e+07  3.28%   3.7 1374s
 1129120 1094319 1.0351e+07 2475  105 1.0388e+07 1.0047e+07  3.28%   3.7 1375s
H1129269 1094420                    1.038840e+07 1.0047e+07  3.28%   3.7 1375s
H1131316 1096357                    1.038624e+07 1.0047e+07  3.26%   3.7 1378s
 1132937 1097964 1.0304e+07 2478  105 1.0386e+07 1.0047e+07  3.26%   3.7 1380s
 1137193 1102103 1.0245e+07  932   90 1.0386e+07 1.0047e+07  3.26%   3.7 1385s
H1137442 1102350                    1.038614e+07 1.0047e+07  3.26%   3.7 1385s
H1138442 1103350                    1.038614e+07 1.0047e+07  3.26%   3.7 1386s
 1139300 1104210 1.0081e+07  133  114 1.0386e+07 1.0047e+07  3.26%   3.7 1397s
 1140354 1105246 1.0199e+07 1022   97 1.0386e+07 1.0047e+07  3.26%   3.7 1400s
 1143344 1108214 1.0244e+07 1289  110 1.0386e+07 1.0047e+07  3.26%   3.7 1405s
 1145631 1110501 1.0227e+07 2433   90 1.0386e+07 1.0047e+07  3.26%   3.7 1410s
 1148513 1113327 1.0341e+07  341   97 1.0386e+07 1.0047e+07  3.26%   3.7 1423s
 1150073 1114845 1.0070e+07  128  118 1.0386e+07 1.0047e+07  3.26%   3.7 1425s
 1153840 1118432 1.0137e+07  582  109 1.0386e+07 1.0047e+07  3.26%   3.7 1430s
 1158440 1122956 1.0083e+07  144  115 1.0386e+07 1.0047e+07  3.26%   3.7 1435s
 1162523 1126921 1.0357e+07 1331   96 1.0386e+07 1.0047e+07  3.26%   3.7 1440s
 1163138 1127446 1.0121e+07  151  121 1.0386e+07 1.0047e+07  3.26%   3.7 1449s
 1163501 1127779 1.0091e+07  221  117 1.0386e+07 1.0047e+07  3.26%   3.7 1450s
 1166996 1131232 1.0181e+07 2127   94 1.0386e+07 1.0047e+07  3.26%   3.7 1455s
 1170938 1135038 1.0169e+07  460  103 1.0386e+07 1.0047e+07  3.26%   3.7 1460s
 1174917 1138817 1.0093e+07  290  122 1.0386e+07 1.0047e+07  3.26%   3.7 1465s
 1176582 1140482 1.0276e+07 1955   93 1.0386e+07 1.0047e+07  3.26%   3.7 1474s
 1176642 1140542 1.0276e+07 2015   93 1.0386e+07 1.0047e+07  3.26%   3.7 1475s
 1181127 1144999 1.0198e+07 1099   90 1.0386e+07 1.0047e+07  3.26%   3.7 1480s
 1185229 1148919 1.0280e+07 1127   92 1.0386e+07 1.0047e+07  3.26%   3.7 1485s
 1188003 1151583 1.0087e+07  204  125 1.0386e+07 1.0047e+07  3.26%   3.7 1497s
 1189520 1153100 1.0246e+07  962  108 1.0386e+07 1.0047e+07  3.26%   3.7 1500s
 1192502 1156082 1.0279e+07 2453  103 1.0386e+07 1.0047e+07  3.26%   3.7 1505s
 1195820 1159314 1.0375e+07 2476  102 1.0386e+07 1.0047e+07  3.26%   3.7 1510s
 1196389 1159845 1.0159e+07  363  107 1.0386e+07 1.0047e+07  3.26%   3.7 1520s
 1200620 1163978 1.0079e+07  104  118 1.0386e+07 1.0047e+07  3.26%   3.7 1525s
 1204585 1167809 1.0288e+07 1872   89 1.0386e+07 1.0047e+07  3.26%   3.7 1530s
 1208463 1171529 1.0167e+07 1169  104 1.0386e+07 1.0047e+07  3.26%   3.7 1535s
H1210145 1173209                    1.038395e+07 1.0047e+07  3.24%   3.7 1537s
 1212404 1175378 1.0124e+07  371  120 1.0384e+07 1.0047e+07  3.24%   3.7 1540s
 1213010 1175984 1.0194e+07  977   92 1.0384e+07 1.0047e+07  3.24%   3.7 1548s
 1214467 1177441 1.0250e+07 2434   92 1.0384e+07 1.0047e+07  3.24%   3.7 1550s
 1217003 1179943 1.0244e+07  982   99 1.0384e+07 1.0047e+07  3.24%   3.7 1555s
 1219853 1182793 1.0266e+07 2407   98 1.0384e+07 1.0047e+07  3.24%   3.7 1560s
 1220657 1183597 1.0119e+07  236  125 1.0384e+07 1.0047e+07  3.24%   3.7 1567s
H1222504 1185406                    1.038360e+07 1.0047e+07  3.24%   3.7 1569s
H1222506 1185408                    1.038359e+07 1.0047e+07  3.24%   3.7 1569s
H1222507 1185409                    1.038358e+07 1.0047e+07  3.24%   3.7 1569s
H1222508 1185410                    1.038358e+07 1.0047e+07  3.24%   3.7 1569s
H1222509 1174995                    1.038195e+07 1.0047e+07  3.22%   3.7 1569s
 1222875 1175363 1.0267e+07 2037   90 1.0382e+07 1.0047e+07  3.22%   3.7 1570s
 1228313 1180737 1.0211e+07 2460   92 1.0382e+07 1.0047e+07  3.22%   3.7 1575s
 1234134 1186318 1.0288e+07 2340   91 1.0382e+07 1.0047e+07  3.22%   3.7 1580s
 1236242 1188374 1.0244e+07 1240   94 1.0382e+07 1.0047e+07  3.22%   3.7 1588s
 1238466 1190574 1.0186e+07 1926   93 1.0382e+07 1.0047e+07  3.22%   3.7 1590s
 1243156 1195188 1.0182e+07  971   91 1.0382e+07 1.0047e+07  3.22%   3.7 1595s
 1245514 1197546 1.0201e+07 2150   90 1.0382e+07 1.0047e+07  3.22%   3.8 1606s
 1249233 1201265 1.0261e+07 2476   94 1.0382e+07 1.0047e+07  3.22%   3.8 1610s
 1255742 1207656 1.0299e+07 2477  106 1.0382e+07 1.0048e+07  3.22%   3.8 1615s
 1257840 1209736 1.0167e+07 1763   94 1.0382e+07 1.0048e+07  3.22%   3.8 1623s
 1259389 1211285 1.0354e+07  396   98 1.0382e+07 1.0048e+07  3.22%   3.8 1625s
 1265465 1217101 1.0064e+07  114  124 1.0382e+07 1.0048e+07  3.22%   3.8 1630s
 1269414 1220970 1.0236e+07 1762   97 1.0382e+07 1.0048e+07  3.22%   3.8 1640s
 1274701 1226257 1.0163e+07  469  103 1.0382e+07 1.0048e+07  3.22%   3.8 1645s
 1279606 1230910     cutoff  317      1.0382e+07 1.0048e+07  3.22%   3.8 1650s
 1281385 1232671 1.0281e+07 1838   89 1.0382e+07 1.0048e+07  3.22%   3.8 1657s
 1283131 1234379 1.0202e+07 1018   94 1.0382e+07 1.0048e+07  3.22%   3.8 1660s
 1287200 1238384 1.0328e+07 2477   97 1.0382e+07 1.0048e+07  3.22%   3.8 1665s
 1291413 1242493 1.0171e+07  943   93 1.0382e+07 1.0048e+07  3.22%   3.8 1670s
 1293788 1244784 1.0177e+07 1012  100 1.0382e+07 1.0048e+07  3.22%   3.8 1682s
 1296387 1247261 1.0221e+07 1506  100 1.0382e+07 1.0048e+07  3.22%   3.8 1685s
H1296604 1247476                    1.038195e+07 1.0048e+07  3.22%   3.8 1685s
 1302433 1253231 1.0283e+07 2484  104 1.0382e+07 1.0048e+07  3.22%   3.8 1690s
 1305895 1256441 1.0254e+07 2138   92 1.0382e+07 1.0048e+07  3.22%   3.7 1699s
 1306233 1256779 1.0373e+07 2472  101 1.0382e+07 1.0048e+07  3.22%   3.7 1700s
H1308963 1259323                    1.038194e+07 1.0048e+07  3.22%   3.7 1702s
H1309963 1260291                    1.038149e+07 1.0048e+07  3.22%   3.7 1703s
 1312168 1262498 1.0337e+07 2468  107 1.0381e+07 1.0048e+07  3.22%   3.7 1705s
 1318391 1268573 1.0191e+07 1858   92 1.0381e+07 1.0048e+07  3.22%   3.7 1717s
H1319928 1270056                    1.037967e+07 1.0048e+07  3.20%   3.7 1719s
 1320162 1270292 1.0207e+07  673  100 1.0380e+07 1.0048e+07  3.20%   3.7 1720s
H1324644 1274676                    1.037967e+07 1.0048e+07  3.20%   3.8 1725s
 1330294 1280179 1.0200e+07 1753   93 1.0380e+07 1.0048e+07  3.20%   3.7 1735s
H1331618 1281501                    1.037967e+07 1.0048e+07  3.20%   3.7 1736s
 1335913 1285768 1.0219e+07 1293   90 1.0380e+07 1.0048e+07  3.20%   3.7 1740s
 1341785 1291274 1.0197e+07 1759   91 1.0380e+07 1.0048e+07  3.20%   3.7 1745s
 1342580 1292069 1.0239e+07 2462  112 1.0380e+07 1.0048e+07  3.20%   3.7 1752s
 1343996 1293485 1.0220e+07  577  106 1.0380e+07 1.0048e+07  3.20%   3.7 1755s
 1346320 1295809 1.0252e+07 1739  115 1.0380e+07 1.0048e+07  3.20%   3.8 1760s
 1348932 1298421 1.0196e+07  774  102 1.0380e+07 1.0048e+07  3.20%   3.8 1765s
 1351147 1300636 1.0297e+07 2491   94 1.0380e+07 1.0048e+07  3.20%   3.8 1775s
 1354811 1304274 1.0300e+07  391  100 1.0380e+07 1.0048e+07  3.20%   3.8 1780s
 1357775 1307090 1.0161e+07  700  104 1.0380e+07 1.0048e+07  3.20%   3.8 1785s
 1361884 1311005 1.0348e+07 2466   98 1.0380e+07 1.0048e+07  3.20%   3.8 1790s
 1365415 1314486 1.0184e+07  212  114 1.0380e+07 1.0048e+07  3.20%   3.8 1802s
 1367486 1316471 1.0265e+07  238  108 1.0380e+07 1.0048e+07  3.20%   3.8 1805s
 1371584 1320449 1.0064e+07  106  117 1.0380e+07 1.0048e+07  3.20%   3.8 1810s
 1375655 1324412 1.0087e+07  195  124 1.0380e+07 1.0048e+07  3.20%   3.8 1815s
H1378593 1327162                    1.037956e+07 1.0048e+07  3.20%   3.8 1818s
 1379085 1327570 1.0078e+07  198  111 1.0380e+07 1.0048e+07  3.20%   3.8 1826s
 1383922 1332227     cutoff 2258      1.0380e+07 1.0048e+07  3.20%   3.8 1830s
H1387600 1335877                    1.037956e+07 1.0048e+07  3.20%   3.8 1833s
 1389017 1337296 1.0098e+07  278  118 1.0380e+07 1.0048e+07  3.20%   3.8 1835s
 1389943 1338222 1.0228e+07 1204  108 1.0380e+07 1.0048e+07  3.20%   3.8 1842s
 1392420 1340489     cutoff 2481      1.0380e+07 1.0048e+07  3.20%   3.8 1845s
 1398479 1346256 1.0320e+07 2479  104 1.0380e+07 1.0048e+07  3.20%   3.8 1850s
 1400338 1348115 1.0204e+07  694  100 1.0380e+07 1.0048e+07  3.20%   3.8 1859s
 1401183 1348960 1.0240e+07 1116   99 1.0380e+07 1.0048e+07  3.20%   3.8 1860s
 1406149 1353926 1.0265e+07  288  104 1.0380e+07 1.0048e+07  3.20%   3.8 1865s
 1410872 1357823 1.0211e+07 1324  113 1.0380e+07 1.0048e+07  3.20%   3.8 1870s
 1412486 1359437 1.0264e+07 2482  109 1.0380e+07 1.0048e+07  3.20%   3.8 1878s
 1413958 1360909 1.0286e+07 2482  105 1.0380e+07 1.0048e+07  3.20%   3.8 1880s
 1417826 1364165 1.0298e+07 1164   90 1.0380e+07 1.0048e+07  3.20%   3.8 1885s
 1424258 1370178 1.0066e+07   97  124 1.0380e+07 1.0048e+07  3.20%   3.8 1890s
 1424741 1370559 1.0151e+07  251  116 1.0380e+07 1.0048e+07  3.20%   3.8 1897s
 1427778 1373250 1.0258e+07 1963   92 1.0380e+07 1.0048e+07  3.20%   3.8 1900s
 1433063 1378397 1.0205e+07  589  101 1.0380e+07 1.0048e+07  3.20%   3.8 1905s
 1435278 1380612 1.0220e+07 1697   90 1.0380e+07 1.0048e+07  3.20%   3.8 1915s
 1439554 1384888 1.0158e+07  135  121 1.0380e+07 1.0048e+07  3.20%   3.8 1920s
 1444675 1389587 1.0298e+07  315  100 1.0380e+07 1.0048e+07  3.20%   3.8 1925s
 1447721 1392267 1.0072e+07  161  115 1.0380e+07 1.0048e+07  3.20%   3.8 1938s
 1449222 1393768 1.0248e+07 1203   92 1.0380e+07 1.0048e+07  3.20%   3.8 1940s
 1452469 1397015 1.0353e+07 2460  100 1.0380e+07 1.0048e+07  3.20%   3.8 1945s
 1456261 1400359 1.0276e+07 2467  108 1.0380e+07 1.0048e+07  3.20%   3.8 1950s
 1457709 1401799 1.0271e+07 2469  108 1.0380e+07 1.0048e+07  3.20%   3.8 1962s
 1459546 1403482     cutoff  173      1.0380e+07 1.0048e+07  3.20%   3.8 1965s
 1464894 1408374 1.0249e+07 1145   97 1.0380e+07 1.0048e+07  3.20%   3.8 1970s
 1469083 1412563 1.0193e+07  932  102 1.0380e+07 1.0048e+07  3.20%   3.8 1980s
 1473936 1416662 1.0127e+07  170  121 1.0380e+07 1.0048e+07  3.20%   3.8 1985s
 1478526 1420748     cutoff 2461      1.0380e+07 1.0048e+07  3.20%   3.8 1990s
 1481121 1422939 1.0152e+07  776   99 1.0380e+07 1.0048e+07  3.20%   3.8 2000s
 1486469 1428149 1.0321e+07 2460  100 1.0380e+07 1.0048e+07  3.20%   3.8 2005s
 1489756 1430936 1.0166e+07 1100   95 1.0380e+07 1.0048e+07  3.20%   3.8 2010s
 1493986 1435025 1.0306e+07 2461   93 1.0380e+07 1.0048e+07  3.20%   3.8 2015s
 1494065 1435096 1.0343e+07 2461   93 1.0380e+07 1.0048e+07  3.20%   3.8 2024s
 1494547 1435482 1.0337e+07 2460  107 1.0380e+07 1.0048e+07  3.20%   3.8 2025s
 1498976 1439055 1.0083e+07  125  117 1.0380e+07 1.0048e+07  3.20%   3.8 2030s
 1503806 1443715 1.0318e+07 2480   94 1.0380e+07 1.0048e+07  3.20%   3.8 2035s
 1504304 1444213 1.0337e+07 2480   94 1.0380e+07 1.0048e+07  3.20%   3.8 2042s
 1507270 1447079 1.0368e+07 1804   97 1.0380e+07 1.0048e+07  3.20%   3.8 2045s
 1512895 1452474 1.0156e+07  450  104 1.0380e+07 1.0048e+07  3.20%   3.8 2050s
 1514537 1453982 1.0100e+07  262  113 1.0380e+07 1.0048e+07  3.20%   3.8 2058s
 1516054 1455447 1.0158e+07  214  119 1.0380e+07 1.0048e+07  3.20%   3.8 2060s
 1522598 1461842 1.0229e+07 2463  108 1.0380e+07 1.0048e+07  3.20%   3.8 2065s
 1526432 1465338 1.0197e+07  855   94 1.0380e+07 1.0048e+07  3.20%   3.8 2070s
 1530843 1469519 1.0208e+07  653  100 1.0380e+07 1.0048e+07  3.20%   3.8 2079s
 1531099 1469775 1.0211e+07  781   95 1.0380e+07 1.0048e+07  3.20%   3.8 2080s
 1536034 1474710 1.0251e+07 2472   95 1.0380e+07 1.0048e+07  3.20%   3.8 2085s
 1541070 1479324 1.0187e+07  537   97 1.0380e+07 1.0048e+07  3.20%   3.8 2095s
 1545848 1484098 1.0144e+07  720   96 1.0380e+07 1.0048e+07  3.20%   3.8 2100s
 1551757 1489421 1.0255e+07 2349   92 1.0380e+07 1.0048e+07  3.20%   3.8 2105s
 1552132 1489796 1.0317e+07 2466   89 1.0380e+07 1.0048e+07  3.20%   3.8 2112s
 1554878 1492180 1.0220e+07 1107   91 1.0380e+07 1.0048e+07  3.20%   3.8 2115s
 1560249 1497377 1.0231e+07 2468  112 1.0380e+07 1.0048e+07  3.20%   3.8 2120s
 1560924 1498052 1.0259e+07 2466  112 1.0380e+07 1.0048e+07  3.20%   3.8 2127s
H1561196 1498322                    1.037956e+07 1.0048e+07  3.20%   3.8 2127s
 1563466 1500460 1.0228e+07  900   99 1.0380e+07 1.0048e+07  3.20%   3.8 2130s
 1568188 1505182 1.0262e+07 2479  107 1.0380e+07 1.0048e+07  3.20%   3.9 2135s
 1571145 1507921 1.0140e+07  126  118 1.0380e+07 1.0048e+07  3.20%   3.9 2147s
 1572232 1508786 1.0203e+07  355  110 1.0380e+07 1.0048e+07  3.20%   3.9 2150s
H1573555 1509703                    1.037956e+07 1.0048e+07  3.20%   3.9 2152s
 1575345 1511283 1.0063e+07  107  120 1.0380e+07 1.0048e+07  3.20%   3.9 2155s
 1581273 1517165 1.0283e+07 2461  105 1.0380e+07 1.0048e+07  3.20%   3.9 2160s
 1585934 1521644 1.0200e+07 1299  111 1.0380e+07 1.0048e+07  3.20%   3.9 2170s
 1589625 1524913 1.0265e+07  146  108 1.0380e+07 1.0048e+07  3.19%   3.9 2175s
 1593481 1527987 1.0203e+07 1232   92 1.0380e+07 1.0048e+07  3.19%   3.9 2180s
 1597246 1531752 1.0230e+07 2469   96 1.0380e+07 1.0048e+07  3.19%   3.9 2189s
 1597460 1531966 1.0244e+07 2470  109 1.0380e+07 1.0048e+07  3.19%   3.9 2190s
 1602907 1537413 1.0339e+07 2468   98 1.0380e+07 1.0048e+07  3.19%   3.9 2195s
 1606945 1541105 1.0267e+07  319  103 1.0380e+07 1.0048e+07  3.19%   3.9 2206s
 1611071 1545029 1.0101e+07  106  124 1.0380e+07 1.0048e+07  3.19%   3.9 2210s
 1615634 1549389 1.0317e+07 1077   97 1.0380e+07 1.0048e+07  3.19%   3.9 2215s
 1620933 1554230 1.0155e+07  159  118 1.0380e+07 1.0048e+07  3.19%   3.9 2224s
 1620962 1554259 1.0192e+07  188  110 1.0380e+07 1.0048e+07  3.19%   3.9 2225s
 1625030 1558301 1.0212e+07 2071   96 1.0380e+07 1.0048e+07  3.19%   3.9 2230s
 1627753 1561024 1.0260e+07 2470  107 1.0380e+07 1.0048e+07  3.19%   3.9 2239s
 1628210 1561473     cutoff  390      1.0380e+07 1.0048e+07  3.19%   3.9 2240s
 1631830 1564821 1.0177e+07  601   95 1.0380e+07 1.0048e+07  3.19%   3.9 2245s
 1634889 1567880 1.0311e+07 2466   97 1.0380e+07 1.0048e+07  3.19%   3.9 2250s
 1637752 1570343 1.0379e+07  513   94 1.0380e+07 1.0048e+07  3.19%   3.9 2255s
 1640127 1572608 1.0296e+07 2132   90 1.0380e+07 1.0048e+07  3.19%   3.9 2266s
 1641522 1573757 1.0350e+07 2478  102 1.0380e+07 1.0048e+07  3.19%   3.9 2270s
 1644376 1576095 1.0171e+07  560   96 1.0380e+07 1.0048e+07  3.19%   3.9 2275s
 1649054 1580737 1.0230e+07 2474   96 1.0380e+07 1.0048e+07  3.19%   3.9 2280s
 1651032 1582715 1.0127e+07  395  113 1.0380e+07 1.0048e+07  3.19%   3.9 2292s
 1653709 1585350 1.0194e+07  135  110 1.0380e+07 1.0048e+07  3.19%   3.9 2295s
 1656905 1588246 1.0196e+07  606  105 1.0380e+07 1.0048e+07  3.19%   3.9 2300s
 1659073 1590414 1.0233e+07 1690  115 1.0380e+07 1.0048e+07  3.19%   3.9 2305s
 1661128 1592469 1.0267e+07 2463  107 1.0380e+07 1.0048e+07  3.19%   4.0 2310s
 1661204 1592545 1.0287e+07 2463  103 1.0380e+07 1.0048e+07  3.19%   4.0 2318s
 1661908 1593249 1.0271e+07 2463  110 1.0380e+07 1.0048e+07  3.19%   4.0 2320s
 1665151 1596045     cutoff  424      1.0380e+07 1.0048e+07  3.19%   4.0 2325s
 1668755 1599161 1.0188e+07  727   96 1.0380e+07 1.0048e+07  3.19%   4.0 2330s
 1672932 1603320 1.0380e+07  451   99 1.0380e+07 1.0048e+07  3.19%   4.0 2335s
 1674416 1604682 1.0056e+07   82  130 1.0380e+07 1.0048e+07  3.19%   4.0 2346s
 1677790 1607618     cutoff 1687      1.0380e+07 1.0048e+07  3.19%   4.0 2350s
 1682857 1612329 1.0275e+07 2089   93 1.0380e+07 1.0048e+07  3.19%   4.0 2355s
 1685791 1615263 1.0162e+07  345  110 1.0380e+07 1.0048e+07  3.19%   4.0 2364s
 1686361 1615833 1.0192e+07  630  112 1.0380e+07 1.0048e+07  3.19%   4.0 2365s
 1689951 1619423 1.0217e+07 2425  116 1.0380e+07 1.0048e+07  3.19%   4.0 2370s
 1694687 1623951 1.0369e+07  268  108 1.0380e+07 1.0048e+07  3.19%   4.0 2380s
 1699198 1627989 1.0121e+07  250  119 1.0380e+07 1.0048e+07  3.19%   4.0 2385s
 1704870 1633437 1.0334e+07 2466   97 1.0380e+07 1.0048e+07  3.19%   4.0 2390s
 1707030 1635343 1.0159e+07  269  116 1.0380e+07 1.0048e+07  3.19%   4.0 2400s
 1712481 1640480 1.0350e+07  165  101 1.0380e+07 1.0048e+07  3.19%   4.0 2405s
 1718402 1646045 1.0278e+07 2466   98 1.0380e+07 1.0048e+07  3.19%   4.0 2410s
 1719180 1646823 1.0300e+07 2466   99 1.0380e+07 1.0048e+07  3.19%   4.0 2416s
 1722839 1650212 1.0131e+07  174  122 1.0380e+07 1.0048e+07  3.19%   4.0 2420s
 1728389 1654958 1.0070e+07   91  121 1.0380e+07 1.0048e+07  3.19%   4.0 2425s
 1730608 1656807 1.0073e+07  193  112 1.0380e+07 1.0048e+07  3.19%   4.0 2434s
 1731612 1657811 1.0212e+07  759  101 1.0380e+07 1.0048e+07  3.19%   4.0 2435s
 1737164 1663025 1.0243e+07 1166  103 1.0380e+07 1.0048e+07  3.19%   4.0 2440s
 1740530 1665957 1.0137e+07  228  117 1.0380e+07 1.0048e+07  3.19%   4.0 2445s
 1741993 1667420 1.0216e+07  960   94 1.0380e+07 1.0048e+07  3.19%   4.0 2454s
 1742222 1667649 1.0238e+07 1074  111 1.0380e+07 1.0048e+07  3.19%   4.0 2455s
 1745080 1670507 1.0271e+07 2457  103 1.0380e+07 1.0048e+07  3.19%   4.0 2460s
 1748247 1673358 1.0123e+07  295  114 1.0380e+07 1.0048e+07  3.19%   4.0 2465s
 1749779 1674850 1.0145e+07  382  113 1.0380e+07 1.0048e+07  3.19%   4.0 2475s
 1753537 1678608 1.0263e+07 2466  106 1.0380e+07 1.0048e+07  3.19%   4.0 2480s
 1755965 1680814 1.0135e+07  315  114 1.0380e+07 1.0048e+07  3.19%   4.0 2485s
 1759548 1683983 1.0134e+07  247  115 1.0380e+07 1.0048e+07  3.19%   4.0 2490s
 1763338 1687523 1.0307e+07  637   90 1.0380e+07 1.0048e+07  3.19%   4.0 2495s
 1765371 1689408 1.0178e+07  786   99 1.0380e+07 1.0048e+07  3.19%   4.0 2505s
 1769310 1692931 1.0121e+07  222  119 1.0380e+07 1.0048e+07  3.19%   4.0 2510s
 1775750 1699055 1.0305e+07 1482   97 1.0380e+07 1.0048e+07  3.19%   4.0 2515s
 1777663 1700910 1.0248e+07  726  102 1.0380e+07 1.0048e+07  3.19%   4.0 2522s
 1781000 1704247 1.0348e+07 2482   98 1.0380e+07 1.0048e+07  3.19%   4.0 2525s
 1785274 1707981 1.0080e+07  133  114 1.0380e+07 1.0048e+07  3.19%   4.0 2530s
 1785326 1708033 1.0154e+07  185  118 1.0380e+07 1.0048e+07  3.19%   4.0 2536s
 1789649 1712094 1.0093e+07  234  124 1.0380e+07 1.0048e+07  3.19%   4.0 2540s
 1795115 1717248 1.0126e+07  322  117 1.0380e+07 1.0048e+07  3.19%   4.0 2545s
 1797374 1719371 1.0082e+07  119  125 1.0380e+07 1.0048e+07  3.19%   4.0 2553s
 1799071 1720948 1.0208e+07  856   99 1.0380e+07 1.0048e+07  3.19%   4.0 2555s
 1805004 1726651 1.0303e+07 2471   96 1.0380e+07 1.0048e+07  3.19%   4.0 2560s
 1807920 1729555 1.0241e+07 1343  102 1.0380e+07 1.0048e+07  3.19%   4.0 2570s
 1813436 1734649 1.0275e+07 1142   92 1.0380e+07 1.0048e+07  3.19%   4.0 2575s
 1817776 1738937 1.0265e+07 2037   97 1.0380e+07 1.0048e+07  3.19%   4.0 2580s
 1820476 1741637 1.0259e+07 2472   96 1.0380e+07 1.0048e+07  3.19%   4.0 2591s
 1824654 1745343 1.0181e+07  475  102 1.0380e+07 1.0048e+07  3.19%   4.0 2595s
 1830812 1751009 1.0276e+07 1291   94 1.0380e+07 1.0048e+07  3.19%   4.0 2600s
 1832478 1752207 1.0191e+07  758   91 1.0380e+07 1.0048e+07  3.19%   4.0 2606s
 1834565 1754216 1.0081e+07  249  114 1.0380e+07 1.0048e+07  3.19%   4.0 2610s
 1839411 1759062 1.0192e+07  313  109 1.0380e+07 1.0048e+07  3.19%   4.0 2615s
 1843012 1762023 1.0228e+07  799   99 1.0380e+07 1.0048e+07  3.19%   4.0 2625s
 1847763 1766774 1.0288e+07 2480  109 1.0380e+07 1.0048e+07  3.19%   4.0 2630s
 1853433 1771992 1.0111e+07  169  123 1.0380e+07 1.0048e+07  3.19%   4.0 2635s
 1853835 1772394 1.0164e+07  366  110 1.0380e+07 1.0048e+07  3.19%   4.0 2642s
 1857436 1775995 1.0226e+07 2464  112 1.0380e+07 1.0048e+07  3.19%   4.0 2645s
 1861989 1780038 1.0347e+07 1178   97 1.0380e+07 1.0048e+07  3.19%   4.0 2650s
 1866124 1783895 1.0172e+07  279  109 1.0380e+07 1.0048e+07  3.19%   4.0 2659s
 1866272 1784043 1.0200e+07  374   94 1.0380e+07 1.0048e+07  3.19%   4.0 2660s
 1870702 1788395 1.0371e+07 2110   99 1.0380e+07 1.0048e+07  3.19%   4.0 2665s
 1873792 1791463 1.0206e+07 1633  100 1.0380e+07 1.0048e+07  3.19%   4.0 2670s
 1876820 1794491 1.0253e+07 2475  107 1.0380e+07 1.0048e+07  3.19%   4.0 2679s
 1876870 1794541 1.0268e+07 2471   97 1.0380e+07 1.0048e+07  3.19%   4.0 2680s
 1881777 1799008 1.0124e+07  282  118 1.0380e+07 1.0048e+07  3.19%   4.0 2685s
 1887299 1803852 1.0097e+07  206  120 1.0380e+07 1.0048e+07  3.19%   4.0 2690s
 1888645 1805198 1.0196e+07 1167   92 1.0380e+07 1.0048e+07  3.19%   4.0 2696s
 1893310 1809835 1.0295e+07 1175  101 1.0380e+07 1.0048e+07  3.19%   4.0 2700s
 1898226 1814033 1.0155e+07  595  102 1.0380e+07 1.0048e+07  3.19%   4.0 2705s
 1899325 1815132 1.0305e+07 1694   90 1.0380e+07 1.0048e+07  3.19%   4.0 2712s
 1902295 1817828 1.0216e+07 1303   98 1.0380e+07 1.0048e+07  3.19%   4.0 2715s
 1907280 1822636 1.0360e+07  289  103 1.0380e+07 1.0048e+07  3.19%   4.0 2720s
 1909629 1824729     cutoff  425      1.0380e+07 1.0048e+07  3.19%   4.0 2729s
 1909680 1824760 1.0074e+07  147  118 1.0380e+07 1.0048e+07  3.19%   4.0 2730s
 1914974 1829536 1.0156e+07  315  109 1.0380e+07 1.0048e+07  3.19%   4.0 2735s
 1920723 1835193 1.0325e+07 2487  100 1.0380e+07 1.0048e+07  3.19%   4.0 2745s
 1924711 1838587 1.0129e+07  294  117 1.0380e+07 1.0048e+07  3.19%   4.0 2750s
 1928629 1842286 1.0236e+07 1481   93 1.0380e+07 1.0048e+07  3.19%   4.0 2755s
 1929250 1842907 1.0277e+07 1791  106 1.0380e+07 1.0048e+07  3.19%   4.0 2761s
 1932231 1845888 1.0298e+07 2498  103 1.0380e+07 1.0048e+07  3.19%   4.1 2765s
 1937239 1850432 1.0324e+07  165  103 1.0380e+07 1.0048e+07  3.19%   4.1 2770s
 1940967 1853882 1.0231e+07 2464  111 1.0380e+07 1.0048e+07  3.19%   4.1 2780s
H1944783 1857536                    1.037955e+07 1.0048e+07  3.19%   4.1 2783s
 1945783 1858216 1.0082e+07  140  123 1.0380e+07 1.0048e+07  3.19%   4.1 2785s
 1952023 1864216 1.0261e+07 2462  107 1.0380e+07 1.0048e+07  3.19%   4.1 2790s
 1954188 1866381 1.0257e+07  261  104 1.0380e+07 1.0048e+07  3.19%   4.1 2798s
 1955547 1867630     cutoff  259      1.0380e+07 1.0048e+07  3.19%   4.1 2800s
H1957147 1869208                    1.037820e+07 1.0048e+07  3.18%   4.1 2804s
 1957635 1869698 1.0215e+07 1116  102 1.0378e+07 1.0048e+07  3.18%   4.1 2805s
H1958147 1870208                    1.037792e+07 1.0048e+07  3.17%   4.1 2806s
 1960483 1872546 1.0243e+07 2459   96 1.0378e+07 1.0048e+07  3.17%   4.1 2810s
 1965227 1876844     cutoff  368      1.0378e+07 1.0048e+07  3.17%   4.1 2815s
 1967225 1878708 1.0101e+07  190  120 1.0378e+07 1.0048e+07  3.17%   4.1 2822s
 1970653 1882136 1.0246e+07 2480  107 1.0378e+07 1.0048e+07  3.17%   4.1 2825s
 1975721 1886800     cutoff  197      1.0378e+07 1.0048e+07  3.17%   4.1 2830s
 1978710 1889382 1.0216e+07  876  105 1.0378e+07 1.0048e+07  3.17%   4.1 2838s
 1980356 1890908 1.0246e+07 1021   96 1.0378e+07 1.0048e+07  3.17%   4.1 2840s
 1986309 1896783 1.0259e+07 2459  111 1.0378e+07 1.0048e+07  3.17%   4.1 2845s
 1988531 1899003 1.0261e+07 1149  106 1.0378e+07 1.0048e+07  3.17%   4.1 2853s
 1989549 1900021 1.0249e+07 1658  111 1.0378e+07 1.0048e+07  3.17%   4.1 2855s
 1993486 1903958 1.0118e+07  337  116 1.0378e+07 1.0048e+07  3.17%   4.1 2860s
 1996451 1906795 1.0074e+07   94  123 1.0378e+07 1.0048e+07  3.17%   4.1 2870s
 2001561 1911503 1.0359e+07  251  110 1.0378e+07 1.0049e+07  3.17%   4.1 2875s
 2007322 1917158 1.0292e+07 2479  100 1.0378e+07 1.0049e+07  3.17%   4.1 2880s
 2011120 1920696 1.0341e+07 1036   91 1.0378e+07 1.0049e+07  3.17%   4.1 2889s
 2011687 1921081 1.0062e+07  114  119 1.0378e+07 1.0049e+07  3.17%   4.1 2890s
 2015839 1924915 1.0267e+07 1262  106 1.0378e+07 1.0049e+07  3.17%   4.1 2895s
 2018471 1927547 1.0292e+07 2466  104 1.0378e+07 1.0049e+07  3.17%   4.1 2903s
 2019688 1928760 1.0329e+07 2467  100 1.0378e+07 1.0049e+07  3.17%   4.1 2905s
 2024835 1933713 1.0298e+07 2457   96 1.0378e+07 1.0049e+07  3.17%   4.1 2910s
 2028131 1936723 1.0228e+07 1177  101 1.0378e+07 1.0049e+07  3.17%   4.1 2915s
 2030127 1938423 1.0149e+07  430  102 1.0378e+07 1.0049e+07  3.17%   4.1 2927s
 2032195 1940455 1.0365e+07  147  102 1.0378e+07 1.0049e+07  3.17%   4.1 2930s
 2035874 1943884 1.0272e+07 1394  102 1.0378e+07 1.0049e+07  3.17%   4.1 2935s
 2038859 1946851 1.0367e+07 2464   97 1.0378e+07 1.0049e+07  3.17%   4.1 2940s
 2042682 1950279 1.0153e+07  171  118 1.0378e+07 1.0049e+07  3.17%   4.1 2945s
 2042742 1950339 1.0246e+07  231  111 1.0378e+07 1.0049e+07  3.17%   4.1 2952s
 2044316 1951815 1.0282e+07 1500   92 1.0378e+07 1.0049e+07  3.17%   4.1 2955s
H2044318 1951815                    1.037792e+07 1.0049e+07  3.17%   4.1 2955s
H2045900 1953357                    1.037791e+07 1.0049e+07  3.17%   4.1 2958s
 2046995 1954454 1.0242e+07 1118   91 1.0378e+07 1.0049e+07  3.17%   4.1 2960s
 2049664 1957123 1.0295e+07 2452  104 1.0378e+07 1.0049e+07  3.17%   4.2 2965s
 2051095 1958482 1.0342e+07 2478  103 1.0378e+07 1.0049e+07  3.17%   4.2 2975s
 2054000 1960955 1.0049e+07   87  129 1.0378e+07 1.0049e+07  3.17%   4.2 2980s
 2057905 1964798 1.0301e+07 2467   97 1.0378e+07 1.0049e+07  3.17%   4.2 2985s
 2061148 1967785     cutoff  345      1.0378e+07 1.0049e+07  3.17%   4.2 2990s
 2065057 1971438 1.0325e+07 2013   96 1.0378e+07 1.0049e+07  3.17%   4.2 3004s
 2066172 1972469 1.0150e+07  838   95 1.0378e+07 1.0049e+07  3.17%   4.2 3005s
 2072422 1978485 1.0230e+07 2473  110 1.0378e+07 1.0049e+07  3.17%   4.1 3010s
 2076022 1981571     cutoff  245      1.0378e+07 1.0049e+07  3.17%   4.2 3015s
 2077841 1983372 1.0184e+07  986  105 1.0378e+07 1.0049e+07  3.17%   4.2 3022s
 2079783 1985314 1.0204e+07 1957   91 1.0378e+07 1.0049e+07  3.17%   4.2 3025s
 2084764 1990083 1.0303e+07 1657   91 1.0378e+07 1.0049e+07  3.17%   4.2 3030s
 2088559 1993564 1.0153e+07 1132   98 1.0378e+07 1.0049e+07  3.17%   4.2 3039s
 2089190 1994195 1.0295e+07 1763   90 1.0378e+07 1.0049e+07  3.17%   4.2 3040s
 2094230 1998863 1.0219e+07 2470  113 1.0378e+07 1.0049e+07  3.17%   4.2 3045s
H2095285 1999880                    1.037791e+07 1.0049e+07  3.17%   4.2 3046s
 2099297 2003396 1.0049e+07   98  122 1.0378e+07 1.0049e+07  3.17%   4.2 3050s
 2100799 2004852 1.0128e+07  148  120 1.0378e+07 1.0049e+07  3.17%   4.2 3059s
 2101267 2005238 1.0123e+07  333  108 1.0378e+07 1.0049e+07  3.17%   4.2 3060s
 2107334 2011191 1.0239e+07 2465   98 1.0378e+07 1.0049e+07  3.17%   4.2 3065s
 2112460 2015865     cutoff  367      1.0378e+07 1.0049e+07  3.17%   4.2 3070s
 2113116 2016213 1.0107e+07  244  117 1.0378e+07 1.0049e+07  3.17%   4.2 3076s
 2116482 2019353 1.0183e+07 1036   95 1.0378e+07 1.0049e+07  3.17%   4.2 3080s
 2121713 2024408 1.0108e+07  194  121 1.0378e+07 1.0049e+07  3.17%   4.2 3085s
 2124135 2026678 1.0195e+07 1506   98 1.0378e+07 1.0049e+07  3.17%   4.2 3093s
 2125409 2027752 1.0118e+07  135  118 1.0378e+07 1.0049e+07  3.17%   4.2 3095s
 2128233 2030198 1.0271e+07  658   90 1.0378e+07 1.0049e+07  3.17%   4.2 3100s
 2131687 2033610 1.0365e+07 2458  102 1.0378e+07 1.0049e+07  3.17%   4.2 3105s
 2133387 2035090 1.0309e+07 1584   92 1.0378e+07 1.0049e+07  3.17%   4.2 3115s
 2136802 2038371 1.0303e+07  860   92 1.0378e+07 1.0049e+07  3.17%   4.2 3120s
 2141836 2042705 1.0204e+07  165  117 1.0378e+07 1.0049e+07  3.17%   4.2 3125s
 2146313 2046891 1.0300e+07 2461   99 1.0378e+07 1.0049e+07  3.17%   4.2 3134s
 2146639 2047217 1.0309e+07 2462   97 1.0378e+07 1.0049e+07  3.17%   4.2 3135s
 2150830 2051086 1.0086e+07  131  123 1.0378e+07 1.0049e+07  3.17%   4.2 3140s
 2154937 2055193 1.0234e+07 2185  103 1.0378e+07 1.0049e+07  3.17%   4.2 3151s
 2159184 2059230 1.0291e+07  610  104 1.0378e+07 1.0049e+07  3.17%   4.2 3155s
 2165029 2064827 1.0288e+07 2472  104 1.0378e+07 1.0049e+07  3.17%   4.2 3160s
 2166096 2065892 1.0105e+07  141  120 1.0378e+07 1.0049e+07  3.17%   4.2 3168s
 2166839 2066631 1.0311e+07  187  109 1.0378e+07 1.0049e+07  3.17%   4.2 3170s
 2169703 2068769 1.0086e+07  109  124 1.0378e+07 1.0049e+07  3.17%   4.2 3175s
 2174862 2073698 1.0224e+07 1841   92 1.0378e+07 1.0049e+07  3.17%   4.2 3180s
 2178653 2077423 1.0169e+07  491  104 1.0378e+07 1.0049e+07  3.17%   4.2 3189s
 2179094 2077864 1.0181e+07  712   98 1.0378e+07 1.0049e+07  3.17%   4.2 3190s
 2183050 2081820 1.0250e+07 2496  117 1.0378e+07 1.0049e+07  3.17%   4.2 3195s
 2186786 2085450 1.0155e+07  642   98 1.0378e+07 1.0049e+07  3.17%   4.2 3205s
 2191088 2089262 1.0160e+07  326  108 1.0378e+07 1.0049e+07  3.17%   4.2 3210s
 2196739 2094807     cutoff 1229      1.0378e+07 1.0049e+07  3.17%   4.2 3215s
 2200019 2097901 1.0262e+07  162  111 1.0378e+07 1.0049e+07  3.17%   4.2 3224s
 2200380 2098178     cutoff  183      1.0378e+07 1.0049e+07  3.17%   4.2 3225s
 2203731 2101144 1.0065e+07  129  120 1.0378e+07 1.0049e+07  3.17%   4.2 3230s
 2206932 2104345 1.0204e+07 1729  101 1.0378e+07 1.0049e+07  3.17%   4.2 3235s
 2210131 2107544 1.0242e+07 2462   98 1.0378e+07 1.0049e+07  3.17%   4.2 3240s
 2210837 2108250 1.0098e+07  257  119 1.0378e+07 1.0049e+07  3.17%   4.2 3249s
 2211286 2108699 1.0160e+07  391  106 1.0378e+07 1.0049e+07  3.17%   4.2 3250s
 2214558 2111813 1.0244e+07 1161   91 1.0378e+07 1.0049e+07  3.17%   4.2 3255s
 2218394 2115363 1.0347e+07 1626   98 1.0378e+07 1.0049e+07  3.17%   4.2 3260s
 2222149 2118784 1.0153e+07  312  109 1.0378e+07 1.0049e+07  3.17%   4.2 3265s
 2224539 2121174 1.0295e+07 2457  102 1.0378e+07 1.0049e+07  3.17%   4.2 3272s
 2226595 2123132 1.0088e+07  164  126 1.0378e+07 1.0049e+07  3.17%   4.2 3275s
 2231375 2127626 1.0166e+07  708   93 1.0378e+07 1.0049e+07  3.17%   4.2 3285s
 2233854 2130105 1.0207e+07 1947   99 1.0378e+07 1.0049e+07  3.17%   4.2 3290s
 2236701 2132952 1.0258e+07 2475   95 1.0378e+07 1.0049e+07  3.17%   4.2 3295s
 2239014 2134705     cutoff  194      1.0378e+07 1.0049e+07  3.17%   4.2 3300s
 2242473 2138024 1.0199e+07 2191   91 1.0378e+07 1.0049e+07  3.17%   4.2 3305s
 2242809 2138360 1.0219e+07 2474  115 1.0378e+07 1.0049e+07  3.17%   4.2 3313s
 2243754 2139305 1.0252e+07 2476  109 1.0378e+07 1.0049e+07  3.17%   4.2 3315s
 2246822 2142005 1.0148e+07  454   94 1.0378e+07 1.0049e+07  3.17%   4.2 3320s
 2250229 2145012 1.0207e+07 1159   92 1.0378e+07 1.0049e+07  3.17%   4.2 3325s
 2254475 2149074 1.0189e+07 1218   92 1.0378e+07 1.0049e+07  3.17%   4.2 3330s
 2255816 2150415 1.0226e+07 2476   99 1.0378e+07 1.0049e+07  3.17%   4.2 3338s
 2256799 2151398 1.0250e+07 2479  106 1.0378e+07 1.0049e+07  3.17%   4.2 3340s
 2260259 2154540 1.0153e+07  737   94 1.0378e+07 1.0049e+07  3.17%   4.2 3345s
 2263596 2157817 1.0252e+07 1104  102 1.0378e+07 1.0049e+07  3.17%   4.2 3350s
 2265326 2159547 1.0243e+07 1969  100 1.0378e+07 1.0049e+07  3.17%   4.2 3358s
 2266614 2160835 1.0273e+07 2464  101 1.0378e+07 1.0049e+07  3.17%   4.2 3360s
 2271439 2165068 1.0294e+07 1351   91 1.0378e+07 1.0049e+07  3.17%   4.2 3365s
 2276101 2169256 1.0356e+07 2460   97 1.0378e+07 1.0049e+07  3.17%   4.2 3376s
 2278611 2171026 1.0091e+07  230  112 1.0378e+07 1.0049e+07  3.17%   4.2 3380s
 2283727 2175215 1.0181e+07  395  102 1.0378e+07 1.0049e+07  3.17%   4.2 3385s
 2288006 2179002 1.0152e+07  512  103 1.0378e+07 1.0049e+07  3.17%   4.3 3390s
 2288913 2179909 1.0245e+07 1419   97 1.0378e+07 1.0049e+07  3.17%   4.2 3395s
 2293488 2183788 1.0194e+07  667   93 1.0378e+07 1.0049e+07  3.17%   4.2 3400s
 2298927 2188911 1.0259e+07 2477  107 1.0378e+07 1.0049e+07  3.17%   4.2 3405s
 2300958 2190838 1.0257e+07  235  103 1.0378e+07 1.0049e+07  3.17%   4.2 3413s
 2301779 2191423 1.0355e+07  255  104 1.0378e+07 1.0049e+07  3.17%   4.2 3415s
 2303907 2193137 1.0141e+07  272  117 1.0378e+07 1.0049e+07  3.17%   4.2 3420s
 2306722 2195902 1.0233e+07 1166   99 1.0378e+07 1.0049e+07  3.17%   4.3 3425s
 2309328 2198508 1.0249e+07 2469   99 1.0378e+07 1.0049e+07  3.17%   4.3 3430s
 2310623 2199803 1.0233e+07 2479   95 1.0378e+07 1.0049e+07  3.17%   4.3 3438s
 2311877 2201057 1.0147e+07  582   93 1.0378e+07 1.0049e+07  3.17%   4.3 3440s
 2315788 2204932 1.0268e+07 2459  103 1.0378e+07 1.0049e+07  3.17%   4.3 3445s
 2318942 2207852     cutoff  227      1.0378e+07 1.0049e+07  3.17%   4.3 3450s
 2322456 2210982 1.0176e+07  204  114 1.0378e+07 1.0049e+07  3.17%   4.3 3463s
 2323687 2212159 1.0283e+07  157  106 1.0378e+07 1.0049e+07  3.17%   4.3 3465s
 2326109 2214117 1.0148e+07  321  106 1.0378e+07 1.0049e+07  3.17%   4.3 3470s
 2329949 2217957 1.0331e+07 2473   95 1.0378e+07 1.0049e+07  3.17%   4.3 3475s
 2333547 2221417 1.0323e+07 1377   97 1.0378e+07 1.0049e+07  3.17%   4.3 3487s
 2334903 2222677 1.0153e+07  587  102 1.0378e+07 1.0049e+07  3.17%   4.3 3490s
 2337759 2225533 1.0252e+07 2015  106 1.0378e+07 1.0049e+07  3.17%   4.3 3495s
 2340208 2227954 1.0295e+07 2466  104 1.0378e+07 1.0049e+07  3.17%   4.3 3500s
 2344083 2231321 1.0070e+07  168  124 1.0378e+07 1.0049e+07  3.17%   4.3 3505s
 2344774 2232012 1.0176e+07  528   99 1.0378e+07 1.0049e+07  3.17%   4.3 3512s
 2347551 2234789 1.0236e+07 2479  110 1.0378e+07 1.0049e+07  3.17%   4.3 3515s
 2351327 2238408 1.0320e+07 1168   99 1.0378e+07 1.0049e+07  3.17%   4.3 3520s
 2356273 2242532 1.0083e+07  175  121 1.0378e+07 1.0049e+07  3.17%   4.3 3525s
 2357762 2244021 1.0279e+07  977   93 1.0378e+07 1.0049e+07  3.17%   4.3 3531s
 2361158 2246829 1.0077e+07  126  123 1.0378e+07 1.0049e+07  3.17%   4.3 3535s
 2365852 2251471 1.0242e+07 2249   99 1.0378e+07 1.0049e+07  3.17%   4.3 3540s
 2367104 2252723 1.0237e+07 2462   98 1.0378e+07 1.0049e+07  3.17%   4.3 3547s
 2369043 2254662 1.0231e+07  814   99 1.0378e+07 1.0049e+07  3.17%   4.3 3550s
 2372679 2257926 1.0070e+07   98  124 1.0378e+07 1.0049e+07  3.17%   4.3 3555s
 2376670 2261839 1.0264e+07 1719   90 1.0378e+07 1.0049e+07  3.17%   4.3 3560s
 2378353 2263522 1.0333e+07 2505   95 1.0378e+07 1.0049e+07  3.17%   4.3 3570s
H2380892 2265971                    1.037725e+07 1.0049e+07  3.16%   4.3 3574s
 2381163 2266180 1.0125e+07  148  124 1.0377e+07 1.0049e+07  3.16%   4.3 3575s
 2383991 2268530     cutoff  405      1.0377e+07 1.0049e+07  3.16%   4.3 3580s
 2387463 2271664 1.0334e+07 1423   93 1.0377e+07 1.0049e+07  3.16%   4.3 3585s
 2388746 2272789 1.0153e+07  511  106 1.0377e+07 1.0049e+07  3.16%   4.3 3593s
 2389917 2273960 1.0196e+07 1517   93 1.0377e+07 1.0049e+07  3.16%   4.3 3595s
H2391318 2275359                    1.037725e+07 1.0049e+07  3.16%   4.3 3596s

Cutting planes:
  RLT: 89

Explored 2393523 nodes (10280542 simplex iterations) in 3600.05 seconds (1010.36 work units)
Thread count was 1 (of 24 available processors)

Solution count 10: 1.03773e+07 1.03773e+07 1.03779e+07 ... 1.03796e+07

Time limit reached
Best objective 1.037725106019e+07, best bound 1.004901744711e+07, gap 3.1630%
Could not delete nodefile
Could not delete nodefile
Could not delete nodefile
Could not delete nodefile
Could not delete nodefile
Could not delete nodefile
Could not delete nodefile
Could not delete nodefile
Could not delete nodefile
Could not delete nodefile
Could not delete nodefile
Could not delete nodefile
Could not delete nodefile
Could not delete nodefile
Could not delete nodefile
Could not delete nodefile
Could not delete nodefile
Could not delete nodefile
Could not delete nodefile
Could not delete nodefile
Could not delete nodefile
Could not delete nodefile
Could not delete nodefile
Could not delete nodefile
Could not delete nodefile
Could not delete nodefile
Could not delete nodefile
Could not delete nodefile
Could not delete nodefile
Could not delete nodefile
Could not delete nodefile
Could not delete nodefile
Could not delete nodefile
Could not delete nodefile
Could not delete nodefile
Could not delete nodefile
Could not delete nodefile
Could not delete nodefile
Could not delete nodefile
Could not delete nodefile
Could not delete nodefile
Could not delete nodefile
Could not delete nodefile
Could not delete nodefile
Could not delete nodefile
Could not delete nodefile
Could not delete nodefile
Could not delete nodefile
Could not delete nodefile
Could not delete nodefile
Could not delete nodefile
Could not delete nodefile
Could not delete nodefile
Could not delete nodefile
Could not delete nodefile
Could not delete nodefile
Could not delete nodefile
Could not delete nodefile
Could not delete nodefile
Could not delete nodefile
Could not delete nodefile
Could not delete nodefile
Could not delete nodefile
Could not delete nodefile
Could not delete nodefile
Could not delete nodefile
Could not delete nodefile
Could not delete nodefile
Could not delete nodefile
Could not delete nodefile
Could not delete nodefile
Could not delete nodefile
Could not delete nodefile
Could not delete nodefile
Could not delete nodefile
Could not delete nodefile
Could not delete nodefile
Could not delete nodefile
Could not delete nodefile
Could not delete nodefile
Could not delete nodefile
Could not delete nodefile
Could not delete nodefile
Could not delete nodefile
Could not delete nodefile
Could not delete nodefile
Could not delete nodefile
Could not delete nodefile
Could not delete nodefile
Could not delete nodefile
Could not delete nodefile
Could not delete nodefile
Could not delete nodefile
Could not delete nodefile
Could not delete nodefile
Could not delete nodefile
Could not delete nodefile
Could not delete nodefile
Could not delete nodefile
Could not delete nodefile
Could not delete nodefile
Could not delete nodefile
Could not delete nodefile
Could not delete nodefile
Could not delete nodefile
Could not delete nodefile
Could not delete nodefile
Could not delete nodefile
Could not delete nodefile
Could not delete nodefile
Could not delete nodefile
Could not delete nodefile
Could not delete nodefile
Could not delete nodefile
Could not delete nodefile
Could not delete nodefile
Could not delete nodefile
Could not delete nodefile
Could not delete nodefile
Could not delete nodefile
Could not delete nodefile
Could not delete nodefile
Could not delete nodefile
Could not delete nodefile
Could not delete nodefile
Could not delete nodefile
Could not delete nodefile
Could not delete nodefile
Could not delete nodefile
Could not delete nodefile
Could not delete nodefile
Could not delete nodefile
Could not delete nodefile
Could not delete nodefile
Could not delete nodefile
Could not delete nodefile
Could not delete nodefile
Could not delete nodefile
Could not delete nodefile
Could not delete nodefile
Could not delete nodefile
Could not delete nodefile
Could not delete nodefile
Could not delete nodefile
Could not delete nodefile
Could not delete nodefile
Could not delete nodefile
Could not delete nodefile
Could not delete nodefile
Could not delete nodefile
Could not delete nodefile
Could not delete nodefile
Could not delete nodefile
Could not delete nodefile
Could not delete nodefile
Could not delete nodefile
Could not delete nodefile
Could not delete nodefile
Could not delete nodefile
Could not delete nodefile
Could not delete nodefile
