
Gurobi 11.0.3 (linux64, Java) logging started qua 17 dez 2025 14:21:35 -03

Set parameter WLSAccessID
Set parameter WLSSecret
Set parameter LicenseID to value 2566693
Academic license 2566693 - for non-commercial use only - registered to ja___@ufv.br
Set parameter NonConvex to value 2
Set parameter TimeLimit to value 3600
Set parameter LogToConsole to value 0
Set parameter MIPGap to value 4.7478399160473358e-08
Set parameter Threads to value 2
Set parameter NodefileDir to value "/home/ps12398/efpe/goalProgrammingMarcos/"
Set parameter NodefileStart to value 1
Gurobi Optimizer version 11.0.3 build v11.0.3rc0 (linux64)

CPU model: Intel(R) Xeon(R) CPU           X5650  @ 2.67GHz, instruction set [SSE2]
Thread count: 12 physical cores, 24 logical processors, using up to 2 threads

Academic license 2566693 - for non-commercial use only - registered to ja___@ufv.br
Optimize a model with 62245 rows, 41913 columns and 208202 nonzeros
Model fingerprint: 0xaa1e0188
Model has 149 quadratic constraints
Variable types: 20886 continuous, 21027 integer (144 binary)
Coefficient statistics:
  Matrix range     [7e-03, 6e+06]
  QMatrix range    [7e-03, 1e+05]
  QLMatrix range   [1e+00, 1e+05]
  Objective range  [1e+00, 4e+07]
  Bounds range     [1e+00, 1e+08]
  RHS range        [1e+00, 5e+05]
  QRHS range       [2e-01, 2e-01]
Presolve removed 61899 rows and 41199 columns
Presolve time: 0.21s
Presolved: 915 rows, 891 columns, 20832 nonzeros
Presolved model has 2 SOS constraint(s)
Presolved model has 144 bilinear constraint(s)

Solving non-convex MIQCP

Variable types: 470 continuous, 421 integer (146 binary)
Found heuristic solution: objective 7676243.9661

Root relaxation: objective 5.556523e+06, 147 iterations, 0.01 seconds (0.00 work units)

    Nodes    |    Current Node    |     Objective Bounds      |     Work
 Expl Unexpl |  Obj  Depth IntInf | Incumbent    BestBd   Gap | It/Node Time

     0     0 5556523.18    0  128 7676243.97 5556523.18  27.6%     -    0s
H    0     0                    7572536.0772 5556523.18  26.6%     -    0s
     0     0 5652199.49    0  132 7572536.08 5652199.49  25.4%     -    0s
H    0     0                    6664719.0396 5652211.21  15.2%     -    0s
     0     0 5670142.76    0  134 6664719.04 5670142.76  14.9%     -    1s
H    0     0                    6612766.8078 5670147.59  14.3%     -    1s
     0     0 5670383.56    0  134 6612766.81 5670383.56  14.3%     -    1s
     0     0 5672530.31    0  135 6612766.81 5672530.31  14.2%     -    1s
     0     0 5673062.75    0  135 6612766.81 5673062.75  14.2%     -    1s
H    0     0                    6583688.1038 5673067.59  13.8%     -    1s
     0     0 5673139.61    0  135 6583688.10 5673139.61  13.8%     -    1s
     0     0 5673327.69    0  135 6583688.10 5673327.69  13.8%     -    1s
     0     2 5673330.49    0  135 6583688.10 5673330.49  13.8%     -    1s
H  488   529                    6544185.1735 5674162.76  13.3%   3.5    2s
H 1556  1576                    6470527.9009 5674162.76  12.3%   2.5    3s
H 1724  1743                    6470520.4185 5674162.76  12.3%   2.4    3s
H 1994  2062                    6446365.5308 5674162.76  12.0%   2.3    4s
  2637  2728 5738738.19 1091  116 6446365.53 5674162.76  12.0%   2.4    5s
H 2914  2987                    6389590.2713 5674162.76  11.2%   2.3    5s
H 2986  3073                    6348725.8060 5674162.76  10.6%   2.3    5s
H 3434  3492                    6348705.2547 5674162.76  10.6%   2.3    5s
H 3697  3511                    6348468.6231 5691302.27  10.4%   2.3    7s
  3714  3525 5699811.30  275   48 6348468.62 5698863.12  10.2%   2.4   10s
H 4985  4219                    6278238.3772 5728860.13  8.75%   3.7   14s
  5366  4518 5786189.36  455  112 6278238.38 5728860.13  8.75%   4.1   15s
  7667  6117 5793389.88  934   92 6278238.38 5728860.13  8.75%   6.3   20s
H 7976  6161                    6242698.6156 5728860.13  8.23%   6.6   20s
H 9421  6985                    6242276.2697 5728860.13  8.22%   7.6   23s
 10411  7682 5806702.70 1453  111 6242276.27 5728860.13  8.22%   8.1   25s
H11644  8339                    6241767.4599 5728860.13  8.22%   8.6   27s
H12461  9017                    6241372.3441 5728860.13  8.21%   8.5   29s
 13006  9495 5810759.68 1851   93 6241372.34 5728860.13  8.21%   8.4   30s
H13099  9495                    6235888.7918 5728860.13  8.13%   8.5   30s
H13487  9884                    6233435.8712 5728860.13  8.09%   8.5   31s
H13875 10267                    6229352.6608 5728860.13  8.03%   8.6   31s
H14554 11007                    6227406.2477 5728860.13  8.01%   8.7   33s
H14748 11201                    6227290.6057 5728860.13  8.00%   8.7   33s
H14935 11272                    6202174.2617 5728860.13  7.63%   8.7   34s
 14989 11476 5823918.28 2274   91 6202174.26 5728860.13  7.63%   8.8   35s
H15319 11673                    6202168.8657 5728860.13  7.63%   8.9   35s
H16190 12588                    6201185.8300 5728860.13  7.62%   9.1   37s
 17826 14289 5783067.95  332  115 6201185.83 5728956.66  7.62%   9.1   40s
H17853 14289                    6200736.7786 5728956.66  7.61%   9.1   40s
 20237 16941 5887085.45  927  102 6200736.78 5728956.66  7.61%   9.4   45s
 23161 19704 5928268.54 1573  107 6200736.78 5728956.66  7.61%   9.4   50s
H23676 19963                    6200730.9618 5728956.66  7.61%   9.5   50s
H24341 20696                    6200352.4061 5728956.66  7.60%   9.5   52s
 25955 22520 5958672.61 2456  111 6200352.41 5728956.66  7.60%   9.6   55s
 28350 24942 5880765.72  561  101 6200352.41 5728963.30  7.60%   9.5   60s
 32291 28810 5920459.89 1606   94 6200352.41 5728963.30  7.60%   9.8   65s
 35510 32051 6011253.86 2351  113 6200352.41 5728963.30  7.60%  10.0   70s
 38352 34892 5912241.16  455  104 6200352.41 5729034.45  7.60%   9.8   75s
 41775 38286 5944861.28 1472  100 6200352.41 5729034.45  7.60%   9.9   80s
 45142 41611 6046172.51 2456  110 6200352.41 5729034.45  7.60%  10.1   85s
 48972 45690 5935226.41 1196   97 6200352.41 5729098.81  7.60%   9.6   90s
 53561 50211 5863236.97  415  108 6200352.41 5729122.71  7.60%   9.1   95s
 58464 54982 6052308.64 2454  100 6200352.41 5729122.71  7.60%   8.6  100s
 63254 59827 5967493.83 1771   94 6200352.41 5729132.27  7.60%   8.1  105s
 67442 64010 5972838.02 1056   98 6200352.41 5729157.12  7.60%   7.8  110s
 71231 67709 5796854.09  393  113 6200352.41 5729222.16  7.60%   7.6  115s
 75283 71741 6118721.44 2454  100 6200352.41 5729222.16  7.60%   7.4  120s
 79256 75798 5978452.28 2284   94 6200352.41 5729260.45  7.60%   7.3  125s
 82656 78593     cutoff  454      6200352.41 5729261.75  7.60%   7.3  130s
 86397 81760 5791699.73  242  118 6200352.41 5729340.38  7.60%   7.2  135s
 88700 83962 6051654.84 1671   92 6200352.41 5729340.38  7.60%   7.1  140s
 92673 87537 6044695.83 1442   92 6200352.41 5729509.34  7.59%   7.0  145s
 96449 90696 6118838.42 1867   93 6200352.41 5729652.33  7.59%   6.9  150s
 99207 92799 5885081.48 1493   99 6200352.41 5729654.53  7.59%   6.9  155s
 101423 94570 5786341.86  258  116 6200352.41 5729677.84  7.59%   6.9  160s
 104493 96955 6114696.89 2456  100 6200352.41 5729677.84  7.59%   6.9  165s
 107728 99492 6028654.52 1900   93 6200352.41 5729693.54  7.59%   6.9  170s
 110589 101381 5897080.11  493  113 6200352.41 5729814.47  7.59%   7.0  175s
 112644 102851 5932318.38 1218  107 6200352.41 5729814.47  7.59%   7.1  180s
 114596 104271 5936679.93 1909   95 6200352.41 5729814.47  7.59%   7.2  185s
 116633 105784 5972271.64 2456  100 6200352.41 5729814.81  7.59%   7.3  190s
 118082 106793 5987019.15  754  106 6200352.41 5729844.88  7.59%   7.3  195s
 120862 108943 5769633.30   88  126 6200352.41 5729846.58  7.59%   7.3  200s
 122503 109242 6164362.52  427   92 6200352.41 5729849.96  7.59%   7.4  205s
 124161 109240     cutoff  601      6200352.41 5729849.96  7.59%   7.6  210s
 125779 109249 6189852.39  744   96 6200352.41 5729849.96  7.59%   7.8  215s
 127059 109246     cutoff  851      6200352.41 5729849.96  7.59%   7.9  220s
 128784 109938 5792200.28  274  107 6200352.41 5729855.77  7.59%   8.0  225s
 131478 112078 5907556.76 2282   97 6200352.41 5729855.77  7.59%   8.0  230s
 133825 113819 6072388.82  858  101 6200352.41 5729857.71  7.59%   8.0  235s
 136043 115385     cutoff 2456      6200352.41 5729857.71  7.59%   8.0  240s
 139550 118190 6110467.38 2456  100 6200352.41 5729869.19  7.59%   7.9  245s
 141771 119824 5838027.87  824  105 6200352.41 5729871.39  7.59%   7.9  250s
H141818 119745                    6193247.2374 5729871.39  7.48%   7.9  250s
 144060 121921 6019545.18 2402   90 6193247.24 5729871.39  7.48%   7.8  255s
H144825 122446                    6192231.1376 5729871.39  7.47%   7.8  256s
 147770 125778 5889465.07  889  101 6192231.14 5730026.97  7.46%   7.7  260s
 151426 128921 5744282.68   68  128 6192231.14 5730042.95  7.46%   7.6  265s
 153683 130509 5900317.08  837  107 6192231.14 5730042.95  7.46%   7.7  270s
H154607 131416                    6191468.3160 5730042.95  7.45%   7.7  271s
 157263 134173 5916197.32 1462   94 6191468.32 5730042.95  7.45%   7.7  275s
 161069 137947 5928913.24 2314   98 6191468.32 5730042.95  7.45%   7.8  280s
 165763 142480 6151127.99 1449   93 6191468.32 5730241.15  7.45%   7.6  285s
 170252 146787 5968063.48  811  100 6191468.32 5730370.59  7.45%   7.5  290s
 175488 151918 5962392.56  176  110 6191468.32 5730420.38  7.45%   7.4  295s
 180425 156722 5788736.31  107  119 6191468.32 5730709.14  7.44%   7.2  300s
 184595 160924 5890807.13  851   98 6191468.32 5730709.14  7.44%   7.1  305s
 188160 164522 5900980.88 1560   97 6191468.32 5730709.14  7.44%   7.1  310s
 190277 166582 5916300.04 1980  104 6191468.32 5730709.14  7.44%   7.1  315s
 193569 169947 5918645.48  375  106 6191468.32 5730858.06  7.44%   7.1  320s
 197522 173552 6122696.44 2456  105 6191468.32 5730922.06  7.44%   7.0  325s
 202488 178465 6089241.09 2456  100 6191468.32 5730950.39  7.44%   6.8  330s
 207350 183380 6007254.56 2049   92 6191468.32 5731025.54  7.44%   6.7  335s
 211547 187510 5998702.51  901  100 6191468.32 5731201.56  7.43%   6.6  340s
 216172 192146 6068990.38  961   92 6191468.32 5731235.27  7.43%   6.6  345s
 220402 196060     cutoff  226      6191468.32 5731243.80  7.43%   6.6  350s
 224235 200004 5972126.07 1877   99 6191468.32 5731382.22  7.43%   6.6  355s
 229265 204909 6063911.77 2222   93 6191468.32 5731452.71  7.43%   6.5  360s
 233574 209154 5970497.96 1077   95 6191468.32 5731533.76  7.43%   6.4  365s
 238261 213520 6169325.44  409   92 6191468.32 5731575.35  7.43%   6.3  370s
 241240 215759 6170237.58  759   92 6191468.32 5731575.35  7.43%   6.3  375s
 243665 217190 6171228.31 1082   92 6191468.32 5731575.35  7.43%   6.4  380s
 245484 218159 6182372.80 1395   92 6191468.32 5731648.35  7.43%   6.4  385s
 249236 222073 6152197.64 1944   93 6191468.32 5731655.66  7.43%   6.4  390s
 252433 225104 6084519.09 1154   95 6191468.32 5731667.88  7.43%   6.4  395s
 257042 229524 5848618.84  372  106 6191468.32 5731858.65  7.42%   6.3  400s
 262319 234836 6032113.89 2472  103 6191468.32 5731858.65  7.42%   6.2  405s
 265921 238229 5945438.93  286  114 6191468.32 5731946.29  7.42%   6.2  410s
 270302 242437 5956413.46  535  101 6191468.32 5732013.18  7.42%   6.1  415s
 275310 247334 6088259.11 2467   95 6191468.32 5732013.18  7.42%   6.0  420s
 279455 251530 6070665.43 2138   91 6191468.32 5732062.76  7.42%   6.0  425s
 282296 254312 5856903.43  512  108 6191468.32 5732145.89  7.42%   5.9  430s
H282960 254857                    6191460.8458 5732145.89  7.42%   5.9  430s
H284180 255592                    6172090.8066 5732145.89  7.13%   5.9  432s
 286911 258477 5960179.41 2403   97 6172090.81 5732145.89  7.13%   5.9  435s
H288951 260176                    6171930.0095 5732200.96  7.12%   5.9  437s
 289603 260765 5907468.00  567  106 6171930.01 5732200.96  7.12%   5.9  440s
 294017 265260 5740572.12   70  129 6171930.01 5732251.42  7.12%   5.8  445s
 296960 268062 5884813.79 1035  100 6171930.01 5732264.04  7.12%   5.8  450s
 300234 271264 5823086.14  137  116 6171930.01 5732268.35  7.12%   5.9  455s
 304126 275277 6063535.86 1509   91 6171930.01 5732391.15  7.12%   5.9  460s
 307531 278514 5895937.71  296  115 6171930.01 5732414.17  7.12%   5.8  465s
 311632 282689 5927469.01  553  106 6171930.01 5732443.41  7.12%   5.8  470s
 315465 286151 6121767.14 2463   99 6171930.01 5732443.41  7.12%   5.8  475s
 318656 289194 5750206.12   68  127 6171930.01 5732589.67  7.12%   5.7  480s
 322233 292776 5964143.46  613  107 6171930.01 5732603.28  7.12%   5.7  485s
 326196 296687 6075474.47 1327  109 6171930.01 5732603.28  7.12%   5.7  490s
 329493 299883 6021000.46 2043   94 6171930.01 5732603.28  7.12%   5.7  495s
 332110 302404 6051588.92 2439  104 6171930.01 5732603.28  7.12%   5.7  500s
 336450 306783 6052860.61 1261  106 6171930.01 5732726.04  7.12%   5.7  505s
 339578 309588 6153931.20  419   89 6171930.01 5732762.51  7.12%   5.7  510s
 342889 312948 6086682.37 1378   91 6171930.01 5732780.49  7.12%   5.6  515s
 346861 316619 5845018.94  621  105 6171930.01 5732850.04  7.11%   5.6  520s
 350206 319876 5987262.65 2171   99 6171930.01 5732850.04  7.11%   5.6  525s
 353685 323196 5888668.08  421  110 6171930.01 5732895.05  7.11%   5.6  530s
 357428 326837     cutoff 2461      6171930.01 5732895.05  7.11%   5.6  535s
 360684 330119 6002503.27 1243   95 6171930.01 5732933.41  7.11%   5.6  540s
 364045 333334 5822426.37  509  108 6171930.01 5733052.30  7.11%   5.6  545s
 368535 337701 5946086.28 2467  106 6171930.01 5733052.30  7.11%   5.5  550s
 371755 340926 5843471.86 1264   93 6171930.01 5733067.50  7.11%   5.5  555s
 374327 343486 6040342.50 2469  102 6171930.01 5733067.50  7.11%   5.5  560s
 378419 347299 5821716.95  633  105 6171930.01 5733169.75  7.11%   5.5  565s
 382374 351254 5847050.72 2465  111 6171930.01 5733169.75  7.11%   5.4  570s
 385830 354773 6121978.83 1098   91 6171930.01 5733191.29  7.11%   5.4  575s
 390300 358987 6000114.75  940   97 6171930.01 5733219.78  7.11%   5.4  580s
 394051 362577     cutoff 2489      6171930.01 5733238.42  7.11%   5.4  585s
 397736 366231 5886064.19 1654   99 6171930.01 5733246.70  7.11%   5.3  590s
 401603 369996 5892540.75  231  112 6171930.01 5733293.53  7.11%   5.3  595s
 405161 373399 5940233.30  956  101 6171930.01 5733293.53  7.11%   5.3  600s
 409600 377612 5981734.38 2031  107 6171930.01 5733293.53  7.11%   5.3  605s
 411923 379804 6083788.56 2464  100 6171930.01 5733293.53  7.11%   5.3  610s
 415745 383871 6075822.54 1490   91 6171930.01 5733322.56  7.11%   5.3  615s
 420505 388217 5946675.77 1222   95 6171930.01 5733343.03  7.11%   5.3  620s
 424996 392622 5853845.43  757   98 6171930.01 5733414.38  7.10%   5.2  625s
 428865 396313 6057540.16 2467   99 6171930.01 5733414.38  7.10%   5.2  630s
 432052 399399     cutoff 1720      6171930.01 5733449.34  7.10%   5.2  635s
 435947 403240 5900715.46 1661   98 6171930.01 5733462.50  7.10%   5.2  640s
 439952 407238 5831102.26  812   99 6171930.01 5733500.04  7.10%   5.2  645s
 444019 411152 5939705.36 2466  105 6171930.01 5733500.04  7.10%   5.1  650s
 448572 415798 6018264.29 1584   91 6171930.01 5733532.22  7.10%   5.1  655s
H450984 417949                    6171795.5799 5733546.21  7.10%   5.1  658s
 451729 418629 5907608.71  226  117 6171795.58 5733564.95  7.10%   5.1  660s
 456948 423708 6017892.69  221  122 6171795.58 5733614.86  7.10%   5.1  665s
 459323 426102 5907813.77 1329   99 6171795.58 5733614.86  7.10%   5.1  670s
 463567 430100 6013241.07  154  107 6171795.58 5733647.48  7.10%   5.1  675s
 467977 434557 5825030.56  326  111 6171795.58 5733648.24  7.10%   5.0  680s
 472248 438721 5928768.83 2138   98 6171795.58 5733648.24  7.10%   5.0  685s
 475577 442048 5805319.01   98  126 6171795.58 5733743.23  7.10%   5.0  690s
 480260 446614 6067144.37 1692   93 6171795.58 5733804.94  7.10%   5.0  695s
 484768 450796 5833412.83  382  106 6171795.58 5733820.53  7.10%   4.9  700s
 488694 454812 5921322.86 1205   95 6171795.58 5733820.53  7.10%   5.0  705s
 491585 457558 5989363.17 1889  103 6171795.58 5733820.53  7.10%   5.0  710s
 494934 460838 5988603.90 2327   92 6171795.58 5733820.53  7.10%   5.0  715s
 497980 463910 5819906.16  417  106 6171795.58 5733877.78  7.10%   5.0  720s
 502164 467993 5995875.52 2338   90 6171795.58 5733877.78  7.10%   5.0  725s
 504675 470075 5831335.21  881   99 6171795.58 5733909.54  7.09%   5.0  730s
 508068 473572 6073910.35 2465   96 6171795.58 5733909.54  7.09%   4.9  735s
 511137 476557 5902009.49 1384   97 6171795.58 5733925.18  7.09%   4.9  740s
 514873 480275 5914441.89  264  111 6171795.58 5733949.75  7.09%   4.9  745s
 519668 484766 5758430.10   93  121 6171795.58 5733966.29  7.09%   4.9  750s
 524172 489255 5861110.14  442  108 6171795.58 5734035.84  7.09%   4.9  755s
 527661 492769 5997536.79 2409   93 6171795.58 5734035.84  7.09%   4.9  760s
 530537 495494 5858636.29  105  114 6171795.58 5734056.50  7.09%   4.9  765s
 533429 498502 5835748.09  708  105 6171795.58 5734092.45  7.09%   4.9  770s
 538309 503067 5985743.62 2467  105 6171795.58 5734104.07  7.09%   4.9  775s
 540486 505432 6120258.82  832   91 6171795.58 5734104.74  7.09%   4.9  780s
 544481 509175 5900952.73  703   96 6171795.58 5734126.72  7.09%   4.9  785s
 548477 512996 6130714.97 2463   99 6171795.58 5734137.59  7.09%   4.9  790s
 551133 515002 6149895.79  452   90 6171795.58 5734159.94  7.09%   4.9  795s
 554679 517789     cutoff  681      6171795.58 5734159.94  7.09%   4.9  800s
 557740 520032     cutoff  868      6171795.58 5734159.94  7.09%   4.9  805s
 561303 523316 5835553.59  743  108 6171795.58 5734221.00  7.09%   4.9  810s
 564919 526882 6019597.62 2468  110 6171795.58 5734221.00  7.09%   4.9  815s
 567980 529485 6131381.88  166  101 6171795.58 5734256.73  7.09%   4.9  820s
 572111 533845 6032154.33 2197   91 6171795.58 5734258.43  7.09%   4.9  825s
H573186 534653                    6171795.5721 5734258.43  7.09%   4.9  826s
 575884 537467 5909622.78  575  100 6171795.57 5734262.57  7.09%   4.9  830s
 579366 540770 5979068.19 1249  102 6171795.57 5734262.57  7.09%   4.9  835s
 582855 544267 6015114.40 1839   94 6171795.57 5734262.57  7.09%   4.9  840s
 585643 546989 6041441.82 2232   90 6171795.57 5734262.57  7.09%   4.9  845s
 588160 549387 6085560.76 2468   98 6171795.57 5734262.57  7.09%   4.9  850s
 591147 552210 5951160.91  485  103 6171795.57 5734391.94  7.09%   4.9  855s
 594192 555344 6126991.42 2053   91 6171795.57 5734391.94  7.09%   4.9  860s
 598005 558865 5888617.64 2043   98 6171795.57 5734416.72  7.09%   4.9  865s
 601168 562149 6032057.06  890   94 6171795.57 5734416.72  7.09%   4.9  870s
 605389 566193 5847927.73  583   99 6171795.57 5734420.18  7.09%   4.9  875s
H607948 568735                    6171781.5973 5734420.18  7.09%   4.9  879s
 608194 569023 5889056.69 2305  103 6171781.60 5734420.18  7.09%   4.9  880s
 612108 572874 6059928.50 1475   93 6171781.60 5734437.29  7.09%   4.9  885s
 615046 575751 5777509.53  147  115 6171781.60 5734458.54  7.09%   4.8  890s
 619039 579691 6073546.89 2377   92 6171781.60 5734458.54  7.09%   4.8  895s
 622809 583304 5993228.34  759   98 6171781.60 5734507.08  7.09%   4.8  900s
H626122 586445                    6171689.3169 5734507.08  7.08%   4.8  904s
H626532 586914                    6171689.0836 5734507.08  7.08%   4.8  905s
 629293 589495 5871315.56  256  111 6171689.08 5734531.75  7.08%   4.8  910s
 631184 591413 5920048.34  706   96 6171689.08 5734531.75  7.08%   4.8  915s
 634176 594309 5951037.66 1561  107 6171689.08 5734531.75  7.08%   4.8  920s
 636828 597007 5965846.70 2220   98 6171689.08 5734531.75  7.08%   4.9  925s
 640302 600661 5906611.14 1134   97 6171689.08 5734541.45  7.08%   4.9  930s
 644910 605215 5853741.69  517   95 6171689.08 5734552.03  7.08%   4.9  935s
 649402 609680 5970960.67 2464  107 6171689.08 5734552.03  7.08%   4.9  940s
 653309 613288 6091881.61 1387   94 6171689.08 5734576.50  7.08%   4.9  945s
 656493 616281 5840152.36  810   93 6171689.08 5734611.25  7.08%   4.9  950s
 661060 620728 5864838.94  195  114 6171689.08 5734611.25  7.08%   4.8  955s
 664974 624726 6049205.30 1942  101 6171689.08 5734625.65  7.08%   4.8  960s
 668510 628052 5983974.71 1137   95 6171689.08 5734628.62  7.08%   4.8  965s
 672722 632043     cutoff  251      6171689.08 5734641.31  7.08%   4.8  970s
 676492 635842 5889257.35 1623   95 6171689.08 5734641.31  7.08%   4.8  975s
 679338 638387 6019296.59 2483  106 6171689.08 5734641.31  7.08%   4.8  980s
 682848 642294 6079397.55 1802   91 6171689.08 5734644.10  7.08%   4.8  985s
 686482 645545 5989748.46 1355   97 6171689.08 5734645.82  7.08%   4.8  990s
 689997 648851 5817417.97  150  115 6171689.08 5734669.81  7.08%   4.7  995s
 694520 653418 6088160.90 2262   91 6171689.08 5734670.98  7.08%   4.7 1000s
 698529 657382 6055107.29 1123   97 6171689.08 5734684.48  7.08%   4.7 1005s
 703007 661545 5960833.28  626  109 6171689.08 5734692.73  7.08%   4.7 1010s
 707791 666238 6070606.82 2491  101 6171689.08 5734692.73  7.08%   4.7 1015s
 711478 669666 6000123.20  179  108 6171689.08 5734710.79  7.08%   4.7 1020s
 715479 673603 5918003.28  716  105 6171689.08 5734711.36  7.08%   4.7 1025s
 718550 676727 5941677.69 1277   96 6171689.08 5734711.36  7.08%   4.7 1030s
 721101 679000 5950624.02 1689   92 6171689.08 5734711.36  7.08%   4.7 1036s
 723382 681582 5955661.91 2023   94 6171689.08 5734711.36  7.08%   4.7 1040s
 726297 684424 6002653.35 2470  107 6171689.08 5734742.44  7.08%   4.8 1045s
 729601 687669 5814660.57  139  121 6171689.08 5734753.96  7.08%   4.8 1050s
 733296 691129 6022280.23  201  111 6171689.08 5734767.61  7.08%   4.7 1055s
 736571 694385 5894390.90 1373   97 6171689.08 5734767.61  7.08%   4.7 1060s
 740284 697962 5974655.72  364  105 6171689.08 5734787.03  7.08%   4.7 1065s
 743336 700784 infeasible  402      6171689.08 5734874.42  7.08%   4.7 1070s
 746251 703733 5936334.72 2198   98 6171689.08 5734874.42  7.08%   4.7 1075s
 749751 707194 6027332.36 1704   92 6171689.08 5734879.78  7.08%   4.8 1080s
 751819 709244 5844114.76  670   95 6171689.08 5734932.56  7.08%   4.8 1085s
 755032 712402 5989462.85 2468  103 6171689.08 5734932.56  7.08%   4.8 1090s
 758774 716259 5942809.79 1758   91 6171689.08 5734956.31  7.08%   4.8 1095s
 763011 720105 5837181.44  494  112 6171689.08 5734981.81  7.08%   4.8 1101s
 765555 722883 5992458.29 1578   98 6171689.08 5734981.81  7.08%   4.8 1105s
 768763 725957 5755649.84  115  120 6171689.08 5735044.12  7.07%   4.8 1110s
 772966 730115 6042013.73 2188   91 6171689.08 5735044.12  7.07%   4.8 1115s
 775789 732742     cutoff  297      6171689.08 5735074.13  7.07%   4.7 1120s
 779504 736404     cutoff  320      6171689.08 5735078.84  7.07%   4.7 1125s
 783127 739935 6010680.84 2443   95 6171689.08 5735078.84  7.07%   4.7 1130s
 785751 742546 5886567.29  316  109 6171689.08 5735131.94  7.07%   4.8 1135s
 789483 746356 6076143.71 2375   90 6171689.08 5735131.94  7.07%   4.8 1140s
 794546 751304 6119318.99 2141   91 6171689.08 5735149.84  7.07%   4.8 1145s
 799907 756355 6158206.06 2500  103 6171689.08 5735196.18  7.07%   4.7 1150s
 803270 759816 5882109.16 1344   95 6171689.08 5735208.95  7.07%   4.7 1155s
 805957 762264 5960725.24 2508  105 6171689.08 5735208.95  7.07%   4.7 1160s
 809411 765847 5990291.81 1507  106 6171689.08 5735243.19  7.07%   4.7 1165s
 813333 769473 5854057.70  300  115 6171689.08 5735258.95  7.07%   4.7 1170s
 817758 773640 6145617.06 2471   99 6171689.08 5735273.84  7.07%   4.7 1175s
 822110 778030 6070402.30 1847   91 6171689.08 5735277.85  7.07%   4.7 1180s
 825764 781221 5760309.27  114  127 6171689.08 5735330.31  7.07%   4.7 1185s
 829363 784694 5891502.51  786  104 6171689.08 5735330.31  7.07%   4.7 1190s
 832573 787960 5956528.29 1448  106 6171689.08 5735330.31  7.07%   4.7 1195s
 835581 790828 6020127.20 1887   99 6171689.08 5735330.31  7.07%   4.7 1200s
 838428 793541 6010505.80 2377  104 6171689.08 5735330.31  7.07%   4.7 1205s
 840598 795204 5976538.02  206  110 6171689.08 5735428.29  7.07%   4.7 1210s
 844015 798754 5922729.98 1068  101 6171689.08 5735448.81  7.07%   4.7 1215s
 848233 802881 6148664.96 2464  102 6171689.08 5735453.27  7.07%   4.7 1220s
 852268 807097 6095074.78 2196   92 6171689.08 5735453.99  7.07%   4.7 1225s
 855593 809969 5844361.70  858  103 6171689.08 5735463.92  7.07%   4.7 1230s
 859463 813746 6115617.77  256  105 6171689.08 5735497.96  7.07%   4.7 1235s
 863254 817585 6056229.29 2134  105 6171689.08 5735497.96  7.07%   4.7 1240s
 867091 821283 6054484.54 1668   93 6171689.08 5735515.88  7.07%   4.7 1245s
 871030 825151 5862154.93  499  106 6171689.08 5735528.86  7.07%   4.7 1250s
 874217 827834     cutoff  212      6171689.08 5735552.49  7.07%   4.7 1255s
 878185 831937 6026628.63 1413   93 6171689.08 5735563.58  7.07%   4.6 1260s
 881326 834834 5814972.58  514  105 6171689.08 5735570.95  7.07%   4.6 1265s
 884405 837961 6098397.85 2258   92 6171689.08 5735570.95  7.07%   4.7 1270s
 886898 840277 5805591.33  658  102 6171689.08 5735578.28  7.07%   4.7 1275s
 890490 843818 5831933.96  136  121 6171689.08 5735580.10  7.07%   4.7 1280s
 895074 848542 6098564.29 2115   93 6171689.08 5735589.50  7.07%   4.6 1285s
 898499 851629 5774702.12   98  122 6171689.08 5735611.90  7.07%   4.6 1290s
 901999 854985 5893018.70 1495  105 6171689.08 5735613.12  7.07%   4.6 1295s
 905902 858721 5783852.04  177  115 6171689.08 5735622.33  7.07%   4.6 1300s
 910403 863066 6101573.61 2501  100 6171689.08 5735622.33  7.07%   4.6 1305s
 914354 866731 5799127.81  329  113 6171689.08 5735654.64  7.07%   4.6 1310s
 917341 869736 5842264.94  764  103 6171689.08 5735654.64  7.07%   4.6 1315s
 920211 872203 5907317.21 1546  100 6171689.08 5735654.64  7.07%   4.6 1320s
 923362 875163 5936649.59 2207   93 6171689.08 5735654.64  7.07%   4.6 1326s
 925070 877037 6044670.36 2481  100 6171689.08 5735654.64  7.07%   4.6 1330s
 929693 881655 5897664.57 1641   98 6171689.08 5735706.25  7.06%   4.6 1335s
 933806 885756 5928014.82  752  100 6171689.08 5735715.09  7.06%   4.6 1340s
 938126 889959 6072033.89 2477  100 6171689.08 5735717.78  7.06%   4.6 1345s
 941398 893315 6070643.58 1333   99 6171689.08 5735719.45  7.06%   4.6 1350s
 945429 896991 5740809.85   61  130 6171689.08 5735725.50  7.06%   4.6 1355s
 949574 901081 6067725.81 2501   93 6171689.08 5735731.57  7.06%   4.6 1360s
 953013 904513 5931919.82 1041   99 6171689.08 5735741.41  7.06%   4.6 1365s
 956379 907817 5753903.84   74  130 6171689.08 5735765.63  7.06%   4.6 1370s
 959996 911515 6122953.36 2092   93 6171689.08 5735765.63  7.06%   4.6 1375s
 964510 915792 6060414.83 1054   93 6171689.08 5735803.10  7.06%   4.6 1380s
 968745 919765 5924227.26  709   97 6171689.08 5735803.44  7.06%   4.6 1385s
 972178 923045 6150522.06 2467   98 6171689.08 5735807.84  7.06%   4.6 1390s
 975291 926227 6024599.41 1610   91 6171689.08 5735812.27  7.06%   4.6 1395s
 978457 929162 5860737.89  652   98 6171689.08 5735828.54  7.06%   4.6 1400s
 980977 931584 5918705.63  819   98 6171689.08 5735833.56  7.06%   4.6 1405s
 984088 934626 6108948.91  174  100 6171689.08 5735865.21  7.06%   4.6 1410s
 987976 938402 6082905.74 1758   90 6171689.08 5735865.21  7.06%   4.6 1417s
 989563 939904 5941951.71  160  116 6171689.08 5735920.64  7.06%   4.6 1420s
 993792 944063     cutoff 2077      6171689.08 5735924.68  7.06%   4.6 1425s
 997365 947583 5817687.88 1034   93 6171689.08 5735948.48  7.06%   4.6 1430s
 1000781 950848 5873507.91 2464  113 6171689.08 5735948.48  7.06%   4.6 1435s
 1004354 954566 6060708.84 1363   91 6171689.08 5735974.47  7.06%   4.6 1440s
 1008987 959047 6094710.27 1865   91 6171689.08 5735975.09  7.06%   4.5 1445s
Created node file directory '/home/ps12398/efpe/goalProgrammingMarcos//grbnodes0'
 1012070 961866 5839429.89  516  107 6171689.08 5735983.38  7.06%   4.5 1471s
 1014434 964364 5980006.44 1759   93 6171689.08 5735983.38  7.06%   4.5 1475s
 1017790 967528 5859215.98  662  102 6171689.08 5735987.91  7.06%   4.5 1480s
 1020909 970416 6093281.98 2470  104 6171689.08 5735987.91  7.06%   4.5 1485s
 1023851 973370 5813201.70  537  107 6171689.08 5736019.49  7.06%   4.5 1490s
 1027085 976645 5925891.18 2097  107 6171689.08 5736019.49  7.06%   4.5 1495s
 1027937 977404 5990232.47 2473  108 6171689.08 5736019.49  7.06%   4.5 1517s
 1029411 978825 5979318.21  131  109 6171689.08 5736048.10  7.06%   4.5 1520s
 1032602 982084 5979892.44 2228  101 6171689.08 5736048.10  7.06%   4.5 1525s
 1034083 983505 6078990.86 2465   97 6171689.08 5736097.15  7.06%   4.5 1530s
 1037062 986486 5820262.09  205  120 6171689.08 5736106.26  7.06%   4.5 1535s
 1041685 991042 6076490.24 2485  100 6171689.08 5736106.26  7.06%   4.5 1540s
 1043459 992575 6026274.35  128  105 6171689.08 5736118.51  7.06%   4.5 1560s
 1047974 997232 6018017.41 2091   94 6171689.08 5736119.00  7.06%   4.5 1565s
 1051767 1000913 5879121.67  606   97 6171689.08 5736129.71  7.06%   4.5 1570s
 1055863 1004791 5802580.93  128  116 6171689.08 5736130.84  7.06%   4.5 1575s
 1058301 1007219 5807657.34  556  102 6171689.08 5736131.78  7.06%   4.5 1604s
 1058950 1007793 5825740.29  797   92 6171689.08 5736131.78  7.06%   4.5 1605s
 1062044 1010661 5768338.20   92  121 6171689.08 5736149.60  7.06%   4.5 1610s
 1065878 1014399 5894950.96 1254  101 6171689.08 5736165.92  7.06%   4.5 1615s
 1069319 1017650 6167286.92  316  107 6171689.08 5736183.04  7.06%   4.5 1620s

Gurobi 11.0.3 (linux64, Java) logging started qua 17 dez 2025 14:54:13 -03

Set parameter WLSAccessID
Set parameter WLSSecret
Set parameter LicenseID to value 2566693

Gurobi 11.0.3 (linux64, Java) logging started qui 18 dez 2025 11:09:15 -03

Set parameter WLSAccessID
Set parameter WLSSecret
Set parameter LicenseID to value 2566693
Academic license 2566693 - for non-commercial use only - registered to ja___@ufv.br
Set parameter NonConvex to value 2
Set parameter TimeLimit to value 3600
Set parameter LogToConsole to value 0
Set parameter MIPGap to value 4.7478399160473358e-08
Set parameter Threads to value 2
Set parameter NodefileDir to value "/home/ps12398/efpe/goalProgrammingMarcos/"
Set parameter NodefileStart to value 1
Gurobi Optimizer version 11.0.3 build v11.0.3rc0 (linux64)

CPU model: Intel(R) Xeon(R) CPU           X5650  @ 2.67GHz, instruction set [SSE2]
Thread count: 12 physical cores, 24 logical processors, using up to 2 threads

Academic license 2566693 - for non-commercial use only - registered to ja___@ufv.br
Optimize a model with 62245 rows, 41913 columns and 208202 nonzeros
Model fingerprint: 0xaa1e0188
Model has 149 quadratic constraints
Variable types: 20886 continuous, 21027 integer (144 binary)
Coefficient statistics:
  Matrix range     [7e-03, 6e+06]
  QMatrix range    [7e-03, 1e+05]
  QLMatrix range   [1e+00, 1e+05]
  Objective range  [1e+00, 4e+07]
  Bounds range     [1e+00, 1e+08]
  RHS range        [1e+00, 5e+05]
  QRHS range       [2e-01, 2e-01]
Presolve removed 61899 rows and 41199 columns
Presolve time: 0.15s
Presolved: 915 rows, 891 columns, 20832 nonzeros
Presolved model has 2 SOS constraint(s)
Presolved model has 144 bilinear constraint(s)

Solving non-convex MIQCP

Variable types: 470 continuous, 421 integer (146 binary)
Found heuristic solution: objective 7676243.9661

Root relaxation: objective 5.556523e+06, 147 iterations, 0.01 seconds (0.00 work units)

    Nodes    |    Current Node    |     Objective Bounds      |     Work
 Expl Unexpl |  Obj  Depth IntInf | Incumbent    BestBd   Gap | It/Node Time

     0     0 5556523.18    0  128 7676243.97 5556523.18  27.6%     -    0s
H    0     0                    7572536.0772 5556523.18  26.6%     -    0s
     0     0 5652199.49    0  132 7572536.08 5652199.49  25.4%     -    0s
H    0     0                    6664719.0396 5652211.21  15.2%     -    0s
     0     0 5670142.76    0  134 6664719.04 5670142.76  14.9%     -    0s
H    0     0                    6612766.8078 5670147.59  14.3%     -    0s
     0     0 5670383.56    0  134 6612766.81 5670383.56  14.3%     -    0s
     0     0 5672530.31    0  135 6612766.81 5672530.31  14.2%     -    0s
     0     0 5673062.75    0  135 6612766.81 5673062.75  14.2%     -    0s
H    0     0                    6583688.1038 5673067.59  13.8%     -    0s
     0     0 5673139.61    0  135 6583688.10 5673139.61  13.8%     -    0s
     0     0 5673327.69    0  135 6583688.10 5673327.69  13.8%     -    0s
     0     2 5673330.49    0  135 6583688.10 5673330.49  13.8%     -    0s
H  488   529                    6544185.1735 5674162.76  13.3%   3.5    1s
H 1556  1576                    6470527.9009 5674162.76  12.3%   2.5    3s
H 1724  1743                    6470520.4185 5674162.76  12.3%   2.4    4s
H 1994  2062                    6446365.5308 5674162.76  12.0%   2.3    4s
  2164  2256 5724717.87  895  113 6446365.53 5674162.76  12.0%   2.3    5s
H 2914  2987                    6389590.2713 5674162.76  11.2%   2.3    6s
H 2986  3073                    6348725.8060 5674162.76  10.6%   2.3    6s
H 3434  3492                    6348705.2547 5674162.76  10.6%   2.3    7s
H 3697  3511                    6348468.6231 5691302.27  10.4%   2.3    9s
  3702  3514 5710161.31  495   49 6348468.62 5692639.89  10.3%   2.3   10s
H 4985  4219                    6278238.3772 5728860.13  8.75%   3.7   14s
  5294  4475 5776260.06  434  107 6278238.38 5728860.13  8.75%   4.0   15s
  7958  6335 5819520.23  987  112 6278238.38 5728860.13  8.75%   6.5   20s
H 7976  6161                    6242698.6156 5728860.13  8.23%   6.6   20s
H 9421  6985                    6242276.2697 5728860.13  8.22%   7.6   23s
 10411  7682 5806702.70 1453  111 6242276.27 5728860.13  8.22%   8.1   25s
H11644  8339                    6241767.4599 5728860.13  8.22%   8.6   28s
H12461  9017                    6241372.3441 5728860.13  8.21%   8.5   30s
H13099  9495                    6235888.7918 5728860.13  8.13%   8.5   31s
H13487  9884                    6233435.8712 5728860.13  8.09%   8.5   32s
H13875 10267                    6229352.6608 5728860.13  8.03%   8.6   33s
H14554 11007                    6227406.2477 5728860.13  8.01%   8.7   34s
 14724 11201 5823166.55 2207   89 6227406.25 5728860.13  8.01%   8.7   35s
H14748 11201                    6227290.6057 5728860.13  8.00%   8.7   35s
H14935 11272                    6202174.2617 5728860.13  7.63%   8.7   36s
H15319 11673                    6202168.8657 5728860.13  7.63%   8.9   37s
H16190 12588                    6201185.8300 5728860.13  7.62%   9.1   39s
 16305 12864 5879995.47 2456  104 6201185.83 5728860.13  7.62%   9.1   40s
H17853 14289                    6200736.7786 5728956.66  7.61%   9.1   42s
 18909 15358 5803846.00  567  104 6200736.78 5728956.66  7.61%   9.3   45s
 21365 17939 5975723.90 1185  114 6200736.78 5728956.66  7.61%   9.4   50s
H23676 19963                    6200730.9618 5728956.66  7.61%   9.5   54s
 23923 20461 5935715.63 1842  107 6200730.96 5728956.66  7.61%   9.5   55s
H24341 20696                    6200352.4061 5728956.66  7.60%   9.5   55s
 26475 22760 6025822.02 2454  110 6200352.41 5728956.66  7.60%   9.6   61s
 28020 24633 5879269.24  504   96 6200352.41 5728963.30  7.60%   9.5   65s
 31259 27810 5912059.64 1352   97 6200352.41 5728963.30  7.60%   9.7   70s
 34119 30698 5931594.46 2004   96 6200352.41 5728963.30  7.60%   9.9   75s
 37161 33580 5778522.86  138  116 6200352.41 5729034.45  7.60%   9.9   80s
 39751 36276 5920561.90  856   95 6200352.41 5729034.45  7.60%   9.9   85s
 42188 38684 5946943.93 1600   98 6200352.41 5729034.45  7.60%   9.9   90s
 44502 41011 5966736.96 2285   99 6200352.41 5729034.45  7.60%  10.1   95s
 47596 44246 5898316.01  597  111 6200352.41 5729098.81  7.60%   9.8  100s
 51990 48459 6015517.82 2456  105 6200352.41 5729098.81  7.60%   9.2  105s
 55985 52616 5968901.47 1460   99 6200352.41 5729122.71  7.60%   8.7  110s
 59488 56077 5764034.97  145  123 6200352.41 5729132.27  7.60%   8.5  115s
 63849 60416 5972956.37 2142   94 6200352.41 5729132.27  7.60%   8.0  120s
 68015 64590 5980617.04 1391   97 6200352.41 5729157.12  7.60%   7.8  125s
 71879 68273 5817919.08  731  101 6200352.41 5729222.16  7.60%   7.6  130s
 75472 71994 6107374.53 2456  101 6200352.41 5729260.45  7.60%   7.4  135s
 79256 75798 5978452.28 2284   94 6200352.41 5729260.45  7.60%   7.3  140s
 82211 78284 6168449.64  432   90 6200352.41 5729261.75  7.60%   7.3  145s
 84595 80079     cutoff  530      6200352.41 5729261.75  7.60%   7.3  150s
 88181 83606 6050183.52 1269   92 6200352.41 5729340.38  7.60%   7.1  157s
 90044 85225 6110854.12 2456   99 6200352.41 5729340.38  7.60%   7.0  160s
 93368 88123 6087859.90 2025   94 6200352.41 5729509.34  7.59%   6.9  165s
 96757 90889 6119686.69 2140   93 6200352.41 5729652.33  7.59%   6.9  170s
 99386 92993 5898528.98 1609  108 6200352.41 5729654.53  7.59%   6.9  175s
 101948 94931 5830313.58  666  105 6200352.41 5729677.84  7.59%   6.9  180s
 105024 97328 5870326.04  186  119 6200352.41 5729682.67  7.59%   6.9  185s
 107450 99287 6026333.22 1671   94 6200352.41 5729693.54  7.59%   6.9  190s
 109695 100830 5796608.82  222  111 6200352.41 5729814.47  7.59%   6.9  195s
 111458 101992 5920873.78  788  108 6200352.41 5729814.47  7.59%   7.0  200s
 113451 103411 5927177.33 1495   98 6200352.41 5729814.47  7.59%   7.1  205s
 115388 104856 5940822.97 2193   95 6200352.41 5729814.47  7.59%   7.3  210s
 117473 106343 5862087.78  324  117 6200352.41 5729844.88  7.59%   7.3  215s
 118310 107020 6021289.02  927   93 6200352.41 5729844.88  7.59%   7.3  220s
 121258 109220 5933125.16  194  107 6200352.41 5729849.96  7.59%   7.3  225s
 122751 109238     cutoff  455      6200352.41 5729849.96  7.59%   7.5  230s
 124161 109240     cutoff  601      6200352.41 5729849.96  7.59%   7.6  235s
 125493 109245     cutoff  721      6200352.41 5729849.96  7.59%   7.7  240s
 126769 109247     cutoff  827      6200352.41 5729849.96  7.59%   7.9  245s
 128043 109515 5738818.29   70  129 6200352.41 5729853.16  7.59%   8.0  250s
 130770 111586 5898977.58 1748   95 6200352.41 5729855.77  7.59%   8.0  255s
 132744 112974 6187826.27  198  107 6200352.41 5729857.71  7.59%   8.0  260s
 134808 114653 6088613.79 1640   93 6200352.41 5729857.71  7.59%   8.0  265s
 136816 115950 5838673.83  222  117 6200352.41 5729869.19  7.59%   8.0  270s
 139964 118401 6181399.54 2455  104 6200352.41 5729869.19  7.59%   7.9  275s
H141818 119745                    6193247.2374 5729871.39  7.48%   7.9  279s
 142427 120516 5920593.78 1291   93 6193247.24 5729871.39  7.48%   7.9  280s
H144825 122446                    6192231.1376 5729871.39  7.47%   7.8  284s
 145181 123145 6099229.54 2455   94 6192231.14 5730026.97  7.46%   7.8  285s
 149106 127008 5925348.53 1420  108 6192231.14 5730026.97  7.46%   7.7  290s
 152072 129442 5861017.80  299  114 6192231.14 5730042.95  7.46%   7.6  295s
 153962 130757 5943707.26  930  111 6192231.14 5730042.95  7.46%   7.7  300s
H154607 131416                    6191468.3160 5730042.95  7.45%   7.7  301s
 156942 133866 5914937.66 1408   99 6191468.32 5730042.95  7.45%   7.7  305s
 159978 136839 5999464.15 2114  111 6191468.32 5730042.95  7.45%   7.7  310s
 163633 140297 5844499.49  168  116 6191468.32 5730241.15  7.45%   7.7  315s
 167341 143742 6173252.70 2437  106 6191468.32 5730367.51  7.45%   7.6  320s
 170252 146787 5968063.48  811  100 6191468.32 5730370.59  7.45%   7.5  325s
 174378 150872 6058823.42 2456  107 6191468.32 5730370.59  7.45%   7.4  330s
 178237 154613 5922380.06  189  114 6191468.32 5730581.92  7.44%   7.3  335s
 181839 158244 5875930.37  383  109 6191468.32 5730709.14  7.44%   7.2  340s
 185293 161587 5894088.07 1013   97 6191468.32 5730709.14  7.44%   7.1  345s
 188160 164522 5900980.88 1560   97 6191468.32 5730709.14  7.44%   7.1  350s
 189667 166030 5907492.43 1843  102 6191468.32 5730709.14  7.44%   7.1  355s
 192689 169021     cutoff  198      6191468.32 5730858.06  7.44%   7.1  360s
 196554 172831 6068554.22 1941   93 6191468.32 5730858.06  7.44%   7.0  365s
 199841 175845 6051575.53 1155   93 6191468.32 5730950.39  7.44%   6.9  370s
 204145 180138 5817215.26  155  118 6191468.32 5731025.54  7.44%   6.8  375s
 207936 183892 6028190.38 2456  100 6191468.32 5731025.54  7.44%   6.7  380s
 212113 188045 6008833.62 1234   95 6191468.32 5731201.56  7.43%   6.6  385s
 215552 191413 5939444.79  501  100 6191468.32 5731235.27  7.43%   6.6  390s
 219198 194958     cutoff 2456      6191468.32 5731235.27  7.43%   6.6  395s
 221950 197705 5895517.11  620  100 6191468.32 5731382.22  7.43%   6.6  400s
 225217 200971 5974531.33 2435   94 6191468.32 5731382.22  7.43%   6.5  405s
 229265 204909 6063911.77 2222   93 6191468.32 5731452.71  7.43%   6.5  410s
 232338 207874 5892864.33  502  101 6191468.32 5731533.76  7.43%   6.4  415s
 236934 212261     cutoff  181      6191468.32 5731571.74  7.43%   6.3  420s
 240248 215057 6169859.14  615   92 6191468.32 5731575.35  7.43%   6.3  425s
 243047 216853 6171035.92  986   92 6191468.32 5731575.35  7.43%   6.4  430s
 244726 217647     cutoff 1264      6191468.32 5731575.35  7.43%   6.4  435s
 247130 219907 5933206.65  693   98 6191468.32 5731655.66  7.43%   6.4  440s
 250583 223240 5770537.83  102  118 6191468.32 5731667.88  7.43%   6.4  445s
 254719 227300 6134386.26 2470  107 6191468.32 5731667.88  7.43%   6.3  450s
 258301 230849 5919250.36  883   97 6191468.32 5731858.65  7.42%   6.3  455s
 262601 235005 6080919.61 2473  100 6191468.32 5731866.54  7.42%   6.2  460s
 265757 238014 5906231.89  206  117 6191468.32 5731946.29  7.42%   6.2  465s
 269208 241319 5799916.48  100  125 6191468.32 5732013.18  7.42%   6.1  470s
 272382 244564 5982366.68 1545   91 6191468.32 5732013.18  7.42%   6.1  475s
 276181 248245 5815683.02  393  113 6191468.32 5732062.76  7.42%   6.0  480s
 280022 251967 6117802.15 2464  104 6191468.32 5732062.76  7.42%   6.0  485s
H282960 254857                    6191460.8458 5732145.89  7.42%   5.9  490s
H284180 255592                    6172090.8066 5732145.89  7.13%   5.9  492s
 286595 258145 5953815.84 2293   98 6172090.81 5732145.89  7.13%   5.9  495s
H288951 260176                    6171930.0095 5732200.96  7.12%   5.9  498s
 289603 260765 5907468.00  567  106 6171930.01 5732200.96  7.12%   5.9  500s
 292778 264161 6071384.34 2440   91 6171930.01 5732200.96  7.12%   5.8  505s
 295783 266842 5829376.33  341  116 6171930.01 5732264.04  7.12%   5.8  510s
 298820 269911 5960593.70 2193   93 6171930.01 5732264.04  7.12%   5.8  515s
 301307 272354 5855601.90  138  111 6171930.01 5732356.82  7.12%   5.9  520s
 304469 275620 6064181.18 1730   91 6171930.01 5732391.15  7.12%   5.9  525s
 307792 278771 5934871.20  435   98 6171930.01 5732414.17  7.12%   5.8  530s
 311632 282689 5927469.01  553  106 6171930.01 5732443.41  7.12%   5.8  535s
 315967 286680 5857634.39  168  115 6171930.01 5732557.47  7.12%   5.8  540s
 319396 289845 5810289.20  104  121 6171930.01 5732603.28  7.12%   5.7  545s
 322976 293350 5975813.36  775   92 6171930.01 5732603.28  7.12%   5.7  550s
 325962 296408 5992424.26 1290  106 6171930.01 5732603.28  7.12%   5.7  555s
 329265 299621 6036035.31 1996  103 6171930.01 5732603.28  7.12%   5.7  560s
 331359 301688 6036437.81 2293   88 6171930.01 5732603.28  7.12%   5.7  565s
 333992 304374 5764717.13  138  117 6171930.01 5732726.04  7.12%   5.7  570s
 337783 307914 6136086.12  233  104 6171930.01 5732751.98  7.12%   5.7  575s
 340634 310615 5763997.27  110  119 6171930.01 5732780.49  7.12%   5.7  580s
 344462 314541 6089702.02 2272   91 6171930.01 5732780.49  7.12%   5.6  585s
 348581 318331 5926622.25 1424   96 6171930.01 5732850.04  7.11%   5.6  590s
 351808 321454 5740483.54   66  130 6171930.01 5732892.32  7.11%   5.6  595s
 355039 324645 5954374.11 1193   98 6171930.01 5732895.05  7.11%   5.6  600s
 358753 328197 5775216.62  141  116 6171930.01 5732933.41  7.11%   5.6  605s
 362453 331730 6093859.94 2460   91 6171930.01 5732933.41  7.11%   5.6  610s
 365496 334822 5853404.59 1119  100 6171930.01 5733052.30  7.11%   5.5  615s
 369071 338252 5981254.63 2467  102 6171930.01 5733052.30  7.11%   5.5  620s
 372058 341349 5863212.82 1425  105 6171930.01 5733067.50  7.11%   5.5  625s
 374327 343486 6040342.50 2469  102 6171930.01 5733067.50  7.11%   5.5  630s
 377999 346895 5812795.78  440  103 6171930.01 5733169.75  7.11%   5.5  635s
 381316 350183 5831618.78 2054   92 6171930.01 5733169.75  7.11%   5.4  640s
 384621 353439 5896481.91  345  109 6171930.01 5733191.29  7.11%   5.4  645s
 388087 356808 6140386.78  266   93 6171930.01 5733219.78  7.11%   5.4  650s
 391843 360619 6080809.29 1809   93 6171930.01 5733219.78  7.11%   5.4  655s
 395365 363904 5795299.42  369  110 6171930.01 5733246.70  7.11%   5.3  660s
 398856 367272 5977783.53 2312   95 6171930.01 5733246.70  7.11%   5.3  665s
 402192 370607 5905865.32  318  112 6171930.01 5733293.53  7.11%   5.3  670s
 405402 373609 5928559.65 1028  101 6171930.01 5733293.53  7.11%   5.3  675s
 408525 376593 6010538.14 1796  106 6171930.01 5733293.53  7.11%   5.3  680s
 411921 379646 6070876.28 2464  103 6171930.01 5733293.53  7.11%   5.3  686s
 413590 381671 6035372.03  468  101 6171930.01 5733322.56  7.11%   5.3  690s
 417737 385542     cutoff 2491      6171930.01 5733322.56  7.11%   5.3  695s
 420810 388506 5964995.06 1374   96 6171930.01 5733343.03  7.11%   5.3  700s
 424098 391667 5819423.37  329  110 6171930.01 5733414.38  7.10%   5.2  705s
 428238 395692 6025078.16 2465   91 6171930.01 5733414.38  7.10%   5.2  710s
 431512 398938 5919164.87 1428   97 6171930.01 5733435.86  7.10%   5.2  715s
 435765 403026 5896541.19 1545   99 6171930.01 5733462.50  7.10%   5.2  720s
 439000 406299 5821882.39  531  105 6171930.01 5733500.04  7.10%   5.2  725s
 442442 409673 5871872.00 1670  107 6171930.01 5733500.04  7.10%   5.2  730s
 445696 412865 5764991.54  112  116 6171930.01 5733532.22  7.10%   5.1  735s
 450721 417780 6093142.62 2471  100 6171930.01 5733546.21  7.10%   5.1  740s
H450984 417949                    6171795.5799 5733546.21  7.10%   5.1  740s
 454922 421812 6131121.44 2287   91 6171795.58 5733564.95  7.10%   5.1  745s
 458244 424792 5812190.07  663   95 6171795.58 5733614.86  7.10%   5.1  750s
 460762 427662 6000998.61 2210   93 6171795.58 5733614.86  7.10%   5.1  755s
 463904 430650     cutoff  185      6171795.58 5733647.90  7.10%   5.1  760s
 467977 434557 5825030.56  326  111 6171795.58 5733648.24  7.10%   5.0  765s
 472248 438721 5928768.83 2138   98 6171795.58 5733648.24  7.10%   5.0  770s
 475281 441759 6163210.64  792  106 6171795.58 5733743.23  7.10%   5.0  775s
 479650 445960 6064385.03 1239   91 6171795.58 5733804.94  7.10%   5.0  780s
 483717 449983 5782463.08  165  114 6171795.58 5733820.53  7.10%   4.9  785s
 486532 452639 5904774.48  728   98 6171795.58 5733820.53  7.10%   5.0  790s
 489886 455900 5935540.33 1472   98 6171795.58 5733820.53  7.10%   5.0  795s
 492356 458280 5977318.31 1980   94 6171795.58 5733820.53  7.10%   5.0  800s
 494714 460638 6016436.45 2301  107 6171795.58 5733820.53  7.10%   5.0  805s
 497661 463596 5792638.53  233  112 6171795.58 5733877.78  7.10%   5.0  810s
 502164 467993 5995875.52 2338   90 6171795.58 5733877.78  7.10%   5.0  815s
 504875 470382 5844783.62 1014   96 6171795.58 5733909.54  7.09%   5.0  820s
 508384 473856 6060131.62 2466   97 6171795.58 5733925.18  7.09%   4.9  825s
 510636 476070 5893414.95 1076   97 6171795.58 5733925.18  7.09%   4.9  830s
 513554 478927 6013352.64  246  102 6171795.58 5733940.39  7.09%   4.9  835s
 517465 482802 6077720.54 1629   91 6171795.58 5733949.75  7.09%   4.9  840s
 520760 485924 6029825.03  759   96 6171795.58 5733966.29  7.09%   4.9  845s
 524391 489480 5878404.05  584  105 6171795.58 5734035.84  7.09%   4.9  850s
 527661 492769 5997536.79 2409   93 6171795.58 5734035.84  7.09%   4.9  855s
 530311 495271     cutoff  340      6171795.58 5734056.50  7.09%   4.9  860s
 533123 497989 5826478.64  581  104 6171795.58 5734092.45  7.09%   4.9  865s
 537225 501917 5928760.87 2423  100 6171795.58 5734092.45  7.09%   4.9  870s
 539195 503901 5824558.41  205  116 6171795.58 5734104.74  7.09%   4.9  875s
 542992 507613 6127195.84 2438   94 6171795.58 5734126.72  7.09%   4.9  880s
 546548 511266 5968181.13 1755   94 6171795.58 5734126.72  7.09%   4.9  885s
 549560 513852     cutoff  313      6171795.58 5734159.94  7.09%   4.9  890s
 551679 515521 6151062.12  483   90 6171795.58 5734159.94  7.09%   4.9  895s
 554205 517393 6151454.52  639   89 6171795.58 5734159.94  7.09%   4.9  900s
 556697 519254     cutoff  797      6171795.58 5734159.94  7.09%   4.9  905s
 558781 520808 6152513.71  930   89 6171795.58 5734159.94  7.09%   4.9  910s
 561734 523712 5884425.20  966   96 6171795.58 5734221.00  7.09%   4.9  915s
 565338 527252 6048841.27 2468  105 6171795.58 5734221.00  7.09%   4.9  920s
 568211 529845 5750324.25   81  126 6171795.58 5734258.43  7.09%   4.9  925s
 572111 533845 6032154.33 2197   91 6171795.58 5734258.43  7.09%   4.9  930s
H573186 534653                    6171795.5721 5734258.43  7.09%   4.9  932s
 574827 536286 5880350.74  372  101 6171795.57 5734262.57  7.09%   4.9  935s
 578174 539677 5957711.87 1009  103 6171795.57 5734262.57  7.09%   4.9  940s
 581058 542440 5982547.64 1554  105 6171795.57 5734262.57  7.09%   4.9  945s
 583879 545221 6037991.11 2017   95 6171795.57 5734262.57  7.09%   4.9  950s
 586029 547374 6041954.72 2274   90 6171795.57 5734262.57  7.09%   4.9  955s
 588160 549387 6085560.76 2468   98 6171795.57 5734262.57  7.09%   4.9  960s
 590705 551805 5894873.35  260  111 6171795.57 5734391.94  7.09%   4.9  965s
 593242 554338 6120343.55 1553   91 6171795.57 5734391.94  7.09%   4.9  970s
 596751 557580 5863677.21 1203   95 6171795.57 5734416.72  7.09%   4.9  975s
 599460 560290 5950751.71 2464  109 6171795.57 5734416.72  7.09%   4.9  980s
 603139 564046 6103928.04 2117  101 6171795.57 5734416.72  7.09%   4.9  985s
 606457 567288 5863224.26 1292   94 6171795.57 5734420.18  7.09%   4.9  990s
H607948 568735                    6171781.5973 5734420.18  7.09%   4.9  992s
 609182 569896 5980735.92 2468  108 6171781.60 5734420.18  7.09%   4.9  995s
 613097 573862 6069737.56 2178   94 6171781.60 5734437.29  7.09%   4.9 1000s
 616448 577143 6015315.67  874   95 6171781.60 5734458.54  7.09%   4.8 1005s
 620243 580762 6158998.45 2468   98 6171781.60 5734499.96  7.09%   4.8 1010s
 623850 584331 6040235.63 1270   97 6171781.60 5734507.08  7.09%   4.8 1015s
H626122 586445                    6171689.3169 5734507.08  7.08%   4.8 1018s
H626532 586914                    6171689.0836 5734507.08  7.08%   4.8 1018s
 627470 587835     cutoff 2473      6171689.08 5734520.36  7.08%   4.8 1020s
 630607 590723 5900309.01  564   97 6171689.08 5734531.75  7.08%   4.8 1025s
 632292 592531 5913800.14 1009   93 6171689.08 5734531.75  7.08%   4.8 1030s
 635185 595340 5978645.74 1812  106 6171689.08 5734531.75  7.08%   4.9 1035s
 638076 598346 6037132.53 2482   97 6171689.08 5734531.75  7.08%   4.9 1040s
 640717 601122 5916540.60 1383   98 6171689.08 5734541.45  7.08%   4.9 1045s
 644122 604461 5792218.46  171  113 6171689.08 5734552.03  7.08%   4.9 1050s
 647529 607855 5885150.41 1687   95 6171689.08 5734552.03  7.08%   4.9 1055s
 651399 611457 5816323.87  163  118 6171689.08 5734576.50  7.08%   4.9 1060s
 654267 614015 6017811.56  241  102 6171689.08 5734585.39  7.08%   4.9 1065s
 657605 617327 5848819.28 1419   92 6171689.08 5734611.25  7.08%   4.8 1070s
 661060 620728 5864838.94  195  114 6171689.08 5734611.25  7.08%   4.8 1075s
 664664 624340 6029677.20 1762   97 6171689.08 5734625.65  7.08%   4.8 1080s
 667993 627458 5866596.12  836  105 6171689.08 5734628.62  7.08%   4.8 1085s
 672203 631693 5740736.55   63  127 6171689.08 5734632.89  7.08%   4.8 1090s
 675762 635225 5881873.01 1419   97 6171689.08 5734641.31  7.08%   4.8 1095s
 679338 638387 6019296.59 2483  106 6171689.08 5734641.31  7.08%   4.8 1101s
 681675 641031 5958959.11 1221  100 6171689.08 5734644.10  7.08%   4.8 1105s
 685242 644286 5888070.30  630   94 6171689.08 5734645.82  7.08%   4.8 1110s
 688774 647726 6099410.38 2510  102 6171689.08 5734645.82  7.08%   4.7 1115s
 692212 651146 5984073.20  783   93 6171689.08 5734670.98  7.08%   4.7 1120s
 696594 655299 5875171.77  278  117 6171689.08 5734684.48  7.08%   4.7 1125s
 700830 659349 6115061.47 2483  101 6171689.08 5734684.48  7.08%   4.7 1130s
 704327 662860 5996594.01 1208   96 6171689.08 5734692.73  7.08%   4.7 1135s
 707791 666238 6070606.82 2491  101 6171689.08 5734692.73  7.08%   4.7 1140s
 711314 669463 5798397.93   85  127 6171689.08 5734710.79  7.08%   4.7 1145s
 714737 673034 5892128.31  572  106 6171689.08 5734711.36  7.08%   4.7 1150s
 717526 675688 5944280.13 1099  111 6171689.08 5734711.36  7.08%   4.7 1155s
 720427 678480 5964727.62 1577  111 6171689.08 5734711.36  7.08%   4.7 1160s
 721864 680042 5968295.40 1798   98 6171689.08 5734711.36  7.08%   4.7 1165s
 724841 682919 5959683.80 2286   91 6171689.08 5734711.36  7.08%   4.8 1170s
 727373 685497 5799225.88  236  116 6171689.08 5734742.44  7.08%   4.8 1175s
 731086 689188 6084029.27  778   96 6171689.08 5734753.96  7.08%   4.7 1180s
 734321 692166 5857711.68  446   99 6171689.08 5734767.61  7.08%   4.7 1185s
 737953 695850 5909370.04 1995   93 6171689.08 5734767.61  7.08%   4.7 1190s
 741197 698764 6077296.25  947   93 6171689.08 5734787.03  7.08%   4.7 1195s
 744218 701617 5813255.98  651  100 6171689.08 5734874.42  7.08%   4.7 1200s
 746684 704095 5984415.52 2459  106 6171689.08 5734874.42  7.08%   4.7 1205s
 748837 706269 6008219.86  972   93 6171689.08 5734879.78  7.08%   4.8 1210s
 751134 708532 5773901.93  168  116 6171689.08 5734932.56  7.08%   4.8 1215s
 753663 711086 5894608.74 1931  102 6171689.08 5734932.56  7.08%   4.8 1220s
 756473 713918 5836366.52  427  114 6171689.08 5734956.31  7.08%   4.8 1225s
 760309 717770 6064266.59 2476   99 6171689.08 5734956.31  7.08%   4.8 1230s
 763011 720105 5837181.44  494  112 6171689.08 5734981.81  7.08%   4.8 1236s
 765555 722883 5992458.29 1578   98 6171689.08 5734981.81  7.08%   4.8 1240s
 768763 725957 5755649.84  115  120 6171689.08 5735044.12  7.07%   4.8 1245s
 772966 730115 6042013.73 2188   91 6171689.08 5735044.12  7.07%   4.8 1250s
 776041 732969 5805213.79  202  121 6171689.08 5735074.13  7.07%   4.7 1255s
 778906 735821 infeasible 2228      6171689.08 5735075.66  7.07%   4.7 1260s
 781926 738868 5961257.33 1620   98 6171689.08 5735078.84  7.07%   4.7 1265s
 784727 741533 5743393.44   93  123 6171689.08 5735124.57  7.07%   4.8 1270s
 787022 743873 6015056.70 1060   95 6171689.08 5735131.94  7.07%   4.8 1275s
 790386 747308 5786604.87  122  120 6171689.08 5735147.48  7.07%   4.8 1280s
 794546 751304 6119318.99 2141   91 6171689.08 5735149.84  7.07%   4.8 1285s
 798220 755002 6059597.61 1757   91 6171689.08 5735196.18  7.07%   4.8 1290s
 801642 758126 5861214.32  705   98 6171689.08 5735208.95  7.07%   4.7 1295s
 804474 760931 5894413.00 1800   94 6171689.08 5735208.95  7.07%   4.7 1300s
 807073 763409 5785313.87  313  109 6171689.08 5735243.19  7.07%   4.7 1305s
 810980 767385 6073995.64 2286   91 6171689.08 5735243.19  7.07%   4.7 1310s
 814096 770161 6019989.10  619   97 6171689.08 5735258.95  7.07%   4.7 1315s
 817511 773372 6143578.03 2471   99 6171689.08 5735258.95  7.07%   4.7 1320s
 821043 776968 5988576.28 1234   97 6171689.08 5735277.85  7.07%   4.7 1325s
 824842 780288 6151354.82  389   90 6171689.08 5735312.46  7.07%   4.7 1330s
 827836 783214 5848522.50  520  111 6171689.08 5735330.31  7.07%   4.7 1335s
 831456 786950 5940277.52 1229  107 6171689.08 5735330.31  7.07%   4.7 1340s
 834756 790008 5982348.06 1752   94 6171689.08 5735330.31  7.07%   4.7 1345s
 837296 792551 5988006.48 2188   91 6171689.08 5735330.31  7.07%   4.7 1350s
 839532 794322 6004393.41  129  114 6171689.08 5735387.79  7.07%   4.7 1355s
 840958 795680 5830520.28  127  119 6171689.08 5735437.30  7.07%   4.7 1360s
 844015 798754 5922729.98 1068  101 6171689.08 5735448.81  7.07%   4.7 1365s
 847434 802056 6072561.13 2464  105 6171689.08 5735448.81  7.07%   4.7 1370s
 850936 805657 6003709.11 1470   92 6171689.08 5735453.99  7.07%   4.7 1375s
 854424 808883 5770511.78  218  113 6171689.08 5735463.92  7.07%   4.7 1380s
 857989 812571 6134469.41 2062   91 6171689.08 5735463.92  7.07%   4.7 1385s
 861301 815741 5972154.22 1025   94 6171689.08 5735497.96  7.07%   4.7 1390s
 865209 819333 5875585.04  317  111 6171689.08 5735515.88  7.07%   4.7 1395s
 868667 822772     cutoff 2471      6171689.08 5735515.88  7.07%   4.7 1400s
 872405 826368 6065433.12 1280   91 6171689.08 5735528.86  7.07%   4.7 1405s
 875813 829555 5902507.46  515  108 6171689.08 5735563.58  7.07%   4.7 1410s
 879849 833292 6076049.41 2477   98 6171689.08 5735563.58  7.07%   4.6 1415s
 882357 835901 5890396.72 1022   97 6171689.08 5735570.95  7.07%   4.7 1420s
 884405 837961 6098397.85 2258   92 6171689.08 5735570.95  7.07%   4.7 1425s
 886898 840277 5805591.33  658  102 6171689.08 5735578.28  7.07%   4.7 1430s
 890265 843537 6129584.00 2467  104 6171689.08 5735580.10  7.07%   4.7 1435s
 893809 847252 6076117.34 1482   98 6171689.08 5735589.50  7.07%   4.7 1440s
 897462 850564     cutoff  132      6171689.08 5735604.72  7.07%   4.6 1445s
 900349 853224 5843432.66  668  100 6171689.08 5735613.12  7.07%   4.6 1450s
 904217 857166 5974053.88 2468  102 6171689.08 5735613.12  7.07%   4.6 1455s
 907478 860348 5984324.61  983   95 6171689.08 5735622.33  7.07%   4.6 1460s
 911076 863800 5761636.67   94  122 6171689.08 5735644.66  7.07%   4.6 1465s
 913999 866462 5783649.94  243  112 6171689.08 5735654.64  7.07%   4.6 1470s
 917174 869530 5830115.01  733  101 6171689.08 5735654.64  7.07%   4.6 1475s
 919927 872038 5903677.65 1470   95 6171689.08 5735654.64  7.07%   4.6 1480s
 923362 875163 5936649.59 2207   93 6171689.08 5735654.64  7.07%   4.6 1487s
 924353 876264 5955534.20 2412   91 6171689.08 5735654.64  7.07%   4.6 1490s
 927677 879750 5826552.71  613  101 6171689.08 5735706.25  7.06%   4.6 1495s
 931138 883026 6029428.42 2461   93 6171689.08 5735706.25  7.06%   4.6 1500s
 934937 886794 5984751.58 1254   95 6171689.08 5735715.09  7.06%   4.6 1505s
 938665 890520 6130213.33  132  105 6171689.08 5735719.45  7.06%   4.6 1510s
 942388 894165 6084530.84 1944  100 6171689.08 5735719.45  7.06%   4.6 1515s
 945288 896792     cutoff 1427      6171689.08 5735725.50  7.06%   4.6 1520s
 948454 900049 6041682.46 1726   93 6171689.08 5735731.57  7.06%   4.6 1525s
 950956 902425 5914695.86  267  107 6171689.08 5735741.41  7.06%   4.6 1530s
 954359 905847 5952341.41 1989   92 6171689.08 5735741.41  7.06%   4.6 1535s
 957258 908726 5921886.32  486   95 6171689.08 5735765.63  7.06%   4.6 1540s
 961500 912819 5816885.36  110  126 6171689.08 5735774.42  7.06%   4.6 1545s
 964883 916202 6063920.85 1263   91 6171689.08 5735803.10  7.06%   4.6 1550s

Gurobi 11.0.3 (linux64, Java) logging started qui 18 dez 2025 11:44:39 -03

Set parameter WLSAccessID
Set parameter WLSSecret
Set parameter LicenseID to value 2566693
Academic license 2566693 - for non-commercial use only - registered to ja___@ufv.br
Set parameter NonConvex to value 2
Set parameter TimeLimit to value 3600
Set parameter LogToConsole to value 0
Set parameter MIPGap to value 4.7478399160473358e-08
Set parameter Threads to value 1
Set parameter NodefileDir to value "/home/ps12398/efpe/goalProgrammingMarcos/"
Set parameter NodefileStart to value 0.5
Gurobi Optimizer version 11.0.3 build v11.0.3rc0 (linux64)

CPU model: Intel(R) Xeon(R) CPU           X5650  @ 2.67GHz, instruction set [SSE2]
Thread count: 12 physical cores, 24 logical processors, using up to 1 threads

Academic license 2566693 - for non-commercial use only - registered to ja___@ufv.br
Optimize a model with 62245 rows, 41913 columns and 208202 nonzeros
Model fingerprint: 0xaa1e0188
Model has 149 quadratic constraints
Variable types: 20886 continuous, 21027 integer (144 binary)
Coefficient statistics:
  Matrix range     [7e-03, 6e+06]
  QMatrix range    [7e-03, 1e+05]
  QLMatrix range   [1e+00, 1e+05]
  Objective range  [1e+00, 4e+07]
  Bounds range     [1e+00, 1e+08]
  RHS range        [1e+00, 5e+05]
  QRHS range       [2e-01, 2e-01]
Presolve removed 61899 rows and 41199 columns
Presolve time: 0.17s
Presolved: 915 rows, 891 columns, 20832 nonzeros
Presolved model has 2 SOS constraint(s)
Presolved model has 144 bilinear constraint(s)

Solving non-convex MIQCP

Variable types: 470 continuous, 421 integer (146 binary)
Found heuristic solution: objective 7676243.9661

Root relaxation: objective 5.556523e+06, 147 iterations, 0.01 seconds (0.00 work units)

    Nodes    |    Current Node    |     Objective Bounds      |     Work
 Expl Unexpl |  Obj  Depth IntInf | Incumbent    BestBd   Gap | It/Node Time

     0     0 5556523.18    0  128 7676243.97 5556523.18  27.6%     -    0s
H    0     0                    7572536.0772 5556523.18  26.6%     -    0s
     0     0 5652199.49    0  132 7572536.08 5652199.49  25.4%     -    0s
H    0     0                    6664719.0396 5652211.21  15.2%     -    0s
     0     0 5670142.76    0  134 6664719.04 5670142.76  14.9%     -    0s
H    0     0                    6612766.8078 5670147.59  14.3%     -    0s
     0     0 5670383.56    0  134 6612766.81 5670383.56  14.3%     -    0s
     0     0 5672530.31    0  135 6612766.81 5672530.31  14.2%     -    0s
     0     0 5673062.75    0  135 6612766.81 5673062.75  14.2%     -    0s
H    0     0                    6583688.1038 5673067.59  13.8%     -    0s
     0     0 5673139.61    0  135 6583688.10 5673139.61  13.8%     -    0s
     0     0 5673327.69    0  135 6583688.10 5673327.69  13.8%     -    0s
     0     2 5673335.71    0  135 6583688.10 5673335.71  13.8%     -    0s
H  323   323                    6553057.1662 5673370.05  13.4%   2.4    1s
H  440   440                    6552659.0878 5673370.05  13.4%   2.5    1s
H 1362  1362                    6544829.3166 5673370.05  13.3%   1.7    3s
H 1653  1653                    6543648.3514 5673370.05  13.3%   1.8    3s
H 1944  1944                    6508085.2463 5673370.05  12.8%   2.0    4s
H 2138  2138                    6506198.2271 5673370.05  12.8%   2.1    4s
H 2255  2255                    6500007.1348 5673370.05  12.7%   2.1    4s
  2551  2552 5685407.50  148   34 6500007.13 5673370.05  12.7%   2.1    5s
H 2578  2445                    6490261.5381 5688453.52  12.4%   2.4    6s
H 2591  2333                    6385478.3460 5748152.24  10.0%   2.7    7s
H 2593  2218                    6324991.1853 5751779.12  9.06%   2.7    7s
H 2601  2113                    6316117.3733 5752108.76  8.93%   2.8    7s
H 3399  2539                    6269075.6682 5759551.79  8.13%   4.2    9s
  3655  2712 5810030.45  606  119 6269075.67 5759551.79  8.13%   5.0   10s
H 3787  2698                    6259809.2968 5759551.79  7.99%   5.6   10s
H 3884  2667                    6250316.8724 5759551.79  7.85%   5.8   10s
H 4078  2705                    6242229.0531 5759551.79  7.73%   5.9   10s
  6875  4572 5870790.61 2216  106 6242229.05 5759551.79  7.73%   8.5   15s
H 8540  5929                    6229772.2077 5759556.93  7.55%   8.3   17s
H 9704  7093                    6229405.3726 5759556.93  7.54%   8.2   20s
H10092  7481                    6226911.4688 5759556.93  7.51%   8.1   20s
H11964  9353                    6223433.6431 5759556.93  7.45%   8.2   24s
H12235  9624                    6223044.5575 5759556.93  7.45%   8.2   24s
 12442  9833 5914664.21 2346  102 6223044.56 5759556.93  7.45%   8.2   25s
H12494  9883                    6222994.7345 5759556.93  7.45%   8.2   25s
H12586  9975                    6213344.9413 5759556.93  7.30%   8.2   25s
H13106 10495                    6213344.0333 5759556.93  7.30%   8.0   26s
H14457 11846                    6204978.3433 5759691.61  7.18%   7.8   29s
H14554 11943                    6197618.8832 5759691.61  7.07%   7.7   29s
H14748 12137                    6190241.0963 5759691.61  6.96%   7.7   29s
 14769 12160 5943999.48  852  110 6190241.10 5759691.61  6.96%   7.7   30s
H14845 12234                    6190012.6713 5759691.61  6.95%   7.7   30s
 17679 15070 5956578.10 2307  106 6190012.67 5759691.61  6.95%   7.9   35s
 20356 17747 5944543.62  989  100 6190012.67 5759697.01  6.95%   7.8   40s
 23350 20741 5994634.81 2486   97 6190012.67 5759697.01  6.95%   8.0   45s
H25879 23268                    6178697.1693 5759787.94  6.78%   8.0   50s
H25943 23332                    6178696.3679 5759787.94  6.78%   8.0   50s
 28929 26320 5988454.67 2499  101 6178696.37 5759787.94  6.78%   7.9   55s
 32266 29657 5981851.94 1631   97 6178696.37 5759793.44  6.78%   7.9   60s
 35469 32860 5956326.54  575   98 6178696.37 5759914.08  6.78%   7.9   65s
 37373 34764 5960587.58 1527   96 6178696.37 5759914.08  6.78%   9.0   70s
H38303 35692                    6175663.8825 5759914.08  6.73%   9.6   72s
 39147 36538 5970354.40 2414  106 6175663.88 5759914.08  6.73%  10.1   75s
 41526 38917 5958209.71 1139  101 6175663.88 5759962.25  6.73%  10.1   80s
 44116 41507 5996123.13 2434  105 6175663.88 5759962.25  6.73%  10.3   85s
 47511 44902 5992399.63 2450  102 6175663.88 5759981.66  6.73%   9.9   90s
 51668 49059 5885020.78  304  112 6175663.88 5760100.80  6.73%   9.3   95s
 55059 52450 5914968.63  337  105 6175663.88 5760123.87  6.73%   8.9  100s
 59198 56589 5950289.14 1024   94 6175663.88 5760353.80  6.72%   8.6  105s
 63420 60811 5968207.03 2012   92 6175663.88 5760359.78  6.72%   8.2  110s
 66783 64174 6032024.91 2253   93 6175663.88 5760483.79  6.72%   8.0  115s
 70852 68243 6090655.68  336   94 6175663.88 5760597.74  6.72%   7.7  120s
 74622 71955 5857886.95  489  116 6175663.88 5760707.20  6.72%   7.4  125s
 77229 74562 6002175.16 1792  100 6175663.88 5760707.20  6.72%   7.5  130s
 81086 78419 6077921.98 2038   91 6175663.88 5760711.63  6.72%   7.4  135s
H82551 79850                    6173673.9232 5760802.60  6.69%   7.3  137s
 85096 82382 5989465.01 2354   93 6173673.92 5760807.03  6.69%   7.1  140s
 88610 85856 6093041.41 2505   94 6173673.92 5761138.53  6.68%   6.9  145s
H90214 87280                    6161619.3603 5761540.98  6.49%   6.9  147s
*90217 87283             492    6161619.3465 5761540.98  6.49%   6.9  147s
*90235 87284             495    6161618.5690 5761540.98  6.49%   6.9  147s
*90236 87283             494    6161615.6255 5761540.98  6.49%   6.9  147s
*90241 87285             497    6161606.0908 5761540.98  6.49%   6.9  147s
*90248 87281             494    6161602.8698 5761540.98  6.49%   6.9  147s
 92443 89462 6017187.78 2062   91 6161602.87 5761609.41  6.49%   6.7  150s
 96346 93303 5943658.90 1003   91 6161602.87 5762067.43  6.48%   6.5  155s
 100797 97754 6092821.23 2514  100 6161602.87 5762068.76  6.48%   6.3  160s
H101388 98231                    6161602.7709 5762293.07  6.48%   6.3  162s
 103791 100576 5848558.11  183  119 6161602.77 5762610.94  6.48%   6.2  165s
 106967 103732 5973505.38 1616   91 6161602.77 5762722.28  6.47%   6.3  170s
 109755 106494 5993261.16  336  106 6161602.77 5762774.50  6.47%   6.3  175s
 113424 110019 5940480.19  407  108 6161602.77 5762831.61  6.47%   6.2  180s
 117434 114011 6019033.37 1184   92 6161602.77 5762860.22  6.47%   6.1  185s
 120823 117370 6088365.69 1416   93 6161602.77 5762885.93  6.47%   6.0  190s
 124764 121159 6122444.27 2530   99 6161602.77 5762925.31  6.47%   5.8  195s
 128432 124551 5841825.92  179  120 6161602.77 5763309.13  6.46%   5.7  200s
 132350 128437 5909777.73  430  104 6161602.77 5763325.12  6.46%   5.7  205s
 134623 130710 5981457.73 1566  102 6161602.77 5763325.12  6.46%   5.8  210s
 137489 133576 6033594.88  584   91 6161602.77 5763329.15  6.46%   5.9  215s
 141776 137713 6122594.61 1990   92 6161602.77 5763357.37  6.46%   5.8  220s
 145131 140936 6108931.51 2123   91 6161602.77 5763395.71  6.46%   5.7  225s
 149016 144681 6086731.89 2531   96 6161602.77 5763414.53  6.46%   5.6  230s
 152279 147797 6150794.14  244  106 6161602.77 5763729.35  6.46%   5.5  235s
 156751 152175 5788635.81  132  131 6161602.77 5764811.43  6.44%   5.4  240s
 159473 154853 5942573.48 1380   96 6161602.77 5764849.30  6.44%   5.5  245s
 162747 158127 5937013.78  766  101 6161602.77 5764871.52  6.44%   5.6  250s
 166308 161552 6048249.72  553   94 6161602.77 5765217.38  6.43%   5.5  255s
 169862 164932 5975232.65 1163   95 6161602.77 5765346.20  6.43%   5.5  260s
 173685 168655 6025111.21  785   91 6161602.77 5765386.46  6.43%   5.4  265s
 176367 171219 5946946.96  555  103 6161602.77 5765647.77  6.43%   5.4  270s
 178881 173733 5983897.57 1812  101 6161602.77 5765647.77  6.43%   5.5  275s
 181750 176588     cutoff  995      6161602.77 5765656.66  6.43%   5.6  280s
 185216 180008 5914820.84  211  114 6161602.77 5765788.25  6.42%   5.6  285s
 188263 182795 6012432.57  771   91 6161602.77 5766506.45  6.41%   5.5  290s
 191424 185872 5870060.34  308  112 6161602.77 5766560.20  6.41%   5.5  295s
 194209 188657 5975831.60 1700  107 6161602.77 5766560.20  6.41%   5.6  300s
 197020 191402 5828566.32  146  125 6161602.77 5766688.73  6.41%   5.6  305s
 200430 194652 6024914.54  674   91 6161602.77 5766937.85  6.41%   5.6  310s
 204092 198242 6023127.55  574   92 6161602.77 5766973.81  6.40%   5.6  315s
 207644 201628 6144592.86  358   96 6161602.77 5767093.16  6.40%   5.5  320s
 211227 205131 6071514.40 2571   94 6161602.77 5767183.01  6.40%   5.5  325s
 215312 209150 6125910.64 2116   89 6161602.77 5767347.44  6.40%   5.5  330s
 218112 211772 6007069.34  795   99 6161602.77 5767574.89  6.39%   5.4  335s
 222273 215879 5936059.74  332  106 6161602.77 5768236.48  6.38%   5.4  340s
 226064 219454 5837991.22  264  123 6161602.77 5768907.27  6.37%   5.3  345s
 228496 221886 5956163.46 1480  100 6161602.77 5768907.27  6.37%   5.4  350s
 230679 224069 5965477.58 2572   91 6161602.77 5768907.27  6.37%   5.6  355s
H231834 225073                    6157778.9929 5768909.92  6.32%   5.6  356s
H232028 224918                    6149485.5486 5768909.92  6.19%   5.6  357s
 234062 226954 6101532.22 2572   94 6149485.55 5768909.92  6.19%   5.6  360s
H234382 227213                    6149205.3215 5768909.92  6.18%   5.6  360s
 237210 229869 6113425.58 1347   91 6149205.32 5768933.81  6.18%   5.6  365s
 240473 232956 5929235.38  454  102 6149205.32 5769186.54  6.18%   5.6  370s
 243760 236243 5987586.05  444  101 6149205.32 5769217.52  6.18%   5.6  375s
 247517 239822 6112091.80 1436   90 6149205.32 5769298.59  6.18%   5.5  380s
H248901 241158                    6148264.5081 5769302.15  6.16%   5.5  381s
 250655 242914 5983179.82 1364  102 6148264.51 5769302.15  6.16%   5.6  385s
 252480 244739 5974828.60 2277   90 6148264.51 5769302.15  6.16%   5.6  390s
 256042 248209 5988454.37  678   93 6148264.51 5769324.71  6.16%   5.6  395s
 260303 252430 6056210.32 2581   95 6148264.51 5769374.07  6.16%   5.6  400s
 263523 255540     cutoff  350      6148264.51 5769395.53  6.16%   5.6  405s
 267235 259078 5973391.92  536   93 6148264.51 5769563.64  6.16%   5.5  410s
 271482 263305 6000146.02 2526   90 6148264.51 5769617.73  6.16%   5.5  415s
 274729 266496 5919832.96  637  101 6148264.51 5769626.53  6.16%   5.5  420s
 276953 268720 5958545.93 1749  103 6148264.51 5769626.53  6.16%   5.6  425s
 279532 271275 5905664.55  339  111 6148264.51 5769707.29  6.16%   5.6  430s
 282940 274293 6146899.58  382   90 6148264.51 5770600.84  6.14%   5.6  435s
 286710 277961     cutoff  390      6148264.51 5771591.38  6.13%   5.6  440s
 290257 281476 5960992.76  562   93 6148264.51 5771772.74  6.12%   5.5  445s
 294396 285449 6072871.33 1128   91 6148264.51 5772177.55  6.12%   5.5  450s
H296824 287752                    6148007.4822 5772244.70  6.11%   5.5  453s
 298514 289444 5990547.31 2323   91 6148007.48 5772244.70  6.11%   5.4  455s
 302659 293393 5898516.36  284  113 6148007.48 5772392.72  6.11%   5.4  460s
 306524 296980 5941097.31  371  102 6148007.48 5772443.37  6.11%   5.4  465s
 310878 301264 6042995.13 2573   91 6148007.48 5772503.46  6.11%   5.3  470s
 314205 304227 5955067.88  453   98 6148007.48 5773727.59  6.09%   5.3  475s
 318037 307941 5950940.17  871   98 6148007.48 5773985.97  6.08%   5.3  480s
 320811 310715 5955365.81 2258   97 6148007.48 5773985.97  6.08%   5.4  485s
 324275 314119 6092817.68 2208   92 6148007.48 5773990.50  6.08%   5.4  490s
 328448 318252 5973512.09  818   97 6148007.48 5773998.25  6.08%   5.4  495s
 332257 321743 5832590.96  233  118 6148007.48 5774039.27  6.08%   5.4  500s
 336413 325781 5801127.29  193  123 6148007.48 5774469.45  6.08%   5.4  505s
 340304 329508 6019456.12  694   92 6148007.48 5774475.60  6.08%   5.3  510s
H342606 331281                    6143937.7448 5774492.19  6.01%   5.3  513s
 344437 333098 6096180.06 2018   91 6143937.74 5774534.01  6.01%   5.3  515s
 348384 336851 5974259.19  768  102 6143937.74 5775363.97  6.00%   5.3  520s
 352835 341250 6111218.08 1134   91 6143937.74 5775539.10  6.00%   5.2  525s
 356479 344686 6076999.17 2058   91 6143937.74 5775651.90  5.99%   5.2  530s
 360480 348589 6085447.06 2625   90 6143937.74 5775685.55  5.99%   5.2  535s
 364142 352045 5791513.39  226  124 6143937.74 5775782.22  5.99%   5.2  540s
 370665 358470 6073079.11 2639   92 6143937.74 5775851.71  5.99%   5.1  545s
 376807 364440 6101074.72 2129   92 6143937.74 5775865.59  5.99%   5.1  550s
 382970 370205 6096461.25 1741   93 6143937.74 5775922.81  5.99%   5.1  555s
 387891 375078 5997220.28 2587   89 6143937.74 5775928.48  5.99%   5.1  560s
 393861 380920 5989923.01  285  106 6143937.74 5776003.55  5.99%   5.1  565s
 400066 386921 5901698.39 1207   94 6143937.74 5776043.85  5.99%   5.0  570s
 406469 393132 6103342.71 2328   90 6143937.74 5776085.22  5.99%   5.0  575s
 411187 397728 5965004.74 2186  104 6143937.74 5776094.14  5.99%   5.0  580s
 417666 404135 6024613.84 2632   96 6143937.74 5776117.27  5.99%   5.0  585s
 422840 408853 6037288.99 1643   94 6143937.74 5776151.48  5.99%   5.0  590s
 429224 415127 6018497.17 2501  100 6143937.74 5776164.05  5.99%   5.0  595s
 434962 420779 5943591.04 1334   95 6143937.74 5776176.18  5.99%   5.0  600s
 440118 425713 6017753.51  540   97 6143937.74 5776182.87  5.99%   5.0  605s
 446221 431594 5972420.92 1058   95 6143937.74 5776190.79  5.99%   5.0  610s
H446592 431808                    6142696.8202 5776190.79  5.97%   5.0  610s
H446786 431915                    6142013.5708 5776190.79  5.96%   5.0  610s
 452284 437325 5961239.15  781   99 6142013.57 5776197.97  5.96%   4.9  615s
 458240 442997 5956096.76 1646   89 6142013.57 5776213.96  5.96%   4.9  620s
 463599 448356 5972638.46 2088   95 6142013.57 5776216.36  5.96%   4.9  625s
 469173 453616 6115303.86 1158   91 6142013.57 5776239.43  5.96%   4.9  630s
 475353 459576 5869114.87  147  115 6142013.57 5776250.17  5.96%   4.9  635s
 481801 465908 6009570.38  918   97 6142013.57 5776264.75  5.95%   4.9  640s
 485802 468374     cutoff 1011      6142013.57 5776266.58  5.95%   4.9  645s
 491792 474026 5826328.38  185  123 6142013.57 5776270.85  5.95%   4.9  650s
 496374 478608 5977200.49 2476   91 6142013.57 5776270.85  5.95%   4.9  655s
Created node file directory '/home/ps12398/efpe/goalProgrammingMarcos//grbnodes7'
 501959 484149 6056750.98  422   95 6142013.57 5776272.98  5.95%   4.9  667s
 505394 487226 5820167.53  261  111 6142013.57 5776278.42  5.95%   4.9  670s
 511942 493656 5949464.11 1059  100 6142013.57 5776291.03  5.95%   4.9  675s
 516569 498219 6039600.83 2512   95 6142013.57 5776293.87  5.95%   4.8  686s
 520574 502050 5835370.30  209  114 6142013.57 5776298.74  5.95%   4.8  690s
 525731 507177 6032375.75 2510   93 6142013.57 5776304.16  5.95%   4.8  695s
 529006 510364 6115870.67 2507   95 6142013.57 5776306.94  5.95%   4.8  705s
 535238 516552 6080733.64 2503   95 6142013.57 5776314.00  5.95%   4.8  710s
 540684 521632 5953201.85 1094   98 6142013.57 5776322.40  5.95%   4.8  715s
 540901 521849 6010997.82 1311   94 6142013.57 5776322.40  5.95%   4.8  722s
 543083 523997 5885524.91  336  100 6142013.57 5776325.65  5.95%   4.8  725s
 547429 528261 6002136.94 1397   95 6142013.57 5776329.72  5.95%   4.8  730s
 551754 532442 6062592.57  595   91 6142013.57 5776331.76  5.95%   4.7  735s
 553859 534453 5877779.47  434   95 6142013.57 5776335.12  5.95%   4.7  748s
 555339 535933 6012877.61 1914   91 6142013.57 5776335.12  5.95%   4.7  750s
 559508 540056 6010690.04 2512   98 6142013.57 5776342.48  5.95%   4.7  755s
 563329 543785 5865904.17  397  103 6142013.57 5776345.26  5.95%   4.7  760s
 566239 546481 5864253.75  266  105 6142013.57 5776347.62  5.95%   4.7  774s
 566775 547017 6009242.02  802   94 6142013.57 5776347.62  5.95%   4.7  775s
 569907 548639     cutoff 1355      6142013.57 5776349.21  5.95%   4.7  780s
 573515 551484 5917770.08  179  112 6142013.57 5776353.51  5.95%   4.7  785s
 577299 555184 6137831.38  413   94 6142013.57 5776356.19  5.95%   4.7  790s
 580707 558318 5900952.12  232  108 6142013.57 5776365.99  5.95%   4.6  804s
 581104 558653 5867664.16  305  107 6142013.57 5776366.41  5.95%   4.6  805s
 585510 562955 6076528.19 2520   97 6142013.57 5776368.94  5.95%   4.6  810s
 589497 566820 5881090.51  484   98 6142013.57 5776371.68  5.95%   4.6  815s
 591821 569144 6037916.98 2499   98 6142013.57 5776371.68  5.95%   4.6  827s
 593510 570833 6029797.65 1477   90 6142013.57 5776371.71  5.95%   4.6  830s
 597554 574725 5779173.01  115  127 6142013.57 5776376.59  5.95%   4.6  835s
 601472 578515 5889625.58  464  106 6142013.57 5776379.41  5.95%   4.6  840s
 603918 580961 5942207.06 1687   96 6142013.57 5776379.41  5.95%   4.6  855s
 607490 584533 5998745.96 1515   91 6142013.57 5776379.50  5.95%   4.6  860s
 611366 588353 5967962.81 1952   94 6142013.57 5776382.86  5.95%   4.6  865s
 614939 591790 5930268.46  346  100 6142013.57 5776386.75  5.95%   4.6  870s
 615060 591911 6028850.90  467  101 6142013.57 5776386.75  5.95%   4.6  879s
 615252 592103 6086922.62  659  100 6142013.57 5776386.75  5.95%   4.6  880s
 619129 595800 5916055.23  835   94 6142013.57 5776391.94  5.95%   4.5  885s
 623246 599879     cutoff 1913      6142013.57 5776392.39  5.95%   4.5  890s
 627158 603685 5869342.15  428  113 6142013.57 5776395.90  5.95%   4.5  895s
 627213 603740 5887244.15  455  109 6142013.57 5776395.90  5.95%   4.5  905s
 629773 606300 6009714.13 1735   92 6142013.57 5776395.90  5.95%   4.6  910s
 632877 609376 5940861.75  682  108 6142013.57 5776398.30  5.95%   4.6  915s
 635122 611547 6080299.43  339   96 6142013.57 5776399.50  5.95%   4.6  928s
 636471 612854 5976256.12 1341   98 6142013.57 5776399.58  5.95%   4.6  930s
 640581 616852 6120781.66 2510   94 6142013.57 5776400.08  5.95%   4.6  935s
 644791 620948 6076782.05 1400   91 6142013.57 5776404.75  5.95%   4.5  940s
 647004 622975 5993577.05  352   96 6142013.57 5776409.36  5.95%   4.5  952s
 649244 625199 6103283.79 2508   92 6142013.57 5776409.36  5.95%   4.5  955s
 653234 629085 5981302.30  912   94 6142013.57 5776411.24  5.95%   4.5  960s
 657050 632877 5884251.07  382  106 6142013.57 5776412.89  5.95%   4.5  965s
 657313 633140 5912904.46  513  102 6142013.57 5776412.89  5.95%   4.5  976s
 659333 635160 5982798.38 1523   97 6142013.57 5776412.89  5.95%   4.5  980s
 662152 637955     cutoff  388      6142013.57 5776413.17  5.95%   4.6  985s
 666067 641726 5950195.23 1282   95 6142013.57 5776415.38  5.95%   4.5  990s
H667784 643323                    6142013.5696 5776416.83  5.95%   4.5  992s
 668435 643976 5897005.59  772   94 6142013.57 5776416.83  5.95%   4.5 1003s
H669316 644855                    6139485.1615 5776416.83  5.91%   4.5 1004s
 669413 644954 5927031.77 1693   92 6139485.16 5776416.83  5.91%   4.5 1005s
 673307 648784 5842622.73  269  110 6139485.16 5776420.64  5.91%   4.5 1010s
 676967 652132 6137077.80  541   92 6139485.16 5776421.05  5.91%   4.5 1015s
 679492 654601 6072185.38 2341   91 6139485.16 5776422.53  5.91%   4.5 1029s
 680041 655148 6084348.43 2505   96 6139485.16 5776422.53  5.91%   4.5 1030s
 683520 658569 6058012.40 2505   96 6139485.16 5776424.34  5.91%   4.5 1035s
 687414 662189 6138108.70  575   90 6139485.16 5776424.84  5.91%   4.5 1040s
 689197 662192     cutoff 1127      6139485.16 5776424.84  5.91%   4.5 1045s
 691915 664750 6071803.61 2507   98 6139485.16 5776425.23  5.91%   4.5 1060s
 695639 668336 5865914.55  490  103 6139485.16 5776426.88  5.91%   4.5 1065s
 699500 671957 5905555.94  631   97 6139485.16 5776430.41  5.91%   4.5 1070s
 703540 675969 5990407.56 1380   91 6139485.16 5776432.08  5.91%   4.5 1075s
 704902 677293 6087555.55 2505   92 6139485.16 5776432.08  5.91%   4.5 1087s
 706532 678853     cutoff 1179      6139485.16 5776433.62  5.91%   4.5 1090s
H710177 682416                    6138727.1202 5776437.09  5.90%   4.5 1094s
 710292 682533 5925259.78  532  103 6138727.12 5776437.09  5.90%   4.5 1095s
 713298 685539 5981481.37 2035  106 6138727.12 5776437.09  5.90%   4.5 1100s
 715410 687651 6014968.05 1149   92 6138727.12 5776437.59  5.90%   4.5 1111s
 717765 689876 5914598.97  463   96 6138727.12 5776439.54  5.90%   4.5 1115s
 721975 694066 6068850.04 2508   96 6138727.12 5776439.60  5.90%   4.5 1120s
 725670 697599     cutoff 2505      6138727.12 5776447.54  5.90%   4.5 1125s
 727315 699126 5950215.49 1321   92 6138727.12 5776448.50  5.90%   4.5 1137s
 729347 701158 6106618.19  375   92 6138727.12 5776449.70  5.90%   4.5 1140s
 733053 704738 5973131.75 2063   91 6138727.12 5776452.11  5.90%   4.4 1145s
 736974 708633 6096928.38 2510   96 6138727.12 5776454.16  5.90%   4.4 1150s
 737768 709369 5792197.47  120  123 6138727.12 5776456.22  5.90%   4.4 1161s
 740516 712015 5824951.89  241  119 6138727.12 5776458.92  5.90%   4.4 1165s
 744576 715957 5908021.22  446  101 6138727.12 5776460.15  5.90%   4.4 1170s
 748747 720128 6016164.82 1649   97 6138727.12 5776460.86  5.90%   4.4 1175s
 750642 721885 5867973.73  509   99 6138727.12 5776461.41  5.90%   4.4 1187s
 751746 722989 5950989.73 1613   95 6138727.12 5776461.41  5.90%   4.4 1190s
 755386 726483 5915528.37  225  109 6138727.12 5776462.12  5.90%   4.4 1195s
 759297 730344 6063664.01 2504  101 6138727.12 5776464.35  5.90%   4.4 1200s
 760533 731580 5919269.66  539  101 6138727.12 5776465.37  5.90%   4.4 1213s
 761501 732548 5929803.47 1023   99 6138727.12 5776465.37  5.90%   4.4 1215s
 764183 735230 5935880.16 2364   96 6138727.12 5776465.37  5.90%   4.4 1220s
 767520 738537 6089848.41  265   97 6138727.12 5776467.07  5.90%   4.4 1225s
 771505 742408 6080567.38 1771   99 6138727.12 5776470.26  5.90%   4.4 1230s
 772275 743154 5992535.04  173  105 6138727.12 5776470.75  5.90%   4.4 1240s
 775549 746318 5992578.98 2507  102 6138727.12 5776472.21  5.90%   4.4 1245s
 779026 749713 5916341.19  590   96 6138727.12 5776473.04  5.90%   4.4 1250s
 782296 752911 6045701.26 2510   98 6138727.12 5776473.18  5.90%   4.4 1264s
 782563 753178 6104230.58 2511   93 6138727.12 5776473.18  5.90%   4.4 1265s
 784895 755406 5946558.42  821  101 6138727.12 5776475.74  5.90%   4.4 1270s
 787905 758416 5963324.35 2326   97 6138727.12 5776475.74  5.90%   4.4 1275s
 791653 762116 6071351.93 2513   97 6138727.12 5776479.11  5.90%   4.4 1291s
 793520 763713 5820043.39  277  114 6138727.12 5776482.00  5.90%   4.4 1295s
 797103 767098 5892822.03  654  100 6138727.12 5776484.18  5.90%   4.4 1300s
 800859 770522 5983483.91 1224   91 6138727.12 5776484.84  5.90%   4.4 1305s
 803059 772694 5891155.65  783   91 6138727.12 5776485.42  5.90%   4.4 1318s
 804652 774287 5940092.61 2319  107 6138727.12 5776485.42  5.90%   4.4 1320s
 807609 777086 6125120.42  320  101 6138727.12 5776488.01  5.90%   4.4 1325s
 810261 779708 5997106.75 1249   92 6138727.12 5776488.83  5.90%   4.4 1330s
 813283 782728 5781688.90  104  130 6138727.12 5776488.91  5.90%   4.4 1335s
 814505 783950 6106454.85 1326   96 6138727.12 5776488.91  5.90%   4.4 1346s
H816267 785644                    6136897.2708 5776489.35  5.87%   4.4 1348s
 817321 786666 5915954.88  498   99 6136897.27 5776489.65  5.87%   4.4 1350s
H821413 790726                    6136710.0464 5776490.36  5.87%   4.4 1355s
 825079 794276 5998174.39 1293   92 6136710.05 5776491.93  5.87%   4.4 1370s
 828126 796706 6133607.48  873   85 6136710.05 5776492.87  5.87%   4.4 1375s
 831066 799360 5815099.63  273  110 6136710.05 5776495.72  5.87%   4.4 1380s
H834443 802709                    6136709.9103 5776496.12  5.87%   4.4 1384s
 834797 803043 5788997.26  121  116 6136709.91 5776496.83  5.87%   4.4 1385s
 837399 805645 5941580.09 1422   96 6136709.91 5776496.83  5.87%   4.4 1400s
 840476 808690     cutoff  425      6136709.91 5776498.51  5.87%   4.4 1405s
 843981 811983 5862892.02  248  109 6136709.91 5776499.70  5.87%   4.4 1410s
 847912 815812     cutoff 1557      6136709.91 5776500.57  5.87%   4.4 1415s
 848245 816093 5791098.97  138  123 6136709.91 5776502.60  5.87%   4.4 1426s
 851136 818984 5930951.88 2504  109 6136709.91 5776502.60  5.87%   4.4 1430s
 854919 822637 5916241.51 1001   97 6136709.91 5776503.85  5.87%   4.4 1435s
 858358 825703 5793213.16  138  120 6136709.91 5776506.99  5.87%   4.4 1440s
 860468 827813 6095999.09 2248   90 6136709.91 5776506.99  5.87%   4.3 1452s
 862391 829678 6004221.92 1499   91 6136709.91 5776506.99  5.87%   4.3 1455s
 865645 832926 6108641.15 1833   97 6136709.91 5776508.00  5.87%   4.3 1460s
 869294 836383 6061394.26 1531   90 6136709.91 5776512.49  5.87%   4.3 1465s
 870459 837432 5902872.94  209  108 6136709.91 5776515.08  5.87%   4.3 1477s
 872250 839161 5936775.11  701   97 6136709.91 5776516.46  5.87%   4.3 1480s
 876046 842921 5937944.72  554  104 6136709.91 5776516.73  5.87%   4.3 1485s
 879853 846516 6049899.17  408   94 6136709.91 5776517.85  5.87%   4.3 1490s
 882062 847687 5911923.11  473  104 6136709.91 5776519.79  5.87%   4.3 1495s
 882722 848347 5928184.10  803   93 6136709.91 5776519.79  5.87%   4.3 1504s
 883161 848786 5931666.24 1022   99 6136709.91 5776519.79  5.87%   4.3 1505s
 888085 853676 6085377.98 1326   92 6136709.91 5776520.08  5.87%   4.3 1510s
 894105 859484 6091893.04 2235   90 6136709.91 5776522.00  5.87%   4.3 1515s
 894231 859610 6100237.65 2361   91 6136709.91 5776522.00  5.87%   4.3 1523s
 895444 860647 6132446.43  294  103 6136709.91 5776522.62  5.87%   4.3 1525s
 900685 865676 5783162.51  127  121 6136709.91 5776526.76  5.87%   4.3 1530s
 906119 870862 5974405.06 1216   96 6136709.91 5776531.56  5.87%   4.3 1542s
 910002 874677 5858802.87  250  108 6136709.91 5776533.85  5.87%   4.3 1545s
 915743 880100 5910096.68  661  100 6136709.91 5776537.82  5.87%   4.3 1550s
H916613 880968                    6136709.8930 5776537.82  5.87%   4.3 1550s
 919886 884125 6086020.56 2421   90 6136709.89 5776539.25  5.87%   4.3 1559s
 920176 884397 6129691.04 2520   96 6136709.89 5776539.25  5.87%   4.3 1560s
 925305 889454 5947711.41  785  101 6136709.89 5776540.29  5.87%   4.3 1565s
 928697 892846 5985085.83 2481   99 6136709.89 5776540.29  5.87%   4.3 1576s
 932830 896823 6096925.36 2517  101 6136709.89 5776542.01  5.87%   4.3 1580s
 939125 902994 5867233.70  343  106 6136709.89 5776544.03  5.87%   4.3 1585s
 940708 904577 5926366.12 1811   92 6136709.89 5776544.03  5.87%   4.3 1593s
 942091 905960 5803010.80  215  116 6136709.89 5776545.59  5.87%   4.3 1595s
 947216 910937     cutoff  367      6136709.89 5776547.24  5.87%   4.3 1600s
 951085 914611 5950362.47 1143   98 6136709.89 5776548.95  5.87%   4.3 1612s
 953155 916681 5948531.24 2178  102 6136709.89 5776548.95  5.87%   4.3 1615s
 958340 921838 5890670.43  761   99 6136709.89 5776549.38  5.87%   4.4 1620s
 959560 923058 6090932.56 1981   94 6136709.89 5776549.38  5.87%   4.3 1628s
 960787 923933     cutoff  503      6136709.89 5776550.53  5.87%   4.3 1630s
 966796 928888 6044802.06 2014   91 6136709.89 5776551.71  5.87%   4.3 1635s
 971843 933353 5833939.05  177  115 6136709.89 5776554.00  5.87%   4.3 1640s
 974337 935847 5960518.95 2512  108 6136709.89 5776554.00  5.87%   4.3 1649s
 975031 936541 5909270.77  320  102 6136709.89 5776554.54  5.87%   4.3 1650s
 982158 943464 6054791.88 2052   89 6136709.89 5776556.79  5.87%   4.3 1655s
 985520 946762 5935611.53 1547  101 6136709.89 5776557.51  5.87%   4.4 1666s
 988744 949948 5885584.49  683  102 6136709.89 5776558.24  5.87%   4.4 1670s
 993452 954606 5934735.08 2033   95 6136709.89 5776559.85  5.87%   4.4 1682s
 995279 956339 5797749.44  141  121 6136709.89 5776562.16  5.87%   4.4 1685s
 999048 959762 6120429.68  857   93 6136709.89 5776564.38  5.87%   4.4 1690s
 1003143 963705 5962334.89 1429   93 6136709.89 5776564.74  5.87%   4.4 1695s
 1006716 967202 5892632.35  519  103 6136709.89 5776565.11  5.87%   4.4 1710s
 1010574 971034 5836263.38  161  115 6136709.89 5776565.44  5.87%   4.4 1715s
 1013290 973516     cutoff 1405      6136709.89 5776566.85  5.87%   4.3 1720s
 1017663 977795 5949207.26 2513  113 6136709.89 5776568.56  5.87%   4.3 1725s
 1018640 978718 5870974.60  583  101 6136709.89 5776568.67  5.87%   4.3 1736s
 1021899 981957 5894267.01  749   99 6136709.89 5776569.19  5.87%   4.3 1740s
 1025305 984993 5785469.84  128  122 6136709.89 5776571.63  5.87%   4.3 1745s
 1029714 989366 5928956.22 1458   99 6136709.89 5776571.81  5.87%   4.3 1750s
 1032083 991735 5883439.57  506  109 6136709.89 5776571.85  5.87%   4.3 1762s
 1033386 993038 5931059.67 1158   91 6136709.89 5776571.85  5.87%   4.3 1765s
 1036596 996248 6012551.66 2516   95 6136709.89 5776571.85  5.87%   4.3 1770s
 1039517 999005 6078413.72 1248   92 6136709.89 5776573.04  5.87%   4.3 1775s
 1043424 1002790 5989653.76  956   90 6136709.89 5776574.45  5.87%   4.3 1788s
 1044685 1004051 6047888.27 2217   91 6136709.89 5776574.45  5.87%   4.3 1790s
 1048492 1007744 5971121.94 2434   93 6136709.89 5776574.95  5.87%   4.3 1795s
 1052668 1011868 5820226.71  227  110 6136709.89 5776575.81  5.87%   4.3 1800s
 1054454 1013588 5789606.18  131  123 6136709.89 5776577.41  5.87%   4.3 1811s
 1056743 1015807 6055879.22 1074   93 6136709.89 5776577.77  5.87%   4.3 1815s
 1060447 1019491 5917304.50 1223   90 6136709.89 5776578.20  5.87%   4.3 1820s
 1063761 1022805 6072686.13  195  103 6136709.89 5776578.20  5.87%   4.3 1825s
H1064385 1023357                    6136669.6995 5776578.69  5.87%   4.3 1826s
H1064870 1023840                    6127089.7757 5776578.69  5.72%   4.3 1826s
H1065161 1024131                    6126696.9948 5776578.69  5.71%   4.3 1827s
 1065275 1024247 5977213.27 1347   90 6126696.99 5776578.69  5.71%   4.3 1837s
 1067332 1026304 5870639.61  489   98 6126696.99 5776578.75  5.71%   4.3 1840s
H1070660 1029448                    6125013.9391 5776579.80  5.69%   4.3 1844s
 1070778 1029512 5779110.26  112  127 6125013.94 5776579.96  5.69%   4.3 1845s
 1074401 1033073 6084784.35 2508   95 6125013.94 5776580.18  5.69%   4.3 1850s
H1075867 1023976                    6123047.4558 5776580.80  5.66%   4.3 1852s
 1076546 1024657 5956946.12  953   93 6123047.46 5776580.80  5.66%   4.3 1863s
 1078208 1026319 6013359.59 2507  101 6123047.46 5776580.80  5.66%   4.3 1865s
 1081372 1029281 5908784.10  993   91 6123047.46 5776582.25  5.66%   4.3 1870s
 1085564 1033235 6028047.71 1902   90 6123047.46 5776584.03  5.66%   4.3 1875s
 1089274 1036835 5948862.67 1702   96 6123047.46 5776586.04  5.66%   4.3 1880s
 1090010 1037571 5974260.93 2402   87 6123047.46 5776586.04  5.66%   4.3 1891s
 1092978 1040511 5897542.53  263  104 6123047.46 5776586.36  5.66%   4.3 1895s
 1096442 1043797 6097113.16 2514   97 6123047.46 5776587.17  5.66%   4.3 1900s
 1100367 1047559 5799563.91  167  112 6123047.46 5776589.01  5.66%   4.3 1905s
 1101785 1048977 5980964.86 1427   95 6123047.46 5776589.01  5.66%   4.3 1916s
 1104568 1051696 5955546.24  983   95 6123047.46 5776590.01  5.66%   4.3 1920s
 1107645 1054667 5957728.07  763  109 6123047.46 5776590.81  5.66%   4.3 1925s
 1110060 1057082 5951517.22 1971   94 6123047.46 5776590.81  5.66%   4.4 1937s
 1111889 1058911 5863471.98  356  111 6123047.46 5776591.05  5.66%   4.4 1940s
 1118248 1065120 5943999.24  978   97 6123047.46 5776592.98  5.66%   4.3 1945s
 1121528 1068364 5934379.58 1187   92 6123047.46 5776593.29  5.66%   4.3 1955s
 1126117 1072719 5990429.45  553   92 6123047.46 5776594.23  5.66%   4.3 1960s
 1132472 1078908 5841986.75  350  115 6123047.46 5776598.46  5.66%   4.3 1965s
 1135053 1081439 6066699.32  278   97 6123047.46 5776599.15  5.66%   4.3 1974s
 1136004 1082320 6008893.77  828   96 6123047.46 5776599.52  5.66%   4.3 1975s
 1141452 1087630 5859753.35  152  116 6123047.46 5776599.80  5.66%   4.3 1980s
 1147360 1093500 5903755.58  785  101 6123047.46 5776600.61  5.66%   4.3 1991s
 1150048 1096090 6068123.57 2301   94 6123047.46 5776601.63  5.66%   4.3 1995s
 1153959 1099867 5912527.81  349  102 6123047.46 5776603.11  5.66%   4.3 2000s
 1156347 1102255 5975486.94 1543   94 6123047.46 5776603.11  5.66%   4.3 2005s
 1157745 1103653 5976344.98 2242   89 6123047.46 5776603.11  5.66%   4.4 2019s
 1158013 1103921 5976905.58 2376   89 6123047.46 5776603.11  5.66%   4.4 2020s
 1161290 1107080 5933314.68  768   95 6123047.46 5776603.42  5.66%   4.4 2025s
 1167283 1113001 6087105.51 2503   94 6123047.46 5776605.42  5.66%   4.4 2030s
 1170714 1116392 6032315.02  211  104 6123047.46 5776607.01  5.66%   4.4 2039s
 1171943 1117599 6064951.77 1307   93 6123047.46 5776607.27  5.66%   4.4 2040s
 1177465 1122977 5930137.81  546  103 6123047.46 5776608.32  5.66%   4.3 2045s
 1181887 1127271 5978625.42 1253   97 6123047.46 5776609.53  5.66%   4.4 2056s
 1185402 1130620 6119421.61  401   93 6123047.46 5776609.67  5.66%   4.4 2060s
 1190368 1134298 5993933.99  516   92 6123047.46 5776610.39  5.66%   4.4 2065s
 1195419 1139055 5790425.28  149  120 6123047.46 5776611.82  5.66%   4.4 2070s
 1195823 1139459 5890269.43  553  103 6123047.46 5776611.82  5.66%   4.4 2076s
 1199914 1143286 6062801.64 1593   92 6123047.46 5776613.03  5.66%   4.4 2080s
 1205666 1148744 5834136.83  229  122 6123047.46 5776613.27  5.66%   4.4 2085s
 1206794 1149872 5934316.32  793   96 6123047.46 5776613.27  5.66%   4.4 2093s
 1208425 1151503 5967283.62 1608   96 6123047.46 5776613.27  5.66%   4.4 2095s
 1212633 1155583 5915176.23  311  101 6123047.46 5776614.97  5.66%   4.4 2100s
 1217190 1160048 5944653.46  201  109 6123047.46 5776615.69  5.66%   4.4 2110s
 1222398 1165146 5978026.02  658   98 6123047.46 5776617.99  5.66%   4.4 2115s
 1227984 1170298 5852616.38  357  110 6123047.46 5776621.40  5.66%   4.4 2120s
 1228987 1171301 5913013.19  858  101 6123047.46 5776621.40  5.66%   4.4 2128s
 1230438 1172752 5909199.53 1584   93 6123047.46 5776621.40  5.66%   4.4 2130s
 1235511 1177825 6063802.79 2506   99 6123047.46 5776621.43  5.66%   4.4 2135s
 1240182 1182346 5928226.81  231  107 6123047.46 5776622.34  5.66%   4.4 2146s
 1244833 1186857 6024909.35 1750   94 6123047.46 5776622.73  5.66%   4.4 2150s
 1250627 1192503 6055837.87 1335   96 6123047.46 5776624.61  5.66%   4.4 2155s
 1251398 1193144 5981875.50  400   95 6123047.46 5776625.76  5.66%   4.4 2164s
 1252043 1193723 6002733.84  228  101 6123047.46 5776625.84  5.66%   4.4 2165s
 1257803 1199265 5905282.32  347  106 6123047.46 5776627.41  5.66%   4.4 2170s
 1263928 1205288 6044735.72 2517  100 6123047.46 5776629.00  5.66%   4.3 2181s
 1267656 1208890 5897355.11  206  108 6123047.46 5776630.80  5.66%   4.3 2185s
 1273129 1214235 5848896.80  137  115 6123047.46 5776631.27  5.66%   4.3 2190s
 1274057 1215145 5877298.77  472  109 6123047.46 5776631.60  5.66%   4.3 2197s
H1275448 1216534                    6123032.4910 5776631.60  5.66%   4.3 2199s
 1276080 1217168 5984123.46 1483  102 6123032.49 5776631.60  5.66%   4.4 2200s
 1281277 1222303 6067418.07 2417   95 6123032.49 5776632.58  5.66%   4.4 2205s
 1284031 1224919 5790407.15  155  121 6123032.49 5776633.17  5.66%   4.4 2215s
 1289755 1230585     cutoff  407      6123032.49 5776633.64  5.66%   4.3 2220s
 1295480 1236070 5924249.23  930   97 6123032.49 5776635.73  5.66%   4.3 2225s
 1297833 1238423 5828120.01  216  118 6123032.49 5776637.04  5.66%   4.3 2234s
 1297922 1238512 5840644.94  261  119 6123032.49 5776637.04  5.66%   4.3 2235s
 1302062 1242652 5983053.16 2331   91 6123032.49 5776637.04  5.66%   4.4 2240s
 1307437 1247723 5852572.50  358  103 6123032.49 5776638.78  5.66%   4.4 2245s
 1308460 1248746 5937525.79 1381   96 6123032.49 5776638.78  5.66%   4.3 2252s
 1311743 1251969 6088861.36 2017   90 6123032.49 5776639.66  5.66%   4.3 2255s
 1317535 1257552 5779095.15  109  123 6123032.49 5776640.87  5.66%   4.3 2260s
 1322204 1261767 5912182.71 1205   92 6123032.49 5776642.85  5.66%   4.3 2271s
 1326052 1265502     cutoff  403      6123032.49 5776643.69  5.66%   4.3 2275s
 1331674 1270828 5830526.93  241  114 6123032.49 5776645.34  5.66%   4.3 2280s
 1333979 1273133 5933392.89 2151   95 6123032.49 5776645.34  5.66%   4.3 2289s
 1334715 1273869 6033993.87 2508   99 6123032.49 5776645.34  5.66%   4.3 2290s
 1340372 1279284 6051009.14 1330   90 6123032.49 5776646.00  5.66%   4.3 2295s
 1345005 1283799 5952278.66 1512   97 6123032.49 5776646.97  5.66%   4.3 2300s
 1345279 1284073 5927548.36 1649   97 6123032.49 5776646.97  5.66%   4.3 2307s
 1347284 1286078 5972213.01 2506  105 6123032.49 5776646.97  5.66%   4.3 2310s
 1352485 1290661 5784498.91  125  127 6123032.49 5776648.32  5.66%   4.3 2315s
 1355393 1293569 5989671.38 2509  105 6123032.49 5776648.32  5.66%   4.3 2325s
 1358835 1296847 6085644.61  188  101 6123032.49 5776648.91  5.66%   4.3 2330s
 1363290 1300382 5933205.37  491   98 6123032.49 5776650.38  5.66%   4.4 2335s
 1368263 1304865 5904440.86 1181   95 6123032.49 5776652.72  5.66%   4.4 2347s
 1370056 1306658 6001676.91 2508  104 6123032.49 5776652.72  5.66%   4.4 2350s
 1372891 1309493 6040505.07 1303   91 6123032.49 5776652.81  5.66%   4.4 2355s
 1375744 1312024 5913626.52  848  104 6123032.49 5776653.85  5.66%   4.4 2360s
 1377908 1314188 5940808.53 1930  104 6123032.49 5776653.85  5.66%   4.4 2365s
 1379106 1315386 6020688.61 2514  107 6123032.49 5776653.85  5.66%   4.4 2378s
 1379854 1316134 6005864.05 2514  106 6123032.49 5776653.85  5.66%   4.4 2380s
 1382783 1318915 5807824.92  231  116 6123032.49 5776654.01  5.66%   4.4 2385s
 1386829 1322841 5970975.29 1544   99 6123032.49 5776654.05  5.66%   4.4 2390s
 1389768 1325498 5784802.34  135  124 6123032.49 5776655.65  5.66%   4.4 2395s
 1390119 1325849 5821526.95  260  115 6123032.49 5776655.65  5.66%   4.4 2406s
 1392932 1328662 6040372.75 2513   99 6123032.49 5776655.65  5.66%   4.4 2410s
 1395512 1331076 6089781.53  393   89 6123032.49 5776656.48  5.66%   4.4 2415s
 1397895 1333085 6003729.66 1853   94 6123032.49 5776656.97  5.66%   4.4 2420s
 1400591 1335593 5794570.01  116  124 6123032.49 5776657.29  5.66%   4.4 2425s
 1401442 1336416 6088674.65  181  104 6123032.49 5776657.29  5.66%   4.4 2438s
 1402254 1336962 5865255.64  424  112 6123032.49 5776658.07  5.66%   4.4 2440s
 1405793 1340095 6083033.04 1516   94 6123032.49 5776658.09  5.66%   4.4 2445s
 1409547 1343689 5803129.43  167  120 6123032.49 5776659.14  5.66%   4.4 2450s
 1413006 1347038 6090943.21 2519   96 6123032.49 5776660.04  5.66%   4.4 2455s
 1414588 1348440 6083822.08 2519   94 6123032.49 5776660.04  5.66%   4.4 2464s
 1415172 1348924 5828361.72  169  120 6123032.49 5776660.51  5.66%   4.4 2465s
 1419900 1352540 5840839.32  154  119 6123032.49 5776661.23  5.66%   4.4 2470s
 1425638 1358124 6049670.72 2512   92 6123032.49 5776663.57  5.66%   4.4 2475s
 1426071 1358557 6051715.08 2511   91 6123032.49 5776663.57  5.66%   4.4 2482s
 1427979 1360345 5843207.03  424  108 6123032.49 5776663.89  5.66%   4.4 2485s
 1432648 1364750     cutoff  328      6123032.49 5776664.62  5.66%   4.4 2490s
 1435986 1367680 5833776.29  133  118 6123032.49 5776666.27  5.66%   4.4 2495s
 1438797 1370307 5893530.07 1514   92 6123032.49 5776666.66  5.66%   4.4 2506s
 1441332 1372842 5986131.87 2505  108 6123032.49 5776666.66  5.66%   4.4 2510s
 1445212 1376630 5902399.13  671  102 6123032.49 5776667.51  5.66%   4.4 2515s
 1449021 1380229 6021008.06 2428   91 6123032.49 5776667.72  5.66%   4.4 2520s
 1450287 1381495 6069958.70 2513   94 6123032.49 5776667.72  5.66%   4.4 2533s
 1451227 1382279 6120819.38  278   97 6123032.49 5776667.82  5.66%   4.4 2535s
 1454201 1385109 6085143.44 2509   96 6123032.49 5776667.89  5.66%   4.4 2540s
 1456935 1387339 5827179.47  196  120 6123032.49 5776668.75  5.66%   4.4 2545s
 1460762 1391166 6067083.27 2509   97 6123032.49 5776668.75  5.66%   4.4 2550s
 1460913 1391317 6063570.05 2509   98 6123032.49 5776668.75  5.66%   4.4 2562s
 1462747 1393151 5954039.09  177  103 6123032.49 5776668.80  5.66%   4.4 2565s
 1465852 1395882 6115779.73 2041   99 6123032.49 5776669.09  5.66%   4.4 2570s
 1469013 1398611 5957491.74  707  101 6123032.49 5776669.37  5.66%   4.4 2575s
 1471653 1401251 6002525.18 2027   95 6123032.49 5776669.37  5.66%   4.4 2580s
 1473647 1403223 5996604.99 2508   94 6123032.49 5776669.37  5.66%   4.4 2591s
 1477013 1406441 6064194.02 1702   88 6123032.49 5776670.39  5.66%   4.4 2595s
 1482437 1411713 5986583.14 2503  108 6123032.49 5776670.76  5.66%   4.4 2600s
 1486141 1415109 6027930.55  206  104 6123032.49 5776671.89  5.66%   4.4 2605s
 1486326 1415222 5809302.08  185  116 6123032.49 5776672.26  5.66%   4.4 2613s
 1487662 1416558 6059838.44 1521   90 6123032.49 5776672.26  5.66%   4.4 2615s
 1491242 1419740 5888394.15  490   99 6123032.49 5776673.34  5.66%   4.4 2620s
 1494371 1422691 6015440.25  665   95 6123032.49 5776673.71  5.66%   4.4 2625s
 1497242 1425206     cutoff  380      6123032.49 5776673.78  5.66%   4.4 2630s
 1499566 1427522 5982633.23 1253   93 6123032.49 5776673.96  5.66%   4.4 2642s
 1500420 1428376 5977819.10 1680   96 6123032.49 5776673.96  5.66%   4.5 2645s
 1502610 1430566 6006296.02 2504  102 6123032.49 5776673.96  5.66%   4.5 2650s
 1505270 1433132 5953607.18 1008   97 6123032.49 5776674.71  5.66%   4.5 2655s
 1507213 1435069 6055491.17 2508   94 6123032.49 5776674.71  5.66%   4.5 2666s
 1509267 1437043 5849449.93  150  118 6123032.49 5776674.72  5.66%   4.5 2670s
 1512053 1439333 6073586.20  354   94 6123032.49 5776675.10  5.66%   4.5 2675s
 1515677 1442759 5942874.58 1438   97 6123032.49 5776675.23  5.66%   4.5 2680s
 1519089 1446171 5894921.00  375  102 6123032.49 5776675.39  5.66%   4.5 2695s
 1521389 1448154 6111123.30  297  105 6123032.49 5776675.67  5.66%   4.5 2700s
 1524993 1451479 5932756.78  155  117 6123032.49 5776677.26  5.66%   4.5 2705s
 1527549 1453559 5890951.19  572  112 6123032.49 5776677.67  5.66%   4.5 2710s
 1530316 1456326 5961870.25 1955   97 6123032.49 5776677.67  5.66%   4.5 2715s
 1533241 1459247 5999352.79 2510   96 6123032.49 5776677.67  5.66%   4.5 2720s
 1534023 1460027 5830983.49  199  120 6123032.49 5776677.89  5.66%   4.5 2730s
 1538074 1464078 6064092.87 2522   96 6123032.49 5776677.89  5.66%   4.5 2735s
 1541414 1466440 5818487.84  247  111 6123032.49 5776678.79  5.66%   4.5 2740s
 1545903 1470337 5813636.55  132  123 6123032.49 5776679.97  5.66%   4.5 2750s
 1550049 1474201 5811253.03  182  115 6123032.49 5776680.50  5.66%   4.5 2755s
 1555606 1479632     cutoff  236      6123032.49 5776680.82  5.66%   4.5 2760s
 1556871 1480813 6055082.95 1300   89 6123032.49 5776681.22  5.66%   4.5 2768s
 1558563 1482299 5793576.28  123  118 6123032.49 5776682.07  5.66%   4.5 2770s
 1562911 1486547 6028240.65 1530   99 6123032.49 5776682.19  5.66%   4.5 2775s
 1566132 1489768 6027727.29 2513   97 6123032.49 5776682.19  5.66%   4.5 2785s
 1570654 1494026 6012047.94 1097   90 6123032.49 5776682.98  5.66%   4.5 2790s
 1575194 1498418 5925840.03  957   97 6123032.49 5776683.77  5.66%   4.5 2795s
 1577255 1500479 6031572.36 2507  100 6123032.49 5776683.77  5.66%   4.5 2805s
 1581911 1504361 6053573.17 1182   90 6123032.49 5776685.52  5.66%   4.5 2810s
 1587714 1509892 5935111.73 2379  103 6123032.49 5776688.81  5.66%   4.5 2815s
 1590118 1512296 5872869.64  346  103 6123032.49 5776688.94  5.66%   4.6 2824s
 1590279 1512457 5900569.64  507  101 6123032.49 5776688.94  5.66%   4.6 2825s
 1593877 1515911 6075999.11 2513   93 6123032.49 5776688.94  5.66%   4.6 2830s
 1596630 1518466 5905193.99  374  107 6123032.49 5776689.52  5.66%   4.5 2835s
 1600784 1522620 5963408.18 2451   99 6123032.49 5776689.52  5.66%   4.6 2840s
 1601015 1522851 5973713.22 2513  108 6123032.49 5776689.52  5.66%   4.6 2847s
 1603482 1525318 5909410.48  640  111 6123032.49 5776689.89  5.66%   4.6 2850s
 1608074 1529254 5790694.72  136  120 6123032.49 5776690.43  5.66%   4.6 2855s
 1612878 1534058 6060221.09 2519   96 6123032.49 5776690.43  5.66%   4.6 2866s
 1615509 1536143 6003392.99 1568   91 6123032.49 5776690.64  5.66%   4.6 2870s
 1619680 1538906 5857439.97  137  117 6123032.49 5776691.84  5.66%   4.6 2875s
 1623741 1542381 5965656.38  640  103 6123032.49 5776692.43  5.66%   4.6 2880s
 1626105 1544745 6045013.69 2513   96 6123032.49 5776692.43  5.66%   4.6 2888s
 1627572 1546212 6063988.14 2513   97 6123032.49 5776692.43  5.66%   4.6 2890s
 1632514 1551154 5967215.48 2501   96 6123032.49 5776692.43  5.66%   4.6 2895s
 1635508 1554002 5906352.71  790   97 6123032.49 5776692.71  5.66%   4.6 2905s
 1637541 1555731 5830267.80  201  112 6123032.49 5776693.79  5.66%   4.6 2910s
 1641390 1559576 6104742.54 2506   99 6123032.49 5776693.79  5.66%   4.6 2915s
 1644778 1562714 5863970.49  345  110 6123032.49 5776695.52  5.66%   4.6 2920s
 1648202 1566138 6067354.81 2513   96 6123032.49 5776695.52  5.66%   4.6 2936s
 1649640 1567256 5924666.28  230  104 6123032.49 5776695.94  5.66%   4.6 2940s
 1652877 1570195 6089784.31 2517   97 6123032.49 5776696.05  5.66%   4.6 2945s
 1656051 1573029     cutoff 2506      6123032.49 5776696.60  5.66%   4.6 2950s
 1658284 1574762     cutoff  224      6123032.49 5776696.97  5.66%   4.6 2955s
 1660462 1576576 5832902.00  277  114 6123032.49 5776698.20  5.66%   4.6 2967s
 1662328 1578442 5981532.31 1765   92 6123032.49 5776698.20  5.66%   4.6 2970s
 1664998 1581112 6079218.34 2511   97 6123032.49 5776698.20  5.66%   4.6 2975s
H1665832 1581944                    6122153.6898 5776698.50  5.64%   4.6 2976s
H1666386 1582264                    6122153.6876 5776699.21  5.64%   4.6 2977s
 1668792 1584654     cutoff 2521      6122153.69 5776699.21  5.64%   4.6 2980s
 1671721 1587053 5847452.34  280  108 6122153.69 5776700.25  5.64%   4.6 2985s
 1674892 1589978 5803743.77  173  116 6122153.69 5776700.31  5.64%   4.6 2990s
 1675091 1590177 5824926.75  207  119 6122153.69 5776700.31  5.64%   4.6 2999s
 1675718 1590804 5883549.20  275  105 6122153.69 5776700.31  5.64%   4.6 3000s
 1679590 1594676 6068479.46 2512   94 6122153.69 5776700.31  5.64%   4.6 3005s
 1683043 1597843 6043688.72 1552   91 6122153.69 5776701.66  5.64%   4.6 3010s
 1685757 1600457 5941482.80 1015   93 6122153.69 5776701.99  5.64%   4.6 3024s
 1686176 1600876 5945734.30 1224   97 6122153.69 5776701.99  5.64%   4.6 3025s
 1688342 1603042 6030933.33 2307  107 6122153.69 5776701.99  5.64%   4.6 3030s
 1691018 1605678 5822419.20  162  118 6122153.69 5776702.49  5.64%   4.6 3035s
 1693601 1607799 6074507.51 1814   90 6122153.69 5776702.86  5.64%   4.6 3040s
 1694457 1608607 5853598.82  296  106 6122153.69 5776703.37  5.64%   4.6 3051s
 1697045 1611195 6042703.41 2511   98 6122153.69 5776703.37  5.64%   4.6 3055s
 1699632 1613726 5895317.35  156  114 6122153.69 5776703.48  5.64%   4.7 3060s
 1703162 1616750 6082300.32 2315   96 6122153.69 5776703.65  5.64%   4.7 3065s
 1705917 1619236 5928499.50  867   94 6122153.69 5776704.26  5.64%   4.7 3070s
 1708063 1621382 6068721.33 2502   95 6122153.69 5776704.26  5.64%   4.7 3080s
H1708861 1622178                    6120374.7959 5776704.26  5.62%   4.7 3082s
 1710784 1624065 5992192.03 1133   91 6120374.80 5776704.46  5.62%   4.6 3085s
 1713844 1626533 5849389.53  297  114 6120374.80 5776704.61  5.62%   4.7 3090s
 1717427 1630116 6060026.34 2509  103 6120374.80 5776704.61  5.62%   4.7 3095s
 1717821 1630510 6061235.75 2509  101 6120374.80 5776704.61  5.62%   4.7 3103s
 1718559 1631128 5791516.88  144  116 6120374.80 5776704.82  5.62%   4.7 3105s
 1722566 1634524 5842397.12  244  112 6120374.80 5776705.25  5.62%   4.7 3110s
 1728350 1640065 5935298.10  518  102 6120374.80 5776706.83  5.62%   4.7 3115s
 1731307 1643022 6060253.42 2505   92 6120374.80 5776706.83  5.62%   4.7 3123s
 1732502 1644217 5816704.08  123  120 6120374.80 5776707.47  5.62%   4.7 3125s
 1735990 1647069     cutoff  951      6120374.80 5776708.19  5.62%   4.7 3130s
 1739378 1650097 5895178.24  317  102 6120374.80 5776708.45  5.62%   4.7 3135s
 1741950 1652669 6078710.48 2518   99 6120374.80 5776708.45  5.62%   4.7 3146s
 1743453 1653792 6090091.41  252   99 6120374.80 5776708.84  5.62%   4.7 3150s
 1746010 1655811 5838973.79  149  119 6120374.80 5776710.35  5.62%   4.7 3155s
 1748877 1658462 5944082.74  266  105 6120374.80 5776710.49  5.62%   4.7 3160s
 1752790 1662287 5954422.74  778   91 6120374.80 5776710.89  5.62%   4.7 3165s
 1754935 1664432 6034417.05 2507   93 6120374.80 5776710.89  5.62%   4.7 3174s
 1755630 1665127 6037458.97 2507   95 6120374.80 5776710.89  5.62%   4.7 3175s
 1760845 1669944 6021002.71 1181   94 6120374.80 5776711.14  5.62%   4.7 3180s
 1765310 1674155 5928624.96  716  100 6120374.80 5776711.75  5.62%   4.6 3185s
 1766676 1675521 5938526.19 1399   91 6120374.80 5776711.75  5.62%   4.7 3193s
 1768263 1677108 5979988.52 2192   96 6120374.80 5776711.75  5.62%   4.7 3195s
 1772627 1681222 5907422.29  601   99 6120374.80 5776712.26  5.62%   4.7 3200s
 1775686 1684281 6024445.35 2511   99 6120374.80 5776712.26  5.62%   4.7 3211s
 1779740 1688141 6063495.75 1226   91 6120374.80 5776714.18  5.62%   4.7 3215s
 1783643 1691328 5852193.94  327  107 6120374.80 5776716.43  5.61%   4.7 3220s
 1788901 1696520 6079268.53 2511  100 6120374.80 5776716.83  5.61%   4.7 3231s
 1790502 1697893 6106951.76  498  102 6120374.80 5776717.53  5.61%   4.7 3235s
 1794766 1702073 6011992.44 2133  100 6120374.80 5776718.10  5.61%   4.7 3240s
 1796791 1704098 6039426.93 2507   99 6120374.80 5776718.10  5.61%   4.7 3249s
 1797092 1704399 6061168.37 2507   96 6120374.80 5776718.10  5.61%   4.7 3250s
 1801585 1708415 6087814.88 2506   97 6120374.80 5776718.42  5.61%   4.7 3255s
 1806681 1713171 6042703.55 1719   93 6120374.80 5776719.39  5.61%   4.7 3260s
 1810072 1715608 6116303.78  366   94 6120374.80 5776720.51  5.61%   4.7 3265s
 1812313 1715607 6110426.32  429   96 6120374.80 5776720.51  5.61%   4.7 3270s
 1815079 1717785 5909070.03  541  110 6120374.80 5776721.87  5.61%   4.7 3275s
 1815300 1718006 5969561.99  762   93 6120374.80 5776721.87  5.61%   4.7 3284s
 1815917 1718623 6086016.77 1379   89 6120374.80 5776721.87  5.61%   4.7 3285s
 1819337 1721867 5857925.27  289  118 6120374.80 5776722.10  5.61%   4.7 3290s
 1822925 1725455 6011175.49 2513  108 6120374.80 5776722.10  5.61%   4.7 3295s
 1826171 1728637 5942481.77  623   95 6120374.80 5776722.38  5.61%   4.7 3300s
 1827019 1729485 5944096.27 1047   94 6120374.80 5776722.38  5.61%   4.7 3310s
 1829389 1731855 5975702.85 2232  105 6120374.80 5776722.38  5.61%   4.7 3315s
 1834175 1736591 5875081.20  156  117 6120374.80 5776722.80  5.61%   4.8 3320s
 1835348 1737478 6104783.77  225   98 6120374.80 5776722.80  5.61%   4.8 3329s
 1835751 1737653 5868436.42  327  109 6120374.80 5776722.99  5.61%   4.8 3330s
 1841194 1742620 5867590.80  302  103 6120374.80 5776723.41  5.61%   4.7 3335s
 1845967 1747109     cutoff  261      6120374.80 5776723.50  5.61%   4.8 3340s
 1849621 1750522 5880755.49  207  110 6120374.80 5776724.09  5.61%   4.8 3351s
 1851324 1751729     cutoff  187      6120374.80 5776724.48  5.61%   4.8 3355s
 1854334 1754269 6058373.00  301   98 6120374.80 5776725.78  5.61%   4.8 3360s
 1858260 1758053 6067530.89 2515   95 6120374.80 5776726.60  5.61%   4.8 3365s
 1860076 1759499 5896677.60  652  107 6120374.80 5776727.54  5.61%   4.8 3370s
 1861967 1761384 6078633.04 2512   91 6120374.80 5776727.54  5.61%   4.8 3380s
 1864614 1763651 5841813.74  325  110 6120374.80 5776728.74  5.61%   4.8 3385s
 1867599 1766474 6102619.46 2502   92 6120374.80 5776728.74  5.61%   4.8 3390s
 1870731 1769434 5880425.82  147  114 6120374.80 5776729.33  5.61%   4.8 3395s
 1872379 1770910 5952753.58 1145   91 6120374.80 5776729.37  5.61%   4.8 3406s
 1874975 1773446 5997931.78 1382   91 6120374.80 5776729.38  5.61%   4.8 3410s
 1878506 1776449 6066973.84 1237   88 6120374.80 5776730.02  5.61%   4.8 3415s
 1883333 1781072 5937414.47 1028  103 6120374.80 5776730.05  5.61%   4.8 3420s
 1886270 1784009 5937548.99 2497   90 6120374.80 5776730.05  5.61%   4.8 3429s
 1886874 1784613 5950193.58 2513   99 6120374.80 5776730.05  5.61%   4.8 3430s
 1891519 1788774 6080259.97  198  105 6120374.80 5776731.20  5.61%   4.8 3435s
 1895891 1792916 6062028.14 2516   99 6120374.80 5776731.20  5.61%   4.8 3440s
 1895984 1793009 6061869.04 2516   96 6120374.80 5776731.20  5.61%   4.8 3448s
 1896606 1793631 6067770.36 2519  100 6120374.80 5776731.20  5.61%   4.8 3450s
 1899512 1796085     cutoff  298      6120374.80 5776731.87  5.61%   4.8 3455s
 1901786 1797523 5842787.63  199  117 6120374.80 5776733.04  5.61%   4.8 3460s
 1904688 1800193 5796136.96  309  118 6120374.80 5776733.39  5.61%   4.8 3465s
 1908089 1803594 6086081.66 2510   95 6120374.80 5776733.39  5.61%   4.8 3478s
 1908708 1804185     cutoff 2511      6120374.80 5776733.39  5.61%   4.8 3480s
 1911680 1806733 5789586.46  136  120 6120374.80 5776733.74  5.61%   4.8 3485s
 1914026 1809057 5949866.26 1172  104 6120374.80 5776733.75  5.61%   4.8 3490s
 1916184 1811215 5999516.95 2251  102 6120374.80 5776733.75  5.61%   4.8 3495s
 1916514 1811545 6003215.96 2416  102 6120374.80 5776733.75  5.61%   4.8 3504s
 1917001 1812032 6021955.00 2515  100 6120374.80 5776733.75  5.61%   4.9 3505s
 1920367 1815298     cutoff 1178      6120374.80 5776733.89  5.61%   4.9 3510s
 1923256 1817663 5815390.68  237  121 6120374.80 5776734.29  5.61%   4.9 3515s
 1926772 1821179 6047132.59 2505  100 6120374.80 5776734.29  5.61%   4.8 3520s
 1929692 1823891 5807917.33  126  120 6120374.80 5776734.97  5.61%   4.9 3535s
 1931652 1825157     cutoff  313      6120374.80 5776734.99  5.61%   4.9 3540s
 1934840 1827933 6067800.42 1452   91 6120374.80 5776735.68  5.61%   4.8 3545s
 1937467 1830358 5906700.96  624   91 6120374.80 5776736.40  5.61%   4.8 3550s
 1941168 1834059 6041420.10 2506   96 6120374.80 5776736.40  5.61%   4.9 3555s
 1943109 1836000 5932105.32  913   89 6120374.80 5776736.68  5.61%   4.9 3567s
 1944574 1837465 5973830.25 1645   96 6120374.80 5776736.68  5.61%   4.9 3570s
 1947497 1840388 6030153.60 2511   99 6120374.80 5776736.68  5.61%   4.9 3575s
 1950756 1843503 5890628.94  151  109 6120374.80 5776738.26  5.61%   4.9 3590s
 1952984 1845301 6106727.73  342   91 6120374.80 5776738.33  5.61%   4.9 3595s

Cutting planes:
  RLT: 124

Explored 1956549 nodes (9535575 simplex iterations) in 3600.08 seconds (888.71 work units)
Thread count was 1 (of 24 available processors)

Solution count 10: 6.12037e+06 6.12215e+06 6.12303e+06 ... 6.1369e+06

Time limit reached
Best objective 6.120374795898e+06, best bound 5.776739402112e+06, gap 5.6146%
