
Gurobi 11.0.3 (linux64, Java) logging started qua 17 dez 2025 14:21:41 -03

Set parameter WLSAccessID
Set parameter WLSSecret
Set parameter LicenseID to value 2566693
Academic license 2566693 - for non-commercial use only - registered to ja___@ufv.br
Set parameter NonConvex to value 2
Set parameter TimeLimit to value 3600
Set parameter LogToConsole to value 0
Set parameter MIPGap to value 4.7478399160473358e-08
Set parameter Threads to value 2
Set parameter NodefileDir to value "/home/ps12398/efpe/goalProgrammingMarcos/"
Set parameter NodefileStart to value 1
Gurobi Optimizer version 11.0.3 build v11.0.3rc0 (linux64)

CPU model: Intel(R) Xeon(R) CPU           X5650  @ 2.67GHz, instruction set [SSE2]
Thread count: 12 physical cores, 24 logical processors, using up to 2 threads

Academic license 2566693 - for non-commercial use only - registered to ja___@ufv.br
Optimize a model with 62245 rows, 41913 columns and 208202 nonzeros
Model fingerprint: 0x720c1337
Model has 149 quadratic constraints
Variable types: 20886 continuous, 21027 integer (144 binary)
Coefficient statistics:
  Matrix range     [7e-03, 6e+06]
  QMatrix range    [7e-03, 1e+05]
  QLMatrix range   [1e+00, 1e+05]
  Objective range  [1e+00, 4e+07]
  Bounds range     [1e+00, 1e+08]
  RHS range        [1e+00, 2e+06]
Presolve removed 61899 rows and 41199 columns
Presolve time: 0.13s
Presolved: 915 rows, 891 columns, 20832 nonzeros
Presolved model has 2 SOS constraint(s)
Presolved model has 144 bilinear constraint(s)

Solving non-convex MIQCP

Variable types: 470 continuous, 421 integer (146 binary)
Found heuristic solution: objective 1.404691e+07

Root relaxation: objective 1.009479e+07, 133 iterations, 0.01 seconds (0.00 work units)

    Nodes    |    Current Node    |     Objective Bounds      |     Work
 Expl Unexpl |  Obj  Depth IntInf | Incumbent    BestBd   Gap | It/Node Time

     0     0 1.0095e+07    0  136 1.4047e+07 1.0095e+07  28.1%     -    0s
H    0     0                    1.233298e+07 1.0095e+07  18.1%     -    0s
     0     0 1.0581e+07    0  139 1.2333e+07 1.0581e+07  14.2%     -    0s
H    0     0                    1.183005e+07 1.0581e+07  10.6%     -    0s
     0     0 1.0612e+07    0  140 1.1830e+07 1.0612e+07  10.3%     -    0s
H    0     0                    1.165276e+07 1.0612e+07  8.94%     -    0s
     0     0 1.0612e+07    0  140 1.1653e+07 1.0612e+07  8.93%     -    0s
     0     0 1.0612e+07    0  141 1.1653e+07 1.0612e+07  8.93%     -    0s
     0     0 1.0612e+07    0  138 1.1653e+07 1.0612e+07  8.93%     -    0s
H    0     0                    1.160581e+07 1.0612e+07  8.56%     -    0s
     0     2 1.0612e+07    0  138 1.1606e+07 1.0612e+07  8.56%     -    1s
H  445   494                    1.160566e+07 1.0613e+07  8.56%   1.3    3s
H  543   598                    1.154306e+07 1.0613e+07  8.06%   1.3    3s
H  609   709                    1.154300e+07 1.0613e+07  8.06%   1.3    3s
H  663   709                    1.154271e+07 1.0613e+07  8.06%   1.3    3s
H  790   800                    1.154029e+07 1.0613e+07  8.04%   1.3    3s
H  968  1011                    1.154021e+07 1.0613e+07  8.04%   1.3    4s
H 1001  1011                    1.153981e+07 1.0613e+07  8.03%   1.3    4s
H 1232  1243                    1.153935e+07 1.0613e+07  8.03%   1.3    4s
  1242  1361 1.0622e+07  613  130 1.1539e+07 1.0613e+07  8.03%   1.3    5s
H 1297  1361                    1.153934e+07 1.0613e+07  8.03%   1.3    5s
H 1320  1361                    1.153906e+07 1.0613e+07  8.03%   1.3    5s
H 1412  1455                    1.153903e+07 1.0613e+07  8.03%   1.3    5s
H 1508  1559                    1.153900e+07 1.0613e+07  8.03%   1.3    5s
H 1922  1976                    1.153741e+07 1.0613e+07  8.02%   1.2    6s
H 1997  2130                    1.153502e+07 1.0613e+07  8.00%   1.2    6s
H 2057  2130                    1.152556e+07 1.0613e+07  7.92%   1.2    6s
H 2060  2130                    1.150670e+07 1.0613e+07  7.77%   1.2    6s
  3599  3821 1.0632e+07 1681  130 1.1507e+07 1.0613e+07  7.77%   1.2   10s
H 3790  3821                    1.149894e+07 1.0613e+07  7.71%   1.2   10s
H 3824  3632                    1.147346e+07 1.0680e+07  6.92%   1.2   12s
H 3832  3457                    1.146701e+07 1.0680e+07  6.86%   1.3   13s
  3834  3458 1.0680e+07 1094   53 1.1467e+07 1.0680e+07  6.86%   1.3   15s
H 3838  3288                    1.144511e+07 1.0950e+07  4.33%   1.4   15s
H 3840  3126                    1.143549e+07 1.0950e+07  4.24%   1.4   15s
  4897  3908 1.1002e+07  291  129 1.1435e+07 1.0992e+07  3.88%   2.1   20s
  6746  5394 1.1032e+07  762  118 1.1435e+07 1.0992e+07  3.88%   2.6   25s
H 7762  5595                    1.140466e+07 1.0992e+07  3.62%   3.2   26s
H 8975  6520                    1.140369e+07 1.0992e+07  3.61%   5.0   29s
H 8976  6377                    1.140273e+07 1.0992e+07  3.61%   5.0   29s
  9249  6598 1.1092e+07 1390  123 1.1403e+07 1.0992e+07  3.61%   5.4   30s
H10970  7504                    1.139869e+07 1.0992e+07  3.57%   7.2   33s
H11098  7333                    1.139826e+07 1.0992e+07  3.57%   7.3   33s
 11785  8221 1.1109e+07 1999  125 1.1398e+07 1.0992e+07  3.57%   7.9   35s
H12385  8838                    1.139807e+07 1.0992e+07  3.57%   8.3   36s
H13487  9755                    1.139667e+07 1.0992e+07  3.55%   9.0   38s
H13792  9978                    1.139624e+07 1.0992e+07  3.55%   9.0   39s
 14071 10447 1.1150e+07 2429  122 1.1396e+07 1.0992e+07  3.55%   8.9   40s
 15775 12351 1.1022e+07  364  117 1.1396e+07 1.0992e+07  3.55%   8.5   45s
 18359 14954 1.1132e+07  938  112 1.1396e+07 1.0992e+07  3.55%   8.2   50s
 21613 18188 1.1188e+07 2048   98 1.1396e+07 1.0992e+07  3.55%   8.1   55s
 24858 21199 1.1038e+07  407  126 1.1396e+07 1.0992e+07  3.55%   8.1   60s
H26621 22831                    1.138972e+07 1.0992e+07  3.50%   8.2   63s
H26680 22831                    1.138965e+07 1.0992e+07  3.49%   8.2   63s
 27309 23765 1.1170e+07  975   95 1.1390e+07 1.0992e+07  3.49%   8.1   65s
 30431 26811 1.1264e+07 1652   99 1.1390e+07 1.0992e+07  3.49%   8.6   70s
 32305 28705 1.1027e+07  195  115 1.1390e+07 1.0992e+07  3.49%   9.0   75s
H33760 30068                    1.138904e+07 1.0992e+07  3.49%   8.8   79s
H34051 30415                    1.138903e+07 1.0992e+07  3.49%   8.8   79s
H34245 30367                    1.137094e+07 1.0992e+07  3.34%   8.8   79s
 34381 30648 1.1327e+07  774   75 1.1371e+07 1.0992e+07  3.34%   8.7   80s
H34536 30422                    1.136775e+07 1.0992e+07  3.31%   8.7   80s
 36076 32312 1.1248e+07  541   73 1.1368e+07 1.0992e+07  3.31%   8.5   85s
 38304 34143 1.1364e+07 1712   59 1.1368e+07 1.0992e+07  3.31%   8.4   90s
 40469 36411 1.1226e+07  841   80 1.1368e+07 1.0992e+07  3.31%   8.3   95s
 42460 38137 1.1146e+07  191  125 1.1368e+07 1.0992e+07  3.31%   8.3  100s
 44941 40855 1.1335e+07  879   92 1.1368e+07 1.0992e+07  3.31%   8.0  105s
 47048 42532 1.1197e+07  386   81 1.1368e+07 1.0992e+07  3.31%   7.8  110s
H47662 43134                    1.136770e+07 1.0992e+07  3.31%   7.7  111s
H48291 43541                    1.136730e+07 1.0992e+07  3.30%   7.7  112s
H48620 43853                    1.136694e+07 1.0992e+07  3.30%   7.6  112s
H48717 43782                    1.136555e+07 1.0992e+07  3.29%   7.6  112s
 49550 44735 1.1125e+07  202  127 1.1366e+07 1.0992e+07  3.29%   7.6  115s
H50645 45463                    1.135974e+07 1.0992e+07  3.24%   7.5  116s
 52279 47358 1.1132e+07  134   89 1.1360e+07 1.0992e+07  3.24%   7.4  120s
*55249 46926            2433    1.134007e+07 1.0992e+07  3.07%   7.1  123s
 55773 47536 1.1189e+07  263   72 1.1340e+07 1.0992e+07  3.07%   7.1  125s
H56555 48053                    1.134005e+07 1.0992e+07  3.07%   7.1  126s
 58444 50056 1.1229e+07  875   73 1.1340e+07 1.0992e+07  3.07%   7.0  130s
 61016 52302 1.1293e+07  318   67 1.1340e+07 1.0992e+07  3.07%   6.8  135s
 63709 54815 1.0994e+07   67  131 1.1340e+07 1.0992e+07  3.07%   6.6  140s
 66403 57321 1.1129e+07  124  132 1.1340e+07 1.0992e+07  3.07%   6.5  145s
 68817 59825 1.1308e+07  502   64 1.1340e+07 1.0992e+07  3.07%   6.5  150s
 71323 61980 1.1272e+07  357  113 1.1340e+07 1.0992e+07  3.07%   6.4  155s
 74036 64461 1.1264e+07  165   74 1.1340e+07 1.0992e+07  3.07%   6.3  160s
 76899 67223     cutoff  665      1.1340e+07 1.0992e+07  3.07%   6.2  165s
 79072 69320 1.1143e+07   99   92 1.1340e+07 1.0992e+07  3.07%   6.2  170s
*80878 69379             812    1.133876e+07 1.0992e+07  3.06%   6.1  173s
 81709 70076 1.0997e+07   67  134 1.1339e+07 1.0992e+07  3.06%   6.1  175s
 85055 73182 1.1188e+07  160   84 1.1339e+07 1.0992e+07  3.06%   6.0  180s
H86583 74142                    1.133875e+07 1.0992e+07  3.06%   6.0  184s
 86733 74372 1.1128e+07  145  130 1.1339e+07 1.0992e+07  3.06%   6.0  185s
 89724 77189 1.1328e+07  342  107 1.1339e+07 1.0992e+07  3.06%   5.9  190s
 93023 80468 1.1174e+07  168   89 1.1339e+07 1.0992e+07  3.06%   5.8  195s
 96054 83010 1.1257e+07  162  112 1.1339e+07 1.0992e+07  3.06%   5.7  200s
 98941 85932 1.1165e+07  192  123 1.1339e+07 1.0992e+07  3.06%   5.7  205s
 101357 88079 1.1164e+07  143  123 1.1339e+07 1.0992e+07  3.06%   5.6  210s
 103683 90023 1.1152e+07  154  123 1.1339e+07 1.0992e+07  3.06%   5.6  215s
 106512 92663 1.1333e+07  439  107 1.1339e+07 1.0992e+07  3.06%   5.5  220s
 109090 95033     cutoff  357      1.1339e+07 1.0992e+07  3.06%   5.5  225s
 111235 96564 1.1290e+07  386   69 1.1339e+07 1.0992e+07  3.06%   5.4  230s
 113723 98582 1.1290e+07  300  110 1.1339e+07 1.0992e+07  3.06%   5.4  235s
 116581 101115 1.0992e+07   58  131 1.1339e+07 1.0992e+07  3.06%   5.3  240s
 119105 103616 1.1202e+07  234  118 1.1339e+07 1.0992e+07  3.06%   5.3  245s
 121424 105647 1.1162e+07  127  128 1.1339e+07 1.0992e+07  3.06%   5.2  250s
 123824 107880 1.1265e+07  319  111 1.1339e+07 1.0992e+07  3.06%   5.2  255s
 126306 109852     cutoff  354      1.1339e+07 1.0992e+07  3.06%   5.2  260s
H127110 110430                    1.133874e+07 1.0992e+07  3.06%   5.2  261s
H128256 111765                    1.133860e+07 1.0992e+07  3.06%   5.2  265s
H128514 112092                    1.133824e+07 1.0992e+07  3.05%   5.2  266s
H129701 112795                    1.133741e+07 1.0992e+07  3.05%   5.2  269s
 130053 113400 1.1226e+07  113   80 1.1337e+07 1.0992e+07  3.05%   5.2  270s
 132390 115412     cutoff  348      1.1337e+07 1.0992e+07  3.05%   5.2  275s
 135183 118151 1.1279e+07  798   70 1.1337e+07 1.0992e+07  3.05%   5.1  280s
 137661 120302 1.1272e+07  570  112 1.1337e+07 1.0992e+07  3.05%   5.1  285s
 140032 122438 1.1283e+07  185  108 1.1337e+07 1.0992e+07  3.05%   5.1  290s
 142248 124492 1.1291e+07  473  112 1.1337e+07 1.0992e+07  3.05%   5.1  295s
H142523 124607                    1.133741e+07 1.0992e+07  3.05%   5.1  296s
H143789 125752                    1.133655e+07 1.0992e+07  3.04%   5.1  300s
 145987 127833 1.1316e+07  498   97 1.1337e+07 1.0992e+07  3.04%   5.1  305s
 148605 130315 1.1192e+07  104   79 1.1337e+07 1.0992e+07  3.04%   5.1  310s
 150857 132163 1.1164e+07  147   88 1.1337e+07 1.0992e+07  3.04%   5.1  315s
 153157 134211 1.1306e+07  345  117 1.1337e+07 1.0992e+07  3.04%   5.1  321s
H153208 133550                    1.133375e+07 1.0992e+07  3.01%   5.1  321s
 154747 135039 1.1203e+07  146  120 1.1334e+07 1.0992e+07  3.01%   5.0  325s
 157561 137510 1.1291e+07  164  109 1.1334e+07 1.0992e+07  3.01%   5.0  330s
 160051 139826 1.1150e+07  129   96 1.1334e+07 1.0992e+07  3.01%   5.0  335s
 163014 142734 1.1231e+07  417  108 1.1334e+07 1.0992e+07  3.01%   5.0  340s
H163457 142646                    1.133346e+07 1.0992e+07  3.01%   5.0  340s
 165788 144971 1.1115e+07  120  127 1.1333e+07 1.0992e+07  3.01%   5.0  345s
 168255 147685 1.1238e+07  846   92 1.1333e+07 1.0992e+07  3.01%   5.0  350s
 170403 149219 1.1305e+07  179  109 1.1333e+07 1.0992e+07  3.01%   5.0  355s
 172790 151489 1.1199e+07  304  118 1.1333e+07 1.0992e+07  3.01%   4.9  360s
 175415 153844 1.1123e+07   78  132 1.1333e+07 1.0992e+07  3.01%   4.9  365s
 176941 155117     cutoff  164      1.1333e+07 1.0992e+07  3.01%   4.9  370s
 178756 156575 1.1305e+07  149   76 1.1333e+07 1.0992e+07  3.01%   4.9  375s
 180765 158464 1.1329e+07  144   70 1.1333e+07 1.0992e+07  3.01%   4.9  380s
 182844 160582 1.1215e+07  253  117 1.1333e+07 1.0992e+07  3.01%   5.0  385s
 184883 162136 1.1125e+07   84  126 1.1333e+07 1.0992e+07  3.01%   5.0  390s
 187582 164729     cutoff  113      1.1333e+07 1.0992e+07  3.01%   5.0  395s
 189953 167109 1.1309e+07  403  102 1.1333e+07 1.0992e+07  3.01%   5.0  400s
H190499 167239                    1.133346e+07 1.0992e+07  3.01%   5.0  401s
H190731 155856                    1.131380e+07 1.0992e+07  2.84%   5.0  403s
 191500 156470     cutoff  215      1.1314e+07 1.0992e+07  2.84%   5.0  405s
H191867 156743                    1.131380e+07 1.0992e+07  2.84%   5.0  406s
 193152 157782 1.1247e+07   95   86 1.1314e+07 1.0992e+07  2.84%   5.0  410s
 194491 158893 1.1278e+07  121   77 1.1314e+07 1.0992e+07  2.84%   5.0  415s
 195934 160123 1.1281e+07  100   76 1.1314e+07 1.0992e+07  2.84%   5.0  420s
 198168 162039 infeasible   66      1.1314e+07 1.0992e+07  2.84%   5.0  425s
 199902 163682 1.0996e+07   53  130 1.1314e+07 1.0992e+07  2.84%   5.0  430s
 201411 165092 1.0995e+07   62  130 1.1314e+07 1.0992e+07  2.84%   5.0  435s
 203163 166592 1.1155e+07  117  126 1.1314e+07 1.0992e+07  2.84%   5.1  440s
H204617 167800                    1.131380e+07 1.0992e+07  2.84%   5.1  443s
H204620 167800                    1.131380e+07 1.0992e+07  2.84%   5.1  443s
H204699 167727                    1.131370e+07 1.0992e+07  2.84%   5.1  443s
 205169 168606 1.1211e+07  413  120 1.1314e+07 1.0992e+07  2.84%   5.1  445s
 207126 170042     cutoff  109      1.1314e+07 1.0992e+07  2.84%   5.1  450s
 208311 170721 1.1239e+07  157  127 1.1314e+07 1.0992e+07  2.84%   5.1  455s
H208322 170711                    1.131369e+07 1.0992e+07  2.84%   5.1  455s
 210362 172620 1.1269e+07  688  114 1.1314e+07 1.0992e+07  2.84%   5.1  460s
 212274 174038 1.1266e+07  110   80 1.1314e+07 1.0992e+07  2.84%   5.1  465s
H212376 174016                    1.131367e+07 1.0992e+07  2.84%   5.1  465s
 214172 175704 1.1150e+07  111  124 1.1314e+07 1.0992e+07  2.84%   5.1  470s
 216244 177822 1.1253e+07  258  107 1.1314e+07 1.0992e+07  2.84%   5.1  475s
 218028 178995 1.0995e+07   61  130 1.1314e+07 1.0992e+07  2.84%   5.1  480s
 219676 180504     cutoff  111      1.1314e+07 1.0992e+07  2.84%   5.2  485s
H220147 180807                    1.131364e+07 1.0992e+07  2.84%   5.2  486s
 221364 181978 1.1209e+07  303  116 1.1314e+07 1.0992e+07  2.84%   5.2  490s
 223545 183909     cutoff  137      1.1314e+07 1.0992e+07  2.84%   5.2  495s
 225145 185373 1.1245e+07  276  101 1.1314e+07 1.0992e+07  2.84%   5.2  500s
 227215 186727 1.1243e+07  265  114 1.1314e+07 1.0992e+07  2.84%   5.2  506s
 228267 187834 1.1151e+07  102  126 1.1314e+07 1.0992e+07  2.84%   5.2  510s
 229787 189591 1.1255e+07  448  116 1.1314e+07 1.0992e+07  2.84%   5.2  515s
 231929 191126 1.1213e+07   95   88 1.1314e+07 1.0992e+07  2.84%   5.2  520s
 233687 192857 1.1176e+07  214  120 1.1314e+07 1.0992e+07  2.84%   5.2  525s
 235376 194131 1.1200e+07   83   85 1.1314e+07 1.0992e+07  2.84%   5.2  530s
 237262 195960 1.1303e+07  496  107 1.1314e+07 1.0992e+07  2.84%   5.2  535s
 238761 197054 1.1104e+07   84  132 1.1314e+07 1.0992e+07  2.84%   5.3  540s
 240702 198826 1.1300e+07   99   76 1.1314e+07 1.0992e+07  2.84%   5.3  545s
 242426 200246 1.1145e+07  101  128 1.1314e+07 1.0992e+07  2.84%   5.3  550s
 244375 202037 1.1300e+07   99   76 1.1314e+07 1.0992e+07  2.84%   5.3  555s
 246193 203510     cutoff  240      1.1314e+07 1.0992e+07  2.84%   5.3  560s
 247945 205007 1.1207e+07   83   85 1.1314e+07 1.0993e+07  2.84%   5.3  565s
 249656 206449 1.1305e+07   95   73 1.1314e+07 1.0993e+07  2.84%   5.3  570s
 251305 208185 1.1233e+07  249  115 1.1314e+07 1.0993e+07  2.84%   5.3  575s
 253037 209667 1.1276e+07  278  113 1.1314e+07 1.0993e+07  2.84%   5.3  580s
 255109 211305 1.1248e+07  402   82 1.1314e+07 1.0993e+07  2.84%   5.3  585s
H256365 212732                    1.131363e+07 1.0993e+07  2.84%   5.3  589s
H256956 212869                    1.131363e+07 1.0993e+07  2.84%   5.3  590s
 257708 213622 1.1002e+07   70  131 1.1314e+07 1.0993e+07  2.84%   5.3  595s
H258230 214005                    1.131358e+07 1.0993e+07  2.84%   5.3  596s
 259417 215010 1.1306e+07  106  114 1.1314e+07 1.0993e+07  2.84%   5.3  600s
 261119 216535 1.1249e+07  105   81 1.1314e+07 1.0993e+07  2.84%   5.3  605s
 263224 218383 1.1309e+07  291   64 1.1314e+07 1.0993e+07  2.84%   5.4  610s
 265167 220049 1.1297e+07  104   75 1.1314e+07 1.0993e+07  2.84%   5.4  615s
 266971 221611 1.1238e+07   75   81 1.1314e+07 1.0993e+07  2.84%   5.4  620s
 269299 223528 1.1299e+07  130   75 1.1314e+07 1.0993e+07  2.84%   5.4  625s
 271144 225140     cutoff   97      1.1314e+07 1.0993e+07  2.84%   5.4  630s
H271162 225132                    1.131358e+07 1.0993e+07  2.84%   5.4  630s
 272305 226722 1.1199e+07  212  121 1.1314e+07 1.0993e+07  2.84%   5.4  635s
 274611 228355 1.1250e+07   95   81 1.1314e+07 1.0993e+07  2.84%   5.4  640s
 276177 229495     cutoff   86      1.1314e+07 1.0993e+07  2.84%   5.4  645s
 278329 231446 1.0994e+07   61  132 1.1314e+07 1.0993e+07  2.84%   5.4  650s
 280521 233599 1.1246e+07  267  116 1.1314e+07 1.0993e+07  2.84%   5.4  655s
 282775 235463 1.1269e+07   85   81 1.1314e+07 1.0993e+07  2.84%   5.4  660s
 284169 236570 1.1110e+07   64   97 1.1314e+07 1.0993e+07  2.84%   5.4  665s
 286338 238419 1.0993e+07   55  132 1.1314e+07 1.0993e+07  2.84%   5.5  670s
 288289 240374     cutoff   96      1.1314e+07 1.0993e+07  2.84%   5.5  675s
 290312 241867 1.1177e+07   80   93 1.1314e+07 1.0993e+07  2.84%   5.4  680s
 291782 243046     cutoff  115      1.1314e+07 1.0993e+07  2.84%   5.5  685s
 293495 244781 1.1290e+07  310   97 1.1314e+07 1.0993e+07  2.84%   5.5  690s
 295217 246266 infeasible  239      1.1314e+07 1.0993e+07  2.84%   5.5  695s
 296933 247744 1.1252e+07  210   72 1.1314e+07 1.0993e+07  2.84%   5.5  700s
 298470 248816 1.1150e+07  113  118 1.1314e+07 1.0993e+07  2.84%   5.5  705s
 300240 250393 1.1141e+07  116  129 1.1314e+07 1.0993e+07  2.84%   5.5  710s
 301737 251615     cutoff  109      1.1314e+07 1.0993e+07  2.84%   5.5  715s
 303534 253073 1.1188e+07  235  120 1.1314e+07 1.0993e+07  2.84%   5.5  720s
 304723 254415 1.1291e+07  446   71 1.1314e+07 1.0993e+07  2.84%   5.5  725s
 306180 255610 1.1252e+07  207   67 1.1314e+07 1.0993e+07  2.84%   5.5  730s
H306848 256319                    1.131358e+07 1.0993e+07  2.84%   5.5  731s
 308187 257137 1.1302e+07  111  114 1.1314e+07 1.0993e+07  2.84%   5.5  735s
 309905 258731     cutoff  126      1.1314e+07 1.0993e+07  2.84%   5.5  740s
 311728 260209     cutoff  130      1.1314e+07 1.0993e+07  2.84%   5.5  745s
 313018 261397 1.1181e+07  144  125 1.1314e+07 1.0993e+07  2.84%   5.6  751s
 314887 263104 1.1246e+07  350   72 1.1314e+07 1.0993e+07  2.84%   5.6  755s
 316780 264626     cutoff  124      1.1314e+07 1.0993e+07  2.84%   5.6  760s
 318928 266635 1.1247e+07  120  112 1.1314e+07 1.0993e+07  2.84%   5.6  765s
 320618 267873     cutoff  133      1.1314e+07 1.0993e+07  2.84%   5.6  770s
 322539 269509     cutoff   92      1.1314e+07 1.0993e+07  2.84%   5.6  775s
 324233 270930 1.1234e+07   79   85 1.1314e+07 1.0993e+07  2.84%   5.6  780s
 325806 272121 1.1152e+07   77   94 1.1314e+07 1.0993e+07  2.84%   5.6  785s
 327132 273023 1.1174e+07   72   89 1.1314e+07 1.0993e+07  2.84%   5.6  790s
 328770 274565 1.1142e+07  113  131 1.1314e+07 1.0993e+07  2.84%   5.6  795s
 330112 275733 1.1101e+07   58  130 1.1314e+07 1.0993e+07  2.84%   5.6  800s
 331813 277040 1.1258e+07   81   82 1.1314e+07 1.0993e+07  2.84%   5.6  805s
 333689 278731 1.1242e+07  127   84 1.1314e+07 1.0993e+07  2.84%   5.6  810s
 335289 280424 1.1250e+07  278  112 1.1314e+07 1.0993e+07  2.84%   5.6  815s
 337059 281704 1.1224e+07   71   87 1.1314e+07 1.0993e+07  2.84%   5.7  820s
 339121 283467 1.1184e+07  157  123 1.1314e+07 1.0993e+07  2.84%   5.7  825s
H340363 284356                    1.131352e+07 1.0993e+07  2.84%   5.7  828s
 340505 284745 1.1216e+07  254  118 1.1314e+07 1.0993e+07  2.84%   5.7  830s
 342043 286126 1.1165e+07  134  128 1.1314e+07 1.0993e+07  2.84%   5.7  835s
 343805 287407 1.1183e+07   69   89 1.1314e+07 1.0993e+07  2.84%   5.7  840s
 345704 289107     cutoff  117      1.1314e+07 1.0993e+07  2.84%   5.7  845s
 347656 290769 1.1299e+07   96   75 1.1314e+07 1.0993e+07  2.84%   5.7  850s
 349686 292860     cutoff  573      1.1314e+07 1.0993e+07  2.84%   5.7  856s
 351097 294161 1.1169e+07  151  120 1.1314e+07 1.0993e+07  2.84%   5.7  860s
 353110 295675 1.1117e+07   91  130 1.1314e+07 1.0993e+07  2.84%   5.7  865s
 354779 297495 1.1175e+07  187  121 1.1314e+07 1.0993e+07  2.84%   5.7  870s
 356577 298907 1.1280e+07   92   82 1.1314e+07 1.0993e+07  2.84%   5.7  875s
 358362 300738 1.1244e+07  314  111 1.1314e+07 1.0993e+07  2.83%   5.7  881s
 360370 302265 1.1308e+07  290   71 1.1314e+07 1.0993e+07  2.83%   5.7  885s
 362208 303767 1.1229e+07  328   85 1.1314e+07 1.0993e+07  2.83%   5.7  890s
 364548 306184 1.1184e+07  168  121 1.1314e+07 1.0993e+07  2.83%   5.7  895s
 366645 307924 1.1155e+07  119  131 1.1314e+07 1.0993e+07  2.83%   5.7  900s
 368345 309305 1.1137e+07  130  125 1.1314e+07 1.0993e+07  2.83%   5.7  905s
 370260 310776 1.1307e+07  113  110 1.1314e+07 1.0993e+07  2.83%   5.7  910s
 371897 312261 1.1252e+07  302  109 1.1314e+07 1.0993e+07  2.83%   5.7  915s
 373418 313943 1.1261e+07  278  106 1.1314e+07 1.0993e+07  2.83%   5.7  920s
H374383 308893                    1.130862e+07 1.0993e+07  2.79%   5.7  923s
 374732 309249 1.1134e+07   59   96 1.1309e+07 1.0993e+07  2.79%   5.8  925s
H375424 309728                    1.130862e+07 1.0993e+07  2.79%   5.8  927s
 376006 310338     cutoff  156      1.1309e+07 1.0993e+07  2.79%   5.8  930s
 377617 311957 1.1248e+07  442  116 1.1309e+07 1.0993e+07  2.79%   5.8  935s
 379140 312858 1.1278e+07  140   79 1.1309e+07 1.0993e+07  2.79%   5.8  940s
 380299 313793 1.1269e+07   98  117 1.1309e+07 1.0993e+07  2.79%   5.8  945s
 382094 315579 1.1283e+07  402   67 1.1309e+07 1.0993e+07  2.79%   5.8  950s
 383570 316667 1.1279e+07  451   73 1.1309e+07 1.0993e+07  2.79%   5.8  955s
 384657 317764 1.1289e+07  100  119 1.1309e+07 1.0993e+07  2.79%   5.8  960s
 386835 319574 1.1144e+07   62   92 1.1309e+07 1.0993e+07  2.79%   5.8  965s
 388357 321014 1.1253e+07  386  115 1.1309e+07 1.0993e+07  2.79%   5.8  970s
 390169 322512 1.1001e+07   68  129 1.1309e+07 1.0993e+07  2.79%   5.8  975s
 392132 324206 1.1275e+07  494   77 1.1309e+07 1.0993e+07  2.79%   5.8  980s
 393995 325902 1.1287e+07  531  108 1.1309e+07 1.0993e+07  2.79%   5.8  985s
 395930 327471     cutoff  633      1.1309e+07 1.0993e+07  2.79%   5.8  990s
 397321 328020 1.1308e+07  733   73 1.1309e+07 1.0993e+07  2.79%   5.8  995s
 399358 329736 1.1122e+07  102  126 1.1309e+07 1.0993e+07  2.79%   5.9 1000s
 401517 331545 1.1297e+07  430   71 1.1309e+07 1.0993e+07  2.79%   5.9 1005s
 403000 333071 1.1256e+07  237  113 1.1309e+07 1.0993e+07  2.79%   5.9 1010s
 405263 334810 1.1298e+07  111   76 1.1309e+07 1.0993e+07  2.79%   5.9 1015s
 406983 336424 1.0994e+07   54  131 1.1309e+07 1.0993e+07  2.79%   5.9 1020s
 408717 338140 infeasible  161      1.1309e+07 1.0993e+07  2.79%   5.9 1025s
 410380 339781 1.1225e+07  235  123 1.1309e+07 1.0993e+07  2.79%   5.9 1030s
 412277 341494 1.1275e+07  280  111 1.1309e+07 1.0993e+07  2.79%   5.9 1035s
 414768 343209 1.1118e+07   63   96 1.1309e+07 1.0993e+07  2.79%   5.9 1040s
 416071 344280 1.1107e+07   73  128 1.1309e+07 1.0993e+07  2.79%   5.9 1045s
 418154 345983 1.1126e+07   70   94 1.1309e+07 1.0993e+07  2.79%   5.9 1050s
 419796 347305 1.1133e+07   68   94 1.1309e+07 1.0993e+07  2.79%   5.9 1055s
 421551 348807 1.1277e+07  126  111 1.1309e+07 1.0993e+07  2.79%   5.9 1060s
 423066 350287 1.1267e+07  236  110 1.1309e+07 1.0993e+07  2.79%   5.9 1065s
 424733 351681 1.1102e+07   66  128 1.1309e+07 1.0993e+07  2.79%   5.9 1070s
 426595 353311 1.1279e+07  529   70 1.1309e+07 1.0993e+07  2.79%   6.0 1075s
 427969 354324 1.1234e+07  206  113 1.1309e+07 1.0993e+07  2.79%   6.0 1080s
 430010 356284 1.1239e+07   70   83 1.1309e+07 1.0993e+07  2.79%   6.0 1085s
 432533 358438     cutoff   88      1.1309e+07 1.0993e+07  2.79%   6.0 1090s
 434080 359831 1.1164e+07  122  122 1.1309e+07 1.0993e+07  2.79%   6.0 1095s
 435849 361204 1.1138e+07   72  131 1.1309e+07 1.0993e+07  2.79%   6.0 1100s
 437729 362766 1.1160e+07  158  122 1.1309e+07 1.0993e+07  2.79%   6.0 1106s
 438978 364154 1.1232e+07  441  118 1.1309e+07 1.0993e+07  2.79%   6.0 1110s
 440854 365807 1.1303e+07  955   68 1.1309e+07 1.0993e+07  2.79%   6.0 1115s
 442480 367251     cutoff   88      1.1309e+07 1.0993e+07  2.79%   6.0 1120s
 444433 369361 1.1276e+07  334  109 1.1309e+07 1.0993e+07  2.79%   6.0 1125s
 445937 370451 1.1187e+07  166  126 1.1309e+07 1.0993e+07  2.79%   6.0 1130s
 447405 371474 1.1293e+07  122   79 1.1309e+07 1.0993e+07  2.79%   6.0 1135s
 448936 372922 1.1274e+07  472   80 1.1309e+07 1.0993e+07  2.79%   6.0 1140s
 450422 374467 1.1247e+07  273  112 1.1309e+07 1.0993e+07  2.79%   6.0 1145s
 452287 375624 1.1208e+07   70   82 1.1309e+07 1.0993e+07  2.79%   6.0 1150s
 453903 376973     cutoff  282      1.1309e+07 1.0993e+07  2.79%   6.0 1155s
 455818 378706 1.1293e+07   91   79 1.1309e+07 1.0993e+07  2.79%   6.0 1160s
 456884 379902 1.1197e+07  230  118 1.1309e+07 1.0993e+07  2.79%   6.0 1165s
 458768 381575 1.1156e+07  116  125 1.1309e+07 1.0993e+07  2.79%   6.0 1170s
 460553 382817     cutoff  153      1.1309e+07 1.0993e+07  2.79%   6.0 1175s
 462023 384220 1.1292e+07  325  109 1.1309e+07 1.0993e+07  2.79%   6.0 1180s
 463490 385446 1.1151e+07  112  129 1.1309e+07 1.0993e+07  2.79%   6.0 1185s
 465111 386602     cutoff  110      1.1309e+07 1.0993e+07  2.79%   6.0 1190s
 467070 388501 1.1277e+07   94  117 1.1309e+07 1.0993e+07  2.79%   6.0 1195s
 469243 390175 1.1265e+07   93   79 1.1309e+07 1.0993e+07  2.79%   6.0 1200s
 470710 391716 1.1131e+07  126  125 1.1309e+07 1.0993e+07  2.79%   6.0 1205s
 472430 393025 1.1301e+07  475  114 1.1309e+07 1.0993e+07  2.79%   6.0 1210s
 474546 395156 1.1287e+07  381   68 1.1309e+07 1.0993e+07  2.79%   6.0 1215s
 476229 396506 1.1185e+07  185  123 1.1309e+07 1.0993e+07  2.79%   6.0 1220s
 477702 397498 1.1009e+07   67  126 1.1309e+07 1.0993e+07  2.79%   6.0 1225s
 479350 398841 1.1262e+07   74   81 1.1309e+07 1.0993e+07  2.79%   6.0 1230s
 481312 400487 1.1290e+07   99   77 1.1309e+07 1.0993e+07  2.79%   6.0 1235s
 482779 401799 1.1209e+07  102   92 1.1309e+07 1.0993e+07  2.79%   6.0 1240s
 484500 403344 1.1265e+07   78   77 1.1309e+07 1.0993e+07  2.79%   6.0 1245s
 486270 404923 1.1243e+07   69   79 1.1309e+07 1.0993e+07  2.79%   6.0 1250s
 488358 406894 1.1210e+07  174  120 1.1309e+07 1.0993e+07  2.79%   6.0 1255s
 489706 407682 1.1297e+07   96   79 1.1309e+07 1.0993e+07  2.79%   6.0 1260s
 491621 409272 1.1006e+07   66  130 1.1309e+07 1.0993e+07  2.79%   6.0 1265s
 492857 410180 1.1256e+07   85   83 1.1309e+07 1.0993e+07  2.79%   6.1 1270s
 494174 411528 1.1173e+07  117  130 1.1309e+07 1.0993e+07  2.79%   6.1 1275s
 495810 412721 1.1233e+07   87   87 1.1309e+07 1.0993e+07  2.79%   6.1 1280s
 497329 414192 1.1179e+07  168  125 1.1309e+07 1.0993e+07  2.79%   6.1 1285s
 499213 415502 1.0998e+07   65  134 1.1309e+07 1.0993e+07  2.79%   6.1 1290s
 500758 417135 1.1290e+07  280  108 1.1309e+07 1.0993e+07  2.79%   6.1 1295s
 502387 418240     cutoff   84      1.1309e+07 1.0993e+07  2.79%   6.1 1300s
 503890 419463     cutoff   94      1.1309e+07 1.0993e+07  2.79%   6.1 1305s
 505689 421062 1.1236e+07  215  112 1.1309e+07 1.0993e+07  2.79%   6.1 1310s
 507800 422698     cutoff   91      1.1309e+07 1.0993e+07  2.79%   6.1 1315s
 509724 424459 1.1243e+07   75   81 1.1309e+07 1.0993e+07  2.79%   6.1 1320s
 511189 425728 1.1122e+07   77  126 1.1309e+07 1.0993e+07  2.79%   6.1 1325s
 512882 427127 1.1127e+07   80  124 1.1309e+07 1.0993e+07  2.79%   6.1 1330s
 514347 428161 1.1126e+07   70  128 1.1309e+07 1.0993e+07  2.79%   6.1 1335s
 516063 429459 1.1218e+07  204  118 1.1309e+07 1.0993e+07  2.79%   6.1 1341s
 517397 431209 1.1201e+07   63   83 1.1309e+07 1.0993e+07  2.79%   6.1 1345s
 519257 432696 1.1136e+07   66   95 1.1309e+07 1.0993e+07  2.79%   6.1 1350s
 521286 434628 1.1281e+07  399   74 1.1309e+07 1.0993e+07  2.79%   6.1 1355s
 523259 436072 1.1291e+07  284   73 1.1309e+07 1.0993e+07  2.79%   6.1 1360s
 524620 437257 1.1182e+07  143  123 1.1309e+07 1.0993e+07  2.79%   6.1 1365s
 526028 438395 1.1107e+07   69  132 1.1309e+07 1.0993e+07  2.79%   6.1 1370s
 527629 439700 1.1139e+07   57   97 1.1309e+07 1.0993e+07  2.79%   6.2 1375s
H528154 440231                    1.130862e+07 1.0993e+07  2.79%   6.2 1377s
 528977 441015 1.1148e+07  114  126 1.1309e+07 1.0993e+07  2.79%   6.2 1380s
 530770 442277 1.1238e+07  105  124 1.1309e+07 1.0993e+07  2.79%   6.2 1385s
 532245 443847 1.1256e+07  274   81 1.1309e+07 1.0993e+07  2.79%   6.2 1390s
 533590 444749 1.1191e+07  170  120 1.1309e+07 1.0993e+07  2.79%   6.2 1396s
 535030 446153 1.1295e+07  561   69 1.1309e+07 1.0993e+07  2.79%   6.2 1400s
 536432 447136 1.1262e+07   72   80 1.1309e+07 1.0993e+07  2.79%   6.2 1405s
 537474 447810 1.1273e+07   85   84 1.1309e+07 1.0993e+07  2.79%   6.2 1410s
 539389 449312     cutoff  102      1.1309e+07 1.0993e+07  2.79%   6.2 1415s
 540897 450617 1.1133e+07   79   98 1.1309e+07 1.0993e+07  2.79%   6.2 1421s
 542607 452242 1.1165e+07  123  120 1.1309e+07 1.0993e+07  2.79%   6.2 1425s
 544624 454272 1.1181e+07  148  123 1.1309e+07 1.0993e+07  2.79%   6.2 1430s
 545934 455500 1.1188e+07  122  122 1.1309e+07 1.0993e+07  2.79%   6.2 1435s
 547629 456544 1.1242e+07  112  115 1.1309e+07 1.0993e+07  2.79%   6.2 1440s
 548879 457845 1.1248e+07  214  111 1.1309e+07 1.0993e+07  2.79%   6.2 1445s
 550956 459653 1.1184e+07  139  121 1.1309e+07 1.0993e+07  2.79%   6.2 1450s
 552491 460624 1.1306e+07   97  116 1.1309e+07 1.0993e+07  2.79%   6.2 1455s
 554003 462131 1.1198e+07   79  129 1.1309e+07 1.0993e+07  2.79%   6.2 1460s
 556056 463643 1.1304e+07  507   76 1.1309e+07 1.0993e+07  2.79%   6.2 1465s
 557766 465291 1.1300e+07  303   74 1.1309e+07 1.0993e+07  2.79%   6.2 1470s
 559759 467105 1.1223e+07  498  119 1.1309e+07 1.0993e+07  2.79%   6.2 1475s
 561817 468966 1.1236e+07  357  116 1.1309e+07 1.0993e+07  2.79%   6.2 1480s
 563722 470424     cutoff  525      1.1309e+07 1.0993e+07  2.79%   6.3 1485s
 565376 471801 1.1142e+07   72  132 1.1309e+07 1.0993e+07  2.79%   6.3 1490s
 566500 472536 1.1281e+07   91   80 1.1309e+07 1.0993e+07  2.79%   6.3 1495s
 568266 474195 1.1279e+07  483  106 1.1309e+07 1.0993e+07  2.79%   6.3 1500s
 569461 474937 1.1161e+07   75  126 1.1309e+07 1.0993e+07  2.79%   6.3 1505s
 570593 476138 1.1181e+07  131  123 1.1309e+07 1.0993e+07  2.79%   6.3 1510s
 572543 477749 1.1151e+07   58   96 1.1309e+07 1.0993e+07  2.79%   6.3 1515s
 574487 479438 1.1296e+07  100   74 1.1309e+07 1.0993e+07  2.79%   6.3 1520s
 576764 481529 1.1192e+07  156  121 1.1309e+07 1.0993e+07  2.79%   6.3 1525s
 578163 482526 1.1109e+07   66  131 1.1309e+07 1.0993e+07  2.79%   6.3 1530s
 579644 483953 1.1182e+07  215  122 1.1309e+07 1.0993e+07  2.79%   6.3 1535s
 581529 485487 1.1140e+07   72   89 1.1309e+07 1.0993e+07  2.79%   6.3 1540s
 583480 487175     cutoff  146      1.1309e+07 1.0993e+07  2.79%   6.3 1545s
 585327 488747     cutoff   86      1.1309e+07 1.0993e+07  2.79%   6.3 1550s
 586485 489564 1.1175e+07  180  117 1.1309e+07 1.0993e+07  2.79%   6.3 1555s
 588198 491127 1.1297e+07   96   74 1.1309e+07 1.0993e+07  2.79%   6.3 1560s
 590032 492991 1.1278e+07  449   69 1.1309e+07 1.0993e+07  2.79%   6.3 1565s
 591435 494156 1.1235e+07  204  118 1.1309e+07 1.0993e+07  2.79%   6.3 1570s
 592970 495685 1.1280e+07  408   81 1.1309e+07 1.0993e+07  2.79%   6.3 1575s
 594519 497106 1.1221e+07  245  117 1.1309e+07 1.0993e+07  2.79%   6.3 1580s
 596202 498572 1.1166e+07  194  126 1.1309e+07 1.0993e+07  2.79%   6.3 1585s
 598031 500443 1.1217e+07  314  121 1.1309e+07 1.0993e+07  2.79%   6.3 1591s
 599297 500990     cutoff  117      1.1309e+07 1.0993e+07  2.79%   6.3 1595s
 600523 501926 1.1275e+07   93  114 1.1309e+07 1.0993e+07  2.79%   6.3 1600s
 602068 503386 1.1145e+07   75  132 1.1309e+07 1.0993e+07  2.79%   6.3 1605s
 603653 504681 1.1289e+07   99   70 1.1309e+07 1.0993e+07  2.79%   6.3 1610s
 605294 506112 1.1157e+07  124  128 1.1309e+07 1.0993e+07  2.79%   6.3 1615s
 607157 507633 1.1294e+07  402   78 1.1309e+07 1.0993e+07  2.79%   6.4 1620s

Gurobi 11.0.3 (linux64, Java) logging started qua 17 dez 2025 14:54:13 -03

Set parameter WLSAccessID
Set parameter WLSSecret
Set parameter LicenseID to value 2566693

Gurobi 11.0.3 (linux64, Java) logging started qui 18 dez 2025 11:09:15 -03

Set parameter WLSAccessID
Set parameter WLSSecret
Set parameter LicenseID to value 2566693
Academic license 2566693 - for non-commercial use only - registered to ja___@ufv.br
Set parameter NonConvex to value 2
Set parameter TimeLimit to value 3600
Set parameter LogToConsole to value 0
Set parameter MIPGap to value 4.7478399160473358e-08
Set parameter Threads to value 2
Set parameter NodefileDir to value "/home/ps12398/efpe/goalProgrammingMarcos/"
Set parameter NodefileStart to value 1
Gurobi Optimizer version 11.0.3 build v11.0.3rc0 (linux64)

CPU model: Intel(R) Xeon(R) CPU           X5650  @ 2.67GHz, instruction set [SSE2]
Thread count: 12 physical cores, 24 logical processors, using up to 2 threads

Academic license 2566693 - for non-commercial use only - registered to ja___@ufv.br
Optimize a model with 62245 rows, 41913 columns and 208202 nonzeros
Model fingerprint: 0x720c1337
Model has 149 quadratic constraints
Variable types: 20886 continuous, 21027 integer (144 binary)
Coefficient statistics:
  Matrix range     [7e-03, 6e+06]
  QMatrix range    [7e-03, 1e+05]
  QLMatrix range   [1e+00, 1e+05]
  Objective range  [1e+00, 4e+07]
  Bounds range     [1e+00, 1e+08]
  RHS range        [1e+00, 2e+06]
Presolve removed 61899 rows and 41199 columns
Presolve time: 0.15s
Presolved: 915 rows, 891 columns, 20832 nonzeros
Presolved model has 2 SOS constraint(s)
Presolved model has 144 bilinear constraint(s)

Solving non-convex MIQCP

Variable types: 470 continuous, 421 integer (146 binary)
Found heuristic solution: objective 1.404691e+07

Root relaxation: objective 1.009479e+07, 133 iterations, 0.01 seconds (0.00 work units)

    Nodes    |    Current Node    |     Objective Bounds      |     Work
 Expl Unexpl |  Obj  Depth IntInf | Incumbent    BestBd   Gap | It/Node Time

     0     0 1.0095e+07    0  136 1.4047e+07 1.0095e+07  28.1%     -    0s
H    0     0                    1.233298e+07 1.0095e+07  18.1%     -    0s
     0     0 1.0581e+07    0  139 1.2333e+07 1.0581e+07  14.2%     -    0s
H    0     0                    1.183005e+07 1.0581e+07  10.6%     -    0s
     0     0 1.0612e+07    0  140 1.1830e+07 1.0612e+07  10.3%     -    0s
H    0     0                    1.165276e+07 1.0612e+07  8.94%     -    0s
     0     0 1.0612e+07    0  140 1.1653e+07 1.0612e+07  8.93%     -    0s
     0     0 1.0612e+07    0  141 1.1653e+07 1.0612e+07  8.93%     -    1s
     0     0 1.0612e+07    0  138 1.1653e+07 1.0612e+07  8.93%     -    1s
H    0     0                    1.160581e+07 1.0612e+07  8.56%     -    1s
     0     2 1.0612e+07    0  138 1.1606e+07 1.0612e+07  8.56%     -    1s
H  445   494                    1.160566e+07 1.0613e+07  8.56%   1.3    3s
H  543   598                    1.154306e+07 1.0613e+07  8.06%   1.3    3s
H  609   709                    1.154300e+07 1.0613e+07  8.06%   1.3    4s
H  663   709                    1.154271e+07 1.0613e+07  8.06%   1.3    4s
H  790   800                    1.154029e+07 1.0613e+07  8.04%   1.3    4s
   904  1011 1.0618e+07  446  131 1.1540e+07 1.0613e+07  8.04%   1.3    5s
H  968  1011                    1.154021e+07 1.0613e+07  8.04%   1.3    5s
H 1001  1011                    1.153981e+07 1.0613e+07  8.03%   1.3    5s
H 1232  1243                    1.153935e+07 1.0613e+07  8.03%   1.3    6s
H 1297  1361                    1.153934e+07 1.0613e+07  8.03%   1.3    6s
H 1320  1361                    1.153906e+07 1.0613e+07  8.03%   1.3    6s
H 1412  1455                    1.153903e+07 1.0613e+07  8.03%   1.3    7s
H 1508  1559                    1.153900e+07 1.0613e+07  8.03%   1.3    7s
H 1922  1976                    1.153741e+07 1.0613e+07  8.02%   1.2    8s
H 1997  2130                    1.153502e+07 1.0613e+07  8.00%   1.2    8s
H 2057  2130                    1.152556e+07 1.0613e+07  7.92%   1.2    8s
H 2060  2130                    1.150670e+07 1.0613e+07  7.77%   1.2    8s
  2526  2731 1.0629e+07 1205  131 1.1507e+07 1.0613e+07  7.77%   1.2   10s
H 3790  3821                    1.149894e+07 1.0613e+07  7.71%   1.2   12s
H 3824  3632                    1.147346e+07 1.0680e+07  6.92%   1.2   13s
H 3832  3457                    1.146701e+07 1.0680e+07  6.86%   1.3   14s
  3834  3458 1.0680e+07 1094   53 1.1467e+07 1.0680e+07  6.86%   1.3   15s
H 3838  3288                    1.144511e+07 1.0950e+07  4.33%   1.4   16s
H 3840  3126                    1.143549e+07 1.0950e+07  4.24%   1.4   16s
  4459  3627 1.0997e+07  184  128 1.1435e+07 1.0992e+07  3.88%   1.9   20s
  6200  4954 1.1020e+07  621  118 1.1435e+07 1.0992e+07  3.88%   2.3   25s
H 7762  5595                    1.140466e+07 1.0992e+07  3.62%   3.2   27s
  8680  6493 1.1090e+07 1251  123 1.1405e+07 1.0992e+07  3.62%   4.5   30s
H 8975  6520                    1.140369e+07 1.0992e+07  3.61%   5.0   31s
H 8976  6377                    1.140273e+07 1.0992e+07  3.61%   5.0   31s
 10656  7492 1.1088e+07 1716  111 1.1403e+07 1.0992e+07  3.61%   6.9   35s
H10970  7504                    1.139869e+07 1.0992e+07  3.57%   7.2   35s
H11098  7333                    1.139826e+07 1.0992e+07  3.57%   7.3   35s
H12385  8838                    1.139807e+07 1.0992e+07  3.57%   8.3   39s
 12688  9065 1.1096e+07 2219   95 1.1398e+07 1.0992e+07  3.57%   8.5   40s
H13487  9755                    1.139667e+07 1.0992e+07  3.55%   9.0   41s
H13792  9978                    1.139624e+07 1.0992e+07  3.55%   9.0   42s
 14526 10780 1.1185e+07 2432  118 1.1396e+07 1.0992e+07  3.55%   8.8   46s
 16201 12729 1.1029e+07  462  115 1.1396e+07 1.0992e+07  3.55%   8.5   50s
 18804 15387 1.1137e+07 1078  105 1.1396e+07 1.0992e+07  3.55%   8.2   55s
 21229 17763 1.1173e+07 1914  101 1.1396e+07 1.0992e+07  3.55%   8.1   60s
 23599 19980 1.0995e+07   91  126 1.1396e+07 1.0992e+07  3.55%   7.9   65s
 25574 22113 1.1118e+07  602  120 1.1396e+07 1.0992e+07  3.55%   8.3   70s
H26621 22831                    1.138972e+07 1.0992e+07  3.50%   8.2   72s
H26680 22831                    1.138965e+07 1.0992e+07  3.49%   8.2   72s
 27896 24353 1.1207e+07 1114  105 1.1390e+07 1.0992e+07  3.49%   8.2   75s
 30153 26581 1.1261e+07 1573   99 1.1390e+07 1.0992e+07  3.49%   8.5   80s
 32305 28705 1.1027e+07  195  115 1.1390e+07 1.0992e+07  3.49%   9.0   85s
H33760 30068                    1.138904e+07 1.0992e+07  3.49%   8.8   88s
H34051 30415                    1.138903e+07 1.0992e+07  3.49%   8.8   89s
H34245 30367                    1.137094e+07 1.0992e+07  3.34%   8.8   89s
 34381 30648 1.1327e+07  774   75 1.1371e+07 1.0992e+07  3.34%   8.7   90s
H34536 30422                    1.136775e+07 1.0992e+07  3.31%   8.7   90s
 36076 32312 1.1248e+07  541   73 1.1368e+07 1.0992e+07  3.31%   8.5   95s
 38257 34008 1.1352e+07 1711   55 1.1368e+07 1.0992e+07  3.31%   8.4  100s
 40469 36411 1.1226e+07  841   80 1.1368e+07 1.0992e+07  3.31%   8.3  105s
 42460 38137 1.1146e+07  191  125 1.1368e+07 1.0992e+07  3.31%   8.3  110s
 44941 40855 1.1335e+07  879   92 1.1368e+07 1.0992e+07  3.31%   8.0  115s
H47662 43134                    1.136770e+07 1.0992e+07  3.31%   7.7  120s
H48291 43541                    1.136730e+07 1.0992e+07  3.30%   7.7  121s
H48620 43853                    1.136694e+07 1.0992e+07  3.30%   7.6  122s
H48717 43782                    1.136555e+07 1.0992e+07  3.29%   7.6  122s
 49793 44993 1.1150e+07  294  123 1.1366e+07 1.0992e+07  3.29%   7.6  125s
H50645 45463                    1.135974e+07 1.0992e+07  3.24%   7.5  126s
 52731 47820 1.1235e+07  283   73 1.1360e+07 1.0992e+07  3.24%   7.4  130s
*55249 46926            2433    1.134007e+07 1.0992e+07  3.07%   7.1  132s
 56454 48086 1.1197e+07  420   84 1.1340e+07 1.0992e+07  3.07%   7.1  135s
H56555 48053                    1.134005e+07 1.0992e+07  3.07%   7.1  135s
 59042 50540 1.0994e+07   65  130 1.1340e+07 1.0992e+07  3.07%   6.9  140s
 61973 53356 1.1303e+07  507   95 1.1340e+07 1.0992e+07  3.07%   6.7  145s
 64694 55779 1.1175e+07  254  126 1.1340e+07 1.0992e+07  3.07%   6.6  150s
 67204 57948 1.1005e+07  115  127 1.1340e+07 1.0992e+07  3.07%   6.5  155s
 69609 60384 1.1170e+07  191   89 1.1340e+07 1.0992e+07  3.07%   6.5  160s
 72289 62764 1.1127e+07   81  129 1.1340e+07 1.0992e+07  3.07%   6.3  165s
 74521 64978 1.1124e+07  107   94 1.1340e+07 1.0992e+07  3.07%   6.3  170s
 77430 67706 1.1127e+07   92   91 1.1340e+07 1.0992e+07  3.07%   6.2  175s
 79860 70045 1.1142e+07   90   92 1.1340e+07 1.0992e+07  3.07%   6.2  180s
*80878 69379             812    1.133876e+07 1.0992e+07  3.06%   6.1  181s
 82467 70569     cutoff  208      1.1339e+07 1.0992e+07  3.06%   6.1  185s
 85447 73576 1.1003e+07   75  131 1.1339e+07 1.0992e+07  3.06%   6.0  190s
H86583 74142                    1.133875e+07 1.0992e+07  3.06%   6.0  193s
 87328 75078 1.1217e+07  396  111 1.1339e+07 1.0992e+07  3.06%   6.0  195s
 89724 77189 1.1328e+07  342  107 1.1339e+07 1.0992e+07  3.06%   5.9  200s
 92121 79635 1.1288e+07  319  112 1.1339e+07 1.0992e+07  3.06%   5.9  205s
 95079 82191 1.1258e+07  141   74 1.1339e+07 1.0992e+07  3.06%   5.8  210s
 97293 84162 1.1318e+07  162  110 1.1339e+07 1.0992e+07  3.06%   5.7  215s
 99994 86969 1.1262e+07  492  109 1.1339e+07 1.0992e+07  3.06%   5.6  220s
 102282 88920 1.1279e+07  251   71 1.1339e+07 1.0992e+07  3.06%   5.6  225s
 104658 91201 1.1297e+07  440   97 1.1339e+07 1.0992e+07  3.06%   5.6  230s
 107627 93618 1.1127e+07   70   97 1.1339e+07 1.0992e+07  3.06%   5.5  235s
 110391 95955     cutoff  244      1.1339e+07 1.0992e+07  3.06%   5.4  240s
 112319 97302 1.1004e+07   76  131 1.1339e+07 1.0992e+07  3.06%   5.4  245s
 114621 99325 1.1012e+07   72  130 1.1339e+07 1.0992e+07  3.06%   5.4  250s
 117388 101863 1.1208e+07  219   91 1.1339e+07 1.0992e+07  3.06%   5.3  255s
 119844 104293 1.1287e+07  526  106 1.1339e+07 1.0992e+07  3.06%   5.3  260s
 122051 106116 1.1136e+07   99   95 1.1339e+07 1.0992e+07  3.06%   5.2  265s
 124132 108075 1.1327e+07  380   65 1.1339e+07 1.0992e+07  3.06%   5.2  270s
 126306 109852     cutoff  354      1.1339e+07 1.0992e+07  3.06%   5.2  275s
H127110 110430                    1.133874e+07 1.0992e+07  3.06%   5.2  276s
 127877 111530 1.1238e+07  364  108 1.1339e+07 1.0992e+07  3.06%   5.2  280s
H128256 111765                    1.133860e+07 1.0992e+07  3.06%   5.2  281s
H128514 112092                    1.133824e+07 1.0992e+07  3.05%   5.2  282s
H129701 112795                    1.133741e+07 1.0992e+07  3.05%   5.2  284s
 129791 113029 1.1310e+07  269  107 1.1337e+07 1.0992e+07  3.05%   5.2  285s
 132027 115161 1.1227e+07  163   81 1.1337e+07 1.0992e+07  3.05%   5.2  290s
 134783 117747 1.1275e+07  552   76 1.1337e+07 1.0992e+07  3.05%   5.2  295s
 137094 119732 1.1196e+07  359  121 1.1337e+07 1.0992e+07  3.05%   5.1  300s
 139370 121773 1.1277e+07  360  112 1.1337e+07 1.0992e+07  3.05%   5.1  305s
 141383 123714 1.1169e+07  251  126 1.1337e+07 1.0992e+07  3.05%   5.1  310s
H142523 124607                    1.133741e+07 1.0992e+07  3.05%   5.1  313s
 142867 125011 1.1225e+07  148   85 1.1337e+07 1.0992e+07  3.05%   5.1  315s
H143789 125752                    1.133655e+07 1.0992e+07  3.04%   5.1  317s
 144982 126953 1.1217e+07  282  116 1.1337e+07 1.0992e+07  3.04%   5.1  320s
 146942 128778 1.1154e+07  136   98 1.1337e+07 1.0992e+07  3.04%   5.1  325s
 149538 130978 1.1164e+07   96   90 1.1337e+07 1.0992e+07  3.04%   5.1  330s
 151787 133055 1.0997e+07   60  131 1.1337e+07 1.0992e+07  3.04%   5.1  335s
 153157 134211 1.1306e+07  345  117 1.1337e+07 1.0992e+07  3.04%   5.1  340s
H153208 133550                    1.133375e+07 1.0992e+07  3.01%   5.1  340s
 155085 135376 1.1121e+07   96   99 1.1334e+07 1.0992e+07  3.01%   5.0  345s
 157300 137305 1.1331e+07  216   70 1.1334e+07 1.0992e+07  3.01%   5.0  350s
 159277 139203     cutoff  334      1.1334e+07 1.0992e+07  3.01%   5.0  355s
 161672 141126 1.1181e+07  166   91 1.1334e+07 1.0992e+07  3.01%   5.0  360s
H163457 142646                    1.133346e+07 1.0992e+07  3.01%   5.0  363s
 163459 143076 1.1268e+07  474   72 1.1333e+07 1.0992e+07  3.01%   5.0  365s
 165788 144971 1.1115e+07  120  127 1.1333e+07 1.0992e+07  3.01%   5.0  370s
 168255 147685 1.1238e+07  846   92 1.1333e+07 1.0992e+07  3.01%   5.0  375s
 170913 149766 1.1110e+07   67   97 1.1333e+07 1.0992e+07  3.01%   4.9  380s
 173121 151789 1.1226e+07  430  119 1.1333e+07 1.0992e+07  3.01%   4.9  385s
 175161 153620 1.1297e+07  268  110 1.1333e+07 1.0992e+07  3.01%   4.9  390s
 176693 154916 1.1331e+07  266   66 1.1333e+07 1.0992e+07  3.01%   4.9  395s
 178756 156575 1.1305e+07  149   76 1.1333e+07 1.0992e+07  3.01%   4.9  400s
 180966 158625 1.1324e+07  148   67 1.1333e+07 1.0992e+07  3.01%   4.9  405s
 182481 160172 1.1187e+07  230  115 1.1333e+07 1.0992e+07  3.01%   5.0  410s
 184666 161933 1.1311e+07  146   68 1.1333e+07 1.0992e+07  3.01%   5.0  415s
 186665 163864 1.1152e+07  116  126 1.1333e+07 1.0992e+07  3.01%   5.0  420s
 188413 165268 1.1254e+07  111   83 1.1333e+07 1.0992e+07  3.01%   5.0  425s
 189953 167109 1.1309e+07  403  102 1.1333e+07 1.0992e+07  3.01%   5.0  430s
H190499 167239                    1.133346e+07 1.0992e+07  3.01%   5.0  432s
H190731 155856                    1.131380e+07 1.0992e+07  2.84%   5.0  433s
 191129 156177 1.1268e+07   91   81 1.1314e+07 1.0992e+07  2.84%   5.0  435s
H191867 156743                    1.131380e+07 1.0992e+07  2.84%   5.0  437s
 192581 157329 1.1243e+07   82   81 1.1314e+07 1.0992e+07  2.84%   5.0  440s
 194116 158533 1.1304e+07  136   73 1.1314e+07 1.0992e+07  2.84%   5.0  445s
 195749 159878     cutoff  116      1.1314e+07 1.0992e+07  2.84%   5.0  451s
 197091 161390 1.1201e+07  214  121 1.1314e+07 1.0992e+07  2.84%   5.0  455s
 199252 163350 1.1202e+07  278  114 1.1314e+07 1.0992e+07  2.84%   5.0  460s
 200815 164723 1.1254e+07  321  111 1.1314e+07 1.0992e+07  2.84%   5.0  465s
 202447 165947 1.1229e+07   85   85 1.1314e+07 1.0992e+07  2.84%   5.1  470s
 203776 167149 1.1265e+07  291  110 1.1314e+07 1.0992e+07  2.84%   5.1  475s
H204617 167800                    1.131380e+07 1.0992e+07  2.84%   5.1  477s
H204620 167800                    1.131380e+07 1.0992e+07  2.84%   5.1  477s
H204699 167727                    1.131370e+07 1.0992e+07  2.84%   5.1  478s
 205672 168860 1.1256e+07  616   76 1.1314e+07 1.0992e+07  2.84%   5.1  480s
 207126 170042     cutoff  109      1.1314e+07 1.0992e+07  2.84%   5.1  485s
 208069 170622 1.1300e+07  133   66 1.1314e+07 1.0992e+07  2.84%   5.1  490s
H208322 170711                    1.131369e+07 1.0992e+07  2.84%   5.1  491s
 209924 172318 1.1236e+07  450  115 1.1314e+07 1.0992e+07  2.84%   5.1  495s
 211578 173417 infeasible   87      1.1314e+07 1.0992e+07  2.84%   5.1  500s
H212376 174016                    1.131367e+07 1.0992e+07  2.84%   5.1  502s
 213371 175033 1.1230e+07  278  116 1.1314e+07 1.0992e+07  2.84%   5.1  505s
 215360 176678 1.1114e+07   64   94 1.1314e+07 1.0992e+07  2.84%   5.1  510s
 217440 178764 1.1255e+07  108  120 1.1314e+07 1.0992e+07  2.84%   5.1  515s
 219122 179901 1.1297e+07  102   74 1.1314e+07 1.0992e+07  2.84%   5.1  520s
H220147 180807                    1.131364e+07 1.0992e+07  2.84%   5.2  523s
 220757 181302 1.1102e+07   61  130 1.1314e+07 1.0992e+07  2.84%   5.2  525s
 222462 182904 1.1146e+07   94  129 1.1314e+07 1.0992e+07  2.84%   5.2  530s
 224149 184169     cutoff   90      1.1314e+07 1.0992e+07  2.84%   5.2  535s
 225681 185583 1.1240e+07   86   82 1.1314e+07 1.0992e+07  2.84%   5.2  540s
 227215 186727 1.1243e+07  265  114 1.1314e+07 1.0992e+07  2.84%   5.2  546s
 228267 187834 1.1151e+07  102  126 1.1314e+07 1.0992e+07  2.84%   5.2  550s
 229787 189591 1.1255e+07  448  116 1.1314e+07 1.0992e+07  2.84%   5.2  555s
 231497 190954 1.1156e+07  192  118 1.1314e+07 1.0992e+07  2.84%   5.2  560s
 233140 192081 1.1296e+07  139   79 1.1314e+07 1.0992e+07  2.84%   5.2  565s
 234833 193732 1.0998e+07   59  131 1.1314e+07 1.0992e+07  2.84%   5.2  570s
 236938 195743 1.1270e+07  467  109 1.1314e+07 1.0992e+07  2.84%   5.2  576s
 238399 196716 1.1221e+07   81   84 1.1314e+07 1.0992e+07  2.84%   5.2  580s
 240511 198577 1.1270e+07   93  118 1.1314e+07 1.0992e+07  2.84%   5.3  585s
 242102 200002 1.1294e+07  131  110 1.1314e+07 1.0992e+07  2.84%   5.3  590s
 243909 201777 1.1283e+07  281  103 1.1314e+07 1.0992e+07  2.84%   5.3  595s
 245498 202943 1.1132e+07  106  129 1.1314e+07 1.0992e+07  2.84%   5.3  600s
 247283 204258     cutoff  113      1.1314e+07 1.0993e+07  2.84%   5.3  605s
 249204 206044     cutoff   92      1.1314e+07 1.0993e+07  2.84%   5.3  610s
 250548 207358 1.1131e+07  111  129 1.1314e+07 1.0993e+07  2.84%   5.3  615s
 252254 208765 1.1297e+07   93   77 1.1314e+07 1.0993e+07  2.84%   5.3  620s
 253882 210390 1.1178e+07   74   89 1.1314e+07 1.0993e+07  2.84%   5.3  625s
 255895 212314 1.1176e+07  167  125 1.1314e+07 1.0993e+07  2.84%   5.3  630s
H256365 212732                    1.131363e+07 1.0993e+07  2.84%   5.3  632s
H256956 212869                    1.131363e+07 1.0993e+07  2.84%   5.3  633s
 257022 212966 1.1188e+07   88  126 1.1314e+07 1.0993e+07  2.84%   5.3  635s
H258230 214005                    1.131358e+07 1.0993e+07  2.84%   5.3  639s
 258403 214436 1.1250e+07  292  109 1.1314e+07 1.0993e+07  2.84%   5.3  640s
 260035 215765 1.1153e+07  131  122 1.1314e+07 1.0993e+07  2.84%   5.3  645s
 261836 217177     cutoff  373      1.1314e+07 1.0993e+07  2.84%   5.3  650s
 263759 218942 1.1163e+07  264  120 1.1314e+07 1.0993e+07  2.84%   5.4  655s
 265167 220049 1.1297e+07  104   75 1.1314e+07 1.0993e+07  2.84%   5.4  660s
 266971 221611 1.1238e+07   75   81 1.1314e+07 1.0993e+07  2.84%   5.4  665s
 269131 223387     cutoff  306      1.1314e+07 1.0993e+07  2.84%   5.4  670s
 270930 225076 1.1301e+07  438  106 1.1314e+07 1.0993e+07  2.84%   5.4  675s
H271162 225132                    1.131358e+07 1.0993e+07  2.84%   5.4  676s
 272305 226722 1.1199e+07  212  121 1.1314e+07 1.0993e+07  2.84%   5.4  680s
 274170 228096 1.1185e+07  219  112 1.1314e+07 1.0993e+07  2.84%   5.4  685s
 275811 229226 1.1274e+07   86   76 1.1314e+07 1.0993e+07  2.84%   5.4  690s
 277658 231095 1.1304e+07  548   68 1.1314e+07 1.0993e+07  2.84%   5.4  695s
 279201 232254 1.1253e+07  261  116 1.1314e+07 1.0993e+07  2.84%   5.4  700s
 281099 233970 1.1253e+07  104   85 1.1314e+07 1.0993e+07  2.84%   5.4  705s
 282775 235463 1.1269e+07   85   81 1.1314e+07 1.0993e+07  2.84%   5.4  710s
 284169 236570 1.1110e+07   64   97 1.1314e+07 1.0993e+07  2.84%   5.4  715s
 285920 238136     cutoff   93      1.1314e+07 1.0993e+07  2.84%   5.4  720s
 288289 240374     cutoff   96      1.1314e+07 1.0993e+07  2.84%   5.5  725s
 290471 242046 1.1304e+07  101  116 1.1314e+07 1.0993e+07  2.84%   5.5  730s
 291958 243160     cutoff  107      1.1314e+07 1.0993e+07  2.84%   5.5  735s
 293877 244973 1.1230e+07   78   85 1.1314e+07 1.0993e+07  2.84%   5.5  740s
 295217 246266 infeasible  239      1.1314e+07 1.0993e+07  2.84%   5.5  746s
 296540 247381 1.1204e+07  112   91 1.1314e+07 1.0993e+07  2.84%   5.5  750s
 298315 248675 1.1268e+07   88  119 1.1314e+07 1.0993e+07  2.84%   5.5  755s
 299976 250178 1.0993e+07   60  131 1.1314e+07 1.0993e+07  2.84%   5.5  760s
 301454 251515 1.1283e+07  443   73 1.1314e+07 1.0993e+07  2.84%   5.5  765s
 303176 253071 1.1128e+07  101  127 1.1314e+07 1.0993e+07  2.84%   5.5  770s
 304000 253913 1.1242e+07  397  116 1.1314e+07 1.0993e+07  2.84%   5.5  775s
 305628 255054 1.1275e+07   95  116 1.1314e+07 1.0993e+07  2.84%   5.5  780s
H306848 256319                    1.131358e+07 1.0993e+07  2.84%   5.5  784s
 307243 256502 1.1272e+07  577   82 1.1314e+07 1.0993e+07  2.84%   5.5  785s
 308387 257484 1.1139e+07  113  127 1.1314e+07 1.0993e+07  2.84%   5.6  790s
 310153 258906 1.1115e+07   60  131 1.1314e+07 1.0993e+07  2.84%   5.5  795s
 312028 260354     cutoff  118      1.1314e+07 1.0993e+07  2.84%   5.6  800s
 313703 261771 1.1260e+07   78   79 1.1314e+07 1.0993e+07  2.84%   5.6  805s
 316003 264000 1.1111e+07   67   97 1.1314e+07 1.0993e+07  2.84%   5.6  810s
 317461 265419 1.1190e+07  179  120 1.1314e+07 1.0993e+07  2.84%   5.6  815s
 318928 266635 1.1247e+07  120  112 1.1314e+07 1.0993e+07  2.84%   5.6  820s
 321279 268838 1.1230e+07  241  109 1.1314e+07 1.0993e+07  2.84%   5.6  826s
 323029 269948 1.1271e+07   86  123 1.1314e+07 1.0993e+07  2.84%   5.6  830s
 324921 271518 1.1271e+07  113   67 1.1314e+07 1.0993e+07  2.84%   5.6  835s
 326277 272483 1.1275e+07  106  113 1.1314e+07 1.0993e+07  2.84%   5.6  840s
 327510 273371     cutoff   95      1.1314e+07 1.0993e+07  2.84%   5.6  845s
 329574 275057 1.1288e+07  301  102 1.1314e+07 1.0993e+07  2.84%   5.6  850s
 330724 276474 1.1191e+07  146  126 1.1314e+07 1.0993e+07  2.84%   5.6  855s
 332315 277577 1.1280e+07  299   80 1.1314e+07 1.0993e+07  2.84%   5.6  860s
 333954 278893     cutoff  283      1.1314e+07 1.0993e+07  2.84%   5.6  865s
 335289 280424 1.1250e+07  278  112 1.1314e+07 1.0993e+07  2.84%   5.6  870s
 337059 281704 1.1224e+07   71   87 1.1314e+07 1.0993e+07  2.84%   5.7  875s
 338851 283209 1.1124e+07   68   93 1.1314e+07 1.0993e+07  2.84%   5.7  880s
H340363 284356                    1.131352e+07 1.0993e+07  2.84%   5.7  884s
 340503 284358 1.1215e+07  253  119 1.1314e+07 1.0993e+07  2.84%   5.7  885s
 341788 285752 1.1112e+07   73  132 1.1314e+07 1.0993e+07  2.84%   5.7  890s
 343660 287171 1.0993e+07   57  133 1.1314e+07 1.0993e+07  2.84%   5.7  895s
 345281 288787 1.1243e+07  380  112 1.1314e+07 1.0993e+07  2.84%   5.7  900s
 346776 290358 1.1219e+07  162  121 1.1314e+07 1.0993e+07  2.84%   5.7  905s
 348564 291640 1.1197e+07   83   88 1.1314e+07 1.0993e+07  2.84%   5.7  910s
 350406 293256 1.1203e+07  101  127 1.1314e+07 1.0993e+07  2.84%   5.7  915s
 352331 295196 1.1202e+07   72   88 1.1314e+07 1.0993e+07  2.84%   5.7  920s
 353603 296415 1.1237e+07  215  118 1.1314e+07 1.0993e+07  2.84%   5.7  925s
 355732 298229 infeasible  449      1.1314e+07 1.0993e+07  2.84%   5.7  930s
 357042 299197 1.1224e+07   87   88 1.1314e+07 1.0993e+07  2.83%   5.7  935s
 358933 300879 1.1126e+07   61   97 1.1314e+07 1.0993e+07  2.83%   5.7  940s
 360626 302456 1.1144e+07   77   92 1.1314e+07 1.0993e+07  2.83%   5.7  945s
 362208 303767 1.1229e+07  328   85 1.1314e+07 1.0993e+07  2.83%   5.7  950s
 363892 305379 1.1239e+07  354  104 1.1314e+07 1.0993e+07  2.83%   5.7  955s
 365797 306944 1.1311e+07   98   68 1.1314e+07 1.0993e+07  2.83%   5.7  960s
 367437 308560 1.1265e+07  257  109 1.1314e+07 1.0993e+07  2.83%   5.7  965s
 368682 309870 1.1207e+07  208  114 1.1314e+07 1.0993e+07  2.83%   5.7  970s
 370442 310913 1.1192e+07  126  113 1.1314e+07 1.0993e+07  2.83%   5.7  975s
 372113 312407 1.1155e+07   58   92 1.1314e+07 1.0993e+07  2.83%   5.7  980s
 373886 314017 1.1297e+07   82   78 1.1314e+07 1.0993e+07  2.83%   5.7  985s
H374383 308893                    1.130862e+07 1.0993e+07  2.79%   5.7  987s
 374892 309409 1.1268e+07   79   83 1.1309e+07 1.0993e+07  2.79%   5.8  990s
H375424 309728                    1.130862e+07 1.0993e+07  2.79%   5.8  992s
 376259 310517 1.0996e+07   69  134 1.1309e+07 1.0993e+07  2.79%   5.8  995s
 377617 311957 1.1248e+07  442  116 1.1309e+07 1.0993e+07  2.79%   5.8 1000s
 379308 313002     cutoff  102      1.1309e+07 1.0993e+07  2.79%   5.8 1005s
 380299 313793 1.1269e+07   98  117 1.1309e+07 1.0993e+07  2.79%   5.8 1010s
 382094 315579 1.1283e+07  402   67 1.1309e+07 1.0993e+07  2.79%   5.8 1015s
 383731 316854 1.1220e+07   85   87 1.1309e+07 1.0993e+07  2.79%   5.8 1020s
 384930 317879 1.1271e+07   79   80 1.1309e+07 1.0993e+07  2.79%   5.8 1025s
 386629 319403 1.1301e+07   95   80 1.1309e+07 1.0993e+07  2.79%   5.8 1030s
 388357 321014 1.1253e+07  386  115 1.1309e+07 1.0993e+07  2.79%   5.8 1036s
 389762 322040 1.1252e+07  107  117 1.1309e+07 1.0993e+07  2.79%   5.8 1040s
 391748 324023 1.1274e+07  196   77 1.1309e+07 1.0993e+07  2.79%   5.8 1045s
 393476 325758 1.1234e+07  360  114 1.1309e+07 1.0993e+07  2.79%   5.8 1051s
 394887 326744 1.1255e+07  165   82 1.1309e+07 1.0993e+07  2.79%   5.8 1055s
 396377 327657 1.1296e+07  662   76 1.1309e+07 1.0993e+07  2.79%   5.8 1060s
 397532 328220 1.1296e+07  747   76 1.1309e+07 1.0993e+07  2.79%   5.9 1065s
 399068 329436 1.1126e+07   53   98 1.1309e+07 1.0993e+07  2.79%   5.9 1070s
 400456 330917 1.1266e+07  245  113 1.1309e+07 1.0993e+07  2.79%   5.9 1075s
 402432 332782 1.1186e+07  165  121 1.1309e+07 1.0993e+07  2.79%   5.9 1080s
 403906 333750 1.1128e+07  106  127 1.1309e+07 1.0993e+07  2.79%   5.9 1085s
 405614 335241 1.1106e+07   82  128 1.1309e+07 1.0993e+07  2.79%   5.9 1090s
 407183 336523 1.1292e+07  135  114 1.1309e+07 1.0993e+07  2.79%   5.9 1095s
 408717 338140 infeasible  161      1.1309e+07 1.0993e+07  2.79%   5.9 1100s
 410380 339781 1.1225e+07  235  123 1.1309e+07 1.0993e+07  2.79%   5.9 1105s
 412277 341494 1.1275e+07  280  111 1.1309e+07 1.0993e+07  2.79%   5.9 1111s
 413867 342633 1.1203e+07  210  123 1.1309e+07 1.0993e+07  2.79%   5.9 1115s
 415474 343823     cutoff   93      1.1309e+07 1.0993e+07  2.79%   5.9 1120s
 416686 345200 1.1203e+07  163  119 1.1309e+07 1.0993e+07  2.79%   5.9 1125s
 418338 346099 1.1173e+07   87  126 1.1309e+07 1.0993e+07  2.79%   5.9 1130s
 419796 347305 1.1133e+07   68   94 1.1309e+07 1.0993e+07  2.79%   5.9 1135s
 421551 348807 1.1277e+07  126  111 1.1309e+07 1.0993e+07  2.79%   5.9 1140s
 422758 349806 1.1200e+07  149  121 1.1309e+07 1.0993e+07  2.79%   5.9 1145s
 424425 351293 1.1270e+07  239  112 1.1309e+07 1.0993e+07  2.79%   5.9 1150s
 426091 353107 1.1247e+07  358  116 1.1309e+07 1.0993e+07  2.79%   6.0 1155s
 427449 353915 1.1206e+07   76   90 1.1309e+07 1.0993e+07  2.79%   6.0 1160s
 428845 355494 1.1194e+07  163  118 1.1309e+07 1.0993e+07  2.79%   6.0 1165s
 430716 356668     cutoff  582      1.1309e+07 1.0993e+07  2.79%   6.0 1170s
 432533 358438     cutoff   88      1.1309e+07 1.0993e+07  2.79%   6.0 1175s
 433802 359497     cutoff   94      1.1309e+07 1.0993e+07  2.79%   6.0 1180s
 435620 361044 1.1293e+07  350   75 1.1309e+07 1.0993e+07  2.79%   6.0 1185s
 437485 362738 1.1124e+07   92  121 1.1309e+07 1.0993e+07  2.79%   6.0 1190s
 438744 363910 1.1230e+07  381  121 1.1309e+07 1.0993e+07  2.79%   6.0 1195s
 440202 365489 1.1234e+07  793  117 1.1309e+07 1.0993e+07  2.79%   6.0 1200s
 441799 366692 1.1293e+07   85   73 1.1309e+07 1.0993e+07  2.79%   6.0 1205s
 444018 368877 1.1237e+07  266  116 1.1309e+07 1.0993e+07  2.79%   6.0 1211s
 445515 369931 1.0995e+07   54  130 1.1309e+07 1.0993e+07  2.79%   6.0 1215s
 447024 371119 1.1193e+07   72   90 1.1309e+07 1.0993e+07  2.79%   6.0 1220s
 448566 372713 1.1274e+07  190   80 1.1309e+07 1.0993e+07  2.79%   6.0 1225s
 449932 373975 1.1162e+07  115  124 1.1309e+07 1.0993e+07  2.79%   6.0 1230s
 452069 375517     cutoff  249      1.1309e+07 1.0993e+07  2.79%   6.0 1235s
 453282 376637 1.1161e+07  119  123 1.1309e+07 1.0993e+07  2.79%   6.0 1240s
 454613 377879 1.1188e+07  132  127 1.1309e+07 1.0993e+07  2.79%   6.0 1245s
 456235 378856 1.1101e+07   73  129 1.1309e+07 1.0993e+07  2.79%   6.0 1251s
 457299 380241 1.1244e+07  334  121 1.1309e+07 1.0993e+07  2.79%   6.0 1255s
 459187 382112 1.1217e+07  219  115 1.1309e+07 1.0993e+07  2.79%   6.0 1261s
 460553 382817     cutoff  153      1.1309e+07 1.0993e+07  2.79%   6.0 1265s
 462023 384220 1.1292e+07  325  109 1.1309e+07 1.0993e+07  2.79%   6.0 1270s
 464280 386235 1.1259e+07  259  110 1.1309e+07 1.0993e+07  2.79%   6.0 1275s
 465901 387715 1.1221e+07  186  122 1.1309e+07 1.0993e+07  2.79%   6.0 1280s
 467405 388851 1.1270e+07   83   81 1.1309e+07 1.0993e+07  2.79%   6.0 1285s
 469243 390175 1.1265e+07   93   79 1.1309e+07 1.0993e+07  2.79%   6.0 1290s
 470487 391294 1.1111e+07   71  129 1.1309e+07 1.0993e+07  2.79%   6.0 1295s
 472430 393025 1.1301e+07  475  114 1.1309e+07 1.0993e+07  2.79%   6.0 1300s
 474019 394727 1.1202e+07  230  118 1.1309e+07 1.0993e+07  2.79%   6.0 1305s
 476229 396506 1.1185e+07  185  123 1.1309e+07 1.0993e+07  2.79%   6.0 1310s
 478106 398002 1.1182e+07  139  124 1.1309e+07 1.0993e+07  2.79%   6.0 1315s
 479528 399024 1.1287e+07   86   78 1.1309e+07 1.0993e+07  2.79%   6.0 1320s
 481312 400487 1.1290e+07   99   77 1.1309e+07 1.0993e+07  2.79%   6.0 1325s
 482779 401799 1.1209e+07  102   92 1.1309e+07 1.0993e+07  2.79%   6.0 1331s
 484126 403224 1.1262e+07  534   69 1.1309e+07 1.0993e+07  2.79%   6.0 1335s
 485872 404788 1.1270e+07  291  108 1.1309e+07 1.0993e+07  2.79%   6.0 1340s
 487696 406401 1.1293e+07   96   81 1.1309e+07 1.0993e+07  2.79%   6.0 1345s
 489059 407235 1.1277e+07   81  117 1.1309e+07 1.0993e+07  2.79%   6.0 1350s
 490704 408821 1.1222e+07  225  122 1.1309e+07 1.0993e+07  2.79%   6.0 1355s
 492341 409786 1.1293e+07   95   78 1.1309e+07 1.0993e+07  2.79%   6.1 1360s
 493522 410790 1.1167e+07   73  129 1.1309e+07 1.0993e+07  2.79%   6.1 1365s
 494871 412036 1.1255e+07  280  119 1.1309e+07 1.0993e+07  2.79%   6.1 1370s
 496422 413055 1.1256e+07   92   80 1.1309e+07 1.0993e+07  2.79%   6.1 1375s
 497817 414799 1.1218e+07  277  121 1.1309e+07 1.0993e+07  2.79%   6.1 1380s
 499598 415950 1.1303e+07  101  120 1.1309e+07 1.0993e+07  2.79%   6.1 1385s
 500642 416835 1.1278e+07  265  110 1.1309e+07 1.0993e+07  2.79%   6.1 1390s
 502138 418126 1.1284e+07   85   77 1.1309e+07 1.0993e+07  2.79%   6.1 1395s
 503369 418996 1.1226e+07   71   82 1.1309e+07 1.0993e+07  2.79%   6.1 1400s
 504683 420093 1.0998e+07   62  134 1.1309e+07 1.0993e+07  2.79%   6.1 1405s
 506281 421276 1.1286e+07   77   76 1.1309e+07 1.0993e+07  2.79%   6.1 1410s
 508066 422953 1.1135e+07  108  129 1.1309e+07 1.0993e+07  2.79%   6.1 1415s
 509474 424164     cutoff   95      1.1309e+07 1.0993e+07  2.79%   6.1 1420s
 510850 425447 1.1175e+07  102  121 1.1309e+07 1.0993e+07  2.79%   6.1 1425s
 512405 426683 1.1280e+07  540  114 1.1309e+07 1.0993e+07  2.79%   6.1 1430s
 513783 427789 1.1282e+07   87   77 1.1309e+07 1.0993e+07  2.79%   6.1 1435s
 515289 428916 1.1246e+07  544   80 1.1309e+07 1.0993e+07  2.79%   6.1 1440s
 516067 429781 1.1211e+07  205  118 1.1309e+07 1.0993e+07  2.79%   6.1 1445s
 518355 432064 1.1262e+07   81   82 1.1309e+07 1.0993e+07  2.79%   6.1 1450s
 519900 433194 1.1151e+07  146  131 1.1309e+07 1.0993e+07  2.79%   6.1 1455s
 521678 434864 1.1287e+07  404   74 1.1309e+07 1.0993e+07  2.79%   6.1 1460s
 522911 435863 1.1236e+07  228  115 1.1309e+07 1.0993e+07  2.79%   6.1 1465s
 524387 436892 1.1121e+07   76  128 1.1309e+07 1.0993e+07  2.79%   6.1 1470s
 525893 438086     cutoff   90      1.1309e+07 1.0993e+07  2.79%   6.1 1475s
 527307 439406 1.1296e+07  272   75 1.1309e+07 1.0993e+07  2.79%   6.1 1480s
H528154 440231                    1.130862e+07 1.0993e+07  2.79%   6.2 1484s
 528507 440392     cutoff  132      1.1309e+07 1.0993e+07  2.79%   6.2 1485s
 529840 441652 1.1273e+07  329   78 1.1309e+07 1.0993e+07  2.79%   6.2 1490s
 531281 442914 1.1147e+07  111  126 1.1309e+07 1.0993e+07  2.79%   6.2 1495s
 532848 444164 1.1260e+07   97   80 1.1309e+07 1.0993e+07  2.79%   6.2 1500s
 533688 445160 1.1206e+07  194  120 1.1309e+07 1.0993e+07  2.79%   6.2 1505s
 535216 446437 1.1300e+07  564   70 1.1309e+07 1.0993e+07  2.79%   6.2 1510s
 536619 447319 1.1230e+07   73   80 1.1309e+07 1.0993e+07  2.79%   6.2 1515s
 537895 448151     cutoff   84      1.1309e+07 1.0993e+07  2.79%   6.2 1520s
 539389 449312     cutoff  102      1.1309e+07 1.0993e+07  2.79%   6.2 1525s
 540897 450617 1.1133e+07   79   98 1.1309e+07 1.0993e+07  2.79%   6.2 1531s
 542393 452002 1.1287e+07   91  117 1.1309e+07 1.0993e+07  2.79%   6.2 1535s
 544227 453939 1.1141e+07   76  130 1.1309e+07 1.0993e+07  2.79%   6.2 1540s
 545629 455064 1.1133e+07   63  132 1.1309e+07 1.0993e+07  2.79%   6.2 1545s

Gurobi 11.0.3 (linux64, Java) logging started qui 18 dez 2025 12:44:45 -03

Set parameter WLSAccessID
Set parameter WLSSecret
Set parameter LicenseID to value 2566693
Academic license 2566693 - for non-commercial use only - registered to ja___@ufv.br
Set parameter NonConvex to value 2
Set parameter TimeLimit to value 3600
Set parameter LogToConsole to value 0
Set parameter MIPGap to value 4.7478399160473358e-08
Set parameter Threads to value 1
Set parameter NodefileDir to value "/home/ps12398/efpe/goalProgrammingMarcos/"
Set parameter NodefileStart to value 0.5
Gurobi Optimizer version 11.0.3 build v11.0.3rc0 (linux64)

CPU model: Intel(R) Xeon(R) CPU           X5650  @ 2.67GHz, instruction set [SSE2]
Thread count: 12 physical cores, 24 logical processors, using up to 1 threads

Academic license 2566693 - for non-commercial use only - registered to ja___@ufv.br
Optimize a model with 62245 rows, 41913 columns and 208202 nonzeros
Model fingerprint: 0x720c1337
Model has 149 quadratic constraints
Variable types: 20886 continuous, 21027 integer (144 binary)
Coefficient statistics:
  Matrix range     [7e-03, 6e+06]
  QMatrix range    [7e-03, 1e+05]
  QLMatrix range   [1e+00, 1e+05]
  Objective range  [1e+00, 4e+07]
  Bounds range     [1e+00, 1e+08]
  RHS range        [1e+00, 2e+06]
Presolve removed 61899 rows and 41199 columns
Presolve time: 0.14s
Presolved: 915 rows, 891 columns, 20832 nonzeros
Presolved model has 2 SOS constraint(s)
Presolved model has 144 bilinear constraint(s)

Solving non-convex MIQCP

Variable types: 470 continuous, 421 integer (146 binary)
Found heuristic solution: objective 1.404691e+07

Root relaxation: objective 1.009479e+07, 133 iterations, 0.01 seconds (0.00 work units)

    Nodes    |    Current Node    |     Objective Bounds      |     Work
 Expl Unexpl |  Obj  Depth IntInf | Incumbent    BestBd   Gap | It/Node Time

     0     0 1.0095e+07    0  136 1.4047e+07 1.0095e+07  28.1%     -    0s
H    0     0                    1.233298e+07 1.0095e+07  18.1%     -    0s
     0     0 1.0581e+07    0  139 1.2333e+07 1.0581e+07  14.2%     -    0s
H    0     0                    1.183005e+07 1.0581e+07  10.6%     -    0s
     0     0 1.0612e+07    0  140 1.1830e+07 1.0612e+07  10.3%     -    0s
H    0     0                    1.165276e+07 1.0612e+07  8.94%     -    0s
     0     0 1.0612e+07    0  140 1.1653e+07 1.0612e+07  8.93%     -    0s
     0     0 1.0612e+07    0  141 1.1653e+07 1.0612e+07  8.93%     -    0s
     0     0 1.0612e+07    0  138 1.1653e+07 1.0612e+07  8.93%     -    0s
H    0     0                    1.160581e+07 1.0612e+07  8.56%     -    0s
     0     2 1.0612e+07    0  138 1.1606e+07 1.0612e+07  8.56%     -    0s
H  147   147                    1.155028e+07 1.0613e+07  8.12%   1.2    1s
H  345   345                    1.154995e+07 1.0613e+07  8.12%   1.1    2s
H  620   620                    1.154805e+07 1.0613e+07  8.10%   1.1    3s
H  796   796                    1.154741e+07 1.0613e+07  8.10%   1.1    4s
  1048  1050 1.0618e+07 1030  129 1.1547e+07 1.0613e+07  8.10%   1.1    5s
H 1071  1071                    1.154138e+07 1.0613e+07  8.05%   1.1    5s
H 1168  1168                    1.154055e+07 1.0613e+07  8.04%   1.1    5s
H 1459  1459                    1.153829e+07 1.0613e+07  8.02%   1.1    6s
H 1556  1556                    1.153765e+07 1.0613e+07  8.02%   1.1    6s
H 1653  1653                    1.153696e+07 1.0613e+07  8.01%   1.1    7s
H 1750  1750                    1.153670e+07 1.0613e+07  8.01%   1.1    7s
H 1847  1847                    1.153618e+07 1.0613e+07  8.01%   1.1    7s
H 1944  1944                    1.153591e+07 1.0613e+07  8.00%   1.1    7s
H 2041  2041                    1.153473e+07 1.0613e+07  7.99%   1.1    8s
H 2138  2138                    1.153161e+07 1.0613e+07  7.97%   1.1    8s
H 2235  2235                    1.150998e+07 1.0613e+07  7.80%   1.1    8s
H 2429  2429                    1.149371e+07 1.0613e+07  7.67%   1.2    8s
H 2526  2526                    1.147399e+07 1.0613e+07  7.51%   1.2    9s
H 2554  2426                    1.147346e+07 1.0680e+07  6.92%   1.2    9s
  2561  2432 1.0680e+07  622   53 1.1473e+07 1.0680e+07  6.92%   1.3   10s
H 2562  2311                    1.146701e+07 1.0680e+07  6.86%   1.3   10s
H 2568  2200                    1.144511e+07 1.0950e+07  4.33%   1.4   10s
H 2570  2091                    1.143549e+07 1.0950e+07  4.24%   1.4   11s
H 4175  3056                    1.143425e+07 1.0992e+07  3.87%   2.5   14s
H 4272  3022                    1.142921e+07 1.0992e+07  3.83%   2.6   14s
H 4466  3056                    1.141450e+07 1.0992e+07  3.71%   2.8   14s
H 4563  3031                    1.140563e+07 1.0992e+07  3.63%   2.9   14s
  4825  3208 1.1071e+07 1164  124 1.1406e+07 1.0992e+07  3.63%   3.2   15s
H 5145  3333                    1.140190e+07 1.0992e+07  3.60%   4.6   15s
H 5339  3381                    1.140180e+07 1.0992e+07  3.60%   5.3   15s
H 6406  4015                    1.140039e+07 1.0992e+07  3.59%   8.0   17s
H 6600  4071                    1.139947e+07 1.0992e+07  3.58%   8.3   17s
H 6794  4213                    1.139867e+07 1.0992e+07  3.57%   8.5   17s
H 7182  4601                    1.139773e+07 1.0992e+07  3.56%   9.1   18s
  8412  5833 1.1032e+07  327  128 1.1398e+07 1.0992e+07  3.56%   8.9   20s
 11360  8781 1.1161e+07 1801  113 1.1398e+07 1.0992e+07  3.56%  11.1   25s
H11454  8873                    1.139772e+07 1.0992e+07  3.56%  11.1   25s
H11572  8991                    1.139772e+07 1.0992e+07  3.56%  11.1   25s
 14611 12022 1.1251e+07  820  115 1.1398e+07 1.0992e+07  3.56%  10.3   30s
H15327 12736                    1.139771e+07 1.0992e+07  3.56%  10.3   31s
H16295 13704                    1.139771e+07 1.0992e+07  3.56%  10.4   32s
H17561 14970                    1.139609e+07 1.0992e+07  3.55%  10.1   34s
H17658 15066                    1.139394e+07 1.0992e+07  3.53%  10.1   34s
H17946 15354                    1.139229e+07 1.0992e+07  3.52%  10.0   34s
 18136 15546 1.1321e+07 2438  107 1.1392e+07 1.0992e+07  3.52%   9.9   35s
 21711 19099 1.1327e+07  617  103 1.1392e+07 1.0992e+07  3.52%   9.1   40s
 25515 22903 1.1360e+07 2441   94 1.1392e+07 1.0992e+07  3.52%   8.8   45s
H27843 25059                    1.138576e+07 1.0992e+07  3.46%   8.5   48s
H27916 24838                    1.137322e+07 1.0992e+07  3.35%   8.5   48s
H28231 24871                    1.136915e+07 1.0992e+07  3.32%   8.5   48s
H28425 24983                    1.136793e+07 1.0992e+07  3.31%   8.5   48s
H28619 25119                    1.136736e+07 1.0992e+07  3.31%   8.5   49s
H29007 25479                    1.136552e+07 1.0992e+07  3.29%   8.5   49s
 29266 25740 1.1302e+07 1002  104 1.1366e+07 1.0992e+07  3.29%   8.5   50s
H29880 26347                    1.136503e+07 1.0992e+07  3.29%   8.5   50s
H29977 26442                    1.136499e+07 1.0992e+07  3.28%   8.5   51s
H30171 26056                    1.135999e+07 1.0992e+07  3.24%   8.4   51s
 33119 28976 1.1343e+07 1431  103 1.1360e+07 1.0992e+07  3.24%   8.0   55s
 37230 32841 1.1346e+07  479   90 1.1360e+07 1.0992e+07  3.24%   7.7   60s
 41401 36846 1.1356e+07 1136   51 1.1360e+07 1.0992e+07  3.24%   7.8   65s
*41572 36303            1209    1.135894e+07 1.0992e+07  3.23%   7.8   65s
*41589 36295            1209    1.135893e+07 1.0992e+07  3.23%   7.8   65s
*41599 36292            1210    1.135892e+07 1.0992e+07  3.23%   7.8   65s
*41603 36289            1208    1.135892e+07 1.0992e+07  3.23%   7.8   65s
*42723 33491             461    1.134549e+07 1.0992e+07  3.12%   7.7   66s
*42732 33465             459    1.134537e+07 1.0992e+07  3.12%   7.7   66s
 45682 36308 1.1268e+07  399  107 1.1345e+07 1.0992e+07  3.12%   7.5   70s
 49630 39969 1.1339e+07  884   56 1.1345e+07 1.0992e+07  3.12%   7.2   75s
 53820 43862 1.1139e+07  104   94 1.1345e+07 1.0992e+07  3.11%   6.9   80s
H55094 44847                    1.134520e+07 1.0992e+07  3.11%   6.8   81s
 57562 47219 1.1262e+07  876   74 1.1345e+07 1.0992e+07  3.11%   6.8   85s
 61644 51276 1.1165e+07  203   88 1.1345e+07 1.0992e+07  3.11%   7.0   90s
 65799 55039 1.1167e+07  147  125 1.1345e+07 1.0992e+07  3.11%   6.8   95s
 69438 58498 1.1335e+07  876   92 1.1345e+07 1.0992e+07  3.11%   6.7  100s
*70756 59170            1531    1.134327e+07 1.0992e+07  3.09%   6.6  101s
H71756 59669                    1.134317e+07 1.0993e+07  3.09%   6.6  103s
 73088 60899 1.1142e+07  211  130 1.1343e+07 1.0993e+07  3.09%   6.5  105s
H74112 61079                    1.134050e+07 1.0993e+07  3.07%   6.5  106s
*74264 61144             639    1.134036e+07 1.0993e+07  3.07%   6.5  106s
 76790 63301 1.1174e+07  337  131 1.1340e+07 1.0993e+07  3.07%   6.4  110s
 80534 67011 1.1168e+07  222  125 1.1340e+07 1.0993e+07  3.07%   6.6  115s
 84394 70489 1.1245e+07  320  118 1.1340e+07 1.0993e+07  3.06%   6.4  120s
H86634 72554                    1.134036e+07 1.0993e+07  3.06%   6.4  122s
H86635 72085                    1.133909e+07 1.0993e+07  3.05%   6.4  123s
H86644 71450                    1.133740e+07 1.0993e+07  3.04%   6.4  123s
 87868 72627 1.1207e+07  142   87 1.1337e+07 1.0993e+07  3.04%   6.3  125s
 91921 76312 1.1134e+07   64   92 1.1337e+07 1.0993e+07  3.04%   6.2  130s
 96022 80074 1.1299e+07 1122   48 1.1337e+07 1.0993e+07  3.03%   6.1  135s
 100442 84191 1.1150e+07  240  128 1.1337e+07 1.0993e+07  3.03%   5.9  140s
 104437 87746 1.1188e+07   85  126 1.1337e+07 1.0994e+07  3.03%   5.8  145s
 108309 91191 1.1138e+07  214  129 1.1337e+07 1.0994e+07  3.03%   5.7  150s
 111968 94472 1.1257e+07  528  120 1.1337e+07 1.0994e+07  3.03%   5.7  155s
 115520 97584 1.1233e+07  266  116 1.1337e+07 1.0994e+07  3.03%   5.6  160s
 119499 101377 1.1302e+07 1293   51 1.1337e+07 1.0994e+07  3.03%   5.6  165s
 123929 105565 1.1227e+07  246  116 1.1337e+07 1.0994e+07  3.03%   5.6  170s
 127220 108535 1.1270e+07  514   73 1.1337e+07 1.0994e+07  3.03%   5.6  175s
 130613 111553 1.1155e+07  163  130 1.1337e+07 1.0994e+07  3.03%   5.5  180s
 134489 115050 1.1257e+07  313  113 1.1337e+07 1.0994e+07  3.03%   5.5  185s
 138325 118447 1.1310e+07  185   67 1.1337e+07 1.0994e+07  3.03%   5.5  190s
 141480 121358 1.1296e+07  592   56 1.1337e+07 1.0994e+07  3.03%   5.5  195s
 146291 126092 1.1322e+07 1294   58 1.1337e+07 1.0994e+07  3.03%   5.4  200s
 149454 128678 1.1295e+07  198  111 1.1337e+07 1.0995e+07  3.02%   5.4  205s
 152689 131428 1.1173e+07  235  126 1.1337e+07 1.0995e+07  3.02%   5.4  210s
 156199 134446 1.1328e+07  200   64 1.1337e+07 1.0995e+07  3.02%   5.3  215s
 159559 137598 1.1262e+07  483   52 1.1337e+07 1.0995e+07  3.02%   5.3  220s
 164625 142485 1.1244e+07  131   72 1.1337e+07 1.0995e+07  3.02%   5.3  225s
 167816 145209 1.0999e+07  137  135 1.1337e+07 1.0995e+07  3.02%   5.3  230s
H169115 145452                    1.133641e+07 1.0995e+07  3.01%   5.3  232s
 170252 146342 1.1158e+07  137  132 1.1336e+07 1.0995e+07  3.01%   5.3  235s
 173491 149117 1.1262e+07  491   72 1.1336e+07 1.0995e+07  3.01%   5.3  240s
 176455 151759 1.1301e+07  623   67 1.1336e+07 1.0995e+07  3.01%   5.3  245s
 179694 154624 1.1242e+07  329   76 1.1336e+07 1.0995e+07  3.01%   5.3  250s
H181477 156201                    1.133630e+07 1.0995e+07  3.01%   5.3  251s
H181488 156188                    1.133620e+07 1.0995e+07  3.01%   5.3  251s
H181490 156190                    1.133620e+07 1.0995e+07  3.01%   5.3  251s
H181494 156165                    1.133608e+07 1.0995e+07  3.01%   5.3  251s
 183256 156968 1.1257e+07  221  116 1.1336e+07 1.0995e+07  3.01%   5.4  255s
 186539 159946 1.1002e+07   74  133 1.1336e+07 1.0995e+07  3.00%   5.4  260s
 189540 162507 1.1134e+07  195  131 1.1336e+07 1.0996e+07  3.00%   5.4  265s
 192749 165369 1.1217e+07   75   86 1.1336e+07 1.0996e+07  3.00%   5.4  270s
 195752 167948 1.1167e+07  177  124 1.1336e+07 1.0996e+07  3.00%   5.4  275s
H196235 168334                    1.133596e+07 1.0996e+07  3.00%   5.4  275s
 198847 170578 1.1132e+07  193  125 1.1336e+07 1.0996e+07  3.00%   5.4  280s
 201762 173116 1.1136e+07  220  122 1.1336e+07 1.0996e+07  3.00%   5.4  285s
H204772 175836                    1.133596e+07 1.0996e+07  2.99%   5.4  289s
 204878 175892     cutoff  615      1.1336e+07 1.0996e+07  2.99%   5.4  290s
 208248 178961 1.1287e+07  800   56 1.1336e+07 1.0997e+07  2.99%   5.4  295s
H208263 178098                    1.133531e+07 1.0997e+07  2.99%   5.4  295s
H208554 178302                    1.133527e+07 1.0997e+07  2.99%   5.4  295s
H209233 178805                    1.133500e+07 1.0997e+07  2.98%   5.4  295s
 211932 181131 1.1166e+07  175  124 1.1335e+07 1.0997e+07  2.98%   5.4  300s
 214862 183671 1.1190e+07  325  116 1.1335e+07 1.0997e+07  2.98%   5.4  305s
 217929 186306 1.1238e+07  387   85 1.1335e+07 1.0997e+07  2.98%   5.4  310s
 221000 188956 1.1303e+07  272  113 1.1335e+07 1.0997e+07  2.98%   5.4  315s
 223706 191273 1.1115e+07   62  132 1.1335e+07 1.0997e+07  2.98%   5.4  320s
 227459 194755 1.1304e+07 1419   93 1.1335e+07 1.0998e+07  2.98%   5.4  325s
 230460 197306 1.1220e+07  156  126 1.1335e+07 1.0998e+07  2.97%   5.4  330s
 233464 199787 1.1192e+07  252  122 1.1335e+07 1.0998e+07  2.97%   5.4  335s
 236583 202544 1.1164e+07  260  131 1.1335e+07 1.0998e+07  2.97%   5.4  340s
 240064 205595 1.1303e+07  734   44 1.1335e+07 1.0998e+07  2.97%   5.4  345s
H240349 205878                    1.133500e+07 1.0998e+07  2.97%   5.4  345s
 244151 209487 1.1010e+07  214  128 1.1335e+07 1.0999e+07  2.97%   5.3  350s
 246824 211738 1.1166e+07  284  123 1.1335e+07 1.0999e+07  2.97%   5.3  355s
 249852 214283 1.1289e+07  268  110 1.1335e+07 1.0999e+07  2.96%   5.4  360s
H252710 216957                    1.133500e+07 1.0999e+07  2.96%   5.4  363s
H252718 216964                    1.133499e+07 1.0999e+07  2.96%   5.4  364s
H252724 212297                    1.132987e+07 1.0999e+07  2.92%   5.4  364s
 253375 212950 1.1291e+07 2370   52 1.1330e+07 1.0999e+07  2.92%   5.4  365s
 256348 215552 1.1256e+07  258   86 1.1330e+07 1.0999e+07  2.92%   5.4  370s
 259125 217896 1.1251e+07  425   80 1.1330e+07 1.1000e+07  2.92%   5.4  375s
 262031 220310     cutoff  276      1.1330e+07 1.1000e+07  2.91%   5.4  380s
 264607 222457     cutoff  149      1.1330e+07 1.1000e+07  2.91%   5.4  385s
 267335 224771 1.1303e+07  471   71 1.1330e+07 1.1000e+07  2.91%   5.4  390s
 269998 227000 1.1329e+07  190   78 1.1330e+07 1.1000e+07  2.91%   5.4  395s
 272707 229230     cutoff  146      1.1330e+07 1.1000e+07  2.91%   5.4  400s
 276002 232198 1.1311e+07  732   67 1.1330e+07 1.1001e+07  2.91%   5.4  405s
 278379 234002 1.1204e+07  165  121 1.1330e+07 1.1001e+07  2.90%   5.5  410s
 281445 236637 1.1295e+07  601   91 1.1330e+07 1.1001e+07  2.90%   5.5  415s
 284225 238883     cutoff  199      1.1330e+07 1.1001e+07  2.90%   5.5  420s
 287459 241773 1.1298e+07  603   65 1.1330e+07 1.1002e+07  2.90%   5.5  425s
 289900 243770 1.1319e+07  675   53 1.1330e+07 1.1002e+07  2.90%   5.5  430s
 292758 246086 1.1230e+07   98   85 1.1330e+07 1.1002e+07  2.89%   5.5  435s
 295868 248834 1.1289e+07  463  102 1.1330e+07 1.1002e+07  2.89%   5.5  440s
 298794 251464 1.1222e+07  377  117 1.1330e+07 1.1002e+07  2.89%   5.5  445s
 301825 254029 1.1234e+07  118   83 1.1330e+07 1.1003e+07  2.89%   5.5  450s
 304704 256513 1.1249e+07  328  103 1.1330e+07 1.1003e+07  2.89%   5.5  455s
 307198 258664 1.1187e+07  197  128 1.1330e+07 1.1003e+07  2.89%   5.5  460s
 309909 260803 1.1324e+07  222   79 1.1330e+07 1.1003e+07  2.88%   5.6  465s
H311859 259117                    1.132598e+07 1.1003e+07  2.85%   5.6  467s
H312068 259308                    1.132598e+07 1.1003e+07  2.85%   5.6  468s
H312279 259414                    1.132596e+07 1.1003e+07  2.85%   5.6  469s
H312357 259452                    1.132596e+07 1.1003e+07  2.85%   5.6  469s
 312575 259584 1.1312e+07  343  108 1.1326e+07 1.1003e+07  2.85%   5.6  470s
 315402 262019 1.1285e+07  610  108 1.1326e+07 1.1004e+07  2.85%   5.6  475s
 317694 263833 1.1272e+07  345  115 1.1326e+07 1.1004e+07  2.85%   5.6  480s
 320275 265992 1.1278e+07  353   78 1.1326e+07 1.1004e+07  2.84%   5.6  485s
 322844 268165 1.1166e+07  250  130 1.1326e+07 1.1004e+07  2.84%   5.6  490s
 325338 270214 1.1288e+07  466   74 1.1326e+07 1.1004e+07  2.84%   5.6  495s
 328032 272329 1.1139e+07  315   91 1.1326e+07 1.1005e+07  2.84%   5.6  500s
 330806 274632 1.1181e+07  302  122 1.1326e+07 1.1005e+07  2.84%   5.6  505s
 333844 277297 1.1320e+07  401  108 1.1326e+07 1.1005e+07  2.84%   5.7  510s
 336254 279122 1.1176e+07  350  120 1.1326e+07 1.1005e+07  2.83%   5.7  515s
 338728 281148 1.1157e+07  371  128 1.1326e+07 1.1005e+07  2.83%   5.7  520s
 341657 283628     cutoff  376      1.1326e+07 1.1005e+07  2.83%   5.7  525s
 344161 285521 1.1311e+07  387  115 1.1326e+07 1.1006e+07  2.83%   5.7  530s
 346577 287536 1.1239e+07  279  116 1.1326e+07 1.1006e+07  2.83%   5.7  535s
 349264 289760 1.1310e+07  484   68 1.1326e+07 1.1006e+07  2.82%   5.8  540s
 351746 291650 1.1119e+07   72  128 1.1326e+07 1.1007e+07  2.82%   5.8  545s
 354061 293489 1.1261e+07  396   80 1.1326e+07 1.1007e+07  2.82%   5.8  550s
 356783 295710 1.1201e+07  320  124 1.1326e+07 1.1007e+07  2.82%   5.8  555s
 359624 298181 1.1324e+07  490  104 1.1326e+07 1.1007e+07  2.81%   5.8  560s
 362197 300180 1.1218e+07  271  128 1.1326e+07 1.1008e+07  2.81%   5.8  565s
 364873 302330 1.1214e+07  330  126 1.1326e+07 1.1008e+07  2.81%   5.8  570s
 367249 304282 1.1288e+07  511   74 1.1326e+07 1.1008e+07  2.81%   5.8  575s
 369879 306329 1.1307e+07  460  106 1.1326e+07 1.1008e+07  2.81%   5.9  580s
 372385 308182 1.1185e+07  237  123 1.1326e+07 1.1008e+07  2.80%   5.9  585s
 374738 309960 1.1159e+07  421  125 1.1326e+07 1.1008e+07  2.80%   5.9  590s
 377849 312706 1.1316e+07  590   67 1.1326e+07 1.1009e+07  2.80%   5.9  595s
 380382 314611 1.1185e+07  367   83 1.1326e+07 1.1009e+07  2.80%   5.9  600s
 382928 316682 1.1195e+07  496  126 1.1326e+07 1.1009e+07  2.80%   5.9  605s
 385660 318979 1.1306e+07  562   72 1.1326e+07 1.1009e+07  2.80%   5.9  610s
 388090 320899 1.1284e+07  451  118 1.1326e+07 1.1009e+07  2.79%   5.9  615s
 390605 322878 1.1191e+07  428  128 1.1326e+07 1.1010e+07  2.79%   5.9  620s
 393169 324703 1.1183e+07  268  128 1.1326e+07 1.1010e+07  2.79%   5.9  625s
 396198 327392 1.1296e+07  636  111 1.1326e+07 1.1010e+07  2.79%   5.9  630s
 398487 329189 1.1161e+07  410  120 1.1326e+07 1.1010e+07  2.79%   5.9  635s
 401167 331386 1.1307e+07  428   81 1.1326e+07 1.1010e+07  2.79%   5.9  640s
 403845 333628 1.1203e+07  121  121 1.1326e+07 1.1010e+07  2.79%   5.9  645s
 406824 336220 1.1306e+07  613  109 1.1326e+07 1.1011e+07  2.78%   5.9  650s
 409707 338666 1.1287e+07  269   76 1.1326e+07 1.1011e+07  2.78%   6.0  655s
 412177 340745 1.1316e+07  224  105 1.1326e+07 1.1011e+07  2.78%   6.0  660s
 414782 342841 1.1163e+07  279  125 1.1326e+07 1.1011e+07  2.78%   6.0  665s
 417496 345129 1.1279e+07  605  116 1.1326e+07 1.1011e+07  2.78%   6.0  670s
 420059 347176 1.1229e+07   90  122 1.1326e+07 1.1011e+07  2.78%   6.0  675s
 422344 349125     cutoff  629      1.1326e+07 1.1011e+07  2.78%   6.0  680s
 425315 351700 1.1244e+07  645   91 1.1326e+07 1.1012e+07  2.78%   6.0  685s
 427905 353753     cutoff  210      1.1326e+07 1.1012e+07  2.77%   6.1  690s
 430676 356134 1.1304e+07  531  111 1.1326e+07 1.1012e+07  2.77%   6.1  695s
 433400 358355 1.1198e+07  464   84 1.1326e+07 1.1012e+07  2.77%   6.1  700s
 435634 360108 1.1167e+07  286  131 1.1326e+07 1.1012e+07  2.77%   6.1  705s
 437391 361624 1.1291e+07  488  114 1.1326e+07 1.1012e+07  2.77%   6.1  710s
 438944 362818 infeasible  533      1.1326e+07 1.1013e+07  2.77%   6.1  715s
 440759 364325 1.1310e+07  499  117 1.1326e+07 1.1013e+07  2.77%   6.1  720s
 442238 365392 1.1235e+07  541  125 1.1326e+07 1.1013e+07  2.77%   6.1  725s
 443944 366701 1.1271e+07  268  121 1.1326e+07 1.1013e+07  2.76%   6.1  730s
 445869 368356 1.1280e+07  540  117 1.1326e+07 1.1013e+07  2.76%   6.1  735s
 447414 369623 1.1314e+07  513  110 1.1326e+07 1.1013e+07  2.76%   6.1  740s
 449250 371151 1.1297e+07  681   72 1.1326e+07 1.1013e+07  2.76%   6.1  745s
 450664 372111 1.1155e+07  513  123 1.1326e+07 1.1013e+07  2.76%   6.2  750s
 452528 373805 1.1283e+07  436   81 1.1326e+07 1.1013e+07  2.76%   6.2  755s
 454267 375186 1.1233e+07  237   81 1.1326e+07 1.1014e+07  2.76%   6.2  760s
 456182 376785     cutoff  726      1.1326e+07 1.1014e+07  2.76%   6.2  765s
 457506 377703 1.1248e+07  632  117 1.1326e+07 1.1014e+07  2.75%   6.2  770s
 459210 379008 1.1200e+07  312  121 1.1326e+07 1.1014e+07  2.75%   6.2  775s
 461407 381099 1.1317e+07  869  109 1.1326e+07 1.1014e+07  2.75%   6.2  780s
 462943 382243 1.1275e+07  655   73 1.1326e+07 1.1014e+07  2.75%   6.2  785s
 464640 383640 1.1222e+07  576   87 1.1326e+07 1.1014e+07  2.75%   6.2  790s
 465815 384480 1.1246e+07  189   77 1.1326e+07 1.1014e+07  2.75%   6.2  795s
 467377 385675 1.1175e+07  556   90 1.1326e+07 1.1015e+07  2.75%   6.2  800s
 469115 387089     cutoff  571      1.1326e+07 1.1015e+07  2.75%   6.3  805s
 470930 388686 1.1302e+07  597  109 1.1326e+07 1.1015e+07  2.75%   6.3  810s
 473510 390715     cutoff  550      1.1326e+07 1.1015e+07  2.74%   6.3  815s
 476014 392651 1.1274e+07  561   79 1.1326e+07 1.1015e+07  2.74%   6.3  820s
 479000 395204 1.1244e+07  213   80 1.1326e+07 1.1015e+07  2.74%   6.3  825s
 481720 397506 1.1299e+07  702   80 1.1326e+07 1.1015e+07  2.74%   6.3  830s
 484197 399545 1.1305e+07 1146   99 1.1326e+07 1.1016e+07  2.74%   6.3  835s
 486720 401505     cutoff  250      1.1326e+07 1.1016e+07  2.74%   6.4  840s
 489194 403457 1.1304e+07  613  113 1.1326e+07 1.1016e+07  2.74%   6.4  845s
 491625 405427 1.1027e+07  194  131 1.1326e+07 1.1016e+07  2.74%   6.4  850s
 494389 407757 1.1301e+07  485  104 1.1326e+07 1.1016e+07  2.74%   6.4  855s
 496749 409599 1.1222e+07  570   84 1.1326e+07 1.1016e+07  2.74%   6.5  860s
 498346 410801     cutoff  284      1.1326e+07 1.1016e+07  2.74%   6.5  865s
 500125 412321 1.1241e+07  590  127 1.1326e+07 1.1016e+07  2.74%   6.5  870s
 501674 413508 1.1291e+07  650   73 1.1326e+07 1.1016e+07  2.73%   6.5  875s
 503238 414655 1.1198e+07  606  122 1.1326e+07 1.1016e+07  2.73%   6.5  880s
 505665 416611 1.1243e+07  717  115 1.1326e+07 1.1017e+07  2.73%   6.6  885s
 508176 418712 1.1318e+07  623  113 1.1326e+07 1.1017e+07  2.73%   6.6  890s
 511104 421128 1.1215e+07  658  124 1.1326e+07 1.1017e+07  2.73%   6.5  895s
 513699 423200 1.1324e+07  250   71 1.1326e+07 1.1017e+07  2.73%   6.6  900s
 515784 424738 1.1313e+07  704  112 1.1326e+07 1.1018e+07  2.72%   6.6  905s
 518210 426528 1.1175e+07  150  127 1.1326e+07 1.1018e+07  2.72%   6.6  910s
 521009 428863 1.1163e+07  618   95 1.1326e+07 1.1018e+07  2.72%   6.6  915s
 523682 430981 1.1304e+07  648  115 1.1326e+07 1.1018e+07  2.72%   6.6  920s
 526454 433249 1.1182e+07  378  125 1.1326e+07 1.1019e+07  2.71%   6.6  925s
 529259 435650 1.1274e+07  709  114 1.1326e+07 1.1019e+07  2.71%   6.6  930s
 531827 437714 1.1298e+07  780  105 1.1326e+07 1.1019e+07  2.71%   6.6  935s
 534335 439587     cutoff  746      1.1326e+07 1.1019e+07  2.71%   6.6  940s
 536685 441492 1.1321e+07  809  103 1.1326e+07 1.1019e+07  2.71%   6.6  945s
 538946 442953     cutoff  678      1.1326e+07 1.1020e+07  2.71%   6.6  950s
 541173 444630     cutoff  279      1.1326e+07 1.1020e+07  2.70%   6.6  955s
 543640 446436 1.1195e+07  397  129 1.1326e+07 1.1020e+07  2.70%   6.6  960s
 546488 448850     cutoff  254      1.1326e+07 1.1021e+07  2.70%   6.7  965s
 548512 450119     cutoff  681      1.1326e+07 1.1022e+07  2.69%   6.7  970s
 551030 451989 1.1298e+07  687   77 1.1326e+07 1.1022e+07  2.69%   6.7  975s
 553186 453647     cutoff  686      1.1326e+07 1.1022e+07  2.69%   6.7  980s
 555888 455741 1.1247e+07  703  119 1.1326e+07 1.1022e+07  2.68%   6.7  985s
 558745 458171 1.1276e+07  502   81 1.1326e+07 1.1022e+07  2.68%   6.7  990s
 561184 460012 1.1174e+07  673   91 1.1326e+07 1.1023e+07  2.68%   6.8  995s
 563718 461978 1.1285e+07  497   80 1.1326e+07 1.1023e+07  2.67%   6.8 1000s
 565994 463850     cutoff  268      1.1326e+07 1.1023e+07  2.67%   6.8 1005s
 568336 465598 1.1250e+07  342  119 1.1326e+07 1.1024e+07  2.67%   6.8 1010s
 570899 467698 1.1310e+07  553   66 1.1326e+07 1.1024e+07  2.66%   6.8 1015s
 573322 469477 1.1298e+07  452   73 1.1326e+07 1.1024e+07  2.66%   6.8 1020s
 575940 471575 1.1288e+07  493   71 1.1326e+07 1.1025e+07  2.66%   6.8 1025s
 578518 473472 1.1270e+07  791  114 1.1326e+07 1.1025e+07  2.66%   6.8 1030s
 581037 475409 1.1282e+07  553   75 1.1326e+07 1.1025e+07  2.66%   6.8 1035s
 583316 477186     cutoff  261      1.1326e+07 1.1025e+07  2.66%   6.9 1040s
 585759 478813 1.1174e+07  279  125 1.1326e+07 1.1025e+07  2.66%   6.9 1045s
 588567 481225 1.1301e+07  622  108 1.1326e+07 1.1025e+07  2.66%   6.9 1050s
 590949 482970     cutoff  298      1.1326e+07 1.1025e+07  2.65%   6.9 1055s
 593730 485195 1.1171e+07  250   90 1.1326e+07 1.1025e+07  2.65%   6.9 1060s
 596262 487110     cutoff  275      1.1326e+07 1.1025e+07  2.65%   6.9 1065s
 598775 489103 1.1273e+07  285  114 1.1326e+07 1.1026e+07  2.65%   6.9 1070s
 601234 491075 1.1262e+07  364  119 1.1326e+07 1.1026e+07  2.65%   7.0 1075s
 603734 492995 1.1300e+07  271   75 1.1326e+07 1.1026e+07  2.65%   7.0 1080s
 606110 494690 1.1265e+07  317  118 1.1326e+07 1.1026e+07  2.65%   7.0 1085s
 608317 496445     cutoff  297      1.1326e+07 1.1026e+07  2.65%   7.0 1090s
 610686 498064 1.1317e+07  306  111 1.1326e+07 1.1026e+07  2.65%   7.1 1095s
 613161 499971 1.1211e+07  293   86 1.1326e+07 1.1026e+07  2.64%   7.1 1100s
 615258 501547     cutoff  771      1.1326e+07 1.1027e+07  2.64%   7.1 1105s
 617841 503638 1.1274e+07  275   79 1.1326e+07 1.1027e+07  2.64%   7.1 1110s
 620113 505236     cutoff  324      1.1326e+07 1.1027e+07  2.64%   7.2 1115s
 622391 506980     cutoff  238      1.1326e+07 1.1027e+07  2.64%   7.2 1120s
 625170 509295 1.1300e+07  595   69 1.1326e+07 1.1027e+07  2.64%   7.2 1125s
 627847 511331 1.1299e+07  329   69 1.1326e+07 1.1028e+07  2.63%   7.2 1130s
 630543 513509 1.1299e+07  619   68 1.1326e+07 1.1028e+07  2.63%   7.2 1135s
 632821 515249     cutoff  331      1.1326e+07 1.1028e+07  2.63%   7.3 1140s
 635340 517138 1.1276e+07  400   78 1.1326e+07 1.1028e+07  2.63%   7.3 1145s
 637688 518886 1.1275e+07  336  115 1.1326e+07 1.1029e+07  2.62%   7.3 1150s
 640383 521065 1.1317e+07  551   76 1.1326e+07 1.1029e+07  2.62%   7.3 1155s
 643245 523369     cutoff  361      1.1326e+07 1.1029e+07  2.62%   7.3 1160s
 646120 525628 1.1254e+07  781   79 1.1326e+07 1.1029e+07  2.62%   7.3 1165s
 648603 527633     cutoff  779      1.1326e+07 1.1030e+07  2.62%   7.3 1170s
 651258 529674 1.1314e+07  518   76 1.1326e+07 1.1030e+07  2.61%   7.3 1175s
 654108 531910 1.1198e+07  448  126 1.1326e+07 1.1030e+07  2.61%   7.3 1180s
 656689 533934 1.1317e+07  429   70 1.1326e+07 1.1031e+07  2.61%   7.3 1185s
 659225 535906 1.1289e+07  597   78 1.1326e+07 1.1031e+07  2.60%   7.3 1190s
 661738 537612 1.1317e+07  444   72 1.1326e+07 1.1031e+07  2.60%   7.3 1195s
 664467 539799 1.1244e+07  773  122 1.1326e+07 1.1031e+07  2.60%   7.3 1200s
 667341 542163     cutoff  616      1.1326e+07 1.1032e+07  2.60%   7.3 1205s
 669599 543760 1.1309e+07  776  108 1.1326e+07 1.1032e+07  2.60%   7.3 1210s
 672053 545598 1.1265e+07  418  116 1.1326e+07 1.1032e+07  2.60%   7.4 1215s
 674656 547833 1.1319e+07  581   67 1.1326e+07 1.1032e+07  2.59%   7.4 1220s
 677354 549850     cutoff  817      1.1326e+07 1.1032e+07  2.59%   7.4 1225s
Created node file directory '/home/ps12398/efpe/goalProgrammingMarcos//grbnodes7'
 678261 550585 1.1291e+07  876   76 1.1326e+07 1.1032e+07  2.59%   7.4 1230s
 679578 551079     cutoff  240      1.1326e+07 1.1032e+07  2.59%   7.4 1235s
 681060 551773     cutoff  570      1.1326e+07 1.1033e+07  2.59%   7.4 1240s
 683289 553792 1.1291e+07  379  109 1.1326e+07 1.1033e+07  2.59%   7.4 1245s
 684965 554507 1.1302e+07  462   71 1.1326e+07 1.1033e+07  2.59%   7.4 1250s
 687320 556110 1.1272e+07  290  115 1.1326e+07 1.1033e+07  2.59%   7.4 1255s
 689448 557420 1.1174e+07  467  122 1.1326e+07 1.1033e+07  2.59%   7.4 1260s
 691400 558261 1.1322e+07  569   73 1.1326e+07 1.1033e+07  2.59%   7.4 1265s
 694593 561396 1.1307e+07  576  112 1.1326e+07 1.1033e+07  2.59%   7.4 1270s
 696689 562306     cutoff  851      1.1326e+07 1.1033e+07  2.59%   7.4 1275s
 699591 565132 1.1308e+07  709   62 1.1326e+07 1.1033e+07  2.59%   7.4 1280s
 701981 566318     cutoff  493      1.1326e+07 1.1033e+07  2.59%   7.4 1285s
 703487 567156 1.1234e+07  535  120 1.1326e+07 1.1033e+07  2.59%   7.4 1290s
 705321 568990 1.1292e+07  602   71 1.1326e+07 1.1033e+07  2.59%   7.4 1295s
 706554 569613     cutoff  802      1.1326e+07 1.1033e+07  2.58%   7.4 1300s
 707858 570412 1.1178e+07  481  119 1.1326e+07 1.1033e+07  2.58%   7.4 1305s
 709831 572007 1.1293e+07  907  116 1.1326e+07 1.1033e+07  2.58%   7.4 1310s
 711410 572890     cutoff  421      1.1326e+07 1.1033e+07  2.58%   7.4 1315s
 712048 572908     cutoff  374      1.1326e+07 1.1033e+07  2.58%   7.5 1320s
 713561 573767 1.1210e+07  529  125 1.1326e+07 1.1033e+07  2.58%   7.5 1325s
 715743 575949 1.1307e+07  636  104 1.1326e+07 1.1033e+07  2.58%   7.5 1330s
 716831 576477     cutoff  373      1.1326e+07 1.1033e+07  2.58%   7.5 1335s
 718066 576628     cutoff  377      1.1326e+07 1.1033e+07  2.58%   7.5 1340s
 719358 577326 1.1219e+07  360   83 1.1326e+07 1.1033e+07  2.58%   7.6 1345s
 721007 578975 1.1294e+07  603  111 1.1326e+07 1.1033e+07  2.58%   7.6 1350s
 722062 579332 1.1161e+07  481  121 1.1326e+07 1.1033e+07  2.58%   7.6 1355s
 723212 579434     cutoff  376      1.1326e+07 1.1034e+07  2.58%   7.6 1360s
 724772 580778 1.1278e+07  398  119 1.1326e+07 1.1034e+07  2.58%   7.7 1365s
 726371 582009 1.1312e+07  495   75 1.1326e+07 1.1034e+07  2.58%   7.7 1370s
 727428 582079     cutoff  365      1.1326e+07 1.1034e+07  2.58%   7.7 1375s
 728900 582967 1.1214e+07  257  119 1.1326e+07 1.1034e+07  2.58%   7.7 1383s
 729347 583414 1.1258e+07  281  113 1.1326e+07 1.1034e+07  2.58%   7.7 1385s
 731428 584788 1.1260e+07  233  116 1.1326e+07 1.1034e+07  2.58%   7.7 1390s
 733568 585783 1.1257e+07  396  115 1.1326e+07 1.1034e+07  2.58%   7.7 1395s
 735348 587123     cutoff  382      1.1326e+07 1.1034e+07  2.58%   7.8 1400s
 737352 588008     cutoff  533      1.1326e+07 1.1034e+07  2.58%   7.8 1405s
 739700 589593 1.1285e+07  398  115 1.1326e+07 1.1034e+07  2.58%   7.8 1410s
 741875 591042 1.1302e+07  585   71 1.1326e+07 1.1034e+07  2.58%   7.8 1415s
 743709 591758 1.1299e+07  187   69 1.1326e+07 1.1034e+07  2.58%   7.9 1420s
 746912 594719 1.1319e+07  692   52 1.1326e+07 1.1034e+07  2.58%   7.9 1425s
 748564 594911 1.1314e+07  394  107 1.1326e+07 1.1034e+07  2.58%   7.9 1430s
 749966 595391 1.1299e+07  383   67 1.1326e+07 1.1034e+07  2.58%   8.0 1435s
 751490 596687 1.1277e+07  405  116 1.1326e+07 1.1034e+07  2.58%   8.0 1440s
 753485 597825 1.1315e+07  381  111 1.1326e+07 1.1034e+07  2.58%   8.0 1445s
 755096 598360 1.1194e+07  359   83 1.1326e+07 1.1034e+07  2.58%   8.1 1450s
 757607 600429     cutoff  384      1.1326e+07 1.1034e+07  2.58%   8.1 1455s
 759571 601191 1.1261e+07  401  115 1.1326e+07 1.1034e+07  2.58%   8.1 1460s
 761512 602599     cutoff  781      1.1326e+07 1.1034e+07  2.58%   8.1 1465s
 763310 603252 1.1317e+07  819  111 1.1326e+07 1.1034e+07  2.58%   8.1 1470s
 765817 605187 1.1322e+07  392   73 1.1326e+07 1.1034e+07  2.58%   8.1 1475s
 767350 605576     cutoff  398      1.1326e+07 1.1034e+07  2.58%   8.2 1480s
 769990 607674 1.1315e+07  929  108 1.1326e+07 1.1034e+07  2.58%   8.2 1485s
 771772 608630 1.1311e+07  390  109 1.1326e+07 1.1034e+07  2.58%   8.2 1490s
 773742 609688 1.1217e+07  550  125 1.1326e+07 1.1034e+07  2.58%   8.3 1495s
 776075 611911 1.1293e+07  617  108 1.1326e+07 1.1034e+07  2.58%   8.2 1502s
 777016 612694 1.1316e+07  394  112 1.1326e+07 1.1034e+07  2.58%   8.2 1505s
 777955 612753 1.1322e+07  390  111 1.1326e+07 1.1034e+07  2.58%   8.3 1510s
 779451 613463 1.1323e+07  407  113 1.1326e+07 1.1034e+07  2.58%   8.3 1515s
 781703 615273 1.1264e+07  618  111 1.1326e+07 1.1034e+07  2.58%   8.3 1520s
 784061 616564 1.1314e+07  399  110 1.1326e+07 1.1034e+07  2.57%   8.3 1525s
 785418 616757 1.1309e+07  808  112 1.1326e+07 1.1034e+07  2.57%   8.4 1530s
 788169 618610     cutoff  561      1.1326e+07 1.1034e+07  2.57%   8.4 1535s
 789643 618948     cutoff  263      1.1326e+07 1.1034e+07  2.57%   8.5 1540s
 791696 620755 1.1274e+07  675  121 1.1326e+07 1.1034e+07  2.57%   8.4 1545s
 793383 622420     cutoff  778      1.1326e+07 1.1034e+07  2.57%   8.4 1550s
 795148 622985     cutoff  405      1.1326e+07 1.1035e+07  2.57%   8.5 1555s
 797491 624482 1.1285e+07  888   69 1.1326e+07 1.1035e+07  2.57%   8.5 1560s
 798335 625144 1.1215e+07  391   84 1.1326e+07 1.1035e+07  2.57%   8.5 1565s
 799787 626012 1.1316e+07  740   62 1.1326e+07 1.1035e+07  2.57%   8.5 1570s
 801013 626131 1.1189e+07  400  123 1.1326e+07 1.1035e+07  2.57%   8.5 1575s
 802721 627839 1.1292e+07  436  111 1.1326e+07 1.1035e+07  2.57%   8.5 1580s
 803484 628438 1.1233e+07  403   81 1.1326e+07 1.1035e+07  2.57%   8.6 1585s
 804314 628602     cutoff  420      1.1326e+07 1.1035e+07  2.57%   8.6 1590s
 805578 628870 1.1204e+07  826   87 1.1326e+07 1.1035e+07  2.57%   8.6 1595s
 807633 630919 1.1321e+07 1019  109 1.1326e+07 1.1035e+07  2.57%   8.6 1600s
 808821 631154 1.1302e+07  865  109 1.1326e+07 1.1035e+07  2.57%   8.6 1605s
 810439 632282 1.1218e+07  846   88 1.1326e+07 1.1035e+07  2.57%   8.6 1610s
 812213 634056 1.1302e+07 1046  110 1.1326e+07 1.1035e+07  2.57%   8.6 1615s
 813558 634573 1.1176e+07  571  119 1.1326e+07 1.1035e+07  2.57%   8.6 1620s
 814916 635287 1.1315e+07  885  109 1.1326e+07 1.1035e+07  2.57%   8.6 1625s
 817588 637487 1.1319e+07  816  109 1.1326e+07 1.1035e+07  2.57%   8.6 1630s
 820020 638973 1.1267e+07  877   78 1.1326e+07 1.1035e+07  2.57%   8.6 1635s
 822505 640377 1.1206e+07  775   88 1.1326e+07 1.1035e+07  2.57%   8.6 1640s
 823321 640835 1.1318e+07  256  111 1.1326e+07 1.1035e+07  2.57%   8.6 1645s
 825745 642873 1.1314e+07  255  112 1.1326e+07 1.1035e+07  2.57%   8.6 1650s
 827721 643670 1.1218e+07  795  123 1.1326e+07 1.1036e+07  2.56%   8.7 1655s
 830214 645955     cutoff  815      1.1326e+07 1.1036e+07  2.56%   8.7 1660s
 832312 647285 1.1313e+07  637   69 1.1326e+07 1.1036e+07  2.56%   8.7 1665s
 834153 648214 1.1251e+07  240  119 1.1326e+07 1.1036e+07  2.56%   8.7 1670s
 836345 649952 1.1310e+07  819  108 1.1326e+07 1.1036e+07  2.56%   8.7 1675s
 839085 651922 1.1268e+07 1157   79 1.1326e+07 1.1036e+07  2.56%   8.7 1680s
 840954 653717 1.1321e+07 1068  109 1.1326e+07 1.1036e+07  2.56%   8.7 1686s
 842161 653894 1.1292e+07  615   67 1.1326e+07 1.1036e+07  2.56%   8.7 1690s
 844814 656120 1.1062e+07  390  126 1.1326e+07 1.1036e+07  2.56%   8.7 1695s
 846262 656280     cutoff  420      1.1326e+07 1.1036e+07  2.56%   8.8 1700s
 848466 657960     cutoff  472      1.1326e+07 1.1036e+07  2.56%   8.8 1705s
 849893 658075     cutoff  641      1.1326e+07 1.1037e+07  2.56%   8.8 1710s
 852637 660457 1.1308e+07  617   63 1.1326e+07 1.1037e+07  2.55%   8.8 1715s
 855181 661832     cutoff  839      1.1326e+07 1.1037e+07  2.55%   8.8 1720s
 857760 663886 1.1310e+07 1094  111 1.1326e+07 1.1037e+07  2.55%   8.8 1725s
 859862 664734     cutoff  838      1.1326e+07 1.1037e+07  2.55%   8.8 1730s
 862303 666621 1.1303e+07  951  112 1.1326e+07 1.1037e+07  2.55%   8.8 1735s
 864476 667917 1.1311e+07  839  107 1.1326e+07 1.1037e+07  2.55%   8.8 1740s
 865443 668607 1.1233e+07  874   84 1.1326e+07 1.1037e+07  2.55%   8.8 1745s
 867259 670307 1.1168e+07  617  123 1.1326e+07 1.1037e+07  2.55%   8.8 1750s
 868712 671003 1.1302e+07  830   79 1.1326e+07 1.1037e+07  2.55%   8.8 1755s
 870162 671959 1.1233e+07  259  126 1.1326e+07 1.1037e+07  2.55%   8.8 1760s
 871593 673390 1.1301e+07  326   70 1.1326e+07 1.1037e+07  2.55%   8.8 1765s
 872952 673728     cutoff  845      1.1326e+07 1.1037e+07  2.55%   8.8 1770s
 874879 674665 1.1208e+07  838  125 1.1326e+07 1.1037e+07  2.55%   8.8 1775s
 877436 676478 1.1258e+07  809   78 1.1326e+07 1.1037e+07  2.55%   8.8 1780s
 879726 678306 1.1274e+07  437  114 1.1326e+07 1.1037e+07  2.55%   8.9 1785s
 881748 679798 1.1314e+07  855  110 1.1326e+07 1.1037e+07  2.55%   8.9 1790s
 883842 681220 1.1283e+07  448  113 1.1326e+07 1.1037e+07  2.55%   8.9 1797s
 884705 682069     cutoff  533      1.1326e+07 1.1037e+07  2.55%   8.9 1800s
 886444 682828 1.1319e+07  190   60 1.1326e+07 1.1037e+07  2.55%   8.9 1805s
 888476 683744 1.1233e+07  862  125 1.1326e+07 1.1037e+07  2.55%   8.9 1810s
 890801 685427 1.1317e+07  247   62 1.1326e+07 1.1037e+07  2.55%   8.9 1815s
 893036 686492     cutoff  855      1.1326e+07 1.1038e+07  2.55%   8.9 1820s
 895989 688824     cutoff  200      1.1326e+07 1.1038e+07  2.55%   8.9 1825s
 897862 689659 1.1220e+07  854   89 1.1326e+07 1.1038e+07  2.54%   8.9 1830s
 900455 691556     cutoff  451      1.1326e+07 1.1038e+07  2.54%   9.0 1835s
 902053 692457 1.1325e+07  855  114 1.1326e+07 1.1038e+07  2.54%   9.0 1840s
 904126 694322 1.1284e+07 1028  114 1.1326e+07 1.1038e+07  2.54%   9.0 1845s
 905495 695170 1.1314e+07  552   69 1.1326e+07 1.1038e+07  2.54%   9.0 1850s
 906508 695677 1.1226e+07  847   82 1.1326e+07 1.1038e+07  2.54%   9.0 1857s
 907649 696818 1.1301e+07  939   65 1.1326e+07 1.1038e+07  2.54%   9.0 1860s
 909078 697709     cutoff  261      1.1326e+07 1.1038e+07  2.54%   9.0 1865s
 911622 699280 1.1247e+07  866   81 1.1326e+07 1.1038e+07  2.54%   9.0 1870s
 914263 701327 1.1315e+07  495  114 1.1326e+07 1.1038e+07  2.54%   9.0 1875s
 916047 701759 1.1221e+07  887   90 1.1326e+07 1.1038e+07  2.54%   9.0 1880s
 918373 703121     cutoff  873      1.1326e+07 1.1038e+07  2.54%   9.0 1885s
 920825 704965 1.1304e+07 1009  110 1.1326e+07 1.1038e+07  2.54%   9.0 1890s
 922498 705548 1.1321e+07  450   64 1.1326e+07 1.1038e+07  2.54%   9.0 1895s
 924770 706939 1.1279e+07  521  114 1.1326e+07 1.1038e+07  2.54%   9.0 1900s
 926493 708486     cutoff  926      1.1326e+07 1.1038e+07  2.54%   9.1 1905s
 928413 709232 1.1292e+07  663   76 1.1326e+07 1.1038e+07  2.54%   9.1 1910s
 929774 710459 1.1241e+07  616  122 1.1326e+07 1.1038e+07  2.54%   9.1 1915s
 932696 712737     cutoff  473      1.1326e+07 1.1038e+07  2.54%   9.1 1920s
 934269 713350     cutoff  479      1.1326e+07 1.1038e+07  2.54%   9.2 1925s
 936471 715298     cutoff  581      1.1326e+07 1.1038e+07  2.54%   9.2 1930s
 938141 715464     cutoff  483      1.1326e+07 1.1038e+07  2.54%   9.2 1935s
 941004 718253 1.1311e+07  697  110 1.1326e+07 1.1038e+07  2.54%   9.2 1940s
 943087 719383 1.1316e+07  512  111 1.1326e+07 1.1038e+07  2.54%   9.2 1945s
 944590 719834 1.1241e+07  491   81 1.1326e+07 1.1039e+07  2.54%   9.3 1950s
 946392 721390     cutoff  488      1.1326e+07 1.1039e+07  2.54%   9.3 1955s
 948316 722014     cutoff  456      1.1326e+07 1.1039e+07  2.54%   9.4 1960s
 949598 722985 1.1231e+07  660  121 1.1326e+07 1.1039e+07  2.54%   9.4 1965s
 952320 725157     cutoff  453      1.1326e+07 1.1039e+07  2.54%   9.4 1970s
 953980 725891     cutoff  441      1.1326e+07 1.1039e+07  2.54%   9.4 1975s
 956115 727730 1.1304e+07  529  114 1.1326e+07 1.1039e+07  2.54%   9.4 1980s
 957716 728091     cutoff  488      1.1326e+07 1.1039e+07  2.54%   9.5 1985s
 959985 729870 1.1290e+07  901  118 1.1326e+07 1.1039e+07  2.54%   9.5 1990s
 961908 730751     cutoff  498      1.1326e+07 1.1039e+07  2.54%   9.5 1995s
 963439 731341 1.1321e+07  617   74 1.1326e+07 1.1039e+07  2.53%   9.6 2000s
 965959 733388 1.1274e+07  636  113 1.1326e+07 1.1039e+07  2.53%   9.5 2005s
 967487 734916 1.1313e+07  710   50 1.1326e+07 1.1039e+07  2.53%   9.5 2010s
 968592 735102 1.1306e+07  423  114 1.1326e+07 1.1039e+07  2.53%   9.5 2015s
 969606 735369     cutoff  429      1.1326e+07 1.1039e+07  2.53%   9.6 2020s
 970848 736297 1.1229e+07  618  124 1.1326e+07 1.1039e+07  2.53%   9.6 2025s
 972912 738361 1.1302e+07  662  109 1.1326e+07 1.1039e+07  2.53%   9.6 2030s
 974166 739289 1.1291e+07  872   73 1.1326e+07 1.1039e+07  2.53%   9.6 2035s
 975190 739375     cutoff  428      1.1326e+07 1.1039e+07  2.53%   9.6 2040s
 976191 739580 1.1201e+07  628  128 1.1326e+07 1.1039e+07  2.53%   9.6 2045s
 978205 741594 1.1271e+07  685  121 1.1326e+07 1.1039e+07  2.53%   9.6 2050s
 980137 743502     cutoff  767      1.1326e+07 1.1039e+07  2.53%   9.6 2055s
 981185 743886     cutoff  533      1.1326e+07 1.1039e+07  2.53%   9.6 2060s
 981869 743942     cutoff  510      1.1326e+07 1.1039e+07  2.53%   9.6 2065s
 982726 743985     cutoff  524      1.1326e+07 1.1039e+07  2.53%   9.7 2070s
 984142 744715 1.1267e+07  538   82 1.1326e+07 1.1039e+07  2.53%   9.7 2075s
 985578 746143 1.1295e+07  566  112 1.1326e+07 1.1039e+07  2.53%   9.7 2080s
 987520 747220 1.1312e+07  525  110 1.1326e+07 1.1039e+07  2.53%   9.7 2085s
 989508 748108 1.1272e+07  451   83 1.1326e+07 1.1039e+07  2.53%   9.7 2090s
 990765 749365 1.1315e+07  472  111 1.1326e+07 1.1039e+07  2.53%   9.8 2095s
 991890 749922     cutoff  907      1.1326e+07 1.1039e+07  2.53%   9.8 2100s
 993251 750177     cutoff  647      1.1326e+07 1.1039e+07  2.53%   9.8 2105s
 995593 752249 1.1281e+07  501  113 1.1326e+07 1.1039e+07  2.53%   9.9 2110s
 997250 752612 1.1253e+07  532   79 1.1326e+07 1.1040e+07  2.53%   9.9 2115s
 999161 754013 1.1288e+07  535  111 1.1326e+07 1.1040e+07  2.53%   9.9 2120s
 1000949 755303 infeasible  622      1.1326e+07 1.1040e+07  2.53%  10.0 2125s
 1002596 755542 1.1186e+07  591  116 1.1326e+07 1.1040e+07  2.53%  10.0 2130s
 1005586 758532 1.1302e+07  683  113 1.1326e+07 1.1040e+07  2.53%  10.0 2135s
 1007063 758989     cutoff  518      1.1326e+07 1.1040e+07  2.53%  10.0 2140s
 1008499 759305     cutoff  912      1.1326e+07 1.1040e+07  2.53%  10.1 2145s
 1010252 761038 1.1272e+07  716   73 1.1326e+07 1.1040e+07  2.53%  10.1 2150s
 1013035 763585 1.1321e+07  932  114 1.1326e+07 1.1040e+07  2.53%  10.0 2155s
 1014469 763893     cutoff  528      1.1326e+07 1.1040e+07  2.53%  10.1 2160s
 1017091 765927     cutoff  556      1.1326e+07 1.1040e+07  2.53%  10.1 2165s
 1018719 766718 1.1074e+07  502  124 1.1326e+07 1.1040e+07  2.53%  10.1 2170s
 1020467 767588 1.1270e+07  487  114 1.1326e+07 1.1040e+07  2.53%  10.1 2175s
 1021959 768870     cutoff  466      1.1326e+07 1.1040e+07  2.53%  10.2 2180s
 1023790 769431 1.1177e+07  555  123 1.1326e+07 1.1040e+07  2.53%  10.2 2185s
 1026534 772173 1.1287e+07  633  119 1.1326e+07 1.1040e+07  2.53%  10.2 2190s
 1027438 773077 1.1319e+07  702  103 1.1326e+07 1.1040e+07  2.53%  10.2 2195s
 1028668 773373     cutoff  924      1.1326e+07 1.1040e+07  2.53%  10.2 2200s
 1029659 773797 1.1301e+07  250   78 1.1326e+07 1.1040e+07  2.52%  10.2 2205s
 1031285 774911 1.1269e+07  945  119 1.1326e+07 1.1040e+07  2.52%  10.2 2210s
 1032821 775955     cutoff  618      1.1326e+07 1.1040e+07  2.52%  10.3 2215s
 1034262 776176 1.1260e+07  248  119 1.1326e+07 1.1040e+07  2.52%  10.3 2220s
 1036558 777894 1.1256e+07  660  115 1.1326e+07 1.1040e+07  2.52%  10.3 2225s
 1038956 779890 1.1315e+07  530  109 1.1326e+07 1.1040e+07  2.52%  10.3 2230s
 1039957 780003     cutoff  529      1.1326e+07 1.1040e+07  2.52%  10.3 2235s
 1041386 780918 1.1235e+07  666  120 1.1326e+07 1.1040e+07  2.52%  10.3 2240s
 1043076 782608 1.1316e+07  739   58 1.1326e+07 1.1040e+07  2.52%  10.3 2247s
 1043629 782819     cutoff  578      1.1326e+07 1.1040e+07  2.52%  10.3 2250s
 1044726 782897 1.1316e+07  639   70 1.1326e+07 1.1040e+07  2.52%  10.3 2255s
 1046052 783717 1.1240e+07  637  122 1.1326e+07 1.1040e+07  2.52%  10.3 2260s
 1048143 785808 1.1318e+07  714  111 1.1326e+07 1.1040e+07  2.52%  10.3 2265s
 1049914 786319 1.1205e+07  520   87 1.1326e+07 1.1040e+07  2.52%  10.3 2270s
 1051488 787893 1.1305e+07  566  112 1.1326e+07 1.1040e+07  2.52%  10.4 2275s
 1052795 788558 1.1313e+07  486   69 1.1326e+07 1.1040e+07  2.52%  10.4 2280s
 1053762 788729     cutoff  910      1.1326e+07 1.1040e+07  2.52%  10.4 2285s
 1055509 790376 1.1303e+07  998  109 1.1326e+07 1.1040e+07  2.52%  10.4 2290s
 1056955 791110     cutoff  541      1.1326e+07 1.1041e+07  2.52%  10.4 2295s
 1058360 792035 1.1276e+07  525  119 1.1326e+07 1.1041e+07  2.52%  10.4 2300s
 1059915 792924 1.1071e+07  523  106 1.1326e+07 1.1041e+07  2.52%  10.4 2305s
 1061454 793331     cutoff  554      1.1326e+07 1.1041e+07  2.52%  10.5 2310s
 1063648 795367 1.1277e+07  795  107 1.1326e+07 1.1041e+07  2.52%  10.5 2316s
 1064805 795979 1.1317e+07  642   68 1.1326e+07 1.1041e+07  2.52%  10.5 2320s
 1065806 796088     cutoff  922      1.1326e+07 1.1041e+07  2.52%  10.5 2325s
 1066994 796614     cutoff  258      1.1326e+07 1.1041e+07  2.52%  10.5 2330s
 1068872 798482 1.1277e+07  743   69 1.1326e+07 1.1041e+07  2.52%  10.5 2335s
 1070491 799644     cutoff  562      1.1326e+07 1.1041e+07  2.52%  10.5 2340s
 1071920 799795     cutoff  656      1.1326e+07 1.1041e+07  2.52%  10.5 2345s
 1073933 801146 1.1291e+07  281   69 1.1326e+07 1.1041e+07  2.52%  10.5 2350s
 1076234 802305     cutoff  935      1.1326e+07 1.1041e+07  2.52%  10.5 2355s
 1079208 804991 1.1295e+07  752   68 1.1326e+07 1.1041e+07  2.52%  10.5 2360s
 1081120 805987 1.1300e+07  562  108 1.1326e+07 1.1041e+07  2.52%  10.5 2365s
 1082386 806107     cutoff  936      1.1326e+07 1.1041e+07  2.51%  10.5 2370s
 1083324 806857 1.1258e+07  581  117 1.1326e+07 1.1041e+07  2.51%  10.5 2375s
 1084897 808300     cutoff 1051      1.1326e+07 1.1041e+07  2.51%  10.5 2380s
 1086574 808475     cutoff  658      1.1326e+07 1.1041e+07  2.51%  10.6 2385s
 1089454 811235     cutoff  803      1.1326e+07 1.1041e+07  2.51%  10.5 2390s
 1091473 811628 1.1260e+07  445   82 1.1326e+07 1.1041e+07  2.51%  10.6 2395s
 1094582 814667 1.1285e+07  721  122 1.1326e+07 1.1041e+07  2.51%  10.5 2400s
 1096737 815650     cutoff  574      1.1326e+07 1.1041e+07  2.51%  10.5 2405s
 1098827 816993 1.1281e+07  603  113 1.1326e+07 1.1041e+07  2.51%  10.6 2410s
 1100973 817623 1.1309e+07  522   60 1.1326e+07 1.1042e+07  2.51%  10.6 2415s
 1103189 819159 1.1169e+07  636  123 1.1326e+07 1.1042e+07  2.51%  10.6 2420s
 1104185 819283     cutoff  670      1.1326e+07 1.1042e+07  2.51%  10.6 2425s
 1106196 820788 1.1289e+07  497  114 1.1326e+07 1.1042e+07  2.51%  10.6 2430s
 1108136 821648 1.1314e+07  532   74 1.1326e+07 1.1042e+07  2.51%  10.7 2435s
 1110208 823024 1.1292e+07  294   70 1.1326e+07 1.1042e+07  2.51%  10.7 2440s
H1112202 823725                    1.132580e+07 1.1042e+07  2.50%  10.7 2444s
 1112227 823752 1.1317e+07  897  112 1.1326e+07 1.1042e+07  2.50%  10.7 2445s
H1112441 823746                    1.132580e+07 1.1042e+07  2.50%  10.7 2445s
 1113829 824528 1.1271e+07  550   82 1.1326e+07 1.1042e+07  2.50%  10.7 2450s
 1115601 825674 1.1323e+07  668   66 1.1326e+07 1.1042e+07  2.50%  10.7 2455s
 1117554 826366     cutoff  907      1.1326e+07 1.1042e+07  2.50%  10.7 2460s
 1119553 827814     cutoff  628      1.1326e+07 1.1042e+07  2.50%  10.7 2465s
 1121690 828977 1.1283e+07  653   73 1.1326e+07 1.1042e+07  2.50%  10.8 2470s
 1123199 829407     cutoff  550      1.1326e+07 1.1042e+07  2.50%  10.8 2475s
 1124090 829780 1.1315e+07  579  112 1.1326e+07 1.1042e+07  2.50%  10.8 2480s
 1124928 830154 1.1263e+07  623   81 1.1326e+07 1.1042e+07  2.50%  10.9 2485s
 1126430 831596     cutoff  780      1.1326e+07 1.1042e+07  2.50%  10.9 2490s
 1127519 831719     cutoff  928      1.1326e+07 1.1042e+07  2.50%  10.9 2495s
 1129195 832893 1.1277e+07  638  115 1.1326e+07 1.1042e+07  2.50%  10.9 2500s
 1130925 834327 1.1304e+07  931  113 1.1326e+07 1.1043e+07  2.50%  10.9 2505s
 1132543 834625 1.1314e+07  953  117 1.1326e+07 1.1043e+07  2.50%  10.9 2510s
 1134462 836454     cutoff  608      1.1326e+07 1.1043e+07  2.50%  10.9 2515s
 1135946 836806     cutoff  629      1.1326e+07 1.1043e+07  2.50%  11.0 2520s
 1138155 837949 1.1177e+07  668  121 1.1326e+07 1.1043e+07  2.50%  11.0 2525s
 1139852 838322     cutoff  434      1.1326e+07 1.1043e+07  2.50%  11.0 2530s
 1142299 840179 1.1268e+07  642   77 1.1326e+07 1.1043e+07  2.50%  11.0 2536s
 1143780 841302 1.1296e+07  439  116 1.1326e+07 1.1043e+07  2.50%  11.0 2540s
 1145414 841774 1.1319e+07  586  109 1.1326e+07 1.1043e+07  2.50%  11.0 2545s
 1147835 843801 1.1285e+07  747  117 1.1326e+07 1.1043e+07  2.50%  11.0 2550s
 1149918 844814     cutoff  495      1.1326e+07 1.1043e+07  2.50%  11.0 2555s
 1152046 846022 1.1269e+07  966   79 1.1326e+07 1.1043e+07  2.50%  11.0 2560s
 1154073 847363 1.1310e+07  468  114 1.1326e+07 1.1043e+07  2.50%  11.0 2565s
 1155762 847722 1.1243e+07  636   79 1.1326e+07 1.1043e+07  2.50%  11.0 2570s
 1157757 849325     cutoff  462      1.1326e+07 1.1043e+07  2.50%  11.1 2575s
 1159472 849681     cutoff  458      1.1326e+07 1.1043e+07  2.50%  11.1 2580s
 1161578 851525 1.1298e+07  481  114 1.1326e+07 1.1043e+07  2.50%  11.1 2585s
 1163469 852318     cutoff  469      1.1326e+07 1.1043e+07  2.50%  11.1 2590s
 1164832 852561 1.1223e+07  455   85 1.1326e+07 1.1043e+07  2.50%  11.1 2596s
 1166242 853971 1.1294e+07  497   74 1.1326e+07 1.1043e+07  2.50%  11.1 2600s
 1167688 855051     cutoff  615      1.1326e+07 1.1043e+07  2.50%  11.1 2605s
 1168911 855596     cutoff  474      1.1326e+07 1.1043e+07  2.50%  11.1 2610s
 1170258 856093 1.1230e+07  915  124 1.1326e+07 1.1043e+07  2.50%  11.1 2615s
 1172129 857962 1.1311e+07 1016   54 1.1326e+07 1.1043e+07  2.50%  11.1 2620s
 1173033 858124 1.1296e+07  651  112 1.1326e+07 1.1043e+07  2.50%  11.1 2625s
 1174228 858277 1.1253e+07  934  121 1.1326e+07 1.1043e+07  2.49%  11.1 2630s
 1175832 859757 1.1317e+07  725  113 1.1326e+07 1.1043e+07  2.49%  11.1 2635s
 1177700 860195 1.1112e+07  590  119 1.1326e+07 1.1043e+07  2.49%  11.2 2640s
 1179707 861380 1.1273e+07  672  118 1.1326e+07 1.1043e+07  2.49%  11.2 2647s
 1180637 862176     cutoff  635      1.1326e+07 1.1043e+07  2.49%  11.2 2650s
 1181693 862354 1.1283e+07  611  116 1.1326e+07 1.1044e+07  2.49%  11.2 2655s
 1182958 862947 1.1231e+07  607   79 1.1326e+07 1.1044e+07  2.49%  11.2 2660s
 1184920 864241 1.1325e+07  262   65 1.1326e+07 1.1044e+07  2.49%  11.2 2665s
 1186963 864700 1.1238e+07  657   81 1.1326e+07 1.1044e+07  2.49%  11.2 2670s
 1188886 866224 1.1316e+07  628  107 1.1326e+07 1.1044e+07  2.49%  11.2 2675s
 1190690 866682 1.1318e+07  625   68 1.1326e+07 1.1044e+07  2.49%  11.2 2680s
 1193107 868707 1.1321e+07  331   67 1.1326e+07 1.1044e+07  2.49%  11.2 2685s
 1194825 868869     cutoff  277      1.1326e+07 1.1044e+07  2.49%  11.3 2690s
 1197550 871094 1.1272e+07  911   78 1.1326e+07 1.1044e+07  2.49%  11.3 2695s
 1198370 871136 1.1317e+07  493  117 1.1326e+07 1.1044e+07  2.49%  11.3 2700s
 1199385 871565     cutoff  619      1.1326e+07 1.1044e+07  2.49%  11.3 2705s
 1200786 872476 1.1292e+07  733   71 1.1326e+07 1.1044e+07  2.49%  11.3 2710s
 1202204 872998     cutoff  279      1.1326e+07 1.1044e+07  2.49%  11.3 2715s
 1203430 873435 1.1325e+07  920  117 1.1326e+07 1.1044e+07  2.49%  11.3 2720s
 1204900 874323 1.1265e+07  725   75 1.1326e+07 1.1044e+07  2.49%  11.3 2725s
 1206180 875341 1.1308e+07  627  119 1.1326e+07 1.1044e+07  2.49%  11.4 2730s
 1207357 875472 1.1290e+07  273   65 1.1326e+07 1.1044e+07  2.48%  11.4 2735s
 1208390 875999 1.1314e+07  932   73 1.1326e+07 1.1044e+07  2.48%  11.4 2740s
 1209621 876788 1.1302e+07  690   71 1.1326e+07 1.1044e+07  2.48%  11.4 2745s
 1211288 877333     cutoff  647      1.1326e+07 1.1045e+07  2.48%  11.4 2750s
 1213304 879096 1.1311e+07 1013   66 1.1326e+07 1.1045e+07  2.48%  11.4 2755s
 1214817 879351     cutoff  643      1.1326e+07 1.1045e+07  2.48%  11.4 2760s
 1216862 880596 1.1257e+07  726  113 1.1326e+07 1.1045e+07  2.48%  11.4 2766s
 1218453 882023 1.1321e+07  785   56 1.1326e+07 1.1045e+07  2.48%  11.4 2770s
 1220547 883014     cutoff  644      1.1326e+07 1.1045e+07  2.48%  11.4 2775s
 1222623 884194 1.1291e+07  994   74 1.1326e+07 1.1045e+07  2.48%  11.4 2780s
 1224711 885506 1.1275e+07  948  117 1.1326e+07 1.1045e+07  2.48%  11.5 2785s
 1226337 886234 1.1249e+07  977   81 1.1326e+07 1.1045e+07  2.48%  11.5 2790s
 1227846 887582 1.1308e+07  960  111 1.1326e+07 1.1045e+07  2.48%  11.5 2795s
 1228881 887659     cutoff  585      1.1326e+07 1.1045e+07  2.48%  11.5 2800s
 1230194 888690 1.1301e+07  764   77 1.1326e+07 1.1045e+07  2.48%  11.5 2805s
 1231156 888850     cutoff  661      1.1326e+07 1.1045e+07  2.48%  11.5 2810s
 1232582 889304     cutoff  673      1.1326e+07 1.1045e+07  2.48%  11.5 2815s
 1234369 890023 1.1205e+07  700  117 1.1326e+07 1.1045e+07  2.48%  11.6 2820s
 1235968 890776     cutoff  670      1.1326e+07 1.1046e+07  2.47%  11.6 2825s
 1237330 891146 1.1193e+07  677  123 1.1326e+07 1.1046e+07  2.47%  11.6 2833s
 1237712 891522 1.1311e+07  699   75 1.1326e+07 1.1046e+07  2.47%  11.6 2835s
 1239148 892767 1.1285e+07  688  117 1.1326e+07 1.1046e+07  2.47%  11.6 2840s
 1240231 893336     cutoff  956      1.1326e+07 1.1046e+07  2.47%  11.6 2845s
 1241580 893715     cutoff  679      1.1326e+07 1.1046e+07  2.47%  11.6 2850s
 1243873 895506 1.1199e+07  238   88 1.1326e+07 1.1046e+07  2.47%  11.6 2855s
 1245770 895915 1.1293e+07  675   68 1.1326e+07 1.1046e+07  2.47%  11.6 2860s
 1247789 897458 1.1315e+07  771  113 1.1326e+07 1.1046e+07  2.47%  11.6 2865s
 1249543 898239 1.1308e+07  689  112 1.1326e+07 1.1046e+07  2.47%  11.6 2870s
 1251405 898893 1.1221e+07  754  121 1.1326e+07 1.1046e+07  2.47%  11.7 2875s
 1254258 901129     cutoff  697      1.1326e+07 1.1046e+07  2.47%  11.6 2880s
 1255978 901887 1.1248e+07  682   83 1.1326e+07 1.1046e+07  2.47%  11.7 2885s
 1258060 903149 1.1320e+07  619  110 1.1326e+07 1.1046e+07  2.47%  11.7 2890s
 1259747 903736 infeasible  687      1.1326e+07 1.1046e+07  2.47%  11.7 2895s
 1261015 904668 1.1246e+07  784  116 1.1326e+07 1.1046e+07  2.47%  11.7 2900s
 1262757 905890     cutoff  705      1.1326e+07 1.1046e+07  2.47%  11.7 2905s
 1264645 906656     cutoff  985      1.1326e+07 1.1046e+07  2.47%  11.7 2910s
 1267318 909015 1.1239e+07  611   82 1.1326e+07 1.1047e+07  2.47%  11.7 2915s
 1268823 909292 1.1230e+07  691   87 1.1326e+07 1.1047e+07  2.47%  11.7 2920s
 1271266 911403 1.1314e+07 1235  103 1.1326e+07 1.1047e+07  2.46%  11.7 2925s
 1272997 912014 1.1216e+07  772  125 1.1326e+07 1.1047e+07  2.46%  11.7 2930s
 1275466 914069 1.1316e+07  635  116 1.1326e+07 1.1047e+07  2.46%  11.7 2935s
 1276787 914110     cutoff  627      1.1326e+07 1.1047e+07  2.46%  11.8 2940s
 1278597 915204 1.1278e+07 1012  114 1.1326e+07 1.1047e+07  2.46%  11.8 2945s
 1279807 916332     cutoff 1222      1.1326e+07 1.1047e+07  2.46%  11.8 2950s
 1281426 917131 1.1310e+07  710  112 1.1326e+07 1.1047e+07  2.46%  11.8 2955s
 1283239 918006 1.1269e+07  278   79 1.1326e+07 1.1047e+07  2.46%  11.9 2960s
 1285066 919042     cutoff  644      1.1326e+07 1.1047e+07  2.46%  11.9 2965s
 1287078 920040 1.1318e+07 1202  111 1.1326e+07 1.1047e+07  2.46%  11.9 2970s
 1289325 921594 1.1324e+07 1018  107 1.1326e+07 1.1047e+07  2.46%  11.9 2975s
 1291620 922599 1.1257e+07 1001   82 1.1326e+07 1.1047e+07  2.46%  11.9 2980s
 1294131 924290 1.1315e+07  295   66 1.1326e+07 1.1047e+07  2.46%  11.9 2985s
 1295862 925299     cutoff  556      1.1326e+07 1.1047e+07  2.46%  11.9 2990s
 1297213 926208 1.1236e+07  699   84 1.1326e+07 1.1047e+07  2.46%  11.9 2995s
 1299653 927966     cutoff  261      1.1326e+07 1.1047e+07  2.46%  11.9 3000s
 1301090 928053     cutoff  723      1.1326e+07 1.1048e+07  2.46%  11.9 3005s
 1303095 929528 1.1312e+07  788  114 1.1326e+07 1.1048e+07  2.46%  11.9 3010s
 1304760 929639     cutoff  728      1.1326e+07 1.1048e+07  2.46%  12.0 3015s
 1306789 931380 1.1219e+07  572   84 1.1326e+07 1.1048e+07  2.46%  12.0 3020s
 1308472 931554     cutoff  737      1.1326e+07 1.1048e+07  2.46%  12.0 3025s
 1310742 933312     cutoff  293      1.1326e+07 1.1048e+07  2.45%  12.0 3030s
 1312594 933626 1.1223e+07  652   87 1.1326e+07 1.1048e+07  2.45%  12.1 3035s
 1314386 935210 1.1276e+07  311   63 1.1326e+07 1.1048e+07  2.45%  12.1 3040s
 1316258 935792 1.1219e+07  238  125 1.1326e+07 1.1048e+07  2.45%  12.1 3045s
 1318640 937307     cutoff  254      1.1326e+07 1.1048e+07  2.45%  12.1 3050s
 1320170 938194 1.1245e+07  682   85 1.1326e+07 1.1048e+07  2.45%  12.1 3055s
 1322135 939535     cutoff  742      1.1326e+07 1.1048e+07  2.45%  12.1 3060s
 1323665 939906     cutoff  559      1.1326e+07 1.1048e+07  2.45%  12.1 3065s
 1325363 941168 1.1299e+07  631  101 1.1326e+07 1.1048e+07  2.45%  12.2 3070s
 1326859 941294     cutoff  618      1.1326e+07 1.1048e+07  2.45%  12.2 3075s
 1329098 942879 1.1316e+07  632  113 1.1326e+07 1.1048e+07  2.45%  12.2 3080s
 1330857 943291 1.1321e+07  746  112 1.1326e+07 1.1048e+07  2.45%  12.2 3085s
 1333551 945503 1.1284e+07  722   69 1.1326e+07 1.1049e+07  2.45%  12.2 3090s
 1335816 946345 1.1246e+07  953   78 1.1326e+07 1.1049e+07  2.45%  12.2 3095s
 1337252 947781 1.1293e+07 1150  115 1.1326e+07 1.1049e+07  2.45%  12.2 3101s
 1338300 948441     cutoff  749      1.1326e+07 1.1049e+07  2.45%  12.2 3105s
 1339417 948774 1.1300e+07  681   79 1.1326e+07 1.1049e+07  2.45%  12.2 3110s
 1340644 949115 1.1221e+07  266   80 1.1326e+07 1.1049e+07  2.45%  12.2 3115s
 1342243 950657     cutoff  363      1.1326e+07 1.1049e+07  2.45%  12.2 3120s
 1343740 951226 1.1309e+07 1113  108 1.1326e+07 1.1049e+07  2.45%  12.2 3125s
 1345194 951990 1.1234e+07  848   82 1.1326e+07 1.1049e+07  2.45%  12.2 3130s
 1346752 953546 1.1317e+07  973  108 1.1326e+07 1.1049e+07  2.45%  12.3 3135s
 1347707 953683     cutoff  696      1.1326e+07 1.1049e+07  2.44%  12.3 3140s
 1348973 953929 1.1287e+07  952   74 1.1326e+07 1.1049e+07  2.44%  12.3 3145s
 1351578 955886 1.1233e+07  945   86 1.1326e+07 1.1049e+07  2.44%  12.3 3150s
 1353694 957060 1.1239e+07  695   83 1.1326e+07 1.1049e+07  2.44%  12.3 3155s
 1355909 958822     cutoff  700      1.1326e+07 1.1049e+07  2.44%  12.3 3160s
 1357987 959586 1.1270e+07  702  119 1.1326e+07 1.1049e+07  2.44%  12.3 3165s
 1358934 960519     cutoff  804      1.1326e+07 1.1049e+07  2.44%  12.3 3170s
 1360139 961084 1.1298e+07  638  111 1.1326e+07 1.1049e+07  2.44%  12.3 3175s
 1361305 961272     cutoff  713      1.1326e+07 1.1049e+07  2.44%  12.3 3180s
 1363427 962886     cutoff  713      1.1326e+07 1.1049e+07  2.44%  12.3 3185s
 1365385 964128 1.1315e+07  738   69 1.1326e+07 1.1049e+07  2.44%  12.3 3190s
 1367207 964803 1.1230e+07  751  121 1.1326e+07 1.1050e+07  2.44%  12.3 3195s
 1370132 967255 1.1324e+07  717  111 1.1326e+07 1.1050e+07  2.44%  12.3 3200s
 1371761 967372     cutoff  687      1.1326e+07 1.1050e+07  2.44%  12.4 3205s
 1374190 969757 1.1322e+07  806  101 1.1326e+07 1.1050e+07  2.44%  12.3 3210s
 1374765 969773 1.1224e+07  698   85 1.1326e+07 1.1050e+07  2.44%  12.3 3215s
 1375806 970135 1.1199e+07  658  128 1.1326e+07 1.1050e+07  2.44%  12.4 3220s
 1377828 971819 1.1199e+07  664  111 1.1326e+07 1.1050e+07  2.44%  12.4 3225s
 1379785 972742     cutoff  727      1.1326e+07 1.1050e+07  2.44%  12.4 3230s
 1382552 974980 1.1304e+07  831  105 1.1326e+07 1.1050e+07  2.43%  12.4 3235s
 1384657 975939     cutoff  677      1.1326e+07 1.1050e+07  2.43%  12.4 3240s
 1386521 977125 1.1274e+07  811   69 1.1326e+07 1.1050e+07  2.43%  12.4 3245s
 1388791 978427     cutoff  602      1.1326e+07 1.1050e+07  2.43%  12.4 3250s
 1390158 978962 1.1148e+07  608  120 1.1326e+07 1.1050e+07  2.43%  12.4 3255s
 1390910 979714 1.1298e+07  644  110 1.1326e+07 1.1050e+07  2.43%  12.4 3260s
 1392271 980223     cutoff  741      1.1326e+07 1.1050e+07  2.43%  12.4 3265s
 1393995 980963 1.1274e+07  738  122 1.1326e+07 1.1051e+07  2.43%  12.4 3270s
 1395788 982207     cutoff  325      1.1326e+07 1.1051e+07  2.43%  12.4 3275s
 1397627 982823 1.1225e+07  951   86 1.1326e+07 1.1051e+07  2.43%  12.4 3280s
 1399725 984913 1.1324e+07 1061  110 1.1326e+07 1.1051e+07  2.43%  12.5 3285s
 1401563 985407     cutoff  738      1.1326e+07 1.1051e+07  2.43%  12.5 3290s
 1403631 987333 1.1280e+07  808   67 1.1326e+07 1.1051e+07  2.43%  12.4 3295s
 1405210 988544     cutoff  703      1.1326e+07 1.1051e+07  2.43%  12.4 3300s
 1406851 989191 1.1312e+07  753  112 1.1326e+07 1.1051e+07  2.43%  12.4 3305s
 1408934 990838 1.1280e+07 1039  116 1.1326e+07 1.1051e+07  2.43%  12.4 3310s
 1410296 991898     cutoff  331      1.1326e+07 1.1051e+07  2.43%  12.4 3315s
 1412350 992534 1.1270e+07  759   83 1.1326e+07 1.1051e+07  2.43%  12.5 3320s
 1414162 993766     cutoff  347      1.1326e+07 1.1051e+07  2.43%  12.5 3325s
 1416090 994828 1.1273e+07 1090   80 1.1326e+07 1.1051e+07  2.42%  12.5 3330s
 1418244 996434     cutoff  764      1.1326e+07 1.1051e+07  2.42%  12.5 3335s
 1420268 997222 1.1209e+07  950   89 1.1326e+07 1.1051e+07  2.42%  12.5 3340s
 1422410 998346 1.1257e+07  998   81 1.1326e+07 1.1051e+07  2.42%  12.5 3345s
 1424494 999822     cutoff  764      1.1326e+07 1.1051e+07  2.42%  12.5 3350s
 1426937 1001203 1.1300e+07  795  113 1.1326e+07 1.1051e+07  2.42%  12.5 3355s
 1429013 1001719 1.1210e+07  335  123 1.1326e+07 1.1051e+07  2.42%  12.5 3360s
 1431264 1003626 1.1281e+07 1027   76 1.1326e+07 1.1051e+07  2.42%  12.5 3365s
 1432389 1004749 1.1315e+07 1056   65 1.1326e+07 1.1051e+07  2.42%  12.6 3370s
 1434283 1005463     cutoff  988      1.1326e+07 1.1052e+07  2.42%  12.6 3375s
 1436637 1007549 1.1319e+07 1056  111 1.1326e+07 1.1052e+07  2.42%  12.6 3380s
 1439128 1008656 1.1233e+07 1078   83 1.1326e+07 1.1052e+07  2.42%  12.6 3385s
 1441635 1010623     cutoff  778      1.1326e+07 1.1052e+07  2.42%  12.5 3390s
 1444002 1011934 1.1291e+07  306   74 1.1326e+07 1.1052e+07  2.42%  12.5 3395s
 1446124 1012774     cutoff  294      1.1326e+07 1.1052e+07  2.42%  12.6 3400s
 1448558 1014568 1.1278e+07  771  126 1.1326e+07 1.1052e+07  2.42%  12.5 3405s
 1449592 1015602 1.1316e+07  815   63 1.1326e+07 1.1052e+07  2.42%  12.5 3410s
 1451309 1015927 1.1314e+07 1023   53 1.1326e+07 1.1052e+07  2.42%  12.6 3415s
 1453529 1017503 1.1277e+07  769   77 1.1326e+07 1.1052e+07  2.42%  12.6 3420s
 1455489 1019187 1.1298e+07  340  116 1.1326e+07 1.1052e+07  2.42%  12.5 3425s
 1456814 1019526 1.1295e+07  365  104 1.1326e+07 1.1052e+07  2.41%  12.6 3430s
 1459420 1021554 1.1249e+07  771  114 1.1326e+07 1.1052e+07  2.41%  12.5 3435s
 1461837 1023969 1.1325e+07  831   66 1.1326e+07 1.1052e+07  2.41%  12.5 3440s
 1463888 1024418 1.1316e+07  755  115 1.1326e+07 1.1052e+07  2.41%  12.5 3445s
 1466557 1026838 1.1312e+07 1269  106 1.1326e+07 1.1053e+07  2.41%  12.5 3450s
 1467470 1027383     cutoff 1117      1.1326e+07 1.1053e+07  2.41%  12.5 3455s
 1468865 1027915 1.1235e+07 1089   85 1.1326e+07 1.1053e+07  2.41%  12.5 3460s
 1470504 1029544 infeasible 1181      1.1326e+07 1.1053e+07  2.41%  12.5 3465s
 1471888 1030190     cutoff 1158      1.1326e+07 1.1053e+07  2.41%  12.5 3470s
 1473650 1031306 1.1272e+07  376  115 1.1326e+07 1.1053e+07  2.41%  12.5 3475s
 1475143 1032533     cutoff  347      1.1326e+07 1.1053e+07  2.41%  12.5 3480s
 1477219 1032997     cutoff  352      1.1326e+07 1.1053e+07  2.41%  12.5 3485s
 1479442 1034612 1.1246e+07  977   83 1.1326e+07 1.1053e+07  2.41%  12.5 3490s
 1481514 1035766 1.1246e+07  357   84 1.1326e+07 1.1053e+07  2.41%  12.5 3495s
 1483879 1037479     cutoff  330      1.1326e+07 1.1053e+07  2.41%  12.5 3500s
 1485622 1037880 1.1322e+07  995   76 1.1326e+07 1.1053e+07  2.41%  12.5 3505s
 1487793 1039795 1.1302e+07 1130  105 1.1326e+07 1.1053e+07  2.41%  12.5 3511s
 1489488 1040640 1.1318e+07  303   59 1.1326e+07 1.1053e+07  2.41%  12.6 3515s
 1491624 1042043 1.1271e+07 1017   80 1.1326e+07 1.1053e+07  2.41%  12.6 3520s
 1493561 1043518     cutoff 1011      1.1326e+07 1.1053e+07  2.41%  12.6 3525s
 1495235 1044116 1.1241e+07 1018   82 1.1326e+07 1.1053e+07  2.41%  12.6 3530s
 1497421 1046274     cutoff 1169      1.1326e+07 1.1053e+07  2.41%  12.6 3535s
 1499415 1046798     cutoff 1000      1.1326e+07 1.1053e+07  2.41%  12.6 3540s
 1502025 1049104 1.1311e+07 1003   67 1.1326e+07 1.1053e+07  2.41%  12.6 3545s
 1504295 1050094 1.1269e+07 1015   80 1.1326e+07 1.1053e+07  2.41%  12.6 3550s
 1506354 1051828     cutoff  358      1.1326e+07 1.1053e+07  2.41%  12.6 3555s
 1507096 1052228     cutoff  352      1.1326e+07 1.1053e+07  2.40%  12.6 3560s
 1508408 1052328     cutoff  362      1.1326e+07 1.1053e+07  2.40%  12.6 3565s
 1510572 1054426 1.1317e+07 1095   65 1.1326e+07 1.1053e+07  2.40%  12.6 3570s
 1512248 1054982     cutoff  346      1.1326e+07 1.1054e+07  2.40%  12.7 3575s
 1514433 1056555 1.1299e+07  352   72 1.1326e+07 1.1054e+07  2.40%  12.7 3580s
 1516538 1057010 1.1188e+07  733  121 1.1326e+07 1.1054e+07  2.40%  12.7 3585s
 1518905 1059069 1.1325e+07  847   53 1.1326e+07 1.1054e+07  2.40%  12.7 3590s
 1520733 1059223 1.1318e+07  299  112 1.1326e+07 1.1054e+07  2.40%  12.7 3595s

Cutting planes:
  RLT: 59

Explored 1522764 nodes (19275143 simplex iterations) in 3601.63 seconds (2182.32 work units)
Thread count was 1 (of 24 available processors)

Solution count 10: 1.13258e+07 1.1326e+07 1.1326e+07 ... 1.1335e+07

Time limit reached
Best objective 1.132579999962e+07, best bound 1.105411543878e+07, gap 2.3988%
Could not delete nodefile
Could not delete nodefile
Could not delete nodefile
Could not delete nodefile
Could not delete nodefile
Could not delete nodefile
Could not delete nodefile
Could not delete nodefile
Could not delete nodefile
Could not delete nodefile
Could not delete nodefile
Could not delete nodefile
Could not delete nodefile
Could not delete nodefile
Could not delete nodefile
Could not delete nodefile
Could not delete nodefile
Could not delete nodefile
Could not delete nodefile
Could not delete nodefile
Could not delete nodefile
Could not delete nodefile
Could not delete nodefile
Could not delete nodefile
Could not delete nodefile
Could not delete nodefile
Could not delete nodefile
Could not delete nodefile
Could not delete nodefile
Could not delete nodefile
Could not delete nodefile
Could not delete nodefile
Could not delete nodefile
Could not delete nodefile
Could not delete nodefile
Could not delete nodefile
Could not delete nodefile
Could not delete nodefile
Could not delete nodefile
Could not delete nodefile
Could not delete nodefile
Could not delete nodefile
Could not delete nodefile
