Goal_10;199186;0.0;0.5;180249;80864.11210000001;0.49985171893801;0;0.0
Goal_2;199186;0.0;0.05555555555555555;184705;599620.8085;0.35864815955063184;3600;0.3915042101340083
Goal_8;199186;0.0;0.38888888888888884;185333;397714.08280000003;0.38927777605738834;3600;0.17707766434267017
Goal_6;199186;0.0;0.2777777777777778;183999;461836.5333;0.3773299353034162;3600;0.46652044366634743
Goal_9;199186;0.0;0.4444444444444444;181352;153478.7626;0.44444978751667646;3600;0.02922401188703512
Goal_4;199186;0.0;0.16666666666666666;183362;539160.7618;0.35850459022727016;3600;0.38405570172513065
Goal_7;199186;0.0;0.3333333333333333;182626;397588.03209999995;0.3781094558802752;3600;0.37798455492736555
Goal_5;199186;0.0;0.2222222222222222;183213;526007.6823999999;0.35978640504934334;3600;0.428945695640974
Goal_1;199186;0.0;0.0;181730;483664.3219;0.3711345242812927;3600;0.35333112890231166
Goal_3;199186;0.0;0.1111111111111111;181523;521902.1515;0.35683199936138993;3601;0.4356885951788361
Goal_11;199186;208594.90970000002;0.0;183424;542049.3669;0.3643117226104047;3600;0.44482621830597163
Goal_20;199186;208594.90970000002;0.5;184613;208589.5213;0.4876723919183653;0;0.0
Goal_12;199186;208594.90970000002;0.05555555555555555;181445;415005.41390000004;0.3744927511622399;3600;0.47133727575520834
Goal_15;199186;208594.90970000002;0.2222222222222222;185077;498995.461;0.3735252696760801;3600;0.5123159462607639
Goal_14;199186;208594.90970000002;0.16666666666666666;182197;477695.03959999996;0.3627537192521434;3600;0.46859593363158064
Goal_13;199186;208594.90970000002;0.1111111111111111;182426;513536.94240000006;0.357782459255322;3600;0.39508204683222103
Goal_16;199186;208594.90970000002;0.2777777777777778;184693;475841.20369999995;0.3663490961750813;3600;0.4897232530414453
Goal_18;199186;208594.90970000002;0.38888888888888884;184799;384601.26019999996;0.38889045515845333;3600;0.19379754660815618
Goal_19;199186;208594.90970000002;0.4444444444444444;183523;208596.9044;0.44444533579747114;3600;0.016844919154743697
Goal_17;199186;208594.90970000002;0.3333333333333333;182779;413621.31240000005;0.3738633442235376;3600;0.445883667531639
Goal_21;199186;417189.81940000004;0.0;185610;592348.165;0.36106631779221315;3600;0.4188229709931715
Goal_22;199186;417189.81940000004;0.05555555555555555;184995;639038.1965000002;0.34989031866751064;3600;0.41166354087204643
Goal_30;199186;417189.81940000004;0.5;189356;417205.04900000006;0.47274933714660405;2;4.3890736680611206E-15
Goal_24;199186;417189.81940000004;0.16666666666666666;185327;488064.0585;0.3732817673262855;3600;0.46348941877752386
Goal_23;199186;417189.81940000004;0.1111111111111111;182091;448046.02220000006;0.3698040536605079;3600;0.44625335264382365
Goal_25;199186;417189.81940000004;0.2222222222222222;183283;517079.56019999995;0.36383257925974727;3600;0.5199932346609953
Goal_26;199186;417189.81940000004;0.2777777777777778;185577;552131.4275;0.3592988751226492;3600;0.5296743706844965
Goal_28;199186;417189.81940000004;0.38888888888888884;186599;417201.0178;0.3888885909444627;3600;0.05474813474270018
Goal_27;199186;417189.81940000004;0.3333333333333333;186068;470057.2096;0.37418749399110945;3600;0.46841062851876425
Goal_29;199186;417189.81940000004;0.4444444444444444;189061;417188.95499999996;0.44444411333491546;3600;0.0015114842643673824
Goal_31;199186;625784.7291000001;0.0;185548;622446.6614;0.3488780712366678;3600;0.3904071221961913
Goal_32;199186;625784.7291000001;0.05555555555555555;185349;627609.1892999999;0.3468585099119656;3600;0.42641385310692625
Goal_39;199186;625784.7291000001;0.4444444444444444;193168;625789.0748000001;0.4415026050930367;2;3.312821483244433E-14
Goal_40;199186;625784.7291000001;0.5;193168;625789.0748000001;0.4415026050930367;2;2.5933953253159773E-13
Goal_33;199186;625784.7291000001;0.1111111111111111;185138;648472.3535;0.34907057003384895;3600;0.42646703775458583
Goal_34;199186;625784.7291000001;0.16666666666666666;186426;632173.7151;0.35654854508913747;3600;0.4842118683076929
Goal_35;199186;625784.7291000001;0.2222222222222222;186552;625780.307;0.3519155886112634;3600;0.5445480189167089
Goal_36;199186;625784.7291000001;0.2777777777777778;185422;627026.3458999998;0.34479443250071073;3600;0.5833090954087465
Goal_38;199186;625784.7291000001;0.38888888888888884;191484;625885.7530000001;0.38886862291243773;3600;0.17597869020681509
Goal_37;199186;625784.7291000001;0.3333333333333333;186772;633739.7264;0.3496223786684837;3600;0.5123555065055879
Goal_42;199186;834379.6388000001;0.05555555555555555;185983;837459.0894999998;0.3353572537199691;3600;0.4383641105180277
Goal_41;199186;834379.6388000001;0.0;186452;834376.6536999999;0.3335172227843492;3600;0.4207582229213031
Goal_50;199186;834379.6388000001;0.5;196301;834377.3515999998;0.4114673809445245;2;0.0
Goal_43;199186;834379.6388000001;0.1111111111111111;189827;834376.3879;0.3485331151282851;3600;0.47119521958361693
Goal_49;199186;834379.6388000001;0.4444444444444444;196301;834378.8722999998;0.4112349673782549;3;0.0
Goal_44;199186;834379.6388000001;0.16666666666666666;185348;832409.9861;0.33291285979189233;3600;0.5361141736047176
Goal_45;199186;834379.6388000001;0.2222222222222222;189025;838667.0837000002;0.3487095690481979;3600;0.6495211146727095
Goal_48;199186;834379.6388000001;0.38888888888888884;195017;834390.2958;0.38888842886083946;3600;0.2484912634398783
Goal_47;199186;834379.6388000001;0.3333333333333333;190546;834394.829;0.3456944044922228;3600;0.6004002281861647
Goal_46;199186;834379.6388000001;0.2777777777777778;186603;834358.6111999999;0.33249414190332244;3600;0.6998069005151227
Goal_52;199186;1042974.5485;0.05555555555555555;190388;1031501.8134000002;0.34334844577207263;3600;0.555733212302233
Goal_51;199186;1042974.5485;0.0;190254;1049508.0110000002;0.33858630601087053;3600;0.5560151204316723
Goal_60;199186;1042974.5485;0.5;197588;1037611.0785000002;0.3928969085514919;1;0.0
Goal_59;199186;1042974.5485;0.4444444444444444;197588;1036824.6097;0.3928849185887257;2;0.0
Goal_53;199186;1042974.5485;0.1111111111111111;188848;1042975.1603000001;0.3321952327749965;3600;0.6043120351576756
Goal_54;199186;1042974.5485;0.16666666666666666;192609;1040129.1928000001;0.3502688136873307;3600;0.6334659886618617
Goal_57;199186;1042974.5485;0.3333333333333333;192983;1042959.7925000001;0.3466145794218122;3600;0.6917927282585467
Goal_55;199186;1042974.5485;0.2222222222222222;189911;1033194.0752000004;0.3304168251966796;3600;0.6365261882780643
Goal_56;199186;1042974.5485;0.2777777777777778;190512;1042946.2513;0.33005393727725013;3600;0.771643568008082
Goal_68;199186;1251569.4582000002;0.38888888888888884;198571;1222722.3806999999;0.3823619949666574;2;0.0
Goal_69;199186;1251569.4582000002;0.4444444444444444;198571;1222889.7286999999;0.3826409253042229;2;0.0
Goal_70;199186;1251569.4582000002;0.5;198571;1240023.9636000001;0.3823619949666574;3;0.0
Goal_58;199186;1042974.5485;0.38888888888888884;197292;1033481.9887999999;0.3888920326884438;3600;0.091628620962988
Goal_62;199186;1251569.4582000002;0.05555555555555555;194437;1221451.9042000002;0.3388938105944859;3600;0.4232975605598548
Goal_61;199186;1251569.4582000002;0.0;194486;1217398.9810000001;0.34157761262831876;3600;0.4457253020549158
Goal_64;199186;1251569.4582000002;0.16666666666666666;192637;1135461.4928000001;0.33737539621767837;3600;0.6493071100310037
Goal_63;199186;1251569.4582000002;0.1111111111111111;193772;1189490.3171999997;0.3380973525840589;3600;0.4801996927788634
Goal_65;199186;1251569.4582000002;0.2222222222222222;192285;1158970.4855000004;0.3318652319211072;3600;0.6471457326374246
Goal_66;199186;1251569.4582000002;0.2777777777777778;194129;1193115.6098;0.3349728700976872;3600;0.806954900372738
Goal_67;199186;1251569.4582000002;0.3333333333333333;194388;1203603.9897999996;0.3359399013513404;3600;0.75623820858669
Goal_78;199186;1460164.3679000002;0.38888888888888884;199047;1460171.9408999998;0.38250174998065894;4;1.367915155256875E-13
Goal_79;199186;1460164.3679000002;0.4444444444444444;199047;1460171.9408999998;0.38250174998065894;3;2.540652172507586E-13
Goal_71;199186;1460164.3679000002;0.0;188533;1394481.4952999998;0.3221390366026602;3600;0.6438487970707063
Goal_80;199186;1460164.3679000002;0.5;199047;1460171.9408999998;0.38250174998065894;5;4.206839559179009E-12
Goal_72;199186;1460164.3679000002;0.05555555555555555;194628;1171380.9367000002;0.3456761988293947;3600;0.5803746910311333
Goal_73;199186;1460164.3679000002;0.1111111111111111;196211;1396587.9075;0.3528925955271277;3600;0.610007184015469
Goal_77;199186;1460164.3679000002;0.3333333333333333;194165;1220294.3665999998;0.33525976935239177;3600;0.7853636804373031
Goal_74;199186;1460164.3679000002;0.16666666666666666;194073;1459005.2924000002;0.3399773439010324;3600;0.7091084310427078
Goal_76;199186;1460164.3679000002;0.2777777777777778;194881;1315290.8701999998;0.3397236260401495;3600;0.8634108203113723
Goal_75;199186;1460164.3679000002;0.2222222222222222;192922;1396611.9493999993;0.33123130029441195;3600;0.814166018540792
Goal_88;199186;1668759.2776000001;0.38888888888888884;199186;1655768.2089;0.3827542858271506;2;0.0
Goal_90;199186;1668759.2776000001;0.5;199186;1612582.2316;0.3827542858271507;2;0.0
Goal_89;199186;1668759.2776000001;0.4444444444444444;199186;1620294.4808999998;0.3827542858271506;3;0.0
Goal_81;199186;1668759.2776000001;0.0;189912;1209477.5885;0.3324114578731873;3600;0.5122318112553724
Goal_82;199186;1668759.2776000001;0.05555555555555555;194515;1264079.3593999997;0.3473827001210453;3600;0.5774398963548553
Goal_83;199186;1668759.2776000001;0.1111111111111111;193797;1535329.2262999997;0.3339594401591878;3600;0.577918228344926
Goal_84;199186;1668759.2776000001;0.16666666666666666;191887;1667948.7970999999;0.3355506934264773;3600;0.7117613991686158
Goal_85;199186;1668759.2776000001;0.2222222222222222;194075;1524759.5215999999;0.33513740569569833;3600;0.7453699348264734
Goal_98;199186;1877354.1873;0.38888888888888884;199186;1869641.9379999996;0.3831649574045976;2;0.0
Goal_99;199186;1877354.1873;0.4444444444444444;199186;1877350.0953;0.3827542858271506;2;0.0
Goal_100;199186;1877354.1873;0.5;199186;1588691.2028999997;0.3827542858271506;0;0.0
Goal_86;199186;1668759.2776000001;0.2777777777777778;190712;1602304.0941999997;0.32447405680698826;3600;0.8799539716611305
Goal_87;199186;1668759.2776000001;0.3333333333333333;194730;1514208.5082999996;0.3358420110454509;3600;0.7477044197446115
Goal_92;199186;1877354.1873;0.05555555555555555;193999;1493461.6351000005;0.33605740171149223;3600;0.5082425626909897
Goal_91;199186;1877354.1873;0.0;195059;1421192.2516;0.34072664031059996;3600;0.49498111176539517
Goal_93;199186;1877354.1873;0.1111111111111111;193885;1823426.4590000003;0.3413527223671914;3600;0.5753482721892379
Goal_94;199186;1877354.1873;0.16666666666666666;192803;1798315.4902;0.32393914992792355;3600;0.7030636969322863
Goal_95;199186;1877354.1873;0.2222222222222222;192013;1877397.4030999995;0.32311025671816573;3600;0.7346252268915291
Goal_96;199186;1877354.1873;0.2777777777777778;196820;1564378.4423;0.35329853054265314;3600;0.9267976311199143
Goal_97;199186;1877354.1873;0.3333333333333333;194966;1490668.6435;0.3368816982014563;3600;0.8166850252421107
Goal_110;191360;0.0;0.5;180249;80864.11210000001;0.49985171893801;0;0.0
Goal_101;191360;0.0;0.0;182022;536288.7989999999;0.3591611134987451;3600;0.38837282345348967
Goal_102;191360;0.0;0.05555555555555555;183497;533945.7113000001;0.3603401986549178;3600;0.4053586098321312
Goal_103;191360;0.0;0.1111111111111111;182496;505943.32289999997;0.3652635636050638;3600;0.42387420424307554
Goal_104;191360;0.0;0.16666666666666666;183437;546007.4558000001;0.35265008524786157;3600;0.4035629262546493
Goal_106;191360;0.0;0.2777777777777778;183993;542323.658;0.35734169349284006;3600;0.48507695176786897
Goal_105;191360;0.0;0.2222222222222222;184718;560787.3500999999;0.35953893753013083;3600;0.4950722348657677
Goal_107;191360;0.0;0.3333333333333333;183879;501239.58019999997;0.3625176187586536;3600;0.416468845389129
Goal_108;191360;0.0;0.38888888888888884;184148;374206.98979999986;0.3892445197992898;3600;0.2095674881019489
Goal_109;191360;0.0;0.4444444444444444;180981;144150.7284;0.4444479948307341;3600;0.0296028401986963
Goal_111;191360;208594.90970000002;0.0;185861;566529.6516999999;0.3626509486946256;3600;0.3980989657484982
Goal_120;191360;208594.90970000002;0.5;184613;208590.75169999996;0.4876814549220355;2;0.0
Goal_112;191360;208594.90970000002;0.05555555555555555;184303;452389.3743;0.3760332294357059;3600;0.4069449130346868
Goal_113;191360;208594.90970000002;0.1111111111111111;184785;479845.8619999999;0.37088512548078345;3600;0.46662431626645784
Goal_114;191360;208594.90970000002;0.16666666666666666;183726;496998.96840000007;0.3646514658213553;3600;0.509259942042244
Goal_115;191360;208594.90970000002;0.2222222222222222;180598;379447.4273000001;0.3814779403723515;3600;0.628352716441577
Goal_117;191360;208594.90970000002;0.3333333333333333;184065;444150.8974999999;0.3737173672016783;3600;0.5566978576534848
Goal_116;191360;208594.90970000002;0.2777777777777778;185272;605960.5341;0.3536361356025012;3600;0.5847852013594788
Goal_118;191360;208594.90970000002;0.38888888888888884;182881;335869.2441;0.39425053941379307;3600;0.3547682894192835
Goal_119;191360;208594.90970000002;0.4444444444444444;183499;208594.5527;0.4444437018111073;3600;0.03601595195207213
Goal_121;191360;417189.81940000004;0.0;182616;446183.03940000007;0.3716648880120072;3600;0.49159536355373434
Goal_122;191360;417189.81940000004;0.05555555555555555;184411;596852.4379;0.3579724960497571;3600;0.44792837114866785
Goal_130;191360;417189.81940000004;0.5;189356;417205.04900000006;0.47274933714660405;3;0.0
Goal_123;191360;417189.81940000004;0.1111111111111111;183503;453146.0152;0.37392233905175726;3600;0.48582248515059434
Goal_124;191360;417189.81940000004;0.16666666666666666;183084;556367.4368000001;0.35877173030259;3600;0.5811205540271548
Goal_126;191360;417189.81940000004;0.2777777777777778;183178;453902.27229999995;0.3710960151412573;3600;0.7102818416651244
Goal_125;191360;417189.81940000004;0.2222222222222222;183935;543164.0945000001;0.3544674128743383;3600;0.5867051656860115
Goal_128;191360;417189.81940000004;0.38888888888888884;186619;417153.66320000007;0.38889511055057085;3600;0.12638976354999093
Goal_127;191360;417189.81940000004;0.3333333333333333;184274;443090.4057999999;0.3755887289326918;3600;0.6643078786420439
Goal_129;191360;417189.81940000004;0.4444444444444444;189061;417185.14090000006;0.44444495310763804;3600;0.00902081148786877
Goal_131;191360;625784.7291000001;0.0;184577;629734.4897000002;0.3458086415678158;3600;0.5070076230518992
Goal_139;191360;625784.7291000001;0.4444444444444444;191360;611909.8922;0.44437651198985956;3;0.0
Goal_133;191360;625784.7291000001;0.1111111111111111;185303;631012.2177;0.3467686866000129;3600;0.4737354070447121
Goal_140;191360;625784.7291000001;0.5;191360;611211.7629;0.4586968850585245;3;0.0
Goal_132;191360;625784.7291000001;0.05555555555555555;185621;625784.2808000001;0.3518581760653474;3600;0.45239046581259434
Goal_134;191360;625784.7291000001;0.16666666666666666;186772;626414.9994;0.35745868291314514;3600;0.5509955028001694
Goal_138;191360;625784.7291000001;0.38888888888888884;191360;623098.9461000002;0.3888365390775171;276;0.0
Goal_135;191360;625784.7291000001;0.2222222222222222;185308;627555.6297;0.3484871713902052;3600;0.6674154591366886
Goal_136;191360;625784.7291000001;0.2777777777777778;185076;624044.0224;0.3467862441258202;3600;0.7546320911954529
Goal_137;191360;625784.7291000001;0.3333333333333333;187175;626711.5743000001;0.3527761130970806;3600;0.8080414797985909
Goal_150;191360;834379.6388000001;0.5;191360;800409.4268;0.461339337658726;1;0.0
Goal_141;191360;834379.6388000001;0.0;190014;833288.8448999999;0.3459452041865075;3600;0.4690163638352866
Goal_142;191360;834379.6388000001;0.05555555555555555;187403;835683.4607;0.3433591285818671;3600;0.6458853386153559
Goal_143;191360;834379.6388000001;0.1111111111111111;186620;869013.9595;0.338559626711668;3600;0.7579887219412883
Goal_144;191360;834379.6388000001;0.16666666666666666;189739;836245.5892999999;0.3440784946943708;3600;0.7783131270963857
Goal_145;191360;834379.6388000001;0.2222222222222222;187159;834653.6116;0.3378798799532246;3600;0.9467096680517447
Goal_149;191360;834379.6388000001;0.4444444444444444;191511;773410.1549999999;0.4403296820073347;11;0.0
Goal_146;191360;834379.6388000001;0.2777777777777778;191120;833124.5408000001;0.3504752337528685;3600;1.0
Goal_158;191360;1042974.5485;0.38888888888888884;191402;1000152.0775999997;0.3822927599467109;29;0.0
Goal_159;191360;1042974.5485;0.4444444444444444;191360;999984.0965999998;0.4442262790224427;4;0.0
Goal_160;191360;1042974.5485;0.5;191360;946412.4247999999;0.46027816547519745;1;0.0
Goal_148;191360;834379.6388000001;0.38888888888888884;191470;823023.4265999999;0.3888725662619213;101;0.0
Goal_147;191360;834379.6388000001;0.3333333333333333;191256;834759.0452999998;0.35201044384444996;3600;1.0
Goal_151;191360;1042974.5485;0.0;190457;1042970.2897000001;0.33494424243573623;3600;0.4850141998176235
Goal_152;191360;1042974.5485;0.05555555555555555;189522;1043101.9756999998;0.33584192398292895;3600;0.564629369175452
Goal_154;191360;1042974.5485;0.16666666666666666;191210;1040795.3876;0.33607540742998915;3600;0.992617765594109
Goal_153;191360;1042974.5485;0.1111111111111111;188573;1047536.5343999999;0.3312185933154883;3600;0.967283911902114
Goal_157;191360;1042974.5485;0.3333333333333333;191360;1011029.8522999997;0.3375291027492922;3600;1.0
Goal_155;191360;1042974.5485;0.2222222222222222;191363;981176.0098000001;0.3435836631116196;3600;1.0
Goal_156;191360;1042974.5485;0.2777777777777778;191362;1042902.6623000001;0.33007303630526863;3600;1.0
Goal_170;191360;1251569.4582000002;0.5;191360;963128.4029000001;0.44950021404627677;0;0.0
Goal_169;191360;1251569.4582000002;0.4444444444444444;191360;1160937.0547;0.4407289633393841;3;0.0
Goal_161;191360;1251569.4582000002;0.0;190987;1149588.7938;0.3339270443271301;3600;0.595217052271199
Goal_168;191360;1251569.4582000002;0.38888888888888884;191681;1170651.5277999996;0.38883290843664176;65;0.0
Goal_162;191360;1251569.4582000002;0.05555555555555555;189237;1240289.2;0.32859147778205444;3600;0.5755649361006577
Goal_163;191360;1251569.4582000002;0.1111111111111111;190670;1190758.5028000006;0.32935166986236725;3600;0.7497331290734788
Goal_164;191360;1251569.4582000002;0.16666666666666666;191361;1097748.3799;0.33378712559592427;3600;0.9695431042872613
Goal_167;191360;1251569.4582000002;0.3333333333333333;191728;1216628.3103;0.33372356676992665;3600;1.0
Goal_165;191360;1251569.4582000002;0.2222222222222222;191497;1151951.6422000001;0.3415192319902224;3600;1.0
Goal_166;191360;1251569.4582000002;0.2777777777777778;191376;1221365.1206999996;0.3361000199552615;3600;1.0
Goal_180;191360;1460164.3679000002;0.5;191360;808007.2103999997;0.46395078625360203;0;0.0
Goal_171;191360;1460164.3679000002;0.0;190809;1267191.5219;0.33476859848142493;3600;0.7208220833411817
Goal_172;191360;1460164.3679000002;0.05555555555555555;191409;1337851.4495000006;0.3352421903073387;3600;0.6950766344056752
Goal_179;191360;1460164.3679000002;0.4444444444444444;191669;1245967.9234999998;0.4444405121668013;5;0.0
Goal_173;191360;1460164.3679000002;0.1111111111111111;191568;1303666.8769;0.33818515431684204;3600;0.8865426547812513
Goal_174;191360;1460164.3679000002;0.16666666666666666;189543;1459167.2711000002;0.32262527394827706;3600;1.0
Goal_175;191360;1460164.3679000002;0.2222222222222222;190235;1361019.6219;0.3300291227649745;3600;1.0
Goal_178;191360;1460164.3679000002;0.38888888888888884;192048;1394365.3897999998;0.388887699203691;130;0.0
Goal_188;191360;1668759.2776000001;0.38888888888888884;191366;1539339.7510999998;0.3883436012541351;24;0.0
Goal_189;191360;1668759.2776000001;0.4444444444444444;191474;1571865.0510000002;0.4438360348840898;4;0.0
Goal_190;191360;1668759.2776000001;0.5;191360;898896.6355999998;0.4596885363793914;0;0.0
Goal_176;191360;1460164.3679000002;0.2777777777777778;191367;1424760.6457999998;0.3310738536868134;3600;1.0
Goal_187;191360;1668759.2776000001;0.3333333333333333;191360;1668741.1812999998;0.33312075903444244;605;0.0
Goal_177;191360;1460164.3679000002;0.3333333333333333;191378;1459742.879;0.33332531503790436;1022;0.0
Goal_181;191360;1668759.2776000001;0.0;190569;1668685.3553;0.3285644432359131;3600;0.7153363287233154
Goal_182;191360;1668759.2776000001;0.05555555555555555;191345;1438806.8180999998;0.3321777348757135;3600;0.7059252669578091
Goal_183;191360;1668759.2776000001;0.1111111111111111;191445;1486250.7408999996;0.3384406558144554;3600;0.9418881178649068
Goal_184;191360;1668759.2776000001;0.16666666666666666;189050;1403149.9506;0.3210077360892984;3600;1.0
Goal_198;191360;1877354.1873;0.38888888888888884;191360;1317566.3448999997;0.388008153095235;22;0.0
Goal_199;191360;1877354.1873;0.4444444444444444;191360;1314209.1351;0.4274874535689124;2;0.0
Goal_200;191360;1877354.1873;0.5;191360;838551.1305999999;0.4512493013626665;0;0.0
Goal_185;191360;1668759.2776000001;0.2222222222222222;191297;1530724.9674;0.3318078159679845;3600;1.0
Goal_186;191360;1668759.2776000001;0.2777777777777778;190988;1668920.0595000002;0.32749331844152324;3600;1.0
Goal_191;191360;1877354.1873;0.0;190493;1812293.3799000005;0.323704578098643;3600;0.6054516361323593
Goal_192;191360;1877354.1873;0.05555555555555555;191360;1804040.4543999992;0.33165436627636063;3600;0.7021343754577157
Goal_193;191360;1877354.1873;0.1111111111111111;188945;1810822.6605999996;0.32497549606401654;3600;0.8406847628561798
Goal_194;191360;1877354.1873;0.16666666666666666;191377;1367391.7422999998;0.3333067199613838;3600;1.0
Goal_195;191360;1877354.1873;0.2222222222222222;191206;1180811.9833000002;0.3324207218818527;3600;1.0
Goal_196;191360;1877354.1873;0.2777777777777778;191365;1448607.3987;0.3279906552223654;3600;1.0
Goal_197;191360;1877354.1873;0.3333333333333333;189908;1823966.028;0.3333356660809176;3600;1.0
Goal_210;183534;0.0;0.5;180249;80864.11210000001;0.49985171893801;0;7.315615395285361E-15
Goal_201;183534;0.0;0.0;183527;643409.0771000001;0.3431551025469376;3600;0.398938992577742
Goal_202;183534;0.0;0.05555555555555555;181683;458978.33079999994;0.3705085925845487;3600;0.4565937115703647
Goal_203;183534;0.0;0.1111111111111111;182715;611353.3556;0.3500788832011998;3600;0.43626604197068297
Goal_204;183534;0.0;0.16666666666666666;183534;495405.60559999995;0.366928898077385;3600;0.4641829447067321
Goal_205;183534;0.0;0.2222222222222222;183521;556604.1894999999;0.3621168342012673;3600;0.5813312888049238
Goal_206;183534;0.0;0.2777777777777778;183482;499854.3593;0.36338243040430845;3600;0.5555159691635393
Goal_207;183534;0.0;0.3333333333333333;182199;461260.7395;0.3660542993406582;3600;0.5450423496796952
Goal_208;183534;0.0;0.38888888888888884;183534;345426.4424;0.3950746005988553;3600;0.3758970950990491
Goal_209;183534;0.0;0.4444444444444444;181099;149416.59730000002;0.4444439490465451;3600;0.13210625025735678
Goal_220;183534;208594.90970000002;0.5;183571;208581.18009999997;0.4896910496043028;2;0.0
Goal_211;183534;208594.90970000002;0.0;182339;492599.64569999994;0.36557069947410703;3600;0.4859297580446709
Goal_212;183534;208594.90970000002;0.05555555555555555;181716;475874.42119999987;0.3654207118554736;3600;0.49330670162094664
Goal_213;183534;208594.90970000002;0.1111111111111111;183534;564418.3653999998;0.355408517326615;3600;0.5420455077162188
Goal_214;183534;208594.90970000002;0.16666666666666666;181748;532100.2881999998;0.3578605405776061;3600;0.5934486478734131
Goal_215;183534;208594.90970000002;0.2222222222222222;183407;588955.9578;0.35206842239744746;3600;0.6768378300250045
Goal_216;183534;208594.90970000002;0.2777777777777778;182593;433111.8077999999;0.3712679654225463;3600;0.7171840779897738
Goal_217;183534;208594.90970000002;0.3333333333333333;182938;462156.5719000001;0.3683032817785459;3600;0.7352623102165423
Goal_218;183534;208594.90970000002;0.38888888888888884;182201;341156.31680000003;0.38973075749036457;3600;0.6623498278126053
Goal_229;183534;417189.81940000004;0.4444444444444444;183534;401157.61630000005;0.44371288957414823;11;0.0
Goal_230;183534;417189.81940000004;0.5;183534;417177.07480000006;0.4897337129114832;0;0.0
Goal_228;183534;417189.81940000004;0.38888888888888884;183605;416924.62299999996;0.3887627217565307;1017;0.0
Goal_219;183534;208594.90970000002;0.4444444444444444;183510;208610.58600000004;0.4444426298155609;3600;1.0
Goal_221;183534;417189.81940000004;0.0;182948;565882.4214000001;0.3535767291143157;3600;0.5510846490229202
Goal_222;183534;417189.81940000004;0.05555555555555555;182205;516953.2126999999;0.3614475350930245;3600;0.49735554906036744
Goal_223;183534;417189.81940000004;0.1111111111111111;181788;588782.4786;0.35186363083115235;3600;0.6711439904745322
Goal_224;183534;417189.81940000004;0.16666666666666666;182199;450149.73269999993;0.3662650574849313;3600;0.6119988556826218
Goal_225;183534;417189.81940000004;0.2222222222222222;183530;561195.3134;0.357175252752509;3600;0.8729001062780877
Goal_226;183534;417189.81940000004;0.2777777777777778;183533;542369.9137999999;0.35137734661585457;3600;1.0
Goal_239;183534;625784.7291000001;0.4444444444444444;184007;620884.7487;0.44383210843881765;23;0.0
Goal_240;183534;625784.7291000001;0.5;183534;597820.7357;0.4872740999234356;0;0.0
Goal_227;183534;417189.81940000004;0.3333333333333333;182576;477742.44999999995;0.3642509904535395;3600;1.0
Goal_231;183534;625784.7291000001;0.0;183715;628737.3873000001;0.34664525468665225;3600;0.641246147863904
Goal_232;183534;625784.7291000001;0.05555555555555555;181151;625610.4157000001;0.34521678553789203;3600;0.6727819958370417
Goal_238;183534;625784.7291000001;0.38888888888888884;183538;621489.8149;0.3884987115486116;3432;0.0
Goal_233;183534;625784.7291000001;0.1111111111111111;183600;630072.0195999999;0.3466251377602818;3600;0.9996754137432987
Goal_234;183534;625784.7291000001;0.16666666666666666;183535;626055.6459;0.3422646111012348;3600;0.9341286794226433
Goal_235;183534;625784.7291000001;0.2222222222222222;183814;627142.7992;0.3419066764571692;3600;1.0
Goal_236;183534;625784.7291000001;0.2777777777777778;183515;639983.4724999999;0.34490480740546703;3600;1.0
Goal_237;183534;625784.7291000001;0.3333333333333333;183633;625899.6034000001;0.3508587455381531;3600;1.0
Goal_250;183534;834379.6388000001;0.5;184704;834367.8994;0.48467140856993257;1;0.0
Goal_249;183534;834379.6388000001;0.4444444444444444;183714;798561.3328999999;0.4442709913621199;17;0.0
Goal_248;183534;834379.6388000001;0.38888888888888884;183617;833338.6746999997;0.38865754341075887;51;0.0
Goal_241;183534;834379.6388000001;0.0;183919;825383.3475;0.33498873490520126;3600;0.6473449180466927
Goal_242;183534;834379.6388000001;0.05555555555555555;183534;834382.7645999998;0.33672924657463316;3600;0.7787529140088941
Goal_243;183534;834379.6388000001;0.1111111111111111;184243;834238.8867000001;0.33978182903321225;3600;0.8450157126503344
Goal_244;183534;834379.6388000001;0.16666666666666666;185007;837446.8182000001;0.33028015941181615;3600;1.0
Goal_245;183534;834379.6388000001;0.2222222222222222;183534;834037.3495000002;0.33948526773235455;3600;1.0
Goal_246;183534;834379.6388000001;0.2777777777777778;184419;833014.0528;0.32804903136192903;3600;1.0
Goal_247;183534;834379.6388000001;0.3333333333333333;183432;817833.2698000002;0.34070839131835196;3600;1.0
Goal_259;183534;1042974.5485;0.4444444444444444;183563;1035844.9347;0.4442875146193978;5;0.0
Goal_260;183534;1042974.5485;0.5;183534;672608.0715;0.47797992623398844;0;0.0
Goal_258;183534;1042974.5485;0.38888888888888884;184263;1034061.8258;0.3888520574531075;126;0.0
Goal_251;183534;1042974.5485;0.0;183510;1010125.2895;0.33488564191733244;3600;0.6498683733253586
Goal_252;183534;1042974.5485;0.05555555555555555;184638;1030055.2278000002;0.34008077443242374;3600;0.7879949989328929
Goal_253;183534;1042974.5485;0.1111111111111111;184346;925582.4111000001;0.32600412028531983;3600;0.9578304040061131
Goal_254;183534;1042974.5485;0.16666666666666666;183352;1044168.3711;0.3236774171794545;3600;1.0
Goal_255;183534;1042974.5485;0.2222222222222222;184726;970886.2405999998;0.33405689084136786;3600;1.0
Goal_268;183534;1251569.4582000002;0.38888888888888884;184323;1230797.524;0.3888606614394313;109;0.0
Goal_269;183534;1251569.4582000002;0.4444444444444444;183534;1175018.6543;0.4444203059485755;4;0.0
Goal_270;183534;1251569.4582000002;0.5;183534;1016894.9964;0.4774394758600381;0;0.0
Goal_256;183534;1042974.5485;0.2777777777777778;183546;999191.9984;0.3271730139205983;3600;1.0
Goal_257;183534;1042974.5485;0.3333333333333333;184885;1042908.4044000001;0.333457364489087;3600;1.0
Goal_261;183534;1251569.4582000002;0.0;183839;1251563.5114;0.32424125629982353;3600;0.7620379287761792
Goal_262;183534;1251569.4582000002;0.05555555555555555;183534;1248744.1041;0.33151609950508987;3600;0.7322193839812486
Goal_263;183534;1251569.4582000002;0.1111111111111111;184160;1220017.5954999998;0.3273180072160305;3600;1.0
Goal_264;183534;1251569.4582000002;0.16666666666666666;183678;1251537.3999;0.3368151546016487;3600;1.0
Goal_265;183534;1251569.4582000002;0.2222222222222222;183570;1101591.828;0.33645885121426133;3600;1.0
Goal_266;183534;1251569.4582000002;0.2777777777777778;184118;1231430.881;0.315160890783681;3600;1.0
Goal_279;183534;1460164.3679000002;0.4444444444444444;184407;635363.1368999999;0.4444422090563177;3;0.0
Goal_280;183534;1460164.3679000002;0.5;183534;800591.9825;0.4848005642259499;0;0.0
Goal_278;183534;1460164.3679000002;0.38888888888888884;183851;1117417.2202;0.3851965691476673;31;0.0
Goal_267;183534;1251569.4582000002;0.3333333333333333;183519;1252840.8617000002;0.33810951451712973;3600;1.0
Goal_271;183534;1460164.3679000002;0.0;183385;1464586.5969999998;0.32479709988171757;3600;0.7010337642151006
Goal_272;183534;1460164.3679000002;0.05555555555555555;183807;1245201.9620999997;0.3277349535201538;3600;0.936315053998972
Goal_273;183534;1460164.3679000002;0.1111111111111111;183568;1149779.3405999998;0.3256953590610578;3600;1.0
Goal_274;183534;1460164.3679000002;0.16666666666666666;183588;1460143.3601;0.3218505438924152;3600;1.0
Goal_275;183534;1460164.3679000002;0.2222222222222222;182998;1460131.4879000003;0.3148559407495458;3600;1.0
Goal_288;183534;1668759.2776000001;0.38888888888888884;183726;1668746.4397999996;0.38696354457532023;12;0.0
Goal_276;183534;1460164.3679000002;0.2777777777777778;183789;1352878.4249;0.3140901562317048;3600;1.0
Goal_289;183534;1668759.2776000001;0.4444444444444444;183699;1040753.5715999999;0.43966340758208045;6;0.0
Goal_290;183534;1668759.2776000001;0.5;183534;946588.8564000002;0.48315167666470926;0;0.0
Goal_277;183534;1460164.3679000002;0.3333333333333333;183536;1439842.6868000003;0.34412801977780333;3600;1.0
Goal_281;183534;1668759.2776000001;0.0;183534;1597847.3901000002;0.3141773162571284;3600;0.7947012102285534
Goal_282;183534;1668759.2776000001;0.05555555555555555;183554;1606779.6122999997;0.3226573700543902;3600;0.8398936774662975
Goal_283;183534;1668759.2776000001;0.1111111111111111;183557;1662417.4159;0.31989840712779916;3600;1.0
Goal_284;183534;1668759.2776000001;0.16666666666666666;183530;1664680.8909;0.30548237637659736;3600;1.0
Goal_285;183534;1668759.2776000001;0.2222222222222222;183538;1616603.3513999996;0.3164010334442237;3600;1.0
Goal_298;183534;1877354.1873;0.38888888888888884;183551;1829620.8443999998;0.3879920801955691;31;0.0
Goal_299;183534;1877354.1873;0.4444444444444444;183534;1113658.8106999998;0.44442425573408206;4;0.0
Goal_300;183534;1877354.1873;0.5;184925;842300.8679;0.4796996649710183;0;0.0
Goal_286;183534;1668759.2776000001;0.2777777777777778;183834;1668568.0862;0.32457752952831753;3600;1.0
Goal_287;183534;1668759.2776000001;0.3333333333333333;183813;1253879.0267;0.3402880831975506;3600;1.0
Goal_291;183534;1877354.1873;0.0;183183;1738161.011;0.3120646075935705;3600;0.7051549173821952
Goal_292;183534;1877354.1873;0.05555555555555555;183558;1860951.3497;0.3139262023033145;3600;0.838874740120499
Goal_293;183534;1877354.1873;0.1111111111111111;183566;1863098.7032999997;0.3079292490773381;3600;0.9357663774936126
Goal_294;183534;1877354.1873;0.16666666666666666;183611;1756702.5999;0.31926976033842314;3600;1.0
Goal_295;183534;1877354.1873;0.2222222222222222;183658;1818149.6902000005;0.32332002652138375;3600;1.0
Goal_296;183534;1877354.1873;0.2777777777777778;183608;1731142.5632;0.3114197904462865;3600;1.0
Goal_297;183534;1877354.1873;0.3333333333333333;183842;1509348.4599000001;0.3373546961900102;3600;1.0
Goal_310;175708;0.0;0.5;175708;9480.1366;0.49153061660354574;1;0.0
Goal_301;175708;0.0;0.0;175708;543700.7904999999;0.34932215727170807;3600;0.47949104048009294
Goal_302;175708;0.0;0.05555555555555555;176704;430156.57310000004;0.3665957243562139;3600;0.4993824577834114
Goal_303;175708;0.0;0.1111111111111111;175708;515312.2124;0.354994037774981;3600;0.5411895275698745
Goal_304;175708;0.0;0.16666666666666666;175705;538519.5864;0.35259658483920125;3600;0.610950360653533
Goal_305;175708;0.0;0.2222222222222222;175887;481210.5366;0.36133503583282495;3600;0.6658812100799222
Goal_306;175708;0.0;0.2777777777777778;176070;384137.506;0.37395912261519854;3600;0.7256953777483237
Goal_307;175708;0.0;0.3333333333333333;176150;397611.0518000001;0.36997896547531667;3600;0.7315828464696125
Goal_308;175708;0.0;0.38888888888888884;176167;317439.58470000006;0.38889724153254396;3600;0.7169740344978806
Goal_319;175708;208594.90970000002;0.4444444444444444;175766;208594.13809999998;0.44401786292633943;38;0.0
Goal_320;175708;208594.90970000002;0.5;175880;208379.4051;0.49382122454854255;0;0.0
Goal_309;175708;0.0;0.4444444444444444;176103;88618.32719999997;0.4444517675190481;3600;0.5591341388402259
Goal_311;175708;208594.90970000002;0.0;175247;452318.6420999998;0.3618417271746394;3600;0.5594346643834764
Goal_312;175708;208594.90970000002;0.05555555555555555;175786;427407.33210000006;0.36414590615675047;3600;0.5768785401543426
Goal_313;175708;208594.90970000002;0.1111111111111111;175709;509626.5663;0.35700964115848766;3600;0.6536725393049774
Goal_314;175708;208594.90970000002;0.16666666666666666;175708;556768.6651000001;0.35297073443435956;3600;0.8288979221919247
Goal_315;175708;208594.90970000002;0.2222222222222222;175674;416336.2034;0.3698532573421944;3600;0.9267046834693486
Goal_316;175708;208594.90970000002;0.2777777777777778;175734;449846.42120000004;0.3599991199969534;3600;1.0
Goal_317;175708;208594.90970000002;0.3333333333333333;176660;330957.13190000004;0.38168178022629623;3600;1.0
Goal_318;175708;208594.90970000002;0.38888888888888884;176267;312202.30210000003;0.3889757498505105;3600;1.0
Goal_330;175708;417189.81940000004;0.5;177170;354114.1065;0.49969112590580195;0;0.0
Goal_329;175708;417189.81940000004;0.4444444444444444;176972;368422.37470000004;0.44218498633063197;23;0.0
Goal_321;175708;417189.81940000004;0.0;176022;521834.3719;0.3533514989484219;3600;0.6601540787557061
Goal_322;175708;417189.81940000004;0.05555555555555555;176868;504036.4791;0.3595683808315402;3600;0.6909427239929224
Goal_323;175708;417189.81940000004;0.1111111111111111;175981;567892.0433;0.3478268930552352;3600;0.9204007924642899
Goal_324;175708;417189.81940000004;0.16666666666666666;176813;465557.9396;0.3588886196883576;3600;1.0
Goal_328;175708;417189.81940000004;0.38888888888888884;175819;417105.97740000003;0.38888880802232995;1169;0.0
Goal_325;175708;417189.81940000004;0.2222222222222222;176426;423592.5492999999;0.363419285678549;3600;1.0
Goal_338;175708;625784.7291000001;0.38888888888888884;175777;625618.0676;0.38814280889386543;297;0.0
Goal_339;175708;625784.7291000001;0.4444444444444444;175708;576607.5137;0.44071928752278466;42;0.0
Goal_340;175708;625784.7291000001;0.5;176631;371616.87600000005;0.4972296007604625;0;0.0
Goal_326;175708;417189.81940000004;0.2777777777777778;176542;445512.8499999999;0.36935708271058926;3600;1.0
Goal_327;175708;417189.81940000004;0.3333333333333333;176162;417608.8412999999;0.3749031523637554;3600;1.0
Goal_331;175708;625784.7291000001;0.0;177223;633374.5168000001;0.3489506214335823;3600;0.7340550070134084
Goal_332;175708;625784.7291000001;0.05555555555555555;175708;630380.2581999999;0.34652170373714014;3600;0.7103589244914105
Goal_333;175708;625784.7291000001;0.1111111111111111;175794;625812.0258999999;0.34880357678317214;3600;0.9944498844514437
Goal_334;175708;625784.7291000001;0.16666666666666666;176970;655061.893;0.3473892438270215;3600;1.0
Goal_335;175708;625784.7291000001;0.2222222222222222;175728;625835.9974000001;0.3557909547030145;3600;1.0
Goal_348;175708;834379.6388000001;0.38888888888888884;181299;825232.2053999999;0.38744190005730883;134;0.0
Goal_349;175708;834379.6388000001;0.4444444444444444;177415;801984.4108000001;0.44079612235643306;4;0.0
Goal_350;175708;834379.6388000001;0.5;176545;289451.8046;0.49838136881565964;0;0.0
Goal_336;175708;625784.7291000001;0.2777777777777778;176300;626000.6984;0.3412187734704535;3600;1.0
Goal_337;175708;625784.7291000001;0.3333333333333333;175824;627097.6732999998;0.35737154428291656;3600;1.0
Goal_341;175708;834379.6388000001;0.0;176625;834377.9512;0.3361570917941182;3600;0.7952143560542014
Goal_342;175708;834379.6388000001;0.05555555555555555;176404;832310.4759999999;0.32596479445043897;3600;0.7095300547834126
Goal_343;175708;834379.6388000001;0.1111111111111111;177911;824090.7889;0.3294733297660268;3600;1.0
Goal_344;175708;834379.6388000001;0.16666666666666666;176873;834374.9881;0.318992999939822;3600;1.0
Goal_345;175708;834379.6388000001;0.2222222222222222;176021;834374.331;0.3383917445237532;3600;1.0
Goal_346;175708;834379.6388000001;0.2777777777777778;178290;829456.0808999998;0.3317304471816504;3600;1.0
Goal_359;175708;1042974.5485;0.4444444444444444;175708;1040025.2229999998;0.44434977453646435;38;0.0
Goal_360;175708;1042974.5485;0.5;176060;546611.3342;0.4873083784567612;0;0.0
Goal_347;175708;834379.6388000001;0.3333333333333333;175936;836046.5240999998;0.3502884538671048;3600;1.0
Goal_358;175708;1042974.5485;0.38888888888888884;176605;1042506.1008000001;0.38872481705532247;165;0.0
Goal_351;175708;1042974.5485;0.0;175708;1038878.3539000001;0.3291361795102277;3600;0.8207186254856966
Goal_352;175708;1042974.5485;0.05555555555555555;176858;1042978.1960000003;0.3208229208485947;3600;0.8303107842662215
Goal_353;175708;1042974.5485;0.1111111111111111;178346;1042729.5699;0.318676286260228;3600;1.0
Goal_354;175708;1042974.5485;0.16666666666666666;175821;1029330.4258000001;0.31962554426366085;3600;1.0
Goal_355;175708;1042974.5485;0.2222222222222222;176283;1040911.0854;0.33171000948621543;3600;1.0
Goal_356;175708;1042974.5485;0.2777777777777778;175744;1042942.7108000001;0.3181918698460393;3600;1.0
Goal_369;175708;1251569.4582000002;0.4444444444444444;175981;730014.2513;0.4442331996750024;4;0.0
Goal_370;175708;1251569.4582000002;0.5;176231;512005.5027;0.49574371591003136;0;0.0
Goal_368;175708;1251569.4582000002;0.38888888888888884;177113;1100989.8067999997;0.38494340948363737;52;0.0
Goal_357;175708;1042974.5485;0.3333333333333333;177593;984167.1934000001;0.34882917828915216;3600;1.0
Goal_361;175708;1251569.4582000002;0.0;181941;1248037.9513;0.32715790325731214;3600;0.7680006190399691
Goal_362;175708;1251569.4582000002;0.05555555555555555;175748;1251562.7882;0.3113473718125503;3600;0.854430678270098
Goal_363;175708;1251569.4582000002;0.1111111111111111;176496;1251011.7228;0.3108739409758289;3600;0.971741389739822
Goal_364;175708;1251569.4582000002;0.16666666666666666;176889;1234016.2483000006;0.3191997096090428;3600;1.0
Goal_365;175708;1251569.4582000002;0.2222222222222222;177100;1205163.2466999998;0.3205458891329596;3600;1.0
Goal_378;175708;1460164.3679000002;0.38888888888888884;176518;1153880.6289999997;0.3883937327539679;27;0.0
Goal_379;175708;1460164.3679000002;0.4444444444444444;175708;797192.5066999999;0.44417401834409365;4;0.0
Goal_380;175708;1460164.3679000002;0.5;175708;415318.07279999997;0.4973291511609055;0;0.0
Goal_366;175708;1251569.4582000002;0.2777777777777778;175710;1250648.7869999998;0.3100263665045219;3600;1.0
Goal_367;175708;1251569.4582000002;0.3333333333333333;175839;1251445.6524999999;0.3495847525230817;3600;1.0
Goal_371;175708;1460164.3679000002;0.0;173864;1460890.7716000003;0.31055114985658167;3600;0.7587481961121969
Goal_372;175708;1460164.3679000002;0.05555555555555555;177703;1456047.8997000002;0.31352442176365947;3600;0.8555681456515957
Goal_373;175708;1460164.3679000002;0.1111111111111111;176308;1311589.3632999999;0.3105041972525885;3600;1.0
Goal_374;175708;1460164.3679000002;0.16666666666666666;176198;1387654.7423999999;0.3197672736700883;3600;1.0
Goal_375;175708;1460164.3679000002;0.2222222222222222;178898;1314414.5925000003;0.3131519566747539;3600;1.0
Goal_376;175708;1460164.3679000002;0.2777777777777778;176265;1456134.2507999993;0.31951326115567447;3600;1.0
Goal_388;175708;1668759.2776000001;0.38888888888888884;175726;1357108.9694000003;0.38879717991629403;48;0.0
Goal_390;175708;1668759.2776000001;0.5;175708;362755.95399999997;0.49797313134979815;0;0.0
Goal_389;175708;1668759.2776000001;0.4444444444444444;176175;693115.3888;0.4444433325786453;5;0.0
Goal_377;175708;1460164.3679000002;0.3333333333333333;175798;1400048.5424999995;0.34998547606990676;3600;1.0
Goal_381;175708;1668759.2776000001;0.0;175788;1661493.6411999995;0.323034416954492;3600;0.855682776118315
Goal_382;175708;1668759.2776000001;0.05555555555555555;175714;1611108.3627999998;0.32422595493814366;3600;0.9310081380592538
Goal_383;175708;1668759.2776000001;0.1111111111111111;176957;1278560.7595000004;0.31662452079386344;3600;1.0
Goal_387;175708;1668759.2776000001;0.3333333333333333;176113;1067246.2457;0.33331229501834664;3151;0.0
Goal_384;175708;1668759.2776000001;0.16666666666666666;175715;1552318.9433000002;0.30897455690412556;3600;1.0
Goal_385;175708;1668759.2776000001;0.2222222222222222;177949;1471828.8656;0.3108719524009115;3600;1.0
Goal_386;175708;1668759.2776000001;0.2777777777777778;176649;1666414.1875999998;0.31774672425874295;3600;1.0
Goal_399;175708;1877354.1873;0.4444444444444444;177321;1006174.6995999998;0.43991035949015495;6;0.0
Goal_400;175708;1877354.1873;0.5;176318;206141.4937;0.4993421049782167;0;0.0
Goal_398;175708;1877354.1873;0.38888888888888884;179026;1573783.2288000002;0.38886728510102286;46;0.0
Goal_391;175708;1877354.1873;0.0;176981;1862486.1053;0.31365901166082594;3600;0.7498230429345218
Goal_392;175708;1877354.1873;0.05555555555555555;175708;1846393.2852;0.3102892503224492;3600;0.9323656388802297
Goal_393;175708;1877354.1873;0.1111111111111111;175708;1657550.2890000003;0.3145647610978565;3600;0.9308264523782785
Goal_394;175708;1877354.1873;0.16666666666666666;176706;1865006.0359000007;0.3156657815318617;3600;1.0
Goal_395;175708;1877354.1873;0.2222222222222222;177914;1066835.2933;0.31779097606562556;3600;1.0
Goal_396;175708;1877354.1873;0.2777777777777778;175708;1799500.2796999998;0.33430676892607186;3600;1.0
Goal_397;175708;1877354.1873;0.3333333333333333;176490;1705659.1327000002;0.3379328600702102;3600;1.0
Goal_410;167882;0.0;0.5;168469;0.0;0.49170205154776697;0;0.0
Goal_401;167882;0.0;0.0;173097;376778.7497;0.3770437465766669;3600;0.6246199325745352
Goal_402;167882;0.0;0.05555555555555555;167885;460433.1816;0.35802411599630035;3600;0.5847883026330436
Goal_403;167882;0.0;0.1111111111111111;170032;353621.68340000004;0.3808053092644311;3600;0.6448084922540691
Goal_404;167882;0.0;0.16666666666666666;169580;402475.204;0.37327390192461396;3601;0.7762755241903752
Goal_405;167882;0.0;0.2222222222222222;170754;352902.2986999999;0.37852730961634656;3600;0.8378358274184683
Goal_406;167882;0.0;0.2777777777777778;169332;326321.01689999993;0.3857162853988422;3600;0.9255762350829866
Goal_407;167882;0.0;0.3333333333333333;168126;375017.73829999997;0.3684706097555505;3600;0.9589159279989009
Goal_408;167882;0.0;0.38888888888888884;171378;285400.99879999994;0.3890163359443615;3600;1.0
Goal_419;167882;208594.90970000002;0.4444444444444444;167882;208588.434;0.44443068758528964;83;0.0
Goal_420;167882;208594.90970000002;0.5;168092;28989.386;0.49188015623720194;0;0.0
Goal_409;167882;0.0;0.4444444444444444;170189;70874.80639999999;0.4444477030873639;3600;1.0
Goal_411;167882;208594.90970000002;0.0;168039;515810.8094000001;0.3470488500215057;3600;0.6549474664326971
Goal_413;167882;208594.90970000002;0.1111111111111111;167899;486654.05950000003;0.35357936301637094;3600;0.8200102865316096
Goal_412;167882;208594.90970000002;0.05555555555555555;170153;439323.2937;0.36349326894276834;3600;0.7075245331359862
Goal_414;167882;208594.90970000002;0.16666666666666666;167882;413732.7753;0.362995507679589;3600;0.980433907204511
Goal_415;167882;208594.90970000002;0.2222222222222222;168251;450419.6094999999;0.3552164722989653;3600;1.0
Goal_416;167882;208594.90970000002;0.2777777777777778;168269;392238.81109999993;0.3811685742753473;3600;1.0
Goal_428;167882;417189.81940000004;0.38888888888888884;167904;417123.5883;0.38884729139033686;268;0.0
Goal_429;167882;417189.81940000004;0.4444444444444444;167956;414423.30869999994;0.44432480246782524;5;0.0
Goal_430;167882;417189.81940000004;0.5;167882;213865.22840000002;0.4977478612587698;0;0.0
Goal_417;167882;208594.90970000002;0.3333333333333333;169351;450988.8878999999;0.35977482724259524;3600;1.0
Goal_418;167882;208594.90970000002;0.38888888888888884;168170;280730.6167;0.4016319606271786;3600;1.0
Goal_421;167882;417189.81940000004;0.0;168202;496970.3997;0.34915892309656776;3600;0.7559879934648717
Goal_422;167882;417189.81940000004;0.05555555555555555;167983;489112.9921999999;0.35001585676851577;3600;0.7558884203518761
Goal_423;167882;417189.81940000004;0.1111111111111111;170186;468978.34330000007;0.3538204881384777;3600;0.9363471538517095
Goal_425;167882;417189.81940000004;0.2222222222222222;167882;442091.6442999998;0.36205336650020353;3600;1.0
Goal_424;167882;417189.81940000004;0.16666666666666666;168384;443715.8474;0.356153516081219;3600;1.0
Goal_426;167882;417189.81940000004;0.2777777777777778;168818;420688.9306999999;0.3675891276494161;3600;1.0
Goal_439;167882;625784.7291000001;0.4444444444444444;167886;621500.236;0.44427663651197713;4;0.0
Goal_440;167882;625784.7291000001;0.5;167882;151701.53340000001;0.493229800093119;0;0.0
Goal_427;167882;417189.81940000004;0.3333333333333333;170232;422638.9185;0.38572252013623526;3600;1.0
Goal_431;167882;625784.7291000001;0.0;167774;629032.9135999999;0.3401859290425331;3600;0.8104476194023317
Goal_432;167882;625784.7291000001;0.05555555555555555;168232;668715.9077000002;0.33897011383925396;3600;0.8423553921019906
Goal_433;167882;625784.7291000001;0.1111111111111111;169172;620210.9572;0.34189655433075256;3600;1.0
Goal_438;167882;625784.7291000001;0.38888888888888884;168183;538945.7374999999;0.3888870150984333;1147;0.0
Goal_434;167882;625784.7291000001;0.16666666666666666;167884;625782.9614;0.34207686392272973;3600;1.0
Goal_435;167882;625784.7291000001;0.2222222222222222;168800;624987.3261;0.344687332118998;3600;1.0
Goal_448;167882;834379.6388000001;0.38888888888888884;167882;694694.0464;0.388761183364733;1246;0.0
Goal_449;167882;834379.6388000001;0.4444444444444444;168230;689934.6639;0.4444308276336542;5;0.0
Goal_450;167882;834379.6388000001;0.5;167882;101368.6784;0.4966287964067801;0;0.0
Goal_436;167882;625784.7291000001;0.2777777777777778;167882;629659.3864000001;0.32477515040154664;3600;1.0
Goal_437;167882;625784.7291000001;0.3333333333333333;168533;626511.3607000001;0.37444798023524334;3600;1.0
Goal_441;167882;834379.6388000001;0.0;167978;836966.7157;0.323086114098695;3600;0.8567326344061021
Goal_442;167882;834379.6388000001;0.05555555555555555;167894;843716.3780000001;0.3192348630789198;3600;0.8985423124486797
Goal_443;167882;834379.6388000001;0.1111111111111111;170376;834165.7162999999;0.3182462351896446;3600;1.0
Goal_444;167882;834379.6388000001;0.16666666666666666;168429;834702.2620999999;0.30856264386636034;3600;1.0
Goal_445;167882;834379.6388000001;0.2222222222222222;168506;834379.1852000002;0.33416737127761137;3600;1.0
Goal_446;167882;834379.6388000001;0.2777777777777778;169287;834378.6481;0.33542980832682534;3600;1.0
Goal_459;167882;1042974.5485;0.4444444444444444;167882;422034.71739999996;0.44420019939838246;6;0.0
Goal_460;167882;1042974.5485;0.5;167882;1031493.1432;0.4969940799089265;0;0.0
Goal_447;167882;834379.6388000001;0.3333333333333333;168863;834373.4350000002;0.33801206406253675;3600;1.0
Goal_451;167882;1042974.5485;0.0;168256;1041454.4773;0.3215057626600966;3600;0.8174474191849417
Goal_452;167882;1042974.5485;0.05555555555555555;167882;1041183.5418;0.32125557217966283;3600;0.827025767479809
Goal_453;167882;1042974.5485;0.1111111111111111;168326;1042923.2380000001;0.31809996991783107;3600;1.0
Goal_454;167882;1042974.5485;0.16666666666666666;168037;902953.3671;0.30683958040167564;3600;1.0
Goal_455;167882;1042974.5485;0.2222222222222222;167882;1043004.4235999999;0.3247436665113381;3600;1.0
Goal_456;167882;1042974.5485;0.2777777777777778;170677;1043017.6046999999;0.31104766774428483;3600;1.0
Goal_457;167882;1042974.5485;0.3333333333333333;170540;1043022.7945;0.3415299735704185;3600;1.0
Goal_469;167882;1251569.4582000002;0.4444444444444444;167882;611355.2738999999;0.44327695988489463;4;0.0
Goal_470;167882;1251569.4582000002;0.5;168854;123214.4459;0.49918592414445123;0;0.0
Goal_468;167882;1251569.4582000002;0.38888888888888884;172715;1246599.4821;0.38888850308211154;184;0.0
Goal_458;167882;1042974.5485;0.38888888888888884;171241;1011914.3887000001;0.38990953620582475;3600;1.0
Goal_461;167882;1251569.4582000002;0.0;167297;1243878.5829;0.31022076595049364;3600;0.7918389856829616
Goal_462;167882;1251569.4582000002;0.05555555555555555;167882;1252679.7517999997;0.3228396701197887;3600;0.8761021488334247
Goal_463;167882;1251569.4582000002;0.1111111111111111;168537;1174465.1196;0.3169534786290651;3600;1.0
Goal_464;167882;1251569.4582000002;0.16666666666666666;168585;1249612.9642999999;0.3366495343501214;3600;1.0
Goal_465;167882;1251569.4582000002;0.2222222222222222;168161;1236336.0396;0.29689219318803434;3600;1.0
Goal_466;167882;1251569.4582000002;0.2777777777777778;167304;1252601.8802999994;0.31120157835482454;3600;1.0
Goal_479;167882;1460164.3679000002;0.4444444444444444;168249;748793.9493;0.44432113505394827;4;0.0
Goal_480;167882;1460164.3679000002;0.5;168014;170893.5112;0.4989494316142396;0;0.0
Goal_467;167882;1251569.4582000002;0.3333333333333333;168612;1245122.0470999999;0.33373062875427667;3600;1.0
Goal_477;167882;1460164.3679000002;0.3333333333333333;167882;1441770.0144;0.3332773853484948;562;0.0
Goal_478;167882;1460164.3679000002;0.38888888888888884;167883;1147555.2574000005;0.3886138531608125;438;0.0
Goal_471;167882;1460164.3679000002;0.0;167882;1451995.2332000004;0.2986735818123334;3600;0.7145914514243233
Goal_472;167882;1460164.3679000002;0.05555555555555555;168017;1393460.6823999994;0.30670504162806944;3600;0.8211086983547621
Goal_473;167882;1460164.3679000002;0.1111111111111111;170786;1395260.4866999998;0.31237545794863775;3600;0.9433693897402162
Goal_474;167882;1460164.3679000002;0.16666666666666666;173594;1457202.0603;0.31084020114297695;3600;1.0
Goal_488;167882;1668759.2776000001;0.38888888888888884;168534;905793.6922999999;0.38883324926911744;52;0.0
Goal_475;167882;1460164.3679000002;0.2222222222222222;169162;1460065.958;0.3180823495535251;3600;1.0
Goal_489;167882;1668759.2776000001;0.4444444444444444;170117;1011725.3563999999;0.44320680434436405;5;0.0
Goal_490;167882;1668759.2776000001;0.5;168512;131382.6149;0.49365595520064154;0;0.0
Goal_476;167882;1460164.3679000002;0.2777777777777778;170913;1319800.4745999998;0.32587502220022774;3600;1.0
Goal_481;167882;1668759.2776000001;0.0;170252;1402314.5466999996;0.31056259829043603;3600;0.7786336666728034
Goal_482;167882;1668759.2776000001;0.05555555555555555;167276;1545044.9731999994;0.29308843682058744;3600;0.7965491170378994
Goal_483;167882;1668759.2776000001;0.1111111111111111;175690;1530862.0525;0.30944257489344146;3600;1.0
Goal_484;167882;1668759.2776000001;0.16666666666666666;171803;1230003.1872999999;0.318668525936218;3600;1.0
Goal_485;167882;1668759.2776000001;0.2222222222222222;167883;1652943.5323;0.29549500249925265;3600;1.0
Goal_486;167882;1668759.2776000001;0.2777777777777778;174308;1230212.3593000001;0.3364879561993838;3600;1.0
Goal_499;167882;1877354.1873;0.4444444444444444;172269;479200.84689999995;0.44429630818133536;5;0.0
Goal_500;167882;1877354.1873;0.5;168512;131382.6149;0.49365595520064154;0;0.0
Goal_487;167882;1668759.2776000001;0.3333333333333333;167882;1186540.38;0.3600066173986095;3600;1.0
Goal_491;167882;1877354.1873;0.0;168324;1672710.1996999995;0.30617455807642247;3600;0.819841792348258
Goal_492;167882;1877354.1873;0.05555555555555555;167955;1513768.9100999997;0.29269455659360333;3600;0.9099063088454168
Goal_498;167882;1877354.1873;0.38888888888888884;173326;1411940.3565000002;0.38817559311546174;1113;0.0
Goal_493;167882;1877354.1873;0.1111111111111111;176265;1674590.6212999993;0.3053720225790133;3600;0.9621115800219312
Goal_494;167882;1877354.1873;0.16666666666666666;167895;1698313.2755000005;0.29446746761207787;3600;1.0
Goal_495;167882;1877354.1873;0.2222222222222222;168248;1460906.0357999997;0.29547132154277356;3600;1.0
Goal_496;167882;1877354.1873;0.2777777777777778;167882;1535756.6121;0.32455713991620283;3600;1.0
Goal_497;167882;1877354.1873;0.3333333333333333;171123;1153748.601;0.35750883703563335;3600;1.0
Goal_510;160056;0.0;0.5;160850;0.0;0.48830773433269353;1;0.0
Goal_501;160056;0.0;0.0;117813;8257.2383;0.26534956673192406;3600;0.6519237585774386
Goal_502;160056;0.0;0.05555555555555555;130193;36001.7779;0.31733800526388484;3600;0.7450896673017293
Goal_503;160056;0.0;0.1111111111111111;159923;373771.44819999987;0.3702886516651985;3600;0.78595286535922
Goal_504;160056;0.0;0.16666666666666666;161201;407664.2189;0.36264410786084317;3600;0.8775458744617306
Goal_505;160056;0.0;0.2222222222222222;160434;465075.30040000007;0.35631190406875846;3600;0.9709856226819169
Goal_506;160056;0.0;0.2777777777777778;160316;434416.9501999999;0.3596527186802216;3600;0.9950078486102646
Goal_507;160056;0.0;0.3333333333333333;132517;7413.7232;0.3333526621913127;3600;1.0
Goal_508;160056;0.0;0.38888888888888884;160623;278125.29149999993;0.3890284118283657;3600;1.0
Goal_509;160056;0.0;0.4444444444444444;160328;71352.7487;0.44444777596452895;3600;1.0
Goal_520;160056;208594.90970000002;0.5;160570;0.0;0.4757429568020378;0;0.0
Goal_519;160056;208594.90970000002;0.4444444444444444;160979;202419.44159999996;0.44441926224159384;44;0.0
Goal_511;160056;208594.90970000002;0.0;160358;597037.7962;0.33465775966821487;3600;0.7924127818030052
Goal_512;160056;208594.90970000002;0.05555555555555555;163053;472074.7187999999;0.35280794301570484;3600;0.776465247717013
Goal_513;160056;208594.90970000002;0.1111111111111111;160467;483529.3567;0.3514140752597255;3600;0.9438283945063682
Goal_514;160056;208594.90970000002;0.16666666666666666;160056;454996.95979999995;0.34407126253159426;3600;1.0
Goal_515;160056;208594.90970000002;0.2222222222222222;160095;451440.1577999999;0.3583154531718552;3600;1.0
Goal_516;160056;208594.90970000002;0.2777777777777778;161293;415851.7757;0.36024029987105494;3600;1.0
Goal_517;160056;208594.90970000002;0.3333333333333333;162080;359685.5584;0.38381873328811356;3600;1.0
Goal_529;160056;417189.81940000004;0.4444444444444444;160180;415842.05629999994;0.4442261549189373;12;0.0
Goal_530;160056;417189.81940000004;0.5;162050;58338.0196;0.4796996649710181;0;0.0
Goal_518;160056;208594.90970000002;0.38888888888888884;160119;307292.8387;0.3889803302179805;3600;1.0
Goal_521;160056;417189.81940000004;0.0;160067;533186.1852999999;0.33501736398262383;3600;0.8206447085807783
Goal_522;160056;417189.81940000004;0.05555555555555555;163983;435274.5273999999;0.35769044685463514;3600;0.8118628763381489
Goal_523;160056;417189.81940000004;0.1111111111111111;160227;482671.6675999998;0.34336677787324676;3600;0.9601854185607809
Goal_524;160056;417189.81940000004;0.16666666666666666;160089;433792.2829;0.348349546745243;3601;1.0
Goal_525;160056;417189.81940000004;0.2222222222222222;161558;446089.8631;0.3646401763307694;3600;1.0
Goal_527;160056;417189.81940000004;0.3333333333333333;161270;417190.95490000007;0.3789199645674022;3600;1.0
Goal_526;160056;417189.81940000004;0.2777777777777778;162356;429647.9126;0.373713187187339;3600;1.0
Goal_539;160056;625784.7291000001;0.4444444444444444;163395;404048.49400000006;0.4438820119091514;5;0.0
Goal_540;160056;625784.7291000001;0.5;160435;45727.674;0.47950099503425003;0;0.0
Goal_538;160056;625784.7291000001;0.38888888888888884;160601;625281.5113000001;0.38835574576163234;49;0.0
Goal_528;160056;417189.81940000004;0.38888888888888884;160903;417284.333;0.3958440337477911;3600;1.0
Goal_531;160056;625784.7291000001;0.0;160202;630242.1723;0.31818796646356673;3600;0.8562902576852397
Goal_532;160056;625784.7291000001;0.05555555555555555;160321;626852.8695999999;0.3225825239445756;3600;0.8297352022617724
Goal_533;160056;625784.7291000001;0.1111111111111111;160056;634164.0114000001;0.3351301792161184;3600;1.0
Goal_534;160056;625784.7291000001;0.16666666666666666;160130;630089.0885000002;0.33724882646308896;3600;1.0
Goal_535;160056;625784.7291000001;0.2222222222222222;160979;627273.8103;0.31543467798479813;3600;1.0
Goal_548;160056;834379.6388000001;0.38888888888888884;166331;819696.0421000003;0.38838378847520144;99;0.0
Goal_549;160056;834379.6388000001;0.4444444444444444;174607;708863.2044000002;0.4433636287172748;10;0.0
Goal_550;160056;834379.6388000001;0.5;160079;10852.9652;0.47438847168775716;0;0.0
Goal_536;160056;625784.7291000001;0.2777777777777778;160056;625815.9272;0.35580536014538305;3600;1.0
Goal_537;160056;625784.7291000001;0.3333333333333333;169635;626340.8080999999;0.34535536399190564;3600;1.0
Goal_541;160056;834379.6388000001;0.0;162837;829793.0901;0.3196263478788842;3600;0.8289587837233541
Goal_542;160056;834379.6388000001;0.05555555555555555;160225;834384.2708999999;0.32564422282967237;3600;0.9348171857295983
Goal_543;160056;834379.6388000001;0.1111111111111111;160094;820281.4304000002;0.3005964756617057;3600;1.0
Goal_547;160056;834379.6388000001;0.3333333333333333;162938;833491.8631000002;0.3333231957999723;2738;0.0
Goal_544;160056;834379.6388000001;0.16666666666666666;160084;839106.0643999999;0.30221964925322603;3600;1.0
Goal_557;160056;1042974.5485;0.3333333333333333;160204;860440.3921999998;0.3333274591856905;643;0.0
Goal_559;160056;1042974.5485;0.4444444444444444;168161;823333.8155999999;0.44339386811015646;3;0.0
Goal_560;160056;1042974.5485;0.5;160437;129003.60440000001;0.4757429568020378;0;0.0
Goal_545;160056;834379.6388000001;0.2222222222222222;160282;834320.3609999999;0.32326405344808384;3600;1.0
Goal_546;160056;834379.6388000001;0.2777777777777778;160056;834425.2507999998;0.3102899905433687;3600;1.0
Goal_558;160056;1042974.5485;0.38888888888888884;164261;908283.111;0.3868428697591149;584;0.0
Goal_551;160056;1042974.5485;0.0;160091;1044536.2178;0.32616472241329764;3600;0.8768899445548822
Goal_552;160056;1042974.5485;0.05555555555555555;160130;1045767.4310999998;0.2850669247479528;3600;0.846195464618048
Goal_553;160056;1042974.5485;0.1111111111111111;164975;1042966.3875000003;0.32535961676369846;3600;1.0
Goal_554;160056;1042974.5485;0.16666666666666666;160155;1043227.0168999998;0.30765760774966217;3600;1.0
Goal_555;160056;1042974.5485;0.2222222222222222;161134;930488.8296999998;0.30020462276534665;3600;1.0
Goal_569;160056;1251569.4582000002;0.4444444444444444;161003;660433.8162999998;0.44096148347800657;36;0.0
Goal_570;160056;1251569.4582000002;0.5;160056;34950.2112;0.47503980861531975;0;0.0
Goal_568;160056;1251569.4582000002;0.38888888888888884;162477;1250210.0801000001;0.38887839824519205;140;0.0
Goal_556;160056;1042974.5485;0.2777777777777778;160442;1042920.8785000001;0.3423177911494681;3600;1.0
Goal_561;160056;1251569.4582000002;0.0;160055;1240312.5342;0.28315952627182134;3600;0.8544427646909316
Goal_562;160056;1251569.4582000002;0.05555555555555555;160112;1248765.4822000004;0.31182604424391464;3600;0.8674704801125487
Goal_563;160056;1251569.4582000002;0.1111111111111111;162753;1247485.9513;0.28739080160263697;3600;1.0
Goal_564;160056;1251569.4582000002;0.16666666666666666;160787;1220278.1471;0.28415506508897687;3600;1.0
Goal_565;160056;1251569.4582000002;0.2222222222222222;160119;1247413.0968000004;0.3065759257401979;3600;1.0
Goal_578;160056;1460164.3679000002;0.38888888888888884;168875;1146092.7587000001;0.3888744385093272;66;0.0
Goal_579;160056;1460164.3679000002;0.4444444444444444;167886;734401.5194999999;0.44430513368151886;4;0.0
Goal_580;160056;1460164.3679000002;0.5;160862;205645.54700000002;0.491702051547767;0;0.0
Goal_566;160056;1251569.4582000002;0.2777777777777778;160123;1211256.3668999998;0.31088725835722353;3600;1.0
Goal_567;160056;1251569.4582000002;0.3333333333333333;169970;1105931.5069999998;0.33803535125152623;3600;1.0
Goal_571;160056;1460164.3679000002;0.0;160173;1458691.9891999997;0.2821779459734025;3600;0.9026165753721846
Goal_572;160056;1460164.3679000002;0.05555555555555555;160056;1438546.3206;0.2894830874460696;3600;0.8293734892350918
Goal_577;160056;1460164.3679000002;0.3333333333333333;161964;1442391.6909000003;0.3306845638363083;1139;0.0
Goal_573;160056;1460164.3679000002;0.1111111111111111;160690;1374964.3953999996;0.28830092026365406;3600;1.0
Goal_587;160056;1668759.2776000001;0.3333333333333333;166965;1202381.7429000002;0.332696983308728;205;0.0
Goal_588;160056;1668759.2776000001;0.38888888888888884;163636;1588381.0809000004;0.3885238207226088;210;0.0
Goal_589;160056;1668759.2776000001;0.4444444444444444;167413;847839.3971999999;0.44388205129577385;20;0.0
Goal_590;160056;1668759.2776000001;0.5;160336;88940.9793;0.4830908058534549;0;0.0
Goal_574;160056;1460164.3679000002;0.16666666666666666;184030;1387341.4543;0.32515055797166104;3600;1.0
Goal_575;160056;1460164.3679000002;0.2222222222222222;159535;1325257.1226000001;0.2697449591639533;3600;1.0
Goal_576;160056;1460164.3679000002;0.2777777777777778;160472;1455831.1298000002;0.28455202214823916;3600;1.0
Goal_581;160056;1668759.2776000001;0.0;159548;1604553.1677;0.27441994346490484;3600;0.7255836801123133
Goal_582;160056;1668759.2776000001;0.05555555555555555;160112;1667100.8113000002;0.28534774405644225;3600;0.8658505390480791
Goal_583;160056;1668759.2776000001;0.1111111111111111;160058;1511959.2415000002;0.2883501756784942;3600;1.0
Goal_584;160056;1668759.2776000001;0.16666666666666666;160057;1230215.6865000003;0.2903085983910148;3600;1.0
Goal_585;160056;1668759.2776000001;0.2222222222222222;168888;1591732.6778999998;0.3296101781712308;3600;1.0
Goal_599;160056;1877354.1873;0.4444444444444444;160203;1035565.3526;0.4444340995021178;2;0.0
Goal_600;160056;1877354.1873;0.5;161222;274845.3465;0.48631627369797453;0;0.0
Goal_586;160056;1668759.2776000001;0.2777777777777778;160332;1467266.5315;0.2913332793906072;3600;1.0
Goal_597;160056;1877354.1873;0.3333333333333333;161464;1857508.3952000001;0.3327575303992741;482;0.0
Goal_598;160056;1877354.1873;0.38888888888888884;161437;1139572.8663000003;0.3888790632964435;283;0.0
Goal_591;160056;1877354.1873;0.0;160056;1692855.3569;0.2874643804656876;3600;0.8463907053768323
Goal_592;160056;1877354.1873;0.05555555555555555;155605;1769287.3767;0.25129947322204954;3600;0.900752563859586
Goal_593;160056;1877354.1873;0.1111111111111111;169714;1428340.2153999994;0.32801572290316405;3600;1.0
Goal_594;160056;1877354.1873;0.16666666666666666;160230;1834497.0241000003;0.28537046578505504;3600;1.0
Goal_595;160056;1877354.1873;0.2222222222222222;160166;1419505.9279;0.29699172423067044;3600;1.0
Goal_596;160056;1877354.1873;0.2777777777777778;160907;1194925.0423;0.3304631582792819;3600;1.0
Goal_610;152230;0.0;0.5;152609;0.0;0.44976073240536296;0;0.0
Goal_609;152230;0.0;0.4444444444444444;152945;0.0;0.44331487259821384;332;0.0
Goal_601;152230;0.0;0.0;114178;8252.5496;0.24470863101147697;3600;0.6640555855938579
Goal_602;152230;0.0;0.05555555555555555;155073;365151.28829999996;0.3642306815384336;3600;0.7770232646673073
Goal_603;152230;0.0;0.1111111111111111;143699;62118.261699999995;0.3858436029903892;3600;0.8098161719131945
Goal_604;152230;0.0;0.16666666666666666;114085;5375.7632;0.24482679942871444;3600;0.8583766518959971
Goal_605;152230;0.0;0.2222222222222222;117874;5438.9236;0.26597916017694456;3600;0.993147923198543
Goal_606;152230;0.0;0.2777777777777778;153461;253623.35660000003;0.3970229900441805;3600;1.0
Goal_607;152230;0.0;0.3333333333333333;146151;46696.18630000001;0.38714000348877287;3600;1.0
Goal_619;152230;208594.90970000002;0.4444444444444444;152230;120872.278;0.4439757759601982;44;0.0
Goal_620;152230;208594.90970000002;0.5;152283;94315.6084;0.4613152971818711;0;0.0
Goal_608;152230;0.0;0.38888888888888884;145469;24024.266099999997;0.38889909674597184;3600;1.0
Goal_611;152230;208594.90970000002;0.0;152012;654244.3639000001;0.3190524203192044;3600;0.8346485386011748
Goal_612;152230;208594.90970000002;0.05555555555555555;153814;461950.2188;0.33919850212021846;3600;0.9025827165602963
Goal_613;152230;208594.90970000002;0.1111111111111111;152313;543693.3280999999;0.32752403435728356;3600;0.9080388081889854
Goal_614;152230;208594.90970000002;0.16666666666666666;153726;386741.49530000007;0.3573956168368643;3600;1.0
Goal_615;152230;208594.90970000002;0.2222222222222222;152255;429744.2893;0.35666082015223294;3600;1.0
Goal_616;152230;208594.90970000002;0.2777777777777778;152260;373276.97939999995;0.36383215061607893;3600;1.0
Goal_617;152230;208594.90970000002;0.3333333333333333;152629;374997.3214;0.37864146035550467;3600;1.0
Goal_629;152230;417189.81940000004;0.4444444444444444;152256;110940.2873;0.44444456154282547;3;0.0
Goal_630;152230;417189.81940000004;0.5;152230;103969.6715;0.4554862735623642;0;0.0
Goal_618;152230;208594.90970000002;0.38888888888888884;152231;215181.23;0.4037108081805051;3600;1.0
Goal_621;152230;417189.81940000004;0.0;151676;462771.04770000005;0.33847658368906314;3600;0.7782505173285977
Goal_622;152230;417189.81940000004;0.05555555555555555;152261;457928.85990000004;0.333379604162423;3600;0.7918547501829308
Goal_623;152230;417189.81940000004;0.1111111111111111;152685;515860.73670000007;0.32500444639138487;3600;0.9396901778883048
Goal_628;152230;417189.81940000004;0.38888888888888884;152282;413802.29329999996;0.38870169905365537;2679;0.0
Goal_624;152230;417189.81940000004;0.16666666666666666;153230;482216.26159999997;0.33928172741022594;3600;1.0
Goal_625;152230;417189.81940000004;0.2222222222222222;152233;523387.28099999996;0.3224831987569109;3600;1.0
Goal_626;152230;417189.81940000004;0.2777777777777778;152461;417650.4558;0.36681460134456295;3600;1.0
Goal_639;152230;625784.7291000001;0.4444444444444444;153138;0.0;0.4435600997950306;1;0.0
Goal_640;152230;625784.7291000001;0.5;152230;593882.6305;0.49339855507787;0;0.0
Goal_627;152230;417189.81940000004;0.3333333333333333;153289;438040.9792;0.35574472491686604;3600;1.0
Goal_631;152230;625784.7291000001;0.0;152563;635707.5070999999;0.3197494251427716;3600;0.80318188885295
Goal_632;152230;625784.7291000001;0.05555555555555555;152231;637930.9156000001;0.30763814028503245;3600;0.8255921091244617
Goal_633;152230;625784.7291000001;0.1111111111111111;150899;643385.4576999999;0.3089155182294071;3600;0.9632421333908019
Goal_634;152230;625784.7291000001;0.16666666666666666;150129;627321.4205999998;0.29409751846731436;3600;1.0
Goal_635;152230;625784.7291000001;0.2222222222222222;154944;625032.6088;0.3671203665942236;3600;1.0
Goal_636;152230;625784.7291000001;0.2777777777777778;152260;625793.3034999999;0.34839245945216085;3600;1.0
Goal_637;152230;625784.7291000001;0.3333333333333333;152264;639854.6051999999;0.33642750972987884;3600;1.0
Goal_649;152230;834379.6388000001;0.4444444444444444;153130;227699.30049999992;0.4444436399982858;2;0.0
Goal_650;152230;834379.6388000001;0.5;152230;168631.17630000002;0.46567130606921125;0;0.0
Goal_638;152230;625784.7291000001;0.38888888888888884;165580;624570.6459;0.3888203519816966;3303;0.0
Goal_641;152230;834379.6388000001;0.0;152230;833865.2691;0.3036467003196538;3600;0.8056133696115689
Goal_642;152230;834379.6388000001;0.05555555555555555;152230;830869.4549999998;0.29211711756833253;3600;0.8461782983086292
Goal_643;152230;834379.6388000001;0.1111111111111111;152230;894296.8997;0.2767823571486428;3600;1.0
Goal_648;152230;834379.6388000001;0.38888888888888884;175601;831680.2035000001;0.387744892120803;1840;0.0
Goal_644;152230;834379.6388000001;0.16666666666666666;152974;842202.2735999998;0.31695810343363806;3600;1.0
Goal_645;152230;834379.6388000001;0.2222222222222222;152245;834183.1277000003;0.3103512944183821;3600;1.0
Goal_646;152230;834379.6388000001;0.2777777777777778;152268;755710.509;0.31765257803501706;3600;1.0
Goal_659;152230;1042974.5485;0.4444444444444444;153285;0.0;0.4433148725982148;0;0.0
Goal_660;152230;1042974.5485;0.5;153285;0.0;0.4433148725982148;0;0.0
Goal_658;152230;1042974.5485;0.38888888888888884;154128;953750.4603000002;0.3888794777503058;253;0.0
Goal_647;152230;834379.6388000001;0.3333333333333333;162129;834389.1899000001;0.35410317461477514;3600;1.0
Goal_651;152230;1042974.5485;0.0;154476;1047800.5656;0.26929383959166864;3600;0.6876062827342673
Goal_652;152230;1042974.5485;0.05555555555555555;152541;1052583.5668000001;0.28975217346818855;3600;0.8481626438998611
Goal_653;152230;1042974.5485;0.1111111111111111;152613;1042823.1288000001;0.2802701644569307;3600;1.0
Goal_654;152230;1042974.5485;0.16666666666666666;152679;1018564.8522999999;0.27285966074539747;3600;1.0
Goal_655;152230;1042974.5485;0.2222222222222222;152329;1019215.4620999999;0.28726761441872756;3600;1.0
Goal_668;152230;1251569.4582000002;0.38888888888888884;165741;947659.9687000001;0.38518849180976983;63;0.0
Goal_669;152230;1251569.4582000002;0.4444444444444444;152286;359244.85540000006;0.44403120487019393;11;0.0
Goal_670;152230;1251569.4582000002;0.5;152279;363416.1819;0.47119419141405033;0;0.0
Goal_656;152230;1042974.5485;0.2777777777777778;152259;949249.7431;0.3121896840949019;3600;1.0
Goal_657;152230;1042974.5485;0.3333333333333333;154197;1039648.3354;0.3581215101534609;3600;1.0
Goal_661;152230;1251569.4582000002;0.0;152339;1219015.3013000004;0.2739861155482578;3600;0.7911573539246324
Goal_662;152230;1251569.4582000002;0.05555555555555555;152230;1142240.3597;0.26857157596157333;3600;0.8582339378835806
Goal_663;152230;1251569.4582000002;0.1111111111111111;168187;1234147.3053;0.3138261697708445;3600;1.0
Goal_664;152230;1251569.4582000002;0.16666666666666666;151877;1186223.3638;0.2496561976703894;3600;1.0
Goal_665;152230;1251569.4582000002;0.2222222222222222;152958;951007.5869999998;0.2772761427348151;3600;1.0
Goal_666;152230;1251569.4582000002;0.2777777777777778;152232;1214282.0115;0.3113958896176845;3600;1.0
Goal_678;152230;1460164.3679000002;0.38888888888888884;169396;986729.1794999999;0.3887192758326599;311;0.0
Goal_680;152230;1460164.3679000002;0.5;153614;0.0;0.4557550059657978;0;0.0
Goal_679;152230;1460164.3679000002;0.4444444444444444;152352;413626.21249999997;0.4411382936713605;5;0.0
Goal_667;152230;1251569.4582000002;0.3333333333333333;162323;1146227.3835;0.35524379459086575;3600;1.0
Goal_677;152230;1460164.3679000002;0.3333333333333333;156366;1187838.0844999999;0.33333299105671466;1039;0.0
Goal_671;152230;1460164.3679000002;0.0;152298;1453179.247;0.2786155420340005;3600;0.8459711776827479
Goal_672;152230;1460164.3679000002;0.05555555555555555;169479;1377263.5798;0.30973101882377346;3600;0.9333988579509831
Goal_673;152230;1460164.3679000002;0.1111111111111111;169455;1460267.4130999998;0.31080845053923434;3600;1.0
Goal_687;152230;1668759.2776000001;0.3333333333333333;162512;946846.5356000001;0.3331699247217188;191;0.0
Goal_674;152230;1460164.3679000002;0.16666666666666666;152293;1335586.5974;0.2661038585424011;3600;1.0
Goal_689;152230;1668759.2776000001;0.4444444444444444;152230;143924.9149;0.444326594031978;4;0.0
Goal_690;152230;1668759.2776000001;0.5;152278;53591.9896;0.47933673060089244;0;0.0
Goal_688;152230;1668759.2776000001;0.38888888888888884;163465;1231141.2698000001;0.38814948990827236;52;0.0
Goal_675;152230;1460164.3679000002;0.2222222222222222;168898;1153678.523;0.3320290693390954;3600;1.0
Goal_676;152230;1460164.3679000002;0.2777777777777778;152447;1400069.9631999996;0.2991320738383011;3600;1.0
Goal_681;152230;1668759.2776000001;0.0;152244;1599042.7720999997;0.274585969550358;3600;0.8134623422529795
Goal_682;152230;1668759.2776000001;0.05555555555555555;154526;1663388.4025000003;0.249433137188038;3600;0.8378739405416976
Goal_683;152230;1668759.2776000001;0.1111111111111111;152230;1608588.5572;0.2549469673695714;3600;1.0
Goal_684;152230;1668759.2776000001;0.16666666666666666;152729;1564158.3460000001;0.24808762136022802;3600;1.0
Goal_698;152230;1877354.1873;0.38888888888888884;152839;1551293.5310999998;0.38439287655009147;63;0.0
Goal_699;152230;1877354.1873;0.4444444444444444;153519;777741.0138000001;0.4433159722095677;4;0.0
Goal_700;152230;1877354.1873;0.5;152278;53591.9896;0.47933673060089244;0;0.0
Goal_685;152230;1668759.2776000001;0.2222222222222222;152230;1666487.5685;0.25312678545140893;3600;1.0
Goal_686;152230;1668759.2776000001;0.2777777777777778;152296;985598.7775000001;0.2958211340391091;3600;1.0
Goal_691;152230;1877354.1873;0.0;152023;1770801.2376000003;0.25130507386705325;3600;0.7611333817547372
Goal_692;152230;1877354.1873;0.05555555555555555;152731;1874937.886899999;0.2715264218142734;3600;0.8901563584648325
Goal_693;152230;1877354.1873;0.1111111111111111;152152;1517579.6364999996;0.26472700291585466;3600;1.0
Goal_694;152230;1877354.1873;0.16666666666666666;152281;1719598.7136000001;0.2462581992556099;3600;1.0
Goal_696;152230;1877354.1873;0.2777777777777778;152230;1512485.4707000002;0.2763590549437535;3408;0.0
Goal_695;152230;1877354.1873;0.2222222222222222;152245;1874989.4234999996;0.2460176959752242;3600;1.0
Goal_709;144404;0.0;0.4444444444444444;145348;0.0;0.42898555066436667;0;0.0
Goal_710;144404;0.0;0.5;144457;0.0;0.4210531667591237;0;0.0
Goal_697;152230;1877354.1873;0.3333333333333333;152346;1793671.0263000003;0.3454952443636242;3600;1.0
Goal_701;144404;0.0;0.0;143697;65612.66949999999;0.37837319300844513;3600;0.773168651799904
Goal_702;144404;0.0;0.05555555555555555;121421;13253.847;0.28431607063008857;3600;0.6373175912774536
Goal_703;144404;0.0;0.1111111111111111;110988;2831.9814;0.23188048559862362;3600;0.878978783932044
Goal_704;144404;0.0;0.16666666666666666;114109;5931.021500000001;0.24481842248737543;3600;0.9451454840591482
Goal_705;144404;0.0;0.2222222222222222;111297;4926.9471;0.2325197459794251;3600;0.9889870309377383
Goal_706;144404;0.0;0.2777777777777778;121732;9337.665900000002;0.2843325941293612;3600;1.0
Goal_707;144404;0.0;0.3333333333333333;138606;52103.77369999999;0.35452197768455945;3600;1.0
Goal_719;144404;208594.90970000002;0.4444444444444444;144404;159253.50400000002;0.41921572372808513;0;0.0
Goal_720;144404;208594.90970000002;0.5;144404;191820.1164;0.4205132238379461;0;0.0
Goal_708;144404;0.0;0.38888888888888884;144404;13037.0914;0.38889013029028885;3600;1.0
Goal_711;144404;208594.90970000002;0.0;123908;188093.77039999998;0.2949112495641335;3600;0.7627064149030136
Goal_718;144404;208594.90970000002;0.38888888888888884;144949;148051.28370000003;0.3855930791061107;1078;0.0
Goal_712;144404;208594.90970000002;0.05555555555555555;138776;182405.63059999997;0.3505357950223372;3600;0.9455155265693823
Goal_713;144404;208594.90970000002;0.1111111111111111;125390;209398.87850000002;0.2938438804122182;3600;0.9296102799607859
Goal_714;144404;208594.90970000002;0.16666666666666666;129324;187737.5549;0.3047739241934614;3600;1.0
Goal_715;144404;208594.90970000002;0.2222222222222222;144404;561836.4217;0.30098432595619684;3600;1.0
Goal_716;144404;208594.90970000002;0.2777777777777778;144417;511432.10319999995;0.3149427556658608;3600;1.0
Goal_729;144404;417189.81940000004;0.4444444444444444;145207;0.0;0.42924792417392815;0;0.0
Goal_730;144404;417189.81940000004;0.5;145207;0.0;0.42924792417392815;0;0.0
Goal_717;144404;208594.90970000002;0.3333333333333333;144486;107092.2278;0.37729540713294135;3600;1.0
Goal_721;144404;417189.81940000004;0.0;144387;585680.7292;0.3072483158265811;3600;0.7804623106352633
Goal_722;144404;417189.81940000004;0.05555555555555555;155458;487118.6674999999;0.35606555928129563;3600;0.9177789823581733
Goal_723;144404;417189.81940000004;0.1111111111111111;143824;588340.3975;0.3047233695240085;3600;0.9273534012585212
Goal_724;144404;417189.81940000004;0.16666666666666666;144543;471006.2597000001;0.3307200674184143;3600;1.0
Goal_725;144404;417189.81940000004;0.2222222222222222;144414;501270.384;0.31711371433014957;3600;1.0
Goal_728;144404;417189.81940000004;0.38888888888888884;156189;415390.4779;0.3888879977792579;3095;0.0
Goal_726;144404;417189.81940000004;0.2777777777777778;145069;420050.1592999999;0.36233894020850343;3600;1.0
Goal_739;144404;625784.7291000001;0.4444444444444444;144502;37637.9328;0.4281332341247941;0;0.0
Goal_740;144404;625784.7291000001;0.5;144643;40187.233400000005;0.44428576288823757;0;0.0
Goal_727;144404;417189.81940000004;0.3333333333333333;144374;358711.60550000006;0.36103908164439996;3600;1.0
Goal_738;144404;625784.7291000001;0.38888888888888884;146064;549480.2923;0.3874738520860042;376;0.0
Goal_731;144404;625784.7291000001;0.0;143909;663236.3346;0.29111075993031876;3600;0.7650451298336084
Goal_732;144404;625784.7291000001;0.05555555555555555;165177;625782.8188;0.34056704548823513;3600;0.9467084330378343
Goal_733;144404;625784.7291000001;0.1111111111111111;144492;639602.1366999999;0.28413589736862543;3600;1.0
Goal_734;144404;625784.7291000001;0.16666666666666666;144405;625822.6061999999;0.2957129658637681;3600;1.0
Goal_735;144404;625784.7291000001;0.2222222222222222;144404;629123.4226999999;0.304835329845942;3600;1.0
Goal_736;144404;625784.7291000001;0.2777777777777778;144404;631793.783;0.3177366566726761;3600;1.0
Goal_749;144404;834379.6388000001;0.4444444444444444;144502;37637.9328;0.4281332341247941;0;0.0
Goal_750;144404;834379.6388000001;0.5;144643;40187.233400000005;0.44428576288823757;0;0.0
Goal_748;144404;834379.6388000001;0.38888888888888884;145588;199515.17520000003;0.38723653781396983;98;0.0
Goal_737;144404;625784.7291000001;0.3333333333333333;134176;98135.5309;0.33342041112627335;3600;1.0
Goal_741;144404;834379.6388000001;0.0;144418;830787.9971999999;0.2931892375396946;3600;0.8090040572879054
Goal_742;144404;834379.6388000001;0.05555555555555555;144680;834640.7571;0.26039287360291913;3600;0.8096143479293696
Goal_743;144404;834379.6388000001;0.1111111111111111;144404;842655.6524000001;0.27830889953226384;3600;1.0
Goal_744;144404;834379.6388000001;0.16666666666666666;144638;834386.9816999998;0.2791194466608043;3600;1.0
Goal_745;144404;834379.6388000001;0.2222222222222222;144480;835287.2391000001;0.26943154071595193;3600;1.0
Goal_758;144404;1042974.5485;0.38888888888888884;144404;180750.42510000002;0.3888818204343025;33;0.0
Goal_759;144404;1042974.5485;0.4444444444444444;144502;37637.9328;0.4281332341247941;0;0.0
Goal_760;144404;1042974.5485;0.5;144643;40187.233400000005;0.44428576288823757;0;0.0
Goal_746;144404;834379.6388000001;0.2777777777777778;144621;834364.3730000001;0.2976306833782403;3600;1.0
Goal_747;144404;834379.6388000001;0.3333333333333333;135270;132170.1177;0.3460497217305539;3600;1.0
Goal_751;144404;1042974.5485;0.0;144627;986283.7695999999;0.26848231824832536;3600;0.7544053251323997
Goal_752;144404;1042974.5485;0.05555555555555555;144906;1023883.3930000002;0.3297950534042307;3600;0.9588386563443566
Goal_753;144404;1042974.5485;0.1111111111111111;143890;1045312.6786999998;0.24215845545795495;3600;1.0
Goal_754;144404;1042974.5485;0.16666666666666666;144404;1061443.4654000003;0.23650742137572228;3600;1.0
Goal_755;144404;1042974.5485;0.2222222222222222;145222;999092.2550999998;0.2549039689136132;3600;1.0
Goal_768;144404;1251569.4582000002;0.38888888888888884;160225;628293.7633;0.3860354187180999;207;0.0
Goal_769;144404;1251569.4582000002;0.4444444444444444;144647;40221.4522;0.4442962878777281;0;0.0
Goal_770;144404;1251569.4582000002;0.5;144643;40187.233400000005;0.44428576288823757;0;0.0
Goal_756;144404;1042974.5485;0.2777777777777778;147425;949620.6887;0.2794459161785104;3600;1.0
Goal_757;144404;1042974.5485;0.3333333333333333;157824;1043211.2789000002;0.3606366674825954;3600;1.0
Goal_761;144404;1251569.4582000002;0.0;147315;1251538.6132999999;0.2508714408393031;3600;0.7294707376084526
Goal_762;144404;1251569.4582000002;0.05555555555555555;144554;1136419.9537;0.2758041502800089;3600;0.9331233993389382
Goal_763;144404;1251569.4582000002;0.1111111111111111;145427;1247610.2802000004;0.26522262327063745;3600;1.0
Goal_764;144404;1251569.4582000002;0.16666666666666666;144476;1145338.7619;0.25692789719209375;3600;1.0
Goal_765;144404;1251569.4582000002;0.2222222222222222;152190;1238197.5887999998;0.2706695021407441;3600;1.0
Goal_766;144404;1251569.4582000002;0.2777777777777778;145756;1240984.025;0.280671689804372;3600;1.0
Goal_779;144404;1460164.3679000002;0.4444444444444444;144647;40221.4522;0.4442962878777281;0;0.0
Goal_780;144404;1460164.3679000002;0.5;144404;91312.185;0.4178525962210826;0;0.0
Goal_778;144404;1460164.3679000002;0.38888888888888884;144767;255890.51560000004;0.38877844646514165;271;0.0
Goal_767;144404;1251569.4582000002;0.3333333333333333;162367;1251566.2255000002;0.3365194206561106;3600;1.0
Goal_771;144404;1460164.3679000002;0.0;144838;1402981.8157999997;0.23531697236056393;3600;0.6877650411032494
Goal_772;144404;1460164.3679000002;0.05555555555555555;144650;1283490.5241;0.2372472258478347;3600;0.7519803067825278
Goal_773;144404;1460164.3679000002;0.1111111111111111;144488;1362635.2018000002;0.23977880612871935;3600;1.0
Goal_774;144404;1460164.3679000002;0.16666666666666666;146442;1455855.9652999998;0.23194435609408873;3600;1.0
Goal_775;144404;1460164.3679000002;0.2222222222222222;146922;1190656.2319;0.2474087394744903;3600;1.0
Goal_788;144404;1668759.2776000001;0.38888888888888884;144444;1287341.3864000002;0.38700842941334285;38;0.0
Goal_789;144404;1668759.2776000001;0.4444444444444444;144647;40221.4522;0.4442962878777281;0;0.0
Goal_790;144404;1668759.2776000001;0.5;144404;17815.434299999997;0.4146318111217667;0;0.0
Goal_786;144404;1668759.2776000001;0.2777777777777778;144413;1166903.1453;0.27776183535762367;876;0.0
Goal_776;144404;1460164.3679000002;0.2777777777777778;145106;1438753.1719;0.28857383755642396;3600;1.0
Goal_777;144404;1460164.3679000002;0.3333333333333333;145294;929703.1931;0.3470296302293902;3600;1.0
Goal_781;144404;1668759.2776000001;0.0;145312;1446571.2089;0.23569487014177987;3600;0.6566130434131113
Goal_782;144404;1668759.2776000001;0.05555555555555555;144611;1664778.3002;0.25521453559617985;3600;0.8169937624831717
Goal_783;144404;1668759.2776000001;0.1111111111111111;144579;1659122.4099000003;0.23181407753372826;3600;1.0
Goal_784;144404;1668759.2776000001;0.16666666666666666;144423;1581671.1084999999;0.2358578369077836;3600;1.0
Goal_796;144404;1877354.1873;0.2777777777777778;144404;1877302.5752999997;0.27777903610583665;581;0.0
Goal_799;144404;1877354.1873;0.4444444444444444;144656;40298.4445;0.4443204221031237;0;0.0
Goal_800;144404;1877354.1873;0.5;144404;17815.434299999997;0.4146318111217667;0;0.0
Goal_785;144404;1668759.2776000001;0.2222222222222222;144404;1499477.2677999998;0.25134995926230486;3600;1.0
Goal_798;144404;1877354.1873;0.38888888888888884;144620;398780.2898;0.38834743860510584;162;0.0
Goal_787;144404;1668759.2776000001;0.3333333333333333;144478;1289502.83;0.33140734534457206;2640;0.0
Goal_797;144404;1877354.1873;0.3333333333333333;144965;1859494.7553;0.3233813755781371;874;0.0
Goal_791;144404;1877354.1873;0.0;144729;1875651.8266999999;0.24325240412887272;3600;0.7496864837655709
Goal_792;144404;1877354.1873;0.05555555555555555;144479;1762015.4459999998;0.2478497763432016;3600;0.9051490037472215
Goal_793;144404;1877354.1873;0.1111111111111111;144404;1871802.7400999998;0.23270795235753183;3600;0.8958636100449663
Goal_808;136578;0.0;0.38888888888888884;136593;0.0;0.3834411617113826;56;0.0
Goal_809;136578;0.0;0.4444444444444444;139180;0.0;0.4210531667591237;1;0.0
Goal_810;136578;0.0;0.5;139180;0.0;0.4210531667591237;1;0.0
Goal_794;144404;1877354.1873;0.16666666666666666;144407;1796118.4583;0.20728244091775794;3600;1.0
Goal_795;144404;1877354.1873;0.2222222222222222;146147;1790138.7716000003;0.22695293630744756;3600;1.0
Goal_801;136578;0.0;0.0;114089;5521.4191;0.24481175764220336;3600;0.5792469350608737
Goal_802;136578;0.0;0.05555555555555555;122720;26210.7137;0.28535389553590945;3600;0.588310005120661
Goal_803;136578;0.0;0.1111111111111111;117841;8330.0273;0.2653454739627355;3600;0.7750120466125895
Goal_804;136578;0.0;0.16666666666666666;110829;64.1943;0.23196129199484797;3600;0.9401571568002647
Goal_805;136578;0.0;0.2222222222222222;114070;4805.1488;0.24490371494559648;3600;1.0
Goal_818;136578;208594.90970000002;0.38888888888888884;137034;0.0;0.3834411617113826;5;0.0
Goal_819;136578;208594.90970000002;0.4444444444444444;136578;1778.6745999999998;0.4031457861979976;0;0.0
Goal_820;136578;208594.90970000002;0.5;136578;1778.6745999999998;0.4031457861979976;0;0.0
Goal_806;136578;0.0;0.2777777777777778;121639;10279.338300000001;0.284151966636506;3600;1.0
Goal_807;136578;0.0;0.3333333333333333;133766;24897.088400000004;0.33333545070637227;3600;1.0
Goal_811;136578;208594.90970000002;0.0;118480;208208.63220000002;0.27590371804154723;3600;0.7541285211167874
Goal_812;136578;208594.90970000002;0.05555555555555555;124629;160171.8352;0.28775718727741656;3600;0.7842009014743205
Goal_813;136578;208594.90970000002;0.1111111111111111;135362;211442.37320000006;0.33374383617686487;3600;0.7758641637339413
Goal_814;136578;208594.90970000002;0.16666666666666666;130355;196119.8956;0.30528428723737006;3600;1.0
Goal_815;136578;208594.90970000002;0.2222222222222222;106836;0.0;0.2205724427446828;3600;1.0
Goal_828;136578;417189.81940000004;0.38888888888888884;137589;127786.81850000001;0.38591487606407926;3;0.0
Goal_829;136578;417189.81940000004;0.4444444444444444;136578;1778.6745999999998;0.4031457861979976;0;0.0
Goal_830;136578;417189.81940000004;0.5;136578;1778.6745999999998;0.4031457861979976;0;0.0
Goal_816;136578;208594.90970000002;0.2777777777777778;130119;120752.49040000001;0.3193243573641327;3600;1.0
Goal_817;136578;208594.90970000002;0.3333333333333333;136262;94451.73969999999;0.34321032199068574;3600;1.0
Goal_821;136578;417189.81940000004;0.0;136860;486328.5343999999;0.31252027751874045;3600;0.7448173815418104
Goal_822;136578;417189.81940000004;0.05555555555555555;137119;535757.6575000001;0.2956852571854386;3600;0.8132096133973815
Goal_823;136578;417189.81940000004;0.1111111111111111;137636;531613.3623999999;0.29570951945038887;3600;0.9708532629161645
Goal_824;136578;417189.81940000004;0.16666666666666666;136641;547983.8004;0.30187730623811787;3600;1.0
Goal_825;136578;417189.81940000004;0.2222222222222222;106836;0.0;0.2205724427446828;3600;1.0
Goal_838;136578;625784.7291000001;0.38888888888888884;139611;137320.0985;0.38861438302826423;2;0.0
Goal_839;136578;625784.7291000001;0.4444444444444444;136578;1778.6745999999998;0.4031457861979976;0;0.0
Goal_840;136578;625784.7291000001;0.5;136578;1778.6745999999998;0.4031457861979976;0;0.0
Goal_826;136578;417189.81940000004;0.2777777777777778;136375;78746.91589999999;0.3518329859458635;3600;1.0
Goal_837;136578;625784.7291000001;0.3333333333333333;136588;204800.8786;0.33332517420036545;286;0.0
Goal_827;136578;417189.81940000004;0.3333333333333333;136972;173731.5866;0.34316209774926465;3600;1.0
Goal_831;136578;625784.7291000001;0.0;139567;625783.6323999999;0.2878716411022691;3600;0.7398927663227348
Goal_832;136578;625784.7291000001;0.05555555555555555;136623;638985.5149000001;0.275030019621579;3600;0.8178760075790441
Goal_833;136578;625784.7291000001;0.1111111111111111;136578;631587.2109999999;0.2749107520442707;3600;1.0
Goal_834;136578;625784.7291000001;0.16666666666666666;136681;625435.8743999999;0.272558743601719;3600;1.0
Goal_848;136578;834379.6388000001;0.38888888888888884;136602;132408.9392;0.38703875257748926;4;0.0
Goal_849;136578;834379.6388000001;0.4444444444444444;136578;1778.6745999999998;0.4031457861979976;0;0.0
Goal_850;136578;834379.6388000001;0.5;136578;1778.6745999999998;0.4031457861979976;0;0.0
Goal_846;136578;834379.6388000001;0.2777777777777778;136714;831869.0386000001;0.27764866948201994;692;0.0
Goal_835;136578;625784.7291000001;0.2222222222222222;113824;7229.874;0.24474192013097104;3600;1.0
Goal_836;136578;625784.7291000001;0.2777777777777778;137130;12.603;0.3607948793421241;3600;1.0
Goal_841;136578;834379.6388000001;0.0;136989;834548.0800000001;0.26034401082460223;3600;0.7336122644560774
Goal_842;136578;834379.6388000001;0.05555555555555555;137005;837454.2223999999;0.28037052330625356;3600;0.8383770673471639
Goal_843;136578;834379.6388000001;0.1111111111111111;136729;782565.8618999999;0.2652379138616048;3600;1.0
Goal_856;136578;1042974.5485;0.2777777777777778;136611;998041.4323000001;0.27664154445532957;71;0.0
Goal_858;136578;1042974.5485;0.38888888888888884;137600;75634.578;0.3888805741574747;54;0.0
Goal_859;136578;1042974.5485;0.4444444444444444;136578;1778.6745999999998;0.4031457861979976;0;0.0
Goal_860;136578;1042974.5485;0.5;136578;1778.6745999999998;0.4031457861979976;0;0.0
Goal_844;136578;834379.6388000001;0.16666666666666666;136578;881602.0028000001;0.2623523561777505;3600;1.0
Goal_845;136578;834379.6388000001;0.2222222222222222;136704;834383.1294999999;0.25925359216594857;3600;1.0
Goal_857;136578;1042974.5485;0.3333333333333333;136581;435355.0557;0.33333247060619126;1101;0.0
Goal_847;136578;834379.6388000001;0.3333333333333333;136126;223943.91439999998;0.33404676171227066;3600;1.0
Goal_851;136578;1042974.5485;0.0;137919;1042979.0237000001;0.2664727745042361;3600;0.7816817407525447
Goal_852;136578;1042974.5485;0.05555555555555555;136546;1103993.5498000002;0.21420237546194013;3600;0.8890726154783513
Goal_853;136578;1042974.5485;0.1111111111111111;136807;1042058.8036999998;0.2506745236832586;3600;1.0
Goal_868;136578;1251569.4582000002;0.38888888888888884;137285;108044.7997;0.3809979459613059;2;0.0
Goal_869;136578;1251569.4582000002;0.4444444444444444;136578;1778.6745999999998;0.4031457861979976;0;0.0
Goal_870;136578;1251569.4582000002;0.5;136578;1778.6745999999998;0.4031457861979976;0;0.0
Goal_854;136578;1042974.5485;0.16666666666666666;138267;1035785.7789000002;0.2459382851852069;3600;1.0
Goal_855;136578;1042974.5485;0.2222222222222222;136634;1023704.8386999995;0.2611407053653909;3600;1.0
Goal_861;136578;1251569.4582000002;0.0;136658;1249708.2554000004;0.21873948352590225;3600;0.6250190650309723
Goal_862;136578;1251569.4582000002;0.05555555555555555;136934;1177575.2633;0.23618980533526424;3600;0.775352888117947
Goal_863;136578;1251569.4582000002;0.1111111111111111;136589;1255392.7628000001;0.22088046917513773;3600;0.8890642819339318
Goal_864;136578;1251569.4582000002;0.16666666666666666;136578;1250572.6667;0.22053925512825567;3600;1.0
Goal_865;136578;1251569.4582000002;0.2222222222222222;141007;1241672.7324;0.28144100392817684;3600;1.0
Goal_866;136578;1251569.4582000002;0.2777777777777778;154088;1251566.2846999995;0.2932916897698409;3600;1.0
Goal_879;136578;1460164.3679000002;0.4444444444444444;136578;1778.6745999999998;0.4031457861979976;0;0.0
Goal_880;136578;1460164.3679000002;0.5;136578;1778.6745999999998;0.4031457861979976;0;0.0
Goal_867;136578;1251569.4582000002;0.3333333333333333;136578;298951.8367;0.34154055763465613;3600;1.0
Goal_878;136578;1460164.3679000002;0.38888888888888884;137259;405031.75700000004;0.3839989850843746;762;0.0
Goal_871;136578;1460164.3679000002;0.0;137370;1459104.8747;0.2166040932389612;3600;0.6514622450520285
Goal_872;136578;1460164.3679000002;0.05555555555555555;136775;1457100.3591;0.22037403834753508;3600;0.7073621088470498
Goal_873;136578;1460164.3679000002;0.1111111111111111;136635;1278975.1359;0.2874185001257617;3600;1.0
Goal_874;136578;1460164.3679000002;0.16666666666666666;136578;1460055.1717;0.1855796581606509;3600;1.0
Goal_875;136578;1460164.3679000002;0.2222222222222222;134739;1460149.0348000003;0.23842773485790172;3600;1.0
Goal_888;136578;1668759.2776000001;0.38888888888888884;138458;70667.6131;0.38888905465059453;3;0.0
Goal_889;136578;1668759.2776000001;0.4444444444444444;136578;1778.6745999999998;0.4031457861979976;0;0.0
Goal_890;136578;1668759.2776000001;0.5;136578;1778.6745999999998;0.4031457861979976;0;0.0
Goal_876;136578;1460164.3679000002;0.2777777777777778;137248;1357492.7832999998;0.2828012578668174;3600;1.0
Goal_877;136578;1460164.3679000002;0.3333333333333333;132329;74319.34590000003;0.3359367008271328;3600;1.0
Goal_886;136578;1668759.2776000001;0.2777777777777778;139365;1435600.3791;0.27142762986578217;1308;0.0
Goal_881;136578;1668759.2776000001;0.0;136578;1667522.9041;0.24075796601007463;3600;0.728687309029933
Goal_882;136578;1668759.2776000001;0.05555555555555555;136506;1657522.3893999998;0.18524534101944348;3600;0.4675346634418673
Goal_883;136578;1668759.2776000001;0.1111111111111111;135433;1668093.4963;0.19999204408229837;3600;0.9226071267759064
Goal_884;136578;1668759.2776000001;0.16666666666666666;136578;1556247.2843000004;0.18535856578595356;3600;1.0
Goal_898;136578;1877354.1873;0.38888888888888884;138458;70667.6131;0.3888890546505946;3;0.0
Goal_899;136578;1877354.1873;0.4444444444444444;136578;1778.6745999999998;0.4031457861979976;0;0.0
Goal_900;136578;1877354.1873;0.5;136578;1778.6745999999998;0.4031457861979976;0;0.0
Goal_896;136578;1877354.1873;0.2777777777777778;140365;1776197.8289000003;0.2770678262088648;1514;0.0
Goal_885;136578;1668759.2776000001;0.2222222222222222;136714;1493056.8874999997;0.25127521097943145;3600;1.0
Goal_887;136578;1668759.2776000001;0.3333333333333333;136588;229330.80530000007;0.34400530816853503;3600;1.0
Goal_891;136578;1877354.1873;0.0;136505;1785927.3977999992;0.1861414972768392;3600;0.5368977440205248
Goal_892;136578;1877354.1873;0.05555555555555555;136639;1737927.9463000002;0.22504214442711998;3600;0.8662217431397197
Goal_893;136578;1877354.1873;0.1111111111111111;136574;1776658.0818;0.19033513398266716;3600;0.7149893895232671
Goal_894;136578;1877354.1873;0.16666666666666666;136615;1705116.2884000002;0.23357083324326555;3600;1.0
Goal_908;128752;0.0;0.38888888888888884;132303;0.0;0.34768011793672016;0;0.0
Goal_909;128752;0.0;0.4444444444444444;132303;0.0;0.34768011793672016;0;0.0
Goal_910;128752;0.0;0.5;132303;0.0;0.34768011793672016;0;0.0
Goal_895;136578;1877354.1873;0.2222222222222222;137172;1559135.1615000002;0.24041296338373605;3600;1.0
Goal_897;136578;1877354.1873;0.3333333333333333;136602;313819.7061;0.3413403553708096;3600;1.0
Goal_901;128752;0.0;0.0;114122;6513.064;0.24475678950476454;3600;0.5098302717307185
Goal_902;128752;0.0;0.05555555555555555;114099;5672.9745;0.2448259894040632;3600;0.5425762945942907
Goal_903;128752;0.0;0.1111111111111111;114080;5896.1909000000005;0.24474499484870685;3600;0.7834274599188555
Goal_904;128752;0.0;0.16666666666666666;114116;6324.5587000000005;0.2447746866729471;3600;0.7518108405131765
Goal_917;128752;208594.90970000002;0.3333333333333333;130887;141678.7007;0.33315722484916427;2;0.0
Goal_918;128752;208594.90970000002;0.38888888888888884;132303;0.0;0.34768011793671866;0;0.0
Goal_919;128752;208594.90970000002;0.4444444444444444;132303;0.0;0.34768011793671866;0;0.0
Goal_920;128752;208594.90970000002;0.5;132303;0.0;0.34768011793671866;0;0.0
Goal_905;128752;0.0;0.2222222222222222;111293;4645.1487;0.2325691459650113;3600;0.9894135116494187
Goal_906;128752;0.0;0.2777777777777778;122089;11023.7428;0.2851936742668954;3600;1.0
Goal_907;128752;0.0;0.3333333333333333;128752;1273.697;0.32581787616154745;3600;1.0
Goal_911;128752;208594.90970000002;0.0;125691;155266.5412;0.2895960375272251;3600;0.6847585234637374
Goal_912;128752;208594.90970000002;0.05555555555555555;121630;163222.4525;0.27255645932970485;3600;0.6932602113390708
Goal_913;128752;208594.90970000002;0.1111111111111111;120822;120490.60780000001;0.26959102511219357;3600;0.76026385709112
Goal_927;128752;417189.81940000004;0.3333333333333333;128766;92244.3324;0.3331803436947847;4;0.0
Goal_928;128752;417189.81940000004;0.38888888888888884;132303;0.0;0.34768011793671866;0;0.0
Goal_929;128752;417189.81940000004;0.4444444444444444;132303;0.0;0.34768011793671866;0;0.0
Goal_930;128752;417189.81940000004;0.5;132303;0.0;0.34768011793671866;0;0.0
Goal_914;128752;208594.90970000002;0.16666666666666666;115793;76469.80010000001;0.24642955491449725;3600;1.0
Goal_915;128752;208594.90970000002;0.2222222222222222;125731;176953.87149999998;0.2877302284965226;3600;1.0
Goal_916;128752;208594.90970000002;0.2777777777777778;123402;58646.59049999999;0.2906840665760357;3600;1.0
Goal_921;128752;417189.81940000004;0.0;131229;215351.34370000003;0.31283771470500227;3600;0.7999426579527105
Goal_922;128752;417189.81940000004;0.05555555555555555;118748;163270.80340000003;0.2778989717315272;3600;0.8390271421666559
Goal_923;128752;417189.81940000004;0.1111111111111111;128759;316568.50959999993;0.3163852048442975;3600;0.9782557484257423
Goal_937;128752;625784.7291000001;0.3333333333333333;130690;58340.853899999995;0.33226241062199435;6;0.0
Goal_938;128752;625784.7291000001;0.38888888888888884;132303;0.0;0.34768011793671866;0;0.0
Goal_939;128752;625784.7291000001;0.4444444444444444;132303;0.0;0.34768011793671866;0;0.0
Goal_940;128752;625784.7291000001;0.5;132303;0.0;0.34768011793671866;0;0.0
Goal_924;128752;417189.81940000004;0.16666666666666666;128754;578955.6124;0.2673002855473345;3600;1.0
Goal_925;128752;417189.81940000004;0.2222222222222222;124849;437.6533;0.30287063130209163;3600;1.0
Goal_926;128752;417189.81940000004;0.2777777777777778;128752;170639.93870000003;0.3060717334473743;3600;1.0
Goal_931;128752;625784.7291000001;0.0;127452;701064.1019;0.23347528294068853;3600;0.699930149028072
Goal_932;128752;625784.7291000001;0.05555555555555555;116771;127382.30380000001;0.254547583044784;3600;0.9388849478284741
Goal_933;128752;625784.7291000001;0.1111111111111111;130856;172179.52070000002;0.3286963319555206;3600;1.0
Goal_947;128752;834379.6388000001;0.3333333333333333;128753;112499.37250000001;0.3333268437058197;3;0.0
Goal_948;128752;834379.6388000001;0.38888888888888884;132303;0.0;0.34768011793671866;0;0.0
Goal_934;128752;625784.7291000001;0.16666666666666666;128814;650540.0912999999;0.2718456213153437;3600;1.0
Goal_949;128752;834379.6388000001;0.4444444444444444;132303;0.0;0.34768011793671866;0;0.0
Goal_950;128752;834379.6388000001;0.5;132303;0.0;0.34768011793671866;0;0.0
Goal_935;128752;625784.7291000001;0.2222222222222222;128997;625996.4478000002;0.28168051144989187;3600;1.0
Goal_936;128752;625784.7291000001;0.2777777777777778;123762;116736.6158;0.30216549010248944;3600;1.0
Goal_941;128752;834379.6388000001;0.0;128752;834353.8100000002;0.22374428827137452;3600;0.6579969316821195
Goal_942;128752;834379.6388000001;0.05555555555555555;119784;135870.4189;0.2706729204051841;3600;0.9570045082097041
Goal_943;128752;834379.6388000001;0.1111111111111111;129706;828983.81;0.22426842313470596;3600;1.0
Goal_957;128752;1042974.5485;0.3333333333333333;129002;175187.7356;0.3331020897877723;105;0.0
Goal_958;128752;1042974.5485;0.38888888888888884;132303;0.0;0.34768011793671866;0;0.0
Goal_959;128752;1042974.5485;0.4444444444444444;132303;0.0;0.34768011793671866;0;0.0
Goal_960;128752;1042974.5485;0.5;132303;0.0;0.34768011793671866;0;0.0
Goal_944;128752;834379.6388000001;0.16666666666666666;128818;834433.1566000002;0.2506543649388483;3600;1.0
Goal_945;128752;834379.6388000001;0.2222222222222222;116033;55279.392100000005;0.2543391135544277;3600;1.0
Goal_946;128752;834379.6388000001;0.2777777777777778;123299;85138.74720000001;0.2935633314669364;3600;1.0
Goal_951;128752;1042974.5485;0.0;129153;971603.9883000001;0.2439058374722489;3600;0.7492073360130931
Goal_952;128752;1042974.5485;0.05555555555555555;128752;1042322.7315000002;0.2719806423935636;3600;0.9482814531930965
Goal_953;128752;1042974.5485;0.1111111111111111;125649;1048391.8833;0.25898533946076985;3600;1.0
Goal_967;128752;1251569.4582000002;0.3333333333333333;128773;351045.43749999994;0.33324213983562234;116;0.0
Goal_968;128752;1251569.4582000002;0.38888888888888884;132303;0.0;0.34768011793671866;0;0.0
Goal_969;128752;1251569.4582000002;0.4444444444444444;132303;0.0;0.34768011793671866;0;0.0
Goal_970;128752;1251569.4582000002;0.5;132303;0.0;0.34768011793671866;0;0.0
Goal_954;128752;1042974.5485;0.16666666666666666;128473;1043655.6538000001;0.20780783451158916;3600;1.0
Goal_955;128752;1042974.5485;0.2222222222222222;112084;52241.1698;0.2325339902347296;3600;1.0
Goal_956;128752;1042974.5485;0.2777777777777778;128987;1042309.7072999999;0.27972076902499565;3600;1.0
Goal_961;128752;1251569.4582000002;0.0;130154;1250413.8208999997;0.1977861069185049;3600;0.5479897962348116
Goal_962;128752;1251569.4582000002;0.05555555555555555;128804;1233049.5337000003;0.20411102486304292;3600;0.8915480613410235
Goal_976;128752;1460164.3679000002;0.2777777777777778;128902;1407576.4506;0.27760737500432053;218;0.0
Goal_966;128752;1251569.4582000002;0.2777777777777778;130643;1251089.8418;0.2777786005890568;2106;0.0
Goal_978;128752;1460164.3679000002;0.38888888888888884;132303;0.0;0.34768011793671866;0;0.0
Goal_979;128752;1460164.3679000002;0.4444444444444444;132303;0.0;0.34768011793671866;0;0.0
Goal_980;128752;1460164.3679000002;0.5;132303;0.0;0.34768011793671866;0;0.0
Goal_977;128752;1460164.3679000002;0.3333333333333333;128752;89168.1407;0.3331792339630477;65;0.0
Goal_963;128752;1251569.4582000002;0.1111111111111111;129710;1247141.1416000002;0.20315796353710364;3600;0.8433681473192159
Goal_964;128752;1251569.4582000002;0.16666666666666666;130846;1173516.0189;0.18715859141862842;3600;1.0
Goal_965;128752;1251569.4582000002;0.2222222222222222;128777;1241771.1097999997;0.24187373302355628;3600;1.0
Goal_971;128752;1460164.3679000002;0.0;128806;1460049.1323;0.19370363956958475;3600;0.5195465014470421
Goal_975;128752;1460164.3679000002;0.2222222222222222;129315;1384417.2738999997;0.21856021949002843;2684;0.0
Goal_987;128752;1668759.2776000001;0.3333333333333333;129618;113658.47899999999;0.3332018276681572;59;0.0
Goal_988;128752;1668759.2776000001;0.38888888888888884;132303;0.0;0.34768011793671866;0;0.0
Goal_989;128752;1668759.2776000001;0.4444444444444444;132303;0.0;0.34768011793671866;0;0.0
Goal_990;128752;1668759.2776000001;0.5;132303;0.0;0.34768011793671866;0;0.0
Goal_972;128752;1460164.3679000002;0.05555555555555555;131574;1460662.7717;0.19619855103340825;3600;0.8918341701765138
Goal_973;128752;1460164.3679000002;0.1111111111111111;130336;1281259.4571;0.265458045550343;3600;1.0
Goal_974;128752;1460164.3679000002;0.16666666666666666;129600;1459676.1657;0.19204813998172143;3600;1.0
Goal_986;128752;1668759.2776000001;0.2777777777777778;129107;1596726.7926999996;0.26808650849603016;1298;0.0
Goal_981;128752;1668759.2776000001;0.0;128752;1529321.6565000003;0.19758973971096877;3600;0.5286098153265201
Goal_982;128752;1668759.2776000001;0.05555555555555555;128702;1415395.4292;0.19883569518290103;3600;0.727278680866447
Goal_997;128752;1877354.1873;0.3333333333333333;132093;126108.75970000001;0.33317420646436435;55;0.0
Goal_998;128752;1877354.1873;0.38888888888888884;132303;0.0;0.34768011793671866;0;0.0
Goal_999;128752;1877354.1873;0.4444444444444444;132303;0.0;0.34768011793671866;0;0.0
Goal_1000;128752;1877354.1873;0.5;132303;0.0;0.34768011793671866;0;0.0
Goal_983;128752;1668759.2776000001;0.1111111111111111;128802;1494467.9980999997;0.2005342713266176;3600;0.9336194253035738
Goal_984;128752;1668759.2776000001;0.16666666666666666;129058;1647640.1858000008;0.1888166177348127;3600;1.0
Goal_985;128752;1668759.2776000001;0.2222222222222222;132871;1523803.205;0.25242031816296256;3600;1.0
Goal_991;128752;1877354.1873;0.0;132385;1732495.3775;0.1880349315101287;3600;0.37482074858259384
Goal_992;128752;1877354.1873;0.05555555555555555;131546;1818652.3841000004;0.19869306978701262;3600;0.7168329206904727
Goal_993;128752;1877354.1873;0.1111111111111111;133625;1655771.3101;0.1961190963652399;3600;0.7812006454814912
Goal_994;128752;1877354.1873;0.16666666666666666;128752;1833089.6124;0.192051828358484;3600;1.0
Goal_995;128752;1877354.1873;0.2222222222222222;119250;28573.729600000002;0.2743688300238129;3600;1.0
Goal_996;128752;1877354.1873;0.2777777777777778;125543;143727.03499999997;0.2904001400884513;3600;1.0
