Meta_903;128752;0.0;0.1111111111111111;115619;11727447;0.25493782346576427;3600;0.7648183684668308
Meta_807;136618;0.0;0.3333333333333333;133113;11872856;0.33333324318467517;3600;1.0
Meta_507;160218;0.0;0.3333333333333333;135422;16463064;0.34325469871408737;3600;1.0
Meta_719;144485;214518.3220111111;0.4444444444444444;144598;16738288;0.419173418136835;0;0.0
Meta_603;152351;0.0;0.1111111111111111;125984;18579971;0.2999683646780708;3600;0.7907834755895585
Meta_601;152351;0.0;0.0;126192;23491439;0.30005702353983194;3600;0.7246470654533745
Meta_812;136618;214518.3220111111;0.05555555555555555;125623;156514255;0.29119270671903835;3600;0.7766499593432558
Meta_220;183817;214518.3220111111;0.5;183817;205600595;0.4960656068184235;1;0.0
Meta_550;160218;858073.2880444444;0.5;162118;248925187;0.4930106487417246;5;0.0
Meta_728;144485;429036.6440222222;0.38888888888888884;144489;298523457;0.38841294661838355;2;0.0
Meta_539;160218;643554.9660333333;0.4444444444444444;169000;378346208;0.44418352972885666;7;0.0
Meta_315;175951;214518.3220111111;0.2222222222222222;176190;423756644;0.36557727641199866;3600;0.9441850129603163
Meta_428;168084;429036.6440222222;0.38888888888888884;168097;427907171;0.3888806264966034;1809;0.0
Meta_725;144485;429036.6440222222;0.2222222222222222;144846;431365453;0.3434406006191894;3600;1.0
Meta_523;160218;429036.6440222222;0.1111111111111111;160219;503632871;0.33594104015980375;3600;0.9282381839270728
Meta_421;168084;429036.6440222222;0.0;167995;525164267;0.3545835797092086;3600;0.7843085484529575
Meta_221;183817;429036.6440222222;0.0;183902;541658944;0.3591969448329924;3600;0.5391393235036686
Meta_435;168084;643554.9660333333;0.2222222222222222;169765;632402191;0.35155679989109667;3600;1.0
Meta_537;160218;643554.9660333333;0.3333333333333333;160255;656610551;0.3475857210950039;3600;1.0
Meta_249;183817;858073.2880444444;0.4444444444444444;184131;795047459;0.44183546053056655;15;0.0
Meta_52;199551;1072591.6100555556;0.05555555555555555;189654;1071544196;0.33996413197509134;3600;0.5213822777151694
Meta_55;199551;1072591.6100555556;0.2222222222222222;190005;1072296986;0.3349467969016285;3600;0.7538764718734943
Meta_161;191684;1287109.9320666667;0.0;191563;1175512577;0.3363750544104184;3600;0.677335261294167
Meta_277;183817;1501628.2540777777;0.3333333333333333;184031;1231562454;0.3327874077217906;2338;0.0
Meta_366;175951;1287109.9320666667;0.2777777777777778;180070;1284487458;0.31299319649233037;3600;1.0
Meta_175;191684;1501628.2540777777;0.2222222222222222;191659;1375506543;0.3272089546503754;3600;1.0
Meta_274;183817;1501628.2540777777;0.16666666666666666;184089;1385494237;0.32208957974062064;3600;1.0
Meta_483;168084;1716146.5760888888;0.1111111111111111;174167;1584828934;0.3298184846755326;3600;1.0
Meta_410;168084;0.0;0.5;168347;0.0;0.4907265229612282;0;0.0
Meta_510;160218;0.0;0.5;161683;0.0;0.4783403450048403;3;0.0
Meta_630;152351;429036.6440222222;0.5;152411;0.0;0.4415260919738738;4;0.0
Meta_619;152351;214518.3220111111;0.4444444444444444;152411;0.0;0.4415260919738738;6;0.0
Meta_610;152351;0.0;0.5;153172;0.0;0.4781422256526318;8;0.0
Meta_620;152351;214518.3220111111;0.5;152411;0.0;0.4415260919738738;6;0.0
Meta_629;152351;429036.6440222222;0.4444444444444444;152411;0.0;0.4415260919738738;5;0.0
Meta_640;152351;643554.9660333333;0.5;152411;0.0;0.4415260919738738;6;0.0
Meta_660;152351;1072591.6100555556;0.5;152411;0.0;0.4415260919738738;5;0.0
Meta_670;152351;1287109.9320666667;0.5;152411;0.0;0.4415260919738738;5;0.0
Meta_669;152351;1287109.9320666667;0.4444444444444444;152411;0.0;0.4415260919738738;7;0.0
Meta_659;152351;1072591.6100555556;0.4444444444444444;152411;0.0;0.4415260919738738;8;0.0
Meta_690;152351;1716146.5760888888;0.5;152411;0.0;0.4415260919738738;6;0.0
Meta_679;152351;1501628.2540777777;0.4444444444444444;152411;0.0;0.4415260919738738;7;0.0
Meta_710;144485;0.0;0.5;145444;0.0;0.4345719421275329;6;0.0
Meta_689;152351;1716146.5760888888;0.4444444444444444;152411;0.0;0.4415260919738738;6;0.0
Meta_700;152351;1930664.8980999999;0.5;152411;0.0;0.4415260919738738;6;0.0
Meta_699;152351;1930664.8980999999;0.4444444444444444;152411;0.0;0.4415260919738738;0;0.0
Meta_709;144485;0.0;0.4444444444444444;146600;0.0;0.43457194212753725;0;0.0
Meta_749;144485;858073.2880444444;0.4444444444444444;144832;0.0;0.43457194212753286;0;0.0
Meta_759;144485;1072591.6100555556;0.4444444444444444;150375;0.0;0.44152609197387377;0;0.0
Meta_770;144485;1287109.9320666667;0.5;145514;0.0;0.42712971614108236;0;0.0
Meta_808;136618;0.0;0.38888888888888884;137239;0.0;0.3704486912025295;0;0.0
Meta_809;136618;0.0;0.4444444444444444;137239;0.0;0.3704486912025295;0;0.0
Meta_810;136618;0.0;0.5;137239;0.0;0.3704486912025295;0;0.0
Meta_818;136618;214518.3220111111;0.38888888888888884;137239;0.0;0.3704486912025295;0;0.0
Meta_819;136618;214518.3220111111;0.4444444444444444;137239;0.0;0.3704486912025295;0;0.0
Meta_820;136618;214518.3220111111;0.5;137239;0.0;0.3704486912025295;0;0.0
Meta_828;136618;429036.6440222222;0.38888888888888884;137239;0.0;0.3704486912025295;0;0.0
Meta_829;136618;429036.6440222222;0.4444444444444444;137239;0.0;0.3704486912025295;0;0.0
Meta_830;136618;429036.6440222222;0.5;137239;0.0;0.3704486912025295;0;0.0
Meta_838;136618;643554.9660333333;0.38888888888888884;137239;0.0;0.3704486912025295;0;0.0
Meta_839;136618;643554.9660333333;0.4444444444444444;137239;0.0;0.3704486912025295;0;0.0
Meta_840;136618;643554.9660333333;0.5;137239;0.0;0.3704486912025295;0;0.0
Meta_848;136618;858073.2880444444;0.38888888888888884;137239;0.0;0.3704486912025295;0;0.0
Meta_849;136618;858073.2880444444;0.4444444444444444;137239;0.0;0.3704486912025295;0;0.0
Meta_850;136618;858073.2880444444;0.5;137239;0.0;0.3704486912025295;0;0.0
Meta_858;136618;1072591.6100555556;0.38888888888888884;137239;0.0;0.3704486912025295;0;0.0
Meta_859;136618;1072591.6100555556;0.4444444444444444;137239;0.0;0.3704486912025295;0;0.0
Meta_860;136618;1072591.6100555556;0.5;137239;0.0;0.3704486912025295;0;0.0
Meta_868;136618;1287109.9320666667;0.38888888888888884;137239;0.0;0.3704486912025295;0;0.0
Meta_869;136618;1287109.9320666667;0.4444444444444444;137239;0.0;0.3704486912025295;0;0.0
Meta_870;136618;1287109.9320666667;0.5;137239;0.0;0.3704486912025295;0;0.0
Meta_878;136618;1501628.2540777777;0.38888888888888884;137239;0.0;0.3704486912025295;0;0.0
Meta_879;136618;1501628.2540777777;0.4444444444444444;137239;0.0;0.3704486912025295;0;0.0
Meta_880;136618;1501628.2540777777;0.5;137239;0.0;0.3704486912025295;0;0.0
Meta_888;136618;1716146.5760888888;0.38888888888888884;137239;0.0;0.3704486912025295;0;0.0
Meta_889;136618;1716146.5760888888;0.4444444444444444;137239;0.0;0.3704486912025295;0;0.0
Meta_890;136618;1716146.5760888888;0.5;137239;0.0;0.3704486912025295;0;0.0
Meta_898;136618;1930664.8980999999;0.38888888888888884;137239;0.0;0.3704486912025295;0;0.0
Meta_899;136618;1930664.8980999999;0.4444444444444444;137239;0.0;0.3704486912025295;0;0.0
Meta_900;136618;1930664.8980999999;0.5;137239;0.0;0.3704486912025295;0;0.0
Meta_908;128752;0.0;0.38888888888888884;129615;0.0;0.338490528652926;0;0.0
Meta_909;128752;0.0;0.4444444444444444;132303;0.0;0.34583139518928113;0;0.0
Meta_910;128752;0.0;0.5;132303;0.0;0.34583139518928113;0;0.0
Meta_907;128752;0.0;0.3333333333333333;128782;0.0;0.3325044439636381;78;0.0
Meta_918;128752;214518.3220111111;0.38888888888888884;132303;0.0;0.34583139518928113;0;0.0
Meta_919;128752;214518.3220111111;0.4444444444444444;132303;0.0;0.34583139518928113;0;0.0
Meta_920;128752;214518.3220111111;0.5;132303;0.0;0.34583139518928113;0;0.0
Meta_928;128752;429036.6440222222;0.38888888888888884;132303;0.0;0.34583139518928113;0;0.0
Meta_929;128752;429036.6440222222;0.4444444444444444;132303;0.0;0.34583139518928113;0;0.0
Meta_930;128752;429036.6440222222;0.5;132303;0.0;0.34583139518928113;0;0.0
Meta_938;128752;643554.9660333333;0.38888888888888884;132303;0.0;0.34583139518928113;0;0.0
Meta_939;128752;643554.9660333333;0.4444444444444444;132303;0.0;0.34583139518928113;0;0.0
Meta_940;128752;643554.9660333333;0.5;132303;0.0;0.34583139518928113;0;0.0
Meta_948;128752;858073.2880444444;0.38888888888888884;132303;0.0;0.34583139518928113;0;0.0
Meta_949;128752;858073.2880444444;0.4444444444444444;132303;0.0;0.3458313951892818;0;0.0
Meta_950;128752;858073.2880444444;0.5;132303;0.0;0.3458313951892818;0;0.0
Meta_957;128752;1072591.6100555556;0.3333333333333333;131711;0.0;0.33211778369164463;1;0.0
Meta_958;128752;1072591.6100555556;0.38888888888888884;132303;0.0;0.34583139518928113;0;0.0
Meta_959;128752;1072591.6100555556;0.4444444444444444;132303;0.0;0.3458313951892818;0;0.0
Meta_960;128752;1072591.6100555556;0.5;132303;0.0;0.3458313951892818;0;0.0
Meta_968;128752;1287109.9320666667;0.38888888888888884;132303;0.0;0.34583139518928113;0;0.0
Meta_969;128752;1287109.9320666667;0.4444444444444444;132303;0.0;0.34583139518928113;0;0.0
Meta_970;128752;1287109.9320666667;0.5;132303;0.0;0.34583139518928113;0;0.0
Meta_977;128752;1501628.2540777777;0.3333333333333333;131791;0.0;0.33250444396363793;1;0.0
Meta_978;128752;1501628.2540777777;0.38888888888888884;132303;0.0;0.34583139518928113;0;0.0
Meta_979;128752;1501628.2540777777;0.4444444444444444;132303;0.0;0.34583139518928113;0;0.0
Meta_980;128752;1501628.2540777777;0.5;132303;0.0;0.34583139518928113;0;0.0
Meta_997;128752;1930664.8980999999;0.3333333333333333;131791;0.0;0.33250444396363793;1;0.0
Meta_998;128752;1930664.8980999999;0.38888888888888884;132303;0.0;0.34583139518928113;0;0.0
Meta_999;128752;1930664.8980999999;0.4444444444444444;132303;0.0;0.34583139518928113;0;0.0
Meta_1000;128752;1930664.8980999999;0.5;132303;0.0;0.34583139518928113;0;0.0
Meta_609;152351;0.0;0.4444444444444444;153075;0.0;0.44152609197387377;414;0.0
Meta_987;128752;1716146.5760888888;0.3333333333333333;131791;0.0;0.33250444396363793;1;0.0
Meta_988;128752;1716146.5760888888;0.38888888888888884;132303;0.0;0.34583139518928113;0;0.0
Meta_990;128752;1716146.5760888888;0.5;132303;0.0;0.34583139518928113;0;0.0
Meta_989;128752;1716146.5760888888;0.4444444444444444;132303;0.0;0.34583139518928113;0;0.0
Meta_680;152351;1501628.2540777777;0.5;152411;0.0;0.4415260919738738;0;0.0
Meta_901;128752;0.0;0.0;117864;10026.731200000002;0.2641908627643214;3600;0.6686294315287951
Meta_256;183817;1072591.6100555556;0.2777777777777778;184060;1010348.5328000002;0.3348360004685226;3600;1.0
Meta_688;152351;1716146.5760888888;0.38888888888888884;155711;1014522.3444999999;0.3888008691373595;41;0.0
Meta_51;199551;1072591.6100555556;0.0;189501;1025587.3053000002;0.3312243610653585;3600;0.4898358540489635
Meta_488;168084;1716146.5760888888;0.38888888888888884;168348;1026170.9070000001;0.38871423390459636;701;0.0
Meta_568;160218;1287109.9320666667;0.38888888888888884;160411;1026845.6923;0.3875697622318806;36;0.0
Meta_551;160218;1072591.6100555556;0.0;160220;1030594.1802999999;0.3000209962796127;3600;0.9125319612238383
Meta_351;175951;1072591.6100555556;0.0;177717;1032117.7848;0.33209176430554;3600;0.8375116758313633
Meta_687;152351;1716146.5760888888;0.3333333333333333;157877;1033361.6129;0.3333222430367636;2912;0.0
Meta_258;183817;1072591.6100555556;0.38888888888888884;185390;1039313.0578;0.3883903108721407;1364;0.0
Meta_458;168084;1072591.6100555556;0.38888888888888884;171837;1040883.3730000001;0.38569274120389774;513;0.0
Meta_455;168084;1072591.6100555556;0.2222222222222222;168424;1043477.9349000001;0.32243164917664713;3600;1.0
Meta_954;128752;1072591.6100555556;0.16666666666666666;130898;1044554.0128000001;0.27629751802965524;3600;1.0
Meta_357;175951;1072591.6100555556;0.3333333333333333;176661;1047503.5999000003;0.34007153826582326;3600;1.0
Meta_755;144485;1072591.6100555556;0.2222222222222222;144496;1047510.7743000003;0.3017811071988109;3600;1.0
Meta_952;128752;1072591.6100555556;0.05555555555555555;128756;1050406.5096;0.2006681988740868;3600;0.6571837808051745
Meta_767;144485;1287109.9320666667;0.3333333333333333;148332;1051837.2373000002;0.3332268897188977;3169;0.0
Meta_266;183817;1287109.9320666667;0.2777777777777778;185925;1055878.9183999998;0.36848906515681856;3600;1.0
Meta_453;168084;1072591.6100555556;0.1111111111111111;176554;1056198.7936999998;0.31981287465339464;3600;1.0
Meta_53;199551;1072591.6100555556;0.1111111111111111;192228;1056618.2661000001;0.33741639096111964;3600;0.5939730053119552
Meta_252;183817;1072591.6100555556;0.05555555555555555;183967;1057331.5808;0.3327537682929079;3600;0.8047329806117461
Meta_257;183817;1072591.6100555556;0.3333333333333333;184557;1059477.3558999998;0.35827780448870505;3600;1.0
Meta_581;160218;1716146.5760888888;0.0;160570;1059964.8648;0.3083888428028121;3600;0.9174025775807471
Meta_153;191684;1072591.6100555556;0.1111111111111111;189689;1060939.8232;0.3344165442548986;3600;0.7513624369539058
Meta_754;144485;1072591.6100555556;0.16666666666666666;144486;1061107.9545000002;0.2523424682020397;3600;1.0
Meta_955;128752;1072591.6100555556;0.2222222222222222;130817;1062009.3680999998;0.24834572875364844;3600;1.0
Meta_158;191684;1072591.6100555556;0.38888888888888884;195102;1063238.1899999997;0.3888447641911501;31;0.0
Meta_251;183817;1072591.6100555556;0.0;184425;1064581.8727000002;0.33140805134874823;3600;0.8071785333155578
Meta_352;175951;1072591.6100555556;0.05555555555555555;176573;1065738.0920000002;0.33128177522303887;3600;0.9376461877726634
Meta_916;128752;214518.3220111111;0.2777777777777778;127511;106602.63430000002;0.30083592017550503;3600;1.0
Meta_253;183817;1072591.6100555556;0.1111111111111111;184797;1066056.6783;0.3224798713039142;3600;1.0
Meta_255;183817;1072591.6100555556;0.2222222222222222;184272;1066210.4222;0.3389141750808307;3600;1.0
Meta_753;144485;1072591.6100555556;0.1111111111111111;144673;1066688.2449999999;0.2669157183305536;3600;1.0
Meta_59;199551;1072591.6100555556;0.4444444444444444;197988;1066898.95;0.39112439850206565;4;0.0
Meta_651;152351;1072591.6100555556;0.0;152351;1067122.1737000002;0.2785149555685418;3600;0.8104988824722344
Meta_58;199551;1072591.6100555556;0.38888888888888884;197836;1067622.3017;0.388894761254059;3600;0.061277019124500204
Meta_154;191684;1072591.6100555556;0.16666666666666666;191474;1067978.3021;0.3318167458788884;3600;0.9328266429060058
Meta_652;152351;1072591.6100555556;0.05555555555555555;152782;1067978.6127999998;0.2758682594037622;3600;0.9292067494253348
Meta_152;191684;1072591.6100555556;0.05555555555555555;191440;1068988.9921000004;0.3329232657621075;3600;0.655762459921138
Meta_156;191684;1072591.6100555556;0.2777777777777778;191676;1069081.7881000002;0.32656558015808645;3600;1.0
Meta_60;199551;1072591.6100555556;0.5;197988;1069276.7854999998;0.39112439850206643;2;0.0
Meta_856;136618;1072591.6100555556;0.2777777777777778;136643;1069509.7877;0.2777458589023484;177;0.0
Meta_752;144485;1072591.6100555556;0.05555555555555555;144509;1070654.1439000003;0.23209664463021226;3600;0.8967934164268397
Meta_555;160218;1072591.6100555556;0.2222222222222222;165367;1071489.4614999997;0.33557013053282064;3600;1.0
Meta_996;128752;1930664.8980999999;0.2777777777777778;139875;1071564.1354;0.2845704814442751;3600;1.0
Meta_353;175951;1072591.6100555556;0.1111111111111111;179537;1072080.1305;0.3366252023434855;3600;1.0
Meta_454;168084;1072591.6100555556;0.16666666666666666;171048;1072258.0443;0.3237131935268361;3600;1.0
Meta_157;191684;1072591.6100555556;0.3333333333333333;191690;1072327.0228;0.33326366379600547;831;0.0
Meta_354;175951;1072591.6100555556;0.16666666666666666;179836;1072479.7952999999;0.322190322733326;3600;1.0
Meta_56;199551;1072591.6100555556;0.2777777777777778;192568;1072557.7283999997;0.34641477615305066;3600;0.8385606750484266
Meta_756;144485;1072591.6100555556;0.2777777777777778;160860;1072560.7015;0.3505200109678504;3600;1.0
Meta_456;168084;1072591.6100555556;0.2777777777777778;171111;1072561.1135000002;0.31546803780551086;3600;1.0
Meta_155;191684;1072591.6100555556;0.2222222222222222;191373;1072567.2013;0.3310919545713227;3600;1.0
Meta_855;136618;1072591.6100555556;0.2222222222222222;136997;1072570.1874999998;0.28703719085551666;3600;1.0
Meta_656;152351;1072591.6100555556;0.2777777777777778;153109;1072576.0140999998;0.3052486657891995;3600;1.0
Meta_54;199551;1072591.6100555556;0.16666666666666666;192689;1072576.8343999998;0.346245757362062;3600;0.5730158453979435
Meta_57;199551;1072591.6100555556;0.3333333333333333;194067;1072580.5541;0.34496244062074016;3600;0.6826440714176409
Meta_452;168084;1072591.6100555556;0.05555555555555555;169864;1072586.9642;0.31689190761483993;3600;0.9583670020426569
Meta_160;191684;1072591.6100555556;0.5;191685;1072588.8537999997;0.45713709662522756;2;0.0
Meta_554;160218;1072591.6100555556;0.16666666666666666;160753;1072589.0573000002;0.3100339664526772;3600;1.0
Meta_751;144485;1072591.6100555556;0.0;144485;1072592.6299;0.2848161096579488;3600;0.8281941685456328
Meta_654;152351;1072591.6100555556;0.16666666666666666;165498;1072594.8688000003;0.3147020634000757;3600;1.0
Meta_553;160218;1072591.6100555556;0.1111111111111111;162948;1072598.0227;0.29719754900392076;3600;1.0
Meta_851;136618;1072591.6100555556;0.0;136618;1072614.4089999998;0.21714203340555838;3600;0.6012825989311379
Meta_451;168084;1072591.6100555556;0.0;167979;1072629.5778;0.32775605189980234;3600;0.8231852446446886
Meta_552;160218;1072591.6100555556;0.05555555555555555;162206;1072678.8406;0.3216337079582931;3600;0.9136904691362463
Meta_151;191684;1072591.6100555556;0.0;189498;1073820.0442000001;0.33384487159868614;3600;0.7017116021238693
Meta_951;128752;1072591.6100555556;0.0;128990;1075183.1359999997;0.19871663989780383;3600;0.6092687315214781
Meta_953;128752;1072591.6100555556;0.1111111111111111;128752;1075547.3025999996;0.2516242644681559;3600;1.0
Meta_200;191684;1930664.8980999999;0.5;191684;1075715.0764999997;0.45958780863603876;0;0.0
Meta_653;152351;1072591.6100555556;0.1111111111111111;152523;1076233.8205000001;0.27373412909012357;3600;1.0
Meta_310;175951;0.0;0.5;175951;10766.2627;0.49175292952048133;0;0.0
Meta_853;136618;1072591.6100555556;0.1111111111111111;136652;1076653.9171;0.22286475103796533;3600;1.0
Meta_655;152351;1072591.6100555556;0.2222222222222222;151405;1076743.5195999998;0.28761847341677355;3600;1.0
Meta_854;136618;1072591.6100555556;0.16666666666666666;137198;1081074.9002000005;0.25800776166522804;3600;1.0
Meta_777;144485;1501628.2540777777;0.3333333333333333;144539;1086330.1939;0.3317882507611923;892;0.0
Meta_267;183817;1287109.9320666667;0.3333333333333333;183859;1094781.2597;0.33918599843328123;3600;1.0
Meta_799;144485;1930664.8980999999;0.4444444444444444;144485;109868.06999999999;0.41005809621902267;0;0.0
Meta_761;144485;1287109.9320666667;0.0;144544;1100838.9144;0.2949818474238499;3600;0.919642752642287
Meta_163;191684;1287109.9320666667;0.1111111111111111;191749;1103275.8986000002;0.3288446479017082;3600;0.9594838182202493
Meta_168;191684;1287109.9320666667;0.38888888888888884;191694;1113525.6365;0.38865777776665306;39;0.0
Meta_701;144485;0.0;0.0;118998;11182.099300000002;0.27246675813529714;3600;0.696049282230814
Meta_862;136618;1287109.9320666667;0.05555555555555555;137622;1120610.9594999999;0.21748307153726368;3600;0.7101495996073339
Meta_65;199551;1287109.9320666667;0.2222222222222222;191682;1120725.6837000002;0.33655870553805783;3600;0.7683108125669483
Meta_265;183817;1287109.9320666667;0.2222222222222222;184408;1132118.4219999998;0.3249279422681813;3600;1.0
Meta_284;183817;1716146.5760888888;0.16666666666666666;183838;1134514.3298000002;0.3278958117424973;3600;1.0
Meta_573;160218;1501628.2540777777;0.1111111111111111;160219;1147694.1767000002;0.29011612018131616;3600;1.0
Meta_986;128752;1716146.5760888888;0.2777777777777778;128170;115220.1825;0.3034606696970508;3600;1.0
Meta_583;160218;1716146.5760888888;0.1111111111111111;160405;1153259.9128000003;0.2789351521663741;3600;1.0
Meta_165;191684;1287109.9320666667;0.2222222222222222;191684;1155202.2792;0.3310564020465683;3600;1.0
Meta_967;128752;1287109.9320666667;0.3333333333333333;128753;115556.61339999999;0.3332912513203262;69;0.0
Meta_261;183817;1287109.9320666667;0.0;185063;1156312.8802000002;0.3244207734638307;3600;0.9134139975596163
Meta_500;168084;1930664.8980999999;0.5;169240;115914.46230000001;0.4980333056431901;4;0.0
Meta_678;152351;1501628.2540777777;0.38888888888888884;164322;1160831.5269999995;0.3887919629758702;59;0.0
Meta_762;144485;1287109.9320666667;0.05555555555555555;144493;1164317.8807;0.25939107526850724;3600;0.9077674851429558
Meta_368;175951;1287109.9320666667;0.38888888888888884;196029;1164709.9050999999;0.38209379474808086;11;0.0
Meta_467;168084;1287109.9320666667;0.3333333333333333;169395;1165177.5040999998;0.33318088325751916;3553;0.0
Meta_264;183817;1287109.9320666667;0.16666666666666666;183946;1168114.0653000001;0.3147517731319761;3600;1.0
Meta_706;144485;0.0;0.2777777777777778;121870;11749.644400000001;0.2830097560540808;3600;1.0
Meta_866;136618;1287109.9320666667;0.2777777777777778;138056;1176629.1131999998;0.27449322366055373;973;0.0
Meta_976;128752;1501628.2540777777;0.2777777777777778;121391;11774.9707;0.28356455739744396;3600;1.0
Meta_798;144485;1930664.8980999999;0.38888888888888884;180111;1179876.2242;0.38625072382343495;369;0.0
Meta_773;144485;1501628.2540777777;0.1111111111111111;141347;1183616.8423;0.2622644137281468;3600;1.0
Meta_764;144485;1287109.9320666667;0.16666666666666666;144544;1186416.5410000002;0.2574364225935373;3600;1.0
Meta_363;175951;1287109.9320666667;0.1111111111111111;176951;1191074.9404000004;0.3208998352512346;3600;1.0
Meta_786;144485;1716146.5760888888;0.2777777777777778;144493;1191658.0356;0.276223277972981;3361;0.0
Meta_394;175951;1930664.8980999999;0.16666666666666666;175688;1192591.0718;0.30538404119167445;3600;1.0
Meta_763;144485;1287109.9320666667;0.1111111111111111;144162;1194639.8369;0.25841500324712124;3600;1.0
Meta_563;160218;1287109.9320666667;0.1111111111111111;160219;1199836.7732000002;0.2900022713805034;3600;1.0
Meta_865;136618;1287109.9320666667;0.2222222222222222;136619;1205761.1323;0.22222239157333096;1031;0.0
Meta_167;191684;1287109.9320666667;0.3333333333333333;191784;1206652.6146999998;0.34878230940124844;3600;1.0
Meta_199;191684;1930664.8980999999;0.4444444444444444;191685;1207215.1491999999;0.4443007404197676;5;0.0
Meta_367;175951;1287109.9320666667;0.3333333333333333;176203;1209358.1886999998;0.33848290186363206;3600;1.0
Meta_801;136618;0.0;0.0;118265;12098.0235;0.2644782260120293;3600;0.7096000713756894
Meta_667;152351;1287109.9320666667;0.3333333333333333;154050;1221081.6972999999;0.3332526800801576;37;0.0
Meta_872;136618;1501628.2540777777;0.05555555555555555;136723;1224757.8005000004;0.2173425079938679;3600;0.6855313807736652
Meta_924;128752;429036.6440222222;0.16666666666666666;127250;122767.92750000002;0.32149169324895904;3600;1.0
Meta_966;128752;1287109.9320666667;0.2777777777777778;128755;1228209.9203999997;0.27777413398651446;1599;0.0
Meta_169;191684;1287109.9320666667;0.4444444444444444;191686;1230654.1310999999;0.4442411976611547;2;0.0
Meta_963;128752;1287109.9320666667;0.1111111111111111;127653;1231706.2672;0.194180529151066;3600;1.0
Meta_189;191684;1716146.5760888888;0.4444444444444444;191783;1238481.5013000001;0.44151595628222934;2;0.0
Meta_70;199551;1287109.9320666667;0.5;198936;1242384.2371999999;0.3804940883344648;3;0.0
Meta_561;160218;1287109.9320666667;0.0;161430;1243930.8108;0.2810100712676445;3600;0.9042119483593067
Meta_263;183817;1287109.9320666667;0.1111111111111111;183841;1244877.4817000004;0.3174813808782074;3600;1.0
Meta_378;175951;1501628.2540777777;0.38888888888888884;176307;1250104.6027000002;0.38859287863887565;92;0.0
Meta_466;168084;1287109.9320666667;0.2777777777777778;168089;1250879.3644999997;0.3229124294719025;3600;1.0
Meta_69;199551;1287109.9320666667;0.4444444444444444;198936;1251148.65;0.3807772808712549;2;0.0
Meta_475;168084;1501628.2540777777;0.2222222222222222;175074;1251528.8913999996;0.3514215602053593;3600;1.0
Meta_964;128752;1287109.9320666667;0.16666666666666666;128676;1257580.2277000002;0.22683390133190176;3600;1.0
Meta_365;175951;1287109.9320666667;0.2222222222222222;179594;1258740.5516999995;0.31479416512723746;3600;1.0
Meta_369;175951;1287109.9320666667;0.4444444444444444;176812;1261182.7472;0.44333771812797845;19;0.0
Meta_68;199551;1287109.9320666667;0.38888888888888884;198936;1261396.6835999999;0.38076599233116737;3;0.0
Meta_66;199551;1287109.9320666667;0.2777777777777778;196620;1264461.4641000002;0.3476464277575037;3600;0.8968138188692811
Meta_864;136618;1287109.9320666667;0.16666666666666666;136765;1265305.8279;0.2586437426230783;3600;1.0
Meta_937;128752;643554.9660333333;0.3333333333333333;129629;126565.05820000001;0.3333121359643771;1602;0.0
Meta_564;160218;1287109.9320666667;0.16666666666666666;160448;1270931.3085999999;0.280572885911907;3600;1.0
Meta_465;168084;1287109.9320666667;0.2222222222222222;167840;1272492.3912;0.35050376672252054;3600;1.0
Meta_162;191684;1287109.9320666667;0.05555555555555555;191401;1273394.2012000002;0.3347960987942399;3600;0.7204089890603956
Meta_664;152351;1287109.9320666667;0.16666666666666666;152363;1274096.7362000004;0.27092176483190034;3600;1.0
Meta_766;144485;1287109.9320666667;0.2777777777777778;147936;1274842.1298000002;0.28157228001611584;3600;1.0
Meta_863;136618;1287109.9320666667;0.1111111111111111;137032;1276866.0167999996;0.2536917206376926;3600;1.0
Meta_268;183817;1287109.9320666667;0.38888888888888884;183820;1277160.9658000001;0.3888785506663086;48;0.0
Meta_61;199551;1287109.9320666667;0.0;191931;1279260.7883;0.33943555741700665;3600;0.5153811759089062
Meta_578;160218;1501628.2540777777;0.38888888888888884;160497;1279290.8389;0.3888806316116974;62;0.0
Meta_64;199551;1287109.9320666667;0.16666666666666666;193174;1279319.9184999997;0.3350887502841226;3600;0.6996456068554813
Meta_594;160218;1930664.8980999999;0.16666666666666666;162514;1281526.8120000002;0.32987746944870583;3600;1.0
Meta_164;191684;1287109.9320666667;0.16666666666666666;191753;1281593.3085999999;0.3314971526606527;3600;0.9362847803104944
Meta_262;183817;1287109.9320666667;0.05555555555555555;184061;1281803.8067000005;0.32782818753334847;3600;0.7242009651122885
Meta_566;160218;1287109.9320666667;0.2777777777777778;160963;1281951.1036999996;0.3057066663556474;3600;1.0
Meta_178;191684;1501628.2540777777;0.38888888888888884;192676;1282573.5994999998;0.38689297840566744;67;0.0
Meta_565;160218;1287109.9320666667;0.2222222222222222;160253;1283714.3529;0.2788493155325267;3600;1.0
Meta_462;168084;1287109.9320666667;0.05555555555555555;170870;1284048.4167;0.32416949668469935;3600;0.9537537109381394
Meta_67;199551;1287109.9320666667;0.3333333333333333;195554;1284216.4621000001;0.33814962545146016;3600;0.8157566814025968
Meta_464;168084;1287109.9320666667;0.16666666666666666;173262;1284503.1747;0.30747848912473863;3600;1.0
Meta_468;168084;1287109.9320666667;0.38888888888888884;172221;1284865.9583999997;0.383925887055908;22;0.0
Meta_166;191684;1287109.9320666667;0.2777777777777778;191708;1285320.4478;0.3399150604862448;3600;1.0
Meta_463;168084;1287109.9320666667;0.1111111111111111;168217;1285805.8094;0.3208557785400163;3600;1.0
Meta_961;128752;1287109.9320666667;0.0;130773;1286416.5137999998;0.1963276468590737;3600;0.5907236632011466
Meta_567;160218;1287109.9320666667;0.3333333333333333;160288;1286949.9514999997;0.3333331287757258;356;0.0
Meta_295;183817;1930664.8980999999;0.2222222222222222;184872;1287010.2310000001;0.3319542911409871;3600;1.0
Meta_364;175951;1287109.9320666667;0.16666666666666666;176030;1287017.5880999998;0.3296507499053914;3600;1.0
Meta_461;168084;1287109.9320666667;0.0;168084;1287077.1590000002;0.3005320679057476;3600;0.7731489672528618
Meta_562;160218;1287109.9320666667;0.05555555555555555;160218;1287096.3446999998;0.2836014779547188;3600;0.9411978468079119
Meta_361;175951;1287109.9320666667;0.0;175951;1287097.1922;0.3179600445652905;3600;0.8300835758980698
Meta_397;175951;1930664.8980999999;0.3333333333333333;176657;1287097.9338;0.33333339640637244;1044;0.0
Meta_965;128752;1287109.9320666667;0.2222222222222222;128752;1287102.8769;0.22205642457194624;3435;0.0
Meta_662;152351;1287109.9320666667;0.05555555555555555;152209;1287104.7415;0.2791172606786262;3600;0.943117349851182
Meta_962;128752;1287109.9320666667;0.05555555555555555;129497;1287117.7399999998;0.1978077781078802;3600;0.8787703974385551
Meta_661;152351;1287109.9320666667;0.0;152606;1287349.5265;0.2937640007835254;3600;0.8226069755258303
Meta_62;199551;1287109.9320666667;0.05555555555555555;192682;1288057.6908999998;0.34035405838028754;3600;0.5294315636829047
Meta_63;199551;1287109.9320666667;0.1111111111111111;192915;1288626.0161999997;0.34606067916374683;3600;0.6198972638283791
Meta_765;144485;1287109.9320666667;0.2222222222222222;144634;1288802.4454000003;0.2710510503863141;3600;1.0
Meta_911;128752;214518.3220111111;0.0;120556;128893.7115;0.26919280250484634;3600;0.7005123249388131
Meta_278;183817;1501628.2540777777;0.38888888888888884;184373;1290193.6289000001;0.38833742859881437;257;0.0
Meta_362;175951;1287109.9320666667;0.05555555555555555;177578;1291169.6099000005;0.3203064345477359;3600;0.8482269938202376
Meta_861;136618;1287109.9320666667;0.0;136738;1291773.2682;0.2219895164199294;3600;0.753932964407759
Meta_886;136618;1716146.5760888888;0.2777777777777778;136975;1291839.6360000002;0.2701983840018445;838;0.0
Meta_671;152351;1501628.2540777777;0.0;152351;1293186.2376;0.2788427586756588;3600;0.8611045148413569
Meta_290;183817;1716146.5760888888;0.5;183817;1295016.0648;0.4848708504231054;0;0.0
Meta_666;152351;1287109.9320666667;0.2777777777777778;153778;1302548.67;0.30801360413432977;3600;1.0
Meta_663;152351;1287109.9320666667;0.1111111111111111;152351;1304335.0492999998;0.2587518291954242;3600;1.0
Meta_592;160218;1930664.8980999999;0.05555555555555555;160234;1304427.0991999996;0.28425510354022027;3600;0.9260211345169133
Meta_718;144485;214518.3220111111;0.38888888888888884;144486;130527.3081;0.38847897557131045;150;0.0
Meta_486;168084;1716146.5760888888;0.2777777777777778;174669;1310571.3993999998;0.32608026334424106;3600;1.0
Meta_388;175951;1716146.5760888888;0.38888888888888884;176397;1310758.8074;0.3815331527863215;452;0.0
Meta_393;175951;1930664.8980999999;0.1111111111111111;177499;1313870.7013999994;0.3092002992431892;3600;1.0
Meta_738;144485;643554.9660333333;0.38888888888888884;145487;131473.7104;0.38888595219188943;102;0.0
Meta_575;160218;1501628.2540777777;0.2222222222222222;160326;1315894.2119;0.2954651575516062;3600;1.0
Meta_588;160218;1716146.5760888888;0.38888888888888884;163996;1317880.7747;0.38879401990873547;91;0.0
Meta_376;175951;1501628.2540777777;0.2777777777777778;175959;1322116.4377000004;0.32497140494861676;3600;1.0
Meta_377;175951;1501628.2540777777;0.3333333333333333;176830;1327200.2181;0.32846706996443426;1747;0.0
Meta_599;160218;1930664.8980999999;0.4444444444444444;160218;1328558.2931000004;0.4430647509570215;15;0.0
Meta_398;175951;1930664.8980999999;0.38888888888888884;176208;1334421.2875;0.3876609541343919;68;0.0
Meta_686;152351;1716146.5760888888;0.2777777777777778;152351;1340557.3375999997;0.2936853143240296;3600;1.0
Meta_675;152351;1501628.2540777777;0.2222222222222222;152421;1341323.0178999999;0.26657428054407106;3600;1.0
Meta_472;168084;1501628.2540777777;0.05555555555555555;168445;1350627.9561999994;0.3035161523154337;3600;0.8612885378355302
Meta_677;152351;1501628.2540777777;0.3333333333333333;152955;1352161.0672000002;0.3530331520483652;3600;1.0
Meta_736;144485;643554.9660333333;0.2777777777777778;121340;13629.32;0.2832966443080284;3600;1.0
Meta_877;136618;1501628.2540777777;0.3333333333333333;136618;1364203.7537999998;0.3280244346490438;799;0.0
Meta_571;160218;1501628.2540777777;0.0;160391;1364794.8246;0.29365393300963394;3600;0.9105569080949563
Meta_298;183817;1930664.8980999999;0.38888888888888884;184721;1365644.3613999998;0.3755232238713573;12;0.0
Meta_77;199551;1501628.2540777777;0.3333333333333333;194939;1370104.4832999997;0.334920524512741;3600;0.7966654241802831
Meta_71;199551;1501628.2540777777;0.0;194257;1380188.6739;0.33907391757909583;3600;0.505852052142094
Meta_288;183817;1716146.5760888888;0.38888888888888884;183820;1383028.0167;0.3785272668958029;21;0.0
Meta_974;128752;1501628.2540777777;0.16666666666666666;128884;1386031.8523999995;0.21815471289426486;3600;1.0
Meta_283;183817;1716146.5760888888;0.1111111111111111;183815;1387109.5955;0.3177380637282547;3600;1.0
Meta_985;128752;1716146.5760888888;0.2222222222222222;134611;1389668.5699999998;0.2153257038630354;959;0.0
Meta_173;191684;1501628.2540777777;0.1111111111111111;192121;1394769.7549000003;0.33339660408993127;3600;0.9090881534656746
Meta_174;191684;1501628.2540777777;0.16666666666666666;191728;1402035.1962000001;0.33036928911475777;3600;1.0
Meta_275;183817;1501628.2540777777;0.2222222222222222;184008;1408649.6022;0.3143305372045774;3600;1.0
Meta_76;199551;1501628.2540777777;0.2777777777777778;194722;1409751.5759999994;0.33747321733804353;3600;0.8899067182871118
Meta_74;199551;1501628.2540777777;0.16666666666666666;196546;1410095.4244000001;0.3514594976887904;3600;0.7493885717891321
Meta_272;183817;1501628.2540777777;0.05555555555555555;184480;1414988.3590999995;0.32725518441443613;3600;0.7894443148016529
Meta_676;152351;1501628.2540777777;0.2777777777777778;152351;1422385.3574;0.2785052918278787;3600;1.0
Meta_473;168084;1501628.2540777777;0.1111111111111111;172080;1426239.6604000004;0.31723430153141396;3600;1.0
Meta_477;168084;1501628.2540777777;0.3333333333333333;168613;1442001.2744;0.37374005330782817;3600;1.0
Meta_484;168084;1716146.5760888888;0.16666666666666666;168129;1442004.1382000002;0.32789867414919716;3600;1.0
Meta_293;183817;1930664.8980999999;0.1111111111111111;183958;1443941.4355;0.32443086397563314;3600;1.0
Meta_577;160218;1501628.2540777777;0.3333333333333333;160715;1445050.8810999999;0.33333395979544955;1903;0.0
Meta_372;175951;1501628.2540777777;0.05555555555555555;176582;1446287.2227000003;0.32498535377941606;3600;0.9301870503503762
Meta_286;183817;1716146.5760888888;0.2777777777777778;183919;1446314.5692000003;0.3237638470896942;3600;1.0
Meta_198;191684;1930664.8980999999;0.38888888888888884;191932;1448253.5531999997;0.3796604636414147;6;0.0
Meta_276;183817;1501628.2540777777;0.2777777777777778;184034;1448728.0638000008;0.31799247171550343;3600;1.0
Meta_177;191684;1501628.2540777777;0.3333333333333333;191845;1449594.5417999998;0.3379861921156401;3600;1.0
Meta_674;152351;1501628.2540777777;0.16666666666666666;152351;1450230.2269000001;0.25407741761410796;3600;1.0
Meta_72;199551;1501628.2540777777;0.05555555555555555;194992;1454752.7258999997;0.35646838558949634;3600;0.5913927421167663
Meta_972;128752;1501628.2540777777;0.05555555555555555;129660;1457529.2162000004;0.2442468650382201;3600;0.9255577401742803
Meta_73;199551;1501628.2540777777;0.1111111111111111;193257;1460875.8588999996;0.3370066465384302;3600;0.5646357654868522
Meta_209;183817;0.0;0.4444444444444444;180900;146241.8736;0.4444431246538627;3600;0.13206980323703352
Meta_171;191684;1501628.2540777777;0.0;189529;1467695.6461;0.32341463858645525;3600;0.5657064137511546
Meta_775;144485;1501628.2540777777;0.2222222222222222;144557;1471072.0622999996;0.2343710374406215;3600;1.0
Meta_9;199551;0.0;0.4444444444444444;181048;147249.4186;0.4444445383573709;3600;0.027515625106642332
Meta_172;191684;1501628.2540777777;0.05555555555555555;192248;1481254.2849999997;0.3398274733735915;3600;0.7043900993987064
Meta_788;144485;1716146.5760888888;0.38888888888888884;144485;148268.00519999999;0.38635957990277553;3;0.0
Meta_771;144485;1501628.2540777777;0.0;145060;1482897.1372999996;0.23593164016342788;3600;0.8617718529994968
Meta_874;136618;1501628.2540777777;0.16666666666666666;134296;1483660.77;0.2171336215407183;3600;1.0
Meta_574;160218;1501628.2540777777;0.16666666666666666;160332;1484296.8943;0.2944114136504469;3600;1.0
Meta_75;199551;1501628.2540777777;0.2222222222222222;194963;1485911.6458999994;0.335542136468702;3600;0.7791454756238214
Meta_875;136618;1501628.2540777777;0.2222222222222222;141405;1487118.2175;0.21564398994718165;3069;0.0
Meta_109;191684;0.0;0.4444444444444444;181034;148774.09370000003;0.4444413625089752;3600;0.05281959971121054
Meta_576;160218;1501628.2540777777;0.2777777777777778;175558;1488512.6167;0.33173842739188364;3600;1.0
Meta_776;144485;1501628.2540777777;0.2777777777777778;148097;1489732.9825000002;0.2777776066034338;1249;0.0
Meta_772;144485;1501628.2540777777;0.05555555555555555;144531;1491333.5811999997;0.23896405478128285;3600;0.8905687039316924
Meta_673;152351;1501628.2540777777;0.1111111111111111;155089;1491494.6941000004;0.27541743408444064;3600;1.0
Meta_80;199551;1501628.2540777777;0.5;199551;1492375.8508;0.3808769844483925;5;0.0
Meta_476;168084;1501628.2540777777;0.2777777777777778;168847;1493133.1252999995;0.28891392510107805;3600;1.0
Meta_182;191684;1716146.5760888888;0.05555555555555555;191650;1494944.1242999998;0.32824418568020636;3600;0.6259256966207163
Meta_287;183817;1716146.5760888888;0.3333333333333333;184999;1496613.3655;0.3382507292103633;3600;1.0
Meta_975;128752;1501628.2540777777;0.2222222222222222;129645;1496774.4192000004;0.21564167058450834;1178;0.0
Meta_478;168084;1501628.2540777777;0.38888888888888884;168515;1499100.2250000003;0.38590931363520664;49;0.0
Meta_971;128752;1501628.2540777777;0.0;128722;1499425.6998;0.19051726510112843;3600;0.5051109143041493
Meta_826;136618;429036.6440222222;0.2777777777777778;137052;150.2425;0.358545324446405;3600;1.0
Meta_474;168084;1501628.2540777777;0.16666666666666666;168571;1500055.9786999999;0.3108991260563526;3600;1.0
Meta_375;175951;1501628.2540777777;0.2222222222222222;180081;1501037.7089;0.31498030289173157;3600;1.0
Meta_78;199551;1501628.2540777777;0.38888888888888884;199551;1501227.2337999996;0.3808769844483925;3;0.0
Meta_371;175951;1501628.2540777777;0.0;177221;1501384.8313999993;0.3239321754066678;3600;0.8381165506408927
Meta_572;160218;1501628.2540777777;0.05555555555555555;173986;1501598.3928999999;0.3065556722877825;3600;0.9392778519638776
Meta_176;191684;1501628.2540777777;0.2777777777777778;191690;1501613.5134000003;0.3296083659883928;3600;1.0
Meta_876;136618;1501628.2540777777;0.2777777777777778;137189;1501613.9827;0.30590425761482437;3600;1.0
Meta_79;199551;1501628.2540777777;0.4444444444444444;199551;1501615.2363999998;0.3808769844483929;3;0.0
Meta_774;144485;1501628.2540777777;0.16666666666666666;144485;1501618.3891;0.2394028357532595;3600;1.0
Meta_273;183817;1501628.2540777777;0.1111111111111111;183824;1501622.9970000002;0.3144725409418156;3600;1.0
Meta_271;183817;1501628.2540777777;0.0;183887;1501624.1695;0.32641736139133404;3600;0.7314992272899018
Meta_374;175951;1501628.2540777777;0.16666666666666666;177213;1501626.3957999996;0.32927541131022714;3600;1.0
Meta_871;136618;1501628.2540777777;0.0;136618;1501627.7637;0.24416461169522913;3600;0.7774173602962184
Meta_471;168084;1501628.2540777777;0.0;169402;1501628.0389999994;0.31191894435180956;3600;0.8401675577705442
Meta_373;175951;1501628.2540777777;0.1111111111111111;176216;1502069.2133000002;0.3193358730349334;3600;1.0
Meta_672;152351;1501628.2540777777;0.05555555555555555;154018;1502756.7665000004;0.29423244463588544;3600;0.9057196753525804
Meta_387;175951;1716146.5760888888;0.3333333333333333;176404;1503409.3611999997;0.34239199731083597;3600;1.0
Meta_973;128752;1501628.2540777777;0.1111111111111111;128752;1503414.5587999998;0.19587220456303056;3600;0.8765773007533614
Meta_83;199551;1716146.5760888888;0.1111111111111111;192092;1504878.8487000002;0.33979419000011807;3600;0.604442812241148
Meta_981;128752;1716146.5760888888;0.0;128739;1506595.8013;0.19349414530082923;3600;0.5253186670642559
Meta_891;136618;1930664.8980999999;0.0;134199;1506962.9658;0.18876106512646323;3600;0.7165089469197676
Meta_382;175951;1716146.5760888888;0.05555555555555555;178219;1512012.0422;0.31133401628615476;3600;0.9388460037105036
Meta_873;136618;1501628.2540777777;0.1111111111111111;136638;1512232.6641999998;0.21707476341599888;3600;1.0
Meta_696;152351;1930664.8980999999;0.2777777777777778;152383;1514546.3647000003;0.3059029466129962;3600;1.0
Meta_730;144485;429036.6440222222;0.5;144485;151875.51260000002;0.41152287162693996;0;0.0
Meta_817;136618;214518.3220111111;0.3333333333333333;134583;152135.12780000002;0.33387439981284606;3600;1.0
Meta_793;144485;1930664.8980999999;0.1111111111111111;146968;1531913.7898999997;0.23022275240153542;3600;1.0
Meta_915;128752;214518.3220111111;0.2222222222222222;124868;153272.88090000002;0.2845009948427417;3600;1.0
Meta_791;144485;1930664.8980999999;0.0;145510;1532897.1491;0.2296758068865335;3600;0.8565964023699968
Meta_396;175951;1930664.8980999999;0.2777777777777778;176407;1534255.3908999998;0.30492047854513515;3600;1.0
Meta_294;183817;1930664.8980999999;0.16666666666666666;185687;1535760.2088999995;0.323968405449077;3600;1.0
Meta_497;168084;1930664.8980999999;0.3333333333333333;168088;1540231.1578000004;0.3333328486277049;2111;0.0
Meta_922;128752;429036.6440222222;0.05555555555555555;111336;15415.2131;0.23015559603926755;3600;0.8931211585583796
Meta_784;144485;1716146.5760888888;0.16666666666666666;144731;1545025.4878999996;0.23255008641670274;3600;1.0
Meta_90;199551;1716146.5760888888;0.5;199551;1546449.7423999996;0.38087698444839196;6;0.0
Meta_88;199551;1716146.5760888888;0.38888888888888884;199551;1550482.4148999997;0.3808769844483925;10;0.0
Meta_86;199551;1716146.5760888888;0.2777777777777778;194346;1557637.8845999998;0.3335604026644938;3600;0.9155216581773495
Meta_188;191684;1716146.5760888888;0.38888888888888884;193423;1558278.7393999998;0.38011276448116654;27;0.0
Meta_91;199551;1930664.8980999999;0.0;192341;1558592.5936000003;0.3362042547158472;3600;0.5368222806715636
Meta_584;160218;1716146.5760888888;0.16666666666666666;160218;1559045.2417000001;0.26495451150419674;3600;1.0
Meta_385;175951;1716146.5760888888;0.2222222222222222;176913;1562467.9044000003;0.32753513731261746;3600;1.0
Meta_87;199551;1716146.5760888888;0.3333333333333333;195775;1563792.7329999995;0.33701501452518634;3600;0.8756887002036654
Meta_917;128752;214518.3220111111;0.3333333333333333;132669;15663.2424;0.333268671295403;6;0.0
Meta_681;152351;1716146.5760888888;0.0;152443;1572189.0430999994;0.280661246608264;3600;0.8199672498494898
Meta_85;199551;1716146.5760888888;0.2222222222222222;194051;1576168.0560999997;0.3355490489448731;3600;0.7934548835905636
Meta_787;144485;1716146.5760888888;0.3333333333333333;146028;1576873.0126000002;0.33289658044179715;37;0.0
Meta_695;152351;1930664.8980999999;0.2222222222222222;152352;1580155.0944;0.28687566048465224;3600;1.0
Meta_881;136618;1716146.5760888888;0.0;137377;1580589.8806999996;0.21942503307605526;3600;0.7617584593997964
Meta_682;152351;1716146.5760888888;0.05555555555555555;173643;1580766.5425000002;0.3066353937739273;3600;0.948419456033957
Meta_913;128752;214518.3220111111;0.1111111111111111;124568;158278.2581;0.2851943461210796;3600;0.8445946241772023
Meta_460;168084;1072591.6100555556;0.5;168577;158483.9349;0.4949606224169211;0;0.0
Meta_806;136618;0.0;0.2777777777777778;126418;15864.5371;0.30273020877224416;3600;1.0
Meta_794;144485;1930664.8980999999;0.16666666666666666;144618;1587088.2177000002;0.24837378685787645;3600;1.0
Meta_391;175951;1930664.8980999999;0.0;176633;1588383.2535000003;0.31666120015811267;3600;0.8588036906930834
Meta_187;191684;1716146.5760888888;0.3333333333333333;191783;1589309.1187;0.33329704765222234;1058;0.0
Meta_683;152351;1716146.5760888888;0.1111111111111111;152589;1597003.7976000002;0.2522258528091159;3600;1.0
Meta_93;199551;1930664.8980999999;0.1111111111111111;194130;1603262.3608000004;0.3328643652269145;3600;0.5743419716327872
Meta_984;128752;1716146.5760888888;0.16666666666666666;132699;1605685.6342999998;0.18707766956429678;3600;1.0
Meta_184;191684;1716146.5760888888;0.16666666666666666;191684;1606681.1156999997;0.3252086324121372;3600;1.0
Meta_89;199551;1716146.5760888888;0.4444444444444444;199551;1606871.2645;0.3808769844483925;8;0.0
Meta_485;168084;1716146.5760888888;0.2222222222222222;168140;1607597.1604999995;0.28316478136459233;3600;1.0
Meta_685;152351;1716146.5760888888;0.2222222222222222;153702;1612017.2356999998;0.27664588305819;3600;1.0
Meta_96;199551;1930664.8980999999;0.2777777777777778;195144;1617902.3279000001;0.33735446242199063;3600;0.9103798685990505
Meta_492;168084;1930664.8980999999;0.05555555555555555;168081;1632264.8633;0.29780654927673306;3600;0.9385090534176571
Meta_84;199551;1716146.5760888888;0.16666666666666666;191110;1638032.6547000005;0.324147105562461;3600;0.6915243568500873
Meta_692;152351;1930664.8980999999;0.05555555555555555;152379;1643367.4043999997;0.2569598462693248;3600;0.8283087537639172
Meta_495;168084;1930664.8980999999;0.2222222222222222;169333;1645679.0794999998;0.30360196906169384;3600;1.0
Meta_697;152351;1930664.8980999999;0.3333333333333333;152380;1647292.5391000002;0.3333296202528847;797;0.0
Meta_781;144485;1716146.5760888888;0.0;144579;1648367.0203;0.23957570849319354;3600;0.8660536848345317
Meta_587;160218;1716146.5760888888;0.3333333333333333;160296;1648959.1109999998;0.333236789405483;683;0.0
Meta_82;199551;1716146.5760888888;0.05555555555555555;195117;1649249.0652999997;0.34116761997504336;3600;0.4782409862307973
Meta_614;152351;214518.3220111111;0.16666666666666666;129054;165015.6223;0.30308490446005865;3600;1.0
Meta_885;136618;1716146.5760888888;0.2222222222222222;136618;1651823.6757999999;0.21331699383494482;1222;0.0
Meta_386;175951;1716146.5760888888;0.2777777777777778;181190;1652906.4244000001;0.3129145586016708;3600;1.0
Meta_185;191684;1716146.5760888888;0.2222222222222222;191909;1653528.9886000005;0.3280111104451444;3600;1.0
Meta_598;160218;1930664.8980999999;0.38888888888888884;160218;1656550.9537999996;0.3806930605809478;48;0.0
Meta_181;191684;1716146.5760888888;0.0;191016;1663611.5213000006;0.32799595012619803;3600;0.6720730363753241
Meta_183;191684;1716146.5760888888;0.1111111111111111;188651;1663784.8145000003;0.32151675892165277;3600;0.7358949382473277
Meta_883;136618;1716146.5760888888;0.1111111111111111;137350;1666059.0954999998;0.21278629302914912;3600;0.9177126226735215
Meta_285;183817;1716146.5760888888;0.2222222222222222;184226;1668275.0010999995;0.3402204033577652;3600;1.0
Meta_585;160218;1716146.5760888888;0.2222222222222222;159956;1671423.4181999997;0.2804404570485932;3600;1.0
Meta_381;175951;1716146.5760888888;0.0;175951;1672193.8042000001;0.3118051816414795;3600;0.8343281177281842
Meta_81;199551;1716146.5760888888;0.0;191200;1672683.6535;0.3237892407099977;3600;0.46667962176109096
Meta_882;136618;1716146.5760888888;0.05555555555555555;136598;1674014.1352999997;0.18908567489869113;3600;0.6014329276137167
Meta_739;144485;643554.9660333333;0.4444444444444444;144579;167703.8474;0.41917341813683473;1;0.0
Meta_482;168084;1716146.5760888888;0.05555555555555555;168194;1679018.4326000002;0.2998532851935642;3600;0.9500558114740384
Meta_481;168084;1716146.5760888888;0.0;168569;1680249.2506;0.2994026071485862;3600;0.8131891757224837
Meta_498;168084;1930664.8980999999;0.38888888888888884;170474;1682904.4299;0.3888590489184188;121;0.0
Meta_783;144485;1716146.5760888888;0.1111111111111111;144620;1688449.1723;0.23692190722169218;3600;1.0
Meta_493;168084;1930664.8980999999;0.1111111111111111;165690;1689097.2362;0.2802875618376126;3600;1.0
Meta_282;183817;1716146.5760888888;0.05555555555555555;183817;1689694.9061999996;0.32340675204288377;3600;0.8273305012677796
Meta_292;183817;1930664.8980999999;0.05555555555555555;183892;1695069.8882;0.31929645501123066;3600;0.8697518054368991
Meta_591;160218;1930664.8980999999;0.0;160334;1695683.0021999995;0.26357409025843637;3600;0.8882278210502506
Meta_983;128752;1716146.5760888888;0.1111111111111111;133342;1697718.2089999996;0.1923190164468627;3600;1.0
Meta_914;128752;214518.3220111111;0.16666666666666666;116814;169782.09279999995;0.2600516706487929;3600;1.0
Meta_727;144485;429036.6440222222;0.3333333333333333;143503;169812.1526;0.3679107703030296;3600;1.0
Meta_956;128752;1072591.6100555556;0.2777777777777778;128749;169974.0937;0.30133101150335667;3600;1.0
Meta_383;175951;1716146.5760888888;0.1111111111111111;176394;1706022.9242999998;0.3300337606383803;3600;1.0
Meta_384;175951;1716146.5760888888;0.16666666666666666;177793;1706390.8644000008;0.3151408628316871;3600;1.0
Meta_582;160218;1716146.5760888888;0.05555555555555555;159836;1709980.1397000002;0.2902512266871925;3600;0.8773330570193397
Meta_186;191684;1716146.5760888888;0.2777777777777778;191677;1711494.1136000003;0.34055355375863294;3600;1.0
Meta_982;128752;1716146.5760888888;0.05555555555555555;129511;1714993.0390999997;0.200739339697323;3600;0.8786498341616061
Meta_586;160218;1716146.5760888888;0.2777777777777778;160218;1715131.8675;0.2987573332960257;3600;1.0
Meta_792;144485;1930664.8980999999;0.05555555555555555;144707;1715803.5187000004;0.22865712446694247;3600;0.7646430872146489
Meta_281;183817;1716146.5760888888;0.0;183292;1715935.3138999995;0.32887024061810355;3600;0.7287068697643656
Meta_785;144485;1716146.5760888888;0.2222222222222222;147705;1716080.0427000003;0.22997765228885192;3600;1.0
Meta_884;136618;1716146.5760888888;0.16666666666666666;140608;1716126.4928;0.20541321919201322;3600;1.0
Meta_684;152351;1716146.5760888888;0.16666666666666666;152415;1716136.9367;0.24801879135403299;3600;1.0
Meta_782;144485;1716146.5760888888;0.05555555555555555;144444;1716199.3719000001;0.23620993644986737;3600;0.8709790295663907
Meta_896;136618;1930664.8980999999;0.2777777777777778;137046;1718260.5564999995;0.2775954298258573;736;0.0
Meta_912;128752;214518.3220111111;0.05555555555555555;126911;172968.15790000005;0.2946685575496449;3600;0.691132435106873
Meta_895;136618;1930664.8980999999;0.2222222222222222;136618;1744187.1049999997;0.21499494231428443;418;0.0
Meta_847;136618;858073.2880444444;0.3333333333333333;136619;174724.28100000002;0.33740163328659023;3600;1.0
Meta_197;191684;1930664.8980999999;0.3333333333333333;192318;1749514.3328999998;0.3344133726575052;3600;1.0
Meta_494;168084;1930664.8980999999;0.16666666666666666;168309;1762491.6356000002;0.29058989964755355;3600;1.0
Meta_600;160218;1930664.8980999999;0.5;160218;177944.1647;0.49228243982737796;6;0.0
Meta_392;175951;1930664.8980999999;0.05555555555555555;176137;1785167.6068;0.31439296195787847;3600;0.8286980624214021
Meta_991;128752;1930664.8980999999;0.0;130235;1788432.0438999997;0.2048776641623613;3600;0.6458145712088513
Meta_496;168084;1930664.8980999999;0.2777777777777778;168119;1789301.0660999997;0.32019327182980584;3600;1.0
Meta_892;136618;1930664.8980999999;0.05555555555555555;136485;1796211.1552999998;0.1849532222882087;3600;0.5032081398193085
Meta_196;191684;1930664.8980999999;0.2777777777777778;191684;1798621.6227000002;0.32298100967631116;3600;1.0
Meta_927;128752;429036.6440222222;0.3333333333333333;128795;179991.96030000004;0.33155101837938705;75;0.0
Meta_395;175951;1930664.8980999999;0.2222222222222222;176055;1811117.4951000002;0.3310951387070551;3600;1.0
Meta_802;136618;0.0;0.05555555555555555;122362;18304.9318;0.2833230881407999;3600;0.7239595361133776
Meta_297;183817;1930664.8980999999;0.3333333333333333;183856;1835773.5704999997;0.34122895185436247;3600;1.0
Meta_593;160218;1930664.8980999999;0.1111111111111111;160876;1838178.8175999997;0.2648240578729548;3600;0.9857615006545073
Meta_769;144485;1287109.9320666667;0.4444444444444444;144769;185059.0669;0.4271297161410822;0;0.0
Meta_194;191684;1930664.8980999999;0.16666666666666666;191653;1854033.9364999998;0.3266233975715254;3600;1.0
Meta_595;160218;1930664.8980999999;0.2222222222222222;160219;1855781.4230000002;0.2624542083658881;3600;1.0
Meta_867;136618;1287109.9320666667;0.3333333333333333;136569;185611.80310000002;0.34629156825243057;3600;1.0
Meta_97;199551;1930664.8980999999;0.3333333333333333;195842;1856129.4352999998;0.3376951782547059;3600;0.8844923790010235
Meta_291;183817;1930664.8980999999;0.0;183846;1862831.6623999993;0.3178627619716129;3600;0.72160881670296
Meta_796;144485;1930664.8980999999;0.2777777777777778;148744;1872928.0170000002;0.272763002085692;1157;0.0
Meta_296;183817;1930664.8980999999;0.2777777777777778;182930;1880272.7599999998;0.3285104686635557;3600;1.0
Meta_893;136618;1930664.8980999999;0.1111111111111111;137019;1886035.7837999996;0.24022044980431115;3600;1.0
Meta_694;152351;1930664.8980999999;0.16666666666666666;152949;1886768.9875000003;0.270318008558526;3600;1.0
Meta_894;136618;1930664.8980999999;0.16666666666666666;136632;1890891.7517999997;0.21259191977954645;3600;1.0
Meta_606;152351;0.0;0.2777777777777778;122293;1891.2401999999997;0.2913238471560496;3600;1.0
Meta_95;199551;1930664.8980999999;0.2222222222222222;195184;1893833.7603;0.3368372253701946;3600;0.7583536202218207
Meta_946;128752;858073.2880444444;0.2777777777777778;129111;189608.4083;0.30777303785365484;3600;1.0
Meta_897;136618;1930664.8980999999;0.3333333333333333;136727;189838.6508;0.33331188752972485;108;0.0
Meta_994;128752;1930664.8980999999;0.16666666666666666;133362;1898706.6897000002;0.18258345707928292;3600;1.0
Meta_192;191684;1930664.8980999999;0.05555555555555555;190171;1900629.2332999997;0.32172059659708135;3600;0.5766132628769586
Meta_748;144485;858073.2880444444;0.38888888888888884;144635;190500.79719999997;0.3872260173443759;4;0.0
Meta_693;152351;1930664.8980999999;0.1111111111111111;152351;1905905.1294999996;0.2500918428828857;3600;1.0
Meta_191;191684;1930664.8980999999;0.0;191729;1906595.9530999998;0.33298857598487686;3600;0.5600789737280353
Meta_995;128752;1930664.8980999999;0.2222222222222222;140286;1909510.7240999993;0.23188395974922169;3600;1.0
Meta_993;128752;1930664.8980999999;0.1111111111111111;134733;1910827.9862000002;0.18644446051852145;3600;0.9673719405216454
Meta_100;199551;1930664.8980999999;0.5;199551;1916922.8477999996;0.3808769844483925;5;0.0
Meta_605;152351;0.0;0.2222222222222222;118463;19208.5841;0.26409111039832694;3600;0.9742836779079297
Meta_193;191684;1930664.8980999999;0.1111111111111111;191872;1922059.4164999998;0.322391484342729;3600;0.6838452556750301
Meta_992;128752;1930664.8980999999;0.05555555555555555;128595;1923074.2428000004;0.19806146699399454;3600;0.8263278445037463
Meta_491;168084;1930664.8980999999;0.0;168675;1923521.9548999995;0.3026665988609082;3600;0.7797476736629122
Meta_92;199551;1930664.8980999999;0.05555555555555555;189217;1923696.1837;0.321823460501844;3600;0.5121909590117636
Meta_691;152351;1930664.8980999999;0.0;150557;1924198.7872;0.23304437634602845;3600;0.73501423357516
Meta_597;160218;1930664.8980999999;0.3333333333333333;160220;1924350.8037999999;0.33332527965133996;248;0.0
Meta_195;191684;1930664.8980999999;0.2222222222222222;191102;1928750.5256000003;0.3208366612704988;3600;1.0
Meta_596;160218;1930664.8980999999;0.2777777777777778;160313;1930205.8608999993;0.2851985780758285;3600;1.0
Meta_94;199551;1930664.8980999999;0.16666666666666666;191115;1930648.4395999997;0.324507986995159;3600;0.6755404818282287
Meta_795;144485;1930664.8980999999;0.2222222222222222;144952;1930650.0;0.22937595665074112;3600;1.0
Meta_98;199551;1930664.8980999999;0.38888888888888884;199551;1930662.5994999995;0.3808769844483925;7;0.0
Meta_99;199551;1930664.8980999999;0.4444444444444444;199551;1930662.8168;0.3808769844483925;1;0.0
Meta_750;144485;858073.2880444444;0.5;144485;19479.9328;0.41841627527205466;0;0.0
Meta_760;144485;1072591.6100555556;0.5;144485;19479.9328;0.41841627527205466;0;0.0
Meta_470;168084;1287109.9320666667;0.5;168084;199119.1491;0.4943170918919502;0;0.0
Meta_419;168084;214518.3220111111;0.4444444444444444;168096;203265.98180000004;0.44441051003671145;70;0.0
Meta_926;128752;429036.6440222222;0.2777777777777778;123122;204530.78660000002;0.2867405154114706;3600;1.0
Meta_519;160218;214518.3220111111;0.4444444444444444;160223;206039.79250000004;0.44444440650787437;37;0.0
Meta_430;168084;429036.6440222222;0.5;168331;206726.6331;0.49787314578217556;0;0.0
Meta_707;144485;0.0;0.3333333333333333;134138;20768.369300000002;0.34443710970563535;3600;1.0
Meta_602;152351;0.0;0.05555555555555555;122067;20773.7622;0.28291015872430414;3600;0.7289618744681186
Meta_319;175951;214518.3220111111;0.4444444444444444;176065;211099.25639999998;0.44410144086809167;30;0.0
Meta_613;152351;214518.3220111111;0.1111111111111111;129737;211119.88010000004;0.3036541648866223;3600;0.9536957438593635
Meta_716;144485;214518.3220111111;0.2777777777777778;121755;21177.417800000003;0.28309827348728583;3600;1.0
Meta_811;136618;214518.3220111111;0.0;131837;212994.15949999998;0.3438517286355055;3600;0.8219810616906118
Meta_813;136618;214518.3220111111;0.1111111111111111;121180;214382.63610000003;0.276771496560545;3600;0.9564073837168103
Meta_717;144485;214518.3220111111;0.3333333333333333;142003;214508.3619;0.3519925090399521;3600;1.0
Meta_19;199551;214518.3220111111;0.4444444444444444;183714;214511.7311;0.44444343154676424;3600;0.019740101072373888
Meta_119;191684;214518.3220111111;0.4444444444444444;183694;214514.40870000003;0.44444715049388367;3600;0.06258839020982224
Meta_320;175951;214518.3220111111;0.5;176345;214514.4523;0.4956776666452964;1;0.0
Meta_520;160218;214518.3220111111;0.5;160405;214518.1039;0.48015622840121963;5;0.0
Meta_814;136618;214518.3220111111;0.16666666666666666;134732;214521.42639999997;0.3272345436770771;3600;1.0
Meta_219;183817;214518.3220111111;0.4444444444444444;183704;214531.99809999997;0.4444442735084651;3600;1.0
Meta_20;199551;214518.3220111111;0.5;184746;214538.59799999997;0.48772866230007533;1;0.0
Meta_120;191684;214518.3220111111;0.5;184746;214538.59799999997;0.4877286623000754;1;0.0
Meta_508;160218;0.0;0.38888888888888884;160308;216046.81580000004;0.4037982300289131;3600;1.0
Meta_530;160218;429036.6440222222;0.5;161729;220581.7593;0.49301064874172645;3;0.0
Meta_560;160218;1072591.6100555556;0.5;160218;221561.1092;0.4783027338766221;4;0.0
Meta_933;128752;643554.9660333333;0.1111111111111111;123259;22315.793800000003;0.29172384870853507;3600;1.0
Meta_936;128752;643554.9660333333;0.2777777777777778;127114;223876.84659999996;0.29692560522829187;3600;1.0
Meta_934;128752;643554.9660333333;0.16666666666666666;115199;22600.971700000002;0.25273357527266327;3600;1.0
Meta_540;160218;643554.9660333333;0.5;160367;226935.3757;0.4881035540108153;4;0.0
Meta_702;144485;0.0;0.05555555555555555;124622;22932.5171;0.29942309165613956;3600;0.7227138209512993
Meta_779;144485;1501628.2540777777;0.4444444444444444;144485;2323.7522999999997;0.42663133405233533;0;0.0
Meta_789;144485;1716146.5760888888;0.4444444444444444;144485;2323.7522999999997;0.42663133405233533;0;0.0
Meta_790;144485;1716146.5760888888;0.5;144485;2323.7522999999997;0.42663133405233533;0;0.0
Meta_768;144485;1287109.9320666667;0.38888888888888884;144769;232496.01340000005;0.3885310607819047;4;0.0
Meta_418;168084;214518.3220111111;0.38888888888888884;170644;274225.4799;0.4039972575791768;3600;1.0
Meta_509;160218;0.0;0.4444444444444444;160218;27617.532399999996;0.44444556039813227;3600;1.0
Meta_618;152351;214518.3220111111;0.38888888888888884;160351;280955.32139999996;0.3889084321668728;3600;1.0
Meta_318;175951;214518.3220111111;0.38888888888888884;176180;282782.57899999997;0.3990622194852695;3600;1.0
Meta_518;160218;214518.3220111111;0.38888888888888884;160216;284442.9797;0.38889061623145;3600;1.0
Meta_118;191684;214518.3220111111;0.38888888888888884;182790;288275.8826;0.40568509411113657;3600;0.47909672317651797
Meta_308;175951;0.0;0.38888888888888884;178097;292678.43970000005;0.39287593806803894;3600;0.7721526338035906
Meta_758;144485;1072591.6100555556;0.38888888888888884;144490;296478.6832;0.38745651078339927;138;0.0
Meta_408;168084;0.0;0.38888888888888884;175333;297906.7095;0.3890061340748168;3600;1.0
Meta_490;168084;1716146.5760888888;0.5;168084;301282.13629999995;0.4966543286126453;0;0.0
Meta_837;136618;643554.9660333333;0.3333333333333333;136630;305420.44889999996;0.3345028644432314;3600;1.0
Meta_715;144485;214518.3220111111;0.2222222222222222;108152;30846.2531;0.22224256154073702;3600;1.0
Meta_450;168084;858073.2880444444;0.5;168084;308877.9198;0.4960684246030304;0;0.0
Meta_417;168084;214518.3220111111;0.3333333333333333;170820;309440.98350000003;0.39105176285253795;3600;1.0
Meta_416;168084;214518.3220111111;0.2777777777777778;170254;313860.38320000004;0.3884262322853276;3600;1.0
Meta_923;128752;429036.6440222222;0.1111111111111111;128361;321329.8985;0.3030374460813338;3600;0.9501419965403936
Meta_479;168084;1501628.2540777777;0.4444444444444444;168334;323125.5858;0.44443481340535423;2;0.0
Meta_617;152351;214518.3220111111;0.3333333333333333;163669;325498.2631;0.3834137066847719;3600;1.0
Meta_208;183817;0.0;0.38888888888888884;181906;325956.02189999993;0.39265412828216995;3600;0.3672116956174297
Meta_639;152351;643554.9660333333;0.4444444444444444;153072;332606.6396000001;0.4444447272715653;2;0.0
Meta_590;160218;1716146.5760888888;0.5;160289;332975.10089999996;0.4930106487417247;6;0.0
Meta_108;191684;0.0;0.38888888888888884;182955;333308.37429999997;0.3928373412341694;3600;0.22544927643590973
Meta_823;136618;429036.6440222222;0.1111111111111111;113601;335.42139999999995;0.24288492823666916;3600;1.0
Meta_370;175951;1287109.9320666667;0.5;176525;336860.9926;0.4988602497552859;0;0.0
Meta_612;152351;214518.3220111111;0.05555555555555555;155699;337297.3070999999;0.3784637131335455;3600;0.862882218216711
Meta_649;152351;858073.2880444444;0.4444444444444444;153737;338265.9047000001;0.4444453895632513;6;0.0
Meta_18;199551;214518.3220111111;0.38888888888888884;183221;343203.5824000001;0.39203120135413116;3600;0.25659559990141
Meta_414;168084;214518.3220111111;0.16666666666666666;171352;346640.7796;0.37866118858918474;3600;1.0
Meta_517;160218;214518.3220111111;0.3333333333333333;167853;348476.1903;0.3804507398086748;3600;1.0
Meta_413;168084;214518.3220111111;0.1111111111111111;168848;353639.5092000001;0.3846937184407181;3600;0.9084038074083577
Meta_704;144485;0.0;0.16666666666666666;113753;3559.1447000000003;0.24270110227171438;3600;0.8636365679729646
Meta_317;175951;214518.3220111111;0.3333333333333333;176465;358285.01509999996;0.3769458213347606;3600;1.0
Meta_216;183817;214518.3220111111;0.2777777777777778;181844;365324.2603999999;0.3831741469074198;3600;0.7753499278654086
Meta_218;183817;214518.3220111111;0.38888888888888884;183751;367337.75969999994;0.3916953669350374;3600;0.7266526033480064
Meta_529;160218;429036.6440222222;0.4444444444444444;160229;369541.05890000006;0.44444479915118335;206;0.0
Meta_350;175951;858073.2880444444;0.5;176618;369587.6925;0.49899755302346904;0;0.0
Meta_407;168084;0.0;0.3333333333333333;172827;370316.4449;0.36954348519819913;3600;0.958447094390811
Meta_906;128752;0.0;0.2777777777777778;121692;3709.6659000000004;0.28396988397258754;3600;1.0
Meta_311;175951;214518.3220111111;0.0;175741;371112.4574;0.37904804313391244;3600;0.5856512068102493
Meta_703;144485;0.0;0.1111111111111111;113786;3729.9480000000003;0.24274648259479997;3600;0.7603588844429972
Meta_340;175951;643554.9660333333;0.5;177350;373113.1418;0.49995994071218974;0;0.0
Meta_570;160218;1287109.9320666667;0.5;160800;373277.72089999996;0.4881035540108159;7;0.0
Meta_359;175951;1072591.6100555556;0.4444444444444444;175951;387537.4115;0.4443489750501154;4;0.0
Meta_380;175951;1501628.2540777777;0.5;175951;389109.84760000004;0.49836296244672684;0;0.0
Meta_306;175951;0.0;0.2777777777777778;179424;391908.37750000006;0.37369243540838515;3600;0.7268447685986855
Meta_504;160218;0.0;0.16666666666666666;160438;392688.9015;0.37430783547866786;3600;0.9072028173958734
Meta_8;199551;0.0;0.38888888888888884;185537;394697.78709999996;0.38882295920112425;3600;0.1675496066037347
Meta_616;152351;214518.3220111111;0.2777777777777778;152351;396269.65630000015;0.3636581832219009;3600;1.0
Meta_411;168084;214518.3220111111;0.0;168093;396784.6227;0.369933469401051;3600;0.6952942249344656
Meta_401;168084;0.0;0.0;170649;396866.72310000006;0.3666576979446003;3600;0.6057992995390381
Meta_412;168084;214518.3220111111;0.05555555555555555;172082;399526.56270000007;0.37320145132937566;3600;0.7049370488018603
Meta_502;160218;0.0;0.05555555555555555;160126;399796.49350000004;0.36841523889862865;3600;0.7592401939807301
Meta_314;175951;214518.3220111111;0.16666666666666666;177545;403025.9171;0.37871875347153183;3600;0.8439274186730052
Meta_3;199551;0.0;0.1111111111111111;182691;403268.1234;0.3809876687114442;3600;0.4438704917365995
Meta_516;160218;214518.3220111111;0.2777777777777778;161322;404501.8555;0.35876102751303757;3600;1.0
Meta_116;191684;214518.3220111111;0.2777777777777778;182419;409272.5467;0.3762390594281286;3600;0.6338185597165298
Meta_615;152351;214518.3220111111;0.2222222222222222;155978;409869.9158000001;0.3657134199417797;3600;1.0
Meta_305;175951;0.0;0.2222222222222222;176008;411561.1322000001;0.3710853362499125;3600;0.6880266649221923
Meta_628;152351;429036.6440222222;0.38888888888888884;154951;412906.55750000005;0.3886752338736131;359;0.0
Meta_511;160218;214518.3220111111;0.0;161253;413303.7085;0.3560035241585946;3600;0.8068023294658945
Meta_836;136618;643554.9660333333;0.2777777777777778;136007;414537.96050000004;0.33371157972199866;3600;1.0
Meta_302;175951;0.0;0.05555555555555555;175951;417311.59560000006;0.3735431751759647;3600;0.5142457431878841
Meta_827;136618;429036.6440222222;0.3333333333333333;136751;418622.4324;0.33856524040074204;3600;1.0
Meta_816;136618;214518.3220111111;0.2777777777777778;137051;42.633900000000004;0.3585651037154454;3600;1.0
Meta_429;168084;429036.6440222222;0.4444444444444444;168292;420285.5912;0.44100139676817407;3;0.0
Meta_330;175951;429036.6440222222;0.5;176108;421699.2531;0.4988602497552858;0;0.0
Meta_329;175951;429036.6440222222;0.4444444444444444;176038;421868.5594;0.44400181341960404;26;0.0
Meta_229;183817;429036.6440222222;0.4444444444444444;184383;421960.7318;0.4443762555895152;25;0.0
Meta_405;168084;0.0;0.2222222222222222;168084;422204.36269999994;0.3682307905614119;3600;0.875131126933441
Meta_415;168084;214518.3220111111;0.2222222222222222;170125;422217.01310000004;0.3643951583020294;3600;1.0
Meta_501;160218;0.0;0.0;121528;4245.39;0.2830591387238041;3600;0.6929455507075681
Meta_403;168084;0.0;0.1111111111111111;168786;424594.92519999994;0.3685554853759797;3600;0.6467972764385923
Meta_115;191684;214518.3220111111;0.2222222222222222;181842;424702.6785;0.37454488425346616;3600;0.6143652139353829
Meta_230;183817;429036.6440222222;0.5;183817;424754.1860000001;0.49055659650791095;1;0.0
Meta_105;191684;0.0;0.2222222222222222;181911;424882.46259999997;0.37334667920444276;3600;0.514933486645594
Meta_528;160218;429036.6440222222;0.38888888888888884;166663;427085.3511;0.3888825241059152;2004;0.0
Meta_101;191684;0.0;0.0;182504;427460.58869999996;0.3752535457321402;3600;0.4201816755052507
Meta_389;175951;1716146.5760888888;0.4444444444444444;175951;428993.1403999999;0.44435423176528005;2;0.0
Meta_28;199551;429036.6440222222;0.38888888888888884;187076;429010.5303;0.38889336470620367;3600;0.05318279110688644
Meta_130;191684;429036.6440222222;0.5;189588;429024.30050000007;0.4755730380579188;4;0.0
Meta_521;160218;429036.6440222222;0.0;162107;429028.25390000007;0.3611474992330224;3600;0.8848185693270694
Meta_30;199551;429036.6440222222;0.5;189588;429030.78670000006;0.47557752901292455;3;0.0
Meta_627;152351;429036.6440222222;0.3333333333333333;152351;429042.88060000015;0.3603059313758014;3600;1.0
Meta_128;191684;429036.6440222222;0.38888888888888884;187106;429043.5834999999;0.3888901870843638;3600;0.1437219071381634
Meta_29;199551;429036.6440222222;0.4444444444444444;189332;429043.6055;0.44444437195248665;3600;0.002716626610415591
Meta_426;168084;429036.6440222222;0.2777777777777778;170656;429048.4009;0.37587295740181176;3600;1.0
Meta_129;191684;429036.6440222222;0.4444444444444444;189332;429052.61360000004;0.4444452442028898;3600;0.01502904502384481
Meta_404;168084;0.0;0.16666666666666666;168316;429095.0719;0.36069169582922145;3600;0.7531870853728738
Meta_527;160218;429036.6440222222;0.3333333333333333;169818;429152.55090000003;0.38079340315535504;3600;1.0
Meta_328;175951;429036.6440222222;0.38888888888888884;175924;429436.27869999997;0.39219454946408483;3600;1.0
Meta_821;136618;429036.6440222222;0.0;136618;429793.50859999994;0.326996365652929;3600;0.8409793194284964
Meta_124;191684;429036.6440222222;0.16666666666666666;184287;430940.13109999994;0.38316378506568455;3600;0.6484092741999812
Meta_626;152351;429036.6440222222;0.2777777777777778;155733;431604.79030000005;0.375050793041096;3600;1.0
Meta_312;175951;214518.3220111111;0.05555555555555555;176076;433413.05059999996;0.37145605051518654;3600;0.6521621814727456
Meta_406;168084;0.0;0.2777777777777778;169782;435036.4631;0.36351944855732127;3600;0.909734644140851
Meta_427;168084;429036.6440222222;0.3333333333333333;167963;435666.58189999993;0.3879078535874178;3600;1.0
Meta_228;183817;429036.6440222222;0.38888888888888884;183818;436478.4914999999;0.3920700377286015;3600;1.0
Meta_323;175951;429036.6440222222;0.1111111111111111;175937;438465.7454;0.3738550762399378;3600;0.8683732123226466
Meta_425;168084;429036.6440222222;0.2222222222222222;170927;438599.1689;0.372132591665043;3600;1.0
Meta_316;175951;214518.3220111111;0.2777777777777778;178516;438838.8295;0.3616536509108548;3600;1.0
Meta_205;183817;0.0;0.2222222222222222;181931;441010.24350000004;0.3795467751347803;3600;0.597858616605365
Meta_624;152351;429036.6440222222;0.16666666666666666;152409;441427.4451;0.3382794766980155;3600;1.0
Meta_122;191684;429036.6440222222;0.05555555555555555;184319;443395.3901000001;0.375960876470018;3600;0.5107847947075297
Meta_524;160218;429036.6440222222;0.16666666666666666;162327;445559.7205999999;0.353894389726041;3600;1.0
Meta_227;183817;429036.6440222222;0.3333333333333333;182936;445689.19400000013;0.3707458302279074;3600;1.0
Meta_623;152351;429036.6440222222;0.1111111111111111;152637;445796.86029999994;0.34521572121301564;3600;0.9801706026610847
Meta_301;175951;0.0;0.0;176106;446267.8542000001;0.3693596695991278;3600;0.5189932445923576
Meta_304;175951;0.0;0.16666666666666666;175965;446703.7947;0.3666229140816801;3600;0.6012260758429369
Meta_935;128752;643554.9660333333;0.2222222222222222;122739;44746.533800000005;0.2828764380467821;3600;1.0
Meta_215;183817;214518.3220111111;0.2222222222222222;179506;447650.44289999997;0.3739783941232248;3600;0.772710546028993
Meta_720;144485;214518.3220111111;0.5;144485;4483.9899000000005;0.4263215465373609;0;0.0
Meta_390;175951;1716146.5760888888;0.5;176121;448514.8424000001;0.49886024975528753;0;0.0
Meta_400;175951;1930664.8980999999;0.5;176121;448514.8424000001;0.49886024975528753;0;0.0
Meta_424;168084;429036.6440222222;0.16666666666666666;170061;450951.97370000003;0.36423019363748727;3600;1.0
Meta_217;183817;214518.3220111111;0.3333333333333333;183817;451131.6915;0.3730491060599974;3600;0.754521269675667
Meta_402;168084;0.0;0.05555555555555555;173231;451770.2311;0.36262693617466274;3600;0.6420566287891836
Meta_580;160218;1501628.2540777777;0.5;160701;457327.6348;0.4881035540108153;7;0.0
Meta_526;160218;429036.6440222222;0.2777777777777778;160329;459289.13009999983;0.3605774377544745;3600;1.0
Meta_503;160218;0.0;0.1111111111111111;160873;459986.90509999986;0.35811400716235886;3600;0.7665876922806649
Meta_512;160218;214518.3220111111;0.05555555555555555;163843;460897.97640000004;0.35806821277757966;3600;0.8234506489470578
Meta_525;160218;429036.6440222222;0.2222222222222222;161857;460922.0849999999;0.34848739606271834;3600;1.0
Meta_21;199551;429036.6440222222;0.0;181176;461560.49700000003;0.36963224377096626;3600;0.4576370629068914
Meta_313;175951;214518.3220111111;0.1111111111111111;176204;461903.0957000001;0.3658899183455009;3600;0.6344948423574787
Meta_327;175951;429036.6440222222;0.3333333333333333;177571;462630.6866999999;0.37910758739568895;3600;1.0
Meta_23;199551;429036.6440222222;0.1111111111111111;181385;463092.4528999999;0.36717636420815575;3600;0.48716427380829685
Meta_6;199551;0.0;0.2777777777777778;184862;465944.03140000004;0.3756725958559363;3600;0.44724964830671454
Meta_4;199551;0.0;0.16666666666666666;181803;468241.5188;0.3677724817217082;3600;0.4457172203954387
Meta_326;175951;429036.6440222222;0.2777777777777778;178649;468528.09319999994;0.3662392316584895;3600;1.0
Meta_16;199551;214518.3220111111;0.2777777777777778;183412;469114.0541999999;0.3655355655772972;3600;0.5142790752481706
Meta_303;175951;0.0;0.1111111111111111;176006;471446.83060000004;0.36370314611567567;3600;0.5527196191141656
Meta_604;152351;0.0;0.16666666666666666;152351;471500.6872;0.3420592454870114;3600;0.9360805006638332
Meta_324;175951;429036.6440222222;0.16666666666666666;176969;472069.9211;0.35871590503026174;3600;1.0
Meta_506;160218;0.0;0.2777777777777778;160218;473517.3253000001;0.34779367690409174;3600;0.9877277830479129
Meta_26;199551;429036.6440222222;0.2777777777777778;183685;473914.7533999999;0.36129873611528057;3600;0.563359758103943
Meta_127;191684;429036.6440222222;0.3333333333333333;184756;475434.1246;0.37167828541862097;3600;0.6527424704193404
Meta_514;160218;214518.3220111111;0.16666666666666666;160487;476573.24529999995;0.3492603447562278;3600;1.0
Meta_321;175951;429036.6440222222;0.0;175951;477170.2288;0.3609842938937877;3600;0.7128150962732919
Meta_213;183817;214518.3220111111;0.1111111111111111;182653;477322.42610000004;0.36265136048248864;3600;0.5116060695109905
Meta_805;136618;0.0;0.2222222222222222;114052;4790.1822;0.2433686506233045;3600;0.9929555940034654
Meta_423;168084;429036.6440222222;0.1111111111111111;169248;482546.16810000007;0.3506199569530449;3600;0.9903806746515927
Meta_126;191684;429036.6440222222;0.2777777777777778;182984;482706.2171;0.3645578927657268;3600;0.6984457937967523
Meta_214;183817;214518.3220111111;0.16666666666666666;182663;485325.80850000004;0.3627492352903952;3600;0.6502305968857068
Meta_513;160218;214518.3220111111;0.1111111111111111;161085;487126.95909999986;0.3551958333996952;3600;0.9124752465021627
Meta_726;144485;429036.6440222222;0.2777777777777778;144578;489246.6938;0.3343670385260165;3600;1.0
Meta_307;175951;0.0;0.3333333333333333;175951;489365.4428999999;0.35403594819495987;3600;0.7781499832060995
Meta_224;183817;429036.6440222222;0.16666666666666666;183096;489885.9778;0.3643935496731282;3600;0.8130223618527325
Meta_714;144485;214518.3220111111;0.16666666666666666;144485;490687.8116;0.3229484157899329;3600;1.0
Meta_322;175951;429036.6440222222;0.05555555555555555;175948;490813.8016;0.3590651152079146;3600;0.7004293424754336
Meta_204;183817;0.0;0.16666666666666666;183178;493935.30220000003;0.3672146020701515;3600;0.5322308602290742
Meta_505;160218;0.0;0.2222222222222222;160229;494528.3228000001;0.3488750237238445;3600;0.9645208165836383
Meta_904;128752;0.0;0.16666666666666666;114068;4946.052600000001;0.24340543084968572;3600;0.8070519755200306
Meta_11;199551;214518.3220111111;0.0;181411;495875.9138999999;0.36299625965007304;3600;0.44929273545336484
Meta_121;191684;429036.6440222222;0.0;182877;496797.9615;0.3691448513215924;3600;0.4944262292373413
Meta_123;191684;429036.6440222222;0.1111111111111111;181410;497559.2421999999;0.3599715834640026;3600;0.6193267368424348
Meta_15;199551;214518.3220111111;0.2222222222222222;182601;497808.37859999994;0.3710553112911094;3600;0.5414056016268635
Meta_5;199551;0.0;0.2222222222222222;183464;497912.8561000001;0.3672151480253596;3600;0.44423489413563755
Meta_211;183817;214518.3220111111;0.0;181527;498630.1164999999;0.3615597339874667;3600;0.5218767351494605
Meta_824;136618;429036.6440222222;0.16666666666666666;136241;499412.5489;0.30800590280574425;3600;1.0
Meta_22;199551;429036.6440222222;0.05555555555555555;184405;499706.7262000001;0.3657324378025614;3600;0.4261152800729294
Meta_106;191684;0.0;0.2777777777777778;182513;500437.85970000003;0.3653337401567705;3600;0.5179100170579882
Meta_921;128752;429036.6440222222;0.0;128908;500466.5365;0.2951774409070698;3600;0.7894366787345809
Meta_325;175951;429036.6440222222;0.2222222222222222;176812;500751.85560000007;0.35588051995266795;3600;1.0
Meta_226;183817;429036.6440222222;0.2777777777777778;183762;501010.9247;0.3564946462307638;3600;1.0
Meta_125;191684;429036.6440222222;0.2222222222222222;182990;501120.82279999997;0.35788321389727684;3600;0.6598104841708539
Meta_207;183817;0.0;0.3333333333333333;183758;501959.3608;0.36405002106748885;3600;0.5342431663696858
Meta_206;183817;0.0;0.2777777777777778;183083;509052.6313999999;0.3591413801003464;3600;0.5852789638255761
Meta_887;136618;1716146.5760888888;0.3333333333333333;136619;509694.84260000003;0.34044641104757173;3600;1.0
Meta_625;152351;429036.6440222222;0.2222222222222222;152864;509867.39110000007;0.32949509541748556;3600;1.0
Meta_621;152351;429036.6440222222;0.0;153150;511186.2336;0.33807924548609614;3600;0.8261556960661524
Meta_422;168084;429036.6440222222;0.05555555555555555;169218;511545.39139999996;0.3434674705534963;3600;0.8568052251739853
Meta_549;160218;858073.2880444444;0.4444444444444444;166115;514063.2027;0.4444337745415136;13;0.0
Meta_107;191684;0.0;0.3333333333333333;183740;517825.0394;0.3603858919019024;3600;0.4607237275424187
Meta_7;199551;0.0;0.3333333333333333;185007;518831.7103;0.35923553992767404;3600;0.3440007185982146
Meta_117;191684;214518.3220111111;0.3333333333333333;184045;520023.6100999999;0.36317637308393724;3600;0.569758619377116
Meta_825;136618;429036.6440222222;0.2222222222222222;136797;523767.8512;0.30695898030385327;3600;1.0
Meta_804;136618;0.0;0.16666666666666666;114086;5262.0172;0.24342026730824873;3600;0.8665762575268624
Meta_103;191684;0.0;0.1111111111111111;185148;527189.8104000001;0.3751512055192693;3600;0.4606867961073687
Meta_723;144485;429036.6440222222;0.1111111111111111;144952;527505.9036;0.31287866084461935;3600;0.9415898085860062
Meta_339;175951;643554.9660333333;0.4444444444444444;176944;529212.5197;0.4444404813787404;7;0.0
Meta_515;160218;214518.3220111111;0.2222222222222222;160458;529574.2241;0.3344480977119445;3600;1.0
Meta_201;183817;0.0;0.0;183931;530367.0807;0.358011212947296;3607;0.44125267587610406
Meta_711;144485;214518.3220111111;0.0;144578;531393.7798;0.30928155101935567;3600;0.8332831242768547
Meta_902;128752;0.0;0.05555555555555555;114091;5323.3369;0.24343840265667102;3600;0.5735793696958418
Meta_721;144485;429036.6440222222;0.0;144554;533817.7949;0.31982926371253784;3600;0.8492474966967782
Meta_713;144485;214518.3220111111;0.1111111111111111;144540;534117.1750999999;0.31079967561247945;3600;0.929713589355271
Meta_114;191684;214518.3220111111;0.16666666666666666;185430;538281.2905999998;0.3632989538247777;3600;0.5805796064910936
Meta_17;199551;214518.3220111111;0.3333333333333333;185142;542595.2231;0.36098225473799367;3600;0.4646515293283115
Meta_399;175951;1930664.8980999999;0.4444444444444444;175955;548113.9254;0.4444431859095047;30;0.0
Meta_24;199551;429036.6440222222;0.16666666666666666;181382;550742.5546000001;0.3521346631869363;3600;0.5425095216974576
Meta_13;199551;214518.3220111111;0.1111111111111111;184524;551406.6215;0.3565121076156361;3600;0.43948132297453185
Meta_722;144485;429036.6440222222;0.05555555555555555;144161;551623.3474999999;0.31344504356903735;3600;0.8731707215551624
Meta_822;136618;429036.6440222222;0.05555555555555555;134752;553350.6778999999;0.29787102829291245;3600;0.8851574441592205
Meta_25;199551;429036.6440222222;0.2222222222222222;182465;553830.7963;0.3565572955283811;3600;0.5715312268214168
Meta_112;191684;214518.3220111111;0.05555555555555555;183862;554420.8911;0.36092474330791235;3600;0.47864894395953256
Meta_438;168084;643554.9660333333;0.38888888888888884;168137;554597.3945;0.3887457289103476;606;0.0
Meta_607;152351;0.0;0.3333333333333333;132713;5552.4541;0.3333362965469285;3600;1.0
Meta_12;199551;214518.3220111111;0.05555555555555555;185820;555231.0722;0.3671683396312811;3600;0.4273661248225215
Meta_579;160218;1501628.2540777777;0.4444444444444444;167973;556857.3572;0.4443353074207439;12;0.0
Meta_14;199551;214518.3220111111;0.16666666666666666;186913;560738.3643;0.363727989249477;3600;0.4903818119681075
Meta_203;183817;0.0;0.1111111111111111;182553;560744.6144;0.34649019809812576;3600;0.45796286265089975
Meta_300;183817;1930664.8980999999;0.5;183817;560744.9479;0.4948270083497369;0;0.0
Meta_212;183817;214518.3220111111;0.05555555555555555;183924;565929.2800000001;0.3641099380631567;3600;0.5500351545817452
Meta_712;144485;214518.3220111111;0.05555555555555555;144783;568092.7446000002;0.31213125312927853;3600;0.8509538743242853
Meta_225;183817;429036.6440222222;0.2222222222222222;183577;570038.3664;0.3505808820634808;3600;0.8759639529074864
Meta_222;183817;429036.6440222222;0.05555555555555555;184051;573417.4097000001;0.3565617783025301;3600;0.6012011665895785
Meta_104;191684;0.0;0.16666666666666666;184586;573696.5873000001;0.361389644348168;3600;0.46903362925640796
Meta_113;191684;214518.3220111111;0.1111111111111111;181320;575325.0283;0.3540664515981771;3600;0.53746785817063
Meta_724;144485;429036.6440222222;0.16666666666666666;144503;575326.2162;0.3057414871706543;3600;1.0
Meta_1;199551;0.0;0.0;183376;577369.0581;0.3598502475854017;3600;0.41326986573595986
Meta_522;160218;429036.6440222222;0.05555555555555555;160162;577433.1439;0.3291754604366731;3600;0.8595464259661216
Meta_202;183817;0.0;0.05555555555555555;183736;578262.5396;0.35510713174561814;3600;0.46853198388580924
Meta_650;152351;858073.2880444444;0.5;152373;58050.8292;0.464877127083636;3;0.0
Meta_439;168084;643554.9660333333;0.4444444444444444;168897;580951.7296000001;0.44443429646014926;5;0.0
Meta_27;199551;429036.6440222222;0.3333333333333333;184834;581178.8997;0.3538482981701806;3600;0.4793281009607136
Meta_459;168084;1072591.6100555556;0.4444444444444444;168456;585872.2920000001;0.44284270432763606;2;0.0
Meta_223;183817;429036.6440222222;0.1111111111111111;183672;591898.2289;0.3503743804330755;3600;0.5746787165628724
Meta_740;144485;643554.9660333333;0.5;144928;60242.0134;0.4137280355857346;0;0.0
Meta_638;152351;643554.9660333333;0.38888888888888884;166045;602680.6915999999;0.38759529570498413;139;0.0
Meta_239;183817;643554.9660333333;0.4444444444444444;184467;602879.2690000001;0.4444440054052448;16;0.0
Meta_480;168084;1501628.2540777777;0.5;168328;60605.991799999996;0.4879105968207656;1;0.0
Meta_440;168084;643554.9660333333;0.5;168084;61115.5894;0.49185519671188394;0;0.0
Meta_622;152351;429036.6440222222;0.05555555555555555;149608;623687.9739;0.30457749731969497;3600;0.8468609865685556
Meta_111;191684;214518.3220111111;0.0;182373;623924.0731000002;0.34871396142144795;3600;0.4575120134602685
Meta_139;191684;643554.9660333333;0.4444444444444444;191684;624778.9278999999;0.4405168906973925;14;0.0
Meta_102;191684;0.0;0.05555555555555555;184857;627653.9598999999;0.3519339383397153;3600;0.4245242853831426
Meta_637;152351;643554.9660333333;0.3333333333333333;152417;630392.4506000001;0.33600349612097435;3600;1.0
Meta_137;191684;643554.9660333333;0.3333333333333333;187092;634206.5265;0.3520711398714195;3600;0.8965850956537725
Meta_569;160218;1287109.9320666667;0.4444444444444444;164435;637957.4859000001;0.44437375932348877;10;0.0
Meta_431;168084;643554.9660333333;0.0;166418;637995.6187999998;0.3361840293510415;3600;0.7937666245289597
Meta_338;175951;643554.9660333333;0.38888888888888884;176671;638931.8091;0.38785057955946134;358;0.0
Meta_133;191684;643554.9660333333;0.1111111111111111;184235;639306.5056;0.34735070730985773;3600;0.5738768867115136
Meta_905;128752;0.0;0.2222222222222222;113597;64.1943;0.2429129331741961;3600;1.0
Meta_131;191684;643554.9660333333;0.0;186843;640227.2703999999;0.3559209695988296;3600;0.509565915326097
Meta_250;183817;858073.2880444444;0.5;183817;641864.4193000001;0.4933481490510809;0;0.0
Meta_238;183817;643554.9660333333;0.38888888888888884;183818;642025.7739000001;0.3886539511185124;38;0.0
Meta_734;144485;643554.9660333333;0.16666666666666666;145408;642997.3204;0.28660991613721226;3600;1.0
Meta_138;191684;643554.9660333333;0.38888888888888884;191684;643104.0286999999;0.3885378307905463;2353;0.0
Meta_536;160218;643554.9660333333;0.2777777777777778;160676;643146.1162;0.3320581681325526;3600;1.0
Meta_236;183817;643554.9660333333;0.2777777777777778;183790;643209.0848999999;0.3438249624380049;3600;1.0
Meta_538;160218;643554.9660333333;0.38888888888888884;160639;643294.8205999999;0.3888684973149352;3595;0.0
Meta_436;168084;643554.9660333333;0.2777777777777778;177559;643421.1057999999;0.35184456406846915;3600;1.0
Meta_336;175951;643554.9660333333;0.2777777777777778;176246;643499.3852999998;0.3672974805859003;3600;1.0
Meta_636;152351;643554.9660333333;0.2777777777777778;164661;643517.2594000001;0.35003023957366414;3600;1.0
Meta_231;183817;643554.9660333333;0.0;183837;643522.0669;0.3430731296047485;3600;0.5594227899856741
Meta_337;175951;643554.9660333333;0.3333333333333333;178124;643543.7310000003;0.3450176053870106;3600;1.0
Meta_333;175951;643554.9660333333;0.1111111111111111;179062;643546.3125;0.3379636662948639;3600;1.0
Meta_432;168084;643554.9660333333;0.05555555555555555;169479;643546.6602999999;0.34075274433404146;3600;0.9091167873339667
Meta_140;191684;643554.9660333333;0.5;191684;643549.0518;0.462288786763963;8;0.0
Meta_35;199551;643554.9660333333;0.2222222222222222;188091;643550.0776999999;0.36299847008854735;3600;0.5963774441890711
Meta_335;175951;643554.9660333333;0.2222222222222222;176190;643550.1566000001;0.34306635530449814;3600;1.0
Meta_34;199551;643554.9660333333;0.16666666666666666;184458;643550.4458000001;0.3484706690896877;3600;0.5539659047462102
Meta_240;183817;643554.9660333333;0.5;183903;643554.4376000001;0.4849192445058477;0;0.0
Meta_632;152351;643554.9660333333;0.05555555555555555;152372;643554.6124999999;0.31034934243589857;3600;0.8740448144756723
Meta_832;136618;643554.9660333333;0.05555555555555555;136618;643556.4921999999;0.2945834297755648;3600;0.8578971091120454
Meta_737;144485;643554.9660333333;0.3333333333333333;144494;643556.9575;0.3492057981620927;3600;1.0
Meta_38;199551;643554.9660333333;0.38888888888888884;192730;643562.8844;0.3934002140892624;3600;0.23782784174729282
Meta_40;199551;643554.9660333333;0.5;193501;643570.7840999999;0.43975973199674767;2;1.5785908176220162E-15
Meta_39;199551;643554.9660333333;0.4444444444444444;193501;643570.7840999999;0.43975973199674206;4;0.0
Meta_334;175951;643554.9660333333;0.16666666666666666;177873;643571.2035000002;0.3402624318274032;3600;1.0
Meta_437;168084;643554.9660333333;0.3333333333333333;168984;643676.6163;0.33915336693909487;3600;1.0
Meta_735;144485;643554.9660333333;0.2222222222222222;144615;643814.3009000001;0.31937373188889345;3600;1.0
Meta_635;152351;643554.9660333333;0.2222222222222222;152358;643878.2194;0.3143116225724688;3600;1.0
Meta_531;160218;643554.9660333333;0.0;160913;643969.3363000001;0.3385787945633566;3600;0.9050515804881956
Meta_433;168084;643554.9660333333;0.1111111111111111;173465;644014.5417000001;0.342476083044475;3600;1.0
Meta_634;152351;643554.9660333333;0.16666666666666666;152525;644032.0839999999;0.298713760096177;3600;1.0
Meta_434;168084;643554.9660333333;0.16666666666666666;169181;644077.9723;0.3333601682080241;3600;1.0
Meta_134;191684;643554.9660333333;0.16666666666666666;185120;644191.2487000001;0.3396634276671995;3600;0.5718910905537147
Meta_648;152351;858073.2880444444;0.38888888888888884;152524;644257.5472;0.38787830592411726;85;0.0
Meta_631;152351;643554.9660333333;0.0;152351;644523.4982999999;0.3103140653972287;3600;0.8258968860888404
Meta_835;136618;643554.9660333333;0.2222222222222222;137372;644533.2471999999;0.2811485376946618;3600;1.0
Meta_731;144485;643554.9660333333;0.0;144985;645035.9019;0.29346722269416115;3600;0.9071466604434849
Meta_831;136618;643554.9660333333;0.0;136842;645077.9776;0.2697701791621262;3600;0.8125862790478114
Meta_535;160218;643554.9660333333;0.2222222222222222;160218;645221.5398;0.3373150024127955;3600;1.0
Meta_237;183817;643554.9660333333;0.3333333333333333;183819;645557.0893;0.35480206995781227;3600;1.0
Meta_232;183817;643554.9660333333;0.05555555555555555;183250;645819.2727;0.3501377564160422;3600;0.6115255255682582
Meta_32;199551;643554.9660333333;0.05555555555555555;185782;646258.0843000001;0.3435123857632635;3600;0.442386608321075
Meta_834;136618;643554.9660333333;0.16666666666666666;136637;646503.4543000001;0.26904032176245807;3600;1.0
Meta_833;136618;643554.9660333333;0.1111111111111111;136621;647114.9648000002;0.28241355411942937;3600;0.9851007343886842
Meta_33;199551;643554.9660333333;0.1111111111111111;184702;647447.7814000001;0.3531638613905258;3600;0.5023335187875834
Meta_233;183817;643554.9660333333;0.1111111111111111;182317;647611.4487999999;0.34520253646047594;3600;0.7578615274310052
Meta_37;199551;643554.9660333333;0.3333333333333333;185943;647807.6708000001;0.34535397335834034;3600;0.538045120658633
Meta_633;152351;643554.9660333333;0.1111111111111111;152705;648091.1878000001;0.30503104832154126;3600;1.0
Meta_36;199551;643554.9660333333;0.2777777777777778;185726;648140.4626999998;0.3463312149782422;3600;0.6588646691158309
Meta_235;183817;643554.9660333333;0.2222222222222222;183821;650907.1344000001;0.33939493441568935;3600;1.0
Meta_534;160218;643554.9660333333;0.16666666666666666;160357;653286.6267;0.32871454537952394;3600;1.0
Meta_360;175951;1072591.6100555556;0.5;176323;655112.2080999999;0.4908187220666401;0;0.0
Meta_533;160218;643554.9660333333;0.1111111111111111;167357;655208.7943999999;0.3360091140128152;3600;1.0
Meta_532;160218;643554.9660333333;0.05555555555555555;160679;655873.1069999998;0.32419342957159764;3600;0.8639620727395912
Meta_2;199551;0.0;0.05555555555555555;184319;657660.2053;0.3504427577421999;3600;0.4230810067105162
Meta_732;144485;643554.9660333333;0.05555555555555555;144657;658487.2641;0.31661767463462526;3600;0.9184360470212573
Meta_31;199551;643554.9660333333;0.0;187859;659326.4093;0.3560423425949155;3600;0.4409819554040332
Meta_234;183817;643554.9660333333;0.16666666666666666;183830;660687.3189000001;0.340197599585894;3600;0.9754180502977097
Meta_136;191684;643554.9660333333;0.2777777777777778;190965;661129.0473;0.366911727053807;3600;1.0
Meta_332;175951;643554.9660333333;0.05555555555555555;175658;664103.6033;0.3428879508835859;3600;0.7993570067346156
Meta_132;191684;643554.9660333333;0.05555555555555555;186875;667131.5435;0.3498051554633835;3600;0.5204153333181706
Meta_135;191684;643554.9660333333;0.2222222222222222;184333;667249.0533999999;0.34582136143978465;3600;0.7666123998764123
Meta_733;144485;643554.9660333333;0.1111111111111111;144298;673825.2333999999;0.277968872697612;3600;1.0
Meta_331;175951;643554.9660333333;0.0;175981;676840.6174999999;0.34008886840365066;3600;0.7337817062536028
Meta_611;152351;214518.3220111111;0.0;149748;676997.1096999998;0.3021228206717402;3600;0.8062146959779707
Meta_349;175951;858073.2880444444;0.4444444444444444;176029;679449.7175;0.43814437954904933;10;0.0
Meta_931;128752;643554.9660333333;0.0;128752;682692.5529000001;0.2471336624757073;3600;0.8094364463729241
Meta_932;128752;643554.9660333333;0.05555555555555555;128792;684613.0560000001;0.253128660068884;3600;0.818803149371264
Meta_449;168084;858073.2880444444;0.4444444444444444;169800;686778.0219;0.4404238949418865;29;0.0
Meta_280;183817;1501628.2540777777;0.5;183817;688733.5020000001;0.4836256662334507;0;0.0
Meta_499;168084;1930664.8980999999;0.4444444444444444;171422;692142.5979;0.4435390664631369;41;0.0
Meta_708;144485;0.0;0.38888888888888884;144729;7006.859599999999;0.38887786647630546;3600;1.0
Meta_260;183817;1072591.6100555556;0.5;183817;713524.5647000001;0.49389668403462567;1;0.0
Meta_803;136618;0.0;0.1111111111111111;114146;7237.053000000001;0.2433038380280685;3600;0.750357903604074
Meta_469;168084;1287109.9320666667;0.4444444444444444;171991;729159.9962;0.44417336659825146;2;0.0
Meta_409;168084;0.0;0.4444444444444444;168192;74038.18920000002;0.4444482874151347;3600;1.0
Meta_705;144485;0.0;0.2222222222222222;121605;7535.592400000001;0.28275613488473467;3600;0.9889096377269482
Meta_698;152351;1930664.8980999999;0.38888888888888884;154829;756348.0781999998;0.38827220092966286;46;0.0
Meta_259;183817;1072591.6100555556;0.4444444444444444;183817;761201.5260000001;0.4442203963629988;2;0.0
Meta_729;144485;429036.6440222222;0.4444444444444444;144485;76486.3309;0.4267255415163244;0;0.0
Meta_270;183817;1287109.9320666667;0.5;183817;766855.7241;0.4912096509846457;0;0.0
Meta_925;128752;429036.6440222222;0.2222222222222222;120339;77920.66990000001;0.2779703616336124;3600;1.0
Meta_815;136618;214518.3220111111;0.2222222222222222;119281;79138.36150000001;0.26423924541344174;3600;1.0
Meta_344;175951;858073.2880444444;0.16666666666666666;176067;797787.6954000001;0.34187377943226704;3600;1.0
Meta_10;199551;0.0;0.5;180249;80864.11210000001;0.49981165015309775;1;0.0
Meta_110;191684;0.0;0.5;180249;80864.11210000001;0.49981165015309775;0;0.0
Meta_210;183817;0.0;0.5;180249;80864.11210000001;0.49981165015309775;0;0.0
Meta_346;175951;858073.2880444444;0.2777777777777778;176052;808712.4874999998;0.3270707041002963;3600;1.0
Meta_148;191684;858073.2880444444;0.38888888888888884;191746;809433.9468000003;0.3856037415760132;382;0.0
Meta_348;175951;858073.2880444444;0.38888888888888884;176230;811889.6693000002;0.3887787156205461;150;0.0
Meta_248;183817;858073.2880444444;0.38888888888888884;183855;813879.5460999997;0.38760398965774095;112;0.0
Meta_745;144485;858073.2880444444;0.2222222222222222;144645;814030.8225;0.28359148371644455;3600;1.0
Meta_608;152351;0.0;0.38888888888888884;152384;82499.54509999999;0.40460592270066903;3600;1.0
Meta_945;128752;858073.2880444444;0.2222222222222222;131406;826111.7156;0.25968136923620344;3600;1.0
Meta_747;144485;858073.2880444444;0.3333333333333333;144685;828516.8884999999;0.3249751052444414;2341;0.0
Meta_647;152351;858073.2880444444;0.3333333333333333;152689;830952.6512000001;0.32605132900063194;229;0.0
Meta_841;136618;858073.2880444444;0.0;136963;837833.8004999999;0.24670645390528914;3600;0.8020208854834118
Meta_347;175951;858073.2880444444;0.3333333333333333;176069;839713.8959;0.35323476254314046;3600;1.0
Meta_448;168084;858073.2880444444;0.38888888888888884;169865;841102.0537000002;0.38692758180467196;46;0.0
Meta_441;168084;858073.2880444444;0.0;168142;841348.7801;0.32526130490611993;3600;0.8329526028261356
Meta_457;168084;1072591.6100555556;0.3333333333333333;169182;842126.8191000001;0.33329184780958765;2001;0.0
Meta_149;191684;858073.2880444444;0.4444444444444444;191900;845321.6876999998;0.44360743735669783;5;0.0
Meta_443;168084;858073.2880444444;0.1111111111111111;172197;846779.5667000001;0.324496917598556;3600;1.0
Meta_644;152351;858073.2880444444;0.16666666666666666;152377;849454.4035;0.2812914262695604;3600;1.0
Meta_245;183817;858073.2880444444;0.2222222222222222;183821;849870.1284000002;0.32959790324790766;3600;1.0
Meta_379;175951;1501628.2540777777;0.4444444444444444;176013;849982.7061999999;0.43363728339505764;8;0.0
Meta_746;144485;858073.2880444444;0.2777777777777778;144544;850065.5897000002;0.27777259059020326;2966;0.0
Meta_45;199551;858073.2880444444;0.2222222222222222;191257;850735.7076000002;0.35190034871969655;3600;0.689019794089401
Meta_345;175951;858073.2880444444;0.2222222222222222;176150;852927.6328;0.33224906913287944;3600;1.0
Meta_146;191684;858073.2880444444;0.2777777777777778;189718;854256.6496000001;0.340588998048925;3600;1.0
Meta_545;160218;858073.2880444444;0.2222222222222222;171182;854625.7831;0.332570587575916;3600;1.0
Meta_246;183817;858073.2880444444;0.2777777777777778;183973;854808.5194000001;0.32601428202783256;3600;1.0
Meta_143;191684;858073.2880444444;0.1111111111111111;189374;855709.8152;0.34480497663411386;3600;0.6183370456929979
Meta_241;183817;858073.2880444444;0.0;186578;855714.7348999999;0.3402466292366295;3600;0.7430728755597156
Meta_242;183817;858073.2880444444;0.05555555555555555;184067;855958.3638999999;0.33317452769736466;3600;0.7932348898657972
Meta_47;199551;858073.2880444444;0.3333333333333333;192487;856019.1642000002;0.35163159642475417;3600;0.5913624291400277
Meta_179;191684;1501628.2540777777;0.4444444444444444;191684;856773.2309000001;0.4408662909547678;5;0.0
Meta_150;191684;858073.2880444444;0.5;192086;856944.5714999998;0.45943946596857715;2;0.0
Meta_547;160218;858073.2880444444;0.3333333333333333;179336;857385.3615;0.34395756678667194;3600;1.0
Meta_548;160218;858073.2880444444;0.38888888888888884;163412;857538.4391;0.3888493359385285;242;0.0
Meta_645;152351;858073.2880444444;0.2222222222222222;152354;857816.6185000001;0.28825265172197206;3600;1.0
Meta_48;199551;858073.2880444444;0.38888888888888884;196040;857926.9299999999;0.3888914031603123;3600;0.13977921341257998
Meta_641;152351;858073.2880444444;0.0;152359;857934.6329000001;0.29052401714424525;3600;0.8922886553445166
Meta_144;191684;858073.2880444444;0.16666666666666666;186975;857950.6622000003;0.3413522682829002;3600;0.8535009971447862
Meta_646;152351;858073.2880444444;0.2777777777777778;152863;858048.1012999997;0.36044712019246006;3600;1.0
Meta_943;128752;858073.2880444444;0.1111111111111111;128752;858052.7429999999;0.2765904533472598;3600;1.0
Meta_343;175951;858073.2880444444;0.1111111111111111;176226;858052.7618000004;0.32149364689528903;3600;1.0
Meta_341;175951;858073.2880444444;0.0;176084;858058.4147;0.3374179035144998;3600;0.8201977634774217
Meta_447;168084;858073.2880444444;0.3333333333333333;168085;858059.1008000001;0.3617940442800684;3600;1.0
Meta_446;168084;858073.2880444444;0.2777777777777778;169940;858062.5012999999;0.32188705325659817;3600;1.0
Meta_942;128752;858073.2880444444;0.05555555555555555;128934;858063.8676;0.22408148086215465;3600;0.9000662711743375
Meta_44;199551;858073.2880444444;0.16666666666666666;189258;858065.9077000002;0.3503348805885691;3600;0.6113214857063268
Meta_542;160218;858073.2880444444;0.05555555555555555;163131;858070.8561999999;0.3243362940902432;3600;0.9407530958334045
Meta_41;199551;858073.2880444444;0.0;190097;858071.4204000001;0.3449338892715832;3600;0.46447070456788225
Meta_846;136618;858073.2880444444;0.2777777777777778;138025;858072.4068000001;0.286041534378912;3600;1.0
Meta_141;191684;858073.2880444444;0.0;189289;858072.5035999999;0.3455043853725574;3600;0.5488863112031018
Meta_342;175951;858073.2880444444;0.05555555555555555;175712;858074.0168000002;0.3249027311832992;3600;0.7907932252284882
Meta_544;160218;858073.2880444444;0.16666666666666666;160236;858074.6710999998;0.30932873417093365;3600;1.0
Meta_741;144485;858073.2880444444;0.0;145360;858084.7301000004;0.26960975682588295;3600;0.8300949431942476
Meta_49;199551;858073.2880444444;0.4444444444444444;196735;858085.5567999999;0.40949462134568093;2;5.175530201419295E-13
Meta_50;199551;858073.2880444444;0.5;196735;858085.5567999999;0.4094946213456809;3;1.1334515486475218E-13
Meta_642;152351;858073.2880444444;0.05555555555555555;164309;858087.5214000002;0.3229200471651866;3600;0.9198552737731726
Meta_445;168084;858073.2880444444;0.2222222222222222;168674;858090.7298000001;0.3590407620868593;3600;1.0
Meta_444;168084;858073.2880444444;0.16666666666666666;168090;858095.0693;0.32023559372506044;3600;1.0
Meta_247;183817;858073.2880444444;0.3333333333333333;183865;858120.2781000001;0.34789249523783455;3600;1.0
Meta_244;183817;858073.2880444444;0.16666666666666666;184815;858120.9792000001;0.3267080819529577;3600;1.0
Meta_944;128752;858073.2880444444;0.16666666666666666;128765;858149.3328000002;0.2437350571129702;3600;1.0
Meta_541;160218;858073.2880444444;0.0;160508;858633.4266999998;0.32321842816052004;3600;0.9157469239670664
Meta_142;191684;858073.2880444444;0.05555555555555555;187350;859494.4597;0.3416147305293131;3600;0.713007322704393
Meta_546;160218;858073.2880444444;0.2777777777777778;160378;859555.8691000001;0.29549017419293383;3600;1.0
Meta_643;152351;858073.2880444444;0.1111111111111111;152606;859601.7867999999;0.28435989738365114;3600;1.0
Meta_743;144485;858073.2880444444;0.1111111111111111;145005;859630.9709;0.2573811081650235;3600;1.0
Meta_844;136618;858073.2880444444;0.16666666666666666;136724;859953.7879;0.24481930390464846;3600;1.0
Meta_43;199551;858073.2880444444;0.1111111111111111;187959;859972.4431999999;0.3438015302329498;3600;0.4897862938428176
Meta_543;160218;858073.2880444444;0.1111111111111111;162142;859977.2812999999;0.3023731695650819;3600;1.0
Meta_145;191684;858073.2880444444;0.2222222222222222;190522;860345.1138000002;0.34949436159704744;3600;1.0
Meta_46;199551;858073.2880444444;0.2777777777777778;187355;860449.5865000001;0.3335453606132162;3600;0.6859277220033411
Meta_742;144485;858073.2880444444;0.05555555555555555;144499;860548.1599;0.2609638399441032;3600;0.9137750182437199
Meta_42;199551;858073.2880444444;0.05555555555555555;189379;862963.2450000001;0.33942566695833015;3600;0.4658629900027125
Meta_442;168084;858073.2880444444;0.05555555555555555;167605;865592.6375;0.3318159213944157;3600;0.9065141435928713
Meta_147;191684;858073.2880444444;0.3333333333333333;189776;867697.6540999999;0.3408120617994723;3600;1.0
Meta_243;183817;858073.2880444444;0.1111111111111111;183301;868547.1067999998;0.33944510097102787;3600;0.8912505795810561
Meta_941;128752;858073.2880444444;0.0;128598;872385.9711999999;0.22936185258258912;3600;0.7035547123488679
Meta_845;136618;858073.2880444444;0.2222222222222222;136844;879895.7163000001;0.24351213939345798;3600;1.0
Meta_744;144485;858073.2880444444;0.16666666666666666;144543;882418.4531000003;0.2636744640786667;3600;1.0
Meta_420;168084;214518.3220111111;0.5;168084;8859.1412;0.4892598748702203;0;0.0
Meta_557;160218;1072591.6100555556;0.3333333333333333;160820;887344.6074999998;0.33160716541254787;482;0.0
Meta_589;160218;1716146.5760888888;0.4444444444444444;160219;896228.2067999999;0.43960728531333776;18;0.0
Meta_800;144485;1930664.8980999999;0.5;145209;90743.45850000001;0.4271297161410822;0;0.0
Meta_289;183817;1716146.5760888888;0.4444444444444444;183922;909097.1076999999;0.44413286876416785;2;0.0
Meta_843;136618;858073.2880444444;0.1111111111111111;136618;916755.0448;0.24496925807393255;3600;1.0
Meta_489;168084;1716146.5760888888;0.4444444444444444;168087;921176.1462;0.4442899484508276;27;0.0
Meta_757;144485;1072591.6100555556;0.3333333333333333;152126;922112.7696999998;0.33062176111003;1587;0.0
Meta_170;191684;1287109.9320666667;0.5;191684;923883.4680999999;0.4535550564637149;1;0.0
Meta_852;136618;1072591.6100555556;0.05555555555555555;136677;926485.7242000002;0.2409479466331811;3600;0.8292779176621146
Meta_309;175951;0.0;0.4444444444444444;175951;92707.44279999999;0.44445440336566944;3600;0.6434088836647961
Meta_857;136618;1072591.6100555556;0.3333333333333333;138113;932505.6429000001;0.32857581164560307;119;0.0
Meta_190;191684;1716146.5760888888;0.5;191684;932727.1307999998;0.45867099156356766;0;0.0
Meta_180;191684;1501628.2540777777;0.5;191684;937727.8949;0.4640295238752959;0;0.0
Meta_842;136618;858073.2880444444;0.05555555555555555;136618;945031.9044;0.24668689300745614;3600;0.8838502300756707
Meta_279;183817;1501628.2540777777;0.4444444444444444;183817;945700.2925;0.44444293779536603;2;0.0
Meta_797;144485;1930664.8980999999;0.3333333333333333;147585;946823.0149000002;0.33330122523460226;957;0.0
Meta_269;183817;1287109.9320666667;0.4444444444444444;183817;949213.8585999999;0.4418948740630241;3;0.0
Meta_947;128752;858073.2880444444;0.3333333333333333;131496;94988.93590000001;0.33333364762169376;4;0.0
Meta_299;183817;1930664.8980999999;0.4444444444444444;183824;956945.9068;0.44440337268150454;3;0.0
Meta_668;152351;1287109.9320666667;0.38888888888888884;154664;958200.0717;0.3888878701918607;74;0.0
Meta_356;175951;1072591.6100555556;0.2777777777777778;177422;961112.1725999999;0.34333466608262486;3600;1.0
Meta_358;175951;1072591.6100555556;0.38888888888888884;176589;961614.8427999999;0.3888886566098841;24;0.0
Meta_658;152351;1072591.6100555556;0.38888888888888884;152923;961773.8395;0.38889037337297994;277;0.0
Meta_254;183817;1072591.6100555556;0.16666666666666666;185096;962489.0296999998;0.32578107668229417;3600;1.0
Meta_556;160218;1072591.6100555556;0.2777777777777778;160407;966376.6057000002;0.32009578350375917;3600;1.0
Meta_657;152351;1072591.6100555556;0.3333333333333333;152360;967147.9441999999;0.3272386945934211;412;0.0
Meta_355;175951;1072591.6100555556;0.2222222222222222;176586;977638.7376000001;0.3136441676203677;3600;1.0
Meta_487;168084;1716146.5760888888;0.3333333333333333;168376;981078.4974;0.3332108881814763;881;0.0
Meta_780;144485;1501628.2540777777;0.5;144485;98241.0499;0.4269539580448028;0;0.0
Meta_559;160218;1072591.6100555556;0.4444444444444444;161602;982543.2398999999;0.4436712019997077;42;0.0
Meta_558;160218;1072591.6100555556;0.38888888888888884;161815;990373.7886000001;0.3884889923153663;69;0.0
Meta_665;152351;1287109.9320666667;0.2222222222222222;152417;991504.4143000001;0.28778266805953484;3600;1.0
Meta_778;144485;1501628.2540777777;0.38888888888888884;144510;99827.00300000001;0.38888696812897816;4;0.0
Meta_159;191684;1072591.6100555556;0.4444444444444444;191684;998943.0963;0.43856994256154314;5;0.0
