Goal_10;1087588;0.0;0.5;883138;7218292.4877;0.4862508781079832;5;0.0
Goal_9;1087588;0.0;0.4444444444444444;891553;7725885.639899999;0.44445407314239777;3600;0.0020971279372408265
Goal_8;1087588;0.0;0.38888888888888884;881424;7715466.461300001;0.39844233627869413;3600;0.05987091922811012
Goal_3;1087588;0.0;0.1111111111111111;832604;6120660.353699998;0.3551586587160507;3600;0.1005468360719627
Goal_2;1087588;0.0;0.05555555555555555;832764;6120631.3188000005;0.3546833560607543;3600;0.09615026460316005
Goal_1;1087588;0.0;0.0;833976;6185971.579000004;0.35570928231740234;3600;0.09748091659061035
Goal_5;1087588;0.0;0.2222222222222222;834372;6237738.690199999;0.3539218982762812;3600;0.11324784259771911
Goal_6;1087588;0.0;0.2777777777777778;830416;6078416.592000001;0.35213447576983825;3601;0.12399089908470198
Goal_7;1087588;0.0;0.3333333333333333;856297;6892853.462300003;0.3677714155445683;3600;0.1347273397499579
Goal_4;1087588;0.0;0.16666666666666666;834969;6226476.0250999965;0.35528396019667524;3601;0.1061613544219906
Goal_20;1087588;2499234.976633334;0.5;883138;7218292.4877;0.4862508781079832;2;0.0
Goal_11;1087588;2499234.976633334;0.0;829887;6065889.845700004;0.3516760927066833;3600;0.09903196259709064
Goal_19;1087588;2499234.976633334;0.4444444444444444;889461;7624282.532499999;0.44444323754595333;3600;0.0027429543432081274
Goal_18;1087588;2499234.976633334;0.38888888888888884;880298;7532378.507499999;0.4033634320863634;3600;0.08620237664983879
Goal_14;1087588;2499234.976633334;0.16666666666666666;837630;6356064.363000002;0.3549493081345784;3600;0.1152152734275435
Goal_13;1087588;2499234.976633334;0.1111111111111111;835100;6256377.6959999995;0.3541019759814341;3601;0.10729294807811353
Goal_17;1087588;2499234.976633334;0.3333333333333333;855019;6832522.230500002;0.36925719419757724;3601;0.15852705698304678
Goal_12;1087588;2499234.976633334;0.05555555555555555;834766;6263650.986299996;0.353521635575919;3601;0.10302417365999522
Goal_16;1087588;2499234.976633334;0.2777777777777778;841573;6508880.607000002;0.3568846834374677;3601;0.1480271234540217
Goal_15;1087588;2499234.976633334;0.2222222222222222;833476;6213036.628799998;0.3525625215934414;3601;0.12197826109341521
Goal_21;1087588;4998469.953266668;0.0;833930;6204756.107899999;0.3549736003102198;3600;0.11408284439560915
Goal_30;1087588;4998469.953266668;0.5;883138;7218292.4877;0.4862508781079832;2;0.0
Goal_22;1087588;4998469.953266668;0.05555555555555555;833409;6169159.924099999;0.3551069824308491;3600;0.11551781774697477
Goal_23;1087588;4998469.953266668;0.1111111111111111;836255;6300835.1959;0.3549639565916721;3601;0.11920132405221212
Goal_24;1087588;4998469.953266668;0.16666666666666666;832119;6135427.281199996;0.3539308513682986;3601;0.1260179160322801
Goal_29;1087588;4998469.953266668;0.4444444444444444;890220;7664560.938300002;0.4444482878062788;3600;0.0034087121571303738
Goal_27;1087588;4998469.953266668;0.3333333333333333;857841;6925606.183899999;0.37059572915175865;3600;0.18468988825711002
Goal_26;1087588;4998469.953266668;0.2777777777777778;834216;6190088.967799996;0.3553467658149262;3601;0.1640126668628794
Goal_28;1087588;4998469.953266668;0.38888888888888884;878359;7442849.889499996;0.4020073380242687;3601;0.09421907857103055
Goal_25;1087588;4998469.953266668;0.2222222222222222;833828;6161611.110199999;0.35514781089213177;3601;0.14071758124497769
Goal_31;1087588;7497704.929900002;0.0;862179;7496480.382599998;0.36071831393525405;3600;0.13196720947060014
Goal_32;1087588;7497704.929900002;0.05555555555555555;861706;7496211.832599999;0.361699503982596;3600;0.1371981256567472
Goal_40;1087588;7497704.929900002;0.5;888659;7497716.0472;0.4832948569996831;2;1.338902030340263E-8
Goal_33;1087588;7497704.929900002;0.1111111111111111;862315;7497720.073800001;0.3606003881885754;3600;0.13875191782348772
Goal_37;1087588;7497704.929900002;0.3333333333333333;863448;7497713.278800004;0.3655479030456006;3600;0.2066299773395911
Goal_39;1087588;7497704.929900002;0.4444444444444444;889479;7625873.733699999;0.44449668208061893;3600;0.004441632130774458
Goal_36;1087588;7497704.929900002;0.2777777777777778;863233;7497515.505399999;0.361501855850682;3601;0.18981348841547815
Goal_34;1087588;7497704.929900002;0.16666666666666666;862207;7491464.202700001;0.36093511434263725;3601;0.15036075361336143
Goal_35;1087588;7497704.929900002;0.2222222222222222;862029;7497730.933999999;0.36111987011409274;3601;0.16893909649581879
Goal_38;1087588;7497704.929900002;0.38888888888888884;882394;7688737.957599997;0.3998523502716602;3601;0.10300987827960542
Goal_42;1087588;9996939.906533336;0.05555555555555555;865839;8969259.291800003;0.36162314547909385;3600;0.1358796991641804
Goal_41;1087588;9996939.906533336;0.0;866131;9077421.026999997;0.3616689842323992;3600;0.1337018971031168
Goal_43;1087588;9996939.906533336;0.1111111111111111;866758;8780785.2963;0.36138637734238027;3600;0.13927075534691716
Goal_44;1087588;9996939.906533336;0.16666666666666666;868155;8836834.283799998;0.3632362063924487;3600;0.15268494064350774
Goal_50;1087588;9996939.906533336;0.5;934154;9996943.915799994;0.4570767877279239;5;0.0
Goal_45;1087588;9996939.906533336;0.2222222222222222;867392;8931671.404;0.36277735006416806;3600;0.1706884135429999
Goal_46;1087588;9996939.906533336;0.2777777777777778;869961;8819337.898500001;0.3640322950942807;3601;0.19498002454906596
Goal_49;1087588;9996939.906533336;0.4444444444444444;933661;9997015.924499998;0.4444394376747457;3600;0.0011402259605828701
Goal_48;1087588;9996939.906533336;0.38888888888888884;921774;9973156.746600002;0.4032471027290974;3600;0.13711787991288138
Goal_47;1087588;9996939.906533336;0.3333333333333333;882674;9180035.050700001;0.3700777076247822;3601;0.21770815552532227
Goal_52;1087588;1.249617488316667E7;0.05555555555555555;866989;9153104.147700002;0.36304286394671786;3600;0.13775764123079223
Goal_51;1087588;1.249617488316667E7;0.0;867545;9133606.474700004;0.36305351202628355;3600;0.13501516992101248
Goal_53;1087588;1.249617488316667E7;0.1111111111111111;867847;9419539.0243;0.36196017066350566;3600;0.13893460795619864
Goal_54;1087588;1.249617488316667E7;0.16666666666666666;868149;9214018.023200002;0.3629449464050088;3600;0.15181921734923634
Goal_60;1087588;1.249617488316667E7;0.5;944381;1.1876375183699997E7;0.4495504013332655;2;0.0
Goal_55;1087588;1.249617488316667E7;0.2222222222222222;868309;8702008.939800002;0.3634157444861697;3600;0.1708760237091498
Goal_59;1087588;1.249617488316667E7;0.4444444444444444;944381;1.1904897965799997E7;0.443681012218381;32;0.0
Goal_57;1087588;1.249617488316667E7;0.3333333333333333;882891;9855464.4744;0.3702791188940619;3601;0.21803136276094978
Goal_56;1087588;1.249617488316667E7;0.2777777777777778;870656;9206892.390800003;0.36417755795750717;3601;0.19386160758865004
Goal_58;1087588;1.249617488316667E7;0.38888888888888884;937183;1.1240755468700005E7;0.4226778359595343;3601;0.29235575312814954
Goal_61;1087588;1.4995409859800003E7;0.0;870516;9117495.701599993;0.3638844553631168;3600;0.13217795236750338
Goal_62;1087588;1.4995409859800003E7;0.05555555555555555;869200;9171371.753500002;0.363280959791755;3600;0.13458549450726193
Goal_63;1087588;1.4995409859800003E7;0.1111111111111111;869294;9336609.150100006;0.3637025248856468;3600;0.14127659383726837
Goal_64;1087588;1.4995409859800003E7;0.16666666666666666;871866;9363807.790800003;0.36475829811030575;3601;0.15020613387198076
Goal_65;1087588;1.4995409859800003E7;0.2222222222222222;867941;9222053.295200003;0.36316644698301703;3600;0.17082303097269952
Goal_70;1087588;1.4995409859800003E7;0.5;944381;1.1876375183699997E7;0.4495504013332655;2;0.0
Goal_66;1087588;1.4995409859800003E7;0.2777777777777778;868358;8665040.4877;0.36244099056753715;3600;0.1928060896734336
Goal_69;1087588;1.4995409859800003E7;0.4444444444444444;944381;1.18942297336E7;0.44441542277743773;25;0.0
Goal_67;1087588;1.4995409859800003E7;0.3333333333333333;882247;9564231.263900002;0.3702127500031686;3601;0.2196341159021172
Goal_79;1087588;1.749464483643334E7;0.4444444444444444;944381;1.18942297336E7;0.44441542277743773;35;0.0
Goal_80;1087588;1.749464483643334E7;0.5;944381;1.1876375183699997E7;0.4495504013332655;3;0.0
Goal_68;1087588;1.4995409859800003E7;0.38888888888888884;937423;1.17786017333E7;0.4231365808824674;3601;0.29434994904172124
Goal_72;1087588;1.749464483643334E7;0.05555555555555555;874432;9723792.590899998;0.3668954160923605;3600;0.12746053759445264
Goal_71;1087588;1.749464483643334E7;0.0;884359;1.0119055711499998E7;0.37324428493445433;3600;0.12627743344482115
Goal_73;1087588;1.749464483643334E7;0.1111111111111111;885249;1.0145502189699998E7;0.3738750227592671;3601;0.13359394258290533
Goal_74;1087588;1.749464483643334E7;0.16666666666666666;875467;9789146.450199997;0.3680089875322536;3600;0.14425566842254267
Goal_75;1087588;1.749464483643334E7;0.2222222222222222;877355;9854517.6728;0.3682385749615131;3600;0.157121746423736
Goal_76;1087588;1.749464483643334E7;0.2777777777777778;881011;1.00328245019E7;0.3719272036155563;3600;0.1813855286519084
Goal_77;1087588;1.749464483643334E7;0.3333333333333333;884514;1.0174362130600004E7;0.3711479353229163;3600;0.18390913432647596
Goal_78;1087588;1.749464483643334E7;0.38888888888888884;913071;1.1323324685300002E7;0.3969356119046041;3601;0.17358237314931085
Goal_90;1087588;1.9993879813066673E7;0.5;944381;1.1876375183699997E7;0.4495504013332655;3;0.0
Goal_89;1087588;1.9993879813066673E7;0.4444444444444444;944381;1.18942297336E7;0.44441542277743773;33;0.0
Goal_81;1087588;1.9993879813066673E7;0.0;864391;9292063.4855;0.36070073327527513;3600;0.12617756275400832
Goal_82;1087588;1.9993879813066673E7;0.05555555555555555;886972;1.02202645995E7;0.3749814017631921;3601;0.12834778531917151
Goal_83;1087588;1.9993879813066673E7;0.1111111111111111;863352;9257056.040299995;0.36056677882022986;3600;0.1347424834279301
Goal_84;1087588;1.9993879813066673E7;0.16666666666666666;875465;9789041.961799998;0.3680092696109905;3601;0.14426036208374446
Goal_85;1087588;1.9993879813066673E7;0.2222222222222222;877355;9854517.6728;0.3682385749615131;3601;0.15712169191475256
Goal_86;1087588;1.9993879813066673E7;0.2777777777777778;881011;1.00328245019E7;0.3719272036155563;3601;0.1813855286519084
Goal_87;1087588;1.9993879813066673E7;0.3333333333333333;884514;1.0174362130600004E7;0.3711479353229163;3600;0.18390913432647596
Goal_88;1087588;1.9993879813066673E7;0.38888888888888884;925882;1.1857300292800004E7;0.40823445789397794;3600;0.2037093006467421
Goal_100;1087588;2.2493114789700005E7;0.5;944381;1.1876375183699997E7;0.4495504013332655;2;0.0
Goal_99;1087588;2.2493114789700005E7;0.4444444444444444;944381;1.18942297336E7;0.44441542277743773;30;0.0
Goal_91;1087588;2.2493114789700005E7;0.0;871098;9573379.786299996;0.36475126741572633;3601;0.12563284600730312
Goal_92;1087588;2.2493114789700005E7;0.05555555555555555;868581;9493814.802900003;0.36284430172945664;3600;0.12644573812396256
Goal_93;1087588;2.2493114789700005E7;0.1111111111111111;873180;9623401.6773;0.36474033232178893;3601;0.1288586633615322
Goal_94;1087588;2.2493114789700005E7;0.16666666666666666;875467;9789146.450199997;0.3680089875322536;3601;0.14425566842254267
Goal_95;1087588;2.2493114789700005E7;0.2222222222222222;877355;9854517.6728;0.3682385749615131;3600;0.15712169191475256
Goal_96;1087588;2.2493114789700005E7;0.2777777777777778;881011;1.00328245019E7;0.3719272036155563;3600;0.18138512039146507
Goal_98;1087588;2.2493114789700005E7;0.38888888888888884;922678;1.1724399666600004E7;0.40546152218006837;3601;0.19666812681382423
Goal_97;1087588;2.2493114789700005E7;0.3333333333333333;884312;1.0185511334099999E7;0.37134788880489367;3600;0.1854032631591568
Goal_101;1037680;0.0;0.0;831384;6067852.686599999;0.3542025196133415;3600;0.10245158839643846
Goal_110;1037680;0.0;0.5;883138;7218292.4877;0.4862508781079832;5;0.0
Goal_102;1037680;0.0;0.05555555555555555;831078;6071803.1379999975;0.3541073580633565;3600;0.10397043014426238
Goal_103;1037680;0.0;0.1111111111111111;836752;6316840.976800002;0.35525489679632277;3600;0.10913683234809508
Goal_104;1037680;0.0;0.16666666666666666;827766;5979717.518799997;0.3513773447346417;3601;0.10984504124940174
Goal_105;1037680;0.0;0.2222222222222222;837575;6354504.2837;0.3550796292605402;3651;0.12633361623932
Goal_106;1037680;0.0;0.2777777777777778;836953;6328831.226500004;0.3548761161504045;3600;0.14368164537267197
Goal_108;1037680;0.0;0.38888888888888884;882061;7639774.646200001;0.4002718063475179;3600;0.07195924822065695
Goal_107;1037680;0.0;0.3333333333333333;848739;6633589.8396000005;0.3648992155598868;3601;0.1478385214159847
Goal_109;1037680;0.0;0.4444444444444444;892310;7765454.216300002;0.44443812180941705;3600;0.002556770734000096
Goal_120;1037680;2499234.976633334;0.5;883138;7218292.4877;0.4862508781079832;2;0.0
Goal_111;1037680;2499234.976633334;0.0;834123;6193879.2365;0.3550813017051482;3600;0.11379183282923493
Goal_112;1037680;2499234.976633334;0.05555555555555555;834371;6201864.142400003;0.3539775491682561;3600;0.11227548108908969
Goal_113;1037680;2499234.976633334;0.1111111111111111;834170;6223603.317399998;0.35365896137324204;3601;0.11684293757776343
Goal_114;1037680;2499234.976633334;0.16666666666666666;832799;6170173.413300001;0.3530859904461713;3601;0.12383241092308576
Goal_115;1037680;2499234.976633334;0.2222222222222222;830096;6057325.3127999995;0.3525163800374157;3601;0.13618987892709344
Goal_116;1037680;2499234.976633334;0.2777777777777778;834087;6210251.208300001;0.35375306914311094;3601;0.16001315114273193
Goal_117;1037680;2499234.976633334;0.3333333333333333;846449;6536512.898699998;0.3647402992443494;3601;0.1713566403039886
Goal_118;1037680;2499234.976633334;0.38888888888888884;878502;7474344.1719;0.3983129453578731;3600;0.07468516109815988
Goal_119;1037680;2499234.976633334;0.4444444444444444;889580;7638129.497700002;0.4444420065257249;3600;0.0038471494735094858
Goal_130;1037680;4998469.953266668;0.5;883138;7218292.4877;0.4862508781079832;2;0.0
Goal_122;1037680;4998469.953266668;0.05555555555555555;829515;6048844.424899999;0.3528360914174152;3600;0.12362377800189708
Goal_121;1037680;4998469.953266668;0.0;834392;6227328.070299999;0.3543333849000058;3601;0.12368202618524027
Goal_123;1037680;4998469.953266668;0.1111111111111111;833189;6156846.5913;0.3548382122851757;3601;0.1317481314792826
Goal_124;1037680;4998469.953266668;0.16666666666666666;835942;6291094.596399997;0.3544098662951186;3601;0.14033076415249562
Goal_125;1037680;4998469.953266668;0.2222222222222222;833092;6165418.3152;0.3542476790535266;3601;0.15731018996429857
Goal_126;1037680;4998469.953266668;0.2777777777777778;834036;6172416.148199996;0.35578727286357453;3601;0.18975445157508614
Goal_127;1037680;4998469.953266668;0.3333333333333333;858020;7049627.902499999;0.3662077921974062;3600;0.2044673923311439
Goal_128;1037680;4998469.953266668;0.38888888888888884;881129;7612905.862500001;0.3991444356465205;3600;0.09746884221380352
Goal_129;1037680;4998469.953266668;0.4444444444444444;890027;7651804.417299997;0.4444460381371026;3600;0.003882636387127617
Goal_131;1037680;7497704.929900002;0.0;861867;7497744.412699997;0.3592840066465658;3601;0.14271622374939333
Goal_132;1037680;7497704.929900002;0.05555555555555555;862262;7493415.5633;0.36176663699102574;3601;0.15144381135861995
Goal_140;1037680;7497704.929900002;0.5;888659;7497716.0472;0.4832948569996831;3;0.0
Goal_133;1037680;7497704.929900002;0.1111111111111111;862040;7489429.834200001;0.3604419418999166;3601;0.154856996589885
Goal_134;1037680;7497704.929900002;0.16666666666666666;861908;7497673.734000001;0.36139003673299;3601;0.1713045813435404
Goal_135;1037680;7497704.929900002;0.2222222222222222;862363;7497628.385200001;0.36078285019570555;3601;0.19091239251076514
Goal_136;1037680;7497704.929900002;0.2777777777777778;863027;7497732.643200002;0.3621125364668286;3601;0.2254935314832351
Goal_137;1037680;7497704.929900002;0.3333333333333333;870902;7644345.402899999;0.36978481933479596;3600;0.2602618988228392
Goal_138;1037680;7497704.929900002;0.38888888888888884;883678;7817037.420400003;0.39590198541445837;3601;0.10386506422506962
Goal_139;1037680;7497704.929900002;0.4444444444444444;889419;7621699.4018;0.444449226000671;3600;0.005097871105784627
Goal_141;1037680;9996939.906533336;0.0;867471;8608865.8969;0.36283022023599876;3601;0.149246020421206
Goal_143;1037680;9996939.906533336;0.1111111111111111;867067;8632542.244899994;0.3623974051767517;3600;0.15802690780529577
Goal_142;1037680;9996939.906533336;0.05555555555555555;867913;8267118.5661999965;0.3629004204647213;3600;0.1508484799870589
Goal_144;1037680;9996939.906533336;0.16666666666666666;866483;9087545.345000006;0.3609855906931992;3601;0.1679872066075267
Goal_145;1037680;9996939.906533336;0.2222222222222222;868302;8250309.846800001;0.36364694043624013;3601;0.19615239981979754
Goal_150;1037680;9996939.906533336;0.5;934154;9996943.915799994;0.4570767877279239;6;0.0
Goal_146;1037680;9996939.906533336;0.2777777777777778;869973;8717747.0434;0.3633661550762812;3601;0.2261745289570057
Goal_147;1037680;9996939.906533336;0.3333333333333333;881588;9204028.477900002;0.36925120741133866;3601;0.26830463624084927
Goal_148;1037680;9996939.906533336;0.38888888888888884;921385;9965377.966800002;0.4024787751565017;3601;0.18019306990945005
Goal_159;1037680;1.249617488316667E7;0.4444444444444444;944381;1.1904897965799997E7;0.443681012218381;30;0.0
Goal_160;1037680;1.249617488316667E7;0.5;944381;1.1876375183699997E7;0.4495504013332655;3;0.0
Goal_149;1037680;9996939.906533336;0.4444444444444444;933187;9997085.918199997;0.4444333618708483;3600;0.009280181214462144
Goal_151;1037680;1.249617488316667E7;0.0;868260;9136504.208299998;0.3624371612626302;3601;0.146612485744406
Goal_152;1037680;1.249617488316667E7;0.05555555555555555;868633;9263616.837199999;0.3626879926003168;3600;0.14885035155337142
Goal_153;1037680;1.249617488316667E7;0.1111111111111111;867677;9217095.784000004;0.36190740809010746;3601;0.15530937726326313
Goal_155;1037680;1.249617488316667E7;0.2222222222222222;866752;8936744.267099997;0.36174691324915664;3601;0.19281004737950805
Goal_156;1037680;1.249617488316667E7;0.2777777777777778;868616;8750773.595200006;0.3633432037546321;3600;0.22971850199729807
Goal_154;1037680;1.249617488316667E7;0.16666666666666666;868304;9184897.481899995;0.3632933039248425;3601;0.17179767361863937
Goal_157;1037680;1.249617488316667E7;0.3333333333333333;882711;9914020.300900001;0.37010504737976524;3601;0.26917167210236603
Goal_158;1037680;1.249617488316667E7;0.38888888888888884;938118;1.0887207865899991E7;0.42416212055945424;3601;0.39011118291202707
Goal_170;1037680;1.4995409859800003E7;0.5;944381;1.1876375183699997E7;0.4495504013332655;3;0.0
Goal_169;1037680;1.4995409859800003E7;0.4444444444444444;944381;1.18942297336E7;0.44441542277743773;33;0.0
Goal_161;1037680;1.4995409859800003E7;0.0;868400;9110382.872300003;0.36309329419164854;3600;0.14828816631541797
Goal_162;1037680;1.4995409859800003E7;0.05555555555555555;867958;9178876.748199996;0.36283917481759986;3601;0.1505801991427717
Goal_164;1037680;1.4995409859800003E7;0.16666666666666666;866702;9190725.123000007;0.36120208499928996;3600;0.1682429619801651
Goal_163;1037680;1.4995409859800003E7;0.1111111111111111;868407;9084240.351400003;0.3629653756377466;3601;0.1571557258567192
Goal_165;1037680;1.4995409859800003E7;0.2222222222222222;868054;9320019.2249;0.36300317097347273;3600;0.1943810966719679
Goal_168;1037680;1.4995409859800003E7;0.38888888888888884;938280;1.1825701373499993E7;0.42480653204393315;3600;0.39378424825267483
Goal_167;1037680;1.4995409859800003E7;0.3333333333333333;883819;9469626.0178;0.3707825022433463;3601;0.2691156326401415
Goal_166;1037680;1.4995409859800003E7;0.2777777777777778;876658;8987580.390000006;0.3661096170949131;3601;0.21955252914123818
Goal_180;1037680;1.749464483643334E7;0.5;944381;1.1876375183699997E7;0.4495504013332655;2;0.0
Goal_179;1037680;1.749464483643334E7;0.4444444444444444;944381;1.18942297336E7;0.44441542277743773;28;0.0
Goal_171;1037680;1.749464483643334E7;0.0;863306;9260116.6033;0.36085224175122976;3601;0.1424645879892057
Goal_172;1037680;1.749464483643334E7;0.05555555555555555;868560;9475925.523299998;0.3634296832303601;3601;0.14231574105211195
Goal_173;1037680;1.749464483643334E7;0.1111111111111111;880651;9984872.1215;0.3709686440748408;3601;0.1488932117297373
Goal_174;1037680;1.749464483643334E7;0.16666666666666666;866761;9428052.8228;0.36301089509664786;3601;0.16401879031841649
Goal_175;1037680;1.749464483643334E7;0.2222222222222222;870707;9587281.158;0.36446748516673844;3601;0.18116603454018257
Goal_176;1037680;1.749464483643334E7;0.2777777777777778;880326;1.0004309218199994E7;0.3712661674308466;3600;0.21158872207865786
Goal_177;1037680;1.749464483643334E7;0.3333333333333333;884451;1.0168636997399999E7;0.37139735969491744;3601;0.22908773428335755
Goal_178;1037680;1.749464483643334E7;0.38888888888888884;916695;1.1486093604100006E7;0.4008146801590583;3600;0.253937478551916
Goal_181;1037680;1.9993879813066673E7;0.0;877543;9851803.788000003;0.3680718961997623;3600;0.137205159832957
Goal_190;1037680;1.9993879813066673E7;0.5;944381;1.1876375183699997E7;0.4495504013332655;2;0.0
Goal_182;1037680;1.9993879813066673E7;0.05555555555555555;867418;9430810.098899998;0.36266835552154103;3601;0.14220131008866507
Goal_189;1037680;1.9993879813066673E7;0.4444444444444444;944381;1.18942297336E7;0.44441542277743773;30;0.0
Goal_183;1037680;1.9993879813066673E7;0.1111111111111111;884335;1.0120963735999996E7;0.3730017095468119;3600;0.14811320731024227
Goal_184;1037680;1.9993879813066673E7;0.16666666666666666;866761;9428052.8228;0.36301089509664786;3601;0.16401879031841649
Goal_185;1037680;1.9993879813066673E7;0.2222222222222222;870707;9587281.158;0.36446748516673844;3601;0.18116603454018257
Goal_186;1037680;1.9993879813066673E7;0.2777777777777778;880326;1.0004309218199994E7;0.3712661674308466;3600;0.21158872207865786
Goal_187;1037680;1.9993879813066673E7;0.3333333333333333;884451;1.0168636997399999E7;0.37139735969491744;3600;0.22908773428335755
Goal_188;1037680;1.9993879813066673E7;0.38888888888888884;914851;1.1398801173300004E7;0.39741363809865987;3601;0.22958822477481042
Goal_191;1037680;2.2493114789700005E7;0.0;866062;9378321.5987;0.3619903035912702;3600;0.14064931104955863
Goal_192;1037680;2.2493114789700005E7;0.05555555555555555;892326;1.0443214767599998E7;0.3780495631519418;3601;0.14196017645675832
Goal_200;1037680;2.2493114789700005E7;0.5;944381;1.1876375183699997E7;0.4495504013332655;3;0.0
Goal_199;1037680;2.2493114789700005E7;0.4444444444444444;944381;1.18942297336E7;0.44441542277743773;27;0.0
Goal_193;1037680;2.2493114789700005E7;0.1111111111111111;878578;9880290.5407;0.37017982640305624;3601;0.15047844488364867
Goal_194;1037680;2.2493114789700005E7;0.16666666666666666;866761;9428052.8228;0.36301089509664786;3601;0.16401879031841649
Goal_195;1037680;2.2493114789700005E7;0.2222222222222222;874731;9767304.586199995;0.3667910954293933;3600;0.1803953090996834
Goal_196;1037680;2.2493114789700005E7;0.2777777777777778;880323;1.0004610131799994E7;0.37123893853674245;3600;0.2114768412252983
Goal_197;1037680;2.2493114789700005E7;0.3333333333333333;884484;1.0196662506499996E7;0.3714219143095846;3601;0.22893253895490448
Goal_198;1037680;2.2493114789700005E7;0.38888888888888884;915841;1.1450955267799998E7;0.3994887523485856;3601;0.24614909333320098
Goal_210;987772;0.0;0.5;883138;7218292.4877;0.4862508781079832;6;0.0
Goal_202;987772;0.0;0.05555555555555555;831996;6086922.254799997;0.35605435149639353;3600;0.1173972863665513
Goal_201;987772;0.0;0.0;834218;6209068.8719999995;0.35448776290824824;3600;0.11241961760242998
Goal_203;987772;0.0;0.1111111111111111;831630;6066060.208699996;0.35521263491113114;3600;0.11963097666370595
Goal_204;987772;0.0;0.16666666666666666;830067;6061915.367900004;0.35171134119407826;3601;0.12081720355643087
Goal_205;987772;0.0;0.2222222222222222;834775;6221615.245999997;0.35509804973825654;3601;0.14090367057321565
Goal_206;987772;0.0;0.2777777777777778;833965;6204669.7293000035;0.3539172213956119;3600;0.16029796822216552
Goal_207;987772;0.0;0.3333333333333333;852705;6771180.650100006;0.365593888971518;3600;0.1706454553728368
Goal_208;987772;0.0;0.38888888888888884;880985;7602946.078900008;0.40120098244634206;3600;0.09130690746207423
Goal_209;987772;0.0;0.4444444444444444;887088;7516894.302600001;0.44444783309910924;3600;0.004183132972719573
Goal_220;987772;2499234.976633334;0.5;883138;7218292.4877;0.4862508781079832;4;0.0
Goal_211;987772;2499234.976633334;0.0;835744;6290056.784699996;0.35442600433042937;3601;0.12386322154725574
Goal_212;987772;2499234.976633334;0.05555555555555555;829557;6046455.6428;0.35362462651123183;3601;0.1257303869365931
Goal_213;987772;2499234.976633334;0.1111111111111111;831948;6117400.441099997;0.3546494590008064;3601;0.13217108241184378
Goal_214;987772;2499234.976633334;0.16666666666666666;829080;6034884.679500001;0.3511328809348167;3601;0.1340368413025228
Goal_215;987772;2499234.976633334;0.2222222222222222;826085;5909671.448599997;0.35289896583049507;3601;0.1571284001231666
Goal_216;987772;2499234.976633334;0.2777777777777778;836478;6309352.798499994;0.35508504063359386;3601;0.18807293694451732
Goal_217;987772;2499234.976633334;0.3333333333333333;849566;6615332.710999996;0.36523923732818336;3601;0.20084516623206114
Goal_218;987772;2499234.976633334;0.38888888888888884;880983;7741786.3979;0.3927187894771788;3601;0.06295945928498228
Goal_219;987772;2499234.976633334;0.4444444444444444;890548;7678176.951999999;0.4444445100444275;3600;0.00398167637418137
Goal_230;987772;4998469.953266668;0.5;883138;7218292.4877;0.4862508781079832;3;0.0
Goal_221;987772;4998469.953266668;0.0;828498;6006907.215899998;0.3526591818928715;3601;0.135320524608269
Goal_222;987772;4998469.953266668;0.05555555555555555;829310;6019405.841500003;0.35314471652753154;3600;0.1377239900021751
Goal_223;987772;4998469.953266668;0.1111111111111111;830026;6056972.251900002;0.3524812370187443;3601;0.1422804570466868
Goal_225;987772;4998469.953266668;0.2222222222222222;833679;6160068.698099997;0.35555978376215597;3600;0.18333682202864374
Goal_224;987772;4998469.953266668;0.16666666666666666;834046;6201155.864799997;0.35401005171997674;3601;0.15717194786450195
Goal_226;987772;4998469.953266668;0.2777777777777778;834514;6199012.682400004;0.3549880678671344;3600;0.21978343609401324
Goal_228;987772;4998469.953266668;0.38888888888888884;877529;7376209.135000003;0.40294202027296655;3600;0.15160068901385368
Goal_227;987772;4998469.953266668;0.3333333333333333;849701;6626799.2193;0.36746128563848934;3601;0.2571547747965055
Goal_229;987772;4998469.953266668;0.4444444444444444;890071;7654636.091900001;0.44444587129016744;3600;0.005326769530998377
Goal_240;987772;7497704.929900002;0.5;888659;7497716.0472;0.4832948569996831;4;0.0
Goal_231;987772;7497704.929900002;0.0;862156;7495029.843600005;0.36136697048939787;3601;0.16632847198708944
Goal_232;987772;7497704.929900002;0.05555555555555555;862087;7497742.603600002;0.3614596854115792;3600;0.16954414934637352
Goal_233;987772;7497704.929900002;0.1111111111111111;862194;7497664.720399998;0.3617381159747357;3600;0.17916688245517146
Goal_234;987772;7497704.929900002;0.16666666666666666;861394;7487091.090700003;0.3596555153681542;3600;0.19065200810368635
Goal_236;987772;7497704.929900002;0.2777777777777778;863444;7496942.355700003;0.36217349961968553;3600;0.27233445263422557
Goal_235;987772;7497704.929900002;0.2222222222222222;862077;7505238.489800003;0.3602165784064497;3600;0.22138792301576715
Goal_237;987772;7497704.929900002;0.3333333333333333;869154;7558294.343499998;0.36997979431975486;3601;0.3355590456175455
Goal_238;987772;7497704.929900002;0.38888888888888884;883129;7708940.9168000035;0.3988661877479197;3601;0.1701429102565767
Goal_239;987772;7497704.929900002;0.4444444444444444;891167;7712407.762700002;0.4444429319713095;3600;0.007936877751809604
Goal_250;987772;9996939.906533336;0.5;934154;9996943.915799994;0.4570767877279239;3;0.0
Goal_241;987772;9996939.906533336;0.0;867333;9033611.362200003;0.36141408589858415;3601;0.16325737734550755
Goal_242;987772;9996939.906533336;0.05555555555555555;866634;8794513.558200002;0.3611549631301409;3601;0.16662337307660288
Goal_243;987772;9996939.906533336;0.1111111111111111;867268;8940825.447300004;0.3621804648574958;3601;0.17763239745351797
Goal_244;987772;9996939.906533336;0.16666666666666666;867867;8724816.078299996;0.3632818130709964;3601;0.19754199468532707
Goal_245;987772;9996939.906533336;0.2222222222222222;873026;8599263.915600006;0.36472956060474376;3601;0.22096849613871217
Goal_247;987772;9996939.906533336;0.3333333333333333;883016;9413022.615400003;0.3702829485188072;3600;0.3523685540366698
Goal_246;987772;9996939.906533336;0.2777777777777778;869995;8242112.6428000005;0.36395945577953576;3601;0.2762300402319433
Goal_248;987772;9996939.906533336;0.38888888888888884;922606;9994652.2759;0.4041048615761273;3601;0.29320010580432015
Goal_249;987772;9996939.906533336;0.4444444444444444;933605;9996958.561899992;0.44443456450054286;3600;0.010123647463350465
Goal_260;987772;1.249617488316667E7;0.5;944381;1.1876375183699997E7;0.4495504013332655;2;0.0
Goal_251;987772;1.249617488316667E7;0.0;872993;9101998.685600005;0.36470670323821935;3601;0.16230513866506294
Goal_252;987772;1.249617488316667E7;0.05555555555555555;865891;9007691.042200007;0.3608871487968994;3601;0.16729670455311627
Goal_259;987772;1.249617488316667E7;0.4444444444444444;944381;1.1904053595399998E7;0.4437532596738037;33;0.0
Goal_253;987772;1.249617488316667E7;0.1111111111111111;866433;9040414.7406;0.36106761787651065;3601;0.17563968178137043
Goal_254;987772;1.249617488316667E7;0.16666666666666666;871240;9307616.951900002;0.36402120533380383;3601;0.19240842555978457
Goal_255;987772;1.249617488316667E7;0.2222222222222222;868031;9457270.1067;0.36290572796625636;3601;0.22646552457741967
Goal_256;987772;1.249617488316667E7;0.2777777777777778;871233;8838938.188800002;0.3648174696955692;3601;0.2765999200943422
Goal_257;987772;1.249617488316667E7;0.3333333333333333;882902;9721588.317100003;0.37021730175741774;3601;0.35239909563987093
Goal_258;987772;1.249617488316667E7;0.38888888888888884;932193;1.1646851469000002E7;0.42287228542842575;3601;0.5763071980666796
Goal_270;987772;1.4995409859800003E7;0.5;944381;1.1876375183699997E7;0.4495504013332655;3;0.0
Goal_261;987772;1.4995409859800003E7;0.0;875101;9315246.39030001;0.3658174691792064;3600;0.16159314465106633
Goal_262;987772;1.4995409859800003E7;0.05555555555555555;872201;9322729.076100009;0.36466054247689544;3601;0.16655448061603714
Goal_263;987772;1.4995409859800003E7;0.1111111111111111;874073;9268197.882000007;0.36497321813828937;3601;0.17241742466643095
Goal_269;987772;1.4995409859800003E7;0.4444444444444444;944381;1.1904897965799997E7;0.443681012218381;35;0.0
Goal_264;987772;1.4995409859800003E7;0.16666666666666666;867027;8532775.890600003;0.36382827016192126;3601;0.2014688332265848
Goal_265;987772;1.4995409859800003E7;0.2222222222222222;867689;9144302.039900003;0.3632885428447622;3601;0.22890947497365816
Goal_266;987772;1.4995409859800003E7;0.2777777777777778;871795;9303230.813299997;0.3650795091707201;3601;0.27615326005960233
Goal_267;987772;1.4995409859800003E7;0.3333333333333333;882186;9735165.946;0.369555167646751;3600;0.35100306648200796
Goal_279;987772;1.749464483643334E7;0.4444444444444444;944381;1.1904897965799997E7;0.443681012218381;35;0.0
Goal_280;987772;1.749464483643334E7;0.5;944381;1.1876375183699997E7;0.4495504013332655;3;0.0
Goal_268;987772;1.4995409859800003E7;0.38888888888888884;938446;1.1775145149299992E7;0.42501314345511726;3600;0.5686717097297183
Goal_271;987772;1.749464483643334E7;0.0;888000;1.0261838997099997E7;0.37590937683302694;3600;0.15874097299545858
Goal_272;987772;1.749464483643334E7;0.05555555555555555;882567;1.0048020677200003E7;0.3721910053930007;3601;0.16010670114381767
Goal_273;987772;1.749464483643334E7;0.1111111111111111;872702;9648025.613299996;0.36489947894083546;3601;0.1645830463383091
Goal_274;987772;1.749464483643334E7;0.16666666666666666;873928;9736102.9372;0.36766712175243543;3600;0.1881389429961335
Goal_275;987772;1.749464483643334E7;0.2222222222222222;876851;9840275.595099999;0.3693351910859711;3600;0.21571125094168425
Goal_276;987772;1.749464483643334E7;0.2777777777777778;864372;9332752.262699995;0.3611822792364008;3601;0.25535721408866097
Goal_277;987772;1.749464483643334E7;0.3333333333333333;884429;1.0179378238899995E7;0.37123309065232946;3601;0.29874835457832066
Goal_278;987772;1.749464483643334E7;0.38888888888888884;920950;1.1659160491700005E7;0.40338945982032254;3601;0.3918945900717634
Goal_290;987772;1.9993879813066673E7;0.5;944381;1.1876375183699997E7;0.4495504013332655;3;0.0
Goal_289;987772;1.9993879813066673E7;0.4444444444444444;944381;1.1904897965799997E7;0.443681012218381;34;0.0
Goal_281;987772;1.9993879813066673E7;0.0;888000;1.0261838997099997E7;0.37590937683302694;3601;0.15874097299545858
Goal_282;987772;1.9993879813066673E7;0.05555555555555555;882677;1.0054961750200003E7;0.3720919822089922;3601;0.15953845584720752
Goal_283;987772;1.9993879813066673E7;0.1111111111111111;872702;9648025.613299996;0.36489947894083546;3600;0.1645830463383091
Goal_284;987772;1.9993879813066673E7;0.16666666666666666;873928;9736102.9372;0.36766712175243543;3601;0.1881389429961335
Goal_285;987772;1.9993879813066673E7;0.2222222222222222;876851;9840275.595099999;0.3693351910859711;3601;0.21571091199531026
Goal_286;987772;1.9993879813066673E7;0.2777777777777778;864372;9332752.262699995;0.3611822792364008;3601;0.25535721408866097
Goal_287;987772;1.9993879813066673E7;0.3333333333333333;884429;1.0179378238899995E7;0.37123309065232946;3601;0.29874835457832066
Goal_288;987772;1.9993879813066673E7;0.38888888888888884;924237;1.1781847888200002E7;0.40642774169713347;3601;0.4073393343396814
Goal_300;987772;2.2493114789700005E7;0.5;944381;1.1876375183699997E7;0.4495504013332655;2;0.0
Goal_299;987772;2.2493114789700005E7;0.4444444444444444;944381;1.1904897965799997E7;0.443681012218381;29;0.0
Goal_291;987772;2.2493114789700005E7;0.0;880592;9965942.759500004;0.3714176731164231;3601;0.15896145405822815
Goal_292;987772;2.2493114789700005E7;0.05555555555555555;867030;9397608.7057;0.3617637047606239;3601;0.1577683515088054
Goal_293;987772;2.2493114789700005E7;0.1111111111111111;865594;9348922.613400001;0.36142890121695087;3601;0.1681603195620585
Goal_294;987772;2.2493114789700005E7;0.16666666666666666;873932;9736165.601600002;0.36766238836825044;3601;0.1881119140288471
Goal_295;987772;2.2493114789700005E7;0.2222222222222222;876851;9840275.595099999;0.3693351910859711;3601;0.21571091199531026
Goal_296;987772;2.2493114789700005E7;0.2777777777777778;864372;9332752.262699995;0.3611822792364008;3600;0.25535721408866097
Goal_297;987772;2.2493114789700005E7;0.3333333333333333;883709;1.014764309859999E7;0.37045403526765397;3600;0.2964071959824969
Goal_298;987772;2.2493114789700005E7;0.38888888888888884;917014;1.14793171425E7;0.40076734024707095;3600;0.3896403235975815
Goal_310;937864;0.0;0.5;883138;7218292.4877;0.4862508781079832;2;1.781106308076888E-16
Goal_301;937864;0.0;0.0;833438;6157536.822999996;0.35486801750906466;3600;0.12422412025840268
Goal_302;937864;0.0;0.05555555555555555;832826;6161484.211899998;0.3538486780670046;3600;0.12435098257257261
Goal_303;937864;0.0;0.1111111111111111;832274;6107099.125099998;0.3544001742204724;3600;0.1302300445857385
Goal_304;937864;0.0;0.16666666666666666;834976;6237183.5802;0.35528631348734013;3600;0.14261336173203762
Goal_305;937864;0.0;0.2222222222222222;840353;6466448.8003;0.3563004865216208;3601;0.16122450857709333
Goal_306;937864;0.0;0.2777777777777778;833551;6163116.402599998;0.3556576371248883;3601;0.189937843543251
Goal_307;937864;0.0;0.3333333333333333;843846;6407704.212799997;0.3677079210940942;3601;0.21684765989141505
Goal_308;937864;0.0;0.38888888888888884;881954;7647090.9115;0.4013934387939893;3600;0.11211516480064475
Goal_309;937864;0.0;0.4444444444444444;890798;7689574.6959;0.4444445022589752;3600;0.0038390164808047465
Goal_320;937864;2499234.976633334;0.5;883138;7218292.4877;0.4862508781079832;5;0.0
Goal_311;937864;2499234.976633334;0.0;834033;6222527.042099996;0.3534541810797791;3601;0.13540902002295047
Goal_312;937864;2499234.976633334;0.05555555555555555;833076;6172652.040199997;0.3549610210043641;3601;0.14188968520756526
Goal_313;937864;2499234.976633334;0.1111111111111111;833081;6172513.357199997;0.35493704291124256;3600;0.14852249514145072
Goal_314;937864;2499234.976633334;0.16666666666666666;833840;6161561.251899997;0.35506248870082935;3601;0.15957503426057357
Goal_315;937864;2499234.976633334;0.2222222222222222;833524;6173225.152999998;0.35519242359114456;3600;0.18317095403433103
Goal_316;937864;2499234.976633334;0.2777777777777778;833458;6190165.883599999;0.35335561346686173;3600;0.21558251647811433
Goal_317;937864;2499234.976633334;0.3333333333333333;855524;6840296.7407;0.3700256465351139;3600;0.26738833404423035
Goal_318;937864;2499234.976633334;0.38888888888888884;881692;7647990.311400003;0.40099404388471416;3601;0.14160936947426533
Goal_319;937864;2499234.976633334;0.4444444444444444;890383;7671286.100600001;0.4444562240404697;3600;0.005652079174297113
Goal_330;937864;4998469.953266668;0.5;883138;7218292.4877;0.4862508781079832;4;0.0
Goal_321;937864;4998469.953266668;0.0;833548;6180872.023099996;0.35486208478528597;3601;0.15601131360527482
Goal_322;937864;4998469.953266668;0.05555555555555555;832981;6130167.925000001;0.35626183856398375;3601;0.1623158781634951
Goal_324;937864;4998469.953266668;0.16666666666666666;833901;6181576.747999997;0.35521831993439257;3601;0.1841313160452019
Goal_323;937864;4998469.953266668;0.1111111111111111;833510;6148361.467699996;0.35434641417153706;3601;0.16405420686820052
Goal_325;937864;4998469.953266668;0.2222222222222222;834651;6197368.360300004;0.35658595828730505;3601;0.21797281390175507
Goal_326;937864;4998469.953266668;0.2777777777777778;834309;6213880.446800003;0.3546454444402797;3601;0.2666689150111868
Goal_327;937864;4998469.953266668;0.3333333333333333;852831;6755097.567499997;0.36754367145574024;3600;0.3297975165812586
Goal_328;937864;4998469.953266668;0.38888888888888884;877041;7375372.223799999;0.3971902169408677;3601;0.14728452713576856
Goal_329;937864;4998469.953266668;0.4444444444444444;890783;7691882.606799998;0.4444506081281736;3600;0.008232157671535706
Goal_340;937864;7497704.929900002;0.5;888659;7497716.0472;0.4832948569996831;3;0.0
Goal_331;937864;7497704.929900002;0.0;862187;7496988.7672000015;0.3612951066172629;3601;0.18908442642605353
Goal_332;937864;7497704.929900002;0.05555555555555555;861972;7497747.884799999;0.360311352958988;3601;0.189625539610227
Goal_333;937864;7497704.929900002;0.1111111111111111;862089;7497778.305199998;0.3610007449109666;3601;0.2034684862893928
Goal_334;937864;7497704.929900002;0.16666666666666666;862468;7498463.622000001;0.361606783264136;3600;0.22784332388727696
Goal_335;937864;7497704.929900002;0.2222222222222222;862141;7500798.943000002;0.3600087088785394;3601;0.2640465152625241
Goal_336;937864;7497704.929900002;0.2777777777777778;862640;7497639.6552000055;0.3605907330795895;3601;0.3373062720127671
Goal_337;937864;7497704.929900002;0.3333333333333333;870907;7657100.729399996;0.36987456596567114;3600;0.46871852034968464
Goal_338;937864;7497704.929900002;0.38888888888888884;883543;7771938.374499999;0.39947159018999007;3600;0.2991592193549916
Goal_339;937864;7497704.929900002;0.4444444444444444;888818;7614202.372199999;0.4444840745783031;3600;0.025346698813481373
Goal_350;937864;9996939.906533336;0.5;934154;9996943.915799994;0.4570767877279241;9;0.0
Goal_341;937864;9996939.906533336;0.0;867805;8899905.351500003;0.3631290358819093;3601;0.1913172927402417
Goal_342;937864;9996939.906533336;0.05555555555555555;867738;9040679.310800003;0.3625616956181877;3601;0.1930757822859929
Goal_343;937864;9996939.906533336;0.1111111111111111;866719;8909301.947400006;0.36148478137603784;3601;0.20324952035785043
Goal_344;937864;9996939.906533336;0.16666666666666666;865628;8957856.620800003;0.36069615368728297;3601;0.22599130011234636
Goal_345;937864;9996939.906533336;0.2222222222222222;866566;8847662.721899997;0.36376740985482614;3601;0.2800562430117413
Goal_346;937864;9996939.906533336;0.2777777777777778;870356;9051699.587199999;0.36471059205181167;3601;0.35234223061942355
Goal_347;937864;9996939.906533336;0.3333333333333333;883265;9487206.497299995;0.3703280995236401;3601;0.5094591701896614
Goal_348;937864;9996939.906533336;0.38888888888888884;921785;9967420.7536;0.4031288779876948;3601;0.6379339355313888
Goal_349;937864;9996939.906533336;0.4444444444444444;933637;1.0003726964099994E7;0.4446324125046401;3600;0.21436159177559574
Goal_360;937864;1.249617488316667E7;0.5;937864;1.15297556601E7;0.4547048384952189;2;0.0
Goal_359;937864;1.249617488316667E7;0.4444444444444444;937866;1.0991107101499995E7;0.4444365960444708;262;0.0
Goal_351;937864;1.249617488316667E7;0.0;868051;9210365.940199995;0.3628049129587405;3601;0.18959736005451458
Goal_352;937864;1.249617488316667E7;0.05555555555555555;871949;9284373.933299996;0.3643674828002533;3601;0.18993233240972227
Goal_353;937864;1.249617488316667E7;0.1111111111111111;868461;9261613.0954;0.36262268454314345;3601;0.20337141769135897
Goal_354;937864;1.249617488316667E7;0.16666666666666666;867608;9078353.0724;0.36324808429012667;3601;0.23130417759012814
Goal_355;937864;1.249617488316667E7;0.2222222222222222;867656;8854486.3761;0.3631008197345202;3600;0.2738722117177899
Goal_356;937864;1.249617488316667E7;0.2777777777777778;871240;8783117.639099997;0.36548165103384855;3600;0.35346396006967584
Goal_357;937864;1.249617488316667E7;0.3333333333333333;882894;9374692.652900001;0.37013139353247043;3601;0.5097028273865256
Goal_358;937864;1.249617488316667E7;0.38888888888888884;937046;1.1718050503600003E7;0.42373527452829735;3601;0.9889713725741668
Goal_370;937864;1.4995409859800003E7;0.5;937864;1.15297556601E7;0.4547048384952189;3;0.0
Goal_361;937864;1.4995409859800003E7;0.0;868821;8756441.096700003;0.3631566144778699;3600;0.18910778700052636
Goal_362;937864;1.4995409859800003E7;0.05555555555555555;867417;9440651.166600006;0.3622911299863879;3601;0.19283224667635518
Goal_369;937864;1.4995409859800003E7;0.4444444444444444;937864;1.1073727694599992E7;0.4444150423146709;317;0.0
Goal_363;937864;1.4995409859800003E7;0.1111111111111111;867875;8902782.067400005;0.36243870794325744;3600;0.2040882064316328
Goal_364;937864;1.4995409859800003E7;0.16666666666666666;874852;9307095.968300004;0.3663325334118093;3600;0.22517283143134795
Goal_365;937864;1.4995409859800003E7;0.2222222222222222;866132;8887185.8228;0.3619337332043436;3601;0.27294461975494416
Goal_366;937864;1.4995409859800003E7;0.2777777777777778;869432;9012246.984400008;0.36603156657644004;3600;0.3624949816616343
Goal_367;937864;1.4995409859800003E7;0.3333333333333333;882098;9870313.444699997;0.36862084805042855;3601;0.5023968846786702
Goal_368;937864;1.4995409859800003E7;0.38888888888888884;925582;1.1311568399500005E7;0.41087934739228793;3601;0.9862572690169372
Goal_380;937864;1.749464483643334E7;0.5;937864;1.15297556601E7;0.4547048384952189;3;0.0
Goal_371;937864;1.749464483643334E7;0.0;868285;9464995.932199996;0.363547733907749;3601;0.1805325998570154
Goal_372;937864;1.749464483643334E7;0.05555555555555555;887474;1.0227880529700002E7;0.3747892166104536;3601;0.18133978196811196
Goal_379;937864;1.749464483643334E7;0.4444444444444444;937902;1.2296946202699997E7;0.4442667474505206;194;0.0
Goal_373;937864;1.749464483643334E7;0.1111111111111111;878412;9884496.080699993;0.3682857943847398;3601;0.18886523895548418
Goal_374;937864;1.749464483643334E7;0.16666666666666666;892582;1.0508044721600002E7;0.37938158294943713;3600;0.22069692872347785
Goal_375;937864;1.749464483643334E7;0.2222222222222222;889134;1.03545706448E7;0.3768800044101032;3601;0.2586176787484207
Goal_376;937864;1.749464483643334E7;0.2777777777777778;874080;9724764.3465;0.36567024535249587;3600;0.3131871189512049
Goal_377;937864;1.749464483643334E7;0.3333333333333333;883834;1.0150088625999998E7;0.37062598880077335;3601;0.43049114560913304
Goal_378;937864;1.749464483643334E7;0.38888888888888884;924944;1.1788455691200003E7;0.40711648978862913;3601;0.8609418021086241
Goal_390;937864;1.9993879813066673E7;0.5;937864;1.15297556601E7;0.4547048384952189;2;0.0
Goal_381;937864;1.9993879813066673E7;0.0;887717;1.0286597594400007E7;0.3758418953910216;3601;0.18131383600038578
Goal_382;937864;1.9993879813066673E7;0.05555555555555555;887474;1.0226403176700003E7;0.3747004662383244;3601;0.18100000517720072
Goal_383;937864;1.9993879813066673E7;0.1111111111111111;878457;9867672.957799999;0.3692399315206798;3600;0.19252686075742034
Goal_389;937864;1.9993879813066673E7;0.4444444444444444;938073;1.2247119711399995E7;0.44444444557679597;164;0.0
Goal_384;937864;1.9993879813066673E7;0.16666666666666666;892582;1.0508044721600002E7;0.37938158294943713;3601;0.22069692362248375
Goal_385;937864;1.9993879813066673E7;0.2222222222222222;889111;1.03538691164E7;0.37687092304843806;3601;0.25864158927784436
Goal_386;937864;1.9993879813066673E7;0.2777777777777778;875849;9793215.433400001;0.36782935909781633;3600;0.3194489545110651
Goal_387;937864;1.9993879813066673E7;0.3333333333333333;883834;1.0150088625999998E7;0.37062598880077335;3601;0.43049114560913304
Goal_388;937864;1.9993879813066673E7;0.38888888888888884;924944;1.1788455691200003E7;0.40711648978862913;3601;0.8609418021086241
Goal_400;937864;2.2493114789700005E7;0.5;937864;1.15297556601E7;0.4547048384952189;3;0.0
Goal_391;937864;2.2493114789700005E7;0.0;868264;9466096.857799998;0.3632397793872312;3601;0.1794620921711603
Goal_392;937864;2.2493114789700005E7;0.05555555555555555;887943;1.0277231145100003E7;0.37565762084931764;3601;0.1835572942315445
Goal_393;937864;2.2493114789700005E7;0.1111111111111111;878412;9884484.455099994;0.368285082982621;3600;0.18886242137662362
Goal_399;937864;2.2493114789700005E7;0.4444444444444444;937864;1.1757114921899993E7;0.44444537408158863;105;0.0
Goal_394;937864;2.2493114789700005E7;0.16666666666666666;892582;1.0508044721600002E7;0.37938158294943713;3601;0.22069692362248375
Goal_395;937864;2.2493114789700005E7;0.2222222222222222;877913;9907293.406700002;0.36878024012140603;3601;0.25289648809833687
Goal_396;937864;2.2493114789700005E7;0.2777777777777778;875849;9793215.433400001;0.36782935909781633;3601;0.3194489545110651
Goal_397;937864;2.2493114789700005E7;0.3333333333333333;883834;1.0150088625999998E7;0.37062598880077335;3601;0.43049114560913304
Goal_398;937864;2.2493114789700005E7;0.38888888888888884;908578;1.1127029076E7;0.39388202922772236;3601;0.836250184887353
Goal_410;887956;0.0;0.5;883138;7218292.4877;0.4862508781079832;6;0.0
Goal_401;887956;0.0;0.0;834500;6223538.593599993;0.3540438759234903;3600;0.13601790774106545
Goal_402;887956;0.0;0.05555555555555555;835706;6272968.974699994;0.3546293250861288;3601;0.1393988269772489
Goal_403;887956;0.0;0.1111111111111111;832111;6098327.947499999;0.35468946305870297;3600;0.14644807006395769
Goal_404;887956;0.0;0.16666666666666666;834555;6223356.807899996;0.35454829015455414;3601;0.15866638305769382
Goal_405;887956;0.0;0.2222222222222222;834245;6233757.555399999;0.3530590398491304;3601;0.17612568774999365
Goal_406;887956;0.0;0.2777777777777778;833913;6214019.108800002;0.35452676121134846;3601;0.2202669872050058
Goal_407;887956;0.0;0.3333333333333333;852418;6691158.019499995;0.3704085609708454;3601;0.26970900690643634
Goal_408;887956;0.0;0.38888888888888884;877884;7396892.7736;0.40087862164376953;3600;0.13451661817520655
Goal_409;887956;0.0;0.4444444444444444;887957;7561109.8294;0.4445006228381343;3600;0.007719202927418813
Goal_420;887956;2499234.976633334;0.5;883138;7218292.4877;0.4862508781079832;4;0.0
Goal_411;887956;2499234.976633334;0.0;837818;6364105.596100003;0.3551357998236243;3601;0.15574500875301223
Goal_412;887956;2499234.976633334;0.05555555555555555;833612;6196752.857199997;0.3542493240110095;3600;0.1573408439671679
Goal_413;887956;2499234.976633334;0.1111111111111111;827973;5941671.861000008;0.3551224962985074;3600;0.17004688173861054
Goal_414;887956;2499234.976633334;0.16666666666666666;833207;6162979.7338999985;0.3541596125342614;3601;0.18118392990889048
Goal_415;887956;2499234.976633334;0.2222222222222222;829209;5992885.307200001;0.35435004478998494;3601;0.21266738554075768
Goal_416;887956;2499234.976633334;0.2777777777777778;831757;6086828.7974999985;0.35630157018298025;3600;0.2751254975266612
Goal_417;887956;2499234.976633334;0.3333333333333333;856711;6915392.706499996;0.3679714998882972;3601;0.3321988512646215
Goal_418;887956;2499234.976633334;0.38888888888888884;881005;7724873.897899997;0.3924090550983065;3600;0.10950262040978416
Goal_419;887956;2499234.976633334;0.4444444444444444;887956;7554644.2393000005;0.4448835428015293;3600;0.017559605588353743
Goal_430;887956;4998469.953266668;0.5;883138;7218292.4877;0.4862508781079832;4;0.0
Goal_421;887956;4998469.953266668;0.0;833484;6194242.673799999;0.3537761228825634;3601;0.1749893568288902
Goal_422;887956;4998469.953266668;0.05555555555555555;832578;6126473.169599995;0.3552089882682735;3601;0.1826066002254198
Goal_423;887956;4998469.953266668;0.1111111111111111;833090;6198136.915399998;0.35323164771494203;3601;0.18858966799187313
Goal_424;887956;4998469.953266668;0.16666666666666666;834646;6224821.560200006;0.3546652575983638;3601;0.21364847438338053
Goal_425;887956;4998469.953266668;0.2222222222222222;828214;5947392.202200002;0.35376621718629314;3601;0.2533572954486423
Goal_426;887956;4998469.953266668;0.2777777777777778;834216;6185547.2970999945;0.3561167404241204;3601;0.3454363023713512
Goal_427;887956;4998469.953266668;0.3333333333333333;855575;6862560.422499997;0.3693051458159747;3601;0.4739735303350608
Goal_428;887956;4998469.953266668;0.38888888888888884;880347;7613165.7620000085;0.3972755132450062;3600;0.2647917074245638
Goal_429;887956;4998469.953266668;0.4444444444444444;887964;7553271.3654000005;0.4452880295486623;3600;0.048191588327068935
Goal_440;887956;7497704.929900002;0.5;887956;7497702.732900001;0.48453393593658955;27;0.0
Goal_431;887956;7497704.929900002;0.0;862465;7499721.368499997;0.3630966492290123;3600;0.22604721448040224
Goal_432;887956;7497704.929900002;0.05555555555555555;862471;7502545.558900001;0.36095358311282727;3600;0.22255495798331193
Goal_433;887956;7497704.929900002;0.1111111111111111;862214;7497479.411799998;0.36260260487756957;3601;0.24581013985088063
Goal_434;887956;7497704.929900002;0.16666666666666666;862947;7497740.984900002;0.3623893159745139;3600;0.2755638594203509
Goal_435;887956;7497704.929900002;0.2222222222222222;862759;7498022.890499999;0.36175214808150197;3601;0.33664499745391235
Goal_436;887956;7497704.929900002;0.2777777777777778;859457;7497840.932299998;0.3598535175845206;3601;0.46280148136390387
Goal_437;887956;7497704.929900002;0.3333333333333333;868870;7505139.695099997;0.3695244459694306;3601;0.7713491992830936
Goal_438;887956;7497704.929900002;0.38888888888888884;882279;7677607.936800004;0.40181998835117083;3601;0.8506397089211477
Goal_439;887956;7497704.929900002;0.4444444444444444;887956;7544531.889700004;0.44518562233649994;3600;0.8777236939609385
Goal_450;887956;9996939.906533336;0.5;887956;9377042.815900002;0.4769555298847601;3;0.0
Goal_441;887956;9996939.906533336;0.0;867086;9015683.298700003;0.3620173996706323;3600;0.2197886238154155
Goal_442;887956;9996939.906533336;0.05555555555555555;866813;8904223.827500004;0.3629613238362751;3600;0.22925711650294636
Goal_449;887956;9996939.906533336;0.4444444444444444;887984;9045891.646099994;0.4442695985974719;253;0.0
Goal_443;887956;9996939.906533336;0.1111111111111111;866379;8826323.7497;0.361261116194003;3600;0.23962252599661907
Goal_444;887956;9996939.906533336;0.16666666666666666;866419;9003079.159800002;0.3620042441776295;3601;0.27578612883201425
Goal_445;887956;9996939.906533336;0.2222222222222222;867094;8929687.843799997;0.3626068111031731;3601;0.3416044390476562
Goal_446;887956;9996939.906533336;0.2777777777777778;869361;9023064.899500005;0.3659734394455372;3601;0.48971476025127775
Goal_447;887956;9996939.906533336;0.3333333333333333;882933;9212767.508800006;0.3702179956446673;3601;0.9284428332894026
Goal_448;887956;9996939.906533336;0.38888888888888884;887954;9147514.938799996;0.3898875221490839;3601;1.0
Goal_460;887956;1.249617488316667E7;0.5;887956;9377042.815900002;0.4769555298847601;3;0.0
Goal_459;887956;1.249617488316667E7;0.4444444444444444;887998;9461414.351899996;0.44437165513600835;76;0.0
Goal_451;887956;1.249617488316667E7;0.0;867789;9046170.202800006;0.36239388846404696;3600;0.21950861577161676
Goal_452;887956;1.249617488316667E7;0.05555555555555555;866656;9075160.900800003;0.3617567533177823;3601;0.22477074550519066
Goal_453;887956;1.249617488316667E7;0.1111111111111111;867396;9098078.499200001;0.3620016501152636;3600;0.2400251944153135
Goal_454;887956;1.249617488316667E7;0.16666666666666666;866083;8687669.360299995;0.3616984426669576;3600;0.2753582731828716
Goal_455;887956;1.249617488316667E7;0.2222222222222222;867593;9131966.6749;0.3635126892928318;3600;0.34466455082455205
Goal_456;887956;1.249617488316667E7;0.2777777777777778;869633;9074106.380799998;0.36477422578197605;3601;0.4818443602082779
Goal_457;887956;1.249617488316667E7;0.3333333333333333;882865;9467896.405399997;0.370911279753062;3601;0.930131134914581
Goal_458;887956;1.249617488316667E7;0.38888888888888884;887976;9449683.634999998;0.3994240368638326;3600;1.0
Goal_470;887956;1.4995409859800003E7;0.5;887956;9377042.815900002;0.4769555298847601;3;0.0
Goal_469;887956;1.4995409859800003E7;0.4444444444444444;887998;9461414.351899996;0.44437165513600835;73;0.0
Goal_461;887956;1.4995409859800003E7;0.0;867021;9052609.919699991;0.36252559787521244;3601;0.22199168302768335
Goal_462;887956;1.4995409859800003E7;0.05555555555555555;867121;8974617.579;0.36243805279715996;3601;0.22634423445318366
Goal_463;887956;1.4995409859800003E7;0.1111111111111111;868983;9005529.752500007;0.3638394458861021;3601;0.2435934540849756
Goal_464;887956;1.4995409859800003E7;0.16666666666666666;866291;8943199.6728;0.36182029705372204;3601;0.2753101007730019
Goal_465;887956;1.4995409859800003E7;0.2222222222222222;866330;9354545.0252;0.3620624671440149;3600;0.3412958656784342
Goal_466;887956;1.4995409859800003E7;0.2777777777777778;868807;9236545.794100001;0.3635589298119994;3600;0.47777777169718594
Goal_467;887956;1.4995409859800003E7;0.3333333333333333;882863;9145484.839800006;0.36984909849204567;3600;0.9281421138387109
Goal_468;887956;1.4995409859800003E7;0.38888888888888884;887993;9361202.372100007;0.38909811701770064;3600;1.0
Goal_480;887956;1.749464483643334E7;0.5;887956;9377042.815900002;0.4769555298847601;3;0.0
Goal_479;887956;1.749464483643334E7;0.4444444444444444;887998;9461414.351899996;0.44437165513600835;66;0.0
Goal_471;887956;1.749464483643334E7;0.0;865589;9355494.744700005;0.3621762244961758;3601;0.21122971978604693
Goal_472;887956;1.749464483643334E7;0.05555555555555555;866063;9370747.058499997;0.3624343576367691;3601;0.2157663826617698
Goal_473;887956;1.749464483643334E7;0.1111111111111111;874325;9726308.0904;0.36710905381162895;3601;0.22892702720710242
Goal_474;887956;1.749464483643334E7;0.16666666666666666;866170;9410454.0502;0.3627526210364324;3600;0.2638230932876833
Goal_475;887956;1.749464483643334E7;0.2222222222222222;882215;1.0075303678399999E7;0.37239697227889784;3601;0.3217383750976833
Goal_476;887956;1.749464483643334E7;0.2777777777777778;887955;1.0300368223900007E7;0.3753126470788445;3601;0.43422282689162994
Goal_477;887956;1.749464483643334E7;0.3333333333333333;881557;1.0022650069999993E7;0.3685135768878768;3601;0.7819617888870347
Goal_489;887956;1.9993879813066673E7;0.4444444444444444;887998;9461414.351899996;0.44437165513600835;67;0.0
Goal_490;887956;1.9993879813066673E7;0.5;887956;9377042.815900002;0.4769555298847601;2;0.0
Goal_478;887956;1.749464483643334E7;0.38888888888888884;887956;1.0283890777499998E7;0.3934399487075866;3600;1.0
Goal_481;887956;1.9993879813066673E7;0.0;865589;9355494.744700005;0.3621762244961758;3601;0.21122971978604693
Goal_482;887956;1.9993879813066673E7;0.05555555555555555;866063;9370747.058499997;0.3624343576367691;3601;0.2157663826617698
Goal_483;887956;1.9993879813066673E7;0.1111111111111111;878194;9880767.209900003;0.3695157610252526;3601;0.2288918759229243
Goal_484;887956;1.9993879813066673E7;0.16666666666666666;866170;9410454.0502;0.3627526210364324;3600;0.26382409985917643
Goal_485;887956;1.9993879813066673E7;0.2222222222222222;882215;1.0075303678399999E7;0.37239697227889784;3601;0.3217383750976833
Goal_486;887956;1.9993879813066673E7;0.2777777777777778;887956;1.0302019498900006E7;0.37538720343605064;3601;0.43471539542806426
Goal_487;887956;1.9993879813066673E7;0.3333333333333333;881557;1.0022650069999993E7;0.3685135768878768;3601;0.7819617888870347
Goal_488;887956;1.9993879813066673E7;0.38888888888888884;887956;1.0283890777499998E7;0.3934399487075866;3601;1.0
Goal_500;887956;2.2493114789700005E7;0.5;887956;9377042.815900002;0.4769555298847601;2;0.0
Goal_499;887956;2.2493114789700005E7;0.4444444444444444;887998;9461414.351899996;0.44437165513600835;70;0.0
Goal_491;887956;2.2493114789700005E7;0.0;865587;9355384.147400005;0.3621753381406266;3600;0.21123126841722267
Goal_492;887956;2.2493114789700005E7;0.05555555555555555;866063;9370747.058499997;0.3624343576367691;3601;0.2157663826617698
Goal_493;887956;2.2493114789700005E7;0.1111111111111111;878070;9874608.156499997;0.369420061773231;3600;0.2288096823055841
Goal_494;887956;2.2493114789700005E7;0.16666666666666666;866170;9410454.0502;0.3627526210364324;3601;0.2638230932876833
Goal_495;887956;2.2493114789700005E7;0.2222222222222222;882215;1.0075303678399999E7;0.37239697227889784;3601;0.3217383750976833
Goal_496;887956;2.2493114789700005E7;0.2777777777777778;887956;1.0302019498900006E7;0.37538720343605064;3601;0.43471539542806426
Goal_497;887956;2.2493114789700005E7;0.3333333333333333;881557;1.0022650069999993E7;0.3685135768878768;3601;0.7819617888870347
Goal_498;887956;2.2493114789700005E7;0.38888888888888884;887956;1.0283890777499998E7;0.3934399487075866;3601;1.0
Goal_510;838048;0.0;0.5;838048;5164286.248;0.496050102755839;3;1.7188207457251188E-16
Goal_501;838048;0.0;0.0;834467;6195600.534399997;0.355781800461231;3601;0.15759169220736152
Goal_502;838048;0.0;0.05555555555555555;838054;6390332.233999998;0.3547762702578405;3601;0.15758540730582526
Goal_503;838048;0.0;0.1111111111111111;834973;6223337.373099998;0.3556637442889673;3601;0.16856288360591407
Goal_504;838048;0.0;0.16666666666666666;834578;6190075.814699995;0.3560275129423805;3601;0.18582663887806153
Goal_506;838048;0.0;0.2777777777777778;832811;6124352.421699998;0.35502850228668603;3600;0.2677442524123623
Goal_505;838048;0.0;0.2222222222222222;832470;6106529.2728999965;0.35519777615449377;3753;0.2131917856092556
Goal_507;838048;0.0;0.3333333333333333;838029;6123861.284500001;0.36458239760705063;3601;0.3080167564107611
Goal_508;838048;0.0;0.38888888888888884;838325;5695248.966100002;0.4073334007850598;3601;0.26135261975097684
Goal_509;838048;0.0;0.4444444444444444;837956;5297877.184400001;0.44488970540868944;3600;0.025745564194002053
Goal_520;838048;2499234.976633334;0.5;838048;5164286.248;0.496050102755839;2;0.0
Goal_511;838048;2499234.976633334;0.0;834148;6221294.572099997;0.35481677568260944;3601;0.17869943148354178
Goal_512;838048;2499234.976633334;0.05555555555555555;833561;6178846.4761;0.3552179472947568;3601;0.18303148488431217
Goal_513;838048;2499234.976633334;0.1111111111111111;834036;6208250.4377000015;0.3547458315183347;3600;0.19282694933567915
Goal_514;838048;2499234.976633334;0.16666666666666666;833715;6180435.263299997;0.3550450359968762;3600;0.2156777093542343
Goal_515;838048;2499234.976633334;0.2222222222222222;829348;6001940.038499999;0.35455619148144535;3601;0.25732805864538877
Goal_516;838048;2499234.976633334;0.2777777777777778;834384;6205021.293699998;0.35527677524021317;3601;0.3424859509577427
Goal_517;838048;2499234.976633334;0.3333333333333333;838047;6175975.453399998;0.3652080498804942;3601;0.44560264279953654
Goal_518;838048;2499234.976633334;0.38888888888888884;835700;5708153.5759999985;0.3978671281883527;3601;0.2934801732265798
Goal_519;838048;2499234.976633334;0.4444444444444444;838047;5290702.889;0.4469325361137463;3600;0.10734881472387012
Goal_530;838048;4998469.953266668;0.5;838048;5164286.248;0.496050102755839;3;0.0
Goal_521;838048;4998469.953266668;0.0;829462;6055867.707100001;0.3511985048395524;3600;0.19694004449061359
Goal_522;838048;4998469.953266668;0.05555555555555555;832799;6135399.183099996;0.3557456615044156;3601;0.21559187808289051
Goal_523;838048;4998469.953266668;0.1111111111111111;832962;6132746.2875;0.35737423859912393;3601;0.23768253722094757
Goal_524;838048;4998469.953266668;0.16666666666666666;832621;6130672.9747;0.3555373542784127;3600;0.26256813054883144
Goal_525;838048;4998469.953266668;0.2222222222222222;829363;6018066.2133;0.35416011558914695;3601;0.32183307693347585
Goal_526;838048;4998469.953266668;0.2777777777777778;834391;6213056.9366999995;0.3546640667258085;3601;0.4657489723343741
Goal_527;838048;4998469.953266668;0.3333333333333333;838047;6069915.6285;0.3659403750723785;3601;0.744122216486808
Goal_528;838048;4998469.953266668;0.38888888888888884;838048;5648286.324400002;0.40283615490554925;3600;0.7813881549749488
Goal_539;838048;7497704.929900002;0.4444444444444444;838607;7300336.230000002;0.4444247429463821;68;0.0
Goal_540;838048;7497704.929900002;0.5;838048;7136194.897799999;0.49320944491810925;3;0.0
Goal_538;838048;7497704.929900002;0.38888888888888884;838048;7149296.094900001;0.3888883023907085;1303;0.0
Goal_529;838048;4998469.953266668;0.4444444444444444;838048;5282453.5379;0.4467491394107744;3600;0.5823401220298922
Goal_531;838048;7497704.929900002;0.0;838119;7321277.622299997;0.3530353850051332;3601;0.2184572311813289
Goal_532;838048;7497704.929900002;0.05555555555555555;837837;7238831.830699998;0.35125818633937833;3601;0.21656074742591702
Goal_533;838048;7497704.929900002;0.1111111111111111;837530;7386159.544999998;0.3523333889570099;3601;0.24073574889641114
Goal_534;838048;7497704.929900002;0.16666666666666666;838045;7266964.0353;0.35268511260612284;3600;0.27925157772725806
Goal_535;838048;7497704.929900002;0.2222222222222222;837719;7418417.3034999985;0.35388764532178196;3601;0.3687065228265187
Goal_536;838048;7497704.929900002;0.2777777777777778;838046;7341768.6766;0.3529504673852613;3601;0.5691896873728725
Goal_537;838048;7497704.929900002;0.3333333333333333;838074;7032879.780900004;0.36194918558366196;3601;1.0
Goal_550;838048;9996939.906533336;0.5;838048;7136194.897799999;0.49320944491810925;3;0.0
Goal_541;838048;9996939.906533336;0.0;837968;7964877.254300008;0.3533182361561752;3600;0.21991682256891668
Goal_549;838048;9996939.906533336;0.4444444444444444;838052;6916208.476899998;0.44441712111665377;367;0.0
Goal_542;838048;9996939.906533336;0.05555555555555555;838043;7867132.295599997;0.3537980247235811;3601;0.22742376344703813
Goal_543;838048;9996939.906533336;0.1111111111111111;837868;7802071.612499998;0.3529143626468969;3601;0.24243415236216181
Goal_544;838048;9996939.906533336;0.16666666666666666;838024;7951704.002599995;0.3558072480569674;3601;0.29546036786718344
Goal_545;838048;9996939.906533336;0.2222222222222222;837964;7861870.7975;0.35513796615776794;3601;0.37415238154371827
Goal_546;838048;9996939.906533336;0.2777777777777778;837984;7426052.998999993;0.3531579380721989;3601;0.5709668171845323
Goal_547;838048;9996939.906533336;0.3333333333333333;838100;7413756.852500002;0.36180890710649605;3601;1.0
Goal_548;838048;9996939.906533336;0.38888888888888884;839461;7908507.6691999985;0.3891004924084351;3601;1.0
Goal_560;838048;1.249617488316667E7;0.5;838048;7136194.897799999;0.49320944491810925;2;0.0
Goal_551;838048;1.249617488316667E7;0.0;837648;8092634.284;0.3522580223394251;3601;0.21604001972818973
Goal_552;838048;1.249617488316667E7;0.05555555555555555;837927;8030478.100499997;0.3537804625475976;3601;0.22757622590256246
Goal_553;838048;1.249617488316667E7;0.1111111111111111;838037;8178634.713000001;0.3515472280022147;3601;0.2352304933075911
Goal_559;838048;1.249617488316667E7;0.4444444444444444;838317;7341380.389699999;0.44418500641052483;731;0.0
Goal_558;838048;1.249617488316667E7;0.38888888888888884;848982;7727783.6426000055;0.388865117754388;1060;0.0
Goal_554;838048;1.249617488316667E7;0.16666666666666666;838045;7742423.817399998;0.3532597601695228;3601;0.28227272163064754
Goal_555;838048;1.249617488316667E7;0.2222222222222222;838047;7871508.144300003;0.3530991444004448;3601;0.3618333146681902
Goal_556;838048;1.249617488316667E7;0.2777777777777778;838048;7617123.316399998;0.35299650630099133;3601;0.5688794106717037
Goal_557;838048;1.249617488316667E7;0.3333333333333333;838750;7965191.621199996;0.36546514394562524;3601;1.0
Goal_570;838048;1.4995409859800003E7;0.5;838048;7136194.897799999;0.49320944491810925;3;0.0
Goal_561;838048;1.4995409859800003E7;0.0;838240;7886709.428199996;0.35178717101973006;3600;0.21277500118483827
Goal_562;838048;1.4995409859800003E7;0.05555555555555555;838047;8061121.638599999;0.3539638030329544;3600;0.2280476862872513
Goal_569;838048;1.4995409859800003E7;0.4444444444444444;838099;7360122.0436;0.4440413822476175;368;0.0
Goal_568;838048;1.4995409859800003E7;0.38888888888888884;838068;7551582.337900001;0.38886834008285587;539;0.0
Goal_563;838048;1.4995409859800003E7;0.1111111111111111;837985;7696121.947999996;0.3525212760032803;3601;0.24007794219848258
Goal_564;838048;1.4995409859800003E7;0.16666666666666666;838160;8040677.1805;0.35365551445018856;3600;0.2843256627032102
Goal_565;838048;1.4995409859800003E7;0.2222222222222222;838042;8368847.413999996;0.3537534183757468;3600;0.36574806728598186
Goal_566;838048;1.4995409859800003E7;0.2777777777777778;838054;7575150.468699995;0.35325886086513814;3600;0.570558699200458
Goal_578;838048;1.749464483643334E7;0.38888888888888884;838253;7979083.800200004;0.38888910486358397;665;0.0
Goal_580;838048;1.749464483643334E7;0.5;838048;7136194.897799999;0.49320944491810925;2;0.0
Goal_579;838048;1.749464483643334E7;0.4444444444444444;864779;9407327.047200002;0.41149961494156734;450;0.0
Goal_567;838048;1.4995409859800003E7;0.3333333333333333;838048;7916411.394199995;0.3624546704992344;3601;1.0
Goal_571;838048;1.749464483643334E7;0.0;837975;8212555.5928;0.35254802740764685;3600;0.19498030485174825
Goal_572;838048;1.749464483643334E7;0.05555555555555555;838054;8207849.6834999975;0.35334284047766695;3600;0.20340993323775103
Goal_573;838048;1.749464483643334E7;0.1111111111111111;838048;8188112.137600001;0.3540504307980866;3600;0.22360491032347315
Goal_574;838048;1.749464483643334E7;0.16666666666666666;838202;8243086.602900001;0.3515730344069772;3629;0.2454076360996871
Goal_575;838048;1.749464483643334E7;0.2222222222222222;837972;8252104.902499994;0.3532367624697628;3601;0.3277807619663664
Goal_576;838048;1.749464483643334E7;0.2777777777777778;835827;8127284.909700002;0.35042156827904464;3600;0.5053286327865005
Goal_577;838048;1.749464483643334E7;0.3333333333333333;838054;8202576.020900004;0.35796614451577285;3600;1.0
Goal_590;838048;1.9993879813066673E7;0.5;838048;7136194.897799999;0.49320944491810925;2;0.0
Goal_589;838048;1.9993879813066673E7;0.4444444444444444;864779;9407327.047200002;0.41149961494156734;449;0.0
Goal_588;838048;1.9993879813066673E7;0.38888888888888884;838253;7979083.800200004;0.38888910486358397;664;0.0
Goal_581;838048;1.9993879813066673E7;0.0;837975;8212555.5928;0.35254802740764685;3600;0.19498030485174825
Goal_582;838048;1.9993879813066673E7;0.05555555555555555;838179;8212056.195999997;0.35327129230792886;3600;0.20307904236171176
Goal_583;838048;1.9993879813066673E7;0.1111111111111111;838048;8188112.137600001;0.3540504307980866;3600;0.22360491032347315
Goal_584;838048;1.9993879813066673E7;0.16666666666666666;838202;8243086.602900001;0.3515730344069772;3740;0.2454076360996871
Goal_585;838048;1.9993879813066673E7;0.2222222222222222;837972;8252104.902499994;0.3532367624697628;3601;0.3277807619663664
Goal_586;838048;1.9993879813066673E7;0.2777777777777778;835827;8127284.909700002;0.35042156827904464;3601;0.5053286327865005
Goal_587;838048;1.9993879813066673E7;0.3333333333333333;838238;8206894.3560000025;0.3596039216358891;3601;1.0
Goal_600;838048;2.2493114789700005E7;0.5;838048;7136194.897799999;0.49320944491810925;3;0.0
Goal_599;838048;2.2493114789700005E7;0.4444444444444444;838049;8031082.3777;0.44444391150645823;288;0.0
Goal_591;838048;2.2493114789700005E7;0.0;837975;8212555.5928;0.35254802740764685;3600;0.19498030485174825
Goal_598;838048;2.2493114789700005E7;0.38888888888888884;856185;9003709.992399996;0.3888781109955253;630;0.0
Goal_592;838048;2.2493114789700005E7;0.05555555555555555;838179;8212056.195999997;0.35327129230792886;3600;0.20307904236171176
Goal_593;838048;2.2493114789700005E7;0.1111111111111111;838048;8188112.137600001;0.3540504307980866;3600;0.22360491032347315
Goal_594;838048;2.2493114789700005E7;0.16666666666666666;838202;8243086.602900001;0.3515730344069772;3601;0.2454076360996871
Goal_595;838048;2.2493114789700005E7;0.2222222222222222;837972;8252104.902499994;0.3532367624697628;3601;0.3277807622244064
Goal_596;838048;2.2493114789700005E7;0.2777777777777778;835827;8127284.909700002;0.35042156827904464;3601;0.5053297474140304
Goal_597;838048;2.2493114789700005E7;0.3333333333333333;838122;8210057.684399998;0.35848285258390833;3601;1.0
Goal_610;788140;0.0;0.5;788140;3326495.7944000005;0.4883129346480688;3;0.0
Goal_601;788140;0.0;0.0;788139;4503434.840900001;0.3484803352789666;3600;0.17517985440429917
Goal_602;788140;0.0;0.05555555555555555;787950;4446388.754299996;0.3504920612801315;3600;0.18353359309803322
Goal_603;788140;0.0;0.1111111111111111;788140;4454789.022299998;0.35070834760494407;3600;0.19552696250192134
Goal_604;788140;0.0;0.16666666666666666;787950;4447093.746399999;0.35125291196458114;3601;0.22013491544353825
Goal_605;788140;0.0;0.2222222222222222;788138;4449793.737099999;0.35058052315655047;3601;0.25802141763878383
Goal_606;788140;0.0;0.2777777777777778;788140;4451099.217899999;0.3509102994458563;3601;0.3426665805198829
Goal_607;788140;0.0;0.3333333333333333;788138;4193856.9107;0.36382163932164197;3601;0.3937315485404393
Goal_608;788140;0.0;0.38888888888888884;786341;3816281.2162000015;0.39122099623055245;3601;0.13323155515031854
Goal_609;788140;0.0;0.4444444444444444;788140;3429244.920799999;0.44443881759358045;3600;0.015037929133540606
Goal_620;788140;2499234.976633334;0.5;788140;3326495.7944000005;0.4883129346480688;3;0.0
Goal_611;788140;2499234.976633334;0.0;788139;4433855.175799999;0.3513276513366562;3601;0.2118314528620332
Goal_612;788140;2499234.976633334;0.05555555555555555;788139;4425358.153499998;0.35187635781367566;3600;0.21834572876416966
Goal_613;788140;2499234.976633334;0.1111111111111111;788141;4445208.040000001;0.3516857843110536;3600;0.2342584095437261
Goal_614;788140;2499234.976633334;0.16666666666666666;788018;4409106.599100002;0.3523213616034073;3601;0.2671168599833534
Goal_615;788140;2499234.976633334;0.2222222222222222;788140;4428346.067200004;0.35321685671964864;3601;0.335302000217193
Goal_616;788140;2499234.976633334;0.2777777777777778;787628;4417293.2022;0.3525572328750462;3601;0.47535620963633785
Goal_617;788140;2499234.976633334;0.3333333333333333;786943;4279111.841499999;0.3565740547721944;3601;0.5961942470855403
Goal_618;788140;2499234.976633334;0.38888888888888884;788134;3731280.0486999997;0.40106128539975394;3600;0.5328351079391309
Goal_619;788140;2499234.976633334;0.4444444444444444;788141;3425469.0806000005;0.44495651756574317;3600;0.09912892426778286
Goal_630;788140;4998469.953266668;0.5;788154;4972385.8326;0.49402396373994134;3;0.0
Goal_621;788140;4998469.953266668;0.0;788291;4998676.5079999985;0.34602852920052585;3600;0.21539836504160362
Goal_629;788140;4998469.953266668;0.4444444444444444;788213;4905288.5231;0.44428866958935337;1219;0.0
Goal_622;788140;4998469.953266668;0.05555555555555555;788106;4999083.108100001;0.3475829944503073;3601;0.2283618666606589
Goal_623;788140;4998469.953266668;0.1111111111111111;788204;5000152.1559;0.3479802752963408;3601;0.24971972054955516
Goal_624;788140;4998469.953266668;0.16666666666666666;788189;5000089.0882;0.34829857434168143;3601;0.29268527602342337
Goal_625;788140;4998469.953266668;0.2222222222222222;788425;4998469.212799999;0.3491352532563413;3601;0.39039895848723305
Goal_626;788140;4998469.953266668;0.2777777777777778;788151;4999246.017099997;0.3479685468691296;3601;0.6178508584591285
Goal_627;788140;4998469.953266668;0.3333333333333333;788140;4992475.587499999;0.35982918473679615;3601;1.0
Goal_639;788140;7497704.929900002;0.4444444444444444;788568;5459699.7625;0.444408983273753;72;0.0
Goal_640;788140;7497704.929900002;0.5;788140;5064164.151600001;0.4940378449086389;2;0.0
Goal_628;788140;4998469.953266668;0.38888888888888884;788432;4997015.6207;0.3963938962066055;3600;1.0
Goal_631;788140;7497704.929900002;0.0;792103;5917951.527399999;0.34728298398819873;3601;0.2211513281889317
Goal_632;788140;7497704.929900002;0.05555555555555555;791257;5951944.835299998;0.34619788607868174;3601;0.22195459553840485
Goal_633;788140;7497704.929900002;0.1111111111111111;788138;5508578.337199999;0.35040718451569863;3601;0.26122819188523894
Goal_634;788140;7497704.929900002;0.16666666666666666;788234;5423463.297700002;0.3480072267139441;3601;0.29116513610539635
Goal_635;788140;7497704.929900002;0.2222222222222222;788139;5717087.112400003;0.3502255582601601;3601;0.3919369232077503
Goal_636;788140;7497704.929900002;0.2777777777777778;788343;5465805.349799999;0.3482413585731014;3601;0.6233661624866026
Goal_637;788140;7497704.929900002;0.3333333333333333;788140;5585777.238900004;0.36581926646784707;3601;1.0
Goal_649;788140;9996939.906533336;0.4444444444444444;790391;5423841.299199995;0.44390261377344503;90;0.0
Goal_650;788140;9996939.906533336;0.5;788140;5064164.151600001;0.4940378449086389;3;0.0
Goal_638;788140;7497704.929900002;0.38888888888888884;788140;5453833.770600002;0.39286086012781285;3601;1.0
Goal_641;788140;9996939.906533336;0.0;788140;5639382.066300004;0.3485247849532031;3601;0.2266713112268735
Goal_642;788140;9996939.906533336;0.05555555555555555;789304;5519648.469799997;0.34741454489214413;3601;0.22753991978385246
Goal_643;788140;9996939.906533336;0.1111111111111111;789826;6120215.1518;0.34886205223987626;3601;0.2539222842409389
Goal_644;788140;9996939.906533336;0.16666666666666666;790914;5603895.413100003;0.34834287286109383;3600;0.2929159307719568
Goal_645;788140;9996939.906533336;0.2222222222222222;788347;5574938.863899999;0.34815059600873144;3601;0.3797545195119136
Goal_646;788140;9996939.906533336;0.2777777777777778;788182;5377644.831799999;0.34793030628441485;3601;0.6215081618805153
Goal_647;788140;9996939.906533336;0.3333333333333333;788982;5568076.602800002;0.3628680035860102;3600;1.0
Goal_659;788140;1.249617488316667E7;0.4444444444444444;790391;5423841.299199995;0.44390261377344503;79;0.0
Goal_660;788140;1.249617488316667E7;0.5;788140;5064164.151600001;0.4940378449086389;3;0.0
Goal_648;788140;9996939.906533336;0.38888888888888884;788147;5642114.920699996;0.39078285994733736;3601;1.0
Goal_651;788140;1.249617488316667E7;0.0;789357;5980159.098599996;0.34743479666548766;3601;0.22180963917828328
Goal_652;788140;1.249617488316667E7;0.05555555555555555;790697;6079420.9773999965;0.3492673708371526;3601;0.23592470033280408
Goal_653;788140;1.249617488316667E7;0.1111111111111111;788046;6078592.193499999;0.35114185196640585;3601;0.2649416091001849
Goal_654;788140;1.249617488316667E7;0.16666666666666666;788145;6273216.0315999985;0.35065311322162795;3601;0.3049019599915396
Goal_655;788140;1.249617488316667E7;0.2222222222222222;788388;5700995.9704;0.34833307683469594;3601;0.38077227977931016
Goal_658;788140;1.249617488316667E7;0.38888888888888884;812809;6528108.076199996;0.38888900656646375;1466;0.0
Goal_656;788140;1.249617488316667E7;0.2777777777777778;788141;6101316.899900001;0.34951828045793215;3600;0.6270030393369624
Goal_657;788140;1.249617488316667E7;0.3333333333333333;789489;6018485.548100008;0.36808867818971697;3600;1.0
Goal_670;788140;1.4995409859800003E7;0.5;788140;5064164.151600001;0.4940378449086389;2;0.0
Goal_668;788140;1.4995409859800003E7;0.38888888888888884;791559;5844925.431500005;0.3888889863897847;1747;0.0
Goal_661;788140;1.4995409859800003E7;0.0;788578;5729699.810799998;0.3490549165897588;3601;0.22901675840060973
Goal_662;788140;1.4995409859800003E7;0.05555555555555555;788716;6196923.29;0.3460326109585027;3600;0.22119167262367154
Goal_663;788140;1.4995409859800003E7;0.1111111111111111;791275;6201980.027300002;0.34681883343447084;3601;0.24409670378790174
Goal_664;788140;1.4995409859800003E7;0.16666666666666666;788334;5613835.3095;0.3487239189831837;3601;0.29489679514673356
Goal_665;788140;1.4995409859800003E7;0.2222222222222222;788140;5645142.283199999;0.35147297537528305;3600;0.3991214870097166
Goal_666;788140;1.4995409859800003E7;0.2777777777777778;788139;5875786.289699996;0.3508820082254892;3600;0.6384775539947445
Goal_667;788140;1.4995409859800003E7;0.3333333333333333;788141;5789533.5956999995;0.3673792644503949;3600;1.0
Goal_679;788140;1.749464483643334E7;0.4444444444444444;793899;5586694.5441000005;0.4444440874641637;60;0.0
Goal_669;788140;1.4995409859800003E7;0.4444444444444444;790416;5337963.230999995;0.4455841631143281;3600;1.0
Goal_680;788140;1.749464483643334E7;0.5;788140;5064164.151600001;0.4940378449086389;3;0.0
Goal_678;788140;1.749464483643334E7;0.38888888888888884;824264;7701650.885999996;0.38887564618258774;801;0.0
Goal_671;788140;1.749464483643334E7;0.0;788159;5917734.854600003;0.34725561334750277;3601;0.20110516227213998
Goal_672;788140;1.749464483643334E7;0.05555555555555555;793500;6140554.405899999;0.3458440498497638;3601;0.1997417991482812
Goal_673;788140;1.749464483643334E7;0.1111111111111111;788288;6143998.8448;0.349577452260753;3600;0.23547069917637156
Goal_674;788140;1.749464483643334E7;0.16666666666666666;788140;5994146.921899998;0.34687784873590716;3601;0.25942719430368055
Goal_675;788140;1.749464483643334E7;0.2222222222222222;788140;6032518.601799999;0.34952943834624556;3601;0.35529592858136644
Goal_676;788140;1.749464483643334E7;0.2777777777777778;788140;6104467.230600002;0.34819561162397356;3601;0.5674395812375826
Goal_689;788140;1.9993879813066673E7;0.4444444444444444;791842;5807525.286599999;0.44441738653996454;69;0.0
Goal_690;788140;1.9993879813066673E7;0.5;788140;5064164.151600001;0.4940378449086389;2;0.0
Goal_677;788140;1.749464483643334E7;0.3333333333333333;788284;6032870.969;0.3616665702235947;3601;1.0
Goal_688;788140;1.9993879813066673E7;0.38888888888888884;824264;7701650.885999996;0.38887564618258774;790;0.0
Goal_681;788140;1.9993879813066673E7;0.0;788284;5916727.110900003;0.3463657414127851;3600;0.196994908596383
Goal_682;788140;1.9993879813066673E7;0.05555555555555555;791497;6000591.393499999;0.3450776951389218;3600;0.1960881386102724
Goal_683;788140;1.9993879813066673E7;0.1111111111111111;788620;5891639.6512;0.34734072549588063;3601;0.22448466705396777
Goal_684;788140;1.9993879813066673E7;0.16666666666666666;788278;5977269.324699997;0.3482642359812183;3601;0.2668922015942714
Goal_685;788140;1.9993879813066673E7;0.2222222222222222;788142;6001525.663000001;0.3474006231658174;3601;0.34187947216763576
Goal_686;788140;1.9993879813066673E7;0.2777777777777778;788211;6035749.786199997;0.34753993303819775;3600;0.5629034230457349
Goal_687;788140;1.9993879813066673E7;0.3333333333333333;788140;6036868.1416;0.3669874778802994;3600;1.0
Goal_698;788140;2.2493114789700005E7;0.38888888888888884;824264;7701650.885999996;0.38887564618258774;790;0.0
Goal_699;788140;2.2493114789700005E7;0.4444444444444444;791842;5807525.286599999;0.44441738653996454;69;0.0
Goal_700;788140;2.2493114789700005E7;0.5;788140;5064164.151600001;0.4940378449086389;3;0.0
Goal_691;788140;2.2493114789700005E7;0.0;788363;5876605.537200002;0.3470587637675452;3600;0.2001987768364507
Goal_692;788140;2.2493114789700005E7;0.05555555555555555;791681;6008675.553199999;0.34652350067094984;3600;0.2029634916130814
Goal_693;788140;2.2493114789700005E7;0.1111111111111111;794523;6147975.001500002;0.34433058465616967;3601;0.2092835712895905
Goal_694;788140;2.2493114789700005E7;0.16666666666666666;788447;5991812.6191;0.34759368953677106;3601;0.26320826445011475
Goal_695;788140;2.2493114789700005E7;0.2222222222222222;788371;5977465.754799998;0.34909442916802425;3601;0.3525911923091586
Goal_696;788140;2.2493114789700005E7;0.2777777777777778;788142;5940339.764999998;0.3456837671843322;3601;0.5496326344708966
Goal_697;788140;2.2493114789700005E7;0.3333333333333333;788444;6301317.222799998;0.356564276557099;3601;1.0
Goal_710;738232;0.0;0.5;738232;1872342.3524999993;0.4748583599806917;2;0.0
Goal_701;738232;0.0;0.0;738232;2934744.519800002;0.35293840436972435;3600;0.18805529841482127
Goal_702;738232;0.0;0.05555555555555555;738427;3040515.7344000004;0.35276258176588565;3600;0.19653919651970259
Goal_703;738232;0.0;0.1111111111111111;738232;2944358.1876999987;0.35293682106546825;3600;0.20524494124396983
Goal_704;738232;0.0;0.16666666666666666;738200;2912720.7485;0.3540474032785263;3601;0.23407177651433872
Goal_705;738232;0.0;0.2222222222222222;738332;2960459.495900001;0.35244143091798086;3601;0.27833748304040734
Goal_706;738232;0.0;0.2777777777777778;738294;3049305.719100001;0.3502234868784272;3601;0.37620533225521896
Goal_707;738232;0.0;0.3333333333333333;738380;2722475.1906000003;0.3608848098474679;3601;0.4787176510105621
Goal_708;738232;0.0;0.38888888888888884;738232;2215868.862900001;0.3926264653774744;3600;0.18022704780227547
Goal_719;738232;2499234.976633334;0.4444444444444444;738232;2499221.7609999995;0.44444240605167834;65;0.0
Goal_720;738232;2499234.976633334;0.5;738232;2498241.537;0.4779603244480081;4;0.0
Goal_709;738232;0.0;0.4444444444444444;738232;1912441.485799999;0.44444320981033336;3601;0.007953846442807336
Goal_718;738232;2499234.976633334;0.38888888888888884;738380;2446686.1395000005;0.3887007758143607;610;0.0
Goal_711;738232;2499234.976633334;0.0;738232;2934020.2267999994;0.351280504684692;3601;0.2145153151540563
Goal_712;738232;2499234.976633334;0.05555555555555555;738320;2919447.3819000013;0.3540728967415197;3600;0.2312003645381927
Goal_714;738232;2499234.976633334;0.16666666666666666;738236;2998460.6533;0.35242208682831655;3600;0.284197965746021
Goal_713;738232;2499234.976633334;0.1111111111111111;738345;2926062.0246999986;0.35267065004058484;3600;0.24345718480833042
Goal_715;738232;2499234.976633334;0.2222222222222222;738232;2994846.0481;0.3517887006599269;3600;0.3578247658996762
Goal_716;738232;2499234.976633334;0.2777777777777778;738235;2976927.695100001;0.35090344031081444;3601;0.545346303935582
Goal_729;738232;4998469.953266668;0.4444444444444444;739047;2901757.4224;0.44415730472595344;53;0.0
Goal_730;738232;4998469.953266668;0.5;738232;2583108.4903999995;0.4780613040556312;2;0.0
Goal_717;738232;2499234.976633334;0.3333333333333333;738472;2773562.797900002;0.3577861509069229;3601;0.9749335753662993
Goal_728;738232;4998469.953266668;0.38888888888888884;755363;4105609.5713000004;0.38888618472388253;751;0.0
Goal_721;738232;4998469.953266668;0.0;753770;4178936.668399998;0.349094135312918;3600;0.2330565609134621
Goal_722;738232;4998469.953266668;0.05555555555555555;764283;4692223.739799996;0.34908682929470225;3600;0.23906744130306906
Goal_723;738232;4998469.953266668;0.1111111111111111;762672;4696100.242099998;0.3497712465264147;3601;0.2624710483045776
Goal_724;738232;4998469.953266668;0.16666666666666666;753822;4610175.0238000015;0.352842946712253;3600;0.3209556620130555
Goal_725;738232;4998469.953266668;0.2222222222222222;754744;4289639.559999999;0.35307373074434634;3600;0.41443723548322925
Goal_727;738232;4998469.953266668;0.3333333333333333;776061;4703975.881000001;0.37266965981623634;3600;1.0
Goal_726;738232;4998469.953266668;0.2777777777777778;751623;4366773.355600003;0.3459674894872481;3601;0.6167481747629654
Goal_740;738232;7497704.929900002;0.5;738232;2583108.4903999995;0.4780613040556312;2;0.0
Goal_739;738232;7497704.929900002;0.4444444444444444;738232;3184767.4113999996;0.4443451645656744;64;0.0
Goal_731;738232;7497704.929900002;0.0;743295;4108299.2255000006;0.34723174089996606;3601;0.22479105770030083
Goal_732;738232;7497704.929900002;0.05555555555555555;740684;3752273.037400001;0.34721020936515384;3600;0.2306031727689102
Goal_733;738232;7497704.929900002;0.1111111111111111;738232;3713601.6091;0.3446536490737136;3601;0.23786402814887003
Goal_734;738232;7497704.929900002;0.16666666666666666;743740;4134314.4842000008;0.34782865660068435;3601;0.2952648565979211
Goal_735;738232;7497704.929900002;0.2222222222222222;738652;3873145.0818999973;0.34521159440706234;3601;0.36836584954326
Goal_736;738232;7497704.929900002;0.2777777777777778;762832;4681153.4896;0.3542722741224167;3600;0.6629400909873664
Goal_738;738232;7497704.929900002;0.38888888888888884;801772;6337582.355299999;0.38821341117268743;1849;0.0
Goal_749;738232;9996939.906533336;0.4444444444444444;738368;3070686.9938000003;0.4428316441247024;58;0.0
Goal_750;738232;9996939.906533336;0.5;738232;2583108.4903999995;0.4780613040556312;3;0.0
Goal_737;738232;7497704.929900002;0.3333333333333333;747204;4159773.5236000004;0.3730564763431808;3600;1.0
Goal_748;738232;9996939.906533336;0.38888888888888884;753515;4097497.3060999997;0.3888131710256251;837;0.0
Goal_741;738232;9996939.906533336;0.0;738444;3686629.1234999974;0.34799915524697445;3601;0.2282000584438374
Goal_742;738232;9996939.906533336;0.05555555555555555;745466;4180439.517600002;0.3479482471650896;3601;0.2339116664148362
Goal_743;738232;9996939.906533336;0.1111111111111111;746849;4115258.8317000014;0.34726191075998103;3601;0.25057014223349267
Goal_744;738232;9996939.906533336;0.16666666666666666;745524;4049988.3429000014;0.34768209863910443;3601;0.2944958601952449
Goal_745;738232;9996939.906533336;0.2222222222222222;751103;4403745.189199999;0.35426280068515664;3601;0.4208665904488342
Goal_746;738232;9996939.906533336;0.2777777777777778;746999;4186144.184899996;0.3509740875491485;3601;0.6457415142461032
Goal_759;738232;1.249617488316667E7;0.4444444444444444;738232;3127956.858899999;0.444432096923337;68;0.0
Goal_760;738232;1.249617488316667E7;0.5;738232;2583108.4903999995;0.4780613040556312;3;0.0
Goal_747;738232;9996939.906533336;0.3333333333333333;759999;4802461.896599999;0.35908286429675207;3601;1.0
Goal_758;738232;1.249617488316667E7;0.38888888888888884;764507;4591336.127199998;0.38884006389296677;725;0.0
Goal_751;738232;1.249617488316667E7;0.0;761576;4807956.065799999;0.34818822922055176;3600;0.22903839833478892
Goal_752;738232;1.249617488316667E7;0.05555555555555555;738348;3806587.7868000013;0.3472909722662487;3601;0.23096125142594967
Goal_753;738232;1.249617488316667E7;0.1111111111111111;738228;3907135.2854000004;0.34627484167257067;3601;0.24581842909053664
Goal_754;738232;1.249617488316667E7;0.16666666666666666;739797;3921377.475299999;0.3466200342543901;3601;0.28884986965112547
Goal_755;738232;1.249617488316667E7;0.2222222222222222;741186;3750133.1349000004;0.34747039465542034;3601;0.38216924319001083
Goal_756;738232;1.249617488316667E7;0.2777777777777778;744752;4118090.8269999973;0.34713895494373437;3601;0.6238149005941245
Goal_769;738232;1.4995409859800003E7;0.4444444444444444;738232;3127956.858899999;0.444432096923337;67;0.0
Goal_770;738232;1.4995409859800003E7;0.5;738232;2583108.4903999995;0.4780613040556312;2;0.0
Goal_757;738232;1.249617488316667E7;0.3333333333333333;781494;5376957.893999998;0.36452459431842704;3601;1.0
Goal_768;738232;1.4995409859800003E7;0.38888888888888884;805518;6400487.932400002;0.38878010282604075;901;0.0
Goal_761;738232;1.4995409859800003E7;0.0;738572;3568332.393899998;0.3480952766942042;3600;0.22862348909579452
Goal_762;738232;1.4995409859800003E7;0.05555555555555555;738546;3907716.9559;0.3463946523977063;3600;0.2268921554045014
Goal_763;738232;1.4995409859800003E7;0.1111111111111111;760087;4677040.561700001;0.3491048400385885;3600;0.259373136927271
Goal_764;738232;1.4995409859800003E7;0.16666666666666666;747426;4255706.274099999;0.34862657142229153;3601;0.29942810308849277
Goal_765;738232;1.4995409859800003E7;0.2222222222222222;743039;3916576.5684999977;0.347764772502674;3600;0.3839995335353033
Goal_766;738232;1.4995409859800003E7;0.2777777777777778;742984;3948851.3175999993;0.3490004182598927;3600;0.6346864445749193
Goal_779;738232;1.749464483643334E7;0.4444444444444444;738232;3127956.858899999;0.444432096923337;59;0.0
Goal_780;738232;1.749464483643334E7;0.5;738232;2583108.4903999995;0.4780613040556312;2;0.0
Goal_778;738232;1.749464483643334E7;0.38888888888888884;830226;7749777.530400002;0.3888253281722128;494;0.0
Goal_767;738232;1.4995409859800003E7;0.3333333333333333;776910;5192774.366499998;0.3651446900469578;3600;1.0
Goal_771;738232;1.749464483643334E7;0.0;756488;4773721.115900001;0.35375859539104804;3600;0.24635565920535896
Goal_772;738232;1.749464483643334E7;0.05555555555555555;751665;4559940.533500004;0.34659013009576883;3601;0.220493201693068
Goal_773;738232;1.749464483643334E7;0.1111111111111111;759269;4910896.134900002;0.3529527713370553;3600;0.2696281125422767
Goal_774;738232;1.749464483643334E7;0.16666666666666666;739270;4164192.656300001;0.34653310004159876;3601;0.2787839459484226
Goal_775;738232;1.749464483643334E7;0.2222222222222222;739161;4127648.5882999985;0.3468296364879136;3601;0.3664111245723752
Goal_776;738232;1.749464483643334E7;0.2777777777777778;740163;4145171.3420000006;0.3481513472268943;3601;0.6106374669342003
Goal_789;738232;1.9993879813066673E7;0.4444444444444444;741515;3236020.414399999;0.444438527786854;64;0.0
Goal_790;738232;1.9993879813066673E7;0.5;738232;2583108.4903999995;0.4780613040556312;2;0.0
Goal_788;738232;1.9993879813066673E7;0.38888888888888884;780245;5705226.160100002;0.3888890317695894;473;0.0
Goal_777;738232;1.749464483643334E7;0.3333333333333333;762266;5092777.198600002;0.36018517480597106;3601;1.0
Goal_781;738232;1.9993879813066673E7;0.0;750723;4516020.685399998;0.3473327024220391;3601;0.21816039685900046
Goal_782;738232;1.9993879813066673E7;0.05555555555555555;755486;4715211.509600001;0.35333311836570885;3600;0.25048251220154955
Goal_783;738232;1.9993879813066673E7;0.1111111111111111;756625;4765371.0279;0.3478100866846824;3600;0.2453986881114226
Goal_784;738232;1.9993879813066673E7;0.16666666666666666;758772;4917525.616200002;0.3474407865779257;3600;0.2841173154283761
Goal_785;738232;1.9993879813066673E7;0.2222222222222222;745832;4344987.528600002;0.347501635209163;3600;0.37056460165274274
Goal_786;738232;1.9993879813066673E7;0.2777777777777778;752971;4693064.509399997;0.3477638437882553;3601;0.6083753744263647
Goal_799;738232;2.2493114789700005E7;0.4444444444444444;741515;3236020.414399999;0.444438527786854;68;0.0
Goal_800;738232;2.2493114789700005E7;0.5;738232;2583108.4903999995;0.4780613040556312;2;0.0
Goal_787;738232;1.9993879813066673E7;0.3333333333333333;768904;5259330.1157;0.3638196256072916;3601;1.0
Goal_798;738232;2.2493114789700005E7;0.38888888888888884;800929;6712384.703;0.38888609842720945;400;0.0
Goal_791;738232;2.2493114789700005E7;0.0;739468;4072624.2469999995;0.34711184817467083;3601;0.2171848142096655
Goal_792;738232;2.2493114789700005E7;0.05555555555555555;760145;4766619.946199998;0.35190274810459554;3600;0.24363903911009993
Goal_793;738232;2.2493114789700005E7;0.1111111111111111;758552;4842485.578000004;0.3487219934911925;3601;0.24977711014593515
Goal_794;738232;2.2493114789700005E7;0.16666666666666666;746391;4423629.325099997;0.34747181885281886;3601;0.2842302945056192
Goal_795;738232;2.2493114789700005E7;0.2222222222222222;738234;4054932.883500001;0.34648414450199777;3601;0.3642756183467036
Goal_796;738232;2.2493114789700005E7;0.2777777777777778;753408;4698191.021700002;0.34767708175322015;3600;0.6076401778916949
Goal_809;688324;0.0;0.4444444444444444;688324;656946.0022;0.44444522434075734;95;0.0
Goal_810;688324;0.0;0.5;688324;656874.7501000001;0.4462549775800278;3;0.0
Goal_797;738232;2.2493114789700005E7;0.3333333333333333;777971;5730675.5733;0.3634682569648952;3601;1.0
Goal_801;688324;0.0;0.0;713502;2344382.6822999995;0.35192776846569346;3601;0.16356014889333792
Goal_802;688324;0.0;0.05555555555555555;713668;2348005.3528999994;0.35174190991574733;3601;0.16653695308962668
Goal_803;688324;0.0;0.1111111111111111;713149;2334173.0103999986;0.35256358079648376;3601;0.1809300014121895
Goal_804;688324;0.0;0.16666666666666666;711180;2251787.6082000006;0.35396522987140844;3601;0.2062303003155028
Goal_805;688324;0.0;0.2222222222222222;712125;2287011.9232;0.35355493121139275;3600;0.25262049532756986
Goal_806;688324;0.0;0.2777777777777778;689416;1542252.0224000006;0.362395145081265;3601;0.3500002228760205
Goal_807;688324;0.0;0.3333333333333333;704062;1974862.9517000006;0.36117122696752735;3601;0.6928791893947196
Goal_819;688324;2499234.976633334;0.4444444444444444;689988;1229116.4982000005;0.4444212374727919;58;0.0
Goal_820;688324;2499234.976633334;0.5;688324;1083842.4896999998;0.44777222764357605;3;0.0
Goal_808;688324;0.0;0.38888888888888884;688361;942838.9589;0.389579399348883;3600;0.2581005461823042
Goal_818;688324;2499234.976633334;0.38888888888888884;689565;1386080.3573;0.38888890467575066;842;0.0
Goal_811;688324;2499234.976633334;0.0;719757;2522403.9728999995;0.35250308694546434;3601;0.20743326887255809
Goal_812;688324;2499234.976633334;0.05555555555555555;715975;2499238.0769;0.3536467091273094;3600;0.2165890155254493
Goal_813;688324;2499234.976633334;0.1111111111111111;719236;2510499.646100002;0.3526210755694372;3601;0.23011479879892238
Goal_814;688324;2499234.976633334;0.16666666666666666;718930;2504625.869399999;0.3533066936318509;3600;0.27007567172499336
Goal_815;688324;2499234.976633334;0.2222222222222222;720299;2560891.6289000013;0.3526574605501125;3601;0.34789624641258404
Goal_816;688324;2499234.976633334;0.2777777777777778;715759;2499273.4198999987;0.35389231379429165;3601;0.5530453092141387
Goal_817;688324;2499234.976633334;0.3333333333333333;719794;2504952.0014999975;0.35418420578723386;3600;1.0
Goal_830;688324;4998469.953266668;0.5;688324;1083842.4896999998;0.44777222764357605;3;0.0
Goal_829;688324;4998469.953266668;0.4444444444444444;688443;1159445.1936;0.44444046747792654;49;0.0
Goal_828;688324;4998469.953266668;0.38888888888888884;690566;1592816.3489999997;0.38884287907311565;1218;0.0
Goal_821;688324;4998469.953266668;0.0;745979;4019098.611499998;0.3489996315940564;3601;0.23276054495017853
Goal_822;688324;4998469.953266668;0.05555555555555555;729730;3412484.2514999975;0.3558910753338772;3600;0.26865697015231665
Goal_823;688324;4998469.953266668;0.1111111111111111;766095;4810461.882500001;0.35370004493196167;3600;0.2807706781996776
Goal_824;688324;4998469.953266668;0.16666666666666666;760400;4813194.321900003;0.35187292281582216;3601;0.31607908398782825
Goal_825;688324;4998469.953266668;0.2222222222222222;761655;4740815.977599999;0.35853824472791856;3600;0.44336970050779906
Goal_826;688324;4998469.953266668;0.2777777777777778;719476;3104632.1179;0.35531481477888394;3600;0.6680661455993828
Goal_839;688324;7497704.929900002;0.4444444444444444;688328;1176999.3742000002;0.4444434247522458;58;0.0
Goal_840;688324;7497704.929900002;0.5;688324;1083842.4896999998;0.44777222764357605;3;0.0
Goal_827;688324;4998469.953266668;0.3333333333333333;781228;4979736.412399999;0.3701579384972535;3600;1.0
Goal_831;688324;7497704.929900002;0.0;734196;3741305.7652;0.3469509611446254;3600;0.2236040401850017
Goal_832;688324;7497704.929900002;0.05555555555555555;732709;3402427.5288999975;0.3477258632452798;3601;0.23296207850913045
Goal_833;688324;7497704.929900002;0.1111111111111111;739981;3840505.0532999965;0.34647584169981543;3601;0.24683884241933807
Goal_834;688324;7497704.929900002;0.16666666666666666;742074;3973021.848699998;0.3486717013582011;3601;0.2997457548681401
Goal_835;688324;7497704.929900002;0.2222222222222222;738030;3685890.9077999964;0.34846745660817613;3601;0.388241362322838
Goal_836;688324;7497704.929900002;0.2777777777777778;730153;3522046.7100999993;0.3497433479982271;3601;0.6390501902406706
Goal_837;688324;7497704.929900002;0.3333333333333333;760101;4624840.0691;0.3610002772509785;3600;1.0
Goal_849;688324;9996939.906533336;0.4444444444444444;688380;1190031.2369000004;0.4444319346187125;61;0.0
Goal_850;688324;9996939.906533336;0.5;688324;1083842.4896999998;0.44777222764357605;2;0.0
Goal_838;688324;7497704.929900002;0.38888888888888884;689461;1672023.7983999997;0.38891807488119395;3600;1.0
Goal_841;688324;9996939.906533336;0.0;740242;3926509.9732;0.3472817178473235;3601;0.2250617681063174
Goal_842;688324;9996939.906533336;0.05555555555555555;742143;4011575.576499998;0.3469045804315617;3601;0.22928574433630625
Goal_843;688324;9996939.906533336;0.1111111111111111;732426;3473396.4490999975;0.3460267376546611;3601;0.24462889552677472
Goal_844;688324;9996939.906533336;0.16666666666666666;742980;3931170.392499997;0.34925860199951825;3601;0.3028773420619692
Goal_845;688324;9996939.906533336;0.2222222222222222;729673;3446007.855500001;0.34743504404078784;3601;0.3821394207141723
Goal_846;688324;9996939.906533336;0.2777777777777778;735274;3607421.7631999995;0.34768588028395386;3601;0.6272432545258977
Goal_847;688324;9996939.906533336;0.3333333333333333;779647;5468991.968100001;0.3635014875465843;3601;1.0
Goal_859;688324;1.249617488316667E7;0.4444444444444444;688555;1186969.0707000003;0.4444407288183813;58;0.0
Goal_848;688324;9996939.906533336;0.38888888888888884;713344;2509001.259400001;0.396925594442454;3600;1.0
Goal_860;688324;1.249617488316667E7;0.5;688324;1083842.4896999998;0.44777222764357605;2;0.0
Goal_851;688324;1.249617488316667E7;0.0;722462;3224453.224100001;0.3481751639504206;3601;0.2290629401249284
Goal_852;688324;1.249617488316667E7;0.05555555555555555;734042;3692400.5834999955;0.3467189205908196;3601;0.22842927143752867
Goal_858;688324;1.249617488316667E7;0.38888888888888884;688348;1591071.7880000013;0.3888831219743355;1587;0.0
Goal_853;688324;1.249617488316667E7;0.1111111111111111;745828;4039353.2827;0.3474879628226853;3601;0.25174066660715355
Goal_854;688324;1.249617488316667E7;0.16666666666666666;744883;3995495.128699999;0.3482388312728837;3601;0.2975311455893443
Goal_855;688324;1.249617488316667E7;0.2222222222222222;744825;4063927.392800001;0.3487643383825503;3601;0.3899409053850124
Goal_856;688324;1.249617488316667E7;0.2777777777777778;758491;4798413.132200001;0.3504333736357943;3601;0.6428847627538921
Goal_869;688324;1.4995409859800003E7;0.4444444444444444;688328;1176999.3742000002;0.4444434247522458;56;0.0
Goal_870;688324;1.4995409859800003E7;0.5;688324;1083842.4896999998;0.44777222764357605;2;0.0
Goal_857;688324;1.249617488316667E7;0.3333333333333333;744976;4322130.6198;0.36893212347057414;3600;1.0
Goal_861;688324;1.4995409859800003E7;0.0;744527;4053128.868999997;0.34681201003781464;3601;0.22298178631018958
Goal_862;688324;1.4995409859800003E7;0.05555555555555555;754933;4448179.411199999;0.34905427050986854;3601;0.23894062860771179
Goal_868;688324;1.4995409859800003E7;0.38888888888888884;688348;1591071.7880000013;0.3888831219743355;1567;0.0
Goal_863;688324;1.4995409859800003E7;0.1111111111111111;739280;3782669.5539999963;0.3471059947878567;3601;0.24985445836969164
Goal_864;688324;1.4995409859800003E7;0.16666666666666666;735670;3766996.094899998;0.34762262092186047;3601;0.2942457667079975
Goal_865;688324;1.4995409859800003E7;0.2222222222222222;729846;3445820.988600001;0.348277863601592;3601;0.3870511792456855
Goal_878;688324;1.749464483643334E7;0.38888888888888884;724221;3444975.5629999978;0.3888890781413569;352;0.0
Goal_879;688324;1.749464483643334E7;0.4444444444444444;688328;1176999.3742000002;0.4444434247522458;62;0.0
Goal_880;688324;1.749464483643334E7;0.5;688324;1083842.4896999998;0.44777222764357605;3;0.0
Goal_866;688324;1.4995409859800003E7;0.2777777777777778;727601;3279113.6061999975;0.34760149484692154;3600;0.6267499783985093
Goal_867;688324;1.4995409859800003E7;0.3333333333333333;755695;4515834.379399999;0.3609828242585734;3600;1.0
Goal_871;688324;1.749464483643334E7;0.0;747754;4444608.227399999;0.3461250710490941;3601;0.21279471073579853
Goal_872;688324;1.749464483643334E7;0.05555555555555555;745789;4294039.764500004;0.3463418909159671;3601;0.2194421463135702
Goal_873;688324;1.749464483643334E7;0.1111111111111111;745565;4387199.591499999;0.3467744073720183;3601;0.24046159287567453
Goal_874;688324;1.749464483643334E7;0.16666666666666666;749626;4473205.608000001;0.3483250213894521;3601;0.28886004488431916
Goal_875;688324;1.749464483643334E7;0.2222222222222222;746421;4455881.973600001;0.3461974776706445;3601;0.3624818645955049
Goal_876;688324;1.749464483643334E7;0.2777777777777778;721125;3312937.9529;0.34695825097103616;3601;0.603203562307614
Goal_888;688324;1.9993879813066673E7;0.38888888888888884;724221;3444975.5629999978;0.3888890781413569;354;0.0
Goal_890;688324;1.9993879813066673E7;0.5;688324;1083842.4896999998;0.44777222764357605;3;0.0
Goal_889;688324;1.9993879813066673E7;0.4444444444444444;688328;1176999.3742000002;0.4444434247522458;56;0.0
Goal_877;688324;1.749464483643334E7;0.3333333333333333;784611;5968398.835599998;0.3608856891587475;3601;1.0
Goal_881;688324;1.9993879813066673E7;0.0;757575;4841498.484100003;0.3477663759977012;3601;0.22023944211141563
Goal_882;688324;1.9993879813066673E7;0.05555555555555555;746106;4416194.363800004;0.34687804642498743;3601;0.22192690898122133
Goal_883;688324;1.9993879813066673E7;0.1111111111111111;752792;4587791.600400001;0.3474794242815249;3601;0.24385053071248053
Goal_884;688324;1.9993879813066673E7;0.16666666666666666;751307;4662488.057899999;0.34760046810712036;3601;0.28501374664370144
Goal_885;688324;1.9993879813066673E7;0.2222222222222222;743929;4372245.475299999;0.3464914527652599;3600;0.36437217706853264
Goal_886;688324;1.9993879813066673E7;0.2777777777777778;761603;5068584.379900002;0.34640487621916505;3601;0.5997777803358498
Goal_887;688324;1.9993879813066673E7;0.3333333333333333;784611;5968398.835599998;0.3608856891587475;3601;1.0
Goal_900;688324;2.2493114789700005E7;0.5;688324;1083842.4896999998;0.44777222764357605;2;0.0
Goal_899;688324;2.2493114789700005E7;0.4444444444444444;688328;1176999.3742000002;0.4444434247522458;52;0.0
Goal_898;688324;2.2493114789700005E7;0.38888888888888884;724221;3444975.5629999978;0.3888890781413569;363;0.0
Goal_891;688324;2.2493114789700005E7;0.0;741032;4228521.567199998;0.34685756944624835;3601;0.21615651592177815
Goal_892;688324;2.2493114789700005E7;0.05555555555555555;757862;4799612.620099996;0.3491424045532624;3601;0.2321474904975917
Goal_893;688324;2.2493114789700005E7;0.1111111111111111;739279;3969647.527700001;0.34678899278186376;3601;0.24050830282565752
Goal_894;688324;2.2493114789700005E7;0.16666666666666666;730064;3714074.6148000006;0.3461489064090411;3600;0.2772041834123866
Goal_895;688324;2.2493114789700005E7;0.2222222222222222;746421;4455881.973600001;0.3461974776706445;3601;0.36247700211032724
Goal_896;688324;2.2493114789700005E7;0.2777777777777778;740253;4189235.5993000004;0.3471780121247869;3600;0.6046440274040142
Goal_909;638417;0.0;0.4444444444444444;638417;0.0;0.3949928770279956;3;0.0
Goal_910;638417;0.0;0.5;638417;0.0;0.3949928770279956;3;0.0
Goal_897;688324;2.2493114789700005E7;0.3333333333333333;784662;5953224.1439999975;0.36061680546713504;3601;1.0
Goal_901;638417;0.0;0.0;715270;2374783.9144;0.3517037510317241;3600;0.1642442654249486
Goal_902;638417;0.0;0.05555555555555555;713990;2357200.6391000007;0.35114701413982075;3601;0.1645644983858585
Goal_903;638417;0.0;0.1111111111111111;712240;2291731.994000001;0.3535805179566287;3601;0.18294064857865827
Goal_904;638417;0.0;0.16666666666666666;702285;1995138.1733999993;0.35856966563814807;3601;0.21245068882838575
Goal_905;638417;0.0;0.2222222222222222;711564;2269150.850899999;0.3539545382625405;3687;0.2535648863019744
Goal_906;638417;0.0;0.2777777777777778;707902;2167446.5389000005;0.3550269916410002;3601;0.35409791282951936
Goal_918;638417;2499234.976633334;0.38888888888888884;645941;262764.1753;0.38888684075166746;97;0.0
Goal_919;638417;2499234.976633334;0.4444444444444444;638417;0.0;0.3949928770279956;3;0.0
Goal_920;638417;2499234.976633334;0.5;638417;0.0;0.3949928770279956;3;0.0
Goal_907;638417;0.0;0.3333333333333333;710152;2148395.003799999;0.3581844078778838;3601;0.6927386608246731
Goal_908;638417;0.0;0.38888888888888884;643570;99450.98890000005;0.3888896668231206;3601;0.4865308703106987
Goal_911;638417;2499234.976633334;0.0;720907;2560946.1331;0.3524374392817838;3600;0.2093534520582397
Goal_912;638417;2499234.976633334;0.05555555555555555;717035;2513940.8779999986;0.3529160065684666;3601;0.214108861342256
Goal_913;638417;2499234.976633334;0.1111111111111111;718972;2500061.7959000003;0.35226911571635716;3601;0.2277147678047616
Goal_914;638417;2499234.976633334;0.16666666666666666;717271;2501945.223700001;0.3535230100771726;3600;0.27108203742259807
Goal_915;638417;2499234.976633334;0.2222222222222222;719892;2538490.341300001;0.35235085956363493;3601;0.34417959927054187
Goal_928;638417;4998469.953266668;0.38888888888888884;647909;318088.5814000001;0.38888533269562625;68;0.0
Goal_929;638417;4998469.953266668;0.4444444444444444;638417;0.0;0.3949928770279956;2;0.0
Goal_930;638417;4998469.953266668;0.5;638417;0.0;0.3949928770279956;3;0.0
Goal_916;638417;2499234.976633334;0.2777777777777778;717362;2499235.0122;0.351596760203092;3601;0.5375715766011602
Goal_917;638417;2499234.976633334;0.3333333333333333;715616;2467219.1944999998;0.3688013877859328;3601;1.0
Goal_921;638417;4998469.953266668;0.0;743436;3898502.2624000004;0.35023822314237857;3600;0.23812575964818541
Goal_922;638417;4998469.953266668;0.05555555555555555;767861;4820657.659900001;0.3532746206432095;3600;0.2575390091605692
Goal_923;638417;4998469.953266668;0.1111111111111111;765019;4758781.992599999;0.3535669787333262;3600;0.28007871866566636
Goal_924;638417;4998469.953266668;0.16666666666666666;744923;4191269.089500001;0.3483621370018465;3600;0.2980913579891468
Goal_925;638417;4998469.953266668;0.2222222222222222;762231;4655562.369300001;0.3556263731762568;3600;0.4281696212984322
Goal_926;638417;4998469.953266668;0.2777777777777778;754641;4473340.750899999;0.3520507047740768;3601;0.651568723395255
Goal_939;638417;7497704.929900002;0.4444444444444444;638417;0.0;0.3949928770279956;2;0.0
Goal_940;638417;7497704.929900002;0.5;638417;0.0;0.3949928770279956;2;0.0
Goal_927;638417;4998469.953266668;0.3333333333333333;771810;4757075.375599998;0.3694491062926352;3601;1.0
Goal_931;638417;7497704.929900002;0.0;735329;3580686.380800001;0.3480719303403721;3601;0.22857908832360524
Goal_938;638417;7497704.929900002;0.38888888888888884;650967;429980.12279999995;0.388889458723807;1064;0.0
Goal_932;638417;7497704.929900002;0.05555555555555555;738994;3782535.3510000007;0.3478725646043278;3601;0.23360558302386597
Goal_933;638417;7497704.929900002;0.1111111111111111;735894;3678777.3435999993;0.34823882597897615;3600;0.2553284801292524
Goal_934;638417;7497704.929900002;0.16666666666666666;742173;3861400.3270999994;0.3476064131466961;3600;0.294162865481646
Goal_935;638417;7497704.929900002;0.2222222222222222;751473;4301623.931899999;0.34800313560921664;3601;0.38545516299556776
Goal_936;638417;7497704.929900002;0.2777777777777778;718499;3006909.5749000036;0.3554439869776029;3600;0.6686533527832778
Goal_949;638417;9996939.906533336;0.4444444444444444;638417;0.0;0.3949928770279956;3;0.0
Goal_950;638417;9996939.906533336;0.5;638417;0.0;0.3949928770279956;3;0.0
Goal_937;638417;7497704.929900002;0.3333333333333333;782970;5364453.713999998;0.36539478235138123;3601;1.0
Goal_948;638417;9996939.906533336;0.38888888888888884;650756;399061.67079999985;0.3888895616174919;862;0.0
Goal_941;638417;9996939.906533336;0.0;743865;4164904.929000003;0.34739542134622015;3600;0.22559785638884608
Goal_942;638417;9996939.906533336;0.05555555555555555;740288;3911719.3222999983;0.347202107958782;3601;0.23064035864230314
Goal_943;638417;9996939.906533336;0.1111111111111111;724703;3297552.3782999986;0.3483134431172937;3600;0.25569379359926114
Goal_944;638417;9996939.906533336;0.16666666666666666;752456;4300497.675799999;0.354341880044786;3600;0.3284305889514277
Goal_945;638417;9996939.906533336;0.2222222222222222;744646;4086285.6866;0.34828682607377803;3600;0.3871291578995546
Goal_946;638417;9996939.906533336;0.2777777777777778;766374;5076534.948999999;0.35565381499420057;3600;0.6695562014174027
Goal_959;638417;1.249617488316667E7;0.4444444444444444;638417;0.0;0.3949928770279956;2;0.0
Goal_960;638417;1.249617488316667E7;0.5;638417;0.0;0.3949928770279956;3;0.0
Goal_947;638417;9996939.906533336;0.3333333333333333;782580;5513620.311799999;0.3671643733323619;3601;1.0
Goal_951;638417;1.249617488316667E7;0.0;744405;3994139.7561000003;0.34714294121084177;3600;0.22437351531338118
Goal_952;638417;1.249617488316667E7;0.05555555555555555;735825;3739555.765200003;0.34741126546526035;3601;0.23159066055336308
Goal_958;638417;1.249617488316667E7;0.38888888888888884;650043;383209.29;0.38874891950839596;1503;0.0
Goal_953;638417;1.249617488316667E7;0.1111111111111111;729796;3569071.8518000003;0.3470830259408587;3600;0.24980360954121894
Goal_954;638417;1.249617488316667E7;0.16666666666666666;740018;3920826.482299999;0.3476650832417989;3601;0.29447275252270916
Goal_955;638417;1.249617488316667E7;0.2222222222222222;741815;3904452.4160999977;0.3474965273450515;3601;0.38235533049487735
Goal_968;638417;1.4995409859800003E7;0.38888888888888884;651902;426975.43830000015;0.38887386181195127;143;0.0
Goal_969;638417;1.4995409859800003E7;0.4444444444444444;638417;0.0;0.3949928770279956;2;0.0
Goal_970;638417;1.4995409859800003E7;0.5;638417;0.0;0.3949928770279956;3;0.0
Goal_956;638417;1.249617488316667E7;0.2777777777777778;724193;3354564.458099998;0.35641402000579286;3600;0.6731946224908436
Goal_957;638417;1.249617488316667E7;0.3333333333333333;728587;3472844.8823;0.361375686935027;3601;1.0
Goal_961;638417;1.4995409859800003E7;0.0;724786;3324383.7778000003;0.3479326986442324;3601;0.22798473327565072
Goal_962;638417;1.4995409859800003E7;0.05555555555555555;731382;3503697.1508000013;0.3462665885371878;3601;0.22632385420629939
Goal_963;638417;1.4995409859800003E7;0.1111111111111111;745614;4187362.9780999995;0.3482862404377025;3601;0.2555643321496568
Goal_964;638417;1.4995409859800003E7;0.16666666666666666;750516;4388634.599499997;0.35293566877544125;3600;0.3213307513771583
Goal_965;638417;1.4995409859800003E7;0.2222222222222222;742254;3964821.1339999987;0.3483131449518589;3601;0.38730133317991566
Goal_978;638417;1.749464483643334E7;0.38888888888888884;651385;432898.9599999998;0.3888886231669406;130;0.0
Goal_979;638417;1.749464483643334E7;0.4444444444444444;638417;0.0;0.3949928770279956;2;0.0
Goal_980;638417;1.749464483643334E7;0.5;638417;0.0;0.3949928770279956;2;0.0
Goal_966;638417;1.4995409859800003E7;0.2777777777777778;747197;3978374.7028;0.3537441564691046;3600;0.6602782728116061
Goal_967;638417;1.4995409859800003E7;0.3333333333333333;801151;6039546.440699998;0.3627811291335246;3601;1.0
Goal_971;638417;1.749464483643334E7;0.0;742475;4218898.367299999;0.34718269898390414;3601;0.21752288434141673
Goal_972;638417;1.749464483643334E7;0.05555555555555555;768103;5268163.029699996;0.34856206428555353;3601;0.22953462249682113
Goal_973;638417;1.749464483643334E7;0.1111111111111111;751663;4657508.634000003;0.3469478599467622;3601;0.24123155673128696
Goal_974;638417;1.749464483643334E7;0.16666666666666666;748017;4475392.734099996;0.34700436082067576;3601;0.28178504124365583
Goal_975;638417;1.749464483643334E7;0.2222222222222222;744892;4278977.506099999;0.3486804946177247;3601;0.3776529691849926
Goal_988;638417;1.9993879813066673E7;0.38888888888888884;651385;432898.9599999998;0.3888886231669406;143;0.0
Goal_989;638417;1.9993879813066673E7;0.4444444444444444;638417;0.0;0.3949928770279956;3;0.0
Goal_990;638417;1.9993879813066673E7;0.5;638417;0.0;0.3949928770279956;3;0.0
Goal_976;638417;1.749464483643334E7;0.2777777777777778;729393;3680277.765399999;0.3473641760104041;3601;0.6057785567314353
Goal_977;638417;1.749464483643334E7;0.3333333333333333;755516;4682668.010799998;0.35280536858078143;3601;1.0
Goal_981;638417;1.9993879813066673E7;0.0;745426;4309546.908399999;0.34769803336553934;3600;0.21990841874814593
Goal_982;638417;1.9993879813066673E7;0.05555555555555555;737220;3981840.421600001;0.3479906599571973;3601;0.22699884722765584
Goal_983;638417;1.9993879813066673E7;0.1111111111111111;741733;4215160.129600001;0.3459123778361113;3600;0.23620459056619164
Goal_984;638417;1.9993879813066673E7;0.16666666666666666;726361;3560542.3177;0.3466441659844383;3601;0.2798134042703871
Goal_985;638417;1.9993879813066673E7;0.2222222222222222;755993;4838843.735500004;0.3471198338589029;3601;0.36812150506350905
Goal_986;638417;1.9993879813066673E7;0.2777777777777778;756199;4785128.2051;0.3480865882836493;3601;0.6102367670055261
Goal_999;638417;2.2493114789700005E7;0.4444444444444444;638417;0.0;0.3949928770279956;2;0.0
Goal_1000;638417;2.2493114789700005E7;0.5;638417;0.0;0.3949928770279956;2;0.0
Goal_998;638417;2.2493114789700005E7;0.38888888888888884;651385;432898.9599999998;0.3888886231669406;138;0.0
Goal_987;638417;1.9993879813066673E7;0.3333333333333333;752586;4616428.966100001;0.34971713826257333;3601;1.0
Goal_991;638417;2.2493114789700005E7;0.0;747721;4471835.399;0.3475052268962582;3600;0.2190068906096383
Goal_992;638417;2.2493114789700005E7;0.05555555555555555;726800;3582443.042600002;0.34670368074498165;3600;0.22110459098156965
Goal_993;638417;2.2493114789700005E7;0.1111111111111111;740151;4160076.3270999994;0.3464716957270353;3600;0.23895107777885258
Goal_994;638417;2.2493114789700005E7;0.16666666666666666;751582;4616874.543899999;0.34686473628824377;3601;0.28100824733419805
Goal_995;638417;2.2493114789700005E7;0.2222222222222222;755919;4819079.735700003;0.34620055708894426;3600;0.3624747329211318
Goal_996;638417;2.2493114789700005E7;0.2777777777777778;718174;3203432.537500002;0.34745271703050723;3600;0.6063087833917215
Goal_997;638417;2.2493114789700005E7;0.3333333333333333;752586;4616428.966100001;0.34971713826257333;3600;1.0
