Meta_10;235306;0.0;0.5;155160;1257123.7448999996;0.46351240544347894;0;0.0
Meta_1;235306;0.0;0.0;129726;392712.6156000001;0.24656955795643545;3600;0.01913237225479046
Meta_7;235306;0.0;0.3333333333333333;144820;873589.0873000001;0.33333434294219794;3600;0.007346000213958459
Meta_9;235306;0.0;0.4444444444444444;153530;1178345.4255999997;0.4444444396213354;3600;3.732974411423535E-5
Meta_8;235306;0.0;0.38888888888888884;149653;1025154.1027000003;0.38888991286265495;3600;0.0015676640733314822
Meta_4;235306;0.0;0.16666666666666666;128167;329252.6788;0.2440691674731919;3600;0.01810840110553735
Meta_2;235306;0.0;0.05555555555555555;128157;329601.72099999996;0.24337126911149184;3600;0.015673833868196877
Meta_3;235306;0.0;0.1111111111111111;127739;317763.9412;0.24239827176683942;3600;0.01606847168655577
Meta_5;235306;0.0;0.2222222222222222;128055;330816.9134;0.24304525409819427;3600;0.02036951055733719
Meta_11;235306;986505.7727888891;0.0;143163;985235.0896000005;0.2821178055871239;3600;0.033641701850040305
Meta_20;235306;986505.7727888891;0.5;155160;1257123.7448999996;0.46351240544347894;0;0.0
Meta_6;235306;0.0;0.2777777777777778;136864;608911.6571;0.2777781404959239;3607;0.011622053219810328
Meta_12;235306;986505.7727888891;0.05555555555555555;143072;982398.0654000002;0.2816934874500993;3600;0.03330505065204844
Meta_14;235306;986505.7727888891;0.16666666666666666;141976;941490.1527;0.27740200728063263;3600;0.03598630215683834
Meta_13;235306;986505.7727888891;0.1111111111111111;142961;977329.0039999997;0.28133214997139544;3600;0.034884143046969164
Meta_16;235306;986505.7727888891;0.2777777777777778;143327;986387.5204999998;0.28336912279685933;3600;0.0320534159118114
Meta_15;235306;986505.7727888891;0.2222222222222222;143187;986361.5601999998;0.2823916692759817;3600;0.04020653698909802
Meta_17;235306;986505.7727888891;0.3333333333333333;146921;986677.1782;0.3333303253274109;3600;0.006816203889773601
Meta_19;235306;986505.7727888891;0.4444444444444444;153535;1178593.5875999997;0.44444474867824135;3600;5.452008695032336E-5
Meta_18;235306;986505.7727888891;0.38888888888888884;149953;1039926.6695000001;0.38888906916159094;3601;0.002306796574752942
Meta_21;235306;1973011.5455777782;0.0;142798;983083.8337999999;0.2803038681263616;3600;0.057390218713247926
Meta_30;235306;1973011.5455777782;0.5;168117;1963512.6041;0.48634085112129766;0;0.0
Meta_22;235306;1973011.5455777782;0.05555555555555555;142427;966674.1334;0.2787773429413945;3600;0.05864795221061215
Meta_23;235306;1973011.5455777782;0.1111111111111111;143196;995847.1256000001;0.282208503155374;3600;0.03836075273973876
Meta_26;235306;1973011.5455777782;0.2777777777777778;143790;1022415.3213;0.2846162473853407;3600;0.0702172748728247
Meta_25;235306;1973011.5455777782;0.2222222222222222;142884;985110.2497;0.280739047048584;3600;0.043661302228652096
Meta_27;235306;1973011.5455777782;0.3333333333333333;152735;1367785.6577;0.3333359182189834;3600;0.04780434374633225
Meta_24;235306;1973011.5455777782;0.16666666666666666;142528;970032.802;0.27938244840489235;3600;0.03942156083488715
Meta_28;235306;1973011.5455777782;0.38888888888888884;159850;1640894.4221999994;0.38888837753032124;3600;0.022293611554397037
Meta_29;235306;1973011.5455777782;0.4444444444444444;165262;1840882.4317000003;0.444446286087021;3600;0.0025209286130085983
Meta_40;235306;2959517.3183666673;0.5;168117;1965521.499;0.48634085112129766;0;0.0
Meta_31;235306;2959517.3183666673;0.0;142648;979136.3469;0.27967616475544604;3600;0.057355753224824856
Meta_32;235306;2959517.3183666673;0.05555555555555555;142622;976238.3062;0.27960232215064773;3600;0.05797842309665486
Meta_33;235306;2959517.3183666673;0.1111111111111111;142700;980361.1404000001;0.2798794634320256;3608;0.06007303696418447
Meta_34;235306;2959517.3183666673;0.16666666666666666;141830;947036.7620000002;0.2766636583057554;3600;0.040441133950322845
Meta_36;235306;2959517.3183666673;0.2777777777777778;143934;1032734.2326000001;0.2852891475396839;3600;0.07115244074481629
Meta_35;235306;2959517.3183666673;0.2222222222222222;141008;915643.6812000001;0.2734146108392444;3600;0.04257508967316289
Meta_38;235306;2959517.3183666673;0.38888888888888884;159886;1654166.7992000002;0.38888864670711853;3600;0.023528785152527015
Meta_37;235306;2959517.3183666673;0.3333333333333333;152926;1387241.1995999997;0.3333327433125608;3600;0.024258935951140766
Meta_39;235306;2959517.3183666673;0.4444444444444444;165241;1855097.7168;0.44444488090696493;3600;0.0037683390237859657
Meta_41;235306;3946023.0911555565;0.0;142648;979136.3469;0.27967616475544604;3600;0.057355753224824856
Meta_50;235306;3946023.0911555565;0.5;168117;1965521.499;0.48634085112129766;0;0.0
Meta_42;235306;3946023.0911555565;0.05555555555555555;142622;976238.3062;0.27960232215064773;3600;0.05797842309665486
Meta_43;235306;3946023.0911555565;0.1111111111111111;142700;980361.1404000001;0.2798794634320256;3600;0.06007303696418447
Meta_44;235306;3946023.0911555565;0.16666666666666666;141794;943921.9474000002;0.27657555042047577;3600;0.04055201196423058
Meta_45;235306;3946023.0911555565;0.2222222222222222;141008;915643.6812000001;0.2734146108392444;3600;0.04257144643274033
Meta_46;235306;3946023.0911555565;0.2777777777777778;143931;1032623.2219000001;0.2852779328976303;3600;0.07114350374602255
Meta_47;235306;3946023.0911555565;0.3333333333333333;152926;1387241.1995999997;0.3333327433125608;3600;0.024257667718478294
Meta_48;235306;3946023.0911555565;0.38888888888888884;159886;1654166.7992000002;0.38888864670711853;3600;0.023532246599011368
Meta_49;235306;3946023.0911555565;0.4444444444444444;165241;1855097.7168;0.44444488090696493;3600;0.0037672516582270324
Meta_52;235306;4932528.863944446;0.05555555555555555;142622;976238.3062;0.27960232215064773;3600;0.05797842309665486
Meta_60;235306;4932528.863944446;0.5;168117;1965521.499;0.48634085112129766;0;0.0
Meta_51;235306;4932528.863944446;0.0;142648;979136.3469;0.27967616475544604;3600;0.05735738265654522
Meta_53;235306;4932528.863944446;0.1111111111111111;142700;980361.1404000001;0.2798794634320256;3600;0.060083241468578984
Meta_54;235306;4932528.863944446;0.16666666666666666;141815;944738.2978000001;0.27665476406474976;3600;0.04056492959166325
Meta_55;235306;4932528.863944446;0.2222222222222222;141008;915643.6812000001;0.2734146108392444;3600;0.042573696746863315
Meta_56;235306;4932528.863944446;0.2777777777777778;143935;1032652.9830000001;0.2852901392643742;3600;0.07113635670078845
Meta_58;235306;4932528.863944446;0.38888888888888884;159886;1654166.7992000002;0.38888864670711853;3600;0.02352708821830187
Meta_57;235306;4932528.863944446;0.3333333333333333;152926;1387241.1995999997;0.3333327433125608;3600;0.024256120469364706
Meta_59;235306;4932528.863944446;0.4444444444444444;165241;1855097.7168;0.44444488090696493;3600;0.0037672294362271655
Meta_61;235306;5919034.6367333345;0.0;142648;979136.3469;0.27967616475544604;3600;0.057356745743217016
Meta_64;235306;5919034.6367333345;0.16666666666666666;141830;947036.7620000002;0.2766636583057554;3600;0.04044447714281835
Meta_70;235306;5919034.6367333345;0.5;168117;1965521.499;0.48634085112129766;0;0.0
Meta_62;235306;5919034.6367333345;0.05555555555555555;142622;976238.3062;0.27960232215064773;3600;0.05797842309665486
Meta_63;235306;5919034.6367333345;0.1111111111111111;142698;980491.8854;0.2798741600959592;3600;0.06008782192597988
Meta_65;235306;5919034.6367333345;0.2222222222222222;141008;915643.6812000001;0.2734146108392444;3600;0.04257368289464962
Meta_66;235306;5919034.6367333345;0.2777777777777778;143931;1032623.2219000001;0.2852779328976303;3600;0.07114616460160855
Meta_67;235306;5919034.6367333345;0.3333333333333333;152926;1387241.1995999997;0.3333327433125608;3600;0.024261788083831472
Meta_68;235306;5919034.6367333345;0.38888888888888884;159886;1654166.7992000002;0.38888864670711853;3600;0.02353147176291801
Meta_69;235306;5919034.6367333345;0.4444444444444444;165241;1855097.7168;0.44444488090696493;3600;0.0037682374036739513
Meta_80;235306;6905540.409522224;0.5;168117;1965521.499;0.48634085112129766;0;0.0
Meta_74;235306;6905540.409522224;0.16666666666666666;141796;944002.1219000001;0.2765832208287451;3600;0.040554124635636644
Meta_72;235306;6905540.409522224;0.05555555555555555;142622;976238.3062;0.27960232215064773;3600;0.05797842309665486
Meta_71;235306;6905540.409522224;0.0;142648;979136.3469;0.27967616475544604;3600;0.057358610197251345
Meta_75;235306;6905540.409522224;0.2222222222222222;141008;915643.6812000001;0.2734146108392444;3600;0.042573159357674153
Meta_76;235306;6905540.409522224;0.2777777777777778;143935;1032652.9830000001;0.2852901392643742;3600;0.07113635670078845
Meta_73;235306;6905540.409522224;0.1111111111111111;142700;980361.1404000001;0.2798794634320256;3603;0.06007303696418447
Meta_77;235306;6905540.409522224;0.3333333333333333;152926;1387241.1995999997;0.3333327433125608;3600;0.024260345806079733
Meta_78;235306;6905540.409522224;0.38888888888888884;159886;1654166.7992000002;0.38888864670711853;3600;0.02352708821830187
Meta_79;235306;6905540.409522224;0.4444444444444444;165241;1855097.7168;0.44444488090696493;3600;0.0037689994023291226
Meta_90;235306;7892046.182311113;0.5;168117;1965521.499;0.48634085112129766;0;0.0
Meta_81;235306;7892046.182311113;0.0;142648;979136.3469;0.27967616475544604;3600;0.057357676987607686
Meta_84;235306;7892046.182311113;0.16666666666666666;141830;947036.7620000002;0.2766636583057554;3600;0.04045021632691365
Meta_86;235306;7892046.182311113;0.2777777777777778;143934;1032734.2326000001;0.2852891475396839;3600;0.07115244074481629
Meta_83;235306;7892046.182311113;0.1111111111111111;142707;980630.5367;0.27990590233310536;3600;0.06008468930346204
Meta_85;235306;7892046.182311113;0.2222222222222222;141008;915643.6812000001;0.2734146108392444;3600;0.042573159357674153
Meta_82;235306;7892046.182311113;0.05555555555555555;142622;976238.3062;0.27960232215064773;3603;0.05797842309665486
Meta_87;235306;7892046.182311113;0.3333333333333333;152926;1387241.1995999997;0.3333327433125608;3600;0.024256906398195933
Meta_88;235306;7892046.182311113;0.38888888888888884;159886;1654166.7992000002;0.38888864670711853;3600;0.023531441769006598
Meta_89;235306;7892046.182311113;0.4444444444444444;165241;1855097.7168;0.44444488090696493;3600;0.003767929779490343
Meta_100;235306;8878551.955100002;0.5;168117;1965521.499;0.48634085112129766;0;0.0
Meta_91;235306;8878551.955100002;0.0;142648;979136.3469;0.27967616475544604;3600;0.0573596043390448
Meta_92;235306;8878551.955100002;0.05555555555555555;142622;976238.3062;0.27960232215064773;3600;0.05797842309665486
Meta_94;235306;8878551.955100002;0.16666666666666666;141830;947036.7620000002;0.2766636583057554;3600;0.040441133950322845
Meta_93;235306;8878551.955100002;0.1111111111111111;142699;980319.6801000002;0.2798756569024532;3600;0.06008324884007857
Meta_96;235306;8878551.955100002;0.2777777777777778;143934;1032734.2326000001;0.2852891475396839;3600;0.07115244074481629
Meta_95;235306;8878551.955100002;0.2222222222222222;141008;915643.6812000001;0.2734146108392444;3600;0.042574170762802795
Meta_97;235306;8878551.955100002;0.3333333333333333;152926;1387241.1995999997;0.3333327433125608;3600;0.02425810607308633
Meta_98;235306;8878551.955100002;0.38888888888888884;159886;1654166.7992000002;0.38888864670711853;3600;0.023528642164199174
Meta_99;235306;8878551.955100002;0.4444444444444444;165241;1855097.7168;0.44444488090696493;3600;0.003767660640738964
Meta_110;222372;0.0;0.5;155160;1257123.7448999996;0.46351240544347894;0;0.0
Meta_103;222372;0.0;0.1111111111111111;129293;379242.41930000007;0.24487229426849078;3600;0.01995583637820992
Meta_104;222372;0.0;0.16666666666666666;128340;343425.94020000007;0.2430181446633294;3600;0.02019116532409255
Meta_101;222372;0.0;0.0;128285;339594.18939999986;0.24311688021090389;3602;0.01739964850839607
Meta_106;222372;0.0;0.2777777777777778;136772;604315.1729000001;0.2777784603207465;3600;0.013273409108325578
Meta_107;222372;0.0;0.3333333333333333;144651;865402.3576000001;0.333334375396991;3600;0.0082779861851151
Meta_108;222372;0.0;0.38888888888888884;150079;1046463.8686000002;0.3888897141635842;3600;0.002165051926002873
Meta_102;222372;0.0;0.05555555555555555;128687;353147.9296000001;0.24404091466480207;3605;0.018487658442027353
Meta_109;222372;0.0;0.4444444444444444;153548;1179242.6725;0.4444451902352034;3600;5.0381645585744413E-5
Meta_105;222372;0.0;0.2222222222222222;126856;281286.6195;0.2417352243115073;3604;0.021675059103429952
Meta_120;222372;986505.7727888891;0.5;155160;1257123.7448999996;0.46351240544347894;0;0.0
Meta_111;222372;986505.7727888891;0.0;143051;979767.1564000001;0.28163365268370666;3600;0.03716343109565653
Meta_112;222372;986505.7727888891;0.05555555555555555;143218;986091.4008;0.2822378380533012;3600;0.03750228752644563
Meta_114;222372;986505.7727888891;0.16666666666666666;142070;943189.6618999998;0.2777404304483448;3600;0.04042920317057773
Meta_113;222372;986505.7727888891;0.1111111111111111;143035;981272.8895000003;0.28156241779052665;3600;0.03891274035175019
Meta_115;222372;986505.7727888891;0.2222222222222222;142802;971504.5223999997;0.28040747422130385;3600;0.04521518624213829
Meta_116;222372;986505.7727888891;0.2777777777777778;143726;986535.0991;0.2872119753082287;3600;0.045045742354394444
Meta_117;222372;986505.7727888891;0.3333333333333333;146854;986517.0127000001;0.3333332145076993;3600;0.012856253583005439
Meta_118;222372;986505.7727888891;0.38888888888888884;150083;1049320.8094000001;0.3888884562332351;3600;0.003463289776641073
Meta_119;222372;986505.7727888891;0.4444444444444444;153590;1181333.2116999996;0.44444376129821134;3600;4.5463887579779187E-5
Meta_130;222372;1973011.5455777782;0.5;168117;1963512.6041;0.48634085112129766;0;0.0
Meta_121;222372;1973011.5455777782;0.0;142319;962806.2531000001;0.2783658610064296;3600;0.06436416745840692
Meta_122;222372;1973011.5455777782;0.05555555555555555;142991;990136.5274000003;0.2811502101889983;3607;0.06477174709671252
Meta_123;222372;1973011.5455777782;0.1111111111111111;142851;982959.2063000002;0.28053389485869185;3600;0.06815970149072567
Meta_124;222372;1973011.5455777782;0.16666666666666666;142511;970475.3323000002;0.2792330324834353;3600;0.04415208819164528
Meta_125;222372;1973011.5455777782;0.2222222222222222;143045;992033.0334;0.2814269426681731;3600;0.04953802071897546
Meta_126;222372;1973011.5455777782;0.2777777777777778;144294;1044127.7729999999;0.28715368087641346;3600;0.05568775688521436
Meta_128;222372;1973011.5455777782;0.38888888888888884;159932;1646788.0332000002;0.3888901439789731;3600;0.025973895378946992
Meta_129;222372;1973011.5455777782;0.4444444444444444;165267;1841171.9548000004;0.4444424934074943;3600;0.0029161434596844398
Meta_127;222372;1973011.5455777782;0.3333333333333333;152346;1355620.1243;0.33339465599915225;3604;0.06196618590003957
Meta_131;222372;2959517.3183666673;0.0;142823;984106.027;0.2805304545893402;3600;0.06410596074532225
Meta_140;222372;2959517.3183666673;0.5;168117;1965521.499;0.48634085112129766;0;0.0
Meta_132;222372;2959517.3183666673;0.05555555555555555;142691;978915.4719;0.2800277953092422;3600;0.0647988506507529
Meta_133;222372;2959517.3183666673;0.1111111111111111;143108;1000316.9168000001;0.28168439467594086;3600;0.06773167805553726
Meta_134;222372;2959517.3183666673;0.16666666666666666;142396;966647.9570000002;0.27957676010441446;3600;0.0739537381805893
Meta_135;222372;2959517.3183666673;0.2222222222222222;141426;932284.9921000001;0.27520216434513245;3600;0.04856402356890579
Meta_136;222372;2959517.3183666673;0.2777777777777778;143760;1025573.2632999999;0.2848033091673341;3600;0.08241336333431798
Meta_137;222372;2959517.3183666673;0.3333333333333333;152902;1383202.9788999998;0.3333359539176639;3600;0.02936059393372736
Meta_139;222372;2959517.3183666673;0.4444444444444444;165258;1855291.8285999997;0.44443723048627715;3600;0.004106112743198737
Meta_138;222372;2959517.3183666673;0.38888888888888884;160075;1661509.9513000005;0.38891107685045173;3600;0.01353095619241323
Meta_150;222372;3946023.0911555565;0.5;168117;1965521.499;0.48634085112129766;0;0.0
Meta_141;222372;3946023.0911555565;0.0;142823;984106.027;0.2805304545893402;3600;0.06410590012159044
Meta_142;222372;3946023.0911555565;0.05555555555555555;142691;978915.4719;0.2800277953092422;3600;0.06480999047528828
Meta_143;222372;3946023.0911555565;0.1111111111111111;143108;1000316.9168000001;0.28168439467594086;3600;0.06772616851542397
Meta_144;222372;3946023.0911555565;0.16666666666666666;142396;966647.9570000002;0.27957676010441446;3600;0.0739592168882192
Meta_145;222372;3946023.0911555565;0.2222222222222222;141438;932967.7363000002;0.2752478149614886;3600;0.04858065131518997
Meta_146;222372;3946023.0911555565;0.2777777777777778;143760;1025573.2632999999;0.2848033091673341;3600;0.08241262907578804
Meta_147;222372;3946023.0911555565;0.3333333333333333;152902;1383202.9788999998;0.3333359539176639;3600;0.02936059393372736
Meta_149;222372;3946023.0911555565;0.4444444444444444;165258;1855291.8285999997;0.44443723048627715;3600;0.004102198211767682
Meta_148;222372;3946023.0911555565;0.38888888888888884;160075;1661509.9513000005;0.38891107685045173;3604;0.013531562444164463
Meta_151;222372;4932528.863944446;0.0;142823;984106.027;0.2805304545893402;3600;0.06410715261904902
Meta_160;222372;4932528.863944446;0.5;168117;1965521.499;0.48634085112129766;0;0.0
Meta_152;222372;4932528.863944446;0.05555555555555555;142689;978931.9246;0.2800188929788446;3600;0.06479218523461876
Meta_153;222372;4932528.863944446;0.1111111111111111;143108;1000316.9168000001;0.28168439467594086;3600;0.06772929189715306
Meta_154;222372;4932528.863944446;0.16666666666666666;142396;966647.9570000002;0.27957676010441446;3600;0.0739592168882192
Meta_155;222372;4932528.863944446;0.2222222222222222;141438;932967.7363000002;0.2752478149614886;3600;0.048575224050911116
Meta_156;222372;4932528.863944446;0.2777777777777778;143760;1025573.2632999999;0.2848033091673341;3600;0.08241317811268498
Meta_157;222372;4932528.863944446;0.3333333333333333;152902;1383202.9788999998;0.3333359539176639;3600;0.02936059393372736
Meta_158;222372;4932528.863944446;0.38888888888888884;160075;1661509.9513000005;0.38891107685045173;3600;0.013531066728570094
Meta_159;222372;4932528.863944446;0.4444444444444444;165258;1855291.8285999997;0.44443723048627715;3600;0.00410163302098319
Meta_170;222372;5919034.6367333345;0.5;168117;1965521.499;0.48634085112129766;0;0.0
Meta_163;222372;5919034.6367333345;0.1111111111111111;143108;1000316.9168000001;0.28168439467594086;3600;0.06773167805553726
Meta_161;222372;5919034.6367333345;0.0;142823;984106.027;0.2805304545893402;3600;0.0641080557978175
Meta_162;222372;5919034.6367333345;0.05555555555555555;142691;978915.4719;0.2800277953092422;3600;0.06480999047528828
Meta_164;222372;5919034.6367333345;0.16666666666666666;142396;966647.9570000002;0.27957676010441446;3600;0.0739610771155879
Meta_165;222372;5919034.6367333345;0.2222222222222222;141426;932284.9921000001;0.27520216434513245;3603;0.04856527366525146
Meta_166;222372;5919034.6367333345;0.2777777777777778;143760;1025573.2632999999;0.2848033091673341;3600;0.08241336333431798
Meta_167;222372;5919034.6367333345;0.3333333333333333;152902;1383202.9788999998;0.3333359539176639;3600;0.029363517517447275
Meta_168;222372;5919034.6367333345;0.38888888888888884;160075;1661509.9513000005;0.38891107685045173;3600;0.013530713544766482
Meta_169;222372;5919034.6367333345;0.4444444444444444;165258;1855291.8285999997;0.44443723048627715;3600;0.004102469602067311
Meta_180;222372;6905540.409522224;0.5;168117;1965521.499;0.48634085112129766;0;0.0
Meta_171;222372;6905540.409522224;0.0;142823;984106.027;0.2805304545893402;3600;0.06410579868033117
Meta_172;222372;6905540.409522224;0.05555555555555555;142691;978915.4719;0.2800277953092422;3600;0.06480999047528828
Meta_173;222372;6905540.409522224;0.1111111111111111;143108;1000316.9168000001;0.28168439467594086;3600;0.06772773225923276
Meta_175;222372;6905540.409522224;0.2222222222222222;141438;932967.7363000002;0.2752478149614886;3600;0.04858065131518997
Meta_174;222372;6905540.409522224;0.16666666666666666;142396;966647.9570000002;0.27957676010441446;3601;0.07396087088392336
Meta_176;222372;6905540.409522224;0.2777777777777778;143760;1025573.2632999999;0.2848033091673341;3600;0.08242201710580002
Meta_177;222372;6905540.409522224;0.3333333333333333;152902;1383202.9788999998;0.3333359539176639;3600;0.0293595941467478
Meta_178;222372;6905540.409522224;0.38888888888888884;160075;1661509.9513000005;0.38891107685045173;3600;0.013531562444164463
Meta_179;222372;6905540.409522224;0.4444444444444444;165258;1855291.8285999997;0.44443723048627715;3600;0.00410609059526141
Meta_181;222372;7892046.182311113;0.0;142823;984106.027;0.2805304545893402;3600;0.0641080557978175
Meta_190;222372;7892046.182311113;0.5;168117;1965521.499;0.48634085112129766;0;0.0
Meta_182;222372;7892046.182311113;0.05555555555555555;142685;978821.1061;0.28000624152934284;3600;0.06481068213822884
Meta_183;222372;7892046.182311113;0.1111111111111111;143108;1000316.9168000001;0.28168439467594086;3600;0.06772785218616727
Meta_185;222372;7892046.182311113;0.2222222222222222;141426;932284.9921000001;0.27520216434513245;3600;0.04856873199817447
Meta_184;222372;7892046.182311113;0.16666666666666666;142396;966647.9570000002;0.27957676010441446;3602;0.07396087088392336
Meta_186;222372;7892046.182311113;0.2777777777777778;143760;1025573.2632999999;0.2848033091673341;3600;0.08242201710580002
Meta_187;222372;7892046.182311113;0.3333333333333333;152902;1383202.9788999998;0.3333359539176639;3600;0.029358512533320176
Meta_188;222372;7892046.182311113;0.38888888888888884;160061;1661161.4923000007;0.3888850810496045;3600;0.013622245527909364
Meta_189;222372;7892046.182311113;0.4444444444444444;165258;1855291.8285999997;0.44443723048627715;3600;0.00410163302098319
Meta_200;222372;8878551.955100002;0.5;168117;1965521.499;0.48634085112129766;0;0.0
Meta_192;222372;8878551.955100002;0.05555555555555555;142691;978915.4719;0.2800277953092422;3600;0.06479928216984107
Meta_191;222372;8878551.955100002;0.0;142823;984106.027;0.2805304545893402;3600;0.06410911979561254
Meta_193;222372;8878551.955100002;0.1111111111111111;143108;1000316.9168000001;0.28168439467594086;3600;0.06773167805553726
Meta_194;222372;8878551.955100002;0.16666666666666666;142396;966647.9570000002;0.27957676010441446;3600;0.07396924462508057
Meta_196;222372;8878551.955100002;0.2777777777777778;143760;1025573.2632999999;0.2848033091673341;3600;0.08242201710580002
Meta_195;222372;8878551.955100002;0.2222222222222222;141426;932284.9921000001;0.27520216434513245;3600;0.04856527366525146
Meta_197;222372;8878551.955100002;0.3333333333333333;152902;1383202.9788999998;0.3333359539176639;3600;0.029363517517447275
Meta_198;222372;8878551.955100002;0.38888888888888884;160063;1660878.4255000004;0.38888434101513186;3600;0.013589711009751737
Meta_199;222372;8878551.955100002;0.4444444444444444;165258;1855291.8285999997;0.44443723048627715;3600;0.00410870187069104
Meta_210;209439;0.0;0.5;155160;1257123.7448999996;0.46351240544347894;0;0.0
Meta_201;209439;0.0;0.0;129006;365514.2014;0.2446855605449377;3600;0.020976815949369693
Meta_202;209439;0.0;0.05555555555555555;128618;352323.1833;0.24411590038968367;3600;0.0211533398534225
Meta_203;209439;0.0;0.1111111111111111;128118;331750.9246000001;0.24292652934148226;3600;0.020173387568091488
Meta_204;209439;0.0;0.16666666666666666;127686;310636.586;0.24343677512145892;3600;0.023248758018557393
Meta_205;209439;0.0;0.2222222222222222;128263;336813.5385;0.24342988192624518;3600;0.025821455786206874
Meta_207;209439;0.0;0.3333333333333333;144760;871376.2429;0.33330270591034294;3600;0.009849300575441517
Meta_206;209439;0.0;0.2777777777777778;136395;583242.5238000001;0.27777906891484117;3600;0.014968955702428087
Meta_208;209439;0.0;0.38888888888888884;149917;1038287.5768999998;0.3888892573927979;3600;0.0030101219758290523
Meta_209;209439;0.0;0.4444444444444444;153577;1180681.3743999999;0.444444268113342;3600;6.417998357839532E-5
Meta_220;209439;986505.7727888891;0.5;155160;1257123.7448999996;0.46351240544347894;0;0.0
Meta_211;209439;986505.7727888891;0.0;142935;977132.5926000001;0.28110322304655916;3600;0.04106207193404891
Meta_212;209439;986505.7727888891;0.05555555555555555;143178;986482.2982999999;0.28205980203255254;3600;0.04155461623982927
Meta_213;209439;986505.7727888891;0.1111111111111111;142136;946914.1356;0.27761352661479605;3600;0.04223128428554492
Meta_214;209439;986505.7727888891;0.16666666666666666;141969;933704.3409000001;0.27787652616160313;3600;0.0475039787176703
Meta_215;209439;986505.7727888891;0.2222222222222222;142764;971663.6251000002;0.2806067925246319;3600;0.05403740954734768
Meta_217;209439;986505.7727888891;0.3333333333333333;147652;1037117.6139000001;0.3333387306749458;3600;0.019079361007468165
Meta_216;209439;986505.7727888891;0.2777777777777778;143512;986578.9491000002;0.28534634090773037;3600;0.04791230114288747
Meta_218;209439;986505.7727888891;0.38888888888888884;150359;1061112.9628999997;0.3888884976967096;3600;0.0035620644520913025
Meta_219;209439;986505.7727888891;0.4444444444444444;153570;1180333.0202;0.44444439689279;3600;6.20212317577899E-5
Meta_230;209439;1973011.5455777782;0.5;168117;1963512.6041;0.48634085112129766;0;0.0
Meta_221;209439;1973011.5455777782;0.0;142866;984838.1794000001;0.2806344794906879;3600;0.07282048892584758
Meta_222;209439;1973011.5455777782;0.05555555555555555;142270;960175.3927999999;0.27815651812233966;3600;0.07322796220856251
Meta_223;209439;1973011.5455777782;0.1111111111111111;142369;964587.0452999999;0.2786727589136952;3600;0.07688193608574773
Meta_224;209439;1973011.5455777782;0.16666666666666666;142200;956984.5818;0.2780178427961654;3600;0.051233806725821014
Meta_225;209439;1973011.5455777782;0.2222222222222222;142015;950554.6172;0.2772194963823032;3600;0.056048573925269636
Meta_226;209439;1973011.5455777782;0.2777777777777778;142921;988302.6641000002;0.28149961590586076;3600;0.06357590740427292
Meta_227;209439;1973011.5455777782;0.3333333333333333;152805;1370539.3374999997;0.3333363052520545;3600;0.06851518714657383
Meta_228;209439;1973011.5455777782;0.38888888888888884;159853;1638185.0363000005;0.38888689176847513;3600;0.03407614061938428
Meta_229;209439;1973011.5455777782;0.4444444444444444;165254;1842854.5242999997;0.4444454283473301;3600;0.004442905730200999
Meta_240;209439;2959517.3183666673;0.5;168117;1965521.499;0.48634085112129766;0;0.0
Meta_231;209439;2959517.3183666673;0.0;142865;987211.4785999999;0.2805940444489067;3600;0.07171466466937555
Meta_232;209439;2959517.3183666673;0.05555555555555555;142880;986268.8252000001;0.28074818301549;3600;0.07301468366801123
Meta_233;209439;2959517.3183666673;0.1111111111111111;142702;981548.2526000001;0.2799819429690405;3600;0.07603469681649484
Meta_234;209439;2959517.3183666673;0.16666666666666666;142610;980982.0873999998;0.28022511143373874;3600;0.05187770963982398
Meta_235;209439;2959517.3183666673;0.2222222222222222;141716;942429.7685999998;0.27601752505902294;3600;0.05708963877291102
Meta_237;209439;2959517.3183666673;0.3333333333333333;153007;1385849.4481;0.33333273933011986;3600;0.03433237751967506
Meta_236;209439;2959517.3183666673;0.2777777777777778;144892;1066785.1566;0.28995351921381646;3600;0.10322996894925512
Meta_238;209439;2959517.3183666673;0.38888888888888884;160103;1662770.7217;0.388887256522858;3600;0.016446215726863053
Meta_239;209439;2959517.3183666673;0.4444444444444444;165250;1855575.5818999999;0.4444461756462265;3600;0.005449053057722321
Meta_250;209439;3946023.0911555565;0.5;168117;1965521.499;0.48634085112129766;0;0.0
Meta_241;209439;3946023.0911555565;0.0;142865;987211.4785999999;0.2805940444489067;3600;0.07171782293390287
Meta_243;209439;3946023.0911555565;0.1111111111111111;142702;981548.2526000001;0.2799819429690405;3600;0.07603469681649484
Meta_242;209439;3946023.0911555565;0.05555555555555555;142880;986268.8252000001;0.28074818301549;3602;0.07302702091632349
Meta_244;209439;3946023.0911555565;0.16666666666666666;142610;980982.0873999998;0.28022511143373874;3600;0.051878814151443214
Meta_245;209439;3946023.0911555565;0.2222222222222222;141716;942429.7685999998;0.27601752505902294;3600;0.05709375539682433
Meta_246;209439;3946023.0911555565;0.2777777777777778;144892;1066785.1566;0.28995351921381646;3600;0.10323026225127306
Meta_247;209439;3946023.0911555565;0.3333333333333333;153007;1385849.4481;0.33333273933011986;3600;0.03433147597574074
Meta_248;209439;3946023.0911555565;0.38888888888888884;160103;1662770.7217;0.388887256522858;3600;0.01644459468187988
Meta_249;209439;3946023.0911555565;0.4444444444444444;165250;1855575.5818999999;0.4444461756462265;3600;0.005449294798347106
Meta_260;209439;4932528.863944446;0.5;168117;1965521.499;0.48634085112129766;0;0.0
Meta_251;209439;4932528.863944446;0.0;142865;987211.4785999999;0.2805940444489067;3600;0.07171551924930299
Meta_252;209439;4932528.863944446;0.05555555555555555;142880;986268.8252000001;0.28074818301549;3600;0.07302702091632349
Meta_253;209439;4932528.863944446;0.1111111111111111;142702;981548.2526000001;0.2799819429690405;3600;0.07603469681649484
Meta_254;209439;4932528.863944446;0.16666666666666666;142610;980982.0873999998;0.28022511143373874;3600;0.051879432406208126
Meta_255;209439;4932528.863944446;0.2222222222222222;141716;942429.7685999998;0.27601752505902294;3600;0.05708796952218668
Meta_257;209439;4932528.863944446;0.3333333333333333;153007;1385849.4481;0.33333273933011986;3600;0.034330283356433546
Meta_258;209439;4932528.863944446;0.38888888888888884;160103;1662770.7217;0.388887256522858;3600;0.016446215726863053
Meta_259;209439;4932528.863944446;0.4444444444444444;165250;1855575.5818999999;0.4444461756462265;3600;0.0054489504574421034
Meta_256;209439;4932528.863944446;0.2777777777777778;144892;1066785.1566;0.28995351921381646;3606;0.10322914710399005
Meta_270;209439;5919034.6367333345;0.5;168117;1965521.499;0.48634085112129766;0;0.0
Meta_262;209439;5919034.6367333345;0.05555555555555555;142880;986268.8252000001;0.28074818301549;3600;0.07302702091632349
Meta_263;209439;5919034.6367333345;0.1111111111111111;142702;981548.2526000001;0.2799819429690405;3600;0.07603469681649484
Meta_265;209439;5919034.6367333345;0.2222222222222222;141716;942429.7685999998;0.27601752505902294;3600;0.05709375539682433
Meta_264;209439;5919034.6367333345;0.16666666666666666;142610;980982.0873999998;0.28022511143373874;3600;0.05187770963982398
Meta_261;209439;5919034.6367333345;0.0;142865;987211.4785999999;0.2805940444489067;3608;0.07171466466937555
Meta_266;209439;5919034.6367333345;0.2777777777777778;144892;1066785.1566;0.28995351921381646;3600;0.10322914710399005
Meta_268;209439;5919034.6367333345;0.38888888888888884;160103;1662770.7217;0.388887256522858;3600;0.016446215726863053
Meta_267;209439;5919034.6367333345;0.3333333333333333;153007;1385849.4481;0.33333273933011986;3600;0.03433376217555617
Meta_269;209439;5919034.6367333345;0.4444444444444444;165250;1855951.8169999998;0.44444013349107603;3600;0.005431476578394395
Meta_280;209439;6905540.409522224;0.5;168117;1965521.499;0.48634085112129766;0;0.0
Meta_271;209439;6905540.409522224;0.0;142865;987211.4785999999;0.2805940444489067;3600;0.07171466466937555
Meta_272;209439;6905540.409522224;0.05555555555555555;142880;986268.8252000001;0.28074818301549;3600;0.07302702091632349
Meta_273;209439;6905540.409522224;0.1111111111111111;142702;981548.2526000001;0.2799819429690405;3600;0.07603469681649484
Meta_275;209439;6905540.409522224;0.2222222222222222;141716;942429.7685999998;0.27601752505902294;3600;0.05710147415794488
Meta_274;209439;6905540.409522224;0.16666666666666666;142610;980982.0873999998;0.28022511143373874;3600;0.051879905327808826
Meta_276;209439;6905540.409522224;0.2777777777777778;144892;1066785.1566;0.28995351921381646;3600;0.10322996032350797
Meta_277;209439;6905540.409522224;0.3333333333333333;153007;1385849.4481;0.33333273933011986;3600;0.03433115727692293
Meta_279;209439;6905540.409522224;0.4444444444444444;165250;1855575.5818999999;0.4444461756462265;3600;0.005448672482623645
Meta_278;209439;6905540.409522224;0.38888888888888884;160103;1662770.7217;0.388887256522858;3600;0.016448363773061858
Meta_290;209439;7892046.182311113;0.5;168117;1965521.499;0.48634085112129766;0;0.0
Meta_281;209439;7892046.182311113;0.0;142865;987211.4785999999;0.2805940444489067;3600;0.07171466466937555
Meta_283;209439;7892046.182311113;0.1111111111111111;142702;981548.2526000001;0.2799819429690405;3600;0.07603469681649484
Meta_282;209439;7892046.182311113;0.05555555555555555;142880;986268.8252000001;0.28074818301549;3601;0.07302702091632349
Meta_284;209439;7892046.182311113;0.16666666666666666;142610;980982.0873999998;0.28022511143373874;3600;0.051883536800898286
Meta_285;209439;7892046.182311113;0.2222222222222222;141716;942429.7685999998;0.27601752505902294;3600;0.05710147415794488
Meta_286;209439;7892046.182311113;0.2777777777777778;144892;1066785.1566;0.28995351921381646;3600;0.10323298822198118
Meta_287;209439;7892046.182311113;0.3333333333333333;153007;1385849.4481;0.33333273933011986;3600;0.03433147597574074
Meta_288;209439;7892046.182311113;0.38888888888888884;160103;1662770.7217;0.388887256522858;3600;0.016448363773061858
Meta_289;209439;7892046.182311113;0.4444444444444444;165250;1855575.5818999999;0.4444461756462265;3600;0.005448811247757065
Meta_300;209439;8878551.955100002;0.5;168117;1965521.499;0.48634085112129766;0;0.0
Meta_291;209439;8878551.955100002;0.0;142865;987211.4785999999;0.2805940444489067;3600;0.07171466466937555
Meta_292;209439;8878551.955100002;0.05555555555555555;142843;985188.4965;0.2806146751833615;3600;0.07303345855284396
Meta_293;209439;8878551.955100002;0.1111111111111111;142702;981548.2526000001;0.2799819429690405;3600;0.07603991520710196
Meta_294;209439;8878551.955100002;0.16666666666666666;142610;980982.0873999998;0.28022511143373874;3600;0.05188013087942372
Meta_295;209439;8878551.955100002;0.2222222222222222;141716;942429.7685999998;0.27601752505902294;3600;0.05710841996177526
Meta_297;209439;8878551.955100002;0.3333333333333333;153007;1385849.4481;0.33333273933011986;3600;0.03433376217555617
Meta_296;209439;8878551.955100002;0.2777777777777778;144892;1066785.1566;0.28995351921381646;3600;0.10323298822198118
Meta_298;209439;8878551.955100002;0.38888888888888884;160103;1662770.7217;0.388887256522858;3600;0.016446687404413008
Meta_299;209439;8878551.955100002;0.4444444444444444;165250;1855575.5818999999;0.4444461756462265;3600;0.00544888785390813
Meta_310;196506;0.0;0.5;155160;1257123.7448999996;0.46351240544347894;0;0.0
Meta_301;196506;0.0;0.0;129215;378621.7164000001;0.2446575752138243;3600;0.024102519605405423
Meta_302;196506;0.0;0.05555555555555555;128926;361077.13560000004;0.24493483520043605;3600;0.023609889984273203
Meta_303;196506;0.0;0.1111111111111111;128486;345927.69730000006;0.24349345714278472;3600;0.02349497440355454
Meta_304;196506;0.0;0.16666666666666666;127934;324848.87770000007;0.24295450085356454;3600;0.025836439092147577
Meta_305;196506;0.0;0.2222222222222222;127594;311698.5343999999;0.24226079218432356;3600;0.02862469350448872
Meta_306;196506;0.0;0.2777777777777778;136931;612048.6472000002;0.27777917234830174;3600;0.017970606535269978
Meta_307;196506;0.0;0.3333333333333333;144791;873444.6383;0.33333294523112317;3600;0.01150083795681317
Meta_309;196506;0.0;0.4444444444444444;153552;1179440.8279999997;0.4444439029893005;3600;6.955356914778492E-5
Meta_308;196506;0.0;0.38888888888888884;149772;1030832.3621;0.38889008651938506;3600;0.002786971089034635
Meta_320;196506;986505.7727888891;0.5;155160;1257123.7448999996;0.46351240544347894;0;0.0
Meta_311;196506;986505.7727888891;0.0;142244;952047.8304000002;0.278058180611821;3600;0.045144611474024314
Meta_312;196506;986505.7727888891;0.05555555555555555;142953;977368.6168999999;0.28104905067298647;3600;0.047025632749684125
Meta_313;196506;986505.7727888891;0.1111111111111111;142575;960806.9178999999;0.27953570786350607;3600;0.04901986102740349
Meta_314;196506;986505.7727888891;0.16666666666666666;141524;920388.7962999996;0.2754602670026595;3600;0.0527308867914748
Meta_315;196506;986505.7727888891;0.2222222222222222;142706;965898.8465000001;0.28017958793563535;3600;0.06091245239976621
Meta_317;196506;986505.7727888891;0.3333333333333333;146960;991124.3378000001;0.33333186583863716;3600;0.019184499471790056
Meta_319;196506;986505.7727888891;0.4444444444444444;153577;1180681.2442999997;0.44444421531389855;3600;6.136153481748434E-5
Meta_318;196506;986505.7727888891;0.38888888888888884;149943;1039825.6001999998;0.38888761142528616;3600;0.004210497488204906
Meta_321;196506;1973011.5455777782;0.0;142749;981204.0181000001;0.2801703965892101;3600;0.08162845842359
Meta_322;196506;1973011.5455777782;0.05555555555555555;142919;986825.1843000002;0.280784229168517;3600;0.08395085206130351
Meta_330;196506;1973011.5455777782;0.5;168117;1963512.6041;0.48634085112129766;0;0.0
Meta_316;196506;986505.7727888891;0.2777777777777778;143032;983146.2977000002;0.283308540047328;3624;0.0576144864628592
Meta_323;196506;1973011.5455777782;0.1111111111111111;142581;971501.8030000001;0.27942893936995633;3600;0.08849144860701953
Meta_325;196506;1973011.5455777782;0.2222222222222222;142689;977557.9078000003;0.2803050705348452;3600;0.07049437377070676
Meta_324;196506;1973011.5455777782;0.16666666666666666;142805;983037.9193;0.280550053269065;3600;0.05906867883098662
Meta_326;196506;1973011.5455777782;0.2777777777777778;142763;982305.0450999999;0.28095481244412784;3600;0.07875393906424791
Meta_327;196506;1973011.5455777782;0.3333333333333333;152902;1373543.8672;0.33333174182817393;3600;0.08795764553746963
Meta_328;196506;1973011.5455777782;0.38888888888888884;160092;1652821.8872000002;0.38888972093719165;3600;0.02263481558546104
Meta_329;196506;1973011.5455777782;0.4444444444444444;165266;1842111.3414000005;0.44444068743873383;3600;0.007511144320400871
Meta_340;196506;2959517.3183666673;0.5;168117;1965521.499;0.48634085112129766;0;0.0
Meta_331;196506;2959517.3183666673;0.0;142714;981656.9248000003;0.27995607912788584;3600;0.08166371550761545
Meta_332;196506;2959517.3183666673;0.05555555555555555;142992;992300.1018;0.2812285775740054;3600;0.08378621963708907
Meta_333;196506;2959517.3183666673;0.1111111111111111;142987;992926.0745;0.2811021897687194;3600;0.08807449814381843
Meta_334;196506;2959517.3183666673;0.16666666666666666;141893;951180.5135;0.277869549550985;3600;0.06327903964939058
Meta_336;196506;2959517.3183666673;0.2777777777777778;144147;1038718.9614000003;0.28631813083907826;3600;0.07998116144306938
Meta_335;196506;2959517.3183666673;0.2222222222222222;140975;911891.5505999998;0.2732725833523958;3601;0.06737413241296854
Meta_337;196506;2959517.3183666673;0.3333333333333333;152950;1386962.3215;0.33333304056694774;3600;0.045728833465036936
Meta_338;196506;2959517.3183666673;0.38888888888888884;159904;1658622.607200001;0.3888866695865123;3600;0.04764166941412173
Meta_339;196506;2959517.3183666673;0.4444444444444444;165254;1855450.5255000002;0.44444530221510536;3600;0.007474181152344771
Meta_350;196506;3946023.0911555565;0.5;168117;1965521.499;0.48634085112129766;0;0.0
Meta_341;196506;3946023.0911555565;0.0;142714;981656.9248000003;0.27995607912788584;3600;0.08166267802215461
Meta_342;196506;3946023.0911555565;0.05555555555555555;142992;992300.1018;0.2812285775740054;3600;0.08378621963708907
Meta_343;196506;3946023.0911555565;0.1111111111111111;142987;992926.0745;0.2811021897687194;3600;0.08807449814381843
Meta_344;196506;3946023.0911555565;0.16666666666666666;141460;929291.4916000002;0.2764766355570572;3600;0.06403283137551123
Meta_345;196506;3946023.0911555565;0.2222222222222222;140975;911891.5505999998;0.2732725833523958;3600;0.06737413241296854
Meta_346;196506;3946023.0911555565;0.2777777777777778;144147;1038718.9614000003;0.28631813083907826;3600;0.07998116144306938
Meta_347;196506;3946023.0911555565;0.3333333333333333;152950;1386962.3215;0.33333304056694774;3600;0.04572818950284719
Meta_348;196506;3946023.0911555565;0.38888888888888884;159904;1658622.607200001;0.3888866695865123;3600;0.04764445238983475
Meta_349;196506;3946023.0911555565;0.4444444444444444;165254;1855450.5255000002;0.44444530221510536;3600;0.007475168898645837
Meta_360;196506;4932528.863944446;0.5;168117;1965521.499;0.48634085112129766;0;0.0
Meta_351;196506;4932528.863944446;0.0;142714;981656.9248000003;0.27995607912788584;3600;0.08166264996232678
Meta_352;196506;4932528.863944446;0.05555555555555555;142992;992300.1018;0.2812285775740054;3600;0.08378743333721493
Meta_353;196506;4932528.863944446;0.1111111111111111;142987;992926.0745;0.2811021897687194;3600;0.08807034746633523
Meta_354;196506;4932528.863944446;0.16666666666666666;141460;929291.4916000002;0.2764766355570572;3600;0.06407117751778361
Meta_355;196506;4932528.863944446;0.2222222222222222;140975;911891.5505999998;0.2732725833523958;3600;0.06737579832336871
Meta_356;196506;4932528.863944446;0.2777777777777778;144147;1038718.9614000003;0.28631813083907826;3600;0.07998116144306938
Meta_357;196506;4932528.863944446;0.3333333333333333;152950;1386962.3215;0.33333304056694774;3600;0.04573104796503285
Meta_358;196506;4932528.863944446;0.38888888888888884;159904;1658622.607200001;0.3888866695865123;3601;0.04764445238983475
Meta_359;196506;4932528.863944446;0.4444444444444444;165254;1855450.5255000002;0.44444530221510536;3600;0.007475099371301259
Meta_370;196506;5919034.6367333345;0.5;168117;1965521.499;0.48634085112129766;0;0.0
Meta_361;196506;5919034.6367333345;0.0;142714;981656.9248000003;0.27995607912788584;3600;0.08166264996232678
Meta_362;196506;5919034.6367333345;0.05555555555555555;142992;992300.1018;0.2812285775740054;3600;0.08380335505797135
Meta_363;196506;5919034.6367333345;0.1111111111111111;142987;992926.0745;0.2811021897687194;3600;0.08808185066008892
Meta_364;196506;5919034.6367333345;0.16666666666666666;141473;929919.4839000001;0.27652211943162247;3600;0.06399786044095909
Meta_365;196506;5919034.6367333345;0.2222222222222222;140975;911891.5505999998;0.2732725833523958;3600;0.06737579832336871
Meta_366;196506;5919034.6367333345;0.2777777777777778;144147;1038718.9614000003;0.28631813083907826;3600;0.07998116144306938
Meta_367;196506;5919034.6367333345;0.3333333333333333;152950;1386962.3215;0.33333304056694774;3600;0.045728833465036936
Meta_368;196506;5919034.6367333345;0.38888888888888884;159904;1658622.607200001;0.3888866695865123;3602;0.04764445238983475
Meta_369;196506;5919034.6367333345;0.4444444444444444;165254;1855450.5255000002;0.44444530221510536;3600;0.007473265868892423
Meta_371;196506;6905540.409522224;0.0;142714;981656.9248000003;0.27995607912788584;3600;0.08166282721775107
Meta_380;196506;6905540.409522224;0.5;168117;1965521.499;0.48634085112129766;0;0.0
Meta_373;196506;6905540.409522224;0.1111111111111111;142987;992926.0745;0.2811021897687194;3600;0.08808989668787791
Meta_374;196506;6905540.409522224;0.16666666666666666;141634;939420.8709;0.2769646391979748;3600;0.06347872539228866
Meta_375;196506;6905540.409522224;0.2222222222222222;140975;911891.5505999998;0.2732725833523958;3600;0.06737413241296854
Meta_372;196506;6905540.409522224;0.05555555555555555;142992;992300.1018;0.2812285775740054;3607;0.08380335505797135
Meta_376;196506;6905540.409522224;0.2777777777777778;144147;1038718.9614000003;0.28631813083907826;3600;0.07998116144306938
Meta_377;196506;6905540.409522224;0.3333333333333333;152950;1386962.3215;0.33333304056694774;3600;0.045732265048708996
Meta_378;196506;6905540.409522224;0.38888888888888884;159904;1658622.607200001;0.3888866695865123;3600;0.04764445238983475
Meta_379;196506;6905540.409522224;0.4444444444444444;165254;1855450.5255000002;0.44444530221510536;3600;0.007475168898645837
Meta_382;196506;7892046.182311113;0.05555555555555555;142992;992300.1018;0.2812285775740054;3600;0.08378627671068306
Meta_390;196506;7892046.182311113;0.5;168117;1965521.499;0.48634085112129766;0;0.0
Meta_381;196506;7892046.182311113;0.0;142714;981656.9248000003;0.27995607912788584;3604;0.08166264996232678
Meta_384;196506;7892046.182311113;0.16666666666666666;141893;951180.5135;0.277869549550985;3600;0.0632822371417584
Meta_383;196506;7892046.182311113;0.1111111111111111;142987;992926.0745;0.2811021897687194;3600;0.08809990736314013
Meta_386;196506;7892046.182311113;0.2777777777777778;144147;1038718.9614000003;0.28631813083907826;3600;0.07998116144306938
Meta_385;196506;7892046.182311113;0.2222222222222222;140975;911891.5505999998;0.2732725833523958;3600;0.06737413241296854
Meta_387;196506;7892046.182311113;0.3333333333333333;152950;1386962.3215;0.33333304056694774;3600;0.04573104796503285
Meta_388;196506;7892046.182311113;0.38888888888888884;159904;1658622.607200001;0.3888866695865123;3600;0.04764166941412173
Meta_389;196506;7892046.182311113;0.4444444444444444;165254;1855450.5255000002;0.44444530221510536;3600;0.007474714235931021
Meta_400;196506;8878551.955100002;0.5;168117;1965521.499;0.48634085112129766;0;0.0
Meta_391;196506;8878551.955100002;0.0;142714;981656.9248000003;0.27995607912788584;3600;0.08166267802215461
Meta_392;196506;8878551.955100002;0.05555555555555555;142992;992300.1018;0.2812285775740054;3600;0.08380335505797135
Meta_393;196506;8878551.955100002;0.1111111111111111;142987;992926.0745;0.2811021897687194;3600;0.08807920969185398
Meta_394;196506;8878551.955100002;0.16666666666666666;141634;939420.8709;0.2769646391979748;3600;0.06348463622901845
Meta_395;196506;8878551.955100002;0.2222222222222222;140975;911891.5505999998;0.2732725833523958;3600;0.06737413241296854
Meta_396;196506;8878551.955100002;0.2777777777777778;144147;1038718.9614000003;0.28631813083907826;3600;0.07998312650169279
Meta_397;196506;8878551.955100002;0.3333333333333333;152950;1386962.3215;0.33333304056694774;3600;0.045735505349421696
Meta_398;196506;8878551.955100002;0.38888888888888884;159904;1658622.607200001;0.3888866695865123;3600;0.047646575145828055
Meta_399;196506;8878551.955100002;0.4444444444444444;165254;1855450.5255000002;0.44444530221510536;3600;0.007473094220162146
Meta_410;183572;0.0;0.5;155160;1257123.7448999996;0.46351240544347894;0;0.0
Meta_401;183572;0.0;0.0;128511;345026.6398;0.24411428320381032;3600;0.025402550263193893
Meta_402;183572;0.0;0.05555555555555555;128007;328643.25909999997;0.24283386294179854;3600;0.024816690121050165
Meta_403;183572;0.0;0.1111111111111111;128523;347460.1548;0.24379963632467752;3600;0.027799727146144367
Meta_404;183572;0.0;0.16666666666666666;127812;319757.4971999999;0.2424979012029705;3600;0.029914078222046645
Meta_406;183572;0.0;0.2777777777777778;136385;582332.9357;0.2777791313178481;3600;0.02132558444813584
Meta_405;183572;0.0;0.2222222222222222;127532;310173.8591000001;0.242332463133262;3600;0.03450170510259981
Meta_407;183572;0.0;0.3333333333333333;145080;887036.1898000002;0.33333441601776354;3600;0.01430426926492507
Meta_408;183572;0.0;0.38888888888888884;150575;1072174.3169;0.3888886766063808;3600;0.005278870785272742
Meta_409;183572;0.0;0.4444444444444444;153548;1179238.5169999998;0.4444447781680131;3600;8.998366241871155E-5
Meta_420;183572;986505.7727888891;0.5;155160;1257123.7448999996;0.46351240544347894;0;0.0
Meta_411;183572;986505.7727888891;0.0;142401;956937.5262000001;0.2788539999173565;3600;0.053779028537677846
Meta_412;183572;986505.7727888891;0.05555555555555555;142639;964513.2750999999;0.27974553765623755;3600;0.054725581521046014
Meta_413;183572;986505.7727888891;0.1111111111111111;142624;964385.9593000002;0.2797416014098093;3600;0.05764487653602673
Meta_414;183572;986505.7727888891;0.16666666666666666;142104;945376.8826;0.27809897964696195;3600;0.06520247995491797
Meta_417;183572;986505.7727888891;0.3333333333333333;147056;995603.6383000001;0.3333406250466506;3600;0.025938799632899134
Meta_415;183572;986505.7727888891;0.2222222222222222;142335;952753.8908999998;0.27844735589396713;3608;0.07332663329621901
Meta_418;183572;986505.7727888891;0.38888888888888884;150032;1044580.6448000001;0.3888881731640566;3600;0.005007509742557307
Meta_419;183572;986505.7727888891;0.4444444444444444;153538;1178740.6778999998;0.44444457792712244;3600;1.456449759134675E-4
Meta_421;183572;1973011.5455777782;0.0;142597;971980.4306999999;0.27950454915682654;3600;0.09623607416159995
Meta_430;183572;1973011.5455777782;0.5;168117;1963512.6041;0.48634085112129766;0;1.4159177667044869E-16
Meta_416;183572;986505.7727888891;0.2777777777777778;143347;986588.4028000003;0.28445517959339733;3613;0.0755432356398397
Meta_422;183572;1973011.5455777782;0.05555555555555555;142666;977713.4905999999;0.2797915733168283;3600;0.09673808045453847
Meta_423;183572;1973011.5455777782;0.1111111111111111;142848;983463.1476999997;0.2804906569321585;3600;0.1029915868576949
Meta_424;183572;1973011.5455777782;0.16666666666666666;141596;934175.5017999999;0.27573603329380886;3600;0.07193536358642967
Meta_425;183572;1973011.5455777782;0.2222222222222222;142896;983801.5796;0.28097447082092325;3600;0.08384479139343409
Meta_426;183572;1973011.5455777782;0.2777777777777778;143433;1011141.4277999998;0.2838380382562997;3600;0.10671648361604126
Meta_427;183572;1973011.5455777782;0.3333333333333333;152795;1365079.5868000002;0.33333553205135596;3600;0.12648637175426664
Meta_428;183572;1973011.5455777782;0.38888888888888884;160093;1651898.5944;0.38888912898749495;3600;0.03474253166679773
Meta_429;183572;1973011.5455777782;0.4444444444444444;165259;1840874.8139;0.4444435901068759;3600;0.010163874955497256
Meta_440;183572;2959517.3183666673;0.5;168117;1965521.499;0.48634085112129766;0;1.4159177667044869E-16
Meta_431;183572;2959517.3183666673;0.0;142928;989239.4184000001;0.28090097846708734;3600;0.09552778508042017
Meta_432;183572;2959517.3183666673;0.05555555555555555;142972;990208.8766;0.28119640069611523;3600;0.09771352112173537
Meta_433;183572;2959517.3183666673;0.1111111111111111;142182;960773.0320999998;0.2777820644039756;3600;0.10390654632072646
Meta_434;183572;2959517.3183666673;0.16666666666666666;141949;955989.7572000001;0.2776753472955536;3600;0.07296496164493259
Meta_435;183572;2959517.3183666673;0.2222222222222222;143106;997774.6186999999;0.2816996386530415;3600;0.08489414383372505
Meta_436;183572;2959517.3183666673;0.2777777777777778;144865;1066181.5584;0.289985650141228;3600;0.1673389882396711
Meta_437;183572;2959517.3183666673;0.3333333333333333;152952;1387244.0839;0.3333317886711383;3600;0.06519734797812118
Meta_438;183572;2959517.3183666673;0.38888888888888884;159970;1660432.6026;0.38888629247670753;3600;0.07186635643877846
Meta_439;183572;2959517.3183666673;0.4444444444444444;165259;1853099.5129000004;0.4444456555403689;3600;0.012723727313004234
Meta_450;183572;3946023.0911555565;0.5;168117;1965521.499;0.48634085112129766;0;1.4159177667044869E-16
Meta_441;183572;3946023.0911555565;0.0;142928;989239.4184000001;0.28090097846708734;3600;0.09552778508042017
Meta_442;183572;3946023.0911555565;0.05555555555555555;142970;990902.4298;0.2811893060750204;3600;0.09771433655958656
Meta_443;183572;3946023.0911555565;0.1111111111111111;142186;960959.0564999998;0.27779614235971956;3600;0.10390045362700052
Meta_444;183572;3946023.0911555565;0.16666666666666666;141949;955989.7572000001;0.2776753472955536;3600;0.07296496164493259
Meta_445;183572;3946023.0911555565;0.2222222222222222;143106;997774.6186999999;0.2816996386530415;3600;0.08488626576565377
Meta_446;183572;3946023.0911555565;0.2777777777777778;144865;1066181.5584;0.289985650141228;3600;0.16733897963863328
Meta_447;183572;3946023.0911555565;0.3333333333333333;152952;1387244.0839;0.3333317886711383;3600;0.0651936909403041
Meta_448;183572;3946023.0911555565;0.38888888888888884;159970;1660432.6026;0.38888629247670753;3600;0.07188219279179067
Meta_449;183572;3946023.0911555565;0.4444444444444444;165259;1853099.5129000004;0.4444456555403689;3600;0.012718967772925293
Meta_460;183572;4932528.863944446;0.5;168117;1965521.499;0.48634085112129766;0;1.4159177667044869E-16
Meta_451;183572;4932528.863944446;0.0;142928;989239.4184000001;0.28090097846708734;3600;0.09553313826867417
Meta_452;183572;4932528.863944446;0.05555555555555555;142970;990902.4298;0.2811893060750204;3600;0.09771433655958656
Meta_453;183572;4932528.863944446;0.1111111111111111;142182;960773.0320999998;0.2777820644039756;3600;0.10390324317835117
Meta_454;183572;4932528.863944446;0.16666666666666666;141949;955989.7572000001;0.2776753472955536;3600;0.07296496164493259
Meta_455;183572;4932528.863944446;0.2222222222222222;143106;997774.6186999999;0.2816996386530415;3600;0.08489662079630518
Meta_457;183572;4932528.863944446;0.3333333333333333;152952;1387244.0839;0.3333317886711383;3600;0.06519358316376077
Meta_458;183572;4932528.863944446;0.38888888888888884;159970;1660432.6026;0.38888629247670753;3600;0.07187118789578487
Meta_456;183572;4932528.863944446;0.2777777777777778;144803;1062729.0092000002;0.28978744587363736;3604;0.1674694420883189
Meta_459;183572;4932528.863944446;0.4444444444444444;165259;1853099.5129000004;0.4444456555403689;3600;0.012699199213675141
Meta_470;183572;5919034.6367333345;0.5;168117;1965521.499;0.48634085112129766;0;1.4159177667044869E-16
Meta_461;183572;5919034.6367333345;0.0;142928;989239.4184000001;0.28090097846708734;3600;0.09552337816172914
Meta_462;183572;5919034.6367333345;0.05555555555555555;142972;990208.8766;0.28119640069611523;3600;0.09770670936192503
Meta_463;183572;5919034.6367333345;0.1111111111111111;142186;960959.0564999998;0.27779614235971956;3600;0.10390045362700052
Meta_464;183572;5919034.6367333345;0.16666666666666666;141949;955989.7572000001;0.2776753472955536;3600;0.07296496164493259
Meta_465;183572;5919034.6367333345;0.2222222222222222;143106;997774.6186999999;0.2816996386530415;3600;0.08489414383372505
Meta_466;183572;5919034.6367333345;0.2777777777777778;144891;1067429.1355000006;0.29009151507653386;3600;0.16741235112133776
Meta_467;183572;5919034.6367333345;0.3333333333333333;152952;1387244.0839;0.3333317886711383;3600;0.06519310476671766
Meta_468;183572;5919034.6367333345;0.38888888888888884;159970;1660432.6026;0.38888629247670753;3600;0.0718677143399496
Meta_469;183572;5919034.6367333345;0.4444444444444444;165259;1853099.5129000004;0.4444456555403689;3600;0.01272103301563989
Meta_480;183572;6905540.409522224;0.5;168117;1965521.499;0.48634085112129766;0;1.4159177667044869E-16
Meta_472;183572;6905540.409522224;0.05555555555555555;142972;990208.8766;0.28119640069611523;3600;0.09770670936192503
Meta_473;183572;6905540.409522224;0.1111111111111111;142186;960959.0564999998;0.27779614235971956;3600;0.10390045362700052
Meta_471;183572;6905540.409522224;0.0;142928;989239.4184000001;0.28090097846708734;3602;0.09552778508042017
Meta_474;183572;6905540.409522224;0.16666666666666666;141949;955989.7572000001;0.2776753472955536;3600;0.07296496164493259
Meta_475;183572;6905540.409522224;0.2222222222222222;143106;997774.6186999999;0.2816996386530415;3600;0.08489672185082289
Meta_476;183572;6905540.409522224;0.2777777777777778;144803;1062729.0092000002;0.28978744587363736;3600;0.1674658891574662
Meta_477;183572;6905540.409522224;0.3333333333333333;152952;1387244.0839;0.3333317886711383;3600;0.06519358316376077
Meta_478;183572;6905540.409522224;0.38888888888888884;159970;1660432.6026;0.38888629247670753;3600;0.07186435355026823
Meta_479;183572;6905540.409522224;0.4444444444444444;165259;1853099.5129000004;0.4444456555403689;3600;0.012715638815822794
Meta_490;183572;7892046.182311113;0.5;168117;1965521.499;0.48634085112129766;0;1.4159177667044869E-16
Meta_481;183572;7892046.182311113;0.0;142928;989239.4184000001;0.28090097846708734;3600;0.09552778508042017
Meta_483;183572;7892046.182311113;0.1111111111111111;142186;960959.0564999998;0.27779614235971956;3600;0.10390045362700052
Meta_482;183572;7892046.182311113;0.05555555555555555;142970;990902.4298;0.2811893060750204;3600;0.09771433655958656
Meta_484;183572;7892046.182311113;0.16666666666666666;141949;955989.7572000001;0.2776753472955536;3600;0.07296496164493259
Meta_485;183572;7892046.182311113;0.2222222222222222;143106;997774.6186999999;0.2816996386530415;3600;0.08489414383372505
Meta_486;183572;7892046.182311113;0.2777777777777778;144803;1062729.0092000002;0.28978744587363736;3600;0.1674658891574662
Meta_487;183572;7892046.182311113;0.3333333333333333;152952;1387244.0839;0.3333317886711383;3600;0.06519358316376077
Meta_488;183572;7892046.182311113;0.38888888888888884;159970;1660432.6026;0.38888629247670753;3600;0.07186286342964626
Meta_489;183572;7892046.182311113;0.4444444444444444;165259;1853099.5129000004;0.4444456555403689;3600;0.012726060044961468
Meta_500;183572;8878551.955100002;0.5;168117;1965521.499;0.48634085112129766;0;1.4159177667044869E-16
Meta_491;183572;8878551.955100002;0.0;142928;989239.4184000001;0.28090097846708734;3600;0.09552225229888454
Meta_492;183572;8878551.955100002;0.05555555555555555;142970;990902.4298;0.2811893060750204;3600;0.09771433655958656
Meta_493;183572;8878551.955100002;0.1111111111111111;142186;960959.0564999998;0.27779614235971956;3600;0.10390045362700052
Meta_494;183572;8878551.955100002;0.16666666666666666;141949;955989.7572000001;0.2776753472955536;3600;0.07296496164493259
Meta_495;183572;8878551.955100002;0.2222222222222222;143106;997774.6186999999;0.2816996386530415;3600;0.08490091298607128
Meta_496;183572;8878551.955100002;0.2777777777777778;144803;1062729.0092000002;0.28978744587363736;3600;0.1674658891574662
Meta_497;183572;8878551.955100002;0.3333333333333333;152952;1387244.0839;0.3333317886711383;3600;0.06519360877423043
Meta_498;183572;8878551.955100002;0.38888888888888884;159970;1660432.6026;0.38888629247670753;3600;0.07186782085246855
Meta_499;183572;8878551.955100002;0.4444444444444444;165259;1853099.5129000004;0.4444456555403689;3600;0.012734023139836478
Meta_510;170639;0.0;0.5;155160;1257123.7448999996;0.46351240544347894;0;0.0
Meta_501;170639;0.0;0.0;127376;303525.8118000001;0.2419650793097047;3600;0.027724831011302988
Meta_502;170639;0.0;0.05555555555555555;127785;317873.383;0.24301166088055046;3600;0.029607908904993218
Meta_503;170639;0.0;0.1111111111111111;127734;316950.1048;0.24243130261834886;3600;0.030771090359950706
Meta_506;170639;0.0;0.2777777777777778;136629;595364.3678000001;0.2777760069386072;3600;0.02740920053711134
Meta_505;170639;0.0;0.2222222222222222;127180;296293.1536000001;0.2416997812407934;3600;0.039998108981266954
Meta_504;170639;0.0;0.16666666666666666;127333;296770.7056;0.24242454450335363;3603;0.034999439819430454
Meta_507;170639;0.0;0.3333333333333333;144537;859788.6661;0.33333269557479833;3600;0.010833309820182846
Meta_508;170639;0.0;0.38888888888888884;149690;1026930.1764999996;0.38889014837156516;3600;0.0042596271655194985
Meta_509;170639;0.0;0.4444444444444444;153500;1176855.7776;0.44444503569369154;3600;3.007227961465264E-4
Meta_520;170639;986505.7727888891;0.5;155160;1257123.7448999996;0.46351240544347894;0;0.0
Meta_511;170639;986505.7727888891;0.0;142509;958869.4711999999;0.2792777429555278;3600;0.06411911833314889
Meta_512;170639;986505.7727888891;0.05555555555555555;142299;951317.6762999999;0.2786153755870335;3600;0.06595104925298874
Meta_514;170639;986505.7727888891;0.16666666666666666;142075;946032.9608000005;0.27861514345148775;3600;0.08497929674852119
Meta_513;170639;986505.7727888891;0.1111111111111111;141128;916023.6309000003;0.2737048202829459;3600;0.06592056548152117
Meta_515;170639;986505.7727888891;0.2222222222222222;142724;968166.7979999997;0.28073899716464423;3600;0.10487124099621756
Meta_517;170639;986505.7727888891;0.3333333333333333;146703;986845.9826;0.33333064846669086;3600;0.04423575154857809
Meta_516;170639;986505.7727888891;0.2777777777777778;143366;978813.6743;0.2849905952648037;3600;0.11361676337855117
Meta_518;170639;986505.7727888891;0.38888888888888884;150504;1068582.0005999997;0.3888891138558374;3600;0.009157563592355238
Meta_519;170639;986505.7727888891;0.4444444444444444;153614;1182553.2903;0.44444407244326434;3600;4.5529770601398427E-4
Meta_530;170639;1973011.5455777782;0.5;168117;1973009.9519;0.48634085112129766;0;0.0
Meta_522;170639;1973011.5455777782;0.05555555555555555;142553;971969.0437000003;0.2792612209149051;3600;0.11767102626479983
Meta_521;170639;1973011.5455777782;0.0;142740;979888.1062000002;0.28006296111817186;3604;0.06942552798015812
Meta_523;170639;1973011.5455777782;0.1111111111111111;142510;971245.1661999997;0.27914280195657176;3600;0.12656207141888498
Meta_524;170639;1973011.5455777782;0.16666666666666666;142640;974002.0270999998;0.2802256493282427;3600;0.0924360293660847
Meta_525;170639;1973011.5455777782;0.2222222222222222;141877;945260.8395000001;0.2766651765379214;3600;0.1094142785220941
Meta_526;170639;1973011.5455777782;0.2777777777777778;142693;981320.9749000001;0.28058171908060314;3600;0.1469599713312655
Meta_527;170639;1973011.5455777782;0.3333333333333333;152798;1373048.3176000006;0.3333354981023695;3600;0.16128235870384788
Meta_528;170639;1973011.5455777782;0.38888888888888884;160006;1649367.9201999998;0.388885344435445;3600;0.11187211086462678
Meta_529;170639;1973011.5455777782;0.4444444444444444;165261;1846306.8915;0.44444479332894044;3600;0.03405432414120094
Meta_540;170639;2959517.3183666673;0.5;168117;1978539.2673000002;0.48634085112129766;0;0.0
Meta_531;170639;2959517.3183666673;0.0;142856;1006686.6669000001;0.2805367343775822;3600;0.11414230209813098
Meta_532;170639;2959517.3183666673;0.05555555555555555;142569;994224.1595999998;0.2793846045393364;3600;0.11628052484831922
Meta_533;170639;2959517.3183666673;0.1111111111111111;142756;1000140.1776999999;0.28021496455583716;3602;0.12568483877182607
Meta_534;170639;2959517.3183666673;0.16666666666666666;141253;935271.0826999999;0.2742480348297222;3600;0.08891563210167895
Meta_535;170639;2959517.3183666673;0.2222222222222222;142224;974480.7259999999;0.27812114792476045;3600;0.10756833161906837
Meta_536;170639;2959517.3183666673;0.2777777777777778;142573;987248.0245000002;0.27946403680312754;3600;0.14363186327196
Meta_537;170639;2959517.3183666673;0.3333333333333333;152933;1406318.4626000004;0.33333181741541607;3600;0.11350815742339349
Meta_538;170639;2959517.3183666673;0.38888888888888884;160079;1676549.794;0.38888820950426417;3600;0.08014838504668113
Meta_539;170639;2959517.3183666673;0.4444444444444444;165256;1867305.3300000003;0.4444440470617895;3600;0.04258061646827698
Meta_541;170639;3946023.0911555565;0.0;142855;1006633.5424;0.28053284920385513;3600;0.11415380769871385
Meta_550;170639;3946023.0911555565;0.5;168117;1978539.2673000002;0.48634085112129766;0;0.0
Meta_542;170639;3946023.0911555565;0.05555555555555555;142567;994247.0616999998;0.27937865853502414;3600;0.11634050426454196
Meta_543;170639;3946023.0911555565;0.1111111111111111;142756;1000140.1776999999;0.28021496455583716;3600;0.12568483877182607
Meta_544;170639;3946023.0911555565;0.16666666666666666;141253;935271.0826999999;0.2742480348297222;3600;0.08892750060149744
Meta_545;170639;3946023.0911555565;0.2222222222222222;142224;974480.7259999999;0.27812114792476045;3600;0.10756783467049431
Meta_546;170639;3946023.0911555565;0.2777777777777778;142566;987389.7273000001;0.2794330305551187;3600;0.1435861159691271
Meta_547;170639;3946023.0911555565;0.3333333333333333;152933;1406318.4626000004;0.33333181741541607;3600;0.11350815742339349
Meta_549;170639;3946023.0911555565;0.4444444444444444;165256;1867305.3300000003;0.4444440470617895;3600;0.042606605795676517
Meta_548;170639;3946023.0911555565;0.38888888888888884;160079;1676549.794;0.38888820950426417;3600;0.08016926834098777
Meta_560;170639;4932528.863944446;0.5;168117;1978539.2673000002;0.48634085112129766;0;0.0
Meta_551;170639;4932528.863944446;0.0;142855;1006633.5424;0.28053284920385513;3600;0.11415380769871385
Meta_552;170639;4932528.863944446;0.05555555555555555;142567;994247.0616999998;0.27937865853502414;3600;0.11634050426454196
Meta_553;170639;4932528.863944446;0.1111111111111111;142756;1000140.1776999999;0.28021496455583716;3600;0.12568483877182607
Meta_554;170639;4932528.863944446;0.16666666666666666;141253;935271.0826999999;0.2742480348297222;3600;0.08892589112153189
Meta_555;170639;4932528.863944446;0.2222222222222222;142224;974480.7259999999;0.27812114792476045;3600;0.10757295184731991
Meta_556;170639;4932528.863944446;0.2777777777777778;142566;987385.8939000001;0.2794337291249695;3600;0.14359332934835142
Meta_557;170639;4932528.863944446;0.3333333333333333;152933;1406318.4626000004;0.33333181741541607;3600;0.11350869064737068
Meta_558;170639;4932528.863944446;0.38888888888888884;160079;1676549.794;0.38888820950426417;3600;0.08017465028617005
Meta_559;170639;4932528.863944446;0.4444444444444444;165256;1867305.3300000003;0.4444440470617895;3600;0.04258332895003687
Meta_570;170639;5919034.6367333345;0.5;168117;1978539.2673000002;0.48634085112129766;0;0.0
Meta_561;170639;5919034.6367333345;0.0;142855;1006633.5424;0.28053284920385513;3600;0.11415380769871385
Meta_562;170639;5919034.6367333345;0.05555555555555555;142569;994224.1595999998;0.2793846045393364;3600;0.11629554904287863
Meta_563;170639;5919034.6367333345;0.1111111111111111;142756;1000140.1776999999;0.28021496455583716;3600;0.12568483877182607
Meta_564;170639;5919034.6367333345;0.16666666666666666;141253;935271.0826999999;0.2742480348297222;3600;0.08891929587816344
Meta_565;170639;5919034.6367333345;0.2222222222222222;142224;974480.7259999999;0.27812114792476045;3600;0.10756493066414079
Meta_566;170639;5919034.6367333345;0.2777777777777778;142501;984111.8593000001;0.27920474322394395;3600;0.14370120252182395
Meta_567;170639;5919034.6367333345;0.3333333333333333;152933;1406318.4626000004;0.33333181741541607;3600;0.11350741692276636
Meta_568;170639;5919034.6367333345;0.38888888888888884;160079;1676549.794;0.38888820950426417;3600;0.08017896672811274
Meta_569;170639;5919034.6367333345;0.4444444444444444;165256;1867305.3300000003;0.4444440470617895;3600;0.04258061646827698
Meta_580;170639;6905540.409522224;0.5;168117;1978539.2673000002;0.48634085112129766;0;0.0
Meta_571;170639;6905540.409522224;0.0;142855;1006633.5424;0.28053284920385513;3600;0.11415380769871385
Meta_572;170639;6905540.409522224;0.05555555555555555;142567;994247.0616999998;0.27937865853502414;3600;0.11634050426454196
Meta_574;170639;6905540.409522224;0.16666666666666666;141253;935271.0826999999;0.2742480348297222;3600;0.08891709047720987
Meta_573;170639;6905540.409522224;0.1111111111111111;142756;1000140.1776999999;0.28021496455583716;3600;0.12568483877182607
Meta_575;170639;6905540.409522224;0.2222222222222222;142224;974480.7259999999;0.27812114792476045;3600;0.1075725881516808
Meta_576;170639;6905540.409522224;0.2777777777777778;142501;984111.8593000001;0.27920474322394395;3600;0.14370120252182395
Meta_577;170639;6905540.409522224;0.3333333333333333;152933;1406318.4626000004;0.33333181741541607;3600;0.11351411995835876
Meta_578;170639;6905540.409522224;0.38888888888888884;160079;1676549.794;0.38888820950426417;3600;0.08016926834098777
Meta_579;170639;6905540.409522224;0.4444444444444444;165256;1867305.3300000003;0.4444440470617895;3600;0.04262334252609517
Meta_590;170639;7892046.182311113;0.5;168117;1978539.2673000002;0.48634085112129766;0;0.0
Meta_581;170639;7892046.182311113;0.0;142855;1006633.5424;0.28053284920385513;3600;0.11415380769871385
Meta_584;170639;7892046.182311113;0.16666666666666666;141253;935271.0826999999;0.2742480348297222;3600;0.08892688881444795
Meta_582;170639;7892046.182311113;0.05555555555555555;142569;994224.1595999998;0.2793846045393364;3600;0.11629554904287863
Meta_583;170639;7892046.182311113;0.1111111111111111;142756;1000140.1776999999;0.28021496455583716;3600;0.12569273725881427
Meta_585;170639;7892046.182311113;0.2222222222222222;142224;974480.7259999999;0.27812114792476045;3600;0.10756783467049431
Meta_586;170639;7892046.182311113;0.2777777777777778;142501;984111.8593000001;0.27920474322394395;3600;0.14370120252182395
Meta_587;170639;7892046.182311113;0.3333333333333333;152932;1405983.3008000006;0.3333372497896243;3600;0.1136317971003834
Meta_588;170639;7892046.182311113;0.38888888888888884;160079;1676549.794;0.38888820950426417;3600;0.0801746470109836
Meta_589;170639;7892046.182311113;0.4444444444444444;165256;1867305.3300000003;0.4444440470617895;3600;0.042566196252715224
Meta_600;170639;8878551.955100002;0.5;168117;1978539.2673000002;0.48634085112129766;0;0.0
Meta_591;170639;8878551.955100002;0.0;142855;1006633.5424;0.28053284920385513;3600;0.11415380769871385
Meta_592;170639;8878551.955100002;0.05555555555555555;142569;994224.1595999998;0.2793846045393364;3600;0.11629554904287863
Meta_594;170639;8878551.955100002;0.16666666666666666;141253;935271.0826999999;0.2742480348297222;3600;0.08892688881444795
Meta_595;170639;8878551.955100002;0.2222222222222222;142224;974480.7259999999;0.27812114792476045;3600;0.10756416515005231
Meta_596;170639;8878551.955100002;0.2777777777777778;142501;984111.8593000001;0.27920474322394395;3600;0.14370120252182395
Meta_593;170639;8878551.955100002;0.1111111111111111;142756;1000140.1776999999;0.28021496455583716;3603;0.1256966594592606
Meta_597;170639;8878551.955100002;0.3333333333333333;152932;1405983.3008000006;0.3333372497896243;3600;0.11363298431215446
Meta_598;170639;8878551.955100002;0.38888888888888884;160079;1676549.794;0.38888820950426417;3600;0.08018070778256298
Meta_599;170639;8878551.955100002;0.4444444444444444;165256;1867305.3300000003;0.4444440470617895;3600;0.04261939857842712
Meta_610;157706;0.0;0.5;155160;1257123.7448999996;0.46351240544347894;0;0.0
Meta_601;157706;0.0;0.0;127924;320137.8799;0.24370112492548412;3600;0.035862148237565124
Meta_602;157706;0.0;0.05555555555555555;128359;344534.1681000001;0.24349711216241102;3600;0.03790183508717474
Meta_603;157706;0.0;0.1111111111111111;127824;318400.54540000006;0.2431715572924527;3600;0.03854674402784492
Meta_604;157706;0.0;0.16666666666666666;127502;303352.81859999994;0.24271525129127536;3600;0.04404068327191708
Meta_606;157706;0.0;0.2777777777777778;136963;616186.8389999997;0.2777784319720799;3600;0.04073081458518126
Meta_605;157706;0.0;0.2222222222222222;127631;310269.83999999997;0.2432302238313254;3600;0.05634200087047394
Meta_607;157706;0.0;0.3333333333333333;145064;887631.2638999999;0.33333328934552964;3600;0.015048930574058738
Meta_608;157706;0.0;0.38888888888888884;149376;1010742.2710999997;0.38889012106943893;3600;0.007834814624685492
Meta_609;157706;0.0;0.4444444444444444;153515;1177595.1811;0.44444547569586906;3600;1.3534068098125992E-4
Meta_620;157706;986505.7727888891;0.5;155160;1257123.7448999996;0.46351240544347894;0;0.0
Meta_611;157706;986505.7727888891;0.0;142587;961804.2886;0.27964595712051993;3600;0.07981021158413397
Meta_612;157706;986505.7727888891;0.05555555555555555;142458;957841.6512000002;0.27920961741504985;3600;0.08378764538879002
Meta_613;157706;986505.7727888891;0.1111111111111111;142427;954348.745;0.2790220937061182;3600;0.08982940119176992
Meta_614;157706;986505.7727888891;0.16666666666666666;142116;945141.7411;0.27891813862425363;3600;0.11367773883854015
Meta_615;157706;986505.7727888891;0.2222222222222222;142195;950713.0068000001;0.27851681496428954;3600;0.14824272267765592
Meta_617;157706;986505.7727888891;0.3333333333333333;146921;992340.9355;0.33335788314568165;3600;0.0897310679012869
Meta_618;157706;986505.7727888891;0.38888888888888884;150297;1059857.6625000003;0.38888911323815994;3600;0.03355477671770098
Meta_619;157706;986505.7727888891;0.4444444444444444;153559;1179797.4844999998;0.44444503271171454;3600;0.0010429899509604725
Meta_616;157706;986505.7727888891;0.2777777777777778;143476;986501.9627999996;0.2869241802045304;3611;0.22395646177650833
Meta_630;157706;1973011.5455777782;0.5;157706;1501112.7678000003;0.4698547270846487;0;0.0
Meta_622;157706;1973011.5455777782;0.05555555555555555;141812;943075.9462000001;0.2763784794189937;3600;0.14587582421445192
Meta_621;157706;1973011.5455777782;0.0;142485;971066.8333000002;0.278978275823534;3605;0.1398850672458902
Meta_629;157706;1973011.5455777782;0.4444444444444444;158169;1577826.3727000002;0.4438689962905425;19;0.0
Meta_628;157706;1973011.5455777782;0.38888888888888884;157731;1562131.5407;0.3888433634961156;56;0.0
Meta_624;157706;1973011.5455777782;0.16666666666666666;142309;960086.7138;0.2787092124472896;3600;0.1206534245609219
Meta_625;157706;1973011.5455777782;0.2222222222222222;141941;952409.2842000001;0.2783921591390829;3600;0.17003491178644764
Meta_623;157706;1973011.5455777782;0.1111111111111111;142786;981573.4867;0.28015680369141166;3605;0.15816942252767976
Meta_626;157706;1973011.5455777782;0.2777777777777778;141952;955489.3615000001;0.2777904559196665;3600;0.26750872290941236
Meta_627;157706;1973011.5455777782;0.3333333333333333;152750;1374558.4976;0.3333942932852095;3600;0.5931312690644642
Meta_640;157706;2959517.3183666673;0.5;157706;1582604.8895000003;0.47452831556881503;0;0.0
Meta_639;157706;2959517.3183666673;0.4444444444444444;157790;1582976.2330000002;0.4440407780248397;7;0.0
Meta_631;157706;2959517.3183666673;0.0;142114;976297.8594000003;0.27745710251428896;3600;0.1412643773720426
Meta_632;157706;2959517.3183666673;0.05555555555555555;142438;988701.6630000002;0.2787931365233768;3600;0.14436290350077238
Meta_633;157706;2959517.3183666673;0.1111111111111111;140645;916143.5496000003;0.27193799380342193;3600;0.09965079893446581
Meta_634;157706;2959517.3183666673;0.16666666666666666;142075;969333.3139;0.2775361331766448;3601;0.19110491930141174
Meta_638;157706;2959517.3183666673;0.38888888888888884;157980;1589174.4507000004;0.3877831685826326;35;0.0
Meta_635;157706;2959517.3183666673;0.2222222222222222;140755;910278.5198000001;0.27299805394091026;3600;0.16676748533897942
Meta_648;157706;3946023.0911555565;0.38888888888888884;157980;1589174.4507000004;0.3877831685826326;36;0.0
Meta_649;157706;3946023.0911555565;0.4444444444444444;157790;1582976.2330000002;0.4440407780248397;8;0.0
Meta_650;157706;3946023.0911555565;0.5;157706;1582604.8895000003;0.47452831556881503;0;0.0
Meta_636;157706;2959517.3183666673;0.2777777777777778;143241;1019528.4845;0.28239946822950823;3600;0.2659805373693158
Meta_637;157706;2959517.3183666673;0.3333333333333333;152803;1403205.7377;0.3333371351092976;3600;0.593152547937769
Meta_641;157706;3946023.0911555565;0.0;142114;976297.8594000003;0.27745710251428896;3600;0.14126585325704114
Meta_642;157706;3946023.0911555565;0.05555555555555555;142441;989118.5368;0.2788053792463806;3600;0.14436697166122558
Meta_643;157706;3946023.0911555565;0.1111111111111111;140634;915651.4511;0.2718885674621469;3600;0.09953549534859191
Meta_645;157706;3946023.0911555565;0.2222222222222222;140753;910443.4245;0.272864233071069;3600;0.16573647928095964
Meta_644;157706;3946023.0911555565;0.16666666666666666;142075;969333.3139;0.2775361331766448;3600;0.19110491930141174
Meta_646;157706;3946023.0911555565;0.2777777777777778;143163;1014051.6337;0.28206043128275715;3600;0.2652956381523185
Meta_647;157706;3946023.0911555565;0.3333333333333333;152803;1403205.7377;0.3333371351092976;3600;0.593152547937769
Meta_660;157706;4932528.863944446;0.5;157706;1582604.8895000003;0.47452831556881503;0;0.0
Meta_659;157706;4932528.863944446;0.4444444444444444;157790;1582976.2330000002;0.4440407780248397;5;0.0
Meta_658;157706;4932528.863944446;0.38888888888888884;157980;1589174.4507000004;0.3877831685826326;34;0.0
Meta_651;157706;4932528.863944446;0.0;142119;976649.3787000004;0.2774780692107065;3600;0.14128234965466127
Meta_652;157706;4932528.863944446;0.05555555555555555;142441;989090.8239000001;0.27880439834232595;3600;0.14436353118977846
Meta_653;157706;4932528.863944446;0.1111111111111111;140634;915651.4511;0.2718885674621469;3600;0.09953351683853151
Meta_654;157706;4932528.863944446;0.16666666666666666;142075;969333.3139;0.2775361331766448;3600;0.19110491930141174
Meta_655;157706;4932528.863944446;0.2222222222222222;140769;911650.5954999998;0.272915167901074;3600;0.16556529775683254
Meta_656;157706;4932528.863944446;0.2777777777777778;143163;1014051.6337;0.28206043128275715;3600;0.2652956381523185
Meta_657;157706;4932528.863944446;0.3333333333333333;152803;1403205.7377;0.3333371351092976;3600;0.593152547937769
Meta_670;157706;5919034.6367333345;0.5;157706;1582604.8895000003;0.47452831556881503;0;0.0
Meta_669;157706;5919034.6367333345;0.4444444444444444;157790;1582976.2330000002;0.4440407780248397;6;0.0
Meta_661;157706;5919034.6367333345;0.0;142114;976332.5442000004;0.27745705193722286;3600;0.14126370462158996
Meta_662;157706;5919034.6367333345;0.05555555555555555;142441;989090.8239000001;0.27880439834232595;3600;0.14436353118977846
Meta_668;157706;5919034.6367333345;0.38888888888888884;157980;1589174.4507000004;0.3877831685826326;34;0.0
Meta_663;157706;5919034.6367333345;0.1111111111111111;140621;915105.7926000003;0.27184394522839667;3600;0.09961136653892334
Meta_664;157706;5919034.6367333345;0.16666666666666666;142075;969333.3139;0.2775361331766448;3600;0.19110491930141174
Meta_665;157706;5919034.6367333345;0.2222222222222222;140762;911399.9332999999;0.272885415503531;3600;0.16549208441449617
Meta_666;157706;5919034.6367333345;0.2777777777777778;143241;1019553.2568000001;0.28239859651426263;3600;0.26596593642857946
Meta_667;157706;5919034.6367333345;0.3333333333333333;152803;1403232.7607;0.3333356285416173;3600;0.5930462566632513
Meta_679;157706;6905540.409522224;0.4444444444444444;157790;1582976.2330000002;0.4440407780248397;8;0.0
Meta_680;157706;6905540.409522224;0.5;157706;1582604.8895000003;0.47452831556881503;0;0.0
Meta_671;157706;6905540.409522224;0.0;142114;976297.8594000003;0.27745710251428896;3606;0.1412639288493132
Meta_672;157706;6905540.409522224;0.05555555555555555;142441;989118.5368;0.2788053792463806;3603;0.14436697166122558
Meta_678;157706;6905540.409522224;0.38888888888888884;157980;1589174.4507000004;0.3877831685826326;34;0.0
Meta_673;157706;6905540.409522224;0.1111111111111111;140634;915651.4511;0.2718885674621469;3600;0.09953549534859191
Meta_674;157706;6905540.409522224;0.16666666666666666;142075;969333.3139;0.2775361331766448;3600;0.19110491930141174
Meta_675;157706;6905540.409522224;0.2222222222222222;140743;912158.6171000001;0.27296096015082094;3600;0.16693061240046225
Meta_676;157706;6905540.409522224;0.2777777777777778;143241;1019528.4845;0.28239946822950823;3600;0.26598068803080865
Meta_689;157706;7892046.182311113;0.4444444444444444;157790;1582976.2330000002;0.4440407780248397;7;0.0
Meta_690;157706;7892046.182311113;0.5;157706;1582604.8895000003;0.47452831556881503;0;0.0
Meta_688;157706;7892046.182311113;0.38888888888888884;157980;1589174.4507000004;0.3877831685826326;32;0.0
Meta_677;157706;6905540.409522224;0.3333333333333333;152803;1403205.7377;0.3333371351092976;3600;0.593152547937769
Meta_681;157706;7892046.182311113;0.0;142114;976204.1868000003;0.2774559541396553;3600;0.14125891462898876
Meta_682;157706;7892046.182311113;0.05555555555555555;142441;989090.8239000001;0.27880439834232595;3600;0.14436353118977846
Meta_683;157706;7892046.182311113;0.1111111111111111;140634;915651.4511;0.2718885674621469;3600;0.09953549534859191
Meta_684;157706;7892046.182311113;0.16666666666666666;142075;969333.3139;0.2775361331766448;3600;0.19110491930141174
Meta_685;157706;7892046.182311113;0.2222222222222222;140769;911650.5954999998;0.272915167901074;3600;0.16556529775683254
Meta_686;157706;7892046.182311113;0.2777777777777778;143241;1019528.4845;0.28239946822950823;3600;0.26598988287637937
Meta_687;157706;7892046.182311113;0.3333333333333333;152803;1403205.7377;0.3333371351092976;3600;0.5930878903350992
Meta_700;157706;8878551.955100002;0.5;157706;1582604.8895000003;0.47452831556881503;0;0.0
Meta_699;157706;8878551.955100002;0.4444444444444444;157790;1582976.2330000002;0.4440407780248397;5;0.0
Meta_698;157706;8878551.955100002;0.38888888888888884;157980;1589174.4507000004;0.3877831685826326;34;0.0
Meta_691;157706;8878551.955100002;0.0;142114;976297.8594000003;0.27745710251428896;3600;0.14126585325704114
Meta_692;157706;8878551.955100002;0.05555555555555555;142441;989118.5368;0.2788053792463806;3600;0.14436697166122558
Meta_693;157706;8878551.955100002;0.1111111111111111;140635;915682.725;0.271891833642252;3600;0.0995308105473378
Meta_694;157706;8878551.955100002;0.16666666666666666;142075;969333.3139;0.2775361331766448;3600;0.19110491930141174
Meta_695;157706;8878551.955100002;0.2222222222222222;140755;910278.5198000001;0.27299805394091026;3600;0.16676748533897942
Meta_696;157706;8878551.955100002;0.2777777777777778;143241;1019528.4845;0.28239946822950823;3600;0.26598988287637937
Meta_697;157706;8878551.955100002;0.3333333333333333;152803;1403205.7377;0.3333371351092976;3600;0.593152547937769
Meta_709;144772;0.0;0.4444444444444444;144772;780643.6972;0.424114875346664;0;0.0
Meta_710;144772;0.0;0.5;144772;780643.6972;0.424114875346664;0;0.0
Meta_701;144772;0.0;0.0;128300;339603.947;0.24330659006681812;3600;0.04298296412246923
Meta_702;144772;0.0;0.05555555555555555;127399;305243.35910000023;0.24211214855003968;3600;0.042500470777269796
Meta_703;144772;0.0;0.1111111111111111;129075;361552.5713999999;0.24613056007483233;3600;0.05672610526177646
Meta_704;144772;0.0;0.16666666666666666;127515;308195.94539999997;0.2424935057889368;3600;0.06167938902865048
Meta_705;144772;0.0;0.2222222222222222;127310;298416.44480000006;0.24234706134478906;3600;0.08265101415718051
Meta_706;144772;0.0;0.2777777777777778;136827;608423.2041000001;0.27777766341444676;3600;0.0578837488167712
Meta_718;144772;986505.7727888891;0.38888888888888884;144793;980181.466;0.3881382768384741;7;0.0
Meta_719;144772;986505.7727888891;0.4444444444444444;144803;938119.4872999999;0.444431083435134;2;0.0
Meta_720;144772;986505.7727888891;0.5;144772;924281.0994999999;0.44714784181502365;0;0.0
Meta_717;144772;986505.7727888891;0.3333333333333333;144772;986083.5258000002;0.3333137709072155;62;0.0
Meta_707;144772;0.0;0.3333333333333333;144212;844551.136;0.3333317817043245;3600;0.027151804754573523
Meta_708;144772;0.0;0.38888888888888884;144772;794896.6092999999;0.38888918288368485;3600;0.005537343033645609
Meta_711;144772;986505.7727888891;0.0;141932;937869.2548999998;0.2768396941174655;3600;0.09935404551065456
Meta_712;144772;986505.7727888891;0.05555555555555555;142298;950479.7993000002;0.27850270968018714;3600;0.10833701044404684
Meta_713;144772;986505.7727888891;0.1111111111111111;142031;939774.8969999998;0.27741896131399507;3600;0.12212600858350649
Meta_714;144772;986505.7727888891;0.16666666666666666;141826;937144.2833000001;0.27788140672305006;3600;0.16797822274334234
Meta_728;144772;1973011.5455777782;0.38888888888888884;144890;972173.2904000003;0.3886741998658563;5;0.0
Meta_729;144772;1973011.5455777782;0.4444444444444444;144803;938119.4872999999;0.444431083435134;2;0.0
Meta_730;144772;1973011.5455777782;0.5;144772;924281.0994999999;0.44714784181502365;0;0.0
Meta_715;144772;986505.7727888891;0.2222222222222222;142364;949531.5493;0.2788278868747619;3600;0.26548603405204657
Meta_716;144772;986505.7727888891;0.2777777777777778;143461;986594.0248999998;0.2847236702241877;3600;0.9559663283139755
Meta_727;144772;1973011.5455777782;0.3333333333333333;144957;1035765.0908000005;0.33239249324459863;34;0.0
Meta_721;144772;1973011.5455777782;0.0;142302;963130.1557;0.27843740196316696;3600;0.10400700379071842
Meta_722;144772;1973011.5455777782;0.05555555555555555;142141;955404.8078000003;0.27778170384713163;3600;0.10842988484163844
Meta_723;144772;1973011.5455777782;0.1111111111111111;142407;957853.8498000001;0.2792694270109107;3600;0.12466595219484117
Meta_724;144772;1973011.5455777782;0.16666666666666666;141380;924853.0759999999;0.27504529709559483;3600;0.15193605569250695
Meta_738;144772;2959517.3183666673;0.38888888888888884;144772;1151697.2970999999;0.3725925347281446;1;0.0
Meta_737;144772;2959517.3183666673;0.3333333333333333;144934;1088005.6241;0.3326598264143564;7;0.0
Meta_740;144772;2959517.3183666673;0.5;144772;1088089.8227;0.4513904933257034;0;0.0
Meta_739;144772;2959517.3183666673;0.4444444444444444;147288;1213375.1553000002;0.4444355892231538;5;0.0
Meta_725;144772;1973011.5455777782;0.2222222222222222;140704;894798.0440000002;0.27271752076287387;3600;0.25662626972144925
Meta_726;144772;1973011.5455777782;0.2777777777777778;144527;1049188.857;0.2894128872136021;3600;1.0
Meta_731;144772;2959517.3183666673;0.0;142113;974849.6991000001;0.27759452596427736;3600;0.1004769346767531
Meta_732;144772;2959517.3183666673;0.05555555555555555;141847;965708.7472;0.2764167461835091;3600;0.10140823187035
Meta_733;144772;2959517.3183666673;0.1111111111111111;141463;949160.2424;0.275212538609395;3600;0.12268572981404537
Meta_734;144772;2959517.3183666673;0.16666666666666666;142933;1000799.8211000002;0.28148809361530164;3600;0.1576980527990153
Meta_747;144772;3946023.0911555565;0.3333333333333333;144934;1088005.6241;0.3326598264143564;7;0.0
Meta_748;144772;3946023.0911555565;0.38888888888888884;144772;1151697.2970999999;0.3725925347281446;1;0.0
Meta_750;144772;3946023.0911555565;0.5;144772;1088089.8227;0.4513904933257034;0;0.0
Meta_749;144772;3946023.0911555565;0.4444444444444444;147288;1213375.1553000002;0.4444355892231538;4;0.0
Meta_735;144772;2959517.3183666673;0.2222222222222222;141141;927139.0443999999;0.27491184969376203;3600;0.2664199110928411
Meta_736;144772;2959517.3183666673;0.2777777777777778;144192;1056611.7088000001;0.2866105727787379;3600;1.0
Meta_741;144772;3946023.0911555565;0.0;142113;974807.4552000001;0.2775957497725576;3600;0.10048671348583806
Meta_742;144772;3946023.0911555565;0.05555555555555555;141847;965837.7705;0.2764350694748951;3600;0.10152365480836993
Meta_743;144772;3946023.0911555565;0.1111111111111111;141464;949717.8486;0.2751594205259209;3600;0.12229077020283075
Meta_744;144772;3946023.0911555565;0.16666666666666666;142938;1001400.4870000002;0.28152474296257496;3600;0.1578549543089758
Meta_758;144772;4932528.863944446;0.38888888888888884;144772;1151697.2970999999;0.3725925347281446;1;0.0
Meta_757;144772;4932528.863944446;0.3333333333333333;144934;1088005.6241;0.3326598264143564;7;0.0
Meta_760;144772;4932528.863944446;0.5;144772;1088089.8227;0.4513904933257034;0;0.0
Meta_759;144772;4932528.863944446;0.4444444444444444;147288;1213375.1553000002;0.4444355892231538;4;0.0
Meta_745;144772;3946023.0911555565;0.2222222222222222;141141;927139.0443999999;0.27491184969376203;3600;0.2664308308601651
Meta_746;144772;3946023.0911555565;0.2777777777777778;144192;1056611.7088000001;0.2866105727787379;3603;1.0
Meta_751;144772;4932528.863944446;0.0;142120;974813.7994;0.27762410145266975;3600;0.10050626554150194
Meta_752;144772;4932528.863944446;0.05555555555555555;141847;965837.7705;0.2764350694748951;3600;0.1015230267397514
Meta_753;144772;4932528.863944446;0.1111111111111111;141463;949160.2424;0.275212538609395;3600;0.12268572981404537
Meta_767;144772;5919034.6367333345;0.3333333333333333;144934;1088005.6241;0.3326598264143564;8;0.0
Meta_754;144772;4932528.863944446;0.16666666666666666;142933;1000799.8211000002;0.28148809361530164;3600;0.1576802117914057
Meta_768;144772;5919034.6367333345;0.38888888888888884;144772;1151697.2970999999;0.3725925347281446;1;0.0
Meta_770;144772;5919034.6367333345;0.5;144772;1088089.8227;0.4513904933257034;0;0.0
Meta_769;144772;5919034.6367333345;0.4444444444444444;147288;1213375.1553000002;0.4444355892231538;5;0.0
Meta_755;144772;4932528.863944446;0.2222222222222222;141141;927139.0443999999;0.27491184969376203;3600;0.2664308308601651
Meta_756;144772;4932528.863944446;0.2777777777777778;144192;1056611.7088000001;0.2866105727787379;3600;1.0
Meta_762;144772;5919034.6367333345;0.05555555555555555;141847;965837.7705;0.2764350694748951;3600;0.10152669570188742
Meta_761;144772;5919034.6367333345;0.0;142120;974813.7994;0.27762410145266975;3600;0.10050330053281814
Meta_763;144772;5919034.6367333345;0.1111111111111111;141464;949838.2250000001;0.27515718710094933;3600;0.12227540381663672
Meta_777;144772;6905540.409522224;0.3333333333333333;144934;1088005.6241;0.3326598264143564;7;0.0
Meta_764;144772;5919034.6367333345;0.16666666666666666;142933;1000799.8211000002;0.28148809361530164;3600;0.1576980527990153
Meta_778;144772;6905540.409522224;0.38888888888888884;144772;1151697.2970999999;0.3725925347281446;1;0.0
Meta_780;144772;6905540.409522224;0.5;144772;1088089.8227;0.4513904933257034;0;0.0
Meta_779;144772;6905540.409522224;0.4444444444444444;147288;1213375.1553000002;0.4444355892231538;5;0.0
Meta_765;144772;5919034.6367333345;0.2222222222222222;141141;927139.0443999999;0.27491184969376203;3600;0.2664308308601651
Meta_766;144772;5919034.6367333345;0.2777777777777778;144192;1056611.7088000001;0.2866105727787379;3600;1.0
Meta_771;144772;6905540.409522224;0.0;142120;974808.4473;0.27762424317492346;3600;0.10051194251769766
Meta_772;144772;6905540.409522224;0.05555555555555555;141847;965852.6329;0.2764359604191693;3600;0.10153676571244337
Meta_773;144772;6905540.409522224;0.1111111111111111;141464;949838.2250000001;0.27515718710094933;3600;0.12227540381663672
Meta_774;144772;6905540.409522224;0.16666666666666666;142933;1001195.1135000002;0.2815021158196994;3600;0.15781838335952136
Meta_788;144772;7892046.182311113;0.38888888888888884;144772;1151697.2970999999;0.3725925347281446;1;0.0
Meta_787;144772;7892046.182311113;0.3333333333333333;144934;1088005.6241;0.3326598264143564;7;0.0
Meta_789;144772;7892046.182311113;0.4444444444444444;147288;1213375.1553000002;0.4444355892231538;4;0.0
Meta_790;144772;7892046.182311113;0.5;144772;1088089.8227;0.4513904933257034;0;0.0
Meta_775;144772;6905540.409522224;0.2222222222222222;141141;927139.0443999999;0.27491184969376203;3600;0.26641409449458986
Meta_776;144772;6905540.409522224;0.2777777777777778;144192;1056611.7088000001;0.2866105727787379;3600;1.0
Meta_781;144772;7892046.182311113;0.0;142120;974813.7994;0.27762410145266975;3600;0.10050519401796304
Meta_782;144772;7892046.182311113;0.05555555555555555;141847;965710.9738;0.27641796542768937;3600;0.1014158635059148
Meta_783;144772;7892046.182311113;0.1111111111111111;141463;949160.2424;0.275212538609395;3600;0.12268572981404537
Meta_784;144772;7892046.182311113;0.16666666666666666;142933;1000799.8211000002;0.28148809361530164;3600;0.1576980527990153
Meta_798;144772;8878551.955100002;0.38888888888888884;144772;1151697.2970999999;0.3725925347281446;0;0.0
Meta_797;144772;8878551.955100002;0.3333333333333333;144934;1088005.6241;0.3326598264143564;6;0.0
Meta_799;144772;8878551.955100002;0.4444444444444444;147288;1213375.1553000002;0.4444355892231538;4;0.0
Meta_800;144772;8878551.955100002;0.5;144772;1088089.8227;0.4513904933257034;0;0.0
Meta_785;144772;7892046.182311113;0.2222222222222222;141141;927139.0443999999;0.27491184969376203;3600;0.2664308308601651
Meta_786;144772;7892046.182311113;0.2777777777777778;144192;1056611.7088000001;0.2866105727787379;3600;1.0
Meta_792;144772;8878551.955100002;0.05555555555555555;141847;965708.7472;0.2764167461835091;3600;0.10140823187035
Meta_791;144772;8878551.955100002;0.0;142113;974807.4552000001;0.2775957497725576;3600;0.10048802707182064
Meta_793;144772;8878551.955100002;0.1111111111111111;141463;949160.2424;0.275212538609395;3600;0.12268193309271139
Meta_794;144772;8878551.955100002;0.16666666666666666;142933;1000799.8211000002;0.28148809361530164;3600;0.1576980527990153
Meta_808;131839;0.0;0.38888888888888884;131839;286649.4526;0.37119985494541513;0;3.800611906803414E-16
Meta_809;131839;0.0;0.4444444444444444;131839;286649.4526;0.37119985494541513;0;3.800611906803414E-16
Meta_810;131839;0.0;0.5;131839;286649.4526;0.37119985494541513;0;3.800611906803414E-16
Meta_795;144772;8878551.955100002;0.2222222222222222;141141;927139.0443999999;0.27491184969376203;3600;0.2664179571453916
Meta_796;144772;8878551.955100002;0.2777777777777778;144192;1056611.7088000001;0.2866105727787379;3600;1.0
Meta_802;131839;0.0;0.05555555555555555;127880;322839.1647000001;0.24258257904786187;3600;0.06498029746904752
Meta_801;131839;0.0;0.0;125978;242943.33669999999;0.24111515184271978;3600;0.05976354307905352
Meta_803;131839;0.0;0.1111111111111111;127280;297076.39520000014;0.24196405218579617;3600;0.07161323177091984
Meta_804;131839;0.0;0.16666666666666666;127825;320814.9259999999;0.24282477089307333;3600;0.08296715915503101
Meta_817;131839;986505.7727888891;0.3333333333333333;131847;438677.09329999995;0.333332517653857;5;0.0
Meta_818;131839;986505.7727888891;0.38888888888888884;132657;378747.1108000001;0.3888647411730321;3;0.0
Meta_819;131839;986505.7727888891;0.4444444444444444;131839;348330.74980000005;0.39370474229745395;0;0.0
Meta_820;131839;986505.7727888891;0.5;131839;348330.74980000005;0.39370474229745395;0;0.0
Meta_816;131839;986505.7727888891;0.2777777777777778;131840;496618.5054000001;0.2777293748447277;48;0.0
Meta_805;131839;0.0;0.2222222222222222;129817;391580.91040000005;0.2470920920723364;3600;0.17017761723222344
Meta_806;131839;0.0;0.2777777777777778;131839;373700.7638000001;0.27778032981713185;3600;0.08210476893522949
Meta_807;131839;0.0;0.3333333333333333;131839;302882.5867;0.3333337179715344;3600;0.006093444452587883
Meta_811;131839;986505.7727888891;0.0;131839;526472.2156;0.2467337101635682;3600;0.06553521918834401
Meta_812;131839;986505.7727888891;0.05555555555555555;131839;524755.2873000001;0.24678134921483957;3600;0.07124652852946063
Meta_813;131839;986505.7727888891;0.1111111111111111;131839;526129.2714000001;0.2468017503657623;3600;0.08248767281348783
Meta_828;131839;1973011.5455777782;0.38888888888888884;132657;378747.1108000001;0.3888647411730321;3;0.0
Meta_827;131839;1973011.5455777782;0.3333333333333333;131847;438677.09329999995;0.333332517653857;6;0.0
Meta_829;131839;1973011.5455777782;0.4444444444444444;131839;348330.74980000005;0.39370474229745395;0;0.0
Meta_830;131839;1973011.5455777782;0.5;131839;348330.74980000005;0.39370474229745395;0;0.0
Meta_815;131839;986505.7727888891;0.2222222222222222;131839;525243.0192999998;0.24775381476180927;3600;0.545546825541292
Meta_814;131839;986505.7727888891;0.16666666666666666;131838;528871.1826000002;0.24716266138882517;3600;0.13884480001421337
Meta_826;131839;1973011.5455777782;0.2777777777777778;132115;496904.1894;0.27774909912938456;45;0.0
Meta_821;131839;1973011.5455777782;0.0;131839;527616.5286999999;0.24671776774698492;3600;0.06901812352053177
Meta_836;131839;2959517.3183666673;0.2777777777777778;131839;511329.54240000003;0.27777837948288714;9;0.0
Meta_837;131839;2959517.3183666673;0.3333333333333333;133193;566112.0886999998;0.3333336427063343;13;0.0
Meta_822;131839;1973011.5455777782;0.05555555555555555;131839;526560.6307;0.24682324989104248;3600;0.07346714391573278
Meta_839;131839;2959517.3183666673;0.4444444444444444;131839;504169.86400000006;0.4176670415749077;0;0.0
Meta_840;131839;2959517.3183666673;0.5;131839;504169.86400000006;0.4176670415749077;0;0.0
Meta_838;131839;2959517.3183666673;0.38888888888888884;133716;587237.3065000001;0.3885332046102414;10;0.0
Meta_823;131839;1973011.5455777782;0.1111111111111111;131839;528101.3025999999;0.24672956216415298;3600;0.08562430468303021
Meta_824;131839;1973011.5455777782;0.16666666666666666;131839;522834.9810999999;0.24699349321162561;3600;0.13581811612569816
Meta_825;131839;1973011.5455777782;0.2222222222222222;131840;529128.3694999999;0.24736690795502095;3600;0.3549290169727659
Meta_831;131839;2959517.3183666673;0.0;131836;538063.2833;0.2468744598721556;3600;0.06687531438006115
Meta_832;131839;2959517.3183666673;0.05555555555555555;131840;539109.6360999998;0.24717422502903558;3600;0.07238914295438749
Meta_846;131839;3946023.0911555565;0.2777777777777778;131839;511329.54240000003;0.27777837948288714;10;0.0
Meta_833;131839;2959517.3183666673;0.1111111111111111;131839;538660.1199000002;0.24668513893305685;3600;0.0812960721489489
Meta_834;131839;2959517.3183666673;0.16666666666666666;131840;537119.1696;0.24678653345233015;3600;0.12388590528029228
Meta_835;131839;2959517.3183666673;0.2222222222222222;131829;533969.8122999999;0.24809253274912615;3600;0.3901477333755014
Meta_849;131839;3946023.0911555565;0.4444444444444444;131839;504169.86400000006;0.4176670415749077;0;0.0
Meta_850;131839;3946023.0911555565;0.5;131839;504169.86400000006;0.4176670415749077;0;0.0
Meta_847;131839;3946023.0911555565;0.3333333333333333;133193;566112.0886999998;0.3333336427063343;14;0.0
Meta_848;131839;3946023.0911555565;0.38888888888888884;133716;587237.3065000001;0.3885332046102414;12;0.0
Meta_841;131839;3946023.0911555565;0.0;131836;538063.2833;0.2468744598721556;3600;0.06687529410524999
Meta_842;131839;3946023.0911555565;0.05555555555555555;131840;539109.6360999998;0.24717422502903558;3600;0.07238914295438749
Meta_856;131839;4932528.863944446;0.2777777777777778;131839;511329.54240000003;0.27777837948288714;9;0.0
Meta_857;131839;4932528.863944446;0.3333333333333333;133193;566112.0886999998;0.3333336427063343;16;0.0
Meta_858;131839;4932528.863944446;0.38888888888888884;133716;587237.3065000001;0.3885332046102414;13;0.0
Meta_859;131839;4932528.863944446;0.4444444444444444;131839;504169.86400000006;0.4176670415749077;0;0.0
Meta_860;131839;4932528.863944446;0.5;131839;504169.86400000006;0.4176670415749077;0;0.0
Meta_843;131839;3946023.0911555565;0.1111111111111111;131839;538660.1199000002;0.24668513893305685;3600;0.08129593936278098
Meta_844;131839;3946023.0911555565;0.16666666666666666;131839;536771.1249;0.2467714424481136;3600;0.12368884806288222
Meta_845;131839;3946023.0911555565;0.2222222222222222;131829;533969.8122999999;0.24809253274912615;3600;0.3901477333755014
Meta_851;131839;4932528.863944446;0.0;131836;538063.2833;0.2468744598721556;3600;0.06687531438006115
Meta_852;131839;4932528.863944446;0.05555555555555555;131840;539109.6360999998;0.24717422502903558;3600;0.07238925159633491
Meta_854;131839;4932528.863944446;0.16666666666666666;131839;536771.1249;0.2467714424481136;3600;0.12368884806288222
Meta_853;131839;4932528.863944446;0.1111111111111111;131839;538660.1199000002;0.24668513893305685;3600;0.0812960721489489
Meta_869;131839;5919034.6367333345;0.4444444444444444;131839;504169.86400000006;0.4176670415749077;0;0.0
Meta_870;131839;5919034.6367333345;0.5;131839;504169.86400000006;0.4176670415749077;0;0.0
Meta_866;131839;5919034.6367333345;0.2777777777777778;131839;511329.54240000003;0.27777837948288714;9;0.0
Meta_855;131839;4932528.863944446;0.2222222222222222;131835;533301.0898;0.24808202214614603;3601;0.389264943061611
Meta_868;131839;5919034.6367333345;0.38888888888888884;133716;587237.3065000001;0.3885332046102414;12;0.0
Meta_867;131839;5919034.6367333345;0.3333333333333333;133193;566112.0886999998;0.3333336427063343;13;0.0
Meta_861;131839;5919034.6367333345;0.0;131836;538063.2833;0.2468744598721556;3600;0.06687528281155299
Meta_862;131839;5919034.6367333345;0.05555555555555555;131840;539109.6360999998;0.24717422502903558;3600;0.07238925159633491
Meta_876;131839;6905540.409522224;0.2777777777777778;131839;511329.54240000003;0.27777837948288714;10;0.0
Meta_877;131839;6905540.409522224;0.3333333333333333;133193;566112.0886999998;0.3333336427063343;14;0.0
Meta_879;131839;6905540.409522224;0.4444444444444444;131839;504169.86400000006;0.4176670415749077;0;0.0
Meta_880;131839;6905540.409522224;0.5;131839;504169.86400000006;0.4176670415749077;0;0.0
Meta_878;131839;6905540.409522224;0.38888888888888884;133716;587237.3065000001;0.3885332046102414;11;0.0
Meta_863;131839;5919034.6367333345;0.1111111111111111;131839;538660.1199000002;0.24668513893305685;3600;0.08129601648860163
Meta_864;131839;5919034.6367333345;0.16666666666666666;131839;536771.1249;0.2467714424481136;3600;0.12368884806288222
Meta_865;131839;5919034.6367333345;0.2222222222222222;131835;533301.0898;0.24808202214614603;3600;0.3892649336352616
Meta_871;131839;6905540.409522224;0.0;131836;538063.2833;0.2468744598721556;3600;0.06687531438006115
Meta_872;131839;6905540.409522224;0.05555555555555555;131840;539109.6360999998;0.24717422502903558;3600;0.07238914295438749
Meta_873;131839;6905540.409522224;0.1111111111111111;131839;538660.1199000002;0.24668513893305685;3600;0.08129601261014892
Meta_875;131839;6905540.409522224;0.2222222222222222;131829;533969.8122999999;0.24809253274912615;3600;0.3901477333755014
Meta_874;131839;6905540.409522224;0.16666666666666666;131839;536750.6249;0.246773216645342;3600;0.12371201977287968
Meta_890;131839;7892046.182311113;0.5;131839;504169.86400000006;0.4176670415749077;0;0.0
Meta_889;131839;7892046.182311113;0.4444444444444444;131839;504169.86400000006;0.4176670415749077;0;0.0
Meta_886;131839;7892046.182311113;0.2777777777777778;131839;511329.54240000003;0.27777837948288714;10;0.0
Meta_887;131839;7892046.182311113;0.3333333333333333;133193;566112.0886999998;0.3333336427063343;12;0.0
Meta_888;131839;7892046.182311113;0.38888888888888884;133716;587237.3065000001;0.3885332046102414;10;0.0
Meta_881;131839;7892046.182311113;0.0;131836;538063.2833;0.2468744598721556;3600;0.06687531438006115
Meta_882;131839;7892046.182311113;0.05555555555555555;131840;539109.6360999998;0.24717422502903558;3600;0.07238939400315599
Meta_896;131839;8878551.955100002;0.2777777777777778;131839;511329.54240000003;0.27777837948288714;9;0.0
Meta_897;131839;8878551.955100002;0.3333333333333333;133193;566112.0886999998;0.3333336427063343;13;0.0
Meta_899;131839;8878551.955100002;0.4444444444444444;131839;504169.86400000006;0.4176670415749077;0;0.0
Meta_900;131839;8878551.955100002;0.5;131839;504169.86400000006;0.4176670415749077;0;0.0
Meta_898;131839;8878551.955100002;0.38888888888888884;133716;587237.3065000001;0.3885332046102414;11;0.0
Meta_883;131839;7892046.182311113;0.1111111111111111;131839;538660.1199000002;0.24668513893305685;3600;0.0812960721489489
Meta_884;131839;7892046.182311113;0.16666666666666666;131839;536750.6249;0.246773216645342;3600;0.12371201977287968
Meta_885;131839;7892046.182311113;0.2222222222222222;131829;533969.8122999999;0.24809253274912615;3600;0.3901479035231025
Meta_892;131839;8878551.955100002;0.05555555555555555;131840;539109.6360999998;0.24717422502903558;3600;0.0723892307265511
Meta_891;131839;8878551.955100002;0.0;131836;538063.2833;0.2468744598721556;3600;0.06687531438006115
Meta_906;118906;0.0;0.2777777777777778;118906;0.0;0.24206145913796356;0;0.0
Meta_893;131839;8878551.955100002;0.1111111111111111;131839;538660.1199000002;0.24668513893305685;3600;0.0812960721489489
Meta_907;118906;0.0;0.3333333333333333;118906;0.0;0.24206145913796356;0;0.0
Meta_908;118906;0.0;0.38888888888888884;118906;0.0;0.24206145913796356;0;0.0
Meta_909;118906;0.0;0.4444444444444444;118906;0.0;0.24206145913796356;0;0.0
Meta_894;131839;8878551.955100002;0.16666666666666666;131840;537119.1696;0.24678653345233015;3600;0.12388591493772949
Meta_910;118906;0.0;0.5;118906;0.0;0.24206145913796356;0;0.0
Meta_895;131839;8878551.955100002;0.2222222222222222;131837;535091.7709;0.24815452241150496;3600;0.3908594539581851
Meta_901;118906;0.0;0.0;119123;4469.3494;0.2415544181780909;3600;0.001903736054880773
Meta_916;118906;986505.7727888891;0.2777777777777778;118906;0.0;0.24206145913796356;0;0.0
Meta_902;118906;0.0;0.05555555555555555;119114;4293.239600000001;0.24156880798729816;3600;0.0020078962158211755
Meta_917;118906;986505.7727888891;0.3333333333333333;118906;0.0;0.24206145913796356;0;0.0
Meta_918;118906;986505.7727888891;0.38888888888888884;118906;0.0;0.24206145913796356;0;0.0
Meta_919;118906;986505.7727888891;0.4444444444444444;118906;0.0;0.24206145913796356;0;0.0
Meta_920;118906;986505.7727888891;0.5;118906;0.0;0.24206145913796356;0;0.0
Meta_903;118906;0.0;0.1111111111111111;119130;4745.9701000000005;0.2415313938886586;3600;0.0024949024770604365
Meta_904;118906;0.0;0.16666666666666666;119125;4693.760200000001;0.24153763077046858;3600;0.003927407107211176
Meta_905;118906;0.0;0.2222222222222222;119116;4372.5536;0.24156402801258994;3600;0.012388934226420043
Meta_912;118906;986505.7727888891;0.05555555555555555;122339;135329.84079999998;0.23844020833146942;3600;0.020815111457641203
Meta_911;118906;986505.7727888891;0.0;122681;148618.65220000004;0.23850460492904194;3600;0.020288450605806186
Meta_915;118906;986505.7727888891;0.2222222222222222;121968;122374.19300000001;0.23866536130460744;3600;0.16254237288195741
Meta_914;118906;986505.7727888891;0.16666666666666666;122855;156007.60669999997;0.2383022152033965;3600;0.03637350523833667
Meta_913;118906;986505.7727888891;0.1111111111111111;122916;159576.02320000003;0.2382897136313536;3600;0.023593920301156774
Meta_926;118906;1973011.5455777782;0.2777777777777778;118906;0.0;0.24206145913796356;0;0.0
Meta_927;118906;1973011.5455777782;0.3333333333333333;118906;0.0;0.24206145913796356;0;0.0
Meta_928;118906;1973011.5455777782;0.38888888888888884;118906;0.0;0.24206145913796356;0;0.0
Meta_929;118906;1973011.5455777782;0.4444444444444444;118906;0.0;0.24206145913796356;0;0.0
Meta_930;118906;1973011.5455777782;0.5;118906;0.0;0.24206145913796356;0;0.0
Meta_921;118906;1973011.5455777782;0.0;122773;154404.3301;0.2383124810972575;3600;0.01862184644464817
Meta_922;118906;1973011.5455777782;0.05555555555555555;122237;132078.3242;0.23848125276142948;3600;0.021150025916565677
Meta_936;118906;2959517.3183666673;0.2777777777777778;118906;0.0;0.24206145913796356;0;0.0
Meta_937;118906;2959517.3183666673;0.3333333333333333;118906;0.0;0.24206145913796356;0;0.0
Meta_938;118906;2959517.3183666673;0.38888888888888884;118906;0.0;0.24206145913796356;0;0.0
Meta_939;118906;2959517.3183666673;0.4444444444444444;118906;0.0;0.24206145913796356;0;0.0
Meta_940;118906;2959517.3183666673;0.5;118906;0.0;0.24206145913796356;0;0.0
Meta_923;118906;1973011.5455777782;0.1111111111111111;122399;138339.62130000003;0.23845105639699463;3600;0.025228105401109414
Meta_924;118906;1973011.5455777782;0.16666666666666666;122731;150753.6688;0.23832287773654648;3600;0.03681239271995405
Meta_925;118906;1973011.5455777782;0.2222222222222222;121999;122524.50580000004;0.23868659772232517;3600;0.16147702901310337
Meta_932;118906;2959517.3183666673;0.05555555555555555;123557;185532.9521;0.2382280948297633;3600;0.011470780930596175
Meta_931;118906;2959517.3183666673;0.0;123435;179300.49970000004;0.2382658100572532;3600;0.011340848624802401
Meta_947;118906;3946023.0911555565;0.3333333333333333;118906;0.0;0.24206145913796356;0;0.0
Meta_946;118906;3946023.0911555565;0.2777777777777778;118906;0.0;0.24206145913796356;0;0.0
Meta_934;118906;2959517.3183666673;0.16666666666666666;122464;141274.9737;0.2385002251340036;3600;0.026666618695863613
Meta_933;118906;2959517.3183666673;0.1111111111111111;123427;180729.96679999994;0.23825668762487168;3600;0.014288927393757238
Meta_935;118906;2959517.3183666673;0.2222222222222222;124067;206404.59769999998;0.23829059416605383;3600;0.0799562688981187
Meta_948;118906;3946023.0911555565;0.38888888888888884;118906;0.0;0.24206145913796356;0;0.0
Meta_949;118906;3946023.0911555565;0.4444444444444444;118906;0.0;0.24206145913796356;0;0.0
Meta_950;118906;3946023.0911555565;0.5;118906;0.0;0.24206145913796356;0;0.0
Meta_941;118906;3946023.0911555565;0.0;123435;179300.49970000004;0.2382658100572532;3600;0.011340848624802401
Meta_942;118906;3946023.0911555565;0.05555555555555555;123557;185532.9521;0.2382280948297633;3600;0.0114712590466896
Meta_956;118906;4932528.863944446;0.2777777777777778;118906;0.0;0.24206145913796356;0;0.0
Meta_957;118906;4932528.863944446;0.3333333333333333;118906;0.0;0.24206145913796356;0;0.0
Meta_958;118906;4932528.863944446;0.38888888888888884;118906;0.0;0.24206145913796356;0;0.0
Meta_959;118906;4932528.863944446;0.4444444444444444;118906;0.0;0.24206145913796356;0;0.0
Meta_960;118906;4932528.863944446;0.5;118906;0.0;0.24206145913796356;0;0.0
Meta_943;118906;3946023.0911555565;0.1111111111111111;123427;180729.96679999994;0.23825668762487168;3600;0.014287911254962085
Meta_944;118906;3946023.0911555565;0.16666666666666666;122464;141274.9737;0.2385002251340036;3600;0.026666481067187112
Meta_945;118906;3946023.0911555565;0.2222222222222222;124058;205540.89679999996;0.23828968839355455;3600;0.07982344278614642
Meta_952;118906;4932528.863944446;0.05555555555555555;123557;185532.9521;0.2382280948297633;3600;0.011471467401332617
Meta_951;118906;4932528.863944446;0.0;123435;179300.49970000004;0.2382658100572532;3600;0.011340848624802401
Meta_953;118906;4932528.863944446;0.1111111111111111;123427;180729.96679999994;0.23825668762487168;3600;0.014288634624647568
Meta_954;118906;4932528.863944446;0.16666666666666666;122464;141274.9737;0.2385002251340036;3600;0.026666127980368902
Meta_955;118906;4932528.863944446;0.2222222222222222;124058;205540.89679999996;0.23828968839355455;3600;0.0798226268437266
Meta_967;118906;5919034.6367333345;0.3333333333333333;118906;0.0;0.24206145913796356;0;0.0
Meta_966;118906;5919034.6367333345;0.2777777777777778;118906;0.0;0.24206145913796356;0;0.0
Meta_969;118906;5919034.6367333345;0.4444444444444444;118906;0.0;0.24206145913796356;0;0.0
Meta_968;118906;5919034.6367333345;0.38888888888888884;118906;0.0;0.24206145913796356;0;0.0
Meta_970;118906;5919034.6367333345;0.5;118906;0.0;0.24206145913796356;0;0.0
Meta_961;118906;5919034.6367333345;0.0;123435;179300.49970000004;0.2382658100572532;3600;0.011340848624802401
Meta_962;118906;5919034.6367333345;0.05555555555555555;123557;185532.9521;0.2382280948297633;3600;0.011470044660657534
Meta_976;118906;6905540.409522224;0.2777777777777778;118906;0.0;0.24206145913796356;0;0.0
Meta_977;118906;6905540.409522224;0.3333333333333333;118906;0.0;0.24206145913796356;0;0.0
Meta_978;118906;6905540.409522224;0.38888888888888884;118906;0.0;0.24206145913796356;0;0.0
Meta_979;118906;6905540.409522224;0.4444444444444444;118906;0.0;0.24206145913796356;0;0.0
Meta_980;118906;6905540.409522224;0.5;118906;0.0;0.24206145913796356;0;0.0
Meta_963;118906;5919034.6367333345;0.1111111111111111;123427;180729.96679999994;0.23825668762487168;3600;0.014286720902969846
Meta_964;118906;5919034.6367333345;0.16666666666666666;122464;141274.9737;0.2385002251340036;3600;0.02666543574749391
Meta_965;118906;5919034.6367333345;0.2222222222222222;124070;206339.215;0.23828993524548814;3600;0.07991557050834139
Meta_971;118906;6905540.409522224;0.0;123435;179300.49970000004;0.2382658100572532;3600;0.01133974111841921
Meta_972;118906;6905540.409522224;0.05555555555555555;123557;185532.9521;0.2382280948297633;3600;0.0114712590466896
Meta_973;118906;6905540.409522224;0.1111111111111111;123427;180729.96679999994;0.23825668762487168;3600;0.014288081941449475
Meta_974;118906;6905540.409522224;0.16666666666666666;122464;141274.9737;0.2385002251340036;3600;0.026667402721477274
Meta_986;118906;7892046.182311113;0.2777777777777778;118906;0.0;0.24206145913796356;0;0.0
Meta_987;118906;7892046.182311113;0.3333333333333333;118906;0.0;0.24206145913796356;0;0.0
Meta_975;118906;6905540.409522224;0.2222222222222222;124067;206404.59769999998;0.23829059416605383;3600;0.07995665303915367
Meta_988;118906;7892046.182311113;0.38888888888888884;118906;0.0;0.24206145913796356;0;0.0
Meta_989;118906;7892046.182311113;0.4444444444444444;118906;0.0;0.24206145913796356;0;0.0
Meta_990;118906;7892046.182311113;0.5;118906;0.0;0.24206145913796356;0;0.0
Meta_981;118906;7892046.182311113;0.0;123435;179300.49970000004;0.2382658100572532;3600;0.011339612600083863
Meta_996;118906;8878551.955100002;0.2777777777777778;118906;0.0;0.24206145913796356;0;0.0
Meta_982;118906;7892046.182311113;0.05555555555555555;123557;185532.9521;0.2382280948297633;3604;0.011470833880314907
Meta_997;118906;8878551.955100002;0.3333333333333333;118906;0.0;0.24206145913796356;0;0.0
Meta_998;118906;8878551.955100002;0.38888888888888884;118906;0.0;0.24206145913796356;0;0.0
Meta_999;118906;8878551.955100002;0.4444444444444444;118906;0.0;0.24206145913796356;0;0.0
Meta_1000;118906;8878551.955100002;0.5;118906;0.0;0.24206145913796356;0;0.0
Meta_983;118906;7892046.182311113;0.1111111111111111;123427;180729.96679999994;0.23825668762487168;3600;0.01427055221499854
Meta_984;118906;7892046.182311113;0.16666666666666666;122387;138411.3678;0.23845732627032287;3600;0.025959889526295805
Meta_985;118906;7892046.182311113;0.2222222222222222;124058;205540.89679999996;0.23828968839355455;3600;0.07979274482279408
Meta_991;118906;8878551.955100002;0.0;123435;179300.49970000004;0.2382658100572532;3600;0.011328600679802684
Meta_992;118906;8878551.955100002;0.05555555555555555;123557;185532.9521;0.2382280948297633;3600;0.011459956657922266
Meta_993;118906;8878551.955100002;0.1111111111111111;123427;180729.96679999994;0.23825668762487168;3600;0.014271287332992834
Meta_995;118906;8878551.955100002;0.2222222222222222;124058;205540.89679999996;0.23828968839355455;3600;0.07979257549992066
Meta_994;118906;8878551.955100002;0.16666666666666666;122387;138411.3678;0.23845732627032287;3600;0.02595803953283268
