Goal_10;107214;0.0;0.5;93203;263528.0770258279;0.49666044500557543;0;0.0
Goal_3;107214;0.0;0.1111111111111111;96150;497810.9111374173;0.34173550509901307;3600;0.07784472242864184
Goal_4;107214;0.0;0.16666666666666666;97098;544907.9277904048;0.3409542280995303;3600;0.09248066997776369
Goal_2;107214;0.0;0.05555555555555555;96089;505318.2950860339;0.3432835772838735;3600;0.0830394323275813
Goal_1;107214;0.0;0.0;94713;472343.61480782845;0.3393831695986047;3600;0.08016604336511562
Goal_5;107214;0.0;0.2222222222222222;96694;530093.0768649494;0.34003279096955213;3600;0.05408658688720734
Goal_6;107214;0.0;0.2777777777777778;96098;506187.4602153382;0.3395762801550922;3600;0.07073499241829992
Goal_7;107214;0.0;0.3333333333333333;96065;496029.73749378114;0.337963856466437;3600;0.05486771345246329
Goal_8;107214;0.0;0.38888888888888884;93072;300203.87218337675;0.38888800585318434;3600;0.008974293512682346
Goal_9;107214;0.0;0.4444444444444444;92186;235347.95207001694;0.44444437897957845;3600;0.0023402624539053374
Goal_20;107214;348222.5548190283;0.5;95239;348221.3015258279;0.4874136939962984;0;0.0
Goal_11;107214;348222.5548190283;0.0;95473;497180.1318327416;0.33992377504878313;3600;0.11757391751451406
Goal_19;107214;348222.5548190283;0.4444444444444444;95115;348251.5880369605;0.4444450111062354;2037;1.2975349612011098E-7
Goal_13;107214;348222.5548190283;0.1111111111111111;95572;475637.0647381947;0.3401842360824607;3600;0.03459757097077911
Goal_16;107214;348222.5548190283;0.2777777777777778;97333;549608.7660044322;0.34034473410928584;3600;0.09648007362707
Goal_15;107214;348222.5548190283;0.2222222222222222;95958;491553.0442615732;0.3380147699171067;3600;0.02375916999983034
Goal_14;107214;348222.5548190283;0.16666666666666666;97619;571507.7542682489;0.34033687950505703;3600;0.08160783839022998
Goal_12;107214;348222.5548190283;0.05555555555555555;96774;533969.0366166376;0.3435222803735706;3600;0.10531240867682277
Goal_17;107214;348222.5548190283;0.3333333333333333;95954;491455.00631326134;0.33792124570237336;3600;0.031277895828358215
Goal_29;107214;696445.1096380566;0.4444444444444444;102418;696441.308425828;0.4205417344796436;0;0.0
Goal_30;107214;696445.1096380566;0.5;102418;696441.308425828;0.4205417344796436;0;0.0
Goal_18;107214;348222.5548190283;0.38888888888888884;94365;348286.97470649343;0.388890342113971;3600;0.012157551084139679
Goal_21;107214;696445.1096380566;0.0;98767;696846.670723135;0.3311656403811192;3600;0.07410093558250261
Goal_22;107214;696445.1096380566;0.05555555555555555;98490;696444.7456553429;0.3327418486837051;3600;0.13982889055312672
Goal_23;107214;696445.1096380566;0.1111111111111111;98998;697282.7733896278;0.33284496772693856;3600;0.09602365940857892
Goal_24;107214;696445.1096380566;0.16666666666666666;98862;697112.9869860832;0.33043789841627563;3600;0.06906685205812244
Goal_25;107214;696445.1096380566;0.2222222222222222;98808;700451.9895549713;0.33217783590799344;3600;0.14708577610046428
Goal_27;107214;696445.1096380566;0.3333333333333333;98611;690022.0859641723;0.3351802115924732;3600;0.3791055280121902
Goal_26;107214;696445.1096380566;0.2777777777777778;98487;697081.1497875508;0.3308106111360048;3600;0.4098188855141432
Goal_38;107214;1044667.6644570848;0.38888888888888884;105233;1037781.232656387;0.380316477108569;1;0.0
Goal_28;107214;696445.1096380566;0.38888888888888884;102131;696442.9214033996;0.38887857709809676;3600;0.016003260090344296
Goal_39;107214;1044667.6644570848;0.4444444444444444;105233;1031685.317656387;0.3803164771085901;1;0.0
Goal_31;107214;1044667.6644570848;0.0;104345;1045143.1850893722;0.33073539363089977;3600;0.20337242987818602
Goal_40;107214;1044667.6644570848;0.5;105233;1040865.889056387;0.38031647710859023;1;0.0
Goal_32;107214;1044667.6644570848;0.05555555555555555;103919;1034775.0137021;0.32815685160183505;3600;0.24392302516580516
Goal_33;107214;1044667.6644570848;0.1111111111111111;104097;1031561.4284545652;0.3268956151936528;3600;0.19539213235447495
Goal_34;107214;1044667.6644570848;0.16666666666666666;103684;1040453.1349613179;0.32665136294211194;3600;0.27738712913968927
Goal_35;107214;1044667.6644570848;0.2222222222222222;102477;1034131.3046727459;0.31959575359203407;3600;0.36913502692947026
Goal_48;107214;1392890.2192761132;0.38888888888888884;106346;1392025.8126099745;0.34462856387401847;2;0.0
Goal_49;107214;1392890.2192761132;0.4444444444444444;106346;1353362.613376088;0.3446285638740328;2;0.0
Goal_50;107214;1392890.2192761132;0.5;106346;1326111.8001258282;0.3446285638740328;2;0.0
Goal_37;107214;1044667.6644570848;0.3333333333333333;104655;1044826.0361678153;0.33346812830138184;3600;0.08014499046370151
Goal_36;107214;1044667.6644570848;0.2777777777777778;104279;1037402.8031041767;0.3298369658861823;3600;0.4722233689275329
Goal_41;107214;1392890.2192761132;0.0;104813;1392893.1546021001;0.3118145501075417;3600;0.27749034006145384
Goal_42;107214;1392890.2192761132;0.05555555555555555;104537;1392931.317496125;0.3103137424674428;3600;0.2258754386093336
Goal_43;107214;1392890.2192761132;0.1111111111111111;104696;1392892.7989927488;0.31623032841626525;3600;0.314327515384766
Goal_44;107214;1392890.2192761132;0.16666666666666666;103868;1385720.71617736;0.30934523142515563;3600;0.4087990938979936
Goal_57;107214;1741112.7740951416;0.3333333333333333;106951;1605912.1319258283;0.3236100921186666;8;0.0
Goal_58;107214;1741112.7740951416;0.38888888888888884;106951;1734137.1186760878;0.32361009211866654;4;0.0
Goal_59;107214;1741112.7740951416;0.4444444444444444;106951;1673977.8495760881;0.3236100921186666;2;0.0
Goal_60;107214;1741112.7740951416;0.5;106951;1720515.65282361;0.3236100921186666;2;0.0
Goal_45;107214;1392890.2192761132;0.2222222222222222;104226;1376641.7908732682;0.30947447259419497;3600;0.5978523515790515
Goal_46;107214;1392890.2192761132;0.2777777777777778;104508;1393349.9687639168;0.3086853921860447;3600;0.4829075702686181
Goal_47;107214;1392890.2192761132;0.3333333333333333;105466;1353341.0624102657;0.3338515032936537;3600;0.38785182344557356
Goal_51;107214;1741112.7740951416;0.0;103725;1738206.5287916702;0.2966547983651299;3600;0.30542908113711636
Goal_53;107214;1741112.7740951416;0.1111111111111111;105845;1731053.6276374944;0.3131270642433585;3600;0.32800891525859793
Goal_52;107214;1741112.7740951416;0.05555555555555555;105339;1741565.3637961247;0.30736215198586464;3600;0.1853143816630193
Goal_67;107214;2089335.3289141697;0.3333333333333333;107214;1944551.4043812375;0.31948553318915657;2;0.0
Goal_54;107214;1741112.7740951416;0.16666666666666666;106022;1650621.2645698923;0.3143750191141305;3600;0.4199274988274629
Goal_56;107214;1741112.7740951416;0.2777777777777778;105589;1734720.5844410602;0.3073952858284786;3600;0.7351293001940136
Goal_55;107214;1741112.7740951416;0.2222222222222222;105321;1531540.6508483351;0.31331174493893243;3600;0.7517285361471613
Goal_68;107214;2089335.3289141697;0.38888888888888884;107214;2014977.5154817426;0.31948553318915657;2;0.0
Goal_69;107214;2089335.3289141697;0.4444444444444444;107214;2089334.9983563873;0.31948553318915657;3;0.0
Goal_70;107214;2089335.3289141697;0.5;107214;2087789.4580841314;0.31948553318915657;2;0.0
Goal_61;107214;2089335.3289141697;0.0;105616;2037670.7843770105;0.29463577136176416;3600;0.22282323021463604
Goal_62;107214;2089335.3289141697;0.05555555555555555;105174;2026411.5438714582;0.2915928224692118;3600;0.2579105037010617
Goal_63;107214;2089335.3289141697;0.1111111111111111;105742;1991645.0232706463;0.29601720237810714;3600;0.304054163106548
Goal_77;107214;2437557.883733198;0.3333333333333333;107214;2157592.3547406313;0.3194855331891565;1;0.0
Goal_78;107214;2437557.883733198;0.38888888888888884;107214;2040176.6672236098;0.31948553318915657;2;0.0
Goal_79;107214;2437557.883733198;0.4444444444444444;107214;2409708.7429563864;0.31948553318915657;0;0.0
Goal_80;107214;2437557.883733198;0.5;107214;1960209.6600563873;0.3194855331891565;1;0.0
Goal_64;107214;2089335.3289141697;0.16666666666666666;105140;1950678.3076727865;0.2931727994840603;3600;0.3517855785386979
Goal_65;107214;2089335.3289141697;0.2222222222222222;105581;1960856.3332290223;0.2944328034015365;3600;0.7069147176999077
Goal_66;107214;2089335.3289141697;0.2777777777777778;105474;2036668.6710683452;0.292781248693575;3600;0.6365437145484798
Goal_71;107214;2437557.883733198;0.0;105897;2351095.2911564894;0.29035227826156146;3600;0.2118618706363616
Goal_72;107214;2437557.883733198;0.05555555555555555;105945;2355766.6307161693;0.29095064546673544;3600;0.17313372674043623
Goal_73;107214;2437557.883733198;0.1111111111111111;105718;2319380.9631511285;0.2905822454113584;3600;0.29499843406898174
Goal_74;107214;2437557.883733198;0.16666666666666666;105718;2330034.370176419;0.2891035752946812;3600;0.39991275623528
Goal_87;107214;2785780.4385522264;0.3333333333333333;107214;2660671.2386563863;0.31948553318915657;1;0.0
Goal_88;107214;2785780.4385522264;0.38888888888888884;107214;1900925.070776088;0.31948553318915657;2;0.0
Goal_89;107214;2785780.4385522264;0.4444444444444444;107214;2080055.09552361;0.31948553318915657;2;0.0
Goal_90;107214;2785780.4385522264;0.5;107214;1935866.678479019;0.31948553318915657;1;0.0
Goal_75;107214;2437557.883733198;0.2222222222222222;106006;2359014.948604525;0.29144658280872954;3600;0.6536876272668876
Goal_76;107214;2437557.883733198;0.2777777777777778;105729;2332183.7030832237;0.28845957865498123;3600;0.5482186957012987
Goal_81;107214;2785780.4385522264;0.0;105768;2392559.724721251;0.2888017033185087;3600;0.20962396537278197
Goal_82;107214;2785780.4385522264;0.05555555555555555;105987;2338286.644443824;0.2910380450416474;3600;0.2117349894244927
Goal_83;107214;2785780.4385522264;0.1111111111111111;105979;2354415.1098694503;0.2912317507799526;3600;0.21445267401650736
Goal_97;107214;3134002.9933712548;0.3333333333333333;107214;2014651.83752361;0.31948553318915657;0;0.0
Goal_98;107214;3134002.9933712548;0.38888888888888884;107214;2422605.5508434284;0.31948553318915607;1;0.0
Goal_99;107214;3134002.9933712548;0.4444444444444444;107214;2820569.1955881184;0.31948553318915657;0;0.0
Goal_100;107214;3134002.9933712548;0.5;107214;1991511.1006682229;0.31948553318915657;6;0.0
Goal_84;107214;2785780.4385522264;0.16666666666666666;105844;2306894.730957728;0.28945663354237716;3600;0.26145436348123785
Goal_85;107214;2785780.4385522264;0.2222222222222222;105732;2400448.4779935842;0.2884856978618604;3600;0.6192137651811068
Goal_86;107214;2785780.4385522264;0.2777777777777778;105782;2350705.336585602;0.2889006013766426;3600;0.544660171836091
Goal_92;107214;3134002.9933712548;0.05555555555555555;105476;2311883.5293402765;0.2889692451188513;3600;0.13548727429277588
Goal_91;107214;3134002.9933712548;0.0;105838;2434673.249099868;0.29019592545168954;3600;0.16070878417095
Goal_93;107214;3134002.9933712548;0.1111111111111111;105972;2275774.348240485;0.29138276465359825;3600;0.3010183572492263
Goal_94;107214;3134002.9933712548;0.16666666666666666;105996;3058921.719901058;0.29131523173990936;3600;0.3690432773261903
Goal_95;107214;3134002.9933712548;0.2222222222222222;105837;2349572.4801989733;0.28942179158363535;3600;0.6288878893051493
Goal_96;107214;3134002.9933712548;0.2777777777777778;105706;2397906.9329560283;0.2883933038636278;3600;0.593423495652649
Goal_110;102798;0.0;0.5;93203;263528.0770258279;0.49666044500557543;0;0.0
Goal_101;102798;0.0;0.0;96222;501088.6448620953;0.34332108528384286;3600;0.09356583422392178
Goal_102;102798;0.0;0.05555555555555555;96872;516323.47597689985;0.34483209806519355;3600;0.08538497054370826
Goal_103;102798;0.0;0.1111111111111111;95706;484144.7593374174;0.34114734159977067;3600;0.06655490988417045
Goal_104;102798;0.0;0.16666666666666666;96059;490568.63227767724;0.34355892251225384;3600;0.09599994429034593
Goal_105;102798;0.0;0.2222222222222222;96341;500522.17887092475;0.34135282529078437;3600;0.09529105931077857
Goal_106;102798;0.0;0.2777777777777778;96544;502469.0980010557;0.343355073715488;3600;0.12386521511328885
Goal_107;102798;0.0;0.3333333333333333;95653;481200.39684546925;0.33820813757307305;3600;0.06466809654574165
Goal_108;102798;0.0;0.38888888888888884;93203;305780.2038159193;0.38889391418636793;3600;0.016495345310550365
Goal_109;102798;0.0;0.4444444444444444;92118;232940.18524244762;0.4444442937814058;3600;0.0019402378683984
Goal_120;102798;348222.5548190283;0.5;95239;348221.3015258279;0.4874136939962984;0;0.0
Goal_111;102798;348222.5548190283;0.0;95999;502589.98267637775;0.3400867112430764;3600;0.09073051783788147
Goal_112;102798;348222.5548190283;0.05555555555555555;96335;502524.8691937813;0.3412701670012663;3600;0.07657615576742612
Goal_113;102798;348222.5548190283;0.1111111111111111;96756;521909.9831615732;0.34241429267383133;3600;0.10886996854064834
Goal_114;102798;348222.5548190283;0.16666666666666666;96103;499911.86490183324;0.34328319091299286;3600;0.14765402168735112
Goal_115;102798;348222.5548190283;0.2222222222222222;95716;478834.295898457;0.3422687118666251;3600;0.08069111573071956
Goal_116;102798;348222.5548190283;0.2777777777777778;94882;449298.89808442973;0.3403024373405407;3600;0.05972406292969419
Goal_117;102798;348222.5548190283;0.3333333333333333;96013;493711.9834937812;0.33786453763539354;3600;0.044455001180509414
Goal_118;102798;348222.5548190283;0.38888888888888884;94403;349738.5193313574;0.3888891706262668;3600;0.018892019544314936
Goal_129;102798;696445.1096380566;0.4444444444444444;102418;696441.308425828;0.4205417344796436;0;0.0
Goal_130;102798;696445.1096380566;0.5;102418;696441.308425828;0.4205417344796436;0;0.0
Goal_119;102798;348222.5548190283;0.4444444444444444;95115;348258.3514369605;0.44444404038737095;3600;9.072526627235856E-4
Goal_122;102798;696445.1096380566;0.05555555555555555;98679;696440.91653664;0.3299294497258861;3600;0.09777754900197613
Goal_121;102798;696445.1096380566;0.0;98201;696448.2436497215;0.32956466488752645;3600;0.12422522094761763
Goal_123;102798;696445.1096380566;0.1111111111111111;96412;700584.3281065089;0.3153944797374288;3600;0.15998321879947391
Goal_124;102798;696445.1096380566;0.16666666666666666;98424;696445.5040883282;0.3285263042884142;3600;0.14638678927923698
Goal_125;102798;696445.1096380566;0.2222222222222222;98477;696445.9265366402;0.3325449851201973;3600;0.3519680302617754
Goal_126;102798;696445.1096380566;0.2777777777777778;98420;699525.7801740456;0.33163890857368883;3600;0.5827322355511116
Goal_127;102798;696445.1096380566;0.3333333333333333;98970;699390.9294714468;0.33479388183917885;3600;0.7040356287803153
Goal_138;102798;1044667.6644570848;0.38888888888888884;102798;979715.1446563872;0.38875985630884263;3;0.0
Goal_139;102798;1044667.6644570848;0.4444444444444444;102798;897630.2560955994;0.4194986756910125;0;0.0
Goal_140;102798;1044667.6644570848;0.5;102969;1018602.7457345207;0.4254469899879576;1;0.0
Goal_128;102798;696445.1096380566;0.38888888888888884;102132;696437.8118839194;0.38888242567383074;3600;0.10040477360484044
Goal_131;102798;1044667.6644570848;0.0;102738;1046243.5201548396;0.3241259676362796;3600;0.29744207835720804
Goal_137;102798;1044667.6644570848;0.3333333333333333;102798;1036752.5942665162;0.3285809197259198;173;0.0
Goal_132;102798;1044667.6644570848;0.05555555555555555;102538;1044410.3662901495;0.3220216333132686;3600;0.2632082583137596
Goal_133;102798;1044667.6644570848;0.1111111111111111;102868;1043465.6523953853;0.322294874047519;3600;0.2669600548451802
Goal_134;102798;1044667.6644570848;0.16666666666666666;102909;1018561.8530506671;0.3316122926508427;3600;0.8573774733415762
Goal_148;102798;1392890.2192761132;0.38888888888888884;103097;1337260.0367130928;0.3794638450282532;7;0.0
Goal_149;102798;1392890.2192761132;0.4444444444444444;102798;1346859.2243398966;0.42075207006456816;0;0.0
Goal_150;102798;1392890.2192761132;0.5;102798;1378578.0196306275;0.4213192239115981;1;0.0
Goal_147;102798;1392890.2192761132;0.3333333333333333;102847;1392866.09711541;0.3256521285112722;113;0.0
Goal_135;102798;1044667.6644570848;0.2222222222222222;102762;1034045.2129699475;0.3275196996367429;3600;0.9076263588321727
Goal_136;102798;1044667.6644570848;0.2777777777777778;102781;1001215.7992176817;0.32308312074222567;3600;1.0
Goal_142;102798;1392890.2192761132;0.05555555555555555;102815;1372001.1463235987;0.3046789820697967;3600;0.29777079385245225
Goal_141;102798;1392890.2192761132;0.0;102726;1351263.6154015777;0.3030444643719478;3600;0.3272402744247639
Goal_143;102798;1392890.2192761132;0.1111111111111111;102844;1392065.3207619328;0.3063622259946576;3600;0.36104203064263296
Goal_157;102798;1741112.7740951416;0.3333333333333333;103078;1385314.6500088521;0.3327737115869158;20;0.0
Goal_144;102798;1392890.2192761132;0.16666666666666666;102781;1350732.2387137832;0.30734338511634196;3600;0.914464123061286
Goal_159;102798;1741112.7740951416;0.4444444444444444;102798;1741101.349125828;0.40785474508107317;0;0.0
Goal_160;102798;1741112.7740951416;0.5;102798;1736530.7214885175;0.42920624853909756;0;0.0
Goal_158;102798;1741112.7740951416;0.38888888888888884;102838;1377727.6725467602;0.3879782423373436;9;0.0
Goal_145;102798;1392890.2192761132;0.2222222222222222;102830;1378652.0875804478;0.3041014925850408;3600;1.0
Goal_146;102798;1392890.2192761132;0.2777777777777778;102811;1362922.7214431372;0.30449586237650755;3600;1.0
Goal_151;102798;1741112.7740951416;0.0;102830;1734477.3790467423;0.29005899933950496;3600;0.3238964839823683
Goal_152;102798;1741112.7740951416;0.05555555555555555;103328;1740924.569068007;0.2924147292874895;3600;0.3519059884662358
Goal_153;102798;1741112.7740951416;0.1111111111111111;102461;1680712.3307997386;0.28797920630313845;3600;0.4361660791395361
Goal_167;102798;2089335.3289141697;0.3333333333333333;102799;2045870.807867465;0.333325392560647;59;0.0
Goal_168;102798;2089335.3289141697;0.38888888888888884;102798;1326345.9979016746;0.3850385287116288;16;0.0
Goal_169;102798;2089335.3289141697;0.4444444444444444;102798;1223645.1232435487;0.42017800538940375;0;0.0
Goal_170;102798;2089335.3289141697;0.5;102798;1473476.8529335097;0.4201125745743499;0;0.0
Goal_154;102798;1741112.7740951416;0.16666666666666666;102746;1741115.2721234243;0.3027952572774602;3600;1.0
Goal_156;102798;1741112.7740951416;0.2777777777777778;102395;1680161.1131436129;0.28952472289977293;3600;1.0
Goal_155;102798;1741112.7740951416;0.2222222222222222;102284;1733621.09980651;0.2927559156932948;3600;1.0
Goal_161;102798;2089335.3289141697;0.0;102566;2089639.0281249664;0.2848412276621946;3600;0.41030660919506085
Goal_162;102798;2089335.3289141697;0.05555555555555555;102748;2084397.1233801052;0.28524737418055673;3600;0.40168491187349215
Goal_163;102798;2089335.3289141697;0.1111111111111111;102437;2089692.6096451515;0.28401908240202856;3600;0.44516634408026307
Goal_177;102798;2437557.883733198;0.3333333333333333;103438;2212218.62148654;0.3324349868539889;28;0.0
Goal_178;102798;2437557.883733198;0.38888888888888884;102798;1898411.937172642;0.3797345513294313;4;0.0
Goal_179;102798;2437557.883733198;0.4444444444444444;102798;1223645.1232435487;0.42017800538940375;0;0.0
Goal_180;102798;2437557.883733198;0.5;103709;1464357.4298704618;0.4083992419537558;0;0.0
Goal_164;102798;2089335.3289141697;0.16666666666666666;102791;1994886.8733318679;0.28738355487820183;3600;1.0
Goal_165;102798;2089335.3289141697;0.2222222222222222;102733;1847229.445681367;0.2841125351508247;3600;1.0
Goal_166;102798;2089335.3289141697;0.2777777777777778;102762;1982449.7471132763;0.28480922218531074;3600;1.0
Goal_171;102798;2437557.883733198;0.0;102798;2196860.4521468254;0.28234005662154804;3600;0.2650327302038166
Goal_172;102798;2437557.883733198;0.05555555555555555;102798;2218585.432520359;0.28258203494194106;3600;0.41502630283690356
Goal_173;102798;2437557.883733198;0.1111111111111111;102798;2192710.0554163423;0.2822450107335493;3600;0.49373744288862575
Goal_174;102798;2437557.883733198;0.16666666666666666;102665;1994379.1738781158;0.28893472620407173;3600;0.8458960216590445
Goal_188;102798;2785780.4385522264;0.38888888888888884;102798;1109449.8084611355;0.38006654767813686;3;0.0
Goal_189;102798;2785780.4385522264;0.4444444444444444;102798;1223645.1232435487;0.42017800538940375;0;0.0
Goal_190;102798;2785780.4385522264;0.5;102798;1717119.4673025801;0.4068172064843754;0;0.0
Goal_175;102798;2437557.883733198;0.2222222222222222;102803;2128769.493064998;0.2817496502881713;3600;1.0
Goal_176;102798;2437557.883733198;0.2777777777777778;102791;2188989.569048185;0.2843083848939332;3600;1.0
Goal_181;102798;2785780.4385522264;0.0;102782;2195072.823598615;0.2822461938663854;3600;0.25474740500957677
Goal_182;102798;2785780.4385522264;0.05555555555555555;102799;2195942.4788347906;0.2819860233552221;3600;0.2717034521298715
Goal_187;102798;2785780.4385522264;0.3333333333333333;103705;2094810.823362088;0.33331176972550597;683;0.0
Goal_183;102798;2785780.4385522264;0.1111111111111111;102798;2214524.500190367;0.284458463827079;3600;0.4962115430164949
Goal_197;102798;3134002.9933712548;0.3333333333333333;103252;1725511.5950131544;0.31437138686084176;46;0.0
Goal_198;102798;3134002.9933712548;0.38888888888888884;104069;1421850.006084006;0.3785075832210938;7;0.0
Goal_199;102798;3134002.9933712548;0.4444444444444444;102798;1252938.6544435488;0.42017800538940375;0;0.0
Goal_200;102798;3134002.9933712548;0.5;102798;1836911.14053351;0.43320766267717237;0;0.0
Goal_184;102798;2785780.4385522264;0.16666666666666666;102865;2655024.692314008;0.28747694149021646;3600;0.7628390338053334
Goal_185;102798;2785780.4385522264;0.2222222222222222;102798;2187502.126911625;0.2802787145806836;3600;1.0
Goal_186;102798;2785780.4385522264;0.2777777777777778;102488;2267587.5429086587;0.28563679620734833;3600;1.0
Goal_191;102798;3134002.9933712548;0.0;100429;2472290.1839973615;0.2618452862961409;3600;0.1797069765843627
Goal_192;102798;3134002.9933712548;0.05555555555555555;102798;2167966.1448855125;0.28269949080088286;3600;0.3452654794333585
Goal_193;102798;3134002.9933712548;0.1111111111111111;102836;2269842.068489806;0.2822879377112257;3600;0.44858869083462116
Goal_194;102798;3134002.9933712548;0.16666666666666666;100722;2769053.517452671;0.26429219108471086;3600;0.6615926367751571
Goal_195;102798;3134002.9933712548;0.2222222222222222;102802;2192006.664881844;0.2850011996817076;3600;1.0
Goal_196;102798;3134002.9933712548;0.2777777777777778;102863;2079924.0569676457;0.2874671413412571;3600;1.0
Goal_210;98383;0.0;0.5;93203;263528.0770258279;0.49666044500557543;0;0.0
Goal_201;98383;0.0;0.0;95456;467836.7472683258;0.3447716468996159;3600;0.1148119889062125
Goal_202;98383;0.0;0.05555555555555555;96137;504569.9409267664;0.34319901010261844;3600;0.08049203687842005
Goal_203;98383;0.0;0.1111111111111111;96366;514432.8606849519;0.34218023557118615;3600;0.07880327456165725
Goal_204;98383;0.0;0.16666666666666666;97146;534728.0218540435;0.34012119671917707;3600;0.099877982748267
Goal_205;98383;0.0;0.2222222222222222;95226;457262.4811911823;0.3440891102087335;3600;0.08870508083192144
Goal_206;98383;0.0;0.2777777777777778;95849;479711.9918514444;0.34277085452654243;3600;0.10752146838700506
Goal_207;98383;0.0;0.3333333333333333;95930;489226.3223776772;0.33830332201546714;3600;0.07259575779688608
Goal_208;98383;0.0;0.38888888888888884;93077;301077.81348890235;0.38888897521336274;3600;0.024152964448382195
Goal_209;98383;0.0;0.4444444444444444;92267;238358.83662934985;0.44444247329295083;3600;0.0042792312286728754
Goal_220;98383;348222.5548190283;0.5;95239;348221.3015258279;0.4874136939962984;0;0.0
Goal_211;98383;348222.5548190283;0.0;95289;464295.05342806585;0.34435578589951765;3600;0.11622260216342412
Goal_212;98383;348222.5548190283;0.05555555555555555;95584;473343.3450891054;0.3426247697147231;3600;0.10965339461429234
Goal_213;98383;348222.5548190283;0.1111111111111111;95883;482411.87123534054;0.3418215013439078;3600;0.1167713652513031
Goal_214;98383;348222.5548190283;0.16666666666666666;96362;527351.5859570832;0.34001318112909107;3600;0.1270998026586557
Goal_215;98383;348222.5548190283;0.2222222222222222;95922;501729.08717637777;0.34386500567025635;3600;0.2865753144553337
Goal_216;98383;348222.5548190283;0.2777777777777778;96912;528011.2150420931;0.3433102960463588;3600;0.1590792420675306
Goal_217;98383;348222.5548190283;0.3333333333333333;95871;488836.38988910546;0.33793198594083895;3600;0.08646890831139291
Goal_218;98383;348222.5548190283;0.38888888888888884;94406;350258.3292489805;0.3888901220945066;3600;0.05290283726852606
Goal_229;98383;696445.1096380566;0.4444444444444444;98383;675540.1875675485;0.43784271279302683;5;0.0
Goal_230;98383;696445.1096380566;0.5;98383;696435.1303;0.465096488029667;0;0.0
Goal_228;98383;696445.1096380566;0.38888888888888884;98422;644005.2281877954;0.3888159054846555;24;0.0
Goal_219;98383;348222.5548190283;0.4444444444444444;95115;348253.3197780737;0.4444450209552127;3600;5.224106090693218E-4
Goal_221;98383;696445.1096380566;0.0;98533;696983.2805272886;0.3300394382790617;3600;0.13796056568502243
Goal_222;98383;696445.1096380566;0.05555555555555555;98221;696838.3418620955;0.3281801409247431;3600;0.15944978899666237
Goal_223;98383;696445.1096380566;0.1111111111111111;98383;700308.104117682;0.33019209059048665;3600;0.1813384715725975
Goal_224;98383;696445.1096380566;0.16666666666666666;98086;696544.9529569222;0.32776267196821357;3600;0.3052439470169328
Goal_237;98383;1044667.6644570848;0.3333333333333333;98539;925323.017656387;0.33321223487362817;60;0.0
Goal_238;98383;1044667.6644570848;0.38888888888888884;98788;1037105.1933563871;0.36451173679451526;10;0.0
Goal_239;98383;1044667.6644570848;0.4444444444444444;98383;974052.1106553408;0.44017741302591507;1;0.0
Goal_240;98383;1044667.6644570848;0.5;99244;1004551.787707746;0.469088881448095;0;0.0
Goal_227;98383;696445.1096380566;0.3333333333333333;98383;696357.356226793;0.3333183111478321;2288;0.0
Goal_225;98383;696445.1096380566;0.2222222222222222;98383;702221.1177925557;0.3324210131300406;3600;0.3963892766575182
Goal_226;98383;696445.1096380566;0.2777777777777778;98370;696457.0353343213;0.3318078699195013;3600;0.792171038643322
Goal_231;98383;1044667.6644570848;0.0;98237;1045057.4625418697;0.31078533613765696;3600;0.3926418810535018
Goal_232;98383;1044667.6644570848;0.05555555555555555;97463;1044697.4350815756;0.30500894467561435;3600;0.36302844796884526
Goal_233;98383;1044667.6644570848;0.1111111111111111;98400;877670.46186333;0.31018371539296663;3600;0.5051652323829652
Goal_247;98383;1392890.2192761132;0.3333333333333333;98430;1392880.3869050692;0.3244092523274625;57;0.0
Goal_248;98383;1392890.2192761132;0.38888888888888884;98963;1244099.9397106937;0.38777155838667005;9;0.0
Goal_249;98383;1392890.2192761132;0.4444444444444444;98402;1164984.5923739036;0.44278150431810603;2;0.0
Goal_250;98383;1392890.2192761132;0.5;98473;772921.3397834206;0.47924866081711254;0;0.0
Goal_234;98383;1044667.6644570848;0.16666666666666666;96633;1053313.08071716;0.2977466596795427;3600;0.6458691611917199
Goal_235;98383;1044667.6644570848;0.2222222222222222;98789;912505.9900587192;0.3104923845565829;3600;1.0
Goal_236;98383;1044667.6644570848;0.2777777777777778;98410;992676.5505231349;0.3142256195878879;3600;1.0
Goal_241;98383;1392890.2192761132;0.0;97865;1393128.9886169045;0.2878745759722156;3600;0.41045159675097737
Goal_242;98383;1392890.2192761132;0.05555555555555555;97924;1392887.5121105912;0.2905877125411444;3600;0.4950830491246767
Goal_243;98383;1392890.2192761132;0.1111111111111111;97020;1397749.463115083;0.2870488678109085;3600;0.7060110264173587
Goal_257;98383;1741112.7740951416;0.3333333333333333;102810;1495569.321671969;0.3207778221100792;123;0.0
Goal_258;98383;1741112.7740951416;0.38888888888888884;98436;1741098.1239731968;0.388320490519533;11;0.0
Goal_259;98383;1741112.7740951416;0.4444444444444444;98383;1340384.77242553;0.44092851236188163;8;0.0
Goal_260;98383;1741112.7740951416;0.5;98383;1139224.5261002004;0.4613771971133304;0;0.0
Goal_244;98383;1392890.2192761132;0.16666666666666666;98134;1394663.9919750355;0.2917588673019856;3600;1.0
Goal_245;98383;1392890.2192761132;0.2222222222222222;98391;1258561.7568766873;0.29721283419064376;3600;1.0
Goal_246;98383;1392890.2192761132;0.2777777777777778;98449;1143781.171874823;0.29570025041737075;3600;1.0
Goal_251;98383;1741112.7740951416;0.0;96328;1741158.1883886436;0.2628892187591989;3600;0.4451941024826004
Goal_252;98383;1741112.7740951416;0.05555555555555555;98620;1710476.1296913289;0.283522888624541;3600;0.4675963098049021
Goal_253;98383;1741112.7740951416;0.1111111111111111;98383;1642913.1064590507;0.2849458499012612;3600;0.7792564183503266
Goal_267;98383;2089335.3289141697;0.3333333333333333;98857;1935379.992663776;0.3194571101801575;16;0.0
Goal_268;98383;2089335.3289141697;0.38888888888888884;98432;1175114.927255004;0.38842822755685996;2;0.0
Goal_269;98383;2089335.3289141697;0.4444444444444444;98383;2089334.9880258276;0.3769627905788514;0;0.0
Goal_270;98383;2089335.3289141697;0.5;98802;994319.7152094612;0.46153846153846145;0;0.0
Goal_254;98383;1741112.7740951416;0.16666666666666666;96631;1741056.6285861682;0.26198572754528693;3600;0.9467085370508604
Goal_255;98383;1741112.7740951416;0.2222222222222222;98389;1693725.974537328;0.2814776866662431;3600;1.0
Goal_256;98383;1741112.7740951416;0.2777777777777778;98383;1715194.533239613;0.2841355984727929;3600;1.0
Goal_261;98383;2089335.3289141697;0.0;98384;1977012.0655110045;0.26230274284970306;3600;0.21588567602568853
Goal_262;98383;2089335.3289141697;0.05555555555555555;98486;1977422.445185436;0.26274168760471855;3600;0.4080838586541017
Goal_263;98383;2089335.3289141697;0.1111111111111111;98458;1997563.1513934387;0.266241159646676;3600;0.6881492025819367
Goal_264;98383;2089335.3289141697;0.16666666666666666;97479;2068816.1257216851;0.25852297949124614;3600;1.0
Goal_278;98383;2437557.883733198;0.38888888888888884;98383;1351479.7705483711;0.38594568267757706;1;0.0
Goal_279;98383;2437557.883733198;0.4444444444444444;98402;905908.7035694408;0.4429252446408083;1;0.0
Goal_280;98383;2437557.883733198;0.5;98383;1291515.706836063;0.46667316948079235;0;0.0
Goal_277;98383;2437557.883733198;0.3333333333333333;98383;1732439.3120578248;0.33277777141087506;189;0.0
Goal_276;98383;2437557.883733198;0.2777777777777778;98565;2330815.5385712557;0.26676543593019647;283;0.0
Goal_265;98383;2089335.3289141697;0.2222222222222222;98428;1975137.2353977056;0.28029672718060983;3600;1.0
Goal_266;98383;2089335.3289141697;0.2777777777777778;98383;1755120.2638205776;0.2850185589761178;3600;1.0
Goal_271;98383;2437557.883733198;0.0;98259;2282966.2106294176;0.2597505107805864;3600;0.3987217872222039
Goal_272;98383;2437557.883733198;0.05555555555555555;98383;2337022.286640592;0.25946989917917795;3600;0.2996224930667255
Goal_287;98383;2785780.4385522264;0.3333333333333333;98576;1983500.471524602;0.32404942379722773;101;0.0
Goal_288;98383;2785780.4385522264;0.38888888888888884;98383;1654135.4074371504;0.3835893807045461;9;0.0
Goal_289;98383;2785780.4385522264;0.4444444444444444;98383;1639567.7552258286;0.3940033275265245;1;0.0
Goal_290;98383;2785780.4385522264;0.5;98383;1394456.0699870416;0.45656461521418173;1;0.0
Goal_273;98383;2437557.883733198;0.1111111111111111;98577;2352443.461031742;0.25834415720440296;3600;0.4666609458404198
Goal_274;98383;2437557.883733198;0.16666666666666666;98386;2266542.5245062746;0.2580500683006473;3600;0.9016977238761243
Goal_275;98383;2437557.883733198;0.2222222222222222;98383;2318928.3331985315;0.25651667704220665;3600;1.0
Goal_281;98383;2785780.4385522264;0.0;98284;2198258.892750693;0.25771043277185923;3600;0.38988637787206487
Goal_282;98383;2785780.4385522264;0.05555555555555555;98383;2638730.24452205;0.2571984678234159;3600;0.22604711607930958
Goal_283;98383;2785780.4385522264;0.1111111111111111;98414;2292813.7473944067;0.26236979047400566;3600;0.6037702055215662
Goal_284;98383;2785780.4385522264;0.16666666666666666;98656;2711521.5587661797;0.2601593713618555;3600;0.8683841272750561
Goal_297;98383;3134002.9933712548;0.3333333333333333;98950;2601784.030669441;0.3333036702188255;25;0.0
Goal_299;98383;3134002.9933712548;0.4444444444444444;98383;948067.2182150298;0.4423393705336863;1;0.0
Goal_298;98383;3134002.9933712548;0.38888888888888884;99283;2411045.3183385246;0.3582749475423204;12;0.0
Goal_300;98383;3134002.9933712548;0.5;98507;1381038.6758870415;0.469088881448095;0;0.0
Goal_285;98383;2785780.4385522264;0.2222222222222222;98208;2769686.506884271;0.26442373176928474;3600;1.0
Goal_286;98383;2785780.4385522264;0.2777777777777778;98404;1957599.1101087818;0.2834892097651762;3600;1.0
Goal_291;98383;3134002.9933712548;0.0;98383;2826113.9101371677;0.2596953976484949;3600;0.3656118994760551
Goal_292;98383;3134002.9933712548;0.05555555555555555;98594;2803835.3946531992;0.25940068592883225;3600;0.30693464289909117
Goal_293;98383;3134002.9933712548;0.1111111111111111;98383;2349738.34885313;0.259427751645286;3600;0.24810265059282655
Goal_294;98383;3134002.9933712548;0.16666666666666666;98415;2321773.6992623196;0.25838051212643665;3600;0.6466279824186625
Goal_295;98383;3134002.9933712548;0.2222222222222222;98379;2662823.3893003464;0.26136086317384316;3600;1.0
Goal_296;98383;3134002.9933712548;0.2777777777777778;98405;2579865.1196516547;0.280066309822705;3600;1.0
Goal_310;93967;0.0;0.5;93203;263528.0770258279;0.49666044500557543;0;0.0
Goal_301;93967;0.0;0.0;93961;409265.3133987122;0.34405762141908136;3600;0.09390359162242014
Goal_302;93967;0.0;0.05555555555555555;93956;422021.4884678038;0.34739998978894127;3600;0.098230206103052
Goal_303;93967;0.0;0.1111111111111111;93924;423907.21064910083;0.3460382144137841;3600;0.12336778811320197
Goal_304;93967;0.0;0.16666666666666666;93968;416593.1561563754;0.34325208841787924;3600;0.1081605119213852
Goal_305;93967;0.0;0.2222222222222222;94148;421920.76367040264;0.34741251891584024;3600;0.1613060267000458
Goal_306;93967;0.0;0.2777777777777778;93884;435312.15491636016;0.3444854274928249;3600;0.18664143131586153
Goal_307;93967;0.0;0.3333333333333333;93968;413818.80693481845;0.34198159412136453;3600;0.05489316173898296
Goal_308;93967;0.0;0.38888888888888884;92982;297099.7299053426;0.38889007470468423;3600;0.03111657335753728
Goal_319;93967;348222.5548190283;0.4444444444444444;93967;348220.2855451112;0.4443851326109047;17;0.0
Goal_320;93967;348222.5548190283;0.5;93989;348010.8182;0.49550002798294857;1;0.0
Goal_309;93967;0.0;0.4444444444444444;92355;241583.5266877161;0.44444440305997024;3600;0.008764580244234243
Goal_311;93967;348222.5548190283;0.0;94134;446280.0426267665;0.344194347152841;3600;0.15915631670969482
Goal_312;93967;348222.5548190283;0.05555555555555555;93964;445801.78079269093;0.34288398904083184;3600;0.16532156359753863
Goal_313;93967;348222.5548190283;0.1111111111111111;93869;446588.1032798144;0.3432285807123081;3600;0.1556016286540009
Goal_314;93967;348222.5548190283;0.16666666666666666;93954;455724.35241514025;0.341259115495654;3600;0.1796779913079861
Goal_315;93967;348222.5548190283;0.2222222222222222;93967;460551.4475601839;0.34286682828887605;3600;0.2833112322855386
Goal_327;93967;696445.1096380566;0.3333333333333333;94055;649026.1648595571;0.33113478647896094;665;0.0
Goal_328;93967;696445.1096380566;0.38888888888888884;94649;695519.2578525196;0.38879145726555453;20;0.0
Goal_329;93967;696445.1096380566;0.4444444444444444;93967;695736.2957762853;0.44387671492691305;2;0.0
Goal_330;93967;696445.1096380566;0.5;94387;547446.742509461;0.49404740687173576;1;0.0
Goal_316;93967;348222.5548190283;0.2777777777777778;93993;415007.26685507613;0.34965598352040916;3600;0.530284478666947
Goal_317;93967;348222.5548190283;0.3333333333333333;93967;417173.37943949417;0.34175487775302343;3600;0.4371674929656193
Goal_318;93967;348222.5548190283;0.38888888888888884;93814;348939.9794891055;0.3888890388659009;3600;1.0
Goal_321;93967;696445.1096380566;0.0;93987;699622.3360072861;0.31884919385598626;3600;0.3681346097520135
Goal_322;93967;696445.1096380566;0.05555555555555555;93968;700795.1727431371;0.31656064780855836;3600;0.30999197746802726
Goal_323;93967;696445.1096380566;0.1111111111111111;93967;698848.5082212624;0.31400994698634843;3600;0.3442286922603529
Goal_324;93967;696445.1096380566;0.16666666666666666;93967;700518.8372560436;0.3185808883879104;3600;0.556822867673537
Goal_325;93967;696445.1096380566;0.2222222222222222;95103;697243.8880246128;0.3170145268759856;3600;1.0
Goal_339;93967;1044667.6644570848;0.4444444444444444;94004;560537.3803760811;0.44272465476209016;2;0.0
Goal_340;93967;1044667.6644570848;0.5;93967;779692.9634360628;0.49109832425345556;0;0.0
Goal_338;93967;1044667.6644570848;0.38888888888888884;93971;1043861.558829394;0.3845502741440838;23;0.0
Goal_326;93967;696445.1096380566;0.2777777777777778;94500;658305.4705851999;0.33818997617564345;3600;1.0
Goal_337;93967;1044667.6644570848;0.3333333333333333;98813;897264.3278403585;0.33183661290920874;415;0.0
Goal_331;93967;1044667.6644570848;0.0;95860;1043798.330699607;0.303307421952335;3600;0.4925352709091222
Goal_332;93967;1044667.6644570848;0.05555555555555555;93967;1044248.9460381949;0.3032940827382229;3600;0.4884802655932146
Goal_333;93967;1044667.6644570848;0.1111111111111111;93977;948111.2791332637;0.2994719602675517;3600;0.6549948259726124
Goal_347;93967;1392890.2192761132;0.3333333333333333;94166;1348277.5673719721;0.3333297032862827;165;0.0
Goal_348;93967;1392890.2192761132;0.38888888888888884;94149;1063792.6200206536;0.38880531816554403;9;0.0
Goal_349;93967;1392890.2192761132;0.4444444444444444;93976;605982.978442883;0.44444555758947446;2;0.0
Goal_350;93967;1392890.2192761132;0.5;94778;531508.274956387;0.49404740687173593;0;0.0
Goal_334;93967;1044667.6644570848;0.16666666666666666;93993;1030530.8975904348;0.3027860570453652;3600;1.0
Goal_335;93967;1044667.6644570848;0.2222222222222222;95669;1044622.343415083;0.2986464220072391;3600;1.0
Goal_336;93967;1044667.6644570848;0.2777777777777778;94410;1040735.674493526;0.3105036514275789;3600;1.0
Goal_341;93967;1392890.2192761132;0.0;93967;1335999.0291078;0.28485672153405645;3600;0.4553412502283105
Goal_342;93967;1392890.2192761132;0.05555555555555555;93967;1393331.9355811877;0.2833589560309846;3600;0.5159920773644572
Goal_343;93967;1392890.2192761132;0.1111111111111111;94875;1393007.2557870448;0.2846676776460149;3600;0.7512913391983735
Goal_357;93967;1741112.7740951416;0.3333333333333333;95600;1382347.4340632588;0.3278388624738943;15;0.0
Goal_358;93967;1741112.7740951416;0.38888888888888884;95971;1128681.957641324;0.38888075593318944;20;0.0
Goal_359;93967;1741112.7740951416;0.4444444444444444;93967;730883.4401295513;0.4441507401342053;1;1.0E100
Goal_360;93967;1741112.7740951416;0.5;93967;1659919.2651000002;0.49826245377179335;0;0.0
Goal_344;93967;1392890.2192761132;0.16666666666666666;94087;1296255.2879901496;0.2807385024025157;3600;1.0
Goal_345;93967;1392890.2192761132;0.2222222222222222;94003;1370730.9767448462;0.2833184357950832;3600;1.0
Goal_346;93967;1392890.2192761132;0.2777777777777778;93973;1384016.458431187;0.2805224831097193;3600;1.0
Goal_351;93967;1741112.7740951416;0.0;94023;1739154.3491325122;0.2608517731479705;3600;0.37899566188125317
Goal_352;93967;1741112.7740951416;0.05555555555555555;93949;1684214.5758345763;0.26263370605594794;3600;0.4688439947255503
Goal_366;93967;2089335.3289141697;0.2777777777777778;93967;1968462.0956228557;0.2777451838113508;273;0.0
Goal_367;93967;2089335.3289141697;0.3333333333333333;94648;1791186.7390965815;0.3333274997010559;95;0.0
Goal_368;93967;2089335.3289141697;0.38888888888888884;94642;2087902.56405336;0.3888614261795152;3;0.0
Goal_369;93967;2089335.3289141697;0.4444444444444444;93967;1299172.2107156399;0.44208313234821545;1;0.0
Goal_370;93967;2089335.3289141697;0.5;93967;818857.5351152101;0.4903742411100258;0;0.0
Goal_353;93967;1741112.7740951416;0.1111111111111111;93968;1732459.402579829;0.2608071993904029;3600;0.7222761979751233
Goal_354;93967;1741112.7740951416;0.16666666666666666;93967;1744390.6967837007;0.26009195672506324;3600;0.8601711448407132
Goal_355;93967;1741112.7740951416;0.2222222222222222;93998;1671544.248250028;0.2612057755689499;3600;1.0
Goal_356;93967;1741112.7740951416;0.2777777777777778;93946;1729026.8000861495;0.29206063913958263;3600;1.0
Goal_361;93967;2089335.3289141697;0.0;93943;2060446.839673094;0.24424751803607025;3600;0.4172500880702371
Goal_362;93967;2089335.3289141697;0.05555555555555555;93967;2060619.0581941546;0.2426460584295503;3600;0.4028879551391339
Goal_377;93967;2437557.883733198;0.3333333333333333;97659;1371880.3838376843;0.33311524978298773;152;0.0
Goal_378;93967;2437557.883733198;0.38888888888888884;95611;512301.8831952914;0.3883500207626392;8;0.0
Goal_379;93967;2437557.883733198;0.4444444444444444;93967;2160635.9562509465;0.4414528492786171;2;0.0
Goal_380;93967;2437557.883733198;0.5;93967;818857.5351152101;0.4903742411100258;0;0.0
Goal_363;93967;2089335.3289141697;0.1111111111111111;93576;2084844.6237453865;0.24243853730294318;3600;0.7451609755683002
Goal_364;93967;2089335.3289141697;0.16666666666666666;94290;1774503.6346053267;0.2626620593772809;3600;1.0
Goal_365;93967;2089335.3289141697;0.2222222222222222;94003;2063283.0910043656;0.24192200059270114;3600;1.0
Goal_371;93967;2437557.883733198;0.0;93967;2405105.152951425;0.2344825839861829;3600;0.18729000629577128
Goal_372;93967;2437557.883733198;0.05555555555555555;93967;2332354.9294917197;0.2351399551847905;3600;0.2626642703537224
Goal_386;93967;2785780.4385522264;0.2777777777777778;95921;1824487.1048555837;0.27732395489169537;295;0.0
Goal_387;93967;2785780.4385522264;0.3333333333333333;96234;1699327.406973814;0.33333037702209123;34;0.0
Goal_388;93967;2785780.4385522264;0.38888888888888884;95590;1096172.3370479017;0.38837980384333587;3;0.0
Goal_389;93967;2785780.4385522264;0.4444444444444444;93967;2164951.877;0.4317756912951876;1;0.0
Goal_390;93967;2785780.4385522264;0.5;93967;818857.5351152101;0.4903742411100258;0;0.0
Goal_373;93967;2437557.883733198;0.1111111111111111;93890;2371667.3897251124;0.23407256743269905;3600;0.4088275346728901
Goal_374;93967;2437557.883733198;0.16666666666666666;93967;2352112.0524701225;0.23606867692856862;3600;0.7588673098875353
Goal_375;93967;2437557.883733198;0.2222222222222222;93975;2397541.4508764786;0.2341492025073953;3600;1.0
Goal_376;93967;2437557.883733198;0.2777777777777778;93967;2354939.7090002424;0.28048466334472094;3600;1.0
Goal_381;93967;2785780.4385522264;0.0;93967;2583048.3650737978;0.23298839611303204;3600;0.3873864044351087
Goal_382;93967;2785780.4385522264;0.05555555555555555;94261;2709387.3487454318;0.23513170027408234;3600;0.3268438364303532
Goal_397;93967;3134002.9933712548;0.3333333333333333;98261;1801057.8580258281;0.33023881737135;31;0.0
Goal_398;93967;3134002.9933712548;0.38888888888888884;94000;1053428.365871078;0.3888593019494332;2;0.0
Goal_383;93967;2785780.4385522264;0.1111111111111111;93939;2751796.072296265;0.23399341137307353;3600;0.6944251618926265
Goal_399;93967;3134002.9933712548;0.4444444444444444;94202;1478490.735628411;0.4444295388660256;2;0.0
Goal_400;93967;3134002.9933712548;0.5;93967;818857.5351152101;0.4903742411100258;0;0.0
Goal_384;93967;2785780.4385522264;0.16666666666666666;93969;2590398.0133480793;0.23287181274222013;3600;1.0
Goal_385;93967;2785780.4385522264;0.2222222222222222;93967;2701539.379751232;0.23261122977999393;3600;1.0
Goal_391;93967;3134002.9933712548;0.0;94063;2775391.77855056;0.23661367031560301;3600;0.30415034180616035
Goal_392;93967;3134002.9933712548;0.05555555555555555;93967;2768189.4788031043;0.23331486239078877;3600;0.3278221264158111
Goal_393;93967;3134002.9933712548;0.1111111111111111;93959;2752332.1127967457;0.23435113391404197;3600;0.5918829160376172
Goal_394;93967;3134002.9933712548;0.16666666666666666;93967;2757592.372564469;0.23324004130794262;3600;0.940561409624802
Goal_395;93967;3134002.9933712548;0.2222222222222222;93928;2773116.004379962;0.23491784043849087;3600;1.0
Goal_396;93967;3134002.9933712548;0.2777777777777778;95198;2596393.8450270123;0.28567933018001695;3600;1.0
Goal_410;89552;0.0;0.5;89552;133761.58186944085;0.4976451427375656;0;0.0
Goal_401;89552;0.0;0.0;90028;341110.2255665042;0.3495456237534111;3600;0.20059195341092365
Goal_402;89552;0.0;0.05555555555555555;90323;322898.07340044057;0.3563615861521954;3600;0.22111451079027508
Goal_403;89552;0.0;0.1111111111111111;89935;318506.08308033174;0.3516020406280798;3600;0.1839813136507992
Goal_404;89552;0.0;0.16666666666666666;89687;400692.48163108865;0.34196327352340844;3600;0.2779966924660472
Goal_405;89552;0.0;0.2222222222222222;90428;327920.0826461586;0.3494653686816535;3600;0.2715772656506821
Goal_406;89552;0.0;0.2777777777777778;89759;320419.4881891626;0.3570892410604565;3600;0.519913355425866
Goal_407;89552;0.0;0.3333333333333333;89497;301187.8352228681;0.3564674425527474;3600;0.3369979646218084
Goal_408;89552;0.0;0.38888888888888884;89561;191480.7564670854;0.38888897348861506;3600;0.07609057774434883
Goal_419;89552;348222.5548190283;0.4444444444444444;89561;338855.5197709006;0.4444454397201176;3;0.0
Goal_420;89552;348222.5548190283;0.5;89552;311443.31664471526;0.4959401889546073;0;0.0
Goal_418;89552;348222.5548190283;0.38888888888888884;89558;345046.50975331996;0.38888499913405766;86;0.0
Goal_409;89552;0.0;0.4444444444444444;89552;142025.0328442998;0.4444450151613874;3600;0.009867734531893985
Goal_411;89552;348222.5548190283;0.0;91549;348227.68631528737;0.3482395215005843;3600;0.28339241698220063
Goal_412;89552;348222.5548190283;0.05555555555555555;90028;379442.4372839076;0.34761481832890345;3600;0.2880512079227044
Goal_413;89552;348222.5548190283;0.1111111111111111;90183;417500.8635508325;0.3368881398689487;3600;0.3236275802819468
Goal_414;89552;348222.5548190283;0.16666666666666666;90702;348134.31865101866;0.3544124971885406;3600;0.515411016326008
Goal_415;89552;348222.5548190283;0.2222222222222222;91014;362307.3295279051;0.3471217112767163;3600;1.0
Goal_428;89552;696445.1096380566;0.38888888888888884;89578;696427.1692502232;0.38888149579374187;19;0.0
Goal_429;89552;696445.1096380566;0.4444444444444444;90022;467827.4427488188;0.44444186411084097;13;0.0
Goal_430;89552;696445.1096380566;0.5;89552;413761.2378;0.4945440603940209;0;0.0
Goal_416;89552;348222.5548190283;0.2777777777777778;89552;393086.85379780614;0.3452034168039142;3600;1.0
Goal_417;89552;348222.5548190283;0.3333333333333333;89552;374070.72234493506;0.3438236419113887;3600;1.0
Goal_421;89552;696445.1096380566;0.0;89552;713626.9958024478;0.31211869279520704;3600;0.46557332931372525
Goal_422;89552;696445.1096380566;0.05555555555555555;90405;696230.3496003058;0.314833724117937;3600;0.4435574239931176
Goal_423;89552;696445.1096380566;0.1111111111111111;89663;697478.9191187767;0.31818782587893274;3600;0.6178240490918528
Goal_424;89552;696445.1096380566;0.16666666666666666;90785;696284.0811431226;0.31880894184334435;3600;0.8627278014895029
Goal_437;89552;1044667.6644570848;0.3333333333333333;89985;1044440.6511241791;0.33265371790079756;452;0.0
Goal_438;89552;1044667.6644570848;0.38888888888888884;90038;779827.0732401402;0.3888886601519206;11;0.0
Goal_439;89552;1044667.6644570848;0.4444444444444444;89754;927860.4711426152;0.44194114048258176;2;0.0
Goal_440;89552;1044667.6644570848;0.5;89552;352538.0478;0.4998567207568808;0;0.0
Goal_425;89552;696445.1096380566;0.2222222222222222;89580;697265.9952325824;0.3212867192587071;3600;1.0
Goal_426;89552;696445.1096380566;0.2777777777777778;91340;665951.858266771;0.32687359163616003;3600;1.0
Goal_427;89552;696445.1096380566;0.3333333333333333;90111;695532.5336347709;0.33337834830283974;3600;1.0
Goal_431;89552;1044667.6644570848;0.0;89668;1046473.5026823529;0.2879883608572105;3600;0.5035140211832292
Goal_432;89552;1044667.6644570848;0.05555555555555555;89558;1044052.4938758673;0.28912761906192086;3600;0.5487475464166149
Goal_433;89552;1044667.6644570848;0.1111111111111111;89589;1033022.0277257336;0.2896453616607427;3600;0.8334743922426947
Goal_447;89552;1392890.2192761132;0.3333333333333333;89552;1281674.7719942767;0.3303500799032768;186;0.0
Goal_448;89552;1392890.2192761132;0.38888888888888884;89913;1304080.0547021052;0.38856427984809844;11;0.0
Goal_449;89552;1392890.2192761132;0.4444444444444444;90092;566590.0043985138;0.4444359439175087;2;0.0
Goal_450;89552;1392890.2192761132;0.5;90096;306165.9596132538;0.4996300406448685;0;0.0
Goal_434;89552;1044667.6644570848;0.16666666666666666;89577;1043759.0301002644;0.2898054430970426;3600;1.0
Goal_435;89552;1044667.6644570848;0.2222222222222222;89553;994375.4944223576;0.2846009318441068;3600;1.0
Goal_436;89552;1044667.6644570848;0.2777777777777778;89636;1008136.4399995058;0.30361023953283683;3600;1.0
Goal_441;89552;1392890.2192761132;0.0;89554;1389144.3356015952;0.2709660342948632;3600;0.5634430094031329
Goal_442;89552;1392890.2192761132;0.05555555555555555;89613;1388962.050034308;0.2630153211702626;3600;0.6189160757324401
Goal_443;89552;1392890.2192761132;0.1111111111111111;90108;1382999.7999680708;0.26331333755502123;3600;0.7480025857190595
Goal_444;89552;1392890.2192761132;0.16666666666666666;89600;1387272.0820371623;0.26085170482216347;3600;1.0
Goal_458;89552;1741112.7740951416;0.38888888888888884;91898;1197837.8447519334;0.3840600071351964;26;0.0
Goal_459;89552;1741112.7740951416;0.4444444444444444;89650;548389.8903916266;0.4394017508787367;2;0.0
Goal_460;89552;1741112.7740951416;0.5;89556;333216.5373;0.49913385288776096;0;0.0
Goal_457;89552;1741112.7740951416;0.3333333333333333;89621;1431820.9677780364;0.3333111802498269;334;0.0
Goal_445;89552;1392890.2192761132;0.2222222222222222;89552;1353514.3145748228;0.27405918851852445;3600;1.0
Goal_446;89552;1392890.2192761132;0.2777777777777778;89556;1190782.539651967;0.2832249261280459;3600;1.0
Goal_451;89552;1741112.7740951416;0.0;89644;1696316.38324201;0.2384143521081626;3600;0.394623376544917
Goal_452;89552;1741112.7740951416;0.05555555555555555;89552;1742574.9344281366;0.23735801072559218;3600;0.44195103710500067
Goal_453;89552;1741112.7740951416;0.1111111111111111;89551;1656522.4708491126;0.24656965734656777;3600;0.7890280425531953
Goal_454;89552;1741112.7740951416;0.16666666666666666;89557;1737252.398033275;0.24405437355947254;3600;1.0
Goal_468;89552;2089335.3289141697;0.38888888888888884;89592;1475913.8021026738;0.38879201832998916;14;0.0
Goal_469;89552;2089335.3289141697;0.4444444444444444;89698;547759.35226503;0.4444331996792017;2;0.0
Goal_470;89552;2089335.3289141697;0.5;89845;395320.8773999999;0.4985185152621432;0;0.0
Goal_467;89552;2089335.3289141697;0.3333333333333333;90984;1641197.2498927603;0.3333103933093763;101;0.0
Goal_466;89552;2089335.3289141697;0.2777777777777778;89552;1690286.6906494757;0.27000068507924985;249;0.0
Goal_455;89552;1741112.7740951416;0.2222222222222222;89554;1711781.2694548501;0.23471203949278943;3600;1.0
Goal_456;89552;1741112.7740951416;0.2777777777777778;89557;1684389.8578032102;0.2868823388516764;3600;1.0
Goal_461;89552;2089335.3289141697;0.0;89375;2089304.5194498163;0.23084214257653482;3600;0.4377106521133959
Goal_476;89552;2437557.883733198;0.2777777777777778;89552;1711811.660903709;0.276352273233872;64;0.0
Goal_462;89552;2089335.3289141697;0.05555555555555555;89646;2004564.666972077;0.2332659104959887;3600;0.5269985811942731
Goal_478;89552;2437557.883733198;0.38888888888888884;93019;379566.2849342836;0.3871208161615949;15;0.0
Goal_479;89552;2437557.883733198;0.4444444444444444;91915;581715.4964556615;0.4440413048838188;2;0.0
Goal_480;89552;2437557.883733198;0.5;89845;395320.8773999999;0.4985185152621432;0;0.0
Goal_477;89552;2437557.883733198;0.3333333333333333;93470;1484064.1106559553;0.33091008907924313;341;0.0
Goal_463;89552;2089335.3289141697;0.1111111111111111;90456;2093643.0080017613;0.23433067943575317;3600;0.7837591035521534
Goal_464;89552;2089335.3289141697;0.16666666666666666;89552;1925904.5581168116;0.23598808663627904;3600;1.0
Goal_465;89552;2089335.3289141697;0.2222222222222222;89641;1726766.8404569582;0.23427890148733513;3600;1.0
Goal_471;89552;2437557.883733198;0.0;87970;2326719.05996724;0.20928678038647858;3600;0.3680904528884912
Goal_472;89552;2437557.883733198;0.05555555555555555;88141;2432148.949737694;0.20773774452756558;3600;0.44934841991668256
Goal_487;89552;2785780.4385522264;0.3333333333333333;90091;1750057.8787105815;0.31579177811791004;24;0.0
Goal_488;89552;2785780.4385522264;0.38888888888888884;89597;1184134.5162954398;0.3888817237873457;4;0.0
Goal_489;89552;2785780.4385522264;0.4444444444444444;90909;629805.0461702709;0.43874144504343354;2;0.0
Goal_490;89552;2785780.4385522264;0.5;89845;395320.8773999999;0.4985185152621432;0;0.0
Goal_473;89552;2437557.883733198;0.1111111111111111;88050;2434106.551395031;0.20669872701979872;3600;0.6725419219645491
Goal_474;89552;2437557.883733198;0.16666666666666666;89556;2129793.2495227833;0.22999094897254244;3600;1.0
Goal_475;89552;2437557.883733198;0.2222222222222222;89593;1550488.2945332637;0.26447529732338954;3600;1.0
Goal_486;89552;2785780.4385522264;0.2777777777777778;91156;2217351.1565278983;0.2718681173949094;1338;0.0
Goal_481;89552;2785780.4385522264;0.0;87943;2424815.7786635254;0.20707320980532615;3600;0.2413435920199563
Goal_496;89552;3134002.9933712548;0.2777777777777778;89655;2174599.2564639566;0.27770692213664205;207;0.0
Goal_482;89552;2785780.4385522264;0.05555555555555555;88105;2510855.569621069;0.20717620978947948;3600;0.39164982825488315
Goal_498;89552;3134002.9933712548;0.38888888888888884;94934;1328138.6354344527;0.3876782940869974;23;0.0
Goal_499;89552;3134002.9933712548;0.4444444444444444;90909;629805.0461702709;0.43874144504343354;2;0.0
Goal_500;89552;3134002.9933712548;0.5;89845;395320.8773999999;0.4985185152621432;0;0.0
Goal_483;89552;2785780.4385522264;0.1111111111111111;87742;2524671.7311982047;0.21144200408981398;3600;0.7304369825104565
Goal_497;89552;3134002.9933712548;0.3333333333333333;90137;1113324.8262481105;0.333138301136897;908;0.0
Goal_484;89552;2785780.4385522264;0.16666666666666666;88129;2515104.049368492;0.20807509387790096;3600;1.0
Goal_485;89552;2785780.4385522264;0.2222222222222222;89539;2258330.8080765554;0.24176437486902982;3600;1.0
Goal_491;89552;3134002.9933712548;0.0;88155;2486758.5981693654;0.20753097254031827;3600;0.35738987834522484
Goal_492;89552;3134002.9933712548;0.05555555555555555;88065;2615775.54249608;0.2071944219011943;3600;0.43301052732064094
Goal_493;89552;3134002.9933712548;0.1111111111111111;88149;2349453.675461342;0.20770280122382231;3600;0.5823463541315481
Goal_494;89552;3134002.9933712548;0.16666666666666666;88002;2505448.6520437305;0.20776541399401516;3600;1.0
Goal_495;89552;3134002.9933712548;0.2222222222222222;90092;2253972.7327416698;0.2345901668975808;3600;1.0
Goal_510;85136;0.0;0.5;85136;5908.8393;0.46703296703296715;0;0.0
Goal_501;85136;0.0;0.0;86201;309913.41532286804;0.3548859621398727;3600;0.30418602638387954
Goal_502;85136;0.0;0.05555555555555555;86219;356583.0071537765;0.34762366461369537;3600;0.3261173313290839
Goal_503;85136;0.0;0.1111111111111111;85169;273153.5466943235;0.3621307790833801;3600;0.36487661135142857
Goal_504;85136;0.0;0.16666666666666666;86867;410170.79853331926;0.33882036155232265;3600;0.41646472694567716
Goal_505;85136;0.0;0.2222222222222222;86261;293020.73156786594;0.3553160076108832;3600;0.45781825000301685
Goal_506;85136;0.0;0.2777777777777778;86178;290814.62358397;0.36026527531812014;3600;0.642227203188243
Goal_507;85136;0.0;0.3333333333333333;88628;306555.0667792319;0.3536704353984429;3600;0.6295196216593439
Goal_518;85136;348222.5548190283;0.38888888888888884;85900;346656.51841431455;0.3888700279788471;134;0.0
Goal_519;85136;348222.5548190283;0.4444444444444444;85988;215759.6930615363;0.4432524682724661;17;0.0
Goal_520;85136;348222.5548190283;0.5;85136;111736.40533694296;0.48451765033723426;0;0.0
Goal_508;85136;0.0;0.38888888888888884;86134;166489.08705620805;0.3888955574373344;3600;0.5293788924803478
Goal_509;85136;0.0;0.4444444444444444;85459;29255.627680959013;0.44444587444294065;3600;0.17439119562477895
Goal_511;85136;348222.5548190283;0.0;86731;362633.1860174151;0.3474732557493465;3600;0.3932095981522497
Goal_512;85136;348222.5548190283;0.05555555555555555;86207;358321.031928833;0.3474851127243864;3600;0.46078989936030706
Goal_513;85136;348222.5548190283;0.1111111111111111;86437;392622.69843725144;0.3396793006670109;3600;0.44415552666746766
Goal_514;85136;348222.5548190283;0.16666666666666666;87621;402398.0322953359;0.339050119858031;3600;0.6725502352537819
Goal_515;85136;348222.5548190283;0.2222222222222222;88217;372708.64132920286;0.34556423265646125;3600;1.0
Goal_528;85136;696445.1096380566;0.38888888888888884;85184;638138.2926137663;0.38770053133691645;241;0.0
Goal_529;85136;696445.1096380566;0.4444444444444444;87098;665862.209743993;0.4444153888194933;3;0.0
Goal_530;85136;696445.1096380566;0.5;85136;111736.40533694296;0.48451765033723426;0;0.0
Goal_516;85136;348222.5548190283;0.2777777777777778;91587;370414.32227447146;0.3435368322242926;3600;1.0
Goal_517;85136;348222.5548190283;0.3333333333333333;88152;362979.2941390732;0.3410286098994995;3600;1.0
Goal_527;85136;696445.1096380566;0.3333333333333333;85186;696330.2461332923;0.3262950001163343;1408;0.0
Goal_521;85136;696445.1096380566;0.0;85136;705117.246943524;0.30530254648192245;3600;0.45548239024585574
Goal_522;85136;696445.1096380566;0.05555555555555555;85866;696305.3795870286;0.30205235055854285;3600;0.45266508938042194
Goal_523;85136;696445.1096380566;0.1111111111111111;85136;721853.848242855;0.3044480613881634;3600;0.7243601545261419
Goal_524;85136;696445.1096380566;0.16666666666666666;85386;696702.5026722241;0.30039256790651186;3600;1.0
Goal_538;85136;1044667.6644570848;0.38888888888888884;86303;863261.5251310867;0.3860364977887439;60;0.0
Goal_539;85136;1044667.6644570848;0.4444444444444444;85184;326223.64855480834;0.4441146631085802;2;0.0
Goal_540;85136;1044667.6644570848;0.5;85136;120901.3487;0.48426332108572206;0;0.0
Goal_537;85136;1044667.6644570848;0.3333333333333333;87786;1020914.8377584639;0.32562066676794327;453;0.0
Goal_525;85136;696445.1096380566;0.2222222222222222;85159;683739.2036700203;0.31110972808224324;3600;1.0
Goal_526;85136;696445.1096380566;0.2777777777777778;85209;690449.966865603;0.33750759683030324;3600;1.0
Goal_531;85136;1044667.6644570848;0.0;85447;1044337.4044252576;0.27896355621489344;3600;0.5177167904415548
Goal_532;85136;1044667.6644570848;0.05555555555555555;85136;1067145.0612732684;0.2703452667343929;3600;0.6304358873984495
Goal_546;85136;1392890.2192761132;0.2777777777777778;85300;1391962.835046616;0.27775133454261824;216;0.0
Goal_533;85136;1044667.6644570848;0.1111111111111111;84752;1044942.6648091613;0.2717529348619422;3600;0.8064807868812875
Goal_548;85136;1392890.2192761132;0.38888888888888884;85136;853660.9682026418;0.3786276342440265;3;0.0
Goal_549;85136;1392890.2192761132;0.4444444444444444;85360;446079.33995420247;0.44120383332381036;2;0.0
Goal_550;85136;1392890.2192761132;0.5;85136;111736.40533694296;0.48451765033723426;0;0.0
Goal_547;85136;1392890.2192761132;0.3333333333333333;86411;1020162.4634563869;0.33301506400771264;171;0.0
Goal_534;85136;1044667.6644570848;0.16666666666666666;85011;1044662.8806211877;0.27564705114095417;3600;1.0
Goal_535;85136;1044667.6644570848;0.2222222222222222;86978;1029286.1675943033;0.28140932942700825;3600;1.0
Goal_536;85136;1044667.6644570848;0.2777777777777778;85371;1044445.8591436336;0.297859356316888;3600;1.0
Goal_541;85136;1392890.2192761132;0.0;85627;1388598.2522974245;0.24602761002402418;3600;0.5199754020507527
Goal_542;85136;1392890.2192761132;0.05555555555555555;84659;1392722.8079309987;0.24811675023627516;3600;0.5453278001970364
Goal_557;85136;1741112.7740951416;0.3333333333333333;85136;1615080.4774057954;0.3115119104480953;15;0.0
Goal_558;85136;1741112.7740951416;0.38888888888888884;87853;1267515.3027601684;0.3871835183042654;19;0.0
Goal_559;85136;1741112.7740951416;0.4444444444444444;85203;1316474.4386785065;0.4425238687693528;4;0.0
Goal_560;85136;1741112.7740951416;0.5;85136;111736.40533694296;0.48451765033723426;0;0.0
Goal_543;85136;1392890.2192761132;0.1111111111111111;84576;1392922.330525644;0.24562890063000617;3600;0.9551833300686648
Goal_544;85136;1392890.2192761132;0.16666666666666666;85760;1392398.3997584393;0.25919557568151524;3600;1.0
Goal_545;85136;1392890.2192761132;0.2222222222222222;85136;1395557.2860637659;0.2629022479310819;3600;1.0
Goal_556;85136;1741112.7740951416;0.2777777777777778;85283;1711752.0454752417;0.2774707444571131;1792;0.0
Goal_551;85136;1741112.7740951416;0.0;84943;1739540.3116408037;0.21430832934442137;3600;0.3205893425312163
Goal_552;85136;1741112.7740951416;0.05555555555555555;84082;1740848.4700317448;0.2224934498716606;3600;0.665663371305657
Goal_566;85136;2089335.3289141697;0.2777777777777778;85713;1851160.4075673167;0.2751937186246739;141;0.0
Goal_568;85136;2089335.3289141697;0.38888888888888884;85258;1706568.7728732321;0.37779647634065633;14;0.0
Goal_567;85136;2089335.3289141697;0.3333333333333333;85267;1216395.1932808897;0.3325959030821676;55;0.0
Goal_570;85136;2089335.3289141697;0.5;85136;111736.40533694296;0.48451765033723426;0;0.0
Goal_569;85136;2089335.3289141697;0.4444444444444444;86113;1567198.3575212928;0.44395258030445256;3;0.0
Goal_553;85136;1741112.7740951416;0.1111111111111111;84706;1745375.8941486995;0.2159541368817662;3600;0.7053017938281582
Goal_554;85136;1741112.7740951416;0.16666666666666666;85214;1444294.1617564629;0.2578379611182736;3600;1.0
Goal_555;85136;1741112.7740951416;0.2222222222222222;85136;1739792.1539951586;0.2658374115642837;3600;1.0
Goal_561;85136;2089335.3289141697;0.0;85137;2076370.379597552;0.20748816601534717;3600;0.3619574175071454
Goal_576;85136;2437557.883733198;0.2777777777777778;85835;1918739.677359695;0.2764520487359081;17;0.0
Goal_577;85136;2437557.883733198;0.3333333333333333;85137;1810689.6175503996;0.33291904654547866;48;0.0
Goal_578;85136;2437557.883733198;0.38888888888888884;86149;869491.8233161297;0.38391687303822336;17;0.0
Goal_579;85136;2437557.883733198;0.4444444444444444;85136;1212417.075979875;0.4418004253702798;2;0.0
Goal_580;85136;2437557.883733198;0.5;85136;111736.40533694296;0.48451765033723426;0;0.0
Goal_562;85136;2089335.3289141697;0.05555555555555555;85069;2083517.0967451257;0.2080479151405086;3600;0.375651791063087
Goal_563;85136;2089335.3289141697;0.1111111111111111;85263;2080582.5335011343;0.20861128260912656;3600;0.5841302631672328
Goal_564;85136;2089335.3289141697;0.16666666666666666;85136;1910803.2740481647;0.21356298899387224;3600;1.0
Goal_565;85136;2089335.3289141697;0.2222222222222222;85228;1914056.304876141;0.24397647871777764;3600;1.0
Goal_571;85136;2437557.883733198;0.0;85429;2302645.4521040497;0.2034628107294542;3600;0.27684979728471326
Goal_572;85136;2437557.883733198;0.05555555555555555;85126;2241734.4912971044;0.20341173691583192;3600;0.17545850694299678
Goal_587;85136;2785780.4385522264;0.3333333333333333;85157;1940540.8846808528;0.33276955858372853;18;0.0
Goal_573;85136;2437557.883733198;0.1111111111111111;85253;2259876.3151228055;0.20323787441230703;3600;0.5253871113083639
Goal_589;85136;2785780.4385522264;0.4444444444444444;85607;759835.5007537552;0.4432649995733601;4;0.0
Goal_590;85136;2785780.4385522264;0.5;85136;111736.40533694296;0.48451765033723426;0;0.0
Goal_588;85136;2785780.4385522264;0.38888888888888884;85149;1281521.2720323217;0.38888842166155496;6;0.0
Goal_574;85136;2437557.883733198;0.16666666666666666;85137;2367127.336218655;0.20640438342140113;3600;1.0
Goal_586;85136;2785780.4385522264;0.2777777777777778;85339;2135265.8644384616;0.2738042208888299;125;0.0
Goal_575;85136;2437557.883733198;0.2222222222222222;85177;1914802.0037166164;0.24841242968138633;3600;1.0
Goal_581;85136;2785780.4385522264;0.0;85132;2459220.172494815;0.20408247286315934;3600;0.2128555067648862
Goal_596;85136;3134002.9933712548;0.2777777777777778;87087;2171088.8910074;0.2610680896540827;18;0.0
Goal_597;85136;3134002.9933712548;0.3333333333333333;85136;1537563.1589277512;0.33332638637282025;19;0.0
Goal_598;85136;3134002.9933712548;0.38888888888888884;85365;1976501.6227606637;0.36273989298822273;14;0.0
Goal_599;85136;3134002.9933712548;0.4444444444444444;86731;751914.6769829713;0.44441515914752133;2;0.0
Goal_600;85136;3134002.9933712548;0.5;85136;111736.40533694296;0.48451765033723426;0;0.0
Goal_582;85136;2785780.4385522264;0.05555555555555555;85269;2429079.2188806254;0.20516946612699158;3600;0.3692500090162338
Goal_583;85136;2785780.4385522264;0.1111111111111111;85198;2483799.0315518025;0.2063462013980509;3600;0.5581509085474703
Goal_584;85136;2785780.4385522264;0.16666666666666666;85136;2437296.462434512;0.2023249669071564;3600;1.0
Goal_585;85136;2785780.4385522264;0.2222222222222222;85272;2286520.9556452143;0.2505737276824149;3600;1.0
Goal_592;85136;3134002.9933712548;0.05555555555555555;85795;2372884.6754481923;0.20374635704882768;3600;0.29408495878734475
Goal_591;85136;3134002.9933712548;0.0;85136;2531606.182079303;0.20140484267504266;3600;0.10684509613742704
Goal_593;85136;3134002.9933712548;0.1111111111111111;85250;2480373.8188069765;0.20811637772657807;3600;0.5635990706128166
Goal_594;85136;3134002.9933712548;0.16666666666666666;85787;2452029.9676922243;0.20555409113746223;3600;1.0
Goal_609;80721;0.0;0.4444444444444444;80793;0.0;0.4435600997950304;49;0.0
Goal_610;80721;0.0;0.5;80983;0.0;0.46153846153846145;0;0.0
Goal_595;85136;3134002.9933712548;0.2222222222222222;85144;1653624.2896788223;0.24135507949954407;3600;1.0
Goal_601;80721;0.0;0.0;81679;362948.89466007415;0.3361911757238652;3600;0.3301175557287869
Goal_602;80721;0.0;0.05555555555555555;80722;418868.8146680517;0.3282590412884588;3600;0.3965908283362333
Goal_603;80721;0.0;0.1111111111111111;80721;167971.64595467577;0.3716718020723712;3600;0.38850999690017607
Goal_604;80721;0.0;0.16666666666666666;80848;335060.2427551365;0.34591601112617537;3600;0.4508689221740057
Goal_605;80721;0.0;0.2222222222222222;80866;360928.31579733273;0.34549242705857813;3600;0.6823236211428562
Goal_606;80721;0.0;0.2777777777777778;81486;318172.32171221013;0.3442160545288146;3600;0.7775064449842077
Goal_607;80721;0.0;0.3333333333333333;80852;166789.92289644675;0.3710574122272209;3600;0.8463317626513175
Goal_608;80721;0.0;0.38888888888888884;81131;105535.93366838497;0.3897953698105498;3600;0.9209814134481342
Goal_620;80721;348222.5548190283;0.5;80829;169099.7018;0.469088881448095;0;0.0
Goal_619;80721;348222.5548190283;0.4444444444444444;80721;68117.01740000001;0.4414344896160901;1;0.0
Goal_618;80721;348222.5548190283;0.38888888888888884;81768;344567.5077892019;0.38822297371516645;55;0.0
Goal_611;80721;348222.5548190283;0.0;81919;365390.0517309806;0.3395948205528091;3600;0.4808095522657726
Goal_612;80721;348222.5548190283;0.05555555555555555;82034;348220.17462743225;0.3415340143420616;3600;0.4774547628925321
Goal_613;80721;348222.5548190283;0.1111111111111111;81469;395957.86799016804;0.3368335832870215;3600;0.7126908289904481
Goal_614;80721;348222.5548190283;0.16666666666666666;80721;403324.2210600319;0.33188681864434155;3600;0.7867961463723405
Goal_615;80721;348222.5548190283;0.2222222222222222;81570;362081.13389565825;0.34328335918701586;3600;1.0
Goal_628;80721;696445.1096380566;0.38888888888888884;80829;696443.1616536592;0.38888731608814875;18;0.0
Goal_629;80721;696445.1096380566;0.4444444444444444;84201;610430.7096072632;0.44369597739907457;2;0.0
Goal_630;80721;696445.1096380566;0.5;83038;0.0;0.469088881448095;0;0.0
Goal_616;80721;348222.5548190283;0.2777777777777778;81524;357672.06481484283;0.34133071075014637;3600;1.0
Goal_627;80721;696445.1096380566;0.3333333333333333;81022;696127.3623634083;0.33139868269374095;1315;0.0
Goal_617;80721;348222.5548190283;0.3333333333333333;83545;349203.0525778556;0.3509843806325595;3600;1.0
Goal_621;80721;696445.1096380566;0.0;80721;708636.4449291101;0.2916410972827586;3600;0.4830244342801949
Goal_622;80721;696445.1096380566;0.05555555555555555;80761;707921.699106509;0.2919743033854893;3600;0.6037869712171013
Goal_623;80721;696445.1096380566;0.1111111111111111;80734;698289.2344792231;0.29541095586174737;3600;0.7519994263804376
Goal_624;80721;696445.1096380566;0.16666666666666666;80721;707871.634531837;0.29802879263416227;3600;1.0
Goal_638;80721;1044667.6644570848;0.38888888888888884;80721;1043120.9296313942;0.38454009027454295;2;0.0
Goal_639;80721;1044667.6644570848;0.4444444444444444;83640;277102.4119552097;0.4442510674568238;4;0.0
Goal_640;80721;1044667.6644570848;0.5;83038;0.0;0.469088881448095;0;0.0
Goal_625;80721;696445.1096380566;0.2222222222222222;81688;696267.325549278;0.3031502814371349;3600;1.0
Goal_637;80721;1044667.6644570848;0.3333333333333333;80812;839502.3548093342;0.33332762626166673;832;0.0
Goal_626;80721;696445.1096380566;0.2777777777777778;81108;696439.8309421676;0.3110440397961907;3600;1.0
Goal_631;80721;1044667.6644570848;0.0;82210;1043744.6945656063;0.2705794855997541;3600;0.5591111730053727
Goal_632;80721;1044667.6644570848;0.05555555555555555;81131;1004898.4926958996;0.27102867884413395;3600;0.5682943659614121
Goal_633;80721;1044667.6644570848;0.1111111111111111;81996;1043466.7061403996;0.2768066883383025;3600;0.8326194287029421
Goal_647;80721;1392890.2192761132;0.3333333333333333;83075;1217071.2532674829;0.3332132538583219;14;0.0
Goal_646;80721;1392890.2192761132;0.2777777777777778;84459;1314423.0114513943;0.2773340595994514;144;0.0
Goal_649;80721;1392890.2192761132;0.4444444444444444;81019;180074.332;0.4429140007105052;7;0.0
Goal_650;80721;1392890.2192761132;0.5;83038;0.0;0.469088881448095;0;0.0
Goal_648;80721;1392890.2192761132;0.38888888888888884;84250;1262726.805647905;0.38450312551700494;20;0.0
Goal_634;80721;1044667.6644570848;0.16666666666666666;80724;1042854.4074383895;0.27136752125129115;3600;1.0
Goal_636;80721;1044667.6644570848;0.2777777777777778;82722;1044665.4309814665;0.28564031377173876;3600;1.0
Goal_652;80721;1741112.7740951416;0.05555555555555555;81164;1724495.945371697;0.21280213318003588;3600;0.434583418971743
Goal_651;80721;1741112.7740951416;0.0;80768;1700289.7032899323;0.21620304904348003;3600;0.43925370859626167
Goal_653;80721;1741112.7740951416;0.1111111111111111;82358;1736757.2906221696;0.21484512555168497;3600;0.8971692774213478
Goal_635;80721;1044667.6644570848;0.2222222222222222;80721;1044287.3934822548;0.2696204610178295;3600;1.0
Goal_644;80721;1392890.2192761132;0.16666666666666666;79619;1392480.1486671693;0.23014920979480008;3600;1.0
Goal_641;80721;1392890.2192761132;0.0;81482;1392890.2125732799;0.24519305513931594;3600;0.5775858838597069
Goal_643;80721;1392890.2192761132;0.1111111111111111;80166;1393144.132200023;0.2254130596783872;3600;0.9937430211564087
Goal_642;80721;1392890.2192761132;0.05555555555555555;82553;1391381.6199792968;0.24703243020781712;3600;0.6362027640082509
Goal_645;80721;1392890.2192761132;0.2222222222222222;80772;1384532.560039239;0.24359905600252835;3600;1.0
Goal_660;80721;1741112.7740951416;0.5;83038;0.0;0.469088881448095;0;0.0
Goal_659;80721;1741112.7740951416;0.4444444444444444;81181;523606.890121439;0.4435381206797049;1;0.0
Goal_658;80721;1741112.7740951416;0.38888888888888884;80721;1121985.260876436;0.3854843725777609;11;0.0
Goal_657;80721;1741112.7740951416;0.3333333333333333;80721;1694133.3140754073;0.332712372941128;13;0.0
Goal_667;80721;2089335.3289141697;0.3333333333333333;80726;1346981.4036028134;0.33329765720363486;47;0.0
Goal_668;80721;2089335.3289141697;0.38888888888888884;81815;1332995.8225146665;0.38887551032168355;22;0.0
Goal_669;80721;2089335.3289141697;0.4444444444444444;82927;62541.79549709433;0.44421802376607994;1;0.0
Goal_670;80721;2089335.3289141697;0.5;83038;0.0;0.469088881448095;0;0.0
Goal_656;80721;1741112.7740951416;0.2777777777777778;83718;1603117.1467000234;0.2776449333812129;155;0.0
Goal_665;80721;2089335.3289141697;0.2222222222222222;82475;1655171.0057923906;0.21824217754973121;314;0.0
Goal_666;80721;2089335.3289141697;0.2777777777777778;82214;1227889.1036283327;0.2777678836509574;712;0.0
Goal_655;80721;1741112.7740951416;0.2222222222222222;80726;1545521.6021933225;0.22357078867657534;3600;1.0
Goal_661;80721;2089335.3289141697;0.0;80725;2051401.1733449537;0.18624568848669337;3600;0.13116833203421646
Goal_662;80721;2089335.3289141697;0.05555555555555555;80721;2019872.622688701;0.18659537714092164;3600;0.13167069148706687
Goal_654;80721;1741112.7740951416;0.16666666666666666;80859;1696749.2675076004;0.21785504724723745;3600;1.0
Goal_663;80721;2089335.3289141697;0.1111111111111111;80721;2086453.4198542119;0.18604544623902894;3600;1.0
Goal_664;80721;2089335.3289141697;0.16666666666666666;80770;1957815.0404529723;0.18696774792814094;3600;1.0
Goal_680;80721;2437557.883733198;0.5;83038;0.0;0.469088881448095;0;0.0
Goal_679;80721;2437557.883733198;0.4444444444444444;80721;793627.9208858751;0.44425165336347394;2;0.0
Goal_678;80721;2437557.883733198;0.38888888888888884;81001;1820028.6794072469;0.3849164180481078;24;0.0
Goal_671;80721;2437557.883733198;0.0;80721;2261397.1272392324;0.1751838199896705;3600;0.0878980360767545
Goal_672;80721;2437557.883733198;0.05555555555555555;80721;2307653.5691812257;0.17434739331844537;3600;0.09991379774827798
Goal_677;80721;2437557.883733198;0.3333333333333333;87078;1216499.2302675263;0.333328363830899;229;0.0
Goal_686;80721;2785780.4385522264;0.2777777777777778;80739;1707104.9686215739;0.27467889415675584;57;0.0
Goal_673;80721;2437557.883733198;0.1111111111111111;80626;2237459.460930991;0.17716491718694838;3600;0.8986639670077682
Goal_688;80721;2785780.4385522264;0.38888888888888884;80739;1842711.0095746862;0.38888704127257656;22;0.0
Goal_689;80721;2785780.4385522264;0.4444444444444444;80721;793627.9208858751;0.44425165336347394;2;0.0
Goal_690;80721;2785780.4385522264;0.5;83038;0.0;0.469088881448095;0;0.0
Goal_674;80721;2437557.883733198;0.16666666666666666;81060;2271309.827230732;0.17686411170771982;3600;1.0
Goal_687;80721;2785780.4385522264;0.3333333333333333;81543;1979964.6534313725;0.3306688708654173;643;0.0
Goal_676;80721;2437557.883733198;0.2777777777777778;81942;1777870.1173505902;0.2729996477013167;1461;0.0
Goal_675;80721;2437557.883733198;0.2222222222222222;80769;1672545.8941717446;0.24803553364300746;3600;1.0
Goal_681;80721;2785780.4385522264;0.0;80721;2295754.708712913;0.17497605981275982;3600;0.10887763398304458
Goal_682;80721;2785780.4385522264;0.05555555555555555;80708;2312704.742321211;0.1757200918574641;3600;0.11108649786955584
Goal_683;80721;2785780.4385522264;0.1111111111111111;80721;2283988.931493163;0.1789628883351638;3600;0.5107194638675989
Goal_697;80721;3134002.9933712548;0.3333333333333333;80873;1187285.6006600878;0.3322088486928494;24;0.0
Goal_699;80721;3134002.9933712548;0.4444444444444444;80721;754297.5257115859;0.4439672725839021;2;0.0
Goal_700;80721;3134002.9933712548;0.5;83038;0.0;0.469088881448095;0;0.0
Goal_698;80721;3134002.9933712548;0.38888888888888884;88201;1482214.4521094793;0.3886472731845793;11;0.0
Goal_696;80721;3134002.9933712548;0.2777777777777778;83845;2356837.7976974626;0.2777788279369724;56;0.0
Goal_684;80721;2785780.4385522264;0.16666666666666666;81373;2089856.8829357636;0.21482503658084307;3600;1.0
Goal_685;80721;2785780.4385522264;0.2222222222222222;80722;1284081.1625064467;0.2579621426470071;3600;1.0
Goal_691;80721;3134002.9933712548;0.0;80721;2388383.5003045476;0.17492987143332797;3600;0.07235705338506684
Goal_692;80721;3134002.9933712548;0.05555555555555555;80721;2395554.764518045;0.17516053583437458;3600;0.10460805917063196
Goal_693;80721;3134002.9933712548;0.1111111111111111;80721;2331473.7843852714;0.17598446274632049;3600;0.35820059287774086
Goal_694;80721;3134002.9933712548;0.16666666666666666;80724;2393204.1411738168;0.17559271677116092;3600;1.0
Goal_709;76305;0.0;0.4444444444444444;76320;0.0;0.4330127018922193;0;0.0
Goal_710;76305;0.0;0.5;76320;0.0;0.4330127018922193;0;0.0
Goal_695;80721;3134002.9933712548;0.2222222222222222;80722;1514476.5988225406;0.2643718587164716;3600;1.0
Goal_701;76305;0.0;0.0;76518;117335.15414742247;0.3588874557654493;3600;0.3321823466905702
Goal_702;76305;0.0;0.05555555555555555;76305;110186.82364051892;0.35800169900696266;3600;0.34651380995343445
Goal_703;76305;0.0;0.1111111111111111;76309;168592.0595266338;0.35081131644560565;3600;0.36768498664628835
Goal_704;76305;0.0;0.16666666666666666;75282;157294.90195681123;0.3541021526874097;3600;0.47767015869438684
Goal_705;76305;0.0;0.2222222222222222;76306;105469.05401750708;0.35948272896409994;3600;0.5859148365452133
Goal_706;76305;0.0;0.2777777777777778;75497;131526.11635029258;0.3536967440006142;3600;0.7833168669277483
Goal_718;76305;348222.5548190283;0.38888888888888884;76323;152702.03824761134;0.38841962640204;10;0.0
Goal_719;76305;348222.5548190283;0.4444444444444444;76320;0.0;0.4330127018922193;0;0.0
Goal_720;76305;348222.5548190283;0.5;81143;13113.869589811753;0.47574295680203776;0;0.0
Goal_707;76305;0.0;0.3333333333333333;76332;115956.82647768757;0.35610858660970274;3600;0.9039171784248631
Goal_708;76305;0.0;0.38888888888888884;76305;27453.167699999998;0.3888854734606515;3600;1.0
Goal_711;76305;348222.5548190283;0.0;76332;369511.46325339255;0.33314675889547096;3600;0.5029992722144456
Goal_712;76305;348222.5548190283;0.05555555555555555;76353;466102.28852927196;0.3150536330731833;3600;0.49139671274232016
Goal_713;76305;348222.5548190283;0.1111111111111111;76306;422091.3675078083;0.3260499099581539;3600;0.6434774817454381
Goal_714;76305;348222.5548190283;0.16666666666666666;76942;361063.7831650793;0.3315753441273941;3600;0.8480005875518406
Goal_715;76305;348222.5548190283;0.2222222222222222;76305;378549.87636345375;0.3309969303629132;3600;1.0
Goal_728;76305;696445.1096380566;0.38888888888888884;76702;329940.0051000001;0.38887153244290534;16;0.0
Goal_729;76305;696445.1096380566;0.4444444444444444;76320;0.0;0.4330127018922193;0;0.0
Goal_730;76305;696445.1096380566;0.5;76320;0.0;0.4330127018922193;0;0.0
Goal_716;76305;348222.5548190283;0.2777777777777778;77518;387754.48324027145;0.3327046008722268;3600;1.0
Goal_717;76305;348222.5548190283;0.3333333333333333;77308;357548.5752962869;0.35412839029345455;3600;1.0
Goal_721;76305;696445.1096380566;0.0;77310;701066.325484435;0.2909254031698259;3600;0.5492216807796683
Goal_722;76305;696445.1096380566;0.05555555555555555;77915;696296.1913868061;0.2922071509129124;3600;0.5479504127613231
Goal_723;76305;696445.1096380566;0.1111111111111111;76365;735750.1063259892;0.28513908125489423;3600;0.8220134198269266
Goal_727;76305;696445.1096380566;0.3333333333333333;76310;687758.5317078083;0.3318778829645531;895;0.0
Goal_736;76305;1044667.6644570848;0.2777777777777778;76422;1009261.2712041767;0.2776582060344644;440;0.0
Goal_738;76305;1044667.6644570848;0.38888888888888884;77070;704038.5956032978;0.3868989357727704;25;0.0
Goal_739;76305;1044667.6644570848;0.4444444444444444;76320;0.0;0.4330127018922193;0;0.0
Goal_740;76305;1044667.6644570848;0.5;76320;0.0;0.4330127018922193;0;0.0
Goal_724;76305;696445.1096380566;0.16666666666666666;77200;696703.9586068857;0.2899605428191613;3600;1.0
Goal_737;76305;1044667.6644570848;0.3333333333333333;87310;1041307.644707106;0.3333289181962047;2232;0.0
Goal_725;76305;696445.1096380566;0.2222222222222222;78969;696364.3158375021;0.2874165733061045;3600;1.0
Goal_726;76305;696445.1096380566;0.2777777777777778;76306;680475.6505533041;0.30096068397361414;3600;1.0
Goal_731;76305;1044667.6644570848;0.0;77608;1043523.160547036;0.25353594692578174;3600;0.48155193890382686
Goal_732;76305;1044667.6644570848;0.05555555555555555;76422;1044810.8661626339;0.2566511152696931;3600;0.601432536002087
Goal_733;76305;1044667.6644570848;0.1111111111111111;76603;1044686.8481899287;0.25411210597730816;3600;0.9653700308438816
Goal_747;76305;1392890.2192761132;0.3333333333333333;77153;1232983.012294239;0.32405799771703825;72;0.0
Goal_749;76305;1392890.2192761132;0.4444444444444444;76320;0.0;0.4330127018922193;0;0.0
Goal_750;76305;1392890.2192761132;0.5;76320;0.0;0.4330127018922193;0;0.0
Goal_748;76305;1392890.2192761132;0.38888888888888884;76305;922521.8872451456;0.37861045561958956;16;0.0
Goal_734;76305;1044667.6644570848;0.16666666666666666;76931;1048054.6539601819;0.2538487226425852;3600;1.0
Goal_735;76305;1044667.6644570848;0.2222222222222222;80427;1028694.7823824655;0.28404083416672343;3600;1.0
Goal_741;76305;1392890.2192761132;0.0;77141;1381342.9251782382;0.223130730422544;3600;0.5045186453962528
Goal_742;76305;1392890.2192761132;0.05555555555555555;77581;1392912.9139392392;0.22655221534678904;3600;0.5876114378519717
Goal_756;76305;1741112.7740951416;0.2777777777777778;78030;1409836.3153834206;0.2772658826317071;857;0.0
Goal_757;76305;1741112.7740951416;0.3333333333333333;77970;1610338.9804840838;0.33333404002318623;110;0.0
Goal_758;76305;1741112.7740951416;0.38888888888888884;76346;114766.37082705597;0.38724154343475775;19;0.0
Goal_759;76305;1741112.7740951416;0.4444444444444444;76320;0.0;0.4330127018922193;0;0.0
Goal_760;76305;1741112.7740951416;0.5;76320;0.0;0.4330127018922193;0;0.0
Goal_746;76305;1392890.2192761132;0.2777777777777778;76306;1288264.1839957982;0.27776370924540367;2364;0.0
Goal_752;76305;1741112.7740951416;0.05555555555555555;76993;1736493.1091343972;0.18910302764234257;3600;0.30586400623285875
Goal_753;76305;1741112.7740951416;0.1111111111111111;76571;1740198.3848365839;0.1930418422261392;3600;0.5962582673515615
Goal_744;76305;1392890.2192761132;0.16666666666666666;76349;1384087.8256459914;0.22614581641671538;3600;1.0
Goal_745;76305;1392890.2192761132;0.2222222222222222;76529;1377478.0793032474;0.25036071799508786;3600;1.0
Goal_751;76305;1741112.7740951416;0.0;76685;1699807.804735571;0.1852924438977359;3600;0.13313061804963255
Goal_754;76305;1741112.7740951416;0.16666666666666666;78040;1735090.7542478128;0.21655504266782746;3600;1.0
Goal_755;76305;1741112.7740951416;0.2222222222222222;90269;1732009.7477860292;0.27994083502378797;3600;1.0
Goal_743;76305;1392890.2192761132;0.1111111111111111;76514;1392819.3280908102;0.22526777366219533;3600;0.9793480351717184
Goal_769;76305;2089335.3289141697;0.4444444444444444;76320;0.0;0.4330127018922193;0;0.0
Goal_770;76305;2089335.3289141697;0.5;76320;0.0;0.4330127018922193;0;0.0
Goal_767;76305;2089335.3289141697;0.3333333333333333;77824;1358644.0791626282;0.33330756218407875;27;0.0
Goal_768;76305;2089335.3289141697;0.38888888888888884;76376;1707592.4410020497;0.388888321704578;66;0.0
Goal_766;76305;2089335.3289141697;0.2777777777777778;77128;1719144.7626753177;0.2777763570356929;185;0.0
Goal_765;76305;2089335.3289141697;0.2222222222222222;80588;1593201.3906503364;0.22218949649500447;765;0.0
Goal_776;76305;2437557.883733198;0.2777777777777778;78839;1739993.6801893353;0.27777592710632965;112;0.0
Goal_777;76305;2437557.883733198;0.3333333333333333;76368;1324036.0647784802;0.3333245115478997;12;0.0
Goal_778;76305;2437557.883733198;0.38888888888888884;76311;193777.1708882091;0.3888743915888639;18;0.0
Goal_779;76305;2437557.883733198;0.4444444444444444;76320;0.0;0.4330127018922193;0;0.0
Goal_780;76305;2437557.883733198;0.5;76320;0.0;0.4330127018922193;0;0.0
Goal_775;76305;2437557.883733198;0.2222222222222222;77040;1542321.9243955798;0.22219926013404398;775;0.0
Goal_761;76305;2089335.3289141697;0.0;76694;2062639.0716333622;0.17640809988263714;3600;0.16986814582313087
Goal_762;76305;2089335.3289141697;0.05555555555555555;76310;2085668.6830352254;0.17746643925668826;3600;0.2278132073999866
Goal_764;76305;2089335.3289141697;0.16666666666666666;76305;1836754.6945755344;0.18851852626880175;3600;1.0
Goal_763;76305;2089335.3289141697;0.1111111111111111;77183;2089329.1653974873;0.1771551828322696;3600;0.49267191833567314
Goal_772;76305;2437557.883733198;0.05555555555555555;78962;2328185.211317834;0.17730126871650415;3600;0.20995632350157423
Goal_771;76305;2437557.883733198;0.0;78397;2194598.66530258;0.17473199432703823;3600;0.12756450072664513
Goal_788;76305;2785780.4385522264;0.38888888888888884;77392;227073.53962614105;0.38867099757752;17;0.0
Goal_789;76305;2785780.4385522264;0.4444444444444444;76320;0.0;0.4330127018922193;0;0.0
Goal_790;76305;2785780.4385522264;0.5;76320;0.0;0.4330127018922193;0;0.0
Goal_773;76305;2437557.883733198;0.1111111111111111;80892;2306923.18284124;0.176391937226534;3600;0.4362754115571613
Goal_787;76305;2785780.4385522264;0.3333333333333333;76312;1627824.4431066043;0.328958226750058;54;0.0
Goal_774;76305;2437557.883733198;0.16666666666666666;77341;2012963.9262241945;0.17689611994205645;3600;1.0
Goal_785;76305;2785780.4385522264;0.2222222222222222;78926;2132458.922891971;0.22222159813633904;830;0.0
Goal_781;76305;2785780.4385522264;0.0;78544;2216862.979069475;0.17619103603986797;3600;0.18429788590342303
Goal_782;76305;2785780.4385522264;0.05555555555555555;79088;2202434.76676422;0.17454983533329452;3600;0.17690904804523452
Goal_783;76305;2785780.4385522264;0.1111111111111111;76309;2189767.7212979076;0.18221419407711334;3600;0.6815970810891249
Goal_798;76305;3134002.9933712548;0.38888888888888884;77785;856256.6873999999;0.38384321452630377;44;0.0
Goal_799;76305;3134002.9933712548;0.4444444444444444;76320;0.0;0.4330127018922193;0;0.0
Goal_800;76305;3134002.9933712548;0.5;76320;0.0;0.4330127018922193;0;0.0
Goal_796;76305;3134002.9933712548;0.2777777777777778;76305;1994464.718989888;0.2777757199473514;223;0.0
Goal_795;76305;3134002.9933712548;0.2222222222222222;78557;1759347.6822628963;0.2216230354149176;422;0.0
Goal_786;76305;2785780.4385522264;0.2777777777777778;76826;1710695.8621865485;0.27754552289411355;1321;0.0
Goal_797;76305;3134002.9933712548;0.3333333333333333;76477;1087825.0631325662;0.33058788056759913;432;0.0
Goal_784;76305;2785780.4385522264;0.16666666666666666;77257;2008664.3758961647;0.17550098401426814;3600;1.0
Goal_791;76305;3134002.9933712548;0.0;78441;2156725.861319051;0.17344415642649585;3600;0.12282506246410259
Goal_792;76305;3134002.9933712548;0.05555555555555555;77826;2156632.2823332567;0.17534506240113826;3600;0.1502885320961904
Goal_808;71890;0.0;0.38888888888888884;73416;0.0;0.3783137610174234;2;0.0
Goal_809;71890;0.0;0.4444444444444444;74971;0.0;0.4083992419537558;0;0.0
Goal_810;71890;0.0;0.5;74971;0.0;0.4083992419537558;0;0.0
Goal_793;76305;3134002.9933712548;0.1111111111111111;76302;2065036.4313658262;0.18419789676741607;3600;0.8457096471527302
Goal_794;76305;3134002.9933712548;0.16666666666666666;78774;2237482.193320039;0.173298979587137;3600;1.0
Goal_801;71890;0.0;0.0;71892;83497.87429114494;0.34756055781219963;3600;0.31998704694212965
Goal_802;71890;0.0;0.05555555555555555;71216;129162.71650603166;0.3293252522926249;3600;0.3053572858655598
Goal_803;71890;0.0;0.1111111111111111;71208;127943.44307317096;0.3280265482576636;3600;0.3218864516452716
Goal_804;71890;0.0;0.16666666666666666;70600;104653.9076532222;0.32801993201971164;3600;0.33293753978826485
Goal_805;71890;0.0;0.2222222222222222;71892;49554.70082640055;0.34926889031844355;3600;0.6593088546256662
Goal_818;71890;348222.5548190283;0.38888888888888884;71895;183084.99440677045;0.38219202771396316;19;0.0
Goal_819;71890;348222.5548190283;0.4444444444444444;74971;0.0;0.4083992419537558;0;0.0
Goal_820;71890;348222.5548190283;0.5;74971;0.0;0.4083992419537558;0;0.0
Goal_817;71890;348222.5548190283;0.3333333333333333;71982;172468.97879355474;0.33292351570354606;751;0.0
Goal_806;71890;0.0;0.2777777777777778;70565;102642.05870561062;0.3283996430947667;3600;0.8060095143999065
Goal_807;71890;0.0;0.3333333333333333;71890;49470.13688701694;0.34962012369670525;3600;1.0
Goal_811;71890;348222.5548190283;0.0;73322;374301.05514237506;0.3315156057541918;3600;0.6700503040234937
Goal_812;71890;348222.5548190283;0.05555555555555555;71994;540655.7190629506;0.30228673442260234;3600;0.7893711745891345
Goal_813;71890;348222.5548190283;0.1111111111111111;75118;407061.405620186;0.3188557308313745;3600;0.6487245196701091
Goal_827;71890;696445.1096380566;0.3333333333333333;75120;636572.5269281839;0.3279349764012108;361;0.0
Goal_828;71890;696445.1096380566;0.38888888888888884;71892;603347.0826582016;0.3888647791530814;18;0.0
Goal_829;71890;696445.1096380566;0.4444444444444444;74971;0.0;0.4083992419537558;0;0.0
Goal_830;71890;696445.1096380566;0.5;74971;0.0;0.4083992419537558;0;0.0
Goal_814;71890;348222.5548190283;0.16666666666666666;73875;399441.15178018453;0.3191464317668313;3600;0.7776177438071472
Goal_815;71890;348222.5548190283;0.2222222222222222;71897;399181.0683555064;0.33026952365927165;3600;1.0
Goal_816;71890;348222.5548190283;0.2777777777777778;74022;169617.47243256625;0.350341050719411;3600;1.0
Goal_821;71890;696445.1096380566;0.0;72713;705618.0292702771;0.2786481455415472;3600;0.5688820241222305
Goal_822;71890;696445.1096380566;0.05555555555555555;73589;697178.4873252116;0.2825137947333686;3600;0.7606591447907473
Goal_823;71890;696445.1096380566;0.1111111111111111;71922;696488.6148539147;0.28648647086801127;3600;0.8363285232748275
Goal_824;71890;696445.1096380566;0.16666666666666666;73186;696447.1913487201;0.2773744281556379;3600;1.0
Goal_825;71890;696445.1096380566;0.2222222222222222;73192;696442.8458551752;0.276633370715021;3600;1.0
Goal_839;71890;1044667.6644570848;0.4444444444444444;74971;0.0;0.4083992419537558;0;0.0
Goal_838;71890;1044667.6644570848;0.38888888888888884;71955;266643.46695892845;0.3886612479035736;12;0.0
Goal_840;71890;1044667.6644570848;0.5;74971;0.0;0.4083992419537558;0;0.0
Goal_826;71890;696445.1096380566;0.2777777777777778;73943;696402.4522982134;0.29528566397246886;3600;1.0
Goal_831;71890;1044667.6644570848;0.0;72373;1044668.4868652485;0.2361101162210144;3600;0.653503835237166
Goal_832;71890;1044667.6644570848;0.05555555555555555;71890;1047848.789826511;0.23890561518185194;3600;0.5571333864319642
Goal_833;71890;1044667.6644570848;0.1111111111111111;72944;1044672.7702691298;0.25428152095648116;3600;0.799646208151237
Goal_834;71890;1044667.6644570848;0.16666666666666666;72717;1044672.8508466434;0.25799223524150006;3600;1.0
Goal_847;71890;1392890.2192761132;0.3333333333333333;72054;343412.120321724;0.33332141182452735;56;0.0
Goal_848;71890;1392890.2192761132;0.38888888888888884;72170;202247.58905546914;0.38888477949655337;16;0.0
Goal_849;71890;1392890.2192761132;0.4444444444444444;74971;0.0;0.4083992419537558;0;0.0
Goal_850;71890;1392890.2192761132;0.5;74971;0.0;0.4083992419537558;0;0.0
Goal_835;71890;1044667.6644570848;0.2222222222222222;72077;987838.3348556863;0.257637030669732;3600;1.0
Goal_846;71890;1392890.2192761132;0.2777777777777778;71956;1377905.503771886;0.2767592220777299;578;0.0
Goal_836;71890;1044667.6644570848;0.2777777777777778;74177;1041704.7672966665;0.2875719500085946;3600;1.0
Goal_837;71890;1044667.6644570848;0.3333333333333333;73421;166745.43270506748;0.3526470412591338;3600;1.0
Goal_841;71890;1392890.2192761132;0.0;71958;1360921.985415083;0.20226220016746355;3600;0.46008798833978354
Goal_842;71890;1392890.2192761132;0.05555555555555555;71890;1392861.6557485904;0.2005185383635012;3600;0.5564773665866475
Goal_843;71890;1392890.2192761132;0.1111111111111111;72164;1392937.0571426153;0.2032634792062819;3600;0.918228867972126
Goal_858;71890;1741112.7740951416;0.38888888888888884;71916;116978.14992242448;0.3844376605448968;3;0.0
Goal_859;71890;1741112.7740951416;0.4444444444444444;74971;0.0;0.4083992419537558;0;0.0
Goal_860;71890;1741112.7740951416;0.5;74971;0.0;0.4083992419537558;0;0.0
Goal_856;71890;1741112.7740951416;0.2777777777777778;80201;1734623.4866269329;0.2671604887104019;186;0.0
Goal_844;71890;1392890.2192761132;0.16666666666666666;71891;1391202.7089646943;0.20499626675307314;3600;1.0
Goal_845;71890;1392890.2192761132;0.2222222222222222;73023;1379360.2796469992;0.2298061328590149;3600;1.0
Goal_851;71890;1741112.7740951416;0.0;73133;1741105.6435271115;0.18533960703430893;3600;0.2586891637317037
Goal_852;71890;1741112.7740951416;0.05555555555555555;73958;1741147.4193062175;0.18892509610946337;3600;0.36862292950307074
Goal_866;71890;2089335.3289141697;0.2777777777777778;73063;1407206.849736801;0.27777849268933236;52;0.0
Goal_867;71890;2089335.3289141697;0.3333333333333333;71890;338784.7435866312;0.33330093685963114;132;0.0
Goal_868;71890;2089335.3289141697;0.38888888888888884;72005;194036.91049639048;0.38887798563194625;2;0.0
Goal_869;71890;2089335.3289141697;0.4444444444444444;74971;0.0;0.4083992419537558;0;0.0
Goal_870;71890;2089335.3289141697;0.5;74971;0.0;0.4083992419537558;0;0.0
Goal_853;71890;1741112.7740951416;0.1111111111111111;72680;1699757.580272867;0.19888979968274173;3600;0.9764951243127289
Goal_854;71890;1741112.7740951416;0.16666666666666666;71891;1474916.3283869268;0.22687484515522868;3600;1.0
Goal_855;71890;1741112.7740951416;0.2222222222222222;79121;1624988.539864694;0.23585313003196962;3600;1.0
Goal_865;71890;2089335.3289141697;0.2222222222222222;78656;2027604.6891290576;0.22190732764012996;1671;0.0
Goal_857;71890;1741112.7740951416;0.3333333333333333;71179;163572.25884495527;0.33489869778678993;3600;1.0
Goal_861;71890;2089335.3289141697;0.0;77373;2089331.6855682742;0.17737731405762536;3600;0.16646762875366652
Goal_862;71890;2089335.3289141697;0.05555555555555555;77603;2084004.6363371185;0.17748818589113496;3600;0.36786119033971093
Goal_878;71890;2437557.883733198;0.38888888888888884;73152;88740.06521354786;0.38887919265543225;2;0.0
Goal_879;71890;2437557.883733198;0.4444444444444444;74971;0.0;0.4083992419537558;0;0.0
Goal_880;71890;2437557.883733198;0.5;74971;0.0;0.4083992419537558;0;0.0
Goal_863;71890;2089335.3289141697;0.1111111111111111;73393;1619624.4231857292;0.22430256973702;3600;1.0
Goal_864;71890;2089335.3289141697;0.16666666666666666;71920;1987786.7230168507;0.18846008914056658;3600;1.0
Goal_875;71890;2437557.883733198;0.2222222222222222;72710;1739561.707250731;0.22220511438370388;2133;0.0
Goal_871;71890;2437557.883733198;0.0;74434;2039172.4662201134;0.18375817470978445;3600;0.6894491133152042
Goal_876;71890;2437557.883733198;0.2777777777777778;83246;1771694.6590723628;0.27756377147488687;1641;0.0
Goal_872;71890;2437557.883733198;0.05555555555555555;78562;2183283.059214762;0.17580740831372135;3600;0.27534108735983903
Goal_887;71890;2785780.4385522264;0.3333333333333333;71890;361312.60643812007;0.33332248701374223;98;0.0
Goal_888;71890;2785780.4385522264;0.38888888888888884;73152;88740.06521354786;0.38887919265543225;2;0.0
Goal_889;71890;2785780.4385522264;0.4444444444444444;74971;0.0;0.4083992419537558;0;0.0
Goal_890;71890;2785780.4385522264;0.5;74971;0.0;0.4083992419537558;0;0.0
Goal_885;71890;2785780.4385522264;0.2222222222222222;79625;1919399.4171203924;0.22155840227910656;336;0.0
Goal_873;71890;2437557.883733198;0.1111111111111111;80856;2340020.5969329705;0.17520430519208927;3600;0.4706206157270403
Goal_874;71890;2437557.883733198;0.16666666666666666;73726;2098569.5321152518;0.18018516271084278;3600;1.0
Goal_877;71890;2437557.883733198;0.3333333333333333;71858;329996.3961392283;0.34298149840441783;3600;1.0
Goal_881;71890;2785780.4385522264;0.0;77396;2160968.18288156;0.17862625593484766;3600;0.5082410083958941
Goal_882;71890;2785780.4385522264;0.05555555555555555;77790;2167213.5967961946;0.17831072771544504;3600;0.33777325655308593
Goal_897;71890;3134002.9933712548;0.3333333333333333;72081;172556.7849291931;0.3333337480023071;55;0.0
Goal_898;71890;3134002.9933712548;0.38888888888888884;73152;88740.06521354786;0.38887919265543225;2;0.0
Goal_899;71890;3134002.9933712548;0.4444444444444444;74971;0.0;0.4083992419537558;0;0.0
Goal_900;71890;3134002.9933712548;0.5;74971;0.0;0.4083992419537558;0;0.0
Goal_896;71890;3134002.9933712548;0.2777777777777778;73808;1118647.0673566423;0.2775867187356973;670;0.0
Goal_883;71890;2785780.4385522264;0.1111111111111111;76533;2242975.956682192;0.18250486388404885;3600;0.6374268768680921
Goal_884;71890;2785780.4385522264;0.16666666666666666;71891;1956172.0813253266;0.1888465256387611;3600;1.0
Goal_886;71890;2785780.4385522264;0.2777777777777778;71890;1298581.4937564738;0.279536942710371;3600;1.0
Goal_891;71890;3134002.9933712548;0.0;80778;2352469.391368226;0.17651972797576834;3600;0.43999340493113437
Goal_892;71890;3134002.9933712548;0.05555555555555555;80598;2305888.201881318;0.17590527399587694;3600;0.3118567366366331
Goal_893;71890;3134002.9933712548;0.1111111111111111;79473;2303141.8026431813;0.17482102465998442;3600;0.3122002479780102
Goal_908;67475;0.0;0.38888888888888884;69821;0.0;0.3783137610174234;0;0.0
Goal_909;67475;0.0;0.4444444444444444;69821;0.0;0.3783137610174234;0;0.0
Goal_910;67475;0.0;0.5;69821;0.0;0.3783137610174234;0;0.0
Goal_894;71890;3134002.9933712548;0.16666666666666666;74553;2103790.3675918323;0.18131183759808853;3600;1.0
Goal_895;71890;3134002.9933712548;0.2222222222222222;77971;1807867.4865000413;0.2249705201349024;3600;1.0
Goal_901;67475;0.0;0.0;67475;72387.70382467438;0.3238185975623913;3600;0.22802060831263127
Goal_902;67475;0.0;0.05555555555555555;67104;112123.19921152713;0.31005466100725915;3600;0.28611321525475525
Goal_903;67475;0.0;0.1111111111111111;66727;96729.99010586327;0.31048340572760447;3600;0.23770606455435614
Goal_904;67475;0.0;0.16666666666666666;67217;59109.51575423937;0.3216567062390637;3600;0.47404640758683225
Goal_917;67475;348222.5548190283;0.3333333333333333;68016;128718.15992704612;0.3331015523881724;9;0.0
Goal_918;67475;348222.5548190283;0.38888888888888884;69821;0.0;0.3783137610174234;0;0.0
Goal_919;67475;348222.5548190283;0.4444444444444444;69821;0.0;0.3783137610174234;0;0.0
Goal_920;67475;348222.5548190283;0.5;69821;0.0;0.3783137610174234;0;0.0
Goal_905;67475;0.0;0.2222222222222222;66451;83339.1652016885;0.31083897525803905;3600;0.3604765220366103
Goal_906;67475;0.0;0.2777777777777778;66432;80454.36443608855;0.3119780549398493;3600;1.0
Goal_907;67475;0.0;0.3333333333333333;67779;19816.404658797896;0.3353752505988441;3600;1.0
Goal_911;67475;348222.5548190283;0.0;67476;319797.1593405789;0.3068046292913495;3600;0.45003389173563424
Goal_912;67475;348222.5548190283;0.05555555555555555;67870;520914.62557643384;0.2969240510374633;3600;0.7596633283823495
Goal_913;67475;348222.5548190283;0.1111111111111111;68124;425422.7423712792;0.31316991669997385;3600;0.7056768449261048
Goal_927;67475;696445.1096380566;0.3333333333333333;67947;124371.97838352466;0.3333080041235677;19;0.0
Goal_928;67475;696445.1096380566;0.38888888888888884;69821;0.0;0.3783137610174234;0;0.0
Goal_929;67475;696445.1096380566;0.4444444444444444;69821;0.0;0.3783137610174234;0;0.0
Goal_930;67475;696445.1096380566;0.5;69821;0.0;0.3783137610174234;0;0.0
Goal_914;67475;348222.5548190283;0.16666666666666666;65756;157249.9236889408;0.3086406761003633;3600;0.8847287428858965
Goal_915;67475;348222.5548190283;0.2222222222222222;67475;73796.58407660358;0.3242100627538201;3600;1.0
Goal_916;67475;348222.5548190283;0.2777777777777778;67475;294379.70654757053;0.3164886763067004;3600;1.0
Goal_921;67475;696445.1096380566;0.0;68197;696444.1783587191;0.27094457549496;3600;0.407953817712045
Goal_922;67475;696445.1096380566;0.05555555555555555;68184;698214.262439073;0.26952387141403816;3600;0.7227595896173458
Goal_923;67475;696445.1096380566;0.1111111111111111;67829;696423.316829718;0.27658496064638555;3600;0.8459162379723844
Goal_924;67475;696445.1096380566;0.16666666666666666;67734;696920.0233923901;0.27389650910591773;3600;1.0
Goal_938;67475;1044667.6644570848;0.38888888888888884;69821;0.0;0.3783137610174234;0;0.0
Goal_939;67475;1044667.6644570848;0.4444444444444444;69821;0.0;0.3783137610174234;0;0.0
Goal_940;67475;1044667.6644570848;0.5;69821;0.0;0.3783137610174234;0;0.0
Goal_925;67475;696445.1096380566;0.2222222222222222;67579;696446.094296177;0.26766723480819943;3600;1.0
Goal_936;67475;1044667.6644570848;0.2777777777777778;67569;1044470.8990548439;0.27775608184692585;664;0.0
Goal_926;67475;696445.1096380566;0.2777777777777778;67592;694198.5369434959;0.3023152159168947;3600;1.0
Goal_931;67475;1044667.6644570848;0.0;70834;1045371.1073870555;0.23567662988432395;3600;0.4924380181334373
Goal_932;67475;1044667.6644570848;0.05555555555555555;69703;1044676.9782684991;0.2373071331906327;3600;0.756138882364054
Goal_933;67475;1044667.6644570848;0.1111111111111111;67376;1083952.3980565895;0.2282936352233933;3600;0.8018596726137986
Goal_947;67475;1392890.2192761132;0.3333333333333333;68080;151561.15813066816;0.3333321718780659;108;0.0
Goal_948;67475;1392890.2192761132;0.38888888888888884;69821;0.0;0.3783137610174234;0;0.0
Goal_949;67475;1392890.2192761132;0.4444444444444444;69821;0.0;0.3783137610174234;0;0.0
Goal_950;67475;1392890.2192761132;0.5;69821;0.0;0.3783137610174234;0;0.0
Goal_934;67475;1044667.6644570848;0.16666666666666666;71460;1045209.9618984571;0.2422591326015493;3600;1.0
Goal_946;67475;1392890.2192761132;0.2777777777777778;69490;1392880.2661096908;0.2745958385588536;726;0.0
Goal_935;67475;1044667.6644570848;0.2222222222222222;67604;1045127.2593121355;0.24358157563035443;3600;1.0
Goal_937;67475;1044667.6644570848;0.3333333333333333;69103;109999.83996854193;0.3333828007038717;3600;1.0
Goal_941;67475;1392890.2192761132;0.0;72742;1394831.5327535262;0.1992392547969208;3600;0.35942835748968693
Goal_942;67475;1392890.2192761132;0.05555555555555555;71913;1390567.8597711916;0.20426434478090974;3600;0.5468612969095761
Goal_957;67475;1741112.7740951416;0.3333333333333333;67478;113966.01710745011;0.3333029899052379;2;0.0
Goal_958;67475;1741112.7740951416;0.38888888888888884;69821;0.0;0.3783137610174234;0;0.0
Goal_959;67475;1741112.7740951416;0.4444444444444444;69821;0.0;0.3783137610174234;0;0.0
Goal_960;67475;1741112.7740951416;0.5;69821;0.0;0.3783137610174234;0;0.0
Goal_943;67475;1392890.2192761132;0.1111111111111111;69089;1392073.9664083356;0.2035943249724322;3600;0.9687834579777564
Goal_944;67475;1392890.2192761132;0.16666666666666666;70713;1389388.5324465137;0.200436237914217;3600;1.0
Goal_945;67475;1392890.2192761132;0.2222222222222222;67841;1200166.6013128865;0.2550936607952355;3600;1.0
Goal_951;67475;1741112.7740951416;0.0;76644;1737727.3561954782;0.19134419150286355;3600;0.32592340976693657
Goal_952;67475;1741112.7740951416;0.05555555555555555;72878;1741170.9654784617;0.18613753713030354;3600;0.44671112832175536
Goal_953;67475;1741112.7740951416;0.1111111111111111;74654;1741123.9551173605;0.19073946015316912;3600;0.952852244423468
Goal_954;67475;1741112.7740951416;0.16666666666666666;79284;1729852.4713518159;0.22645161143658296;3600;1.0
Goal_968;67475;2089335.3289141697;0.38888888888888884;69821;0.0;0.3783137610174234;0;0.0
Goal_969;67475;2089335.3289141697;0.4444444444444444;69821;0.0;0.3783137610174234;0;0.0
Goal_970;67475;2089335.3289141697;0.5;69821;0.0;0.3783137610174234;0;0.0
Goal_955;67475;1741112.7740951416;0.2222222222222222;68691;1690318.90531397;0.254063409732994;3600;1.0
Goal_956;67475;1741112.7740951416;0.2777777777777778;94114;1120920.1715574197;0.29400926164754976;3601;1.0
Goal_961;67475;2089335.3289141697;0.0;75513;2079172.8792455634;0.1828466416877844;3600;0.6525371336066234
Goal_966;67475;2089335.3289141697;0.2777777777777778;67699;1018644.3221771816;0.2777735302917717;1089;0.0
Goal_962;67475;2089335.3289141697;0.05555555555555555;77289;2087939.932611628;0.17532242265414094;3600;0.13867843216168568
Goal_963;67475;2089335.3289141697;0.1111111111111111;78034;2080544.9055329526;0.1792866289332589;3600;0.43405028628863307
Goal_977;67475;2437557.883733198;0.3333333333333333;67490;294206.8666095119;0.33332991601455875;21;0.0
Goal_978;67475;2437557.883733198;0.38888888888888884;69821;0.0;0.3783137610174234;0;0.0
Goal_979;67475;2437557.883733198;0.4444444444444444;69821;0.0;0.3783137610174234;0;0.0
Goal_980;67475;2437557.883733198;0.5;69821;0.0;0.3783137610174234;0;0.0
Goal_976;67475;2437557.883733198;0.2777777777777778;72982;1541484.8925673189;0.2776931347560196;382;0.0
Goal_964;67475;2089335.3289141697;0.16666666666666666;74598;2029181.8456480382;0.18634030869817336;3600;1.0
Goal_965;67475;2089335.3289141697;0.2222222222222222;77135;1663717.8295397558;0.22391392585429595;3600;1.0
Goal_967;67475;2089335.3289141697;0.3333333333333333;67526;211681.15607411088;0.333356165555278;3600;1.0
Goal_971;67475;2437557.883733198;0.0;78612;2257120.123968853;0.17511268985210862;3600;0.2406403313589051
Goal_972;67475;2437557.883733198;0.05555555555555555;79257;2221063.0839450145;0.17703587861719286;3600;0.29118268772649164
Goal_987;67475;2785780.4385522264;0.3333333333333333;70989;148793.3014511894;0.33275661884401536;7;0.0
Goal_988;67475;2785780.4385522264;0.38888888888888884;69821;0.0;0.3783137610174234;0;0.0
Goal_989;67475;2785780.4385522264;0.4444444444444444;69821;0.0;0.3783137610174234;0;0.0
Goal_990;67475;2785780.4385522264;0.5;69821;0.0;0.3783137610174234;0;0.0
Goal_973;67475;2437557.883733198;0.1111111111111111;76666;2155299.810070765;0.17614989176112833;3600;0.38064325245617964
Goal_974;67475;2437557.883733198;0.16666666666666666;77170;2156900.2039138093;0.17731306922902454;3600;1.0
Goal_975;67475;2437557.883733198;0.2222222222222222;77321;1995481.627923651;0.2268376995271724;3600;1.0
Goal_981;67475;2785780.4385522264;0.0;77415;2331835.700546342;0.17848158261804212;3600;0.5027852589475613
Goal_982;67475;2785780.4385522264;0.05555555555555555;80400;2286133.720807575;0.17454101858310953;3600;0.2400311445385923
Goal_986;67475;2785780.4385522264;0.2777777777777778;80781;1268536.8224553429;0.26997143839520676;1517;0.0
Goal_997;67475;3134002.9933712548;0.3333333333333333;70989;148793.3014511894;0.33275661884401536;8;0.0
Goal_998;67475;3134002.9933712548;0.38888888888888884;69821;0.0;0.3783137610174234;0;0.0
Goal_999;67475;3134002.9933712548;0.4444444444444444;69821;0.0;0.3783137610174234;0;0.0
Goal_1000;67475;3134002.9933712548;0.5;69821;0.0;0.3783137610174234;0;0.0
Goal_983;67475;2785780.4385522264;0.1111111111111111;75989;1984332.9410069792;0.17853016295288887;3600;0.8035680067831676
Goal_984;67475;2785780.4385522264;0.16666666666666666;68730;1402898.29696756;0.2195645260452396;3600;1.0
Goal_995;67475;3134002.9933712548;0.2222222222222222;71185;1675560.919730981;0.22217861481780043;2227;0.0
Goal_996;67475;3134002.9933712548;0.2777777777777778;72178;1126995.506185056;0.27621069120236086;1994;0.0
Goal_985;67475;2785780.4385522264;0.2222222222222222;76311;2098644.3891410795;0.2441290514775262;3600;1.0
Goal_991;67475;3134002.9933712548;0.0;78244;2301668.885381785;0.1774372748494114;3600;0.17985391359101152
Goal_992;67475;3134002.9933712548;0.05555555555555555;78285;2299750.1089179455;0.17368611516791765;3600;0.19003591136652156
Goal_993;67475;3134002.9933712548;0.1111111111111111;80297;2290213.490301466;0.1758805411674961;3600;0.3805735820519526
Goal_994;67475;3134002.9933712548;0.16666666666666666;74300;2112037.680221983;0.17937369550321297;3600;1.0
