
Gurobi 11.0.3 (linux64, Java) logging started seg 02 dez 2024 13:02:01 -03

Set parameter Username
Academic license - for non-commercial use only - expires 2025-10-10
Set parameter NonConvex to value 2
Set parameter TimeLimit to value 3600
Set parameter LogToConsole to value 0
Set parameter MIPGap to value 2.3060879868461677e-07
Set parameter Threads to value 2
Set parameter NodefileDir to value "/home/ps12398/experiment_hosp/goalProgrammingMarcos/"
Set parameter NodefileStart to value 1
Gurobi Optimizer version 11.0.3 build v11.0.3rc0 (linux64)

CPU model: Intel(R) Xeon(R) CPU           X5650  @ 2.67GHz, instruction set [SSE2]
Thread count: 12 physical cores, 24 logical processors, using up to 2 threads

Optimize a model with 8098 rows, 5573 columns and 26595 nonzeros
Model fingerprint: 0xbcdbd05c
Model has 57 quadratic constraints
Variable types: 2762 continuous, 2811 integer (52 binary)
Coefficient statistics:
  Matrix range     [2e-02, 8e+05]
  QMatrix range    [2e-02, 3e+04]
  QLMatrix range   [1e+00, 3e+04]
  Objective range  [1e+00, 9e+06]
  Bounds range     [1e+00, 1e+08]
  RHS range        [1e+00, 1e+06]
  QRHS range       [5e-02, 5e-02]
Presolve removed 7755 rows and 5222 columns
Presolve time: 0.07s
Presolved: 801 rows, 489 columns, 6911 nonzeros
Presolved model has 52 bilinear constraint(s)

Solving non-convex MIQCP

Variable types: 196 continuous, 293 integer (43 binary)
Found heuristic solution: objective 2946374.8942

Root relaxation: objective 0.000000e+00, 164 iterations, 0.01 seconds (0.00 work units)

    Nodes    |    Current Node    |     Objective Bounds      |     Work
 Expl Unexpl |  Obj  Depth IntInf | Incumbent    BestBd   Gap | It/Node Time

     0     0    0.00000    0   99 2946374.89    0.00000   100%     -    0s
H    0     0                    1277398.0014    0.00000   100%     -    0s
     0     0    0.00000    0  108 1277398.00    0.00000   100%     -    0s
     0     0    0.00000    0  108 1277398.00    0.00000   100%     -    0s
     0     0    0.00000    0  153 1277398.00    0.00000   100%     -    0s
H    0     0                    1243684.9276    0.00000   100%     -    0s
     0     0    0.00000    0  144 1243684.93    0.00000   100%     -    0s
     0     0    0.00000    0  114 1243684.93    0.00000   100%     -    0s
     0     0    0.00000    0  140 1243684.93    0.00000   100%     -    0s
     0     0    0.00000    0   91 1243684.93    0.00000   100%     -    0s
     0     0    0.00000    0  130 1243684.93    0.00000   100%     -    0s
     0     0    0.00000    0  112 1243684.93    0.00000   100%     -    0s
     0     0    0.00000    0  117 1243684.93    0.00000   100%     -    0s
     0     0    0.00000    0  113 1243684.93    0.00000   100%     -    0s
     0     0    0.00000    0  108 1243684.93    0.00000   100%     -    0s
     0     0    0.00000    0  102 1243684.93    0.00000   100%     -    1s
     0     0    0.00000    0   94 1243684.93    0.00000   100%     -    1s
     0     0    0.00000    0   92 1243684.93    0.00000   100%     -    1s
H    0     0                    1236779.8111    0.00000   100%     -    1s
     0     2    0.00000    0   92 1236779.81    0.00000   100%     -    1s
H    1     4                    1137874.0726    0.00000   100%   169    1s
H  169   565                    832323.05297    0.00000   100%  75.1    2s
H  180   565                    797977.74105    0.00000   100%  70.5    2s
H 1383  1626                    797890.16250    0.00000   100%  13.8    3s
H 1847  1203                    524317.22188    0.00000   100%  11.5    3s
H 2049  1271                    523113.19869    0.00000   100%  10.7    4s
H 2134  1350                    521754.62716    0.00000   100%  11.1    4s
H 2346  1589                    521754.12064    0.00000   100%  10.5    4s
  2444  1877 497179.469 1242   56 521754.121    0.00000   100%  10.1    5s
H 2624  1877                    521754.11982    0.00000   100%   9.6    5s
H 2886  2144                    521747.59644    0.00000   100%   9.0    5s
  3754  2893 493632.502 1010   76 521747.596    0.00000   100%   8.6   10s
  3784  2915 497506.104 1302   60 521747.596    0.00000   100%   9.9   15s
  3825  2967    0.00000   47  122 521747.596    0.00000   100%  11.4   20s
  3902  3167    0.00000   66  104 521747.596    0.00000   100%  12.9   29s
  4096  3236 148868.900   87   96 521747.596    0.00000   100%  14.7   33s
  4279  3259 27711.9098   73  102 521747.596    0.00000   100%  15.3   36s
  4572  3513 133565.762  124   70 521747.596    0.00000   100%  16.7   42s
  4764  3709 424719.265  175   68 521747.596    0.00000   100%  17.2   45s
  5244  3873 491553.473  287   57 521747.596    0.00000   100%  16.5   51s
  5673  4018 506538.420  401   66 521747.596    0.00000   100%  15.7   57s
  6086  4347 496449.552  509   58 521747.596    0.00000   100%  15.1   62s
  6365  4476 516467.490  594   65 521747.596    0.00000   100%  14.7   65s
  6607  4576 378746.758   95   82 521747.596    0.00000   100%  14.8   70s
  7001  4963 345054.470  120   79 521747.596    0.00000   100%  14.7   76s
  7339  5351 406374.791  171   68 521747.596    0.00000   100%  14.3   80s
  7839  5632 438386.993  236   67 521747.596    0.00000   100%  13.7   85s
  8287  5898 467300.668  284   68 521747.596    0.00000   100%  13.3   90s
  9122  6377 130397.457   84  105 521747.596    0.00000   100%  13.3   98s
  9526  6636 418398.575  146   73 521747.596    0.00000   100%  13.1  103s
  9946  6858 488135.166  106   81 521747.596    0.00000   100%  13.0  107s
 10328  7179 38319.9489   82   97 521747.596    0.00000   100%  12.8  111s
 10777  7479 347865.687  154   71 521747.596    0.00000   100%  12.7  115s
 11669  7901 258446.160   89   86 521747.596    0.00000   100%  12.3  123s
 12006  8057 60171.2660   78   98 521747.596    0.00000   100%  12.4  126s
 12288  8203 398501.176  102   82 521747.596    0.00000   100%  12.6  130s
 12752  8432 43164.7180   76   91 521747.596    0.00000   100%  12.7  136s
 12933  8501 198644.697   78   95 521747.596    0.00000   100%  13.0  140s
 13217  8644 305950.436   79   90 521747.596    0.00000   100%  13.9  145s
 13525  8819 450735.304   98   72 521747.596    0.00000   100%  14.7  150s
 13860  8973    0.00000   71  100 521747.596    0.00000   100%  15.5  155s
 14260  9121 206493.181   77   82 521747.596    0.00000   100%  16.4  160s
 14550  9292 194004.770   78   89 521747.596    0.00000   100%  17.2  166s
 14923  9469     cutoff   90      521747.596    0.00000   100%  18.0  171s
 15289  9631 418910.138   86   95 521747.596    0.00000   100%  19.1  176s
H15473  9702                    521632.04447    0.00000   100%  19.6  179s
H15498  9674                    520670.84305    0.00000   100%  19.7  179s
H15569  9635                    519553.10799    0.00000   100%  19.8  179s
H15611  9717                    519275.10857    0.00000   100%  19.9  182s
H15625  9683                    518344.63586    0.00000   100%  19.9  182s
H15706  9632                    517191.81392    0.00000   100%  20.1  182s
 15786  9724 80749.2261   84   95 517191.814    0.00000   100%  20.3  186s
 15965  9823 472950.471   89   78 517191.814    0.00000   100%  20.6  190s
 16146  9903 464180.431   87   83 517191.814    0.00000   100%  21.0  195s
 16559 10110 178832.136   86  101 517191.814    0.00000   100%  21.7  202s
 16726 10284 435109.118  115   83 517191.814    0.00000   100%  22.0  206s
 16944 10438 504279.066  168   75 517191.814    0.00000   100%  21.9  210s
 17166 10609 497710.891   95   95 517191.814    0.00000   100%  21.9  215s
 17370 10738 161833.783   85   94 517191.814    0.00000   100%  21.8  220s
 17573 10897 108762.404   69  115 517191.814    0.00000   100%  22.0  225s
 18183 11356 436457.443  173   67 517191.814    0.00000   100%  21.7  234s
 18475 11663 411016.243  309   61 517191.814    0.00000   100%  21.6  239s
 18814 11843 413061.151  415   61 517191.814    0.00000   100%  21.3  242s
 18994 12056 414081.730  489   61 517191.814    0.00000   100%  21.2  246s
H19364 12326                    517130.88021    0.00000   100%  21.0  249s
H19404 10558                    497137.15680    0.00000   100%  20.9  249s
 19593 12240    0.00000   65   87 497137.157    0.00000   100%  20.8  252s
H20833 12095                    495574.17585    0.00000   100%  20.6  252s
H20836 11152                    487275.84048    0.00000   100%  20.6  252s
H22860 10306                    469742.91917    0.00000   100%  19.5  254s
 23169 10676 292989.183   83   81 469742.919    0.00000   100%  19.6  256s
H24774 11939                    469725.46470    0.00000   100%  20.1  259s
 25455 12947 346016.100   84   87 469725.465    0.00000   100%  19.7  261s
H26642 13339                    469030.84929    0.00000   100%  19.4  263s
H27110 13081                    467670.84901    0.00000   100%  19.6  263s
H28554 13011                    459595.27928    0.00000   100%  18.7  264s
H28560 13007                    459545.94826    0.00000   100%  18.7  264s
H28772 12949                    459009.60532    0.00000   100%  18.6  264s
 28885 13849 419568.657  523   67 459009.605    0.00000   100%  18.6  266s
H29884 12281                    443359.71473    0.00000   100%  18.1  267s
H30887 12927                    443231.21095    0.00000   100%  18.1  269s
H30959 12920                    442951.88292    0.00000   100%  18.2  269s
 31050 13404 273256.449  114   80 442951.883    0.00000   100%  18.3  270s
H31820 13050                    433942.81307    0.00000   100%  18.4  271s
H31904  8656                    406570.60567    0.00000   100%  18.3  271s
H31907  8563                    404507.54510    0.00000   100%  18.3  271s
H31910  8343                    399687.81258    0.00000   100%  18.3  271s
H32984  9778                    392469.12650    0.00000   100%  17.8  272s
H34800  9909                    392467.67726    0.00000   100%  17.0  272s
 35779 10820 259629.541   85   85 392467.677    0.00000   100%  17.0  275s
H36670 11365                    389549.17961    0.00000   100%  17.0  277s
H37834 11919                    386968.15023    0.00000   100%  16.7  278s
H38028 12389                    386576.78945    0.00000   100%  16.6  279s
H38031 12389                    386574.32288    0.00000   100%  16.6  279s
H38128 12380                    386490.30734    0.00000   100%  16.6  279s
 39109 13033 386337.568 1309   56 386490.307    0.00000   100%  16.3  280s
H39181 13033                    386480.95580    0.00000   100%  16.4  280s
H39880 12530                    383161.13456    0.00000   100%  16.2  281s
H39883 11145                    372533.21891    0.00000   100%  16.2  281s
H40532 11503                    371517.39348    0.00000   100%  16.1  282s
H40772 11068                    362192.14759    0.00000   100%  16.3  283s
 41401 11490 267746.621   87   83 362192.148    0.00000   100%  16.6  285s
H41486 11465                    361774.19782    0.00000   100%  16.6  285s
H42763 12654                    361612.97871    0.00000   100%  16.8  288s
*42850 12654             388    361611.74882    0.00000   100%  16.8  288s
 43575 13527 230359.836  247   70 361611.749    0.00000   100%  16.9  290s
H43978 12846                    358770.19775    0.00000   100%  16.9  290s
H44207 12831                    358568.74096    0.00000   100%  16.9  290s
 46471 14849 283212.929  282   68 358568.741    0.00000   100%  16.8  295s
H46584 14846                    358518.00585    0.00000   100%  16.8  295s
H48003 14580                    348494.44300    0.00000   100%  17.1  298s
H48006 14532                    348131.42786    0.00000   100%  17.1  298s
H48362 11779                    322966.80116    0.00000   100%  17.1  298s
H48459 11396                    318165.46929    0.00000   100%  17.1  298s
H48701 11660                    317745.42391    0.00000   100%  17.1  299s
H48798 11650                    317593.75607    0.00000   100%  17.0  299s
H48895 11586                    316668.16615    0.00000   100%  17.0  299s
H49236 11851                    316177.05586    0.00000   100%  17.1  299s
 49385 11968 294717.224  100   82 316177.056    0.00000   100%  17.1  300s
H49851 12446                    316176.99997    0.00000   100%  17.1  301s
H49853 10680                    297672.93341    0.00000   100%  17.1  301s
H49856  9635                    288947.84112    0.00000   100%  17.1  301s
H50153  8553                    272961.02569    0.00000   100%  17.2  301s
H50619  8397                    269883.56060    0.00000   100%  17.2  302s
 51656  9314 67035.2589   79   87 269883.561    0.00000   100%  17.3  305s
 53457 10182 177358.213   77  102 269883.561    0.00000   100%  18.1  310s
 54630 10519 252834.798   88   85 269883.561    0.00000   100%  19.3  315s
 55984 11165     cutoff   83      269883.561    0.00000   100%  19.9  320s
 58100 13012 240263.341  503   74 269883.561    0.00000   100%  20.0  325s
 60232 14182 196639.591   85   91 269883.561    0.00000   100%  20.0  330s
H61017 14838                    269478.55681    0.00000   100%  20.0  332s
H61057 14237                    262803.09092    0.00000   100%  20.0  332s
H61060 11583                    241937.14023    0.00000   100%  20.0  332s
H62781 13010                    240789.79306    0.00000   100%  19.5  334s
H62887 10975                    226076.71947    0.00000   100%  19.5  334s
H62984 10736                    225213.56376    0.00000   100%  19.5  334s
H63081 10704                    225117.46409    0.00000   100%  19.5  334s
 63209 11090 190985.961  191   65 225117.464    0.00000   100%  19.4  335s
H64372 12141                    224947.39902    0.00000   100%  19.2  337s
 66451 13731 150491.994  237   74 224947.399    0.00000   100%  18.7  340s
 70213 16683 infeasible 1248      224947.399    0.00000   100%  18.0  345s
H70889 15711                    219884.79637    0.00000   100%  17.9  346s
H70959 14147                    210266.06828    0.00000   100%  17.9  346s
H70962 13916                    208693.24765    0.00000   100%  17.9  346s
H71313 14101                    207264.65051    0.00000   100%  17.8  346s
H71485 14060                    206017.32445    0.00000   100%  17.8  347s
H72813 14944                    202132.19482    0.00000   100%  17.6  350s
H75696 16661                    199543.08915    0.00000   100%  17.2  353s
 76357 17064 infeasible  142      199543.089    0.00000   100%  17.1  355s
H77902 18578                    199543.08912    0.00000   100%  16.9  358s
 79197 19826 118302.218  136   81 199543.089    0.00000   100%  16.8  360s
 82239 22785 121803.722  218   74 199543.089    0.00000   100%  16.3  365s
 85804 26112 171366.611  529   76 199543.089    0.00000   100%  15.9  370s
 89438 29449 183681.254 1380   67 199543.089    0.00000   100%  15.5  375s
 91863 31602 103880.622  197   76 199543.089    0.00000   100%  15.3  380s
 95015 34469 183170.941 1019   77 199543.089    0.00000   100%  14.9  385s
H95396 34594                    199097.88033    0.00000   100%  14.9  385s
 98185 37331 192530.770  486   69 199097.880    0.00000   100%  14.6  390s
H98956 37333                    196622.45180    0.00000   100%  14.6  391s
H99227 34953                    190529.15960    0.00000   100%  14.5  391s
H100095 34170                    187422.21405    0.00000   100%  14.4  393s
 100841 34625 121930.181  142   73 187422.214    0.00000   100%  14.4  395s
H101338 35157                    187389.61171    0.00000   100%  14.4  396s
 103481 37110 85828.9779  102   83 187389.612    0.00000   100%  14.2  400s
 106979 40210 173330.754  509   70 187389.612    0.00000   100%  13.9  405s
 109841 42977 140145.284  194   73 187389.612    0.00000   100%  13.7  410s
 112659 45412 122557.535  115   81 187389.612    0.00000   100%  13.5  415s
 115485 47290 144691.488  316   66 187389.612    0.00000   100%  13.4  420s
 118301 49678 128343.484  193   81 187389.612    0.00000   100%  13.2  425s
 121156 52170 84343.8353  110   81 187389.612    0.00000   100%  13.0  430s
H122302 52955                    187389.55674    0.00000   100%  12.9  431s
H122551 53179                    187389.36863    0.00000   100%  12.9  431s
H123773 54191                    187353.34248    0.00000   100%  12.9  433s
 124830 55253 162752.461 1021   64 187353.342    0.00000   100%  12.9  435s
H125814 55233                    185526.97772    0.00000   100%  12.8  436s
H126739 31425                    154101.72334    0.00000   100%  12.8  437s
H127722 32046                    154101.64277    0.00000   100%  12.8  438s
H127846 32154                    154101.45581    0.00000   100%  12.8  439s
 128273 32441 infeasible  161      154101.456    0.00000   100%  12.8  440s
H128529 32566                    154065.22892    0.00000   100%  12.8  440s
H128886 31636                    151624.16930    0.00000   100%  12.8  441s
H129414 31919                    151624.16918    0.00000   100%  12.8  442s
H129653 32043                    151622.45004    0.00000   100%  12.8  443s
H130389 32532                    151379.87775    0.00000   100%  12.8  444s
 130628 32645 143774.861  195   80 151379.878    0.00000   100%  12.8  445s
H131215 32861                    151227.74778    0.00000   100%  12.8  446s
 133252 34384 142045.133  207   76 151227.748    0.00000   100%  12.8  450s
 135825 36579 108437.931  253   76 151227.748    0.00000   100%  12.7  455s
H137847 36989                    149903.42543    0.00000   100%  12.7  458s
 138303 37204 143581.976  142   82 149903.425    0.00000   100%  12.7  460s
H138310 36853                    149384.64888    0.00000   100%  12.7  460s
 139886 37937 61110.9648  115   77 149384.649    0.00000   100%  12.7  465s
H140704 36810                    146505.60991    0.00000   100%  12.7  467s
 141626 37306     cutoff  123      146505.610    0.00000   100%  12.7  470s
 143352 38162 110866.701  117   84 146505.610    0.00000   100%  12.8  475s
 145017 39238 71838.3998  145   80 146505.610    0.00000   100%  12.8  480s
 147146 40137     cutoff  113      146505.610    0.00000   100%  12.8  485s
 148654 40439 140249.259  147   78 146505.610    0.00000   100%  12.9  490s
 150196 40902     cutoff  119      146505.610    0.00000   100%  13.0  495s
 151385 41031     cutoff  111      146505.610    0.00000   100%  13.1  500s
 152831 41257 34586.6376  113   81 146505.610    0.00000   100%  13.2  505s
 154120 41738 130650.571  123   74 146505.610    0.00000   100%  13.3  510s
 156279 42583 67159.1127  101   80 146505.610    0.00000   100%  13.3  515s
 157864 43069     cutoff  117      146505.610    0.00000   100%  13.4  520s
H158153 41732                    143585.81600    0.00000   100%  13.4  521s
 159612 41919 infeasible  126      143585.816    0.00000   100%  13.5  525s
H160828 42112                    143518.28457    0.00000   100%  13.5  528s
H161223 42196                    143518.26858    0.00000   100%  13.6  529s
 161383 42242 112033.970  154   74 143518.269    0.00000   100%  13.6  530s
 163173 42637     cutoff  121      143518.269    0.00000   100%  13.7  535s
 164257 43112 13966.1296   97   82 143518.269    0.00000   100%  13.7  540s
 166627 44232 97846.5108  115   75 143518.269    0.00000   100%  13.7  545s
 168430 44725     cutoff  158      143518.269    0.00000   100%  13.8  550s
 169887 45084 82256.8130  110   86 143518.269    0.00000   100%  13.8  555s
 171938 46072    0.00000   77   95 143518.269    0.00000   100%  13.9  560s
 174215 46825     cutoff  115      143518.269    0.00000   100%  13.9  565s
H174388 45181                    140447.79675    0.00000   100%  13.9  565s
 176726 45829     cutoff  115      140447.797    0.00000   100%  14.1  570s
H177653 46026                    140339.85285    0.00000   100%  14.1  571s
H179105 46629                    140329.36596    0.00000   100%  14.2  574s
 179315 46731    0.00000  115   77 140329.366    0.00000   100%  14.2  575s
 181289 47346 infeasible   98      140329.366    0.00000   100%  14.3  580s
 182578 47659 101828.937  128   79 140329.366    0.00000   100%  14.4  585s
 184643 48326 48319.6045  116   83 140329.366    0.00000   100%  14.4  590s
 186363 49020 102256.015  115   74 140329.366    0.00000   100%  14.5  595s
 188560 49738     cutoff  411      140329.366    0.00000   100%  14.5  600s
 190020 50290 106617.950  115   77 140329.366    0.00000   100%  14.6  605s
 192308 51200 123318.051  134   83 140329.366    0.00000   100%  14.6  610s
 194106 51558 123962.276  107   84 140329.366    0.00000   100%  14.7  615s
 195249 52110 110115.279  113   86 140329.366    0.00000   100%  14.7  620s
 197094 52867 117175.646  111   78 140329.366    0.00000   100%  14.8  625s
 198983 53410    0.00000  107   69 140329.366    0.00000   100%  14.8  630s
 200651 53816     cutoff  115      140329.366    0.00000   100%  14.8  635s
 202581 54188     cutoff  109      140329.366    0.00000   100%  14.9  640s
 204399 54425 120144.130  126   79 140329.366    0.00000   100%  14.9  645s
 206183 54865 109851.057  117   77 140329.366    0.00000   100%  15.0  650s
 207801 55193 135050.427  127   79 140329.366    0.00000   100%  15.1  655s
 210340 56164 30944.9082  109   86 140329.366    0.00000   100%  15.1  660s
H210983 52106                    133052.34886    0.00000   100%  15.1  662s
 211847 52693 100664.182  113   80 133052.349    0.00000   100%  15.1  665s
 214264 53683 infeasible  131      133052.349    0.00000   100%  15.2  670s
 215677 54127     cutoff  119      133052.349    0.00000   100%  15.2  675s
 218235 55421 98135.0945  114   86 133052.349    0.00000   100%  15.2  680s
H219179 53554                    129305.45392    0.00000   100%  15.2  681s
H220283 53904                    129210.48609    0.00000   100%  15.2  683s
H220435 53984                    129210.48272    0.00000   100%  15.2  683s
 221053 54112 109213.557  118   80 129210.483    0.00000   100%  15.3  685s
H221606 53372                    127476.80335    0.00000   100%  15.3  686s
 223528 53902 26410.4471  110   76 127476.803    0.00000   100%  15.3  690s
 226287 54945 110039.495  117   79 127476.803    0.00000   100%  15.3  695s
 227880 55258 7054.05226  107   74 127476.803    0.00000   100%  15.4  700s
 229546 55633 65934.5129  115   77 127476.803    0.00000   100%  15.4  705s
H230363 55450                    126267.82113    0.00000   100%  15.4  707s
 231178 55560     cutoff  116      126267.821    0.00000   100%  15.4  710s
 232905 56209 16481.7162  121   76 126267.821    0.00000   100%  15.5  715s
 234630 56633     cutoff  113      126267.821    0.00000   100%  15.6  720s
 236327 57118    0.00000  118   68 126267.821    0.00000   100%  15.6  725s
 238102 57443 115525.197  126   80 126267.821    0.00000   100%  15.6  730s
H238617 56275                    124485.14206    0.00000   100%  15.6  730s
H239408 56426                    124485.13883    0.00000   100%  15.7  733s
 239851 56573    0.00000  110   71 124485.139    0.00000   100%  15.7  735s
 241460 57101     cutoff  110      124485.139    0.00000   100%  15.7  740s
 243263 57613 123718.410  122   77 124485.139    0.00000   100%  15.8  745s
H244450 57163                    122771.86591    0.00000   100%  15.7  747s
 245133 57574     cutoff  124      122771.866    0.00000   100%  15.8  750s
 246854 57880     cutoff  119      122771.866    0.00000   100%  15.8  755s
 248898 58238 53128.2906  115   86 122771.866    0.00000   100%  15.8  760s
H250447 58804                    122736.28520    0.00000   100%  15.8  764s
 250927 58928 105239.830  124   82 122736.285    0.00000   100%  15.8  765s
 252909 59640 96287.5687  123   84 122736.285    0.00000   100%  15.8  770s
 254716 60064 120559.212  135   84 122736.285    0.00000   100%  15.8  775s
 256680 60545     cutoff  127      122736.285    0.00000   100%  15.8  780s
 257983 60757 88240.0805  120   84 122736.285    0.00000   100%  15.9  785s
 259738 61044 79670.6895  200   69 122736.285    0.00000   100%  15.9  790s
 261207 61248 35307.5325  125   76 122736.285    0.00000   100%  16.0  795s
 262572 61546 52998.0356  130   80 122736.285    0.00000   100%  16.0  800s
 264249 61797 infeasible  120      122736.285    0.00000   100%  16.0  805s
 266088 62743    0.00000  106   71 122736.285    0.00000   100%  16.0  810s
 267412 63030 81877.4818  158   65 122736.285    0.00000   100%  16.0  815s
 268987 63300     cutoff  137      122736.285    0.00000   100%  16.1  820s
 271021 64023 66497.1069  120   82 122736.285    0.00000   100%  16.1  825s
 272540 64322 103735.955  123   80 122736.285    0.00000   100%  16.1  830s
 274133 64728 46754.4709  126   72 122736.285    0.00000   100%  16.1  835s
 275915 65081 infeasible  123      122736.285    0.00000   100%  16.1  840s
 276942 65181 117995.841  115   86 122736.285    0.00000   100%  16.2  845s
 277939 65283  600.77024  120   85 122736.285    0.00000   100%  16.3  850s
 279865 65869 81139.0318  167   65 122736.285    0.00000   100%  16.3  855s
 282388 66919     cutoff  114      122736.285    0.00000   100%  16.3  860s
 283329 67027 86902.2014  120   80 122736.285    0.00000   100%  16.4  865s
 284588 67178     cutoff  125      122736.285    0.00000   100%  16.4  870s
H285512 64792                    119257.20564    0.00000   100%  16.4  872s
 286481 64926 90040.6699  120   82 119257.206    0.00000   100%  16.4  875s
H286778 64956                    119257.20243    0.00000   100%  16.4  876s
H286778 64956                    119257.01943    0.00000   100%  16.4  876s
 288183 65356    0.00000  129   62 119257.019    0.00000   100%  16.5  880s
 289582 65726     cutoff  106      119257.019    0.00000   100%  16.5  885s
 291165 66011 24348.4586  107   73 119257.019    0.00000   100%  16.5  890s
 292593 66124     cutoff  101      119257.019    0.00000   100%  16.6  895s
 293989 66356  953.23131  129   79 119257.019    0.00000   100%  16.6  900s
 295661 66626 55808.8394  102   87 119257.019    0.00000   100%  16.7  905s
 296860 66767 6995.81824  118   79 119257.019    0.00000   100%  16.7  910s
 298319 66880 109205.836  116   79 119257.019    0.00000   100%  16.7  915s
 299665 67130     cutoff  128      119257.019    0.00000   100%  16.8  920s
H299667 67130                    119257.01623    0.00000   100%  16.8  920s
 301006 67256 infeasible  117      119257.016    0.00000   100%  16.8  925s
 302088 67354 99536.1977  115   86 119257.016    0.00000   100%  16.9  930s
 303495 67409     cutoff  117      119257.016    0.00000   100%  17.0  935s
H304373 67671                    119163.74642    0.00000   100%  17.0  938s
 305020 67734 27147.2075  116   90 119163.746    0.00000   100%  17.0  940s
 306611 67940 32749.6099  106   81 119163.746    0.00000   100%  17.1  945s
 307868 67994 112244.182  119   82 119163.746    0.00000   100%  17.2  950s
 309274 68418 34517.1959  130   71 119163.746    0.00000   100%  17.2  955s
 310598 68691 1016.42461  117   74 119163.746    0.00000   100%  17.3  960s
 313205 69056 infeasible  140      119163.746    0.00000   100%  17.2  965s
 315277 69648 infeasible  120      119163.746    0.00000   100%  17.2  970s
 317105 69767     cutoff  117      119163.746    0.00000   100%  17.2  975s
 319043 70067 9012.60554  123   85 119163.746    0.00000   100%  17.3  980s
 320952 70193     cutoff  115      119163.746    0.00000   100%  17.4  985s
 323233 70436     cutoff  118      119163.746    0.00000   100%  17.5  990s
 325382 70931 18350.8602  113   83 119163.746    0.00000   100%  17.6  995s
 326938 71404 82768.8604  118   74 119163.746    0.00000   100%  17.6 1000s
 328524 71625    0.00000  112   69 119163.746    0.00000   100%  17.6 1005s
 330792 72076 12063.0015  114   69 119163.746    0.00000   100%  17.7 1010s
 332546 72275    0.00000  108   71 119163.746    0.00000   100%  17.7 1015s
 334379 72530 1925.64268  110   78 119163.746    0.00000   100%  17.8 1020s
 335410 73079     cutoff  112      119163.746    0.00000   100%  17.8 1025s
 337223 73413 75032.6324  116   77 119163.746    0.00000   100%  17.8 1030s
 339489 74112    0.00000  103   74 119163.746    0.00000   100%  17.8 1035s
H339749 74115                    119163.58402    0.00000   100%  17.8 1036s
H339749 74115                    119163.56065    0.00000   100%  17.8 1036s
 340729 74167 infeasible  114      119163.561    0.00000   100%  17.9 1040s
H341060 74166                    119146.95291    0.00000   100%  17.9 1041s
 342027 74260 3205.58921   99   85 119146.953    0.00000   100%  17.9 1045s
 343800 74819    0.00000   99   72 119146.953    0.00000   100%  18.0 1050s
 345947 75585 4573.08159  106   79 119146.953    0.00000   100%  18.0 1055s
 347748 76716     cutoff  114      119146.953    0.00000   100%  18.0 1060s
 350173 77882 68057.4473  677   70 119146.953    0.00000   100%  17.9 1065s
 352282 78284 85885.5338  450   70 119146.953    0.00000   100%  17.9 1070s
 353868 78579     cutoff  125      119146.953    0.00000   100%  17.9 1075s
 355916 79764     cutoff  116      119146.953    0.00000   100%  17.9 1080s
 358830 81402 15304.8073  111   80 119146.953    0.00000   100%  17.8 1085s
 361675 82446     cutoff  115      119146.953    0.00000   100%  17.8 1090s
 365395 84360 5806.22369  115   73 119146.953    0.00000   100%  17.7 1095s
 369494 87387 72011.7463  484   66 119146.953    0.00000   100%  17.6 1100s
 373335 89207 24602.5241  115   75 119146.953    0.00000   100%  17.5 1105s
H373516 88970                    118461.79005    0.00000   100%  17.5 1105s
H375473 89933                    118349.92807    0.00000   100%  17.5 1108s
H376009 90233                    118349.88046    0.00000   100%  17.5 1109s
H376411 90545                    118349.83523    0.00000   100%  17.5 1109s
 376504 90673 67461.4733  674   67 118349.835    0.00000   100%  17.5 1110s
H379174 91340                    118349.64416    0.00000   100%  17.5 1114s
 379503 91493     cutoff  117      118349.644    0.00000   100%  17.5 1115s
 382877 93017 65751.4838  353   78 118349.644    0.00000   100%  17.4 1120s
 386300 94725 36098.5408  159   73 118349.644    0.00000   100%  17.3 1125s
 389234 95826 81181.1809  360   68 118349.644    0.00000   100%  17.3 1130s
 391306 96554 71049.1442  175   69 118349.644    0.00000   100%  17.3 1135s
H392129 96695                    118284.62713    0.00000   100%  17.3 1137s
 393062 96952 infeasible  112      118284.627    0.00000   100%  17.3 1140s
 394779 97308     cutoff  116      118284.627    0.00000   100%  17.3 1145s
 396431 97782 66626.7170  313   71 118284.627    0.00000   100%  17.3 1150s
 397934 98036 12326.3776  115   76 118284.627    0.00000   100%  17.4 1155s
 399431 98222     cutoff  113      118284.627    0.00000   100%  17.4 1160s
 400873 98644 68867.7294  240   68 118284.627    0.00000   100%  17.4 1165s
H402252 98861                    118102.23551    0.00000   100%  17.4 1170s
 404166 99160 94924.3202  125   84 118102.236    0.00000   100%  17.4 1175s
 406345 99301 37832.6144  112   80 118102.236    0.00000   100%  17.4 1180s
 407792 99459     cutoff  118      118102.236    0.00000   100%  17.4 1185s
 409072 99677    0.00000  113   66 118102.236    0.00000   100%  17.5 1190s
H410326 99164                    117494.20165    0.00000   100%  17.5 1194s
H410829 99249                    117483.18069    0.00000   100%  17.5 1195s
 412128 99536 infeasible  118      117483.181    0.00000   100%  17.5 1200s
H413844 100007                    117458.80600    0.00000   100%  17.5 1204s
 414257 100025     cutoff  111      117458.806    0.00000   100%  17.5 1205s
 415337 100065     cutoff  109      117458.806    0.00000   100%  17.5 1210s
H415675 99821                    117092.12185    0.00000   100%  17.6 1212s
 416728 100326 62419.0261  237   68 117092.122    0.00000   100%  17.6 1216s
H417643 100464                    117092.02830    0.00000   100%  17.6 1217s
H417755 100464                    117092.01610    0.00000   100%  17.6 1217s
 418379 100521 29059.1613  111   84 117092.016    0.00000   100%  17.6 1220s
 419590 100628 infeasible  119      117092.016    0.00000   100%  17.6 1225s
 420959 100752 infeasible  111      117092.016    0.00000   100%  17.7 1230s
 422278 100927 110505.877  133   80 117092.016    0.00000   100%  17.7 1235s
 424362 101260     cutoff  121      117092.016    0.00000   100%  17.7 1240s
H426133 101433                    117091.74798    0.00000   100%  17.8 1243s
 426818 101470    0.00000  116   68 117091.748    0.00000   100%  17.8 1245s
 428650 101577 infeasible  112      117091.748    0.00000   100%  17.9 1250s
H431074 102549                    117086.01873    0.00000   100%  17.9 1254s
 431228 102582 infeasible  116      117086.019    0.00000   100%  17.9 1255s
 432638 102684 107145.116  118   82 117086.019    0.00000   100%  17.9 1260s
 433976 102777     cutoff  125      117086.019    0.00000   100%  18.0 1265s
 435309 102841 82270.5657  122   82 117086.019    0.00000   100%  18.1 1270s
 436731 103054 26126.7944  107   85 117086.019    0.00000   100%  18.1 1275s
 438123 103149     cutoff  123      117086.019    0.00000   100%  18.1 1280s
 439902 103496 61369.0499  117   81 117086.019    0.00000   100%  18.1 1285s
 441216 103644     cutoff  109      117086.019    0.00000   100%  18.2 1290s
 443057 103856 77562.2009  103   84 117086.019    0.00000   100%  18.2 1295s
H444184 103983                    117053.91105    0.00000   100%  18.2 1298s
 444438 104071     cutoff  113      117053.911    0.00000   100%  18.2 1300s
 446455 104764 91701.0734  132   80 117053.911    0.00000   100%  18.1 1305s
 448285 105153     cutoff  108      117053.911    0.00000   100%  18.1 1310s
 449965 105453 103006.768  111   84 117053.911    0.00000   100%  18.1 1315s
 451707 105837 111553.583  105   81 117053.911    0.00000   100%  18.1 1320s
H453009 106002                    117053.73693    0.00000   100%  18.1 1323s
H453009 106001                    117053.48644    0.00000   100%  18.1 1323s
 453279 106049 61003.6645  108   82 117053.486    0.00000   100%  18.1 1325s
H454216 105803                    116730.15912    0.00000   100%  18.1 1328s
 454554 105805 infeasible  132      116730.159    0.00000   100%  18.1 1330s
 456443 106588 infeasible  118      116730.159    0.00000   100%  18.1 1335s
H456612 106588                    116730.15391    0.00000   100%  18.1 1335s
H456705 106601                    116730.12523    0.00000   100%  18.1 1336s
H457365 106699                    116729.87473    0.00000   100%  18.2 1338s
 458215 107104     cutoff  186      116729.875    0.00000   100%  18.2 1340s
H458729 107108                    116727.16030    0.00000   100%  18.2 1341s
 459654 107380 infeasible  105      116727.160    0.00000   100%  18.2 1345s
 461796 108109 3303.35412  112   86 116727.160    0.00000   100%  18.2 1350s
 463845 108759 101254.041  115   80 116727.160    0.00000   100%  18.2 1355s
 465440 109137     cutoff  108      116727.160    0.00000   100%  18.2 1360s
 467015 109338     cutoff  119      116727.160    0.00000   100%  18.2 1365s
H468390 109562                    116719.31409    0.00000   100%  18.2 1369s
 468691 109705     cutoff  111      116719.314    0.00000   100%  18.2 1370s
H469680 109980                    116719.18096    0.00000   100%  18.2 1372s
H470114 110058                    116718.91216    0.00000   100%  18.2 1374s
 470399 110071 114479.102  117   79 116718.912    0.00000   100%  18.2 1375s
 472349 110497    0.00000  106   78 116718.912    0.00000   100%  18.2 1380s
 474266 110789    0.00000  110   73 116718.912    0.00000   100%  18.2 1385s
 475965 111702     cutoff  110      116718.912    0.00000   100%  18.2 1390s
 477487 111937 15559.0040  119   75 116718.912    0.00000   100%  18.2 1395s
H479266 112140                    116635.73661    0.00000   100%  18.2 1400s
H479364 112136                    116635.69314    0.00000   100%  18.2 1400s
H479364 112136                    116635.36315    0.00000   100%  18.2 1400s
 480500 112350     cutoff  115      116635.363    0.00000   100%  18.3 1405s
 482638 113471 113644.053  117   79 116635.363    0.00000   100%  18.2 1410s
 484470 113764     cutoff  117      116635.363    0.00000   100%  18.3 1415s
 485705 113845     cutoff  115      116635.363    0.00000   100%  18.3 1420s
 487275 114075     cutoff  126      116635.363    0.00000   100%  18.3 1425s
 489001 114281     cutoff  122      116635.363    0.00000   100%  18.3 1430s
H489656 114325                    116632.06614    0.00000   100%  18.3 1432s
 490550 114561 19868.0276  128   71 116632.066    0.00000   100%  18.3 1435s
H491239 114644                    116631.70490    0.00000   100%  18.3 1437s
H491895 114715                    116624.91518    0.00000   100%  18.3 1439s
 492527 114757     cutoff  125      116624.915    0.00000   100%  18.3 1440s
H492625 114757                    116624.86965    0.00000   100%  18.3 1440s
H492799 114831                    116624.54749    0.00000   100%  18.3 1441s
 494131 114984 infeasible  108      116624.547    0.00000   100%  18.3 1445s
 495574 115196     cutoff  123      116624.547    0.00000   100%  18.4 1450s
 497817 115580    0.00000   97   80 116624.547    0.00000   100%  18.4 1455s
 500083 115956     cutoff  110      116624.547    0.00000   100%  18.5 1460s
 502653 116108     cutoff  107      116624.547    0.00000   100%  18.5 1465s
 505069 116387 44484.5456  104   89 116624.547    0.00000   100%  18.6 1470s
H505516 116425                    116623.35837    0.00000   100%  18.6 1471s
H505821 116487                    116598.49267    0.00000   100%  18.6 1472s
 506860 116638 30038.2804  111   84 116598.493    0.00000   100%  18.6 1475s
 509557 116900     cutoff  101      116598.493    0.00000   100%  18.7 1480s
 511836 117193     cutoff  108      116598.493    0.00000   100%  18.8 1485s
 514289 117425     cutoff  110      116598.493    0.00000   100%  18.8 1490s
 516654 118102 103027.176  120   79 116598.493    0.00000   100%  18.8 1495s
 518402 118271 6899.24026  117   80 116598.493    0.00000   100%  18.9 1500s
 519910 118372     cutoff  114      116598.493    0.00000   100%  18.9 1505s
 521241 118618 79398.2803  190   69 116598.493    0.00000   100%  19.0 1510s
 522698 118793 infeasible  105      116598.493    0.00000   100%  19.0 1515s
 524874 118932 29190.9402  107   81 116598.493    0.00000   100%  19.0 1520s
 526244 119040     cutoff  130      116598.493    0.00000   100%  19.1 1525s
 528876 119415    0.00000  104   80 116598.493    0.00000   100%  19.1 1530s
 531429 120019 101692.978  128   83 116598.493    0.00000   100%  19.1 1535s
 534929 120909 73751.6815  121   86 116598.493    0.00000   100%  19.0 1540s
 537647 121537     cutoff  129      116598.493    0.00000   100%  19.0 1545s
 540824 122156 6980.46661  109   77 116598.493    0.00000   100%  19.0 1550s
 543160 122484 43032.7290  106   80 116598.493    0.00000   100%  19.0 1555s
 545864 123016     cutoff  121      116598.493    0.00000   100%  19.0 1560s
 548609 123906     cutoff  116      116598.493    0.00000   100%  19.0 1565s
 551208 124998     cutoff  113      116598.493    0.00000   100%  19.0 1570s
 552722 125334 110310.429  117   82 116598.493    0.00000   100%  19.0 1575s
 555024 126296 62305.7049  430   64 116598.493    0.00000   100%  19.0 1580s
 556794 126763     cutoff  122      116598.493    0.00000   100%  19.0 1585s
 558585 127266 72245.2694  166   69 116598.493    0.00000   100%  19.0 1590s
 560346 127568 infeasible  120      116598.493    0.00000   100%  19.0 1595s
 561899 127828 104969.773  114   78 116598.493    0.00000   100%  19.0 1600s
 563414 128234 92626.0346  119   77 116598.493    0.00000   100%  19.0 1605s
 565234 128577 59888.3677  109   81 116598.493    0.00000   100%  19.0 1610s
 566957 129127     cutoff  120      116598.493    0.00000   100%  19.0 1615s
 568632 129343 60753.8211  118   78 116598.493    0.00000   100%  19.0 1620s
 570613 129710     cutoff  107      116598.493    0.00000   100%  19.0 1625s
 572534 130180 13911.7122  115   66 116598.493    0.00000   100%  19.0 1630s
 573933 130476     cutoff  109      116598.493    0.00000   100%  19.1 1635s
 575652 130892 infeasible  111      116598.493    0.00000   100%  19.1 1640s
 577411 131195 20766.2055  109   76 116598.493    0.00000   100%  19.1 1645s
H578293 131257                    116496.73807    0.00000   100%  19.1 1647s
H578442 131333                    116496.73470    0.00000   100%  19.1 1648s
H578737 131353                    116495.41120    0.00000   100%  19.1 1649s
 579035 131406 35195.6711  111   72 116495.411    0.00000   100%  19.1 1650s
H580789 131644                    116416.20363    0.00000   100%  19.1 1654s
 581126 131761 81471.7964  114   77 116416.204    0.00000   100%  19.1 1655s
H581440 131828                    116416.02960    0.00000   100%  19.1 1656s
H581742 131860                    116414.68237    0.00000   100%  19.1 1657s
H581888 131856                    116413.66625    0.00000   100%  19.1 1657s
 582916 132093 112294.014  112   81 116413.666    0.00000   100%  19.1 1660s
 584873 133066 66932.4304  116   78 116413.666    0.00000   100%  19.1 1665s
 587357 134147     cutoff  109      116413.666    0.00000   100%  19.1 1670s
H587593 134079                    116310.39116    0.00000   100%  19.1 1671s
H587924 134122                    116310.22827    0.00000   100%  19.1 1671s
H587924 134122                    116308.84543    0.00000   100%  19.1 1671s
 588688 134300 78936.6597  102   77 116308.845    0.00000   100%  19.1 1675s
 590204 134547     cutoff  108      116308.845    0.00000   100%  19.1 1680s
 591680 134736 infeasible  108      116308.845    0.00000   100%  19.2 1685s
 593358 135186     cutoff  180      116308.845    0.00000   100%  19.2 1690s
 594892 135665    0.00000  100   71 116308.845    0.00000   100%  19.2 1695s
 596919 136374     cutoff  121      116308.845    0.00000   100%  19.2 1700s
 599605 137110 112683.905  122   81 116308.845    0.00000   100%  19.2 1705s
H600705 137200                    116277.16173    0.00000   100%  19.2 1708s
H600757 137206                    116277.06853    0.00000   100%  19.2 1709s
H600839 137206                    116275.83320    0.00000   100%  19.2 1709s
H600907 137246                    116275.63277    0.00000   100%  19.2 1710s
 602478 137374 116007.018  138   79 116275.633    0.00000   100%  19.2 1715s
 603834 137456     cutoff  125      116275.633    0.00000   100%  19.2 1720s
H604728 137558                    116274.80968    0.00000   100%  19.3 1724s
 605077 137579 31252.1348  121   82 116274.810    0.00000   100%  19.2 1725s
H605673 137717                    116273.80625    0.00000   100%  19.3 1726s
H606648 137792                    116220.49048    0.00000   100%  19.3 1728s
 607342 137970     cutoff  102      116220.490    0.00000   100%  19.3 1730s
H608974 138235                    116201.83223    0.00000   100%  19.3 1735s
H610329 138626                    116201.82855    0.00000   100%  19.3 1738s
H610537 138750                    116201.52002    0.00000   100%  19.3 1739s
 610941 138811     cutoff  123      116201.520    0.00000   100%  19.3 1740s
H610944 138666                    116043.83005    0.00000   100%  19.3 1740s
 612755 139149 92741.7621  127   80 116043.830    0.00000   100%  19.3 1745s
H613317 139244                    116043.75279    0.00000   100%  19.2 1745s
H613843 139435                    116043.55228    0.00000   100%  19.2 1747s
 615292 139797 90457.0032  114   83 116043.552    0.00000   100%  19.2 1750s
H617410 140137                    116028.01523    0.00000   100%  19.2 1753s
 618126 140314     cutoff  108      116028.015    0.00000   100%  19.2 1755s
H618547 140320                    116028.01425    0.00000   100%  19.3 1755s
H619155 140529                    116027.81374    0.00000   100%  19.3 1756s
 620721 140709 24104.3126  115   82 116027.814    0.00000   100%  19.3 1760s
H621104 140699                    116023.95248    0.00000   100%  19.3 1761s
H622712 140881                    116023.34353    0.00000   100%  19.3 1764s
 623076 140876     cutoff  122      116023.344    0.00000   100%  19.3 1765s
 624884 141170 7353.17696  117   84 116023.344    0.00000   100%  19.3 1770s
 626263 141418 59540.0321  104   75 116023.344    0.00000   100%  19.3 1775s
 628160 141789 53008.1621  128   81 116023.344    0.00000   100%  19.4 1780s
 629556 141929 87037.9327  114   77 116023.344    0.00000   100%  19.4 1785s
 631106 142073 49648.1373  125   77 116023.344    0.00000   100%  19.4 1790s
 632113 142158 infeasible  120      116023.344    0.00000   100%  19.4 1795s
 633286 142198 39678.6599  117   75 116023.344    0.00000   100%  19.5 1800s
 634399 142324 39375.7821  120   78 116023.344    0.00000   100%  19.5 1805s
 635392 142318     cutoff  110      116023.344    0.00000   100%  19.6 1810s
 636814 142689 88854.1865  118   84 116023.344    0.00000   100%  19.6 1815s
 638608 142853 infeasible  123      116023.344    0.00000   100%  19.6 1820s
 639922 142991 61182.9873  109   84 116023.344    0.00000   100%  19.6 1825s
 641452 143264 infeasible  110      116023.344    0.00000   100%  19.7 1830s
 643416 143524 110018.703  114   79 116023.344    0.00000   100%  19.7 1835s
 645144 143955 98088.5917  105   85 116023.344    0.00000   100%  19.7 1840s
 646873 144094 86824.8471  115   80 116023.344    0.00000   100%  19.7 1845s
 649566 144394    0.00000  105   75 116023.344    0.00000   100%  19.7 1850s
 652133 144958 99309.9669  123   84 116023.344    0.00000   100%  19.7 1855s
 654439 145307 45925.0318  115   80 116023.344    0.00000   100%  19.7 1860s
 657301 145990 infeasible  115      116023.344    0.00000   100%  19.7 1865s
 659723 146150     cutoff  117      116023.344    0.00000   100%  19.8 1870s
 661617 146779    0.00000  112   72 116023.344    0.00000   100%  19.8 1875s
 663238 147121 112836.022  237   81 116023.344    0.00000   100%  19.8 1880s
 665138 147377 75696.7806   99   80 116023.344    0.00000   100%  19.8 1885s
 666368 147608     cutoff  113      116023.344    0.00000   100%  19.8 1890s
 668093 147910 108237.478  113   81 116023.344    0.00000   100%  19.8 1895s
 669930 148219 infeasible  102      116023.344    0.00000   100%  19.8 1900s

Gurobi 11.0.3 (linux64, Java) logging started seg 02 dez 2024 19:36:20 -03

Set parameter Username
Academic license - for non-commercial use only - expires 2025-10-10
Set parameter NonConvex to value 2
Set parameter TimeLimit to value 3600
Set parameter LogToConsole to value 0
Set parameter MIPGap to value 2.3060879868461677e-07
Set parameter Threads to value 2
Set parameter NodefileDir to value "/home/ps12398/experiment_hosp/goalProgrammingMarcos/"
Set parameter NodefileStart to value 1
Gurobi Optimizer version 11.0.3 build v11.0.3rc0 (linux64)

CPU model: Intel(R) Xeon(R) CPU           X5650  @ 2.67GHz, instruction set [SSE2]
Thread count: 12 physical cores, 24 logical processors, using up to 2 threads

Optimize a model with 8098 rows, 5573 columns and 26595 nonzeros
Model fingerprint: 0xbcdbd05c
Model has 57 quadratic constraints
Variable types: 2762 continuous, 2811 integer (52 binary)
Coefficient statistics:
  Matrix range     [2e-02, 8e+05]
  QMatrix range    [2e-02, 3e+04]
  QLMatrix range   [1e+00, 3e+04]
  Objective range  [1e+00, 9e+06]
  Bounds range     [1e+00, 1e+08]
  RHS range        [1e+00, 1e+06]
  QRHS range       [5e-02, 5e-02]
Presolve removed 7755 rows and 5222 columns
Presolve time: 0.06s
Presolved: 801 rows, 489 columns, 6911 nonzeros
Presolved model has 52 bilinear constraint(s)

Solving non-convex MIQCP

Variable types: 196 continuous, 293 integer (43 binary)
Found heuristic solution: objective 2946374.8942

Root relaxation: objective 0.000000e+00, 164 iterations, 0.01 seconds (0.00 work units)

    Nodes    |    Current Node    |     Objective Bounds      |     Work
 Expl Unexpl |  Obj  Depth IntInf | Incumbent    BestBd   Gap | It/Node Time

     0     0    0.00000    0   99 2946374.89    0.00000   100%     -    0s
H    0     0                    1277398.0014    0.00000   100%     -    0s
     0     0    0.00000    0  108 1277398.00    0.00000   100%     -    0s
     0     0    0.00000    0  108 1277398.00    0.00000   100%     -    0s
     0     0    0.00000    0  153 1277398.00    0.00000   100%     -    0s
H    0     0                    1243684.9276    0.00000   100%     -    0s
     0     0    0.00000    0  144 1243684.93    0.00000   100%     -    0s
     0     0    0.00000    0  114 1243684.93    0.00000   100%     -    0s
     0     0    0.00000    0  140 1243684.93    0.00000   100%     -    0s
     0     0    0.00000    0   91 1243684.93    0.00000   100%     -    0s
     0     0    0.00000    0  130 1243684.93    0.00000   100%     -    0s
     0     0    0.00000    0  112 1243684.93    0.00000   100%     -    0s
     0     0    0.00000    0  117 1243684.93    0.00000   100%     -    0s
     0     0    0.00000    0  113 1243684.93    0.00000   100%     -    0s
     0     0    0.00000    0  108 1243684.93    0.00000   100%     -    0s
     0     0    0.00000    0  102 1243684.93    0.00000   100%     -    0s
     0     0    0.00000    0   94 1243684.93    0.00000   100%     -    1s
     0     0    0.00000    0   92 1243684.93    0.00000   100%     -    1s
H    0     0                    1236779.8111    0.00000   100%     -    1s
     0     2    0.00000    0   92 1236779.81    0.00000   100%     -    1s
H    1     4                    1137874.0726    0.00000   100%   169    1s
H  169   565                    832323.05297    0.00000   100%  75.1    2s
H  180   565                    797977.74105    0.00000   100%  70.5    2s
H 1383  1626                    797890.16250    0.00000   100%  13.8    3s
H 1847  1203                    524317.22188    0.00000   100%  11.5    4s
H 2049  1271                    523113.19869    0.00000   100%  10.7    4s
H 2134  1350                    521754.62716    0.00000   100%  11.1    4s
H 2346  1589                    521754.12064    0.00000   100%  10.5    4s
  2444  1877 497179.469 1242   56 521754.121    0.00000   100%  10.1    5s
H 2624  1877                    521754.11982    0.00000   100%   9.6    5s
H 2886  2144                    521747.59644    0.00000   100%   9.0    5s
  3766  2901 244318.101  356   44 521747.596    0.00000   100%   8.5   10s
  3795  2925    0.00000   40  121 521747.596    0.00000   100%  11.0   15s
  3849  3011    0.00000   53  118 521747.596    0.00000   100%  11.9   20s
  3902  3167    0.00000   66  104 521747.596    0.00000   100%  12.9   26s
  4096  3236 148868.900   87   96 521747.596    0.00000   100%  14.7   30s
  4391  3402 10960.1778   79   96 521747.596    0.00000   100%  16.6   36s
  4572  3513 133565.762  124   70 521747.596    0.00000   100%  16.7   40s
  5030  3784 489843.955  232   62 521747.596    0.00000   100%  17.0   47s
  5244  3873 491553.473  287   57 521747.596    0.00000   100%  16.5   50s
  5673  4018 506538.420  401   66 521747.596    0.00000   100%  15.7   55s
  6086  4347 496449.552  509   58 521747.596    0.00000   100%  15.1   62s
  6365  4476 516467.490  594   65 521747.596    0.00000   100%  14.7   65s
  6811  4698 139664.296   89   97 521747.596    0.00000   100%  14.8   72s
  7001  4963 345054.470  120   79 521747.596    0.00000   100%  14.7   76s
  7339  5351 406374.791  171   68 521747.596    0.00000   100%  14.3   81s
  7839  5632 438386.993  236   67 521747.596    0.00000   100%  13.7   85s
  8287  5898 467300.668  284   68 521747.596    0.00000   100%  13.3   90s
  9122  6377 130397.457   84  105 521747.596    0.00000   100%  13.3   98s
  9526  6636 418398.575  146   73 521747.596    0.00000   100%  13.1  102s
  9946  6858 488135.166  106   81 521747.596    0.00000   100%  13.0  107s
 10328  7179 38319.9489   82   97 521747.596    0.00000   100%  12.8  111s
 11234  7743 498873.324  298   64 521747.596    0.00000   100%  12.5  118s
 11669  7901 258446.160   89   86 521747.596    0.00000   100%  12.3  121s
 12006  8057 60171.2660   78   98 521747.596    0.00000   100%  12.4  125s
 12528  8316 424461.859  135   77 521747.596    0.00000   100%  12.6  132s
 12752  8432 43164.7180   76   91 521747.596    0.00000   100%  12.7  135s
 13088  8571 382934.206   84   88 521747.596    0.00000   100%  13.5  142s
 13217  8644 305950.436   79   90 521747.596    0.00000   100%  13.9  146s
 13361  8736 502195.081   89   77 521747.596    0.00000   100%  14.4  150s
 13697  8902 74684.9752   82  105 521747.596    0.00000   100%  15.1  158s
 13860  8973    0.00000   71  100 521747.596    0.00000   100%  15.5  162s
 14053  9073 47844.6001   72   94 521747.596    0.00000   100%  16.0  167s
 14260  9121 206493.181   77   82 521747.596    0.00000   100%  16.4  171s
 14368  9195 420730.830   85   85 521747.596    0.00000   100%  16.7  175s
 14550  9292 194004.770   78   89 521747.596    0.00000   100%  17.2  180s
 14712  9383 498544.328   98   76 521747.596    0.00000   100%  17.5  185s
 15091  9552 324299.543   80   83 521747.596    0.00000   100%  18.4  193s
 15289  9631 418910.138   86   95 521747.596    0.00000   100%  19.1  197s
 15472  9704 57327.3064   75  105 521747.596    0.00000   100%  19.6  200s
H15473  9702                    521632.04447    0.00000   100%  19.6  200s
H15498  9674                    520670.84305    0.00000   100%  19.7  200s
H15569  9635                    519553.10799    0.00000   100%  19.8  200s
H15611  9717                    519275.10857    0.00000   100%  19.9  203s
H15625  9683                    518344.63586    0.00000   100%  19.9  203s
H15706  9632                    517191.81392    0.00000   100%  20.1  203s
 15786  9724 80749.2261   84   95 517191.814    0.00000   100%  20.3  205s
 16146  9903 464180.431   87   83 517191.814    0.00000   100%  21.0  211s
 16559 10110 178832.136   86  101 517191.814    0.00000   100%  21.7  216s
 16944 10438 504279.066  168   75 517191.814    0.00000   100%  21.9  224s
 17166 10609 497710.891   95   95 517191.814    0.00000   100%  21.9  228s
 17370 10738 161833.783   85   94 517191.814    0.00000   100%  21.8  232s
 17573 10897 108762.404   69  115 517191.814    0.00000   100%  22.0  238s
 17752 11170 141144.734   82   78 517191.814    0.00000   100%  22.0  242s
 18183 11356 436457.443  173   67 517191.814    0.00000   100%  21.7  245s
 18814 11843 413061.151  415   61 517191.814    0.00000   100%  21.3  251s
 18994 12056 414081.730  489   61 517191.814    0.00000   100%  21.2  256s
 19255 12329 417447.918  543   61 517191.814    0.00000   100%  20.9  261s
H19364 12326                    517130.88021    0.00000   100%  21.0  261s
H19404 10558                    497137.15680    0.00000   100%  20.9  261s
H20833 12095                    495574.17585    0.00000   100%  20.6  263s
H20836 11152                    487275.84048    0.00000   100%  20.6  263s
 21487 12490     cutoff   96      487275.840    0.00000   100%  20.1  266s
H22860 10306                    469742.91917    0.00000   100%  19.5  266s
 24660 11944 454846.817  100   77 469742.919    0.00000   100%  20.0  271s
H24774 11939                    469725.46470    0.00000   100%  20.1  271s
H26642 13339                    469030.84929    0.00000   100%  19.4  274s
H27110 13081                    467670.84901    0.00000   100%  19.6  274s
 27246 14655 388562.427   84   87 467670.849    0.00000   100%  19.5  276s
H28554 13011                    459595.27928    0.00000   100%  18.7  276s
H28560 13007                    459545.94826    0.00000   100%  18.7  276s
H28772 12949                    459009.60532    0.00000   100%  18.6  276s
H29884 12281                    443359.71473    0.00000   100%  18.1  278s
H30887 12927                    443231.21095    0.00000   100%  18.1  280s
H30959 12920                    442951.88292    0.00000   100%  18.2  280s
H31820 13050                    433942.81307    0.00000   100%  18.4  282s
H31904  8656                    406570.60567    0.00000   100%  18.3  282s
H31907  8563                    404507.54510    0.00000   100%  18.3  282s
H31910  8343                    399687.81258    0.00000   100%  18.3  282s
H32984  9778                    392469.12650    0.00000   100%  17.8  283s
H34800  9909                    392467.67726    0.00000   100%  17.0  284s
 35021 10344 186093.161   93   83 392467.677    0.00000   100%  17.1  285s
H36670 11365                    389549.17961    0.00000   100%  17.0  288s
H37834 11919                    386968.15023    0.00000   100%  16.7  289s
 37995 12419 356542.891  494   62 386968.150    0.00000   100%  16.7  290s
H38028 12389                    386576.78945    0.00000   100%  16.6  290s
H38031 12389                    386574.32288    0.00000   100%  16.6  290s
H38128 12380                    386490.30734    0.00000   100%  16.6  290s
H39181 13033                    386480.95580    0.00000   100%  16.4  291s
H39880 12530                    383161.13456    0.00000   100%  16.2  292s
H39883 11145                    372533.21891    0.00000   100%  16.2  292s
H40532 11503                    371517.39348    0.00000   100%  16.1  293s
H40772 11068                    362192.14759    0.00000   100%  16.3  294s
 40884 11200 infeasible   85      362192.148    0.00000   100%  16.4  295s
H41486 11465                    361774.19782    0.00000   100%  16.6  296s
H42763 12654                    361612.97871    0.00000   100%  16.8  299s
*42850 12654             388    361611.74882    0.00000   100%  16.8  299s
 43158 13124 190215.819   99   83 361611.749    0.00000   100%  17.0  300s
H43978 12846                    358770.19775    0.00000   100%  16.9  301s
H44207 12831                    358568.74096    0.00000   100%  16.9  301s
H46584 14846                    358518.00585    0.00000   100%  16.8  304s
 47016 15238 262082.081   85   86 358518.006    0.00000   100%  17.0  305s
H48003 14580                    348494.44300    0.00000   100%  17.1  306s
H48006 14532                    348131.42786    0.00000   100%  17.1  306s
H48362 11779                    322966.80116    0.00000   100%  17.1  306s
H48459 11396                    318165.46929    0.00000   100%  17.1  306s
H48701 11660                    317745.42391    0.00000   100%  17.1  307s
H48798 11650                    317593.75607    0.00000   100%  17.0  307s
H48895 11586                    316668.16615    0.00000   100%  17.0  307s
H49236 11851                    316177.05586    0.00000   100%  17.1  307s
H49851 12446                    316176.99997    0.00000   100%  17.1  308s
H49853 10680                    297672.93341    0.00000   100%  17.1  308s
H49856  9635                    288947.84112    0.00000   100%  17.1  308s
H50153  8553                    272961.02569    0.00000   100%  17.2  309s
 50533  8680     cutoff  563      272961.026    0.00000   100%  17.1  310s
H50619  8397                    269883.56060    0.00000   100%  17.2  310s
 52995  9966 71815.1428   81   82 269883.561    0.00000   100%  17.7  315s
 54151 10337 48530.2787   71   89 269883.561    0.00000   100%  18.8  320s
 55477 10963 188283.650   80  100 269883.561    0.00000   100%  19.8  325s
 56834 11878 207589.261  146   75 269883.561    0.00000   100%  20.2  330s
 59159 13544 59221.4235   81   97 269883.561    0.00000   100%  19.9  335s
 60818 14888 245612.469  146   70 269883.561    0.00000   100%  20.0  340s
H61017 14838                    269478.55681    0.00000   100%  20.0  340s
H61057 14237                    262803.09092    0.00000   100%  20.0  340s
H61060 11583                    241937.14023    0.00000   100%  20.0  340s
H62781 13010                    240789.79306    0.00000   100%  19.5  342s
H62887 10975                    226076.71947    0.00000   100%  19.5  342s
H62984 10736                    225213.56376    0.00000   100%  19.5  342s
H63081 10704                    225117.46409    0.00000   100%  19.5  342s
H64372 12141                    224947.39902    0.00000   100%  19.2  345s
 67902 14832 196482.499  671   69 224947.399    0.00000   100%  18.4  350s
H70889 15711                    219884.79637    0.00000   100%  17.9  354s
H70959 14147                    210266.06828    0.00000   100%  17.9  354s
H70962 13916                    208693.24765    0.00000   100%  17.9  354s
H71313 14101                    207264.65051    0.00000   100%  17.8  354s
 71369 14242 141491.398  114   75 207264.651    0.00000   100%  17.8  355s
H71485 14060                    206017.32445    0.00000   100%  17.8  355s
H72813 14944                    202132.19482    0.00000   100%  17.6  357s
 75492 17437 187905.105  167   71 202132.195    0.00000   100%  17.3  360s
H75696 16661                    199543.08915    0.00000   100%  17.2  360s
H77902 18578                    199543.08912    0.00000   100%  16.9  363s
 79197 19826 118302.218  136   81 199543.089    0.00000   100%  16.8  365s
 83024 23366 72247.2730  102   82 199543.089    0.00000   100%  16.2  370s
 86549 26798 164309.670  680   59 199543.089    0.00000   100%  15.8  375s
 89685 29629 infeasible 1401      199543.089    0.00000   100%  15.5  380s
 92199 31604 112144.569  289   72 199543.089    0.00000   100%  15.2  385s
 95256 34725 177261.064 1094   71 199543.089    0.00000   100%  14.9  390s
H95396 34594                    199097.88033    0.00000   100%  14.9  390s
 98537 37595 116305.621  159   80 199097.880    0.00000   100%  14.6  395s
H98956 37333                    196622.45180    0.00000   100%  14.6  395s
H99227 34953                    190529.15960    0.00000   100%  14.5  396s
H100095 34170                    187422.21405    0.00000   100%  14.4  398s
 101013 34730     cutoff  140      187422.214    0.00000   100%  14.4  400s
H101338 35157                    187389.61171    0.00000   100%  14.4  401s
 104036 37587 93245.5506  126   78 187389.612    0.00000   100%  14.1  405s
 107207 40403 126217.127  114   76 187389.612    0.00000   100%  13.9  410s
 109841 42977 140145.284  194   73 187389.612    0.00000   100%  13.7  415s
 113295 45700 116564.868  127   72 187389.612    0.00000   100%  13.5  420s
 116759 48532 164249.433  908   60 187389.612    0.00000   100%  13.3  425s
 121156 52170 84343.8353  110   81 187389.612    0.00000   100%  13.0  430s
H122302 52955                    187389.55674    0.00000   100%  12.9  431s
H122551 53179                    187389.36863    0.00000   100%  12.9  432s
H123773 54191                    187353.34248    0.00000   100%  12.9  434s
 123867 54367 157469.953  742   69 187353.342    0.00000   100%  12.9  435s
H125814 55233                    185526.97772    0.00000   100%  12.8  438s
H126739 31425                    154101.72334    0.00000   100%  12.8  439s
 126757 31430     cutoff  120      154101.723    0.00000   100%  12.8  440s
H127722 32046                    154101.64277    0.00000   100%  12.8  442s
H127846 32154                    154101.45581    0.00000   100%  12.8  442s
H128529 32566                    154065.22892    0.00000   100%  12.8  444s
H128886 31636                    151624.16930    0.00000   100%  12.8  444s
 129049 31737 127075.943  220   78 151624.169    0.00000   100%  12.8  445s
H129414 31919                    151624.16918    0.00000   100%  12.8  446s
H129653 32043                    151622.45004    0.00000   100%  12.8  446s
H130389 32532                    151379.87775    0.00000   100%  12.8  448s
 131072 32954     cutoff  117      151379.878    0.00000   100%  12.8  450s
H131215 32861                    151227.74778    0.00000   100%  12.8  450s
 133818 34855 114493.750  186   80 151227.748    0.00000   100%  12.8  455s
 136631 36919 135423.091  127   75 151227.748    0.00000   100%  12.7  460s
H137847 36989                    149903.42543    0.00000   100%  12.7  462s
H138310 36853                    149384.64888    0.00000   100%  12.7  463s
 138643 37073 infeasible  107      149384.649    0.00000   100%  12.7  465s
 140635 38133     cutoff  117      149384.649    0.00000   100%  12.7  470s
H140704 36810                    146505.60991    0.00000   100%  12.7  470s
 142258 37545 128273.523  124   82 146505.610    0.00000   100%  12.8  475s
 144212 38752 49768.2259  132   77 146505.610    0.00000   100%  12.8  480s
 146107 39798     cutoff  419      146505.610    0.00000   100%  12.8  485s
 147929 40236     cutoff  120      146505.610    0.00000   100%  12.8  490s
 149505 40839 6993.63487  107   85 146505.610    0.00000   100%  12.9  495s
 150949 40970 126949.280  116   84 146505.610    0.00000   100%  13.0  500s
 152156 41109 infeasible  129      146505.610    0.00000   100%  13.1  505s
 153743 41469 80819.9609  108   77 146505.610    0.00000   100%  13.2  510s
 155455 42428 109927.609  108   85 146505.610    0.00000   100%  13.3  515s
 157139 42844 69657.9450  113   74 146505.610    0.00000   100%  13.3  520s
H158153 41732                    143585.81600    0.00000   100%  13.4  523s
 158792 41822     cutoff  117      143585.816    0.00000   100%  13.4  525s
 160119 42104 136164.288  119   76 143585.816    0.00000   100%  13.5  530s
H160828 42112                    143518.28457    0.00000   100%  13.5  532s
H161223 42196                    143518.26858    0.00000   100%  13.6  533s
 162016 42369     cutoff  112      143518.269    0.00000   100%  13.6  535s
 163395 42773     cutoff  148      143518.269    0.00000   100%  13.7  540s
 165073 43526 42950.7116  109   79 143518.269    0.00000   100%  13.7  545s
 167303 44473 137129.236  121   79 143518.269    0.00000   100%  13.7  550s
 168914 44815    0.00000   79   72 143518.269    0.00000   100%  13.8  555s
 170518 45396 60386.2635  104   88 143518.269    0.00000   100%  13.8  560s
 172599 46304 23569.1700  112   85 143518.269    0.00000   100%  13.9  565s
 174215 46825     cutoff  115      143518.269    0.00000   100%  13.9  570s
H174388 45181                    140447.79675    0.00000   100%  13.9  570s
 175645 45565 19410.4059  105   82 140447.797    0.00000   100%  14.0  575s
 177232 45971 76671.4283  108   80 140447.797    0.00000   100%  14.1  580s
H177653 46026                    140339.85285    0.00000   100%  14.1  581s
 178974 46635    0.00000  107   72 140339.853    0.00000   100%  14.2  585s
H179105 46629                    140329.36596    0.00000   100%  14.2  585s
 180678 47186     cutoff  113      140329.366    0.00000   100%  14.2  590s
 182402 47570 72469.4894  121   80 140329.366    0.00000   100%  14.4  595s
 184093 48304 84011.6165  131   84 140329.366    0.00000   100%  14.4  600s
 185724 48784     cutoff  115      140329.366    0.00000   100%  14.5  605s
 188020 49647 107501.255  246   66 140329.366    0.00000   100%  14.5  610s
 189682 50117 77121.7738  115   85 140329.366    0.00000   100%  14.6  615s
 191499 51020    0.00000  104   74 140329.366    0.00000   100%  14.6  620s
 193389 51361 infeasible  122      140329.366    0.00000   100%  14.6  625s
 194530 51756 32259.0303  100   80 140329.366    0.00000   100%  14.7  630s
 195913 52357 139600.921  126   80 140329.366    0.00000   100%  14.7  635s
 197801 52974     cutoff  114      140329.366    0.00000   100%  14.8  640s
 199728 53722 103930.932  115   79 140329.366    0.00000   100%  14.8  645s
 201332 53913 108581.666  111   80 140329.366    0.00000   100%  14.8  650s
 203245 54249 140108.536  119   82 140329.366    0.00000   100%  14.9  655s
 205305 54737     cutoff  108      140329.366    0.00000   100%  15.0  661s
 206977 55009 118392.377  124   80 140329.366    0.00000   100%  15.1  665s
 208930 55605     cutoff  149      140329.366    0.00000   100%  15.1  670s
 210694 56237 64176.3430  101   79 140329.366    0.00000   100%  15.1  675s
H210983 52106                    133052.34886    0.00000   100%  15.1  676s
 212415 52891 14359.1660  104   79 133052.349    0.00000   100%  15.2  680s
 214635 53750 11414.6229  109   81 133052.349    0.00000   100%  15.2  685s
 216143 54442     cutoff  118      133052.349    0.00000   100%  15.2  690s
 218469 55482     cutoff  126      133052.349    0.00000   100%  15.2  695s
H219179 53554                    129305.45392    0.00000   100%  15.2  697s
 220102 53956     cutoff  107      129305.454    0.00000   100%  15.2  700s
H220283 53904                    129210.48609    0.00000   100%  15.2  700s
H220435 53984                    129210.48272    0.00000   100%  15.2  701s
H221606 53372                    127476.80335    0.00000   100%  15.3  704s
 222267 53530    0.00000  115   72 127476.803    0.00000   100%  15.3  705s
 225292 54733     cutoff  105      127476.803    0.00000   100%  15.3  710s
 227686 55167 89643.5834  202   86 127476.803    0.00000   100%  15.4  715s
H230363 55450                    126267.82113    0.00000   100%  15.4  720s
 231850 55866 35996.8625  116   78 126267.821    0.00000   100%  15.5  725s
 234405 56498 88223.6951  123   86 126267.821    0.00000   100%  15.5  730s
 237203 57282     cutoff  121      126267.821    0.00000   100%  15.6  735s
H238617 56275                    124485.14206    0.00000   100%  15.6  737s
H239408 56426                    124485.13883    0.00000   100%  15.7  739s
 239851 56573    0.00000  110   71 124485.139    0.00000   100%  15.7  740s
 242624 57390    0.00000  123   70 124485.139    0.00000   100%  15.7  745s
H244450 57163                    122771.86591    0.00000   100%  15.7  747s
 245859 57702     cutoff  122      122771.866    0.00000   100%  15.8  750s
 248063 58049     cutoff  121      122771.866    0.00000   100%  15.8  755s
 249855 58526    0.00000  123   62 122771.866    0.00000   100%  15.8  760s
H250447 58804                    122736.28520    0.00000   100%  15.8  762s
 251841 59126 108379.965  125   81 122736.285    0.00000   100%  15.8  765s
 253847 59915 22388.3066  132   69 122736.285    0.00000   100%  15.8  770s
 255815 60364     cutoff  131      122736.285    0.00000   100%  15.8  775s
 257336 60628 79523.1294  126   80 122736.285    0.00000   100%  15.8  780s
 258911 60856     cutoff  124      122736.285    0.00000   100%  15.9  785s
 260624 61127 infeasible  125      122736.285    0.00000   100%  15.9  790s
 262214 61381 24138.1018  114   86 122736.285    0.00000   100%  16.0  795s
 263611 61701 infeasible  104      122736.285    0.00000   100%  16.0  800s
 265276 62702 68059.4629  166   65 122736.285    0.00000   100%  16.0  805s
 267285 62913     cutoff  104      122736.285    0.00000   100%  16.0  810s
 268803 63268 53189.3113  121   81 122736.285    0.00000   100%  16.1  815s
 270448 63994 59889.5117  114   80 122736.285    0.00000   100%  16.1  820s
 272298 64305 53298.0563  110   73 122736.285    0.00000   100%  16.1  825s
 273603 64571     cutoff  114      122736.285    0.00000   100%  16.1  830s
 275388 65043 12640.6222  120   81 122736.285    0.00000   100%  16.1  835s
 276800 65165    0.00000  109   69 122736.285    0.00000   100%  16.2  840s
 277730 65264    0.00000  110   63 122736.285    0.00000   100%  16.3  845s
 279518 65734     cutoff  137      122736.285    0.00000   100%  16.3  850s
 281882 66883 70552.3618  226   65 122736.285    0.00000   100%  16.3  855s
 283146 67022 74709.2502  119   72 122736.285    0.00000   100%  16.3  860s
 284588 67178     cutoff  125      122736.285    0.00000   100%  16.4  865s
H285512 64792                    119257.20564    0.00000   100%  16.4  868s
 286292 64907    0.00000  118   61 119257.206    0.00000   100%  16.4  870s
H286778 64956                    119257.20243    0.00000   100%  16.4  871s
H286778 64956                    119257.01943    0.00000   100%  16.4  871s
 288078 65358     cutoff  126      119257.019    0.00000   100%  16.5  875s
 289345 65645     cutoff  102      119257.019    0.00000   100%  16.5  880s
 290883 65948     cutoff  104      119257.019    0.00000   100%  16.5  885s
 292360 66111     cutoff  112      119257.019    0.00000   100%  16.6  890s
 293624 66298 12616.4748  110   80 119257.019    0.00000   100%  16.6  895s
 295181 66599 67874.5341  115   77 119257.019    0.00000   100%  16.7  900s
 296630 66719     cutoff  110      119257.019    0.00000   100%  16.7  905s
 298142 66885 26568.5222  131   69 119257.019    0.00000   100%  16.7  910s
 299257 67121    0.00000  122   68 119257.019    0.00000   100%  16.8  915s
H299667 67130                    119257.01623    0.00000   100%  16.8  916s
 300655 67244    0.00000  115   73 119257.016    0.00000   100%  16.8  920s
 302088 67354 99536.1977  115   86 119257.016    0.00000   100%  16.9  925s
 303495 67409     cutoff  117      119257.016    0.00000   100%  17.0  930s
H304373 67671                    119163.74642    0.00000   100%  17.0  933s
 305020 67734 27147.2075  116   90 119163.746    0.00000   100%  17.0  935s
 306397 67913 infeasible  119      119163.746    0.00000   100%  17.1  940s
 307640 68002    0.00000  113   66 119163.746    0.00000   100%  17.2  945s
 308756 68329 70631.0369  123   72 119163.746    0.00000   100%  17.2  950s
 310598 68691 1016.42461  117   74 119163.746    0.00000   100%  17.3  955s
 313205 69056 infeasible  140      119163.746    0.00000   100%  17.2  960s
 315277 69648 infeasible  120      119163.746    0.00000   100%  17.2  965s
 317105 69767     cutoff  117      119163.746    0.00000   100%  17.2  970s
 318427 69959 56492.1875  161   79 119163.746    0.00000   100%  17.3  975s
 319837 70128     cutoff  114      119163.746    0.00000   100%  17.3  980s
 320952 70193     cutoff  115      119163.746    0.00000   100%  17.4  985s
 322662 70344    0.00000  114   62 119163.746    0.00000   100%  17.5  990s
 324278 70517 6415.64694  112   75 119163.746    0.00000   100%  17.5  995s
 326220 71046 9555.36632  119   80 119163.746    0.00000   100%  17.6 1000s
 327880 71506     cutoff  118      119163.746    0.00000   100%  17.6 1005s
 329323 71780     cutoff  118      119163.746    0.00000   100%  17.7 1010s
 330792 72076 12063.0015  114   69 119163.746    0.00000   100%  17.7 1015s
 332546 72275    0.00000  108   71 119163.746    0.00000   100%  17.7 1020s
 334097 72525 54739.2328  110   76 119163.746    0.00000   100%  17.8 1025s
 335410 73079     cutoff  112      119163.746    0.00000   100%  17.8 1030s
 337223 73413 75032.6324  116   77 119163.746    0.00000   100%  17.8 1035s
 339489 74112    0.00000  103   74 119163.746    0.00000   100%  17.8 1040s
H339749 74115                    119163.58402    0.00000   100%  17.8 1041s
H339749 74115                    119163.56065    0.00000   100%  17.8 1041s
H341060 74166                    119146.95291    0.00000   100%  17.9 1044s
 341445 74234 38707.2099  111   76 119146.953    0.00000   100%  17.9 1045s
 344231 74860     cutoff  115      119146.953    0.00000   100%  18.0 1050s
 346442 75720 82839.4077  131   68 119146.953    0.00000   100%  18.0 1055s
 348813 77297 59362.2461  323   70 119146.953    0.00000   100%  18.0 1060s
 351061 78143 79363.2633  143   67 119146.953    0.00000   100%  18.0 1065s
 353314 78420 115163.925  112   73 119146.953    0.00000   100%  17.9 1070s
 355609 79743     cutoff  114      119146.953    0.00000   100%  17.9 1075s
 357660 81354 72721.5822  439   75 119146.953    0.00000   100%  17.9 1080s
 360004 81660 infeasible  118      119146.953    0.00000   100%  17.8 1085s
 361675 82446     cutoff  115      119146.953    0.00000   100%  17.8 1090s
 363699 83378 35584.2464  379   68 119146.953    0.00000   100%  17.8 1095s
 366389 85440 58654.2253  391   59 119146.953    0.00000   100%  17.7 1100s
 369025 87097 69927.3062  400   66 119146.953    0.00000   100%  17.6 1105s
 371355 87996 109240.410  122   81 119146.953    0.00000   100%  17.6 1110s
 373515 89489     cutoff  125      119146.953    0.00000   100%  17.5 1115s
H373516 88970                    118461.79005    0.00000   100%  17.5 1115s
H375473 89933                    118349.92807    0.00000   100%  17.5 1118s
 375796 90234 56064.6533  171   71 118349.928    0.00000   100%  17.5 1120s
H376009 90233                    118349.88046    0.00000   100%  17.5 1120s
H376411 90545                    118349.83523    0.00000   100%  17.5 1121s
 377919 91063 infeasible  111      118349.835    0.00000   100%  17.4 1125s
H379174 91340                    118349.64416    0.00000   100%  17.5 1128s
 379777 91760 62182.7399  122   65 118349.644    0.00000   100%  17.5 1130s
 381866 92421     cutoff  114      118349.644    0.00000   100%  17.4 1135s
 384006 93459 95559.3590  115   79 118349.644    0.00000   100%  17.4 1140s
 386300 94725 36098.5408  159   73 118349.644    0.00000   100%  17.3 1145s
 388377 95774     cutoff  128      118349.644    0.00000   100%  17.3 1150s
 390386 96087     cutoff  113      118349.644    0.00000   100%  17.3 1155s
H392129 96695                    118284.62713    0.00000   100%  17.3 1159s
 392155 96783 17972.1622  189   75 118284.627    0.00000   100%  17.3 1160s
 393729 97047    0.00000  116   67 118284.627    0.00000   100%  17.3 1165s
 395751 97359     cutoff  115      118284.627    0.00000   100%  17.3 1170s
 397276 97938     cutoff  102      118284.627    0.00000   100%  17.3 1175s
 399091 98196 8176.80131  110   86 118284.627    0.00000   100%  17.4 1180s
 400584 98600 infeasible  121      118284.627    0.00000   100%  17.4 1185s
 401890 98811    0.00000  117   63 118284.627    0.00000   100%  17.4 1190s
H402252 98861                    118102.23551    0.00000   100%  17.4 1191s
 403864 99145    0.00000  114   68 118102.236    0.00000   100%  17.4 1195s
 406144 99287     cutoff  116      118102.236    0.00000   100%  17.4 1200s
 407491 99461 82586.2203  118   79 118102.236    0.00000   100%  17.4 1205s
 409072 99677    0.00000  113   66 118102.236    0.00000   100%  17.5 1210s
H410326 99164                    117494.20165    0.00000   100%  17.5 1214s
 410563 99193     cutoff  115      117494.202    0.00000   100%  17.5 1215s
H410829 99249                    117483.18069    0.00000   100%  17.5 1216s
 412128 99536 infeasible  118      117483.181    0.00000   100%  17.5 1220s
H413844 100007                    117458.80600    0.00000   100%  17.5 1224s
 414257 100025     cutoff  111      117458.806    0.00000   100%  17.5 1225s
 415198 100054     cutoff  112      117458.806    0.00000   100%  17.5 1230s
H415675 99821                    117092.12185    0.00000   100%  17.6 1232s
 416728 100326 62419.0261  237   68 117092.122    0.00000   100%  17.6 1236s
H417643 100464                    117092.02830    0.00000   100%  17.6 1238s
H417755 100464                    117092.01610    0.00000   100%  17.6 1238s
 418379 100521 29059.1613  111   84 117092.016    0.00000   100%  17.6 1240s
 419590 100628 infeasible  119      117092.016    0.00000   100%  17.6 1245s
 420959 100752 infeasible  111      117092.016    0.00000   100%  17.7 1250s
 422278 100927 110505.877  133   80 117092.016    0.00000   100%  17.7 1255s
 424791 101284     cutoff  152      117092.016    0.00000   100%  17.7 1260s
H426133 101433                    117091.74798    0.00000   100%  17.8 1263s
 427030 101491 114491.022  114   82 117091.748    0.00000   100%  17.8 1265s
 428855 101577     cutoff  120      117091.748    0.00000   100%  17.9 1270s
 430924 102552 82751.8932  819   66 117091.748    0.00000   100%  17.9 1275s
H431074 102549                    117086.01873    0.00000   100%  17.9 1275s
 432367 102670 107984.597  118   83 117086.019    0.00000   100%  17.9 1280s
 433776 102744     cutoff  113      117086.019    0.00000   100%  18.0 1285s
 435309 102841 82270.5657  122   82 117086.019    0.00000   100%  18.1 1290s
 436731 103054 26126.7944  107   85 117086.019    0.00000   100%  18.1 1295s
 438123 103149     cutoff  123      117086.019    0.00000   100%  18.1 1300s
 439902 103496 61369.0499  117   81 117086.019    0.00000   100%  18.1 1305s
 441216 103644     cutoff  109      117086.019    0.00000   100%  18.2 1310s
 443057 103856 77562.2009  103   84 117086.019    0.00000   100%  18.2 1315s
H444184 103983                    117053.91105    0.00000   100%  18.2 1318s
 444438 104071     cutoff  113      117053.911    0.00000   100%  18.2 1320s
 446455 104764 91701.0734  132   80 117053.911    0.00000   100%  18.1 1325s
 448285 105153     cutoff  108      117053.911    0.00000   100%  18.1 1330s
 449965 105453 103006.768  111   84 117053.911    0.00000   100%  18.1 1335s
 451707 105837 111553.583  105   81 117053.911    0.00000   100%  18.1 1340s
H453009 106002                    117053.73693    0.00000   100%  18.1 1343s
H453009 106001                    117053.48644    0.00000   100%  18.1 1343s
 453545 106066    0.00000  112   74 117053.486    0.00000   100%  18.1 1345s
H454216 105803                    116730.15912    0.00000   100%  18.1 1348s
 454759 105849 11961.6013  102   89 116730.159    0.00000   100%  18.1 1350s
H456612 106588                    116730.15391    0.00000   100%  18.1 1354s
H456705 106601                    116730.12523    0.00000   100%  18.1 1355s
H457365 106699                    116729.87473    0.00000   100%  18.2 1357s
 458215 107104     cutoff  186      116729.875    0.00000   100%  18.2 1360s
H458729 107108                    116727.16030    0.00000   100%  18.2 1361s
 459992 107609 66802.8444  121   69 116727.160    0.00000   100%  18.2 1365s
 462141 108197     cutoff  112      116727.160    0.00000   100%  18.2 1370s
 463931 108852 100827.261  116   80 116727.160    0.00000   100%  18.2 1375s
 466032 109236 46152.5142   96   74 116727.160    0.00000   100%  18.2 1380s
 467786 109505 infeasible  114      116727.160    0.00000   100%  18.2 1385s
H468390 109562                    116719.31409    0.00000   100%  18.2 1387s
 469516 109980     cutoff  104      116719.314    0.00000   100%  18.2 1390s
H469680 109980                    116719.18096    0.00000   100%  18.2 1390s
H470114 110058                    116718.91216    0.00000   100%  18.2 1391s
 471504 110353 113877.113  101   83 116718.912    0.00000   100%  18.2 1395s
 473388 110734 infeasible  109      116718.912    0.00000   100%  18.2 1400s
 475061 111354 50906.8460  106   84 116718.912    0.00000   100%  18.2 1405s
 477033 111778 86560.8440  133   69 116718.912    0.00000   100%  18.2 1410s
 478702 112206 58939.5962  121   83 116718.912    0.00000   100%  18.2 1415s
H479266 112140                    116635.73661    0.00000   100%  18.2 1416s
H479364 112136                    116635.69314    0.00000   100%  18.2 1417s
H479364 112136                    116635.36315    0.00000   100%  18.2 1417s
 479868 112229     cutoff  118      116635.363    0.00000   100%  18.2 1420s
 481773 113405 45883.6767  142   77 116635.363    0.00000   100%  18.2 1425s
 483353 113601     cutoff  117      116635.363    0.00000   100%  18.3 1430s
 485006 113813     cutoff  116      116635.363    0.00000   100%  18.3 1435s
 486369 113925 infeasible  112      116635.363    0.00000   100%  18.3 1440s
 488150 114168     cutoff  128      116635.363    0.00000   100%  18.3 1445s
H489656 114325                    116632.06614    0.00000   100%  18.3 1449s
 489703 114412 81654.5975  127   76 116632.066    0.00000   100%  18.3 1450s
 491238 114644     cutoff  136      116632.066    0.00000   100%  18.3 1455s
H491239 114644                    116631.70490    0.00000   100%  18.3 1455s
H491895 114715                    116624.91518    0.00000   100%  18.3 1456s
H492625 114757                    116624.86965    0.00000   100%  18.3 1458s
H492799 114831                    116624.54749    0.00000   100%  18.3 1459s
 493069 114867     cutoff  109      116624.547    0.00000   100%  18.3 1460s
 494646 115037    0.00000  102   70 116624.547    0.00000   100%  18.3 1465s
 496147 115251 infeasible  117      116624.547    0.00000   100%  18.4 1470s
 497817 115580    0.00000   97   80 116624.547    0.00000   100%  18.4 1475s
 499470 115888 98046.2883  109   80 116624.547    0.00000   100%  18.5 1480s
 500726 115986    0.00000  109   62 116624.547    0.00000   100%  18.5 1485s
 501950 116057 59989.8480  107   78 116624.547    0.00000   100%  18.5 1490s
 503661 116225 58043.0535  105   85 116624.547    0.00000   100%  18.6 1495s
 505175 116410     cutoff  108      116624.547    0.00000   100%  18.6 1500s
H505516 116425                    116623.35837    0.00000   100%  18.6 1501s
H505821 116487                    116598.49267    0.00000   100%  18.6 1503s
 506229 116581     cutoff  105      116598.493    0.00000   100%  18.6 1505s
 508121 116819 61176.1621  105   82 116598.493    0.00000   100%  18.7 1510s
 509557 116900     cutoff  101      116598.493    0.00000   100%  18.7 1515s
 510915 117068 infeasible  100      116598.493    0.00000   100%  18.7 1520s
 512645 117270    0.00000  107   69 116598.493    0.00000   100%  18.8 1525s
 514289 117425     cutoff  110      116598.493    0.00000   100%  18.8 1530s
 515740 118029     cutoff  566      116598.493    0.00000   100%  18.8 1535s
 517415 118223 107978.193  118   83 116598.493    0.00000   100%  18.9 1540s
 518672 118293 106350.006  114   83 116598.493    0.00000   100%  18.9 1545s
 520149 118384    0.00000  111   62 116598.493    0.00000   100%  19.0 1550s
 521691 118606     cutoff  115      116598.493    0.00000   100%  19.0 1555s
 523165 118851 73685.0020  124   79 116598.493    0.00000   100%  19.0 1560s
 524874 118932 29190.9402  107   81 116598.493    0.00000   100%  19.0 1565s
 526244 119040     cutoff  130      116598.493    0.00000   100%  19.1 1570s
 527719 119172 infeasible  124      116598.493    0.00000   100%  19.1 1575s
 529581 119490 38032.7473  106   82 116598.493    0.00000   100%  19.1 1580s
 531429 120019 101692.978  128   83 116598.493    0.00000   100%  19.1 1585s
 533693 120633 infeasible  152      116598.493    0.00000   100%  19.1 1590s
 535641 121104 83165.4310  122   84 116598.493    0.00000   100%  19.0 1595s
 537647 121537     cutoff  129      116598.493    0.00000   100%  19.0 1600s
 539441 121980 68445.6396  121   76 116598.493    0.00000   100%  19.0 1605s
 541378 122213     cutoff  114      116598.493    0.00000   100%  19.0 1610s
 542760 122445 56865.0596  109   83 116598.493    0.00000   100%  19.0 1615s
 544266 122713     cutoff  119      116598.493    0.00000   100%  19.0 1620s
 546058 123227     cutoff  124      116598.493    0.00000   100%  19.0 1625s
 548038 123835 114761.107  117   78 116598.493    0.00000   100%  19.0 1630s
 550296 124667 infeasible  121      116598.493    0.00000   100%  19.0 1635s
 551935 125070 89173.5647  112   83 116598.493    0.00000   100%  19.0 1640s
 553804 125797     cutoff  104      116598.493    0.00000   100%  19.0 1645s
 555773 126503 116234.872  121   82 116598.493    0.00000   100%  19.0 1650s
 557452 126960 19274.4950  112   81 116598.493    0.00000   100%  19.0 1655s
 559735 127465 infeasible  121      116598.493    0.00000   100%  19.0 1660s
 561379 127732 25937.7893  101   88 116598.493    0.00000   100%  19.0 1665s
 562847 128079 68073.9175   99   79 116598.493    0.00000   100%  19.0 1670s
 564741 128514     cutoff  112      116598.493    0.00000   100%  19.0 1675s
 566349 128868 infeasible  163      116598.493    0.00000   100%  19.0 1680s
 568022 129221 infeasible  102      116598.493    0.00000   100%  19.0 1685s
 569888 129586 22851.8446  103   76 116598.493    0.00000   100%  19.0 1690s
 572171 130165 70721.3340  135   76 116598.493    0.00000   100%  19.0 1695s
 574442 130606 infeasible  112      116598.493    0.00000   100%  19.1 1700s
 577411 131195 20766.2055  109   76 116598.493    0.00000   100%  19.1 1705s
H578293 131257                    116496.73807    0.00000   100%  19.1 1707s
H578442 131333                    116496.73470    0.00000   100%  19.1 1707s
H578737 131353                    116495.41120    0.00000   100%  19.1 1708s
 579894 131564 infeasible  106      116495.411    0.00000   100%  19.1 1710s
H580789 131644                    116416.20363    0.00000   100%  19.1 1711s
H581440 131828                    116416.02960    0.00000   100%  19.1 1712s
H581742 131860                    116414.68237    0.00000   100%  19.1 1713s
H581888 131856                    116413.66625    0.00000   100%  19.1 1713s
 582916 132093 112294.014  112   81 116413.666    0.00000   100%  19.1 1715s
 586466 133893 75464.5429  218   66 116413.666    0.00000   100%  19.1 1720s
H587593 134079                    116310.39116    0.00000   100%  19.1 1721s
H587924 134122                    116310.22827    0.00000   100%  19.1 1722s
H587924 134122                    116308.84543    0.00000   100%  19.1 1722s
 589312 134402 30584.2794  103   76 116308.845    0.00000   100%  19.1 1725s
 591412 134729     cutoff  105      116308.845    0.00000   100%  19.1 1730s
 592533 135001 6911.97183  107   76 116308.845    0.00000   100%  19.2 1735s
 595752 136028     cutoff  112      116308.845    0.00000   100%  19.2 1740s
 598307 136695     cutoff  110      116308.845    0.00000   100%  19.2 1745s
H600705 137200                    116277.16173    0.00000   100%  19.2 1749s
 600751 137206     cutoff  114      116277.162    0.00000   100%  19.2 1750s
H600757 137206                    116277.06853    0.00000   100%  19.2 1750s
H600839 137206                    116275.83320    0.00000   100%  19.2 1750s
H600907 137246                    116275.63277    0.00000   100%  19.2 1750s
 603199 137439     cutoff  124      116275.633    0.00000   100%  19.2 1755s
H604728 137558                    116274.80968    0.00000   100%  19.3 1759s
 605077 137579 31252.1348  121   82 116274.810    0.00000   100%  19.2 1760s
H605673 137717                    116273.80625    0.00000   100%  19.3 1761s
H606648 137792                    116220.49048    0.00000   100%  19.3 1764s
 606951 137917     cutoff  129      116220.490    0.00000   100%  19.3 1765s
 608833 138217 108866.818  124   82 116220.490    0.00000   100%  19.3 1770s
H608974 138235                    116201.83223    0.00000   100%  19.3 1771s
H610329 138626                    116201.82855    0.00000   100%  19.3 1774s
H610537 138750                    116201.52002    0.00000   100%  19.3 1775s
H610944 138666                    116043.83005    0.00000   100%  19.3 1776s
 612755 139149 92741.7621  127   80 116043.830    0.00000   100%  19.3 1780s
H613317 139244                    116043.75279    0.00000   100%  19.2 1781s
H613843 139435                    116043.55228    0.00000   100%  19.2 1783s
 614288 139543 52295.9694  117   87 116043.552    0.00000   100%  19.2 1785s
 616316 139945 2641.80640  119   84 116043.552    0.00000   100%  19.2 1790s
H617410 140137                    116028.01523    0.00000   100%  19.2 1793s
 618126 140314     cutoff  108      116028.015    0.00000   100%  19.2 1795s
H618547 140320                    116028.01425    0.00000   100%  19.3 1796s
H619155 140529                    116027.81374    0.00000   100%  19.3 1797s
 619666 140631    0.00000  115   76 116027.814    0.00000   100%  19.3 1800s
 621103 140705 infeasible  117      116027.814    0.00000   100%  19.3 1805s
H621104 140699                    116023.95248    0.00000   100%  19.3 1805s
 622567 140881     cutoff  109      116023.952    0.00000   100%  19.3 1810s
H622712 140881                    116023.34353    0.00000   100%  19.3 1810s
 624293 141086    0.00000  103   91 116023.344    0.00000   100%  19.3 1815s
 625360 141279 23968.6038  114   82 116023.344    0.00000   100%  19.3 1820s
 627264 141599 13302.7958  129   85 116023.344    0.00000   100%  19.4 1825s
 628736 141843     cutoff  150      116023.344    0.00000   100%  19.4 1830s
 630392 142017 27184.0129  115   80 116023.344    0.00000   100%  19.4 1835s
 631625 142087 infeasible  121      116023.344    0.00000   100%  19.4 1840s
 632676 142161     cutoff  125      116023.344    0.00000   100%  19.5 1845s
 633702 142281 25501.7746  118   78 116023.344    0.00000   100%  19.5 1850s
 634951 142319     cutoff  126      116023.344    0.00000   100%  19.6 1855s
 635684 142340 89747.5912  120   84 116023.344    0.00000   100%  19.6 1860s
 637605 142729     cutoff  123      116023.344    0.00000   100%  19.6 1865s
 639234 142927 98256.5233  119   85 116023.344    0.00000   100%  19.6 1870s
 640604 143070 90087.4233  113   81 116023.344    0.00000   100%  19.6 1875s
 642132 143373    0.00000  111   74 116023.344    0.00000   100%  19.7 1880s
 644024 143552 87151.8250  102   80 116023.344    0.00000   100%  19.7 1885s
 645901 144036 48781.4714  126   78 116023.344    0.00000   100%  19.7 1890s
 647570 144145 97701.3970  113   80 116023.344    0.00000   100%  19.7 1895s
 649235 144253    0.00000  116   71 116023.344    0.00000   100%  19.7 1900s
 651687 144848     cutoff  113      116023.344    0.00000   100%  19.7 1905s
 653953 145268 60412.3230  131   82 116023.344    0.00000   100%  19.7 1910s
 656087 145701     cutoff  128      116023.344    0.00000   100%  19.7 1915s
 659148 146060 99453.9286  125   83 116023.344    0.00000   100%  19.8 1920s
 661398 146728     cutoff  119      116023.344    0.00000   100%  19.8 1925s
 662875 147064 103763.759  121   80 116023.344    0.00000   100%  19.8 1930s
 664804 147348     cutoff  111      116023.344    0.00000   100%  19.8 1935s
 665936 147542 15813.4170  116   81 116023.344    0.00000   100%  19.8 1940s
 667796 147910     cutoff  119      116023.344    0.00000   100%  19.8 1945s
 669930 148219 infeasible  102      116023.344    0.00000   100%  19.8 1950s
 671363 148283     cutoff  119      116023.344    0.00000   100%  19.8 1955s
 672778 148379 54450.4182  113   81 116023.344    0.00000   100%  19.8 1960s
 674770 148621     cutoff  115      116023.344    0.00000   100%  19.9 1965s
 675839 148621     cutoff  117      116023.344    0.00000   100%  19.9 1970s
 677146 148775 infeasible  106      116023.344    0.00000   100%  19.9 1975s
 679021 148928 97083.5445  118   83 116023.344    0.00000   100%  20.0 1980s
 681617 150247 75328.0321  107   80 116023.344    0.00000   100%  20.0 1985s
 684800 151609     cutoff  109      116023.344    0.00000   100%  20.1 1990s
 687129 152211 100341.612  101   83 116023.344    0.00000   100%  20.2 1995s
 689546 152938     cutoff  128      116023.344    0.00000   100%  20.3 2000s
 691694 153333 infeasible  134      116023.344    0.00000   100%  20.4 2005s
 694428 154087 85831.8578  107   78 116023.344    0.00000   100%  20.5 2010s
 696790 154610 infeasible  115      116023.344    0.00000   100%  20.6 2015s
 699487 155189     cutoff  121      116023.344    0.00000   100%  20.7 2020s
 701947 155630 102751.565  114   79 116023.344    0.00000   100%  20.8 2025s
 704559 156119 infeasible  120      116023.344    0.00000   100%  20.9 2030s
 706310 156437 113386.937  118   78 116023.344    0.00000   100%  21.0 2035s
 707759 156832     cutoff  118      116023.344    0.00000   100%  21.1 2040s
 709326 157129    0.00000  119   62 116023.344    0.00000   100%  21.1 2045s
 711056 157363 infeasible  113      116023.344    0.00000   100%  21.2 2050s
 712592 157697 infeasible  127      116023.344    0.00000   100%  21.3 2055s
 715299 158280 95495.0857  116   71 116023.344    0.00000   100%  21.4 2060s
H717405 158619                    116019.68278    0.00000   100%  21.5 2064s
 717543 158712 77693.3785  112   72 116019.683    0.00000   100%  21.5 2065s
 720372 159284 109716.506  118   75 116019.683    0.00000   100%  21.6 2070s
 722795 159655 98191.8416  118   77 116019.683    0.00000   100%  21.7 2075s
 725227 160031 infeasible  123      116019.683    0.00000   100%  21.8 2080s
 727704 160500     cutoff  135      116019.683    0.00000   100%  21.9 2085s
 730319 161041 108007.140  112   74 116019.683    0.00000   100%  22.0 2090s
 732743 161672 infeasible  121      116019.683    0.00000   100%  22.1 2095s
 735129 162318 85567.0531  120   80 116019.683    0.00000   100%  22.2 2100s
 736889 162659 110760.082  124   77 116019.683    0.00000   100%  22.3 2105s
 739658 163202     cutoff  108      116019.683    0.00000   100%  22.4 2110s
 742041 163647 99000.1908  123   81 116019.683    0.00000   100%  22.5 2115s
 744342 164201 89018.0347  128   74 116019.683    0.00000   100%  22.6 2120s
 745932 164573 108765.054  118   76 116019.683    0.00000   100%  22.7 2125s
 747826 165156 infeasible  116      116019.683    0.00000   100%  22.7 2130s
 749116 165393 infeasible  130      116019.683    0.00000   100%  22.8 2135s
 750929 165742 infeasible  136      116019.683    0.00000   100%  22.9 2140s
 752497 166143 103189.328  125   71 116019.683    0.00000   100%  22.9 2145s
 753789 166388 infeasible  125      116019.683    0.00000   100%  23.0 2150s
 755548 166716 infeasible  115      116019.683    0.00000   100%  23.1 2155s
 757283 166909 99827.7057  130   75 116019.683    0.00000   100%  23.1 2160s
 758648 167024 infeasible  125      116019.683    0.00000   100%  23.2 2165s
 759976 167163 91701.7419  108   79 116019.683    0.00000   100%  23.3 2170s
 761561 167301 104789.338  115   77 116019.683    0.00000   100%  23.3 2175s
 763313 167452 infeasible  131      116019.683    0.00000   100%  23.4 2180s
 764640 167595 infeasible  115      116019.683    0.00000   100%  23.4 2185s
 766248 167776 102239.722  121   75 116019.683    0.00000   100%  23.5 2190s
 768676 168151 110371.467  117   78 116019.683    0.00000   100%  23.6 2195s
 770792 168570 infeasible  119      116019.683    0.00000   100%  23.7 2200s
 773396 169220 108565.612  117   80 116019.683    0.00000   100%  23.8 2205s
 775715 169926 82467.6905  116   76 116019.683    0.00000   100%  23.8 2210s
 777828 170087     cutoff  119      116019.683    0.00000   100%  23.9 2215s
 779986 170425 108769.602  116   80 116019.683    0.00000   100%  24.0 2220s
 782487 171088 infeasible  129      116019.683    0.00000   100%  24.1 2225s
 784901 171554    0.00000  113   80 116019.683    0.00000   100%  24.2 2230s
 787665 172211     cutoff  127      116019.683    0.00000   100%  24.3 2235s
H789735 172645                    115964.72475    0.00000   100%  24.4 2239s
 790199 172776 infeasible  110      115964.725    0.00000   100%  24.4 2240s
 792467 173150 100271.203  107   81 115964.725    0.00000   100%  24.4 2245s
 794925 173675    0.00000  100   71 115964.725    0.00000   100%  24.5 2250s
 797363 174384 89301.7026  101   84 115964.725    0.00000   100%  24.6 2255s
 800005 175311     cutoff  165      115964.725    0.00000   100%  24.7 2260s
 802100 176307 73606.9254  153   80 115964.725    0.00000   100%  24.7 2265s
 804259 177273 57509.9189  148   79 115964.725    0.00000   100%  24.8 2270s
 806390 178198 19319.0909  119   82 115964.725    0.00000   100%  24.8 2275s
 809198 179038 111298.696  141   75 115964.725    0.00000   100%  24.9 2280s
 811631 179720     cutoff  141      115964.725    0.00000   100%  24.9 2285s
 814202 180389 infeasible  137      115964.725    0.00000   100%  25.0 2290s
 816539 180877 106978.323  132   77 115964.725    0.00000   100%  25.0 2295s
 819091 181386 91160.1134  104   65 115964.725    0.00000   100%  25.1 2300s
 820939 182157 infeasible  120      115964.725    0.00000   100%  25.2 2305s
 823238 183198 6771.32093  111   84 115964.725    0.00000   100%  25.2 2310s
 825420 184049     cutoff  132      115964.725    0.00000   100%  25.3 2315s
 827651 184666    0.00000  113   81 115964.725    0.00000   100%  25.3 2320s
 829424 185383     cutoff  128      115964.725    0.00000   100%  25.4 2325s
 831056 185864 9594.04261  117   79 115964.725    0.00000   100%  25.4 2330s
 832438 186352 infeasible  105      115964.725    0.00000   100%  25.4 2335s
 833836 186511     cutoff  113      115964.725    0.00000   100%  25.5 2340s
 835383 187059 infeasible  127      115964.725    0.00000   100%  25.5 2345s
 836878 187411     cutoff  132      115964.725    0.00000   100%  25.6 2350s
 838922 187999 infeasible  142      115964.725    0.00000   100%  25.6 2355s
 840552 188636    0.00000  104   74 115964.725    0.00000   100%  25.7 2360s
 841971 189062 50710.6969  120   79 115964.725    0.00000   100%  25.7 2365s
 843429 189652 94314.9740  117   83 115964.725    0.00000   100%  25.7 2370s
H844020 189668                    115919.56028    0.00000   100%  25.7 2372s
H844307 189823                    115919.50073    0.00000   100%  25.8 2373s
H844759 189875                    115919.36886    0.00000   100%  25.8 2374s
 844878 189929 52183.1260  114   84 115919.369    0.00000   100%  25.8 2375s
H846313 190506                    115918.12752    0.00000   100%  25.8 2379s
 846522 190683 27382.7812  111   80 115918.128    0.00000   100%  25.8 2380s
 848052 191242 infeasible  138      115918.128    0.00000   100%  25.8 2385s
 849725 191847 61828.7482  111   83 115918.128    0.00000   100%  25.9 2390s
 851227 192427 95782.4039  121   80 115918.128    0.00000   100%  25.9 2395s
 852553 193024 91084.6880  115   84 115918.128    0.00000   100%  25.9 2400s
 854205 193579 infeasible  133      115918.128    0.00000   100%  26.0 2405s
 855991 194093 68583.9137  130   83 115918.128    0.00000   100%  26.0 2410s
 857133 194620 infeasible  133      115918.128    0.00000   100%  26.1 2415s
 858801 195050    0.00000  130   70 115918.128    0.00000   100%  26.1 2420s
H859169 195086                    115916.54996    0.00000   100%  26.1 2421s
H859232 195054                    115883.72420    0.00000   100%  26.1 2421s
 860290 195376    0.00000  103   75 115883.724    0.00000   100%  26.2 2425s
 861627 195740 infeasible  101      115883.724    0.00000   100%  26.2 2430s
 863085 196291 infeasible  137      115883.724    0.00000   100%  26.2 2436s
 864449 196800 infeasible  127      115883.724    0.00000   100%  26.3 2440s
 866283 197457 100106.457  129   73 115883.724    0.00000   100%  26.3 2445s
 868067 198052 infeasible  145      115883.724    0.00000   100%  26.3 2450s
 869635 198508 89163.7421  113   75 115883.724    0.00000   100%  26.4 2455s
 871373 199193 infeasible  107      115883.724    0.00000   100%  26.4 2460s
 872962 199609 106725.733  121   75 115883.724    0.00000   100%  26.4 2465s
 874842 200304 103757.881  122   67 115883.724    0.00000   100%  26.5 2470s
 876588 201078 96730.5236  126   77 115883.724    0.00000   100%  26.5 2475s
 877811 201388 infeasible  119      115883.724    0.00000   100%  26.5 2480s
 879669 202196 86172.9120  144   74 115883.724    0.00000   100%  26.6 2485s
 881254 202833 108065.496  108   78 115883.724    0.00000   100%  26.6 2490s
 882527 203316 infeasible  123      115883.724    0.00000   100%  26.6 2495s
 884350 203983 104286.313  113   74 115883.724    0.00000   100%  26.7 2500s
 886007 204497 infeasible  126      115883.724    0.00000   100%  26.7 2505s
 887580 204997 infeasible  112      115883.724    0.00000   100%  26.8 2510s
 888778 205450 113986.656  135   75 115883.724    0.00000   100%  26.8 2515s
 890558 206037 89962.6888  113   82 115883.724    0.00000   100%  26.8 2520s
 892085 206490 93334.0216  114   75 115883.724    0.00000   100%  26.9 2525s
 893262 206796     cutoff  115      115883.724    0.00000   100%  26.9 2530s
H893481 206850                    115881.11752    0.00000   100%  26.9 2531s
H893743 206875                    115880.94515    0.00000   100%  26.9 2532s
 894535 207190 infeasible  113      115880.945    0.00000   100%  27.0 2535s
 896730 207765 104946.069  126   76 115880.945    0.00000   100%  27.0 2540s
H897110 207821                    115877.21101    0.00000   100%  27.0 2541s
 897982 208057 infeasible  119      115877.211    0.00000   100%  27.0 2545s
 899627 208505 63128.3902  113   77 115877.211    0.00000   100%  27.1 2550s
H900475 208818                    115876.61180    0.00000   100%  27.1 2552s
 901360 209002 infeasible  118      115876.612    0.00000   100%  27.1 2555s
 902693 209402 108892.217  115   79 115876.612    0.00000   100%  27.2 2560s
 904192 209931    0.00000  108   76 115876.612    0.00000   100%  27.2 2565s
 906033 210446 infeasible  114      115876.612    0.00000   100%  27.2 2570s
 907722 210857 infeasible  112      115876.612    0.00000   100%  27.2 2575s
 908730 211126 98245.3456  112   75 115876.612    0.00000   100%  27.3 2580s
 909826 211385 infeasible  114      115876.612    0.00000   100%  27.3 2585s
 911693 212130     cutoff  118      115876.612    0.00000   100%  27.3 2591s
 913231 212358 infeasible  106      115876.612    0.00000   100%  27.4 2596s
H913472 212286                    115696.50511    0.00000   100%  27.4 2598s
 914130 212416 infeasible  121      115696.505    0.00000   100%  27.4 2600s
H914552 212425                    115613.43575    0.00000   100%  27.4 2601s
 915851 212810 115329.009  119   74 115613.436    0.00000   100%  27.4 2605s
 917567 213501 55739.6596  117   84 115613.436    0.00000   100%  27.4 2610s
 919275 213965 infeasible  129      115613.436    0.00000   100%  27.5 2615s
 920939 214200    0.00000  115   65 115613.436    0.00000   100%  27.5 2620s
 922560 214676 115565.791  122   80 115613.436    0.00000   100%  27.5 2625s
 923988 215034     cutoff  134      115613.436    0.00000   100%  27.6 2630s
 925621 215395 96718.4077  124   73 115613.436    0.00000   100%  27.6 2635s
 927475 215837 81388.8741  134   82 115613.436    0.00000   100%  27.6 2640s
 928859 216173 infeasible  122      115613.436    0.00000   100%  27.6 2645s
 930468 216728 58601.4934  113   86 115613.436    0.00000   100%  27.7 2650s
 931998 217150 51667.4843  104   81 115613.436    0.00000   100%  27.7 2655s
 933639 217545 62978.3243  122   78 115613.436    0.00000   100%  27.7 2660s
 934693 217745 61967.1087  125   81 115613.436    0.00000   100%  27.7 2665s
 936587 218287 107178.586  122   83 115613.436    0.00000   100%  27.8 2670s
 937896 218656 infeasible  105      115613.436    0.00000   100%  27.8 2675s
 939273 218919 63580.5487  112   80 115613.436    0.00000   100%  27.8 2680s
 940889 219303 25383.8171  112   87 115613.436    0.00000   100%  27.9 2685s
 942694 219776 infeasible  113      115613.436    0.00000   100%  27.9 2690s
 944858 220533 107455.709  122   77 115613.436    0.00000   100%  27.9 2695s
 947532 221249 85882.7535  102   85 115613.436    0.00000   100%  28.0 2700s
 949564 221711 40898.7314  116   84 115613.436    0.00000   100%  28.0 2705s
 951556 222493     cutoff  114      115613.436    0.00000   100%  28.0 2710s
 953525 223031 50340.2921  115   86 115613.436    0.00000   100%  28.1 2715s
 954898 223500 44354.3713  107   80 115613.436    0.00000   100%  28.1 2720s
 956396 223741 infeasible  118      115613.436    0.00000   100%  28.1 2725s
 958252 224093 72332.9042  118   81 115613.436    0.00000   100%  28.1 2730s
 959589 224453 25345.8303  109   78 115613.436    0.00000   100%  28.2 2735s
 961181 224842 20753.6912   95   81 115613.436    0.00000   100%  28.2 2740s
 962279 224931 54813.3332  116   80 115613.436    0.00000   100%  28.3 2745s
 964146 225382 83624.6873  115   77 115613.436    0.00000   100%  28.3 2750s
 965303 225538 infeasible  121      115613.436    0.00000   100%  28.3 2755s
 966856 225967 56188.3963  112   78 115613.436    0.00000   100%  28.4 2760s
 968896 226487 52136.0456  123   83 115613.436    0.00000   100%  28.4 2765s
 970459 226994 infeasible  110      115613.436    0.00000   100%  28.4 2770s
 971998 227456     cutoff  121      115613.436    0.00000   100%  28.4 2775s
 973538 227786     cutoff  153      115613.436    0.00000   100%  28.5 2780s
 974876 228149 infeasible  102      115613.436    0.00000   100%  28.5 2785s
 976221 228316 101787.786  126   69 115613.436    0.00000   100%  28.5 2790s
 977524 228594 infeasible  109      115613.436    0.00000   100%  28.6 2795s
 978953 228903     cutoff  114      115613.436    0.00000   100%  28.6 2800s
 980530 229379 37806.9482  107   77 115613.436    0.00000   100%  28.6 2805s
 982124 229984 17189.1577  104   80 115613.436    0.00000   100%  28.6 2810s
 983860 230453 infeasible  123      115613.436    0.00000   100%  28.6 2815s
 985613 230836 17576.1221  108   84 115613.436    0.00000   100%  28.7 2821s
 986693 231175 105056.899  116   61 115613.436    0.00000   100%  28.7 2825s
 988597 231861 infeasible  113      115613.436    0.00000   100%  28.7 2830s
 990228 232227 104678.936  111   81 115613.436    0.00000   100%  28.7 2835s
 991443 232656 93304.1381  133   77 115613.436    0.00000   100%  28.7 2840s
 993066 233044     cutoff  100      115613.436    0.00000   100%  28.8 2845s
 994290 233337 49790.8815  105   70 115613.436    0.00000   100%  28.8 2850s
 996018 233630 106357.735  121   73 115613.436    0.00000   100%  28.8 2856s
 997201 233934 110047.481  109   82 115613.436    0.00000   100%  28.9 2860s
 999050 234314 infeasible  115      115613.436    0.00000   100%  28.9 2865s
 1000827 234846 96788.6987  111   80 115613.436    0.00000   100%  28.9 2870s
 1001959 235320 62443.7400  104   82 115613.436    0.00000   100%  28.9 2875s
 1003858 235895 infeasible  121      115613.436    0.00000   100%  29.0 2880s
 1005207 236277 105128.423  110   79 115613.436    0.00000   100%  29.0 2885s
 1006394 236439 103096.438  111   79 115613.436    0.00000   100%  29.0 2890s
 1007677 237002 43036.4424  112   85 115613.436    0.00000   100%  29.0 2895s
 1009201 237420 45364.5458  116   81 115613.436    0.00000   100%  29.1 2900s
 1011066 238023 107755.504  120   79 115613.436    0.00000   100%  29.1 2905s
 1012488 238391 89104.3731  115   80 115613.436    0.00000   100%  29.1 2910s
 1014035 238880 114497.383  117   79 115613.436    0.00000   100%  29.1 2915s
 1015501 239324 infeasible  116      115613.436    0.00000   100%  29.2 2920s
 1016892 239689 47611.2854  114   81 115613.436    0.00000   100%  29.2 2925s
 1018459 240315 95732.2949  120   70 115613.436    0.00000   100%  29.2 2930s
 1020071 240724 83225.1967  123   75 115613.436    0.00000   100%  29.2 2935s
 1021879 241241 104445.239  114   72 115613.436    0.00000   100%  29.2 2940s
 1023436 241805 infeasible  122      115613.436    0.00000   100%  29.2 2945s
 1025504 242357     cutoff  111      115613.436    0.00000   100%  29.3 2950s
 1027189 243098 110418.029  150   77 115613.436    0.00000   100%  29.3 2955s
 1028437 243484 infeasible  125      115613.436    0.00000   100%  29.3 2960s
 1029875 243941 infeasible  112      115613.436    0.00000   100%  29.3 2965s
 1031546 244310 infeasible  123      115613.436    0.00000   100%  29.3 2970s
 1032782 244818 107942.949  126   67 115613.436    0.00000   100%  29.4 2975s
 1034886 245355 68682.8222  104   73 115613.436    0.00000   100%  29.4 2980s
 1036310 245624 infeasible  118      115613.436    0.00000   100%  29.4 2985s
 1037383 245762 infeasible  127      115613.436    0.00000   100%  29.4 2990s
 1039029 246519 101024.579  123   78 115613.436    0.00000   100%  29.4 2995s
 1040734 247115 infeasible  144      115613.436    0.00000   100%  29.5 3000s
 1042254 247930 infeasible  118      115613.436    0.00000   100%  29.5 3005s
 1044028 248481 61731.2189  130   82 115613.436    0.00000   100%  29.5 3010s
 1045866 249094 96714.2927  140   73 115613.436    0.00000   100%  29.5 3015s
 1047540 249680 infeasible  129      115613.436    0.00000   100%  29.5 3020s
 1049202 250128 85712.4296  122   78 115613.436    0.00000   100%  29.5 3025s
 1051060 250910 88075.9287  141   77 115613.436    0.00000   100%  29.5 3030s
 1052799 251476 106988.968  116   79 115613.436    0.00000   100%  29.5 3035s
 1054714 252140 107407.592  120   77 115613.436    0.00000   100%  29.6 3040s
 1056493 252529 103324.185  125   75 115613.436    0.00000   100%  29.6 3045s
 1058269 253027 70268.6490  148   81 115613.436    0.00000   100%  29.6 3050s
 1059813 253394    0.00000  123   71 115613.436    0.00000   100%  29.6 3055s
 1061736 253901 97143.4030  125   73 115613.436    0.00000   100%  29.6 3060s
 1063417 254253 56836.0195  113   79 115613.436    0.00000   100%  29.7 3065s
 1065289 254707 101073.307  136   78 115613.436    0.00000   100%  29.7 3070s
 1067127 255277 83934.6666  121   79 115613.436    0.00000   100%  29.7 3075s
 1068782 255781 85273.4238  108   77 115613.436    0.00000   100%  29.7 3080s
 1070585 256359 infeasible  121      115613.436    0.00000   100%  29.7 3085s
 1072232 256950 96131.8593  129   80 115613.436    0.00000   100%  29.7 3090s
 1074256 257631 95814.3722  131   76 115613.436    0.00000   100%  29.7 3095s
 1076126 258283 70239.8219  140   79 115613.436    0.00000   100%  29.8 3100s
 1078029 258877     cutoff  137      115613.436    0.00000   100%  29.8 3105s
 1079963 259518    0.00000  114   73 115613.436    0.00000   100%  29.8 3110s
 1083299 260608 91035.2620  119   76 115613.436    0.00000   100%  29.8 3115s
 1084991 260912 infeasible  116      115613.436    0.00000   100%  29.8 3120s
 1086782 261429 82039.0773  127   78 115613.436    0.00000   100%  29.8 3125s
 1088710 261962 100524.953  119   77 115613.436    0.00000   100%  29.8 3130s
 1090577 262520 57424.9756  117   82 115613.436    0.00000   100%  29.9 3135s
 1092277 263094 105606.161  144   75 115613.436    0.00000   100%  29.9 3140s
 1094181 263548 infeasible  119      115613.436    0.00000   100%  29.9 3145s
 1096902 264571 infeasible  129      115613.436    0.00000   100%  29.9 3150s
 1099599 265421 81814.8195  128   73 115613.436    0.00000   100%  29.9 3155s
 1102726 266315 59076.5874  136   73 115613.436    0.00000   100%  29.9 3160s
 1104507 266824 88769.1621  113   81 115613.436    0.00000   100%  30.0 3165s
 1106199 267228 98308.4973  142   75 115613.436    0.00000   100%  30.0 3170s
 1108051 267534 infeasible  109      115613.436    0.00000   100%  30.0 3175s
 1109524 267911 107646.554  117   77 115613.436    0.00000   100%  30.0 3180s
 1110883 268693 77549.3027  110   74 115613.436    0.00000   100%  30.0 3185s
 1113304 269411 106676.928  153   74 115613.436    0.00000   100%  30.1 3190s
 1115377 270133 105938.107  131   74 115613.436    0.00000   100%  30.1 3195s
 1116817 270529 98254.1525  121   77 115613.436    0.00000   100%  30.1 3200s
 1118951 271400 55454.2775  117   79 115613.436    0.00000   100%  30.1 3205s
 1121488 272335 85156.8036  126   71 115613.436    0.00000   100%  30.2 3210s
 1123840 273074 26479.4966  111   83 115613.436    0.00000   100%  30.2 3215s
 1125913 273981 101111.893  165   74 115613.436    0.00000   100%  30.2 3220s
 1127897 274770 infeasible  143      115613.436    0.00000   100%  30.2 3225s
 1129986 275613 infeasible  137      115613.436    0.00000   100%  30.2 3230s
 1131538 276176 45535.3269  122   77 115613.436    0.00000   100%  30.2 3235s
 1133706 276734 79885.9668  136   74 115613.436    0.00000   100%  30.3 3240s
 1135191 277182 infeasible  127      115613.436    0.00000   100%  30.3 3245s
 1136574 277786 infeasible  124      115613.436    0.00000   100%  30.3 3250s
 1138132 278317    0.00000  112   79 115613.436    0.00000   100%  30.3 3255s
 1139967 278909 67213.5976  124   78 115613.436    0.00000   100%  30.3 3260s
 1141288 279257 104966.607  146   76 115613.436    0.00000   100%  30.4 3265s
 1143050 279797 infeasible  131      115613.436    0.00000   100%  30.4 3270s
 1144859 280151 89080.8412  125   79 115613.436    0.00000   100%  30.4 3275s
 1146192 280539 112401.148  139   72 115613.436    0.00000   100%  30.4 3280s
 1148397 281253 infeasible  122      115613.436    0.00000   100%  30.4 3285s
 1150219 281856 82568.1295  128   75 115613.436    0.00000   100%  30.4 3290s
 1151850 282226 107639.796  131   75 115613.436    0.00000   100%  30.4 3295s
 1153571 282645 109760.164  132   77 115613.436    0.00000   100%  30.5 3300s
 1155117 283072 59899.5067  145   75 115613.436    0.00000   100%  30.5 3305s
 1156960 283735 infeasible  110      115613.436    0.00000   100%  30.5 3310s
 1158992 284541 infeasible  106      115613.436    0.00000   100%  30.5 3315s
 1160722 284986 100174.888  134   78 115613.436    0.00000   100%  30.5 3320s
 1162219 285325 infeasible  123      115613.436    0.00000   100%  30.5 3325s
 1164053 285952 infeasible  131      115613.436    0.00000   100%  30.5 3330s
 1166015 286590 63759.6758  124   77 115613.436    0.00000   100%  30.5 3335s
 1167394 286995 infeasible  116      115613.436    0.00000   100%  30.6 3340s
 1168956 287507 infeasible  115      115613.436    0.00000   100%  30.6 3345s
 1171096 288412 infeasible  145      115613.436    0.00000   100%  30.6 3350s
 1172789 288928 81228.1027  123   74 115613.436    0.00000   100%  30.6 3355s
 1174584 289608     cutoff  130      115613.436    0.00000   100%  30.6 3360s
 1176532 290111 49474.4578  124   79 115613.436    0.00000   100%  30.6 3365s
 1178137 290806 63040.6686  120   76 115613.436    0.00000   100%  30.6 3370s
 1180024 291486     cutoff  122      115613.436    0.00000   100%  30.6 3375s
 1181739 291843     cutoff  131      115613.436    0.00000   100%  30.6 3380s
 1183618 292407 102232.455  142   75 115613.436    0.00000   100%  30.7 3385s
 1185309 292851 114174.381  132   75 115613.436    0.00000   100%  30.7 3390s
 1186947 293341 100819.718  122   76 115613.436    0.00000   100%  30.7 3395s
H1188393 293737                    115609.70094    0.00000   100%  30.7 3399s
 1188718 293849 113532.340  129   79 115609.701    0.00000   100%  30.7 3400s
 1190532 294337 105310.673  124   75 115609.701    0.00000   100%  30.7 3405s
H1191677 294630                    115609.52998    0.00000   100%  30.7 3409s
 1192133 294754     cutoff  118      115609.530    0.00000   100%  30.7 3410s
H1192649 294954                    115608.93072    0.00000   100%  30.7 3412s
 1193508 295231 70677.0451  131   76 115608.931    0.00000   100%  30.8 3415s
 1195408 295905 101197.032  117   78 115608.931    0.00000   100%  30.8 3420s
 1197064 296252 64806.5171  118   76 115608.931    0.00000   100%  30.8 3425s
 1198807 296716 83910.8478  136   77 115608.931    0.00000   100%  30.8 3430s
H1199853 296993                    115606.13034    0.00000   100%  30.8 3433s
 1200608 297159 81415.3548  125   79 115606.130    0.00000   100%  30.8 3435s
H1200869 297235                    115602.50474    0.00000   100%  30.8 3436s
 1202076 297639 109028.697  128   74 115602.505    0.00000   100%  30.8 3440s
 1203857 298019 99556.4709  127   76 115602.505    0.00000   100%  30.9 3445s
 1205605 298438 78770.1726  132   77 115602.505    0.00000   100%  30.9 3450s
 1207419 298957 87871.2502  143   77 115602.505    0.00000   100%  30.9 3455s
 1208773 299486 65212.2702  120   77 115602.505    0.00000   100%  30.9 3460s
H1209588 299360                    115383.63537    0.00000   100%  30.9 3461s
 1210695 299717     cutoff  119      115383.635    0.00000   100%  30.9 3465s
 1212552 300294 infeasible  120      115383.635    0.00000   100%  30.9 3470s
 1214509 300720 86868.3685  134   74 115383.635    0.00000   100%  31.0 3475s
 1216418 301138 98211.1465  130   76 115383.635    0.00000   100%  31.0 3480s
H1216953 301239                    115383.54777    0.00000   100%  31.0 3482s
 1218104 301462     cutoff  127      115383.548    0.00000   100%  31.0 3485s
H1218928 301664                    115379.64162    0.00000   100%  31.0 3488s
 1219411 301852 61045.2033  115   78 115379.642    0.00000   100%  31.0 3490s
 1221344 302325     cutoff  121      115379.642    0.00000   100%  31.0 3495s
 1223031 302783 95188.1318  138   76 115379.642    0.00000   100%  31.0 3500s
 1224721 303293 41179.2503  129   74 115379.642    0.00000   100%  31.0 3505s
 1226383 303664 93907.4090  134   78 115379.642    0.00000   100%  31.1 3510s
 1228163 303970 49139.1151  130   75 115379.642    0.00000   100%  31.1 3515s
 1229596 304357 102194.494  135   72 115379.642    0.00000   100%  31.1 3520s
 1231540 304962 infeasible  153      115379.642    0.00000   100%  31.1 3525s
H1231832 304982                    115376.78136    0.00000   100%  31.1 3526s
H1231990 304992                    115373.23585    0.00000   100%  31.1 3527s
 1233050 305345 69649.6635  123   76 115373.236    0.00000   100%  31.1 3530s
 1234497 305724    0.00000  124   70 115373.236    0.00000   100%  31.1 3535s
 1236382 306141     cutoff  139      115373.236    0.00000   100%  31.2 3540s
 1237905 306549 18924.7068  127   83 115373.236    0.00000   100%  31.2 3545s
 1239360 306902 77063.4869  130   77 115373.236    0.00000   100%  31.2 3550s
 1241155 307365    0.00000  117   70 115373.236    0.00000   100%  31.2 3555s
 1242590 307893 36718.3709  110   84 115373.236    0.00000   100%  31.2 3560s
 1243925 308155 57648.6265  124   80 115373.236    0.00000   100%  31.2 3565s
H1244926 308358                    115327.51649    0.00000   100%  31.2 3568s
 1245621 308536 98044.0578  127   77 115327.516    0.00000   100%  31.3 3570s
H1246085 308609                    115327.39439    0.00000   100%  31.3 3571s
H1246737 308873                    115326.18344    0.00000   100%  31.3 3573s
 1247224 309158 84876.4282  141   81 115326.183    0.00000   100%  31.3 3575s
 1248937 309689 infeasible  113      115326.183    0.00000   100%  31.3 3580s
 1250531 310153    0.00000  113   75 115326.183    0.00000   100%  31.3 3585s
 1252390 310735 98583.4546  134   74 115326.183    0.00000   100%  31.3 3590s
 1253913 311129 56463.7837  116   80 115326.183    0.00000   100%  31.3 3595s
 1255608 311612 74638.1209  128   73 115326.183    0.00000   100%  31.3 3600s

Cutting planes:
  Gomory: 1
  Implied bound: 6
  MIR: 27
  Flow cover: 2
  RLT: 8
  Relax-and-lift: 5

Explored 1255738 nodes (39357266 simplex iterations) in 3600.01 seconds (2414.22 work units)
Thread count was 2 (of 24 available processors)

Solution count 10: 115326 115328 115373 ... 115877

Time limit reached
Best objective 1.153261834356e+05, best bound 0.000000000000e+00, gap 100.0000%
