
Gurobi 11.0.3 (linux64, Java) logging started qui 28 nov 2024 10:00:35 -03

Set parameter Username
Academic license - for non-commercial use only - expires 2025-10-10
Set parameter NonConvex to value 2
Set parameter TimeLimit to value 3600
Set parameter LogToConsole to value 0
Set parameter MIPGap to value 2.3060879868461677e-07
Set parameter Threads to value 2
Set parameter NodefileDir to value "/home/ps12398/experiment_hosp/goalProgrammingMarcos/"
Set parameter NodefileStart to value 1
Gurobi Optimizer version 11.0.3 build v11.0.3rc0 (linux64)

CPU model: Intel(R) Xeon(R) CPU           X5650  @ 2.67GHz, instruction set [SSE2]
Thread count: 12 physical cores, 24 logical processors, using up to 2 threads

Optimize a model with 8098 rows, 5573 columns and 26595 nonzeros
Model fingerprint: 0x60cc3013
Model has 57 quadratic constraints
Variable types: 2762 continuous, 2811 integer (52 binary)
Coefficient statistics:
  Matrix range     [2e-02, 8e+05]
  QMatrix range    [2e-02, 3e+04]
  QLMatrix range   [1e+00, 3e+04]
  Objective range  [1e+00, 9e+06]
  Bounds range     [1e+00, 1e+08]
  RHS range        [1e+00, 1e+06]
  QRHS range       [5e-02, 5e-02]
Presolve removed 7755 rows and 5222 columns
Presolve time: 0.07s
Presolved: 801 rows, 489 columns, 6911 nonzeros
Presolved model has 52 bilinear constraint(s)

Solving non-convex MIQCP

Variable types: 196 continuous, 293 integer (43 binary)
Found heuristic solution: objective 3118089.9279

Root relaxation: objective 0.000000e+00, 154 iterations, 0.01 seconds (0.00 work units)

    Nodes    |    Current Node    |     Objective Bounds      |     Work
 Expl Unexpl |  Obj  Depth IntInf | Incumbent    BestBd   Gap | It/Node Time

     0     0    0.00000    0   98 3118089.93    0.00000   100%     -    0s
H    0     0                    1484459.2683    0.00000   100%     -    0s
     0     0    0.00000    0  174 1484459.27    0.00000   100%     -    0s
     0     0    0.00000    0  204 1484459.27    0.00000   100%     -    0s
     0     0    0.00000    0  127 1484459.27    0.00000   100%     -    0s
     0     0    0.00000    0  143 1484459.27    0.00000   100%     -    0s
     0     0    0.00000    0  173 1484459.27    0.00000   100%     -    0s
     0     0    0.00000    0  102 1484459.27    0.00000   100%     -    0s
     0     0    0.00000    0  123 1484459.27    0.00000   100%     -    0s
H    0     0                    1463684.9563    0.00000   100%     -    0s
     0     0    0.00000    0  127 1463684.96    0.00000   100%     -    0s
     0     0    0.00000    0  104 1463684.96    0.00000   100%     -    0s
H    0     0                    1415540.0591    0.00000   100%     -    1s
     0     0    0.00000    0  116 1415540.06    0.00000   100%     -    1s
     0     0    0.00000    0  108 1415540.06    0.00000   100%     -    1s
     0     0    0.00000    0  128 1415540.06    0.00000   100%     -    1s
     0     0    0.00000    0  125 1415540.06    0.00000   100%     -    1s
     0     0    0.00000    0  118 1415540.06    0.00000   100%     -    1s
     0     2    0.00000    0  101 1415540.06    0.00000   100%     -    1s
H   12    14                    1096863.0580    0.00000   100%   130    1s
H   26    68                    1096736.5431    0.00000   100%  86.1    2s
H   50    68                    1066314.5788    0.00000   100%  68.2    2s
H   76   342                    1066009.7241    0.00000   100%  61.1    2s
H  884   703                    731469.49530    0.00000   100%  12.8    3s
H 1459  1066                    673296.85611    0.00000   100%  12.8    4s
H 1559  1222                    663965.19807    0.00000   100%  12.6    4s
H 1855  1495                    657021.87381    0.00000   100%  11.9    4s
  1988  1586 543874.521  827   63 657021.874    0.00000   100%  11.8    5s
H 1994  1586                    653108.21780    0.00000   100%  11.8    5s
  2303  1791 536116.149  732   79 653108.218    0.00000   100%  12.9   10s
  2329  1810 81116.8658   29   52 653108.218    0.00000   100%  14.6   16s
H 2330  1722                    652787.86354    0.00000   100%  16.8   16s
H 2361  1659                    518982.14618    0.00000   100%  17.3   17s
H 3106  2169                    509299.84469    0.00000   100%  18.6   18s
H 3455  2421                    487368.84854    0.00000   100%  17.9   19s
H 4086  2755                    487194.08695    0.00000   100%  17.0   19s
H 4295  2841                    486912.77200    0.00000   100%  16.7   19s
H 4316  2749                    468568.29412    0.00000   100%  16.7   19s
  4530  2792 450878.766  631   79 468568.294    0.00000   100%  16.2   20s
H 5488  3161                    468399.01475    0.00000   100%  16.7   21s
H 5628  3446                    468281.20512    0.00000   100%  16.9   22s
H 6708  4073                    450318.52261    0.00000   100%  16.5   23s
H 7880  4779                    443348.18065    0.00000   100%  15.9   24s
  8334  5351 319613.645   99   73 443348.181    0.00000   100%  15.9   25s
 14038 10671 393299.313 1414   57 443348.181    0.00000   100%  11.4   30s
H16598 12833                    442530.20438    0.00000   100%  10.9   33s
H17139 13110                    439199.83696    0.00000   100%  11.2   34s
 17808 14189 382109.684  221   63 439199.837    0.00000   100%  10.9   35s
H18822 13784                    421566.32274    0.00000   100%  10.5   36s
H18943 13564                    418431.64867    0.00000   100%  10.5   36s
H19350 12674                    412446.88222    0.00000   100%  10.3   36s
H21218 13946                    410246.81689    0.00000   100%   9.9   38s
H21423  9291                    391893.21785    0.00000   100%  10.2   39s
 21599  9491    0.00000   78   84 391893.218    0.00000   100%  10.4   40s
 24008 11359 212270.977  219   76 391893.218    0.00000   100%  11.7   45s
H24708 11701                    391893.21689    0.00000   100%  11.5   46s
 27341 14436 291916.462   81   85 391893.217    0.00000   100%  10.9   50s
 31867 18277    0.00000   80   83 391893.217    0.00000   100%  10.6   55s
 34752 19807 269364.779  776   64 391893.217    0.00000   100%  10.9   60s
H36892  9776                    318159.92911    0.00000   100%  10.9   62s
H38056 11072                    317893.69426    0.00000   100%  10.8   64s
 38821 11736 245251.175  153   63 317893.694    0.00000   100%  10.7   65s
 43647 16174 299817.730 1647   59 317893.694    0.00000   100%   9.8   70s
H47125 18841                    317893.36745    0.00000   100%   9.2   75s
 50044 19193 244650.753  772   55 317893.367    0.00000   100%   8.8   80s
H51309 19164                    312809.82797    0.00000   100%   8.7   83s
 52044 19902 187400.605  140   61 312809.828    0.00000   100%   8.7   85s
H55882 23297                    312809.03165    0.00000   100%   8.3   89s
 56313 23588 306834.591  135   62 312809.032    0.00000   100%   8.3   90s
H57235 23022                    303062.76245    0.00000   100%   8.2   91s
 60280 25350 269664.354  512   55 303062.762    0.00000   100%   8.1   95s
H62957 25333                    297101.50325    0.00000   100%   7.9   98s
 64104 25853 214452.393  120   65 297101.503    0.00000   100%   7.8  100s
H65576 25529                    290333.91618    0.00000   100%   7.9  102s
H65673 25506                    289939.16675    0.00000   100%   7.9  102s
H65770 24871                    285601.21635    0.00000   100%   7.9  102s
H65797 24939                    285471.85378    0.00000   100%   7.9  103s
H65798 24935                    285448.60041    0.00000   100%   7.9  103s
H65802 23702                    278072.52747    0.00000   100%   7.9  103s
 67650 25467 182488.679  813   63 278072.527    0.00000   100%   7.8  105s
H69474 19381                    251571.61689    0.00000   100%   7.9  106s
H70747 19580                    250289.33836    0.00000   100%   7.9  108s
 71627 20022 248153.977  115   77 250289.338    0.00000   100%   8.0  110s
 75048 21824 123829.366   77   78 250289.338    0.00000   100%   8.9  115s
H75761 20526                    241813.56519    0.00000   100%   9.1  116s
H75955 11968                    206366.27840    0.00000   100%   9.1  116s
H79313 14273                    201126.18391    0.00000   100%   9.1  120s
H81151 15456                    201066.04134    0.00000   100%   9.1  121s
H81713 15933                    201065.99020    0.00000   100%   9.0  122s
 84016 17910 53963.8200  111   76 201065.990    0.00000   100%   9.0  125s
H87975 21542                    201027.10545    0.00000   100%   8.9  129s
 89338 22791 168964.820  773   60 201027.105    0.00000   100%   8.8  130s
H91599 23884                    194627.28250    0.00000   100%   8.7  132s
H91986 24029                    194469.58528    0.00000   100%   8.7  132s
H93244 22336                    187777.74518    0.00000   100%   8.7  133s
H93440 22582                    187690.19683    0.00000   100%   8.7  134s
H93940 22871                    187418.07454    0.00000   100%   8.7  134s
H94212 23055                    187418.05583    0.00000   100%   8.7  134s
H94349 23157                    187418.03526    0.00000   100%   8.7  134s
 94545 23329     cutoff  145      187418.035    0.00000   100%   8.7  135s
 96504 24400 77175.0220   72  105 187418.035    0.00000   100%   9.2  140s
 99330 26346    0.00000   71  101 187418.035    0.00000   100%   9.6  145s
 101682 27544 174325.507  149   62 187418.035    0.00000   100%   9.8  150s
H102900 27319                    183296.29852    0.00000   100%  10.0  153s
 104259 29122 130346.449  488   58 183296.299    0.00000   100%   9.9  155s
H106955 30697                    182767.30801    0.00000   100%   9.8  157s
 108547 32443 104603.269  112   76 182767.308    0.00000   100%   9.7  160s
H109032 29939                    174237.83306    0.00000   100%   9.7  160s
H109420 28280                    170283.37599    0.00000   100%   9.7  161s
H109954 27749                    167733.54532    0.00000   100%   9.7  161s
H110384 28108                    167733.37538    0.00000   100%   9.6  162s
 112700 29824 74967.0412  128   69 167733.375    0.00000   100%   9.6  165s
H115867 31887                    167194.65558    0.00000   100%   9.5  169s
H116123 32230                    167190.67601    0.00000   100%   9.5  169s
 116501 32582 93053.3811  179   65 167190.676    0.00000   100%   9.4  170s
 120423 36253 135247.915 1143   55 167190.676    0.00000   100%   9.3  175s
 124208 39148 143688.643  136   62 167190.676    0.00000   100%   9.2  180s
H127409 40475                    164662.75048    0.00000   100%   9.1  184s
 127781 41057 137082.391  266   49 164662.750    0.00000   100%   9.1  185s
H128135 41085                    164426.34219    0.00000   100%   9.1  185s
H128442 41362                    164426.29795    0.00000   100%   9.0  186s
H128892 41597                    164326.39800    0.00000   100%   9.0  186s
H129994 40541                    160830.14640    0.00000   100%   9.0  187s
H130515 39276                    157123.38884    0.00000   100%   9.0  188s
H130858 39562                    157123.38711    0.00000   100%   9.0  189s
H130858 39557                    157118.96737    0.00000   100%   9.0  189s
 131293 39928 58881.2299  124   72 157118.967    0.00000   100%   9.0  190s
 133907 42156     cutoff  153      157118.967    0.00000   100%   8.9  195s
H133964 40807                    154249.68362    0.00000   100%   8.9  195s
H134593 41525                    154210.80769    0.00000   100%   8.9  196s
H135069 41680                    154210.80348    0.00000   100%   8.9  196s
 137189 43691 68156.7549  197   71 154210.803    0.00000   100%   8.9  200s
 141014 47149 130318.819  266   47 154210.803    0.00000   100%   8.7  205s
 145113 50128 149685.471  149   53 154210.803    0.00000   100%   8.7  210s
H147911 52327                    154147.99110    0.00000   100%   8.7  213s
H148081 52369                    154112.49657    0.00000   100%   8.7  214s
H148145 52413                    154092.16116    0.00000   100%   8.7  214s
H148146 52413                    154087.00796    0.00000   100%   8.7  214s
H148160 52402                    154066.82516    0.00000   100%   8.7  214s
H148185 52327                    153910.89470    0.00000   100%   8.7  214s
 148198 52386 74273.3968  198   62 153910.895    0.00000   100%   8.7  215s
H148199 52375                    153891.46133    0.00000   100%   8.7  215s
H148202 52364                    153869.73240    0.00000   100%   8.7  215s
H148304 52291                    153652.46929    0.00000   100%   8.6  215s
H148312 52299                    153652.23615    0.00000   100%   8.6  216s
H148312 52298                    153648.96186    0.00000   100%   8.6  216s
H148333 52457                    153625.82015    0.00000   100%   8.6  216s
H148496 52774                    153625.56654    0.00000   100%   8.6  216s
 152126 55525 101725.019 1224   66 153625.567    0.00000   100%   8.6  220s
 158042 60660 143348.845 1096   67 153625.567    0.00000   100%   8.4  225s
H161400 63355                    153624.33491    0.00000   100%   8.4  229s
 161699 63593 122738.982  299   54 153624.335    0.00000   100%   8.4  230s
 165475 67172 64557.5416  136   72 153624.335    0.00000   100%   8.3  235s
 169306 70515 86203.9318  251   60 153624.335    0.00000   100%   8.2  240s
 173702 74008 93396.3838  319   49 153624.335    0.00000   100%   8.2  245s
 176694 76221 84363.1551  191   55 153624.335    0.00000   100%   8.1  250s
 180556 79541 128984.829  513   37 153624.335    0.00000   100%   8.1  255s
 184516 82130     cutoff  212      153624.335    0.00000   100%   8.0  260s
 189299 86300 114810.360  738   62 153624.335    0.00000   100%   8.0  265s
 193448 90220 95582.9678  246   60 153624.335    0.00000   100%   7.9  270s
 197491 93560 131161.818  973   45 153624.335    0.00000   100%   7.8  275s
 201767 97677 90659.5737  140   63 153624.335    0.00000   100%   7.8  280s
 205135 100579 111975.261  554   53 153624.335    0.00000   100%   7.8  285s
 209341 103617 83693.3638  185   65 153624.335    0.00000   100%   7.7  290s
 213027 106906 51670.8694  120   64 153624.335    0.00000   100%   7.7  295s
 218368 111357 112817.904  358   60 153624.335    0.00000   100%   7.6  300s
 223646 115847 84512.6370  177   64 153624.335    0.00000   100%   7.5  305s
 230654 122154 110751.786  403   45 153624.335    0.00000   100%   7.4  310s
 235630 125805 122839.592  278   49 153624.335    0.00000   100%   7.3  315s
 238727 128505 93556.3793  233   69 153624.335    0.00000   100%   7.3  320s
 242878 132178 52453.3405  111   78 153624.335    0.00000   100%   7.2  325s
 247057 135825 125631.821  586   47 153624.335    0.00000   100%   7.2  330s
 252993 141313 108712.452  244   45 153624.335    0.00000   100%   7.1  335s
 257250 145225 102846.499  968   43 153624.335    0.00000   100%   7.1  340s
 261382 148956 129539.416 1922   41 153624.335    0.00000   100%   7.1  345s
 265561 152246     cutoff  294      153624.335    0.00000   100%   7.0  350s
 269639 156108 130318.891  917   46 153624.335    0.00000   100%   7.0  355s
 273541 159365 119644.247  179   43 153624.335    0.00000   100%   6.9  360s
 278071 163434 114940.729  846   53 153624.335    0.00000   100%   6.9  365s
 283377 168113 119325.875  475   50 153624.335    0.00000   100%   6.9  370s
 289074 172808 47625.1250  116   65 153624.335    0.00000   100%   6.8  375s
 292894 175477 125947.494  177   68 153624.335    0.00000   100%   6.8  380s
 297387 179749 99133.0066  231   42 153624.335    0.00000   100%   6.7  385s
 303223 184536 115437.420  616   41 153624.335    0.00000   100%   6.7  390s
H304610 185697                    153492.83793    0.00000   100%   6.7  391s
 309308 189464 103519.480  412   48 153492.838    0.00000   100%   6.6  395s
 314109 193383 119042.016  756   64 153492.838    0.00000   100%   6.6  400s
 318616 197447 90609.4122  530   53 153492.838    0.00000   100%   6.5  405s
 322669 200823 147243.307  179   39 153492.838    0.00000   100%   6.5  410s
 326999 204943 116859.982  742   59 153492.838    0.00000   100%   6.5  415s
 331924 208966     cutoff  152      153492.838    0.00000   100%   6.5  420s
 336013 212860 96812.7518  371   39 153492.838    0.00000   100%   6.4  425s
 340539 217013 152004.763  183   52 153492.838    0.00000   100%   6.4  430s
 345483 221696 115137.244  554   64 153492.838    0.00000   100%   6.4  435s
 349383 224917 95775.8612  237   56 153492.838    0.00000   100%   6.4  440s
 353914 228387 136962.314 1128   49 153492.838    0.00000   100%   6.3  445s
 358617 232491 117587.419  151   52 153492.838    0.00000   100%   6.3  450s
 362980 236893 75361.5143  243   70 153492.838    0.00000   100%   6.3  455s
 367268 239982 89415.7792  239   62 153492.838    0.00000   100%   6.2  460s
 372026 243714 45661.8683  135   70 153492.838    0.00000   100%   6.2  465s
 376538 247875 72936.9629  147   60 153492.838    0.00000   100%   6.2  470s
 380983 251592     cutoff 1305      153492.838    0.00000   100%   6.1  475s
 385031 255180 140127.312  729   40 153492.838    0.00000   100%   6.1  480s
 389324 258799 142789.795  608   50 153492.838    0.00000   100%   6.1  485s
 392990 261882     cutoff 1429      153492.838    0.00000   100%   6.1  490s
 397432 265873 117614.809  611   63 153492.838    0.00000   100%   6.1  495s
 401373 269235     cutoff  208      153492.838    0.00000   100%   6.1  500s
 405009 271560 70840.9411  159   58 153492.838    0.00000   100%   6.1  505s
 409998 275591 134088.352  192   52 153492.838    0.00000   100%   6.1  510s
 414368 279521 127573.469  142   52 153492.838    0.00000   100%   6.1  515s
 418836 283009 93596.0159  247   61 153492.838    0.00000   100%   6.1  520s
H422163 285607                    153127.71484    0.00000   100%   6.1  522s
 425471 288470 128414.094  623   44 153127.715    0.00000   100%   6.1  525s
 432697 294806 124267.393  379   38 153127.715    0.00000   100%   6.0  530s
 440039 300625 122848.750  524   47 153127.715    0.00000   100%   6.0  535s
 445942 305848 107480.633 1215   66 153127.715    0.00000   100%   6.0  540s
 452550 311959 122042.672  334   45 153127.715    0.00000   100%   6.0  545s
 460612 318245     cutoff 1581      153127.715    0.00000   100%   5.9  550s
 465226 322489 138076.290  694   59 153127.715    0.00000   100%   5.9  555s
 471661 327403 94827.0921  182   45 153127.715    0.00000   100%   5.9  560s
 478184 332539 103558.976  577   53 153127.715    0.00000   100%   5.8  565s
 482125 335767 91547.1538  149   54 153127.715    0.00000   100%   5.8  570s
 486790 340052 31104.5926  128   71 153127.715    0.00000   100%   5.8  575s
 490999 343977 120221.748  371   43 153127.715    0.00000   100%   5.8  580s
 494805 347368 21407.2324   98   83 153127.715    0.00000   100%   5.8  585s
 498249 349993 109552.546  164   71 153127.715    0.00000   100%   5.8  590s
 502634 353903 47342.2173  130   67 153127.715    0.00000   100%   5.8  595s
*504195 351471             247    149884.72485    0.00000   100%   5.8  597s
*504196 351466             247    149882.51443    0.00000   100%   5.8  597s
H504341 351587                    149880.54950    0.00000   100%   5.8  597s
H505037 352100                    149841.66475    0.00000   100%   5.8  598s
H506069 352932                    149798.56452    0.00000   100%   5.8  599s
H506497 353719                    149795.52729    0.00000   100%   5.8  600s
H507341 354243                    149795.01887    0.00000   100%   5.8  600s
H511265 357220                    149794.36752    0.00000   100%   5.8  603s
H512480 358051                    149591.16563    0.00000   100%   5.8  604s
 512640 358222 122909.709  157   55 149591.166    0.00000   100%   5.8  605s
H512728 358215                    149588.68670    0.00000   100%   5.8  605s
 516499 361429 103944.686  230   49 149588.687    0.00000   100%   5.8  610s
H517191 361713                    149389.82964    0.00000   100%   5.8  611s
H517622 361912                    149363.16496    0.00000   100%   5.8  611s
H518016 362182                    149362.89130    0.00000   100%   5.8  612s
 519997 364024 114958.934  479   43 149362.891    0.00000   100%   5.8  615s
H521123 364434                    149135.66153    0.00000   100%   5.8  616s
H522112 365295                    149059.61860    0.00000   100%   5.8  618s
 523277 365910 129898.796  450   57 149059.619    0.00000   100%   5.8  620s
 527087 368796 111337.796   89   71 149059.619    0.00000   100%   5.8  625s
 530243 371423 134379.431  587   43 149059.619    0.00000   100%   5.8  630s
 533406 374376 65784.2914  121   77 149059.619    0.00000   100%   5.8  635s
 538472 378364 107563.256  260   44 149059.619    0.00000   100%   5.8  640s
 542719 382348 93616.2152  180   54 149059.619    0.00000   100%   5.7  645s
 548695 386666 130017.410 1403   54 149059.619    0.00000   100%   5.7  650s
 552484 389403     cutoff  151      149059.619    0.00000   100%   5.7  655s
 556201 391825     cutoff  159      149059.619    0.00000   100%   5.7  660s
 560307 395288     cutoff  195      149059.619    0.00000   100%   5.7  665s
 564128 398382 92466.6452  192   47 149059.619    0.00000   100%   5.7  670s
 568145 402545 120793.260 1237   31 149059.619    0.00000   100%   5.7  675s
 571360 404695 143711.667  212   41 149059.619    0.00000   100%   5.7  680s
 575295 408190 140267.775  163   53 149059.619    0.00000   100%   5.7  685s
 579171 411379 37054.7963  128   70 149059.619    0.00000   100%   5.7  690s
 584031 415324 115937.767 1181   60 149059.619    0.00000   100%   5.7  695s
 587592 418091 119230.004  422   48 149059.619    0.00000   100%   5.7  700s
 590980 420974 72284.8792  113   69 149059.619    0.00000   100%   5.7  705s
 594977 424374 74403.4689  178   70 149059.619    0.00000   100%   5.7  710s
 599159 427843 142293.148  128   54 149059.619    0.00000   100%   5.7  715s
 603918 432165 109555.367  391   45 149059.619    0.00000   100%   5.7  720s
 609897 436636 116832.024  172   45 149059.619    0.00000   100%   5.7  725s
 614899 440511 43137.1143  109   66 149059.619    0.00000   100%   5.7  730s
 618048 441560     cutoff  109      149059.619    0.00000   100%   5.8  735s
 620440 443909 105010.126  284   43 149059.619    0.00000   100%   5.8  740s
 625287 447607 99017.9954  155   59 149059.619    0.00000   100%   5.8  745s
 629600 451452 67853.5718  135   76 149059.619    0.00000   100%   5.8  750s
 633001 454018     cutoff  157      149059.619    0.00000   100%   5.8  755s
 637088 457424 134075.427  478   60 149059.619    0.00000   100%   5.8  760s
 642098 461021 120041.202  278   40 149059.619    0.00000   100%   5.8  765s
 646018 464281 60432.4276  117   65 149059.619    0.00000   100%   5.8  770s
 649650 467531     cutoff  194      149059.619    0.00000   100%   5.8  775s
 653428 470920 119708.813  922   60 149059.619    0.00000   100%   5.8  780s
 657460 474150    0.00000   65   80 149059.619    0.00000   100%   5.8  785s
 661594 477613 109469.487  158   54 149059.619    0.00000   100%   5.8  790s
 665135 480300 54007.6118  114   67 149059.619    0.00000   100%   5.8  795s
 669030 483648 infeasible  276      149059.619    0.00000   100%   5.8  800s
 673470 487430     cutoff  494      149059.619    0.00000   100%   5.8  805s
 677358 490404 133212.183  387   45 149059.619    0.00000   100%   5.8  810s
 680841 493055 103116.192  173   51 149059.619    0.00000   100%   5.8  815s
 685132 496882    0.00000   68   86 149059.619    0.00000   100%   5.8  820s
 688677 499768    0.00000   74   87 149059.619    0.00000   100%   5.8  825s
 691874 502649 119673.223  149   57 149059.619    0.00000   100%   5.8  830s
 695269 504997     cutoff  181      149059.619    0.00000   100%   5.8  835s
 698919 507878 138804.957  204   57 149059.619    0.00000   100%   5.8  840s
 703001 511541     cutoff  180      149059.619    0.00000   100%   5.9  845s
 706927 515359 112687.084  976   40 149059.619    0.00000   100%   5.8  850s
 711914 519661     cutoff  300      149059.619    0.00000   100%   5.8  855s
 714779 521386 31382.4697   62   85 149059.619    0.00000   100%   5.9  860s
 718939 525038     cutoff  178      149059.619    0.00000   100%   5.9  865s
 723491 528725 100713.178  174   59 149059.619    0.00000   100%   5.9  870s
 727311 532053 139841.676  335   41 149059.619    0.00000   100%   5.9  875s
 731014 535172 130501.409  262   65 149059.619    0.00000   100%   5.9  880s
 734754 538393    0.00000   59   79 149059.619    0.00000   100%   5.9  885s
 739107 542225     cutoff  135      149059.619    0.00000   100%   5.8  890s
 742740 544928 infeasible  135      149059.619    0.00000   100%   5.9  895s
 748119 549516 127626.209  162   48 149059.619    0.00000   100%   5.9  900s
 754186 554790 60083.4660  128   67 149059.619    0.00000   100%   5.8  905s
 759551 559624 58511.5185  158   56 149059.619    0.00000   100%   5.8  910s
 763772 563004 122500.686  825   43 149059.619    0.00000   100%   5.8  915s
 767846 566385 116041.429   79   86 149059.619    0.00000   100%   5.8  920s
 771107 569074 146714.283  183   36 149059.619    0.00000   100%   5.9  925s
 774951 572072 30555.0471   72  100 149059.619    0.00000   100%   5.9  930s
H775667 545552                    140176.77435    0.00000   100%   5.9  931s
 778350 547858 55393.4668  105   67 140176.774    0.00000   100%   5.9  935s
H780536 549451                    140175.87252    0.00000   100%   5.9  938s
 781484 550288 84228.6978   77   97 140175.873    0.00000   100%   5.9  940s
H785243 553465                    140171.56120    0.00000   100%   5.9  945s
H785484 553670                    140171.42781    0.00000   100%   5.9  945s
H785773 553690                    140138.39278    0.00000   100%   5.9  946s
H785773 553687                    140137.60797    0.00000   100%   5.9  946s
H786288 554074                    140136.13377    0.00000   100%   5.9  947s
 788271 555696 55830.5115   68  101 140136.134    0.00000   100%   5.9  950s
 791364 557740    0.00000  102   74 140136.134    0.00000   100%   5.9  955s
 793786 559259 96523.6213  117   73 140136.134    0.00000   100%   6.0  960s
 796677 561344     cutoff   78      140136.134    0.00000   100%   6.0  965s
H798339 562344                    140134.77637    0.00000   100%   6.1  968s
 798653 562666     cutoff   74      140134.776    0.00000   100%   6.1  970s
 801377 564739 108840.407  198   53 140134.776    0.00000   100%   6.1  975s
 805403 567943 132228.354  212   44 140134.776    0.00000   100%   6.1  980s
 808355 570133 115377.537  127   57 140134.776    0.00000   100%   6.1  985s
H811232 571774                    140084.32169    0.00000   100%   6.1  989s
H811248 570808                    139870.27874    0.00000   100%   6.1  989s
 811270 570957    0.00000   59   84 139870.279    0.00000   100%   6.1  990s
 814066 573371 102563.678  359   47 139870.279    0.00000   100%   6.1  995s
 816865 575436 82695.0108   98   84 139870.279    0.00000   100%   6.2 1000s
 819566 577123 4266.96307   74   87 139870.279    0.00000   100%   6.2 1005s
 822613 579645 104136.662  135   70 139870.279    0.00000   100%   6.2 1010s
 825799 581912  315.93326   93   75 139870.279    0.00000   100%   6.2 1015s
 828171 583392 121605.358  133   72 139870.279    0.00000   100%   6.2 1020s
 831127 585273 135429.733  234   67 139870.279    0.00000   100%   6.2 1025s
 833796 587066     cutoff  105      139870.279    0.00000   100%   6.3 1030s
 836520 588847 77751.7893  102   79 139870.279    0.00000   100%   6.3 1035s
 839188 590607     cutoff  102      139870.279    0.00000   100%   6.3 1040s
 842024 592301     cutoff  116      139870.279    0.00000   100%   6.3 1045s
 844564 593840 4418.92059   83   80 139870.279    0.00000   100%   6.3 1050s
 847684 595606     cutoff  102      139870.279    0.00000   100%   6.3 1055s
 849995 597228     cutoff  156      139870.279    0.00000   100%   6.3 1060s
 852874 598874     cutoff  108      139870.279    0.00000   100%   6.3 1065s
 855570 600841 1370.51732   78   83 139870.279    0.00000   100%   6.4 1070s
 857970 602477 3983.52465   93   74 139870.279    0.00000   100%   6.4 1075s
 861192 604621 122070.953  102   69 139870.279    0.00000   100%   6.4 1080s
 863629 606155 112856.284  130   70 139870.279    0.00000   100%   6.4 1085s
 866413 608030    0.00000   74   73 139870.279    0.00000   100%   6.4 1090s
 868925 609703     cutoff   90      139870.279    0.00000   100%   6.4 1095s
 873323 612819 54446.9906   91   75 139870.279    0.00000   100%   6.4 1100s
 877378 615207 117607.935   92   71 139870.279    0.00000   100%   6.5 1105s
 880652 617402 138588.165   98   70 139870.279    0.00000   100%   6.5 1110s
 883318 619011 86095.5113  114   60 139870.279    0.00000   100%   6.5 1115s
 886179 620924 108188.343  215   72 139870.279    0.00000   100%   6.5 1120s
 888681 622213     cutoff  111      139870.279    0.00000   100%   6.5 1125s
 891190 624206 72772.1601   99   78 139870.279    0.00000   100%   6.5 1130s
 893803 625629 86834.7643  121   69 139870.279    0.00000   100%   6.5 1135s
 896855 627719 126292.932  141   73 139870.279    0.00000   100%   6.5 1140s
 899352 629522     cutoff  106      139870.279    0.00000   100%   6.6 1145s
 902022 630968 109691.542  137   59 139870.279    0.00000   100%   6.6 1150s
 904103 631994 134518.286  108   81 139870.279    0.00000   100%   6.6 1155s
 906680 633398 24487.0905   91   77 139870.279    0.00000   100%   6.6 1160s
 909441 635137     cutoff   91      139870.279    0.00000   100%   6.6 1165s
 912194 636820 115012.550  160   67 139870.279    0.00000   100%   6.6 1170s
 914702 638552 102371.540  103   81 139870.279    0.00000   100%   6.7 1175s
 917693 640594 122925.581  124   76 139870.279    0.00000   100%   6.7 1180s
 920321 642496 84969.8117  159   82 139870.279    0.00000   100%   6.7 1185s
 923312 645010 77884.1335   92   80 139870.279    0.00000   100%   6.7 1190s
H925869 643554                    139354.85786    0.00000   100%   6.7 1195s
H926136 642717                    139186.12106    0.00000   100%   6.7 1195s
H926556 638711                    138489.51235    0.00000   100%   6.7 1196s
 928993 640577 16416.9803   88   83 138489.512    0.00000   100%   6.7 1200s
 931861 642624     cutoff  101      138489.512    0.00000   100%   6.7 1205s
 934494 644458 104255.602  345   60 138489.512    0.00000   100%   6.7 1210s
 937412 646655 122412.910  117   76 138489.512    0.00000   100%   6.7 1215s
H938663 646288                    138290.87283    0.00000   100%   6.8 1217s
 939938 647156 133741.101  194   70 138290.873    0.00000   100%   6.8 1220s
 942766 649028     cutoff  103      138290.873    0.00000   100%   6.8 1225s
 945489 650630 96584.6891  128   69 138290.873    0.00000   100%   6.8 1230s
 948570 652648 121350.396  270   54 138290.873    0.00000   100%   6.8 1235s
 951565 654699 96211.2831  104   65 138290.873    0.00000   100%   6.8 1240s
H951653 648043                    137273.99168    0.00000   100%   6.8 1241s
 954344 649739    0.00000   91   77 137273.992    0.00000   100%   6.8 1245s
 956955 651571 128069.587  270   66 137273.992    0.00000   100%   6.9 1250s
H957096 650960                    137192.36363    0.00000   100%   6.9 1250s
H957207 651364                    137192.33984    0.00000   100%   6.9 1250s
H957803 651663                    137192.30308    0.00000   100%   6.9 1251s
H957803 651652                    137190.70685    0.00000   100%   6.9 1251s
 959704 653125 120212.629  121   76 137190.707    0.00000   100%   6.9 1255s
H960668 617554                    132842.49857    0.00000   100%   6.9 1256s
H960694 606086                    131411.01028    0.00000   100%   6.9 1257s
 962168 606764 108844.376   95   68 131411.010    0.00000   100%   6.9 1260s
 965757 608838 74739.4913   95   74 131411.010    0.00000   100%   6.9 1265s
 969795 611705 52156.0549   92   80 131411.010    0.00000   100%   6.9 1270s
 972130 612902 115109.961   99   76 131411.010    0.00000   100%   6.9 1275s
H973685 588884                    128447.30655    0.00000   100%   6.9 1278s
 974353 589412 86692.7246   97   76 128447.307    0.00000   100%   6.9 1280s
H974880 584479                    127753.30299    0.00000   100%   6.9 1281s
H975825 567925                    125871.49100    0.00000   100%   6.9 1282s
 976742 568550 78398.2771   95   79 125871.491    0.00000   100%   6.9 1285s
H976987 568787                    125871.48802    0.00000   100%   6.9 1285s
H978976 569593                    125831.76967    0.00000   100%   6.9 1289s
 979472 569932     cutoff  119      125831.770    0.00000   100%   7.0 1290s
H979886 570146                    125831.74838    0.00000   100%   7.0 1291s
 981787 571427 118508.378  108   62 125831.748    0.00000   100%   7.0 1295s
 984544 573404 75541.4961  175   79 125831.748    0.00000   100%   7.0 1300s
H985246 573737                    125830.51146    0.00000   100%   7.0 1301s
H986589 574181                    125791.25266    0.00000   100%   7.0 1304s
 986700 574471 65022.0553   93   77 125791.253    0.00000   100%   7.0 1305s
H988274 575414                    125791.22763    0.00000   100%   7.0 1307s
H988274 575386                    125789.08843    0.00000   100%   7.0 1307s
H989620 576020                    125750.20369    0.00000   100%   7.0 1310s
 991605 577090 116781.878  109   78 125750.204    0.00000   100%   7.0 1315s
H992261 577050                    125691.96820    0.00000   100%   7.0 1316s
H992664 576896                    125653.75592    0.00000   100%   7.0 1317s
H994360 577517                    125605.01863    0.00000   100%   7.0 1320s
H994627 577178                    125559.60913    0.00000   100%   7.0 1320s
H995493 577610                    125557.43538    0.00000   100%   7.0 1322s
H995731 560937                    123943.95922    0.00000   100%   7.0 1323s
 996735 561679 64365.7908   99   77 123943.959    0.00000   100%   7.0 1325s
H996888 473875                    116578.38577    0.00000   100%   7.0 1325s
H997722 474292                    116577.67260    0.00000   100%   7.0 1327s
 998999 474914 infeasible   78      116577.673    0.00000   100%   7.0 1330s
 1001215 477058 infeasible   77      116577.673    0.00000   100%   7.1 1335s
H1004894 467972                    115488.89975    0.00000   100%   7.1 1339s
 1005086 468069    0.00000   64   91 115488.900    0.00000   100%   7.1 1340s
H1005179 467885                    115467.60554    0.00000   100%   7.1 1340s
H1006176 460044                    114792.99129    0.00000   100%   7.1 1343s
 1006884 460494 68930.2175   93   69 114792.991    0.00000   100%   7.1 1345s
H1007302 423812                    111547.86970    0.00000   100%   7.1 1346s
 1009254 424558 21007.7724   98   82 111547.870    0.00000   100%   7.2 1350s
 1011740 425576 8260.73408  100   78 111547.870    0.00000   100%   7.2 1355s
H1014517 425120                    111400.69557    0.00000   100%   7.2 1359s
 1014672 425198 95297.4401  104   71 111400.696    0.00000   100%   7.2 1360s
H1015626 425105                    111352.55874    0.00000   100%   7.3 1362s
H1015891 424802                    111318.13172    0.00000   100%   7.3 1363s
 1016590 425129 93415.8983  107   81 111318.132    0.00000   100%   7.3 1365s
 1018423 425934 107058.405  104   82 111318.132    0.00000   100%   7.3 1370s
 1020624 426890 65960.8827  105   76 111318.132    0.00000   100%   7.3 1375s
 1022254 427640 90424.2783  103   81 111318.132    0.00000   100%   7.4 1380s
 1024458 428752 94633.8293  115   71 111318.132    0.00000   100%   7.4 1385s
 1027034 429897     cutoff  113      111318.132    0.00000   100%   7.4 1390s
 1028659 430755 96107.8084  112   84 111318.132    0.00000   100%   7.5 1395s
 1030421 431517 90609.5976  110   83 111318.132    0.00000   100%   7.5 1400s
 1032571 432404 infeasible  121      111318.132    0.00000   100%   7.5 1405s
 1034900 433252     cutoff  119      111318.132    0.00000   100%   7.6 1410s
 1036909 434084 83520.4747  109   65 111318.132    0.00000   100%   7.6 1415s
 1038524 434627 79031.0380  102   81 111318.132    0.00000   100%   7.6 1420s
 1040925 435752     cutoff  113      111318.132    0.00000   100%   7.7 1425s
 1042868 436704 67744.0137  110   82 111318.132    0.00000   100%   7.7 1430s
 1044999 437843 96314.3390  130   80 111318.132    0.00000   100%   7.7 1435s
 1047511 439107 72000.8193  109   81 111318.132    0.00000   100%   7.7 1440s
 1049426 440001     cutoff  121      111318.132    0.00000   100%   7.8 1445s
 1051401 441084 61460.5447  116   81 111318.132    0.00000   100%   7.8 1450s
 1053360 442154 104325.526  138   80 111318.132    0.00000   100%   7.8 1455s
 1055428 443063     cutoff  128      111318.132    0.00000   100%   7.8 1460s
 1057417 444044 89849.8094  120   76 111318.132    0.00000   100%   7.9 1465s
 1059610 445013 103783.641  125   79 111318.132    0.00000   100%   7.9 1470s
 1062864 446715     cutoff  135      111318.132    0.00000   100%   7.9 1475s
 1065970 448057 infeasible  114      111318.132    0.00000   100%   8.0 1480s
 1068678 449168 68028.6696  112   79 111318.132    0.00000   100%   8.0 1485s
 1071026 450282 66689.4347  118   81 111318.132    0.00000   100%   8.1 1490s
 1073080 451212 infeasible  137      111318.132    0.00000   100%   8.1 1495s
 1074930 452157     cutoff  118      111318.132    0.00000   100%   8.1 1500s
 1077119 452888     cutoff  117      111318.132    0.00000   100%   8.1 1505s
H1078189 453308                    111317.96653    0.00000   100%   8.2 1507s
H1078189 453304                    111317.35829    0.00000   100%   8.2 1507s
 1078970 453791 83321.3143  113   79 111317.358    0.00000   100%   8.2 1510s
H1079319 427395                    108807.23673    0.00000   100%   8.2 1511s
H1081661 425542                    108539.32877    0.00000   100%   8.2 1515s
 1084753 426816     cutoff  117      108539.329    0.00000   100%   8.2 1520s
 1088549 428555 infeasible  122      108539.329    0.00000   100%   8.3 1525s
H1089502 428958                    108539.27499    0.00000   100%   8.3 1527s
H1089630 428957                    108538.97315    0.00000   100%   8.3 1527s
H1089770 429239                    108537.84845    0.00000   100%   8.3 1527s
H1090146 427698                    108374.00238    0.00000   100%   8.3 1528s
 1091389 428167 99158.8245  125   77 108374.002    0.00000   100%   8.3 1530s
 1094061 429049     cutoff  124      108374.002    0.00000   100%   8.3 1535s
 1095996 429570 73660.1764  106   79 108374.002    0.00000   100%   8.3 1540s

Gurobi 11.0.3 (linux64, Java) logging started seg 02 dez 2024 07:01:14 -03

Set parameter Username
Academic license - for non-commercial use only - expires 2025-10-10
Set parameter NonConvex to value 2
Set parameter TimeLimit to value 3600
Set parameter LogToConsole to value 0
Set parameter MIPGap to value 2.3060879868461677e-07
Set parameter Threads to value 2
Set parameter NodefileDir to value "/home/ps12398/experiment_hosp/goalProgrammingMarcos/"
Set parameter NodefileStart to value 1
Gurobi Optimizer version 11.0.3 build v11.0.3rc0 (linux64)

CPU model: Intel(R) Xeon(R) CPU           X5650  @ 2.67GHz, instruction set [SSE2]
Thread count: 12 physical cores, 24 logical processors, using up to 2 threads

Optimize a model with 8098 rows, 5573 columns and 26595 nonzeros
Model fingerprint: 0x60cc3013
Model has 57 quadratic constraints
Variable types: 2762 continuous, 2811 integer (52 binary)
Coefficient statistics:
  Matrix range     [2e-02, 8e+05]
  QMatrix range    [2e-02, 3e+04]
  QLMatrix range   [1e+00, 3e+04]
  Objective range  [1e+00, 9e+06]
  Bounds range     [1e+00, 1e+08]
  RHS range        [1e+00, 1e+06]
  QRHS range       [5e-02, 5e-02]
Presolve removed 7755 rows and 5222 columns
Presolve time: 0.07s
Presolved: 801 rows, 489 columns, 6911 nonzeros
Presolved model has 52 bilinear constraint(s)

Solving non-convex MIQCP

Variable types: 196 continuous, 293 integer (43 binary)
Found heuristic solution: objective 3118089.9279

Root relaxation: objective 0.000000e+00, 154 iterations, 0.01 seconds (0.00 work units)

    Nodes    |    Current Node    |     Objective Bounds      |     Work
 Expl Unexpl |  Obj  Depth IntInf | Incumbent    BestBd   Gap | It/Node Time

     0     0    0.00000    0   98 3118089.93    0.00000   100%     -    0s
H    0     0                    1484459.2683    0.00000   100%     -    0s
     0     0    0.00000    0  174 1484459.27    0.00000   100%     -    0s
     0     0    0.00000    0  204 1484459.27    0.00000   100%     -    0s
     0     0    0.00000    0  127 1484459.27    0.00000   100%     -    0s
     0     0    0.00000    0  143 1484459.27    0.00000   100%     -    0s
     0     0    0.00000    0  173 1484459.27    0.00000   100%     -    0s
     0     0    0.00000    0  102 1484459.27    0.00000   100%     -    0s
     0     0    0.00000    0  123 1484459.27    0.00000   100%     -    0s
H    0     0                    1463684.9563    0.00000   100%     -    0s
     0     0    0.00000    0  127 1463684.96    0.00000   100%     -    0s
     0     0    0.00000    0  104 1463684.96    0.00000   100%     -    0s
H    0     0                    1415540.0591    0.00000   100%     -    0s
     0     0    0.00000    0  116 1415540.06    0.00000   100%     -    0s
     0     0    0.00000    0  108 1415540.06    0.00000   100%     -    0s
     0     0    0.00000    0  128 1415540.06    0.00000   100%     -    0s
     0     0    0.00000    0  125 1415540.06    0.00000   100%     -    1s
     0     0    0.00000    0  118 1415540.06    0.00000   100%     -    1s
     0     2    0.00000    0  101 1415540.06    0.00000   100%     -    1s
H   12    14                    1096863.0580    0.00000   100%   130    1s
H   26    68                    1096736.5431    0.00000   100%  86.1    1s
H   50    68                    1066314.5788    0.00000   100%  68.2    1s
H   76   342                    1066009.7241    0.00000   100%  61.1    2s
H  884   703                    731469.49530    0.00000   100%  12.8    2s
H 1459  1066                    673296.85611    0.00000   100%  12.8    3s
H 1559  1222                    663965.19807    0.00000   100%  12.6    3s
H 1855  1495                    657021.87381    0.00000   100%  11.9    4s
H 1994  1586                    653108.21780    0.00000   100%  11.8    4s
  2279  1774 513061.339  651  121 653108.218    0.00000   100%  11.4    5s
  2309  1795 546856.361 1059   74 653108.218    0.00000   100%  12.9   10s
H 2330  1722                    652787.86354    0.00000   100%  16.8   13s
H 2361  1659                    518982.14618    0.00000   100%  17.3   14s
  2443  2199    0.00000   68   91 518982.146    0.00000   100%  19.9   15s
H 3106  2169                    509299.84469    0.00000   100%  18.6   15s
H 3455  2421                    487368.84854    0.00000   100%  17.9   16s
H 4086  2755                    487194.08695    0.00000   100%  17.0   17s
H 4295  2841                    486912.77200    0.00000   100%  16.7   17s
H 4316  2749                    468568.29412    0.00000   100%  16.7   17s
  5460  3233 181684.071  243   84 468568.294    0.00000   100%  16.8   20s
H 5488  3161                    468399.01475    0.00000   100%  16.7   20s
H 5628  3446                    468281.20512    0.00000   100%  16.9   20s
H 6708  4073                    450318.52261    0.00000   100%  16.5   22s
H 7880  4779                    443348.18065    0.00000   100%  15.9   23s
  8770  5648 378645.968  230   62 443348.181    0.00000   100%  15.5   25s
 14038 10671 393299.313 1414   57 443348.181    0.00000   100%  11.4   30s
H16598 12833                    442530.20438    0.00000   100%  10.9   33s
H17139 13110                    439199.83696    0.00000   100%  11.2   34s
 17236 13660 321135.070   95   82 439199.837    0.00000   100%  11.2   35s
H18822 13784                    421566.32274    0.00000   100%  10.5   36s
H18943 13564                    418431.64867    0.00000   100%  10.5   36s
H19350 12674                    412446.88222    0.00000   100%  10.3   37s
H21218 13946                    410246.81689    0.00000   100%   9.9   39s
 21385 14028     cutoff   86      410246.817    0.00000   100%  10.1   40s
H21423  9291                    391893.21785    0.00000   100%  10.2   40s
 23543 10721 201962.342   66  104 391893.218    0.00000   100%  11.4   45s
H24708 11701                    391893.21689    0.00000   100%  11.5   47s
 26561 13754 375626.599 1034   58 391893.217    0.00000   100%  11.0   50s
 30189 17133 304867.491  765   65 391893.217    0.00000   100%  10.5   55s
 33306 18942 376007.361  137   66 391893.217    0.00000   100%  10.9   60s
 36304 20702    0.00000   70   78 391893.217    0.00000   100%  10.8   65s
H36892  9776                    318159.92911    0.00000   100%  10.9   66s
H38056 11072                    317893.69426    0.00000   100%  10.8   68s
 38821 11736 245251.175  153   63 317893.694    0.00000   100%  10.7   70s
 42976 15580 298674.004 1121   59 317893.694    0.00000   100%   9.9   75s
 46611 18579 249659.870  221   50 317893.694    0.00000   100%   9.3   80s
H47125 18841                    317893.36745    0.00000   100%   9.2   80s
 49829 19193 244471.722  733   55 317893.367    0.00000   100%   8.8   85s
H51309 19164                    312809.82797    0.00000   100%   8.7   88s
 51712 19568 302995.937  160   60 312809.828    0.00000   100%   8.7   90s
H55882 23297                    312809.03165    0.00000   100%   8.3   95s
H57235 23022                    303062.76245    0.00000   100%   8.2   96s
 59469 24534 226331.044  237   67 303062.762    0.00000   100%   8.1  100s
H62957 25333                    297101.50325    0.00000   100%   7.9  104s
 63860 25678     cutoff  138      297101.503    0.00000   100%   7.8  105s
H65576 25529                    290333.91618    0.00000   100%   7.9  107s
H65673 25506                    289939.16675    0.00000   100%   7.9  107s
H65770 24871                    285601.21635    0.00000   100%   7.9  108s
H65797 24939                    285471.85378    0.00000   100%   7.9  108s
H65798 24935                    285448.60041    0.00000   100%   7.9  108s
H65802 23702                    278072.52747    0.00000   100%   7.9  108s
 66963 24850 178390.261  590   71 278072.527    0.00000   100%   7.8  110s
H69474 19381                    251571.61689    0.00000   100%   7.9  113s
 70456 19940     cutoff  141      251571.617    0.00000   100%   7.9  115s
H70747 19580                    250289.33836    0.00000   100%   7.9  115s
 73185 20934 215565.087  144   72 250289.338    0.00000   100%   8.5  120s
 75448 22081     cutoff  123      250289.338    0.00000   100%   9.0  125s
H75761 20526                    241813.56519    0.00000   100%   9.1  125s
H75955 11968                    206366.27840    0.00000   100%   9.1  125s
 78339 14228 171241.303  322   60 206366.278    0.00000   100%   9.2  130s
H79313 14273                    201126.18391    0.00000   100%   9.1  131s
H81151 15456                    201066.04134    0.00000   100%   9.1  134s
H81713 15933                    201065.99020    0.00000   100%   9.0  135s
 84756 18429 7790.23349  114   77 201065.990    0.00000   100%   8.9  140s
H87975 21542                    201027.10545    0.00000   100%   8.9  145s
H91599 23884                    194627.28250    0.00000   100%   8.7  150s
H91986 24029                    194469.58528    0.00000   100%   8.7  150s
H93244 22336                    187777.74518    0.00000   100%   8.7  152s
H93440 22582                    187690.19683    0.00000   100%   8.7  153s
H93940 22871                    187418.07454    0.00000   100%   8.7  153s
H94212 23055                    187418.05583    0.00000   100%   8.7  153s
H94349 23157                    187418.03526    0.00000   100%   8.7  154s
 94839 23403    0.00000   70   90 187418.035    0.00000   100%   8.8  155s
 96504 24400 77175.0220   72  105 187418.035    0.00000   100%   9.2  160s
 98733 25934 173864.106  160   64 187418.035    0.00000   100%   9.5  165s
 101104 27380 17231.8127   93   75 187418.035    0.00000   100%   9.8  170s
H102900 27319                    183296.29852    0.00000   100%  10.0  174s
 103524 28509 108351.544  275   60 183296.299    0.00000   100%  10.0  175s
H106955 30697                    182767.30801    0.00000   100%   9.8  178s
 107785 31717     cutoff  233      182767.308    0.00000   100%   9.8  180s
H109032 29939                    174237.83306    0.00000   100%   9.7  181s
H109420 28280                    170283.37599    0.00000   100%   9.7  182s
H109954 27749                    167733.54532    0.00000   100%   9.7  182s
H110384 28108                    167733.37538    0.00000   100%   9.6  183s
 112127 29383 151261.352 1200   58 167733.375    0.00000   100%   9.6  185s
H115867 31887                    167194.65558    0.00000   100%   9.5  189s
H116123 32230                    167190.67601    0.00000   100%   9.5  190s
 121511 37327 164456.237 1378   56 167190.676    0.00000   100%   9.3  195s
 125421 40025 67089.6044  102   79 167190.676    0.00000   100%   9.1  200s
H127409 40475                    164662.75048    0.00000   100%   9.1  202s
H128135 41085                    164426.34219    0.00000   100%   9.1  204s
H128442 41362                    164426.29795    0.00000   100%   9.0  204s
 128779 41675    0.00000  120   75 164426.298    0.00000   100%   9.0  205s
H128892 41597                    164326.39800    0.00000   100%   9.0  205s
H129994 40541                    160830.14640    0.00000   100%   9.0  206s
H130515 39276                    157123.38884    0.00000   100%   9.0  207s
H130858 39562                    157123.38711    0.00000   100%   9.0  208s
H130858 39557                    157118.96737    0.00000   100%   9.0  208s
 131989 40617 52565.4043  126   68 157118.967    0.00000   100%   8.9  210s
H133964 40807                    154249.68362    0.00000   100%   8.9  213s
H134593 41525                    154210.80769    0.00000   100%   8.9  214s
 134956 41680 87596.9666  280   53 154210.808    0.00000   100%   8.9  215s
H135069 41680                    154210.80348    0.00000   100%   8.9  215s
 138318 44693 135697.743  499   52 154210.803    0.00000   100%   8.8  220s
 142273 48007     cutoff  183      154210.803    0.00000   100%   8.7  225s
 145955 50839 107447.853  231   70 154210.803    0.00000   100%   8.7  230s
H147911 52327                    154147.99110    0.00000   100%   8.7  232s
H148081 52369                    154112.49657    0.00000   100%   8.7  232s
H148145 52413                    154092.16116    0.00000   100%   8.7  233s
H148146 52413                    154087.00796    0.00000   100%   8.7  233s
H148160 52402                    154066.82516    0.00000   100%   8.7  233s
H148185 52327                    153910.89470    0.00000   100%   8.7  233s
H148199 52375                    153891.46133    0.00000   100%   8.7  233s
H148202 52364                    153869.73240    0.00000   100%   8.7  233s
H148304 52291                    153652.46929    0.00000   100%   8.6  234s
H148312 52299                    153652.23615    0.00000   100%   8.6  234s
H148312 52298                    153648.96186    0.00000   100%   8.6  234s
 148320 52473 81093.5178  229   61 153648.962    0.00000   100%   8.7  235s
H148333 52457                    153625.82015    0.00000   100%   8.6  235s
H148496 52774                    153625.56654    0.00000   100%   8.6  235s
 152126 55525 101725.019 1224   66 153625.567    0.00000   100%   8.6  240s
 155906 58966 103855.633  483   60 153625.567    0.00000   100%   8.5  245s
 159772 62071 137767.224  183   67 153625.567    0.00000   100%   8.4  250s
H161400 63355                    153624.33491    0.00000   100%   8.4  252s
 163803 65255 122651.703  482   55 153624.335    0.00000   100%   8.3  255s
 168969 70048 58558.9543  138   66 153624.335    0.00000   100%   8.2  260s
 174711 74710 64087.4851  121   62 153624.335    0.00000   100%   8.2  265s
 180556 79541 128984.829  513   37 153624.335    0.00000   100%   8.1  270s
 185530 83458 130426.065  598   52 153624.335    0.00000   100%   8.0  275s
 190472 87759 134291.550 1001   59 153624.335    0.00000   100%   7.9  280s
 194581 91158 123900.671  663   59 153624.335    0.00000   100%   7.9  285s
 199144 95270 130596.872  437   56 153624.335    0.00000   100%   7.8  290s
 203079 98729 50861.5474   98   71 153624.335    0.00000   100%   7.8  295s
 207327 102673 134784.957 1030   51 153624.335    0.00000   100%   7.7  300s
 210742 105053     cutoff  460      153624.335    0.00000   100%   7.7  305s
 215171 108713    0.00000   98   77 153624.335    0.00000   100%   7.7  310s
 220384 112859 113792.742  186   51 153624.335    0.00000   100%   7.6  315s
 225226 117304 92991.9028  121   56 153624.335    0.00000   100%   7.5  320s
 230152 121545 97585.1667  143   64 153624.335    0.00000   100%   7.4  325s
 235654 125904 139837.703  282   52 153624.335    0.00000   100%   7.3  330s
 241259 130605 92461.8461  158   59 153624.335    0.00000   100%   7.3  335s
 246601 135323 123557.165  472   48 153624.335    0.00000   100%   7.2  340s
 252648 140960 71583.6438  165   58 153624.335    0.00000   100%   7.2  345s
 258304 146419 111683.786 1239   44 153624.335    0.00000   100%   7.1  350s
 262387 150167 96316.0350  426   61 153624.335    0.00000   100%   7.0  355s
 267061 153531 90834.0915  270   46 153624.335    0.00000   100%   7.0  360s
 270982 157226 83156.1665  132   56 153624.335    0.00000   100%   7.0  365s
 275229 160472     cutoff  173      153624.335    0.00000   100%   6.9  370s
 279344 164670 121690.555 1152   52 153624.335    0.00000   100%   6.9  375s
 282880 167662 101031.502  322   50 153624.335    0.00000   100%   6.9  380s
 287953 172107 92828.9910  136   67 153624.335    0.00000   100%   6.8  385s
 292894 175477 125947.494  177   68 153624.335    0.00000   100%   6.8  390s
 300117 182026 116829.503  344   56 153624.335    0.00000   100%   6.7  395s
H304610 185697                    153492.83793    0.00000   100%   6.7  398s
 306431 186633 135160.658  137   52 153492.838    0.00000   100%   6.6  400s
 311515 191155 91489.2592  190   66 153492.838    0.00000   100%   6.6  405s
 316298 195508 39539.7842  125   67 153492.838    0.00000   100%   6.6  410s
 321202 199932 117245.728 1062   47 153492.838    0.00000   100%   6.5  415s
 326999 204943 116859.982  742   59 153492.838    0.00000   100%   6.5  420s
 334108 211183 136282.510  253   43 153492.838    0.00000   100%   6.4  425s
 340321 216721 45426.6090  138   67 153492.838    0.00000   100%   6.4  430s
 347549 223591 127518.180 1125   64 153492.838    0.00000   100%   6.4  435s
 353490 228039 136682.325  955   49 153492.838    0.00000   100%   6.3  440s
 359578 233717     cutoff  203      153492.838    0.00000   100%   6.3  445s
 366234 239199     cutoff  176      153492.838    0.00000   100%   6.2  450s
 372026 243714 45661.8683  135   70 153492.838    0.00000   100%   6.2  455s
 379152 249826 84102.7228  238   59 153492.838    0.00000   100%   6.1  460s
 385352 255344 133793.853  157   46 153492.838    0.00000   100%   6.1  465s
 391344 260440 130753.028 1099   40 153492.838    0.00000   100%   6.1  470s
 398133 266404  806.98400  100   78 153492.838    0.00000   100%   6.1  475s
 402626 269805     cutoff  416      153492.838    0.00000   100%   6.1  480s
 406023 272454 147571.116  188   57 153492.838    0.00000   100%   6.1  485s
 410615 276225 134634.714  401   52 153492.838    0.00000   100%   6.1  490s
 415076 280049 91485.5617  479   49 153492.838    0.00000   100%   6.1  495s
 419996 284061 126141.462  552   61 153492.838    0.00000   100%   6.1  500s
H422163 285607                    153127.71484    0.00000   100%   6.1  502s
 425469 288211 127799.099  622   44 153127.715    0.00000   100%   6.1  505s
 430264 292508 146165.766  178   45 153127.715    0.00000   100%   6.0  510s
 435732 296930 121781.561  211   66 153127.715    0.00000   100%   6.0  515s
 440613 301094 121696.375  244   43 153127.715    0.00000   100%   6.0  520s
 445287 305367 103672.484  944   64 153127.715    0.00000   100%   6.0  525s
 449597 309199 108421.668  673   41 153127.715    0.00000   100%   6.0  530s
 454110 313338 147294.981  148   59 153127.715    0.00000   100%   6.0  535s
 460612 318245     cutoff 1581      153127.715    0.00000   100%   5.9  540s
 466548 323526 143724.774  433   30 153127.715    0.00000   100%   5.9  545s
 472442 327970     cutoff  160      153127.715    0.00000   100%   5.9  550s
 478184 332539 103558.976  577   53 153127.715    0.00000   100%   5.8  555s
 483340 336957 120961.274  295   53 153127.715    0.00000   100%   5.8  560s
 490727 343737 97955.8908  311   58 153127.715    0.00000   100%   5.8  565s
 495135 347617 84339.6045  148   64 153127.715    0.00000   100%   5.8  570s
 498994 350648 24779.4312   98   84 153127.715    0.00000   100%   5.8  575s
*504195 351471             247    149884.72485    0.00000   100%   5.8  579s
*504196 351466             247    149882.51443    0.00000   100%   5.8  579s
H504341 351587                    149880.54950    0.00000   100%   5.8  579s
 504514 351770     cutoff  155      149880.549    0.00000   100%   5.8  580s
H505037 352100                    149841.66475    0.00000   100%   5.8  580s
H506069 352932                    149798.56452    0.00000   100%   5.8  581s
H506497 353719                    149795.52729    0.00000   100%   5.8  582s
H507341 354243                    149795.01887    0.00000   100%   5.8  582s
 509879 355999     cutoff  200      149795.019    0.00000   100%   5.8  585s
H511265 357220                    149794.36752    0.00000   100%   5.8  586s
H512480 358051                    149591.16563    0.00000   100%   5.8  587s
H512728 358215                    149588.68670    0.00000   100%   5.8  588s
 514515 359730 131809.956  506   47 149588.687    0.00000   100%   5.8  590s
H517191 361713                    149389.82964    0.00000   100%   5.8  593s
H517622 361912                    149363.16496    0.00000   100%   5.8  593s
H518016 362182                    149362.89130    0.00000   100%   5.8  594s
 518686 362924     cutoff  771      149362.891    0.00000   100%   5.8  595s
H521123 364434                    149135.66153    0.00000   100%   5.8  597s
H522112 365295                    149059.61860    0.00000   100%   5.8  597s
 524593 367000 143621.924  161   54 149059.619    0.00000   100%   5.8  600s
 529683 371027 132696.409  491   44 149059.619    0.00000   100%   5.8  605s
 535262 375806 107187.246  923   51 149059.619    0.00000   100%   5.7  610s
 540852 380740 106545.711  690   37 149059.619    0.00000   100%   5.8  615s
 548695 386666 130017.410 1403   54 149059.619    0.00000   100%   5.7  620s
 554274 390865 148528.705  292   42 149059.619    0.00000   100%   5.7  625s
 560097 395103 138000.564  182   59 149059.619    0.00000   100%   5.7  630s
 565920 400453 111333.577  632   41 149059.619    0.00000   100%   5.7  635s
 571360 404695 143711.667  212   41 149059.619    0.00000   100%   5.7  640s
 577594 410354 141659.355  572   35 149059.619    0.00000   100%   5.7  645s
 584414 415583 123213.135 1356   61 149059.619    0.00000   100%   5.7  650s
 588794 419202 123673.062  692   45 149059.619    0.00000   100%   5.7  655s
 594516 423922 137039.634  170   69 149059.619    0.00000   100%   5.7  660s
 600074 428719 65415.0456  111   76 149059.619    0.00000   100%   5.7  665s
 607061 434897 102837.729  550   55 149059.619    0.00000   100%   5.7  670s
 611415 437865 45066.3281  122   71 149059.619    0.00000   100%   5.7  675s
 615683 441069 67311.3778  141   73 149059.619    0.00000   100%   5.7  680s
 617708 441643    0.00000   90   65 149059.619    0.00000   100%   5.8  685s
 620093 443109 68509.9243  162   53 149059.619    0.00000   100%   5.8  690s
 624768 447240 65326.6312  122   63 149059.619    0.00000   100%   5.8  695s
 629001 450779 143119.867  334   34 149059.619    0.00000   100%   5.8  700s
 632097 453293 38449.8737   74   92 149059.619    0.00000   100%   5.8  705s
 636353 456721 69066.2629  151   58 149059.619    0.00000   100%   5.8  710s
 641042 460005 2675.50921  129   78 149059.619    0.00000   100%   5.8  715s
 644711 463136 88836.2188  483   49 149059.619    0.00000   100%   5.8  720s
 648297 466380 110695.506  708   58 149059.619    0.00000   100%   5.8  725s
 652069 469546 120217.255  647   64 149059.619    0.00000   100%   5.8  730s
 656824 473688 125448.470  150   46 149059.619    0.00000   100%   5.8  735s
 661594 477613 109469.487  158   54 149059.619    0.00000   100%   5.8  740s
 665135 480300 54007.6118  114   67 149059.619    0.00000   100%   5.8  745s
 669030 483648 infeasible  276      149059.619    0.00000   100%   5.8  750s
 673744 487678 145007.579  150   65 149059.619    0.00000   100%   5.8  755s
 677601 490663    0.00000  101   76 149059.619    0.00000   100%   5.8  760s
 681517 493981 107438.945  268   62 149059.619    0.00000   100%   5.8  765s
 685532 497073 109357.207   63  116 149059.619    0.00000   100%   5.8  770s
 689120 500300 infeasible   79      149059.619    0.00000   100%   5.8  775s
 692233 502813    0.00000   81   72 149059.619    0.00000   100%   5.8  780s
 695518 505243 68295.7467  114   76 149059.619    0.00000   100%   5.8  785s
 699143 508141 94917.5593  133   60 149059.619    0.00000   100%   5.8  790s
 703684 511802 144481.411  154   55 149059.619    0.00000   100%   5.9  795s
 708501 516945 118717.051 1440   41 149059.619    0.00000   100%   5.8  800s
 714260 521179 140167.248  196   42 149059.619    0.00000   100%   5.8  805s
 719776 525885     cutoff  200      149059.619    0.00000   100%   5.9  810s
 725833 530780 140335.450  160   43 149059.619    0.00000   100%   5.9  815s
 731489 535611 118999.996  366   59 149059.619    0.00000   100%   5.9  820s
 737434 541110 112200.636  783   45 149059.619    0.00000   100%   5.9  825s
 742367 544658 147285.152  206   50 149059.619    0.00000   100%   5.9  830s
 746044 547841 104378.171  217   48 149059.619    0.00000   100%   5.9  835s
 750162 551374 81062.0472  140   63 149059.619    0.00000   100%   5.9  840s
 754789 555243 109609.646  162   49 149059.619    0.00000   100%   5.8  845s
 758735 558925 99731.0800  164   48 149059.619    0.00000   100%   5.8  850s
 762965 562360 96477.5174  614   44 149059.619    0.00000   100%   5.8  855s
 766963 565777 138748.767  188   62 149059.619    0.00000   100%   5.8  860s
 770471 568426     cutoff  358      149059.619    0.00000   100%   5.9  865s
 773632 571208 25154.7528  116   75 149059.619    0.00000   100%   5.9  870s
H775667 545552                    140176.77435    0.00000   100%   5.9  873s
 776883 546540 136988.726  175   52 140176.774    0.00000   100%   5.9  875s
H780536 549451                    140175.87252    0.00000   100%   5.9  879s
 781236 550164 128446.550  221   44 140175.873    0.00000   100%   5.9  880s
H785243 553465                    140171.56120    0.00000   100%   5.9  884s
H785484 553670                    140171.42781    0.00000   100%   5.9  884s
H785773 553690                    140138.39278    0.00000   100%   5.9  884s
H785773 553687                    140137.60797    0.00000   100%   5.9  884s
 786045 553688 68442.8873  130   63 140137.608    0.00000   100%   5.9  885s
H786288 554074                    140136.13377    0.00000   100%   5.9  885s
 790636 557414    0.00000   70   86 140136.134    0.00000   100%   5.9  890s
 794741 560257 56157.5585  120   66 140136.134    0.00000   100%   6.0  895s
 798312 562358    0.00000   55  100 140136.134    0.00000   100%   6.1  900s
H798339 562344                    140134.77637    0.00000   100%   6.1  900s
 801797 564884 130118.532  339   38 140134.776    0.00000   100%   6.1  905s
 805781 568292 117222.541  165   47 140134.776    0.00000   100%   6.1  910s
 808779 570395    0.00000   77   87 140134.776    0.00000   100%   6.1  915s
H811232 571774                    140084.32169    0.00000   100%   6.1  918s
H811248 570808                    139870.27874    0.00000   100%   6.1  919s
 811684 571161 136848.204  176   51 139870.279    0.00000   100%   6.1  920s
 814935 574015 78239.7411  171   46 139870.279    0.00000   100%   6.1  925s
 817408 575793 94390.3968  107   65 139870.279    0.00000   100%   6.2  930s
 819947 577551 104979.752  191   47 139870.279    0.00000   100%   6.2  935s
 823455 580273   87.22187   84   79 139870.279    0.00000   100%   6.2  940s
 826862 582573     cutoff  124      139870.279    0.00000   100%   6.2  945s
 830568 584922 42411.3884   93   78 139870.279    0.00000   100%   6.2  950s
 833561 586921 91194.2275  110   68 139870.279    0.00000   100%   6.3  955s
 837405 589148 109948.712  136   73 139870.279    0.00000   100%   6.3  960s
 841744 592150 123124.644  121   71 139870.279    0.00000   100%   6.3  965s
 846056 594748 139128.514   93   82 139870.279    0.00000   100%   6.3  970s
 849995 597228     cutoff  156      139870.279    0.00000   100%   6.3  975s
 854048 599791 85220.9969  113   65 139870.279    0.00000   100%   6.3  980s
 858269 602730 132381.505  100   78 139870.279    0.00000   100%   6.4  985s
 862812 605636 67240.5807   87   81 139870.279    0.00000   100%   6.4  990s
 866413 608030    0.00000   74   73 139870.279    0.00000   100%   6.4  995s
 869302 610189 104059.369  158   80 139870.279    0.00000   100%   6.4 1000s
 872627 612524 139363.887  112   74 139870.279    0.00000   100%   6.4 1005s
 875193 614235 126292.832   96   72 139870.279    0.00000   100%   6.4 1010s
 878038 615613 infeasible  205      139870.279    0.00000   100%   6.5 1015s
 880652 617402 138588.165   98   70 139870.279    0.00000   100%   6.5 1020s
 883318 619011 86095.5113  114   60 139870.279    0.00000   100%   6.5 1025s
 886179 620924 108188.343  215   72 139870.279    0.00000   100%   6.5 1030s
 888681 622213     cutoff  111      139870.279    0.00000   100%   6.5 1035s
 891190 624206 72772.1601   99   78 139870.279    0.00000   100%   6.5 1040s
 893987 625907 19324.7216   80   82 139870.279    0.00000   100%   6.5 1045s
 896855 627719 126292.932  141   73 139870.279    0.00000   100%   6.5 1050s
 899596 629837     cutoff   95      139870.279    0.00000   100%   6.6 1055s
 902272 631123 136857.736   99   68 139870.279    0.00000   100%   6.6 1060s
 904628 632325     cutoff  124      139870.279    0.00000   100%   6.6 1065s
 907443 633886 139386.378  110   63 139870.279    0.00000   100%   6.6 1070s
 910022 635500 98802.4190  129   62 139870.279    0.00000   100%   6.6 1075s
 912697 636959 134391.461  110   80 139870.279    0.00000   100%   6.6 1080s
 915131 638866    0.00000   85   72 139870.279    0.00000   100%   6.7 1085s
 918425 641292 92509.1296  185   64 139870.279    0.00000   100%   6.7 1090s
 921775 643458     cutoff  225      139870.279    0.00000   100%   6.7 1095s
 924787 645885 124858.949  110   79 139870.279    0.00000   100%   6.7 1100s
H925869 643554                    139354.85786    0.00000   100%   6.7 1102s
H926136 642717                    139186.12106    0.00000   100%   6.7 1102s
H926556 638711                    138489.51235    0.00000   100%   6.7 1102s
 928730 640298 123425.135  102   74 138489.512    0.00000   100%   6.7 1105s
 933106 643444     cutoff  185      138489.512    0.00000   100%   6.7 1110s
 936542 646118 125397.562  113   52 138489.512    0.00000   100%   6.7 1115s
H938663 646288                    138290.87283    0.00000   100%   6.8 1119s
 939292 646932 11981.2329   97   75 138290.873    0.00000   100%   6.8 1120s
 941867 648675 106384.675  108   73 138290.873    0.00000   100%   6.8 1125s
 944628 650072 113588.715  185   48 138290.873    0.00000   100%   6.8 1130s
 946997 651412 122006.517  108   73 138290.873    0.00000   100%   6.8 1135s
 950165 653870 126314.615  606   54 138290.873    0.00000   100%   6.8 1140s
H951653 648043                    137273.99168    0.00000   100%   6.8 1142s
 954102 649618     cutoff  101      137273.992    0.00000   100%   6.8 1145s
H957096 650960                    137192.36363    0.00000   100%   6.9 1148s
H957207 651364                    137192.33984    0.00000   100%   6.9 1149s
H957803 651663                    137192.30308    0.00000   100%   6.9 1149s
H957803 651652                    137190.70685    0.00000   100%   6.9 1149s
 958249 652174     cutoff  357      137190.707    0.00000   100%   6.9 1150s
H960668 617554                    132842.49857    0.00000   100%   6.9 1152s
H960694 606086                    131411.01028    0.00000   100%   6.9 1153s
 961912 606672     cutoff  108      131411.010    0.00000   100%   6.9 1155s
 965163 608494 119398.234  107   59 131411.010    0.00000   100%   6.9 1160s
 967771 610442     cutoff   95      131411.010    0.00000   100%   6.9 1165s
 970967 612350     cutoff  140      131411.010    0.00000   100%   6.9 1170s
 973367 613736 98665.1748  122   72 131411.010    0.00000   100%   6.9 1175s
H973685 588884                    128447.30655    0.00000   100%   6.9 1176s
H974880 584479                    127753.30299    0.00000   100%   6.9 1178s
 975703 585009 109173.778  138   67 127753.303    0.00000   100%   6.9 1180s
H975825 567925                    125871.49100    0.00000   100%   6.9 1180s
H976987 568787                    125871.48802    0.00000   100%   6.9 1183s
 977821 569483 89441.8207  119   76 125871.488    0.00000   100%   6.9 1185s
H978976 569593                    125831.76967    0.00000   100%   6.9 1186s
H979886 570146                    125831.74838    0.00000   100%   7.0 1188s
 981025 571016 104182.113  121   72 125831.748    0.00000   100%   7.0 1190s
 983449 572549 98166.4679  117   79 125831.748    0.00000   100%   7.0 1195s
H985246 573737                    125830.51146    0.00000   100%   7.0 1198s
 986165 574376 92672.1206  108   72 125830.511    0.00000   100%   7.0 1200s
H986589 574181                    125791.25266    0.00000   100%   7.0 1201s
H988274 575414                    125791.22763    0.00000   100%   7.0 1204s
H988274 575386                    125789.08843    0.00000   100%   7.0 1204s
 988421 575507 116871.102  118   77 125789.088    0.00000   100%   7.0 1205s
H989620 576020                    125750.20369    0.00000   100%   7.0 1207s
 991238 576804 88451.0672  100   74 125750.204    0.00000   100%   7.0 1210s
H992261 577050                    125691.96820    0.00000   100%   7.0 1211s
H992664 576896                    125653.75592    0.00000   100%   7.0 1212s
H994360 577517                    125605.01863    0.00000   100%   7.0 1214s
H994627 577178                    125559.60913    0.00000   100%   7.0 1214s
 995251 577491 109850.639  140   70 125559.609    0.00000   100%   7.0 1215s
H995493 577610                    125557.43538    0.00000   100%   7.0 1215s
H995731 560937                    123943.95922    0.00000   100%   7.0 1216s
H996888 473875                    116578.38577    0.00000   100%   7.0 1217s
H997722 474292                    116577.67260    0.00000   100%   7.0 1218s
 998913 474887    0.00000   76   86 116577.673    0.00000   100%   7.0 1220s
 1001215 477058 infeasible   77      116577.673    0.00000   100%   7.1 1225s
H1004894 467972                    115488.89975    0.00000   100%   7.1 1229s
 1005086 468069    0.00000   64   91 115488.900    0.00000   100%   7.1 1230s
H1005179 467885                    115467.60554    0.00000   100%   7.1 1230s
H1006176 460044                    114792.99129    0.00000   100%   7.1 1232s
 1006884 460494 68930.2175   93   69 114792.991    0.00000   100%   7.1 1235s
H1007302 423812                    111547.86970    0.00000   100%   7.1 1236s
 1009059 424458 90608.4613  104   80 111547.870    0.00000   100%   7.2 1240s
 1011502 425433 107408.122  139   73 111547.870    0.00000   100%   7.2 1245s
 1013617 426397     cutoff  131      111547.870    0.00000   100%   7.2 1250s
H1014517 425120                    111400.69557    0.00000   100%   7.2 1252s
H1015626 425105                    111352.55874    0.00000   100%   7.3 1255s
H1015891 424802                    111318.13172    0.00000   100%   7.3 1256s
 1017435 425489 5141.92797  102   72 111318.132    0.00000   100%   7.3 1260s
 1019489 426542 70429.1348  114   81 111318.132    0.00000   100%   7.3 1265s
 1021551 427342  295.74629  101   74 111318.132    0.00000   100%   7.4 1270s
 1023340 428262 102718.800  115   77 111318.132    0.00000   100%   7.4 1275s
 1026023 429559 16072.1044  105   80 111318.132    0.00000   100%   7.4 1280s
 1028253 430639 95100.4644  124   79 111318.132    0.00000   100%   7.5 1285s
 1030078 431358     cutoff  107      111318.132    0.00000   100%   7.5 1290s
 1032190 432230 106330.024  115   78 111318.132    0.00000   100%   7.5 1295s
 1034005 432967     cutoff  111      111318.132    0.00000   100%   7.5 1300s
 1036048 433647 106237.671  138   74 111318.132    0.00000   100%   7.6 1305s
 1037943 434451     cutoff  119      111318.132    0.00000   100%   7.6 1310s
 1040181 435502 84846.5471  117   79 111318.132    0.00000   100%   7.6 1315s
 1042512 436519 104651.307  100   79 111318.132    0.00000   100%   7.7 1320s
 1044403 437467     cutoff  121      111318.132    0.00000   100%   7.7 1325s
 1046556 438644 107671.648  124   81 111318.132    0.00000   100%   7.7 1330s
 1048568 439670 78317.4411  156   77 111318.132    0.00000   100%   7.7 1335s
 1050933 440711 104626.430  121   78 111318.132    0.00000   100%   7.8 1340s
 1053057 441861 81329.6104  121   79 111318.132    0.00000   100%   7.8 1345s
 1054817 442866 infeasible  128      111318.132    0.00000   100%   7.8 1350s
 1056881 443818 93691.9953  131   78 111318.132    0.00000   100%   7.9 1355s
 1059610 445013 103783.641  125   79 111318.132    0.00000   100%   7.9 1360s
 1061452 446027     cutoff  118      111318.132    0.00000   100%   7.9 1365s
 1063502 446982 infeasible  130      111318.132    0.00000   100%   7.9 1370s
 1065648 447977 72546.7577  123   78 111318.132    0.00000   100%   8.0 1375s
 1067829 448769 77452.4769  118   81 111318.132    0.00000   100%   8.0 1380s
 1069691 449792 90667.6925  105   80 111318.132    0.00000   100%   8.0 1385s
 1071912 450550 94867.3988  114   68 111318.132    0.00000   100%   8.1 1390s
 1073788 451458     cutoff  121      111318.132    0.00000   100%   8.1 1395s
 1075920 452488 91957.5674  164   72 111318.132    0.00000   100%   8.1 1400s
 1078048 453313 96359.2472  118   82 111318.132    0.00000   100%   8.2 1405s
H1078189 453308                    111317.96653    0.00000   100%   8.2 1405s
H1078189 453304                    111317.35829    0.00000   100%   8.2 1405s
H1079319 427395                    108807.23673    0.00000   100%   8.2 1409s
 1079610 427464     cutoff  117      108807.237    0.00000   100%   8.2 1410s
H1081661 425542                    108539.32877    0.00000   100%   8.2 1415s
 1083716 426308 74789.1692  118   77 108539.329    0.00000   100%   8.2 1420s
 1085952 427585 72041.9021  141   57 108539.329    0.00000   100%   8.2 1425s
 1088241 428449     cutoff  133      108539.329    0.00000   100%   8.3 1430s
H1089502 428958                    108539.27499    0.00000   100%   8.3 1434s
H1089630 428957                    108538.97315    0.00000   100%   8.3 1434s
 1089768 429255     cutoff  123      108538.973    0.00000   100%   8.3 1435s
H1089770 429239                    108537.84845    0.00000   100%   8.3 1435s
H1090146 427698                    108374.00238    0.00000   100%   8.3 1436s
 1091956 428353 96048.5195  116   80 108374.002    0.00000   100%   8.3 1440s
 1094341 429052 103817.871  117   85 108374.002    0.00000   100%   8.3 1445s
 1095996 429570 73660.1764  106   79 108374.002    0.00000   100%   8.3 1450s
 1098082 430723 96814.1071  119   80 108374.002    0.00000   100%   8.4 1455s
 1099816 431427 infeasible  118      108374.002    0.00000   100%   8.4 1460s
 1102090 432356 89040.8001  109   86 108374.002    0.00000   100%   8.4 1465s
 1103810 433088 infeasible  119      108374.002    0.00000   100%   8.4 1470s
 1105474 433537     cutoff  112      108374.002    0.00000   100%   8.5 1475s
 1107761 434416     cutoff  114      108374.002    0.00000   100%   8.5 1480s
 1109628 435330 97445.6135  131   79 108374.002    0.00000   100%   8.5 1485s
 1111598 436050 71076.3615  118   78 108374.002    0.00000   100%   8.5 1490s
 1113756 436937 100053.324  116   77 108374.002    0.00000   100%   8.6 1495s
 1115393 437588     cutoff  118      108374.002    0.00000   100%   8.6 1500s
 1117623 438469     cutoff  100      108374.002    0.00000   100%   8.6 1505s
 1119555 439186 93911.4279  137   79 108374.002    0.00000   100%   8.7 1510s
 1121722 439883 91624.9916  121   83 108374.002    0.00000   100%   8.7 1515s
 1124726 440956 88134.3693  124   79 108374.002    0.00000   100%   8.7 1520s
 1127728 442309 80669.8855  117   77 108374.002    0.00000   100%   8.8 1525s
 1130566 443125     cutoff  113      108374.002    0.00000   100%   8.8 1530s
 1134183 444276 infeasible  129      108374.002    0.00000   100%   8.9 1535s
 1136811 445343 99049.5992  137   76 108374.002    0.00000   100%   8.9 1540s
 1138819 446035     cutoff  137      108374.002    0.00000   100%   8.9 1545s
 1140841 446702 78834.6599  113   80 108374.002    0.00000   100%   8.9 1550s
 1142501 447238 100317.949  107   68 108374.002    0.00000   100%   9.0 1555s
 1144462 447984 13757.6796  114   77 108374.002    0.00000   100%   9.0 1560s
 1146393 448720     cutoff  110      108374.002    0.00000   100%   9.0 1565s
 1148722 449466 infeasible  125      108374.002    0.00000   100%   9.1 1570s
 1150917 450497 104281.768  165   78 108374.002    0.00000   100%   9.1 1575s
 1153269 451457 20221.9794  118   79 108374.002    0.00000   100%   9.1 1580s
 1155165 452019 101674.575  119   78 108374.002    0.00000   100%   9.1 1585s
 1156958 452884 92715.9435  137   80 108374.002    0.00000   100%   9.2 1590s
 1158959 453516 infeasible  125      108374.002    0.00000   100%   9.2 1595s
 1161267 454489     cutoff  144      108374.002    0.00000   100%   9.2 1600s
 1162899 455146 107693.597  130   80 108374.002    0.00000   100%   9.2 1605s
 1165011 456059 100796.265  182   79 108374.002    0.00000   100%   9.3 1610s
 1166744 456988 71472.3262  128   83 108374.002    0.00000   100%   9.3 1615s
 1168863 457866     cutoff  116      108374.002    0.00000   100%   9.3 1620s
 1171148 458627     cutoff  112      108374.002    0.00000   100%   9.3 1625s
 1172794 459334     cutoff  118      108374.002    0.00000   100%   9.3 1630s
 1174908 460125 73517.8609  103   69 108374.002    0.00000   100%   9.4 1635s
H1176180 454797                    107801.76535    0.00000   100%   9.4 1639s
 1176402 454839 103770.659   99   76 107801.765    0.00000   100%   9.4 1640s
 1177708 455476 infeasible   99      107801.765    0.00000   100%   9.4 1645s
 1179872 456555 81935.2827  102   82 107801.765    0.00000   100%   9.5 1650s
 1181808 456769 infeasible  104      107801.765    0.00000   100%   9.5 1655s
 1183136 456946     cutoff  116      107801.765    0.00000   100%   9.5 1660s
H1184234 452157                    107350.61022    0.00000   100%   9.5 1664s
 1184937 452407     cutoff  118      107350.610    0.00000   100%   9.5 1665s
H1185491 451850                    107285.77730    0.00000   100%   9.6 1667s
H1185936 451933                    107285.76044    0.00000   100%   9.6 1668s
 1186705 452365 96111.5552  111   80 107285.760    0.00000   100%   9.6 1670s
H1187386 445448                    106634.22968    0.00000   100%   9.6 1672s
 1188503 445943 98793.4075  112   79 106634.230    0.00000   100%   9.6 1675s
 1190807 446664 21323.1977   98   70 106634.230    0.00000   100%   9.6 1680s
H1191367 446665                    106627.25278    0.00000   100%   9.6 1681s
H1191534 446508                    106604.90604    0.00000   100%   9.6 1682s
 1192373 446805 94116.3444  115   76 106604.906    0.00000   100%   9.7 1685s
 1194573 447766 61910.2855  101   74 106604.906    0.00000   100%   9.7 1690s
H1194970 419335                    103698.79784    0.00000   100%   9.7 1691s
H1196064 419156                    103640.61766    0.00000   100%   9.7 1694s
 1196383 419242 71422.3105  109   77 103640.618    0.00000   100%   9.7 1695s
 1197909 419739    0.00000  105   67 103640.618    0.00000   100%   9.7 1700s
H1198506 419546                    103603.15822    0.00000   100%   9.8 1701s
 1199965 420006 67249.4120   99   81 103603.158    0.00000   100%   9.8 1705s
 1201685 420650     cutoff  109      103603.158    0.00000   100%   9.8 1710s
 1203496 421538     cutoff  105      103603.158    0.00000   100%   9.9 1715s
 1205648 422414 infeasible  130      103603.158    0.00000   100%   9.9 1720s
 1207244 422948     cutoff  116      103603.158    0.00000   100%   9.9 1725s
 1209092 423534 59768.2345  104   79 103603.158    0.00000   100%   9.9 1730s
 1211034 424300 98192.6888  126   81 103603.158    0.00000   100%  10.0 1735s
 1212801 424939 66270.1544  104   79 103603.158    0.00000   100%  10.0 1740s
 1214639 425623 96912.8916  120   79 103603.158    0.00000   100%  10.0 1745s
 1216605 426271 98381.9527  109   79 103603.158    0.00000   100%  10.1 1750s
 1218287 426550     cutoff  104      103603.158    0.00000   100%  10.1 1755s
 1219542 426713 infeasible  112      103603.158    0.00000   100%  10.1 1760s
 1221309 427139 infeasible  119      103603.158    0.00000   100%  10.2 1765s
 1223117 427689 4894.92780  106   84 103603.158    0.00000   100%  10.2 1770s
 1224915 428398 61523.4812  113   77 103603.158    0.00000   100%  10.2 1775s
 1226666 428785 50094.7903  106   79 103603.158    0.00000   100%  10.3 1780s
 1228701 429494 87526.4661  112   75 103603.158    0.00000   100%  10.3 1785s
 1230194 429947    0.00000  110   60 103603.158    0.00000   100%  10.3 1790s
 1232071 430618 66024.4448  101   78 103603.158    0.00000   100%  10.4 1795s
 1234752 431553 infeasible  111      103603.158    0.00000   100%  10.4 1800s
 1237591 432253 93321.6259  131   75 103603.158    0.00000   100%  10.5 1805s
 1240167 433002 20158.4629  108   83 103603.158    0.00000   100%  10.5 1810s
 1242455 433581    0.00000  101   68 103603.158    0.00000   100%  10.6 1815s
 1243912 434016 73021.0422  107   75 103603.158    0.00000   100%  10.6 1820s
 1245740 434591     cutoff  111      103603.158    0.00000   100%  10.6 1825s
 1247398 435083 infeasible  131      103603.158    0.00000   100%  10.7 1830s
 1249082 435691 69429.2062   97   79 103603.158    0.00000   100%  10.7 1835s
 1251008 436472 90184.3490  118   73 103603.158    0.00000   100%  10.7 1840s
 1253099 437095    0.00000  110   71 103603.158    0.00000   100%  10.7 1845s
 1254426 437375 90539.7693  108   78 103603.158    0.00000   100%  10.8 1850s
 1256323 437942 14984.2056  111   67 103603.158    0.00000   100%  10.8 1855s
H1257650 361553                    95795.117116    0.00000   100%  10.8 1858s
 1258449 361711 89756.6213  114   75 95795.1171    0.00000   100%  10.9 1860s
 1259829 362179 infeasible  106      95795.1171    0.00000   100%  10.9 1865s
 1261817 362880 infeasible  106      95795.1171    0.00000   100%  10.9 1870s
 1263675 363561     cutoff  104      95795.1171    0.00000   100%  11.0 1875s
 1265163 363857 86442.2710  108   76 95795.1171    0.00000   100%  11.0 1880s
 1266949 364559    0.00000  117   68 95795.1171    0.00000   100%  11.0 1885s
 1268630 364903     cutoff  115      95795.1171    0.00000   100%  11.1 1890s
 1269664 365192 83837.5247  117   79 95795.1171    0.00000   100%  11.1 1895s
 1271195 365767 62817.1110  110   79 95795.1171    0.00000   100%  11.1 1900s
H1271815 365871                    95795.089860    0.00000   100%  11.1 1901s
H1272112 365946                    95795.008614    0.00000   100%  11.2 1901s
H1272593 366089                    95795.007548    0.00000   100%  11.2 1903s
H1272687 366089                    95795.006324    0.00000   100%  11.2 1903s
 1273133 366182 82200.8469  108   78 95795.0063    0.00000   100%  11.2 1905s
H1274037 366334                    95788.150399    0.00000   100%  11.2 1907s
H1274158 365138                    95648.195773    0.00000   100%  11.2 1907s
 1274797 365275 infeasible  105      95648.1958    0.00000   100%  11.2 1910s
H1275313 365396                    95648.138148    0.00000   100%  11.2 1912s
H1275906 365552                    95647.992571    0.00000   100%  11.2 1914s
H1276085 365541                    95647.003510    0.00000   100%  11.2 1914s
 1276240 365612    0.00000  106   70 95647.0035    0.00000   100%  11.3 1915s
 1277858 365877 66223.2964  105   78 95647.0035    0.00000   100%  11.3 1920s
H1278133 365184                    95563.936337    0.00000   100%  11.3 1921s
H1278388 364908                    95522.073902    0.00000   100%  11.3 1922s
 1279569 365082 infeasible  121      95522.0739    0.00000   100%  11.3 1925s
 1281059 365348    0.00000  115   71 95522.0739    0.00000   100%  11.4 1930s
 1282658 365764 infeasible  112      95522.0739    0.00000   100%  11.4 1935s
 1284609 366219 74424.5902  112   76 95522.0739    0.00000   100%  11.5 1940s
 1286822 366776    0.00000  102   67 95522.0739    0.00000   100%  11.5 1945s
 1289152 367080     cutoff  112      95522.0739    0.00000   100%  11.6 1950s
 1291180 367600 infeasible  105      95522.0739    0.00000   100%  11.6 1955s
H1291182 367538                    95513.985972    0.00000   100%  11.6 1955s
H1291198 367245                    95482.043399    0.00000   100%  11.6 1955s
 1292644 367656    0.00000   90   71 95482.0434    0.00000   100%  11.7 1960s
 1294269 368006 19459.6961  103   80 95482.0434    0.00000   100%  11.7 1965s
 1295856 368387 infeasible  108      95482.0434    0.00000   100%  11.7 1970s
 1297295 368901 12628.6138  112   86 95482.0434    0.00000   100%  11.8 1975s
 1299339 369326     cutoff  123      95482.0434    0.00000   100%  11.8 1980s
 1300701 369557 infeasible  115      95482.0434    0.00000   100%  11.9 1986s
 1302299 370152     cutoff  105      95482.0434    0.00000   100%  11.9 1990s
 1303900 370450 infeasible   96      95482.0434    0.00000   100%  11.9 1995s
H1303901 370137                    95447.229591    0.00000   100%  11.9 1995s
 1305315 370303     cutoff  109      95447.2296    0.00000   100%  12.0 2000s
 1306826 370627 85760.3295  116   71 95447.2296    0.00000   100%  12.0 2005s
 1308411 370861 77622.9317  108   76 95447.2296    0.00000   100%  12.0 2010s
 1310070 371188    0.00000  110   66 95447.2296    0.00000   100%  12.1 2015s
 1311326 371469 84528.4106  114   78 95447.2296    0.00000   100%  12.1 2020s
 1312946 371733     cutoff  112      95447.2296    0.00000   100%  12.2 2025s
 1314213 371944 81115.2693  117   78 95447.2296    0.00000   100%  12.2 2030s
 1315589 372127 85773.6591  117   77 95447.2296    0.00000   100%  12.2 2035s
 1316647 372190     cutoff  109      95447.2296    0.00000   100%  12.3 2040s
 1318253 372598     cutoff  105      95447.2296    0.00000   100%  12.3 2045s
 1320140 373187    0.00000  105   79 95447.2296    0.00000   100%  12.4 2050s
 1321806 373650 64529.1587   99   80 95447.2296    0.00000   100%  12.4 2055s
 1323536 374015     cutoff  113      95447.2296    0.00000   100%  12.4 2060s
 1325211 374465    0.00000  101   83 95447.2296    0.00000   100%  12.5 2065s
 1326712 374946 infeasible  111      95447.2296    0.00000   100%  12.5 2070s
 1328304 375343 infeasible  105      95447.2296    0.00000   100%  12.5 2075s
 1330127 375737 68734.8768  115   77 95447.2296    0.00000   100%  12.6 2080s
 1331774 376306     cutoff  108      95447.2296    0.00000   100%  12.6 2085s
 1333447 376723 infeasible  110      95447.2296    0.00000   100%  12.6 2090s
 1335166 376990 86793.4270  127   73 95447.2296    0.00000   100%  12.7 2095s
 1336793 377570 86455.7460  122   75 95447.2296    0.00000   100%  12.7 2100s
 1338671 378135     cutoff  108      95447.2296    0.00000   100%  12.7 2105s
 1339851 378329 infeasible  117      95447.2296    0.00000   100%  12.8 2110s
 1341324 378670 78332.3802  111   77 95447.2296    0.00000   100%  12.8 2115s
 1342798 378901 30806.1104  111   84 95447.2296    0.00000   100%  12.8 2120s
 1344105 379341 infeasible  100      95447.2296    0.00000   100%  12.9 2125s
 1345990 380112 83244.1902  152   77 95447.2296    0.00000   100%  12.9 2130s
 1347639 380615 45054.1335   96   80 95447.2296    0.00000   100%  12.9 2135s
 1349128 381126 87771.7855  137   79 95447.2296    0.00000   100%  13.0 2140s
 1350954 381744 93451.9386   98   82 95447.2296    0.00000   100%  13.0 2145s
 1352894 382252     cutoff  111      95447.2296    0.00000   100%  13.0 2150s
 1354739 382755 infeasible   99      95447.2296    0.00000   100%  13.0 2155s
 1357131 383397 90869.4303  112   81 95447.2296    0.00000   100%  13.1 2160s
 1359671 383988     cutoff  109      95447.2296    0.00000   100%  13.1 2165s
 1362007 385098 80334.6596  104   83 95447.2296    0.00000   100%  13.2 2170s
 1364314 385882 infeasible  101      95447.2296    0.00000   100%  13.2 2175s
 1367053 386820     cutoff  106      95447.2296    0.00000   100%  13.2 2180s
 1369502 387622 infeasible  104      95447.2296    0.00000   100%  13.3 2185s
 1372356 388587    0.00000   94   65 95447.2296    0.00000   100%  13.3 2190s
 1375236 389769     cutoff  112      95447.2296    0.00000   100%  13.4 2195s
 1378093 390810     cutoff  108      95447.2296    0.00000   100%  13.4 2200s
 1380827 391630 infeasible  105      95447.2296    0.00000   100%  13.4 2205s
 1382455 392100 18327.3158  118   85 95447.2296    0.00000   100%  13.4 2210s
 1384117 392615 8343.62759  100   89 95447.2296    0.00000   100%  13.5 2215s
 1386344 393425 infeasible  109      95447.2296    0.00000   100%  13.5 2220s
 1388296 394187 82305.8062  103   78 95447.2296    0.00000   100%  13.5 2225s
 1389992 394850 infeasible  116      95447.2296    0.00000   100%  13.5 2230s
 1391687 395330 66505.0596  108   79 95447.2296    0.00000   100%  13.5 2235s
 1393492 395979     cutoff  109      95447.2296    0.00000   100%  13.6 2240s
 1395139 396343    0.00000  109   69 95447.2296    0.00000   100%  13.6 2245s
 1396815 396714 74779.5003  108   79 95447.2296    0.00000   100%  13.6 2250s
H1397917 395520                    95270.316526    0.00000   100%  13.6 2253s
 1398430 395769     cutoff  113      95270.3165    0.00000   100%  13.6 2255s
 1400056 396167 74452.2121  106   80 95270.3165    0.00000   100%  13.7 2260s
 1401689 396636 86950.3347  124   77 95270.3165    0.00000   100%  13.7 2265s
 1403235 396909 82902.4276  111   77 95270.3165    0.00000   100%  13.7 2270s
H1403626 397020                    95264.322032    0.00000   100%  13.7 2272s
H1403975 397100                    95263.267812    0.00000   100%  13.7 2273s
 1404566 397189     cutoff  111      95263.2678    0.00000   100%  13.7 2275s
H1405804 397487                    95263.245030    0.00000   100%  13.8 2278s
 1406284 397660 89810.3404  102   79 95263.2450    0.00000   100%  13.8 2280s
 1407915 398087 infeasible  108      95263.2450    0.00000   100%  13.8 2285s
H1407917 397717                    95226.473241    0.00000   100%  13.8 2285s
 1409847 398189 58187.5245  110   79 95226.4732    0.00000   100%  13.8 2290s
 1411171 398608     cutoff  109      95226.4732    0.00000   100%  13.8 2295s
 1412859 399244     cutoff  111      95226.4732    0.00000   100%  13.9 2300s
 1414808 399798 79884.5021  111   74 95226.4732    0.00000   100%  13.9 2305s
 1416438 400204     cutoff  107      95226.4732    0.00000   100%  13.9 2310s
 1418454 400828     cutoff  114      95226.4732    0.00000   100%  13.9 2315s
 1420328 401639 68717.6909  105   78 95226.4732    0.00000   100%  13.9 2320s
 1422073 402133 infeasible  110      95226.4732    0.00000   100%  14.0 2325s
 1423607 402564     cutoff  121      95226.4732    0.00000   100%  14.0 2330s
 1425449 403003    0.00000  109   65 95226.4732    0.00000   100%  14.0 2335s
 1427128 403593     cutoff  109      95226.4732    0.00000   100%  14.0 2340s
 1428946 404136 30184.4074  112   80 95226.4732    0.00000   100%  14.1 2345s
 1430731 404805 93418.8279  144   72 95226.4732    0.00000   100%  14.1 2350s
 1432544 405126 77270.1381  111   80 95226.4732    0.00000   100%  14.1 2355s
 1434156 405747    0.00000  121   67 95226.4732    0.00000   100%  14.1 2360s
 1435779 406011 73777.4905  108   77 95226.4732    0.00000   100%  14.1 2365s
 1437401 406543     cutoff  126      95226.4732    0.00000   100%  14.2 2370s
 1439190 406995 86671.7338  114   79 95226.4732    0.00000   100%  14.2 2375s
 1441008 407420     cutoff  117      95226.4732    0.00000   100%  14.2 2380s
 1442685 408110    0.00000  106   65 95226.4732    0.00000   100%  14.2 2385s
 1444271 408372    0.00000  114   69 95226.4732    0.00000   100%  14.3 2390s
 1445974 408916 infeasible  114      95226.4732    0.00000   100%  14.3 2395s
 1447738 409396 infeasible  130      95226.4732    0.00000   100%  14.3 2400s
 1449781 410188 91476.9922  123   72 95226.4732    0.00000   100%  14.3 2405s
 1451487 410808 infeasible  114      95226.4732    0.00000   100%  14.4 2410s
 1453231 411251     cutoff  108      95226.4732    0.00000   100%  14.4 2415s
 1454865 411747     cutoff  118      95226.4732    0.00000   100%  14.4 2420s
 1456438 412298     cutoff  105      95226.4732    0.00000   100%  14.4 2425s
 1458102 413039     cutoff  122      95226.4732    0.00000   100%  14.5 2430s
 1459794 413678 infeasible  102      95226.4732    0.00000   100%  14.5 2435s
 1461863 414310 89754.1374  116   77 95226.4732    0.00000   100%  14.5 2440s
 1463550 414961 infeasible  130      95226.4732    0.00000   100%  14.5 2445s
 1465229 415360 infeasible  131      95226.4732    0.00000   100%  14.5 2450s
 1466897 415776 62539.0139  118   79 95226.4732    0.00000   100%  14.6 2455s
 1468433 416355     cutoff  111      95226.4732    0.00000   100%  14.6 2460s
 1470117 416792     cutoff  118      95226.4732    0.00000   100%  14.6 2465s
 1471763 417057 infeasible  100      95226.4732    0.00000   100%  14.6 2470s
 1473153 417279    0.00000  105   65 95226.4732    0.00000   100%  14.7 2475s
 1474702 417659    0.00000  115   64 95226.4732    0.00000   100%  14.7 2480s
 1476643 418302    0.00000  105   67 95226.4732    0.00000   100%  14.7 2485s
 1477766 418710    0.00000  109   65 95226.4732    0.00000   100%  14.7 2490s
 1479782 419402 39316.8685  128   83 95226.4732    0.00000   100%  14.7 2495s
H1480859 419095                    95172.570417    0.00000   100%  14.8 2498s
 1481444 419273 87640.5781  117   80 95172.5704    0.00000   100%  14.8 2500s
 1482893 419724    0.00000  102   81 95172.5704    0.00000   100%  14.8 2505s
 1484651 420124 infeasible  109      95172.5704    0.00000   100%  14.8 2510s
 1486302 420646     cutoff  122      95172.5704    0.00000   100%  14.8 2515s
 1487811 421074 infeasible  125      95172.5704    0.00000   100%  14.9 2520s
 1489650 421498     cutoff  130      95172.5704    0.00000   100%  14.9 2525s
 1491375 422041     cutoff  123      95172.5704    0.00000   100%  14.9 2530s
 1492981 422478 infeasible   99      95172.5704    0.00000   100%  14.9 2535s
 1494394 423011 62551.1162  102   74 95172.5704    0.00000   100%  14.9 2540s
 1496132 423543    0.00000  111   79 95172.5704    0.00000   100%  15.0 2545s
 1497967 424009     cutoff  116      95172.5704    0.00000   100%  15.0 2550s
 1499356 424419     cutoff  137      95172.5704    0.00000   100%  15.0 2555s
 1501175 425108 infeasible  123      95172.5704    0.00000   100%  15.0 2560s
 1503116 425711    0.00000  126   68 95172.5704    0.00000   100%  15.1 2566s
 1504469 425933 infeasible  124      95172.5704    0.00000   100%  15.1 2570s
 1506164 426421    0.00000  105   68 95172.5704    0.00000   100%  15.1 2575s
 1507690 426931 48249.1616  127   83 95172.5704    0.00000   100%  15.1 2580s
 1509680 427756 infeasible  117      95172.5704    0.00000   100%  15.1 2585s
 1511527 428418     cutoff  123      95172.5704    0.00000   100%  15.1 2590s
 1513671 429182 21199.8421  101   87 95172.5704    0.00000   100%  15.2 2595s
 1515062 429793     cutoff  125      95172.5704    0.00000   100%  15.2 2600s
 1516819 430299 89964.9085  123   78 95172.5704    0.00000   100%  15.2 2605s
 1518856 430945 77126.1759  105   77 95172.5704    0.00000   100%  15.2 2610s
 1520559 431627 82425.4281  127   76 95172.5704    0.00000   100%  15.2 2615s
 1522509 432369 infeasible  114      95172.5704    0.00000   100%  15.2 2620s
 1523951 432784 58594.5012  108   78 95172.5704    0.00000   100%  15.3 2625s
H1525472 427409                    94573.448134    0.00000   100%  15.3 2629s
 1525613 427460     cutoff  126      94573.4481    0.00000   100%  15.3 2630s
H1525616 427390                    94564.975108    0.00000   100%  15.3 2630s
H1525709 426663                    94492.900650    0.00000   100%  15.3 2630s
 1527892 427394 44686.1987  108   74 94492.9007    0.00000   100%  15.3 2635s
 1529499 427997 infeasible  135      94492.9007    0.00000   100%  15.3 2640s
 1531482 428400 78430.7626  114   75 94492.9007    0.00000   100%  15.3 2645s
 1533702 429760 infeasible  116      94492.9007    0.00000   100%  15.3 2650s
 1535234 430619     cutoff  109      94492.9007    0.00000   100%  15.3 2655s
 1537343 431323     cutoff  108      94492.9007    0.00000   100%  15.4 2660s
H1538564 431214                    94436.544074    0.00000   100%  15.4 2663s
 1539314 431367 87316.1407  121   71 94436.5441    0.00000   100%  15.4 2665s
 1541176 431847 85373.0121  120   76 94436.5441    0.00000   100%  15.4 2670s
 1543017 432406     cutoff  116      94436.5441    0.00000   100%  15.4 2675s
 1545519 433049    0.00000  101   64 94436.5441    0.00000   100%  15.4 2680s
 1548180 433829 infeasible   99      94436.5441    0.00000   100%  15.5 2685s
 1551170 434852 57250.5954  101   75 94436.5441    0.00000   100%  15.5 2690s
H1551540 434910                    94435.253369    0.00000   100%  15.5 2690s
 1553837 435494 infeasible  118      94435.2534    0.00000   100%  15.5 2695s
H1554129 435472                    94428.868231    0.00000   100%  15.5 2696s
H1555477 434805                    94307.674231    0.00000   100%  15.5 2700s
H1556507 434407                    94213.397270    0.00000   100%  15.5 2702s
 1558035 434938     cutoff  121      94213.3973    0.00000   100%  15.6 2705s
H1558036 434877                    94207.692129    0.00000   100%  15.6 2705s
 1560399 435610 76560.9132  118   77 94207.6921    0.00000   100%  15.6 2710s
 1563745 436794 83350.2720  114   76 94207.6921    0.00000   100%  15.6 2715s
 1566444 437857     cutoff  115      94207.6921    0.00000   100%  15.6 2720s
 1569038 438732 88096.4856  128   75 94207.6921    0.00000   100%  15.7 2725s
H1570736 438608                    94152.353837    0.00000   100%  15.7 2729s
 1571085 438805     cutoff  156      94152.3538    0.00000   100%  15.7 2730s
 1573270 439319 89131.3646  127   71 94152.3538    0.00000   100%  15.7 2735s
 1574727 439860 infeasible  105      94152.3538    0.00000   100%  15.7 2740s
H1575988 437302                    93834.431879    0.00000   100%  15.7 2743s
 1576701 437539 78137.5180  112   76 93834.4319    0.00000   100%  15.8 2745s
H1577491 437810                    93832.808772    0.00000   100%  15.8 2747s
 1578525 438195 77402.4655  119   76 93832.8088    0.00000   100%  15.8 2750s
H1579055 437807                    93783.645466    0.00000   100%  15.8 2751s
H1579257 437314                    93723.301085    0.00000   100%  15.8 2752s
 1580366 437595 73009.5882  115   78 93723.3011    0.00000   100%  15.8 2755s
 1581795 438185 infeasible  126      93723.3011    0.00000   100%  15.8 2760s
H1582675 437930                    93672.782582    0.00000   100%  15.8 2762s
 1583714 438251 88180.2773  121   76 93672.7826    0.00000   100%  15.8 2765s
 1585568 438826 87931.0479  134   67 93672.7826    0.00000   100%  15.8 2770s
 1587632 439471     cutoff  120      93672.7826    0.00000   100%  15.8 2775s
 1590363 440240    0.00000  111   64 93672.7826    0.00000   100%  15.9 2780s
 1593056 441052 infeasible  115      93672.7826    0.00000   100%  15.9 2785s
 1595574 441755 87313.7129  111   76 93672.7826    0.00000   100%  15.9 2790s
 1597383 442372 82649.9662  129   74 93672.7826    0.00000   100%  16.0 2795s
 1599095 442796 91200.3942  128   75 93672.7826    0.00000   100%  16.0 2800s
H1599256 442719                    93663.674379    0.00000   100%  16.0 2800s
 1601053 443232 89676.8439  133   66 93663.6744    0.00000   100%  16.0 2805s
 1602512 443776 73463.4588  134   77 93663.6744    0.00000   100%  16.0 2810s
 1604473 444410 infeasible  123      93663.6744    0.00000   100%  16.0 2815s
 1606546 445224     cutoff  110      93663.6744    0.00000   100%  16.0 2820s
H1607310 444773                    93599.103101    0.00000   100%  16.0 2822s
H1607789 444881                    93597.668534    0.00000   100%  16.1 2824s
 1608072 445048    0.00000   98   68 93597.6685    0.00000   100%  16.1 2825s
H1609351 445392                    93597.661122    0.00000   100%  16.1 2828s
 1609873 445505 49147.2147  108   80 93597.6611    0.00000   100%  16.1 2830s
 1611717 446120     cutoff  115      93597.6611    0.00000   100%  16.1 2835s
 1613081 446502     cutoff  113      93597.6611    0.00000   100%  16.1 2840s
 1615394 447125 81695.8583  118   77 93597.6611    0.00000   100%  16.1 2845s
 1617183 447515 83578.6941  121   77 93597.6611    0.00000   100%  16.2 2850s
 1618492 447928 infeasible  112      93597.6611    0.00000   100%  16.2 2855s
 1621408 448760     cutoff  110      93597.6611    0.00000   100%  16.2 2860s
 1623372 449242    0.00000  108   67 93597.6611    0.00000   100%  16.2 2865s
 1626030 449899 infeasible  118      93597.6611    0.00000   100%  16.3 2870s
 1628499 450570 39905.8938   99   81 93597.6611    0.00000   100%  16.3 2875s
H1628681 450074                    93546.046415    0.00000   100%  16.3 2875s
 1629944 450356     cutoff  107      93546.0464    0.00000   100%  16.3 2880s
 1631633 450823 infeasible  116      93546.0464    0.00000   100%  16.4 2885s
 1632804 450965 81593.0308  125   79 93546.0464    0.00000   100%  16.4 2890s
 1633859 451077 90598.7881  116   78 93546.0464    0.00000   100%  16.4 2895s
H1634390 449496                    93379.964430    0.00000   100%  16.4 2896s
H1635077 448588                    93275.286546    0.00000   100%  16.4 2897s
 1635864 448800 50884.5014  111   77 93275.2865    0.00000   100%  16.5 2900s
 1637732 449226 18010.6545  103   71 93275.2865    0.00000   100%  16.5 2905s
 1639098 449469 62639.3881  108   78 93275.2865    0.00000   100%  16.5 2910s
 1641049 450061 75239.1564  112   80 93275.2865    0.00000   100%  16.5 2915s
 1642480 450346     cutoff  109      93275.2865    0.00000   100%  16.5 2920s
 1644042 451016 84694.8744  125   79 93275.2865    0.00000   100%  16.6 2925s
 1645795 451589    0.00000  127   67 93275.2865    0.00000   100%  16.6 2930s
 1647658 452095 81022.2285  114   78 93275.2865    0.00000   100%  16.6 2935s
 1648987 452451 90296.4832  120   77 93275.2865    0.00000   100%  16.6 2940s
 1651503 453273    0.00000  101   67 93275.2865    0.00000   100%  16.6 2945s
 1653785 453873 65056.2517  120   74 93275.2865    0.00000   100%  16.6 2950s
 1656620 454646 83454.5684  129   70 93275.2865    0.00000   100%  16.7 2955s
 1659166 455261 89284.0871  132   71 93275.2865    0.00000   100%  16.7 2960s
 1661917 456044 infeasible  126      93275.2865    0.00000   100%  16.7 2965s
 1664095 456825    0.00000  123   72 93275.2865    0.00000   100%  16.7 2970s
 1666053 457394 91914.4554  116   74 93275.2865    0.00000   100%  16.7 2975s
 1667941 458046 86567.6840  126   77 93275.2865    0.00000   100%  16.7 2980s
 1669672 458496 82378.9942  126   78 93275.2865    0.00000   100%  16.7 2985s
 1671289 458980     cutoff  125      93275.2865    0.00000   100%  16.8 2990s
 1673005 459354     cutoff  108      93275.2865    0.00000   100%  16.8 2995s
 1674657 459925     cutoff  138      93275.2865    0.00000   100%  16.8 3000s
 1676206 460433     cutoff  121      93275.2865    0.00000   100%  16.8 3005s
 1678068 460863     cutoff  117      93275.2865    0.00000   100%  16.8 3010s
 1679786 461411     cutoff  114      93275.2865    0.00000   100%  16.8 3015s
 1681428 461635 74099.0919  120   73 93275.2865    0.00000   100%  16.9 3020s
 1683216 462144 90041.0339  129   73 93275.2865    0.00000   100%  16.9 3025s
 1685001 462551 infeasible  141      93275.2865    0.00000   100%  16.9 3030s
 1686813 462998 83932.6621  129   70 93275.2865    0.00000   100%  16.9 3035s
 1688507 463514 75757.6627  134   74 93275.2865    0.00000   100%  16.9 3040s
 1690368 464037 76918.0118  136   74 93275.2865    0.00000   100%  16.9 3045s
 1692049 464424     cutoff  126      93275.2865    0.00000   100%  16.9 3050s
 1693849 464689     cutoff  135      93275.2865    0.00000   100%  17.0 3055s
 1695507 464971 infeasible  127      93275.2865    0.00000   100%  17.0 3060s
 1697352 465101     cutoff  120      93275.2865    0.00000   100%  17.0 3065s
 1699114 465595     cutoff  104      93275.2865    0.00000   100%  17.0 3070s
 1700514 465855     cutoff  113      93275.2865    0.00000   100%  17.0 3075s
 1702443 466318    0.00000  124   64 93275.2865    0.00000   100%  17.1 3080s
 1704135 466748 77766.2593  133   76 93275.2865    0.00000   100%  17.1 3085s
 1705789 467365 52806.6240  103   82 93275.2865    0.00000   100%  17.1 3090s
 1707908 467928 infeasible  136      93275.2865    0.00000   100%  17.1 3095s
 1709957 468445 90160.7241  143   76 93275.2865    0.00000   100%  17.1 3100s
 1712926 469351 79243.6784  123   76 93275.2865    0.00000   100%  17.2 3105s
 1715351 470068 80770.1091  122   74 93275.2865    0.00000   100%  17.2 3110s
 1718173 470886     cutoff  114      93275.2865    0.00000   100%  17.2 3115s
 1720718 471485 80267.8013  116   78 93275.2865    0.00000   100%  17.3 3120s
 1723594 472470     cutoff  110      93275.2865    0.00000   100%  17.3 3125s
 1725912 473313 61881.9715  117   80 93275.2865    0.00000   100%  17.3 3130s
 1727623 473708     cutoff  130      93275.2865    0.00000   100%  17.3 3135s
 1729295 474057 infeasible  113      93275.2865    0.00000   100%  17.3 3140s
 1731054 474394 infeasible  116      93275.2865    0.00000   100%  17.3 3145s
 1732746 475033 58074.5210  108   73 93275.2865    0.00000   100%  17.4 3150s
 1734727 475621     cutoff  114      93275.2865    0.00000   100%  17.4 3155s
 1736301 476068 34963.4621  133   79 93275.2865    0.00000   100%  17.4 3160s
 1737912 476620     cutoff  119      93275.2865    0.00000   100%  17.4 3165s
 1739739 477144 86633.1034  111   79 93275.2865    0.00000   100%  17.4 3170s
 1741521 477764     cutoff  113      93275.2865    0.00000   100%  17.4 3175s
 1743514 478511     cutoff  114      93275.2865    0.00000   100%  17.4 3180s
 1745567 479431     cutoff  110      93275.2865    0.00000   100%  17.4 3185s
 1747584 480280     cutoff  130      93275.2865    0.00000   100%  17.5 3190s
 1749754 481119 68579.1228  125   73 93275.2865    0.00000   100%  17.5 3195s
 1751760 481954 65907.5643  111   77 93275.2865    0.00000   100%  17.5 3200s
 1753368 482594 52643.8204  107   78 93275.2865    0.00000   100%  17.5 3205s
 1755425 483224 85748.3802  119   74 93275.2865    0.00000   100%  17.5 3210s
 1756787 483551 87547.1125  111   73 93275.2865    0.00000   100%  17.5 3215s
 1758921 484563 75234.8388  120   76 93275.2865    0.00000   100%  17.5 3220s
 1760822 485177 61158.5455  115   78 93275.2865    0.00000   100%  17.5 3225s
 1762309 485577    0.00000  107   66 93275.2865    0.00000   100%  17.5 3230s
 1764007 486124 infeasible  114      93275.2865    0.00000   100%  17.5 3235s
 1766278 487078    0.00000  110   67 93275.2865    0.00000   100%  17.6 3240s
 1767932 487724     cutoff  122      93275.2865    0.00000   100%  17.6 3245s
H1768625 487657                    93243.582980    0.00000   100%  17.6 3246s
H1769849 488008                    93233.537393    0.00000   100%  17.6 3249s
 1770061 488100    0.00000  119   67 93233.5374    0.00000   100%  17.6 3250s
 1772840 488898     cutoff  113      93233.5374    0.00000   100%  17.6 3255s
 1775470 489468    0.00000  109   69 93233.5374    0.00000   100%  17.6 3260s
 1777753 490148 infeasible  109      93233.5374    0.00000   100%  17.6 3265s
 1780025 490936 38402.8355  121   76 93233.5374    0.00000   100%  17.7 3270s
 1781684 491401     cutoff  113      93233.5374    0.00000   100%  17.7 3275s
 1783169 491827 24277.1678  118   83 93233.5374    0.00000   100%  17.7 3280s
 1784768 492295 54889.6057  122   77 93233.5374    0.00000   100%  17.7 3285s
 1786482 493039 82049.7392  114   77 93233.5374    0.00000   100%  17.7 3290s
 1788396 493531 infeasible  127      93233.5374    0.00000   100%  17.7 3295s
 1790557 494515     cutoff  137      93233.5374    0.00000   100%  17.7 3300s
 1792025 494857 infeasible  106      93233.5374    0.00000   100%  17.8 3305s
 1793715 495483 65045.0519  110   79 93233.5374    0.00000   100%  17.8 3310s
 1795867 496310 infeasible  124      93233.5374    0.00000   100%  17.8 3315s
 1797463 496566 infeasible  109      93233.5374    0.00000   100%  17.8 3320s
 1798890 496887 74737.5112  117   75 93233.5374    0.00000   100%  17.8 3325s
 1800828 497788 74938.1581  112   76 93233.5374    0.00000   100%  17.8 3330s
 1803366 498877 77655.2059  107   77 93233.5374    0.00000   100%  17.8 3335s
 1804974 499459 87338.3807  138   71 93233.5374    0.00000   100%  17.8 3340s
 1806640 500075 78396.5681  106   77 93233.5374    0.00000   100%  17.9 3345s
H1807045 498448                    93063.960750    0.00000   100%  17.9 3346s
 1808506 498733 59045.8509  106   78 93063.9608    0.00000   100%  17.9 3350s
 1810458 499406     cutoff  137      93063.9608    0.00000   100%  17.9 3355s
 1812938 500188 71975.6464  134   76 93063.9608    0.00000   100%  17.9 3360s
H1813784 499103                    92933.347734    0.00000   100%  17.9 3361s
 1815333 499717     cutoff  129      92933.3477    0.00000   100%  17.9 3365s
 1817495 500406 88137.1289  128   77 92933.3477    0.00000   100%  17.9 3370s
 1819279 500880     cutoff  119      92933.3477    0.00000   100%  17.9 3375s
 1820770 501285 infeasible  136      92933.3477    0.00000   100%  17.9 3380s
 1822700 501781 84864.5317  117   76 92933.3477    0.00000   100%  18.0 3385s
H1823068 501903                    92932.599577    0.00000   100%  18.0 3386s
H1823384 501654                    92884.889490    0.00000   100%  18.0 3387s
 1824195 501878     cutoff  110      92884.8895    0.00000   100%  18.0 3390s
H1825015 473914                    90157.948831    0.00000   100%  18.0 3392s
 1825800 474036 65288.4800  108   79 90157.9488    0.00000   100%  18.0 3395s
H1825918 473617                    90116.343933    0.00000   100%  18.0 3395s
 1827540 474052     cutoff  121      90116.3439    0.00000   100%  18.0 3400s
 1829108 474490 infeasible  108      90116.3439    0.00000   100%  18.0 3405s
H1830748 465833                    89261.217670    0.00000   100%  18.0 3409s
 1831231 465871 infeasible  125      89261.2177    0.00000   100%  18.0 3410s
 1832704 466076 infeasible  135      89261.2177    0.00000   100%  18.0 3415s
 1834330 466384    0.00000  115   66 89261.2177    0.00000   100%  18.1 3420s
H1834915 446960                    87480.435455    0.00000   100%  18.1 3423s
 1835498 447001 infeasible  117      87480.4355    0.00000   100%  18.1 3425s
 1837142 447323 infeasible  116      87480.4355    0.00000   100%  18.1 3430s
H1837770 444559                    87227.821211    0.00000   100%  18.1 3432s
 1838356 444709    0.00000  100   69 87227.8212    0.00000   100%  18.1 3435s
H1838982 437196                    86559.644364    0.00000   100%  18.1 3436s
 1839652 437261     cutoff  113      86559.6444    0.00000   100%  18.1 3440s
 1841287 437903 81967.9740  135   72 86559.6444    0.00000   100%  18.2 3445s
 1842812 438200 infeasible  122      86559.6444    0.00000   100%  18.2 3450s
H1842978 435903                    86358.814513    0.00000   100%  18.2 3450s
 1844336 436099 infeasible  130      86358.8145    0.00000   100%  18.2 3455s
 1845848 436349 71708.5084  114   79 86358.8145    0.00000   100%  18.2 3460s
 1847530 436565 infeasible  123      86358.8145    0.00000   100%  18.2 3465s
 1848983 436649    0.00000  127   60 86358.8145    0.00000   100%  18.2 3470s
 1850243 436711    0.00000  133   66 86358.8145    0.00000   100%  18.3 3475s
 1851926 436760    0.00000  135   62 86358.8145    0.00000   100%  18.3 3480s
 1853173 436813 infeasible  125      86358.8145    0.00000   100%  18.3 3485s
 1854972 437017 infeasible  111      86358.8145    0.00000   100%  18.4 3490s
 1856885 437347     cutoff  133      86358.8145    0.00000   100%  18.4 3495s
 1859202 437669     cutoff  131      86358.8145    0.00000   100%  18.4 3500s
 1861338 437951     cutoff  111      86358.8145    0.00000   100%  18.4 3505s
 1863333 438225    0.00000  114   83 86358.8145    0.00000   100%  18.5 3510s
 1865455 438522     cutoff  121      86358.8145    0.00000   100%  18.5 3515s
 1867905 438978    0.00000  109   70 86358.8145    0.00000   100%  18.6 3520s
 1869967 439441     cutoff  113      86358.8145    0.00000   100%  18.6 3525s
 1871479 439644     cutoff  116      86358.8145    0.00000   100%  18.6 3530s
 1873162 439755 22917.7176  110   83 86358.8145    0.00000   100%  18.7 3535s
 1874799 440163 infeasible  112      86358.8145    0.00000   100%  18.7 3540s
 1876403 440477 12578.4748  117   79 86358.8145    0.00000   100%  18.7 3545s
 1877696 440682 75091.8644  114   76 86358.8145    0.00000   100%  18.7 3550s
 1879117 440852 81155.3007  121   78 86358.8145    0.00000   100%  18.7 3555s
 1880537 441111 infeasible  107      86358.8145    0.00000   100%  18.8 3560s
 1881845 441219 12984.6623  104   83 86358.8145    0.00000   100%  18.8 3565s
 1882816 441380    0.00000  119   64 86358.8145    0.00000   100%  18.8 3570s
 1884491 441622     cutoff  116      86358.8145    0.00000   100%  18.8 3575s
 1885706 441789 72563.3001  122   73 86358.8145    0.00000   100%  18.8 3580s
 1887326 442089     cutoff  111      86358.8145    0.00000   100%  18.9 3585s
 1888805 442413     cutoff  119      86358.8145    0.00000   100%  18.9 3590s
 1890225 442609 37763.8329  136   76 86358.8145    0.00000   100%  18.9 3595s
 1891666 442787 72576.3771  104   80 86358.8145    0.00000   100%  18.9 3600s

Cutting planes:
  Gomory: 2
  Implied bound: 2
  MIR: 20
  Flow cover: 6
  RLT: 4
  Relax-and-lift: 13

Explored 1891763 nodes (35787581 simplex iterations) in 3600.01 seconds (2181.18 work units)
Thread count was 2 (of 24 available processors)

Solution count 10: 86358.8 86358.8 86559.6 ... 92932.6

Time limit reached
Best objective 8.635881451256e+04, best bound 0.000000000000e+00, gap 100.0000%
