
Gurobi 11.0.3 (linux64, Java) logging started qui 28 nov 2024 09:36:29 -03

Set parameter Username
Academic license - for non-commercial use only - expires 2025-10-10
Set parameter NonConvex to value 2
Set parameter TimeLimit to value 3600
Set parameter LogToConsole to value 0
Set parameter MIPGap to value 2.3060879868461677e-07
Set parameter Threads to value 2
Set parameter NodefileDir to value "/home/ps12398/experiment_hosp/goalProgrammingMarcos/"
Set parameter NodefileStart to value 1
Gurobi Optimizer version 11.0.3 build v11.0.3rc0 (linux64)

CPU model: Intel(R) Xeon(R) CPU           X5650  @ 2.67GHz, instruction set [SSE2]
Thread count: 12 physical cores, 24 logical processors, using up to 2 threads

Optimize a model with 8098 rows, 5573 columns and 26595 nonzeros
Model fingerprint: 0x3816bbae
Model has 57 quadratic constraints
Variable types: 2762 continuous, 2811 integer (52 binary)
Coefficient statistics:
  Matrix range     [2e-02, 8e+05]
  QMatrix range    [2e-02, 3e+04]
  QLMatrix range   [1e+00, 3e+04]
  Objective range  [1e+00, 9e+06]
  Bounds range     [1e+00, 1e+08]
  RHS range        [1e+00, 1e+06]
  QRHS range       [3e-03, 3e-03]
Presolve removed 7755 rows and 5222 columns
Presolve time: 0.06s
Presolved: 801 rows, 489 columns, 6911 nonzeros
Presolved model has 52 bilinear constraint(s)

Solving non-convex MIQCP

Variable types: 196 continuous, 293 integer (43 binary)
Found heuristic solution: objective 3254897.6362

Root relaxation: objective 0.000000e+00, 210 iterations, 0.01 seconds (0.01 work units)

    Nodes    |    Current Node    |     Objective Bounds      |     Work
 Expl Unexpl |  Obj  Depth IntInf | Incumbent    BestBd   Gap | It/Node Time

     0     0    0.00000    0  121 3254897.64    0.00000   100%     -    0s
H    0     0                    2099808.0207    0.00000   100%     -    0s
     0     0 14211.2141    0  224 2099808.02 14211.2141  99.3%     -    0s
     0     0 14211.2141    0  224 2099808.02 14211.2141  99.3%     -    0s
     0     0 17006.5804    0  197 2099808.02 17006.5804  99.2%     -    0s
     0     0 20610.8641    0  241 2099808.02 20610.8641  99.0%     -    0s
     0     0 20610.8641    0  150 2099808.02 20610.8641  99.0%     -    0s
H    0     0                    1742920.6718 20610.8641  98.8%     -    0s
     0     0 31083.9844    0  199 1742920.67 31083.9844  98.2%     -    0s
     0     0 32812.2290    0  197 1742920.67 32812.2290  98.1%     -    0s
     0     0 36505.0393    0  202 1742920.67 36505.0393  97.9%     -    0s
     0     0 36792.0180    0  201 1742920.67 36792.0180  97.9%     -    0s
     0     0 36792.0180    0  200 1742920.67 36792.0180  97.9%     -    1s
     0     0 36792.0180    0  183 1742920.67 36792.0180  97.9%     -    1s
     0     2 36792.0180    0  169 1742920.67 36792.0180  97.9%     -    1s
H    1     4                    1605891.3011 49999.4642  96.9%  75.0    1s
H  118   120                    1342245.3110 57036.3567  95.8%  54.5    2s
H  362   362                    1305661.3452 57036.3567  95.6%  35.3    2s
H 1168  1194                    1246448.9980 57036.3567  95.4%  14.0    3s
H 1426  1457                    1245989.5823 57036.3567  95.4%  12.2    3s
* 1941  1616             655    1163478.6790 57036.3567  95.1%  10.0    4s
  1995  1575 1143368.80  513  127 1163478.68 58184.8592  95.0%  10.8    5s
  2026  1598 1157206.09  575   98 1163478.68 60915.4536  94.8%  14.0   10s
  2064  1627 235314.913   48  134 1163478.68 60915.4536  94.8%  16.8   15s
H 2111  1577                    1135470.3158 60915.4536  94.6%  18.8   16s
H 2205  1575                    1135124.9600 60915.4536  94.6%  20.4   16s
H 2429  1652                    900709.74957 60915.4536  93.2%  19.3   17s
H 2440  1579                    856085.17587 60915.4536  92.9%  19.2   17s
  4246  2851 743654.522  732   72 856085.176 60915.4536  92.9%  14.3   20s
H 5982  3955                    851420.77026 60915.4536  92.8%  14.6   23s
  7551  5673 775906.244 1981   58 851420.770 60915.4536  92.8%  14.4   25s
H 9778  7896                    851416.90146 60915.4536  92.8%  13.8   27s
H10671  8487                    850839.04524 60915.4536  92.8%  13.9   27s
H11837  9727                    849122.63973 60915.4536  92.8%  13.3   29s
 12208 10291 801897.859 3230   68 849122.640 60915.4536  92.8%  13.0   30s
H13118 10957                    845220.97723 71562.3741  91.5%  12.5   31s
H14360  9470                    801508.66561 71686.9977  91.1%  12.7   32s
H14556  2403                    738948.82005 71686.9977  90.3%  12.6   33s
 15030  3271 672443.645  483   65 738948.820 71686.9977  90.3%  13.2   35s
H15844  3533                    738908.37243 71686.9977  90.3%  13.7   36s
 16342  3877 infeasible  156      738908.372 71686.9977  90.3%  14.9   40s
H16353  3727                    734154.26295 71686.9977  90.2%  15.0   40s
H16592  3908                    734154.26282 72985.7000  90.1%  15.8   41s
 18050  5336 679982.783  632   68 734154.263 75193.9163  89.8%  17.8   45s
 19848  6888 712202.622 1990   65 734154.263 75193.9163  89.8%  17.3   50s
H19981  6957                    734056.35314 75193.9163  89.8%  17.3   51s
H20306  7005                    724492.99561 75517.6962  89.6%  17.6   52s
H20693  7197                    723330.51418 76089.7933  89.5%  18.4   53s
H20933  4024                    673619.72179 76476.7498  88.6%  19.0   54s
 21028  4113 236000.862   57  151 673619.722 76530.7215  88.6%  19.3   55s
H22214  5282                    673619.50197 77772.2220  88.5%  20.4   57s
 24326  6809 infeasible   73      673619.502 77790.4885  88.5%  20.4   60s
 26717  8145 417356.808   72   97 673619.502 78475.0652  88.4%  22.7   65s
 28603  9624 infeasible   77      673619.502 78736.3234  88.3%  24.6   70s
 30012 10516 323432.470   64  125 673619.502 78844.9005  88.3%  25.8   75s
 31229 11367 211277.561   63  127 673619.502 78928.6996  88.3%  27.1   80s
 32948 12622 369806.180   68  103 673619.502 79113.4406  88.3%  27.6   85s
 34040 13720 465722.424   70   81 673619.502 79332.1823  88.2%  29.1   90s
H34834 13874                    663286.40700 79332.1823  88.0%  28.8   91s
H36025 14228                    656641.38655 79500.8065  87.9%  28.8   94s
 36348 14434 83565.7622   52  154 656641.387 79500.8065  87.9%  28.9   95s
 38254 16404 557580.596 1222   74 656641.387 79500.8065  87.9%  28.3  100s
H40880 18728                    652609.44586 79500.8065  87.8%  27.0  105s
H42116 19336                    646642.44429 79568.8014  87.7%  26.8  107s
 42865 20034 82880.7596   53  129 646642.444 79657.8484  87.7%  26.7  110s
 44585 21670 434669.712  101   85 646642.444 79731.4758  87.7%  27.0  115s
H44874 21283                    643072.44055 79731.4758  87.6%  26.8  115s
H45964 18263                    593725.16462 79731.4758  86.6%  26.5  116s
H46909 19334                    593058.86647 79731.4758  86.6%  26.2  118s
H47570 20043                    593040.64404 79731.4758  86.6%  25.9  119s
H47700 20023                    592827.24825 79731.4758  86.6%  25.9  119s
 48231 20758 474765.315  926   90 592827.248 79731.4758  86.6%  25.7  120s
H48738 20460                    586193.25776 79731.4758  86.4%  25.6  120s
H49679 19898                    577488.01037 79731.4758  86.2%  25.3  121s
H51238 19787                    574013.71617 79731.4758  86.1%  24.8  123s
 52201 20965 482594.180 1827   70 574013.716 79731.4758  86.1%  24.5  125s
H52410 20927                    573556.52956 79731.4758  86.1%  24.5  125s
H52975 19986                    557750.56448 79731.4758  85.7%  24.3  126s
H53325 20256                    554285.07786 79731.4758  85.6%  24.2  126s
H54099 20288                    548024.61363 79731.4758  85.5%  24.0  128s
 55570 21787 492628.752 2569   61 548024.614 79731.4758  85.5%  23.6  130s
 58517 24564 524252.780 3241   80 548024.614 79731.4758  85.5%  22.9  135s
 59938 25631 200152.775   54  145 548024.614 79990.8652  85.4%  23.1  140s
 61269 26461 275640.922   57  126 548024.614 80389.1563  85.3%  23.9  145s
 62693 27482 417561.170  116   79 548024.614 80660.0772  85.3%  24.4  150s
H64172 25644                    511310.12088 80723.9446  84.2%  24.5  152s
H64707 24258                    502483.99465 80723.9446  83.9%  24.3  152s
 65088 24446 442176.377   69  114 502483.995 80723.9446  83.9%  24.6  156s
 65781 24860 167841.275   53  163 502483.995 80802.2486  83.9%  25.1  160s
 67612 26277 infeasible   74      502483.995 81129.4881  83.9%  25.8  165s
 69516 27355 410302.543   69   95 502483.995 81342.7263  83.8%  26.6  170s
 70618 28007 99637.8094   64  125 502483.995 81562.2576  83.8%  27.3  175s
 72185 29258 153608.065   65  114 502483.995 81753.8539  83.7%  27.4  180s
 73350 29840 460922.265   72   90 502483.995 81980.8286  83.7%  28.0  185s
 75066 31103 466458.834  296   73 502483.995 82214.8854  83.6%  28.2  190s
 76518 31950 250269.326   62  121 502483.995 82395.9072  83.6%  28.4  195s
 77697 32552 229979.509   66  105 502483.995 82677.6436  83.5%  28.9  200s
 78757 33147 194711.192   56  141 502483.995 82880.7596  83.5%  29.3  205s
 80312 34359 88293.5199   59  129 502483.995 82923.8096  83.5%  29.4  210s
 81661 35246 469912.711   99   85 502483.995 83061.5207  83.5%  29.8  215s
 82814 35772 infeasible   73      502483.995 83310.6170  83.4%  30.2  220s
 83732 36230 393978.707   66   90 502483.995 83447.6485  83.4%  30.7  225s
 84778 36840 infeasible   71      502483.995 83774.4765  83.3%  31.1  230s
 85943 37471 126361.059   59  138 502483.995 84157.6376  83.3%  31.7  235s
 87332 38173     cutoff   72      502483.995 84531.7794  83.2%  31.9  240s
 88510 38808 406607.963   74   99 502483.995 84815.3260  83.1%  32.3  245s
 88991 38987 255636.372   61  129 502483.995 84929.3778  83.1%  32.4  251s
 89815 39531 289791.699   66  113 502483.995 85210.8421  83.0%  32.8  255s
 90991 40312 287843.004   64  128 502483.995 85511.8572  83.0%  33.0  260s
 92158 40872 339783.999   73  105 502483.995 85818.9296  82.9%  33.4  265s
 93250 41455 399154.568   70   95 502483.995 86286.6205  82.8%  33.8  270s
 94530 42134 222160.204   61  118 502483.995 86629.1240  82.8%  34.2  275s
 95656 42679 90790.5142   62  137 502483.995 86969.0624  82.7%  34.5  280s
 96911 43380 324457.633   69   97 502483.995 87447.5040  82.6%  34.9  285s
 97966 43930 110484.814   58  123 502483.995 87777.7993  82.5%  35.3  290s
 99190 44522 427628.495   74  102 502483.995 88170.3050  82.5%  35.7  295s
 100318 45068 201513.569   62  122 502483.995 88506.1104  82.4%  36.0  300s
 101363 45649 398912.055   65   91 502483.995 88758.0211  82.3%  36.4  305s
 102669 46665 475650.377   71   99 502483.995 89143.1409  82.3%  36.6  310s
 104180 47545 92300.2738   60  127 502483.995 89417.0354  82.2%  36.7  315s
 105948 48793 262066.936   70   97 502483.995 89627.1897  82.2%  36.7  320s
 107075 49407 181646.416   59  123 502483.995 89916.9404  82.1%  37.0  325s
 108674 50602 infeasible   69      502483.995 90156.4232  82.1%  37.0  330s
 109959 51296 441600.536   71  104 502483.995 90547.2542  82.0%  37.2  335s
 111251 51969 270849.034   59  124 502483.995 90837.1079  81.9%  37.5  340s
 112468 52709 441030.687   68  124 502483.995 91259.6089  81.8%  37.8  345s
 113761 53423 452522.018   74   95 502483.995 91469.8574  81.8%  38.1  350s
 115102 54516 212797.680   62  109 502483.995 91789.2015  81.7%  38.3  355s
 116559 55163     cutoff   69      502483.995 92041.2775  81.7%  38.4  360s
 118062 55975 260685.555   67  111 502483.995 92401.8169  81.6%  38.6  365s
 119475 56692 381892.327   72  109 502483.995 92688.6713  81.6%  38.8  370s
 120746 57450 421378.607   67  123 502483.995 92899.9709  81.5%  39.1  375s
 122051 58060 infeasible   82      502483.995 93145.9720  81.5%  39.3  380s
 123202 58625 200463.931   59  148 502483.995 93475.9615  81.4%  39.7  385s
 124379 59600 426377.782  360   72 502483.995 93711.4144  81.4%  39.8  390s
 125768 60225 104118.914   64  101 502483.995 94007.9011  81.3%  40.0  395s
 127037 60865 275087.122   63  112 502483.995 94300.5990  81.2%  40.2  400s
 128345 61697 infeasible   71      502483.995 94587.5477  81.2%  40.5  405s
 129954 62554 281270.512   62  119 502483.995 94885.1541  81.1%  40.6  410s
 131260 63281 258938.875   58  135 502483.995 95202.1219  81.1%  40.8  415s
 132507 63944 infeasible   71      502483.995 95448.9003  81.0%  41.1  420s
 133440 64396 335058.508   61  124 502483.995 95672.5753  81.0%  41.3  425s
 134657 65032 280929.557   65  111 502483.995 95994.1743  80.9%  41.6  430s
 136083 65789     cutoff   71      502483.995 96293.3297  80.8%  41.7  435s
 137546 66645     cutoff  143      502483.995 96473.4151  80.8%  41.9  440s
 138569 67121 277320.997   64  107 502483.995 96725.9228  80.8%  42.2  445s
 140052 68216 179419.325   59  127 502483.995 96874.7665  80.7%  42.2  450s
 141239 68797 379704.996   69  103 502483.995 97179.6690  80.7%  42.5  455s
 142518 69514 353722.246   63  133 502483.995 97343.9255  80.6%  42.6  460s
 143715 70170 274790.512   59  115 502483.995 97626.9909  80.6%  42.8  465s
 145002 70830 452171.303   73  100 502483.995 97904.3341  80.5%  43.0  470s
 146262 71553 184190.632   67  120 502483.995 98082.3566  80.5%  43.1  475s
 147890 72395     cutoff   72      502483.995 98245.7369  80.4%  43.3  480s
 149519 73284 274805.272   63  130 502483.995 98420.5121  80.4%  43.5  485s
 151166 74743 259010.695   64  135 502483.995 98615.5149  80.4%  43.5  490s
 152417 75270     cutoff   74      502483.995 98798.5379  80.3%  43.6  495s
 154236 75961 386302.054   72  111 502483.995 98934.3736  80.3%  43.4  500s
 155476 76706 427062.095   71  112 502483.995 99102.8423  80.3%  43.5  505s
 156787 77388 289076.501   67  101 502483.995 99342.8397  80.2%  43.7  510s
 157999 78032 482763.566   69   93 502483.995 99556.3537  80.2%  43.8  515s
 159191 78983 287175.897   65  107 502483.995 99786.4133  80.1%  43.9  520s
 160697 79635     cutoff  160      502483.995 99993.0750  80.1%  44.0  525s
 161921 80303 465313.177   73   92 502483.995 100243.260  80.1%  44.2  530s
 163193 81081 280924.852   66  115 502483.995 100423.789  80.0%  44.2  535s
 164431 81728 485281.381   68  122 502483.995 100588.801  80.0%  44.4  540s
 165506 82336 175265.713   54  131 502483.995 100827.316  79.9%  44.6  545s
 166704 82919 354572.343   61  115 502483.995 100984.277  79.9%  44.7  550s
 167970 83684 220575.444   66  117 502483.995 101104.082  79.9%  44.9  555s
 169648 85117 388068.950   88   77 502483.995 101271.085  79.8%  44.8  560s
 171063 85698 459487.165   66  118 502483.995 101562.493  79.8%  44.8  565s
 172066 86118 437302.518   73   98 502483.995 101730.699  79.8%  45.0  570s
 173509 87025 193706.344   63  120 502483.995 101928.736  79.7%  45.1  575s
 174774 88393 399796.460  341   78 502483.995 102082.381  79.7%  45.1  580s
 177258 90233 474675.460  518   76 502483.995 102157.393  79.7%  44.7  585s
 178572 90920 149879.785   61  132 502483.995 102391.436  79.6%  44.7  590s
 179821 91959 399923.977  155   89 502483.995 102579.485  79.6%  44.9  595s
 181795 93081     cutoff   71      502483.995 102737.715  79.6%  44.7  600s
 182897 93717 200906.777   46  171 502483.995 102901.728  79.5%  44.9  605s
 184199 94342 427082.644   70  112 502483.995 103128.382  79.5%  45.0  610s
 185402 94918 infeasible   71      502483.995 103328.403  79.4%  45.1  615s
 186902 95775 230701.903   49  162 502483.995 103585.092  79.4%  45.2  620s
 188943 96724 199905.554   61  133 502483.995 104010.279  79.3%  45.3  625s
 190650 97455 477653.970   68  112 502483.995 104336.417  79.2%  45.5  630s
 192277 98548 423997.120   72   97 502483.995 104491.213  79.2%  45.6  635s
 193677 99379 290247.962   64  115 502483.995 104680.779  79.2%  45.6  640s
 194008 99502 346439.541   74  102 502483.995 104709.987  79.2%  45.6  645s
 195373 100232 274107.534   64  137 502483.995 104919.728  79.1%  45.7  650s
 196327 100710     cutoff   77      502483.995 105083.982  79.1%  45.9  655s
 197330 101101 479253.815   71  102 502483.995 105192.684  79.1%  46.0  660s
 198463 101646 318750.629   66  100 502483.995 105389.676  79.0%  46.1  665s
 199572 102211 187806.408   62  132 502483.995 105642.961  79.0%  46.3  670s
 200819 102938 445867.330   66  114 502483.995 105801.724  78.9%  46.3  675s
 202044 103549 225214.394   69  103 502483.995 105943.110  78.9%  46.4  680s
 203488 104422 341527.943   68  122 502483.995 106090.530  78.9%  46.4  685s
 204405 105149 223370.972   62  113 502483.995 106256.463  78.9%  46.5  690s
 205857 105775     cutoff   75      502483.995 106416.831  78.8%  46.6  695s
 207075 106381 279618.530   61  137 502483.995 106698.566  78.8%  46.7  700s
 208274 107049 268407.229   63  125 502483.995 106844.953  78.7%  46.8  705s
 209384 107595 309851.433   62  137 502483.995 107046.539  78.7%  46.9  710s
 210496 108133 290730.555   65  107 502483.995 107278.743  78.7%  47.0  715s
 211360 108510 204475.389   63  117 502483.995 107382.311  78.6%  47.1  720s
 212725 109266 246300.568   64  110 502483.995 107525.279  78.6%  47.1  725s
 213998 109895 406035.984   72  107 502483.995 107728.124  78.6%  47.2  730s
 215101 110518 461230.881   69  116 502483.995 107833.793  78.5%  47.3  735s
 216411 111190 428339.472   77  107 502483.995 108041.169  78.5%  47.4  740s
 217417 111671 474973.550   73  104 502483.995 108230.491  78.5%  47.5  745s
 218532 112248 201714.055   67  123 502483.995 108420.577  78.4%  47.6  750s
 219696 112858 infeasible   74      502483.995 108614.103  78.4%  47.7  755s
 221113 113624 245652.487   66  112 502483.995 108850.701  78.3%  47.7  760s
 222388 114640 infeasible   70      502483.995 108958.526  78.3%  47.7  765s
 223727 115248 335754.735   68  116 502483.995 109140.951  78.3%  47.8  770s
 224918 115930 194250.669   60  139 502483.995 109380.944  78.2%  47.9  775s
 226464 117076 312508.710   68  114 502483.995 109526.626  78.2%  47.8  780s
 227525 117489 465019.019   66  119 502483.995 109672.494  78.2%  47.9  785s
 228479 117933 279400.085   62  117 502483.995 109780.736  78.2%  48.0  794s
 228704 118056 infeasible   70      502483.995 109808.315  78.1%  48.0  795s
 229624 118579 395012.440   72   96 502483.995 109972.201  78.1%  48.1  800s
 230810 119152 147229.602   60  131 502483.995 110193.069  78.1%  48.1  805s
 231994 119732     cutoff   74      502483.995 110402.146  78.0%  48.2  810s
 233504 120781 393151.780   63  122 502483.995 110524.505  78.0%  48.2  815s
 234976 121635     cutoff   68      502483.995 110770.213  78.0%  48.2  820s
 236110 122211 243903.651   61  132 502483.995 110951.634  77.9%  48.3  825s
 237323 122965 385780.102   67  116 502483.995 111121.204  77.9%  48.3  830s
 238574 123594 372302.347   63  115 502483.995 111385.388  77.8%  48.4  835s
 239941 124379 209516.086   66  116 502483.995 111598.949  77.8%  48.4  840s
 241278 125195 275632.691   60  115 502483.995 111813.241  77.7%  48.5  845s
 242298 125700 469883.970   72   99 502483.995 111936.264  77.7%  48.5  850s
 244323 126732 428055.972   69  113 502483.995 112326.479  77.6%  48.6  855s
 246008 127545 383352.968   68  111 502483.995 112662.551  77.6%  48.8  860s
 247979 128710 287016.608   59  130 502483.995 112987.223  77.5%  48.9  865s
 249315 129648 455568.011  122   83 502483.995 113083.035  77.5%  48.8  870s
 250763 130338 219048.232   58  122 502483.995 113256.856  77.5%  48.9  875s
 251787 130896 352526.259   63  129 502483.995 113474.170  77.4%  48.9  880s
 252967 131495 215487.303   62  120 502483.995 113783.253  77.4%  49.1  885s
 254057 132005 198294.938   62  110 502483.995 114032.112  77.3%  49.1  890s
 255301 132680     cutoff   72      502483.995 114260.600  77.3%  49.2  895s
 256733 133360 397668.652   61  103 502483.995 114488.002  77.2%  49.2  900s
 258008 134164 315249.826   69   94 502483.995 114725.480  77.2%  49.2  905s
 259089 134675 475820.626   67  112 502483.995 114957.189  77.1%  49.3  910s
 259921 135143 359583.839   66   98 502483.995 115147.128  77.1%  49.4  915s
 261179 135790 381836.919   75   91 502483.995 115442.518  77.0%  49.5  920s
 262294 136242 449208.141   64  121 502483.995 115681.993  77.0%  49.6  925s
 263652 136847 227091.786   63  147 502483.995 115891.161  76.9%  49.6  930s
 264770 137371 306558.880   67  108 502483.995 116115.248  76.9%  49.7  935s
 265858 137939 351006.611   76   91 502483.995 116347.607  76.8%  49.8  940s
 267063 138540 infeasible   75      502483.995 116584.429  76.8%  49.8  945s
 268170 139120 240721.311   61  127 502483.995 116831.021  76.7%  49.9  950s
 269453 139740 422344.104   69  102 502483.995 117171.069  76.7%  50.0  955s
 270955 140638 324774.673   66  115 502483.995 117431.048  76.6%  50.0  960s
 272057 141202     cutoff   80      502483.995 117619.699  76.6%  50.1  965s
 273146 141669 376294.201   66  109 502483.995 117885.679  76.5%  50.1  970s
 274523 142536 269257.722   57  150 502483.995 118111.603  76.5%  50.1  975s
 275566 143037 266745.080   64  126 502483.995 118307.496  76.5%  50.2  980s
 277028 144220 infeasible   72      502483.995 118470.587  76.4%  50.2  985s
 278660 144920 168413.750   57  117 502483.995 118713.966  76.4%  50.2  990s
 280053 145825 infeasible   69      502483.995 118927.560  76.3%  50.2  995s
 281202 146276 471757.530   70  118 502483.995 119119.630  76.3%  50.2 1000s
 282244 146659 infeasible   74      502483.995 119402.189  76.2%  50.3 1006s
 282931 147072     cutoff   71      502483.995 119576.213  76.2%  50.3 1010s
 284116 147604 413114.069   72  117 502483.995 119824.977  76.2%  50.4 1015s
 285063 148026 210032.525   65  113 502483.995 120046.048  76.1%  50.5 1020s
 286400 148685 355997.240   66   92 502483.995 120400.667  76.0%  50.5 1025s
 287551 149189 402380.641   69  107 502483.995 120642.439  76.0%  50.6 1030s
 288603 149649 369510.024   66   92 502483.995 120931.718  75.9%  50.7 1035s
 289843 150297 276075.735   66  101 502483.995 121160.394  75.9%  50.7 1040s
 291147 150863 452296.009   62  124 502483.995 121432.892  75.8%  50.8 1045s
 292293 151573 388118.937  122   67 502483.995 121675.546  75.8%  50.9 1050s
 293570 152199     cutoff   77      502483.995 121929.042  75.7%  50.9 1055s
 295136 153181 241892.612   60  119 502483.995 122112.102  75.7%  50.8 1060s
 296166 153787 399831.658   70  103 502483.995 122303.516  75.7%  50.9 1065s
 297485 154363 199067.104   61  126 502483.995 122596.326  75.6%  51.0 1070s
 298556 154869     cutoff   79      502483.995 122779.454  75.6%  51.0 1075s
 299736 155288 191479.690   58  134 502483.995 122979.213  75.5%  51.1 1080s
 300882 155752 415410.444   64  116 502483.995 123204.070  75.5%  51.1 1085s
 301924 156213 288252.788   63  121 502483.995 123420.250  75.4%  51.2 1090s
 302848 156584 infeasible   70      502483.995 123665.071  75.4%  51.3 1095s
 304046 157154 271719.515   60  127 502483.995 123890.996  75.3%  51.4 1100s
 304944 157566     cutoff   69      502483.995 124090.321  75.3%  51.4 1105s
 306201 158125 276599.140   65  126 502483.995 124324.883  75.3%  51.5 1110s
 307075 158498 262151.950   64  140 502483.995 124456.156  75.2%  51.6 1115s
 308156 158979 286853.842   69  106 502483.995 124700.415  75.2%  51.6 1120s
 309569 159821 480966.661  178   66 502483.995 124962.983  75.1%  51.6 1125s
 310619 160607 263362.003   67   97 502483.995 125179.551  75.1%  51.7 1130s
 312234 161391 474097.002   67  113 502483.995 125418.732  75.0%  51.6 1135s
 313827 162278     cutoff   71      502483.995 125656.751  75.0%  51.6 1140s
 315142 162813     cutoff   70      502483.995 125922.121  74.9%  51.6 1146s
 316114 163402 435608.431   67  132 502483.995 126108.793  74.9%  51.6 1150s
 317230 164045 251415.652   62  122 502483.995 126331.916  74.9%  51.6 1155s
 318726 164922 183973.371   55  145 502483.995 126622.273  74.8%  51.6 1160s
 320213 165851 433980.530   72   94 502483.995 126859.007  74.8%  51.6 1165s
 321317 166340 456532.479   73   89 502483.995 127133.372  74.7%  51.7 1170s
 322393 166811 495603.177   68  107 502483.995 127359.147  74.7%  51.7 1175s
 323482 167364 288438.175   61  122 502483.995 127602.198  74.6%  51.8 1180s
 324828 168501 388935.217  241   81 502483.995 127781.780  74.6%  51.7 1185s
 326246 169029 224307.881   62  120 502483.995 128009.590  74.5%  51.7 1190s
 327341 169427 169917.905   58  138 502483.995 128278.356  74.5%  51.8 1195s
 328763 170227 216601.001   63  130 502483.995 128508.212  74.4%  51.8 1200s
 329792 170754 290378.847   60  126 502483.995 128732.848  74.4%  51.8 1205s
 330909 171279 infeasible   67      502483.995 128992.345  74.3%  51.9 1210s
 332448 172136 327453.243   65  114 502483.995 129243.970  74.3%  51.8 1215s
 334102 173435 499192.578   65  121 502483.995 129450.263  74.2%  51.8 1220s
 335461 173979 233229.433   59  149 502483.995 129747.692  74.2%  51.8 1225s
 336433 174757 446635.664   69  115 502483.995 129961.581  74.1%  51.9 1230s
 338148 175587 268939.385   55  128 502483.995 130191.435  74.1%  51.8 1235s
 339481 176909 439570.695  273   81 502483.995 130377.438  74.1%  51.8 1240s
 341102 177596 429439.081   69  107 502483.995 130591.264  74.0%  51.7 1245s
 342485 178570 367551.651   98   89 502483.995 130823.634  74.0%  51.7 1250s
 344550 180055 214236.003   59  130 502483.995 130896.408  74.0%  51.5 1255s
 345619 180517 264214.216   59  132 502483.995 131096.511  73.9%  51.5 1260s
 346886 181043 269770.158   64  122 502483.995 131330.995  73.9%  51.6 1265s
 348100 181552 214372.884   59  115 502483.995 131677.222  73.8%  51.6 1270s
 349359 182402 233134.284   60  138 502483.995 131830.310  73.8%  51.6 1275s
 350518 182925 327391.777   66  113 502483.995 132084.573  73.7%  51.6 1280s
 351882 184336 410369.291  133   78 502483.995 132219.471  73.7%  51.6 1285s
 353374 184857 413496.598   66  107 502483.995 132409.160  73.6%  51.6 1290s
 354281 185256 345161.241   67  123 502483.995 132627.099  73.6%  51.6 1295s
 355432 185745 349279.596   66  101 502483.995 132941.727  73.5%  51.7 1300s
 356502 186274 490992.657   70  120 502483.995 133222.234  73.5%  51.7 1305s
 357814 186880 482828.520   70  110 502483.995 133536.868  73.4%  51.7 1310s
 358868 187395 227250.928   63  100 502483.995 133778.739  73.4%  51.7 1315s
 360001 187841 444100.873   66  109 502483.995 134095.356  73.3%  51.8 1320s
 361248 188793 446537.546  281   66 502483.995 134255.120  73.3%  51.8 1328s
 361725 189065 482239.495  456   62 502483.995 134313.678  73.3%  51.8 1330s
 363081 189774 320406.417   66  120 502483.995 134648.640  73.2%  51.8 1335s
 364116 190148 167236.790   66  115 502483.995 134867.609  73.2%  51.8 1340s
 365358 190814 250678.671   63  118 502483.995 135196.822  73.1%  51.8 1345s
 367042 192001 462097.006   74  109 502483.995 135330.392  73.1%  51.7 1350s
 368168 192449 217120.467   62  110 502483.995 135534.800  73.0%  51.8 1355s
 369161 193054 436860.580   63  110 502483.995 135819.669  73.0%  51.8 1360s
 370517 193644 291820.305   57  135 502483.995 136056.524  72.9%  51.8 1365s
 371555 194081 infeasible   71      502483.995 136281.048  72.9%  51.9 1370s
 372658 194606     cutoff   78      502483.995 136519.146  72.8%  51.9 1375s
 373704 195144 215056.131   64  115 502483.995 136797.619  72.8%  51.9 1380s
 375081 195680 278902.227   67  114 502483.995 137031.528  72.7%  51.9 1385s
 376120 196147 227535.310   62  123 502483.995 137302.701  72.7%  52.0 1390s
 377270 196822 273542.509   66  111 502483.995 137413.597  72.7%  52.0 1395s
 378813 197851 infeasible   70      502483.995 137598.908  72.6%  52.0 1400s
 380079 198389 231192.444   64  139 502483.995 137828.511  72.6%  52.0 1405s
 381120 198824 478774.624   72  108 502483.995 138022.321  72.5%  52.0 1410s
 382617 199573 311238.800   63  124 502483.995 138239.764  72.5%  52.0 1415s
 383798 200333 465170.454  412   84 502483.995 138386.254  72.5%  52.0 1420s
 385238 200934 infeasible   71      502483.995 138625.440  72.4%  52.0 1425s
 386133 201339     cutoff   84      502483.995 138889.543  72.4%  52.0 1430s
 387328 201784 241918.331   73  116 502483.995 139211.753  72.3%  52.0 1435s
 388244 202199 459530.245   68  109 502483.995 139493.786  72.2%  52.1 1440s
 389377 202700 277263.350   63  115 502483.995 139751.063  72.2%  52.1 1445s
 390638 203312 466678.295   70   99 502483.995 140013.277  72.1%  52.1 1450s
 391234 203622 242522.800   64  116 502483.995 140112.790  72.1%  52.2 1455s
 392377 204249 430652.685   65  112 502483.995 140324.582  72.1%  52.2 1460s
 394019 205316     cutoff   71      502483.995 140501.619  72.0%  52.2 1465s
 395162 206048 347214.677   66  123 502483.995 140713.673  72.0%  52.2 1470s
 396272 206564 infeasible   70      502483.995 140835.688  72.0%  52.1 1476s
 396942 206940 394770.874   65  110 502483.995 140964.301  71.9%  52.2 1480s
 398272 208052 infeasible   73      502483.995 141166.138  71.9%  52.2 1485s
 399508 208471     cutoff   72      502483.995 141365.612  71.9%  52.2 1490s
 400677 208940 368455.365   66  119 502483.995 141680.653  71.8%  52.2 1495s
 401831 209705 476543.202  337   60 502483.995 141881.891  71.8%  52.2 1500s
 403055 210221 350157.209   59  133 502483.995 142228.492  71.7%  52.3 1505s
 404329 210962 infeasible   71      502483.995 142407.614  71.7%  52.3 1510s
 405673 211802     cutoff   75      502483.995 142650.786  71.6%  52.2 1515s
 406672 212238     cutoff   82      502483.995 142840.363  71.6%  52.2 1520s
 407686 212681 249776.073   66  110 502483.995 143057.717  71.5%  52.3 1525s
 408662 213113 357508.037   67  120 502483.995 143259.765  71.5%  52.4 1530s
 409711 213589 405641.685   76   97 502483.995 143507.544  71.4%  52.4 1535s
 410971 214336 infeasible   75      502483.995 143611.243  71.4%  52.4 1540s
 411906 214833 409589.034   60  116 502483.995 143739.625  71.4%  52.4 1545s
 413069 215352 282204.213   59  135 502483.995 143985.076  71.3%  52.5 1550s
 414064 215791 424535.587   72  102 502483.995 144227.795  71.3%  52.5 1555s
 415043 216214 263992.286   61  124 502483.995 144481.459  71.2%  52.6 1560s
 416081 216621 395686.275   72  110 502483.995 144683.241  71.2%  52.7 1565s
 417080 216951 infeasible   71      502483.995 144946.980  71.2%  52.7 1570s
 418189 217613 333240.684   75   94 502483.995 145167.502  71.1%  52.7 1575s
 419652 218007 340058.632   64  111 502483.995 145373.942  71.1%  52.7 1582s
 420104 218224 infeasible   69      502483.995 145487.305  71.0%  52.7 1585s
 421385 218766 240874.997   69  117 502483.995 145832.425  71.0%  52.7 1590s
 422437 219220 282022.214   70   92 502483.995 146029.133  70.9%  52.7 1595s
 423411 219703 187520.074   64  107 502483.995 146303.866  70.9%  52.8 1600s
 424699 220235 327669.887   68  108 502483.995 146480.824  70.8%  52.8 1605s
 425876 220703     cutoff   75      502483.995 146686.204  70.8%  52.8 1610s
 426942 221167 489970.572   80   93 502483.995 146966.775  70.8%  52.8 1615s
 428064 221616 441752.715   69   88 502483.995 147231.464  70.7%  52.9 1620s
 428963 221925     cutoff   92      502483.995 147496.579  70.6%  52.9 1625s
 430164 222418 494956.175   68   94 502483.995 147797.940  70.6%  53.0 1630s
 431123 222841 171391.060   64  120 502483.995 148081.276  70.5%  53.0 1635s
 432378 223359 233517.195   59  120 502483.995 148365.304  70.5%  53.0 1640s
 433403 223705 291817.989   65  110 502483.995 148626.842  70.4%  53.1 1645s
 434503 224160 161383.893   52  133 502483.995 148900.037  70.4%  53.1 1650s
 435255 224464 245752.244   66  118 502483.995 149067.455  70.3%  53.2 1655s
 436313 224930 261542.027   63  106 502483.995 149290.521  70.3%  53.2 1660s
 437540 225685 404889.163  218   76 502483.995 149539.753  70.2%  53.2 1666s
 438534 226156 452185.125   69  116 502483.995 149750.682  70.2%  53.2 1670s
 439722 226777 380990.323   83   93 502483.995 149948.842  70.2%  53.3 1675s
 440883 227285 437807.294   69  105 502483.995 150135.469  70.1%  53.3 1680s
 442087 227887 247027.964   57  136 502483.995 150296.744  70.1%  53.3 1685s
 442247 227887     cutoff   74      502483.995 150329.391  70.1%  53.3 1690s
 443142 228280 362940.018   64  115 502483.995 150534.499  70.0%  53.3 1695s
 444361 228802 478957.467   74  100 502483.995 150739.067  70.0%  53.4 1700s
 445523 229570     cutoff  387      502483.995 150935.592  70.0%  53.3 1705s
 446848 230233 infeasible   68      502483.995 151287.095  69.9%  53.3 1710s
 447746 230702 265870.102   63  133 502483.995 151439.575  69.9%  53.4 1715s
 448948 231243 393536.369   61  121 502483.995 151715.592  69.8%  53.4 1720s
 450209 231967 infeasible   72      502483.995 151900.411  69.8%  53.4 1725s
 451302 232419 166059.801   56  130 502483.995 152183.764  69.7%  53.5 1730s
 452209 232880 245055.536   61  114 502483.995 152369.986  69.7%  53.5 1735s
 453212 233269 169655.708   54  155 502483.995 152532.455  69.6%  53.6 1740s
 455040 234467 426505.382   70  108 502483.995 152832.195  69.6%  53.5 1745s
 455934 234810 475564.481   76   93 502483.995 152974.722  69.6%  53.5 1750s
 457049 235238 infeasible   71      502483.995 153177.591  69.5%  53.6 1755s
 458044 235661 157978.824   51  143 502483.995 153421.463  69.5%  53.6 1760s
 458966 236151 193456.891   63  101 502483.995 153539.643  69.4%  53.6 1765s
 459892 236614 203817.882   63  118 502483.995 153655.554  69.4%  53.7 1770s
 460965 237011 258885.172   59  131 502483.995 153861.002  69.4%  53.7 1775s
 462213 237706 367459.093   67  102 502483.995 154034.348  69.3%  53.7 1780s
 463486 238213 165376.085   55  131 502483.995 154261.321  69.3%  53.8 1785s
 465218 238945     cutoff   70      502483.995 154559.234  69.2%  53.8 1790s
 466822 239640 248049.757   60  138 502483.995 154924.123  69.2%  53.9 1795s
 468415 240350 391751.266   70  112 502483.995 155278.874  69.1%  53.9 1800s
 469653 240849 304563.660   54  157 502483.995 155459.709  69.1%  54.0 1805s
 470917 241968 infeasible   89      502483.995 155561.653  69.0%  54.0 1811s
 472056 242310 249480.282   58  139 502483.995 155687.860  69.0%  54.0 1815s
 472747 243071 394927.469   75   89 502483.995 155822.804  69.0%  54.0 1820s
 474184 243489 453614.608   68  106 502483.995 155983.322  69.0%  54.0 1825s
 475134 243827 262229.868   58  128 502483.995 156197.835  68.9%  54.0 1830s
 476118 244261 174170.895   59  124 502483.995 156351.726  68.9%  54.1 1835s
 477204 244761 428549.322   65   99 502483.995 156562.996  68.8%  54.1 1840s
 478100 245124 458076.473   66  112 502483.995 156706.618  68.8%  54.2 1845s
 479357 245579 447555.746   63  104 502483.995 156981.674  68.8%  54.2 1850s
 480512 246322 186410.099   57  150 502483.995 157153.035  68.7%  54.2 1855s
 481415 246809 178297.962   54  145 502483.995 157354.072  68.7%  54.2 1860s
 483108 247536 486724.593  332   78 502483.995 157529.156  68.6%  54.2 1866s
 483691 247856 435381.480   70  105 502483.995 157633.719  68.6%  54.2 1870s
 484381 248054     cutoff   65      502483.995 157800.616  68.6%  54.2 1877s
 484982 248350 infeasible   78      502483.995 157944.529  68.6%  54.3 1880s
 485452 248461 273176.826   63  126 502483.995 158021.520  68.6%  54.3 1886s
 486084 248877 232868.390   62  129 502483.995 158205.514  68.5%  54.3 1890s
 487088 249286 288083.288   65  136 502483.995 158366.391  68.5%  54.3 1895s
 487880 249641 infeasible   68      502483.995 158494.175  68.5%  54.4 1900s
 488702 250100 319690.917   70  113 502483.995 158600.727  68.4%  54.4 1905s
 489606 250450     cutoff   70      502483.995 158734.697  68.4%  54.5 1910s
 490490 250853 357072.193   64  119 502483.995 158900.123  68.4%  54.5 1915s
 491204 251272 452986.310   68  119 502483.995 158963.141  68.4%  54.6 1920s
 492272 251709 infeasible   76      502483.995 159094.981  68.3%  54.6 1925s
 493218 252074 infeasible   75      502483.995 159271.684  68.3%  54.7 1930s
 494256 252617 405831.968   66  122 502483.995 159430.697  68.3%  54.7 1935s
 495086 253126 388094.926   68  107 502483.995 159556.472  68.2%  54.7 1940s
 496058 253819 infeasible   74      502483.995 159714.979  68.2%  54.8 1945s
 497491 254526 446982.088   61  135 502483.995 159919.563  68.2%  54.7 1950s
 498530 254946 279889.607   62  148 502483.995 160061.145  68.1%  54.8 1955s
 499717 256006 435814.478  397   77 502483.995 160164.973  68.1%  54.8 1960s
 500657 256517 295514.884   62  128 502483.995 160309.671  68.1%  54.8 1966s
 501665 256832 436385.341   72  105 502483.995 160473.599  68.1%  54.8 1970s
 502453 257182 178978.216   58  135 502483.995 160595.578  68.0%  54.9 1975s
 503495 257683 305736.337   65  118 502483.995 160755.987  68.0%  54.9 1980s
 504450 258190 177461.944   50  160 502483.995 160859.870  68.0%  54.9 1985s
 505580 258897 326199.941   54  133 502483.995 160967.789  68.0%  54.9 1990s
 506403 259286 329643.414   67  129 502483.995 161133.705  67.9%  55.0 1995s
 507431 259752 466878.896   74  105 502483.995 161295.723  67.9%  55.0 2000s
 508337 260155 472924.009   65  110 502483.995 161431.074  67.9%  55.0 2005s
 509122 260509 449776.274   79   90 502483.995 161579.620  67.8%  55.1 2010s
 510140 260924 391722.050   83  101 502483.995 161796.931  67.8%  55.1 2015s
 510877 261236 230205.734   64  119 502483.995 161923.561  67.8%  55.2 2021s
 512277 262259 300339.445   71  109 502483.995 162023.290  67.8%  55.1 2025s
 513168 262599 476149.816   71  118 502483.995 162167.576  67.7%  55.2 2030s
 514102 263060 469119.944   72  101 502483.995 162280.808  67.7%  55.2 2035s
 515377 263933 429964.723  125   78 502483.995 162435.026  67.7%  55.2 2040s
 516716 264523 216507.682   64  104 502483.995 162563.142  67.6%  55.3 2045s
 517592 264910     cutoff   73      502483.995 162722.091  67.6%  55.3 2050s
 518485 265224 390860.023   71   92 502483.995 162925.110  67.6%  55.4 2055s
 519516 265901 279850.582   57  137 502483.995 163058.910  67.5%  55.4 2061s
 520625 266299 268920.609   64  121 502483.995 163184.012  67.5%  55.4 2065s
 521439 266676 472554.650   75  115 502483.995 163326.152  67.5%  55.4 2070s
 522692 267573 465981.144  263   75 502483.995 163395.191  67.5%  55.4 2075s
 523628 267942 406927.841   68  106 502483.995 163564.750  67.4%  55.4 2080s
 524693 268363 388181.124   69  118 502483.995 163681.259  67.4%  55.4 2085s
 525629 268754 196411.490   58  124 502483.995 163796.131  67.4%  55.5 2090s
 526492 269085 260541.286   59  137 502483.995 163911.993  67.4%  55.5 2095s
 527219 269464 170205.852   58  164 502483.995 164032.223  67.4%  55.5 2100s
 528085 269821 386813.875   66  117 502483.995 164131.071  67.3%  55.6 2105s
 528293 269862 260519.443   60  135 502483.995 164143.615  67.3%  55.6 2112s
 528643 270074 436348.281   75  100 502483.995 164172.293  67.3%  55.6 2115s
 529553 270426 367842.759   68   97 502483.995 164333.163  67.3%  55.6 2120s
 530478 270848 237745.592   58  131 502483.995 164463.313  67.3%  55.7 2125s
 531196 271149 383968.896   73  107 502483.995 164575.142  67.2%  55.7 2130s
 532123 271587 422128.970   67  123 502483.995 164678.133  67.2%  55.7 2135s
 533093 271969 289556.061   65  116 502483.995 164817.768  67.2%  55.7 2141s
 533709 272292 265803.482   56  126 502483.995 164895.509  67.2%  55.8 2145s
 534391 272731 257910.605   61  109 502483.995 165021.180  67.2%  55.8 2151s
 535239 272993 465439.851   73  101 502483.995 165112.807  67.1%  55.9 2155s
 536225 273456 444010.135   67  110 502483.995 165241.324  67.1%  55.9 2160s
 537075 273821 363680.178   76   92 502483.995 165355.445  67.1%  55.9 2165s
 538006 274235 421528.833   69  112 502483.995 165430.534  67.1%  56.0 2170s
 538876 274600 208797.608   62  114 502483.995 165515.613  67.1%  56.0 2175s
 539515 275118 266650.430   60  138 502483.995 165598.965  67.0%  56.0 2180s
 540691 275480 infeasible   70      502483.995 165711.492  67.0%  56.0 2185s
 541778 276065 431382.546   76   96 502483.995 165814.202  67.0%  56.0 2190s
 542656 276419 236629.241   71  107 502483.995 165880.391  67.0%  56.1 2195s
 543406 276701 387450.401   71  102 502483.995 165988.846  67.0%  56.1 2200s
 544469 277144 infeasible   77      502483.995 166109.453  66.9%  56.1 2205s
 545241 277469 317185.144   64  129 502483.995 166231.704  66.9%  56.2 2211s
 545953 277850 192752.924   61  134 502483.995 166341.179  66.9%  56.2 2215s
 546799 278179 454406.253   69   89 502483.995 166425.678  66.9%  56.2 2221s
 547689 278652 247492.950   54  144 502483.995 166523.921  66.9%  56.2 2225s
 548448 279048 453780.258   71  104 502483.995 166640.016  66.8%  56.3 2230s
 549340 279453 303798.274   67  122 502483.995 166727.233  66.8%  56.3 2236s
 550190 279781 374330.963   66  120 502483.995 166854.746  66.8%  56.3 2240s
 550793 280122 189521.125   58  161 502483.995 166927.909  66.8%  56.4 2245s
 551896 280673 457586.738   65  121 502483.995 167005.280  66.8%  56.4 2250s
 552431 280915 252352.338   59  121 502483.995 167053.670  66.8%  56.4 2255s
 553361 281442 360688.913   62  122 502483.995 167175.268  66.7%  56.5 2260s
 554271 281934 259452.080   63  124 502483.995 167256.458  66.7%  56.5 2265s
 554963 282164 187297.703   61  120 502483.995 167324.066  66.7%  56.5 2270s
 555930 282715 330118.977   56  144 502483.995 167407.114  66.7%  56.5 2275s
 556633 283048     cutoff   73      502483.995 167498.133  66.7%  56.6 2280s
 557512 283376 416278.377   73  113 502483.995 167615.632  66.6%  56.6 2285s
 558076 283621 251368.382   61  141 502483.995 167692.345  66.6%  56.6 2290s
 558740 283934 274029.159   67  110 502483.995 167756.949  66.6%  56.7 2295s
 559514 284292 275624.736   64  118 502483.995 167867.975  66.6%  56.7 2300s
 560242 284647 277089.404   58  146 502483.995 167944.426  66.6%  56.8 2305s
 561186 285066 231379.672   56  152 502483.995 168066.936  66.6%  56.8 2311s
 561678 285278 280088.259   64  126 502483.995 168133.944  66.5%  56.8 2315s
 562744 285725 224197.350   61  113 502483.995 168260.314  66.5%  56.9 2321s
 563575 286080 409439.248   67  110 502483.995 168364.625  66.5%  56.9 2325s
 564360 286402 181220.275   53  173 502483.995 168444.144  66.5%  57.0 2330s
 565456 287045 188204.615   57  139 502483.995 168530.879  66.5%  57.0 2335s
 565572 287109 279539.815   63  124 502483.995 168561.696  66.5%  57.0 2340s
 566284 287426 405526.136   59  131 502483.995 168662.920  66.4%  57.0 2345s
 566981 287955 195465.228   69  112 502483.995 168748.625  66.4%  57.1 2350s
 568100 288498 341609.616   62  129 502483.995 168820.219  66.4%  57.0 2355s
 568882 288884 481700.969   75   97 502483.995 168927.065  66.4%  57.1 2360s
 569669 289314 325393.298   63  124 502483.995 168991.899  66.4%  57.1 2365s
 570937 290039 201660.103   60  121 502483.995 169084.734  66.4%  57.1 2370s
 571711 290291 398367.656   66  118 502483.995 169160.219  66.3%  57.1 2375s
 572310 290578 255890.671   61  113 502483.995 169239.586  66.3%  57.2 2380s
 573195 290998     cutoff   77      502483.995 169294.285  66.3%  57.2 2385s
 574435 291787 444956.145   66  110 502483.995 169357.310  66.3%  57.2 2390s
 575283 292309 249842.406   75   96 502483.995 169431.895  66.3%  57.2 2395s
 576012 292555 231335.449   66  117 502483.995 169493.330  66.3%  57.2 2400s
 576962 292917 379275.671   50  156 502483.995 169588.167  66.3%  57.3 2405s
 577652 293227 420816.698   61  135 502483.995 169653.236  66.2%  57.3 2410s
 578542 293571 383449.381   60  143 502483.995 169761.030  66.2%  57.3 2415s
 579240 293936 331777.529   59  125 502483.995 169829.653  66.2%  57.4 2420s
 580091 294235 273322.022   67  123 502483.995 169940.646  66.2%  57.4 2425s
 580966 294612 262497.741   64  134 502483.995 170043.458  66.2%  57.4 2430s
 581796 295016 infeasible   77      502483.995 170077.360  66.2%  57.5 2435s
 582493 295325 248257.587   68  114 502483.995 170139.287  66.1%  57.5 2440s
 583093 295634 181451.093   55  143 502483.995 170176.710  66.1%  57.6 2445s
 583972 296091 475977.389   74   85 502483.995 170218.775  66.1%  57.6 2450s
 584798 296394 261359.289   56  140 502483.995 170281.952  66.1%  57.6 2455s
 585611 296781 404116.740   70  116 502483.995 170355.343  66.1%  57.6 2460s
 586409 297152 316214.598   67  124 502483.995 170462.343  66.1%  57.7 2465s
 587512 297617 444200.412   61  154 502483.995 170558.856  66.1%  57.7 2470s
 588222 297921 infeasible   71      502483.995 170667.398  66.0%  57.7 2475s
 588970 298260 infeasible   70      502483.995 170709.288  66.0%  57.7 2480s
 589689 298557 179976.400   64  112 502483.995 170764.431  66.0%  57.8 2485s
 590541 298883 485579.468   73   95 502483.995 170816.400  66.0%  57.8 2490s
 591491 299376 171035.545   54  146 502483.995 170883.940  66.0%  57.8 2495s
 592190 299679 infeasible   65      502483.995 170959.065  66.0%  57.9 2500s
 593096 300156 411328.010   65  116 502483.995 171035.545  66.0%  57.9 2505s
 594014 300539 394477.827   70   92 502483.995 171097.331  65.9%  57.9 2510s
 594714 300828 181730.505   59  146 502483.995 171196.373  65.9%  57.9 2515s
 595563 301219 266123.094   62  117 502483.995 171256.156  65.9%  58.0 2521s
 596523 301635 257217.520   60  136 502483.995 171333.215  65.9%  58.0 2525s
 597263 302010 189461.409   55  130 502483.995 171404.954  65.9%  58.1 2530s
 598098 302329 infeasible   71      502483.995 171445.678  65.9%  58.1 2535s
 599019 302786 203919.507   56  129 502483.995 171532.230  65.9%  58.1 2547s
 599335 302901 188629.587   62  137 502483.995 171577.971  65.9%  58.1 2550s
 600047 303281 infeasible   67      502483.995 171649.787  65.8%  58.2 2555s
 600901 303666 185981.136   55  143 502483.995 171741.334  65.8%  58.2 2560s
 601709 304018     cutoff   72      502483.995 171822.151  65.8%  58.3 2565s
 602700 304410 253846.321   67  118 502483.995 171887.226  65.8%  58.3 2570s
 603735 304877 infeasible   64      502483.995 171989.429  65.8%  58.4 2575s
 604857 305377 308226.542   63  118 502483.995 172069.394  65.8%  58.4 2580s
 606075 305904 180639.631   59  146 502483.995 172157.431  65.7%  58.5 2585s
 607423 306460 493044.829   71  117 502483.995 172271.094  65.7%  58.5 2590s
 608215 306837 191573.204   58  132 502483.995 172348.769  65.7%  58.6 2596s
 608924 307170 331860.258   73  106 502483.995 172407.424  65.7%  58.6 2601s
 609540 307451 184876.342   56  153 502483.995 172445.304  65.7%  58.6 2605s
 610280 307848 infeasible   74      502483.995 172503.326  65.7%  58.7 2610s
 611297 308257 infeasible   73      502483.995 172613.589  65.6%  58.7 2615s
 612164 308968 327744.095   66  114 502483.995 172674.779  65.6%  58.7 2621s
 613224 309353 469673.572   70  108 502483.995 172717.704  65.6%  58.7 2626s
 614012 309637 501761.805   87   85 502483.995 172784.588  65.6%  58.8 2631s
 614597 309839 448923.605   69  128 502483.995 172853.114  65.6%  58.8 2635s
 615281 310163 478823.548   69  109 502483.995 172911.428  65.6%  58.8 2640s
 616126 310620 infeasible  131      502483.995 172973.617  65.6%  58.9 2646s
 616770 310882     cutoff   72      502483.995 173020.729  65.6%  58.9 2650s
 617994 311770 205125.704   61  131 502483.995 173088.755  65.6%  58.8 2655s
 618816 312203 infeasible   71      502483.995 173154.251  65.5%  58.9 2660s
 619582 312571 443512.351   74   82 502483.995 173208.842  65.5%  58.9 2666s
 620377 312889     cutoff   92      502483.995 173310.749  65.5%  59.0 2670s
 621167 313210 infeasible   65      502483.995 173349.527  65.5%  59.0 2675s
 622173 313561 282269.598   63  110 502483.995 173400.451  65.5%  59.0 2680s
 622884 313857 425403.485   65  114 502483.995 173486.899  65.5%  59.0 2685s
 623862 314456 infeasible   69      502483.995 173572.085  65.5%  59.1 2690s
 624582 314904 420103.135   71  106 502483.995 173621.707  65.4%  59.1 2695s
 625196 315238 infeasible   89      502483.995 173648.237  65.4%  59.1 2701s
 626021 315577 339428.118   66  121 502483.995 173723.579  65.4%  59.1 2705s
 626870 316067 488684.437   76  107 502483.995 173789.126  65.4%  59.1 2710s
 627541 316357 422330.723   69   99 502483.995 173823.090  65.4%  59.1 2715s
 628522 316691 477443.602   74  110 502483.995 173885.320  65.4%  59.2 2720s
 629401 317046 183591.473   57  141 502483.995 173958.250  65.4%  59.2 2725s
 630105 317324 397725.800   66   99 502483.995 174016.745  65.4%  59.2 2730s
 630666 317557 291680.558   62  122 502483.995 174049.609  65.4%  59.2 2735s
 631390 318284 480639.898   69   89 502483.995 174097.785  65.4%  59.3 2740s
 632453 318670 338194.649   59  151 502483.995 174139.496  65.3%  59.3 2745s
 633379 319087     cutoff   75      502483.995 174234.396  65.3%  59.3 2750s
 634088 319346 310905.295   68  102 502483.995 174296.380  65.3%  59.3 2755s
 635161 319888 275016.391   63  116 502483.995 174399.803  65.3%  59.4 2760s
 636300 320367 infeasible   74      502483.995 174507.527  65.3%  59.4 2765s
 636758 320593 396837.308   64  140 502483.995 174543.529  65.3%  59.5 2771s
 637433 320935 370875.184   68  111 502483.995 174614.643  65.2%  59.5 2775s
 638199 321206 246326.983   65  137 502483.995 174676.119  65.2%  59.5 2780s
 639010 321598 432260.842   78   98 502483.995 174756.750  65.2%  59.6 2785s
 639974 322094 399501.668   73  102 502483.995 174850.161  65.2%  59.6 2790s
 640788 322426 429107.572   68  121 502483.995 174907.815  65.2%  59.6 2795s
 641483 322730 257834.479   57  128 502483.995 174974.232  65.2%  59.6 2800s
 642466 323275 209743.145   55  137 502483.995 175021.564  65.2%  59.6 2805s
 643707 324033 196187.705   66  117 502483.995 175111.951  65.2%  59.6 2810s
 645074 324675 313038.532   54  147 502483.995 175217.528  65.1%  59.7 2815s
 646304 325169 455983.614   68  135 502483.995 175277.774  65.1%  59.7 2825s
 647091 325596 254361.192   65  116 502483.995 175321.928  65.1%  59.8 2830s
 648177 326166     cutoff   73      502483.995 175403.457  65.1%  59.8 2836s
 648914 326529 470205.657   73  117 502483.995 175457.222  65.1%  59.8 2840s
 649638 326804     cutoff   78      502483.995 175515.357  65.1%  59.8 2845s
 650444 327146 215531.483   61  125 502483.995 175567.842  65.1%  59.9 2850s
 651281 327466 263279.523   58  126 502483.995 175645.540  65.0%  59.9 2855s
 652064 327820 336436.606   59  134 502483.995 175707.683  65.0%  59.9 2860s
 652948 328128 353636.903   62  106 502483.995 175812.839  65.0%  59.9 2865s
 653714 328462 405242.427   68   99 502483.995 175872.172  65.0%  60.0 2871s
 654531 328790 390163.894   65  123 502483.995 175946.799  65.0%  60.0 2876s
 655150 329047 188392.229   58  133 502483.995 175979.223  65.0%  60.0 2880s
 655930 329344 189482.551   55  158 502483.995 176040.781  65.0%  60.0 2885s
 656801 329692 379296.006   74  101 502483.995 176094.454  65.0%  60.1 2890s
 657746 330406 459613.219  256   69 502483.995 176148.606  64.9%  60.1 2896s
 658676 330746 269669.749   65  122 502483.995 176194.833  64.9%  60.1 2901s
 659432 331300 435211.857  244   67 502483.995 176224.283  64.9%  60.1 2905s
 660292 331679 451752.120   69   98 502483.995 176268.271  64.9%  60.1 2911s
 660965 331875 332270.048   58  135 502483.995 176295.089  64.9%  60.1 2915s
 661727 332202 276098.409   61  156 502483.995 176363.222  64.9%  60.2 2921s
 662197 332423 infeasible   75      502483.995 176383.409  64.9%  60.2 2925s
 662857 332732 infeasible   70      502483.995 176431.899  64.9%  60.2 2930s
 663675 333021 220184.350   60  146 502483.995 176491.147  64.9%  60.3 2935s
 664347 333395 infeasible   69      502483.995 176524.310  64.9%  60.3 2940s
 665190 333722 211438.133   64  126 502483.995 176591.541  64.9%  60.3 2945s
 666030 334139 infeasible   68      502483.995 176641.967  64.8%  60.4 2950s
 667067 334649 241683.286   64  120 502483.995 176711.515  64.8%  60.4 2955s
 667433 334826 415668.698   74  100 502483.995 176739.857  64.8%  60.4 2960s
 668273 335248 423965.755   78   99 502483.995 176801.495  64.8%  60.4 2965s
 669098 335595 infeasible   74      502483.995 176849.271  64.8%  60.4 2970s
 669951 335950 196768.202   55  157 502483.995 176905.970  64.8%  60.5 2975s
 670626 336280 193763.271   61  139 502483.995 176956.569  64.8%  60.5 2980s
 671334 336565 462736.830   70   96 502483.995 177001.710  64.8%  60.5 2985s

Gurobi 11.0.3 (linux64, Java) logging started seg 02 dez 2024 07:01:14 -03

Set parameter Username
Academic license - for non-commercial use only - expires 2025-10-10
Set parameter NonConvex to value 2
Set parameter TimeLimit to value 3600
Set parameter LogToConsole to value 0
Set parameter MIPGap to value 2.3060879868461677e-07
Set parameter Threads to value 2
Set parameter NodefileDir to value "/home/ps12398/experiment_hosp/goalProgrammingMarcos/"
Set parameter NodefileStart to value 1
Gurobi Optimizer version 11.0.3 build v11.0.3rc0 (linux64)

CPU model: Intel(R) Xeon(R) CPU           X5650  @ 2.67GHz, instruction set [SSE2]
Thread count: 12 physical cores, 24 logical processors, using up to 2 threads

Optimize a model with 8098 rows, 5573 columns and 26595 nonzeros
Model fingerprint: 0x3816bbae
Model has 57 quadratic constraints
Variable types: 2762 continuous, 2811 integer (52 binary)
Coefficient statistics:
  Matrix range     [2e-02, 8e+05]
  QMatrix range    [2e-02, 3e+04]
  QLMatrix range   [1e+00, 3e+04]
  Objective range  [1e+00, 9e+06]
  Bounds range     [1e+00, 1e+08]
  RHS range        [1e+00, 1e+06]
  QRHS range       [3e-03, 3e-03]
Presolve removed 7755 rows and 5222 columns
Presolve time: 0.07s
Presolved: 801 rows, 489 columns, 6911 nonzeros
Presolved model has 52 bilinear constraint(s)

Solving non-convex MIQCP

Variable types: 196 continuous, 293 integer (43 binary)
Found heuristic solution: objective 3254897.6362

Root relaxation: objective 0.000000e+00, 210 iterations, 0.01 seconds (0.01 work units)

    Nodes    |    Current Node    |     Objective Bounds      |     Work
 Expl Unexpl |  Obj  Depth IntInf | Incumbent    BestBd   Gap | It/Node Time

     0     0    0.00000    0  121 3254897.64    0.00000   100%     -    0s
H    0     0                    2099808.0207    0.00000   100%     -    0s
     0     0 14211.2141    0  224 2099808.02 14211.2141  99.3%     -    0s
     0     0 14211.2141    0  224 2099808.02 14211.2141  99.3%     -    0s
     0     0 17006.5804    0  197 2099808.02 17006.5804  99.2%     -    0s
     0     0 20610.8641    0  241 2099808.02 20610.8641  99.0%     -    0s
     0     0 20610.8641    0  150 2099808.02 20610.8641  99.0%     -    0s
H    0     0                    1742920.6718 20610.8641  98.8%     -    0s
     0     0 31083.9844    0  199 1742920.67 31083.9844  98.2%     -    0s
     0     0 32812.2290    0  197 1742920.67 32812.2290  98.1%     -    0s
     0     0 36505.0393    0  202 1742920.67 36505.0393  97.9%     -    0s
     0     0 36792.0180    0  201 1742920.67 36792.0180  97.9%     -    0s
     0     0 36792.0180    0  200 1742920.67 36792.0180  97.9%     -    0s
     0     0 36792.0180    0  183 1742920.67 36792.0180  97.9%     -    1s
     0     2 36792.0180    0  169 1742920.67 36792.0180  97.9%     -    1s
H    1     4                    1605891.3011 49999.4642  96.9%  75.0    1s
H  118   120                    1342245.3110 57036.3567  95.8%  54.5    1s
H  362   362                    1305661.3452 57036.3567  95.6%  35.3    2s
H 1168  1194                    1246448.9980 57036.3567  95.4%  14.0    3s
H 1426  1457                    1245989.5823 57036.3567  95.4%  12.2    3s
* 1941  1616             655    1163478.6790 57036.3567  95.1%  10.0    3s
  1998  1577 462294.966   38  117 1163478.68 58184.8592  95.0%  10.8    5s
  2034  1604 1024698.22  109  101 1163478.68 60915.4536  94.8%  13.9   10s
H 2111  1577                    1135470.3158 60915.4536  94.6%  18.8   12s
H 2205  1575                    1135124.9600 60915.4536  94.6%  20.4   13s
H 2429  1652                    900709.74957 60915.4536  93.2%  19.3   13s
H 2440  1579                    856085.17587 60915.4536  92.9%  19.2   13s
  4039  2721 743005.821  633   73 856085.176 60915.4536  92.9%  14.4   15s
H 5982  3955                    851420.77026 60915.4536  92.8%  14.6   18s
  6593  4798 775320.432 1724   60 851420.770 60915.4536  92.8%  15.1   20s
H 9778  7896                    851416.90146 60915.4536  92.8%  13.8   24s
 10375  8346 783856.287 2909   64 851416.901 60915.4536  92.8%  13.9   25s
H10671  8487                    850839.04524 60915.4536  92.8%  13.9   25s
H11837  9727                    849122.63973 60915.4536  92.8%  13.3   27s
H13118 10957                    845220.97723 71562.3741  91.5%  12.5   28s
 13557 11436 537938.464   72   89 845220.977 71686.9977  91.5%  12.7   30s
H14360  9470                    801508.66561 71686.9977  91.1%  12.7   31s
H14556  2403                    738948.82005 71686.9977  90.3%  12.6   31s
 15535  3312 708790.889  928   61 738948.820 71686.9977  90.3%  12.9   35s
H15844  3533                    738908.37243 71686.9977  90.3%  13.7   36s
 16312  3861 723881.497  143   80 738908.372 71686.9977  90.3%  14.8   40s
H16353  3727                    734154.26295 71686.9977  90.2%  15.0   40s
H16592  3908                    734154.26282 72985.7000  90.1%  15.8   41s
 17316  4588 593423.369   82   82 734154.263 75193.9163  89.8%  18.1   45s
 19848  6888 712202.622 1990   65 734154.263 75193.9163  89.8%  17.3   52s
H19981  6957                    734056.35314 75193.9163  89.8%  17.3   52s
H20306  7005                    724492.99561 75517.6962  89.6%  17.6   53s
 20640  7183     cutoff   82      724492.996 75682.6069  89.6%  18.3   55s
H20693  7197                    723330.51418 76089.7933  89.5%  18.4   55s
H20933  4024                    673619.72179 76476.7498  88.6%  19.0   56s
H22214  5282                    673619.50197 77772.2220  88.5%  20.4   59s
 22753  5969 558514.587  317   66 673619.502 77772.2220  88.5%  20.2   60s
 25092  7214 81982.7758   56  123 673619.502 78156.7441  88.4%  21.2   65s
 26717  8145 417356.808   72   97 673619.502 78475.0652  88.4%  22.7   70s
 28603  9624 infeasible   77      673619.502 78736.3234  88.3%  24.6   75s
 30152 10618 345221.446   73  101 673619.502 78844.9005  88.3%  26.1   80s
 31443 11818 148753.528   66  100 673619.502 78970.4150  88.3%  27.4   85s
 33416 12936 357637.612   67  119 673619.502 79248.1761  88.2%  28.3   90s
H34834 13874                    663286.40700 79332.1823  88.0%  28.8   93s
 35568 14355 631381.115 1036   71 663286.407 79332.1823  88.0%  28.5   95s
H36025 14228                    656641.38655 79500.8065  87.9%  28.8   97s
 37024 15479 542133.667  361   68 656641.387 79500.8065  87.9%  29.0  100s
 39722 17906 581828.274 2399   60 656641.387 79500.8065  87.9%  27.6  105s
H40880 18728                    652609.44586 79500.8065  87.8%  27.0  106s
H42116 19336                    646642.44429 79568.8014  87.7%  26.8  108s
 42767 19988     cutoff  555      646642.444 79657.8484  87.7%  26.7  110s
 44585 21670 434669.712  101   85 646642.444 79731.4758  87.7%  27.0  115s
H44874 21283                    643072.44055 79731.4758  87.6%  26.8  115s
H45964 18263                    593725.16462 79731.4758  86.6%  26.5  116s
H46909 19334                    593058.86647 79731.4758  86.6%  26.2  118s
H47570 20043                    593040.64404 79731.4758  86.6%  25.9  119s
H47700 20023                    592827.24825 79731.4758  86.6%  25.9  119s
 48231 20758 474765.315  926   90 592827.248 79731.4758  86.6%  25.7  120s
H48738 20460                    586193.25776 79731.4758  86.4%  25.6  120s
H49679 19898                    577488.01037 79731.4758  86.2%  25.3  121s
H51238 19787                    574013.71617 79731.4758  86.1%  24.8  123s
H52410 20927                    573556.52956 79731.4758  86.1%  24.5  124s
 52466 21222 484881.688 1888   88 573556.530 79731.4758  86.1%  24.4  125s
H52975 19986                    557750.56448 79731.4758  85.7%  24.3  125s
H53325 20256                    554285.07786 79731.4758  85.6%  24.2  126s
H54099 20288                    548024.61363 79731.4758  85.5%  24.0  127s
 56072 22272 494120.083 2687   67 548024.614 79731.4758  85.5%  23.5  130s
 59127 25110 536167.885 3242   75 548024.614 79731.4758  85.5%  22.8  135s
 60336 25905 525602.064  124   78 548024.614 80049.4585  85.4%  23.3  140s
 61610 26667 266648.154   59  139 548024.614 80464.1566  85.3%  24.1  145s
 63067 27673 80803.8808   54  143 548024.614 80680.4595  85.3%  24.6  150s
H64172 25644                    511310.12088 80723.9446  84.2%  24.5  151s
H64707 24258                    502483.99465 80723.9446  83.9%  24.3  152s
 65088 24446 442176.377   69  114 502483.995 80723.9446  83.9%  24.6  156s
 65781 24860 167841.275   53  163 502483.995 80802.2486  83.9%  25.1  160s
 66856 25522 282290.421   70  106 502483.995 81065.5053  83.9%  25.9  165s
 68315 26624 81551.0742   57  128 502483.995 81157.6095  83.8%  26.1  170s
 69602 27409 156249.707   59  118 502483.995 81389.0035  83.8%  26.6  175s
 70688 28062     cutoff   80      502483.995 81573.7823  83.8%  27.3  180s
 72469 29370 388220.421   69  114 502483.995 81832.4202  83.7%  27.5  185s
 73707 30006 487358.243   71   86 502483.995 82123.5052  83.7%  28.2  190s
 75443 31235 84300.3361   57  156 502483.995 82251.7799  83.6%  28.3  195s
 76800 32104 169411.195   55  135 502483.995 82463.7924  83.6%  28.5  200s
 78010 32777 97477.1078   60  128 502483.995 82707.3947  83.5%  29.0  205s
 79416 33789 91027.6652   56  145 502483.995 82894.6491  83.5%  29.4  210s
 81063 34827     cutoff   81      502483.995 83010.3651  83.5%  29.7  215s
 82443 35565 175214.188   62  123 502483.995 83272.3802  83.4%  30.0  220s
 83620 36188 infeasible   72      502483.995 83431.7342  83.4%  30.6  226s
 84491 36702 395268.575   68  106 502483.995 83698.8890  83.3%  31.0  230s
 85466 37196 354998.859   68  124 502483.995 84091.6671  83.3%  31.5  235s
 86801 37911 233563.068   69  115 502483.995 84340.3710  83.2%  31.8  240s
 88174 38597 346140.555   61  121 502483.995 84721.2327  83.1%  32.2  245s
 88991 38987 255636.372   61  129 502483.995 84929.3778  83.1%  32.4  250s
 89815 39531 289791.699   66  113 502483.995 85210.8421  83.0%  32.8  255s
 91136 40376 141276.342   60  134 502483.995 85555.3017  83.0%  33.0  260s
 92158 40872 339783.999   73  105 502483.995 85818.9296  82.9%  33.4  265s
 93250 41455 399154.568   70   95 502483.995 86286.6205  82.8%  33.8  270s
 94530 42134 222160.204   61  118 502483.995 86629.1240  82.8%  34.2  275s
 95814 42788 171051.355   63  127 502483.995 87038.9350  82.7%  34.6  280s
 96911 43380 324457.633   69   97 502483.995 87447.5040  82.6%  34.9  285s
 98154 43980     cutoff   75      502483.995 87802.5064  82.5%  35.3  290s
 99190 44522 427628.495   74  102 502483.995 88170.3050  82.5%  35.7  295s
 100499 45154 303550.966   68  105 502483.995 88520.0927  82.4%  36.1  300s
 101514 45706 395451.832   71   90 502483.995 88767.2509  82.3%  36.4  305s
 103068 46835 483668.045  176   86 502483.995 89163.5190  82.3%  36.5  310s
 104471 48128 379428.982  145   81 502483.995 89437.9023  82.2%  36.7  315s
 106316 48988 171503.538   61  116 502483.995 89709.9731  82.1%  36.7  320s
 107373 49576 187250.880   60  128 502483.995 90004.4892  82.1%  37.1  325s
 109182 50848     cutoff   72      502483.995 90292.2630  82.0%  37.1  330s
 110710 51720 351128.265   67  120 502483.995 90701.1201  81.9%  37.4  335s
 111907 52353     cutoff   72      502483.995 91060.5719  81.9%  37.7  340s
 113209 53163 208404.516   70  107 502483.995 91380.8478  81.8%  38.0  345s
 114389 53756 310803.832   70   98 502483.995 91641.1323  81.8%  38.1  350s
 116009 54786 122986.393   59  124 502483.995 91957.0654  81.7%  38.3  355s
 117236 55491 92854.1405   57  147 502483.995 92212.6751  81.6%  38.5  360s
 118517 56214 313822.219   72  101 502483.995 92503.2042  81.6%  38.7  365s
 120003 56931 463326.645   69  113 502483.995 92779.7879  81.5%  39.0  370s
 121167 57615     cutoff   77      502483.995 92970.0601  81.5%  39.1  375s
 122403 58197 infeasible   77      502483.995 93274.6713  81.4%  39.4  380s
 123544 58786     cutoff   77      502483.995 93590.5155  81.4%  39.8  385s
 125068 59833     cutoff   67      502483.995 93844.9108  81.3%  39.8  390s
 126354 60498 176036.832   59  119 502483.995 94117.8835  81.3%  40.1  395s
 127593 61139 478141.465   73   98 502483.995 94399.7611  81.2%  40.3  400s
 129142 62147 214172.096   64  104 502483.995 94692.2604  81.2%  40.5  405s
 130492 62870 infeasible   73      502483.995 95012.6033  81.1%  40.7  410s
 131610 63460 394339.976   69   93 502483.995 95258.3797  81.0%  40.9  415s
 132930 64127 176481.112   58  128 502483.995 95558.5661  81.0%  41.2  420s
 133936 64656 248061.633   63  110 502483.995 95805.8883  80.9%  41.4  425s
 135321 65453     cutoff   78      502483.995 96129.5715  80.9%  41.6  430s
 136401 66138 375304.982   68  113 502483.995 96335.5508  80.8%  41.8  435s
 137879 66790 240958.120   63  127 502483.995 96528.1880  80.8%  42.0  440s
 139074 67431 195333.235   63  133 502483.995 96815.7799  80.7%  42.3  445s
 140341 68384 193843.834   59  138 502483.995 96990.9373  80.7%  42.3  450s
 141716 69135 292268.042   65  133 502483.995 97237.0615  80.6%  42.5  455s
 143016 69783 infeasible   67      502483.995 97409.6633  80.6%  42.7  460s
 144126 70436 493316.487   66   99 502483.995 97691.0383  80.6%  42.9  465s
 145396 71029 381613.996   71   98 502483.995 97993.8778  80.5%  43.1  470s
 146697 71744 262063.150   56  138 502483.995 98119.4672  80.5%  43.2  475s
 148053 72515 308977.536   69   88 502483.995 98281.0096  80.4%  43.4  480s
 149327 73177 302759.538   62  118 502483.995 98381.4254  80.4%  43.5  485s
 150517 74360 189250.932   62  127 502483.995 98596.5956  80.4%  43.6  490s
 152533 75471 184808.553   59  134 502483.995 98828.7332  80.3%  43.6  495s
 154651 76280 469967.740  152   84 502483.995 98974.2758  80.3%  43.4  500s
 155792 76863 371482.986   63  131 502483.995 99137.9322  80.3%  43.5  505s
 157132 77577 224307.731   68  120 502483.995 99399.0890  80.2%  43.7  510s
 158290 78196 347119.173   68  115 502483.995 99644.2358  80.2%  43.8  515s
 159801 79174 175704.640   67  107 502483.995 99867.1371  80.1%  43.9  520s
 161078 79812 487213.233   70  112 502483.995 100055.774  80.1%  44.0  525s
 162080 80644 420737.901   78   91 502483.995 100282.845  80.0%  44.2  530s
 163652 81338 269931.342   58  128 502483.995 100477.151  80.0%  44.3  535s
 164656 81874 infeasible   70      502483.995 100643.526  80.0%  44.4  540s
 165959 82568 290515.057   63  112 502483.995 100914.318  79.9%  44.6  545s
 167148 83314 110842.129   61  118 502483.995 101003.190  79.9%  44.8  550s
 168356 84076 245016.473   67   92 502483.995 101199.259  79.9%  44.9  555s
 170224 85261 184863.016   61  115 502483.995 101306.236  79.8%  44.8  560s
 171388 85831 186063.705   62  124 502483.995 101617.385  79.8%  44.9  565s
 172401 86567 195930.451   57  144 502483.995 101774.552  79.7%  45.1  570s
 173900 87213     cutoff   77      502483.995 101989.768  79.7%  45.1  575s
 175918 89070 443238.710  995   84 502483.995 102108.255  79.7%  44.9  580s
 178033 90654 456957.814   79   93 502483.995 102275.159  79.6%  44.7  585s
 179310 91257 186305.857   60  140 502483.995 102512.879  79.6%  44.8  590s
 181203 92826 484633.202  691   75 502483.995 102648.819  79.6%  44.7  595s
 182430 93448     cutoff   73      502483.995 102852.420  79.5%  44.8  600s
 183589 94023 317690.575   65  110 502483.995 103038.516  79.5%  44.9  605s
 184779 94586 199916.501   59  134 502483.995 103242.971  79.5%  45.1  610s
 186042 95475 195334.024   64  131 502483.995 103445.720  79.4%  45.2  615s
 187496 96112     cutoff  115      502483.995 103669.249  79.4%  45.2  620s
 188654 96576 242277.622   62  130 502483.995 103899.847  79.3%  45.2  625s
 189751 97096 477578.430   69  113 502483.995 104194.339  79.3%  45.4  630s
 190931 97622 197510.370   62  125 502483.995 104376.805  79.2%  45.6  635s
 192440 98628 296100.763   68  120 502483.995 104520.237  79.2%  45.6  640s
 193837 99463 156375.606   61  124 502483.995 104702.478  79.2%  45.6  645s
 194118 99582 203403.923   61  126 502483.995 104752.703  79.2%  45.6  650s
 195373 100232 274107.534   64  137 502483.995 104919.728  79.1%  45.7  655s
 196327 100710     cutoff   77      502483.995 105083.982  79.1%  45.9  660s
 197330 101101 479253.815   71  102 502483.995 105192.684  79.1%  46.0  665s
 198463 101646 318750.629   66  100 502483.995 105389.676  79.0%  46.1  670s
 199572 102211 187806.408   62  132 502483.995 105642.961  79.0%  46.3  675s
 200819 102938 445867.330   66  114 502483.995 105801.724  78.9%  46.3  680s
 202226 103648 infeasible   67      502483.995 105953.966  78.9%  46.4  685s
 203750 104562 388878.360   69  100 502483.995 106137.354  78.9%  46.5  690s
 204934 105340 426531.644   73  105 502483.995 106286.842  78.8%  46.5  695s
 206235 105962 273689.916   65  113 502483.995 106470.475  78.8%  46.6  700s
 207411 106520 231667.531   60  123 502483.995 106743.233  78.8%  46.7  705s
 208613 107240 480447.702  100   84 502483.995 106915.753  78.7%  46.8  710s
 209878 107776     cutoff   77      502483.995 107118.845  78.7%  46.9  715s
 211003 108324 278367.817   61  125 502483.995 107324.546  78.6%  47.1  720s
 212400 109113 380039.609   73   95 502483.995 107484.454  78.6%  47.1  725s
 213513 109653 451848.481   70  107 502483.995 107655.585  78.6%  47.2  730s
 214528 110139 195519.114   65  116 502483.995 107780.435  78.6%  47.3  735s
 215978 110960 371640.857   69   91 502483.995 107987.930  78.5%  47.4  740s
 217109 111541 315666.908   66  129 502483.995 108159.590  78.5%  47.5  745s
 218140 112037 361451.043   74   85 502483.995 108324.940  78.4%  47.6  750s
 219266 112650 453839.964   72   93 502483.995 108570.586  78.4%  47.7  755s
 220492 113396 483520.502  193   78 502483.995 108714.090  78.4%  47.7  760s
 222058 114362 245569.405   63  108 502483.995 108908.091  78.3%  47.7  765s
 223246 115046 357682.543   72   98 502483.995 109078.468  78.3%  47.7  770s
 224414 115633 195506.873   66  110 502483.995 109301.058  78.2%  47.8  775s
 226300 116924     cutoff   72      502483.995 109493.533  78.2%  47.8  780s
 227676 117564 201735.888   61  133 502483.995 109696.207  78.2%  47.9  785s
 228479 117933 279400.085   62  117 502483.995 109780.736  78.2%  48.0  792s
 228852 118172 495303.659   70  108 502483.995 109827.810  78.1%  48.0  795s
 229961 118774 188933.523   60  125 502483.995 110052.604  78.1%  48.1  800s
 231251 119416 225300.059   65  117 502483.995 110266.270  78.1%  48.1  805s
 232323 119909 474364.051   74   83 502483.995 110446.786  78.0%  48.2  810s
 233748 120818 infeasible   75      502483.995 110586.553  78.0%  48.2  815s
 235131 121699 423371.842   73   99 502483.995 110790.097  78.0%  48.2  820s
 236276 122294 379729.296   66  116 502483.995 110975.831  77.9%  48.3  825s
 237476 123016 366670.952   66  119 502483.995 111166.004  77.9%  48.3  830s
 238779 123683 342142.484   67  112 502483.995 111430.873  77.8%  48.4  835s
 240125 124449     cutoff   67      502483.995 111622.237  77.8%  48.4  840s
 241278 125195 275632.691   60  115 502483.995 111813.241  77.7%  48.5  845s
 242496 125789 430962.718   69  108 502483.995 111982.716  77.7%  48.5  850s
 243769 126503 infeasible   67      502483.995 112222.549  77.7%  48.6  855s
 244974 127046 332293.477   73   97 502483.995 112422.205  77.6%  48.7  860s
 246008 127545 383352.968   68  111 502483.995 112662.551  77.6%  48.8  865s
 247320 128289 413365.958   68  104 502483.995 112891.501  77.5%  48.9  870s
 248671 129131     cutoff  327      502483.995 113004.523  77.5%  48.8  875s
 250005 129913 224903.284   63  114 502483.995 113147.506  77.5%  48.8  880s
 251026 130521 444046.377   65  124 502483.995 113306.496  77.5%  48.9  885s
 252245 131116 400015.641   66   98 502483.995 113583.207  77.4%  49.0  890s
 253374 131650 infeasible   78      502483.995 113865.738  77.3%  49.1  895s
 254593 132314 455215.746   79   89 502483.995 114107.899  77.3%  49.1  900s
 255831 132973 402411.484   78   98 502483.995 114337.413  77.2%  49.2  905s
 257094 133680 317710.270   70   93 502483.995 114619.442  77.2%  49.2  910s
 258777 134554 375776.407   65  109 502483.995 114873.957  77.1%  49.2  915s
 259744 135072 414779.564   61  112 502483.995 115087.601  77.1%  49.4  920s
 261001 135628 158446.626   65  104 502483.995 115414.912  77.0%  49.5  925s
 262160 136179 196532.686   63  110 502483.995 115657.556  77.0%  49.5  930s
 263297 136696 264573.385   59  135 502483.995 115846.666  76.9%  49.6  935s
 264622 137285 infeasible   69      502483.995 116104.316  76.9%  49.7  940s
 265635 137846 389493.578   64   92 502483.995 116338.777  76.8%  49.8  945s
 266903 138451 478498.257   66  112 502483.995 116525.972  76.8%  49.8  950s
 267940 139054 258345.891   67  108 502483.995 116802.062  76.8%  49.9  955s
 269105 139553 485967.309   68  113 502483.995 117105.197  76.7%  50.0  960s
 270261 140146 224131.305   67  119 502483.995 117373.117  76.6%  50.0  965s
 271709 140996 307041.484   67  125 502483.995 117542.991  76.6%  50.0  970s
 272839 141493 182050.283   57  138 502483.995 117792.575  76.6%  50.1  975s
 273910 142072     cutoff   72      502483.995 118058.834  76.5%  50.2  980s
 275177 142875 310779.208   67  106 502483.995 118233.864  76.5%  50.2  985s
 276346 143686 394354.523   84   85 502483.995 118405.576  76.4%  50.3  990s
 277965 144653 422953.372   66  106 502483.995 118564.097  76.4%  50.2  995s
 279003 145088 279613.244   59  139 502483.995 118831.485  76.4%  50.2 1000s
 280497 145965 493065.784   81   92 502483.995 119000.504  76.3%  50.2 1005s
 281709 146500 infeasible   70      502483.995 119270.541  76.3%  50.3 1010s
 282249 146725 infeasible   73      502483.995 119404.783  76.2%  50.3 1015s
 283493 147317 323824.240   71   86 502483.995 119672.986  76.2%  50.4 1020s
 284675 147849 198464.191   58  108 502483.995 119932.555  76.1%  50.4 1025s
 285892 148415 271908.486   56  142 502483.995 120231.210  76.1%  50.5 1030s
 286954 148977 266192.008   69  111 502483.995 120514.851  76.0%  50.6 1035s
 288238 149461 infeasible   75      502483.995 120832.662  76.0%  50.6 1040s
 289449 150052 419248.417   68  106 502483.995 121091.080  75.9%  50.7 1045s
 291147 150863 452296.009   62  124 502483.995 121432.892  75.8%  50.8 1050s
 292555 151618 232413.183   65  113 502483.995 121725.663  75.8%  50.9 1055s
 293832 152412 226907.330   65  109 502483.995 121955.229  75.7%  50.9 1060s
 295508 153424 248938.445   61  138 502483.995 122151.607  75.7%  50.8 1065s
 296538 153957 495304.381   77   95 502483.995 122382.414  75.6%  50.9 1070s
 297653 154426 362357.392   74   89 502483.995 122619.070  75.6%  51.0 1075s
 298812 154923     cutoff   72      502483.995 122805.512  75.6%  51.0 1080s
 300061 155421     cutoff   76      502483.995 123041.454  75.5%  51.1 1085s
 301269 155927 449154.116   71  100 502483.995 123279.693  75.5%  51.2 1090s
 302111 156269 277768.736   64  131 502483.995 123471.320  75.4%  51.2 1095s
 303219 156884 474367.211   73   99 502483.995 123737.969  75.4%  51.3 1100s
 304205 157252 377308.253   65  112 502483.995 123909.007  75.3%  51.4 1105s
 305272 157683 388137.447   68  108 502483.995 124139.383  75.3%  51.4 1110s
 306422 158162     cutoff   75      502483.995 124336.143  75.3%  51.5 1115s
 307356 158659 351164.723   59  134 502483.995 124539.633  75.2%  51.6 1120s
 308509 159197 313051.338   52  143 502483.995 124841.838  75.2%  51.7 1125s
 309938 160011 308747.904   62  122 502483.995 125017.137  75.1%  51.7 1130s
 311461 161008 infeasible   75      502483.995 125254.824  75.1%  51.6 1135s
 312828 161808 450869.433   75   91 502483.995 125515.981  75.0%  51.6 1140s
 314145 162320 388929.332   68   92 502483.995 125687.905  75.0%  51.5 1145s
 315142 162813     cutoff   70      502483.995 125922.121  74.9%  51.6 1153s
 315741 163174 445726.652   74   99 502483.995 126029.192  74.9%  51.6 1155s
 317036 163946 327355.050   62  106 502483.995 126267.006  74.9%  51.6 1160s
 318032 164652 406883.103   63  110 502483.995 126529.215  74.8%  51.6 1165s
 319796 165667 453935.591   74   95 502483.995 126749.860  74.8%  51.5 1170s
 320872 166159 203611.513   59  128 502483.995 127064.863  74.7%  51.6 1175s
 321853 166599 263961.382   64  118 502483.995 127275.684  74.7%  51.7 1180s
 322964 167093 454414.028   68  113 502483.995 127462.785  74.6%  51.7 1185s
 324227 167748 449312.192   75   94 502483.995 127739.193  74.6%  51.7 1190s
 325850 168867 infeasible   72      502483.995 127931.015  74.5%  51.7 1195s
 326928 169299 419355.557   71  101 502483.995 128198.867  74.5%  51.8 1200s
 328382 170106 220989.147   66  123 502483.995 128426.478  74.4%  51.8 1205s
 329416 170569 428706.634   69   97 502483.995 128661.051  74.4%  51.8 1210s
 330668 171200     cutoff   68      502483.995 128973.834  74.3%  51.9 1215s
 331938 171951 170310.397   61  126 502483.995 129122.940  74.3%  51.8 1220s
 333266 173085 infeasible   75      502483.995 129339.180  74.3%  51.8 1225s
 334827 173697 303279.203   64  109 502483.995 129591.475  74.2%  51.8 1230s
 335905 174166 353694.676   74  102 502483.995 129841.562  74.2%  51.8 1235s
 337332 175268 234953.251   59  130 502483.995 129983.897  74.1%  51.8 1240s
 338661 175855 422550.111   71  118 502483.995 130300.374  74.1%  51.8 1245s
 340407 177231 468274.285   72  101 502483.995 130462.754  74.0%  51.7 1250s
 341796 177897 infeasible   75      502483.995 130689.519  74.0%  51.7 1255s
 343616 179535 378026.307  456   85 502483.995 130823.634  74.0%  51.6 1260s
 345101 180370 463147.557   74  106 502483.995 131030.019  73.9%  51.5 1265s
 346301 180814 374903.708   67  123 502483.995 131217.214  73.9%  51.5 1270s
 347474 181319 infeasible   73      502483.995 131481.153  73.8%  51.6 1275s
 348810 182181 infeasible   72      502483.995 131712.722  73.8%  51.6 1280s
 350188 182772 348418.471   67  105 502483.995 131968.936  73.7%  51.6 1285s
 351345 183636 377252.241   67  106 502483.995 132188.752  73.7%  51.6 1290s
 352957 184680     cutoff   69      502483.995 132286.632  73.7%  51.5 1295s
 353971 185203 480301.757   81   91 502483.995 132549.589  73.6%  51.6 1300s
 355120 185613 224516.128   69  115 502483.995 132909.411  73.5%  51.6 1305s
 356228 186181 313733.879   73  107 502483.995 133106.763  73.5%  51.7 1310s
 357442 186763 460319.191   66  120 502483.995 133448.048  73.4%  51.7 1315s
 359437 187593 241416.728   64  110 502483.995 133895.619  73.4%  51.7 1320s
 361248 188793 446537.546  281   66 502483.995 134255.120  73.3%  51.8 1328s
 361725 189065 482239.495  456   62 502483.995 134313.678  73.3%  51.8 1330s
 363081 189774 320406.417   66  120 502483.995 134648.640  73.2%  51.8 1335s
 364276 190190 290039.887   61  135 502483.995 134903.118  73.2%  51.8 1340s
 365358 190814 250678.671   63  118 502483.995 135196.822  73.1%  51.8 1345s
 367042 192001 462097.006   74  109 502483.995 135330.392  73.1%  51.7 1350s
 368168 192449 217120.467   62  110 502483.995 135534.800  73.0%  51.8 1355s
 369161 193054 436860.580   63  110 502483.995 135819.669  73.0%  51.8 1360s
 370728 193700 228216.943   63  113 502483.995 136082.531  72.9%  51.8 1365s
 372347 194487 202785.139   58  117 502483.995 136431.484  72.8%  51.9 1370s
 374174 195330 480246.868   65  105 502483.995 136866.712  72.8%  51.9 1375s
 375949 196056 453605.733   73   90 502483.995 137263.512  72.7%  52.0 1380s
 377473 197223 infeasible   70      502483.995 137444.684  72.6%  52.0 1385s
 379226 197978 290078.580   63  125 502483.995 137656.477  72.6%  52.0 1390s
 380287 198439 378085.587   71   94 502483.995 137864.622  72.6%  52.0 1395s
 381305 199006 489952.450   73  106 502483.995 138059.712  72.5%  52.0 1400s
 382747 199692 403610.077   74   90 502483.995 138303.148  72.5%  52.0 1405s
 384149 200445 434298.994   67  101 502483.995 138473.463  72.4%  52.0 1410s
 385370 200967 211530.611   61  129 502483.995 138680.588  72.4%  52.0 1415s
 386470 201446 452271.147   71  108 502483.995 139021.773  72.3%  52.0 1420s
 387463 201844 219100.107   62  132 502483.995 139225.574  72.3%  52.1 1425s
 388421 202372 376156.044   70   93 502483.995 139544.378  72.2%  52.1 1430s
 389566 202767     cutoff   66      502483.995 139767.147  72.2%  52.1 1435s
 390834 203407 infeasible   70      502483.995 140065.055  72.1%  52.2 1440s
 391338 203698 352363.545   56  140 502483.995 140112.790  72.1%  52.2 1445s
 392537 204368 377701.913   69  100 502483.995 140384.704  72.1%  52.2 1450s
 394019 205316     cutoff   71      502483.995 140501.619  72.0%  52.2 1455s
 395162 206048 347214.677   66  123 502483.995 140713.673  72.0%  52.2 1460s
 396272 206564 infeasible   70      502483.995 140835.688  72.0%  52.1 1466s
 396942 206940 394770.874   65  110 502483.995 140964.301  71.9%  52.2 1470s
 398272 208052 infeasible   73      502483.995 141166.138  71.9%  52.2 1475s
 399508 208471     cutoff   72      502483.995 141365.612  71.9%  52.2 1480s
 400677 208940 368455.365   66  119 502483.995 141680.653  71.8%  52.2 1485s
 401978 209772 463940.181   72  107 502483.995 141922.759  71.8%  52.2 1490s
 403055 210221 350157.209   59  133 502483.995 142228.492  71.7%  52.3 1495s
 404329 210962 infeasible   71      502483.995 142407.614  71.7%  52.3 1500s
 405673 211802     cutoff   75      502483.995 142650.786  71.6%  52.2 1505s
 406814 212295 405642.517   69  117 502483.995 142872.430  71.6%  52.3 1510s
 407871 212753 248240.237   61  118 502483.995 143098.328  71.5%  52.3 1515s
 408867 213193 233442.159   65  113 502483.995 143301.108  71.5%  52.4 1520s
 409934 213663 infeasible   72      502483.995 143556.341  71.4%  52.4 1525s
 411144 214404 infeasible   92      502483.995 143655.027  71.4%  52.4 1530s
 412236 214928 infeasible   76      502483.995 143823.027  71.4%  52.5 1535s
 413223 215437 303860.204   70  100 502483.995 144023.926  71.3%  52.5 1540s
 414196 215880 infeasible   73      502483.995 144276.708  71.3%  52.6 1545s
 415234 216269 infeasible   73      502483.995 144513.505  71.2%  52.6 1550s
 416081 216621 395686.275   72  110 502483.995 144683.241  71.2%  52.7 1555s
 417244 217219 418350.217   76   83 502483.995 144985.544  71.1%  52.7 1560s
 418580 217769     cutoff   78      502483.995 145218.452  71.1%  52.7 1565s
 419652 218007 340058.632   64  111 502483.995 145373.942  71.1%  52.7 1571s
 420312 218328 262682.845   63  115 502483.995 145601.633  71.0%  52.7 1575s
 421596 218822 400613.747   73  104 502483.995 145876.697  71.0%  52.7 1580s
 422994 219433 397293.373   91   79 502483.995 146177.512  70.9%  52.8 1585s
 424171 219967 166914.962   64  126 502483.995 146412.082  70.9%  52.8 1590s
 425418 220572     cutoff   72      502483.995 146631.149  70.8%  52.8 1595s
 426590 221016 189408.597   55  114 502483.995 146863.338  70.8%  52.8 1600s
 427466 221395     cutoff   74      502483.995 147088.080  70.7%  52.9 1605s
 428618 221831 175468.350   68  104 502483.995 147364.958  70.7%  52.9 1610s
 429633 222256     cutoff   68      502483.995 147681.122  70.6%  52.9 1615s
 430651 222653     cutoff   69      502483.995 147933.240  70.6%  53.0 1620s
 431752 223092 infeasible   74      502483.995 148230.771  70.5%  53.0 1625s
 432799 223518 220518.702   62  131 502483.995 148449.590  70.5%  53.1 1630s
 433973 223957 333193.704   63  124 502483.995 148780.873  70.4%  53.1 1635s
 434706 224258 422531.303   69  113 502483.995 148909.921  70.4%  53.2 1640s
 435759 224687 464262.085   71  105 502483.995 149178.143  70.3%  53.2 1645s
 436710 225078 456012.267   61  133 502483.995 149355.738  70.3%  53.3 1650s
 438051 225863     cutoff   72      502483.995 149591.583  70.2%  53.2 1655s
 439176 226380 316333.094   63  107 502483.995 149879.785  70.2%  53.2 1660s
 440055 226972 167191.381   58  128 502483.995 149979.190  70.2%  53.3 1665s
 441269 227572 360375.261   63  107 502483.995 150197.862  70.1%  53.3 1670s
 442247 227887     cutoff   74      502483.995 150329.391  70.1%  53.3 1677s
 442597 228037 327800.765   61  147 502483.995 150442.756  70.1%  53.3 1680s
 444361 228802 478957.467   74  100 502483.995 150739.067  70.0%  53.4 1685s
 446014 229946 196124.958   51  158 502483.995 151081.239  69.9%  53.3 1690s
 447086 230410 218901.919   64  133 502483.995 151308.588  69.9%  53.4 1695s
 448183 230889 207582.193   62  136 502483.995 151523.348  69.8%  53.4 1700s
 449126 231346 172445.304   56  131 502483.995 151725.087  69.8%  53.5 1705s
 450577 232109 487566.442   67  114 502483.995 152026.318  69.7%  53.4 1710s
 451615 232530 289621.064   56  152 502483.995 152260.438  69.7%  53.5 1715s
 452820 233095 378795.789   64  115 502483.995 152483.865  69.7%  53.5 1720s
 454014 234206 453988.980   72   91 502483.995 152660.035  69.6%  53.5 1725s
 455487 234657 276764.086   60  129 502483.995 152892.881  69.6%  53.5 1730s
 456444 235055 474983.542   82   77 502483.995 153068.130  69.5%  53.6 1735s
 457474 235385 infeasible   74      502483.995 153279.206  69.5%  53.6 1740s
 458759 236065 253299.360   70  122 502483.995 153523.975  69.4%  53.6 1745s
 459740 236528 488456.209   70   92 502483.995 153631.333  69.4%  53.7 1750s
 460758 236923 478214.715   73  110 502483.995 153794.053  69.4%  53.7 1755s
 461627 237497 infeasible   71      502483.995 153977.340  69.4%  53.8 1760s
 462719 237897 162654.314   50  146 502483.995 154127.107  69.3%  53.8 1765s
 463866 238410 361816.011   66  109 502483.995 154331.729  69.3%  53.8 1770s
 465081 238896 303211.366   66  117 502483.995 154528.040  69.2%  53.8 1775s
 466000 239340     cutoff   82      502483.995 154703.501  69.2%  53.9 1780s
 467020 239687 infeasible   67      502483.995 155001.781  69.2%  53.9 1785s
 468415 240350 391751.266   70  112 502483.995 155278.874  69.1%  53.9 1790s
 469320 240728 485612.065  102   88 502483.995 155414.992  69.1%  54.0 1795s
 470199 241321 352863.694   66  104 502483.995 155539.408  69.0%  54.0 1800s
 471721 242185 408054.081   87   84 502483.995 155663.738  69.0%  54.0 1805s
 472531 242574 444203.378   70   91 502483.995 155771.364  69.0%  54.0 1810s
 474004 243432 324067.149   59  135 502483.995 155961.122  69.0%  54.0 1815s
 474934 243782 460068.241   73  105 502483.995 156140.668  68.9%  54.0 1820s
 476118 244261 174170.895   59  124 502483.995 156351.726  68.9%  54.1 1825s
 477662 244989 400182.794   69  104 502483.995 156632.638  68.8%  54.1 1830s
 479357 245579 447555.746   63  104 502483.995 156981.674  68.8%  54.2 1835s
 480898 246470 292652.142   70  104 502483.995 157231.863  68.7%  54.2 1840s
 481934 246925 267525.435   63  130 502483.995 157415.142  68.7%  54.2 1846s
 483108 247536 486724.593  332   78 502483.995 157529.156  68.6%  54.2 1850s
 484225 248011 417651.104   75   92 502483.995 157761.391  68.6%  54.2 1855s
 484505 248107 238692.489   58  126 502483.995 157839.279  68.6%  54.3 1860s
 485452 248461 273176.826   63  126 502483.995 158021.520  68.6%  54.3 1868s
 485605 248666 480136.371   67   86 502483.995 158090.019  68.5%  54.3 1870s
 486636 249089 281845.235   62  138 502483.995 158269.272  68.5%  54.3 1875s
 487620 249511 infeasible   70      502483.995 158450.673  68.5%  54.4 1880s
 488504 249909 170080.463   52  162 502483.995 158566.653  68.4%  54.4 1885s
 489318 250327 219194.710   57  122 502483.995 158685.194  68.4%  54.5 1890s
 490226 250697 346297.703   62  132 502483.995 158863.912  68.4%  54.5 1895s
 491048 251041 305459.603   66   99 502483.995 158933.960  68.4%  54.6 1900s
 491901 251549     cutoff   79      502483.995 159066.927  68.3%  54.6 1905s
 492803 251927 238130.346   62  107 502483.995 159195.915  68.3%  54.6 1910s
 494103 252540 171624.457   55  139 502483.995 159420.461  68.3%  54.7 1915s
 494920 252963 260350.119   60  128 502483.995 159533.693  68.3%  54.7 1920s
 496058 253819 infeasible   74      502483.995 159714.979  68.2%  54.8 1925s
 497656 254571     cutoff   70      502483.995 159942.187  68.2%  54.7 1930s
 498530 254946 279889.607   62  148 502483.995 160061.145  68.1%  54.8 1935s
 500170 256087 343730.672   67  117 502483.995 160197.825  68.1%  54.8 1941s
 501006 256570 479215.615   73  109 502483.995 160311.164  68.1%  54.8 1945s
 501840 256909 466722.235   70   85 502483.995 160481.879  68.1%  54.8 1950s
 502595 257392 infeasible   71      502483.995 160614.903  68.0%  54.9 1955s
 503840 257822 266541.350   60  104 502483.995 160794.950  68.0%  54.9 1960s
 504836 258339 168918.159   54  130 502483.995 160920.405  68.0%  54.9 1965s
 506082 259120 infeasible   66      502483.995 161049.074  67.9%  54.9 1970s
 507097 259630 315143.340   62  133 502483.995 161243.245  67.9%  55.0 1975s
 507989 259958 184498.352   59  123 502483.995 161383.932  67.9%  55.0 1980s
 508759 260375 175881.024   53  154 502483.995 161540.014  67.9%  55.1 1985s
 509712 260731 174892.180   50  151 502483.995 161699.567  67.8%  55.1 1990s
 510877 261236 230205.734   64  119 502483.995 161923.561  67.8%  55.2 1996s
 512277 262259 300339.445   71  109 502483.995 162023.290  67.8%  55.1 2000s
 513300 262672 406898.704   59  123 502483.995 162180.537  67.7%  55.2 2005s
 514102 263060 469119.944   72  101 502483.995 162280.808  67.7%  55.2 2010s
 514972 263448 infeasible   68      502483.995 162390.646  67.7%  55.2 2015s
 516117 264248 423040.911   81   69 502483.995 162471.850  67.7%  55.2 2021s
 517088 264675 388393.275   62  122 502483.995 162618.052  67.6%  55.3 2025s
 517925 265044 337541.199   73   95 502483.995 162786.129  67.6%  55.3 2030s
 518760 265336 260249.508   65  111 502483.995 162969.287  67.6%  55.4 2035s
 520254 266138 infeasible   71      502483.995 163120.894  67.5%  55.4 2041s
 521094 266530     cutoff   63      502483.995 163276.649  67.5%  55.4 2045s
 522060 267436 462097.110  133   80 502483.995 163394.430  67.5%  55.4 2051s
 523316 267802 infeasible   74      502483.995 163498.917  67.5%  55.4 2055s
 524378 268257 179748.748   64  119 502483.995 163668.285  67.4%  55.4 2060s
 525212 268603     cutoff   73      502483.995 163750.905  67.4%  55.5 2065s
 526185 268965 365433.214   61  133 502483.995 163872.161  67.4%  55.5 2070s
 526911 269278 195595.283   64  118 502483.995 163983.829  67.4%  55.5 2075s
 527686 269603 242007.100   62  145 502483.995 164089.287  67.3%  55.6 2080s
 528293 269862 260519.443   60  135 502483.995 164143.615  67.3%  55.6 2088s
 528423 270017 377587.577   71  109 502483.995 164152.939  67.3%  55.6 2090s
 529395 270349 263980.303   57  134 502483.995 164300.798  67.3%  55.6 2095s
 530267 270749 475835.914   65  120 502483.995 164428.459  67.3%  55.6 2100s
 531834 271388 431519.064   67   88 502483.995 164652.442  67.2%  55.7 2105s
 533093 271969 289556.061   65  116 502483.995 164817.768  67.2%  55.7 2110s
 534033 272438 363520.033   67  125 502483.995 164964.840  67.2%  55.8 2115s
 535096 272935 382257.849   70  112 502483.995 165107.915  67.1%  55.8 2120s
 536047 273348 401322.872   65  128 502483.995 165223.197  67.1%  55.9 2125s
 537075 273821 363680.178   76   92 502483.995 165355.445  67.1%  55.9 2130s
 538006 274235 421528.833   69  112 502483.995 165430.534  67.1%  56.0 2135s
 539157 274748 210604.479   61  124 502483.995 165529.184  67.1%  56.0 2140s
 540691 275480 infeasible   70      502483.995 165711.492  67.0%  56.0 2145s
 542015 276135 282385.684   65  120 502483.995 165833.414  67.0%  56.0 2150s
 542656 276419 236629.241   71  107 502483.995 165880.391  67.0%  56.1 2155s
 543634 276765 infeasible   72      502483.995 166008.154  67.0%  56.1 2160s
 544469 277144 infeasible   77      502483.995 166109.453  66.9%  56.1 2165s
 545241 277469 317185.144   64  129 502483.995 166231.704  66.9%  56.2 2170s
 546158 277929 168848.396   60  133 502483.995 166353.904  66.9%  56.2 2176s
 546799 278179 454406.253   69   89 502483.995 166425.678  66.9%  56.2 2180s
 547689 278652 247492.950   54  144 502483.995 166523.921  66.9%  56.2 2185s
 548448 279048 453780.258   71  104 502483.995 166640.016  66.8%  56.3 2190s
 549340 279453 303798.274   67  122 502483.995 166727.233  66.8%  56.3 2195s
 550190 279781 374330.963   66  120 502483.995 166854.746  66.8%  56.3 2200s
 550793 280122 189521.125   58  161 502483.995 166927.909  66.8%  56.4 2205s
 551896 280673 457586.738   65  121 502483.995 167005.280  66.8%  56.4 2210s
 552633 281009     cutoff   78      502483.995 167090.416  66.7%  56.4 2215s
 553578 281656 464611.034   84   77 502483.995 167199.120  66.7%  56.5 2221s
 554459 281977 380980.401   68  104 502483.995 167273.268  66.7%  56.5 2226s
 555148 282245 465964.415   74  102 502483.995 167337.132  66.7%  56.5 2230s
 555930 282715 330118.977   56  144 502483.995 167407.114  66.7%  56.5 2235s
 556853 283082     cutoff   71      502483.995 167542.958  66.7%  56.6 2240s
 557512 283376 416278.377   73  113 502483.995 167615.632  66.6%  56.6 2245s
 558217 283708 261968.638   58  140 502483.995 167711.929  66.6%  56.7 2250s
 558879 284018 183164.570   53  159 502483.995 167792.602  66.6%  56.7 2255s
 559670 284397 170159.207   56  152 502483.995 167878.378  66.6%  56.7 2260s
 560428 284725 283241.367   57  137 502483.995 167968.216  66.6%  56.8 2265s
 561186 285066 231379.672   56  152 502483.995 168066.936  66.6%  56.8 2270s
 561903 285349 194616.230   56  119 502483.995 168163.850  66.5%  56.9 2275s
 562744 285725 224197.350   61  113 502483.995 168260.314  66.5%  56.9 2280s
 563575 286080 409439.248   67  110 502483.995 168364.625  66.5%  56.9 2285s
 564360 286402 181220.275   53  173 502483.995 168444.144  66.5%  57.0 2290s
 565456 287045 188204.615   57  139 502483.995 168530.879  66.5%  57.0 2295s
 565572 287109 279539.815   63  124 502483.995 168561.696  66.5%  57.0 2301s
 566099 287387 193974.722   57  137 502483.995 168634.104  66.4%  57.0 2305s
 566823 287670 403417.731   55  137 502483.995 168733.768  66.4%  57.1 2310s
 567938 288401 266913.201   60  133 502483.995 168801.205  66.4%  57.0 2315s
 568687 288766 473755.263   73  109 502483.995 168898.521  66.4%  57.1 2320s
 569521 289128 201156.217   57  145 502483.995 168975.683  66.4%  57.1 2325s
 570937 290039 201660.103   60  121 502483.995 169084.734  66.4%  57.1 2330s
 571711 290291 398367.656   66  118 502483.995 169160.219  66.3%  57.1 2335s
 572310 290578 255890.671   61  113 502483.995 169239.586  66.3%  57.2 2340s
 573405 291066     cutoff   70      502483.995 169308.013  66.3%  57.2 2346s
 574435 291787 444956.145   66  110 502483.995 169357.310  66.3%  57.2 2350s
 575283 292309 249842.406   75   96 502483.995 169431.895  66.3%  57.2 2356s
 576012 292555 231335.449   66  117 502483.995 169493.330  66.3%  57.2 2360s
 576782 292855     cutoff   70      502483.995 169560.962  66.3%  57.3 2365s
 577652 293227 420816.698   61  135 502483.995 169653.236  66.2%  57.3 2370s
 578381 293491 375456.946   61  128 502483.995 169727.239  66.2%  57.3 2375s
 579028 293774 310810.285   64  107 502483.995 169808.825  66.2%  57.4 2380s
 580091 294235 273322.022   67  123 502483.995 169940.646  66.2%  57.4 2386s
 580966 294612 262497.741   64  134 502483.995 170043.458  66.2%  57.4 2391s
 581659 294933 infeasible   78      502483.995 170065.382  66.2%  57.5 2395s
 582339 295220 452570.827   66  105 502483.995 170118.205  66.1%  57.5 2400s
 582887 295480 400761.929   78   87 502483.995 170164.007  66.1%  57.5 2405s
 583825 295964 175184.360   62  149 502483.995 170218.206  66.1%  57.6 2410s
 584619 296296 380718.173   61  112 502483.995 170254.291  66.1%  57.6 2416s
 585324 296701 384058.856   69   89 502483.995 170348.059  66.1%  57.6 2420s
 586205 297050 458567.683   68  128 502483.995 170438.198  66.1%  57.6 2425s
 587105 297559     cutoff   72      502483.995 170514.017  66.1%  57.7 2430s
 588586 298081 398034.882   72   98 502483.995 170676.510  66.0%  57.7 2435s
 589227 298400 389675.970   55  126 502483.995 170720.259  66.0%  57.8 2440s
 590109 298744 244128.079   67  121 502483.995 170795.236  66.0%  57.8 2445s
 590944 299127 342890.701   64  113 502483.995 170858.277  66.0%  57.8 2450s
 591866 299527 195555.866   60  133 502483.995 170922.740  66.0%  57.8 2455s
 592711 299953     cutoff   74      502483.995 170985.085  66.0%  57.9 2460s
 593623 300363 247817.065   64  131 502483.995 171059.184  66.0%  57.9 2465s
 594369 300663 232866.536   60  142 502483.995 171156.874  65.9%  57.9 2470s
 595102 300974 429344.983   72   96 502483.995 171224.239  65.9%  58.0 2475s
 595835 301291 177654.250   64  129 502483.995 171286.064  65.9%  58.0 2480s
 596523 301635 257217.520   60  136 502483.995 171333.215  65.9%  58.0 2485s
 597263 302010 189461.409   55  130 502483.995 171404.954  65.9%  58.1 2490s
 598098 302329 infeasible   71      502483.995 171445.678  65.9%  58.1 2495s
 599019 302786 203919.507   56  129 502483.995 171532.230  65.9%  58.1 2506s
 599461 302986 262657.542   70  107 502483.995 171597.806  65.9%  58.2 2510s
 600267 303399 190705.770   58  146 502483.995 171663.230  65.8%  58.2 2515s
 601093 303757 393447.726   72  110 502483.995 171761.395  65.8%  58.2 2520s
 601893 304083 422603.819   68  127 502483.995 171838.656  65.8%  58.3 2525s
 602700 304410 253846.321   67  118 502483.995 171887.226  65.8%  58.3 2530s
 603393 304714 358528.935   62  130 502483.995 171977.595  65.8%  58.3 2535s
 604147 305034 491655.621   74  105 502483.995 172015.641  65.8%  58.4 2540s
 604857 305377 308226.542   63  118 502483.995 172069.394  65.8%  58.4 2546s
 605455 305604 232794.759   67  112 502483.995 172102.351  65.7%  58.4 2550s
 606289 306001     cutoff   67      502483.995 172183.609  65.7%  58.5 2555s
 607186 306399 232046.675   66  119 502483.995 172252.565  65.7%  58.5 2560s
 607768 306667 233942.788   59  131 502483.995 172299.633  65.7%  58.5 2565s
 608516 306978 288304.078   57  137 502483.995 172386.939  65.7%  58.6 2570s
 609316 307357 373247.442   68  118 502483.995 172431.282  65.7%  58.6 2575s
 610070 307706 305046.997   69  110 502483.995 172498.395  65.7%  58.7 2580s
 611116 308136 487853.872   74  106 502483.995 172595.946  65.7%  58.7 2586s
 611700 308378 infeasible   71      502483.995 172647.207  65.6%  58.7 2590s
 612835 309178 199583.461   54  143 502483.995 172699.196  65.6%  58.7 2595s
 613605 309511 439389.555   73  109 502483.995 172749.318  65.6%  58.7 2600s
 614385 309758 415136.832   74  116 502483.995 172839.340  65.6%  58.8 2605s
 614896 310006 348475.060   67  106 502483.995 172868.142  65.6%  58.8 2610s
 615665 310301 357214.570   60  129 502483.995 172951.831  65.6%  58.8 2615s
 616402 310702 397407.470   70  128 502483.995 172985.953  65.6%  58.9 2620s
 617554 311702 405993.973   66  132 502483.995 173057.674  65.6%  58.9 2626s
 618554 312127 399320.673   81   84 502483.995 173139.266  65.5%  58.9 2631s
 619271 312412 268549.129   55  165 502483.995 173192.445  65.5%  58.9 2635s
 619939 312723 190323.237   62  121 502483.995 173264.900  65.5%  58.9 2640s
 620792 313073 382901.928   64  122 502483.995 173332.226  65.5%  59.0 2645s
 621716 313374 282380.104   65  115 502483.995 173364.527  65.5%  59.0 2651s
 622598 313698 infeasible   67      502483.995 173460.375  65.5%  59.0 2655s
 623862 314456 infeasible   69      502483.995 173572.085  65.5%  59.1 2660s
 624582 314904 420103.135   71  106 502483.995 173621.707  65.4%  59.1 2665s
 625384 315343     cutoff   75      502483.995 173666.511  65.4%  59.1 2671s
 626212 315627 425156.278   63  116 502483.995 173743.824  65.4%  59.1 2675s
 627063 316114 362751.831   67  117 502483.995 173798.558  65.4%  59.1 2680s
 627813 316451 451456.023   71  104 502483.995 173836.296  65.4%  59.1 2685s
 628690 316805 279994.455   62  122 502483.995 173892.807  65.4%  59.2 2690s
 629506 317140 infeasible   69      502483.995 173962.951  65.4%  59.2 2695s
 630449 317431 378855.128   65   91 502483.995 174041.026  65.4%  59.2 2701s
 630840 317622 404481.645   65  111 502483.995 174059.658  65.4%  59.3 2705s
 631905 318430 463632.885  388   82 502483.995 174101.308  65.4%  59.2 2710s
 632637 318741 470726.154   67  114 502483.995 174148.454  65.3%  59.3 2715s
 633574 319134     cutoff   74      502483.995 174257.151  65.3%  59.3 2721s
 634254 319481 227687.834   62  142 502483.995 174316.437  65.3%  59.4 2725s
 635033 319760 355703.887   59  124 502483.995 174380.199  65.3%  59.4 2730s
 635909 320193 255317.338   63  117 502483.995 174473.370  65.3%  59.4 2735s
 636438 320427 348823.886   59  132 502483.995 174517.336  65.3%  59.4 2740s
 637091 320754 272393.588   58  146 502483.995 174595.083  65.3%  59.5 2745s
 637840 321055 230675.830   59  123 502483.995 174646.552  65.2%  59.5 2750s
 638545 321378 432576.224   72   92 502483.995 174723.048  65.2%  59.6 2755s
 639381 321762 480387.176   66  117 502483.995 174793.790  65.2%  59.6 2760s
 640788 322426 429107.572   68  121 502483.995 174907.815  65.2%  59.6 2765s
 642117 323136 419380.751   70  110 502483.995 175005.716  65.2%  59.6 2770s
 642857 323473 418434.523   73  106 502483.995 175042.755  65.2%  59.7 2775s
 643892 324113 428065.180   69   99 502483.995 175129.172  65.1%  59.7 2780s
 644651 324498 422094.324   67   90 502483.995 175188.939  65.1%  59.7 2785s
 645471 324878 infeasible   68      502483.995 175245.480  65.1%  59.7 2790s
 646304 325169 455983.614   68  135 502483.995 175277.774  65.1%  59.7 2800s
 646866 325524 infeasible   77      502483.995 175298.117  65.1%  59.7 2805s
 647995 326083     cutoff   68      502483.995 175376.782  65.1%  59.8 2811s
 648728 326469 193045.338   56  139 502483.995 175448.151  65.1%  59.8 2816s
 649399 326743 infeasible   73      502483.995 175500.139  65.1%  59.8 2821s
 650282 327082 430706.759   69  126 502483.995 175555.188  65.1%  59.9 2826s
 651018 327386     cutoff   71      502483.995 175615.221  65.1%  59.9 2831s
 651897 327732 infeasible   81      502483.995 175697.954  65.0%  59.9 2835s
 653135 328193 417705.041   66  121 502483.995 175816.921  65.0%  59.9 2840s
 653925 328534 350756.926   56  126 502483.995 175892.523  65.0%  60.0 2845s
 654726 328940 266619.484   62  116 502483.995 175951.779  65.0%  60.0 2850s
 655534 329186 413880.547   60  131 502483.995 176010.032  65.0%  60.0 2855s
 656348 329532 186678.951   58  130 502483.995 176063.689  65.0%  60.0 2860s
 657198 329829 179347.728   61  141 502483.995 176131.691  64.9%  60.1 2865s
 658319 330643 314022.189   65  114 502483.995 176163.833  64.9%  60.1 2871s
 658989 331228 312688.615   75   77 502483.995 176213.722  64.9%  60.1 2876s
 659966 331499 186249.385   64  133 502483.995 176259.409  64.9%  60.1 2881s
 660786 331822 243913.547   57  138 502483.995 176286.834  64.9%  60.1 2886s
 661340 332056 376829.691   65  108 502483.995 176333.469  64.9%  60.1 2890s
 662014 332332 270094.845   64  114 502483.995 176378.770  64.9%  60.2 2895s
 662685 332644 infeasible   77      502483.995 176419.571  64.9%  60.2 2900s
 663531 332970 219100.313   59  135 502483.995 176483.272  64.9%  60.3 2905s
 664221 333286 476032.322   78   97 502483.995 176518.429  64.9%  60.3 2910s
 664992 333652 405340.373   68  111 502483.995 176581.443  64.9%  60.3 2915s
 665807 333999 infeasible   73      502483.995 176626.757  64.8%  60.3 2920s
 666872 334544 348168.873   70  101 502483.995 176695.174  64.8%  60.4 2925s
 667269 334709 279146.864   58  136 502483.995 176721.901  64.8%  60.4 2930s
 668124 335152 256516.606   65  122 502483.995 176793.294  64.8%  60.4 2935s
 668933 335492     cutoff   69      502483.995 176846.478  64.8%  60.4 2940s
 669841 335877 182948.783   56  140 502483.995 176899.134  64.8%  60.5 2945s
 670424 336167 262658.553   62  136 502483.995 176942.827  64.8%  60.5 2950s
 671334 336565 462736.830   70   96 502483.995 177001.710  64.8%  60.5 2955s
 672282 336929 223859.309   59  125 502483.995 177070.267  64.8%  60.5 2961s
 672759 337295 294072.806   65  116 502483.995 177098.914  64.8%  60.6 2965s
 673644 337587 314021.780   64  116 502483.995 177152.888  64.7%  60.6 2970s
 674553 338016 331072.277   64  116 502483.995 177199.264  64.7%  60.6 2975s
 675070 338381 450084.227   82   89 502483.995 177234.679  64.7%  60.6 2980s
 676021 338734 206161.537   58  120 502483.995 177284.750  64.7%  60.7 2985s
 676805 339038 408114.273   73  108 502483.995 177344.160  64.7%  60.7 2990s
 677227 339241 183607.809   65  131 502483.995 177384.760  64.7%  60.7 2996s
 677871 339533 infeasible   72      502483.995 177430.182  64.7%  60.8 3000s
 678739 339928     cutoff   76      502483.995 177481.368  64.7%  60.8 3005s
 679873 340498 333500.636   55  150 502483.995 177541.673  64.7%  60.8 3010s
 680539 340817 261081.950   60  135 502483.995 177598.576  64.7%  60.8 3015s
 681360 341131 347570.734   58  132 502483.995 177675.065  64.6%  60.9 3020s
 682266 341487 466967.069   69  100 502483.995 177753.202  64.6%  60.9 3026s
 683125 341818 291730.873   66  138 502483.995 177809.971  64.6%  60.9 3031s
 683812 342202 186946.880   60  130 502483.995 177853.103  64.6%  60.9 3036s
 684674 343074 infeasible   71      502483.995 177912.042  64.6%  60.9 3040s
 686482 344651 infeasible   71      502483.995 177935.850  64.6%  60.9 3046s
 687411 344993 347676.535   70  119 502483.995 177953.172  64.6%  60.9 3050s
 688288 345356 222804.364   66   99 502483.995 178031.215  64.6%  60.9 3055s
 688862 345606 376222.971   69  108 502483.995 178071.267  64.6%  60.9 3060s
 689200 345798 419492.752   80   74 502483.995 178092.549  64.6%  60.9 3065s
 690204 346115 274629.791   62  145 502483.995 178145.350  64.5%  60.9 3071s
 690884 346419 197674.254   60  131 502483.995 178171.104  64.5%  61.0 3075s
 691788 346736 189388.469   55  128 502483.995 178230.766  64.5%  61.0 3080s
 692398 347005 285370.936   66  135 502483.995 178278.695  64.5%  61.0 3085s
 692846 347124 434074.949   67  117 502483.995 178323.867  64.5%  61.0 3090s
 693675 347582 361962.249   62  118 502483.995 178367.573  64.5%  61.0 3095s
 694527 347989 431037.606   75  107 502483.995 178404.626  64.5%  61.1 3101s
 695236 348268 239856.188   63  126 502483.995 178447.499  64.5%  61.1 3105s
 695965 348603 infeasible   69      502483.995 178493.881  64.5%  61.1 3110s
 696747 348890 335663.349   68   86 502483.995 178535.380  64.5%  61.2 3116s
 697412 349219     cutoff   74      502483.995 178581.205  64.5%  61.2 3120s
 698106 349498 219071.877   58  129 502483.995 178625.949  64.5%  61.2 3125s
 698928 349956 428291.307   71  102 502483.995 178674.353  64.4%  61.2 3130s
 699955 350541 423673.587   70  112 502483.995 178723.334  64.4%  61.2 3135s
 700834 350892 325610.771   55  133 502483.995 178770.472  64.4%  61.2 3140s
 701550 351232 451783.041   69  112 502483.995 178816.616  64.4%  61.3 3145s
 702387 351575 infeasible   75      502483.995 178863.065  64.4%  61.3 3150s
 703190 351928 390447.029   70  110 502483.995 178920.700  64.4%  61.3 3155s
 704087 352520 320149.265   64  116 502483.995 178998.923  64.4%  61.3 3160s
 705042 352935 485576.629   72  112 502483.995 179035.510  64.4%  61.3 3165s
 705965 353287 369713.151   61  131 502483.995 179086.525  64.4%  61.3 3170s
 706365 353487 423278.766   64  119 502483.995 179110.012  64.4%  61.4 3176s
 707144 353835 242777.959   65  120 502483.995 179160.128  64.3%  61.4 3181s
 707841 354271 423655.910  170   83 502483.995 179180.017  64.3%  61.4 3185s
 708782 354669 199950.779   59  122 502483.995 179230.300  64.3%  61.4 3190s
 709587 355222 393109.772  102   87 502483.995 179267.391  64.3%  61.4 3195s
 710942 355933 228340.846   58  143 502483.995 179283.048  64.3%  61.4 3200s
 711738 356330 501435.375   70  112 502483.995 179306.200  64.3%  61.4 3205s
 712490 356687 415705.483   67  112 502483.995 179342.368  64.3%  61.4 3210s
 713158 357068     cutoff   71      502483.995 179391.927  64.3%  61.5 3215s
 714167 357432 221620.083   66  143 502483.995 179473.805  64.3%  61.5 3221s
 714899 357817 432381.366  166   86 502483.995 179544.907  64.3%  61.5 3225s
 715705 358139 412926.913   69  128 502483.995 179576.929  64.3%  61.5 3230s
 716562 358474 438899.498   71  105 502483.995 179620.333  64.3%  61.5 3235s
 717374 358773 340655.140   63  139 502483.995 179666.533  64.2%  61.6 3240s
 718153 359129 336733.194   64  120 502483.995 179717.892  64.2%  61.6 3245s
 719090 359511 infeasible   69      502483.995 179777.473  64.2%  61.6 3250s
 719955 359836     cutoff   77      502483.995 179832.842  64.2%  61.6 3255s
 720632 360121 199071.734   61  143 502483.995 179882.363  64.2%  61.7 3260s
 721395 360333 264369.238   61  136 502483.995 179922.534  64.2%  61.7 3267s
 721716 360576 281885.861   57  147 502483.995 179932.615  64.2%  61.7 3270s
 722867 361086 479929.479   68  106 502483.995 179990.595  64.2%  61.8 3275s
 724028 361564 373990.946   68  126 502483.995 180059.681  64.2%  61.8 3280s
 725053 362037 460410.443   70  107 502483.995 180108.516  64.2%  61.9 3285s
 725989 362358     cutoff   67      502483.995 180178.120  64.1%  61.9 3290s
 727670 363421 465192.934   64  117 502483.995 180251.211  64.1%  61.9 3296s
 728481 363728     cutoff   73      502483.995 180296.142  64.1%  61.9 3300s
 729176 363993 infeasible   74      502483.995 180327.700  64.1%  62.0 3305s
 729997 364562 infeasible   60      502483.995 180358.629  64.1%  62.0 3310s
 730894 364936 304075.629   57  135 502483.995 180409.909  64.1%  62.0 3315s
 731600 365278 371983.170   70  100 502483.995 180451.003  64.1%  62.0 3320s
 732399 365656 219847.624   59  134 502483.995 180497.075  64.1%  62.0 3325s
 733677 366475 479536.784  484   83 502483.995 180516.067  64.1%  62.0 3330s
 734525 366771 295979.750   63  130 502483.995 180581.948  64.1%  62.0 3335s
 735253 367081 382846.148   67  115 502483.995 180638.257  64.1%  62.0 3340s
 736184 367634 471628.819   63  116 502483.995 180681.429  64.0%  62.0 3345s
 737086 368026 285824.827   65  121 502483.995 180750.396  64.0%  62.1 3351s
 737885 368367 infeasible   71      502483.995 180811.746  64.0%  62.1 3355s
 738644 368633 458112.245   70  105 502483.995 180854.709  64.0%  62.1 3360s
 739832 369520 290723.611   59  143 502483.995 180893.957  64.0%  62.1 3365s
 740457 369832 238256.036   68  120 502483.995 180937.194  64.0%  62.1 3370s
 741150 370075 394222.744   65  121 502483.995 180968.970  64.0%  62.1 3375s
 741800 370367 infeasible   64      502483.995 181000.798  64.0%  62.1 3380s
 742490 370845 294081.507   61  137 502483.995 181025.996  64.0%  62.1 3385s
 743070 371044 386575.954   66  129 502483.995 181067.110  64.0%  62.2 3390s
 743709 371278 438800.934   66  128 502483.995 181112.172  64.0%  62.2 3395s
 744343 371529 341321.904   63  105 502483.995 181147.206  63.9%  62.3 3400s
 745031 371786 464512.479   71  100 502483.995 181201.593  63.9%  62.3 3405s
 745711 372059 481253.876   68  106 502483.995 181240.365  63.9%  62.3 3410s
 746477 372423 403075.417   71  102 502483.995 181277.911  63.9%  62.3 3415s
 747392 372782 infeasible   69      502483.995 181335.096  63.9%  62.4 3420s
 748003 373051 340872.221   66  127 502483.995 181363.859  63.9%  62.4 3425s
 748653 373333 477555.830   67  119 502483.995 181412.072  63.9%  62.4 3430s
 749433 373641 481948.593   77  105 502483.995 181443.709  63.9%  62.4 3435s
 750061 373943 230607.311   60  122 502483.995 181482.091  63.9%  62.5 3440s
 750868 374243 367152.438   68  112 502483.995 181559.885  63.9%  62.5 3445s
 751628 374601 285821.791   60  135 502483.995 181605.719  63.9%  62.5 3451s
 752223 374814 infeasible   73      502483.995 181626.344  63.9%  62.6 3455s
 752982 375133 214503.740   60  144 502483.995 181693.910  63.8%  62.6 3460s
 753415 375223     cutoff   69      502483.995 181719.729  63.8%  62.6 3468s
 753574 375361 381693.876   63  131 502483.995 181726.840  63.8%  62.6 3470s
 754414 375740 370469.686   74  100 502483.995 181773.937  63.8%  62.6 3476s
 755050 376140 417427.459   87   76 502483.995 181803.245  63.8%  62.7 3480s
 756081 376472 262666.964   58  139 502483.995 181839.733  63.8%  62.7 3485s
 756802 376802 infeasible   76      502483.995 181884.920  63.8%  62.7 3491s
 757408 377095 330727.649   64  130 502483.995 181913.827  63.8%  62.7 3495s
 758155 377456 343717.144   65  122 502483.995 181959.748  63.8%  62.8 3501s
 758808 377725 413350.487   83   86 502483.995 182001.710  63.8%  62.8 3505s
 759299 377954 472111.575   85   82 502483.995 182030.075  63.8%  62.8 3510s
 760165 378348 318921.698   69  111 502483.995 182060.770  63.8%  62.8 3516s
 760866 378651 374430.831   70  119 502483.995 182083.763  63.8%  62.9 3520s
 761695 378943 infeasible   73      502483.995 182138.769  63.8%  62.9 3526s
 762497 379285 418840.364   65  113 502483.995 182186.002  63.7%  62.9 3530s
 763182 379589 449526.072   73  102 502483.995 182235.771  63.7%  62.9 3535s
 764180 380014     cutoff   65      502483.995 182318.470  63.7%  62.9 3541s
 764790 380329 429163.726   67  102 502483.995 182354.626  63.7%  63.0 3545s
 765713 380653 434301.289   70  105 502483.995 182427.015  63.7%  63.0 3550s
 766484 380919 347570.927   57  142 502483.995 182480.924  63.7%  63.0 3555s
 767201 381215 infeasible   69      502483.995 182525.339  63.7%  63.0 3561s
 767789 381480 431617.337   68  104 502483.995 182557.421  63.7%  63.1 3565s
 768638 381803 216858.897   64  123 502483.995 182615.380  63.7%  63.1 3571s
 769358 382140 339946.063   56  152 502483.995 182654.093  63.6%  63.1 3575s
 769837 382669 371872.584   64  115 502483.995 182679.412  63.6%  63.1 3580s
 771636 384057 230390.741   62  132 502483.995 182687.156  63.6%  63.0 3586s
 772550 384423 351433.627   63  139 502483.995 182728.632  63.6%  63.0 3591s
 773279 384731 382030.246   65  113 502483.995 182763.986  63.6%  63.0 3596s
 773945 384994 460020.762   69  108 502483.995 182801.739  63.6%  63.1 3600s

Cutting planes:
  Gomory: 90
  Implied bound: 6
  MIR: 120
  StrongCG: 5
  Flow cover: 169
  Inf proof: 54
  RLT: 77
  Relax-and-lift: 12

Explored 773982 nodes (48823737 simplex iterations) in 3600.01 seconds (2562.32 work units)
Thread count was 2 (of 24 available processors)

Solution count 10: 502484 511310 548025 ... 592827

Time limit reached
Best objective 5.024839946518e+05, best bound 1.828022883844e+05, gap 63.6203%
