
Gurobi 11.0.3 (linux64, Java) logging started seg 02 dez 2024 12:54:11 -03

Set parameter Username
Academic license - for non-commercial use only - expires 2025-10-10
Set parameter NonConvex to value 2
Set parameter TimeLimit to value 3600
Set parameter LogToConsole to value 0
Set parameter MIPGap to value 2.3060879868461677e-07
Set parameter Threads to value 2
Set parameter NodefileDir to value "/home/ps12398/experiment_hosp/goalProgrammingMarcos/"
Set parameter NodefileStart to value 1
Gurobi Optimizer version 11.0.3 build v11.0.3rc0 (linux64)

CPU model: Intel(R) Xeon(R) CPU           X5650  @ 2.67GHz, instruction set [SSE2]
Thread count: 12 physical cores, 24 logical processors, using up to 2 threads

Optimize a model with 8098 rows, 5573 columns and 26595 nonzeros
Model fingerprint: 0xcbbb873a
Model has 57 quadratic constraints
Variable types: 2762 continuous, 2811 integer (52 binary)
Coefficient statistics:
  Matrix range     [2e-02, 8e+05]
  QMatrix range    [2e-02, 3e+04]
  QLMatrix range   [1e+00, 3e+04]
  Objective range  [1e+00, 9e+06]
  Bounds range     [1e+00, 1e+08]
  RHS range        [1e+00, 1e+06]
  QRHS range       [1e-02, 1e-02]
Presolve removed 7755 rows and 5222 columns
Presolve time: 0.06s
Presolved: 801 rows, 489 columns, 6911 nonzeros
Presolved model has 52 bilinear constraint(s)

Solving non-convex MIQCP

Variable types: 196 continuous, 293 integer (43 binary)
Found heuristic solution: objective 3002879.8435

Root relaxation: objective 0.000000e+00, 185 iterations, 0.01 seconds (0.00 work units)

    Nodes    |    Current Node    |     Objective Bounds      |     Work
 Expl Unexpl |  Obj  Depth IntInf | Incumbent    BestBd   Gap | It/Node Time

     0     0    0.00000    0  103 3002879.84    0.00000   100%     -    0s
H    0     0                    2031887.2725    0.00000   100%     -    0s
     0     0    0.00000    0  205 2031887.27    0.00000   100%     -    0s
     0     0    0.00000    0  185 2031887.27    0.00000   100%     -    0s
H    0     0                    1794184.8266    0.00000   100%     -    0s
     0     0    0.00000    0  154 1794184.83    0.00000   100%     -    0s
     0     0    0.00000    0  168 1794184.83    0.00000   100%     -    0s
     0     0    0.00000    0  171 1794184.83    0.00000   100%     -    0s
     0     0    0.00000    0  192 1794184.83    0.00000   100%     -    0s
     0     0    0.00000    0  117 1794184.83    0.00000   100%     -    0s
H    0     0                    1640968.0616    0.00000   100%     -    0s
     0     0    0.00000    0  150 1640968.06    0.00000   100%     -    0s
     0     0    0.00000    0  135 1640968.06    0.00000   100%     -    0s
     0     0    0.00000    0  134 1640968.06    0.00000   100%     -    0s
H    0     0                    1610901.0859    0.00000   100%     -    0s
     0     0    0.00000    0  151 1610901.09    0.00000   100%     -    0s
     0     0    0.00000    0  122 1610901.09    0.00000   100%     -    0s
H    0     0                    1082743.0620    0.00000   100%     -    0s
     0     0    0.00000    0  132 1082743.06    0.00000   100%     -    1s
     0     0    0.00000    0  114 1082743.06    0.00000   100%     -    1s
     0     0    0.00000    0  114 1082743.06    0.00000   100%     -    1s
     0     2    0.00000    0  114 1082743.06    0.00000   100%     -    1s
H  510   625                    824888.56073    0.00000   100%  23.6    2s
H  631   730                    810485.96031    0.00000   100%  21.0    2s
H  792   846                    810225.47095    0.00000   100%  18.5    2s
H  846   937                    797520.62713    0.00000   100%  18.2    3s
H 1191  1318                    764903.89055    0.00000   100%  16.1    3s
H 1448  1403                    728733.68853    0.00000   100%  15.0    4s
  1895  1751 365455.980   49   84 728733.689    0.00000   100%  14.6    5s
H 2034  1679                    728732.92723    0.00000   100%  16.1    8s
  2042  1685 508434.957  692   82 728732.927    0.00000   100%  16.0   11s
  2060  1698 556349.883  823   84 728732.927    0.00000   100%  18.8   15s
  2110  1766    0.00000   56  130 728732.927    0.00000   100%  21.8   20s
  2247  1968 14781.5149   93  115 728732.927    0.00000   100%  23.2   28s
  2399  2083 613173.181  142   74 728732.927    0.00000   100%  23.6   32s
  2606  2115 625906.614  216   74 728732.927    0.00000   100%  22.5   35s
  2890  2509    0.00000   86  101 728732.927    0.00000   100%  25.4   40s
H 3003  2385                    721771.14072    0.00000   100%  25.2   40s
H 3019  2298                    708636.70983    0.00000   100%  25.1   40s
H 3096  2183                    655146.06089    0.00000   100%  24.5   40s
H 5450  3985                    652995.12411    0.00000   100%  17.1   43s
  6549  4908 560770.266  178   74 652995.124    0.00000   100%  15.4   45s
H10167  7752                    647318.33745    0.00000   100%  13.3   49s
H10170  7680                    643203.75914    0.00000   100%  13.2   49s
H10289  7678                    642968.30132    0.00000   100%  13.2   49s
H10302  7119                    602412.26901    0.00000   100%  13.2   50s
H10334  7100                    601265.63328    0.00000   100%  13.4   50s
H10519  7147                    600276.61187    0.00000   100%  13.8   50s
H10685  7323                    600129.93719    0.00000   100%  14.5   51s
H11811  8032                    600126.54962    0.00000   100%  17.4   54s
 11933  8139 500410.037   83   97 600126.550    0.00000   100%  18.0   55s
 13657  9108 25691.6427   61  110 600126.550    0.00000   100%  22.3   60s
H14955  9940                    589294.21052    0.00000   100%  23.5   64s
H14961  9940                    589283.70880    0.00000   100%  23.5   64s
 15872 10837 489610.564 1263   61 589283.709    0.00000   100%  22.8   65s
H16785 10691                    581763.01702    0.00000   100%  22.2   67s
H16882 10550                    578570.68239    0.00000   100%  22.0   67s
H16949 10166                    570683.03565    0.00000   100%  22.0   67s
H16952 10133                    570152.16554    0.00000   100%  22.0   67s
H17124  9953                    567622.17546    0.00000   100%  22.0   67s
 17925 10377 87855.5246   66  132 567622.175    0.00000   100%  23.9   70s
H18577  8781                    552334.23421    0.00000   100%  25.3   72s
 19381  9125 27536.1345   89  105 552334.234    0.00000   100%  27.0   75s
H20523  9171                    544673.93946    0.00000   100%  29.0   79s
 20879  9329 238446.978   72  102 544673.939    0.00000   100%  29.7   80s
 22557 10180 184031.968   96   93 544673.939    0.00000   100%  32.4   85s
 24162 11101 448008.313   96   91 544673.939    0.00000   100%  34.4   90s
H24765 11282                    544621.45980    0.00000   100%  34.8   92s
 25602 11724 91578.2323   94  108 544621.460    0.00000   100%  35.5   95s
H26488 12085                    544621.40490    0.00000   100%  36.6   97s
 27226 12432 128934.584   95   92 544621.405    0.00000   100%  37.5  100s
H27735 12296                    535977.02403    0.00000   100%  38.0  101s
 28899 12821 262352.188   98   93 535977.024    0.00000   100%  39.2  105s
 29813 13458 261103.942   96   89 535977.024    0.00000   100%  40.3  110s
 31699 14621     cutoff  504      535977.024    0.00000   100%  41.1  115s
 33310 15500 486363.925   92  101 535977.024    0.00000   100%  42.4  120s
 34770 16172 469973.491   75  109 535977.024    0.00000   100%  43.4  126s
H35240 16308                    506249.90953    0.00000   100%  43.7  128s
H35337 16308                    506080.27196    0.00000   100%  43.6  128s
H36014 14499                    494316.39756    0.00000   100%  42.8  128s
H36017 14499                    494316.39248    0.00000   100%  42.8  128s
H36297 15563                    494249.76984    0.00000   100%  42.7  129s
H36394 15278                    492594.96607    0.00000   100%  42.6  129s
 37150 16041 11165.3985   80  119 492594.966    0.00000   100%  41.7  130s
H38053 15337                    487166.78243    0.00000   100%  41.1  130s
H38788 15190                    483822.69436    0.00000   100%  41.3  133s
 39483 15530 176724.429   91  116 483822.694    0.00000   100%  41.9  135s
 40682 16136 infeasible   78      483822.694    0.00000   100%  42.6  140s
 42399 16976     cutoff   80      483822.694    0.00000   100%  43.9  145s
 44096 17905 292892.052   86  102 483822.694    0.00000   100%  45.0  150s
 45211 18452 48835.3905   82  106 483822.694    0.00000   100%  45.6  155s
 46865 19261 29421.9099   59  108 483822.694    0.00000   100%  46.6  160s
 48478 20090 122459.974   82   97 483822.694    0.00000   100%  47.6  165s
 49993 20824 infeasible   79      483822.694    0.00000   100%  48.5  171s
 51148 21465 393459.740   89   91 483822.694    0.00000   100%  49.1  175s
H51440 21502                    483787.19683    0.00000   100%  49.3  176s
H51442 21500                    483757.46413    0.00000   100%  49.3  176s
H51461 20637                    481663.04298    0.00000   100%  49.3  176s
 52500 21304    0.00000   71  109 481663.043    0.00000   100%  49.8  180s
 53883 22052 384930.725   87   91 481663.043    0.00000   100%  50.4  185s
 55328 22842 infeasible   82      481663.043    0.00000   100%  51.1  190s
 57124 23875 403473.792   88   79 481663.043    0.00000   100%  51.6  195s
 59646 25222 178491.564   70  107 481663.043    0.00000   100%  52.6  200s
 61513 26146 96629.2828   83   95 481663.043    0.00000   100%  53.1  205s
 64123 27345 87496.9549   74  103 481663.043    0.00000   100%  53.8  210s
 66073 28448 471059.468  136   83 481663.043    0.00000   100%  54.4  215s
 68687 29715 infeasible   89      481663.043    0.00000   100%  55.2  220s
 70583 30668 22119.6776   76  114 481663.043    0.00000   100%  55.9  225s
 72781 31783 6207.56815   91  109 481663.043    0.00000   100%  56.3  230s
 75191 33051 6242.90858   83  116 481663.043    0.00000   100%  56.8  235s
 76831 33949 393469.604   74   91 481663.043    0.00000   100%  57.1  240s
 78209 34745 223302.727   93   97 481663.043    0.00000   100%  57.3  245s
 79265 35347 409688.845   85  106 481663.043    0.00000   100%  57.7  250s
 81026 36053 103663.753   61  118 481663.043    0.00000   100%  58.1  257s
 81744 36565 382805.124   89   95 481663.043    0.00000   100%  58.2  260s
 83680 37472     cutoff   89      481663.043    0.00000   100%  58.6  265s
 85208 38213 393340.578   96   94 481663.043    0.00000   100%  58.8  270s
 86402 38854 infeasible   91      481663.043    0.00000   100%  59.0  275s
 87921 39693 12049.8549   67  122 481663.043    0.00000   100%  59.3  280s
 89430 40421 39621.4385   74  128 481663.043    0.00000   100%  59.6  285s
 90926 41144 infeasible   90      481663.043    0.00000   100%  59.9  290s
 91994 41758     cutoff   90      481663.043    0.00000   100%  59.9  295s
 93683 42608    0.00000   84  110 481663.043    0.00000   100%  60.2  300s
 95210 43280    0.00000   77  109 481663.043    0.00000   100%  60.5  305s
 96393 43828     cutoff   89      481663.043    0.00000   100%  60.7  310s
 97355 44611 201987.640   89   95 481663.043    0.00000   100%  60.8  315s
 98848 45280 19021.4969   82  101 481663.043    0.00000   100%  60.6  320s
 99863 45922 13086.4102   73  118 481663.043    0.00000   100%  60.8  325s
 101303 46640 448764.107  153   83 481663.043    0.00000   100%  60.9  331s
 102543 47294 23235.3264   74  100 481663.043    0.00000   100%  61.0  335s
 104877 48881 197970.546   71  111 481663.043    0.00000   100%  60.6  340s
 106436 49810 185802.843   63  126 481663.043    0.00000   100%  60.9  345s
 107276 50267 310506.685   76  103 481663.043    0.00000   100%  61.0  350s
 109219 52266 353095.154   87  115 481663.043    0.00000   100%  60.9  355s
H109729 52161                    480280.88141    0.00000   100%  60.7  355s
H109785 51538                    473514.70614    0.00000   100%  60.7  355s
H109788 51445                    472645.07317    0.00000   100%  60.7  355s
H110020 51441                    472601.07932    0.00000   100%  60.6  355s
 111511 52385 374109.949   78  109 472601.079    0.00000   100%  60.6  360s
H111813 52391                    472018.41467    0.00000   100%  60.6  362s
 113141 53257     cutoff   87      472018.415    0.00000   100%  60.7  365s
 114790 54061    0.00000   64  123 472018.415    0.00000   100%  60.9  370s
 116086 54662 92781.9491   71  109 472018.415    0.00000   100%  61.1  375s
 117209 55254 6845.44864   66  103 472018.415    0.00000   100%  61.2  380s
 118942 56392 342485.135   80  100 472018.415    0.00000   100%  61.1  385s
 120523 57290 infeasible   95      472018.415    0.00000   100%  61.3  390s
 121942 58074 294311.791   90  104 472018.415    0.00000   100%  61.4  395s
 123534 59074 6921.40242   83  109 472018.415    0.00000   100%  61.3  400s
H124790 58886                    465757.97073    0.00000   100%  61.3  403s
 125198 59166 83092.4771   79  114 465757.971    0.00000   100%  61.3  405s
H125979 59166                    464860.23515    0.00000   100%  61.4  408s
H126194 59246                    464563.87426    0.00000   100%  61.4  409s
 126438 59412    0.00000   61  138 464563.874    0.00000   100%  61.5  410s
H127296 59608                    464075.36917    0.00000   100%  61.6  414s
 127309 59731 197218.274   77  100 464075.369    0.00000   100%  61.6  415s
 128973 60640 113623.475   73  110 464075.369    0.00000   100%  61.8  420s
 130421 61536 infeasible   84      464075.369    0.00000   100%  62.0  425s
 132487 62866 233739.814   78  109 464075.369    0.00000   100%  61.5  430s
 133933 63653 infeasible   88      464075.369    0.00000   100%  61.6  435s
 135783 64693 infeasible   76      464075.369    0.00000   100%  61.8  440s
 137106 65496 21768.0043   68  123 464075.369    0.00000   100%  61.9  445s
H137250 65490                    464019.59470    0.00000   100%  61.9  445s
 138437 66018     cutoff   91      464019.595    0.00000   100%  62.0  450s
H138559 64868                    455650.43627    0.00000   100%  62.0  450s
H139981 59797                    408888.57440    0.00000   100%  62.2  455s
H140273 59926                    408877.36918    0.00000   100%  62.3  456s
H140688 59960                    408274.02178    0.00000   100%  62.3  457s
 141346 60345 323706.366   87   95 408274.022    0.00000   100%  62.5  460s
H141485 60331                    408105.56672    0.00000   100%  62.5  460s
 142672 60867    0.00000   60  129 408105.567    0.00000   100%  62.7  465s
 143905 61648 393720.972   91   90 408105.567    0.00000   100%  62.8  470s
 145319 62442 272437.070   81   84 408105.567    0.00000   100%  63.0  475s
 147033 63223 infeasible   90      408105.567    0.00000   100%  63.0  480s
 148211 63764 12460.2677   86   91 408105.567    0.00000   100%  63.1  485s
 149989 64484 infeasible   70      408105.567    0.00000   100%  63.3  490s
 151273 65104 107485.208   67  103 408105.567    0.00000   100%  63.5  495s
 152811 65843 95787.2056   71  106 408105.567    0.00000   100%  63.6  500s
 153994 66498     cutoff   81      408105.567    0.00000   100%  63.8  505s
H154406 66440                    407042.75031    0.00000   100%  63.8  507s
 155029 66873 187811.822   72  124 407042.750    0.00000   100%  63.8  510s
 156542 67695 339159.764   71  106 407042.750    0.00000   100%  64.0  515s
 158083 68467 11869.7580   63  120 407042.750    0.00000   100%  64.1  520s
 159249 69128 81610.0702   60  118 407042.750    0.00000   100%  64.3  525s
 160657 69925 279269.025   72  117 407042.750    0.00000   100%  64.5  530s
 162351 70866 24273.0061   65  130 407042.750    0.00000   100%  64.6  535s
 163433 71418 195505.507   70  122 407042.750    0.00000   100%  64.6  540s
H164649 71630                    404557.67849    0.00000   100%  64.7  544s
 164965 71848 infeasible   76      404557.678    0.00000   100%  64.7  545s
H164966 71848                    404557.64274    0.00000   100%  64.7  545s
 166469 72538 177942.179   67  111 404557.643    0.00000   100%  64.9  550s
 168113 73579    0.00000   58  117 404557.643    0.00000   100%  65.0  555s
 169465 74220 163966.949   76  107 404557.643    0.00000   100%  65.0  560s
 170919 74898 264932.832   78  126 404557.643    0.00000   100%  65.2  565s
 172477 75727 6660.24997   62  121 404557.643    0.00000   100%  65.3  570s
 173623 76301 7579.45844   71  123 404557.643    0.00000   100%  65.4  575s
 175056 77064 222984.468   80   97 404557.643    0.00000   100%  65.5  580s
H175398 77210                    404544.53073    0.00000   100%  65.5  581s
 176556 77776 265527.880   68  107 404544.531    0.00000   100%  65.6  585s
 177873 78419 284831.737   83   91 404544.531    0.00000   100%  65.8  590s
 179097 78952 289358.796   74  107 404544.531    0.00000   100%  65.9  595s
 180939 79929 20648.6708   73  120 404544.531    0.00000   100%  66.0  600s
 182451 80686 170895.431   63  100 404544.531    0.00000   100%  66.1  605s
 184188 81521 224534.047   75  109 404544.531    0.00000   100%  66.3  610s
 185698 82391 216937.981   80   98 404544.531    0.00000   100%  66.4  615s
 187539 83372 195318.287   68  107 404544.531    0.00000   100%  66.5  620s
H188144 83266                    402967.88289    0.00000   100%  66.6  623s
H188222 81580                    395542.97956    0.00000   100%  66.6  623s
H188281 81705                    395320.75941    0.00000   100%  66.6  624s
 188608 81871 327830.169   76  105 395320.759    0.00000   100%  66.6  625s
H189594 82217                    394631.85473    0.00000   100%  66.7  628s
 190063 82563 241016.983   80   89 394631.855    0.00000   100%  66.7  630s
H190761 82917                    394547.07345    0.00000   100%  66.7  632s
 191762 83305    0.00000   62  126 394547.073    0.00000   100%  66.7  636s
 192867 83914 194973.482   64  124 394547.073    0.00000   100%  66.8  640s
 194157 84524 infeasible   80      394547.073    0.00000   100%  66.9  645s
 195579 85357 169550.906   79   96 394547.073    0.00000   100%  67.0  650s
 197444 86419 103601.463   77   99 394547.073    0.00000   100%  67.0  655s
 198837 87101     cutoff   77      394547.073    0.00000   100%  67.1  660s
 199726 87467     cutoff   74      394547.073    0.00000   100%  67.3  665s
 200965 88008 113718.702   70  115 394547.073    0.00000   100%  67.5  670s
 202391 88745 105186.896   69  118 394547.073    0.00000   100%  67.7  675s
 203783 89416     cutoff   81      394547.073    0.00000   100%  67.7  680s
H203810 89390                    394381.50157    0.00000   100%  67.7  680s
H203832 89338                    394089.88738    0.00000   100%  67.7  680s
 204787 89950 27232.2138   67  110 394089.887    0.00000   100%  67.7  685s
 206625 90763 76491.9113   51  151 394089.887    0.00000   100%  67.9  690s
 208057 91502 30170.5201   72  116 394089.887    0.00000   100%  68.0  695s
 209460 92023 296457.014   79  109 394089.887    0.00000   100%  68.0  700s
 210599 92726 146475.722   80  105 394089.887    0.00000   100%  68.1  705s
 212213 93474 282259.245   83  101 394089.887    0.00000   100%  68.2  710s
 213797 94139 99434.5373   75  124 394089.887    0.00000   100%  68.2  715s
 214707 94540     cutoff   80      394089.887    0.00000   100%  68.3  720s
 216144 95217 95409.9760   72  116 394089.887    0.00000   100%  68.4  725s
H216981 95179                    391086.50398    0.00000   100%  68.4  727s
 217802 95695 infeasible   77      391086.504    0.00000   100%  68.4  730s
 219251 96346 244632.596   73  104 391086.504    0.00000   100%  68.5  735s
 220234 96940 infeasible   77      391086.504    0.00000   100%  68.6  740s
 221814 97772    0.00000   66  113 391086.504    0.00000   100%  68.7  745s
 223165 98413     cutoff   72      391086.504    0.00000   100%  68.8  750s
 224600 99011 180159.620   75  106 391086.504    0.00000   100%  69.0  755s
 225426 99378 90269.0640   64  131 391086.504    0.00000   100%  69.1  760s
 226986 100176 136009.939   75  102 391086.504    0.00000   100%  69.2  765s
 228365 100833 264481.257   62  139 391086.504    0.00000   100%  69.3  770s
 229549 101464 7081.04366   62  112 391086.504    0.00000   100%  69.4  775s
H229856 101523                    391007.14443    0.00000   100%  69.4  776s
 230318 101797 231935.071   71  119 391007.144    0.00000   100%  69.5  780s
 232872 103038 164548.815   56  134 391007.144    0.00000   100%  69.6  785s
 234861 104122 168294.157   61  133 391007.144    0.00000   100%  69.6  790s
 236233 104794 4155.54626   64  118 391007.144    0.00000   100%  69.7  795s
 238591 106205 102507.286   65  109 391007.144    0.00000   100%  69.7  800s
 240826 107286     cutoff   80      391007.144    0.00000   100%  69.7  805s
H240829 107247                    390779.23903    0.00000   100%  69.7  805s
H241191 107864                    390779.23362    0.00000   100%  69.7  807s
 242842 108810 5245.05791   57  128 390779.234    0.00000   100%  69.4  810s
 244175 109369 82827.3660   61  111 390779.234    0.00000   100%  69.5  815s
 245593 110247 279237.193   71   97 390779.234    0.00000   100%  69.4  820s
 246813 110761 184125.582   72  113 390779.234    0.00000   100%  69.5  825s
 248252 111452 187491.632   73  125 390779.234    0.00000   100%  69.6  830s
 249682 112175 89931.8692   63  117 390779.234    0.00000   100%  69.7  835s
 250757 112572 17356.0891   65  132 390779.234    0.00000   100%  69.8  840s
 251903 113289 6877.73733   62   93 390779.234    0.00000   100%  69.8  845s
 253373 113935 241862.883   71  111 390779.234    0.00000   100%  69.8  850s
H253912 113875                    389327.86338    0.00000   100%  69.9  852s
 254636 114304 infeasible   72      389327.863    0.00000   100%  69.9  855s
 255863 114865     cutoff   75      389327.863    0.00000   100%  70.0  860s
 257129 115630 100666.118   70  119 389327.863    0.00000   100%  70.0  865s
 258918 116471 182507.764   69  119 389327.863    0.00000   100%  70.0  870s
 260222 117143 135068.195   60  126 389327.863    0.00000   100%  70.0  875s
 261053 117519 89244.8059   57  141 389327.863    0.00000   100%  70.0  880s
 263278 118565 infeasible   73      389327.863    0.00000   100%  70.1  885s
 265623 119625 255511.946   75  105 389327.863    0.00000   100%  70.2  890s
 266350 120024 infeasible   76      389327.863    0.00000   100%  70.3  895s
 267796 120689 275932.286   71  116 389327.863    0.00000   100%  70.4  900s
 269313 121373 141098.882   75  106 389327.863    0.00000   100%  70.4  905s
 270742 122097    0.00000   58  119 389327.863    0.00000   100%  70.5  910s
 272009 122658 294382.187   85   86 389327.863    0.00000   100%  70.5  915s
 273715 123376 340361.113   80   89 389327.863    0.00000   100%  70.5  920s
 274951 124061 102477.455   69  132 389327.863    0.00000   100%  70.5  925s
 276261 124683     cutoff   84      389327.863    0.00000   100%  70.6  930s
 277565 125333    0.00000   71  115 389327.863    0.00000   100%  70.6  935s
 279192 126078 356723.104   75  101 389327.863    0.00000   100%  70.6  940s
 280690 126653 infeasible   77      389327.863    0.00000   100%  70.7  945s
 282049 127304 305097.196   77  114 389327.863    0.00000   100%  70.7  950s
 283940 128204 112721.152   74  102 389327.863    0.00000   100%  70.7  955s
 285382 128905 87326.0198   64  128 389327.863    0.00000   100%  70.7  960s
 286768 129506 87625.2161   52  134 389327.863    0.00000   100%  70.8  965s
 287977 130112 255282.460   71  110 389327.863    0.00000   100%  70.9  970s
 289343 130723 275514.322   68  111 389327.863    0.00000   100%  71.0  975s
 290522 131251 106517.925   71  105 389327.863    0.00000   100%  71.1  980s
 292060 131851 96189.5810   67   99 389327.863    0.00000   100%  71.2  985s
 293288 132465 291752.925   75   96 389327.863    0.00000   100%  71.2  990s
 294424 133031 88010.5394   64  115 389327.863    0.00000   100%  71.3  995s
 296073 133795 179470.005   69  122 389327.863    0.00000   100%  71.4 1000s
 297309 134271 286970.245   72  106 389327.863    0.00000   100%  71.4 1005s
 298668 135178 infeasible   75      389327.863    0.00000   100%  71.3 1010s
 300085 135887 infeasible   81      389327.863    0.00000   100%  71.4 1015s
 301573 136443 180063.310   67  112 389327.863    0.00000   100%  71.4 1020s
 302447 136716 78167.9870   54  151 389327.863    0.00000   100%  71.5 1025s
 303550 137333 infeasible   72      389327.863    0.00000   100%  71.5 1030s
 305162 138267 88617.4431   73  104 389327.863    0.00000   100%  71.5 1035s
 306779 138888 84677.8327   61  136 389327.863    0.00000   100%  71.6 1040s
 307676 139226 infeasible   82      389327.863    0.00000   100%  71.6 1045s
 309081 139829    0.00000   67  120 389327.863    0.00000   100%  71.7 1050s
 310456 140469 207000.600   70  110 389327.863    0.00000   100%  71.8 1055s
 311918 141315 291395.621   73  103 389327.863    0.00000   100%  71.8 1060s
 312826 141664 85482.0689   68  109 389327.863    0.00000   100%  71.9 1065s
 314288 142415 219390.682   78  104 389327.863    0.00000   100%  71.9 1070s
 315942 143272 321862.800   85   84 389327.863    0.00000   100%  72.0 1075s
 317466 144145 infeasible   72      389327.863    0.00000   100%  72.0 1080s
 318619 144693 284983.322   81   99 389327.863    0.00000   100%  72.0 1086s
 320209 145728 385980.404   81   99 389327.863    0.00000   100%  71.9 1090s
 321732 146420 245404.998   69  119 389327.863    0.00000   100%  72.0 1095s
 323166 147133    0.00000   62  112 389327.863    0.00000   100%  72.0 1100s
 325493 148351 173835.006   62  131 389327.863    0.00000   100%  72.0 1105s
 327968 149677     cutoff   86      389327.863    0.00000   100%  72.1 1110s
 329839 150582 304607.348   72  114 389327.863    0.00000   100%  72.1 1115s
 331570 151413 7081.04366   67  118 389327.863    0.00000   100%  72.1 1120s
 332996 152042 367773.935   72  113 389327.863    0.00000   100%  72.2 1125s
 334119 152652  206.59920   67  107 389327.863    0.00000   100%  72.2 1130s
 335588 153381 79350.4271   65  123 389327.863    0.00000   100%  72.3 1135s
 336764 153920 294985.831   70  124 389327.863    0.00000   100%  72.3 1140s
 338310 154773 infeasible   74      389327.863    0.00000   100%  72.4 1145s
 339747 155445 infeasible   77      389327.863    0.00000   100%  72.4 1150s
 341194 156095 18540.6279   65  125 389327.863    0.00000   100%  72.4 1155s
 342721 156894 104066.648   72  104 389327.863    0.00000   100%  72.5 1160s
 344020 157556 infeasible   82      389327.863    0.00000   100%  72.5 1165s
 345683 158363 88617.4431   79  120 389327.863    0.00000   100%  72.5 1170s
 346885 158836 248021.587   82  103 389327.863    0.00000   100%  72.5 1175s
 348473 159545 29310.4289   67  128 389327.863    0.00000   100%  72.5 1180s
 349792 160115 94244.7238   63  124 389327.863    0.00000   100%  72.6 1185s
 351137 160680 126239.971   73  112 389327.863    0.00000   100%  72.6 1190s
 352245 161302 218722.029   81   87 389327.863    0.00000   100%  72.7 1195s
 354238 162167 314119.161   84   90 389327.863    0.00000   100%  72.7 1200s
 356377 163162 6890.34833   66  143 389327.863    0.00000   100%  72.8 1205s
 358674 164200 303731.770   80   97 389327.863    0.00000   100%  72.9 1210s
 360547 165041 102222.249   75  106 389327.863    0.00000   100%  72.9 1215s
 362456 165952 157962.418   77  113 389327.863    0.00000   100%  72.9 1220s
 364096 166727 383264.172   73  118 389327.863    0.00000   100%  72.9 1226s
 364692 167052 105146.791   60  119 389327.863    0.00000   100%  72.9 1230s
 366269 167813 119372.966   65  103 389327.863    0.00000   100%  73.0 1235s
 367871 168634 296540.475   85   88 389327.863    0.00000   100%  73.0 1240s
 369415 169249 189520.154   71  125 389327.863    0.00000   100%  73.0 1245s
 370759 169957 185771.212   73  103 389327.863    0.00000   100%  73.0 1250s
 372015 170484 151175.176   71  115 389327.863    0.00000   100%  73.0 1255s
 373518 171212    0.00000   62  138 389327.863    0.00000   100%  73.1 1260s
H373825 171155                    388183.32436    0.00000   100%  73.1 1261s
 375002 171768 20034.7647   79  113 388183.324    0.00000   100%  73.0 1265s
 376274 172326 211615.685   71  133 388183.324    0.00000   100%  73.1 1270s
 377865 173181 113905.649   75   91 388183.324    0.00000   100%  73.1 1275s
 379423 173864 infeasible   82      388183.324    0.00000   100%  73.1 1280s
 380448 174320 241516.941   71  103 388183.324    0.00000   100%  73.1 1285s
 382002 174937 277752.648   74  105 388183.324    0.00000   100%  73.1 1290s
 383520 175725 194698.381   65  129 388183.324    0.00000   100%  73.2 1295s
 384852 176420    0.00000   56  129 388183.324    0.00000   100%  73.2 1300s
 386221 177013 303167.998   70   99 388183.324    0.00000   100%  73.2 1305s
 387243 177571 3345.13637   65  128 388183.324    0.00000   100%  73.3 1310s
H387712 177743                    388090.83183    0.00000   100%  73.3 1311s
H387886 177915                    388090.29200    0.00000   100%  73.3 1312s
 388987 178305 117039.584   72  104 388090.292    0.00000   100%  73.3 1315s
 389916 178706 12998.3839   77  121 388090.292    0.00000   100%  73.3 1320s
H390188 178835                    388062.77438    0.00000   100%  73.3 1321s
H391164 179222                    388057.82891    0.00000   100%  73.3 1324s
 391415 179348 186290.327   79   96 388057.829    0.00000   100%  73.3 1325s
 392999 179958 321746.240   80   85 388057.829    0.00000   100%  73.3 1330s
 394469 180691 293043.980   69  112 388057.829    0.00000   100%  73.3 1335s
 395727 181193 169959.579   74   97 388057.829    0.00000   100%  73.4 1340s
 396851 181727 6877.73733   59  109 388057.829    0.00000   100%  73.4 1345s
 398326 182418 43627.8972   69  129 388057.829    0.00000   100%  73.4 1350s
 399893 183133 179484.178   64  124 388057.829    0.00000   100%  73.4 1355s
H400518 183095                    387156.27579    0.00000   100%  73.5 1358s
 400857 183346    0.00000   68  134 387156.276    0.00000   100%  73.5 1360s
 402296 184112 307007.164   78  101 387156.276    0.00000   100%  73.5 1365s
 403928 184964 99397.3235   66  112 387156.276    0.00000   100%  73.5 1370s
 405442 185660 309200.592   79  102 387156.276    0.00000   100%  73.5 1375s
 406582 186136 12919.0268   71  116 387156.276    0.00000   100%  73.5 1380s
 407816 186772 37149.7004   73  114 387156.276    0.00000   100%  73.5 1385s
 409380 187428 178058.484   67  136 387156.276    0.00000   100%  73.5 1390s
H409647 187563                    387154.07582    0.00000   100%  73.6 1390s
H409970 187723                    387126.75512    0.00000   100%  73.6 1392s
 410678 187987 215986.909   74  118 387126.755    0.00000   100%  73.5 1395s
 412005 188642 321094.576   77  109 387126.755    0.00000   100%  73.6 1400s
 413609 189416 290670.480   73  116 387126.755    0.00000   100%  73.6 1405s
 415109 190133 177866.454   67  126 387126.755    0.00000   100%  73.6 1410s
 416281 190600 infeasible   69      387126.755    0.00000   100%  73.6 1415s
 417628 191155    0.00000   61  137 387126.755    0.00000   100%  73.7 1420s
 418829 191755 80698.5007   58  122 387126.755    0.00000   100%  73.7 1425s
 420377 192600 infeasible   85      387126.755    0.00000   100%  73.7 1430s
 421519 193073 100882.139   77  113 387126.755    0.00000   100%  73.8 1435s
 422860 193708 6877.73733   60  109 387126.755    0.00000   100%  73.7 1440s
H422894 193706                    387086.82103    0.00000   100%  73.7 1440s
 424205 194404 96887.4604   60  126 387086.821    0.00000   100%  73.8 1445s
 425518 194954 86239.8495   71  105 387086.821    0.00000   100%  73.8 1450s
 426696 195443 infeasible   79      387086.821    0.00000   100%  73.9 1455s
 428192 196104 294807.708   71  119 387086.821    0.00000   100%  73.9 1460s
 429612 196699    0.00000   64  122 387086.821    0.00000   100%  74.0 1465s
 430786 197198    0.00000   66  127 387086.821    0.00000   100%  74.0 1470s
 432120 197784 359011.183   76  103 387086.821    0.00000   100%  74.1 1475s
 433943 198590 2383.68609   63  125 387086.821    0.00000   100%  74.2 1480s
 435470 199206 205677.748   71  109 387086.821    0.00000   100%  74.2 1485s
 436576 199676 96750.6914   67  118 387086.821    0.00000   100%  74.3 1490s
 437888 200245     cutoff   96      387086.821    0.00000   100%  74.3 1495s
 439636 201032 280103.039   66  125 387086.821    0.00000   100%  74.3 1500s
 440826 201554 165186.750   73  116 387086.821    0.00000   100%  74.3 1505s
H441560 189578                    344334.18833    0.00000   100%  74.3 1507s
 441837 189856 278552.981   76  103 344334.188    0.00000   100%  74.3 1510s
 443504 190551 201297.867   79  108 344334.188    0.00000   100%  74.4 1515s
 445157 191224 infeasible   82      344334.188    0.00000   100%  74.4 1521s
 446520 191856 infeasible   81      344334.188    0.00000   100%  74.4 1526s
 447893 192495 44896.8909   75   99 344334.188    0.00000   100%  74.4 1530s
 450059 193460    0.00000   55  123 344334.188    0.00000   100%  74.5 1535s
H450388 193573                    344333.68045    0.00000   100%  74.5 1536s
H450685 193695                    344300.16372    0.00000   100%  74.5 1536s
 451955 194233 292466.177   78   95 344300.164    0.00000   100%  74.5 1540s
 453445 194889 17695.2350   69  118 344300.164    0.00000   100%  74.5 1545s
 454584 195451 343118.745   78  101 344300.164    0.00000   100%  74.6 1550s
 456054 196076 6881.14491   66  103 344300.164    0.00000   100%  74.6 1555s
 456914 196439 334332.988   75  105 344300.164    0.00000   100%  74.7 1560s
 458482 197244 100996.986   68  121 344300.164    0.00000   100%  74.7 1565s
 459841 197869 5702.75474   70  119 344300.164    0.00000   100%  74.7 1570s
 461566 198693 37584.0365   75   92 344300.164    0.00000   100%  74.7 1575s
 462671 199176 214128.342   71  105 344300.164    0.00000   100%  74.7 1580s
 463584 199585 219707.186   73  117 344300.164    0.00000   100%  74.7 1585s
 465192 200162     cutoff   77      344300.164    0.00000   100%  74.7 1590s
 466676 200830 211167.009   73  120 344300.164    0.00000   100%  74.8 1595s
 467726 201327 178491.564   72  118 344300.164    0.00000   100%  74.8 1600s
 469274 201990 4605.47600   70  125 344300.164    0.00000   100%  74.8 1605s
 470794 202599 87813.8673   72  118 344300.164    0.00000   100%  74.8 1610s
 472228 203243 211242.899   73   96 344300.164    0.00000   100%  74.8 1615s
 472673 203348 infeasible   81      344300.164    0.00000   100%  74.8 1620s
 473471 203709 10987.5497   67  121 344300.164    0.00000   100%  74.9 1625s
 474555 204250 192406.895   76  104 344300.164    0.00000   100%  74.9 1630s
 475902 204963 7886.75840   70  117 344300.164    0.00000   100%  74.9 1635s
 477388 205500 289123.119   76   98 344300.164    0.00000   100%  74.9 1640s
 478343 205865 85970.7744   69  116 344300.164    0.00000   100%  74.9 1645s
 479942 206484 4681.57368   68  123 344300.164    0.00000   100%  74.9 1650s
 481019 207012    0.00000   65  130 344300.164    0.00000   100%  75.0 1655s
 482535 207678 87541.1373   64  114 344300.164    0.00000   100%  75.0 1660s
 483110 207887     cutoff   78      344300.164    0.00000   100%  75.0 1665s
 484553 208442 189836.264   68  122 344300.164    0.00000   100%  75.1 1670s
 486729 209394    0.00000   62  125 344300.164    0.00000   100%  75.1 1675s
 488050 209880 289553.738   76  100 344300.164    0.00000   100%  75.2 1680s
 489881 210573 89252.1825   64  111 344300.164    0.00000   100%  75.2 1686s
 491127 211061 198058.654   73  109 344300.164    0.00000   100%  75.2 1690s
 492661 211737 21274.3648   70   96 344300.164    0.00000   100%  75.3 1695s
 493880 212239    0.00000   65  126 344300.164    0.00000   100%  75.3 1700s
 495953 213148 262899.479   79  104 344300.164    0.00000   100%  75.3 1705s
 497964 213971 5245.05791   65   99 344300.164    0.00000   100%  75.4 1710s
 499849 214775 101635.741   75   92 344300.164    0.00000   100%  75.4 1715s
 502348 215785 87326.0198   63  125 344300.164    0.00000   100%  75.4 1720s
 503576 216266 74107.3152   68  128 344300.164    0.00000   100%  75.5 1725s
 505156 216959 301329.681   78   99 344300.164    0.00000   100%  75.5 1730s
 506279 217393 infeasible   75      344300.164    0.00000   100%  75.5 1735s
 508004 218251 182639.039   62  124 344300.164    0.00000   100%  75.5 1740s
 509084 218665 111520.014   70  123 344300.164    0.00000   100%  75.5 1745s
 510852 219574   95.07568   68  116 344300.164    0.00000   100%  75.5 1750s
 512354 220167 8330.39353   70  128 344300.164    0.00000   100%  75.5 1755s
 513723 220888     cutoff   89      344300.164    0.00000   100%  75.5 1761s
 514859 221386 183000.232   69  112 344300.164    0.00000   100%  75.6 1765s
 516384 222042 infeasible   81      344300.164    0.00000   100%  75.6 1770s
 517445 222496 258338.296   81   87 344300.164    0.00000   100%  75.6 1775s
 518927 223092 infeasible   79      344300.164    0.00000   100%  75.7 1781s
 520052 223546 35308.6731   69  131 344300.164    0.00000   100%  75.7 1785s
 521560 224162     cutoff   79      344300.164    0.00000   100%  75.7 1790s
H522748 223936                    341922.42635    0.00000   100%  75.7 1794s
 523046 224126 88490.6994   62  126 341922.426    0.00000   100%  75.7 1796s
 524271 224579    0.00000   73  123 341922.426    0.00000   100%  75.8 1800s
 525602 225189 123842.684   74  128 341922.426    0.00000   100%  75.8 1806s
H525920 225299                    341922.42600    0.00000   100%  75.8 1807s
 526755 225775 125075.904   72   98 341922.426    0.00000   100%  75.8 1810s
 528463 226540 276664.032   82  104 341922.426    0.00000   100%  75.8 1815s
 529454 226941 infeasible   83      341922.426    0.00000   100%  75.8 1820s
 530801 227524    0.00000   66  144 341922.426    0.00000   100%  75.8 1825s
 531894 227947 283476.830   68  104 341922.426    0.00000   100%  75.9 1830s
H532048 227947                    341922.41456    0.00000   100%  75.9 1830s
H532949 228356                    341922.41134    0.00000   100%  75.9 1833s
 533498 228707 113429.008   72  126 341922.411    0.00000   100%  75.9 1835s
 534873 229220 infeasible   69      341922.411    0.00000   100%  75.9 1840s
 536330 229914 77198.8308   57  134 341922.411    0.00000   100%  75.9 1845s
 537587 230425 182623.736   71  110 341922.411    0.00000   100%  76.0 1850s
 539131 231147 infeasible   79      341922.411    0.00000   100%  76.0 1855s
 540862 231899 298073.102   75  113 341922.411    0.00000   100%  76.0 1860s
 543019 232966 infeasible   67      341922.411    0.00000   100%  76.0 1865s
 544770 233819 147188.981   69   92 341922.411    0.00000   100%  75.9 1870s
H545808 234114                    341874.62500    0.00000   100%  75.9 1874s
H545812 234051                    341707.08187    0.00000   100%  75.9 1874s
H545832 233433                    339865.34256    0.00000   100%  75.9 1874s
H545901 233278                    339011.42278    0.00000   100%  75.9 1875s
 547269 233748     cutoff   82      339011.423    0.00000   100%  76.0 1880s
 548667 234326 11065.7245   64  115 339011.423    0.00000   100%  76.0 1886s
 549857 234798 190387.077   74  115 339011.423    0.00000   100%  76.0 1890s
 551038 235292 infeasible   78      339011.423    0.00000   100%  76.0 1895s
 552202 235744 14028.2777   68  118 339011.423    0.00000   100%  76.1 1900s
 553731 236308 infeasible   80      339011.423    0.00000   100%  76.1 1905s
 555058 236937    0.00000   52  145 339011.423    0.00000   100%  76.1 1911s
 556382 237714 infeasible   76      339011.423    0.00000   100%  76.1 1915s
 557852 238213 4046.61325   63  126 339011.423    0.00000   100%  76.1 1920s
 559089 238672 305588.361   70  111 339011.423    0.00000   100%  76.2 1926s
 560248 239152    0.00000   64  120 339011.423    0.00000   100%  76.2 1930s
 561446 239609    0.00000   56  140 339011.423    0.00000   100%  76.3 1936s
 562781 240254 307078.190   79  105 339011.423    0.00000   100%  76.3 1940s
 564548 241197 210779.085   75  113 339011.423    0.00000   100%  76.3 1946s
 565557 241600 228122.912   81   92 339011.423    0.00000   100%  76.3 1950s
 567047 242270 90487.1616   70  132 339011.423    0.00000   100%  76.3 1955s
 568373 242834 88617.4431   75  133 339011.423    0.00000   100%  76.3 1960s
 569928 243427 177824.105   65  129 339011.423    0.00000   100%  76.3 1965s
 570979 243974 177056.589   74  103 339011.423    0.00000   100%  76.3 1970s
 572484 244649 207201.121   75  104 339011.423    0.00000   100%  76.4 1975s
 573589 245097 232488.603   78  100 339011.423    0.00000   100%  76.4 1980s
 575063 245797 288506.641   95   80 339011.423    0.00000   100%  76.4 1985s
 576427 246335    0.00000   66  113 339011.423    0.00000   100%  76.4 1990s
 577727 246838    0.00000   62  135 339011.423    0.00000   100%  76.4 1995s
 579208 247483 infeasible   85      339011.423    0.00000   100%  76.4 2000s
 580883 248435 74935.2785   65  108 339011.423    0.00000   100%  76.4 2005s
 581462 248731 8565.81607   61  120 339011.423    0.00000   100%  76.4 2010s
 582873 249354 infeasible   72      339011.423    0.00000   100%  76.5 2015s
 584354 249980 infeasible   76      339011.423    0.00000   100%  76.5 2020s
 585888 250682    0.00000   68  124 339011.423    0.00000   100%  76.5 2025s
 586977 251178 257188.003   97   76 339011.423    0.00000   100%  76.5 2030s
 588345 251702 274767.500   74  108 339011.423    0.00000   100%  76.5 2036s
 589354 252126 24288.5191   67  124 339011.423    0.00000   100%  76.6 2040s
 590877 252785 66618.4941   64  111 339011.423    0.00000   100%  76.6 2045s
 591741 253160 177681.255   67  129 339011.423    0.00000   100%  76.6 2050s
 593170 253691 279904.729   76  101 339011.423    0.00000   100%  76.7 2055s
 594435 254422 232841.492   80   96 339011.423    0.00000   100%  76.7 2060s
 595999 255022 214385.656   79  117 339011.423    0.00000   100%  76.7 2065s
 596762 255347 182213.813   61  114 339011.423    0.00000   100%  76.7 2070s
 597884 255839 132481.535   77   95 339011.423    0.00000   100%  76.8 2075s
 599100 256327 97286.0621   68  110 339011.423    0.00000   100%  76.8 2080s
H600108 256689                    338956.48360    0.00000   100%  76.9 2083s
 600273 256827 111809.859   75  102 338956.484    0.00000   100%  76.9 2085s
 601797 257386 188565.733   74  119 338956.484    0.00000   100%  76.9 2091s
 602740 257861    0.00000   61  128 338956.484    0.00000   100%  76.9 2095s
 603950 258372 infeasible   73      338956.484    0.00000   100%  76.9 2100s
 605636 259158 7158.33401   75  114 338956.484    0.00000   100%  77.0 2106s
 606869 259679 88184.3326   68  124 338956.484    0.00000   100%  77.0 2111s
 607935 260173 287394.034   72  100 338956.484    0.00000   100%  77.0 2116s
 609059 260615 86394.3456   55  142 338956.484    0.00000   100%  77.0 2120s
 610323 261216    0.00000   68  124 338956.484    0.00000   100%  77.0 2125s
 611751 261917 275168.002   65  138 338956.484    0.00000   100%  77.1 2130s
 612919 262372 204207.803   69  106 338956.484    0.00000   100%  77.1 2135s
 614067 263016 162596.668   76   92 338956.484    0.00000   100%  77.1 2140s
 615618 263650    0.00000   53  154 338956.484    0.00000   100%  77.1 2145s
 616837 264229 277274.340   77   99 338956.484    0.00000   100%  77.1 2150s
 618256 264777    0.00000   59  122 338956.484    0.00000   100%  77.1 2155s
 619874 265409 infeasible   76      338956.484    0.00000   100%  77.2 2160s
 622019 266216 261584.962   77  108 338956.484    0.00000   100%  77.2 2165s
 623572 266821 51581.3224   66  115 338956.484    0.00000   100%  77.2 2171s
 624846 267283 infeasible   69      338956.484    0.00000   100%  77.3 2175s
 626098 267756     cutoff   72      338956.484    0.00000   100%  77.3 2180s
 627601 268262 infeasible   78      338956.484    0.00000   100%  77.3 2186s
 628515 268682 87891.9032   64  112 338956.484    0.00000   100%  77.3 2191s
 629751 269224 294727.792   78  106 338956.484    0.00000   100%  77.4 2195s
 631165 269768 88317.6020   64  104 338956.484    0.00000   100%  77.4 2200s
 632711 270268 279481.744   72  110 338956.484    0.00000   100%  77.4 2206s
 634226 271083 27658.0127   66  120 338956.484    0.00000   100%  77.4 2210s
 636434 271936    0.00000   67  120 338956.484    0.00000   100%  77.5 2215s
 638184 272768    0.00000   65  122 338956.484    0.00000   100%  77.5 2220s
 639983 273613 infeasible   69      338956.484    0.00000   100%  77.6 2225s
 642451 274540 5892.53716   59  127 338956.484    0.00000   100%  77.6 2230s
 643848 275140 210389.982   72  107 338956.484    0.00000   100%  77.6 2235s
 645477 275700 240991.648   70  122 338956.484    0.00000   100%  77.7 2240s
 646966 276276    0.00000   64  139 338956.484    0.00000   100%  77.7 2245s
 647944 276611 87323.8575   62  122 338956.484    0.00000   100%  77.7 2250s
 649100 277060 119524.865   69   93 338956.484    0.00000   100%  77.8 2255s
 650449 277752 317561.429   66  116 338956.484    0.00000   100%  77.8 2260s
 652045 278330 198538.622   77  108 338956.484    0.00000   100%  77.8 2265s
 653137 278696 198427.758   69  103 338956.484    0.00000   100%  77.8 2270s
 654451 279304 229317.360   83   88 338956.484    0.00000   100%  77.8 2275s
 655786 279816 infeasible   82      338956.484    0.00000   100%  77.8 2280s
 657283 280487 35671.5558   74   92 338956.484   89.15477   100%  77.8 2285s
 658606 281079 236611.858   83  106 338956.484  114.41942   100%  77.8 2290s
 660220 281789 16300.1882   69  126 338956.484  141.29141   100%  77.8 2295s
 661982 282362 165117.254   69  114 338956.484  267.45909   100%  77.8 2300s
 663460 282921 15903.3915   77  106 338956.484  427.43592   100%  77.7 2305s
 664937 283544 infeasible   77      338956.484  552.97121   100%  77.7 2310s
 666597 284148 95007.8424   68  106 338956.484  552.97121   100%  77.7 2315s
 668133 284632 96980.5646   71  107 338956.484  552.97121   100%  77.7 2320s
 669019 284940 191500.259   73  117 338956.484  554.19337   100%  77.6 2325s
 670813 285592 217727.135   77  101 338956.484  696.96133   100%  77.6 2330s
 672683 286377  960.65338   71  115 338956.484  857.63998   100%  77.6 2335s
 674171 286983 296881.134   75  123 338956.484  910.06517   100%  77.6 2340s
 676826 288116 6338.81320   75  111 338956.484 1044.05602   100%  77.5 2345s
 678851 288788 15411.7109   71  111 338956.484 1389.95721   100%  77.5 2350s
 681132 289846 70226.5766   79  101 338956.484 1594.33708   100%  77.5 2355s
 682871 290604     cutoff   77      338956.484 1707.21891  99.5%  77.5 2360s
 683955 291136 40414.3953   71  122 338956.484 1779.53575  99.5%  77.5 2365s
 685598 291919 206117.115   74  107 338956.484 1866.03487  99.4%  77.4 2370s

Gurobi 11.0.3 (linux64, Java) logging started seg 02 dez 2024 19:36:20 -03

Set parameter Username
Academic license - for non-commercial use only - expires 2025-10-10
Set parameter NonConvex to value 2
Set parameter TimeLimit to value 3600
Set parameter LogToConsole to value 0
Set parameter MIPGap to value 2.3060879868461677e-07
Set parameter Threads to value 2
Set parameter NodefileDir to value "/home/ps12398/experiment_hosp/goalProgrammingMarcos/"
Set parameter NodefileStart to value 1
Gurobi Optimizer version 11.0.3 build v11.0.3rc0 (linux64)

CPU model: Intel(R) Xeon(R) CPU           X5650  @ 2.67GHz, instruction set [SSE2]
Thread count: 12 physical cores, 24 logical processors, using up to 2 threads

Optimize a model with 8098 rows, 5573 columns and 26595 nonzeros
Model fingerprint: 0xcbbb873a
Model has 57 quadratic constraints
Variable types: 2762 continuous, 2811 integer (52 binary)
Coefficient statistics:
  Matrix range     [2e-02, 8e+05]
  QMatrix range    [2e-02, 3e+04]
  QLMatrix range   [1e+00, 3e+04]
  Objective range  [1e+00, 9e+06]
  Bounds range     [1e+00, 1e+08]
  RHS range        [1e+00, 1e+06]
  QRHS range       [1e-02, 1e-02]
Presolve removed 7755 rows and 5222 columns
Presolve time: 0.08s
Presolved: 801 rows, 489 columns, 6911 nonzeros
Presolved model has 52 bilinear constraint(s)

Solving non-convex MIQCP

Variable types: 196 continuous, 293 integer (43 binary)
Found heuristic solution: objective 3002879.8435

Root relaxation: objective 0.000000e+00, 185 iterations, 0.01 seconds (0.00 work units)

    Nodes    |    Current Node    |     Objective Bounds      |     Work
 Expl Unexpl |  Obj  Depth IntInf | Incumbent    BestBd   Gap | It/Node Time

     0     0    0.00000    0  103 3002879.84    0.00000   100%     -    0s
H    0     0                    2031887.2725    0.00000   100%     -    0s
     0     0    0.00000    0  205 2031887.27    0.00000   100%     -    0s
     0     0    0.00000    0  185 2031887.27    0.00000   100%     -    0s
H    0     0                    1794184.8266    0.00000   100%     -    0s
     0     0    0.00000    0  154 1794184.83    0.00000   100%     -    0s
     0     0    0.00000    0  168 1794184.83    0.00000   100%     -    0s
     0     0    0.00000    0  171 1794184.83    0.00000   100%     -    0s
     0     0    0.00000    0  192 1794184.83    0.00000   100%     -    0s
     0     0    0.00000    0  117 1794184.83    0.00000   100%     -    0s
H    0     0                    1640968.0616    0.00000   100%     -    0s
     0     0    0.00000    0  150 1640968.06    0.00000   100%     -    0s
     0     0    0.00000    0  135 1640968.06    0.00000   100%     -    0s
     0     0    0.00000    0  134 1640968.06    0.00000   100%     -    0s
H    0     0                    1610901.0859    0.00000   100%     -    0s
     0     0    0.00000    0  151 1610901.09    0.00000   100%     -    0s
     0     0    0.00000    0  122 1610901.09    0.00000   100%     -    0s
H    0     0                    1082743.0620    0.00000   100%     -    0s
     0     0    0.00000    0  132 1082743.06    0.00000   100%     -    0s
     0     0    0.00000    0  114 1082743.06    0.00000   100%     -    1s
     0     0    0.00000    0  114 1082743.06    0.00000   100%     -    1s
     0     2    0.00000    0  114 1082743.06    0.00000   100%     -    1s
H  510   625                    824888.56073    0.00000   100%  23.6    2s
H  631   730                    810485.96031    0.00000   100%  21.0    2s
H  792   846                    810225.47095    0.00000   100%  18.5    2s
H  846   937                    797520.62713    0.00000   100%  18.2    3s
H 1191  1318                    764903.89055    0.00000   100%  16.1    3s
H 1448  1403                    728733.68853    0.00000   100%  15.0    4s
  2012  1752 432726.887  134  140 728733.689    0.00000   100%  14.6    5s
H 2034  1679                    728732.92723    0.00000   100%  16.1    8s
  2042  1685 508434.957  692   82 728732.927    0.00000   100%  16.0   10s
  2080  1714    0.00000   48  121 728732.927    0.00000   100%  22.0   15s
  2144  1858    0.00000   66  128 728732.927    0.00000   100%  22.0   22s
  2247  1968 14781.5149   93  115 728732.927    0.00000   100%  23.2   26s
  2606  2115 625906.614  216   74 728732.927    0.00000   100%  22.5   32s
  2772  2122 44299.6333   86  104 728732.927    0.00000   100%  23.6   35s
H 3003  2385                    721771.14072    0.00000   100%  25.2   37s
H 3019  2298                    708636.70983    0.00000   100%  25.1   37s
H 3096  2183                    655146.06089    0.00000   100%  24.5   37s
H 5450  3985                    652995.12411    0.00000   100%  17.1   40s
  9862  7779 414125.723   97   88 652995.124    0.00000   100%  13.5   45s
H10167  7752                    647318.33745    0.00000   100%  13.3   45s
H10170  7680                    643203.75914    0.00000   100%  13.2   45s
H10289  7678                    642968.30132    0.00000   100%  13.2   45s
H10302  7119                    602412.26901    0.00000   100%  13.2   45s
H10334  7100                    601265.63328    0.00000   100%  13.4   45s
H10519  7147                    600276.61187    0.00000   100%  13.8   46s
H10685  7323                    600129.93719    0.00000   100%  14.5   46s
H11811  8032                    600126.54962    0.00000   100%  17.4   50s
 13657  9108 25691.6427   61  110 600126.550    0.00000   100%  22.3   55s
H14955  9940                    589294.21052    0.00000   100%  23.5   58s
H14961  9940                    589283.70880    0.00000   100%  23.5   58s
 16313 11225 496196.245 1605   60 589283.709    0.00000   100%  22.5   60s
H16785 10691                    581763.01702    0.00000   100%  22.2   61s
H16882 10550                    578570.68239    0.00000   100%  22.0   61s
H16949 10166                    570683.03565    0.00000   100%  22.0   61s
H16952 10133                    570152.16554    0.00000   100%  22.0   61s
H17124  9953                    567622.17546    0.00000   100%  22.0   62s
 18220 10528 infeasible   79      567622.175    0.00000   100%  24.5   65s
H18577  8781                    552334.23421    0.00000   100%  25.3   66s
 19506  9180 431922.211   93   89 552334.234    0.00000   100%  27.2   70s
H20523  9171                    544673.93946    0.00000   100%  29.0   73s
 21222  9528 26966.0129   72   96 544673.939    0.00000   100%  30.2   75s
 22923 10344 534098.963  102   78 544673.939    0.00000   100%  33.0   80s
 24389 11233 infeasible   98      544673.939    0.00000   100%  34.5   85s
H24765 11282                    544621.45980    0.00000   100%  34.8   86s
 25995 11896 43823.7993   80  121 544621.460    0.00000   100%  36.0   90s
H26488 12085                    544621.40490    0.00000   100%  36.6   91s
 27734 12606 infeasible  101      544621.405    0.00000   100%  38.0   95s
H27735 12296                    535977.02403    0.00000   100%  38.0   95s
 29288 13169 infeasible   95      535977.024    0.00000   100%  39.6  100s
 30375 13730 24745.4047   67  107 535977.024    0.00000   100%  40.7  105s
 32261 14829    0.00000   53  127 535977.024    0.00000   100%  41.2  110s
 33796 15773 292561.288   86   84 535977.024    0.00000   100%  42.8  115s
 34772 16283 492091.036   76  101 535977.024    0.00000   100%  43.4  120s
H35240 16308                    506249.90953    0.00000   100%  43.7  121s
H35337 16308                    506080.27196    0.00000   100%  43.6  121s
H36014 14499                    494316.39756    0.00000   100%  42.8  121s
H36017 14499                    494316.39248    0.00000   100%  42.8  121s
H36297 15563                    494249.76984    0.00000   100%  42.7  122s
H36394 15278                    492594.96607    0.00000   100%  42.6  122s
H38053 15337                    487166.78243    0.00000   100%  41.1  123s
 38597 15774 119559.170   86   97 487166.782    0.00000   100%  41.2  125s
H38788 15190                    483822.69436    0.00000   100%  41.3  125s
 39865 15691 96570.5419   80   96 483822.694    0.00000   100%  42.2  130s
 41312 16469 96050.1550   65  113 483822.694    0.00000   100%  43.3  135s
 43228 17405 infeasible  100      483822.694    0.00000   100%  44.4  140s
 45455 18578 205297.743   85  108 483822.694    0.00000   100%  45.8  145s
 47782 19708    0.00000   76  112 483822.694    0.00000   100%  47.1  150s
 49993 20824 infeasible   79      483822.694    0.00000   100%  48.5  155s
 51431 21504     cutoff   91      483822.694    0.00000   100%  49.3  160s
H51440 21502                    483787.19683    0.00000   100%  49.3  160s
H51442 21500                    483757.46413    0.00000   100%  49.3  160s
H51461 20637                    481663.04298    0.00000   100%  49.3  160s
 52719 21464 373084.234   89  102 481663.043    0.00000   100%  50.0  165s
 54148 22208 6877.73733   80   96 481663.043    0.00000   100%  50.6  170s
 55640 23032 7700.40146   59  129 481663.043    0.00000   100%  51.2  175s
 57124 23875 403473.792   88   79 481663.043    0.00000   100%  51.6  180s
 58838 24697 382410.083   89   98 481663.043    0.00000   100%  52.3  185s
 60247 25428 81148.6341   84  106 481663.043    0.00000   100%  52.7  190s
 61513 26146 96629.2828   83   95 481663.043    0.00000   100%  53.1  195s
 63221 26946 31906.3259   85  115 481663.043    0.00000   100%  53.6  200s
 64640 27702 6921.40242   79  107 481663.043    0.00000   100%  54.0  205s
 66073 28448 471059.468  136   83 481663.043    0.00000   100%  54.4  210s
 67487 29178 178675.278   79  122 481663.043    0.00000   100%  54.9  215s
 69197 29930 31429.6743   80  111 481663.043    0.00000   100%  55.5  220s
 70583 30668 22119.6776   76  114 481663.043    0.00000   100%  55.9  225s
 71838 31375 123916.913   83  111 481663.043    0.00000   100%  56.1  230s
 73411 32068 81050.3698   65  100 481663.043    0.00000   100%  56.4  235s
 75911 33222 infeasible   86      481663.043    0.00000   100%  56.9  240s
 77137 34144 271995.531   92   92 481663.043    0.00000   100%  57.1  245s
 78505 34940 5245.05791   78  107 481663.043    0.00000   100%  57.5  250s
 79836 35641 292924.733   84  115 481663.043    0.00000   100%  57.9  255s
 81059 36231 103663.753   62  112 481663.043    0.00000   100%  58.1  260s
 82686 36998 286059.346   86  102 481663.043    0.00000   100%  58.4  265s
 84269 37799 6921.40242   64  124 481663.043    0.00000   100%  58.6  270s
 86156 38560 87893.2789   77  106 481663.043    0.00000   100%  58.9  276s
 87003 39156 28382.6976   79  108 481663.043    0.00000   100%  59.1  280s
 88492 40000 infeasible   87      481663.043    0.00000   100%  59.4  285s
 90303 40895 infeasible   90      481663.043    0.00000   100%  59.8  290s
 91236 41300 infeasible   87      481663.043    0.00000   100%  59.9  295s
 92769 42156 97192.2247   68  102 481663.043    0.00000   100%  60.1  300s
 94564 43058 4372.23260   83  117 481663.043    0.00000   100%  60.4  305s
 96114 43735 97411.8455   80  106 481663.043    0.00000   100%  60.6  310s
 96853 44108 6882.42662   60  114 481663.043    0.00000   100%  60.7  315s
 98476 45121 216921.494   85  113 481663.043    0.00000   100%  60.6  320s
 99368 45550 307550.741   86   86 481663.043    0.00000   100%  60.7  325s
 101303 46640 448764.107  153   83 481663.043    0.00000   100%  60.9  331s
 102543 47294 23235.3264   74  100 481663.043    0.00000   100%  61.0  335s
 104551 48744 433060.647   97   82 481663.043    0.00000   100%  60.6  340s
 106145 49616 266795.547   66  124 481663.043    0.00000   100%  60.8  345s
 106977 50121     cutoff   83      481663.043    0.00000   100%  61.0  350s
 108427 51474 477401.255   89   85 481663.043    0.00000   100%  61.2  355s
H109729 52161                    480280.88141    0.00000   100%  60.7  356s
H109785 51538                    473514.70614    0.00000   100%  60.7  356s
H109788 51445                    472645.07317    0.00000   100%  60.7  356s
H110020 51441                    472601.07932    0.00000   100%  60.6  356s
 110846 52055 80421.7803   59  135 472601.079    0.00000   100%  60.6  360s
H111813 52391                    472018.41467    0.00000   100%  60.6  363s
 112287 52803 299568.262   86   88 472018.415    0.00000   100%  60.7  365s
 114017 53697     cutoff   82      472018.415    0.00000   100%  60.7  370s
 115398 54309 111084.316   70   94 472018.415    0.00000   100%  61.0  375s
 116948 54985    0.00000   73  125 472018.415    0.00000   100%  61.1  381s
 118052 56005 424008.996   83   82 472018.415    0.00000   100%  61.3  385s
 119951 57017 177053.105   70  119 472018.415    0.00000   100%  61.3  390s
 121379 57879 306542.419   75   97 472018.415    0.00000   100%  61.3  395s
 123019 58926 197099.945   80   98 472018.415    0.00000   100%  61.4  401s
 124643 59642 150016.638   86   93 472018.415    0.00000   100%  61.4  405s
H124790 58886                    465757.97073    0.00000   100%  61.3  405s
H125979 59166                    464860.23515    0.00000   100%  61.4  409s
H126194 59246                    464563.87426    0.00000   100%  61.4  410s
H127296 59608                    464075.36917    0.00000   100%  61.6  415s
 128426 60304    0.00000   72  126 464075.369    0.00000   100%  61.8  420s
 130095 61292     cutoff   78      464075.369    0.00000   100%  62.0  425s
 131713 62709 1676.40952   68  122 464075.369    0.00000   100%  61.8  430s
 133368 63363     cutoff   84      464075.369    0.00000   100%  61.5  435s
 135024 64248 96002.9573   67  116 464075.369    0.00000   100%  61.7  440s
 136584 65132 27251.4160   69  121 464075.369    0.00000   100%  61.9  445s
H137250 65490                    464019.59470    0.00000   100%  61.9  447s
 137618 65695 infeasible   99      464019.595    0.00000   100%  61.9  450s
H138559 64868                    455650.43627    0.00000   100%  62.0  453s
 139202 65295 290447.326   71  125 455650.436    0.00000   100%  62.1  455s
H139981 59797                    408888.57440    0.00000   100%  62.2  458s
H140273 59926                    408877.36918    0.00000   100%  62.3  459s
 140568 60044 213560.188   75   84 408877.369    0.00000   100%  62.3  460s
H140688 59960                    408274.02178    0.00000   100%  62.3  460s
H141485 60331                    408105.56672    0.00000   100%  62.5  462s
 142113 60710    0.00000   68  131 408105.567    0.00000   100%  62.6  465s
 142973 61183 168060.840   67  114 408105.567    0.00000   100%  62.7  470s
 144732 62038 6877.73733   75   99 408105.567    0.00000   100%  62.9  475s
 146417 62871 infeasible   98      408105.567    0.00000   100%  63.0  480s
 147636 63512 185121.235   81   99 408105.567    0.00000   100%  63.1  485s
 149411 64221 9929.58397   78  111 408105.567    0.00000   100%  63.2  490s
 150781 64790 2515.95310   64  126 408105.567    0.00000   100%  63.4  495s
 152181 65559 7593.08469   67  121 408105.567    0.00000   100%  63.6  500s
 153364 66198 5941.57542   77  137 408105.567    0.00000   100%  63.7  505s
H154406 66440                    407042.75031    0.00000   100%  63.8  508s
 154731 66731    0.00000   57  119 407042.750    0.00000   100%  63.8  510s
 156221 67486 17346.5082   70  117 407042.750    0.00000   100%  64.0  515s
 158083 68467 11869.7580   63  120 407042.750    0.00000   100%  64.1  521s
 159014 68964 infeasible   80      407042.750    0.00000   100%  64.2  525s
 160399 69745 107230.555   71  116 407042.750    0.00000   100%  64.5  530s
 162064 70736 173332.666   84  104 407042.750    0.00000   100%  64.5  535s
 163433 71418 195505.507   70  122 407042.750    0.00000   100%  64.6  540s
H164649 71630                    404557.67849    0.00000   100%  64.7  544s
 164965 71848 infeasible   76      404557.678    0.00000   100%  64.7  545s
H164966 71848                    404557.64274    0.00000   100%  64.7  545s
 166469 72538 177942.179   67  111 404557.643    0.00000   100%  64.9  550s
 168113 73579    0.00000   58  117 404557.643    0.00000   100%  65.0  555s
 169465 74220 163966.949   76  107 404557.643    0.00000   100%  65.0  560s
 170919 74898 264932.832   78  126 404557.643    0.00000   100%  65.2  565s
 172477 75727 6660.24997   62  121 404557.643    0.00000   100%  65.3  570s
 173623 76301 7579.45844   71  123 404557.643    0.00000   100%  65.4  575s
 175056 77064 222984.468   80   97 404557.643    0.00000   100%  65.5  580s
H175398 77210                    404544.53073    0.00000   100%  65.5  581s
 176788 77875 267731.889   69  115 404544.531    0.00000   100%  65.7  585s
 178205 78574     cutoff   82      404544.531    0.00000   100%  65.8  590s
 179403 79096    0.00000   68  118 404544.531    0.00000   100%  65.9  595s
 180939 79929 20648.6708   73  120 404544.531    0.00000   100%  66.0  600s
 182451 80686 170895.431   63  100 404544.531    0.00000   100%  66.1  605s
 183777 81274 infeasible   73      404544.531    0.00000   100%  66.3  610s
 185047 82074 90116.4907   70  114 404544.531    0.00000   100%  66.4  615s
 186619 82889 145661.843   79  105 404544.531    0.00000   100%  66.5  620s
H188144 83266                    402967.88289    0.00000   100%  66.6  625s
H188222 81580                    395542.97956    0.00000   100%  66.6  626s
H188281 81705                    395320.75941    0.00000   100%  66.6  627s
 189083 82146 95412.3133   67  121 395320.759    0.00000   100%  66.7  630s
H189594 82217                    394631.85473    0.00000   100%  66.7  631s
H190761 82917                    394547.07345    0.00000   100%  66.7  635s
 192304 83625 infeasible   72      394547.073    0.00000   100%  66.8  640s
 193762 84409 249263.000   75   95 394547.073    0.00000   100%  66.9  645s
 194923 84953 196145.950   79   93 394547.073    0.00000   100%  67.0  650s
 196487 86039 343009.446  334   81 394547.073    0.00000   100%  67.0  655s
 198275 86838    0.00000   63  113 394547.073    0.00000   100%  67.1  660s
 199099 87191 384554.850   82  104 394547.073    0.00000   100%  67.2  665s
 200449 87796 infeasible   75      394547.073    0.00000   100%  67.5  670s
 201832 88347 313918.053   83  103 394547.073    0.00000   100%  67.6  675s
 203108 89176 387144.715  123   85 394547.073    0.00000   100%  67.7  680s
H203810 89390                    394381.50157    0.00000   100%  67.7  682s
H203832 89338                    394089.88738    0.00000   100%  67.7  682s
 204432 89732 93828.6442   80  102 394089.887    0.00000   100%  67.7  685s
 206043 90486 6993.49850   73  110 394089.887    0.00000   100%  67.8  690s
 207463 91181 5336.28611   66  130 394089.887    0.00000   100%  68.0  695s
 209111 92011 143432.924   74  100 394089.887    0.00000   100%  68.0  700s
 210076 92393 87374.8675   60  128 394089.887    0.00000   100%  68.1  705s
 211606 93227 7996.30149   76  120 394089.887    0.00000   100%  68.1  710s
 213184 93893 97252.0632   79  113 394089.887    0.00000   100%  68.2  715s
 214400 94409 177746.086   62  130 394089.887    0.00000   100%  68.3  720s
 215852 95036 126535.338   55  148 394089.887    0.00000   100%  68.3  725s
H216981 95179                    391086.50398    0.00000   100%  68.4  728s
 217458 95563 106132.205   71  115 391086.504    0.00000   100%  68.4  731s
 218663 96074 infeasible   79      391086.504    0.00000   100%  68.5  735s
 219879 96753 320580.254   72  106 391086.504    0.00000   100%  68.6  741s
 221203 97440 88005.1185   64  134 391086.504    0.00000   100%  68.6  745s
 222624 98140 infeasible   77      391086.504    0.00000   100%  68.8  750s
 224019 98781 176592.791   63  125 391086.504    0.00000   100%  68.9  755s
 224901 99155 329925.732   71  122 391086.504    0.00000   100%  69.0  760s
 226302 99886 179952.087   61  121 391086.504    0.00000   100%  69.2  765s
 227842 100536 361522.925   72  119 391086.504    0.00000   100%  69.3  770s
 229272 101293 122557.898   72  113 391086.504    0.00000   100%  69.4  775s
H229856 101523                    391007.14443    0.00000   100%  69.4  777s
 230005 101641 infeasible   77      391007.144    0.00000   100%  69.5  780s
 231289 102246 312263.848   76  103 391007.144    0.00000   100%  69.5  785s
 232872 103038 164548.815   56  134 391007.144    0.00000   100%  69.6  790s
 234440 103877 377040.081   76  103 391007.144    0.00000   100%  69.7  795s
 235588 104474     cutoff   77      391007.144    0.00000   100%  69.6  800s
 237127 105236 86983.9598   62  130 391007.144    0.00000   100%  69.7  805s
 239006 106333 276314.239   70  103 391007.144    0.00000   100%  69.6  810s
 240451 107065    0.00000   57  118 391007.144    0.00000   100%  69.7  815s
H240829 107247                    390779.23903    0.00000   100%  69.7  816s
H241191 107864                    390779.23362    0.00000   100%  69.7  817s
 243072 108920 infeasible   76      390779.234    0.00000   100%  69.4  820s
 244886 109956    0.00000   65  140 390779.234    0.00000   100%  69.4  825s
 246813 110761 184125.582   72  113 390779.234    0.00000   100%  69.5  830s
 249142 111870 378251.278   77   98 390779.234    0.00000   100%  69.7  835s
 250779 112648 47385.2748   66  127 390779.234    0.00000   100%  69.8  840s
 252252 113418 327676.886   92   81 390779.234    0.00000   100%  69.8  845s
 253651 114013    0.00000   61  121 390779.234    0.00000   100%  69.9  850s
H253912 113875                    389327.86338    0.00000   100%  69.9  851s
 254954 114457 277230.929   62  125 389327.863    0.00000   100%  69.9  855s
 255867 115028     cutoff   74      389327.863    0.00000   100%  70.0  860s
 257426 115816 6571.06355   63  124 389327.863    0.00000   100%  70.0  865s
 258918 116471 182507.764   69  119 389327.863    0.00000   100%  70.0  870s
 260822 117378 329507.450   66  121 389327.863    0.00000   100%  70.0  878s
 261303 117673 87868.2181   58  128 389327.863    0.00000   100%  70.0  880s
 263067 118422 96838.2548   73  110 389327.863    0.00000   100%  70.1  885s
 264770 119209 96629.8806   66  110 389327.863    0.00000   100%  70.2  890s
 266110 119759 infeasible   74      389327.863    0.00000   100%  70.3  895s
 268049 120813 84102.4025   71  113 389327.863    0.00000   100%  70.4  900s
 270103 121713 178741.386   65  124 389327.863    0.00000   100%  70.4  905s
 271338 122427     cutoff   84      389327.863    0.00000   100%  70.5  910s
 272995 123102 242309.894   72  104 389327.863    0.00000   100%  70.5  915s
 274646 123884 9134.23857   62  121 389327.863    0.00000   100%  70.5  920s
 276261 124683     cutoff   84      389327.863    0.00000   100%  70.6  926s
 277898 125480 124789.933   67  104 389327.863    0.00000   100%  70.6  930s
 280374 126560 37346.3584   72  105 389327.863    0.00000   100%  70.7  935s
 282049 127304 305097.196   77  114 389327.863    0.00000   100%  70.7  940s
 283611 128014 178108.294   65  105 389327.863    0.00000   100%  70.7  945s
 285119 128730 199010.491   62  122 389327.863    0.00000   100%  70.7  950s
 286540 129441 96110.7618   55  132 389327.863    0.00000   100%  70.8  955s
 287382 129884 309552.391   68  104 389327.863    0.00000   100%  70.9  960s
 288806 130467    0.00000   61  114 389327.863    0.00000   100%  71.0  965s
 290224 131110 88652.7296   67  110 389327.863    0.00000   100%  71.1  970s
 292090 131987    0.00000   58  120 389327.863    0.00000   100%  71.2  975s
 293555 132600 infeasible   73      389327.863    0.00000   100%  71.3  980s
 294753 133173 283478.725   74  118 389327.863    0.00000   100%  71.4  985s
 296302 133968 87797.0048   64  116 389327.863    0.00000   100%  71.4  990s
 297317 134681 88392.6087   68  115 389327.863    0.00000   100%  71.4  995s
 299224 135476 4572.88007   68  122 389327.863    0.00000   100%  71.3 1000s
 300987 136215    0.00000   70  121 389327.863    0.00000   100%  71.4 1005s
 302489 136851 97279.7481   55  148 389327.863    0.00000   100%  71.5 1010s
 304162 137665    0.00000   54  140 389327.863    0.00000   100%  71.6 1016s
 305538 138358 170160.016   63  129 389327.863    0.00000   100%  71.5 1020s
 307041 139016 193602.994   81  109 389327.863    0.00000   100%  71.6 1025s
 307934 139343 276629.516   74   86 389327.863    0.00000   100%  71.6 1030s
 309344 139997 22891.5815   63  133 389327.863    0.00000   100%  71.7 1035s
 310679 140639 232530.089   74  108 389327.863    0.00000   100%  71.8 1040s
 312223 141426 302996.224   72  104 389327.863    0.00000   100%  71.9 1045s
 313354 141975    0.00000   56  139 389327.863    0.00000   100%  71.9 1050s
 314603 142575 82520.9265   61  129 389327.863    0.00000   100%  72.0 1055s
 316200 143448 53584.7516   74  121 389327.863    0.00000   100%  72.0 1060s
 317757 144261    0.00000   66  126 389327.863    0.00000   100%  72.0 1066s
 319315 145204 infeasible   90      389327.863    0.00000   100%  72.0 1070s
 321460 146283 88365.9009   62  138 389327.863    0.00000   100%  72.0 1075s
 323459 147297 296908.032   83   92 389327.863    0.00000   100%  72.0 1080s
 326083 148646 80260.2872   72  115 389327.863    0.00000   100%  72.0 1085s
 328256 149719 96629.8806   77   95 389327.863    0.00000   100%  72.1 1090s
 330471 150829     cutoff   73      389327.863    0.00000   100%  72.1 1095s
 332400 151798 123042.387   68  127 389327.863    0.00000   100%  72.2 1100s
 334119 152652  206.59920   67  107 389327.863    0.00000   100%  72.2 1105s
 336466 153808 300620.293   73  105 389327.863    0.00000   100%  72.3 1110s
 338709 154865 321218.634   77   93 389327.863    0.00000   100%  72.4 1115s
 340933 155953 infeasible   82      389327.863    0.00000   100%  72.4 1120s
 343052 157073 92434.0236   63  145 389327.863    0.00000   100%  72.5 1125s
 345322 158202 18804.7536   76  123 389327.863    0.00000   100%  72.5 1130s
 347525 159136 infeasible  104      389327.863    0.00000   100%  72.5 1135s
 349151 159873 91625.0424   70  104 389327.863    0.00000   100%  72.6 1140s
 350639 160514 184981.463   71  110 389327.863    0.00000   100%  72.6 1145s
 351928 161159 167398.126   60  147 389327.863    0.00000   100%  72.7 1150s
 353441 161791 162959.947   77  101 389327.863    0.00000   100%  72.7 1155s
 354543 162317 88750.6809   66  114 389327.863    0.00000   100%  72.7 1160s
 356149 163048 188201.689   65  122 389327.863    0.00000   100%  72.8 1165s
 357546 163699 95754.8532   59  124 389327.863    0.00000   100%  72.8 1170s
 359003 164363 305426.396   84   95 389327.863    0.00000   100%  72.9 1175s
 360012 164775 337858.543   81  102 389327.863    0.00000   100%  72.9 1180s
 361532 165466     cutoff   78      389327.863    0.00000   100%  72.9 1185s
 363071 166256 88414.3360   73   99 389327.863    0.00000   100%  72.9 1190s
 364419 166723     cutoff   84      389327.863    0.00000   100%  72.9 1195s
 365659 167522 4777.42198   68  113 389327.863    0.00000   100%  72.9 1200s
 367236 168373 293199.010   77   95 389327.863    0.00000   100%  73.0 1205s
 368816 169004 89013.5134   75  109 389327.863    0.00000   100%  73.0 1210s
 369582 169367 282926.587   80  101 389327.863    0.00000   100%  73.0 1215s
 371090 170102 1229.76941   68  120 389327.863    0.00000   100%  73.0 1220s
 372658 170734 294792.956   72  102 389327.863    0.00000   100%  73.0 1225s
H373825 171155                    388183.32436    0.00000   100%  73.1 1229s
 374140 171381 251734.066   82  106 388183.324    0.00000   100%  73.1 1230s
 375345 171897 80170.2664   68  113 388183.324    0.00000   100%  73.0 1235s
 376919 172669 192437.129   79   83 388183.324    0.00000   100%  73.1 1240s
 378140 173336 infeasible   81      388183.324    0.00000   100%  73.1 1245s
 379686 173936 infeasible   77      388183.324    0.00000   100%  73.1 1250s
 381063 174530 89036.4809   66  129 388183.324    0.00000   100%  73.1 1255s
 382593 175269 185977.332   60  139 388183.324    0.00000   100%  73.2 1260s
 384140 175998 333922.915   84   95 388183.324    0.00000   100%  73.2 1265s
 385378 176633 4309.16417   67  120 388183.324    0.00000   100%  73.2 1270s
 386708 177254 305941.331   79  104 388183.324    0.00000   100%  73.2 1275s
H387712 177743                    388090.83183    0.00000   100%  73.3 1278s
H387886 177915                    388090.29200    0.00000   100%  73.3 1279s
 388293 178017 14521.6420   80   98 388090.292    0.00000   100%  73.3 1280s
 389916 178706 12998.3839   77  121 388090.292    0.00000   100%  73.3 1286s
H390188 178835                    388062.77438    0.00000   100%  73.3 1288s
 390854 179106 186019.818   64  127 388062.774    0.00000   100%  73.3 1290s
H391164 179222                    388057.82891    0.00000   100%  73.3 1290s
 393263 180125 59387.5432   72  112 388057.829    0.00000   100%  73.3 1295s
 395385 180946 290850.472   67  113 388057.829    0.00000   100%  73.4 1300s
 397394 182014 281270.770   76  109 388057.829    0.00000   100%  73.4 1305s
 399607 182975 infeasible   70      388057.829    0.00000   100%  73.4 1310s
H400518 183095                    387156.27579    0.00000   100%  73.5 1312s
 401449 183607 158593.498   71  117 387156.276    0.00000   100%  73.5 1315s
 403928 184964 99397.3235   66  112 387156.276    0.00000   100%  73.5 1320s
 405735 185776 5329.79458   62  117 387156.276    0.00000   100%  73.5 1325s
 408169 186928     cutoff   80      387156.276    0.00000   100%  73.5 1330s
H409647 187563                    387154.07582    0.00000   100%  73.6 1333s
H409970 187723                    387126.75512    0.00000   100%  73.6 1334s
 410314 187878 infeasible   76      387126.755    0.00000   100%  73.6 1335s
 411761 188476 99732.0301   63  125 387126.755    0.00000   100%  73.6 1340s
 413326 189269 infeasible   79      387126.755    0.00000   100%  73.6 1345s
 414832 190021 19698.6966   65  142 387126.755    0.00000   100%  73.6 1350s
 416012 190479 97816.4604   68  113 387126.755    0.00000   100%  73.6 1355s
 417368 191035 316791.097   73   98 387126.755    0.00000   100%  73.7 1360s
 418829 191755 80698.5007   58  122 387126.755    0.00000   100%  73.7 1365s
 420377 192600 infeasible   85      387126.755    0.00000   100%  73.7 1370s
 421519 193073 100882.139   77  113 387126.755    0.00000   100%  73.8 1375s
 422860 193708 6877.73733   60  109 387126.755    0.00000   100%  73.7 1380s
H422894 193706                    387086.82103    0.00000   100%  73.7 1380s
 424205 194404 96887.4604   60  126 387086.821    0.00000   100%  73.8 1385s
 425518 194954 86239.8495   71  105 387086.821    0.00000   100%  73.8 1390s
 426696 195443 infeasible   79      387086.821    0.00000   100%  73.9 1395s
 428192 196104 294807.708   71  119 387086.821    0.00000   100%  73.9 1400s
 429875 196833 infeasible   75      387086.821    0.00000   100%  74.0 1405s
 431647 197567    0.00000   63  112 387086.821    0.00000   100%  74.1 1410s
 433633 198446 139506.130   77  104 387086.821    0.00000   100%  74.2 1415s
 435763 199272 1882.54303   67   99 387086.821    0.00000   100%  74.3 1420s
 436865 199822 107732.903   83  101 387086.821    0.00000   100%  74.3 1425s
 438591 200596 88441.8144   62  104 387086.821    0.00000   100%  74.3 1431s
 439940 201176 199281.540   75  100 387086.821    0.00000   100%  74.3 1435s
 441442 201734 infeasible   75      387086.821    0.00000   100%  74.3 1441s
H441560 189578                    344334.18833    0.00000   100%  74.3 1441s
 442541 190104 289739.759   82   89 344334.188    0.00000   100%  74.4 1445s
 444161 190785 227781.026   71  109 344334.188    0.00000   100%  74.4 1451s
 445442 191447 6890.34833   62  116 344334.188    0.00000   100%  74.4 1455s
 446520 191856 infeasible   81      344334.188    0.00000   100%  74.4 1460s
 447893 192495 44896.8909   75   99 344334.188    0.00000   100%  74.4 1465s
 449461 193146 118857.178   74  101 344334.188    0.00000   100%  74.4 1470s
H450388 193573                    344333.68045    0.00000   100%  74.5 1473s
H450685 193695                    344300.16372    0.00000   100%  74.5 1474s
 450994 193886    0.00000   69  117 344300.164    0.00000   100%  74.5 1475s
 452276 194361 227480.319   83   96 344300.164    0.00000   100%  74.5 1480s
 453445 194889 17695.2350   69  118 344300.164    0.00000   100%  74.5 1485s
 454892 195547 192923.493   69  106 344300.164    0.00000   100%  74.6 1490s
 456309 196221 78281.3939   62  135 344300.164    0.00000   100%  74.6 1495s
 457139 196567 181116.646   75  130 344300.164    0.00000   100%  74.7 1500s
 458806 197401 139503.862   75  103 344300.164    0.00000   100%  74.7 1505s
 460518 198128 28858.5295   75  114 344300.164    0.00000   100%  74.7 1510s
 462142 198829 286420.514   78  104 344300.164    0.00000   100%  74.7 1516s
 463244 199424 infeasible   75      344300.164    0.00000   100%  74.7 1520s
 464566 199961 5454.02727   64  123 344300.164    0.00000   100%  74.7 1525s
 466057 200584 202159.590   78  103 344300.164    0.00000   100%  74.7 1530s
 467335 201033 infeasible   77      344300.164    0.00000   100%  74.7 1535s
 468658 201751 303691.623   81   93 344300.164    0.00000   100%  74.8 1540s
 470209 202389 106249.008   72  112 344300.164    0.00000   100%  74.8 1545s
 471684 202948 106793.202   68  124 344300.164    0.00000   100%  74.8 1550s
 472514 203250 6877.73733   72  100 344300.164    0.00000   100%  74.8 1555s
 473130 203551 infeasible   80      344300.164    0.00000   100%  74.8 1560s
 474030 203957 176926.733   70  112 344300.164    0.00000   100%  74.9 1565s
 475223 204539 87500.6488   70  115 344300.164    0.00000   100%  74.9 1570s
 476736 205260 186861.164   68  114 344300.164    0.00000   100%  74.9 1575s
 478343 205865 85970.7744   69  116 344300.164    0.00000   100%  74.9 1580s
 479942 206484 4681.57368   68  123 344300.164    0.00000   100%  74.9 1585s
 481916 207404 5245.05791   68  107 344300.164    0.00000   100%  75.0 1590s
 483110 207887     cutoff   78      344300.164    0.00000   100%  75.0 1595s
 484553 208442 189836.264   68  122 344300.164    0.00000   100%  75.1 1600s
 485779 208997 169198.564   59  132 344300.164    0.00000   100%  75.1 1605s
 487384 209591 96480.6674   66  122 344300.164    0.00000   100%  75.2 1610s
 488327 209988    0.00000   59  134 344300.164    0.00000   100%  75.2 1615s
 489576 210430 infeasible   70      344300.164    0.00000   100%  75.2 1620s
 491127 211061 198058.654   73  109 344300.164    0.00000   100%  75.2 1625s
 492661 211737 21274.3648   70   96 344300.164    0.00000   100%  75.3 1630s
 494137 212372 176966.146   67   95 344300.164    0.00000   100%  75.3 1635s
 496285 213247    0.00000   67  125 344300.164    0.00000   100%  75.3 1640s
 497703 213839 96512.0223   64  124 344300.164    0.00000   100%  75.4 1645s
 498852 214358 261561.059   80   88 344300.164    0.00000   100%  75.4 1650s
 500459 215122 188254.767   70  122 344300.164    0.00000   100%  75.4 1656s
 501814 215620 143307.977   73  104 344300.164    0.00000   100%  75.4 1660s
 503174 216130 69693.4099   74   98 344300.164    0.00000   100%  75.5 1665s
 504196 216607 289127.323   79  102 344300.164    0.00000   100%  75.5 1670s
 505705 217176 infeasible   74      344300.164    0.00000   100%  75.5 1676s
 506885 217784 93408.0255   68  124 344300.164    0.00000   100%  75.6 1680s
 508646 218441 195496.324   75   98 344300.164    0.00000   100%  75.5 1686s
 509728 219151 275256.276   79   99 344300.164    0.00000   100%  75.5 1690s
 511484 219835     cutoff   80      344300.164    0.00000   100%  75.5 1695s
 512844 220487 113989.013   73  107 344300.164    0.00000   100%  75.5 1700s
 513723 220888     cutoff   89      344300.164    0.00000   100%  75.5 1705s
 515148 221503 50789.5304   75  108 344300.164    0.00000   100%  75.6 1710s
 516636 222147 88331.9904   71  112 344300.164    0.00000   100%  75.6 1715s
 518034 222734 197519.830   69  108 344300.164    0.00000   100%  75.7 1720s
 519151 223219     cutoff   75      344300.164    0.00000   100%  75.7 1725s
 520347 223626 infeasible   80      344300.164    0.00000   100%  75.7 1730s
 521793 224325    0.00000   61  136 344300.164    0.00000   100%  75.7 1735s
H522748 223936                    341922.42635    0.00000   100%  75.7 1738s
 523394 224282     cutoff   81      341922.426    0.00000   100%  75.7 1740s
 524429 224709 infeasible   82      341922.426    0.00000   100%  75.8 1745s
H525920 225299                    341922.42600    0.00000   100%  75.8 1750s
 527113 225883 infeasible   73      341922.426    0.00000   100%  75.8 1755s
 528723 226661 220380.017   81  104 341922.426    0.00000   100%  75.8 1760s
 529745 227076 101046.397   76  101 341922.426    0.00000   100%  75.8 1765s
 531323 227657    0.00000   64  123 341922.426    0.00000   100%  75.9 1770s
H532048 227947                    341922.41456    0.00000   100%  75.9 1771s
H532949 228356                    341922.41134    0.00000   100%  75.9 1773s
 533498 228707 113429.008   72  126 341922.411    0.00000   100%  75.9 1775s
 535433 229455 113332.160   70  110 341922.411    0.00000   100%  75.9 1780s
 537587 230425 182623.736   71  110 341922.411    0.00000   100%  76.0 1785s
 539461 231335 311487.662   71  125 341922.411    0.00000   100%  76.0 1790s
 541399 232139     cutoff   72      341922.411    0.00000   100%  76.0 1795s
 543898 233460 35182.6858   66   94 341922.411    0.00000   100%  75.9 1800s
 545766 234131    0.00000   65  120 341922.411    0.00000   100%  75.9 1805s
H545808 234114                    341874.62500    0.00000   100%  75.9 1805s
H545812 234051                    341707.08187    0.00000   100%  75.9 1805s
H545832 233433                    339865.34256    0.00000   100%  75.9 1805s
H545901 233278                    339011.42278    0.00000   100%  75.9 1806s
 547503 233848 323891.613   79  106 339011.423    0.00000   100%  76.0 1810s
 549857 234798 190387.077   74  115 339011.423    0.00000   100%  76.0 1815s
 550765 235193 infeasible   76      339011.423    0.00000   100%  76.0 1820s
 552202 235744 14028.2777   68  118 339011.423    0.00000   100%  76.1 1825s
 553731 236308 infeasible   80      339011.423    0.00000   100%  76.1 1830s
 555058 236937    0.00000   52  145 339011.423    0.00000   100%  76.1 1836s
 556382 237714 infeasible   76      339011.423    0.00000   100%  76.1 1840s
 557852 238213 4046.61325   63  126 339011.423    0.00000   100%  76.1 1846s
 558864 238593 89515.1803   62  129 339011.423    0.00000   100%  76.2 1850s
 560248 239152    0.00000   64  120 339011.423    0.00000   100%  76.2 1855s
 561181 239491 271922.405   72  121 339011.423    0.00000   100%  76.2 1860s
 562365 240117    0.00000   59  111 339011.423    0.00000   100%  76.3 1865s
 564165 241011 120651.617   73  101 339011.423    0.00000   100%  76.3 1870s
 565557 241600 228122.912   81   92 339011.423    0.00000   100%  76.3 1876s
 566702 242143 8251.24174   69  115 339011.423    0.00000   100%  76.3 1880s
 568017 242680    0.00000   66  120 339011.423    0.00000   100%  76.3 1885s
 569559 243327 4820.78029   71  112 339011.423    0.00000   100%  76.3 1890s
 570979 243974 177056.589   74  103 339011.423    0.00000   100%  76.3 1895s
 572484 244649 207201.121   75  104 339011.423    0.00000   100%  76.4 1900s
 573589 245097 232488.603   78  100 339011.423    0.00000   100%  76.4 1905s
 575063 245797 288506.641   95   80 339011.423    0.00000   100%  76.4 1910s
 576109 246230 278402.839   72  103 339011.423    0.00000   100%  76.4 1915s
 577727 246838    0.00000   62  135 339011.423    0.00000   100%  76.4 1920s
 579208 247483 infeasible   85      339011.423    0.00000   100%  76.4 1926s
 580496 248302 17627.4608   64  111 339011.423    0.00000   100%  76.4 1930s
 581462 248731 8565.81607   61  120 339011.423    0.00000   100%  76.4 1935s
 582873 249354 infeasible   72      339011.423    0.00000   100%  76.5 1940s
 584002 249905 infeasible   74      339011.423    0.00000   100%  76.5 1945s
 585600 250528     cutoff   72      339011.423    0.00000   100%  76.5 1950s
 586602 251010 200171.729   73  106 339011.423    0.00000   100%  76.5 1955s
 588058 251592 220598.504   75  105 339011.423    0.00000   100%  76.5 1960s
 589354 252126 24288.5191   67  124 339011.423    0.00000   100%  76.6 1965s
 590582 252684    0.00000   57  119 339011.423    0.00000   100%  76.6 1970s
 591741 253160 177681.255   67  129 339011.423    0.00000   100%  76.6 1975s
 592863 253597 infeasible   78      339011.423    0.00000   100%  76.7 1980s
 594435 254422 232841.492   80   96 339011.423    0.00000   100%  76.7 1985s
 595689 254893 14256.0875   82  100 339011.423    0.00000   100%  76.7 1990s
 596762 255347 182213.813   61  114 339011.423    0.00000   100%  76.7 1996s
 597884 255839 132481.535   77   95 339011.423    0.00000   100%  76.8 2000s
 599100 256327 97286.0621   68  110 339011.423    0.00000   100%  76.8 2005s
H600108 256689                    338956.48360    0.00000   100%  76.9 2009s
 600273 256827 111809.859   75  102 338956.484    0.00000   100%  76.9 2010s
 601797 257386 188565.733   74  119 338956.484    0.00000   100%  76.9 2016s
 602459 257699 infeasible   77      338956.484    0.00000   100%  76.9 2020s
 603950 258372 infeasible   73      338956.484    0.00000   100%  76.9 2025s
 605255 259030 6890.34833   58  138 338956.484    0.00000   100%  77.0 2030s
 606869 259679 88184.3326   68  124 338956.484    0.00000   100%  77.0 2036s
 608304 260279 infeasible   76      338956.484    0.00000   100%  77.0 2040s
 610323 261216    0.00000   68  124 338956.484    0.00000   100%  77.0 2045s
 612059 262020    0.00000   61  123 338956.484    0.00000   100%  77.1 2050s
 613730 262853 92332.5498   72   99 338956.484    0.00000   100%  77.1 2055s
 615324 263546 54057.8002   67  120 338956.484    0.00000   100%  77.1 2060s
 616540 264065 109913.060   74  110 338956.484    0.00000   100%  77.1 2065s
 617618 264579 infeasible   69      338956.484    0.00000   100%  77.1 2070s
 618783 264982 222117.275   74  106 338956.484    0.00000   100%  77.1 2075s
 620232 265553 291678.535   75  103 338956.484    0.00000   100%  77.2 2080s
 621450 265971 87047.9931   62  127 338956.484    0.00000   100%  77.2 2085s
 622439 266375 333661.284   75  100 338956.484    0.00000   100%  77.2 2090s
 623572 266821 51581.3224   66  115 338956.484    0.00000   100%  77.2 2095s
 624846 267283 infeasible   69      338956.484    0.00000   100%  77.3 2100s
 626395 267892 infeasible   83      338956.484    0.00000   100%  77.3 2105s
 627601 268262 infeasible   78      338956.484    0.00000   100%  77.3 2111s
 628515 268682 87891.9032   64  112 338956.484    0.00000   100%  77.3 2115s
 629751 269224 294727.792   78  106 338956.484    0.00000   100%  77.4 2120s
 631757 270033  874.14814   63  127 338956.484    0.00000   100%  77.4 2125s
 632977 270516 6901.67509   62  132 338956.484    0.00000   100%  77.4 2130s
 634530 271204 252098.410   68  115 338956.484    0.00000   100%  77.4 2135s
 635790 271715 287821.376   78  104 338956.484    0.00000   100%  77.5 2140s
 637227 272333 11954.5962   70  120 338956.484    0.00000   100%  77.5 2145s
 638184 272768    0.00000   65  122 338956.484    0.00000   100%  77.5 2150s
 639983 273613 infeasible   69      338956.484    0.00000   100%  77.6 2155s
 641330 274168 infeasible   80      338956.484    0.00000   100%  77.6 2160s
 642733 274675 50556.6935   63  139 338956.484    0.00000   100%  77.6 2165s
 643577 275033 96572.3946   68  135 338956.484    0.00000   100%  77.6 2170s
 644802 275443 179563.727   67  113 338956.484    0.00000   100%  77.6 2175s
 646003 275886 300724.087   67  104 338956.484    0.00000   100%  77.7 2180s
 647448 276442 91564.0657   66  106 338956.484    0.00000   100%  77.7 2185s
 648425 276769 99147.2168   63  105 338956.484    0.00000   100%  77.7 2190s
 649632 277331 30883.6924   65  114 338956.484    0.00000   100%  77.8 2195s
 651037 278008  114.41942   65  117 338956.484    0.00000   100%  77.8 2200s
 652547 278491 253439.481   72  108 338956.484    0.00000   100%  77.8 2205s
 653385 278815 88490.6994   65  113 338956.484    0.00000   100%  77.8 2210s
 654918 279426  114.41942   68  102 338956.484    0.00000   100%  77.8 2215s
 656240 280002 163381.639   72  114 338956.484    0.00000   100%  77.8 2220s
 657869 280767 289916.612   77  103 338956.484  114.41942   100%  77.8 2225s
 659161 281333 23841.9588   73  103 338956.484  114.41942   100%  77.8 2230s
 660799 281950 156622.121   65  120 338956.484  201.23803   100%  77.8 2235s
 662495 282592  309.37404   69  107 338956.484  309.37404   100%  77.7 2240s
 663460 282921 15903.3915   77  106 338956.484  427.43592   100%  77.7 2245s
 664937 283544 infeasible   77      338956.484  552.97121   100%  77.7 2250s
 666597 284148 95007.8424   68  106 338956.484  552.97121   100%  77.7 2255s
 668133 284632 96980.5646   71  107 338956.484  552.97121   100%  77.7 2260s
 669253 285043 225266.436   78   93 338956.484  554.19337   100%  77.6 2265s
 670813 285592 217727.135   77  101 338956.484  696.96133   100%  77.6 2270s
 672353 286287  857.63998   66  112 338956.484  857.63998   100%  77.6 2275s
 673752 286707 250344.230   75  105 338956.484  895.49692   100%  77.6 2280s
 675245 287404 172435.130   74  109 338956.484  941.91115   100%  77.6 2285s
 676826 288116 6338.81320   75  111 338956.484 1044.05602   100%  77.5 2290s
 678438 288719     cutoff   79      338956.484 1355.25426   100%  77.5 2295s
 679510 289135 infeasible   81      338956.484 1462.15155   100%  77.5 2300s
 681132 289846 70226.5766   79  101 338956.484 1594.33708   100%  77.5 2305s
 682643 290530 15253.0140   64  115 338956.484 1695.45804  99.5%  77.5 2310s
 683955 291136 40414.3953   71  122 338956.484 1779.53575  99.5%  77.5 2315s
 685598 291919 206117.115   74  107 338956.484 1866.03487  99.4%  77.4 2320s
 687578 292672 infeasible   80      338956.484 1866.03487  99.4%  77.4 2325s
 689112 293162 300141.929   80   97 338956.484 1866.03487  99.4%  77.4 2330s
 690632 293923 infeasible   84      338956.484 1866.03487  99.4%  77.4 2335s
 692446 294627 188902.810   76  106 338956.484 1866.03487  99.4%  77.3 2340s
 693932 295214 113678.488   67  106 338956.484 1866.03487  99.4%  77.3 2345s
 695471 295794 1866.03487   65  114 338956.484 1866.03487  99.4%  77.3 2350s
 697006 296404 203622.094   74  108 338956.484 1866.03487  99.4%  77.3 2355s
 698773 297113 infeasible   79      338956.484 1866.03487  99.4%  77.3 2360s
 699896 297494 5415.39470   75  111 338956.484 1866.03487  99.4%  77.2 2365s
 701618 298340 infeasible   82      338956.484 1866.03487  99.4%  77.2 2370s
 703398 299075 infeasible   79      338956.484 1870.10537  99.4%  77.2 2375s
 704494 299580 208856.769   77   89 338956.484 1882.54303  99.4%  77.2 2380s
H705859 299614                    337879.19171 1882.54303  99.4%  77.1 2383s
 706184 299744 287276.296   75   96 337879.192 1882.54303  99.4%  77.1 2385s
H706937 299993                    337879.18823 1882.54303  99.4%  77.1 2387s
H707627 300194                    337879.18775 1884.05743  99.4%  77.1 2389s
 707769 300260 infeasible   97      337879.188 1884.05743  99.4%  77.1 2390s
H708576 300483                    337879.18616 1884.05743  99.4%  77.1 2391s
H709646 300803                    337879.11856 1933.23538  99.4%  77.1 2394s
 709647 300901 117068.439   73   90 337879.119 1933.23538  99.4%  77.1 2395s
 711685 301762 193512.092   75  115 337879.119 1933.23538  99.4%  77.1 2400s
 713355 302418 12252.0692   64  149 337879.119 1933.23538  99.4%  77.0 2405s
 714729 302808 82516.2279   67  129 337879.119 2025.89239  99.4%  77.0 2410s
 716075 303378 5258.12160   71  103 337879.119 2118.95624  99.4%  77.0 2415s
 717676 303985 2513.54556   62  120 337879.119 2295.82390  99.3%  77.0 2420s
 719342 304635 193496.554  100   96 337879.119 2460.40095  99.3%  77.0 2425s
 720519 305053 infeasible   73      337879.119 2513.54556  99.3%  77.0 2430s
 722216 305786 infeasible   74      337879.119 2602.73198  99.2%  77.0 2435s
H722275 305772                    337831.35421 2602.73198  99.2%  77.0 2435s
H722302 305717                    337664.89069 2602.73198  99.2%  77.0 2435s
 723712 306375     cutoff   80      337664.891 2602.94094  99.2%  77.0 2440s
 724877 306816 2643.97085   63  110 337664.891 2643.97085  99.2%  77.0 2445s
 726505 307471 98723.3690   77   99 337664.891 2738.20272  99.2%  77.0 2450s
 728305 308376 193762.674   71  100 337664.891 2787.93065  99.2%  76.9 2455s
 729964 309049 infeasible   80      337664.891 2824.54460  99.2%  76.9 2461s
 731192 309539 216817.081   77  117 337664.891 2852.94541  99.2%  76.9 2465s
 732646 310175 220087.776   80   97 337664.891 2975.69656  99.1%  76.9 2470s
 734304 310857 24006.7294   75  119 337664.891 3191.72986  99.1%  76.9 2475s
 735509 311360 13051.2438   72  129 337664.891 3302.37977  99.0%  76.9 2480s
 737022 311915 191489.883   69  118 337664.891 3469.06829  99.0%  76.9 2485s
 738781 312605 105798.341   72  120 337664.891 3550.03132  98.9%  76.9 2490s
 740191 313285 infeasible   78      337664.891 3601.83104  98.9%  76.8 2495s
 741523 313801 infeasible   77      337664.891 3673.57414  98.9%  76.8 2500s
 743048 314464 infeasible   71      337664.891 3694.66114  98.9%  76.8 2505s
 744864 315186 102732.120   66  121 337664.891 3758.79414  98.9%  76.8 2510s
 745712 315473 184822.066   76  107 337664.891 3797.86692  98.9%  76.8 2515s
 747384 316056 296302.145   79  103 337664.891 3878.85883  98.9%  76.8 2520s
 748856 316626 3932.70439   73  106 337664.891 3932.70439  98.8%  76.8 2525s
 750274 317100 109171.103   65  127 337664.891 3986.58919  98.8%  76.8 2531s
 751727 317783 infeasible   88      337664.891 4046.61325  98.8%  76.7 2535s
 753135 318338 291864.029   77   98 337664.891 4046.61325  98.8%  76.7 2540s
 754867 319040 6877.73733   76  103 337664.891 4046.61325  98.8%  76.7 2545s
 755663 319450 27691.3120   76   95 337664.891 4046.61325  98.8%  76.7 2550s
 757524 320175 infeasible   76      337664.891 4046.61325  98.8%  76.7 2555s
 759037 320801 infeasible   79      337664.891 4046.61325  98.8%  76.7 2560s
 760509 321496     cutoff   81      337664.891 4046.61325  98.8%  76.7 2566s
 762138 322032 infeasible   80      337664.891 4046.61325  98.8%  76.7 2570s
 763647 322656 247593.262   86   89 337664.891 4046.61325  98.8%  76.7 2575s
 765286 323276 185837.243   69  146 337664.891 4046.61325  98.8%  76.7 2580s
 766369 323757 30716.2283   71  108 337664.891 4046.61325  98.8%  76.7 2585s
 767966 324384 infeasible   78      337664.891 4056.34313  98.8%  76.7 2590s
 769503 325493 184483.491   75   94 337664.891 4104.98946  98.8%  76.6 2595s
 770965 326261 328024.150   89   92 337664.891 4112.36655  98.8%  76.5 2600s
 772975 326998 110063.948   78  106 337664.891 4232.98974  98.7%  76.5 2605s
 775498 328091 118051.582   74   95 337664.891 4241.38084  98.7%  76.4 2610s
 776897 328586 4256.27290   59  124 337664.891 4256.27290  98.7%  76.4 2615s
 778823 329498 92506.5470   71  105 337664.891 4256.27290  98.7%  76.4 2620s
 780351 330120 181480.344   77  105 337664.891 4256.27290  98.7%  76.4 2625s
 781552 330707 28729.7802   64  110 337664.891 4256.27290  98.7%  76.4 2630s
 783096 331350 324766.156   72   91 337664.891 4256.27290  98.7%  76.3 2635s
 784983 332161     cutoff   74      337664.891 4256.27290  98.7%  76.3 2640s
 786305 332625 infeasible   70      337664.891 4256.27290  98.7%  76.3 2645s
 787879 333381 4657.49695   77  119 337664.891 4256.27290  98.7%  76.3 2650s
 789485 333957 209765.635   70   93 337664.891 4322.71574  98.7%  76.2 2655s
 791269 334680     cutoff   87      337664.891 4358.68197  98.7%  76.2 2660s
 792289 335047 7296.66872   71  101 337664.891 4397.13760  98.7%  76.2 2665s
 793882 335623 10982.5742   74  106 337664.891 4484.38726  98.7%  76.2 2670s
 795553 336214 infeasible   73      337664.891 4581.95737  98.6%  76.1 2675s
 796742 336692     cutoff   83      337664.891 4627.40755  98.6%  76.1 2680s
 798269 337304 188808.632   73  118 337664.891 4689.22421  98.6%  76.1 2685s
 799900 337918 4711.74865   88   94 337664.891 4711.74865  98.6%  76.1 2690s
 801712 338506 292741.828   73  104 337664.891 4725.03894  98.6%  76.1 2696s
 802594 338870 infeasible   77      337664.891 4777.42198  98.6%  76.1 2700s
 804467 339576     cutoff   81      337664.891 4875.56367  98.6%  76.0 2705s
 805995 340178 233498.007   80   90 337664.891 4910.27425  98.5%  76.0 2710s
 807132 340622 221741.732   73   93 337664.891 4938.80238  98.5%  76.0 2715s
 808728 341144 31902.4721   71  133 337664.891 5027.54592  98.5%  76.0 2720s
 810368 341728 110256.108   72  108 337664.891 5158.02726  98.5%  76.0 2725s
 811987 342254 290985.712   71   91 337664.891 5245.05791  98.4%  75.9 2730s
 813266 342964 269319.463   83   81 337664.891 5245.05791  98.4%  75.9 2735s
 815050 343658 infeasible   75      337664.891 5245.05791  98.4%  75.9 2740s
 816432 344250 173340.860   72  119 337664.891 5245.05791  98.4%  75.9 2745s
 817638 344802 294225.682   84   90 337664.891 5245.05791  98.4%  75.9 2750s
 819143 345485     cutoff   78      337664.891 5245.05791  98.4%  75.9 2755s
 820669 346583 193218.144   69   95 337664.891 5245.05791  98.4%  75.9 2760s
 822278 347082 205040.969   72  112 337664.891 5245.05791  98.4%  75.8 2765s
 823925 347813 7081.04366   57  114 337664.891 5245.05791  98.4%  75.8 2770s
 825635 348534 8516.85455   64  123 337664.891 5245.05791  98.4%  75.8 2775s
 827071 349240 301868.841   75  103 337664.891 5245.05791  98.4%  75.8 2781s
 828610 349878 infeasible   73      337664.891 5245.05791  98.4%  75.8 2785s
 830343 350655 infeasible   74      337664.891 5245.05791  98.4%  75.8 2790s
 832382 351990 141897.886   66  113 337664.891 5245.05791  98.4%  75.7 2796s
 833837 352615 141336.769   70  113 337664.891 5245.05791  98.4%  75.7 2800s
 835539 353325 infeasible   75      337664.891 5245.05791  98.4%  75.6 2805s
 837322 354150 96899.2421   69  126 337664.891 5245.05791  98.4%  75.6 2810s
 838508 354638 285462.713   72  113 337664.891 5245.05791  98.4%  75.6 2815s
 840273 355397 254709.851   81   89 337664.891 5245.05791  98.4%  75.6 2820s
 841921 356191     cutoff   89      337664.891 5245.05791  98.4%  75.6 2825s
 843008 356658 133634.199   69  119 337664.891 5245.05791  98.4%  75.6 2830s
 844986 357501 10997.4998   77  112 337664.891 5245.05791  98.4%  75.5 2835s
 846467 358081 infeasible   71      337664.891 5245.05791  98.4%  75.5 2840s
 847878 358498 258910.495   78   86 337664.891 5245.05791  98.4%  75.5 2845s
 849370 359215 5245.05791   66  116 337664.891 5245.05791  98.4%  75.5 2850s
 850883 359902 5245.05791   65  135 337664.891 5245.05791  98.4%  75.5 2855s
 852750 360590 40441.7449   72  100 337664.891 5245.05791  98.4%  75.5 2860s
 854008 361178 5327.26627   64  112 337664.891 5245.05791  98.4%  75.5 2865s
 855939 362001 282263.038   79   91 337664.891 5245.05791  98.4%  75.4 2870s
 857398 362611 201870.678   66  104 337664.891 5245.05791  98.4%  75.4 2875s
 858576 363124 8036.31450   65  122 337664.891 5245.05791  98.4%  75.4 2880s
 860408 363914 7081.04366   68  108 337664.891 5245.05791  98.4%  75.4 2885s
 862180 364662 297185.302   83   91 337664.891 5245.05791  98.4%  75.4 2890s
 863444 365095 312046.192   84   89 337664.891 5245.05791  98.4%  75.4 2895s
 865018 365932 103893.437   65  101 337664.891 5245.05791  98.4%  75.3 2900s
 866639 366560 6885.65976   75  103 337664.891 5245.05791  98.4%  75.3 2905s
H867831 366724                    336624.39822 5245.05791  98.4%  75.3 2909s
 868155 366883 infeasible   84      336624.398 5245.05791  98.4%  75.3 2910s
H868516 366889                    336611.91615 5245.05791  98.4%  75.3 2911s
 869521 367447 infeasible   75      336611.916 5245.05791  98.4%  75.3 2915s
H869985 367524                    336486.31785 5245.05791  98.4%  75.3 2916s
H870139 367631                    336486.31381 5245.05791  98.4%  75.3 2917s
 871235 368123 infeasible   72      336486.314 5245.05791  98.4%  75.3 2920s
 873078 368881 5245.05791   62  105 336486.314 5245.05791  98.4%  75.3 2925s
 873950 369261 15087.9489   69  107 336486.314 5245.05791  98.4%  75.2 2930s
 875752 369986 infeasible   87      336486.314 5245.05791  98.4%  75.2 2935s
 877661 370795 113860.164   80  105 336486.314 5270.04115  98.4%  75.2 2940s
 878892 371357     cutoff   83      336486.314 5277.12419  98.4%  75.2 2945s
 880498 372036 5437.81679   67  103 336486.314 5277.12419  98.4%  75.2 2950s
H880737 372153                    336486.31013 5277.12419  98.4%  75.2 2951s
 881908 372620 infeasible   83      336486.310 5277.12419  98.4%  75.1 2955s
 883793 373465 229549.522  137   81 336486.310 5277.12419  98.4%  75.1 2960s
 884921 373975 infeasible   77      336486.310 5277.12419  98.4%  75.1 2965s
H885272 374118                    336486.28467 5277.12419  98.4%  75.1 2966s
 886737 374757 218048.292   84   84 336486.285 5277.12419  98.4%  75.1 2970s
 888634 375551 92176.6188   73  119 336486.285 5277.12419  98.4%  75.1 2975s
 889777 376047 infeasible   77      336486.285 5277.12419  98.4%  75.0 2980s
 891713 376696 271271.141   81   84 336486.285 5277.12419  98.4%  75.0 2985s
 893320 377360 227410.625   74  104 336486.285 5277.12419  98.4%  75.0 2990s
 894379 377843 7256.84710   69  119 336486.285 5277.12419  98.4%  75.0 2995s
H894595 377465                    335415.01537 5277.12419  98.4%  75.0 2996s
 895978 378050 6950.98475   66  113 335415.015 5280.01478  98.4%  75.0 3000s
H896385 378184                    335394.50871 5280.01478  98.4%  75.0 3001s
 897718 378793 209148.849   77  105 335394.509 5280.01478  98.4%  75.0 3005s
 899372 379382 112771.358   70   96 335394.509 5280.01478  98.4%  74.9 3011s
 900605 379979 134882.657   72  117 335394.509 5291.14034  98.4%  74.9 3015s
 902329 380681 infeasible   72      335394.509 5324.87979  98.4%  74.9 3020s
 903979 381481     cutoff   88      335394.509 5329.79458  98.4%  74.9 3025s
 905459 382065 111306.131   63  110 335394.509 5329.79458  98.4%  74.9 3030s
 907217 382839 319011.000   70  103 335394.509 5329.79458  98.4%  74.9 3035s
 908660 383474 271018.391   75   96 335394.509 5329.79458  98.4%  74.9 3040s
 909584 383886 6887.24283   64  110 335394.509 5329.79458  98.4%  74.9 3045s
 911486 384808 infeasible   78      335394.509 5329.79458  98.4%  74.8 3050s
 913004 385471 57842.2008   70  102 335394.509 5329.79458  98.4%  74.8 3055s
 914559 386089 5416.76083   62  126 335394.509 5329.79458  98.4%  74.8 3061s
 915712 386674 5435.15468   62  116 335394.509 5329.79458  98.4%  74.8 3065s
 917514 387406 22538.3248   71  112 335394.509 5329.79458  98.4%  74.8 3070s
 919023 388069 185755.818   66  118 335394.509 5329.79458  98.4%  74.8 3075s
 920762 388800 8696.45462   70   99 335394.509 5329.79458  98.4%  74.8 3080s
 922811 389673 255368.962   72   97 335394.509 5329.79458  98.4%  74.8 3085s
 924499 390398 292967.312   86   88 335394.509 5329.79458  98.4%  74.8 3090s
 925483 390896 213266.092   76   87 335394.509 5329.79458  98.4%  74.8 3095s
 927320 391642 5495.00157   63  142 335394.509 5329.79458  98.4%  74.8 3100s
 928934 392378 6887.53995   66  123 335394.509 5329.79458  98.4%  74.7 3105s
 930243 392841 infeasible   77      335394.509 5329.79458  98.4%  74.7 3110s
 931922 393564     cutoff   74      335394.509 5329.79458  98.4%  74.7 3115s
 933654 394293 infeasible   81      335394.509 5332.24855  98.4%  74.7 3120s
 935374 394855 infeasible   70      335394.509 5357.98496  98.4%  74.7 3126s
 936320 395396 136070.991   75   94 335394.509 5368.39713  98.4%  74.7 3130s
H937105 395740                    335394.49871 5368.39713  98.4%  74.7 3132s
 938222 396302 198483.854   77   95 335394.499 5368.39713  98.4%  74.7 3135s
 939946 397096     cutoff   78      335394.499 5368.39713  98.4%  74.6 3140s
 941249 397719 108505.812   70   92 335394.499 5368.39713  98.4%  74.6 3145s
H942899 398411                    335377.09870 5371.14735  98.4%  74.6 3150s
H943119 398497                    335343.04810 5371.14735  98.4%  74.6 3151s
 944360 398939 198810.191   76   98 335343.048 5371.14735  98.4%  74.6 3155s
 945600 399349 175636.991   70  115 335343.048 5381.74768  98.4%  74.6 3160s
 946843 399950 infeasible   74      335343.048 5392.76737  98.4%  74.6 3165s
 948320 400468 298294.156   83  106 335343.048 5409.65946  98.4%  74.5 3170s
 950266 401323 185700.988   75  100 335343.048 5426.85108  98.4%  74.5 3175s
 951633 401864 infeasible   74      335343.048 5437.81679  98.4%  74.5 3180s
 953458 402618 332927.266   85   92 335343.048 5437.81679  98.4%  74.5 3185s
 955374 403273 5454.04664   67  103 335343.048 5454.04664  98.4%  74.4 3190s
 956304 403618 71760.7841   67  112 335343.048 5454.34582  98.4%  74.4 3195s
 958065 404263 60964.6961   77  105 335343.048 5478.43674  98.4%  74.4 3200s
 959836 404944 177627.564   74  117 335343.048 5508.04688  98.4%  74.4 3205s
 961067 405384 infeasible   74      335343.048 5523.82770  98.4%  74.4 3210s
 962513 405923 110874.751   68  102 335343.048 5530.64689  98.4%  74.3 3215s
 964590 406877 213244.872   76   89 335343.048 5530.64689  98.4%  74.3 3220s
 966087 407328 115128.162   73  108 335343.048 5541.32587  98.3%  74.3 3226s
 967158 407808 infeasible   73      335343.048 5544.76910  98.3%  74.3 3230s
 968795 408394 198637.093   76  100 335343.048 5544.76910  98.3%  74.3 3235s
 970504 409000 7033.64908   64  124 335343.048 5544.76910  98.3%  74.3 3240s
 971771 409464 110372.429   67  110 335343.048 5546.87673  98.3%  74.3 3245s
H973120 409925                    335342.88205 5556.12915  98.3%  74.3 3247s
 974281 410379 222483.403   82   99 335342.882 5568.50531  98.3%  74.3 3250s
H975529 410799                    335341.06105 5590.38847  98.3%  74.2 3252s
 976254 411039     cutoff   76      335341.061 5603.24609  98.3%  74.2 3255s
 977770 411755 infeasible   70      335341.061 5622.55074  98.3%  74.2 3260s
 979405 412280 257961.604   64  110 335341.061 5639.37366  98.3%  74.2 3265s
 981149 412915 179446.031   62  116 335341.061 5647.48729  98.3%  74.2 3270s
H981378 412214                    333871.37946 5651.38969  98.3%  74.2 3272s
 982155 412549     cutoff   80      333871.379 5658.10415  98.3%  74.2 3275s
 983831 413108 17345.9197   75  118 333871.379 5696.51105  98.3%  74.2 3280s
H984347 413221                    333862.73422 5709.46689  98.3%  74.2 3281s
H984527 413277                    333827.72603 5710.07490  98.3%  74.1 3282s
 985423 413594 202208.453   82   86 333827.726 5719.51453  98.3%  74.1 3285s
 986724 414205 310078.553   78  114 333827.726 5735.99631  98.3%  74.1 3290s
 988466 414760 infeasible   76      333827.726 5759.68509  98.3%  74.1 3295s
 990022 415481 115824.736   71  116 333827.726 5759.68509  98.3%  74.1 3300s
 991774 416128 infeasible   78      333827.726 5759.68509  98.3%  74.1 3305s
 993171 416662 307457.326   74   98 333827.726 5759.68509  98.3%  74.1 3310s
 994927 417373 infeasible   78      333827.726 5759.68509  98.3%  74.1 3315s
 996857 417960 infeasible   92      333827.726 5759.68509  98.3%  74.1 3321s
H996859 417960                    333827.62461 5759.68509  98.3%  74.1 3321s
 997815 418538     cutoff   78      333827.625 5759.68509  98.3%  74.0 3325s
H999358 419107                    333825.71557 5759.68509  98.3%  74.0 3329s
 999496 419225 250231.822   77  101 333825.716 5759.68509  98.3%  74.0 3330s
 1001231 419842 273984.745   72  102 333825.716 5759.68509  98.3%  74.0 3335s
 1002745 420408 217510.081   80   90 333825.716 5759.68509  98.3%  74.0 3340s
H1004742 421063                    333807.77231 5796.91170  98.3%  74.0 3344s
 1005175 421188 230575.010   81   93 333807.772 5804.72981  98.3%  74.0 3345s
 1006985 421754 111564.363   80  101 333807.772 5827.52467  98.3%  74.0 3350s
 1008645 422488 300216.474   75  109 333807.772 5827.52467  98.3%  74.0 3355s
 1010397 423143 205051.612   75  104 333807.772 5827.52467  98.3%  74.0 3360s
H1011542 423555                    333807.63010 5834.52267  98.3%  73.9 3364s
 1012006 423695 infeasible   73      333807.630 5837.05375  98.3%  73.9 3365s
 1013177 424143 14214.8425   74  113 333807.630 5843.98612  98.2%  73.9 3370s
 1014946 424721 143121.666   77   99 333807.630 5881.80816  98.2%  73.9 3375s
 1016594 425288 29235.6496   73  111 333807.630 5900.42445  98.2%  73.9 3380s
 1017693 425636     cutoff   72      333807.630 5925.46335  98.2%  73.9 3385s
H1018645 426016                    333805.89301 5930.83942  98.2%  73.9 3388s
 1019248 426205 14387.2215   86  104 333805.893 5941.57542  98.2%  73.9 3390s
 1020979 426763 226068.720   72   88 333805.893 5943.29117  98.2%  73.9 3395s
 1022332 427217 280674.253   75  106 333805.893 5982.01566  98.2%  73.9 3400s
 1023951 427724 129463.765   71  100 333805.893 6046.55123  98.2%  73.8 3405s
 1025578 428344 8962.16742   67  122 333805.893 6091.60205  98.2%  73.8 3410s
 1027215 428920 infeasible   79      333805.893 6120.17528  98.2%  73.8 3415s
 1028558 429666 88120.6078   66  110 333805.893 6169.84202  98.2%  73.8 3420s
 1030728 430331 124476.171   75  110 333805.893 6223.81728  98.1%  73.8 3425s
H1031305 430450                    333736.14799 6233.06676  98.1%  73.8 3426s
 1032664 430986 infeasible   87      333736.148 6283.77266  98.1%  73.8 3431s
 1034324 431588 97678.5968   65  114 333736.148 6340.36809  98.1%  73.8 3435s
 1036368 432248 250596.039   81   92 333736.148 6416.00564  98.1%  73.7 3440s
 1037875 432695 94819.4609   62  113 333736.148 6483.38556  98.1%  73.7 3445s
 1039999 433601     cutoff  100      333736.148 6533.81430  98.0%  73.7 3450s
 1042623 434801 319134.965   87   79 333736.148 6571.06355  98.0%  73.7 3455s
H1043282 435128                    333735.99622 6571.06355  98.0%  73.7 3458s
 1043914 435412 222678.363   74   96 333735.996 6571.06355  98.0%  73.7 3460s
H1045556 436056                    333734.07984 6571.06355  98.0%  73.7 3464s
 1045868 436224 289775.685   75  115 333734.080 6571.06355  98.0%  73.7 3465s
 1047661 436939 18228.6224   67  110 333734.080 6571.06355  98.0%  73.7 3470s
 1048996 437489 96119.7759   65  131 333734.080 6571.06355  98.0%  73.7 3475s
 1050787 438122 15048.1089   74  107 333734.080 6602.44667  98.0%  73.7 3480s
 1053122 439052 infeasible   75      333734.080 6636.94920  98.0%  73.6 3485s
 1054190 439534 103855.414   67  111 333734.080 6660.24997  98.0%  73.6 3490s
 1055948 440222 275363.968   80   88 333734.080 6660.24997  98.0%  73.6 3495s
 1057577 440905 44209.5932   69  121 333734.080 6660.24997  98.0%  73.6 3500s
H1058234 441099                    333682.12172 6688.15797  98.0%  73.6 3502s
 1058550 441268     cutoff   88      333682.122 6688.15797  98.0%  73.6 3505s
 1060201 441986 231582.033   72   93 333682.122 6704.83685  98.0%  73.6 3510s
 1061818 442609 8340.97383   61  106 333682.122 6739.60845  98.0%  73.6 3515s
 1063492 443153     cutoff   82      333682.122 6743.11925  98.0%  73.6 3520s
H1063998 443335                    333681.98142 6748.23980  98.0%  73.6 3523s
 1064595 443625 218884.217   80   98 333681.981 6768.92205  98.0%  73.6 3525s
 1066372 444293 231508.378   80  102 333681.981 6768.92205  98.0%  73.6 3530s
 1068090 444929 245089.090   81   93 333681.981 6812.79406  98.0%  73.6 3535s
 1069492 445582 infeasible   72      333681.981 6845.44864  97.9%  73.5 3540s
 1071175 446373 23250.9494   72  113 333681.981 6845.44864  97.9%  73.5 3545s
 1072987 447305 102858.958   70  120 333681.981 6847.50065  97.9%  73.5 3550s
 1073941 447844 38018.1116   70  114 333681.981 6873.35665  97.9%  73.5 3555s
 1075667 448631 infeasible   77      333681.981 6877.73733  97.9%  73.5 3560s
H1076743 448935                    333634.89959 6877.73733  97.9%  73.5 3564s
H1076804 448644                    333030.65287 6877.73733  97.9%  73.5 3564s
 1077122 448903 201886.118   72   88 333030.653 6877.73733  97.9%  73.5 3565s
 1078505 449448 infeasible   77      333030.653 6877.73733  97.9%  73.5 3570s
 1079668 449875 infeasible   74      333030.653 6877.73733  97.9%  73.5 3575s
 1081462 450662 262581.540   85   93 333030.653 6877.73733  97.9%  73.5 3580s
 1083336 451423 246688.586   71   97 333030.653 6877.73733  97.9%  73.5 3585s
 1084491 451871 infeasible   77      333030.653 6877.73733  97.9%  73.5 3590s
 1085988 452503 9593.57541   67  107 333030.653 6877.73733  97.9%  73.5 3595s
 1087834 453112 137681.476   77   98 333030.653 6877.73733  97.9%  73.5 3600s

Cutting planes:
  Gomory: 2
  Implied bound: 1
  MIR: 31
  Flow cover: 2
  RLT: 7
  Relax-and-lift: 3

Explored 1087923 nodes (79953960 simplex iterations) in 3600.01 seconds (2729.00 work units)
Thread count was 2 (of 24 available processors)

Solution count 10: 333031 333635 333682 ... 333828

Time limit reached
Best objective 3.330306528723e+05, best bound 6.877737329859e+03, gap 97.9348%
