Meta_1;84836;0.0;0.0;44847;2628.9674651611253;0.21825143838592315;1690;2.0874310593774077E-7
Meta_10;84836;0.0;0.5;45427;10770.1026;0.24608102699981407;0;0.0
Meta_100;84836;1191336.4696836986;0.5;56842;481603.5737605243;0.4377106291121479;0;0.0
Meta_1000;44720;1191336.4696836986;0.5;44720;0.0;0.21868610292907462;0;0.0
Meta_101;80378;0.0;0.0;44846;2605.0745651611246;0.2182543288365298;2106;0.0
Meta_102;80378;0.0;0.05555555555555555;44848;2643.506465161125;0.2182543280923792;1743;0.0
Meta_103;80378;0.0;0.1111111111111111;44845;2579.6169651611253;0.21825722542669437;1415;4.638594154961477E-8
Meta_104;80378;0.0;0.16666666666666666;44843;2502.731665161125;0.21827982822067848;1649;1.4490172840635035E-7
Meta_105;80378;0.0;0.2222222222222222;44997;4142.2179;0.2222230303842384;1;0.0
Meta_106;80378;0.0;0.2777777777777778;45427;10770.1026;0.24608102699981407;0;0.0
Meta_107;80378;0.0;0.3333333333333333;45427;10770.1026;0.24608102699981407;0;0.0
Meta_108;80378;0.0;0.38888888888888884;45427;10770.1026;0.24608102699981407;0;0.0
Meta_109;80378;0.0;0.4444444444444444;45427;10770.1026;0.24608102699981407;0;0.0
Meta_11;84836;132370.7188537443;0.0;48141;132349.09735231724;0.22836438909635243;3600;0.0134934935651875
Meta_110;80378;0.0;0.5;45427;10770.1026;0.24608102699981407;0;0.0
Meta_111;80378;132370.7188537443;0.0;48116;132369.6083842451;0.22802412419619983;3600;0.01486347842805176
Meta_112;80378;132370.7188537443;0.05555555555555555;48147;132372.43421641248;0.2285132486357118;3600;0.014372161895343889
Meta_113;80378;132370.7188537443;0.1111111111111111;48146;132357.9838067486;0.2285165602556896;3600;0.015719362043938413
Meta_114;80378;132370.7188537443;0.16666666666666666;48141;132362.2327172388;0.22837256637578093;3600;0.017156783124473687
Meta_115;80378;132370.7188537443;0.2222222222222222;48126;132367.94972747858;0.22825024818087022;3600;0.019171109845134166
Meta_116;80378;132370.7188537443;0.2777777777777778;49160;132366.5014678743;0.27776349655606436;3600;9.45603778410135E-4
Meta_117;80378;132370.7188537443;0.3333333333333333;49406;132382.02804518217;0.3333323036641919;80;1.6047152895832386E-7
Meta_118;80378;132370.7188537443;0.38888888888888884;49415;132362.6117973399;0.34401888446111145;0;0.0
Meta_119;80378;132370.7188537443;0.4444444444444444;49415;132362.6117973399;0.34401888446111145;0;0.0
Meta_12;84836;132370.7188537443;0.05555555555555555;48129;132366.3343923074;0.2282322894974219;3600;0.013279192337389062
Meta_120;80378;132370.7188537443;0.5;49415;132362.6117973399;0.34401888446111145;0;0.0
Meta_121;80378;264741.4377074886;0.0;49185;176111.40580797632;0.2381363918258782;3600;0.025162145854311493
Meta_122;80378;264741.4377074886;0.05555555555555555;49147;174658.99691970213;0.23770936164589537;3600;0.025813542250378005
Meta_123;80378;264741.4377074886;0.1111111111111111;49186;176197.7265168647;0.23814913500763385;3600;0.0273923160671333
Meta_124;80378;264741.4377074886;0.16666666666666666;49175;175619.0931197021;0.23803000749169032;3600;0.028734382969924904
Meta_125;80378;264741.4377074886;0.2222222222222222;49106;173190.0308141891;0.23727230114712627;3601;0.0310899507850388
Meta_126;80378;264741.4377074886;0.2777777777777778;51645;264736.2720051307;0.2777687773233274;3600;0.006618773516683536
Meta_127;80378;264741.4377074886;0.3333333333333333;52348;264740.93380370195;0.3333123644123291;3600;8.096215747462469E-4
Meta_128;80378;264741.4377074886;0.38888888888888884;52560;264748.95219733985;0.38889012122272315;3600;7.360625256255959E-6
Meta_129;80378;264741.4377074886;0.4444444444444444;52566;264743.4055973399;0.3958325315421899;0;0.0
Meta_13;84836;132370.7188537443;0.1111111111111111;48124;132375.69227161756;0.22817605903506427;3600;0.014425018683633816
Meta_130;80378;264741.4377074886;0.5;52566;264743.4055973399;0.3958325315421899;0;0.0
Meta_131;80378;397112.15656123287;0.0;49183;176015.59500258736;0.23810935388256893;3600;0.027477446806158493
Meta_132;80378;397112.15656123287;0.05555555555555555;49171;175634.39578831228;0.23798242006994072;3600;0.02771405910824872
Meta_133;80378;397112.15656123287;0.1111111111111111;49128;173940.35527947213;0.23750212269941;3600;0.02884908107447559
Meta_134;80378;397112.15656123287;0.16666666666666666;49147;174663.06425441906;0.2377097303505302;3600;0.03123842090237637
Meta_135;80378;397112.15656123287;0.2222222222222222;49066;171397.60470625074;0.23684083541657824;3600;0.0321414173897959
Meta_136;80378;397112.15656123287;0.2777777777777778;51822;285282.0322875221;0.2777793105277841;3600;0.01568787344518844
Meta_137;80378;397112.15656123287;0.3333333333333333;54240;385680.0458167739;0.3333360583334966;3600;0.006649387389754965
Meta_138;80378;397112.15656123287;0.38888888888888884;55164;397111.2397911445;0.38888853389793027;3600;5.200117051328329E-4
Meta_139;80378;397112.15656123287;0.4444444444444444;55301;397125.11056052416;0.428762983747593;0;0.0
Meta_14;84836;132370.7188537443;0.16666666666666666;48144;132359.01348305753;0.22843945177256328;3600;0.013896587978150951
Meta_140;80378;397112.15656123287;0.5;55301;397125.11056052416;0.428762983747593;0;0.0
Meta_141;80378;529482.8754149772;0.0;49204;176949.47040797636;0.2383404796486545;3600;0.025650575473664027
Meta_142;80378;529482.8754149772;0.05555555555555555;49167;175386.47219629886;0.23793293628237971;3600;0.026015706740919423
Meta_143;80378;529482.8754149772;0.1111111111111111;49212;177382.12234985613;0.23842689862494304;3600;0.027059322826859293
Meta_144;80378;529482.8754149772;0.16666666666666666;49223;177808.7209373066;0.23857048047184806;3600;0.028958881142455876
Meta_145;80378;529482.8754149772;0.2222222222222222;49143;174539.18982924195;0.23767237946464345;3600;0.03176788569802104
Meta_146;80378;529482.8754149772;0.2777777777777778;51823;285178.2906039853;0.2777853802316604;3600;0.015763538824838327
Meta_147;80378;529482.8754149772;0.3333333333333333;54240;385820.2788865724;0.3333268018882611;3600;0.006338062756470271
Meta_148;80378;529482.8754149772;0.38888888888888884;56021;456938.3654686989;0.3888879919158655;3600;0.0018852865078300821
Meta_149;80378;529482.8754149772;0.4444444444444444;56842;481603.5737605243;0.4377106291121479;0;0.0
Meta_15;84836;132370.7188537443;0.2222222222222222;48106;132366.90765746645;0.22797814443728096;3600;0.015999914376478897
Meta_150;80378;529482.8754149772;0.5;56842;481603.5737605243;0.4377106291121479;0;0.0
Meta_151;80378;661853.5942687215;0.0;49204;176949.47040797636;0.2383404796486545;3600;0.02564703624458988
Meta_152;80378;661853.5942687215;0.05555555555555555;49167;175386.47219629886;0.23793293628237971;3600;0.02601528537806859
Meta_153;80378;661853.5942687215;0.1111111111111111;49212;177382.12234985613;0.23842689862494304;3600;0.02705568320578113
Meta_154;80378;661853.5942687215;0.16666666666666666;49223;177808.7209373066;0.23857048047184806;3600;0.028958964364130504
Meta_155;80378;661853.5942687215;0.2222222222222222;49144;174598.38002924193;0.23768308098615265;3600;0.0317711315146038
Meta_156;80378;661853.5942687215;0.2777777777777778;51823;285178.2906039853;0.2777853802316604;3600;0.01576607689961949
Meta_157;80378;661853.5942687215;0.3333333333333333;54240;385820.2788865724;0.3333268018882611;3600;0.0063403871583405606
Meta_158;80378;661853.5942687215;0.38888888888888884;56021;456938.3654686989;0.3888879919158655;3600;0.001884640662429466
Meta_159;80378;661853.5942687215;0.4444444444444444;56842;481603.5737605243;0.4377106291121479;0;0.0
Meta_16;84836;132370.7188537443;0.2777777777777778;49159;132367.08332801622;0.27776882295869154;3600;8.117014956737678E-4
Meta_160;80378;661853.5942687215;0.5;56842;481603.5737605243;0.4377106291121479;0;0.0
Meta_161;80378;794224.3131224657;0.0;49204;176949.47040797636;0.2383404796486545;3600;0.025649903588002246
Meta_162;80378;794224.3131224657;0.05555555555555555;49167;175386.47219629886;0.23793293628237971;3600;0.02601744321217454
Meta_163;80378;794224.3131224657;0.1111111111111111;49212;177382.12234985613;0.23842689862494304;3600;0.027054271339917866
Meta_164;80378;794224.3131224657;0.16666666666666666;49223;177832.17803730664;0.2385738013098142;3600;0.02896788123733849
Meta_165;80378;794224.3131224657;0.2222222222222222;49143;174539.18982924195;0.23767237946464345;3600;0.031768175620941065
Meta_166;80378;794224.3131224657;0.2777777777777778;51823;285178.2906039853;0.2777853802316604;3600;0.01576713868990074
Meta_167;80378;794224.3131224657;0.3333333333333333;54240;385820.2788865724;0.3333268018882611;3600;0.006339734470847376
Meta_168;80378;794224.3131224657;0.38888888888888884;56021;456938.3654686989;0.3888879919158655;3600;0.0018846182681289767
Meta_169;80378;794224.3131224657;0.4444444444444444;56842;481603.5737605243;0.4377106291121479;0;0.0
Meta_17;84836;132370.7188537443;0.3333333333333333;49406;132382.02804518217;0.3333323036641919;85;0.0
Meta_170;80378;794224.3131224657;0.5;56842;481603.5737605243;0.4377106291121479;0;0.0
Meta_171;80378;926595.0319762101;0.0;49204;176949.47040797636;0.2383404796486545;3600;0.025648258870875965
Meta_172;80378;926595.0319762101;0.05555555555555555;49167;175386.47219629886;0.23793293628237971;3600;0.02601728456283469
Meta_173;80378;926595.0319762101;0.1111111111111111;49212;177382.12234985613;0.23842689862494304;3600;0.02706119149562621
Meta_174;80378;926595.0319762101;0.16666666666666666;49223;177832.17803730664;0.2385738013098142;3600;0.028968006268115035
Meta_175;80378;926595.0319762101;0.2222222222222222;49143;174539.18982924195;0.23767237946464345;3600;0.031767115077060516
Meta_176;80378;926595.0319762101;0.2777777777777778;51823;285178.2906039853;0.2777853802316604;3601;0.015764171532843905
Meta_177;80378;926595.0319762101;0.3333333333333333;54240;385820.2788865724;0.3333268018882611;3600;0.006337409695219783
Meta_178;80378;926595.0319762101;0.38888888888888884;56021;456938.3654686989;0.3888879919158655;3600;0.0018852669538226088
Meta_179;80378;926595.0319762101;0.4444444444444444;56842;481603.5737605243;0.4377106291121479;0;0.0
Meta_18;84836;132370.7188537443;0.38888888888888884;49415;132362.6117973399;0.34401888446111145;0;0.0
Meta_180;80378;926595.0319762101;0.5;56842;481603.5737605243;0.4377106291121479;0;0.0
Meta_181;80378;1058965.7508299544;0.0;49204;176949.47040797636;0.2383404796486545;3600;0.02565031220214679
Meta_182;80378;1058965.7508299544;0.05555555555555555;49167;175386.47219629886;0.23793293628237971;3600;0.02601416041337615
Meta_183;80378;1058965.7508299544;0.1111111111111111;49212;177382.12234985613;0.23842689862494304;3600;0.027056927369538204
Meta_184;80378;1058965.7508299544;0.16666666666666666;49223;177832.17803730664;0.2385738013098142;3600;0.02896923403286932
Meta_185;80378;1058965.7508299544;0.2222222222222222;49144;174598.38002924193;0.23768308098615265;3600;0.031775034776726406
Meta_186;80378;1058965.7508299544;0.2777777777777778;51823;285178.2906039853;0.2777853802316604;3600;0.01576469067781744
Meta_187;80378;1058965.7508299544;0.3333333333333333;54240;385820.2788865724;0.3333268018882611;3600;0.0063375447499007115
Meta_188;80378;1058965.7508299544;0.38888888888888884;56021;456938.3654686989;0.3888879919158655;3600;0.0018853110655304359
Meta_189;80378;1058965.7508299544;0.4444444444444444;56842;481603.5737605243;0.4377106291121479;0;0.0
Meta_19;84836;132370.7188537443;0.4444444444444444;49415;132362.6117973399;0.34401888446111145;0;0.0
Meta_190;80378;1058965.7508299544;0.5;56842;481603.5737605243;0.4377106291121479;0;0.0
Meta_191;80378;1191336.4696836986;0.0;49204;176949.47040797636;0.2383404796486545;3600;0.025649065915429637
Meta_192;80378;1191336.4696836986;0.05555555555555555;49167;175386.47219629886;0.23793293628237971;3600;0.026014326577851018
Meta_193;80378;1191336.4696836986;0.1111111111111111;49212;177382.12234985613;0.23842689862494304;3600;0.027055651558370388
Meta_194;80378;1191336.4696836986;0.16666666666666666;49223;177832.17803730664;0.2385738013098142;3600;0.02897120072098241
Meta_195;80378;1191336.4696836986;0.2222222222222222;49143;174539.18982924195;0.23767237946464345;3600;0.03176885414163332
Meta_196;80378;1191336.4696836986;0.2777777777777778;51823;285178.2906039853;0.2777853802316604;3600;0.01576383525991528
Meta_197;80378;1191336.4696836986;0.3333333333333333;54240;385820.2788865724;0.3333268018882611;3600;0.006340602927473541
Meta_198;80378;1191336.4696836986;0.38888888888888884;56021;456938.3654686989;0.3888879919158655;3600;0.0018851026220437495
Meta_199;80378;1191336.4696836986;0.4444444444444444;56842;481603.5737605243;0.4377106291121479;0;0.0
Meta_2;84836;0.0;0.05555555555555555;44846;2592.5228651611255;0.21826134663540822;2128;1.0691565383981095E-7
Meta_20;84836;132370.7188537443;0.5;49415;132362.6117973399;0.34401888446111145;0;0.0
Meta_200;80378;1191336.4696836986;0.5;56842;481603.5737605243;0.4377106291121479;0;0.0
Meta_201;75921;0.0;0.0;44850;2672.5844651611255;0.21826061679976602;2161;1.2850405101944978E-7
Meta_202;75921;0.0;0.05555555555555555;44845;2566.289465161125;0.2182656073390384;1569;1.1420226212853038E-7
Meta_203;75921;0.0;0.1111111111111111;44842;2499.627865161125;0.21826987564737224;1641;2.922108319583214E-8
Meta_204;75921;0.0;0.16666666666666666;44845;2572.741765161125;0.21826122989628657;1653;1.6731591676294796E-7
Meta_205;75921;0.0;0.2222222222222222;44996;4122.696;0.22221744447228234;1;0.0
Meta_206;75921;0.0;0.2777777777777778;45427;10770.1026;0.24608102699981407;0;0.0
Meta_207;75921;0.0;0.3333333333333333;45427;10770.1026;0.24608102699981407;0;0.0
Meta_208;75921;0.0;0.38888888888888884;45427;10770.1026;0.24608102699981407;0;0.0
Meta_209;75921;0.0;0.4444444444444444;45427;10770.1026;0.24608102699981407;0;0.0
Meta_21;84836;264741.4377074886;0.0;49136;174253.23727651083;0.23759051091603428;3600;0.02270820999604264
Meta_210;75921;0.0;0.5;45427;10770.1026;0.24608102699981407;0;0.0
Meta_211;75921;132370.7188537443;0.0;48117;132367.48422393703;0.2280053286959217;3600;0.016245711734137566
Meta_212;75921;132370.7188537443;0.05555555555555555;48138;132364.5358209757;0.2282813115254566;3600;0.016977885705315266
Meta_213;75921;132370.7188537443;0.1111111111111111;48154;132367.72876017992;0.2285388264060885;3601;0.017597617741174403
Meta_214;75921;132370.7188537443;0.16666666666666666;48116;132367.72139863606;0.22803091681018556;3600;0.019659684488244716
Meta_215;75921;132370.7188537443;0.2222222222222222;48127;132369.78327741864;0.2281315920626652;3600;0.022550149157827822
Meta_216;75921;132370.7188537443;0.2777777777777778;49159;132370.83031348046;0.2777760940202082;3600;0.0010393196906442507
Meta_217;75921;132370.7188537443;0.3333333333333333;49406;132382.02804518217;0.3333323036641919;86;0.0
Meta_218;75921;132370.7188537443;0.38888888888888884;49415;132362.6117973399;0.34401888446111145;0;0.0
Meta_219;75921;132370.7188537443;0.4444444444444444;49415;132362.6117973399;0.34401888446111145;0;0.0
Meta_22;84836;264741.4377074886;0.05555555555555555;49165;175164.5400497322;0.23790759918966756;3600;0.02307404570488191
Meta_220;75921;132370.7188537443;0.5;49415;132362.6117973399;0.34401888446111145;0;0.0
Meta_221;75921;264741.4377074886;0.0;49177;175805.48624351935;0.23804622333938266;3601;0.029039118228099476
Meta_222;75921;264741.4377074886;0.05555555555555555;49137;174296.25832764042;0.23759877464824358;3600;0.029698231067411787
Meta_223;75921;264741.4377074886;0.1111111111111111;49150;174732.40966787035;0.23774319110078654;3600;0.030126547336061297
Meta_224;75921;264741.4377074886;0.16666666666666666;49158;175243.7228811977;0.237832746808858;3600;0.03251573059043245
Meta_225;75921;264741.4377074886;0.2222222222222222;49096;172639.07884944198;0.2371601044356853;3600;0.03635855571703066
Meta_226;75921;264741.4377074886;0.2777777777777778;51644;264735.191367789;0.27777656181211646;3600;0.007829117332947909
Meta_227;75921;264741.4377074886;0.3333333333333333;52348;264719.456372357;0.33333319753885166;3600;0.0010828305067857953
Meta_228;75921;264741.4377074886;0.38888888888888884;52560;264748.95219733985;0.38889012122272315;3600;8.774925619383691E-6
Meta_229;75921;264741.4377074886;0.4444444444444444;52566;264743.4055973399;0.3958325315421899;0;0.0
Meta_23;84836;264741.4377074886;0.1111111111111111;49154;174864.11519452507;0.23778745373024437;3600;0.0238825863285001
Meta_230;75921;264741.4377074886;0.5;52566;264743.4055973399;0.3958325315421899;0;0.0
Meta_231;75921;397112.15656123287;0.0;49174;175787.88623184187;0.23801810384269628;3600;0.030508627754058396
Meta_232;75921;397112.15656123287;0.05555555555555555;49170;175652.79590086182;0.23796090687982166;3600;0.03125470169128344
Meta_233;75921;397112.15656123287;0.1111111111111111;49171;175696.8510929234;0.23797610253615023;3600;0.0312732525429809
Meta_234;75921;397112.15656123287;0.16666666666666666;49147;174541.34478119764;0.2377098219182382;3600;0.0356234805339347
Meta_235;75921;397112.15656123287;0.2222222222222222;49098;172809.89320625074;0.2371846434782499;3600;0.03703853439982658
Meta_236;75921;397112.15656123287;0.2777777777777778;51822;285471.02270221146;0.27777737389620843;3600;0.01873260015742295
Meta_237;75921;397112.15656123287;0.3333333333333333;54242;386191.3019594508;0.3333328635708797;3600;0.007170518267885548
Meta_238;75921;397112.15656123287;0.38888888888888884;55164;397112.156317835;0.38881178874255484;3600;6.15601210466463E-4
Meta_239;75921;397112.15656123287;0.4444444444444444;55301;397125.11056052416;0.428762983747593;0;0.0
Meta_24;84836;264741.4377074886;0.16666666666666666;49226;177860.09224364333;0.23859059267223334;3600;0.0247877061396787
Meta_240;75921;397112.15656123287;0.5;55301;397125.11056052416;0.428762983747593;0;0.0
Meta_241;75921;529482.8754149772;0.0;49147;174546.41082764036;0.23771046925781114;3600;0.02803702910187826
Meta_242;75921;529482.8754149772;0.05555555555555555;49161;175185.80828119765;0.2378631986207177;3600;0.028645872873525102
Meta_243;75921;529482.8754149772;0.1111111111111111;49163;175315.61060086175;0.23788873706789357;3600;0.030226525306409298
Meta_244;75921;529482.8754149772;0.16666666666666666;49183;175753.69898119767;0.23811359927122122;3600;0.03348057577924768
Meta_245;75921;529482.8754149772;0.2222222222222222;49098;172576.24885429506;0.23719033103175452;3600;0.03637534822377816
Meta_246;75921;529482.8754149772;0.2777777777777778;51823;285506.7281520297;0.27777549663146434;3600;0.018644118248393862
Meta_247;75921;529482.8754149772;0.3333333333333333;54238;386280.79760690493;0.3333319106376149;3600;0.008081114087859229
Meta_248;75921;529482.8754149772;0.38888888888888884;56021;456771.03158964554;0.3888766695279386;3601;0.002322052947650751
Meta_249;75921;529482.8754149772;0.4444444444444444;56842;481603.5737605243;0.4377106291121479;0;0.0
Meta_25;84836;264741.4377074886;0.2222222222222222;49125;174026.5993062508;0.2374964161501371;3600;0.02767387334365173
Meta_250;75921;529482.8754149772;0.5;56842;481603.5737605243;0.4377106291121479;0;0.0
Meta_251;75921;661853.5942687215;0.0;49147;174546.41082764036;0.23771046925781114;3600;0.02803176570784807
Meta_252;75921;661853.5942687215;0.05555555555555555;49161;175185.80828119765;0.2378631986207177;3600;0.028643702351702768
Meta_253;75921;661853.5942687215;0.1111111111111111;49163;175315.61060086175;0.23788873706789357;3600;0.03022721568572346
Meta_254;75921;661853.5942687215;0.16666666666666666;49183;175753.69898119767;0.23811359927122122;3600;0.03348208795180264
Meta_255;75921;661853.5942687215;0.2222222222222222;49098;172576.24885429506;0.23719033103175452;3601;0.036374225880772354
Meta_256;75921;661853.5942687215;0.2777777777777778;51823;285506.7281520297;0.27777549663146434;3600;0.018642897986491245
Meta_257;75921;661853.5942687215;0.3333333333333333;54238;386280.79760690493;0.3333319106376149;3600;0.008084022415483514
Meta_258;75921;661853.5942687215;0.38888888888888884;56021;456771.03158964554;0.3888766695279386;3600;0.0023219918784819042
Meta_259;75921;661853.5942687215;0.4444444444444444;56842;481603.5737605243;0.4377106291121479;0;0.0
Meta_26;84836;264741.4377074886;0.2777777777777778;51643;264733.13581341604;0.2777705745736341;3600;0.005736454507631732
Meta_260;75921;661853.5942687215;0.5;56842;481603.5737605243;0.4377106291121479;0;0.0
Meta_261;75921;794224.3131224657;0.0;49147;174546.41082764036;0.23771046925781114;3600;0.028036752844131756
Meta_262;75921;794224.3131224657;0.05555555555555555;49161;175185.80828119765;0.2378631986207177;3600;0.028647695484483527
Meta_263;75921;794224.3131224657;0.1111111111111111;49163;175315.61060086175;0.23788873706789357;3600;0.03022402905431239
Meta_264;75921;794224.3131224657;0.16666666666666666;49183;175753.69898119767;0.23811359927122122;3600;0.03348161183628391
Meta_265;75921;794224.3131224657;0.2222222222222222;49098;172576.24885429506;0.23719033103175452;3600;0.03637014727673843
Meta_266;75921;794224.3131224657;0.2777777777777778;51823;285506.7281520297;0.27777549663146434;3600;0.018642740590692704
Meta_267;75921;794224.3131224657;0.3333333333333333;54238;386280.79760690493;0.3333319106376149;3600;0.008085056780649991
Meta_268;75921;794224.3131224657;0.38888888888888884;56021;456771.03158964554;0.3888766695279386;3600;0.002320660162813738
Meta_269;75921;794224.3131224657;0.4444444444444444;56842;481603.5737605243;0.4377106291121479;0;0.0
Meta_27;84836;264741.4377074886;0.3333333333333333;52348;264738.7371377156;0.33332027820804305;3600;6.983129749717585E-4
Meta_270;75921;794224.3131224657;0.5;56842;481603.5737605243;0.4377106291121479;0;0.0
Meta_271;75921;926595.0319762101;0.0;49147;174546.41082764036;0.23771046925781114;3600;0.028039608276423714
Meta_272;75921;926595.0319762101;0.05555555555555555;49161;175185.80828119765;0.2378631986207177;3600;0.02864498483901962
Meta_273;75921;926595.0319762101;0.1111111111111111;49163;175315.61060086175;0.23788873706789357;3600;0.030223482457455906
Meta_274;75921;926595.0319762101;0.16666666666666666;49183;175753.69898119767;0.23811359927122122;3600;0.03348057577924768
Meta_275;75921;926595.0319762101;0.2222222222222222;49098;172576.24885429506;0.23719033103175452;3600;0.03636261503633588
Meta_276;75921;926595.0319762101;0.2777777777777778;51823;285506.7281520297;0.27777549663146434;3600;0.018643097238779157
Meta_277;75921;926595.0319762101;0.3333333333333333;54238;386280.79760690493;0.3333319106376149;3600;0.008087286058062984
Meta_278;75921;926595.0319762101;0.38888888888888884;56021;456771.03158964554;0.3888766695279386;3600;0.0023218351961202806
Meta_279;75921;926595.0319762101;0.4444444444444444;56842;481603.5737605243;0.4377106291121479;0;0.0
Meta_28;84836;264741.4377074886;0.38888888888888884;52560;264748.97959733993;0.3888899853893367;3600;6.399308836356866E-6
Meta_280;75921;926595.0319762101;0.5;56842;481603.5737605243;0.4377106291121479;0;0.0
Meta_281;75921;1058965.7508299544;0.0;49147;174546.41082764036;0.23771046925781114;3600;0.028036074462570143
Meta_282;75921;1058965.7508299544;0.05555555555555555;49161;175185.80828119765;0.2378631986207177;3600;0.02864769055378093
Meta_283;75921;1058965.7508299544;0.1111111111111111;49163;175315.61060086175;0.23788873706789357;3600;0.03022868254427862
Meta_284;75921;1058965.7508299544;0.16666666666666666;49183;175753.69898119767;0.23811359927122122;3600;0.033480283492286586
Meta_285;75921;1058965.7508299544;0.2222222222222222;49098;172576.24885429506;0.23719033103175452;3600;0.03636908100717496
Meta_286;75921;1058965.7508299544;0.2777777777777778;51823;285506.7281520297;0.27777549663146434;3600;0.018644118248393862
Meta_287;75921;1058965.7508299544;0.3333333333333333;54238;386280.79760690493;0.3333319106376149;3600;0.008079570935595207
Meta_288;75921;1058965.7508299544;0.38888888888888884;56021;456771.03158964554;0.3888766695279386;3600;0.0023220044089127785
Meta_289;75921;1058965.7508299544;0.4444444444444444;56842;481603.5737605243;0.4377106291121479;0;0.0
Meta_29;84836;264741.4377074886;0.4444444444444444;52566;264743.4055973399;0.3958325315421899;0;0.0
Meta_290;75921;1058965.7508299544;0.5;56842;481603.5737605243;0.4377106291121479;0;0.0
Meta_291;75921;1191336.4696836986;0.0;49147;174546.41082764036;0.23771046925781114;3601;0.02803795979353311
Meta_292;75921;1191336.4696836986;0.05555555555555555;49161;175185.80828119765;0.2378631986207177;3600;0.02864950782713916
Meta_293;75921;1191336.4696836986;0.1111111111111111;49163;175315.61060086175;0.23788873706789357;3600;0.03022850980266659
Meta_294;75921;1191336.4696836986;0.16666666666666666;49183;175753.69898119767;0.23811359927122122;3601;0.033477627042870904
Meta_295;75921;1191336.4696836986;0.2222222222222222;49098;172576.24885429506;0.23719033103175452;3600;0.036374225880772354
Meta_296;75921;1191336.4696836986;0.2777777777777778;51823;285506.7281520297;0.27777549663146434;3600;0.018641538198973122
Meta_297;75921;1191336.4696836986;0.3333333333333333;54238;386280.79760690493;0.3333319106376149;3600;0.008084228968046706
Meta_298;75921;1191336.4696836986;0.38888888888888884;56021;456771.03158964554;0.3888766695279386;3600;0.002322075884391979
Meta_299;75921;1191336.4696836986;0.4444444444444444;56842;481603.5737605243;0.4377106291121479;0;0.0
Meta_3;84836;0.0;0.1111111111111111;44847;2624.268065161125;0.21825428428719063;1893;1.3940510734042186E-8
Meta_30;84836;264741.4377074886;0.5;52566;264743.4055973399;0.3958325315421899;0;0.0
Meta_300;75921;1191336.4696836986;0.5;56842;481603.5737605243;0.4377106291121479;0;0.0
Meta_301;71464;0.0;0.0;44845;2559.008965161125;0.2182694259091011;1607;1.18199938862564E-7
Meta_302;71464;0.0;0.05555555555555555;44846;2580.1639651611254;0.2182687594047751;2097;0.0
Meta_303;71464;0.0;0.1111111111111111;44841;2473.871465161125;0.2182740405180003;1632;1.5016154550666987E-7
Meta_304;71464;0.0;0.16666666666666666;44848;2643.506465161125;0.2182543280923792;1664;2.002222819981772E-7
Meta_305;71464;0.0;0.2222222222222222;44995;4102.6604;0.22222316881809975;1;0.0
Meta_306;71464;0.0;0.2777777777777778;45427;10770.1026;0.24608102699981407;0;0.0
Meta_307;71464;0.0;0.3333333333333333;45427;10770.1026;0.24608102699981407;0;0.0
Meta_308;71464;0.0;0.38888888888888884;45427;10770.1026;0.24608102699981407;0;0.0
Meta_309;71464;0.0;0.4444444444444444;45427;10770.1026;0.24608102699981407;0;0.0
Meta_31;84836;397112.15656123287;0.0;49154;175097.42330328948;0.2377873701646149;3600;0.024633659899784846
Meta_310;71464;0.0;0.5;45427;10770.1026;0.24608102699981407;0;0.0
Meta_311;71464;132370.7188537443;0.0;48113;132360.02011308563;0.22800550647153472;3600;0.019171547167428093
Meta_312;71464;132370.7188537443;0.05555555555555555;48114;132359.21262919978;0.22803288813005465;3600;0.019432340437424474
Meta_313;71464;132370.7188537443;0.1111111111111111;48138;132378.24718507123;0.2284168376096334;3600;0.019793182173115903
Meta_314;71464;132370.7188537443;0.16666666666666666;48129;132369.73150764836;0.22819434239543424;3600;0.022798433173596307
Meta_315;71464;132370.7188537443;0.2222222222222222;48152;132355.76023844964;0.22865690191912047;3600;0.027637625259135396
Meta_316;71464;132370.7188537443;0.2777777777777778;49160;132366.97009317524;0.2777695652253756;3600;0.0015005727093376291
Meta_317;71464;132370.7188537443;0.3333333333333333;49406;132382.02804518217;0.3333323036641919;86;0.0
Meta_318;71464;132370.7188537443;0.38888888888888884;49415;132362.6117973399;0.34401888446111145;0;0.0
Meta_319;71464;132370.7188537443;0.4444444444444444;49415;132362.6117973399;0.34401888446111145;0;0.0
Meta_32;84836;397112.15656123287;0.05555555555555555;49179;176075.271719826;0.2380680787877092;3600;0.025237020986446767
Meta_320;71464;132370.7188537443;0.5;49415;132362.6117973399;0.34401888446111145;0;0.0
Meta_321;71464;264741.4377074886;0.0;49134;174168.73540168785;0.2375674808820028;3600;0.03198822851260412
Meta_322;71464;264741.4377074886;0.05555555555555555;49186;176167.77305779443;0.23814724604341908;3600;0.03289470958013265
Meta_323;71464;264741.4377074886;0.1111111111111111;49155;174890.9040276404;0.23779551642819316;3600;0.03501320080118476
Meta_324;71464;264741.4377074886;0.16666666666666666;49155;174925.53276774642;0.2377959014137062;3600;0.037918717619882095
Meta_325;71464;264741.4377074886;0.2222222222222222;49079;172187.0729794721;0.2369959809483008;3600;0.043612023368851956
Meta_326;71464;264741.4377074886;0.2777777777777778;51645;264739.3982008952;0.2777781936348517;3600;0.00957401956055727
Meta_327;71464;264741.4377074886;0.3333333333333333;52348;264746.9993931245;0.333334105283265;3600;0.001177706462643034
Meta_328;71464;264741.4377074886;0.38888888888888884;52560;264748.95219733985;0.38889012122272315;3600;1.079523871015834E-5
Meta_329;71464;264741.4377074886;0.4444444444444444;52566;264743.4055973399;0.3958325315421899;0;0.0
Meta_33;84836;397112.15656123287;0.1111111111111111;49148;174800.73186787035;0.2377217122930985;3600;0.025896806498227693
Meta_330;71464;264741.4377074886;0.5;52566;264743.4055973399;0.3958325315421899;0;0.0
Meta_331;71464;397112.15656123287;0.0;49154;174985.5029276404;0.23778706348199097;3600;0.03456847151046283
Meta_332;71464;397112.15656123287;0.05555555555555555;49166;175415.71583302942;0.23791983946838868;3600;0.035079305752501115
Meta_333;71464;397112.15656123287;0.1111111111111111;49133;174112.87744648068;0.237556228037991;3600;0.03703268918803949
Meta_334;71464;397112.15656123287;0.16666666666666666;49135;174205.42343302944;0.2375756608756722;3600;0.041509723396814954
Meta_335;71464;397112.15656123287;0.2222222222222222;49089;172706.93455294144;0.23710327105304785;3600;0.043599929522757055
Meta_336;71464;397112.15656123287;0.2777777777777778;51822;286110.67253557476;0.2777770750078083;3600;0.023103591057831652
Meta_337;71464;397112.15656123287;0.3333333333333333;54244;386494.5189687283;0.33333262652979173;3600;0.010402663839097596
Meta_338;71464;397112.15656123287;0.38888888888888884;55164;397094.86471425416;0.3888885998253275;3600;7.747869485570196E-4
Meta_339;71464;397112.15656123287;0.4444444444444444;55301;397125.11056052416;0.428762983747593;0;0.0
Meta_34;84836;397112.15656123287;0.16666666666666666;49166;175319.96274096775;0.23791685856568723;3600;0.027970818677930925
Meta_340;71464;397112.15656123287;0.5;55301;397125.11056052416;0.428762983747593;0;0.0
Meta_341;71464;529482.8754149772;0.0;49161;175076.71506318348;0.23786699511966258;3600;0.032583801393678904
Meta_342;71464;529482.8754149772;0.05555555555555555;49129;173949.06549748636;0.23751303203143545;3600;0.03259152339898475
Meta_343;71464;529482.8754149772;0.1111111111111111;49199;177055.1851435194;0.23829354077421633;3600;0.034516015142751676
Meta_344;71464;529482.8754149772;0.16666666666666666;49161;175177.98085441906;0.23786108224567484;3601;0.038311067150098334
Meta_345;71464;529482.8754149772;0.2222222222222222;49083;172034.07291501516;0.23702098271693245;3600;0.04383831628535308
Meta_346;71464;529482.8754149772;0.2777777777777778;51822;285531.9436455245;0.2777777156182402;3600;0.022944603559632522
Meta_347;71464;529482.8754149772;0.3333333333333333;54240;386667.35929696995;0.3333286363017527;3600;0.009782914049036641
Meta_348;71464;529482.8754149772;0.38888888888888884;56021;456572.90217364253;0.3888888758075495;3600;0.002807545678005707
Meta_349;71464;529482.8754149772;0.4444444444444444;56842;481603.5737605243;0.4377106291121479;0;0.0
Meta_35;84836;397112.15656123287;0.2222222222222222;49078;171764.52497947207;0.2369692349891029;3600;0.028332739503039335
Meta_350;71464;529482.8754149772;0.5;56842;481603.5737605243;0.4377106291121479;0;0.0
Meta_351;71464;661853.5942687215;0.0;49161;175076.71506318348;0.23786699511966258;3600;0.032579360696777304
Meta_352;71464;661853.5942687215;0.05555555555555555;49129;173949.06549748636;0.23751303203143545;3600;0.0325890652161004
Meta_353;71464;661853.5942687215;0.1111111111111111;49199;177055.1851435194;0.23829354077421633;3600;0.0345198703439737
Meta_354;71464;661853.5942687215;0.16666666666666666;49161;175177.98085441906;0.23786108224567484;3600;0.03831015478125334
Meta_355;71464;661853.5942687215;0.2222222222222222;49083;172034.07291501516;0.23702098271693245;3600;0.04383928303569128
Meta_356;71464;661853.5942687215;0.2777777777777778;51822;285531.9436455245;0.2777777156182402;3600;0.022945339683183456
Meta_357;71464;661853.5942687215;0.3333333333333333;54240;386667.35929696995;0.3333286363017527;3600;0.009782914049036641
Meta_358;71464;661853.5942687215;0.38888888888888884;56021;456572.90217364253;0.3888888758075495;3600;0.0028076805733673726
Meta_359;71464;661853.5942687215;0.4444444444444444;56842;481603.5737605243;0.4377106291121479;0;0.0
Meta_36;84836;397112.15656123287;0.2777777777777778;51822;285674.521903235;0.27777824980956267;3600;0.013674313657050496
Meta_360;71464;661853.5942687215;0.5;56842;481603.5737605243;0.4377106291121479;0;0.0
Meta_361;71464;794224.3131224657;0.0;49161;175076.71506318348;0.23786699511966258;3600;0.03258550023957123
Meta_362;71464;794224.3131224657;0.05555555555555555;49129;173949.06549748636;0.23751303203143545;3600;0.03258906362097835
Meta_363;71464;794224.3131224657;0.1111111111111111;49199;177055.1851435194;0.23829354077421633;3600;0.034511866745006635
Meta_364;71464;794224.3131224657;0.16666666666666666;49161;175177.98085441906;0.23786108224567484;3600;0.038311521879317745
Meta_365;71464;794224.3131224657;0.2222222222222222;49083;172034.07291501516;0.23702098271693245;3600;0.04383966670345542
Meta_366;71464;794224.3131224657;0.2777777777777778;51822;285531.9436455245;0.2777777156182402;3600;0.022950420862621043
Meta_367;71464;794224.3131224657;0.3333333333333333;54240;386667.35929696995;0.3333286363017527;3600;0.009778656956734839
Meta_368;71464;794224.3131224657;0.38888888888888884;56021;456572.90217364253;0.3888888758075495;3600;0.002806185945294746
Meta_369;71464;794224.3131224657;0.4444444444444444;56842;481603.5737605243;0.4377106291121479;0;0.0
Meta_37;84836;397112.15656123287;0.3333333333333333;54240;386913.1941239857;0.3333326983645909;3600;0.005611107345621051
Meta_370;71464;794224.3131224657;0.5;56842;481603.5737605243;0.4377106291121479;0;0.0
Meta_371;71464;926595.0319762101;0.0;49161;175076.71506318348;0.23786699511966258;3600;0.032586407990961366
Meta_372;71464;926595.0319762101;0.05555555555555555;49129;173949.06549748636;0.23751303203143545;3600;0.0325896384215217
Meta_373;71464;926595.0319762101;0.1111111111111111;49199;177055.1851435194;0.23829354077421633;3600;0.034515850585098116
Meta_374;71464;926595.0319762101;0.16666666666666666;49161;175177.98085441906;0.23786108224567484;3600;0.038313106270148806
Meta_375;71464;926595.0319762101;0.2222222222222222;49083;172034.07291501516;0.23702098271693245;3600;0.043830818441987815
Meta_376;71464;926595.0319762101;0.2777777777777778;51822;285531.9436455245;0.2777777156182402;3600;0.02294408503913896
Meta_377;71464;926595.0319762101;0.3333333333333333;54240;386667.35929696995;0.3333286363017527;3600;0.009779986067539543
Meta_378;71464;926595.0319762101;0.38888888888888884;56021;456572.90217364253;0.3888888758075495;3600;0.002807272628194045
Meta_379;71464;926595.0319762101;0.4444444444444444;56842;481603.5737605243;0.4377106291121479;0;0.0
Meta_38;84836;397112.15656123287;0.38888888888888884;55164;397112.1476656328;0.3888896756808839;3600;4.4690334188231354E-4
Meta_380;71464;926595.0319762101;0.5;56842;481603.5737605243;0.4377106291121479;0;0.0
Meta_381;71464;1058965.7508299544;0.0;49161;175076.71506318348;0.23786699511966258;3600;0.032583104774497613
Meta_382;71464;1058965.7508299544;0.05555555555555555;49129;173949.06549748636;0.23751303203143545;3600;0.03258906362097835
Meta_383;71464;1058965.7508299544;0.1111111111111111;49199;177055.1851435194;0.23829354077421633;3600;0.034522460096912615
Meta_384;71464;1058965.7508299544;0.16666666666666666;49161;175177.98085441906;0.23786108224567484;3600;0.03831123167168611
Meta_385;71464;1058965.7508299544;0.2222222222222222;49083;172034.07291501516;0.23702098271693245;3600;0.04383970935567627
Meta_386;71464;1058965.7508299544;0.2777777777777778;51822;285531.9436455245;0.2777777156182402;3600;0.022946955083218666
Meta_387;71464;1058965.7508299544;0.3333333333333333;54240;386667.35929696995;0.3333286363017527;3600;0.009778927217923124
Meta_388;71464;1058965.7508299544;0.38888888888888884;56021;456572.90217364253;0.3888888758075495;3600;0.002807370816392768
Meta_389;71464;1058965.7508299544;0.4444444444444444;56842;481603.5737605243;0.4377106291121479;0;0.0
Meta_39;84836;397112.15656123287;0.4444444444444444;55301;397125.11056052416;0.428762983747593;0;0.0
Meta_390;71464;1058965.7508299544;0.5;56842;481603.5737605243;0.4377106291121479;0;0.0
Meta_391;71464;1191336.4696836986;0.0;49161;175076.71506318348;0.23786699511966258;3600;0.032584510330848665
Meta_392;71464;1191336.4696836986;0.05555555555555555;49129;173949.06549748636;0.23751303203143545;3600;0.032590472663410655
Meta_393;71464;1191336.4696836986;0.1111111111111111;49199;177055.1851435194;0.23829354077421633;3600;0.03451657639823919
Meta_394;71464;1191336.4696836986;0.16666666666666666;49161;175177.98085441906;0.23786108224567484;3600;0.03831603664582253
Meta_395;71464;1191336.4696836986;0.2222222222222222;49083;172034.07291501516;0.23702098271693245;3600;0.043839297351530054
Meta_396;71464;1191336.4696836986;0.2777777777777778;51822;285531.9436455245;0.2777777156182402;3600;0.022948602579891578
Meta_397;71464;1191336.4696836986;0.3333333333333333;54240;386667.35929696995;0.3333286363017527;3600;0.009780636964465458
Meta_398;71464;1191336.4696836986;0.38888888888888884;56021;456572.90217364253;0.3888888758075495;3600;0.002808430744898876
Meta_399;71464;1191336.4696836986;0.4444444444444444;56842;481603.5737605243;0.4377106291121479;0;0.0
Meta_4;84836;0.0;0.16666666666666666;44845;2572.741765161125;0.21826122989628657;1981;0.0
Meta_40;84836;397112.15656123287;0.5;55301;397125.11056052416;0.428762983747593;0;0.0
Meta_400;71464;1191336.4696836986;0.5;56842;481603.5737605243;0.4377106291121479;0;0.0
Meta_401;67006;0.0;0.0;44844;2535.5209651611253;0.21827199492037522;1835;0.0
Meta_402;67006;0.0;0.05555555555555555;44842;2499.9871651611243;0.21826994254493598;1977;0.0
Meta_403;67006;0.0;0.1111111111111111;44846;2587.180665161125;0.21826436767322027;1890;0.0
Meta_404;67006;0.0;0.16666666666666666;44846;2594.038265161125;0.21826017087408578;1522;4.699408048706403E-8
Meta_405;67006;0.0;0.2222222222222222;44996;4122.696;0.22221744447228234;1;0.0
Meta_406;67006;0.0;0.2777777777777778;45427;10770.1026;0.24608102699981407;0;0.0
Meta_407;67006;0.0;0.3333333333333333;45427;10770.1026;0.24608102699981407;0;0.0
Meta_408;67006;0.0;0.38888888888888884;45427;10770.1026;0.24608102699981407;0;0.0
Meta_409;67006;0.0;0.4444444444444444;45427;10770.1026;0.24608102699981407;0;0.0
Meta_41;84836;529482.8754149772;0.0;49166;175277.67558996208;0.2379184086485908;3600;0.023109458415409245
Meta_410;67006;0.0;0.5;45427;10770.1026;0.24608102699981407;0;0.0
Meta_411;67006;132370.7188537443;0.0;48116;132369.91335491714;0.22803655891494537;3600;0.022516153214189823
Meta_412;67006;132370.7188537443;0.05555555555555555;48122;132363.90249371168;0.22809534819578034;3600;0.02224603946112993
Meta_413;67006;132370.7188537443;0.1111111111111111;48120;132364.10484146583;0.2280711200009883;3600;0.024249883084011773
Meta_414;67006;132370.7188537443;0.16666666666666666;48125;132369.43977404526;0.22814458211809996;3600;0.02644226068010848
Meta_415;67006;132370.7188537443;0.2222222222222222;48126;132371.56083493316;0.228206158644515;3600;0.032928422231810396
Meta_416;67006;132370.7188537443;0.2777777777777778;49161;132385.57820444676;0.27777656684088514;3600;0.0015310160600327221
Meta_417;67006;132370.7188537443;0.3333333333333333;49406;132382.02804518217;0.3333323036641919;88;0.0
Meta_418;67006;132370.7188537443;0.38888888888888884;49415;132362.6117973399;0.34401888446111145;0;0.0
Meta_419;67006;132370.7188537443;0.4444444444444444;49415;132362.6117973399;0.34401888446111145;0;0.0
Meta_42;84836;529482.8754149772;0.05555555555555555;49156;174946.82404096774;0.23780583577806358;3600;0.023517020729086974
Meta_420;67006;132370.7188537443;0.5;49415;132362.6117973399;0.34401888446111145;0;0.0
Meta_421;67006;264741.4377074886;0.0;49153;174882.28193302942;0.23777323509949982;3600;0.03712968793758942
Meta_422;67006;264741.4377074886;0.05555555555555555;49199;176862.79997663482;0.23828245405581178;3600;0.03782478969988559
Meta_423;67006;264741.4377074886;0.1111111111111111;49152;174770.0410062508;0.23776231586691277;3601;0.039204352367939566
Meta_424;67006;264741.4377074886;0.16666666666666666;49157;175097.33338119768;0.23781974375245563;3600;0.0437814794206152
Meta_425;67006;264741.4377074886;0.2222222222222222;49099;172793.1242352886;0.23719818760174977;3600;0.053010039039513596
Meta_426;67006;264741.4377074886;0.2777777777777778;51642;264739.45687177376;0.2777734452010222;3600;0.012610915674225356
Meta_427;67006;264741.4377074886;0.3333333333333333;52348;264735.97436638165;0.3333331895743407;3600;0.0018727595185297056
Meta_428;67006;264741.4377074886;0.38888888888888884;52560;264748.95219733985;0.38889012122272315;3600;1.420105627986688E-5
Meta_429;67006;264741.4377074886;0.4444444444444444;52566;264743.4055973399;0.3958325315421899;0;0.0
Meta_43;84836;529482.8754149772;0.1111111111111111;49135;173971.5047141891;0.2375799122424785;3600;0.024280180806936266
Meta_430;67006;264741.4377074886;0.5;52566;264743.4055973399;0.3958325315421899;0;0.0
Meta_431;67006;397112.15656123287;0.0;49165;175486.83084109175;0.2379123233465998;3600;0.04013407857729511
Meta_432;67006;397112.15656123287;0.05555555555555555;49145;174530.7788544191;0.23768951913152236;3600;0.04071236747049511
Meta_433;67006;397112.15656123287;0.1111111111111111;49160;175445.056929242;0.23785710745318822;3600;0.04353723120744819
Meta_434;67006;397112.15656123287;0.16666666666666666;49200;176736.0497364048;0.2382930473448174;3600;0.049454694304782144
Meta_435;67006;397112.15656123287;0.2222222222222222;49111;172889.91360554867;0.2373354580069461;3600;0.05346290857903249
Meta_436;67006;397112.15656123287;0.2777777777777778;51822;285749.26127839426;0.2777776607924905;3600;0.029740141426136544
Meta_437;67006;397112.15656123287;0.3333333333333333;54245;386659.943728822;0.33333278000233496;3600;0.013702468628650169
Meta_438;67006;397112.15656123287;0.38888888888888884;55164;397104.715712261;0.38888889047129244;3600;0.001134285454626556
Meta_439;67006;397112.15656123287;0.4444444444444444;55301;397125.11056052416;0.428762983747593;0;0.0
Meta_44;84836;529482.8754149772;0.16666666666666666;49173;175851.59730797636;0.2380132252215442;3600;0.02587222845730015
Meta_440;67006;397112.15656123287;0.5;55301;397125.11056052416;0.428762983747593;0;0.0
Meta_441;67006;529482.8754149772;0.0;49164;175295.27634648068;0.2378975338614718;3600;0.0365043705897207
Meta_442;67006;529482.8754149772;0.05555555555555555;49156;174994.05538119766;0.23780784754169113;3600;0.038095949382001414
Meta_443;67006;529482.8754149772;0.1111111111111111;49196;176610.85764985616;0.23825121237445437;3600;0.03959809622918842
Meta_444;67006;529482.8754149772;0.16666666666666666;49169;175367.78419712489;0.23796367290205375;3600;0.04536704737318661
Meta_445;67006;529482.8754149772;0.2222222222222222;49102;172762.61394565465;0.23722771367718576;3600;0.05384393942580123
Meta_446;67006;529482.8754149772;0.2777777777777778;51823;285171.99240328313;0.27777371307591603;3600;0.029710354448571934
Meta_447;67006;529482.8754149772;0.3333333333333333;54241;386023.9829501189;0.3333407911342227;3600;0.013491965440856705
Meta_448;67006;529482.8754149772;0.38888888888888884;56021;456835.9256863436;0.388888888888889;3600;0.00430326209110206
Meta_449;67006;529482.8754149772;0.4444444444444444;56842;481603.5737605243;0.4377106291121479;0;0.0
Meta_45;84836;529482.8754149772;0.2222222222222222;49106;173047.14419542448;0.23728471364075276;3600;0.02813872078518606
Meta_450;67006;529482.8754149772;0.5;56842;481603.5737605243;0.4377106291121479;0;0.0
Meta_451;67006;661853.5942687215;0.0;49162;175248.86774648068;0.23787605038717172;3600;0.03648880728911568
Meta_452;67006;661853.5942687215;0.05555555555555555;49156;174994.05538119766;0.23780784754169113;3600;0.03809512235033445
Meta_453;67006;661853.5942687215;0.1111111111111111;49196;176610.85764985616;0.23825121237445437;3600;0.03960694378469412
Meta_454;67006;661853.5942687215;0.16666666666666666;49169;175367.78419712489;0.23796367290205375;3600;0.0453612015527588
Meta_455;67006;661853.5942687215;0.2222222222222222;49102;172762.61394565465;0.23722771367718576;3600;0.05383827702235672
Meta_456;67006;661853.5942687215;0.2777777777777778;51823;285171.99240328313;0.27777371307591603;3600;0.029711863516814103
Meta_457;67006;661853.5942687215;0.3333333333333333;54241;386023.9829501189;0.3333407911342227;3600;0.01350266007116322
Meta_458;67006;661853.5942687215;0.38888888888888884;56021;456835.9256863436;0.388888888888889;3600;0.004305170980169782
Meta_459;67006;661853.5942687215;0.4444444444444444;56842;481603.5737605243;0.4377106291121479;0;0.0
Meta_46;84836;529482.8754149772;0.2777777777777778;51823;284991.3901664286;0.27778301998643745;3600;0.013632075465110138
Meta_460;67006;661853.5942687215;0.5;56842;481603.5737605243;0.4377106291121479;0;0.0
Meta_461;67006;794224.3131224657;0.0;49164;175295.27634648068;0.2378975338614718;3600;0.03650531634430862
Meta_462;67006;794224.3131224657;0.05555555555555555;49156;174994.05538119766;0.23780784754169113;3600;0.0380947607351054
Meta_463;67006;794224.3131224657;0.1111111111111111;49196;176610.85764985616;0.23825121237445437;3600;0.0395865938113764
Meta_464;67006;794224.3131224657;0.16666666666666666;49169;175367.78419712489;0.23796367290205375;3600;0.04536447276804801
Meta_465;67006;794224.3131224657;0.2222222222222222;49102;172762.61394565465;0.23722771367718576;3600;0.05384190713731303
Meta_466;67006;794224.3131224657;0.2777777777777778;51823;285171.99240328313;0.27777371307591603;3600;0.029711865310234422
Meta_467;67006;794224.3131224657;0.3333333333333333;54241;386023.9829501189;0.3333407911342227;3600;0.013482084150861419
Meta_468;67006;794224.3131224657;0.38888888888888884;56021;456835.9256863436;0.388888888888889;3600;0.004306234897336237
Meta_469;67006;794224.3131224657;0.4444444444444444;56842;481603.5737605243;0.4377106291121479;0;0.0
Meta_47;84836;529482.8754149772;0.3333333333333333;54241;386432.8711630768;0.3333291529201188;3600;0.005548761262788212
Meta_470;67006;794224.3131224657;0.5;56842;481603.5737605243;0.4377106291121479;0;0.0
Meta_471;67006;926595.0319762101;0.0;49164;175295.27634648068;0.2378975338614718;3600;0.036504448011461396
Meta_472;67006;926595.0319762101;0.05555555555555555;49156;174994.05538119766;0.23780784754169113;3600;0.03809463131223306
Meta_473;67006;926595.0319762101;0.1111111111111111;49196;176610.85764985616;0.23825121237445437;3600;0.039606441107017346
Meta_474;67006;926595.0319762101;0.16666666666666666;49169;175367.78419712489;0.23796367290205375;3600;0.045362168478979475
Meta_475;67006;926595.0319762101;0.2222222222222222;49102;172762.61394565465;0.23722771367718576;3600;0.05382378068288334
Meta_476;67006;926595.0319762101;0.2777777777777778;51823;285171.99240328313;0.27777371307591603;3600;0.029712827763231062
Meta_477;67006;926595.0319762101;0.3333333333333333;54241;386023.9829501189;0.3333407911342227;3600;0.01349684640281233
Meta_478;67006;926595.0319762101;0.38888888888888884;56021;456835.9256863436;0.388888888888889;3600;0.004306312856181447
Meta_479;67006;926595.0319762101;0.4444444444444444;56842;481603.5737605243;0.4377106291121479;0;0.0
Meta_48;84836;529482.8754149772;0.38888888888888884;56021;456797.10355771764;0.38888504618796277;3600;0.0015894723989365827
Meta_480;67006;926595.0319762101;0.5;56842;481603.5737605243;0.4377106291121479;0;0.0
Meta_481;67006;1058965.7508299544;0.0;49164;175295.27634648068;0.2378975338614718;3600;0.03650247546323947
Meta_482;67006;1058965.7508299544;0.05555555555555555;49156;174994.05538119766;0.23780784754169113;3600;0.03809779153897271
Meta_483;67006;1058965.7508299544;0.1111111111111111;49196;176610.85764985616;0.23825121237445437;3600;0.03960130718919626
Meta_484;67006;1058965.7508299544;0.16666666666666666;49169;175367.78419712489;0.23796367290205375;3600;0.045360484483191965
Meta_485;67006;1058965.7508299544;0.2222222222222222;49102;172762.61394565465;0.23722771367718576;3600;0.05384138810778383
Meta_486;67006;1058965.7508299544;0.2777777777777778;51823;285171.99240328313;0.27777371307591603;3600;0.02971181737793153
Meta_487;67006;1058965.7508299544;0.3333333333333333;54241;386023.9829501189;0.3333407911342227;3600;0.013468406022178254
Meta_488;67006;1058965.7508299544;0.38888888888888884;56021;456835.9256863436;0.388888888888889;3600;0.0043050322539832115
Meta_489;67006;1058965.7508299544;0.4444444444444444;56842;481603.5737605243;0.4377106291121479;0;0.0
Meta_49;84836;529482.8754149772;0.4444444444444444;56842;481603.5737605243;0.4377106291121479;0;0.0
Meta_490;67006;1058965.7508299544;0.5;56842;481603.5737605243;0.4377106291121479;0;0.0
Meta_491;67006;1191336.4696836986;0.0;49164;175295.27634648068;0.2378975338614718;3600;0.036504448011461396
Meta_492;67006;1191336.4696836986;0.05555555555555555;49156;174994.05538119766;0.23780784754169113;3600;0.0380942514427816
Meta_493;67006;1191336.4696836986;0.1111111111111111;49196;176610.85764985616;0.23825121237445437;3600;0.039601960566920745
Meta_494;67006;1191336.4696836986;0.16666666666666666;49169;175367.78419712489;0.23796367290205375;3600;0.04536660578585439
Meta_495;67006;1191336.4696836986;0.2222222222222222;49102;172762.61394565465;0.23722771367718576;3600;0.05384138810778383
Meta_496;67006;1191336.4696836986;0.2777777777777778;51823;285171.99240328313;0.27777371307591603;3600;0.02971181737793153
Meta_497;67006;1191336.4696836986;0.3333333333333333;54241;386023.9829501189;0.3333407911342227;3600;0.013502246841358439
Meta_498;67006;1191336.4696836986;0.38888888888888884;56021;456835.9256863436;0.388888888888889;3600;0.004305345627791701
Meta_499;67006;1191336.4696836986;0.4444444444444444;56842;481603.5737605243;0.4377106291121479;0;0.0
Meta_5;84836;0.0;0.2222222222222222;44996;4122.696;0.22221744447228234;1;0.0
Meta_50;84836;529482.8754149772;0.5;56842;481603.5737605243;0.4377106291121479;0;0.0
Meta_500;67006;1191336.4696836986;0.5;56842;481603.5737605243;0.4377106291121479;0;0.0
Meta_501;62549;0.0;0.0;44845;2550.059965161125;0.21827506496164953;1991;1.85797738123304E-7
Meta_502;62549;0.0;0.05555555555555555;44843;2530.1487651611246;0.21826363090743206;1680;2.363556115559424E-7
Meta_503;62549;0.0;0.1111111111111111;44845;2570.8670651611255;0.21826274691681408;1640;0.0
Meta_504;62549;0.0;0.16666666666666666;44844;2528.7058651611255;0.2182758500472947;1839;0.0
Meta_505;62549;0.0;0.2222222222222222;44996;4122.696;0.22221744447228234;1;0.0
Meta_506;62549;0.0;0.2777777777777778;45427;10770.1026;0.24608102699981407;0;0.0
Meta_507;62549;0.0;0.3333333333333333;45427;10770.1026;0.24608102699981407;0;0.0
Meta_508;62549;0.0;0.38888888888888884;45427;10770.1026;0.24608102699981407;0;0.0
Meta_509;62549;0.0;0.4444444444444444;45427;10770.1026;0.24608102699981407;0;0.0
Meta_51;84836;661853.5942687215;0.0;49161;175175.30838996207;0.23786388782466605;3600;0.023104250450056943
Meta_510;62549;0.0;0.5;45427;10770.1026;0.24608102699981407;0;0.0
Meta_511;62549;132370.7188537443;0.0;48134;132372.4404468043;0.22830471610130773;3600;0.025293277564377832
Meta_512;62549;132370.7188537443;0.05555555555555555;48122;132369.62572456346;0.22825953056498344;3600;0.025295816897349208
Meta_513;62549;132370.7188537443;0.1111111111111111;48135;132366.75186890442;0.22831077629630325;3601;0.02818658259335207
Meta_514;62549;132370.7188537443;0.16666666666666666;48108;132367.61722945;0.22794289911450769;3600;0.03287549978170742
Meta_515;62549;132370.7188537443;0.2222222222222222;48087;132361.39900324724;0.22812224439892953;3600;0.042604869866670954
Meta_516;62549;132370.7188537443;0.2777777777777778;49160;132368.59657608825;0.27777811478435316;3600;0.002384277342728026
Meta_517;62549;132370.7188537443;0.3333333333333333;49406;132382.02804518217;0.3333323036641919;76;2.0439555255562472E-7
Meta_518;62549;132370.7188537443;0.38888888888888884;49415;132362.6117973399;0.34401888446111145;0;0.0
Meta_519;62549;132370.7188537443;0.4444444444444444;49415;132362.6117973399;0.34401888446111145;0;0.0
Meta_52;84836;661853.5942687215;0.05555555555555555;49156;174946.82404096774;0.23780583577806358;3600;0.02351725509037387
Meta_520;62549;132370.7188537443;0.5;49415;132362.6117973399;0.34401888446111145;0;0.0
Meta_521;62549;264741.4377074886;0.0;49195;176568.79671135172;0.23824455161427655;3600;0.04342273248272881
Meta_522;62549;264741.4377074886;0.05555555555555555;49157;175137.59145441907;0.23782181012349818;3600;0.04310783064092301
Meta_523;62549;264741.4377074886;0.1111111111111111;49147;174529.27781970208;0.2377209388674291;3600;0.04658329949509265
Meta_524;62549;264741.4377074886;0.16666666666666666;49165;175363.63378119774;0.23790538314909368;3600;0.054004600494190154
Meta_525;62549;264741.4377074886;0.2222222222222222;49072;171617.42386276936;0.2369017337752816;3600;0.06794972252205168
Meta_526;62549;264741.4377074886;0.2777777777777778;51646;264740.5967813951;0.2777686728323032;3600;0.017501995394543092
Meta_527;62549;264741.4377074886;0.3333333333333333;52348;264733.1403499038;0.3333326607829557;3600;0.0026013416984918734
Meta_528;62549;264741.4377074886;0.38888888888888884;52560;264748.95219733985;0.38889012122272315;3600;2.0627631926129406E-5
Meta_529;62549;264741.4377074886;0.4444444444444444;52566;264743.4055973399;0.3958325315421899;0;0.0
Meta_53;84836;661853.5942687215;0.1111111111111111;49135;173971.5047141891;0.2375799122424785;3600;0.02427578049809165
Meta_530;62549;264741.4377074886;0.5;52566;264743.4055973399;0.3958325315421899;0;0.0
Meta_531;62549;397112.15656123287;0.0;49164;175267.3583276404;0.23789565553844585;3600;0.047489776466266745
Meta_532;62549;397112.15656123287;0.05555555555555555;49177;175849.60525524514;0.2380427393487278;3600;0.047938164335149025
Meta_533;62549;397112.15656123287;0.1111111111111111;49177;175777.86675441902;0.23803705243012638;3600;0.05245371583062298
Meta_534;62549;397112.15656123287;0.16666666666666666;49196;176669.48157663477;0.23825842795042845;3600;0.060613179683196496
Meta_535;62549;397112.15656123287;0.2222222222222222;49127;173968.73215441895;0.23750594468552658;3600;0.07104022374566864
Meta_536;62549;397112.15656123287;0.2777777777777778;51823;285736.2089692201;0.2777786411736028;3600;0.04192634689901075
Meta_537;62549;397112.15656123287;0.3333333333333333;54244;387120.8892268758;0.33333227593494835;3600;0.021173736523897407
Meta_538;62549;397112.15656123287;0.38888888888888884;55165;397121.45761747146;0.3888888815637497;3600;0.0017531199199061188
Meta_539;62549;397112.15656123287;0.4444444444444444;55301;397125.11056052416;0.428762983747593;0;0.0
Meta_54;84836;661853.5942687215;0.16666666666666666;49173;175851.59730797636;0.2380132252215442;3600;0.02587064445077757
Meta_540;62549;397112.15656123287;0.5;55301;397125.11056052416;0.428762983747593;0;0.0
Meta_541;62549;529482.8754149772;0.0;49207;176659.67901135175;0.23837782876058608;3600;0.04354482678940449
Meta_542;62549;529482.8754149772;0.05555555555555555;49178;175931.1031331534;0.23805465941389833;3600;0.04464858240652442
Meta_543;62549;529482.8754149772;0.1111111111111111;49158;175225.27912130367;0.2378332136954177;3600;0.04891083351605707
Meta_544;62549;529482.8754149772;0.16666666666666666;49179;175884.3197079763;0.238058915485224;3600;0.05531801039088141
Meta_545;62549;529482.8754149772;0.2222222222222222;49125;173801.47197959604;0.23747244302310386;3600;0.07043675335262953
Meta_546;62549;529482.8754149772;0.2777777777777778;51823;285296.0117378761;0.2777772051641453;3600;0.04215271076074937
Meta_547;62549;529482.8754149772;0.3333333333333333;54245;387343.17573095724;0.3333343692732375;3600;0.02390035552144031
Meta_548;62549;529482.8754149772;0.38888888888888884;56021;456705.3823765557;0.38888852575307575;3600;0.006875846451581358
Meta_549;62549;529482.8754149772;0.4444444444444444;56842;481603.5737605243;0.4377106291121479;0;0.0
Meta_55;84836;661853.5942687215;0.2222222222222222;49105;172984.06560875181;0.23727408780861067;3600;0.02814765483614373
Meta_550;62549;529482.8754149772;0.5;56842;481603.5737605243;0.4377106291121479;0;0.0
Meta_551;62549;661853.5942687215;0.0;49207;176659.67901135175;0.23837782876058608;3600;0.04353698992122423
Meta_552;62549;661853.5942687215;0.05555555555555555;49178;175931.1031331534;0.23805465941389833;3600;0.044648325911486826
Meta_553;62549;661853.5942687215;0.1111111111111111;49158;175225.27912130367;0.2378332136954177;3600;0.048899220817238076
Meta_554;62549;661853.5942687215;0.16666666666666666;49179;175884.3197079763;0.238058915485224;3600;0.05531263811607705
Meta_555;62549;661853.5942687215;0.2222222222222222;49125;173801.47197959604;0.23747244302310386;3600;0.07043612113928932
Meta_556;62549;661853.5942687215;0.2777777777777778;51823;285296.0117378761;0.2777772051641453;3600;0.04215186317446816
Meta_557;62549;661853.5942687215;0.3333333333333333;54245;387404.6716309573;0.33333973926490307;3600;0.02398636081290721
Meta_558;62549;661853.5942687215;0.38888888888888884;56021;456705.3823765557;0.38888852575307575;3600;0.006873765211265215
Meta_559;62549;661853.5942687215;0.4444444444444444;56842;481603.5737605243;0.4377106291121479;0;0.0
Meta_56;84836;661853.5942687215;0.2777777777777778;51823;284991.3901664286;0.27778301998643745;3600;0.0136306764152482
Meta_560;62549;661853.5942687215;0.5;56842;481603.5737605243;0.4377106291121479;0;0.0
Meta_561;62549;794224.3131224657;0.0;49207;176659.67901135175;0.23837782876058608;3600;0.04354785221895738
Meta_562;62549;794224.3131224657;0.05555555555555555;49186;176196.2381331534;0.2381407362935625;3600;0.04465964742214519
Meta_563;62549;794224.3131224657;0.1111111111111111;49158;175225.27912130367;0.2378332136954177;3600;0.04889725449933653
Meta_564;62549;794224.3131224657;0.16666666666666666;49179;175884.3197079763;0.238058915485224;3600;0.05531207240910984
Meta_565;62549;794224.3131224657;0.2222222222222222;49125;173801.47197959604;0.23747244302310386;3600;0.07043518040420964
Meta_566;62549;794224.3131224657;0.2777777777777778;51823;285296.0117378761;0.2777772051641453;3600;0.04215186317446816
Meta_567;62549;794224.3131224657;0.3333333333333333;54245;387404.6716309573;0.33333973926490307;3600;0.02398610509319953
Meta_568;62549;794224.3131224657;0.38888888888888884;56021;456705.3823765557;0.38888852575307575;3600;0.006871834699657984
Meta_569;62549;794224.3131224657;0.4444444444444444;56842;481603.5737605243;0.4377106291121479;0;0.0
Meta_57;84836;661853.5942687215;0.3333333333333333;54241;386432.8711630768;0.3333291529201188;3600;0.005542344746152958
Meta_570;62549;794224.3131224657;0.5;56842;481603.5737605243;0.4377106291121479;0;0.0
Meta_571;62549;926595.0319762101;0.0;49207;176659.67901135175;0.23837782876058608;3600;0.04354509433269762
Meta_572;62549;926595.0319762101;0.05555555555555555;49186;176196.2381331534;0.2381407362935625;3600;0.044656323333140256
Meta_573;62549;926595.0319762101;0.1111111111111111;49158;175225.27912130367;0.2378332136954177;3600;0.04890315244256049
Meta_574;62549;926595.0319762101;0.16666666666666666;49179;175884.3197079763;0.238058915485224;3600;0.05532110471051091
Meta_575;62549;926595.0319762101;0.2222222222222222;49125;173801.47197959604;0.23747244302310386;3600;0.07042583799411152
Meta_576;62549;926595.0319762101;0.2777777777777778;51823;285296.0117378761;0.2777772051641453;3600;0.04214846947958727
Meta_577;62549;926595.0319762101;0.3333333333333333;54245;387404.6716309573;0.33333973926490307;3601;0.02398610813317239
Meta_578;62549;926595.0319762101;0.38888888888888884;56021;456705.3823765557;0.38888852575307575;3600;0.006872944659732615
Meta_579;62549;926595.0319762101;0.4444444444444444;56842;481603.5737605243;0.4377106291121479;0;0.0
Meta_58;84836;661853.5942687215;0.38888888888888884;56021;456797.10355771764;0.38888504618796277;3600;0.0015897976205399968
Meta_580;62549;926595.0319762101;0.5;56842;481603.5737605243;0.4377106291121479;0;0.0
Meta_581;62549;1058965.7508299544;0.0;49207;176659.67901135175;0.23837782876058608;3600;0.04354445510057772
Meta_582;62549;1058965.7508299544;0.05555555555555555;49186;176196.2381331534;0.2381407362935625;3601;0.0446544839582331
Meta_583;62549;1058965.7508299544;0.1111111111111111;49158;175225.27912130367;0.2378332136954177;3600;0.04890380242819558
Meta_584;62549;1058965.7508299544;0.16666666666666666;49179;175884.3197079763;0.238058915485224;3600;0.05531568575926613
Meta_585;62549;1058965.7508299544;0.2222222222222222;49125;173801.47197959604;0.23747244302310386;3600;0.0704347852196452
Meta_586;62549;1058965.7508299544;0.2777777777777778;51823;285296.0117378761;0.2777772051641453;3600;0.04214808246885357
Meta_587;62549;1058965.7508299544;0.3333333333333333;54245;387343.17573095724;0.3333343692732375;3600;0.023900492550897805
Meta_588;62549;1058965.7508299544;0.38888888888888884;56021;456705.3823765557;0.38888852575307575;3600;0.006872532856352362
Meta_589;62549;1058965.7508299544;0.4444444444444444;56842;481603.5737605243;0.4377106291121479;0;0.0
Meta_59;84836;661853.5942687215;0.4444444444444444;56842;481603.5737605243;0.4377106291121479;0;0.0
Meta_590;62549;1058965.7508299544;0.5;56842;481603.5737605243;0.4377106291121479;0;0.0
Meta_591;62549;1191336.4696836986;0.0;49207;176659.67901135175;0.23837782876058608;3600;0.04354005851758739
Meta_592;62549;1191336.4696836986;0.05555555555555555;49186;176196.2381331534;0.2381407362935625;3600;0.04465500972834699
Meta_593;62549;1191336.4696836986;0.1111111111111111;49158;175225.27912130367;0.2378332136954177;3600;0.04890759399948964
Meta_594;62549;1191336.4696836986;0.16666666666666666;49179;175884.3197079763;0.238058915485224;3600;0.05531827983214275
Meta_595;62549;1191336.4696836986;0.2222222222222222;49125;173801.47197959604;0.23747244302310386;3600;0.07043697900815263
Meta_596;62549;1191336.4696836986;0.2777777777777778;51823;285296.0117378761;0.2777772051641453;3600;0.04215271076074937
Meta_597;62549;1191336.4696836986;0.3333333333333333;54245;387404.6716309573;0.33333973926490307;3600;0.023990754337586927
Meta_598;62549;1191336.4696836986;0.38888888888888884;56021;456705.3823765557;0.38888852575307575;3601;0.006873631795810625
Meta_599;62549;1191336.4696836986;0.4444444444444444;56842;481603.5737605243;0.4377106291121479;0;0.0
Meta_6;84836;0.0;0.2777777777777778;45427;10770.1026;0.24608102699981407;0;0.0
Meta_60;84836;661853.5942687215;0.5;56842;481603.5737605243;0.4377106291121479;0;0.0
Meta_600;62549;1191336.4696836986;0.5;56842;481603.5737605243;0.4377106291121479;0;0.0
Meta_601;58092;0.0;0.0;44842;2499.627865161125;0.21826987564737224;1514;0.0
Meta_602;58092;0.0;0.05555555555555555;44842;2499.570265161125;0.21827007611141933;1603;0.0
Meta_603;58092;0.0;0.1111111111111111;44849;2658.0454651611253;0.2182573875660394;1883;0.0
Meta_604;58092;0.0;0.16666666666666666;44849;2658.0454651611253;0.2182573875660394;1714;0.0
Meta_605;58092;0.0;0.2222222222222222;44996;4122.696;0.22221744447228234;1;0.0
Meta_606;58092;0.0;0.2777777777777778;45427;10770.1026;0.24608102699981407;0;0.0
Meta_607;58092;0.0;0.3333333333333333;45427;10770.1026;0.24608102699981407;0;0.0
Meta_608;58092;0.0;0.38888888888888884;45427;10770.1026;0.24608102699981407;0;0.0
Meta_609;58092;0.0;0.4444444444444444;45427;10770.1026;0.24608102699981407;0;0.0
Meta_61;84836;794224.3131224657;0.0;49166;175277.67558996208;0.2379184086485908;3600;0.023110513182782916
Meta_610;58092;0.0;0.5;45427;10770.1026;0.24608102699981407;0;0.0
Meta_611;58092;132370.7188537443;0.0;48115;132371.33828708247;0.22801004562719873;3600;0.031467659029064066
Meta_612;58092;132370.7188537443;0.05555555555555555;48119;132369.5891072788;0.2280684836585122;3600;0.031607504423653746
Meta_613;58092;132370.7188537443;0.1111111111111111;48131;132368.2123485781;0.22822981153524385;3600;0.035635807846962374
Meta_614;58092;132370.7188537443;0.16666666666666666;48120;132371.55807931034;0.22805035137721102;3600;0.042541190118801454
Meta_615;58092;132370.7188537443;0.2222222222222222;48130;132340.34830917427;0.2281813880536239;3600;0.060893742470029266
Meta_616;58092;132370.7188537443;0.2777777777777778;49160;132371.0651118411;0.27777753511014874;3600;0.0032112511448298122
Meta_617;58092;132370.7188537443;0.3333333333333333;49406;132382.02804518217;0.3333323036641919;41;1.9518207378956248E-7
Meta_618;58092;132370.7188537443;0.38888888888888884;49415;132362.6117973399;0.34401888446111145;0;0.0
Meta_619;58092;132370.7188537443;0.4444444444444444;49415;132362.6117973399;0.34401888446111145;0;0.0
Meta_62;84836;794224.3131224657;0.05555555555555555;49156;174946.82404096774;0.23780583577806358;3600;0.023517020729086974
Meta_620;58092;132370.7188537443;0.5;49415;132362.6117973399;0.34401888446111145;0;0.0
Meta_621;58092;264741.4377074886;0.0;49157;175164.3063276404;0.23781702704612961;3600;0.05281999548972953
Meta_622;58092;264741.4377074886;0.05555555555555555;49139;174404.1813929234;0.23762316727796795;3600;0.05153633524870514
Meta_623;58092;264741.4377074886;0.1111111111111111;49156;175076.36815441912;0.23780541014226342;3600;0.05978515154278049
Meta_624;58092;264741.4377074886;0.16666666666666666;49187;176182.62953640483;0.23815543949954773;3600;0.07260559405747291
Meta_625;58092;264741.4377074886;0.2222222222222222;49136;174292.24576318348;0.23760277295395085;3600;0.09898983707857607
Meta_626;58092;264741.4377074886;0.2777777777777778;51645;264739.29346853035;0.2777750199278028;3600;0.029635157293592125
Meta_627;58092;264741.4377074886;0.3333333333333333;52348;264734.51822931936;0.3333331465422255;3600;0.004667741418805093
Meta_628;58092;264741.4377074886;0.38888888888888884;52560;264748.9578973399;0.38889011506040655;3600;3.810479978837364E-5
Meta_629;58092;264741.4377074886;0.4444444444444444;52566;264743.4055973399;0.3958325315421899;0;0.0
Meta_63;84836;794224.3131224657;0.1111111111111111;49135;173971.5047141891;0.2375799122424785;3600;0.024275224167235716
Meta_630;58092;264741.4377074886;0.5;52566;264743.4055973399;0.3958325315421899;0;0.0
Meta_631;58092;397112.15656123287;0.0;49176;175815.3128811976;0.2380270195695263;3600;0.057454453114040335
Meta_632;58092;397112.15656123287;0.05555555555555555;49247;178639.92802279172;0.23884085303326102;3600;0.05994367054046517
Meta_633;58092;397112.15656123287;0.1111111111111111;49163;175375.53681431306;0.23788842703049037;3600;0.06547462509866493
Meta_634;58092;397112.15656123287;0.16666666666666666;49168;175392.47028119763;0.23794002947965034;3600;0.07964609373033923
Meta_635;58092;397112.15656123287;0.2222222222222222;49100;172875.01961418905;0.23721010269478446;3600;0.09864917549981966
Meta_636;58092;397112.15656123287;0.2777777777777778;51823;285403.5254451147;0.2777757747404306;3600;0.07192068173784533
Meta_637;58092;397112.15656123287;0.3333333333333333;54242;385842.3471616449;0.3333506886089915;3600;0.04394827025604274
Meta_638;58092;397112.15656123287;0.38888888888888884;55164;397105.5832373261;0.38888868783961983;3600;0.004370319611365889
Meta_639;58092;397112.15656123287;0.4444444444444444;55301;397125.11056052416;0.428762983747593;0;0.0
Meta_64;84836;794224.3131224657;0.16666666666666666;49173;175851.59730797636;0.2380132252215442;3600;0.025872499868611943
Meta_640;58092;397112.15656123287;0.5;55301;397125.11056052416;0.428762983747593;0;0.0
Meta_641;58092;529482.8754149772;0.0;49147;174587.69153315338;0.23771032621911928;3600;0.05180575319614332
Meta_642;58092;529482.8754149772;0.05555555555555555;49157;174984.91272764042;0.23782021365101041;3600;0.055364937513947395
Meta_643;58092;529482.8754149772;0.1111111111111111;49138;174322.90059292337;0.23761164393354023;3600;0.06100455955115826
Meta_644;58092;529482.8754149772;0.16666666666666666;49154;174929.52597959602;0.2377890406562498;3600;0.0732293436530794
Meta_645;58092;529482.8754149772;0.2222222222222222;49104;173280.5020330294;0.2372614810400945;3600;0.09985756282494176
Meta_646;58092;529482.8754149772;0.2777777777777778;51823;285262.37569854804;0.2777842643256545;3600;0.07156752607257334
Meta_647;58092;529482.8754149772;0.3333333333333333;54245;387029.0427259846;0.33333333333333365;3600;0.04911467774434158
Meta_648;58092;529482.8754149772;0.38888888888888884;56021;456497.9327480574;0.3888888600615962;3600;0.022898439010525164
Meta_649;58092;529482.8754149772;0.4444444444444444;56842;481603.5737605243;0.4377106291121479;0;0.0
Meta_65;84836;794224.3131224657;0.2222222222222222;49105;172984.06560875181;0.23727408780861067;3600;0.028146895183425433
Meta_650;58092;529482.8754149772;0.5;56842;481603.5737605243;0.4377106291121479;0;0.0
Meta_651;58092;661853.5942687215;0.0;49147;174587.69153315338;0.23771032621911928;3600;0.05179809691487346
Meta_652;58092;661853.5942687215;0.05555555555555555;49157;174984.91272764042;0.23782021365101041;3600;0.05536435490629276
Meta_653;58092;661853.5942687215;0.1111111111111111;49138;174322.90059292337;0.23761164393354023;3600;0.06100736508224936
Meta_654;58092;661853.5942687215;0.16666666666666666;49154;174929.52597959602;0.2377890406562498;3600;0.07322517051341171
Meta_655;58092;661853.5942687215;0.2222222222222222;49104;173280.5020330294;0.2372614810400945;3600;0.09985382271945047
Meta_656;58092;661853.5942687215;0.2777777777777778;51823;285262.37569854804;0.2777842643256545;3600;0.07156126570950695
Meta_657;58092;661853.5942687215;0.3333333333333333;54245;387029.0427259846;0.33333333333333365;3600;0.04910576047608236
Meta_658;58092;661853.5942687215;0.38888888888888884;56021;456497.9327480574;0.3888888600615962;3600;0.022897539844697654
Meta_659;58092;661853.5942687215;0.4444444444444444;56842;481603.5737605243;0.4377106291121479;0;0.0
Meta_66;84836;794224.3131224657;0.2777777777777778;51823;284991.3901664286;0.27778301998643745;3600;0.013632075465110138
Meta_660;58092;661853.5942687215;0.5;56842;481603.5737605243;0.4377106291121479;0;0.0
Meta_661;58092;794224.3131224657;0.0;49147;174587.69153315338;0.23771032621911928;3600;0.05181280674000607
Meta_662;58092;794224.3131224657;0.05555555555555555;49157;174984.91272764042;0.23782021365101041;3600;0.05536395119434033
Meta_663;58092;794224.3131224657;0.1111111111111111;49138;174322.90059292337;0.23761164393354023;3600;0.06100403738900848
Meta_664;58092;794224.3131224657;0.16666666666666666;49152;174808.80214903;0.23776848045941418;3600;0.07323875643069051
Meta_665;58092;794224.3131224657;0.2222222222222222;49104;173280.5020330294;0.2372614810400945;3600;0.09984977200007035
Meta_666;58092;794224.3131224657;0.2777777777777778;51823;285262.37569854804;0.2777842643256545;3600;0.07156873749455084
Meta_667;58092;794224.3131224657;0.3333333333333333;54245;387029.0427259846;0.33333333333333365;3600;0.04910615259027603
Meta_668;58092;794224.3131224657;0.38888888888888884;56021;456497.9327480574;0.3888888600615962;3600;0.022892426916688965
Meta_669;58092;794224.3131224657;0.4444444444444444;56842;481603.5737605243;0.4377106291121479;0;0.0
Meta_67;84836;794224.3131224657;0.3333333333333333;54241;386432.8711630768;0.3333291529201188;3600;0.005547601656116171
Meta_670;58092;794224.3131224657;0.5;56842;481603.5737605243;0.4377106291121479;0;0.0
Meta_671;58092;926595.0319762101;0.0;49147;174587.69153315338;0.23771032621911928;3600;0.051805314024142055
Meta_672;58092;926595.0319762101;0.05555555555555555;49157;174984.91272764042;0.23782021365101041;3600;0.0553630426671614
Meta_673;58092;926595.0319762101;0.1111111111111111;49138;174322.90059292337;0.23761164393354023;3600;0.0610115139196741
Meta_674;58092;926595.0319762101;0.16666666666666666;49154;174929.52597959602;0.2377890406562498;3601;0.07323005846889215
Meta_675;58092;926595.0319762101;0.2222222222222222;49104;173280.5020330294;0.2372614810400945;3600;0.09984625448641164
Meta_676;58092;926595.0319762101;0.2777777777777778;51823;285262.37569854804;0.2777842643256545;3600;0.07156126570950695
Meta_677;58092;926595.0319762101;0.3333333333333333;54245;387029.0427259846;0.33333333333333365;3600;0.04909977930890631
Meta_678;58092;926595.0319762101;0.38888888888888884;56021;456497.9327480574;0.3888888600615962;3600;0.022903080995484198
Meta_679;58092;926595.0319762101;0.4444444444444444;56842;481603.5737605243;0.4377106291121479;0;0.0
Meta_68;84836;794224.3131224657;0.38888888888888884;56021;456797.10355771764;0.38888504618796277;3600;0.0015904890242164126
Meta_680;58092;926595.0319762101;0.5;56842;481603.5737605243;0.4377106291121479;0;0.0
Meta_681;58092;1058965.7508299544;0.0;49147;174587.69153315338;0.23771032621911928;3600;0.05180564057688979
Meta_682;58092;1058965.7508299544;0.05555555555555555;49157;174984.91272764042;0.23782021365101041;3600;0.055361973649536045
Meta_683;58092;1058965.7508299544;0.1111111111111111;49138;174322.90059292337;0.23761164393354023;3600;0.06100903622588316
Meta_684;58092;1058965.7508299544;0.16666666666666666;49154;174929.52597959602;0.2377890406562498;3600;0.07322869029097559
Meta_685;58092;1058965.7508299544;0.2222222222222222;49104;173280.5020330294;0.2372614810400945;3600;0.09984823473765021
Meta_686;58092;1058965.7508299544;0.2777777777777778;51823;285262.37569854804;0.2777842643256545;3600;0.07155944484374402
Meta_687;58092;1058965.7508299544;0.3333333333333333;54245;387029.0427259846;0.33333333333333365;3600;0.049097400797162176
Meta_688;58092;1058965.7508299544;0.38888888888888884;56021;456497.9327480574;0.3888888600615962;3600;0.02289406059214276
Meta_689;58092;1058965.7508299544;0.4444444444444444;56842;481603.5737605243;0.4377106291121479;0;0.0
Meta_69;84836;794224.3131224657;0.4444444444444444;56842;481603.5737605243;0.4377106291121479;0;0.0
Meta_690;58092;1058965.7508299544;0.5;56842;481603.5737605243;0.4377106291121479;0;0.0
Meta_691;58092;1191336.4696836986;0.0;49147;174587.69153315338;0.23771032621911928;3600;0.05180790210239985
Meta_692;58092;1191336.4696836986;0.05555555555555555;49157;174984.91272764042;0.23782021365101041;3600;0.05536307206494283
Meta_693;58092;1191336.4696836986;0.1111111111111111;49138;174322.90059292337;0.23761164393354023;3601;0.06101181601180723
Meta_694;58092;1191336.4696836986;0.16666666666666666;49154;174929.52597959602;0.2377890406562498;3600;0.0732207289752754
Meta_695;58092;1191336.4696836986;0.2222222222222222;49104;173280.5020330294;0.2372614810400945;3600;0.09985247799953183
Meta_696;58092;1191336.4696836986;0.2777777777777778;51823;285262.37569854804;0.2777842643256545;3600;0.07156248950610503
Meta_697;58092;1191336.4696836986;0.3333333333333333;54245;387029.0427259846;0.33333333333333365;3600;0.04911076291845187
Meta_698;58092;1191336.4696836986;0.38888888888888884;56021;456497.9327480574;0.3888888600615962;3600;0.022899585791998637
Meta_699;58092;1191336.4696836986;0.4444444444444444;56842;481603.5737605243;0.4377106291121479;0;0.0
Meta_7;84836;0.0;0.3333333333333333;45427;10770.1026;0.24608102699981407;0;0.0
Meta_70;84836;794224.3131224657;0.5;56842;481603.5737605243;0.4377106291121479;0;0.0
Meta_700;58092;1191336.4696836986;0.5;56842;481603.5737605243;0.4377106291121479;0;0.0
Meta_701;53634;0.0;0.0;44844;2551.4452651611246;0.21826238324123348;1439;0.0
Meta_702;53634;0.0;0.05555555555555555;44845;2572.382465161125;0.21826174233340145;1435;1.621066241885E-16
Meta_703;53634;0.0;0.1111111111111111;44843;2530.1487651611246;0.21826363090743206;1340;0.0
Meta_704;53634;0.0;0.16666666666666666;44847;2613.0354651611246;0.21826116013989133;1401;0.0
Meta_705;53634;0.0;0.2222222222222222;44996;4122.696;0.22221744447228234;1;0.0
Meta_706;53634;0.0;0.2777777777777778;45427;10770.1026;0.24608102699981407;0;0.0
Meta_707;53634;0.0;0.3333333333333333;45427;10770.1026;0.24608102699981407;0;0.0
Meta_708;53634;0.0;0.38888888888888884;45427;10770.1026;0.24608102699981407;0;0.0
Meta_709;53634;0.0;0.4444444444444444;45427;10770.1026;0.24608102699981407;0;0.0
Meta_71;84836;926595.0319762101;0.0;49161;175175.30838996207;0.23786388782466605;3600;0.023105851575531387
Meta_710;53634;0.0;0.5;45427;10770.1026;0.24608102699981407;0;0.0
Meta_711;53634;132370.7188537443;0.0;48138;132370.75832262554;0.22824409503460674;3600;0.040778272995887016
Meta_712;53634;132370.7188537443;0.05555555555555555;48131;132368.82563607686;0.22815621384624044;3600;0.041930392363529245
Meta_713;53634;132370.7188537443;0.1111111111111111;48137;132370.50507914418;0.2282173696065057;3600;0.04799079815660722
Meta_714;53634;132370.7188537443;0.16666666666666666;48134;132370.7530494042;0.22820304794460455;3600;0.0645666575361803
Meta_715;53634;132370.7188537443;0.2222222222222222;48123;132361.93422386362;0.22822111560420755;3600;0.09919644296960377
Meta_716;53634;132370.7188537443;0.2777777777777778;49160;132369.63449844034;0.2777739964350429;3600;0.0040719990063329305
Meta_717;53634;132370.7188537443;0.3333333333333333;49406;132382.02804518217;0.3333323036641919;2;0.0
Meta_718;53634;132370.7188537443;0.38888888888888884;49415;132362.6117973399;0.34401888446111145;0;0.0
Meta_719;53634;132370.7188537443;0.4444444444444444;49415;132362.6117973399;0.34401888446111145;0;0.0
Meta_72;84836;926595.0319762101;0.05555555555555555;49156;174946.82404096774;0.23780583577806358;3600;0.023514291402113932
Meta_720;53634;132370.7188537443;0.5;49415;132362.6117973399;0.34401888446111145;0;0.0
Meta_721;53634;264741.4377074886;0.0;49110;173124.51437947212;0.23730482907020176;3600;0.06696906489144701
Meta_722;53634;264741.4377074886;0.05555555555555555;49101;172791.1452794721;0.2372080309644359;3600;0.0708846348276541
Meta_723;53634;264741.4377074886;0.1111111111111111;49107;172990.72317947212;0.23727267739631525;3600;0.08067056962502661
Meta_724;53634;264741.4377074886;0.16666666666666666;49106;173033.3923794721;0.23726179988958565;3600;0.10617478777106557
Meta_725;53634;264741.4377074886;0.2222222222222222;49106;172836.3216141891;0.2372740515501384;3600;0.18300271393846862
Meta_726;53634;264741.4377074886;0.2777777777777778;51646;264739.0061523552;0.2777789418918369;3600;0.09451765174808785
Meta_727;53634;264741.4377074886;0.3333333333333333;52348;264740.72226733516;0.3333343737993303;3600;0.01710730948678073
Meta_728;53634;264741.4377074886;0.38888888888888884;52560;264749.0547973399;0.38888885129929623;4;0.0
Meta_729;53634;264741.4377074886;0.4444444444444444;52566;264743.4055973399;0.3958325315421899;0;0.0
Meta_73;84836;926595.0319762101;0.1111111111111111;49135;173971.5047141891;0.2375799122424785;3600;0.024277579971910202
Meta_730;53634;264741.4377074886;0.5;52566;264743.4055973399;0.3958325315421899;0;0.0
Meta_731;53634;397112.15656123287;0.0;49096;172596.59017947208;0.2371543110020995;3600;0.06769899225521833
Meta_732;53634;397112.15656123287;0.05555555555555555;49099;172717.4673794721;0.23718657780070596;3600;0.06959571742151881
Meta_733;53634;397112.15656123287;0.1111111111111111;49101;172843.81957947213;0.23720802842232064;3600;0.0806355852743895
Meta_734;53634;397112.15656123287;0.16666666666666666;49099;172719.86127947207;0.23718676436038638;3600;0.10545815410642402
Meta_735;53634;397112.15656123287;0.2222222222222222;49068;171342.38617947215;0.2368580874691891;3600;0.17361506944890337
Meta_736;53634;397112.15656123287;0.2777777777777778;51820;285224.4760759353;0.277779278832087;3600;0.23910324900502272
Meta_737;53634;397112.15656123287;0.3333333333333333;53635;365376.10204471485;0.33291181466640013;3;0.0
Meta_738;53634;397112.15656123287;0.38888888888888884;53749;372240.36181462347;0.38886823468214776;0;0.0
Meta_739;53634;397112.15656123287;0.4444444444444444;53634;355055.00016052416;0.42392442438348116;0;0.0
Meta_74;84836;926595.0319762101;0.16666666666666666;49173;175851.59730797636;0.2380132252215442;3600;0.025869326261728463
Meta_740;53634;397112.15656123287;0.5;53634;355055.00016052416;0.42392442438348116;0;0.0
Meta_741;53634;529482.8754149772;0.0;49106;173001.82367947212;0.23726173044110857;3601;0.07325718540614914
Meta_742;53634;529482.8754149772;0.05555555555555555;49122;173681.32500625073;0.23743498282099296;3600;0.07587625714513999
Meta_743;53634;529482.8754149772;0.1111111111111111;49107;172989.9059794721;0.2372725826529313;3600;0.08664610338007757
Meta_744;53634;529482.8754149772;0.16666666666666666;49103;172925.6841794721;0.23722957088627752;3600;0.11196744107162018
Meta_745;53634;529482.8754149772;0.2222222222222222;49070;171442.07487947211;0.2368787611900005;3600;0.17571527104780463
Meta_746;53634;529482.8754149772;0.2777777777777778;51821;285951.2612864503;0.2777795543042295;3601;0.2479260305562565
Meta_747;53634;529482.8754149772;0.3333333333333333;53634;367884.66821445536;0.3331905509246742;2;0.0
Meta_748;53634;529482.8754149772;0.38888888888888884;53634;375831.0399411449;0.3879997091959509;0;0.0
Meta_749;53634;529482.8754149772;0.4444444444444444;53634;356589.4085605241;0.42526490562970604;0;0.0
Meta_75;84836;926595.0319762101;0.2222222222222222;49106;173047.14419542448;0.23728471364075276;3601;0.028144639284392217
Meta_750;53634;529482.8754149772;0.5;53634;356589.4085605241;0.42526490562970604;0;0.0
Meta_751;53634;661853.5942687215;0.0;49106;173001.82367947212;0.23726173044110857;3600;0.0732678540124714
Meta_752;53634;661853.5942687215;0.05555555555555555;49122;173681.32500625073;0.23743498282099296;3600;0.07588411016451647
Meta_753;53634;661853.5942687215;0.1111111111111111;49107;172989.9059794721;0.2372725826529313;3600;0.08665428439891898
Meta_754;53634;661853.5942687215;0.16666666666666666;49103;172925.6841794721;0.23722957088627752;3600;0.11196570060750279
Meta_755;53634;661853.5942687215;0.2222222222222222;49070;171442.07487947211;0.2368787611900005;3600;0.17572803478477989
Meta_756;53634;661853.5942687215;0.2777777777777778;51821;285951.2612864503;0.2777795543042295;3600;0.24786391303254657
Meta_757;53634;661853.5942687215;0.3333333333333333;53634;367884.66821445536;0.3331905509246742;2;0.0
Meta_758;53634;661853.5942687215;0.38888888888888884;53634;375831.0399411449;0.3879997091959509;0;0.0
Meta_759;53634;661853.5942687215;0.4444444444444444;53634;356589.4085605241;0.42526490562970604;0;0.0
Meta_76;84836;926595.0319762101;0.2777777777777778;51823;284991.3901664286;0.27778301998643745;3600;0.013632296068720273
Meta_760;53634;661853.5942687215;0.5;53634;356589.4085605241;0.42526490562970604;0;0.0
Meta_761;53634;794224.3131224657;0.0;49106;173001.82367947212;0.23726173044110857;3600;0.07325550148464824
Meta_762;53634;794224.3131224657;0.05555555555555555;49122;173681.32500625073;0.23743498282099296;3600;0.07589123909253696
Meta_763;53634;794224.3131224657;0.1111111111111111;49107;172989.9059794721;0.2372725826529313;3600;0.08666660961917734
Meta_764;53634;794224.3131224657;0.16666666666666666;49103;172925.6841794721;0.23722957088627752;3600;0.11195775966231794
Meta_765;53634;794224.3131224657;0.2222222222222222;49070;171442.07487947211;0.2368787611900005;3600;0.1757305324997232
Meta_766;53634;794224.3131224657;0.2777777777777778;51821;285951.2612864503;0.2777795543042295;3600;0.2478938230742289
Meta_767;53634;794224.3131224657;0.3333333333333333;53634;367884.66821445536;0.3331905509246742;2;0.0
Meta_768;53634;794224.3131224657;0.38888888888888884;53634;375831.0399411449;0.3879997091959509;0;0.0
Meta_769;53634;794224.3131224657;0.4444444444444444;53634;356589.4085605241;0.42526490562970604;0;0.0
Meta_77;84836;926595.0319762101;0.3333333333333333;54241;386432.8711630768;0.3333291529201188;3600;0.005545704720887616
Meta_770;53634;794224.3131224657;0.5;53634;356589.4085605241;0.42526490562970604;0;0.0
Meta_771;53634;926595.0319762101;0.0;49106;173001.82367947212;0.23726173044110857;3600;0.07325360974057048
Meta_772;53634;926595.0319762101;0.05555555555555555;49122;173681.32500625073;0.23743498282099296;3600;0.07588591922519801
Meta_773;53634;926595.0319762101;0.1111111111111111;49107;172989.9059794721;0.2372725826529313;3600;0.086643863214247
Meta_774;53634;926595.0319762101;0.16666666666666666;49103;172925.6841794721;0.23722957088627752;3600;0.11195358280318972
Meta_775;53634;926595.0319762101;0.2222222222222222;49070;171442.07487947211;0.2368787611900005;3600;0.17572546659001662
Meta_776;53634;926595.0319762101;0.2777777777777778;51821;285951.2612864503;0.2777795543042295;3600;0.24784182972620233
Meta_777;53634;926595.0319762101;0.3333333333333333;53634;367884.66821445536;0.3331905509246742;2;0.0
Meta_778;53634;926595.0319762101;0.38888888888888884;53634;375831.0399411449;0.3879997091959509;0;0.0
Meta_779;53634;926595.0319762101;0.4444444444444444;53634;356589.4085605241;0.42526490562970604;0;0.0
Meta_78;84836;926595.0319762101;0.38888888888888884;56021;456797.10355771764;0.38888504618796277;3600;0.0015902735477927108
Meta_780;53634;926595.0319762101;0.5;53634;356589.4085605241;0.42526490562970604;0;0.0
Meta_781;53634;1058965.7508299544;0.0;49106;173001.82367947212;0.23726173044110857;3600;0.07325581903662427
Meta_782;53634;1058965.7508299544;0.05555555555555555;49122;173681.32500625073;0.23743498282099296;3600;0.0758941131271721
Meta_783;53634;1058965.7508299544;0.1111111111111111;49107;172989.9059794721;0.2372725826529313;3600;0.08666292547399491
Meta_784;53634;1058965.7508299544;0.16666666666666666;49103;172925.6841794721;0.23722957088627752;3600;0.11197961245587586
Meta_785;53634;1058965.7508299544;0.2222222222222222;49070;171442.07487947211;0.2368787611900005;3600;0.1757208259599893
Meta_786;53634;1058965.7508299544;0.2777777777777778;51821;285951.2612864503;0.2777795543042295;3600;0.2479044009101651
Meta_787;53634;1058965.7508299544;0.3333333333333333;53634;367884.66821445536;0.3331905509246742;2;0.0
Meta_788;53634;1058965.7508299544;0.38888888888888884;53634;375831.0399411449;0.3879997091959509;0;0.0
Meta_789;53634;1058965.7508299544;0.4444444444444444;53634;356589.4085605241;0.42526490562970604;0;0.0
Meta_79;84836;926595.0319762101;0.4444444444444444;56842;481603.5737605243;0.4377106291121479;0;0.0
Meta_790;53634;1058965.7508299544;0.5;53634;356589.4085605241;0.42526490562970604;0;0.0
Meta_791;53634;1191336.4696836986;0.0;49106;173001.82367947212;0.23726173044110857;3600;0.07326065096233329
Meta_792;53634;1191336.4696836986;0.05555555555555555;49122;173681.32500625073;0.23743498282099296;3600;0.07588232305238224
Meta_793;53634;1191336.4696836986;0.1111111111111111;49107;172989.9059794721;0.2372725826529313;3600;0.08664999979486099
Meta_794;53634;1191336.4696836986;0.16666666666666666;49103;172925.6841794721;0.23722957088627752;3600;0.11199145472533197
Meta_795;53634;1191336.4696836986;0.2222222222222222;49070;171442.07487947211;0.2368787611900005;3600;0.17571886590760324
Meta_796;53634;1191336.4696836986;0.2777777777777778;51821;285951.2612864503;0.2777795543042295;3600;0.24792085816717305
Meta_797;53634;1191336.4696836986;0.3333333333333333;53634;367884.66821445536;0.3331905509246742;2;0.0
Meta_798;53634;1191336.4696836986;0.38888888888888884;53634;375831.0399411449;0.3879997091959509;0;0.0
Meta_799;53634;1191336.4696836986;0.4444444444444444;53634;356589.4085605241;0.42526490562970604;0;0.0
Meta_8;84836;0.0;0.38888888888888884;45427;10770.1026;0.24608102699981407;0;0.0
Meta_80;84836;926595.0319762101;0.5;56842;481603.5737605243;0.4377106291121479;0;0.0
Meta_800;53634;1191336.4696836986;0.5;53634;356589.4085605241;0.42526490562970604;0;0.0
Meta_801;49177;0.0;0.0;44844;2535.5209651611253;0.21827199492037522;1566;0.0
Meta_802;49177;0.0;0.05555555555555555;44848;2634.2743651611245;0.21826012415562873;1424;0.0
Meta_803;49177;0.0;0.1111111111111111;44849;2668.955965161125;0.21825093003348023;1543;7.342438702435251E-8
Meta_804;49177;0.0;0.16666666666666666;44842;2515.609765161125;0.21826073531283857;1623;0.0
Meta_805;49177;0.0;0.2222222222222222;44995;4102.6604;0.22222316881809975;1;0.0
Meta_806;49177;0.0;0.2777777777777778;45427;10770.1026;0.24608102699981407;0;0.0
Meta_807;49177;0.0;0.3333333333333333;45427;10770.1026;0.24608102699981407;0;0.0
Meta_808;49177;0.0;0.38888888888888884;45427;10770.1026;0.24608102699981407;0;0.0
Meta_809;49177;0.0;0.4444444444444444;45427;10770.1026;0.24608102699981407;0;0.0
Meta_81;84836;1058965.7508299544;0.0;49166;175277.67558996208;0.2379184086485908;3600;0.023110089923754813
Meta_810;49177;0.0;0.5;45427;10770.1026;0.24608102699981407;0;0.0
Meta_811;49177;132370.7188537443;0.0;48129;132367.9325012359;0.22813647768555767;3600;0.05873622878240246
Meta_812;49177;132370.7188537443;0.05555555555555555;48118;132369.06693607685;0.22800582601193445;3600;0.06210139872851102
Meta_813;49177;132370.7188537443;0.1111111111111111;48144;132372.55956569285;0.22830545162566776;3600;0.07290952470625214
Meta_814;49177;132370.7188537443;0.16666666666666666;48116;132367.12218790856;0.227972118171632;3600;0.1087959580978945
Meta_815;49177;132370.7188537443;0.2222222222222222;48139;132359.21449572293;0.22833886792077726;3600;0.39482070462807695
Meta_816;49177;132370.7188537443;0.2777777777777778;49161;132372.81287600793;0.27777693756961563;3600;0.6738010704326857
Meta_817;49177;132370.7188537443;0.3333333333333333;49177;132354.6216563642;0.3307223544148145;0;0.0
Meta_818;49177;132370.7188537443;0.38888888888888884;49177;132358.6122756001;0.37110919636585726;0;0.0
Meta_819;49177;132370.7188537443;0.4444444444444444;49177;132358.6122756001;0.37110919636585726;0;0.0
Meta_82;84836;1058965.7508299544;0.05555555555555555;49156;174946.82404096774;0.23780583577806358;3600;0.023516538664642317
Meta_820;49177;132370.7188537443;0.5;49177;132364.7694973399;0.3646871881535859;0;0.0
Meta_821;49177;264741.4377074886;0.0;49094;172530.41247947208;0.23713291987973137;3600;0.0740997713720166
Meta_822;49177;264741.4377074886;0.05555555555555555;49092;172486.31707947212;0.2371118512552601;3600;0.08212287767956483
Meta_823;49177;264741.4377074886;0.1111111111111111;49092;172361.9214794721;0.23711183618392317;3600;0.10072636198784399
Meta_824;49177;264741.4377074886;0.16666666666666666;49094;172503.9584794721;0.23713296301294678;3600;0.1501744659443357
Meta_825;49177;264741.4377074886;0.2222222222222222;49069;171700.19203088977;0.23703341841512687;3600;0.5811772568329977
Meta_826;49177;264741.4377074886;0.2777777777777778;49177;192040.64523675916;0.2768342342758234;5;0.0
Meta_827;49177;264741.4377074886;0.3333333333333333;49179;172147.0471955135;0.3333326892465074;0;0.0
Meta_828;49177;264741.4377074886;0.38888888888888884;49177;145010.19543261192;0.3757935014751086;0;0.0
Meta_829;49177;264741.4377074886;0.4444444444444444;49177;145010.19543261192;0.3757935014751086;0;0.0
Meta_83;84836;1058965.7508299544;0.1111111111111111;49135;173971.5047141891;0.2375799122424785;3601;0.02427959296428544
Meta_830;49177;264741.4377074886;0.5;49177;145199.0195973399;0.3692646586345106;0;0.0
Meta_831;49177;397112.15656123287;0.0;49086;172254.2081794721;0.23704745299969215;3600;0.07843539536723645
Meta_832;49177;397112.15656123287;0.05555555555555555;49101;172821.24957947212;0.23720824231697818;3600;0.0809497039190231
Meta_833;49177;397112.15656123287;0.1111111111111111;49093;172501.5230794721;0.2371223589760306;3600;0.09429963776479248
Meta_834;49177;397112.15656123287;0.16666666666666666;49098;172690.7101794721;0.2371759621534407;3600;0.15056618165017166
Meta_835;49177;397112.15656123287;0.2222222222222222;48968;167002.64765733213;0.23587041097516775;3600;0.5615302281802519
Meta_836;49177;397112.15656123287;0.2777777777777778;49178;194926.27693596669;0.27777656559805136;0;0.0
Meta_837;49177;397112.15656123287;0.3333333333333333;49301;173224.03998602438;0.3333343071413013;0;0.0
Meta_838;49177;397112.15656123287;0.38888888888888884;49177;145010.19543261192;0.3757935014751086;0;0.0
Meta_839;49177;397112.15656123287;0.4444444444444444;49177;145010.19543261192;0.3757935014751086;0;0.0
Meta_84;84836;1058965.7508299544;0.16666666666666666;49173;175851.59730797636;0.2380132252215442;3600;0.025865065722139147
Meta_840;49177;397112.15656123287;0.5;49177;145199.0195973399;0.3692646586345106;0;0.0
Meta_841;49177;529482.8754149772;0.0;49087;172239.09985269347;0.23705822722642972;3600;0.07408594679079866
Meta_842;49177;529482.8754149772;0.05555555555555555;49095;172537.39997947207;0.2371436045247599;3600;0.0818314355020625
Meta_843;49177;529482.8754149772;0.1111111111111111;49104;172910.9657794721;0.23724029254361087;3600;0.09494595320833919
Meta_844;49177;529482.8754149772;0.16666666666666666;49103;172902.29737947212;0.2372295574561927;3601;0.13434721492542004
Meta_845;49177;529482.8754149772;0.2222222222222222;49136;174132.2990276404;0.23760096508327763;3600;0.607670999383132
Meta_846;49177;529482.8754149772;0.2777777777777778;49184;194955.1524111343;0.275393662055217;0;0.0
Meta_847;49177;529482.8754149772;0.3333333333333333;49223;192603.0390195793;0.3332746343687667;0;0.0
Meta_848;49177;529482.8754149772;0.38888888888888884;49177;184753.60376052404;0.3775231106813462;0;0.0
Meta_849;49177;529482.8754149772;0.4444444444444444;49177;184753.60376052404;0.3775231106813462;0;0.0
Meta_85;84836;1058965.7508299544;0.2222222222222222;49105;172984.06560875181;0.23727408780861067;3600;0.02814824996214301
Meta_850;49177;529482.8754149772;0.5;49177;163635.36266052406;0.35747554649499874;0;0.0
Meta_851;49177;661853.5942687215;0.0;49087;172239.09985269347;0.23705822722642972;3600;0.07409830729970326
Meta_852;49177;661853.5942687215;0.05555555555555555;49095;172537.39997947207;0.2371436045247599;3600;0.0818349314605063
Meta_853;49177;661853.5942687215;0.1111111111111111;49104;172910.9657794721;0.23724029254361087;3600;0.09497639386177469
Meta_854;49177;661853.5942687215;0.16666666666666666;49103;172928.34547947213;0.23722949243757813;3600;0.13427639099170172
Meta_855;49177;661853.5942687215;0.2222222222222222;49136;174132.2990276404;0.23760096508327763;3600;0.6077995597691009
Meta_856;49177;661853.5942687215;0.2777777777777778;49184;194955.1524111343;0.275393662055217;0;0.0
Meta_857;49177;661853.5942687215;0.3333333333333333;49223;192603.0390195793;0.3332746343687667;0;0.0
Meta_858;49177;661853.5942687215;0.38888888888888884;49177;184753.60376052404;0.3775231106813462;0;0.0
Meta_859;49177;661853.5942687215;0.4444444444444444;49177;184753.60376052404;0.3775231106813462;0;0.0
Meta_86;84836;1058965.7508299544;0.2777777777777778;51823;284991.3901664286;0.27778301998643745;3600;0.013630954670005186
Meta_860;49177;661853.5942687215;0.5;49177;163635.36266052406;0.35747554649499874;0;0.0
Meta_861;49177;794224.3131224657;0.0;49087;172239.09985269347;0.23705822722642972;3600;0.07410224511903024
Meta_862;49177;794224.3131224657;0.05555555555555555;49095;172537.39997947207;0.2371436045247599;3600;0.08184294962985543
Meta_863;49177;794224.3131224657;0.1111111111111111;49104;172910.9657794721;0.23724029254361087;3600;0.09497916988711633
Meta_864;49177;794224.3131224657;0.16666666666666666;49103;172902.29737947212;0.2372295574561927;3600;0.13433874270395066
Meta_865;49177;794224.3131224657;0.2222222222222222;49136;174132.2990276404;0.23760096508327763;3600;0.607670999383132
Meta_866;49177;794224.3131224657;0.2777777777777778;49184;194955.1524111343;0.275393662055217;0;0.0
Meta_867;49177;794224.3131224657;0.3333333333333333;49223;192603.0390195793;0.3332746343687667;0;0.0
Meta_868;49177;794224.3131224657;0.38888888888888884;49177;184753.60376052404;0.3775231106813462;0;0.0
Meta_869;49177;794224.3131224657;0.4444444444444444;49177;184753.60376052404;0.3775231106813462;0;0.0
Meta_87;84836;1058965.7508299544;0.3333333333333333;54241;386432.8711630768;0.3333291529201188;3600;0.005547316883756971
Meta_870;49177;794224.3131224657;0.5;49177;163635.36266052406;0.35747554649499874;0;0.0
Meta_871;49177;926595.0319762101;0.0;49087;172239.09985269347;0.23705822722642972;3600;0.07412233496972499
Meta_872;49177;926595.0319762101;0.05555555555555555;49095;172537.39997947207;0.2371436045247599;3600;0.08183302328874666
Meta_873;49177;926595.0319762101;0.1111111111111111;49104;172910.9657794721;0.23724029254361087;3600;0.09497639386177469
Meta_874;49177;926595.0319762101;0.16666666666666666;49103;172928.34547947213;0.23722949243757813;3600;0.13428250088807542
Meta_875;49177;926595.0319762101;0.2222222222222222;49136;174132.2990276404;0.23760096508327763;3600;0.6077731326618303
Meta_876;49177;926595.0319762101;0.2777777777777778;49184;194955.1524111343;0.275393662055217;0;0.0
Meta_877;49177;926595.0319762101;0.3333333333333333;49223;192603.0390195793;0.3332746343687667;0;0.0
Meta_878;49177;926595.0319762101;0.38888888888888884;49177;184753.60376052404;0.3775231106813462;0;0.0
Meta_879;49177;926595.0319762101;0.4444444444444444;49177;184753.60376052404;0.3775231106813462;0;0.0
Meta_88;84836;1058965.7508299544;0.38888888888888884;56021;456797.10355771764;0.38888504618796277;3600;0.0015896280348635526
Meta_880;49177;926595.0319762101;0.5;49177;163635.36266052406;0.35747554649499874;0;0.0
Meta_881;49177;1058965.7508299544;0.0;49087;172239.09985269347;0.23705822722642972;3600;0.0740990003192386
Meta_882;49177;1058965.7508299544;0.05555555555555555;49095;172537.39997947207;0.2371436045247599;3600;0.08183384096251986
Meta_883;49177;1058965.7508299544;0.1111111111111111;49104;172910.9657794721;0.23724029254361087;3600;0.09498392414512183
Meta_884;49177;1058965.7508299544;0.16666666666666666;49103;172928.34547947213;0.23722949243757813;3600;0.1343165515209502
Meta_885;49177;1058965.7508299544;0.2222222222222222;49136;174132.2990276404;0.23760096508327763;3600;0.6077086803256031
Meta_886;49177;1058965.7508299544;0.2777777777777778;49184;194955.1524111343;0.275393662055217;0;0.0
Meta_887;49177;1058965.7508299544;0.3333333333333333;49223;192603.0390195793;0.3332746343687667;0;0.0
Meta_888;49177;1058965.7508299544;0.38888888888888884;49177;184753.60376052404;0.3775231106813462;0;0.0
Meta_889;49177;1058965.7508299544;0.4444444444444444;49177;184753.60376052404;0.3775231106813462;0;0.0
Meta_89;84836;1058965.7508299544;0.4444444444444444;56842;481603.5737605243;0.4377106291121479;0;0.0
Meta_890;49177;1058965.7508299544;0.5;49177;163635.36266052406;0.35747554649499874;0;0.0
Meta_891;49177;1191336.4696836986;0.0;49087;172239.09985269347;0.23705822722642972;3600;0.07409611497163171
Meta_892;49177;1191336.4696836986;0.05555555555555555;49095;172537.39997947207;0.2371436045247599;3600;0.08184387900515336
Meta_893;49177;1191336.4696836986;0.1111111111111111;49104;172910.9657794721;0.23724029254361087;3600;0.09497082297824629
Meta_894;49177;1191336.4696836986;0.16666666666666666;49103;172902.29737947212;0.2372295574561927;3600;0.13432820955772262
Meta_895;49177;1191336.4696836986;0.2222222222222222;49136;174132.2990276404;0.23760096508327763;3600;0.6077951600438357
Meta_896;49177;1191336.4696836986;0.2777777777777778;49184;194955.1524111343;0.275393662055217;0;0.0
Meta_897;49177;1191336.4696836986;0.3333333333333333;49223;192603.0390195793;0.3332746343687667;0;0.0
Meta_898;49177;1191336.4696836986;0.38888888888888884;49177;184753.60376052404;0.3775231106813462;0;0.0
Meta_899;49177;1191336.4696836986;0.4444444444444444;49177;184753.60376052404;0.3775231106813462;0;0.0
Meta_9;84836;0.0;0.4444444444444444;45427;10770.1026;0.24608102699981407;0;0.0
Meta_90;84836;1058965.7508299544;0.5;56842;481603.5737605243;0.4377106291121479;0;0.0
Meta_900;49177;1191336.4696836986;0.5;49177;163635.36266052406;0.35747554649499874;0;0.0
Meta_901;44720;0.0;0.0;44720;0.0;0.21868610283852072;0;0.0
Meta_902;44720;0.0;0.05555555555555555;44720;0.0;0.21868610283852072;0;0.0
Meta_903;44720;0.0;0.1111111111111111;44720;0.0;0.21868610283852072;0;0.0
Meta_904;44720;0.0;0.16666666666666666;44720;0.0;0.21868610283852072;0;0.0
Meta_905;44720;0.0;0.2222222222222222;44720;0.0;0.21868610292907462;0;0.0
Meta_906;44720;0.0;0.2777777777777778;44720;0.0;0.21868610292907462;0;0.0
Meta_907;44720;0.0;0.3333333333333333;44720;0.0;0.21868610292907462;0;0.0
Meta_908;44720;0.0;0.38888888888888884;44720;0.0;0.21868610292907462;0;0.0
Meta_909;44720;0.0;0.4444444444444444;44720;0.0;0.21868610292907462;0;0.0
Meta_91;84836;1191336.4696836986;0.0;49166;175277.67558996208;0.2379184086485908;3600;0.023109334320463245
Meta_910;44720;0.0;0.5;44720;0.0;0.21868610292907462;0;0.0
Meta_911;44720;132370.7188537443;0.0;45507;31306.414870837943;0.21708571917410388;3600;8.999699568780021E-4
Meta_912;44720;132370.7188537443;0.05555555555555555;45503;31197.518470837942;0.21708525485631114;3600;0.0011531730638712238
Meta_913;44720;132370.7188537443;0.1111111111111111;45510;31516.23277083794;0.21708528156598522;3600;0.0013160678013474222
Meta_914;44720;132370.7188537443;0.16666666666666666;45508;31425.457670837943;0.2170851693552776;3601;0.002256678828340016
Meta_915;44720;132370.7188537443;0.2222222222222222;44720;0.0;0.21868610292907462;0;0.0
Meta_916;44720;132370.7188537443;0.2777777777777778;44720;0.0;0.21868610292907462;0;0.0
Meta_917;44720;132370.7188537443;0.3333333333333333;44720;0.0;0.21868610292907462;0;0.0
Meta_918;44720;132370.7188537443;0.38888888888888884;44720;0.0;0.21868610292907462;0;0.0
Meta_919;44720;132370.7188537443;0.4444444444444444;44720;0.0;0.21868610292907462;0;0.0
Meta_92;84836;1191336.4696836986;0.05555555555555555;49156;174946.82404096774;0.23780583577806358;3600;0.023515578545283793
Meta_920;44720;132370.7188537443;0.5;44720;0.0;0.21868610292907462;0;0.0
Meta_921;44720;264741.4377074886;0.0;45510;31512.15247083794;0.21708519588315703;3600;8.380871893908701E-4
Meta_922;44720;264741.4377074886;0.05555555555555555;45509;31439.92617083794;0.21708522562697555;3600;9.195996398376171E-4
Meta_923;44720;264741.4377074886;0.1111111111111111;45509;31406.915770837946;0.21708544831967777;3601;7.763517162316039E-4
Meta_924;44720;264741.4377074886;0.16666666666666666;45516;31761.902492227568;0.21708624027961063;3600;0.0020450112133567704
Meta_925;44720;264741.4377074886;0.2222222222222222;44720;0.0;0.21868610292907462;0;0.0
Meta_926;44720;264741.4377074886;0.2777777777777778;44720;0.0;0.21868610292907462;0;0.0
Meta_927;44720;264741.4377074886;0.3333333333333333;44720;0.0;0.21868610292907462;0;0.0
Meta_928;44720;264741.4377074886;0.38888888888888884;44720;0.0;0.21868610292907462;0;0.0
Meta_929;44720;264741.4377074886;0.4444444444444444;44720;0.0;0.21868610292907462;0;0.0
Meta_93;84836;1191336.4696836986;0.1111111111111111;49135;173971.5047141891;0.2375799122424785;3600;0.02427755441470216
Meta_930;44720;264741.4377074886;0.5;44720;0.0;0.21868610292907462;0;0.0
Meta_931;44720;397112.15656123287;0.0;45513;31624.186984289237;0.21708544084766887;3600;8.111387194206174E-4
Meta_932;44720;397112.15656123287;0.05555555555555555;45532;32320.357957510594;0.2170868214053007;3600;6.511668384234206E-4
Meta_933;44720;397112.15656123287;0.1111111111111111;45514;31571.279270837942;0.21708602260389454;3600;8.642303633106717E-4
Meta_934;44720;397112.15656123287;0.16666666666666666;45504;31242.805570837943;0.21708522000460248;3600;0.0017539989604216364
Meta_935;44720;397112.15656123287;0.2222222222222222;44720;0.0;0.21868610292907462;0;0.0
Meta_936;44720;397112.15656123287;0.2777777777777778;44720;0.0;0.21868610292907462;0;0.0
Meta_937;44720;397112.15656123287;0.3333333333333333;44720;0.0;0.21868610292907462;0;0.0
Meta_938;44720;397112.15656123287;0.38888888888888884;44720;0.0;0.21868610292907462;0;0.0
Meta_939;44720;397112.15656123287;0.4444444444444444;44720;0.0;0.21868610292907462;0;0.0
Meta_94;84836;1191336.4696836986;0.16666666666666666;49173;175851.59730797636;0.2380132252215442;3600;0.02587223265566186
Meta_940;44720;397112.15656123287;0.5;44720;0.0;0.21868610292907462;0;0.0
Meta_941;44720;529482.8754149772;0.0;45509;31453.16627083794;0.21708519841521856;3600;5.239184524541523E-4
Meta_942;44720;529482.8754149772;0.05555555555555555;45505;31298.15147083794;0.21708545284328207;3600;0.0010864118634562883
Meta_943;44720;529482.8754149772;0.1111111111111111;45509;31425.274144059298;0.2170856428682928;3600;0.0012184806691495184
Meta_944;44720;529482.8754149772;0.16666666666666666;45508;31414.884970837942;0.21708518503027374;3600;0.0028757836910534894
Meta_945;44720;529482.8754149772;0.2222222222222222;44720;0.0;0.21868610292907462;0;0.0
Meta_946;44720;529482.8754149772;0.2777777777777778;44720;0.0;0.21868610292907462;0;0.0
Meta_947;44720;529482.8754149772;0.3333333333333333;44720;0.0;0.21868610292907462;0;0.0
Meta_948;44720;529482.8754149772;0.38888888888888884;44720;0.0;0.21868610292907462;0;0.0
Meta_949;44720;529482.8754149772;0.4444444444444444;44720;0.0;0.21868610292907462;0;0.0
Meta_95;84836;1191336.4696836986;0.2222222222222222;49105;172984.06560875181;0.23727408780861067;3600;0.028149405082359323
Meta_950;44720;529482.8754149772;0.5;44720;0.0;0.21868610292907462;0;0.0
Meta_951;44720;661853.5942687215;0.0;45509;31453.16627083794;0.21708519841521856;3600;5.240484973676839E-4
Meta_952;44720;661853.5942687215;0.05555555555555555;45505;31298.15147083794;0.21708545284328207;3600;0.0010860205708657278
Meta_953;44720;661853.5942687215;0.1111111111111111;45509;31425.274144059298;0.2170856428682928;3600;0.001218568323400149
Meta_954;44720;661853.5942687215;0.16666666666666666;45508;31414.884970837942;0.21708518503027374;3600;0.002875083166264288
Meta_955;44720;661853.5942687215;0.2222222222222222;44720;0.0;0.21868610292907462;0;0.0
Meta_956;44720;661853.5942687215;0.2777777777777778;44720;0.0;0.21868610292907462;0;0.0
Meta_957;44720;661853.5942687215;0.3333333333333333;44720;0.0;0.21868610292907462;0;0.0
Meta_958;44720;661853.5942687215;0.38888888888888884;44720;0.0;0.21868610292907462;0;0.0
Meta_959;44720;661853.5942687215;0.4444444444444444;44720;0.0;0.21868610292907462;0;0.0
Meta_96;84836;1191336.4696836986;0.2777777777777778;51823;284991.3901664286;0.27778301998643745;3600;0.013630549507158073
Meta_960;44720;661853.5942687215;0.5;44720;0.0;0.21868610292907462;0;0.0
Meta_961;44720;794224.3131224657;0.0;45509;31453.16627083794;0.21708519841521856;3600;5.239414675404042E-4
Meta_962;44720;794224.3131224657;0.05555555555555555;45505;31298.15147083794;0.21708545284328207;3600;0.0010862735760534662
Meta_963;44720;794224.3131224657;0.1111111111111111;45509;31425.274144059298;0.2170856428682928;3600;0.0012184112353300902
Meta_964;44720;794224.3131224657;0.16666666666666666;45508;31414.884970837942;0.21708518503027374;3600;0.0028751941111402907
Meta_965;44720;794224.3131224657;0.2222222222222222;44720;0.0;0.21868610292907462;0;0.0
Meta_966;44720;794224.3131224657;0.2777777777777778;44720;0.0;0.21868610292907462;0;0.0
Meta_967;44720;794224.3131224657;0.3333333333333333;44720;0.0;0.21868610292907462;0;0.0
Meta_968;44720;794224.3131224657;0.38888888888888884;44720;0.0;0.21868610292907462;0;0.0
Meta_969;44720;794224.3131224657;0.4444444444444444;44720;0.0;0.21868610292907462;0;0.0
Meta_97;84836;1191336.4696836986;0.3333333333333333;54241;386432.8711630768;0.3333291529201188;3600;0.005542612903132123
Meta_970;44720;794224.3131224657;0.5;44720;0.0;0.21868610292907462;0;0.0
Meta_971;44720;926595.0319762101;0.0;45509;31453.16627083794;0.21708519841521856;3600;5.237152849548939E-4
Meta_972;44720;926595.0319762101;0.05555555555555555;45505;31298.15147083794;0.21708545284328207;3600;0.001086369751221331
Meta_973;44720;926595.0319762101;0.1111111111111111;45509;31425.274144059298;0.2170856428682928;3600;0.001217898178798119
Meta_974;44720;926595.0319762101;0.16666666666666666;45508;31414.884970837942;0.21708518503027374;3600;0.002874157519162967
Meta_975;44720;926595.0319762101;0.2222222222222222;44720;0.0;0.21868610292907462;0;0.0
Meta_976;44720;926595.0319762101;0.2777777777777778;44720;0.0;0.21868610292907462;0;0.0
Meta_977;44720;926595.0319762101;0.3333333333333333;44720;0.0;0.21868610292907462;0;0.0
Meta_978;44720;926595.0319762101;0.38888888888888884;44720;0.0;0.21868610292907462;0;0.0
Meta_979;44720;926595.0319762101;0.4444444444444444;44720;0.0;0.21868610292907462;0;0.0
Meta_98;84836;1191336.4696836986;0.38888888888888884;56021;456797.10355771764;0.38888504618796277;3600;0.001590750244903952
Meta_980;44720;926595.0319762101;0.5;44720;0.0;0.21868610292907462;0;0.0
Meta_981;44720;1058965.7508299544;0.0;45509;31453.16627083794;0.21708519841521856;3600;5.236679305493216E-4
Meta_982;44720;1058965.7508299544;0.05555555555555555;45505;31298.15147083794;0.21708545284328207;3600;0.0010858420250805206
Meta_983;44720;1058965.7508299544;0.1111111111111111;45509;31425.274144059298;0.2170856428682928;3600;0.001216451794081508
Meta_984;44720;1058965.7508299544;0.16666666666666666;45508;31414.884970837942;0.21708518503027374;3600;0.002873675352938366
Meta_985;44720;1058965.7508299544;0.2222222222222222;44720;0.0;0.21868610292907462;0;0.0
Meta_986;44720;1058965.7508299544;0.2777777777777778;44720;0.0;0.21868610292907462;0;0.0
Meta_987;44720;1058965.7508299544;0.3333333333333333;44720;0.0;0.21868610292907462;0;0.0
Meta_988;44720;1058965.7508299544;0.38888888888888884;44720;0.0;0.21868610292907462;0;0.0
Meta_989;44720;1058965.7508299544;0.4444444444444444;44720;0.0;0.21868610292907462;0;0.0
Meta_99;84836;1191336.4696836986;0.4444444444444444;56842;481603.5737605243;0.4377106291121479;0;0.0
Meta_990;44720;1058965.7508299544;0.5;44720;0.0;0.21868610292907462;0;0.0
Meta_991;44720;1191336.4696836986;0.0;45509;31453.16627083794;0.21708519841521856;3600;5.234529183943493E-4
Meta_992;44720;1191336.4696836986;0.05555555555555555;45505;31298.15147083794;0.21708545284328207;3600;0.0010853698764642335
Meta_993;44720;1191336.4696836986;0.1111111111111111;45509;31425.274144059298;0.2170856428682928;3600;0.0012178370022598163
Meta_994;44720;1191336.4696836986;0.16666666666666666;45508;31414.884970837942;0.21708518503027374;3600;0.002874575342426443
Meta_995;44720;1191336.4696836986;0.2222222222222222;44720;0.0;0.21868610292907462;0;0.0
Meta_996;44720;1191336.4696836986;0.2777777777777778;44720;0.0;0.21868610292907462;0;0.0
Meta_997;44720;1191336.4696836986;0.3333333333333333;44720;0.0;0.21868610292907462;0;0.0
Meta_998;44720;1191336.4696836986;0.38888888888888884;44720;0.0;0.21868610292907462;0;0.0
Meta_999;44720;1191336.4696836986;0.4444444444444444;44720;0.0;0.21868610292907462;0;0.0
