Goal_2;1463317;0.0;0.05555555555555555;1204940;6799262.373800002;0.05555942003875306;13;0.0
Goal_3;1463317;0.0;0.1111111111111111;1204091;6752207.399800002;0.11111184543784555;3;8.086466602224079E-9
Goal_4;1463317;0.0;0.16666666666666666;1203438;6716468.771400002;0.15228245973866866;0;0.0
Goal_5;1463317;0.0;0.2222222222222222;1203438;6716468.771400002;0.15228245973866866;0;0.0
Goal_6;1463317;0.0;0.2777777777777778;1203438;6716468.771400002;0.15228245973866866;0;0.0
Goal_7;1463317;0.0;0.3333333333333333;1203438;6716468.771400002;0.15228245973866866;0;0.0
Goal_8;1463317;0.0;0.38888888888888884;1203438;6716468.771400002;0.15228245973866866;0;0.0
Goal_9;1463317;0.0;0.4444444444444444;1203438;6716468.771400002;0.15228245973866866;0;0.0
Goal_10;1463317;0.0;0.5;1203438;6716468.771400002;0.15228245973866866;0;0.0
Goal_12;1463317;4609245.819931746;0.05555555555555555;1204941;6799315.577000001;0.055565082610082195;12;0.0
Goal_13;1463317;4609245.819931746;0.1111111111111111;1204085;6751886.858400002;0.11111577504725474;3;3.181652107811954E-9
Goal_14;1463317;4609245.819931746;0.16666666666666666;1203438;6716468.771400002;0.15228245973866866;0;0.0
Goal_15;1463317;4609245.819931746;0.2222222222222222;1203438;6716468.771400002;0.15228245973866866;0;4.803369258134791E-14
Goal_16;1463317;4609245.819931746;0.2777777777777778;1203438;6716468.771400002;0.15228245973866866;0;4.803369258134791E-14
Goal_17;1463317;4609245.819931746;0.3333333333333333;1203438;6716468.771400002;0.15228245973866866;0;4.803369258134791E-14
Goal_18;1463317;4609245.819931746;0.38888888888888884;1203438;6716468.771400002;0.15228245973866866;0;4.803369258134791E-14
Goal_19;1463317;4609245.819931746;0.4444444444444444;1203438;6716468.771400002;0.15228245973866866;0;4.84989099429106E-14
Goal_20;1463317;4609245.819931746;0.5;1203438;6716468.771400002;0.15228245973866866;0;4.84989099429106E-14
Goal_21;1463317;9218491.639863493;0.0;1239325;9218494.017700002;0.04019367699641869;4;1.5221325393781227E-16
Goal_22;1463317;9218491.639863493;0.05555555555555555;1239325;9218450.594600003;0.040195159320400194;0;0.0
Goal_23;1463317;9218491.639863493;0.1111111111111111;1239325;9218450.594600003;0.040195159320400194;0;0.0
Goal_24;1463317;9218491.639863493;0.16666666666666666;1239325;9218450.594600003;0.040195159320400194;0;0.0
Goal_25;1463317;9218491.639863493;0.2222222222222222;1239325;9218450.594600003;0.040195159320400194;0;0.0
Goal_26;1463317;9218491.639863493;0.2777777777777778;1239325;9218450.594600003;0.040195159320400194;0;0.0
Goal_27;1463317;9218491.639863493;0.3333333333333333;1239325;9218450.594600003;0.040195159320400194;0;0.0
Goal_28;1463317;9218491.639863493;0.38888888888888884;1239325;9218450.594600003;0.040195159320400194;0;0.0
Goal_29;1463317;9218491.639863493;0.4444444444444444;1239325;9218450.594600003;0.040195159320400194;0;0.0
Goal_30;1463317;9218491.639863493;0.5;1239325;9218450.594600003;0.040195159320400194;0;0.0
Goal_32;1463317;1.382773745979524E7;0.05555555555555555;1246871;1.0668895731499998E7;0.05422737222521437;0;0.0
Goal_33;1463317;1.382773745979524E7;0.1111111111111111;1246871;1.0621834842699997E7;0.11007721305821223;0;0.0
Goal_34;1463317;1.382773745979524E7;0.16666666666666666;1246871;1.0621834842699997E7;0.11007721305821223;0;0.0
Goal_35;1463317;1.382773745979524E7;0.2222222222222222;1246871;1.04267231086E7;0.03884749120061031;0;0.0
Goal_36;1463317;1.382773745979524E7;0.2777777777777778;1246871;1.04267231086E7;0.03884749120061031;0;0.0
Goal_37;1463317;1.382773745979524E7;0.3333333333333333;1246871;1.04267231086E7;0.03884749120061031;0;0.0
Goal_38;1463317;1.382773745979524E7;0.38888888888888884;1246871;1.04267231086E7;0.03884749120061031;0;0.0
Goal_39;1463317;1.382773745979524E7;0.4444444444444444;1246871;1.03500835459E7;0.038847491200610325;0;0.0
Goal_40;1463317;1.382773745979524E7;0.5;1246871;1.03500835459E7;0.038847491200610325;0;0.0
Goal_42;1463317;1.8436983279726986E7;0.05555555555555555;1246871;1.0668895731499998E7;0.05422737222521437;0;0.0
Goal_43;1463317;1.8436983279726986E7;0.1111111111111111;1246871;1.0621834842699997E7;0.11007721305821223;0;0.0
Goal_44;1463317;1.8436983279726986E7;0.16666666666666666;1246871;1.0621834842699997E7;0.11007721305821223;0;0.0
Goal_45;1463317;1.8436983279726986E7;0.2222222222222222;1246871;1.04267231086E7;0.03884749120061031;0;0.0
Goal_46;1463317;1.8436983279726986E7;0.2777777777777778;1246871;1.04267231086E7;0.03884749120061031;0;0.0
Goal_47;1463317;1.8436983279726986E7;0.3333333333333333;1246871;1.04267231086E7;0.03884749120061031;0;0.0
Goal_48;1463317;1.8436983279726986E7;0.38888888888888884;1246871;1.04267231086E7;0.03884749120061031;0;0.0
Goal_49;1463317;1.8436983279726986E7;0.4444444444444444;1246871;1.03500835459E7;0.038847491200610325;0;0.0
Goal_50;1463317;1.8436983279726986E7;0.5;1246871;1.03500835459E7;0.038847491200610325;0;0.0
Goal_52;1463317;2.304622909965873E7;0.05555555555555555;1246871;1.0861790598799998E7;0.03873891925216974;0;0.0
Goal_53;1463317;2.304622909965873E7;0.1111111111111111;1246871;1.0861790598799998E7;0.03873891925216974;0;0.0
Goal_54;1463317;2.304622909965873E7;0.16666666666666666;1246871;1.0861790598799998E7;0.03873891925216974;0;0.0
Goal_55;1463317;2.304622909965873E7;0.2222222222222222;1246871;1.0861790598799998E7;0.03873891925216974;0;0.0
Goal_56;1463317;2.304622909965873E7;0.2777777777777778;1246871;1.0861790598799998E7;0.03873891925216974;0;0.0
Goal_57;1463317;2.304622909965873E7;0.3333333333333333;1246871;1.0861790598799998E7;0.03873891925216974;0;0.0
Goal_58;1463317;2.304622909965873E7;0.38888888888888884;1246871;1.0861790598799998E7;0.03873891925216974;0;0.0
Goal_59;1463317;2.304622909965873E7;0.4444444444444444;1246871;1.0861790598799998E7;0.03873891925216974;0;0.0
Goal_60;1463317;2.304622909965873E7;0.5;1246871;1.0861790598799998E7;0.03873891925216974;0;0.0
Goal_62;1463317;2.765547491959048E7;0.05555555555555555;1246871;1.0861790598799998E7;0.03873891925216974;0;0.0
Goal_63;1463317;2.765547491959048E7;0.1111111111111111;1246871;1.0861790598799998E7;0.03873891925216974;0;0.0
Goal_64;1463317;2.765547491959048E7;0.16666666666666666;1246871;1.0861790598799998E7;0.03873891925216974;0;0.0
Goal_65;1463317;2.765547491959048E7;0.2222222222222222;1246871;1.0861790598799998E7;0.03873891925216974;0;0.0
Goal_66;1463317;2.765547491959048E7;0.2777777777777778;1246871;1.0861790598799998E7;0.03873891925216974;0;0.0
Goal_67;1463317;2.765547491959048E7;0.3333333333333333;1246871;1.0861790598799998E7;0.03873891925216974;0;0.0
Goal_68;1463317;2.765547491959048E7;0.38888888888888884;1246871;1.0861790598799998E7;0.03873891925216974;0;0.0
Goal_69;1463317;2.765547491959048E7;0.4444444444444444;1246871;1.0861790598799998E7;0.03873891925216974;0;0.0
Goal_70;1463317;2.765547491959048E7;0.5;1246871;1.0861790598799998E7;0.03873891925216974;0;0.0
Goal_72;1463317;3.2264720739522226E7;0.05555555555555555;1246871;1.0861790598799998E7;0.03873891925216974;0;0.0
Goal_73;1463317;3.2264720739522226E7;0.1111111111111111;1246871;1.0861790598799998E7;0.03873891925216974;0;0.0
Goal_74;1463317;3.2264720739522226E7;0.16666666666666666;1246871;1.0861790598799998E7;0.03873891925216974;0;0.0
Goal_75;1463317;3.2264720739522226E7;0.2222222222222222;1246871;1.0861790598799998E7;0.03873891925216974;0;0.0
Goal_76;1463317;3.2264720739522226E7;0.2777777777777778;1246871;1.0861790598799998E7;0.03873891925216974;0;0.0
Goal_77;1463317;3.2264720739522226E7;0.3333333333333333;1246871;1.0861790598799998E7;0.03873891925216974;0;0.0
Goal_78;1463317;3.2264720739522226E7;0.38888888888888884;1246871;1.0861790598799998E7;0.03873891925216974;0;0.0
Goal_79;1463317;3.2264720739522226E7;0.4444444444444444;1246871;1.0861790598799998E7;0.03873891925216974;0;0.0
Goal_80;1463317;3.2264720739522226E7;0.5;1246871;1.0861790598799998E7;0.03873891925216974;0;0.0
Goal_82;1463317;3.687396655945397E7;0.05555555555555555;1246871;1.0861790598799998E7;0.03873891925216974;0;0.0
Goal_83;1463317;3.687396655945397E7;0.1111111111111111;1246871;1.0861790598799998E7;0.03873891925216974;0;0.0
Goal_84;1463317;3.687396655945397E7;0.16666666666666666;1246871;1.0861790598799998E7;0.03873891925216974;0;0.0
Goal_85;1463317;3.687396655945397E7;0.2222222222222222;1246871;1.0861790598799998E7;0.03873891925216974;0;0.0
Goal_86;1463317;3.687396655945397E7;0.2777777777777778;1246871;1.0861790598799998E7;0.03873891925216974;0;0.0
Goal_87;1463317;3.687396655945397E7;0.3333333333333333;1246871;1.0861790598799998E7;0.03873891925216974;0;0.0
Goal_88;1463317;3.687396655945397E7;0.38888888888888884;1246871;1.0861790598799998E7;0.03873891925216974;0;0.0
Goal_89;1463317;3.687396655945397E7;0.4444444444444444;1246871;1.0861790598799998E7;0.03873891925216974;0;0.0
Goal_90;1463317;3.687396655945397E7;0.5;1246871;1.0861790598799998E7;0.03873891925216974;0;0.0
Goal_92;1463317;4.148321237938572E7;0.05555555555555555;1246871;1.0861790598799998E7;0.03873891925216974;0;0.0
Goal_93;1463317;4.148321237938572E7;0.1111111111111111;1246871;1.0861790598799998E7;0.03873891925216974;0;0.0
Goal_94;1463317;4.148321237938572E7;0.16666666666666666;1246871;1.0861790598799998E7;0.03873891925216974;0;0.0
Goal_95;1463317;4.148321237938572E7;0.2222222222222222;1246871;1.0861790598799998E7;0.03873891925216974;0;0.0
Goal_96;1463317;4.148321237938572E7;0.2777777777777778;1246871;1.0861790598799998E7;0.03873891925216974;0;0.0
Goal_97;1463317;4.148321237938572E7;0.3333333333333333;1246871;1.0861790598799998E7;0.03873891925216974;0;0.0
Goal_98;1463317;4.148321237938572E7;0.38888888888888884;1246871;1.0861790598799998E7;0.03873891925216974;0;0.0
Goal_99;1463317;4.148321237938572E7;0.4444444444444444;1246871;1.0861790598799998E7;0.03873891925216974;0;0.0
Goal_100;1463317;4.148321237938572E7;0.5;1246871;1.0861790598799998E7;0.03873891925216974;0;0.0
Goal_1;1463317;0.0;0.0;1205292;6818917.650800003;0.046257358583116706;3600;6.323564855331648E-5
Goal_102;1406437;0.0;0.05555555555555555;1204941;6799315.577000001;0.055565082610082195;6;0.0
Goal_103;1406437;0.0;0.1111111111111111;1204091;6752207.399800002;0.11111184543784555;4;8.352014190777132E-9
Goal_104;1406437;0.0;0.16666666666666666;1203438;6716468.771400002;0.15228245973866866;0;0.0
Goal_105;1406437;0.0;0.2222222222222222;1203438;6716468.771400002;0.15228245973866866;0;0.0
Goal_106;1406437;0.0;0.2777777777777778;1203438;6716468.771400002;0.15228245973866866;0;0.0
Goal_107;1406437;0.0;0.3333333333333333;1203438;6716468.771400002;0.15228245973866866;0;0.0
Goal_108;1406437;0.0;0.38888888888888884;1203438;6716468.771400002;0.15228245973866866;0;0.0
Goal_109;1406437;0.0;0.4444444444444444;1203438;6716468.771400002;0.15228245973866866;0;0.0
Goal_110;1406437;0.0;0.5;1203438;6716468.771400002;0.15228245973866866;0;0.0
Goal_11;1463317;4609245.819931746;0.0;1205293;6819086.828700001;0.04624411987206249;3600;7.386839263002415E-5
Goal_112;1406437;4609245.819931746;0.05555555555555555;1204941;6799315.577000001;0.055565082610082195;11;0.0
Goal_113;1406437;4609245.819931746;0.1111111111111111;1204085;6751886.858400002;0.11111577504725474;4;0.0
Goal_114;1406437;4609245.819931746;0.16666666666666666;1203438;6716468.771400002;0.15228245973866866;0;5.901495849663691E-14
Goal_115;1406437;4609245.819931746;0.2222222222222222;1203438;6716468.771400002;0.15228245973866866;0;5.915854720344137E-14
Goal_116;1406437;4609245.819931746;0.2777777777777778;1203438;6716468.771400002;0.15228245973866866;0;5.915854720344137E-14
Goal_117;1406437;4609245.819931746;0.3333333333333333;1203438;6716468.771400002;0.15228245973866866;0;5.915854720344137E-14
Goal_118;1406437;4609245.819931746;0.38888888888888884;1203438;6716468.771400002;0.15228245973866866;0;5.872778108302796E-14
Goal_119;1406437;4609245.819931746;0.4444444444444444;1203438;6716468.771400002;0.15228245973866866;0;5.901495849663691E-14
Goal_120;1406437;4609245.819931746;0.5;1203438;6716468.771400002;0.15228245973866866;0;5.901495849663691E-14
Goal_121;1406437;9218491.639863493;0.0;1239325;9218494.946400004;0.040193676996418654;3;0.0
Goal_122;1406437;9218491.639863493;0.05555555555555555;1239325;9218450.594600003;0.040195159320400194;0;0.0
Goal_123;1406437;9218491.639863493;0.1111111111111111;1239325;9218450.594600003;0.040195159320400194;0;0.0
Goal_124;1406437;9218491.639863493;0.16666666666666666;1239325;9218450.594600003;0.040195159320400194;0;0.0
Goal_125;1406437;9218491.639863493;0.2222222222222222;1239325;9218450.594600003;0.040195159320400194;0;0.0
Goal_126;1406437;9218491.639863493;0.2777777777777778;1239325;9218450.594600003;0.040195159320400194;0;0.0
Goal_127;1406437;9218491.639863493;0.3333333333333333;1239325;9218450.594600003;0.040195159320400194;0;0.0
Goal_128;1406437;9218491.639863493;0.38888888888888884;1239325;9218450.594600003;0.040195159320400194;0;0.0
Goal_129;1406437;9218491.639863493;0.4444444444444444;1239325;9218484.961600002;0.04019515932053582;0;0.0
Goal_130;1406437;9218491.639863493;0.5;1239325;9218484.961600002;0.04019515932053582;0;0.0
Goal_31;1463317;1.382773745979524E7;0.0;1246871;1.05570178649E7;0.0379398602217834;3600;1.5860993757200242E-4
Goal_132;1406437;1.382773745979524E7;0.05555555555555555;1246871;1.0623785364199998E7;0.05555798994324012;0;0.0
Goal_133;1406437;1.382773745979524E7;0.1111111111111111;1246871;1.0528902229700001E7;0.11007721305821222;0;0.0
Goal_134;1406437;1.382773745979524E7;0.16666666666666666;1246871;1.0528902229700001E7;0.11007721305821222;0;0.0
Goal_135;1406437;1.382773745979524E7;0.2222222222222222;1246871;1.03377137196E7;0.038847491200610325;0;0.0
Goal_136;1406437;1.382773745979524E7;0.2777777777777778;1246871;1.03377137196E7;0.038847491200610325;0;0.0
Goal_137;1406437;1.382773745979524E7;0.3333333333333333;1246871;1.03377137196E7;0.038847491200610325;0;0.0
Goal_138;1406437;1.382773745979524E7;0.38888888888888884;1246871;1.03377137196E7;0.038847491200610325;0;0.0
Goal_139;1406437;1.382773745979524E7;0.4444444444444444;1246871;1.03678180158E7;0.038847491200610325;0;0.0
Goal_140;1406437;1.382773745979524E7;0.5;1246871;1.03678180158E7;0.038847491200610325;0;0.0
Goal_41;1463317;1.8436983279726986E7;0.0;1246871;1.0515668733699996E7;0.037937619959079794;3600;1.3672174481754108E-4
Goal_142;1406437;1.8436983279726986E7;0.05555555555555555;1246871;1.0570144842399998E7;0.04740845520120705;0;0.0
Goal_143;1406437;1.8436983279726986E7;0.1111111111111111;1246871;1.0528902229700001E7;0.11007721305821222;0;0.0
Goal_144;1406437;1.8436983279726986E7;0.16666666666666666;1246871;1.0528902229700001E7;0.11007721305821222;0;0.0
Goal_145;1406437;1.8436983279726986E7;0.2222222222222222;1246871;1.03377137196E7;0.038847491200610325;0;0.0
Goal_146;1406437;1.8436983279726986E7;0.2777777777777778;1246871;1.03377137196E7;0.038847491200610325;0;0.0
Goal_147;1406437;1.8436983279726986E7;0.3333333333333333;1246871;1.03377137196E7;0.038847491200610325;0;0.0
Goal_148;1406437;1.8436983279726986E7;0.38888888888888884;1246871;1.03377137196E7;0.038847491200610325;0;0.0
Goal_149;1406437;1.8436983279726986E7;0.4444444444444444;1246871;1.03678180158E7;0.038847491200610325;0;0.0
Goal_150;1406437;1.8436983279726986E7;0.5;1246871;1.03678180158E7;0.038847491200610325;0;0.0
Goal_51;1463317;2.304622909965873E7;0.0;1246871;1.0809620246699998E7;0.03793738639127334;3600;1.3866194310132972E-4
Goal_152;1406437;2.304622909965873E7;0.05555555555555555;1246871;1.0871139118299998E7;0.038691214504235086;0;0.0
Goal_153;1406437;2.304622909965873E7;0.1111111111111111;1246871;1.0871139118299998E7;0.038691214504235086;0;0.0
Goal_154;1406437;2.304622909965873E7;0.16666666666666666;1246871;1.0871139118299998E7;0.038691214504235086;0;0.0
Goal_155;1406437;2.304622909965873E7;0.2222222222222222;1246871;1.0871139118299998E7;0.038691214504235086;0;0.0
Goal_156;1406437;2.304622909965873E7;0.2777777777777778;1246871;1.0871139118299998E7;0.038691214504235086;0;0.0
Goal_157;1406437;2.304622909965873E7;0.3333333333333333;1246871;1.0871139118299998E7;0.038691214504235086;0;0.0
Goal_158;1406437;2.304622909965873E7;0.38888888888888884;1246871;1.0871139118299998E7;0.038691214504235086;0;0.0
Goal_159;1406437;2.304622909965873E7;0.4444444444444444;1246871;1.0871139118299998E7;0.038691214504235086;0;0.0
Goal_160;1406437;2.304622909965873E7;0.5;1246871;1.0871139118299998E7;0.038691214504235086;0;0.0
Goal_61;1463317;2.765547491959048E7;0.0;1246871;1.0809620246699998E7;0.03793738639127334;3600;1.354300839818103E-4
Goal_162;1406437;2.765547491959048E7;0.05555555555555555;1246871;1.0871139118299998E7;0.038691214504235086;0;0.0
Goal_163;1406437;2.765547491959048E7;0.1111111111111111;1246871;1.0871139118299998E7;0.038691214504235086;0;0.0
Goal_164;1406437;2.765547491959048E7;0.16666666666666666;1246871;1.0871139118299998E7;0.038691214504235086;0;0.0
Goal_165;1406437;2.765547491959048E7;0.2222222222222222;1246871;1.0871139118299998E7;0.038691214504235086;0;0.0
Goal_166;1406437;2.765547491959048E7;0.2777777777777778;1246871;1.0871139118299998E7;0.038691214504235086;0;0.0
Goal_167;1406437;2.765547491959048E7;0.3333333333333333;1246871;1.0871139118299998E7;0.038691214504235086;0;0.0
Goal_168;1406437;2.765547491959048E7;0.38888888888888884;1246871;1.0871139118299998E7;0.038691214504235086;0;0.0
Goal_169;1406437;2.765547491959048E7;0.4444444444444444;1246871;1.0871139118299998E7;0.038691214504235086;0;0.0
Goal_170;1406437;2.765547491959048E7;0.5;1246871;1.0871139118299998E7;0.038691214504235086;0;0.0
Goal_71;1463317;3.2264720739522226E7;0.0;1246871;1.0812807396399999E7;0.03793515794979459;3600;1.3383335538808217E-4
Goal_172;1406437;3.2264720739522226E7;0.05555555555555555;1246871;1.0871139118299998E7;0.038691214504235086;0;0.0
Goal_173;1406437;3.2264720739522226E7;0.1111111111111111;1246871;1.0871139118299998E7;0.038691214504235086;0;0.0
Goal_174;1406437;3.2264720739522226E7;0.16666666666666666;1246871;1.0871139118299998E7;0.038691214504235086;0;0.0
Goal_175;1406437;3.2264720739522226E7;0.2222222222222222;1246871;1.0871139118299998E7;0.038691214504235086;0;0.0
Goal_176;1406437;3.2264720739522226E7;0.2777777777777778;1246871;1.0871139118299998E7;0.038691214504235086;0;0.0
Goal_177;1406437;3.2264720739522226E7;0.3333333333333333;1246871;1.0871139118299998E7;0.038691214504235086;0;0.0
Goal_178;1406437;3.2264720739522226E7;0.38888888888888884;1246871;1.0871139118299998E7;0.038691214504235086;0;0.0
Goal_179;1406437;3.2264720739522226E7;0.4444444444444444;1246871;1.0871139118299998E7;0.038691214504235086;0;0.0
Goal_180;1406437;3.2264720739522226E7;0.5;1246871;1.0871139118299998E7;0.038691214504235086;0;0.0
Goal_81;1463317;3.687396655945397E7;0.0;1246871;1.0812807396399999E7;0.03793515794979459;3600;1.3383852070459503E-4
Goal_182;1406437;3.687396655945397E7;0.05555555555555555;1246871;1.0871139118299998E7;0.038691214504235086;0;0.0
Goal_183;1406437;3.687396655945397E7;0.1111111111111111;1246871;1.0871139118299998E7;0.038691214504235086;0;0.0
Goal_184;1406437;3.687396655945397E7;0.16666666666666666;1246871;1.0871139118299998E7;0.038691214504235086;0;0.0
Goal_185;1406437;3.687396655945397E7;0.2222222222222222;1246871;1.0871139118299998E7;0.038691214504235086;0;0.0
Goal_186;1406437;3.687396655945397E7;0.2777777777777778;1246871;1.0871139118299998E7;0.038691214504235086;0;0.0
Goal_187;1406437;3.687396655945397E7;0.3333333333333333;1246871;1.0871139118299998E7;0.038691214504235086;0;0.0
Goal_188;1406437;3.687396655945397E7;0.38888888888888884;1246871;1.0871139118299998E7;0.038691214504235086;0;0.0
Goal_189;1406437;3.687396655945397E7;0.4444444444444444;1246871;1.0871139118299998E7;0.038691214504235086;0;0.0
Goal_190;1406437;3.687396655945397E7;0.5;1246871;1.0871139118299998E7;0.038691214504235086;0;0.0
Goal_91;1463317;4.148321237938572E7;0.0;1246871;1.0812807396399999E7;0.03793515794979459;3600;1.3387076345807653E-4
Goal_192;1406437;4.148321237938572E7;0.05555555555555555;1246871;1.0871139118299998E7;0.038691214504235086;0;0.0
Goal_193;1406437;4.148321237938572E7;0.1111111111111111;1246871;1.0871139118299998E7;0.038691214504235086;0;0.0
Goal_194;1406437;4.148321237938572E7;0.16666666666666666;1246871;1.0871139118299998E7;0.038691214504235086;0;0.0
Goal_195;1406437;4.148321237938572E7;0.2222222222222222;1246871;1.0871139118299998E7;0.038691214504235086;0;0.0
Goal_196;1406437;4.148321237938572E7;0.2777777777777778;1246871;1.0871139118299998E7;0.038691214504235086;0;0.0
Goal_197;1406437;4.148321237938572E7;0.3333333333333333;1246871;1.0871139118299998E7;0.038691214504235086;0;0.0
Goal_198;1406437;4.148321237938572E7;0.38888888888888884;1246871;1.0871139118299998E7;0.038691214504235086;0;0.0
Goal_199;1406437;4.148321237938572E7;0.4444444444444444;1246871;1.0871139118299998E7;0.038691214504235086;0;0.0
Goal_200;1406437;4.148321237938572E7;0.5;1246871;1.0871139118299998E7;0.038691214504235086;0;0.0
Goal_101;1406437;0.0;0.0;1205307;6819655.912300002;0.04625640677388784;3600;5.3866087890207694E-5
Goal_202;1349558;0.0;0.05555555555555555;1204940;6799262.373800002;0.05555942003875306;10;0.0
Goal_203;1349558;0.0;0.1111111111111111;1204085;6751886.858400002;0.11111577504725473;15;0.0
Goal_204;1349558;0.0;0.16666666666666666;1203438;6716468.771400002;0.15228245973866866;0;0.0
Goal_205;1349558;0.0;0.2222222222222222;1203438;6716468.771400002;0.15228245973866866;0;0.0
Goal_206;1349558;0.0;0.2777777777777778;1203438;6716468.771400002;0.15228245973866866;0;0.0
Goal_207;1349558;0.0;0.3333333333333333;1203438;6716468.771400002;0.15228245973866866;0;0.0
Goal_208;1349558;0.0;0.38888888888888884;1203438;6716468.771400002;0.15228245973866866;0;0.0
Goal_209;1349558;0.0;0.4444444444444444;1203438;6716468.771400002;0.15228245973866866;0;0.0
Goal_210;1349558;0.0;0.5;1203438;6716468.771400002;0.15228245973866866;0;0.0
Goal_111;1406437;4609245.819931746;0.0;1205298;6819133.160100002;0.04626419910492136;3600;1.0433820258596155E-4
Goal_212;1349558;4609245.819931746;0.05555555555555555;1204940;6799262.373800002;0.055559420038750126;6;0.0
Goal_213;1349558;4609245.819931746;0.1111111111111111;1204085;6751886.858400002;0.11111577504725474;4;4.256905568850771E-9
Goal_214;1349558;4609245.819931746;0.16666666666666666;1203438;6716468.771400002;0.15228245973866866;0;7.560168057772595E-14
Goal_215;1349558;4609245.819931746;0.2222222222222222;1203438;6716468.771400002;0.15228245973866866;0;7.672726391138935E-14
Goal_216;1349558;4609245.819931746;0.2777777777777778;1203438;6716468.771400002;0.15228245973866866;0;7.672726391138935E-14
Goal_217;1349558;4609245.819931746;0.3333333333333333;1203438;6716468.771400002;0.15228245973866866;0;7.672726391138935E-14
Goal_218;1349558;4609245.819931746;0.38888888888888884;1203438;6716468.771400002;0.15228245973866866;0;7.672726391138935E-14
Goal_219;1349558;4609245.819931746;0.4444444444444444;1203438;6716468.771400002;0.15228245973866866;0;7.710245835594383E-14
Goal_220;1349558;4609245.819931746;0.5;1203438;6716468.771400002;0.15228245973866866;0;7.428850002178529E-14
Goal_221;1349558;9218491.639863493;0.0;1239324;9218501.174800005;0.040192034342625006;2;0.0
Goal_222;1349558;9218491.639863493;0.05555555555555555;1239325;9218450.594600003;0.040195159320400194;0;0.0
Goal_223;1349558;9218491.639863493;0.1111111111111111;1239325;9218450.594600003;0.040195159320400194;0;0.0
Goal_224;1349558;9218491.639863493;0.16666666666666666;1239325;9218450.594600003;0.040195159320400194;0;0.0
Goal_225;1349558;9218491.639863493;0.2222222222222222;1239325;9218450.594600003;0.040195159320400194;0;0.0
Goal_226;1349558;9218491.639863493;0.2777777777777778;1239325;9218450.594600003;0.040195159320400194;0;0.0
Goal_227;1349558;9218491.639863493;0.3333333333333333;1239325;9218450.594600003;0.040195159320400194;0;0.0
Goal_228;1349558;9218491.639863493;0.38888888888888884;1239325;9218450.594600003;0.040195159320400194;0;0.0
Goal_229;1349558;9218491.639863493;0.4444444444444444;1239325;9218484.961600002;0.04019515932053582;0;0.0
Goal_230;1349558;9218491.639863493;0.5;1239325;9218484.961600002;0.04019515932053582;0;0.0
Goal_131;1406437;1.382773745979524E7;0.0;1246871;1.06411162666E7;0.037934241182860914;3600;2.08700753100493E-4
Goal_232;1349558;1.382773745979524E7;0.05555555555555555;1246871;1.0608436192400003E7;0.055556019448449956;0;0.0
Goal_233;1349558;1.382773745979524E7;0.1111111111111111;1246871;1.0528902229700001E7;0.11007721305821222;0;0.0
Goal_234;1349558;1.382773745979524E7;0.16666666666666666;1246871;1.0528902229700001E7;0.11007721305821222;0;0.0
Goal_235;1349558;1.382773745979524E7;0.2222222222222222;1246871;1.03377137196E7;0.038847491200610325;0;0.0
Goal_236;1349558;1.382773745979524E7;0.2777777777777778;1246871;1.03377137196E7;0.038847491200610325;0;0.0
Goal_237;1349558;1.382773745979524E7;0.3333333333333333;1246871;1.03377137196E7;0.038847491200610325;0;0.0
Goal_238;1349558;1.382773745979524E7;0.38888888888888884;1246871;1.03377137196E7;0.038847491200610325;0;0.0
Goal_239;1349558;1.382773745979524E7;0.4444444444444444;1246871;1.03678180158E7;0.038847491200610325;0;0.0
Goal_240;1349558;1.382773745979524E7;0.5;1246871;1.03678180158E7;0.038847491200610325;0;0.0
Goal_141;1406437;1.8436983279726986E7;0.0;1246871;1.05396660058E7;0.0379331705953814;3600;2.0004214629554322E-4
Goal_242;1349558;1.8436983279726986E7;0.05555555555555555;1246871;1.0608436192400003E7;0.055556019448449956;0;0.0
Goal_243;1349558;1.8436983279726986E7;0.1111111111111111;1246871;1.0528902229700001E7;0.11007721305821222;0;0.0
Goal_244;1349558;1.8436983279726986E7;0.16666666666666666;1246871;1.0528902229700001E7;0.11007721305821222;0;0.0
Goal_245;1349558;1.8436983279726986E7;0.2222222222222222;1246871;1.03377137196E7;0.038847491200610325;0;0.0
Goal_246;1349558;1.8436983279726986E7;0.2777777777777778;1246871;1.03377137196E7;0.038847491200610325;0;0.0
Goal_247;1349558;1.8436983279726986E7;0.3333333333333333;1246871;1.03377137196E7;0.038847491200610325;0;0.0
Goal_248;1349558;1.8436983279726986E7;0.38888888888888884;1246871;1.03377137196E7;0.038847491200610325;0;0.0
Goal_249;1349558;1.8436983279726986E7;0.4444444444444444;1246871;1.03678180158E7;0.038847491200610325;0;0.0
Goal_250;1349558;1.8436983279726986E7;0.5;1246871;1.03678180158E7;0.038847491200610325;0;0.0
Goal_151;1406437;2.304622909965873E7;0.0;1246871;1.0811994568399997E7;0.03793474898400375;3600;1.6569537550661126E-4
Goal_252;1349558;2.304622909965873E7;0.05555555555555555;1246871;1.0684843095899997E7;0.03839696910167727;0;0.0
Goal_253;1349558;2.304622909965873E7;0.1111111111111111;1246871;1.0684843095899997E7;0.03839696910167727;0;0.0
Goal_254;1349558;2.304622909965873E7;0.16666666666666666;1246871;1.0684843095899997E7;0.03839696910167727;0;0.0
Goal_255;1349558;2.304622909965873E7;0.2222222222222222;1246871;1.0684843095899997E7;0.03839696910167727;0;0.0
Goal_256;1349558;2.304622909965873E7;0.2777777777777778;1246871;1.0684843095899997E7;0.03839696910167727;0;0.0
Goal_257;1349558;2.304622909965873E7;0.3333333333333333;1246871;1.0684843095899997E7;0.03839696910167727;0;0.0
Goal_258;1349558;2.304622909965873E7;0.38888888888888884;1246871;1.0684843095899997E7;0.03839696910167727;0;0.0
Goal_259;1349558;2.304622909965873E7;0.4444444444444444;1246871;1.0891729999300001E7;0.04037057157608798;0;0.0
Goal_260;1349558;2.304622909965873E7;0.5;1246871;1.0891729999300001E7;0.04037057157608798;0;0.0
Goal_161;1406437;2.765547491959048E7;0.0;1246871;1.0812163069599995E7;0.037936767619641716;3600;1.6446684924136158E-4
Goal_262;1349558;2.765547491959048E7;0.05555555555555555;1246871;1.0684843095899997E7;0.03839696910167727;0;0.0
Goal_263;1349558;2.765547491959048E7;0.1111111111111111;1246871;1.0684843095899997E7;0.03839696910167727;0;0.0
Goal_264;1349558;2.765547491959048E7;0.16666666666666666;1246871;1.0684843095899997E7;0.03839696910167727;0;0.0
Goal_265;1349558;2.765547491959048E7;0.2222222222222222;1246871;1.0684843095899997E7;0.03839696910167727;0;0.0
Goal_266;1349558;2.765547491959048E7;0.2777777777777778;1246871;1.0684843095899997E7;0.03839696910167727;0;0.0
Goal_267;1349558;2.765547491959048E7;0.3333333333333333;1246871;1.0684843095899997E7;0.03839696910167727;0;0.0
Goal_268;1349558;2.765547491959048E7;0.38888888888888884;1246871;1.0684843095899997E7;0.03839696910167727;0;0.0
Goal_269;1349558;2.765547491959048E7;0.4444444444444444;1246871;1.0891729999300001E7;0.04037057157608798;0;0.0
Goal_270;1349558;2.765547491959048E7;0.5;1246871;1.0891729999300001E7;0.04037057157608798;0;0.0
Goal_171;1406437;3.2264720739522226E7;0.0;1246871;1.08145976967E7;0.03793421042419421;3601;1.6691996679818162E-4
Goal_272;1349558;3.2264720739522226E7;0.05555555555555555;1246871;1.0684843095899997E7;0.03839696910167727;0;0.0
Goal_273;1349558;3.2264720739522226E7;0.1111111111111111;1246871;1.0684843095899997E7;0.03839696910167727;0;0.0
Goal_274;1349558;3.2264720739522226E7;0.16666666666666666;1246871;1.0684843095899997E7;0.03839696910167727;0;0.0
Goal_275;1349558;3.2264720739522226E7;0.2222222222222222;1246871;1.0684843095899997E7;0.03839696910167727;0;0.0
Goal_276;1349558;3.2264720739522226E7;0.2777777777777778;1246871;1.0684843095899997E7;0.03839696910167727;0;0.0
Goal_277;1349558;3.2264720739522226E7;0.3333333333333333;1246871;1.0684843095899997E7;0.03839696910167727;0;0.0
Goal_278;1349558;3.2264720739522226E7;0.38888888888888884;1246871;1.0684843095899997E7;0.03839696910167727;0;0.0
Goal_279;1349558;3.2264720739522226E7;0.4444444444444444;1246871;1.0891729999300001E7;0.04037057157608798;0;0.0
Goal_280;1349558;3.2264720739522226E7;0.5;1246871;1.0891729999300001E7;0.04037057157608798;0;0.0
Goal_181;1406437;3.687396655945397E7;0.0;1246871;1.0814617077300001E7;0.037933979367594725;3600;1.5935217864653005E-4
Goal_282;1349558;3.687396655945397E7;0.05555555555555555;1246871;1.0684843095899997E7;0.03839696910167727;0;0.0
Goal_283;1349558;3.687396655945397E7;0.1111111111111111;1246871;1.0684843095899997E7;0.03839696910167727;0;0.0
Goal_284;1349558;3.687396655945397E7;0.16666666666666666;1246871;1.0684843095899997E7;0.03839696910167727;0;0.0
Goal_285;1349558;3.687396655945397E7;0.2222222222222222;1246871;1.0684843095899997E7;0.03839696910167727;0;0.0
Goal_286;1349558;3.687396655945397E7;0.2777777777777778;1246871;1.0684843095899997E7;0.03839696910167727;0;0.0
Goal_287;1349558;3.687396655945397E7;0.3333333333333333;1246871;1.0684843095899997E7;0.03839696910167727;0;0.0
Goal_288;1349558;3.687396655945397E7;0.38888888888888884;1246871;1.0684843095899997E7;0.03839696910167727;0;0.0
Goal_289;1349558;3.687396655945397E7;0.4444444444444444;1246871;1.0891729999300001E7;0.04037057157608798;0;0.0
Goal_290;1349558;3.687396655945397E7;0.5;1246871;1.0891729999300001E7;0.04037057157608798;0;0.0
Goal_191;1406437;4.148321237938572E7;0.0;1246871;1.0814617077300001E7;0.037933979367594725;3600;1.5944612216827768E-4
Goal_292;1349558;4.148321237938572E7;0.05555555555555555;1246871;1.0684843095899997E7;0.03839696910167727;0;0.0
Goal_293;1349558;4.148321237938572E7;0.1111111111111111;1246871;1.0684843095899997E7;0.03839696910167727;0;0.0
Goal_294;1349558;4.148321237938572E7;0.16666666666666666;1246871;1.0684843095899997E7;0.03839696910167727;0;0.0
Goal_295;1349558;4.148321237938572E7;0.2222222222222222;1246871;1.0684843095899997E7;0.03839696910167727;0;0.0
Goal_296;1349558;4.148321237938572E7;0.2777777777777778;1246871;1.0684843095899997E7;0.03839696910167727;0;0.0
Goal_297;1349558;4.148321237938572E7;0.3333333333333333;1246871;1.0684843095899997E7;0.03839696910167727;0;0.0
Goal_298;1349558;4.148321237938572E7;0.38888888888888884;1246871;1.0684843095899997E7;0.03839696910167727;0;0.0
Goal_299;1349558;4.148321237938572E7;0.4444444444444444;1246871;1.0891729999300001E7;0.04037057157608798;0;0.0
Goal_300;1349558;4.148321237938572E7;0.5;1246871;1.0891729999300001E7;0.04037057157608798;0;0.0
Goal_201;1349558;0.0;0.0;1205293;6819081.084800001;0.046247139023215866;3600;9.396969383373696E-5
Goal_302;1292679;0.0;0.05555555555555555;1204940;6799262.373800002;0.05555942003875306;8;0.0
Goal_303;1292679;0.0;0.1111111111111111;1204091;6752207.399800002;0.11111184543784555;3;0.0
Goal_304;1292679;0.0;0.16666666666666666;1203438;6716468.771400002;0.15228245973866866;0;0.0
Goal_305;1292679;0.0;0.2222222222222222;1203438;6716468.771400002;0.15228245973866866;0;0.0
Goal_306;1292679;0.0;0.2777777777777778;1203438;6716468.771400002;0.15228245973866866;0;0.0
Goal_307;1292679;0.0;0.3333333333333333;1203438;6716468.771400002;0.15228245973866866;0;0.0
Goal_308;1292679;0.0;0.38888888888888884;1203438;6716468.771400002;0.15228245973866866;0;0.0
Goal_309;1292679;0.0;0.4444444444444444;1203438;6716468.771400002;0.15228245973866866;0;0.0
Goal_310;1292679;0.0;0.5;1203438;6716468.771400002;0.15228245973866866;0;0.0
Goal_211;1349558;4609245.819931746;0.0;1205300;6819343.722400001;0.046251803471437924;3600;1.1893744952939127E-4
Goal_312;1292679;4609245.819931746;0.05555555555555555;1204940;6799262.373800002;0.05555942003875306;8;0.0
Goal_313;1292679;4609245.819931746;0.1111111111111111;1204085;6751886.858400002;0.11111577504725474;4;0.0
Goal_314;1292679;4609245.819931746;0.16666666666666666;1203438;6716468.771400002;0.15228245973866866;0;1.1036564212380458E-13
Goal_315;1292679;4609245.819931746;0.2222222222222222;1203438;6716468.771400002;0.15228245973866866;0;1.1063614614861782E-13
Goal_316;1292679;4609245.819931746;0.2777777777777778;1203438;6716468.771400002;0.15228245973866866;0;1.1063614614861782E-13
Goal_317;1292679;4609245.819931746;0.3333333333333333;1203438;6716468.771400002;0.15228245973866866;0;1.1063614614861782E-13
Goal_318;1292679;4609245.819931746;0.38888888888888884;1203438;6716468.771400002;0.15228245973866866;0;1.1063614614861782E-13
Goal_319;1292679;4609245.819931746;0.4444444444444444;1203438;6716468.771400002;0.15228245973866866;0;1.046850576027264E-13
Goal_320;1292679;4609245.819931746;0.5;1203438;6716468.771400002;0.15228245973866866;0;8.84548161139316E-14
Goal_321;1292679;9218491.639863493;0.0;1239325;9218491.425600002;0.04019387197858986;3;0.0
Goal_322;1292679;9218491.639863493;0.05555555555555555;1239325;9218450.594600003;0.040195159320400194;0;0.0
Goal_323;1292679;9218491.639863493;0.1111111111111111;1239325;9218450.594600003;0.040195159320400194;0;0.0
Goal_324;1292679;9218491.639863493;0.16666666666666666;1239325;9218450.594600003;0.040195159320400194;0;0.0
Goal_325;1292679;9218491.639863493;0.2222222222222222;1239325;9218450.594600003;0.040195159320400194;0;0.0
Goal_326;1292679;9218491.639863493;0.2777777777777778;1239325;9218450.594600003;0.040195159320400194;0;0.0
Goal_327;1292679;9218491.639863493;0.3333333333333333;1239325;9218450.594600003;0.040195159320400194;0;0.0
Goal_328;1292679;9218491.639863493;0.38888888888888884;1239325;9218450.594600003;0.040195159320400194;0;0.0
Goal_329;1292679;9218491.639863493;0.4444444444444444;1239325;9218484.961600002;0.04019515932053596;0;0.0
Goal_330;1292679;9218491.639863493;0.5;1239325;9218484.961600002;0.04019515932053596;0;0.0
Goal_231;1349558;1.382773745979524E7;0.0;1246870;1.0539295884799998E7;0.037933127581725734;3600;2.3316454763595842E-4
Goal_332;1292679;1.382773745979524E7;0.05555555555555555;1246871;1.0419205059600001E7;0.03851379154295878;1;0.0
Goal_333;1292679;1.382773745979524E7;0.1111111111111111;1246871;1.0528902229700001E7;0.11007721305821222;0;0.0
Goal_334;1292679;1.382773745979524E7;0.16666666666666666;1246871;1.0528902229700001E7;0.11007721305821222;0;0.0
Goal_335;1292679;1.382773745979524E7;0.2222222222222222;1246871;1.03377137196E7;0.038847491200610325;0;0.0
Goal_336;1292679;1.382773745979524E7;0.2777777777777778;1246871;1.03377137196E7;0.038847491200610325;0;0.0
Goal_337;1292679;1.382773745979524E7;0.3333333333333333;1246871;1.03377137196E7;0.038847491200610325;0;0.0
Goal_338;1292679;1.382773745979524E7;0.38888888888888884;1246871;1.03377137196E7;0.038847491200610325;0;0.0
Goal_339;1292679;1.382773745979524E7;0.4444444444444444;1246871;1.03678180158E7;0.038847491200610325;0;0.0
Goal_340;1292679;1.382773745979524E7;0.5;1246871;1.03678180158E7;0.038847491200610325;0;0.0
Goal_241;1349558;1.8436983279726986E7;0.0;1246871;1.05585776624E7;0.03793426447241232;3600;3.23695842301255E-4
Goal_342;1292679;1.8436983279726986E7;0.05555555555555555;1246871;1.0419205059600001E7;0.03851379154295878;1;0.0
Goal_343;1292679;1.8436983279726986E7;0.1111111111111111;1246871;1.0528902229700001E7;0.11007721305821222;0;0.0
Goal_344;1292679;1.8436983279726986E7;0.16666666666666666;1246871;1.0528902229700001E7;0.11007721305821222;0;0.0
Goal_345;1292679;1.8436983279726986E7;0.2222222222222222;1246871;1.03377137196E7;0.038847491200610325;0;0.0
Goal_346;1292679;1.8436983279726986E7;0.2777777777777778;1246871;1.03377137196E7;0.038847491200610325;0;0.0
Goal_347;1292679;1.8436983279726986E7;0.3333333333333333;1246871;1.03377137196E7;0.038847491200610325;0;0.0
Goal_348;1292679;1.8436983279726986E7;0.38888888888888884;1246871;1.03377137196E7;0.038847491200610325;0;0.0
Goal_349;1292679;1.8436983279726986E7;0.4444444444444444;1246871;1.03678180158E7;0.038847491200610325;0;0.0
Goal_350;1292679;1.8436983279726986E7;0.5;1246871;1.03678180158E7;0.038847491200610325;0;0.0
Goal_251;1349558;2.304622909965873E7;0.0;1246871;1.08061384407E7;0.037933488991249965;3600;3.050650907098394E-4
Goal_352;1292679;2.304622909965873E7;0.05555555555555555;1246871;1.0684843095899997E7;0.03839696910167727;0;0.0
Goal_353;1292679;2.304622909965873E7;0.1111111111111111;1246871;1.0684843095899997E7;0.03839696910167727;0;0.0
Goal_354;1292679;2.304622909965873E7;0.16666666666666666;1246871;1.0684843095899997E7;0.03839696910167727;0;0.0
Goal_355;1292679;2.304622909965873E7;0.2222222222222222;1246871;1.0684843095899997E7;0.03839696910167727;0;0.0
Goal_356;1292679;2.304622909965873E7;0.2777777777777778;1246871;1.0684843095899997E7;0.03839696910167727;0;0.0
Goal_357;1292679;2.304622909965873E7;0.3333333333333333;1246871;1.0684843095899997E7;0.03839696910167727;0;0.0
Goal_358;1292679;2.304622909965873E7;0.38888888888888884;1246871;1.0684843095899997E7;0.03839696910167727;0;0.0
Goal_359;1292679;2.304622909965873E7;0.4444444444444444;1246871;1.0776091653599998E7;0.03884749120061031;0;0.0
Goal_360;1292679;2.304622909965873E7;0.5;1246871;1.0776091653599998E7;0.03884749120061031;0;0.0
Goal_261;1349558;2.765547491959048E7;0.0;1246871;1.08124135921E7;0.03793423554520109;3600;3.1479059097865773E-4
Goal_362;1292679;2.765547491959048E7;0.05555555555555555;1246871;1.0684843095899997E7;0.03839696910167727;0;0.0
Goal_363;1292679;2.765547491959048E7;0.1111111111111111;1246871;1.0684843095899997E7;0.03839696910167727;0;0.0
Goal_364;1292679;2.765547491959048E7;0.16666666666666666;1246871;1.0684843095899997E7;0.03839696910167727;0;0.0
Goal_365;1292679;2.765547491959048E7;0.2222222222222222;1246871;1.0684843095899997E7;0.03839696910167727;0;0.0
Goal_366;1292679;2.765547491959048E7;0.2777777777777778;1246871;1.0684843095899997E7;0.03839696910167727;0;0.0
Goal_367;1292679;2.765547491959048E7;0.3333333333333333;1246871;1.0684843095899997E7;0.03839696910167727;0;0.0
Goal_368;1292679;2.765547491959048E7;0.38888888888888884;1246871;1.0684843095899997E7;0.03839696910167727;0;0.0
Goal_369;1292679;2.765547491959048E7;0.4444444444444444;1246871;1.0776091653599998E7;0.03884749120061031;0;0.0
Goal_370;1292679;2.765547491959048E7;0.5;1246871;1.0776091653599998E7;0.03884749120061031;0;0.0
Goal_271;1349558;3.2264720739522226E7;0.0;1246871;1.08124135921E7;0.03793423554520109;3600;3.1416690018333103E-4
Goal_372;1292679;3.2264720739522226E7;0.05555555555555555;1246871;1.0684843095899997E7;0.03839696910167727;0;0.0
Goal_373;1292679;3.2264720739522226E7;0.1111111111111111;1246871;1.0684843095899997E7;0.03839696910167727;0;0.0
Goal_374;1292679;3.2264720739522226E7;0.16666666666666666;1246871;1.0684843095899997E7;0.03839696910167727;0;0.0
Goal_375;1292679;3.2264720739522226E7;0.2222222222222222;1246871;1.0684843095899997E7;0.03839696910167727;0;0.0
Goal_376;1292679;3.2264720739522226E7;0.2777777777777778;1246871;1.0684843095899997E7;0.03839696910167727;0;0.0
Goal_377;1292679;3.2264720739522226E7;0.3333333333333333;1246871;1.0684843095899997E7;0.03839696910167727;0;0.0
Goal_378;1292679;3.2264720739522226E7;0.38888888888888884;1246871;1.0684843095899997E7;0.03839696910167727;0;0.0
Goal_379;1292679;3.2264720739522226E7;0.4444444444444444;1246871;1.0776091653599998E7;0.03884749120061031;0;0.0
Goal_380;1292679;3.2264720739522226E7;0.5;1246871;1.0776091653599998E7;0.03884749120061031;0;0.0
Goal_281;1349558;3.687396655945397E7;0.0;1246871;1.08124135921E7;0.03793423554520109;3600;3.1406083652217587E-4
Goal_382;1292679;3.687396655945397E7;0.05555555555555555;1246871;1.0684843095899997E7;0.03839696910167727;0;0.0
Goal_383;1292679;3.687396655945397E7;0.1111111111111111;1246871;1.0684843095899997E7;0.03839696910167727;0;0.0
Goal_384;1292679;3.687396655945397E7;0.16666666666666666;1246871;1.0684843095899997E7;0.03839696910167727;0;0.0
Goal_385;1292679;3.687396655945397E7;0.2222222222222222;1246871;1.0684843095899997E7;0.03839696910167727;0;0.0
Goal_386;1292679;3.687396655945397E7;0.2777777777777778;1246871;1.0684843095899997E7;0.03839696910167727;0;0.0
Goal_387;1292679;3.687396655945397E7;0.3333333333333333;1246871;1.0684843095899997E7;0.03839696910167727;0;0.0
Goal_388;1292679;3.687396655945397E7;0.38888888888888884;1246871;1.0684843095899997E7;0.03839696910167727;0;0.0
Goal_389;1292679;3.687396655945397E7;0.4444444444444444;1246871;1.0776091653599998E7;0.03884749120061031;0;0.0
Goal_390;1292679;3.687396655945397E7;0.5;1246871;1.0776091653599998E7;0.03884749120061031;0;0.0
Goal_291;1349558;4.148321237938572E7;0.0;1246871;1.08124135921E7;0.03793423554520109;3600;3.1375479185433196E-4
Goal_392;1292679;4.148321237938572E7;0.05555555555555555;1246871;1.0684843095899997E7;0.03839696910167727;0;0.0
Goal_393;1292679;4.148321237938572E7;0.1111111111111111;1246871;1.0684843095899997E7;0.03839696910167727;0;0.0
Goal_394;1292679;4.148321237938572E7;0.16666666666666666;1246871;1.0684843095899997E7;0.03839696910167727;0;0.0
Goal_395;1292679;4.148321237938572E7;0.2222222222222222;1246871;1.0684843095899997E7;0.03839696910167727;0;0.0
Goal_396;1292679;4.148321237938572E7;0.2777777777777778;1246871;1.0684843095899997E7;0.03839696910167727;0;0.0
Goal_397;1292679;4.148321237938572E7;0.3333333333333333;1246871;1.0684843095899997E7;0.03839696910167727;0;0.0
Goal_398;1292679;4.148321237938572E7;0.38888888888888884;1246871;1.0684843095899997E7;0.03839696910167727;0;0.0
Goal_399;1292679;4.148321237938572E7;0.4444444444444444;1246871;1.0776091653599998E7;0.03884749120061031;0;0.0
Goal_400;1292679;4.148321237938572E7;0.5;1246871;1.0776091653599998E7;0.03884749120061031;0;0.0
Goal_301;1292679;0.0;0.0;1205301;6819380.410500001;0.04625314137562163;3600;1.1429740701022723E-4
Goal_402;1235800;0.0;0.05555555555555555;1204940;6799262.373800002;0.05555942003875306;12;0.0
Goal_403;1235800;0.0;0.1111111111111111;1204091;6752207.399800002;0.11111184543784555;3;0.0
Goal_404;1235800;0.0;0.16666666666666666;1203438;6716468.771400002;0.15228245973866866;0;0.0
Goal_405;1235800;0.0;0.2222222222222222;1203438;6716468.771400002;0.15228245973866866;0;0.0
Goal_406;1235800;0.0;0.2777777777777778;1203438;6716468.771400002;0.15228245973866866;0;0.0
Goal_407;1235800;0.0;0.3333333333333333;1203438;6716468.771400002;0.15228245973866866;0;0.0
Goal_408;1235800;0.0;0.38888888888888884;1203438;6716468.771400002;0.15228245973866866;0;0.0
Goal_409;1235800;0.0;0.4444444444444444;1203438;6716468.771400002;0.15228245973866866;0;0.0
Goal_410;1235800;0.0;0.5;1203438;6716468.771400002;0.15228245973866866;0;0.0
Goal_311;1292679;4609245.819931746;0.0;1205291;6818932.450100001;0.046248860266008614;3600;1.9435115467883696E-4
Goal_412;1235800;4609245.819931746;0.05555555555555555;1204940;6799262.373800002;0.05555942003875306;9;0.0
Goal_413;1235800;4609245.819931746;0.1111111111111111;1204091;6752207.399800002;0.11111184543784555;3;4.846127015189981E-16
Goal_414;1235800;4609245.819931746;0.16666666666666666;1203438;6716468.771400002;0.15228245973866866;0;2.0261401173477455E-13
Goal_415;1235800;4609245.819931746;0.2222222222222222;1203438;6716468.771400002;0.15228245973866866;0;2.033410955089424E-13
Goal_416;1235800;4609245.819931746;0.2777777777777778;1203438;6716468.771400002;0.15228245973866866;0;2.033410955089424E-13
Goal_417;1235800;4609245.819931746;0.3333333333333333;1203438;6716468.771400002;0.15228245973866866;0;2.033410955089424E-13
Goal_418;1235800;4609245.819931746;0.38888888888888884;1203438;6716468.771400002;0.15228245973866866;0;2.033410955089424E-13
Goal_419;1235800;4609245.819931746;0.4444444444444444;1203438;6716468.771400002;0.15228245973866866;0;1.6553273925221412E-13
Goal_420;1235800;4609245.819931746;0.5;1203438;6716468.771400002;0.15228245973866866;0;1.471132836399619E-13
Goal_331;1292679;1.382773745979524E7;0.0;1246871;1.06443921091E7;0.03793301802358911;3600;6.627378420373644E-4
Goal_422;1235800;9218491.639863493;0.05555555555555555;1235811;9185079.748400003;0.0546339787646637;9;0.0
Goal_423;1235800;9218491.639863493;0.1111111111111111;1235800;9182400.994500002;0.1100438810681932;1;0.0
Goal_424;1235800;9218491.639863493;0.16666666666666666;1235800;9218475.512999998;0.11813945195690219;0;0.0
Goal_425;1235800;9218491.639863493;0.2222222222222222;1235800;9218483.343400002;0.1507288479012406;0;0.0
Goal_426;1235800;9218491.639863493;0.2777777777777778;1235800;9218483.343400002;0.1507288479012406;0;0.0
Goal_427;1235800;9218491.639863493;0.3333333333333333;1235800;9218483.343400002;0.1507288479012406;0;0.0
Goal_428;1235800;9218491.639863493;0.38888888888888884;1235800;9218483.343400002;0.1507288479012406;0;0.0
Goal_429;1235800;9218491.639863493;0.4444444444444444;1235800;9218482.1553;0.06558071983257728;0;0.0
Goal_430;1235800;9218491.639863493;0.5;1235800;9218482.1553;0.06558071983257728;0;0.0
Goal_341;1292679;1.8436983279726986E7;0.0;1246871;1.0551893995899998E7;0.0379333388044679;3600;6.654518124569841E-4
Goal_432;1235800;1.382773745979524E7;0.05555555555555555;1235800;9564742.1805;0.04082472212722094;1;0.0
Goal_433;1235800;1.382773745979524E7;0.1111111111111111;1236599;9942772.676199999;0.052712370675993596;1;0.0
Goal_434;1235800;1.382773745979524E7;0.16666666666666666;1237811;1.00300322178E7;0.13512901397593752;1;0.0
Goal_435;1235800;1.382773745979524E7;0.2222222222222222;1237260;1.0055831688499998E7;0.20781114670901416;1;0.0
Goal_436;1235800;1.382773745979524E7;0.2777777777777778;1235800;9798780.6775;0.24116811188022816;0;0.0
Goal_437;1235800;1.382773745979524E7;0.3333333333333333;1235800;9798780.6775;0.24116811188022816;0;0.0
Goal_438;1235800;1.382773745979524E7;0.38888888888888884;1235800;9798780.6775;0.24116811188022816;0;0.0
Goal_439;1235800;1.382773745979524E7;0.4444444444444444;1235800;9541168.158399997;0.20692560521391454;0;0.0
Goal_440;1235800;1.382773745979524E7;0.5;1235800;9541168.158399997;0.20692560521391454;0;0.0
Goal_351;1292679;2.304622909965873E7;0.0;1246870;1.0877321457800003E7;0.03793146953338448;3600;7.295249167682236E-4
Goal_442;1235800;1.8436983279726986E7;0.05555555555555555;1235800;9564742.1805;0.04082472212722094;1;0.0
Goal_443;1235800;1.8436983279726986E7;0.1111111111111111;1236599;9942772.676199999;0.052712370675993596;1;0.0
Goal_444;1235800;1.8436983279726986E7;0.16666666666666666;1237811;1.00300322178E7;0.13512901397593752;1;0.0
Goal_445;1235800;1.8436983279726986E7;0.2222222222222222;1237809;1.00047927371E7;0.20953227143686987;1;0.0
Goal_446;1235800;1.8436983279726986E7;0.2777777777777778;1235800;9798780.6775;0.24116811188022816;0;0.0
Goal_447;1235800;1.8436983279726986E7;0.3333333333333333;1235800;9798780.6775;0.24116811188022816;0;0.0
Goal_448;1235800;1.8436983279726986E7;0.38888888888888884;1235800;9798780.6775;0.24116811188022816;0;0.0
Goal_449;1235800;1.8436983279726986E7;0.4444444444444444;1235800;9541168.158399997;0.20692560521391454;0;0.0
Goal_450;1235800;1.8436983279726986E7;0.5;1235800;9541168.158399997;0.20692560521391454;0;0.0
Goal_361;1292679;2.765547491959048E7;0.0;1246870;1.07847579015E7;0.03793792507823702;3601;7.323169955461711E-4
Goal_452;1235800;2.304622909965873E7;0.05555555555555555;1235800;1.0199029056299997E7;0.040890473623320316;0;0.0
Goal_453;1235800;2.304622909965873E7;0.1111111111111111;1235800;1.0199029056299997E7;0.040890473623320316;0;0.0
Goal_454;1235800;2.304622909965873E7;0.16666666666666666;1235800;1.0199029056299997E7;0.040890473623320316;0;0.0
Goal_455;1235800;2.304622909965873E7;0.2222222222222222;1235800;1.0199029056299997E7;0.040890473623320316;0;0.0
Goal_456;1235800;2.304622909965873E7;0.2777777777777778;1235800;1.0199029056299997E7;0.040890473623320316;0;0.0
Goal_457;1235800;2.304622909965873E7;0.3333333333333333;1235800;1.0199029056299997E7;0.040890473623320316;0;0.0
Goal_458;1235800;2.304622909965873E7;0.38888888888888884;1235800;1.0199029056299997E7;0.040890473623320316;0;0.0
Goal_459;1235800;2.304622909965873E7;0.4444444444444444;1235800;1.00057389672E7;0.040824722127220985;0;0.0
Goal_460;1235800;2.304622909965873E7;0.5;1235800;1.00057389672E7;0.040824722127220985;0;0.0
Goal_371;1292679;3.2264720739522226E7;0.0;1246870;1.0803214260499999E7;0.037932918544084315;3600;7.37070531320948E-4
Goal_462;1235800;2.765547491959048E7;0.05555555555555555;1235800;1.0199029056299997E7;0.040890473623320316;0;0.0
Goal_463;1235800;2.765547491959048E7;0.1111111111111111;1235800;1.0199029056299997E7;0.040890473623320316;0;0.0
Goal_464;1235800;2.765547491959048E7;0.16666666666666666;1235800;1.0199029056299997E7;0.040890473623320316;0;0.0
Goal_465;1235800;2.765547491959048E7;0.2222222222222222;1235800;1.0199029056299997E7;0.040890473623320316;0;0.0
Goal_466;1235800;2.765547491959048E7;0.2777777777777778;1235800;1.0199029056299997E7;0.040890473623320316;0;0.0
Goal_467;1235800;2.765547491959048E7;0.3333333333333333;1235800;1.0199029056299997E7;0.040890473623320316;0;0.0
Goal_468;1235800;2.765547491959048E7;0.38888888888888884;1235800;1.0199029056299997E7;0.040890473623320316;0;0.0
Goal_469;1235800;2.765547491959048E7;0.4444444444444444;1235800;1.00057389672E7;0.040824722127220985;0;0.0
Goal_470;1235800;2.765547491959048E7;0.5;1235800;1.00057389672E7;0.040824722127220985;0;0.0
Goal_381;1292679;3.687396655945397E7;0.0;1246870;1.0803214260499999E7;0.037932918544084315;3600;7.367715813843249E-4
Goal_472;1235800;3.2264720739522226E7;0.05555555555555555;1235800;1.0199029056299997E7;0.040890473623320316;0;0.0
Goal_473;1235800;3.2264720739522226E7;0.1111111111111111;1235800;1.0199029056299997E7;0.040890473623320316;0;0.0
Goal_474;1235800;3.2264720739522226E7;0.16666666666666666;1235800;1.0199029056299997E7;0.040890473623320316;0;0.0
Goal_475;1235800;3.2264720739522226E7;0.2222222222222222;1235800;1.0199029056299997E7;0.040890473623320316;0;0.0
Goal_476;1235800;3.2264720739522226E7;0.2777777777777778;1235800;1.0199029056299997E7;0.040890473623320316;0;0.0
Goal_477;1235800;3.2264720739522226E7;0.3333333333333333;1235800;1.0199029056299997E7;0.040890473623320316;0;0.0
Goal_478;1235800;3.2264720739522226E7;0.38888888888888884;1235800;1.0199029056299997E7;0.040890473623320316;0;0.0
Goal_479;1235800;3.2264720739522226E7;0.4444444444444444;1235800;1.00057389672E7;0.040824722127220985;0;0.0
Goal_480;1235800;3.2264720739522226E7;0.5;1235800;1.00057389672E7;0.040824722127220985;0;0.0
Goal_391;1292679;4.148321237938572E7;0.0;1246870;1.0803214260499999E7;0.037932918544084315;3600;7.367553810795651E-4
Goal_482;1235800;3.687396655945397E7;0.05555555555555555;1235800;1.0199029056299997E7;0.040890473623320316;0;0.0
Goal_483;1235800;3.687396655945397E7;0.1111111111111111;1235800;1.0199029056299997E7;0.040890473623320316;0;0.0
Goal_484;1235800;3.687396655945397E7;0.16666666666666666;1235800;1.0199029056299997E7;0.040890473623320316;0;0.0
Goal_485;1235800;3.687396655945397E7;0.2222222222222222;1235800;1.0199029056299997E7;0.040890473623320316;0;0.0
Goal_486;1235800;3.687396655945397E7;0.2777777777777778;1235800;1.0199029056299997E7;0.040890473623320316;0;0.0
Goal_487;1235800;3.687396655945397E7;0.3333333333333333;1235800;1.0199029056299997E7;0.040890473623320316;0;0.0
Goal_488;1235800;3.687396655945397E7;0.38888888888888884;1235800;1.0199029056299997E7;0.040890473623320316;0;0.0
Goal_489;1235800;3.687396655945397E7;0.4444444444444444;1235800;1.00057389672E7;0.040824722127220985;0;0.0
Goal_490;1235800;3.687396655945397E7;0.5;1235800;1.00057389672E7;0.040824722127220985;0;0.0
Goal_401;1235800;0.0;0.0;1205293;6818979.177600001;0.046253792002097054;3600;1.1780981166862204E-4
Goal_492;1235800;4.148321237938572E7;0.05555555555555555;1235800;1.0199029056299997E7;0.040890473623320316;0;0.0
Goal_493;1235800;4.148321237938572E7;0.1111111111111111;1235800;1.0199029056299997E7;0.040890473623320316;0;0.0
Goal_494;1235800;4.148321237938572E7;0.16666666666666666;1235800;1.0199029056299997E7;0.040890473623320316;0;0.0
Goal_495;1235800;4.148321237938572E7;0.2222222222222222;1235800;1.0199029056299997E7;0.040890473623320316;0;0.0
Goal_496;1235800;4.148321237938572E7;0.2777777777777778;1235800;1.0199029056299997E7;0.040890473623320316;0;0.0
Goal_497;1235800;4.148321237938572E7;0.3333333333333333;1235800;1.0199029056299997E7;0.040890473623320316;0;0.0
Goal_498;1235800;4.148321237938572E7;0.38888888888888884;1235800;1.0199029056299997E7;0.040890473623320316;0;0.0
Goal_499;1235800;4.148321237938572E7;0.4444444444444444;1235800;1.00057389672E7;0.040824722127220985;0;0.0
Goal_500;1235800;4.148321237938572E7;0.5;1235800;1.00057389672E7;0.040824722127220985;0;0.0
Goal_411;1235800;4609245.819931746;0.0;1205291;6819014.367200001;0.04624524528418804;3600;3.0816190578000877E-4
Goal_421;1235800;9218491.639863493;0.0;1237952;9212910.2532;0.04012959113460046;3600;0.14756334201204158
Goal_431;1235800;1.382773745979524E7;0.0;1245463;1.0714215317500006E7;0.03791406616946456;3600;0.21072209095762928
Goal_441;1235800;1.8436983279726986E7;0.0;1246045;1.0704739795999998E7;0.03787554510218195;3600;0.3709977837307826
Goal_451;1235800;2.304622909965873E7;0.0;1246477;1.0761427979899999E7;0.03780542299703353;3600;0.11666976453757896
Goal_506;1178921;0.0;0.2777777777777778;1178921;5724196.3631;0.258990041251601;0;0.0
Goal_507;1178921;0.0;0.3333333333333333;1178921;5724196.3631;0.258990041251601;0;0.0
Goal_508;1178921;0.0;0.38888888888888884;1178921;5724196.3631;0.258990041251601;0;0.0
Goal_509;1178921;0.0;0.4444444444444444;1178921;5724196.3631;0.258990041251601;0;0.0
Goal_510;1178921;0.0;0.5;1178921;5724196.3631;0.258990041251601;0;0.0
Goal_461;1235800;2.765547491959048E7;0.0;1246300;1.0759010578300005E7;0.03778676256721116;3600;0.1160231174559022
Goal_471;1235800;3.2264720739522226E7;0.0;1246300;1.0758591863600004E7;0.03778676256721116;3600;0.11609908022980238
Goal_481;1235800;3.687396655945397E7;0.0;1246300;1.0759010578300005E7;0.03778676256721116;3600;0.11621281690458629
Goal_491;1235800;4.148321237938572E7;0.0;1246300;1.0759010578300005E7;0.03778676256721116;3600;0.1161819593889921
Goal_501;1178921;0.0;0.0;1178911;5859474.766200001;0.058465893952644774;3600;0.050305505021504146
Goal_516;1178921;4609245.819931746;0.2777777777777778;1178921;5724196.3631;0.258990041251601;0;6.896775036384278E-13
Goal_517;1178921;4609245.819931746;0.3333333333333333;1178921;5724196.3631;0.258990041251601;0;6.896775036384278E-13
Goal_518;1178921;4609245.819931746;0.38888888888888884;1178921;5724196.3631;0.258990041251601;0;6.896775036384278E-13
Goal_519;1178921;4609245.819931746;0.4444444444444444;1178921;5724196.3631;0.258990041251601;0;5.548266892370791E-13
Goal_520;1178921;4609245.819931746;0.5;1178921;5724196.3631;0.258990041251601;0;4.939666617174595E-13
Goal_502;1178921;0.0;0.05555555555555555;1178921;5849619.036899999;0.05561371349492412;3600;0.010644292559744679
Goal_522;1178921;9218491.639863493;0.05555555555555555;1224994;9097411.182099994;0.05360580400385596;33;0.0
Goal_523;1178921;9218491.639863493;0.1111111111111111;1198693;7995118.635700001;0.08184931892999446;0;0.0
Goal_524;1178921;9218491.639863493;0.16666666666666666;1178991;8252493.170800002;0.1666539342962504;0;0.0
Goal_525;1178921;9218491.639863493;0.2222222222222222;1180388;6808147.526600001;0.16280606468864822;1;0.0
Goal_526;1178921;9218491.639863493;0.2777777777777778;1180839;6981780.2184000015;0.2704041666370622;0;0.0
Goal_527;1178921;9218491.639863493;0.3333333333333333;1178921;6774123.576300001;0.29927148782930335;0;0.0
Goal_528;1178921;9218491.639863493;0.38888888888888884;1178921;6774123.576300001;0.29927148782930335;0;0.0
Goal_529;1178921;9218491.639863493;0.4444444444444444;1178921;6616295.906699998;0.33991158686284023;0;0.0
Goal_530;1178921;9218491.639863493;0.5;1178921;6616295.906699998;0.33991158686284023;0;0.0
Goal_503;1178921;0.0;0.1111111111111111;1178921;5772196.748499999;0.11111494644994459;3600;0.001461042727099584
Goal_504;1178921;0.0;0.16666666666666666;1178921;5748984.866200001;0.1665168922593832;3600;8.602868857527608E-4
Goal_533;1178921;1.382773745979524E7;0.1111111111111111;1179034;8262920.6054000035;0.11104260705885965;0;0.0
Goal_534;1178921;1.382773745979524E7;0.16666666666666666;1189458;8581170.9285;0.16600899042679973;0;0.0
Goal_535;1178921;1.382773745979524E7;0.2222222222222222;1185172;7009142.8872;0.15570504158473616;2;0.0
Goal_536;1178921;1.382773745979524E7;0.2777777777777778;1180839;6981780.2184000015;0.2704041666370622;0;0.0
Goal_537;1178921;1.382773745979524E7;0.3333333333333333;1178921;6774123.576300001;0.29927148782930335;0;0.0
Goal_538;1178921;1.382773745979524E7;0.38888888888888884;1178921;6774123.576300001;0.29927148782930335;0;0.0
Goal_539;1178921;1.382773745979524E7;0.4444444444444444;1178921;6616295.906699998;0.33991158686284023;0;0.0
Goal_540;1178921;1.382773745979524E7;0.5;1178921;6616295.906699998;0.33991158686284023;0;0.0
Goal_505;1178921;0.0;0.2222222222222222;1178921;5731710.642099998;0.22222408704341898;3600;9.417520068352305E-6
Goal_532;1178921;1.382773745979524E7;0.05555555555555555;1214360;9436656.689999998;0.055556097322057754;335;0.0
Goal_543;1178921;1.8436983279726986E7;0.1111111111111111;1179034;8262920.6054000035;0.11104260705885965;0;0.0
Goal_544;1178921;1.8436983279726986E7;0.16666666666666666;1189458;8581170.9285;0.16600899042679973;0;0.0
Goal_545;1178921;1.8436983279726986E7;0.2222222222222222;1185172;7009142.8872;0.15570504158473616;1;0.0
Goal_546;1178921;1.8436983279726986E7;0.2777777777777778;1180839;6981780.2184000015;0.2704041666370622;0;0.0
Goal_547;1178921;1.8436983279726986E7;0.3333333333333333;1178921;6774123.576300001;0.29927148782930335;0;0.0
Goal_548;1178921;1.8436983279726986E7;0.38888888888888884;1178921;6774123.576300001;0.29927148782930335;0;0.0
Goal_549;1178921;1.8436983279726986E7;0.4444444444444444;1178921;6616295.906699998;0.33991158686284023;0;0.0
Goal_550;1178921;1.8436983279726986E7;0.5;1178921;6616295.906699998;0.33991158686284023;0;0.0
Goal_542;1178921;1.8436983279726986E7;0.05555555555555555;1219883;9210601.5611;0.05555211564024674;48;0.0
Goal_552;1178921;2.304622909965873E7;0.05555555555555555;1207165;9092702.9582;0.0555549116501196;10;0.0
Goal_553;1178921;2.304622909965873E7;0.1111111111111111;1180120;7424284.634700001;0.11021253824265145;72;0.0
Goal_554;1178921;2.304622909965873E7;0.16666666666666666;1178997;7702763.2895;0.16664441122550722;1;0.0
Goal_555;1178921;2.304622909965873E7;0.2222222222222222;1178978;7633484.820599998;0.2222155833996096;1;0.0
Goal_556;1178921;2.304622909965873E7;0.2777777777777778;1178921;7747249.578399998;0.2690336644823233;1;0.0
Goal_557;1178921;2.304622909965873E7;0.3333333333333333;1178921;7590887.453599999;0.2983630793511942;0;0.0
Goal_558;1178921;2.304622909965873E7;0.38888888888888884;1178921;7590887.453599999;0.2983630793511942;0;0.0
Goal_559;1178921;2.304622909965873E7;0.4444444444444444;1178921;7614975.375000001;0.050984616856117757;0;0.0
Goal_560;1178921;2.304622909965873E7;0.5;1178921;7614975.375000001;0.050984616856117757;0;0.0
Goal_511;1178921;4609245.819931746;0.0;1178878;5872675.037600001;0.05607404006451037;3600;0.16451981045121333
Goal_562;1178921;2.765547491959048E7;0.05555555555555555;1207165;9092702.9582;0.0555549116501196;8;0.0
Goal_563;1178921;2.765547491959048E7;0.1111111111111111;1180120;7424284.634700001;0.11021253824265145;73;0.0
Goal_564;1178921;2.765547491959048E7;0.16666666666666666;1178997;7702763.2895;0.16664441122550722;1;0.0
Goal_565;1178921;2.765547491959048E7;0.2222222222222222;1178978;7633484.820599998;0.2222155833996096;1;0.0
Goal_566;1178921;2.765547491959048E7;0.2777777777777778;1178921;7747249.578399998;0.2690336644823233;1;0.0
Goal_567;1178921;2.765547491959048E7;0.3333333333333333;1178921;7590887.453599999;0.2983630793511942;0;0.0
Goal_568;1178921;2.765547491959048E7;0.38888888888888884;1178921;7590887.453599999;0.2983630793511942;0;0.0
Goal_569;1178921;2.765547491959048E7;0.4444444444444444;1178921;7614975.375000001;0.050984616856117757;0;0.0
Goal_570;1178921;2.765547491959048E7;0.5;1178921;7614975.375000001;0.050984616856117757;0;0.0
Goal_512;1178921;4609245.819931746;0.05555555555555555;1178914;5888362.8456;0.05553703189380549;3600;0.07535306196544651
Goal_572;1178921;3.2264720739522226E7;0.05555555555555555;1207165;9092702.9582;0.0555549116501196;7;0.0
Goal_573;1178921;3.2264720739522226E7;0.1111111111111111;1180120;7424284.634700001;0.11021253824265145;73;0.0
Goal_574;1178921;3.2264720739522226E7;0.16666666666666666;1178997;7702763.2895;0.16664441122550722;1;0.0
Goal_575;1178921;3.2264720739522226E7;0.2222222222222222;1178978;7633484.820599998;0.2222155833996096;1;0.0
Goal_576;1178921;3.2264720739522226E7;0.2777777777777778;1178921;7747249.578399998;0.2690336644823233;1;0.0
Goal_577;1178921;3.2264720739522226E7;0.3333333333333333;1178921;7590887.453599999;0.2983630793511942;0;0.0
Goal_578;1178921;3.2264720739522226E7;0.38888888888888884;1178921;7590887.453599999;0.2983630793511942;0;0.0
Goal_579;1178921;3.2264720739522226E7;0.4444444444444444;1178921;7614975.375000001;0.050984616856117757;0;0.0
Goal_580;1178921;3.2264720739522226E7;0.5;1178921;7614975.375000001;0.050984616856117757;0;0.0
Goal_513;1178921;4609245.819931746;0.1111111111111111;1178921;5772800.810699999;0.11111233753006809;3600;0.007725501666626637
Goal_582;1178921;3.687396655945397E7;0.05555555555555555;1207165;9092702.9582;0.0555549116501196;6;0.0
Goal_583;1178921;3.687396655945397E7;0.1111111111111111;1180120;7424284.634700001;0.11021253824265145;74;0.0
Goal_584;1178921;3.687396655945397E7;0.16666666666666666;1178997;7702763.2895;0.16664441122550722;1;0.0
Goal_585;1178921;3.687396655945397E7;0.2222222222222222;1178978;7633484.820599998;0.2222155833996096;0;0.0
Goal_586;1178921;3.687396655945397E7;0.2777777777777778;1178921;7747249.578399998;0.2690336644823233;1;0.0
Goal_587;1178921;3.687396655945397E7;0.3333333333333333;1178921;7590887.453599999;0.2983630793511942;0;0.0
Goal_588;1178921;3.687396655945397E7;0.38888888888888884;1178921;7590887.453599999;0.2983630793511942;0;0.0
Goal_589;1178921;3.687396655945397E7;0.4444444444444444;1178921;7614975.375000001;0.050984616856117757;0;0.0
Goal_590;1178921;3.687396655945397E7;0.5;1178921;7614975.375000001;0.050984616856117757;0;0.0
Goal_514;1178921;4609245.819931746;0.16666666666666666;1178921;5748871.8961000005;0.16666913477352285;3600;0.0036291686228232833
Goal_592;1178921;4.148321237938572E7;0.05555555555555555;1207165;9092702.9582;0.0555549116501196;7;0.0
Goal_593;1178921;4.148321237938572E7;0.1111111111111111;1180120;7424284.634700001;0.11021253824265145;69;0.0
Goal_594;1178921;4.148321237938572E7;0.16666666666666666;1178997;7702763.2895;0.16664441122550722;1;0.0
Goal_595;1178921;4.148321237938572E7;0.2222222222222222;1178978;7633484.820599998;0.2222155833996096;1;0.0
Goal_596;1178921;4.148321237938572E7;0.2777777777777778;1178921;7747249.578399998;0.2690336644823233;1;0.0
Goal_597;1178921;4.148321237938572E7;0.3333333333333333;1178921;7590887.453599999;0.2983630793511942;0;0.0
Goal_598;1178921;4.148321237938572E7;0.38888888888888884;1178921;7590887.453599999;0.2983630793511942;0;0.0
Goal_599;1178921;4.148321237938572E7;0.4444444444444444;1178921;7614975.375000001;0.050984616856117757;0;0.0
Goal_600;1178921;4.148321237938572E7;0.5;1178921;7614975.375000001;0.050984616856117757;0;0.0
Goal_515;1178921;4609245.819931746;0.2222222222222222;1178921;5731710.5975;0.2222243674309872;3600;2.7724065547698766E-5
Goal_521;1178921;9218491.639863493;0.0;1236327;9218486.884399999;0.03929399430890885;3600;0.44447237500090403
Goal_531;1178921;1.382773745979524E7;0.0;1246454;1.0584774751999998E7;0.037793660328018265;3600;0.13180328461060917
Goal_541;1178921;1.8436983279726986E7;0.0;1246628;1.0781200486300003E7;0.0378867737491693;3600;0.37443781511883506
Goal_551;1178921;2.304622909965873E7;0.0;1245672;1.0794389279600002E7;0.03779548457535175;3600;0.1058941617049067
Goal_561;1178921;2.765547491959048E7;0.0;1245264;1.0704098351099998E7;0.037781736551503534;3600;0.10519177561079171
Goal_607;1122042;0.0;0.3333333333333333;1122042;3853058.904599999;0.33333474496715215;49;0.0
Goal_608;1122042;0.0;0.38888888888888884;1122042;3851729.2983999993;0.3596548628064089;0;0.0
Goal_609;1122042;0.0;0.4444444444444444;1122042;3851729.2983999993;0.3596548628064089;0;0.0
Goal_610;1122042;0.0;0.5;1122042;3851729.2983999993;0.3596548628064089;0;0.0
Goal_571;1178921;3.2264720739522226E7;0.0;1246089;1.0738434503E7;0.03779874534330253;3600;0.10602918620157221
Goal_581;1178921;3.687396655945397E7;0.0;1246089;1.0738434503E7;0.03779874534330253;3600;0.10598669155183468
Goal_613;1122042;4609245.819931746;0.1111111111111111;1122090;4434265.996499999;0.11109973374022124;1;0.0
Goal_614;1122042;4609245.819931746;0.16666666666666666;1122042;4548847.302299999;0.1617296537567539;1;0.0
Goal_615;1122042;4609245.819931746;0.2222222222222222;1122042;4568117.146300001;0.2220041000456376;1;0.0
Goal_616;1122042;4609245.819931746;0.2777777777777778;1122209;4587937.048300002;0.27757115350076045;1;0.0
Goal_617;1122042;4609245.819931746;0.3333333333333333;1122044;4609227.398600001;0.31441175394549337;0;0.0
Goal_618;1122042;4609245.819931746;0.38888888888888884;1122042;4569883.8663;0.31452678096637654;0;0.0
Goal_619;1122042;4609245.819931746;0.4444444444444444;1122042;4609240.154499999;0.43210387358502395;0;0.0
Goal_620;1122042;4609245.819931746;0.5;1122042;4609240.154499999;0.43210387358502395;0;0.0
Goal_591;1178921;4.148321237938572E7;0.0;1246089;1.0738434503E7;0.03779874534330253;3600;0.10601869283767258
Goal_601;1122042;0.0;0.0;1122236;4070614.9994999976;0.06865199308552965;3600;0.09097292979841877
Goal_623;1122042;9218491.639863493;0.1111111111111111;1122042;6477709.483200003;0.11092629109236422;0;0.0
Goal_624;1122042;9218491.639863493;0.16666666666666666;1122392;6487340.328200002;0.16662416751169287;0;0.0
Goal_625;1122042;9218491.639863493;0.2222222222222222;1124568;5124457.287800002;0.20649886086530833;1;0.0
Goal_626;1122042;9218491.639863493;0.2777777777777778;1125560;5108521.8879999975;0.26319447252149086;1;0.0
Goal_627;1122042;9218491.639863493;0.3333333333333333;1122042;4928302.949700001;0.31450826284392613;0;0.0
Goal_628;1122042;9218491.639863493;0.38888888888888884;1122042;4928302.949700001;0.31450826284392613;0;0.0
Goal_629;1122042;9218491.639863493;0.4444444444444444;1122042;4808985.778899998;0.4145310649972674;0;0.0
Goal_630;1122042;9218491.639863493;0.5;1122042;4808985.778899998;0.4145310649972674;0;0.0
Goal_602;1122042;0.0;0.05555555555555555;1122514;4167989.8295;0.06019610731884106;3602;0.05694444528713394
Goal_632;1122042;1.382773745979524E7;0.05555555555555555;1246870;1.0528719379299998E7;0.04073610323795368;1;0.0
Goal_633;1122042;1.382773745979524E7;0.1111111111111111;1122042;6477709.483200003;0.11092629109236422;0;0.0
Goal_634;1122042;1.382773745979524E7;0.16666666666666666;1122398;6500523.846100002;0.16666394939200216;0;0.0
Goal_635;1122042;1.382773745979524E7;0.2222222222222222;1124568;5124457.287800002;0.20649886086530833;1;0.0
Goal_636;1122042;1.382773745979524E7;0.2777777777777778;1125244;5086288.523799999;0.2663620347075655;1;0.0
Goal_637;1122042;1.382773745979524E7;0.3333333333333333;1122042;4928302.949700001;0.31450826284392613;0;0.0
Goal_638;1122042;1.382773745979524E7;0.38888888888888884;1122042;4928302.949700001;0.31450826284392613;0;0.0
Goal_639;1122042;1.382773745979524E7;0.4444444444444444;1122042;4808985.778899998;0.4145310649972674;0;0.0
Goal_640;1122042;1.382773745979524E7;0.5;1122042;4808985.778899998;0.4145310649972674;0;0.0
Goal_603;1122042;0.0;0.1111111111111111;1122042;3970194.0282000005;0.11111186735647305;3600;0.004917088328118856
Goal_642;1122042;1.8436983279726986E7;0.05555555555555555;1246870;1.0517005886299998E7;0.04073668792752618;1;0.0
Goal_643;1122042;1.8436983279726986E7;0.1111111111111111;1122042;6477709.483200003;0.11092629109236422;0;0.0
Goal_644;1122042;1.8436983279726986E7;0.16666666666666666;1122398;6500523.846100002;0.16666394939200216;0;0.0
Goal_645;1122042;1.8436983279726986E7;0.2222222222222222;1124568;5124457.287800002;0.20649886086530833;1;0.0
Goal_646;1122042;1.8436983279726986E7;0.2777777777777778;1125244;5086288.523799999;0.2663620347075655;1;0.0
Goal_647;1122042;1.8436983279726986E7;0.3333333333333333;1122042;4928302.949700001;0.31450826284392613;0;0.0
Goal_648;1122042;1.8436983279726986E7;0.38888888888888884;1122042;4928302.949700001;0.31450826284392613;0;0.0
Goal_649;1122042;1.8436983279726986E7;0.4444444444444444;1122042;4808985.778899998;0.4145310649972674;0;0.0
Goal_650;1122042;1.8436983279726986E7;0.5;1122042;4808985.778899998;0.4145310649972674;0;0.0
Goal_622;1122042;9218491.639863493;0.05555555555555555;1194387;8066327.949400001;0.05555201636195659;1040;0.0
Goal_604;1122042;0.0;0.16666666666666666;1122042;3932346.252999999;0.16664238112545549;3600;0.004524224457538947
Goal_652;1122042;2.304622909965873E7;0.05555555555555555;1223081;9789766.260800002;0.05552050676321274;140;0.0
Goal_654;1122042;2.304622909965873E7;0.16666666666666666;1122152;5873632.158100001;0.16666439930453375;1;0.0
Goal_653;1122042;2.304622909965873E7;0.1111111111111111;1123796;5865139.7546;0.10747757620413441;10;0.0
Goal_656;1122042;2.304622909965873E7;0.2777777777777778;1122042;5810758.584500001;0.27255608029538825;2;0.0
Goal_657;1122042;2.304622909965873E7;0.3333333333333333;1122042;5630143.585299998;0.33333376870517206;0;0.0
Goal_655;1122042;2.304622909965873E7;0.2222222222222222;1124465;5878976.2753;0.21248761615874234;7;0.0
Goal_658;1122042;2.304622909965873E7;0.38888888888888884;1122042;5811447.534599999;0.34084719051790807;0;0.0
Goal_659;1122042;2.304622909965873E7;0.4444444444444444;1122042;5498349.859800002;0.06107296761628304;0;0.0
Goal_660;1122042;2.304622909965873E7;0.5;1122042;5314479.791100002;0.06107296761628304;0;0.0
Goal_662;1122042;2.765547491959048E7;0.05555555555555555;1223081;9789766.260800002;0.05552050676321274;146;0.0
Goal_663;1122042;2.765547491959048E7;0.1111111111111111;1123796;5865139.7546;0.10747757620413441;10;0.0
Goal_664;1122042;2.765547491959048E7;0.16666666666666666;1122152;5873632.158100001;0.16666439930453375;1;0.0
Goal_665;1122042;2.765547491959048E7;0.2222222222222222;1124465;5878976.2753;0.21248761615874234;6;0.0
Goal_666;1122042;2.765547491959048E7;0.2777777777777778;1122042;5810758.584500001;0.27255608029538825;2;0.0
Goal_605;1122042;0.0;0.2222222222222222;1122042;3899800.7756999983;0.2222235516940824;3600;0.0039272100327505865
Goal_667;1122042;2.765547491959048E7;0.3333333333333333;1122042;5630143.585299998;0.33333376870517206;0;0.0
Goal_668;1122042;2.765547491959048E7;0.38888888888888884;1122042;5811447.534599999;0.34084719051790807;0;0.0
Goal_669;1122042;2.765547491959048E7;0.4444444444444444;1122042;5498349.859800002;0.06107296761628304;0;0.0
Goal_670;1122042;2.765547491959048E7;0.5;1122042;5314479.791100002;0.06107296761628304;0;0.0
Goal_672;1122042;3.2264720739522226E7;0.05555555555555555;1223081;9789766.260800002;0.05552050676321274;146;0.0
Goal_673;1122042;3.2264720739522226E7;0.1111111111111111;1123796;5865139.7546;0.10747757620413441;9;0.0
Goal_674;1122042;3.2264720739522226E7;0.16666666666666666;1122152;5873632.158100001;0.16666439930453375;1;0.0
Goal_675;1122042;3.2264720739522226E7;0.2222222222222222;1124465;5878976.2753;0.21248761615874234;7;0.0
Goal_676;1122042;3.2264720739522226E7;0.2777777777777778;1122042;5810758.584500001;0.27255608029538825;2;0.0
Goal_677;1122042;3.2264720739522226E7;0.3333333333333333;1122042;5630143.585299998;0.33333376870517206;0;0.0
Goal_678;1122042;3.2264720739522226E7;0.38888888888888884;1122042;5811447.534599999;0.34084719051790807;0;0.0
Goal_679;1122042;3.2264720739522226E7;0.4444444444444444;1122042;5498349.859800002;0.06107296761628304;0;0.0
Goal_680;1122042;3.2264720739522226E7;0.5;1122042;5314479.791100002;0.06107296761628304;0;0.0
Goal_606;1122042;0.0;0.2777777777777778;1122042;3870807.8389999997;0.2777783132509099;3600;0.0017767309059367972
Goal_682;1122042;3.687396655945397E7;0.05555555555555555;1223081;9789766.260800002;0.05552050676321274;140;0.0
Goal_683;1122042;3.687396655945397E7;0.1111111111111111;1123796;5865139.7546;0.10747757620413441;9;0.0
Goal_684;1122042;3.687396655945397E7;0.16666666666666666;1122152;5873632.158100001;0.16666439930453375;1;0.0
Goal_685;1122042;3.687396655945397E7;0.2222222222222222;1124465;5878976.2753;0.21248761615874234;6;0.0
Goal_686;1122042;3.687396655945397E7;0.2777777777777778;1122042;5810758.584500001;0.27255608029538825;2;0.0
Goal_687;1122042;3.687396655945397E7;0.3333333333333333;1122042;5630143.585299998;0.33333376870517206;0;0.0
Goal_688;1122042;3.687396655945397E7;0.38888888888888884;1122042;5811447.534599999;0.34084719051790807;0;0.0
Goal_689;1122042;3.687396655945397E7;0.4444444444444444;1122042;5498349.859800002;0.06107296761628304;0;0.0
Goal_690;1122042;3.687396655945397E7;0.5;1122042;5314479.791100002;0.06107296761628304;0;0.0
Goal_611;1122042;4609245.819931746;0.0;1128847;4609444.396399999;0.06021252429402214;3600;0.368697639105533
Goal_692;1122042;4.148321237938572E7;0.05555555555555555;1223081;9789766.260800002;0.05552050676321274;138;0.0
Goal_693;1122042;4.148321237938572E7;0.1111111111111111;1123796;5865139.7546;0.10747757620413441;9;0.0
Goal_694;1122042;4.148321237938572E7;0.16666666666666666;1122152;5873632.158100001;0.16666439930453375;1;0.0
Goal_695;1122042;4.148321237938572E7;0.2222222222222222;1124465;5878976.2753;0.21248761615874234;7;0.0
Goal_696;1122042;4.148321237938572E7;0.2777777777777778;1122042;5810758.584500001;0.27255608029538825;2;0.0
Goal_697;1122042;4.148321237938572E7;0.3333333333333333;1122042;5630143.585299998;0.33333376870517206;0;0.0
Goal_698;1122042;4.148321237938572E7;0.38888888888888884;1122042;5811447.534599999;0.34084719051790807;0;0.0
Goal_699;1122042;4.148321237938572E7;0.4444444444444444;1122042;5498349.859800002;0.06107296761628304;0;0.0
Goal_700;1122042;4.148321237938572E7;0.5;1122042;5314479.791100002;0.06107296761628304;0;0.0
Goal_612;1122042;4609245.819931746;0.05555555555555555;1136321;4608091.675699998;0.05778776884367918;3600;1.0
Goal_621;1122042;9218491.639863493;0.0;1236283;9217481.832799997;0.0392830322915683;3600;0.4500644968891561
Goal_631;1122042;1.382773745979524E7;0.0;1246649;1.07736484318E7;0.03788212136614547;3600;0.41853498736898437
Goal_641;1122042;1.8436983279726986E7;0.0;1246776;1.0770613582499998E7;0.038037643164983;3600;0.23445671750696148
Goal_651;1122042;2.304622909965873E7;0.0;1245892;1.0793958156700002E7;0.03778543346412481;3600;0.11592212236699401
Goal_661;1122042;2.765547491959048E7;0.0;1246250;1.0748998731299995E7;0.03777860095554253;3600;0.11670375560848689
Goal_707;1065163;0.0;0.3333333333333333;1065163;2074849.2288000004;0.33333394327584515;35;1.2703000372606576E-9
Goal_708;1065163;0.0;0.38888888888888884;1065163;2073316.3570000003;0.36081340418876345;0;0.0
Goal_709;1065163;0.0;0.4444444444444444;1065163;2073316.3570000003;0.36081340418876345;0;0.0
Goal_710;1065163;0.0;0.5;1065163;2073316.3570000003;0.36081340418876345;0;0.0
Goal_671;1122042;3.2264720739522226E7;0.0;1246250;1.0748998731299995E7;0.03777860095554253;3600;0.11669718255444117
Goal_681;1122042;3.687396655945397E7;0.0;1246250;1.0748998731299995E7;0.03777860095554253;3600;0.11667680265577611
Goal_713;1065163;4609245.819931746;0.1111111111111111;1072188;2988921.9338999996;0.1105846140860241;7;0.0
Goal_714;1065163;4609245.819931746;0.16666666666666666;1100609;4495894.4785;0.16666015348051536;2;0.0
Goal_715;1065163;4609245.819931746;0.2222222222222222;1071976;3233620.1520000002;0.21866428607771582;1;0.0
Goal_716;1065163;4609245.819931746;0.2777777777777778;1076258;3452871.561199998;0.21445258921946617;1;0.0
Goal_717;1065163;4609245.819931746;0.3333333333333333;1065163;3129190.211499999;0.3333303511838454;0;0.0
Goal_718;1065163;4609245.819931746;0.38888888888888884;1065163;3131787.3942999984;0.3397108176301312;0;0.0
Goal_719;1065163;4609245.819931746;0.4444444444444444;1065163;3382961.8550999993;0.4421903730460419;0;0.0
Goal_720;1065163;4609245.819931746;0.5;1065163;3389179.3669;0.4465936465383406;0;0.0
Goal_691;1122042;4.148321237938572E7;0.0;1246250;1.0748998731299995E7;0.03777860095554253;3600;0.11667369836700237
Goal_701;1065163;0.0;0.0;1065173;2264288.9516000003;0.08493541469527699;3600;0.18307550047268364
Goal_723;1065163;9218491.639863493;0.1111111111111111;1093946;4664021.8562;0.11111379495022879;139;0.0
Goal_724;1065163;9218491.639863493;0.16666666666666666;1071049;3708508.0609;0.164970534042226;1;0.0
Goal_725;1065163;9218491.639863493;0.2222222222222222;1067324;3121011.124499999;0.22222057947127874;1;0.0
Goal_726;1065163;9218491.639863493;0.2777777777777778;1065178;3058789.3953999993;0.27697678744139953;1;0.0
Goal_727;1065163;9218491.639863493;0.3333333333333333;1065163;3129190.211499999;0.3333303511838454;0;0.0
Goal_728;1065163;9218491.639863493;0.38888888888888884;1065163;3131787.3942999984;0.3397108176301312;0;0.0
Goal_729;1065163;9218491.639863493;0.4444444444444444;1065163;3382961.8550999993;0.4421903730460419;0;0.0
Goal_730;1065163;9218491.639863493;0.5;1065163;3389179.3669;0.4465936465383406;0;0.0
Goal_702;1065163;0.0;0.05555555555555555;1065163;2376350.3881;0.07267569718348073;3600;0.13536696693763842
Goal_703;1065163;0.0;0.1111111111111111;1065163;2205588.2972000004;0.11111557578666577;3600;0.01563535702245329
Goal_733;1065163;1.382773745979524E7;0.1111111111111111;1071530;3003735.7773999996;0.10924557462172753;5;0.0
Goal_734;1065163;1.382773745979524E7;0.16666666666666666;1071049;3708508.0609;0.164970534042226;1;0.0
Goal_735;1065163;1.382773745979524E7;0.2222222222222222;1067324;3121011.124499999;0.22222057947127874;1;0.0
Goal_736;1065163;1.382773745979524E7;0.2777777777777778;1065178;3058789.3953999993;0.27697678744139953;1;0.0
Goal_737;1065163;1.382773745979524E7;0.3333333333333333;1065163;3129190.211499999;0.3333303511838454;0;0.0
Goal_738;1065163;1.382773745979524E7;0.38888888888888884;1065163;3131787.3942999984;0.3397108176301312;0;0.0
Goal_739;1065163;1.382773745979524E7;0.4444444444444444;1065163;3382961.8550999993;0.4421903730460419;0;0.0
Goal_740;1065163;1.382773745979524E7;0.5;1065163;3389179.3669;0.4465936465383406;0;0.0
Goal_722;1065163;9218491.639863493;0.05555555555555555;1238224;9217177.9689;0.05555208777072502;1810;0.0
Goal_704;1065163;0.0;0.16666666666666666;1065163;2163334.6294000004;0.16665959924766469;3600;0.012340700762279737
Goal_705;1065163;0.0;0.2222222222222222;1065163;2126822.9142000005;0.22222402450316842;3600;0.009353337093189723
Goal_744;1065163;1.8436983279726986E7;0.16666666666666666;1074953;3923694.4137999997;0.1610771658272127;1;0.0
Goal_745;1065163;1.8436983279726986E7;0.2222222222222222;1154901;5859102.585300001;0.22179608962538552;1;0.0
Goal_746;1065163;1.8436983279726986E7;0.2777777777777778;1065178;3058789.3953999993;0.27697678744139953;1;0.0
Goal_747;1065163;1.8436983279726986E7;0.3333333333333333;1065163;3129190.211499999;0.3333303511838454;0;0.0
Goal_748;1065163;1.8436983279726986E7;0.38888888888888884;1065163;3131787.3942999984;0.3397108176301312;0;0.0
Goal_749;1065163;1.8436983279726986E7;0.4444444444444444;1065163;3382961.8550999993;0.4421903730460419;0;0.0
Goal_750;1065163;1.8436983279726986E7;0.5;1065163;3389179.3669;0.4465936465383406;0;0.0
Goal_743;1065163;1.8436983279726986E7;0.1111111111111111;1236664;1.0240011436099999E7;0.10579491644316842;170;0.0
Goal_752;1065163;2.304622909965873E7;0.05555555555555555;1192079;8949596.068500003;0.05556332272986385;64;0.0
Goal_753;1065163;2.304622909965873E7;0.1111111111111111;1070425;4288738.3440000005;0.1077868832891239;2;0.0
Goal_754;1065163;2.304622909965873E7;0.16666666666666666;1067511;4216035.228600001;0.1653910436149177;1;0.0
Goal_755;1065163;2.304622909965873E7;0.2222222222222222;1065177;4069646.6106;0.22205465667607704;1;0.0
Goal_756;1065163;2.304622909965873E7;0.2777777777777778;1065163;4090495.2504;0.2727419975453447;0;0.0
Goal_757;1065163;2.304622909965873E7;0.3333333333333333;1065163;4090495.2504;0.2727419975453447;0;0.0
Goal_758;1065163;2.304622909965873E7;0.38888888888888884;1065163;4090495.2504;0.2727419975453447;0;0.0
Goal_759;1065163;2.304622909965873E7;0.4444444444444444;1065163;3561961.4919999996;0.36291056115997367;0;0.0
Goal_760;1065163;2.304622909965873E7;0.5;1065163;3658991.213;0.36291056115997367;0;0.0
Goal_732;1065163;1.382773745979524E7;0.05555555555555555;1245810;1.0512350607599998E7;0.05512562981964209;1447;0.0
Goal_706;1065163;0.0;0.2777777777777778;1065163;2093078.1584;0.27777905902295574;3600;0.003920343490932452
Goal_763;1065163;2.765547491959048E7;0.1111111111111111;1070425;4288738.3440000005;0.1077868832891239;2;0.0
Goal_764;1065163;2.765547491959048E7;0.16666666666666666;1067511;4216035.228600001;0.1653910436149177;1;0.0
Goal_765;1065163;2.765547491959048E7;0.2222222222222222;1065177;4069646.6106;0.22205465667607704;1;0.0
Goal_766;1065163;2.765547491959048E7;0.2777777777777778;1065163;4090495.2504;0.2727419975453447;0;0.0
Goal_767;1065163;2.765547491959048E7;0.3333333333333333;1065163;4090495.2504;0.2727419975453447;0;0.0
Goal_768;1065163;2.765547491959048E7;0.38888888888888884;1065163;4090495.2504;0.2727419975453447;0;0.0
Goal_769;1065163;2.765547491959048E7;0.4444444444444444;1065163;3561961.4919999996;0.36291056115997367;0;0.0
Goal_770;1065163;2.765547491959048E7;0.5;1065163;3658991.213;0.36291056115997367;0;0.0
Goal_762;1065163;2.765547491959048E7;0.05555555555555555;1192079;8949596.068500003;0.05556332272986385;57;0.0
Goal_772;1065163;3.2264720739522226E7;0.05555555555555555;1192079;8949596.068500003;0.05556332272986385;57;0.0
Goal_773;1065163;3.2264720739522226E7;0.1111111111111111;1070425;4288738.3440000005;0.1077868832891239;2;0.0
Goal_774;1065163;3.2264720739522226E7;0.16666666666666666;1067511;4216035.228600001;0.1653910436149177;1;0.0
Goal_775;1065163;3.2264720739522226E7;0.2222222222222222;1065177;4069646.6106;0.22205465667607704;1;0.0
Goal_776;1065163;3.2264720739522226E7;0.2777777777777778;1065163;4090495.2504;0.2727419975453447;0;0.0
Goal_777;1065163;3.2264720739522226E7;0.3333333333333333;1065163;4090495.2504;0.2727419975453447;0;0.0
Goal_778;1065163;3.2264720739522226E7;0.38888888888888884;1065163;4090495.2504;0.2727419975453447;0;0.0
Goal_779;1065163;3.2264720739522226E7;0.4444444444444444;1065163;3561961.4919999996;0.36291056115997367;0;0.0
Goal_780;1065163;3.2264720739522226E7;0.5;1065163;3658991.213;0.36291056115997367;0;0.0
Goal_711;1065163;4609245.819931746;0.0;1129074;4613591.255099999;0.058772921433112954;3600;0.3562592626124973
Goal_782;1065163;3.687396655945397E7;0.05555555555555555;1192079;8949596.068500003;0.05556332272986385;63;0.0
Goal_783;1065163;3.687396655945397E7;0.1111111111111111;1070425;4288738.3440000005;0.1077868832891239;2;0.0
Goal_784;1065163;3.687396655945397E7;0.16666666666666666;1067511;4216035.228600001;0.1653910436149177;1;0.0
Goal_785;1065163;3.687396655945397E7;0.2222222222222222;1065177;4069646.6106;0.22205465667607704;1;0.0
Goal_786;1065163;3.687396655945397E7;0.2777777777777778;1065163;4090495.2504;0.2727419975453447;0;0.0
Goal_787;1065163;3.687396655945397E7;0.3333333333333333;1065163;4090495.2504;0.2727419975453447;0;0.0
Goal_788;1065163;3.687396655945397E7;0.38888888888888884;1065163;4090495.2504;0.2727419975453447;0;0.0
Goal_789;1065163;3.687396655945397E7;0.4444444444444444;1065163;3561961.4919999996;0.36291056115997367;0;0.0
Goal_790;1065163;3.687396655945397E7;0.5;1065163;3658991.213;0.36291056115997367;0;0.0
Goal_712;1065163;4609245.819931746;0.05555555555555555;1125669;4609264.179099998;0.09053536109335494;3605;1.0
Goal_792;1065163;4.148321237938572E7;0.05555555555555555;1192079;8949596.068500003;0.05556332272986385;61;0.0
Goal_793;1065163;4.148321237938572E7;0.1111111111111111;1070425;4288738.3440000005;0.1077868832891239;2;0.0
Goal_794;1065163;4.148321237938572E7;0.16666666666666666;1067511;4216035.228600001;0.1653910436149177;1;0.0
Goal_795;1065163;4.148321237938572E7;0.2222222222222222;1065177;4069646.6106;0.22205465667607704;1;0.0
Goal_796;1065163;4.148321237938572E7;0.2777777777777778;1065163;4090495.2504;0.2727419975453447;0;0.0
Goal_797;1065163;4.148321237938572E7;0.3333333333333333;1065163;4090495.2504;0.2727419975453447;0;0.0
Goal_798;1065163;4.148321237938572E7;0.38888888888888884;1065163;4090495.2504;0.2727419975453447;0;0.0
Goal_799;1065163;4.148321237938572E7;0.4444444444444444;1065163;3561961.4919999996;0.36291056115997367;0;0.0
Goal_800;1065163;4.148321237938572E7;0.5;1065163;3658991.213;0.36291056115997367;0;0.0
Goal_721;1065163;9218491.639863493;0.0;1236713;9218491.660700003;0.03930840277143944;3600;0.3923041249708859
Goal_731;1065163;1.382773745979524E7;0.0;1246588;1.06475763765E7;0.03799700674206102;3604;0.2907454771346602
Goal_742;1065163;1.8436983279726986E7;0.05555555555555555;1220813;9362857.1977;0.054405248409996165;3362;0.0
Goal_741;1065163;1.8436983279726986E7;0.0;1246787;1.0619982103499994E7;0.03806966658745675;3600;0.2788211959216221
Goal_751;1065163;2.304622909965873E7;0.0;1246572;1.0754811527299996E7;0.03780785923100268;3600;0.1164105176462867
Goal_761;1065163;2.765547491959048E7;0.0;1246572;1.0830384984799996E7;0.03780785923100268;3600;0.11635337679241065
Goal_771;1065163;3.2264720739522226E7;0.0;1245685;1.0730724554000001E7;0.03776547717106474;3600;0.11424211780006331
Goal_781;1065163;3.687396655945397E7;0.0;1245685;1.0730724554000001E7;0.03776547717106474;3600;0.11436174977067935
Goal_809;1008284;0.0;0.4444444444444444;1008284;635113.4753;0.4444299437423673;4;1.8294627593637112E-16
Goal_810;1008284;0.0;0.5;1008284;635020.7357;0.445668437334057;0;0.0
Goal_791;1065163;4.148321237938572E7;0.0;1245685;1.0730724554000001E7;0.03776547717106474;3600;0.11437440245688801
Goal_801;1008284;0.0;0.0;1042291;1986883.3659000003;0.0817778703410949;3602;0.24974263919069722
Goal_813;1008284;4609245.819931746;0.1111111111111111;1079798;3919905.6822999995;0.11110731958470532;55;0.0
Goal_814;1008284;4609245.819931746;0.16666666666666666;1065325;3091193.1193999997;0.15655367819304766;2;0.0
Goal_815;1008284;4609245.819931746;0.2222222222222222;1008290;1554890.4787000006;0.22220970890487607;1;0.0
Goal_816;1008284;4609245.819931746;0.2777777777777778;1008284;2005454.9292999995;0.2662245500260783;1;0.0
Goal_817;1008284;4609245.819931746;0.3333333333333333;1009438;1598780.5946000002;0.333332756961862;1;0.0
Goal_818;1008284;4609245.819931746;0.38888888888888884;1014722;1438230.189;0.3857826954415816;0;0.0
Goal_819;1008284;4609245.819931746;0.4444444444444444;1008284;1079475.7185000002;0.41643656823998215;0;0.0
Goal_820;1008284;4609245.819931746;0.5;1008284;1079475.7185000002;0.41643656823998215;0;0.0
Goal_802;1008284;0.0;0.05555555555555555;1035617;1905834.5129;0.08151930452397675;3600;0.29491897078411516
Goal_803;1008284;0.0;0.1111111111111111;1008282;1317981.2138;0.1114509783620186;3600;0.17489699183699378
Goal_823;1008284;9218491.639863493;0.1111111111111111;1011416;2251747.5538999997;0.11111565006145194;7;0.0
Goal_824;1008284;9218491.639863493;0.16666666666666666;1059886;2978181.8583999993;0.1578535397703617;2;0.0
Goal_825;1008284;9218491.639863493;0.2222222222222222;1008344;1773650.2937000005;0.2222217874738072;1;0.0
Goal_826;1008284;9218491.639863493;0.2777777777777778;1008284;1730447.8928000003;0.2777727344489266;1;0.0
Goal_827;1008284;9218491.639863493;0.3333333333333333;1009438;1598780.5946000002;0.333332756961862;1;0.0
Goal_828;1008284;9218491.639863493;0.38888888888888884;1014722;1438230.189;0.3857826954415816;0;0.0
Goal_829;1008284;9218491.639863493;0.4444444444444444;1008284;1079475.7185000002;0.41643656823998215;0;0.0
Goal_830;1008284;9218491.639863493;0.5;1008284;1079475.7185000002;0.41643656823998215;0;0.0
Goal_822;1008284;9218491.639863493;0.05555555555555555;1184157;7608126.908499997;0.05556430109289824;577;0.0
Goal_832;1008284;1.382773745979524E7;0.05555555555555555;1211621;8572780.713900002;0.047710062277066596;4;0.0
Goal_833;1008284;1.382773745979524E7;0.1111111111111111;1056358;3098401.3920000005;0.11085815531269408;19;0.0
Goal_834;1008284;1.382773745979524E7;0.16666666666666666;1016117;2112805.1774;0.16542409399771424;2;0.0
Goal_835;1008284;1.382773745979524E7;0.2222222222222222;1008344;1773650.2937000005;0.2222217874738072;1;0.0
Goal_836;1008284;1.382773745979524E7;0.2777777777777778;1008285;1752413.1075000004;0.277769289503104;1;0.0
Goal_837;1008284;1.382773745979524E7;0.3333333333333333;1009438;1598780.5946000002;0.333332756961862;1;0.0
Goal_838;1008284;1.382773745979524E7;0.38888888888888884;1014722;1438230.189;0.3857826954415816;0;0.0
Goal_839;1008284;1.382773745979524E7;0.4444444444444444;1008284;1079475.7185000002;0.41643656823998215;0;0.0
Goal_840;1008284;1.382773745979524E7;0.5;1008284;1079475.7185000002;0.41643656823998215;0;0.0
Goal_804;1008284;0.0;0.16666666666666666;1008291;1117786.7441000002;0.16666945013602635;3600;0.1475747556542689
Goal_805;1008284;0.0;0.2222222222222222;1008312;935683.0208;0.2222226706614453;3600;0.07786352691397905
Goal_843;1008284;1.8436983279726986E7;0.1111111111111111;1174202;7503603.3029;0.11111065662688122;75;0.0
Goal_844;1008284;1.8436983279726986E7;0.16666666666666666;1060608;2997777.2359999996;0.1577145702683662;2;0.0
Goal_845;1008284;1.8436983279726986E7;0.2222222222222222;1008344;1773650.2937000005;0.2222217874738072;1;0.0
Goal_846;1008284;1.8436983279726986E7;0.2777777777777778;1008285;1752413.1075000004;0.277769289503104;1;0.0
Goal_847;1008284;1.8436983279726986E7;0.3333333333333333;1009438;1598780.5946000002;0.333332756961862;1;0.0
Goal_848;1008284;1.8436983279726986E7;0.38888888888888884;1014722;1438230.189;0.3857826954415816;0;0.0
Goal_849;1008284;1.8436983279726986E7;0.4444444444444444;1008284;1079475.7185000002;0.41643656823998215;0;0.0
Goal_850;1008284;1.8436983279726986E7;0.5;1008284;1079475.7185000002;0.41643656823998215;0;0.0
Goal_842;1008284;1.8436983279726986E7;0.05555555555555555;1210030;8734625.114299998;0.05556014030789422;170;0.0
Goal_852;1008284;2.304622909965873E7;0.05555555555555555;1230925;1.00970091113E7;0.0546189547611845;115;0.0
Goal_853;1008284;2.304622909965873E7;0.1111111111111111;1020934;2901582.495399999;0.11111005741036072;6;0.0
Goal_854;1008284;2.304622909965873E7;0.16666666666666666;1013687;1928338.5994000004;0.16431706685234687;15;0.0
Goal_855;1008284;2.304622909965873E7;0.2222222222222222;1015668;2602161.3981000003;0.20030017825176957;0;0.0
Goal_856;1008284;2.304622909965873E7;0.2777777777777778;1008284;2253932.7017;0.27583811727125496;2;0.0
Goal_857;1008284;2.304622909965873E7;0.3333333333333333;1009281;2228281.9739000006;0.3332588463729359;1;0.0
Goal_858;1008284;2.304622909965873E7;0.38888888888888884;1008284;2184776.8142000004;0.37229540629749264;0;0.0
Goal_859;1008284;2.304622909965873E7;0.4444444444444444;1008284;2402766.4238000005;0.3809159319212715;0;0.0
Goal_860;1008284;2.304622909965873E7;0.5;1008284;2402766.4238000005;0.3809159319212715;0;0.0
Goal_806;1008284;0.0;0.2777777777777778;1008284;836195.8576;0.2777898389701084;3608;0.0702860631788741
Goal_862;1008284;2.765547491959048E7;0.05555555555555555;1230925;1.00970091113E7;0.0546189547611845;111;0.0
Goal_863;1008284;2.765547491959048E7;0.1111111111111111;1020934;2901582.495399999;0.11111005741036072;6;0.0
Goal_864;1008284;2.765547491959048E7;0.16666666666666666;1013687;1928338.5994000004;0.16431706685234687;15;0.0
Goal_865;1008284;2.765547491959048E7;0.2222222222222222;1015668;2602161.3981000003;0.20030017825176957;0;0.0
Goal_866;1008284;2.765547491959048E7;0.2777777777777778;1008284;2253932.7017;0.27583811727125496;2;0.0
Goal_867;1008284;2.765547491959048E7;0.3333333333333333;1009281;2228281.9739000006;0.3332588463729359;1;0.0
Goal_868;1008284;2.765547491959048E7;0.38888888888888884;1008284;2184776.8142000004;0.37229540629749264;0;0.0
Goal_869;1008284;2.765547491959048E7;0.4444444444444444;1008284;2402766.4238000005;0.3809159319212715;0;0.0
Goal_870;1008284;2.765547491959048E7;0.5;1008284;2402766.4238000005;0.3809159319212715;0;0.0
Goal_807;1008284;0.0;0.3333333333333333;1008284;746826.3591999998;0.33333320777407893;3600;0.05533505732770733
Goal_872;1008284;3.2264720739522226E7;0.05555555555555555;1230925;1.00970091113E7;0.0546189547611845;115;0.0
Goal_873;1008284;3.2264720739522226E7;0.1111111111111111;1064336;4492326.923699999;0.10864868257239753;8;0.0
Goal_874;1008284;3.2264720739522226E7;0.16666666666666666;1013687;1928338.5994000004;0.16431706685234687;14;0.0
Goal_875;1008284;3.2264720739522226E7;0.2222222222222222;1015668;2602161.3981000003;0.20030017825176957;0;0.0
Goal_876;1008284;3.2264720739522226E7;0.2777777777777778;1008284;2253932.7017;0.27583811727125496;2;0.0
Goal_877;1008284;3.2264720739522226E7;0.3333333333333333;1009281;2228281.9739000006;0.3332588463729359;1;0.0
Goal_878;1008284;3.2264720739522226E7;0.38888888888888884;1008284;2184776.8142000004;0.37229540629749264;0;0.0
Goal_879;1008284;3.2264720739522226E7;0.4444444444444444;1008284;2402766.4238000005;0.3809159319212715;0;0.0
Goal_880;1008284;3.2264720739522226E7;0.5;1008284;2402766.4238000005;0.3809159319212715;0;0.0
Goal_808;1008284;0.0;0.38888888888888884;1008284;669614.3562999999;0.38889034124016025;3600;0.00848937405578965
Goal_811;1008284;4609245.819931746;0.0;1127258;4609241.661699999;0.05924786459291175;3600;0.3385622471151796
Goal_883;1008284;3.687396655945397E7;0.1111111111111111;1064336;4492326.923699999;0.10864868257239753;9;0.0
Goal_882;1008284;3.687396655945397E7;0.05555555555555555;1230925;1.00970091113E7;0.0546189547611845;113;0.0
Goal_885;1008284;3.687396655945397E7;0.2222222222222222;1015668;2602161.3981000003;0.20030017825176957;0;0.0
Goal_886;1008284;3.687396655945397E7;0.2777777777777778;1008284;2253932.7017;0.27583811727125496;3;0.0
Goal_887;1008284;3.687396655945397E7;0.3333333333333333;1009281;2228281.9739000006;0.3332588463729359;1;0.0
Goal_888;1008284;3.687396655945397E7;0.38888888888888884;1008284;2184776.8142000004;0.37229540629749264;0;0.0
Goal_889;1008284;3.687396655945397E7;0.4444444444444444;1008284;2402766.4238000005;0.3809159319212715;0;0.0
Goal_890;1008284;3.687396655945397E7;0.5;1008284;2402766.4238000005;0.3809159319212715;0;0.0
Goal_884;1008284;3.687396655945397E7;0.16666666666666666;1013687;1928338.5994000004;0.16431706685234687;17;0.0
Goal_892;1008284;4.148321237938572E7;0.05555555555555555;1230925;1.00970091113E7;0.0546189547611845;110;0.0
Goal_893;1008284;4.148321237938572E7;0.1111111111111111;1064336;4492326.923699999;0.10864868257239753;8;0.0
Goal_894;1008284;4.148321237938572E7;0.16666666666666666;1013687;1928338.5994000004;0.16431706685234687;17;0.0
Goal_895;1008284;4.148321237938572E7;0.2222222222222222;1015668;2602161.3981000003;0.20030017825176957;0;0.0
Goal_896;1008284;4.148321237938572E7;0.2777777777777778;1008284;2253932.7017;0.27583811727125496;2;0.0
Goal_897;1008284;4.148321237938572E7;0.3333333333333333;1009281;2228281.9739000006;0.3332588463729359;1;0.0
Goal_898;1008284;4.148321237938572E7;0.38888888888888884;1008284;2184776.8142000004;0.37229540629749264;0;0.0
Goal_899;1008284;4.148321237938572E7;0.4444444444444444;1008284;2402766.4238000005;0.3809159319212715;0;0.0
Goal_900;1008284;4.148321237938572E7;0.5;1008284;2402766.4238000005;0.3809159319212715;0;0.0
Goal_812;1008284;4609245.819931746;0.05555555555555555;1103447;4341761.872299999;0.08172043844912634;3600;1.0
Goal_821;1008284;9218491.639863493;0.0;1236225;9218476.422199998;0.03938214994102029;3601;0.43382352220961945
Goal_831;1008284;1.382773745979524E7;0.0;1246521;1.0506666067499997E7;0.037880510284620784;3600;0.36517425468499787
Goal_841;1008284;1.8436983279726986E7;0.0;1246110;1.06572372193E7;0.037889545062359545;3600;0.3972506214848391
Goal_851;1008284;2.304622909965873E7;0.0;1245889;1.0715286644699998E7;0.03779715307996428;3600;0.13054147966929638
Goal_861;1008284;2.765547491959048E7;0.0;1246513;1.0815356884399999E7;0.03779170466205087;3600;0.13067875611736995
Goal_871;1008284;3.2264720739522226E7;0.0;1246513;1.08161340054E7;0.03779170466205087;3600;0.1305891393625084
Goal_881;1008284;3.687396655945397E7;0.0;1246513;1.0815356884399999E7;0.03779170466205087;3600;0.13071113395915337
Goal_891;1008284;4.148321237938572E7;0.0;1246513;1.0815356884399999E7;0.03779170466205087;3600;0.13068137421775666
Goal_910;951405;0.0;0.5;951405;0.0;0.4640655898392097;0;0.0
Goal_901;951405;0.0;0.0;1017577;1579350.5698999995;0.09092474856117047;3600;0.22923726377761994
Goal_902;951405;0.0;0.05555555555555555;1029164;1773700.0064;0.08488539925933428;3600;0.2940388386172704
Goal_913;951405;4609245.819931746;0.1111111111111111;1030364;2329156.0134000005;0.11111346172593961;14;0.0
Goal_914;951405;4609245.819931746;0.16666666666666666;994457;1449757.8339000002;0.1666266210760381;8;0.0
Goal_915;951405;4609245.819931746;0.2222222222222222;1013634;1954293.3195999993;0.22221973419253147;43;0.0
Goal_916;951405;4609245.819931746;0.2777777777777778;981914;1185766.5362;0.2777762452026892;2;0.0
Goal_917;951405;4609245.819931746;0.3333333333333333;1007871;1886444.6458000005;0.15365422596879924;8;0.0
Goal_918;951405;4609245.819931746;0.38888888888888884;968038;619885.5144999998;0.38884195740497185;1;0.0
Goal_919;951405;4609245.819931746;0.4444444444444444;953674;49857.101;0.4428416965549158;0;0.0
Goal_920;951405;4609245.819931746;0.5;951405;0.0;0.4640655898392097;0;0.0
Goal_903;951405;0.0;0.1111111111111111;999438;1258355.1147;0.11113072867966316;3600;0.25790424045631183
Goal_904;951405;0.0;0.16666666666666666;984799;889548.2032;0.16666498456397127;3600;0.17667820184902763
Goal_923;951405;9218491.639863493;0.1111111111111111;1154672;6193267.454900001;0.11111368338482784;14;0.0
Goal_924;951405;9218491.639863493;0.16666666666666666;1008004;2036902.131800001;0.16666780743764373;7;0.0
Goal_925;951405;9218491.639863493;0.2222222222222222;991851;1386540.8810999999;0.22219220051475627;11;0.0
Goal_926;951405;9218491.639863493;0.2777777777777778;981914;1185766.5362;0.2777762452026892;1;0.0
Goal_927;951405;9218491.639863493;0.3333333333333333;974251;808621.2422000001;0.33332771791201615;1;0.0
Goal_928;951405;9218491.639863493;0.38888888888888884;968038;619885.5144999998;0.38884195740497185;1;0.0
Goal_929;951405;9218491.639863493;0.4444444444444444;953696;51164.722299999994;0.4428413572076042;0;0.0
Goal_930;951405;9218491.639863493;0.5;951405;0.0;0.4640655898392097;0;0.0
Goal_905;951405;0.0;0.2222222222222222;977221;670731.69;0.22222396674046213;3601;0.23234457010893078
Goal_932;951405;1.382773745979524E7;0.05555555555555555;1216356;9221422.688500002;0.05453161154533931;1049;0.0
Goal_933;951405;1.382773745979524E7;0.1111111111111111;1157731;7139970.5121;0.11105544110779965;60;0.0
Goal_934;951405;1.382773745979524E7;0.16666666666666666;1001577;1841211.6988000001;0.1663484398824045;12;0.0
Goal_935;951405;1.382773745979524E7;0.2222222222222222;991851;1386540.8810999999;0.22219220051475627;12;0.0
Goal_936;951405;1.382773745979524E7;0.2777777777777778;981914;1185766.5362;0.2777762452026892;1;0.0
Goal_937;951405;1.382773745979524E7;0.3333333333333333;974251;808621.2422000001;0.33332771791201615;1;0.0
Goal_938;951405;1.382773745979524E7;0.38888888888888884;968038;619885.5144999998;0.38884195740497185;1;0.0
Goal_939;951405;1.382773745979524E7;0.4444444444444444;953696;51164.722299999994;0.4428413572076042;0;0.0
Goal_940;951405;1.382773745979524E7;0.5;951405;0.0;0.4640655898392097;0;0.0
Goal_909;951405;0.0;0.4444444444444444;953279;16308.569199999998;0.44444653811376983;2648;0.0
Goal_942;951405;1.8436983279726986E7;0.05555555555555555;1238328;1.0219341275600001E7;0.03971712833717985;51;0.0
Goal_906;951405;0.0;0.2777777777777778;971021;469025.8909999999;0.27777794005522005;3603;0.22701659966484627
Goal_944;951405;1.8436983279726986E7;0.16666666666666666;998144;1620081.5181000005;0.1624959053468475;8;0.0
Goal_943;951405;1.8436983279726986E7;0.1111111111111111;1171297;7031468.1779000005;0.11103431425092235;34;0.0
Goal_946;951405;1.8436983279726986E7;0.2777777777777778;981914;1185766.5362;0.2777762452026892;1;0.0
Goal_945;951405;1.8436983279726986E7;0.2222222222222222;991851;1386540.8810999999;0.22219220051475627;11;0.0
Goal_947;951405;1.8436983279726986E7;0.3333333333333333;974251;808621.2422000001;0.33332771791201615;1;0.0
Goal_949;951405;1.8436983279726986E7;0.4444444444444444;953696;51164.722299999994;0.4428413572076042;0;0.0
Goal_948;951405;1.8436983279726986E7;0.38888888888888884;968038;619885.5144999998;0.38884195740497185;1;0.0
Goal_950;951405;1.8436983279726986E7;0.5;951405;0.0;0.4640655898392097;0;0.0
Goal_907;951405;0.0;0.3333333333333333;964565;283689.594;0.3333340438553991;3600;0.13500939379748908
Goal_953;951405;2.304622909965873E7;0.1111111111111111;1215811;9161283.355500003;0.11102262697581701;16;0.0
Goal_954;951405;2.304622909965873E7;0.16666666666666666;1042978;2711429.8655;0.16565904151214295;20;0.0
Goal_955;951405;2.304622909965873E7;0.2222222222222222;1011087;2463716.8005000004;0.2220760059271712;2;0.0
Goal_956;951405;2.304622909965873E7;0.2777777777777778;1014010;2202667.6930000004;0.27777852481580295;1;0.0
Goal_957;951405;2.304622909965873E7;0.3333333333333333;978202;1147803.7282;0.3333343481212507;1;0.0
Goal_958;951405;2.304622909965873E7;0.38888888888888884;983703;1385184.7595000002;0.38889008566418837;1;0.0
Goal_959;951405;2.304622909965873E7;0.4444444444444444;955280;162672.0195;0.44436164432474345;0;0.0
Goal_960;951405;2.304622909965873E7;0.5;951405;0.0;0.4640655898392097;0;0.0
Goal_952;951405;2.304622909965873E7;0.05555555555555555;1238335;1.05379025422E7;0.05458164117898736;333;0.0
Goal_962;951405;2.765547491959048E7;0.05555555555555555;1238335;1.05379025422E7;0.05458164117898736;314;0.0
Goal_963;951405;2.765547491959048E7;0.1111111111111111;1215811;9161283.355500003;0.11102262697581701;22;0.0
Goal_908;951405;0.0;0.38888888888888884;959180;125253.07980000004;0.38888923852877694;3600;0.10619395296840348
Goal_965;951405;2.765547491959048E7;0.2222222222222222;1011087;2463716.8005000004;0.2220760059271712;2;0.0
Goal_966;951405;2.765547491959048E7;0.2777777777777778;1014010;2202667.6930000004;0.27777852481580295;1;0.0
Goal_967;951405;2.765547491959048E7;0.3333333333333333;978202;1147803.7282;0.3333343481212507;1;0.0
Goal_968;951405;2.765547491959048E7;0.38888888888888884;983703;1385184.7595000002;0.38889008566418837;1;0.0
Goal_969;951405;2.765547491959048E7;0.4444444444444444;955280;162672.0195;0.44436164432474345;0;0.0
Goal_970;951405;2.765547491959048E7;0.5;951405;0.0;0.4640655898392097;0;0.0
Goal_964;951405;2.765547491959048E7;0.16666666666666666;1042978;2711429.8655;0.16565904151214295;20;0.0
Goal_972;951405;3.2264720739522226E7;0.05555555555555555;1238335;1.05379025422E7;0.05458164117898736;310;0.0
Goal_973;951405;3.2264720739522226E7;0.1111111111111111;1215811;9161283.355500003;0.11102262697581701;18;0.0
Goal_974;951405;3.2264720739522226E7;0.16666666666666666;1042978;2711429.8655;0.16565904151214295;18;0.0
Goal_975;951405;3.2264720739522226E7;0.2222222222222222;1011087;2463716.8005000004;0.2220760059271712;2;0.0
Goal_976;951405;3.2264720739522226E7;0.2777777777777778;1014010;2202667.6930000004;0.27777852481580295;1;0.0
Goal_977;951405;3.2264720739522226E7;0.3333333333333333;978202;1147803.7282;0.3333343481212507;1;0.0
Goal_978;951405;3.2264720739522226E7;0.38888888888888884;983703;1385184.7595000002;0.38889008566418837;1;0.0
Goal_979;951405;3.2264720739522226E7;0.4444444444444444;955280;162672.0195;0.44436164432474345;0;0.0
Goal_980;951405;3.2264720739522226E7;0.5;951405;0.0;0.4640655898392097;0;0.0
Goal_911;951405;4609245.819931746;0.0;1135683;4608710.778199998;0.05898245103576304;3600;0.35325600805559126
Goal_912;951405;4609245.819931746;0.05555555555555555;1123259;4601123.375799998;0.0808167075939412;3600;1.0
Goal_983;951405;3.687396655945397E7;0.1111111111111111;1215811;9161283.355500003;0.11102262697581701;18;0.0
Goal_984;951405;3.687396655945397E7;0.16666666666666666;1042978;2711429.8655;0.16565904151214295;20;0.0
Goal_985;951405;3.687396655945397E7;0.2222222222222222;1011087;2463716.8005000004;0.2220760059271712;2;0.0
Goal_986;951405;3.687396655945397E7;0.2777777777777778;1014010;2202667.6930000004;0.27777852481580295;1;0.0
Goal_987;951405;3.687396655945397E7;0.3333333333333333;978202;1147803.7282;0.3333343481212507;1;0.0
Goal_988;951405;3.687396655945397E7;0.38888888888888884;983703;1385184.7595000002;0.38889008566418837;1;0.0
Goal_989;951405;3.687396655945397E7;0.4444444444444444;955280;162672.0195;0.44436164432474345;0;0.0
Goal_990;951405;3.687396655945397E7;0.5;951405;0.0;0.4640655898392097;0;0.0
Goal_982;951405;3.687396655945397E7;0.05555555555555555;1238335;1.05379025422E7;0.05458164117898736;336;0.0
Goal_921;951405;9218491.639863493;0.0;1235807;9195135.0201;0.03948933484368391;3600;0.3918618063404118
Goal_993;951405;4.148321237938572E7;0.1111111111111111;1215811;9161283.355500003;0.11102262697581701;21;0.0
Goal_994;951405;4.148321237938572E7;0.16666666666666666;1042978;2711429.8655;0.16565904151214295;17;0.0
Goal_995;951405;4.148321237938572E7;0.2222222222222222;1011087;2463716.8005000004;0.2220760059271712;2;0.0
Goal_996;951405;4.148321237938572E7;0.2777777777777778;1014010;2202667.6930000004;0.27777852481580295;1;0.0
Goal_997;951405;4.148321237938572E7;0.3333333333333333;978202;1147803.7282;0.3333343481212507;1;0.0
Goal_998;951405;4.148321237938572E7;0.38888888888888884;983703;1385184.7595000002;0.38889008566418837;1;0.0
Goal_999;951405;4.148321237938572E7;0.4444444444444444;955280;162672.0195;0.44436164432474345;0;0.0
Goal_1000;951405;4.148321237938572E7;0.5;951405;0.0;0.4640655898392097;0;0.0
Goal_922;951405;9218491.639863493;0.05555555555555555;1226816;9215678.178199997;0.05602324187519458;3600;1.0
Goal_992;951405;4.148321237938572E7;0.05555555555555555;1238335;1.05379025422E7;0.05458164117898736;324;0.0
Goal_931;951405;1.382773745979524E7;0.0;1246602;1.0717666609299997E7;0.0378935289137592;3600;0.4103887885913904
Goal_941;951405;1.8436983279726986E7;0.0;1246523;1.0775611939600004E7;0.03790966005693979;3602;0.4097393338104188
Goal_951;951405;2.304622909965873E7;0.0;1246297;1.0792532561999999E7;0.037783132951578834;3600;0.09475075654873537
Goal_961;951405;2.765547491959048E7;0.0;1246297;1.0792532561999999E7;0.037783132951578834;3600;0.09475255509349756
Goal_971;951405;3.2264720739522226E7;0.0;1246297;1.0792532561999999E7;0.037783132951578834;3600;0.09473936801517402
Goal_981;951405;3.687396655945397E7;0.0;1246297;1.0792532561999999E7;0.037783132951578834;3600;0.09473390259506818
Goal_991;951405;4.148321237938572E7;0.0;1246297;1.0792532561999999E7;0.037783132951578834;3600;0.09471362609996281
