Meta_9;235212;0.0;0.4444444444444444;177294;231058.1909;0.44444269351263477;1;0.0
Meta_10;235212;0.0;0.5;177507;236975.1391;0.44711300198437814;0;0.0
Meta_1;235212;0.0;0.0;175977;306234.10522761417;0.39678862931421993;3600;0.01260837096303226
Meta_2;235212;0.0;0.05555555555555555;176051;309570.6484240423;0.3967013035229636;3600;0.012560180827980515
Meta_3;235212;0.0;0.1111111111111111;175970;307938.4903361573;0.39663390816066957;3600;0.013288646759610834
Meta_4;235212;0.0;0.16666666666666666;175941;304983.29273516906;0.3967981447813989;3600;0.013600948797682429
Meta_5;235212;0.0;0.2222222222222222;175901;304288.07087851106;0.39675225137393244;3600;0.013796563065810492
Meta_6;235212;0.0;0.2777777777777778;175884;304677.22997557675;0.3966782551226484;3600;0.016018830026017294
Meta_7;235212;0.0;0.3333333333333333;175913;303681.4854405633;0.39685393339450364;3600;0.020486133108750137
Meta_8;235212;0.0;0.38888888888888884;175967;305757.0595826109;0.3968139806817396;3600;0.02159692251783113
Meta_20;235212;333800.67855729803;0.5;180049;333810.07360000006;0.4616519284480507;0;0.0
Meta_11;235212;333800.67855729803;0.0;176739;334364.4136099049;0.3969038886114927;3600;0.007183286993937288
Meta_12;235212;333800.67855729803;0.05555555555555555;176554;333834.33439221134;0.39619357419072543;3600;0.006620718691503748
Meta_13;235212;333800.67855729803;0.1111111111111111;176651;334664.1870135806;0.3965985631897227;3600;0.007915981541703617
Meta_14;235212;333800.67855729803;0.16666666666666666;176749;338022.9652176976;0.39658911060534613;3600;0.008200035335848236
Meta_15;235212;333800.67855729803;0.2222222222222222;176649;336993.91789880185;0.39658231412882133;3600;0.01020198082664599
Meta_16;235212;333800.67855729803;0.2777777777777778;176773;340534.2574692034;0.39637635971390817;3600;0.010094380944423149
Meta_17;235212;333800.67855729803;0.3333333333333333;176703;338745.80326550634;0.3963795109510932;3600;0.012892907396516126
Meta_18;235212;333800.67855729803;0.38888888888888884;176582;333857.0371909007;0.3965360025958367;3600;0.015514172234980311
Meta_19;235212;333800.67855729803;0.4444444444444444;179932;333800.6890060973;0.4444439446745269;3600;3.633829487229332E-4
Meta_30;235212;667601.3571145961;0.5;187102;667613.1305713498;0.48653182485233276;0;0.0
Meta_21;235212;667601.3571145961;0.0;179277;452746.10291169304;0.3992650629707866;3600;0.014859359532831466
Meta_22;235212;667601.3571145961;0.05555555555555555;179444;458216.43690854963;0.39969970170919217;3600;0.014692168569188063
Meta_23;235212;667601.3571145961;0.1111111111111111;179340;453580.5934835704;0.39940684689107614;3600;0.015217339974078486
Meta_24;235212;667601.3571145961;0.16666666666666666;179186;450369.60455418396;0.3990932166352929;3600;0.016288192306463643
Meta_25;235212;667601.3571145961;0.2222222222222222;179305;453439.36234191386;0.39930531494863364;3600;0.01770472780883368
Meta_26;235212;667601.3571145961;0.2777777777777778;179371;455722.9043218849;0.399504117989755;3600;0.020444232542316244
Meta_27;235212;667601.3571145961;0.3333333333333333;179211;449786.5970075557;0.3992041438397969;3600;0.02475797048769847
Meta_28;235212;667601.3571145961;0.38888888888888884;179205;449874.81928284187;0.39908849097910143;3600;0.03317201142045833
Meta_29;235212;667601.3571145961;0.4444444444444444;186478;667619.721319443;0.44444526537686047;3600;0.004594641329151142
Meta_40;235212;1001402.0356718941;0.5;189739;917133.6167576637;0.4951903932423163;0;0.0
Meta_31;235212;1001402.0356718941;0.0;179487;461284.99518982245;0.3998659488673289;3600;0.014575237654882748
Meta_32;235212;1001402.0356718941;0.05555555555555555;179437;459454.19789248833;0.39972142674919947;3600;0.014893806651684181
Meta_33;235212;1001402.0356718941;0.1111111111111111;179413;457673.02295847476;0.3996195827697041;3600;0.014997201886782528
Meta_34;235212;1001402.0356718941;0.16666666666666666;179456;460385.8171329795;0.399773838159039;3600;0.016706445832642063
Meta_35;235212;1001402.0356718941;0.2222222222222222;179370;456846.162303599;0.39949331643021224;3600;0.01801179235923992
Meta_36;235212;1001402.0356718941;0.2777777777777778;179476;460663.7026115567;0.3997868080284408;3600;0.02070383970723766
Meta_37;235212;1001402.0356718941;0.3333333333333333;179403;458159.43778670137;0.39966547090426724;3600;0.024859990700749592
Meta_38;235212;1001402.0356718941;0.38888888888888884;179196;448491.1655871342;0.3990780922780057;3600;0.03408850300511425
Meta_39;235212;1001402.0356718941;0.4444444444444444;186773;714832.3453462401;0.44444414265472065;3600;0.005349802481918538
Meta_50;235212;1335202.7142291921;0.5;189739;920784.3694576637;0.4955967325459318;0;0.0
Meta_41;235212;1335202.7142291921;0.0;179294;464364.2472097285;0.39927373675737143;3600;0.014998985880562412
Meta_42;235212;1335202.7142291921;0.05555555555555555;179355;465744.5737937463;0.39951538597316133;3600;0.015082279586796452
Meta_43;235212;1335202.7142291921;0.1111111111111111;179312;464585.62692609907;0.39932634347027934;3600;0.01552937934826787
Meta_44;235212;1335202.7142291921;0.16666666666666666;179291;463398.5426035534;0.39926568079922026;3600;0.016813967310341273
Meta_45;235212;1335202.7142291921;0.2222222222222222;179379;466421.06644505984;0.39949902398980625;3601;0.018147436710133528
Meta_46;235212;1335202.7142291921;0.2777777777777778;179381;466065.4248631424;0.39951363963227493;3600;0.020816813055908406
Meta_47;235212;1335202.7142291921;0.3333333333333333;179232;472704.40355433215;0.39913610241204484;3600;0.024605256121110527
Meta_48;235212;1335202.7142291921;0.38888888888888884;179307;474972.4975150026;0.3993510536564703;3600;0.03182236621141669
Meta_49;235212;1335202.7142291921;0.4444444444444444;186774;755680.9421120156;0.44444551749854017;3600;0.0053513522796652755
Meta_60;235212;1669003.3927864903;0.5;189739;920784.3694576637;0.4955967325459318;0;0.0
Meta_51;235212;1669003.3927864903;0.0;179294;464364.2472097285;0.39927373675737143;3600;0.014998533482411393
Meta_52;235212;1669003.3927864903;0.05555555555555555;179352;466998.02940253203;0.3995726838420155;3600;0.015164496228434578
Meta_53;235212;1669003.3927864903;0.1111111111111111;179310;464764.54717891105;0.39930831777285014;3600;0.015493368922053254
Meta_54;235212;1669003.3927864903;0.16666666666666666;179307;464186.0670614636;0.39929720032626553;3600;0.01678501387925362
Meta_55;235212;1669003.3927864903;0.2222222222222222;179374;466438.1360474061;0.399485775525838;3600;0.01814316484583752
Meta_56;235212;1669003.3927864903;0.2777777777777778;179381;466065.4248631424;0.39951363963227493;3600;0.02081957278624283
Meta_57;235212;1669003.3927864903;0.3333333333333333;179214;471878.8856543322;0.3990914125131149;3600;0.0246142557372654
Meta_58;235212;1669003.3927864903;0.38888888888888884;179307;474972.4975150026;0.3993510536564703;3600;0.031824683757031055
Meta_59;235212;1669003.3927864903;0.4444444444444444;186775;755683.7572730331;0.4444394583757208;3601;0.005335007196294431
Meta_70;235212;2002804.0713437882;0.5;189739;920784.3694576637;0.4955967325459318;0;0.0
Meta_61;235212;2002804.0713437882;0.0;179294;464364.2472097285;0.39927373675737143;3600;0.01499601400731617
Meta_62;235212;2002804.0713437882;0.05555555555555555;179352;466998.02940253203;0.3995726838420155;3601;0.015159376665031166
Meta_63;235212;2002804.0713437882;0.1111111111111111;179310;464764.54717891105;0.39930831777285014;3600;0.01549303894913497
Meta_64;235212;2002804.0713437882;0.16666666666666666;179307;464186.0670614636;0.39929720032626553;3600;0.016783933693666514
Meta_65;235212;2002804.0713437882;0.2222222222222222;179374;466438.1360474061;0.399485775525838;3601;0.018144324798203288
Meta_66;235212;2002804.0713437882;0.2777777777777778;179381;466065.4248631424;0.39951363963227493;3600;0.020819569194729416
Meta_67;235212;2002804.0713437882;0.3333333333333333;179214;471878.8856543322;0.3990914125131149;3600;0.024616370352575818
Meta_68;235212;2002804.0713437882;0.38888888888888884;179307;474972.4975150026;0.3993510536564703;3600;0.03181980428358391
Meta_69;235212;2002804.0713437882;0.4444444444444444;186775;755683.7572730331;0.4444394583757208;3600;0.005336440916756652
Meta_80;235212;2336604.749901086;0.5;189739;920784.3694576637;0.4955967325459318;0;0.0
Meta_71;235212;2336604.749901086;0.0;179294;464364.2472097285;0.39927373675737143;3600;0.014999753136085172
Meta_72;235212;2336604.749901086;0.05555555555555555;179352;466998.02940253203;0.3995726838420155;3600;0.015162462498781802
Meta_73;235212;2336604.749901086;0.1111111111111111;179310;464764.54717891105;0.39930831777285014;3600;0.01549381147657837
Meta_74;235212;2336604.749901086;0.16666666666666666;179307;464186.0670614636;0.39929720032626553;3600;0.016783954498954347
Meta_75;235212;2336604.749901086;0.2222222222222222;179374;466438.1360474061;0.399485775525838;3600;0.018147023269097878
Meta_76;235212;2336604.749901086;0.2777777777777778;179381;466065.4248631424;0.39951363963227493;3600;0.020818775678373345
Meta_77;235212;2336604.749901086;0.3333333333333333;179214;471878.8856543322;0.3990914125131149;3600;0.024613822620426395
Meta_78;235212;2336604.749901086;0.38888888888888884;179307;474972.4975150026;0.3993510536564703;3600;0.031824037674292094
Meta_79;235212;2336604.749901086;0.4444444444444444;186775;755683.7572730331;0.4444394583757208;3600;0.005335795873172709
Meta_90;235212;2670405.4284583842;0.5;189739;920784.3694576637;0.4955967325459318;0;0.0
Meta_81;235212;2670405.4284583842;0.0;179294;464364.2472097285;0.39927373675737143;3600;0.01499846825089647
Meta_82;235212;2670405.4284583842;0.05555555555555555;179352;466998.02940253203;0.3995726838420155;3600;0.015163165878558042
Meta_83;235212;2670405.4284583842;0.1111111111111111;179310;464764.54717891105;0.39930831777285014;3600;0.015490915054088896
Meta_84;235212;2670405.4284583842;0.16666666666666666;179307;464186.0670614636;0.39929720032626553;3600;0.01678391693648416
Meta_85;235212;2670405.4284583842;0.2222222222222222;179374;466438.1360474061;0.399485775525838;3600;0.018145695426869703
Meta_86;235212;2670405.4284583842;0.2777777777777778;179381;466065.4248631424;0.39951363963227493;3600;0.020818951975951492
Meta_87;235212;2670405.4284583842;0.3333333333333333;179214;471878.8856543322;0.3990914125131149;3600;0.024616370352575818
Meta_88;235212;2670405.4284583842;0.38888888888888884;179307;474972.4975150026;0.3993510536564703;3600;0.031816955712143456
Meta_89;235212;2670405.4284583842;0.4444444444444444;186775;755683.7572730331;0.4444394583757208;3600;0.005333303986968298
Meta_100;235212;3004206.1070156824;0.5;189739;920784.3694576637;0.4955967325459318;0;0.0
Meta_91;235212;3004206.1070156824;0.0;179294;464364.2472097285;0.39927373675737143;3600;0.014999447235943176
Meta_92;235212;3004206.1070156824;0.05555555555555555;179352;466998.02940253203;0.3995726838420155;3600;0.015164496228434578
Meta_93;235212;3004206.1070156824;0.1111111111111111;179310;464764.54717891105;0.39930831777285014;3600;0.015493381119859548
Meta_94;235212;3004206.1070156824;0.16666666666666666;179307;464186.0670614636;0.39929720032626553;3600;0.01678312409156797
Meta_95;235212;3004206.1070156824;0.2222222222222222;179374;466438.1360474061;0.399485775525838;3600;0.01814576660595942
Meta_96;235212;3004206.1070156824;0.2777777777777778;179381;466065.4248631424;0.39951363963227493;3600;0.02081846258811101
Meta_97;235212;3004206.1070156824;0.3333333333333333;179214;471878.8856543322;0.3990914125131149;3600;0.0246142557372654
Meta_98;235212;3004206.1070156824;0.38888888888888884;179307;474972.4975150026;0.3993510536564703;3600;0.031820714137684135
Meta_109;226100;0.0;0.4444444444444444;177304;231347.4816;0.4444426100309082;1;1.1433763584095361E-7
Meta_110;226100;0.0;0.5;177507;236975.1391;0.44711300198437814;0;0.0
Meta_99;235212;3004206.1070156824;0.4444444444444444;186775;755683.7572730331;0.4444394583757208;3600;0.005331694553028922
Meta_101;226100;0.0;0.0;175766;299170.8504492349;0.39687529629096086;3600;0.01267816426834803
Meta_102;226100;0.0;0.05555555555555555;175808;302448.25044616265;0.39668392744053915;3600;0.013069490187673309
Meta_103;226100;0.0;0.1111111111111111;175819;301960.9797099801;0.3967491943469895;3600;0.010795471046843098
Meta_104;226100;0.0;0.16666666666666666;175753;299382.13344854536;0.39680577127056227;3600;0.014345663963770839
Meta_105;226100;0.0;0.2222222222222222;175845;302846.73023162474;0.3967310558706295;3600;0.0162448090280159
Meta_106;226100;0.0;0.2777777777777778;175888;304403.340971412;0.3967093482031433;3600;0.018718772318112243
Meta_107;226100;0.0;0.3333333333333333;175912;304597.50400140934;0.39676299376539526;3600;0.022243345195418023
Meta_108;226100;0.0;0.38888888888888884;175723;297776.1534046098;0.39687801699872527;3600;0.02820555855502222
Meta_120;226100;333800.67855729803;0.5;180049;333810.07360000006;0.4616519284480507;0;0.0
Meta_111;226100;333800.67855729803;0.0;176648;334836.6000094246;0.39662888978835137;3600;0.008976745266468302
Meta_112;226100;333800.67855729803;0.05555555555555555;176722;336350.4589475347;0.39652839194762424;3600;0.00774009599118757
Meta_113;226100;333800.67855729803;0.1111111111111111;176917;342288.6158668935;0.39677297291332725;3600;0.009632768253054425
Meta_114;226100;333800.67855729803;0.16666666666666666;176783;338075.8588680164;0.39664926679421453;3600;0.008811924995946348
Meta_115;226100;333800.67855729803;0.2222222222222222;176746;337237.77169026376;0.39658574791284507;3600;0.011199951879762105
Meta_116;226100;333800.67855729803;0.2777777777777778;176701;337876.9028591932;0.39653310320148794;3600;0.012713958624011893
Meta_117;226100;333800.67855729803;0.3333333333333333;176645;335077.39724195463;0.3966267785780268;3600;0.014729263568342043
Meta_118;226100;333800.67855729803;0.38888888888888884;176629;334753.9730261396;0.396440503464472;3600;0.018361026909809543
Meta_119;226100;333800.67855729803;0.4444444444444444;179932;333797.6656060779;0.4444389108484116;3600;2.2806177144302125E-4
Meta_130;226100;667601.3571145961;0.5;187102;667613.1305713498;0.48653182485233276;0;0.0
Meta_121;226100;667601.3571145961;0.0;179221;447463.4407157771;0.3991904475581844;3600;0.0160200834390389
Meta_122;226100;667601.3571145961;0.05555555555555555;179307;456013.16425840295;0.3994299974352629;3601;0.015386573655396401
Meta_123;226100;667601.3571145961;0.1111111111111111;179442;459020.26588666363;0.3997258026627509;3600;0.01664586270767116
Meta_124;226100;667601.3571145961;0.16666666666666666;179516;461639.7381969355;0.39993950347006274;3601;0.017606864099921654
Meta_125;226100;667601.3571145961;0.2222222222222222;179493;460652.3922017733;0.39984344365840807;3600;0.019648848869147972
Meta_126;226100;667601.3571145961;0.2777777777777778;179245;452115.68356434815;0.3992662692493086;3600;0.02277430818840807
Meta_127;226100;667601.3571145961;0.3333333333333333;179431;459767.30202240264;0.39976211613933094;3600;0.0280243985775327
Meta_128;226100;667601.3571145961;0.38888888888888884;179266;452905.86466543237;0.3992873473033017;3600;0.03835055516433141
Meta_129;226100;667601.3571145961;0.4444444444444444;186478;667614.184653557;0.4444440655209091;3600;0.005085870441344389
Meta_140;226100;1001402.0356718941;0.5;189739;917133.6167576637;0.4951903932423163;0;0.0
Meta_131;226100;1001402.0356718941;0.0;179070;446803.967617669;0.39881616996134334;3600;0.015505978595599091
Meta_132;226100;1001402.0356718941;0.05555555555555555;179406;454682.99905337923;0.39965197962480825;3600;0.01590535759576373
Meta_133;226100;1001402.0356718941;0.1111111111111111;179349;454328.567662866;0.3994348131370373;3600;0.016602914380947093
Meta_134;226100;1001402.0356718941;0.16666666666666666;179389;458179.76989140705;0.3995517648673656;3600;0.01815397556065641
Meta_135;226100;1001402.0356718941;0.2222222222222222;179364;454967.61893112975;0.39946296934612757;3600;0.019494962340108755
Meta_136;226100;1001402.0356718941;0.2777777777777778;179306;452709.0263641003;0.39935788904520525;3600;0.022008084448995133
Meta_137;226100;1001402.0356718941;0.3333333333333333;179316;454936.2999690222;0.39936696382311;3600;0.02759911601876434
Meta_138;226100;1001402.0356718941;0.38888888888888884;179196;451290.24004237854;0.39905220608907643;3600;0.037694498638083655
Meta_139;226100;1001402.0356718941;0.4444444444444444;186772;713507.3501559795;0.4444402663969434;3600;0.004910069282029308
Meta_150;226100;1335202.7142291921;0.5;189739;920784.3694576637;0.4955967325459318;0;0.0
Meta_141;226100;1335202.7142291921;0.0;179496;471149.94642168627;0.39984485307519513;3600;0.016087596588884943
Meta_142;226100;1335202.7142291921;0.05555555555555555;179236;461604.49782978394;0.39910633972400195;3600;0.01616691220037133
Meta_143;226100;1335202.7142291921;0.1111111111111111;179322;464426.1024384619;0.3993780420932878;3600;0.016813979624919023
Meta_144;226100;1335202.7142291921;0.16666666666666666;179241;461976.4601674135;0.3991173802822336;3600;0.017819966727998196
Meta_145;226100;1335202.7142291921;0.2222222222222222;179365;467249.5860386217;0.39948861260512497;3600;0.020168536014681486
Meta_146;226100;1335202.7142291921;0.2777777777777778;179427;469693.4938505471;0.39965308130258564;3600;0.02262213265360503
Meta_147;226100;1335202.7142291921;0.3333333333333333;179358;478160.94173442025;0.39952672727983685;3600;0.028658964424861072
Meta_148;226100;1335202.7142291921;0.38888888888888884;179163;469671.96304882725;0.3989509302138041;3600;0.040453327012668065
Meta_149;226100;1335202.7142291921;0.4444444444444444;186772;754201.1641323671;0.4444445468595444;3600;0.006630062252116761
Meta_160;226100;1669003.3927864903;0.5;189739;920784.3694576637;0.4955967325459318;0;0.0
Meta_151;226100;1669003.3927864903;0.0;179493;470735.9321216863;0.39983565916722585;3600;0.01608624956611152
Meta_152;226100;1669003.3927864903;0.05555555555555555;179418;468023.2120253194;0.39961228423378453;3600;0.016300505223767234
Meta_153;226100;1669003.3927864903;0.1111111111111111;179351;464294.30686585465;0.3994587461085737;3600;0.016836342274003668
Meta_154;226100;1669003.3927864903;0.16666666666666666;179229;461145.04247494444;0.39908377075861556;3600;0.01781607575935455
Meta_155;226100;1669003.3927864903;0.2222222222222222;179352;466507.85485359834;0.39942978613571833;3600;0.02006452835807637
Meta_156;226100;1669003.3927864903;0.2777777777777778;179427;469693.4938505471;0.39965308130258564;3600;0.022623836349814717
Meta_157;226100;1669003.3927864903;0.3333333333333333;179288;476015.2354241235;0.3993198992105807;3600;0.02849963545320769
Meta_158;226100;1669003.3927864903;0.38888888888888884;179163;469671.96304882725;0.3989509302138041;3600;0.04045552392616331
Meta_159;226100;1669003.3927864903;0.4444444444444444;186772;754201.1641323671;0.4444445468595444;3600;0.006627644500773016
Meta_170;226100;2002804.0713437882;0.5;189739;920784.3694576637;0.4955967325459318;0;0.0
Meta_161;226100;2002804.0713437882;0.0;179493;470735.9321216863;0.39983565916722585;3600;0.016086520140612584
Meta_162;226100;2002804.0713437882;0.05555555555555555;179418;468023.2120253194;0.39961228423378453;3600;0.016301565523954297
Meta_163;226100;2002804.0713437882;0.1111111111111111;179351;464294.30686585465;0.3994587461085737;3600;0.01683548694387381
Meta_164;226100;2002804.0713437882;0.16666666666666666;179229;461145.04247494444;0.39908377075861556;3600;0.017818110406864127
Meta_165;226100;2002804.0713437882;0.2222222222222222;179352;466507.85485359834;0.39942978613571833;3600;0.020065506741347366
Meta_166;226100;2002804.0713437882;0.2777777777777778;179427;469693.4938505471;0.39965308130258564;3600;0.022623910194646355
Meta_167;226100;2002804.0713437882;0.3333333333333333;179288;476015.2354241235;0.3993198992105807;3600;0.028499786550251077
Meta_168;226100;2002804.0713437882;0.38888888888888884;179163;469671.96304882725;0.3989509302138041;3600;0.040449448388044366
Meta_169;226100;2002804.0713437882;0.4444444444444444;186772;754201.1641323671;0.4444445468595444;3600;0.006629035593984155
Meta_180;226100;2336604.749901086;0.5;189739;920784.3694576637;0.4955967325459318;0;0.0
Meta_171;226100;2336604.749901086;0.0;179493;470735.9321216863;0.39983565916722585;3600;0.016085528514739725
Meta_172;226100;2336604.749901086;0.05555555555555555;179418;468062.0070253193;0.39961239302058554;3600;0.016302671582920404
Meta_173;226100;2336604.749901086;0.1111111111111111;179351;464294.30686585465;0.3994587461085737;3600;0.016834392084356428
Meta_174;226100;2336604.749901086;0.16666666666666666;179229;461145.04247494444;0.39908377075861556;3600;0.017817513130951253
Meta_175;226100;2336604.749901086;0.2222222222222222;179352;466507.85485359834;0.39942978613571833;3600;0.020065163348896457
Meta_176;226100;2336604.749901086;0.2777777777777778;179427;469693.4938505471;0.39965308130258564;3600;0.02262316179660103
Meta_177;226100;2336604.749901086;0.3333333333333333;179288;476015.2354241235;0.3993198992105807;3601;0.02849888655111704
Meta_178;226100;2336604.749901086;0.38888888888888884;179163;469671.96304882725;0.3989509302138041;3600;0.040455122346382696
Meta_179;226100;2336604.749901086;0.4444444444444444;186772;754201.1641323671;0.4444445468595444;3600;0.006629638697941887
Meta_190;226100;2670405.4284583842;0.5;189739;920784.3694576637;0.4955967325459318;0;0.0
Meta_181;226100;2670405.4284583842;0.0;179493;470735.9321216863;0.39983565916722585;3600;0.016086619220504896
Meta_182;226100;2670405.4284583842;0.05555555555555555;179418;468023.2120253194;0.39961228423378453;3600;0.01630152400868587
Meta_183;226100;2670405.4284583842;0.1111111111111111;179351;464294.30686585465;0.3994587461085737;3600;0.016837674831938043
Meta_184;226100;2670405.4284583842;0.16666666666666666;179229;461145.04247494444;0.39908377075861556;3600;0.01781658063802256
Meta_185;226100;2670405.4284583842;0.2222222222222222;179352;466507.85485359834;0.39942978613571833;3600;0.020065853356089715
Meta_186;226100;2670405.4284583842;0.2777777777777778;179427;469693.4938505471;0.39965308130258564;3600;0.022623064552558605
Meta_187;226100;2670405.4284583842;0.3333333333333333;179288;476015.2354241235;0.3993198992105807;3600;0.028499002579116684
Meta_188;226100;2670405.4284583842;0.38888888888888884;179163;469671.96304882725;0.3989509302138041;3600;0.040449448388044366
Meta_189;226100;2670405.4284583842;0.4444444444444444;186772;754201.1641323671;0.4444445468595444;3600;0.006628368940510742
Meta_200;226100;3004206.1070156824;0.5;189739;920784.3694576637;0.4955967325459318;0;0.0
Meta_191;226100;3004206.1070156824;0.0;179493;470735.9321216863;0.39983565916722585;3601;0.01608535378142658
Meta_192;226100;3004206.1070156824;0.05555555555555555;179418;468062.0070253193;0.39961239302058554;3600;0.016304021137596048
Meta_193;226100;3004206.1070156824;0.1111111111111111;179351;464294.30686585465;0.3994587461085737;3600;0.01683894082416222
Meta_194;226100;3004206.1070156824;0.16666666666666666;179229;461145.04247494444;0.39908377075861556;3600;0.017818504397437054
Meta_195;226100;3004206.1070156824;0.2222222222222222;179352;466507.85485359834;0.39942978613571833;3600;0.020060262675164788
Meta_196;226100;3004206.1070156824;0.2777777777777778;179427;469725.7095505472;0.39965258702132844;3600;0.02262006883152238
Meta_197;226100;3004206.1070156824;0.3333333333333333;179288;476015.2354241235;0.3993198992105807;3600;0.02850155137660068
Meta_198;226100;3004206.1070156824;0.38888888888888884;179175;469868.2338488272;0.39897999985654165;3600;0.04043861686281606
Meta_209;216989;0.0;0.4444444444444444;177294;231058.1909;0.44444269351263477;1;0.0
Meta_210;216989;0.0;0.5;177507;236975.1391;0.44711300198437814;0;0.0
Meta_199;226100;3004206.1070156824;0.4444444444444444;186772;754201.1641323671;0.4444445468595444;3600;0.0066285627759335285
Meta_201;216989;0.0;0.0;175751;299771.4419160639;0.3967780240829208;3600;0.014534258364552072
Meta_202;216989;0.0;0.05555555555555555;175759;300511.1385231918;0.39672041783549933;3600;0.012294452064576111
Meta_203;216989;0.0;0.1111111111111111;175944;305359.18001285894;0.3968959381851924;3600;0.014513110980082492
Meta_204;216989;0.0;0.16666666666666666;175874;303853.84424953355;0.39672410363469784;3600;0.014990989264165533
Meta_205;216989;0.0;0.2222222222222222;175824;300364.90465729346;0.39689243563219173;3600;0.017504970652593526
Meta_206;216989;0.0;0.2777777777777778;175944;306186.97634370753;0.3967177854689791;3600;0.0207736061494456
Meta_207;216989;0.0;0.3333333333333333;175896;303346.0554813083;0.39682497767908725;3600;0.025414686728059847
Meta_208;216989;0.0;0.38888888888888884;175733;298602.77251984493;0.39686281427822967;3600;0.03132759085018489
Meta_220;216989;333800.67855729803;0.5;180049;333810.07360000006;0.4616519284480507;0;0.0
Meta_211;216989;333800.67855729803;0.0;176718;338554.02735575504;0.39630834943366444;3600;0.008273162492730713
Meta_212;216989;333800.67855729803;0.05555555555555555;176669;335533.9451738765;0.39649126925871564;3600;0.008606853898353134
Meta_213;216989;333800.67855729803;0.1111111111111111;176729;338795.3528967011;0.39644453441351285;3600;0.008627648811826042
Meta_214;216989;333800.67855729803;0.16666666666666666;176908;343887.8325720107;0.39660517105598747;3600;0.012295274683117221
Meta_215;216989;333800.67855729803;0.2222222222222222;176787;338022.1346787214;0.39666456604347283;3600;0.010732485504243543
Meta_216;216989;333800.67855729803;0.2777777777777778;176912;342188.3432107609;0.39678975043294484;3600;0.017177784969470134
Meta_217;216989;333800.67855729803;0.3333333333333333;176770;336091.5149997465;0.3969973488367608;3600;0.018333331961450882
Meta_218;216989;333800.67855729803;0.38888888888888884;176816;338163.51347697247;0.396758761431023;3600;0.02470442430566353
Meta_219;216989;333800.67855729803;0.4444444444444444;179932;333798.0683708038;0.44444410633327314;3600;5.206080356839377E-4
Meta_230;216989;667601.3571145961;0.5;187102;667613.1305713498;0.48653182485233276;0;0.0
Meta_221;216989;667601.3571145961;0.0;179588;463982.6110130821;0.4001250976947726;3601;0.016977316137596038
Meta_222;216989;667601.3571145961;0.05555555555555555;179301;450883.4032690599;0.39942503577788596;3600;0.017493706197080426
Meta_223;216989;667601.3571145961;0.1111111111111111;179435;456445.0504178064;0.39969911555262233;3600;0.01782556331318227
Meta_224;216989;667601.3571145961;0.16666666666666666;179254;451197.4708104116;0.39916179289483605;3600;0.018780691816387363
Meta_225;216989;667601.3571145961;0.2222222222222222;179370;455879.7370339513;0.39948255434224583;3600;0.021419771359544367
Meta_226;216989;667601.3571145961;0.2777777777777778;179328;452460.09061761515;0.3994130329191474;3600;0.025430161079610453
Meta_227;216989;667601.3571145961;0.3333333333333333;179348;455208.8164569126;0.3995373739291507;3600;0.0315073163820789
Meta_228;216989;667601.3571145961;0.38888888888888884;179141;449055.8233966397;0.39900936088314465;3600;0.046969038405749515
Meta_229;216989;667601.3571145961;0.4444444444444444;186477;667593.9665446399;0.44444206513816376;3601;0.007478035170058521
Meta_240;216989;1001402.0356718941;0.5;189739;917133.6167576637;0.4951903932423163;0;0.0
Meta_231;216989;1001402.0356718941;0.0;179388;454810.4905919712;0.39956642671827425;3600;0.01743930674669989
Meta_232;216989;1001402.0356718941;0.05555555555555555;179298;453400.9493356359;0.3993277875786906;3601;0.01727630485021027
Meta_233;216989;1001402.0356718941;0.1111111111111111;179542;463886.6320176877;0.40002851653950006;3600;0.018304530194823657
Meta_234;216989;1001402.0356718941;0.16666666666666666;179301;454962.4853633968;0.3993392226333081;3600;0.019539827091454454
Meta_235;216989;1001402.0356718941;0.2222222222222222;179363;455049.7953978633;0.39955327400431495;3600;0.021984233901154317
Meta_236;216989;1001402.0356718941;0.2777777777777778;179366;454820.10513091256;0.3994851476679346;3600;0.025445598798500144
Meta_237;216989;1001402.0356718941;0.3333333333333333;179280;452650.88470526785;0.3994626512196632;3600;0.03355610252022817
Meta_238;216989;1001402.0356718941;0.38888888888888884;179215;451175.022211645;0.3991803935860103;3600;0.04781413149239296
Meta_239;216989;1001402.0356718941;0.4444444444444444;186771;713468.284985875;0.4444411749521702;3600;0.007149964428984044
Meta_250;216989;1335202.7142291921;0.5;189739;920784.3694576637;0.4955967325459318;0;0.0
Meta_241;216989;1335202.7142291921;0.0;179317;464149.50997961743;0.3993293964435208;3600;0.01743656808117319
Meta_242;216989;1335202.7142291921;0.05555555555555555;179301;462107.8748089073;0.39935384241873517;3600;0.017697269124361335
Meta_243;216989;1335202.7142291921;0.1111111111111111;179324;463947.140691522;0.3993455852856154;3600;0.01813440222877783
Meta_244;216989;1335202.7142291921;0.16666666666666666;179336;465447.76294356014;0.39939022600394136;3600;0.019880199431682746
Meta_245;216989;1335202.7142291921;0.2222222222222222;179505;473024.2346946415;0.39989967309157454;3600;0.02216866469719789
Meta_246;216989;1335202.7142291921;0.2777777777777778;179299;463555.4956783937;0.39932966520726076;3600;0.026184301609710973
Meta_247;216989;1335202.7142291921;0.3333333333333333;179294;473510.1893052384;0.39933903962271505;3600;0.03335534624701865
Meta_248;216989;1335202.7142291921;0.38888888888888884;179225;471265.55364810134;0.39908902375484356;3600;0.049064702515689035
Meta_249;216989;1335202.7142291921;0.4444444444444444;186770;753561.8958768515;0.44444458952075405;3600;0.008526247393784523
Meta_260;216989;1669003.3927864903;0.5;189739;920784.3694576637;0.4955967325459318;0;0.0
Meta_251;216989;1669003.3927864903;0.0;179317;464149.50997961743;0.3993293964435208;3600;0.017440747811346913
Meta_252;216989;1669003.3927864903;0.05555555555555555;179276;461151.8070631094;0.39928048514328923;3600;0.017662342813796528
Meta_253;216989;1669003.3927864903;0.1111111111111111;179324;463947.140691522;0.3993455852856154;3600;0.018136124758944754
Meta_254;216989;1669003.3927864903;0.16666666666666666;179336;465447.76294356014;0.39939022600394136;3600;0.0198803834042752
Meta_255;216989;1669003.3927864903;0.2222222222222222;179503;472884.6807946416;0.3998955874462574;3600;0.022175569046083022
Meta_256;216989;1669003.3927864903;0.2777777777777778;179299;463555.4956783937;0.39932966520726076;3600;0.02618542945647359
Meta_257;216989;1669003.3927864903;0.3333333333333333;179183;470625.6099209162;0.3989985332743692;3600;0.03299848489284064
Meta_258;216989;1669003.3927864903;0.38888888888888884;179225;471265.55364810134;0.39908902375484356;3600;0.049064750413635755
Meta_259;216989;1669003.3927864903;0.4444444444444444;186770;753561.8958768515;0.44444458952075405;3600;0.008530068679678966
Meta_270;216989;2002804.0713437882;0.5;189739;920784.3694576637;0.4955967325459318;0;0.0
Meta_261;216989;2002804.0713437882;0.0;179317;464149.50997961743;0.3993293964435208;3600;0.017440142771671108
Meta_262;216989;2002804.0713437882;0.05555555555555555;179276;461151.8070631094;0.39928048514328923;3600;0.017663913870245452
Meta_263;216989;2002804.0713437882;0.1111111111111111;179324;463947.140691522;0.3993455852856154;3600;0.018131010677862172
Meta_264;216989;2002804.0713437882;0.16666666666666666;179336;465447.76294356014;0.39939022600394136;3601;0.019880506265307924
Meta_265;216989;2002804.0713437882;0.2222222222222222;179505;473024.2346946415;0.39989967309157454;3600;0.022169970651248677
Meta_266;216989;2002804.0713437882;0.2777777777777778;179299;463555.4956783937;0.39932966520726076;3600;0.026186786693481925
Meta_267;216989;2002804.0713437882;0.3333333333333333;179183;470625.6099209162;0.3989985332743692;3600;0.03299773356662094
Meta_268;216989;2002804.0713437882;0.38888888888888884;179225;471265.55364810134;0.39908902375484356;3600;0.04906729407796385
Meta_269;216989;2002804.0713437882;0.4444444444444444;186770;753561.8958768515;0.44444458952075405;3600;0.008530194358856753
Meta_280;216989;2336604.749901086;0.5;189739;920784.3694576637;0.4955967325459318;0;0.0
Meta_271;216989;2336604.749901086;0.0;179317;464149.50997961743;0.3993293964435208;3600;0.017440581806078853
Meta_272;216989;2336604.749901086;0.05555555555555555;179276;461151.8070631094;0.39928048514328923;3600;0.01766530556663033
Meta_273;216989;2336604.749901086;0.1111111111111111;179324;463947.140691522;0.3993455852856154;3600;0.018134623232986403
Meta_274;216989;2336604.749901086;0.16666666666666666;179331;465448.1851435602;0.39937519359755314;3600;0.019868172708444126
Meta_275;216989;2336604.749901086;0.2222222222222222;179503;472884.6807946416;0.3998955874462574;3600;0.02217594214448192
Meta_276;216989;2336604.749901086;0.2777777777777778;179299;463555.4956783937;0.39932966520726076;3601;0.026186959043592004
Meta_277;216989;2336604.749901086;0.3333333333333333;179183;470625.6099209162;0.3989985332743692;3600;0.03299798560290502
Meta_278;216989;2336604.749901086;0.38888888888888884;179225;471265.55364810134;0.39908902375484356;3600;0.04906671139963499
Meta_279;216989;2336604.749901086;0.4444444444444444;186770;753561.8958768515;0.44444458952075405;3600;0.008530030373756423
Meta_290;216989;2670405.4284583842;0.5;189739;920784.3694576637;0.4955967325459318;0;0.0
Meta_281;216989;2670405.4284583842;0.0;179317;464149.50997961743;0.3993293964435208;3600;0.017439086692773515
Meta_282;216989;2670405.4284583842;0.05555555555555555;179276;461151.8070631094;0.39928048514328923;3600;0.01766466013473056
Meta_283;216989;2670405.4284583842;0.1111111111111111;179324;463947.140691522;0.3993455852856154;3600;0.018134906634561854
Meta_284;216989;2670405.4284583842;0.16666666666666666;179336;465447.76294356014;0.39939022600394136;3600;0.01987909405577204
Meta_285;216989;2670405.4284583842;0.2222222222222222;179506;472950.9480946415;0.39990144593921506;3600;0.02216404588420556
Meta_286;216989;2670405.4284583842;0.2777777777777778;179299;463555.4956783937;0.39932966520726076;3600;0.026186143269005077
Meta_287;216989;2670405.4284583842;0.3333333333333333;179183;470625.6099209162;0.3989985332743692;3600;0.03299872614503126
Meta_288;216989;2670405.4284583842;0.38888888888888884;179225;471265.55364810134;0.39908902375484356;3600;0.04906411433923791
Meta_289;216989;2670405.4284583842;0.4444444444444444;186770;753561.8958768515;0.44444458952075405;3600;0.008527715293157472
Meta_300;216989;3004206.1070156824;0.5;189739;920784.3694576637;0.4955967325459318;0;0.0
Meta_291;216989;3004206.1070156824;0.0;179317;464149.50997961743;0.3993293964435208;3600;0.01743865876490808
Meta_292;216989;3004206.1070156824;0.05555555555555555;179276;461151.8070631094;0.39928048514328923;3600;0.017663380372874512
Meta_293;216989;3004206.1070156824;0.1111111111111111;179324;463947.140691522;0.3993455852856154;3600;0.0181338817041212
Meta_294;216989;3004206.1070156824;0.16666666666666666;179336;465447.76294356014;0.39939022600394136;3600;0.019881240468239133
Meta_295;216989;3004206.1070156824;0.2222222222222222;179505;473024.2346946415;0.39989967309157454;3600;0.022170219481609004
Meta_296;216989;3004206.1070156824;0.2777777777777778;179299;463555.4956783937;0.39932966520726076;3600;0.026182339277387442
Meta_297;216989;3004206.1070156824;0.3333333333333333;179183;470625.6099209162;0.3989985332743692;3600;0.03299804489861187
Meta_298;216989;3004206.1070156824;0.38888888888888884;179225;471265.55364810134;0.39908902375484356;3600;0.0490673258130255
Meta_309;207878;0.0;0.4444444444444444;177294;231058.1909;0.44444269351263477;1;0.0
Meta_310;207878;0.0;0.5;177507;236975.1391;0.44711300198437814;0;0.0
Meta_299;216989;3004206.1070156824;0.4444444444444444;186770;753561.8958768515;0.44444458952075405;3600;0.008530030373756423
Meta_301;207878;0.0;0.0;175996;308267.24387720105;0.3966667827728662;3600;0.015356050680188521
Meta_302;207878;0.0;0.05555555555555555;176053;309077.1279141612;0.39676799541454855;3600;0.015944739134598755
Meta_303;207878;0.0;0.1111111111111111;175830;300786.9593373296;0.3968735173599165;3600;0.015608038177513456
Meta_304;207878;0.0;0.16666666666666666;175884;302837.40929703566;0.3968349653876917;3600;0.017677048413476486
Meta_305;207878;0.0;0.2222222222222222;175920;304306.12160642067;0.3967992974430571;3600;0.01954155699314501
Meta_306;207878;0.0;0.2777777777777778;175869;302971.7034916459;0.3967864856052318;3600;0.020005695537672466
Meta_307;207878;0.0;0.3333333333333333;175793;300392.8816038405;0.3968232477237116;3600;0.02933898271085096
Meta_308;207878;0.0;0.38888888888888884;175701;296642.8844018564;0.39694615924201154;3600;0.041159180448050614
Meta_320;207878;333800.67855729803;0.5;180049;333810.07360000006;0.4616519284480507;0;0.0
Meta_311;207878;333800.67855729803;0.0;176648;334724.4693958187;0.3965313733804828;3600;0.009520654233978661
Meta_312;207878;333800.67855729803;0.05555555555555555;176683;334556.38815382664;0.3966805945326642;3600;0.009651156497919637
Meta_313;207878;333800.67855729803;0.1111111111111111;176783;339871.76771059923;0.39650733826045254;3600;0.01229758902352319
Meta_314;207878;333800.67855729803;0.16666666666666666;176754;336529.6580098928;0.3966722049518094;3600;0.011199670619722265
Meta_315;207878;333800.67855729803;0.2222222222222222;176750;337986.97527676175;0.3966964490639256;3600;0.016129966061278332
Meta_316;207878;333800.67855729803;0.2777777777777778;176780;340597.8220989166;0.3964955939365595;3600;0.01528450726299706
Meta_317;207878;333800.67855729803;0.3333333333333333;176729;335352.9924579765;0.3967194395907664;3600;0.018146560694413862
Meta_318;207878;333800.67855729803;0.38888888888888884;176623;333796.60331862036;0.39645598268298077;3600;0.026552389839362606
Meta_319;207878;333800.67855729803;0.4444444444444444;179932;333800.6003296223;0.4444446534651099;3600;6.819590353684403E-4
Meta_330;207878;667601.3571145961;0.5;187102;667613.1305713498;0.48653182485233276;0;0.0
Meta_321;207878;667601.3571145961;0.0;179478;463340.3713692486;0.39985725044075504;3600;0.01862286918694924
Meta_322;207878;667601.3571145961;0.05555555555555555;179464;457655.9061195279;0.39978453921502;3600;0.018061743538226267
Meta_323;207878;667601.3571145961;0.1111111111111111;179477;460525.1236959519;0.3997957302243948;3601;0.01939955261735694
Meta_324;207878;667601.3571145961;0.16666666666666666;179513;461272.9142116381;0.39993552808672134;3600;0.021484727232401166
Meta_325;207878;667601.3571145961;0.2222222222222222;179311;451737.22831176966;0.39943396591183244;3600;0.024128306975097234
Meta_326;207878;667601.3571145961;0.2777777777777778;179434;457916.6367424129;0.3997104320358959;3600;0.02920097106879896
Meta_327;207878;667601.3571145961;0.3333333333333333;179368;456347.3977264491;0.39955840227380934;3600;0.036234531982555086
Meta_328;207878;667601.3571145961;0.38888888888888884;179113;444276.7771870819;0.3988988042000112;3600;0.06193245007639562
Meta_329;207878;667601.3571145961;0.4444444444444444;186473;667567.5625740885;0.4444436347558402;3600;0.01016841426686896
Meta_340;207878;1001402.0356718941;0.5;189739;917133.6167576637;0.4951903932423163;0;0.0
Meta_331;207878;1001402.0356718941;0.0;179317;453552.8870959748;0.3993236453872583;3601;0.01864794260123342
Meta_332;207878;1001402.0356718941;0.05555555555555555;179312;453400.0816978987;0.39932323873391806;3600;0.018603939507615293
Meta_333;207878;1001402.0356718941;0.1111111111111111;179349;455673.71924522426;0.3994537716167487;3600;0.019684935873451884
Meta_334;207878;1001402.0356718941;0.16666666666666666;179306;453782.5428706453;0.39932104227816934;3600;0.021266744936614145
Meta_335;207878;1001402.0356718941;0.2222222222222222;179455;461192.73912613495;0.399793321017143;3600;0.023836538941693266
Meta_336;207878;1001402.0356718941;0.2777777777777778;179289;452349.1174569024;0.3994889664173979;3600;0.029317737589921292
Meta_337;207878;1001402.0356718941;0.3333333333333333;179182;449643.8641389784;0.39905285001055313;3600;0.03765014724234302
Meta_338;207878;1001402.0356718941;0.38888888888888884;179164;446885.3595129403;0.39899363520229086;3600;0.060407152258701136
Meta_339;207878;1001402.0356718941;0.4444444444444444;186774;713517.5239241208;0.4444458338869377;3600;0.00851519333015712
Meta_350;207878;1335202.7142291921;0.5;189739;920784.3694576637;0.4955967325459318;0;1.8091681403796452E-16
Meta_341;207878;1335202.7142291921;0.0;179354;467311.2154031859;0.3994363119302854;3600;0.018470336367738854
Meta_342;207878;1335202.7142291921;0.05555555555555555;179253;463106.9826969937;0.3992464371562342;3600;0.019279515150263594
Meta_343;207878;1335202.7142291921;0.1111111111111111;179406;467785.52866350854;0.399596776469576;3600;0.019805515791758863
Meta_344;207878;1335202.7142291921;0.16666666666666666;179337;464362.2359956694;0.3994495504861012;3600;0.021889402055973707
Meta_345;207878;1335202.7142291921;0.2222222222222222;179384;466243.89495368686;0.39954181859337495;3600;0.0241549847581224
Meta_346;207878;1335202.7142291921;0.2777777777777778;179457;469738.79886218417;0.3997417424516486;3600;0.02938434345581072
Meta_347;207878;1335202.7142291921;0.3333333333333333;179200;470415.87013901095;0.3990460300099051;3600;0.03901543431413992
Meta_348;207878;1335202.7142291921;0.38888888888888884;179263;472793.02823662106;0.39922449089271406;3600;0.06180993981333004
Meta_349;207878;1335202.7142291921;0.4444444444444444;186773;755072.7744459695;0.44444443812797424;3600;0.011565084086556635
Meta_360;207878;1669003.3927864903;0.5;189739;920784.3694576637;0.4955967325459318;0;1.8091681403796452E-16
Meta_351;207878;1669003.3927864903;0.0;179343;466737.46500318596;0.39940927512906327;3600;0.01847308365297681
Meta_352;207878;1669003.3927864903;0.05555555555555555;179426;469890.8718376511;0.39966042097983623;3600;0.01919678917904194
Meta_353;207878;1669003.3927864903;0.1111111111111111;179406;467785.52866350854;0.399596776469576;3600;0.019804864237354475
Meta_354;207878;1669003.3927864903;0.16666666666666666;179380;467957.4953116906;0.3995644608802442;3600;0.02190513317359914
Meta_355;207878;1669003.3927864903;0.2222222222222222;179363;465799.7823180015;0.39946376005195855;3600;0.02403898639000877
Meta_356;207878;1669003.3927864903;0.2777777777777778;179457;469738.79886218417;0.3997417424516486;3600;0.02938250157373139
Meta_357;207878;1669003.3927864903;0.3333333333333333;179229;471981.6234553992;0.39911712131301263;3600;0.039000418128582105
Meta_358;207878;1669003.3927864903;0.38888888888888884;179282;473138.70458559867;0.3992867082371504;3600;0.062031050893414985
Meta_359;207878;1669003.3927864903;0.4444444444444444;186773;755072.7744459695;0.44444443812797424;3600;0.011561608049918501
Meta_370;207878;2002804.0713437882;0.5;189739;920784.3694576637;0.4955967325459318;0;1.8091681403796452E-16
Meta_361;207878;2002804.0713437882;0.0;179343;466737.46500318596;0.39940927512906327;3600;0.01847404420341898
Meta_362;207878;2002804.0713437882;0.05555555555555555;179426;469890.8718376511;0.39966042097983623;3600;0.019195346986486016
Meta_363;207878;2002804.0713437882;0.1111111111111111;179406;467785.52866350854;0.399596776469576;3600;0.01980567769787023
Meta_364;207878;2002804.0713437882;0.16666666666666666;179380;467957.4953116906;0.3995644608802442;3600;0.021905138182509463
Meta_365;207878;2002804.0713437882;0.2222222222222222;179363;465799.7823180015;0.39946376005195855;3600;0.024036996270850125
Meta_366;207878;2002804.0713437882;0.2777777777777778;179457;469738.79886218417;0.3997417424516486;3600;0.029381779587984314
Meta_367;207878;2002804.0713437882;0.3333333333333333;179229;471981.6234553992;0.39911712131301263;3600;0.03900185281115166
Meta_368;207878;2002804.0713437882;0.38888888888888884;179282;473138.70458559867;0.3992867082371504;3600;0.06202217850505317
Meta_369;207878;2002804.0713437882;0.4444444444444444;186773;755072.7744459695;0.44444443812797424;3600;0.011566804223816477
Meta_380;207878;2336604.749901086;0.5;189739;920784.3694576637;0.4955967325459318;0;1.8091681403796452E-16
Meta_371;207878;2336604.749901086;0.0;179343;466737.46500318596;0.39940927512906327;3600;0.018473350820179733
Meta_372;207878;2336604.749901086;0.05555555555555555;179426;469890.8718376511;0.39966042097983623;3600;0.019197878128084166
Meta_373;207878;2336604.749901086;0.1111111111111111;179406;467785.52866350854;0.399596776469576;3600;0.019805816352988767
Meta_374;207878;2336604.749901086;0.16666666666666666;179380;467957.4953116906;0.3995644608802442;3600;0.02190916767944594
Meta_375;207878;2336604.749901086;0.2222222222222222;179363;465799.7823180015;0.39946376005195855;3600;0.0240333965305921
Meta_376;207878;2336604.749901086;0.2777777777777778;179457;469738.79886218417;0.3997417424516486;3600;0.02938355231648317
Meta_377;207878;2336604.749901086;0.3333333333333333;179229;471981.6234553992;0.39911712131301263;3600;0.03900157552090306
Meta_378;207878;2336604.749901086;0.38888888888888884;179282;473138.70458559867;0.3992867082371504;3600;0.06203010813826555
Meta_379;207878;2336604.749901086;0.4444444444444444;186773;755072.7744459695;0.44444443812797424;3600;0.011563214764216127
Meta_390;207878;2670405.4284583842;0.5;189739;920784.3694576637;0.4955967325459318;0;1.8091681403796452E-16
Meta_381;207878;2670405.4284583842;0.0;179343;466737.46500318596;0.39940927512906327;3600;0.01847278112471555
Meta_382;207878;2670405.4284583842;0.05555555555555555;179426;469890.8718376511;0.39966042097983623;3600;0.01919503215585438
Meta_383;207878;2670405.4284583842;0.1111111111111111;179406;467785.52866350854;0.399596776469576;3600;0.019807599828215162
Meta_384;207878;2670405.4284583842;0.16666666666666666;179380;467957.4953116906;0.3995644608802442;3600;0.021908940050450926
Meta_385;207878;2670405.4284583842;0.2222222222222222;179363;465799.7823180015;0.39946376005195855;3600;0.024037351255099787
Meta_386;207878;2670405.4284583842;0.2777777777777778;179457;469738.79886218417;0.3997417424516486;3601;0.02938383360311475
Meta_387;207878;2670405.4284583842;0.3333333333333333;179231;471958.8172553991;0.39911876250342754;3600;0.03896862940313121
Meta_388;207878;2670405.4284583842;0.38888888888888884;179282;473138.70458559867;0.3992867082371504;3600;0.0620278800502873
Meta_389;207878;2670405.4284583842;0.4444444444444444;186773;755072.7744459695;0.44444443812797424;3600;0.011563214764216127
Meta_400;207878;3004206.1070156824;0.5;189739;920784.3694576637;0.4955967325459318;0;1.8091681403796452E-16
Meta_391;207878;3004206.1070156824;0.0;179343;466737.46500318596;0.39940927512906327;3600;0.01847238120413606
Meta_392;207878;3004206.1070156824;0.05555555555555555;179426;469890.8718376511;0.39966042097983623;3600;0.019197466636387602
Meta_393;207878;3004206.1070156824;0.1111111111111111;179406;467785.52866350854;0.399596776469576;3600;0.019806900221180458
Meta_394;207878;3004206.1070156824;0.16666666666666666;179380;467957.4953116906;0.3995644608802442;3600;0.021910100329373693
Meta_395;207878;3004206.1070156824;0.2222222222222222;179363;465799.7823180015;0.39946376005195855;3600;0.024037272700662957
Meta_396;207878;3004206.1070156824;0.2777777777777778;179457;469738.79886218417;0.3997417424516486;3600;0.02938434345581072
Meta_397;207878;3004206.1070156824;0.3333333333333333;179231;471958.8172553991;0.39911876250342754;3601;0.03897344537667834
Meta_398;207878;3004206.1070156824;0.38888888888888884;179282;473138.70458559867;0.3992867082371504;3600;0.062011746150827135
Meta_409;198767;0.0;0.4444444444444444;177301;231260.3227;0.4444451762932888;1;0.0
Meta_410;198767;0.0;0.5;177507;236975.1391;0.44711300198437814;0;0.0
Meta_399;207878;3004206.1070156824;0.4444444444444444;186773;755072.7744459695;0.44444443812797424;3600;0.011561608049918501
Meta_401;198767;0.0;0.0;175820;301543.80022147764;0.39679755392595784;3600;0.016959161822045998
Meta_402;198767;0.0;0.05555555555555555;175957;305790.4703342621;0.39677006705304546;3600;0.0163861290864877
Meta_403;198767;0.0;0.1111111111111111;176000;308273.3697782698;0.3966739013498455;3600;0.017490059930618685
Meta_404;198767;0.0;0.16666666666666666;176115;312270.90818833176;0.39667738899083027;3600;0.018668738947024
Meta_405;198767;0.0;0.2222222222222222;176007;307994.9838200152;0.39671002977384506;3600;0.020770193005709495
Meta_406;198767;0.0;0.2777777777777778;175890;304171.513598902;0.3967347596046915;3600;0.02461540375027266
Meta_407;198767;0.0;0.3333333333333333;175694;296912.4558504598;0.396898894222718;3600;0.03332570927652748
Meta_408;198767;0.0;0.38888888888888884;176037;309819.5185436473;0.39664316564725327;3600;0.047543859461986714
Meta_420;198767;333800.67855729803;0.5;180049;333810.07360000006;0.4616519284480507;0;0.0
Meta_411;198767;333800.67855729803;0.0;176647;333986.0014875543;0.3966044585647189;3602;0.010299354462917127
Meta_412;198767;333800.67855729803;0.05555555555555555;176861;337941.3469895821;0.3969318931748644;3600;0.01105675807075946
Meta_413;198767;333800.67855729803;0.1111111111111111;176626;333806.0090501908;0.3966352449047245;3600;0.011468224093728685
Meta_414;198767;333800.67855729803;0.16666666666666666;176903;343929.8243319209;0.39653258181504664;3600;0.014743717578375035
Meta_415;198767;333800.67855729803;0.2222222222222222;176653;333881.5419839499;0.3965222620241672;3600;0.012873210072096807
Meta_416;198767;333800.67855729803;0.2777777777777778;176680;333782.31028383673;0.39676088824010325;3600;0.015744438376477113
Meta_417;198767;333800.67855729803;0.3333333333333333;176742;336971.61915737536;0.3967244862006284;3600;0.02329013330136371
Meta_418;198767;333800.67855729803;0.38888888888888884;176828;339223.65016912913;0.39667136401245207;3600;0.04086411652805907
Meta_419;198767;333800.67855729803;0.4444444444444444;179932;333799.08470889926;0.4444432071287488;3600;8.201209890112383E-4
Meta_430;198767;667601.3571145961;0.5;187102;667613.1305713498;0.48653182485233276;0;0.0
Meta_421;198767;667601.3571145961;0.0;179449;460795.8358324423;0.39981675022021185;3600;0.020471155102019297
Meta_422;198767;667601.3571145961;0.05555555555555555;179617;463854.19514520763;0.40021378345819736;3600;0.020756929364865017
Meta_423;198767;667601.3571145961;0.1111111111111111;179452;459588.09859191475;0.3997497026633975;3600;0.02163395433576173
Meta_424;198767;667601.3571145961;0.16666666666666666;179431;459136.55893929437;0.39968143705589776;3600;0.02357401104777095
Meta_425;198767;667601.3571145961;0.2222222222222222;179345;455447.37003510597;0.39941063894598283;3600;0.0264125106886529
Meta_426;198767;667601.3571145961;0.2777777777777778;179381;456921.94709371467;0.3995151066667747;3600;0.03246187908853739
Meta_427;198767;667601.3571145961;0.3333333333333333;179204;448394.78640736104;0.39920433440242137;3600;0.047204467116715644
Meta_428;198767;667601.3571145961;0.38888888888888884;179332;453378.14994918375;0.3994150157279883;3600;0.08409247360853404
Meta_429;198767;667601.3571145961;0.4444444444444444;186466;667514.7336120284;0.44444424242239916;3600;0.01818580584405093
Meta_440;198767;1001402.0356718941;0.5;189739;917133.6167576637;0.4951903932423163;0;0.0
Meta_431;198767;1001402.0356718941;0.0;179409;455712.2429000545;0.39963809969350983;3600;0.020442019073380363
Meta_432;198767;1001402.0356718941;0.05555555555555555;179374;456799.12593283464;0.39948844573158676;3600;0.020496119049184646
Meta_433;198767;1001402.0356718941;0.1111111111111111;179484;461341.1063645299;0.3998483617184385;3600;0.022367509216008177
Meta_434;198767;1001402.0356718941;0.16666666666666666;179341;454971.22107184626;0.39944791636866495;3600;0.023024738060288843
Meta_435;198767;1001402.0356718941;0.2222222222222222;179536;464340.1484985025;0.40005139000660833;3600;0.027872880550583796
Meta_436;198767;1001402.0356718941;0.2777777777777778;179388;456049.1617859766;0.3995710314081793;3601;0.03366083512719169
Meta_437;198767;1001402.0356718941;0.3333333333333333;179012;442176.0529572481;0.3986215231516939;3600;0.04574128886509763
Meta_438;198767;1001402.0356718941;0.38888888888888884;179206;448359.94931655563;0.39904001484110935;3600;0.08572993246619602
Meta_439;198767;1001402.0356718941;0.4444444444444444;186775;714190.0937355526;0.4444466736457413;3600;0.016135187011446134
Meta_450;198767;1335202.7142291921;0.5;189739;920784.3694576637;0.4955967325459318;0;0.0
Meta_441;198767;1335202.7142291921;0.0;179362;464651.53053133684;0.3994616028073743;3600;0.020037125150248934
Meta_442;198767;1335202.7142291921;0.05555555555555555;179432;468297.8498366261;0.39967238009536055;3600;0.020976068541181513
Meta_443;198767;1335202.7142291921;0.1111111111111111;179471;470021.2860003754;0.3997745452919474;3600;0.022367968900159577
Meta_444;198767;1335202.7142291921;0.16666666666666666;179433;470355.45773203415;0.399696450156995;3600;0.024069553066537266
Meta_445;198767;1335202.7142291921;0.2222222222222222;179479;469859.037613183;0.3997996683927045;3600;0.027564285954057185
Meta_446;198767;1335202.7142291921;0.2777777777777778;179292;463887.4066047705;0.3992562477042573;3600;0.034232827129238
Meta_447;198767;1335202.7142291921;0.3333333333333333;179277;473375.9620949795;0.3993569255505196;3600;0.045700320353588834
Meta_448;198767;1335202.7142291921;0.38888888888888884;179230;471716.180515572;0.3991207265894605;3600;0.08772470383601548
Meta_449;198767;1335202.7142291921;0.4444444444444444;186775;754715.6518098763;0.44444631824771946;3600;0.021543087087341678
Meta_460;198767;1669003.3927864903;0.5;189739;920784.3694576637;0.4955967325459318;0;0.0
Meta_451;198767;1669003.3927864903;0.0;179362;464651.53053133684;0.3994616028073743;3600;0.020036075669357473
Meta_452;198767;1669003.3927864903;0.05555555555555555;179410;467445.7184849046;0.3996058210202881;3600;0.020937481476556514
Meta_453;198767;1669003.3927864903;0.1111111111111111;179471;470021.2860003754;0.3997745452919474;3600;0.022371606115829386
Meta_454;198767;1669003.3927864903;0.16666666666666666;179372;466124.9915771556;0.3995440160573256;3600;0.024083055818916642
Meta_455;198767;1669003.3927864903;0.2222222222222222;179479;469859.037613183;0.3997996683927045;3600;0.027561500002687228
Meta_456;198767;1669003.3927864903;0.2777777777777778;179292;463887.4066047705;0.3992562477042573;3600;0.03423586775188504
Meta_457;198767;1669003.3927864903;0.3333333333333333;179223;472751.9279548656;0.39919925748782065;3600;0.0455336622077552
Meta_458;198767;1669003.3927864903;0.38888888888888884;179230;471730.22730569495;0.39912171668001395;3600;0.08773877931498081
Meta_459;198767;1669003.3927864903;0.4444444444444444;186775;754829.5428667364;0.4444430721316543;3600;0.021576771990585542
Meta_470;198767;2002804.0713437882;0.5;189739;920784.3694576637;0.4955967325459318;0;0.0
Meta_461;198767;2002804.0713437882;0.0;179362;464651.53053133684;0.3994616028073743;3600;0.02003641725564591
Meta_462;198767;2002804.0713437882;0.05555555555555555;179410;467445.7184849046;0.3996058210202881;3600;0.020937514247754793
Meta_463;198767;2002804.0713437882;0.1111111111111111;179471;470047.6798003754;0.3997746387711657;3600;0.022372787850993843
Meta_464;198767;2002804.0713437882;0.16666666666666666;179372;466124.9915771556;0.3995440160573256;3601;0.02408177113153699
Meta_465;198767;2002804.0713437882;0.2222222222222222;179479;469859.037613183;0.3997996683927045;3600;0.02755977747290791
Meta_466;198767;2002804.0713437882;0.2777777777777778;179292;463887.4066047705;0.3992562477042573;3600;0.03423311505392839
Meta_467;198767;2002804.0713437882;0.3333333333333333;179223;472751.9279548656;0.39919925748782065;3600;0.045530093982325354
Meta_468;198767;2002804.0713437882;0.38888888888888884;179230;471730.22730569495;0.39912171668001395;3600;0.08773741706225104
Meta_469;198767;2002804.0713437882;0.4444444444444444;186775;754829.5428667364;0.4444430721316543;3600;0.02157707824022062
Meta_480;198767;2336604.749901086;0.5;189739;920784.3694576637;0.4955967325459318;0;0.0
Meta_471;198767;2336604.749901086;0.0;179362;464651.53053133684;0.3994616028073743;3600;0.020036362700405864
Meta_472;198767;2336604.749901086;0.05555555555555555;179410;467445.7184849046;0.3996058210202881;3600;0.020937854106909695
Meta_473;198767;2336604.749901086;0.1111111111111111;179471;470047.6798003754;0.3997746387711657;3600;0.022375856383518637
Meta_474;198767;2336604.749901086;0.16666666666666666;179372;466124.9915771556;0.3995440160573256;3600;0.024082117591789413
Meta_475;198767;2336604.749901086;0.2222222222222222;179479;469859.037613183;0.3997996683927045;3600;0.02756268421021905
Meta_476;198767;2336604.749901086;0.2777777777777778;179292;463887.4066047705;0.3992562477042573;3600;0.03423269859702305
Meta_477;198767;2336604.749901086;0.3333333333333333;179223;472751.9279548656;0.39919925748782065;3600;0.045528633109234586
Meta_478;198767;2336604.749901086;0.38888888888888884;179230;471730.22730569495;0.39912171668001395;3600;0.08773526262415537
Meta_479;198767;2336604.749901086;0.4444444444444444;186775;754829.5428667364;0.4444430721316543;3601;0.02157809674638951
Meta_490;198767;2670405.4284583842;0.5;189739;920784.3694576637;0.4955967325459318;0;0.0
Meta_481;198767;2670405.4284583842;0.0;179362;464651.53053133684;0.3994616028073743;3600;0.020035478776960092
Meta_482;198767;2670405.4284583842;0.05555555555555555;179410;467445.7184849046;0.3996058210202881;3600;0.020938690563414804
Meta_483;198767;2670405.4284583842;0.1111111111111111;179471;470047.6798003754;0.3997746387711657;3600;0.022374512937617403
Meta_484;198767;2670405.4284583842;0.16666666666666666;179372;466124.9915771556;0.3995440160573256;3600;0.024083032663835952
Meta_485;198767;2670405.4284583842;0.2222222222222222;179479;469859.037613183;0.3997996683927045;3600;0.02756555104837217
Meta_486;198767;2670405.4284583842;0.2777777777777778;179292;463887.4066047705;0.3992562477042573;3600;0.03423231375910449
Meta_487;198767;2670405.4284583842;0.3333333333333333;179223;472751.9279548656;0.39919925748782065;3600;0.04551916433701737
Meta_488;198767;2670405.4284583842;0.38888888888888884;179230;471730.22730569495;0.39912171668001395;3600;0.08773576454109695
Meta_489;198767;2670405.4284583842;0.4444444444444444;186775;754829.5428667364;0.4444430721316543;3600;0.021569248004415165
Meta_500;198767;3004206.1070156824;0.5;189739;920784.3694576637;0.4955967325459318;0;0.0
Meta_491;198767;3004206.1070156824;0.0;179362;464651.53053133684;0.3994616028073743;3600;0.020034833078810318
Meta_492;198767;3004206.1070156824;0.05555555555555555;179410;467445.7184849046;0.3996058210202881;3600;0.0209379675892872
Meta_493;198767;3004206.1070156824;0.1111111111111111;179471;470047.6798003754;0.3997746387711657;3600;0.02237458562014944
Meta_494;198767;3004206.1070156824;0.16666666666666666;179372;466124.9915771556;0.3995440160573256;3601;0.024082117591789413
Meta_495;198767;3004206.1070156824;0.2222222222222222;179479;469859.037613183;0.3997996683927045;3600;0.027566046446780828
Meta_496;198767;3004206.1070156824;0.2777777777777778;179292;463887.4066047705;0.3992562477042573;3600;0.034234980244664585
Meta_497;198767;3004206.1070156824;0.3333333333333333;179223;472751.9279548656;0.39919925748782065;3600;0.04553614411553828
Meta_498;198767;3004206.1070156824;0.38888888888888884;179230;471730.22730569495;0.39912171668001395;3600;0.08772957818204052
Meta_509;189655;0.0;0.4444444444444444;177294;231058.1909;0.44444269351263477;0;0.0
Meta_510;189655;0.0;0.5;177507;236975.1391;0.44711300198437814;0;1.613007774928789E-16
Meta_499;198767;3004206.1070156824;0.4444444444444444;186775;754829.5428667364;0.4444430721316543;3600;0.02157750287758902
Meta_501;189655;0.0;0.0;175829;302051.15279707644;0.39676904662743745;3600;0.012642614566677387
Meta_502;189655;0.0;0.05555555555555555;175848;301781.45527986914;0.39682673812494296;3600;0.013491374209924738
Meta_503;189655;0.0;0.1111111111111111;175792;300733.0983182532;0.39677821649976636;3600;0.013000016574618113
Meta_504;189655;0.0;0.16666666666666666;175764;299161.1252575395;0.3968409428639562;3600;0.014541197292155316
Meta_505;189655;0.0;0.2222222222222222;175838;302423.00790727325;0.3968103413578796;3600;0.017182004348758374
Meta_506;189655;0.0;0.2777777777777778;175808;300508.3157457719;0.3968388915736024;3600;0.020658264140491954
Meta_507;189655;0.0;0.3333333333333333;175856;301177.3085479084;0.396908772379063;3600;0.02812247184022026
Meta_508;189655;0.0;0.38888888888888884;176051;309007.69888551114;0.39678808865995424;3600;0.06887886626117311
Meta_520;189655;333800.67855729803;0.5;180049;333810.07360000006;0.4616519284480507;0;0.0
Meta_511;189655;333800.67855729803;0.0;176643;335661.02974301705;0.3963566901325387;3600;0.010456415606326328
Meta_512;189655;333800.67855729803;0.05555555555555555;176635;334144.1862266746;0.39663028442533965;3600;0.014156305851495417
Meta_513;189655;333800.67855729803;0.1111111111111111;176611;333806.5811615719;0.39675893359627235;3600;0.015891761456840868
Meta_514;189655;333800.67855729803;0.16666666666666666;176591;335563.77537741186;0.39633192545718515;3600;0.015828058792149404
Meta_515;189655;333800.67855729803;0.2222222222222222;176825;333789.1244016786;0.39712803256850804;3600;0.01974940818283879
Meta_516;189655;333800.67855729803;0.2777777777777778;176568;334772.06656110886;0.39636350815948485;3600;0.025776027556255784
Meta_517;189655;333800.67855729803;0.3333333333333333;176404;333866.10827853146;0.3960421725318858;3600;0.027408563674082242
Meta_518;189655;333800.67855729803;0.38888888888888884;176714;334472.55533062696;0.3967090827151345;3600;0.05879935237878491
Meta_519;189655;333800.67855729803;0.4444444444444444;179932;333800.4418237149;0.44444257743817506;3600;8.852197230052479E-4
Meta_530;189655;667601.3571145961;0.5;187102;667613.1305713498;0.48653182485233276;0;0.0
Meta_521;189655;667601.3571145961;0.0;179236;451435.57761557214;0.39910140307166264;3600;0.021731289551426
Meta_522;189655;667601.3571145961;0.05555555555555555;179115;447781.44463951024;0.3987949400763427;3600;0.022206896654573677
Meta_523;189655;667601.3571145961;0.1111111111111111;179197;449169.8072130004;0.39910589205708435;3600;0.023734794432837762
Meta_524;189655;667601.3571145961;0.16666666666666666;179228;450867.53621479345;0.3990838447593039;3600;0.026165064207932066
Meta_525;189655;667601.3571145961;0.2222222222222222;179201;450237.8420360111;0.3990126512878035;3600;0.030554793644512645
Meta_526;189655;667601.3571145961;0.2777777777777778;179202;451520.9624821311;0.3990252131313593;3600;0.03835535871373626
Meta_527;189655;667601.3571145961;0.3333333333333333;179100;445195.1483098923;0.3989623003732682;3600;0.058624604356084055
Meta_528;189655;667601.3571145961;0.38888888888888884;179173;447251.4808609754;0.39907260251007837;3600;0.1347798690092329
Meta_529;189655;667601.3571145961;0.4444444444444444;186475;667597.7091792864;0.44444475646703757;3600;0.07083787399474194
Meta_540;189655;1001402.0356718941;0.5;189655;883879.5877432447;0.49355457786555323;0;0.0
Meta_531;189655;1001402.0356718941;0.0;179255;451867.5434188252;0.399153355652356;3600;0.021933535164665306
Meta_532;189655;1001402.0356718941;0.05555555555555555;179188;449206.65187978477;0.39897547024332264;3600;0.02197936879336454
Meta_533;189655;1001402.0356718941;0.1111111111111111;179197;450555.5160931248;0.3990062754585011;3600;0.02354395810261165
Meta_534;189655;1001402.0356718941;0.16666666666666666;179080;445192.8594190472;0.3987599908482557;3600;0.02633014268589008
Meta_535;189655;1001402.0356718941;0.2222222222222222;179226;450625.09268213116;0.3990738787144692;3601;0.030953951189620715
Meta_536;189655;1001402.0356718941;0.2777777777777778;179346;451501.31832280796;0.3995221074059934;3600;0.039493750840385415
Meta_537;189655;1001402.0356718941;0.3333333333333333;179158;450422.2678384538;0.3991306211865505;3600;0.05886490620126038
Meta_538;189655;1001402.0356718941;0.38888888888888884;179500;461616.9331694514;0.4000886077249783;3600;0.1374394836492295
Meta_539;189655;1001402.0356718941;0.4444444444444444;186769;713854.7935313295;0.44444556284892983;3600;0.06897247603568242
Meta_550;189655;1335202.7142291921;0.5;189655;894875.281128408;0.4948167913662142;0;0.0
Meta_541;189655;1335202.7142291921;0.0;179284;488790.11963158293;0.3992316813714416;3600;0.02179420007427696
Meta_542;189655;1335202.7142291921;0.05555555555555555;179230;486458.1246648246;0.3991131026601755;3600;0.023043413217193217
Meta_543;189655;1335202.7142291921;0.1111111111111111;179191;484418.4706994106;0.39898633836733427;3600;0.023429965068601333
Meta_544;189655;1335202.7142291921;0.16666666666666666;179210;485297.78737988294;0.39903492132044266;3600;0.026799413053446082
Meta_545;189655;1335202.7142291921;0.2222222222222222;179024;478752.9242281026;0.39878381875878893;3600;0.032111632690287925
Meta_546;189655;1335202.7142291921;0.2777777777777778;179239;488322.09301703284;0.39913113439253844;3600;0.038874649639520524
Meta_547;189655;1335202.7142291921;0.3333333333333333;179223;477941.6447055015;0.39916585283908934;3600;0.058748948303038846
Meta_548;189655;1335202.7142291921;0.38888888888888884;179199;476630.51791602274;0.3990688213404137;3600;0.13755394227758522
Meta_549;189655;1335202.7142291921;0.4444444444444444;186773;766802.0983936673;0.44444463059259454;3600;0.07423923541679506
Meta_560;189655;1669003.3927864903;0.5;189655;894875.281128408;0.4948167913662142;0;0.0
Meta_551;189655;1669003.3927864903;0.0;179284;488790.11963158293;0.3992316813714416;3600;0.021795364332606388
Meta_552;189655;1669003.3927864903;0.05555555555555555;179189;484809.4345895335;0.3989790343043325;3600;0.022910550391308272
Meta_553;189655;1669003.3927864903;0.1111111111111111;179185;484311.0999043491;0.3989701204944627;3600;0.02341831741534085
Meta_554;189655;1669003.3927864903;0.16666666666666666;179209;484876.25929706416;0.3990314809382713;3601;0.026801020025259328
Meta_555;189655;1669003.3927864903;0.2222222222222222;179027;479002.209613533;0.3987900211936512;3600;0.03210080664455659
Meta_556;189655;1669003.3927864903;0.2777777777777778;179212;486358.3813269097;0.3990417415886907;3600;0.03873807102906226
Meta_557;189655;1669003.3927864903;0.3333333333333333;179212;478640.7626781764;0.39913499560604326;3600;0.0587008076350798
Meta_558;189655;1669003.3927864903;0.38888888888888884;179447;485206.53542917577;0.3997778389558627;3600;0.13948206856662243
Meta_559;189655;1669003.3927864903;0.4444444444444444;186773;766802.0983936673;0.44444463059259454;3600;0.07424141823580518
Meta_570;189655;2002804.0713437882;0.5;189655;894875.281128408;0.4948167913662142;0;0.0
Meta_561;189655;2002804.0713437882;0.0;179279;488344.8381975052;0.39921819142033016;3600;0.021789612413137528
Meta_562;189655;2002804.0713437882;0.05555555555555555;179189;484813.3405895335;0.3989788356600957;3600;0.022909003167711925
Meta_563;189655;2002804.0713437882;0.1111111111111111;179185;484311.0999043491;0.3989701204944627;3600;0.023419751425824444
Meta_564;189655;2002804.0713437882;0.16666666666666666;179209;484910.4931970642;0.39903150994962105;3600;0.026801579972148267
Meta_565;189655;2002804.0713437882;0.2222222222222222;179027;479002.209613533;0.3987900211936512;3600;0.03210571680767363
Meta_566;189655;2002804.0713437882;0.2777777777777778;179212;486358.3813269097;0.3990417415886907;3600;0.03873690780415927
Meta_567;189655;2002804.0713437882;0.3333333333333333;179212;478640.7626781764;0.39913499560604326;3600;0.058704859531772624
Meta_568;189655;2002804.0713437882;0.38888888888888884;179447;485206.53542917577;0.3997778389558627;3600;0.13947301564924416
Meta_569;189655;2002804.0713437882;0.4444444444444444;186773;766802.0983936673;0.44444463059259454;3600;0.07423505580265954
Meta_580;189655;2336604.749901086;0.5;189655;894875.281128408;0.4948167913662142;0;0.0
Meta_571;189655;2336604.749901086;0.0;179284;488790.11963158293;0.3992316813714416;3600;0.02179444260881691
Meta_572;189655;2336604.749901086;0.05555555555555555;179189;484813.3405895335;0.3989788356600957;3600;0.022909157499020557
Meta_573;189655;2336604.749901086;0.1111111111111111;179185;484311.0999043491;0.3989701204944627;3600;0.023421690030900836
Meta_574;189655;2336604.749901086;0.16666666666666666;179209;484876.25929706416;0.3990314809382713;3600;0.026801020025259328
Meta_575;189655;2336604.749901086;0.2222222222222222;179027;479002.209613533;0.3987900211936512;3601;0.03210640259641554
Meta_576;189655;2336604.749901086;0.2777777777777778;179212;486358.3813269097;0.3990417415886907;3600;0.03873987667648891
Meta_577;189655;2336604.749901086;0.3333333333333333;179212;478640.7626781764;0.39913499560604326;3600;0.058687950140529924
Meta_578;189655;2336604.749901086;0.38888888888888884;179448;485192.4636341143;0.3997801202619003;3600;0.13946365513635006
Meta_579;189655;2336604.749901086;0.4444444444444444;186773;766802.0983936673;0.44444463059259454;3600;0.07426176061312266
Meta_590;189655;2670405.4284583842;0.5;189655;894875.281128408;0.4948167913662142;0;0.0
Meta_581;189655;2670405.4284583842;0.0;179284;488790.11963158293;0.3992316813714416;3600;0.02179490129247234
Meta_582;189655;2670405.4284583842;0.05555555555555555;179189;484746.23668953346;0.39897919998324455;3600;0.02291237363546444
Meta_583;189655;2670405.4284583842;0.1111111111111111;179185;484311.0999043491;0.3989701204944627;3600;0.02342025518559194
Meta_584;189655;2670405.4284583842;0.16666666666666666;179209;484842.0253970642;0.39903153827684495;3600;0.02680229365128186
Meta_585;189655;2670405.4284583842;0.2222222222222222;179027;479002.209613533;0.3987900211936512;3600;0.03210475589723647
Meta_586;189655;2670405.4284583842;0.2777777777777778;179217;486416.00732690975;0.39905477568116765;3600;0.038741356582179295
Meta_587;189655;2670405.4284583842;0.3333333333333333;179212;478640.7626781764;0.39913499560604326;3600;0.05870502769727773
Meta_588;189655;2670405.4284583842;0.38888888888888884;179448;485192.4636341143;0.3997801202619003;3600;0.1394506888743276
Meta_589;189655;2670405.4284583842;0.4444444444444444;186773;766802.0983936673;0.44444463059259454;3600;0.07422939307033372
Meta_600;189655;3004206.1070156824;0.5;189655;894875.281128408;0.4948167913662142;0;0.0
Meta_591;189655;3004206.1070156824;0.0;179279;488524.6878266444;0.39921892055765473;3600;0.0217930820456077
Meta_592;189655;3004206.1070156824;0.05555555555555555;179189;484813.3405895335;0.3989788356600957;3600;0.022909157499020557
Meta_593;189655;3004206.1070156824;0.1111111111111111;179185;484311.0999043491;0.3989701204944627;3600;0.02342113108435651
Meta_594;189655;3004206.1070156824;0.16666666666666666;179209;484876.25929706416;0.3990314809382713;3600;0.02680015193728228
Meta_595;189655;3004206.1070156824;0.2222222222222222;179027;479002.209613533;0.3987900211936512;3600;0.03210546878485536
Meta_596;189655;3004206.1070156824;0.2777777777777778;179217;486416.00732690975;0.39905477568116765;3600;0.03874142387166593
Meta_597;189655;3004206.1070156824;0.3333333333333333;179212;478640.7626781764;0.39913499560604326;3600;0.05869897506531286
Meta_598;189655;3004206.1070156824;0.38888888888888884;179447;485206.53542917577;0.3997778389558627;3600;0.1394749375102122
Meta_609;180544;0.0;0.4444444444444444;177294;231058.1909;0.44444269351263477;0;0.0
Meta_610;180544;0.0;0.5;177507;236975.1391;0.44711300198437814;0;0.0
Meta_599;189655;3004206.1070156824;0.4444444444444444;186773;766802.0983936673;0.44444463059259454;3600;0.07420359705501449
Meta_601;180544;0.0;0.0;175775;297745.02181094425;0.3970240047281704;3600;0.01365805496583144
Meta_602;180544;0.0;0.05555555555555555;175767;299396.6769566326;0.3968403347480656;3600;0.013975883073760348
Meta_603;180544;0.0;0.1111111111111111;175602;289382.1472470665;0.3974429756133616;3600;0.01625846228387648
Meta_604;180544;0.0;0.16666666666666666;175833;299017.56822311017;0.3970621881920589;3600;0.016321104391916693
Meta_605;180544;0.0;0.2222222222222222;175795;300500.3441725456;0.3968089946078386;3600;0.019666885142139164
Meta_606;180544;0.0;0.2777777777777778;175755;297256.5533831484;0.39700394754504714;3600;0.02509607859170193
Meta_607;180544;0.0;0.3333333333333333;175749;301554.07993840746;0.39664207859759876;3600;0.04578072026006897
Meta_608;180544;0.0;0.38888888888888884;176071;310314.13283820945;0.3967180614117823;3600;0.10677468274256369
Meta_620;180544;333800.67855729803;0.5;180049;333810.07360000006;0.4616519284480507;0;0.0
Meta_611;180544;333800.67855729803;0.0;176757;333834.27052644244;0.39749765835765577;3600;0.018564536229108315
Meta_612;180544;333800.67855729803;0.05555555555555555;176654;334089.22015483724;0.39666908757553565;3600;0.013158184101118596
Meta_613;180544;333800.67855729803;0.1111111111111111;176651;336471.0691460548;0.3967235385264704;3601;0.018078420238396595
Meta_614;180544;333800.67855729803;0.16666666666666666;176664;334540.48364107404;0.3966887499968683;3600;0.018422316331452367
Meta_615;180544;333800.67855729803;0.2222222222222222;176900;344062.87108002935;0.39658080613995006;3600;0.023124923849331108
Meta_616;180544;333800.67855729803;0.2777777777777778;176758;339876.1451015007;0.3964132604382299;3600;0.025106042711171037
Meta_617;180544;333800.67855729803;0.3333333333333333;176509;333851.4097428743;0.3962729049073167;3600;0.036682073755911766
Meta_618;180544;333800.67855729803;0.38888888888888884;176493;333742.5403428504;0.3962985659211616;3600;0.1652415054643992
Meta_629;180544;667601.3571145961;0.4444444444444444;180801;481772.4264495741;0.44360448447177714;0;0.0
Meta_630;180544;667601.3571145961;0.5;180544;429026.2256702419;0.4620609961675698;0;0.0
Meta_619;180544;333800.67855729803;0.4444444444444444;179933;333826.81249430566;0.44444378690656644;3600;0.01564069090852212
Meta_621;180544;667601.3571145961;0.0;179138;448581.6434101009;0.39885560173417345;3600;0.026357807669340087
Meta_622;180544;667601.3571145961;0.05555555555555555;179230;451278.0777082872;0.3990907501203582;3600;0.02673395241988647
Meta_623;180544;667601.3571145961;0.1111111111111111;179267;453990.3270672913;0.39919594065681535;3600;0.02838197739905072
Meta_624;180544;667601.3571145961;0.16666666666666666;179239;450735.5994181717;0.39912680280029084;3600;0.03197313206859904
Meta_625;180544;667601.3571145961;0.2222222222222222;179200;448538.0571062127;0.39905263448824696;3600;0.03815318077145626
Meta_626;180544;667601.3571145961;0.2777777777777778;179226;451598.9180160277;0.39908424385539915;3600;0.050185506563836316
Meta_627;180544;667601.3571145961;0.3333333333333333;179663;478185.8427996252;0.40059725069346214;3602;0.09191778395539624
Meta_639;180544;1001402.0356718941;0.4444444444444444;180801;481772.4264495741;0.44360448447177714;0;0.0
Meta_640;180544;1001402.0356718941;0.5;180544;429026.2256702419;0.4620609961675698;0;0.0
Meta_628;180544;667601.3571145961;0.38888888888888884;179464;484199.064142468;0.3999847409767418;3600;0.3861522466236433
Meta_631;180544;1001402.0356718941;0.0;179274;450963.76488858106;0.3992400110897729;3600;0.026118291178348248
Meta_632;180544;1001402.0356718941;0.05555555555555555;179269;451663.93699386634;0.3992861880437702;3600;0.02711039718106729
Meta_633;180544;1001402.0356718941;0.1111111111111111;179241;451133.14462421945;0.39911561923832717;3600;0.027771366463305937
Meta_634;180544;1001402.0356718941;0.16666666666666666;179198;450310.3716214174;0.3990079643336812;3600;0.03153865012116047
Meta_635;180544;1001402.0356718941;0.2222222222222222;179257;450481.2391303682;0.39924567913949327;3600;0.03837588913591147
Meta_636;180544;1001402.0356718941;0.2777777777777778;179120;445599.40453318966;0.39882434039036;3600;0.05012843065403547
Meta_637;180544;1001402.0356718941;0.3333333333333333;179156;448756.7833533445;0.39905616022254964;3600;0.08187763654454293
Meta_649;180544;1335202.7142291921;0.4444444444444444;180550;547687.39961026;0.44440545620353833;0;0.0
Meta_650;180544;1335202.7142291921;0.5;180544;723688.2867284078;0.49270691500470926;0;0.0
Meta_638;180544;1001402.0356718941;0.38888888888888884;179410;457875.5676851614;0.3996470216419152;3600;0.3796009647111233
Meta_641;180544;1335202.7142291921;0.0;179250;488060.609179883;0.39914421597933014;3600;0.026243615005361622
Meta_642;180544;1335202.7142291921;0.05555555555555555;179094;482284.4970082639;0.3988041957480123;3600;0.025175416515100486
Meta_643;180544;1335202.7142291921;0.1111111111111111;179203;485493.20212925615;0.3990158617571433;3600;0.02611697669063962
Meta_644;180544;1335202.7142291921;0.16666666666666666;179295;489283.7131370012;0.3992669379274584;3600;0.029408712256583803
Meta_645;180544;1335202.7142291921;0.2222222222222222;179237;487320.0711840281;0.3991082353316474;3600;0.037696489994868645
Meta_646;180544;1335202.7142291921;0.2777777777777778;179231;487289.1632921063;0.3990980584468058;3600;0.05009591833294952
Meta_647;180544;1335202.7142291921;0.3333333333333333;179206;477829.73545561754;0.3991409138670189;3600;0.08587077833150786
Meta_659;180544;1669003.3927864903;0.4444444444444444;180550;547687.39961026;0.44440545620353833;1;0.0
Meta_660;180544;1669003.3927864903;0.5;180544;723688.2867284078;0.49270691500470926;0;0.0
Meta_648;180544;1335202.7142291921;0.38888888888888884;179170;477245.92012009304;0.39896952664647767;3600;0.3938740570480827
Meta_651;180544;1669003.3927864903;0.0;179264;488379.13894756517;0.3991803451869701;3600;0.02624597246052573
Meta_652;180544;1669003.3927864903;0.05555555555555555;179094;482284.4970082639;0.3988041957480123;3600;0.02516953937634728
Meta_653;180544;1669003.3927864903;0.1111111111111111;179219;486200.06645238365;0.3990573039122988;3600;0.02612288600442872
Meta_654;180544;1669003.3927864903;0.16666666666666666;179295;489283.7131370012;0.3992669379274584;3601;0.02940173594220644
Meta_655;180544;1669003.3927864903;0.2222222222222222;179237;487350.54978402815;0.3991074574225573;3600;0.03769033120588442
Meta_656;180544;1669003.3927864903;0.2777777777777778;179248;487458.0753090416;0.3991381348076862;3600;0.05006291449254007
Meta_657;180544;1669003.3927864903;0.3333333333333333;179262;481725.8238058997;0.3993263748660129;3600;0.08652336098055578
Meta_669;180544;2002804.0713437882;0.4444444444444444;180550;547687.39961026;0.44440545620353833;1;0.0
Meta_670;180544;2002804.0713437882;0.5;180544;723688.2867284078;0.49270691500470926;0;0.0
Meta_658;180544;1669003.3927864903;0.38888888888888884;179186;476726.7082662153;0.39906545704365465;3600;0.3967512338880138
Meta_661;180544;2002804.0713437882;0.0;179264;488402.8934475651;0.3991802622306351;3600;0.026245018046709395
Meta_662;180544;2002804.0713437882;0.05555555555555555;179094;482284.4970082639;0.3988041957480123;3600;0.0251692368501155
Meta_663;180544;2002804.0713437882;0.1111111111111111;179219;486200.06645238365;0.3990573039122988;3600;0.02612066247540378
Meta_664;180544;2002804.0713437882;0.16666666666666666;179295;489283.7131370012;0.3992669379274584;3600;0.029408594337025362
Meta_665;180544;2002804.0713437882;0.2222222222222222;179237;487350.54978402815;0.3991074574225573;3600;0.03768987698307772
Meta_666;180544;2002804.0713437882;0.2777777777777778;179248;487458.0753090416;0.3991381348076862;3600;0.050060421648433356
Meta_667;180544;2002804.0713437882;0.3333333333333333;179262;481725.8238058997;0.3993263748660129;3600;0.08652336098055578
Meta_679;180544;2336604.749901086;0.4444444444444444;180550;547687.39961026;0.44440545620353833;1;0.0
Meta_680;180544;2336604.749901086;0.5;180544;723688.2867284078;0.49270691500470926;0;0.0
Meta_668;180544;2002804.0713437882;0.38888888888888884;179186;476726.7082662153;0.39906545704365465;3600;0.39673757930595055
Meta_671;180544;2336604.749901086;0.0;179264;488398.43145484995;0.39918042060548337;3600;0.02624689556794599
Meta_672;180544;2336604.749901086;0.05555555555555555;179094;482284.4970082639;0.3988041957480123;3600;0.025172594711074425
Meta_673;180544;2336604.749901086;0.1111111111111111;179219;486200.06645238365;0.3990573039122988;3600;0.026115497376816676
Meta_674;180544;2336604.749901086;0.16666666666666666;179295;489287.38985956204;0.39926704016432085;3600;0.029412867551452768
Meta_675;180544;2336604.749901086;0.2222222222222222;179237;487350.54978402815;0.3991074574225573;3600;0.03768771727807561
Meta_676;180544;2336604.749901086;0.2777777777777778;179248;487458.0753090416;0.3991381348076862;3600;0.05005811665377801
Meta_677;180544;2336604.749901086;0.3333333333333333;179262;481725.8238058997;0.3993263748660129;3600;0.08653117430265565
Meta_689;180544;2670405.4284583842;0.4444444444444444;180550;547687.39961026;0.44440545620353833;1;0.0
Meta_690;180544;2670405.4284583842;0.5;180544;723688.2867284078;0.49270691500470926;0;0.0
Meta_678;180544;2336604.749901086;0.38888888888888884;179186;476726.7082662153;0.39906545704365465;3601;0.3967512338880138
Meta_681;180544;2670405.4284583842;0.0;179264;488398.43145484995;0.39918042060548337;3600;0.026247023751959784
Meta_682;180544;2670405.4284583842;0.05555555555555555;179094;482284.4970082639;0.3988041957480123;3600;0.02517543607485277
Meta_683;180544;2670405.4284583842;0.1111111111111111;179219;486200.06645238365;0.3990573039122988;3600;0.0261234635582986
Meta_684;180544;2670405.4284583842;0.16666666666666666;179295;489283.7131370012;0.3992669379274584;3600;0.029407018323299648
Meta_685;180544;2670405.4284583842;0.2222222222222222;179237;487350.54978402815;0.3991074574225573;3600;0.037684087187206436
Meta_686;180544;2670405.4284583842;0.2777777777777778;179248;487458.0753090416;0.3991381348076862;3600;0.050062745014125096
Meta_687;180544;2670405.4284583842;0.3333333333333333;179262;481725.8238058997;0.3993263748660129;3600;0.08652478910378777
Meta_699;180544;3004206.1070156824;0.4444444444444444;180550;547687.39961026;0.44440545620353833;0;0.0
Meta_700;180544;3004206.1070156824;0.5;180544;723688.2867284078;0.49270691500470926;0;0.0
Meta_688;180544;2670405.4284583842;0.38888888888888884;179186;476726.7082662153;0.39906545704365465;3600;0.39677348911222343
Meta_691;180544;3004206.1070156824;0.0;179264;488381.25744756515;0.39918019894950335;3600;0.026243452698960713
Meta_692;180544;3004206.1070156824;0.05555555555555555;179094;482284.4970082639;0.3988041957480123;3600;0.025173346617244352
Meta_693;180544;3004206.1070156824;0.1111111111111111;179219;486200.06645238365;0.3990573039122988;3600;0.026121834008490247
Meta_694;180544;3004206.1070156824;0.16666666666666666;179295;489287.38985956204;0.39926704016432085;3600;0.02941010658049908
Meta_695;180544;3004206.1070156824;0.2222222222222222;179237;487320.0711840281;0.3991082353316474;3600;0.037696566554206404
Meta_696;180544;3004206.1070156824;0.2777777777777778;179248;487458.0753090416;0.3991381348076862;3600;0.050060272334075895
Meta_697;180544;3004206.1070156824;0.3333333333333333;179262;481725.8238058997;0.3993263748660129;3600;0.08652728660386637
Meta_709;171433;0.0;0.4444444444444444;171433;133826.0868;0.4188948012065583;0;0.0
Meta_710;171433;0.0;0.5;171433;133826.0868;0.4188948012065583;0;0.0
Meta_698;180544;3004206.1070156824;0.38888888888888884;179188;476740.4928662152;0.3990704804169381;3600;0.3966606193307302
Meta_701;171433;0.0;0.0;171433;223913.62639789665;0.39769042249362324;3600;0.01332679283519605
Meta_702;171433;0.0;0.05555555555555555;171433;229628.7424086971;0.39720985928666613;3600;0.014497469313973249
Meta_703;171433;0.0;0.1111111111111111;171433;222905.38442710807;0.3978074843174159;3600;0.014181106071922155
Meta_704;171433;0.0;0.16666666666666666;171433;218447.67628848355;0.3982668879031885;3600;0.0158000688809184
Meta_705;171433;0.0;0.2222222222222222;171433;224313.74175856946;0.3976736142728547;3601;0.019297048064355938
Meta_706;171433;0.0;0.2777777777777778;171433;225665.94747371244;0.397547852832249;3600;0.024543757983512413
Meta_707;171433;0.0;0.3333333333333333;171433;227078.23685276025;0.3974256045941904;3600;0.045322479843906506
Meta_719;171433;333800.67855729803;0.4444444444444444;171433;189071.3621;0.4424752221400426;0;0.0
Meta_720;171433;333800.67855729803;0.5;171433;209441.62939999998;0.44528847749606326;0;0.0
Meta_708;171433;0.0;0.38888888888888884;171433;227748.63002964007;0.39736862733437134;3600;0.12063967879729942
Meta_711;171433;333800.67855729803;0.0;171433;319464.84652955807;0.39371214793787185;3600;0.01082508026937988
Meta_712;171433;333800.67855729803;0.05555555555555555;171433;328507.67291161156;0.3937185355597493;3600;0.01013089972143513
Meta_713;171433;333800.67855729803;0.1111111111111111;171437;326073.5689640515;0.3936486749780719;3600;0.010605975407164967
Meta_714;171433;333800.67855729803;0.16666666666666666;171460;332738.65119037725;0.3938442042318777;3602;0.013916516760120484
Meta_715;171433;333800.67855729803;0.2222222222222222;171433;331672.7442658452;0.3937811628845857;3600;0.015897605945999062
Meta_716;171433;333800.67855729803;0.2777777777777778;171433;328505.70079843205;0.39387281213079506;3600;0.023483034184077205
Meta_717;171433;333800.67855729803;0.3333333333333333;171438;323529.74020656;0.3936640560102505;3600;0.035710532895665115
Meta_729;171433;667601.3571145961;0.4444444444444444;171433;212687.7228;0.4444388549040025;1;0.0
Meta_730;171433;667601.3571145961;0.5;171433;209441.62939999998;0.44528847749606326;0;0.0
Meta_718;171433;333800.67855729803;0.38888888888888884;171433;326023.1350736542;0.39359229778550836;3600;0.42311527026964313
Meta_721;171433;667601.3571145961;0.0;171433;318550.4920010235;0.3935755589379142;3600;0.01358852450402374
Meta_722;171433;667601.3571145961;0.05555555555555555;171436;323092.030761371;0.3935909011947307;3600;0.01405753873972499
Meta_723;171433;667601.3571145961;0.1111111111111111;171433;313885.4550347425;0.39357883493872664;3600;0.008031177726065571
Meta_724;171433;667601.3571145961;0.16666666666666666;171434;314153.3292900379;0.3935731524656371;3600;0.009710614968677964
Meta_725;171433;667601.3571145961;0.2222222222222222;171433;314782.5144022852;0.39357885703128764;3600;0.012135597810250413
Meta_726;171433;667601.3571145961;0.2777777777777778;171433;314111.8322072238;0.39358061330017824;3600;0.01652842901611549
Meta_727;171433;667601.3571145961;0.3333333333333333;171433;319868.9656706793;0.3935786594031377;3600;0.024584331836183044
Meta_739;171433;1001402.0356718941;0.4444444444444444;171433;211272.93219999998;0.4439056316372285;1;0.0
Meta_740;171433;1001402.0356718941;0.5;171433;209441.62939999998;0.44528847749606326;0;0.0
Meta_728;171433;667601.3571145961;0.38888888888888884;171433;319707.4848795404;0.3935494745167055;3600;0.37011994060915626
Meta_731;171433;1001402.0356718941;0.0;171433;323466.51877289254;0.39358127423071676;3600;0.008569522355512197
Meta_732;171433;1001402.0356718941;0.05555555555555555;171433;331430.79847265413;0.39359967241105687;3600;0.014943383671581389
Meta_733;171433;1001402.0356718941;0.1111111111111111;171438;322402.94262141903;0.3935919930062883;3600;0.010603761371385908
Meta_734;171433;1001402.0356718941;0.16666666666666666;171433;314832.4648883765;0.39357987821932405;3600;0.018227724952423002
Meta_735;171433;1001402.0356718941;0.2222222222222222;171433;331016.11875240365;0.39368146581244856;3600;0.017470868360867305
Meta_736;171433;1001402.0356718941;0.2777777777777778;171442;313720.48076838866;0.3935791480231631;3601;0.016577177408631207
Meta_737;171433;1001402.0356718941;0.3333333333333333;171433;321701.4784731625;0.3935672462506073;3600;0.020244561047362886
Meta_749;171433;1335202.7142291921;0.4444444444444444;172157;390397.8869507767;0.44401244113866917;1;0.0
Meta_750;171433;1335202.7142291921;0.5;171433;507740.88542840804;0.4866545260810887;0;0.0
Meta_738;171433;1001402.0356718941;0.38888888888888884;171433;322490.90816443076;0.3935812603388975;3600;0.35915298224890474
Meta_741;171433;1335202.7142291921;0.0;171437;332688.74948476726;0.3935944452899371;3600;0.007249293890974169
Meta_742;171433;1335202.7142291921;0.05555555555555555;171433;343665.87075206405;0.3935902144231378;3600;0.008938244211652567
Meta_743;171433;1335202.7142291921;0.1111111111111111;171457;346240.1139016236;0.39370260737648377;3600;0.010539059790333661
Meta_744;171433;1335202.7142291921;0.16666666666666666;171435;337378.98422997573;0.393583148603851;3600;0.008988210941207919
Meta_745;171433;1335202.7142291921;0.2222222222222222;171439;338744.2687030116;0.3935755273683707;3600;0.010544434519859711
Meta_746;171433;1335202.7142291921;0.2777777777777778;171433;339510.0812194119;0.3935666541669209;3600;0.015115890463525744
Meta_747;171433;1335202.7142291921;0.3333333333333333;171433;339895.7743677478;0.3935895533217902;3600;0.018676468627347603
Meta_759;171433;1669003.3927864903;0.4444444444444444;172157;390397.8869507767;0.44401244113866917;1;0.0
Meta_760;171433;1669003.3927864903;0.5;171433;507740.88542840804;0.4866545260810887;0;0.0
Meta_748;171433;1335202.7142291921;0.38888888888888884;171434;347634.82595937495;0.3936380755149516;3600;0.4962174498418543
Meta_751;171433;1669003.3927864903;0.0;171434;340619.22778105707;0.39358069064072554;3600;0.007172122925140862
Meta_752;171433;1669003.3927864903;0.05555555555555555;171433;343665.87075206405;0.3935902144231378;3600;0.008936209599828243
Meta_753;171433;1669003.3927864903;0.1111111111111111;171433;355847.3732941131;0.3936687942993416;3600;0.010354407770919382
Meta_754;171433;1669003.3927864903;0.16666666666666666;171435;337378.98422997573;0.393583148603851;3600;0.0089863590325718
Meta_755;171433;1669003.3927864903;0.2222222222222222;171439;338744.2687030116;0.3935755273683707;3600;0.01054229836197959
Meta_756;171433;1669003.3927864903;0.2777777777777778;171436;339514.92804197257;0.39356705939670233;3600;0.015120866700008923
Meta_757;171433;1669003.3927864903;0.3333333333333333;171433;340222.8777249862;0.3935843280070346;3600;0.018651518610103224
Meta_769;171433;2002804.0713437882;0.4444444444444444;172157;390397.8869507767;0.44401244113866917;1;0.0
Meta_770;171433;2002804.0713437882;0.5;171433;507740.88542840804;0.4866545260810887;0;0.0
Meta_758;171433;1669003.3927864903;0.38888888888888884;171433;347604.4911222251;0.39363828639265835;3600;0.49659130561363046
Meta_761;171433;2002804.0713437882;0.0;171434;340619.22778105707;0.39358069064072554;3600;0.007164574092409523
Meta_762;171433;2002804.0713437882;0.05555555555555555;171433;343665.87075206405;0.3935902144231378;3600;0.00893598418124057
Meta_763;171433;2002804.0713437882;0.1111111111111111;171433;355847.3732941131;0.3936687942993416;3600;0.010353987959316057
Meta_764;171433;2002804.0713437882;0.16666666666666666;171435;337378.98422997573;0.393583148603851;3600;0.008986222454257044
Meta_765;171433;2002804.0713437882;0.2222222222222222;171439;338744.2687030116;0.3935755273683707;3600;0.010545785089059956
Meta_766;171433;2002804.0713437882;0.2777777777777778;171436;339514.92804197257;0.39356705939670233;3600;0.015120927323308173
Meta_767;171433;2002804.0713437882;0.3333333333333333;171433;340255.9168249861;0.39358486208662874;3600;0.018688539264039298
Meta_779;171433;2336604.749901086;0.4444444444444444;172157;390397.8869507767;0.44401244113866917;0;0.0
Meta_780;171433;2336604.749901086;0.5;171433;507740.88542840804;0.4866545260810887;0;0.0
Meta_768;171433;2002804.0713437882;0.38888888888888884;171434;347634.82595937495;0.3936380755149516;3600;0.4960618336760652
Meta_771;171433;2336604.749901086;0.0;171434;340619.22778105707;0.39358069064072554;3600;0.007174100134639881
Meta_772;171433;2336604.749901086;0.05555555555555555;171433;343665.87075206405;0.3935902144231378;3600;0.008937812546567912
Meta_773;171433;2336604.749901086;0.1111111111111111;171433;355699.3276288029;0.39366703276129594;3600;0.010343689331560128
Meta_774;171433;2336604.749901086;0.16666666666666666;171435;337378.98422997573;0.393583148603851;3600;0.008979525883335518
Meta_775;171433;2336604.749901086;0.2222222222222222;171439;338744.2687030116;0.3935755273683707;3600;0.010546944206452543
Meta_776;171433;2336604.749901086;0.2777777777777778;171436;339514.92804197257;0.39356705939670233;3600;0.015125068535795747
Meta_777;171433;2336604.749901086;0.3333333333333333;171433;340222.8777249862;0.3935843280070346;3600;0.018650391896359184
Meta_789;171433;2670405.4284583842;0.4444444444444444;172157;390397.8869507767;0.44401244113866917;1;0.0
Meta_790;171433;2670405.4284583842;0.5;171433;507740.88542840804;0.4866545260810887;0;0.0
Meta_778;171433;2336604.749901086;0.38888888888888884;171433;347604.4911222251;0.39363828639265835;3600;0.4965627629503529
Meta_781;171433;2670405.4284583842;0.0;171434;340619.22778105707;0.39358069064072554;3600;0.007173007456792149
Meta_782;171433;2670405.4284583842;0.05555555555555555;171433;343665.87075206405;0.3935902144231378;3600;0.008938430753277092
Meta_783;171433;2670405.4284583842;0.1111111111111111;171433;355847.3732941131;0.3936687942993416;3600;0.010354762927982089
Meta_784;171433;2670405.4284583842;0.16666666666666666;171435;337378.98422997573;0.393583148603851;3600;0.008983219258903476
Meta_785;171433;2670405.4284583842;0.2222222222222222;171439;338744.2687030116;0.3935755273683707;3600;0.010543748658425348
Meta_786;171433;2670405.4284583842;0.2777777777777778;171436;339514.92804197257;0.39356705939670233;3600;0.015115867558020381
Meta_787;171433;2670405.4284583842;0.3333333333333333;171433;340222.8777249862;0.3935843280070346;3600;0.018634912052390703
Meta_799;171433;3004206.1070156824;0.4444444444444444;172157;390397.8869507767;0.44401244113866917;1;0.0
Meta_800;171433;3004206.1070156824;0.5;171433;507740.88542840804;0.4866545260810887;0;0.0
Meta_788;171433;2670405.4284583842;0.38888888888888884;171433;347604.4911222251;0.39363828639265835;3600;0.49642233826728815
Meta_791;171433;3004206.1070156824;0.0;171434;340619.22778105707;0.39358069064072554;3600;0.007173908016743358
Meta_792;171433;3004206.1070156824;0.05555555555555555;171433;343665.87075206405;0.3935902144231378;3600;0.008937875939982413
Meta_793;171433;3004206.1070156824;0.1111111111111111;171433;355847.3732941131;0.3936687942993416;3600;0.010354566441069876
Meta_794;171433;3004206.1070156824;0.16666666666666666;171435;337378.98422997573;0.393583148603851;3600;0.00898451787760321
Meta_795;171433;3004206.1070156824;0.2222222222222222;171439;338744.2687030116;0.3935755273683707;3600;0.010544307045835343
Meta_796;171433;3004206.1070156824;0.2777777777777778;171436;339514.92804197257;0.39356705939670233;3600;0.01512105567299703
Meta_797;171433;3004206.1070156824;0.3333333333333333;171433;340222.8777249862;0.3935843280070346;3600;0.01866495122470718
Meta_809;162322;0.0;0.4444444444444444;162322;66062.1132;0.4161726354578154;0;0.0
Meta_810;162322;0.0;0.5;162322;66062.1132;0.4161726354578154;0;0.0
Meta_798;171433;3004206.1070156824;0.38888888888888884;171433;347570.296959375;0.39363793274068765;3600;0.4957382111989665
Meta_801;162322;0.0;0.0;162322;148882.68251263085;0.3965846661085624;3600;0.012158655294833613
Meta_802;162322;0.0;0.05555555555555555;162322;143924.80544196808;0.3970202248155001;3600;0.0130138337870428
Meta_803;162322;0.0;0.1111111111111111;162322;146417.64717176039;0.3968283335509438;3600;0.01247160929748539
Meta_804;162322;0.0;0.16666666666666666;162322;151175.83050118605;0.39639612142801983;3600;0.01364038567787016
Meta_805;162322;0.0;0.2222222222222222;162322;140509.51481677443;0.39735236444914657;3600;0.017345389581906935
Meta_806;162322;0.0;0.2777777777777778;162322;146261.74794679764;0.3968161843094721;3600;0.02125265536039189
Meta_807;162322;0.0;0.3333333333333333;162323;145160.5980537791;0.3969260998786232;3600;0.0359136610084272
Meta_819;162322;333800.67855729803;0.4444444444444444;162331;138340.0459;0.444311226236517;0;0.0
Meta_820;162322;333800.67855729803;0.5;162322;141882.1041;0.44474852765569645;0;0.0
Meta_808;162322;0.0;0.38888888888888884;162322;145846.51929138473;0.3968604818642742;3600;0.12342268302682406
Meta_811;162322;333800.67855729803;0.0;165105;261905.9286095701;0.39282751642117253;3600;0.003683629366395321
Meta_812;162322;333800.67855729803;0.05555555555555555;165296;263902.92780463153;0.39282608640616196;3600;0.006587969374553185
Meta_813;162322;333800.67855729803;0.1111111111111111;165319;264184.33240463154;0.39282605044554286;3600;0.009626299841945117
Meta_814;162322;333800.67855729803;0.16666666666666666;165392;265382.27850463154;0.39282672603359015;3600;0.003773654671544408
Meta_815;162322;333800.67855729803;0.2222222222222222;165223;261922.25048579642;0.392828536254564;3600;0.0034749262224257117
Meta_816;162322;333800.67855729803;0.2777777777777778;165136;262807.7119752222;0.3928268572532094;3600;0.007535809377336486
Meta_817;162322;333800.67855729803;0.3333333333333333;165282;263950.06020463153;0.3928261190060118;3600;0.018535156604249405
Meta_829;162322;667601.3571145961;0.4444444444444444;162331;138340.0459;0.444311226236517;0;0.0
Meta_818;162322;333800.67855729803;0.38888888888888884;165455;265565.81890463154;0.39282679803380366;3600;0.5025500835288716
Meta_830;162322;667601.3571145961;0.5;162322;141882.1041;0.44474852765569645;0;0.0
Meta_821;162322;667601.3571145961;0.0;165304;263941.35190463153;0.39282610184882394;3600;0.009252170301269009
Meta_822;162322;667601.3571145961;0.05555555555555555;165668;267923.4823340408;0.39283832573580424;3600;0.004140997541017444
Meta_823;162322;667601.3571145961;0.1111111111111111;165308;264055.09720463154;0.39282613772698816;3600;0.004410175665599448
Meta_824;162322;667601.3571145961;0.16666666666666666;164969;259681.29280957012;0.39283086899342706;3600;0.005192966049245056
Meta_825;162322;667601.3571145961;0.2222222222222222;165290;263931.5587046315;0.3928260535099177;3600;0.00889851867048829
Meta_826;162322;667601.3571145961;0.2777777777777778;165275;263839.17540463153;0.39282609464925367;3600;0.02107063081263464
Meta_827;162322;667601.3571145961;0.3333333333333333;165350;264642.6392046315;0.39282678278317473;3600;0.01919997115227336
Meta_839;162322;1001402.0356718941;0.4444444444444444;162331;138340.0459;0.444311226236517;0;0.0
Meta_840;162322;1001402.0356718941;0.5;162322;141882.1041;0.44474852765569645;0;0.0
Meta_828;162322;667601.3571145961;0.38888888888888884;165268;263190.4347095701;0.39282626064685117;3600;0.06951182711772581
Meta_831;162322;1001402.0356718941;0.0;165327;264386.73540463153;0.3928260892980207;3600;0.0025403314193590616
Meta_832;162322;1001402.0356718941;0.05555555555555555;165360;264656.6448046316;0.39282626472030774;3600;0.005324087195271471
Meta_833;162322;1001402.0356718941;0.1111111111111111;165297;264100.7451095701;0.3928260692837885;3600;0.006609657082348239
Meta_834;162322;1001402.0356718941;0.16666666666666666;165182;263066.92320463154;0.3928264847619717;3600;0.006777684909168055
Meta_835;162322;1001402.0356718941;0.2222222222222222;165452;265486.81674178137;0.3928273327861654;3600;0.006985681795142571
Meta_836;162322;1001402.0356718941;0.2777777777777778;165231;263153.49660957005;0.39282645883241935;3600;0.01213729786943104
Meta_837;162322;1001402.0356718941;0.3333333333333333;165348;264563.74800463155;0.3928262418130745;3600;0.00579005386634675
Meta_849;162322;1335202.7142291921;0.4444444444444444;162654;329617.6414425963;0.4443491700229321;1;0.0
Meta_850;162322;1335202.7142291921;0.5;162322;374912.8028284081;0.47794961942889985;0;0.0
Meta_838;162322;1001402.0356718941;0.38888888888888884;165243;263019.1645095701;0.39282688540941296;3600;0.11506389229217952
Meta_841;162322;1335202.7142291921;0.0;165297;284735.7598048228;0.39282606765145905;3600;0.006526406043644083
Meta_842;162322;1335202.7142291921;0.05555555555555555;165342;285526.9958121076;0.3928262600952136;3600;0.004636446361186954
Meta_844;162322;1335202.7142291921;0.16666666666666666;165137;282075.56982433086;0.39282911211951915;3600;0.0048933519692630646
Meta_843;162322;1335202.7142291921;0.1111111111111111;165334;285386.97850482276;0.3928260831126883;3600;0.005537262271464143
Meta_845;162322;1335202.7142291921;0.2222222222222222;165443;286813.3519048228;0.39283849306354546;3600;0.01104759960964858
Meta_846;162322;1335202.7142291921;0.2777777777777778;165302;284540.45220482274;0.3928262511124565;3600;0.00954024498502131
Meta_847;162322;1335202.7142291921;0.3333333333333333;165168;277350.42266957834;0.3928284417013125;3600;0.008185151578193623
Meta_859;162322;1669003.3927864903;0.4444444444444444;162654;329617.6414425963;0.4443491700229321;1;0.0
Meta_860;162322;1669003.3927864903;0.5;162322;374912.8028284081;0.47794961942889985;0;0.0
Meta_848;162322;1335202.7142291921;0.38888888888888884;165178;277917.3886024765;0.3928270629958633;3600;0.11876650962819776
Meta_851;162322;1669003.3927864903;0.0;165297;284735.7598048228;0.39282606765145905;3600;0.006526406043644083
Meta_852;162322;1669003.3927864903;0.05555555555555555;165358;285609.79521210754;0.3928262623540876;3600;0.0046370503518776965
Meta_853;162322;1669003.3927864903;0.1111111111111111;165299;284685.45520976133;0.3928261278497053;3600;0.005537523278178409
Meta_854;162322;1669003.3927864903;0.16666666666666666;165403;285370.5538048228;0.39282731561057455;3600;0.004881802169143044
Meta_855;162322;1669003.3927864903;0.2222222222222222;165307;285038.8738273835;0.39282609787354666;3600;0.01095275339699542
Meta_856;162322;1669003.3927864903;0.2777777777777778;165341;285337.2095048228;0.39282603997650656;3600;0.009512307665522265
Meta_857;162322;1669003.3927864903;0.3333333333333333;165168;277350.42266957834;0.3928284417013125;3600;0.008323398925303817
Meta_869;162322;2002804.0713437882;0.4444444444444444;162654;329617.6414425963;0.4443491700229321;0;0.0
Meta_870;162322;2002804.0713437882;0.5;162322;374912.8028284081;0.47794961942889985;0;0.0
Meta_858;162322;1669003.3927864903;0.38888888888888884;165178;277917.3886024765;0.3928270629958633;3600;0.11902287704667025
Meta_861;162322;2002804.0713437882;0.0;165297;284735.7598048228;0.39282606765145905;3600;0.006526406043644083
Meta_862;162322;2002804.0713437882;0.05555555555555555;165358;285609.79521210754;0.3928262623540876;3600;0.00463651263134379
Meta_863;162322;2002804.0713437882;0.1111111111111111;165299;284685.45520976133;0.3928261278497053;3600;0.005537502588822158
Meta_864;162322;2002804.0713437882;0.16666666666666666;165403;285370.5538048228;0.39282731561057455;3601;0.004881669803974664
Meta_865;162322;2002804.0713437882;0.2222222222222222;165307;285038.8738273835;0.39282609787354666;3600;0.010953483345716343
Meta_866;162322;2002804.0713437882;0.2777777777777778;165341;285337.2095048228;0.39282603997650656;3600;0.009513787102683972
Meta_867;162322;2002804.0713437882;0.3333333333333333;165168;277350.42266957834;0.3928284417013125;3600;0.008247588161804303
Meta_868;162322;2002804.0713437882;0.38888888888888884;165178;277917.3886024765;0.3928270629958633;3600;0.11900489935159086
Meta_879;162322;2336604.749901086;0.4444444444444444;162654;329617.6414425963;0.4443491700229321;1;0.0
Meta_880;162322;2336604.749901086;0.5;162322;374912.8028284081;0.47794961942889985;0;0.0
Meta_871;162322;2336604.749901086;0.0;165297;284735.7598048228;0.39282606765145905;3601;0.006526422618485881
Meta_872;162322;2336604.749901086;0.05555555555555555;165358;285609.79521210754;0.3928262623540876;3600;0.004636716596087111
Meta_873;162322;2336604.749901086;0.1111111111111111;165299;284685.45520976133;0.3928261278497053;3600;0.005537502397944522
Meta_874;162322;2336604.749901086;0.16666666666666666;165403;285370.5538048228;0.39282731561057455;3600;0.004881823962541591
Meta_875;162322;2336604.749901086;0.2222222222222222;165307;285038.8738273835;0.39282609787354666;3600;0.010953171481569057
Meta_876;162322;2336604.749901086;0.2777777777777778;165341;285337.2095048228;0.39282603997650656;3600;0.009513329849115296
Meta_877;162322;2336604.749901086;0.3333333333333333;165168;277350.42266957834;0.3928284417013125;3600;0.008045032937616567
Meta_889;162322;2670405.4284583842;0.4444444444444444;162654;329617.6414425963;0.4443491700229321;1;0.0
Meta_890;162322;2670405.4284583842;0.5;162322;374912.8028284081;0.47794961942889985;0;0.0
Meta_878;162322;2336604.749901086;0.38888888888888884;165178;277917.3886024765;0.3928270629958633;3600;0.11900632250148176
Meta_881;162322;2670405.4284583842;0.0;165297;284735.7598048228;0.39282606765145905;3600;0.006526406043644083
Meta_882;162322;2670405.4284583842;0.05555555555555555;165358;285609.79521210754;0.3928262623540876;3600;0.004636906296480784
Meta_883;162322;2670405.4284583842;0.1111111111111111;165299;284685.45520976133;0.3928261278497053;3600;0.005537741050418414
Meta_884;162322;2670405.4284583842;0.16666666666666666;165403;285370.5538048228;0.39282731561057455;3600;0.004881842223967188
Meta_885;162322;2670405.4284583842;0.2222222222222222;165307;285038.8738273835;0.39282609787354666;3600;0.010953195751150538
Meta_886;162322;2670405.4284583842;0.2777777777777778;165341;285337.2095048228;0.39282603997650656;3600;0.009512071416393927
Meta_887;162322;2670405.4284583842;0.3333333333333333;165168;277350.42266957834;0.3928284417013125;3600;0.008147782754137672
Meta_899;162322;3004206.1070156824;0.4444444444444444;162654;329617.6414425963;0.4443491700229321;1;0.0
Meta_900;162322;3004206.1070156824;0.5;162322;374912.8028284081;0.47794961942889985;0;0.0
Meta_888;162322;2670405.4284583842;0.38888888888888884;165178;277917.3886024765;0.3928270629958633;3600;0.11893870790552216
Meta_891;162322;3004206.1070156824;0.0;165297;284735.7598048228;0.39282606765145905;3600;0.006526418504903006
Meta_892;162322;3004206.1070156824;0.05555555555555555;165358;285609.79521210754;0.3928262623540876;3600;0.0046371519965660475
Meta_893;162322;3004206.1070156824;0.1111111111111111;165299;284685.45520976133;0.3928261278497053;3600;0.005537617289174338
Meta_894;162322;3004206.1070156824;0.16666666666666666;165403;285370.5538048228;0.39282731561057455;3600;0.004881784824849186
Meta_895;162322;3004206.1070156824;0.2222222222222222;165307;285038.8738273835;0.39282609787354666;3600;0.010953081271438484
Meta_896;162322;3004206.1070156824;0.2777777777777778;165341;285337.2095048228;0.39282603997650656;3601;0.009512999020821627
Meta_897;162322;3004206.1070156824;0.3333333333333333;165168;277350.42266957834;0.3928284417013125;3600;0.008223140749187136
Meta_909;153211;0.0;0.4444444444444444;153211;0.0;0.4116532922080072;0;0.0
Meta_910;153211;0.0;0.5;153211;0.0;0.4116532922080072;0;0.0
Meta_898;162322;3004206.1070156824;0.38888888888888884;165178;277917.3886024765;0.3928270629958633;3600;0.11892231829701999
Meta_901;153211;0.0;0.0;155915;85372.68936551083;0.39869071332583267;3600;0.01075688404057502
Meta_902;153211;0.0;0.05555555555555555;155816;81644.18423816131;0.3990046062425251;3600;0.010820700454686201
Meta_903;153211;0.0;0.1111111111111111;155853;83059.33583679868;0.39888105289150994;3600;0.011458632074156929
Meta_904;153211;0.0;0.16666666666666666;155908;85150.8106360775;0.39871009381449324;3600;0.012754103029105103
Meta_905;153211;0.0;0.2222222222222222;155839;82347.34247394849;0.39893978872345703;3600;0.015207822529307538
Meta_906;153211;0.0;0.2777777777777778;155879;83818.95223960072;0.3988177092247544;3600;0.01997403194482495
Meta_907;153211;0.0;0.3333333333333333;155762;80541.2745280745;0.3990952069134295;3600;0.03225534444606718
Meta_919;153211;333800.67855729803;0.4444444444444444;153211;0.0;0.4116532922080072;0;0.0
Meta_920;153211;333800.67855729803;0.5;153211;0.0;0.4116532922080072;0;0.0
Meta_908;153211;0.0;0.38888888888888884;155856;82767.533876085;0.3989098503569933;3600;0.1275051768521131
Meta_911;153211;333800.67855729803;0.0;165326;264265.8314046315;0.392826043244354;3600;0.005933391544297463
Meta_912;153211;333800.67855729803;0.05555555555555555;165414;267236.3775359479;0.3928435355358019;3600;0.0056461107542132224
Meta_913;153211;333800.67855729803;0.1111111111111111;165296;263861.28550957004;0.3928261623317228;3600;0.0070442065558289435
Meta_914;153211;333800.67855729803;0.16666666666666666;165325;264291.8786752223;0.3928261187303858;3600;0.010342887868277577
Meta_915;153211;333800.67855729803;0.2222222222222222;165294;263925.7372046315;0.3928260617577069;3600;0.009944009660576502
Meta_916;153211;333800.67855729803;0.2777777777777778;165296;263880.4962046315;0.3928260736936671;3601;0.014718151904575592
Meta_917;153211;333800.67855729803;0.3333333333333333;165106;260238.80577378292;0.39283110840521446;3600;0.02233864752734274
Meta_918;153211;333800.67855729803;0.38888888888888884;165286;263401.45170957013;0.39282639599658264;3600;0.3130862748854288
Meta_929;153211;667601.3571145961;0.4444444444444444;153211;0.0;0.4116532922080072;0;0.0
Meta_930;153211;667601.3571145961;0.5;153211;0.0;0.4116532922080072;0;0.0
Meta_921;153211;667601.3571145961;0.0;165290;263853.1504145086;0.39282618359489013;3600;0.0059015403086566665
Meta_922;153211;667601.3571145961;0.05555555555555555;165321;264097.4977095701;0.3928264409486406;3600;0.006293241778054435
Meta_923;153211;667601.3571145961;0.1111111111111111;165303;263970.6608046316;0.39282608031128946;3600;0.006183891163519117
Meta_924;153211;667601.3571145961;0.16666666666666666;164816;259147.2358467199;0.3928350247063022;3600;0.004385678696581664
Meta_925;153211;667601.3571145961;0.2222222222222222;165299;264100.1140046315;0.39282614531425536;3600;0.008811204325070944
Meta_926;153211;667601.3571145961;0.2777777777777778;165321;264137.46960463154;0.39282604733955623;3600;0.010375877533050032
Meta_927;153211;667601.3571145961;0.3333333333333333;165289;263671.41240957007;0.3928269742667516;3600;0.018693893144794787
Meta_939;153211;1001402.0356718941;0.4444444444444444;153211;0.0;0.4116532922080072;0;0.0
Meta_940;153211;1001402.0356718941;0.5;153211;0.0;0.4116532922080072;0;0.0
Meta_928;153211;667601.3571145961;0.38888888888888884;165349;264432.4146046316;0.3928262711916141;3600;0.1836437465031978
Meta_931;153211;1001402.0356718941;0.0;165298;263984.7920095701;0.39282607093846555;3600;0.011628204647729784
Meta_932;153211;1001402.0356718941;0.05555555555555555;165314;264283.11690463155;0.39282604306241936;3600;0.00892013039531829
Meta_933;153211;1001402.0356718941;0.1111111111111111;165423;265055.7335046315;0.392826319886784;3600;0.01076983793064201
Meta_934;153211;1001402.0356718941;0.16666666666666666;165325;264379.2817046316;0.39282608318979206;3600;0.0062838155531844625
Meta_935;153211;1001402.0356718941;0.2222222222222222;165288;263701.2377046315;0.3928260671351921;3600;0.015552471732583673
Meta_936;153211;1001402.0356718941;0.2777777777777778;165323;264379.66090463154;0.39282605299142676;3600;0.013412012654570581
Meta_937;153211;1001402.0356718941;0.3333333333333333;165268;263632.170299693;0.3928273005213228;3601;0.02980078299089451
Meta_949;153211;1335202.7142291921;0.4444444444444444;153211;0.0;0.4116532922080072;0;0.0
Meta_950;153211;1335202.7142291921;0.5;153211;0.0;0.4116532922080072;0;0.0
Meta_938;153211;1001402.0356718941;0.38888888888888884;165485;265807.25950463157;0.39282673388663764;3600;0.11262480112479407
Meta_941;153211;1335202.7142291921;0.0;165306;271422.76980482275;0.39282606011516585;3600;0.005517812770242899
Meta_942;153211;1335202.7142291921;0.05555555555555555;165307;271325.5307097613;0.3928261061833898;3600;0.004118668597003828
Meta_944;153211;1335202.7142291921;0.16666666666666666;165305;271310.3895048228;0.39282606188481883;3600;0.007473729741365578
Meta_943;153211;1335202.7142291921;0.1111111111111111;165271;271252.2067048227;0.39282609223806425;3600;0.006185117122097912
Meta_945;153211;1335202.7142291921;0.2222222222222222;165304;271198.7265048227;0.39282605757752587;3600;0.005114376007239052
Meta_946;153211;1335202.7142291921;0.2777777777777778;165311;271661.1824048228;0.3928260550296363;3600;0.013356451251828145
Meta_947;153211;1335202.7142291921;0.3333333333333333;165283;276670.7710279856;0.3928303731667093;3600;0.007841160528899471
Meta_959;153211;1669003.3927864903;0.4444444444444444;153211;0.0;0.4116532922080072;0;0.0
Meta_960;153211;1669003.3927864903;0.5;153211;0.0;0.4116532922080072;0;0.0
Meta_948;153211;1335202.7142291921;0.38888888888888884;165328;277079.69760463154;0.3928264109015264;3600;0.15837724539786802
Meta_951;153211;1669003.3927864903;0.0;165306;271422.76980482275;0.39282606011516585;3600;0.005517812770242899
Meta_952;153211;1669003.3927864903;0.05555555555555555;165293;271319.0830048228;0.39282608621968057;3600;0.004119123303434168
Meta_953;153211;1669003.3927864903;0.1111111111111111;165292;271195.6984048228;0.3928260676360643;3600;0.006184735122979664
Meta_954;153211;1669003.3927864903;0.16666666666666666;165305;271310.3895048228;0.39282606188481883;3600;0.007473729741365578
Meta_955;153211;1669003.3927864903;0.2222222222222222;165304;271198.7265048227;0.39282605757752587;3600;0.005114376007239052
Meta_956;153211;1669003.3927864903;0.2777777777777778;165311;271661.1824048228;0.3928260550296363;3600;0.013356451251828145
Meta_957;153211;1669003.3927864903;0.3333333333333333;165283;276670.7710279856;0.3928303731667093;3600;0.00784230502461846
Meta_969;153211;2002804.0713437882;0.4444444444444444;153211;0.0;0.4116532922080072;0;0.0
Meta_970;153211;2002804.0713437882;0.5;153211;0.0;0.4116532922080072;0;0.0
Meta_958;153211;1669003.3927864903;0.38888888888888884;165328;277079.69760463154;0.3928264109015264;3600;0.1583694420559424
Meta_961;153211;2002804.0713437882;0.0;165306;271422.76980482275;0.39282606011516585;3600;0.005517812770242899
Meta_962;153211;2002804.0713437882;0.05555555555555555;165293;271319.0830048228;0.39282608621968057;3600;0.004119123303434168
Meta_963;153211;2002804.0713437882;0.1111111111111111;165292;271195.6984048228;0.3928260676360643;3601;0.006184481274651278
Meta_964;153211;2002804.0713437882;0.16666666666666666;165305;271310.3895048228;0.39282606188481883;3600;0.007473729741365578
Meta_965;153211;2002804.0713437882;0.2222222222222222;165304;271198.7265048227;0.39282605757752587;3600;0.005114376007239052
Meta_966;153211;2002804.0713437882;0.2777777777777778;165311;271661.1824048228;0.3928260550296363;3600;0.013356451251828145
Meta_967;153211;2002804.0713437882;0.3333333333333333;165283;276670.7710279856;0.3928303731667093;3600;0.007840708419322865
Meta_979;153211;2336604.749901086;0.4444444444444444;153211;0.0;0.4116532922080072;0;0.0
Meta_968;153211;2002804.0713437882;0.38888888888888884;165328;277079.69760463154;0.3928264109015264;3600;0.1582116184235161
Meta_980;153211;2336604.749901086;0.5;153211;0.0;0.4116532922080072;0;0.0
Meta_971;153211;2336604.749901086;0.0;165306;271422.76980482275;0.39282606011516585;3600;0.005517812770242899
Meta_972;153211;2336604.749901086;0.05555555555555555;165293;271319.0830048228;0.39282608621968057;3600;0.004119123303434168
Meta_973;153211;2336604.749901086;0.1111111111111111;165292;271195.6984048228;0.3928260676360643;3600;0.0061843919718595885
Meta_974;153211;2336604.749901086;0.16666666666666666;165305;271310.3895048228;0.39282606188481883;3600;0.007473729741365578
Meta_975;153211;2336604.749901086;0.2222222222222222;165304;271198.7265048227;0.39282605757752587;3600;0.005114376007239052
Meta_976;153211;2336604.749901086;0.2777777777777778;165311;271661.1824048228;0.3928260550296363;3600;0.013356451251828145
Meta_977;153211;2336604.749901086;0.3333333333333333;165283;276670.7710279856;0.3928303731667093;3600;0.00784406579853624
Meta_989;153211;2670405.4284583842;0.4444444444444444;153211;0.0;0.4116532922080072;0;0.0
Meta_990;153211;2670405.4284583842;0.5;153211;0.0;0.4116532922080072;0;0.0
Meta_978;153211;2336604.749901086;0.38888888888888884;165328;277079.69760463154;0.3928264109015264;3600;0.15844485976014824
Meta_981;153211;2670405.4284583842;0.0;165306;271422.76980482275;0.39282606011516585;3600;0.005517812770242899
Meta_982;153211;2670405.4284583842;0.05555555555555555;165293;271319.0830048228;0.39282608621968057;3600;0.004119123303434168
Meta_983;153211;2670405.4284583842;0.1111111111111111;165292;271195.6984048228;0.3928260676360643;3600;0.006184577052019492
Meta_984;153211;2670405.4284583842;0.16666666666666666;165305;271310.3895048228;0.39282606188481883;3600;0.007473729741365578
Meta_985;153211;2670405.4284583842;0.2222222222222222;165304;271198.7265048227;0.39282605757752587;3600;0.005114376007239052
Meta_986;153211;2670405.4284583842;0.2777777777777778;165311;271661.1824048228;0.3928260550296363;3600;0.013356451251828145
Meta_987;153211;2670405.4284583842;0.3333333333333333;165283;276670.7710279856;0.3928303731667093;3600;0.007841939075253865
Meta_999;153211;3004206.1070156824;0.4444444444444444;153211;0.0;0.4116532922080072;0;0.0
Meta_1000;153211;3004206.1070156824;0.5;153211;0.0;0.4116532922080072;0;0.0
Meta_988;153211;2670405.4284583842;0.38888888888888884;165328;277079.69760463154;0.3928264109015264;3600;0.1586463692430878
Meta_991;153211;3004206.1070156824;0.0;165306;271422.76980482275;0.39282606011516585;3600;0.005517812770242899
Meta_992;153211;3004206.1070156824;0.05555555555555555;165293;271322.95760482276;0.39282608665508995;3600;0.004119161455662981
Meta_993;153211;3004206.1070156824;0.1111111111111111;165292;271195.6984048228;0.3928260676360643;3600;0.006184795179843638
Meta_994;153211;3004206.1070156824;0.16666666666666666;165305;271310.3895048228;0.39282606188481883;3600;0.007473729741365578
Meta_995;153211;3004206.1070156824;0.2222222222222222;165304;271198.7265048227;0.39282605757752587;3600;0.005114376007239052
Meta_996;153211;3004206.1070156824;0.2777777777777778;165311;271661.1824048228;0.3928260550296363;3600;0.013356451251828145
Meta_997;153211;3004206.1070156824;0.3333333333333333;165283;276670.7710279856;0.3928303731667093;3600;0.00786225701216043
Meta_998;153211;3004206.1070156824;0.38888888888888884;165328;277079.69760463154;0.3928264109015264;3600;0.15986912355934943
